开始 clean BPC: instance=bench_20_02, tasks=20, vehicles=2, time_limit=3600s, max_nodes=100000, log=/home/kai/work/gnn_bb/branchpricecut/results/benchmark/20260520_185701_bpc_clean_purge_diag_20_02_03/logs/bpc_clean_full/bench_20_02.jsonl
[clean-BPC    35.16s] incumbent node 0: obj=329.979902
[clean-BPC    35.16s] start: {'time': 35.164856, 'event': 'start', 'instance': 'bench_20_02', 'tasks': 20, 'vehicles': 2, 'initial_routes': 25, 'initial_incumbent': 329.979902, 'task_vehicle_linking_enabled': True, 'schedule_capacity_cuts_enabled': True}
[clean-BPC    35.16s] node 0 d=0 lb=0.0 open=0
[clean-BPC    36.99s] node 0 cg=1 phase=phase1 obj=0.0 artificial=0.0 cols=25
[clean-BPC    36.99s] node 0 cg=2 phase=phase2 obj=229.979902 artificial=0.0 cols=25
[clean-BPC    44.21s] node 0 cg=2 phase=phase2 kind=heuristic best_rc=-34.940065 found=177991 added=600 exhausted=False cert=False
[clean-BPC    44.24s] node 0 cg=3 phase=phase2 obj=229.979902 artificial=0.0 cols=625
[clean-BPC    47.75s] node 0 cg=3 phase=phase2 kind=heuristic best_rc=-14.050431 found=35682 added=600 exhausted=False cert=False
[clean-BPC    47.80s] node 0 cg=4 phase=phase2 obj=229.979902 artificial=0.0 cols=1225
[clean-BPC    50.73s] node 0 cg=4 phase=phase2 kind=heuristic best_rc=-4.68876 found=2130 added=600 exhausted=False cert=False
[clean-BPC    50.81s] node 0 cg=5 phase=phase2 obj=229.979902 artificial=0.0 cols=1825
[clean-BPC    53.71s] node 0 cg=5 phase=phase2 kind=heuristic best_rc=-7.559065 found=1740 added=600 exhausted=False cert=False
[clean-BPC    53.81s] node 0 cg=6 phase=phase2 obj=228.032257 artificial=0.0 cols=2425
[clean-BPC    56.73s] node 0 cg=6 phase=phase2 kind=heuristic best_rc=-0.345027 found=12 added=12 exhausted=False cert=False
[clean-BPC    56.82s] node 0 cg=7 phase=phase2 obj=227.883573 artificial=0.0 cols=2437
[clean-BPC    59.74s] node 0 cg=7 phase=phase2 kind=heuristic best_rc=-0.0 found=0 added=0 exhausted=False cert=False
[clean-BPC    66.16s] node 0 cg=7 phase=phase2 kind=exact best_rc=-0.0 found=0 added=0 exhausted=True cert=True
[clean-BPC    67.32s] cut_added family=crossing_cut node=0 added=2 upgraded=0 first={'id': 0, 'tasks': [8, 10, 14, 17], 'demand': 11.0, 'capacity_bound': 2, 'resource_bound': 1, 'k_bound': 2, 'rhs': 4.0, 'source': 'capacity', 'violation': 0.666666667, 'action': 'add'}
[clean-BPC    67.44s] node 0 cg=8 phase=phase2 obj=228.118404 artificial=0.0 cols=2437
[clean-BPC    70.65s] node 0 cg=8 phase=phase2 kind=heuristic best_rc=-0.064073 found=6 added=6 exhausted=False cert=False
[clean-BPC    70.76s] node 0 cg=9 phase=phase2 obj=228.114658 artificial=0.0 cols=2443
[clean-BPC    73.98s] node 0 cg=9 phase=phase2 kind=heuristic best_rc=0.0 found=0 added=0 exhausted=False cert=False
[clean-BPC    81.94s] node 0 cg=9 phase=phase2 kind=exact best_rc=0.0 found=0 added=0 exhausted=True cert=True
[clean-BPC    82.68s] cut_added family=crossing_cut node=0 added=5 upgraded=0 first={'id': 2, 'tasks': [2, 3, 8, 20], 'demand': 10.0, 'capacity_bound': 2, 'resource_bound': 1, 'k_bound': 2, 'rhs': 4.0, 'source': 'capacity', 'violation': 0.666666667, 'action': 'add'}
[clean-BPC    82.83s] node 0 cg=10 phase=phase2 obj=228.22371 artificial=0.0 cols=2443
[clean-BPC    86.23s] node 0 cg=10 phase=phase2 kind=heuristic best_rc=-0.064646579 found=6 added=6 exhausted=False cert=False
[clean-BPC    86.39s] node 0 cg=11 phase=phase2 obj=228.22371 artificial=0.0 cols=2449
[clean-BPC    89.77s] node 0 cg=11 phase=phase2 kind=heuristic best_rc=-0.0 found=0 added=0 exhausted=False cert=False
[clean-BPC    99.44s] node 0 cg=11 phase=phase2 kind=exact best_rc=-0.0 found=0 added=0 exhausted=True cert=True
[clean-BPC   100.67s] cut_added family=crossing_cut node=0 added=3 upgraded=0 first={'id': 7, 'tasks': [9, 11, 14, 17], 'demand': 10.0, 'capacity_bound': 2, 'resource_bound': 1, 'k_bound': 2, 'rhs': 4.0, 'source': 'capacity', 'violation': 0.526315789, 'action': 'add'}
[clean-BPC   100.85s] node 0 cg=12 phase=phase2 obj=228.39887 artificial=0.0 cols=2449
[clean-BPC   104.49s] node 0 cg=12 phase=phase2 kind=heuristic best_rc=-0.735136 found=16 added=16 exhausted=False cert=False
[clean-BPC   104.67s] node 0 cg=13 phase=phase2 obj=228.39887 artificial=0.0 cols=2465
[clean-BPC   108.22s] node 0 cg=13 phase=phase2 kind=heuristic best_rc=0.0 found=0 added=0 exhausted=False cert=False
[clean-BPC   119.67s] node 0 cg=13 phase=phase2 kind=exact best_rc=0.0 found=0 added=0 exhausted=True cert=True
[clean-BPC   119.72s] route-pack diag node 0 round=1 vehicles=2/2 support_max=10 cand=43 oracle=43 incomplete=0 not_tight=11 not_viol=30 dup=0 violated=2 added=2 max_viol=0.16666666666666674 states_max=2758
[clean-BPC   119.72s] cut_added family=schedule_route_set_packing node=0 added=2 first(vehicle=2, routes=6, U=3, y=0.5, viol=0.166666667, states=203)
[clean-BPC   119.90s] node 0 cg=14 phase=phase2 obj=228.39887 artificial=0.0 cols=2465
[clean-BPC   123.42s] node 0 cg=14 phase=phase2 kind=heuristic best_rc=-0.497152 found=8 added=8 exhausted=False cert=False
[clean-BPC   123.61s] node 0 cg=15 phase=phase2 obj=228.39887 artificial=0.0 cols=2473
[clean-BPC   127.20s] node 0 cg=15 phase=phase2 kind=heuristic best_rc=0.0 found=0 added=0 exhausted=False cert=False
[clean-BPC   139.04s] node 0 cg=15 phase=phase2 kind=exact best_rc=0.0 found=0 added=0 exhausted=True cert=True
[clean-BPC   139.10s] route-pack diag node 0 round=2 vehicles=2/2 support_max=10 cand=39 oracle=39 incomplete=0 not_tight=10 not_viol=26 dup=0 violated=3 added=3 max_viol=0.16666666666666696 states_max=2790
[clean-BPC   139.10s] cut_added family=schedule_route_set_packing node=0 added=3 first(vehicle=1, routes=9, U=4, y=0.5, viol=0.166666667, states=1368)
[clean-BPC   139.29s] node 0 cg=16 phase=phase2 obj=228.39887 artificial=0.0 cols=2473
[clean-BPC   142.85s] node 0 cg=16 phase=phase2 kind=heuristic best_rc=-0.0 found=0 added=0 exhausted=False cert=False
[clean-BPC   154.38s] node 0 cg=16 phase=phase2 kind=exact best_rc=-0.0 found=0 added=0 exhausted=True cert=True
[clean-BPC   154.39s] node 0 schedule-cap candidates={'1': 350, '2': 350}
[clean-BPC   173.68s] schedule-cap diag node 0 round=1 vehicles=2/2 cand=700 oracle=700 incomplete=0 not_tight=700 not_viol=0 dup=0 violated=0 added=0 max_viol=0.0 states_max=113662
[clean-BPC   200.69s] cut_added family=schedule_pair_conflict node=0 added=2 source_vehicle=1 route_count=2 signatures=[[8, 10, 6, 2], [3, 20, 5, 1]]
[clean-BPC   206.20s] rim-conflict diag node 0 conflicts=17 pair_events=1 pair_cuts=2 schedcap_events=0 schedcap_cuts=0 nogood_events=0 nogood_cuts=0 weak_skip=16
[clean-BPC    21.00s] restricted-MIP node 0 status=TIME_LIMIT obj=None accepted=False routes=2473 rejected=17 pair=2 ng=32 sched_cap=0 added_cuts=2 time=20.997292
[clean-BPC   206.20s] node 0 d=0 lb=228.39887 open=0
[clean-BPC   206.39s] node 0 cg=1 phase=phase1 obj=0.0 artificial=0.0 cols=2473
[clean-BPC   206.59s] node 0 cg=2 phase=phase2 obj=228.39887 artificial=0.0 cols=2473
[clean-BPC   210.19s] node 0 cg=2 phase=phase2 kind=heuristic best_rc=-0.0 found=0 added=0 exhausted=False cert=False
[clean-BPC   222.07s] node 0 cg=2 phase=phase2 kind=exact best_rc=-0.0 found=0 added=0 exhausted=True cert=True
[clean-BPC   222.08s] node 0 schedule-cap candidates={'1': 350, '2': 349}
[clean-BPC   227.41s] schedule-cap diag node 0 round=1 vehicles=2/2 cand=699 oracle=699 incomplete=0 not_tight=699 not_viol=0 dup=0 violated=0 added=0 max_viol=0.0 states_max=113662
[clean-BPC   259.88s] rim-conflict diag node 0 conflicts=16 pair_events=0 pair_cuts=0 schedcap_events=0 schedcap_cuts=0 nogood_events=0 nogood_cuts=0 weak_skip=16
[clean-BPC    20.99s] restricted-MIP node 0 status=TIME_LIMIT obj=None accepted=False routes=2473 rejected=16 pair=0 ng=32 sched_cap=0 added_cuts=0 time=20.993789
[clean-BPC   263.40s] branch node 0: left=task_vehicle(11,1)=off right=task_vehicle(11,1)=on
[clean-BPC   263.40s] node 1 d=1 lb=228.39887 open=1
[clean-BPC   263.57s] node 1 cg=1 phase=phase1 obj=0.0 artificial=0.0 cols=2473
[clean-BPC   263.75s] node 1 cg=2 phase=phase2 obj=328.39887 artificial=0.0 cols=2473
[clean-BPC   267.23s] node 1 cg=2 phase=phase2 kind=heuristic best_rc=0.0 found=0 added=0 exhausted=False cert=False
[clean-BPC   278.09s] node 1 cg=2 phase=phase2 kind=heuristic_boost best_rc=-0.0 found=0 added=0 exhausted=True cert=True
[clean-BPC   278.09s] route-pack diag node 1 round=1 vehicles=2/2 support_max=7 cand=15 oracle=15 incomplete=0 not_tight=10 not_viol=5 dup=0 violated=0 added=0 max_viol=0.0 states_max=513
[clean-BPC   278.48s] incumbent node 1: obj=329.371345
[clean-BPC     0.39s] restricted-MIP node 1 status=OPTIMAL obj=329.371345 accepted=True routes=2473 rejected=0 pair=0 ng=0 sched_cap=0 added_cuts=0 time=0.386567
[clean-BPC   283.80s] branch node 1: left=RF(6,17)=separate right=RF(6,17)=same
[clean-BPC   283.80s] node 2 d=1 lb=228.39887 open=2
[clean-BPC   283.98s] node 2 cg=1 phase=phase1 obj=0.0 artificial=0.0 cols=2473
[clean-BPC   284.18s] node 2 cg=2 phase=phase2 obj=228.39887 artificial=0.0 cols=2473
[clean-BPC   287.87s] node 2 cg=2 phase=phase2 kind=heuristic best_rc=-0.098656 found=1 added=1 exhausted=False cert=False
[clean-BPC   288.04s] node 2 cg=3 phase=phase2 obj=228.39887 artificial=0.0 cols=2474
[clean-BPC   291.76s] node 2 cg=3 phase=phase2 kind=heuristic best_rc=0.0 found=0 added=0 exhausted=False cert=False
[clean-BPC   303.21s] node 2 cg=3 phase=phase2 kind=heuristic_boost best_rc=-0.121868 found=4 added=4 exhausted=True cert=True
[clean-BPC   303.40s] node 2 cg=4 phase=phase2 obj=228.39887 artificial=0.0 cols=2478
[clean-BPC   307.10s] node 2 cg=4 phase=phase2 kind=heuristic best_rc=0.0 found=0 added=0 exhausted=False cert=False
[clean-BPC   318.10s] node 2 cg=4 phase=phase2 kind=heuristic_boost best_rc=-0.0 found=0 added=0 exhausted=True cert=True
[clean-BPC   318.14s] route-pack diag node 2 round=1 vehicles=1/2 support_max=10 cand=22 oracle=22 incomplete=0 not_tight=6 not_viol=14 dup=0 violated=2 added=2 max_viol=0.3333333333333339 states_max=2976
[clean-BPC   318.14s] cut_added family=schedule_route_set_packing node=2 added=2 first(vehicle=1, routes=6, U=3, y=1.0, viol=0.333333333, states=254)
[clean-BPC   318.31s] node 2 cg=5 phase=phase2 obj=228.39887 artificial=0.0 cols=2478
[clean-BPC   321.90s] node 2 cg=5 phase=phase2 kind=heuristic best_rc=0.0 found=0 added=0 exhausted=False cert=False
[clean-BPC   333.00s] node 2 cg=5 phase=phase2 kind=heuristic_boost best_rc=-0.553597 found=5 added=5 exhausted=True cert=True
[clean-BPC   333.19s] node 2 cg=6 phase=phase2 obj=228.39887 artificial=0.0 cols=2483
[clean-BPC   336.81s] node 2 cg=6 phase=phase2 kind=heuristic best_rc=0.0 found=0 added=0 exhausted=False cert=False
[clean-BPC   348.24s] node 2 cg=6 phase=phase2 kind=heuristic_boost best_rc=-0.6984615 found=24 added=24 exhausted=True cert=True
[clean-BPC   348.42s] node 2 cg=7 phase=phase2 obj=228.39887 artificial=0.0 cols=2507
[clean-BPC   351.96s] node 2 cg=7 phase=phase2 kind=heuristic best_rc=-0.0 found=0 added=0 exhausted=False cert=False
[clean-BPC   362.68s] node 2 cg=7 phase=phase2 kind=heuristic_boost best_rc=-0.0 found=0 added=0 exhausted=True cert=True
[clean-BPC   362.71s] route-pack diag node 2 round=2 vehicles=1/2 support_max=10 cand=22 oracle=22 incomplete=0 not_tight=5 not_viol=15 dup=0 violated=2 added=2 max_viol=0.3333333333333335 states_max=2727
[clean-BPC   362.71s] cut_added family=schedule_route_set_packing node=2 added=2 first(vehicle=1, routes=6, U=3, y=1.0, viol=0.333333333, states=242)
[clean-BPC   362.89s] node 2 cg=8 phase=phase2 obj=228.39887 artificial=0.0 cols=2507
[clean-BPC   366.47s] node 2 cg=8 phase=phase2 kind=heuristic best_rc=-0.0 found=0 added=0 exhausted=False cert=False
[clean-BPC   377.32s] node 2 cg=8 phase=phase2 kind=heuristic_boost best_rc=-0.0 found=0 added=0 exhausted=True cert=True
[clean-BPC   414.09s] rim-conflict diag node 2 conflicts=18 pair_events=0 pair_cuts=0 schedcap_events=0 schedcap_cuts=0 nogood_events=0 nogood_cuts=0 weak_skip=18
[clean-BPC    20.42s] restricted-MIP node 2 status=TIME_LIMIT obj=None accepted=False routes=2507 rejected=18 pair=0 ng=36 sched_cap=0 added_cuts=0 time=20.421857
[clean-BPC   420.11s] branch node 2: left=RF(5,20)=separate right=RF(5,20)=same
[clean-BPC   420.11s] node 5 d=2 lb=228.39887 open=3
[clean-BPC   420.28s] node 5 cg=1 phase=phase1 obj=0.0 artificial=0.0 cols=2507
[clean-BPC   420.45s] node 5 cg=2 phase=phase2 obj=229.133802 artificial=0.0 cols=2507
[clean-BPC   424.16s] node 5 cg=2 phase=phase2 kind=heuristic best_rc=-0.182712213 found=6 added=6 exhausted=False cert=False
[clean-BPC   424.33s] node 5 cg=3 phase=phase2 obj=229.072898 artificial=0.0 cols=2513
[clean-BPC   427.91s] node 5 cg=3 phase=phase2 kind=heuristic best_rc=-0.180561556 found=8 added=8 exhausted=False cert=False
[clean-BPC   428.08s] node 5 cg=4 phase=phase2 obj=229.072898 artificial=0.0 cols=2521
[clean-BPC   431.58s] node 5 cg=4 phase=phase2 kind=heuristic best_rc=-0.098722333 found=2 added=2 exhausted=False cert=False
[clean-BPC   431.76s] node 5 cg=5 phase=phase2 obj=229.072898 artificial=0.0 cols=2523
[clean-BPC   435.24s] node 5 cg=5 phase=phase2 kind=heuristic best_rc=0.0 found=0 added=0 exhausted=False cert=False
[clean-BPC   446.35s] node 5 cg=5 phase=phase2 kind=heuristic_boost best_rc=0.0 found=0 added=0 exhausted=True cert=True
[clean-BPC   446.37s] route-pack diag node 5 round=1 vehicles=1/2 support_max=9 cand=18 oracle=18 incomplete=0 not_tight=7 not_viol=10 dup=0 violated=1 added=1 max_viol=0.33333333333333304 states_max=1546
[clean-BPC   446.37s] cut_added family=schedule_route_set_packing node=5 added=1 first(vehicle=1, routes=8, U=4, y=1.0, viol=0.333333333, states=775)
[clean-BPC   446.54s] node 5 cg=6 phase=phase2 obj=229.072898 artificial=0.0 cols=2523
[clean-BPC   450.05s] node 5 cg=6 phase=phase2 kind=heuristic best_rc=0.0 found=0 added=0 exhausted=False cert=False
[clean-BPC   460.95s] node 5 cg=6 phase=phase2 kind=heuristic_boost best_rc=0.0 found=0 added=0 exhausted=True cert=True
[clean-BPC   460.96s] route-pack diag node 5 round=2 vehicles=1/2 support_max=9 cand=18 oracle=18 incomplete=0 not_tight=6 not_viol=11 dup=0 violated=1 added=1 max_viol=0.33333333333333304 states_max=1475
[clean-BPC   460.96s] cut_added family=schedule_route_set_packing node=5 added=1 first(vehicle=1, routes=8, U=4, y=1.0, viol=0.333333333, states=732)
[clean-BPC   461.14s] node 5 cg=7 phase=phase2 obj=229.072898 artificial=0.0 cols=2523
[clean-BPC   464.74s] node 5 cg=7 phase=phase2 kind=heuristic best_rc=-0.0 found=0 added=0 exhausted=False cert=False
[clean-BPC   475.96s] node 5 cg=7 phase=phase2 kind=heuristic_boost best_rc=-0.0 found=0 added=0 exhausted=True cert=True
[clean-BPC   514.07s] rim-conflict diag node 5 conflicts=14 pair_events=0 pair_cuts=0 schedcap_events=0 schedcap_cuts=0 nogood_events=0 nogood_cuts=0 weak_skip=14
[clean-BPC    20.69s] restricted-MIP node 5 status=TIME_LIMIT obj=None accepted=False routes=2523 rejected=14 pair=0 ng=28 sched_cap=0 added_cuts=0 time=20.685003
[clean-BPC   518.04s] branch node 5: left=RF(3,8)=separate right=RF(3,8)=same
[clean-BPC   518.04s] node 6 d=2 lb=228.39887 open=4
[clean-BPC   518.18s] node 6 cg=1 phase=phase1 obj=0.0 artificial=0.0 cols=2523
[clean-BPC   518.33s] node 6 cg=2 phase=phase2 obj=228.457003 artificial=0.0 cols=2523
[clean-BPC   521.68s] node 6 cg=2 phase=phase2 kind=heuristic best_rc=-0.030919 found=4 added=4 exhausted=False cert=False
[clean-BPC   521.82s] node 6 cg=3 phase=phase2 obj=228.457003 artificial=0.0 cols=2527
[clean-BPC   525.19s] node 6 cg=3 phase=phase2 kind=heuristic best_rc=-0.0 found=0 added=0 exhausted=False cert=False
[clean-BPC   535.73s] node 6 cg=3 phase=phase2 kind=heuristic_boost best_rc=-0.0 found=0 added=0 exhausted=True cert=True
[clean-BPC   535.74s] route-pack diag node 6 round=1 vehicles=1/2 support_max=8 cand=13 oracle=13 incomplete=0 not_tight=4 not_viol=4 dup=0 violated=5 added=5 max_viol=1.0 states_max=996
[clean-BPC   535.74s] cut_added family=schedule_route_set_packing node=6 added=5 first(vehicle=1, routes=6, U=3, y=1.0, viol=1.0, states=216)
[clean-BPC   535.90s] node 6 cg=4 phase=phase2 obj=228.457003 artificial=0.0 cols=2527
[clean-BPC   539.23s] node 6 cg=4 phase=phase2 kind=heuristic best_rc=-0.0 found=0 added=0 exhausted=False cert=False
[clean-BPC   549.91s] node 6 cg=4 phase=phase2 kind=heuristic_boost best_rc=-0.0 found=0 added=0 exhausted=True cert=True
[clean-BPC   549.93s] route-pack diag node 6 round=2 vehicles=1/2 support_max=9 cand=21 oracle=21 incomplete=0 not_tight=5 not_viol=9 dup=0 violated=7 added=5 max_viol=1.0 states_max=1565
[clean-BPC   549.93s] cut_added family=schedule_route_set_packing node=6 added=5 first(vehicle=1, routes=7, U=3, y=1.0, viol=1.0, states=374)
[clean-BPC   550.08s] node 6 cg=5 phase=phase2 obj=228.457003 artificial=0.0 cols=2527
[clean-BPC   553.40s] node 6 cg=5 phase=phase2 kind=heuristic best_rc=-0.0 found=0 added=0 exhausted=False cert=False
[clean-BPC   563.81s] node 6 cg=5 phase=phase2 kind=heuristic_boost best_rc=-0.0 found=0 added=0 exhausted=True cert=True
[clean-BPC   600.32s] cut_added family=schedule_nogood_core node=6 added=1 source_vehicle=1 route_count=3 signatures=[[18, 15, 16, 19, 4], [2, 6, 10, 8], [1, 3, 20, 5]]
[clean-BPC   601.61s] rim-conflict diag node 6 conflicts=20 pair_events=0 pair_cuts=0 schedcap_events=0 schedcap_cuts=0 nogood_events=1 nogood_cuts=1 weak_skip=19
[clean-BPC    20.65s] restricted-MIP node 6 status=TIME_LIMIT obj=None accepted=False routes=2527 rejected=20 pair=0 ng=40 sched_cap=0 added_cuts=1 time=20.654545
[clean-BPC   601.61s] node 6 d=2 lb=228.457003 open=4
[clean-BPC   601.76s] node 6 cg=1 phase=phase1 obj=0.0 artificial=0.0 cols=2527
[clean-BPC   601.90s] node 6 cg=2 phase=phase2 obj=228.457003 artificial=0.0 cols=2527
[clean-BPC   605.34s] node 6 cg=2 phase=phase2 kind=heuristic best_rc=0.0 found=0 added=0 exhausted=False cert=False
[clean-BPC   616.13s] node 6 cg=2 phase=phase2 kind=heuristic_boost best_rc=0.0 found=0 added=0 exhausted=True cert=True
[clean-BPC   653.14s] rim-conflict diag node 6 conflicts=20 pair_events=0 pair_cuts=0 schedcap_events=0 schedcap_cuts=0 nogood_events=0 nogood_cuts=0 weak_skip=20
[clean-BPC    20.37s] restricted-MIP node 6 status=TIME_LIMIT obj=None accepted=False routes=2527 rejected=20 pair=0 ng=40 sched_cap=0 added_cuts=0 time=20.367375
[clean-BPC   657.26s] branch node 6: left=RF(6,17)=separate right=RF(6,17)=same
[clean-BPC   657.26s] node 9 d=3 lb=228.457003 open=5
[clean-BPC   657.40s] node 9 cg=1 phase=phase1 obj=0.0 artificial=0.0 cols=2527
[clean-BPC   657.53s] node 9 cg=2 phase=phase2 obj=229.095391 artificial=0.0 cols=2527
[clean-BPC   660.85s] node 9 cg=2 phase=phase2 kind=heuristic best_rc=-1.383125333 found=39 added=39 exhausted=False cert=False
[clean-BPC   660.99s] node 9 cg=3 phase=phase2 obj=228.634349 artificial=0.0 cols=2566
[clean-BPC   664.19s] node 9 cg=3 phase=phase2 kind=heuristic best_rc=-0.336717 found=2 added=2 exhausted=False cert=False
[clean-BPC   664.33s] node 9 cg=4 phase=phase2 obj=228.634349 artificial=0.0 cols=2568
[clean-BPC   667.55s] node 9 cg=4 phase=phase2 kind=heuristic best_rc=-0.0 found=0 added=0 exhausted=False cert=False
[clean-BPC   676.09s] node 9 cg=4 phase=phase2 kind=heuristic_boost best_rc=-0.0 found=0 added=0 exhausted=True cert=True
[clean-BPC   710.44s] cut_added family=schedule_pair_conflict node=9 added=2 source_vehicle=1 route_count=2 signatures=[[6, 10, 8, 2], [3, 20, 5, 1]]
[clean-BPC   713.22s] rim-conflict diag node 9 conflicts=21 pair_events=1 pair_cuts=2 schedcap_events=0 schedcap_cuts=0 nogood_events=0 nogood_cuts=0 weak_skip=20
[clean-BPC    19.61s] restricted-MIP node 9 status=SCHEDULE_REJECTED_LIMIT obj=None accepted=False routes=2568 rejected=21 pair=2 ng=38 sched_cap=0 added_cuts=2 time=19.613192
[clean-BPC   713.22s] node 10 d=3 lb=228.457003 open=5
[clean-BPC   713.29s] node 10 cg=1 phase=phase1 obj=0.0 artificial=0.0 cols=2568
[clean-BPC   713.35s] node 10 cg=2 phase=phase2 obj=228.607849 artificial=0.0 cols=2568
[clean-BPC   716.11s] node 10 cg=2 phase=phase2 kind=heuristic best_rc=0.222741 found=0 added=0 exhausted=False cert=False
[clean-BPC   725.13s] node 10 cg=2 phase=phase2 kind=heuristic_boost best_rc=-0.698362667 found=14 added=14 exhausted=True cert=True
[clean-BPC   725.20s] node 10 cg=3 phase=phase2 obj=228.607849 artificial=0.0 cols=2582
[clean-BPC   728.09s] node 10 cg=3 phase=phase2 kind=heuristic best_rc=0.222741 found=0 added=0 exhausted=False cert=False
[clean-BPC   736.10s] node 10 cg=3 phase=phase2 kind=heuristic_boost best_rc=-0.411958333 found=11 added=11 exhausted=True cert=True
[clean-BPC   736.17s] node 10 cg=4 phase=phase2 obj=228.607849 artificial=0.0 cols=2593
[clean-BPC   738.95s] node 10 cg=4 phase=phase2 kind=heuristic best_rc=0.222741 found=0 added=0 exhausted=False cert=False
[clean-BPC   746.93s] node 10 cg=4 phase=phase2 kind=heuristic_boost best_rc=0.222741 found=0 added=0 exhausted=True cert=True
[clean-BPC   787.52s] rim-conflict diag node 10 conflicts=19 pair_events=0 pair_cuts=0 schedcap_events=0 schedcap_cuts=0 nogood_events=0 nogood_cuts=0 weak_skip=19
[clean-BPC    21.06s] restricted-MIP node 10 status=TIME_LIMIT obj=None accepted=False routes=2593 rejected=19 pair=0 ng=38 sched_cap=0 added_cuts=0 time=21.061689
[clean-BPC   789.51s] branch node 10: left=RF(1,8)=separate right=RF(1,8)=same
[clean-BPC   789.51s] node 11 d=4 lb=228.607849 open=6
[clean-BPC   789.59s] node 11 cg=1 phase=phase1 obj=0.0 artificial=0.0 cols=2593
[clean-BPC   789.65s] node 11 cg=2 phase=phase2 obj=228.901363 artificial=0.0 cols=2593
[clean-BPC   792.42s] node 11 cg=2 phase=phase2 kind=heuristic best_rc=-0.288314 found=2 added=2 exhausted=False cert=False
[clean-BPC   792.49s] node 11 cg=3 phase=phase2 obj=228.901363 artificial=0.0 cols=2595
[clean-BPC   795.27s] node 11 cg=3 phase=phase2 kind=heuristic best_rc=0.089405 found=0 added=0 exhausted=False cert=False
[clean-BPC   804.51s] node 11 cg=3 phase=phase2 kind=heuristic_boost best_rc=-1.316395 found=23 added=23 exhausted=True cert=True
[clean-BPC   804.58s] node 11 cg=4 phase=phase2 obj=228.901363 artificial=0.0 cols=2618
[clean-BPC   807.52s] node 11 cg=4 phase=phase2 kind=heuristic best_rc=0.0 found=0 added=0 exhausted=False cert=False
[clean-BPC   816.48s] node 11 cg=4 phase=phase2 kind=heuristic_boost best_rc=-0.0 found=0 added=0 exhausted=True cert=True
[clean-BPC   818.59s] branch node 11: left=arc(14,7)=off right=arc(14,7)=on
[clean-BPC   818.59s] node 12 d=4 lb=228.607849 open=7
[clean-BPC   818.64s] node 12 cg=1 phase=phase1 obj=0.0 artificial=0.0 cols=2618
[clean-BPC   818.69s] node 12 cg=2 phase=phase2 obj=229.464576 artificial=0.0 cols=2618
[clean-BPC   821.34s] node 12 cg=2 phase=phase2 kind=heuristic best_rc=-0.260804 found=3 added=3 exhausted=False cert=False
[clean-BPC   821.39s] node 12 cg=3 phase=phase2 obj=229.377642 artificial=0.0 cols=2621
[clean-BPC   821.40s] cut_purged node=12 removed=1 by_kind={'schedule_nogood_core': 1} remaining=35
[clean-BPC   821.46s] node 12 cg=4 phase=phase2 obj=229.377642 artificial=0.0 cols=2621
[clean-BPC   824.05s] node 12 cg=4 phase=phase2 kind=heuristic best_rc=0.127953167 found=0 added=0 exhausted=False cert=False
[clean-BPC   833.50s] node 12 cg=4 phase=phase2 kind=heuristic_boost best_rc=-0.578856 found=4 added=4 exhausted=True cert=True
[clean-BPC   833.55s] node 12 cg=5 phase=phase2 obj=229.377642 artificial=0.0 cols=2625
[clean-BPC   836.13s] node 12 cg=5 phase=phase2 kind=heuristic best_rc=-0.255549833 found=1 added=1 exhausted=False cert=False
[clean-BPC   836.18s] node 12 cg=6 phase=phase2 obj=229.377642 artificial=0.0 cols=2626
[clean-BPC   838.77s] node 12 cg=6 phase=phase2 kind=heuristic best_rc=-0.152238667 found=2 added=2 exhausted=False cert=False
[clean-BPC   838.82s] node 12 cg=7 phase=phase2 obj=229.377642 artificial=0.0 cols=2628
[clean-BPC   841.45s] node 12 cg=7 phase=phase2 kind=heuristic best_rc=-0.0 found=0 added=0 exhausted=False cert=False
[clean-BPC   849.27s] node 12 cg=7 phase=phase2 kind=heuristic_boost best_rc=-4.461585889 found=579 added=579 exhausted=True cert=True
[clean-BPC   849.38s] node 12 cg=8 phase=phase2 obj=229.377642 artificial=0.0 cols=3207
[clean-BPC   852.12s] node 12 cg=8 phase=phase2 kind=heuristic best_rc=0.0 found=0 added=0 exhausted=False cert=False
[clean-BPC   862.09s] node 12 cg=8 phase=phase2 kind=heuristic_boost best_rc=0.0 found=0 added=0 exhausted=True cert=True
[clean-BPC   865.03s] branch node 12: left=RF(3,8)=separate right=RF(3,8)=same
[clean-BPC   865.03s] node 9 d=3 lb=228.634349 open=8
[clean-BPC   865.19s] node 9 cg=1 phase=phase1 obj=0.0 artificial=0.0 cols=3207
[clean-BPC   865.37s] node 9 cg=2 phase=phase2 obj=228.634349 artificial=0.0 cols=3207
[clean-BPC   868.54s] node 9 cg=2 phase=phase2 kind=heuristic best_rc=-0.0 found=0 added=0 exhausted=False cert=False
[clean-BPC   876.01s] node 9 cg=2 phase=phase2 kind=heuristic_boost best_rc=-0.331167667 found=2 added=2 exhausted=True cert=True
[clean-BPC   876.17s] node 9 cg=3 phase=phase2 obj=228.634349 artificial=0.0 cols=3209
[clean-BPC   879.40s] node 9 cg=3 phase=phase2 kind=heuristic best_rc=-0.0 found=0 added=0 exhausted=False cert=False
[clean-BPC   887.11s] node 9 cg=3 phase=phase2 kind=heuristic_boost best_rc=-0.0 found=0 added=0 exhausted=True cert=True
[clean-BPC   909.73s] cut_added family=schedule_nogood_core node=9 added=1 source_vehicle=1 route_count=3 signatures=[[18, 15, 16, 19, 4], [2, 6, 10, 8], [1, 3, 20, 5]]
[clean-BPC   923.63s] rim-conflict diag node 9 conflicts=20 pair_events=0 pair_cuts=0 schedcap_events=0 schedcap_cuts=0 nogood_events=1 nogood_cuts=1 weak_skip=19
[clean-BPC    20.26s] restricted-MIP node 9 status=TIME_LIMIT obj=None accepted=False routes=3209 rejected=20 pair=0 ng=40 sched_cap=0 added_cuts=1 time=20.261791
[clean-BPC   923.63s] node 9 d=3 lb=228.634349 open=8
[clean-BPC   923.80s] node 9 cg=1 phase=phase1 obj=0.0 artificial=0.0 cols=3209
[clean-BPC   923.97s] node 9 cg=2 phase=phase2 obj=228.634349 artificial=0.0 cols=3209
[clean-BPC   927.17s] node 9 cg=2 phase=phase2 kind=heuristic best_rc=-0.0 found=0 added=0 exhausted=False cert=False
[clean-BPC   934.83s] node 9 cg=2 phase=phase2 kind=heuristic_boost best_rc=-0.0 found=0 added=0 exhausted=True cert=True
[clean-BPC   972.07s] rim-conflict diag node 9 conflicts=19 pair_events=0 pair_cuts=0 schedcap_events=0 schedcap_cuts=0 nogood_events=0 nogood_cuts=0 weak_skip=19
[clean-BPC    20.53s] restricted-MIP node 9 status=TIME_LIMIT obj=None accepted=False routes=3209 rejected=19 pair=0 ng=38 sched_cap=0 added_cuts=0 time=20.526407
[clean-BPC   977.08s] branch node 9: left=RF(11,12)=separate right=RF(11,12)=same
[clean-BPC   977.08s] node 17 d=4 lb=228.634349 open=9
[clean-BPC   977.24s] node 17 cg=1 phase=phase1 obj=0.0 artificial=0.0 cols=3209
[clean-BPC   977.41s] node 17 cg=2 phase=phase2 obj=229.39794 artificial=0.0 cols=3209
[clean-BPC   980.51s] node 17 cg=2 phase=phase2 kind=heuristic best_rc=-0.0 found=0 added=0 exhausted=False cert=False
[clean-BPC   987.54s] node 17 cg=2 phase=phase2 kind=heuristic_boost best_rc=-0.0 found=0 added=0 exhausted=True cert=True
[clean-BPC   991.70s] branch node 17: left=arc(15,16)=off right=arc(15,16)=on
[clean-BPC   991.70s] node 18 d=4 lb=228.634349 open=10
[clean-BPC   991.79s] node 18 cg=1 phase=phase1 obj=0.0 artificial=0.0 cols=3209
[clean-BPC   991.87s] node 18 cg=2 phase=phase2 obj=229.163171 artificial=0.0 cols=3209
[clean-BPC   994.97s] node 18 cg=2 phase=phase2 kind=heuristic best_rc=0.0 found=0 added=0 exhausted=False cert=False
[clean-BPC  1003.34s] node 18 cg=2 phase=phase2 kind=heuristic_boost best_rc=0.0 found=0 added=0 exhausted=True cert=True
[clean-BPC  1005.99s] branch node 18: left=RF(10,14)=separate right=RF(10,14)=same
[clean-BPC  1005.99s] node 13 d=5 lb=228.901363 open=11
[clean-BPC  1006.11s] node 13 cg=1 phase=phase1 obj=0.0 artificial=0.0 cols=3209
[clean-BPC  1006.22s] node 13 cg=2 phase=phase2 obj=228.901363 artificial=0.0 cols=3209
[clean-BPC  1008.91s] node 13 cg=2 phase=phase2 kind=heuristic best_rc=0.2231435 found=0 added=0 exhausted=False cert=False
[clean-BPC  1015.38s] node 13 cg=2 phase=phase2 kind=heuristic_boost best_rc=0.0178845 found=0 added=0 exhausted=True cert=True
[clean-BPC  1018.66s] branch node 13: left=RF(11,14)=separate right=RF(11,14)=same
[clean-BPC  1018.66s] node 14 d=5 lb=228.901363 open=12
[clean-BPC  1018.79s] node 14 cg=1 phase=phase1 obj=0.0 artificial=0.0 cols=3209
[clean-BPC  1018.90s] node 14 cg=2 phase=phase2 obj=233.269167 artificial=0.0 cols=3209
[clean-BPC  1021.62s] node 14 cg=2 phase=phase2 kind=heuristic best_rc=-4.430934 found=216 added=216 exhausted=False cert=False
[clean-BPC  1021.75s] node 14 cg=3 phase=phase2 obj=231.399693 artificial=0.0 cols=3425
[clean-BPC  1024.51s] node 14 cg=3 phase=phase2 kind=heuristic best_rc=-1.760539 found=24 added=24 exhausted=False cert=False
[clean-BPC  1024.64s] node 14 cg=4 phase=phase2 obj=231.091814 artificial=0.0 cols=3449
[clean-BPC  1027.09s] node 14 cg=4 phase=phase2 kind=heuristic best_rc=0.222741 found=0 added=0 exhausted=False cert=False
[clean-BPC  1032.88s] node 14 cg=4 phase=phase2 kind=heuristic_boost best_rc=0.1440495 found=0 added=0 exhausted=True cert=True
[clean-BPC  1036.50s] branch node 14: left=arc(13,14)=off right=arc(13,14)=on
[clean-BPC  1036.50s] node 23 d=6 lb=228.901363 open=13
[clean-BPC  1036.64s] node 23 cg=1 phase=phase1 obj=0.0 artificial=0.0 cols=3449
[clean-BPC  1036.77s] node 23 cg=2 phase=phase2 obj=229.371345 artificial=0.0 cols=3449
[clean-BPC  1039.55s] node 23 cg=2 phase=phase2 kind=heuristic best_rc=0.089405 found=0 added=0 exhausted=False cert=False
[clean-BPC  1048.69s] node 23 cg=2 phase=phase2 kind=heuristic_boost best_rc=-0.02942875 found=2 added=2 exhausted=True cert=True
[clean-BPC  1048.83s] node 23 cg=3 phase=phase2 obj=229.371345 artificial=0.0 cols=3451
[clean-BPC  1051.66s] node 23 cg=3 phase=phase2 kind=heuristic best_rc=0.25445 found=0 added=0 exhausted=False cert=False
[clean-BPC  1060.93s] node 23 cg=3 phase=phase2 kind=heuristic_boost best_rc=0.25445 found=0 added=0 exhausted=True cert=True
[clean-BPC  1062.17s] cut_added family=schedule_nogood_core node=23 added=2 source_vehicle=1 route_count=4 signatures=[[18, 15, 16, 19, 4], [1, 3, 2], [5, 20, 8], [6, 14, 17, 10]]
[clean-BPC  1062.17s] node 24 d=6 lb=228.901363 open=13
[clean-BPC  1062.28s] node 24 cg=1 phase=phase1 obj=0.0 artificial=0.0 cols=3451
[clean-BPC  1062.40s] node 24 cg=2 phase=phase2 obj=230.310326 artificial=0.0 cols=3451
[clean-BPC  1065.04s] node 24 cg=2 phase=phase2 kind=heuristic best_rc=0.0 found=0 added=0 exhausted=False cert=False
[clean-BPC  1071.51s] node 24 cg=2 phase=phase2 kind=heuristic_boost best_rc=0.0 found=0 added=0 exhausted=True cert=True
[clean-BPC  1074.42s] branch node 24: left=RF(2,6)=separate right=RF(2,6)=same
[clean-BPC  1074.42s] node 8 d=3 lb=229.072898 open=14
[clean-BPC  1074.58s] node 8 cg=1 phase=phase1 obj=0.0 artificial=0.0 cols=3451
[clean-BPC  1074.75s] node 8 cg=2 phase=phase2 obj=230.65879 artificial=0.0 cols=3451
[clean-BPC  1074.75s] cut_purged node=8 removed=1 by_kind={'schedule_nogood_core': 1} remaining=37
[clean-BPC  1074.90s] node 8 cg=3 phase=phase2 obj=230.65879 artificial=0.0 cols=3451
[clean-BPC  1077.92s] node 8 cg=3 phase=phase2 kind=heuristic best_rc=-0.730354 found=12 added=12 exhausted=False cert=False
[clean-BPC  1078.08s] node 8 cg=4 phase=phase2 obj=230.229134 artificial=0.0 cols=3463
[clean-BPC  1081.15s] node 8 cg=4 phase=phase2 kind=heuristic best_rc=-0.261641893 found=2 added=2 exhausted=False cert=False
[clean-BPC  1081.30s] node 8 cg=5 phase=phase2 obj=230.076346 artificial=0.0 cols=3465
[clean-BPC  1084.34s] node 8 cg=5 phase=phase2 kind=heuristic best_rc=-0.162619625 found=4 added=4 exhausted=False cert=False
[clean-BPC  1084.51s] node 8 cg=6 phase=phase2 obj=230.076346 artificial=0.0 cols=3469
[clean-BPC  1087.58s] node 8 cg=6 phase=phase2 kind=heuristic best_rc=-0.0 found=0 added=0 exhausted=False cert=False
[clean-BPC  1097.18s] node 8 cg=6 phase=phase2 kind=heuristic_boost best_rc=-0.0 found=0 added=0 exhausted=True cert=True
[clean-BPC  1136.03s] rim-conflict diag node 8 conflicts=19 pair_events=0 pair_cuts=0 schedcap_events=0 schedcap_cuts=0 nogood_events=0 nogood_cuts=0 weak_skip=19
[clean-BPC    21.31s] restricted-MIP node 8 status=TIME_LIMIT obj=None accepted=False routes=3469 rejected=19 pair=0 ng=38 sched_cap=0 added_cuts=0 time=21.307079
[clean-BPC  1140.70s] branch node 8: left=RF(11,14)=separate right=RF(11,14)=same
[clean-BPC  1140.70s] node 7 d=3 lb=229.072898 open=15
[clean-BPC  1140.94s] node 7 cg=1 phase=phase1 obj=0.0 artificial=0.0 cols=3469
[clean-BPC  1141.20s] node 7 cg=2 phase=phase2 obj=229.216311 artificial=0.0 cols=3469
[clean-BPC  1144.74s] node 7 cg=2 phase=phase2 kind=heuristic best_rc=-0.152813667 found=2 added=2 exhausted=False cert=False
[clean-BPC  1144.99s] node 7 cg=3 phase=phase2 obj=229.216311 artificial=0.0 cols=3471
[clean-BPC  1144.99s] cut_purged node=7 removed=1 by_kind={'schedule_nogood_core': 1} remaining=36
[clean-BPC  1145.24s] node 7 cg=4 phase=phase2 obj=229.216311 artificial=0.0 cols=3471
[clean-BPC  1149.21s] node 7 cg=4 phase=phase2 kind=heuristic best_rc=-0.0 found=0 added=0 exhausted=False cert=False
[clean-BPC  1158.79s] node 7 cg=4 phase=phase2 kind=heuristic_boost best_rc=-0.398202333 found=11 added=11 exhausted=True cert=True
[clean-BPC  1159.05s] node 7 cg=5 phase=phase2 obj=229.216311 artificial=0.0 cols=3482
[clean-BPC  1162.43s] node 7 cg=5 phase=phase2 kind=heuristic best_rc=0.0 found=0 added=0 exhausted=False cert=False
[clean-BPC  1171.35s] node 7 cg=5 phase=phase2 kind=heuristic_boost best_rc=-0.225547 found=4 added=4 exhausted=True cert=True
[clean-BPC  1171.61s] node 7 cg=6 phase=phase2 obj=229.216311 artificial=0.0 cols=3486
[clean-BPC  1175.10s] node 7 cg=6 phase=phase2 kind=heuristic best_rc=-0.0 found=0 added=0 exhausted=False cert=False
[clean-BPC  1185.06s] node 7 cg=6 phase=phase2 kind=heuristic_boost best_rc=-0.0 found=0 added=0 exhausted=True cert=True
[clean-BPC  1222.73s] rim-conflict diag node 7 conflicts=14 pair_events=0 pair_cuts=0 schedcap_events=0 schedcap_cuts=0 nogood_events=0 nogood_cuts=0 weak_skip=14
[clean-BPC    21.12s] restricted-MIP node 7 status=TIME_LIMIT obj=None accepted=False routes=3486 rejected=14 pair=0 ng=28 sched_cap=0 added_cuts=0 time=21.118712
[clean-BPC  1230.03s] branch node 7: left=RF(8,17)=separate right=RF(8,17)=same
[clean-BPC  1230.03s] node 22 d=5 lb=229.163171 open=16
[clean-BPC  1230.08s] node 22 cg=1 phase=phase1 obj=0.0 artificial=0.0 cols=3486
[clean-BPC  1230.13s] node 22 cg=2 phase=phase2 obj=230.650369 artificial=0.0 cols=3486
[clean-BPC  1233.03s] node 22 cg=2 phase=phase2 kind=heuristic best_rc=-1.496904 found=25 added=25 exhausted=False cert=False
[clean-BPC  1233.08s] node 22 cg=3 phase=phase2 obj=230.473543 artificial=0.0 cols=3511
[clean-BPC  1235.90s] node 22 cg=3 phase=phase2 kind=heuristic best_rc=-0.0 found=0 added=0 exhausted=False cert=False
[clean-BPC  1242.19s] node 22 cg=3 phase=phase2 kind=heuristic_boost best_rc=-1.095221778 found=10 added=10 exhausted=True cert=True
[clean-BPC  1242.26s] node 22 cg=4 phase=phase2 obj=230.473543 artificial=0.0 cols=3521
[clean-BPC  1245.08s] node 22 cg=4 phase=phase2 kind=heuristic best_rc=0.222741 found=0 added=0 exhausted=False cert=False
[clean-BPC  1251.93s] node 22 cg=4 phase=phase2 kind=heuristic_boost best_rc=-0.0 found=0 added=0 exhausted=True cert=True
[clean-BPC  1253.46s] branch node 22: left=RF(2,5)=separate right=RF(2,5)=same
[clean-BPC  1253.46s] node 21 d=5 lb=229.163171 open=17
[clean-BPC  1253.55s] node 21 cg=1 phase=phase1 obj=0.0 artificial=0.0 cols=3521
[clean-BPC  1253.65s] node 21 cg=2 phase=phase2 obj=229.361884 artificial=0.0 cols=3521
[clean-BPC  1256.68s] node 21 cg=2 phase=phase2 kind=heuristic best_rc=0.0 found=0 added=0 exhausted=False cert=False
[clean-BPC  1263.86s] node 21 cg=2 phase=phase2 kind=heuristic_boost best_rc=0.0 found=0 added=0 exhausted=True cert=True
[clean-BPC  1266.49s] branch node 21: left=RF(2,6)=separate right=RF(2,6)=same
[clean-BPC  1266.49s] node 31 d=4 lb=229.216311 open=18
[clean-BPC  1266.73s] node 31 cg=1 phase=phase1 obj=0.0 artificial=0.0 cols=3521
[clean-BPC  1266.99s] node 31 cg=2 phase=phase2 obj=229.450695 artificial=0.0 cols=3521
[clean-BPC  1270.71s] node 31 cg=2 phase=phase2 kind=heuristic best_rc=-0.149302 found=4 added=4 exhausted=False cert=False
[clean-BPC  1270.97s] node 31 cg=3 phase=phase2 obj=229.450695 artificial=0.0 cols=3525
[clean-BPC  1274.72s] node 31 cg=3 phase=phase2 kind=heuristic best_rc=-0.0 found=0 added=0 exhausted=False cert=False
[clean-BPC  1284.99s] node 31 cg=3 phase=phase2 kind=heuristic_boost best_rc=-0.0 found=0 added=0 exhausted=True cert=True
[clean-BPC  1292.60s] branch node 31: left=RF(12,17)=separate right=RF(12,17)=same
[clean-BPC  1292.60s] node 32 d=4 lb=229.216311 open=19
[clean-BPC  1292.80s] node 32 cg=1 phase=phase1 obj=0.0 artificial=0.0 cols=3525
[clean-BPC  1292.99s] node 32 cg=2 phase=phase2 obj=230.651145 artificial=0.0 cols=3525
[clean-BPC  1296.12s] node 32 cg=2 phase=phase2 kind=heuristic best_rc=-0.9043145 found=26 added=26 exhausted=False cert=False
[clean-BPC  1296.30s] node 32 cg=3 phase=phase2 obj=230.600029 artificial=0.0 cols=3551
[clean-BPC  1299.45s] node 32 cg=3 phase=phase2 kind=heuristic best_rc=0.222741 found=0 added=0 exhausted=False cert=False
[clean-BPC  1306.32s] node 32 cg=3 phase=phase2 kind=heuristic_boost best_rc=0.0 found=0 added=0 exhausted=True cert=True
[clean-BPC  1311.48s] branch node 32: left=RF(1,2)=separate right=RF(1,2)=same
[clean-BPC  1311.48s] node 35 d=6 lb=229.361884 open=20
[clean-BPC  1311.56s] node 35 cg=1 phase=phase1 obj=0.0 artificial=0.0 cols=3551
[clean-BPC  1311.66s] node 35 cg=2 phase=phase2 obj=229.830861 artificial=0.0 cols=3551
[clean-BPC  1314.49s] node 35 cg=2 phase=phase2 kind=heuristic best_rc=-0.767006 found=2 added=2 exhausted=False cert=False
[clean-BPC  1314.57s] node 35 cg=3 phase=phase2 obj=229.830861 artificial=0.0 cols=3553
[clean-BPC  1317.47s] node 35 cg=3 phase=phase2 kind=heuristic best_rc=-0.040566 found=2 added=2 exhausted=False cert=False
[clean-BPC  1317.55s] node 35 cg=4 phase=phase2 obj=229.830861 artificial=0.0 cols=3555
[clean-BPC  1320.53s] node 35 cg=4 phase=phase2 kind=heuristic best_rc=0.0 found=0 added=0 exhausted=False cert=False
[clean-BPC  1327.88s] node 35 cg=4 phase=phase2 kind=heuristic_boost best_rc=-0.849886667 found=10 added=10 exhausted=True cert=True
[clean-BPC  1327.96s] node 35 cg=5 phase=phase2 obj=229.830861 artificial=0.0 cols=3565
[clean-BPC  1330.89s] node 35 cg=5 phase=phase2 kind=heuristic best_rc=0.0 found=0 added=0 exhausted=False cert=False
[clean-BPC  1337.88s] node 35 cg=5 phase=phase2 kind=heuristic_boost best_rc=0.0 found=0 added=0 exhausted=True cert=True
[clean-BPC  1340.24s] branch node 35: left=RF(3,8)=separate right=RF(3,8)=same
[clean-BPC  1340.24s] node 36 d=6 lb=229.361884 open=21
[clean-BPC  1340.29s] node 36 cg=1 phase=phase1 obj=0.0 artificial=0.0 cols=3565
[clean-BPC  1340.34s] node 36 cg=2 phase=phase2 obj=229.965865 artificial=0.0 cols=3565
[clean-BPC  1343.17s] node 36 cg=2 phase=phase2 kind=heuristic best_rc=-0.166416 found=2 added=2 exhausted=False cert=False
[clean-BPC  1343.22s] node 36 cg=3 phase=phase2 obj=229.965865 artificial=0.0 cols=3567
[clean-BPC  1346.09s] node 36 cg=3 phase=phase2 kind=heuristic best_rc=0.0 found=0 added=0 exhausted=False cert=False
[clean-BPC  1352.71s] node 36 cg=3 phase=phase2 kind=heuristic_boost best_rc=-0.236141 found=6 added=6 exhausted=True cert=True
[clean-BPC  1352.76s] node 36 cg=4 phase=phase2 obj=229.965865 artificial=0.0 cols=3573
[clean-BPC  1355.61s] node 36 cg=4 phase=phase2 kind=heuristic best_rc=-0.080029 found=2 added=2 exhausted=False cert=False
[clean-BPC  1355.66s] node 36 cg=5 phase=phase2 obj=229.965865 artificial=0.0 cols=3575
[clean-BPC  1358.56s] node 36 cg=5 phase=phase2 kind=heuristic best_rc=-0.0 found=0 added=0 exhausted=False cert=False
[clean-BPC  1365.31s] node 36 cg=5 phase=phase2 kind=heuristic_boost best_rc=-0.88837 found=9 added=9 exhausted=True cert=True
[clean-BPC  1365.38s] node 36 cg=6 phase=phase2 obj=229.965865 artificial=0.0 cols=3584
[clean-BPC  1368.27s] node 36 cg=6 phase=phase2 kind=heuristic best_rc=0.0 found=0 added=0 exhausted=False cert=False
[clean-BPC  1375.10s] node 36 cg=6 phase=phase2 kind=heuristic_boost best_rc=0.0 found=0 added=0 exhausted=True cert=True
[clean-BPC  1376.66s] branch node 36: left=RF(11,14)=separate right=RF(11,14)=same
[clean-BPC  1376.66s] node 23 d=6 lb=229.371345 open=22
[clean-BPC  1376.80s] node 23 cg=1 phase=phase1 obj=0.0 artificial=0.0 cols=3584
[clean-BPC  1376.92s] node 23 cg=2 phase=phase2 obj=229.371345 artificial=0.0 cols=3584
[clean-BPC  1379.74s] node 23 cg=2 phase=phase2 kind=heuristic best_rc=0.25445 found=0 added=0 exhausted=False cert=False
[clean-BPC  1389.06s] node 23 cg=2 phase=phase2 kind=heuristic_boost best_rc=0.25445 found=0 added=0 exhausted=True cert=True
[clean-BPC  1390.30s] cut_added family=schedule_nogood_core node=23 added=1 source_vehicle=1 route_count=4 signatures=[[18, 15, 16, 19, 4], [1, 3, 2], [5, 20, 8], [6, 14, 17, 10]]
[clean-BPC  1390.30s] node 23 d=6 lb=229.371345 open=22
[clean-BPC  1390.43s] node 23 cg=1 phase=phase1 obj=0.0 artificial=0.0 cols=3584
[clean-BPC  1390.55s] node 23 cg=2 phase=phase2 obj=229.371345 artificial=0.0 cols=3584
[clean-BPC  1393.37s] node 23 cg=2 phase=phase2 kind=heuristic best_rc=0.25445 found=0 added=0 exhausted=False cert=False
[clean-BPC  1402.76s] node 23 cg=2 phase=phase2 kind=heuristic_boost best_rc=0.25445 found=0 added=0 exhausted=True cert=True
[clean-BPC  1403.09s] cut_added family=schedule_nogood_core node=23 added=2 source_vehicle=1 route_count=3 signatures=[[18, 15, 16, 19, 4], [1, 3, 2], [8, 20, 5]]
[clean-BPC  1403.09s] node 23 d=6 lb=229.371345 open=22
[clean-BPC  1403.23s] node 23 cg=1 phase=phase1 obj=0.0 artificial=0.0 cols=3584
[clean-BPC  1403.36s] node 23 cg=2 phase=phase2 obj=229.371345 artificial=0.0 cols=3584
[clean-BPC  1406.18s] node 23 cg=2 phase=phase2 kind=heuristic best_rc=0.25445 found=0 added=0 exhausted=False cert=False
[clean-BPC  1415.57s] node 23 cg=2 phase=phase2 kind=heuristic_boost best_rc=0.25445 found=0 added=0 exhausted=True cert=True
[clean-BPC  1416.79s] cut_added family=schedule_nogood_core node=23 added=2 source_vehicle=1 route_count=4 signatures=[[1, 3, 2], [5, 20, 8], [6, 14, 17, 10], [4, 19, 16, 15, 18]]
[clean-BPC  1416.79s] node 23 d=6 lb=229.371345 open=22
[clean-BPC  1416.92s] node 23 cg=1 phase=phase1 obj=0.0 artificial=0.0 cols=3584
[clean-BPC  1417.07s] node 23 cg=2 phase=phase2 obj=229.371345 artificial=0.0 cols=3584
[clean-BPC  1419.84s] node 23 cg=2 phase=phase2 kind=heuristic best_rc=0.25445 found=0 added=0 exhausted=False cert=False
[clean-BPC  1429.16s] node 23 cg=2 phase=phase2 kind=heuristic_boost best_rc=0.25445 found=0 added=0 exhausted=True cert=True
[clean-BPC  1431.63s] branch node 23: left=arc(16,15)=off right=arc(16,15)=on
[clean-BPC  1431.63s] node 45 d=7 lb=229.371345 open=23
[clean-BPC  1431.75s] node 45 cg=1 phase=phase1 obj=0.0 artificial=0.0 cols=3584
[clean-BPC  1431.88s] node 45 cg=2 phase=phase2 obj=229.371345 artificial=0.0 cols=3584
[clean-BPC  1434.83s] node 45 cg=2 phase=phase2 kind=heuristic best_rc=-0.791335 found=13 added=13 exhausted=False cert=False
[clean-BPC  1434.96s] node 45 cg=3 phase=phase2 obj=229.371345 artificial=0.0 cols=3597
[clean-BPC  1437.85s] node 45 cg=3 phase=phase2 kind=heuristic best_rc=0.305516 found=0 added=0 exhausted=False cert=False
[clean-BPC  1447.04s] node 45 cg=3 phase=phase2 kind=heuristic_boost best_rc=0.283239 found=0 added=0 exhausted=True cert=True
[clean-BPC  1449.69s] branch node 45: left=arc(20,8)=off right=arc(20,8)=on
[clean-BPC  1449.69s] node 46 d=7 lb=229.371345 open=24
[clean-BPC  1449.82s] node 46 cg=1 phase=phase1 obj=0.0 artificial=0.0 cols=3597
[clean-BPC  1449.97s] node 46 cg=2 phase=phase2 obj=229.371345 artificial=0.0 cols=3597
[clean-BPC  1452.74s] node 46 cg=2 phase=phase2 kind=heuristic best_rc=0.305516 found=0 added=0 exhausted=False cert=False
[clean-BPC  1460.21s] node 46 cg=2 phase=phase2 kind=heuristic_boost best_rc=0.27389 found=0 added=0 exhausted=True cert=True
[clean-BPC  1461.42s] cut_added family=schedule_nogood_core node=46 added=2 source_vehicle=1 route_count=4 signatures=[[1, 3, 2], [8, 20, 5], [6, 14, 17, 10], [4, 19, 16, 15, 18]]
[clean-BPC  1461.42s] node 47 d=8 lb=229.371345 open=24
[clean-BPC  1461.55s] node 47 cg=1 phase=phase1 obj=0.0 artificial=0.0 cols=3597
[clean-BPC  1461.67s] node 47 cg=2 phase=phase2 obj=229.371345 artificial=0.0 cols=3597
[clean-BPC  1464.48s] node 47 cg=2 phase=phase2 kind=heuristic best_rc=0.305516 found=0 added=0 exhausted=False cert=False
[clean-BPC  1473.53s] node 47 cg=2 phase=phase2 kind=heuristic_boost best_rc=0.283239 found=0 added=0 exhausted=True cert=True
[clean-BPC  1473.86s] cut_added family=schedule_nogood_core node=47 added=2 source_vehicle=1 route_count=3 signatures=[[18, 15, 16, 19, 4], [2, 3, 1], [8, 20, 5]]
[clean-BPC  1473.86s] node 48 d=8 lb=229.371345 open=24
[clean-BPC  1474.00s] node 48 cg=1 phase=phase1 obj=0.0 artificial=0.0 cols=3597
[clean-BPC  1474.11s] node 48 cg=2 phase=phase2 obj=229.371345 artificial=0.0 cols=3597
[clean-BPC  1476.61s] node 48 cg=2 phase=phase2 kind=heuristic best_rc=-0.389027 found=6 added=6 exhausted=False cert=False
[clean-BPC  1476.74s] node 48 cg=3 phase=phase2 obj=229.371345 artificial=0.0 cols=3603
[clean-BPC  1479.24s] node 48 cg=3 phase=phase2 kind=heuristic best_rc=0.22517175 found=0 added=0 exhausted=False cert=False
[clean-BPC  1484.88s] node 48 cg=3 phase=phase2 kind=heuristic_boost best_rc=-0.144815556 found=2 added=2 exhausted=True cert=True
[clean-BPC  1485.02s] node 48 cg=4 phase=phase2 obj=229.371345 artificial=0.0 cols=3605
[clean-BPC  1487.55s] node 48 cg=4 phase=phase2 kind=heuristic best_rc=0.22517175 found=0 added=0 exhausted=False cert=False
[clean-BPC  1493.27s] node 48 cg=4 phase=phase2 kind=heuristic_boost best_rc=0.153334118 found=0 added=0 exhausted=True cert=True
[clean-BPC  1494.48s] cut_added family=schedule_nogood_core node=48 added=2 source_vehicle=1 route_count=4 signatures=[[18, 15, 16, 19, 4], [2, 3, 1], [5, 20, 8], [6, 14, 17, 10]]
[clean-BPC  1494.48s] node 46 d=7 lb=229.371345 open=24
[clean-BPC  1494.61s] node 46 cg=1 phase=phase1 obj=0.0 artificial=0.0 cols=3605
[clean-BPC  1494.76s] node 46 cg=2 phase=phase2 obj=229.371345 artificial=0.0 cols=3605
[clean-BPC  1497.59s] node 46 cg=2 phase=phase2 kind=heuristic best_rc=0.320361 found=0 added=0 exhausted=False cert=False
[clean-BPC  1505.65s] node 46 cg=2 phase=phase2 kind=heuristic_boost best_rc=0.2984955 found=0 added=0 exhausted=True cert=True
[clean-BPC  1506.19s] cut_added family=schedule_nogood_core node=46 added=2 source_vehicle=1 route_count=3 signatures=[[8, 20, 5], [10, 17, 14, 6], [4, 19, 16, 15, 18]]
[clean-BPC  1506.19s] node 47 d=8 lb=229.371345 open=24
[clean-BPC  1506.33s] node 47 cg=1 phase=phase1 obj=0.0 artificial=0.0 cols=3605
[clean-BPC  1506.45s] node 47 cg=2 phase=phase2 obj=229.38952 artificial=0.0 cols=3605
[clean-BPC  1509.30s] node 47 cg=2 phase=phase2 kind=heuristic best_rc=0.138611 found=0 added=0 exhausted=False cert=False
[clean-BPC  1516.75s] node 47 cg=2 phase=phase2 kind=heuristic_boost best_rc=0.138611 found=0 added=0 exhausted=True cert=True
[clean-BPC  1520.29s] branch node 47: left=RF(9,17)=separate right=RF(9,17)=same
[clean-BPC  1520.29s] node 48 d=8 lb=229.371345 open=25
[clean-BPC  1520.41s] node 48 cg=1 phase=phase1 obj=0.0 artificial=0.0 cols=3605
[clean-BPC  1520.55s] node 48 cg=2 phase=phase2 obj=229.371345 artificial=0.0 cols=3605
[clean-BPC  1523.18s] node 48 cg=2 phase=phase2 kind=heuristic best_rc=0.22517175 found=0 added=0 exhausted=False cert=False
[clean-BPC  1529.00s] node 48 cg=2 phase=phase2 kind=heuristic_boost best_rc=0.153334118 found=0 added=0 exhausted=True cert=True
[clean-BPC  1531.74s] branch node 48: left=arc(6,14)=off right=arc(6,14)=on
[clean-BPC  1531.74s] node 46 d=7 lb=229.371345 open=26
[clean-BPC  1531.87s] node 46 cg=1 phase=phase1 obj=0.0 artificial=0.0 cols=3605
[clean-BPC  1532.02s] node 46 cg=2 phase=phase2 obj=229.371345 artificial=0.0 cols=3605
[clean-BPC  1534.85s] node 46 cg=2 phase=phase2 kind=heuristic best_rc=0.320361 found=0 added=0 exhausted=False cert=False
[clean-BPC  1542.95s] node 46 cg=2 phase=phase2 kind=heuristic_boost best_rc=0.210717 found=0 added=0 exhausted=True cert=True
[clean-BPC  1545.58s] branch node 46: left=arc(14,6)=off right=arc(14,6)=on
[clean-BPC  1545.58s] node 51 d=9 lb=229.371345 open=27
[clean-BPC  1545.72s] node 51 cg=1 phase=phase1 obj=0.0 artificial=0.0 cols=3605
[clean-BPC  1545.85s] node 51 cg=2 phase=phase2 obj=229.371345 artificial=0.0 cols=3605
[clean-BPC  1548.35s] node 51 cg=2 phase=phase2 kind=heuristic best_rc=0.264366 found=0 added=0 exhausted=False cert=False
[clean-BPC  1554.09s] node 51 cg=2 phase=phase2 kind=heuristic_boost best_rc=0.153334118 found=0 added=0 exhausted=True cert=True
[clean-BPC  1554.65s] cut_added family=schedule_nogood_core node=51 added=2 source_vehicle=1 route_count=3 signatures=[[18, 15, 16, 19, 4], [5, 20, 8], [10, 17, 14, 6]]
[clean-BPC  1554.65s] node 52 d=9 lb=229.371345 open=27
[clean-BPC  1554.78s] node 52 cg=1 phase=phase1 obj=0.0 artificial=0.0 cols=3605
[clean-BPC  1554.93s] node 52 cg=2 phase=phase2 obj=230.059245 artificial=0.0 cols=3605
[clean-BPC  1557.81s] node 52 cg=2 phase=phase2 kind=heuristic best_rc=-1.3758 found=14 added=14 exhausted=False cert=False
[clean-BPC  1557.95s] node 52 cg=3 phase=phase2 obj=229.9079 artificial=0.0 cols=3619
[clean-BPC  1560.77s] node 52 cg=3 phase=phase2 kind=heuristic best_rc=0.221752 found=0 added=0 exhausted=False cert=False
[clean-BPC  1567.96s] node 52 cg=3 phase=phase2 kind=heuristic_boost best_rc=0.174422 found=0 added=0 exhausted=True cert=True
[clean-BPC  1570.78s] branch node 52: left=arc(3,1)=off right=arc(3,1)=on
[clean-BPC  1570.78s] node 54 d=8 lb=229.371345 open=28
[clean-BPC  1570.91s] node 54 cg=1 phase=phase1 obj=0.0 artificial=0.0 cols=3619
[clean-BPC  1571.07s] node 54 cg=2 phase=phase2 obj=229.371345 artificial=0.0 cols=3619
[clean-BPC  1573.82s] node 54 cg=2 phase=phase2 kind=heuristic best_rc=-0.265051 found=1 added=1 exhausted=False cert=False
[clean-BPC  1573.95s] node 54 cg=3 phase=phase2 obj=229.371345 artificial=0.0 cols=3620
[clean-BPC  1576.69s] node 54 cg=3 phase=phase2 kind=heuristic best_rc=-0.020488 found=4 added=4 exhausted=False cert=False
[clean-BPC  1576.82s] node 54 cg=4 phase=phase2 obj=229.371345 artificial=0.0 cols=3624
[clean-BPC  1576.82s] cut_purged node=54 removed=1 by_kind={'schedule_nogood_core': 1} remaining=50
[clean-BPC  1576.98s] node 54 cg=5 phase=phase2 obj=229.371345 artificial=0.0 cols=3624
[clean-BPC  1579.65s] node 54 cg=5 phase=phase2 kind=heuristic best_rc=0.2979135 found=0 added=0 exhausted=False cert=False
[clean-BPC  1587.71s] node 54 cg=5 phase=phase2 kind=heuristic_boost best_rc=-0.82940225 found=3 added=3 exhausted=True cert=True
[clean-BPC  1587.84s] node 54 cg=6 phase=phase2 obj=229.371345 artificial=0.0 cols=3627
[clean-BPC  1587.84s] cut_purged node=54 removed=1 by_kind={'schedule_nogood_core': 1} remaining=49
[clean-BPC  1587.99s] node 54 cg=7 phase=phase2 obj=229.371345 artificial=0.0 cols=3627
[clean-BPC  1587.99s] cut_purged node=54 removed=1 by_kind={'schedule_nogood_core': 1} remaining=48
[clean-BPC  1588.13s] node 54 cg=8 phase=phase2 obj=229.371345 artificial=0.0 cols=3627
[clean-BPC  1590.91s] node 54 cg=8 phase=phase2 kind=heuristic best_rc=0.172937333 found=0 added=0 exhausted=False cert=False
[clean-BPC  1599.90s] node 54 cg=8 phase=phase2 kind=heuristic_boost best_rc=0.172937333 found=0 added=0 exhausted=True cert=True
[clean-BPC  1600.42s] cut_added family=schedule_nogood_core node=54 added=2 source_vehicle=1 route_count=3 signatures=[[5, 20, 8], [10, 17, 14, 6], [4, 19, 16, 15, 18]]
[clean-BPC  1600.42s] node 51 d=9 lb=229.371345 open=28
[clean-BPC  1600.54s] node 51 cg=1 phase=phase1 obj=0.0 artificial=0.0 cols=3627
[clean-BPC  1600.68s] node 51 cg=2 phase=phase2 obj=230.007717 artificial=0.0 cols=3627
[clean-BPC  1600.68s] cut_purged node=51 removed=1 by_kind={'schedule_nogood_core': 1} remaining=49
[clean-BPC  1600.81s] node 51 cg=3 phase=phase2 obj=230.007717 artificial=0.0 cols=3627
[clean-BPC  1603.33s] node 51 cg=3 phase=phase2 kind=heuristic best_rc=0.11999 found=0 added=0 exhausted=False cert=False
[clean-BPC  1609.05s] node 51 cg=3 phase=phase2 kind=heuristic_boost best_rc=0.0980102 found=0 added=0 exhausted=True cert=True
[clean-BPC  1610.25s] cut_added family=schedule_nogood_core node=51 added=2 source_vehicle=1 route_count=4 signatures=[[18, 15, 16, 19, 4], [1, 3, 2], [5, 20, 8], [10, 6, 17, 14]]
[clean-BPC  1610.25s] node 53 d=8 lb=229.371345 open=28
[clean-BPC  1610.40s] node 53 cg=1 phase=phase1 obj=0.0 artificial=0.0 cols=3627
[clean-BPC  1610.54s] node 53 cg=2 phase=phase2 obj=229.371345 artificial=0.0 cols=3627
[clean-BPC  1613.38s] node 53 cg=2 phase=phase2 kind=heuristic best_rc=0.320361 found=0 added=0 exhausted=False cert=False
[clean-BPC  1621.26s] node 53 cg=2 phase=phase2 kind=heuristic_boost best_rc=0.210717 found=0 added=0 exhausted=True cert=True
[clean-BPC  1622.46s] cut_added family=schedule_nogood_core node=53 added=1 source_vehicle=1 route_count=4 signatures=[[1, 3, 2], [8, 20, 5], [6, 14, 17, 10], [4, 19, 16, 15, 18]]
[clean-BPC  1622.46s] node 54 d=8 lb=229.371345 open=28
[clean-BPC  1622.61s] node 54 cg=1 phase=phase1 obj=0.0 artificial=0.0 cols=3627
[clean-BPC  1622.76s] node 54 cg=2 phase=phase2 obj=229.46075 artificial=0.0 cols=3627
[clean-BPC  1625.60s] node 54 cg=2 phase=phase2 kind=heuristic best_rc=0.244527 found=0 added=0 exhausted=False cert=False
[clean-BPC  1634.10s] node 54 cg=2 phase=phase2 kind=heuristic_boost best_rc=0.244527 found=0 added=0 exhausted=True cert=True
[clean-BPC  1634.78s] cut_added family=schedule_nogood_core node=54 added=2 source_vehicle=1 route_count=3 signatures=[[1, 3, 20, 5], [10, 17, 14, 6], [4, 19, 16, 15, 18]]
[clean-BPC  1634.78s] node 53 d=8 lb=229.371345 open=28
[clean-BPC  1634.92s] node 53 cg=1 phase=phase1 obj=0.0 artificial=0.0 cols=3627
[clean-BPC  1635.06s] node 53 cg=2 phase=phase2 obj=229.371345 artificial=0.0 cols=3627
[clean-BPC  1637.92s] node 53 cg=2 phase=phase2 kind=heuristic best_rc=0.320361 found=0 added=0 exhausted=False cert=False
[clean-BPC  1645.78s] node 53 cg=2 phase=phase2 kind=heuristic_boost best_rc=0.210717 found=0 added=0 exhausted=True cert=True
[clean-BPC  1648.48s] branch node 53: left=arc(3,2)=off right=arc(3,2)=on
[clean-BPC  1648.48s] node 57 d=9 lb=229.371345 open=29
[clean-BPC  1648.62s] node 57 cg=1 phase=phase1 obj=0.0 artificial=0.0 cols=3627
[clean-BPC  1648.77s] node 57 cg=2 phase=phase2 obj=229.371345 artificial=0.0 cols=3627
[clean-BPC  1651.60s] node 57 cg=2 phase=phase2 kind=heuristic best_rc=0.320361 found=0 added=0 exhausted=False cert=False
[clean-BPC  1659.38s] node 57 cg=2 phase=phase2 kind=heuristic_boost best_rc=0.210717 found=0 added=0 exhausted=True cert=True
[clean-BPC  1660.61s] cut_added family=schedule_nogood_core node=57 added=2 source_vehicle=1 route_count=4 signatures=[[2, 3, 1], [8, 20, 5], [6, 14, 17, 10], [4, 19, 16, 15, 18]]
[clean-BPC  1660.61s] node 58 d=9 lb=229.371345 open=29
[clean-BPC  1660.74s] node 58 cg=1 phase=phase1 obj=0.0 artificial=0.0 cols=3627
[clean-BPC  1660.90s] node 58 cg=2 phase=phase2 obj=229.576574 artificial=0.0 cols=3627
[clean-BPC  1663.80s] node 58 cg=2 phase=phase2 kind=heuristic best_rc=-0.19656 found=1 added=1 exhausted=False cert=False
[clean-BPC  1663.94s] node 58 cg=3 phase=phase2 obj=229.566229 artificial=0.0 cols=3628
[clean-BPC  1666.82s] node 58 cg=3 phase=phase2 kind=heuristic best_rc=0.056931579 found=0 added=0 exhausted=False cert=False
[clean-BPC  1675.84s] node 58 cg=3 phase=phase2 kind=heuristic_boost best_rc=0.056931579 found=0 added=0 exhausted=True cert=True
[clean-BPC  1679.49s] branch node 58: left=RF(9,17)=separate right=RF(9,17)=same
[clean-BPC  1679.49s] node 57 d=9 lb=229.371345 open=30
[clean-BPC  1679.64s] node 57 cg=1 phase=phase1 obj=0.0 artificial=0.0 cols=3628
[clean-BPC  1679.77s] node 57 cg=2 phase=phase2 obj=229.371345 artificial=0.0 cols=3628
[clean-BPC  1682.59s] node 57 cg=2 phase=phase2 kind=heuristic best_rc=0.320361 found=0 added=0 exhausted=False cert=False
[clean-BPC  1690.37s] node 57 cg=2 phase=phase2 kind=heuristic_boost best_rc=0.210717 found=0 added=0 exhausted=True cert=True
[clean-BPC  1691.57s] cut_added family=schedule_nogood_core node=57 added=2 source_vehicle=1 route_count=4 signatures=[[2, 3, 1], [5, 20, 8], [6, 14, 17, 10], [4, 19, 16, 15, 18]]
[clean-BPC  1691.57s] node 57 d=9 lb=229.371345 open=30
[clean-BPC  1691.72s] node 57 cg=1 phase=phase1 obj=0.0 artificial=0.0 cols=3628
[clean-BPC  1691.86s] node 57 cg=2 phase=phase2 obj=229.383927 artificial=0.0 cols=3628
[clean-BPC  1691.86s] cut_purged node=57 removed=3 by_kind={'schedule_nogood_core': 3} remaining=55
[clean-BPC  1692.01s] node 57 cg=3 phase=phase2 obj=229.383927 artificial=0.0 cols=3628
[clean-BPC  1694.86s] node 57 cg=3 phase=phase2 kind=heuristic best_rc=0.106463281 found=0 added=0 exhausted=False cert=False
[clean-BPC  1702.75s] node 57 cg=3 phase=phase2 kind=heuristic_boost best_rc=0.106463281 found=0 added=0 exhausted=True cert=True
[clean-BPC  1706.65s] branch node 57: left=RF(9,17)=separate right=RF(9,17)=same
[clean-BPC  1706.65s] node 16 d=5 lb=229.377642 open=31
[clean-BPC  1706.75s] node 16 cg=1 phase=phase1 obj=0.0 artificial=0.0 cols=3628
[clean-BPC  1706.84s] node 16 cg=2 phase=phase2 obj=230.031476 artificial=0.0 cols=3628
[clean-BPC  1706.84s] cut_purged node=16 removed=1 by_kind={'schedule_nogood_core': 1} remaining=54
[clean-BPC  1706.94s] node 16 cg=3 phase=phase2 obj=230.031476 artificial=0.0 cols=3628
[clean-BPC  1709.57s] node 16 cg=3 phase=phase2 kind=heuristic best_rc=-0.166669 found=2 added=2 exhausted=False cert=False
[clean-BPC  1709.66s] node 16 cg=4 phase=phase2 obj=230.031476 artificial=0.0 cols=3630
[clean-BPC  1709.66s] cut_purged node=16 removed=1 by_kind={'schedule_nogood_core': 1} remaining=53
[clean-BPC  1709.75s] node 16 cg=5 phase=phase2 obj=230.031476 artificial=0.0 cols=3630
[clean-BPC  1712.34s] node 16 cg=5 phase=phase2 kind=heuristic best_rc=0.309297 found=0 added=0 exhausted=False cert=False
[clean-BPC  1720.05s] node 16 cg=5 phase=phase2 kind=heuristic_boost best_rc=0.0 found=0 added=0 exhausted=True cert=True
[clean-BPC  1721.40s] cut_added family=schedule_nogood_core node=16 added=2 source_vehicle=1 route_count=4 signatures=[[18, 15, 16, 19, 4], [5, 20], [6, 14, 17, 10], [1, 3, 8, 2]]
[clean-BPC  1721.40s] node 15 d=5 lb=229.377642 open=31
[clean-BPC  1721.52s] node 15 cg=1 phase=phase1 obj=0.0 artificial=0.0 cols=3630
[clean-BPC  1721.63s] node 15 cg=2 phase=phase2 obj=230.477141 artificial=0.0 cols=3630
[clean-BPC  1721.63s] cut_purged node=15 removed=1 by_kind={'schedule_nogood_core': 1} remaining=54
[clean-BPC  1721.74s] node 15 cg=3 phase=phase2 obj=230.477141 artificial=0.0 cols=3630
[clean-BPC  1721.74s] cut_purged node=15 removed=2 by_kind={'schedule_nogood_core': 2} remaining=52
[clean-BPC  1721.86s] node 15 cg=4 phase=phase2 obj=230.477141 artificial=0.0 cols=3630
[clean-BPC  1724.48s] node 15 cg=4 phase=phase2 kind=heuristic best_rc=-0.142401 found=2 added=2 exhausted=False cert=False
[clean-BPC  1724.58s] node 15 cg=5 phase=phase2 obj=230.477141 artificial=0.0 cols=3632
[clean-BPC  1724.58s] cut_purged node=15 removed=2 by_kind={'schedule_nogood_core': 2} remaining=50
[clean-BPC  1724.69s] node 15 cg=6 phase=phase2 obj=230.477141 artificial=0.0 cols=3632
[clean-BPC  1727.01s] node 15 cg=6 phase=phase2 kind=heuristic best_rc=0.0 found=0 added=0 exhausted=False cert=False
[clean-BPC  1732.43s] node 15 cg=6 phase=phase2 kind=heuristic_boost best_rc=-0.4354458 found=4 added=4 exhausted=True cert=True
[clean-BPC  1732.55s] node 15 cg=7 phase=phase2 obj=230.477141 artificial=0.0 cols=3636
[clean-BPC  1735.18s] node 15 cg=7 phase=phase2 kind=heuristic best_rc=-0.012146 found=2 added=2 exhausted=False cert=False
[clean-BPC  1735.28s] node 15 cg=8 phase=phase2 obj=230.477141 artificial=0.0 cols=3638
[clean-BPC  1737.95s] node 15 cg=8 phase=phase2 kind=heuristic best_rc=-0.0 found=0 added=0 exhausted=False cert=False
[clean-BPC  1745.47s] node 15 cg=8 phase=phase2 kind=heuristic_boost best_rc=-1.1354183 found=8 added=8 exhausted=True cert=True
[clean-BPC  1745.60s] node 15 cg=9 phase=phase2 obj=230.477141 artificial=0.0 cols=3646
[clean-BPC  1745.60s] cut_purged node=15 removed=1 by_kind={'schedule_nogood_core': 1} remaining=49
[clean-BPC  1745.70s] node 15 cg=10 phase=phase2 obj=230.477141 artificial=0.0 cols=3646
[clean-BPC  1748.04s] node 15 cg=10 phase=phase2 kind=heuristic best_rc=-0.2757945 found=2 added=2 exhausted=False cert=False
[clean-BPC  1748.17s] node 15 cg=11 phase=phase2 obj=230.477141 artificial=0.0 cols=3648
[clean-BPC  1750.50s] node 15 cg=11 phase=phase2 kind=heuristic best_rc=0.0 found=0 added=0 exhausted=False cert=False
[clean-BPC  1755.92s] node 15 cg=11 phase=phase2 kind=heuristic_boost best_rc=-1.202178 found=18 added=18 exhausted=True cert=True
[clean-BPC  1756.03s] node 15 cg=12 phase=phase2 obj=230.477141 artificial=0.0 cols=3666
[clean-BPC  1758.40s] node 15 cg=12 phase=phase2 kind=heuristic best_rc=0.0 found=0 added=0 exhausted=False cert=False
[clean-BPC  1763.83s] node 15 cg=12 phase=phase2 kind=heuristic_boost best_rc=-1.254215 found=11 added=11 exhausted=True cert=True
[clean-BPC  1763.95s] node 15 cg=13 phase=phase2 obj=230.477141 artificial=0.0 cols=3677
[clean-BPC  1766.27s] node 15 cg=13 phase=phase2 kind=heuristic best_rc=0.0 found=0 added=0 exhausted=False cert=False
[clean-BPC  1771.43s] node 15 cg=13 phase=phase2 kind=heuristic_boost best_rc=-0.8674545 found=24 added=24 exhausted=True cert=True
[clean-BPC  1771.55s] node 15 cg=14 phase=phase2 obj=230.477141 artificial=0.0 cols=3701
[clean-BPC  1774.14s] node 15 cg=14 phase=phase2 kind=heuristic best_rc=-0.0 found=0 added=0 exhausted=False cert=False
[clean-BPC  1781.49s] node 15 cg=14 phase=phase2 kind=heuristic_boost best_rc=-0.0 found=0 added=0 exhausted=True cert=True
[clean-BPC  1782.75s] cut_added family=schedule_nogood_core node=15 added=2 source_vehicle=1 route_count=4 signatures=[[2, 8, 1], [9, 11, 13, 12, 7], [3, 20, 5], [6, 14, 17, 10]]
[clean-BPC  1782.75s] node 61 d=10 lb=229.383927 open=31
[clean-BPC  1782.89s] node 61 cg=1 phase=phase1 obj=0.0 artificial=0.0 cols=3701
[clean-BPC  1783.01s] node 61 cg=2 phase=phase2 obj=229.371345 artificial=0.0 cols=3701
[clean-BPC  1785.73s] node 61 cg=2 phase=phase2 kind=heuristic best_rc=0.141551 found=0 added=0 exhausted=False cert=False
[clean-BPC  1793.64s] node 61 cg=2 phase=phase2 kind=heuristic_boost best_rc=0.141551 found=0 added=0 exhausted=True cert=True
[clean-BPC  1794.86s] cut_added family=schedule_nogood_core node=61 added=1 source_vehicle=1 route_count=4 signatures=[[2, 3, 1], [5, 20, 8], [6, 14, 17, 10], [4, 19, 16, 15, 18]]
[clean-BPC  1794.86s] node 61 d=10 lb=229.371345 open=31
[clean-BPC  1794.98s] node 61 cg=1 phase=phase1 obj=0.0 artificial=0.0 cols=3701
[clean-BPC  1795.11s] node 61 cg=2 phase=phase2 obj=229.371345 artificial=0.0 cols=3701
[clean-BPC  1797.79s] node 61 cg=2 phase=phase2 kind=heuristic best_rc=0.320361 found=0 added=0 exhausted=False cert=False
[clean-BPC  1805.73s] node 61 cg=2 phase=phase2 kind=heuristic_boost best_rc=0.320361 found=0 added=0 exhausted=True cert=True
[clean-BPC  1806.96s] cut_added family=schedule_nogood_core node=61 added=1 source_vehicle=1 route_count=4 signatures=[[2, 3, 1], [8, 20, 5], [6, 14, 17, 10], [4, 19, 16, 15, 18]]
[clean-BPC  1806.96s] node 61 d=10 lb=229.371345 open=31
[clean-BPC  1807.08s] node 61 cg=1 phase=phase1 obj=0.0 artificial=0.0 cols=3701
[clean-BPC  1807.20s] node 61 cg=2 phase=phase2 obj=229.401147 artificial=0.0 cols=3701
[clean-BPC  1809.96s] node 61 cg=2 phase=phase2 kind=heuristic best_rc=-0.186267333 found=2 added=2 exhausted=False cert=False
[clean-BPC  1810.10s] node 61 cg=3 phase=phase2 obj=229.39019 artificial=0.0 cols=3703
[clean-BPC  1812.82s] node 61 cg=3 phase=phase2 kind=heuristic best_rc=0.288271824 found=0 added=0 exhausted=False cert=False
[clean-BPC  1820.79s] node 61 cg=3 phase=phase2 kind=heuristic_boost best_rc=0.288271824 found=0 added=0 exhausted=True cert=True
[clean-BPC  1823.46s] branch node 61: left=RF(2,5)=separate right=RF(2,5)=same
[clean-BPC  1823.46s] node 62 d=10 lb=229.383927 open=32
[clean-BPC  1823.53s] node 62 cg=1 phase=phase1 obj=0.0 artificial=0.0 cols=3703
[clean-BPC  1823.61s] node 62 cg=2 phase=phase2 obj=234.111216 artificial=0.0 cols=3703
[clean-BPC  1826.25s] node 62 cg=2 phase=phase2 kind=heuristic best_rc=-4.4176786 found=96 added=96 exhausted=False cert=False
[clean-BPC  1826.33s] node 62 cg=3 phase=phase2 obj=229.766266 artificial=0.0 cols=3799
[clean-BPC  1828.95s] node 62 cg=3 phase=phase2 kind=heuristic best_rc=0.121302 found=0 added=0 exhausted=False cert=False
[clean-BPC  1836.75s] node 62 cg=3 phase=phase2 kind=heuristic_boost best_rc=-0.048236 found=2 added=2 exhausted=True cert=True
[clean-BPC  1836.83s] node 62 cg=4 phase=phase2 obj=229.766266 artificial=0.0 cols=3801
[clean-BPC  1839.40s] node 62 cg=4 phase=phase2 kind=heuristic best_rc=0.149906 found=0 added=0 exhausted=False cert=False
[clean-BPC  1846.66s] node 62 cg=4 phase=phase2 kind=heuristic_boost best_rc=0.0 found=0 added=0 exhausted=True cert=True
[clean-BPC  1847.77s] cut_added family=schedule_nogood_core node=62 added=2 source_vehicle=1 route_count=4 signatures=[[6, 17, 14, 9], [1, 3, 20, 5], [4, 19, 16, 15, 18], [7, 12, 13, 11]]
[clean-BPC  1847.77s] node 49 d=9 lb=229.38952 open=32
[clean-BPC  1847.88s] node 49 cg=1 phase=phase1 obj=0.0 artificial=0.0 cols=3801
[clean-BPC  1848.02s] node 49 cg=2 phase=phase2 obj=229.371345 artificial=0.0 cols=3801
[clean-BPC  1848.02s] cut_purged node=49 removed=1 by_kind={'schedule_nogood_core': 1} remaining=54
[clean-BPC  1848.14s] node 49 cg=3 phase=phase2 obj=229.371345 artificial=0.0 cols=3801
[clean-BPC  1850.83s] node 49 cg=3 phase=phase2 kind=heuristic best_rc=0.2224885 found=0 added=0 exhausted=False cert=False
[clean-BPC  1858.36s] node 49 cg=3 phase=phase2 kind=heuristic_boost best_rc=0.2224885 found=0 added=0 exhausted=True cert=True
[clean-BPC  1858.69s] cut_added family=schedule_nogood_core node=49 added=1 source_vehicle=1 route_count=3 signatures=[[18, 15, 16, 19, 4], [1, 3, 2], [8, 20, 5]]
[clean-BPC  1858.69s] node 49 d=9 lb=229.371345 open=32
[clean-BPC  1858.80s] node 49 cg=1 phase=phase1 obj=0.0 artificial=0.0 cols=3801
[clean-BPC  1858.94s] node 49 cg=2 phase=phase2 obj=229.371345 artificial=0.0 cols=3801
[clean-BPC  1861.63s] node 49 cg=2 phase=phase2 kind=heuristic best_rc=0.2224885 found=0 added=0 exhausted=False cert=False
[clean-BPC  1869.25s] node 49 cg=2 phase=phase2 kind=heuristic_boost best_rc=0.2224885 found=0 added=0 exhausted=True cert=True
[clean-BPC  1869.58s] cut_added family=schedule_nogood_core node=49 added=1 source_vehicle=1 route_count=3 signatures=[[18, 15, 16, 19, 4], [2, 3, 1], [8, 20, 5]]
[clean-BPC  1869.58s] node 49 d=9 lb=229.371345 open=32
[clean-BPC  1869.71s] node 49 cg=1 phase=phase1 obj=0.0 artificial=0.0 cols=3801
[clean-BPC  1869.83s] node 49 cg=2 phase=phase2 obj=229.401147 artificial=0.0 cols=3801
[clean-BPC  1872.55s] node 49 cg=2 phase=phase2 kind=heuristic best_rc=0.283239 found=0 added=0 exhausted=False cert=False
[clean-BPC  1880.22s] node 49 cg=2 phase=phase2 kind=heuristic_boost best_rc=0.181980333 found=0 added=0 exhausted=True cert=True
[clean-BPC  1882.37s] branch node 49: left=RF(5,8)=separate right=RF(5,8)=same
[clean-BPC  1882.37s] node 50 d=9 lb=229.38952 open=33
[clean-BPC  1882.46s] node 50 cg=1 phase=phase1 obj=0.0 artificial=0.0 cols=3801
[clean-BPC  1882.53s] node 50 cg=2 phase=phase2 obj=229.766266 artificial=0.0 cols=3801
[clean-BPC  1882.53s] cut_purged node=50 removed=1 by_kind={'schedule_nogood_core': 1} remaining=55
[clean-BPC  1882.61s] node 50 cg=3 phase=phase2 obj=229.766266 artificial=0.0 cols=3801
[clean-BPC  1885.17s] node 50 cg=3 phase=phase2 kind=heuristic best_rc=0.121302 found=0 added=0 exhausted=False cert=False
[clean-BPC  1892.46s] node 50 cg=3 phase=phase2 kind=heuristic_boost best_rc=0.121302 found=0 added=0 exhausted=True cert=True
[clean-BPC  1893.57s] cut_added family=schedule_nogood_core node=50 added=2 source_vehicle=1 route_count=4 signatures=[[18, 15, 16, 19, 4], [6, 17, 14, 9], [1, 3, 20, 5], [7, 12, 13, 11]]
[clean-BPC  1893.57s] node 63 d=11 lb=229.39019 open=33
[clean-BPC  1893.69s] node 63 cg=1 phase=phase1 obj=0.0 artificial=0.0 cols=3801
[clean-BPC  1893.83s] node 63 cg=2 phase=phase2 obj=229.371345 artificial=0.0 cols=3801
[clean-BPC  1896.44s] node 63 cg=2 phase=phase2 kind=heuristic best_rc=0.222741 found=0 added=0 exhausted=False cert=False
[clean-BPC  1902.64s] node 63 cg=2 phase=phase2 kind=heuristic_boost best_rc=0.222741 found=0 added=0 exhausted=True cert=True
[clean-BPC  1903.85s] cut_added family=schedule_nogood_core node=63 added=1 source_vehicle=1 route_count=4 signatures=[[2, 3, 1], [5, 20, 8], [6, 14, 17, 10], [4, 19, 16, 15, 18]]
[clean-BPC  1903.85s] node 63 d=11 lb=229.371345 open=33
[clean-BPC  1903.98s] node 63 cg=1 phase=phase1 obj=0.0 artificial=0.0 cols=3801
[clean-BPC  1904.13s] node 63 cg=2 phase=phase2 obj=229.401147 artificial=0.0 cols=3801
[clean-BPC  1906.81s] node 63 cg=2 phase=phase2 kind=heuristic best_rc=0.222741 found=0 added=0 exhausted=False cert=False
[clean-BPC  1913.50s] node 63 cg=2 phase=phase2 kind=heuristic_boost best_rc=0.222741 found=0 added=0 exhausted=True cert=True
[clean-BPC  1915.82s] branch node 63: left=RF(2,8)=separate right=RF(2,8)=same
[clean-BPC  1915.82s] node 64 d=11 lb=229.39019 open=34
[clean-BPC  1915.93s] node 64 cg=1 phase=phase1 obj=0.0 artificial=0.0 cols=3801
[clean-BPC  1916.06s] node 64 cg=2 phase=phase2 obj=231.907334 artificial=0.0 cols=3801
[clean-BPC  1918.83s] node 64 cg=2 phase=phase2 kind=heuristic best_rc=-0.867733 found=24 added=24 exhausted=False cert=False
[clean-BPC  1918.95s] node 64 cg=3 phase=phase2 obj=231.907334 artificial=0.0 cols=3825
[clean-BPC  1921.62s] node 64 cg=3 phase=phase2 kind=heuristic best_rc=-1.005028 found=6 added=6 exhausted=False cert=False
[clean-BPC  1921.73s] node 64 cg=4 phase=phase2 obj=231.907334 artificial=0.0 cols=3831
[clean-BPC  1924.41s] node 64 cg=4 phase=phase2 kind=heuristic best_rc=-0.973504 found=14 added=14 exhausted=False cert=False
[clean-BPC  1924.55s] node 64 cg=5 phase=phase2 obj=231.907334 artificial=0.0 cols=3845
[clean-BPC  1924.55s] cut_purged node=64 removed=2 by_kind={'schedule_nogood_core': 2} remaining=56
[clean-BPC  1924.66s] node 64 cg=6 phase=phase2 obj=231.907334 artificial=0.0 cols=3845
[clean-BPC  1927.33s] node 64 cg=6 phase=phase2 kind=heuristic best_rc=0.221473667 found=0 added=0 exhausted=False cert=False
[clean-BPC  1934.09s] node 64 cg=6 phase=phase2 kind=heuristic_boost best_rc=0.030688333 found=0 added=0 exhausted=True cert=True
[clean-BPC  1934.55s] cut_added family=schedule_nogood_core node=64 added=2 source_vehicle=1 route_count=3 signatures=[[2, 20, 5], [1, 6, 17, 14], [4, 19, 16, 15, 18]]
[clean-BPC  1934.55s] node 19 d=5 lb=229.39794 open=34
[clean-BPC  1934.75s] node 19 cg=1 phase=phase1 obj=0.0 artificial=0.0 cols=3845
[clean-BPC  1934.96s] node 19 cg=2 phase=phase2 obj=229.39794 artificial=0.0 cols=3845
[clean-BPC  1934.96s] cut_purged node=19 removed=2 by_kind={'schedule_nogood_core': 2} remaining=56
[clean-BPC  1935.16s] node 19 cg=3 phase=phase2 obj=229.39794 artificial=0.0 cols=3845
[clean-BPC  1938.15s] node 19 cg=3 phase=phase2 kind=heuristic best_rc=-0.0 found=0 added=0 exhausted=False cert=False
[clean-BPC  1944.96s] node 19 cg=3 phase=phase2 kind=heuristic_boost best_rc=-0.0 found=0 added=0 exhausted=True cert=True
[clean-BPC  1946.05s] cut_added family=schedule_nogood_core node=19 added=2 source_vehicle=1 route_count=4 signatures=[[7, 12, 13, 9], [2, 6, 10, 8], [1, 3, 20, 5], [4, 19, 16, 15, 18]]
[clean-BPC  1946.05s] node 20 d=5 lb=229.39794 open=34
[clean-BPC  1946.27s] node 20 cg=1 phase=phase1 obj=0.0 artificial=0.0 cols=3845
[clean-BPC  1946.49s] node 20 cg=2 phase=phase2 obj=229.39794 artificial=0.0 cols=3845
[clean-BPC  1946.50s] cut_purged node=20 removed=2 by_kind={'schedule_nogood_core': 2} remaining=56
[clean-BPC  1946.72s] node 20 cg=3 phase=phase2 obj=229.39794 artificial=0.0 cols=3845
[clean-BPC  1949.71s] node 20 cg=3 phase=phase2 kind=heuristic best_rc=0.0 found=0 added=0 exhausted=False cert=False
[clean-BPC  1956.62s] node 20 cg=3 phase=phase2 kind=heuristic_boost best_rc=0.0 found=0 added=0 exhausted=True cert=True
[clean-BPC  1957.27s] cut_added family=schedule_nogood_core node=20 added=2 source_vehicle=1 route_count=3 signatures=[[18, 15, 16, 19, 4], [2, 6, 10, 8], [1, 3, 20, 5]]
[clean-BPC  1957.28s] node 19 d=5 lb=229.39794 open=34
[clean-BPC  1957.48s] node 19 cg=1 phase=phase1 obj=0.0 artificial=0.0 cols=3845
[clean-BPC  1957.70s] node 19 cg=2 phase=phase2 obj=229.39794 artificial=0.0 cols=3845
[clean-BPC  1960.71s] node 19 cg=2 phase=phase2 kind=heuristic best_rc=-0.0 found=0 added=0 exhausted=False cert=False
[clean-BPC  1967.51s] node 19 cg=2 phase=phase2 kind=heuristic_boost best_rc=-0.526863667 found=4 added=4 exhausted=True cert=True
[clean-BPC  1967.71s] node 19 cg=3 phase=phase2 obj=229.39794 artificial=0.0 cols=3849
[clean-BPC  1970.71s] node 19 cg=3 phase=phase2 kind=heuristic best_rc=0.0 found=0 added=0 exhausted=False cert=False
[clean-BPC  1977.47s] node 19 cg=3 phase=phase2 kind=heuristic_boost best_rc=-0.0 found=0 added=0 exhausted=True cert=True
[clean-BPC  1978.54s] cut_added family=schedule_nogood_core node=19 added=2 source_vehicle=1 route_count=4 signatures=[[7, 12, 13, 9], [2, 8, 10, 6], [1, 3, 20, 5], [4, 19, 16, 15, 18]]
[clean-BPC  1978.54s] node 20 d=5 lb=229.39794 open=34
[clean-BPC  1978.76s] node 20 cg=1 phase=phase1 obj=0.0 artificial=0.0 cols=3849
[clean-BPC  1978.98s] node 20 cg=2 phase=phase2 obj=229.39794 artificial=0.0 cols=3849
[clean-BPC  1982.08s] node 20 cg=2 phase=phase2 kind=heuristic best_rc=0.0 found=0 added=0 exhausted=False cert=False
[clean-BPC  1989.31s] node 20 cg=2 phase=phase2 kind=heuristic_boost best_rc=-0.073353 found=3 added=3 exhausted=True cert=True
[clean-BPC  1989.52s] node 20 cg=3 phase=phase2 obj=229.39794 artificial=0.0 cols=3852
[clean-BPC  1989.52s] cut_purged node=20 removed=1 by_kind={'schedule_nogood_core': 1} remaining=59
[clean-BPC  1989.74s] node 20 cg=4 phase=phase2 obj=229.39794 artificial=0.0 cols=3852
[clean-BPC  1992.91s] node 20 cg=4 phase=phase2 kind=heuristic best_rc=-0.0 found=0 added=0 exhausted=False cert=False
[clean-BPC  2000.60s] node 20 cg=4 phase=phase2 kind=heuristic_boost best_rc=-0.0 found=0 added=0 exhausted=True cert=True
[clean-BPC  2001.25s] cut_added family=schedule_nogood_core node=20 added=2 source_vehicle=1 route_count=3 signatures=[[18, 15, 16, 19, 4], [8, 10, 6, 2], [1, 5, 20, 3]]
[clean-BPC  2001.25s] node 19 d=5 lb=229.39794 open=34
[clean-BPC  2001.44s] node 19 cg=1 phase=phase1 obj=0.0 artificial=0.0 cols=3852
[clean-BPC  2001.65s] node 19 cg=2 phase=phase2 obj=229.39794 artificial=0.0 cols=3852
[clean-BPC  2004.71s] node 19 cg=2 phase=phase2 kind=heuristic best_rc=-0.123683667 found=1 added=1 exhausted=False cert=False
[clean-BPC  2004.91s] node 19 cg=3 phase=phase2 obj=229.39794 artificial=0.0 cols=3853
[clean-BPC  2008.07s] node 19 cg=3 phase=phase2 kind=heuristic best_rc=0.0 found=0 added=0 exhausted=False cert=False
[clean-BPC  2015.36s] node 19 cg=3 phase=phase2 kind=heuristic_boost best_rc=-0.0 found=0 added=0 exhausted=True cert=True
[clean-BPC  2019.21s] branch node 19: left=arc(1,3)=off right=arc(1,3)=on
[clean-BPC  2019.21s] node 20 d=5 lb=229.39794 open=35
[clean-BPC  2019.42s] node 20 cg=1 phase=phase1 obj=0.0 artificial=0.0 cols=3853
[clean-BPC  2019.64s] node 20 cg=2 phase=phase2 obj=229.39794 artificial=0.0 cols=3853
[clean-BPC  2019.64s] cut_purged node=20 removed=1 by_kind={'schedule_nogood_core': 1} remaining=60
[clean-BPC  2019.86s] node 20 cg=3 phase=phase2 obj=229.39794 artificial=0.0 cols=3853
[clean-BPC  2022.83s] node 20 cg=3 phase=phase2 kind=heuristic best_rc=0.0 found=0 added=0 exhausted=False cert=False
[clean-BPC  2029.77s] node 20 cg=3 phase=phase2 kind=heuristic_boost best_rc=0.0 found=0 added=0 exhausted=True cert=True
[clean-BPC  2030.42s] cut_added family=schedule_nogood_core node=20 added=1 source_vehicle=1 route_count=3 signatures=[[18, 15, 16, 19, 4], [2, 6, 10, 8], [1, 3, 20, 5]]
[clean-BPC  2030.42s] node 69 d=6 lb=229.39794 open=35
[clean-BPC  2030.62s] node 69 cg=1 phase=phase1 obj=0.0 artificial=0.0 cols=3853
[clean-BPC  2030.84s] node 69 cg=2 phase=phase2 obj=229.39794 artificial=0.0 cols=3853
[clean-BPC  2033.83s] node 69 cg=2 phase=phase2 kind=heuristic best_rc=0.0 found=0 added=0 exhausted=False cert=False
[clean-BPC  2040.65s] node 69 cg=2 phase=phase2 kind=heuristic_boost best_rc=0.0 found=0 added=0 exhausted=True cert=True
[clean-BPC  2041.72s] cut_added family=schedule_nogood_core node=69 added=2 source_vehicle=1 route_count=4 signatures=[[7, 12, 13, 9], [2, 6, 10, 8], [1, 5, 20, 3], [4, 19, 16, 15, 18]]
[clean-BPC  2041.72s] node 70 d=6 lb=229.39794 open=35
[clean-BPC  2041.93s] node 70 cg=1 phase=phase1 obj=0.0 artificial=0.0 cols=3853
[clean-BPC  2042.14s] node 70 cg=2 phase=phase2 obj=229.39794 artificial=0.0 cols=3853
[clean-BPC  2045.32s] node 70 cg=2 phase=phase2 kind=heuristic best_rc=0.0 found=0 added=0 exhausted=False cert=False
[clean-BPC  2052.58s] node 70 cg=2 phase=phase2 kind=heuristic_boost best_rc=0.0 found=0 added=0 exhausted=True cert=True
[clean-BPC  2056.51s] branch node 70: left=arc(13,9)=off right=arc(13,9)=on
[clean-BPC  2056.51s] node 20 d=5 lb=229.39794 open=36
[clean-BPC  2056.73s] node 20 cg=1 phase=phase1 obj=0.0 artificial=0.0 cols=3853
[clean-BPC  2056.94s] node 20 cg=2 phase=phase2 obj=229.39794 artificial=0.0 cols=3853
[clean-BPC  2060.09s] node 20 cg=2 phase=phase2 kind=heuristic best_rc=0.012353 found=0 added=0 exhausted=False cert=False
[clean-BPC  2067.93s] node 20 cg=2 phase=phase2 kind=heuristic_boost best_rc=0.0 found=0 added=0 exhausted=True cert=True
[clean-BPC  2068.58s] cut_added family=schedule_nogood_core node=20 added=2 source_vehicle=1 route_count=3 signatures=[[18, 15, 16, 19, 4], [6, 10, 8, 2], [5, 20, 3, 1]]
[clean-BPC  2068.58s] node 69 d=6 lb=229.39794 open=36
[clean-BPC  2068.78s] node 69 cg=1 phase=phase1 obj=0.0 artificial=0.0 cols=3853
[clean-BPC  2068.99s] node 69 cg=2 phase=phase2 obj=229.39794 artificial=0.0 cols=3853
[clean-BPC  2072.00s] node 69 cg=2 phase=phase2 kind=heuristic best_rc=-0.0 found=0 added=0 exhausted=False cert=False
[clean-BPC  2078.83s] node 69 cg=2 phase=phase2 kind=heuristic_boost best_rc=-0.0 found=0 added=0 exhausted=True cert=True
[clean-BPC  2079.90s] cut_added family=schedule_nogood_core node=69 added=2 source_vehicle=1 route_count=4 signatures=[[7, 12, 13, 9], [2, 8, 10, 6], [1, 5, 20, 3], [4, 19, 16, 15, 18]]
[clean-BPC  2079.90s] node 71 d=7 lb=229.39794 open=36
[clean-BPC  2080.10s] node 71 cg=1 phase=phase1 obj=0.0 artificial=0.0 cols=3853
[clean-BPC  2080.31s] node 71 cg=2 phase=phase2 obj=229.39794 artificial=0.0 cols=3853
[clean-BPC  2083.39s] node 71 cg=2 phase=phase2 kind=heuristic best_rc=0.027493167 found=0 added=0 exhausted=False cert=False
[clean-BPC  2091.21s] node 71 cg=2 phase=phase2 kind=heuristic_boost best_rc=0.0 found=0 added=0 exhausted=True cert=True
[clean-BPC  2092.29s] cut_added family=schedule_nogood_core node=71 added=2 source_vehicle=1 route_count=4 signatures=[[8, 10, 6, 2], [1, 3, 20, 5], [4, 19, 16, 15, 18], [9, 13, 12, 7]]
[clean-BPC  2092.29s] node 72 d=7 lb=229.39794 open=36
[clean-BPC  2092.51s] node 72 cg=1 phase=phase1 obj=0.0 artificial=0.0 cols=3853
[clean-BPC  2092.71s] node 72 cg=2 phase=phase2 obj=229.39794 artificial=0.0 cols=3853
[clean-BPC  2095.80s] node 72 cg=2 phase=phase2 kind=heuristic best_rc=0.1196276 found=0 added=0 exhausted=False cert=False
[clean-BPC  2103.40s] node 72 cg=2 phase=phase2 kind=heuristic_boost best_rc=-0.0 found=0 added=0 exhausted=True cert=True
[clean-BPC  2104.48s] cut_added family=schedule_nogood_core node=72 added=2 source_vehicle=1 route_count=4 signatures=[[7, 12, 13, 9], [6, 10, 8, 2], [1, 3, 20, 5], [4, 19, 16, 15, 18]]
[clean-BPC  2104.48s] node 20 d=5 lb=229.39794 open=36
[clean-BPC  2104.70s] node 20 cg=1 phase=phase1 obj=0.0 artificial=0.0 cols=3853
[clean-BPC  2104.93s] node 20 cg=2 phase=phase2 obj=229.39794 artificial=0.0 cols=3853
[clean-BPC  2104.93s] cut_purged node=20 removed=1 by_kind={'schedule_nogood_core': 1} remaining=70
[clean-BPC  2105.16s] node 20 cg=3 phase=phase2 obj=229.39794 artificial=0.0 cols=3853
[clean-BPC  2108.35s] node 20 cg=3 phase=phase2 kind=heuristic best_rc=0.04125725 found=0 added=0 exhausted=False cert=False
[clean-BPC  2116.19s] node 20 cg=3 phase=phase2 kind=heuristic_boost best_rc=-0.0 found=0 added=0 exhausted=True cert=True
[clean-BPC  2116.86s] cut_added family=schedule_nogood_core node=20 added=2 source_vehicle=1 route_count=3 signatures=[[18, 15, 16, 19, 4], [2, 8, 10, 6], [1, 5, 20, 3]]
[clean-BPC  2116.86s] node 69 d=6 lb=229.39794 open=36
[clean-BPC  2117.06s] node 69 cg=1 phase=phase1 obj=0.0 artificial=0.0 cols=3853
[clean-BPC  2117.26s] node 69 cg=2 phase=phase2 obj=229.39794 artificial=0.0 cols=3853
[clean-BPC  2120.33s] node 69 cg=2 phase=phase2 kind=heuristic best_rc=-0.0 found=0 added=0 exhausted=False cert=False
[clean-BPC  2127.24s] node 69 cg=2 phase=phase2 kind=heuristic_boost best_rc=-0.0 found=0 added=0 exhausted=True cert=True
[clean-BPC  2131.08s] branch node 69: left=arc(2,6)=off right=arc(2,6)=on
[clean-BPC  2131.08s] node 71 d=7 lb=229.39794 open=37
[clean-BPC  2131.28s] node 71 cg=1 phase=phase1 obj=0.0 artificial=0.0 cols=3853
[clean-BPC  2131.50s] node 71 cg=2 phase=phase2 obj=229.39794 artificial=0.0 cols=3853
[clean-BPC  2134.61s] node 71 cg=2 phase=phase2 kind=heuristic best_rc=0.0 found=0 added=0 exhausted=False cert=False
[clean-BPC  2142.14s] node 71 cg=2 phase=phase2 kind=heuristic_boost best_rc=-0.033093667 found=2 added=2 exhausted=True cert=True
[clean-BPC  2142.36s] node 71 cg=3 phase=phase2 obj=229.39794 artificial=0.0 cols=3855
[clean-BPC  2142.36s] cut_purged node=71 removed=1 by_kind={'schedule_nogood_core': 1} remaining=71
[clean-BPC  2142.57s] node 71 cg=4 phase=phase2 obj=229.39794 artificial=0.0 cols=3855
[clean-BPC  2145.65s] node 71 cg=4 phase=phase2 kind=heuristic best_rc=-0.0 found=0 added=0 exhausted=False cert=False
[clean-BPC  2153.02s] node 71 cg=4 phase=phase2 kind=heuristic_boost best_rc=-0.0 found=0 added=0 exhausted=True cert=True
[clean-BPC  2154.09s] cut_added family=schedule_nogood_core node=71 added=2 source_vehicle=1 route_count=4 signatures=[[2, 6, 10, 8], [1, 3, 20, 5], [4, 19, 16, 15, 18], [9, 13, 12, 7]]
[clean-BPC  2154.09s] node 72 d=7 lb=229.39794 open=37
[clean-BPC  2154.32s] node 72 cg=1 phase=phase1 obj=0.0 artificial=0.0 cols=3855
[clean-BPC  2154.55s] node 72 cg=2 phase=phase2 obj=229.39794 artificial=0.0 cols=3855
[clean-BPC  2157.68s] node 72 cg=2 phase=phase2 kind=heuristic best_rc=0.0 found=0 added=0 exhausted=False cert=False
[clean-BPC  2165.52s] node 72 cg=2 phase=phase2 kind=heuristic_boost best_rc=-0.0 found=0 added=0 exhausted=True cert=True
[clean-BPC  2166.59s] cut_added family=schedule_nogood_core node=72 added=2 source_vehicle=1 route_count=4 signatures=[[7, 12, 13, 9], [8, 10, 6, 2], [1, 3, 20, 5], [4, 19, 16, 15, 18]]
[clean-BPC  2166.59s] node 20 d=5 lb=229.39794 open=37
[clean-BPC  2166.82s] node 20 cg=1 phase=phase1 obj=0.0 artificial=0.0 cols=3855
[clean-BPC  2167.05s] node 20 cg=2 phase=phase2 obj=229.39794 artificial=0.0 cols=3855
[clean-BPC  2170.29s] node 20 cg=2 phase=phase2 kind=heuristic best_rc=0.0 found=0 added=0 exhausted=False cert=False
[clean-BPC  2177.83s] node 20 cg=2 phase=phase2 kind=heuristic_boost best_rc=0.0 found=0 added=0 exhausted=True cert=True
[clean-BPC  2178.50s] cut_added family=schedule_nogood_core node=20 added=1 source_vehicle=1 route_count=3 signatures=[[18, 15, 16, 19, 4], [8, 10, 6, 2], [1, 5, 20, 3]]
[clean-BPC  2178.50s] node 20 d=5 lb=229.39794 open=37
[clean-BPC  2178.72s] node 20 cg=1 phase=phase1 obj=0.0 artificial=0.0 cols=3855
[clean-BPC  2178.94s] node 20 cg=2 phase=phase2 obj=229.39794 artificial=0.0 cols=3855
[clean-BPC  2182.23s] node 20 cg=2 phase=phase2 kind=heuristic best_rc=0.0 found=0 added=0 exhausted=False cert=False
[clean-BPC  2189.91s] node 20 cg=2 phase=phase2 kind=heuristic_boost best_rc=0.0 found=0 added=0 exhausted=True cert=True
[clean-BPC  2194.68s] branch node 20: left=arc(20,5)=off right=arc(20,5)=on
[clean-BPC  2194.68s] node 73 d=7 lb=229.39794 open=38
[clean-BPC  2194.87s] node 73 cg=1 phase=phase1 obj=0.0 artificial=0.0 cols=3855
[clean-BPC  2195.09s] node 73 cg=2 phase=phase2 obj=229.39794 artificial=0.0 cols=3855
[clean-BPC  2198.33s] node 73 cg=2 phase=phase2 kind=heuristic best_rc=-0.292281 found=2 added=2 exhausted=False cert=False
[clean-BPC  2198.54s] node 73 cg=3 phase=phase2 obj=229.39794 artificial=0.0 cols=3857
[clean-BPC  2201.75s] node 73 cg=3 phase=phase2 kind=heuristic best_rc=-0.0562445 found=3 added=3 exhausted=False cert=False
[clean-BPC  2201.94s] node 73 cg=4 phase=phase2 obj=229.39794 artificial=0.0 cols=3860
[clean-BPC  2205.08s] node 73 cg=4 phase=phase2 kind=heuristic best_rc=0.0 found=0 added=0 exhausted=False cert=False
[clean-BPC  2212.67s] node 73 cg=4 phase=phase2 kind=heuristic_boost best_rc=0.0 found=0 added=0 exhausted=True cert=True
[clean-BPC  2213.74s] cut_added family=schedule_nogood_core node=73 added=2 source_vehicle=1 route_count=4 signatures=[[7, 12, 13, 9], [8, 10, 6, 2], [1, 5, 20, 3], [4, 19, 16, 15, 18]]
[clean-BPC  2213.74s] node 74 d=7 lb=229.39794 open=38
[clean-BPC  2213.96s] node 74 cg=1 phase=phase1 obj=0.0 artificial=0.0 cols=3860
[clean-BPC  2214.18s] node 74 cg=2 phase=phase2 obj=229.39794 artificial=0.0 cols=3860
[clean-BPC  2217.40s] node 74 cg=2 phase=phase2 kind=heuristic best_rc=-0.158661 found=1 added=1 exhausted=False cert=False
[clean-BPC  2217.61s] node 74 cg=3 phase=phase2 obj=229.39794 artificial=0.0 cols=3861
[clean-BPC  2217.61s] cut_purged node=74 removed=2 by_kind={'schedule_nogood_core': 2} remaining=76
[clean-BPC  2217.82s] node 74 cg=4 phase=phase2 obj=229.39794 artificial=0.0 cols=3861
[clean-BPC  2217.82s] cut_purged node=74 removed=2 by_kind={'schedule_nogood_core': 2} remaining=74
[clean-BPC  2218.03s] node 74 cg=5 phase=phase2 obj=229.39794 artificial=0.0 cols=3861
[clean-BPC  2221.26s] node 74 cg=5 phase=phase2 kind=heuristic best_rc=0.460725 found=0 added=0 exhausted=False cert=False
[clean-BPC  2229.31s] node 74 cg=5 phase=phase2 kind=heuristic_boost best_rc=0.460725 found=0 added=0 exhausted=True cert=True
[clean-BPC  2230.39s] cut_added family=schedule_nogood_core node=74 added=2 source_vehicle=1 route_count=4 signatures=[[7, 12, 13, 9], [2, 6, 10, 8], [3, 20, 5, 1], [4, 19, 16, 15, 18]]
[clean-BPC  2230.39s] node 71 d=7 lb=229.39794 open=38
[clean-BPC  2230.59s] node 71 cg=1 phase=phase1 obj=0.0 artificial=0.0 cols=3861
[clean-BPC  2230.78s] node 71 cg=2 phase=phase2 obj=229.39794 artificial=0.0 cols=3861
[clean-BPC  2230.78s] cut_purged node=71 removed=1 by_kind={'schedule_nogood_core': 1} remaining=75
[clean-BPC  2230.99s] node 71 cg=3 phase=phase2 obj=229.39794 artificial=0.0 cols=3861
[clean-BPC  2233.98s] node 71 cg=3 phase=phase2 kind=heuristic best_rc=0.030207 found=0 added=0 exhausted=False cert=False
[clean-BPC  2240.59s] node 71 cg=3 phase=phase2 kind=heuristic_boost best_rc=0.030207 found=0 added=0 exhausted=True cert=True
[clean-BPC  2241.64s] cut_added family=schedule_nogood_core node=71 added=1 source_vehicle=1 route_count=4 signatures=[[2, 6, 10, 8], [1, 3, 20, 5], [4, 19, 16, 15, 18], [9, 13, 12, 7]]
[clean-BPC  2241.64s] node 72 d=7 lb=229.39794 open=38
[clean-BPC  2241.86s] node 72 cg=1 phase=phase1 obj=0.0 artificial=0.0 cols=3861
[clean-BPC  2242.09s] node 72 cg=2 phase=phase2 obj=229.39794 artificial=0.0 cols=3861
[clean-BPC  2245.13s] node 72 cg=2 phase=phase2 kind=heuristic best_rc=0.291470333 found=0 added=0 exhausted=False cert=False
[clean-BPC  2252.24s] node 72 cg=2 phase=phase2 kind=heuristic_boost best_rc=0.048236 found=0 added=0 exhausted=True cert=True
[clean-BPC  2253.30s] cut_added family=schedule_nogood_core node=72 added=1 source_vehicle=1 route_count=4 signatures=[[7, 12, 13, 9], [2, 8, 10, 6], [1, 3, 20, 5], [4, 19, 16, 15, 18]]
[clean-BPC  2253.30s] node 72 d=7 lb=229.39794 open=38
[clean-BPC  2253.52s] node 72 cg=1 phase=phase1 obj=0.0 artificial=0.0 cols=3861
[clean-BPC  2253.75s] node 72 cg=2 phase=phase2 obj=229.513713 artificial=0.0 cols=3861
[clean-BPC  2253.75s] cut_purged node=72 removed=2 by_kind={'schedule_nogood_core': 2} remaining=75
[clean-BPC  2253.98s] node 72 cg=3 phase=phase2 obj=229.513713 artificial=0.0 cols=3861
[clean-BPC  2257.32s] node 72 cg=3 phase=phase2 kind=heuristic best_rc=0.150776 found=0 added=0 exhausted=False cert=False
[clean-BPC  2266.50s] node 72 cg=3 phase=phase2 kind=heuristic_boost best_rc=-0.379553667 found=1 added=1 exhausted=True cert=True
[clean-BPC  2266.72s] node 72 cg=4 phase=phase2 obj=229.513713 artificial=0.0 cols=3862
[clean-BPC  2270.07s] node 72 cg=4 phase=phase2 kind=heuristic best_rc=0.150776 found=0 added=0 exhausted=False cert=False
[clean-BPC  2279.19s] node 72 cg=4 phase=phase2 kind=heuristic_boost best_rc=0.11665625 found=0 added=0 exhausted=True cert=True
[clean-BPC  2283.34s] branch node 72: left=arc(10,8)=off right=arc(10,8)=on
[clean-BPC  2283.34s] node 75 d=6 lb=229.39794 open=39
[clean-BPC  2283.56s] node 75 cg=1 phase=phase1 obj=0.0 artificial=0.0 cols=3862
[clean-BPC  2283.80s] node 75 cg=2 phase=phase2 obj=229.39794 artificial=0.0 cols=3862
[clean-BPC  2286.78s] node 75 cg=2 phase=phase2 kind=heuristic best_rc=-0.0 found=0 added=0 exhausted=False cert=False
[clean-BPC  2293.63s] node 75 cg=2 phase=phase2 kind=heuristic_boost best_rc=-0.0 found=0 added=0 exhausted=True cert=True
[clean-BPC  2294.27s] cut_added family=schedule_nogood_core node=75 added=2 source_vehicle=1 route_count=3 signatures=[[18, 15, 16, 19, 4], [2, 6, 10, 8], [1, 5, 20, 3]]
[clean-BPC  2294.27s] node 76 d=6 lb=229.39794 open=39
[clean-BPC  2294.49s] node 76 cg=1 phase=phase1 obj=0.0 artificial=0.0 cols=3862
[clean-BPC  2294.73s] node 76 cg=2 phase=phase2 obj=229.39794 artificial=0.0 cols=3862
[clean-BPC  2294.73s] cut_purged node=76 removed=1 by_kind={'schedule_nogood_core': 1} remaining=76
[clean-BPC  2294.96s] node 76 cg=3 phase=phase2 obj=229.39794 artificial=0.0 cols=3862
[clean-BPC  2297.93s] node 76 cg=3 phase=phase2 kind=heuristic best_rc=0.0 found=0 added=0 exhausted=False cert=False
[clean-BPC  2304.79s] node 76 cg=3 phase=phase2 kind=heuristic_boost best_rc=0.0 found=0 added=0 exhausted=True cert=True
[clean-BPC  2305.44s] cut_added family=schedule_nogood_core node=76 added=1 source_vehicle=1 route_count=3 signatures=[[18, 15, 16, 19, 4], [2, 6, 10, 8], [1, 3, 20, 5]]
[clean-BPC  2305.44s] node 73 d=7 lb=229.39794 open=39
[clean-BPC  2305.64s] node 73 cg=1 phase=phase1 obj=0.0 artificial=0.0 cols=3862
[clean-BPC  2305.85s] node 73 cg=2 phase=phase2 obj=229.39794 artificial=0.0 cols=3862
[clean-BPC  2305.85s] cut_purged node=73 removed=1 by_kind={'schedule_nogood_core': 1} remaining=76
[clean-BPC  2306.05s] node 73 cg=3 phase=phase2 obj=229.39794 artificial=0.0 cols=3862
[clean-BPC  2306.05s] cut_purged node=73 removed=1 by_kind={'schedule_nogood_core': 1} remaining=75
[clean-BPC  2306.25s] node 73 cg=4 phase=phase2 obj=229.39794 artificial=0.0 cols=3862
[clean-BPC  2309.37s] node 73 cg=4 phase=phase2 kind=heuristic best_rc=-0.273411 found=1 added=1 exhausted=False cert=False
[clean-BPC  2309.57s] node 73 cg=5 phase=phase2 obj=229.39794 artificial=0.0 cols=3863
[clean-BPC  2312.57s] node 73 cg=5 phase=phase2 kind=heuristic best_rc=0.583761 found=0 added=0 exhausted=False cert=False
[clean-BPC  2319.17s] node 73 cg=5 phase=phase2 kind=heuristic_boost best_rc=0.583761 found=0 added=0 exhausted=True cert=True
[clean-BPC  2320.23s] cut_added family=schedule_nogood_core node=73 added=1 source_vehicle=1 route_count=4 signatures=[[7, 12, 13, 9], [2, 8, 10, 6], [1, 5, 20, 3], [4, 19, 16, 15, 18]]
[clean-BPC  2320.23s] node 75 d=6 lb=229.39794 open=39
[clean-BPC  2320.46s] node 75 cg=1 phase=phase1 obj=0.0 artificial=0.0 cols=3863
[clean-BPC  2320.69s] node 75 cg=2 phase=phase2 obj=229.39794 artificial=0.0 cols=3863
[clean-BPC  2320.69s] cut_purged node=75 removed=2 by_kind={'schedule_nogood_core': 2} remaining=74
[clean-BPC  2320.92s] node 75 cg=3 phase=phase2 obj=229.39794 artificial=0.0 cols=3863
[clean-BPC  2324.12s] node 75 cg=3 phase=phase2 kind=heuristic best_rc=0.278645175 found=0 added=0 exhausted=False cert=False
[clean-BPC  2331.96s] node 75 cg=3 phase=phase2 kind=heuristic_boost best_rc=-0.4179336 found=6 added=6 exhausted=True cert=True
[clean-BPC  2332.19s] node 75 cg=4 phase=phase2 obj=229.39794 artificial=0.0 cols=3869
[clean-BPC  2335.48s] node 75 cg=4 phase=phase2 kind=heuristic best_rc=0.21647045 found=0 added=0 exhausted=False cert=False
[clean-BPC  2343.45s] node 75 cg=4 phase=phase2 kind=heuristic_boost best_rc=0.210892108 found=0 added=0 exhausted=True cert=True
[clean-BPC  2344.08s] cut_added family=schedule_nogood_core node=75 added=1 source_vehicle=1 route_count=3 signatures=[[18, 15, 16, 19, 4], [2, 8, 10, 6], [1, 5, 20, 3]]
[clean-BPC  2344.09s] node 76 d=6 lb=229.39794 open=39
[clean-BPC  2344.31s] node 76 cg=1 phase=phase1 obj=0.0 artificial=0.0 cols=3869
[clean-BPC  2344.55s] node 76 cg=2 phase=phase2 obj=229.39794 artificial=0.0 cols=3869
[clean-BPC  2344.55s] cut_purged node=76 removed=1 by_kind={'schedule_nogood_core': 1} remaining=74
[clean-BPC  2344.78s] node 76 cg=3 phase=phase2 obj=229.39794 artificial=0.0 cols=3869
[clean-BPC  2347.83s] node 76 cg=3 phase=phase2 kind=heuristic best_rc=0.401923 found=0 added=0 exhausted=False cert=False
[clean-BPC  2354.75s] node 76 cg=3 phase=phase2 kind=heuristic_boost best_rc=0.401923 found=0 added=0 exhausted=True cert=True
[clean-BPC  2359.00s] branch node 76: left=arc(1,3)=off right=arc(1,3)=on
[clean-BPC  2359.00s] node 73 d=7 lb=229.39794 open=40
[clean-BPC  2359.21s] node 73 cg=1 phase=phase1 obj=0.0 artificial=0.0 cols=3869
[clean-BPC  2359.41s] node 73 cg=2 phase=phase2 obj=229.39794 artificial=0.0 cols=3869
[clean-BPC  2362.43s] node 73 cg=2 phase=phase2 kind=heuristic best_rc=0.583761 found=0 added=0 exhausted=False cert=False
[clean-BPC  2369.12s] node 73 cg=2 phase=phase2 kind=heuristic_boost best_rc=0.583761 found=0 added=0 exhausted=True cert=True
[clean-BPC  2370.18s] cut_added family=schedule_nogood_core node=73 added=1 source_vehicle=1 route_count=4 signatures=[[7, 12, 13, 9], [8, 10, 6, 2], [1, 5, 20, 3], [4, 19, 16, 15, 18]]
[clean-BPC  2370.18s] node 75 d=6 lb=229.39794 open=40
[clean-BPC  2370.40s] node 75 cg=1 phase=phase1 obj=0.0 artificial=0.0 cols=3869
[clean-BPC  2370.63s] node 75 cg=2 phase=phase2 obj=229.39794 artificial=0.0 cols=3869
[clean-BPC  2373.86s] node 75 cg=2 phase=phase2 kind=heuristic best_rc=0.5354334 found=0 added=0 exhausted=False cert=False
[clean-BPC  2381.71s] node 75 cg=2 phase=phase2 kind=heuristic_boost best_rc=0.219593633 found=0 added=0 exhausted=True cert=True
[clean-BPC  2382.36s] cut_added family=schedule_nogood_core node=75 added=2 source_vehicle=1 route_count=3 signatures=[[18, 15, 16, 19, 4], [8, 10, 6, 2], [5, 20, 3, 1]]
[clean-BPC  2382.36s] node 79 d=7 lb=229.39794 open=40
[clean-BPC  2382.58s] node 79 cg=1 phase=phase1 obj=0.0 artificial=0.0 cols=3869
[clean-BPC  2382.81s] node 79 cg=2 phase=phase2 obj=229.39794 artificial=0.0 cols=3869
[clean-BPC  2382.81s] cut_purged node=79 removed=1 by_kind={'schedule_nogood_core': 1} remaining=76
[clean-BPC  2383.03s] node 79 cg=3 phase=phase2 obj=229.39794 artificial=0.0 cols=3869
[clean-BPC  2386.03s] node 79 cg=3 phase=phase2 kind=heuristic best_rc=0.401923 found=0 added=0 exhausted=False cert=False
[clean-BPC  2392.86s] node 79 cg=3 phase=phase2 kind=heuristic_boost best_rc=0.401923 found=0 added=0 exhausted=True cert=True
[clean-BPC  2393.51s] cut_added family=schedule_nogood_core node=79 added=2 source_vehicle=1 route_count=3 signatures=[[18, 15, 16, 19, 4], [2, 8, 10, 6], [3, 20, 5, 1]]
[clean-BPC  2393.51s] node 80 d=7 lb=229.39794 open=40
[clean-BPC  2393.74s] node 80 cg=1 phase=phase1 obj=0.0 artificial=0.0 cols=3869
[clean-BPC  2393.99s] node 80 cg=2 phase=phase2 obj=229.39794 artificial=0.0 cols=3869
[clean-BPC  2397.15s] node 80 cg=2 phase=phase2 kind=heuristic best_rc=0.25085312 found=0 added=0 exhausted=False cert=False
[clean-BPC  2404.61s] node 80 cg=2 phase=phase2 kind=heuristic_boost best_rc=0.0041877 found=0 added=0 exhausted=True cert=True
[clean-BPC  2405.26s] cut_added family=schedule_nogood_core node=80 added=2 source_vehicle=1 route_count=3 signatures=[[18, 15, 16, 19, 4], [6, 10, 8, 2], [1, 3, 20, 5]]
[clean-BPC  2405.26s] node 73 d=7 lb=229.39794 open=40
[clean-BPC  2405.47s] node 73 cg=1 phase=phase1 obj=0.0 artificial=0.0 cols=3869
[clean-BPC  2405.68s] node 73 cg=2 phase=phase2 obj=229.39794 artificial=0.0 cols=3869
[clean-BPC  2405.69s] cut_purged node=73 removed=1 by_kind={'schedule_nogood_core': 1} remaining=79
[clean-BPC  2405.90s] node 73 cg=3 phase=phase2 obj=229.39794 artificial=0.0 cols=3869
[clean-BPC  2408.93s] node 73 cg=3 phase=phase2 kind=heuristic best_rc=0.583761 found=0 added=0 exhausted=False cert=False
[clean-BPC  2415.68s] node 73 cg=3 phase=phase2 kind=heuristic_boost best_rc=0.583761 found=0 added=0 exhausted=True cert=True
[clean-BPC  2419.45s] branch node 73: left=arc(13,12)=off right=arc(13,12)=on
[clean-BPC  2419.45s] node 75 d=6 lb=229.39794 open=41
[clean-BPC  2419.67s] node 75 cg=1 phase=phase1 obj=0.0 artificial=0.0 cols=3869
[clean-BPC  2419.88s] node 75 cg=2 phase=phase2 obj=229.39794 artificial=0.0 cols=3869
[clean-BPC  2422.89s] node 75 cg=2 phase=phase2 kind=heuristic best_rc=0.401923 found=0 added=0 exhausted=False cert=False
[clean-BPC  2429.73s] node 75 cg=2 phase=phase2 kind=heuristic_boost best_rc=0.401923 found=0 added=0 exhausted=True cert=True
[clean-BPC  2430.39s] cut_added family=schedule_nogood_core node=75 added=1 source_vehicle=1 route_count=3 signatures=[[18, 15, 16, 19, 4], [2, 6, 10, 8], [1, 5, 20, 3]]
[clean-BPC  2430.39s] node 79 d=7 lb=229.39794 open=41
[clean-BPC  2430.61s] node 79 cg=1 phase=phase1 obj=0.0 artificial=0.0 cols=3869
[clean-BPC  2430.83s] node 79 cg=2 phase=phase2 obj=229.39794 artificial=0.0 cols=3869
[clean-BPC  2433.79s] node 79 cg=2 phase=phase2 kind=heuristic best_rc=0.401923 found=0 added=0 exhausted=False cert=False
[clean-BPC  2440.61s] node 79 cg=2 phase=phase2 kind=heuristic_boost best_rc=0.401923 found=0 added=0 exhausted=True cert=True
[clean-BPC  2441.25s] cut_added family=schedule_nogood_core node=79 added=2 source_vehicle=1 route_count=3 signatures=[[18, 15, 16, 19, 4], [2, 6, 10, 8], [3, 20, 5, 1]]
[clean-BPC  2441.25s] node 80 d=7 lb=229.39794 open=41
[clean-BPC  2441.49s] node 80 cg=1 phase=phase1 obj=0.0 artificial=0.0 cols=3869
[clean-BPC  2441.74s] node 80 cg=2 phase=phase2 obj=229.39794 artificial=0.0 cols=3869
[clean-BPC  2444.89s] node 80 cg=2 phase=phase2 kind=heuristic best_rc=0.25085312 found=0 added=0 exhausted=False cert=False
[clean-BPC  2452.29s] node 80 cg=2 phase=phase2 kind=heuristic_boost best_rc=0.0041877 found=0 added=0 exhausted=True cert=True
[clean-BPC  2452.95s] cut_added family=schedule_nogood_core node=80 added=2 source_vehicle=1 route_count=3 signatures=[[18, 15, 16, 19, 4], [8, 10, 6, 2], [1, 3, 20, 5]]
[clean-BPC  2452.95s] node 81 d=8 lb=229.39794 open=41
[clean-BPC  2453.16s] node 81 cg=1 phase=phase1 obj=0.0 artificial=0.0 cols=3869
[clean-BPC  2453.36s] node 81 cg=2 phase=phase2 obj=229.39794 artificial=0.0 cols=3869
[clean-BPC  2456.38s] node 81 cg=2 phase=phase2 kind=heuristic best_rc=0.583761 found=0 added=0 exhausted=False cert=False
[clean-BPC  2463.08s] node 81 cg=2 phase=phase2 kind=heuristic_boost best_rc=0.583761 found=0 added=0 exhausted=True cert=True
[clean-BPC  2466.86s] branch node 81: left=arc(20,5)=off right=arc(20,5)=on
[clean-BPC  2466.86s] node 82 d=8 lb=229.39794 open=42
[clean-BPC  2467.08s] node 82 cg=1 phase=phase1 obj=0.0 artificial=0.0 cols=3869
[clean-BPC  2467.29s] node 82 cg=2 phase=phase2 obj=229.39794 artificial=0.0 cols=3869
[clean-BPC  2470.03s] node 82 cg=2 phase=phase2 kind=heuristic best_rc=-0.0 found=0 added=0 exhausted=False cert=False
[clean-BPC  2475.64s] node 82 cg=2 phase=phase2 kind=heuristic_boost best_rc=-0.0 found=0 added=0 exhausted=True cert=True
[clean-BPC  2476.70s] cut_added family=schedule_nogood_core node=82 added=2 source_vehicle=1 route_count=4 signatures=[[8, 10, 6, 2], [1, 5, 20, 3], [4, 19, 16, 15, 18], [9, 13, 12, 7]]
[clean-BPC  2476.70s] node 75 d=6 lb=229.39794 open=42
[clean-BPC  2476.93s] node 75 cg=1 phase=phase1 obj=0.0 artificial=0.0 cols=3869
[clean-BPC  2477.17s] node 75 cg=2 phase=phase2 obj=229.39794 artificial=0.0 cols=3869
[clean-BPC  2480.40s] node 75 cg=2 phase=phase2 kind=heuristic best_rc=0.287983333 found=0 added=0 exhausted=False cert=False
[clean-BPC  2489.16s] node 75 cg=2 phase=phase2 kind=heuristic_boost best_rc=0.287983333 found=0 added=0 exhausted=True cert=True
[clean-BPC  2489.81s] cut_added family=schedule_nogood_core node=75 added=2 source_vehicle=1 route_count=3 signatures=[[18, 15, 16, 19, 4], [2, 6, 10, 8], [5, 20, 3, 1]]
[clean-BPC  2489.81s] node 79 d=7 lb=229.39794 open=42
[clean-BPC  2490.04s] node 79 cg=1 phase=phase1 obj=0.0 artificial=0.0 cols=3869
[clean-BPC  2490.28s] node 79 cg=2 phase=phase2 obj=229.490106 artificial=0.0 cols=3869
[clean-BPC  2493.58s] node 79 cg=2 phase=phase2 kind=heuristic best_rc=0.277119267 found=0 added=0 exhausted=False cert=False
[clean-BPC  2501.53s] node 79 cg=2 phase=phase2 kind=heuristic_boost best_rc=0.277119267 found=0 added=0 exhausted=True cert=True
[clean-BPC  2506.91s] branch node 79: left=RF(2,17)=separate right=RF(2,17)=same
[clean-BPC  2506.91s] node 80 d=7 lb=229.39794 open=43
[clean-BPC  2507.13s] node 80 cg=1 phase=phase1 obj=0.0 artificial=0.0 cols=3869
[clean-BPC  2507.37s] node 80 cg=2 phase=phase2 obj=229.449143 artificial=0.0 cols=3869
[clean-BPC  2510.76s] node 80 cg=2 phase=phase2 kind=heuristic best_rc=0.347285 found=0 added=0 exhausted=False cert=False
[clean-BPC  2519.91s] node 80 cg=2 phase=phase2 kind=heuristic_boost best_rc=0.028344222 found=0 added=0 exhausted=True cert=True
[clean-BPC  2523.87s] branch node 80: left=RF(9,17)=separate right=RF(9,17)=same
[clean-BPC  2523.87s] node 83 d=9 lb=229.39794 open=44
[clean-BPC  2524.07s] node 83 cg=1 phase=phase1 obj=0.0 artificial=0.0 cols=3869
[clean-BPC  2524.26s] node 83 cg=2 phase=phase2 obj=229.39794 artificial=0.0 cols=3869
[clean-BPC  2524.26s] cut_purged node=83 removed=2 by_kind={'schedule_nogood_core': 2} remaining=86
[clean-BPC  2524.47s] node 83 cg=3 phase=phase2 obj=229.39794 artificial=0.0 cols=3869
[clean-BPC  2527.50s] node 83 cg=3 phase=phase2 kind=heuristic best_rc=0.583761 found=0 added=0 exhausted=False cert=False
[clean-BPC  2534.11s] node 83 cg=3 phase=phase2 kind=heuristic_boost best_rc=0.583761 found=0 added=0 exhausted=True cert=True
[clean-BPC  2537.06s] branch node 83: left=arc(3,1)=off right=arc(3,1)=on
[clean-BPC  2537.06s] node 84 d=9 lb=229.39794 open=45
[clean-BPC  2537.25s] node 84 cg=1 phase=phase1 obj=0.0 artificial=0.0 cols=3869
[clean-BPC  2537.47s] node 84 cg=2 phase=phase2 obj=229.39794 artificial=0.0 cols=3869
[clean-BPC  2540.63s] node 84 cg=2 phase=phase2 kind=heuristic best_rc=0.54859475 found=0 added=0 exhausted=False cert=False
[clean-BPC  2548.03s] node 84 cg=2 phase=phase2 kind=heuristic_boost best_rc=0.4475735 found=0 added=0 exhausted=True cert=True
[clean-BPC  2549.10s] cut_added family=schedule_nogood_core node=84 added=2 source_vehicle=1 route_count=4 signatures=[[7, 12, 13, 9], [2, 8, 10, 6], [3, 20, 5, 1], [4, 19, 16, 15, 18]]
[clean-BPC  2549.10s] node 82 d=8 lb=229.39794 open=45
[clean-BPC  2549.30s] node 82 cg=1 phase=phase1 obj=0.0 artificial=0.0 cols=3869
[clean-BPC  2549.51s] node 82 cg=2 phase=phase2 obj=229.39794 artificial=0.0 cols=3869
[clean-BPC  2552.54s] node 82 cg=2 phase=phase2 kind=heuristic best_rc=-0.152263 found=1 added=1 exhausted=False cert=False
[clean-BPC  2552.75s] node 82 cg=3 phase=phase2 obj=229.39794 artificial=0.0 cols=3870
[clean-BPC  2555.86s] node 82 cg=3 phase=phase2 kind=heuristic best_rc=0.0 found=0 added=0 exhausted=False cert=False
[clean-BPC  2563.44s] node 82 cg=3 phase=phase2 kind=heuristic_boost best_rc=0.0 found=0 added=0 exhausted=True cert=True
[clean-BPC  2564.51s] cut_added family=schedule_nogood_core node=82 added=2 source_vehicle=1 route_count=4 signatures=[[2, 8, 10, 6], [1, 5, 20, 3], [4, 19, 16, 15, 18], [9, 13, 12, 7]]
[clean-BPC  2564.51s] node 75 d=6 lb=229.39794 open=45
[clean-BPC  2564.74s] node 75 cg=1 phase=phase1 obj=0.0 artificial=0.0 cols=3870
[clean-BPC  2564.98s] node 75 cg=2 phase=phase2 obj=229.39794 artificial=0.0 cols=3870
[clean-BPC  2564.98s] cut_purged node=75 removed=2 by_kind={'schedule_nogood_core': 2} remaining=88
[clean-BPC  2565.22s] node 75 cg=3 phase=phase2 obj=229.39794 artificial=0.0 cols=3870
[clean-BPC  2565.22s] cut_purged node=75 removed=1 by_kind={'schedule_nogood_core': 1} remaining=87
[clean-BPC  2565.47s] node 75 cg=4 phase=phase2 obj=229.39794 artificial=0.0 cols=3870
[clean-BPC  2565.47s] cut_purged node=75 removed=3 by_kind={'schedule_nogood_core': 3} remaining=84
[clean-BPC  2565.69s] node 75 cg=5 phase=phase2 obj=229.39794 artificial=0.0 cols=3870
[clean-BPC  2568.98s] node 75 cg=5 phase=phase2 kind=heuristic best_rc=0.21647045 found=0 added=0 exhausted=False cert=False
[clean-BPC  2576.99s] node 75 cg=5 phase=phase2 kind=heuristic_boost best_rc=0.210892108 found=0 added=0 exhausted=True cert=True
[clean-BPC  2577.65s] cut_added family=schedule_nogood_core node=75 added=1 source_vehicle=1 route_count=3 signatures=[[18, 15, 16, 19, 4], [2, 8, 10, 6], [1, 5, 20, 3]]
[clean-BPC  2577.65s] node 89 d=10 lb=229.39794 open=45
[clean-BPC  2577.83s] node 89 cg=1 phase=phase1 obj=0.0 artificial=0.0 cols=3870
[clean-BPC  2578.03s] node 89 cg=2 phase=phase2 obj=229.39794 artificial=0.0 cols=3870
[clean-BPC  2581.14s] node 89 cg=2 phase=phase2 kind=heuristic best_rc=-0.38796825 found=5 added=5 exhausted=False cert=False
[clean-BPC  2581.34s] node 89 cg=3 phase=phase2 obj=229.39794 artificial=0.0 cols=3875
[clean-BPC  2581.34s] cut_purged node=89 removed=1 by_kind={'schedule_nogood_core': 1} remaining=84
[clean-BPC  2581.52s] node 89 cg=4 phase=phase2 obj=229.39794 artificial=0.0 cols=3875
[clean-BPC  2584.80s] node 89 cg=4 phase=phase2 kind=heuristic best_rc=0.350339 found=0 added=0 exhausted=False cert=False
[clean-BPC  2592.63s] node 89 cg=4 phase=phase2 kind=heuristic_boost best_rc=0.350339 found=0 added=0 exhausted=True cert=True
[clean-BPC  2593.69s] cut_added family=schedule_nogood_core node=89 added=2 source_vehicle=1 route_count=4 signatures=[[7, 12, 13, 9], [6, 10, 8, 2], [1, 5, 20, 3], [4, 19, 16, 15, 18]]
[clean-BPC  2593.69s] node 90 d=10 lb=229.39794 open=45
[clean-BPC  2593.89s] node 90 cg=1 phase=phase1 obj=0.0 artificial=0.0 cols=3875
[clean-BPC  2594.10s] node 90 cg=2 phase=phase2 obj=229.39794 artificial=0.0 cols=3875
[clean-BPC  2594.10s] cut_purged node=90 removed=2 by_kind={'schedule_nogood_core': 2} remaining=84
[clean-BPC  2594.29s] node 90 cg=3 phase=phase2 obj=229.39794 artificial=0.0 cols=3875
[clean-BPC  2597.26s] node 90 cg=3 phase=phase2 kind=heuristic best_rc=0.583761 found=0 added=0 exhausted=False cert=False
[clean-BPC  2603.77s] node 90 cg=3 phase=phase2 kind=heuristic_boost best_rc=0.583761 found=0 added=0 exhausted=True cert=True
[clean-BPC  2604.85s] cut_added family=schedule_nogood_core node=90 added=2 source_vehicle=1 route_count=4 signatures=[[7, 12, 13, 9], [2, 8, 10, 6], [5, 20, 3, 1], [4, 19, 16, 15, 18]]
[clean-BPC  2604.85s] node 84 d=9 lb=229.39794 open=45
[clean-BPC  2605.05s] node 84 cg=1 phase=phase1 obj=0.0 artificial=0.0 cols=3875
[clean-BPC  2605.25s] node 84 cg=2 phase=phase2 obj=229.39794 artificial=0.0 cols=3875
[clean-BPC  2608.39s] node 84 cg=2 phase=phase2 kind=heuristic best_rc=0.54859475 found=0 added=0 exhausted=False cert=False
[clean-BPC  2615.80s] node 84 cg=2 phase=phase2 kind=heuristic_boost best_rc=0.4475735 found=0 added=0 exhausted=True cert=True
[clean-BPC  2616.87s] cut_added family=schedule_nogood_core node=84 added=1 source_vehicle=1 route_count=4 signatures=[[7, 12, 13, 9], [2, 8, 10, 6], [3, 20, 5, 1], [4, 19, 16, 15, 18]]
[clean-BPC  2616.87s] node 82 d=8 lb=229.39794 open=45
[clean-BPC  2617.08s] node 82 cg=1 phase=phase1 obj=0.0 artificial=0.0 cols=3875
[clean-BPC  2617.28s] node 82 cg=2 phase=phase2 obj=229.39794 artificial=0.0 cols=3875
[clean-BPC  2620.03s] node 82 cg=2 phase=phase2 kind=heuristic best_rc=-0.0 found=0 added=0 exhausted=False cert=False
[clean-BPC  2625.63s] node 82 cg=2 phase=phase2 kind=heuristic_boost best_rc=-0.0 found=0 added=0 exhausted=True cert=True
[clean-BPC  2626.69s] cut_added family=schedule_nogood_core node=82 added=1 source_vehicle=1 route_count=4 signatures=[[8, 10, 6, 2], [1, 5, 20, 3], [4, 19, 16, 15, 18], [9, 13, 12, 7]]
[clean-BPC  2626.69s] node 75 d=6 lb=229.39794 open=45
[clean-BPC  2626.92s] node 75 cg=1 phase=phase1 obj=0.0 artificial=0.0 cols=3875
[clean-BPC  2627.14s] node 75 cg=2 phase=phase2 obj=229.39794 artificial=0.0 cols=3875
[clean-BPC  2627.14s] cut_purged node=75 removed=2 by_kind={'schedule_nogood_core': 2} remaining=86
[clean-BPC  2627.38s] node 75 cg=3 phase=phase2 obj=229.39794 artificial=0.0 cols=3875
[clean-BPC  2630.38s] node 75 cg=3 phase=phase2 kind=heuristic best_rc=0.401923 found=0 added=0 exhausted=False cert=False
[clean-BPC  2637.19s] node 75 cg=3 phase=phase2 kind=heuristic_boost best_rc=0.401923 found=0 added=0 exhausted=True cert=True
[clean-BPC  2637.85s] cut_added family=schedule_nogood_core node=75 added=1 source_vehicle=1 route_count=3 signatures=[[18, 15, 16, 19, 4], [2, 6, 10, 8], [1, 5, 20, 3]]
[clean-BPC  2637.85s] node 89 d=10 lb=229.39794 open=45
[clean-BPC  2638.03s] node 89 cg=1 phase=phase1 obj=0.0 artificial=0.0 cols=3875
[clean-BPC  2638.22s] node 89 cg=2 phase=phase2 obj=229.426742 artificial=0.0 cols=3875
[clean-BPC  2641.58s] node 89 cg=2 phase=phase2 kind=heuristic best_rc=0.43674425 found=0 added=0 exhausted=False cert=False
[clean-BPC  2649.50s] node 89 cg=2 phase=phase2 kind=heuristic_boost best_rc=0.081399 found=0 added=0 exhausted=True cert=True
[clean-BPC  2652.84s] branch node 89: left=RF(8,17)=separate right=RF(8,17)=same
[clean-BPC  2652.84s] node 90 d=10 lb=229.39794 open=46
[clean-BPC  2653.05s] node 90 cg=1 phase=phase1 obj=0.0 artificial=0.0 cols=3875
[clean-BPC  2653.24s] node 90 cg=2 phase=phase2 obj=229.39794 artificial=0.0 cols=3875
[clean-BPC  2656.19s] node 90 cg=2 phase=phase2 kind=heuristic best_rc=0.583761 found=0 added=0 exhausted=False cert=False
[clean-BPC  2662.67s] node 90 cg=2 phase=phase2 kind=heuristic_boost best_rc=0.583761 found=0 added=0 exhausted=True cert=True
[clean-BPC  2663.74s] cut_added family=schedule_nogood_core node=90 added=2 source_vehicle=1 route_count=4 signatures=[[7, 12, 13, 9], [8, 10, 6, 2], [5, 20, 3, 1], [4, 19, 16, 15, 18]]
[clean-BPC  2663.74s] node 84 d=9 lb=229.39794 open=46
[clean-BPC  2663.94s] node 84 cg=1 phase=phase1 obj=0.0 artificial=0.0 cols=3875
[clean-BPC  2664.14s] node 84 cg=2 phase=phase2 obj=229.474745 artificial=0.0 cols=3875
[clean-BPC  2667.38s] node 84 cg=2 phase=phase2 kind=heuristic best_rc=0.460725 found=0 added=0 exhausted=False cert=False
[clean-BPC  2674.52s] node 84 cg=2 phase=phase2 kind=heuristic_boost best_rc=0.460725 found=0 added=0 exhausted=True cert=True
[clean-BPC  2678.11s] branch node 84: left=RF(2,17)=separate right=RF(2,17)=same
[clean-BPC  2678.11s] node 82 d=8 lb=229.39794 open=47
[clean-BPC  2678.32s] node 82 cg=1 phase=phase1 obj=0.0 artificial=0.0 cols=3875
[clean-BPC  2678.56s] node 82 cg=2 phase=phase2 obj=229.39794 artificial=0.0 cols=3875
[clean-BPC  2681.32s] node 82 cg=2 phase=phase2 kind=heuristic best_rc=-0.0 found=0 added=0 exhausted=False cert=False
[clean-BPC  2686.95s] node 82 cg=2 phase=phase2 kind=heuristic_boost best_rc=-0.0 found=0 added=0 exhausted=True cert=True
[clean-BPC  2690.95s] branch node 82: left=arc(20,5)=off right=arc(20,5)=on
[clean-BPC  2690.95s] node 75 d=6 lb=229.39794 open=48
[clean-BPC  2691.19s] node 75 cg=1 phase=phase1 obj=0.0 artificial=0.0 cols=3875
[clean-BPC  2691.44s] node 75 cg=2 phase=phase2 obj=229.39794 artificial=0.0 cols=3875
[clean-BPC  2691.44s] cut_purged node=75 removed=1 by_kind={'schedule_nogood_core': 1} remaining=88
[clean-BPC  2691.66s] node 75 cg=3 phase=phase2 obj=229.39794 artificial=0.0 cols=3875
[clean-BPC  2694.97s] node 75 cg=3 phase=phase2 kind=heuristic best_rc=0.21647045 found=0 added=0 exhausted=False cert=False
[clean-BPC  2702.96s] node 75 cg=3 phase=phase2 kind=heuristic_boost best_rc=0.210892108 found=0 added=0 exhausted=True cert=True
[clean-BPC  2703.62s] cut_added family=schedule_nogood_core node=75 added=1 source_vehicle=1 route_count=3 signatures=[[18, 15, 16, 19, 4], [8, 10, 6, 2], [1, 5, 20, 3]]
[clean-BPC  2703.62s] node 95 d=9 lb=229.39794 open=48
[clean-BPC  2703.81s] node 95 cg=1 phase=phase1 obj=0.0 artificial=0.0 cols=3875
[clean-BPC  2704.03s] node 95 cg=2 phase=phase2 obj=229.39794 artificial=0.0 cols=3875
[clean-BPC  2706.82s] node 95 cg=2 phase=phase2 kind=heuristic best_rc=-0.0 found=0 added=0 exhausted=False cert=False
[clean-BPC  2712.46s] node 95 cg=2 phase=phase2 kind=heuristic_boost best_rc=-0.0 found=0 added=0 exhausted=True cert=True
[clean-BPC  2713.52s] cut_added family=schedule_nogood_core node=95 added=2 source_vehicle=1 route_count=4 signatures=[[8, 10, 6, 2], [5, 20, 3, 1], [4, 19, 16, 15, 18], [9, 13, 12, 7]]
[clean-BPC  2713.52s] node 96 d=9 lb=229.39794 open=48
[clean-BPC  2713.72s] node 96 cg=1 phase=phase1 obj=0.0 artificial=0.0 cols=3875
[clean-BPC  2713.94s] node 96 cg=2 phase=phase2 obj=229.39794 artificial=0.0 cols=3875
[clean-BPC  2717.15s] node 96 cg=2 phase=phase2 kind=heuristic best_rc=0.006877 found=0 added=0 exhausted=False cert=False
[clean-BPC  2724.39s] node 96 cg=2 phase=phase2 kind=heuristic_boost best_rc=0.006877 found=0 added=0 exhausted=True cert=True
[clean-BPC  2725.47s] cut_added family=schedule_nogood_core node=96 added=2 source_vehicle=1 route_count=4 signatures=[[2, 8, 10, 6], [3, 20, 5, 1], [4, 19, 16, 15, 18], [9, 13, 12, 7]]
[clean-BPC  2725.47s] node 75 d=6 lb=229.39794 open=48
[clean-BPC  2725.69s] node 75 cg=1 phase=phase1 obj=0.0 artificial=0.0 cols=3875
[clean-BPC  2725.93s] node 75 cg=2 phase=phase2 obj=229.39794 artificial=0.0 cols=3875
[clean-BPC  2725.93s] cut_purged node=75 removed=1 by_kind={'schedule_nogood_core': 1} remaining=92
[clean-BPC  2726.17s] node 75 cg=3 phase=phase2 obj=229.39794 artificial=0.0 cols=3875
[clean-BPC  2726.17s] cut_purged node=75 removed=1 by_kind={'schedule_nogood_core': 1} remaining=91
[clean-BPC  2726.39s] node 75 cg=4 phase=phase2 obj=229.39794 artificial=0.0 cols=3875
[clean-BPC  2729.64s] node 75 cg=4 phase=phase2 kind=heuristic best_rc=0.329244167 found=0 added=0 exhausted=False cert=False
[clean-BPC  2737.17s] node 75 cg=4 phase=phase2 kind=heuristic_boost best_rc=0.325926 found=0 added=0 exhausted=True cert=True
[clean-BPC  2737.81s] cut_added family=schedule_nogood_core node=75 added=1 source_vehicle=1 route_count=3 signatures=[[18, 15, 16, 19, 4], [2, 8, 10, 6], [1, 5, 20, 3]]
[clean-BPC  2737.81s] node 95 d=9 lb=229.39794 open=48
[clean-BPC  2738.02s] node 95 cg=1 phase=phase1 obj=0.0 artificial=0.0 cols=3875
[clean-BPC  2738.22s] node 95 cg=2 phase=phase2 obj=229.39794 artificial=0.0 cols=3875
[clean-BPC  2741.33s] node 95 cg=2 phase=phase2 kind=heuristic best_rc=0.1804675 found=0 added=0 exhausted=False cert=False
[clean-BPC  2748.00s] node 95 cg=2 phase=phase2 kind=heuristic_boost best_rc=0.1804675 found=0 added=0 exhausted=True cert=True
[clean-BPC  2749.07s] cut_added family=schedule_nogood_core node=95 added=1 source_vehicle=1 route_count=4 signatures=[[2, 8, 10, 6], [1, 5, 20, 3], [4, 19, 16, 15, 18], [9, 13, 12, 7]]
[clean-BPC  2749.07s] node 96 d=9 lb=229.39794 open=48
[clean-BPC  2749.29s] node 96 cg=1 phase=phase1 obj=0.0 artificial=0.0 cols=3875
[clean-BPC  2749.49s] node 96 cg=2 phase=phase2 obj=229.552304 artificial=0.0 cols=3875
[clean-BPC  2752.67s] node 96 cg=2 phase=phase2 kind=heuristic best_rc=-0.3315185 found=5 added=5 exhausted=False cert=False
[clean-BPC  2752.88s] node 96 cg=3 phase=phase2 obj=229.552304 artificial=0.0 cols=3880
[clean-BPC  2752.88s] cut_purged node=96 removed=1 by_kind={'schedule_nogood_core': 1} remaining=92
[clean-BPC  2753.10s] node 96 cg=4 phase=phase2 obj=229.552304 artificial=0.0 cols=3880
[clean-BPC  2753.10s] cut_purged node=96 removed=2 by_kind={'schedule_nogood_core': 2} remaining=90
[clean-BPC  2753.32s] node 96 cg=5 phase=phase2 obj=229.552304 artificial=0.0 cols=3880
[clean-BPC  2753.32s] cut_purged node=96 removed=1 by_kind={'schedule_nogood_core': 1} remaining=89
[clean-BPC  2753.54s] node 96 cg=6 phase=phase2 obj=229.552304 artificial=0.0 cols=3880
[clean-BPC  2756.90s] node 96 cg=6 phase=phase2 kind=heuristic best_rc=0.222741 found=0 added=0 exhausted=False cert=False
[clean-BPC  2765.89s] node 96 cg=6 phase=phase2 kind=heuristic_boost best_rc=0.222741 found=0 added=0 exhausted=True cert=True
[clean-BPC  2770.84s] branch node 96: left=arc(3,20)=off right=arc(3,20)=on
[clean-BPC  2770.84s] node 75 d=6 lb=229.39794 open=49
[clean-BPC  2771.08s] node 75 cg=1 phase=phase1 obj=0.0 artificial=0.0 cols=3880
[clean-BPC  2771.31s] node 75 cg=2 phase=phase2 obj=229.39794 artificial=0.0 cols=3880
[clean-BPC  2774.54s] node 75 cg=2 phase=phase2 kind=heuristic best_rc=0.5354334 found=0 added=0 exhausted=False cert=False
[clean-BPC  2782.38s] node 75 cg=2 phase=phase2 kind=heuristic_boost best_rc=0.219593633 found=0 added=0 exhausted=True cert=True
[clean-BPC  2783.03s] cut_added family=schedule_nogood_core node=75 added=1 source_vehicle=1 route_count=3 signatures=[[18, 15, 16, 19, 4], [8, 10, 6, 2], [5, 20, 3, 1]]
[clean-BPC  2783.03s] node 95 d=9 lb=229.39794 open=49
[clean-BPC  2783.24s] node 95 cg=1 phase=phase1 obj=0.0 artificial=0.0 cols=3880
[clean-BPC  2783.46s] node 95 cg=2 phase=phase2 obj=229.39794 artificial=0.0 cols=3880
[clean-BPC  2783.46s] cut_purged node=95 removed=1 by_kind={'schedule_nogood_core': 1} remaining=89
[clean-BPC  2783.66s] node 95 cg=3 phase=phase2 obj=229.39794 artificial=0.0 cols=3880
[clean-BPC  2783.66s] cut_purged node=95 removed=3 by_kind={'schedule_nogood_core': 3} remaining=86
[clean-BPC  2783.89s] node 95 cg=4 phase=phase2 obj=229.39794 artificial=0.0 cols=3880
[clean-BPC  2786.62s] node 95 cg=4 phase=phase2 kind=heuristic best_rc=0.3816755 found=0 added=0 exhausted=False cert=False
[clean-BPC  2792.25s] node 95 cg=4 phase=phase2 kind=heuristic_boost best_rc=0.3816755 found=0 added=0 exhausted=True cert=True
[clean-BPC  2793.33s] cut_added family=schedule_nogood_core node=95 added=1 source_vehicle=1 route_count=4 signatures=[[2, 8, 10, 6], [1, 5, 20, 3], [4, 19, 16, 15, 18], [9, 13, 12, 7]]
[clean-BPC  2793.33s] node 75 d=6 lb=229.39794 open=49
[clean-BPC  2793.54s] node 75 cg=1 phase=phase1 obj=0.0 artificial=0.0 cols=3880
[clean-BPC  2793.77s] node 75 cg=2 phase=phase2 obj=229.39794 artificial=0.0 cols=3880
[clean-BPC  2796.78s] node 75 cg=2 phase=phase2 kind=heuristic best_rc=0.401923 found=0 added=0 exhausted=False cert=False
[clean-BPC  2803.62s] node 75 cg=2 phase=phase2 kind=heuristic_boost best_rc=0.401923 found=0 added=0 exhausted=True cert=True
[clean-BPC  2804.29s] cut_added family=schedule_nogood_core node=75 added=1 source_vehicle=1 route_count=3 signatures=[[18, 15, 16, 19, 4], [2, 6, 10, 8], [1, 5, 20, 3]]
[clean-BPC  2804.29s] node 95 d=9 lb=229.39794 open=49
[clean-BPC  2804.49s] node 95 cg=1 phase=phase1 obj=0.0 artificial=0.0 cols=3880
[clean-BPC  2804.70s] node 95 cg=2 phase=phase2 obj=229.39794 artificial=0.0 cols=3880
[clean-BPC  2807.73s] node 95 cg=2 phase=phase2 kind=heuristic best_rc=0.3816755 found=0 added=0 exhausted=False cert=False
[clean-BPC  2814.65s] node 95 cg=2 phase=phase2 kind=heuristic_boost best_rc=0.3816755 found=0 added=0 exhausted=True cert=True
[clean-BPC  2815.73s] cut_added family=schedule_nogood_core node=95 added=1 source_vehicle=1 route_count=4 signatures=[[8, 10, 6, 2], [5, 20, 3, 1], [4, 19, 16, 15, 18], [9, 13, 12, 7]]
[clean-BPC  2815.73s] node 75 d=6 lb=229.39794 open=49
[clean-BPC  2815.96s] node 75 cg=1 phase=phase1 obj=0.0 artificial=0.0 cols=3880
[clean-BPC  2816.20s] node 75 cg=2 phase=phase2 obj=229.39794 artificial=0.0 cols=3880
[clean-BPC  2819.52s] node 75 cg=2 phase=phase2 kind=heuristic best_rc=0.21647045 found=0 added=0 exhausted=False cert=False
[clean-BPC  2827.57s] node 75 cg=2 phase=phase2 kind=heuristic_boost best_rc=0.210892108 found=0 added=0 exhausted=True cert=True
[clean-BPC  2831.85s] branch node 75: left=arc(1,5)=off right=arc(1,5)=on
[clean-BPC  2831.85s] node 95 d=9 lb=229.39794 open=50
[clean-BPC  2832.05s] node 95 cg=1 phase=phase1 obj=0.0 artificial=0.0 cols=3880
[clean-BPC  2832.26s] node 95 cg=2 phase=phase2 obj=229.39794 artificial=0.0 cols=3880
[clean-BPC  2835.43s] node 95 cg=2 phase=phase2 kind=heuristic best_rc=0.222741 found=0 added=0 exhausted=False cert=False
[clean-BPC  2843.79s] node 95 cg=2 phase=phase2 kind=heuristic_boost best_rc=0.222741 found=0 added=0 exhausted=True cert=True
[clean-BPC  2846.93s] branch node 95: left=arc(6,2)=off right=arc(6,2)=on
[clean-BPC  2846.93s] node 99 d=7 lb=229.39794 open=51
[clean-BPC  2847.15s] node 99 cg=1 phase=phase1 obj=0.0 artificial=0.0 cols=3880
[clean-BPC  2847.38s] node 99 cg=2 phase=phase2 obj=229.39794 artificial=0.0 cols=3880
[clean-BPC  2850.40s] node 99 cg=2 phase=phase2 kind=heuristic best_rc=0.401923 found=0 added=0 exhausted=False cert=False
[clean-BPC  2857.23s] node 99 cg=2 phase=phase2 kind=heuristic_boost best_rc=0.401923 found=0 added=0 exhausted=True cert=True
[clean-BPC  2857.89s] cut_added family=schedule_nogood_core node=99 added=1 source_vehicle=1 route_count=3 signatures=[[18, 15, 16, 19, 4], [2, 6, 10, 8], [5, 20, 3, 1]]
[clean-BPC  2857.89s] node 100 d=7 lb=229.39794 open=51
[clean-BPC  2858.11s] node 100 cg=1 phase=phase1 obj=0.0 artificial=0.0 cols=3880
[clean-BPC  2858.35s] node 100 cg=2 phase=phase2 obj=229.39794 artificial=0.0 cols=3880
[clean-BPC  2861.60s] node 100 cg=2 phase=phase2 kind=heuristic best_rc=0.329244167 found=0 added=0 exhausted=False cert=False
[clean-BPC  2869.21s] node 100 cg=2 phase=phase2 kind=heuristic_boost best_rc=0.325926 found=0 added=0 exhausted=True cert=True
[clean-BPC  2869.85s] cut_added family=schedule_nogood_core node=100 added=1 source_vehicle=1 route_count=3 signatures=[[18, 15, 16, 19, 4], [2, 8, 10, 6], [1, 5, 20, 3]]
[clean-BPC  2869.85s] node 101 d=10 lb=229.39794 open=51
[clean-BPC  2870.06s] node 101 cg=1 phase=phase1 obj=0.0 artificial=0.0 cols=3880
[clean-BPC  2870.25s] node 101 cg=2 phase=phase2 obj=229.39794 artificial=0.0 cols=3880
[clean-BPC  2873.46s] node 101 cg=2 phase=phase2 kind=heuristic best_rc=0.377896182 found=0 added=0 exhausted=False cert=False
[clean-BPC  2880.54s] node 101 cg=2 phase=phase2 kind=heuristic_boost best_rc=0.012633939 found=0 added=0 exhausted=True cert=True
[clean-BPC  2881.61s] cut_added family=schedule_nogood_core node=101 added=2 source_vehicle=1 route_count=4 signatures=[[6, 10, 8, 2], [1, 5, 20, 3], [4, 19, 16, 15, 18], [9, 13, 12, 7]]
[clean-BPC  2881.61s] node 102 d=10 lb=229.39794 open=51
[clean-BPC  2881.83s] node 102 cg=1 phase=phase1 obj=0.0 artificial=0.0 cols=3880
[clean-BPC  2882.06s] node 102 cg=2 phase=phase2 obj=229.705346 artificial=0.0 cols=3880
[clean-BPC  2882.06s] cut_purged node=102 removed=1 by_kind={'schedule_nogood_core': 1} remaining=92
[clean-BPC  2882.27s] node 102 cg=3 phase=phase2 obj=229.705346 artificial=0.0 cols=3880
[clean-BPC  2885.56s] node 102 cg=3 phase=phase2 kind=heuristic best_rc=-0.0 found=0 added=0 exhausted=False cert=False
[clean-BPC  2893.58s] node 102 cg=3 phase=phase2 kind=heuristic_boost best_rc=-0.324529 found=1 added=1 exhausted=True cert=True
[clean-BPC  2893.80s] node 102 cg=4 phase=phase2 obj=229.705346 artificial=0.0 cols=3881
[clean-BPC  2897.03s] node 102 cg=4 phase=phase2 kind=heuristic best_rc=-0.1101655 found=1 added=1 exhausted=False cert=False
[clean-BPC  2897.25s] node 102 cg=5 phase=phase2 obj=229.705347 artificial=0.0 cols=3882
[clean-BPC  2900.49s] node 102 cg=5 phase=phase2 kind=heuristic best_rc=0.0457825 found=0 added=0 exhausted=False cert=False
[clean-BPC  2908.02s] node 102 cg=5 phase=phase2 kind=heuristic_boost best_rc=0.0457825 found=0 added=0 exhausted=True cert=True
[clean-BPC  2912.04s] branch node 102: left=arc(10,8)=off right=arc(10,8)=on
[clean-BPC  2912.04s] node 99 d=7 lb=229.39794 open=52
[clean-BPC  2912.27s] node 99 cg=1 phase=phase1 obj=0.0 artificial=0.0 cols=3882
[clean-BPC  2912.50s] node 99 cg=2 phase=phase2 obj=229.39794 artificial=0.0 cols=3882
[clean-BPC  2915.73s] node 99 cg=2 phase=phase2 kind=heuristic best_rc=0.329244167 found=0 added=0 exhausted=False cert=False
[clean-BPC  2923.25s] node 99 cg=2 phase=phase2 kind=heuristic_boost best_rc=0.325926 found=0 added=0 exhausted=True cert=True
[clean-BPC  2923.90s] cut_added family=schedule_nogood_core node=99 added=2 source_vehicle=1 route_count=3 signatures=[[18, 15, 16, 19, 4], [2, 8, 10, 6], [5, 20, 3, 1]]
[clean-BPC  2923.90s] node 100 d=7 lb=229.39794 open=52
[clean-BPC  2924.14s] node 100 cg=1 phase=phase1 obj=0.0 artificial=0.0 cols=3882
[clean-BPC  2924.39s] node 100 cg=2 phase=phase2 obj=229.39794 artificial=0.0 cols=3882
[clean-BPC  2927.47s] node 100 cg=2 phase=phase2 kind=heuristic best_rc=0.401923 found=0 added=0 exhausted=False cert=False
[clean-BPC  2934.93s] node 100 cg=2 phase=phase2 kind=heuristic_boost best_rc=0.401923 found=0 added=0 exhausted=True cert=True
[clean-BPC  2935.58s] cut_added family=schedule_nogood_core node=100 added=2 source_vehicle=1 route_count=3 signatures=[[18, 15, 16, 19, 4], [6, 10, 8, 2], [1, 5, 20, 3]]
[clean-BPC  2935.58s] node 101 d=10 lb=229.39794 open=52
[clean-BPC  2935.79s] node 101 cg=1 phase=phase1 obj=0.0 artificial=0.0 cols=3882
[clean-BPC  2935.99s] node 101 cg=2 phase=phase2 obj=229.39794 artificial=0.0 cols=3882
[clean-BPC  2939.26s] node 101 cg=2 phase=phase2 kind=heuristic best_rc=0.377896182 found=0 added=0 exhausted=False cert=False
[clean-BPC  2946.43s] node 101 cg=2 phase=phase2 kind=heuristic_boost best_rc=0.012633939 found=0 added=0 exhausted=True cert=True
[clean-BPC  2950.33s] branch node 101: left=arc(3,1)=off right=arc(3,1)=on
[clean-BPC  2950.33s] node 99 d=7 lb=229.39794 open=53
[clean-BPC  2950.57s] node 99 cg=1 phase=phase1 obj=0.0 artificial=0.0 cols=3882
[clean-BPC  2950.81s] node 99 cg=2 phase=phase2 obj=229.39794 artificial=0.0 cols=3882
[clean-BPC  2954.19s] node 99 cg=2 phase=phase2 kind=heuristic best_rc=0.401923 found=0 added=0 exhausted=False cert=False
[clean-BPC  2962.83s] node 99 cg=2 phase=phase2 kind=heuristic_boost best_rc=0.401923 found=0 added=0 exhausted=True cert=True
[clean-BPC  2963.49s] cut_added family=schedule_nogood_core node=99 added=1 source_vehicle=1 route_count=3 signatures=[[18, 15, 16, 19, 4], [6, 10, 8, 2], [5, 20, 3, 1]]
[clean-BPC  2963.49s] node 100 d=7 lb=229.39794 open=53
[clean-BPC  2963.71s] node 100 cg=1 phase=phase1 obj=0.0 artificial=0.0 cols=3882
[clean-BPC  2963.96s] node 100 cg=2 phase=phase2 obj=229.449143 artificial=0.0 cols=3882
[clean-BPC  2967.28s] node 100 cg=2 phase=phase2 kind=heuristic best_rc=0.4251 found=0 added=0 exhausted=False cert=False
[clean-BPC  2976.42s] node 100 cg=2 phase=phase2 kind=heuristic_boost best_rc=0.253987584 found=0 added=0 exhausted=True cert=True
[clean-BPC  2980.26s] branch node 100: left=RF(2,17)=separate right=RF(2,17)=same
[clean-BPC  2980.26s] node 105 d=11 lb=229.39794 open=54
[clean-BPC  2980.46s] node 105 cg=1 phase=phase1 obj=0.0 artificial=0.0 cols=3882
[clean-BPC  2980.65s] node 105 cg=2 phase=phase2 obj=229.629485 artificial=0.0 cols=3882
[clean-BPC  2983.86s] node 105 cg=2 phase=phase2 kind=heuristic best_rc=-0.405416667 found=5 added=5 exhausted=False cert=False
[clean-BPC  2984.06s] node 105 cg=3 phase=phase2 obj=229.629485 artificial=0.0 cols=3887
[clean-BPC  2987.27s] node 105 cg=3 phase=phase2 kind=heuristic best_rc=0.0219572 found=0 added=0 exhausted=False cert=False
[clean-BPC  2994.73s] node 105 cg=3 phase=phase2 kind=heuristic_boost best_rc=-0.22126272 found=4 added=4 exhausted=True cert=True
[clean-BPC  2994.94s] node 105 cg=4 phase=phase2 obj=229.629485 artificial=0.0 cols=3891
[clean-BPC  2994.94s] cut_purged node=105 removed=2 by_kind={'schedule_nogood_core': 2} remaining=95
[clean-BPC  2995.15s] node 105 cg=5 phase=phase2 obj=229.629485 artificial=0.0 cols=3891
[clean-BPC  2998.29s] node 105 cg=5 phase=phase2 kind=heuristic best_rc=0.109898 found=0 added=0 exhausted=False cert=False
[clean-BPC  3005.23s] node 105 cg=5 phase=phase2 kind=heuristic_boost best_rc=-0.519236444 found=2 added=2 exhausted=True cert=True
[clean-BPC  3005.42s] node 105 cg=6 phase=phase2 obj=229.629485 artificial=0.0 cols=3893
[clean-BPC  3008.61s] node 105 cg=6 phase=phase2 kind=heuristic best_rc=0.109898 found=0 added=0 exhausted=False cert=False
[clean-BPC  3015.60s] node 105 cg=6 phase=phase2 kind=heuristic_boost best_rc=0.109898 found=0 added=0 exhausted=True cert=True
[clean-BPC  3019.90s] branch node 105: left=arc(6,10)=off right=arc(6,10)=on
[clean-BPC  3019.90s] node 106 d=11 lb=229.39794 open=55
[clean-BPC  3020.12s] node 106 cg=1 phase=phase1 obj=0.0 artificial=0.0 cols=3893
[clean-BPC  3020.33s] node 106 cg=2 phase=phase2 obj=229.39794 artificial=0.0 cols=3893
[clean-BPC  3023.45s] node 106 cg=2 phase=phase2 kind=heuristic best_rc=0.401923 found=0 added=0 exhausted=False cert=False
[clean-BPC  3030.71s] node 106 cg=2 phase=phase2 kind=heuristic_boost best_rc=0.079504748 found=0 added=0 exhausted=True cert=True
[clean-BPC  3031.79s] cut_added family=schedule_nogood_core node=106 added=2 source_vehicle=1 route_count=4 signatures=[[6, 10, 8, 2], [5, 20, 3, 1], [4, 19, 16, 15, 18], [9, 13, 12, 7]]
[clean-BPC  3031.79s] node 99 d=7 lb=229.39794 open=55
[clean-BPC  3032.01s] node 99 cg=1 phase=phase1 obj=0.0 artificial=0.0 cols=3893
[clean-BPC  3032.25s] node 99 cg=2 phase=phase2 obj=229.449143 artificial=0.0 cols=3893
[clean-BPC  3035.67s] node 99 cg=2 phase=phase2 kind=heuristic best_rc=0.401923 found=0 added=0 exhausted=False cert=False
[clean-BPC  3043.89s] node 99 cg=2 phase=phase2 kind=heuristic_boost best_rc=0.401923 found=0 added=0 exhausted=True cert=True
[clean-BPC  3047.65s] branch node 99: left=RF(2,17)=separate right=RF(2,17)=same
[clean-BPC  3047.65s] node 106 d=11 lb=229.39794 open=56
[clean-BPC  3047.87s] node 106 cg=1 phase=phase1 obj=0.0 artificial=0.0 cols=3893
[clean-BPC  3048.10s] node 106 cg=2 phase=phase2 obj=229.39794 artificial=0.0 cols=3893
[clean-BPC  3048.10s] cut_purged node=106 removed=4 by_kind={'schedule_nogood_core': 4} remaining=93
[clean-BPC  3048.32s] node 106 cg=3 phase=phase2 obj=229.39794 artificial=0.0 cols=3893
[clean-BPC  3051.55s] node 106 cg=3 phase=phase2 kind=heuristic best_rc=0.383941917 found=0 added=0 exhausted=False cert=False
[clean-BPC  3058.96s] node 106 cg=3 phase=phase2 kind=heuristic_boost best_rc=0.079991358 found=0 added=0 exhausted=True cert=True
[clean-BPC  3060.06s] cut_added family=schedule_nogood_core node=106 added=2 source_vehicle=1 route_count=4 signatures=[[2, 8, 10, 6], [5, 20, 3, 1], [4, 19, 16, 15, 18], [9, 13, 12, 7]]
[clean-BPC  3060.06s] node 90 d=10 lb=229.39794 open=56
[clean-BPC  3060.26s] node 90 cg=1 phase=phase1 obj=0.0 artificial=0.0 cols=3893
[clean-BPC  3060.48s] node 90 cg=2 phase=phase2 obj=229.39794 artificial=0.0 cols=3893
[clean-BPC  3063.54s] node 90 cg=2 phase=phase2 kind=heuristic best_rc=0.583761 found=0 added=0 exhausted=False cert=False
[clean-BPC  3070.22s] node 90 cg=2 phase=phase2 kind=heuristic_boost best_rc=0.583761 found=0 added=0 exhausted=True cert=True
[clean-BPC  3071.30s] cut_added family=schedule_nogood_core node=90 added=1 source_vehicle=1 route_count=4 signatures=[[7, 12, 13, 9], [2, 8, 10, 6], [5, 20, 3, 1], [4, 19, 16, 15, 18]]
[clean-BPC  3071.30s] node 106 d=11 lb=229.39794 open=56
[clean-BPC  3071.50s] node 106 cg=1 phase=phase1 obj=0.0 artificial=0.0 cols=3893
[clean-BPC  3071.72s] node 106 cg=2 phase=phase2 obj=229.760145 artificial=0.0 cols=3893
[clean-BPC  3075.04s] node 106 cg=2 phase=phase2 kind=heuristic best_rc=0.155404667 found=0 added=0 exhausted=False cert=False
[clean-BPC  3083.08s] node 106 cg=2 phase=phase2 kind=heuristic_boost best_rc=-0.024581847 found=2 added=2 exhausted=True cert=True
[clean-BPC  3083.28s] node 106 cg=3 phase=phase2 obj=229.760145 artificial=0.0 cols=3895
[clean-BPC  3086.52s] node 106 cg=3 phase=phase2 kind=heuristic best_rc=0.155404667 found=0 added=0 exhausted=False cert=False
[clean-BPC  3094.57s] node 106 cg=3 phase=phase2 kind=heuristic_boost best_rc=0.155404667 found=0 added=0 exhausted=True cert=True
[clean-BPC  3098.45s] branch node 106: left=RF(3,8)=separate right=RF(3,8)=same
[clean-BPC  3098.46s] node 90 d=10 lb=229.39794 open=57
[clean-BPC  3098.67s] node 90 cg=1 phase=phase1 obj=0.0 artificial=0.0 cols=3895
[clean-BPC  3098.88s] node 90 cg=2 phase=phase2 obj=229.39794 artificial=0.0 cols=3895
[clean-BPC  3101.85s] node 90 cg=2 phase=phase2 kind=heuristic best_rc=0.583761 found=0 added=0 exhausted=False cert=False
[clean-BPC  3108.42s] node 90 cg=2 phase=phase2 kind=heuristic_boost best_rc=0.583761 found=0 added=0 exhausted=True cert=True
[clean-BPC  3109.49s] cut_added family=schedule_nogood_core node=90 added=1 source_vehicle=1 route_count=4 signatures=[[7, 12, 13, 9], [8, 10, 6, 2], [5, 20, 3, 1], [4, 19, 16, 15, 18]]
[clean-BPC  3109.49s] node 74 d=7 lb=229.39794 open=57
[clean-BPC  3109.71s] node 74 cg=1 phase=phase1 obj=0.0 artificial=0.0 cols=3895
[clean-BPC  3109.93s] node 74 cg=2 phase=phase2 obj=229.39794 artificial=0.0 cols=3895
[clean-BPC  3109.93s] cut_purged node=74 removed=1 by_kind={'schedule_nogood_core': 1} remaining=96
[clean-BPC  3110.16s] node 74 cg=3 phase=phase2 obj=229.39794 artificial=0.0 cols=3895
[clean-BPC  3110.16s] cut_purged node=74 removed=2 by_kind={'schedule_nogood_core': 2} remaining=94
[clean-BPC  3110.39s] node 74 cg=4 phase=phase2 obj=229.39794 artificial=0.0 cols=3895
[clean-BPC  3113.65s] node 74 cg=4 phase=phase2 kind=heuristic best_rc=0.460725 found=0 added=0 exhausted=False cert=False
[clean-BPC  3121.76s] node 74 cg=4 phase=phase2 kind=heuristic_boost best_rc=0.460725 found=0 added=0 exhausted=True cert=True
[clean-BPC  3122.83s] cut_added family=schedule_nogood_core node=74 added=1 source_vehicle=1 route_count=4 signatures=[[7, 12, 13, 9], [2, 6, 10, 8], [1, 5, 20, 3], [4, 19, 16, 15, 18]]
[clean-BPC  3122.83s] node 90 d=10 lb=229.39794 open=57
[clean-BPC  3123.04s] node 90 cg=1 phase=phase1 obj=0.0 artificial=0.0 cols=3895
[clean-BPC  3123.26s] node 90 cg=2 phase=phase2 obj=229.39794 artificial=0.0 cols=3895
[clean-BPC  3123.26s] cut_purged node=90 removed=1 by_kind={'schedule_nogood_core': 1} remaining=94
[clean-BPC  3123.48s] node 90 cg=3 phase=phase2 obj=229.39794 artificial=0.0 cols=3895
[clean-BPC  3123.48s] cut_purged node=90 removed=1 by_kind={'schedule_nogood_core': 1} remaining=93
[clean-BPC  3123.67s] node 90 cg=4 phase=phase2 obj=229.39794 artificial=0.0 cols=3895
[clean-BPC  3126.68s] node 90 cg=4 phase=phase2 kind=heuristic best_rc=0.583761 found=0 added=0 exhausted=False cert=False
[clean-BPC  3133.29s] node 90 cg=4 phase=phase2 kind=heuristic_boost best_rc=0.583761 found=0 added=0 exhausted=True cert=True
[clean-BPC  3134.37s] cut_added family=schedule_nogood_core node=90 added=2 source_vehicle=1 route_count=4 signatures=[[7, 12, 13, 9], [6, 10, 8, 2], [5, 20, 3, 1], [4, 19, 16, 15, 18]]
[clean-BPC  3134.37s] node 74 d=7 lb=229.39794 open=57
[clean-BPC  3134.59s] node 74 cg=1 phase=phase1 obj=0.0 artificial=0.0 cols=3895
[clean-BPC  3134.82s] node 74 cg=2 phase=phase2 obj=229.39794 artificial=0.0 cols=3895
[clean-BPC  3134.82s] cut_purged node=74 removed=1 by_kind={'schedule_nogood_core': 1} remaining=94
[clean-BPC  3135.03s] node 74 cg=3 phase=phase2 obj=229.39794 artificial=0.0 cols=3895
[clean-BPC  3135.03s] cut_purged node=74 removed=1 by_kind={'schedule_nogood_core': 1} remaining=93
[clean-BPC  3135.26s] node 74 cg=4 phase=phase2 obj=229.39794 artificial=0.0 cols=3895
[clean-BPC  3138.51s] node 74 cg=4 phase=phase2 kind=heuristic best_rc=0.460725 found=0 added=0 exhausted=False cert=False
[clean-BPC  3146.73s] node 74 cg=4 phase=phase2 kind=heuristic_boost best_rc=0.460725 found=0 added=0 exhausted=True cert=True
[clean-BPC  3147.79s] cut_added family=schedule_nogood_core node=74 added=1 source_vehicle=1 route_count=4 signatures=[[7, 12, 13, 9], [2, 6, 10, 8], [3, 20, 5, 1], [4, 19, 16, 15, 18]]
[clean-BPC  3147.79s] node 90 d=10 lb=229.39794 open=57
[clean-BPC  3148.01s] node 90 cg=1 phase=phase1 obj=0.0 artificial=0.0 cols=3895
[clean-BPC  3148.22s] node 90 cg=2 phase=phase2 obj=229.426742 artificial=0.0 cols=3895
[clean-BPC  3151.48s] node 90 cg=2 phase=phase2 kind=heuristic best_rc=0.460725 found=0 added=0 exhausted=False cert=False
[clean-BPC  3159.10s] node 90 cg=2 phase=phase2 kind=heuristic_boost best_rc=0.460725 found=0 added=0 exhausted=True cert=True
[clean-BPC  3162.48s] branch node 90: left=RF(8,17)=separate right=RF(8,17)=same
[clean-BPC  3162.48s] node 74 d=7 lb=229.39794 open=58
[clean-BPC  3162.68s] node 74 cg=1 phase=phase1 obj=0.0 artificial=0.0 cols=3895
[clean-BPC  3162.91s] node 74 cg=2 phase=phase2 obj=229.39794 artificial=0.0 cols=3895
[clean-BPC  3166.25s] node 74 cg=2 phase=phase2 kind=heuristic best_rc=0.460725 found=0 added=0 exhausted=False cert=False
[clean-BPC  3174.68s] node 74 cg=2 phase=phase2 kind=heuristic_boost best_rc=0.460725 found=0 added=0 exhausted=True cert=True
[clean-BPC  3178.84s] branch node 74: left=arc(1,5)=off right=arc(1,5)=on
[clean-BPC  3178.84s] node 71 d=7 lb=229.39794 open=59
[clean-BPC  3179.04s] node 71 cg=1 phase=phase1 obj=0.0 artificial=0.0 cols=3895
[clean-BPC  3179.26s] node 71 cg=2 phase=phase2 obj=229.39794 artificial=0.0 cols=3895
[clean-BPC  3182.52s] node 71 cg=2 phase=phase2 kind=heuristic best_rc=0.365048308 found=0 added=0 exhausted=False cert=False
[clean-BPC  3190.17s] node 71 cg=2 phase=phase2 kind=heuristic_boost best_rc=0.308927308 found=0 added=0 exhausted=True cert=True
[clean-BPC  3191.25s] cut_added family=schedule_nogood_core node=71 added=1 source_vehicle=1 route_count=4 signatures=[[2, 6, 10, 8], [1, 3, 20, 5], [4, 19, 16, 15, 18], [9, 13, 12, 7]]
[clean-BPC  3191.25s] node 117 d=8 lb=229.39794 open=59
[clean-BPC  3191.46s] node 117 cg=1 phase=phase1 obj=0.0 artificial=0.0 cols=3895
[clean-BPC  3191.69s] node 117 cg=2 phase=phase2 obj=229.39794 artificial=0.0 cols=3895
[clean-BPC  3194.98s] node 117 cg=2 phase=phase2 kind=heuristic best_rc=0.460725 found=0 added=0 exhausted=False cert=False
[clean-BPC  3203.19s] node 117 cg=2 phase=phase2 kind=heuristic_boost best_rc=0.460725 found=0 added=0 exhausted=True cert=True
[clean-BPC  3204.28s] cut_added family=schedule_nogood_core node=117 added=2 source_vehicle=1 route_count=4 signatures=[[7, 12, 13, 9], [2, 6, 10, 8], [5, 20, 3, 1], [4, 19, 16, 15, 18]]
[clean-BPC  3204.28s] node 118 d=8 lb=229.39794 open=59
[clean-BPC  3204.51s] node 118 cg=1 phase=phase1 obj=0.0 artificial=0.0 cols=3895
[clean-BPC  3204.74s] node 118 cg=2 phase=phase2 obj=229.39794 artificial=0.0 cols=3895
[clean-BPC  3204.74s] cut_purged node=118 removed=1 by_kind={'schedule_nogood_core': 1} remaining=96
[clean-BPC  3204.98s] node 118 cg=3 phase=phase2 obj=229.39794 artificial=0.0 cols=3895
[clean-BPC  3208.28s] node 118 cg=3 phase=phase2 kind=heuristic best_rc=0.460725 found=0 added=0 exhausted=False cert=False
[clean-BPC  3216.57s] node 118 cg=3 phase=phase2 kind=heuristic_boost best_rc=0.460725 found=0 added=0 exhausted=True cert=True
[clean-BPC  3217.65s] cut_added family=schedule_nogood_core node=118 added=2 source_vehicle=1 route_count=4 signatures=[[2, 6, 10, 8], [1, 5, 20, 3], [4, 19, 16, 15, 18], [9, 13, 12, 7]]
[clean-BPC  3217.65s] node 71 d=7 lb=229.39794 open=59
[clean-BPC  3217.85s] node 71 cg=1 phase=phase1 obj=0.0 artificial=0.0 cols=3895
[clean-BPC  3218.08s] node 71 cg=2 phase=phase2 obj=229.39794 artificial=0.0 cols=3895
[clean-BPC  3221.25s] node 71 cg=2 phase=phase2 kind=heuristic best_rc=0.365048308 found=0 added=0 exhausted=False cert=False
[clean-BPC  3228.87s] node 71 cg=2 phase=phase2 kind=heuristic_boost best_rc=0.308927308 found=0 added=0 exhausted=True cert=True
[clean-BPC  3229.95s] cut_added family=schedule_nogood_core node=71 added=2 source_vehicle=1 route_count=4 signatures=[[2, 8, 10, 6], [1, 3, 20, 5], [4, 19, 16, 15, 18], [9, 13, 12, 7]]
[clean-BPC  3229.95s] node 117 d=8 lb=229.39794 open=59
[clean-BPC  3230.18s] node 117 cg=1 phase=phase1 obj=0.0 artificial=0.0 cols=3895
[clean-BPC  3230.40s] node 117 cg=2 phase=phase2 obj=229.39794 artificial=0.0 cols=3895
[clean-BPC  3233.75s] node 117 cg=2 phase=phase2 kind=heuristic best_rc=0.460725 found=0 added=0 exhausted=False cert=False
[clean-BPC  3241.84s] node 117 cg=2 phase=phase2 kind=heuristic_boost best_rc=0.460725 found=0 added=0 exhausted=True cert=True
[clean-BPC  3246.04s] branch node 117: left=arc(12,13)=off right=arc(12,13)=on
[clean-BPC  3246.04s] node 118 d=8 lb=229.39794 open=60
[clean-BPC  3246.25s] node 118 cg=1 phase=phase1 obj=0.0 artificial=0.0 cols=3895
[clean-BPC  3246.49s] node 118 cg=2 phase=phase2 obj=229.588327 artificial=0.0 cols=3895
[clean-BPC  3249.90s] node 118 cg=2 phase=phase2 kind=heuristic best_rc=0.217067182 found=0 added=0 exhausted=False cert=False
[clean-BPC  3258.78s] node 118 cg=2 phase=phase2 kind=heuristic_boost best_rc=0.217067182 found=0 added=0 exhausted=True cert=True
[clean-BPC  3263.35s] branch node 118: left=RF(2,14)=separate right=RF(2,14)=same
[clean-BPC  3263.35s] node 71 d=7 lb=229.39794 open=61
[clean-BPC  3263.57s] node 71 cg=1 phase=phase1 obj=0.0 artificial=0.0 cols=3895
[clean-BPC  3263.80s] node 71 cg=2 phase=phase2 obj=229.39794 artificial=0.0 cols=3895
[clean-BPC  3266.94s] node 71 cg=2 phase=phase2 kind=heuristic best_rc=0.365048308 found=0 added=0 exhausted=False cert=False
[clean-BPC  3274.50s] node 71 cg=2 phase=phase2 kind=heuristic_boost best_rc=0.308927308 found=0 added=0 exhausted=True cert=True
[clean-BPC  3275.57s] cut_added family=schedule_nogood_core node=71 added=2 source_vehicle=1 route_count=4 signatures=[[6, 10, 8, 2], [1, 3, 20, 5], [4, 19, 16, 15, 18], [9, 13, 12, 7]]
[clean-BPC  3275.58s] node 119 d=9 lb=229.39794 open=61
[clean-BPC  3275.79s] node 119 cg=1 phase=phase1 obj=0.0 artificial=0.0 cols=3895
[clean-BPC  3276.02s] node 119 cg=2 phase=phase2 obj=229.39794 artificial=0.0 cols=3895
[clean-BPC  3279.27s] node 119 cg=2 phase=phase2 kind=heuristic best_rc=0.401923 found=0 added=0 exhausted=False cert=False
[clean-BPC  3287.28s] node 119 cg=2 phase=phase2 kind=heuristic_boost best_rc=0.401923 found=0 added=0 exhausted=True cert=True
[clean-BPC  3288.33s] cut_added family=schedule_nogood_core node=119 added=2 source_vehicle=1 route_count=4 signatures=[[2, 6, 10, 8], [3, 20, 5, 1], [4, 19, 16, 15, 18], [9, 13, 12, 7]]
[clean-BPC  3288.33s] node 120 d=9 lb=229.39794 open=61
[clean-BPC  3288.56s] node 120 cg=1 phase=phase1 obj=0.0 artificial=0.0 cols=3895
[clean-BPC  3288.80s] node 120 cg=2 phase=phase2 obj=229.705346 artificial=0.0 cols=3895
[clean-BPC  3288.80s] cut_purged node=120 removed=3 by_kind={'schedule_nogood_core': 3} remaining=101
[clean-BPC  3289.04s] node 120 cg=3 phase=phase2 obj=229.705346 artificial=0.0 cols=3895
[clean-BPC  3292.25s] node 120 cg=3 phase=phase2 kind=heuristic best_rc=-0.056275995 found=1 added=1 exhausted=False cert=False
[clean-BPC  3292.47s] node 120 cg=4 phase=phase2 obj=229.705346 artificial=0.0 cols=3896
[clean-BPC  3295.71s] node 120 cg=4 phase=phase2 kind=heuristic best_rc=0.240269 found=0 added=0 exhausted=False cert=False
[clean-BPC  3304.15s] node 120 cg=4 phase=phase2 kind=heuristic_boost best_rc=0.240269 found=0 added=0 exhausted=True cert=True
[clean-BPC  3308.84s] branch node 120: left=arc(5,1)=off right=arc(5,1)=on
[clean-BPC  3308.84s] node 71 d=7 lb=229.39794 open=62
[clean-BPC  3309.06s] node 71 cg=1 phase=phase1 obj=0.0 artificial=0.0 cols=3896
[clean-BPC  3309.28s] node 71 cg=2 phase=phase2 obj=229.39794 artificial=0.0 cols=3896
[clean-BPC  3312.51s] node 71 cg=2 phase=phase2 kind=heuristic best_rc=0.365048308 found=0 added=0 exhausted=False cert=False
[clean-BPC  3320.67s] node 71 cg=2 phase=phase2 kind=heuristic_boost best_rc=0.308927308 found=0 added=0 exhausted=True cert=True
[clean-BPC  3321.73s] cut_added family=schedule_nogood_core node=71 added=1 source_vehicle=1 route_count=4 signatures=[[8, 10, 6, 2], [1, 3, 20, 5], [4, 19, 16, 15, 18], [9, 13, 12, 7]]
[clean-BPC  3321.74s] node 119 d=9 lb=229.39794 open=62
[clean-BPC  3321.95s] node 119 cg=1 phase=phase1 obj=0.0 artificial=0.0 cols=3896
[clean-BPC  3322.16s] node 119 cg=2 phase=phase2 obj=229.39794 artificial=0.0 cols=3896
[clean-BPC  3325.38s] node 119 cg=2 phase=phase2 kind=heuristic best_rc=0.401923 found=0 added=0 exhausted=False cert=False
[clean-BPC  3333.25s] node 119 cg=2 phase=phase2 kind=heuristic_boost best_rc=0.401923 found=0 added=0 exhausted=True cert=True
[clean-BPC  3334.30s] cut_added family=schedule_nogood_core node=119 added=2 source_vehicle=1 route_count=4 signatures=[[2, 6, 10, 8], [5, 20, 3, 1], [4, 19, 16, 15, 18], [9, 13, 12, 7]]
[clean-BPC  3334.30s] node 71 d=7 lb=229.39794 open=62
[clean-BPC  3334.52s] node 71 cg=1 phase=phase1 obj=0.0 artificial=0.0 cols=3896
[clean-BPC  3334.74s] node 71 cg=2 phase=phase2 obj=229.419884 artificial=0.0 cols=3896
[clean-BPC  3334.75s] cut_purged node=71 removed=1 by_kind={'schedule_nogood_core': 1} remaining=103
[clean-BPC  3334.97s] node 71 cg=3 phase=phase2 obj=229.419884 artificial=0.0 cols=3896
[clean-BPC  3338.36s] node 71 cg=3 phase=phase2 kind=heuristic best_rc=0.401923 found=0 added=0 exhausted=False cert=False
[clean-BPC  3346.96s] node 71 cg=3 phase=phase2 kind=heuristic_boost best_rc=0.370261 found=0 added=0 exhausted=True cert=True
[clean-BPC  3350.44s] branch node 71: left=RF(2,17)=separate right=RF(2,17)=same
[clean-BPC  3350.44s] node 119 d=9 lb=229.39794 open=63
[clean-BPC  3350.65s] node 119 cg=1 phase=phase1 obj=0.0 artificial=0.0 cols=3896
[clean-BPC  3350.88s] node 119 cg=2 phase=phase2 obj=229.54753 artificial=0.0 cols=3896
[clean-BPC  3354.27s] node 119 cg=2 phase=phase2 kind=heuristic best_rc=0.149589643 found=0 added=0 exhausted=False cert=False
[clean-BPC  3363.11s] node 119 cg=2 phase=phase2 kind=heuristic_boost best_rc=0.149589643 found=0 added=0 exhausted=True cert=True
[clean-BPC  3366.80s] branch node 119: left=RF(2,14)=separate right=RF(2,14)=same
[clean-BPC  3366.80s] node 66 d=10 lb=229.401147 open=64
[clean-BPC  3366.94s] node 66 cg=1 phase=phase1 obj=0.0 artificial=0.0 cols=3896
[clean-BPC  3367.05s] node 66 cg=2 phase=phase2 obj=229.371345 artificial=0.0 cols=3896
[clean-BPC  3369.78s] node 66 cg=2 phase=phase2 kind=heuristic best_rc=0.019643 found=0 added=0 exhausted=False cert=False
[clean-BPC  3376.18s] node 66 cg=2 phase=phase2 kind=heuristic_boost best_rc=0.0 found=0 added=0 exhausted=True cert=True
[clean-BPC  3376.52s] cut_added family=schedule_nogood_core node=66 added=1 source_vehicle=1 route_count=3 signatures=[[18, 15, 16, 19, 4], [1, 3, 2], [8, 20, 5]]
[clean-BPC  3376.52s] node 66 d=10 lb=229.371345 open=64
[clean-BPC  3376.63s] node 66 cg=1 phase=phase1 obj=0.0 artificial=0.0 cols=3896
[clean-BPC  3376.76s] node 66 cg=2 phase=phase2 obj=229.371345 artificial=0.0 cols=3896
[clean-BPC  3379.53s] node 66 cg=2 phase=phase2 kind=heuristic best_rc=0.019643 found=0 added=0 exhausted=False cert=False
[clean-BPC  3385.97s] node 66 cg=2 phase=phase2 kind=heuristic_boost best_rc=0.0 found=0 added=0 exhausted=True cert=True
[clean-BPC  3386.30s] cut_added family=schedule_nogood_core node=66 added=1 source_vehicle=1 route_count=3 signatures=[[18, 15, 16, 19, 4], [2, 3, 1], [8, 20, 5]]
[clean-BPC  3386.30s] node 66 d=10 lb=229.371345 open=64
[clean-BPC  3386.41s] node 66 cg=1 phase=phase1 obj=0.0 artificial=0.0 cols=3896
[clean-BPC  3386.52s] node 66 cg=2 phase=phase2 obj=229.9079 artificial=0.0 cols=3896
[clean-BPC  3386.52s] cut_purged node=66 removed=1 by_kind={'schedule_nogood_core': 1} remaining=104
[clean-BPC  3386.65s] node 66 cg=3 phase=phase2 obj=229.9079 artificial=0.0 cols=3896
[clean-BPC  3389.37s] node 66 cg=3 phase=phase2 kind=heuristic best_rc=-0.5292235 found=2 added=2 exhausted=False cert=False
[clean-BPC  3389.49s] node 66 cg=4 phase=phase2 obj=229.9079 artificial=0.0 cols=3898
[clean-BPC  3389.49s] cut_purged node=66 removed=2 by_kind={'schedule_nogood_core': 2} remaining=102
[clean-BPC  3389.60s] node 66 cg=5 phase=phase2 obj=229.9079 artificial=0.0 cols=3898
[clean-BPC  3392.30s] node 66 cg=5 phase=phase2 kind=heuristic best_rc=0.366543143 found=0 added=0 exhausted=False cert=False
[clean-BPC  3398.83s] node 66 cg=5 phase=phase2 kind=heuristic_boost best_rc=-1.042301714 found=16 added=16 exhausted=True cert=True
[clean-BPC  3398.96s] node 66 cg=6 phase=phase2 obj=229.9079 artificial=0.0 cols=3914
[clean-BPC  3398.96s] cut_purged node=66 removed=4 by_kind={'schedule_nogood_core': 4} remaining=98
[clean-BPC  3399.07s] node 66 cg=7 phase=phase2 obj=229.9079 artificial=0.0 cols=3914
[clean-BPC  3399.07s] cut_purged node=66 removed=2 by_kind={'schedule_nogood_core': 2} remaining=96
[clean-BPC  3399.19s] node 66 cg=8 phase=phase2 obj=229.9079 artificial=0.0 cols=3914
[clean-BPC  3402.03s] node 66 cg=8 phase=phase2 kind=heuristic best_rc=-0.105203 found=3 added=3 exhausted=False cert=False
[clean-BPC  3402.16s] node 66 cg=9 phase=phase2 obj=229.9079 artificial=0.0 cols=3917
[clean-BPC  3404.92s] node 66 cg=9 phase=phase2 kind=heuristic best_rc=0.153968 found=0 added=0 exhausted=False cert=False
[clean-BPC  3411.28s] node 66 cg=9 phase=phase2 kind=heuristic_boost best_rc=-0.361892 found=15 added=15 exhausted=True cert=True
[clean-BPC  3411.41s] node 66 cg=10 phase=phase2 obj=229.9079 artificial=0.0 cols=3932
[clean-BPC  3414.13s] node 66 cg=10 phase=phase2 kind=heuristic best_rc=0.221752 found=0 added=0 exhausted=False cert=False
[clean-BPC  3420.41s] node 66 cg=10 phase=phase2 kind=heuristic_boost best_rc=-0.761901 found=8 added=8 exhausted=True cert=True
[clean-BPC  3420.52s] node 66 cg=11 phase=phase2 obj=229.9079 artificial=0.0 cols=3940
[clean-BPC  3423.29s] node 66 cg=11 phase=phase2 kind=heuristic best_rc=0.0 found=0 added=0 exhausted=False cert=False
[clean-BPC  3430.83s] node 66 cg=11 phase=phase2 kind=heuristic_boost best_rc=-0.0 found=0 added=0 exhausted=True cert=True
[clean-BPC  3433.19s] branch node 66: left=arc(2,3)=off right=arc(2,3)=on
[clean-BPC  3433.19s] node 67 d=12 lb=229.401147 open=65
[clean-BPC  3433.34s] node 67 cg=1 phase=phase1 obj=0.0 artificial=0.0 cols=3940
[clean-BPC  3433.51s] node 67 cg=2 phase=phase2 obj=229.371345 artificial=0.0 cols=3940
[clean-BPC  3436.18s] node 67 cg=2 phase=phase2 kind=heuristic best_rc=-0.473428 found=4 added=4 exhausted=False cert=False
[clean-BPC  3436.34s] node 67 cg=3 phase=phase2 obj=229.371345 artificial=0.0 cols=3944
[clean-BPC  3439.06s] node 67 cg=3 phase=phase2 kind=heuristic best_rc=-0.090648 found=2 added=2 exhausted=False cert=False
[clean-BPC  3439.22s] node 67 cg=4 phase=phase2 obj=229.371345 artificial=0.0 cols=3946
[clean-BPC  3441.91s] node 67 cg=4 phase=phase2 kind=heuristic best_rc=0.158661 found=0 added=0 exhausted=False cert=False
[clean-BPC  3448.68s] node 67 cg=4 phase=phase2 kind=heuristic_boost best_rc=0.158661 found=0 added=0 exhausted=True cert=True
[clean-BPC  3449.91s] cut_added family=schedule_nogood_core node=67 added=1 source_vehicle=1 route_count=4 signatures=[[2, 3, 1], [5, 20, 8], [6, 14, 17, 10], [4, 19, 16, 15, 18]]
[clean-BPC  3449.91s] node 67 d=12 lb=229.371345 open=65
[clean-BPC  3450.05s] node 67 cg=1 phase=phase1 obj=0.0 artificial=0.0 cols=3946
[clean-BPC  3450.21s] node 67 cg=2 phase=phase2 obj=229.371345 artificial=0.0 cols=3946
[clean-BPC  3452.96s] node 67 cg=2 phase=phase2 kind=heuristic best_rc=0.158661 found=0 added=0 exhausted=False cert=False
[clean-BPC  3460.20s] node 67 cg=2 phase=phase2 kind=heuristic_boost best_rc=0.158661 found=0 added=0 exhausted=True cert=True
[clean-BPC  3461.41s] cut_added family=schedule_nogood_core node=67 added=1 source_vehicle=1 route_count=4 signatures=[[2, 3, 1], [8, 20, 5], [6, 14, 17, 10], [4, 19, 16, 15, 18]]
[clean-BPC  3461.41s] node 67 d=12 lb=229.371345 open=65
[clean-BPC  3461.55s] node 67 cg=1 phase=phase1 obj=0.0 artificial=0.0 cols=3946
[clean-BPC  3461.72s] node 67 cg=2 phase=phase2 obj=229.689531 artificial=0.0 cols=3946
[clean-BPC  3464.39s] node 67 cg=2 phase=phase2 kind=heuristic best_rc=-0.14351 found=2 added=2 exhausted=False cert=False
[clean-BPC  3464.54s] node 67 cg=3 phase=phase2 obj=229.689531 artificial=0.0 cols=3948
[clean-BPC  3467.24s] node 67 cg=3 phase=phase2 kind=heuristic best_rc=0.103356 found=0 added=0 exhausted=False cert=False
[clean-BPC  3474.29s] node 67 cg=3 phase=phase2 kind=heuristic_boost best_rc=0.103356 found=0 added=0 exhausted=True cert=True
[clean-BPC  3477.26s] branch node 67: left=arc(20,8)=off right=arc(20,8)=on
[clean-BPC  3477.26s] node 68 d=12 lb=229.401147 open=66
[clean-BPC  3477.39s] node 68 cg=1 phase=phase1 obj=0.0 artificial=0.0 cols=3948
[clean-BPC  3477.55s] node 68 cg=2 phase=phase2 obj=229.46075 artificial=0.0 cols=3948
[clean-BPC  3480.24s] node 68 cg=2 phase=phase2 kind=heuristic best_rc=0.0 found=0 added=0 exhausted=False cert=False
[clean-BPC  3486.28s] node 68 cg=2 phase=phase2 kind=heuristic_boost best_rc=-0.0 found=0 added=0 exhausted=True cert=True
[clean-BPC  3488.41s] cut_added family=schedule_nogood_core node=68 added=2 source_vehicle=1 route_count=4 signatures=[[7, 12, 13, 11, 9], [1, 3, 20, 5], [6, 14, 17, 10], [4, 19, 16, 15, 18]]
[clean-BPC  3488.41s] node 65 d=10 lb=229.401147 open=66
[clean-BPC  3488.55s] node 65 cg=1 phase=phase1 obj=0.0 artificial=0.0 cols=3948
[clean-BPC  3488.70s] node 65 cg=2 phase=phase2 obj=229.46075 artificial=0.0 cols=3948
[clean-BPC  3488.70s] cut_purged node=65 removed=1 by_kind={'schedule_nogood_core': 1} remaining=99
[clean-BPC  3488.85s] node 65 cg=3 phase=phase2 obj=229.46075 artificial=0.0 cols=3948
[clean-BPC  3491.60s] node 65 cg=3 phase=phase2 kind=heuristic best_rc=-0.049306 found=1 added=1 exhausted=False cert=False
[clean-BPC  3491.74s] node 65 cg=4 phase=phase2 obj=229.46075 artificial=0.0 cols=3949
[clean-BPC  3494.46s] node 65 cg=4 phase=phase2 kind=heuristic best_rc=0.155222 found=0 added=0 exhausted=False cert=False
[clean-BPC  3502.03s] node 65 cg=4 phase=phase2 kind=heuristic_boost best_rc=0.155222 found=0 added=0 exhausted=True cert=True
[clean-BPC  3503.49s] cut_added family=schedule_nogood_core node=65 added=2 source_vehicle=1 route_count=3 signatures=[[18, 15, 16, 19, 4], [9, 11, 13, 12, 7], [1, 3, 20, 5]]
[clean-BPC  3503.49s] node 125 d=8 lb=229.419884 open=66
[clean-BPC  3503.72s] node 125 cg=1 phase=phase1 obj=0.0 artificial=0.0 cols=3949
[clean-BPC  3503.94s] node 125 cg=2 phase=phase2 obj=229.39794 artificial=0.0 cols=3949
[clean-BPC  3506.95s] node 125 cg=2 phase=phase2 kind=heuristic best_rc=0.0554096 found=0 added=0 exhausted=False cert=False
[clean-BPC  3513.56s] node 125 cg=2 phase=phase2 kind=heuristic_boost best_rc=0.0554096 found=0 added=0 exhausted=True cert=True
[clean-BPC  3514.63s] cut_added family=schedule_nogood_core node=125 added=1 source_vehicle=1 route_count=4 signatures=[[2, 6, 10, 8], [1, 3, 20, 5], [4, 19, 16, 15, 18], [9, 13, 12, 7]]
[clean-BPC  3514.63s] node 125 d=8 lb=229.39794 open=66
[clean-BPC  3514.85s] node 125 cg=1 phase=phase1 obj=0.0 artificial=0.0 cols=3949
[clean-BPC  3515.07s] node 125 cg=2 phase=phase2 obj=229.39794 artificial=0.0 cols=3949
[clean-BPC  3515.07s] cut_purged node=125 removed=1 by_kind={'schedule_nogood_core': 1} remaining=101
[clean-BPC  3515.29s] node 125 cg=3 phase=phase2 obj=229.39794 artificial=0.0 cols=3949
[clean-BPC  3518.31s] node 125 cg=3 phase=phase2 kind=heuristic best_rc=0.0554096 found=0 added=0 exhausted=False cert=False
[clean-BPC  3524.97s] node 125 cg=3 phase=phase2 kind=heuristic_boost best_rc=0.0554096 found=0 added=0 exhausted=True cert=True
[clean-BPC  3526.05s] cut_added family=schedule_nogood_core node=125 added=1 source_vehicle=1 route_count=4 signatures=[[2, 8, 10, 6], [1, 3, 20, 5], [4, 19, 16, 15, 18], [9, 13, 12, 7]]
[clean-BPC  3526.05s] node 125 d=8 lb=229.39794 open=66
[clean-BPC  3526.27s] node 125 cg=1 phase=phase1 obj=0.0 artificial=0.0 cols=3949
[clean-BPC  3526.50s] node 125 cg=2 phase=phase2 obj=229.39794 artificial=0.0 cols=3949
[clean-BPC  3526.50s] cut_purged node=125 removed=2 by_kind={'schedule_nogood_core': 2} remaining=100
[clean-BPC  3526.71s] node 125 cg=3 phase=phase2 obj=229.39794 artificial=0.0 cols=3949
[clean-BPC  3526.71s] cut_purged node=125 removed=1 by_kind={'schedule_nogood_core': 1} remaining=99
[clean-BPC  3526.94s] node 125 cg=4 phase=phase2 obj=229.39794 artificial=0.0 cols=3949
[clean-BPC  3530.06s] node 125 cg=4 phase=phase2 kind=heuristic best_rc=0.0554096 found=0 added=0 exhausted=False cert=False
[clean-BPC  3537.23s] node 125 cg=4 phase=phase2 kind=heuristic_boost best_rc=0.0554096 found=0 added=0 exhausted=True cert=True
[clean-BPC  3538.30s] cut_added family=schedule_nogood_core node=125 added=1 source_vehicle=1 route_count=4 signatures=[[6, 10, 8, 2], [1, 3, 20, 5], [4, 19, 16, 15, 18], [9, 13, 12, 7]]
[clean-BPC  3538.30s] node 125 d=8 lb=229.39794 open=66
[clean-BPC  3538.52s] node 125 cg=1 phase=phase1 obj=0.0 artificial=0.0 cols=3949
[clean-BPC  3538.75s] node 125 cg=2 phase=phase2 obj=229.39794 artificial=0.0 cols=3949
[clean-BPC  3542.00s] node 125 cg=2 phase=phase2 kind=heuristic best_rc=0.0554096 found=0 added=0 exhausted=False cert=False
[clean-BPC  3549.33s] node 125 cg=2 phase=phase2 kind=heuristic_boost best_rc=0.0554096 found=0 added=0 exhausted=True cert=True
[clean-BPC  3550.41s] cut_added family=schedule_nogood_core node=125 added=1 source_vehicle=1 route_count=4 signatures=[[8, 10, 6, 2], [1, 3, 20, 5], [4, 19, 16, 15, 18], [9, 13, 12, 7]]
[clean-BPC  3550.41s] node 125 d=8 lb=229.39794 open=66
[clean-BPC  3550.64s] node 125 cg=1 phase=phase1 obj=0.0 artificial=0.0 cols=3949
[clean-BPC  3550.85s] node 125 cg=2 phase=phase2 obj=229.459838 artificial=0.0 cols=3949
[clean-BPC  3550.85s] cut_purged node=125 removed=1 by_kind={'schedule_nogood_core': 1} remaining=100
[clean-BPC  3551.07s] node 125 cg=3 phase=phase2 obj=229.459838 artificial=0.0 cols=3949
[clean-BPC  3554.50s] node 125 cg=3 phase=phase2 kind=heuristic best_rc=0.26107088 found=0 added=0 exhausted=False cert=False
[clean-BPC  3563.81s] node 125 cg=3 phase=phase2 kind=heuristic_boost best_rc=0.0 found=0 added=0 exhausted=True cert=True
[clean-BPC  3567.29s] branch node 125: left=RF(9,17)=separate right=RF(9,17)=same
[clean-BPC  3567.29s] node 126 d=8 lb=229.419884 open=67
[clean-BPC  3567.46s] node 126 cg=1 phase=phase1 obj=0.0 artificial=0.0 cols=3949
[clean-BPC  3567.65s] node 126 cg=2 phase=phase2 obj=231.630415 artificial=0.0 cols=3949
[clean-BPC  3570.57s] node 126 cg=2 phase=phase2 kind=heuristic best_rc=0.0 found=0 added=0 exhausted=False cert=False
[clean-BPC  3577.27s] node 126 cg=2 phase=phase2 kind=heuristic_boost best_rc=0.0 found=0 added=0 exhausted=True cert=True
[clean-BPC  3582.14s] branch node 126: left=RF(3,8)=separate right=RF(3,8)=same
[clean-BPC  3582.14s] node 92 d=11 lb=229.426742 open=68
[clean-BPC  3582.29s] node 92 cg=1 phase=phase1 obj=0.0 artificial=0.0 cols=3949
[clean-BPC  3582.46s] node 92 cg=2 phase=phase2 obj=231.356697 artificial=0.0 cols=3949
[clean-BPC  3585.31s] node 92 cg=2 phase=phase2 kind=heuristic best_rc=-0.309473 found=4 added=4 exhausted=False cert=False
[clean-BPC  3585.48s] node 92 cg=3 phase=phase2 obj=231.314216 artificial=0.0 cols=3953
[clean-BPC  3588.43s] node 92 cg=3 phase=phase2 kind=heuristic best_rc=-0.0 found=0 added=0 exhausted=False cert=False
[clean-BPC  3594.76s] node 92 cg=3 phase=phase2 kind=heuristic_boost best_rc=-0.0 found=0 added=0 exhausted=True cert=True
[clean-BPC  3599.26s] branch node 92: left=RF(2,5)=separate right=RF(2,5)=same
[clean-BPC  3599.26s] node 91 d=11 lb=229.426742 open=69
[clean-BPC  3599.45s] node 91 cg=1 phase=phase1 obj=0.0 artificial=0.0 cols=3953
[clean-BPC  3599.67s] node 91 cg=2 phase=phase2 obj=229.39794 artificial=0.0 cols=3953
[clean-BPC  3602.82s] node 91 cg=2 phase=phase2 kind=heuristic best_rc=-0.001697 found=2 added=2 exhausted=False cert=False
[clean-BPC  3602.82s] fathom node 91: reason=time_limit_before_node_certificate bound=None
[clean-BPC  3602.82s] finish status=TIME_LIMIT primal=329.371345 dual=None gap=None cuts=100 diag_dual=229.426742 diag_gap=0.30344 crossing=10 crossing_upgraded=0 pair=4 clique=0 route_pack=21 nogood=168 sched_cap=0
bench_20_02: status=TIME_LIMIT, primal=329.371345, dual=None, gap=None, diag_dual=229.426742, diag_gap=0.30344, time=3602.821832s, nodes=179, rmp=541, pricing=517, routes=3955, cuts=100, crossing=10, crossing_upgraded=0, rci=10, kpath=0, pair=4, clique=0, route_pack=21, nogood=168, sched_cap=0, rim_calls=13, rim_feasible=1, rim_rejected=217, rim_pair=4, rim_ng=428, rim_sched_cap=0, cuts_purged=103, branch_test_time=256.599166s
开始 clean BPC: instance=bench_20_03, tasks=20, vehicles=2, time_limit=3600s, max_nodes=100000, log=/home/kai/work/gnn_bb/branchpricecut/results/benchmark/20260520_185701_bpc_clean_purge_diag_20_02_03/logs/bpc_clean_full/bench_20_03.jsonl
[clean-BPC    21.32s] incumbent node 0: obj=335.555995
[clean-BPC    21.32s] start: {'time': 21.315826, 'event': 'start', 'instance': 'bench_20_03', 'tasks': 20, 'vehicles': 2, 'initial_routes': 25, 'initial_incumbent': 335.555995, 'task_vehicle_linking_enabled': True, 'schedule_capacity_cuts_enabled': True}
[clean-BPC    21.32s] node 0 d=0 lb=0.0 open=0
[clean-BPC    21.32s] node 0 cg=1 phase=phase1 obj=0.0 artificial=0.0 cols=25
[clean-BPC    21.32s] node 0 cg=2 phase=phase2 obj=235.555995 artificial=0.0 cols=25
[clean-BPC    27.22s] node 0 cg=2 phase=phase2 kind=heuristic best_rc=-31.324605 found=128544 added=600 exhausted=False cert=False
[clean-BPC    27.24s] node 0 cg=3 phase=phase2 obj=235.555995 artificial=0.0 cols=625
[clean-BPC    30.70s] node 0 cg=3 phase=phase2 kind=heuristic best_rc=-12.811274 found=32028 added=600 exhausted=False cert=False
[clean-BPC    30.74s] node 0 cg=4 phase=phase2 obj=235.555995 artificial=0.0 cols=1225
[clean-BPC    33.61s] node 0 cg=4 phase=phase2 kind=heuristic best_rc=-5.803528 found=3755 added=600 exhausted=False cert=False
[clean-BPC    33.69s] node 0 cg=5 phase=phase2 obj=232.492628 artificial=0.0 cols=1825
[clean-BPC    36.53s] node 0 cg=5 phase=phase2 kind=heuristic best_rc=-4.386169667 found=464 added=464 exhausted=False cert=False
[clean-BPC    36.62s] node 0 cg=6 phase=phase2 obj=230.523904 artificial=0.0 cols=2289
[clean-BPC    39.49s] node 0 cg=6 phase=phase2 kind=heuristic best_rc=-0.745613444 found=16 added=16 exhausted=False cert=False
[clean-BPC    39.58s] node 0 cg=7 phase=phase2 obj=230.523904 artificial=0.0 cols=2305
[clean-BPC    42.39s] node 0 cg=7 phase=phase2 kind=heuristic best_rc=0.0 found=0 added=0 exhausted=False cert=False
[clean-BPC    48.89s] node 0 cg=7 phase=phase2 kind=exact best_rc=0.0 found=0 added=0 exhausted=True cert=True
[clean-BPC    50.03s] cut_added family=crossing_cut node=0 added=3 upgraded=0 first={'id': 0, 'tasks': [7, 8, 10, 13, 18], 'demand': 10.0, 'capacity_bound': 2, 'resource_bound': 1, 'k_bound': 2, 'rhs': 4.0, 'source': 'capacity', 'violation': 0.333333333, 'action': 'add'}
[clean-BPC    50.16s] node 0 cg=8 phase=phase2 obj=230.528562 artificial=0.0 cols=2305
[clean-BPC    53.54s] node 0 cg=8 phase=phase2 kind=heuristic best_rc=-0.54315525 found=6 added=6 exhausted=False cert=False
[clean-BPC    53.67s] node 0 cg=9 phase=phase2 obj=230.528562 artificial=0.0 cols=2311
[clean-BPC    57.03s] node 0 cg=9 phase=phase2 kind=heuristic best_rc=-0.0 found=0 added=0 exhausted=False cert=False
[clean-BPC    69.71s] node 0 cg=9 phase=phase2 kind=exact best_rc=-0.0 found=0 added=0 exhausted=True cert=True
[clean-BPC    70.76s] cut_added family=crossing_cut node=0 added=4 upgraded=0 first={'id': 3, 'tasks': [8, 14, 16, 17], 'demand': 11.0, 'capacity_bound': 2, 'resource_bound': 1, 'k_bound': 2, 'rhs': 4.0, 'source': 'capacity', 'violation': 0.222222222, 'action': 'add'}
[clean-BPC    70.93s] node 0 cg=10 phase=phase2 obj=230.564696 artificial=0.0 cols=2311
[clean-BPC    74.51s] node 0 cg=10 phase=phase2 kind=heuristic best_rc=-0.1135898 found=2 added=2 exhausted=False cert=False
[clean-BPC    74.68s] node 0 cg=11 phase=phase2 obj=230.564696 artificial=0.0 cols=2313
[clean-BPC    78.30s] node 0 cg=11 phase=phase2 kind=heuristic best_rc=0.0 found=0 added=0 exhausted=False cert=False
[clean-BPC    99.04s] node 0 cg=11 phase=phase2 kind=exact best_rc=-0.0 found=0 added=0 exhausted=True cert=True
[clean-BPC   100.20s] cut_added family=crossing_cut node=0 added=1 upgraded=0 first={'id': 7, 'tasks': [1, 2, 4, 15, 20], 'demand': 11.0, 'capacity_bound': 2, 'resource_bound': 1, 'k_bound': 2, 'rhs': 4.0, 'source': 'capacity', 'violation': 0.8, 'action': 'add'}
[clean-BPC   100.36s] node 0 cg=12 phase=phase2 obj=230.564696 artificial=0.0 cols=2313
[clean-BPC   103.96s] node 0 cg=12 phase=phase2 kind=heuristic best_rc=0.0 found=0 added=0 exhausted=False cert=False
[clean-BPC   127.52s] node 0 cg=12 phase=phase2 kind=exact best_rc=-0.0 found=0 added=0 exhausted=True cert=True
[clean-BPC   127.77s] route-pack diag node 0 round=1 vehicles=2/2 support_max=14 cand=53 oracle=53 incomplete=0 not_tight=10 not_viol=41 dup=0 violated=2 added=2 max_viol=0.15384615384615397 states_max=13347
[clean-BPC   127.77s] cut_added family=schedule_route_set_packing node=0 added=2 first(vehicle=1, routes=6, U=3, y=0.5, viol=0.153846154, states=158)
[clean-BPC   127.94s] node 0 cg=13 phase=phase2 obj=230.564696 artificial=0.0 cols=2313
[clean-BPC   131.55s] node 0 cg=13 phase=phase2 kind=heuristic best_rc=-0.0 found=0 added=0 exhausted=False cert=False
[clean-BPC   152.04s] node 0 cg=13 phase=phase2 kind=exact best_rc=-0.0 found=0 added=0 exhausted=True cert=True
[clean-BPC   152.27s] route-pack diag node 0 round=2 vehicles=2/2 support_max=14 cand=54 oracle=54 incomplete=0 not_tight=10 not_viol=43 dup=0 violated=1 added=1 max_viol=0.19230769230769207 states_max=12930
[clean-BPC   152.27s] cut_added family=schedule_route_set_packing node=0 added=1 first(vehicle=1, routes=6, U=3, y=0.5, viol=0.192307692, states=155)
[clean-BPC   152.44s] node 0 cg=14 phase=phase2 obj=230.564696 artificial=0.0 cols=2313
[clean-BPC   156.01s] node 0 cg=14 phase=phase2 kind=heuristic best_rc=0.0 found=0 added=0 exhausted=False cert=False
[clean-BPC   176.69s] node 0 cg=14 phase=phase2 kind=exact best_rc=-0.0 found=0 added=0 exhausted=True cert=True
[clean-BPC   176.70s] node 0 schedule-cap candidates={'1': 346, '2': 344}
[clean-BPC   201.45s] schedule-cap diag node 0 round=1 vehicles=2/2 cand=690 oracle=690 incomplete=0 not_tight=690 not_viol=0 dup=0 violated=0 added=0 max_viol=0.0 states_max=124511
[clean-BPC   221.68s] cut_added family=schedule_pair_conflict node=0 added=2 source_vehicle=1 route_count=2 signatures=[[4, 15, 20, 2], [1, 3, 7, 10]]
[clean-BPC   221.68s] cut_added family=schedule_pair_conflict node=0 added=2 source_vehicle=1 route_count=2 signatures=[[4, 15, 20, 2], [1, 3, 7, 10, 6]]
[clean-BPC   221.68s] cut_added family=schedule_pair_conflict node=0 added=2 source_vehicle=1 route_count=2 signatures=[[4, 15, 20, 2], [6, 10, 7, 3, 1]]
[clean-BPC   225.26s] rim-conflict diag node 0 conflicts=7 pair_events=3 pair_cuts=6 schedcap_events=0 schedcap_cuts=0 nogood_events=0 nogood_cuts=0 weak_skip=4
[clean-BPC    20.22s] restricted-MIP node 0 status=TIME_LIMIT obj=None accepted=False routes=2313 rejected=7 pair=6 ng=8 sched_cap=0 added_cuts=6 time=20.224027
[clean-BPC   225.26s] node 0 d=0 lb=230.564696 open=0
[clean-BPC   225.43s] node 0 cg=1 phase=phase1 obj=0.0 artificial=0.0 cols=2313
[clean-BPC   225.60s] node 0 cg=2 phase=phase2 obj=230.564696 artificial=0.0 cols=2313
[clean-BPC   229.23s] node 0 cg=2 phase=phase2 kind=heuristic best_rc=-0.0 found=0 added=0 exhausted=False cert=False
[clean-BPC   252.85s] node 0 cg=2 phase=phase2 kind=exact best_rc=-0.0 found=0 added=0 exhausted=True cert=True
[clean-BPC   252.87s] node 0 schedule-cap candidates={'1': 344, '2': 348}
[clean-BPC   259.76s] schedule-cap diag node 0 round=1 vehicles=2/2 cand=692 oracle=692 incomplete=0 not_tight=692 not_viol=0 dup=0 violated=0 added=0 max_viol=0.0 states_max=124511
[clean-BPC   289.19s] rim-conflict diag node 0 conflicts=8 pair_events=0 pair_cuts=0 schedcap_events=0 schedcap_cuts=0 nogood_events=0 nogood_cuts=0 weak_skip=8
[clean-BPC    21.45s] restricted-MIP node 0 status=TIME_LIMIT obj=None accepted=False routes=2313 rejected=8 pair=0 ng=16 sched_cap=0 added_cuts=0 time=21.453443
[clean-BPC   292.06s] branch node 0: left=task_vehicle(11,1)=off right=task_vehicle(11,1)=on
[clean-BPC   292.06s] node 1 d=1 lb=230.564696 open=1
[clean-BPC   292.21s] node 1 cg=1 phase=phase1 obj=0.0 artificial=0.0 cols=2313
[clean-BPC   292.37s] node 1 cg=2 phase=phase2 obj=330.564696 artificial=0.0 cols=2313
[clean-BPC   295.83s] node 1 cg=2 phase=phase2 kind=heuristic best_rc=0.0 found=0 added=0 exhausted=False cert=False
[clean-BPC   315.65s] node 1 cg=2 phase=phase2 kind=heuristic_boost best_rc=0.0 found=0 added=0 exhausted=True cert=True
[clean-BPC   315.68s] route-pack diag node 1 round=1 vehicles=2/2 support_max=10 cand=26 oracle=26 incomplete=0 not_tight=12 not_viol=14 dup=0 violated=0 added=0 max_viol=0.0 states_max=2992
[clean-BPC   319.57s] incumbent node 1: obj=333.802083
[clean-BPC     3.88s] restricted-MIP node 1 status=OPTIMAL obj=333.802083 accepted=True routes=2313 rejected=0 pair=0 ng=0 sched_cap=0 added_cuts=0 time=3.881369
[clean-BPC   323.27s] branch node 1: left=RF(7,10)=separate right=RF(7,10)=same
[clean-BPC   323.27s] node 2 d=1 lb=230.564696 open=2
[clean-BPC   323.41s] node 2 cg=1 phase=phase1 obj=0.0 artificial=0.0 cols=2313
[clean-BPC   323.58s] node 2 cg=2 phase=phase2 obj=230.564696 artificial=0.0 cols=2313
[clean-BPC   327.30s] node 2 cg=2 phase=phase2 kind=heuristic best_rc=-0.0 found=0 added=0 exhausted=False cert=False
[clean-BPC   349.68s] node 2 cg=2 phase=phase2 kind=heuristic_boost best_rc=-1.547339055 found=26 added=26 exhausted=True cert=True
[clean-BPC   349.83s] node 2 cg=3 phase=phase2 obj=230.564696 artificial=0.0 cols=2339
[clean-BPC   353.52s] node 2 cg=3 phase=phase2 kind=heuristic best_rc=-2.683789 found=123 added=123 exhausted=False cert=False
[clean-BPC   353.68s] node 2 cg=4 phase=phase2 obj=230.564696 artificial=0.0 cols=2462
[clean-BPC   357.33s] node 2 cg=4 phase=phase2 kind=heuristic best_rc=-0.0 found=0 added=0 exhausted=False cert=False
[clean-BPC   379.61s] node 2 cg=4 phase=phase2 kind=heuristic_boost best_rc=-0.1073888 found=6 added=6 exhausted=True cert=True
[clean-BPC   379.77s] node 2 cg=5 phase=phase2 obj=230.564696 artificial=0.0 cols=2468
[clean-BPC   383.47s] node 2 cg=5 phase=phase2 kind=heuristic best_rc=-0.0 found=0 added=0 exhausted=False cert=False
[clean-BPC   401.15s] node 2 cg=5 phase=phase2 kind=heuristic_boost best_rc=-0.0 found=0 added=0 exhausted=True cert=True
[clean-BPC   401.28s] route-pack diag node 2 round=1 vehicles=1/2 support_max=14 cand=30 oracle=30 incomplete=0 not_tight=5 not_viol=25 dup=0 violated=0 added=0 max_viol=0.0 states_max=13238
[clean-BPC   423.67s] cut_added family=schedule_pair_conflict node=2 added=2 source_vehicle=1 route_count=2 signatures=[[4, 15, 20, 2], [6, 7, 3, 1]]
[clean-BPC   424.40s] cut_added family=schedule_pair_conflict node=2 added=2 source_vehicle=1 route_count=2 signatures=[[4, 15, 20, 2], [1, 3, 7, 6]]
[clean-BPC   429.35s] rim-conflict diag node 2 conflicts=20 pair_events=2 pair_cuts=4 schedcap_events=0 schedcap_cuts=0 nogood_events=0 nogood_cuts=0 weak_skip=18
[clean-BPC    20.57s] restricted-MIP node 2 status=TIME_LIMIT obj=None accepted=False routes=2468 rejected=20 pair=4 ng=36 sched_cap=0 added_cuts=4 time=20.56639
[clean-BPC   429.35s] node 2 d=1 lb=230.564696 open=2
[clean-BPC   429.52s] node 2 cg=1 phase=phase1 obj=0.0 artificial=0.0 cols=2468
[clean-BPC   429.69s] node 2 cg=2 phase=phase2 obj=230.564696 artificial=0.0 cols=2468
[clean-BPC   433.28s] node 2 cg=2 phase=phase2 kind=heuristic best_rc=-0.0 found=0 added=0 exhausted=False cert=False
[clean-BPC   451.14s] node 2 cg=2 phase=phase2 kind=heuristic_boost best_rc=-0.0 found=0 added=0 exhausted=True cert=True
[clean-BPC   451.28s] route-pack diag node 2 round=1 vehicles=1/2 support_max=14 cand=32 oracle=32 incomplete=0 not_tight=5 not_viol=27 dup=0 violated=0 added=0 max_viol=0.0 states_max=14366
[clean-BPC   479.32s] rim-conflict diag node 2 conflicts=19 pair_events=0 pair_cuts=0 schedcap_events=0 schedcap_cuts=0 nogood_events=0 nogood_cuts=0 weak_skip=19
[clean-BPC    20.37s] restricted-MIP node 2 status=TIME_LIMIT obj=None accepted=False routes=2468 rejected=19 pair=0 ng=38 sched_cap=0 added_cuts=0 time=20.372653
[clean-BPC   483.79s] branch node 2: left=RF(7,10)=separate right=RF(7,10)=same
[clean-BPC   483.79s] node 5 d=2 lb=230.564696 open=3
[clean-BPC   483.95s] node 5 cg=1 phase=phase1 obj=0.0 artificial=0.0 cols=2468
[clean-BPC   484.10s] node 5 cg=2 phase=phase2 obj=231.360003 artificial=0.0 cols=2468
[clean-BPC   487.59s] node 5 cg=2 phase=phase2 kind=heuristic best_rc=-0.394722 found=4 added=4 exhausted=False cert=False
[clean-BPC   487.75s] node 5 cg=3 phase=phase2 obj=231.294592 artificial=0.0 cols=2472
[clean-BPC   491.22s] node 5 cg=3 phase=phase2 kind=heuristic best_rc=0.032268 found=0 added=0 exhausted=False cert=False
[clean-BPC   504.65s] node 5 cg=3 phase=phase2 kind=heuristic_boost best_rc=-0.536277808 found=10 added=10 exhausted=True cert=True
[clean-BPC   504.80s] node 5 cg=4 phase=phase2 obj=231.294592 artificial=0.0 cols=2482
[clean-BPC   508.32s] node 5 cg=4 phase=phase2 kind=heuristic best_rc=0.10894103 found=0 added=0 exhausted=False cert=False
[clean-BPC   521.91s] node 5 cg=4 phase=phase2 kind=heuristic_boost best_rc=-1.388728621 found=37 added=37 exhausted=True cert=True
[clean-BPC   522.08s] node 5 cg=5 phase=phase2 obj=231.294592 artificial=0.0 cols=2519
[clean-BPC   525.67s] node 5 cg=5 phase=phase2 kind=heuristic best_rc=0.10894103 found=0 added=0 exhausted=False cert=False
[clean-BPC   538.77s] node 5 cg=5 phase=phase2 kind=heuristic_boost best_rc=-0.442706 found=5 added=5 exhausted=True cert=True
[clean-BPC   538.94s] node 5 cg=6 phase=phase2 obj=231.294592 artificial=0.0 cols=2524
[clean-BPC   542.53s] node 5 cg=6 phase=phase2 kind=heuristic best_rc=0.032268 found=0 added=0 exhausted=False cert=False
[clean-BPC   555.88s] node 5 cg=6 phase=phase2 kind=heuristic_boost best_rc=-0.018348424 found=2 added=2 exhausted=True cert=True
[clean-BPC   556.05s] node 5 cg=7 phase=phase2 obj=231.294592 artificial=0.0 cols=2526
[clean-BPC   559.56s] node 5 cg=7 phase=phase2 kind=heuristic best_rc=0.10894103 found=0 added=0 exhausted=False cert=False
[clean-BPC   572.63s] node 5 cg=7 phase=phase2 kind=heuristic_boost best_rc=0.10894103 found=0 added=0 exhausted=True cert=True
[clean-BPC   572.92s] route-pack diag node 5 round=1 vehicles=1/2 support_max=19 cand=37 oracle=37 incomplete=0 not_tight=6 not_viol=31 dup=0 violated=0 added=0 max_viol=0.0 states_max=18603
[clean-BPC   597.68s] rim-conflict diag node 5 conflicts=21 pair_events=0 pair_cuts=0 schedcap_events=0 schedcap_cuts=0 nogood_events=0 nogood_cuts=0 weak_skip=21
[clean-BPC    16.19s] restricted-MIP node 5 status=SCHEDULE_REJECTED_LIMIT obj=None accepted=False routes=2526 rejected=21 pair=0 ng=40 sched_cap=0 added_cuts=0 time=16.185312
[clean-BPC   602.13s] branch node 5: left=RF(8,13)=separate right=RF(8,13)=same
[clean-BPC   602.13s] node 6 d=2 lb=230.564696 open=4
[clean-BPC   602.23s] node 6 cg=1 phase=phase1 obj=0.0 artificial=0.0 cols=2526
[clean-BPC   602.34s] node 6 cg=2 phase=phase2 obj=231.067872 artificial=0.0 cols=2526
[clean-BPC   605.62s] node 6 cg=2 phase=phase2 kind=heuristic best_rc=-0.461213963 found=10 added=10 exhausted=False cert=False
[clean-BPC   605.72s] node 6 cg=3 phase=phase2 obj=231.051296 artificial=0.0 cols=2536
[clean-BPC   608.99s] node 6 cg=3 phase=phase2 kind=heuristic best_rc=-0.38975741 found=4 added=4 exhausted=False cert=False
[clean-BPC   609.11s] node 6 cg=4 phase=phase2 obj=231.001766 artificial=0.0 cols=2540
[clean-BPC   612.35s] node 6 cg=4 phase=phase2 kind=heuristic best_rc=-0.0 found=0 added=0 exhausted=False cert=False
[clean-BPC   626.97s] node 6 cg=4 phase=phase2 kind=heuristic_boost best_rc=-0.089262115 found=2 added=2 exhausted=True cert=True
[clean-BPC   627.07s] node 6 cg=5 phase=phase2 obj=231.001766 artificial=0.0 cols=2542
[clean-BPC   630.39s] node 6 cg=5 phase=phase2 kind=heuristic best_rc=0.0 found=0 added=0 exhausted=False cert=False
[clean-BPC   644.86s] node 6 cg=5 phase=phase2 kind=heuristic_boost best_rc=-0.278418567 found=8 added=8 exhausted=True cert=True
[clean-BPC   644.96s] node 6 cg=6 phase=phase2 obj=231.001766 artificial=0.0 cols=2550
[clean-BPC   648.19s] node 6 cg=6 phase=phase2 kind=heuristic best_rc=-0.0 found=0 added=0 exhausted=False cert=False
[clean-BPC   662.66s] node 6 cg=6 phase=phase2 kind=heuristic_boost best_rc=-0.0 found=0 added=0 exhausted=True cert=True
[clean-BPC   663.06s] route-pack diag node 6 round=1 vehicles=1/2 support_max=20 cand=36 oracle=36 incomplete=0 not_tight=5 not_viol=31 dup=0 violated=0 added=0 max_viol=0.0 states_max=30784
[clean-BPC   690.41s] cut_added family=schedule_pair_conflict node=6 added=2 source_vehicle=1 route_count=2 signatures=[[4, 15, 20, 2], [10, 7, 3, 1]]
[clean-BPC   690.76s] rim-conflict diag node 6 conflicts=14 pair_events=1 pair_cuts=2 schedcap_events=0 schedcap_cuts=0 nogood_events=0 nogood_cuts=0 weak_skip=13
[clean-BPC    20.23s] restricted-MIP node 6 status=TIME_LIMIT obj=None accepted=False routes=2550 rejected=14 pair=2 ng=26 sched_cap=0 added_cuts=2 time=20.230147
[clean-BPC   690.76s] node 6 d=2 lb=231.001766 open=4
[clean-BPC   690.86s] node 6 cg=1 phase=phase1 obj=0.0 artificial=0.0 cols=2550
[clean-BPC   690.98s] node 6 cg=2 phase=phase2 obj=231.001766 artificial=0.0 cols=2550
[clean-BPC   694.29s] node 6 cg=2 phase=phase2 kind=heuristic best_rc=-0.0 found=0 added=0 exhausted=False cert=False
[clean-BPC   708.54s] node 6 cg=2 phase=phase2 kind=heuristic_boost best_rc=-0.0 found=0 added=0 exhausted=True cert=True
[clean-BPC   708.54s] route-pack diag node 6 round=1 vehicles=1/2 support_max=20 cand=36 oracle=36 incomplete=0 not_tight=5 not_viol=31 dup=0 violated=0 added=0 max_viol=0.0 states_max=30784
[clean-BPC   739.14s] rim-conflict diag node 6 conflicts=13 pair_events=0 pair_cuts=0 schedcap_events=0 schedcap_cuts=0 nogood_events=0 nogood_cuts=0 weak_skip=13
[clean-BPC    20.83s] restricted-MIP node 6 status=TIME_LIMIT obj=None accepted=False routes=2550 rejected=13 pair=0 ng=26 sched_cap=0 added_cuts=0 time=20.834641
[clean-BPC   742.27s] branch node 6: left=RF(1,20)=separate right=RF(1,20)=same
[clean-BPC   742.27s] node 9 d=3 lb=231.001766 open=5
[clean-BPC   742.37s] node 9 cg=1 phase=phase1 obj=0.0 artificial=0.0 cols=2550
[clean-BPC   742.48s] node 9 cg=2 phase=phase2 obj=231.484288 artificial=0.0 cols=2550
[clean-BPC   745.73s] node 9 cg=2 phase=phase2 kind=heuristic best_rc=-1.078579633 found=14 added=14 exhausted=False cert=False
[clean-BPC   745.84s] node 9 cg=3 phase=phase2 obj=231.329428 artificial=0.0 cols=2564
[clean-BPC   749.12s] node 9 cg=3 phase=phase2 kind=heuristic best_rc=0.086583778 found=0 added=0 exhausted=False cert=False
[clean-BPC   761.04s] node 9 cg=3 phase=phase2 kind=heuristic_boost best_rc=-0.022726167 found=2 added=2 exhausted=True cert=True
[clean-BPC   761.14s] node 9 cg=4 phase=phase2 obj=231.329428 artificial=0.0 cols=2566
[clean-BPC   764.34s] node 9 cg=4 phase=phase2 kind=heuristic best_rc=0.086583778 found=0 added=0 exhausted=False cert=False
[clean-BPC   776.36s] node 9 cg=4 phase=phase2 kind=heuristic_boost best_rc=0.0 found=0 added=0 exhausted=True cert=True
[clean-BPC   810.24s] rim-conflict diag node 9 conflicts=18 pair_events=0 pair_cuts=0 schedcap_events=0 schedcap_cuts=0 nogood_events=0 nogood_cuts=0 weak_skip=18
[clean-BPC    20.82s] restricted-MIP node 9 status=TIME_LIMIT obj=None accepted=False routes=2566 rejected=18 pair=0 ng=36 sched_cap=0 added_cuts=0 time=20.824703
[clean-BPC   813.15s] branch node 9: left=RF(10,13)=separate right=RF(10,13)=same
[clean-BPC   813.15s] node 10 d=3 lb=231.001766 open=6
[clean-BPC   813.22s] node 10 cg=1 phase=phase1 obj=0.0 artificial=0.0 cols=2566
[clean-BPC   813.29s] node 10 cg=2 phase=phase2 obj=231.924993 artificial=0.0 cols=2566
[clean-BPC   816.20s] node 10 cg=2 phase=phase2 kind=heuristic best_rc=-1.841335833 found=15 added=15 exhausted=False cert=False
[clean-BPC   816.27s] node 10 cg=3 phase=phase2 obj=231.669981 artificial=0.0 cols=2581
[clean-BPC   819.19s] node 10 cg=3 phase=phase2 kind=heuristic best_rc=0.029832 found=0 added=0 exhausted=False cert=False
[clean-BPC   830.95s] node 10 cg=3 phase=phase2 kind=heuristic_boost best_rc=-1.403714722 found=17 added=17 exhausted=True cert=True
[clean-BPC   831.02s] node 10 cg=4 phase=phase2 obj=231.669981 artificial=0.0 cols=2598
[clean-BPC   833.92s] node 10 cg=4 phase=phase2 kind=heuristic best_rc=0.029832 found=0 added=0 exhausted=False cert=False
[clean-BPC   845.21s] node 10 cg=4 phase=phase2 kind=heuristic_boost best_rc=-0.0 found=0 added=0 exhausted=True cert=True
[clean-BPC   870.34s] cut_added family=schedule_pair_conflict node=10 added=2 source_vehicle=1 route_count=2 signatures=[[5, 2], [20, 15, 4, 3, 1]]
[clean-BPC   872.84s] cut_added family=schedule_pair_conflict node=10 added=2 source_vehicle=1 route_count=2 signatures=[[9, 19, 11, 2], [6, 10, 18, 13, 7, 3]]
[clean-BPC   880.44s] rim-conflict diag node 10 conflicts=13 pair_events=2 pair_cuts=4 schedcap_events=0 schedcap_cuts=0 nogood_events=0 nogood_cuts=0 weak_skip=11
[clean-BPC    20.96s] restricted-MIP node 10 status=TIME_LIMIT obj=None accepted=False routes=2598 rejected=13 pair=3 ng=22 sched_cap=0 added_cuts=4 time=20.959659
[clean-BPC   880.44s] node 7 d=3 lb=231.294592 open=6
[clean-BPC   880.59s] node 7 cg=1 phase=phase1 obj=0.0 artificial=0.0 cols=2598
[clean-BPC   880.76s] node 7 cg=2 phase=phase2 obj=231.49092 artificial=0.0 cols=2598
[clean-BPC   884.27s] node 7 cg=2 phase=phase2 kind=heuristic best_rc=-0.01287875 found=2 added=2 exhausted=False cert=False
[clean-BPC   884.43s] node 7 cg=3 phase=phase2 obj=231.488344 artificial=0.0 cols=2600
[clean-BPC   884.43s] cut_purged node=7 removed=2 by_kind={'crossing_cut': 2} remaining=25
[clean-BPC   884.58s] node 7 cg=4 phase=phase2 obj=231.488344 artificial=0.0 cols=2600
[clean-BPC   888.11s] node 7 cg=4 phase=phase2 kind=heuristic best_rc=0.132566 found=0 added=0 exhausted=False cert=False
[clean-BPC   901.01s] node 7 cg=4 phase=phase2 kind=heuristic_boost best_rc=0.099326 found=0 added=0 exhausted=True cert=True
[clean-BPC   923.91s] rim-conflict diag node 7 conflicts=21 pair_events=0 pair_cuts=0 schedcap_events=0 schedcap_cuts=0 nogood_events=0 nogood_cuts=0 weak_skip=21
[clean-BPC    14.70s] restricted-MIP node 7 status=SCHEDULE_REJECTED_LIMIT obj=None accepted=False routes=2600 rejected=21 pair=0 ng=40 sched_cap=0 added_cuts=0 time=14.695297
[clean-BPC   928.18s] branch node 7: left=RF(4,20)=separate right=RF(4,20)=same
[clean-BPC   928.18s] node 8 d=3 lb=231.294592 open=7
[clean-BPC   928.25s] node 8 cg=1 phase=phase1 obj=0.0 artificial=0.0 cols=2600
[clean-BPC   928.34s] node 8 cg=2 phase=phase2 obj=232.168237 artificial=0.0 cols=2600
[clean-BPC   931.60s] node 8 cg=2 phase=phase2 kind=heuristic best_rc=-0.0675298 found=4 added=4 exhausted=False cert=False
[clean-BPC   931.67s] node 8 cg=3 phase=phase2 obj=232.144707 artificial=0.0 cols=2604
[clean-BPC   934.85s] node 8 cg=3 phase=phase2 kind=heuristic best_rc=0.015731079 found=0 added=0 exhausted=False cert=False
[clean-BPC   945.35s] node 8 cg=3 phase=phase2 kind=heuristic_boost best_rc=-0.195683092 found=2 added=2 exhausted=True cert=True
[clean-BPC   945.43s] node 8 cg=4 phase=phase2 obj=232.144707 artificial=0.0 cols=2606
[clean-BPC   948.68s] node 8 cg=4 phase=phase2 kind=heuristic best_rc=0.015731079 found=0 added=0 exhausted=False cert=False
[clean-BPC   958.96s] node 8 cg=4 phase=phase2 kind=heuristic_boost best_rc=0.015731079 found=0 added=0 exhausted=True cert=True
[clean-BPC   984.82s] rim-conflict diag node 8 conflicts=21 pair_events=0 pair_cuts=0 schedcap_events=0 schedcap_cuts=0 nogood_events=0 nogood_cuts=0 weak_skip=21
[clean-BPC    14.16s] restricted-MIP node 8 status=SCHEDULE_REJECTED_LIMIT obj=None accepted=False routes=2606 rejected=21 pair=0 ng=40 sched_cap=0 added_cuts=0 time=14.161852
[clean-BPC   987.07s] branch node 8: left=RF(1,4)=separate right=RF(1,4)=same
[clean-BPC   987.07s] node 11 d=4 lb=231.329428 open=8
[clean-BPC   987.16s] node 11 cg=1 phase=phase1 obj=0.0 artificial=0.0 cols=2606
[clean-BPC   987.24s] node 11 cg=2 phase=phase2 obj=232.111692 artificial=0.0 cols=2606
[clean-BPC   989.98s] node 11 cg=2 phase=phase2 kind=heuristic best_rc=-1.04051 found=24 added=24 exhausted=False cert=False
[clean-BPC   990.06s] node 11 cg=3 phase=phase2 obj=231.948109 artificial=0.0 cols=2630
[clean-BPC   990.06s] cut_purged node=11 removed=1 by_kind={'crossing_cut': 1} remaining=24
[clean-BPC   990.15s] node 11 cg=4 phase=phase2 obj=231.948109 artificial=0.0 cols=2630
[clean-BPC   993.14s] node 11 cg=4 phase=phase2 kind=heuristic best_rc=-0.0 found=0 added=0 exhausted=False cert=False
[clean-BPC  1001.53s] node 11 cg=4 phase=phase2 kind=heuristic_boost best_rc=-0.0 found=0 added=0 exhausted=True cert=True
[clean-BPC  1003.96s] branch node 11: left=RF(12,13)=separate right=RF(12,13)=same
[clean-BPC  1003.96s] node 12 d=4 lb=231.329428 open=9
[clean-BPC  1004.02s] node 12 cg=1 phase=phase1 obj=0.0 artificial=0.0 cols=2630
[clean-BPC  1004.07s] node 12 cg=2 phase=phase2 obj=232.126501 artificial=0.0 cols=2630
[clean-BPC  1007.11s] node 12 cg=2 phase=phase2 kind=heuristic best_rc=-0.1897125 found=4 added=4 exhausted=False cert=False
[clean-BPC  1007.17s] node 12 cg=3 phase=phase2 obj=232.126501 artificial=0.0 cols=2634
[clean-BPC  1010.00s] node 12 cg=3 phase=phase2 kind=heuristic best_rc=-0.0 found=0 added=0 exhausted=False cert=False
[clean-BPC  1020.84s] node 12 cg=3 phase=phase2 kind=heuristic_boost best_rc=-0.938814583 found=4 added=4 exhausted=True cert=True
[clean-BPC  1020.90s] node 12 cg=4 phase=phase2 obj=232.126501 artificial=0.0 cols=2638
[clean-BPC  1023.73s] node 12 cg=4 phase=phase2 kind=heuristic best_rc=-0.0 found=0 added=0 exhausted=False cert=False
[clean-BPC  1035.00s] node 12 cg=4 phase=phase2 kind=heuristic_boost best_rc=-0.0 found=0 added=0 exhausted=True cert=True
[clean-BPC  1036.82s] branch node 12: left=RF(10,18)=separate right=RF(10,18)=same
[clean-BPC  1036.82s] node 13 d=4 lb=231.488344 open=10
[clean-BPC  1036.94s] node 13 cg=1 phase=phase1 obj=0.0 artificial=0.0 cols=2638
[clean-BPC  1037.08s] node 13 cg=2 phase=phase2 obj=232.199313 artificial=0.0 cols=2638
[clean-BPC  1040.38s] node 13 cg=2 phase=phase2 kind=heuristic best_rc=-0.532956077 found=16 added=16 exhausted=False cert=False
[clean-BPC  1040.50s] node 13 cg=3 phase=phase2 obj=232.160229 artificial=0.0 cols=2654
[clean-BPC  1043.90s] node 13 cg=3 phase=phase2 kind=heuristic best_rc=0.090257222 found=0 added=0 exhausted=False cert=False
[clean-BPC  1054.49s] node 13 cg=3 phase=phase2 kind=heuristic_boost best_rc=0.090257222 found=0 added=0 exhausted=True cert=True
[clean-BPC  1058.34s] branch node 13: left=RF(10,14)=separate right=RF(10,14)=same
[clean-BPC  1058.34s] node 14 d=4 lb=231.488344 open=11
[clean-BPC  1058.45s] node 14 cg=1 phase=phase1 obj=0.0 artificial=0.0 cols=2654
[clean-BPC  1058.54s] node 14 cg=2 phase=phase2 obj=231.684751 artificial=0.0 cols=2654
[clean-BPC  1061.26s] node 14 cg=2 phase=phase2 kind=heuristic best_rc=0.0063946 found=0 added=0 exhausted=False cert=False
[clean-BPC  1071.77s] node 14 cg=2 phase=phase2 kind=heuristic_boost best_rc=-0.699462 found=2 added=2 exhausted=True cert=True
[clean-BPC  1071.89s] node 14 cg=3 phase=phase2 obj=231.684751 artificial=0.0 cols=2656
[clean-BPC  1074.72s] node 14 cg=3 phase=phase2 kind=heuristic best_rc=0.0063946 found=0 added=0 exhausted=False cert=False
[clean-BPC  1085.12s] node 14 cg=3 phase=phase2 kind=heuristic_boost best_rc=-0.0128426 found=2 added=2 exhausted=True cert=True
[clean-BPC  1085.22s] node 14 cg=4 phase=phase2 obj=231.684751 artificial=0.0 cols=2658
[clean-BPC  1087.98s] node 14 cg=4 phase=phase2 kind=heuristic best_rc=0.0063946 found=0 added=0 exhausted=False cert=False
[clean-BPC  1098.47s] node 14 cg=4 phase=phase2 kind=heuristic_boost best_rc=0.0 found=0 added=0 exhausted=True cert=True
[clean-BPC  1101.15s] branch node 14: left=RF(8,14)=separate right=RF(8,14)=same
[clean-BPC  1101.15s] node 10 d=3 lb=231.669981 open=12
[clean-BPC  1101.21s] node 10 cg=1 phase=phase1 obj=0.0 artificial=0.0 cols=2658
[clean-BPC  1101.27s] node 10 cg=2 phase=phase2 obj=231.669981 artificial=0.0 cols=2658
[clean-BPC  1104.10s] node 10 cg=2 phase=phase2 kind=heuristic best_rc=0.029832 found=0 added=0 exhausted=False cert=False
[clean-BPC  1115.27s] node 10 cg=2 phase=phase2 kind=heuristic_boost best_rc=0.0 found=0 added=0 exhausted=True cert=True
[clean-BPC  1151.87s] rim-conflict diag node 10 conflicts=12 pair_events=0 pair_cuts=0 schedcap_events=0 schedcap_cuts=0 nogood_events=0 nogood_cuts=0 weak_skip=12
[clean-BPC    21.04s] restricted-MIP node 10 status=TIME_LIMIT obj=None accepted=False routes=2658 rejected=12 pair=0 ng=24 sched_cap=0 added_cuts=0 time=21.035194
[clean-BPC  1153.61s] branch node 10: left=RF(7,18)=separate right=RF(7,18)=same
[clean-BPC  1153.61s] node 25 d=4 lb=231.669981 open=13
[clean-BPC  1153.68s] node 25 cg=1 phase=phase1 obj=0.0 artificial=0.0 cols=2658
[clean-BPC  1153.74s] node 25 cg=2 phase=phase2 obj=232.38342 artificial=0.0 cols=2658
[clean-BPC  1156.59s] node 25 cg=2 phase=phase2 kind=heuristic best_rc=0.0 found=0 added=0 exhausted=False cert=False
[clean-BPC  1164.60s] node 25 cg=2 phase=phase2 kind=heuristic_boost best_rc=-0.448516 found=3 added=3 exhausted=True cert=True
[clean-BPC  1164.66s] node 25 cg=3 phase=phase2 obj=232.38342 artificial=0.0 cols=2661
[clean-BPC  1167.52s] node 25 cg=3 phase=phase2 kind=heuristic best_rc=-0.0 found=0 added=0 exhausted=False cert=False
[clean-BPC  1176.98s] node 25 cg=3 phase=phase2 kind=heuristic_boost best_rc=-0.422707 found=4 added=4 exhausted=True cert=True
[clean-BPC  1177.04s] node 25 cg=4 phase=phase2 obj=232.38342 artificial=0.0 cols=2665
[clean-BPC  1179.85s] node 25 cg=4 phase=phase2 kind=heuristic best_rc=0.0 found=0 added=0 exhausted=False cert=False
[clean-BPC  1189.30s] node 25 cg=4 phase=phase2 kind=heuristic_boost best_rc=-0.0 found=0 added=0 exhausted=True cert=True
[clean-BPC  1190.84s] branch node 25: left=RF(14,16)=separate right=RF(14,16)=same
[clean-BPC  1190.84s] node 26 d=4 lb=231.669981 open=14
[clean-BPC  1190.88s] node 26 cg=1 phase=phase1 obj=0.0 artificial=0.0 cols=2665
[clean-BPC  1190.93s] node 26 cg=2 phase=phase2 obj=233.034634 artificial=0.0 cols=2665
[clean-BPC  1193.73s] node 26 cg=2 phase=phase2 kind=heuristic best_rc=-0.513637686 found=22 added=22 exhausted=False cert=False
[clean-BPC  1193.78s] node 26 cg=3 phase=phase2 obj=232.911385 artificial=0.0 cols=2687
[clean-BPC  1196.59s] node 26 cg=3 phase=phase2 kind=heuristic best_rc=0.031705 found=0 added=0 exhausted=False cert=False
[clean-BPC  1205.13s] node 26 cg=3 phase=phase2 kind=heuristic_boost best_rc=0.031705 found=0 added=0 exhausted=True cert=True
[clean-BPC  1206.47s] branch node 26: left=RF(7,13)=separate right=RF(7,13)=same
[clean-BPC  1206.47s] node 23 d=5 lb=231.684751 open=15
[clean-BPC  1206.56s] node 23 cg=1 phase=phase1 obj=0.0 artificial=0.0 cols=2687
[clean-BPC  1206.67s] node 23 cg=2 phase=phase2 obj=232.313311 artificial=0.0 cols=2687
[clean-BPC  1209.44s] node 23 cg=2 phase=phase2 kind=heuristic best_rc=-0.111946 found=10 added=10 exhausted=False cert=False
[clean-BPC  1209.54s] node 23 cg=3 phase=phase2 obj=232.243367 artificial=0.0 cols=2697
[clean-BPC  1212.22s] node 23 cg=3 phase=phase2 kind=heuristic best_rc=-0.0 found=0 added=0 exhausted=False cert=False
[clean-BPC  1222.73s] node 23 cg=3 phase=phase2 kind=heuristic_boost best_rc=-1.013754373 found=27 added=27 exhausted=True cert=True
[clean-BPC  1222.83s] node 23 cg=4 phase=phase2 obj=232.243367 artificial=0.0 cols=2724
[clean-BPC  1225.52s] node 23 cg=4 phase=phase2 kind=heuristic best_rc=-0.0 found=0 added=0 exhausted=False cert=False
[clean-BPC  1235.82s] node 23 cg=4 phase=phase2 kind=heuristic_boost best_rc=-0.071886 found=5 added=5 exhausted=True cert=True
[clean-BPC  1235.92s] node 23 cg=5 phase=phase2 obj=232.243367 artificial=0.0 cols=2729
[clean-BPC  1238.63s] node 23 cg=5 phase=phase2 kind=heuristic best_rc=-0.0 found=0 added=0 exhausted=False cert=False
[clean-BPC  1248.99s] node 23 cg=5 phase=phase2 kind=heuristic_boost best_rc=-0.0 found=0 added=0 exhausted=True cert=True
[clean-BPC  1251.57s] branch node 23: left=RF(13,14)=separate right=RF(13,14)=same
[clean-BPC  1251.57s] node 24 d=5 lb=231.684751 open=16
[clean-BPC  1251.66s] node 24 cg=1 phase=phase1 obj=0.0 artificial=0.0 cols=2729
[clean-BPC  1251.74s] node 24 cg=2 phase=phase2 obj=232.245594 artificial=0.0 cols=2729
[clean-BPC  1254.45s] node 24 cg=2 phase=phase2 kind=heuristic best_rc=-0.55093075 found=2 added=2 exhausted=False cert=False
[clean-BPC  1254.53s] node 24 cg=3 phase=phase2 obj=232.245594 artificial=0.0 cols=2731
[clean-BPC  1257.19s] node 24 cg=3 phase=phase2 kind=heuristic best_rc=0.031705 found=0 added=0 exhausted=False cert=False
[clean-BPC  1267.69s] node 24 cg=3 phase=phase2 kind=heuristic_boost best_rc=-0.0 found=0 added=0 exhausted=True cert=True
[clean-BPC  1269.62s] branch node 24: left=RF(13,17)=separate right=RF(13,17)=same
[clean-BPC  1269.62s] node 18 d=5 lb=231.948109 open=17
[clean-BPC  1269.69s] node 18 cg=1 phase=phase1 obj=0.0 artificial=0.0 cols=2731
[clean-BPC  1269.74s] node 18 cg=2 phase=phase2 obj=232.885122 artificial=0.0 cols=2731
[clean-BPC  1272.41s] node 18 cg=2 phase=phase2 kind=heuristic best_rc=-1.35137 found=39 added=39 exhausted=False cert=False
[clean-BPC  1272.47s] node 18 cg=3 phase=phase2 obj=232.885122 artificial=0.0 cols=2770
[clean-BPC  1275.13s] node 18 cg=3 phase=phase2 kind=heuristic best_rc=-0.0 found=0 added=0 exhausted=False cert=False
[clean-BPC  1282.88s] node 18 cg=3 phase=phase2 kind=heuristic_boost best_rc=-0.90316 found=4 added=4 exhausted=True cert=True
[clean-BPC  1282.94s] node 18 cg=4 phase=phase2 obj=232.885122 artificial=0.0 cols=2774
[clean-BPC  1285.62s] node 18 cg=4 phase=phase2 kind=heuristic best_rc=-0.062603 found=2 added=2 exhausted=False cert=False
[clean-BPC  1285.69s] node 18 cg=5 phase=phase2 obj=232.885122 artificial=0.0 cols=2776
[clean-BPC  1288.17s] node 18 cg=5 phase=phase2 kind=heuristic best_rc=0.0 found=0 added=0 exhausted=False cert=False
[clean-BPC  1293.80s] node 18 cg=5 phase=phase2 kind=heuristic_boost best_rc=-0.0 found=0 added=0 exhausted=True cert=True
[clean-BPC  1295.55s] branch node 18: left=RF(8,10)=separate right=RF(8,10)=same
[clean-BPC  1295.55s] node 17 d=5 lb=231.948109 open=18
[clean-BPC  1295.63s] node 17 cg=1 phase=phase1 obj=0.0 artificial=0.0 cols=2776
[clean-BPC  1295.72s] node 17 cg=2 phase=phase2 obj=232.471565 artificial=0.0 cols=2776
[clean-BPC  1298.68s] node 17 cg=2 phase=phase2 kind=heuristic best_rc=0.122437972 found=0 added=0 exhausted=False cert=False
[clean-BPC  1306.09s] node 17 cg=2 phase=phase2 kind=heuristic_boost best_rc=-0.616143833 found=6 added=6 exhausted=True cert=True
[clean-BPC  1306.18s] node 17 cg=3 phase=phase2 obj=232.471565 artificial=0.0 cols=2782
[clean-BPC  1309.09s] node 17 cg=3 phase=phase2 kind=heuristic best_rc=0.122437972 found=0 added=0 exhausted=False cert=False
[clean-BPC  1316.35s] node 17 cg=3 phase=phase2 kind=heuristic_boost best_rc=0.122437972 found=0 added=0 exhausted=True cert=True
[clean-BPC  1318.52s] branch node 17: left=RF(12,17)=separate right=RF(12,17)=same
[clean-BPC  1318.52s] node 19 d=5 lb=232.126501 open=19
[clean-BPC  1318.58s] node 19 cg=1 phase=phase1 obj=0.0 artificial=0.0 cols=2782
[clean-BPC  1318.63s] node 19 cg=2 phase=phase2 obj=232.315099 artificial=0.0 cols=2782
[clean-BPC  1321.38s] node 19 cg=2 phase=phase2 kind=heuristic best_rc=0.0 found=0 added=0 exhausted=False cert=False
[clean-BPC  1329.00s] node 19 cg=2 phase=phase2 kind=heuristic_boost best_rc=0.0 found=0 added=0 exhausted=True cert=True
[clean-BPC  1330.57s] branch node 19: left=RF(9,12)=separate right=RF(9,12)=same
[clean-BPC  1330.57s] node 20 d=5 lb=232.126501 open=20
[clean-BPC  1330.62s] node 20 cg=1 phase=phase1 obj=0.0 artificial=0.0 cols=2782
[clean-BPC  1330.67s] node 20 cg=2 phase=phase2 obj=233.31779 artificial=0.0 cols=2782
[clean-BPC  1333.53s] node 20 cg=2 phase=phase2 kind=heuristic best_rc=-4.094799333 found=101 added=101 exhausted=False cert=False
[clean-BPC  1333.58s] node 20 cg=3 phase=phase2 obj=232.991568 artificial=0.0 cols=2883
[clean-BPC  1336.31s] node 20 cg=3 phase=phase2 kind=heuristic best_rc=0.0 found=0 added=0 exhausted=False cert=False
[clean-BPC  1344.97s] node 20 cg=3 phase=phase2 kind=heuristic_boost best_rc=-0.305034667 found=9 added=9 exhausted=True cert=True
[clean-BPC  1345.03s] node 20 cg=4 phase=phase2 obj=232.991568 artificial=0.0 cols=2892
[clean-BPC  1347.77s] node 20 cg=4 phase=phase2 kind=heuristic best_rc=-0.0 found=0 added=0 exhausted=False cert=False
[clean-BPC  1356.42s] node 20 cg=4 phase=phase2 kind=heuristic_boost best_rc=-0.0 found=0 added=0 exhausted=True cert=True
[clean-BPC  1358.05s] branch node 20: left=RF(1,8)=separate right=RF(1,8)=same
[clean-BPC  1358.05s] node 15 d=4 lb=232.144707 open=21
[clean-BPC  1358.12s] node 15 cg=1 phase=phase1 obj=0.0 artificial=0.0 cols=2892
[clean-BPC  1358.18s] node 15 cg=2 phase=phase2 obj=232.533098 artificial=0.0 cols=2892
[clean-BPC  1361.13s] node 15 cg=2 phase=phase2 kind=heuristic best_rc=-0.1331632 found=4 added=4 exhausted=False cert=False
[clean-BPC  1361.19s] node 15 cg=3 phase=phase2 obj=232.533098 artificial=0.0 cols=2896
[clean-BPC  1364.15s] node 15 cg=3 phase=phase2 kind=heuristic best_rc=-0.0 found=0 added=0 exhausted=False cert=False
[clean-BPC  1371.92s] node 15 cg=3 phase=phase2 kind=heuristic_boost best_rc=-0.495611 found=6 added=6 exhausted=True cert=True
[clean-BPC  1371.98s] node 15 cg=4 phase=phase2 obj=232.533098 artificial=0.0 cols=2902
[clean-BPC  1374.96s] node 15 cg=4 phase=phase2 kind=heuristic best_rc=-0.156613 found=3 added=3 exhausted=False cert=False
[clean-BPC  1375.02s] node 15 cg=5 phase=phase2 obj=232.533098 artificial=0.0 cols=2905
[clean-BPC  1378.00s] node 15 cg=5 phase=phase2 kind=heuristic best_rc=0.0 found=0 added=0 exhausted=False cert=False
[clean-BPC  1385.80s] node 15 cg=5 phase=phase2 kind=heuristic_boost best_rc=0.0 found=0 added=0 exhausted=True cert=True
[clean-BPC  1387.74s] branch node 15: left=RF(14,16)=separate right=RF(14,16)=same
[clean-BPC  1387.74s] node 16 d=4 lb=232.144707 open=22
[clean-BPC  1387.79s] node 16 cg=1 phase=phase1 obj=0.0 artificial=0.0 cols=2905
[clean-BPC  1387.86s] node 16 cg=2 phase=phase2 obj=233.114128 artificial=0.0 cols=2905
[clean-BPC  1390.88s] node 16 cg=2 phase=phase2 kind=heuristic best_rc=-0.0116368 found=2 added=2 exhausted=False cert=False
[clean-BPC  1390.93s] node 16 cg=3 phase=phase2 obj=233.112188 artificial=0.0 cols=2907
[clean-BPC  1393.94s] node 16 cg=3 phase=phase2 kind=heuristic best_rc=-0.0 found=0 added=0 exhausted=False cert=False
[clean-BPC  1405.87s] node 16 cg=3 phase=phase2 kind=heuristic_boost best_rc=-0.601460667 found=10 added=10 exhausted=True cert=True
[clean-BPC  1405.92s] node 16 cg=4 phase=phase2 obj=233.112188 artificial=0.0 cols=2917
[clean-BPC  1408.96s] node 16 cg=4 phase=phase2 kind=heuristic best_rc=-0.0 found=0 added=0 exhausted=False cert=False
[clean-BPC  1420.81s] node 16 cg=4 phase=phase2 kind=heuristic_boost best_rc=-0.761754333 found=4 added=4 exhausted=True cert=True
[clean-BPC  1420.87s] node 16 cg=5 phase=phase2 obj=233.112188 artificial=0.0 cols=2921
[clean-BPC  1423.90s] node 16 cg=5 phase=phase2 kind=heuristic best_rc=0.0 found=0 added=0 exhausted=False cert=False
[clean-BPC  1435.83s] node 16 cg=5 phase=phase2 kind=heuristic_boost best_rc=-0.004848667 found=2 added=2 exhausted=True cert=True
[clean-BPC  1435.89s] node 16 cg=6 phase=phase2 obj=233.112188 artificial=0.0 cols=2923
[clean-BPC  1438.92s] node 16 cg=6 phase=phase2 kind=heuristic best_rc=-0.0 found=0 added=0 exhausted=False cert=False
[clean-BPC  1450.81s] node 16 cg=6 phase=phase2 kind=heuristic_boost best_rc=-0.0 found=0 added=0 exhausted=True cert=True
[clean-BPC  1452.35s] branch node 16: left=RF(14,16)=separate right=RF(14,16)=same
[clean-BPC  1452.35s] node 22 d=5 lb=232.160229 open=23
[clean-BPC  1452.44s] node 22 cg=1 phase=phase1 obj=0.0 artificial=0.0 cols=2923
[clean-BPC  1452.55s] node 22 cg=2 phase=phase2 obj=232.596917 artificial=0.0 cols=2923
[clean-BPC  1455.46s] node 22 cg=2 phase=phase2 kind=heuristic best_rc=-0.2053226 found=2 added=2 exhausted=False cert=False
[clean-BPC  1455.56s] node 22 cg=3 phase=phase2 obj=232.596917 artificial=0.0 cols=2925
[clean-BPC  1458.56s] node 22 cg=3 phase=phase2 kind=heuristic best_rc=0.120256 found=0 added=0 exhausted=False cert=False
[clean-BPC  1467.83s] node 22 cg=3 phase=phase2 kind=heuristic_boost best_rc=0.120256 found=0 added=0 exhausted=True cert=True
[clean-BPC  1470.42s] branch node 22: left=RF(14,16)=separate right=RF(14,16)=same
[clean-BPC  1470.42s] node 21 d=5 lb=232.160229 open=24
[clean-BPC  1470.56s] node 21 cg=1 phase=phase1 obj=0.0 artificial=0.0 cols=2925
[clean-BPC  1470.69s] node 21 cg=2 phase=phase2 obj=232.728101 artificial=0.0 cols=2925
[clean-BPC  1473.93s] node 21 cg=2 phase=phase2 kind=heuristic best_rc=-0.457291 found=4 added=4 exhausted=False cert=False
[clean-BPC  1474.07s] node 21 cg=3 phase=phase2 obj=232.664188 artificial=0.0 cols=2929
[clean-BPC  1477.34s] node 21 cg=3 phase=phase2 kind=heuristic best_rc=0.009236 found=0 added=0 exhausted=False cert=False
[clean-BPC  1487.20s] node 21 cg=3 phase=phase2 kind=heuristic_boost best_rc=0.009236 found=0 added=0 exhausted=True cert=True
[clean-BPC  1491.38s] branch node 21: left=RF(14,17)=separate right=RF(14,17)=same
[clean-BPC  1491.38s] node 32 d=6 lb=232.243367 open=25
[clean-BPC  1491.43s] node 32 cg=1 phase=phase1 obj=0.0 artificial=0.0 cols=2929
[clean-BPC  1491.48s] node 32 cg=2 phase=phase2 obj=232.537028 artificial=0.0 cols=2929
[clean-BPC  1494.00s] node 32 cg=2 phase=phase2 kind=heuristic best_rc=-0.10614 found=2 added=2 exhausted=False cert=False
[clean-BPC  1494.05s] node 32 cg=3 phase=phase2 obj=232.537028 artificial=0.0 cols=2931
[clean-BPC  1496.55s] node 32 cg=3 phase=phase2 kind=heuristic best_rc=0.031705 found=0 added=0 exhausted=False cert=False
[clean-BPC  1504.79s] node 32 cg=3 phase=phase2 kind=heuristic_boost best_rc=0.0 found=0 added=0 exhausted=True cert=True
[clean-BPC  1506.48s] branch node 32: left=arc(1,13)=off right=arc(1,13)=on
[clean-BPC  1506.48s] node 31 d=6 lb=232.243367 open=26
[clean-BPC  1506.57s] node 31 cg=1 phase=phase1 obj=0.0 artificial=0.0 cols=2931
[clean-BPC  1506.68s] node 31 cg=2 phase=phase2 obj=233.566058 artificial=0.0 cols=2931
[clean-BPC  1509.34s] node 31 cg=2 phase=phase2 kind=heuristic best_rc=-0.560787 found=8 added=8 exhausted=False cert=False
[clean-BPC  1509.45s] node 31 cg=3 phase=phase2 obj=233.417974 artificial=0.0 cols=2939
[clean-BPC  1512.12s] node 31 cg=3 phase=phase2 kind=heuristic best_rc=0.0 found=0 added=0 exhausted=False cert=False
[clean-BPC  1520.20s] node 31 cg=3 phase=phase2 kind=heuristic_boost best_rc=-0.0 found=0 added=0 exhausted=True cert=True
[clean-BPC  1522.83s] branch node 31: left=arc(8,12)=off right=arc(8,12)=on
[clean-BPC  1522.83s] node 34 d=6 lb=232.245594 open=27
[clean-BPC  1522.87s] node 34 cg=1 phase=phase1 obj=0.0 artificial=0.0 cols=2939
[clean-BPC  1522.91s] node 34 cg=2 phase=phase2 obj=232.700138 artificial=0.0 cols=2939
[clean-BPC  1525.28s] node 34 cg=2 phase=phase2 kind=heuristic best_rc=-0.052526 found=2 added=2 exhausted=False cert=False
[clean-BPC  1525.32s] node 34 cg=3 phase=phase2 obj=232.700138 artificial=0.0 cols=2941
[clean-BPC  1527.71s] node 34 cg=3 phase=phase2 kind=heuristic best_rc=0.031705 found=0 added=0 exhausted=False cert=False
[clean-BPC  1535.24s] node 34 cg=3 phase=phase2 kind=heuristic_boost best_rc=0.031705 found=0 added=0 exhausted=True cert=True
[clean-BPC  1536.28s] branch node 34: left=RF(1,16)=separate right=RF(1,16)=same
[clean-BPC  1536.28s] node 33 d=6 lb=232.245594 open=28
[clean-BPC  1536.36s] node 33 cg=1 phase=phase1 obj=0.0 artificial=0.0 cols=2941
[clean-BPC  1536.43s] node 33 cg=2 phase=phase2 obj=232.642653 artificial=0.0 cols=2941
[clean-BPC  1539.02s] node 33 cg=2 phase=phase2 kind=heuristic best_rc=-0.0 found=0 added=0 exhausted=False cert=False
[clean-BPC  1547.16s] node 33 cg=2 phase=phase2 kind=heuristic_boost best_rc=-0.0 found=0 added=0 exhausted=True cert=True
[clean-BPC  1548.64s] branch node 33: left=RF(14,17)=separate right=RF(14,17)=same
[clean-BPC  1548.64s] node 39 d=6 lb=232.315099 open=29
[clean-BPC  1548.70s] node 39 cg=1 phase=phase1 obj=0.0 artificial=0.0 cols=2941
[clean-BPC  1548.75s] node 39 cg=2 phase=phase2 obj=233.139739 artificial=0.0 cols=2941
[clean-BPC  1551.35s] node 39 cg=2 phase=phase2 kind=heuristic best_rc=-1.854778 found=61 added=61 exhausted=False cert=False
[clean-BPC  1551.40s] node 39 cg=3 phase=phase2 obj=232.52148 artificial=0.0 cols=3002
[clean-BPC  1554.09s] node 39 cg=3 phase=phase2 kind=heuristic best_rc=0.041101333 found=0 added=0 exhausted=False cert=False
[clean-BPC  1560.46s] node 39 cg=3 phase=phase2 kind=heuristic_boost best_rc=0.041101333 found=0 added=0 exhausted=True cert=True
[clean-BPC  1561.61s] branch node 39: left=RF(6,12)=separate right=RF(6,12)=same
[clean-BPC  1561.61s] node 40 d=6 lb=232.315099 open=30
[clean-BPC  1561.65s] node 40 cg=1 phase=phase1 obj=0.0 artificial=0.0 cols=3002
[clean-BPC  1561.70s] node 40 cg=2 phase=phase2 obj=233.188797 artificial=0.0 cols=3002
[clean-BPC  1564.30s] node 40 cg=2 phase=phase2 kind=heuristic best_rc=-0.0 found=0 added=0 exhausted=False cert=False
[clean-BPC  1572.05s] node 40 cg=2 phase=phase2 kind=heuristic_boost best_rc=-0.0 found=0 added=0 exhausted=True cert=True
[clean-BPC  1573.26s] branch node 40: left=RF(5,19)=separate right=RF(5,19)=same
[clean-BPC  1573.26s] node 27 d=5 lb=232.38342 open=31
[clean-BPC  1573.32s] node 27 cg=1 phase=phase1 obj=0.0 artificial=0.0 cols=3002
[clean-BPC  1573.38s] node 27 cg=2 phase=phase2 obj=232.776218 artificial=0.0 cols=3002
[clean-BPC  1576.10s] node 27 cg=2 phase=phase2 kind=heuristic best_rc=-0.015765714 found=2 added=2 exhausted=False cert=False
[clean-BPC  1576.17s] node 27 cg=3 phase=phase2 obj=232.77513 artificial=0.0 cols=3004
[clean-BPC  1578.88s] node 27 cg=3 phase=phase2 kind=heuristic best_rc=-0.0 found=0 added=0 exhausted=False cert=False
[clean-BPC  1586.36s] node 27 cg=3 phase=phase2 kind=heuristic_boost best_rc=-0.0 found=0 added=0 exhausted=True cert=True
[clean-BPC  1588.15s] branch node 27: left=RF(2,5)=separate right=RF(2,5)=same
[clean-BPC  1588.15s] node 28 d=5 lb=232.38342 open=32
[clean-BPC  1588.19s] node 28 cg=1 phase=phase1 obj=0.0 artificial=0.0 cols=3004
[clean-BPC  1588.22s] node 28 cg=2 phase=phase2 obj=233.265133 artificial=0.0 cols=3004
[clean-BPC  1590.88s] node 28 cg=2 phase=phase2 kind=heuristic best_rc=-0.325520308 found=6 added=6 exhausted=False cert=False
[clean-BPC  1590.91s] node 28 cg=3 phase=phase2 obj=233.236667 artificial=0.0 cols=3010
[clean-BPC  1593.58s] node 28 cg=3 phase=phase2 kind=heuristic best_rc=-0.0 found=0 added=0 exhausted=False cert=False
[clean-BPC  1602.81s] node 28 cg=3 phase=phase2 kind=heuristic_boost best_rc=-0.969236 found=26 added=26 exhausted=True cert=True
[clean-BPC  1602.85s] node 28 cg=4 phase=phase2 obj=233.236667 artificial=0.0 cols=3036
[clean-BPC  1605.55s] node 28 cg=4 phase=phase2 kind=heuristic best_rc=0.0 found=0 added=0 exhausted=False cert=False
[clean-BPC  1616.68s] node 28 cg=4 phase=phase2 kind=heuristic_boost best_rc=-1.656471 found=8 added=8 exhausted=True cert=True
[clean-BPC  1616.72s] node 28 cg=5 phase=phase2 obj=233.236667 artificial=0.0 cols=3044
[clean-BPC  1619.38s] node 28 cg=5 phase=phase2 kind=heuristic best_rc=0.0 found=0 added=0 exhausted=False cert=False
[clean-BPC  1628.62s] node 28 cg=5 phase=phase2 kind=heuristic_boost best_rc=-0.1272625 found=2 added=2 exhausted=True cert=True
[clean-BPC  1628.66s] node 28 cg=6 phase=phase2 obj=233.236667 artificial=0.0 cols=3046
[clean-BPC  1631.33s] node 28 cg=6 phase=phase2 kind=heuristic best_rc=-0.0 found=0 added=0 exhausted=False cert=False
[clean-BPC  1642.31s] node 28 cg=6 phase=phase2 kind=heuristic_boost best_rc=-0.0 found=0 added=0 exhausted=True cert=True
[clean-BPC  1643.42s] branch node 28: left=RF(14,17)=separate right=RF(14,17)=same
[clean-BPC  1643.42s] node 38 d=6 lb=232.471565 open=33
[clean-BPC  1643.48s] node 38 cg=1 phase=phase1 obj=0.0 artificial=0.0 cols=3046
[clean-BPC  1643.54s] node 38 cg=2 phase=phase2 obj=233.381566 artificial=0.0 cols=3046
[clean-BPC  1646.06s] node 38 cg=2 phase=phase2 kind=heuristic best_rc=0.491417625 found=0 added=0 exhausted=False cert=False
[clean-BPC  1652.96s] node 38 cg=2 phase=phase2 kind=heuristic_boost best_rc=0.454682 found=0 added=0 exhausted=True cert=True
[clean-BPC  1654.81s] branch node 38: left=RF(7,17)=separate right=RF(7,17)=same
[clean-BPC  1654.81s] node 37 d=6 lb=232.471565 open=34
[clean-BPC  1654.88s] node 37 cg=1 phase=phase1 obj=0.0 artificial=0.0 cols=3046
[clean-BPC  1654.98s] node 37 cg=2 phase=phase2 obj=233.205212 artificial=0.0 cols=3046
[clean-BPC  1657.84s] node 37 cg=2 phase=phase2 kind=heuristic best_rc=0.0 found=0 added=0 exhausted=False cert=False
[clean-BPC  1664.87s] node 37 cg=2 phase=phase2 kind=heuristic_boost best_rc=-0.522426467 found=10 added=10 exhausted=True cert=True
[clean-BPC  1664.94s] node 37 cg=3 phase=phase2 obj=233.205212 artificial=0.0 cols=3056
[clean-BPC  1667.80s] node 37 cg=3 phase=phase2 kind=heuristic best_rc=0.0 found=0 added=0 exhausted=False cert=False
[clean-BPC  1674.74s] node 37 cg=3 phase=phase2 kind=heuristic_boost best_rc=-0.073262133 found=2 added=2 exhausted=True cert=True
[clean-BPC  1674.84s] node 37 cg=4 phase=phase2 obj=233.205212 artificial=0.0 cols=3058
[clean-BPC  1677.70s] node 37 cg=4 phase=phase2 kind=heuristic best_rc=-0.0 found=0 added=0 exhausted=False cert=False
[clean-BPC  1684.65s] node 37 cg=4 phase=phase2 kind=heuristic_boost best_rc=-0.0 found=0 added=0 exhausted=True cert=True
[clean-BPC  1686.83s] branch node 37: left=RF(14,16)=separate right=RF(14,16)=same
[clean-BPC  1686.83s] node 59 d=7 lb=232.52148 open=35
[clean-BPC  1686.88s] node 59 cg=1 phase=phase1 obj=0.0 artificial=0.0 cols=3058
[clean-BPC  1686.94s] node 59 cg=2 phase=phase2 obj=233.166645 artificial=0.0 cols=3058
[clean-BPC  1689.51s] node 59 cg=2 phase=phase2 kind=heuristic best_rc=0.0 found=0 added=0 exhausted=False cert=False
[clean-BPC  1695.74s] node 59 cg=2 phase=phase2 kind=heuristic_boost best_rc=0.0 found=0 added=0 exhausted=True cert=True
[clean-BPC  1696.97s] branch node 59: left=RF(14,17)=separate right=RF(14,17)=same
[clean-BPC  1696.97s] node 60 d=7 lb=232.52148 open=36
[clean-BPC  1697.00s] node 60 cg=1 phase=phase1 obj=0.0 artificial=0.0 cols=3058
[clean-BPC  1697.03s] node 60 cg=2 phase=phase2 obj=233.657931 artificial=0.0 cols=3058
[clean-BPC  1699.22s] node 60 cg=2 phase=phase2 kind=heuristic best_rc=-1.018185 found=14 added=14 exhausted=False cert=False
[clean-BPC  1699.25s] node 60 cg=3 phase=phase2 obj=233.643955 artificial=0.0 cols=3072
[clean-BPC  1701.69s] node 60 cg=3 phase=phase2 kind=heuristic best_rc=-0.136733818 found=2 added=2 exhausted=False cert=False
[clean-BPC  1701.72s] node 60 cg=4 phase=phase2 obj=233.643955 artificial=0.0 cols=3074
[clean-BPC  1704.17s] node 60 cg=4 phase=phase2 kind=heuristic best_rc=0.209494818 found=0 added=0 exhausted=False cert=False
[clean-BPC  1709.33s] node 60 cg=4 phase=phase2 kind=heuristic_boost best_rc=0.209494818 found=0 added=0 exhausted=True cert=True
[clean-BPC  1710.35s] branch node 60: left=RF(6,19)=separate right=RF(6,19)=same
[clean-BPC  1710.35s] node 44 d=5 lb=232.533098 open=37
[clean-BPC  1710.39s] node 44 cg=1 phase=phase1 obj=0.0 artificial=0.0 cols=3074
[clean-BPC  1710.43s] node 44 cg=2 phase=phase2 obj=233.184702 artificial=0.0 cols=3074
[clean-BPC  1713.25s] node 44 cg=2 phase=phase2 kind=heuristic best_rc=-0.4707055 found=6 added=6 exhausted=False cert=False
[clean-BPC  1713.29s] node 44 cg=3 phase=phase2 obj=233.112816 artificial=0.0 cols=3080
[clean-BPC  1716.18s] node 44 cg=3 phase=phase2 kind=heuristic best_rc=0.0 found=0 added=0 exhausted=False cert=False
[clean-BPC  1725.53s] node 44 cg=3 phase=phase2 kind=heuristic_boost best_rc=0.0 found=0 added=0 exhausted=True cert=True
[clean-BPC  1725.53s] incumbent node 44: obj=333.112816
[clean-BPC  1726.41s] cut_added family=schedule_nogood_core node=44 added=2 source_vehicle=1 route_count=4 signatures=[[5, 9, 19, 11], [2, 20, 15, 4], [6, 8, 10, 18, 13], [1, 3, 7]]
[clean-BPC  1726.41s] node 43 d=5 lb=232.533098 open=37
[clean-BPC  1726.48s] node 43 cg=1 phase=phase1 obj=0.0 artificial=0.0 cols=3080
[clean-BPC  1726.55s] node 43 cg=2 phase=phase2 obj=233.276169 artificial=0.0 cols=3080
[clean-BPC  1729.52s] node 43 cg=2 phase=phase2 kind=heuristic best_rc=-0.121198 found=4 added=4 exhausted=False cert=False
[clean-BPC  1729.58s] node 43 cg=3 phase=phase2 obj=233.262703 artificial=0.0 cols=3084
[clean-BPC  1732.56s] node 43 cg=3 phase=phase2 kind=heuristic best_rc=-0.0 found=0 added=0 exhausted=False cert=False
[clean-BPC  1740.23s] node 43 cg=3 phase=phase2 kind=heuristic_boost best_rc=-0.280544667 found=13 added=13 exhausted=True cert=True
[clean-BPC  1740.30s] node 43 cg=4 phase=phase2 obj=233.262703 artificial=0.0 cols=3097
[clean-BPC  1743.30s] node 43 cg=4 phase=phase2 kind=heuristic best_rc=-0.0 found=0 added=0 exhausted=False cert=False
[clean-BPC  1750.99s] node 43 cg=4 phase=phase2 kind=heuristic_boost best_rc=-0.0 found=0 added=0 exhausted=True cert=True
[clean-BPC  1752.49s] branch node 43: left=RF(13,14)=separate right=RF(13,14)=same
[clean-BPC  1752.49s] node 51 d=7 lb=232.537028 open=38
[clean-BPC  1752.54s] node 51 cg=1 phase=phase1 obj=0.0 artificial=0.0 cols=3097
[clean-BPC  1752.61s] node 51 cg=2 phase=phase2 obj=232.537028 artificial=0.0 cols=3097
[clean-BPC  1755.13s] node 51 cg=2 phase=phase2 kind=heuristic best_rc=0.031705 found=0 added=0 exhausted=False cert=False
[clean-BPC  1763.38s] node 51 cg=2 phase=phase2 kind=heuristic_boost best_rc=-0.194182444 found=2 added=2 exhausted=True cert=True
[clean-BPC  1763.43s] node 51 cg=3 phase=phase2 obj=232.537028 artificial=0.0 cols=3099
[clean-BPC  1765.95s] node 51 cg=3 phase=phase2 kind=heuristic best_rc=0.031705 found=0 added=0 exhausted=False cert=False
[clean-BPC  1774.24s] node 51 cg=3 phase=phase2 kind=heuristic_boost best_rc=0.0 found=0 added=0 exhausted=True cert=True
[clean-BPC  1776.08s] branch node 51: left=arc(13,1)=off right=arc(13,1)=on
[clean-BPC  1776.08s] node 52 d=7 lb=232.537028 open=39
[clean-BPC  1776.14s] node 52 cg=1 phase=phase1 obj=0.0 artificial=0.0 cols=3099
[clean-BPC  1776.21s] node 52 cg=2 phase=phase2 obj=238.100241 artificial=0.0 cols=3099
[clean-BPC  1778.84s] node 52 cg=2 phase=phase2 kind=heuristic best_rc=-5.3858606 found=405 added=405 exhausted=False cert=False
[clean-BPC  1778.94s] node 52 cg=3 phase=phase2 obj=235.797073 artificial=0.0 cols=3504
[clean-BPC  1781.48s] node 52 cg=3 phase=phase2 kind=heuristic best_rc=0.161578 found=0 added=0 exhausted=False cert=False
[clean-BPC  1789.99s] node 52 cg=3 phase=phase2 kind=heuristic_boost best_rc=-0.0 found=0 added=0 exhausted=True cert=True
[clean-BPC  1792.36s] branch node 52: left=RF(7,8)=separate right=RF(7,8)=same
[clean-BPC  1792.36s] node 77 d=8 lb=232.537028 open=40
[clean-BPC  1792.46s] node 77 cg=1 phase=phase1 obj=0.0 artificial=0.0 cols=3504
[clean-BPC  1792.54s] node 77 cg=2 phase=phase2 obj=232.590888 artificial=0.0 cols=3504
[clean-BPC  1792.54s] cut_purged node=77 removed=1 by_kind={'schedule_nogood_core': 1} remaining=25
[clean-BPC  1792.64s] node 77 cg=3 phase=phase2 obj=232.590888 artificial=0.0 cols=3504
[clean-BPC  1795.19s] node 77 cg=3 phase=phase2 kind=heuristic best_rc=0.031705 found=0 added=0 exhausted=False cert=False
[clean-BPC  1803.62s] node 77 cg=3 phase=phase2 kind=heuristic_boost best_rc=0.0 found=0 added=0 exhausted=True cert=True
[clean-BPC  1805.06s] branch node 77: left=RF(9,17)=separate right=RF(9,17)=same
[clean-BPC  1805.06s] node 78 d=8 lb=232.537028 open=41
[clean-BPC  1805.16s] node 78 cg=1 phase=phase1 obj=0.0 artificial=0.0 cols=3504
[clean-BPC  1805.24s] node 78 cg=2 phase=phase2 obj=236.005142 artificial=0.0 cols=3504
[clean-BPC  1807.81s] node 78 cg=2 phase=phase2 kind=heuristic best_rc=-0.383188 found=2 added=2 exhausted=False cert=False
[clean-BPC  1807.89s] node 78 cg=3 phase=phase2 obj=235.891181 artificial=0.0 cols=3506
[clean-BPC  1810.44s] node 78 cg=3 phase=phase2 kind=heuristic best_rc=-0.0 found=0 added=0 exhausted=False cert=False
[clean-BPC  1818.83s] node 78 cg=3 phase=phase2 kind=heuristic_boost best_rc=-0.571470875 found=1 added=1 exhausted=True cert=True
[clean-BPC  1818.92s] node 78 cg=4 phase=phase2 obj=235.797073 artificial=0.0 cols=3507
[clean-BPC  1821.49s] node 78 cg=4 phase=phase2 kind=heuristic best_rc=0.161578 found=0 added=0 exhausted=False cert=False
[clean-BPC  1829.87s] node 78 cg=4 phase=phase2 kind=heuristic_boost best_rc=-0.105212391 found=4 added=4 exhausted=True cert=True
[clean-BPC  1829.96s] node 78 cg=5 phase=phase2 obj=235.797073 artificial=0.0 cols=3511
[clean-BPC  1832.53s] node 78 cg=5 phase=phase2 kind=heuristic best_rc=0.161578 found=0 added=0 exhausted=False cert=False
[clean-BPC  1840.89s] node 78 cg=5 phase=phase2 kind=heuristic_boost best_rc=-0.442836531 found=1 added=1 exhausted=True cert=True
[clean-BPC  1840.97s] node 78 cg=6 phase=phase2 obj=235.797073 artificial=0.0 cols=3512
[clean-BPC  1843.55s] node 78 cg=6 phase=phase2 kind=heuristic best_rc=0.161578 found=0 added=0 exhausted=False cert=False
[clean-BPC  1851.89s] node 78 cg=6 phase=phase2 kind=heuristic_boost best_rc=-0.163190466 found=2 added=2 exhausted=True cert=True
[clean-BPC  1851.98s] node 78 cg=7 phase=phase2 obj=235.797073 artificial=0.0 cols=3514
[clean-BPC  1854.55s] node 78 cg=7 phase=phase2 kind=heuristic best_rc=0.161578 found=0 added=0 exhausted=False cert=False
[clean-BPC  1862.91s] node 78 cg=7 phase=phase2 kind=heuristic_boost best_rc=-0.0 found=0 added=0 exhausted=True cert=True
[clean-BPC  1865.45s] branch node 78: left=RF(7,8)=separate right=RF(7,8)=same
[clean-BPC  1865.45s] node 81 d=9 lb=232.590888 open=42
[clean-BPC  1865.52s] node 81 cg=1 phase=phase1 obj=0.0 artificial=0.0 cols=3514
[clean-BPC  1865.62s] node 81 cg=2 phase=phase2 obj=232.620898 artificial=0.0 cols=3514
[clean-BPC  1868.09s] node 81 cg=2 phase=phase2 kind=heuristic best_rc=0.0 found=0 added=0 exhausted=False cert=False
[clean-BPC  1875.86s] node 81 cg=2 phase=phase2 kind=heuristic_boost best_rc=0.0 found=0 added=0 exhausted=True cert=True
[clean-BPC  1877.10s] branch node 81: left=RF(3,14)=separate right=RF(3,14)=same
[clean-BPC  1877.10s] node 82 d=9 lb=232.590888 open=43
[clean-BPC  1877.15s] node 82 cg=1 phase=phase1 obj=0.0 artificial=0.0 cols=3514
[clean-BPC  1877.20s] node 82 cg=2 phase=phase2 obj=234.498382 artificial=0.0 cols=3514
[clean-BPC  1879.36s] node 82 cg=2 phase=phase2 kind=heuristic best_rc=-3.323326444 found=20 added=20 exhausted=False cert=False
[clean-BPC  1879.41s] node 82 cg=3 phase=phase2 obj=233.612437 artificial=0.0 cols=3534
[clean-BPC  1881.55s] node 82 cg=3 phase=phase2 kind=heuristic best_rc=0.161578 found=0 added=0 exhausted=False cert=False
[clean-BPC  1887.36s] node 82 cg=3 phase=phase2 kind=heuristic_boost best_rc=-0.0 found=0 added=0 exhausted=True cert=True
[clean-BPC  1888.32s] branch node 82: left=RF(9,12)=separate right=RF(9,12)=same
[clean-BPC  1888.32s] node 48 d=6 lb=232.596917 open=44
[clean-BPC  1888.41s] node 48 cg=1 phase=phase1 obj=0.0 artificial=0.0 cols=3534
[clean-BPC  1888.51s] node 48 cg=2 phase=phase2 obj=235.056112 artificial=0.0 cols=3534
[clean-BPC  1891.03s] node 48 cg=2 phase=phase2 kind=heuristic best_rc=-0.910542 found=6 added=6 exhausted=False cert=False
[clean-BPC  1891.12s] node 48 cg=3 phase=phase2 obj=234.948281 artificial=0.0 cols=3540
[clean-BPC  1891.12s] cut_purged node=48 removed=2 by_kind={'crossing_cut': 2} remaining=23
[clean-BPC  1891.20s] node 48 cg=4 phase=phase2 obj=234.948281 artificial=0.0 cols=3540
[clean-BPC  1893.96s] node 48 cg=4 phase=phase2 kind=heuristic best_rc=0.0 found=0 added=0 exhausted=False cert=False
[clean-BPC  1901.94s] node 48 cg=4 phase=phase2 kind=heuristic_boost best_rc=-4.821965571 found=81 added=81 exhausted=True cert=True
[clean-BPC  1902.03s] node 48 cg=5 phase=phase2 obj=234.948281 artificial=0.0 cols=3621
[clean-BPC  1904.81s] node 48 cg=5 phase=phase2 kind=heuristic best_rc=-0.0 found=0 added=0 exhausted=False cert=False
[clean-BPC  1912.67s] node 48 cg=5 phase=phase2 kind=heuristic_boost best_rc=-1.125588929 found=6 added=6 exhausted=True cert=True
[clean-BPC  1912.76s] node 48 cg=6 phase=phase2 obj=234.948281 artificial=0.0 cols=3627
[clean-BPC  1915.50s] node 48 cg=6 phase=phase2 kind=heuristic best_rc=0.120256 found=0 added=0 exhausted=False cert=False
[clean-BPC  1923.72s] node 48 cg=6 phase=phase2 kind=heuristic_boost best_rc=-0.0 found=0 added=0 exhausted=True cert=True
[clean-BPC  1925.91s] branch node 48: left=RF(13,14)=separate right=RF(13,14)=same
[clean-BPC  1925.92s] node 47 d=6 lb=232.596917 open=45
[clean-BPC  1926.03s] node 47 cg=1 phase=phase1 obj=0.0 artificial=0.0 cols=3627
[clean-BPC  1926.15s] node 47 cg=2 phase=phase2 obj=232.759935 artificial=0.0 cols=3627
[clean-BPC  1929.17s] node 47 cg=2 phase=phase2 kind=heuristic best_rc=-0.18259125 found=2 added=2 exhausted=False cert=False
[clean-BPC  1929.29s] node 47 cg=3 phase=phase2 obj=232.733639 artificial=0.0 cols=3629
[clean-BPC  1932.36s] node 47 cg=3 phase=phase2 kind=heuristic best_rc=0.0 found=0 added=0 exhausted=False cert=False
[clean-BPC  1944.79s] node 47 cg=3 phase=phase2 kind=heuristic_boost best_rc=-0.51700904 found=12 added=12 exhausted=True cert=True
[clean-BPC  1944.91s] node 47 cg=4 phase=phase2 obj=232.733639 artificial=0.0 cols=3641
[clean-BPC  1948.00s] node 47 cg=4 phase=phase2 kind=heuristic best_rc=0.0 found=0 added=0 exhausted=False cert=False
[clean-BPC  1960.18s] node 47 cg=4 phase=phase2 kind=heuristic_boost best_rc=-2.85339095 found=200 added=200 exhausted=True cert=True
[clean-BPC  1960.33s] node 47 cg=5 phase=phase2 obj=232.733639 artificial=0.0 cols=3841
[clean-BPC  1963.37s] node 47 cg=5 phase=phase2 kind=heuristic best_rc=-0.0 found=0 added=0 exhausted=False cert=False
[clean-BPC  1975.51s] node 47 cg=5 phase=phase2 kind=heuristic_boost best_rc=-0.0 found=0 added=0 exhausted=True cert=True
[clean-BPC  1979.45s] branch node 47: left=RF(7,16)=separate right=RF(7,16)=same
[clean-BPC  1979.45s] node 85 d=10 lb=232.620898 open=46
[clean-BPC  1979.54s] node 85 cg=1 phase=phase1 obj=0.0 artificial=0.0 cols=3841
[clean-BPC  1979.61s] node 85 cg=2 phase=phase2 obj=232.835993 artificial=0.0 cols=3841
[clean-BPC  1982.03s] node 85 cg=2 phase=phase2 kind=heuristic best_rc=-0.1152025 found=4 added=4 exhausted=False cert=False
[clean-BPC  1982.11s] node 85 cg=3 phase=phase2 obj=232.835993 artificial=0.0 cols=3845
[clean-BPC  1984.47s] node 85 cg=3 phase=phase2 kind=heuristic best_rc=0.0 found=0 added=0 exhausted=False cert=False
[clean-BPC  1989.29s] node 85 cg=3 phase=phase2 kind=heuristic_boost best_rc=-0.471999 found=6 added=6 exhausted=True cert=True
[clean-BPC  1989.36s] node 85 cg=4 phase=phase2 obj=232.835993 artificial=0.0 cols=3851
[clean-BPC  1991.73s] node 85 cg=4 phase=phase2 kind=heuristic best_rc=-0.161578 found=2 added=2 exhausted=False cert=False
[clean-BPC  1991.80s] node 85 cg=5 phase=phase2 obj=232.835993 artificial=0.0 cols=3853
[clean-BPC  1994.15s] node 85 cg=5 phase=phase2 kind=heuristic best_rc=0.0 found=0 added=0 exhausted=False cert=False
[clean-BPC  1999.07s] node 85 cg=5 phase=phase2 kind=heuristic_boost best_rc=0.0 found=0 added=0 exhausted=True cert=True
[clean-BPC  2000.38s] branch node 85: left=RF(1,4)=separate right=RF(1,4)=same
[clean-BPC  2000.38s] node 86 d=10 lb=232.620898 open=47
[clean-BPC  2000.42s] node 86 cg=1 phase=phase1 obj=0.0 artificial=0.0 cols=3853
[clean-BPC  2000.47s] node 86 cg=2 phase=phase2 obj=233.982619 artificial=0.0 cols=3853
[clean-BPC  2002.85s] node 86 cg=2 phase=phase2 kind=heuristic best_rc=0.0 found=0 added=0 exhausted=False cert=False
[clean-BPC  2009.84s] node 86 cg=2 phase=phase2 kind=heuristic_boost best_rc=-0.832564 found=11 added=11 exhausted=True cert=True
[clean-BPC  2009.89s] node 86 cg=3 phase=phase2 obj=233.982619 artificial=0.0 cols=3864
[clean-BPC  2012.34s] node 86 cg=3 phase=phase2 kind=heuristic best_rc=0.0 found=0 added=0 exhausted=False cert=False
[clean-BPC  2019.28s] node 86 cg=3 phase=phase2 kind=heuristic_boost best_rc=-0.5252425 found=4 added=4 exhausted=True cert=True
[clean-BPC  2019.32s] node 86 cg=4 phase=phase2 obj=233.982619 artificial=0.0 cols=3868
[clean-BPC  2021.68s] node 86 cg=4 phase=phase2 kind=heuristic best_rc=0.4222925 found=0 added=0 exhausted=False cert=False
[clean-BPC  2028.42s] node 86 cg=4 phase=phase2 kind=heuristic_boost best_rc=-0.4739925 found=2 added=2 exhausted=True cert=True
[clean-BPC  2028.46s] node 86 cg=5 phase=phase2 obj=233.982619 artificial=0.0 cols=3870
[clean-BPC  2030.84s] node 86 cg=5 phase=phase2 kind=heuristic best_rc=0.4222925 found=0 added=0 exhausted=False cert=False
[clean-BPC  2037.64s] node 86 cg=5 phase=phase2 kind=heuristic_boost best_rc=0.0 found=0 added=0 exhausted=True cert=True
[clean-BPC  2038.52s] branch node 86: left=arc(16,8)=off right=arc(16,8)=on
[clean-BPC  2038.52s] node 58 d=7 lb=232.642653 open=48
[clean-BPC  2038.57s] node 58 cg=1 phase=phase1 obj=0.0 artificial=0.0 cols=3870
[clean-BPC  2038.63s] node 58 cg=2 phase=phase2 obj=236.041961 artificial=0.0 cols=3870
[clean-BPC  2041.16s] node 58 cg=2 phase=phase2 kind=heuristic best_rc=-2.376106333 found=16 added=16 exhausted=False cert=False
[clean-BPC  2041.22s] node 58 cg=3 phase=phase2 obj=235.628113 artificial=0.0 cols=3886
[clean-BPC  2043.81s] node 58 cg=3 phase=phase2 kind=heuristic best_rc=0.091699 found=0 added=0 exhausted=False cert=False
[clean-BPC  2051.77s] node 58 cg=3 phase=phase2 kind=heuristic_boost best_rc=-0.0 found=0 added=0 exhausted=True cert=True
[clean-BPC  2053.16s] branch node 58: left=RF(9,12)=separate right=RF(9,12)=same
[clean-BPC  2053.16s] node 57 d=7 lb=232.642653 open=49
[clean-BPC  2053.25s] node 57 cg=1 phase=phase1 obj=0.0 artificial=0.0 cols=3886
[clean-BPC  2053.32s] node 57 cg=2 phase=phase2 obj=233.038737 artificial=0.0 cols=3886
[clean-BPC  2055.94s] node 57 cg=2 phase=phase2 kind=heuristic best_rc=0.0 found=0 added=0 exhausted=False cert=False
[clean-BPC  2064.00s] node 57 cg=2 phase=phase2 kind=heuristic_boost best_rc=0.0 found=0 added=0 exhausted=True cert=True
[clean-BPC  2065.29s] branch node 57: left=RF(11,15)=separate right=RF(11,15)=same
[clean-BPC  2065.29s] node 49 d=6 lb=232.664188 open=50
[clean-BPC  2065.44s] node 49 cg=1 phase=phase1 obj=0.0 artificial=0.0 cols=3886
[clean-BPC  2065.62s] node 49 cg=2 phase=phase2 obj=232.991765 artificial=0.0 cols=3886
[clean-BPC  2068.39s] node 49 cg=2 phase=phase2 kind=heuristic best_rc=0.019994727 found=0 added=0 exhausted=False cert=False
[clean-BPC  2073.72s] node 49 cg=2 phase=phase2 kind=heuristic_boost best_rc=0.019994727 found=0 added=0 exhausted=True cert=True
[clean-BPC  2078.07s] branch node 49: left=RF(11,15)=separate right=RF(11,15)=same
[clean-BPC  2078.07s] node 50 d=6 lb=232.664188 open=51
[clean-BPC  2078.17s] node 50 cg=1 phase=phase1 obj=0.0 artificial=0.0 cols=3886
[clean-BPC  2078.30s] node 50 cg=2 phase=phase2 obj=233.970088 artificial=0.0 cols=3886
[clean-BPC  2080.97s] node 50 cg=2 phase=phase2 kind=heuristic best_rc=-0.081098 found=5 added=5 exhausted=False cert=False
[clean-BPC  2081.08s] node 50 cg=3 phase=phase2 obj=233.955711 artificial=0.0 cols=3891
[clean-BPC  2083.74s] node 50 cg=3 phase=phase2 kind=heuristic best_rc=0.0 found=0 added=0 exhausted=False cert=False
[clean-BPC  2089.05s] node 50 cg=3 phase=phase2 kind=heuristic_boost best_rc=0.0 found=0 added=0 exhausted=True cert=True
[clean-BPC  2090.99s] branch node 50: left=RF(11,15)=separate right=RF(11,15)=same
[clean-BPC  2090.99s] node 55 d=7 lb=232.700138 open=52
[clean-BPC  2091.03s] node 55 cg=1 phase=phase1 obj=0.0 artificial=0.0 cols=3891
[clean-BPC  2091.07s] node 55 cg=2 phase=phase2 obj=232.9317 artificial=0.0 cols=3891
[clean-BPC  2093.44s] node 55 cg=2 phase=phase2 kind=heuristic best_rc=0.0 found=0 added=0 exhausted=False cert=False
[clean-BPC  2103.35s] node 55 cg=2 phase=phase2 kind=heuristic_boost best_rc=-0.0 found=0 added=0 exhausted=True cert=True
[clean-BPC  2104.39s] branch node 55: left=RF(2,7)=separate right=RF(2,7)=same
[clean-BPC  2104.39s] node 56 d=7 lb=232.700138 open=53
[clean-BPC  2104.42s] node 56 cg=1 phase=phase1 obj=0.0 artificial=0.0 cols=3891
[clean-BPC  2104.44s] node 56 cg=2 phase=phase2 obj=236.723118 artificial=0.0 cols=3891
[clean-BPC  2106.70s] node 56 cg=2 phase=phase2 kind=heuristic best_rc=-11.11858 found=370 added=370 exhausted=False cert=False
[clean-BPC  2106.74s] node 56 cg=3 phase=phase2 obj=234.758093 artificial=0.0 cols=4261
[clean-BPC  2109.07s] node 56 cg=3 phase=phase2 kind=heuristic best_rc=0.0 found=0 added=0 exhausted=False cert=False
[clean-BPC  2117.26s] node 56 cg=3 phase=phase2 kind=heuristic_boost best_rc=-1.445524 found=16 added=16 exhausted=True cert=True
[clean-BPC  2117.31s] node 56 cg=4 phase=phase2 obj=234.758093 artificial=0.0 cols=4277
[clean-BPC  2119.63s] node 56 cg=4 phase=phase2 kind=heuristic best_rc=0.0 found=0 added=0 exhausted=False cert=False
[clean-BPC  2127.81s] node 56 cg=4 phase=phase2 kind=heuristic_boost best_rc=0.0 found=0 added=0 exhausted=True cert=True
[clean-BPC  2128.92s] branch node 56: left=RF(7,16)=separate right=RF(7,16)=same
[clean-BPC  2128.92s] node 91 d=7 lb=232.733639 open=54
[clean-BPC  2129.07s] node 91 cg=1 phase=phase1 obj=0.0 artificial=0.0 cols=4277
[clean-BPC  2129.20s] node 91 cg=2 phase=phase2 obj=233.116398 artificial=0.0 cols=4277
[clean-BPC  2132.09s] node 91 cg=2 phase=phase2 kind=heuristic best_rc=-0.0 found=0 added=0 exhausted=False cert=False
[clean-BPC  2141.56s] node 91 cg=2 phase=phase2 kind=heuristic_boost best_rc=-0.0 found=0 added=0 exhausted=True cert=True
[clean-BPC  2143.68s] branch node 91: left=RF(9,12)=separate right=RF(9,12)=same
[clean-BPC  2143.68s] node 92 d=7 lb=232.733639 open=55
[clean-BPC  2143.78s] node 92 cg=1 phase=phase1 obj=0.0 artificial=0.0 cols=4277
[clean-BPC  2143.85s] node 92 cg=2 phase=phase2 obj=233.97262 artificial=0.0 cols=4277
[clean-BPC  2146.88s] node 92 cg=2 phase=phase2 kind=heuristic best_rc=-1.066336661 found=5 added=5 exhausted=False cert=False
[clean-BPC  2146.97s] node 92 cg=3 phase=phase2 obj=233.836109 artificial=0.0 cols=4282
[clean-BPC  2150.08s] node 92 cg=3 phase=phase2 kind=heuristic best_rc=0.0 found=0 added=0 exhausted=False cert=False
[clean-BPC  2160.99s] node 92 cg=3 phase=phase2 kind=heuristic_boost best_rc=-0.0 found=0 added=0 exhausted=True cert=True
[clean-BPC  2163.32s] branch node 92: left=RF(9,12)=separate right=RF(9,12)=same
[clean-BPC  2163.32s] node 64 d=6 lb=232.77513 open=56
[clean-BPC  2163.39s] node 64 cg=1 phase=phase1 obj=0.0 artificial=0.0 cols=4282
[clean-BPC  2163.45s] node 64 cg=2 phase=phase2 obj=234.147388 artificial=0.0 cols=4282
[clean-BPC  2166.30s] node 64 cg=2 phase=phase2 kind=heuristic best_rc=-0.0 found=0 added=0 exhausted=False cert=False
[clean-BPC  2174.34s] node 64 cg=2 phase=phase2 kind=heuristic_boost best_rc=-0.0 found=0 added=0 exhausted=True cert=True
[clean-BPC  2176.07s] branch node 64: left=RF(9,12)=separate right=RF(9,12)=same
[clean-BPC  2176.07s] node 63 d=6 lb=232.77513 open=57
[clean-BPC  2176.16s] node 63 cg=1 phase=phase1 obj=0.0 artificial=0.0 cols=4282
[clean-BPC  2176.23s] node 63 cg=2 phase=phase2 obj=233.116774 artificial=0.0 cols=4282
[clean-BPC  2179.25s] node 63 cg=2 phase=phase2 kind=heuristic best_rc=-0.009236 found=2 added=2 exhausted=False cert=False
[clean-BPC  2179.32s] node 63 cg=3 phase=phase2 obj=233.116774 artificial=0.0 cols=4284
[clean-BPC  2182.32s] node 63 cg=3 phase=phase2 kind=heuristic best_rc=0.0 found=0 added=0 exhausted=False cert=False
[clean-BPC  2192.12s] node 63 cg=3 phase=phase2 kind=heuristic_boost best_rc=-0.0 found=0 added=0 exhausted=True cert=True
[clean-BPC  2193.40s] branch node 63: left=RF(14,18)=separate right=RF(14,18)=same
[clean-BPC  2193.40s] node 94 d=11 lb=232.835993 open=58
[clean-BPC  2193.49s] node 94 cg=1 phase=phase1 obj=0.0 artificial=0.0 cols=4284
[clean-BPC  2193.56s] node 94 cg=2 phase=phase2 obj=234.093679 artificial=0.0 cols=4284
[clean-BPC  2196.14s] node 94 cg=2 phase=phase2 kind=heuristic best_rc=-0.298498333 found=2 added=2 exhausted=False cert=False
[clean-BPC  2196.21s] node 94 cg=3 phase=phase2 obj=234.093679 artificial=0.0 cols=4286
[clean-BPC  2198.66s] node 94 cg=3 phase=phase2 kind=heuristic best_rc=0.0 found=0 added=0 exhausted=False cert=False
[clean-BPC  2203.28s] node 94 cg=3 phase=phase2 kind=heuristic_boost best_rc=0.0 found=0 added=0 exhausted=True cert=True
[clean-BPC  2204.40s] branch node 94: left=RF(8,10)=separate right=RF(8,10)=same
[clean-BPC  2204.40s] node 93 d=11 lb=232.835993 open=59
[clean-BPC  2204.49s] node 93 cg=1 phase=phase1 obj=0.0 artificial=0.0 cols=4286
[clean-BPC  2204.60s] node 93 cg=2 phase=phase2 obj=233.116701 artificial=0.0 cols=4286
[clean-BPC  2206.95s] node 93 cg=2 phase=phase2 kind=heuristic best_rc=0.0 found=0 added=0 exhausted=False cert=False
[clean-BPC  2211.38s] node 93 cg=2 phase=phase2 kind=heuristic_boost best_rc=0.0 found=0 added=0 exhausted=True cert=True
[clean-BPC  2212.96s] branch node 93: left=RF(8,16)=separate right=RF(8,16)=same
[clean-BPC  2212.96s] node 36 d=6 lb=232.885122 open=60
[clean-BPC  2213.01s] node 36 cg=1 phase=phase1 obj=0.0 artificial=0.0 cols=4286
[clean-BPC  2213.09s] node 36 cg=2 phase=phase2 obj=234.288034 artificial=0.0 cols=4286
[clean-BPC  2215.46s] node 36 cg=2 phase=phase2 kind=heuristic best_rc=-1.9129744 found=33 added=33 exhausted=False cert=False
[clean-BPC  2215.51s] node 36 cg=3 phase=phase2 obj=233.79009 artificial=0.0 cols=4319
[clean-BPC  2217.84s] node 36 cg=3 phase=phase2 kind=heuristic best_rc=-0.040941 found=2 added=2 exhausted=False cert=False
[clean-BPC  2217.90s] node 36 cg=4 phase=phase2 obj=233.784241 artificial=0.0 cols=4321
[clean-BPC  2220.31s] node 36 cg=4 phase=phase2 kind=heuristic best_rc=-0.0 found=0 added=0 exhausted=False cert=False
[clean-BPC  2225.77s] node 36 cg=4 phase=phase2 kind=heuristic_boost best_rc=-0.0 found=0 added=0 exhausted=True cert=True
[clean-BPC  2226.99s] branch node 36: left=RF(14,17)=separate right=RF(14,17)=same
[clean-BPC  2226.99s] node 35 d=6 lb=232.885122 open=61
[clean-BPC  2227.06s] node 35 cg=1 phase=phase1 obj=0.0 artificial=0.0 cols=4321
[clean-BPC  2227.14s] node 35 cg=2 phase=phase2 obj=233.802083 artificial=0.0 cols=4321
[clean-BPC  2229.51s] node 35 cg=2 phase=phase2 kind=heuristic best_rc=-2.073646667 found=79 added=79 exhausted=False cert=False
[clean-BPC  2229.61s] node 35 cg=3 phase=phase2 obj=233.761847 artificial=0.0 cols=4400
[clean-BPC  2231.97s] node 35 cg=3 phase=phase2 kind=heuristic best_rc=0.071886 found=0 added=0 exhausted=False cert=False
[clean-BPC  2237.21s] node 35 cg=3 phase=phase2 kind=heuristic_boost best_rc=-0.621426 found=6 added=6 exhausted=True cert=True
[clean-BPC  2237.29s] node 35 cg=4 phase=phase2 obj=233.761847 artificial=0.0 cols=4406
[clean-BPC  2239.67s] node 35 cg=4 phase=phase2 kind=heuristic best_rc=0.071886 found=0 added=0 exhausted=False cert=False
[clean-BPC  2245.01s] node 35 cg=4 phase=phase2 kind=heuristic_boost best_rc=-0.485676667 found=2 added=2 exhausted=True cert=True
[clean-BPC  2245.09s] node 35 cg=5 phase=phase2 obj=233.761847 artificial=0.0 cols=4408
[clean-BPC  2247.51s] node 35 cg=5 phase=phase2 kind=heuristic best_rc=0.071886 found=0 added=0 exhausted=False cert=False
[clean-BPC  2252.77s] node 35 cg=5 phase=phase2 kind=heuristic_boost best_rc=-0.020399333 found=2 added=2 exhausted=True cert=True
[clean-BPC  2252.85s] node 35 cg=6 phase=phase2 obj=233.761847 artificial=0.0 cols=4410
[clean-BPC  2255.24s] node 35 cg=6 phase=phase2 kind=heuristic best_rc=0.071886 found=0 added=0 exhausted=False cert=False
[clean-BPC  2260.51s] node 35 cg=6 phase=phase2 kind=heuristic_boost best_rc=-0.0 found=0 added=0 exhausted=True cert=True
[clean-BPC  2262.11s] branch node 35: left=RF(8,18)=separate right=RF(8,18)=same
[clean-BPC  2262.11s] node 30 d=5 lb=232.911385 open=62
[clean-BPC  2262.15s] node 30 cg=1 phase=phase1 obj=0.0 artificial=0.0 cols=4410
[clean-BPC  2262.22s] node 30 cg=2 phase=phase2 obj=232.673507 artificial=0.0 cols=4410
[clean-BPC  2264.75s] node 30 cg=2 phase=phase2 kind=heuristic best_rc=0.031705 found=0 added=0 exhausted=False cert=False
[clean-BPC  2272.15s] node 30 cg=2 phase=phase2 kind=heuristic_boost best_rc=0.0 found=0 added=0 exhausted=True cert=True
[clean-BPC  2272.98s] branch node 30: left=RF(14,16)=separate right=RF(14,16)=same
[clean-BPC  2272.98s] node 125 d=6 lb=232.673507 open=63
[clean-BPC  2273.02s] node 125 cg=1 phase=phase1 obj=0.0 artificial=0.0 cols=4410
[clean-BPC  2273.06s] node 125 cg=2 phase=phase2 obj=234.523697 artificial=0.0 cols=4410
[clean-BPC  2275.53s] node 125 cg=2 phase=phase2 kind=heuristic best_rc=-0.3052168 found=2 added=2 exhausted=False cert=False
[clean-BPC  2275.58s] node 125 cg=3 phase=phase2 obj=234.421958 artificial=0.0 cols=4412
[clean-BPC  2278.03s] node 125 cg=3 phase=phase2 kind=heuristic best_rc=0.0 found=0 added=0 exhausted=False cert=False
[clean-BPC  2288.36s] node 125 cg=3 phase=phase2 kind=heuristic_boost best_rc=0.0 found=0 added=0 exhausted=True cert=True
[clean-BPC  2289.22s] branch node 125: left=RF(11,16)=separate right=RF(11,16)=same
[clean-BPC  2289.22s] node 126 d=6 lb=232.673507 open=64
[clean-BPC  2289.25s] node 126 cg=1 phase=phase1 obj=0.0 artificial=0.0 cols=4412
[clean-BPC  2289.28s] node 126 cg=2 phase=phase2 obj=233.858731 artificial=0.0 cols=4412
[clean-BPC  2291.70s] node 126 cg=2 phase=phase2 kind=heuristic best_rc=-0.423589167 found=2 added=2 exhausted=False cert=False
[clean-BPC  2291.73s] node 126 cg=3 phase=phase2 obj=233.786671 artificial=0.0 cols=4414
[clean-BPC  2294.32s] node 126 cg=3 phase=phase2 kind=heuristic best_rc=0.023108643 found=0 added=0 exhausted=False cert=False
[clean-BPC  2302.97s] node 126 cg=3 phase=phase2 kind=heuristic_boost best_rc=-0.09009375 found=2 added=2 exhausted=True cert=True
[clean-BPC  2303.02s] node 126 cg=4 phase=phase2 obj=233.786671 artificial=0.0 cols=4416
[clean-BPC  2305.59s] node 126 cg=4 phase=phase2 kind=heuristic best_rc=0.023108643 found=0 added=0 exhausted=False cert=False
[clean-BPC  2314.20s] node 126 cg=4 phase=phase2 kind=heuristic_boost best_rc=0.0 found=0 added=0 exhausted=True cert=True
[clean-BPC  2315.00s] branch node 126: left=RF(8,16)=separate right=RF(8,16)=same
[clean-BPC  2315.00s] node 29 d=5 lb=232.911385 open=65
[clean-BPC  2315.06s] node 29 cg=1 phase=phase1 obj=0.0 artificial=0.0 cols=4416
[clean-BPC  2315.11s] node 29 cg=2 phase=phase2 obj=234.141854 artificial=0.0 cols=4416
[clean-BPC  2317.81s] node 29 cg=2 phase=phase2 kind=heuristic best_rc=-0.071886 found=4 added=4 exhausted=False cert=False
[clean-BPC  2317.87s] node 29 cg=3 phase=phase2 obj=234.117892 artificial=0.0 cols=4420
[clean-BPC  2320.57s] node 29 cg=3 phase=phase2 kind=heuristic best_rc=-0.0 found=0 added=0 exhausted=False cert=False
[clean-BPC  2330.57s] node 29 cg=3 phase=phase2 kind=heuristic_boost best_rc=-0.0 found=0 added=0 exhausted=True cert=True
[clean-BPC  2331.85s] branch node 29: left=RF(14,17)=separate right=RF(14,17)=same
[clean-BPC  2331.85s] node 105 d=8 lb=232.9317 open=66
[clean-BPC  2331.88s] node 105 cg=1 phase=phase1 obj=0.0 artificial=0.0 cols=4420
[clean-BPC  2331.92s] node 105 cg=2 phase=phase2 obj=232.960685 artificial=0.0 cols=4420
[clean-BPC  2334.27s] node 105 cg=2 phase=phase2 kind=heuristic best_rc=-0.0 found=0 added=0 exhausted=False cert=False
[clean-BPC  2343.82s] node 105 cg=2 phase=phase2 kind=heuristic_boost best_rc=-0.0 found=0 added=0 exhausted=True cert=True
[clean-BPC  2344.60s] branch node 105: left=RF(7,16)=separate right=RF(7,16)=same
[clean-BPC  2344.60s] node 106 d=8 lb=232.9317 open=67
[clean-BPC  2344.63s] node 106 cg=1 phase=phase1 obj=0.0 artificial=0.0 cols=4420
[clean-BPC  2344.66s] node 106 cg=2 phase=phase2 obj=234.943051 artificial=0.0 cols=4420
[clean-BPC  2346.93s] node 106 cg=2 phase=phase2 kind=heuristic best_rc=-0.2269 found=3 added=3 exhausted=False cert=False
[clean-BPC  2346.96s] node 106 cg=3 phase=phase2 obj=234.867418 artificial=0.0 cols=4423
[clean-BPC  2349.31s] node 106 cg=3 phase=phase2 kind=heuristic best_rc=0.0 found=0 added=0 exhausted=False cert=False
[clean-BPC  2356.21s] node 106 cg=3 phase=phase2 kind=heuristic_boost best_rc=-0.0 found=0 added=0 exhausted=True cert=True
[clean-BPC  2356.93s] branch node 106: left=RF(11,20)=separate right=RF(11,20)=same
[clean-BPC  2356.93s] node 133 d=9 lb=232.960685 open=68
[clean-BPC  2356.97s] node 133 cg=1 phase=phase1 obj=0.0 artificial=0.0 cols=4423
[clean-BPC  2357.01s] node 133 cg=2 phase=phase2 obj=233.007621 artificial=0.0 cols=4423
[clean-BPC  2359.36s] node 133 cg=2 phase=phase2 kind=heuristic best_rc=-0.0 found=0 added=0 exhausted=False cert=False
[clean-BPC  2366.84s] node 133 cg=2 phase=phase2 kind=heuristic_boost best_rc=-0.0 found=0 added=0 exhausted=True cert=True
[clean-BPC  2366.85s] incumbent node 133: obj=333.007621
[clean-BPC  2367.24s] cut_added family=schedule_nogood_core node=133 added=2 source_vehicle=1 route_count=4 signatures=[[5, 9, 19, 11], [2, 20, 15, 4], [6, 8, 10, 14], [1, 3, 7]]
[clean-BPC  2367.24s] node 134 d=9 lb=232.960685 open=68
[clean-BPC  2367.26s] node 134 cg=1 phase=phase1 obj=0.0 artificial=0.0 cols=4423
[clean-BPC  2367.29s] node 134 cg=2 phase=phase2 obj=234.291494 artificial=0.0 cols=4423
[clean-BPC  2369.59s] node 134 cg=2 phase=phase2 kind=heuristic best_rc=-0.0 found=0 added=0 exhausted=False cert=False
[clean-BPC  2377.42s] node 134 cg=2 phase=phase2 kind=heuristic_boost best_rc=-0.531102889 found=10 added=10 exhausted=True cert=True
[clean-BPC  2377.45s] node 134 cg=3 phase=phase2 obj=234.291494 artificial=0.0 cols=4433
[clean-BPC  2379.72s] node 134 cg=3 phase=phase2 kind=heuristic best_rc=0.031705 found=0 added=0 exhausted=False cert=False
[clean-BPC  2387.61s] node 134 cg=3 phase=phase2 kind=heuristic_boost best_rc=-0.292561741 found=2 added=2 exhausted=True cert=True
[clean-BPC  2387.64s] node 134 cg=4 phase=phase2 obj=234.291494 artificial=0.0 cols=4435
[clean-BPC  2389.93s] node 134 cg=4 phase=phase2 kind=heuristic best_rc=-0.0 found=0 added=0 exhausted=False cert=False
[clean-BPC  2397.84s] node 134 cg=4 phase=phase2 kind=heuristic_boost best_rc=-0.0 found=0 added=0 exhausted=True cert=True
[clean-BPC  2398.45s] branch node 134: left=RF(5,19)=separate right=RF(5,19)=same
[clean-BPC  2398.45s] node 42 d=6 lb=232.991568 open=69
[clean-BPC  2398.49s] node 42 cg=1 phase=phase1 obj=0.0 artificial=0.0 cols=4435
[clean-BPC  2398.55s] node 42 cg=2 phase=phase2 obj=233.777862 artificial=0.0 cols=4435
[clean-BPC  2401.12s] node 42 cg=2 phase=phase2 kind=heuristic best_rc=-1.734433 found=43 added=43 exhausted=False cert=False
[clean-BPC  2401.16s] node 42 cg=3 phase=phase2 obj=233.777862 artificial=0.0 cols=4478
[clean-BPC  2403.74s] node 42 cg=3 phase=phase2 kind=heuristic best_rc=-1.706784 found=24 added=24 exhausted=False cert=False
[clean-BPC  2403.78s] node 42 cg=4 phase=phase2 obj=233.777862 artificial=0.0 cols=4502
[clean-BPC  2406.37s] node 42 cg=4 phase=phase2 kind=heuristic best_rc=0.0 found=0 added=0 exhausted=False cert=False
[clean-BPC  2414.47s] node 42 cg=4 phase=phase2 kind=heuristic_boost best_rc=-0.4849455 found=6 added=6 exhausted=True cert=True
[clean-BPC  2414.53s] node 42 cg=5 phase=phase2 obj=233.777862 artificial=0.0 cols=4508
[clean-BPC  2417.09s] node 42 cg=5 phase=phase2 kind=heuristic best_rc=0.0 found=0 added=0 exhausted=False cert=False
[clean-BPC  2424.35s] node 42 cg=5 phase=phase2 kind=heuristic_boost best_rc=0.0 found=0 added=0 exhausted=True cert=True
[clean-BPC  2424.95s] cut_added family=schedule_nogood_core node=42 added=2 source_vehicle=1 route_count=4 signatures=[[5, 9, 19, 11], [2, 20, 15, 4], [7, 13, 18, 10], [1, 3, 6, 8]]
[clean-BPC  2424.95s] node 41 d=6 lb=232.991568 open=69
[clean-BPC  2425.03s] node 41 cg=1 phase=phase1 obj=0.0 artificial=0.0 cols=4508
[clean-BPC  2425.11s] node 41 cg=2 phase=phase2 obj=232.466559 artificial=0.0 cols=4508
[clean-BPC  2425.11s] cut_purged node=41 removed=1 by_kind={'schedule_nogood_core': 1} remaining=26
[clean-BPC  2425.21s] node 41 cg=3 phase=phase2 obj=232.466559 artificial=0.0 cols=4508
[clean-BPC  2427.82s] node 41 cg=3 phase=phase2 kind=heuristic best_rc=0.099326 found=0 added=0 exhausted=False cert=False
[clean-BPC  2435.83s] node 41 cg=3 phase=phase2 kind=heuristic_boost best_rc=0.099326 found=0 added=0 exhausted=True cert=True
[clean-BPC  2437.26s] branch node 41: left=RF(14,16)=separate right=RF(14,16)=same
[clean-BPC  2437.26s] node 139 d=7 lb=232.466559 open=70
[clean-BPC  2437.34s] node 139 cg=1 phase=phase1 obj=0.0 artificial=0.0 cols=4508
[clean-BPC  2437.42s] node 139 cg=2 phase=phase2 obj=234.140638 artificial=0.0 cols=4508
[clean-BPC  2440.03s] node 139 cg=2 phase=phase2 kind=heuristic best_rc=0.111952 found=0 added=0 exhausted=False cert=False
[clean-BPC  2447.86s] node 139 cg=2 phase=phase2 kind=heuristic_boost best_rc=0.111952 found=0 added=0 exhausted=True cert=True
[clean-BPC  2449.25s] branch node 139: left=RF(11,20)=separate right=RF(11,20)=same
[clean-BPC  2449.25s] node 140 d=7 lb=232.466559 open=71
[clean-BPC  2449.29s] node 140 cg=1 phase=phase1 obj=0.0 artificial=0.0 cols=4508
[clean-BPC  2449.34s] node 140 cg=2 phase=phase2 obj=233.482105 artificial=0.0 cols=4508
[clean-BPC  2451.71s] node 140 cg=2 phase=phase2 kind=heuristic best_rc=-0.0 found=0 added=0 exhausted=False cert=False
[clean-BPC  2456.98s] node 140 cg=2 phase=phase2 kind=heuristic_boost best_rc=-0.0 found=0 added=0 exhausted=True cert=True
[clean-BPC  2457.90s] branch node 140: left=RF(8,16)=separate right=RF(8,16)=same
[clean-BPC  2457.90s] node 101 d=7 lb=232.991765 open=72
[clean-BPC  2458.10s] node 101 cg=1 phase=phase1 obj=0.0 artificial=0.0 cols=4508
[clean-BPC  2458.31s] node 101 cg=2 phase=phase2 obj=233.281219 artificial=0.0 cols=4508
[clean-BPC  2461.54s] node 101 cg=2 phase=phase2 kind=heuristic best_rc=-0.495161071 found=10 added=10 exhausted=False cert=False
[clean-BPC  2461.74s] node 101 cg=3 phase=phase2 obj=233.17155 artificial=0.0 cols=4518
[clean-BPC  2465.00s] node 101 cg=3 phase=phase2 kind=heuristic best_rc=0.120256 found=0 added=0 exhausted=False cert=False
[clean-BPC  2474.52s] node 101 cg=3 phase=phase2 kind=heuristic_boost best_rc=0.051266 found=0 added=0 exhausted=True cert=True
[clean-BPC  2478.08s] branch node 101: left=RF(10,17)=separate right=RF(10,17)=same
[clean-BPC  2478.08s] node 102 d=7 lb=232.991765 open=73
[clean-BPC  2478.23s] node 102 cg=1 phase=phase1 obj=0.0 artificial=0.0 cols=4518
[clean-BPC  2478.40s] node 102 cg=2 phase=phase2 obj=234.319986 artificial=0.0 cols=4518
[clean-BPC  2480.97s] node 102 cg=2 phase=phase2 kind=heuristic best_rc=-0.688830125 found=8 added=8 exhausted=False cert=False
[clean-BPC  2481.14s] node 102 cg=3 phase=phase2 obj=234.319986 artificial=0.0 cols=4526
[clean-BPC  2481.14s] cut_purged node=102 removed=1 by_kind={'schedule_nogood_core': 1} remaining=25
[clean-BPC  2481.30s] node 102 cg=4 phase=phase2 obj=234.319986 artificial=0.0 cols=4526
[clean-BPC  2483.83s] node 102 cg=4 phase=phase2 kind=heuristic best_rc=0.097092 found=0 added=0 exhausted=False cert=False
[clean-BPC  2488.72s] node 102 cg=4 phase=phase2 kind=heuristic_boost best_rc=0.097092 found=0 added=0 exhausted=True cert=True
[clean-BPC  2491.61s] branch node 102: left=RF(5,19)=separate right=RF(5,19)=same
[clean-BPC  2491.61s] node 133 d=9 lb=233.007621 open=74
[clean-BPC  2491.65s] node 133 cg=1 phase=phase1 obj=0.0 artificial=0.0 cols=4526
[clean-BPC  2491.69s] node 133 cg=2 phase=phase2 obj=233.007621 artificial=0.0 cols=4526
[clean-BPC  2494.05s] node 133 cg=2 phase=phase2 kind=heuristic best_rc=-0.0 found=0 added=0 exhausted=False cert=False
[clean-BPC  2501.52s] node 133 cg=2 phase=phase2 kind=heuristic_boost best_rc=-0.0 found=0 added=0 exhausted=True cert=True
[clean-BPC  2501.91s] cut_added family=schedule_nogood_core node=133 added=1 source_vehicle=1 route_count=4 signatures=[[5, 9, 19, 11], [2, 20, 15, 4], [6, 8, 10, 14], [1, 3, 7]]
[clean-BPC  2501.91s] node 133 d=9 lb=233.007621 open=74
[clean-BPC  2501.95s] node 133 cg=1 phase=phase1 obj=0.0 artificial=0.0 cols=4526
[clean-BPC  2501.99s] node 133 cg=2 phase=phase2 obj=233.007621 artificial=0.0 cols=4526
[clean-BPC  2504.34s] node 133 cg=2 phase=phase2 kind=heuristic best_rc=0.0 found=0 added=0 exhausted=False cert=False
[clean-BPC  2511.85s] node 133 cg=2 phase=phase2 kind=heuristic_boost best_rc=-0.009236 found=2 added=2 exhausted=True cert=True
[clean-BPC  2511.89s] node 133 cg=3 phase=phase2 obj=233.007621 artificial=0.0 cols=4528
[clean-BPC  2514.15s] node 133 cg=3 phase=phase2 kind=heuristic best_rc=0.0 found=0 added=0 exhausted=False cert=False
[clean-BPC  2518.94s] node 133 cg=3 phase=phase2 kind=heuristic_boost best_rc=0.0 found=0 added=0 exhausted=True cert=True
[clean-BPC  2519.32s] cut_added family=schedule_nogood_core node=133 added=2 source_vehicle=1 route_count=4 signatures=[[5, 9, 19, 11], [2, 20, 15, 4], [6, 8, 14, 10], [1, 3, 7]]
[clean-BPC  2519.32s] node 133 d=9 lb=233.007621 open=74
[clean-BPC  2519.36s] node 133 cg=1 phase=phase1 obj=0.0 artificial=0.0 cols=4528
[clean-BPC  2519.42s] node 133 cg=2 phase=phase2 obj=233.007621 artificial=0.0 cols=4528
[clean-BPC  2521.63s] node 133 cg=2 phase=phase2 kind=heuristic best_rc=0.0 found=0 added=0 exhausted=False cert=False
[clean-BPC  2526.44s] node 133 cg=2 phase=phase2 kind=heuristic_boost best_rc=0.0 found=0 added=0 exhausted=True cert=True
[clean-BPC  2527.35s] branch node 133: left=arc(3,1)=off right=arc(3,1)=on
[clean-BPC  2527.35s] node 149 d=10 lb=233.007621 open=75
[clean-BPC  2527.39s] node 149 cg=1 phase=phase1 obj=0.0 artificial=0.0 cols=4528
[clean-BPC  2527.43s] node 149 cg=2 phase=phase2 obj=233.007621 artificial=0.0 cols=4528
[clean-BPC  2529.69s] node 149 cg=2 phase=phase2 kind=heuristic best_rc=0.0 found=0 added=0 exhausted=False cert=False
[clean-BPC  2534.55s] node 149 cg=2 phase=phase2 kind=heuristic_boost best_rc=0.0 found=0 added=0 exhausted=True cert=True
[clean-BPC  2535.46s] branch node 149: left=arc(15,4)=off right=arc(15,4)=on
[clean-BPC  2535.46s] node 150 d=10 lb=233.007621 open=76
[clean-BPC  2535.51s] node 150 cg=1 phase=phase1 obj=0.0 artificial=0.0 cols=4528
[clean-BPC  2535.57s] node 150 cg=2 phase=phase2 obj=233.007621 artificial=0.0 cols=4528
[clean-BPC  2537.82s] node 150 cg=2 phase=phase2 kind=heuristic best_rc=0.0 found=0 added=0 exhausted=False cert=False
[clean-BPC  2542.67s] node 150 cg=2 phase=phase2 kind=heuristic_boost best_rc=0.0 found=0 added=0 exhausted=True cert=True
[clean-BPC  2543.05s] cut_added family=schedule_nogood_core node=150 added=2 source_vehicle=1 route_count=4 signatures=[[5, 9, 19, 11], [2, 20, 15, 4], [6, 8, 10, 14], [7, 3, 1]]
[clean-BPC  2543.05s] node 151 d=11 lb=233.007621 open=76
[clean-BPC  2543.09s] node 151 cg=1 phase=phase1 obj=0.0 artificial=0.0 cols=4528
[clean-BPC  2543.13s] node 151 cg=2 phase=phase2 obj=233.007621 artificial=0.0 cols=4528
[clean-BPC  2545.44s] node 151 cg=2 phase=phase2 kind=heuristic best_rc=0.0 found=0 added=0 exhausted=False cert=False
[clean-BPC  2550.19s] node 151 cg=2 phase=phase2 kind=heuristic_boost best_rc=0.0 found=0 added=0 exhausted=True cert=True
[clean-BPC  2550.58s] cut_added family=schedule_nogood_core node=151 added=2 source_vehicle=1 route_count=4 signatures=[[5, 9, 19, 11], [4, 15, 20, 2], [6, 8, 10, 14], [1, 3, 7]]
[clean-BPC  2550.58s] node 152 d=11 lb=233.007621 open=76
[clean-BPC  2550.63s] node 152 cg=1 phase=phase1 obj=0.0 artificial=0.0 cols=4528
[clean-BPC  2550.67s] node 152 cg=2 phase=phase2 obj=233.007621 artificial=0.0 cols=4528
[clean-BPC  2552.98s] node 152 cg=2 phase=phase2 kind=heuristic best_rc=-0.0 found=0 added=0 exhausted=False cert=False
[clean-BPC  2558.06s] node 152 cg=2 phase=phase2 kind=heuristic_boost best_rc=-0.1428 found=2 added=2 exhausted=True cert=True
[clean-BPC  2558.10s] node 152 cg=3 phase=phase2 obj=233.007621 artificial=0.0 cols=4530
[clean-BPC  2560.41s] node 152 cg=3 phase=phase2 kind=heuristic best_rc=0.0 found=0 added=0 exhausted=False cert=False
[clean-BPC  2565.48s] node 152 cg=3 phase=phase2 kind=heuristic_boost best_rc=0.0 found=0 added=0 exhausted=True cert=True
[clean-BPC  2566.42s] branch node 152: left=arc(19,9)=off right=arc(19,9)=on
[clean-BPC  2566.42s] node 150 d=10 lb=233.007621 open=77
[clean-BPC  2566.46s] node 150 cg=1 phase=phase1 obj=0.0 artificial=0.0 cols=4530
[clean-BPC  2566.52s] node 150 cg=2 phase=phase2 obj=233.007621 artificial=0.0 cols=4530
[clean-BPC  2568.79s] node 150 cg=2 phase=phase2 kind=heuristic best_rc=0.0 found=0 added=0 exhausted=False cert=False
[clean-BPC  2573.70s] node 150 cg=2 phase=phase2 kind=heuristic_boost best_rc=0.0 found=0 added=0 exhausted=True cert=True
[clean-BPC  2574.09s] cut_added family=schedule_nogood_core node=150 added=2 source_vehicle=1 route_count=4 signatures=[[5, 9, 19, 11], [2, 20, 15, 4], [6, 8, 14, 10], [7, 3, 1]]
[clean-BPC  2574.09s] node 151 d=11 lb=233.007621 open=77
[clean-BPC  2574.13s] node 151 cg=1 phase=phase1 obj=0.0 artificial=0.0 cols=4530
[clean-BPC  2574.18s] node 151 cg=2 phase=phase2 obj=233.007621 artificial=0.0 cols=4530
[clean-BPC  2576.47s] node 151 cg=2 phase=phase2 kind=heuristic best_rc=0.0 found=0 added=0 exhausted=False cert=False
[clean-BPC  2581.24s] node 151 cg=2 phase=phase2 kind=heuristic_boost best_rc=0.0 found=0 added=0 exhausted=True cert=True
[clean-BPC  2581.63s] cut_added family=schedule_nogood_core node=151 added=2 source_vehicle=1 route_count=4 signatures=[[5, 9, 19, 11], [4, 15, 20, 2], [6, 8, 14, 10], [1, 3, 7]]
[clean-BPC  2581.63s] node 153 d=12 lb=233.007621 open=77
[clean-BPC  2581.66s] node 153 cg=1 phase=phase1 obj=0.0 artificial=0.0 cols=4530
[clean-BPC  2581.71s] node 153 cg=2 phase=phase2 obj=233.007621 artificial=0.0 cols=4530
[clean-BPC  2583.98s] node 153 cg=2 phase=phase2 kind=heuristic best_rc=-0.096532667 found=1 added=1 exhausted=False cert=False
[clean-BPC  2584.02s] node 153 cg=3 phase=phase2 obj=233.007621 artificial=0.0 cols=4531
[clean-BPC  2586.29s] node 153 cg=3 phase=phase2 kind=heuristic best_rc=0.031705 found=0 added=0 exhausted=False cert=False
[clean-BPC  2591.26s] node 153 cg=3 phase=phase2 kind=heuristic_boost best_rc=0.031705 found=0 added=0 exhausted=True cert=True
[clean-BPC  2591.65s] cut_added family=schedule_nogood_core node=153 added=2 source_vehicle=1 route_count=4 signatures=[[5, 9, 19, 11], [2, 20, 15, 4], [6, 10, 14, 8], [1, 3, 7]]
[clean-BPC  2591.65s] node 154 d=12 lb=233.007621 open=77
[clean-BPC  2591.70s] node 154 cg=1 phase=phase1 obj=0.0 artificial=0.0 cols=4531
[clean-BPC  2591.74s] node 154 cg=2 phase=phase2 obj=233.007621 artificial=0.0 cols=4531
[clean-BPC  2594.04s] node 154 cg=2 phase=phase2 kind=heuristic best_rc=0.031705 found=0 added=0 exhausted=False cert=False
[clean-BPC  2599.14s] node 154 cg=2 phase=phase2 kind=heuristic_boost best_rc=0.031705 found=0 added=0 exhausted=True cert=True
[clean-BPC  2599.43s] cut_added family=schedule_nogood_core node=154 added=2 source_vehicle=1 route_count=3 signatures=[[11, 19, 9, 5], [2, 20, 15, 4], [1, 3, 7]]
[clean-BPC  2599.43s] node 150 d=10 lb=233.007621 open=77
[clean-BPC  2599.47s] node 150 cg=1 phase=phase1 obj=0.0 artificial=0.0 cols=4531
[clean-BPC  2599.52s] node 150 cg=2 phase=phase2 obj=233.007621 artificial=0.0 cols=4531
[clean-BPC  2601.87s] node 150 cg=2 phase=phase2 kind=heuristic best_rc=0.031705 found=0 added=0 exhausted=False cert=False
[clean-BPC  2609.50s] node 150 cg=2 phase=phase2 kind=heuristic_boost best_rc=0.011535667 found=0 added=0 exhausted=True cert=True
[clean-BPC  2610.50s] branch node 150: left=arc(15,4)=off right=arc(15,4)=on
[clean-BPC  2610.50s] node 151 d=11 lb=233.007621 open=78
[clean-BPC  2610.55s] node 151 cg=1 phase=phase1 obj=0.0 artificial=0.0 cols=4531
[clean-BPC  2610.59s] node 151 cg=2 phase=phase2 obj=233.007621 artificial=0.0 cols=4531
[clean-BPC  2612.91s] node 151 cg=2 phase=phase2 kind=heuristic best_rc=0.031705 found=0 added=0 exhausted=False cert=False
[clean-BPC  2617.75s] node 151 cg=2 phase=phase2 kind=heuristic_boost best_rc=0.009236 found=0 added=0 exhausted=True cert=True
[clean-BPC  2618.70s] branch node 151: left=arc(19,9)=off right=arc(19,9)=on
[clean-BPC  2618.70s] node 153 d=12 lb=233.007621 open=79
[clean-BPC  2618.74s] node 153 cg=1 phase=phase1 obj=0.0 artificial=0.0 cols=4531
[clean-BPC  2618.78s] node 153 cg=2 phase=phase2 obj=233.007621 artificial=0.0 cols=4531
[clean-BPC  2621.13s] node 153 cg=2 phase=phase2 kind=heuristic best_rc=0.031705 found=0 added=0 exhausted=False cert=False
[clean-BPC  2630.20s] node 153 cg=2 phase=phase2 kind=heuristic_boost best_rc=0.031705 found=0 added=0 exhausted=True cert=True
[clean-BPC  2630.59s] cut_added family=schedule_nogood_core node=153 added=2 source_vehicle=1 route_count=4 signatures=[[5, 9, 19, 11], [2, 20, 15, 4], [6, 14, 10, 8], [1, 3, 7]]
[clean-BPC  2630.59s] node 154 d=12 lb=233.007621 open=79
[clean-BPC  2630.63s] node 154 cg=1 phase=phase1 obj=0.0 artificial=0.0 cols=4531
[clean-BPC  2630.67s] node 154 cg=2 phase=phase2 obj=233.033432 artificial=0.0 cols=4531
[clean-BPC  2633.07s] node 154 cg=2 phase=phase2 kind=heuristic best_rc=0.031705 found=0 added=0 exhausted=False cert=False
[clean-BPC  2641.51s] node 154 cg=2 phase=phase2 kind=heuristic_boost best_rc=0.0 found=0 added=0 exhausted=True cert=True
[clean-BPC  2642.31s] branch node 154: left=RF(3,4)=separate right=RF(3,4)=same
[clean-BPC  2642.31s] node 158 d=12 lb=233.007621 open=80
[clean-BPC  2642.35s] node 158 cg=1 phase=phase1 obj=0.0 artificial=0.0 cols=4531
[clean-BPC  2642.40s] node 158 cg=2 phase=phase2 obj=233.007621 artificial=0.0 cols=4531
[clean-BPC  2644.71s] node 158 cg=2 phase=phase2 kind=heuristic best_rc=0.031705 found=0 added=0 exhausted=False cert=False
[clean-BPC  2649.64s] node 158 cg=2 phase=phase2 kind=heuristic_boost best_rc=0.009236 found=0 added=0 exhausted=True cert=True
[clean-BPC  2649.93s] cut_added family=schedule_nogood_core node=158 added=2 source_vehicle=1 route_count=3 signatures=[[11, 19, 9, 5], [4, 15, 20, 2], [1, 3, 7]]
[clean-BPC  2649.94s] node 153 d=12 lb=233.007621 open=80
[clean-BPC  2649.98s] node 153 cg=1 phase=phase1 obj=0.0 artificial=0.0 cols=4531
[clean-BPC  2650.02s] node 153 cg=2 phase=phase2 obj=233.007621 artificial=0.0 cols=4531
[clean-BPC  2652.45s] node 153 cg=2 phase=phase2 kind=heuristic best_rc=0.031705 found=0 added=0 exhausted=False cert=False
[clean-BPC  2661.91s] node 153 cg=2 phase=phase2 kind=heuristic_boost best_rc=0.031705 found=0 added=0 exhausted=True cert=True
[clean-BPC  2662.30s] cut_added family=schedule_nogood_core node=153 added=2 source_vehicle=1 route_count=4 signatures=[[5, 9, 19, 11], [2, 20, 15, 4], [8, 10, 14, 6], [1, 3, 7]]
[clean-BPC  2662.30s] node 155 d=11 lb=233.007621 open=80
[clean-BPC  2662.35s] node 155 cg=1 phase=phase1 obj=0.0 artificial=0.0 cols=4531
[clean-BPC  2662.39s] node 155 cg=2 phase=phase2 obj=233.007621 artificial=0.0 cols=4531
[clean-BPC  2664.75s] node 155 cg=2 phase=phase2 kind=heuristic best_rc=0.031705 found=0 added=0 exhausted=False cert=False
[clean-BPC  2669.72s] node 155 cg=2 phase=phase2 kind=heuristic_boost best_rc=0.009236 found=0 added=0 exhausted=True cert=True
[clean-BPC  2670.11s] cut_added family=schedule_nogood_core node=155 added=2 source_vehicle=1 route_count=4 signatures=[[5, 9, 19, 11], [4, 15, 20, 2], [6, 8, 10, 14], [7, 3, 1]]
[clean-BPC  2670.11s] node 158 d=12 lb=233.007621 open=80
[clean-BPC  2670.16s] node 158 cg=1 phase=phase1 obj=0.0 artificial=0.0 cols=4531
[clean-BPC  2670.20s] node 158 cg=2 phase=phase2 obj=233.013389 artificial=0.0 cols=4531
[clean-BPC  2672.58s] node 158 cg=2 phase=phase2 kind=heuristic best_rc=0.031705 found=0 added=0 exhausted=False cert=False
[clean-BPC  2677.79s] node 158 cg=2 phase=phase2 kind=heuristic_boost best_rc=0.009236 found=0 added=0 exhausted=True cert=True
[clean-BPC  2678.65s] branch node 158: left=RF(5,19)=separate right=RF(5,19)=same
[clean-BPC  2678.65s] node 153 d=12 lb=233.007621 open=81
[clean-BPC  2678.69s] node 153 cg=1 phase=phase1 obj=0.0 artificial=0.0 cols=4531
[clean-BPC  2678.73s] node 153 cg=2 phase=phase2 obj=233.007621 artificial=0.0 cols=4531
[clean-BPC  2678.73s] cut_purged node=153 removed=1 by_kind={'schedule_nogood_core': 1} remaining=47
[clean-BPC  2678.78s] node 153 cg=3 phase=phase2 obj=233.007621 artificial=0.0 cols=4531
[clean-BPC  2678.78s] cut_purged node=153 removed=1 by_kind={'schedule_nogood_core': 1} remaining=46
[clean-BPC  2678.82s] node 153 cg=4 phase=phase2 obj=233.007621 artificial=0.0 cols=4531
[clean-BPC  2681.25s] node 153 cg=4 phase=phase2 kind=heuristic best_rc=0.031705 found=0 added=0 exhausted=False cert=False
[clean-BPC  2689.05s] node 153 cg=4 phase=phase2 kind=heuristic_boost best_rc=0.031705 found=0 added=0 exhausted=True cert=True
[clean-BPC  2689.45s] cut_added family=schedule_nogood_core node=153 added=2 source_vehicle=1 route_count=4 signatures=[[5, 9, 19, 11], [2, 20, 15, 4], [8, 14, 10, 6], [1, 3, 7]]
[clean-BPC  2689.45s] node 155 d=11 lb=233.007621 open=81
[clean-BPC  2689.50s] node 155 cg=1 phase=phase1 obj=0.0 artificial=0.0 cols=4531
[clean-BPC  2689.55s] node 155 cg=2 phase=phase2 obj=233.007621 artificial=0.0 cols=4531
[clean-BPC  2691.92s] node 155 cg=2 phase=phase2 kind=heuristic best_rc=0.031705 found=0 added=0 exhausted=False cert=False
[clean-BPC  2696.80s] node 155 cg=2 phase=phase2 kind=heuristic_boost best_rc=0.009236 found=0 added=0 exhausted=True cert=True
[clean-BPC  2697.19s] cut_added family=schedule_nogood_core node=155 added=2 source_vehicle=1 route_count=4 signatures=[[5, 9, 19, 11], [4, 15, 20, 2], [6, 8, 14, 10], [7, 3, 1]]
[clean-BPC  2697.19s] node 156 d=11 lb=233.007621 open=81
[clean-BPC  2697.23s] node 156 cg=1 phase=phase1 obj=0.0 artificial=0.0 cols=4531
[clean-BPC  2697.30s] node 156 cg=2 phase=phase2 obj=233.007621 artificial=0.0 cols=4531
[clean-BPC  2699.68s] node 156 cg=2 phase=phase2 kind=heuristic best_rc=-0.0 found=0 added=0 exhausted=False cert=False
[clean-BPC  2704.94s] node 156 cg=2 phase=phase2 kind=heuristic_boost best_rc=-0.0 found=0 added=0 exhausted=True cert=True
[clean-BPC  2705.32s] cut_added family=schedule_nogood_core node=156 added=1 source_vehicle=1 route_count=4 signatures=[[5, 9, 19, 11], [2, 20, 15, 4], [6, 8, 14, 10], [7, 3, 1]]
[clean-BPC  2705.32s] node 153 d=12 lb=233.007621 open=81
[clean-BPC  2705.38s] node 153 cg=1 phase=phase1 obj=0.0 artificial=0.0 cols=4531
[clean-BPC  2705.42s] node 153 cg=2 phase=phase2 obj=233.007621 artificial=0.0 cols=4531
[clean-BPC  2707.73s] node 153 cg=2 phase=phase2 kind=heuristic best_rc=0.031705 found=0 added=0 exhausted=False cert=False
[clean-BPC  2716.89s] node 153 cg=2 phase=phase2 kind=heuristic_boost best_rc=0.031705 found=0 added=0 exhausted=True cert=True
[clean-BPC  2717.27s] cut_added family=schedule_nogood_core node=153 added=2 source_vehicle=1 route_count=4 signatures=[[5, 9, 19, 11], [2, 20, 15, 4], [10, 14, 8, 6], [1, 3, 7]]
[clean-BPC  2717.27s] node 155 d=11 lb=233.007621 open=81
[clean-BPC  2717.32s] node 155 cg=1 phase=phase1 obj=0.0 artificial=0.0 cols=4531
[clean-BPC  2717.36s] node 155 cg=2 phase=phase2 obj=233.007621 artificial=0.0 cols=4531
[clean-BPC  2717.36s] cut_purged node=155 removed=1 by_kind={'schedule_nogood_core': 1} remaining=52
[clean-BPC  2717.41s] node 155 cg=3 phase=phase2 obj=233.007621 artificial=0.0 cols=4531
[clean-BPC  2717.41s] cut_purged node=155 removed=1 by_kind={'schedule_nogood_core': 1} remaining=51
[clean-BPC  2717.46s] node 155 cg=4 phase=phase2 obj=233.007621 artificial=0.0 cols=4531
[clean-BPC  2719.77s] node 155 cg=4 phase=phase2 kind=heuristic best_rc=0.031705 found=0 added=0 exhausted=False cert=False
[clean-BPC  2724.62s] node 155 cg=4 phase=phase2 kind=heuristic_boost best_rc=0.009236 found=0 added=0 exhausted=True cert=True
[clean-BPC  2725.62s] branch node 155: left=arc(19,9)=off right=arc(19,9)=on
[clean-BPC  2725.62s] node 156 d=11 lb=233.007621 open=82
[clean-BPC  2725.68s] node 156 cg=1 phase=phase1 obj=0.0 artificial=0.0 cols=4531
[clean-BPC  2725.73s] node 156 cg=2 phase=phase2 obj=233.007621 artificial=0.0 cols=4531
[clean-BPC  2728.04s] node 156 cg=2 phase=phase2 kind=heuristic best_rc=0.0 found=0 added=0 exhausted=False cert=False
[clean-BPC  2733.28s] node 156 cg=2 phase=phase2 kind=heuristic_boost best_rc=0.0 found=0 added=0 exhausted=True cert=True
[clean-BPC  2734.28s] branch node 156: left=arc(19,9)=off right=arc(19,9)=on
[clean-BPC  2734.28s] node 153 d=12 lb=233.007621 open=83
[clean-BPC  2734.32s] node 153 cg=1 phase=phase1 obj=0.0 artificial=0.0 cols=4531
[clean-BPC  2734.37s] node 153 cg=2 phase=phase2 obj=233.007621 artificial=0.0 cols=4531
[clean-BPC  2736.70s] node 153 cg=2 phase=phase2 kind=heuristic best_rc=0.031705 found=0 added=0 exhausted=False cert=False
[clean-BPC  2745.81s] node 153 cg=2 phase=phase2 kind=heuristic_boost best_rc=0.031705 found=0 added=0 exhausted=True cert=True
[clean-BPC  2746.19s] cut_added family=schedule_nogood_core node=153 added=2 source_vehicle=1 route_count=4 signatures=[[5, 9, 19, 11], [2, 20, 15, 4], [14, 10, 8, 6], [1, 3, 7]]
[clean-BPC  2746.19s] node 163 d=12 lb=233.007621 open=83
[clean-BPC  2746.24s] node 163 cg=1 phase=phase1 obj=0.0 artificial=0.0 cols=4531
[clean-BPC  2746.29s] node 163 cg=2 phase=phase2 obj=233.007621 artificial=0.0 cols=4531
[clean-BPC  2748.59s] node 163 cg=2 phase=phase2 kind=heuristic best_rc=0.031705 found=0 added=0 exhausted=False cert=False
[clean-BPC  2753.35s] node 163 cg=2 phase=phase2 kind=heuristic_boost best_rc=0.009236 found=0 added=0 exhausted=True cert=True
[clean-BPC  2753.75s] cut_added family=schedule_nogood_core node=163 added=2 source_vehicle=1 route_count=4 signatures=[[5, 9, 19, 11], [4, 15, 20, 2], [6, 10, 14, 8], [7, 3, 1]]
[clean-BPC  2753.75s] node 164 d=12 lb=233.007621 open=83
[clean-BPC  2753.79s] node 164 cg=1 phase=phase1 obj=0.0 artificial=0.0 cols=4531
[clean-BPC  2753.84s] node 164 cg=2 phase=phase2 obj=233.007621 artificial=0.0 cols=4531
[clean-BPC  2756.13s] node 164 cg=2 phase=phase2 kind=heuristic best_rc=0.031705 found=0 added=0 exhausted=False cert=False
[clean-BPC  2761.02s] node 164 cg=2 phase=phase2 kind=heuristic_boost best_rc=0.009236 found=0 added=0 exhausted=True cert=True
[clean-BPC  2761.31s] cut_added family=schedule_nogood_core node=164 added=2 source_vehicle=1 route_count=3 signatures=[[11, 19, 9, 5], [4, 15, 20, 2], [7, 3, 1]]
[clean-BPC  2761.31s] node 165 d=12 lb=233.007621 open=83
[clean-BPC  2761.35s] node 165 cg=1 phase=phase1 obj=0.0 artificial=0.0 cols=4531
[clean-BPC  2761.40s] node 165 cg=2 phase=phase2 obj=233.007621 artificial=0.0 cols=4531
[clean-BPC  2763.69s] node 165 cg=2 phase=phase2 kind=heuristic best_rc=0.031705 found=0 added=0 exhausted=False cert=False
[clean-BPC  2768.53s] node 165 cg=2 phase=phase2 kind=heuristic_boost best_rc=0.031705 found=0 added=0 exhausted=True cert=True
[clean-BPC  2768.93s] cut_added family=schedule_nogood_core node=165 added=2 source_vehicle=1 route_count=4 signatures=[[5, 9, 19, 11], [2, 20, 15, 4], [6, 10, 14, 8], [7, 3, 1]]
[clean-BPC  2768.93s] node 166 d=12 lb=233.007621 open=83
[clean-BPC  2768.98s] node 166 cg=1 phase=phase1 obj=0.0 artificial=0.0 cols=4531
[clean-BPC  2769.02s] node 166 cg=2 phase=phase2 obj=233.007621 artificial=0.0 cols=4531
[clean-BPC  2771.30s] node 166 cg=2 phase=phase2 kind=heuristic best_rc=0.031705 found=0 added=0 exhausted=False cert=False
[clean-BPC  2776.48s] node 166 cg=2 phase=phase2 kind=heuristic_boost best_rc=0.031705 found=0 added=0 exhausted=True cert=True
[clean-BPC  2776.77s] cut_added family=schedule_nogood_core node=166 added=2 source_vehicle=1 route_count=3 signatures=[[11, 19, 9, 5], [2, 20, 15, 4], [7, 3, 1]]
[clean-BPC  2776.77s] node 153 d=12 lb=233.007621 open=83
[clean-BPC  2776.81s] node 153 cg=1 phase=phase1 obj=0.0 artificial=0.0 cols=4531
[clean-BPC  2776.86s] node 153 cg=2 phase=phase2 obj=233.010658 artificial=0.0 cols=4531
[clean-BPC  2779.25s] node 153 cg=2 phase=phase2 kind=heuristic best_rc=0.031705 found=0 added=0 exhausted=False cert=False
[clean-BPC  2787.00s] node 153 cg=2 phase=phase2 kind=heuristic_boost best_rc=0.031705 found=0 added=0 exhausted=True cert=True
[clean-BPC  2787.84s] branch node 153: left=RF(2,5)=separate right=RF(2,5)=same
[clean-BPC  2787.84s] node 163 d=12 lb=233.007621 open=84
[clean-BPC  2787.88s] node 163 cg=1 phase=phase1 obj=0.0 artificial=0.0 cols=4531
[clean-BPC  2787.93s] node 163 cg=2 phase=phase2 obj=233.007621 artificial=0.0 cols=4531
[clean-BPC  2790.23s] node 163 cg=2 phase=phase2 kind=heuristic best_rc=-0.0 found=0 added=0 exhausted=False cert=False
[clean-BPC  2795.32s] node 163 cg=2 phase=phase2 kind=heuristic_boost best_rc=-0.0 found=0 added=0 exhausted=True cert=True
[clean-BPC  2795.70s] cut_added family=schedule_nogood_core node=163 added=2 source_vehicle=1 route_count=4 signatures=[[5, 9, 19, 11], [4, 15, 20, 2], [6, 14, 10, 8], [7, 3, 1]]
[clean-BPC  2795.70s] node 164 d=12 lb=233.007621 open=84
[clean-BPC  2795.75s] node 164 cg=1 phase=phase1 obj=0.0 artificial=0.0 cols=4531
[clean-BPC  2795.80s] node 164 cg=2 phase=phase2 obj=233.230333 artificial=0.0 cols=4531
[clean-BPC  2798.14s] node 164 cg=2 phase=phase2 kind=heuristic best_rc=-1.332235 found=6 added=6 exhausted=False cert=False
[clean-BPC  2798.19s] node 164 cg=3 phase=phase2 obj=233.033432 artificial=0.0 cols=4537
[clean-BPC  2800.52s] node 164 cg=3 phase=phase2 kind=heuristic best_rc=-0.0 found=0 added=0 exhausted=False cert=False
[clean-BPC  2805.98s] node 164 cg=3 phase=phase2 kind=heuristic_boost best_rc=-0.0 found=0 added=0 exhausted=True cert=True
[clean-BPC  2806.88s] branch node 164: left=RF(5,19)=separate right=RF(5,19)=same
[clean-BPC  2806.88s] node 165 d=12 lb=233.007621 open=85
[clean-BPC  2806.93s] node 165 cg=1 phase=phase1 obj=0.0 artificial=0.0 cols=4537
[clean-BPC  2806.97s] node 165 cg=2 phase=phase2 obj=233.007621 artificial=0.0 cols=4537
[clean-BPC  2809.28s] node 165 cg=2 phase=phase2 kind=heuristic best_rc=0.031705 found=0 added=0 exhausted=False cert=False
[clean-BPC  2814.33s] node 165 cg=2 phase=phase2 kind=heuristic_boost best_rc=0.031705 found=0 added=0 exhausted=True cert=True
[clean-BPC  2814.73s] cut_added family=schedule_nogood_core node=165 added=2 source_vehicle=1 route_count=4 signatures=[[5, 9, 19, 11], [2, 20, 15, 4], [6, 14, 10, 8], [7, 3, 1]]
[clean-BPC  2814.73s] node 166 d=12 lb=233.007621 open=85
[clean-BPC  2814.77s] node 166 cg=1 phase=phase1 obj=0.0 artificial=0.0 cols=4537
[clean-BPC  2814.82s] node 166 cg=2 phase=phase2 obj=233.013389 artificial=0.0 cols=4537
[clean-BPC  2817.13s] node 166 cg=2 phase=phase2 kind=heuristic best_rc=0.0 found=0 added=0 exhausted=False cert=False
[clean-BPC  2822.92s] node 166 cg=2 phase=phase2 kind=heuristic_boost best_rc=0.0 found=0 added=0 exhausted=True cert=True
[clean-BPC  2823.79s] branch node 166: left=RF(9,12)=separate right=RF(9,12)=same
[clean-BPC  2823.79s] node 163 d=12 lb=233.007621 open=86
[clean-BPC  2823.83s] node 163 cg=1 phase=phase1 obj=0.0 artificial=0.0 cols=4537
[clean-BPC  2823.88s] node 163 cg=2 phase=phase2 obj=233.007621 artificial=0.0 cols=4537
[clean-BPC  2826.19s] node 163 cg=2 phase=phase2 kind=heuristic best_rc=-0.0 found=0 added=0 exhausted=False cert=False
[clean-BPC  2831.29s] node 163 cg=2 phase=phase2 kind=heuristic_boost best_rc=-0.0 found=0 added=0 exhausted=True cert=True
[clean-BPC  2831.69s] cut_added family=schedule_nogood_core node=163 added=2 source_vehicle=1 route_count=4 signatures=[[5, 9, 19, 11], [4, 15, 20, 2], [8, 10, 14, 6], [7, 3, 1]]
[clean-BPC  2831.69s] node 165 d=12 lb=233.007621 open=86
[clean-BPC  2831.74s] node 165 cg=1 phase=phase1 obj=0.0 artificial=0.0 cols=4537
[clean-BPC  2831.78s] node 165 cg=2 phase=phase2 obj=233.007621 artificial=0.0 cols=4537
[clean-BPC  2831.78s] cut_purged node=165 removed=1 by_kind={'schedule_nogood_core': 1} remaining=66
[clean-BPC  2831.83s] node 165 cg=3 phase=phase2 obj=233.007621 artificial=0.0 cols=4537
[clean-BPC  2831.83s] cut_purged node=165 removed=6 by_kind={'schedule_nogood_core': 6} remaining=60
[clean-BPC  2831.88s] node 165 cg=4 phase=phase2 obj=233.007621 artificial=0.0 cols=4537
[clean-BPC  2834.19s] node 165 cg=4 phase=phase2 kind=heuristic best_rc=0.031705 found=0 added=0 exhausted=False cert=False
[clean-BPC  2839.26s] node 165 cg=4 phase=phase2 kind=heuristic_boost best_rc=0.031705 found=0 added=0 exhausted=True cert=True
[clean-BPC  2839.65s] cut_added family=schedule_nogood_core node=165 added=2 source_vehicle=1 route_count=4 signatures=[[5, 9, 19, 11], [2, 20, 15, 4], [8, 10, 14, 6], [7, 3, 1]]
[clean-BPC  2839.65s] node 157 d=12 lb=233.007621 open=86
[clean-BPC  2839.70s] node 157 cg=1 phase=phase1 obj=0.0 artificial=0.0 cols=4537
[clean-BPC  2839.74s] node 157 cg=2 phase=phase2 obj=233.007621 artificial=0.0 cols=4537
[clean-BPC  2842.14s] node 157 cg=2 phase=phase2 kind=heuristic best_rc=0.031705 found=0 added=0 exhausted=False cert=False
[clean-BPC  2849.43s] node 157 cg=2 phase=phase2 kind=heuristic_boost best_rc=0.031705 found=0 added=0 exhausted=True cert=True
[clean-BPC  2849.82s] cut_added family=schedule_nogood_core node=157 added=1 source_vehicle=1 route_count=4 signatures=[[5, 9, 19, 11], [4, 15, 20, 2], [6, 8, 10, 14], [1, 3, 7]]
[clean-BPC  2849.82s] node 163 d=12 lb=233.007621 open=86
[clean-BPC  2849.87s] node 163 cg=1 phase=phase1 obj=0.0 artificial=0.0 cols=4537
[clean-BPC  2849.91s] node 163 cg=2 phase=phase2 obj=233.007621 artificial=0.0 cols=4537
[clean-BPC  2852.23s] node 163 cg=2 phase=phase2 kind=heuristic best_rc=0.0 found=0 added=0 exhausted=False cert=False
[clean-BPC  2857.37s] node 163 cg=2 phase=phase2 kind=heuristic_boost best_rc=0.0 found=0 added=0 exhausted=True cert=True
[clean-BPC  2857.75s] cut_added family=schedule_nogood_core node=163 added=2 source_vehicle=1 route_count=4 signatures=[[5, 9, 19, 11], [4, 15, 20, 2], [8, 14, 10, 6], [7, 3, 1]]
[clean-BPC  2857.75s] node 165 d=12 lb=233.007621 open=86
[clean-BPC  2857.80s] node 165 cg=1 phase=phase1 obj=0.0 artificial=0.0 cols=4537
[clean-BPC  2857.84s] node 165 cg=2 phase=phase2 obj=233.007621 artificial=0.0 cols=4537
[clean-BPC  2857.84s] cut_purged node=165 removed=1 by_kind={'schedule_nogood_core': 1} remaining=64
[clean-BPC  2857.88s] node 165 cg=3 phase=phase2 obj=233.007621 artificial=0.0 cols=4537
[clean-BPC  2860.20s] node 165 cg=3 phase=phase2 kind=heuristic best_rc=0.031705 found=0 added=0 exhausted=False cert=False
[clean-BPC  2865.32s] node 165 cg=3 phase=phase2 kind=heuristic_boost best_rc=0.031705 found=0 added=0 exhausted=True cert=True
[clean-BPC  2865.71s] cut_added family=schedule_nogood_core node=165 added=2 source_vehicle=1 route_count=4 signatures=[[5, 9, 19, 11], [2, 20, 15, 4], [8, 14, 10, 6], [7, 3, 1]]
[clean-BPC  2865.71s] node 157 d=12 lb=233.007621 open=86
[clean-BPC  2865.75s] node 157 cg=1 phase=phase1 obj=0.0 artificial=0.0 cols=4537
[clean-BPC  2865.79s] node 157 cg=2 phase=phase2 obj=233.007621 artificial=0.0 cols=4537
[clean-BPC  2868.20s] node 157 cg=2 phase=phase2 kind=heuristic best_rc=0.031705 found=0 added=0 exhausted=False cert=False
[clean-BPC  2875.52s] node 157 cg=2 phase=phase2 kind=heuristic_boost best_rc=0.031705 found=0 added=0 exhausted=True cert=True
[clean-BPC  2875.91s] cut_added family=schedule_nogood_core node=157 added=1 source_vehicle=1 route_count=4 signatures=[[5, 9, 19, 11], [4, 15, 20, 2], [6, 8, 14, 10], [1, 3, 7]]
[clean-BPC  2875.91s] node 163 d=12 lb=233.007621 open=86
[clean-BPC  2875.96s] node 163 cg=1 phase=phase1 obj=0.0 artificial=0.0 cols=4537
[clean-BPC  2876.01s] node 163 cg=2 phase=phase2 obj=233.007621 artificial=0.0 cols=4537
[clean-BPC  2878.34s] node 163 cg=2 phase=phase2 kind=heuristic best_rc=0.0 found=0 added=0 exhausted=False cert=False
[clean-BPC  2883.46s] node 163 cg=2 phase=phase2 kind=heuristic_boost best_rc=0.0 found=0 added=0 exhausted=True cert=True
[clean-BPC  2883.84s] cut_added family=schedule_nogood_core node=163 added=2 source_vehicle=1 route_count=4 signatures=[[5, 9, 19, 11], [4, 15, 20, 2], [10, 14, 8, 6], [7, 3, 1]]
[clean-BPC  2883.84s] node 165 d=12 lb=233.007621 open=86
[clean-BPC  2883.88s] node 165 cg=1 phase=phase1 obj=0.0 artificial=0.0 cols=4537
[clean-BPC  2883.93s] node 165 cg=2 phase=phase2 obj=233.007621 artificial=0.0 cols=4537
[clean-BPC  2886.21s] node 165 cg=2 phase=phase2 kind=heuristic best_rc=0.031705 found=0 added=0 exhausted=False cert=False
[clean-BPC  2891.26s] node 165 cg=2 phase=phase2 kind=heuristic_boost best_rc=0.031705 found=0 added=0 exhausted=True cert=True
[clean-BPC  2891.64s] cut_added family=schedule_nogood_core node=165 added=2 source_vehicle=1 route_count=4 signatures=[[5, 9, 19, 11], [2, 20, 15, 4], [10, 14, 8, 6], [7, 3, 1]]
[clean-BPC  2891.64s] node 157 d=12 lb=233.007621 open=86
[clean-BPC  2891.68s] node 157 cg=1 phase=phase1 obj=0.0 artificial=0.0 cols=4537
[clean-BPC  2891.73s] node 157 cg=2 phase=phase2 obj=233.007621 artificial=0.0 cols=4537
[clean-BPC  2891.73s] cut_purged node=157 removed=1 by_kind={'schedule_nogood_core': 1} remaining=70
[clean-BPC  2891.77s] node 157 cg=3 phase=phase2 obj=233.007621 artificial=0.0 cols=4537
[clean-BPC  2894.16s] node 157 cg=3 phase=phase2 kind=heuristic best_rc=0.031705 found=0 added=0 exhausted=False cert=False
[clean-BPC  2901.40s] node 157 cg=3 phase=phase2 kind=heuristic_boost best_rc=0.031705 found=0 added=0 exhausted=True cert=True
[clean-BPC  2901.78s] cut_added family=schedule_nogood_core node=157 added=2 source_vehicle=1 route_count=4 signatures=[[5, 9, 19, 11], [4, 15, 20, 2], [6, 10, 14, 8], [1, 3, 7]]
[clean-BPC  2901.78s] node 163 d=12 lb=233.007621 open=86
[clean-BPC  2901.83s] node 163 cg=1 phase=phase1 obj=0.0 artificial=0.0 cols=4537
[clean-BPC  2901.87s] node 163 cg=2 phase=phase2 obj=233.007621 artificial=0.0 cols=4537
[clean-BPC  2904.18s] node 163 cg=2 phase=phase2 kind=heuristic best_rc=-0.0 found=0 added=0 exhausted=False cert=False
[clean-BPC  2909.22s] node 163 cg=2 phase=phase2 kind=heuristic_boost best_rc=-0.0 found=0 added=0 exhausted=True cert=True
[clean-BPC  2909.61s] cut_added family=schedule_nogood_core node=163 added=2 source_vehicle=1 route_count=4 signatures=[[5, 9, 19, 11], [4, 15, 20, 2], [14, 10, 8, 6], [7, 3, 1]]
[clean-BPC  2909.61s] node 165 d=12 lb=233.007621 open=86
[clean-BPC  2909.65s] node 165 cg=1 phase=phase1 obj=0.0 artificial=0.0 cols=4537
[clean-BPC  2909.70s] node 165 cg=2 phase=phase2 obj=233.007621 artificial=0.0 cols=4537
[clean-BPC  2911.98s] node 165 cg=2 phase=phase2 kind=heuristic best_rc=0.031705 found=0 added=0 exhausted=False cert=False
[clean-BPC  2917.06s] node 165 cg=2 phase=phase2 kind=heuristic_boost best_rc=0.031705 found=0 added=0 exhausted=True cert=True
[clean-BPC  2917.44s] cut_added family=schedule_nogood_core node=165 added=2 source_vehicle=1 route_count=4 signatures=[[5, 9, 19, 11], [2, 20, 15, 4], [14, 10, 8, 6], [7, 3, 1]]
[clean-BPC  2917.44s] node 157 d=12 lb=233.007621 open=86
[clean-BPC  2917.48s] node 157 cg=1 phase=phase1 obj=0.0 artificial=0.0 cols=4537
[clean-BPC  2917.53s] node 157 cg=2 phase=phase2 obj=233.007621 artificial=0.0 cols=4537
[clean-BPC  2919.95s] node 157 cg=2 phase=phase2 kind=heuristic best_rc=0.031705 found=0 added=0 exhausted=False cert=False
[clean-BPC  2927.23s] node 157 cg=2 phase=phase2 kind=heuristic_boost best_rc=0.031705 found=0 added=0 exhausted=True cert=True
[clean-BPC  2927.62s] cut_added family=schedule_nogood_core node=157 added=2 source_vehicle=1 route_count=4 signatures=[[5, 9, 19, 11], [4, 15, 20, 2], [6, 14, 10, 8], [1, 3, 7]]
[clean-BPC  2927.62s] node 163 d=12 lb=233.007621 open=86
[clean-BPC  2927.67s] node 163 cg=1 phase=phase1 obj=0.0 artificial=0.0 cols=4537
[clean-BPC  2927.71s] node 163 cg=2 phase=phase2 obj=233.010658 artificial=0.0 cols=4537
[clean-BPC  2930.14s] node 163 cg=2 phase=phase2 kind=heuristic best_rc=0.0 found=0 added=0 exhausted=False cert=False
[clean-BPC  2935.33s] node 163 cg=2 phase=phase2 kind=heuristic_boost best_rc=-0.0 found=0 added=0 exhausted=True cert=True
[clean-BPC  2936.19s] branch node 163: left=RF(5,19)=separate right=RF(5,19)=same
[clean-BPC  2936.19s] node 165 d=12 lb=233.007621 open=87
[clean-BPC  2936.23s] node 165 cg=1 phase=phase1 obj=0.0 artificial=0.0 cols=4537
[clean-BPC  2936.28s] node 165 cg=2 phase=phase2 obj=233.0083 artificial=0.0 cols=4537
[clean-BPC  2938.65s] node 165 cg=2 phase=phase2 kind=heuristic best_rc=0.0 found=0 added=0 exhausted=False cert=False
[clean-BPC  2944.15s] node 165 cg=2 phase=phase2 kind=heuristic_boost best_rc=0.0 found=0 added=0 exhausted=True cert=True
[clean-BPC  2945.00s] branch node 165: left=RF(16,19)=separate right=RF(16,19)=same
[clean-BPC  2945.00s] node 157 d=12 lb=233.007621 open=88
[clean-BPC  2945.05s] node 157 cg=1 phase=phase1 obj=0.0 artificial=0.0 cols=4537
[clean-BPC  2945.11s] node 157 cg=2 phase=phase2 obj=233.007621 artificial=0.0 cols=4537
[clean-BPC  2947.49s] node 157 cg=2 phase=phase2 kind=heuristic best_rc=0.031705 found=0 added=0 exhausted=False cert=False
[clean-BPC  2954.71s] node 157 cg=2 phase=phase2 kind=heuristic_boost best_rc=0.031705 found=0 added=0 exhausted=True cert=True
[clean-BPC  2955.10s] cut_added family=schedule_nogood_core node=157 added=2 source_vehicle=1 route_count=4 signatures=[[5, 9, 19, 11], [4, 15, 20, 2], [8, 10, 14, 6], [1, 3, 7]]
[clean-BPC  2955.10s] node 157 d=12 lb=233.007621 open=88
[clean-BPC  2955.14s] node 157 cg=1 phase=phase1 obj=0.0 artificial=0.0 cols=4537
[clean-BPC  2955.19s] node 157 cg=2 phase=phase2 obj=233.007621 artificial=0.0 cols=4537
[clean-BPC  2957.59s] node 157 cg=2 phase=phase2 kind=heuristic best_rc=0.031705 found=0 added=0 exhausted=False cert=False
[clean-BPC  2964.84s] node 157 cg=2 phase=phase2 kind=heuristic_boost best_rc=0.031705 found=0 added=0 exhausted=True cert=True
[clean-BPC  2965.23s] cut_added family=schedule_nogood_core node=157 added=2 source_vehicle=1 route_count=4 signatures=[[5, 9, 19, 11], [4, 15, 20, 2], [8, 14, 10, 6], [1, 3, 7]]
[clean-BPC  2965.23s] node 157 d=12 lb=233.007621 open=88
[clean-BPC  2965.28s] node 157 cg=1 phase=phase1 obj=0.0 artificial=0.0 cols=4537
[clean-BPC  2965.32s] node 157 cg=2 phase=phase2 obj=233.007621 artificial=0.0 cols=4537
[clean-BPC  2967.73s] node 157 cg=2 phase=phase2 kind=heuristic best_rc=0.031705 found=0 added=0 exhausted=False cert=False
[clean-BPC  2974.98s] node 157 cg=2 phase=phase2 kind=heuristic_boost best_rc=0.031705 found=0 added=0 exhausted=True cert=True
[clean-BPC  2975.37s] cut_added family=schedule_nogood_core node=157 added=2 source_vehicle=1 route_count=4 signatures=[[5, 9, 19, 11], [4, 15, 20, 2], [10, 14, 8, 6], [1, 3, 7]]
[clean-BPC  2975.37s] node 157 d=12 lb=233.007621 open=88
[clean-BPC  2975.41s] node 157 cg=1 phase=phase1 obj=0.0 artificial=0.0 cols=4537
[clean-BPC  2975.46s] node 157 cg=2 phase=phase2 obj=233.007621 artificial=0.0 cols=4537
[clean-BPC  2975.46s] cut_purged node=157 removed=1 by_kind={'schedule_nogood_core': 1} remaining=83
[clean-BPC  2975.51s] node 157 cg=3 phase=phase2 obj=233.007621 artificial=0.0 cols=4537
[clean-BPC  2975.51s] cut_purged node=157 removed=1 by_kind={'schedule_nogood_core': 1} remaining=82
[clean-BPC  2975.55s] node 157 cg=4 phase=phase2 obj=233.007621 artificial=0.0 cols=4537
[clean-BPC  2977.95s] node 157 cg=4 phase=phase2 kind=heuristic best_rc=0.031705 found=0 added=0 exhausted=False cert=False
[clean-BPC  2985.19s] node 157 cg=4 phase=phase2 kind=heuristic_boost best_rc=0.031705 found=0 added=0 exhausted=True cert=True
[clean-BPC  2985.58s] cut_added family=schedule_nogood_core node=157 added=2 source_vehicle=1 route_count=4 signatures=[[5, 9, 19, 11], [4, 15, 20, 2], [14, 10, 8, 6], [1, 3, 7]]
[clean-BPC  2985.58s] node 157 d=12 lb=233.007621 open=88
[clean-BPC  2985.62s] node 157 cg=1 phase=phase1 obj=0.0 artificial=0.0 cols=4537
[clean-BPC  2985.67s] node 157 cg=2 phase=phase2 obj=233.0083 artificial=0.0 cols=4537
[clean-BPC  2985.67s] cut_purged node=157 removed=4 by_kind={'schedule_nogood_core': 4} remaining=80
[clean-BPC  2985.73s] node 157 cg=3 phase=phase2 obj=233.0083 artificial=0.0 cols=4537
[clean-BPC  2985.73s] cut_purged node=157 removed=8 by_kind={'schedule_nogood_core': 8} remaining=72
[clean-BPC  2985.78s] node 157 cg=4 phase=phase2 obj=233.0083 artificial=0.0 cols=4537
[clean-BPC  2985.78s] cut_purged node=157 removed=1 by_kind={'schedule_nogood_core': 1} remaining=71
[clean-BPC  2985.82s] node 157 cg=5 phase=phase2 obj=233.0083 artificial=0.0 cols=4537
[clean-BPC  2985.82s] cut_purged node=157 removed=1 by_kind={'schedule_nogood_core': 1} remaining=70
[clean-BPC  2985.87s] node 157 cg=6 phase=phase2 obj=233.0083 artificial=0.0 cols=4537
[clean-BPC  2985.87s] cut_purged node=157 removed=1 by_kind={'schedule_nogood_core': 1} remaining=69
[clean-BPC  2985.91s] node 157 cg=7 phase=phase2 obj=233.0083 artificial=0.0 cols=4537
[clean-BPC  2988.36s] node 157 cg=7 phase=phase2 kind=heuristic best_rc=0.031705 found=0 added=0 exhausted=False cert=False
[clean-BPC  2995.67s] node 157 cg=7 phase=phase2 kind=heuristic_boost best_rc=0.031705 found=0 added=0 exhausted=True cert=True
[clean-BPC  2996.55s] branch node 157: left=arc(3,2)=off right=arc(3,2)=on
[clean-BPC  2996.56s] node 175 d=13 lb=233.0083 open=89
[clean-BPC  2996.60s] node 175 cg=1 phase=phase1 obj=0.0 artificial=0.0 cols=4537
[clean-BPC  2996.64s] node 175 cg=2 phase=phase2 obj=233.007621 artificial=0.0 cols=4537
[clean-BPC  2999.01s] node 175 cg=2 phase=phase2 kind=heuristic best_rc=0.031705 found=0 added=0 exhausted=False cert=False
[clean-BPC  3006.32s] node 175 cg=2 phase=phase2 kind=heuristic_boost best_rc=0.031705 found=0 added=0 exhausted=True cert=True
[clean-BPC  3006.72s] cut_added family=schedule_nogood_core node=175 added=1 source_vehicle=1 route_count=4 signatures=[[5, 9, 19, 11], [2, 20, 15, 4], [6, 8, 10, 14], [7, 3, 1]]
[clean-BPC  3006.72s] node 175 d=13 lb=233.007621 open=89
[clean-BPC  3006.77s] node 175 cg=1 phase=phase1 obj=0.0 artificial=0.0 cols=4537
[clean-BPC  3006.81s] node 175 cg=2 phase=phase2 obj=233.007621 artificial=0.0 cols=4537
[clean-BPC  3006.81s] cut_purged node=175 removed=1 by_kind={'schedule_nogood_core': 1} remaining=69
[clean-BPC  3006.86s] node 175 cg=3 phase=phase2 obj=233.007621 artificial=0.0 cols=4537
[clean-BPC  3009.27s] node 175 cg=3 phase=phase2 kind=heuristic best_rc=0.031705 found=0 added=0 exhausted=False cert=False
[clean-BPC  3016.28s] node 175 cg=3 phase=phase2 kind=heuristic_boost best_rc=0.031705 found=0 added=0 exhausted=True cert=True
[clean-BPC  3016.66s] cut_added family=schedule_nogood_core node=175 added=1 source_vehicle=1 route_count=4 signatures=[[5, 9, 19, 11], [2, 20, 15, 4], [6, 8, 14, 10], [7, 3, 1]]
[clean-BPC  3016.66s] node 175 d=13 lb=233.007621 open=89
[clean-BPC  3016.71s] node 175 cg=1 phase=phase1 obj=0.0 artificial=0.0 cols=4537
[clean-BPC  3016.75s] node 175 cg=2 phase=phase2 obj=233.007621 artificial=0.0 cols=4537
[clean-BPC  3019.14s] node 175 cg=2 phase=phase2 kind=heuristic best_rc=0.031705 found=0 added=0 exhausted=False cert=False
[clean-BPC  3026.13s] node 175 cg=2 phase=phase2 kind=heuristic_boost best_rc=0.031705 found=0 added=0 exhausted=True cert=True
[clean-BPC  3026.51s] cut_added family=schedule_nogood_core node=175 added=1 source_vehicle=1 route_count=4 signatures=[[5, 9, 19, 11], [2, 20, 15, 4], [6, 10, 14, 8], [7, 3, 1]]
[clean-BPC  3026.51s] node 175 d=13 lb=233.007621 open=89
[clean-BPC  3026.55s] node 175 cg=1 phase=phase1 obj=0.0 artificial=0.0 cols=4537
[clean-BPC  3026.60s] node 175 cg=2 phase=phase2 obj=233.007621 artificial=0.0 cols=4537
[clean-BPC  3028.97s] node 175 cg=2 phase=phase2 kind=heuristic best_rc=0.031705 found=0 added=0 exhausted=False cert=False
[clean-BPC  3035.96s] node 175 cg=2 phase=phase2 kind=heuristic_boost best_rc=0.031705 found=0 added=0 exhausted=True cert=True
[clean-BPC  3036.34s] cut_added family=schedule_nogood_core node=175 added=1 source_vehicle=1 route_count=4 signatures=[[5, 9, 19, 11], [2, 20, 15, 4], [6, 14, 10, 8], [7, 3, 1]]
[clean-BPC  3036.34s] node 175 d=13 lb=233.007621 open=89
[clean-BPC  3036.39s] node 175 cg=1 phase=phase1 obj=0.0 artificial=0.0 cols=4537
[clean-BPC  3036.43s] node 175 cg=2 phase=phase2 obj=233.007621 artificial=0.0 cols=4537
[clean-BPC  3038.80s] node 175 cg=2 phase=phase2 kind=heuristic best_rc=0.031705 found=0 added=0 exhausted=False cert=False
[clean-BPC  3045.90s] node 175 cg=2 phase=phase2 kind=heuristic_boost best_rc=0.031705 found=0 added=0 exhausted=True cert=True
[clean-BPC  3046.30s] cut_added family=schedule_nogood_core node=175 added=1 source_vehicle=1 route_count=4 signatures=[[5, 9, 19, 11], [2, 20, 15, 4], [8, 10, 14, 6], [7, 3, 1]]
[clean-BPC  3046.30s] node 175 d=13 lb=233.007621 open=89
[clean-BPC  3046.34s] node 175 cg=1 phase=phase1 obj=0.0 artificial=0.0 cols=4537
[clean-BPC  3046.39s] node 175 cg=2 phase=phase2 obj=233.007621 artificial=0.0 cols=4537
[clean-BPC  3048.78s] node 175 cg=2 phase=phase2 kind=heuristic best_rc=0.031705 found=0 added=0 exhausted=False cert=False
[clean-BPC  3055.77s] node 175 cg=2 phase=phase2 kind=heuristic_boost best_rc=0.031705 found=0 added=0 exhausted=True cert=True
[clean-BPC  3056.16s] cut_added family=schedule_nogood_core node=175 added=1 source_vehicle=1 route_count=4 signatures=[[5, 9, 19, 11], [2, 20, 15, 4], [8, 14, 10, 6], [7, 3, 1]]
[clean-BPC  3056.16s] node 175 d=13 lb=233.007621 open=89
[clean-BPC  3056.20s] node 175 cg=1 phase=phase1 obj=0.0 artificial=0.0 cols=4537
[clean-BPC  3056.25s] node 175 cg=2 phase=phase2 obj=233.007621 artificial=0.0 cols=4537
[clean-BPC  3056.25s] cut_purged node=175 removed=8 by_kind={'schedule_nogood_core': 8} remaining=66
[clean-BPC  3056.31s] node 175 cg=3 phase=phase2 obj=233.007621 artificial=0.0 cols=4537
[clean-BPC  3058.66s] node 175 cg=3 phase=phase2 kind=heuristic best_rc=0.031705 found=0 added=0 exhausted=False cert=False
[clean-BPC  3065.74s] node 175 cg=3 phase=phase2 kind=heuristic_boost best_rc=0.031705 found=0 added=0 exhausted=True cert=True
[clean-BPC  3066.12s] cut_added family=schedule_nogood_core node=175 added=1 source_vehicle=1 route_count=4 signatures=[[5, 9, 19, 11], [2, 20, 15, 4], [10, 14, 8, 6], [7, 3, 1]]
[clean-BPC  3066.12s] node 175 d=13 lb=233.007621 open=89
[clean-BPC  3066.17s] node 175 cg=1 phase=phase1 obj=0.0 artificial=0.0 cols=4537
[clean-BPC  3066.22s] node 175 cg=2 phase=phase2 obj=233.007621 artificial=0.0 cols=4537
[clean-BPC  3068.62s] node 175 cg=2 phase=phase2 kind=heuristic best_rc=0.031705 found=0 added=0 exhausted=False cert=False
[clean-BPC  3075.65s] node 175 cg=2 phase=phase2 kind=heuristic_boost best_rc=0.031705 found=0 added=0 exhausted=True cert=True
[clean-BPC  3076.04s] cut_added family=schedule_nogood_core node=175 added=1 source_vehicle=1 route_count=4 signatures=[[5, 9, 19, 11], [2, 20, 15, 4], [14, 10, 8, 6], [7, 3, 1]]
[clean-BPC  3076.04s] node 175 d=13 lb=233.007621 open=89
[clean-BPC  3076.08s] node 175 cg=1 phase=phase1 obj=0.0 artificial=0.0 cols=4537
[clean-BPC  3076.13s] node 175 cg=2 phase=phase2 obj=233.015588 artificial=0.0 cols=4537
[clean-BPC  3078.56s] node 175 cg=2 phase=phase2 kind=heuristic best_rc=0.05651878 found=0 added=0 exhausted=False cert=False
[clean-BPC  3086.36s] node 175 cg=2 phase=phase2 kind=heuristic_boost best_rc=-0.0 found=0 added=0 exhausted=True cert=True
[clean-BPC  3087.32s] branch node 175: left=RF(9,12)=separate right=RF(9,12)=same
[clean-BPC  3087.32s] node 176 d=13 lb=233.0083 open=90
[clean-BPC  3087.35s] node 176 cg=1 phase=phase1 obj=0.0 artificial=0.0 cols=4537
[clean-BPC  3087.38s] node 176 cg=2 phase=phase2 obj=233.923779 artificial=0.0 cols=4537
[clean-BPC  3089.76s] node 176 cg=2 phase=phase2 kind=heuristic best_rc=-0.760838 found=8 added=8 exhausted=False cert=False
[clean-BPC  3089.79s] node 176 cg=3 phase=phase2 obj=233.670166 artificial=0.0 cols=4545
[clean-BPC  3092.20s] node 176 cg=3 phase=phase2 kind=heuristic best_rc=-0.119265 found=2 added=2 exhausted=False cert=False
[clean-BPC  3092.23s] node 176 cg=4 phase=phase2 obj=233.670166 artificial=0.0 cols=4547
[clean-BPC  3094.58s] node 176 cg=4 phase=phase2 kind=heuristic best_rc=0.031705 found=0 added=0 exhausted=False cert=False
[clean-BPC  3102.24s] node 176 cg=4 phase=phase2 kind=heuristic_boost best_rc=0.0 found=0 added=0 exhausted=True cert=True
[clean-BPC  3102.91s] branch node 176: left=RF(2,5)=separate right=RF(2,5)=same
[clean-BPC  3102.91s] node 177 d=13 lb=233.0083 open=91
[clean-BPC  3102.96s] node 177 cg=1 phase=phase1 obj=0.0 artificial=0.0 cols=4547
[clean-BPC  3103.02s] node 177 cg=2 phase=phase2 obj=233.007621 artificial=0.0 cols=4547
[clean-BPC  3105.42s] node 177 cg=2 phase=phase2 kind=heuristic best_rc=0.031705 found=0 added=0 exhausted=False cert=False
[clean-BPC  3112.60s] node 177 cg=2 phase=phase2 kind=heuristic_boost best_rc=0.031705 found=0 added=0 exhausted=True cert=True
[clean-BPC  3112.98s] cut_added family=schedule_nogood_core node=177 added=1 source_vehicle=1 route_count=4 signatures=[[5, 9, 19, 11], [4, 15, 20, 2], [6, 8, 10, 14], [1, 3, 7]]
[clean-BPC  3112.98s] node 177 d=13 lb=233.007621 open=91
[clean-BPC  3113.03s] node 177 cg=1 phase=phase1 obj=0.0 artificial=0.0 cols=4547
[clean-BPC  3113.07s] node 177 cg=2 phase=phase2 obj=233.007621 artificial=0.0 cols=4547
[clean-BPC  3115.49s] node 177 cg=2 phase=phase2 kind=heuristic best_rc=0.031705 found=0 added=0 exhausted=False cert=False
[clean-BPC  3122.71s] node 177 cg=2 phase=phase2 kind=heuristic_boost best_rc=0.031705 found=0 added=0 exhausted=True cert=True
[clean-BPC  3123.09s] cut_added family=schedule_nogood_core node=177 added=1 source_vehicle=1 route_count=4 signatures=[[5, 9, 19, 11], [4, 15, 20, 2], [6, 8, 14, 10], [1, 3, 7]]
[clean-BPC  3123.09s] node 177 d=13 lb=233.007621 open=91
[clean-BPC  3123.14s] node 177 cg=1 phase=phase1 obj=0.0 artificial=0.0 cols=4547
[clean-BPC  3123.18s] node 177 cg=2 phase=phase2 obj=233.007621 artificial=0.0 cols=4547
[clean-BPC  3125.60s] node 177 cg=2 phase=phase2 kind=heuristic best_rc=0.031705 found=0 added=0 exhausted=False cert=False
[clean-BPC  3132.89s] node 177 cg=2 phase=phase2 kind=heuristic_boost best_rc=0.031705 found=0 added=0 exhausted=True cert=True
[clean-BPC  3133.28s] cut_added family=schedule_nogood_core node=177 added=1 source_vehicle=1 route_count=4 signatures=[[5, 9, 19, 11], [4, 15, 20, 2], [6, 10, 14, 8], [1, 3, 7]]
[clean-BPC  3133.28s] node 177 d=13 lb=233.007621 open=91
[clean-BPC  3133.32s] node 177 cg=1 phase=phase1 obj=0.0 artificial=0.0 cols=4547
[clean-BPC  3133.36s] node 177 cg=2 phase=phase2 obj=233.007621 artificial=0.0 cols=4547
[clean-BPC  3135.80s] node 177 cg=2 phase=phase2 kind=heuristic best_rc=0.031705 found=0 added=0 exhausted=False cert=False
[clean-BPC  3143.06s] node 177 cg=2 phase=phase2 kind=heuristic_boost best_rc=0.031705 found=0 added=0 exhausted=True cert=True
[clean-BPC  3143.44s] cut_added family=schedule_nogood_core node=177 added=1 source_vehicle=1 route_count=4 signatures=[[5, 9, 19, 11], [4, 15, 20, 2], [6, 14, 10, 8], [1, 3, 7]]
[clean-BPC  3143.44s] node 177 d=13 lb=233.007621 open=91
[clean-BPC  3143.48s] node 177 cg=1 phase=phase1 obj=0.0 artificial=0.0 cols=4547
[clean-BPC  3143.53s] node 177 cg=2 phase=phase2 obj=233.007621 artificial=0.0 cols=4547
[clean-BPC  3143.53s] cut_purged node=177 removed=8 by_kind={'schedule_nogood_core': 8} remaining=64
[clean-BPC  3143.57s] node 177 cg=3 phase=phase2 obj=233.007621 artificial=0.0 cols=4547
[clean-BPC  3145.94s] node 177 cg=3 phase=phase2 kind=heuristic best_rc=0.031705 found=0 added=0 exhausted=False cert=False
[clean-BPC  3154.58s] node 177 cg=3 phase=phase2 kind=heuristic_boost best_rc=0.0031765 found=0 added=0 exhausted=True cert=True
[clean-BPC  3154.97s] cut_added family=schedule_nogood_core node=177 added=1 source_vehicle=1 route_count=4 signatures=[[5, 9, 19, 11], [4, 15, 20, 2], [8, 10, 14, 6], [1, 3, 7]]
[clean-BPC  3154.98s] node 177 d=13 lb=233.007621 open=91
[clean-BPC  3155.02s] node 177 cg=1 phase=phase1 obj=0.0 artificial=0.0 cols=4547
[clean-BPC  3155.06s] node 177 cg=2 phase=phase2 obj=233.007621 artificial=0.0 cols=4547
[clean-BPC  3157.41s] node 177 cg=2 phase=phase2 kind=heuristic best_rc=0.031705 found=0 added=0 exhausted=False cert=False
[clean-BPC  3166.06s] node 177 cg=2 phase=phase2 kind=heuristic_boost best_rc=0.0031765 found=0 added=0 exhausted=True cert=True
[clean-BPC  3166.44s] cut_added family=schedule_nogood_core node=177 added=1 source_vehicle=1 route_count=4 signatures=[[5, 9, 19, 11], [4, 15, 20, 2], [8, 14, 10, 6], [1, 3, 7]]
[clean-BPC  3166.44s] node 177 d=13 lb=233.007621 open=91
[clean-BPC  3166.50s] node 177 cg=1 phase=phase1 obj=0.0 artificial=0.0 cols=4547
[clean-BPC  3166.55s] node 177 cg=2 phase=phase2 obj=233.007621 artificial=0.0 cols=4547
[clean-BPC  3168.92s] node 177 cg=2 phase=phase2 kind=heuristic best_rc=0.031705 found=0 added=0 exhausted=False cert=False
[clean-BPC  3177.53s] node 177 cg=2 phase=phase2 kind=heuristic_boost best_rc=0.0031765 found=0 added=0 exhausted=True cert=True
[clean-BPC  3177.91s] cut_added family=schedule_nogood_core node=177 added=1 source_vehicle=1 route_count=4 signatures=[[5, 9, 19, 11], [4, 15, 20, 2], [10, 14, 8, 6], [1, 3, 7]]
[clean-BPC  3177.91s] node 177 d=13 lb=233.007621 open=91
[clean-BPC  3177.96s] node 177 cg=1 phase=phase1 obj=0.0 artificial=0.0 cols=4547
[clean-BPC  3178.00s] node 177 cg=2 phase=phase2 obj=233.007621 artificial=0.0 cols=4547
[clean-BPC  3180.39s] node 177 cg=2 phase=phase2 kind=heuristic best_rc=0.031705 found=0 added=0 exhausted=False cert=False
[clean-BPC  3187.67s] node 177 cg=2 phase=phase2 kind=heuristic_boost best_rc=0.031705 found=0 added=0 exhausted=True cert=True
[clean-BPC  3188.05s] cut_added family=schedule_nogood_core node=177 added=1 source_vehicle=1 route_count=4 signatures=[[5, 9, 19, 11], [4, 15, 20, 2], [14, 10, 8, 6], [1, 3, 7]]
[clean-BPC  3188.05s] node 177 d=13 lb=233.007621 open=91
[clean-BPC  3188.09s] node 177 cg=1 phase=phase1 obj=0.0 artificial=0.0 cols=4547
[clean-BPC  3188.13s] node 177 cg=2 phase=phase2 obj=233.0083 artificial=0.0 cols=4547
[clean-BPC  3190.61s] node 177 cg=2 phase=phase2 kind=heuristic best_rc=0.031705 found=0 added=0 exhausted=False cert=False
[clean-BPC  3198.04s] node 177 cg=2 phase=phase2 kind=heuristic_boost best_rc=0.031705 found=0 added=0 exhausted=True cert=True
[clean-BPC  3198.89s] branch node 177: left=RF(1,5)=separate right=RF(1,5)=same
[clean-BPC  3198.89s] node 178 d=13 lb=233.0083 open=92
[clean-BPC  3198.93s] node 178 cg=1 phase=phase1 obj=0.0 artificial=0.0 cols=4547
[clean-BPC  3198.97s] node 178 cg=2 phase=phase2 obj=235.115974 artificial=0.0 cols=4547
[clean-BPC  3201.33s] node 178 cg=2 phase=phase2 kind=heuristic best_rc=0.009236 found=0 added=0 exhausted=False cert=False
[clean-BPC  3206.20s] node 178 cg=2 phase=phase2 kind=heuristic_boost best_rc=0.0 found=0 added=0 exhausted=True cert=True
[clean-BPC  3207.08s] branch node 178: left=RF(19,20)=separate right=RF(19,20)=same
[clean-BPC  3207.08s] node 183 d=14 lb=233.0083 open=93
[clean-BPC  3207.12s] node 183 cg=1 phase=phase1 obj=0.0 artificial=0.0 cols=4547
[clean-BPC  3207.16s] node 183 cg=2 phase=phase2 obj=233.031533 artificial=0.0 cols=4547
[clean-BPC  3209.63s] node 183 cg=2 phase=phase2 kind=heuristic best_rc=0.031705 found=0 added=0 exhausted=False cert=False
[clean-BPC  3216.95s] node 183 cg=2 phase=phase2 kind=heuristic_boost best_rc=0.0 found=0 added=0 exhausted=True cert=True
[clean-BPC  3217.78s] branch node 183: left=RF(5,19)=separate right=RF(5,19)=same
[clean-BPC  3217.78s] node 184 d=14 lb=233.0083 open=94
[clean-BPC  3217.82s] node 184 cg=1 phase=phase1 obj=0.0 artificial=0.0 cols=4547
[clean-BPC  3217.85s] node 184 cg=2 phase=phase2 obj=234.875759 artificial=0.0 cols=4547
[clean-BPC  3220.27s] node 184 cg=2 phase=phase2 kind=heuristic best_rc=-0.743977 found=27 added=27 exhausted=False cert=False
[clean-BPC  3220.31s] node 184 cg=3 phase=phase2 obj=234.627767 artificial=0.0 cols=4574
[clean-BPC  3222.70s] node 184 cg=3 phase=phase2 kind=heuristic best_rc=0.172087 found=0 added=0 exhausted=False cert=False
[clean-BPC  3228.95s] node 184 cg=3 phase=phase2 kind=heuristic_boost best_rc=0.031705 found=0 added=0 exhausted=True cert=True
[clean-BPC  3229.88s] branch node 184: left=RF(11,15)=separate right=RF(11,15)=same
[clean-BPC  3229.88s] node 167 d=13 lb=233.010658 open=95
[clean-BPC  3229.92s] node 167 cg=1 phase=phase1 obj=0.0 artificial=0.0 cols=4574
[clean-BPC  3229.97s] node 167 cg=2 phase=phase2 obj=233.007621 artificial=0.0 cols=4574
[clean-BPC  3232.23s] node 167 cg=2 phase=phase2 kind=heuristic best_rc=0.031705 found=0 added=0 exhausted=False cert=False
[clean-BPC  3237.24s] node 167 cg=2 phase=phase2 kind=heuristic_boost best_rc=0.031705 found=0 added=0 exhausted=True cert=True
[clean-BPC  3237.63s] cut_added family=schedule_nogood_core node=167 added=1 source_vehicle=1 route_count=4 signatures=[[5, 9, 19, 11], [2, 20, 15, 4], [6, 8, 10, 14], [1, 3, 7]]
[clean-BPC  3237.63s] node 167 d=13 lb=233.007621 open=95
[clean-BPC  3237.67s] node 167 cg=1 phase=phase1 obj=0.0 artificial=0.0 cols=4574
[clean-BPC  3237.71s] node 167 cg=2 phase=phase2 obj=233.007621 artificial=0.0 cols=4574
[clean-BPC  3240.01s] node 167 cg=2 phase=phase2 kind=heuristic best_rc=0.031705 found=0 added=0 exhausted=False cert=False
[clean-BPC  3245.04s] node 167 cg=2 phase=phase2 kind=heuristic_boost best_rc=0.031705 found=0 added=0 exhausted=True cert=True
[clean-BPC  3245.43s] cut_added family=schedule_nogood_core node=167 added=1 source_vehicle=1 route_count=4 signatures=[[5, 9, 19, 11], [2, 20, 15, 4], [6, 8, 14, 10], [1, 3, 7]]
[clean-BPC  3245.43s] node 167 d=13 lb=233.007621 open=95
[clean-BPC  3245.47s] node 167 cg=1 phase=phase1 obj=0.0 artificial=0.0 cols=4574
[clean-BPC  3245.51s] node 167 cg=2 phase=phase2 obj=233.007621 artificial=0.0 cols=4574
[clean-BPC  3247.82s] node 167 cg=2 phase=phase2 kind=heuristic best_rc=0.031705 found=0 added=0 exhausted=False cert=False
[clean-BPC  3252.78s] node 167 cg=2 phase=phase2 kind=heuristic_boost best_rc=0.031705 found=0 added=0 exhausted=True cert=True
[clean-BPC  3253.16s] cut_added family=schedule_nogood_core node=167 added=1 source_vehicle=1 route_count=4 signatures=[[5, 9, 19, 11], [2, 20, 15, 4], [6, 10, 14, 8], [1, 3, 7]]
[clean-BPC  3253.16s] node 167 d=13 lb=233.007621 open=95
[clean-BPC  3253.21s] node 167 cg=1 phase=phase1 obj=0.0 artificial=0.0 cols=4574
[clean-BPC  3253.25s] node 167 cg=2 phase=phase2 obj=233.007621 artificial=0.0 cols=4574
[clean-BPC  3255.51s] node 167 cg=2 phase=phase2 kind=heuristic best_rc=0.031705 found=0 added=0 exhausted=False cert=False
[clean-BPC  3260.48s] node 167 cg=2 phase=phase2 kind=heuristic_boost best_rc=0.031705 found=0 added=0 exhausted=True cert=True
[clean-BPC  3260.86s] cut_added family=schedule_nogood_core node=167 added=1 source_vehicle=1 route_count=4 signatures=[[5, 9, 19, 11], [2, 20, 15, 4], [6, 14, 10, 8], [1, 3, 7]]
[clean-BPC  3260.86s] node 167 d=13 lb=233.007621 open=95
[clean-BPC  3260.90s] node 167 cg=1 phase=phase1 obj=0.0 artificial=0.0 cols=4574
[clean-BPC  3260.95s] node 167 cg=2 phase=phase2 obj=233.007621 artificial=0.0 cols=4574
[clean-BPC  3263.20s] node 167 cg=2 phase=phase2 kind=heuristic best_rc=0.031705 found=0 added=0 exhausted=False cert=False
[clean-BPC  3268.08s] node 167 cg=2 phase=phase2 kind=heuristic_boost best_rc=-0.36592625 found=3 added=3 exhausted=True cert=True
[clean-BPC  3268.13s] node 167 cg=3 phase=phase2 obj=233.007621 artificial=0.0 cols=4577
[clean-BPC  3268.13s] cut_purged node=167 removed=3 by_kind={'schedule_nogood_core': 3} remaining=69
[clean-BPC  3268.17s] node 167 cg=4 phase=phase2 obj=233.007621 artificial=0.0 cols=4577
[clean-BPC  3270.45s] node 167 cg=4 phase=phase2 kind=heuristic best_rc=0.0 found=0 added=0 exhausted=False cert=False
[clean-BPC  3275.42s] node 167 cg=4 phase=phase2 kind=heuristic_boost best_rc=0.0 found=0 added=0 exhausted=True cert=True
[clean-BPC  3275.82s] cut_added family=schedule_nogood_core node=167 added=1 source_vehicle=1 route_count=4 signatures=[[5, 9, 19, 11], [2, 20, 15, 4], [8, 10, 14, 6], [1, 3, 7]]
[clean-BPC  3275.82s] node 167 d=13 lb=233.007621 open=95
[clean-BPC  3275.86s] node 167 cg=1 phase=phase1 obj=0.0 artificial=0.0 cols=4577
[clean-BPC  3275.91s] node 167 cg=2 phase=phase2 obj=233.007621 artificial=0.0 cols=4577
[clean-BPC  3278.17s] node 167 cg=2 phase=phase2 kind=heuristic best_rc=0.0 found=0 added=0 exhausted=False cert=False
[clean-BPC  3283.06s] node 167 cg=2 phase=phase2 kind=heuristic_boost best_rc=0.0 found=0 added=0 exhausted=True cert=True
[clean-BPC  3283.46s] cut_added family=schedule_nogood_core node=167 added=1 source_vehicle=1 route_count=4 signatures=[[5, 9, 19, 11], [2, 20, 15, 4], [8, 14, 10, 6], [1, 3, 7]]
[clean-BPC  3283.46s] node 167 d=13 lb=233.007621 open=95
[clean-BPC  3283.51s] node 167 cg=1 phase=phase1 obj=0.0 artificial=0.0 cols=4577
[clean-BPC  3283.55s] node 167 cg=2 phase=phase2 obj=233.007621 artificial=0.0 cols=4577
[clean-BPC  3283.55s] cut_purged node=167 removed=1 by_kind={'schedule_nogood_core': 1} remaining=70
[clean-BPC  3283.60s] node 167 cg=3 phase=phase2 obj=233.007621 artificial=0.0 cols=4577
[clean-BPC  3283.60s] cut_purged node=167 removed=1 by_kind={'schedule_nogood_core': 1} remaining=69
[clean-BPC  3283.64s] node 167 cg=4 phase=phase2 obj=233.007621 artificial=0.0 cols=4577
[clean-BPC  3283.64s] cut_purged node=167 removed=1 by_kind={'schedule_nogood_core': 1} remaining=68
[clean-BPC  3283.69s] node 167 cg=5 phase=phase2 obj=233.007621 artificial=0.0 cols=4577
[clean-BPC  3283.69s] cut_purged node=167 removed=1 by_kind={'schedule_nogood_core': 1} remaining=67
[clean-BPC  3283.73s] node 167 cg=6 phase=phase2 obj=233.007621 artificial=0.0 cols=4577
[clean-BPC  3286.00s] node 167 cg=6 phase=phase2 kind=heuristic best_rc=0.0 found=0 added=0 exhausted=False cert=False
[clean-BPC  3290.92s] node 167 cg=6 phase=phase2 kind=heuristic_boost best_rc=0.0 found=0 added=0 exhausted=True cert=True
[clean-BPC  3291.30s] cut_added family=schedule_nogood_core node=167 added=1 source_vehicle=1 route_count=4 signatures=[[5, 9, 19, 11], [2, 20, 15, 4], [10, 14, 8, 6], [1, 3, 7]]
[clean-BPC  3291.30s] node 167 d=13 lb=233.007621 open=95
[clean-BPC  3291.35s] node 167 cg=1 phase=phase1 obj=0.0 artificial=0.0 cols=4577
[clean-BPC  3291.39s] node 167 cg=2 phase=phase2 obj=233.007621 artificial=0.0 cols=4577
[clean-BPC  3293.70s] node 167 cg=2 phase=phase2 kind=heuristic best_rc=0.0 found=0 added=0 exhausted=False cert=False
[clean-BPC  3298.72s] node 167 cg=2 phase=phase2 kind=heuristic_boost best_rc=0.0 found=0 added=0 exhausted=True cert=True
[clean-BPC  3299.10s] cut_added family=schedule_nogood_core node=167 added=1 source_vehicle=1 route_count=4 signatures=[[5, 9, 19, 11], [2, 20, 15, 4], [14, 10, 8, 6], [1, 3, 7]]
[clean-BPC  3299.10s] node 167 d=13 lb=233.007621 open=95
[clean-BPC  3299.14s] node 167 cg=1 phase=phase1 obj=0.0 artificial=0.0 cols=4577
[clean-BPC  3299.20s] node 167 cg=2 phase=phase2 obj=233.015144 artificial=0.0 cols=4577
[clean-BPC  3299.20s] cut_purged node=167 removed=1 by_kind={'schedule_nogood_core': 1} remaining=68
[clean-BPC  3299.25s] node 167 cg=3 phase=phase2 obj=233.015144 artificial=0.0 cols=4577
[clean-BPC  3301.58s] node 167 cg=3 phase=phase2 kind=heuristic best_rc=0.0 found=0 added=0 exhausted=False cert=False
[clean-BPC  3306.57s] node 167 cg=3 phase=phase2 kind=heuristic_boost best_rc=0.0 found=0 added=0 exhausted=True cert=True
[clean-BPC  3307.40s] branch node 167: left=RF(9,12)=separate right=RF(9,12)=same
[clean-BPC  3307.40s] node 174 d=13 lb=233.010658 open=96
[clean-BPC  3307.44s] node 174 cg=1 phase=phase1 obj=0.0 artificial=0.0 cols=4577
[clean-BPC  3307.49s] node 174 cg=2 phase=phase2 obj=233.007621 artificial=0.0 cols=4577
[clean-BPC  3309.95s] node 174 cg=2 phase=phase2 kind=heuristic best_rc=0.031705 found=0 added=0 exhausted=False cert=False
[clean-BPC  3316.96s] node 174 cg=2 phase=phase2 kind=heuristic_boost best_rc=0.031705 found=0 added=0 exhausted=True cert=True
[clean-BPC  3317.34s] cut_added family=schedule_nogood_core node=174 added=1 source_vehicle=1 route_count=4 signatures=[[5, 9, 19, 11], [4, 15, 20, 2], [6, 8, 10, 14], [7, 3, 1]]
[clean-BPC  3317.34s] node 174 d=13 lb=233.007621 open=96
[clean-BPC  3317.38s] node 174 cg=1 phase=phase1 obj=0.0 artificial=0.0 cols=4577
[clean-BPC  3317.41s] node 174 cg=2 phase=phase2 obj=233.007621 artificial=0.0 cols=4577
[clean-BPC  3319.87s] node 174 cg=2 phase=phase2 kind=heuristic best_rc=0.031705 found=0 added=0 exhausted=False cert=False
[clean-BPC  3327.30s] node 174 cg=2 phase=phase2 kind=heuristic_boost best_rc=0.031705 found=0 added=0 exhausted=True cert=True
[clean-BPC  3327.69s] cut_added family=schedule_nogood_core node=174 added=1 source_vehicle=1 route_count=4 signatures=[[5, 9, 19, 11], [4, 15, 20, 2], [6, 8, 14, 10], [7, 3, 1]]
[clean-BPC  3327.69s] node 174 d=13 lb=233.007621 open=96
[clean-BPC  3327.73s] node 174 cg=1 phase=phase1 obj=0.0 artificial=0.0 cols=4577
[clean-BPC  3327.76s] node 174 cg=2 phase=phase2 obj=233.007621 artificial=0.0 cols=4577
[clean-BPC  3330.21s] node 174 cg=2 phase=phase2 kind=heuristic best_rc=0.031705 found=0 added=0 exhausted=False cert=False
[clean-BPC  3337.24s] node 174 cg=2 phase=phase2 kind=heuristic_boost best_rc=0.031705 found=0 added=0 exhausted=True cert=True
[clean-BPC  3337.64s] cut_added family=schedule_nogood_core node=174 added=1 source_vehicle=1 route_count=4 signatures=[[5, 9, 19, 11], [4, 15, 20, 2], [6, 10, 14, 8], [7, 3, 1]]
[clean-BPC  3337.64s] node 174 d=13 lb=233.007621 open=96
[clean-BPC  3337.69s] node 174 cg=1 phase=phase1 obj=0.0 artificial=0.0 cols=4577
[clean-BPC  3337.73s] node 174 cg=2 phase=phase2 obj=233.007621 artificial=0.0 cols=4577
[clean-BPC  3340.19s] node 174 cg=2 phase=phase2 kind=heuristic best_rc=0.031705 found=0 added=0 exhausted=False cert=False
[clean-BPC  3347.66s] node 174 cg=2 phase=phase2 kind=heuristic_boost best_rc=0.031705 found=0 added=0 exhausted=True cert=True
[clean-BPC  3348.04s] cut_added family=schedule_nogood_core node=174 added=1 source_vehicle=1 route_count=4 signatures=[[5, 9, 19, 11], [4, 15, 20, 2], [6, 14, 10, 8], [7, 3, 1]]
[clean-BPC  3348.04s] node 174 d=13 lb=233.007621 open=96
[clean-BPC  3348.08s] node 174 cg=1 phase=phase1 obj=0.0 artificial=0.0 cols=4577
[clean-BPC  3348.12s] node 174 cg=2 phase=phase2 obj=233.007621 artificial=0.0 cols=4577
[clean-BPC  3350.58s] node 174 cg=2 phase=phase2 kind=heuristic best_rc=0.031705 found=0 added=0 exhausted=False cert=False
[clean-BPC  3358.07s] node 174 cg=2 phase=phase2 kind=heuristic_boost best_rc=0.031705 found=0 added=0 exhausted=True cert=True
[clean-BPC  3358.45s] cut_added family=schedule_nogood_core node=174 added=1 source_vehicle=1 route_count=4 signatures=[[5, 9, 19, 11], [4, 15, 20, 2], [8, 10, 14, 6], [7, 3, 1]]
[clean-BPC  3358.45s] node 174 d=13 lb=233.007621 open=96
[clean-BPC  3358.49s] node 174 cg=1 phase=phase1 obj=0.0 artificial=0.0 cols=4577
[clean-BPC  3358.53s] node 174 cg=2 phase=phase2 obj=233.007621 artificial=0.0 cols=4577
[clean-BPC  3360.99s] node 174 cg=2 phase=phase2 kind=heuristic best_rc=0.031705 found=0 added=0 exhausted=False cert=False
[clean-BPC  3368.43s] node 174 cg=2 phase=phase2 kind=heuristic_boost best_rc=0.031705 found=0 added=0 exhausted=True cert=True
[clean-BPC  3368.81s] cut_added family=schedule_nogood_core node=174 added=1 source_vehicle=1 route_count=4 signatures=[[5, 9, 19, 11], [4, 15, 20, 2], [8, 14, 10, 6], [7, 3, 1]]
[clean-BPC  3368.81s] node 174 d=13 lb=233.007621 open=96
[clean-BPC  3368.87s] node 174 cg=1 phase=phase1 obj=0.0 artificial=0.0 cols=4577
[clean-BPC  3368.90s] node 174 cg=2 phase=phase2 obj=233.007621 artificial=0.0 cols=4577
[clean-BPC  3371.39s] node 174 cg=2 phase=phase2 kind=heuristic best_rc=0.031705 found=0 added=0 exhausted=False cert=False
[clean-BPC  3378.90s] node 174 cg=2 phase=phase2 kind=heuristic_boost best_rc=0.031705 found=0 added=0 exhausted=True cert=True
[clean-BPC  3379.28s] cut_added family=schedule_nogood_core node=174 added=1 source_vehicle=1 route_count=4 signatures=[[5, 9, 19, 11], [4, 15, 20, 2], [10, 14, 8, 6], [7, 3, 1]]
[clean-BPC  3379.28s] node 174 d=13 lb=233.007621 open=96
[clean-BPC  3379.32s] node 174 cg=1 phase=phase1 obj=0.0 artificial=0.0 cols=4577
[clean-BPC  3379.35s] node 174 cg=2 phase=phase2 obj=233.007621 artificial=0.0 cols=4577
[clean-BPC  3379.35s] cut_purged node=174 removed=8 by_kind={'schedule_nogood_core': 8} remaining=67
[clean-BPC  3379.39s] node 174 cg=3 phase=phase2 obj=233.007621 artificial=0.0 cols=4577
[clean-BPC  3381.88s] node 174 cg=3 phase=phase2 kind=heuristic best_rc=0.031705 found=0 added=0 exhausted=False cert=False
[clean-BPC  3389.42s] node 174 cg=3 phase=phase2 kind=heuristic_boost best_rc=0.031705 found=0 added=0 exhausted=True cert=True
[clean-BPC  3389.81s] cut_added family=schedule_nogood_core node=174 added=1 source_vehicle=1 route_count=4 signatures=[[5, 9, 19, 11], [4, 15, 20, 2], [14, 10, 8, 6], [7, 3, 1]]
[clean-BPC  3389.81s] node 174 d=13 lb=233.007621 open=96
[clean-BPC  3389.85s] node 174 cg=1 phase=phase1 obj=0.0 artificial=0.0 cols=4577
[clean-BPC  3389.89s] node 174 cg=2 phase=phase2 obj=233.053295 artificial=0.0 cols=4577
[clean-BPC  3392.43s] node 174 cg=2 phase=phase2 kind=heuristic best_rc=0.0 found=0 added=0 exhausted=False cert=False
[clean-BPC  3400.24s] node 174 cg=2 phase=phase2 kind=heuristic_boost best_rc=0.0 found=0 added=0 exhausted=True cert=True
[clean-BPC  3401.09s] branch node 174: left=RF(3,11)=separate right=RF(3,11)=same
[clean-BPC  3401.09s] node 168 d=13 lb=233.010658 open=97
[clean-BPC  3401.12s] node 168 cg=1 phase=phase1 obj=0.0 artificial=0.0 cols=4577
[clean-BPC  3401.16s] node 168 cg=2 phase=phase2 obj=234.213069 artificial=0.0 cols=4577
[clean-BPC  3403.46s] node 168 cg=2 phase=phase2 kind=heuristic best_rc=0.031705 found=0 added=0 exhausted=False cert=False
[clean-BPC  3408.63s] node 168 cg=2 phase=phase2 kind=heuristic_boost best_rc=0.031705 found=0 added=0 exhausted=True cert=True
[clean-BPC  3409.31s] branch node 168: left=RF(12,16)=separate right=RF(12,16)=same
[clean-BPC  3409.31s] node 173 d=13 lb=233.010658 open=98
[clean-BPC  3409.35s] node 173 cg=1 phase=phase1 obj=0.0 artificial=0.0 cols=4577
[clean-BPC  3409.39s] node 173 cg=2 phase=phase2 obj=233.849459 artificial=0.0 cols=4577
[clean-BPC  3411.73s] node 173 cg=2 phase=phase2 kind=heuristic best_rc=0.0 found=0 added=0 exhausted=False cert=False
[clean-BPC  3416.85s] node 173 cg=2 phase=phase2 kind=heuristic_boost best_rc=0.0 found=0 added=0 exhausted=True cert=True
[clean-BPC  3417.70s] branch node 173: left=RF(1,5)=separate right=RF(1,5)=same
[clean-BPC  3417.70s] node 171 d=13 lb=233.013389 open=99
[clean-BPC  3417.74s] node 171 cg=1 phase=phase1 obj=0.0 artificial=0.0 cols=4577
[clean-BPC  3417.79s] node 171 cg=2 phase=phase2 obj=233.007621 artificial=0.0 cols=4577
[clean-BPC  3420.01s] node 171 cg=2 phase=phase2 kind=heuristic best_rc=0.031705 found=0 added=0 exhausted=False cert=False
[clean-BPC  3424.10s] node 171 cg=2 phase=phase2 kind=heuristic_boost best_rc=-0.297428667 found=2 added=2 exhausted=True cert=True
[clean-BPC  3424.14s] node 171 cg=3 phase=phase2 obj=233.007621 artificial=0.0 cols=4579
[clean-BPC  3426.26s] node 171 cg=3 phase=phase2 kind=heuristic best_rc=0.031705 found=0 added=0 exhausted=False cert=False
[clean-BPC  3430.01s] node 171 cg=3 phase=phase2 kind=heuristic_boost best_rc=0.031705 found=0 added=0 exhausted=True cert=True
[clean-BPC  3430.31s] cut_added family=schedule_nogood_core node=171 added=1 source_vehicle=1 route_count=3 signatures=[[11, 19, 9, 5], [2, 20, 15, 4], [7, 3, 1]]
[clean-BPC  3430.31s] node 171 d=13 lb=233.007621 open=99
[clean-BPC  3430.35s] node 171 cg=1 phase=phase1 obj=0.0 artificial=0.0 cols=4579
[clean-BPC  3430.39s] node 171 cg=2 phase=phase2 obj=233.079507 artificial=0.0 cols=4579
[clean-BPC  3432.68s] node 171 cg=2 phase=phase2 kind=heuristic best_rc=-0.071886 found=1 added=1 exhausted=False cert=False
[clean-BPC  3432.73s] node 171 cg=3 phase=phase2 obj=233.079507 artificial=0.0 cols=4580
[clean-BPC  3434.98s] node 171 cg=3 phase=phase2 kind=heuristic best_rc=0.078198 found=0 added=0 exhausted=False cert=False
[clean-BPC  3439.49s] node 171 cg=3 phase=phase2 kind=heuristic_boost best_rc=0.078198 found=0 added=0 exhausted=True cert=True
[clean-BPC  3439.86s] cut_added family=schedule_nogood_core node=171 added=2 source_vehicle=1 route_count=3 signatures=[[11, 19, 9, 5], [2, 20, 15, 4], [6, 7, 3, 1]]
[clean-BPC  3439.86s] node 172 d=13 lb=233.013389 open=99
[clean-BPC  3439.90s] node 172 cg=1 phase=phase1 obj=0.0 artificial=0.0 cols=4580
[clean-BPC  3439.93s] node 172 cg=2 phase=phase2 obj=234.003876 artificial=0.0 cols=4580
[clean-BPC  3442.32s] node 172 cg=2 phase=phase2 kind=heuristic best_rc=-1.695798 found=13 added=13 exhausted=False cert=False
[clean-BPC  3442.37s] node 172 cg=3 phase=phase2 obj=233.670166 artificial=0.0 cols=4593
[clean-BPC  3442.37s] cut_purged node=172 removed=8 by_kind={'schedule_nogood_core': 8} remaining=63
[clean-BPC  3442.41s] node 172 cg=4 phase=phase2 obj=233.670166 artificial=0.0 cols=4593
[clean-BPC  3444.75s] node 172 cg=4 phase=phase2 kind=heuristic best_rc=0.031705 found=0 added=0 exhausted=False cert=False
[clean-BPC  3453.06s] node 172 cg=4 phase=phase2 kind=heuristic_boost best_rc=0.0 found=0 added=0 exhausted=True cert=True
[clean-BPC  3453.77s] branch node 172: left=RF(2,5)=separate right=RF(2,5)=same
[clean-BPC  3453.77s] node 161 d=13 lb=233.013389 open=100
[clean-BPC  3453.81s] node 161 cg=1 phase=phase1 obj=0.0 artificial=0.0 cols=4593
[clean-BPC  3453.85s] node 161 cg=2 phase=phase2 obj=233.700405 artificial=0.0 cols=4593
[clean-BPC  3456.15s] node 161 cg=2 phase=phase2 kind=heuristic best_rc=0.0 found=0 added=0 exhausted=False cert=False
[clean-BPC  3461.10s] node 161 cg=2 phase=phase2 kind=heuristic_boost best_rc=-0.413158 found=2 added=2 exhausted=True cert=True
[clean-BPC  3461.15s] node 161 cg=3 phase=phase2 obj=233.700405 artificial=0.0 cols=4595
[clean-BPC  3463.46s] node 161 cg=3 phase=phase2 kind=heuristic best_rc=0.0 found=0 added=0 exhausted=False cert=False
[clean-BPC  3468.42s] node 161 cg=3 phase=phase2 kind=heuristic_boost best_rc=0.0 found=0 added=0 exhausted=True cert=True
[clean-BPC  3469.28s] branch node 161: left=RF(2,5)=separate right=RF(2,5)=same
[clean-BPC  3469.28s] node 162 d=13 lb=233.013389 open=101
[clean-BPC  3469.31s] node 162 cg=1 phase=phase1 obj=0.0 artificial=0.0 cols=4595
[clean-BPC  3469.35s] node 162 cg=2 phase=phase2 obj=233.007621 artificial=0.0 cols=4595
[clean-BPC  3471.88s] node 162 cg=2 phase=phase2 kind=heuristic best_rc=0.031705 found=0 added=0 exhausted=False cert=False
[clean-BPC  3479.34s] node 162 cg=2 phase=phase2 kind=heuristic_boost best_rc=0.031705 found=0 added=0 exhausted=True cert=True
[clean-BPC  3479.64s] cut_added family=schedule_nogood_core node=162 added=1 source_vehicle=1 route_count=3 signatures=[[11, 19, 9, 5], [4, 15, 20, 2], [1, 3, 7]]
[clean-BPC  3479.64s] node 162 d=13 lb=233.007621 open=101
[clean-BPC  3479.68s] node 162 cg=1 phase=phase1 obj=0.0 artificial=0.0 cols=4595
[clean-BPC  3479.72s] node 162 cg=2 phase=phase2 obj=233.358099 artificial=0.0 cols=4595
[clean-BPC  3482.20s] node 162 cg=2 phase=phase2 kind=heuristic best_rc=0.031705 found=0 added=0 exhausted=False cert=False
[clean-BPC  3489.76s] node 162 cg=2 phase=phase2 kind=heuristic_boost best_rc=0.031705 found=0 added=0 exhausted=True cert=True
[clean-BPC  3490.50s] branch node 162: left=RF(3,11)=separate right=RF(3,11)=same
[clean-BPC  3490.50s] node 191 d=14 lb=233.015144 open=102
[clean-BPC  3490.55s] node 191 cg=1 phase=phase1 obj=0.0 artificial=0.0 cols=4595
[clean-BPC  3490.58s] node 191 cg=2 phase=phase2 obj=233.007621 artificial=0.0 cols=4595
[clean-BPC  3490.58s] cut_purged node=191 removed=2 by_kind={'schedule_nogood_core': 2} remaining=62
[clean-BPC  3490.62s] node 191 cg=3 phase=phase2 obj=233.007621 artificial=0.0 cols=4595
[clean-BPC  3492.97s] node 191 cg=3 phase=phase2 kind=heuristic best_rc=0.031705 found=0 added=0 exhausted=False cert=False
[clean-BPC  3499.14s] node 191 cg=3 phase=phase2 kind=heuristic_boost best_rc=-0.9295335 found=1 added=1 exhausted=True cert=True
[clean-BPC  3499.19s] node 191 cg=4 phase=phase2 obj=233.007621 artificial=0.0 cols=4596
[clean-BPC  3501.51s] node 191 cg=4 phase=phase2 kind=heuristic best_rc=0.0 found=0 added=0 exhausted=False cert=False
[clean-BPC  3506.64s] node 191 cg=4 phase=phase2 kind=heuristic_boost best_rc=0.0 found=0 added=0 exhausted=True cert=True
[clean-BPC  3507.03s] cut_added family=schedule_nogood_core node=191 added=1 source_vehicle=1 route_count=4 signatures=[[5, 9, 19, 11], [2, 20, 15, 4], [6, 8, 10, 14], [1, 3, 7]]
[clean-BPC  3507.03s] node 191 d=14 lb=233.007621 open=102
[clean-BPC  3507.07s] node 191 cg=1 phase=phase1 obj=0.0 artificial=0.0 cols=4596
[clean-BPC  3507.11s] node 191 cg=2 phase=phase2 obj=233.007621 artificial=0.0 cols=4596
[clean-BPC  3509.42s] node 191 cg=2 phase=phase2 kind=heuristic best_rc=0.031705 found=0 added=0 exhausted=False cert=False
[clean-BPC  3515.65s] node 191 cg=2 phase=phase2 kind=heuristic_boost best_rc=-0.0 found=0 added=0 exhausted=True cert=True
[clean-BPC  3516.05s] cut_added family=schedule_nogood_core node=191 added=1 source_vehicle=1 route_count=4 signatures=[[5, 9, 19, 11], [2, 20, 15, 4], [6, 14, 10, 8], [1, 3, 7]]
[clean-BPC  3516.05s] node 191 d=14 lb=233.007621 open=102
[clean-BPC  3516.08s] node 191 cg=1 phase=phase1 obj=0.0 artificial=0.0 cols=4596
[clean-BPC  3516.12s] node 191 cg=2 phase=phase2 obj=233.007621 artificial=0.0 cols=4596
[clean-BPC  3518.44s] node 191 cg=2 phase=phase2 kind=heuristic best_rc=0.031705 found=0 added=0 exhausted=False cert=False
[clean-BPC  3524.57s] node 191 cg=2 phase=phase2 kind=heuristic_boost best_rc=-1.209577 found=22 added=22 exhausted=True cert=True
[clean-BPC  3524.60s] node 191 cg=3 phase=phase2 obj=233.007621 artificial=0.0 cols=4618
[clean-BPC  3526.92s] node 191 cg=3 phase=phase2 kind=heuristic best_rc=0.0 found=0 added=0 exhausted=False cert=False
[clean-BPC  3532.07s] node 191 cg=3 phase=phase2 kind=heuristic_boost best_rc=-0.152182 found=2 added=2 exhausted=True cert=True
[clean-BPC  3532.11s] node 191 cg=4 phase=phase2 obj=233.007621 artificial=0.0 cols=4620
[clean-BPC  3534.48s] node 191 cg=4 phase=phase2 kind=heuristic best_rc=0.0 found=0 added=0 exhausted=False cert=False
[clean-BPC  3539.61s] node 191 cg=4 phase=phase2 kind=heuristic_boost best_rc=-0.475047 found=6 added=6 exhausted=True cert=True
[clean-BPC  3539.65s] node 191 cg=5 phase=phase2 obj=233.007621 artificial=0.0 cols=4626
[clean-BPC  3539.65s] cut_purged node=191 removed=1 by_kind={'schedule_nogood_core': 1} remaining=63
[clean-BPC  3539.69s] node 191 cg=6 phase=phase2 obj=233.007621 artificial=0.0 cols=4626
[clean-BPC  3542.04s] node 191 cg=6 phase=phase2 kind=heuristic best_rc=0.0 found=0 added=0 exhausted=False cert=False
[clean-BPC  3547.21s] node 191 cg=6 phase=phase2 kind=heuristic_boost best_rc=-0.034474 found=2 added=2 exhausted=True cert=True
[clean-BPC  3547.25s] node 191 cg=7 phase=phase2 obj=233.007621 artificial=0.0 cols=4628
[clean-BPC  3549.61s] node 191 cg=7 phase=phase2 kind=heuristic best_rc=0.0 found=0 added=0 exhausted=False cert=False
[clean-BPC  3554.75s] node 191 cg=7 phase=phase2 kind=heuristic_boost best_rc=0.0 found=0 added=0 exhausted=True cert=True
[clean-BPC  3555.14s] cut_added family=schedule_nogood_core node=191 added=1 source_vehicle=1 route_count=4 signatures=[[5, 9, 19, 11], [2, 20, 15, 4], [6, 8, 14, 10], [1, 3, 7]]
[clean-BPC  3555.14s] node 191 d=14 lb=233.007621 open=102
[clean-BPC  3555.18s] node 191 cg=1 phase=phase1 obj=0.0 artificial=0.0 cols=4628
[clean-BPC  3555.22s] node 191 cg=2 phase=phase2 obj=233.007621 artificial=0.0 cols=4628
[clean-BPC  3557.58s] node 191 cg=2 phase=phase2 kind=heuristic best_rc=0.0 found=0 added=0 exhausted=False cert=False
[clean-BPC  3562.72s] node 191 cg=2 phase=phase2 kind=heuristic_boost best_rc=0.0 found=0 added=0 exhausted=True cert=True
[clean-BPC  3563.12s] cut_added family=schedule_nogood_core node=191 added=1 source_vehicle=1 route_count=4 signatures=[[5, 9, 19, 11], [2, 20, 15, 4], [6, 10, 14, 8], [1, 3, 7]]
[clean-BPC  3563.12s] node 191 d=14 lb=233.007621 open=102
[clean-BPC  3563.16s] node 191 cg=1 phase=phase1 obj=0.0 artificial=0.0 cols=4628
[clean-BPC  3563.20s] node 191 cg=2 phase=phase2 obj=233.007621 artificial=0.0 cols=4628
[clean-BPC  3565.56s] node 191 cg=2 phase=phase2 kind=heuristic best_rc=0.0 found=0 added=0 exhausted=False cert=False
[clean-BPC  3570.68s] node 191 cg=2 phase=phase2 kind=heuristic_boost best_rc=0.0 found=0 added=0 exhausted=True cert=True
[clean-BPC  3571.07s] cut_added family=schedule_nogood_core node=191 added=1 source_vehicle=1 route_count=4 signatures=[[5, 9, 19, 11], [2, 20, 15, 4], [8, 10, 14, 6], [1, 3, 7]]
[clean-BPC  3571.07s] node 191 d=14 lb=233.007621 open=102
[clean-BPC  3571.11s] node 191 cg=1 phase=phase1 obj=0.0 artificial=0.0 cols=4628
[clean-BPC  3571.15s] node 191 cg=2 phase=phase2 obj=233.007621 artificial=0.0 cols=4628
[clean-BPC  3573.55s] node 191 cg=2 phase=phase2 kind=heuristic best_rc=0.0 found=0 added=0 exhausted=False cert=False
[clean-BPC  3578.79s] node 191 cg=2 phase=phase2 kind=heuristic_boost best_rc=0.0 found=0 added=0 exhausted=True cert=True
[clean-BPC  3579.19s] cut_added family=schedule_nogood_core node=191 added=1 source_vehicle=1 route_count=4 signatures=[[5, 9, 19, 11], [2, 20, 15, 4], [8, 14, 10, 6], [1, 3, 7]]
[clean-BPC  3579.19s] node 191 d=14 lb=233.007621 open=102
[clean-BPC  3579.23s] node 191 cg=1 phase=phase1 obj=0.0 artificial=0.0 cols=4628
[clean-BPC  3579.26s] node 191 cg=2 phase=phase2 obj=233.007621 artificial=0.0 cols=4628
[clean-BPC  3581.57s] node 191 cg=2 phase=phase2 kind=heuristic best_rc=0.0 found=0 added=0 exhausted=False cert=False
[clean-BPC  3586.68s] node 191 cg=2 phase=phase2 kind=heuristic_boost best_rc=0.0 found=0 added=0 exhausted=True cert=True
[clean-BPC  3587.06s] cut_added family=schedule_nogood_core node=191 added=1 source_vehicle=1 route_count=4 signatures=[[5, 9, 19, 11], [2, 20, 15, 4], [10, 14, 8, 6], [1, 3, 7]]
[clean-BPC  3587.06s] node 191 d=14 lb=233.007621 open=102
[clean-BPC  3587.10s] node 191 cg=1 phase=phase1 obj=0.0 artificial=0.0 cols=4628
[clean-BPC  3587.14s] node 191 cg=2 phase=phase2 obj=233.007621 artificial=0.0 cols=4628
[clean-BPC  3589.51s] node 191 cg=2 phase=phase2 kind=heuristic best_rc=0.0 found=0 added=0 exhausted=False cert=False
[clean-BPC  3594.63s] node 191 cg=2 phase=phase2 kind=heuristic_boost best_rc=0.0 found=0 added=0 exhausted=True cert=True
[clean-BPC  3595.01s] cut_added family=schedule_nogood_core node=191 added=1 source_vehicle=1 route_count=4 signatures=[[5, 9, 19, 11], [2, 20, 15, 4], [14, 10, 8, 6], [1, 3, 7]]
[clean-BPC  3595.01s] node 191 d=14 lb=233.007621 open=102
[clean-BPC  3595.05s] node 191 cg=1 phase=phase1 obj=0.0 artificial=0.0 cols=4628
[clean-BPC  3595.10s] node 191 cg=2 phase=phase2 obj=233.015608 artificial=0.0 cols=4628
[clean-BPC  3597.48s] node 191 cg=2 phase=phase2 kind=heuristic best_rc=0.0 found=0 added=0 exhausted=False cert=False
[clean-BPC  3602.69s] node 191 cg=2 phase=phase2 kind=heuristic_boost best_rc=0.0 found=0 added=0 exhausted=True cert=True
[clean-BPC  3602.69s] fathom node 191: reason=time_limit_after_node_certificate bound=233.015608
[clean-BPC  3602.69s] finish status=TIME_LIMIT primal=333.007621 dual=None gap=None cuts=69 diag_dual=233.015144 diag_gap=0.300271 crossing=8 crossing_upgraded=0 pair=16 clique=0 route_pack=3 nogood=124 sched_cap=0
bench_20_03: status=TIME_LIMIT, primal=333.007621, dual=None, gap=None, diag_dual=233.015144, diag_gap=0.300271, time=3602.688792s, nodes=192, rmp=555, pricing=588, routes=4628, cuts=69, crossing=8, crossing_upgraded=0, rci=8, kpath=0, pair=16, clique=0, route_pack=3, nogood=124, sched_cap=0, rim_calls=13, rim_feasible=1, rim_rejected=187, rim_pair=15, rim_ng=352, rim_sched_cap=0, cuts_purged=82, branch_test_time=168.151859s
clean BPC CSV 已写入：/home/kai/work/gnn_bb/branchpricecut/results/benchmark/20260520_185701_bpc_clean_purge_diag_20_02_03/summary.csv
