slot_id,scale,instance_key,repetition,order,order_index,mode,status,returncode,cold_start_total_sec,exact,redlines_zero,engine_hash_valid,engine_build_hash,objective,certificate_scope,live_sri_policy_name,live_cut_policy_hash,max_active_cut_count,launcher_termination_reason,peak_process_tree_rss_gb,minimum_available_memory_gb,run_dir
s005:instance_001:r01:o1:no_cut,5,instance_001,1,no_cut/live,1,no_cut,EXACT_CLOSED,0,0.39785,True,True,True,dfaedf6d273c5c56,2.191915,BPC_TREE_OPTIMAL,no_cut,37c44c29594e0b8b0ba429e5dd3cf7422c07ae17222bb31e16e31e57030d5e63,0,,0.004765,12.447479,/home/kai/work/GAT_BPC_moonTerk/runs/native_live_sri_v1_p0_frozen_paired_promotion_clean_v2_20260722/raw/scale_005/instance_001_logical_graph/repeat_01/1_no_cut/attempt_01
s005:instance_001:r01:o2:live,5,instance_001,1,no_cut/live,2,live,EXACT_CLOSED,0,0.366936,True,True,True,dfaedf6d273c5c56,2.191915,BPC_TREE_OPTIMAL,P0,9f0e7c4f7e2cab50267e197d55a17950aeee35aad388e47448f24873a7e92ba1,0,,0.004311,12.444916,/home/kai/work/GAT_BPC_moonTerk/runs/native_live_sri_v1_p0_frozen_paired_promotion_clean_v2_20260722/raw/scale_005/instance_001_logical_graph/repeat_01/2_live/attempt_01
s005:instance_001:r02:o1:live,5,instance_001,2,live/no_cut,1,live,EXACT_CLOSED,0,0.399653,True,True,True,dfaedf6d273c5c56,2.191915,BPC_TREE_OPTIMAL,P0,9f0e7c4f7e2cab50267e197d55a17950aeee35aad388e47448f24873a7e92ba1,0,,0.00452,12.445633,/home/kai/work/GAT_BPC_moonTerk/runs/native_live_sri_v1_p0_frozen_paired_promotion_clean_v2_20260722/raw/scale_005/instance_001_logical_graph/repeat_02/1_live/attempt_01
s005:instance_001:r02:o2:no_cut,5,instance_001,2,live/no_cut,2,no_cut,EXACT_CLOSED,0,0.372197,True,True,True,dfaedf6d273c5c56,2.191915,BPC_TREE_OPTIMAL,no_cut,37c44c29594e0b8b0ba429e5dd3cf7422c07ae17222bb31e16e31e57030d5e63,0,,0.006245,12.441372,/home/kai/work/GAT_BPC_moonTerk/runs/native_live_sri_v1_p0_frozen_paired_promotion_clean_v2_20260722/raw/scale_005/instance_001_logical_graph/repeat_02/2_no_cut/attempt_01
s005:instance_001:r03:o1:no_cut,5,instance_001,3,no_cut/live,1,no_cut,EXACT_CLOSED,0,0.412951,True,True,True,dfaedf6d273c5c56,2.191915,BPC_TREE_OPTIMAL,no_cut,37c44c29594e0b8b0ba429e5dd3cf7422c07ae17222bb31e16e31e57030d5e63,0,,0.004768,12.441536,/home/kai/work/GAT_BPC_moonTerk/runs/native_live_sri_v1_p0_frozen_paired_promotion_clean_v2_20260722/raw/scale_005/instance_001_logical_graph/repeat_03/1_no_cut/attempt_01
s005:instance_001:r03:o2:live,5,instance_001,3,no_cut/live,2,live,EXACT_CLOSED,0,0.401558,True,True,True,dfaedf6d273c5c56,2.191915,BPC_TREE_OPTIMAL,P0,9f0e7c4f7e2cab50267e197d55a17950aeee35aad388e47448f24873a7e92ba1,0,,0.004478,12.439003,/home/kai/work/GAT_BPC_moonTerk/runs/native_live_sri_v1_p0_frozen_paired_promotion_clean_v2_20260722/raw/scale_005/instance_001_logical_graph/repeat_03/2_live/attempt_01
s005:instance_001:r04:o1:live,5,instance_001,4,live/no_cut,1,live,EXACT_CLOSED,0,0.398758,True,True,True,dfaedf6d273c5c56,2.191915,BPC_TREE_OPTIMAL,P0,9f0e7c4f7e2cab50267e197d55a17950aeee35aad388e47448f24873a7e92ba1,0,,0.004337,12.435024,/home/kai/work/GAT_BPC_moonTerk/runs/native_live_sri_v1_p0_frozen_paired_promotion_clean_v2_20260722/raw/scale_005/instance_001_logical_graph/repeat_04/1_live/attempt_01
s005:instance_001:r04:o2:no_cut,5,instance_001,4,live/no_cut,2,no_cut,EXACT_CLOSED,0,0.379097,True,True,True,dfaedf6d273c5c56,2.191915,BPC_TREE_OPTIMAL,no_cut,37c44c29594e0b8b0ba429e5dd3cf7422c07ae17222bb31e16e31e57030d5e63,0,,0.006081,12.434361,/home/kai/work/GAT_BPC_moonTerk/runs/native_live_sri_v1_p0_frozen_paired_promotion_clean_v2_20260722/raw/scale_005/instance_001_logical_graph/repeat_04/2_no_cut/attempt_01
s005:instance_001:r05:o1:no_cut,5,instance_001,5,no_cut/live,1,no_cut,EXACT_CLOSED,0,0.371713,True,True,True,dfaedf6d273c5c56,2.191915,BPC_TREE_OPTIMAL,no_cut,37c44c29594e0b8b0ba429e5dd3cf7422c07ae17222bb31e16e31e57030d5e63,0,,0.004475,12.436302,/home/kai/work/GAT_BPC_moonTerk/runs/native_live_sri_v1_p0_frozen_paired_promotion_clean_v2_20260722/raw/scale_005/instance_001_logical_graph/repeat_05/1_no_cut/attempt_01
s005:instance_001:r05:o2:live,5,instance_001,5,no_cut/live,2,live,EXACT_CLOSED,0,0.385886,True,True,True,dfaedf6d273c5c56,2.191915,BPC_TREE_OPTIMAL,P0,9f0e7c4f7e2cab50267e197d55a17950aeee35aad388e47448f24873a7e92ba1,0,,0.004551,12.430077,/home/kai/work/GAT_BPC_moonTerk/runs/native_live_sri_v1_p0_frozen_paired_promotion_clean_v2_20260722/raw/scale_005/instance_001_logical_graph/repeat_05/2_live/attempt_01
s005:instance_001:r06:o1:live,5,instance_001,6,live/no_cut,1,live,EXACT_CLOSED,0,0.381567,True,True,True,dfaedf6d273c5c56,2.191915,BPC_TREE_OPTIMAL,P0,9f0e7c4f7e2cab50267e197d55a17950aeee35aad388e47448f24873a7e92ba1,0,,0.004707,12.425198,/home/kai/work/GAT_BPC_moonTerk/runs/native_live_sri_v1_p0_frozen_paired_promotion_clean_v2_20260722/raw/scale_005/instance_001_logical_graph/repeat_06/1_live/attempt_01
s005:instance_001:r06:o2:no_cut,5,instance_001,6,live/no_cut,2,no_cut,EXACT_CLOSED,0,0.380541,True,True,True,dfaedf6d273c5c56,2.191915,BPC_TREE_OPTIMAL,no_cut,37c44c29594e0b8b0ba429e5dd3cf7422c07ae17222bb31e16e31e57030d5e63,0,,0.004601,12.424767,/home/kai/work/GAT_BPC_moonTerk/runs/native_live_sri_v1_p0_frozen_paired_promotion_clean_v2_20260722/raw/scale_005/instance_001_logical_graph/repeat_06/2_no_cut/attempt_01
s005:instance_001:r07:o1:no_cut,5,instance_001,7,no_cut/live,1,no_cut,EXACT_CLOSED,0,0.401538,True,True,True,dfaedf6d273c5c56,2.191915,BPC_TREE_OPTIMAL,no_cut,37c44c29594e0b8b0ba429e5dd3cf7422c07ae17222bb31e16e31e57030d5e63,0,,0.004601,12.411377,/home/kai/work/GAT_BPC_moonTerk/runs/native_live_sri_v1_p0_frozen_paired_promotion_clean_v2_20260722/raw/scale_005/instance_001_logical_graph/repeat_07/1_no_cut/attempt_01
s005:instance_001:r07:o2:live,5,instance_001,7,no_cut/live,2,live,EXACT_CLOSED,0,0.38595,True,True,True,dfaedf6d273c5c56,2.191915,BPC_TREE_OPTIMAL,P0,9f0e7c4f7e2cab50267e197d55a17950aeee35aad388e47448f24873a7e92ba1,0,,0.004375,12.413643,/home/kai/work/GAT_BPC_moonTerk/runs/native_live_sri_v1_p0_frozen_paired_promotion_clean_v2_20260722/raw/scale_005/instance_001_logical_graph/repeat_07/2_live/attempt_01
s005:instance_001:r08:o1:live,5,instance_001,8,live/no_cut,1,live,EXACT_CLOSED,0,0.401889,True,True,True,dfaedf6d273c5c56,2.191915,BPC_TREE_OPTIMAL,P0,9f0e7c4f7e2cab50267e197d55a17950aeee35aad388e47448f24873a7e92ba1,0,,0.004761,12.407516,/home/kai/work/GAT_BPC_moonTerk/runs/native_live_sri_v1_p0_frozen_paired_promotion_clean_v2_20260722/raw/scale_005/instance_001_logical_graph/repeat_08/1_live/attempt_01
s005:instance_001:r08:o2:no_cut,5,instance_001,8,live/no_cut,2,no_cut,EXACT_CLOSED,0,0.383238,True,True,True,dfaedf6d273c5c56,2.191915,BPC_TREE_OPTIMAL,no_cut,37c44c29594e0b8b0ba429e5dd3cf7422c07ae17222bb31e16e31e57030d5e63,0,,0.004417,12.400822,/home/kai/work/GAT_BPC_moonTerk/runs/native_live_sri_v1_p0_frozen_paired_promotion_clean_v2_20260722/raw/scale_005/instance_001_logical_graph/repeat_08/2_no_cut/attempt_01
s005:instance_001:r09:o1:no_cut,5,instance_001,9,no_cut/live,1,no_cut,EXACT_CLOSED,0,0.381824,True,True,True,dfaedf6d273c5c56,2.191915,BPC_TREE_OPTIMAL,no_cut,37c44c29594e0b8b0ba429e5dd3cf7422c07ae17222bb31e16e31e57030d5e63,0,,0.004906,12.403172,/home/kai/work/GAT_BPC_moonTerk/runs/native_live_sri_v1_p0_frozen_paired_promotion_clean_v2_20260722/raw/scale_005/instance_001_logical_graph/repeat_09/1_no_cut/attempt_01
s005:instance_001:r09:o2:live,5,instance_001,9,no_cut/live,2,live,EXACT_CLOSED,0,0.400628,True,True,True,dfaedf6d273c5c56,2.191915,BPC_TREE_OPTIMAL,P0,9f0e7c4f7e2cab50267e197d55a17950aeee35aad388e47448f24873a7e92ba1,0,,0.004627,12.401482,/home/kai/work/GAT_BPC_moonTerk/runs/native_live_sri_v1_p0_frozen_paired_promotion_clean_v2_20260722/raw/scale_005/instance_001_logical_graph/repeat_09/2_live/attempt_01
s005:instance_001:r10:o1:live,5,instance_001,10,live/no_cut,1,live,EXACT_CLOSED,0,0.376102,True,True,True,dfaedf6d273c5c56,2.191915,BPC_TREE_OPTIMAL,P0,9f0e7c4f7e2cab50267e197d55a17950aeee35aad388e47448f24873a7e92ba1,0,,0.004845,12.401924,/home/kai/work/GAT_BPC_moonTerk/runs/native_live_sri_v1_p0_frozen_paired_promotion_clean_v2_20260722/raw/scale_005/instance_001_logical_graph/repeat_10/1_live/attempt_01
s005:instance_001:r10:o2:no_cut,5,instance_001,10,live/no_cut,2,no_cut,EXACT_CLOSED,0,0.388897,True,True,True,dfaedf6d273c5c56,2.191915,BPC_TREE_OPTIMAL,no_cut,37c44c29594e0b8b0ba429e5dd3cf7422c07ae17222bb31e16e31e57030d5e63,0,,0.005329,12.399323,/home/kai/work/GAT_BPC_moonTerk/runs/native_live_sri_v1_p0_frozen_paired_promotion_clean_v2_20260722/raw/scale_005/instance_001_logical_graph/repeat_10/2_no_cut/attempt_01
s005:instance_002:r01:o1:live,5,instance_002,1,live/no_cut,1,live,EXACT_CLOSED,0,0.403602,True,True,True,dfaedf6d273c5c56,2.363709,BPC_TREE_OPTIMAL,P0,9f0e7c4f7e2cab50267e197d55a17950aeee35aad388e47448f24873a7e92ba1,0,,0.004623,12.393478,/home/kai/work/GAT_BPC_moonTerk/runs/native_live_sri_v1_p0_frozen_paired_promotion_clean_v2_20260722/raw/scale_005/instance_002_logical_graph/repeat_01/1_live/attempt_01
s005:instance_002:r01:o2:no_cut,5,instance_002,1,live/no_cut,2,no_cut,EXACT_CLOSED,0,0.393224,True,True,True,dfaedf6d273c5c56,2.363709,BPC_TREE_OPTIMAL,no_cut,37c44c29594e0b8b0ba429e5dd3cf7422c07ae17222bb31e16e31e57030d5e63,0,,0.004612,12.394821,/home/kai/work/GAT_BPC_moonTerk/runs/native_live_sri_v1_p0_frozen_paired_promotion_clean_v2_20260722/raw/scale_005/instance_002_logical_graph/repeat_01/2_no_cut/attempt_01
s005:instance_002:r02:o1:no_cut,5,instance_002,2,no_cut/live,1,no_cut,EXACT_CLOSED,0,0.380453,True,True,True,dfaedf6d273c5c56,2.363709,BPC_TREE_OPTIMAL,no_cut,37c44c29594e0b8b0ba429e5dd3cf7422c07ae17222bb31e16e31e57030d5e63,0,,0.006454,12.390087,/home/kai/work/GAT_BPC_moonTerk/runs/native_live_sri_v1_p0_frozen_paired_promotion_clean_v2_20260722/raw/scale_005/instance_002_logical_graph/repeat_02/1_no_cut/attempt_01
s005:instance_002:r02:o2:live,5,instance_002,2,no_cut/live,2,live,EXACT_CLOSED,0,0.38956,True,True,True,dfaedf6d273c5c56,2.363709,BPC_TREE_OPTIMAL,P0,9f0e7c4f7e2cab50267e197d55a17950aeee35aad388e47448f24873a7e92ba1,0,,0.004372,12.3894,/home/kai/work/GAT_BPC_moonTerk/runs/native_live_sri_v1_p0_frozen_paired_promotion_clean_v2_20260722/raw/scale_005/instance_002_logical_graph/repeat_02/2_live/attempt_01
s005:instance_002:r03:o1:live,5,instance_002,3,live/no_cut,1,live,EXACT_CLOSED,0,0.387907,True,True,True,dfaedf6d273c5c56,2.363709,BPC_TREE_OPTIMAL,P0,9f0e7c4f7e2cab50267e197d55a17950aeee35aad388e47448f24873a7e92ba1,0,,0.004948,12.388165,/home/kai/work/GAT_BPC_moonTerk/runs/native_live_sri_v1_p0_frozen_paired_promotion_clean_v2_20260722/raw/scale_005/instance_002_logical_graph/repeat_03/1_live/attempt_01
s005:instance_002:r03:o2:no_cut,5,instance_002,3,live/no_cut,2,no_cut,EXACT_CLOSED,0,0.384329,True,True,True,dfaedf6d273c5c56,2.363709,BPC_TREE_OPTIMAL,no_cut,37c44c29594e0b8b0ba429e5dd3cf7422c07ae17222bb31e16e31e57030d5e63,0,,0.004467,12.385998,/home/kai/work/GAT_BPC_moonTerk/runs/native_live_sri_v1_p0_frozen_paired_promotion_clean_v2_20260722/raw/scale_005/instance_002_logical_graph/repeat_03/2_no_cut/attempt_01
s005:instance_002:r04:o1:no_cut,5,instance_002,4,no_cut/live,1,no_cut,EXACT_CLOSED,0,0.399363,True,True,True,dfaedf6d273c5c56,2.363709,BPC_TREE_OPTIMAL,no_cut,37c44c29594e0b8b0ba429e5dd3cf7422c07ae17222bb31e16e31e57030d5e63,0,,0.004391,12.380112,/home/kai/work/GAT_BPC_moonTerk/runs/native_live_sri_v1_p0_frozen_paired_promotion_clean_v2_20260722/raw/scale_005/instance_002_logical_graph/repeat_04/1_no_cut/attempt_01
s005:instance_002:r04:o2:live,5,instance_002,4,no_cut/live,2,live,EXACT_CLOSED,0,0.395607,True,True,True,dfaedf6d273c5c56,2.363709,BPC_TREE_OPTIMAL,P0,9f0e7c4f7e2cab50267e197d55a17950aeee35aad388e47448f24873a7e92ba1,0,,0.006222,12.379097,/home/kai/work/GAT_BPC_moonTerk/runs/native_live_sri_v1_p0_frozen_paired_promotion_clean_v2_20260722/raw/scale_005/instance_002_logical_graph/repeat_04/2_live/attempt_01
s005:instance_002:r05:o1:live,5,instance_002,5,live/no_cut,1,live,EXACT_CLOSED,0,0.380953,True,True,True,dfaedf6d273c5c56,2.363709,BPC_TREE_OPTIMAL,P0,9f0e7c4f7e2cab50267e197d55a17950aeee35aad388e47448f24873a7e92ba1,0,,0.004398,12.378395,/home/kai/work/GAT_BPC_moonTerk/runs/native_live_sri_v1_p0_frozen_paired_promotion_clean_v2_20260722/raw/scale_005/instance_002_logical_graph/repeat_05/1_live/attempt_01
s005:instance_002:r05:o2:no_cut,5,instance_002,5,live/no_cut,2,no_cut,EXACT_CLOSED,0,0.415473,True,True,True,dfaedf6d273c5c56,2.363709,BPC_TREE_OPTIMAL,no_cut,37c44c29594e0b8b0ba429e5dd3cf7422c07ae17222bb31e16e31e57030d5e63,0,,0.004646,12.370247,/home/kai/work/GAT_BPC_moonTerk/runs/native_live_sri_v1_p0_frozen_paired_promotion_clean_v2_20260722/raw/scale_005/instance_002_logical_graph/repeat_05/2_no_cut/attempt_01
s005:instance_002:r06:o1:no_cut,5,instance_002,6,no_cut/live,1,no_cut,EXACT_CLOSED,0,0.388095,True,True,True,dfaedf6d273c5c56,2.363709,BPC_TREE_OPTIMAL,no_cut,37c44c29594e0b8b0ba429e5dd3cf7422c07ae17222bb31e16e31e57030d5e63,0,,0.004528,12.375614,/home/kai/work/GAT_BPC_moonTerk/runs/native_live_sri_v1_p0_frozen_paired_promotion_clean_v2_20260722/raw/scale_005/instance_002_logical_graph/repeat_06/1_no_cut/attempt_01
s005:instance_002:r06:o2:live,5,instance_002,6,no_cut/live,2,live,EXACT_CLOSED,0,0.407086,True,True,True,dfaedf6d273c5c56,2.363709,BPC_TREE_OPTIMAL,P0,9f0e7c4f7e2cab50267e197d55a17950aeee35aad388e47448f24873a7e92ba1,0,,0.005341,12.37146,/home/kai/work/GAT_BPC_moonTerk/runs/native_live_sri_v1_p0_frozen_paired_promotion_clean_v2_20260722/raw/scale_005/instance_002_logical_graph/repeat_06/2_live/attempt_01
s005:instance_002:r07:o1:live,5,instance_002,7,live/no_cut,1,live,EXACT_CLOSED,0,0.395377,True,True,True,dfaedf6d273c5c56,2.363709,BPC_TREE_OPTIMAL,P0,9f0e7c4f7e2cab50267e197d55a17950aeee35aad388e47448f24873a7e92ba1,0,,0.004551,12.365955,/home/kai/work/GAT_BPC_moonTerk/runs/native_live_sri_v1_p0_frozen_paired_promotion_clean_v2_20260722/raw/scale_005/instance_002_logical_graph/repeat_07/1_live/attempt_01
s005:instance_002:r07:o2:no_cut,5,instance_002,7,live/no_cut,2,no_cut,EXACT_CLOSED,0,0.396969,True,True,True,dfaedf6d273c5c56,2.363709,BPC_TREE_OPTIMAL,no_cut,37c44c29594e0b8b0ba429e5dd3cf7422c07ae17222bb31e16e31e57030d5e63,0,,0.004272,12.367542,/home/kai/work/GAT_BPC_moonTerk/runs/native_live_sri_v1_p0_frozen_paired_promotion_clean_v2_20260722/raw/scale_005/instance_002_logical_graph/repeat_07/2_no_cut/attempt_01
s005:instance_002:r08:o1:no_cut,5,instance_002,8,no_cut/live,1,no_cut,EXACT_CLOSED,0,0.41828,True,True,True,dfaedf6d273c5c56,2.363709,BPC_TREE_OPTIMAL,no_cut,37c44c29594e0b8b0ba429e5dd3cf7422c07ae17222bb31e16e31e57030d5e63,0,,0.004532,12.3643,/home/kai/work/GAT_BPC_moonTerk/runs/native_live_sri_v1_p0_frozen_paired_promotion_clean_v2_20260722/raw/scale_005/instance_002_logical_graph/repeat_08/1_no_cut/attempt_01
s005:instance_002:r08:o2:live,5,instance_002,8,no_cut/live,2,live,EXACT_CLOSED,0,0.404905,True,True,True,dfaedf6d273c5c56,2.363709,BPC_TREE_OPTIMAL,P0,9f0e7c4f7e2cab50267e197d55a17950aeee35aad388e47448f24873a7e92ba1,0,,0.005737,12.365017,/home/kai/work/GAT_BPC_moonTerk/runs/native_live_sri_v1_p0_frozen_paired_promotion_clean_v2_20260722/raw/scale_005/instance_002_logical_graph/repeat_08/2_live/attempt_01
s005:instance_002:r09:o1:live,5,instance_002,9,live/no_cut,1,live,EXACT_CLOSED,0,0.424366,True,True,True,dfaedf6d273c5c56,2.363709,BPC_TREE_OPTIMAL,P0,9f0e7c4f7e2cab50267e197d55a17950aeee35aad388e47448f24873a7e92ba1,0,,0.004635,12.358017,/home/kai/work/GAT_BPC_moonTerk/runs/native_live_sri_v1_p0_frozen_paired_promotion_clean_v2_20260722/raw/scale_005/instance_002_logical_graph/repeat_09/1_live/attempt_01
s005:instance_002:r09:o2:no_cut,5,instance_002,9,live/no_cut,2,no_cut,EXACT_CLOSED,0,0.374775,True,True,True,dfaedf6d273c5c56,2.363709,BPC_TREE_OPTIMAL,no_cut,37c44c29594e0b8b0ba429e5dd3cf7422c07ae17222bb31e16e31e57030d5e63,0,,0.004524,12.354431,/home/kai/work/GAT_BPC_moonTerk/runs/native_live_sri_v1_p0_frozen_paired_promotion_clean_v2_20260722/raw/scale_005/instance_002_logical_graph/repeat_09/2_no_cut/attempt_01
s005:instance_002:r10:o1:no_cut,5,instance_002,10,no_cut/live,1,no_cut,EXACT_CLOSED,0,0.39143,True,True,True,dfaedf6d273c5c56,2.363709,BPC_TREE_OPTIMAL,no_cut,37c44c29594e0b8b0ba429e5dd3cf7422c07ae17222bb31e16e31e57030d5e63,0,,0.00465,12.358437,/home/kai/work/GAT_BPC_moonTerk/runs/native_live_sri_v1_p0_frozen_paired_promotion_clean_v2_20260722/raw/scale_005/instance_002_logical_graph/repeat_10/1_no_cut/attempt_01
s005:instance_002:r10:o2:live,5,instance_002,10,no_cut/live,2,live,EXACT_CLOSED,0,0.382771,True,True,True,dfaedf6d273c5c56,2.363709,BPC_TREE_OPTIMAL,P0,9f0e7c4f7e2cab50267e197d55a17950aeee35aad388e47448f24873a7e92ba1,0,,0.004902,12.354527,/home/kai/work/GAT_BPC_moonTerk/runs/native_live_sri_v1_p0_frozen_paired_promotion_clean_v2_20260722/raw/scale_005/instance_002_logical_graph/repeat_10/2_live/attempt_01
s005:instance_003:r01:o1:no_cut,5,instance_003,1,no_cut/live,1,no_cut,EXACT_CLOSED,0,0.410455,True,True,True,dfaedf6d273c5c56,2.202702,BPC_TREE_OPTIMAL,no_cut,37c44c29594e0b8b0ba429e5dd3cf7422c07ae17222bb31e16e31e57030d5e63,0,,0.004475,12.346436,/home/kai/work/GAT_BPC_moonTerk/runs/native_live_sri_v1_p0_frozen_paired_promotion_clean_v2_20260722/raw/scale_005/instance_003_logical_graph/repeat_01/1_no_cut/attempt_01
s005:instance_003:r01:o2:live,5,instance_003,1,no_cut/live,2,live,EXACT_CLOSED,0,0.398267,True,True,True,dfaedf6d273c5c56,2.202702,BPC_TREE_OPTIMAL,P0,9f0e7c4f7e2cab50267e197d55a17950aeee35aad388e47448f24873a7e92ba1,0,,0.004539,12.340378,/home/kai/work/GAT_BPC_moonTerk/runs/native_live_sri_v1_p0_frozen_paired_promotion_clean_v2_20260722/raw/scale_005/instance_003_logical_graph/repeat_01/2_live/attempt_01
s005:instance_003:r02:o1:live,5,instance_003,2,live/no_cut,1,live,EXACT_CLOSED,0,0.416047,True,True,True,dfaedf6d273c5c56,2.202702,BPC_TREE_OPTIMAL,P0,9f0e7c4f7e2cab50267e197d55a17950aeee35aad388e47448f24873a7e92ba1,0,,0.004307,12.342678,/home/kai/work/GAT_BPC_moonTerk/runs/native_live_sri_v1_p0_frozen_paired_promotion_clean_v2_20260722/raw/scale_005/instance_003_logical_graph/repeat_02/1_live/attempt_01
s005:instance_003:r02:o2:no_cut,5,instance_003,2,live/no_cut,2,no_cut,EXACT_CLOSED,0,0.38062,True,True,True,dfaedf6d273c5c56,2.202702,BPC_TREE_OPTIMAL,no_cut,37c44c29594e0b8b0ba429e5dd3cf7422c07ae17222bb31e16e31e57030d5e63,0,,0.004539,12.341476,/home/kai/work/GAT_BPC_moonTerk/runs/native_live_sri_v1_p0_frozen_paired_promotion_clean_v2_20260722/raw/scale_005/instance_003_logical_graph/repeat_02/2_no_cut/attempt_01
s005:instance_003:r03:o1:no_cut,5,instance_003,3,no_cut/live,1,no_cut,EXACT_CLOSED,0,0.383476,True,True,True,dfaedf6d273c5c56,2.202702,BPC_TREE_OPTIMAL,no_cut,37c44c29594e0b8b0ba429e5dd3cf7422c07ae17222bb31e16e31e57030d5e63,0,,0.004311,12.336498,/home/kai/work/GAT_BPC_moonTerk/runs/native_live_sri_v1_p0_frozen_paired_promotion_clean_v2_20260722/raw/scale_005/instance_003_logical_graph/repeat_03/1_no_cut/attempt_01
s005:instance_003:r03:o2:live,5,instance_003,3,no_cut/live,2,live,EXACT_CLOSED,0,0.379759,True,True,True,dfaedf6d273c5c56,2.202702,BPC_TREE_OPTIMAL,P0,9f0e7c4f7e2cab50267e197d55a17950aeee35aad388e47448f24873a7e92ba1,0,,0.004524,12.33696,/home/kai/work/GAT_BPC_moonTerk/runs/native_live_sri_v1_p0_frozen_paired_promotion_clean_v2_20260722/raw/scale_005/instance_003_logical_graph/repeat_03/2_live/attempt_01
s005:instance_003:r04:o1:live,5,instance_003,4,live/no_cut,1,live,EXACT_CLOSED,0,0.371378,True,True,True,dfaedf6d273c5c56,2.202702,BPC_TREE_OPTIMAL,P0,9f0e7c4f7e2cab50267e197d55a17950aeee35aad388e47448f24873a7e92ba1,0,,0.004532,12.392368,/home/kai/work/GAT_BPC_moonTerk/runs/native_live_sri_v1_p0_frozen_paired_promotion_clean_v2_20260722/raw/scale_005/instance_003_logical_graph/repeat_04/1_live/attempt_01
s005:instance_003:r04:o2:no_cut,5,instance_003,4,live/no_cut,2,no_cut,EXACT_CLOSED,0,0.386682,True,True,True,dfaedf6d273c5c56,2.202702,BPC_TREE_OPTIMAL,no_cut,37c44c29594e0b8b0ba429e5dd3cf7422c07ae17222bb31e16e31e57030d5e63,0,,0.004456,12.395294,/home/kai/work/GAT_BPC_moonTerk/runs/native_live_sri_v1_p0_frozen_paired_promotion_clean_v2_20260722/raw/scale_005/instance_003_logical_graph/repeat_04/2_no_cut/attempt_01
s005:instance_003:r05:o1:no_cut,5,instance_003,5,no_cut/live,1,no_cut,EXACT_CLOSED,0,0.404463,True,True,True,dfaedf6d273c5c56,2.202702,BPC_TREE_OPTIMAL,no_cut,37c44c29594e0b8b0ba429e5dd3cf7422c07ae17222bb31e16e31e57030d5e63,0,,0.004471,12.394382,/home/kai/work/GAT_BPC_moonTerk/runs/native_live_sri_v1_p0_frozen_paired_promotion_clean_v2_20260722/raw/scale_005/instance_003_logical_graph/repeat_05/1_no_cut/attempt_01
s005:instance_003:r05:o2:live,5,instance_003,5,no_cut/live,2,live,EXACT_CLOSED,0,0.3991,True,True,True,dfaedf6d273c5c56,2.202702,BPC_TREE_OPTIMAL,P0,9f0e7c4f7e2cab50267e197d55a17950aeee35aad388e47448f24873a7e92ba1,0,,0.004742,12.387577,/home/kai/work/GAT_BPC_moonTerk/runs/native_live_sri_v1_p0_frozen_paired_promotion_clean_v2_20260722/raw/scale_005/instance_003_logical_graph/repeat_05/2_live/attempt_01
s005:instance_003:r06:o1:live,5,instance_003,6,live/no_cut,1,live,EXACT_CLOSED,0,0.379327,True,True,True,dfaedf6d273c5c56,2.202702,BPC_TREE_OPTIMAL,P0,9f0e7c4f7e2cab50267e197d55a17950aeee35aad388e47448f24873a7e92ba1,0,,0.004627,12.38155,/home/kai/work/GAT_BPC_moonTerk/runs/native_live_sri_v1_p0_frozen_paired_promotion_clean_v2_20260722/raw/scale_005/instance_003_logical_graph/repeat_06/1_live/attempt_01
s005:instance_003:r06:o2:no_cut,5,instance_003,6,live/no_cut,2,no_cut,EXACT_CLOSED,0,0.393653,True,True,True,dfaedf6d273c5c56,2.202702,BPC_TREE_OPTIMAL,no_cut,37c44c29594e0b8b0ba429e5dd3cf7422c07ae17222bb31e16e31e57030d5e63,0,,0.004551,12.379852,/home/kai/work/GAT_BPC_moonTerk/runs/native_live_sri_v1_p0_frozen_paired_promotion_clean_v2_20260722/raw/scale_005/instance_003_logical_graph/repeat_06/2_no_cut/attempt_01
s005:instance_003:r07:o1:no_cut,5,instance_003,7,no_cut/live,1,no_cut,EXACT_CLOSED,0,0.378209,True,True,True,dfaedf6d273c5c56,2.202702,BPC_TREE_OPTIMAL,no_cut,37c44c29594e0b8b0ba429e5dd3cf7422c07ae17222bb31e16e31e57030d5e63,0,,0.004864,12.388176,/home/kai/work/GAT_BPC_moonTerk/runs/native_live_sri_v1_p0_frozen_paired_promotion_clean_v2_20260722/raw/scale_005/instance_003_logical_graph/repeat_07/1_no_cut/attempt_01
s005:instance_003:r07:o2:live,5,instance_003,7,no_cut/live,2,live,EXACT_CLOSED,0,0.407242,True,True,True,dfaedf6d273c5c56,2.202702,BPC_TREE_OPTIMAL,P0,9f0e7c4f7e2cab50267e197d55a17950aeee35aad388e47448f24873a7e92ba1,0,,0.004581,12.382042,/home/kai/work/GAT_BPC_moonTerk/runs/native_live_sri_v1_p0_frozen_paired_promotion_clean_v2_20260722/raw/scale_005/instance_003_logical_graph/repeat_07/2_live/attempt_01
s005:instance_003:r08:o1:live,5,instance_003,8,live/no_cut,1,live,EXACT_CLOSED,0,0.38799,True,True,True,dfaedf6d273c5c56,2.202702,BPC_TREE_OPTIMAL,P0,9f0e7c4f7e2cab50267e197d55a17950aeee35aad388e47448f24873a7e92ba1,0,,0.004292,12.371197,/home/kai/work/GAT_BPC_moonTerk/runs/native_live_sri_v1_p0_frozen_paired_promotion_clean_v2_20260722/raw/scale_005/instance_003_logical_graph/repeat_08/1_live/attempt_01
s005:instance_003:r08:o2:no_cut,5,instance_003,8,live/no_cut,2,no_cut,EXACT_CLOSED,0,0.398544,True,True,True,dfaedf6d273c5c56,2.202702,BPC_TREE_OPTIMAL,no_cut,37c44c29594e0b8b0ba429e5dd3cf7422c07ae17222bb31e16e31e57030d5e63,0,,0.004307,12.376823,/home/kai/work/GAT_BPC_moonTerk/runs/native_live_sri_v1_p0_frozen_paired_promotion_clean_v2_20260722/raw/scale_005/instance_003_logical_graph/repeat_08/2_no_cut/attempt_01
s005:instance_003:r09:o1:no_cut,5,instance_003,9,no_cut/live,1,no_cut,EXACT_CLOSED,0,0.392617,True,True,True,dfaedf6d273c5c56,2.202702,BPC_TREE_OPTIMAL,no_cut,37c44c29594e0b8b0ba429e5dd3cf7422c07ae17222bb31e16e31e57030d5e63,0,,0.004284,12.371758,/home/kai/work/GAT_BPC_moonTerk/runs/native_live_sri_v1_p0_frozen_paired_promotion_clean_v2_20260722/raw/scale_005/instance_003_logical_graph/repeat_09/1_no_cut/attempt_01
s005:instance_003:r09:o2:live,5,instance_003,9,no_cut/live,2,live,EXACT_CLOSED,0,0.405899,True,True,True,dfaedf6d273c5c56,2.202702,BPC_TREE_OPTIMAL,P0,9f0e7c4f7e2cab50267e197d55a17950aeee35aad388e47448f24873a7e92ba1,0,,0.004433,12.373474,/home/kai/work/GAT_BPC_moonTerk/runs/native_live_sri_v1_p0_frozen_paired_promotion_clean_v2_20260722/raw/scale_005/instance_003_logical_graph/repeat_09/2_live/attempt_01
s005:instance_003:r10:o1:live,5,instance_003,10,live/no_cut,1,live,EXACT_CLOSED,0,0.382679,True,True,True,dfaedf6d273c5c56,2.202702,BPC_TREE_OPTIMAL,P0,9f0e7c4f7e2cab50267e197d55a17950aeee35aad388e47448f24873a7e92ba1,0,,0.004822,12.360577,/home/kai/work/GAT_BPC_moonTerk/runs/native_live_sri_v1_p0_frozen_paired_promotion_clean_v2_20260722/raw/scale_005/instance_003_logical_graph/repeat_10/1_live/attempt_01
s005:instance_003:r10:o2:no_cut,5,instance_003,10,live/no_cut,2,no_cut,EXACT_CLOSED,0,0.386712,True,True,True,dfaedf6d273c5c56,2.202702,BPC_TREE_OPTIMAL,no_cut,37c44c29594e0b8b0ba429e5dd3cf7422c07ae17222bb31e16e31e57030d5e63,0,,0.00441,12.357323,/home/kai/work/GAT_BPC_moonTerk/runs/native_live_sri_v1_p0_frozen_paired_promotion_clean_v2_20260722/raw/scale_005/instance_003_logical_graph/repeat_10/2_no_cut/attempt_01
s005:instance_004:r01:o1:live,5,instance_004,1,live/no_cut,1,live,EXACT_CLOSED,0,0.383041,True,True,True,dfaedf6d273c5c56,2.068163,BPC_TREE_OPTIMAL,P0,9f0e7c4f7e2cab50267e197d55a17950aeee35aad388e47448f24873a7e92ba1,0,,0.004364,12.352001,/home/kai/work/GAT_BPC_moonTerk/runs/native_live_sri_v1_p0_frozen_paired_promotion_clean_v2_20260722/raw/scale_005/instance_004_logical_graph/repeat_01/1_live/attempt_01
s005:instance_004:r01:o2:no_cut,5,instance_004,1,live/no_cut,2,no_cut,EXACT_CLOSED,0,0.388779,True,True,True,dfaedf6d273c5c56,2.068163,BPC_TREE_OPTIMAL,no_cut,37c44c29594e0b8b0ba429e5dd3cf7422c07ae17222bb31e16e31e57030d5e63,0,,0.004383,12.351688,/home/kai/work/GAT_BPC_moonTerk/runs/native_live_sri_v1_p0_frozen_paired_promotion_clean_v2_20260722/raw/scale_005/instance_004_logical_graph/repeat_01/2_no_cut/attempt_01
s005:instance_004:r02:o1:no_cut,5,instance_004,2,no_cut/live,1,no_cut,EXACT_CLOSED,0,0.395059,True,True,True,dfaedf6d273c5c56,2.068163,BPC_TREE_OPTIMAL,no_cut,37c44c29594e0b8b0ba429e5dd3cf7422c07ae17222bb31e16e31e57030d5e63,0,,0.005131,12.350128,/home/kai/work/GAT_BPC_moonTerk/runs/native_live_sri_v1_p0_frozen_paired_promotion_clean_v2_20260722/raw/scale_005/instance_004_logical_graph/repeat_02/1_no_cut/attempt_01
s005:instance_004:r02:o2:live,5,instance_004,2,no_cut/live,2,live,EXACT_CLOSED,0,0.37951,True,True,True,dfaedf6d273c5c56,2.068163,BPC_TREE_OPTIMAL,P0,9f0e7c4f7e2cab50267e197d55a17950aeee35aad388e47448f24873a7e92ba1,0,,0.004307,12.353199,/home/kai/work/GAT_BPC_moonTerk/runs/native_live_sri_v1_p0_frozen_paired_promotion_clean_v2_20260722/raw/scale_005/instance_004_logical_graph/repeat_02/2_live/attempt_01
s005:instance_004:r03:o1:live,5,instance_004,3,live/no_cut,1,live,EXACT_CLOSED,0,0.377575,True,True,True,dfaedf6d273c5c56,2.068163,BPC_TREE_OPTIMAL,P0,9f0e7c4f7e2cab50267e197d55a17950aeee35aad388e47448f24873a7e92ba1,0,,0.004486,12.345749,/home/kai/work/GAT_BPC_moonTerk/runs/native_live_sri_v1_p0_frozen_paired_promotion_clean_v2_20260722/raw/scale_005/instance_004_logical_graph/repeat_03/1_live/attempt_01
s005:instance_004:r03:o2:no_cut,5,instance_004,3,live/no_cut,2,no_cut,EXACT_CLOSED,0,0.393428,True,True,True,dfaedf6d273c5c56,2.068163,BPC_TREE_OPTIMAL,no_cut,37c44c29594e0b8b0ba429e5dd3cf7422c07ae17222bb31e16e31e57030d5e63,0,,0.004707,12.337326,/home/kai/work/GAT_BPC_moonTerk/runs/native_live_sri_v1_p0_frozen_paired_promotion_clean_v2_20260722/raw/scale_005/instance_004_logical_graph/repeat_03/2_no_cut/attempt_01
s005:instance_004:r04:o1:no_cut,5,instance_004,4,no_cut/live,1,no_cut,EXACT_CLOSED,0,0.38862,True,True,True,dfaedf6d273c5c56,2.068163,BPC_TREE_OPTIMAL,no_cut,37c44c29594e0b8b0ba429e5dd3cf7422c07ae17222bb31e16e31e57030d5e63,0,,0.004509,12.341393,/home/kai/work/GAT_BPC_moonTerk/runs/native_live_sri_v1_p0_frozen_paired_promotion_clean_v2_20260722/raw/scale_005/instance_004_logical_graph/repeat_04/1_no_cut/attempt_01
s005:instance_004:r04:o2:live,5,instance_004,4,no_cut/live,2,live,EXACT_CLOSED,0,0.368585,True,True,True,dfaedf6d273c5c56,2.068163,BPC_TREE_OPTIMAL,P0,9f0e7c4f7e2cab50267e197d55a17950aeee35aad388e47448f24873a7e92ba1,0,,0.00415,12.340439,/home/kai/work/GAT_BPC_moonTerk/runs/native_live_sri_v1_p0_frozen_paired_promotion_clean_v2_20260722/raw/scale_005/instance_004_logical_graph/repeat_04/2_live/attempt_01
s005:instance_004:r05:o1:live,5,instance_004,5,live/no_cut,1,live,EXACT_CLOSED,0,0.377925,True,True,True,dfaedf6d273c5c56,2.068163,BPC_TREE_OPTIMAL,P0,9f0e7c4f7e2cab50267e197d55a17950aeee35aad388e47448f24873a7e92ba1,0,,0.00433,12.331749,/home/kai/work/GAT_BPC_moonTerk/runs/native_live_sri_v1_p0_frozen_paired_promotion_clean_v2_20260722/raw/scale_005/instance_004_logical_graph/repeat_05/1_live/attempt_01
s005:instance_004:r05:o2:no_cut,5,instance_004,5,live/no_cut,2,no_cut,EXACT_CLOSED,0,0.393527,True,True,True,dfaedf6d273c5c56,2.068163,BPC_TREE_OPTIMAL,no_cut,37c44c29594e0b8b0ba429e5dd3cf7422c07ae17222bb31e16e31e57030d5e63,0,,0.004272,12.333778,/home/kai/work/GAT_BPC_moonTerk/runs/native_live_sri_v1_p0_frozen_paired_promotion_clean_v2_20260722/raw/scale_005/instance_004_logical_graph/repeat_05/2_no_cut/attempt_01
s005:instance_004:r06:o1:no_cut,5,instance_004,6,no_cut/live,1,no_cut,EXACT_CLOSED,0,0.377157,True,True,True,dfaedf6d273c5c56,2.068163,BPC_TREE_OPTIMAL,no_cut,37c44c29594e0b8b0ba429e5dd3cf7422c07ae17222bb31e16e31e57030d5e63,0,,0.004566,12.333088,/home/kai/work/GAT_BPC_moonTerk/runs/native_live_sri_v1_p0_frozen_paired_promotion_clean_v2_20260722/raw/scale_005/instance_004_logical_graph/repeat_06/1_no_cut/attempt_01
s005:instance_004:r06:o2:live,5,instance_004,6,no_cut/live,2,live,EXACT_CLOSED,0,0.400531,True,True,True,dfaedf6d273c5c56,2.068163,BPC_TREE_OPTIMAL,P0,9f0e7c4f7e2cab50267e197d55a17950aeee35aad388e47448f24873a7e92ba1,0,,0.005943,12.326252,/home/kai/work/GAT_BPC_moonTerk/runs/native_live_sri_v1_p0_frozen_paired_promotion_clean_v2_20260722/raw/scale_005/instance_004_logical_graph/repeat_06/2_live/attempt_01
s005:instance_004:r07:o1:live,5,instance_004,7,live/no_cut,1,live,EXACT_CLOSED,0,0.386832,True,True,True,dfaedf6d273c5c56,2.068163,BPC_TREE_OPTIMAL,P0,9f0e7c4f7e2cab50267e197d55a17950aeee35aad388e47448f24873a7e92ba1,0,,0.004765,12.327293,/home/kai/work/GAT_BPC_moonTerk/runs/native_live_sri_v1_p0_frozen_paired_promotion_clean_v2_20260722/raw/scale_005/instance_004_logical_graph/repeat_07/1_live/attempt_01
s005:instance_004:r07:o2:no_cut,5,instance_004,7,live/no_cut,2,no_cut,EXACT_CLOSED,0,0.40059,True,True,True,dfaedf6d273c5c56,2.068163,BPC_TREE_OPTIMAL,no_cut,37c44c29594e0b8b0ba429e5dd3cf7422c07ae17222bb31e16e31e57030d5e63,0,,0.004372,12.324379,/home/kai/work/GAT_BPC_moonTerk/runs/native_live_sri_v1_p0_frozen_paired_promotion_clean_v2_20260722/raw/scale_005/instance_004_logical_graph/repeat_07/2_no_cut/attempt_01
s005:instance_004:r08:o1:no_cut,5,instance_004,8,no_cut/live,1,no_cut,EXACT_CLOSED,0,0.393729,True,True,True,dfaedf6d273c5c56,2.068163,BPC_TREE_OPTIMAL,no_cut,37c44c29594e0b8b0ba429e5dd3cf7422c07ae17222bb31e16e31e57030d5e63,0,,0.004406,12.329887,/home/kai/work/GAT_BPC_moonTerk/runs/native_live_sri_v1_p0_frozen_paired_promotion_clean_v2_20260722/raw/scale_005/instance_004_logical_graph/repeat_08/1_no_cut/attempt_01
s005:instance_004:r08:o2:live,5,instance_004,8,no_cut/live,2,live,EXACT_CLOSED,0,0.383544,True,True,True,dfaedf6d273c5c56,2.068163,BPC_TREE_OPTIMAL,P0,9f0e7c4f7e2cab50267e197d55a17950aeee35aad388e47448f24873a7e92ba1,0,,0.005116,12.331844,/home/kai/work/GAT_BPC_moonTerk/runs/native_live_sri_v1_p0_frozen_paired_promotion_clean_v2_20260722/raw/scale_005/instance_004_logical_graph/repeat_08/2_live/attempt_01
s005:instance_004:r09:o1:live,5,instance_004,9,live/no_cut,1,live,EXACT_CLOSED,0,0.393811,True,True,True,dfaedf6d273c5c56,2.068163,BPC_TREE_OPTIMAL,P0,9f0e7c4f7e2cab50267e197d55a17950aeee35aad388e47448f24873a7e92ba1,0,,0.004425,12.320473,/home/kai/work/GAT_BPC_moonTerk/runs/native_live_sri_v1_p0_frozen_paired_promotion_clean_v2_20260722/raw/scale_005/instance_004_logical_graph/repeat_09/1_live/attempt_01
s005:instance_004:r09:o2:no_cut,5,instance_004,9,live/no_cut,2,no_cut,EXACT_CLOSED,0,0.416934,True,True,True,dfaedf6d273c5c56,2.068163,BPC_TREE_OPTIMAL,no_cut,37c44c29594e0b8b0ba429e5dd3cf7422c07ae17222bb31e16e31e57030d5e63,0,,0.004429,12.322792,/home/kai/work/GAT_BPC_moonTerk/runs/native_live_sri_v1_p0_frozen_paired_promotion_clean_v2_20260722/raw/scale_005/instance_004_logical_graph/repeat_09/2_no_cut/attempt_01
s005:instance_004:r10:o1:no_cut,5,instance_004,10,no_cut/live,1,no_cut,EXACT_CLOSED,0,0.356893,True,True,True,dfaedf6d273c5c56,2.068163,BPC_TREE_OPTIMAL,no_cut,37c44c29594e0b8b0ba429e5dd3cf7422c07ae17222bb31e16e31e57030d5e63,0,,0.004425,12.322193,/home/kai/work/GAT_BPC_moonTerk/runs/native_live_sri_v1_p0_frozen_paired_promotion_clean_v2_20260722/raw/scale_005/instance_004_logical_graph/repeat_10/1_no_cut/attempt_01
s005:instance_004:r10:o2:live,5,instance_004,10,no_cut/live,2,live,EXACT_CLOSED,0,0.393485,True,True,True,dfaedf6d273c5c56,2.068163,BPC_TREE_OPTIMAL,P0,9f0e7c4f7e2cab50267e197d55a17950aeee35aad388e47448f24873a7e92ba1,0,,0.004616,12.311665,/home/kai/work/GAT_BPC_moonTerk/runs/native_live_sri_v1_p0_frozen_paired_promotion_clean_v2_20260722/raw/scale_005/instance_004_logical_graph/repeat_10/2_live/attempt_01
s005:instance_005:r01:o1:no_cut,5,instance_005,1,no_cut/live,1,no_cut,EXACT_CLOSED,0,0.39093,True,True,True,dfaedf6d273c5c56,2.155459,BPC_TREE_OPTIMAL,no_cut,37c44c29594e0b8b0ba429e5dd3cf7422c07ae17222bb31e16e31e57030d5e63,0,,0.004398,12.310371,/home/kai/work/GAT_BPC_moonTerk/runs/native_live_sri_v1_p0_frozen_paired_promotion_clean_v2_20260722/raw/scale_005/instance_005_logical_graph/repeat_01/1_no_cut/attempt_01
s005:instance_005:r01:o2:live,5,instance_005,1,no_cut/live,2,live,EXACT_CLOSED,0,0.422106,True,True,True,dfaedf6d273c5c56,2.155459,BPC_TREE_OPTIMAL,P0,9f0e7c4f7e2cab50267e197d55a17950aeee35aad388e47448f24873a7e92ba1,0,,0.00449,12.307938,/home/kai/work/GAT_BPC_moonTerk/runs/native_live_sri_v1_p0_frozen_paired_promotion_clean_v2_20260722/raw/scale_005/instance_005_logical_graph/repeat_01/2_live/attempt_01
s005:instance_005:r02:o1:live,5,instance_005,2,live/no_cut,1,live,EXACT_CLOSED,0,0.406561,True,True,True,dfaedf6d273c5c56,2.155459,BPC_TREE_OPTIMAL,P0,9f0e7c4f7e2cab50267e197d55a17950aeee35aad388e47448f24873a7e92ba1,0,,0.004486,12.310085,/home/kai/work/GAT_BPC_moonTerk/runs/native_live_sri_v1_p0_frozen_paired_promotion_clean_v2_20260722/raw/scale_005/instance_005_logical_graph/repeat_02/1_live/attempt_01
s005:instance_005:r02:o2:no_cut,5,instance_005,2,live/no_cut,2,no_cut,EXACT_CLOSED,0,0.405252,True,True,True,dfaedf6d273c5c56,2.155459,BPC_TREE_OPTIMAL,no_cut,37c44c29594e0b8b0ba429e5dd3cf7422c07ae17222bb31e16e31e57030d5e63,0,,0.004486,12.30534,/home/kai/work/GAT_BPC_moonTerk/runs/native_live_sri_v1_p0_frozen_paired_promotion_clean_v2_20260722/raw/scale_005/instance_005_logical_graph/repeat_02/2_no_cut/attempt_01
s005:instance_005:r03:o1:no_cut,5,instance_005,3,no_cut/live,1,no_cut,EXACT_CLOSED,0,0.399266,True,True,True,dfaedf6d273c5c56,2.155459,BPC_TREE_OPTIMAL,no_cut,37c44c29594e0b8b0ba429e5dd3cf7422c07ae17222bb31e16e31e57030d5e63,0,,0.004738,12.301437,/home/kai/work/GAT_BPC_moonTerk/runs/native_live_sri_v1_p0_frozen_paired_promotion_clean_v2_20260722/raw/scale_005/instance_005_logical_graph/repeat_03/1_no_cut/attempt_01
s005:instance_005:r03:o2:live,5,instance_005,3,no_cut/live,2,live,EXACT_CLOSED,0,0.399247,True,True,True,dfaedf6d273c5c56,2.155459,BPC_TREE_OPTIMAL,P0,9f0e7c4f7e2cab50267e197d55a17950aeee35aad388e47448f24873a7e92ba1,0,,0.005337,12.295921,/home/kai/work/GAT_BPC_moonTerk/runs/native_live_sri_v1_p0_frozen_paired_promotion_clean_v2_20260722/raw/scale_005/instance_005_logical_graph/repeat_03/2_live/attempt_01
s005:instance_005:r04:o1:live,5,instance_005,4,live/no_cut,1,live,EXACT_CLOSED,0,0.379569,True,True,True,dfaedf6d273c5c56,2.155459,BPC_TREE_OPTIMAL,P0,9f0e7c4f7e2cab50267e197d55a17950aeee35aad388e47448f24873a7e92ba1,0,,0.005112,12.29163,/home/kai/work/GAT_BPC_moonTerk/runs/native_live_sri_v1_p0_frozen_paired_promotion_clean_v2_20260722/raw/scale_005/instance_005_logical_graph/repeat_04/1_live/attempt_01
s005:instance_005:r04:o2:no_cut,5,instance_005,4,live/no_cut,2,no_cut,EXACT_CLOSED,0,0.403761,True,True,True,dfaedf6d273c5c56,2.155459,BPC_TREE_OPTIMAL,no_cut,37c44c29594e0b8b0ba429e5dd3cf7422c07ae17222bb31e16e31e57030d5e63,0,,0.004543,12.290108,/home/kai/work/GAT_BPC_moonTerk/runs/native_live_sri_v1_p0_frozen_paired_promotion_clean_v2_20260722/raw/scale_005/instance_005_logical_graph/repeat_04/2_no_cut/attempt_01
s005:instance_005:r05:o1:no_cut,5,instance_005,5,no_cut/live,1,no_cut,EXACT_CLOSED,0,0.379965,True,True,True,dfaedf6d273c5c56,2.155459,BPC_TREE_OPTIMAL,no_cut,37c44c29594e0b8b0ba429e5dd3cf7422c07ae17222bb31e16e31e57030d5e63,0,,0.004307,12.286915,/home/kai/work/GAT_BPC_moonTerk/runs/native_live_sri_v1_p0_frozen_paired_promotion_clean_v2_20260722/raw/scale_005/instance_005_logical_graph/repeat_05/1_no_cut/attempt_01
s005:instance_005:r05:o2:live,5,instance_005,5,no_cut/live,2,live,EXACT_CLOSED,0,0.380141,True,True,True,dfaedf6d273c5c56,2.155459,BPC_TREE_OPTIMAL,P0,9f0e7c4f7e2cab50267e197d55a17950aeee35aad388e47448f24873a7e92ba1,0,,0.00457,12.284565,/home/kai/work/GAT_BPC_moonTerk/runs/native_live_sri_v1_p0_frozen_paired_promotion_clean_v2_20260722/raw/scale_005/instance_005_logical_graph/repeat_05/2_live/attempt_01
s005:instance_005:r06:o1:live,5,instance_005,6,live/no_cut,1,live,EXACT_CLOSED,0,0.397724,True,True,True,dfaedf6d273c5c56,2.155459,BPC_TREE_OPTIMAL,P0,9f0e7c4f7e2cab50267e197d55a17950aeee35aad388e47448f24873a7e92ba1,0,,0.004539,12.283253,/home/kai/work/GAT_BPC_moonTerk/runs/native_live_sri_v1_p0_frozen_paired_promotion_clean_v2_20260722/raw/scale_005/instance_005_logical_graph/repeat_06/1_live/attempt_01
s005:instance_005:r06:o2:no_cut,5,instance_005,6,live/no_cut,2,no_cut,EXACT_CLOSED,0,0.3881,True,True,True,dfaedf6d273c5c56,2.155459,BPC_TREE_OPTIMAL,no_cut,37c44c29594e0b8b0ba429e5dd3cf7422c07ae17222bb31e16e31e57030d5e63,0,,0.004559,12.282101,/home/kai/work/GAT_BPC_moonTerk/runs/native_live_sri_v1_p0_frozen_paired_promotion_clean_v2_20260722/raw/scale_005/instance_005_logical_graph/repeat_06/2_no_cut/attempt_01
s005:instance_005:r07:o1:no_cut,5,instance_005,7,no_cut/live,1,no_cut,EXACT_CLOSED,0,0.410768,True,True,True,dfaedf6d273c5c56,2.155459,BPC_TREE_OPTIMAL,no_cut,37c44c29594e0b8b0ba429e5dd3cf7422c07ae17222bb31e16e31e57030d5e63,0,,0.004581,12.280735,/home/kai/work/GAT_BPC_moonTerk/runs/native_live_sri_v1_p0_frozen_paired_promotion_clean_v2_20260722/raw/scale_005/instance_005_logical_graph/repeat_07/1_no_cut/attempt_01
s005:instance_005:r07:o2:live,5,instance_005,7,no_cut/live,2,live,EXACT_CLOSED,0,0.391237,True,True,True,dfaedf6d273c5c56,2.155459,BPC_TREE_OPTIMAL,P0,9f0e7c4f7e2cab50267e197d55a17950aeee35aad388e47448f24873a7e92ba1,0,,0.004402,12.273331,/home/kai/work/GAT_BPC_moonTerk/runs/native_live_sri_v1_p0_frozen_paired_promotion_clean_v2_20260722/raw/scale_005/instance_005_logical_graph/repeat_07/2_live/attempt_01
s005:instance_005:r08:o1:live,5,instance_005,8,live/no_cut,1,live,EXACT_CLOSED,0,0.383704,True,True,True,dfaedf6d273c5c56,2.155459,BPC_TREE_OPTIMAL,P0,9f0e7c4f7e2cab50267e197d55a17950aeee35aad388e47448f24873a7e92ba1,0,,0.004303,12.2752,/home/kai/work/GAT_BPC_moonTerk/runs/native_live_sri_v1_p0_frozen_paired_promotion_clean_v2_20260722/raw/scale_005/instance_005_logical_graph/repeat_08/1_live/attempt_01
s005:instance_005:r08:o2:no_cut,5,instance_005,8,live/no_cut,2,no_cut,EXACT_CLOSED,0,0.394261,True,True,True,dfaedf6d273c5c56,2.155459,BPC_TREE_OPTIMAL,no_cut,37c44c29594e0b8b0ba429e5dd3cf7422c07ae17222bb31e16e31e57030d5e63,0,,0.004684,12.279552,/home/kai/work/GAT_BPC_moonTerk/runs/native_live_sri_v1_p0_frozen_paired_promotion_clean_v2_20260722/raw/scale_005/instance_005_logical_graph/repeat_08/2_no_cut/attempt_01
s005:instance_005:r09:o1:no_cut,5,instance_005,9,no_cut/live,1,no_cut,EXACT_CLOSED,0,0.382341,True,True,True,dfaedf6d273c5c56,2.155459,BPC_TREE_OPTIMAL,no_cut,37c44c29594e0b8b0ba429e5dd3cf7422c07ae17222bb31e16e31e57030d5e63,0,,0.004494,12.276222,/home/kai/work/GAT_BPC_moonTerk/runs/native_live_sri_v1_p0_frozen_paired_promotion_clean_v2_20260722/raw/scale_005/instance_005_logical_graph/repeat_09/1_no_cut/attempt_01
s005:instance_005:r09:o2:live,5,instance_005,9,no_cut/live,2,live,EXACT_CLOSED,0,0.408096,True,True,True,dfaedf6d273c5c56,2.155459,BPC_TREE_OPTIMAL,P0,9f0e7c4f7e2cab50267e197d55a17950aeee35aad388e47448f24873a7e92ba1,0,,0.006176,12.270977,/home/kai/work/GAT_BPC_moonTerk/runs/native_live_sri_v1_p0_frozen_paired_promotion_clean_v2_20260722/raw/scale_005/instance_005_logical_graph/repeat_09/2_live/attempt_01
s005:instance_005:r10:o1:live,5,instance_005,10,live/no_cut,1,live,EXACT_CLOSED,0,0.37816,True,True,True,dfaedf6d273c5c56,2.155459,BPC_TREE_OPTIMAL,P0,9f0e7c4f7e2cab50267e197d55a17950aeee35aad388e47448f24873a7e92ba1,0,,0.004578,12.271217,/home/kai/work/GAT_BPC_moonTerk/runs/native_live_sri_v1_p0_frozen_paired_promotion_clean_v2_20260722/raw/scale_005/instance_005_logical_graph/repeat_10/1_live/attempt_01
s005:instance_005:r10:o2:no_cut,5,instance_005,10,live/no_cut,2,no_cut,EXACT_CLOSED,0,0.400283,True,True,True,dfaedf6d273c5c56,2.155459,BPC_TREE_OPTIMAL,no_cut,37c44c29594e0b8b0ba429e5dd3cf7422c07ae17222bb31e16e31e57030d5e63,0,,0.004776,12.267544,/home/kai/work/GAT_BPC_moonTerk/runs/native_live_sri_v1_p0_frozen_paired_promotion_clean_v2_20260722/raw/scale_005/instance_005_logical_graph/repeat_10/2_no_cut/attempt_01
s005:instance_006:r01:o1:live,5,instance_006,1,live/no_cut,1,live,EXACT_CLOSED,0,0.404058,True,True,True,dfaedf6d273c5c56,2.114233,BPC_TREE_OPTIMAL,P0,9f0e7c4f7e2cab50267e197d55a17950aeee35aad388e47448f24873a7e92ba1,0,,0.004459,12.267067,/home/kai/work/GAT_BPC_moonTerk/runs/native_live_sri_v1_p0_frozen_paired_promotion_clean_v2_20260722/raw/scale_005/instance_006_logical_graph/repeat_01/1_live/attempt_01
s005:instance_006:r01:o2:no_cut,5,instance_006,1,live/no_cut,2,no_cut,EXACT_CLOSED,0,0.380735,True,True,True,dfaedf6d273c5c56,2.114233,BPC_TREE_OPTIMAL,no_cut,37c44c29594e0b8b0ba429e5dd3cf7422c07ae17222bb31e16e31e57030d5e63,0,,0.004627,12.256321,/home/kai/work/GAT_BPC_moonTerk/runs/native_live_sri_v1_p0_frozen_paired_promotion_clean_v2_20260722/raw/scale_005/instance_006_logical_graph/repeat_01/2_no_cut/attempt_01
s005:instance_006:r02:o1:no_cut,5,instance_006,2,no_cut/live,1,no_cut,EXACT_CLOSED,0,0.389449,True,True,True,dfaedf6d273c5c56,2.114233,BPC_TREE_OPTIMAL,no_cut,37c44c29594e0b8b0ba429e5dd3cf7422c07ae17222bb31e16e31e57030d5e63,0,,0.004745,12.257858,/home/kai/work/GAT_BPC_moonTerk/runs/native_live_sri_v1_p0_frozen_paired_promotion_clean_v2_20260722/raw/scale_005/instance_006_logical_graph/repeat_02/1_no_cut/attempt_01
s005:instance_006:r02:o2:live,5,instance_006,2,no_cut/live,2,live,EXACT_CLOSED,0,0.371744,True,True,True,dfaedf6d273c5c56,2.114233,BPC_TREE_OPTIMAL,P0,9f0e7c4f7e2cab50267e197d55a17950aeee35aad388e47448f24873a7e92ba1,0,,0.004559,12.250347,/home/kai/work/GAT_BPC_moonTerk/runs/native_live_sri_v1_p0_frozen_paired_promotion_clean_v2_20260722/raw/scale_005/instance_006_logical_graph/repeat_02/2_live/attempt_01
s005:instance_006:r03:o1:live,5,instance_006,3,live/no_cut,1,live,EXACT_CLOSED,0,0.38551,True,True,True,dfaedf6d273c5c56,2.114233,BPC_TREE_OPTIMAL,P0,9f0e7c4f7e2cab50267e197d55a17950aeee35aad388e47448f24873a7e92ba1,0,,0.004547,12.250835,/home/kai/work/GAT_BPC_moonTerk/runs/native_live_sri_v1_p0_frozen_paired_promotion_clean_v2_20260722/raw/scale_005/instance_006_logical_graph/repeat_03/1_live/attempt_01
s005:instance_006:r03:o2:no_cut,5,instance_006,3,live/no_cut,2,no_cut,EXACT_CLOSED,0,0.400229,True,True,True,dfaedf6d273c5c56,2.114233,BPC_TREE_OPTIMAL,no_cut,37c44c29594e0b8b0ba429e5dd3cf7422c07ae17222bb31e16e31e57030d5e63,0,,0.004459,12.243481,/home/kai/work/GAT_BPC_moonTerk/runs/native_live_sri_v1_p0_frozen_paired_promotion_clean_v2_20260722/raw/scale_005/instance_006_logical_graph/repeat_03/2_no_cut/attempt_01
s005:instance_006:r04:o1:no_cut,5,instance_006,4,no_cut/live,1,no_cut,EXACT_CLOSED,0,0.380678,True,True,True,dfaedf6d273c5c56,2.114233,BPC_TREE_OPTIMAL,no_cut,37c44c29594e0b8b0ba429e5dd3cf7422c07ae17222bb31e16e31e57030d5e63,0,,0.004452,12.242432,/home/kai/work/GAT_BPC_moonTerk/runs/native_live_sri_v1_p0_frozen_paired_promotion_clean_v2_20260722/raw/scale_005/instance_006_logical_graph/repeat_04/1_no_cut/attempt_01
s005:instance_006:r04:o2:live,5,instance_006,4,no_cut/live,2,live,EXACT_CLOSED,0,0.377038,True,True,True,dfaedf6d273c5c56,2.114233,BPC_TREE_OPTIMAL,P0,9f0e7c4f7e2cab50267e197d55a17950aeee35aad388e47448f24873a7e92ba1,0,,0.004345,12.239162,/home/kai/work/GAT_BPC_moonTerk/runs/native_live_sri_v1_p0_frozen_paired_promotion_clean_v2_20260722/raw/scale_005/instance_006_logical_graph/repeat_04/2_live/attempt_01
s005:instance_006:r05:o1:live,5,instance_006,5,live/no_cut,1,live,EXACT_CLOSED,0,0.40506,True,True,True,dfaedf6d273c5c56,2.114233,BPC_TREE_OPTIMAL,P0,9f0e7c4f7e2cab50267e197d55a17950aeee35aad388e47448f24873a7e92ba1,0,,0.004616,12.243561,/home/kai/work/GAT_BPC_moonTerk/runs/native_live_sri_v1_p0_frozen_paired_promotion_clean_v2_20260722/raw/scale_005/instance_006_logical_graph/repeat_05/1_live/attempt_01
s005:instance_006:r05:o2:no_cut,5,instance_006,5,live/no_cut,2,no_cut,EXACT_CLOSED,0,0.39587,True,True,True,dfaedf6d273c5c56,2.114233,BPC_TREE_OPTIMAL,no_cut,37c44c29594e0b8b0ba429e5dd3cf7422c07ae17222bb31e16e31e57030d5e63,0,,0.004406,12.239697,/home/kai/work/GAT_BPC_moonTerk/runs/native_live_sri_v1_p0_frozen_paired_promotion_clean_v2_20260722/raw/scale_005/instance_006_logical_graph/repeat_05/2_no_cut/attempt_01
s005:instance_006:r06:o1:no_cut,5,instance_006,6,no_cut/live,1,no_cut,EXACT_CLOSED,0,0.39819,True,True,True,dfaedf6d273c5c56,2.114233,BPC_TREE_OPTIMAL,no_cut,37c44c29594e0b8b0ba429e5dd3cf7422c07ae17222bb31e16e31e57030d5e63,0,,0.00444,12.236382,/home/kai/work/GAT_BPC_moonTerk/runs/native_live_sri_v1_p0_frozen_paired_promotion_clean_v2_20260722/raw/scale_005/instance_006_logical_graph/repeat_06/1_no_cut/attempt_01
s005:instance_006:r06:o2:live,5,instance_006,6,no_cut/live,2,live,EXACT_CLOSED,0,0.421972,True,True,True,dfaedf6d273c5c56,2.114233,BPC_TREE_OPTIMAL,P0,9f0e7c4f7e2cab50267e197d55a17950aeee35aad388e47448f24873a7e92ba1,0,,0.00465,12.235924,/home/kai/work/GAT_BPC_moonTerk/runs/native_live_sri_v1_p0_frozen_paired_promotion_clean_v2_20260722/raw/scale_005/instance_006_logical_graph/repeat_06/2_live/attempt_01
s005:instance_006:r07:o1:live,5,instance_006,7,live/no_cut,1,live,EXACT_CLOSED,0,0.361141,True,True,True,dfaedf6d273c5c56,2.114233,BPC_TREE_OPTIMAL,P0,9f0e7c4f7e2cab50267e197d55a17950aeee35aad388e47448f24873a7e92ba1,0,,0.004471,12.231049,/home/kai/work/GAT_BPC_moonTerk/runs/native_live_sri_v1_p0_frozen_paired_promotion_clean_v2_20260722/raw/scale_005/instance_006_logical_graph/repeat_07/1_live/attempt_01
s005:instance_006:r07:o2:no_cut,5,instance_006,7,live/no_cut,2,no_cut,EXACT_CLOSED,0,0.415679,True,True,True,dfaedf6d273c5c56,2.114233,BPC_TREE_OPTIMAL,no_cut,37c44c29594e0b8b0ba429e5dd3cf7422c07ae17222bb31e16e31e57030d5e63,0,,0.004585,12.229912,/home/kai/work/GAT_BPC_moonTerk/runs/native_live_sri_v1_p0_frozen_paired_promotion_clean_v2_20260722/raw/scale_005/instance_006_logical_graph/repeat_07/2_no_cut/attempt_01
s005:instance_006:r08:o1:no_cut,5,instance_006,8,no_cut/live,1,no_cut,EXACT_CLOSED,0,0.3803,True,True,True,dfaedf6d273c5c56,2.114233,BPC_TREE_OPTIMAL,no_cut,37c44c29594e0b8b0ba429e5dd3cf7422c07ae17222bb31e16e31e57030d5e63,0,,0.004635,12.221329,/home/kai/work/GAT_BPC_moonTerk/runs/native_live_sri_v1_p0_frozen_paired_promotion_clean_v2_20260722/raw/scale_005/instance_006_logical_graph/repeat_08/1_no_cut/attempt_01
s005:instance_006:r08:o2:live,5,instance_006,8,no_cut/live,2,live,EXACT_CLOSED,0,0.391974,True,True,True,dfaedf6d273c5c56,2.114233,BPC_TREE_OPTIMAL,P0,9f0e7c4f7e2cab50267e197d55a17950aeee35aad388e47448f24873a7e92ba1,0,,0.004745,12.217186,/home/kai/work/GAT_BPC_moonTerk/runs/native_live_sri_v1_p0_frozen_paired_promotion_clean_v2_20260722/raw/scale_005/instance_006_logical_graph/repeat_08/2_live/attempt_01
s005:instance_006:r09:o1:live,5,instance_006,9,live/no_cut,1,live,EXACT_CLOSED,0,0.376353,True,True,True,dfaedf6d273c5c56,2.114233,BPC_TREE_OPTIMAL,P0,9f0e7c4f7e2cab50267e197d55a17950aeee35aad388e47448f24873a7e92ba1,0,,0.004509,12.212795,/home/kai/work/GAT_BPC_moonTerk/runs/native_live_sri_v1_p0_frozen_paired_promotion_clean_v2_20260722/raw/scale_005/instance_006_logical_graph/repeat_09/1_live/attempt_01
s005:instance_006:r09:o2:no_cut,5,instance_006,9,live/no_cut,2,no_cut,EXACT_CLOSED,0,0.382326,True,True,True,dfaedf6d273c5c56,2.114233,BPC_TREE_OPTIMAL,no_cut,37c44c29594e0b8b0ba429e5dd3cf7422c07ae17222bb31e16e31e57030d5e63,0,,0.004501,12.217373,/home/kai/work/GAT_BPC_moonTerk/runs/native_live_sri_v1_p0_frozen_paired_promotion_clean_v2_20260722/raw/scale_005/instance_006_logical_graph/repeat_09/2_no_cut/attempt_01
s005:instance_006:r10:o1:no_cut,5,instance_006,10,no_cut/live,1,no_cut,EXACT_CLOSED,0,0.387031,True,True,True,dfaedf6d273c5c56,2.114233,BPC_TREE_OPTIMAL,no_cut,37c44c29594e0b8b0ba429e5dd3cf7422c07ae17222bb31e16e31e57030d5e63,0,,0.004528,12.210594,/home/kai/work/GAT_BPC_moonTerk/runs/native_live_sri_v1_p0_frozen_paired_promotion_clean_v2_20260722/raw/scale_005/instance_006_logical_graph/repeat_10/1_no_cut/attempt_01
s005:instance_006:r10:o2:live,5,instance_006,10,no_cut/live,2,live,EXACT_CLOSED,0,0.39376,True,True,True,dfaedf6d273c5c56,2.114233,BPC_TREE_OPTIMAL,P0,9f0e7c4f7e2cab50267e197d55a17950aeee35aad388e47448f24873a7e92ba1,0,,0.004864,12.214127,/home/kai/work/GAT_BPC_moonTerk/runs/native_live_sri_v1_p0_frozen_paired_promotion_clean_v2_20260722/raw/scale_005/instance_006_logical_graph/repeat_10/2_live/attempt_01
s005:instance_007:r01:o1:no_cut,5,instance_007,1,no_cut/live,1,no_cut,EXACT_CLOSED,0,0.381922,True,True,True,dfaedf6d273c5c56,2.140463,BPC_TREE_OPTIMAL,no_cut,37c44c29594e0b8b0ba429e5dd3cf7422c07ae17222bb31e16e31e57030d5e63,0,,0.004498,12.210262,/home/kai/work/GAT_BPC_moonTerk/runs/native_live_sri_v1_p0_frozen_paired_promotion_clean_v2_20260722/raw/scale_005/instance_007_logical_graph/repeat_01/1_no_cut/attempt_01
s005:instance_007:r01:o2:live,5,instance_007,1,no_cut/live,2,live,EXACT_CLOSED,0,0.422876,True,True,True,dfaedf6d273c5c56,2.140463,BPC_TREE_OPTIMAL,P0,9f0e7c4f7e2cab50267e197d55a17950aeee35aad388e47448f24873a7e92ba1,0,,0.004608,12.20628,/home/kai/work/GAT_BPC_moonTerk/runs/native_live_sri_v1_p0_frozen_paired_promotion_clean_v2_20260722/raw/scale_005/instance_007_logical_graph/repeat_01/2_live/attempt_01
s005:instance_007:r02:o1:live,5,instance_007,2,live/no_cut,1,live,EXACT_CLOSED,0,0.390648,True,True,True,dfaedf6d273c5c56,2.140463,BPC_TREE_OPTIMAL,P0,9f0e7c4f7e2cab50267e197d55a17950aeee35aad388e47448f24873a7e92ba1,0,,0.004581,12.203548,/home/kai/work/GAT_BPC_moonTerk/runs/native_live_sri_v1_p0_frozen_paired_promotion_clean_v2_20260722/raw/scale_005/instance_007_logical_graph/repeat_02/1_live/attempt_01
s005:instance_007:r02:o2:no_cut,5,instance_007,2,live/no_cut,2,no_cut,EXACT_CLOSED,0,0.380025,True,True,True,dfaedf6d273c5c56,2.140463,BPC_TREE_OPTIMAL,no_cut,37c44c29594e0b8b0ba429e5dd3cf7422c07ae17222bb31e16e31e57030d5e63,0,,0.004295,12.207188,/home/kai/work/GAT_BPC_moonTerk/runs/native_live_sri_v1_p0_frozen_paired_promotion_clean_v2_20260722/raw/scale_005/instance_007_logical_graph/repeat_02/2_no_cut/attempt_01
s005:instance_007:r03:o1:no_cut,5,instance_007,3,no_cut/live,1,no_cut,EXACT_CLOSED,0,0.382857,True,True,True,dfaedf6d273c5c56,2.140463,BPC_TREE_OPTIMAL,no_cut,37c44c29594e0b8b0ba429e5dd3cf7422c07ae17222bb31e16e31e57030d5e63,0,,0.004398,12.202572,/home/kai/work/GAT_BPC_moonTerk/runs/native_live_sri_v1_p0_frozen_paired_promotion_clean_v2_20260722/raw/scale_005/instance_007_logical_graph/repeat_03/1_no_cut/attempt_01
s005:instance_007:r03:o2:live,5,instance_007,3,no_cut/live,2,live,EXACT_CLOSED,0,0.399508,True,True,True,dfaedf6d273c5c56,2.140463,BPC_TREE_OPTIMAL,P0,9f0e7c4f7e2cab50267e197d55a17950aeee35aad388e47448f24873a7e92ba1,0,,0.004623,12.197559,/home/kai/work/GAT_BPC_moonTerk/runs/native_live_sri_v1_p0_frozen_paired_promotion_clean_v2_20260722/raw/scale_005/instance_007_logical_graph/repeat_03/2_live/attempt_01
s005:instance_007:r04:o1:live,5,instance_007,4,live/no_cut,1,live,EXACT_CLOSED,0,0.397534,True,True,True,dfaedf6d273c5c56,2.140463,BPC_TREE_OPTIMAL,P0,9f0e7c4f7e2cab50267e197d55a17950aeee35aad388e47448f24873a7e92ba1,0,,0.00449,12.194252,/home/kai/work/GAT_BPC_moonTerk/runs/native_live_sri_v1_p0_frozen_paired_promotion_clean_v2_20260722/raw/scale_005/instance_007_logical_graph/repeat_04/1_live/attempt_01
s005:instance_007:r04:o2:no_cut,5,instance_007,4,live/no_cut,2,no_cut,EXACT_CLOSED,0,0.403899,True,True,True,dfaedf6d273c5c56,2.140463,BPC_TREE_OPTIMAL,no_cut,37c44c29594e0b8b0ba429e5dd3cf7422c07ae17222bb31e16e31e57030d5e63,0,,0.004322,12.190914,/home/kai/work/GAT_BPC_moonTerk/runs/native_live_sri_v1_p0_frozen_paired_promotion_clean_v2_20260722/raw/scale_005/instance_007_logical_graph/repeat_04/2_no_cut/attempt_01
s005:instance_007:r05:o1:no_cut,5,instance_007,5,no_cut/live,1,no_cut,EXACT_CLOSED,0,0.392625,True,True,True,dfaedf6d273c5c56,2.140463,BPC_TREE_OPTIMAL,no_cut,37c44c29594e0b8b0ba429e5dd3cf7422c07ae17222bb31e16e31e57030d5e63,0,,0.004589,12.193966,/home/kai/work/GAT_BPC_moonTerk/runs/native_live_sri_v1_p0_frozen_paired_promotion_clean_v2_20260722/raw/scale_005/instance_007_logical_graph/repeat_05/1_no_cut/attempt_01
s005:instance_007:r05:o2:live,5,instance_007,5,no_cut/live,2,live,EXACT_CLOSED,0,0.404228,True,True,True,dfaedf6d273c5c56,2.140463,BPC_TREE_OPTIMAL,P0,9f0e7c4f7e2cab50267e197d55a17950aeee35aad388e47448f24873a7e92ba1,0,,0.004303,12.187706,/home/kai/work/GAT_BPC_moonTerk/runs/native_live_sri_v1_p0_frozen_paired_promotion_clean_v2_20260722/raw/scale_005/instance_007_logical_graph/repeat_05/2_live/attempt_01
s005:instance_007:r06:o1:live,5,instance_007,6,live/no_cut,1,live,EXACT_CLOSED,0,0.426958,True,True,True,dfaedf6d273c5c56,2.140463,BPC_TREE_OPTIMAL,P0,9f0e7c4f7e2cab50267e197d55a17950aeee35aad388e47448f24873a7e92ba1,0,,0.004581,12.188557,/home/kai/work/GAT_BPC_moonTerk/runs/native_live_sri_v1_p0_frozen_paired_promotion_clean_v2_20260722/raw/scale_005/instance_007_logical_graph/repeat_06/1_live/attempt_01
s005:instance_007:r06:o2:no_cut,5,instance_007,6,live/no_cut,2,no_cut,EXACT_CLOSED,0,0.423763,True,True,True,dfaedf6d273c5c56,2.140463,BPC_TREE_OPTIMAL,no_cut,37c44c29594e0b8b0ba429e5dd3cf7422c07ae17222bb31e16e31e57030d5e63,0,,0.004593,12.183018,/home/kai/work/GAT_BPC_moonTerk/runs/native_live_sri_v1_p0_frozen_paired_promotion_clean_v2_20260722/raw/scale_005/instance_007_logical_graph/repeat_06/2_no_cut/attempt_01
s005:instance_007:r07:o1:no_cut,5,instance_007,7,no_cut/live,1,no_cut,EXACT_CLOSED,0,0.404133,True,True,True,dfaedf6d273c5c56,2.140463,BPC_TREE_OPTIMAL,no_cut,37c44c29594e0b8b0ba429e5dd3cf7422c07ae17222bb31e16e31e57030d5e63,0,,0.004498,12.869282,/home/kai/work/GAT_BPC_moonTerk/runs/native_live_sri_v1_p0_frozen_paired_promotion_clean_v2_20260722/raw/scale_005/instance_007_logical_graph/repeat_07/1_no_cut/attempt_01
s005:instance_007:r07:o2:live,5,instance_007,7,no_cut/live,2,live,EXACT_CLOSED,0,0.39402,True,True,True,dfaedf6d273c5c56,2.140463,BPC_TREE_OPTIMAL,P0,9f0e7c4f7e2cab50267e197d55a17950aeee35aad388e47448f24873a7e92ba1,0,,0.00666,12.883526,/home/kai/work/GAT_BPC_moonTerk/runs/native_live_sri_v1_p0_frozen_paired_promotion_clean_v2_20260722/raw/scale_005/instance_007_logical_graph/repeat_07/2_live/attempt_01
s005:instance_007:r08:o1:live,5,instance_007,8,live/no_cut,1,live,EXACT_CLOSED,0,0.398682,True,True,True,dfaedf6d273c5c56,2.140463,BPC_TREE_OPTIMAL,P0,9f0e7c4f7e2cab50267e197d55a17950aeee35aad388e47448f24873a7e92ba1,0,,0.004772,12.88559,/home/kai/work/GAT_BPC_moonTerk/runs/native_live_sri_v1_p0_frozen_paired_promotion_clean_v2_20260722/raw/scale_005/instance_007_logical_graph/repeat_08/1_live/attempt_01
s005:instance_007:r08:o2:no_cut,5,instance_007,8,live/no_cut,2,no_cut,EXACT_CLOSED,0,0.412723,True,True,True,dfaedf6d273c5c56,2.140463,BPC_TREE_OPTIMAL,no_cut,37c44c29594e0b8b0ba429e5dd3cf7422c07ae17222bb31e16e31e57030d5e63,0,,0.004486,12.882248,/home/kai/work/GAT_BPC_moonTerk/runs/native_live_sri_v1_p0_frozen_paired_promotion_clean_v2_20260722/raw/scale_005/instance_007_logical_graph/repeat_08/2_no_cut/attempt_01
s005:instance_007:r09:o1:no_cut,5,instance_007,9,no_cut/live,1,no_cut,EXACT_CLOSED,0,0.389384,True,True,True,dfaedf6d273c5c56,2.140463,BPC_TREE_OPTIMAL,no_cut,37c44c29594e0b8b0ba429e5dd3cf7422c07ae17222bb31e16e31e57030d5e63,0,,0.004471,12.866737,/home/kai/work/GAT_BPC_moonTerk/runs/native_live_sri_v1_p0_frozen_paired_promotion_clean_v2_20260722/raw/scale_005/instance_007_logical_graph/repeat_09/1_no_cut/attempt_01
s005:instance_007:r09:o2:live,5,instance_007,9,no_cut/live,2,live,EXACT_CLOSED,0,0.414974,True,True,True,dfaedf6d273c5c56,2.140463,BPC_TREE_OPTIMAL,P0,9f0e7c4f7e2cab50267e197d55a17950aeee35aad388e47448f24873a7e92ba1,0,,0.00634,12.858738,/home/kai/work/GAT_BPC_moonTerk/runs/native_live_sri_v1_p0_frozen_paired_promotion_clean_v2_20260722/raw/scale_005/instance_007_logical_graph/repeat_09/2_live/attempt_01
s005:instance_007:r10:o1:live,5,instance_007,10,live/no_cut,1,live,EXACT_CLOSED,0,0.416183,True,True,True,dfaedf6d273c5c56,2.140463,BPC_TREE_OPTIMAL,P0,9f0e7c4f7e2cab50267e197d55a17950aeee35aad388e47448f24873a7e92ba1,0,,0.004387,12.857269,/home/kai/work/GAT_BPC_moonTerk/runs/native_live_sri_v1_p0_frozen_paired_promotion_clean_v2_20260722/raw/scale_005/instance_007_logical_graph/repeat_10/1_live/attempt_01
s005:instance_007:r10:o2:no_cut,5,instance_007,10,live/no_cut,2,no_cut,EXACT_CLOSED,0,0.409433,True,True,True,dfaedf6d273c5c56,2.140463,BPC_TREE_OPTIMAL,no_cut,37c44c29594e0b8b0ba429e5dd3cf7422c07ae17222bb31e16e31e57030d5e63,0,,0.004581,12.852127,/home/kai/work/GAT_BPC_moonTerk/runs/native_live_sri_v1_p0_frozen_paired_promotion_clean_v2_20260722/raw/scale_005/instance_007_logical_graph/repeat_10/2_no_cut/attempt_01
s005:instance_008:r01:o1:live,5,instance_008,1,live/no_cut,1,live,EXACT_CLOSED,0,0.407426,True,True,True,dfaedf6d273c5c56,2.100262,BPC_TREE_OPTIMAL,P0,9f0e7c4f7e2cab50267e197d55a17950aeee35aad388e47448f24873a7e92ba1,0,,0.004482,12.852657,/home/kai/work/GAT_BPC_moonTerk/runs/native_live_sri_v1_p0_frozen_paired_promotion_clean_v2_20260722/raw/scale_005/instance_008_logical_graph/repeat_01/1_live/attempt_01
s005:instance_008:r01:o2:no_cut,5,instance_008,1,live/no_cut,2,no_cut,EXACT_CLOSED,0,0.425543,True,True,True,dfaedf6d273c5c56,2.100262,BPC_TREE_OPTIMAL,no_cut,37c44c29594e0b8b0ba429e5dd3cf7422c07ae17222bb31e16e31e57030d5e63,0,,0.00531,12.847607,/home/kai/work/GAT_BPC_moonTerk/runs/native_live_sri_v1_p0_frozen_paired_promotion_clean_v2_20260722/raw/scale_005/instance_008_logical_graph/repeat_01/2_no_cut/attempt_01
s005:instance_008:r02:o1:no_cut,5,instance_008,2,no_cut/live,1,no_cut,EXACT_CLOSED,0,0.416565,True,True,True,dfaedf6d273c5c56,2.100262,BPC_TREE_OPTIMAL,no_cut,37c44c29594e0b8b0ba429e5dd3cf7422c07ae17222bb31e16e31e57030d5e63,0,,0.004665,12.853268,/home/kai/work/GAT_BPC_moonTerk/runs/native_live_sri_v1_p0_frozen_paired_promotion_clean_v2_20260722/raw/scale_005/instance_008_logical_graph/repeat_02/1_no_cut/attempt_01
s005:instance_008:r02:o2:live,5,instance_008,2,no_cut/live,2,live,EXACT_CLOSED,0,0.385008,True,True,True,dfaedf6d273c5c56,2.100262,BPC_TREE_OPTIMAL,P0,9f0e7c4f7e2cab50267e197d55a17950aeee35aad388e47448f24873a7e92ba1,0,,0.006199,12.846531,/home/kai/work/GAT_BPC_moonTerk/runs/native_live_sri_v1_p0_frozen_paired_promotion_clean_v2_20260722/raw/scale_005/instance_008_logical_graph/repeat_02/2_live/attempt_01
s005:instance_008:r03:o1:live,5,instance_008,3,live/no_cut,1,live,EXACT_CLOSED,0,0.416788,True,True,True,dfaedf6d273c5c56,2.100262,BPC_TREE_OPTIMAL,P0,9f0e7c4f7e2cab50267e197d55a17950aeee35aad388e47448f24873a7e92ba1,0,,0.004383,12.84523,/home/kai/work/GAT_BPC_moonTerk/runs/native_live_sri_v1_p0_frozen_paired_promotion_clean_v2_20260722/raw/scale_005/instance_008_logical_graph/repeat_03/1_live/attempt_01
s005:instance_008:r03:o2:no_cut,5,instance_008,3,live/no_cut,2,no_cut,EXACT_CLOSED,0,0.439323,True,True,True,dfaedf6d273c5c56,2.100262,BPC_TREE_OPTIMAL,no_cut,37c44c29594e0b8b0ba429e5dd3cf7422c07ae17222bb31e16e31e57030d5e63,0,,0.004501,12.841942,/home/kai/work/GAT_BPC_moonTerk/runs/native_live_sri_v1_p0_frozen_paired_promotion_clean_v2_20260722/raw/scale_005/instance_008_logical_graph/repeat_03/2_no_cut/attempt_01
s005:instance_008:r04:o1:no_cut,5,instance_008,4,no_cut/live,1,no_cut,EXACT_CLOSED,0,0.391345,True,True,True,dfaedf6d273c5c56,2.100262,BPC_TREE_OPTIMAL,no_cut,37c44c29594e0b8b0ba429e5dd3cf7422c07ae17222bb31e16e31e57030d5e63,0,,0.004631,12.844162,/home/kai/work/GAT_BPC_moonTerk/runs/native_live_sri_v1_p0_frozen_paired_promotion_clean_v2_20260722/raw/scale_005/instance_008_logical_graph/repeat_04/1_no_cut/attempt_01
s005:instance_008:r04:o2:live,5,instance_008,4,no_cut/live,2,live,EXACT_CLOSED,0,0.403059,True,True,True,dfaedf6d273c5c56,2.100262,BPC_TREE_OPTIMAL,P0,9f0e7c4f7e2cab50267e197d55a17950aeee35aad388e47448f24873a7e92ba1,0,,0.004368,12.840569,/home/kai/work/GAT_BPC_moonTerk/runs/native_live_sri_v1_p0_frozen_paired_promotion_clean_v2_20260722/raw/scale_005/instance_008_logical_graph/repeat_04/2_live/attempt_01
s005:instance_008:r05:o1:live,5,instance_008,5,live/no_cut,1,live,EXACT_CLOSED,0,0.421234,True,True,True,dfaedf6d273c5c56,2.100262,BPC_TREE_OPTIMAL,P0,9f0e7c4f7e2cab50267e197d55a17950aeee35aad388e47448f24873a7e92ba1,0,,0.004498,12.838985,/home/kai/work/GAT_BPC_moonTerk/runs/native_live_sri_v1_p0_frozen_paired_promotion_clean_v2_20260722/raw/scale_005/instance_008_logical_graph/repeat_05/1_live/attempt_01
s005:instance_008:r05:o2:no_cut,5,instance_008,5,live/no_cut,2,no_cut,EXACT_CLOSED,0,0.407758,True,True,True,dfaedf6d273c5c56,2.100262,BPC_TREE_OPTIMAL,no_cut,37c44c29594e0b8b0ba429e5dd3cf7422c07ae17222bb31e16e31e57030d5e63,0,,0.00449,12.841255,/home/kai/work/GAT_BPC_moonTerk/runs/native_live_sri_v1_p0_frozen_paired_promotion_clean_v2_20260722/raw/scale_005/instance_008_logical_graph/repeat_05/2_no_cut/attempt_01
s005:instance_008:r06:o1:no_cut,5,instance_008,6,no_cut/live,1,no_cut,EXACT_CLOSED,0,0.39896,True,True,True,dfaedf6d273c5c56,2.100262,BPC_TREE_OPTIMAL,no_cut,37c44c29594e0b8b0ba429e5dd3cf7422c07ae17222bb31e16e31e57030d5e63,0,,0.004841,12.847359,/home/kai/work/GAT_BPC_moonTerk/runs/native_live_sri_v1_p0_frozen_paired_promotion_clean_v2_20260722/raw/scale_005/instance_008_logical_graph/repeat_06/1_no_cut/attempt_01
s005:instance_008:r06:o2:live,5,instance_008,6,no_cut/live,2,live,EXACT_CLOSED,0,0.430009,True,True,True,dfaedf6d273c5c56,2.100262,BPC_TREE_OPTIMAL,P0,9f0e7c4f7e2cab50267e197d55a17950aeee35aad388e47448f24873a7e92ba1,0,,0.00441,12.846321,/home/kai/work/GAT_BPC_moonTerk/runs/native_live_sri_v1_p0_frozen_paired_promotion_clean_v2_20260722/raw/scale_005/instance_008_logical_graph/repeat_06/2_live/attempt_01
s005:instance_008:r07:o1:live,5,instance_008,7,live/no_cut,1,live,EXACT_CLOSED,0,0.41281,True,True,True,dfaedf6d273c5c56,2.100262,BPC_TREE_OPTIMAL,P0,9f0e7c4f7e2cab50267e197d55a17950aeee35aad388e47448f24873a7e92ba1,0,,0.00449,12.847477,/home/kai/work/GAT_BPC_moonTerk/runs/native_live_sri_v1_p0_frozen_paired_promotion_clean_v2_20260722/raw/scale_005/instance_008_logical_graph/repeat_07/1_live/attempt_01
s005:instance_008:r07:o2:no_cut,5,instance_008,7,live/no_cut,2,no_cut,EXACT_CLOSED,0,0.416574,True,True,True,dfaedf6d273c5c56,2.100262,BPC_TREE_OPTIMAL,no_cut,37c44c29594e0b8b0ba429e5dd3cf7422c07ae17222bb31e16e31e57030d5e63,0,,0.004498,12.843643,/home/kai/work/GAT_BPC_moonTerk/runs/native_live_sri_v1_p0_frozen_paired_promotion_clean_v2_20260722/raw/scale_005/instance_008_logical_graph/repeat_07/2_no_cut/attempt_01
s005:instance_008:r08:o1:no_cut,5,instance_008,8,no_cut/live,1,no_cut,EXACT_CLOSED,0,0.405306,True,True,True,dfaedf6d273c5c56,2.100262,BPC_TREE_OPTIMAL,no_cut,37c44c29594e0b8b0ba429e5dd3cf7422c07ae17222bb31e16e31e57030d5e63,0,,0.004673,12.843945,/home/kai/work/GAT_BPC_moonTerk/runs/native_live_sri_v1_p0_frozen_paired_promotion_clean_v2_20260722/raw/scale_005/instance_008_logical_graph/repeat_08/1_no_cut/attempt_01
s005:instance_008:r08:o2:live,5,instance_008,8,no_cut/live,2,live,EXACT_CLOSED,0,0.409073,True,True,True,dfaedf6d273c5c56,2.100262,BPC_TREE_OPTIMAL,P0,9f0e7c4f7e2cab50267e197d55a17950aeee35aad388e47448f24873a7e92ba1,0,,0.004593,12.846306,/home/kai/work/GAT_BPC_moonTerk/runs/native_live_sri_v1_p0_frozen_paired_promotion_clean_v2_20260722/raw/scale_005/instance_008_logical_graph/repeat_08/2_live/attempt_01
s005:instance_008:r09:o1:live,5,instance_008,9,live/no_cut,1,live,EXACT_CLOSED,0,0.419919,True,True,True,dfaedf6d273c5c56,2.100262,BPC_TREE_OPTIMAL,P0,9f0e7c4f7e2cab50267e197d55a17950aeee35aad388e47448f24873a7e92ba1,0,,0.004562,12.839848,/home/kai/work/GAT_BPC_moonTerk/runs/native_live_sri_v1_p0_frozen_paired_promotion_clean_v2_20260722/raw/scale_005/instance_008_logical_graph/repeat_09/1_live/attempt_01
s005:instance_008:r09:o2:no_cut,5,instance_008,9,live/no_cut,2,no_cut,EXACT_CLOSED,0,0.408924,True,True,True,dfaedf6d273c5c56,2.100262,BPC_TREE_OPTIMAL,no_cut,37c44c29594e0b8b0ba429e5dd3cf7422c07ae17222bb31e16e31e57030d5e63,0,,0.004608,12.836628,/home/kai/work/GAT_BPC_moonTerk/runs/native_live_sri_v1_p0_frozen_paired_promotion_clean_v2_20260722/raw/scale_005/instance_008_logical_graph/repeat_09/2_no_cut/attempt_01
s005:instance_008:r10:o1:no_cut,5,instance_008,10,no_cut/live,1,no_cut,EXACT_CLOSED,0,0.393766,True,True,True,dfaedf6d273c5c56,2.100262,BPC_TREE_OPTIMAL,no_cut,37c44c29594e0b8b0ba429e5dd3cf7422c07ae17222bb31e16e31e57030d5e63,0,,0.004608,12.840927,/home/kai/work/GAT_BPC_moonTerk/runs/native_live_sri_v1_p0_frozen_paired_promotion_clean_v2_20260722/raw/scale_005/instance_008_logical_graph/repeat_10/1_no_cut/attempt_01
s005:instance_008:r10:o2:live,5,instance_008,10,no_cut/live,2,live,EXACT_CLOSED,0,0.404084,True,True,True,dfaedf6d273c5c56,2.100262,BPC_TREE_OPTIMAL,P0,9f0e7c4f7e2cab50267e197d55a17950aeee35aad388e47448f24873a7e92ba1,0,,0.004555,12.832714,/home/kai/work/GAT_BPC_moonTerk/runs/native_live_sri_v1_p0_frozen_paired_promotion_clean_v2_20260722/raw/scale_005/instance_008_logical_graph/repeat_10/2_live/attempt_01
s005:instance_009:r01:o1:no_cut,5,instance_009,1,no_cut/live,1,no_cut,EXACT_CLOSED,0,0.382448,True,True,True,dfaedf6d273c5c56,2.096863,BPC_TREE_OPTIMAL,no_cut,37c44c29594e0b8b0ba429e5dd3cf7422c07ae17222bb31e16e31e57030d5e63,0,,0.004604,12.832474,/home/kai/work/GAT_BPC_moonTerk/runs/native_live_sri_v1_p0_frozen_paired_promotion_clean_v2_20260722/raw/scale_005/instance_009_logical_graph/repeat_01/1_no_cut/attempt_01
s005:instance_009:r01:o2:live,5,instance_009,1,no_cut/live,2,live,EXACT_CLOSED,0,0.370623,True,True,True,dfaedf6d273c5c56,2.096863,BPC_TREE_OPTIMAL,P0,9f0e7c4f7e2cab50267e197d55a17950aeee35aad388e47448f24873a7e92ba1,0,,0.004604,12.830345,/home/kai/work/GAT_BPC_moonTerk/runs/native_live_sri_v1_p0_frozen_paired_promotion_clean_v2_20260722/raw/scale_005/instance_009_logical_graph/repeat_01/2_live/attempt_01
s005:instance_009:r02:o1:live,5,instance_009,2,live/no_cut,1,live,EXACT_CLOSED,0,0.381185,True,True,True,dfaedf6d273c5c56,2.096863,BPC_TREE_OPTIMAL,P0,9f0e7c4f7e2cab50267e197d55a17950aeee35aad388e47448f24873a7e92ba1,0,,0.004444,12.833374,/home/kai/work/GAT_BPC_moonTerk/runs/native_live_sri_v1_p0_frozen_paired_promotion_clean_v2_20260722/raw/scale_005/instance_009_logical_graph/repeat_02/1_live/attempt_01
s005:instance_009:r02:o2:no_cut,5,instance_009,2,live/no_cut,2,no_cut,EXACT_CLOSED,0,0.406417,True,True,True,dfaedf6d273c5c56,2.096863,BPC_TREE_OPTIMAL,no_cut,37c44c29594e0b8b0ba429e5dd3cf7422c07ae17222bb31e16e31e57030d5e63,0,,0.004456,12.829128,/home/kai/work/GAT_BPC_moonTerk/runs/native_live_sri_v1_p0_frozen_paired_promotion_clean_v2_20260722/raw/scale_005/instance_009_logical_graph/repeat_02/2_no_cut/attempt_01
s005:instance_009:r03:o1:no_cut,5,instance_009,3,no_cut/live,1,no_cut,EXACT_CLOSED,0,0.387901,True,True,True,dfaedf6d273c5c56,2.096863,BPC_TREE_OPTIMAL,no_cut,37c44c29594e0b8b0ba429e5dd3cf7422c07ae17222bb31e16e31e57030d5e63,0,,0.004517,12.825706,/home/kai/work/GAT_BPC_moonTerk/runs/native_live_sri_v1_p0_frozen_paired_promotion_clean_v2_20260722/raw/scale_005/instance_009_logical_graph/repeat_03/1_no_cut/attempt_01
s005:instance_009:r03:o2:live,5,instance_009,3,no_cut/live,2,live,EXACT_CLOSED,0,0.39773,True,True,True,dfaedf6d273c5c56,2.096863,BPC_TREE_OPTIMAL,P0,9f0e7c4f7e2cab50267e197d55a17950aeee35aad388e47448f24873a7e92ba1,0,,0.004612,12.829865,/home/kai/work/GAT_BPC_moonTerk/runs/native_live_sri_v1_p0_frozen_paired_promotion_clean_v2_20260722/raw/scale_005/instance_009_logical_graph/repeat_03/2_live/attempt_01
s005:instance_009:r04:o1:live,5,instance_009,4,live/no_cut,1,live,EXACT_CLOSED,0,0.381489,True,True,True,dfaedf6d273c5c56,2.096863,BPC_TREE_OPTIMAL,P0,9f0e7c4f7e2cab50267e197d55a17950aeee35aad388e47448f24873a7e92ba1,0,,0.004665,12.827953,/home/kai/work/GAT_BPC_moonTerk/runs/native_live_sri_v1_p0_frozen_paired_promotion_clean_v2_20260722/raw/scale_005/instance_009_logical_graph/repeat_04/1_live/attempt_01
s005:instance_009:r04:o2:no_cut,5,instance_009,4,live/no_cut,2,no_cut,EXACT_CLOSED,0,0.401455,True,True,True,dfaedf6d273c5c56,2.096863,BPC_TREE_OPTIMAL,no_cut,37c44c29594e0b8b0ba429e5dd3cf7422c07ae17222bb31e16e31e57030d5e63,0,,0.004543,12.828548,/home/kai/work/GAT_BPC_moonTerk/runs/native_live_sri_v1_p0_frozen_paired_promotion_clean_v2_20260722/raw/scale_005/instance_009_logical_graph/repeat_04/2_no_cut/attempt_01
s005:instance_009:r05:o1:no_cut,5,instance_009,5,no_cut/live,1,no_cut,EXACT_CLOSED,0,0.379296,True,True,True,dfaedf6d273c5c56,2.096863,BPC_TREE_OPTIMAL,no_cut,37c44c29594e0b8b0ba429e5dd3cf7422c07ae17222bb31e16e31e57030d5e63,0,,0.004326,12.823574,/home/kai/work/GAT_BPC_moonTerk/runs/native_live_sri_v1_p0_frozen_paired_promotion_clean_v2_20260722/raw/scale_005/instance_009_logical_graph/repeat_05/1_no_cut/attempt_01
s005:instance_009:r05:o2:live,5,instance_009,5,no_cut/live,2,live,EXACT_CLOSED,0,0.375776,True,True,True,dfaedf6d273c5c56,2.096863,BPC_TREE_OPTIMAL,P0,9f0e7c4f7e2cab50267e197d55a17950aeee35aad388e47448f24873a7e92ba1,0,,0.004768,12.822865,/home/kai/work/GAT_BPC_moonTerk/runs/native_live_sri_v1_p0_frozen_paired_promotion_clean_v2_20260722/raw/scale_005/instance_009_logical_graph/repeat_05/2_live/attempt_01
s005:instance_009:r06:o1:live,5,instance_009,6,live/no_cut,1,live,EXACT_CLOSED,0,0.410061,True,True,True,dfaedf6d273c5c56,2.096863,BPC_TREE_OPTIMAL,P0,9f0e7c4f7e2cab50267e197d55a17950aeee35aad388e47448f24873a7e92ba1,0,,0.004532,12.822258,/home/kai/work/GAT_BPC_moonTerk/runs/native_live_sri_v1_p0_frozen_paired_promotion_clean_v2_20260722/raw/scale_005/instance_009_logical_graph/repeat_06/1_live/attempt_01
s005:instance_009:r06:o2:no_cut,5,instance_009,6,live/no_cut,2,no_cut,EXACT_CLOSED,0,0.406049,True,True,True,dfaedf6d273c5c56,2.096863,BPC_TREE_OPTIMAL,no_cut,37c44c29594e0b8b0ba429e5dd3cf7422c07ae17222bb31e16e31e57030d5e63,0,,0.004478,12.823174,/home/kai/work/GAT_BPC_moonTerk/runs/native_live_sri_v1_p0_frozen_paired_promotion_clean_v2_20260722/raw/scale_005/instance_009_logical_graph/repeat_06/2_no_cut/attempt_01
s005:instance_009:r07:o1:no_cut,5,instance_009,7,no_cut/live,1,no_cut,EXACT_CLOSED,0,0.401124,True,True,True,dfaedf6d273c5c56,2.096863,BPC_TREE_OPTIMAL,no_cut,37c44c29594e0b8b0ba429e5dd3cf7422c07ae17222bb31e16e31e57030d5e63,0,,0.004555,12.819424,/home/kai/work/GAT_BPC_moonTerk/runs/native_live_sri_v1_p0_frozen_paired_promotion_clean_v2_20260722/raw/scale_005/instance_009_logical_graph/repeat_07/1_no_cut/attempt_01
s005:instance_009:r07:o2:live,5,instance_009,7,no_cut/live,2,live,EXACT_CLOSED,0,0.402058,True,True,True,dfaedf6d273c5c56,2.096863,BPC_TREE_OPTIMAL,P0,9f0e7c4f7e2cab50267e197d55a17950aeee35aad388e47448f24873a7e92ba1,0,,0.004372,12.821362,/home/kai/work/GAT_BPC_moonTerk/runs/native_live_sri_v1_p0_frozen_paired_promotion_clean_v2_20260722/raw/scale_005/instance_009_logical_graph/repeat_07/2_live/attempt_01
s005:instance_009:r08:o1:live,5,instance_009,8,live/no_cut,1,live,EXACT_CLOSED,0,0.394155,True,True,True,dfaedf6d273c5c56,2.096863,BPC_TREE_OPTIMAL,P0,9f0e7c4f7e2cab50267e197d55a17950aeee35aad388e47448f24873a7e92ba1,0,,0.004585,12.822124,/home/kai/work/GAT_BPC_moonTerk/runs/native_live_sri_v1_p0_frozen_paired_promotion_clean_v2_20260722/raw/scale_005/instance_009_logical_graph/repeat_08/1_live/attempt_01
s005:instance_009:r08:o2:no_cut,5,instance_009,8,live/no_cut,2,no_cut,EXACT_CLOSED,0,0.435252,True,True,True,dfaedf6d273c5c56,2.096863,BPC_TREE_OPTIMAL,no_cut,37c44c29594e0b8b0ba429e5dd3cf7422c07ae17222bb31e16e31e57030d5e63,0,,0.004543,12.821541,/home/kai/work/GAT_BPC_moonTerk/runs/native_live_sri_v1_p0_frozen_paired_promotion_clean_v2_20260722/raw/scale_005/instance_009_logical_graph/repeat_08/2_no_cut/attempt_01
s005:instance_009:r09:o1:no_cut,5,instance_009,9,no_cut/live,1,no_cut,EXACT_CLOSED,0,0.404901,True,True,True,dfaedf6d273c5c56,2.096863,BPC_TREE_OPTIMAL,no_cut,37c44c29594e0b8b0ba429e5dd3cf7422c07ae17222bb31e16e31e57030d5e63,0,,0.004326,12.813683,/home/kai/work/GAT_BPC_moonTerk/runs/native_live_sri_v1_p0_frozen_paired_promotion_clean_v2_20260722/raw/scale_005/instance_009_logical_graph/repeat_09/1_no_cut/attempt_01
s005:instance_009:r09:o2:live,5,instance_009,9,no_cut/live,2,live,EXACT_CLOSED,0,0.43005,True,True,True,dfaedf6d273c5c56,2.096863,BPC_TREE_OPTIMAL,P0,9f0e7c4f7e2cab50267e197d55a17950aeee35aad388e47448f24873a7e92ba1,0,,0.004421,12.821606,/home/kai/work/GAT_BPC_moonTerk/runs/native_live_sri_v1_p0_frozen_paired_promotion_clean_v2_20260722/raw/scale_005/instance_009_logical_graph/repeat_09/2_live/attempt_01
s005:instance_009:r10:o1:live,5,instance_009,10,live/no_cut,1,live,EXACT_CLOSED,0,0.390521,True,True,True,dfaedf6d273c5c56,2.096863,BPC_TREE_OPTIMAL,P0,9f0e7c4f7e2cab50267e197d55a17950aeee35aad388e47448f24873a7e92ba1,0,,0.004536,12.823879,/home/kai/work/GAT_BPC_moonTerk/runs/native_live_sri_v1_p0_frozen_paired_promotion_clean_v2_20260722/raw/scale_005/instance_009_logical_graph/repeat_10/1_live/attempt_01
s005:instance_009:r10:o2:no_cut,5,instance_009,10,live/no_cut,2,no_cut,EXACT_CLOSED,0,0.398816,True,True,True,dfaedf6d273c5c56,2.096863,BPC_TREE_OPTIMAL,no_cut,37c44c29594e0b8b0ba429e5dd3cf7422c07ae17222bb31e16e31e57030d5e63,0,,0.004639,12.821548,/home/kai/work/GAT_BPC_moonTerk/runs/native_live_sri_v1_p0_frozen_paired_promotion_clean_v2_20260722/raw/scale_005/instance_009_logical_graph/repeat_10/2_no_cut/attempt_01
s005:instance_010:r01:o1:live,5,instance_010,1,live/no_cut,1,live,EXACT_CLOSED,0,0.408676,True,True,True,dfaedf6d273c5c56,2.204695,BPC_TREE_OPTIMAL,P0,9f0e7c4f7e2cab50267e197d55a17950aeee35aad388e47448f24873a7e92ba1,0,,0.004417,12.824902,/home/kai/work/GAT_BPC_moonTerk/runs/native_live_sri_v1_p0_frozen_paired_promotion_clean_v2_20260722/raw/scale_005/instance_010_logical_graph/repeat_01/1_live/attempt_01
s005:instance_010:r01:o2:no_cut,5,instance_010,1,live/no_cut,2,no_cut,EXACT_CLOSED,0,0.401085,True,True,True,dfaedf6d273c5c56,2.204695,BPC_TREE_OPTIMAL,no_cut,37c44c29594e0b8b0ba429e5dd3cf7422c07ae17222bb31e16e31e57030d5e63,0,,0.004101,12.823486,/home/kai/work/GAT_BPC_moonTerk/runs/native_live_sri_v1_p0_frozen_paired_promotion_clean_v2_20260722/raw/scale_005/instance_010_logical_graph/repeat_01/2_no_cut/attempt_01
s005:instance_010:r02:o1:no_cut,5,instance_010,2,no_cut/live,1,no_cut,EXACT_CLOSED,0,0.406442,True,True,True,dfaedf6d273c5c56,2.204695,BPC_TREE_OPTIMAL,no_cut,37c44c29594e0b8b0ba429e5dd3cf7422c07ae17222bb31e16e31e57030d5e63,0,,0.004368,12.82151,/home/kai/work/GAT_BPC_moonTerk/runs/native_live_sri_v1_p0_frozen_paired_promotion_clean_v2_20260722/raw/scale_005/instance_010_logical_graph/repeat_02/1_no_cut/attempt_01
s005:instance_010:r02:o2:live,5,instance_010,2,no_cut/live,2,live,EXACT_CLOSED,0,0.405949,True,True,True,dfaedf6d273c5c56,2.204695,BPC_TREE_OPTIMAL,P0,9f0e7c4f7e2cab50267e197d55a17950aeee35aad388e47448f24873a7e92ba1,0,,0.004623,12.816734,/home/kai/work/GAT_BPC_moonTerk/runs/native_live_sri_v1_p0_frozen_paired_promotion_clean_v2_20260722/raw/scale_005/instance_010_logical_graph/repeat_02/2_live/attempt_01
s005:instance_010:r03:o1:live,5,instance_010,3,live/no_cut,1,live,EXACT_CLOSED,0,0.395815,True,True,True,dfaedf6d273c5c56,2.204695,BPC_TREE_OPTIMAL,P0,9f0e7c4f7e2cab50267e197d55a17950aeee35aad388e47448f24873a7e92ba1,0,,0.00436,12.824596,/home/kai/work/GAT_BPC_moonTerk/runs/native_live_sri_v1_p0_frozen_paired_promotion_clean_v2_20260722/raw/scale_005/instance_010_logical_graph/repeat_03/1_live/attempt_01
s005:instance_010:r03:o2:no_cut,5,instance_010,3,live/no_cut,2,no_cut,EXACT_CLOSED,0,0.413544,True,True,True,dfaedf6d273c5c56,2.204695,BPC_TREE_OPTIMAL,no_cut,37c44c29594e0b8b0ba429e5dd3cf7422c07ae17222bb31e16e31e57030d5e63,0,,0.004612,12.822701,/home/kai/work/GAT_BPC_moonTerk/runs/native_live_sri_v1_p0_frozen_paired_promotion_clean_v2_20260722/raw/scale_005/instance_010_logical_graph/repeat_03/2_no_cut/attempt_01
s005:instance_010:r04:o1:no_cut,5,instance_010,4,no_cut/live,1,no_cut,EXACT_CLOSED,0,0.407943,True,True,True,dfaedf6d273c5c56,2.204695,BPC_TREE_OPTIMAL,no_cut,37c44c29594e0b8b0ba429e5dd3cf7422c07ae17222bb31e16e31e57030d5e63,0,,0.004528,12.820629,/home/kai/work/GAT_BPC_moonTerk/runs/native_live_sri_v1_p0_frozen_paired_promotion_clean_v2_20260722/raw/scale_005/instance_010_logical_graph/repeat_04/1_no_cut/attempt_01
s005:instance_010:r04:o2:live,5,instance_010,4,no_cut/live,2,live,EXACT_CLOSED,0,0.416128,True,True,True,dfaedf6d273c5c56,2.204695,BPC_TREE_OPTIMAL,P0,9f0e7c4f7e2cab50267e197d55a17950aeee35aad388e47448f24873a7e92ba1,0,,0.004417,12.818119,/home/kai/work/GAT_BPC_moonTerk/runs/native_live_sri_v1_p0_frozen_paired_promotion_clean_v2_20260722/raw/scale_005/instance_010_logical_graph/repeat_04/2_live/attempt_01
s005:instance_010:r05:o1:live,5,instance_010,5,live/no_cut,1,live,EXACT_CLOSED,0,0.424421,True,True,True,dfaedf6d273c5c56,2.204695,BPC_TREE_OPTIMAL,P0,9f0e7c4f7e2cab50267e197d55a17950aeee35aad388e47448f24873a7e92ba1,0,,0.004566,12.819828,/home/kai/work/GAT_BPC_moonTerk/runs/native_live_sri_v1_p0_frozen_paired_promotion_clean_v2_20260722/raw/scale_005/instance_010_logical_graph/repeat_05/1_live/attempt_01
s005:instance_010:r05:o2:no_cut,5,instance_010,5,live/no_cut,2,no_cut,EXACT_CLOSED,0,0.414223,True,True,True,dfaedf6d273c5c56,2.204695,BPC_TREE_OPTIMAL,no_cut,37c44c29594e0b8b0ba429e5dd3cf7422c07ae17222bb31e16e31e57030d5e63,0,,0.004597,12.818962,/home/kai/work/GAT_BPC_moonTerk/runs/native_live_sri_v1_p0_frozen_paired_promotion_clean_v2_20260722/raw/scale_005/instance_010_logical_graph/repeat_05/2_no_cut/attempt_01
s005:instance_010:r06:o1:no_cut,5,instance_010,6,no_cut/live,1,no_cut,EXACT_CLOSED,0,0.421752,True,True,True,dfaedf6d273c5c56,2.204695,BPC_TREE_OPTIMAL,no_cut,37c44c29594e0b8b0ba429e5dd3cf7422c07ae17222bb31e16e31e57030d5e63,0,,0.004921,12.815887,/home/kai/work/GAT_BPC_moonTerk/runs/native_live_sri_v1_p0_frozen_paired_promotion_clean_v2_20260722/raw/scale_005/instance_010_logical_graph/repeat_06/1_no_cut/attempt_01
s005:instance_010:r06:o2:live,5,instance_010,6,no_cut/live,2,live,EXACT_CLOSED,0,0.415119,True,True,True,dfaedf6d273c5c56,2.204695,BPC_TREE_OPTIMAL,P0,9f0e7c4f7e2cab50267e197d55a17950aeee35aad388e47448f24873a7e92ba1,0,,0.005714,12.822781,/home/kai/work/GAT_BPC_moonTerk/runs/native_live_sri_v1_p0_frozen_paired_promotion_clean_v2_20260722/raw/scale_005/instance_010_logical_graph/repeat_06/2_live/attempt_01
s005:instance_010:r07:o1:live,5,instance_010,7,live/no_cut,1,live,EXACT_CLOSED,0,0.400799,True,True,True,dfaedf6d273c5c56,2.204695,BPC_TREE_OPTIMAL,P0,9f0e7c4f7e2cab50267e197d55a17950aeee35aad388e47448f24873a7e92ba1,0,,0.004593,12.814003,/home/kai/work/GAT_BPC_moonTerk/runs/native_live_sri_v1_p0_frozen_paired_promotion_clean_v2_20260722/raw/scale_005/instance_010_logical_graph/repeat_07/1_live/attempt_01
s005:instance_010:r07:o2:no_cut,5,instance_010,7,live/no_cut,2,no_cut,EXACT_CLOSED,0,0.413751,True,True,True,dfaedf6d273c5c56,2.204695,BPC_TREE_OPTIMAL,no_cut,37c44c29594e0b8b0ba429e5dd3cf7422c07ae17222bb31e16e31e57030d5e63,0,,0.004715,12.816628,/home/kai/work/GAT_BPC_moonTerk/runs/native_live_sri_v1_p0_frozen_paired_promotion_clean_v2_20260722/raw/scale_005/instance_010_logical_graph/repeat_07/2_no_cut/attempt_01
s005:instance_010:r08:o1:no_cut,5,instance_010,8,no_cut/live,1,no_cut,EXACT_CLOSED,0,0.401121,True,True,True,dfaedf6d273c5c56,2.204695,BPC_TREE_OPTIMAL,no_cut,37c44c29594e0b8b0ba429e5dd3cf7422c07ae17222bb31e16e31e57030d5e63,0,,0.004555,12.816814,/home/kai/work/GAT_BPC_moonTerk/runs/native_live_sri_v1_p0_frozen_paired_promotion_clean_v2_20260722/raw/scale_005/instance_010_logical_graph/repeat_08/1_no_cut/attempt_01
s005:instance_010:r08:o2:live,5,instance_010,8,no_cut/live,2,live,EXACT_CLOSED,0,0.422581,True,True,True,dfaedf6d273c5c56,2.204695,BPC_TREE_OPTIMAL,P0,9f0e7c4f7e2cab50267e197d55a17950aeee35aad388e47448f24873a7e92ba1,0,,0.004356,12.817379,/home/kai/work/GAT_BPC_moonTerk/runs/native_live_sri_v1_p0_frozen_paired_promotion_clean_v2_20260722/raw/scale_005/instance_010_logical_graph/repeat_08/2_live/attempt_01
s005:instance_010:r09:o1:live,5,instance_010,9,live/no_cut,1,live,EXACT_CLOSED,0,0.420742,True,True,True,dfaedf6d273c5c56,2.204695,BPC_TREE_OPTIMAL,P0,9f0e7c4f7e2cab50267e197d55a17950aeee35aad388e47448f24873a7e92ba1,0,,0.004486,12.815067,/home/kai/work/GAT_BPC_moonTerk/runs/native_live_sri_v1_p0_frozen_paired_promotion_clean_v2_20260722/raw/scale_005/instance_010_logical_graph/repeat_09/1_live/attempt_01
s005:instance_010:r09:o2:no_cut,5,instance_010,9,live/no_cut,2,no_cut,EXACT_CLOSED,0,0.414119,True,True,True,dfaedf6d273c5c56,2.204695,BPC_TREE_OPTIMAL,no_cut,37c44c29594e0b8b0ba429e5dd3cf7422c07ae17222bb31e16e31e57030d5e63,0,,0.004524,12.816135,/home/kai/work/GAT_BPC_moonTerk/runs/native_live_sri_v1_p0_frozen_paired_promotion_clean_v2_20260722/raw/scale_005/instance_010_logical_graph/repeat_09/2_no_cut/attempt_01
s005:instance_010:r10:o1:no_cut,5,instance_010,10,no_cut/live,1,no_cut,EXACT_CLOSED,0,0.407721,True,True,True,dfaedf6d273c5c56,2.204695,BPC_TREE_OPTIMAL,no_cut,37c44c29594e0b8b0ba429e5dd3cf7422c07ae17222bb31e16e31e57030d5e63,0,,0.004284,12.81295,/home/kai/work/GAT_BPC_moonTerk/runs/native_live_sri_v1_p0_frozen_paired_promotion_clean_v2_20260722/raw/scale_005/instance_010_logical_graph/repeat_10/1_no_cut/attempt_01
s005:instance_010:r10:o2:live,5,instance_010,10,no_cut/live,2,live,EXACT_CLOSED,0,0.406315,True,True,True,dfaedf6d273c5c56,2.204695,BPC_TREE_OPTIMAL,P0,9f0e7c4f7e2cab50267e197d55a17950aeee35aad388e47448f24873a7e92ba1,0,,0.005993,12.821156,/home/kai/work/GAT_BPC_moonTerk/runs/native_live_sri_v1_p0_frozen_paired_promotion_clean_v2_20260722/raw/scale_005/instance_010_logical_graph/repeat_10/2_live/attempt_01
s005:instance_011:r01:o1:no_cut,5,instance_011,1,no_cut/live,1,no_cut,EXACT_CLOSED,0,0.416138,True,True,True,dfaedf6d273c5c56,2.087922,BPC_TREE_OPTIMAL,no_cut,37c44c29594e0b8b0ba429e5dd3cf7422c07ae17222bb31e16e31e57030d5e63,0,,0.004593,12.818668,/home/kai/work/GAT_BPC_moonTerk/runs/native_live_sri_v1_p0_frozen_paired_promotion_clean_v2_20260722/raw/scale_005/instance_011_logical_graph/repeat_01/1_no_cut/attempt_01
s005:instance_011:r01:o2:live,5,instance_011,1,no_cut/live,2,live,EXACT_CLOSED,0,0.396761,True,True,True,dfaedf6d273c5c56,2.087922,BPC_TREE_OPTIMAL,P0,9f0e7c4f7e2cab50267e197d55a17950aeee35aad388e47448f24873a7e92ba1,0,,0.004589,12.815769,/home/kai/work/GAT_BPC_moonTerk/runs/native_live_sri_v1_p0_frozen_paired_promotion_clean_v2_20260722/raw/scale_005/instance_011_logical_graph/repeat_01/2_live/attempt_01
s005:instance_011:r02:o1:live,5,instance_011,2,live/no_cut,1,live,EXACT_CLOSED,0,0.381742,True,True,True,dfaedf6d273c5c56,2.087922,BPC_TREE_OPTIMAL,P0,9f0e7c4f7e2cab50267e197d55a17950aeee35aad388e47448f24873a7e92ba1,0,,0.00473,12.810276,/home/kai/work/GAT_BPC_moonTerk/runs/native_live_sri_v1_p0_frozen_paired_promotion_clean_v2_20260722/raw/scale_005/instance_011_logical_graph/repeat_02/1_live/attempt_01
s005:instance_011:r02:o2:no_cut,5,instance_011,2,live/no_cut,2,no_cut,EXACT_CLOSED,0,0.40803,True,True,True,dfaedf6d273c5c56,2.087922,BPC_TREE_OPTIMAL,no_cut,37c44c29594e0b8b0ba429e5dd3cf7422c07ae17222bb31e16e31e57030d5e63,0,,0.004635,12.820679,/home/kai/work/GAT_BPC_moonTerk/runs/native_live_sri_v1_p0_frozen_paired_promotion_clean_v2_20260722/raw/scale_005/instance_011_logical_graph/repeat_02/2_no_cut/attempt_01
s005:instance_011:r03:o1:no_cut,5,instance_011,3,no_cut/live,1,no_cut,EXACT_CLOSED,0,0.393886,True,True,True,dfaedf6d273c5c56,2.087922,BPC_TREE_OPTIMAL,no_cut,37c44c29594e0b8b0ba429e5dd3cf7422c07ae17222bb31e16e31e57030d5e63,0,,0.004536,12.816101,/home/kai/work/GAT_BPC_moonTerk/runs/native_live_sri_v1_p0_frozen_paired_promotion_clean_v2_20260722/raw/scale_005/instance_011_logical_graph/repeat_03/1_no_cut/attempt_01
s005:instance_011:r03:o2:live,5,instance_011,3,no_cut/live,2,live,EXACT_CLOSED,0,0.404345,True,True,True,dfaedf6d273c5c56,2.087922,BPC_TREE_OPTIMAL,P0,9f0e7c4f7e2cab50267e197d55a17950aeee35aad388e47448f24873a7e92ba1,0,,0.004322,12.816303,/home/kai/work/GAT_BPC_moonTerk/runs/native_live_sri_v1_p0_frozen_paired_promotion_clean_v2_20260722/raw/scale_005/instance_011_logical_graph/repeat_03/2_live/attempt_01
s005:instance_011:r04:o1:live,5,instance_011,4,live/no_cut,1,live,EXACT_CLOSED,0,0.396984,True,True,True,dfaedf6d273c5c56,2.087922,BPC_TREE_OPTIMAL,P0,9f0e7c4f7e2cab50267e197d55a17950aeee35aad388e47448f24873a7e92ba1,0,,0.004372,12.816578,/home/kai/work/GAT_BPC_moonTerk/runs/native_live_sri_v1_p0_frozen_paired_promotion_clean_v2_20260722/raw/scale_005/instance_011_logical_graph/repeat_04/1_live/attempt_01
s005:instance_011:r04:o2:no_cut,5,instance_011,4,live/no_cut,2,no_cut,EXACT_CLOSED,0,0.391971,True,True,True,dfaedf6d273c5c56,2.087922,BPC_TREE_OPTIMAL,no_cut,37c44c29594e0b8b0ba429e5dd3cf7422c07ae17222bb31e16e31e57030d5e63,0,,0.00452,12.817059,/home/kai/work/GAT_BPC_moonTerk/runs/native_live_sri_v1_p0_frozen_paired_promotion_clean_v2_20260722/raw/scale_005/instance_011_logical_graph/repeat_04/2_no_cut/attempt_01
s005:instance_011:r05:o1:no_cut,5,instance_011,5,no_cut/live,1,no_cut,EXACT_CLOSED,0,0.439509,True,True,True,dfaedf6d273c5c56,2.087922,BPC_TREE_OPTIMAL,no_cut,37c44c29594e0b8b0ba429e5dd3cf7422c07ae17222bb31e16e31e57030d5e63,0,,0.004673,12.81316,/home/kai/work/GAT_BPC_moonTerk/runs/native_live_sri_v1_p0_frozen_paired_promotion_clean_v2_20260722/raw/scale_005/instance_011_logical_graph/repeat_05/1_no_cut/attempt_01
s005:instance_011:r05:o2:live,5,instance_011,5,no_cut/live,2,live,EXACT_CLOSED,0,0.407395,True,True,True,dfaedf6d273c5c56,2.087922,BPC_TREE_OPTIMAL,P0,9f0e7c4f7e2cab50267e197d55a17950aeee35aad388e47448f24873a7e92ba1,0,,0.004398,12.814354,/home/kai/work/GAT_BPC_moonTerk/runs/native_live_sri_v1_p0_frozen_paired_promotion_clean_v2_20260722/raw/scale_005/instance_011_logical_graph/repeat_05/2_live/attempt_01
s005:instance_011:r06:o1:live,5,instance_011,6,live/no_cut,1,live,EXACT_CLOSED,0,0.405885,True,True,True,dfaedf6d273c5c56,2.087922,BPC_TREE_OPTIMAL,P0,9f0e7c4f7e2cab50267e197d55a17950aeee35aad388e47448f24873a7e92ba1,0,,0.004444,12.819004,/home/kai/work/GAT_BPC_moonTerk/runs/native_live_sri_v1_p0_frozen_paired_promotion_clean_v2_20260722/raw/scale_005/instance_011_logical_graph/repeat_06/1_live/attempt_01
s005:instance_011:r06:o2:no_cut,5,instance_011,6,live/no_cut,2,no_cut,EXACT_CLOSED,0,0.413703,True,True,True,dfaedf6d273c5c56,2.087922,BPC_TREE_OPTIMAL,no_cut,37c44c29594e0b8b0ba429e5dd3cf7422c07ae17222bb31e16e31e57030d5e63,0,,0.004475,12.814201,/home/kai/work/GAT_BPC_moonTerk/runs/native_live_sri_v1_p0_frozen_paired_promotion_clean_v2_20260722/raw/scale_005/instance_011_logical_graph/repeat_06/2_no_cut/attempt_01
s005:instance_011:r07:o1:no_cut,5,instance_011,7,no_cut/live,1,no_cut,EXACT_CLOSED,0,0.407301,True,True,True,dfaedf6d273c5c56,2.087922,BPC_TREE_OPTIMAL,no_cut,37c44c29594e0b8b0ba429e5dd3cf7422c07ae17222bb31e16e31e57030d5e63,0,,0.004543,12.814629,/home/kai/work/GAT_BPC_moonTerk/runs/native_live_sri_v1_p0_frozen_paired_promotion_clean_v2_20260722/raw/scale_005/instance_011_logical_graph/repeat_07/1_no_cut/attempt_01
s005:instance_011:r07:o2:live,5,instance_011,7,no_cut/live,2,live,EXACT_CLOSED,0,0.375116,True,True,True,dfaedf6d273c5c56,2.087922,BPC_TREE_OPTIMAL,P0,9f0e7c4f7e2cab50267e197d55a17950aeee35aad388e47448f24873a7e92ba1,0,,0.004536,12.814121,/home/kai/work/GAT_BPC_moonTerk/runs/native_live_sri_v1_p0_frozen_paired_promotion_clean_v2_20260722/raw/scale_005/instance_011_logical_graph/repeat_07/2_live/attempt_01
s005:instance_011:r08:o1:live,5,instance_011,8,live/no_cut,1,live,EXACT_CLOSED,0,0.41334,True,True,True,dfaedf6d273c5c56,2.087922,BPC_TREE_OPTIMAL,P0,9f0e7c4f7e2cab50267e197d55a17950aeee35aad388e47448f24873a7e92ba1,0,,0.00462,12.81155,/home/kai/work/GAT_BPC_moonTerk/runs/native_live_sri_v1_p0_frozen_paired_promotion_clean_v2_20260722/raw/scale_005/instance_011_logical_graph/repeat_08/1_live/attempt_01
s005:instance_011:r08:o2:no_cut,5,instance_011,8,live/no_cut,2,no_cut,EXACT_CLOSED,0,0.405789,True,True,True,dfaedf6d273c5c56,2.087922,BPC_TREE_OPTIMAL,no_cut,37c44c29594e0b8b0ba429e5dd3cf7422c07ae17222bb31e16e31e57030d5e63,0,,0.004555,12.823185,/home/kai/work/GAT_BPC_moonTerk/runs/native_live_sri_v1_p0_frozen_paired_promotion_clean_v2_20260722/raw/scale_005/instance_011_logical_graph/repeat_08/2_no_cut/attempt_01
s005:instance_011:r09:o1:no_cut,5,instance_011,9,no_cut/live,1,no_cut,EXACT_CLOSED,0,0.409857,True,True,True,dfaedf6d273c5c56,2.087922,BPC_TREE_OPTIMAL,no_cut,37c44c29594e0b8b0ba429e5dd3cf7422c07ae17222bb31e16e31e57030d5e63,0,,0.004539,12.818237,/home/kai/work/GAT_BPC_moonTerk/runs/native_live_sri_v1_p0_frozen_paired_promotion_clean_v2_20260722/raw/scale_005/instance_011_logical_graph/repeat_09/1_no_cut/attempt_01
s005:instance_011:r09:o2:live,5,instance_011,9,no_cut/live,2,live,EXACT_CLOSED,0,0.390919,True,True,True,dfaedf6d273c5c56,2.087922,BPC_TREE_OPTIMAL,P0,9f0e7c4f7e2cab50267e197d55a17950aeee35aad388e47448f24873a7e92ba1,0,,0.00462,12.817078,/home/kai/work/GAT_BPC_moonTerk/runs/native_live_sri_v1_p0_frozen_paired_promotion_clean_v2_20260722/raw/scale_005/instance_011_logical_graph/repeat_09/2_live/attempt_01
s005:instance_011:r10:o1:live,5,instance_011,10,live/no_cut,1,live,EXACT_CLOSED,0,0.395839,True,True,True,dfaedf6d273c5c56,2.087922,BPC_TREE_OPTIMAL,P0,9f0e7c4f7e2cab50267e197d55a17950aeee35aad388e47448f24873a7e92ba1,0,,0.004448,12.811665,/home/kai/work/GAT_BPC_moonTerk/runs/native_live_sri_v1_p0_frozen_paired_promotion_clean_v2_20260722/raw/scale_005/instance_011_logical_graph/repeat_10/1_live/attempt_01
s005:instance_011:r10:o2:no_cut,5,instance_011,10,live/no_cut,2,no_cut,EXACT_CLOSED,0,0.381464,True,True,True,dfaedf6d273c5c56,2.087922,BPC_TREE_OPTIMAL,no_cut,37c44c29594e0b8b0ba429e5dd3cf7422c07ae17222bb31e16e31e57030d5e63,0,,0.004509,12.816242,/home/kai/work/GAT_BPC_moonTerk/runs/native_live_sri_v1_p0_frozen_paired_promotion_clean_v2_20260722/raw/scale_005/instance_011_logical_graph/repeat_10/2_no_cut/attempt_01
s005:instance_012:r01:o1:live,5,instance_012,1,live/no_cut,1,live,EXACT_CLOSED,0,0.382751,True,True,True,dfaedf6d273c5c56,2.195034,BPC_TREE_OPTIMAL,P0,9f0e7c4f7e2cab50267e197d55a17950aeee35aad388e47448f24873a7e92ba1,0,,0.004471,12.81773,/home/kai/work/GAT_BPC_moonTerk/runs/native_live_sri_v1_p0_frozen_paired_promotion_clean_v2_20260722/raw/scale_005/instance_012_logical_graph/repeat_01/1_live/attempt_01
s005:instance_012:r01:o2:no_cut,5,instance_012,1,live/no_cut,2,no_cut,EXACT_CLOSED,0,0.398357,True,True,True,dfaedf6d273c5c56,2.195034,BPC_TREE_OPTIMAL,no_cut,37c44c29594e0b8b0ba429e5dd3cf7422c07ae17222bb31e16e31e57030d5e63,0,,0.006203,12.811131,/home/kai/work/GAT_BPC_moonTerk/runs/native_live_sri_v1_p0_frozen_paired_promotion_clean_v2_20260722/raw/scale_005/instance_012_logical_graph/repeat_01/2_no_cut/attempt_01
s005:instance_012:r02:o1:no_cut,5,instance_012,2,no_cut/live,1,no_cut,EXACT_CLOSED,0,0.398972,True,True,True,dfaedf6d273c5c56,2.195034,BPC_TREE_OPTIMAL,no_cut,37c44c29594e0b8b0ba429e5dd3cf7422c07ae17222bb31e16e31e57030d5e63,0,,0.004463,12.814278,/home/kai/work/GAT_BPC_moonTerk/runs/native_live_sri_v1_p0_frozen_paired_promotion_clean_v2_20260722/raw/scale_005/instance_012_logical_graph/repeat_02/1_no_cut/attempt_01
s005:instance_012:r02:o2:live,5,instance_012,2,no_cut/live,2,live,EXACT_CLOSED,0,0.40247,True,True,True,dfaedf6d273c5c56,2.195034,BPC_TREE_OPTIMAL,P0,9f0e7c4f7e2cab50267e197d55a17950aeee35aad388e47448f24873a7e92ba1,0,,0.00462,12.811234,/home/kai/work/GAT_BPC_moonTerk/runs/native_live_sri_v1_p0_frozen_paired_promotion_clean_v2_20260722/raw/scale_005/instance_012_logical_graph/repeat_02/2_live/attempt_01
s005:instance_012:r03:o1:live,5,instance_012,3,live/no_cut,1,live,EXACT_CLOSED,0,0.41382,True,True,True,dfaedf6d273c5c56,2.195034,BPC_TREE_OPTIMAL,P0,9f0e7c4f7e2cab50267e197d55a17950aeee35aad388e47448f24873a7e92ba1,0,,0.004314,12.816658,/home/kai/work/GAT_BPC_moonTerk/runs/native_live_sri_v1_p0_frozen_paired_promotion_clean_v2_20260722/raw/scale_005/instance_012_logical_graph/repeat_03/1_live/attempt_01
s005:instance_012:r03:o2:no_cut,5,instance_012,3,live/no_cut,2,no_cut,EXACT_CLOSED,0,0.40017,True,True,True,dfaedf6d273c5c56,2.195034,BPC_TREE_OPTIMAL,no_cut,37c44c29594e0b8b0ba429e5dd3cf7422c07ae17222bb31e16e31e57030d5e63,0,,0.004574,12.805283,/home/kai/work/GAT_BPC_moonTerk/runs/native_live_sri_v1_p0_frozen_paired_promotion_clean_v2_20260722/raw/scale_005/instance_012_logical_graph/repeat_03/2_no_cut/attempt_01
s005:instance_012:r04:o1:no_cut,5,instance_012,4,no_cut/live,1,no_cut,EXACT_CLOSED,0,0.387538,True,True,True,dfaedf6d273c5c56,2.195034,BPC_TREE_OPTIMAL,no_cut,37c44c29594e0b8b0ba429e5dd3cf7422c07ae17222bb31e16e31e57030d5e63,0,,0.004543,12.805531,/home/kai/work/GAT_BPC_moonTerk/runs/native_live_sri_v1_p0_frozen_paired_promotion_clean_v2_20260722/raw/scale_005/instance_012_logical_graph/repeat_04/1_no_cut/attempt_01
s005:instance_012:r04:o2:live,5,instance_012,4,no_cut/live,2,live,EXACT_CLOSED,0,0.408504,True,True,True,dfaedf6d273c5c56,2.195034,BPC_TREE_OPTIMAL,P0,9f0e7c4f7e2cab50267e197d55a17950aeee35aad388e47448f24873a7e92ba1,0,,0.00457,12.800983,/home/kai/work/GAT_BPC_moonTerk/runs/native_live_sri_v1_p0_frozen_paired_promotion_clean_v2_20260722/raw/scale_005/instance_012_logical_graph/repeat_04/2_live/attempt_01
s005:instance_012:r05:o1:live,5,instance_012,5,live/no_cut,1,live,EXACT_CLOSED,0,0.389744,True,True,True,dfaedf6d273c5c56,2.195034,BPC_TREE_OPTIMAL,P0,9f0e7c4f7e2cab50267e197d55a17950aeee35aad388e47448f24873a7e92ba1,0,,0.004581,12.797497,/home/kai/work/GAT_BPC_moonTerk/runs/native_live_sri_v1_p0_frozen_paired_promotion_clean_v2_20260722/raw/scale_005/instance_012_logical_graph/repeat_05/1_live/attempt_01
s005:instance_012:r05:o2:no_cut,5,instance_012,5,live/no_cut,2,no_cut,EXACT_CLOSED,0,0.391,True,True,True,dfaedf6d273c5c56,2.195034,BPC_TREE_OPTIMAL,no_cut,37c44c29594e0b8b0ba429e5dd3cf7422c07ae17222bb31e16e31e57030d5e63,0,,0.004475,12.800369,/home/kai/work/GAT_BPC_moonTerk/runs/native_live_sri_v1_p0_frozen_paired_promotion_clean_v2_20260722/raw/scale_005/instance_012_logical_graph/repeat_05/2_no_cut/attempt_01
s005:instance_012:r06:o1:no_cut,5,instance_012,6,no_cut/live,1,no_cut,EXACT_CLOSED,0,0.415779,True,True,True,dfaedf6d273c5c56,2.195034,BPC_TREE_OPTIMAL,no_cut,37c44c29594e0b8b0ba429e5dd3cf7422c07ae17222bb31e16e31e57030d5e63,0,,0.004356,12.798618,/home/kai/work/GAT_BPC_moonTerk/runs/native_live_sri_v1_p0_frozen_paired_promotion_clean_v2_20260722/raw/scale_005/instance_012_logical_graph/repeat_06/1_no_cut/attempt_01
s005:instance_012:r06:o2:live,5,instance_012,6,no_cut/live,2,live,EXACT_CLOSED,0,0.410228,True,True,True,dfaedf6d273c5c56,2.195034,BPC_TREE_OPTIMAL,P0,9f0e7c4f7e2cab50267e197d55a17950aeee35aad388e47448f24873a7e92ba1,0,,0.00441,12.792698,/home/kai/work/GAT_BPC_moonTerk/runs/native_live_sri_v1_p0_frozen_paired_promotion_clean_v2_20260722/raw/scale_005/instance_012_logical_graph/repeat_06/2_live/attempt_01
s005:instance_012:r07:o1:live,5,instance_012,7,live/no_cut,1,live,EXACT_CLOSED,0,0.401366,True,True,True,dfaedf6d273c5c56,2.195034,BPC_TREE_OPTIMAL,P0,9f0e7c4f7e2cab50267e197d55a17950aeee35aad388e47448f24873a7e92ba1,0,,0.004505,12.792343,/home/kai/work/GAT_BPC_moonTerk/runs/native_live_sri_v1_p0_frozen_paired_promotion_clean_v2_20260722/raw/scale_005/instance_012_logical_graph/repeat_07/1_live/attempt_01
s005:instance_012:r07:o2:no_cut,5,instance_012,7,live/no_cut,2,no_cut,EXACT_CLOSED,0,0.389731,True,True,True,dfaedf6d273c5c56,2.195034,BPC_TREE_OPTIMAL,no_cut,37c44c29594e0b8b0ba429e5dd3cf7422c07ae17222bb31e16e31e57030d5e63,0,,0.004829,12.786503,/home/kai/work/GAT_BPC_moonTerk/runs/native_live_sri_v1_p0_frozen_paired_promotion_clean_v2_20260722/raw/scale_005/instance_012_logical_graph/repeat_07/2_no_cut/attempt_01
s005:instance_012:r08:o1:no_cut,5,instance_012,8,no_cut/live,1,no_cut,EXACT_CLOSED,0,0.40616,True,True,True,dfaedf6d273c5c56,2.195034,BPC_TREE_OPTIMAL,no_cut,37c44c29594e0b8b0ba429e5dd3cf7422c07ae17222bb31e16e31e57030d5e63,0,,0.00452,12.785706,/home/kai/work/GAT_BPC_moonTerk/runs/native_live_sri_v1_p0_frozen_paired_promotion_clean_v2_20260722/raw/scale_005/instance_012_logical_graph/repeat_08/1_no_cut/attempt_01
s005:instance_012:r08:o2:live,5,instance_012,8,no_cut/live,2,live,EXACT_CLOSED,0,0.404945,True,True,True,dfaedf6d273c5c56,2.195034,BPC_TREE_OPTIMAL,P0,9f0e7c4f7e2cab50267e197d55a17950aeee35aad388e47448f24873a7e92ba1,0,,0.004539,12.778835,/home/kai/work/GAT_BPC_moonTerk/runs/native_live_sri_v1_p0_frozen_paired_promotion_clean_v2_20260722/raw/scale_005/instance_012_logical_graph/repeat_08/2_live/attempt_01
s005:instance_012:r09:o1:live,5,instance_012,9,live/no_cut,1,live,EXACT_CLOSED,0,0.412488,True,True,True,dfaedf6d273c5c56,2.195034,BPC_TREE_OPTIMAL,P0,9f0e7c4f7e2cab50267e197d55a17950aeee35aad388e47448f24873a7e92ba1,0,,0.00452,12.783691,/home/kai/work/GAT_BPC_moonTerk/runs/native_live_sri_v1_p0_frozen_paired_promotion_clean_v2_20260722/raw/scale_005/instance_012_logical_graph/repeat_09/1_live/attempt_01
s005:instance_012:r09:o2:no_cut,5,instance_012,9,live/no_cut,2,no_cut,EXACT_CLOSED,0,0.39981,True,True,True,dfaedf6d273c5c56,2.195034,BPC_TREE_OPTIMAL,no_cut,37c44c29594e0b8b0ba429e5dd3cf7422c07ae17222bb31e16e31e57030d5e63,0,,0.00436,12.778065,/home/kai/work/GAT_BPC_moonTerk/runs/native_live_sri_v1_p0_frozen_paired_promotion_clean_v2_20260722/raw/scale_005/instance_012_logical_graph/repeat_09/2_no_cut/attempt_01
s005:instance_012:r10:o1:no_cut,5,instance_012,10,no_cut/live,1,no_cut,EXACT_CLOSED,0,0.396878,True,True,True,dfaedf6d273c5c56,2.195034,BPC_TREE_OPTIMAL,no_cut,37c44c29594e0b8b0ba429e5dd3cf7422c07ae17222bb31e16e31e57030d5e63,0,,0.00452,12.775791,/home/kai/work/GAT_BPC_moonTerk/runs/native_live_sri_v1_p0_frozen_paired_promotion_clean_v2_20260722/raw/scale_005/instance_012_logical_graph/repeat_10/1_no_cut/attempt_01
s005:instance_012:r10:o2:live,5,instance_012,10,no_cut/live,2,live,EXACT_CLOSED,0,0.409947,True,True,True,dfaedf6d273c5c56,2.195034,BPC_TREE_OPTIMAL,P0,9f0e7c4f7e2cab50267e197d55a17950aeee35aad388e47448f24873a7e92ba1,0,,0.004383,12.776752,/home/kai/work/GAT_BPC_moonTerk/runs/native_live_sri_v1_p0_frozen_paired_promotion_clean_v2_20260722/raw/scale_005/instance_012_logical_graph/repeat_10/2_live/attempt_01
s005:instance_013:r01:o1:no_cut,5,instance_013,1,no_cut/live,1,no_cut,EXACT_CLOSED,0,0.402794,True,True,True,dfaedf6d273c5c56,2.231707,BPC_TREE_OPTIMAL,no_cut,37c44c29594e0b8b0ba429e5dd3cf7422c07ae17222bb31e16e31e57030d5e63,0,,0.005508,12.769405,/home/kai/work/GAT_BPC_moonTerk/runs/native_live_sri_v1_p0_frozen_paired_promotion_clean_v2_20260722/raw/scale_005/instance_013_logical_graph/repeat_01/1_no_cut/attempt_01
s005:instance_013:r01:o2:live,5,instance_013,1,no_cut/live,2,live,EXACT_CLOSED,0,0.387224,True,True,True,dfaedf6d273c5c56,2.231707,BPC_TREE_OPTIMAL,P0,9f0e7c4f7e2cab50267e197d55a17950aeee35aad388e47448f24873a7e92ba1,0,,0.004311,12.763176,/home/kai/work/GAT_BPC_moonTerk/runs/native_live_sri_v1_p0_frozen_paired_promotion_clean_v2_20260722/raw/scale_005/instance_013_logical_graph/repeat_01/2_live/attempt_01
s005:instance_013:r02:o1:live,5,instance_013,2,live/no_cut,1,live,EXACT_CLOSED,0,0.385865,True,True,True,dfaedf6d273c5c56,2.231707,BPC_TREE_OPTIMAL,P0,9f0e7c4f7e2cab50267e197d55a17950aeee35aad388e47448f24873a7e92ba1,0,,0.004292,12.765926,/home/kai/work/GAT_BPC_moonTerk/runs/native_live_sri_v1_p0_frozen_paired_promotion_clean_v2_20260722/raw/scale_005/instance_013_logical_graph/repeat_02/1_live/attempt_01
s005:instance_013:r02:o2:no_cut,5,instance_013,2,live/no_cut,2,no_cut,EXACT_CLOSED,0,0.392252,True,True,True,dfaedf6d273c5c56,2.231707,BPC_TREE_OPTIMAL,no_cut,37c44c29594e0b8b0ba429e5dd3cf7422c07ae17222bb31e16e31e57030d5e63,0,,0.004578,12.765396,/home/kai/work/GAT_BPC_moonTerk/runs/native_live_sri_v1_p0_frozen_paired_promotion_clean_v2_20260722/raw/scale_005/instance_013_logical_graph/repeat_02/2_no_cut/attempt_01
s005:instance_013:r03:o1:no_cut,5,instance_013,3,no_cut/live,1,no_cut,EXACT_CLOSED,0,0.409677,True,True,True,dfaedf6d273c5c56,2.231707,BPC_TREE_OPTIMAL,no_cut,37c44c29594e0b8b0ba429e5dd3cf7422c07ae17222bb31e16e31e57030d5e63,0,,0.004803,12.759079,/home/kai/work/GAT_BPC_moonTerk/runs/native_live_sri_v1_p0_frozen_paired_promotion_clean_v2_20260722/raw/scale_005/instance_013_logical_graph/repeat_03/1_no_cut/attempt_01
s005:instance_013:r03:o2:live,5,instance_013,3,no_cut/live,2,live,EXACT_CLOSED,0,0.385486,True,True,True,dfaedf6d273c5c56,2.231707,BPC_TREE_OPTIMAL,P0,9f0e7c4f7e2cab50267e197d55a17950aeee35aad388e47448f24873a7e92ba1,0,,0.004433,12.753887,/home/kai/work/GAT_BPC_moonTerk/runs/native_live_sri_v1_p0_frozen_paired_promotion_clean_v2_20260722/raw/scale_005/instance_013_logical_graph/repeat_03/2_live/attempt_01
s005:instance_013:r04:o1:live,5,instance_013,4,live/no_cut,1,live,EXACT_CLOSED,0,0.378742,True,True,True,dfaedf6d273c5c56,2.231707,BPC_TREE_OPTIMAL,P0,9f0e7c4f7e2cab50267e197d55a17950aeee35aad388e47448f24873a7e92ba1,0,,0.004761,12.757095,/home/kai/work/GAT_BPC_moonTerk/runs/native_live_sri_v1_p0_frozen_paired_promotion_clean_v2_20260722/raw/scale_005/instance_013_logical_graph/repeat_04/1_live/attempt_01
s005:instance_013:r04:o2:no_cut,5,instance_013,4,live/no_cut,2,no_cut,EXACT_CLOSED,0,0.403913,True,True,True,dfaedf6d273c5c56,2.231707,BPC_TREE_OPTIMAL,no_cut,37c44c29594e0b8b0ba429e5dd3cf7422c07ae17222bb31e16e31e57030d5e63,0,,0.00457,12.753971,/home/kai/work/GAT_BPC_moonTerk/runs/native_live_sri_v1_p0_frozen_paired_promotion_clean_v2_20260722/raw/scale_005/instance_013_logical_graph/repeat_04/2_no_cut/attempt_01
s005:instance_013:r05:o1:no_cut,5,instance_013,5,no_cut/live,1,no_cut,EXACT_CLOSED,0,0.381427,True,True,True,dfaedf6d273c5c56,2.231707,BPC_TREE_OPTIMAL,no_cut,37c44c29594e0b8b0ba429e5dd3cf7422c07ae17222bb31e16e31e57030d5e63,0,,0.004395,12.74855,/home/kai/work/GAT_BPC_moonTerk/runs/native_live_sri_v1_p0_frozen_paired_promotion_clean_v2_20260722/raw/scale_005/instance_013_logical_graph/repeat_05/1_no_cut/attempt_01
s005:instance_013:r05:o2:live,5,instance_013,5,no_cut/live,2,live,EXACT_CLOSED,0,0.445047,True,True,True,dfaedf6d273c5c56,2.231707,BPC_TREE_OPTIMAL,P0,9f0e7c4f7e2cab50267e197d55a17950aeee35aad388e47448f24873a7e92ba1,0,,0.004711,12.747524,/home/kai/work/GAT_BPC_moonTerk/runs/native_live_sri_v1_p0_frozen_paired_promotion_clean_v2_20260722/raw/scale_005/instance_013_logical_graph/repeat_05/2_live/attempt_01
s005:instance_013:r06:o1:live,5,instance_013,6,live/no_cut,1,live,EXACT_CLOSED,0,0.416512,True,True,True,dfaedf6d273c5c56,2.231707,BPC_TREE_OPTIMAL,P0,9f0e7c4f7e2cab50267e197d55a17950aeee35aad388e47448f24873a7e92ba1,0,,0.004303,12.75526,/home/kai/work/GAT_BPC_moonTerk/runs/native_live_sri_v1_p0_frozen_paired_promotion_clean_v2_20260722/raw/scale_005/instance_013_logical_graph/repeat_06/1_live/attempt_01
s005:instance_013:r06:o2:no_cut,5,instance_013,6,live/no_cut,2,no_cut,EXACT_CLOSED,0,0.388801,True,True,True,dfaedf6d273c5c56,2.231707,BPC_TREE_OPTIMAL,no_cut,37c44c29594e0b8b0ba429e5dd3cf7422c07ae17222bb31e16e31e57030d5e63,0,,0.004589,12.75058,/home/kai/work/GAT_BPC_moonTerk/runs/native_live_sri_v1_p0_frozen_paired_promotion_clean_v2_20260722/raw/scale_005/instance_013_logical_graph/repeat_06/2_no_cut/attempt_01
s005:instance_013:r07:o1:no_cut,5,instance_013,7,no_cut/live,1,no_cut,EXACT_CLOSED,0,0.374219,True,True,True,dfaedf6d273c5c56,2.231707,BPC_TREE_OPTIMAL,no_cut,37c44c29594e0b8b0ba429e5dd3cf7422c07ae17222bb31e16e31e57030d5e63,0,,0.004387,12.742252,/home/kai/work/GAT_BPC_moonTerk/runs/native_live_sri_v1_p0_frozen_paired_promotion_clean_v2_20260722/raw/scale_005/instance_013_logical_graph/repeat_07/1_no_cut/attempt_01
s005:instance_013:r07:o2:live,5,instance_013,7,no_cut/live,2,live,EXACT_CLOSED,0,0.393506,True,True,True,dfaedf6d273c5c56,2.231707,BPC_TREE_OPTIMAL,P0,9f0e7c4f7e2cab50267e197d55a17950aeee35aad388e47448f24873a7e92ba1,0,,0.004459,12.739765,/home/kai/work/GAT_BPC_moonTerk/runs/native_live_sri_v1_p0_frozen_paired_promotion_clean_v2_20260722/raw/scale_005/instance_013_logical_graph/repeat_07/2_live/attempt_01
s005:instance_013:r08:o1:live,5,instance_013,8,live/no_cut,1,live,EXACT_CLOSED,0,0.424513,True,True,True,dfaedf6d273c5c56,2.231707,BPC_TREE_OPTIMAL,P0,9f0e7c4f7e2cab50267e197d55a17950aeee35aad388e47448f24873a7e92ba1,0,,0.004639,12.750286,/home/kai/work/GAT_BPC_moonTerk/runs/native_live_sri_v1_p0_frozen_paired_promotion_clean_v2_20260722/raw/scale_005/instance_013_logical_graph/repeat_08/1_live/attempt_01
s005:instance_013:r08:o2:no_cut,5,instance_013,8,live/no_cut,2,no_cut,EXACT_CLOSED,0,0.38832,True,True,True,dfaedf6d273c5c56,2.231707,BPC_TREE_OPTIMAL,no_cut,37c44c29594e0b8b0ba429e5dd3cf7422c07ae17222bb31e16e31e57030d5e63,0,,0.004539,12.74918,/home/kai/work/GAT_BPC_moonTerk/runs/native_live_sri_v1_p0_frozen_paired_promotion_clean_v2_20260722/raw/scale_005/instance_013_logical_graph/repeat_08/2_no_cut/attempt_01
s005:instance_013:r09:o1:no_cut,5,instance_013,9,no_cut/live,1,no_cut,EXACT_CLOSED,0,0.376631,True,True,True,dfaedf6d273c5c56,2.231707,BPC_TREE_OPTIMAL,no_cut,37c44c29594e0b8b0ba429e5dd3cf7422c07ae17222bb31e16e31e57030d5e63,0,,0.004532,12.747154,/home/kai/work/GAT_BPC_moonTerk/runs/native_live_sri_v1_p0_frozen_paired_promotion_clean_v2_20260722/raw/scale_005/instance_013_logical_graph/repeat_09/1_no_cut/attempt_01
s005:instance_013:r09:o2:live,5,instance_013,9,no_cut/live,2,live,EXACT_CLOSED,0,0.432675,True,True,True,dfaedf6d273c5c56,2.231707,BPC_TREE_OPTIMAL,P0,9f0e7c4f7e2cab50267e197d55a17950aeee35aad388e47448f24873a7e92ba1,0,,0.004776,12.748669,/home/kai/work/GAT_BPC_moonTerk/runs/native_live_sri_v1_p0_frozen_paired_promotion_clean_v2_20260722/raw/scale_005/instance_013_logical_graph/repeat_09/2_live/attempt_01
s005:instance_013:r10:o1:live,5,instance_013,10,live/no_cut,1,live,EXACT_CLOSED,0,0.394555,True,True,True,dfaedf6d273c5c56,2.231707,BPC_TREE_OPTIMAL,P0,9f0e7c4f7e2cab50267e197d55a17950aeee35aad388e47448f24873a7e92ba1,0,,0.004959,12.752274,/home/kai/work/GAT_BPC_moonTerk/runs/native_live_sri_v1_p0_frozen_paired_promotion_clean_v2_20260722/raw/scale_005/instance_013_logical_graph/repeat_10/1_live/attempt_01
s005:instance_013:r10:o2:no_cut,5,instance_013,10,live/no_cut,2,no_cut,EXACT_CLOSED,0,0.394728,True,True,True,dfaedf6d273c5c56,2.231707,BPC_TREE_OPTIMAL,no_cut,37c44c29594e0b8b0ba429e5dd3cf7422c07ae17222bb31e16e31e57030d5e63,0,,0.005177,12.743748,/home/kai/work/GAT_BPC_moonTerk/runs/native_live_sri_v1_p0_frozen_paired_promotion_clean_v2_20260722/raw/scale_005/instance_013_logical_graph/repeat_10/2_no_cut/attempt_01
s005:instance_014:r01:o1:live,5,instance_014,1,live/no_cut,1,live,EXACT_CLOSED,0,0.426178,True,True,True,dfaedf6d273c5c56,2.117254,BPC_TREE_OPTIMAL,P0,9f0e7c4f7e2cab50267e197d55a17950aeee35aad388e47448f24873a7e92ba1,0,,0.004662,12.747147,/home/kai/work/GAT_BPC_moonTerk/runs/native_live_sri_v1_p0_frozen_paired_promotion_clean_v2_20260722/raw/scale_005/instance_014_logical_graph/repeat_01/1_live/attempt_01
s005:instance_014:r01:o2:no_cut,5,instance_014,1,live/no_cut,2,no_cut,EXACT_CLOSED,0,0.420864,True,True,True,dfaedf6d273c5c56,2.117254,BPC_TREE_OPTIMAL,no_cut,37c44c29594e0b8b0ba429e5dd3cf7422c07ae17222bb31e16e31e57030d5e63,0,,0.004646,12.746593,/home/kai/work/GAT_BPC_moonTerk/runs/native_live_sri_v1_p0_frozen_paired_promotion_clean_v2_20260722/raw/scale_005/instance_014_logical_graph/repeat_01/2_no_cut/attempt_01
s005:instance_014:r02:o1:no_cut,5,instance_014,2,no_cut/live,1,no_cut,EXACT_CLOSED,0,0.414006,True,True,True,dfaedf6d273c5c56,2.117254,BPC_TREE_OPTIMAL,no_cut,37c44c29594e0b8b0ba429e5dd3cf7422c07ae17222bb31e16e31e57030d5e63,0,,0.004726,12.744926,/home/kai/work/GAT_BPC_moonTerk/runs/native_live_sri_v1_p0_frozen_paired_promotion_clean_v2_20260722/raw/scale_005/instance_014_logical_graph/repeat_02/1_no_cut/attempt_01
s005:instance_014:r02:o2:live,5,instance_014,2,no_cut/live,2,live,EXACT_CLOSED,0,0.406028,True,True,True,dfaedf6d273c5c56,2.117254,BPC_TREE_OPTIMAL,P0,9f0e7c4f7e2cab50267e197d55a17950aeee35aad388e47448f24873a7e92ba1,0,,0.004417,12.748455,/home/kai/work/GAT_BPC_moonTerk/runs/native_live_sri_v1_p0_frozen_paired_promotion_clean_v2_20260722/raw/scale_005/instance_014_logical_graph/repeat_02/2_live/attempt_01
s005:instance_014:r03:o1:live,5,instance_014,3,live/no_cut,1,live,EXACT_CLOSED,0,0.398852,True,True,True,dfaedf6d273c5c56,2.117254,BPC_TREE_OPTIMAL,P0,9f0e7c4f7e2cab50267e197d55a17950aeee35aad388e47448f24873a7e92ba1,0,,0.004593,12.743771,/home/kai/work/GAT_BPC_moonTerk/runs/native_live_sri_v1_p0_frozen_paired_promotion_clean_v2_20260722/raw/scale_005/instance_014_logical_graph/repeat_03/1_live/attempt_01
s005:instance_014:r03:o2:no_cut,5,instance_014,3,live/no_cut,2,no_cut,EXACT_CLOSED,0,0.384921,True,True,True,dfaedf6d273c5c56,2.117254,BPC_TREE_OPTIMAL,no_cut,37c44c29594e0b8b0ba429e5dd3cf7422c07ae17222bb31e16e31e57030d5e63,0,,0.004543,12.741047,/home/kai/work/GAT_BPC_moonTerk/runs/native_live_sri_v1_p0_frozen_paired_promotion_clean_v2_20260722/raw/scale_005/instance_014_logical_graph/repeat_03/2_no_cut/attempt_01
s005:instance_014:r04:o1:no_cut,5,instance_014,4,no_cut/live,1,no_cut,EXACT_CLOSED,0,0.407329,True,True,True,dfaedf6d273c5c56,2.117254,BPC_TREE_OPTIMAL,no_cut,37c44c29594e0b8b0ba429e5dd3cf7422c07ae17222bb31e16e31e57030d5e63,0,,0.004623,12.743443,/home/kai/work/GAT_BPC_moonTerk/runs/native_live_sri_v1_p0_frozen_paired_promotion_clean_v2_20260722/raw/scale_005/instance_014_logical_graph/repeat_04/1_no_cut/attempt_01
s005:instance_014:r04:o2:live,5,instance_014,4,no_cut/live,2,live,EXACT_CLOSED,0,0.407718,True,True,True,dfaedf6d273c5c56,2.117254,BPC_TREE_OPTIMAL,P0,9f0e7c4f7e2cab50267e197d55a17950aeee35aad388e47448f24873a7e92ba1,0,,0.004627,12.746067,/home/kai/work/GAT_BPC_moonTerk/runs/native_live_sri_v1_p0_frozen_paired_promotion_clean_v2_20260722/raw/scale_005/instance_014_logical_graph/repeat_04/2_live/attempt_01
s005:instance_014:r05:o1:live,5,instance_014,5,live/no_cut,1,live,EXACT_CLOSED,0,0.413989,True,True,True,dfaedf6d273c5c56,2.117254,BPC_TREE_OPTIMAL,P0,9f0e7c4f7e2cab50267e197d55a17950aeee35aad388e47448f24873a7e92ba1,0,,0.004375,12.738995,/home/kai/work/GAT_BPC_moonTerk/runs/native_live_sri_v1_p0_frozen_paired_promotion_clean_v2_20260722/raw/scale_005/instance_014_logical_graph/repeat_05/1_live/attempt_01
s005:instance_014:r05:o2:no_cut,5,instance_014,5,live/no_cut,2,no_cut,EXACT_CLOSED,0,0.386277,True,True,True,dfaedf6d273c5c56,2.117254,BPC_TREE_OPTIMAL,no_cut,37c44c29594e0b8b0ba429e5dd3cf7422c07ae17222bb31e16e31e57030d5e63,0,,0.00462,12.738739,/home/kai/work/GAT_BPC_moonTerk/runs/native_live_sri_v1_p0_frozen_paired_promotion_clean_v2_20260722/raw/scale_005/instance_014_logical_graph/repeat_05/2_no_cut/attempt_01
s005:instance_014:r06:o1:no_cut,5,instance_014,6,no_cut/live,1,no_cut,EXACT_CLOSED,0,0.427939,True,True,True,dfaedf6d273c5c56,2.117254,BPC_TREE_OPTIMAL,no_cut,37c44c29594e0b8b0ba429e5dd3cf7422c07ae17222bb31e16e31e57030d5e63,0,,0.004555,12.747097,/home/kai/work/GAT_BPC_moonTerk/runs/native_live_sri_v1_p0_frozen_paired_promotion_clean_v2_20260722/raw/scale_005/instance_014_logical_graph/repeat_06/1_no_cut/attempt_01
s005:instance_014:r06:o2:live,5,instance_014,6,no_cut/live,2,live,EXACT_CLOSED,0,0.391741,True,True,True,dfaedf6d273c5c56,2.117254,BPC_TREE_OPTIMAL,P0,9f0e7c4f7e2cab50267e197d55a17950aeee35aad388e47448f24873a7e92ba1,0,,0.004463,12.73888,/home/kai/work/GAT_BPC_moonTerk/runs/native_live_sri_v1_p0_frozen_paired_promotion_clean_v2_20260722/raw/scale_005/instance_014_logical_graph/repeat_06/2_live/attempt_01
s005:instance_014:r07:o1:live,5,instance_014,7,live/no_cut,1,live,EXACT_CLOSED,0,0.422303,True,True,True,dfaedf6d273c5c56,2.117254,BPC_TREE_OPTIMAL,P0,9f0e7c4f7e2cab50267e197d55a17950aeee35aad388e47448f24873a7e92ba1,0,,0.004677,12.740303,/home/kai/work/GAT_BPC_moonTerk/runs/native_live_sri_v1_p0_frozen_paired_promotion_clean_v2_20260722/raw/scale_005/instance_014_logical_graph/repeat_07/1_live/attempt_01
s005:instance_014:r07:o2:no_cut,5,instance_014,7,live/no_cut,2,no_cut,EXACT_CLOSED,0,0.40253,True,True,True,dfaedf6d273c5c56,2.117254,BPC_TREE_OPTIMAL,no_cut,37c44c29594e0b8b0ba429e5dd3cf7422c07ae17222bb31e16e31e57030d5e63,0,,0.004349,12.744526,/home/kai/work/GAT_BPC_moonTerk/runs/native_live_sri_v1_p0_frozen_paired_promotion_clean_v2_20260722/raw/scale_005/instance_014_logical_graph/repeat_07/2_no_cut/attempt_01
s005:instance_014:r08:o1:no_cut,5,instance_014,8,no_cut/live,1,no_cut,EXACT_CLOSED,0,0.414625,True,True,True,dfaedf6d273c5c56,2.117254,BPC_TREE_OPTIMAL,no_cut,37c44c29594e0b8b0ba429e5dd3cf7422c07ae17222bb31e16e31e57030d5e63,0,,0.004543,12.74633,/home/kai/work/GAT_BPC_moonTerk/runs/native_live_sri_v1_p0_frozen_paired_promotion_clean_v2_20260722/raw/scale_005/instance_014_logical_graph/repeat_08/1_no_cut/attempt_01
s005:instance_014:r08:o2:live,5,instance_014,8,no_cut/live,2,live,EXACT_CLOSED,0,0.417087,True,True,True,dfaedf6d273c5c56,2.117254,BPC_TREE_OPTIMAL,P0,9f0e7c4f7e2cab50267e197d55a17950aeee35aad388e47448f24873a7e92ba1,0,,0.004498,12.743019,/home/kai/work/GAT_BPC_moonTerk/runs/native_live_sri_v1_p0_frozen_paired_promotion_clean_v2_20260722/raw/scale_005/instance_014_logical_graph/repeat_08/2_live/attempt_01
s005:instance_014:r09:o1:live,5,instance_014,9,live/no_cut,1,live,EXACT_CLOSED,0,0.412949,True,True,True,dfaedf6d273c5c56,2.117254,BPC_TREE_OPTIMAL,P0,9f0e7c4f7e2cab50267e197d55a17950aeee35aad388e47448f24873a7e92ba1,0,,0.004486,12.741291,/home/kai/work/GAT_BPC_moonTerk/runs/native_live_sri_v1_p0_frozen_paired_promotion_clean_v2_20260722/raw/scale_005/instance_014_logical_graph/repeat_09/1_live/attempt_01
s005:instance_014:r09:o2:no_cut,5,instance_014,9,live/no_cut,2,no_cut,EXACT_CLOSED,0,0.386269,True,True,True,dfaedf6d273c5c56,2.117254,BPC_TREE_OPTIMAL,no_cut,37c44c29594e0b8b0ba429e5dd3cf7422c07ae17222bb31e16e31e57030d5e63,0,,0.00457,12.742184,/home/kai/work/GAT_BPC_moonTerk/runs/native_live_sri_v1_p0_frozen_paired_promotion_clean_v2_20260722/raw/scale_005/instance_014_logical_graph/repeat_09/2_no_cut/attempt_01
s005:instance_014:r10:o1:no_cut,5,instance_014,10,no_cut/live,1,no_cut,EXACT_CLOSED,0,0.412713,True,True,True,dfaedf6d273c5c56,2.117254,BPC_TREE_OPTIMAL,no_cut,37c44c29594e0b8b0ba429e5dd3cf7422c07ae17222bb31e16e31e57030d5e63,0,,0.004589,12.744385,/home/kai/work/GAT_BPC_moonTerk/runs/native_live_sri_v1_p0_frozen_paired_promotion_clean_v2_20260722/raw/scale_005/instance_014_logical_graph/repeat_10/1_no_cut/attempt_01
s005:instance_014:r10:o2:live,5,instance_014,10,no_cut/live,2,live,EXACT_CLOSED,0,0.414386,True,True,True,dfaedf6d273c5c56,2.117254,BPC_TREE_OPTIMAL,P0,9f0e7c4f7e2cab50267e197d55a17950aeee35aad388e47448f24873a7e92ba1,0,,0.004555,12.740387,/home/kai/work/GAT_BPC_moonTerk/runs/native_live_sri_v1_p0_frozen_paired_promotion_clean_v2_20260722/raw/scale_005/instance_014_logical_graph/repeat_10/2_live/attempt_01
s005:instance_015:r01:o1:no_cut,5,instance_015,1,no_cut/live,1,no_cut,EXACT_CLOSED,0,0.408799,True,True,True,dfaedf6d273c5c56,2.081278,BPC_TREE_OPTIMAL,no_cut,37c44c29594e0b8b0ba429e5dd3cf7422c07ae17222bb31e16e31e57030d5e63,0,,0.004406,12.744595,/home/kai/work/GAT_BPC_moonTerk/runs/native_live_sri_v1_p0_frozen_paired_promotion_clean_v2_20260722/raw/scale_005/instance_015_logical_graph/repeat_01/1_no_cut/attempt_01
s005:instance_015:r01:o2:live,5,instance_015,1,no_cut/live,2,live,EXACT_CLOSED,0,0.395768,True,True,True,dfaedf6d273c5c56,2.081278,BPC_TREE_OPTIMAL,P0,9f0e7c4f7e2cab50267e197d55a17950aeee35aad388e47448f24873a7e92ba1,0,,0.004559,12.738422,/home/kai/work/GAT_BPC_moonTerk/runs/native_live_sri_v1_p0_frozen_paired_promotion_clean_v2_20260722/raw/scale_005/instance_015_logical_graph/repeat_01/2_live/attempt_01
s005:instance_015:r02:o1:live,5,instance_015,2,live/no_cut,1,live,EXACT_CLOSED,0,0.416263,True,True,True,dfaedf6d273c5c56,2.081278,BPC_TREE_OPTIMAL,P0,9f0e7c4f7e2cab50267e197d55a17950aeee35aad388e47448f24873a7e92ba1,0,,0.004375,12.742775,/home/kai/work/GAT_BPC_moonTerk/runs/native_live_sri_v1_p0_frozen_paired_promotion_clean_v2_20260722/raw/scale_005/instance_015_logical_graph/repeat_02/1_live/attempt_01
s005:instance_015:r02:o2:no_cut,5,instance_015,2,live/no_cut,2,no_cut,EXACT_CLOSED,0,0.403644,True,True,True,dfaedf6d273c5c56,2.081278,BPC_TREE_OPTIMAL,no_cut,37c44c29594e0b8b0ba429e5dd3cf7422c07ae17222bb31e16e31e57030d5e63,0,,0.004791,12.74192,/home/kai/work/GAT_BPC_moonTerk/runs/native_live_sri_v1_p0_frozen_paired_promotion_clean_v2_20260722/raw/scale_005/instance_015_logical_graph/repeat_02/2_no_cut/attempt_01
s005:instance_015:r03:o1:no_cut,5,instance_015,3,no_cut/live,1,no_cut,EXACT_CLOSED,0,0.393699,True,True,True,dfaedf6d273c5c56,2.081278,BPC_TREE_OPTIMAL,no_cut,37c44c29594e0b8b0ba429e5dd3cf7422c07ae17222bb31e16e31e57030d5e63,0,,0.004578,12.739574,/home/kai/work/GAT_BPC_moonTerk/runs/native_live_sri_v1_p0_frozen_paired_promotion_clean_v2_20260722/raw/scale_005/instance_015_logical_graph/repeat_03/1_no_cut/attempt_01
s005:instance_015:r03:o2:live,5,instance_015,3,no_cut/live,2,live,EXACT_CLOSED,0,0.384812,True,True,True,dfaedf6d273c5c56,2.081278,BPC_TREE_OPTIMAL,P0,9f0e7c4f7e2cab50267e197d55a17950aeee35aad388e47448f24873a7e92ba1,0,,0.004532,12.744774,/home/kai/work/GAT_BPC_moonTerk/runs/native_live_sri_v1_p0_frozen_paired_promotion_clean_v2_20260722/raw/scale_005/instance_015_logical_graph/repeat_03/2_live/attempt_01
s005:instance_015:r04:o1:live,5,instance_015,4,live/no_cut,1,live,EXACT_CLOSED,0,0.398806,True,True,True,dfaedf6d273c5c56,2.081278,BPC_TREE_OPTIMAL,P0,9f0e7c4f7e2cab50267e197d55a17950aeee35aad388e47448f24873a7e92ba1,0,,0.004295,12.743534,/home/kai/work/GAT_BPC_moonTerk/runs/native_live_sri_v1_p0_frozen_paired_promotion_clean_v2_20260722/raw/scale_005/instance_015_logical_graph/repeat_04/1_live/attempt_01
s005:instance_015:r04:o2:no_cut,5,instance_015,4,live/no_cut,2,no_cut,EXACT_CLOSED,0,0.39212,True,True,True,dfaedf6d273c5c56,2.081278,BPC_TREE_OPTIMAL,no_cut,37c44c29594e0b8b0ba429e5dd3cf7422c07ae17222bb31e16e31e57030d5e63,0,,0.004681,12.743011,/home/kai/work/GAT_BPC_moonTerk/runs/native_live_sri_v1_p0_frozen_paired_promotion_clean_v2_20260722/raw/scale_005/instance_015_logical_graph/repeat_04/2_no_cut/attempt_01
s005:instance_015:r05:o1:no_cut,5,instance_015,5,no_cut/live,1,no_cut,EXACT_CLOSED,0,0.396581,True,True,True,dfaedf6d273c5c56,2.081278,BPC_TREE_OPTIMAL,no_cut,37c44c29594e0b8b0ba429e5dd3cf7422c07ae17222bb31e16e31e57030d5e63,0,,0.004551,12.740974,/home/kai/work/GAT_BPC_moonTerk/runs/native_live_sri_v1_p0_frozen_paired_promotion_clean_v2_20260722/raw/scale_005/instance_015_logical_graph/repeat_05/1_no_cut/attempt_01
s005:instance_015:r05:o2:live,5,instance_015,5,no_cut/live,2,live,EXACT_CLOSED,0,0.406639,True,True,True,dfaedf6d273c5c56,2.081278,BPC_TREE_OPTIMAL,P0,9f0e7c4f7e2cab50267e197d55a17950aeee35aad388e47448f24873a7e92ba1,0,,0.004513,12.741886,/home/kai/work/GAT_BPC_moonTerk/runs/native_live_sri_v1_p0_frozen_paired_promotion_clean_v2_20260722/raw/scale_005/instance_015_logical_graph/repeat_05/2_live/attempt_01
s005:instance_015:r06:o1:live,5,instance_015,6,live/no_cut,1,live,EXACT_CLOSED,0,0.398114,True,True,True,dfaedf6d273c5c56,2.081278,BPC_TREE_OPTIMAL,P0,9f0e7c4f7e2cab50267e197d55a17950aeee35aad388e47448f24873a7e92ba1,0,,0.004559,12.742085,/home/kai/work/GAT_BPC_moonTerk/runs/native_live_sri_v1_p0_frozen_paired_promotion_clean_v2_20260722/raw/scale_005/instance_015_logical_graph/repeat_06/1_live/attempt_01
s005:instance_015:r06:o2:no_cut,5,instance_015,6,live/no_cut,2,no_cut,EXACT_CLOSED,0,0.364653,True,True,True,dfaedf6d273c5c56,2.081278,BPC_TREE_OPTIMAL,no_cut,37c44c29594e0b8b0ba429e5dd3cf7422c07ae17222bb31e16e31e57030d5e63,0,,0.004581,12.748829,/home/kai/work/GAT_BPC_moonTerk/runs/native_live_sri_v1_p0_frozen_paired_promotion_clean_v2_20260722/raw/scale_005/instance_015_logical_graph/repeat_06/2_no_cut/attempt_01
s005:instance_015:r07:o1:no_cut,5,instance_015,7,no_cut/live,1,no_cut,EXACT_CLOSED,0,0.426792,True,True,True,dfaedf6d273c5c56,2.081278,BPC_TREE_OPTIMAL,no_cut,37c44c29594e0b8b0ba429e5dd3cf7422c07ae17222bb31e16e31e57030d5e63,0,,0.004826,12.749638,/home/kai/work/GAT_BPC_moonTerk/runs/native_live_sri_v1_p0_frozen_paired_promotion_clean_v2_20260722/raw/scale_005/instance_015_logical_graph/repeat_07/1_no_cut/attempt_01
s005:instance_015:r07:o2:live,5,instance_015,7,no_cut/live,2,live,EXACT_CLOSED,0,0.41369,True,True,True,dfaedf6d273c5c56,2.081278,BPC_TREE_OPTIMAL,P0,9f0e7c4f7e2cab50267e197d55a17950aeee35aad388e47448f24873a7e92ba1,0,,0.00449,12.745464,/home/kai/work/GAT_BPC_moonTerk/runs/native_live_sri_v1_p0_frozen_paired_promotion_clean_v2_20260722/raw/scale_005/instance_015_logical_graph/repeat_07/2_live/attempt_01
s005:instance_015:r08:o1:live,5,instance_015,8,live/no_cut,1,live,EXACT_CLOSED,0,0.394601,True,True,True,dfaedf6d273c5c56,2.081278,BPC_TREE_OPTIMAL,P0,9f0e7c4f7e2cab50267e197d55a17950aeee35aad388e47448f24873a7e92ba1,0,,0.004715,12.744953,/home/kai/work/GAT_BPC_moonTerk/runs/native_live_sri_v1_p0_frozen_paired_promotion_clean_v2_20260722/raw/scale_005/instance_015_logical_graph/repeat_08/1_live/attempt_01
s005:instance_015:r08:o2:no_cut,5,instance_015,8,live/no_cut,2,no_cut,EXACT_CLOSED,0,0.398624,True,True,True,dfaedf6d273c5c56,2.081278,BPC_TREE_OPTIMAL,no_cut,37c44c29594e0b8b0ba429e5dd3cf7422c07ae17222bb31e16e31e57030d5e63,0,,0.004414,12.737896,/home/kai/work/GAT_BPC_moonTerk/runs/native_live_sri_v1_p0_frozen_paired_promotion_clean_v2_20260722/raw/scale_005/instance_015_logical_graph/repeat_08/2_no_cut/attempt_01
s005:instance_015:r09:o1:no_cut,5,instance_015,9,no_cut/live,1,no_cut,EXACT_CLOSED,0,0.392559,True,True,True,dfaedf6d273c5c56,2.081278,BPC_TREE_OPTIMAL,no_cut,37c44c29594e0b8b0ba429e5dd3cf7422c07ae17222bb31e16e31e57030d5e63,0,,0.004387,12.74044,/home/kai/work/GAT_BPC_moonTerk/runs/native_live_sri_v1_p0_frozen_paired_promotion_clean_v2_20260722/raw/scale_005/instance_015_logical_graph/repeat_09/1_no_cut/attempt_01
s005:instance_015:r09:o2:live,5,instance_015,9,no_cut/live,2,live,EXACT_CLOSED,0,0.409092,True,True,True,dfaedf6d273c5c56,2.081278,BPC_TREE_OPTIMAL,P0,9f0e7c4f7e2cab50267e197d55a17950aeee35aad388e47448f24873a7e92ba1,0,,0.004646,12.742737,/home/kai/work/GAT_BPC_moonTerk/runs/native_live_sri_v1_p0_frozen_paired_promotion_clean_v2_20260722/raw/scale_005/instance_015_logical_graph/repeat_09/2_live/attempt_01
s005:instance_015:r10:o1:live,5,instance_015,10,live/no_cut,1,live,EXACT_CLOSED,0,0.38975,True,True,True,dfaedf6d273c5c56,2.081278,BPC_TREE_OPTIMAL,P0,9f0e7c4f7e2cab50267e197d55a17950aeee35aad388e47448f24873a7e92ba1,0,,0.004631,12.744099,/home/kai/work/GAT_BPC_moonTerk/runs/native_live_sri_v1_p0_frozen_paired_promotion_clean_v2_20260722/raw/scale_005/instance_015_logical_graph/repeat_10/1_live/attempt_01
s005:instance_015:r10:o2:no_cut,5,instance_015,10,live/no_cut,2,no_cut,EXACT_CLOSED,0,0.38497,True,True,True,dfaedf6d273c5c56,2.081278,BPC_TREE_OPTIMAL,no_cut,37c44c29594e0b8b0ba429e5dd3cf7422c07ae17222bb31e16e31e57030d5e63,0,,0.004494,12.737946,/home/kai/work/GAT_BPC_moonTerk/runs/native_live_sri_v1_p0_frozen_paired_promotion_clean_v2_20260722/raw/scale_005/instance_015_logical_graph/repeat_10/2_no_cut/attempt_01
s005:instance_016:r01:o1:live,5,instance_016,1,live/no_cut,1,live,EXACT_CLOSED,0,0.383039,True,True,True,dfaedf6d273c5c56,2.158522,BPC_TREE_OPTIMAL,P0,9f0e7c4f7e2cab50267e197d55a17950aeee35aad388e47448f24873a7e92ba1,0,,0.004566,12.741531,/home/kai/work/GAT_BPC_moonTerk/runs/native_live_sri_v1_p0_frozen_paired_promotion_clean_v2_20260722/raw/scale_005/instance_016_logical_graph/repeat_01/1_live/attempt_01
s005:instance_016:r01:o2:no_cut,5,instance_016,1,live/no_cut,2,no_cut,EXACT_CLOSED,0,0.397032,True,True,True,dfaedf6d273c5c56,2.158522,BPC_TREE_OPTIMAL,no_cut,37c44c29594e0b8b0ba429e5dd3cf7422c07ae17222bb31e16e31e57030d5e63,0,,0.004597,12.741158,/home/kai/work/GAT_BPC_moonTerk/runs/native_live_sri_v1_p0_frozen_paired_promotion_clean_v2_20260722/raw/scale_005/instance_016_logical_graph/repeat_01/2_no_cut/attempt_01
s005:instance_016:r02:o1:no_cut,5,instance_016,2,no_cut/live,1,no_cut,EXACT_CLOSED,0,0.389627,True,True,True,dfaedf6d273c5c56,2.158522,BPC_TREE_OPTIMAL,no_cut,37c44c29594e0b8b0ba429e5dd3cf7422c07ae17222bb31e16e31e57030d5e63,0,,0.004646,12.742336,/home/kai/work/GAT_BPC_moonTerk/runs/native_live_sri_v1_p0_frozen_paired_promotion_clean_v2_20260722/raw/scale_005/instance_016_logical_graph/repeat_02/1_no_cut/attempt_01
s005:instance_016:r02:o2:live,5,instance_016,2,no_cut/live,2,live,EXACT_CLOSED,0,0.412905,True,True,True,dfaedf6d273c5c56,2.158522,BPC_TREE_OPTIMAL,P0,9f0e7c4f7e2cab50267e197d55a17950aeee35aad388e47448f24873a7e92ba1,0,,0.004471,12.735874,/home/kai/work/GAT_BPC_moonTerk/runs/native_live_sri_v1_p0_frozen_paired_promotion_clean_v2_20260722/raw/scale_005/instance_016_logical_graph/repeat_02/2_live/attempt_01
s005:instance_016:r03:o1:live,5,instance_016,3,live/no_cut,1,live,EXACT_CLOSED,0,0.396987,True,True,True,dfaedf6d273c5c56,2.158522,BPC_TREE_OPTIMAL,P0,9f0e7c4f7e2cab50267e197d55a17950aeee35aad388e47448f24873a7e92ba1,0,,0.004459,12.735641,/home/kai/work/GAT_BPC_moonTerk/runs/native_live_sri_v1_p0_frozen_paired_promotion_clean_v2_20260722/raw/scale_005/instance_016_logical_graph/repeat_03/1_live/attempt_01
s005:instance_016:r03:o2:no_cut,5,instance_016,3,live/no_cut,2,no_cut,EXACT_CLOSED,0,0.393959,True,True,True,dfaedf6d273c5c56,2.158522,BPC_TREE_OPTIMAL,no_cut,37c44c29594e0b8b0ba429e5dd3cf7422c07ae17222bb31e16e31e57030d5e63,0,,0.004513,12.739235,/home/kai/work/GAT_BPC_moonTerk/runs/native_live_sri_v1_p0_frozen_paired_promotion_clean_v2_20260722/raw/scale_005/instance_016_logical_graph/repeat_03/2_no_cut/attempt_01
s005:instance_016:r04:o1:no_cut,5,instance_016,4,no_cut/live,1,no_cut,EXACT_CLOSED,0,0.390088,True,True,True,dfaedf6d273c5c56,2.158522,BPC_TREE_OPTIMAL,no_cut,37c44c29594e0b8b0ba429e5dd3cf7422c07ae17222bb31e16e31e57030d5e63,0,,0.004395,12.739746,/home/kai/work/GAT_BPC_moonTerk/runs/native_live_sri_v1_p0_frozen_paired_promotion_clean_v2_20260722/raw/scale_005/instance_016_logical_graph/repeat_04/1_no_cut/attempt_01
s005:instance_016:r04:o2:live,5,instance_016,4,no_cut/live,2,live,EXACT_CLOSED,0,0.391446,True,True,True,dfaedf6d273c5c56,2.158522,BPC_TREE_OPTIMAL,P0,9f0e7c4f7e2cab50267e197d55a17950aeee35aad388e47448f24873a7e92ba1,0,,0.004452,12.743042,/home/kai/work/GAT_BPC_moonTerk/runs/native_live_sri_v1_p0_frozen_paired_promotion_clean_v2_20260722/raw/scale_005/instance_016_logical_graph/repeat_04/2_live/attempt_01
s005:instance_016:r05:o1:live,5,instance_016,5,live/no_cut,1,live,EXACT_CLOSED,0,0.402002,True,True,True,dfaedf6d273c5c56,2.158522,BPC_TREE_OPTIMAL,P0,9f0e7c4f7e2cab50267e197d55a17950aeee35aad388e47448f24873a7e92ba1,0,,0.004303,12.741776,/home/kai/work/GAT_BPC_moonTerk/runs/native_live_sri_v1_p0_frozen_paired_promotion_clean_v2_20260722/raw/scale_005/instance_016_logical_graph/repeat_05/1_live/attempt_01
s005:instance_016:r05:o2:no_cut,5,instance_016,5,live/no_cut,2,no_cut,EXACT_CLOSED,0,0.388715,True,True,True,dfaedf6d273c5c56,2.158522,BPC_TREE_OPTIMAL,no_cut,37c44c29594e0b8b0ba429e5dd3cf7422c07ae17222bb31e16e31e57030d5e63,0,,0.004509,12.739334,/home/kai/work/GAT_BPC_moonTerk/runs/native_live_sri_v1_p0_frozen_paired_promotion_clean_v2_20260722/raw/scale_005/instance_016_logical_graph/repeat_05/2_no_cut/attempt_01
s005:instance_016:r06:o1:no_cut,5,instance_016,6,no_cut/live,1,no_cut,EXACT_CLOSED,0,0.412961,True,True,True,dfaedf6d273c5c56,2.158522,BPC_TREE_OPTIMAL,no_cut,37c44c29594e0b8b0ba429e5dd3cf7422c07ae17222bb31e16e31e57030d5e63,0,,0.004303,12.733952,/home/kai/work/GAT_BPC_moonTerk/runs/native_live_sri_v1_p0_frozen_paired_promotion_clean_v2_20260722/raw/scale_005/instance_016_logical_graph/repeat_06/1_no_cut/attempt_01
s005:instance_016:r06:o2:live,5,instance_016,6,no_cut/live,2,live,EXACT_CLOSED,0,0.399995,True,True,True,dfaedf6d273c5c56,2.158522,BPC_TREE_OPTIMAL,P0,9f0e7c4f7e2cab50267e197d55a17950aeee35aad388e47448f24873a7e92ba1,0,,0.004505,12.735909,/home/kai/work/GAT_BPC_moonTerk/runs/native_live_sri_v1_p0_frozen_paired_promotion_clean_v2_20260722/raw/scale_005/instance_016_logical_graph/repeat_06/2_live/attempt_01
s005:instance_016:r07:o1:live,5,instance_016,7,live/no_cut,1,live,EXACT_CLOSED,0,0.390835,True,True,True,dfaedf6d273c5c56,2.158522,BPC_TREE_OPTIMAL,P0,9f0e7c4f7e2cab50267e197d55a17950aeee35aad388e47448f24873a7e92ba1,0,,0.004467,12.737293,/home/kai/work/GAT_BPC_moonTerk/runs/native_live_sri_v1_p0_frozen_paired_promotion_clean_v2_20260722/raw/scale_005/instance_016_logical_graph/repeat_07/1_live/attempt_01
s005:instance_016:r07:o2:no_cut,5,instance_016,7,live/no_cut,2,no_cut,EXACT_CLOSED,0,0.414045,True,True,True,dfaedf6d273c5c56,2.158522,BPC_TREE_OPTIMAL,no_cut,37c44c29594e0b8b0ba429e5dd3cf7422c07ae17222bb31e16e31e57030d5e63,0,,0.004444,12.738365,/home/kai/work/GAT_BPC_moonTerk/runs/native_live_sri_v1_p0_frozen_paired_promotion_clean_v2_20260722/raw/scale_005/instance_016_logical_graph/repeat_07/2_no_cut/attempt_01
s005:instance_016:r08:o1:no_cut,5,instance_016,8,no_cut/live,1,no_cut,EXACT_CLOSED,0,0.377081,True,True,True,dfaedf6d273c5c56,2.158522,BPC_TREE_OPTIMAL,no_cut,37c44c29594e0b8b0ba429e5dd3cf7422c07ae17222bb31e16e31e57030d5e63,0,,0.004551,12.735615,/home/kai/work/GAT_BPC_moonTerk/runs/native_live_sri_v1_p0_frozen_paired_promotion_clean_v2_20260722/raw/scale_005/instance_016_logical_graph/repeat_08/1_no_cut/attempt_01
s005:instance_016:r08:o2:live,5,instance_016,8,no_cut/live,2,live,EXACT_CLOSED,0,0.377728,True,True,True,dfaedf6d273c5c56,2.158522,BPC_TREE_OPTIMAL,P0,9f0e7c4f7e2cab50267e197d55a17950aeee35aad388e47448f24873a7e92ba1,0,,0.004532,12.736702,/home/kai/work/GAT_BPC_moonTerk/runs/native_live_sri_v1_p0_frozen_paired_promotion_clean_v2_20260722/raw/scale_005/instance_016_logical_graph/repeat_08/2_live/attempt_01
s005:instance_016:r09:o1:live,5,instance_016,9,live/no_cut,1,live,EXACT_CLOSED,0,0.397178,True,True,True,dfaedf6d273c5c56,2.158522,BPC_TREE_OPTIMAL,P0,9f0e7c4f7e2cab50267e197d55a17950aeee35aad388e47448f24873a7e92ba1,0,,0.004509,12.73777,/home/kai/work/GAT_BPC_moonTerk/runs/native_live_sri_v1_p0_frozen_paired_promotion_clean_v2_20260722/raw/scale_005/instance_016_logical_graph/repeat_09/1_live/attempt_01
s005:instance_016:r09:o2:no_cut,5,instance_016,9,live/no_cut,2,no_cut,EXACT_CLOSED,0,0.366363,True,True,True,dfaedf6d273c5c56,2.158522,BPC_TREE_OPTIMAL,no_cut,37c44c29594e0b8b0ba429e5dd3cf7422c07ae17222bb31e16e31e57030d5e63,0,,0.005363,12.741859,/home/kai/work/GAT_BPC_moonTerk/runs/native_live_sri_v1_p0_frozen_paired_promotion_clean_v2_20260722/raw/scale_005/instance_016_logical_graph/repeat_09/2_no_cut/attempt_01
s005:instance_016:r10:o1:no_cut,5,instance_016,10,no_cut/live,1,no_cut,EXACT_CLOSED,0,0.396083,True,True,True,dfaedf6d273c5c56,2.158522,BPC_TREE_OPTIMAL,no_cut,37c44c29594e0b8b0ba429e5dd3cf7422c07ae17222bb31e16e31e57030d5e63,0,,0.004627,12.737896,/home/kai/work/GAT_BPC_moonTerk/runs/native_live_sri_v1_p0_frozen_paired_promotion_clean_v2_20260722/raw/scale_005/instance_016_logical_graph/repeat_10/1_no_cut/attempt_01
s005:instance_016:r10:o2:live,5,instance_016,10,no_cut/live,2,live,EXACT_CLOSED,0,0.405951,True,True,True,dfaedf6d273c5c56,2.158522,BPC_TREE_OPTIMAL,P0,9f0e7c4f7e2cab50267e197d55a17950aeee35aad388e47448f24873a7e92ba1,0,,0.004272,12.735794,/home/kai/work/GAT_BPC_moonTerk/runs/native_live_sri_v1_p0_frozen_paired_promotion_clean_v2_20260722/raw/scale_005/instance_016_logical_graph/repeat_10/2_live/attempt_01
s005:instance_017:r01:o1:no_cut,5,instance_017,1,no_cut/live,1,no_cut,EXACT_CLOSED,0,0.394908,True,True,True,dfaedf6d273c5c56,2.219538,BPC_TREE_OPTIMAL,no_cut,37c44c29594e0b8b0ba429e5dd3cf7422c07ae17222bb31e16e31e57030d5e63,0,,0.004509,12.743664,/home/kai/work/GAT_BPC_moonTerk/runs/native_live_sri_v1_p0_frozen_paired_promotion_clean_v2_20260722/raw/scale_005/instance_017_logical_graph/repeat_01/1_no_cut/attempt_01
s005:instance_017:r01:o2:live,5,instance_017,1,no_cut/live,2,live,EXACT_CLOSED,0,0.417639,True,True,True,dfaedf6d273c5c56,2.219538,BPC_TREE_OPTIMAL,P0,9f0e7c4f7e2cab50267e197d55a17950aeee35aad388e47448f24873a7e92ba1,0,,0.004627,12.737385,/home/kai/work/GAT_BPC_moonTerk/runs/native_live_sri_v1_p0_frozen_paired_promotion_clean_v2_20260722/raw/scale_005/instance_017_logical_graph/repeat_01/2_live/attempt_01
s005:instance_017:r02:o1:live,5,instance_017,2,live/no_cut,1,live,EXACT_CLOSED,0,0.389036,True,True,True,dfaedf6d273c5c56,2.219538,BPC_TREE_OPTIMAL,P0,9f0e7c4f7e2cab50267e197d55a17950aeee35aad388e47448f24873a7e92ba1,0,,0.00449,12.737553,/home/kai/work/GAT_BPC_moonTerk/runs/native_live_sri_v1_p0_frozen_paired_promotion_clean_v2_20260722/raw/scale_005/instance_017_logical_graph/repeat_02/1_live/attempt_01
s005:instance_017:r02:o2:no_cut,5,instance_017,2,live/no_cut,2,no_cut,EXACT_CLOSED,0,0.391529,True,True,True,dfaedf6d273c5c56,2.219538,BPC_TREE_OPTIMAL,no_cut,37c44c29594e0b8b0ba429e5dd3cf7422c07ae17222bb31e16e31e57030d5e63,0,,0.004597,12.736042,/home/kai/work/GAT_BPC_moonTerk/runs/native_live_sri_v1_p0_frozen_paired_promotion_clean_v2_20260722/raw/scale_005/instance_017_logical_graph/repeat_02/2_no_cut/attempt_01
s005:instance_017:r03:o1:no_cut,5,instance_017,3,no_cut/live,1,no_cut,EXACT_CLOSED,0,0.391915,True,True,True,dfaedf6d273c5c56,2.219538,BPC_TREE_OPTIMAL,no_cut,37c44c29594e0b8b0ba429e5dd3cf7422c07ae17222bb31e16e31e57030d5e63,0,,0.004353,12.741806,/home/kai/work/GAT_BPC_moonTerk/runs/native_live_sri_v1_p0_frozen_paired_promotion_clean_v2_20260722/raw/scale_005/instance_017_logical_graph/repeat_03/1_no_cut/attempt_01
s005:instance_017:r03:o2:live,5,instance_017,3,no_cut/live,2,live,EXACT_CLOSED,0,0.43138,True,True,True,dfaedf6d273c5c56,2.219538,BPC_TREE_OPTIMAL,P0,9f0e7c4f7e2cab50267e197d55a17950aeee35aad388e47448f24873a7e92ba1,0,,0.004353,12.732124,/home/kai/work/GAT_BPC_moonTerk/runs/native_live_sri_v1_p0_frozen_paired_promotion_clean_v2_20260722/raw/scale_005/instance_017_logical_graph/repeat_03/2_live/attempt_01
s005:instance_017:r04:o1:live,5,instance_017,4,live/no_cut,1,live,EXACT_CLOSED,0,0.430677,True,True,True,dfaedf6d273c5c56,2.219538,BPC_TREE_OPTIMAL,P0,9f0e7c4f7e2cab50267e197d55a17950aeee35aad388e47448f24873a7e92ba1,0,,0.00449,12.73893,/home/kai/work/GAT_BPC_moonTerk/runs/native_live_sri_v1_p0_frozen_paired_promotion_clean_v2_20260722/raw/scale_005/instance_017_logical_graph/repeat_04/1_live/attempt_01
s005:instance_017:r04:o2:no_cut,5,instance_017,4,live/no_cut,2,no_cut,EXACT_CLOSED,0,0.410937,True,True,True,dfaedf6d273c5c56,2.219538,BPC_TREE_OPTIMAL,no_cut,37c44c29594e0b8b0ba429e5dd3cf7422c07ae17222bb31e16e31e57030d5e63,0,,0.004505,12.737347,/home/kai/work/GAT_BPC_moonTerk/runs/native_live_sri_v1_p0_frozen_paired_promotion_clean_v2_20260722/raw/scale_005/instance_017_logical_graph/repeat_04/2_no_cut/attempt_01
s005:instance_017:r05:o1:no_cut,5,instance_017,5,no_cut/live,1,no_cut,EXACT_CLOSED,0,0.400483,True,True,True,dfaedf6d273c5c56,2.219538,BPC_TREE_OPTIMAL,no_cut,37c44c29594e0b8b0ba429e5dd3cf7422c07ae17222bb31e16e31e57030d5e63,0,,0.006447,12.741528,/home/kai/work/GAT_BPC_moonTerk/runs/native_live_sri_v1_p0_frozen_paired_promotion_clean_v2_20260722/raw/scale_005/instance_017_logical_graph/repeat_05/1_no_cut/attempt_01
s005:instance_017:r05:o2:live,5,instance_017,5,no_cut/live,2,live,EXACT_CLOSED,0,0.399724,True,True,True,dfaedf6d273c5c56,2.219538,BPC_TREE_OPTIMAL,P0,9f0e7c4f7e2cab50267e197d55a17950aeee35aad388e47448f24873a7e92ba1,0,,0.004562,12.741604,/home/kai/work/GAT_BPC_moonTerk/runs/native_live_sri_v1_p0_frozen_paired_promotion_clean_v2_20260722/raw/scale_005/instance_017_logical_graph/repeat_05/2_live/attempt_01
s005:instance_017:r06:o1:live,5,instance_017,6,live/no_cut,1,live,EXACT_CLOSED,0,0.407136,True,True,True,dfaedf6d273c5c56,2.219538,BPC_TREE_OPTIMAL,P0,9f0e7c4f7e2cab50267e197d55a17950aeee35aad388e47448f24873a7e92ba1,0,,0.004566,12.741169,/home/kai/work/GAT_BPC_moonTerk/runs/native_live_sri_v1_p0_frozen_paired_promotion_clean_v2_20260722/raw/scale_005/instance_017_logical_graph/repeat_06/1_live/attempt_01
s005:instance_017:r06:o2:no_cut,5,instance_017,6,live/no_cut,2,no_cut,EXACT_CLOSED,0,0.402338,True,True,True,dfaedf6d273c5c56,2.219538,BPC_TREE_OPTIMAL,no_cut,37c44c29594e0b8b0ba429e5dd3cf7422c07ae17222bb31e16e31e57030d5e63,0,,0.004395,12.737629,/home/kai/work/GAT_BPC_moonTerk/runs/native_live_sri_v1_p0_frozen_paired_promotion_clean_v2_20260722/raw/scale_005/instance_017_logical_graph/repeat_06/2_no_cut/attempt_01
s005:instance_017:r07:o1:no_cut,5,instance_017,7,no_cut/live,1,no_cut,EXACT_CLOSED,0,0.412967,True,True,True,dfaedf6d273c5c56,2.219538,BPC_TREE_OPTIMAL,no_cut,37c44c29594e0b8b0ba429e5dd3cf7422c07ae17222bb31e16e31e57030d5e63,0,,0.004578,12.751919,/home/kai/work/GAT_BPC_moonTerk/runs/native_live_sri_v1_p0_frozen_paired_promotion_clean_v2_20260722/raw/scale_005/instance_017_logical_graph/repeat_07/1_no_cut/attempt_01
s005:instance_017:r07:o2:live,5,instance_017,7,no_cut/live,2,live,EXACT_CLOSED,0,0.401701,True,True,True,dfaedf6d273c5c56,2.219538,BPC_TREE_OPTIMAL,P0,9f0e7c4f7e2cab50267e197d55a17950aeee35aad388e47448f24873a7e92ba1,0,,0.004623,12.740303,/home/kai/work/GAT_BPC_moonTerk/runs/native_live_sri_v1_p0_frozen_paired_promotion_clean_v2_20260722/raw/scale_005/instance_017_logical_graph/repeat_07/2_live/attempt_01
s005:instance_017:r08:o1:live,5,instance_017,8,live/no_cut,1,live,EXACT_CLOSED,0,0.397072,True,True,True,dfaedf6d273c5c56,2.219538,BPC_TREE_OPTIMAL,P0,9f0e7c4f7e2cab50267e197d55a17950aeee35aad388e47448f24873a7e92ba1,0,,0.004562,12.739475,/home/kai/work/GAT_BPC_moonTerk/runs/native_live_sri_v1_p0_frozen_paired_promotion_clean_v2_20260722/raw/scale_005/instance_017_logical_graph/repeat_08/1_live/attempt_01
s005:instance_017:r08:o2:no_cut,5,instance_017,8,live/no_cut,2,no_cut,EXACT_CLOSED,0,0.415947,True,True,True,dfaedf6d273c5c56,2.219538,BPC_TREE_OPTIMAL,no_cut,37c44c29594e0b8b0ba429e5dd3cf7422c07ae17222bb31e16e31e57030d5e63,0,,0.00436,12.740906,/home/kai/work/GAT_BPC_moonTerk/runs/native_live_sri_v1_p0_frozen_paired_promotion_clean_v2_20260722/raw/scale_005/instance_017_logical_graph/repeat_08/2_no_cut/attempt_01
s005:instance_017:r09:o1:no_cut,5,instance_017,9,no_cut/live,1,no_cut,EXACT_CLOSED,0,0.401003,True,True,True,dfaedf6d273c5c56,2.219538,BPC_TREE_OPTIMAL,no_cut,37c44c29594e0b8b0ba429e5dd3cf7422c07ae17222bb31e16e31e57030d5e63,0,,0.004623,12.739136,/home/kai/work/GAT_BPC_moonTerk/runs/native_live_sri_v1_p0_frozen_paired_promotion_clean_v2_20260722/raw/scale_005/instance_017_logical_graph/repeat_09/1_no_cut/attempt_01
s005:instance_017:r09:o2:live,5,instance_017,9,no_cut/live,2,live,EXACT_CLOSED,0,0.415746,True,True,True,dfaedf6d273c5c56,2.219538,BPC_TREE_OPTIMAL,P0,9f0e7c4f7e2cab50267e197d55a17950aeee35aad388e47448f24873a7e92ba1,0,,0.004646,12.738449,/home/kai/work/GAT_BPC_moonTerk/runs/native_live_sri_v1_p0_frozen_paired_promotion_clean_v2_20260722/raw/scale_005/instance_017_logical_graph/repeat_09/2_live/attempt_01
s005:instance_017:r10:o1:live,5,instance_017,10,live/no_cut,1,live,EXACT_CLOSED,0,0.409167,True,True,True,dfaedf6d273c5c56,2.219538,BPC_TREE_OPTIMAL,P0,9f0e7c4f7e2cab50267e197d55a17950aeee35aad388e47448f24873a7e92ba1,0,,0.004505,12.737431,/home/kai/work/GAT_BPC_moonTerk/runs/native_live_sri_v1_p0_frozen_paired_promotion_clean_v2_20260722/raw/scale_005/instance_017_logical_graph/repeat_10/1_live/attempt_01
s005:instance_017:r10:o2:no_cut,5,instance_017,10,live/no_cut,2,no_cut,EXACT_CLOSED,0,0.417913,True,True,True,dfaedf6d273c5c56,2.219538,BPC_TREE_OPTIMAL,no_cut,37c44c29594e0b8b0ba429e5dd3cf7422c07ae17222bb31e16e31e57030d5e63,0,,0.004986,12.744335,/home/kai/work/GAT_BPC_moonTerk/runs/native_live_sri_v1_p0_frozen_paired_promotion_clean_v2_20260722/raw/scale_005/instance_017_logical_graph/repeat_10/2_no_cut/attempt_01
s005:instance_018:r01:o1:live,5,instance_018,1,live/no_cut,1,live,EXACT_CLOSED,0,0.396411,True,True,True,dfaedf6d273c5c56,1.941902,BPC_TREE_OPTIMAL,P0,9f0e7c4f7e2cab50267e197d55a17950aeee35aad388e47448f24873a7e92ba1,0,,0.004482,12.734638,/home/kai/work/GAT_BPC_moonTerk/runs/native_live_sri_v1_p0_frozen_paired_promotion_clean_v2_20260722/raw/scale_005/instance_018_logical_graph/repeat_01/1_live/attempt_01
s005:instance_018:r01:o2:no_cut,5,instance_018,1,live/no_cut,2,no_cut,EXACT_CLOSED,0,0.394485,True,True,True,dfaedf6d273c5c56,1.941902,BPC_TREE_OPTIMAL,no_cut,37c44c29594e0b8b0ba429e5dd3cf7422c07ae17222bb31e16e31e57030d5e63,0,,0.00452,12.730438,/home/kai/work/GAT_BPC_moonTerk/runs/native_live_sri_v1_p0_frozen_paired_promotion_clean_v2_20260722/raw/scale_005/instance_018_logical_graph/repeat_01/2_no_cut/attempt_01
s005:instance_018:r02:o1:no_cut,5,instance_018,2,no_cut/live,1,no_cut,EXACT_CLOSED,0,0.393089,True,True,True,dfaedf6d273c5c56,1.941902,BPC_TREE_OPTIMAL,no_cut,37c44c29594e0b8b0ba429e5dd3cf7422c07ae17222bb31e16e31e57030d5e63,0,,0.004673,12.741623,/home/kai/work/GAT_BPC_moonTerk/runs/native_live_sri_v1_p0_frozen_paired_promotion_clean_v2_20260722/raw/scale_005/instance_018_logical_graph/repeat_02/1_no_cut/attempt_01
s005:instance_018:r02:o2:live,5,instance_018,2,no_cut/live,2,live,EXACT_CLOSED,0,0.42508,True,True,True,dfaedf6d273c5c56,1.941902,BPC_TREE_OPTIMAL,P0,9f0e7c4f7e2cab50267e197d55a17950aeee35aad388e47448f24873a7e92ba1,0,,0.004597,12.736,/home/kai/work/GAT_BPC_moonTerk/runs/native_live_sri_v1_p0_frozen_paired_promotion_clean_v2_20260722/raw/scale_005/instance_018_logical_graph/repeat_02/2_live/attempt_01
s005:instance_018:r03:o1:live,5,instance_018,3,live/no_cut,1,live,EXACT_CLOSED,0,0.41152,True,True,True,dfaedf6d273c5c56,1.941902,BPC_TREE_OPTIMAL,P0,9f0e7c4f7e2cab50267e197d55a17950aeee35aad388e47448f24873a7e92ba1,0,,0.00441,12.740223,/home/kai/work/GAT_BPC_moonTerk/runs/native_live_sri_v1_p0_frozen_paired_promotion_clean_v2_20260722/raw/scale_005/instance_018_logical_graph/repeat_03/1_live/attempt_01
s005:instance_018:r03:o2:no_cut,5,instance_018,3,live/no_cut,2,no_cut,EXACT_CLOSED,0,0.391065,True,True,True,dfaedf6d273c5c56,1.941902,BPC_TREE_OPTIMAL,no_cut,37c44c29594e0b8b0ba429e5dd3cf7422c07ae17222bb31e16e31e57030d5e63,0,,0.004616,12.737312,/home/kai/work/GAT_BPC_moonTerk/runs/native_live_sri_v1_p0_frozen_paired_promotion_clean_v2_20260722/raw/scale_005/instance_018_logical_graph/repeat_03/2_no_cut/attempt_01
s005:instance_018:r04:o1:no_cut,5,instance_018,4,no_cut/live,1,no_cut,EXACT_CLOSED,0,0.397057,True,True,True,dfaedf6d273c5c56,1.941902,BPC_TREE_OPTIMAL,no_cut,37c44c29594e0b8b0ba429e5dd3cf7422c07ae17222bb31e16e31e57030d5e63,0,,0.004459,12.741089,/home/kai/work/GAT_BPC_moonTerk/runs/native_live_sri_v1_p0_frozen_paired_promotion_clean_v2_20260722/raw/scale_005/instance_018_logical_graph/repeat_04/1_no_cut/attempt_01
s005:instance_018:r04:o2:live,5,instance_018,4,no_cut/live,2,live,EXACT_CLOSED,0,0.374737,True,True,True,dfaedf6d273c5c56,1.941902,BPC_TREE_OPTIMAL,P0,9f0e7c4f7e2cab50267e197d55a17950aeee35aad388e47448f24873a7e92ba1,0,,0.004627,12.740376,/home/kai/work/GAT_BPC_moonTerk/runs/native_live_sri_v1_p0_frozen_paired_promotion_clean_v2_20260722/raw/scale_005/instance_018_logical_graph/repeat_04/2_live/attempt_01
s005:instance_018:r05:o1:live,5,instance_018,5,live/no_cut,1,live,EXACT_CLOSED,0,0.378661,True,True,True,dfaedf6d273c5c56,1.941902,BPC_TREE_OPTIMAL,P0,9f0e7c4f7e2cab50267e197d55a17950aeee35aad388e47448f24873a7e92ba1,0,,0.004414,12.737644,/home/kai/work/GAT_BPC_moonTerk/runs/native_live_sri_v1_p0_frozen_paired_promotion_clean_v2_20260722/raw/scale_005/instance_018_logical_graph/repeat_05/1_live/attempt_01
s005:instance_018:r05:o2:no_cut,5,instance_018,5,live/no_cut,2,no_cut,EXACT_CLOSED,0,0.404829,True,True,True,dfaedf6d273c5c56,1.941902,BPC_TREE_OPTIMAL,no_cut,37c44c29594e0b8b0ba429e5dd3cf7422c07ae17222bb31e16e31e57030d5e63,0,,0.004578,12.736946,/home/kai/work/GAT_BPC_moonTerk/runs/native_live_sri_v1_p0_frozen_paired_promotion_clean_v2_20260722/raw/scale_005/instance_018_logical_graph/repeat_05/2_no_cut/attempt_01
s005:instance_018:r06:o1:no_cut,5,instance_018,6,no_cut/live,1,no_cut,EXACT_CLOSED,0,0.41031,True,True,True,dfaedf6d273c5c56,1.941902,BPC_TREE_OPTIMAL,no_cut,37c44c29594e0b8b0ba429e5dd3cf7422c07ae17222bb31e16e31e57030d5e63,0,,0.004486,12.734005,/home/kai/work/GAT_BPC_moonTerk/runs/native_live_sri_v1_p0_frozen_paired_promotion_clean_v2_20260722/raw/scale_005/instance_018_logical_graph/repeat_06/1_no_cut/attempt_01
s005:instance_018:r06:o2:live,5,instance_018,6,no_cut/live,2,live,EXACT_CLOSED,0,0.373212,True,True,True,dfaedf6d273c5c56,1.941902,BPC_TREE_OPTIMAL,P0,9f0e7c4f7e2cab50267e197d55a17950aeee35aad388e47448f24873a7e92ba1,0,,0.004543,12.732841,/home/kai/work/GAT_BPC_moonTerk/runs/native_live_sri_v1_p0_frozen_paired_promotion_clean_v2_20260722/raw/scale_005/instance_018_logical_graph/repeat_06/2_live/attempt_01
s005:instance_018:r07:o1:live,5,instance_018,7,live/no_cut,1,live,EXACT_CLOSED,0,0.377105,True,True,True,dfaedf6d273c5c56,1.941902,BPC_TREE_OPTIMAL,P0,9f0e7c4f7e2cab50267e197d55a17950aeee35aad388e47448f24873a7e92ba1,0,,0.004498,12.732197,/home/kai/work/GAT_BPC_moonTerk/runs/native_live_sri_v1_p0_frozen_paired_promotion_clean_v2_20260722/raw/scale_005/instance_018_logical_graph/repeat_07/1_live/attempt_01
s005:instance_018:r07:o2:no_cut,5,instance_018,7,live/no_cut,2,no_cut,EXACT_CLOSED,0,0.386875,True,True,True,dfaedf6d273c5c56,1.941902,BPC_TREE_OPTIMAL,no_cut,37c44c29594e0b8b0ba429e5dd3cf7422c07ae17222bb31e16e31e57030d5e63,0,,0.004494,12.74015,/home/kai/work/GAT_BPC_moonTerk/runs/native_live_sri_v1_p0_frozen_paired_promotion_clean_v2_20260722/raw/scale_005/instance_018_logical_graph/repeat_07/2_no_cut/attempt_01
s005:instance_018:r08:o1:no_cut,5,instance_018,8,no_cut/live,1,no_cut,EXACT_CLOSED,0,0.400648,True,True,True,dfaedf6d273c5c56,1.941902,BPC_TREE_OPTIMAL,no_cut,37c44c29594e0b8b0ba429e5dd3cf7422c07ae17222bb31e16e31e57030d5e63,0,,0.004456,12.743202,/home/kai/work/GAT_BPC_moonTerk/runs/native_live_sri_v1_p0_frozen_paired_promotion_clean_v2_20260722/raw/scale_005/instance_018_logical_graph/repeat_08/1_no_cut/attempt_01
s005:instance_018:r08:o2:live,5,instance_018,8,no_cut/live,2,live,EXACT_CLOSED,0,0.410697,True,True,True,dfaedf6d273c5c56,1.941902,BPC_TREE_OPTIMAL,P0,9f0e7c4f7e2cab50267e197d55a17950aeee35aad388e47448f24873a7e92ba1,0,,0.00457,12.738281,/home/kai/work/GAT_BPC_moonTerk/runs/native_live_sri_v1_p0_frozen_paired_promotion_clean_v2_20260722/raw/scale_005/instance_018_logical_graph/repeat_08/2_live/attempt_01
s005:instance_018:r09:o1:live,5,instance_018,9,live/no_cut,1,live,EXACT_CLOSED,0,0.387029,True,True,True,dfaedf6d273c5c56,1.941902,BPC_TREE_OPTIMAL,P0,9f0e7c4f7e2cab50267e197d55a17950aeee35aad388e47448f24873a7e92ba1,0,,0.004341,12.739166,/home/kai/work/GAT_BPC_moonTerk/runs/native_live_sri_v1_p0_frozen_paired_promotion_clean_v2_20260722/raw/scale_005/instance_018_logical_graph/repeat_09/1_live/attempt_01
s005:instance_018:r09:o2:no_cut,5,instance_018,9,live/no_cut,2,no_cut,EXACT_CLOSED,0,0.398414,True,True,True,dfaedf6d273c5c56,1.941902,BPC_TREE_OPTIMAL,no_cut,37c44c29594e0b8b0ba429e5dd3cf7422c07ae17222bb31e16e31e57030d5e63,0,,0.004421,12.735859,/home/kai/work/GAT_BPC_moonTerk/runs/native_live_sri_v1_p0_frozen_paired_promotion_clean_v2_20260722/raw/scale_005/instance_018_logical_graph/repeat_09/2_no_cut/attempt_01
s005:instance_018:r10:o1:no_cut,5,instance_018,10,no_cut/live,1,no_cut,EXACT_CLOSED,0,0.395103,True,True,True,dfaedf6d273c5c56,1.941902,BPC_TREE_OPTIMAL,no_cut,37c44c29594e0b8b0ba429e5dd3cf7422c07ae17222bb31e16e31e57030d5e63,0,,0.004803,12.738083,/home/kai/work/GAT_BPC_moonTerk/runs/native_live_sri_v1_p0_frozen_paired_promotion_clean_v2_20260722/raw/scale_005/instance_018_logical_graph/repeat_10/1_no_cut/attempt_01
s005:instance_018:r10:o2:live,5,instance_018,10,no_cut/live,2,live,EXACT_CLOSED,0,0.397507,True,True,True,dfaedf6d273c5c56,1.941902,BPC_TREE_OPTIMAL,P0,9f0e7c4f7e2cab50267e197d55a17950aeee35aad388e47448f24873a7e92ba1,0,,0.00433,12.735611,/home/kai/work/GAT_BPC_moonTerk/runs/native_live_sri_v1_p0_frozen_paired_promotion_clean_v2_20260722/raw/scale_005/instance_018_logical_graph/repeat_10/2_live/attempt_01
s005:instance_019:r01:o1:no_cut,5,instance_019,1,no_cut/live,1,no_cut,EXACT_CLOSED,0,0.406859,True,True,True,dfaedf6d273c5c56,2.165365,BPC_TREE_OPTIMAL,no_cut,37c44c29594e0b8b0ba429e5dd3cf7422c07ae17222bb31e16e31e57030d5e63,0,,0.004578,12.736027,/home/kai/work/GAT_BPC_moonTerk/runs/native_live_sri_v1_p0_frozen_paired_promotion_clean_v2_20260722/raw/scale_005/instance_019_logical_graph/repeat_01/1_no_cut/attempt_01
s005:instance_019:r01:o2:live,5,instance_019,1,no_cut/live,2,live,EXACT_CLOSED,0,0.397471,True,True,True,dfaedf6d273c5c56,2.165365,BPC_TREE_OPTIMAL,P0,9f0e7c4f7e2cab50267e197d55a17950aeee35aad388e47448f24873a7e92ba1,0,,0.004608,12.739555,/home/kai/work/GAT_BPC_moonTerk/runs/native_live_sri_v1_p0_frozen_paired_promotion_clean_v2_20260722/raw/scale_005/instance_019_logical_graph/repeat_01/2_live/attempt_01
s005:instance_019:r02:o1:live,5,instance_019,2,live/no_cut,1,live,EXACT_CLOSED,0,0.39132,True,True,True,dfaedf6d273c5c56,2.165365,BPC_TREE_OPTIMAL,P0,9f0e7c4f7e2cab50267e197d55a17950aeee35aad388e47448f24873a7e92ba1,0,,0.004616,12.729252,/home/kai/work/GAT_BPC_moonTerk/runs/native_live_sri_v1_p0_frozen_paired_promotion_clean_v2_20260722/raw/scale_005/instance_019_logical_graph/repeat_02/1_live/attempt_01
s005:instance_019:r02:o2:no_cut,5,instance_019,2,live/no_cut,2,no_cut,EXACT_CLOSED,0,0.404521,True,True,True,dfaedf6d273c5c56,2.165365,BPC_TREE_OPTIMAL,no_cut,37c44c29594e0b8b0ba429e5dd3cf7422c07ae17222bb31e16e31e57030d5e63,0,,0.004765,12.734055,/home/kai/work/GAT_BPC_moonTerk/runs/native_live_sri_v1_p0_frozen_paired_promotion_clean_v2_20260722/raw/scale_005/instance_019_logical_graph/repeat_02/2_no_cut/attempt_01
s005:instance_019:r03:o1:no_cut,5,instance_019,3,no_cut/live,1,no_cut,EXACT_CLOSED,0,0.3985,True,True,True,dfaedf6d273c5c56,2.165365,BPC_TREE_OPTIMAL,no_cut,37c44c29594e0b8b0ba429e5dd3cf7422c07ae17222bb31e16e31e57030d5e63,0,,0.00444,12.729145,/home/kai/work/GAT_BPC_moonTerk/runs/native_live_sri_v1_p0_frozen_paired_promotion_clean_v2_20260722/raw/scale_005/instance_019_logical_graph/repeat_03/1_no_cut/attempt_01
s005:instance_019:r03:o2:live,5,instance_019,3,no_cut/live,2,live,EXACT_CLOSED,0,0.385373,True,True,True,dfaedf6d273c5c56,2.165365,BPC_TREE_OPTIMAL,P0,9f0e7c4f7e2cab50267e197d55a17950aeee35aad388e47448f24873a7e92ba1,0,,0.00473,12.731609,/home/kai/work/GAT_BPC_moonTerk/runs/native_live_sri_v1_p0_frozen_paired_promotion_clean_v2_20260722/raw/scale_005/instance_019_logical_graph/repeat_03/2_live/attempt_01
s005:instance_019:r04:o1:live,5,instance_019,4,live/no_cut,1,live,EXACT_CLOSED,0,0.381175,True,True,True,dfaedf6d273c5c56,2.165365,BPC_TREE_OPTIMAL,P0,9f0e7c4f7e2cab50267e197d55a17950aeee35aad388e47448f24873a7e92ba1,0,,0.004368,12.733574,/home/kai/work/GAT_BPC_moonTerk/runs/native_live_sri_v1_p0_frozen_paired_promotion_clean_v2_20260722/raw/scale_005/instance_019_logical_graph/repeat_04/1_live/attempt_01
s005:instance_019:r04:o2:no_cut,5,instance_019,4,live/no_cut,2,no_cut,EXACT_CLOSED,0,0.384871,True,True,True,dfaedf6d273c5c56,2.165365,BPC_TREE_OPTIMAL,no_cut,37c44c29594e0b8b0ba429e5dd3cf7422c07ae17222bb31e16e31e57030d5e63,0,,0.004368,12.735916,/home/kai/work/GAT_BPC_moonTerk/runs/native_live_sri_v1_p0_frozen_paired_promotion_clean_v2_20260722/raw/scale_005/instance_019_logical_graph/repeat_04/2_no_cut/attempt_01
s005:instance_019:r05:o1:no_cut,5,instance_019,5,no_cut/live,1,no_cut,EXACT_CLOSED,0,0.387531,True,True,True,dfaedf6d273c5c56,2.165365,BPC_TREE_OPTIMAL,no_cut,37c44c29594e0b8b0ba429e5dd3cf7422c07ae17222bb31e16e31e57030d5e63,0,,0.004543,12.73624,/home/kai/work/GAT_BPC_moonTerk/runs/native_live_sri_v1_p0_frozen_paired_promotion_clean_v2_20260722/raw/scale_005/instance_019_logical_graph/repeat_05/1_no_cut/attempt_01
s005:instance_019:r05:o2:live,5,instance_019,5,no_cut/live,2,live,EXACT_CLOSED,0,0.399741,True,True,True,dfaedf6d273c5c56,2.165365,BPC_TREE_OPTIMAL,P0,9f0e7c4f7e2cab50267e197d55a17950aeee35aad388e47448f24873a7e92ba1,0,,0.004604,12.734493,/home/kai/work/GAT_BPC_moonTerk/runs/native_live_sri_v1_p0_frozen_paired_promotion_clean_v2_20260722/raw/scale_005/instance_019_logical_graph/repeat_05/2_live/attempt_01
s005:instance_019:r06:o1:live,5,instance_019,6,live/no_cut,1,live,EXACT_CLOSED,0,0.387579,True,True,True,dfaedf6d273c5c56,2.165365,BPC_TREE_OPTIMAL,P0,9f0e7c4f7e2cab50267e197d55a17950aeee35aad388e47448f24873a7e92ba1,0,,0.00491,12.73885,/home/kai/work/GAT_BPC_moonTerk/runs/native_live_sri_v1_p0_frozen_paired_promotion_clean_v2_20260722/raw/scale_005/instance_019_logical_graph/repeat_06/1_live/attempt_01
s005:instance_019:r06:o2:no_cut,5,instance_019,6,live/no_cut,2,no_cut,EXACT_CLOSED,0,0.370655,True,True,True,dfaedf6d273c5c56,2.165365,BPC_TREE_OPTIMAL,no_cut,37c44c29594e0b8b0ba429e5dd3cf7422c07ae17222bb31e16e31e57030d5e63,0,,0.004482,12.73893,/home/kai/work/GAT_BPC_moonTerk/runs/native_live_sri_v1_p0_frozen_paired_promotion_clean_v2_20260722/raw/scale_005/instance_019_logical_graph/repeat_06/2_no_cut/attempt_01
s005:instance_019:r07:o1:no_cut,5,instance_019,7,no_cut/live,1,no_cut,EXACT_CLOSED,0,0.390982,True,True,True,dfaedf6d273c5c56,2.165365,BPC_TREE_OPTIMAL,no_cut,37c44c29594e0b8b0ba429e5dd3cf7422c07ae17222bb31e16e31e57030d5e63,0,,0.004745,12.736061,/home/kai/work/GAT_BPC_moonTerk/runs/native_live_sri_v1_p0_frozen_paired_promotion_clean_v2_20260722/raw/scale_005/instance_019_logical_graph/repeat_07/1_no_cut/attempt_01
s005:instance_019:r07:o2:live,5,instance_019,7,no_cut/live,2,live,EXACT_CLOSED,0,0.382752,True,True,True,dfaedf6d273c5c56,2.165365,BPC_TREE_OPTIMAL,P0,9f0e7c4f7e2cab50267e197d55a17950aeee35aad388e47448f24873a7e92ba1,0,,0.004467,12.733898,/home/kai/work/GAT_BPC_moonTerk/runs/native_live_sri_v1_p0_frozen_paired_promotion_clean_v2_20260722/raw/scale_005/instance_019_logical_graph/repeat_07/2_live/attempt_01
s005:instance_019:r08:o1:live,5,instance_019,8,live/no_cut,1,live,EXACT_CLOSED,0,0.395819,True,True,True,dfaedf6d273c5c56,2.165365,BPC_TREE_OPTIMAL,P0,9f0e7c4f7e2cab50267e197d55a17950aeee35aad388e47448f24873a7e92ba1,0,,0.004551,12.738705,/home/kai/work/GAT_BPC_moonTerk/runs/native_live_sri_v1_p0_frozen_paired_promotion_clean_v2_20260722/raw/scale_005/instance_019_logical_graph/repeat_08/1_live/attempt_01
s005:instance_019:r08:o2:no_cut,5,instance_019,8,live/no_cut,2,no_cut,EXACT_CLOSED,0,0.385146,True,True,True,dfaedf6d273c5c56,2.165365,BPC_TREE_OPTIMAL,no_cut,37c44c29594e0b8b0ba429e5dd3cf7422c07ae17222bb31e16e31e57030d5e63,0,,0.00444,12.738213,/home/kai/work/GAT_BPC_moonTerk/runs/native_live_sri_v1_p0_frozen_paired_promotion_clean_v2_20260722/raw/scale_005/instance_019_logical_graph/repeat_08/2_no_cut/attempt_01
s005:instance_019:r09:o1:no_cut,5,instance_019,9,no_cut/live,1,no_cut,EXACT_CLOSED,0,0.40138,True,True,True,dfaedf6d273c5c56,2.165365,BPC_TREE_OPTIMAL,no_cut,37c44c29594e0b8b0ba429e5dd3cf7422c07ae17222bb31e16e31e57030d5e63,0,,0.004475,12.729069,/home/kai/work/GAT_BPC_moonTerk/runs/native_live_sri_v1_p0_frozen_paired_promotion_clean_v2_20260722/raw/scale_005/instance_019_logical_graph/repeat_09/1_no_cut/attempt_01
s005:instance_019:r09:o2:live,5,instance_019,9,no_cut/live,2,live,EXACT_CLOSED,0,0.40747,True,True,True,dfaedf6d273c5c56,2.165365,BPC_TREE_OPTIMAL,P0,9f0e7c4f7e2cab50267e197d55a17950aeee35aad388e47448f24873a7e92ba1,0,,0.004486,12.733063,/home/kai/work/GAT_BPC_moonTerk/runs/native_live_sri_v1_p0_frozen_paired_promotion_clean_v2_20260722/raw/scale_005/instance_019_logical_graph/repeat_09/2_live/attempt_01
s005:instance_019:r10:o1:live,5,instance_019,10,live/no_cut,1,live,EXACT_CLOSED,0,0.412346,True,True,True,dfaedf6d273c5c56,2.165365,BPC_TREE_OPTIMAL,P0,9f0e7c4f7e2cab50267e197d55a17950aeee35aad388e47448f24873a7e92ba1,0,,0.004593,12.730122,/home/kai/work/GAT_BPC_moonTerk/runs/native_live_sri_v1_p0_frozen_paired_promotion_clean_v2_20260722/raw/scale_005/instance_019_logical_graph/repeat_10/1_live/attempt_01
s005:instance_019:r10:o2:no_cut,5,instance_019,10,live/no_cut,2,no_cut,EXACT_CLOSED,0,0.3942,True,True,True,dfaedf6d273c5c56,2.165365,BPC_TREE_OPTIMAL,no_cut,37c44c29594e0b8b0ba429e5dd3cf7422c07ae17222bb31e16e31e57030d5e63,0,,0.00452,12.725464,/home/kai/work/GAT_BPC_moonTerk/runs/native_live_sri_v1_p0_frozen_paired_promotion_clean_v2_20260722/raw/scale_005/instance_019_logical_graph/repeat_10/2_no_cut/attempt_01
s005:instance_020:r01:o1:live,5,instance_020,1,live/no_cut,1,live,EXACT_CLOSED,0,0.406306,True,True,True,dfaedf6d273c5c56,2.170592,BPC_TREE_OPTIMAL,P0,9f0e7c4f7e2cab50267e197d55a17950aeee35aad388e47448f24873a7e92ba1,0,,0.004539,12.731541,/home/kai/work/GAT_BPC_moonTerk/runs/native_live_sri_v1_p0_frozen_paired_promotion_clean_v2_20260722/raw/scale_005/instance_020_logical_graph/repeat_01/1_live/attempt_01
s005:instance_020:r01:o2:no_cut,5,instance_020,1,live/no_cut,2,no_cut,EXACT_CLOSED,0,0.391245,True,True,True,dfaedf6d273c5c56,2.170592,BPC_TREE_OPTIMAL,no_cut,37c44c29594e0b8b0ba429e5dd3cf7422c07ae17222bb31e16e31e57030d5e63,0,,0.004513,12.73,/home/kai/work/GAT_BPC_moonTerk/runs/native_live_sri_v1_p0_frozen_paired_promotion_clean_v2_20260722/raw/scale_005/instance_020_logical_graph/repeat_01/2_no_cut/attempt_01
s005:instance_020:r02:o1:no_cut,5,instance_020,2,no_cut/live,1,no_cut,EXACT_CLOSED,0,0.379968,True,True,True,dfaedf6d273c5c56,2.170592,BPC_TREE_OPTIMAL,no_cut,37c44c29594e0b8b0ba429e5dd3cf7422c07ae17222bb31e16e31e57030d5e63,0,,0.004353,12.726948,/home/kai/work/GAT_BPC_moonTerk/runs/native_live_sri_v1_p0_frozen_paired_promotion_clean_v2_20260722/raw/scale_005/instance_020_logical_graph/repeat_02/1_no_cut/attempt_01
s005:instance_020:r02:o2:live,5,instance_020,2,no_cut/live,2,live,EXACT_CLOSED,0,0.419261,True,True,True,dfaedf6d273c5c56,2.170592,BPC_TREE_OPTIMAL,P0,9f0e7c4f7e2cab50267e197d55a17950aeee35aad388e47448f24873a7e92ba1,0,,0.005714,12.727604,/home/kai/work/GAT_BPC_moonTerk/runs/native_live_sri_v1_p0_frozen_paired_promotion_clean_v2_20260722/raw/scale_005/instance_020_logical_graph/repeat_02/2_live/attempt_01
s005:instance_020:r03:o1:live,5,instance_020,3,live/no_cut,1,live,EXACT_CLOSED,0,0.407002,True,True,True,dfaedf6d273c5c56,2.170592,BPC_TREE_OPTIMAL,P0,9f0e7c4f7e2cab50267e197d55a17950aeee35aad388e47448f24873a7e92ba1,0,,0.004238,12.72699,/home/kai/work/GAT_BPC_moonTerk/runs/native_live_sri_v1_p0_frozen_paired_promotion_clean_v2_20260722/raw/scale_005/instance_020_logical_graph/repeat_03/1_live/attempt_01
s005:instance_020:r03:o2:no_cut,5,instance_020,3,live/no_cut,2,no_cut,EXACT_CLOSED,0,0.417893,True,True,True,dfaedf6d273c5c56,2.170592,BPC_TREE_OPTIMAL,no_cut,37c44c29594e0b8b0ba429e5dd3cf7422c07ae17222bb31e16e31e57030d5e63,0,,0.004452,12.732647,/home/kai/work/GAT_BPC_moonTerk/runs/native_live_sri_v1_p0_frozen_paired_promotion_clean_v2_20260722/raw/scale_005/instance_020_logical_graph/repeat_03/2_no_cut/attempt_01
s005:instance_020:r04:o1:no_cut,5,instance_020,4,no_cut/live,1,no_cut,EXACT_CLOSED,0,0.410147,True,True,True,dfaedf6d273c5c56,2.170592,BPC_TREE_OPTIMAL,no_cut,37c44c29594e0b8b0ba429e5dd3cf7422c07ae17222bb31e16e31e57030d5e63,0,,0.004391,12.727985,/home/kai/work/GAT_BPC_moonTerk/runs/native_live_sri_v1_p0_frozen_paired_promotion_clean_v2_20260722/raw/scale_005/instance_020_logical_graph/repeat_04/1_no_cut/attempt_01
s005:instance_020:r04:o2:live,5,instance_020,4,no_cut/live,2,live,EXACT_CLOSED,0,0.413214,True,True,True,dfaedf6d273c5c56,2.170592,BPC_TREE_OPTIMAL,P0,9f0e7c4f7e2cab50267e197d55a17950aeee35aad388e47448f24873a7e92ba1,0,,0.004292,12.733219,/home/kai/work/GAT_BPC_moonTerk/runs/native_live_sri_v1_p0_frozen_paired_promotion_clean_v2_20260722/raw/scale_005/instance_020_logical_graph/repeat_04/2_live/attempt_01
s005:instance_020:r05:o1:live,5,instance_020,5,live/no_cut,1,live,EXACT_CLOSED,0,0.417535,True,True,True,dfaedf6d273c5c56,2.170592,BPC_TREE_OPTIMAL,P0,9f0e7c4f7e2cab50267e197d55a17950aeee35aad388e47448f24873a7e92ba1,0,,0.004387,12.728825,/home/kai/work/GAT_BPC_moonTerk/runs/native_live_sri_v1_p0_frozen_paired_promotion_clean_v2_20260722/raw/scale_005/instance_020_logical_graph/repeat_05/1_live/attempt_01
s005:instance_020:r05:o2:no_cut,5,instance_020,5,live/no_cut,2,no_cut,EXACT_CLOSED,0,0.396994,True,True,True,dfaedf6d273c5c56,2.170592,BPC_TREE_OPTIMAL,no_cut,37c44c29594e0b8b0ba429e5dd3cf7422c07ae17222bb31e16e31e57030d5e63,0,,0.004425,12.734447,/home/kai/work/GAT_BPC_moonTerk/runs/native_live_sri_v1_p0_frozen_paired_promotion_clean_v2_20260722/raw/scale_005/instance_020_logical_graph/repeat_05/2_no_cut/attempt_01
s005:instance_020:r06:o1:no_cut,5,instance_020,6,no_cut/live,1,no_cut,EXACT_CLOSED,0,0.384899,True,True,True,dfaedf6d273c5c56,2.170592,BPC_TREE_OPTIMAL,no_cut,37c44c29594e0b8b0ba429e5dd3cf7422c07ae17222bb31e16e31e57030d5e63,0,,0.004635,12.733166,/home/kai/work/GAT_BPC_moonTerk/runs/native_live_sri_v1_p0_frozen_paired_promotion_clean_v2_20260722/raw/scale_005/instance_020_logical_graph/repeat_06/1_no_cut/attempt_01
s005:instance_020:r06:o2:live,5,instance_020,6,no_cut/live,2,live,EXACT_CLOSED,0,0.400418,True,True,True,dfaedf6d273c5c56,2.170592,BPC_TREE_OPTIMAL,P0,9f0e7c4f7e2cab50267e197d55a17950aeee35aad388e47448f24873a7e92ba1,0,,0.004787,12.728264,/home/kai/work/GAT_BPC_moonTerk/runs/native_live_sri_v1_p0_frozen_paired_promotion_clean_v2_20260722/raw/scale_005/instance_020_logical_graph/repeat_06/2_live/attempt_01
s005:instance_020:r07:o1:live,5,instance_020,7,live/no_cut,1,live,EXACT_CLOSED,0,0.37487,True,True,True,dfaedf6d273c5c56,2.170592,BPC_TREE_OPTIMAL,P0,9f0e7c4f7e2cab50267e197d55a17950aeee35aad388e47448f24873a7e92ba1,0,,0.004368,12.729687,/home/kai/work/GAT_BPC_moonTerk/runs/native_live_sri_v1_p0_frozen_paired_promotion_clean_v2_20260722/raw/scale_005/instance_020_logical_graph/repeat_07/1_live/attempt_01
s005:instance_020:r07:o2:no_cut,5,instance_020,7,live/no_cut,2,no_cut,EXACT_CLOSED,0,0.397637,True,True,True,dfaedf6d273c5c56,2.170592,BPC_TREE_OPTIMAL,no_cut,37c44c29594e0b8b0ba429e5dd3cf7422c07ae17222bb31e16e31e57030d5e63,0,,0.00449,12.726028,/home/kai/work/GAT_BPC_moonTerk/runs/native_live_sri_v1_p0_frozen_paired_promotion_clean_v2_20260722/raw/scale_005/instance_020_logical_graph/repeat_07/2_no_cut/attempt_01
s005:instance_020:r08:o1:no_cut,5,instance_020,8,no_cut/live,1,no_cut,EXACT_CLOSED,0,0.418617,True,True,True,dfaedf6d273c5c56,2.170592,BPC_TREE_OPTIMAL,no_cut,37c44c29594e0b8b0ba429e5dd3cf7422c07ae17222bb31e16e31e57030d5e63,0,,0.004612,12.732258,/home/kai/work/GAT_BPC_moonTerk/runs/native_live_sri_v1_p0_frozen_paired_promotion_clean_v2_20260722/raw/scale_005/instance_020_logical_graph/repeat_08/1_no_cut/attempt_01
s005:instance_020:r08:o2:live,5,instance_020,8,no_cut/live,2,live,EXACT_CLOSED,0,0.386289,True,True,True,dfaedf6d273c5c56,2.170592,BPC_TREE_OPTIMAL,P0,9f0e7c4f7e2cab50267e197d55a17950aeee35aad388e47448f24873a7e92ba1,0,,0.004395,12.73317,/home/kai/work/GAT_BPC_moonTerk/runs/native_live_sri_v1_p0_frozen_paired_promotion_clean_v2_20260722/raw/scale_005/instance_020_logical_graph/repeat_08/2_live/attempt_01
s005:instance_020:r09:o1:live,5,instance_020,9,live/no_cut,1,live,EXACT_CLOSED,0,0.413075,True,True,True,dfaedf6d273c5c56,2.170592,BPC_TREE_OPTIMAL,P0,9f0e7c4f7e2cab50267e197d55a17950aeee35aad388e47448f24873a7e92ba1,0,,0.004585,12.730007,/home/kai/work/GAT_BPC_moonTerk/runs/native_live_sri_v1_p0_frozen_paired_promotion_clean_v2_20260722/raw/scale_005/instance_020_logical_graph/repeat_09/1_live/attempt_01
s005:instance_020:r09:o2:no_cut,5,instance_020,9,live/no_cut,2,no_cut,EXACT_CLOSED,0,0.396423,True,True,True,dfaedf6d273c5c56,2.170592,BPC_TREE_OPTIMAL,no_cut,37c44c29594e0b8b0ba429e5dd3cf7422c07ae17222bb31e16e31e57030d5e63,0,,0.004993,12.729786,/home/kai/work/GAT_BPC_moonTerk/runs/native_live_sri_v1_p0_frozen_paired_promotion_clean_v2_20260722/raw/scale_005/instance_020_logical_graph/repeat_09/2_no_cut/attempt_01
s005:instance_020:r10:o1:no_cut,5,instance_020,10,no_cut/live,1,no_cut,EXACT_CLOSED,0,0.425474,True,True,True,dfaedf6d273c5c56,2.170592,BPC_TREE_OPTIMAL,no_cut,37c44c29594e0b8b0ba429e5dd3cf7422c07ae17222bb31e16e31e57030d5e63,0,,0.00462,12.732761,/home/kai/work/GAT_BPC_moonTerk/runs/native_live_sri_v1_p0_frozen_paired_promotion_clean_v2_20260722/raw/scale_005/instance_020_logical_graph/repeat_10/1_no_cut/attempt_01
s005:instance_020:r10:o2:live,5,instance_020,10,no_cut/live,2,live,EXACT_CLOSED,0,0.405479,True,True,True,dfaedf6d273c5c56,2.170592,BPC_TREE_OPTIMAL,P0,9f0e7c4f7e2cab50267e197d55a17950aeee35aad388e47448f24873a7e92ba1,0,,0.004547,12.730442,/home/kai/work/GAT_BPC_moonTerk/runs/native_live_sri_v1_p0_frozen_paired_promotion_clean_v2_20260722/raw/scale_005/instance_020_logical_graph/repeat_10/2_live/attempt_01
s010:instance_001:r01:o1:no_cut,10,instance_001,1,no_cut/live,1,no_cut,EXACT_CLOSED,0,0.668916,True,True,True,dfaedf6d273c5c56,2.014478,BPC_TREE_OPTIMAL,no_cut,37c44c29594e0b8b0ba429e5dd3cf7422c07ae17222bb31e16e31e57030d5e63,0,,0.004459,12.729046,/home/kai/work/GAT_BPC_moonTerk/runs/native_live_sri_v1_p0_frozen_paired_promotion_clean_v2_20260722/raw/scale_010/instance_001_logical_graph/repeat_01/1_no_cut/attempt_01
s010:instance_001:r01:o2:live,10,instance_001,1,no_cut/live,2,live,EXACT_CLOSED,0,0.66814,True,True,True,dfaedf6d273c5c56,2.014478,BPC_TREE_OPTIMAL,P0,9f0e7c4f7e2cab50267e197d55a17950aeee35aad388e47448f24873a7e92ba1,0,,0.004314,12.735687,/home/kai/work/GAT_BPC_moonTerk/runs/native_live_sri_v1_p0_frozen_paired_promotion_clean_v2_20260722/raw/scale_010/instance_001_logical_graph/repeat_01/2_live/attempt_01
s010:instance_001:r02:o1:live,10,instance_001,2,live/no_cut,1,live,EXACT_CLOSED,0,0.668331,True,True,True,dfaedf6d273c5c56,2.014478,BPC_TREE_OPTIMAL,P0,9f0e7c4f7e2cab50267e197d55a17950aeee35aad388e47448f24873a7e92ba1,0,,0.00449,12.735023,/home/kai/work/GAT_BPC_moonTerk/runs/native_live_sri_v1_p0_frozen_paired_promotion_clean_v2_20260722/raw/scale_010/instance_001_logical_graph/repeat_02/1_live/attempt_01
s010:instance_001:r02:o2:no_cut,10,instance_001,2,live/no_cut,2,no_cut,EXACT_CLOSED,0,0.690829,True,True,True,dfaedf6d273c5c56,2.014478,BPC_TREE_OPTIMAL,no_cut,37c44c29594e0b8b0ba429e5dd3cf7422c07ae17222bb31e16e31e57030d5e63,0,,0.004524,12.733421,/home/kai/work/GAT_BPC_moonTerk/runs/native_live_sri_v1_p0_frozen_paired_promotion_clean_v2_20260722/raw/scale_010/instance_001_logical_graph/repeat_02/2_no_cut/attempt_01
s010:instance_001:r03:o1:no_cut,10,instance_001,3,no_cut/live,1,no_cut,EXACT_CLOSED,0,0.676591,True,True,True,dfaedf6d273c5c56,2.014478,BPC_TREE_OPTIMAL,no_cut,37c44c29594e0b8b0ba429e5dd3cf7422c07ae17222bb31e16e31e57030d5e63,0,,0.00441,12.727577,/home/kai/work/GAT_BPC_moonTerk/runs/native_live_sri_v1_p0_frozen_paired_promotion_clean_v2_20260722/raw/scale_010/instance_001_logical_graph/repeat_03/1_no_cut/attempt_01
s010:instance_001:r03:o2:live,10,instance_001,3,no_cut/live,2,live,EXACT_CLOSED,0,0.69421,True,True,True,dfaedf6d273c5c56,2.014478,BPC_TREE_OPTIMAL,P0,9f0e7c4f7e2cab50267e197d55a17950aeee35aad388e47448f24873a7e92ba1,0,,0.004421,12.733665,/home/kai/work/GAT_BPC_moonTerk/runs/native_live_sri_v1_p0_frozen_paired_promotion_clean_v2_20260722/raw/scale_010/instance_001_logical_graph/repeat_03/2_live/attempt_01
s010:instance_001:r04:o1:live,10,instance_001,4,live/no_cut,1,live,EXACT_CLOSED,0,0.670638,True,True,True,dfaedf6d273c5c56,2.014478,BPC_TREE_OPTIMAL,P0,9f0e7c4f7e2cab50267e197d55a17950aeee35aad388e47448f24873a7e92ba1,0,,0.004482,12.724602,/home/kai/work/GAT_BPC_moonTerk/runs/native_live_sri_v1_p0_frozen_paired_promotion_clean_v2_20260722/raw/scale_010/instance_001_logical_graph/repeat_04/1_live/attempt_01
s010:instance_001:r04:o2:no_cut,10,instance_001,4,live/no_cut,2,no_cut,EXACT_CLOSED,0,0.678669,True,True,True,dfaedf6d273c5c56,2.014478,BPC_TREE_OPTIMAL,no_cut,37c44c29594e0b8b0ba429e5dd3cf7422c07ae17222bb31e16e31e57030d5e63,0,,0.004581,12.729073,/home/kai/work/GAT_BPC_moonTerk/runs/native_live_sri_v1_p0_frozen_paired_promotion_clean_v2_20260722/raw/scale_010/instance_001_logical_graph/repeat_04/2_no_cut/attempt_01
s010:instance_001:r05:o1:no_cut,10,instance_001,5,no_cut/live,1,no_cut,EXACT_CLOSED,0,0.662931,True,True,True,dfaedf6d273c5c56,2.014478,BPC_TREE_OPTIMAL,no_cut,37c44c29594e0b8b0ba429e5dd3cf7422c07ae17222bb31e16e31e57030d5e63,0,,0.004471,12.731632,/home/kai/work/GAT_BPC_moonTerk/runs/native_live_sri_v1_p0_frozen_paired_promotion_clean_v2_20260722/raw/scale_010/instance_001_logical_graph/repeat_05/1_no_cut/attempt_01
s010:instance_001:r05:o2:live,10,instance_001,5,no_cut/live,2,live,EXACT_CLOSED,0,0.682478,True,True,True,dfaedf6d273c5c56,2.014478,BPC_TREE_OPTIMAL,P0,9f0e7c4f7e2cab50267e197d55a17950aeee35aad388e47448f24873a7e92ba1,0,,0.004326,12.729942,/home/kai/work/GAT_BPC_moonTerk/runs/native_live_sri_v1_p0_frozen_paired_promotion_clean_v2_20260722/raw/scale_010/instance_001_logical_graph/repeat_05/2_live/attempt_01
s010:instance_001:r06:o1:live,10,instance_001,6,live/no_cut,1,live,EXACT_CLOSED,0,0.684456,True,True,True,dfaedf6d273c5c56,2.014478,BPC_TREE_OPTIMAL,P0,9f0e7c4f7e2cab50267e197d55a17950aeee35aad388e47448f24873a7e92ba1,0,,0.00441,12.734283,/home/kai/work/GAT_BPC_moonTerk/runs/native_live_sri_v1_p0_frozen_paired_promotion_clean_v2_20260722/raw/scale_010/instance_001_logical_graph/repeat_06/1_live/attempt_01
s010:instance_001:r06:o2:no_cut,10,instance_001,6,live/no_cut,2,no_cut,EXACT_CLOSED,0,0.679239,True,True,True,dfaedf6d273c5c56,2.014478,BPC_TREE_OPTIMAL,no_cut,37c44c29594e0b8b0ba429e5dd3cf7422c07ae17222bb31e16e31e57030d5e63,0,,0.004356,12.732609,/home/kai/work/GAT_BPC_moonTerk/runs/native_live_sri_v1_p0_frozen_paired_promotion_clean_v2_20260722/raw/scale_010/instance_001_logical_graph/repeat_06/2_no_cut/attempt_01
s010:instance_001:r07:o1:no_cut,10,instance_001,7,no_cut/live,1,no_cut,EXACT_CLOSED,0,0.689705,True,True,True,dfaedf6d273c5c56,2.014478,BPC_TREE_OPTIMAL,no_cut,37c44c29594e0b8b0ba429e5dd3cf7422c07ae17222bb31e16e31e57030d5e63,0,,0.004631,12.729008,/home/kai/work/GAT_BPC_moonTerk/runs/native_live_sri_v1_p0_frozen_paired_promotion_clean_v2_20260722/raw/scale_010/instance_001_logical_graph/repeat_07/1_no_cut/attempt_01
s010:instance_001:r07:o2:live,10,instance_001,7,no_cut/live,2,live,EXACT_CLOSED,0,0.68681,True,True,True,dfaedf6d273c5c56,2.014478,BPC_TREE_OPTIMAL,P0,9f0e7c4f7e2cab50267e197d55a17950aeee35aad388e47448f24873a7e92ba1,0,,0.004395,12.733143,/home/kai/work/GAT_BPC_moonTerk/runs/native_live_sri_v1_p0_frozen_paired_promotion_clean_v2_20260722/raw/scale_010/instance_001_logical_graph/repeat_07/2_live/attempt_01
s010:instance_001:r08:o1:live,10,instance_001,8,live/no_cut,1,live,EXACT_CLOSED,0,0.703696,True,True,True,dfaedf6d273c5c56,2.014478,BPC_TREE_OPTIMAL,P0,9f0e7c4f7e2cab50267e197d55a17950aeee35aad388e47448f24873a7e92ba1,0,,0.005974,12.736538,/home/kai/work/GAT_BPC_moonTerk/runs/native_live_sri_v1_p0_frozen_paired_promotion_clean_v2_20260722/raw/scale_010/instance_001_logical_graph/repeat_08/1_live/attempt_01
s010:instance_001:r08:o2:no_cut,10,instance_001,8,live/no_cut,2,no_cut,EXACT_CLOSED,0,0.678086,True,True,True,dfaedf6d273c5c56,2.014478,BPC_TREE_OPTIMAL,no_cut,37c44c29594e0b8b0ba429e5dd3cf7422c07ae17222bb31e16e31e57030d5e63,0,,0.004539,12.731907,/home/kai/work/GAT_BPC_moonTerk/runs/native_live_sri_v1_p0_frozen_paired_promotion_clean_v2_20260722/raw/scale_010/instance_001_logical_graph/repeat_08/2_no_cut/attempt_01
s010:instance_001:r09:o1:no_cut,10,instance_001,9,no_cut/live,1,no_cut,EXACT_CLOSED,0,0.692862,True,True,True,dfaedf6d273c5c56,2.014478,BPC_TREE_OPTIMAL,no_cut,37c44c29594e0b8b0ba429e5dd3cf7422c07ae17222bb31e16e31e57030d5e63,0,,0.004482,12.73391,/home/kai/work/GAT_BPC_moonTerk/runs/native_live_sri_v1_p0_frozen_paired_promotion_clean_v2_20260722/raw/scale_010/instance_001_logical_graph/repeat_09/1_no_cut/attempt_01
s010:instance_001:r09:o2:live,10,instance_001,9,no_cut/live,2,live,EXACT_CLOSED,0,0.672877,True,True,True,dfaedf6d273c5c56,2.014478,BPC_TREE_OPTIMAL,P0,9f0e7c4f7e2cab50267e197d55a17950aeee35aad388e47448f24873a7e92ba1,0,,0.004314,12.73127,/home/kai/work/GAT_BPC_moonTerk/runs/native_live_sri_v1_p0_frozen_paired_promotion_clean_v2_20260722/raw/scale_010/instance_001_logical_graph/repeat_09/2_live/attempt_01
s010:instance_001:r10:o1:live,10,instance_001,10,live/no_cut,1,live,EXACT_CLOSED,0,0.678575,True,True,True,dfaedf6d273c5c56,2.014478,BPC_TREE_OPTIMAL,P0,9f0e7c4f7e2cab50267e197d55a17950aeee35aad388e47448f24873a7e92ba1,0,,0.00452,12.728523,/home/kai/work/GAT_BPC_moonTerk/runs/native_live_sri_v1_p0_frozen_paired_promotion_clean_v2_20260722/raw/scale_010/instance_001_logical_graph/repeat_10/1_live/attempt_01
s010:instance_001:r10:o2:no_cut,10,instance_001,10,live/no_cut,2,no_cut,EXACT_CLOSED,0,0.666694,True,True,True,dfaedf6d273c5c56,2.014478,BPC_TREE_OPTIMAL,no_cut,37c44c29594e0b8b0ba429e5dd3cf7422c07ae17222bb31e16e31e57030d5e63,0,,0.004471,12.729298,/home/kai/work/GAT_BPC_moonTerk/runs/native_live_sri_v1_p0_frozen_paired_promotion_clean_v2_20260722/raw/scale_010/instance_001_logical_graph/repeat_10/2_no_cut/attempt_01
s010:instance_002:r01:o1:live,10,instance_002,1,live/no_cut,1,live,EXACT_CLOSED,0,0.623561,True,True,True,dfaedf6d273c5c56,1.825155,BPC_TREE_OPTIMAL,P0,9f0e7c4f7e2cab50267e197d55a17950aeee35aad388e47448f24873a7e92ba1,0,,0.004513,12.731178,/home/kai/work/GAT_BPC_moonTerk/runs/native_live_sri_v1_p0_frozen_paired_promotion_clean_v2_20260722/raw/scale_010/instance_002_logical_graph/repeat_01/1_live/attempt_01
s010:instance_002:r01:o2:no_cut,10,instance_002,1,live/no_cut,2,no_cut,EXACT_CLOSED,0,0.619831,True,True,True,dfaedf6d273c5c56,1.825155,BPC_TREE_OPTIMAL,no_cut,37c44c29594e0b8b0ba429e5dd3cf7422c07ae17222bb31e16e31e57030d5e63,0,,0.00444,12.729687,/home/kai/work/GAT_BPC_moonTerk/runs/native_live_sri_v1_p0_frozen_paired_promotion_clean_v2_20260722/raw/scale_010/instance_002_logical_graph/repeat_01/2_no_cut/attempt_01
s010:instance_002:r02:o1:no_cut,10,instance_002,2,no_cut/live,1,no_cut,EXACT_CLOSED,0,0.60788,True,True,True,dfaedf6d273c5c56,1.825155,BPC_TREE_OPTIMAL,no_cut,37c44c29594e0b8b0ba429e5dd3cf7422c07ae17222bb31e16e31e57030d5e63,0,,0.004433,12.722908,/home/kai/work/GAT_BPC_moonTerk/runs/native_live_sri_v1_p0_frozen_paired_promotion_clean_v2_20260722/raw/scale_010/instance_002_logical_graph/repeat_02/1_no_cut/attempt_01
s010:instance_002:r02:o2:live,10,instance_002,2,no_cut/live,2,live,EXACT_CLOSED,0,0.613378,True,True,True,dfaedf6d273c5c56,1.825155,BPC_TREE_OPTIMAL,P0,9f0e7c4f7e2cab50267e197d55a17950aeee35aad388e47448f24873a7e92ba1,0,,0.004791,12.734295,/home/kai/work/GAT_BPC_moonTerk/runs/native_live_sri_v1_p0_frozen_paired_promotion_clean_v2_20260722/raw/scale_010/instance_002_logical_graph/repeat_02/2_live/attempt_01
s010:instance_002:r03:o1:live,10,instance_002,3,live/no_cut,1,live,EXACT_CLOSED,0,0.626649,True,True,True,dfaedf6d273c5c56,1.825155,BPC_TREE_OPTIMAL,P0,9f0e7c4f7e2cab50267e197d55a17950aeee35aad388e47448f24873a7e92ba1,0,,0.004452,12.72699,/home/kai/work/GAT_BPC_moonTerk/runs/native_live_sri_v1_p0_frozen_paired_promotion_clean_v2_20260722/raw/scale_010/instance_002_logical_graph/repeat_03/1_live/attempt_01
s010:instance_002:r03:o2:no_cut,10,instance_002,3,live/no_cut,2,no_cut,EXACT_CLOSED,0,0.620774,True,True,True,dfaedf6d273c5c56,1.825155,BPC_TREE_OPTIMAL,no_cut,37c44c29594e0b8b0ba429e5dd3cf7422c07ae17222bb31e16e31e57030d5e63,0,,0.004707,12.721512,/home/kai/work/GAT_BPC_moonTerk/runs/native_live_sri_v1_p0_frozen_paired_promotion_clean_v2_20260722/raw/scale_010/instance_002_logical_graph/repeat_03/2_no_cut/attempt_01
s010:instance_002:r04:o1:no_cut,10,instance_002,4,no_cut/live,1,no_cut,EXACT_CLOSED,0,0.644564,True,True,True,dfaedf6d273c5c56,1.825155,BPC_TREE_OPTIMAL,no_cut,37c44c29594e0b8b0ba429e5dd3cf7422c07ae17222bb31e16e31e57030d5e63,0,,0.004566,12.727406,/home/kai/work/GAT_BPC_moonTerk/runs/native_live_sri_v1_p0_frozen_paired_promotion_clean_v2_20260722/raw/scale_010/instance_002_logical_graph/repeat_04/1_no_cut/attempt_01
s010:instance_002:r04:o2:live,10,instance_002,4,no_cut/live,2,live,EXACT_CLOSED,0,0.618121,True,True,True,dfaedf6d273c5c56,1.825155,BPC_TREE_OPTIMAL,P0,9f0e7c4f7e2cab50267e197d55a17950aeee35aad388e47448f24873a7e92ba1,0,,0.00462,12.727459,/home/kai/work/GAT_BPC_moonTerk/runs/native_live_sri_v1_p0_frozen_paired_promotion_clean_v2_20260722/raw/scale_010/instance_002_logical_graph/repeat_04/2_live/attempt_01
s010:instance_002:r05:o1:live,10,instance_002,5,live/no_cut,1,live,EXACT_CLOSED,0,0.62359,True,True,True,dfaedf6d273c5c56,1.825155,BPC_TREE_OPTIMAL,P0,9f0e7c4f7e2cab50267e197d55a17950aeee35aad388e47448f24873a7e92ba1,0,,0.00462,12.723461,/home/kai/work/GAT_BPC_moonTerk/runs/native_live_sri_v1_p0_frozen_paired_promotion_clean_v2_20260722/raw/scale_010/instance_002_logical_graph/repeat_05/1_live/attempt_01
s010:instance_002:r05:o2:no_cut,10,instance_002,5,live/no_cut,2,no_cut,EXACT_CLOSED,0,0.638716,True,True,True,dfaedf6d273c5c56,1.825155,BPC_TREE_OPTIMAL,no_cut,37c44c29594e0b8b0ba429e5dd3cf7422c07ae17222bb31e16e31e57030d5e63,0,,0.004478,12.723064,/home/kai/work/GAT_BPC_moonTerk/runs/native_live_sri_v1_p0_frozen_paired_promotion_clean_v2_20260722/raw/scale_010/instance_002_logical_graph/repeat_05/2_no_cut/attempt_01
s010:instance_002:r06:o1:no_cut,10,instance_002,6,no_cut/live,1,no_cut,EXACT_CLOSED,0,0.594673,True,True,True,dfaedf6d273c5c56,1.825155,BPC_TREE_OPTIMAL,no_cut,37c44c29594e0b8b0ba429e5dd3cf7422c07ae17222bb31e16e31e57030d5e63,0,,0.00462,12.725277,/home/kai/work/GAT_BPC_moonTerk/runs/native_live_sri_v1_p0_frozen_paired_promotion_clean_v2_20260722/raw/scale_010/instance_002_logical_graph/repeat_06/1_no_cut/attempt_01
s010:instance_002:r06:o2:live,10,instance_002,6,no_cut/live,2,live,EXACT_CLOSED,0,0.604574,True,True,True,dfaedf6d273c5c56,1.825155,BPC_TREE_OPTIMAL,P0,9f0e7c4f7e2cab50267e197d55a17950aeee35aad388e47448f24873a7e92ba1,0,,0.004566,12.72377,/home/kai/work/GAT_BPC_moonTerk/runs/native_live_sri_v1_p0_frozen_paired_promotion_clean_v2_20260722/raw/scale_010/instance_002_logical_graph/repeat_06/2_live/attempt_01
s010:instance_002:r07:o1:live,10,instance_002,7,live/no_cut,1,live,EXACT_CLOSED,0,0.63202,True,True,True,dfaedf6d273c5c56,1.825155,BPC_TREE_OPTIMAL,P0,9f0e7c4f7e2cab50267e197d55a17950aeee35aad388e47448f24873a7e92ba1,0,,0.004532,12.724426,/home/kai/work/GAT_BPC_moonTerk/runs/native_live_sri_v1_p0_frozen_paired_promotion_clean_v2_20260722/raw/scale_010/instance_002_logical_graph/repeat_07/1_live/attempt_01
s010:instance_002:r07:o2:no_cut,10,instance_002,7,live/no_cut,2,no_cut,EXACT_CLOSED,0,0.619704,True,True,True,dfaedf6d273c5c56,1.825155,BPC_TREE_OPTIMAL,no_cut,37c44c29594e0b8b0ba429e5dd3cf7422c07ae17222bb31e16e31e57030d5e63,0,,0.005756,12.727161,/home/kai/work/GAT_BPC_moonTerk/runs/native_live_sri_v1_p0_frozen_paired_promotion_clean_v2_20260722/raw/scale_010/instance_002_logical_graph/repeat_07/2_no_cut/attempt_01
s010:instance_002:r08:o1:no_cut,10,instance_002,8,no_cut/live,1,no_cut,EXACT_CLOSED,0,0.622218,True,True,True,dfaedf6d273c5c56,1.825155,BPC_TREE_OPTIMAL,no_cut,37c44c29594e0b8b0ba429e5dd3cf7422c07ae17222bb31e16e31e57030d5e63,0,,0.004581,12.728279,/home/kai/work/GAT_BPC_moonTerk/runs/native_live_sri_v1_p0_frozen_paired_promotion_clean_v2_20260722/raw/scale_010/instance_002_logical_graph/repeat_08/1_no_cut/attempt_01
s010:instance_002:r08:o2:live,10,instance_002,8,no_cut/live,2,live,EXACT_CLOSED,0,0.618189,True,True,True,dfaedf6d273c5c56,1.825155,BPC_TREE_OPTIMAL,P0,9f0e7c4f7e2cab50267e197d55a17950aeee35aad388e47448f24873a7e92ba1,0,,0.004349,12.721878,/home/kai/work/GAT_BPC_moonTerk/runs/native_live_sri_v1_p0_frozen_paired_promotion_clean_v2_20260722/raw/scale_010/instance_002_logical_graph/repeat_08/2_live/attempt_01
s010:instance_002:r09:o1:live,10,instance_002,9,live/no_cut,1,live,EXACT_CLOSED,0,0.623226,True,True,True,dfaedf6d273c5c56,1.825155,BPC_TREE_OPTIMAL,P0,9f0e7c4f7e2cab50267e197d55a17950aeee35aad388e47448f24873a7e92ba1,0,,0.004597,12.725071,/home/kai/work/GAT_BPC_moonTerk/runs/native_live_sri_v1_p0_frozen_paired_promotion_clean_v2_20260722/raw/scale_010/instance_002_logical_graph/repeat_09/1_live/attempt_01
s010:instance_002:r09:o2:no_cut,10,instance_002,9,live/no_cut,2,no_cut,EXACT_CLOSED,0,0.600039,True,True,True,dfaedf6d273c5c56,1.825155,BPC_TREE_OPTIMAL,no_cut,37c44c29594e0b8b0ba429e5dd3cf7422c07ae17222bb31e16e31e57030d5e63,0,,0.004383,12.729839,/home/kai/work/GAT_BPC_moonTerk/runs/native_live_sri_v1_p0_frozen_paired_promotion_clean_v2_20260722/raw/scale_010/instance_002_logical_graph/repeat_09/2_no_cut/attempt_01
s010:instance_002:r10:o1:no_cut,10,instance_002,10,no_cut/live,1,no_cut,EXACT_CLOSED,0,0.615906,True,True,True,dfaedf6d273c5c56,1.825155,BPC_TREE_OPTIMAL,no_cut,37c44c29594e0b8b0ba429e5dd3cf7422c07ae17222bb31e16e31e57030d5e63,0,,0.004498,12.723801,/home/kai/work/GAT_BPC_moonTerk/runs/native_live_sri_v1_p0_frozen_paired_promotion_clean_v2_20260722/raw/scale_010/instance_002_logical_graph/repeat_10/1_no_cut/attempt_01
s010:instance_002:r10:o2:live,10,instance_002,10,no_cut/live,2,live,EXACT_CLOSED,0,0.625143,True,True,True,dfaedf6d273c5c56,1.825155,BPC_TREE_OPTIMAL,P0,9f0e7c4f7e2cab50267e197d55a17950aeee35aad388e47448f24873a7e92ba1,0,,0.004478,12.732761,/home/kai/work/GAT_BPC_moonTerk/runs/native_live_sri_v1_p0_frozen_paired_promotion_clean_v2_20260722/raw/scale_010/instance_002_logical_graph/repeat_10/2_live/attempt_01
s010:instance_003:r01:o1:no_cut,10,instance_003,1,no_cut/live,1,no_cut,EXACT_CLOSED,0,0.754114,True,True,True,dfaedf6d273c5c56,1.641878,BPC_TREE_OPTIMAL,no_cut,37c44c29594e0b8b0ba429e5dd3cf7422c07ae17222bb31e16e31e57030d5e63,0,,0.004391,12.725948,/home/kai/work/GAT_BPC_moonTerk/runs/native_live_sri_v1_p0_frozen_paired_promotion_clean_v2_20260722/raw/scale_010/instance_003_logical_graph/repeat_01/1_no_cut/attempt_01
s010:instance_003:r01:o2:live,10,instance_003,1,no_cut/live,2,live,EXACT_CLOSED,0,0.705949,True,True,True,dfaedf6d273c5c56,1.641878,BPC_TREE_OPTIMAL,P0,9f0e7c4f7e2cab50267e197d55a17950aeee35aad388e47448f24873a7e92ba1,4,,0.004398,12.723412,/home/kai/work/GAT_BPC_moonTerk/runs/native_live_sri_v1_p0_frozen_paired_promotion_clean_v2_20260722/raw/scale_010/instance_003_logical_graph/repeat_01/2_live/attempt_01
s010:instance_003:r02:o1:live,10,instance_003,2,live/no_cut,1,live,EXACT_CLOSED,0,0.713669,True,True,True,dfaedf6d273c5c56,1.641878,BPC_TREE_OPTIMAL,P0,9f0e7c4f7e2cab50267e197d55a17950aeee35aad388e47448f24873a7e92ba1,4,,0.004372,12.728848,/home/kai/work/GAT_BPC_moonTerk/runs/native_live_sri_v1_p0_frozen_paired_promotion_clean_v2_20260722/raw/scale_010/instance_003_logical_graph/repeat_02/1_live/attempt_01
s010:instance_003:r02:o2:no_cut,10,instance_003,2,live/no_cut,2,no_cut,EXACT_CLOSED,0,0.759662,True,True,True,dfaedf6d273c5c56,1.641878,BPC_TREE_OPTIMAL,no_cut,37c44c29594e0b8b0ba429e5dd3cf7422c07ae17222bb31e16e31e57030d5e63,0,,0.004803,12.729042,/home/kai/work/GAT_BPC_moonTerk/runs/native_live_sri_v1_p0_frozen_paired_promotion_clean_v2_20260722/raw/scale_010/instance_003_logical_graph/repeat_02/2_no_cut/attempt_01
s010:instance_003:r03:o1:no_cut,10,instance_003,3,no_cut/live,1,no_cut,EXACT_CLOSED,0,0.731391,True,True,True,dfaedf6d273c5c56,1.641878,BPC_TREE_OPTIMAL,no_cut,37c44c29594e0b8b0ba429e5dd3cf7422c07ae17222bb31e16e31e57030d5e63,0,,0.004372,12.72599,/home/kai/work/GAT_BPC_moonTerk/runs/native_live_sri_v1_p0_frozen_paired_promotion_clean_v2_20260722/raw/scale_010/instance_003_logical_graph/repeat_03/1_no_cut/attempt_01
s010:instance_003:r03:o2:live,10,instance_003,3,no_cut/live,2,live,EXACT_CLOSED,0,0.699658,True,True,True,dfaedf6d273c5c56,1.641878,BPC_TREE_OPTIMAL,P0,9f0e7c4f7e2cab50267e197d55a17950aeee35aad388e47448f24873a7e92ba1,4,,0.004593,12.72271,/home/kai/work/GAT_BPC_moonTerk/runs/native_live_sri_v1_p0_frozen_paired_promotion_clean_v2_20260722/raw/scale_010/instance_003_logical_graph/repeat_03/2_live/attempt_01
s010:instance_003:r04:o1:live,10,instance_003,4,live/no_cut,1,live,EXACT_CLOSED,0,0.688847,True,True,True,dfaedf6d273c5c56,1.641878,BPC_TREE_OPTIMAL,P0,9f0e7c4f7e2cab50267e197d55a17950aeee35aad388e47448f24873a7e92ba1,4,,0.00457,12.724087,/home/kai/work/GAT_BPC_moonTerk/runs/native_live_sri_v1_p0_frozen_paired_promotion_clean_v2_20260722/raw/scale_010/instance_003_logical_graph/repeat_04/1_live/attempt_01
s010:instance_003:r04:o2:no_cut,10,instance_003,4,live/no_cut,2,no_cut,EXACT_CLOSED,0,0.758511,True,True,True,dfaedf6d273c5c56,1.641878,BPC_TREE_OPTIMAL,no_cut,37c44c29594e0b8b0ba429e5dd3cf7422c07ae17222bb31e16e31e57030d5e63,0,,0.004398,12.724346,/home/kai/work/GAT_BPC_moonTerk/runs/native_live_sri_v1_p0_frozen_paired_promotion_clean_v2_20260722/raw/scale_010/instance_003_logical_graph/repeat_04/2_no_cut/attempt_01
s010:instance_003:r05:o1:no_cut,10,instance_003,5,no_cut/live,1,no_cut,EXACT_CLOSED,0,0.762843,True,True,True,dfaedf6d273c5c56,1.641878,BPC_TREE_OPTIMAL,no_cut,37c44c29594e0b8b0ba429e5dd3cf7422c07ae17222bb31e16e31e57030d5e63,0,,0.004551,12.727043,/home/kai/work/GAT_BPC_moonTerk/runs/native_live_sri_v1_p0_frozen_paired_promotion_clean_v2_20260722/raw/scale_010/instance_003_logical_graph/repeat_05/1_no_cut/attempt_01
s010:instance_003:r05:o2:live,10,instance_003,5,no_cut/live,2,live,EXACT_CLOSED,0,0.706888,True,True,True,dfaedf6d273c5c56,1.641878,BPC_TREE_OPTIMAL,P0,9f0e7c4f7e2cab50267e197d55a17950aeee35aad388e47448f24873a7e92ba1,4,,0.004509,12.729221,/home/kai/work/GAT_BPC_moonTerk/runs/native_live_sri_v1_p0_frozen_paired_promotion_clean_v2_20260722/raw/scale_010/instance_003_logical_graph/repeat_05/2_live/attempt_01
s010:instance_003:r06:o1:live,10,instance_003,6,live/no_cut,1,live,EXACT_CLOSED,0,0.696427,True,True,True,dfaedf6d273c5c56,1.641878,BPC_TREE_OPTIMAL,P0,9f0e7c4f7e2cab50267e197d55a17950aeee35aad388e47448f24873a7e92ba1,4,,0.004559,12.726326,/home/kai/work/GAT_BPC_moonTerk/runs/native_live_sri_v1_p0_frozen_paired_promotion_clean_v2_20260722/raw/scale_010/instance_003_logical_graph/repeat_06/1_live/attempt_01
s010:instance_003:r06:o2:no_cut,10,instance_003,6,live/no_cut,2,no_cut,EXACT_CLOSED,0,0.755187,True,True,True,dfaedf6d273c5c56,1.641878,BPC_TREE_OPTIMAL,no_cut,37c44c29594e0b8b0ba429e5dd3cf7422c07ae17222bb31e16e31e57030d5e63,0,,0.004593,12.727287,/home/kai/work/GAT_BPC_moonTerk/runs/native_live_sri_v1_p0_frozen_paired_promotion_clean_v2_20260722/raw/scale_010/instance_003_logical_graph/repeat_06/2_no_cut/attempt_01
s010:instance_003:r07:o1:no_cut,10,instance_003,7,no_cut/live,1,no_cut,EXACT_CLOSED,0,0.780294,True,True,True,dfaedf6d273c5c56,1.641878,BPC_TREE_OPTIMAL,no_cut,37c44c29594e0b8b0ba429e5dd3cf7422c07ae17222bb31e16e31e57030d5e63,0,,0.004471,12.725395,/home/kai/work/GAT_BPC_moonTerk/runs/native_live_sri_v1_p0_frozen_paired_promotion_clean_v2_20260722/raw/scale_010/instance_003_logical_graph/repeat_07/1_no_cut/attempt_01
s010:instance_003:r07:o2:live,10,instance_003,7,no_cut/live,2,live,EXACT_CLOSED,0,0.693164,True,True,True,dfaedf6d273c5c56,1.641878,BPC_TREE_OPTIMAL,P0,9f0e7c4f7e2cab50267e197d55a17950aeee35aad388e47448f24873a7e92ba1,4,,0.00436,12.726444,/home/kai/work/GAT_BPC_moonTerk/runs/native_live_sri_v1_p0_frozen_paired_promotion_clean_v2_20260722/raw/scale_010/instance_003_logical_graph/repeat_07/2_live/attempt_01
s010:instance_003:r08:o1:live,10,instance_003,8,live/no_cut,1,live,EXACT_CLOSED,0,0.690977,True,True,True,dfaedf6d273c5c56,1.641878,BPC_TREE_OPTIMAL,P0,9f0e7c4f7e2cab50267e197d55a17950aeee35aad388e47448f24873a7e92ba1,4,,0.004574,12.723412,/home/kai/work/GAT_BPC_moonTerk/runs/native_live_sri_v1_p0_frozen_paired_promotion_clean_v2_20260722/raw/scale_010/instance_003_logical_graph/repeat_08/1_live/attempt_01
s010:instance_003:r08:o2:no_cut,10,instance_003,8,live/no_cut,2,no_cut,EXACT_CLOSED,0,0.750303,True,True,True,dfaedf6d273c5c56,1.641878,BPC_TREE_OPTIMAL,no_cut,37c44c29594e0b8b0ba429e5dd3cf7422c07ae17222bb31e16e31e57030d5e63,0,,0.004478,12.729107,/home/kai/work/GAT_BPC_moonTerk/runs/native_live_sri_v1_p0_frozen_paired_promotion_clean_v2_20260722/raw/scale_010/instance_003_logical_graph/repeat_08/2_no_cut/attempt_01
s010:instance_003:r09:o1:no_cut,10,instance_003,9,no_cut/live,1,no_cut,EXACT_CLOSED,0,0.74552,True,True,True,dfaedf6d273c5c56,1.641878,BPC_TREE_OPTIMAL,no_cut,37c44c29594e0b8b0ba429e5dd3cf7422c07ae17222bb31e16e31e57030d5e63,0,,0.004372,12.725346,/home/kai/work/GAT_BPC_moonTerk/runs/native_live_sri_v1_p0_frozen_paired_promotion_clean_v2_20260722/raw/scale_010/instance_003_logical_graph/repeat_09/1_no_cut/attempt_01
s010:instance_003:r09:o2:live,10,instance_003,9,no_cut/live,2,live,EXACT_CLOSED,0,0.708898,True,True,True,dfaedf6d273c5c56,1.641878,BPC_TREE_OPTIMAL,P0,9f0e7c4f7e2cab50267e197d55a17950aeee35aad388e47448f24873a7e92ba1,4,,0.004589,12.719124,/home/kai/work/GAT_BPC_moonTerk/runs/native_live_sri_v1_p0_frozen_paired_promotion_clean_v2_20260722/raw/scale_010/instance_003_logical_graph/repeat_09/2_live/attempt_01
s010:instance_003:r10:o1:live,10,instance_003,10,live/no_cut,1,live,EXACT_CLOSED,0,0.714418,True,True,True,dfaedf6d273c5c56,1.641878,BPC_TREE_OPTIMAL,P0,9f0e7c4f7e2cab50267e197d55a17950aeee35aad388e47448f24873a7e92ba1,4,,0.004524,12.725422,/home/kai/work/GAT_BPC_moonTerk/runs/native_live_sri_v1_p0_frozen_paired_promotion_clean_v2_20260722/raw/scale_010/instance_003_logical_graph/repeat_10/1_live/attempt_01
s010:instance_003:r10:o2:no_cut,10,instance_003,10,live/no_cut,2,no_cut,EXACT_CLOSED,0,0.757421,True,True,True,dfaedf6d273c5c56,1.641878,BPC_TREE_OPTIMAL,no_cut,37c44c29594e0b8b0ba429e5dd3cf7422c07ae17222bb31e16e31e57030d5e63,0,,0.004398,12.717117,/home/kai/work/GAT_BPC_moonTerk/runs/native_live_sri_v1_p0_frozen_paired_promotion_clean_v2_20260722/raw/scale_010/instance_003_logical_graph/repeat_10/2_no_cut/attempt_01
s010:instance_004:r01:o1:live,10,instance_004,1,live/no_cut,1,live,EXACT_CLOSED,0,0.748452,True,True,True,dfaedf6d273c5c56,1.943638,BPC_TREE_OPTIMAL,P0,9f0e7c4f7e2cab50267e197d55a17950aeee35aad388e47448f24873a7e92ba1,0,,0.004623,12.725044,/home/kai/work/GAT_BPC_moonTerk/runs/native_live_sri_v1_p0_frozen_paired_promotion_clean_v2_20260722/raw/scale_010/instance_004_logical_graph/repeat_01/1_live/attempt_01
s010:instance_004:r01:o2:no_cut,10,instance_004,1,live/no_cut,2,no_cut,EXACT_CLOSED,0,0.72635,True,True,True,dfaedf6d273c5c56,1.943638,BPC_TREE_OPTIMAL,no_cut,37c44c29594e0b8b0ba429e5dd3cf7422c07ae17222bb31e16e31e57030d5e63,0,,0.004494,12.725193,/home/kai/work/GAT_BPC_moonTerk/runs/native_live_sri_v1_p0_frozen_paired_promotion_clean_v2_20260722/raw/scale_010/instance_004_logical_graph/repeat_01/2_no_cut/attempt_01
s010:instance_004:r02:o1:no_cut,10,instance_004,2,no_cut/live,1,no_cut,EXACT_CLOSED,0,0.705423,True,True,True,dfaedf6d273c5c56,1.943638,BPC_TREE_OPTIMAL,no_cut,37c44c29594e0b8b0ba429e5dd3cf7422c07ae17222bb31e16e31e57030d5e63,0,,0.004642,12.72665,/home/kai/work/GAT_BPC_moonTerk/runs/native_live_sri_v1_p0_frozen_paired_promotion_clean_v2_20260722/raw/scale_010/instance_004_logical_graph/repeat_02/1_no_cut/attempt_01
s010:instance_004:r02:o2:live,10,instance_004,2,no_cut/live,2,live,EXACT_CLOSED,0,0.711227,True,True,True,dfaedf6d273c5c56,1.943638,BPC_TREE_OPTIMAL,P0,9f0e7c4f7e2cab50267e197d55a17950aeee35aad388e47448f24873a7e92ba1,0,,0.004406,12.722404,/home/kai/work/GAT_BPC_moonTerk/runs/native_live_sri_v1_p0_frozen_paired_promotion_clean_v2_20260722/raw/scale_010/instance_004_logical_graph/repeat_02/2_live/attempt_01
s010:instance_004:r03:o1:live,10,instance_004,3,live/no_cut,1,live,EXACT_CLOSED,0,0.704429,True,True,True,dfaedf6d273c5c56,1.943638,BPC_TREE_OPTIMAL,P0,9f0e7c4f7e2cab50267e197d55a17950aeee35aad388e47448f24873a7e92ba1,0,,0.004604,12.721539,/home/kai/work/GAT_BPC_moonTerk/runs/native_live_sri_v1_p0_frozen_paired_promotion_clean_v2_20260722/raw/scale_010/instance_004_logical_graph/repeat_03/1_live/attempt_01
s010:instance_004:r03:o2:no_cut,10,instance_004,3,live/no_cut,2,no_cut,EXACT_CLOSED,0,0.721957,True,True,True,dfaedf6d273c5c56,1.943638,BPC_TREE_OPTIMAL,no_cut,37c44c29594e0b8b0ba429e5dd3cf7422c07ae17222bb31e16e31e57030d5e63,0,,0.004662,12.720711,/home/kai/work/GAT_BPC_moonTerk/runs/native_live_sri_v1_p0_frozen_paired_promotion_clean_v2_20260722/raw/scale_010/instance_004_logical_graph/repeat_03/2_no_cut/attempt_01
s010:instance_004:r04:o1:no_cut,10,instance_004,4,no_cut/live,1,no_cut,EXACT_CLOSED,0,0.709384,True,True,True,dfaedf6d273c5c56,1.943638,BPC_TREE_OPTIMAL,no_cut,37c44c29594e0b8b0ba429e5dd3cf7422c07ae17222bb31e16e31e57030d5e63,0,,0.00457,12.723106,/home/kai/work/GAT_BPC_moonTerk/runs/native_live_sri_v1_p0_frozen_paired_promotion_clean_v2_20260722/raw/scale_010/instance_004_logical_graph/repeat_04/1_no_cut/attempt_01
s010:instance_004:r04:o2:live,10,instance_004,4,no_cut/live,2,live,EXACT_CLOSED,0,0.714155,True,True,True,dfaedf6d273c5c56,1.943638,BPC_TREE_OPTIMAL,P0,9f0e7c4f7e2cab50267e197d55a17950aeee35aad388e47448f24873a7e92ba1,0,,0.004448,12.718834,/home/kai/work/GAT_BPC_moonTerk/runs/native_live_sri_v1_p0_frozen_paired_promotion_clean_v2_20260722/raw/scale_010/instance_004_logical_graph/repeat_04/2_live/attempt_01
s010:instance_004:r05:o1:live,10,instance_004,5,live/no_cut,1,live,EXACT_CLOSED,0,0.720013,True,True,True,dfaedf6d273c5c56,1.943638,BPC_TREE_OPTIMAL,P0,9f0e7c4f7e2cab50267e197d55a17950aeee35aad388e47448f24873a7e92ba1,0,,0.004375,12.724113,/home/kai/work/GAT_BPC_moonTerk/runs/native_live_sri_v1_p0_frozen_paired_promotion_clean_v2_20260722/raw/scale_010/instance_004_logical_graph/repeat_05/1_live/attempt_01
s010:instance_004:r05:o2:no_cut,10,instance_004,5,live/no_cut,2,no_cut,EXACT_CLOSED,0,0.702192,True,True,True,dfaedf6d273c5c56,1.943638,BPC_TREE_OPTIMAL,no_cut,37c44c29594e0b8b0ba429e5dd3cf7422c07ae17222bb31e16e31e57030d5e63,0,,0.004593,12.725422,/home/kai/work/GAT_BPC_moonTerk/runs/native_live_sri_v1_p0_frozen_paired_promotion_clean_v2_20260722/raw/scale_010/instance_004_logical_graph/repeat_05/2_no_cut/attempt_01
s010:instance_004:r06:o1:no_cut,10,instance_004,6,no_cut/live,1,no_cut,EXACT_CLOSED,0,0.714818,True,True,True,dfaedf6d273c5c56,1.943638,BPC_TREE_OPTIMAL,no_cut,37c44c29594e0b8b0ba429e5dd3cf7422c07ae17222bb31e16e31e57030d5e63,0,,0.00452,12.724243,/home/kai/work/GAT_BPC_moonTerk/runs/native_live_sri_v1_p0_frozen_paired_promotion_clean_v2_20260722/raw/scale_010/instance_004_logical_graph/repeat_06/1_no_cut/attempt_01
s010:instance_004:r06:o2:live,10,instance_004,6,no_cut/live,2,live,EXACT_CLOSED,0,0.705905,True,True,True,dfaedf6d273c5c56,1.943638,BPC_TREE_OPTIMAL,P0,9f0e7c4f7e2cab50267e197d55a17950aeee35aad388e47448f24873a7e92ba1,0,,0.005039,12.726582,/home/kai/work/GAT_BPC_moonTerk/runs/native_live_sri_v1_p0_frozen_paired_promotion_clean_v2_20260722/raw/scale_010/instance_004_logical_graph/repeat_06/2_live/attempt_01
s010:instance_004:r07:o1:live,10,instance_004,7,live/no_cut,1,live,EXACT_CLOSED,0,0.720491,True,True,True,dfaedf6d273c5c56,1.943638,BPC_TREE_OPTIMAL,P0,9f0e7c4f7e2cab50267e197d55a17950aeee35aad388e47448f24873a7e92ba1,0,,0.004574,12.726574,/home/kai/work/GAT_BPC_moonTerk/runs/native_live_sri_v1_p0_frozen_paired_promotion_clean_v2_20260722/raw/scale_010/instance_004_logical_graph/repeat_07/1_live/attempt_01
s010:instance_004:r07:o2:no_cut,10,instance_004,7,live/no_cut,2,no_cut,EXACT_CLOSED,0,0.714964,True,True,True,dfaedf6d273c5c56,1.943638,BPC_TREE_OPTIMAL,no_cut,37c44c29594e0b8b0ba429e5dd3cf7422c07ae17222bb31e16e31e57030d5e63,0,,0.004517,12.722698,/home/kai/work/GAT_BPC_moonTerk/runs/native_live_sri_v1_p0_frozen_paired_promotion_clean_v2_20260722/raw/scale_010/instance_004_logical_graph/repeat_07/2_no_cut/attempt_01
s010:instance_004:r08:o1:no_cut,10,instance_004,8,no_cut/live,1,no_cut,EXACT_CLOSED,0,0.741592,True,True,True,dfaedf6d273c5c56,1.943638,BPC_TREE_OPTIMAL,no_cut,37c44c29594e0b8b0ba429e5dd3cf7422c07ae17222bb31e16e31e57030d5e63,0,,0.004467,12.721798,/home/kai/work/GAT_BPC_moonTerk/runs/native_live_sri_v1_p0_frozen_paired_promotion_clean_v2_20260722/raw/scale_010/instance_004_logical_graph/repeat_08/1_no_cut/attempt_01
s010:instance_004:r08:o2:live,10,instance_004,8,no_cut/live,2,live,EXACT_CLOSED,0,0.710139,True,True,True,dfaedf6d273c5c56,1.943638,BPC_TREE_OPTIMAL,P0,9f0e7c4f7e2cab50267e197d55a17950aeee35aad388e47448f24873a7e92ba1,0,,0.00449,12.724838,/home/kai/work/GAT_BPC_moonTerk/runs/native_live_sri_v1_p0_frozen_paired_promotion_clean_v2_20260722/raw/scale_010/instance_004_logical_graph/repeat_08/2_live/attempt_01
s010:instance_004:r09:o1:live,10,instance_004,9,live/no_cut,1,live,EXACT_CLOSED,0,0.736213,True,True,True,dfaedf6d273c5c56,1.943638,BPC_TREE_OPTIMAL,P0,9f0e7c4f7e2cab50267e197d55a17950aeee35aad388e47448f24873a7e92ba1,0,,0.004707,12.720604,/home/kai/work/GAT_BPC_moonTerk/runs/native_live_sri_v1_p0_frozen_paired_promotion_clean_v2_20260722/raw/scale_010/instance_004_logical_graph/repeat_09/1_live/attempt_01
s010:instance_004:r09:o2:no_cut,10,instance_004,9,live/no_cut,2,no_cut,EXACT_CLOSED,0,0.709938,True,True,True,dfaedf6d273c5c56,1.943638,BPC_TREE_OPTIMAL,no_cut,37c44c29594e0b8b0ba429e5dd3cf7422c07ae17222bb31e16e31e57030d5e63,0,,0.004417,12.722759,/home/kai/work/GAT_BPC_moonTerk/runs/native_live_sri_v1_p0_frozen_paired_promotion_clean_v2_20260722/raw/scale_010/instance_004_logical_graph/repeat_09/2_no_cut/attempt_01
s010:instance_004:r10:o1:no_cut,10,instance_004,10,no_cut/live,1,no_cut,EXACT_CLOSED,0,0.706844,True,True,True,dfaedf6d273c5c56,1.943638,BPC_TREE_OPTIMAL,no_cut,37c44c29594e0b8b0ba429e5dd3cf7422c07ae17222bb31e16e31e57030d5e63,0,,0.004551,12.723511,/home/kai/work/GAT_BPC_moonTerk/runs/native_live_sri_v1_p0_frozen_paired_promotion_clean_v2_20260722/raw/scale_010/instance_004_logical_graph/repeat_10/1_no_cut/attempt_01
s010:instance_004:r10:o2:live,10,instance_004,10,no_cut/live,2,live,EXACT_CLOSED,0,0.718029,True,True,True,dfaedf6d273c5c56,1.943638,BPC_TREE_OPTIMAL,P0,9f0e7c4f7e2cab50267e197d55a17950aeee35aad388e47448f24873a7e92ba1,0,,0.004375,12.728184,/home/kai/work/GAT_BPC_moonTerk/runs/native_live_sri_v1_p0_frozen_paired_promotion_clean_v2_20260722/raw/scale_010/instance_004_logical_graph/repeat_10/2_live/attempt_01
s010:instance_005:r01:o1:no_cut,10,instance_005,1,no_cut/live,1,no_cut,EXACT_CLOSED,0,1.250662,True,True,True,dfaedf6d273c5c56,1.856248,BPC_TREE_OPTIMAL,no_cut,37c44c29594e0b8b0ba429e5dd3cf7422c07ae17222bb31e16e31e57030d5e63,0,,0.00433,12.720074,/home/kai/work/GAT_BPC_moonTerk/runs/native_live_sri_v1_p0_frozen_paired_promotion_clean_v2_20260722/raw/scale_010/instance_005_logical_graph/repeat_01/1_no_cut/attempt_01
s010:instance_005:r01:o2:live,10,instance_005,1,no_cut/live,2,live,EXACT_CLOSED,0,1.249352,True,True,True,dfaedf6d273c5c56,1.856248,BPC_TREE_OPTIMAL,P0,9f0e7c4f7e2cab50267e197d55a17950aeee35aad388e47448f24873a7e92ba1,0,,0.005001,12.72089,/home/kai/work/GAT_BPC_moonTerk/runs/native_live_sri_v1_p0_frozen_paired_promotion_clean_v2_20260722/raw/scale_010/instance_005_logical_graph/repeat_01/2_live/attempt_01
s010:instance_005:r02:o1:live,10,instance_005,2,live/no_cut,1,live,EXACT_CLOSED,0,1.262143,True,True,True,dfaedf6d273c5c56,1.856248,BPC_TREE_OPTIMAL,P0,9f0e7c4f7e2cab50267e197d55a17950aeee35aad388e47448f24873a7e92ba1,0,,0.004593,12.725155,/home/kai/work/GAT_BPC_moonTerk/runs/native_live_sri_v1_p0_frozen_paired_promotion_clean_v2_20260722/raw/scale_010/instance_005_logical_graph/repeat_02/1_live/attempt_01
s010:instance_005:r02:o2:no_cut,10,instance_005,2,live/no_cut,2,no_cut,EXACT_CLOSED,0,1.258689,True,True,True,dfaedf6d273c5c56,1.856248,BPC_TREE_OPTIMAL,no_cut,37c44c29594e0b8b0ba429e5dd3cf7422c07ae17222bb31e16e31e57030d5e63,0,,0.004532,12.725605,/home/kai/work/GAT_BPC_moonTerk/runs/native_live_sri_v1_p0_frozen_paired_promotion_clean_v2_20260722/raw/scale_010/instance_005_logical_graph/repeat_02/2_no_cut/attempt_01
s010:instance_005:r03:o1:no_cut,10,instance_005,3,no_cut/live,1,no_cut,EXACT_CLOSED,0,1.253036,True,True,True,dfaedf6d273c5c56,1.856248,BPC_TREE_OPTIMAL,no_cut,37c44c29594e0b8b0ba429e5dd3cf7422c07ae17222bb31e16e31e57030d5e63,0,,0.004772,12.727196,/home/kai/work/GAT_BPC_moonTerk/runs/native_live_sri_v1_p0_frozen_paired_promotion_clean_v2_20260722/raw/scale_010/instance_005_logical_graph/repeat_03/1_no_cut/attempt_01
s010:instance_005:r03:o2:live,10,instance_005,3,no_cut/live,2,live,EXACT_CLOSED,0,1.282769,True,True,True,dfaedf6d273c5c56,1.856248,BPC_TREE_OPTIMAL,P0,9f0e7c4f7e2cab50267e197d55a17950aeee35aad388e47448f24873a7e92ba1,0,,0.004143,12.727955,/home/kai/work/GAT_BPC_moonTerk/runs/native_live_sri_v1_p0_frozen_paired_promotion_clean_v2_20260722/raw/scale_010/instance_005_logical_graph/repeat_03/2_live/attempt_01
s010:instance_005:r04:o1:live,10,instance_005,4,live/no_cut,1,live,EXACT_CLOSED,0,1.268735,True,True,True,dfaedf6d273c5c56,1.856248,BPC_TREE_OPTIMAL,P0,9f0e7c4f7e2cab50267e197d55a17950aeee35aad388e47448f24873a7e92ba1,0,,0.004581,12.724888,/home/kai/work/GAT_BPC_moonTerk/runs/native_live_sri_v1_p0_frozen_paired_promotion_clean_v2_20260722/raw/scale_010/instance_005_logical_graph/repeat_04/1_live/attempt_01
s010:instance_005:r04:o2:no_cut,10,instance_005,4,live/no_cut,2,no_cut,EXACT_CLOSED,0,1.287167,True,True,True,dfaedf6d273c5c56,1.856248,BPC_TREE_OPTIMAL,no_cut,37c44c29594e0b8b0ba429e5dd3cf7422c07ae17222bb31e16e31e57030d5e63,0,,0.004539,12.728531,/home/kai/work/GAT_BPC_moonTerk/runs/native_live_sri_v1_p0_frozen_paired_promotion_clean_v2_20260722/raw/scale_010/instance_005_logical_graph/repeat_04/2_no_cut/attempt_01
s010:instance_005:r05:o1:no_cut,10,instance_005,5,no_cut/live,1,no_cut,EXACT_CLOSED,0,1.282287,True,True,True,dfaedf6d273c5c56,1.856248,BPC_TREE_OPTIMAL,no_cut,37c44c29594e0b8b0ba429e5dd3cf7422c07ae17222bb31e16e31e57030d5e63,0,,0.004513,12.727146,/home/kai/work/GAT_BPC_moonTerk/runs/native_live_sri_v1_p0_frozen_paired_promotion_clean_v2_20260722/raw/scale_010/instance_005_logical_graph/repeat_05/1_no_cut/attempt_01
s010:instance_005:r05:o2:live,10,instance_005,5,no_cut/live,2,live,EXACT_CLOSED,0,1.285492,True,True,True,dfaedf6d273c5c56,1.856248,BPC_TREE_OPTIMAL,P0,9f0e7c4f7e2cab50267e197d55a17950aeee35aad388e47448f24873a7e92ba1,0,,0.00444,12.723198,/home/kai/work/GAT_BPC_moonTerk/runs/native_live_sri_v1_p0_frozen_paired_promotion_clean_v2_20260722/raw/scale_010/instance_005_logical_graph/repeat_05/2_live/attempt_01
s010:instance_005:r06:o1:live,10,instance_005,6,live/no_cut,1,live,EXACT_CLOSED,0,1.276395,True,True,True,dfaedf6d273c5c56,1.856248,BPC_TREE_OPTIMAL,P0,9f0e7c4f7e2cab50267e197d55a17950aeee35aad388e47448f24873a7e92ba1,0,,0.004864,12.725948,/home/kai/work/GAT_BPC_moonTerk/runs/native_live_sri_v1_p0_frozen_paired_promotion_clean_v2_20260722/raw/scale_010/instance_005_logical_graph/repeat_06/1_live/attempt_01
s010:instance_005:r06:o2:no_cut,10,instance_005,6,live/no_cut,2,no_cut,EXACT_CLOSED,0,1.279623,True,True,True,dfaedf6d273c5c56,1.856248,BPC_TREE_OPTIMAL,no_cut,37c44c29594e0b8b0ba429e5dd3cf7422c07ae17222bb31e16e31e57030d5e63,0,,0.004627,12.725571,/home/kai/work/GAT_BPC_moonTerk/runs/native_live_sri_v1_p0_frozen_paired_promotion_clean_v2_20260722/raw/scale_010/instance_005_logical_graph/repeat_06/2_no_cut/attempt_01
s010:instance_005:r07:o1:no_cut,10,instance_005,7,no_cut/live,1,no_cut,EXACT_CLOSED,0,1.29026,True,True,True,dfaedf6d273c5c56,1.856248,BPC_TREE_OPTIMAL,no_cut,37c44c29594e0b8b0ba429e5dd3cf7422c07ae17222bb31e16e31e57030d5e63,0,,0.004593,12.725662,/home/kai/work/GAT_BPC_moonTerk/runs/native_live_sri_v1_p0_frozen_paired_promotion_clean_v2_20260722/raw/scale_010/instance_005_logical_graph/repeat_07/1_no_cut/attempt_01
s010:instance_005:r07:o2:live,10,instance_005,7,no_cut/live,2,live,EXACT_CLOSED,0,1.246611,True,True,True,dfaedf6d273c5c56,1.856248,BPC_TREE_OPTIMAL,P0,9f0e7c4f7e2cab50267e197d55a17950aeee35aad388e47448f24873a7e92ba1,0,,0.004585,12.727417,/home/kai/work/GAT_BPC_moonTerk/runs/native_live_sri_v1_p0_frozen_paired_promotion_clean_v2_20260722/raw/scale_010/instance_005_logical_graph/repeat_07/2_live/attempt_01
s010:instance_005:r08:o1:live,10,instance_005,8,live/no_cut,1,live,EXACT_CLOSED,0,1.268909,True,True,True,dfaedf6d273c5c56,1.856248,BPC_TREE_OPTIMAL,P0,9f0e7c4f7e2cab50267e197d55a17950aeee35aad388e47448f24873a7e92ba1,0,,0.004616,12.728401,/home/kai/work/GAT_BPC_moonTerk/runs/native_live_sri_v1_p0_frozen_paired_promotion_clean_v2_20260722/raw/scale_010/instance_005_logical_graph/repeat_08/1_live/attempt_01
s010:instance_005:r08:o2:no_cut,10,instance_005,8,live/no_cut,2,no_cut,EXACT_CLOSED,0,1.272666,True,True,True,dfaedf6d273c5c56,1.856248,BPC_TREE_OPTIMAL,no_cut,37c44c29594e0b8b0ba429e5dd3cf7422c07ae17222bb31e16e31e57030d5e63,0,,0.004425,12.723866,/home/kai/work/GAT_BPC_moonTerk/runs/native_live_sri_v1_p0_frozen_paired_promotion_clean_v2_20260722/raw/scale_010/instance_005_logical_graph/repeat_08/2_no_cut/attempt_01
s010:instance_005:r09:o1:no_cut,10,instance_005,9,no_cut/live,1,no_cut,EXACT_CLOSED,0,1.274645,True,True,True,dfaedf6d273c5c56,1.856248,BPC_TREE_OPTIMAL,no_cut,37c44c29594e0b8b0ba429e5dd3cf7422c07ae17222bb31e16e31e57030d5e63,0,,0.004459,12.725918,/home/kai/work/GAT_BPC_moonTerk/runs/native_live_sri_v1_p0_frozen_paired_promotion_clean_v2_20260722/raw/scale_010/instance_005_logical_graph/repeat_09/1_no_cut/attempt_01
s010:instance_005:r09:o2:live,10,instance_005,9,no_cut/live,2,live,EXACT_CLOSED,0,1.245284,True,True,True,dfaedf6d273c5c56,1.856248,BPC_TREE_OPTIMAL,P0,9f0e7c4f7e2cab50267e197d55a17950aeee35aad388e47448f24873a7e92ba1,0,,0.004608,12.722988,/home/kai/work/GAT_BPC_moonTerk/runs/native_live_sri_v1_p0_frozen_paired_promotion_clean_v2_20260722/raw/scale_010/instance_005_logical_graph/repeat_09/2_live/attempt_01
s010:instance_005:r10:o1:live,10,instance_005,10,live/no_cut,1,live,EXACT_CLOSED,0,1.266268,True,True,True,dfaedf6d273c5c56,1.856248,BPC_TREE_OPTIMAL,P0,9f0e7c4f7e2cab50267e197d55a17950aeee35aad388e47448f24873a7e92ba1,0,,0.004589,12.731987,/home/kai/work/GAT_BPC_moonTerk/runs/native_live_sri_v1_p0_frozen_paired_promotion_clean_v2_20260722/raw/scale_010/instance_005_logical_graph/repeat_10/1_live/attempt_01
s010:instance_005:r10:o2:no_cut,10,instance_005,10,live/no_cut,2,no_cut,EXACT_CLOSED,0,1.281272,True,True,True,dfaedf6d273c5c56,1.856248,BPC_TREE_OPTIMAL,no_cut,37c44c29594e0b8b0ba429e5dd3cf7422c07ae17222bb31e16e31e57030d5e63,0,,0.004292,12.723938,/home/kai/work/GAT_BPC_moonTerk/runs/native_live_sri_v1_p0_frozen_paired_promotion_clean_v2_20260722/raw/scale_010/instance_005_logical_graph/repeat_10/2_no_cut/attempt_01
s010:instance_006:r01:o1:live,10,instance_006,1,live/no_cut,1,live,EXACT_CLOSED,0,0.677837,True,True,True,dfaedf6d273c5c56,2.070818,BPC_TREE_OPTIMAL,P0,9f0e7c4f7e2cab50267e197d55a17950aeee35aad388e47448f24873a7e92ba1,0,,0.00436,12.721844,/home/kai/work/GAT_BPC_moonTerk/runs/native_live_sri_v1_p0_frozen_paired_promotion_clean_v2_20260722/raw/scale_010/instance_006_logical_graph/repeat_01/1_live/attempt_01
s010:instance_006:r01:o2:no_cut,10,instance_006,1,live/no_cut,2,no_cut,EXACT_CLOSED,0,0.684481,True,True,True,dfaedf6d273c5c56,2.070818,BPC_TREE_OPTIMAL,no_cut,37c44c29594e0b8b0ba429e5dd3cf7422c07ae17222bb31e16e31e57030d5e63,0,,0.004765,12.72184,/home/kai/work/GAT_BPC_moonTerk/runs/native_live_sri_v1_p0_frozen_paired_promotion_clean_v2_20260722/raw/scale_010/instance_006_logical_graph/repeat_01/2_no_cut/attempt_01
s010:instance_006:r02:o1:no_cut,10,instance_006,2,no_cut/live,1,no_cut,EXACT_CLOSED,0,0.663575,True,True,True,dfaedf6d273c5c56,2.070818,BPC_TREE_OPTIMAL,no_cut,37c44c29594e0b8b0ba429e5dd3cf7422c07ae17222bb31e16e31e57030d5e63,0,,0.004398,12.723133,/home/kai/work/GAT_BPC_moonTerk/runs/native_live_sri_v1_p0_frozen_paired_promotion_clean_v2_20260722/raw/scale_010/instance_006_logical_graph/repeat_02/1_no_cut/attempt_01
s010:instance_006:r02:o2:live,10,instance_006,2,no_cut/live,2,live,EXACT_CLOSED,0,0.672681,True,True,True,dfaedf6d273c5c56,2.070818,BPC_TREE_OPTIMAL,P0,9f0e7c4f7e2cab50267e197d55a17950aeee35aad388e47448f24873a7e92ba1,0,,0.004478,12.724354,/home/kai/work/GAT_BPC_moonTerk/runs/native_live_sri_v1_p0_frozen_paired_promotion_clean_v2_20260722/raw/scale_010/instance_006_logical_graph/repeat_02/2_live/attempt_01
s010:instance_006:r03:o1:live,10,instance_006,3,live/no_cut,1,live,EXACT_CLOSED,0,0.680182,True,True,True,dfaedf6d273c5c56,2.070818,BPC_TREE_OPTIMAL,P0,9f0e7c4f7e2cab50267e197d55a17950aeee35aad388e47448f24873a7e92ba1,0,,0.004589,12.722794,/home/kai/work/GAT_BPC_moonTerk/runs/native_live_sri_v1_p0_frozen_paired_promotion_clean_v2_20260722/raw/scale_010/instance_006_logical_graph/repeat_03/1_live/attempt_01
s010:instance_006:r03:o2:no_cut,10,instance_006,3,live/no_cut,2,no_cut,EXACT_CLOSED,0,0.679996,True,True,True,dfaedf6d273c5c56,2.070818,BPC_TREE_OPTIMAL,no_cut,37c44c29594e0b8b0ba429e5dd3cf7422c07ae17222bb31e16e31e57030d5e63,0,,0.004593,12.723,/home/kai/work/GAT_BPC_moonTerk/runs/native_live_sri_v1_p0_frozen_paired_promotion_clean_v2_20260722/raw/scale_010/instance_006_logical_graph/repeat_03/2_no_cut/attempt_01
s010:instance_006:r04:o1:no_cut,10,instance_006,4,no_cut/live,1,no_cut,EXACT_CLOSED,0,0.671219,True,True,True,dfaedf6d273c5c56,2.070818,BPC_TREE_OPTIMAL,no_cut,37c44c29594e0b8b0ba429e5dd3cf7422c07ae17222bb31e16e31e57030d5e63,0,,0.004471,12.726246,/home/kai/work/GAT_BPC_moonTerk/runs/native_live_sri_v1_p0_frozen_paired_promotion_clean_v2_20260722/raw/scale_010/instance_006_logical_graph/repeat_04/1_no_cut/attempt_01
s010:instance_006:r04:o2:live,10,instance_006,4,no_cut/live,2,live,EXACT_CLOSED,0,0.67422,True,True,True,dfaedf6d273c5c56,2.070818,BPC_TREE_OPTIMAL,P0,9f0e7c4f7e2cab50267e197d55a17950aeee35aad388e47448f24873a7e92ba1,0,,0.004635,12.721287,/home/kai/work/GAT_BPC_moonTerk/runs/native_live_sri_v1_p0_frozen_paired_promotion_clean_v2_20260722/raw/scale_010/instance_006_logical_graph/repeat_04/2_live/attempt_01
s010:instance_006:r05:o1:live,10,instance_006,5,live/no_cut,1,live,EXACT_CLOSED,0,0.679318,True,True,True,dfaedf6d273c5c56,2.070818,BPC_TREE_OPTIMAL,P0,9f0e7c4f7e2cab50267e197d55a17950aeee35aad388e47448f24873a7e92ba1,0,,0.004765,12.725822,/home/kai/work/GAT_BPC_moonTerk/runs/native_live_sri_v1_p0_frozen_paired_promotion_clean_v2_20260722/raw/scale_010/instance_006_logical_graph/repeat_05/1_live/attempt_01
s010:instance_006:r05:o2:no_cut,10,instance_006,5,live/no_cut,2,no_cut,EXACT_CLOSED,0,0.680443,True,True,True,dfaedf6d273c5c56,2.070818,BPC_TREE_OPTIMAL,no_cut,37c44c29594e0b8b0ba429e5dd3cf7422c07ae17222bb31e16e31e57030d5e63,0,,0.004372,12.720028,/home/kai/work/GAT_BPC_moonTerk/runs/native_live_sri_v1_p0_frozen_paired_promotion_clean_v2_20260722/raw/scale_010/instance_006_logical_graph/repeat_05/2_no_cut/attempt_01
s010:instance_006:r06:o1:no_cut,10,instance_006,6,no_cut/live,1,no_cut,EXACT_CLOSED,0,0.683388,True,True,True,dfaedf6d273c5c56,2.070818,BPC_TREE_OPTIMAL,no_cut,37c44c29594e0b8b0ba429e5dd3cf7422c07ae17222bb31e16e31e57030d5e63,0,,0.004482,12.721554,/home/kai/work/GAT_BPC_moonTerk/runs/native_live_sri_v1_p0_frozen_paired_promotion_clean_v2_20260722/raw/scale_010/instance_006_logical_graph/repeat_06/1_no_cut/attempt_01
s010:instance_006:r06:o2:live,10,instance_006,6,no_cut/live,2,live,EXACT_CLOSED,0,0.678836,True,True,True,dfaedf6d273c5c56,2.070818,BPC_TREE_OPTIMAL,P0,9f0e7c4f7e2cab50267e197d55a17950aeee35aad388e47448f24873a7e92ba1,0,,0.004452,12.724369,/home/kai/work/GAT_BPC_moonTerk/runs/native_live_sri_v1_p0_frozen_paired_promotion_clean_v2_20260722/raw/scale_010/instance_006_logical_graph/repeat_06/2_live/attempt_01
s010:instance_006:r07:o1:live,10,instance_006,7,live/no_cut,1,live,EXACT_CLOSED,0,0.698871,True,True,True,dfaedf6d273c5c56,2.070818,BPC_TREE_OPTIMAL,P0,9f0e7c4f7e2cab50267e197d55a17950aeee35aad388e47448f24873a7e92ba1,0,,0.004486,12.725853,/home/kai/work/GAT_BPC_moonTerk/runs/native_live_sri_v1_p0_frozen_paired_promotion_clean_v2_20260722/raw/scale_010/instance_006_logical_graph/repeat_07/1_live/attempt_01
s010:instance_006:r07:o2:no_cut,10,instance_006,7,live/no_cut,2,no_cut,EXACT_CLOSED,0,0.684313,True,True,True,dfaedf6d273c5c56,2.070818,BPC_TREE_OPTIMAL,no_cut,37c44c29594e0b8b0ba429e5dd3cf7422c07ae17222bb31e16e31e57030d5e63,0,,0.004292,12.724194,/home/kai/work/GAT_BPC_moonTerk/runs/native_live_sri_v1_p0_frozen_paired_promotion_clean_v2_20260722/raw/scale_010/instance_006_logical_graph/repeat_07/2_no_cut/attempt_01
s010:instance_006:r08:o1:no_cut,10,instance_006,8,no_cut/live,1,no_cut,EXACT_CLOSED,0,0.675291,True,True,True,dfaedf6d273c5c56,2.070818,BPC_TREE_OPTIMAL,no_cut,37c44c29594e0b8b0ba429e5dd3cf7422c07ae17222bb31e16e31e57030d5e63,0,,0.004467,12.722149,/home/kai/work/GAT_BPC_moonTerk/runs/native_live_sri_v1_p0_frozen_paired_promotion_clean_v2_20260722/raw/scale_010/instance_006_logical_graph/repeat_08/1_no_cut/attempt_01
s010:instance_006:r08:o2:live,10,instance_006,8,no_cut/live,2,live,EXACT_CLOSED,0,0.687398,True,True,True,dfaedf6d273c5c56,2.070818,BPC_TREE_OPTIMAL,P0,9f0e7c4f7e2cab50267e197d55a17950aeee35aad388e47448f24873a7e92ba1,0,,0.004486,12.724125,/home/kai/work/GAT_BPC_moonTerk/runs/native_live_sri_v1_p0_frozen_paired_promotion_clean_v2_20260722/raw/scale_010/instance_006_logical_graph/repeat_08/2_live/attempt_01
s010:instance_006:r09:o1:live,10,instance_006,9,live/no_cut,1,live,EXACT_CLOSED,0,0.664844,True,True,True,dfaedf6d273c5c56,2.070818,BPC_TREE_OPTIMAL,P0,9f0e7c4f7e2cab50267e197d55a17950aeee35aad388e47448f24873a7e92ba1,0,,0.004398,12.717823,/home/kai/work/GAT_BPC_moonTerk/runs/native_live_sri_v1_p0_frozen_paired_promotion_clean_v2_20260722/raw/scale_010/instance_006_logical_graph/repeat_09/1_live/attempt_01
s010:instance_006:r09:o2:no_cut,10,instance_006,9,live/no_cut,2,no_cut,EXACT_CLOSED,0,0.708976,True,True,True,dfaedf6d273c5c56,2.070818,BPC_TREE_OPTIMAL,no_cut,37c44c29594e0b8b0ba429e5dd3cf7422c07ae17222bb31e16e31e57030d5e63,0,,0.006001,12.721043,/home/kai/work/GAT_BPC_moonTerk/runs/native_live_sri_v1_p0_frozen_paired_promotion_clean_v2_20260722/raw/scale_010/instance_006_logical_graph/repeat_09/2_no_cut/attempt_01
s010:instance_006:r10:o1:no_cut,10,instance_006,10,no_cut/live,1,no_cut,EXACT_CLOSED,0,0.681503,True,True,True,dfaedf6d273c5c56,2.070818,BPC_TREE_OPTIMAL,no_cut,37c44c29594e0b8b0ba429e5dd3cf7422c07ae17222bb31e16e31e57030d5e63,0,,0.005154,12.718571,/home/kai/work/GAT_BPC_moonTerk/runs/native_live_sri_v1_p0_frozen_paired_promotion_clean_v2_20260722/raw/scale_010/instance_006_logical_graph/repeat_10/1_no_cut/attempt_01
s010:instance_006:r10:o2:live,10,instance_006,10,no_cut/live,2,live,EXACT_CLOSED,0,0.685291,True,True,True,dfaedf6d273c5c56,2.070818,BPC_TREE_OPTIMAL,P0,9f0e7c4f7e2cab50267e197d55a17950aeee35aad388e47448f24873a7e92ba1,0,,0.004467,12.718678,/home/kai/work/GAT_BPC_moonTerk/runs/native_live_sri_v1_p0_frozen_paired_promotion_clean_v2_20260722/raw/scale_010/instance_006_logical_graph/repeat_10/2_live/attempt_01
s010:instance_007:r01:o1:no_cut,10,instance_007,1,no_cut/live,1,no_cut,EXACT_CLOSED,0,0.752995,True,True,True,dfaedf6d273c5c56,1.988918,BPC_TREE_OPTIMAL,no_cut,37c44c29594e0b8b0ba429e5dd3cf7422c07ae17222bb31e16e31e57030d5e63,0,,0.004616,12.723705,/home/kai/work/GAT_BPC_moonTerk/runs/native_live_sri_v1_p0_frozen_paired_promotion_clean_v2_20260722/raw/scale_010/instance_007_logical_graph/repeat_01/1_no_cut/attempt_01
s010:instance_007:r01:o2:live,10,instance_007,1,no_cut/live,2,live,EXACT_CLOSED,0,0.737745,True,True,True,dfaedf6d273c5c56,1.988918,BPC_TREE_OPTIMAL,P0,9f0e7c4f7e2cab50267e197d55a17950aeee35aad388e47448f24873a7e92ba1,0,,0.004593,12.719822,/home/kai/work/GAT_BPC_moonTerk/runs/native_live_sri_v1_p0_frozen_paired_promotion_clean_v2_20260722/raw/scale_010/instance_007_logical_graph/repeat_01/2_live/attempt_01
s010:instance_007:r02:o1:live,10,instance_007,2,live/no_cut,1,live,EXACT_CLOSED,0,0.740541,True,True,True,dfaedf6d273c5c56,1.988918,BPC_TREE_OPTIMAL,P0,9f0e7c4f7e2cab50267e197d55a17950aeee35aad388e47448f24873a7e92ba1,0,,0.004356,12.722702,/home/kai/work/GAT_BPC_moonTerk/runs/native_live_sri_v1_p0_frozen_paired_promotion_clean_v2_20260722/raw/scale_010/instance_007_logical_graph/repeat_02/1_live/attempt_01
s010:instance_007:r02:o2:no_cut,10,instance_007,2,live/no_cut,2,no_cut,EXACT_CLOSED,0,0.744092,True,True,True,dfaedf6d273c5c56,1.988918,BPC_TREE_OPTIMAL,no_cut,37c44c29594e0b8b0ba429e5dd3cf7422c07ae17222bb31e16e31e57030d5e63,0,,0.004383,12.720329,/home/kai/work/GAT_BPC_moonTerk/runs/native_live_sri_v1_p0_frozen_paired_promotion_clean_v2_20260722/raw/scale_010/instance_007_logical_graph/repeat_02/2_no_cut/attempt_01
s010:instance_007:r03:o1:no_cut,10,instance_007,3,no_cut/live,1,no_cut,EXACT_CLOSED,0,0.759782,True,True,True,dfaedf6d273c5c56,1.988918,BPC_TREE_OPTIMAL,no_cut,37c44c29594e0b8b0ba429e5dd3cf7422c07ae17222bb31e16e31e57030d5e63,0,,0.00489,12.717136,/home/kai/work/GAT_BPC_moonTerk/runs/native_live_sri_v1_p0_frozen_paired_promotion_clean_v2_20260722/raw/scale_010/instance_007_logical_graph/repeat_03/1_no_cut/attempt_01
s010:instance_007:r03:o2:live,10,instance_007,3,no_cut/live,2,live,EXACT_CLOSED,0,0.724949,True,True,True,dfaedf6d273c5c56,1.988918,BPC_TREE_OPTIMAL,P0,9f0e7c4f7e2cab50267e197d55a17950aeee35aad388e47448f24873a7e92ba1,0,,0.004547,12.716209,/home/kai/work/GAT_BPC_moonTerk/runs/native_live_sri_v1_p0_frozen_paired_promotion_clean_v2_20260722/raw/scale_010/instance_007_logical_graph/repeat_03/2_live/attempt_01
s010:instance_007:r04:o1:live,10,instance_007,4,live/no_cut,1,live,EXACT_CLOSED,0,0.762764,True,True,True,dfaedf6d273c5c56,1.988918,BPC_TREE_OPTIMAL,P0,9f0e7c4f7e2cab50267e197d55a17950aeee35aad388e47448f24873a7e92ba1,0,,0.004433,12.719616,/home/kai/work/GAT_BPC_moonTerk/runs/native_live_sri_v1_p0_frozen_paired_promotion_clean_v2_20260722/raw/scale_010/instance_007_logical_graph/repeat_04/1_live/attempt_01
s010:instance_007:r04:o2:no_cut,10,instance_007,4,live/no_cut,2,no_cut,EXACT_CLOSED,0,0.784914,True,True,True,dfaedf6d273c5c56,1.988918,BPC_TREE_OPTIMAL,no_cut,37c44c29594e0b8b0ba429e5dd3cf7422c07ae17222bb31e16e31e57030d5e63,0,,0.004581,12.722866,/home/kai/work/GAT_BPC_moonTerk/runs/native_live_sri_v1_p0_frozen_paired_promotion_clean_v2_20260722/raw/scale_010/instance_007_logical_graph/repeat_04/2_no_cut/attempt_01
s010:instance_007:r05:o1:no_cut,10,instance_007,5,no_cut/live,1,no_cut,EXACT_CLOSED,0,0.746791,True,True,True,dfaedf6d273c5c56,1.988918,BPC_TREE_OPTIMAL,no_cut,37c44c29594e0b8b0ba429e5dd3cf7422c07ae17222bb31e16e31e57030d5e63,0,,0.004593,12.713776,/home/kai/work/GAT_BPC_moonTerk/runs/native_live_sri_v1_p0_frozen_paired_promotion_clean_v2_20260722/raw/scale_010/instance_007_logical_graph/repeat_05/1_no_cut/attempt_01
s010:instance_007:r05:o2:live,10,instance_007,5,no_cut/live,2,live,EXACT_CLOSED,0,0.754865,True,True,True,dfaedf6d273c5c56,1.988918,BPC_TREE_OPTIMAL,P0,9f0e7c4f7e2cab50267e197d55a17950aeee35aad388e47448f24873a7e92ba1,0,,0.005486,12.709713,/home/kai/work/GAT_BPC_moonTerk/runs/native_live_sri_v1_p0_frozen_paired_promotion_clean_v2_20260722/raw/scale_010/instance_007_logical_graph/repeat_05/2_live/attempt_01
s010:instance_007:r06:o1:live,10,instance_007,6,live/no_cut,1,live,EXACT_CLOSED,0,0.750925,True,True,True,dfaedf6d273c5c56,1.988918,BPC_TREE_OPTIMAL,P0,9f0e7c4f7e2cab50267e197d55a17950aeee35aad388e47448f24873a7e92ba1,0,,0.004509,12.710361,/home/kai/work/GAT_BPC_moonTerk/runs/native_live_sri_v1_p0_frozen_paired_promotion_clean_v2_20260722/raw/scale_010/instance_007_logical_graph/repeat_06/1_live/attempt_01
s010:instance_007:r06:o2:no_cut,10,instance_007,6,live/no_cut,2,no_cut,EXACT_CLOSED,0,0.751612,True,True,True,dfaedf6d273c5c56,1.988918,BPC_TREE_OPTIMAL,no_cut,37c44c29594e0b8b0ba429e5dd3cf7422c07ae17222bb31e16e31e57030d5e63,0,,0.004372,12.712128,/home/kai/work/GAT_BPC_moonTerk/runs/native_live_sri_v1_p0_frozen_paired_promotion_clean_v2_20260722/raw/scale_010/instance_007_logical_graph/repeat_06/2_no_cut/attempt_01
s010:instance_007:r07:o1:no_cut,10,instance_007,7,no_cut/live,1,no_cut,EXACT_CLOSED,0,0.749108,True,True,True,dfaedf6d273c5c56,1.988918,BPC_TREE_OPTIMAL,no_cut,37c44c29594e0b8b0ba429e5dd3cf7422c07ae17222bb31e16e31e57030d5e63,0,,0.00449,12.709709,/home/kai/work/GAT_BPC_moonTerk/runs/native_live_sri_v1_p0_frozen_paired_promotion_clean_v2_20260722/raw/scale_010/instance_007_logical_graph/repeat_07/1_no_cut/attempt_01
s010:instance_007:r07:o2:live,10,instance_007,7,no_cut/live,2,live,EXACT_CLOSED,0,0.73963,True,True,True,dfaedf6d273c5c56,1.988918,BPC_TREE_OPTIMAL,P0,9f0e7c4f7e2cab50267e197d55a17950aeee35aad388e47448f24873a7e92ba1,0,,0.004612,12.709671,/home/kai/work/GAT_BPC_moonTerk/runs/native_live_sri_v1_p0_frozen_paired_promotion_clean_v2_20260722/raw/scale_010/instance_007_logical_graph/repeat_07/2_live/attempt_01
s010:instance_007:r08:o1:live,10,instance_007,8,live/no_cut,1,live,EXACT_CLOSED,0,0.753468,True,True,True,dfaedf6d273c5c56,1.988918,BPC_TREE_OPTIMAL,P0,9f0e7c4f7e2cab50267e197d55a17950aeee35aad388e47448f24873a7e92ba1,0,,0.004421,12.71579,/home/kai/work/GAT_BPC_moonTerk/runs/native_live_sri_v1_p0_frozen_paired_promotion_clean_v2_20260722/raw/scale_010/instance_007_logical_graph/repeat_08/1_live/attempt_01
s010:instance_007:r08:o2:no_cut,10,instance_007,8,live/no_cut,2,no_cut,EXACT_CLOSED,0,0.744076,True,True,True,dfaedf6d273c5c56,1.988918,BPC_TREE_OPTIMAL,no_cut,37c44c29594e0b8b0ba429e5dd3cf7422c07ae17222bb31e16e31e57030d5e63,0,,0.004471,12.712006,/home/kai/work/GAT_BPC_moonTerk/runs/native_live_sri_v1_p0_frozen_paired_promotion_clean_v2_20260722/raw/scale_010/instance_007_logical_graph/repeat_08/2_no_cut/attempt_01
s010:instance_007:r09:o1:no_cut,10,instance_007,9,no_cut/live,1,no_cut,EXACT_CLOSED,0,0.743329,True,True,True,dfaedf6d273c5c56,1.988918,BPC_TREE_OPTIMAL,no_cut,37c44c29594e0b8b0ba429e5dd3cf7422c07ae17222bb31e16e31e57030d5e63,0,,0.004536,12.71109,/home/kai/work/GAT_BPC_moonTerk/runs/native_live_sri_v1_p0_frozen_paired_promotion_clean_v2_20260722/raw/scale_010/instance_007_logical_graph/repeat_09/1_no_cut/attempt_01
s010:instance_007:r09:o2:live,10,instance_007,9,no_cut/live,2,live,EXACT_CLOSED,0,0.74179,True,True,True,dfaedf6d273c5c56,1.988918,BPC_TREE_OPTIMAL,P0,9f0e7c4f7e2cab50267e197d55a17950aeee35aad388e47448f24873a7e92ba1,0,,0.004452,12.713371,/home/kai/work/GAT_BPC_moonTerk/runs/native_live_sri_v1_p0_frozen_paired_promotion_clean_v2_20260722/raw/scale_010/instance_007_logical_graph/repeat_09/2_live/attempt_01
s010:instance_007:r10:o1:live,10,instance_007,10,live/no_cut,1,live,EXACT_CLOSED,0,0.736815,True,True,True,dfaedf6d273c5c56,1.988918,BPC_TREE_OPTIMAL,P0,9f0e7c4f7e2cab50267e197d55a17950aeee35aad388e47448f24873a7e92ba1,0,,0.004234,12.780842,/home/kai/work/GAT_BPC_moonTerk/runs/native_live_sri_v1_p0_frozen_paired_promotion_clean_v2_20260722/raw/scale_010/instance_007_logical_graph/repeat_10/1_live/attempt_01
s010:instance_007:r10:o2:no_cut,10,instance_007,10,live/no_cut,2,no_cut,EXACT_CLOSED,0,0.752394,True,True,True,dfaedf6d273c5c56,1.988918,BPC_TREE_OPTIMAL,no_cut,37c44c29594e0b8b0ba429e5dd3cf7422c07ae17222bb31e16e31e57030d5e63,0,,0.004635,12.785,/home/kai/work/GAT_BPC_moonTerk/runs/native_live_sri_v1_p0_frozen_paired_promotion_clean_v2_20260722/raw/scale_010/instance_007_logical_graph/repeat_10/2_no_cut/attempt_01
s010:instance_008:r01:o1:live,10,instance_008,1,live/no_cut,1,live,EXACT_CLOSED,0,0.826604,True,True,True,dfaedf6d273c5c56,1.82381,BPC_TREE_OPTIMAL,P0,9f0e7c4f7e2cab50267e197d55a17950aeee35aad388e47448f24873a7e92ba1,0,,0.004425,12.782085,/home/kai/work/GAT_BPC_moonTerk/runs/native_live_sri_v1_p0_frozen_paired_promotion_clean_v2_20260722/raw/scale_010/instance_008_logical_graph/repeat_01/1_live/attempt_01
s010:instance_008:r01:o2:no_cut,10,instance_008,1,live/no_cut,2,no_cut,EXACT_CLOSED,0,0.803051,True,True,True,dfaedf6d273c5c56,1.82381,BPC_TREE_OPTIMAL,no_cut,37c44c29594e0b8b0ba429e5dd3cf7422c07ae17222bb31e16e31e57030d5e63,0,,0.004932,12.78109,/home/kai/work/GAT_BPC_moonTerk/runs/native_live_sri_v1_p0_frozen_paired_promotion_clean_v2_20260722/raw/scale_010/instance_008_logical_graph/repeat_01/2_no_cut/attempt_01
s010:instance_008:r02:o1:no_cut,10,instance_008,2,no_cut/live,1,no_cut,EXACT_CLOSED,0,0.814379,True,True,True,dfaedf6d273c5c56,1.82381,BPC_TREE_OPTIMAL,no_cut,37c44c29594e0b8b0ba429e5dd3cf7422c07ae17222bb31e16e31e57030d5e63,0,,0.004585,12.775742,/home/kai/work/GAT_BPC_moonTerk/runs/native_live_sri_v1_p0_frozen_paired_promotion_clean_v2_20260722/raw/scale_010/instance_008_logical_graph/repeat_02/1_no_cut/attempt_01
s010:instance_008:r02:o2:live,10,instance_008,2,no_cut/live,2,live,EXACT_CLOSED,0,0.827872,True,True,True,dfaedf6d273c5c56,1.82381,BPC_TREE_OPTIMAL,P0,9f0e7c4f7e2cab50267e197d55a17950aeee35aad388e47448f24873a7e92ba1,0,,0.004402,12.775532,/home/kai/work/GAT_BPC_moonTerk/runs/native_live_sri_v1_p0_frozen_paired_promotion_clean_v2_20260722/raw/scale_010/instance_008_logical_graph/repeat_02/2_live/attempt_01
s010:instance_008:r03:o1:live,10,instance_008,3,live/no_cut,1,live,EXACT_CLOSED,0,0.83374,True,True,True,dfaedf6d273c5c56,1.82381,BPC_TREE_OPTIMAL,P0,9f0e7c4f7e2cab50267e197d55a17950aeee35aad388e47448f24873a7e92ba1,0,,0.004436,12.776196,/home/kai/work/GAT_BPC_moonTerk/runs/native_live_sri_v1_p0_frozen_paired_promotion_clean_v2_20260722/raw/scale_010/instance_008_logical_graph/repeat_03/1_live/attempt_01
s010:instance_008:r03:o2:no_cut,10,instance_008,3,live/no_cut,2,no_cut,EXACT_CLOSED,0,0.832806,True,True,True,dfaedf6d273c5c56,1.82381,BPC_TREE_OPTIMAL,no_cut,37c44c29594e0b8b0ba429e5dd3cf7422c07ae17222bb31e16e31e57030d5e63,0,,0.004444,12.775036,/home/kai/work/GAT_BPC_moonTerk/runs/native_live_sri_v1_p0_frozen_paired_promotion_clean_v2_20260722/raw/scale_010/instance_008_logical_graph/repeat_03/2_no_cut/attempt_01
s010:instance_008:r04:o1:no_cut,10,instance_008,4,no_cut/live,1,no_cut,EXACT_CLOSED,0,0.812307,True,True,True,dfaedf6d273c5c56,1.82381,BPC_TREE_OPTIMAL,no_cut,37c44c29594e0b8b0ba429e5dd3cf7422c07ae17222bb31e16e31e57030d5e63,0,,0.00452,12.770241,/home/kai/work/GAT_BPC_moonTerk/runs/native_live_sri_v1_p0_frozen_paired_promotion_clean_v2_20260722/raw/scale_010/instance_008_logical_graph/repeat_04/1_no_cut/attempt_01
s010:instance_008:r04:o2:live,10,instance_008,4,no_cut/live,2,live,EXACT_CLOSED,0,0.823726,True,True,True,dfaedf6d273c5c56,1.82381,BPC_TREE_OPTIMAL,P0,9f0e7c4f7e2cab50267e197d55a17950aeee35aad388e47448f24873a7e92ba1,0,,0.00436,12.775665,/home/kai/work/GAT_BPC_moonTerk/runs/native_live_sri_v1_p0_frozen_paired_promotion_clean_v2_20260722/raw/scale_010/instance_008_logical_graph/repeat_04/2_live/attempt_01
s010:instance_008:r05:o1:live,10,instance_008,5,live/no_cut,1,live,EXACT_CLOSED,0,0.824629,True,True,True,dfaedf6d273c5c56,1.82381,BPC_TREE_OPTIMAL,P0,9f0e7c4f7e2cab50267e197d55a17950aeee35aad388e47448f24873a7e92ba1,0,,0.004375,12.771896,/home/kai/work/GAT_BPC_moonTerk/runs/native_live_sri_v1_p0_frozen_paired_promotion_clean_v2_20260722/raw/scale_010/instance_008_logical_graph/repeat_05/1_live/attempt_01
s010:instance_008:r05:o2:no_cut,10,instance_008,5,live/no_cut,2,no_cut,EXACT_CLOSED,0,0.831994,True,True,True,dfaedf6d273c5c56,1.82381,BPC_TREE_OPTIMAL,no_cut,37c44c29594e0b8b0ba429e5dd3cf7422c07ae17222bb31e16e31e57030d5e63,0,,0.004818,12.775932,/home/kai/work/GAT_BPC_moonTerk/runs/native_live_sri_v1_p0_frozen_paired_promotion_clean_v2_20260722/raw/scale_010/instance_008_logical_graph/repeat_05/2_no_cut/attempt_01
s010:instance_008:r06:o1:no_cut,10,instance_008,6,no_cut/live,1,no_cut,EXACT_CLOSED,0,0.804482,True,True,True,dfaedf6d273c5c56,1.82381,BPC_TREE_OPTIMAL,no_cut,37c44c29594e0b8b0ba429e5dd3cf7422c07ae17222bb31e16e31e57030d5e63,0,,0.004566,12.779175,/home/kai/work/GAT_BPC_moonTerk/runs/native_live_sri_v1_p0_frozen_paired_promotion_clean_v2_20260722/raw/scale_010/instance_008_logical_graph/repeat_06/1_no_cut/attempt_01
s010:instance_008:r06:o2:live,10,instance_008,6,no_cut/live,2,live,EXACT_CLOSED,0,0.821206,True,True,True,dfaedf6d273c5c56,1.82381,BPC_TREE_OPTIMAL,P0,9f0e7c4f7e2cab50267e197d55a17950aeee35aad388e47448f24873a7e92ba1,0,,0.004528,12.772858,/home/kai/work/GAT_BPC_moonTerk/runs/native_live_sri_v1_p0_frozen_paired_promotion_clean_v2_20260722/raw/scale_010/instance_008_logical_graph/repeat_06/2_live/attempt_01
s010:instance_008:r07:o1:live,10,instance_008,7,live/no_cut,1,live,EXACT_CLOSED,0,0.829102,True,True,True,dfaedf6d273c5c56,1.82381,BPC_TREE_OPTIMAL,P0,9f0e7c4f7e2cab50267e197d55a17950aeee35aad388e47448f24873a7e92ba1,0,,0.004585,12.768639,/home/kai/work/GAT_BPC_moonTerk/runs/native_live_sri_v1_p0_frozen_paired_promotion_clean_v2_20260722/raw/scale_010/instance_008_logical_graph/repeat_07/1_live/attempt_01
s010:instance_008:r07:o2:no_cut,10,instance_008,7,live/no_cut,2,no_cut,EXACT_CLOSED,0,0.835747,True,True,True,dfaedf6d273c5c56,1.82381,BPC_TREE_OPTIMAL,no_cut,37c44c29594e0b8b0ba429e5dd3cf7422c07ae17222bb31e16e31e57030d5e63,0,,0.004566,12.775612,/home/kai/work/GAT_BPC_moonTerk/runs/native_live_sri_v1_p0_frozen_paired_promotion_clean_v2_20260722/raw/scale_010/instance_008_logical_graph/repeat_07/2_no_cut/attempt_01
s010:instance_008:r08:o1:no_cut,10,instance_008,8,no_cut/live,1,no_cut,EXACT_CLOSED,0,0.83349,True,True,True,dfaedf6d273c5c56,1.82381,BPC_TREE_OPTIMAL,no_cut,37c44c29594e0b8b0ba429e5dd3cf7422c07ae17222bb31e16e31e57030d5e63,0,,0.004379,12.768089,/home/kai/work/GAT_BPC_moonTerk/runs/native_live_sri_v1_p0_frozen_paired_promotion_clean_v2_20260722/raw/scale_010/instance_008_logical_graph/repeat_08/1_no_cut/attempt_01
s010:instance_008:r08:o2:live,10,instance_008,8,no_cut/live,2,live,EXACT_CLOSED,0,0.81335,True,True,True,dfaedf6d273c5c56,1.82381,BPC_TREE_OPTIMAL,P0,9f0e7c4f7e2cab50267e197d55a17950aeee35aad388e47448f24873a7e92ba1,0,,0.00436,12.766033,/home/kai/work/GAT_BPC_moonTerk/runs/native_live_sri_v1_p0_frozen_paired_promotion_clean_v2_20260722/raw/scale_010/instance_008_logical_graph/repeat_08/2_live/attempt_01
s010:instance_008:r09:o1:live,10,instance_008,9,live/no_cut,1,live,EXACT_CLOSED,0,0.821827,True,True,True,dfaedf6d273c5c56,1.82381,BPC_TREE_OPTIMAL,P0,9f0e7c4f7e2cab50267e197d55a17950aeee35aad388e47448f24873a7e92ba1,0,,0.004601,12.765453,/home/kai/work/GAT_BPC_moonTerk/runs/native_live_sri_v1_p0_frozen_paired_promotion_clean_v2_20260722/raw/scale_010/instance_008_logical_graph/repeat_09/1_live/attempt_01
s010:instance_008:r09:o2:no_cut,10,instance_008,9,live/no_cut,2,no_cut,EXACT_CLOSED,0,0.826918,True,True,True,dfaedf6d273c5c56,1.82381,BPC_TREE_OPTIMAL,no_cut,37c44c29594e0b8b0ba429e5dd3cf7422c07ae17222bb31e16e31e57030d5e63,0,,0.004757,12.766495,/home/kai/work/GAT_BPC_moonTerk/runs/native_live_sri_v1_p0_frozen_paired_promotion_clean_v2_20260722/raw/scale_010/instance_008_logical_graph/repeat_09/2_no_cut/attempt_01
s010:instance_008:r10:o1:no_cut,10,instance_008,10,no_cut/live,1,no_cut,EXACT_CLOSED,0,0.810607,True,True,True,dfaedf6d273c5c56,1.82381,BPC_TREE_OPTIMAL,no_cut,37c44c29594e0b8b0ba429e5dd3cf7422c07ae17222bb31e16e31e57030d5e63,0,,0.004425,12.774055,/home/kai/work/GAT_BPC_moonTerk/runs/native_live_sri_v1_p0_frozen_paired_promotion_clean_v2_20260722/raw/scale_010/instance_008_logical_graph/repeat_10/1_no_cut/attempt_01
s010:instance_008:r10:o2:live,10,instance_008,10,no_cut/live,2,live,EXACT_CLOSED,0,0.828046,True,True,True,dfaedf6d273c5c56,1.82381,BPC_TREE_OPTIMAL,P0,9f0e7c4f7e2cab50267e197d55a17950aeee35aad388e47448f24873a7e92ba1,0,,0.004314,12.766129,/home/kai/work/GAT_BPC_moonTerk/runs/native_live_sri_v1_p0_frozen_paired_promotion_clean_v2_20260722/raw/scale_010/instance_008_logical_graph/repeat_10/2_live/attempt_01
s010:instance_009:r01:o1:no_cut,10,instance_009,1,no_cut/live,1,no_cut,EXACT_CLOSED,0,0.836332,True,True,True,dfaedf6d273c5c56,1.83376,BPC_TREE_OPTIMAL,no_cut,37c44c29594e0b8b0ba429e5dd3cf7422c07ae17222bb31e16e31e57030d5e63,0,,0.004513,12.763821,/home/kai/work/GAT_BPC_moonTerk/runs/native_live_sri_v1_p0_frozen_paired_promotion_clean_v2_20260722/raw/scale_010/instance_009_logical_graph/repeat_01/1_no_cut/attempt_01
s010:instance_009:r01:o2:live,10,instance_009,1,no_cut/live,2,live,EXACT_CLOSED,0,0.809645,True,True,True,dfaedf6d273c5c56,1.83376,BPC_TREE_OPTIMAL,P0,9f0e7c4f7e2cab50267e197d55a17950aeee35aad388e47448f24873a7e92ba1,0,,0.004543,12.764366,/home/kai/work/GAT_BPC_moonTerk/runs/native_live_sri_v1_p0_frozen_paired_promotion_clean_v2_20260722/raw/scale_010/instance_009_logical_graph/repeat_01/2_live/attempt_01
s010:instance_009:r02:o1:live,10,instance_009,2,live/no_cut,1,live,EXACT_CLOSED,0,0.841108,True,True,True,dfaedf6d273c5c56,1.83376,BPC_TREE_OPTIMAL,P0,9f0e7c4f7e2cab50267e197d55a17950aeee35aad388e47448f24873a7e92ba1,0,,0.004604,12.765602,/home/kai/work/GAT_BPC_moonTerk/runs/native_live_sri_v1_p0_frozen_paired_promotion_clean_v2_20260722/raw/scale_010/instance_009_logical_graph/repeat_02/1_live/attempt_01
s010:instance_009:r02:o2:no_cut,10,instance_009,2,live/no_cut,2,no_cut,EXACT_CLOSED,0,0.823235,True,True,True,dfaedf6d273c5c56,1.83376,BPC_TREE_OPTIMAL,no_cut,37c44c29594e0b8b0ba429e5dd3cf7422c07ae17222bb31e16e31e57030d5e63,0,,0.004456,12.759018,/home/kai/work/GAT_BPC_moonTerk/runs/native_live_sri_v1_p0_frozen_paired_promotion_clean_v2_20260722/raw/scale_010/instance_009_logical_graph/repeat_02/2_no_cut/attempt_01
s010:instance_009:r03:o1:no_cut,10,instance_009,3,no_cut/live,1,no_cut,EXACT_CLOSED,0,0.854975,True,True,True,dfaedf6d273c5c56,1.83376,BPC_TREE_OPTIMAL,no_cut,37c44c29594e0b8b0ba429e5dd3cf7422c07ae17222bb31e16e31e57030d5e63,0,,0.004753,12.75943,/home/kai/work/GAT_BPC_moonTerk/runs/native_live_sri_v1_p0_frozen_paired_promotion_clean_v2_20260722/raw/scale_010/instance_009_logical_graph/repeat_03/1_no_cut/attempt_01
s010:instance_009:r03:o2:live,10,instance_009,3,no_cut/live,2,live,EXACT_CLOSED,0,0.84413,True,True,True,dfaedf6d273c5c56,1.83376,BPC_TREE_OPTIMAL,P0,9f0e7c4f7e2cab50267e197d55a17950aeee35aad388e47448f24873a7e92ba1,0,,0.004662,12.760883,/home/kai/work/GAT_BPC_moonTerk/runs/native_live_sri_v1_p0_frozen_paired_promotion_clean_v2_20260722/raw/scale_010/instance_009_logical_graph/repeat_03/2_live/attempt_01
s010:instance_009:r04:o1:live,10,instance_009,4,live/no_cut,1,live,EXACT_CLOSED,0,0.841005,True,True,True,dfaedf6d273c5c56,1.83376,BPC_TREE_OPTIMAL,P0,9f0e7c4f7e2cab50267e197d55a17950aeee35aad388e47448f24873a7e92ba1,0,,0.004318,12.76041,/home/kai/work/GAT_BPC_moonTerk/runs/native_live_sri_v1_p0_frozen_paired_promotion_clean_v2_20260722/raw/scale_010/instance_009_logical_graph/repeat_04/1_live/attempt_01
s010:instance_009:r04:o2:no_cut,10,instance_009,4,live/no_cut,2,no_cut,EXACT_CLOSED,0,0.836995,True,True,True,dfaedf6d273c5c56,1.83376,BPC_TREE_OPTIMAL,no_cut,37c44c29594e0b8b0ba429e5dd3cf7422c07ae17222bb31e16e31e57030d5e63,0,,0.004269,12.755131,/home/kai/work/GAT_BPC_moonTerk/runs/native_live_sri_v1_p0_frozen_paired_promotion_clean_v2_20260722/raw/scale_010/instance_009_logical_graph/repeat_04/2_no_cut/attempt_01
s010:instance_009:r05:o1:no_cut,10,instance_009,5,no_cut/live,1,no_cut,EXACT_CLOSED,0,0.811794,True,True,True,dfaedf6d273c5c56,1.83376,BPC_TREE_OPTIMAL,no_cut,37c44c29594e0b8b0ba429e5dd3cf7422c07ae17222bb31e16e31e57030d5e63,0,,0.004433,12.755535,/home/kai/work/GAT_BPC_moonTerk/runs/native_live_sri_v1_p0_frozen_paired_promotion_clean_v2_20260722/raw/scale_010/instance_009_logical_graph/repeat_05/1_no_cut/attempt_01
s010:instance_009:r05:o2:live,10,instance_009,5,no_cut/live,2,live,EXACT_CLOSED,0,0.821467,True,True,True,dfaedf6d273c5c56,1.83376,BPC_TREE_OPTIMAL,P0,9f0e7c4f7e2cab50267e197d55a17950aeee35aad388e47448f24873a7e92ba1,0,,0.004639,12.754757,/home/kai/work/GAT_BPC_moonTerk/runs/native_live_sri_v1_p0_frozen_paired_promotion_clean_v2_20260722/raw/scale_010/instance_009_logical_graph/repeat_05/2_live/attempt_01
s010:instance_009:r06:o1:live,10,instance_009,6,live/no_cut,1,live,EXACT_CLOSED,0,0.84135,True,True,True,dfaedf6d273c5c56,1.83376,BPC_TREE_OPTIMAL,P0,9f0e7c4f7e2cab50267e197d55a17950aeee35aad388e47448f24873a7e92ba1,0,,0.004486,12.755402,/home/kai/work/GAT_BPC_moonTerk/runs/native_live_sri_v1_p0_frozen_paired_promotion_clean_v2_20260722/raw/scale_010/instance_009_logical_graph/repeat_06/1_live/attempt_01
s010:instance_009:r06:o2:no_cut,10,instance_009,6,live/no_cut,2,no_cut,EXACT_CLOSED,0,0.831579,True,True,True,dfaedf6d273c5c56,1.83376,BPC_TREE_OPTIMAL,no_cut,37c44c29594e0b8b0ba429e5dd3cf7422c07ae17222bb31e16e31e57030d5e63,0,,0.004669,12.752052,/home/kai/work/GAT_BPC_moonTerk/runs/native_live_sri_v1_p0_frozen_paired_promotion_clean_v2_20260722/raw/scale_010/instance_009_logical_graph/repeat_06/2_no_cut/attempt_01
s010:instance_009:r07:o1:no_cut,10,instance_009,7,no_cut/live,1,no_cut,EXACT_CLOSED,0,0.836823,True,True,True,dfaedf6d273c5c56,1.83376,BPC_TREE_OPTIMAL,no_cut,37c44c29594e0b8b0ba429e5dd3cf7422c07ae17222bb31e16e31e57030d5e63,0,,0.004669,12.756432,/home/kai/work/GAT_BPC_moonTerk/runs/native_live_sri_v1_p0_frozen_paired_promotion_clean_v2_20260722/raw/scale_010/instance_009_logical_graph/repeat_07/1_no_cut/attempt_01
s010:instance_009:r07:o2:live,10,instance_009,7,no_cut/live,2,live,EXACT_CLOSED,0,0.831645,True,True,True,dfaedf6d273c5c56,1.83376,BPC_TREE_OPTIMAL,P0,9f0e7c4f7e2cab50267e197d55a17950aeee35aad388e47448f24873a7e92ba1,0,,0.005367,12.758503,/home/kai/work/GAT_BPC_moonTerk/runs/native_live_sri_v1_p0_frozen_paired_promotion_clean_v2_20260722/raw/scale_010/instance_009_logical_graph/repeat_07/2_live/attempt_01
s010:instance_009:r08:o1:live,10,instance_009,8,live/no_cut,1,live,EXACT_CLOSED,0,0.824086,True,True,True,dfaedf6d273c5c56,1.83376,BPC_TREE_OPTIMAL,P0,9f0e7c4f7e2cab50267e197d55a17950aeee35aad388e47448f24873a7e92ba1,0,,0.004509,12.752674,/home/kai/work/GAT_BPC_moonTerk/runs/native_live_sri_v1_p0_frozen_paired_promotion_clean_v2_20260722/raw/scale_010/instance_009_logical_graph/repeat_08/1_live/attempt_01
s010:instance_009:r08:o2:no_cut,10,instance_009,8,live/no_cut,2,no_cut,EXACT_CLOSED,0,0.851417,True,True,True,dfaedf6d273c5c56,1.83376,BPC_TREE_OPTIMAL,no_cut,37c44c29594e0b8b0ba429e5dd3cf7422c07ae17222bb31e16e31e57030d5e63,0,,0.004482,12.750648,/home/kai/work/GAT_BPC_moonTerk/runs/native_live_sri_v1_p0_frozen_paired_promotion_clean_v2_20260722/raw/scale_010/instance_009_logical_graph/repeat_08/2_no_cut/attempt_01
s010:instance_009:r09:o1:no_cut,10,instance_009,9,no_cut/live,1,no_cut,EXACT_CLOSED,0,0.829347,True,True,True,dfaedf6d273c5c56,1.83376,BPC_TREE_OPTIMAL,no_cut,37c44c29594e0b8b0ba429e5dd3cf7422c07ae17222bb31e16e31e57030d5e63,0,,0.004852,12.74995,/home/kai/work/GAT_BPC_moonTerk/runs/native_live_sri_v1_p0_frozen_paired_promotion_clean_v2_20260722/raw/scale_010/instance_009_logical_graph/repeat_09/1_no_cut/attempt_01
s010:instance_009:r09:o2:live,10,instance_009,9,no_cut/live,2,live,EXACT_CLOSED,0,0.829847,True,True,True,dfaedf6d273c5c56,1.83376,BPC_TREE_OPTIMAL,P0,9f0e7c4f7e2cab50267e197d55a17950aeee35aad388e47448f24873a7e92ba1,0,,0.004696,12.74609,/home/kai/work/GAT_BPC_moonTerk/runs/native_live_sri_v1_p0_frozen_paired_promotion_clean_v2_20260722/raw/scale_010/instance_009_logical_graph/repeat_09/2_live/attempt_01
s010:instance_009:r10:o1:live,10,instance_009,10,live/no_cut,1,live,EXACT_CLOSED,0,0.846694,True,True,True,dfaedf6d273c5c56,1.83376,BPC_TREE_OPTIMAL,P0,9f0e7c4f7e2cab50267e197d55a17950aeee35aad388e47448f24873a7e92ba1,0,,0.004459,12.749748,/home/kai/work/GAT_BPC_moonTerk/runs/native_live_sri_v1_p0_frozen_paired_promotion_clean_v2_20260722/raw/scale_010/instance_009_logical_graph/repeat_10/1_live/attempt_01
s010:instance_009:r10:o2:no_cut,10,instance_009,10,live/no_cut,2,no_cut,EXACT_CLOSED,0,0.834435,True,True,True,dfaedf6d273c5c56,1.83376,BPC_TREE_OPTIMAL,no_cut,37c44c29594e0b8b0ba429e5dd3cf7422c07ae17222bb31e16e31e57030d5e63,0,,0.004646,12.746819,/home/kai/work/GAT_BPC_moonTerk/runs/native_live_sri_v1_p0_frozen_paired_promotion_clean_v2_20260722/raw/scale_010/instance_009_logical_graph/repeat_10/2_no_cut/attempt_01
s010:instance_010:r01:o1:live,10,instance_010,1,live/no_cut,1,live,EXACT_CLOSED,0,1.102805,True,True,True,dfaedf6d273c5c56,1.767861,BPC_TREE_OPTIMAL,P0,9f0e7c4f7e2cab50267e197d55a17950aeee35aad388e47448f24873a7e92ba1,0,,0.006325,12.75206,/home/kai/work/GAT_BPC_moonTerk/runs/native_live_sri_v1_p0_frozen_paired_promotion_clean_v2_20260722/raw/scale_010/instance_010_logical_graph/repeat_01/1_live/attempt_01
s010:instance_010:r01:o2:no_cut,10,instance_010,1,live/no_cut,2,no_cut,EXACT_CLOSED,0,1.113347,True,True,True,dfaedf6d273c5c56,1.767861,BPC_TREE_OPTIMAL,no_cut,37c44c29594e0b8b0ba429e5dd3cf7422c07ae17222bb31e16e31e57030d5e63,0,,0.006107,12.753284,/home/kai/work/GAT_BPC_moonTerk/runs/native_live_sri_v1_p0_frozen_paired_promotion_clean_v2_20260722/raw/scale_010/instance_010_logical_graph/repeat_01/2_no_cut/attempt_01
s010:instance_010:r02:o1:no_cut,10,instance_010,2,no_cut/live,1,no_cut,EXACT_CLOSED,0,1.08018,True,True,True,dfaedf6d273c5c56,1.767861,BPC_TREE_OPTIMAL,no_cut,37c44c29594e0b8b0ba429e5dd3cf7422c07ae17222bb31e16e31e57030d5e63,0,,0.004387,12.744827,/home/kai/work/GAT_BPC_moonTerk/runs/native_live_sri_v1_p0_frozen_paired_promotion_clean_v2_20260722/raw/scale_010/instance_010_logical_graph/repeat_02/1_no_cut/attempt_01
s010:instance_010:r02:o2:live,10,instance_010,2,no_cut/live,2,live,EXACT_CLOSED,0,1.104556,True,True,True,dfaedf6d273c5c56,1.767861,BPC_TREE_OPTIMAL,P0,9f0e7c4f7e2cab50267e197d55a17950aeee35aad388e47448f24873a7e92ba1,0,,0.004776,12.753242,/home/kai/work/GAT_BPC_moonTerk/runs/native_live_sri_v1_p0_frozen_paired_promotion_clean_v2_20260722/raw/scale_010/instance_010_logical_graph/repeat_02/2_live/attempt_01
s010:instance_010:r03:o1:live,10,instance_010,3,live/no_cut,1,live,EXACT_CLOSED,0,1.089687,True,True,True,dfaedf6d273c5c56,1.767861,BPC_TREE_OPTIMAL,P0,9f0e7c4f7e2cab50267e197d55a17950aeee35aad388e47448f24873a7e92ba1,0,,0.004547,12.747677,/home/kai/work/GAT_BPC_moonTerk/runs/native_live_sri_v1_p0_frozen_paired_promotion_clean_v2_20260722/raw/scale_010/instance_010_logical_graph/repeat_03/1_live/attempt_01
s010:instance_010:r03:o2:no_cut,10,instance_010,3,live/no_cut,2,no_cut,EXACT_CLOSED,0,1.104165,True,True,True,dfaedf6d273c5c56,1.767861,BPC_TREE_OPTIMAL,no_cut,37c44c29594e0b8b0ba429e5dd3cf7422c07ae17222bb31e16e31e57030d5e63,0,,0.004738,12.757679,/home/kai/work/GAT_BPC_moonTerk/runs/native_live_sri_v1_p0_frozen_paired_promotion_clean_v2_20260722/raw/scale_010/instance_010_logical_graph/repeat_03/2_no_cut/attempt_01
s010:instance_010:r04:o1:no_cut,10,instance_010,4,no_cut/live,1,no_cut,EXACT_CLOSED,0,1.089766,True,True,True,dfaedf6d273c5c56,1.767861,BPC_TREE_OPTIMAL,no_cut,37c44c29594e0b8b0ba429e5dd3cf7422c07ae17222bb31e16e31e57030d5e63,0,,0.004738,12.755146,/home/kai/work/GAT_BPC_moonTerk/runs/native_live_sri_v1_p0_frozen_paired_promotion_clean_v2_20260722/raw/scale_010/instance_010_logical_graph/repeat_04/1_no_cut/attempt_01
s010:instance_010:r04:o2:live,10,instance_010,4,no_cut/live,2,live,EXACT_CLOSED,0,1.095155,True,True,True,dfaedf6d273c5c56,1.767861,BPC_TREE_OPTIMAL,P0,9f0e7c4f7e2cab50267e197d55a17950aeee35aad388e47448f24873a7e92ba1,0,,0.004559,12.751869,/home/kai/work/GAT_BPC_moonTerk/runs/native_live_sri_v1_p0_frozen_paired_promotion_clean_v2_20260722/raw/scale_010/instance_010_logical_graph/repeat_04/2_live/attempt_01
s010:instance_010:r05:o1:live,10,instance_010,5,live/no_cut,1,live,EXACT_CLOSED,0,1.132809,True,True,True,dfaedf6d273c5c56,1.767861,BPC_TREE_OPTIMAL,P0,9f0e7c4f7e2cab50267e197d55a17950aeee35aad388e47448f24873a7e92ba1,0,,0.004372,12.750954,/home/kai/work/GAT_BPC_moonTerk/runs/native_live_sri_v1_p0_frozen_paired_promotion_clean_v2_20260722/raw/scale_010/instance_010_logical_graph/repeat_05/1_live/attempt_01
s010:instance_010:r05:o2:no_cut,10,instance_010,5,live/no_cut,2,no_cut,EXACT_CLOSED,0,1.099818,True,True,True,dfaedf6d273c5c56,1.767861,BPC_TREE_OPTIMAL,no_cut,37c44c29594e0b8b0ba429e5dd3cf7422c07ae17222bb31e16e31e57030d5e63,0,,0.004574,12.744862,/home/kai/work/GAT_BPC_moonTerk/runs/native_live_sri_v1_p0_frozen_paired_promotion_clean_v2_20260722/raw/scale_010/instance_010_logical_graph/repeat_05/2_no_cut/attempt_01
s010:instance_010:r06:o1:no_cut,10,instance_010,6,no_cut/live,1,no_cut,EXACT_CLOSED,0,1.136306,True,True,True,dfaedf6d273c5c56,1.767861,BPC_TREE_OPTIMAL,no_cut,37c44c29594e0b8b0ba429e5dd3cf7422c07ae17222bb31e16e31e57030d5e63,0,,0.004433,12.74765,/home/kai/work/GAT_BPC_moonTerk/runs/native_live_sri_v1_p0_frozen_paired_promotion_clean_v2_20260722/raw/scale_010/instance_010_logical_graph/repeat_06/1_no_cut/attempt_01
s010:instance_010:r06:o2:live,10,instance_010,6,no_cut/live,2,live,EXACT_CLOSED,0,1.094428,True,True,True,dfaedf6d273c5c56,1.767861,BPC_TREE_OPTIMAL,P0,9f0e7c4f7e2cab50267e197d55a17950aeee35aad388e47448f24873a7e92ba1,0,,0.005634,12.744461,/home/kai/work/GAT_BPC_moonTerk/runs/native_live_sri_v1_p0_frozen_paired_promotion_clean_v2_20260722/raw/scale_010/instance_010_logical_graph/repeat_06/2_live/attempt_01
s010:instance_010:r07:o1:live,10,instance_010,7,live/no_cut,1,live,EXACT_CLOSED,0,1.115753,True,True,True,dfaedf6d273c5c56,1.767861,BPC_TREE_OPTIMAL,P0,9f0e7c4f7e2cab50267e197d55a17950aeee35aad388e47448f24873a7e92ba1,0,,0.004597,12.741631,/home/kai/work/GAT_BPC_moonTerk/runs/native_live_sri_v1_p0_frozen_paired_promotion_clean_v2_20260722/raw/scale_010/instance_010_logical_graph/repeat_07/1_live/attempt_01
s010:instance_010:r07:o2:no_cut,10,instance_010,7,live/no_cut,2,no_cut,EXACT_CLOSED,0,1.091143,True,True,True,dfaedf6d273c5c56,1.767861,BPC_TREE_OPTIMAL,no_cut,37c44c29594e0b8b0ba429e5dd3cf7422c07ae17222bb31e16e31e57030d5e63,0,,0.004837,12.742359,/home/kai/work/GAT_BPC_moonTerk/runs/native_live_sri_v1_p0_frozen_paired_promotion_clean_v2_20260722/raw/scale_010/instance_010_logical_graph/repeat_07/2_no_cut/attempt_01
s010:instance_010:r08:o1:no_cut,10,instance_010,8,no_cut/live,1,no_cut,EXACT_CLOSED,0,1.104524,True,True,True,dfaedf6d273c5c56,1.767861,BPC_TREE_OPTIMAL,no_cut,37c44c29594e0b8b0ba429e5dd3cf7422c07ae17222bb31e16e31e57030d5e63,0,,0.004482,12.743172,/home/kai/work/GAT_BPC_moonTerk/runs/native_live_sri_v1_p0_frozen_paired_promotion_clean_v2_20260722/raw/scale_010/instance_010_logical_graph/repeat_08/1_no_cut/attempt_01
s010:instance_010:r08:o2:live,10,instance_010,8,no_cut/live,2,live,EXACT_CLOSED,0,1.09356,True,True,True,dfaedf6d273c5c56,1.767861,BPC_TREE_OPTIMAL,P0,9f0e7c4f7e2cab50267e197d55a17950aeee35aad388e47448f24873a7e92ba1,0,,0.004581,12.736267,/home/kai/work/GAT_BPC_moonTerk/runs/native_live_sri_v1_p0_frozen_paired_promotion_clean_v2_20260722/raw/scale_010/instance_010_logical_graph/repeat_08/2_live/attempt_01
s010:instance_010:r09:o1:live,10,instance_010,9,live/no_cut,1,live,EXACT_CLOSED,0,1.10803,True,True,True,dfaedf6d273c5c56,1.767861,BPC_TREE_OPTIMAL,P0,9f0e7c4f7e2cab50267e197d55a17950aeee35aad388e47448f24873a7e92ba1,0,,0.004784,12.739475,/home/kai/work/GAT_BPC_moonTerk/runs/native_live_sri_v1_p0_frozen_paired_promotion_clean_v2_20260722/raw/scale_010/instance_010_logical_graph/repeat_09/1_live/attempt_01
s010:instance_010:r09:o2:no_cut,10,instance_010,9,live/no_cut,2,no_cut,EXACT_CLOSED,0,1.09078,True,True,True,dfaedf6d273c5c56,1.767861,BPC_TREE_OPTIMAL,no_cut,37c44c29594e0b8b0ba429e5dd3cf7422c07ae17222bb31e16e31e57030d5e63,0,,0.004429,12.735756,/home/kai/work/GAT_BPC_moonTerk/runs/native_live_sri_v1_p0_frozen_paired_promotion_clean_v2_20260722/raw/scale_010/instance_010_logical_graph/repeat_09/2_no_cut/attempt_01
s010:instance_010:r10:o1:no_cut,10,instance_010,10,no_cut/live,1,no_cut,EXACT_CLOSED,0,1.084398,True,True,True,dfaedf6d273c5c56,1.767861,BPC_TREE_OPTIMAL,no_cut,37c44c29594e0b8b0ba429e5dd3cf7422c07ae17222bb31e16e31e57030d5e63,0,,0.004391,12.735531,/home/kai/work/GAT_BPC_moonTerk/runs/native_live_sri_v1_p0_frozen_paired_promotion_clean_v2_20260722/raw/scale_010/instance_010_logical_graph/repeat_10/1_no_cut/attempt_01
s010:instance_010:r10:o2:live,10,instance_010,10,no_cut/live,2,live,EXACT_CLOSED,0,1.112698,True,True,True,dfaedf6d273c5c56,1.767861,BPC_TREE_OPTIMAL,P0,9f0e7c4f7e2cab50267e197d55a17950aeee35aad388e47448f24873a7e92ba1,0,,0.004539,12.728119,/home/kai/work/GAT_BPC_moonTerk/runs/native_live_sri_v1_p0_frozen_paired_promotion_clean_v2_20260722/raw/scale_010/instance_010_logical_graph/repeat_10/2_live/attempt_01
s010:instance_011:r01:o1:no_cut,10,instance_011,1,no_cut/live,1,no_cut,EXACT_CLOSED,0,1.171794,True,True,True,dfaedf6d273c5c56,1.782366,BPC_TREE_OPTIMAL,no_cut,37c44c29594e0b8b0ba429e5dd3cf7422c07ae17222bb31e16e31e57030d5e63,0,,0.004543,12.731503,/home/kai/work/GAT_BPC_moonTerk/runs/native_live_sri_v1_p0_frozen_paired_promotion_clean_v2_20260722/raw/scale_010/instance_011_logical_graph/repeat_01/1_no_cut/attempt_01
s010:instance_011:r01:o2:live,10,instance_011,1,no_cut/live,2,live,EXACT_CLOSED,0,1.15305,True,True,True,dfaedf6d273c5c56,1.782366,BPC_TREE_OPTIMAL,P0,9f0e7c4f7e2cab50267e197d55a17950aeee35aad388e47448f24873a7e92ba1,0,,0.004608,12.73048,/home/kai/work/GAT_BPC_moonTerk/runs/native_live_sri_v1_p0_frozen_paired_promotion_clean_v2_20260722/raw/scale_010/instance_011_logical_graph/repeat_01/2_live/attempt_01
s010:instance_011:r02:o1:live,10,instance_011,2,live/no_cut,1,live,EXACT_CLOSED,0,1.172871,True,True,True,dfaedf6d273c5c56,1.782366,BPC_TREE_OPTIMAL,P0,9f0e7c4f7e2cab50267e197d55a17950aeee35aad388e47448f24873a7e92ba1,0,,0.004425,12.729473,/home/kai/work/GAT_BPC_moonTerk/runs/native_live_sri_v1_p0_frozen_paired_promotion_clean_v2_20260722/raw/scale_010/instance_011_logical_graph/repeat_02/1_live/attempt_01
s010:instance_011:r02:o2:no_cut,10,instance_011,2,live/no_cut,2,no_cut,EXACT_CLOSED,0,1.162954,True,True,True,dfaedf6d273c5c56,1.782366,BPC_TREE_OPTIMAL,no_cut,37c44c29594e0b8b0ba429e5dd3cf7422c07ae17222bb31e16e31e57030d5e63,0,,0.004524,12.728619,/home/kai/work/GAT_BPC_moonTerk/runs/native_live_sri_v1_p0_frozen_paired_promotion_clean_v2_20260722/raw/scale_010/instance_011_logical_graph/repeat_02/2_no_cut/attempt_01
s010:instance_011:r03:o1:no_cut,10,instance_011,3,no_cut/live,1,no_cut,EXACT_CLOSED,0,1.16937,True,True,True,dfaedf6d273c5c56,1.782366,BPC_TREE_OPTIMAL,no_cut,37c44c29594e0b8b0ba429e5dd3cf7422c07ae17222bb31e16e31e57030d5e63,0,,0.004612,12.733391,/home/kai/work/GAT_BPC_moonTerk/runs/native_live_sri_v1_p0_frozen_paired_promotion_clean_v2_20260722/raw/scale_010/instance_011_logical_graph/repeat_03/1_no_cut/attempt_01
s010:instance_011:r03:o2:live,10,instance_011,3,no_cut/live,2,live,EXACT_CLOSED,0,1.159902,True,True,True,dfaedf6d273c5c56,1.782366,BPC_TREE_OPTIMAL,P0,9f0e7c4f7e2cab50267e197d55a17950aeee35aad388e47448f24873a7e92ba1,0,,0.004501,12.735409,/home/kai/work/GAT_BPC_moonTerk/runs/native_live_sri_v1_p0_frozen_paired_promotion_clean_v2_20260722/raw/scale_010/instance_011_logical_graph/repeat_03/2_live/attempt_01
s010:instance_011:r04:o1:live,10,instance_011,4,live/no_cut,1,live,EXACT_CLOSED,0,1.1826,True,True,True,dfaedf6d273c5c56,1.782366,BPC_TREE_OPTIMAL,P0,9f0e7c4f7e2cab50267e197d55a17950aeee35aad388e47448f24873a7e92ba1,0,,0.005241,12.730228,/home/kai/work/GAT_BPC_moonTerk/runs/native_live_sri_v1_p0_frozen_paired_promotion_clean_v2_20260722/raw/scale_010/instance_011_logical_graph/repeat_04/1_live/attempt_01
s010:instance_011:r04:o2:no_cut,10,instance_011,4,live/no_cut,2,no_cut,EXACT_CLOSED,0,1.158394,True,True,True,dfaedf6d273c5c56,1.782366,BPC_TREE_OPTIMAL,no_cut,37c44c29594e0b8b0ba429e5dd3cf7422c07ae17222bb31e16e31e57030d5e63,0,,0.004528,12.735157,/home/kai/work/GAT_BPC_moonTerk/runs/native_live_sri_v1_p0_frozen_paired_promotion_clean_v2_20260722/raw/scale_010/instance_011_logical_graph/repeat_04/2_no_cut/attempt_01
s010:instance_011:r05:o1:no_cut,10,instance_011,5,no_cut/live,1,no_cut,EXACT_CLOSED,0,1.184404,True,True,True,dfaedf6d273c5c56,1.782366,BPC_TREE_OPTIMAL,no_cut,37c44c29594e0b8b0ba429e5dd3cf7422c07ae17222bb31e16e31e57030d5e63,0,,0.004475,12.72459,/home/kai/work/GAT_BPC_moonTerk/runs/native_live_sri_v1_p0_frozen_paired_promotion_clean_v2_20260722/raw/scale_010/instance_011_logical_graph/repeat_05/1_no_cut/attempt_01
s010:instance_011:r05:o2:live,10,instance_011,5,no_cut/live,2,live,EXACT_CLOSED,0,1.188488,True,True,True,dfaedf6d273c5c56,1.782366,BPC_TREE_OPTIMAL,P0,9f0e7c4f7e2cab50267e197d55a17950aeee35aad388e47448f24873a7e92ba1,0,,0.004459,12.734386,/home/kai/work/GAT_BPC_moonTerk/runs/native_live_sri_v1_p0_frozen_paired_promotion_clean_v2_20260722/raw/scale_010/instance_011_logical_graph/repeat_05/2_live/attempt_01
s010:instance_011:r06:o1:live,10,instance_011,6,live/no_cut,1,live,EXACT_CLOSED,0,1.153257,True,True,True,dfaedf6d273c5c56,1.782366,BPC_TREE_OPTIMAL,P0,9f0e7c4f7e2cab50267e197d55a17950aeee35aad388e47448f24873a7e92ba1,0,,0.004486,12.735092,/home/kai/work/GAT_BPC_moonTerk/runs/native_live_sri_v1_p0_frozen_paired_promotion_clean_v2_20260722/raw/scale_010/instance_011_logical_graph/repeat_06/1_live/attempt_01
s010:instance_011:r06:o2:no_cut,10,instance_011,6,live/no_cut,2,no_cut,EXACT_CLOSED,0,1.164543,True,True,True,dfaedf6d273c5c56,1.782366,BPC_TREE_OPTIMAL,no_cut,37c44c29594e0b8b0ba429e5dd3cf7422c07ae17222bb31e16e31e57030d5e63,0,,0.00449,12.735474,/home/kai/work/GAT_BPC_moonTerk/runs/native_live_sri_v1_p0_frozen_paired_promotion_clean_v2_20260722/raw/scale_010/instance_011_logical_graph/repeat_06/2_no_cut/attempt_01
s010:instance_011:r07:o1:no_cut,10,instance_011,7,no_cut/live,1,no_cut,EXACT_CLOSED,0,1.149321,True,True,True,dfaedf6d273c5c56,1.782366,BPC_TREE_OPTIMAL,no_cut,37c44c29594e0b8b0ba429e5dd3cf7422c07ae17222bb31e16e31e57030d5e63,0,,0.004368,12.731407,/home/kai/work/GAT_BPC_moonTerk/runs/native_live_sri_v1_p0_frozen_paired_promotion_clean_v2_20260722/raw/scale_010/instance_011_logical_graph/repeat_07/1_no_cut/attempt_01
s010:instance_011:r07:o2:live,10,instance_011,7,no_cut/live,2,live,EXACT_CLOSED,0,1.164928,True,True,True,dfaedf6d273c5c56,1.782366,BPC_TREE_OPTIMAL,P0,9f0e7c4f7e2cab50267e197d55a17950aeee35aad388e47448f24873a7e92ba1,0,,0.004372,12.73225,/home/kai/work/GAT_BPC_moonTerk/runs/native_live_sri_v1_p0_frozen_paired_promotion_clean_v2_20260722/raw/scale_010/instance_011_logical_graph/repeat_07/2_live/attempt_01
s010:instance_011:r08:o1:live,10,instance_011,8,live/no_cut,1,live,EXACT_CLOSED,0,1.174253,True,True,True,dfaedf6d273c5c56,1.782366,BPC_TREE_OPTIMAL,P0,9f0e7c4f7e2cab50267e197d55a17950aeee35aad388e47448f24873a7e92ba1,0,,0.004433,12.73418,/home/kai/work/GAT_BPC_moonTerk/runs/native_live_sri_v1_p0_frozen_paired_promotion_clean_v2_20260722/raw/scale_010/instance_011_logical_graph/repeat_08/1_live/attempt_01
s010:instance_011:r08:o2:no_cut,10,instance_011,8,live/no_cut,2,no_cut,EXACT_CLOSED,0,1.160744,True,True,True,dfaedf6d273c5c56,1.782366,BPC_TREE_OPTIMAL,no_cut,37c44c29594e0b8b0ba429e5dd3cf7422c07ae17222bb31e16e31e57030d5e63,0,,0.004585,12.737438,/home/kai/work/GAT_BPC_moonTerk/runs/native_live_sri_v1_p0_frozen_paired_promotion_clean_v2_20260722/raw/scale_010/instance_011_logical_graph/repeat_08/2_no_cut/attempt_01
s010:instance_011:r09:o1:no_cut,10,instance_011,9,no_cut/live,1,no_cut,EXACT_CLOSED,0,1.142012,True,True,True,dfaedf6d273c5c56,1.782366,BPC_TREE_OPTIMAL,no_cut,37c44c29594e0b8b0ba429e5dd3cf7422c07ae17222bb31e16e31e57030d5e63,0,,0.00478,12.728535,/home/kai/work/GAT_BPC_moonTerk/runs/native_live_sri_v1_p0_frozen_paired_promotion_clean_v2_20260722/raw/scale_010/instance_011_logical_graph/repeat_09/1_no_cut/attempt_01
s010:instance_011:r09:o2:live,10,instance_011,9,no_cut/live,2,live,EXACT_CLOSED,0,1.176413,True,True,True,dfaedf6d273c5c56,1.782366,BPC_TREE_OPTIMAL,P0,9f0e7c4f7e2cab50267e197d55a17950aeee35aad388e47448f24873a7e92ba1,0,,0.004539,12.732658,/home/kai/work/GAT_BPC_moonTerk/runs/native_live_sri_v1_p0_frozen_paired_promotion_clean_v2_20260722/raw/scale_010/instance_011_logical_graph/repeat_09/2_live/attempt_01
s010:instance_011:r10:o1:live,10,instance_011,10,live/no_cut,1,live,EXACT_CLOSED,0,1.174009,True,True,True,dfaedf6d273c5c56,1.782366,BPC_TREE_OPTIMAL,P0,9f0e7c4f7e2cab50267e197d55a17950aeee35aad388e47448f24873a7e92ba1,0,,0.004559,12.736954,/home/kai/work/GAT_BPC_moonTerk/runs/native_live_sri_v1_p0_frozen_paired_promotion_clean_v2_20260722/raw/scale_010/instance_011_logical_graph/repeat_10/1_live/attempt_01
s010:instance_011:r10:o2:no_cut,10,instance_011,10,live/no_cut,2,no_cut,EXACT_CLOSED,0,1.153444,True,True,True,dfaedf6d273c5c56,1.782366,BPC_TREE_OPTIMAL,no_cut,37c44c29594e0b8b0ba429e5dd3cf7422c07ae17222bb31e16e31e57030d5e63,0,,0.004604,12.727261,/home/kai/work/GAT_BPC_moonTerk/runs/native_live_sri_v1_p0_frozen_paired_promotion_clean_v2_20260722/raw/scale_010/instance_011_logical_graph/repeat_10/2_no_cut/attempt_01
s010:instance_012:r01:o1:live,10,instance_012,1,live/no_cut,1,live,EXACT_CLOSED,0,0.74994,True,True,True,dfaedf6d273c5c56,1.999817,BPC_TREE_OPTIMAL,P0,9f0e7c4f7e2cab50267e197d55a17950aeee35aad388e47448f24873a7e92ba1,0,,0.004517,12.731102,/home/kai/work/GAT_BPC_moonTerk/runs/native_live_sri_v1_p0_frozen_paired_promotion_clean_v2_20260722/raw/scale_010/instance_012_logical_graph/repeat_01/1_live/attempt_01
s010:instance_012:r01:o2:no_cut,10,instance_012,1,live/no_cut,2,no_cut,EXACT_CLOSED,0,0.73743,True,True,True,dfaedf6d273c5c56,1.999817,BPC_TREE_OPTIMAL,no_cut,37c44c29594e0b8b0ba429e5dd3cf7422c07ae17222bb31e16e31e57030d5e63,0,,0.00449,12.724545,/home/kai/work/GAT_BPC_moonTerk/runs/native_live_sri_v1_p0_frozen_paired_promotion_clean_v2_20260722/raw/scale_010/instance_012_logical_graph/repeat_01/2_no_cut/attempt_01
s010:instance_012:r02:o1:no_cut,10,instance_012,2,no_cut/live,1,no_cut,EXACT_CLOSED,0,0.744272,True,True,True,dfaedf6d273c5c56,1.999817,BPC_TREE_OPTIMAL,no_cut,37c44c29594e0b8b0ba429e5dd3cf7422c07ae17222bb31e16e31e57030d5e63,0,,0.004467,12.730953,/home/kai/work/GAT_BPC_moonTerk/runs/native_live_sri_v1_p0_frozen_paired_promotion_clean_v2_20260722/raw/scale_010/instance_012_logical_graph/repeat_02/1_no_cut/attempt_01
s010:instance_012:r02:o2:live,10,instance_012,2,no_cut/live,2,live,EXACT_CLOSED,0,0.737127,True,True,True,dfaedf6d273c5c56,1.999817,BPC_TREE_OPTIMAL,P0,9f0e7c4f7e2cab50267e197d55a17950aeee35aad388e47448f24873a7e92ba1,0,,0.004337,12.726845,/home/kai/work/GAT_BPC_moonTerk/runs/native_live_sri_v1_p0_frozen_paired_promotion_clean_v2_20260722/raw/scale_010/instance_012_logical_graph/repeat_02/2_live/attempt_01
s010:instance_012:r03:o1:live,10,instance_012,3,live/no_cut,1,live,EXACT_CLOSED,0,0.726866,True,True,True,dfaedf6d273c5c56,1.999817,BPC_TREE_OPTIMAL,P0,9f0e7c4f7e2cab50267e197d55a17950aeee35aad388e47448f24873a7e92ba1,0,,0.004475,12.729218,/home/kai/work/GAT_BPC_moonTerk/runs/native_live_sri_v1_p0_frozen_paired_promotion_clean_v2_20260722/raw/scale_010/instance_012_logical_graph/repeat_03/1_live/attempt_01
s010:instance_012:r03:o2:no_cut,10,instance_012,3,live/no_cut,2,no_cut,EXACT_CLOSED,0,0.73688,True,True,True,dfaedf6d273c5c56,1.999817,BPC_TREE_OPTIMAL,no_cut,37c44c29594e0b8b0ba429e5dd3cf7422c07ae17222bb31e16e31e57030d5e63,0,,0.004913,12.728527,/home/kai/work/GAT_BPC_moonTerk/runs/native_live_sri_v1_p0_frozen_paired_promotion_clean_v2_20260722/raw/scale_010/instance_012_logical_graph/repeat_03/2_no_cut/attempt_01
s010:instance_012:r04:o1:no_cut,10,instance_012,4,no_cut/live,1,no_cut,EXACT_CLOSED,0,0.736202,True,True,True,dfaedf6d273c5c56,1.999817,BPC_TREE_OPTIMAL,no_cut,37c44c29594e0b8b0ba429e5dd3cf7422c07ae17222bb31e16e31e57030d5e63,0,,0.004738,12.730545,/home/kai/work/GAT_BPC_moonTerk/runs/native_live_sri_v1_p0_frozen_paired_promotion_clean_v2_20260722/raw/scale_010/instance_012_logical_graph/repeat_04/1_no_cut/attempt_01
s010:instance_012:r04:o2:live,10,instance_012,4,no_cut/live,2,live,EXACT_CLOSED,0,0.737508,True,True,True,dfaedf6d273c5c56,1.999817,BPC_TREE_OPTIMAL,P0,9f0e7c4f7e2cab50267e197d55a17950aeee35aad388e47448f24873a7e92ba1,0,,0.004776,12.735229,/home/kai/work/GAT_BPC_moonTerk/runs/native_live_sri_v1_p0_frozen_paired_promotion_clean_v2_20260722/raw/scale_010/instance_012_logical_graph/repeat_04/2_live/attempt_01
s010:instance_012:r05:o1:live,10,instance_012,5,live/no_cut,1,live,EXACT_CLOSED,0,0.715651,True,True,True,dfaedf6d273c5c56,1.999817,BPC_TREE_OPTIMAL,P0,9f0e7c4f7e2cab50267e197d55a17950aeee35aad388e47448f24873a7e92ba1,0,,0.00457,12.731693,/home/kai/work/GAT_BPC_moonTerk/runs/native_live_sri_v1_p0_frozen_paired_promotion_clean_v2_20260722/raw/scale_010/instance_012_logical_graph/repeat_05/1_live/attempt_01
s010:instance_012:r05:o2:no_cut,10,instance_012,5,live/no_cut,2,no_cut,EXACT_CLOSED,0,0.733232,True,True,True,dfaedf6d273c5c56,1.999817,BPC_TREE_OPTIMAL,no_cut,37c44c29594e0b8b0ba429e5dd3cf7422c07ae17222bb31e16e31e57030d5e63,0,,0.005497,12.732285,/home/kai/work/GAT_BPC_moonTerk/runs/native_live_sri_v1_p0_frozen_paired_promotion_clean_v2_20260722/raw/scale_010/instance_012_logical_graph/repeat_05/2_no_cut/attempt_01
s010:instance_012:r06:o1:no_cut,10,instance_012,6,no_cut/live,1,no_cut,EXACT_CLOSED,0,0.742354,True,True,True,dfaedf6d273c5c56,1.999817,BPC_TREE_OPTIMAL,no_cut,37c44c29594e0b8b0ba429e5dd3cf7422c07ae17222bb31e16e31e57030d5e63,0,,0.004887,12.734028,/home/kai/work/GAT_BPC_moonTerk/runs/native_live_sri_v1_p0_frozen_paired_promotion_clean_v2_20260722/raw/scale_010/instance_012_logical_graph/repeat_06/1_no_cut/attempt_01
s010:instance_012:r06:o2:live,10,instance_012,6,no_cut/live,2,live,EXACT_CLOSED,0,0.76152,True,True,True,dfaedf6d273c5c56,1.999817,BPC_TREE_OPTIMAL,P0,9f0e7c4f7e2cab50267e197d55a17950aeee35aad388e47448f24873a7e92ba1,0,,0.004662,12.727978,/home/kai/work/GAT_BPC_moonTerk/runs/native_live_sri_v1_p0_frozen_paired_promotion_clean_v2_20260722/raw/scale_010/instance_012_logical_graph/repeat_06/2_live/attempt_01
s010:instance_012:r07:o1:live,10,instance_012,7,live/no_cut,1,live,EXACT_CLOSED,0,0.748209,True,True,True,dfaedf6d273c5c56,1.999817,BPC_TREE_OPTIMAL,P0,9f0e7c4f7e2cab50267e197d55a17950aeee35aad388e47448f24873a7e92ba1,0,,0.004704,12.729145,/home/kai/work/GAT_BPC_moonTerk/runs/native_live_sri_v1_p0_frozen_paired_promotion_clean_v2_20260722/raw/scale_010/instance_012_logical_graph/repeat_07/1_live/attempt_01
s010:instance_012:r07:o2:no_cut,10,instance_012,7,live/no_cut,2,no_cut,EXACT_CLOSED,0,0.744976,True,True,True,dfaedf6d273c5c56,1.999817,BPC_TREE_OPTIMAL,no_cut,37c44c29594e0b8b0ba429e5dd3cf7422c07ae17222bb31e16e31e57030d5e63,0,,0.004646,12.733173,/home/kai/work/GAT_BPC_moonTerk/runs/native_live_sri_v1_p0_frozen_paired_promotion_clean_v2_20260722/raw/scale_010/instance_012_logical_graph/repeat_07/2_no_cut/attempt_01
s010:instance_012:r08:o1:no_cut,10,instance_012,8,no_cut/live,1,no_cut,EXACT_CLOSED,0,0.744876,True,True,True,dfaedf6d273c5c56,1.999817,BPC_TREE_OPTIMAL,no_cut,37c44c29594e0b8b0ba429e5dd3cf7422c07ae17222bb31e16e31e57030d5e63,0,,0.004837,12.731915,/home/kai/work/GAT_BPC_moonTerk/runs/native_live_sri_v1_p0_frozen_paired_promotion_clean_v2_20260722/raw/scale_010/instance_012_logical_graph/repeat_08/1_no_cut/attempt_01
s010:instance_012:r08:o2:live,10,instance_012,8,no_cut/live,2,live,EXACT_CLOSED,0,0.73063,True,True,True,dfaedf6d273c5c56,1.999817,BPC_TREE_OPTIMAL,P0,9f0e7c4f7e2cab50267e197d55a17950aeee35aad388e47448f24873a7e92ba1,0,,0.004772,12.734509,/home/kai/work/GAT_BPC_moonTerk/runs/native_live_sri_v1_p0_frozen_paired_promotion_clean_v2_20260722/raw/scale_010/instance_012_logical_graph/repeat_08/2_live/attempt_01
s010:instance_012:r09:o1:live,10,instance_012,9,live/no_cut,1,live,EXACT_CLOSED,0,0.745164,True,True,True,dfaedf6d273c5c56,1.999817,BPC_TREE_OPTIMAL,P0,9f0e7c4f7e2cab50267e197d55a17950aeee35aad388e47448f24873a7e92ba1,0,,0.004574,12.725639,/home/kai/work/GAT_BPC_moonTerk/runs/native_live_sri_v1_p0_frozen_paired_promotion_clean_v2_20260722/raw/scale_010/instance_012_logical_graph/repeat_09/1_live/attempt_01
s010:instance_012:r09:o2:no_cut,10,instance_012,9,live/no_cut,2,no_cut,EXACT_CLOSED,0,0.725605,True,True,True,dfaedf6d273c5c56,1.999817,BPC_TREE_OPTIMAL,no_cut,37c44c29594e0b8b0ba429e5dd3cf7422c07ae17222bb31e16e31e57030d5e63,0,,0.004467,12.725197,/home/kai/work/GAT_BPC_moonTerk/runs/native_live_sri_v1_p0_frozen_paired_promotion_clean_v2_20260722/raw/scale_010/instance_012_logical_graph/repeat_09/2_no_cut/attempt_01
s010:instance_012:r10:o1:no_cut,10,instance_012,10,no_cut/live,1,no_cut,EXACT_CLOSED,0,0.736599,True,True,True,dfaedf6d273c5c56,1.999817,BPC_TREE_OPTIMAL,no_cut,37c44c29594e0b8b0ba429e5dd3cf7422c07ae17222bb31e16e31e57030d5e63,0,,0.00452,12.729626,/home/kai/work/GAT_BPC_moonTerk/runs/native_live_sri_v1_p0_frozen_paired_promotion_clean_v2_20260722/raw/scale_010/instance_012_logical_graph/repeat_10/1_no_cut/attempt_01
s010:instance_012:r10:o2:live,10,instance_012,10,no_cut/live,2,live,EXACT_CLOSED,0,0.731936,True,True,True,dfaedf6d273c5c56,1.999817,BPC_TREE_OPTIMAL,P0,9f0e7c4f7e2cab50267e197d55a17950aeee35aad388e47448f24873a7e92ba1,0,,0.00441,12.727432,/home/kai/work/GAT_BPC_moonTerk/runs/native_live_sri_v1_p0_frozen_paired_promotion_clean_v2_20260722/raw/scale_010/instance_012_logical_graph/repeat_10/2_live/attempt_01
s010:instance_013:r01:o1:no_cut,10,instance_013,1,no_cut/live,1,no_cut,EXACT_CLOSED,0,1.032727,True,True,True,dfaedf6d273c5c56,2.01605,BPC_TREE_OPTIMAL,no_cut,37c44c29594e0b8b0ba429e5dd3cf7422c07ae17222bb31e16e31e57030d5e63,0,,0.005703,12.726784,/home/kai/work/GAT_BPC_moonTerk/runs/native_live_sri_v1_p0_frozen_paired_promotion_clean_v2_20260722/raw/scale_010/instance_013_logical_graph/repeat_01/1_no_cut/attempt_01
s010:instance_013:r01:o2:live,10,instance_013,1,no_cut/live,2,live,EXACT_CLOSED,0,1.057093,True,True,True,dfaedf6d273c5c56,2.01605,BPC_TREE_OPTIMAL,P0,9f0e7c4f7e2cab50267e197d55a17950aeee35aad388e47448f24873a7e92ba1,0,,0.004547,12.734798,/home/kai/work/GAT_BPC_moonTerk/runs/native_live_sri_v1_p0_frozen_paired_promotion_clean_v2_20260722/raw/scale_010/instance_013_logical_graph/repeat_01/2_live/attempt_01
s010:instance_013:r02:o1:live,10,instance_013,2,live/no_cut,1,live,EXACT_CLOSED,0,1.07182,True,True,True,dfaedf6d273c5c56,2.01605,BPC_TREE_OPTIMAL,P0,9f0e7c4f7e2cab50267e197d55a17950aeee35aad388e47448f24873a7e92ba1,0,,0.004372,12.729401,/home/kai/work/GAT_BPC_moonTerk/runs/native_live_sri_v1_p0_frozen_paired_promotion_clean_v2_20260722/raw/scale_010/instance_013_logical_graph/repeat_02/1_live/attempt_01
s010:instance_013:r02:o2:no_cut,10,instance_013,2,live/no_cut,2,no_cut,EXACT_CLOSED,0,1.050323,True,True,True,dfaedf6d273c5c56,2.01605,BPC_TREE_OPTIMAL,no_cut,37c44c29594e0b8b0ba429e5dd3cf7422c07ae17222bb31e16e31e57030d5e63,0,,0.005142,12.739597,/home/kai/work/GAT_BPC_moonTerk/runs/native_live_sri_v1_p0_frozen_paired_promotion_clean_v2_20260722/raw/scale_010/instance_013_logical_graph/repeat_02/2_no_cut/attempt_01
s010:instance_013:r03:o1:no_cut,10,instance_013,3,no_cut/live,1,no_cut,EXACT_CLOSED,0,1.071176,True,True,True,dfaedf6d273c5c56,2.01605,BPC_TREE_OPTIMAL,no_cut,37c44c29594e0b8b0ba429e5dd3cf7422c07ae17222bb31e16e31e57030d5e63,0,,0.004131,12.73024,/home/kai/work/GAT_BPC_moonTerk/runs/native_live_sri_v1_p0_frozen_paired_promotion_clean_v2_20260722/raw/scale_010/instance_013_logical_graph/repeat_03/1_no_cut/attempt_01
s010:instance_013:r03:o2:live,10,instance_013,3,no_cut/live,2,live,EXACT_CLOSED,0,1.0473,True,True,True,dfaedf6d273c5c56,2.01605,BPC_TREE_OPTIMAL,P0,9f0e7c4f7e2cab50267e197d55a17950aeee35aad388e47448f24873a7e92ba1,0,,0.005486,12.729328,/home/kai/work/GAT_BPC_moonTerk/runs/native_live_sri_v1_p0_frozen_paired_promotion_clean_v2_20260722/raw/scale_010/instance_013_logical_graph/repeat_03/2_live/attempt_01
s010:instance_013:r04:o1:live,10,instance_013,4,live/no_cut,1,live,EXACT_CLOSED,0,1.045514,True,True,True,dfaedf6d273c5c56,2.01605,BPC_TREE_OPTIMAL,P0,9f0e7c4f7e2cab50267e197d55a17950aeee35aad388e47448f24873a7e92ba1,0,,0.004627,12.731766,/home/kai/work/GAT_BPC_moonTerk/runs/native_live_sri_v1_p0_frozen_paired_promotion_clean_v2_20260722/raw/scale_010/instance_013_logical_graph/repeat_04/1_live/attempt_01
s010:instance_013:r04:o2:no_cut,10,instance_013,4,live/no_cut,2,no_cut,EXACT_CLOSED,0,1.068611,True,True,True,dfaedf6d273c5c56,2.01605,BPC_TREE_OPTIMAL,no_cut,37c44c29594e0b8b0ba429e5dd3cf7422c07ae17222bb31e16e31e57030d5e63,0,,0.004642,12.731705,/home/kai/work/GAT_BPC_moonTerk/runs/native_live_sri_v1_p0_frozen_paired_promotion_clean_v2_20260722/raw/scale_010/instance_013_logical_graph/repeat_04/2_no_cut/attempt_01
s010:instance_013:r05:o1:no_cut,10,instance_013,5,no_cut/live,1,no_cut,EXACT_CLOSED,0,1.045696,True,True,True,dfaedf6d273c5c56,2.01605,BPC_TREE_OPTIMAL,no_cut,37c44c29594e0b8b0ba429e5dd3cf7422c07ae17222bb31e16e31e57030d5e63,0,,0.00523,12.728275,/home/kai/work/GAT_BPC_moonTerk/runs/native_live_sri_v1_p0_frozen_paired_promotion_clean_v2_20260722/raw/scale_010/instance_013_logical_graph/repeat_05/1_no_cut/attempt_01
s010:instance_013:r05:o2:live,10,instance_013,5,no_cut/live,2,live,EXACT_CLOSED,0,1.04995,True,True,True,dfaedf6d273c5c56,2.01605,BPC_TREE_OPTIMAL,P0,9f0e7c4f7e2cab50267e197d55a17950aeee35aad388e47448f24873a7e92ba1,0,,0.006001,12.734272,/home/kai/work/GAT_BPC_moonTerk/runs/native_live_sri_v1_p0_frozen_paired_promotion_clean_v2_20260722/raw/scale_010/instance_013_logical_graph/repeat_05/2_live/attempt_01
s010:instance_013:r06:o1:live,10,instance_013,6,live/no_cut,1,live,EXACT_CLOSED,0,1.062461,True,True,True,dfaedf6d273c5c56,2.01605,BPC_TREE_OPTIMAL,P0,9f0e7c4f7e2cab50267e197d55a17950aeee35aad388e47448f24873a7e92ba1,0,,0.004364,12.731327,/home/kai/work/GAT_BPC_moonTerk/runs/native_live_sri_v1_p0_frozen_paired_promotion_clean_v2_20260722/raw/scale_010/instance_013_logical_graph/repeat_06/1_live/attempt_01
s010:instance_013:r06:o2:no_cut,10,instance_013,6,live/no_cut,2,no_cut,EXACT_CLOSED,0,1.056582,True,True,True,dfaedf6d273c5c56,2.01605,BPC_TREE_OPTIMAL,no_cut,37c44c29594e0b8b0ba429e5dd3cf7422c07ae17222bb31e16e31e57030d5e63,0,,0.004448,12.729877,/home/kai/work/GAT_BPC_moonTerk/runs/native_live_sri_v1_p0_frozen_paired_promotion_clean_v2_20260722/raw/scale_010/instance_013_logical_graph/repeat_06/2_no_cut/attempt_01
s010:instance_013:r07:o1:no_cut,10,instance_013,7,no_cut/live,1,no_cut,EXACT_CLOSED,0,1.056729,True,True,True,dfaedf6d273c5c56,2.01605,BPC_TREE_OPTIMAL,no_cut,37c44c29594e0b8b0ba429e5dd3cf7422c07ae17222bb31e16e31e57030d5e63,0,,0.004654,12.72493,/home/kai/work/GAT_BPC_moonTerk/runs/native_live_sri_v1_p0_frozen_paired_promotion_clean_v2_20260722/raw/scale_010/instance_013_logical_graph/repeat_07/1_no_cut/attempt_01
s010:instance_013:r07:o2:live,10,instance_013,7,no_cut/live,2,live,EXACT_CLOSED,0,1.049396,True,True,True,dfaedf6d273c5c56,2.01605,BPC_TREE_OPTIMAL,P0,9f0e7c4f7e2cab50267e197d55a17950aeee35aad388e47448f24873a7e92ba1,0,,0.004917,12.728691,/home/kai/work/GAT_BPC_moonTerk/runs/native_live_sri_v1_p0_frozen_paired_promotion_clean_v2_20260722/raw/scale_010/instance_013_logical_graph/repeat_07/2_live/attempt_01
s010:instance_013:r08:o1:live,10,instance_013,8,live/no_cut,1,live,EXACT_CLOSED,0,1.051126,True,True,True,dfaedf6d273c5c56,2.01605,BPC_TREE_OPTIMAL,P0,9f0e7c4f7e2cab50267e197d55a17950aeee35aad388e47448f24873a7e92ba1,0,,0.005287,12.72826,/home/kai/work/GAT_BPC_moonTerk/runs/native_live_sri_v1_p0_frozen_paired_promotion_clean_v2_20260722/raw/scale_010/instance_013_logical_graph/repeat_08/1_live/attempt_01
s010:instance_013:r08:o2:no_cut,10,instance_013,8,live/no_cut,2,no_cut,EXACT_CLOSED,0,1.059026,True,True,True,dfaedf6d273c5c56,2.01605,BPC_TREE_OPTIMAL,no_cut,37c44c29594e0b8b0ba429e5dd3cf7422c07ae17222bb31e16e31e57030d5e63,0,,0.004627,12.731091,/home/kai/work/GAT_BPC_moonTerk/runs/native_live_sri_v1_p0_frozen_paired_promotion_clean_v2_20260722/raw/scale_010/instance_013_logical_graph/repeat_08/2_no_cut/attempt_01
s010:instance_013:r09:o1:no_cut,10,instance_013,9,no_cut/live,1,no_cut,EXACT_CLOSED,0,1.040466,True,True,True,dfaedf6d273c5c56,2.01605,BPC_TREE_OPTIMAL,no_cut,37c44c29594e0b8b0ba429e5dd3cf7422c07ae17222bb31e16e31e57030d5e63,0,,0.004417,12.732059,/home/kai/work/GAT_BPC_moonTerk/runs/native_live_sri_v1_p0_frozen_paired_promotion_clean_v2_20260722/raw/scale_010/instance_013_logical_graph/repeat_09/1_no_cut/attempt_01
s010:instance_013:r09:o2:live,10,instance_013,9,no_cut/live,2,live,EXACT_CLOSED,0,1.039335,True,True,True,dfaedf6d273c5c56,2.01605,BPC_TREE_OPTIMAL,P0,9f0e7c4f7e2cab50267e197d55a17950aeee35aad388e47448f24873a7e92ba1,0,,0.004822,12.733742,/home/kai/work/GAT_BPC_moonTerk/runs/native_live_sri_v1_p0_frozen_paired_promotion_clean_v2_20260722/raw/scale_010/instance_013_logical_graph/repeat_09/2_live/attempt_01
s010:instance_013:r10:o1:live,10,instance_013,10,live/no_cut,1,live,EXACT_CLOSED,0,1.0271,True,True,True,dfaedf6d273c5c56,2.01605,BPC_TREE_OPTIMAL,P0,9f0e7c4f7e2cab50267e197d55a17950aeee35aad388e47448f24873a7e92ba1,0,,0.004509,12.729153,/home/kai/work/GAT_BPC_moonTerk/runs/native_live_sri_v1_p0_frozen_paired_promotion_clean_v2_20260722/raw/scale_010/instance_013_logical_graph/repeat_10/1_live/attempt_01
s010:instance_013:r10:o2:no_cut,10,instance_013,10,live/no_cut,2,no_cut,EXACT_CLOSED,0,1.083546,True,True,True,dfaedf6d273c5c56,2.01605,BPC_TREE_OPTIMAL,no_cut,37c44c29594e0b8b0ba429e5dd3cf7422c07ae17222bb31e16e31e57030d5e63,0,,0.00486,12.727036,/home/kai/work/GAT_BPC_moonTerk/runs/native_live_sri_v1_p0_frozen_paired_promotion_clean_v2_20260722/raw/scale_010/instance_013_logical_graph/repeat_10/2_no_cut/attempt_01
s010:instance_014:r01:o1:live,10,instance_014,1,live/no_cut,1,live,EXACT_CLOSED,0,0.801676,True,True,True,dfaedf6d273c5c56,2.088113,BPC_TREE_OPTIMAL,P0,9f0e7c4f7e2cab50267e197d55a17950aeee35aad388e47448f24873a7e92ba1,4,,0.004658,12.725052,/home/kai/work/GAT_BPC_moonTerk/runs/native_live_sri_v1_p0_frozen_paired_promotion_clean_v2_20260722/raw/scale_010/instance_014_logical_graph/repeat_01/1_live/attempt_01
s010:instance_014:r01:o2:no_cut,10,instance_014,1,live/no_cut,2,no_cut,EXACT_CLOSED,0,0.821703,True,True,True,dfaedf6d273c5c56,2.088113,BPC_TREE_OPTIMAL,no_cut,37c44c29594e0b8b0ba429e5dd3cf7422c07ae17222bb31e16e31e57030d5e63,0,,0.004257,12.731098,/home/kai/work/GAT_BPC_moonTerk/runs/native_live_sri_v1_p0_frozen_paired_promotion_clean_v2_20260722/raw/scale_010/instance_014_logical_graph/repeat_01/2_no_cut/attempt_01
s010:instance_014:r02:o1:no_cut,10,instance_014,2,no_cut/live,1,no_cut,EXACT_CLOSED,0,0.805581,True,True,True,dfaedf6d273c5c56,2.088113,BPC_TREE_OPTIMAL,no_cut,37c44c29594e0b8b0ba429e5dd3cf7422c07ae17222bb31e16e31e57030d5e63,0,,0.004517,12.726624,/home/kai/work/GAT_BPC_moonTerk/runs/native_live_sri_v1_p0_frozen_paired_promotion_clean_v2_20260722/raw/scale_010/instance_014_logical_graph/repeat_02/1_no_cut/attempt_01
s010:instance_014:r02:o2:live,10,instance_014,2,no_cut/live,2,live,EXACT_CLOSED,0,0.828355,True,True,True,dfaedf6d273c5c56,2.088113,BPC_TREE_OPTIMAL,P0,9f0e7c4f7e2cab50267e197d55a17950aeee35aad388e47448f24873a7e92ba1,4,,0.004726,12.730858,/home/kai/work/GAT_BPC_moonTerk/runs/native_live_sri_v1_p0_frozen_paired_promotion_clean_v2_20260722/raw/scale_010/instance_014_logical_graph/repeat_02/2_live/attempt_01
s010:instance_014:r03:o1:live,10,instance_014,3,live/no_cut,1,live,EXACT_CLOSED,0,0.801123,True,True,True,dfaedf6d273c5c56,2.088113,BPC_TREE_OPTIMAL,P0,9f0e7c4f7e2cab50267e197d55a17950aeee35aad388e47448f24873a7e92ba1,4,,0.004295,12.728451,/home/kai/work/GAT_BPC_moonTerk/runs/native_live_sri_v1_p0_frozen_paired_promotion_clean_v2_20260722/raw/scale_010/instance_014_logical_graph/repeat_03/1_live/attempt_01
s010:instance_014:r03:o2:no_cut,10,instance_014,3,live/no_cut,2,no_cut,EXACT_CLOSED,0,0.82113,True,True,True,dfaedf6d273c5c56,2.088113,BPC_TREE_OPTIMAL,no_cut,37c44c29594e0b8b0ba429e5dd3cf7422c07ae17222bb31e16e31e57030d5e63,0,,0.004574,12.723114,/home/kai/work/GAT_BPC_moonTerk/runs/native_live_sri_v1_p0_frozen_paired_promotion_clean_v2_20260722/raw/scale_010/instance_014_logical_graph/repeat_03/2_no_cut/attempt_01
s010:instance_014:r04:o1:no_cut,10,instance_014,4,no_cut/live,1,no_cut,EXACT_CLOSED,0,0.810618,True,True,True,dfaedf6d273c5c56,2.088113,BPC_TREE_OPTIMAL,no_cut,37c44c29594e0b8b0ba429e5dd3cf7422c07ae17222bb31e16e31e57030d5e63,0,,0.004745,12.731346,/home/kai/work/GAT_BPC_moonTerk/runs/native_live_sri_v1_p0_frozen_paired_promotion_clean_v2_20260722/raw/scale_010/instance_014_logical_graph/repeat_04/1_no_cut/attempt_01
s010:instance_014:r04:o2:live,10,instance_014,4,no_cut/live,2,live,EXACT_CLOSED,0,0.795265,True,True,True,dfaedf6d273c5c56,2.088113,BPC_TREE_OPTIMAL,P0,9f0e7c4f7e2cab50267e197d55a17950aeee35aad388e47448f24873a7e92ba1,4,,0.004486,12.725178,/home/kai/work/GAT_BPC_moonTerk/runs/native_live_sri_v1_p0_frozen_paired_promotion_clean_v2_20260722/raw/scale_010/instance_014_logical_graph/repeat_04/2_live/attempt_01
s010:instance_014:r05:o1:live,10,instance_014,5,live/no_cut,1,live,EXACT_CLOSED,0,0.82732,True,True,True,dfaedf6d273c5c56,2.088113,BPC_TREE_OPTIMAL,P0,9f0e7c4f7e2cab50267e197d55a17950aeee35aad388e47448f24873a7e92ba1,4,,0.005257,12.730148,/home/kai/work/GAT_BPC_moonTerk/runs/native_live_sri_v1_p0_frozen_paired_promotion_clean_v2_20260722/raw/scale_010/instance_014_logical_graph/repeat_05/1_live/attempt_01
s010:instance_014:r05:o2:no_cut,10,instance_014,5,live/no_cut,2,no_cut,EXACT_CLOSED,0,0.82346,True,True,True,dfaedf6d273c5c56,2.088113,BPC_TREE_OPTIMAL,no_cut,37c44c29594e0b8b0ba429e5dd3cf7422c07ae17222bb31e16e31e57030d5e63,0,,0.004349,12.723885,/home/kai/work/GAT_BPC_moonTerk/runs/native_live_sri_v1_p0_frozen_paired_promotion_clean_v2_20260722/raw/scale_010/instance_014_logical_graph/repeat_05/2_no_cut/attempt_01
s010:instance_014:r06:o1:no_cut,10,instance_014,6,no_cut/live,1,no_cut,EXACT_CLOSED,0,0.830023,True,True,True,dfaedf6d273c5c56,2.088113,BPC_TREE_OPTIMAL,no_cut,37c44c29594e0b8b0ba429e5dd3cf7422c07ae17222bb31e16e31e57030d5e63,0,,0.004433,12.72686,/home/kai/work/GAT_BPC_moonTerk/runs/native_live_sri_v1_p0_frozen_paired_promotion_clean_v2_20260722/raw/scale_010/instance_014_logical_graph/repeat_06/1_no_cut/attempt_01
s010:instance_014:r06:o2:live,10,instance_014,6,no_cut/live,2,live,EXACT_CLOSED,0,0.817838,True,True,True,dfaedf6d273c5c56,2.088113,BPC_TREE_OPTIMAL,P0,9f0e7c4f7e2cab50267e197d55a17950aeee35aad388e47448f24873a7e92ba1,4,,0.004604,12.724182,/home/kai/work/GAT_BPC_moonTerk/runs/native_live_sri_v1_p0_frozen_paired_promotion_clean_v2_20260722/raw/scale_010/instance_014_logical_graph/repeat_06/2_live/attempt_01
s010:instance_014:r07:o1:live,10,instance_014,7,live/no_cut,1,live,EXACT_CLOSED,0,0.825913,True,True,True,dfaedf6d273c5c56,2.088113,BPC_TREE_OPTIMAL,P0,9f0e7c4f7e2cab50267e197d55a17950aeee35aad388e47448f24873a7e92ba1,4,,0.004517,12.720299,/home/kai/work/GAT_BPC_moonTerk/runs/native_live_sri_v1_p0_frozen_paired_promotion_clean_v2_20260722/raw/scale_010/instance_014_logical_graph/repeat_07/1_live/attempt_01
s010:instance_014:r07:o2:no_cut,10,instance_014,7,live/no_cut,2,no_cut,EXACT_CLOSED,0,0.839177,True,True,True,dfaedf6d273c5c56,2.088113,BPC_TREE_OPTIMAL,no_cut,37c44c29594e0b8b0ba429e5dd3cf7422c07ae17222bb31e16e31e57030d5e63,0,,0.004665,12.732433,/home/kai/work/GAT_BPC_moonTerk/runs/native_live_sri_v1_p0_frozen_paired_promotion_clean_v2_20260722/raw/scale_010/instance_014_logical_graph/repeat_07/2_no_cut/attempt_01
s010:instance_014:r08:o1:no_cut,10,instance_014,8,no_cut/live,1,no_cut,EXACT_CLOSED,0,0.809706,True,True,True,dfaedf6d273c5c56,2.088113,BPC_TREE_OPTIMAL,no_cut,37c44c29594e0b8b0ba429e5dd3cf7422c07ae17222bb31e16e31e57030d5e63,0,,0.004608,12.726982,/home/kai/work/GAT_BPC_moonTerk/runs/native_live_sri_v1_p0_frozen_paired_promotion_clean_v2_20260722/raw/scale_010/instance_014_logical_graph/repeat_08/1_no_cut/attempt_01
s010:instance_014:r08:o2:live,10,instance_014,8,no_cut/live,2,live,EXACT_CLOSED,0,0.816756,True,True,True,dfaedf6d273c5c56,2.088113,BPC_TREE_OPTIMAL,P0,9f0e7c4f7e2cab50267e197d55a17950aeee35aad388e47448f24873a7e92ba1,4,,0.004421,12.720688,/home/kai/work/GAT_BPC_moonTerk/runs/native_live_sri_v1_p0_frozen_paired_promotion_clean_v2_20260722/raw/scale_010/instance_014_logical_graph/repeat_08/2_live/attempt_01
s010:instance_014:r09:o1:live,10,instance_014,9,live/no_cut,1,live,EXACT_CLOSED,0,0.799925,True,True,True,dfaedf6d273c5c56,2.088113,BPC_TREE_OPTIMAL,P0,9f0e7c4f7e2cab50267e197d55a17950aeee35aad388e47448f24873a7e92ba1,4,,0.004787,12.721996,/home/kai/work/GAT_BPC_moonTerk/runs/native_live_sri_v1_p0_frozen_paired_promotion_clean_v2_20260722/raw/scale_010/instance_014_logical_graph/repeat_09/1_live/attempt_01
s010:instance_014:r09:o2:no_cut,10,instance_014,9,live/no_cut,2,no_cut,EXACT_CLOSED,0,0.83038,True,True,True,dfaedf6d273c5c56,2.088113,BPC_TREE_OPTIMAL,no_cut,37c44c29594e0b8b0ba429e5dd3cf7422c07ae17222bb31e16e31e57030d5e63,0,,0.004513,12.721333,/home/kai/work/GAT_BPC_moonTerk/runs/native_live_sri_v1_p0_frozen_paired_promotion_clean_v2_20260722/raw/scale_010/instance_014_logical_graph/repeat_09/2_no_cut/attempt_01
s010:instance_014:r10:o1:no_cut,10,instance_014,10,no_cut/live,1,no_cut,EXACT_CLOSED,0,0.830688,True,True,True,dfaedf6d273c5c56,2.088113,BPC_TREE_OPTIMAL,no_cut,37c44c29594e0b8b0ba429e5dd3cf7422c07ae17222bb31e16e31e57030d5e63,0,,0.004822,12.723747,/home/kai/work/GAT_BPC_moonTerk/runs/native_live_sri_v1_p0_frozen_paired_promotion_clean_v2_20260722/raw/scale_010/instance_014_logical_graph/repeat_10/1_no_cut/attempt_01
s010:instance_014:r10:o2:live,10,instance_014,10,no_cut/live,2,live,EXACT_CLOSED,0,0.808506,True,True,True,dfaedf6d273c5c56,2.088113,BPC_TREE_OPTIMAL,P0,9f0e7c4f7e2cab50267e197d55a17950aeee35aad388e47448f24873a7e92ba1,4,,0.006416,12.73024,/home/kai/work/GAT_BPC_moonTerk/runs/native_live_sri_v1_p0_frozen_paired_promotion_clean_v2_20260722/raw/scale_010/instance_014_logical_graph/repeat_10/2_live/attempt_01
s010:instance_015:r01:o1:no_cut,10,instance_015,1,no_cut/live,1,no_cut,EXACT_CLOSED,0,0.871762,True,True,True,dfaedf6d273c5c56,2.02493,BPC_TREE_OPTIMAL,no_cut,37c44c29594e0b8b0ba429e5dd3cf7422c07ae17222bb31e16e31e57030d5e63,0,,0.004528,12.725899,/home/kai/work/GAT_BPC_moonTerk/runs/native_live_sri_v1_p0_frozen_paired_promotion_clean_v2_20260722/raw/scale_010/instance_015_logical_graph/repeat_01/1_no_cut/attempt_01
s010:instance_015:r01:o2:live,10,instance_015,1,no_cut/live,2,live,EXACT_CLOSED,0,0.864219,True,True,True,dfaedf6d273c5c56,2.02493,BPC_TREE_OPTIMAL,P0,9f0e7c4f7e2cab50267e197d55a17950aeee35aad388e47448f24873a7e92ba1,0,,0.004528,12.719624,/home/kai/work/GAT_BPC_moonTerk/runs/native_live_sri_v1_p0_frozen_paired_promotion_clean_v2_20260722/raw/scale_010/instance_015_logical_graph/repeat_01/2_live/attempt_01
s010:instance_015:r02:o1:live,10,instance_015,2,live/no_cut,1,live,EXACT_CLOSED,0,0.884026,True,True,True,dfaedf6d273c5c56,2.02493,BPC_TREE_OPTIMAL,P0,9f0e7c4f7e2cab50267e197d55a17950aeee35aad388e47448f24873a7e92ba1,0,,0.004608,12.719086,/home/kai/work/GAT_BPC_moonTerk/runs/native_live_sri_v1_p0_frozen_paired_promotion_clean_v2_20260722/raw/scale_010/instance_015_logical_graph/repeat_02/1_live/attempt_01
s010:instance_015:r02:o2:no_cut,10,instance_015,2,live/no_cut,2,no_cut,EXACT_CLOSED,0,0.893236,True,True,True,dfaedf6d273c5c56,2.02493,BPC_TREE_OPTIMAL,no_cut,37c44c29594e0b8b0ba429e5dd3cf7422c07ae17222bb31e16e31e57030d5e63,0,,0.004757,12.72076,/home/kai/work/GAT_BPC_moonTerk/runs/native_live_sri_v1_p0_frozen_paired_promotion_clean_v2_20260722/raw/scale_010/instance_015_logical_graph/repeat_02/2_no_cut/attempt_01
s010:instance_015:r03:o1:no_cut,10,instance_015,3,no_cut/live,1,no_cut,EXACT_CLOSED,0,0.881888,True,True,True,dfaedf6d273c5c56,2.02493,BPC_TREE_OPTIMAL,no_cut,37c44c29594e0b8b0ba429e5dd3cf7422c07ae17222bb31e16e31e57030d5e63,0,,0.006481,12.720074,/home/kai/work/GAT_BPC_moonTerk/runs/native_live_sri_v1_p0_frozen_paired_promotion_clean_v2_20260722/raw/scale_010/instance_015_logical_graph/repeat_03/1_no_cut/attempt_01
s010:instance_015:r03:o2:live,10,instance_015,3,no_cut/live,2,live,EXACT_CLOSED,0,0.886077,True,True,True,dfaedf6d273c5c56,2.02493,BPC_TREE_OPTIMAL,P0,9f0e7c4f7e2cab50267e197d55a17950aeee35aad388e47448f24873a7e92ba1,0,,0.004963,12.720753,/home/kai/work/GAT_BPC_moonTerk/runs/native_live_sri_v1_p0_frozen_paired_promotion_clean_v2_20260722/raw/scale_010/instance_015_logical_graph/repeat_03/2_live/attempt_01
s010:instance_015:r04:o1:live,10,instance_015,4,live/no_cut,1,live,EXACT_CLOSED,0,0.869957,True,True,True,dfaedf6d273c5c56,2.02493,BPC_TREE_OPTIMAL,P0,9f0e7c4f7e2cab50267e197d55a17950aeee35aad388e47448f24873a7e92ba1,0,,0.00478,12.722351,/home/kai/work/GAT_BPC_moonTerk/runs/native_live_sri_v1_p0_frozen_paired_promotion_clean_v2_20260722/raw/scale_010/instance_015_logical_graph/repeat_04/1_live/attempt_01
s010:instance_015:r04:o2:no_cut,10,instance_015,4,live/no_cut,2,no_cut,EXACT_CLOSED,0,0.89588,True,True,True,dfaedf6d273c5c56,2.02493,BPC_TREE_OPTIMAL,no_cut,37c44c29594e0b8b0ba429e5dd3cf7422c07ae17222bb31e16e31e57030d5e63,0,,0.004639,12.712833,/home/kai/work/GAT_BPC_moonTerk/runs/native_live_sri_v1_p0_frozen_paired_promotion_clean_v2_20260722/raw/scale_010/instance_015_logical_graph/repeat_04/2_no_cut/attempt_01
s010:instance_015:r05:o1:no_cut,10,instance_015,5,no_cut/live,1,no_cut,EXACT_CLOSED,0,0.890571,True,True,True,dfaedf6d273c5c56,2.02493,BPC_TREE_OPTIMAL,no_cut,37c44c29594e0b8b0ba429e5dd3cf7422c07ae17222bb31e16e31e57030d5e63,0,,0.00539,12.716492,/home/kai/work/GAT_BPC_moonTerk/runs/native_live_sri_v1_p0_frozen_paired_promotion_clean_v2_20260722/raw/scale_010/instance_015_logical_graph/repeat_05/1_no_cut/attempt_01
s010:instance_015:r05:o2:live,10,instance_015,5,no_cut/live,2,live,EXACT_CLOSED,0,0.866481,True,True,True,dfaedf6d273c5c56,2.02493,BPC_TREE_OPTIMAL,P0,9f0e7c4f7e2cab50267e197d55a17950aeee35aad388e47448f24873a7e92ba1,0,,0.004616,12.720028,/home/kai/work/GAT_BPC_moonTerk/runs/native_live_sri_v1_p0_frozen_paired_promotion_clean_v2_20260722/raw/scale_010/instance_015_logical_graph/repeat_05/2_live/attempt_01
s010:instance_015:r06:o1:live,10,instance_015,6,live/no_cut,1,live,EXACT_CLOSED,0,0.870212,True,True,True,dfaedf6d273c5c56,2.02493,BPC_TREE_OPTIMAL,P0,9f0e7c4f7e2cab50267e197d55a17950aeee35aad388e47448f24873a7e92ba1,0,,0.005966,12.713875,/home/kai/work/GAT_BPC_moonTerk/runs/native_live_sri_v1_p0_frozen_paired_promotion_clean_v2_20260722/raw/scale_010/instance_015_logical_graph/repeat_06/1_live/attempt_01
s010:instance_015:r06:o2:no_cut,10,instance_015,6,live/no_cut,2,no_cut,EXACT_CLOSED,0,0.864978,True,True,True,dfaedf6d273c5c56,2.02493,BPC_TREE_OPTIMAL,no_cut,37c44c29594e0b8b0ba429e5dd3cf7422c07ae17222bb31e16e31e57030d5e63,0,,0.004387,12.719559,/home/kai/work/GAT_BPC_moonTerk/runs/native_live_sri_v1_p0_frozen_paired_promotion_clean_v2_20260722/raw/scale_010/instance_015_logical_graph/repeat_06/2_no_cut/attempt_01
s010:instance_015:r07:o1:no_cut,10,instance_015,7,no_cut/live,1,no_cut,EXACT_CLOSED,0,0.883222,True,True,True,dfaedf6d273c5c56,2.02493,BPC_TREE_OPTIMAL,no_cut,37c44c29594e0b8b0ba429e5dd3cf7422c07ae17222bb31e16e31e57030d5e63,0,,0.004391,12.714214,/home/kai/work/GAT_BPC_moonTerk/runs/native_live_sri_v1_p0_frozen_paired_promotion_clean_v2_20260722/raw/scale_010/instance_015_logical_graph/repeat_07/1_no_cut/attempt_01
s010:instance_015:r07:o2:live,10,instance_015,7,no_cut/live,2,live,EXACT_CLOSED,0,0.87339,True,True,True,dfaedf6d273c5c56,2.02493,BPC_TREE_OPTIMAL,P0,9f0e7c4f7e2cab50267e197d55a17950aeee35aad388e47448f24873a7e92ba1,0,,0.004562,12.709427,/home/kai/work/GAT_BPC_moonTerk/runs/native_live_sri_v1_p0_frozen_paired_promotion_clean_v2_20260722/raw/scale_010/instance_015_logical_graph/repeat_07/2_live/attempt_01
s010:instance_015:r08:o1:live,10,instance_015,8,live/no_cut,1,live,EXACT_CLOSED,0,0.870067,True,True,True,dfaedf6d273c5c56,2.02493,BPC_TREE_OPTIMAL,P0,9f0e7c4f7e2cab50267e197d55a17950aeee35aad388e47448f24873a7e92ba1,0,,0.004436,12.717949,/home/kai/work/GAT_BPC_moonTerk/runs/native_live_sri_v1_p0_frozen_paired_promotion_clean_v2_20260722/raw/scale_010/instance_015_logical_graph/repeat_08/1_live/attempt_01
s010:instance_015:r08:o2:no_cut,10,instance_015,8,live/no_cut,2,no_cut,EXACT_CLOSED,0,0.878058,True,True,True,dfaedf6d273c5c56,2.02493,BPC_TREE_OPTIMAL,no_cut,37c44c29594e0b8b0ba429e5dd3cf7422c07ae17222bb31e16e31e57030d5e63,0,,0.004478,12.707447,/home/kai/work/GAT_BPC_moonTerk/runs/native_live_sri_v1_p0_frozen_paired_promotion_clean_v2_20260722/raw/scale_010/instance_015_logical_graph/repeat_08/2_no_cut/attempt_01
s010:instance_015:r09:o1:no_cut,10,instance_015,9,no_cut/live,1,no_cut,EXACT_CLOSED,0,0.863631,True,True,True,dfaedf6d273c5c56,2.02493,BPC_TREE_OPTIMAL,no_cut,37c44c29594e0b8b0ba429e5dd3cf7422c07ae17222bb31e16e31e57030d5e63,0,,0.00457,12.708374,/home/kai/work/GAT_BPC_moonTerk/runs/native_live_sri_v1_p0_frozen_paired_promotion_clean_v2_20260722/raw/scale_010/instance_015_logical_graph/repeat_09/1_no_cut/attempt_01
s010:instance_015:r09:o2:live,10,instance_015,9,no_cut/live,2,live,EXACT_CLOSED,0,0.866051,True,True,True,dfaedf6d273c5c56,2.02493,BPC_TREE_OPTIMAL,P0,9f0e7c4f7e2cab50267e197d55a17950aeee35aad388e47448f24873a7e92ba1,0,,0.004684,12.712196,/home/kai/work/GAT_BPC_moonTerk/runs/native_live_sri_v1_p0_frozen_paired_promotion_clean_v2_20260722/raw/scale_010/instance_015_logical_graph/repeat_09/2_live/attempt_01
s010:instance_015:r10:o1:live,10,instance_015,10,live/no_cut,1,live,EXACT_CLOSED,0,0.879396,True,True,True,dfaedf6d273c5c56,2.02493,BPC_TREE_OPTIMAL,P0,9f0e7c4f7e2cab50267e197d55a17950aeee35aad388e47448f24873a7e92ba1,0,,0.005047,12.713196,/home/kai/work/GAT_BPC_moonTerk/runs/native_live_sri_v1_p0_frozen_paired_promotion_clean_v2_20260722/raw/scale_010/instance_015_logical_graph/repeat_10/1_live/attempt_01
s010:instance_015:r10:o2:no_cut,10,instance_015,10,live/no_cut,2,no_cut,EXACT_CLOSED,0,0.873285,True,True,True,dfaedf6d273c5c56,2.02493,BPC_TREE_OPTIMAL,no_cut,37c44c29594e0b8b0ba429e5dd3cf7422c07ae17222bb31e16e31e57030d5e63,0,,0.004486,12.708214,/home/kai/work/GAT_BPC_moonTerk/runs/native_live_sri_v1_p0_frozen_paired_promotion_clean_v2_20260722/raw/scale_010/instance_015_logical_graph/repeat_10/2_no_cut/attempt_01
s010:instance_016:r01:o1:live,10,instance_016,1,live/no_cut,1,live,EXACT_CLOSED,0,0.735886,True,True,True,dfaedf6d273c5c56,1.9484,BPC_TREE_OPTIMAL,P0,9f0e7c4f7e2cab50267e197d55a17950aeee35aad388e47448f24873a7e92ba1,0,,0.005226,12.708073,/home/kai/work/GAT_BPC_moonTerk/runs/native_live_sri_v1_p0_frozen_paired_promotion_clean_v2_20260722/raw/scale_010/instance_016_logical_graph/repeat_01/1_live/attempt_01
s010:instance_016:r01:o2:no_cut,10,instance_016,1,live/no_cut,2,no_cut,EXACT_CLOSED,0,0.722806,True,True,True,dfaedf6d273c5c56,1.9484,BPC_TREE_OPTIMAL,no_cut,37c44c29594e0b8b0ba429e5dd3cf7422c07ae17222bb31e16e31e57030d5e63,0,,0.005291,12.714157,/home/kai/work/GAT_BPC_moonTerk/runs/native_live_sri_v1_p0_frozen_paired_promotion_clean_v2_20260722/raw/scale_010/instance_016_logical_graph/repeat_01/2_no_cut/attempt_01
s010:instance_016:r02:o1:no_cut,10,instance_016,2,no_cut/live,1,no_cut,EXACT_CLOSED,0,0.732524,True,True,True,dfaedf6d273c5c56,1.9484,BPC_TREE_OPTIMAL,no_cut,37c44c29594e0b8b0ba429e5dd3cf7422c07ae17222bb31e16e31e57030d5e63,0,,0.004398,12.716328,/home/kai/work/GAT_BPC_moonTerk/runs/native_live_sri_v1_p0_frozen_paired_promotion_clean_v2_20260722/raw/scale_010/instance_016_logical_graph/repeat_02/1_no_cut/attempt_01
s010:instance_016:r02:o2:live,10,instance_016,2,no_cut/live,2,live,EXACT_CLOSED,0,0.741237,True,True,True,dfaedf6d273c5c56,1.9484,BPC_TREE_OPTIMAL,P0,9f0e7c4f7e2cab50267e197d55a17950aeee35aad388e47448f24873a7e92ba1,0,,0.004803,12.713421,/home/kai/work/GAT_BPC_moonTerk/runs/native_live_sri_v1_p0_frozen_paired_promotion_clean_v2_20260722/raw/scale_010/instance_016_logical_graph/repeat_02/2_live/attempt_01
s010:instance_016:r03:o1:live,10,instance_016,3,live/no_cut,1,live,EXACT_CLOSED,0,0.740259,True,True,True,dfaedf6d273c5c56,1.9484,BPC_TREE_OPTIMAL,P0,9f0e7c4f7e2cab50267e197d55a17950aeee35aad388e47448f24873a7e92ba1,0,,0.004406,12.714409,/home/kai/work/GAT_BPC_moonTerk/runs/native_live_sri_v1_p0_frozen_paired_promotion_clean_v2_20260722/raw/scale_010/instance_016_logical_graph/repeat_03/1_live/attempt_01
s010:instance_016:r03:o2:no_cut,10,instance_016,3,live/no_cut,2,no_cut,EXACT_CLOSED,0,0.756181,True,True,True,dfaedf6d273c5c56,1.9484,BPC_TREE_OPTIMAL,no_cut,37c44c29594e0b8b0ba429e5dd3cf7422c07ae17222bb31e16e31e57030d5e63,0,,0.00452,12.714733,/home/kai/work/GAT_BPC_moonTerk/runs/native_live_sri_v1_p0_frozen_paired_promotion_clean_v2_20260722/raw/scale_010/instance_016_logical_graph/repeat_03/2_no_cut/attempt_01
s010:instance_016:r04:o1:no_cut,10,instance_016,4,no_cut/live,1,no_cut,EXACT_CLOSED,0,0.744195,True,True,True,dfaedf6d273c5c56,1.9484,BPC_TREE_OPTIMAL,no_cut,37c44c29594e0b8b0ba429e5dd3cf7422c07ae17222bb31e16e31e57030d5e63,0,,0.004517,12.715878,/home/kai/work/GAT_BPC_moonTerk/runs/native_live_sri_v1_p0_frozen_paired_promotion_clean_v2_20260722/raw/scale_010/instance_016_logical_graph/repeat_04/1_no_cut/attempt_01
s010:instance_016:r04:o2:live,10,instance_016,4,no_cut/live,2,live,EXACT_CLOSED,0,0.742795,True,True,True,dfaedf6d273c5c56,1.9484,BPC_TREE_OPTIMAL,P0,9f0e7c4f7e2cab50267e197d55a17950aeee35aad388e47448f24873a7e92ba1,0,,0.004848,12.706932,/home/kai/work/GAT_BPC_moonTerk/runs/native_live_sri_v1_p0_frozen_paired_promotion_clean_v2_20260722/raw/scale_010/instance_016_logical_graph/repeat_04/2_live/attempt_01
s010:instance_016:r05:o1:live,10,instance_016,5,live/no_cut,1,live,EXACT_CLOSED,0,0.749672,True,True,True,dfaedf6d273c5c56,1.9484,BPC_TREE_OPTIMAL,P0,9f0e7c4f7e2cab50267e197d55a17950aeee35aad388e47448f24873a7e92ba1,0,,0.004856,12.712593,/home/kai/work/GAT_BPC_moonTerk/runs/native_live_sri_v1_p0_frozen_paired_promotion_clean_v2_20260722/raw/scale_010/instance_016_logical_graph/repeat_05/1_live/attempt_01
s010:instance_016:r05:o2:no_cut,10,instance_016,5,live/no_cut,2,no_cut,EXACT_CLOSED,0,0.74203,True,True,True,dfaedf6d273c5c56,1.9484,BPC_TREE_OPTIMAL,no_cut,37c44c29594e0b8b0ba429e5dd3cf7422c07ae17222bb31e16e31e57030d5e63,0,,0.004616,12.71254,/home/kai/work/GAT_BPC_moonTerk/runs/native_live_sri_v1_p0_frozen_paired_promotion_clean_v2_20260722/raw/scale_010/instance_016_logical_graph/repeat_05/2_no_cut/attempt_01
s010:instance_016:r06:o1:no_cut,10,instance_016,6,no_cut/live,1,no_cut,EXACT_CLOSED,0,0.732465,True,True,True,dfaedf6d273c5c56,1.9484,BPC_TREE_OPTIMAL,no_cut,37c44c29594e0b8b0ba429e5dd3cf7422c07ae17222bb31e16e31e57030d5e63,0,,0.004383,12.714256,/home/kai/work/GAT_BPC_moonTerk/runs/native_live_sri_v1_p0_frozen_paired_promotion_clean_v2_20260722/raw/scale_010/instance_016_logical_graph/repeat_06/1_no_cut/attempt_01
s010:instance_016:r06:o2:live,10,instance_016,6,no_cut/live,2,live,EXACT_CLOSED,0,0.730066,True,True,True,dfaedf6d273c5c56,1.9484,BPC_TREE_OPTIMAL,P0,9f0e7c4f7e2cab50267e197d55a17950aeee35aad388e47448f24873a7e92ba1,0,,0.004387,12.70887,/home/kai/work/GAT_BPC_moonTerk/runs/native_live_sri_v1_p0_frozen_paired_promotion_clean_v2_20260722/raw/scale_010/instance_016_logical_graph/repeat_06/2_live/attempt_01
s010:instance_016:r07:o1:live,10,instance_016,7,live/no_cut,1,live,EXACT_CLOSED,0,0.731761,True,True,True,dfaedf6d273c5c56,1.9484,BPC_TREE_OPTIMAL,P0,9f0e7c4f7e2cab50267e197d55a17950aeee35aad388e47448f24873a7e92ba1,0,,0.004494,12.711666,/home/kai/work/GAT_BPC_moonTerk/runs/native_live_sri_v1_p0_frozen_paired_promotion_clean_v2_20260722/raw/scale_010/instance_016_logical_graph/repeat_07/1_live/attempt_01
s010:instance_016:r07:o2:no_cut,10,instance_016,7,live/no_cut,2,no_cut,EXACT_CLOSED,0,0.733769,True,True,True,dfaedf6d273c5c56,1.9484,BPC_TREE_OPTIMAL,no_cut,37c44c29594e0b8b0ba429e5dd3cf7422c07ae17222bb31e16e31e57030d5e63,0,,0.004555,12.713547,/home/kai/work/GAT_BPC_moonTerk/runs/native_live_sri_v1_p0_frozen_paired_promotion_clean_v2_20260722/raw/scale_010/instance_016_logical_graph/repeat_07/2_no_cut/attempt_01
s010:instance_016:r08:o1:no_cut,10,instance_016,8,no_cut/live,1,no_cut,EXACT_CLOSED,0,0.739443,True,True,True,dfaedf6d273c5c56,1.9484,BPC_TREE_OPTIMAL,no_cut,37c44c29594e0b8b0ba429e5dd3cf7422c07ae17222bb31e16e31e57030d5e63,0,,0.004349,12.708176,/home/kai/work/GAT_BPC_moonTerk/runs/native_live_sri_v1_p0_frozen_paired_promotion_clean_v2_20260722/raw/scale_010/instance_016_logical_graph/repeat_08/1_no_cut/attempt_01
s010:instance_016:r08:o2:live,10,instance_016,8,no_cut/live,2,live,EXACT_CLOSED,0,0.731098,True,True,True,dfaedf6d273c5c56,1.9484,BPC_TREE_OPTIMAL,P0,9f0e7c4f7e2cab50267e197d55a17950aeee35aad388e47448f24873a7e92ba1,0,,0.004395,12.708462,/home/kai/work/GAT_BPC_moonTerk/runs/native_live_sri_v1_p0_frozen_paired_promotion_clean_v2_20260722/raw/scale_010/instance_016_logical_graph/repeat_08/2_live/attempt_01
s010:instance_016:r09:o1:live,10,instance_016,9,live/no_cut,1,live,EXACT_CLOSED,0,0.735851,True,True,True,dfaedf6d273c5c56,1.9484,BPC_TREE_OPTIMAL,P0,9f0e7c4f7e2cab50267e197d55a17950aeee35aad388e47448f24873a7e92ba1,0,,0.005989,12.71117,/home/kai/work/GAT_BPC_moonTerk/runs/native_live_sri_v1_p0_frozen_paired_promotion_clean_v2_20260722/raw/scale_010/instance_016_logical_graph/repeat_09/1_live/attempt_01
s010:instance_016:r09:o2:no_cut,10,instance_016,9,live/no_cut,2,no_cut,EXACT_CLOSED,0,0.723382,True,True,True,dfaedf6d273c5c56,1.9484,BPC_TREE_OPTIMAL,no_cut,37c44c29594e0b8b0ba429e5dd3cf7422c07ae17222bb31e16e31e57030d5e63,0,,0.00452,12.712322,/home/kai/work/GAT_BPC_moonTerk/runs/native_live_sri_v1_p0_frozen_paired_promotion_clean_v2_20260722/raw/scale_010/instance_016_logical_graph/repeat_09/2_no_cut/attempt_01
s010:instance_016:r10:o1:no_cut,10,instance_016,10,no_cut/live,1,no_cut,EXACT_CLOSED,0,0.728941,True,True,True,dfaedf6d273c5c56,1.9484,BPC_TREE_OPTIMAL,no_cut,37c44c29594e0b8b0ba429e5dd3cf7422c07ae17222bb31e16e31e57030d5e63,0,,0.005184,12.710262,/home/kai/work/GAT_BPC_moonTerk/runs/native_live_sri_v1_p0_frozen_paired_promotion_clean_v2_20260722/raw/scale_010/instance_016_logical_graph/repeat_10/1_no_cut/attempt_01
s010:instance_016:r10:o2:live,10,instance_016,10,no_cut/live,2,live,EXACT_CLOSED,0,0.736239,True,True,True,dfaedf6d273c5c56,1.9484,BPC_TREE_OPTIMAL,P0,9f0e7c4f7e2cab50267e197d55a17950aeee35aad388e47448f24873a7e92ba1,0,,0.004482,12.705727,/home/kai/work/GAT_BPC_moonTerk/runs/native_live_sri_v1_p0_frozen_paired_promotion_clean_v2_20260722/raw/scale_010/instance_016_logical_graph/repeat_10/2_live/attempt_01
s010:instance_017:r01:o1:no_cut,10,instance_017,1,no_cut/live,1,no_cut,EXACT_CLOSED,0,0.694419,True,True,True,dfaedf6d273c5c56,1.859222,BPC_TREE_OPTIMAL,no_cut,37c44c29594e0b8b0ba429e5dd3cf7422c07ae17222bb31e16e31e57030d5e63,0,,0.004597,12.71101,/home/kai/work/GAT_BPC_moonTerk/runs/native_live_sri_v1_p0_frozen_paired_promotion_clean_v2_20260722/raw/scale_010/instance_017_logical_graph/repeat_01/1_no_cut/attempt_01
s010:instance_017:r01:o2:live,10,instance_017,1,no_cut/live,2,live,EXACT_CLOSED,0,0.674777,True,True,True,dfaedf6d273c5c56,1.859222,BPC_TREE_OPTIMAL,P0,9f0e7c4f7e2cab50267e197d55a17950aeee35aad388e47448f24873a7e92ba1,0,,0.004505,12.704964,/home/kai/work/GAT_BPC_moonTerk/runs/native_live_sri_v1_p0_frozen_paired_promotion_clean_v2_20260722/raw/scale_010/instance_017_logical_graph/repeat_01/2_live/attempt_01
s010:instance_017:r02:o1:live,10,instance_017,2,live/no_cut,1,live,EXACT_CLOSED,0,0.692716,True,True,True,dfaedf6d273c5c56,1.859222,BPC_TREE_OPTIMAL,P0,9f0e7c4f7e2cab50267e197d55a17950aeee35aad388e47448f24873a7e92ba1,0,,0.004406,12.707317,/home/kai/work/GAT_BPC_moonTerk/runs/native_live_sri_v1_p0_frozen_paired_promotion_clean_v2_20260722/raw/scale_010/instance_017_logical_graph/repeat_02/1_live/attempt_01
s010:instance_017:r02:o2:no_cut,10,instance_017,2,live/no_cut,2,no_cut,EXACT_CLOSED,0,0.666195,True,True,True,dfaedf6d273c5c56,1.859222,BPC_TREE_OPTIMAL,no_cut,37c44c29594e0b8b0ba429e5dd3cf7422c07ae17222bb31e16e31e57030d5e63,0,,0.004616,12.708843,/home/kai/work/GAT_BPC_moonTerk/runs/native_live_sri_v1_p0_frozen_paired_promotion_clean_v2_20260722/raw/scale_010/instance_017_logical_graph/repeat_02/2_no_cut/attempt_01
s010:instance_017:r03:o1:no_cut,10,instance_017,3,no_cut/live,1,no_cut,EXACT_CLOSED,0,0.670515,True,True,True,dfaedf6d273c5c56,1.859222,BPC_TREE_OPTIMAL,no_cut,37c44c29594e0b8b0ba429e5dd3cf7422c07ae17222bb31e16e31e57030d5e63,0,,0.004791,12.708092,/home/kai/work/GAT_BPC_moonTerk/runs/native_live_sri_v1_p0_frozen_paired_promotion_clean_v2_20260722/raw/scale_010/instance_017_logical_graph/repeat_03/1_no_cut/attempt_01
s010:instance_017:r03:o2:live,10,instance_017,3,no_cut/live,2,live,EXACT_CLOSED,0,0.701054,True,True,True,dfaedf6d273c5c56,1.859222,BPC_TREE_OPTIMAL,P0,9f0e7c4f7e2cab50267e197d55a17950aeee35aad388e47448f24873a7e92ba1,0,,0.004566,12.708065,/home/kai/work/GAT_BPC_moonTerk/runs/native_live_sri_v1_p0_frozen_paired_promotion_clean_v2_20260722/raw/scale_010/instance_017_logical_graph/repeat_03/2_live/attempt_01
s010:instance_017:r04:o1:live,10,instance_017,4,live/no_cut,1,live,EXACT_CLOSED,0,0.698678,True,True,True,dfaedf6d273c5c56,1.859222,BPC_TREE_OPTIMAL,P0,9f0e7c4f7e2cab50267e197d55a17950aeee35aad388e47448f24873a7e92ba1,0,,0.004429,12.708912,/home/kai/work/GAT_BPC_moonTerk/runs/native_live_sri_v1_p0_frozen_paired_promotion_clean_v2_20260722/raw/scale_010/instance_017_logical_graph/repeat_04/1_live/attempt_01
s010:instance_017:r04:o2:no_cut,10,instance_017,4,live/no_cut,2,no_cut,EXACT_CLOSED,0,0.679044,True,True,True,dfaedf6d273c5c56,1.859222,BPC_TREE_OPTIMAL,no_cut,37c44c29594e0b8b0ba429e5dd3cf7422c07ae17222bb31e16e31e57030d5e63,0,,0.004826,12.707703,/home/kai/work/GAT_BPC_moonTerk/runs/native_live_sri_v1_p0_frozen_paired_promotion_clean_v2_20260722/raw/scale_010/instance_017_logical_graph/repeat_04/2_no_cut/attempt_01
s010:instance_017:r05:o1:no_cut,10,instance_017,5,no_cut/live,1,no_cut,EXACT_CLOSED,0,0.691028,True,True,True,dfaedf6d273c5c56,1.859222,BPC_TREE_OPTIMAL,no_cut,37c44c29594e0b8b0ba429e5dd3cf7422c07ae17222bb31e16e31e57030d5e63,0,,0.004665,12.708714,/home/kai/work/GAT_BPC_moonTerk/runs/native_live_sri_v1_p0_frozen_paired_promotion_clean_v2_20260722/raw/scale_010/instance_017_logical_graph/repeat_05/1_no_cut/attempt_01
s010:instance_017:r05:o2:live,10,instance_017,5,no_cut/live,2,live,EXACT_CLOSED,0,0.671553,True,True,True,dfaedf6d273c5c56,1.859222,BPC_TREE_OPTIMAL,P0,9f0e7c4f7e2cab50267e197d55a17950aeee35aad388e47448f24873a7e92ba1,0,,0.004967,12.710751,/home/kai/work/GAT_BPC_moonTerk/runs/native_live_sri_v1_p0_frozen_paired_promotion_clean_v2_20260722/raw/scale_010/instance_017_logical_graph/repeat_05/2_live/attempt_01
s010:instance_017:r06:o1:live,10,instance_017,6,live/no_cut,1,live,EXACT_CLOSED,0,0.680693,True,True,True,dfaedf6d273c5c56,1.859222,BPC_TREE_OPTIMAL,P0,9f0e7c4f7e2cab50267e197d55a17950aeee35aad388e47448f24873a7e92ba1,0,,0.004345,12.71183,/home/kai/work/GAT_BPC_moonTerk/runs/native_live_sri_v1_p0_frozen_paired_promotion_clean_v2_20260722/raw/scale_010/instance_017_logical_graph/repeat_06/1_live/attempt_01
s010:instance_017:r06:o2:no_cut,10,instance_017,6,live/no_cut,2,no_cut,EXACT_CLOSED,0,0.665054,True,True,True,dfaedf6d273c5c56,1.859222,BPC_TREE_OPTIMAL,no_cut,37c44c29594e0b8b0ba429e5dd3cf7422c07ae17222bb31e16e31e57030d5e63,0,,0.004723,12.702995,/home/kai/work/GAT_BPC_moonTerk/runs/native_live_sri_v1_p0_frozen_paired_promotion_clean_v2_20260722/raw/scale_010/instance_017_logical_graph/repeat_06/2_no_cut/attempt_01
s010:instance_017:r07:o1:no_cut,10,instance_017,7,no_cut/live,1,no_cut,EXACT_CLOSED,0,0.665652,True,True,True,dfaedf6d273c5c56,1.859222,BPC_TREE_OPTIMAL,no_cut,37c44c29594e0b8b0ba429e5dd3cf7422c07ae17222bb31e16e31e57030d5e63,0,,0.004311,12.702942,/home/kai/work/GAT_BPC_moonTerk/runs/native_live_sri_v1_p0_frozen_paired_promotion_clean_v2_20260722/raw/scale_010/instance_017_logical_graph/repeat_07/1_no_cut/attempt_01
s010:instance_017:r07:o2:live,10,instance_017,7,no_cut/live,2,live,EXACT_CLOSED,0,0.662687,True,True,True,dfaedf6d273c5c56,1.859222,BPC_TREE_OPTIMAL,P0,9f0e7c4f7e2cab50267e197d55a17950aeee35aad388e47448f24873a7e92ba1,0,,0.004459,12.709991,/home/kai/work/GAT_BPC_moonTerk/runs/native_live_sri_v1_p0_frozen_paired_promotion_clean_v2_20260722/raw/scale_010/instance_017_logical_graph/repeat_07/2_live/attempt_01
s010:instance_017:r08:o1:live,10,instance_017,8,live/no_cut,1,live,EXACT_CLOSED,0,0.692306,True,True,True,dfaedf6d273c5c56,1.859222,BPC_TREE_OPTIMAL,P0,9f0e7c4f7e2cab50267e197d55a17950aeee35aad388e47448f24873a7e92ba1,0,,0.00457,12.707027,/home/kai/work/GAT_BPC_moonTerk/runs/native_live_sri_v1_p0_frozen_paired_promotion_clean_v2_20260722/raw/scale_010/instance_017_logical_graph/repeat_08/1_live/attempt_01
s010:instance_017:r08:o2:no_cut,10,instance_017,8,live/no_cut,2,no_cut,EXACT_CLOSED,0,0.706052,True,True,True,dfaedf6d273c5c56,1.859222,BPC_TREE_OPTIMAL,no_cut,37c44c29594e0b8b0ba429e5dd3cf7422c07ae17222bb31e16e31e57030d5e63,0,,0.004837,12.712185,/home/kai/work/GAT_BPC_moonTerk/runs/native_live_sri_v1_p0_frozen_paired_promotion_clean_v2_20260722/raw/scale_010/instance_017_logical_graph/repeat_08/2_no_cut/attempt_01
s010:instance_017:r09:o1:no_cut,10,instance_017,9,no_cut/live,1,no_cut,EXACT_CLOSED,0,0.682619,True,True,True,dfaedf6d273c5c56,1.859222,BPC_TREE_OPTIMAL,no_cut,37c44c29594e0b8b0ba429e5dd3cf7422c07ae17222bb31e16e31e57030d5e63,0,,0.004841,12.704819,/home/kai/work/GAT_BPC_moonTerk/runs/native_live_sri_v1_p0_frozen_paired_promotion_clean_v2_20260722/raw/scale_010/instance_017_logical_graph/repeat_09/1_no_cut/attempt_01
s010:instance_017:r09:o2:live,10,instance_017,9,no_cut/live,2,live,EXACT_CLOSED,0,0.677368,True,True,True,dfaedf6d273c5c56,1.859222,BPC_TREE_OPTIMAL,P0,9f0e7c4f7e2cab50267e197d55a17950aeee35aad388e47448f24873a7e92ba1,0,,0.004368,12.709305,/home/kai/work/GAT_BPC_moonTerk/runs/native_live_sri_v1_p0_frozen_paired_promotion_clean_v2_20260722/raw/scale_010/instance_017_logical_graph/repeat_09/2_live/attempt_01
s010:instance_017:r10:o1:live,10,instance_017,10,live/no_cut,1,live,EXACT_CLOSED,0,0.680833,True,True,True,dfaedf6d273c5c56,1.859222,BPC_TREE_OPTIMAL,P0,9f0e7c4f7e2cab50267e197d55a17950aeee35aad388e47448f24873a7e92ba1,0,,0.004932,12.701336,/home/kai/work/GAT_BPC_moonTerk/runs/native_live_sri_v1_p0_frozen_paired_promotion_clean_v2_20260722/raw/scale_010/instance_017_logical_graph/repeat_10/1_live/attempt_01
s010:instance_017:r10:o2:no_cut,10,instance_017,10,live/no_cut,2,no_cut,EXACT_CLOSED,0,0.680687,True,True,True,dfaedf6d273c5c56,1.859222,BPC_TREE_OPTIMAL,no_cut,37c44c29594e0b8b0ba429e5dd3cf7422c07ae17222bb31e16e31e57030d5e63,0,,0.004784,12.706242,/home/kai/work/GAT_BPC_moonTerk/runs/native_live_sri_v1_p0_frozen_paired_promotion_clean_v2_20260722/raw/scale_010/instance_017_logical_graph/repeat_10/2_no_cut/attempt_01
s010:instance_018:r01:o1:live,10,instance_018,1,live/no_cut,1,live,EXACT_CLOSED,0,0.7814,True,True,True,dfaedf6d273c5c56,1.802011,BPC_TREE_OPTIMAL,P0,9f0e7c4f7e2cab50267e197d55a17950aeee35aad388e47448f24873a7e92ba1,0,,0.004795,12.707268,/home/kai/work/GAT_BPC_moonTerk/runs/native_live_sri_v1_p0_frozen_paired_promotion_clean_v2_20260722/raw/scale_010/instance_018_logical_graph/repeat_01/1_live/attempt_01
s010:instance_018:r01:o2:no_cut,10,instance_018,1,live/no_cut,2,no_cut,EXACT_CLOSED,0,0.771862,True,True,True,dfaedf6d273c5c56,1.802011,BPC_TREE_OPTIMAL,no_cut,37c44c29594e0b8b0ba429e5dd3cf7422c07ae17222bb31e16e31e57030d5e63,0,,0.004456,12.707314,/home/kai/work/GAT_BPC_moonTerk/runs/native_live_sri_v1_p0_frozen_paired_promotion_clean_v2_20260722/raw/scale_010/instance_018_logical_graph/repeat_01/2_no_cut/attempt_01
s010:instance_018:r02:o1:no_cut,10,instance_018,2,no_cut/live,1,no_cut,EXACT_CLOSED,0,0.801286,True,True,True,dfaedf6d273c5c56,1.802011,BPC_TREE_OPTIMAL,no_cut,37c44c29594e0b8b0ba429e5dd3cf7422c07ae17222bb31e16e31e57030d5e63,0,,0.004841,12.710163,/home/kai/work/GAT_BPC_moonTerk/runs/native_live_sri_v1_p0_frozen_paired_promotion_clean_v2_20260722/raw/scale_010/instance_018_logical_graph/repeat_02/1_no_cut/attempt_01
s010:instance_018:r02:o2:live,10,instance_018,2,no_cut/live,2,live,EXACT_CLOSED,0,0.781978,True,True,True,dfaedf6d273c5c56,1.802011,BPC_TREE_OPTIMAL,P0,9f0e7c4f7e2cab50267e197d55a17950aeee35aad388e47448f24873a7e92ba1,0,,0.004314,12.717995,/home/kai/work/GAT_BPC_moonTerk/runs/native_live_sri_v1_p0_frozen_paired_promotion_clean_v2_20260722/raw/scale_010/instance_018_logical_graph/repeat_02/2_live/attempt_01
s010:instance_018:r03:o1:live,10,instance_018,3,live/no_cut,1,live,EXACT_CLOSED,0,0.767989,True,True,True,dfaedf6d273c5c56,1.802011,BPC_TREE_OPTIMAL,P0,9f0e7c4f7e2cab50267e197d55a17950aeee35aad388e47448f24873a7e92ba1,0,,0.004494,12.71125,/home/kai/work/GAT_BPC_moonTerk/runs/native_live_sri_v1_p0_frozen_paired_promotion_clean_v2_20260722/raw/scale_010/instance_018_logical_graph/repeat_03/1_live/attempt_01
s010:instance_018:r03:o2:no_cut,10,instance_018,3,live/no_cut,2,no_cut,EXACT_CLOSED,0,0.777046,True,True,True,dfaedf6d273c5c56,1.802011,BPC_TREE_OPTIMAL,no_cut,37c44c29594e0b8b0ba429e5dd3cf7422c07ae17222bb31e16e31e57030d5e63,0,,0.004772,12.708572,/home/kai/work/GAT_BPC_moonTerk/runs/native_live_sri_v1_p0_frozen_paired_promotion_clean_v2_20260722/raw/scale_010/instance_018_logical_graph/repeat_03/2_no_cut/attempt_01
s010:instance_018:r04:o1:no_cut,10,instance_018,4,no_cut/live,1,no_cut,EXACT_CLOSED,0,0.7686,True,True,True,dfaedf6d273c5c56,1.802011,BPC_TREE_OPTIMAL,no_cut,37c44c29594e0b8b0ba429e5dd3cf7422c07ae17222bb31e16e31e57030d5e63,0,,0.005932,12.708405,/home/kai/work/GAT_BPC_moonTerk/runs/native_live_sri_v1_p0_frozen_paired_promotion_clean_v2_20260722/raw/scale_010/instance_018_logical_graph/repeat_04/1_no_cut/attempt_01
s010:instance_018:r04:o2:live,10,instance_018,4,no_cut/live,2,live,EXACT_CLOSED,0,0.782829,True,True,True,dfaedf6d273c5c56,1.802011,BPC_TREE_OPTIMAL,P0,9f0e7c4f7e2cab50267e197d55a17950aeee35aad388e47448f24873a7e92ba1,0,,0.005211,12.710926,/home/kai/work/GAT_BPC_moonTerk/runs/native_live_sri_v1_p0_frozen_paired_promotion_clean_v2_20260722/raw/scale_010/instance_018_logical_graph/repeat_04/2_live/attempt_01
s010:instance_018:r05:o1:live,10,instance_018,5,live/no_cut,1,live,EXACT_CLOSED,0,0.78213,True,True,True,dfaedf6d273c5c56,1.802011,BPC_TREE_OPTIMAL,P0,9f0e7c4f7e2cab50267e197d55a17950aeee35aad388e47448f24873a7e92ba1,0,,0.006058,12.709366,/home/kai/work/GAT_BPC_moonTerk/runs/native_live_sri_v1_p0_frozen_paired_promotion_clean_v2_20260722/raw/scale_010/instance_018_logical_graph/repeat_05/1_live/attempt_01
s010:instance_018:r05:o2:no_cut,10,instance_018,5,live/no_cut,2,no_cut,EXACT_CLOSED,0,0.776584,True,True,True,dfaedf6d273c5c56,1.802011,BPC_TREE_OPTIMAL,no_cut,37c44c29594e0b8b0ba429e5dd3cf7422c07ae17222bb31e16e31e57030d5e63,0,,0.004532,12.709373,/home/kai/work/GAT_BPC_moonTerk/runs/native_live_sri_v1_p0_frozen_paired_promotion_clean_v2_20260722/raw/scale_010/instance_018_logical_graph/repeat_05/2_no_cut/attempt_01
s010:instance_018:r06:o1:no_cut,10,instance_018,6,no_cut/live,1,no_cut,EXACT_CLOSED,0,0.811747,True,True,True,dfaedf6d273c5c56,1.802011,BPC_TREE_OPTIMAL,no_cut,37c44c29594e0b8b0ba429e5dd3cf7422c07ae17222bb31e16e31e57030d5e63,0,,0.004581,12.708977,/home/kai/work/GAT_BPC_moonTerk/runs/native_live_sri_v1_p0_frozen_paired_promotion_clean_v2_20260722/raw/scale_010/instance_018_logical_graph/repeat_06/1_no_cut/attempt_01
s010:instance_018:r06:o2:live,10,instance_018,6,no_cut/live,2,live,EXACT_CLOSED,0,0.789983,True,True,True,dfaedf6d273c5c56,1.802011,BPC_TREE_OPTIMAL,P0,9f0e7c4f7e2cab50267e197d55a17950aeee35aad388e47448f24873a7e92ba1,0,,0.004452,12.712788,/home/kai/work/GAT_BPC_moonTerk/runs/native_live_sri_v1_p0_frozen_paired_promotion_clean_v2_20260722/raw/scale_010/instance_018_logical_graph/repeat_06/2_live/attempt_01
s010:instance_018:r07:o1:live,10,instance_018,7,live/no_cut,1,live,EXACT_CLOSED,0,0.787719,True,True,True,dfaedf6d273c5c56,1.802011,BPC_TREE_OPTIMAL,P0,9f0e7c4f7e2cab50267e197d55a17950aeee35aad388e47448f24873a7e92ba1,0,,0.004566,12.710308,/home/kai/work/GAT_BPC_moonTerk/runs/native_live_sri_v1_p0_frozen_paired_promotion_clean_v2_20260722/raw/scale_010/instance_018_logical_graph/repeat_07/1_live/attempt_01
s010:instance_018:r07:o2:no_cut,10,instance_018,7,live/no_cut,2,no_cut,EXACT_CLOSED,0,0.78798,True,True,True,dfaedf6d273c5c56,1.802011,BPC_TREE_OPTIMAL,no_cut,37c44c29594e0b8b0ba429e5dd3cf7422c07ae17222bb31e16e31e57030d5e63,0,,0.004375,12.709435,/home/kai/work/GAT_BPC_moonTerk/runs/native_live_sri_v1_p0_frozen_paired_promotion_clean_v2_20260722/raw/scale_010/instance_018_logical_graph/repeat_07/2_no_cut/attempt_01
s010:instance_018:r08:o1:no_cut,10,instance_018,8,no_cut/live,1,no_cut,EXACT_CLOSED,0,0.77326,True,True,True,dfaedf6d273c5c56,1.802011,BPC_TREE_OPTIMAL,no_cut,37c44c29594e0b8b0ba429e5dd3cf7422c07ae17222bb31e16e31e57030d5e63,0,,0.004482,12.704266,/home/kai/work/GAT_BPC_moonTerk/runs/native_live_sri_v1_p0_frozen_paired_promotion_clean_v2_20260722/raw/scale_010/instance_018_logical_graph/repeat_08/1_no_cut/attempt_01
s010:instance_018:r08:o2:live,10,instance_018,8,no_cut/live,2,live,EXACT_CLOSED,0,0.772653,True,True,True,dfaedf6d273c5c56,1.802011,BPC_TREE_OPTIMAL,P0,9f0e7c4f7e2cab50267e197d55a17950aeee35aad388e47448f24873a7e92ba1,0,,0.004406,12.709442,/home/kai/work/GAT_BPC_moonTerk/runs/native_live_sri_v1_p0_frozen_paired_promotion_clean_v2_20260722/raw/scale_010/instance_018_logical_graph/repeat_08/2_live/attempt_01
s010:instance_018:r09:o1:live,10,instance_018,9,live/no_cut,1,live,EXACT_CLOSED,0,0.775687,True,True,True,dfaedf6d273c5c56,1.802011,BPC_TREE_OPTIMAL,P0,9f0e7c4f7e2cab50267e197d55a17950aeee35aad388e47448f24873a7e92ba1,0,,0.004959,12.705658,/home/kai/work/GAT_BPC_moonTerk/runs/native_live_sri_v1_p0_frozen_paired_promotion_clean_v2_20260722/raw/scale_010/instance_018_logical_graph/repeat_09/1_live/attempt_01
s010:instance_018:r09:o2:no_cut,10,instance_018,9,live/no_cut,2,no_cut,EXACT_CLOSED,0,0.776043,True,True,True,dfaedf6d273c5c56,1.802011,BPC_TREE_OPTIMAL,no_cut,37c44c29594e0b8b0ba429e5dd3cf7422c07ae17222bb31e16e31e57030d5e63,0,,0.004433,12.703903,/home/kai/work/GAT_BPC_moonTerk/runs/native_live_sri_v1_p0_frozen_paired_promotion_clean_v2_20260722/raw/scale_010/instance_018_logical_graph/repeat_09/2_no_cut/attempt_01
s010:instance_018:r10:o1:no_cut,10,instance_018,10,no_cut/live,1,no_cut,EXACT_CLOSED,0,0.785524,True,True,True,dfaedf6d273c5c56,1.802011,BPC_TREE_OPTIMAL,no_cut,37c44c29594e0b8b0ba429e5dd3cf7422c07ae17222bb31e16e31e57030d5e63,0,,0.004539,12.70528,/home/kai/work/GAT_BPC_moonTerk/runs/native_live_sri_v1_p0_frozen_paired_promotion_clean_v2_20260722/raw/scale_010/instance_018_logical_graph/repeat_10/1_no_cut/attempt_01
s010:instance_018:r10:o2:live,10,instance_018,10,no_cut/live,2,live,EXACT_CLOSED,0,0.796819,True,True,True,dfaedf6d273c5c56,1.802011,BPC_TREE_OPTIMAL,P0,9f0e7c4f7e2cab50267e197d55a17950aeee35aad388e47448f24873a7e92ba1,0,,0.005013,12.705929,/home/kai/work/GAT_BPC_moonTerk/runs/native_live_sri_v1_p0_frozen_paired_promotion_clean_v2_20260722/raw/scale_010/instance_018_logical_graph/repeat_10/2_live/attempt_01
s010:instance_019:r01:o1:no_cut,10,instance_019,1,no_cut/live,1,no_cut,EXACT_CLOSED,0,0.860309,True,True,True,dfaedf6d273c5c56,1.856235,BPC_TREE_OPTIMAL,no_cut,37c44c29594e0b8b0ba429e5dd3cf7422c07ae17222bb31e16e31e57030d5e63,0,,0.004574,12.70919,/home/kai/work/GAT_BPC_moonTerk/runs/native_live_sri_v1_p0_frozen_paired_promotion_clean_v2_20260722/raw/scale_010/instance_019_logical_graph/repeat_01/1_no_cut/attempt_01
s010:instance_019:r01:o2:live,10,instance_019,1,no_cut/live,2,live,EXACT_CLOSED,0,0.710282,True,True,True,dfaedf6d273c5c56,1.856235,BPC_TREE_OPTIMAL,P0,9f0e7c4f7e2cab50267e197d55a17950aeee35aad388e47448f24873a7e92ba1,4,,0.006634,12.709175,/home/kai/work/GAT_BPC_moonTerk/runs/native_live_sri_v1_p0_frozen_paired_promotion_clean_v2_20260722/raw/scale_010/instance_019_logical_graph/repeat_01/2_live/attempt_01
s010:instance_019:r02:o1:live,10,instance_019,2,live/no_cut,1,live,EXACT_CLOSED,0,0.70176,True,True,True,dfaedf6d273c5c56,1.856235,BPC_TREE_OPTIMAL,P0,9f0e7c4f7e2cab50267e197d55a17950aeee35aad388e47448f24873a7e92ba1,4,,0.00499,12.708481,/home/kai/work/GAT_BPC_moonTerk/runs/native_live_sri_v1_p0_frozen_paired_promotion_clean_v2_20260722/raw/scale_010/instance_019_logical_graph/repeat_02/1_live/attempt_01
s010:instance_019:r02:o2:no_cut,10,instance_019,2,live/no_cut,2,no_cut,EXACT_CLOSED,0,0.87496,True,True,True,dfaedf6d273c5c56,1.856235,BPC_TREE_OPTIMAL,no_cut,37c44c29594e0b8b0ba429e5dd3cf7422c07ae17222bb31e16e31e57030d5e63,0,,0.004555,12.704185,/home/kai/work/GAT_BPC_moonTerk/runs/native_live_sri_v1_p0_frozen_paired_promotion_clean_v2_20260722/raw/scale_010/instance_019_logical_graph/repeat_02/2_no_cut/attempt_01
s010:instance_019:r03:o1:no_cut,10,instance_019,3,no_cut/live,1,no_cut,EXACT_CLOSED,0,0.890718,True,True,True,dfaedf6d273c5c56,1.856235,BPC_TREE_OPTIMAL,no_cut,37c44c29594e0b8b0ba429e5dd3cf7422c07ae17222bb31e16e31e57030d5e63,0,,0.004379,12.705624,/home/kai/work/GAT_BPC_moonTerk/runs/native_live_sri_v1_p0_frozen_paired_promotion_clean_v2_20260722/raw/scale_010/instance_019_logical_graph/repeat_03/1_no_cut/attempt_01
s010:instance_019:r03:o2:live,10,instance_019,3,no_cut/live,2,live,EXACT_CLOSED,0,0.70156,True,True,True,dfaedf6d273c5c56,1.856235,BPC_TREE_OPTIMAL,P0,9f0e7c4f7e2cab50267e197d55a17950aeee35aad388e47448f24873a7e92ba1,4,,0.004383,12.702663,/home/kai/work/GAT_BPC_moonTerk/runs/native_live_sri_v1_p0_frozen_paired_promotion_clean_v2_20260722/raw/scale_010/instance_019_logical_graph/repeat_03/2_live/attempt_01
s010:instance_019:r04:o1:live,10,instance_019,4,live/no_cut,1,live,EXACT_CLOSED,0,0.693124,True,True,True,dfaedf6d273c5c56,1.856235,BPC_TREE_OPTIMAL,P0,9f0e7c4f7e2cab50267e197d55a17950aeee35aad388e47448f24873a7e92ba1,4,,0.004539,12.706406,/home/kai/work/GAT_BPC_moonTerk/runs/native_live_sri_v1_p0_frozen_paired_promotion_clean_v2_20260722/raw/scale_010/instance_019_logical_graph/repeat_04/1_live/attempt_01
s010:instance_019:r04:o2:no_cut,10,instance_019,4,live/no_cut,2,no_cut,EXACT_CLOSED,0,0.892637,True,True,True,dfaedf6d273c5c56,1.856235,BPC_TREE_OPTIMAL,no_cut,37c44c29594e0b8b0ba429e5dd3cf7422c07ae17222bb31e16e31e57030d5e63,0,,0.004414,12.704044,/home/kai/work/GAT_BPC_moonTerk/runs/native_live_sri_v1_p0_frozen_paired_promotion_clean_v2_20260722/raw/scale_010/instance_019_logical_graph/repeat_04/2_no_cut/attempt_01
s010:instance_019:r05:o1:no_cut,10,instance_019,5,no_cut/live,1,no_cut,EXACT_CLOSED,0,0.873907,True,True,True,dfaedf6d273c5c56,1.856235,BPC_TREE_OPTIMAL,no_cut,37c44c29594e0b8b0ba429e5dd3cf7422c07ae17222bb31e16e31e57030d5e63,0,,0.005802,12.711082,/home/kai/work/GAT_BPC_moonTerk/runs/native_live_sri_v1_p0_frozen_paired_promotion_clean_v2_20260722/raw/scale_010/instance_019_logical_graph/repeat_05/1_no_cut/attempt_01
s010:instance_019:r05:o2:live,10,instance_019,5,no_cut/live,2,live,EXACT_CLOSED,0,0.690893,True,True,True,dfaedf6d273c5c56,1.856235,BPC_TREE_OPTIMAL,P0,9f0e7c4f7e2cab50267e197d55a17950aeee35aad388e47448f24873a7e92ba1,4,,0.00441,12.704483,/home/kai/work/GAT_BPC_moonTerk/runs/native_live_sri_v1_p0_frozen_paired_promotion_clean_v2_20260722/raw/scale_010/instance_019_logical_graph/repeat_05/2_live/attempt_01
s010:instance_019:r06:o1:live,10,instance_019,6,live/no_cut,1,live,EXACT_CLOSED,0,0.695507,True,True,True,dfaedf6d273c5c56,1.856235,BPC_TREE_OPTIMAL,P0,9f0e7c4f7e2cab50267e197d55a17950aeee35aad388e47448f24873a7e92ba1,4,,0.005344,12.706051,/home/kai/work/GAT_BPC_moonTerk/runs/native_live_sri_v1_p0_frozen_paired_promotion_clean_v2_20260722/raw/scale_010/instance_019_logical_graph/repeat_06/1_live/attempt_01
s010:instance_019:r06:o2:no_cut,10,instance_019,6,live/no_cut,2,no_cut,EXACT_CLOSED,0,0.900473,True,True,True,dfaedf6d273c5c56,1.856235,BPC_TREE_OPTIMAL,no_cut,37c44c29594e0b8b0ba429e5dd3cf7422c07ae17222bb31e16e31e57030d5e63,0,,0.004349,12.70409,/home/kai/work/GAT_BPC_moonTerk/runs/native_live_sri_v1_p0_frozen_paired_promotion_clean_v2_20260722/raw/scale_010/instance_019_logical_graph/repeat_06/2_no_cut/attempt_01
s010:instance_019:r07:o1:no_cut,10,instance_019,7,no_cut/live,1,no_cut,EXACT_CLOSED,0,0.882527,True,True,True,dfaedf6d273c5c56,1.856235,BPC_TREE_OPTIMAL,no_cut,37c44c29594e0b8b0ba429e5dd3cf7422c07ae17222bb31e16e31e57030d5e63,0,,0.004532,12.708851,/home/kai/work/GAT_BPC_moonTerk/runs/native_live_sri_v1_p0_frozen_paired_promotion_clean_v2_20260722/raw/scale_010/instance_019_logical_graph/repeat_07/1_no_cut/attempt_01
s010:instance_019:r07:o2:live,10,instance_019,7,no_cut/live,2,live,EXACT_CLOSED,0,0.688356,True,True,True,dfaedf6d273c5c56,1.856235,BPC_TREE_OPTIMAL,P0,9f0e7c4f7e2cab50267e197d55a17950aeee35aad388e47448f24873a7e92ba1,4,,0.004597,12.70163,/home/kai/work/GAT_BPC_moonTerk/runs/native_live_sri_v1_p0_frozen_paired_promotion_clean_v2_20260722/raw/scale_010/instance_019_logical_graph/repeat_07/2_live/attempt_01
s010:instance_019:r08:o1:live,10,instance_019,8,live/no_cut,1,live,EXACT_CLOSED,0,0.715571,True,True,True,dfaedf6d273c5c56,1.856235,BPC_TREE_OPTIMAL,P0,9f0e7c4f7e2cab50267e197d55a17950aeee35aad388e47448f24873a7e92ba1,4,,0.004356,12.710308,/home/kai/work/GAT_BPC_moonTerk/runs/native_live_sri_v1_p0_frozen_paired_promotion_clean_v2_20260722/raw/scale_010/instance_019_logical_graph/repeat_08/1_live/attempt_01
s010:instance_019:r08:o2:no_cut,10,instance_019,8,live/no_cut,2,no_cut,EXACT_CLOSED,0,0.911062,True,True,True,dfaedf6d273c5c56,1.856235,BPC_TREE_OPTIMAL,no_cut,37c44c29594e0b8b0ba429e5dd3cf7422c07ae17222bb31e16e31e57030d5e63,0,,0.004967,12.705196,/home/kai/work/GAT_BPC_moonTerk/runs/native_live_sri_v1_p0_frozen_paired_promotion_clean_v2_20260722/raw/scale_010/instance_019_logical_graph/repeat_08/2_no_cut/attempt_01
s010:instance_019:r09:o1:no_cut,10,instance_019,9,no_cut/live,1,no_cut,EXACT_CLOSED,0,0.913192,True,True,True,dfaedf6d273c5c56,1.856235,BPC_TREE_OPTIMAL,no_cut,37c44c29594e0b8b0ba429e5dd3cf7422c07ae17222bb31e16e31e57030d5e63,0,,0.004387,12.710381,/home/kai/work/GAT_BPC_moonTerk/runs/native_live_sri_v1_p0_frozen_paired_promotion_clean_v2_20260722/raw/scale_010/instance_019_logical_graph/repeat_09/1_no_cut/attempt_01
s010:instance_019:r09:o2:live,10,instance_019,9,no_cut/live,2,live,EXACT_CLOSED,0,0.717661,True,True,True,dfaedf6d273c5c56,1.856235,BPC_TREE_OPTIMAL,P0,9f0e7c4f7e2cab50267e197d55a17950aeee35aad388e47448f24873a7e92ba1,4,,0.004513,12.707897,/home/kai/work/GAT_BPC_moonTerk/runs/native_live_sri_v1_p0_frozen_paired_promotion_clean_v2_20260722/raw/scale_010/instance_019_logical_graph/repeat_09/2_live/attempt_01
s010:instance_019:r10:o1:live,10,instance_019,10,live/no_cut,1,live,EXACT_CLOSED,0,0.685385,True,True,True,dfaedf6d273c5c56,1.856235,BPC_TREE_OPTIMAL,P0,9f0e7c4f7e2cab50267e197d55a17950aeee35aad388e47448f24873a7e92ba1,4,,0.004471,12.707478,/home/kai/work/GAT_BPC_moonTerk/runs/native_live_sri_v1_p0_frozen_paired_promotion_clean_v2_20260722/raw/scale_010/instance_019_logical_graph/repeat_10/1_live/attempt_01
s010:instance_019:r10:o2:no_cut,10,instance_019,10,live/no_cut,2,no_cut,EXACT_CLOSED,0,0.910094,True,True,True,dfaedf6d273c5c56,1.856235,BPC_TREE_OPTIMAL,no_cut,37c44c29594e0b8b0ba429e5dd3cf7422c07ae17222bb31e16e31e57030d5e63,0,,0.00452,12.711643,/home/kai/work/GAT_BPC_moonTerk/runs/native_live_sri_v1_p0_frozen_paired_promotion_clean_v2_20260722/raw/scale_010/instance_019_logical_graph/repeat_10/2_no_cut/attempt_01
s010:instance_020:r01:o1:live,10,instance_020,1,live/no_cut,1,live,EXACT_CLOSED,0,0.701051,True,True,True,dfaedf6d273c5c56,1.968338,BPC_TREE_OPTIMAL,P0,9f0e7c4f7e2cab50267e197d55a17950aeee35aad388e47448f24873a7e92ba1,4,,0.004837,12.713749,/home/kai/work/GAT_BPC_moonTerk/runs/native_live_sri_v1_p0_frozen_paired_promotion_clean_v2_20260722/raw/scale_010/instance_020_logical_graph/repeat_01/1_live/attempt_01
s010:instance_020:r01:o2:no_cut,10,instance_020,1,live/no_cut,2,no_cut,EXACT_CLOSED,0,0.780465,True,True,True,dfaedf6d273c5c56,1.968338,BPC_TREE_OPTIMAL,no_cut,37c44c29594e0b8b0ba429e5dd3cf7422c07ae17222bb31e16e31e57030d5e63,0,,0.004601,12.708282,/home/kai/work/GAT_BPC_moonTerk/runs/native_live_sri_v1_p0_frozen_paired_promotion_clean_v2_20260722/raw/scale_010/instance_020_logical_graph/repeat_01/2_no_cut/attempt_01
s010:instance_020:r02:o1:no_cut,10,instance_020,2,no_cut/live,1,no_cut,EXACT_CLOSED,0,0.77034,True,True,True,dfaedf6d273c5c56,1.968338,BPC_TREE_OPTIMAL,no_cut,37c44c29594e0b8b0ba429e5dd3cf7422c07ae17222bb31e16e31e57030d5e63,0,,0.004826,12.711731,/home/kai/work/GAT_BPC_moonTerk/runs/native_live_sri_v1_p0_frozen_paired_promotion_clean_v2_20260722/raw/scale_010/instance_020_logical_graph/repeat_02/1_no_cut/attempt_01
s010:instance_020:r02:o2:live,10,instance_020,2,no_cut/live,2,live,EXACT_CLOSED,0,0.705684,True,True,True,dfaedf6d273c5c56,1.968338,BPC_TREE_OPTIMAL,P0,9f0e7c4f7e2cab50267e197d55a17950aeee35aad388e47448f24873a7e92ba1,4,,0.004776,12.708069,/home/kai/work/GAT_BPC_moonTerk/runs/native_live_sri_v1_p0_frozen_paired_promotion_clean_v2_20260722/raw/scale_010/instance_020_logical_graph/repeat_02/2_live/attempt_01
s010:instance_020:r03:o1:live,10,instance_020,3,live/no_cut,1,live,EXACT_CLOSED,0,0.693207,True,True,True,dfaedf6d273c5c56,1.968338,BPC_TREE_OPTIMAL,P0,9f0e7c4f7e2cab50267e197d55a17950aeee35aad388e47448f24873a7e92ba1,4,,0.004581,12.705647,/home/kai/work/GAT_BPC_moonTerk/runs/native_live_sri_v1_p0_frozen_paired_promotion_clean_v2_20260722/raw/scale_010/instance_020_logical_graph/repeat_03/1_live/attempt_01
s010:instance_020:r03:o2:no_cut,10,instance_020,3,live/no_cut,2,no_cut,EXACT_CLOSED,0,0.758478,True,True,True,dfaedf6d273c5c56,1.968338,BPC_TREE_OPTIMAL,no_cut,37c44c29594e0b8b0ba429e5dd3cf7422c07ae17222bb31e16e31e57030d5e63,0,,0.004761,12.702644,/home/kai/work/GAT_BPC_moonTerk/runs/native_live_sri_v1_p0_frozen_paired_promotion_clean_v2_20260722/raw/scale_010/instance_020_logical_graph/repeat_03/2_no_cut/attempt_01
s010:instance_020:r04:o1:no_cut,10,instance_020,4,no_cut/live,1,no_cut,EXACT_CLOSED,0,0.763822,True,True,True,dfaedf6d273c5c56,1.968338,BPC_TREE_OPTIMAL,no_cut,37c44c29594e0b8b0ba429e5dd3cf7422c07ae17222bb31e16e31e57030d5e63,0,,0.004391,12.705627,/home/kai/work/GAT_BPC_moonTerk/runs/native_live_sri_v1_p0_frozen_paired_promotion_clean_v2_20260722/raw/scale_010/instance_020_logical_graph/repeat_04/1_no_cut/attempt_01
s010:instance_020:r04:o2:live,10,instance_020,4,no_cut/live,2,live,EXACT_CLOSED,0,0.707165,True,True,True,dfaedf6d273c5c56,1.968338,BPC_TREE_OPTIMAL,P0,9f0e7c4f7e2cab50267e197d55a17950aeee35aad388e47448f24873a7e92ba1,4,,0.004631,12.702068,/home/kai/work/GAT_BPC_moonTerk/runs/native_live_sri_v1_p0_frozen_paired_promotion_clean_v2_20260722/raw/scale_010/instance_020_logical_graph/repeat_04/2_live/attempt_01
s010:instance_020:r05:o1:live,10,instance_020,5,live/no_cut,1,live,EXACT_CLOSED,0,0.726197,True,True,True,dfaedf6d273c5c56,1.968338,BPC_TREE_OPTIMAL,P0,9f0e7c4f7e2cab50267e197d55a17950aeee35aad388e47448f24873a7e92ba1,4,,0.004608,12.705601,/home/kai/work/GAT_BPC_moonTerk/runs/native_live_sri_v1_p0_frozen_paired_promotion_clean_v2_20260722/raw/scale_010/instance_020_logical_graph/repeat_05/1_live/attempt_01
s010:instance_020:r05:o2:no_cut,10,instance_020,5,live/no_cut,2,no_cut,EXACT_CLOSED,0,0.770435,True,True,True,dfaedf6d273c5c56,1.968338,BPC_TREE_OPTIMAL,no_cut,37c44c29594e0b8b0ba429e5dd3cf7422c07ae17222bb31e16e31e57030d5e63,0,,0.004971,12.705658,/home/kai/work/GAT_BPC_moonTerk/runs/native_live_sri_v1_p0_frozen_paired_promotion_clean_v2_20260722/raw/scale_010/instance_020_logical_graph/repeat_05/2_no_cut/attempt_01
s010:instance_020:r06:o1:no_cut,10,instance_020,6,no_cut/live,1,no_cut,EXACT_CLOSED,0,0.778894,True,True,True,dfaedf6d273c5c56,1.968338,BPC_TREE_OPTIMAL,no_cut,37c44c29594e0b8b0ba429e5dd3cf7422c07ae17222bb31e16e31e57030d5e63,0,,0.004734,12.705467,/home/kai/work/GAT_BPC_moonTerk/runs/native_live_sri_v1_p0_frozen_paired_promotion_clean_v2_20260722/raw/scale_010/instance_020_logical_graph/repeat_06/1_no_cut/attempt_01
s010:instance_020:r06:o2:live,10,instance_020,6,no_cut/live,2,live,EXACT_CLOSED,0,0.687562,True,True,True,dfaedf6d273c5c56,1.968338,BPC_TREE_OPTIMAL,P0,9f0e7c4f7e2cab50267e197d55a17950aeee35aad388e47448f24873a7e92ba1,4,,0.004482,12.706829,/home/kai/work/GAT_BPC_moonTerk/runs/native_live_sri_v1_p0_frozen_paired_promotion_clean_v2_20260722/raw/scale_010/instance_020_logical_graph/repeat_06/2_live/attempt_01
s010:instance_020:r07:o1:live,10,instance_020,7,live/no_cut,1,live,EXACT_CLOSED,0,0.697132,True,True,True,dfaedf6d273c5c56,1.968338,BPC_TREE_OPTIMAL,P0,9f0e7c4f7e2cab50267e197d55a17950aeee35aad388e47448f24873a7e92ba1,4,,0.004543,12.699432,/home/kai/work/GAT_BPC_moonTerk/runs/native_live_sri_v1_p0_frozen_paired_promotion_clean_v2_20260722/raw/scale_010/instance_020_logical_graph/repeat_07/1_live/attempt_01
s010:instance_020:r07:o2:no_cut,10,instance_020,7,live/no_cut,2,no_cut,EXACT_CLOSED,0,0.754762,True,True,True,dfaedf6d273c5c56,1.968338,BPC_TREE_OPTIMAL,no_cut,37c44c29594e0b8b0ba429e5dd3cf7422c07ae17222bb31e16e31e57030d5e63,0,,0.004414,12.706039,/home/kai/work/GAT_BPC_moonTerk/runs/native_live_sri_v1_p0_frozen_paired_promotion_clean_v2_20260722/raw/scale_010/instance_020_logical_graph/repeat_07/2_no_cut/attempt_01
s010:instance_020:r08:o1:no_cut,10,instance_020,8,no_cut/live,1,no_cut,EXACT_CLOSED,0,0.762348,True,True,True,dfaedf6d273c5c56,1.968338,BPC_TREE_OPTIMAL,no_cut,37c44c29594e0b8b0ba429e5dd3cf7422c07ae17222bb31e16e31e57030d5e63,0,,0.004993,12.701469,/home/kai/work/GAT_BPC_moonTerk/runs/native_live_sri_v1_p0_frozen_paired_promotion_clean_v2_20260722/raw/scale_010/instance_020_logical_graph/repeat_08/1_no_cut/attempt_01
s010:instance_020:r08:o2:live,10,instance_020,8,no_cut/live,2,live,EXACT_CLOSED,0,0.693919,True,True,True,dfaedf6d273c5c56,1.968338,BPC_TREE_OPTIMAL,P0,9f0e7c4f7e2cab50267e197d55a17950aeee35aad388e47448f24873a7e92ba1,4,,0.004642,12.702728,/home/kai/work/GAT_BPC_moonTerk/runs/native_live_sri_v1_p0_frozen_paired_promotion_clean_v2_20260722/raw/scale_010/instance_020_logical_graph/repeat_08/2_live/attempt_01
s010:instance_020:r09:o1:live,10,instance_020,9,live/no_cut,1,live,EXACT_CLOSED,0,0.709476,True,True,True,dfaedf6d273c5c56,1.968338,BPC_TREE_OPTIMAL,P0,9f0e7c4f7e2cab50267e197d55a17950aeee35aad388e47448f24873a7e92ba1,4,,0.004463,12.704987,/home/kai/work/GAT_BPC_moonTerk/runs/native_live_sri_v1_p0_frozen_paired_promotion_clean_v2_20260722/raw/scale_010/instance_020_logical_graph/repeat_09/1_live/attempt_01
s010:instance_020:r09:o2:no_cut,10,instance_020,9,live/no_cut,2,no_cut,EXACT_CLOSED,0,0.768459,True,True,True,dfaedf6d273c5c56,1.968338,BPC_TREE_OPTIMAL,no_cut,37c44c29594e0b8b0ba429e5dd3cf7422c07ae17222bb31e16e31e57030d5e63,0,,0.00444,12.708942,/home/kai/work/GAT_BPC_moonTerk/runs/native_live_sri_v1_p0_frozen_paired_promotion_clean_v2_20260722/raw/scale_010/instance_020_logical_graph/repeat_09/2_no_cut/attempt_01
s010:instance_020:r10:o1:no_cut,10,instance_020,10,no_cut/live,1,no_cut,EXACT_CLOSED,0,0.754547,True,True,True,dfaedf6d273c5c56,1.968338,BPC_TREE_OPTIMAL,no_cut,37c44c29594e0b8b0ba429e5dd3cf7422c07ae17222bb31e16e31e57030d5e63,0,,0.004566,12.7052,/home/kai/work/GAT_BPC_moonTerk/runs/native_live_sri_v1_p0_frozen_paired_promotion_clean_v2_20260722/raw/scale_010/instance_020_logical_graph/repeat_10/1_no_cut/attempt_01
s010:instance_020:r10:o2:live,10,instance_020,10,no_cut/live,2,live,EXACT_CLOSED,0,0.692261,True,True,True,dfaedf6d273c5c56,1.968338,BPC_TREE_OPTIMAL,P0,9f0e7c4f7e2cab50267e197d55a17950aeee35aad388e47448f24873a7e92ba1,4,,0.004513,12.70866,/home/kai/work/GAT_BPC_moonTerk/runs/native_live_sri_v1_p0_frozen_paired_promotion_clean_v2_20260722/raw/scale_010/instance_020_logical_graph/repeat_10/2_live/attempt_01
s020:instance_001:r01:o1:no_cut,20,instance_001,1,no_cut/live,1,no_cut,EXACT_CLOSED,0,6.474753,True,True,True,dfaedf6d273c5c56,1.581227,BPC_TREE_OPTIMAL,no_cut,37c44c29594e0b8b0ba429e5dd3cf7422c07ae17222bb31e16e31e57030d5e63,0,,0.004505,12.709164,/home/kai/work/GAT_BPC_moonTerk/runs/native_live_sri_v1_p0_frozen_paired_promotion_clean_v2_20260722/raw/scale_020/instance_001_logical_graph/repeat_01/1_no_cut/attempt_01
s020:instance_001:r01:o2:live,20,instance_001,1,no_cut/live,2,live,EXACT_CLOSED,0,6.569872,True,True,True,dfaedf6d273c5c56,1.581227,BPC_TREE_OPTIMAL,P0,9f0e7c4f7e2cab50267e197d55a17950aeee35aad388e47448f24873a7e92ba1,0,,0.00449,12.706039,/home/kai/work/GAT_BPC_moonTerk/runs/native_live_sri_v1_p0_frozen_paired_promotion_clean_v2_20260722/raw/scale_020/instance_001_logical_graph/repeat_01/2_live/attempt_01
s020:instance_001:r02:o1:live,20,instance_001,2,live/no_cut,1,live,EXACT_CLOSED,0,6.640238,True,True,True,dfaedf6d273c5c56,1.581227,BPC_TREE_OPTIMAL,P0,9f0e7c4f7e2cab50267e197d55a17950aeee35aad388e47448f24873a7e92ba1,0,,0.004398,12.708973,/home/kai/work/GAT_BPC_moonTerk/runs/native_live_sri_v1_p0_frozen_paired_promotion_clean_v2_20260722/raw/scale_020/instance_001_logical_graph/repeat_02/1_live/attempt_01
s020:instance_001:r02:o2:no_cut,20,instance_001,2,live/no_cut,2,no_cut,EXACT_CLOSED,0,6.630742,True,True,True,dfaedf6d273c5c56,1.581227,BPC_TREE_OPTIMAL,no_cut,37c44c29594e0b8b0ba429e5dd3cf7422c07ae17222bb31e16e31e57030d5e63,0,,0.005852,12.700943,/home/kai/work/GAT_BPC_moonTerk/runs/native_live_sri_v1_p0_frozen_paired_promotion_clean_v2_20260722/raw/scale_020/instance_001_logical_graph/repeat_02/2_no_cut/attempt_01
s020:instance_001:r03:o1:no_cut,20,instance_001,3,no_cut/live,1,no_cut,EXACT_CLOSED,0,6.548672,True,True,True,dfaedf6d273c5c56,1.581227,BPC_TREE_OPTIMAL,no_cut,37c44c29594e0b8b0ba429e5dd3cf7422c07ae17222bb31e16e31e57030d5e63,0,,0.004818,12.705681,/home/kai/work/GAT_BPC_moonTerk/runs/native_live_sri_v1_p0_frozen_paired_promotion_clean_v2_20260722/raw/scale_020/instance_001_logical_graph/repeat_03/1_no_cut/attempt_01
s020:instance_001:r03:o2:live,20,instance_001,3,no_cut/live,2,live,EXACT_CLOSED,0,6.502398,True,True,True,dfaedf6d273c5c56,1.581227,BPC_TREE_OPTIMAL,P0,9f0e7c4f7e2cab50267e197d55a17950aeee35aad388e47448f24873a7e92ba1,0,,0.004856,12.702232,/home/kai/work/GAT_BPC_moonTerk/runs/native_live_sri_v1_p0_frozen_paired_promotion_clean_v2_20260722/raw/scale_020/instance_001_logical_graph/repeat_03/2_live/attempt_01
s020:instance_002:r01:o1:live,20,instance_002,1,live/no_cut,1,live,EXACT_CLOSED,0,4.423185,True,True,True,dfaedf6d273c5c56,1.774474,BPC_TREE_OPTIMAL,P0,9f0e7c4f7e2cab50267e197d55a17950aeee35aad388e47448f24873a7e92ba1,0,,0.004349,12.698627,/home/kai/work/GAT_BPC_moonTerk/runs/native_live_sri_v1_p0_frozen_paired_promotion_clean_v2_20260722/raw/scale_020/instance_002_logical_graph/repeat_01/1_live/attempt_01
s020:instance_002:r01:o2:no_cut,20,instance_002,1,live/no_cut,2,no_cut,EXACT_CLOSED,0,4.380058,True,True,True,dfaedf6d273c5c56,1.774474,BPC_TREE_OPTIMAL,no_cut,37c44c29594e0b8b0ba429e5dd3cf7422c07ae17222bb31e16e31e57030d5e63,0,,0.00462,12.70034,/home/kai/work/GAT_BPC_moonTerk/runs/native_live_sri_v1_p0_frozen_paired_promotion_clean_v2_20260722/raw/scale_020/instance_002_logical_graph/repeat_01/2_no_cut/attempt_01
s020:instance_002:r02:o1:no_cut,20,instance_002,2,no_cut/live,1,no_cut,EXACT_CLOSED,0,4.454234,True,True,True,dfaedf6d273c5c56,1.774474,BPC_TREE_OPTIMAL,no_cut,37c44c29594e0b8b0ba429e5dd3cf7422c07ae17222bb31e16e31e57030d5e63,0,,0.00465,12.699665,/home/kai/work/GAT_BPC_moonTerk/runs/native_live_sri_v1_p0_frozen_paired_promotion_clean_v2_20260722/raw/scale_020/instance_002_logical_graph/repeat_02/1_no_cut/attempt_01
s020:instance_002:r02:o2:live,20,instance_002,2,no_cut/live,2,live,EXACT_CLOSED,0,4.566206,True,True,True,dfaedf6d273c5c56,1.774474,BPC_TREE_OPTIMAL,P0,9f0e7c4f7e2cab50267e197d55a17950aeee35aad388e47448f24873a7e92ba1,0,,0.004501,12.70224,/home/kai/work/GAT_BPC_moonTerk/runs/native_live_sri_v1_p0_frozen_paired_promotion_clean_v2_20260722/raw/scale_020/instance_002_logical_graph/repeat_02/2_live/attempt_01
s020:instance_002:r03:o1:live,20,instance_002,3,live/no_cut,1,live,EXACT_CLOSED,0,4.475979,True,True,True,dfaedf6d273c5c56,1.774474,BPC_TREE_OPTIMAL,P0,9f0e7c4f7e2cab50267e197d55a17950aeee35aad388e47448f24873a7e92ba1,0,,0.004757,12.700867,/home/kai/work/GAT_BPC_moonTerk/runs/native_live_sri_v1_p0_frozen_paired_promotion_clean_v2_20260722/raw/scale_020/instance_002_logical_graph/repeat_03/1_live/attempt_01
s020:instance_002:r03:o2:no_cut,20,instance_002,3,live/no_cut,2,no_cut,EXACT_CLOSED,0,4.449808,True,True,True,dfaedf6d273c5c56,1.774474,BPC_TREE_OPTIMAL,no_cut,37c44c29594e0b8b0ba429e5dd3cf7422c07ae17222bb31e16e31e57030d5e63,0,,0.004776,12.703949,/home/kai/work/GAT_BPC_moonTerk/runs/native_live_sri_v1_p0_frozen_paired_promotion_clean_v2_20260722/raw/scale_020/instance_002_logical_graph/repeat_03/2_no_cut/attempt_01
s020:instance_003:r01:o1:no_cut,20,instance_003,1,no_cut/live,1,no_cut,EXACT_CLOSED,0,20.907938,True,True,True,dfaedf6d273c5c56,1.581185,BPC_TREE_OPTIMAL,no_cut,37c44c29594e0b8b0ba429e5dd3cf7422c07ae17222bb31e16e31e57030d5e63,0,,0.004879,12.702026,/home/kai/work/GAT_BPC_moonTerk/runs/native_live_sri_v1_p0_frozen_paired_promotion_clean_v2_20260722/raw/scale_020/instance_003_logical_graph/repeat_01/1_no_cut/attempt_01
s020:instance_003:r01:o2:live,20,instance_003,1,no_cut/live,2,live,EXACT_CLOSED,0,22.549233,True,True,True,dfaedf6d273c5c56,1.581185,BPC_TREE_OPTIMAL,P0,9f0e7c4f7e2cab50267e197d55a17950aeee35aad388e47448f24873a7e92ba1,4,,0.004322,12.701141,/home/kai/work/GAT_BPC_moonTerk/runs/native_live_sri_v1_p0_frozen_paired_promotion_clean_v2_20260722/raw/scale_020/instance_003_logical_graph/repeat_01/2_live/attempt_01
s020:instance_003:r02:o1:live,20,instance_003,2,live/no_cut,1,live,EXACT_CLOSED,0,22.41203,True,True,True,dfaedf6d273c5c56,1.581185,BPC_TREE_OPTIMAL,P0,9f0e7c4f7e2cab50267e197d55a17950aeee35aad388e47448f24873a7e92ba1,4,,0.004673,12.69595,/home/kai/work/GAT_BPC_moonTerk/runs/native_live_sri_v1_p0_frozen_paired_promotion_clean_v2_20260722/raw/scale_020/instance_003_logical_graph/repeat_02/1_live/attempt_01
s020:instance_003:r02:o2:no_cut,20,instance_003,2,live/no_cut,2,no_cut,EXACT_CLOSED,0,21.790146,True,True,True,dfaedf6d273c5c56,1.581185,BPC_TREE_OPTIMAL,no_cut,37c44c29594e0b8b0ba429e5dd3cf7422c07ae17222bb31e16e31e57030d5e63,0,,0.004471,12.6996,/home/kai/work/GAT_BPC_moonTerk/runs/native_live_sri_v1_p0_frozen_paired_promotion_clean_v2_20260722/raw/scale_020/instance_003_logical_graph/repeat_02/2_no_cut/attempt_01
s020:instance_003:r03:o1:no_cut,20,instance_003,3,no_cut/live,1,no_cut,EXACT_CLOSED,0,21.26507,True,True,True,dfaedf6d273c5c56,1.581185,BPC_TREE_OPTIMAL,no_cut,37c44c29594e0b8b0ba429e5dd3cf7422c07ae17222bb31e16e31e57030d5e63,0,,0.004589,12.703308,/home/kai/work/GAT_BPC_moonTerk/runs/native_live_sri_v1_p0_frozen_paired_promotion_clean_v2_20260722/raw/scale_020/instance_003_logical_graph/repeat_03/1_no_cut/attempt_01
s020:instance_003:r03:o2:live,20,instance_003,3,no_cut/live,2,live,EXACT_CLOSED,0,22.226137,True,True,True,dfaedf6d273c5c56,1.581185,BPC_TREE_OPTIMAL,P0,9f0e7c4f7e2cab50267e197d55a17950aeee35aad388e47448f24873a7e92ba1,4,,0.00502,12.697964,/home/kai/work/GAT_BPC_moonTerk/runs/native_live_sri_v1_p0_frozen_paired_promotion_clean_v2_20260722/raw/scale_020/instance_003_logical_graph/repeat_03/2_live/attempt_01
s020:instance_004:r01:o1:live,20,instance_004,1,live/no_cut,1,live,EXACT_CLOSED,0,12.847042,True,True,True,dfaedf6d273c5c56,1.66182,BPC_TREE_OPTIMAL,P0,9f0e7c4f7e2cab50267e197d55a17950aeee35aad388e47448f24873a7e92ba1,4,,0.004559,12.70311,/home/kai/work/GAT_BPC_moonTerk/runs/native_live_sri_v1_p0_frozen_paired_promotion_clean_v2_20260722/raw/scale_020/instance_004_logical_graph/repeat_01/1_live/attempt_01
s020:instance_004:r01:o2:no_cut,20,instance_004,1,live/no_cut,2,no_cut,EXACT_CLOSED,0,18.581544,True,True,True,dfaedf6d273c5c56,1.66182,BPC_TREE_OPTIMAL,no_cut,37c44c29594e0b8b0ba429e5dd3cf7422c07ae17222bb31e16e31e57030d5e63,0,,0.004486,12.699539,/home/kai/work/GAT_BPC_moonTerk/runs/native_live_sri_v1_p0_frozen_paired_promotion_clean_v2_20260722/raw/scale_020/instance_004_logical_graph/repeat_01/2_no_cut/attempt_01
s020:instance_004:r02:o1:no_cut,20,instance_004,2,no_cut/live,1,no_cut,EXACT_CLOSED,0,18.439487,True,True,True,dfaedf6d273c5c56,1.66182,BPC_TREE_OPTIMAL,no_cut,37c44c29594e0b8b0ba429e5dd3cf7422c07ae17222bb31e16e31e57030d5e63,0,,0.004848,12.699005,/home/kai/work/GAT_BPC_moonTerk/runs/native_live_sri_v1_p0_frozen_paired_promotion_clean_v2_20260722/raw/scale_020/instance_004_logical_graph/repeat_02/1_no_cut/attempt_01
s020:instance_004:r02:o2:live,20,instance_004,2,no_cut/live,2,live,EXACT_CLOSED,0,12.734164,True,True,True,dfaedf6d273c5c56,1.66182,BPC_TREE_OPTIMAL,P0,9f0e7c4f7e2cab50267e197d55a17950aeee35aad388e47448f24873a7e92ba1,4,,0.004967,12.696709,/home/kai/work/GAT_BPC_moonTerk/runs/native_live_sri_v1_p0_frozen_paired_promotion_clean_v2_20260722/raw/scale_020/instance_004_logical_graph/repeat_02/2_live/attempt_01
s020:instance_004:r03:o1:live,20,instance_004,3,live/no_cut,1,live,EXACT_CLOSED,0,12.632399,True,True,True,dfaedf6d273c5c56,1.66182,BPC_TREE_OPTIMAL,P0,9f0e7c4f7e2cab50267e197d55a17950aeee35aad388e47448f24873a7e92ba1,4,,0.004486,12.702873,/home/kai/work/GAT_BPC_moonTerk/runs/native_live_sri_v1_p0_frozen_paired_promotion_clean_v2_20260722/raw/scale_020/instance_004_logical_graph/repeat_03/1_live/attempt_01
s020:instance_004:r03:o2:no_cut,20,instance_004,3,live/no_cut,2,no_cut,EXACT_CLOSED,0,18.439084,True,True,True,dfaedf6d273c5c56,1.66182,BPC_TREE_OPTIMAL,no_cut,37c44c29594e0b8b0ba429e5dd3cf7422c07ae17222bb31e16e31e57030d5e63,0,,0.00452,12.705437,/home/kai/work/GAT_BPC_moonTerk/runs/native_live_sri_v1_p0_frozen_paired_promotion_clean_v2_20260722/raw/scale_020/instance_004_logical_graph/repeat_03/2_no_cut/attempt_01
s020:instance_005:r01:o1:no_cut,20,instance_005,1,no_cut/live,1,no_cut,EXACT_CLOSED,0,13.401576,True,True,True,dfaedf6d273c5c56,1.611249,BPC_TREE_OPTIMAL,no_cut,37c44c29594e0b8b0ba429e5dd3cf7422c07ae17222bb31e16e31e57030d5e63,0,,0.00441,12.702011,/home/kai/work/GAT_BPC_moonTerk/runs/native_live_sri_v1_p0_frozen_paired_promotion_clean_v2_20260722/raw/scale_020/instance_005_logical_graph/repeat_01/1_no_cut/attempt_01
s020:instance_005:r01:o2:live,20,instance_005,1,no_cut/live,2,live,EXACT_CLOSED,0,13.36676,True,True,True,dfaedf6d273c5c56,1.611249,BPC_TREE_OPTIMAL,P0,9f0e7c4f7e2cab50267e197d55a17950aeee35aad388e47448f24873a7e92ba1,0,,0.004402,12.705421,/home/kai/work/GAT_BPC_moonTerk/runs/native_live_sri_v1_p0_frozen_paired_promotion_clean_v2_20260722/raw/scale_020/instance_005_logical_graph/repeat_01/2_live/attempt_01
s020:instance_005:r02:o1:live,20,instance_005,2,live/no_cut,1,live,EXACT_CLOSED,0,13.308579,True,True,True,dfaedf6d273c5c56,1.611249,BPC_TREE_OPTIMAL,P0,9f0e7c4f7e2cab50267e197d55a17950aeee35aad388e47448f24873a7e92ba1,0,,0.006386,12.695557,/home/kai/work/GAT_BPC_moonTerk/runs/native_live_sri_v1_p0_frozen_paired_promotion_clean_v2_20260722/raw/scale_020/instance_005_logical_graph/repeat_02/1_live/attempt_01
s020:instance_005:r02:o2:no_cut,20,instance_005,2,live/no_cut,2,no_cut,EXACT_CLOSED,0,13.443605,True,True,True,dfaedf6d273c5c56,1.611249,BPC_TREE_OPTIMAL,no_cut,37c44c29594e0b8b0ba429e5dd3cf7422c07ae17222bb31e16e31e57030d5e63,0,,0.004929,12.696564,/home/kai/work/GAT_BPC_moonTerk/runs/native_live_sri_v1_p0_frozen_paired_promotion_clean_v2_20260722/raw/scale_020/instance_005_logical_graph/repeat_02/2_no_cut/attempt_01
s020:instance_005:r03:o1:no_cut,20,instance_005,3,no_cut/live,1,no_cut,EXACT_CLOSED,0,13.436267,True,True,True,dfaedf6d273c5c56,1.611249,BPC_TREE_OPTIMAL,no_cut,37c44c29594e0b8b0ba429e5dd3cf7422c07ae17222bb31e16e31e57030d5e63,0,,0.004734,12.700588,/home/kai/work/GAT_BPC_moonTerk/runs/native_live_sri_v1_p0_frozen_paired_promotion_clean_v2_20260722/raw/scale_020/instance_005_logical_graph/repeat_03/1_no_cut/attempt_01
s020:instance_005:r03:o2:live,20,instance_005,3,no_cut/live,2,live,EXACT_CLOSED,0,13.956483,True,True,True,dfaedf6d273c5c56,1.611249,BPC_TREE_OPTIMAL,P0,9f0e7c4f7e2cab50267e197d55a17950aeee35aad388e47448f24873a7e92ba1,0,,0.00457,12.634552,/home/kai/work/GAT_BPC_moonTerk/runs/native_live_sri_v1_p0_frozen_paired_promotion_clean_v2_20260722/raw/scale_020/instance_005_logical_graph/repeat_03/2_live/attempt_01
s020:instance_006:r01:o1:live,20,instance_006,1,live/no_cut,1,live,EXACT_CLOSED,0,6.115321,True,True,True,dfaedf6d273c5c56,1.663893,BPC_TREE_OPTIMAL,P0,9f0e7c4f7e2cab50267e197d55a17950aeee35aad388e47448f24873a7e92ba1,0,,0.004375,12.625195,/home/kai/work/GAT_BPC_moonTerk/runs/native_live_sri_v1_p0_frozen_paired_promotion_clean_v2_20260722/raw/scale_020/instance_006_logical_graph/repeat_01/1_live/attempt_01
s020:instance_006:r01:o2:no_cut,20,instance_006,1,live/no_cut,2,no_cut,EXACT_CLOSED,0,5.894833,True,True,True,dfaedf6d273c5c56,1.663893,BPC_TREE_OPTIMAL,no_cut,37c44c29594e0b8b0ba429e5dd3cf7422c07ae17222bb31e16e31e57030d5e63,0,,0.004391,12.632938,/home/kai/work/GAT_BPC_moonTerk/runs/native_live_sri_v1_p0_frozen_paired_promotion_clean_v2_20260722/raw/scale_020/instance_006_logical_graph/repeat_01/2_no_cut/attempt_01
s020:instance_006:r02:o1:no_cut,20,instance_006,2,no_cut/live,1,no_cut,EXACT_CLOSED,0,6.016098,True,True,True,dfaedf6d273c5c56,1.663893,BPC_TREE_OPTIMAL,no_cut,37c44c29594e0b8b0ba429e5dd3cf7422c07ae17222bb31e16e31e57030d5e63,0,,0.004498,12.630718,/home/kai/work/GAT_BPC_moonTerk/runs/native_live_sri_v1_p0_frozen_paired_promotion_clean_v2_20260722/raw/scale_020/instance_006_logical_graph/repeat_02/1_no_cut/attempt_01
s020:instance_006:r02:o2:live,20,instance_006,2,no_cut/live,2,live,EXACT_CLOSED,0,6.064081,True,True,True,dfaedf6d273c5c56,1.663893,BPC_TREE_OPTIMAL,P0,9f0e7c4f7e2cab50267e197d55a17950aeee35aad388e47448f24873a7e92ba1,0,,0.00462,12.633644,/home/kai/work/GAT_BPC_moonTerk/runs/native_live_sri_v1_p0_frozen_paired_promotion_clean_v2_20260722/raw/scale_020/instance_006_logical_graph/repeat_02/2_live/attempt_01
s020:instance_006:r03:o1:live,20,instance_006,3,live/no_cut,1,live,EXACT_CLOSED,0,6.013695,True,True,True,dfaedf6d273c5c56,1.663893,BPC_TREE_OPTIMAL,P0,9f0e7c4f7e2cab50267e197d55a17950aeee35aad388e47448f24873a7e92ba1,0,,0.004848,12.689388,/home/kai/work/GAT_BPC_moonTerk/runs/native_live_sri_v1_p0_frozen_paired_promotion_clean_v2_20260722/raw/scale_020/instance_006_logical_graph/repeat_03/1_live/attempt_01
s020:instance_006:r03:o2:no_cut,20,instance_006,3,live/no_cut,2,no_cut,EXACT_CLOSED,0,6.085192,True,True,True,dfaedf6d273c5c56,1.663893,BPC_TREE_OPTIMAL,no_cut,37c44c29594e0b8b0ba429e5dd3cf7422c07ae17222bb31e16e31e57030d5e63,0,,0.004452,12.699928,/home/kai/work/GAT_BPC_moonTerk/runs/native_live_sri_v1_p0_frozen_paired_promotion_clean_v2_20260722/raw/scale_020/instance_006_logical_graph/repeat_03/2_no_cut/attempt_01
s020:instance_007:r01:o1:no_cut,20,instance_007,1,no_cut/live,1,no_cut,EXACT_CLOSED,0,7.579858,True,True,True,dfaedf6d273c5c56,1.839652,BPC_TREE_OPTIMAL,no_cut,37c44c29594e0b8b0ba429e5dd3cf7422c07ae17222bb31e16e31e57030d5e63,0,,0.005341,12.758606,/home/kai/work/GAT_BPC_moonTerk/runs/native_live_sri_v1_p0_frozen_paired_promotion_clean_v2_20260722/raw/scale_020/instance_007_logical_graph/repeat_01/1_no_cut/attempt_01
s020:instance_007:r01:o2:live,20,instance_007,1,no_cut/live,2,live,EXACT_CLOSED,0,7.683452,True,True,True,dfaedf6d273c5c56,1.839652,BPC_TREE_OPTIMAL,P0,9f0e7c4f7e2cab50267e197d55a17950aeee35aad388e47448f24873a7e92ba1,0,,0.004372,12.751736,/home/kai/work/GAT_BPC_moonTerk/runs/native_live_sri_v1_p0_frozen_paired_promotion_clean_v2_20260722/raw/scale_020/instance_007_logical_graph/repeat_01/2_live/attempt_01
s020:instance_007:r02:o1:live,20,instance_007,2,live/no_cut,1,live,EXACT_CLOSED,0,7.570984,True,True,True,dfaedf6d273c5c56,1.839652,BPC_TREE_OPTIMAL,P0,9f0e7c4f7e2cab50267e197d55a17950aeee35aad388e47448f24873a7e92ba1,0,,0.004536,12.750465,/home/kai/work/GAT_BPC_moonTerk/runs/native_live_sri_v1_p0_frozen_paired_promotion_clean_v2_20260722/raw/scale_020/instance_007_logical_graph/repeat_02/1_live/attempt_01
s020:instance_007:r02:o2:no_cut,20,instance_007,2,live/no_cut,2,no_cut,EXACT_CLOSED,0,7.695903,True,True,True,dfaedf6d273c5c56,1.839652,BPC_TREE_OPTIMAL,no_cut,37c44c29594e0b8b0ba429e5dd3cf7422c07ae17222bb31e16e31e57030d5e63,0,,0.004639,12.751568,/home/kai/work/GAT_BPC_moonTerk/runs/native_live_sri_v1_p0_frozen_paired_promotion_clean_v2_20260722/raw/scale_020/instance_007_logical_graph/repeat_02/2_no_cut/attempt_01
s020:instance_007:r03:o1:no_cut,20,instance_007,3,no_cut/live,1,no_cut,EXACT_CLOSED,0,7.507853,True,True,True,dfaedf6d273c5c56,1.839652,BPC_TREE_OPTIMAL,no_cut,37c44c29594e0b8b0ba429e5dd3cf7422c07ae17222bb31e16e31e57030d5e63,0,,0.004612,12.751701,/home/kai/work/GAT_BPC_moonTerk/runs/native_live_sri_v1_p0_frozen_paired_promotion_clean_v2_20260722/raw/scale_020/instance_007_logical_graph/repeat_03/1_no_cut/attempt_01
s020:instance_007:r03:o2:live,20,instance_007,3,no_cut/live,2,live,EXACT_CLOSED,0,7.600819,True,True,True,dfaedf6d273c5c56,1.839652,BPC_TREE_OPTIMAL,P0,9f0e7c4f7e2cab50267e197d55a17950aeee35aad388e47448f24873a7e92ba1,0,,0.005444,12.760109,/home/kai/work/GAT_BPC_moonTerk/runs/native_live_sri_v1_p0_frozen_paired_promotion_clean_v2_20260722/raw/scale_020/instance_007_logical_graph/repeat_03/2_live/attempt_01
s020:instance_008:r01:o1:live,20,instance_008,1,live/no_cut,1,live,EXACT_CLOSED,0,18.320513,True,True,True,dfaedf6d273c5c56,1.632942,BPC_TREE_OPTIMAL,P0,9f0e7c4f7e2cab50267e197d55a17950aeee35aad388e47448f24873a7e92ba1,0,,0.004662,12.755234,/home/kai/work/GAT_BPC_moonTerk/runs/native_live_sri_v1_p0_frozen_paired_promotion_clean_v2_20260722/raw/scale_020/instance_008_logical_graph/repeat_01/1_live/attempt_01
s020:instance_008:r01:o2:no_cut,20,instance_008,1,live/no_cut,2,no_cut,EXACT_CLOSED,0,19.710637,True,True,True,dfaedf6d273c5c56,1.632942,BPC_TREE_OPTIMAL,no_cut,37c44c29594e0b8b0ba429e5dd3cf7422c07ae17222bb31e16e31e57030d5e63,0,,0.004738,12.747051,/home/kai/work/GAT_BPC_moonTerk/runs/native_live_sri_v1_p0_frozen_paired_promotion_clean_v2_20260722/raw/scale_020/instance_008_logical_graph/repeat_01/2_no_cut/attempt_01
s020:instance_008:r02:o1:no_cut,20,instance_008,2,no_cut/live,1,no_cut,EXACT_CLOSED,0,18.049748,True,True,True,dfaedf6d273c5c56,1.632942,BPC_TREE_OPTIMAL,no_cut,37c44c29594e0b8b0ba429e5dd3cf7422c07ae17222bb31e16e31e57030d5e63,0,,0.004791,12.760082,/home/kai/work/GAT_BPC_moonTerk/runs/native_live_sri_v1_p0_frozen_paired_promotion_clean_v2_20260722/raw/scale_020/instance_008_logical_graph/repeat_02/1_no_cut/attempt_01
s020:instance_008:r02:o2:live,20,instance_008,2,no_cut/live,2,live,EXACT_CLOSED,0,18.288584,True,True,True,dfaedf6d273c5c56,1.632942,BPC_TREE_OPTIMAL,P0,9f0e7c4f7e2cab50267e197d55a17950aeee35aad388e47448f24873a7e92ba1,0,,0.00449,12.752132,/home/kai/work/GAT_BPC_moonTerk/runs/native_live_sri_v1_p0_frozen_paired_promotion_clean_v2_20260722/raw/scale_020/instance_008_logical_graph/repeat_02/2_live/attempt_01
s020:instance_008:r03:o1:live,20,instance_008,3,live/no_cut,1,live,EXACT_CLOSED,0,18.394655,True,True,True,dfaedf6d273c5c56,1.632942,BPC_TREE_OPTIMAL,P0,9f0e7c4f7e2cab50267e197d55a17950aeee35aad388e47448f24873a7e92ba1,0,,0.004333,12.759457,/home/kai/work/GAT_BPC_moonTerk/runs/native_live_sri_v1_p0_frozen_paired_promotion_clean_v2_20260722/raw/scale_020/instance_008_logical_graph/repeat_03/1_live/attempt_01
s020:instance_008:r03:o2:no_cut,20,instance_008,3,live/no_cut,2,no_cut,EXACT_CLOSED,0,18.35562,True,True,True,dfaedf6d273c5c56,1.632942,BPC_TREE_OPTIMAL,no_cut,37c44c29594e0b8b0ba429e5dd3cf7422c07ae17222bb31e16e31e57030d5e63,0,,0.005001,12.758656,/home/kai/work/GAT_BPC_moonTerk/runs/native_live_sri_v1_p0_frozen_paired_promotion_clean_v2_20260722/raw/scale_020/instance_008_logical_graph/repeat_03/2_no_cut/attempt_01
s020:instance_009:r01:o1:no_cut,20,instance_009,1,no_cut/live,1,no_cut,EXACT_CLOSED,0,17.60411,True,True,True,dfaedf6d273c5c56,1.893717,BPC_TREE_OPTIMAL,no_cut,37c44c29594e0b8b0ba429e5dd3cf7422c07ae17222bb31e16e31e57030d5e63,0,,0.004929,12.757694,/home/kai/work/GAT_BPC_moonTerk/runs/native_live_sri_v1_p0_frozen_paired_promotion_clean_v2_20260722/raw/scale_020/instance_009_logical_graph/repeat_01/1_no_cut/attempt_01
s020:instance_009:r01:o2:live,20,instance_009,1,no_cut/live,2,live,EXACT_CLOSED,0,13.125536,True,True,True,dfaedf6d273c5c56,1.893717,BPC_TREE_OPTIMAL,P0,9f0e7c4f7e2cab50267e197d55a17950aeee35aad388e47448f24873a7e92ba1,4,,0.00581,12.757481,/home/kai/work/GAT_BPC_moonTerk/runs/native_live_sri_v1_p0_frozen_paired_promotion_clean_v2_20260722/raw/scale_020/instance_009_logical_graph/repeat_01/2_live/attempt_01
s020:instance_009:r02:o1:live,20,instance_009,2,live/no_cut,1,live,EXACT_CLOSED,0,13.057274,True,True,True,dfaedf6d273c5c56,1.893717,BPC_TREE_OPTIMAL,P0,9f0e7c4f7e2cab50267e197d55a17950aeee35aad388e47448f24873a7e92ba1,4,,0.004467,12.758316,/home/kai/work/GAT_BPC_moonTerk/runs/native_live_sri_v1_p0_frozen_paired_promotion_clean_v2_20260722/raw/scale_020/instance_009_logical_graph/repeat_02/1_live/attempt_01
s020:instance_009:r02:o2:no_cut,20,instance_009,2,live/no_cut,2,no_cut,EXACT_CLOSED,0,17.294055,True,True,True,dfaedf6d273c5c56,1.893717,BPC_TREE_OPTIMAL,no_cut,37c44c29594e0b8b0ba429e5dd3cf7422c07ae17222bb31e16e31e57030d5e63,0,,0.004398,12.753464,/home/kai/work/GAT_BPC_moonTerk/runs/native_live_sri_v1_p0_frozen_paired_promotion_clean_v2_20260722/raw/scale_020/instance_009_logical_graph/repeat_02/2_no_cut/attempt_01
s020:instance_009:r03:o1:no_cut,20,instance_009,3,no_cut/live,1,no_cut,EXACT_CLOSED,0,17.642778,True,True,True,dfaedf6d273c5c56,1.893717,BPC_TREE_OPTIMAL,no_cut,37c44c29594e0b8b0ba429e5dd3cf7422c07ae17222bb31e16e31e57030d5e63,0,,0.004349,12.761642,/home/kai/work/GAT_BPC_moonTerk/runs/native_live_sri_v1_p0_frozen_paired_promotion_clean_v2_20260722/raw/scale_020/instance_009_logical_graph/repeat_03/1_no_cut/attempt_01
s020:instance_009:r03:o2:live,20,instance_009,3,no_cut/live,2,live,EXACT_CLOSED,0,13.007868,True,True,True,dfaedf6d273c5c56,1.893717,BPC_TREE_OPTIMAL,P0,9f0e7c4f7e2cab50267e197d55a17950aeee35aad388e47448f24873a7e92ba1,4,,0.004314,12.745144,/home/kai/work/GAT_BPC_moonTerk/runs/native_live_sri_v1_p0_frozen_paired_promotion_clean_v2_20260722/raw/scale_020/instance_009_logical_graph/repeat_03/2_live/attempt_01
s020:instance_010:r01:o1:live,20,instance_010,1,live/no_cut,1,live,EXACT_CLOSED,0,68.841156,True,True,True,dfaedf6d273c5c56,1.636391,BPC_TREE_OPTIMAL,P0,9f0e7c4f7e2cab50267e197d55a17950aeee35aad388e47448f24873a7e92ba1,4,,0.608959,12.189487,/home/kai/work/GAT_BPC_moonTerk/runs/native_live_sri_v1_p0_frozen_paired_promotion_clean_v2_20260722/raw/scale_020/instance_010_logical_graph/repeat_01/1_live/attempt_01
s020:instance_010:r01:o2:no_cut,20,instance_010,1,live/no_cut,2,no_cut,EXACT_CLOSED,0,77.973662,True,True,True,dfaedf6d273c5c56,1.63639,BPC_TREE_OPTIMAL,no_cut,37c44c29594e0b8b0ba429e5dd3cf7422c07ae17222bb31e16e31e57030d5e63,0,,0.671959,12.12101,/home/kai/work/GAT_BPC_moonTerk/runs/native_live_sri_v1_p0_frozen_paired_promotion_clean_v2_20260722/raw/scale_020/instance_010_logical_graph/repeat_01/2_no_cut/attempt_01
s020:instance_010:r02:o1:no_cut,20,instance_010,2,no_cut/live,1,no_cut,EXACT_CLOSED,0,78.294401,True,True,True,dfaedf6d273c5c56,1.63639,BPC_TREE_OPTIMAL,no_cut,37c44c29594e0b8b0ba429e5dd3cf7422c07ae17222bb31e16e31e57030d5e63,0,,0.672188,12.122169,/home/kai/work/GAT_BPC_moonTerk/runs/native_live_sri_v1_p0_frozen_paired_promotion_clean_v2_20260722/raw/scale_020/instance_010_logical_graph/repeat_02/1_no_cut/attempt_01
s020:instance_010:r02:o2:live,20,instance_010,2,no_cut/live,2,live,EXACT_CLOSED,0,66.720892,True,True,True,dfaedf6d273c5c56,1.636391,BPC_TREE_OPTIMAL,P0,9f0e7c4f7e2cab50267e197d55a17950aeee35aad388e47448f24873a7e92ba1,4,,0.679882,12.100563,/home/kai/work/GAT_BPC_moonTerk/runs/native_live_sri_v1_p0_frozen_paired_promotion_clean_v2_20260722/raw/scale_020/instance_010_logical_graph/repeat_02/2_live/attempt_01
s020:instance_010:r03:o1:live,20,instance_010,3,live/no_cut,1,live,EXACT_CLOSED,0,66.706592,True,True,True,dfaedf6d273c5c56,1.636391,BPC_TREE_OPTIMAL,P0,9f0e7c4f7e2cab50267e197d55a17950aeee35aad388e47448f24873a7e92ba1,4,,0.679874,12.093964,/home/kai/work/GAT_BPC_moonTerk/runs/native_live_sri_v1_p0_frozen_paired_promotion_clean_v2_20260722/raw/scale_020/instance_010_logical_graph/repeat_03/1_live/attempt_01
s020:instance_010:r03:o2:no_cut,20,instance_010,3,live/no_cut,2,no_cut,EXACT_CLOSED,0,78.08699,True,True,True,dfaedf6d273c5c56,1.63639,BPC_TREE_OPTIMAL,no_cut,37c44c29594e0b8b0ba429e5dd3cf7422c07ae17222bb31e16e31e57030d5e63,0,,0.673946,12.104977,/home/kai/work/GAT_BPC_moonTerk/runs/native_live_sri_v1_p0_frozen_paired_promotion_clean_v2_20260722/raw/scale_020/instance_010_logical_graph/repeat_03/2_no_cut/attempt_01
s020:instance_011:r01:o1:no_cut,20,instance_011,1,no_cut/live,1,no_cut,EXACT_CLOSED,0,36.077403,True,True,True,dfaedf6d273c5c56,1.529607,BPC_TREE_OPTIMAL,no_cut,37c44c29594e0b8b0ba429e5dd3cf7422c07ae17222bb31e16e31e57030d5e63,0,,0.004501,12.724823,/home/kai/work/GAT_BPC_moonTerk/runs/native_live_sri_v1_p0_frozen_paired_promotion_clean_v2_20260722/raw/scale_020/instance_011_logical_graph/repeat_01/1_no_cut/attempt_01
s020:instance_011:r01:o2:live,20,instance_011,1,no_cut/live,2,live,EXACT_CLOSED,0,35.519399,True,True,True,dfaedf6d273c5c56,1.529607,BPC_TREE_OPTIMAL,P0,9f0e7c4f7e2cab50267e197d55a17950aeee35aad388e47448f24873a7e92ba1,0,,0.004471,12.726788,/home/kai/work/GAT_BPC_moonTerk/runs/native_live_sri_v1_p0_frozen_paired_promotion_clean_v2_20260722/raw/scale_020/instance_011_logical_graph/repeat_01/2_live/attempt_01
s020:instance_011:r02:o1:live,20,instance_011,2,live/no_cut,1,live,EXACT_CLOSED,0,35.681229,True,True,True,dfaedf6d273c5c56,1.529607,BPC_TREE_OPTIMAL,P0,9f0e7c4f7e2cab50267e197d55a17950aeee35aad388e47448f24873a7e92ba1,0,,0.004509,12.724747,/home/kai/work/GAT_BPC_moonTerk/runs/native_live_sri_v1_p0_frozen_paired_promotion_clean_v2_20260722/raw/scale_020/instance_011_logical_graph/repeat_02/1_live/attempt_01
s020:instance_011:r02:o2:no_cut,20,instance_011,2,live/no_cut,2,no_cut,EXACT_CLOSED,0,35.516633,True,True,True,dfaedf6d273c5c56,1.529607,BPC_TREE_OPTIMAL,no_cut,37c44c29594e0b8b0ba429e5dd3cf7422c07ae17222bb31e16e31e57030d5e63,0,,0.004383,12.721489,/home/kai/work/GAT_BPC_moonTerk/runs/native_live_sri_v1_p0_frozen_paired_promotion_clean_v2_20260722/raw/scale_020/instance_011_logical_graph/repeat_02/2_no_cut/attempt_01
s020:instance_011:r03:o1:no_cut,20,instance_011,3,no_cut/live,1,no_cut,EXACT_CLOSED,0,35.907214,True,True,True,dfaedf6d273c5c56,1.529607,BPC_TREE_OPTIMAL,no_cut,37c44c29594e0b8b0ba429e5dd3cf7422c07ae17222bb31e16e31e57030d5e63,0,,0.00441,12.721046,/home/kai/work/GAT_BPC_moonTerk/runs/native_live_sri_v1_p0_frozen_paired_promotion_clean_v2_20260722/raw/scale_020/instance_011_logical_graph/repeat_03/1_no_cut/attempt_01
s020:instance_011:r03:o2:live,20,instance_011,3,no_cut/live,2,live,EXACT_CLOSED,0,35.412544,True,True,True,dfaedf6d273c5c56,1.529607,BPC_TREE_OPTIMAL,P0,9f0e7c4f7e2cab50267e197d55a17950aeee35aad388e47448f24873a7e92ba1,0,,0.004971,12.716358,/home/kai/work/GAT_BPC_moonTerk/runs/native_live_sri_v1_p0_frozen_paired_promotion_clean_v2_20260722/raw/scale_020/instance_011_logical_graph/repeat_03/2_live/attempt_01
s020:instance_012:r01:o1:live,20,instance_012,1,live/no_cut,1,live,EXACT_CLOSED,0,111.453383,True,True,True,dfaedf6d273c5c56,1.558215,BPC_TREE_OPTIMAL,P0,9f0e7c4f7e2cab50267e197d55a17950aeee35aad388e47448f24873a7e92ba1,4,,0.771812,12.002037,/home/kai/work/GAT_BPC_moonTerk/runs/native_live_sri_v1_p0_frozen_paired_promotion_clean_v2_20260722/raw/scale_020/instance_012_logical_graph/repeat_01/1_live/attempt_01
s020:instance_012:r01:o2:no_cut,20,instance_012,1,live/no_cut,2,no_cut,EXACT_CLOSED,0,122.682977,True,True,True,dfaedf6d273c5c56,1.558215,BPC_TREE_OPTIMAL,no_cut,37c44c29594e0b8b0ba429e5dd3cf7422c07ae17222bb31e16e31e57030d5e63,0,,0.766346,12.014629,/home/kai/work/GAT_BPC_moonTerk/runs/native_live_sri_v1_p0_frozen_paired_promotion_clean_v2_20260722/raw/scale_020/instance_012_logical_graph/repeat_01/2_no_cut/attempt_01
s020:instance_012:r02:o1:no_cut,20,instance_012,2,no_cut/live,1,no_cut,EXACT_CLOSED,0,122.375767,True,True,True,dfaedf6d273c5c56,1.558215,BPC_TREE_OPTIMAL,no_cut,37c44c29594e0b8b0ba429e5dd3cf7422c07ae17222bb31e16e31e57030d5e63,0,,0.768017,12.004601,/home/kai/work/GAT_BPC_moonTerk/runs/native_live_sri_v1_p0_frozen_paired_promotion_clean_v2_20260722/raw/scale_020/instance_012_logical_graph/repeat_02/1_no_cut/attempt_01
s020:instance_012:r02:o2:live,20,instance_012,2,no_cut/live,2,live,EXACT_CLOSED,0,106.914458,True,True,True,dfaedf6d273c5c56,1.558215,BPC_TREE_OPTIMAL,P0,9f0e7c4f7e2cab50267e197d55a17950aeee35aad388e47448f24873a7e92ba1,4,,0.77243,12.002411,/home/kai/work/GAT_BPC_moonTerk/runs/native_live_sri_v1_p0_frozen_paired_promotion_clean_v2_20260722/raw/scale_020/instance_012_logical_graph/repeat_02/2_live/attempt_01
s020:instance_012:r03:o1:live,20,instance_012,3,live/no_cut,1,live,EXACT_CLOSED,0,105.712682,True,True,True,dfaedf6d273c5c56,1.558215,BPC_TREE_OPTIMAL,P0,9f0e7c4f7e2cab50267e197d55a17950aeee35aad388e47448f24873a7e92ba1,4,,0.772564,12.004894,/home/kai/work/GAT_BPC_moonTerk/runs/native_live_sri_v1_p0_frozen_paired_promotion_clean_v2_20260722/raw/scale_020/instance_012_logical_graph/repeat_03/1_live/attempt_01
s020:instance_012:r03:o2:no_cut,20,instance_012,3,live/no_cut,2,no_cut,EXACT_CLOSED,0,123.071356,True,True,True,dfaedf6d273c5c56,1.558215,BPC_TREE_OPTIMAL,no_cut,37c44c29594e0b8b0ba429e5dd3cf7422c07ae17222bb31e16e31e57030d5e63,0,,0.766495,11.99905,/home/kai/work/GAT_BPC_moonTerk/runs/native_live_sri_v1_p0_frozen_paired_promotion_clean_v2_20260722/raw/scale_020/instance_012_logical_graph/repeat_03/2_no_cut/attempt_01
s020:instance_013:r01:o1:no_cut,20,instance_013,1,no_cut/live,1,no_cut,EXACT_CLOSED,0,22.391939,True,True,True,dfaedf6d273c5c56,1.587061,BPC_TREE_OPTIMAL,no_cut,37c44c29594e0b8b0ba429e5dd3cf7422c07ae17222bb31e16e31e57030d5e63,0,,0.004433,12.724476,/home/kai/work/GAT_BPC_moonTerk/runs/native_live_sri_v1_p0_frozen_paired_promotion_clean_v2_20260722/raw/scale_020/instance_013_logical_graph/repeat_01/1_no_cut/attempt_01
s020:instance_013:r01:o2:live,20,instance_013,1,no_cut/live,2,live,EXACT_CLOSED,0,22.072191,True,True,True,dfaedf6d273c5c56,1.587061,BPC_TREE_OPTIMAL,P0,9f0e7c4f7e2cab50267e197d55a17950aeee35aad388e47448f24873a7e92ba1,0,,0.004318,12.725628,/home/kai/work/GAT_BPC_moonTerk/runs/native_live_sri_v1_p0_frozen_paired_promotion_clean_v2_20260722/raw/scale_020/instance_013_logical_graph/repeat_01/2_live/attempt_01
s020:instance_013:r02:o1:live,20,instance_013,2,live/no_cut,1,live,EXACT_CLOSED,0,22.600934,True,True,True,dfaedf6d273c5c56,1.587061,BPC_TREE_OPTIMAL,P0,9f0e7c4f7e2cab50267e197d55a17950aeee35aad388e47448f24873a7e92ba1,0,,0.00436,12.723106,/home/kai/work/GAT_BPC_moonTerk/runs/native_live_sri_v1_p0_frozen_paired_promotion_clean_v2_20260722/raw/scale_020/instance_013_logical_graph/repeat_02/1_live/attempt_01
s020:instance_013:r02:o2:no_cut,20,instance_013,2,live/no_cut,2,no_cut,EXACT_CLOSED,0,22.068452,True,True,True,dfaedf6d273c5c56,1.587061,BPC_TREE_OPTIMAL,no_cut,37c44c29594e0b8b0ba429e5dd3cf7422c07ae17222bb31e16e31e57030d5e63,0,,0.004665,12.721527,/home/kai/work/GAT_BPC_moonTerk/runs/native_live_sri_v1_p0_frozen_paired_promotion_clean_v2_20260722/raw/scale_020/instance_013_logical_graph/repeat_02/2_no_cut/attempt_01
s020:instance_013:r03:o1:no_cut,20,instance_013,3,no_cut/live,1,no_cut,EXACT_CLOSED,0,22.209442,True,True,True,dfaedf6d273c5c56,1.587061,BPC_TREE_OPTIMAL,no_cut,37c44c29594e0b8b0ba429e5dd3cf7422c07ae17222bb31e16e31e57030d5e63,0,,0.004295,12.722363,/home/kai/work/GAT_BPC_moonTerk/runs/native_live_sri_v1_p0_frozen_paired_promotion_clean_v2_20260722/raw/scale_020/instance_013_logical_graph/repeat_03/1_no_cut/attempt_01
s020:instance_013:r03:o2:live,20,instance_013,3,no_cut/live,2,live,EXACT_CLOSED,0,21.860119,True,True,True,dfaedf6d273c5c56,1.587061,BPC_TREE_OPTIMAL,P0,9f0e7c4f7e2cab50267e197d55a17950aeee35aad388e47448f24873a7e92ba1,0,,0.004387,12.728279,/home/kai/work/GAT_BPC_moonTerk/runs/native_live_sri_v1_p0_frozen_paired_promotion_clean_v2_20260722/raw/scale_020/instance_013_logical_graph/repeat_03/2_live/attempt_01
s020:instance_014:r01:o1:live,20,instance_014,1,live/no_cut,1,live,EXACT_CLOSED,0,14.436091,True,True,True,dfaedf6d273c5c56,1.664084,BPC_TREE_OPTIMAL,P0,9f0e7c4f7e2cab50267e197d55a17950aeee35aad388e47448f24873a7e92ba1,0,,0.004333,12.719013,/home/kai/work/GAT_BPC_moonTerk/runs/native_live_sri_v1_p0_frozen_paired_promotion_clean_v2_20260722/raw/scale_020/instance_014_logical_graph/repeat_01/1_live/attempt_01
s020:instance_014:r01:o2:no_cut,20,instance_014,1,live/no_cut,2,no_cut,EXACT_CLOSED,0,14.269564,True,True,True,dfaedf6d273c5c56,1.664084,BPC_TREE_OPTIMAL,no_cut,37c44c29594e0b8b0ba429e5dd3cf7422c07ae17222bb31e16e31e57030d5e63,0,,0.00433,12.725651,/home/kai/work/GAT_BPC_moonTerk/runs/native_live_sri_v1_p0_frozen_paired_promotion_clean_v2_20260722/raw/scale_020/instance_014_logical_graph/repeat_01/2_no_cut/attempt_01
s020:instance_014:r02:o1:no_cut,20,instance_014,2,no_cut/live,1,no_cut,EXACT_CLOSED,0,15.147076,True,True,True,dfaedf6d273c5c56,1.664084,BPC_TREE_OPTIMAL,no_cut,37c44c29594e0b8b0ba429e5dd3cf7422c07ae17222bb31e16e31e57030d5e63,0,,0.00457,12.72805,/home/kai/work/GAT_BPC_moonTerk/runs/native_live_sri_v1_p0_frozen_paired_promotion_clean_v2_20260722/raw/scale_020/instance_014_logical_graph/repeat_02/1_no_cut/attempt_01
s020:instance_014:r02:o2:live,20,instance_014,2,no_cut/live,2,live,EXACT_CLOSED,0,14.418412,True,True,True,dfaedf6d273c5c56,1.664084,BPC_TREE_OPTIMAL,P0,9f0e7c4f7e2cab50267e197d55a17950aeee35aad388e47448f24873a7e92ba1,0,,0.004753,12.726311,/home/kai/work/GAT_BPC_moonTerk/runs/native_live_sri_v1_p0_frozen_paired_promotion_clean_v2_20260722/raw/scale_020/instance_014_logical_graph/repeat_02/2_live/attempt_01
s020:instance_014:r03:o1:live,20,instance_014,3,live/no_cut,1,live,EXACT_CLOSED,0,14.613306,True,True,True,dfaedf6d273c5c56,1.664084,BPC_TREE_OPTIMAL,P0,9f0e7c4f7e2cab50267e197d55a17950aeee35aad388e47448f24873a7e92ba1,0,,0.005337,12.724316,/home/kai/work/GAT_BPC_moonTerk/runs/native_live_sri_v1_p0_frozen_paired_promotion_clean_v2_20260722/raw/scale_020/instance_014_logical_graph/repeat_03/1_live/attempt_01
s020:instance_014:r03:o2:no_cut,20,instance_014,3,live/no_cut,2,no_cut,EXACT_CLOSED,0,14.384164,True,True,True,dfaedf6d273c5c56,1.664084,BPC_TREE_OPTIMAL,no_cut,37c44c29594e0b8b0ba429e5dd3cf7422c07ae17222bb31e16e31e57030d5e63,0,,0.004707,12.726395,/home/kai/work/GAT_BPC_moonTerk/runs/native_live_sri_v1_p0_frozen_paired_promotion_clean_v2_20260722/raw/scale_020/instance_014_logical_graph/repeat_03/2_no_cut/attempt_01
s020:instance_015:r01:o1:no_cut,20,instance_015,1,no_cut/live,1,no_cut,EXACT_CLOSED,0,81.018573,True,True,True,dfaedf6d273c5c56,1.599074,BPC_TREE_OPTIMAL,no_cut,37c44c29594e0b8b0ba429e5dd3cf7422c07ae17222bb31e16e31e57030d5e63,0,,0.595268,12.176365,/home/kai/work/GAT_BPC_moonTerk/runs/native_live_sri_v1_p0_frozen_paired_promotion_clean_v2_20260722/raw/scale_020/instance_015_logical_graph/repeat_01/1_no_cut/attempt_01
s020:instance_015:r01:o2:live,20,instance_015,1,no_cut/live,2,live,EXACT_CLOSED,0,39.762062,True,True,True,dfaedf6d273c5c56,1.599074,BPC_TREE_OPTIMAL,P0,9f0e7c4f7e2cab50267e197d55a17950aeee35aad388e47448f24873a7e92ba1,4,,0.005112,12.727459,/home/kai/work/GAT_BPC_moonTerk/runs/native_live_sri_v1_p0_frozen_paired_promotion_clean_v2_20260722/raw/scale_020/instance_015_logical_graph/repeat_01/2_live/attempt_01
s020:instance_015:r02:o1:live,20,instance_015,2,live/no_cut,1,live,EXACT_CLOSED,0,41.699536,True,True,True,dfaedf6d273c5c56,1.599074,BPC_TREE_OPTIMAL,P0,9f0e7c4f7e2cab50267e197d55a17950aeee35aad388e47448f24873a7e92ba1,4,,0.004765,12.725174,/home/kai/work/GAT_BPC_moonTerk/runs/native_live_sri_v1_p0_frozen_paired_promotion_clean_v2_20260722/raw/scale_020/instance_015_logical_graph/repeat_02/1_live/attempt_01
s020:instance_015:r02:o2:no_cut,20,instance_015,2,live/no_cut,2,no_cut,EXACT_CLOSED,0,81.455129,True,True,True,dfaedf6d273c5c56,1.599074,BPC_TREE_OPTIMAL,no_cut,37c44c29594e0b8b0ba429e5dd3cf7422c07ae17222bb31e16e31e57030d5e63,0,,0.596756,12.172062,/home/kai/work/GAT_BPC_moonTerk/runs/native_live_sri_v1_p0_frozen_paired_promotion_clean_v2_20260722/raw/scale_020/instance_015_logical_graph/repeat_02/2_no_cut/attempt_01
s020:instance_015:r03:o1:no_cut,20,instance_015,3,no_cut/live,1,no_cut,EXACT_CLOSED,0,85.002977,True,True,True,dfaedf6d273c5c56,1.599074,BPC_TREE_OPTIMAL,no_cut,37c44c29594e0b8b0ba429e5dd3cf7422c07ae17222bb31e16e31e57030d5e63,0,,0.596615,12.173283,/home/kai/work/GAT_BPC_moonTerk/runs/native_live_sri_v1_p0_frozen_paired_promotion_clean_v2_20260722/raw/scale_020/instance_015_logical_graph/repeat_03/1_no_cut/attempt_01
s020:instance_015:r03:o2:live,20,instance_015,3,no_cut/live,2,live,EXACT_CLOSED,0,40.207253,True,True,True,dfaedf6d273c5c56,1.599074,BPC_TREE_OPTIMAL,P0,9f0e7c4f7e2cab50267e197d55a17950aeee35aad388e47448f24873a7e92ba1,4,,0.005089,12.728016,/home/kai/work/GAT_BPC_moonTerk/runs/native_live_sri_v1_p0_frozen_paired_promotion_clean_v2_20260722/raw/scale_020/instance_015_logical_graph/repeat_03/2_live/attempt_01
s020:instance_016:r01:o1:live,20,instance_016,1,live/no_cut,1,live,EXACT_CLOSED,0,40.487837,True,True,True,dfaedf6d273c5c56,1.633365,BPC_TREE_OPTIMAL,P0,9f0e7c4f7e2cab50267e197d55a17950aeee35aad388e47448f24873a7e92ba1,4,,0.005062,12.727318,/home/kai/work/GAT_BPC_moonTerk/runs/native_live_sri_v1_p0_frozen_paired_promotion_clean_v2_20260722/raw/scale_020/instance_016_logical_graph/repeat_01/1_live/attempt_01
s020:instance_016:r01:o2:no_cut,20,instance_016,1,live/no_cut,2,no_cut,EXACT_CLOSED,0,54.323153,True,True,True,dfaedf6d273c5c56,1.633365,BPC_TREE_OPTIMAL,no_cut,37c44c29594e0b8b0ba429e5dd3cf7422c07ae17222bb31e16e31e57030d5e63,0,,0.00486,12.723484,/home/kai/work/GAT_BPC_moonTerk/runs/native_live_sri_v1_p0_frozen_paired_promotion_clean_v2_20260722/raw/scale_020/instance_016_logical_graph/repeat_01/2_no_cut/attempt_01
s020:instance_016:r02:o1:no_cut,20,instance_016,2,no_cut/live,1,no_cut,EXACT_CLOSED,0,54.587142,True,True,True,dfaedf6d273c5c56,1.633365,BPC_TREE_OPTIMAL,no_cut,37c44c29594e0b8b0ba429e5dd3cf7422c07ae17222bb31e16e31e57030d5e63,0,,0.004688,12.719715,/home/kai/work/GAT_BPC_moonTerk/runs/native_live_sri_v1_p0_frozen_paired_promotion_clean_v2_20260722/raw/scale_020/instance_016_logical_graph/repeat_02/1_no_cut/attempt_01
s020:instance_016:r02:o2:live,20,instance_016,2,no_cut/live,2,live,EXACT_CLOSED,0,40.81273,True,True,True,dfaedf6d273c5c56,1.633365,BPC_TREE_OPTIMAL,P0,9f0e7c4f7e2cab50267e197d55a17950aeee35aad388e47448f24873a7e92ba1,4,,0.004574,12.722343,/home/kai/work/GAT_BPC_moonTerk/runs/native_live_sri_v1_p0_frozen_paired_promotion_clean_v2_20260722/raw/scale_020/instance_016_logical_graph/repeat_02/2_live/attempt_01
s020:instance_016:r03:o1:live,20,instance_016,3,live/no_cut,1,live,EXACT_CLOSED,0,40.478142,True,True,True,dfaedf6d273c5c56,1.633365,BPC_TREE_OPTIMAL,P0,9f0e7c4f7e2cab50267e197d55a17950aeee35aad388e47448f24873a7e92ba1,4,,0.004761,12.72414,/home/kai/work/GAT_BPC_moonTerk/runs/native_live_sri_v1_p0_frozen_paired_promotion_clean_v2_20260722/raw/scale_020/instance_016_logical_graph/repeat_03/1_live/attempt_01
s020:instance_016:r03:o2:no_cut,20,instance_016,3,live/no_cut,2,no_cut,EXACT_CLOSED,0,54.230482,True,True,True,dfaedf6d273c5c56,1.633365,BPC_TREE_OPTIMAL,no_cut,37c44c29594e0b8b0ba429e5dd3cf7422c07ae17222bb31e16e31e57030d5e63,0,,0.005074,12.721455,/home/kai/work/GAT_BPC_moonTerk/runs/native_live_sri_v1_p0_frozen_paired_promotion_clean_v2_20260722/raw/scale_020/instance_016_logical_graph/repeat_03/2_no_cut/attempt_01
s020:instance_017:r01:o1:no_cut,20,instance_017,1,no_cut/live,1,no_cut,EXACT_CLOSED,0,45.664936,True,True,True,dfaedf6d273c5c56,1.573675,BPC_TREE_OPTIMAL,no_cut,37c44c29594e0b8b0ba429e5dd3cf7422c07ae17222bb31e16e31e57030d5e63,0,,0.004784,12.726212,/home/kai/work/GAT_BPC_moonTerk/runs/native_live_sri_v1_p0_frozen_paired_promotion_clean_v2_20260722/raw/scale_020/instance_017_logical_graph/repeat_01/1_no_cut/attempt_01
s020:instance_017:r01:o2:live,20,instance_017,1,no_cut/live,2,live,EXACT_CLOSED,0,34.237274,True,True,True,dfaedf6d273c5c56,1.573675,BPC_TREE_OPTIMAL,P0,9f0e7c4f7e2cab50267e197d55a17950aeee35aad388e47448f24873a7e92ba1,4,,0.004154,12.71669,/home/kai/work/GAT_BPC_moonTerk/runs/native_live_sri_v1_p0_frozen_paired_promotion_clean_v2_20260722/raw/scale_020/instance_017_logical_graph/repeat_01/2_live/attempt_01
s020:instance_017:r02:o1:live,20,instance_017,2,live/no_cut,1,live,EXACT_CLOSED,0,33.644905,True,True,True,dfaedf6d273c5c56,1.573675,BPC_TREE_OPTIMAL,P0,9f0e7c4f7e2cab50267e197d55a17950aeee35aad388e47448f24873a7e92ba1,4,,0.004948,12.730362,/home/kai/work/GAT_BPC_moonTerk/runs/native_live_sri_v1_p0_frozen_paired_promotion_clean_v2_20260722/raw/scale_020/instance_017_logical_graph/repeat_02/1_live/attempt_01
s020:instance_017:r02:o2:no_cut,20,instance_017,2,live/no_cut,2,no_cut,EXACT_CLOSED,0,45.734561,True,True,True,dfaedf6d273c5c56,1.573675,BPC_TREE_OPTIMAL,no_cut,37c44c29594e0b8b0ba429e5dd3cf7422c07ae17222bb31e16e31e57030d5e63,0,,0.004574,12.722179,/home/kai/work/GAT_BPC_moonTerk/runs/native_live_sri_v1_p0_frozen_paired_promotion_clean_v2_20260722/raw/scale_020/instance_017_logical_graph/repeat_02/2_no_cut/attempt_01
s020:instance_017:r03:o1:no_cut,20,instance_017,3,no_cut/live,1,no_cut,EXACT_CLOSED,0,46.502463,True,True,True,dfaedf6d273c5c56,1.573675,BPC_TREE_OPTIMAL,no_cut,37c44c29594e0b8b0ba429e5dd3cf7422c07ae17222bb31e16e31e57030d5e63,0,,0.004539,12.71999,/home/kai/work/GAT_BPC_moonTerk/runs/native_live_sri_v1_p0_frozen_paired_promotion_clean_v2_20260722/raw/scale_020/instance_017_logical_graph/repeat_03/1_no_cut/attempt_01
s020:instance_017:r03:o2:live,20,instance_017,3,no_cut/live,2,live,EXACT_CLOSED,0,34.420746,True,True,True,dfaedf6d273c5c56,1.573675,BPC_TREE_OPTIMAL,P0,9f0e7c4f7e2cab50267e197d55a17950aeee35aad388e47448f24873a7e92ba1,4,,0.004581,12.722836,/home/kai/work/GAT_BPC_moonTerk/runs/native_live_sri_v1_p0_frozen_paired_promotion_clean_v2_20260722/raw/scale_020/instance_017_logical_graph/repeat_03/2_live/attempt_01
s020:instance_018:r01:o1:live,20,instance_018,1,live/no_cut,1,live,EXACT_CLOSED,0,9.623904,True,True,True,dfaedf6d273c5c56,1.431613,BPC_TREE_OPTIMAL,P0,9f0e7c4f7e2cab50267e197d55a17950aeee35aad388e47448f24873a7e92ba1,0,,0.004948,12.719315,/home/kai/work/GAT_BPC_moonTerk/runs/native_live_sri_v1_p0_frozen_paired_promotion_clean_v2_20260722/raw/scale_020/instance_018_logical_graph/repeat_01/1_live/attempt_01
s020:instance_018:r01:o2:no_cut,20,instance_018,1,live/no_cut,2,no_cut,EXACT_CLOSED,0,9.47517,True,True,True,dfaedf6d273c5c56,1.431613,BPC_TREE_OPTIMAL,no_cut,37c44c29594e0b8b0ba429e5dd3cf7422c07ae17222bb31e16e31e57030d5e63,0,,0.004787,12.718803,/home/kai/work/GAT_BPC_moonTerk/runs/native_live_sri_v1_p0_frozen_paired_promotion_clean_v2_20260722/raw/scale_020/instance_018_logical_graph/repeat_01/2_no_cut/attempt_01
s020:instance_018:r02:o1:no_cut,20,instance_018,2,no_cut/live,1,no_cut,EXACT_CLOSED,0,9.498451,True,True,True,dfaedf6d273c5c56,1.431613,BPC_TREE_OPTIMAL,no_cut,37c44c29594e0b8b0ba429e5dd3cf7422c07ae17222bb31e16e31e57030d5e63,0,,0.004536,12.724258,/home/kai/work/GAT_BPC_moonTerk/runs/native_live_sri_v1_p0_frozen_paired_promotion_clean_v2_20260722/raw/scale_020/instance_018_logical_graph/repeat_02/1_no_cut/attempt_01
s020:instance_018:r02:o2:live,20,instance_018,2,no_cut/live,2,live,EXACT_CLOSED,0,9.754169,True,True,True,dfaedf6d273c5c56,1.431613,BPC_TREE_OPTIMAL,P0,9f0e7c4f7e2cab50267e197d55a17950aeee35aad388e47448f24873a7e92ba1,0,,0.005367,12.720596,/home/kai/work/GAT_BPC_moonTerk/runs/native_live_sri_v1_p0_frozen_paired_promotion_clean_v2_20260722/raw/scale_020/instance_018_logical_graph/repeat_02/2_live/attempt_01
s020:instance_018:r03:o1:live,20,instance_018,3,live/no_cut,1,live,EXACT_CLOSED,0,9.669963,True,True,True,dfaedf6d273c5c56,1.431613,BPC_TREE_OPTIMAL,P0,9f0e7c4f7e2cab50267e197d55a17950aeee35aad388e47448f24873a7e92ba1,0,,0.004974,12.726379,/home/kai/work/GAT_BPC_moonTerk/runs/native_live_sri_v1_p0_frozen_paired_promotion_clean_v2_20260722/raw/scale_020/instance_018_logical_graph/repeat_03/1_live/attempt_01
s020:instance_018:r03:o2:no_cut,20,instance_018,3,live/no_cut,2,no_cut,EXACT_CLOSED,0,9.629798,True,True,True,dfaedf6d273c5c56,1.431613,BPC_TREE_OPTIMAL,no_cut,37c44c29594e0b8b0ba429e5dd3cf7422c07ae17222bb31e16e31e57030d5e63,0,,0.004299,12.718739,/home/kai/work/GAT_BPC_moonTerk/runs/native_live_sri_v1_p0_frozen_paired_promotion_clean_v2_20260722/raw/scale_020/instance_018_logical_graph/repeat_03/2_no_cut/attempt_01
s020:instance_019:r01:o1:no_cut,20,instance_019,1,no_cut/live,1,no_cut,EXACT_CLOSED,0,32.862955,True,True,True,dfaedf6d273c5c56,1.56868,BPC_TREE_OPTIMAL,no_cut,37c44c29594e0b8b0ba429e5dd3cf7422c07ae17222bb31e16e31e57030d5e63,0,,0.004372,12.723942,/home/kai/work/GAT_BPC_moonTerk/runs/native_live_sri_v1_p0_frozen_paired_promotion_clean_v2_20260722/raw/scale_020/instance_019_logical_graph/repeat_01/1_no_cut/attempt_01
s020:instance_019:r01:o2:live,20,instance_019,1,no_cut/live,2,live,EXACT_CLOSED,0,14.742795,True,True,True,dfaedf6d273c5c56,1.56868,BPC_TREE_OPTIMAL,P0,9f0e7c4f7e2cab50267e197d55a17950aeee35aad388e47448f24873a7e92ba1,4,,0.004814,12.72192,/home/kai/work/GAT_BPC_moonTerk/runs/native_live_sri_v1_p0_frozen_paired_promotion_clean_v2_20260722/raw/scale_020/instance_019_logical_graph/repeat_01/2_live/attempt_01
s020:instance_019:r02:o1:live,20,instance_019,2,live/no_cut,1,live,EXACT_CLOSED,0,15.029764,True,True,True,dfaedf6d273c5c56,1.56868,BPC_TREE_OPTIMAL,P0,9f0e7c4f7e2cab50267e197d55a17950aeee35aad388e47448f24873a7e92ba1,4,,0.004688,12.719025,/home/kai/work/GAT_BPC_moonTerk/runs/native_live_sri_v1_p0_frozen_paired_promotion_clean_v2_20260722/raw/scale_020/instance_019_logical_graph/repeat_02/1_live/attempt_01
s020:instance_019:r02:o2:no_cut,20,instance_019,2,live/no_cut,2,no_cut,EXACT_CLOSED,0,33.140446,True,True,True,dfaedf6d273c5c56,1.56868,BPC_TREE_OPTIMAL,no_cut,37c44c29594e0b8b0ba429e5dd3cf7422c07ae17222bb31e16e31e57030d5e63,0,,0.004936,12.716682,/home/kai/work/GAT_BPC_moonTerk/runs/native_live_sri_v1_p0_frozen_paired_promotion_clean_v2_20260722/raw/scale_020/instance_019_logical_graph/repeat_02/2_no_cut/attempt_01
s020:instance_019:r03:o1:no_cut,20,instance_019,3,no_cut/live,1,no_cut,EXACT_CLOSED,0,32.750908,True,True,True,dfaedf6d273c5c56,1.56868,BPC_TREE_OPTIMAL,no_cut,37c44c29594e0b8b0ba429e5dd3cf7422c07ae17222bb31e16e31e57030d5e63,0,,0.006069,12.719841,/home/kai/work/GAT_BPC_moonTerk/runs/native_live_sri_v1_p0_frozen_paired_promotion_clean_v2_20260722/raw/scale_020/instance_019_logical_graph/repeat_03/1_no_cut/attempt_01
s020:instance_019:r03:o2:live,20,instance_019,3,no_cut/live,2,live,EXACT_CLOSED,0,14.653682,True,True,True,dfaedf6d273c5c56,1.56868,BPC_TREE_OPTIMAL,P0,9f0e7c4f7e2cab50267e197d55a17950aeee35aad388e47448f24873a7e92ba1,4,,0.004597,12.72208,/home/kai/work/GAT_BPC_moonTerk/runs/native_live_sri_v1_p0_frozen_paired_promotion_clean_v2_20260722/raw/scale_020/instance_019_logical_graph/repeat_03/2_live/attempt_01
s020:instance_020:r01:o1:live,20,instance_020,1,live/no_cut,1,live,EXACT_CLOSED,0,9.109244,True,True,True,dfaedf6d273c5c56,1.636286,BPC_TREE_OPTIMAL,P0,9f0e7c4f7e2cab50267e197d55a17950aeee35aad388e47448f24873a7e92ba1,0,,0.004486,12.720043,/home/kai/work/GAT_BPC_moonTerk/runs/native_live_sri_v1_p0_frozen_paired_promotion_clean_v2_20260722/raw/scale_020/instance_020_logical_graph/repeat_01/1_live/attempt_01
s020:instance_020:r01:o2:no_cut,20,instance_020,1,live/no_cut,2,no_cut,EXACT_CLOSED,0,8.509033,True,True,True,dfaedf6d273c5c56,1.636286,BPC_TREE_OPTIMAL,no_cut,37c44c29594e0b8b0ba429e5dd3cf7422c07ae17222bb31e16e31e57030d5e63,0,,0.004353,12.720982,/home/kai/work/GAT_BPC_moonTerk/runs/native_live_sri_v1_p0_frozen_paired_promotion_clean_v2_20260722/raw/scale_020/instance_020_logical_graph/repeat_01/2_no_cut/attempt_01
s020:instance_020:r02:o1:no_cut,20,instance_020,2,no_cut/live,1,no_cut,EXACT_CLOSED,0,8.494615,True,True,True,dfaedf6d273c5c56,1.636286,BPC_TREE_OPTIMAL,no_cut,37c44c29594e0b8b0ba429e5dd3cf7422c07ae17222bb31e16e31e57030d5e63,0,,0.004749,12.721169,/home/kai/work/GAT_BPC_moonTerk/runs/native_live_sri_v1_p0_frozen_paired_promotion_clean_v2_20260722/raw/scale_020/instance_020_logical_graph/repeat_02/1_no_cut/attempt_01
s020:instance_020:r02:o2:live,20,instance_020,2,no_cut/live,2,live,EXACT_CLOSED,0,8.506627,True,True,True,dfaedf6d273c5c56,1.636286,BPC_TREE_OPTIMAL,P0,9f0e7c4f7e2cab50267e197d55a17950aeee35aad388e47448f24873a7e92ba1,0,,0.005985,12.72578,/home/kai/work/GAT_BPC_moonTerk/runs/native_live_sri_v1_p0_frozen_paired_promotion_clean_v2_20260722/raw/scale_020/instance_020_logical_graph/repeat_02/2_live/attempt_01
s020:instance_020:r03:o1:live,20,instance_020,3,live/no_cut,1,live,EXACT_CLOSED,0,9.198721,True,True,True,dfaedf6d273c5c56,1.636286,BPC_TREE_OPTIMAL,P0,9f0e7c4f7e2cab50267e197d55a17950aeee35aad388e47448f24873a7e92ba1,0,,0.005074,12.720776,/home/kai/work/GAT_BPC_moonTerk/runs/native_live_sri_v1_p0_frozen_paired_promotion_clean_v2_20260722/raw/scale_020/instance_020_logical_graph/repeat_03/1_live/attempt_01
s020:instance_020:r03:o2:no_cut,20,instance_020,3,live/no_cut,2,no_cut,EXACT_CLOSED,0,8.478561,True,True,True,dfaedf6d273c5c56,1.636286,BPC_TREE_OPTIMAL,no_cut,37c44c29594e0b8b0ba429e5dd3cf7422c07ae17222bb31e16e31e57030d5e63,0,,0.00444,12.721127,/home/kai/work/GAT_BPC_moonTerk/runs/native_live_sri_v1_p0_frozen_paired_promotion_clean_v2_20260722/raw/scale_020/instance_020_logical_graph/repeat_03/2_no_cut/attempt_01
s030:instance_001:r01:o1:no_cut,30,instance_001,1,no_cut/live,1,no_cut,EXACT_CLOSED,0,143.04239,True,True,True,dfaedf6d273c5c56,1.487678,BPC_TREE_OPTIMAL,no_cut,37c44c29594e0b8b0ba429e5dd3cf7422c07ae17222bb31e16e31e57030d5e63,0,,2.241402,10.525314,/home/kai/work/GAT_BPC_moonTerk/runs/native_live_sri_v1_p0_frozen_paired_promotion_clean_v2_20260722/raw/scale_030/instance_001_logical_graph/repeat_01/1_no_cut/attempt_01
s030:instance_001:r01:o2:live,30,instance_001,1,no_cut/live,2,live,EXACT_CLOSED,0,146.187008,True,True,True,dfaedf6d273c5c56,1.487678,BPC_TREE_OPTIMAL,P0,9f0e7c4f7e2cab50267e197d55a17950aeee35aad388e47448f24873a7e92ba1,0,,2.126438,10.641907,/home/kai/work/GAT_BPC_moonTerk/runs/native_live_sri_v1_p0_frozen_paired_promotion_clean_v2_20260722/raw/scale_030/instance_001_logical_graph/repeat_01/2_live/attempt_01
s030:instance_001:r02:o1:live,30,instance_001,2,live/no_cut,1,live,EXACT_CLOSED,0,121.691331,True,True,True,dfaedf6d273c5c56,1.487678,BPC_TREE_OPTIMAL,P0,9f0e7c4f7e2cab50267e197d55a17950aeee35aad388e47448f24873a7e92ba1,0,,2.15197,10.612022,/home/kai/work/GAT_BPC_moonTerk/runs/native_live_sri_v1_p0_frozen_paired_promotion_clean_v2_20260722/raw/scale_030/instance_001_logical_graph/repeat_02/1_live/attempt_01
s030:instance_001:r02:o2:no_cut,30,instance_001,2,live/no_cut,2,no_cut,EXACT_CLOSED,0,121.526257,True,True,True,dfaedf6d273c5c56,1.487678,BPC_TREE_OPTIMAL,no_cut,37c44c29594e0b8b0ba429e5dd3cf7422c07ae17222bb31e16e31e57030d5e63,0,,2.14566,10.61713,/home/kai/work/GAT_BPC_moonTerk/runs/native_live_sri_v1_p0_frozen_paired_promotion_clean_v2_20260722/raw/scale_030/instance_001_logical_graph/repeat_02/2_no_cut/attempt_01
s030:instance_001:r03:o1:no_cut,30,instance_001,3,no_cut/live,1,no_cut,EXACT_CLOSED,0,121.08969,True,True,True,dfaedf6d273c5c56,1.487678,BPC_TREE_OPTIMAL,no_cut,37c44c29594e0b8b0ba429e5dd3cf7422c07ae17222bb31e16e31e57030d5e63,0,,2.151463,10.609501,/home/kai/work/GAT_BPC_moonTerk/runs/native_live_sri_v1_p0_frozen_paired_promotion_clean_v2_20260722/raw/scale_030/instance_001_logical_graph/repeat_03/1_no_cut/attempt_01
s030:instance_001:r03:o2:live,30,instance_001,3,no_cut/live,2,live,EXACT_CLOSED,0,120.794815,True,True,True,dfaedf6d273c5c56,1.487678,BPC_TREE_OPTIMAL,P0,9f0e7c4f7e2cab50267e197d55a17950aeee35aad388e47448f24873a7e92ba1,0,,2.136791,10.631378,/home/kai/work/GAT_BPC_moonTerk/runs/native_live_sri_v1_p0_frozen_paired_promotion_clean_v2_20260722/raw/scale_030/instance_001_logical_graph/repeat_03/2_live/attempt_01
s030:instance_002:r01:o1:live,30,instance_002,1,live/no_cut,1,live,EXACT_CLOSED,0,286.814367,True,True,True,dfaedf6d273c5c56,1.462376,BPC_TREE_OPTIMAL,P0,9f0e7c4f7e2cab50267e197d55a17950aeee35aad388e47448f24873a7e92ba1,4,,2.238468,10.559036,/home/kai/work/GAT_BPC_moonTerk/runs/native_live_sri_v1_p0_frozen_paired_promotion_clean_v2_20260722/raw/scale_030/instance_002_logical_graph/repeat_01/1_live/attempt_01
s030:instance_002:r01:o2:no_cut,30,instance_002,1,live/no_cut,2,no_cut,EXACT_CLOSED,0,599.053579,True,True,True,dfaedf6d273c5c56,1.462376,BPC_TREE_OPTIMAL,no_cut,37c44c29594e0b8b0ba429e5dd3cf7422c07ae17222bb31e16e31e57030d5e63,0,,2.39455,10.3992,/home/kai/work/GAT_BPC_moonTerk/runs/native_live_sri_v1_p0_frozen_paired_promotion_clean_v2_20260722/raw/scale_030/instance_002_logical_graph/repeat_01/2_no_cut/attempt_01
s030:instance_002:r02:o1:no_cut,30,instance_002,2,no_cut/live,1,no_cut,EXACT_CLOSED,0,599.073465,True,True,True,dfaedf6d273c5c56,1.462376,BPC_TREE_OPTIMAL,no_cut,37c44c29594e0b8b0ba429e5dd3cf7422c07ae17222bb31e16e31e57030d5e63,0,,2.392681,10.388748,/home/kai/work/GAT_BPC_moonTerk/runs/native_live_sri_v1_p0_frozen_paired_promotion_clean_v2_20260722/raw/scale_030/instance_002_logical_graph/repeat_02/1_no_cut/attempt_01
s030:instance_002:r02:o2:live,30,instance_002,2,no_cut/live,2,live,EXACT_CLOSED,0,289.361343,True,True,True,dfaedf6d273c5c56,1.462376,BPC_TREE_OPTIMAL,P0,9f0e7c4f7e2cab50267e197d55a17950aeee35aad388e47448f24873a7e92ba1,4,,2.129124,10.654186,/home/kai/work/GAT_BPC_moonTerk/runs/native_live_sri_v1_p0_frozen_paired_promotion_clean_v2_20260722/raw/scale_030/instance_002_logical_graph/repeat_02/2_live/attempt_01
s030:instance_002:r03:o1:live,30,instance_002,3,live/no_cut,1,live,EXACT_CLOSED,0,268.324551,True,True,True,dfaedf6d273c5c56,1.462376,BPC_TREE_OPTIMAL,P0,9f0e7c4f7e2cab50267e197d55a17950aeee35aad388e47448f24873a7e92ba1,4,,2.200455,10.565319,/home/kai/work/GAT_BPC_moonTerk/runs/native_live_sri_v1_p0_frozen_paired_promotion_clean_v2_20260722/raw/scale_030/instance_002_logical_graph/repeat_03/1_live/attempt_01
s030:instance_002:r03:o2:no_cut,30,instance_002,3,live/no_cut,2,no_cut,EXACT_CLOSED,0,605.255049,True,True,True,dfaedf6d273c5c56,1.462376,BPC_TREE_OPTIMAL,no_cut,37c44c29594e0b8b0ba429e5dd3cf7422c07ae17222bb31e16e31e57030d5e63,0,,2.355133,10.408001,/home/kai/work/GAT_BPC_moonTerk/runs/native_live_sri_v1_p0_frozen_paired_promotion_clean_v2_20260722/raw/scale_030/instance_002_logical_graph/repeat_03/2_no_cut/attempt_01
s030:instance_003:r01:o1:no_cut,30,instance_003,1,no_cut/live,1,no_cut,EXACT_CLOSED,0,193.808326,True,True,True,dfaedf6d273c5c56,1.519215,BPC_TREE_OPTIMAL,no_cut,37c44c29594e0b8b0ba429e5dd3cf7422c07ae17222bb31e16e31e57030d5e63,0,,1.414234,11.33604,/home/kai/work/GAT_BPC_moonTerk/runs/native_live_sri_v1_p0_frozen_paired_promotion_clean_v2_20260722/raw/scale_030/instance_003_logical_graph/repeat_01/1_no_cut/attempt_01
s030:instance_003:r01:o2:live,30,instance_003,1,no_cut/live,2,live,EXACT_CLOSED,0,156.20606,True,True,True,dfaedf6d273c5c56,1.519215,BPC_TREE_OPTIMAL,P0,9f0e7c4f7e2cab50267e197d55a17950aeee35aad388e47448f24873a7e92ba1,4,,1.43005,11.325729,/home/kai/work/GAT_BPC_moonTerk/runs/native_live_sri_v1_p0_frozen_paired_promotion_clean_v2_20260722/raw/scale_030/instance_003_logical_graph/repeat_01/2_live/attempt_01
s030:instance_003:r02:o1:live,30,instance_003,2,live/no_cut,1,live,EXACT_CLOSED,0,153.412651,True,True,True,dfaedf6d273c5c56,1.519215,BPC_TREE_OPTIMAL,P0,9f0e7c4f7e2cab50267e197d55a17950aeee35aad388e47448f24873a7e92ba1,4,,1.430706,11.32225,/home/kai/work/GAT_BPC_moonTerk/runs/native_live_sri_v1_p0_frozen_paired_promotion_clean_v2_20260722/raw/scale_030/instance_003_logical_graph/repeat_02/1_live/attempt_01
s030:instance_003:r02:o2:no_cut,30,instance_003,2,live/no_cut,2,no_cut,EXACT_CLOSED,0,187.743234,True,True,True,dfaedf6d273c5c56,1.519215,BPC_TREE_OPTIMAL,no_cut,37c44c29594e0b8b0ba429e5dd3cf7422c07ae17222bb31e16e31e57030d5e63,0,,1.414875,11.339222,/home/kai/work/GAT_BPC_moonTerk/runs/native_live_sri_v1_p0_frozen_paired_promotion_clean_v2_20260722/raw/scale_030/instance_003_logical_graph/repeat_02/2_no_cut/attempt_01
s030:instance_003:r03:o1:no_cut,30,instance_003,3,no_cut/live,1,no_cut,EXACT_CLOSED,0,174.141109,True,True,True,dfaedf6d273c5c56,1.519215,BPC_TREE_OPTIMAL,no_cut,37c44c29594e0b8b0ba429e5dd3cf7422c07ae17222bb31e16e31e57030d5e63,0,,1.414902,11.342846,/home/kai/work/GAT_BPC_moonTerk/runs/native_live_sri_v1_p0_frozen_paired_promotion_clean_v2_20260722/raw/scale_030/instance_003_logical_graph/repeat_03/1_no_cut/attempt_01
s030:instance_003:r03:o2:live,30,instance_003,3,no_cut/live,2,live,EXACT_CLOSED,0,154.174748,True,True,True,dfaedf6d273c5c56,1.519215,BPC_TREE_OPTIMAL,P0,9f0e7c4f7e2cab50267e197d55a17950aeee35aad388e47448f24873a7e92ba1,4,,1.429089,11.327202,/home/kai/work/GAT_BPC_moonTerk/runs/native_live_sri_v1_p0_frozen_paired_promotion_clean_v2_20260722/raw/scale_030/instance_003_logical_graph/repeat_03/2_live/attempt_01
s030:instance_004:r01:o1:live,30,instance_004,1,live/no_cut,1,live,EXACT_CLOSED,0,255.742163,True,True,True,dfaedf6d273c5c56,1.477418,BPC_TREE_OPTIMAL,P0,9f0e7c4f7e2cab50267e197d55a17950aeee35aad388e47448f24873a7e92ba1,4,,2.123436,10.639996,/home/kai/work/GAT_BPC_moonTerk/runs/native_live_sri_v1_p0_frozen_paired_promotion_clean_v2_20260722/raw/scale_030/instance_004_logical_graph/repeat_01/1_live/attempt_01
s030:instance_004:r01:o2:no_cut,30,instance_004,1,live/no_cut,2,no_cut,EXACT_CLOSED,0,386.601572,True,True,True,dfaedf6d273c5c56,1.477418,BPC_TREE_OPTIMAL,no_cut,37c44c29594e0b8b0ba429e5dd3cf7422c07ae17222bb31e16e31e57030d5e63,0,,2.13575,10.632065,/home/kai/work/GAT_BPC_moonTerk/runs/native_live_sri_v1_p0_frozen_paired_promotion_clean_v2_20260722/raw/scale_030/instance_004_logical_graph/repeat_01/2_no_cut/attempt_01
s030:instance_004:r02:o1:no_cut,30,instance_004,2,no_cut/live,1,no_cut,EXACT_CLOSED,0,384.739072,True,True,True,dfaedf6d273c5c56,1.477418,BPC_TREE_OPTIMAL,no_cut,37c44c29594e0b8b0ba429e5dd3cf7422c07ae17222bb31e16e31e57030d5e63,0,,2.158806,10.610363,/home/kai/work/GAT_BPC_moonTerk/runs/native_live_sri_v1_p0_frozen_paired_promotion_clean_v2_20260722/raw/scale_030/instance_004_logical_graph/repeat_02/1_no_cut/attempt_01
s030:instance_004:r02:o2:live,30,instance_004,2,no_cut/live,2,live,EXACT_CLOSED,0,253.398341,True,True,True,dfaedf6d273c5c56,1.477418,BPC_TREE_OPTIMAL,P0,9f0e7c4f7e2cab50267e197d55a17950aeee35aad388e47448f24873a7e92ba1,4,,2.185989,10.562153,/home/kai/work/GAT_BPC_moonTerk/runs/native_live_sri_v1_p0_frozen_paired_promotion_clean_v2_20260722/raw/scale_030/instance_004_logical_graph/repeat_02/2_live/attempt_01
s030:instance_004:r03:o1:live,30,instance_004,3,live/no_cut,1,live,EXACT_CLOSED,0,254.011138,True,True,True,dfaedf6d273c5c56,1.477418,BPC_TREE_OPTIMAL,P0,9f0e7c4f7e2cab50267e197d55a17950aeee35aad388e47448f24873a7e92ba1,4,,2.17384,10.574062,/home/kai/work/GAT_BPC_moonTerk/runs/native_live_sri_v1_p0_frozen_paired_promotion_clean_v2_20260722/raw/scale_030/instance_004_logical_graph/repeat_03/1_live/attempt_01
s030:instance_004:r03:o2:no_cut,30,instance_004,3,live/no_cut,2,no_cut,EXACT_CLOSED,0,377.201679,True,True,True,dfaedf6d273c5c56,1.477418,BPC_TREE_OPTIMAL,no_cut,37c44c29594e0b8b0ba429e5dd3cf7422c07ae17222bb31e16e31e57030d5e63,0,,2.10561,10.660931,/home/kai/work/GAT_BPC_moonTerk/runs/native_live_sri_v1_p0_frozen_paired_promotion_clean_v2_20260722/raw/scale_030/instance_004_logical_graph/repeat_03/2_no_cut/attempt_01
s030:instance_005:r01:o1:no_cut,30,instance_005,1,no_cut/live,1,no_cut,EXACT_CLOSED,0,572.510851,True,True,True,dfaedf6d273c5c56,1.568567,BPC_TREE_OPTIMAL,no_cut,37c44c29594e0b8b0ba429e5dd3cf7422c07ae17222bb31e16e31e57030d5e63,0,,2.185589,10.574409,/home/kai/work/GAT_BPC_moonTerk/runs/native_live_sri_v1_p0_frozen_paired_promotion_clean_v2_20260722/raw/scale_030/instance_005_logical_graph/repeat_01/1_no_cut/attempt_01
s030:instance_005:r01:o2:live,30,instance_005,1,no_cut/live,2,live,EXACT_CLOSED,0,200.358402,True,True,True,dfaedf6d273c5c56,1.568567,BPC_TREE_OPTIMAL,P0,9f0e7c4f7e2cab50267e197d55a17950aeee35aad388e47448f24873a7e92ba1,4,,2.222912,10.560013,/home/kai/work/GAT_BPC_moonTerk/runs/native_live_sri_v1_p0_frozen_paired_promotion_clean_v2_20260722/raw/scale_030/instance_005_logical_graph/repeat_01/2_live/attempt_01
s030:instance_005:r02:o1:live,30,instance_005,2,live/no_cut,1,live,EXACT_CLOSED,0,244.197745,True,True,True,dfaedf6d273c5c56,1.568567,BPC_TREE_OPTIMAL,P0,9f0e7c4f7e2cab50267e197d55a17950aeee35aad388e47448f24873a7e92ba1,4,,2.25005,10.52512,/home/kai/work/GAT_BPC_moonTerk/runs/native_live_sri_v1_p0_frozen_paired_promotion_clean_v2_20260722/raw/scale_030/instance_005_logical_graph/repeat_02/1_live/attempt_01
s030:instance_005:r02:o2:no_cut,30,instance_005,2,live/no_cut,2,no_cut,EXACT_CLOSED,0,577.449122,True,True,True,dfaedf6d273c5c56,1.568567,BPC_TREE_OPTIMAL,no_cut,37c44c29594e0b8b0ba429e5dd3cf7422c07ae17222bb31e16e31e57030d5e63,0,,2.167953,10.617641,/home/kai/work/GAT_BPC_moonTerk/runs/native_live_sri_v1_p0_frozen_paired_promotion_clean_v2_20260722/raw/scale_030/instance_005_logical_graph/repeat_02/2_no_cut/attempt_01
s030:instance_005:r03:o1:no_cut,30,instance_005,3,no_cut/live,1,no_cut,EXACT_CLOSED,0,512.670864,True,True,True,dfaedf6d273c5c56,1.568567,BPC_TREE_OPTIMAL,no_cut,37c44c29594e0b8b0ba429e5dd3cf7422c07ae17222bb31e16e31e57030d5e63,0,,2.13728,10.624943,/home/kai/work/GAT_BPC_moonTerk/runs/native_live_sri_v1_p0_frozen_paired_promotion_clean_v2_20260722/raw/scale_030/instance_005_logical_graph/repeat_03/1_no_cut/attempt_01
s030:instance_005:r03:o2:live,30,instance_005,3,no_cut/live,2,live,EXACT_CLOSED,0,241.084866,True,True,True,dfaedf6d273c5c56,1.568567,BPC_TREE_OPTIMAL,P0,9f0e7c4f7e2cab50267e197d55a17950aeee35aad388e47448f24873a7e92ba1,4,,2.244148,10.515423,/home/kai/work/GAT_BPC_moonTerk/runs/native_live_sri_v1_p0_frozen_paired_promotion_clean_v2_20260722/raw/scale_030/instance_005_logical_graph/repeat_03/2_live/attempt_01
s030:instance_006:r01:o1:live,30,instance_006,1,live/no_cut,1,live,EXACT_CLOSED,0,344.677286,True,True,True,dfaedf6d273c5c56,1.518852,BPC_TREE_OPTIMAL,P0,9f0e7c4f7e2cab50267e197d55a17950aeee35aad388e47448f24873a7e92ba1,4,,2.286003,10.468151,/home/kai/work/GAT_BPC_moonTerk/runs/native_live_sri_v1_p0_frozen_paired_promotion_clean_v2_20260722/raw/scale_030/instance_006_logical_graph/repeat_01/1_live/attempt_01
s030:instance_006:r01:o2:no_cut,30,instance_006,1,live/no_cut,2,no_cut,EXACT_CLOSED,0,358.738953,True,True,True,dfaedf6d273c5c56,1.518852,BPC_TREE_OPTIMAL,no_cut,37c44c29594e0b8b0ba429e5dd3cf7422c07ae17222bb31e16e31e57030d5e63,0,,2.155132,10.608273,/home/kai/work/GAT_BPC_moonTerk/runs/native_live_sri_v1_p0_frozen_paired_promotion_clean_v2_20260722/raw/scale_030/instance_006_logical_graph/repeat_01/2_no_cut/attempt_01
s030:instance_006:r02:o1:no_cut,30,instance_006,2,no_cut/live,1,no_cut,EXACT_CLOSED,0,352.659675,True,True,True,dfaedf6d273c5c56,1.518852,BPC_TREE_OPTIMAL,no_cut,37c44c29594e0b8b0ba429e5dd3cf7422c07ae17222bb31e16e31e57030d5e63,0,,2.18383,10.564495,/home/kai/work/GAT_BPC_moonTerk/runs/native_live_sri_v1_p0_frozen_paired_promotion_clean_v2_20260722/raw/scale_030/instance_006_logical_graph/repeat_02/1_no_cut/attempt_01
s030:instance_006:r02:o2:live,30,instance_006,2,no_cut/live,2,live,EXACT_CLOSED,0,378.636386,True,True,True,dfaedf6d273c5c56,1.518852,BPC_TREE_OPTIMAL,P0,9f0e7c4f7e2cab50267e197d55a17950aeee35aad388e47448f24873a7e92ba1,4,,2.243462,10.507885,/home/kai/work/GAT_BPC_moonTerk/runs/native_live_sri_v1_p0_frozen_paired_promotion_clean_v2_20260722/raw/scale_030/instance_006_logical_graph/repeat_02/2_live/attempt_01
s030:instance_006:r03:o1:live,30,instance_006,3,live/no_cut,1,live,EXACT_CLOSED,0,365.544338,True,True,True,dfaedf6d273c5c56,1.518852,BPC_TREE_OPTIMAL,P0,9f0e7c4f7e2cab50267e197d55a17950aeee35aad388e47448f24873a7e92ba1,4,,2.261543,10.485573,/home/kai/work/GAT_BPC_moonTerk/runs/native_live_sri_v1_p0_frozen_paired_promotion_clean_v2_20260722/raw/scale_030/instance_006_logical_graph/repeat_03/1_live/attempt_01
s030:instance_006:r03:o2:no_cut,30,instance_006,3,live/no_cut,2,no_cut,EXACT_CLOSED,0,382.671983,True,True,True,dfaedf6d273c5c56,1.518852,BPC_TREE_OPTIMAL,no_cut,37c44c29594e0b8b0ba429e5dd3cf7422c07ae17222bb31e16e31e57030d5e63,0,,2.21563,10.537594,/home/kai/work/GAT_BPC_moonTerk/runs/native_live_sri_v1_p0_frozen_paired_promotion_clean_v2_20260722/raw/scale_030/instance_006_logical_graph/repeat_03/2_no_cut/attempt_01
s030:instance_007:r01:o1:no_cut,30,instance_007,1,no_cut/live,1,no_cut,EXACT_CLOSED,0,338.299958,True,True,True,dfaedf6d273c5c56,1.423613,BPC_TREE_OPTIMAL,no_cut,37c44c29594e0b8b0ba429e5dd3cf7422c07ae17222bb31e16e31e57030d5e63,0,,1.280972,11.383717,/home/kai/work/GAT_BPC_moonTerk/runs/native_live_sri_v1_p0_frozen_paired_promotion_clean_v2_20260722/raw/scale_030/instance_007_logical_graph/repeat_01/1_no_cut/attempt_01
s030:instance_007:r01:o2:live,30,instance_007,1,no_cut/live,2,live,EXACT_CLOSED,0,342.653836,True,True,True,dfaedf6d273c5c56,1.423613,BPC_TREE_OPTIMAL,P0,9f0e7c4f7e2cab50267e197d55a17950aeee35aad388e47448f24873a7e92ba1,0,,1.281879,11.471642,/home/kai/work/GAT_BPC_moonTerk/runs/native_live_sri_v1_p0_frozen_paired_promotion_clean_v2_20260722/raw/scale_030/instance_007_logical_graph/repeat_01/2_live/attempt_01
s030:instance_007:r02:o1:live,30,instance_007,2,live/no_cut,1,live,EXACT_CLOSED,0,327.994963,True,True,True,dfaedf6d273c5c56,1.423613,BPC_TREE_OPTIMAL,P0,9f0e7c4f7e2cab50267e197d55a17950aeee35aad388e47448f24873a7e92ba1,0,,1.282047,11.473248,/home/kai/work/GAT_BPC_moonTerk/runs/native_live_sri_v1_p0_frozen_paired_promotion_clean_v2_20260722/raw/scale_030/instance_007_logical_graph/repeat_02/1_live/attempt_01
s030:instance_007:r02:o2:no_cut,30,instance_007,2,live/no_cut,2,no_cut,EXACT_CLOSED,0,334.973868,True,True,True,dfaedf6d273c5c56,1.423613,BPC_TREE_OPTIMAL,no_cut,37c44c29594e0b8b0ba429e5dd3cf7422c07ae17222bb31e16e31e57030d5e63,0,,1.280144,11.473434,/home/kai/work/GAT_BPC_moonTerk/runs/native_live_sri_v1_p0_frozen_paired_promotion_clean_v2_20260722/raw/scale_030/instance_007_logical_graph/repeat_02/2_no_cut/attempt_01
s030:instance_007:r03:o1:no_cut,30,instance_007,3,no_cut/live,1,no_cut,EXACT_CLOSED,0,323.968778,True,True,True,dfaedf6d273c5c56,1.423613,BPC_TREE_OPTIMAL,no_cut,37c44c29594e0b8b0ba429e5dd3cf7422c07ae17222bb31e16e31e57030d5e63,0,,1.280273,11.500278,/home/kai/work/GAT_BPC_moonTerk/runs/native_live_sri_v1_p0_frozen_paired_promotion_clean_v2_20260722/raw/scale_030/instance_007_logical_graph/repeat_03/1_no_cut/attempt_01
s030:instance_007:r03:o2:live,30,instance_007,3,no_cut/live,2,live,EXACT_CLOSED,0,324.018908,True,True,True,dfaedf6d273c5c56,1.423613,BPC_TREE_OPTIMAL,P0,9f0e7c4f7e2cab50267e197d55a17950aeee35aad388e47448f24873a7e92ba1,0,,1.28194,11.496567,/home/kai/work/GAT_BPC_moonTerk/runs/native_live_sri_v1_p0_frozen_paired_promotion_clean_v2_20260722/raw/scale_030/instance_007_logical_graph/repeat_03/2_live/attempt_01
s030:instance_008:r01:o1:live,30,instance_008,1,live/no_cut,1,live,EXACT_CLOSED,0,421.846635,True,True,True,dfaedf6d273c5c56,1.517285,BPC_TREE_OPTIMAL,P0,9f0e7c4f7e2cab50267e197d55a17950aeee35aad388e47448f24873a7e92ba1,4,,2.231133,10.546658,/home/kai/work/GAT_BPC_moonTerk/runs/native_live_sri_v1_p0_frozen_paired_promotion_clean_v2_20260722/raw/scale_030/instance_008_logical_graph/repeat_01/1_live/attempt_01
s030:instance_008:r01:o2:no_cut,30,instance_008,1,live/no_cut,2,no_cut,EXACT_CLOSED,0,463.955516,True,True,True,dfaedf6d273c5c56,1.517285,BPC_TREE_OPTIMAL,no_cut,37c44c29594e0b8b0ba429e5dd3cf7422c07ae17222bb31e16e31e57030d5e63,0,,2.133598,10.651123,/home/kai/work/GAT_BPC_moonTerk/runs/native_live_sri_v1_p0_frozen_paired_promotion_clean_v2_20260722/raw/scale_030/instance_008_logical_graph/repeat_01/2_no_cut/attempt_01
s030:instance_008:r02:o1:no_cut,30,instance_008,2,no_cut/live,1,no_cut,EXACT_CLOSED,0,508.53325,True,True,True,dfaedf6d273c5c56,1.517285,BPC_TREE_OPTIMAL,no_cut,37c44c29594e0b8b0ba429e5dd3cf7422c07ae17222bb31e16e31e57030d5e63,0,,1.993309,10.768059,/home/kai/work/GAT_BPC_moonTerk/runs/native_live_sri_v1_p0_frozen_paired_promotion_clean_v2_20260722/raw/scale_030/instance_008_logical_graph/repeat_02/1_no_cut/attempt_01
s030:instance_008:r02:o2:live,30,instance_008,2,no_cut/live,2,live,EXACT_CLOSED,0,429.505294,True,True,True,dfaedf6d273c5c56,1.517285,BPC_TREE_OPTIMAL,P0,9f0e7c4f7e2cab50267e197d55a17950aeee35aad388e47448f24873a7e92ba1,4,,2.22562,10.532822,/home/kai/work/GAT_BPC_moonTerk/runs/native_live_sri_v1_p0_frozen_paired_promotion_clean_v2_20260722/raw/scale_030/instance_008_logical_graph/repeat_02/2_live/attempt_01
s030:instance_008:r03:o1:live,30,instance_008,3,live/no_cut,1,live,EXACT_CLOSED,0,429.616919,True,True,True,dfaedf6d273c5c56,1.517285,BPC_TREE_OPTIMAL,P0,9f0e7c4f7e2cab50267e197d55a17950aeee35aad388e47448f24873a7e92ba1,4,,2.229576,10.524162,/home/kai/work/GAT_BPC_moonTerk/runs/native_live_sri_v1_p0_frozen_paired_promotion_clean_v2_20260722/raw/scale_030/instance_008_logical_graph/repeat_03/1_live/attempt_01
s030:instance_008:r03:o2:no_cut,30,instance_008,3,live/no_cut,2,no_cut,EXACT_CLOSED,0,504.966821,True,True,True,dfaedf6d273c5c56,1.517285,BPC_TREE_OPTIMAL,no_cut,37c44c29594e0b8b0ba429e5dd3cf7422c07ae17222bb31e16e31e57030d5e63,0,,2.107033,10.63863,/home/kai/work/GAT_BPC_moonTerk/runs/native_live_sri_v1_p0_frozen_paired_promotion_clean_v2_20260722/raw/scale_030/instance_008_logical_graph/repeat_03/2_no_cut/attempt_01
s030:instance_009:r01:o1:no_cut,30,instance_009,1,no_cut/live,1,no_cut,EXACT_CLOSED,0,657.989183,True,True,True,dfaedf6d273c5c56,1.539701,BPC_TREE_OPTIMAL,no_cut,37c44c29594e0b8b0ba429e5dd3cf7422c07ae17222bb31e16e31e57030d5e63,0,,2.124271,10.626781,/home/kai/work/GAT_BPC_moonTerk/runs/native_live_sri_v1_p0_frozen_paired_promotion_clean_v2_20260722/raw/scale_030/instance_009_logical_graph/repeat_01/1_no_cut/attempt_01
s030:instance_009:r01:o2:live,30,instance_009,1,no_cut/live,2,live,EXACT_CLOSED,0,1283.25445,True,True,True,dfaedf6d273c5c56,1.539701,BPC_TREE_OPTIMAL,P0,9f0e7c4f7e2cab50267e197d55a17950aeee35aad388e47448f24873a7e92ba1,4,,2.147049,10.605175,/home/kai/work/GAT_BPC_moonTerk/runs/native_live_sri_v1_p0_frozen_paired_promotion_clean_v2_20260722/raw/scale_030/instance_009_logical_graph/repeat_01/2_live/attempt_01
s030:instance_009:r02:o1:live,30,instance_009,2,live/no_cut,1,live,EXACT_CLOSED,0,1235.397089,True,True,True,dfaedf6d273c5c56,1.539701,BPC_TREE_OPTIMAL,P0,9f0e7c4f7e2cab50267e197d55a17950aeee35aad388e47448f24873a7e92ba1,4,,2.061089,10.680481,/home/kai/work/GAT_BPC_moonTerk/runs/native_live_sri_v1_p0_frozen_paired_promotion_clean_v2_20260722/raw/scale_030/instance_009_logical_graph/repeat_02/1_live/attempt_01
s030:instance_009:r02:o2:no_cut,30,instance_009,2,live/no_cut,2,no_cut,EXACT_CLOSED,0,741.765504,True,True,True,dfaedf6d273c5c56,1.539701,BPC_TREE_OPTIMAL,no_cut,37c44c29594e0b8b0ba429e5dd3cf7422c07ae17222bb31e16e31e57030d5e63,0,,2.065887,10.714828,/home/kai/work/GAT_BPC_moonTerk/runs/native_live_sri_v1_p0_frozen_paired_promotion_clean_v2_20260722/raw/scale_030/instance_009_logical_graph/repeat_02/2_no_cut/attempt_01
s030:instance_009:r03:o1:no_cut,30,instance_009,3,no_cut/live,1,no_cut,EXACT_CLOSED,0,761.443079,True,True,True,dfaedf6d273c5c56,1.539701,BPC_TREE_OPTIMAL,no_cut,37c44c29594e0b8b0ba429e5dd3cf7422c07ae17222bb31e16e31e57030d5e63,0,,2.124939,10.642494,/home/kai/work/GAT_BPC_moonTerk/runs/native_live_sri_v1_p0_frozen_paired_promotion_clean_v2_20260722/raw/scale_030/instance_009_logical_graph/repeat_03/1_no_cut/attempt_01
s030:instance_009:r03:o2:live,30,instance_009,3,no_cut/live,2,live,EXACT_CLOSED,0,1621.564003,True,True,True,dfaedf6d273c5c56,1.539701,BPC_TREE_OPTIMAL,P0,9f0e7c4f7e2cab50267e197d55a17950aeee35aad388e47448f24873a7e92ba1,4,,1.915829,10.850101,/home/kai/work/GAT_BPC_moonTerk/runs/native_live_sri_v1_p0_frozen_paired_promotion_clean_v2_20260722/raw/scale_030/instance_009_logical_graph/repeat_03/2_live/attempt_01
s030:instance_010:r01:o1:live,30,instance_010,1,live/no_cut,1,live,EXACT_CLOSED,0,308.003081,True,True,True,dfaedf6d273c5c56,1.57894,BPC_TREE_OPTIMAL,P0,9f0e7c4f7e2cab50267e197d55a17950aeee35aad388e47448f24873a7e92ba1,0,,2.066578,10.673038,/home/kai/work/GAT_BPC_moonTerk/runs/native_live_sri_v1_p0_frozen_paired_promotion_clean_v2_20260722/raw/scale_030/instance_010_logical_graph/repeat_01/1_live/attempt_01
s030:instance_010:r01:o2:no_cut,30,instance_010,1,live/no_cut,2,no_cut,EXACT_CLOSED,0,294.378321,True,True,True,dfaedf6d273c5c56,1.57894,BPC_TREE_OPTIMAL,no_cut,37c44c29594e0b8b0ba429e5dd3cf7422c07ae17222bb31e16e31e57030d5e63,0,,2.135899,10.60162,/home/kai/work/GAT_BPC_moonTerk/runs/native_live_sri_v1_p0_frozen_paired_promotion_clean_v2_20260722/raw/scale_030/instance_010_logical_graph/repeat_01/2_no_cut/attempt_01
s030:instance_010:r02:o1:no_cut,30,instance_010,2,no_cut/live,1,no_cut,EXACT_CLOSED,0,308.002079,True,True,True,dfaedf6d273c5c56,1.57894,BPC_TREE_OPTIMAL,no_cut,37c44c29594e0b8b0ba429e5dd3cf7422c07ae17222bb31e16e31e57030d5e63,0,,2.093086,10.642876,/home/kai/work/GAT_BPC_moonTerk/runs/native_live_sri_v1_p0_frozen_paired_promotion_clean_v2_20260722/raw/scale_030/instance_010_logical_graph/repeat_02/1_no_cut/attempt_01
s030:instance_010:r02:o2:live,30,instance_010,2,no_cut/live,2,live,EXACT_CLOSED,0,282.136812,True,True,True,dfaedf6d273c5c56,1.57894,BPC_TREE_OPTIMAL,P0,9f0e7c4f7e2cab50267e197d55a17950aeee35aad388e47448f24873a7e92ba1,0,,1.901089,10.831577,/home/kai/work/GAT_BPC_moonTerk/runs/native_live_sri_v1_p0_frozen_paired_promotion_clean_v2_20260722/raw/scale_030/instance_010_logical_graph/repeat_02/2_live/attempt_01
s030:instance_010:r03:o1:live,30,instance_010,3,live/no_cut,1,live,EXACT_CLOSED,0,305.151715,True,True,True,dfaedf6d273c5c56,1.57894,BPC_TREE_OPTIMAL,P0,9f0e7c4f7e2cab50267e197d55a17950aeee35aad388e47448f24873a7e92ba1,0,,2.137939,10.591625,/home/kai/work/GAT_BPC_moonTerk/runs/native_live_sri_v1_p0_frozen_paired_promotion_clean_v2_20260722/raw/scale_030/instance_010_logical_graph/repeat_03/1_live/attempt_01
s030:instance_010:r03:o2:no_cut,30,instance_010,3,live/no_cut,2,no_cut,EXACT_CLOSED,0,307.272455,True,True,True,dfaedf6d273c5c56,1.57894,BPC_TREE_OPTIMAL,no_cut,37c44c29594e0b8b0ba429e5dd3cf7422c07ae17222bb31e16e31e57030d5e63,0,,2.119015,10.614811,/home/kai/work/GAT_BPC_moonTerk/runs/native_live_sri_v1_p0_frozen_paired_promotion_clean_v2_20260722/raw/scale_030/instance_010_logical_graph/repeat_03/2_no_cut/attempt_01
s030:instance_011:r01:o1:no_cut,30,instance_011,1,no_cut/live,1,no_cut,EXACT_CLOSED,0,121.185929,True,True,True,dfaedf6d273c5c56,1.439399,BPC_TREE_OPTIMAL,no_cut,37c44c29594e0b8b0ba429e5dd3cf7422c07ae17222bb31e16e31e57030d5e63,0,,1.953213,10.772552,/home/kai/work/GAT_BPC_moonTerk/runs/native_live_sri_v1_p0_frozen_paired_promotion_clean_v2_20260722/raw/scale_030/instance_011_logical_graph/repeat_01/1_no_cut/attempt_01
s030:instance_011:r01:o2:live,30,instance_011,1,no_cut/live,2,live,EXACT_CLOSED,0,121.097064,True,True,True,dfaedf6d273c5c56,1.439399,BPC_TREE_OPTIMAL,P0,9f0e7c4f7e2cab50267e197d55a17950aeee35aad388e47448f24873a7e92ba1,0,,1.970104,10.750954,/home/kai/work/GAT_BPC_moonTerk/runs/native_live_sri_v1_p0_frozen_paired_promotion_clean_v2_20260722/raw/scale_030/instance_011_logical_graph/repeat_01/2_live/attempt_01
s030:instance_011:r02:o1:live,30,instance_011,2,live/no_cut,1,live,EXACT_CLOSED,0,121.374227,True,True,True,dfaedf6d273c5c56,1.439399,BPC_TREE_OPTIMAL,P0,9f0e7c4f7e2cab50267e197d55a17950aeee35aad388e47448f24873a7e92ba1,0,,1.937874,10.78828,/home/kai/work/GAT_BPC_moonTerk/runs/native_live_sri_v1_p0_frozen_paired_promotion_clean_v2_20260722/raw/scale_030/instance_011_logical_graph/repeat_02/1_live/attempt_01
s030:instance_011:r02:o2:no_cut,30,instance_011,2,live/no_cut,2,no_cut,EXACT_CLOSED,0,120.757933,True,True,True,dfaedf6d273c5c56,1.439399,BPC_TREE_OPTIMAL,no_cut,37c44c29594e0b8b0ba429e5dd3cf7422c07ae17222bb31e16e31e57030d5e63,0,,1.963703,10.668026,/home/kai/work/GAT_BPC_moonTerk/runs/native_live_sri_v1_p0_frozen_paired_promotion_clean_v2_20260722/raw/scale_030/instance_011_logical_graph/repeat_02/2_no_cut/attempt_01
s030:instance_011:r03:o1:no_cut,30,instance_011,3,no_cut/live,1,no_cut,EXACT_CLOSED,0,120.821838,True,True,True,dfaedf6d273c5c56,1.439399,BPC_TREE_OPTIMAL,no_cut,37c44c29594e0b8b0ba429e5dd3cf7422c07ae17222bb31e16e31e57030d5e63,0,,1.955128,10.776508,/home/kai/work/GAT_BPC_moonTerk/runs/native_live_sri_v1_p0_frozen_paired_promotion_clean_v2_20260722/raw/scale_030/instance_011_logical_graph/repeat_03/1_no_cut/attempt_01
s030:instance_011:r03:o2:live,30,instance_011,3,no_cut/live,2,live,EXACT_CLOSED,0,121.385884,True,True,True,dfaedf6d273c5c56,1.439399,BPC_TREE_OPTIMAL,P0,9f0e7c4f7e2cab50267e197d55a17950aeee35aad388e47448f24873a7e92ba1,0,,1.901241,10.831886,/home/kai/work/GAT_BPC_moonTerk/runs/native_live_sri_v1_p0_frozen_paired_promotion_clean_v2_20260722/raw/scale_030/instance_011_logical_graph/repeat_03/2_live/attempt_01
s030:instance_012:r01:o1:live,30,instance_012,1,live/no_cut,1,live,EXACT_CLOSED,0,2682.364191,True,True,True,dfaedf6d273c5c56,1.503078,BPC_TREE_OPTIMAL,P0,9f0e7c4f7e2cab50267e197d55a17950aeee35aad388e47448f24873a7e92ba1,4,,3.525478,9.207935,/home/kai/work/GAT_BPC_moonTerk/runs/native_live_sri_v1_p0_frozen_paired_promotion_clean_v2_20260722/raw/scale_030/instance_012_logical_graph/repeat_01/1_live/attempt_01
s030:instance_012:r01:o2:no_cut,30,instance_012,1,live/no_cut,2,no_cut,EXACT_CLOSED,0,1199.133935,True,True,True,dfaedf6d273c5c56,1.503078,BPC_TREE_OPTIMAL,no_cut,37c44c29594e0b8b0ba429e5dd3cf7422c07ae17222bb31e16e31e57030d5e63,0,,3.086342,9.639103,/home/kai/work/GAT_BPC_moonTerk/runs/native_live_sri_v1_p0_frozen_paired_promotion_clean_v2_20260722/raw/scale_030/instance_012_logical_graph/repeat_01/2_no_cut/attempt_01
s030:instance_012:r02:o1:no_cut,30,instance_012,2,no_cut/live,1,no_cut,EXACT_CLOSED,0,1194.772937,True,True,True,dfaedf6d273c5c56,1.503078,BPC_TREE_OPTIMAL,no_cut,37c44c29594e0b8b0ba429e5dd3cf7422c07ae17222bb31e16e31e57030d5e63,0,,3.082138,9.630966,/home/kai/work/GAT_BPC_moonTerk/runs/native_live_sri_v1_p0_frozen_paired_promotion_clean_v2_20260722/raw/scale_030/instance_012_logical_graph/repeat_02/1_no_cut/attempt_01
s030:instance_012:r02:o2:live,30,instance_012,2,no_cut/live,2,live,EXACT_CLOSED,0,2257.279735,True,True,True,dfaedf6d273c5c56,1.503078,BPC_TREE_OPTIMAL,P0,9f0e7c4f7e2cab50267e197d55a17950aeee35aad388e47448f24873a7e92ba1,4,,4.163532,8.565281,/home/kai/work/GAT_BPC_moonTerk/runs/native_live_sri_v1_p0_frozen_paired_promotion_clean_v2_20260722/raw/scale_030/instance_012_logical_graph/repeat_02/2_live/attempt_01
s030:instance_012:r03:o1:live,30,instance_012,3,live/no_cut,1,live,EXACT_CLOSED,0,2230.521882,True,True,True,dfaedf6d273c5c56,1.503078,BPC_TREE_OPTIMAL,P0,9f0e7c4f7e2cab50267e197d55a17950aeee35aad388e47448f24873a7e92ba1,4,,4.162457,8.569851,/home/kai/work/GAT_BPC_moonTerk/runs/native_live_sri_v1_p0_frozen_paired_promotion_clean_v2_20260722/raw/scale_030/instance_012_logical_graph/repeat_03/1_live/attempt_01
s030:instance_012:r03:o2:no_cut,30,instance_012,3,live/no_cut,2,no_cut,EXACT_CLOSED,0,1070.595793,True,True,True,dfaedf6d273c5c56,1.503078,BPC_TREE_OPTIMAL,no_cut,37c44c29594e0b8b0ba429e5dd3cf7422c07ae17222bb31e16e31e57030d5e63,0,,2.742821,9.973038,/home/kai/work/GAT_BPC_moonTerk/runs/native_live_sri_v1_p0_frozen_paired_promotion_clean_v2_20260722/raw/scale_030/instance_012_logical_graph/repeat_03/2_no_cut/attempt_01
s030:instance_013:r01:o1:no_cut,30,instance_013,1,no_cut/live,1,no_cut,EXACT_CLOSED,0,433.48677,True,True,True,dfaedf6d273c5c56,1.442112,BPC_TREE_OPTIMAL,no_cut,37c44c29594e0b8b0ba429e5dd3cf7422c07ae17222bb31e16e31e57030d5e63,0,,2.094986,10.625572,/home/kai/work/GAT_BPC_moonTerk/runs/native_live_sri_v1_p0_frozen_paired_promotion_clean_v2_20260722/raw/scale_030/instance_013_logical_graph/repeat_01/1_no_cut/attempt_01
s030:instance_013:r01:o2:live,30,instance_013,1,no_cut/live,2,live,EXACT_CLOSED,0,432.586858,True,True,True,dfaedf6d273c5c56,1.442112,BPC_TREE_OPTIMAL,P0,9f0e7c4f7e2cab50267e197d55a17950aeee35aad388e47448f24873a7e92ba1,0,,2.111839,10.637577,/home/kai/work/GAT_BPC_moonTerk/runs/native_live_sri_v1_p0_frozen_paired_promotion_clean_v2_20260722/raw/scale_030/instance_013_logical_graph/repeat_01/2_live/attempt_01
s030:instance_013:r02:o1:live,30,instance_013,2,live/no_cut,1,live,EXACT_CLOSED,0,431.855862,True,True,True,dfaedf6d273c5c56,1.442112,BPC_TREE_OPTIMAL,P0,9f0e7c4f7e2cab50267e197d55a17950aeee35aad388e47448f24873a7e92ba1,0,,2.136044,10.606514,/home/kai/work/GAT_BPC_moonTerk/runs/native_live_sri_v1_p0_frozen_paired_promotion_clean_v2_20260722/raw/scale_030/instance_013_logical_graph/repeat_02/1_live/attempt_01
s030:instance_013:r02:o2:no_cut,30,instance_013,2,live/no_cut,2,no_cut,EXACT_CLOSED,0,383.207488,True,True,True,dfaedf6d273c5c56,1.442112,BPC_TREE_OPTIMAL,no_cut,37c44c29594e0b8b0ba429e5dd3cf7422c07ae17222bb31e16e31e57030d5e63,0,,2.056446,10.675938,/home/kai/work/GAT_BPC_moonTerk/runs/native_live_sri_v1_p0_frozen_paired_promotion_clean_v2_20260722/raw/scale_030/instance_013_logical_graph/repeat_02/2_no_cut/attempt_01
s030:instance_013:r03:o1:no_cut,30,instance_013,3,no_cut/live,1,no_cut,EXACT_CLOSED,0,474.143121,True,True,True,dfaedf6d273c5c56,1.442112,BPC_TREE_OPTIMAL,no_cut,37c44c29594e0b8b0ba429e5dd3cf7422c07ae17222bb31e16e31e57030d5e63,0,,1.846413,10.893761,/home/kai/work/GAT_BPC_moonTerk/runs/native_live_sri_v1_p0_frozen_paired_promotion_clean_v2_20260722/raw/scale_030/instance_013_logical_graph/repeat_03/1_no_cut/attempt_01
s030:instance_013:r03:o2:live,30,instance_013,3,no_cut/live,2,live,EXACT_CLOSED,0,423.305778,True,True,True,dfaedf6d273c5c56,1.442112,BPC_TREE_OPTIMAL,P0,9f0e7c4f7e2cab50267e197d55a17950aeee35aad388e47448f24873a7e92ba1,0,,2.08144,10.645008,/home/kai/work/GAT_BPC_moonTerk/runs/native_live_sri_v1_p0_frozen_paired_promotion_clean_v2_20260722/raw/scale_030/instance_013_logical_graph/repeat_03/2_live/attempt_01
s030:instance_014:r01:o1:live,30,instance_014,1,live/no_cut,1,live,EXACT_CLOSED,0,1682.592437,True,True,True,dfaedf6d273c5c56,1.454416,BPC_TREE_OPTIMAL,P0,9f0e7c4f7e2cab50267e197d55a17950aeee35aad388e47448f24873a7e92ba1,0,,2.2155,10.486103,/home/kai/work/GAT_BPC_moonTerk/runs/native_live_sri_v1_p0_frozen_paired_promotion_clean_v2_20260722/raw/scale_030/instance_014_logical_graph/repeat_01/1_live/attempt_01
s030:instance_014:r01:o2:no_cut,30,instance_014,1,live/no_cut,2,no_cut,EXACT_CLOSED,0,1539.116764,True,True,True,dfaedf6d273c5c56,1.454416,BPC_TREE_OPTIMAL,no_cut,37c44c29594e0b8b0ba429e5dd3cf7422c07ae17222bb31e16e31e57030d5e63,0,,3.300632,9.394215,/home/kai/work/GAT_BPC_moonTerk/runs/native_live_sri_v1_p0_frozen_paired_promotion_clean_v2_20260722/raw/scale_030/instance_014_logical_graph/repeat_01/2_no_cut/attempt_01
s030:instance_014:r02:o1:no_cut,30,instance_014,2,no_cut/live,1,no_cut,EXACT_CLOSED,0,1684.849903,True,True,True,dfaedf6d273c5c56,1.454416,BPC_TREE_OPTIMAL,no_cut,37c44c29594e0b8b0ba429e5dd3cf7422c07ae17222bb31e16e31e57030d5e63,0,,2.249134,10.439682,/home/kai/work/GAT_BPC_moonTerk/runs/native_live_sri_v1_p0_frozen_paired_promotion_clean_v2_20260722/raw/scale_030/instance_014_logical_graph/repeat_02/1_no_cut/attempt_01
s030:instance_014:r02:o2:live,30,instance_014,2,no_cut/live,2,live,EXACT_CLOSED,0,1760.376738,True,True,True,dfaedf6d273c5c56,1.454416,BPC_TREE_OPTIMAL,P0,9f0e7c4f7e2cab50267e197d55a17950aeee35aad388e47448f24873a7e92ba1,0,,2.389915,10.309902,/home/kai/work/GAT_BPC_moonTerk/runs/native_live_sri_v1_p0_frozen_paired_promotion_clean_v2_20260722/raw/scale_030/instance_014_logical_graph/repeat_02/2_live/attempt_01
s030:instance_014:r03:o1:live,30,instance_014,3,live/no_cut,1,live,EXACT_CLOSED,0,2017.122606,True,True,True,dfaedf6d273c5c56,1.454416,BPC_TREE_OPTIMAL,P0,9f0e7c4f7e2cab50267e197d55a17950aeee35aad388e47448f24873a7e92ba1,0,,2.076611,10.624863,/home/kai/work/GAT_BPC_moonTerk/runs/native_live_sri_v1_p0_frozen_paired_promotion_clean_v2_20260722/raw/scale_030/instance_014_logical_graph/repeat_03/1_live/attempt_01
s030:instance_014:r03:o2:no_cut,30,instance_014,3,live/no_cut,2,no_cut,EXACT_CLOSED,0,1784.168662,True,True,True,dfaedf6d273c5c56,1.454416,BPC_TREE_OPTIMAL,no_cut,37c44c29594e0b8b0ba429e5dd3cf7422c07ae17222bb31e16e31e57030d5e63,0,,2.389999,10.285637,/home/kai/work/GAT_BPC_moonTerk/runs/native_live_sri_v1_p0_frozen_paired_promotion_clean_v2_20260722/raw/scale_030/instance_014_logical_graph/repeat_03/2_no_cut/attempt_01
s030:instance_015:r01:o1:no_cut,30,instance_015,1,no_cut/live,1,no_cut,EXACT_CLOSED,0,87.636217,True,True,True,dfaedf6d273c5c56,1.452318,BPC_TREE_OPTIMAL,no_cut,37c44c29594e0b8b0ba429e5dd3cf7422c07ae17222bb31e16e31e57030d5e63,0,,2.03735,10.647354,/home/kai/work/GAT_BPC_moonTerk/runs/native_live_sri_v1_p0_frozen_paired_promotion_clean_v2_20260722/raw/scale_030/instance_015_logical_graph/repeat_01/1_no_cut/attempt_01
s030:instance_015:r01:o2:live,30,instance_015,1,no_cut/live,2,live,EXACT_CLOSED,0,87.956775,True,True,True,dfaedf6d273c5c56,1.452318,BPC_TREE_OPTIMAL,P0,9f0e7c4f7e2cab50267e197d55a17950aeee35aad388e47448f24873a7e92ba1,0,,2.037704,10.641075,/home/kai/work/GAT_BPC_moonTerk/runs/native_live_sri_v1_p0_frozen_paired_promotion_clean_v2_20260722/raw/scale_030/instance_015_logical_graph/repeat_01/2_live/attempt_01
s030:instance_015:r02:o1:live,30,instance_015,2,live/no_cut,1,live,EXACT_CLOSED,0,87.112509,True,True,True,dfaedf6d273c5c56,1.452318,BPC_TREE_OPTIMAL,P0,9f0e7c4f7e2cab50267e197d55a17950aeee35aad388e47448f24873a7e92ba1,0,,2.03735,10.651276,/home/kai/work/GAT_BPC_moonTerk/runs/native_live_sri_v1_p0_frozen_paired_promotion_clean_v2_20260722/raw/scale_030/instance_015_logical_graph/repeat_02/1_live/attempt_01
s030:instance_015:r02:o2:no_cut,30,instance_015,2,live/no_cut,2,no_cut,EXACT_CLOSED,0,82.742338,True,True,True,dfaedf6d273c5c56,1.452318,BPC_TREE_OPTIMAL,no_cut,37c44c29594e0b8b0ba429e5dd3cf7422c07ae17222bb31e16e31e57030d5e63,0,,2.037201,10.655163,/home/kai/work/GAT_BPC_moonTerk/runs/native_live_sri_v1_p0_frozen_paired_promotion_clean_v2_20260722/raw/scale_030/instance_015_logical_graph/repeat_02/2_no_cut/attempt_01
s030:instance_015:r03:o1:no_cut,30,instance_015,3,no_cut/live,1,no_cut,EXACT_CLOSED,0,83.01455,True,True,True,dfaedf6d273c5c56,1.452318,BPC_TREE_OPTIMAL,no_cut,37c44c29594e0b8b0ba429e5dd3cf7422c07ae17222bb31e16e31e57030d5e63,0,,2.037304,10.660877,/home/kai/work/GAT_BPC_moonTerk/runs/native_live_sri_v1_p0_frozen_paired_promotion_clean_v2_20260722/raw/scale_030/instance_015_logical_graph/repeat_03/1_no_cut/attempt_01
s030:instance_015:r03:o2:live,30,instance_015,3,no_cut/live,2,live,EXACT_CLOSED,0,94.062189,True,True,True,dfaedf6d273c5c56,1.452318,BPC_TREE_OPTIMAL,P0,9f0e7c4f7e2cab50267e197d55a17950aeee35aad388e47448f24873a7e92ba1,0,,2.029324,10.662655,/home/kai/work/GAT_BPC_moonTerk/runs/native_live_sri_v1_p0_frozen_paired_promotion_clean_v2_20260722/raw/scale_030/instance_015_logical_graph/repeat_03/2_live/attempt_01
s030:instance_016:r01:o1:live,30,instance_016,1,live/no_cut,1,live,EXACT_CLOSED,0,1127.924786,True,True,True,dfaedf6d273c5c56,1.513543,BPC_TREE_OPTIMAL,P0,9f0e7c4f7e2cab50267e197d55a17950aeee35aad388e47448f24873a7e92ba1,0,,2.182877,10.502033,/home/kai/work/GAT_BPC_moonTerk/runs/native_live_sri_v1_p0_frozen_paired_promotion_clean_v2_20260722/raw/scale_030/instance_016_logical_graph/repeat_01/1_live/attempt_01
s030:instance_016:r01:o2:no_cut,30,instance_016,1,live/no_cut,2,no_cut,EXACT_CLOSED,0,1156.418199,True,True,True,dfaedf6d273c5c56,1.513543,BPC_TREE_OPTIMAL,no_cut,37c44c29594e0b8b0ba429e5dd3cf7422c07ae17222bb31e16e31e57030d5e63,0,,2.180897,10.530327,/home/kai/work/GAT_BPC_moonTerk/runs/native_live_sri_v1_p0_frozen_paired_promotion_clean_v2_20260722/raw/scale_030/instance_016_logical_graph/repeat_01/2_no_cut/attempt_01
s030:instance_016:r02:o1:no_cut,30,instance_016,2,no_cut/live,1,no_cut,EXACT_CLOSED,0,1276.732866,True,True,True,dfaedf6d273c5c56,1.513543,BPC_TREE_OPTIMAL,no_cut,37c44c29594e0b8b0ba429e5dd3cf7422c07ae17222bb31e16e31e57030d5e63,0,,2.186493,10.489689,/home/kai/work/GAT_BPC_moonTerk/runs/native_live_sri_v1_p0_frozen_paired_promotion_clean_v2_20260722/raw/scale_030/instance_016_logical_graph/repeat_02/1_no_cut/attempt_01
s030:instance_016:r02:o2:live,30,instance_016,2,no_cut/live,2,live,EXACT_CLOSED,0,1040.07075,True,True,True,dfaedf6d273c5c56,1.513543,BPC_TREE_OPTIMAL,P0,9f0e7c4f7e2cab50267e197d55a17950aeee35aad388e47448f24873a7e92ba1,0,,2.153347,10.526806,/home/kai/work/GAT_BPC_moonTerk/runs/native_live_sri_v1_p0_frozen_paired_promotion_clean_v2_20260722/raw/scale_030/instance_016_logical_graph/repeat_02/2_live/attempt_01
s030:instance_016:r03:o1:live,30,instance_016,3,live/no_cut,1,live,EXACT_CLOSED,0,1266.079119,True,True,True,dfaedf6d273c5c56,1.513543,BPC_TREE_OPTIMAL,P0,9f0e7c4f7e2cab50267e197d55a17950aeee35aad388e47448f24873a7e92ba1,0,,2.170456,10.510731,/home/kai/work/GAT_BPC_moonTerk/runs/native_live_sri_v1_p0_frozen_paired_promotion_clean_v2_20260722/raw/scale_030/instance_016_logical_graph/repeat_03/1_live/attempt_01
s030:instance_016:r03:o2:no_cut,30,instance_016,3,live/no_cut,2,no_cut,EXACT_CLOSED,0,1164.530246,True,True,True,dfaedf6d273c5c56,1.513543,BPC_TREE_OPTIMAL,no_cut,37c44c29594e0b8b0ba429e5dd3cf7422c07ae17222bb31e16e31e57030d5e63,0,,2.184307,10.491447,/home/kai/work/GAT_BPC_moonTerk/runs/native_live_sri_v1_p0_frozen_paired_promotion_clean_v2_20260722/raw/scale_030/instance_016_logical_graph/repeat_03/2_no_cut/attempt_01
s030:instance_017:r01:o1:no_cut,30,instance_017,1,no_cut/live,1,no_cut,EXACT_CLOSED,0,151.530564,True,True,True,dfaedf6d273c5c56,1.438753,BPC_TREE_OPTIMAL,no_cut,37c44c29594e0b8b0ba429e5dd3cf7422c07ae17222bb31e16e31e57030d5e63,0,,2.129238,10.543976,/home/kai/work/GAT_BPC_moonTerk/runs/native_live_sri_v1_p0_frozen_paired_promotion_clean_v2_20260722/raw/scale_030/instance_017_logical_graph/repeat_01/1_no_cut/attempt_01
s030:instance_017:r01:o2:live,30,instance_017,1,no_cut/live,2,live,EXACT_CLOSED,0,150.366427,True,True,True,dfaedf6d273c5c56,1.438753,BPC_TREE_OPTIMAL,P0,9f0e7c4f7e2cab50267e197d55a17950aeee35aad388e47448f24873a7e92ba1,0,,2.13382,10.541214,/home/kai/work/GAT_BPC_moonTerk/runs/native_live_sri_v1_p0_frozen_paired_promotion_clean_v2_20260722/raw/scale_030/instance_017_logical_graph/repeat_01/2_live/attempt_01
s030:instance_017:r02:o1:live,30,instance_017,2,live/no_cut,1,live,EXACT_CLOSED,0,149.627364,True,True,True,dfaedf6d273c5c56,1.438753,BPC_TREE_OPTIMAL,P0,9f0e7c4f7e2cab50267e197d55a17950aeee35aad388e47448f24873a7e92ba1,0,,2.132713,10.537022,/home/kai/work/GAT_BPC_moonTerk/runs/native_live_sri_v1_p0_frozen_paired_promotion_clean_v2_20260722/raw/scale_030/instance_017_logical_graph/repeat_02/1_live/attempt_01
s030:instance_017:r02:o2:no_cut,30,instance_017,2,live/no_cut,2,no_cut,EXACT_CLOSED,0,151.005472,True,True,True,dfaedf6d273c5c56,1.438753,BPC_TREE_OPTIMAL,no_cut,37c44c29594e0b8b0ba429e5dd3cf7422c07ae17222bb31e16e31e57030d5e63,0,,2.110138,10.596539,/home/kai/work/GAT_BPC_moonTerk/runs/native_live_sri_v1_p0_frozen_paired_promotion_clean_v2_20260722/raw/scale_030/instance_017_logical_graph/repeat_02/2_no_cut/attempt_01
s030:instance_017:r03:o1:no_cut,30,instance_017,3,no_cut/live,1,no_cut,EXACT_CLOSED,0,152.522089,True,True,True,dfaedf6d273c5c56,1.438753,BPC_TREE_OPTIMAL,no_cut,37c44c29594e0b8b0ba429e5dd3cf7422c07ae17222bb31e16e31e57030d5e63,0,,1.970058,10.742195,/home/kai/work/GAT_BPC_moonTerk/runs/native_live_sri_v1_p0_frozen_paired_promotion_clean_v2_20260722/raw/scale_030/instance_017_logical_graph/repeat_03/1_no_cut/attempt_01
s030:instance_017:r03:o2:live,30,instance_017,3,no_cut/live,2,live,EXACT_CLOSED,0,151.342649,True,True,True,dfaedf6d273c5c56,1.438753,BPC_TREE_OPTIMAL,P0,9f0e7c4f7e2cab50267e197d55a17950aeee35aad388e47448f24873a7e92ba1,0,,2.116413,10.587875,/home/kai/work/GAT_BPC_moonTerk/runs/native_live_sri_v1_p0_frozen_paired_promotion_clean_v2_20260722/raw/scale_030/instance_017_logical_graph/repeat_03/2_live/attempt_01
s030:instance_018:r01:o1:live,30,instance_018,1,live/no_cut,1,live,EXACT_CLOSED,0,197.478702,True,True,True,dfaedf6d273c5c56,1.4131,BPC_TREE_OPTIMAL,P0,9f0e7c4f7e2cab50267e197d55a17950aeee35aad388e47448f24873a7e92ba1,4,,2.223465,10.478775,/home/kai/work/GAT_BPC_moonTerk/runs/native_live_sri_v1_p0_frozen_paired_promotion_clean_v2_20260722/raw/scale_030/instance_018_logical_graph/repeat_01/1_live/attempt_01
s030:instance_018:r01:o2:no_cut,30,instance_018,1,live/no_cut,2,no_cut,EXACT_CLOSED,0,187.233427,True,True,True,dfaedf6d273c5c56,1.4131,BPC_TREE_OPTIMAL,no_cut,37c44c29594e0b8b0ba429e5dd3cf7422c07ae17222bb31e16e31e57030d5e63,0,,2.113789,10.580299,/home/kai/work/GAT_BPC_moonTerk/runs/native_live_sri_v1_p0_frozen_paired_promotion_clean_v2_20260722/raw/scale_030/instance_018_logical_graph/repeat_01/2_no_cut/attempt_01
s030:instance_018:r02:o1:no_cut,30,instance_018,2,no_cut/live,1,no_cut,EXACT_CLOSED,0,182.662368,True,True,True,dfaedf6d273c5c56,1.4131,BPC_TREE_OPTIMAL,no_cut,37c44c29594e0b8b0ba429e5dd3cf7422c07ae17222bb31e16e31e57030d5e63,0,,2.133705,10.564297,/home/kai/work/GAT_BPC_moonTerk/runs/native_live_sri_v1_p0_frozen_paired_promotion_clean_v2_20260722/raw/scale_030/instance_018_logical_graph/repeat_02/1_no_cut/attempt_01
s030:instance_018:r02:o2:live,30,instance_018,2,no_cut/live,2,live,EXACT_CLOSED,0,201.046498,True,True,True,dfaedf6d273c5c56,1.4131,BPC_TREE_OPTIMAL,P0,9f0e7c4f7e2cab50267e197d55a17950aeee35aad388e47448f24873a7e92ba1,4,,2.22353,10.45966,/home/kai/work/GAT_BPC_moonTerk/runs/native_live_sri_v1_p0_frozen_paired_promotion_clean_v2_20260722/raw/scale_030/instance_018_logical_graph/repeat_02/2_live/attempt_01
s030:instance_018:r03:o1:live,30,instance_018,3,live/no_cut,1,live,EXACT_CLOSED,0,199.740682,True,True,True,dfaedf6d273c5c56,1.4131,BPC_TREE_OPTIMAL,P0,9f0e7c4f7e2cab50267e197d55a17950aeee35aad388e47448f24873a7e92ba1,4,,2.223454,10.462017,/home/kai/work/GAT_BPC_moonTerk/runs/native_live_sri_v1_p0_frozen_paired_promotion_clean_v2_20260722/raw/scale_030/instance_018_logical_graph/repeat_03/1_live/attempt_01
s030:instance_018:r03:o2:no_cut,30,instance_018,3,live/no_cut,2,no_cut,EXACT_CLOSED,0,186.441539,True,True,True,dfaedf6d273c5c56,1.4131,BPC_TREE_OPTIMAL,no_cut,37c44c29594e0b8b0ba429e5dd3cf7422c07ae17222bb31e16e31e57030d5e63,0,,2.136646,10.544994,/home/kai/work/GAT_BPC_moonTerk/runs/native_live_sri_v1_p0_frozen_paired_promotion_clean_v2_20260722/raw/scale_030/instance_018_logical_graph/repeat_03/2_no_cut/attempt_01
s030:instance_019:r01:o1:no_cut,30,instance_019,1,no_cut/live,1,no_cut,EXACT_CLOSED,0,346.847256,True,True,True,dfaedf6d273c5c56,1.677642,BPC_TREE_OPTIMAL,no_cut,37c44c29594e0b8b0ba429e5dd3cf7422c07ae17222bb31e16e31e57030d5e63,0,,2.246498,10.439133,/home/kai/work/GAT_BPC_moonTerk/runs/native_live_sri_v1_p0_frozen_paired_promotion_clean_v2_20260722/raw/scale_030/instance_019_logical_graph/repeat_01/1_no_cut/attempt_01
s030:instance_019:r01:o2:live,30,instance_019,1,no_cut/live,2,live,EXACT_CLOSED,0,460.390365,True,True,True,dfaedf6d273c5c56,1.677642,BPC_TREE_OPTIMAL,P0,9f0e7c4f7e2cab50267e197d55a17950aeee35aad388e47448f24873a7e92ba1,4,,2.309116,10.365608,/home/kai/work/GAT_BPC_moonTerk/runs/native_live_sri_v1_p0_frozen_paired_promotion_clean_v2_20260722/raw/scale_030/instance_019_logical_graph/repeat_01/2_live/attempt_01
s030:instance_019:r02:o1:live,30,instance_019,2,live/no_cut,1,live,EXACT_CLOSED,0,414.982392,True,True,True,dfaedf6d273c5c56,1.677642,BPC_TREE_OPTIMAL,P0,9f0e7c4f7e2cab50267e197d55a17950aeee35aad388e47448f24873a7e92ba1,4,,2.298836,10.368393,/home/kai/work/GAT_BPC_moonTerk/runs/native_live_sri_v1_p0_frozen_paired_promotion_clean_v2_20260722/raw/scale_030/instance_019_logical_graph/repeat_02/1_live/attempt_01
s030:instance_019:r02:o2:no_cut,30,instance_019,2,live/no_cut,2,no_cut,EXACT_CLOSED,0,376.039057,True,True,True,dfaedf6d273c5c56,1.677642,BPC_TREE_OPTIMAL,no_cut,37c44c29594e0b8b0ba429e5dd3cf7422c07ae17222bb31e16e31e57030d5e63,0,,2.225002,10.444176,/home/kai/work/GAT_BPC_moonTerk/runs/native_live_sri_v1_p0_frozen_paired_promotion_clean_v2_20260722/raw/scale_030/instance_019_logical_graph/repeat_02/2_no_cut/attempt_01
s030:instance_019:r03:o1:no_cut,30,instance_019,3,no_cut/live,1,no_cut,EXACT_CLOSED,0,350.122703,True,True,True,dfaedf6d273c5c56,1.677642,BPC_TREE_OPTIMAL,no_cut,37c44c29594e0b8b0ba429e5dd3cf7422c07ae17222bb31e16e31e57030d5e63,0,,2.284378,10.379868,/home/kai/work/GAT_BPC_moonTerk/runs/native_live_sri_v1_p0_frozen_paired_promotion_clean_v2_20260722/raw/scale_030/instance_019_logical_graph/repeat_03/1_no_cut/attempt_01
s030:instance_019:r03:o2:live,30,instance_019,3,no_cut/live,2,live,EXACT_CLOSED,0,408.690729,True,True,True,dfaedf6d273c5c56,1.677642,BPC_TREE_OPTIMAL,P0,9f0e7c4f7e2cab50267e197d55a17950aeee35aad388e47448f24873a7e92ba1,4,,2.305538,10.35582,/home/kai/work/GAT_BPC_moonTerk/runs/native_live_sri_v1_p0_frozen_paired_promotion_clean_v2_20260722/raw/scale_030/instance_019_logical_graph/repeat_03/2_live/attempt_01
s030:instance_020:r01:o1:live,30,instance_020,1,live/no_cut,1,live,EXACT_CLOSED,0,261.105585,True,True,True,dfaedf6d273c5c56,1.549728,BPC_TREE_OPTIMAL,P0,9f0e7c4f7e2cab50267e197d55a17950aeee35aad388e47448f24873a7e92ba1,4,,2.268921,10.402935,/home/kai/work/GAT_BPC_moonTerk/runs/native_live_sri_v1_p0_frozen_paired_promotion_clean_v2_20260722/raw/scale_030/instance_020_logical_graph/repeat_01/1_live/attempt_01
s030:instance_020:r01:o2:no_cut,30,instance_020,1,live/no_cut,2,no_cut,EXACT_CLOSED,0,244.363643,True,True,True,dfaedf6d273c5c56,1.549728,BPC_TREE_OPTIMAL,no_cut,37c44c29594e0b8b0ba429e5dd3cf7422c07ae17222bb31e16e31e57030d5e63,0,,2.315151,10.350979,/home/kai/work/GAT_BPC_moonTerk/runs/native_live_sri_v1_p0_frozen_paired_promotion_clean_v2_20260722/raw/scale_030/instance_020_logical_graph/repeat_01/2_no_cut/attempt_01
s030:instance_020:r02:o1:no_cut,30,instance_020,2,no_cut/live,1,no_cut,EXACT_CLOSED,0,243.940022,True,True,True,dfaedf6d273c5c56,1.549728,BPC_TREE_OPTIMAL,no_cut,37c44c29594e0b8b0ba429e5dd3cf7422c07ae17222bb31e16e31e57030d5e63,0,,2.225662,10.43367,/home/kai/work/GAT_BPC_moonTerk/runs/native_live_sri_v1_p0_frozen_paired_promotion_clean_v2_20260722/raw/scale_030/instance_020_logical_graph/repeat_02/1_no_cut/attempt_01
s030:instance_020:r02:o2:live,30,instance_020,2,no_cut/live,2,live,EXACT_CLOSED,0,259.687949,True,True,True,dfaedf6d273c5c56,1.549728,BPC_TREE_OPTIMAL,P0,9f0e7c4f7e2cab50267e197d55a17950aeee35aad388e47448f24873a7e92ba1,4,,2.278519,10.389374,/home/kai/work/GAT_BPC_moonTerk/runs/native_live_sri_v1_p0_frozen_paired_promotion_clean_v2_20260722/raw/scale_030/instance_020_logical_graph/repeat_02/2_live/attempt_01
s030:instance_020:r03:o1:live,30,instance_020,3,live/no_cut,1,live,EXACT_CLOSED,0,259.436959,True,True,True,dfaedf6d273c5c56,1.549728,BPC_TREE_OPTIMAL,P0,9f0e7c4f7e2cab50267e197d55a17950aeee35aad388e47448f24873a7e92ba1,4,,2.238888,10.429054,/home/kai/work/GAT_BPC_moonTerk/runs/native_live_sri_v1_p0_frozen_paired_promotion_clean_v2_20260722/raw/scale_030/instance_020_logical_graph/repeat_03/1_live/attempt_01
s030:instance_020:r03:o2:no_cut,30,instance_020,3,live/no_cut,2,no_cut,EXACT_CLOSED,0,244.851903,True,True,True,dfaedf6d273c5c56,1.549728,BPC_TREE_OPTIMAL,no_cut,37c44c29594e0b8b0ba429e5dd3cf7422c07ae17222bb31e16e31e57030d5e63,0,,2.289734,10.374538,/home/kai/work/GAT_BPC_moonTerk/runs/native_live_sri_v1_p0_frozen_paired_promotion_clean_v2_20260722/raw/scale_030/instance_020_logical_graph/repeat_03/2_no_cut/attempt_01
