timestamp_utc,slot_id,root_pid,elapsed_sec,process_count,tree_rss_gb,tree_swap_gb,effective_memory_limit_gb,available_memory_gb,system_swap_used_gb,disk_free_gb
2026-07-22T07:53:22.004682+00:00,s005:instance_001:r01:o1:no_cut,1520152,0.001862,1,0.004764556884765625,0.0,2.0,12.447479248046875,0.2428741455078125,820.4802474975586
2026-07-22T07:53:22.597476+00:00,s005:instance_001:r01:o2:live,1520323,0.001454,1,0.00431060791015625,0.0,2.0,12.444915771484375,0.2428741455078125,820.4798545837402
2026-07-22T07:53:23.179116+00:00,s005:instance_001:r02:o1:live,1520480,0.00142,1,0.004520416259765625,0.0,2.0,12.445632934570312,0.2428741455078125,820.4794692993164
2026-07-22T07:53:23.773695+00:00,s005:instance_001:r02:o2:no_cut,1520641,0.002704,1,0.006244659423828125,0.0,2.0,12.44137191772461,0.2428741455078125,820.4790878295898
2026-07-22T07:53:24.361933+00:00,s005:instance_001:r03:o1:no_cut,1520799,0.00169,1,0.00476837158203125,0.0,2.0,12.441535949707031,0.2428741455078125,820.4787101745605
2026-07-22T07:53:24.999245+00:00,s005:instance_001:r03:o2:live,1520962,0.00146,1,0.00447845458984375,0.0,2.0,12.439002990722656,0.2428741455078125,820.4783325195312
2026-07-22T07:53:25.635752+00:00,s005:instance_001:r04:o1:live,1521141,0.00143,1,0.004337310791015625,0.0,2.0,12.43502426147461,0.2428741455078125,820.4779472351074
2026-07-22T07:53:26.275573+00:00,s005:instance_001:r04:o2:no_cut,1521296,0.003058,1,0.00608062744140625,0.0,2.0,12.43436050415039,0.2428741455078125,820.4775619506836
2026-07-22T07:53:26.861484+00:00,s005:instance_001:r05:o1:no_cut,1521440,0.001638,1,0.004474639892578125,0.0,2.0,12.436302185058594,0.2428741455078125,820.4771842956543
2026-07-22T07:53:27.442199+00:00,s005:instance_001:r05:o2:live,1521586,0.001375,1,0.004550933837890625,0.0,2.0,12.430076599121094,0.2428741455078125,820.476806640625
2026-07-22T07:53:28.025326+00:00,s005:instance_001:r06:o1:live,1521741,0.001568,1,0.00470733642578125,0.0,2.0,12.42519760131836,0.2428741455078125,820.4764175415039
2026-07-22T07:53:28.611400+00:00,s005:instance_001:r06:o2:no_cut,1521901,0.001465,1,0.00460052490234375,0.0,2.0,12.424766540527344,0.2428741455078125,820.4760360717773
2026-07-22T07:53:29.203735+00:00,s005:instance_001:r07:o1:no_cut,1522053,0.001847,1,0.00460052490234375,0.0,2.0,12.411376953125,0.2428741455078125,820.475658416748
2026-07-22T07:53:29.843288+00:00,s005:instance_001:r07:o2:live,1522220,0.001347,1,0.004375457763671875,0.0,2.0,12.413642883300781,0.2428741455078125,820.4752807617188
2026-07-22T07:53:30.429049+00:00,s005:instance_001:r08:o1:live,1522381,0.001518,1,0.0047607421875,0.0,2.0,12.407516479492188,0.2428741455078125,820.4748954772949
2026-07-22T07:53:31.063897+00:00,s005:instance_001:r08:o2:no_cut,1522546,0.001853,1,0.00441741943359375,0.0,2.0,12.400821685791016,0.2428741455078125,820.4745140075684
2026-07-22T07:53:31.653126+00:00,s005:instance_001:r09:o1:no_cut,1522705,0.001555,1,0.00490570068359375,0.0,2.0,12.40317153930664,0.2428741455078125,820.4741363525391
2026-07-22T07:53:32.239100+00:00,s005:instance_001:r09:o2:live,1522862,0.00137,1,0.004627227783203125,0.0,2.0,12.401481628417969,0.2428741455078125,820.4737586975098
2026-07-22T07:53:32.872832+00:00,s005:instance_001:r10:o1:live,1523033,0.001542,1,0.00484466552734375,0.0,2.0,12.401924133300781,0.2428741455078125,820.4733734130859
2026-07-22T07:53:33.463324+00:00,s005:instance_001:r10:o2:no_cut,1523192,0.002333,1,0.005329132080078125,0.0,2.0,12.399322509765625,0.2428741455078125,820.4729843139648
2026-07-22T07:53:34.100119+00:00,s005:instance_002:r01:o1:live,1523353,0.001439,1,0.0046234130859375,0.0,2.0,12.393478393554688,0.2428741455078125,820.4726028442383
2026-07-22T07:53:34.734952+00:00,s005:instance_002:r01:o2:no_cut,1523531,0.001401,1,0.004611968994140625,0.0,2.0,12.394821166992188,0.2428741455078125,820.4721984863281
2026-07-22T07:53:35.323317+00:00,s005:instance_002:r02:o1:no_cut,1523692,0.002813,1,0.0064544677734375,0.0,2.0,12.390087127685547,0.2428741455078125,820.471794128418
2026-07-22T07:53:35.908493+00:00,s005:instance_002:r02:o2:live,1523853,0.001561,1,0.00437164306640625,0.0,2.0,12.389400482177734,0.2428741455078125,820.4713973999023
2026-07-22T07:53:36.488876+00:00,s005:instance_002:r03:o1:live,1524004,0.001583,1,0.004947662353515625,0.0,2.0,12.388164520263672,0.2428741455078125,820.4709854125977
2026-07-22T07:53:37.070573+00:00,s005:instance_002:r03:o2:no_cut,1524171,0.001348,1,0.004467010498046875,0.0,2.0,12.385997772216797,0.2428741455078125,820.4705810546875
2026-07-22T07:53:37.655961+00:00,s005:instance_002:r04:o1:no_cut,1524337,0.001345,1,0.004390716552734375,0.0,2.0,12.380111694335938,0.2428741455078125,820.4701766967773
2026-07-22T07:53:38.292230+00:00,s005:instance_002:r04:o2:live,1524502,0.002398,1,0.006221771240234375,0.0,2.0,12.379096984863281,0.2428741455078125,820.4697799682617
2026-07-22T07:53:38.883399+00:00,s005:instance_002:r05:o1:live,1524659,0.001313,1,0.004398345947265625,0.0,2.0,12.378395080566406,0.2428741455078125,820.4693717956543
2026-07-22T07:53:39.481002+00:00,s005:instance_002:r05:o2:no_cut,1524823,0.001583,1,0.00464630126953125,0.0,2.0,12.370246887207031,0.2428741455078125,820.4689636230469
2026-07-22T07:53:40.115172+00:00,s005:instance_002:r06:o1:no_cut,1524987,0.001378,1,0.004528045654296875,0.0,2.0,12.375614166259766,0.2428741455078125,820.4685592651367
2026-07-22T07:53:40.708732+00:00,s005:instance_002:r06:o2:live,1525141,0.002209,1,0.005340576171875,0.0,2.0,12.3714599609375,0.2428741455078125,820.4681625366211
2026-07-22T07:53:41.347794+00:00,s005:instance_002:r07:o1:live,1525308,0.001368,1,0.004550933837890625,0.0,2.0,12.365955352783203,0.2428741455078125,820.4677543640137
2026-07-22T07:53:45.596503+00:00,s005:instance_002:r07:o2:no_cut,1525476,0.001397,1,0.0042724609375,0.0,2.0,12.367542266845703,0.2428741455078125,820.4673500061035
2026-07-22T07:53:46.189752+00:00,s005:instance_002:r08:o1:no_cut,1525637,0.001414,1,0.0045318603515625,0.0,2.0,12.364299774169922,0.2428741455078125,820.4669456481934
2026-07-22T07:53:46.825541+00:00,s005:instance_002:r08:o2:live,1525804,0.002182,1,0.0057373046875,0.0,2.0,12.36501693725586,0.2428741455078125,820.4665489196777
2026-07-22T07:53:47.460302+00:00,s005:instance_002:r09:o1:live,1525967,0.001363,1,0.004634857177734375,0.0,2.0,12.358016967773438,0.2428741455078125,820.4661407470703
2026-07-22T07:53:48.091323+00:00,s005:instance_002:r09:o2:no_cut,1526131,0.00135,1,0.00452423095703125,0.0,2.0,12.35443115234375,0.2428741455078125,820.4657363891602
2026-07-22T07:53:48.678098+00:00,s005:instance_002:r10:o1:no_cut,1526289,0.001488,1,0.004650115966796875,0.0,2.0,12.358436584472656,0.2428741455078125,820.46533203125
2026-07-22T07:53:49.271082+00:00,s005:instance_002:r10:o2:live,1526445,0.002236,1,0.004901885986328125,0.0,2.0,12.35452651977539,0.2428741455078125,820.4649314880371
2026-07-22T07:53:49.858737+00:00,s005:instance_003:r01:o1:no_cut,1526608,0.00143,1,0.004474639892578125,0.0,2.0,12.346435546875,0.2428741455078125,820.4645195007324
2026-07-22T07:53:50.495805+00:00,s005:instance_003:r01:o2:live,1526789,0.001351,1,0.00453948974609375,0.0,2.0,12.340377807617188,0.2428741455078125,820.4641380310059
2026-07-22T07:53:51.090493+00:00,s005:instance_003:r02:o1:live,1526945,0.001446,1,0.004306793212890625,0.0,2.0,12.34267807006836,0.2428741455078125,820.4637603759766
2026-07-22T07:53:51.736227+00:00,s005:instance_003:r02:o2:no_cut,1527111,0.001419,1,0.00453948974609375,0.0,2.0,12.341476440429688,0.2428741455078125,820.4633827209473
2026-07-22T07:53:52.320284+00:00,s005:instance_003:r03:o1:no_cut,1527277,0.00133,1,0.00431060791015625,0.0,2.0,12.336498260498047,0.2428741455078125,820.463005065918
2026-07-22T07:53:52.908256+00:00,s005:instance_003:r03:o2:live,1527438,0.001381,1,0.00452423095703125,0.0,2.0,12.336959838867188,0.2428741455078125,820.4626312255859
2026-07-22T07:53:53.494258+00:00,s005:instance_003:r04:o1:live,1527591,0.001372,1,0.0045318603515625,0.0,2.0,12.39236831665039,0.2428741455078125,820.4622535705566
2026-07-22T07:53:54.081943+00:00,s005:instance_003:r04:o2:no_cut,1527743,0.001463,1,0.00445556640625,0.0,2.0,12.395294189453125,0.2428741455078125,820.4618759155273
2026-07-22T07:53:54.676857+00:00,s005:instance_003:r05:o1:no_cut,1527905,0.00144,1,0.0044708251953125,0.0,2.0,12.39438247680664,0.2428741455078125,820.4614944458008
2026-07-22T07:53:55.310082+00:00,s005:instance_003:r05:o2:live,1528074,0.001511,1,0.004741668701171875,0.0,2.0,12.387577056884766,0.2428741455078125,820.4611167907715
2026-07-22T07:53:55.947153+00:00,s005:instance_003:r06:o1:live,1528241,0.001556,1,0.004627227783203125,0.0,2.0,12.381549835205078,0.2428741455078125,820.4607391357422
2026-07-22T07:53:56.533082+00:00,s005:instance_003:r06:o2:no_cut,1528400,0.001457,1,0.004550933837890625,0.0,2.0,12.379852294921875,0.2428741455078125,820.4603614807129
2026-07-22T07:53:57.118999+00:00,s005:instance_003:r07:o1:no_cut,1528563,0.001636,1,0.004863739013671875,0.0,2.0,12.388175964355469,0.2428741455078125,820.4599838256836
2026-07-22T07:53:57.712565+00:00,s005:instance_003:r07:o2:live,1528717,0.00138,1,0.004581451416015625,0.0,2.0,12.382041931152344,0.2428741455078125,820.4596099853516
2026-07-22T07:53:58.348095+00:00,s005:instance_003:r08:o1:live,1528883,0.001404,1,0.004291534423828125,0.0,2.0,12.371196746826172,0.2428741455078125,820.4592323303223
2026-07-22T07:53:58.952702+00:00,s005:instance_003:r08:o2:no_cut,1529048,0.001367,1,0.004306793212890625,0.0,2.0,12.376823425292969,0.2428741455078125,820.458854675293
2026-07-22T07:53:59.547536+00:00,s005:instance_003:r09:o1:no_cut,1529204,0.001447,1,0.004283905029296875,0.0,2.0,12.371757507324219,0.2428741455078125,820.4584770202637
2026-07-22T07:54:00.134784+00:00,s005:instance_003:r09:o2:live,1529360,0.001446,1,0.00443267822265625,0.0,2.0,12.37347412109375,0.2428741455078125,820.4581031799316
2026-07-22T07:54:00.773023+00:00,s005:instance_003:r10:o1:live,1529533,0.001522,1,0.00482177734375,0.0,2.0,12.360576629638672,0.2428741455078125,820.4577255249023
2026-07-22T07:54:01.362585+00:00,s005:instance_003:r10:o2:no_cut,1529695,0.001339,1,0.0044097900390625,0.0,2.0,12.357322692871094,0.2428741455078125,820.4573440551758
2026-07-22T07:54:01.947027+00:00,s005:instance_004:r01:o1:live,1529853,0.001452,1,0.004364013671875,0.0,2.0,12.352001190185547,0.2428741455078125,820.4569625854492
2026-07-22T07:54:02.538069+00:00,s005:instance_004:r01:o2:no_cut,1530012,0.00155,1,0.004383087158203125,0.0,2.0,12.351688385009766,0.2428741455078125,820.4566040039062
2026-07-22T07:54:03.124987+00:00,s005:instance_004:r02:o1:no_cut,1530169,0.00171,1,0.005130767822265625,0.0,2.0,12.350128173828125,0.2428741455078125,820.4562492370605
2026-07-22T07:54:03.711139+00:00,s005:instance_004:r02:o2:live,1530335,0.00145,1,0.004306793212890625,0.0,2.0,12.353199005126953,0.2428741455078125,820.4558944702148
2026-07-22T07:54:04.296877+00:00,s005:instance_004:r03:o1:live,1530492,0.001404,1,0.004486083984375,0.0,2.0,12.345748901367188,0.2428741455078125,820.4555320739746
2026-07-22T07:54:04.880657+00:00,s005:instance_004:r03:o2:no_cut,1530652,0.001437,1,0.00470733642578125,0.0,2.0,12.337326049804688,0.2428741455078125,820.4551773071289
2026-07-22T07:54:05.518795+00:00,s005:instance_004:r04:o1:no_cut,1530822,0.001414,1,0.00450897216796875,0.0,2.0,12.341392517089844,0.2428741455078125,820.4548187255859
2026-07-22T07:54:06.101817+00:00,s005:instance_004:r04:o2:live,1530980,0.00163,1,0.004150390625,0.0,2.0,12.340438842773438,0.2428741455078125,820.4544639587402
2026-07-22T07:54:06.687798+00:00,s005:instance_004:r05:o1:live,1531140,0.001365,1,0.004329681396484375,0.0,2.0,12.331748962402344,0.2428741455078125,820.4541015625
2026-07-22T07:54:07.272979+00:00,s005:instance_004:r05:o2:no_cut,1531299,0.001389,1,0.0042724609375,0.0,2.0,12.333778381347656,0.2428741455078125,820.453742980957
2026-07-22T07:54:07.910127+00:00,s005:instance_004:r06:o1:no_cut,1531465,0.001389,1,0.004566192626953125,0.0,2.0,12.333087921142578,0.2428741455078125,820.4533843994141
2026-07-22T07:54:08.499830+00:00,s005:instance_004:r06:o2:live,1531621,0.002211,1,0.00594329833984375,0.0,2.0,12.326251983642578,0.2428741455078125,820.4530296325684
2026-07-22T07:54:09.138158+00:00,s005:instance_004:r07:o1:live,1531787,0.0015,1,0.004764556884765625,0.0,2.0,12.327293395996094,0.2428741455078125,820.4526672363281
2026-07-22T07:54:09.724670+00:00,s005:instance_004:r07:o2:no_cut,1531945,0.001366,1,0.00437164306640625,0.0,2.0,12.324378967285156,0.2428741455078125,820.4523086547852
2026-07-22T07:54:10.363404+00:00,s005:instance_004:r08:o1:no_cut,1532130,0.001383,1,0.004405975341796875,0.0,2.0,12.329887390136719,0.2428741455078125,820.4519462585449
2026-07-22T07:54:10.949953+00:00,s005:instance_004:r08:o2:live,1532277,0.001688,1,0.005115509033203125,0.0,2.0,12.331844329833984,0.2428741455078125,820.4515914916992
2026-07-22T07:54:11.533091+00:00,s005:instance_004:r09:o1:live,1532430,0.001384,1,0.004425048828125,0.0,2.0,12.320472717285156,0.2428741455078125,820.451229095459
2026-07-22T07:54:12.167215+00:00,s005:instance_004:r09:o2:no_cut,1532598,0.001374,1,0.004428863525390625,0.0,2.0,12.322792053222656,0.2428741455078125,820.4508743286133
2026-07-22T07:54:12.806194+00:00,s005:instance_004:r10:o1:no_cut,1532769,0.001523,1,0.004425048828125,0.0,2.0,12.322193145751953,0.2428741455078125,820.4505157470703
2026-07-22T07:54:13.393442+00:00,s005:instance_004:r10:o2:live,1532924,0.001476,1,0.00461578369140625,0.0,2.0,12.311664581298828,0.2428741455078125,820.4501571655273
2026-07-22T07:54:14.026680+00:00,s005:instance_005:r01:o1:no_cut,1533089,0.001361,1,0.004398345947265625,0.0,2.0,12.310371398925781,0.2428741455078125,820.4497909545898
2026-07-22T07:54:14.612991+00:00,s005:instance_005:r01:o2:live,1533247,0.001396,1,0.004489898681640625,0.0,2.0,12.307937622070312,0.2428741455078125,820.4494132995605
2026-07-22T07:54:15.253215+00:00,s005:instance_005:r02:o1:live,1533413,0.001434,1,0.004486083984375,0.0,2.0,12.31008529663086,0.2428741455078125,820.4490242004395
2026-07-22T07:54:15.892766+00:00,s005:instance_005:r02:o2:no_cut,1533584,0.001502,1,0.004486083984375,0.0,2.0,12.305339813232422,0.2428741455078125,820.4486389160156
2026-07-22T07:54:16.529614+00:00,s005:instance_005:r03:o1:no_cut,1533747,0.001544,1,0.00473785400390625,0.0,2.0,12.301437377929688,0.2428741455078125,820.4482574462891
2026-07-22T07:54:17.165008+00:00,s005:instance_005:r03:o2:live,1533917,0.00168,1,0.005336761474609375,0.0,2.0,12.295921325683594,0.2428741455078125,820.4478759765625
2026-07-22T07:54:21.452319+00:00,s005:instance_005:r04:o1:live,1534078,0.001797,1,0.0051116943359375,0.0,2.0,12.291629791259766,0.2428741455078125,820.4474868774414
2026-07-22T07:54:22.043191+00:00,s005:instance_005:r04:o2:no_cut,1534232,0.001336,1,0.004543304443359375,0.0,2.0,12.290107727050781,0.2428741455078125,820.4471015930176
2026-07-22T07:54:22.681384+00:00,s005:instance_005:r05:o1:no_cut,1534394,0.001384,1,0.004306793212890625,0.0,2.0,12.286914825439453,0.2428741455078125,820.446720123291
2026-07-22T07:54:23.266166+00:00,s005:instance_005:r05:o2:live,1534550,0.001742,1,0.00457000732421875,0.0,2.0,12.284564971923828,0.2428741455078125,820.4463348388672
2026-07-22T07:54:23.853765+00:00,s005:instance_005:r06:o1:live,1534705,0.001413,1,0.00453948974609375,0.0,2.0,12.283252716064453,0.2428741455078125,820.4459457397461
2026-07-22T07:54:24.487892+00:00,s005:instance_005:r06:o2:no_cut,1534867,0.001463,1,0.004558563232421875,0.0,2.0,12.282100677490234,0.2428741455078125,820.4455604553223
2026-07-22T07:54:25.069134+00:00,s005:instance_005:r07:o1:no_cut,1535021,0.001361,1,0.004581451416015625,0.0,2.0,12.28073501586914,0.2428741455078125,820.4451789855957
2026-07-22T07:54:25.703219+00:00,s005:instance_005:r07:o2:live,1535187,0.00133,1,0.00440216064453125,0.0,2.0,12.273330688476562,0.2428741455078125,820.4447975158691
2026-07-22T07:54:26.291758+00:00,s005:instance_005:r08:o1:live,1535341,0.001489,1,0.004302978515625,0.0,2.0,12.275199890136719,0.2428741455078125,820.444408416748
2026-07-22T07:54:26.877887+00:00,s005:instance_005:r08:o2:no_cut,1535495,0.001472,1,0.0046844482421875,0.0,2.0,12.279552459716797,0.2428741455078125,820.4440231323242
2026-07-22T07:54:27.461638+00:00,s005:instance_005:r09:o1:no_cut,1535656,0.001393,1,0.00449371337890625,0.0,2.0,12.276222229003906,0.2428741455078125,820.4436416625977
2026-07-22T07:54:28.049703+00:00,s005:instance_005:r09:o2:live,1535810,0.002245,1,0.006175994873046875,0.0,2.0,12.270977020263672,0.2428741455078125,820.4432563781738
2026-07-22T07:54:28.686832+00:00,s005:instance_005:r10:o1:live,1535973,0.001357,1,0.00457763671875,0.0,2.0,12.271217346191406,0.2428741455078125,820.4428672790527
2026-07-22T07:54:29.277713+00:00,s005:instance_005:r10:o2:no_cut,1536129,0.00144,1,0.0047760009765625,0.0,2.0,12.26754379272461,0.2428741455078125,820.4424781799316
2026-07-22T07:54:29.912767+00:00,s005:instance_006:r01:o1:live,1536291,0.001526,1,0.004459381103515625,0.0,2.0,12.267066955566406,0.2428741455078125,820.4420928955078
2026-07-22T07:54:30.551567+00:00,s005:instance_006:r01:o2:no_cut,1536450,0.001399,1,0.004627227783203125,0.0,2.0,12.25632095336914,0.2428741455078125,820.4416961669922
2026-07-22T07:54:31.136135+00:00,s005:instance_006:r02:o1:no_cut,1536606,0.001501,1,0.0047454833984375,0.0,2.0,12.257858276367188,0.2428741455078125,820.4412994384766
2026-07-22T07:54:31.767149+00:00,s005:instance_006:r02:o2:live,1536792,0.001361,1,0.004558563232421875,0.0,2.0,12.250347137451172,0.2428741455078125,820.4409027099609
2026-07-22T07:54:32.352665+00:00,s005:instance_006:r03:o1:live,1536955,0.001387,1,0.004547119140625,0.0,2.0,12.250835418701172,0.2428741455078125,820.4405059814453
2026-07-22T07:54:32.937484+00:00,s005:instance_006:r03:o2:no_cut,1537104,0.00134,1,0.004459381103515625,0.0,2.0,12.243480682373047,0.2428741455078125,820.4401092529297
2026-07-22T07:54:33.576302+00:00,s005:instance_006:r04:o1:no_cut,1537265,0.001488,1,0.004451751708984375,0.0,2.0,12.242431640625,0.2428741455078125,820.4397125244141
2026-07-22T07:54:34.157809+00:00,s005:instance_006:r04:o2:live,1537417,0.001359,1,0.004344940185546875,0.0,2.0,12.23916244506836,0.2428741455078125,820.439323425293
2026-07-22T07:54:34.747796+00:00,s005:instance_006:r05:o1:live,1537572,0.001478,1,0.00461578369140625,0.0,2.0,12.243560791015625,0.2428741455078125,820.4389228820801
2026-07-22T07:54:35.387206+00:00,s005:instance_006:r05:o2:no_cut,1537726,0.001728,1,0.004405975341796875,0.0,2.0,12.239696502685547,0.2428741455078125,820.4385223388672
2026-07-22T07:54:36.022635+00:00,s005:instance_006:r06:o1:no_cut,1537882,0.001349,1,0.0044403076171875,0.0,2.0,12.236381530761719,0.2428741455078125,820.4381256103516
2026-07-22T07:54:36.655788+00:00,s005:instance_006:r06:o2:live,1538048,0.001448,1,0.004650115966796875,0.0,2.0,12.235923767089844,0.2428741455078125,820.4377365112305
2026-07-22T07:54:37.286781+00:00,s005:instance_006:r07:o1:live,1538206,0.001376,1,0.0044708251953125,0.0,2.0,12.231048583984375,0.2428741455078125,820.4373359680176
2026-07-22T07:54:37.880844+00:00,s005:instance_006:r07:o2:no_cut,1538362,0.001455,1,0.00458526611328125,0.0,2.0,12.229911804199219,0.2428741455078125,820.436939239502
2026-07-22T07:54:38.528019+00:00,s005:instance_006:r08:o1:no_cut,1538524,0.001577,1,0.004634857177734375,0.0,2.0,12.221328735351562,0.2428741455078125,820.4365386962891
2026-07-22T07:54:39.112022+00:00,s005:instance_006:r08:o2:live,1538676,0.001473,1,0.0047454833984375,0.0,2.0,12.217185974121094,0.2428741455078125,820.436149597168
2026-07-22T07:54:39.698285+00:00,s005:instance_006:r09:o1:live,1538824,0.001563,1,0.00450897216796875,0.0,2.0,12.21279525756836,0.2428741455078125,820.4357490539551
2026-07-22T07:54:40.284845+00:00,s005:instance_006:r09:o2:no_cut,1538980,0.001384,1,0.0045013427734375,0.0,2.0,12.21737289428711,0.2428741455078125,820.4353523254395
2026-07-22T07:54:40.865498+00:00,s005:instance_006:r10:o1:no_cut,1539133,0.001407,1,0.004528045654296875,0.0,2.0,12.210594177246094,0.2428741455078125,820.4349517822266
2026-07-22T07:54:41.452207+00:00,s005:instance_006:r10:o2:live,1539311,0.001571,1,0.004863739013671875,0.0,2.0,12.214126586914062,0.2428741455078125,820.4345550537109
2026-07-22T07:54:42.038349+00:00,s005:instance_007:r01:o1:no_cut,1539456,0.001366,1,0.004497528076171875,0.0,2.0,12.210262298583984,0.2428741455078125,820.4341506958008
2026-07-22T07:54:42.625446+00:00,s005:instance_007:r01:o2:live,1539611,0.001384,1,0.004608154296875,0.0,2.0,12.206279754638672,0.2428741455078125,820.4337501525879
2026-07-22T07:54:43.269375+00:00,s005:instance_007:r02:o1:live,1539781,0.001401,1,0.004581451416015625,0.0,2.0,12.203548431396484,0.2428741455078125,820.4333381652832
2026-07-22T07:54:43.905508+00:00,s005:instance_007:r02:o2:no_cut,1539939,0.001579,1,0.00429534912109375,0.0,2.0,12.20718765258789,0.2428741455078125,820.4329376220703
2026-07-22T07:54:44.494614+00:00,s005:instance_007:r03:o1:no_cut,1540087,0.001377,1,0.004398345947265625,0.0,2.0,12.202571868896484,0.2428741455078125,820.4325332641602
2026-07-22T07:54:45.079912+00:00,s005:instance_007:r03:o2:live,1540236,0.001462,1,0.0046234130859375,0.0,2.0,12.197559356689453,0.2428741455078125,820.4321327209473
2026-07-22T07:54:45.716210+00:00,s005:instance_007:r04:o1:live,1540399,0.001546,1,0.004489898681640625,0.0,2.0,12.194252014160156,0.2428741455078125,820.4317283630371
2026-07-22T07:54:46.351630+00:00,s005:instance_007:r04:o2:no_cut,1540559,0.001533,1,0.004322052001953125,0.0,2.0,12.190914154052734,0.2428741455078125,820.431324005127
2026-07-22T07:54:46.984707+00:00,s005:instance_007:r05:o1:no_cut,1540719,0.001549,1,0.004589080810546875,0.0,2.0,12.193965911865234,0.2428741455078125,820.4309158325195
2026-07-22T07:54:47.570270+00:00,s005:instance_007:r05:o2:live,1540874,0.001446,1,0.004302978515625,0.0,2.0,12.187705993652344,0.2428741455078125,820.4305152893066
2026-07-22T07:54:48.208190+00:00,s005:instance_007:r06:o1:live,1541036,0.001681,1,0.004581451416015625,0.0,2.0,12.188556671142578,0.2428741455078125,820.4301109313965
2026-07-22T07:54:48.852195+00:00,s005:instance_007:r06:o2:no_cut,1541196,0.00151,1,0.0045928955078125,0.0,2.0,12.18301773071289,0.2428741455078125,820.4297065734863
2026-07-22T07:54:49.488141+00:00,s005:instance_007:r07:o1:no_cut,1541383,0.001468,1,0.004497528076171875,0.0,2.0,12.869281768798828,0.2428741455078125,820.4292945861816
2026-07-22T07:54:50.126000+00:00,s005:instance_007:r07:o2:live,1541547,0.002848,1,0.00666046142578125,0.0,2.0,12.883525848388672,0.2428741455078125,820.4288940429688
2026-07-22T07:54:50.720529+00:00,s005:instance_007:r08:o1:live,1541697,0.001523,1,0.004772186279296875,0.0,2.0,12.885589599609375,0.2428741455078125,820.4284896850586
2026-07-22T07:54:51.362019+00:00,s005:instance_007:r08:o2:no_cut,1541868,0.001611,1,0.004486083984375,0.0,2.0,12.882247924804688,0.2428741455078125,820.4280853271484
2026-07-22T07:54:52.014370+00:00,s005:instance_007:r09:o1:no_cut,1542033,0.001355,1,0.0044708251953125,0.0,2.0,12.866737365722656,0.2428741455078125,820.4276809692383
2026-07-22T07:54:52.604678+00:00,s005:instance_007:r09:o2:live,1542187,0.003331,1,0.00634002685546875,0.0,2.0,12.85873794555664,0.2428741455078125,820.4272766113281
2026-07-22T07:54:53.245677+00:00,s005:instance_007:r10:o1:live,1542340,0.001384,1,0.00438690185546875,0.0,2.0,12.857269287109375,0.2428741455078125,820.4268646240234
2026-07-22T07:54:57.459408+00:00,s005:instance_007:r10:o2:no_cut,1542505,0.001556,1,0.004581451416015625,0.0,2.0,12.852127075195312,0.2428741455078125,820.426456451416
2026-07-22T07:54:58.092216+00:00,s005:instance_008:r01:o1:live,1542675,0.001384,1,0.004482269287109375,0.0,2.0,12.852657318115234,0.2428741455078125,820.4260482788086
2026-07-22T07:54:58.727766+00:00,s005:instance_008:r01:o2:no_cut,1542848,0.001835,1,0.00531005859375,0.0,2.0,12.847606658935547,0.2428741455078125,820.4256629943848
2026-07-22T07:54:59.363237+00:00,s005:instance_008:r02:o1:no_cut,1543016,0.001454,1,0.004665374755859375,0.0,2.0,12.853267669677734,0.2428741455078125,820.4252815246582
2026-07-22T07:55:00.003984+00:00,s005:instance_008:r02:o2:live,1543189,0.002383,1,0.006198883056640625,0.0,2.0,12.84653091430664,0.2428741455078125,820.4249000549316
2026-07-22T07:55:00.594570+00:00,s005:instance_008:r03:o1:live,1543350,0.001487,1,0.004383087158203125,0.0,2.0,12.845230102539062,0.2428741455078125,820.4245109558105
2026-07-22T07:55:01.229945+00:00,s005:instance_008:r03:o2:no_cut,1543507,0.001405,1,0.0045013427734375,0.0,2.0,12.841941833496094,0.2428741455078125,820.424129486084
2026-07-22T07:55:01.875987+00:00,s005:instance_008:r04:o1:no_cut,1543669,0.001509,1,0.00463104248046875,0.0,2.0,12.844161987304688,0.2428741455078125,820.4237403869629
2026-07-22T07:55:02.466196+00:00,s005:instance_008:r04:o2:live,1543824,0.001462,1,0.004367828369140625,0.0,2.0,12.840568542480469,0.2428741455078125,820.4233589172363
2026-07-22T07:55:03.106270+00:00,s005:instance_008:r05:o1:live,1543991,0.001372,1,0.004497528076171875,0.0,2.0,12.838985443115234,0.2428741455078125,820.422966003418
2026-07-22T07:55:03.740329+00:00,s005:instance_008:r05:o2:no_cut,1544152,0.001492,1,0.004489898681640625,0.0,2.0,12.841255187988281,0.2428741455078125,820.4225845336914
2026-07-22T07:55:04.375899+00:00,s005:instance_008:r06:o1:no_cut,1544317,0.001556,1,0.004840850830078125,0.0,2.0,12.847358703613281,0.2428741455078125,820.4221992492676
2026-07-22T07:55:05.011241+00:00,s005:instance_008:r06:o2:live,1544491,0.001411,1,0.0044097900390625,0.0,2.0,12.846321105957031,0.2428741455078125,820.421817779541
2026-07-22T07:55:05.655356+00:00,s005:instance_008:r07:o1:live,1544668,0.001453,1,0.004489898681640625,0.0,2.0,12.847476959228516,0.2428741455078125,820.4214286804199
2026-07-22T07:55:06.291463+00:00,s005:instance_008:r07:o2:no_cut,1544831,0.001551,1,0.004497528076171875,0.0,2.0,12.843643188476562,0.2428741455078125,820.4210472106934
2026-07-22T07:55:06.931355+00:00,s005:instance_008:r08:o1:no_cut,1545000,0.001447,1,0.004673004150390625,0.0,2.0,12.843944549560547,0.2428741455078125,820.4206619262695
2026-07-22T07:55:07.571805+00:00,s005:instance_008:r08:o2:live,1545180,0.00143,1,0.0045928955078125,0.0,2.0,12.846305847167969,0.2428741455078125,820.420280456543
2026-07-22T07:55:08.215719+00:00,s005:instance_008:r09:o1:live,1545366,0.001424,1,0.0045623779296875,0.0,2.0,12.839847564697266,0.2428741455078125,820.4198875427246
2026-07-22T07:55:08.851658+00:00,s005:instance_008:r09:o2:no_cut,1545533,0.001427,1,0.004608154296875,0.0,2.0,12.836627960205078,0.2428741455078125,820.419506072998
2026-07-22T07:55:09.488351+00:00,s005:instance_008:r10:o1:no_cut,1545700,0.001438,1,0.004608154296875,0.0,2.0,12.840927124023438,0.2428741455078125,820.419116973877
2026-07-22T07:55:10.077867+00:00,s005:instance_008:r10:o2:live,1545861,0.001383,1,0.00455474853515625,0.0,2.0,12.832714080810547,0.2428741455078125,820.4187355041504
2026-07-22T07:55:10.716206+00:00,s005:instance_009:r01:o1:no_cut,1546030,0.001563,1,0.004604339599609375,0.0,2.0,12.832473754882812,0.2428741455078125,820.418342590332
2026-07-22T07:55:11.316771+00:00,s005:instance_009:r01:o2:live,1546191,0.001362,1,0.004604339599609375,0.0,2.0,12.830345153808594,0.2428741455078125,820.4179801940918
2026-07-22T07:55:11.903911+00:00,s005:instance_009:r02:o1:live,1546352,0.001393,1,0.004444122314453125,0.0,2.0,12.8333740234375,0.2428741455078125,820.4176063537598
2026-07-22T07:55:12.488089+00:00,s005:instance_009:r02:o2:no_cut,1546516,0.001411,1,0.00445556640625,0.0,2.0,12.82912826538086,0.2428741455078125,820.417236328125
2026-07-22T07:55:13.124250+00:00,s005:instance_009:r03:o1:no_cut,1546688,0.001397,1,0.0045166015625,0.0,2.0,12.825706481933594,0.2428741455078125,820.4168663024902
2026-07-22T07:55:13.710153+00:00,s005:instance_009:r03:o2:live,1546843,0.001492,1,0.004611968994140625,0.0,2.0,12.829864501953125,0.2428741455078125,820.41650390625
2026-07-22T07:55:14.347185+00:00,s005:instance_009:r04:o1:live,1547005,0.001505,1,0.004665374755859375,0.0,2.0,12.827953338623047,0.2428741455078125,820.416130065918
2026-07-22T07:55:14.942286+00:00,s005:instance_009:r04:o2:no_cut,1547161,0.001497,1,0.004543304443359375,0.0,2.0,12.828548431396484,0.2428741455078125,820.4157600402832
2026-07-22T07:55:15.583511+00:00,s005:instance_009:r05:o1:no_cut,1547330,0.001388,1,0.00432586669921875,0.0,2.0,12.82357406616211,0.2428741455078125,820.4153900146484
2026-07-22T07:55:16.170700+00:00,s005:instance_009:r05:o2:live,1547488,0.001481,1,0.00476837158203125,0.0,2.0,12.822864532470703,0.2428741455078125,820.4150238037109
2026-07-22T07:55:16.754126+00:00,s005:instance_009:r06:o1:live,1547636,0.001343,1,0.0045318603515625,0.0,2.0,12.822257995605469,0.2428741455078125,820.4146499633789
2026-07-22T07:55:17.391899+00:00,s005:instance_009:r06:o2:no_cut,1547803,0.001424,1,0.00447845458984375,0.0,2.0,12.823173522949219,0.2428741455078125,820.4142761230469
2026-07-22T07:55:18.031918+00:00,s005:instance_009:r07:o1:no_cut,1547969,0.001402,1,0.00455474853515625,0.0,2.0,12.81942367553711,0.2428741455078125,820.4139099121094
2026-07-22T07:55:18.671308+00:00,s005:instance_009:r07:o2:live,1548138,0.001639,1,0.00437164306640625,0.0,2.0,12.821361541748047,0.2428741455078125,820.4135437011719
2026-07-22T07:55:19.303656+00:00,s005:instance_009:r08:o1:live,1548297,0.001432,1,0.00458526611328125,0.0,2.0,12.822124481201172,0.2428741455078125,820.4131698608398
2026-07-22T07:55:19.900659+00:00,s005:instance_009:r08:o2:no_cut,1548454,0.001388,1,0.004543304443359375,0.0,2.0,12.821540832519531,0.2428741455078125,820.4127998352051
2026-07-22T07:55:20.591880+00:00,s005:instance_009:r09:o1:no_cut,1548609,0.001521,1,0.00432586669921875,0.0,2.0,12.813682556152344,0.2428741455078125,820.4124336242676
2026-07-22T07:55:21.232204+00:00,s005:instance_009:r09:o2:live,1548766,0.001391,1,0.004421234130859375,0.0,2.0,12.821605682373047,0.2428741455078125,820.4120674133301
2026-07-22T07:55:21.872814+00:00,s005:instance_009:r10:o1:live,1548910,0.001584,1,0.004535675048828125,0.0,2.0,12.82387924194336,0.2428741455078125,820.4116897583008
2026-07-22T07:55:22.511754+00:00,s005:instance_009:r10:o2:no_cut,1549071,0.001822,1,0.004638671875,0.0,2.0,12.821548461914062,0.2428741455078125,820.411319732666
2026-07-22T07:55:23.152839+00:00,s005:instance_010:r01:o1:live,1549233,0.001394,1,0.00441741943359375,0.0,2.0,12.824901580810547,0.2428741455078125,820.4109497070312
2026-07-22T07:55:23.793412+00:00,s005:instance_010:r01:o2:no_cut,1549393,0.001758,1,0.004100799560546875,0.0,2.0,12.823486328125,0.2428741455078125,820.4105644226074
2026-07-22T07:55:24.431980+00:00,s005:instance_010:r02:o1:no_cut,1549556,0.001369,1,0.004367828369140625,0.0,2.0,12.821510314941406,0.2428741455078125,820.4101791381836
2026-07-22T07:55:25.077653+00:00,s005:instance_010:r02:o2:live,1549723,0.001529,1,0.0046234130859375,0.0,2.0,12.816734313964844,0.2428741455078125,820.409797668457
2026-07-22T07:55:25.726120+00:00,s005:instance_010:r03:o1:live,1549888,0.001461,1,0.004360198974609375,0.0,2.0,12.824596405029297,0.2428741455078125,820.4094123840332
2026-07-22T07:55:26.364938+00:00,s005:instance_010:r03:o2:no_cut,1550050,0.001424,1,0.004611968994140625,0.0,2.0,12.822700500488281,0.2428741455078125,820.4090270996094
2026-07-22T07:55:27.005088+00:00,s005:instance_010:r04:o1:no_cut,1550217,0.001523,1,0.004528045654296875,0.0,2.0,12.820629119873047,0.2428741455078125,820.4086418151855
2026-07-22T07:55:27.644937+00:00,s005:instance_010:r04:o2:live,1550387,0.001344,1,0.00441741943359375,0.0,2.0,12.818119049072266,0.2428741455078125,820.4082641601562
2026-07-22T07:55:28.284801+00:00,s005:instance_010:r05:o1:live,1550563,0.001405,1,0.004566192626953125,0.0,2.0,12.819828033447266,0.2428741455078125,820.4078636169434
2026-07-22T07:55:28.924904+00:00,s005:instance_010:r05:o2:no_cut,1550730,0.001686,1,0.004596710205078125,0.0,2.0,12.818962097167969,0.2428741455078125,820.4074783325195
2026-07-22T07:55:29.562374+00:00,s005:instance_010:r06:o1:no_cut,1550888,0.001617,1,0.00492095947265625,0.0,2.0,12.815887451171875,0.2428741455078125,820.4070930480957
2026-07-22T07:55:33.777145+00:00,s005:instance_010:r06:o2:live,1551054,0.002133,1,0.00571441650390625,0.0,2.0,12.82278060913086,0.2428741455078125,820.4067153930664
2026-07-22T07:55:34.426179+00:00,s005:instance_010:r07:o1:live,1551217,0.001874,1,0.0045928955078125,0.0,2.0,12.814002990722656,0.2428741455078125,820.4063262939453
2026-07-22T07:55:35.067902+00:00,s005:instance_010:r07:o2:no_cut,1551371,0.002293,1,0.0047149658203125,0.0,2.0,12.816627502441406,0.2428741455078125,820.4059410095215
2026-07-22T07:55:35.707854+00:00,s005:instance_010:r08:o1:no_cut,1551537,0.00154,1,0.00455474853515625,0.0,2.0,12.816814422607422,0.2428741455078125,820.4055557250977
2026-07-22T07:55:36.346848+00:00,s005:instance_010:r08:o2:live,1551705,0.001411,1,0.00435638427734375,0.0,2.0,12.817378997802734,0.2428741455078125,820.4051742553711
2026-07-22T07:55:36.986983+00:00,s005:instance_010:r09:o1:live,1551867,0.001543,1,0.004486083984375,0.0,2.0,12.815067291259766,0.2428741455078125,820.40478515625
2026-07-22T07:55:37.627030+00:00,s005:instance_010:r09:o2:no_cut,1552035,0.001388,1,0.00452423095703125,0.0,2.0,12.81613540649414,0.2428741455078125,820.4043998718262
2026-07-22T07:55:38.264539+00:00,s005:instance_010:r10:o1:no_cut,1552203,0.00144,1,0.004283905029296875,0.0,2.0,12.812950134277344,0.2428741455078125,820.4040107727051
2026-07-22T07:55:38.907699+00:00,s005:instance_010:r10:o2:live,1552363,0.002429,1,0.005992889404296875,0.0,2.0,12.821155548095703,0.2428741455078125,820.4036331176758
2026-07-22T07:55:39.551113+00:00,s005:instance_011:r01:o1:no_cut,1552529,0.001536,1,0.0045928955078125,0.0,2.0,12.818668365478516,0.2428741455078125,820.4032402038574
2026-07-22T07:55:40.189528+00:00,s005:instance_011:r01:o2:live,1552698,0.001481,1,0.004589080810546875,0.0,2.0,12.81576919555664,0.2428741455078125,820.4028472900391
2026-07-22T07:55:40.827609+00:00,s005:instance_011:r02:o1:live,1552872,0.001853,1,0.004730224609375,0.0,2.0,12.81027603149414,0.2428741455078125,820.4024467468262
2026-07-22T07:55:41.428052+00:00,s005:instance_011:r02:o2:no_cut,1553034,0.001684,1,0.004634857177734375,0.0,2.0,12.8206787109375,0.2428741455078125,820.4020538330078
2026-07-22T07:55:42.066956+00:00,s005:instance_011:r03:o1:no_cut,1553204,0.00135,1,0.004535675048828125,0.0,2.0,12.81610107421875,0.2428741455078125,820.4016571044922
2026-07-22T07:55:42.704814+00:00,s005:instance_011:r03:o2:live,1553378,0.001414,1,0.004322052001953125,0.0,2.0,12.816303253173828,0.2428741455078125,820.4012641906738
2026-07-22T07:55:43.345661+00:00,s005:instance_011:r04:o1:live,1553541,0.001464,1,0.00437164306640625,0.0,2.0,12.816577911376953,0.2428741455078125,820.4008636474609
2026-07-22T07:55:43.980869+00:00,s005:instance_011:r04:o2:no_cut,1553701,0.001424,1,0.004520416259765625,0.0,2.0,12.817058563232422,0.2428741455078125,820.4004707336426
2026-07-22T07:55:44.619459+00:00,s005:instance_011:r05:o1:no_cut,1553878,0.001446,1,0.004673004150390625,0.0,2.0,12.813159942626953,0.2428741455078125,820.4000663757324
2026-07-22T07:55:45.259821+00:00,s005:instance_011:r05:o2:live,1554038,0.001371,1,0.004398345947265625,0.0,2.0,12.814353942871094,0.2428741455078125,820.3996734619141
2026-07-22T07:55:45.904911+00:00,s005:instance_011:r06:o1:live,1554205,0.00137,1,0.004444122314453125,0.0,2.0,12.81900405883789,0.2428741455078125,820.3992767333984
2026-07-22T07:55:46.545170+00:00,s005:instance_011:r06:o2:no_cut,1554374,0.001437,1,0.004474639892578125,0.0,2.0,12.814201354980469,0.2428741455078125,820.3988800048828
2026-07-22T07:55:47.180814+00:00,s005:instance_011:r07:o1:no_cut,1554540,0.001467,1,0.004543304443359375,0.0,2.0,12.814628601074219,0.2428741455078125,820.3984832763672
2026-07-22T07:55:47.819942+00:00,s005:instance_011:r07:o2:live,1554707,0.001496,1,0.004535675048828125,0.0,2.0,12.81412124633789,0.2428741455078125,820.3980903625488
2026-07-22T07:55:48.405260+00:00,s005:instance_011:r08:o1:live,1554864,0.001525,1,0.004619598388671875,0.0,2.0,12.81155014038086,0.2428741455078125,820.3976936340332
2026-07-22T07:55:49.044122+00:00,s005:instance_011:r08:o2:no_cut,1555022,0.001407,1,0.00455474853515625,0.0,2.0,12.823184967041016,0.2428741455078125,820.3972969055176
2026-07-22T07:55:49.687054+00:00,s005:instance_011:r09:o1:no_cut,1555192,0.001394,1,0.00453948974609375,0.0,2.0,12.8182373046875,0.2428741455078125,820.396900177002
2026-07-22T07:55:50.324972+00:00,s005:instance_011:r09:o2:live,1555368,0.001455,1,0.004619598388671875,0.0,2.0,12.81707763671875,0.2428741455078125,820.3964996337891
2026-07-22T07:55:50.909806+00:00,s005:instance_011:r10:o1:live,1555524,0.00147,1,0.00444793701171875,0.0,2.0,12.811664581298828,0.2428741455078125,820.3961029052734
2026-07-22T07:55:51.547389+00:00,s005:instance_011:r10:o2:no_cut,1555694,0.001389,1,0.00450897216796875,0.0,2.0,12.816242218017578,0.2428741455078125,820.3957061767578
2026-07-22T07:55:52.143834+00:00,s005:instance_012:r01:o1:live,1555859,0.001358,1,0.0044708251953125,0.0,2.0,12.817729949951172,0.2428741455078125,820.3953018188477
2026-07-22T07:55:52.736403+00:00,s005:instance_012:r01:o2:no_cut,1556017,0.00228,1,0.00620269775390625,0.0,2.0,12.81113052368164,0.2428741455078125,820.3949127197266
2026-07-22T07:55:53.375769+00:00,s005:instance_012:r02:o1:no_cut,1556191,0.001355,1,0.00446319580078125,0.0,2.0,12.814277648925781,0.2428741455078125,820.3945274353027
2026-07-22T07:55:54.016327+00:00,s005:instance_012:r02:o2:live,1556368,0.001412,1,0.004619598388671875,0.0,2.0,12.811233520507812,0.2428741455078125,820.3941421508789
2026-07-22T07:55:54.660836+00:00,s005:instance_012:r03:o1:live,1556560,0.001421,1,0.004314422607421875,0.0,2.0,12.816658020019531,0.2428741455078125,820.393741607666
2026-07-22T07:55:55.299349+00:00,s005:instance_012:r03:o2:no_cut,1556728,0.00144,1,0.004573822021484375,0.0,2.0,12.805282592773438,0.2428741455078125,820.3933525085449
2026-07-22T07:55:55.938114+00:00,s005:instance_012:r04:o1:no_cut,1556906,0.001483,1,0.004543304443359375,0.0,2.0,12.805530548095703,0.2428741455078125,820.3929672241211
2026-07-22T07:55:56.529435+00:00,s005:instance_012:r04:o2:live,1557076,0.001413,1,0.00457000732421875,0.0,2.0,12.800983428955078,0.2428741455078125,820.3925743103027
2026-07-22T07:55:57.167624+00:00,s005:instance_012:r05:o1:live,1557246,0.001405,1,0.004581451416015625,0.0,2.0,12.797496795654297,0.2428741455078125,820.3921813964844
2026-07-22T07:55:57.757610+00:00,s005:instance_012:r05:o2:no_cut,1557407,0.001422,1,0.004474639892578125,0.0,2.0,12.800369262695312,0.2428741455078125,820.3917961120605
2026-07-22T07:55:58.349911+00:00,s005:instance_012:r06:o1:no_cut,1557566,0.001466,1,0.00435638427734375,0.0,2.0,12.79861831665039,0.2428741455078125,820.3914070129395
2026-07-22T07:55:58.987334+00:00,s005:instance_012:r06:o2:live,1557748,0.001379,1,0.0044097900390625,0.0,2.0,12.79269790649414,0.2428741455078125,820.3910179138184
2026-07-22T07:55:59.629923+00:00,s005:instance_012:r07:o1:live,1557933,0.001418,1,0.004505157470703125,0.0,2.0,12.792343139648438,0.2428741455078125,820.390625
2026-07-22T07:56:00.267013+00:00,s005:instance_012:r07:o2:no_cut,1558105,0.002043,1,0.00482940673828125,0.0,2.0,12.786502838134766,0.2428741455078125,820.3902397155762
2026-07-22T07:56:00.862523+00:00,s005:instance_012:r08:o1:no_cut,1558273,0.001417,1,0.004520416259765625,0.0,2.0,12.78570556640625,0.2428741455078125,820.3898506164551
2026-07-22T07:56:01.504203+00:00,s005:instance_012:r08:o2:live,1558445,0.001392,1,0.00453948974609375,0.0,2.0,12.77883529663086,0.2428741455078125,820.3894653320312
2026-07-22T07:56:02.143950+00:00,s005:instance_012:r09:o1:live,1558620,0.001453,1,0.004520416259765625,0.0,2.0,12.78369140625,0.2428741455078125,820.3890724182129
2026-07-22T07:56:02.782607+00:00,s005:instance_012:r09:o2:no_cut,1558792,0.001328,1,0.004360198974609375,0.0,2.0,12.778064727783203,0.2428741455078125,820.3886833190918
2026-07-22T07:56:03.423351+00:00,s005:instance_012:r10:o1:no_cut,1558962,0.001372,1,0.004520416259765625,0.0,2.0,12.77579116821289,0.2428741455078125,820.3882942199707
2026-07-22T07:56:04.063961+00:00,s005:instance_012:r10:o2:live,1559135,0.00144,1,0.004383087158203125,0.0,2.0,12.776752471923828,0.2428741455078125,820.3879089355469
2026-07-22T07:56:04.704061+00:00,s005:instance_013:r01:o1:no_cut,1559302,0.001951,1,0.0055084228515625,0.0,2.0,12.769405364990234,0.2428741455078125,820.387508392334
2026-07-22T07:56:05.343693+00:00,s005:instance_013:r01:o2:live,1559476,0.001323,1,0.00431060791015625,0.0,2.0,12.763175964355469,0.2428741455078125,820.387134552002
2026-07-22T07:56:09.557406+00:00,s005:instance_013:r02:o1:live,1559634,0.001444,1,0.004291534423828125,0.0,2.0,12.765926361083984,0.2428741455078125,820.3867492675781
2026-07-22T07:56:10.151453+00:00,s005:instance_013:r02:o2:no_cut,1559796,0.001383,1,0.00457763671875,0.0,2.0,12.765396118164062,0.2428741455078125,820.3863677978516
2026-07-22T07:56:10.742055+00:00,s005:instance_013:r03:o1:no_cut,1559960,0.001562,1,0.004802703857421875,0.0,2.0,12.759078979492188,0.2428741455078125,820.3859825134277
2026-07-22T07:56:11.380223+00:00,s005:instance_013:r03:o2:live,1560120,0.001369,1,0.00443267822265625,0.0,2.0,12.753887176513672,0.2428741455078125,820.3856086730957
2026-07-22T07:56:11.970128+00:00,s005:instance_013:r04:o1:live,1560271,0.001684,1,0.0047607421875,0.0,2.0,12.757095336914062,0.2428741455078125,820.3852233886719
2026-07-22T07:56:12.567927+00:00,s005:instance_013:r04:o2:no_cut,1560419,0.001428,1,0.00457000732421875,0.0,2.0,12.753971099853516,0.2428741455078125,820.384838104248
2026-07-22T07:56:13.207657+00:00,s005:instance_013:r05:o1:no_cut,1560586,0.001375,1,0.00439453125,0.0,2.0,12.748550415039062,0.2428741455078125,820.3844604492188
2026-07-22T07:56:13.798331+00:00,s005:instance_013:r05:o2:live,1560749,0.001623,1,0.004711151123046875,0.0,2.0,12.74752426147461,0.2428741455078125,820.3840827941895
2026-07-22T07:56:14.492258+00:00,s005:instance_013:r06:o1:live,1560907,0.001615,1,0.004302978515625,0.0,2.0,12.755260467529297,0.2428741455078125,820.3836975097656
2026-07-22T07:56:15.134111+00:00,s005:instance_013:r06:o2:no_cut,1561065,0.001583,1,0.004589080810546875,0.0,2.0,12.750579833984375,0.2428741455078125,820.3833160400391
2026-07-22T07:56:15.771969+00:00,s005:instance_013:r07:o1:no_cut,1561225,0.001426,1,0.00438690185546875,0.0,2.0,12.742252349853516,0.2428741455078125,820.3829383850098
2026-07-22T07:56:16.359793+00:00,s005:instance_013:r07:o2:live,1561381,0.001394,1,0.004459381103515625,0.0,2.0,12.739765167236328,0.2428741455078125,820.3825607299805
2026-07-22T07:56:16.950815+00:00,s005:instance_013:r08:o1:live,1561534,0.001435,1,0.004638671875,0.0,2.0,12.750286102294922,0.2428741455078125,820.3821754455566
2026-07-22T07:56:17.595618+00:00,s005:instance_013:r08:o2:no_cut,1561708,0.001441,1,0.00453948974609375,0.0,2.0,12.74917984008789,0.2428741455078125,820.3817939758301
2026-07-22T07:56:18.199883+00:00,s005:instance_013:r09:o1:no_cut,1561875,0.001581,1,0.0045318603515625,0.0,2.0,12.747154235839844,0.2428741455078125,820.3814163208008
2026-07-22T07:56:18.810939+00:00,s005:instance_013:r09:o2:live,1562051,0.001526,1,0.0047760009765625,0.0,2.0,12.748668670654297,0.2428741455078125,820.381031036377
2026-07-22T07:56:19.465832+00:00,s005:instance_013:r10:o1:live,1562221,0.001565,1,0.0049591064453125,0.0,2.0,12.752273559570312,0.2428741455078125,820.3806457519531
2026-07-22T07:56:20.104000+00:00,s005:instance_013:r10:o2:no_cut,1562403,0.001699,1,0.005176544189453125,0.0,2.0,12.74374771118164,0.2428741455078125,820.3802642822266
2026-07-22T07:56:20.740343+00:00,s005:instance_014:r01:o1:live,1562584,0.001455,1,0.00466156005859375,0.0,2.0,12.747146606445312,0.2428741455078125,820.3798828125
2026-07-22T07:56:21.391408+00:00,s005:instance_014:r01:o2:no_cut,1562756,0.001456,1,0.00464630126953125,0.0,2.0,12.746593475341797,0.2428741455078125,820.3795127868652
2026-07-22T07:56:22.035907+00:00,s005:instance_014:r02:o1:no_cut,1562932,0.001515,1,0.004726409912109375,0.0,2.0,12.744926452636719,0.2428741455078125,820.3791427612305
2026-07-22T07:56:22.682477+00:00,s005:instance_014:r02:o2:live,1563109,0.001413,1,0.00441741943359375,0.0,2.0,12.748455047607422,0.2428741455078125,820.378776550293
2026-07-22T07:56:23.324023+00:00,s005:instance_014:r03:o1:live,1563276,0.00138,1,0.0045928955078125,0.0,2.0,12.743770599365234,0.2428741455078125,820.3784065246582
2026-07-22T07:56:23.919394+00:00,s005:instance_014:r03:o2:no_cut,1563434,0.001524,1,0.004543304443359375,0.0,2.0,12.741046905517578,0.2428741455078125,820.3780364990234
2026-07-22T07:56:24.514099+00:00,s005:instance_014:r04:o1:no_cut,1563599,0.001549,1,0.0046234130859375,0.0,2.0,12.74344253540039,0.2428741455078125,820.3776664733887
2026-07-22T07:56:25.149435+00:00,s005:instance_014:r04:o2:live,1563770,0.001457,1,0.004627227783203125,0.0,2.0,12.74606704711914,0.2428741455078125,820.3772964477539
2026-07-22T07:56:25.790576+00:00,s005:instance_014:r05:o1:live,1563943,0.001459,1,0.004375457763671875,0.0,2.0,12.738994598388672,0.2428741455078125,820.3769264221191
2026-07-22T07:56:26.444064+00:00,s005:instance_014:r05:o2:no_cut,1564124,0.001407,1,0.004619598388671875,0.0,2.0,12.738739013671875,0.2428741455078125,820.3765525817871
2026-07-22T07:56:27.032411+00:00,s005:instance_014:r06:o1:no_cut,1564291,0.00136,1,0.00455474853515625,0.0,2.0,12.74709701538086,0.2428741455078125,820.3761825561523
2026-07-22T07:56:27.675907+00:00,s005:instance_014:r06:o2:live,1564468,0.001367,1,0.00446319580078125,0.0,2.0,12.738880157470703,0.2428741455078125,820.3758201599121
2026-07-22T07:56:28.266183+00:00,s005:instance_014:r07:o1:live,1564626,0.001555,1,0.00467681884765625,0.0,2.0,12.740303039550781,0.2428741455078125,820.3754463195801
2026-07-22T07:56:28.912096+00:00,s005:instance_014:r07:o2:no_cut,1564800,0.001421,1,0.0043487548828125,0.0,2.0,12.744525909423828,0.2428741455078125,820.3750762939453
2026-07-22T07:56:29.549288+00:00,s005:instance_014:r08:o1:no_cut,1564960,0.001448,1,0.004543304443359375,0.0,2.0,12.746330261230469,0.2428741455078125,820.3747062683105
2026-07-22T07:56:30.195478+00:00,s005:instance_014:r08:o2:live,1565126,0.001354,1,0.004497528076171875,0.0,2.0,12.743019104003906,0.2428741455078125,820.3743438720703
2026-07-22T07:56:30.836471+00:00,s005:instance_014:r09:o1:live,1565287,0.001392,1,0.004486083984375,0.0,2.0,12.741291046142578,0.2428741455078125,820.3739700317383
2026-07-22T07:56:31.480036+00:00,s005:instance_014:r09:o2:no_cut,1565459,0.00146,1,0.00457000732421875,0.0,2.0,12.742183685302734,0.2428741455078125,820.3735961914062
2026-07-22T07:56:32.071114+00:00,s005:instance_014:r10:o1:no_cut,1565613,0.001412,1,0.004589080810546875,0.0,2.0,12.744384765625,0.2428741455078125,820.3732261657715
2026-07-22T07:56:32.712023+00:00,s005:instance_014:r10:o2:live,1565773,0.001417,1,0.00455474853515625,0.0,2.0,12.740386962890625,0.2428741455078125,820.3728637695312
2026-07-22T07:56:33.360471+00:00,s005:instance_015:r01:o1:no_cut,1565946,0.001313,1,0.004405975341796875,0.0,2.0,12.74459457397461,0.2428741455078125,820.372486114502
2026-07-22T07:56:33.997929+00:00,s005:instance_015:r01:o2:live,1566118,0.001562,1,0.004558563232421875,0.0,2.0,12.738422393798828,0.2428741455078125,820.3721046447754
2026-07-22T07:56:34.635712+00:00,s005:instance_015:r02:o1:live,1566290,0.001443,1,0.004375457763671875,0.0,2.0,12.742774963378906,0.2428741455078125,820.3717155456543
2026-07-22T07:56:35.273385+00:00,s005:instance_015:r02:o2:no_cut,1566457,0.001602,1,0.004791259765625,0.0,2.0,12.741920471191406,0.2428741455078125,820.3713340759277
2026-07-22T07:56:35.920894+00:00,s005:instance_015:r03:o1:no_cut,1566634,0.001399,1,0.00457763671875,0.0,2.0,12.739574432373047,0.2428741455078125,820.3709487915039
2026-07-22T07:56:36.509759+00:00,s005:instance_015:r03:o2:live,1566794,0.001486,1,0.0045318603515625,0.0,2.0,12.744773864746094,0.2428741455078125,820.3705673217773
2026-07-22T07:56:37.101000+00:00,s005:instance_015:r04:o1:live,1566953,0.001504,1,0.00429534912109375,0.0,2.0,12.743534088134766,0.2428741455078125,820.3701782226562
2026-07-22T07:56:37.741310+00:00,s005:instance_015:r04:o2:no_cut,1567126,0.001493,1,0.004680633544921875,0.0,2.0,12.743011474609375,0.2428741455078125,820.3697929382324
2026-07-22T07:56:38.347225+00:00,s005:instance_015:r05:o1:no_cut,1567305,0.001427,1,0.004550933837890625,0.0,2.0,12.740974426269531,0.2428741455078125,820.3694038391113
2026-07-22T07:56:38.948117+00:00,s005:instance_015:r05:o2:live,1567465,0.001419,1,0.004512786865234375,0.0,2.0,12.741886138916016,0.2428741455078125,820.3690223693848
2026-07-22T07:56:39.589267+00:00,s005:instance_015:r06:o1:live,1567630,0.001703,1,0.004558563232421875,0.0,2.0,12.742084503173828,0.2428741455078125,820.3686370849609
2026-07-22T07:56:40.228139+00:00,s005:instance_015:r06:o2:no_cut,1567802,0.001398,1,0.004581451416015625,0.0,2.0,12.748828887939453,0.2428741455078125,820.3682518005371
2026-07-22T07:56:40.819972+00:00,s005:instance_015:r07:o1:no_cut,1567964,0.001774,1,0.004825592041015625,0.0,2.0,12.749637603759766,0.2428741455078125,820.3678665161133
2026-07-22T07:56:41.460117+00:00,s005:instance_015:r07:o2:live,1568125,0.001377,1,0.004489898681640625,0.0,2.0,12.745464324951172,0.2428741455078125,820.3674812316895
2026-07-22T07:56:45.716613+00:00,s005:instance_015:r08:o1:live,1568289,0.001505,1,0.0047149658203125,0.0,2.0,12.744953155517578,0.2428741455078125,820.3670959472656
2026-07-22T07:56:46.305544+00:00,s005:instance_015:r08:o2:no_cut,1568450,0.001572,1,0.004413604736328125,0.0,2.0,12.737895965576172,0.2428741455078125,820.3667106628418
2026-07-22T07:56:46.943807+00:00,s005:instance_015:r09:o1:no_cut,1568618,0.001384,1,0.00438690185546875,0.0,2.0,12.740440368652344,0.2428741455078125,820.366325378418
2026-07-22T07:56:47.583661+00:00,s005:instance_015:r09:o2:live,1568787,0.001642,1,0.00464630126953125,0.0,2.0,12.74273681640625,0.2428741455078125,820.3659400939941
2026-07-22T07:56:48.219845+00:00,s005:instance_015:r10:o1:live,1568979,0.001441,1,0.00463104248046875,0.0,2.0,12.744098663330078,0.2428741455078125,820.3655548095703
2026-07-22T07:56:48.809605+00:00,s005:instance_015:r10:o2:no_cut,1569143,0.001349,1,0.00449371337890625,0.0,2.0,12.737945556640625,0.2428741455078125,820.3651695251465
2026-07-22T07:56:49.421306+00:00,s005:instance_016:r01:o1:live,1569305,0.001451,1,0.004566192626953125,0.0,2.0,12.741531372070312,0.2428741455078125,820.3647804260254
2026-07-22T07:56:50.007985+00:00,s005:instance_016:r01:o2:no_cut,1569471,0.001475,1,0.004596710205078125,0.0,2.0,12.741157531738281,0.2428741455078125,820.3644027709961
2026-07-22T07:56:50.646984+00:00,s005:instance_016:r02:o1:no_cut,1569642,0.001499,1,0.00464630126953125,0.0,2.0,12.74233627319336,0.2428741455078125,820.3640289306641
2026-07-22T07:56:51.235985+00:00,s005:instance_016:r02:o2:live,1569795,0.001515,1,0.0044708251953125,0.0,2.0,12.73587417602539,0.2428741455078125,820.363655090332
2026-07-22T07:56:51.875468+00:00,s005:instance_016:r03:o1:live,1569952,0.001635,1,0.004459381103515625,0.0,2.0,12.735641479492188,0.2428741455078125,820.3632736206055
2026-07-22T07:56:52.515053+00:00,s005:instance_016:r03:o2:no_cut,1570119,0.001403,1,0.004512786865234375,0.0,2.0,12.739234924316406,0.2428741455078125,820.3628959655762
2026-07-22T07:56:53.153839+00:00,s005:instance_016:r04:o1:no_cut,1570284,0.00138,1,0.00439453125,0.0,2.0,12.73974609375,0.2428741455078125,820.3625221252441
2026-07-22T07:56:53.741652+00:00,s005:instance_016:r04:o2:live,1570437,0.001357,1,0.004451751708984375,0.0,2.0,12.7430419921875,0.2428741455078125,820.3621444702148
2026-07-22T07:56:54.338040+00:00,s005:instance_016:r05:o1:live,1570586,0.001399,1,0.004302978515625,0.0,2.0,12.741775512695312,0.2428741455078125,820.3617630004883
2026-07-22T07:56:54.973379+00:00,s005:instance_016:r05:o2:no_cut,1570748,0.001529,1,0.00450897216796875,0.0,2.0,12.739334106445312,0.2428741455078125,820.361385345459
2026-07-22T07:56:55.610394+00:00,s005:instance_016:r06:o1:no_cut,1570910,0.001445,1,0.004302978515625,0.0,2.0,12.733951568603516,0.2428741455078125,820.361011505127
2026-07-22T07:56:56.251461+00:00,s005:instance_016:r06:o2:live,1571089,0.001438,1,0.004505157470703125,0.0,2.0,12.735908508300781,0.2428741455078125,820.3606300354004
2026-07-22T07:56:56.891643+00:00,s005:instance_016:r07:o1:live,1571258,0.001367,1,0.004467010498046875,0.0,2.0,12.737293243408203,0.2428741455078125,820.3602485656738
2026-07-22T07:56:57.481050+00:00,s005:instance_016:r07:o2:no_cut,1571413,0.001419,1,0.004444122314453125,0.0,2.0,12.738365173339844,0.2428741455078125,820.3598747253418
2026-07-22T07:56:58.123664+00:00,s005:instance_016:r08:o1:no_cut,1571570,0.001449,1,0.004550933837890625,0.0,2.0,12.735614776611328,0.2428741455078125,820.3594970703125
2026-07-22T07:56:58.715574+00:00,s005:instance_016:r08:o2:live,1571724,0.001592,1,0.0045318603515625,0.0,2.0,12.736701965332031,0.2428741455078125,820.3591232299805
2026-07-22T07:56:59.355130+00:00,s005:instance_016:r09:o1:live,1571882,0.001372,1,0.00450897216796875,0.0,2.0,12.737770080566406,0.2428741455078125,820.3587379455566
2026-07-22T07:56:59.992664+00:00,s005:instance_016:r09:o2:no_cut,1572055,0.00187,1,0.00536346435546875,0.0,2.0,12.741859436035156,0.2428741455078125,820.3583641052246
2026-07-22T07:57:00.579544+00:00,s005:instance_016:r10:o1:no_cut,1572223,0.001458,1,0.004627227783203125,0.0,2.0,12.737895965576172,0.2428741455078125,820.357982635498
2026-07-22T07:57:01.219838+00:00,s005:instance_016:r10:o2:live,1572390,0.001708,1,0.0042724609375,0.0,2.0,12.735794067382812,0.2428741455078125,820.357608795166
2026-07-22T07:57:01.868083+00:00,s005:instance_017:r01:o1:no_cut,1572558,0.001421,1,0.00450897216796875,0.0,2.0,12.743663787841797,0.2428741455078125,820.3572235107422
2026-07-22T07:57:02.462082+00:00,s005:instance_017:r01:o2:live,1572715,0.001525,1,0.004627227783203125,0.0,2.0,12.737384796142578,0.2428741455078125,820.3568534851074
2026-07-22T07:57:03.103740+00:00,s005:instance_017:r02:o1:live,1572876,0.001379,1,0.004489898681640625,0.0,2.0,12.737552642822266,0.2428741455078125,820.3564720153809
2026-07-22T07:57:03.693395+00:00,s005:instance_017:r02:o2:no_cut,1573036,0.001545,1,0.004596710205078125,0.0,2.0,12.736042022705078,0.2428741455078125,820.3560943603516
2026-07-22T07:57:04.296030+00:00,s005:instance_017:r03:o1:no_cut,1573199,0.001498,1,0.004352569580078125,0.0,2.0,12.741806030273438,0.2428741455078125,820.3557167053223
2026-07-22T07:57:04.934901+00:00,s005:instance_017:r03:o2:live,1573370,0.00134,1,0.004352569580078125,0.0,2.0,12.732124328613281,0.2428741455078125,820.3553466796875
2026-07-22T07:57:05.588896+00:00,s005:instance_017:r04:o1:live,1573535,0.001444,1,0.004489898681640625,0.0,2.0,12.738929748535156,0.2428741455078125,820.3549613952637
2026-07-22T07:57:06.236374+00:00,s005:instance_017:r04:o2:no_cut,1573699,0.001563,1,0.004505157470703125,0.0,2.0,12.737346649169922,0.2428741455078125,820.3545761108398
2026-07-22T07:57:06.886121+00:00,s005:instance_017:r05:o1:no_cut,1573870,0.003307,1,0.00644683837890625,0.0,2.0,12.741527557373047,0.2428741455078125,820.3541984558105
2026-07-22T07:57:07.527539+00:00,s005:instance_017:r05:o2:live,1574029,0.001419,1,0.0045623779296875,0.0,2.0,12.74160385131836,0.2428741455078125,820.3538284301758
2026-07-22T07:57:08.171290+00:00,s005:instance_017:r06:o1:live,1574185,0.001401,1,0.004566192626953125,0.0,2.0,12.741168975830078,0.2428741455078125,820.3534469604492
2026-07-22T07:57:08.811588+00:00,s005:instance_017:r06:o2:no_cut,1574353,0.001377,1,0.00439453125,0.0,2.0,12.737628936767578,0.2428741455078125,820.3530693054199
2026-07-22T07:57:09.451639+00:00,s005:instance_017:r07:o1:no_cut,1574523,0.001375,1,0.00457763671875,0.0,2.0,12.75191879272461,0.2428741455078125,820.3526954650879
2026-07-22T07:57:10.100072+00:00,s005:instance_017:r07:o2:live,1574693,0.001701,1,0.0046234130859375,0.0,2.0,12.740303039550781,0.2428741455078125,820.3523216247559
2026-07-22T07:57:10.738372+00:00,s005:instance_017:r08:o1:live,1574858,0.001423,1,0.0045623779296875,0.0,2.0,12.73947525024414,0.2428741455078125,820.3519401550293
2026-07-22T07:57:11.379545+00:00,s005:instance_017:r08:o2:no_cut,1575029,0.001425,1,0.004360198974609375,0.0,2.0,12.74090576171875,0.2428741455078125,820.3515625
2026-07-22T07:57:12.015819+00:00,s005:instance_017:r09:o1:no_cut,1575184,0.001425,1,0.0046234130859375,0.0,2.0,12.7391357421875,0.2428741455078125,820.3511848449707
2026-07-22T07:57:12.659703+00:00,s005:instance_017:r09:o2:live,1575346,0.001443,1,0.00464630126953125,0.0,2.0,12.738449096679688,0.2428741455078125,820.3508110046387
2026-07-22T07:57:13.299893+00:00,s005:instance_017:r10:o1:live,1575510,0.001387,1,0.004505157470703125,0.0,2.0,12.737430572509766,0.2428741455078125,820.3504295349121
2026-07-22T07:57:13.948200+00:00,s005:instance_017:r10:o2:no_cut,1575698,0.002061,1,0.004985809326171875,0.0,2.0,12.744335174560547,0.2428741455078125,820.3500442504883
2026-07-22T07:57:14.587588+00:00,s005:instance_018:r01:o1:live,1575873,0.001377,1,0.004482269287109375,0.0,2.0,12.734638214111328,0.2428741455078125,820.349666595459
2026-07-22T07:57:15.226216+00:00,s005:instance_018:r01:o2:no_cut,1576039,0.001359,1,0.004520416259765625,0.0,2.0,12.730438232421875,0.2428741455078125,820.3492889404297
2026-07-22T07:57:15.867985+00:00,s005:instance_018:r02:o1:no_cut,1576208,0.001517,1,0.004673004150390625,0.0,2.0,12.741622924804688,0.2428741455078125,820.3489074707031
2026-07-22T07:57:16.455937+00:00,s005:instance_018:r02:o2:live,1576361,0.001447,1,0.004596710205078125,0.0,2.0,12.736000061035156,0.2428741455078125,820.3485336303711
2026-07-22T07:57:17.099918+00:00,s005:instance_018:r03:o1:live,1576509,0.001391,1,0.0044097900390625,0.0,2.0,12.740222930908203,0.2428741455078125,820.3481559753418
2026-07-22T07:57:17.739623+00:00,s005:instance_018:r03:o2:no_cut,1576660,0.001447,1,0.00461578369140625,0.0,2.0,12.737312316894531,0.2428741455078125,820.3477745056152
2026-07-22T07:57:21.978174+00:00,s005:instance_018:r04:o1:no_cut,1576814,0.001427,1,0.004459381103515625,0.0,2.0,12.7410888671875,0.2428741455078125,820.3473930358887
2026-07-22T07:57:22.618328+00:00,s005:instance_018:r04:o2:live,1576982,0.001461,1,0.004627227783203125,0.0,2.0,12.740375518798828,0.2428741455078125,820.3470153808594
2026-07-22T07:57:23.227679+00:00,s005:instance_018:r05:o1:live,1577144,0.001417,1,0.004413604736328125,0.0,2.0,12.73764419555664,0.2428741455078125,820.3466377258301
2026-07-22T07:57:23.818535+00:00,s005:instance_018:r05:o2:no_cut,1577305,0.001475,1,0.00457763671875,0.0,2.0,12.736946105957031,0.2428741455078125,820.3462600708008
2026-07-22T07:57:24.460526+00:00,s005:instance_018:r06:o1:no_cut,1577485,0.001454,1,0.004486083984375,0.0,2.0,12.734004974365234,0.2428741455078125,820.3458824157715
2026-07-22T07:57:25.101983+00:00,s005:instance_018:r06:o2:live,1577652,0.001587,1,0.004543304443359375,0.0,2.0,12.732841491699219,0.2428741455078125,820.3455085754395
2026-07-22T07:57:25.695791+00:00,s005:instance_018:r07:o1:live,1577811,0.001444,1,0.004497528076171875,0.0,2.0,12.732196807861328,0.2428741455078125,820.3451309204102
2026-07-22T07:57:26.291593+00:00,s005:instance_018:r07:o2:no_cut,1577977,0.001398,1,0.00449371337890625,0.0,2.0,12.740150451660156,0.2428741455078125,820.3447532653809
2026-07-22T07:57:26.881637+00:00,s005:instance_018:r08:o1:no_cut,1578135,0.001411,1,0.00445556640625,0.0,2.0,12.743202209472656,0.2428741455078125,820.3443756103516
2026-07-22T07:57:27.519140+00:00,s005:instance_018:r08:o2:live,1578300,0.001564,1,0.00457000732421875,0.0,2.0,12.73828125,0.2428741455078125,820.3440055847168
2026-07-22T07:57:28.162553+00:00,s005:instance_018:r09:o1:live,1578471,0.001509,1,0.00434112548828125,0.0,2.0,12.739166259765625,0.2428741455078125,820.343620300293
2026-07-22T07:57:28.752281+00:00,s005:instance_018:r09:o2:no_cut,1578631,0.001403,1,0.004421234130859375,0.0,2.0,12.735858917236328,0.2428741455078125,820.3432426452637
2026-07-22T07:57:29.395631+00:00,s005:instance_018:r10:o1:no_cut,1578798,0.001631,1,0.004802703857421875,0.0,2.0,12.738082885742188,0.2428741455078125,820.3428649902344
2026-07-22T07:57:30.034351+00:00,s005:instance_018:r10:o2:live,1578969,0.001373,1,0.004329681396484375,0.0,2.0,12.735610961914062,0.2428741455078125,820.3424949645996
2026-07-22T07:57:30.674760+00:00,s005:instance_019:r01:o1:no_cut,1579149,0.001465,1,0.00457763671875,0.0,2.0,12.736026763916016,0.2428741455078125,820.3421096801758
2026-07-22T07:57:31.315897+00:00,s005:instance_019:r01:o2:live,1579315,0.001505,1,0.004608154296875,0.0,2.0,12.739555358886719,0.2428741455078125,820.3417129516602
2026-07-22T07:57:31.908448+00:00,s005:instance_019:r02:o1:live,1579474,0.001385,1,0.00461578369140625,0.0,2.0,12.729251861572266,0.2428741455078125,820.34130859375
2026-07-22T07:57:32.497705+00:00,s005:instance_019:r02:o2:no_cut,1579645,0.001523,1,0.004764556884765625,0.0,2.0,12.734054565429688,0.2428741455078125,820.3409080505371
2026-07-22T07:57:33.142627+00:00,s005:instance_019:r03:o1:no_cut,1579818,0.001576,1,0.0044403076171875,0.0,2.0,12.729145050048828,0.2428741455078125,820.3405075073242
2026-07-22T07:57:33.787335+00:00,s005:instance_019:r03:o2:live,1579984,0.001586,1,0.004730224609375,0.0,2.0,12.731609344482422,0.2428741455078125,820.3401107788086
2026-07-22T07:57:34.376397+00:00,s005:instance_019:r04:o1:live,1580140,0.001343,1,0.004367828369140625,0.0,2.0,12.733573913574219,0.2428741455078125,820.3397026062012
2026-07-22T07:57:34.974877+00:00,s005:instance_019:r04:o2:no_cut,1580304,0.001462,1,0.004367828369140625,0.0,2.0,12.735916137695312,0.2428741455078125,820.3393020629883
2026-07-22T07:57:35.562768+00:00,s005:instance_019:r05:o1:no_cut,1580457,0.001453,1,0.004543304443359375,0.0,2.0,12.73624038696289,0.2428741455078125,820.3389015197754
2026-07-22T07:57:36.153544+00:00,s005:instance_019:r05:o2:live,1580616,0.001473,1,0.004604339599609375,0.0,2.0,12.734493255615234,0.2428741455078125,820.3385047912598
2026-07-22T07:57:36.795252+00:00,s005:instance_019:r06:o1:live,1580778,0.001558,1,0.004909515380859375,0.0,2.0,12.738849639892578,0.2428741455078125,820.3381004333496
2026-07-22T07:57:37.384454+00:00,s005:instance_019:r06:o2:no_cut,1580942,0.001383,1,0.004482269287109375,0.0,2.0,12.738929748535156,0.2428741455078125,820.337703704834
2026-07-22T07:57:37.975182+00:00,s005:instance_019:r07:o1:no_cut,1581101,0.0016,1,0.0047454833984375,0.0,2.0,12.736061096191406,0.2428741455078125,820.3373031616211
2026-07-22T07:57:38.572747+00:00,s005:instance_019:r07:o2:live,1581259,0.001449,1,0.004467010498046875,0.0,2.0,12.733898162841797,0.2428741455078125,820.3369064331055
2026-07-22T07:57:39.162079+00:00,s005:instance_019:r08:o1:live,1581410,0.001403,1,0.004550933837890625,0.0,2.0,12.738704681396484,0.2428741455078125,820.3365058898926
2026-07-22T07:57:39.803646+00:00,s005:instance_019:r08:o2:no_cut,1581582,0.00143,1,0.0044403076171875,0.0,2.0,12.738212585449219,0.2428741455078125,820.3361053466797
2026-07-22T07:57:40.401814+00:00,s005:instance_019:r09:o1:no_cut,1581735,0.001476,1,0.004474639892578125,0.0,2.0,12.729068756103516,0.2428741455078125,820.3356971740723
2026-07-22T07:57:41.003654+00:00,s005:instance_019:r09:o2:live,1581897,0.001377,1,0.004486083984375,0.0,2.0,12.733062744140625,0.2428741455078125,820.3353004455566
2026-07-22T07:57:41.641289+00:00,s005:instance_019:r10:o1:live,1582070,0.001347,1,0.0045928955078125,0.0,2.0,12.730121612548828,0.2428741455078125,820.3348999023438
2026-07-22T07:57:42.283390+00:00,s005:instance_019:r10:o2:no_cut,1582240,0.00145,1,0.004520416259765625,0.0,2.0,12.7254638671875,0.2428741455078125,820.3344993591309
2026-07-22T07:57:42.926926+00:00,s005:instance_020:r01:o1:live,1582402,0.001477,1,0.00453948974609375,0.0,2.0,12.73154067993164,0.2428741455078125,820.3340950012207
2026-07-22T07:57:43.570418+00:00,s005:instance_020:r01:o2:no_cut,1582561,0.0015,1,0.004512786865234375,0.0,2.0,12.729999542236328,0.2428741455078125,820.3337097167969
2026-07-22T07:57:44.173803+00:00,s005:instance_020:r02:o1:no_cut,1582714,0.001359,1,0.004352569580078125,0.0,2.0,12.726947784423828,0.2428741455078125,820.3333282470703
2026-07-22T07:57:44.765956+00:00,s005:instance_020:r02:o2:live,1582864,0.00219,1,0.00571441650390625,0.0,2.0,12.727603912353516,0.2428741455078125,820.3329467773438
2026-07-22T07:57:45.411558+00:00,s005:instance_020:r03:o1:live,1583029,0.001956,1,0.004238128662109375,0.0,2.0,12.72698974609375,0.2428741455078125,820.3325576782227
2026-07-22T07:57:46.051695+00:00,s005:instance_020:r03:o2:no_cut,1583199,0.001512,1,0.004451751708984375,0.0,2.0,12.732646942138672,0.2428741455078125,820.3321723937988
2026-07-22T07:57:46.691865+00:00,s005:instance_020:r04:o1:no_cut,1583369,0.001389,1,0.004390716552734375,0.0,2.0,12.727985382080078,0.2428741455078125,820.331787109375
2026-07-22T07:57:47.337564+00:00,s005:instance_020:r04:o2:live,1583532,0.001399,1,0.004291534423828125,0.0,2.0,12.733219146728516,0.2428741455078125,820.3314056396484
2026-07-22T07:57:47.979862+00:00,s005:instance_020:r05:o1:live,1583695,0.001366,1,0.00438690185546875,0.0,2.0,12.728824615478516,0.2428741455078125,820.3310165405273
2026-07-22T07:57:48.619419+00:00,s005:instance_020:r05:o2:no_cut,1583859,0.001548,1,0.004425048828125,0.0,2.0,12.734447479248047,0.2428741455078125,820.3306312561035
2026-07-22T07:57:49.223012+00:00,s005:instance_020:r06:o1:no_cut,1584010,0.001592,1,0.004634857177734375,0.0,2.0,12.733165740966797,0.2428741455078125,820.330249786377
2026-07-22T07:57:49.813394+00:00,s005:instance_020:r06:o2:live,1584162,0.001487,1,0.004787445068359375,0.0,2.0,12.728263854980469,0.2428741455078125,820.3298645019531
2026-07-22T07:57:50.451490+00:00,s005:instance_020:r07:o1:live,1584324,0.001612,1,0.004367828369140625,0.0,2.0,12.729686737060547,0.2428741455078125,820.329475402832
2026-07-22T07:57:51.043808+00:00,s005:instance_020:r07:o2:no_cut,1584494,0.001423,1,0.004489898681640625,0.0,2.0,12.726028442382812,0.2428741455078125,820.3290939331055
2026-07-22T07:57:51.684100+00:00,s005:instance_020:r08:o1:no_cut,1584659,0.00148,1,0.004611968994140625,0.0,2.0,12.732257843017578,0.2428741455078125,820.3287086486816
2026-07-22T07:57:52.323856+00:00,s005:instance_020:r08:o2:live,1584841,0.001434,1,0.00439453125,0.0,2.0,12.733169555664062,0.2428741455078125,820.3283195495605
2026-07-22T07:57:52.917589+00:00,s005:instance_020:r09:o1:live,1584994,0.001439,1,0.00458526611328125,0.0,2.0,12.73000717163086,0.2428741455078125,820.3279266357422
2026-07-22T07:57:53.557465+00:00,s005:instance_020:r09:o2:no_cut,1585156,0.002222,1,0.004993438720703125,0.0,2.0,12.729785919189453,0.2428741455078125,820.3275451660156
2026-07-22T07:57:57.820365+00:00,s005:instance_020:r10:o1:no_cut,1585327,0.001546,1,0.004619598388671875,0.0,2.0,12.73276138305664,0.2428741455078125,820.3271598815918
2026-07-22T07:57:58.460525+00:00,s005:instance_020:r10:o2:live,1585474,0.00137,1,0.004547119140625,0.0,2.0,12.73044204711914,0.2428741455078125,820.3267784118652
2026-07-22T07:57:59.106710+00:00,s010:instance_001:r01:o1:no_cut,1585635,0.001396,1,0.004459381103515625,0.0,4.0,12.729045867919922,0.2428741455078125,820.3263816833496
2026-07-22T07:58:00.003513+00:00,s010:instance_001:r01:o2:live,1585847,0.001489,1,0.004314422607421875,0.0,4.0,12.735687255859375,0.2428741455078125,820.3257827758789
2026-07-22T07:58:00.898511+00:00,s010:instance_001:r02:o1:live,1586067,0.001391,1,0.004489898681640625,0.0,4.0,12.735023498535156,0.2428741455078125,820.3251724243164
2026-07-22T07:58:01.790087+00:00,s010:instance_001:r02:o2:no_cut,1586291,0.001413,1,0.00452423095703125,0.0,4.0,12.733421325683594,0.2428741455078125,820.3245658874512
2026-07-22T07:58:02.729009+00:00,s010:instance_001:r03:o1:no_cut,1586515,0.001393,1,0.0044097900390625,0.0,4.0,12.727577209472656,0.2428741455078125,820.3239593505859
2026-07-22T07:58:03.678625+00:00,s010:instance_001:r03:o2:live,1586747,0.001497,1,0.004421234130859375,0.0,4.0,12.733665466308594,0.2428741455078125,820.3233604431152
2026-07-22T07:58:04.620571+00:00,s010:instance_001:r04:o1:live,1586957,0.001353,1,0.004482269287109375,0.0,4.0,12.724601745605469,0.2428741455078125,820.3227424621582
2026-07-22T07:58:05.526145+00:00,s010:instance_001:r04:o2:no_cut,1587176,0.001407,1,0.004581451416015625,0.0,4.0,12.729072570800781,0.2428741455078125,820.3221321105957
2026-07-22T07:58:06.422395+00:00,s010:instance_001:r05:o1:no_cut,1587400,0.00143,1,0.0044708251953125,0.0,4.0,12.731632232666016,0.2428741455078125,820.3215255737305
2026-07-22T07:58:07.315027+00:00,s010:instance_001:r05:o2:live,1587623,0.001561,1,0.00432586669921875,0.0,4.0,12.729942321777344,0.2428741455078125,820.3209266662598
2026-07-22T07:58:08.254044+00:00,s010:instance_001:r06:o1:live,1587857,0.001421,1,0.0044097900390625,0.0,4.0,12.734283447265625,0.2428741455078125,820.3203163146973
2026-07-22T07:58:09.199417+00:00,s010:instance_001:r06:o2:no_cut,1588085,0.001433,1,0.00435638427734375,0.0,4.0,12.732608795166016,0.2428741455078125,820.319709777832
2026-07-22T07:58:10.141519+00:00,s010:instance_001:r07:o1:no_cut,1588311,0.001521,1,0.00463104248046875,0.0,4.0,12.729007720947266,0.2428741455078125,820.3191032409668
2026-07-22T07:58:11.082793+00:00,s010:instance_001:r07:o2:live,1588536,0.00137,1,0.00439453125,0.0,4.0,12.733142852783203,0.2428741455078125,820.3185043334961
2026-07-22T07:58:12.025341+00:00,s010:instance_001:r08:o1:live,1588756,0.002311,1,0.00597381591796875,0.0,4.0,12.73653793334961,0.2428741455078125,820.3178939819336
2026-07-22T07:58:12.966445+00:00,s010:instance_001:r08:o2:no_cut,1589018,0.001432,1,0.00453948974609375,0.0,4.0,12.73190689086914,0.2428741455078125,820.3172721862793
2026-07-22T07:58:13.859581+00:00,s010:instance_001:r09:o1:no_cut,1589241,0.001374,1,0.004482269287109375,0.0,4.0,12.733909606933594,0.2428741455078125,820.3166694641113
2026-07-22T07:58:14.802363+00:00,s010:instance_001:r09:o2:live,1589478,0.001417,1,0.004314422607421875,0.0,4.0,12.731269836425781,0.2428741455078125,820.3160667419434
2026-07-22T07:58:15.694485+00:00,s010:instance_001:r10:o1:live,1589691,0.001426,1,0.004520416259765625,0.0,4.0,12.728523254394531,0.2428741455078125,820.3154563903809
2026-07-22T07:58:16.586166+00:00,s010:instance_001:r10:o2:no_cut,1589894,0.0015,1,0.0044708251953125,0.0,4.0,12.729297637939453,0.2428741455078125,820.3148460388184
2026-07-22T07:58:17.484406+00:00,s010:instance_002:r01:o1:live,1590111,0.001729,1,0.004512786865234375,0.0,4.0,12.731178283691406,0.2428741455078125,820.3142395019531
2026-07-22T07:58:18.327288+00:00,s010:instance_002:r01:o2:no_cut,1590303,0.001458,1,0.0044403076171875,0.0,4.0,12.729686737060547,0.2428741455078125,820.3136863708496
2026-07-22T07:58:19.166519+00:00,s010:instance_002:r02:o1:no_cut,1590506,0.001379,1,0.00443267822265625,0.0,4.0,12.722908020019531,0.2428741455078125,820.3131332397461
2026-07-22T07:58:20.011090+00:00,s010:instance_002:r02:o2:live,1590707,0.001565,1,0.004791259765625,0.0,4.0,12.734294891357422,0.2428741455078125,820.3125877380371
2026-07-22T07:58:20.855190+00:00,s010:instance_002:r03:o1:live,1590909,0.001397,1,0.004451751708984375,0.0,4.0,12.72698974609375,0.2428741455078125,820.3120384216309
2026-07-22T07:58:21.698620+00:00,s010:instance_002:r03:o2:no_cut,1591115,0.001822,1,0.00470733642578125,0.0,4.0,12.721511840820312,0.2428741455078125,820.3114814758301
2026-07-22T07:58:22.536509+00:00,s010:instance_002:r04:o1:no_cut,1591315,0.001357,1,0.004566192626953125,0.0,4.0,12.727405548095703,0.2428741455078125,820.3109321594238
2026-07-22T07:58:23.433526+00:00,s010:instance_002:r04:o2:live,1591532,0.001474,1,0.004619598388671875,0.0,4.0,12.727458953857422,0.2428741455078125,820.3103866577148
2026-07-22T07:58:24.276092+00:00,s010:instance_002:r05:o1:live,1591736,0.0014,1,0.004619598388671875,0.0,4.0,12.723461151123047,0.2428741455078125,820.3098373413086
2026-07-22T07:58:25.118737+00:00,s010:instance_002:r05:o2:no_cut,1591944,0.002076,1,0.00447845458984375,0.0,4.0,12.723064422607422,0.2428741455078125,820.3092880249023
2026-07-22T07:58:26.009754+00:00,s010:instance_002:r06:o1:no_cut,1592158,0.001423,1,0.004619598388671875,0.0,4.0,12.725276947021484,0.2428741455078125,820.3087387084961
2026-07-22T07:58:26.850523+00:00,s010:instance_002:r06:o2:live,1592365,0.001439,1,0.004566192626953125,0.0,4.0,12.723770141601562,0.2428741455078125,820.3081932067871
2026-07-22T07:58:27.691953+00:00,s010:instance_002:r07:o1:live,1592570,0.001416,1,0.0045318603515625,0.0,4.0,12.72442626953125,0.2428741455078125,820.307975769043
2026-07-22T07:58:28.582976+00:00,s010:instance_002:r07:o2:no_cut,1592785,0.00266,1,0.005756378173828125,0.0,4.0,12.727161407470703,0.2428741455078125,820.3074264526367
2026-07-22T07:58:29.430958+00:00,s010:instance_002:r08:o1:no_cut,1592987,0.001374,1,0.004581451416015625,0.0,4.0,12.728279113769531,0.2428741455078125,820.3068771362305
2026-07-22T07:58:33.865154+00:00,s010:instance_002:r08:o2:live,1593191,0.001357,1,0.0043487548828125,0.0,4.0,12.721878051757812,0.2428741455078125,820.3063278198242
2026-07-22T07:58:34.705880+00:00,s010:instance_002:r09:o1:live,1593404,0.001431,1,0.004596710205078125,0.0,4.0,12.72507095336914,0.2428741455078125,820.305778503418
2026-07-22T07:58:35.595274+00:00,s010:instance_002:r09:o2:no_cut,1593634,0.001602,1,0.004383087158203125,0.0,4.0,12.729839324951172,0.2428741455078125,820.3052253723145
2026-07-22T07:58:36.436267+00:00,s010:instance_002:r10:o1:no_cut,1593846,0.00145,1,0.004497528076171875,0.0,4.0,12.723800659179688,0.2428741455078125,820.3046760559082
2026-07-22T07:58:37.275626+00:00,s010:instance_002:r10:o2:live,1594055,0.001552,1,0.00447845458984375,0.0,4.0,12.73276138305664,0.2428741455078125,820.3041343688965
2026-07-22T07:58:38.121186+00:00,s010:instance_003:r01:o1:no_cut,1594269,0.001418,1,0.004390716552734375,0.0,4.0,12.725948333740234,0.2428741455078125,820.3035736083984
2026-07-22T07:58:39.114042+00:00,s010:instance_003:r01:o2:live,1594515,0.001364,1,0.004398345947265625,0.0,4.0,12.723411560058594,0.2428741455078125,820.3027801513672
2026-07-22T07:58:40.057269+00:00,s010:instance_003:r02:o1:live,1594748,0.001382,1,0.00437164306640625,0.0,4.0,12.72884750366211,0.2428741455078125,820.3020973205566
2026-07-22T07:58:41.005773+00:00,s010:instance_003:r02:o2:no_cut,1594992,0.001505,1,0.004802703857421875,0.0,4.0,12.729042053222656,0.2428741455078125,820.3014221191406
2026-07-22T07:58:41.996450+00:00,s010:instance_003:r03:o1:no_cut,1595236,0.00136,1,0.00437164306640625,0.0,4.0,12.725990295410156,0.2428741455078125,820.3006248474121
2026-07-22T07:58:42.939117+00:00,s010:instance_003:r03:o2:live,1595478,0.00145,1,0.0045928955078125,0.0,4.0,12.722709655761719,0.2428741455078125,820.2998275756836
2026-07-22T07:58:43.884439+00:00,s010:instance_003:r04:o1:live,1595716,0.001444,1,0.00457000732421875,0.0,4.0,12.72408676147461,0.2428741455078125,820.299144744873
2026-07-22T07:58:44.830646+00:00,s010:instance_003:r04:o2:no_cut,1595965,0.001515,1,0.004398345947265625,0.0,4.0,12.724346160888672,0.2428741455078125,820.2984619140625
2026-07-22T07:58:45.826365+00:00,s010:instance_003:r05:o1:no_cut,1596209,0.001475,1,0.004550933837890625,0.0,4.0,12.727043151855469,0.2428741455078125,820.297664642334
2026-07-22T07:58:46.826411+00:00,s010:instance_003:r05:o2:live,1596441,0.001549,1,0.00450897216796875,0.0,4.0,12.72922134399414,0.2428741455078125,820.2968711853027
2026-07-22T07:58:47.767753+00:00,s010:instance_003:r06:o1:live,1596667,0.00148,1,0.004558563232421875,0.0,4.0,12.726325988769531,0.2428741455078125,820.2961883544922
2026-07-22T07:58:48.711920+00:00,s010:instance_003:r06:o2:no_cut,1596902,0.001466,1,0.0045928955078125,0.0,4.0,12.727287292480469,0.2428741455078125,820.2955131530762
2026-07-22T07:58:49.701979+00:00,s010:instance_003:r07:o1:no_cut,1597145,0.001425,1,0.0044708251953125,0.0,4.0,12.725395202636719,0.2428741455078125,820.2947158813477
2026-07-22T07:58:50.698182+00:00,s010:instance_003:r07:o2:live,1597394,0.001356,1,0.004360198974609375,0.0,4.0,12.726444244384766,0.2428741455078125,820.2939224243164
2026-07-22T07:58:51.639164+00:00,s010:instance_003:r08:o1:live,1597627,0.00138,1,0.004573822021484375,0.0,4.0,12.723411560058594,0.2428741455078125,820.2932395935059
2026-07-22T07:58:52.588371+00:00,s010:instance_003:r08:o2:no_cut,1597872,0.001442,1,0.00447845458984375,0.0,4.0,12.729106903076172,0.2428741455078125,820.2925605773926
2026-07-22T07:58:53.582808+00:00,s010:instance_003:r09:o1:no_cut,1598118,0.001665,1,0.00437164306640625,0.0,4.0,12.725345611572266,0.2428741455078125,820.2917633056641
2026-07-22T07:58:54.582132+00:00,s010:instance_003:r09:o2:live,1598372,0.001379,1,0.004589080810546875,0.0,4.0,12.719123840332031,0.2428741455078125,820.2909698486328
2026-07-22T07:58:55.529216+00:00,s010:instance_003:r10:o1:live,1598619,0.001432,1,0.00452423095703125,0.0,4.0,12.725421905517578,0.2428741455078125,820.2902793884277
2026-07-22T07:58:56.469728+00:00,s010:instance_003:r10:o2:no_cut,1598848,0.001458,1,0.004398345947265625,0.0,4.0,12.717117309570312,0.2428741455078125,820.2896003723145
2026-07-22T07:58:57.466163+00:00,s010:instance_004:r01:o1:live,1599071,0.001554,1,0.0046234130859375,0.0,4.0,12.725044250488281,0.2428741455078125,820.2887992858887
2026-07-22T07:58:58.472987+00:00,s010:instance_004:r01:o2:no_cut,1599285,0.001629,1,0.00449371337890625,0.0,4.0,12.72519302368164,0.2428741455078125,820.288200378418
2026-07-22T07:58:59.469832+00:00,s010:instance_004:r02:o1:no_cut,1599516,0.00142,1,0.004642486572265625,0.0,4.0,12.72665023803711,0.2428741455078125,820.2876091003418
2026-07-22T07:59:00.411316+00:00,s010:instance_004:r02:o2:live,1599753,0.001441,1,0.004405975341796875,0.0,4.0,12.722404479980469,0.2428741455078125,820.2870140075684
2026-07-22T07:59:01.353011+00:00,s010:instance_004:r03:o1:live,1599996,0.001492,1,0.004604339599609375,0.0,4.0,12.721538543701172,0.2428741455078125,820.2864112854004
2026-07-22T07:59:02.297943+00:00,s010:instance_004:r03:o2:no_cut,1600235,0.001789,1,0.00466156005859375,0.0,4.0,12.720710754394531,0.2428741455078125,820.2858123779297
2026-07-22T07:59:03.240044+00:00,s010:instance_004:r04:o1:no_cut,1600476,0.001515,1,0.00457000732421875,0.0,4.0,12.723106384277344,0.2428741455078125,820.2852210998535
2026-07-22T07:59:04.185509+00:00,s010:instance_004:r04:o2:live,1600716,0.001403,1,0.00444793701171875,0.0,4.0,12.718833923339844,0.2428741455078125,820.2846260070801
2026-07-22T07:59:05.129355+00:00,s010:instance_004:r05:o1:live,1600961,0.001386,1,0.004375457763671875,0.0,4.0,12.724113464355469,0.2428741455078125,820.2840270996094
2026-07-22T07:59:06.073356+00:00,s010:instance_004:r05:o2:no_cut,1601199,0.001433,1,0.0045928955078125,0.0,4.0,12.725421905517578,0.2428741455078125,820.2834320068359
2026-07-22T07:59:10.641163+00:00,s010:instance_004:r06:o1:no_cut,1601435,0.001478,1,0.004520416259765625,0.0,4.0,12.7242431640625,0.2428741455078125,820.2828407287598
2026-07-22T07:59:11.582946+00:00,s010:instance_004:r06:o2:live,1601678,0.001706,1,0.005039215087890625,0.0,4.0,12.726581573486328,0.2428741455078125,820.2822494506836
2026-07-22T07:59:12.524073+00:00,s010:instance_004:r07:o1:live,1601925,0.00156,1,0.004573822021484375,0.0,4.0,12.726573944091797,0.2428741455078125,820.2816505432129
2026-07-22T07:59:13.466936+00:00,s010:instance_004:r07:o2:no_cut,1602174,0.001418,1,0.0045166015625,0.0,4.0,12.722698211669922,0.2428741455078125,820.2810554504395
2026-07-22T07:59:14.411162+00:00,s010:instance_004:r08:o1:no_cut,1602429,0.00139,1,0.004467010498046875,0.0,4.0,12.721797943115234,0.2428741455078125,820.280460357666
2026-07-22T07:59:15.363069+00:00,s010:instance_004:r08:o2:live,1602671,0.001442,1,0.004489898681640625,0.0,4.0,12.724838256835938,0.2428741455078125,820.2798652648926
2026-07-22T07:59:16.312775+00:00,s010:instance_004:r09:o1:live,1602919,0.001478,1,0.00470733642578125,0.0,4.0,12.720603942871094,0.2428741455078125,820.2792663574219
2026-07-22T07:59:17.262924+00:00,s010:instance_004:r09:o2:no_cut,1603157,0.001383,1,0.00441741943359375,0.0,4.0,12.722759246826172,0.2428741455078125,820.2786712646484
2026-07-22T07:59:18.211823+00:00,s010:instance_004:r10:o1:no_cut,1603405,0.001483,1,0.004550933837890625,0.0,4.0,12.7235107421875,0.2428741455078125,820.2780799865723
2026-07-22T07:59:19.158747+00:00,s010:instance_004:r10:o2:live,1603645,0.001396,1,0.004375457763671875,0.0,4.0,12.72818374633789,0.2428741455078125,820.2774887084961
2026-07-22T07:59:20.103852+00:00,s010:instance_005:r01:o1:no_cut,1603881,0.001495,1,0.004329681396484375,0.0,4.0,12.720073699951172,0.2428741455078125,820.2768859863281
2026-07-22T07:59:21.597361+00:00,s010:instance_005:r01:o2:live,1604246,0.001604,1,0.005001068115234375,0.0,4.0,12.720890045166016,0.2428741455078125,820.276294708252
2026-07-22T07:59:23.088778+00:00,s010:instance_005:r02:o1:live,1604623,0.001455,1,0.0045928955078125,0.0,4.0,12.725154876708984,0.2428741455078125,820.275691986084
2026-07-22T07:59:24.579908+00:00,s010:instance_005:r02:o2:no_cut,1604997,0.001448,1,0.0045318603515625,0.0,4.0,12.725605010986328,0.2428741455078125,820.275089263916
2026-07-22T07:59:26.076934+00:00,s010:instance_005:r03:o1:no_cut,1605369,0.001667,1,0.004772186279296875,0.0,4.0,12.727195739746094,0.2428741455078125,820.2744903564453
2026-07-22T07:59:27.570183+00:00,s010:instance_005:r03:o2:live,1605740,0.001745,1,0.00414276123046875,0.0,4.0,12.727954864501953,0.2428741455078125,820.2738914489746
2026-07-22T07:59:29.064964+00:00,s010:instance_005:r04:o1:live,1606110,0.00152,1,0.004581451416015625,0.0,4.0,12.72488784790039,0.2428741455078125,820.2732887268066
2026-07-22T07:59:30.556641+00:00,s010:instance_005:r04:o2:no_cut,1606478,0.001526,1,0.00453948974609375,0.0,4.0,12.728530883789062,0.2428741455078125,820.2726898193359
2026-07-22T07:59:32.101912+00:00,s010:instance_005:r05:o1:no_cut,1606838,0.00149,1,0.004512786865234375,0.0,4.0,12.72714614868164,0.2428741455078125,820.2720909118652
2026-07-22T07:59:33.606537+00:00,s010:instance_005:r05:o2:live,1607216,0.001388,1,0.0044403076171875,0.0,4.0,12.723197937011719,0.2428741455078125,820.2714881896973
2026-07-22T07:59:35.113517+00:00,s010:instance_005:r06:o1:live,1607588,0.001718,1,0.004863739013671875,0.0,4.0,12.725948333740234,0.2428741455078125,820.2708854675293
2026-07-22T07:59:36.610046+00:00,s010:instance_005:r06:o2:no_cut,1607945,0.001448,1,0.004627227783203125,0.0,4.0,12.725570678710938,0.2428741455078125,820.2702865600586
2026-07-22T07:59:38.151687+00:00,s010:instance_005:r07:o1:no_cut,1608284,0.001413,1,0.0045928955078125,0.0,4.0,12.725662231445312,0.2428741455078125,820.2696800231934
2026-07-22T07:59:39.697586+00:00,s010:instance_005:r07:o2:live,1608635,0.00147,1,0.00458526611328125,0.0,4.0,12.7274169921875,0.2428741455078125,820.2690887451172
2026-07-22T07:59:41.193439+00:00,s010:instance_005:r08:o1:live,1609012,0.001577,1,0.00461578369140625,0.0,4.0,12.728401184082031,0.2428741455078125,820.268482208252
2026-07-22T07:59:46.314654+00:00,s010:instance_005:r08:o2:no_cut,1609397,0.001617,1,0.004425048828125,0.0,4.0,12.723865509033203,0.2428741455078125,820.2678833007812
2026-07-22T07:59:47.808790+00:00,s010:instance_005:r09:o1:no_cut,1609771,0.001414,1,0.004459381103515625,0.0,4.0,12.72591781616211,0.2428741455078125,820.2672843933105
2026-07-22T07:59:49.319242+00:00,s010:instance_005:r09:o2:live,1610154,0.001533,1,0.004608154296875,0.0,4.0,12.72298812866211,0.2428741455078125,820.2666931152344
2026-07-22T07:59:50.818978+00:00,s010:instance_005:r10:o1:live,1610539,0.001501,1,0.004589080810546875,0.0,4.0,12.731986999511719,0.2428741455078125,820.2660903930664
2026-07-22T07:59:52.315776+00:00,s010:instance_005:r10:o2:no_cut,1610914,0.001644,1,0.004291534423828125,0.0,4.0,12.72393798828125,0.2428741455078125,820.2654914855957
2026-07-22T07:59:53.816916+00:00,s010:instance_006:r01:o1:live,1611300,0.001449,1,0.004360198974609375,0.0,4.0,12.721843719482422,0.2428741455078125,820.2648887634277
2026-07-22T07:59:54.707604+00:00,s010:instance_006:r01:o2:no_cut,1611527,0.001548,1,0.004764556884765625,0.0,4.0,12.721839904785156,0.2428741455078125,820.2642478942871
2026-07-22T07:59:55.651429+00:00,s010:instance_006:r02:o1:no_cut,1611769,0.001391,1,0.004398345947265625,0.0,4.0,12.723133087158203,0.2428741455078125,820.2636070251465
2026-07-22T07:59:56.544858+00:00,s010:instance_006:r02:o2:live,1611996,0.001722,1,0.00447845458984375,0.0,4.0,12.724353790283203,0.2428741455078125,820.2629699707031
2026-07-22T07:59:57.441113+00:00,s010:instance_006:r03:o1:live,1612229,0.001372,1,0.004589080810546875,0.0,4.0,12.722793579101562,0.2428741455078125,820.2623252868652
2026-07-22T07:59:58.336862+00:00,s010:instance_006:r03:o2:no_cut,1612459,0.001395,1,0.0045928955078125,0.0,4.0,12.722999572753906,0.2428741455078125,820.2616844177246
2026-07-22T07:59:59.236584+00:00,s010:instance_006:r04:o1:no_cut,1612686,0.001358,1,0.0044708251953125,0.0,4.0,12.726245880126953,0.2428741455078125,820.261043548584
2026-07-22T08:00:00.129400+00:00,s010:instance_006:r04:o2:live,1612920,0.001739,1,0.004634857177734375,0.0,4.0,12.72128677368164,0.2428741455078125,820.2604064941406
2026-07-22T08:00:01.018908+00:00,s010:instance_006:r05:o1:live,1613142,0.001557,1,0.004764556884765625,0.0,4.0,12.725822448730469,0.2428741455078125,820.259765625
2026-07-22T08:00:01.916906+00:00,s010:instance_006:r05:o2:no_cut,1613372,0.001455,1,0.00437164306640625,0.0,4.0,12.720027923583984,0.2428741455078125,820.2591247558594
2026-07-22T08:00:02.859024+00:00,s010:instance_006:r06:o1:no_cut,1613618,0.001647,1,0.004482269287109375,0.0,4.0,12.721553802490234,0.2428741455078125,820.2584762573242
2026-07-22T08:00:03.799855+00:00,s010:instance_006:r06:o2:live,1613846,0.001378,1,0.004451751708984375,0.0,4.0,12.724369049072266,0.2428741455078125,820.2578392028809
2026-07-22T08:00:04.744893+00:00,s010:instance_006:r07:o1:live,1614077,0.001441,1,0.004486083984375,0.0,4.0,12.725852966308594,0.2428741455078125,820.2571983337402
2026-07-22T08:00:05.693252+00:00,s010:instance_006:r07:o2:no_cut,1614301,0.001434,1,0.004291534423828125,0.0,4.0,12.724193572998047,0.2428741455078125,820.2565536499023
2026-07-22T08:00:06.639143+00:00,s010:instance_006:r08:o1:no_cut,1614551,0.001721,1,0.004467010498046875,0.0,4.0,12.722148895263672,0.2428741455078125,820.2559089660645
2026-07-22T08:00:07.529822+00:00,s010:instance_006:r08:o2:live,1614768,0.001394,1,0.004486083984375,0.0,4.0,12.724124908447266,0.2428741455078125,820.2552719116211
2026-07-22T08:00:08.475271+00:00,s010:instance_006:r09:o1:live,1615003,0.001354,1,0.004398345947265625,0.0,4.0,12.717823028564453,0.2428741455078125,820.2546310424805
2026-07-22T08:00:09.368883+00:00,s010:instance_006:r09:o2:no_cut,1615228,0.002187,1,0.006000518798828125,0.0,4.0,12.72104263305664,0.2428741455078125,820.2539901733398
2026-07-22T08:00:10.315410+00:00,s010:instance_006:r10:o1:no_cut,1615445,0.001868,1,0.005153656005859375,0.0,4.0,12.718570709228516,0.2428741455078125,820.2533493041992
2026-07-22T08:00:11.210316+00:00,s010:instance_006:r10:o2:live,1615673,0.001469,1,0.004467010498046875,0.0,4.0,12.718677520751953,0.2428741455078125,820.2527122497559
2026-07-22T08:00:12.153557+00:00,s010:instance_007:r01:o1:no_cut,1615914,0.001491,1,0.00461578369140625,0.0,4.0,12.723705291748047,0.2428741455078125,820.252067565918
2026-07-22T08:00:13.150873+00:00,s010:instance_007:r01:o2:live,1616153,0.001525,1,0.0045928955078125,0.0,4.0,12.71982192993164,0.2428741455078125,820.2513580322266
2026-07-22T08:00:14.143641+00:00,s010:instance_007:r02:o1:live,1616395,0.001369,1,0.00435638427734375,0.0,4.0,12.722702026367188,0.2428741455078125,820.2506408691406
2026-07-22T08:00:15.137418+00:00,s010:instance_007:r02:o2:no_cut,1616667,0.001441,1,0.004383087158203125,0.0,4.0,12.720329284667969,0.2428741455078125,820.2499198913574
2026-07-22T08:00:16.132068+00:00,s010:instance_007:r03:o1:no_cut,1616938,0.00164,1,0.00489044189453125,0.0,4.0,12.71713638305664,0.2428741455078125,820.2492027282715
2026-07-22T08:00:17.127010+00:00,s010:instance_007:r03:o2:live,1617198,0.001501,1,0.004547119140625,0.0,4.0,12.716209411621094,0.2428741455078125,820.2484931945801
2026-07-22T08:00:18.073130+00:00,s010:instance_007:r04:o1:live,1617435,0.001365,1,0.00443267822265625,0.0,4.0,12.719615936279297,0.2428741455078125,820.2477760314941
2026-07-22T08:00:22.693423+00:00,s010:instance_007:r04:o2:no_cut,1617666,0.001417,1,0.004581451416015625,0.0,4.0,12.72286605834961,0.2428741455078125,820.2470664978027
2026-07-22T08:00:23.740419+00:00,s010:instance_007:r05:o1:no_cut,1617904,0.001521,1,0.0045928955078125,0.0,4.0,12.713775634765625,0.2428741455078125,820.2463531494141
2026-07-22T08:00:24.738162+00:00,s010:instance_007:r05:o2:live,1618138,0.001853,1,0.00548553466796875,0.0,4.0,12.709712982177734,0.2428741455078125,820.2456398010254
2026-07-22T08:00:25.736750+00:00,s010:instance_007:r06:o1:live,1618383,0.001417,1,0.00450897216796875,0.0,4.0,12.71036148071289,0.2428741455078125,820.2449226379395
2026-07-22T08:00:26.745670+00:00,s010:instance_007:r06:o2:no_cut,1618626,0.00141,1,0.00437164306640625,0.0,4.0,12.712127685546875,0.2428741455078125,820.244213104248
2026-07-22T08:00:27.741000+00:00,s010:instance_007:r07:o1:no_cut,1618878,0.001399,1,0.004489898681640625,0.0,4.0,12.709709167480469,0.2428741455078125,820.2434997558594
2026-07-22T08:00:28.730673+00:00,s010:instance_007:r07:o2:live,1619134,0.001468,1,0.004611968994140625,0.0,4.0,12.709671020507812,0.2428741455078125,820.242790222168
2026-07-22T08:00:29.726585+00:00,s010:instance_007:r08:o1:live,1619377,0.001507,1,0.004421234130859375,0.0,4.0,12.715789794921875,0.2428741455078125,820.2420692443848
2026-07-22T08:00:30.725959+00:00,s010:instance_007:r08:o2:no_cut,1619633,0.001437,1,0.0044708251953125,0.0,4.0,12.712005615234375,0.2428741455078125,820.2413597106934
2026-07-22T08:00:31.720906+00:00,s010:instance_007:r09:o1:no_cut,1619891,0.001363,1,0.004535675048828125,0.0,4.0,12.711090087890625,0.2428741455078125,820.2406463623047
2026-07-22T08:00:32.721421+00:00,s010:instance_007:r09:o2:live,1620145,0.001414,1,0.004451751708984375,0.0,4.0,12.713371276855469,0.2428741455078125,820.239933013916
2026-07-22T08:00:33.715002+00:00,s010:instance_007:r10:o1:live,1620399,0.001489,1,0.00423431396484375,0.0,4.0,12.780841827392578,0.2428741455078125,820.2392158508301
2026-07-22T08:00:34.706046+00:00,s010:instance_007:r10:o2:no_cut,1620659,0.001482,1,0.004634857177734375,0.0,4.0,12.78499984741211,0.2428741455078125,820.2385063171387
2026-07-22T08:00:35.705616+00:00,s010:instance_008:r01:o1:live,1620917,0.001375,1,0.004425048828125,0.0,4.0,12.782085418701172,0.2428741455078125,820.2377891540527
2026-07-22T08:00:36.753372+00:00,s010:instance_008:r01:o2:no_cut,1621202,0.001718,1,0.004932403564453125,0.0,4.0,12.781089782714844,0.2428741455078125,820.2371063232422
2026-07-22T08:00:37.802042+00:00,s010:instance_008:r02:o1:no_cut,1621473,0.001357,1,0.00458526611328125,0.0,4.0,12.775741577148438,0.2428741455078125,820.2364273071289
2026-07-22T08:00:38.853924+00:00,s010:instance_008:r02:o2:live,1621746,0.001784,1,0.00440216064453125,0.0,4.0,12.775531768798828,0.2428741455078125,820.2357559204102
2026-07-22T08:00:39.897856+00:00,s010:instance_008:r03:o1:live,1622017,0.001432,1,0.004436492919921875,0.0,4.0,12.776195526123047,0.2428741455078125,820.2350654602051
2026-07-22T08:00:40.944828+00:00,s010:instance_008:r03:o2:no_cut,1622289,0.001382,1,0.004444122314453125,0.0,4.0,12.775035858154297,0.2428741455078125,820.2343864440918
2026-07-22T08:00:42.037244+00:00,s010:instance_008:r04:o1:no_cut,1622571,0.001396,1,0.004520416259765625,0.0,4.0,12.770240783691406,0.2428741455078125,820.2337112426758
2026-07-22T08:00:43.078898+00:00,s010:instance_008:r04:o2:live,1622827,0.001411,1,0.004360198974609375,0.0,4.0,12.775665283203125,0.2428741455078125,820.2330360412598
2026-07-22T08:00:44.126382+00:00,s010:instance_008:r05:o1:live,1623104,0.001364,1,0.004375457763671875,0.0,4.0,12.771896362304688,0.2428741455078125,820.2323532104492
2026-07-22T08:00:45.171558+00:00,s010:instance_008:r05:o2:no_cut,1623370,0.001669,1,0.004817962646484375,0.0,4.0,12.775932312011719,0.2428741455078125,820.2316741943359
2026-07-22T08:00:46.220321+00:00,s010:instance_008:r06:o1:no_cut,1623647,0.001624,1,0.004566192626953125,0.0,4.0,12.7791748046875,0.2428741455078125,820.2309989929199
2026-07-22T08:00:47.264717+00:00,s010:instance_008:r06:o2:live,1623928,0.00139,1,0.004528045654296875,0.0,4.0,12.772857666015625,0.2428741455078125,820.2303199768066
2026-07-22T08:00:48.306921+00:00,s010:instance_008:r07:o1:live,1624198,0.00144,1,0.00458526611328125,0.0,4.0,12.768638610839844,0.2428741455078125,820.2296371459961
2026-07-22T08:00:49.354190+00:00,s010:instance_008:r07:o2:no_cut,1624467,0.001452,1,0.004566192626953125,0.0,4.0,12.775611877441406,0.2428741455078125,820.2289581298828
2026-07-22T08:00:50.448927+00:00,s010:instance_008:r08:o1:no_cut,1624757,0.001441,1,0.0043792724609375,0.0,4.0,12.768089294433594,0.2428741455078125,820.2282791137695
2026-07-22T08:00:51.494451+00:00,s010:instance_008:r08:o2:live,1625029,0.001373,1,0.004360198974609375,0.0,4.0,12.766033172607422,0.2428741455078125,820.2276039123535
2026-07-22T08:00:52.543093+00:00,s010:instance_008:r09:o1:live,1625313,0.001473,1,0.00460052490234375,0.0,4.0,12.765453338623047,0.2428741455078125,820.226921081543
2026-07-22T08:00:53.595512+00:00,s010:instance_008:r09:o2:no_cut,1625582,0.001602,1,0.004756927490234375,0.0,4.0,12.766494750976562,0.2428741455078125,820.2262420654297
2026-07-22T08:00:58.226028+00:00,s010:instance_008:r10:o1:no_cut,1625857,0.00141,1,0.004425048828125,0.0,4.0,12.774055480957031,0.2428741455078125,820.2255668640137
2026-07-22T08:00:59.272630+00:00,s010:instance_008:r10:o2:live,1626116,0.00133,1,0.004314422607421875,0.0,4.0,12.766128540039062,0.2428741455078125,820.2248916625977
2026-07-22T08:01:00.317395+00:00,s010:instance_009:r01:o1:no_cut,1626407,0.001417,1,0.004512786865234375,0.0,4.0,12.76382064819336,0.2428741455078125,820.224193572998
2026-07-22T08:01:01.361424+00:00,s010:instance_009:r01:o2:live,1626688,0.001446,1,0.004543304443359375,0.0,4.0,12.764366149902344,0.2428741455078125,820.2235488891602
2026-07-22T08:01:02.411951+00:00,s010:instance_009:r02:o1:live,1626963,0.001431,1,0.004604339599609375,0.0,4.0,12.765602111816406,0.2428741455078125,820.2228965759277
2026-07-22T08:01:03.503850+00:00,s010:instance_009:r02:o2:no_cut,1627228,0.001364,1,0.00445556640625,0.0,4.0,12.759017944335938,0.2428741455078125,820.2222480773926
2026-07-22T08:01:04.558053+00:00,s010:instance_009:r03:o1:no_cut,1627494,0.001545,1,0.00475311279296875,0.0,4.0,12.759429931640625,0.2428741455078125,820.2215919494629
2026-07-22T08:01:05.662644+00:00,s010:instance_009:r03:o2:live,1627778,0.00156,1,0.00466156005859375,0.0,4.0,12.760883331298828,0.2428741455078125,820.2209510803223
2026-07-22T08:01:06.760083+00:00,s010:instance_009:r04:o1:live,1628058,0.001387,1,0.0043182373046875,0.0,4.0,12.76041030883789,0.2428741455078125,820.2202987670898
2026-07-22T08:01:07.859633+00:00,s010:instance_009:r04:o2:no_cut,1628356,0.001402,1,0.004268646240234375,0.0,4.0,12.755130767822266,0.2428741455078125,820.2196502685547
2026-07-22T08:01:08.957796+00:00,s010:instance_009:r05:o1:no_cut,1628637,0.001433,1,0.00443267822265625,0.0,4.0,12.755535125732422,0.2428741455078125,820.2190017700195
2026-07-22T08:01:10.006085+00:00,s010:instance_009:r05:o2:live,1628911,0.00149,1,0.004638671875,0.0,4.0,12.754756927490234,0.2428741455078125,820.2183609008789
2026-07-22T08:01:11.063120+00:00,s010:instance_009:r06:o1:live,1629186,0.001405,1,0.004486083984375,0.0,4.0,12.755401611328125,0.2428741455078125,820.2177085876465
2026-07-22T08:01:12.161051+00:00,s010:instance_009:r06:o2:no_cut,1629480,0.00139,1,0.004669189453125,0.0,4.0,12.752052307128906,0.2428741455078125,820.2170600891113
2026-07-22T08:01:13.202263+00:00,s010:instance_009:r07:o1:no_cut,1629750,0.001542,1,0.004669189453125,0.0,4.0,12.756431579589844,0.2428741455078125,820.2164115905762
2026-07-22T08:01:14.297743+00:00,s010:instance_009:r07:o2:live,1630037,0.001717,1,0.005367279052734375,0.0,4.0,12.758502960205078,0.2428741455078125,820.2157707214355
2026-07-22T08:01:15.344672+00:00,s010:instance_009:r08:o1:live,1630330,0.001408,1,0.00450897216796875,0.0,4.0,12.752674102783203,0.2428741455078125,820.2151069641113
2026-07-22T08:01:16.389351+00:00,s010:instance_009:r08:o2:no_cut,1630607,0.001381,1,0.004482269287109375,0.0,4.0,12.750648498535156,0.2428741455078125,820.2144584655762
2026-07-22T08:01:17.498554+00:00,s010:instance_009:r09:o1:no_cut,1630888,0.001617,1,0.004852294921875,0.0,4.0,12.749950408935547,0.2428741455078125,820.213809967041
2026-07-22T08:01:18.544407+00:00,s010:instance_009:r09:o2:live,1631154,0.001637,1,0.004695892333984375,0.0,4.0,12.746089935302734,0.2428741455078125,820.2131690979004
2026-07-22T08:01:19.592609+00:00,s010:instance_009:r10:o1:live,1631426,0.001424,1,0.004459381103515625,0.0,4.0,12.749748229980469,0.2428741455078125,820.212516784668
2026-07-22T08:01:20.700324+00:00,s010:instance_009:r10:o2:no_cut,1631718,0.001556,1,0.00464630126953125,0.0,4.0,12.746818542480469,0.2428741455078125,820.2118682861328
2026-07-22T08:01:21.769616+00:00,s010:instance_010:r01:o1:live,1631990,0.003342,1,0.00632476806640625,0.0,4.0,12.752059936523438,0.2428741455078125,820.2112159729004
2026-07-22T08:01:23.119056+00:00,s010:instance_010:r01:o2:no_cut,1632339,0.00207,1,0.006107330322265625,0.0,4.0,12.753284454345703,0.2428741455078125,820.2104835510254
2026-07-22T08:01:24.473019+00:00,s010:instance_010:r02:o1:no_cut,1632685,0.001381,1,0.00438690185546875,0.0,4.0,12.744827270507812,0.2428741455078125,820.2097473144531
2026-07-22T08:01:25.816161+00:00,s010:instance_010:r02:o2:live,1633039,0.001557,1,0.0047760009765625,0.0,4.0,12.753242492675781,0.2428741455078125,820.2090072631836
2026-07-22T08:01:27.161123+00:00,s010:instance_010:r03:o1:live,1633384,0.001446,1,0.004547119140625,0.0,4.0,12.747676849365234,0.2428741455078125,820.2082672119141
2026-07-22T08:01:28.506595+00:00,s010:instance_010:r03:o2:no_cut,1633728,0.001613,1,0.00473785400390625,0.0,4.0,12.757678985595703,0.2428741455078125,820.2075347900391
2026-07-22T08:01:29.848567+00:00,s010:instance_010:r04:o1:no_cut,1634073,0.001509,1,0.00473785400390625,0.0,4.0,12.755146026611328,0.2428741455078125,820.2067947387695
2026-07-22T08:01:34.749801+00:00,s010:instance_010:r04:o2:live,1634422,0.001382,1,0.004558563232421875,0.0,4.0,12.751869201660156,0.2428741455078125,820.2060623168945
2026-07-22T08:01:36.094637+00:00,s010:instance_010:r05:o1:live,1634760,0.001475,1,0.00437164306640625,0.0,4.0,12.750953674316406,0.2428741455078125,820.2053260803223
2026-07-22T08:01:37.489129+00:00,s010:instance_010:r05:o2:no_cut,1635139,0.001601,1,0.004573822021484375,0.0,4.0,12.744861602783203,0.2428741455078125,820.2045822143555
2026-07-22T08:01:38.835331+00:00,s010:instance_010:r06:o1:no_cut,1635440,0.001408,1,0.00443267822265625,0.0,4.0,12.747650146484375,0.2428741455078125,820.2038459777832
2026-07-22T08:01:40.235553+00:00,s010:instance_010:r06:o2:live,1635751,0.002156,1,0.005634307861328125,0.0,4.0,12.744461059570312,0.2428741455078125,820.2031097412109
2026-07-22T08:01:41.578557+00:00,s010:instance_010:r07:o1:live,1636068,0.001531,1,0.004596710205078125,0.0,4.0,12.741630554199219,0.2428741455078125,820.2023735046387
2026-07-22T08:01:42.938086+00:00,s010:instance_010:r07:o2:no_cut,1636388,0.001648,1,0.0048370361328125,0.0,4.0,12.742359161376953,0.2428741455078125,820.2016258239746
2026-07-22T08:01:44.286027+00:00,s010:instance_010:r08:o1:no_cut,1636710,0.001402,1,0.004482269287109375,0.0,4.0,12.743171691894531,0.2428741455078125,820.2008895874023
2026-07-22T08:01:45.629925+00:00,s010:instance_010:r08:o2:live,1637025,0.001442,1,0.004581451416015625,0.0,4.0,12.73626708984375,0.2428741455078125,820.2001571655273
2026-07-22T08:01:46.973467+00:00,s010:instance_010:r09:o1:live,1637345,0.001621,1,0.00478363037109375,0.0,4.0,12.73947525024414,0.2428741455078125,820.1994209289551
2026-07-22T08:01:48.322106+00:00,s010:instance_010:r09:o2:no_cut,1637669,0.001411,1,0.004428863525390625,0.0,4.0,12.735755920410156,0.2428741455078125,820.1986846923828
2026-07-22T08:01:49.665826+00:00,s010:instance_010:r10:o1:no_cut,1637983,0.001373,1,0.004390716552734375,0.0,4.0,12.735530853271484,0.2428741455078125,820.1979484558105
2026-07-22T08:01:51.009854+00:00,s010:instance_010:r10:o2:live,1638305,0.001402,1,0.00453948974609375,0.0,4.0,12.728118896484375,0.2428741455078125,820.1972160339355
2026-07-22T08:01:52.356047+00:00,s010:instance_011:r01:o1:no_cut,1638616,0.001469,1,0.004543304443359375,0.0,4.0,12.731502532958984,0.2428741455078125,820.196475982666
2026-07-22T08:01:53.759718+00:00,s010:instance_011:r01:o2:live,1638975,0.001502,1,0.004608154296875,0.0,4.0,12.730480194091797,0.2428741455078125,820.1958198547363
2026-07-22T08:01:55.161946+00:00,s010:instance_011:r02:o1:live,1639352,0.001367,1,0.004425048828125,0.0,4.0,12.729473114013672,0.2428741455078125,820.1951522827148
2026-07-22T08:01:56.558249+00:00,s010:instance_011:r02:o2:no_cut,1639712,0.001412,1,0.00452423095703125,0.0,4.0,12.728618621826172,0.2428741455078125,820.1944885253906
2026-07-22T08:01:57.952651+00:00,s010:instance_011:r03:o1:no_cut,1640083,0.001507,1,0.004611968994140625,0.0,4.0,12.733390808105469,0.2428741455078125,820.1938323974609
2026-07-22T08:01:59.354180+00:00,s010:instance_011:r03:o2:live,1640452,0.001427,1,0.0045013427734375,0.0,4.0,12.735408782958984,0.2428741455078125,820.1931762695312
2026-07-22T08:02:00.752270+00:00,s010:instance_011:r04:o1:live,1640806,0.002131,1,0.00524139404296875,0.0,4.0,12.730228424072266,0.2428741455078125,820.192512512207
2026-07-22T08:02:02.154902+00:00,s010:instance_011:r04:o2:no_cut,1641173,0.001487,1,0.004528045654296875,0.0,4.0,12.735157012939453,0.2428741455078125,820.1918563842773
2026-07-22T08:02:03.553448+00:00,s010:instance_011:r05:o1:no_cut,1641539,0.001355,1,0.004474639892578125,0.0,4.0,12.724590301513672,0.2428741455078125,820.1911964416504
2026-07-22T08:02:04.998806+00:00,s010:instance_011:r05:o2:live,1641922,0.001403,1,0.004459381103515625,0.0,4.0,12.734386444091797,0.2428741455078125,820.1905364990234
2026-07-22T08:02:10.038510+00:00,s010:instance_011:r06:o1:live,1642277,0.001428,1,0.004486083984375,0.0,4.0,12.735092163085938,0.2428741455078125,820.1898727416992
2026-07-22T08:02:11.430595+00:00,s010:instance_011:r06:o2:no_cut,1642641,0.001398,1,0.004489898681640625,0.0,4.0,12.7354736328125,0.2428741455078125,820.189208984375
2026-07-22T08:02:12.826880+00:00,s010:instance_011:r07:o1:no_cut,1643002,0.001354,1,0.004367828369140625,0.0,4.0,12.731407165527344,0.2428741455078125,820.188549041748
2026-07-22T08:02:14.219390+00:00,s010:instance_011:r07:o2:live,1643360,0.001423,1,0.00437164306640625,0.0,4.0,12.732250213623047,0.2428741455078125,820.1878890991211
2026-07-22T08:02:15.619439+00:00,s010:instance_011:r08:o1:live,1643726,0.001329,1,0.00443267822265625,0.0,4.0,12.734180450439453,0.2428741455078125,820.1872253417969
2026-07-22T08:02:17.019508+00:00,s010:instance_011:r08:o2:no_cut,1644098,0.00138,1,0.00458526611328125,0.0,4.0,12.737438201904297,0.2428741455078125,820.1865653991699
2026-07-22T08:02:18.414171+00:00,s010:instance_011:r09:o1:no_cut,1644475,0.001552,1,0.004779815673828125,0.0,4.0,12.728534698486328,0.2428741455078125,820.185905456543
2026-07-22T08:02:19.809735+00:00,s010:instance_011:r09:o2:live,1644838,0.001436,1,0.00453948974609375,0.0,4.0,12.732658386230469,0.2428741455078125,820.1852493286133
2026-07-22T08:02:21.202855+00:00,s010:instance_011:r10:o1:live,1645201,0.001549,1,0.004558563232421875,0.0,4.0,12.736953735351562,0.2428741455078125,820.1845855712891
2026-07-22T08:02:22.601154+00:00,s010:instance_011:r10:o2:no_cut,1645546,0.001533,1,0.004604339599609375,0.0,4.0,12.72726058959961,0.2428741455078125,820.1839256286621
2026-07-22T08:02:24.000098+00:00,s010:instance_012:r01:o1:live,1645894,0.00146,1,0.0045166015625,0.0,4.0,12.731101989746094,0.2428741455078125,820.1832618713379
2026-07-22T08:02:25.004497+00:00,s010:instance_012:r01:o2:no_cut,1646150,0.001451,1,0.004489898681640625,0.0,4.0,12.724544525146484,0.2428741455078125,820.1826171875
2026-07-22T08:02:26.000322+00:00,s010:instance_012:r02:o1:no_cut,1646415,0.001441,1,0.004467010498046875,0.0,4.0,12.730953216552734,0.2428741455078125,820.1819763183594
2026-07-22T08:02:26.998178+00:00,s010:instance_012:r02:o2:live,1646679,0.001444,1,0.004337310791015625,0.0,4.0,12.726844787597656,0.2428741455078125,820.181339263916
2026-07-22T08:02:27.991609+00:00,s010:instance_012:r03:o1:live,1646943,0.001382,1,0.004474639892578125,0.0,4.0,12.729217529296875,0.2428741455078125,820.1806945800781
2026-07-22T08:02:28.942157+00:00,s010:instance_012:r03:o2:no_cut,1647189,0.001674,1,0.004913330078125,0.0,4.0,12.728527069091797,0.2428741455078125,820.1800537109375
2026-07-22T08:02:29.889142+00:00,s010:instance_012:r04:o1:no_cut,1647446,0.001496,1,0.00473785400390625,0.0,4.0,12.730545043945312,0.2428741455078125,820.1794128417969
2026-07-22T08:02:30.885045+00:00,s010:instance_012:r04:o2:live,1647704,0.001561,1,0.0047760009765625,0.0,4.0,12.7352294921875,0.2428741455078125,820.1787796020508
2026-07-22T08:02:31.879878+00:00,s010:instance_012:r05:o1:live,1647974,0.001389,1,0.00457000732421875,0.0,4.0,12.731693267822266,0.2428741455078125,820.1781349182129
2026-07-22T08:02:32.828182+00:00,s010:instance_012:r05:o2:no_cut,1648223,0.001789,1,0.005496978759765625,0.0,4.0,12.732284545898438,0.2428741455078125,820.1774940490723
2026-07-22T08:02:33.837787+00:00,s010:instance_012:r06:o1:no_cut,1648491,0.001746,1,0.004886627197265625,0.0,4.0,12.734027862548828,0.2428741455078125,820.1768569946289
2026-07-22T08:02:34.789885+00:00,s010:instance_012:r06:o2:live,1648751,0.001524,1,0.00466156005859375,0.0,4.0,12.727977752685547,0.2428741455078125,820.1762161254883
2026-07-22T08:02:35.793183+00:00,s010:instance_012:r07:o1:live,1648998,0.001511,1,0.004703521728515625,0.0,4.0,12.729145050048828,0.2428741455078125,820.1755714416504
2026-07-22T08:02:36.788364+00:00,s010:instance_012:r07:o2:no_cut,1649261,0.00145,1,0.00464630126953125,0.0,4.0,12.733173370361328,0.2428741455078125,820.1749267578125
2026-07-22T08:02:37.787047+00:00,s010:instance_012:r08:o1:no_cut,1649517,0.001688,1,0.0048370361328125,0.0,4.0,12.731914520263672,0.2428741455078125,820.1742897033691
2026-07-22T08:02:38.792140+00:00,s010:instance_012:r08:o2:live,1649777,0.001521,1,0.004772186279296875,0.0,4.0,12.734508514404297,0.2428741455078125,820.1736488342285
2026-07-22T08:02:39.741360+00:00,s010:instance_012:r09:o1:live,1650022,0.001457,1,0.004573822021484375,0.0,4.0,12.725639343261719,0.2428741455078125,820.1730041503906
2026-07-22T08:02:40.732753+00:00,s010:instance_012:r09:o2:no_cut,1650285,0.0016,1,0.004467010498046875,0.0,4.0,12.725196838378906,0.2428741455078125,820.17236328125
2026-07-22T08:02:41.678013+00:00,s010:instance_012:r10:o1:no_cut,1650532,0.00146,1,0.004520416259765625,0.0,4.0,12.729625701904297,0.2428741455078125,820.1717262268066
2026-07-22T08:02:46.256657+00:00,s010:instance_012:r10:o2:live,1650795,0.001422,1,0.0044097900390625,0.0,4.0,12.727432250976562,0.2428741455078125,820.1710891723633
2026-07-22T08:02:47.217650+00:00,s010:instance_013:r01:o1:no_cut,1651044,0.001844,1,0.005702972412109375,0.0,4.0,12.726783752441406,0.2428741455078125,820.1704406738281
2026-07-22T08:02:48.464976+00:00,s010:instance_013:r01:o2:live,1651376,0.001487,1,0.004547119140625,0.0,4.0,12.734798431396484,0.2428741455078125,820.1697540283203
2026-07-22T08:02:49.766205+00:00,s010:instance_013:r02:o1:live,1651705,0.001411,1,0.00437164306640625,0.0,4.0,12.729400634765625,0.2428741455078125,820.169075012207
2026-07-22T08:02:51.065105+00:00,s010:instance_013:r02:o2:no_cut,1652039,0.001689,1,0.0051422119140625,0.0,4.0,12.73959732055664,0.2428741455078125,820.1683921813965
2026-07-22T08:02:52.359644+00:00,s010:instance_013:r03:o1:no_cut,1652366,0.00139,1,0.004131317138671875,0.0,4.0,12.730239868164062,0.2428741455078125,820.1677131652832
2026-07-22T08:02:53.685484+00:00,s010:instance_013:r03:o2:live,1652705,0.001952,1,0.00548553466796875,0.0,4.0,12.729328155517578,0.2428741455078125,820.1670379638672
2026-07-22T08:02:54.986003+00:00,s010:instance_013:r04:o1:live,1653037,0.001597,1,0.004627227783203125,0.0,4.0,12.731765747070312,0.2428741455078125,820.1663589477539
2026-07-22T08:02:56.278903+00:00,s010:instance_013:r04:o2:no_cut,1653364,0.001374,1,0.004642486572265625,0.0,4.0,12.731704711914062,0.2428741455078125,820.1656799316406
2026-07-22T08:02:57.577891+00:00,s010:instance_013:r05:o1:no_cut,1653706,0.001792,1,0.005229949951171875,0.0,4.0,12.728275299072266,0.2428741455078125,820.1650009155273
2026-07-22T08:02:58.873253+00:00,s010:instance_013:r05:o2:live,1654069,0.001928,1,0.006000518798828125,0.0,4.0,12.734272003173828,0.2428741455078125,820.1643257141113
2026-07-22T08:03:00.173768+00:00,s010:instance_013:r06:o1:live,1654399,0.001425,1,0.004364013671875,0.0,4.0,12.731327056884766,0.2428741455078125,820.1636428833008
2026-07-22T08:03:01.487978+00:00,s010:instance_013:r06:o2:no_cut,1654722,0.001423,1,0.00444793701171875,0.0,4.0,12.729877471923828,0.2428741455078125,820.1629638671875
2026-07-22T08:03:02.788035+00:00,s010:instance_013:r07:o1:no_cut,1655033,0.001537,1,0.0046539306640625,0.0,4.0,12.724929809570312,0.2428741455078125,820.1622772216797
2026-07-22T08:03:04.084817+00:00,s010:instance_013:r07:o2:live,1655365,0.001624,1,0.004917144775390625,0.0,4.0,12.728691101074219,0.2428741455078125,820.1616020202637
2026-07-22T08:03:05.388810+00:00,s010:instance_013:r08:o1:live,1655699,0.001731,1,0.00528717041015625,0.0,4.0,12.728260040283203,0.2428741455078125,820.1609191894531
2026-07-22T08:03:06.689881+00:00,s010:instance_013:r08:o2:no_cut,1656036,0.001526,1,0.004627227783203125,0.0,4.0,12.731090545654297,0.2428741455078125,820.1602401733398
2026-07-22T08:03:07.990152+00:00,s010:instance_013:r09:o1:no_cut,1656371,0.001328,1,0.00441741943359375,0.0,4.0,12.732059478759766,0.2428741455078125,820.1595611572266
2026-07-22T08:03:09.290619+00:00,s010:instance_013:r09:o2:live,1656717,0.001802,1,0.00482177734375,0.0,4.0,12.733741760253906,0.2428741455078125,820.1588897705078
2026-07-22T08:03:10.592775+00:00,s010:instance_013:r10:o1:live,1657047,0.001647,1,0.00450897216796875,0.0,4.0,12.72915267944336,0.2428741455078125,820.1582069396973
2026-07-22T08:03:11.837567+00:00,s010:instance_013:r10:o2:no_cut,1657379,0.001727,1,0.00485992431640625,0.0,4.0,12.727035522460938,0.2428741455078125,820.157527923584
2026-07-22T08:03:13.179690+00:00,s010:instance_014:r01:o1:live,1657722,0.001484,1,0.004657745361328125,0.0,4.0,12.725051879882812,0.2428741455078125,820.1568412780762
2026-07-22T08:03:14.226958+00:00,s010:instance_014:r01:o2:no_cut,1658007,0.001576,1,0.0042572021484375,0.0,4.0,12.731098175048828,0.2428741455078125,820.1562042236328
2026-07-22T08:03:15.274512+00:00,s010:instance_014:r02:o1:no_cut,1658286,0.001378,1,0.0045166015625,0.0,4.0,12.72662353515625,0.2428741455078125,820.1554832458496
2026-07-22T08:03:16.320624+00:00,s010:instance_014:r02:o2:live,1658567,0.001599,1,0.004726409912109375,0.0,4.0,12.730857849121094,0.2428741455078125,820.1547698974609
2026-07-22T08:03:17.372279+00:00,s010:instance_014:r03:o1:live,1658840,0.00146,1,0.00429534912109375,0.0,4.0,12.728450775146484,0.2428741455078125,820.1541290283203
2026-07-22T08:03:18.434846+00:00,s010:instance_014:r03:o2:no_cut,1659121,0.001341,1,0.004573822021484375,0.0,4.0,12.723114013671875,0.2428741455078125,820.1534957885742
2026-07-22T08:03:23.115222+00:00,s010:instance_014:r04:o1:no_cut,1659396,0.001632,1,0.0047454833984375,0.0,4.0,12.731346130371094,0.2428741455078125,820.1527786254883
2026-07-22T08:03:24.167528+00:00,s010:instance_014:r04:o2:live,1659679,0.001458,1,0.004486083984375,0.0,4.0,12.725177764892578,0.2428741455078125,820.1520652770996
2026-07-22T08:03:25.221839+00:00,s010:instance_014:r05:o1:live,1659955,0.001748,1,0.00525665283203125,0.0,4.0,12.730148315429688,0.2428741455078125,820.151424407959
2026-07-22T08:03:26.282448+00:00,s010:instance_014:r05:o2:no_cut,1660233,0.001353,1,0.0043487548828125,0.0,4.0,12.723884582519531,0.2428741455078125,820.1507911682129
2026-07-22T08:03:27.331560+00:00,s010:instance_014:r06:o1:no_cut,1660508,0.001404,1,0.00443267822265625,0.0,4.0,12.726860046386719,0.2428741455078125,820.150074005127
2026-07-22T08:03:28.381612+00:00,s010:instance_014:r06:o2:live,1660800,0.001464,1,0.004604339599609375,0.0,4.0,12.72418212890625,0.2428741455078125,820.1493492126465
2026-07-22T08:03:29.443398+00:00,s010:instance_014:r07:o1:live,1661099,0.001437,1,0.0045166015625,0.0,4.0,12.720298767089844,0.2428741455078125,820.1487083435059
2026-07-22T08:03:30.537518+00:00,s010:instance_014:r07:o2:no_cut,1661387,0.001551,1,0.004665374755859375,0.0,4.0,12.732433319091797,0.2428741455078125,820.1480712890625
2026-07-22T08:03:31.635617+00:00,s010:instance_014:r08:o1:no_cut,1661670,0.001384,1,0.004608154296875,0.0,4.0,12.726982116699219,0.2428741455078125,820.1473541259766
2026-07-22T08:03:32.691101+00:00,s010:instance_014:r08:o2:live,1661947,0.001369,1,0.004421234130859375,0.0,4.0,12.720687866210938,0.2428741455078125,820.1466369628906
2026-07-22T08:03:33.733786+00:00,s010:instance_014:r09:o1:live,1662212,0.001535,1,0.004787445068359375,0.0,4.0,12.721996307373047,0.2428741455078125,820.1459999084473
2026-07-22T08:03:34.786230+00:00,s010:instance_014:r09:o2:no_cut,1662488,0.001413,1,0.004512786865234375,0.0,4.0,12.721332550048828,0.2428741455078125,820.1453628540039
2026-07-22T08:03:35.833987+00:00,s010:instance_014:r10:o1:no_cut,1662756,0.0017,1,0.00482177734375,0.0,4.0,12.723747253417969,0.2428741455078125,820.144645690918
2026-07-22T08:03:36.886173+00:00,s010:instance_014:r10:o2:live,1663031,0.003018,1,0.00641632080078125,0.0,4.0,12.730239868164062,0.2428741455078125,820.1439323425293
2026-07-22T08:03:37.933848+00:00,s010:instance_015:r01:o1:no_cut,1663306,0.001461,1,0.004528045654296875,0.0,4.0,12.725898742675781,0.2428741455078125,820.1432838439941
2026-07-22T08:03:39.031509+00:00,s010:instance_015:r01:o2:live,1663607,0.001449,1,0.004528045654296875,0.0,4.0,12.719623565673828,0.2428741455078125,820.1425971984863
2026-07-22T08:03:40.134790+00:00,s010:instance_015:r02:o1:live,1663880,0.001648,1,0.004608154296875,0.0,4.0,12.719085693359375,0.2428741455078125,820.1418991088867
2026-07-22T08:03:41.285852+00:00,s010:instance_015:r02:o2:no_cut,1664160,0.001555,1,0.004756927490234375,0.0,4.0,12.720760345458984,0.2428741455078125,820.1412048339844
2026-07-22T08:03:42.444381+00:00,s010:instance_015:r03:o1:no_cut,1664457,0.002655,1,0.006481170654296875,0.0,4.0,12.720073699951172,0.2428741455078125,820.1405143737793
2026-07-22T08:03:43.547764+00:00,s010:instance_015:r03:o2:live,1664741,0.00167,1,0.004962921142578125,0.0,4.0,12.720752716064453,0.2428741455078125,820.1398277282715
2026-07-22T08:03:44.669413+00:00,s010:instance_015:r04:o1:live,1665033,0.001506,1,0.004779815673828125,0.0,4.0,12.72235107421875,0.2428741455078125,820.1391334533691
2026-07-22T08:03:45.777106+00:00,s010:instance_015:r04:o2:no_cut,1665320,0.00156,1,0.004638671875,0.0,4.0,12.712833404541016,0.2428741455078125,820.1384429931641
2026-07-22T08:03:46.929427+00:00,s010:instance_015:r05:o1:no_cut,1665613,0.002386,1,0.005390167236328125,0.0,4.0,12.71649169921875,0.2428741455078125,820.1377563476562
2026-07-22T08:03:48.073764+00:00,s010:instance_015:r05:o2:live,1665907,0.00152,1,0.00461578369140625,0.0,4.0,12.720027923583984,0.2428741455078125,820.1370697021484
2026-07-22T08:03:49.184323+00:00,s010:instance_015:r06:o1:live,1666182,0.002005,1,0.0059661865234375,0.0,4.0,12.713874816894531,0.2428741455078125,820.1363754272461
2026-07-22T08:03:50.284056+00:00,s010:instance_015:r06:o2:no_cut,1666474,0.001421,1,0.00438690185546875,0.0,4.0,12.719558715820312,0.2428741455078125,820.1356887817383
2026-07-22T08:03:51.386527+00:00,s010:instance_015:r07:o1:no_cut,1666764,0.001346,1,0.004390716552734375,0.0,4.0,12.714214324951172,0.2428741455078125,820.1349945068359
2026-07-22T08:03:52.483668+00:00,s010:instance_015:r07:o2:live,1667068,0.001458,1,0.0045623779296875,0.0,4.0,12.709426879882812,0.2428741455078125,820.1343002319336
2026-07-22T08:03:53.588315+00:00,s010:instance_015:r08:o1:live,1667354,0.001879,1,0.004436492919921875,0.0,4.0,12.717948913574219,0.2428741455078125,820.1336059570312
2026-07-22T08:03:58.299832+00:00,s010:instance_015:r08:o2:no_cut,1667644,0.001394,1,0.00447845458984375,0.0,4.0,12.707447052001953,0.2428741455078125,820.1329193115234
2026-07-22T08:03:59.404065+00:00,s010:instance_015:r09:o1:no_cut,1667928,0.001393,1,0.00457000732421875,0.0,4.0,12.7083740234375,0.2428741455078125,820.1322288513184
2026-07-22T08:04:00.504012+00:00,s010:instance_015:r09:o2:live,1668215,0.001439,1,0.0046844482421875,0.0,4.0,12.712196350097656,0.2428741455078125,820.1315422058105
2026-07-22T08:04:01.601461+00:00,s010:instance_015:r10:o1:live,1668494,0.001634,1,0.005046844482421875,0.0,4.0,12.71319580078125,0.2428741455078125,820.1308479309082
2026-07-22T08:04:02.698822+00:00,s010:instance_015:r10:o2:no_cut,1668775,0.001392,1,0.004486083984375,0.0,4.0,12.708213806152344,0.2428741455078125,820.1301612854004
2026-07-22T08:04:03.796219+00:00,s010:instance_016:r01:o1:live,1669049,0.001929,1,0.00522613525390625,0.0,4.0,12.708072662353516,0.2428741455078125,820.129467010498
2026-07-22T08:04:04.793618+00:00,s010:instance_016:r01:o2:no_cut,1669312,0.001742,1,0.005290985107421875,0.0,4.0,12.714157104492188,0.2428741455078125,820.1287612915039
2026-07-22T08:04:05.743787+00:00,s010:instance_016:r02:o1:no_cut,1669557,0.001543,1,0.004398345947265625,0.0,4.0,12.716327667236328,0.2428741455078125,820.1280517578125
2026-07-22T08:04:06.740452+00:00,s010:instance_016:r02:o2:live,1669827,0.00156,1,0.004802703857421875,0.0,4.0,12.713420867919922,0.2428741455078125,820.1273498535156
2026-07-22T08:04:07.747696+00:00,s010:instance_016:r03:o1:live,1670089,0.00141,1,0.004405975341796875,0.0,4.0,12.714408874511719,0.2428741455078125,820.1266403198242
2026-07-22T08:04:08.699362+00:00,s010:instance_016:r03:o2:no_cut,1670337,0.00142,1,0.004520416259765625,0.0,4.0,12.714733123779297,0.2428741455078125,820.1259346008301
2026-07-22T08:04:09.702413+00:00,s010:instance_016:r04:o1:no_cut,1670598,0.001395,1,0.0045166015625,0.0,4.0,12.715877532958984,0.2428741455078125,820.1252288818359
2026-07-22T08:04:10.703162+00:00,s010:instance_016:r04:o2:live,1670855,0.001562,1,0.004848480224609375,0.0,4.0,12.706932067871094,0.2428741455078125,820.1245307922363
2026-07-22T08:04:11.660516+00:00,s010:instance_016:r05:o1:live,1671109,0.001599,1,0.004856109619140625,0.0,4.0,12.712593078613281,0.2428741455078125,820.1238212585449
2026-07-22T08:04:12.666616+00:00,s010:instance_016:r05:o2:no_cut,1671374,0.001449,1,0.00461578369140625,0.0,4.0,12.712539672851562,0.2428741455078125,820.1231117248535
2026-07-22T08:04:13.666619+00:00,s010:instance_016:r06:o1:no_cut,1671627,0.001439,1,0.004383087158203125,0.0,4.0,12.714256286621094,0.2428741455078125,820.1224060058594
2026-07-22T08:04:14.624124+00:00,s010:instance_016:r06:o2:live,1671868,0.001356,1,0.00438690185546875,0.0,4.0,12.708869934082031,0.2428741455078125,820.1217079162598
2026-07-22T08:04:15.572131+00:00,s010:instance_016:r07:o1:live,1672118,0.001444,1,0.00449371337890625,0.0,4.0,12.711666107177734,0.2428741455078125,820.1209945678711
2026-07-22T08:04:16.565648+00:00,s010:instance_016:r07:o2:no_cut,1672381,0.00148,1,0.00455474853515625,0.0,4.0,12.713546752929688,0.2428741455078125,820.1202850341797
2026-07-22T08:04:17.566741+00:00,s010:instance_016:r08:o1:no_cut,1672672,0.001372,1,0.0043487548828125,0.0,4.0,12.708175659179688,0.2428741455078125,820.1195755004883
2026-07-22T08:04:18.566137+00:00,s010:instance_016:r08:o2:live,1672928,0.001353,1,0.00439453125,0.0,4.0,12.70846176147461,0.2428741455078125,820.1188735961914
2026-07-22T08:04:19.562417+00:00,s010:instance_016:r09:o1:live,1673172,0.002069,1,0.00598907470703125,0.0,4.0,12.711170196533203,0.2428741455078125,820.1181640625
2026-07-22T08:04:20.562107+00:00,s010:instance_016:r09:o2:no_cut,1673419,0.001416,1,0.004520416259765625,0.0,4.0,12.712322235107422,0.2428741455078125,820.1174545288086
2026-07-22T08:04:21.513861+00:00,s010:instance_016:r10:o1:no_cut,1673669,0.001727,1,0.005184173583984375,0.0,4.0,12.710262298583984,0.2428741455078125,820.1167526245117
2026-07-22T08:04:22.458790+00:00,s010:instance_016:r10:o2:live,1673919,0.001392,1,0.004482269287109375,0.0,4.0,12.705726623535156,0.2428741455078125,820.1160507202148
2026-07-22T08:04:23.420079+00:00,s010:instance_017:r01:o1:no_cut,1674167,0.001441,1,0.004596710205078125,0.0,4.0,12.711009979248047,0.2428741455078125,820.1153373718262
2026-07-22T08:04:24.374044+00:00,s010:instance_017:r01:o2:live,1674414,0.001434,1,0.004505157470703125,0.0,4.0,12.704963684082031,0.2428741455078125,820.1147918701172
2026-07-22T08:04:25.271598+00:00,s010:instance_017:r02:o1:live,1674655,0.001344,1,0.004405975341796875,0.0,4.0,12.707317352294922,0.2428741455078125,820.1142387390137
2026-07-22T08:04:26.218155+00:00,s010:instance_017:r02:o2:no_cut,1674908,0.001407,1,0.00461578369140625,0.0,4.0,12.708843231201172,0.2428741455078125,820.1136894226074
2026-07-22T08:04:27.117049+00:00,s010:instance_017:r03:o1:no_cut,1675151,0.001593,1,0.004791259765625,0.0,4.0,12.708091735839844,0.2428741455078125,820.1131401062012
2026-07-22T08:04:28.012078+00:00,s010:instance_017:r03:o2:live,1675388,0.001385,1,0.004566192626953125,0.0,4.0,12.708065032958984,0.2428741455078125,820.1125946044922
2026-07-22T08:04:28.958594+00:00,s010:instance_017:r04:o1:live,1675629,0.001374,1,0.004428863525390625,0.0,4.0,12.708911895751953,0.2428741455078125,820.1120452880859
2026-07-22T08:04:29.907236+00:00,s010:instance_017:r04:o2:no_cut,1675876,0.001548,1,0.004825592041015625,0.0,4.0,12.70770263671875,0.2428741455078125,820.1114959716797
2026-07-22T08:04:34.404114+00:00,s010:instance_017:r05:o1:no_cut,1676109,0.001623,1,0.004665374755859375,0.0,4.0,12.70871353149414,0.2428741455078125,820.1109466552734
2026-07-22T08:04:35.350640+00:00,s010:instance_017:r05:o2:live,1676378,0.001796,1,0.00496673583984375,0.0,4.0,12.710750579833984,0.2428741455078125,820.1103935241699
2026-07-22T08:04:36.251452+00:00,s010:instance_017:r06:o1:live,1676612,0.001657,1,0.004344940185546875,0.0,4.0,12.711830139160156,0.2428741455078125,820.1098442077637
2026-07-22T08:04:37.145754+00:00,s010:instance_017:r06:o2:no_cut,1676846,0.001505,1,0.00472259521484375,0.0,4.0,12.702995300292969,0.2428741455078125,820.1092948913574
2026-07-22T08:04:38.043198+00:00,s010:instance_017:r07:o1:no_cut,1677077,0.001368,1,0.00431060791015625,0.0,4.0,12.70294189453125,0.2428741455078125,820.1087417602539
2026-07-22T08:04:38.939392+00:00,s010:instance_017:r07:o2:live,1677308,0.001468,1,0.004459381103515625,0.0,4.0,12.709991455078125,0.2428741455078125,820.1081962585449
2026-07-22T08:04:39.839472+00:00,s010:instance_017:r08:o1:live,1677547,0.00145,1,0.00457000732421875,0.0,4.0,12.707027435302734,0.2428741455078125,820.1076431274414
2026-07-22T08:04:40.796909+00:00,s010:instance_017:r08:o2:no_cut,1677795,0.001891,1,0.0048370361328125,0.0,4.0,12.71218490600586,0.2428741455078125,820.1070938110352
2026-07-22T08:04:41.752077+00:00,s010:instance_017:r09:o1:no_cut,1678047,0.00159,1,0.004840850830078125,0.0,4.0,12.704818725585938,0.2428741455078125,820.1065444946289
2026-07-22T08:04:42.651162+00:00,s010:instance_017:r09:o2:live,1678291,0.001426,1,0.004367828369140625,0.0,4.0,12.709304809570312,0.2428741455078125,820.1060028076172
2026-07-22T08:04:43.552195+00:00,s010:instance_017:r10:o1:live,1678526,0.00161,1,0.004932403564453125,0.0,4.0,12.701335906982422,0.2428741455078125,820.1054496765137
2026-07-22T08:04:44.448755+00:00,s010:instance_017:r10:o2:no_cut,1678767,0.001529,1,0.00478363037109375,0.0,4.0,12.706241607666016,0.2428741455078125,820.1049003601074
2026-07-22T08:04:45.343070+00:00,s010:instance_018:r01:o1:live,1679015,0.00171,1,0.004795074462890625,0.0,4.0,12.707267761230469,0.2428741455078125,820.1043434143066
2026-07-22T08:04:46.354699+00:00,s010:instance_018:r01:o2:no_cut,1679276,0.001489,1,0.00445556640625,0.0,4.0,12.707313537597656,0.2428741455078125,820.1038017272949
2026-07-22T08:04:47.350990+00:00,s010:instance_018:r02:o1:no_cut,1679538,0.001701,1,0.004840850830078125,0.0,4.0,12.710163116455078,0.2428741455078125,820.1032524108887
2026-07-22T08:04:48.417360+00:00,s010:instance_018:r02:o2:live,1679815,0.001325,1,0.004314422607421875,0.0,4.0,12.717994689941406,0.2428741455078125,820.102710723877
2026-07-22T08:04:49.415130+00:00,s010:instance_018:r03:o1:live,1680079,0.001415,1,0.00449371337890625,0.0,4.0,12.711250305175781,0.2428741455078125,820.1021614074707
2026-07-22T08:04:50.412452+00:00,s010:instance_018:r03:o2:no_cut,1680340,0.001697,1,0.004772186279296875,0.0,4.0,12.708572387695312,0.2428741455078125,820.101619720459
2026-07-22T08:04:51.415894+00:00,s010:instance_018:r04:o1:no_cut,1680599,0.002314,1,0.005931854248046875,0.0,4.0,12.708404541015625,0.2428741455078125,820.10107421875
2026-07-22T08:04:52.420845+00:00,s010:instance_018:r04:o2:live,1680855,0.002382,1,0.00521087646484375,0.0,4.0,12.710926055908203,0.2428741455078125,820.1005325317383
2026-07-22T08:04:53.471585+00:00,s010:instance_018:r05:o1:live,1681110,0.002061,1,0.0060577392578125,0.0,4.0,12.709365844726562,0.2428741455078125,820.0999755859375
2026-07-22T08:04:54.468981+00:00,s010:instance_018:r05:o2:no_cut,1681376,0.001429,1,0.0045318603515625,0.0,4.0,12.709373474121094,0.2428741455078125,820.0994338989258
2026-07-22T08:04:55.467870+00:00,s010:instance_018:r06:o1:no_cut,1681640,0.001495,1,0.004581451416015625,0.0,4.0,12.708976745605469,0.2428741455078125,820.0988883972168
2026-07-22T08:04:56.521098+00:00,s010:instance_018:r06:o2:live,1681877,0.001326,1,0.004451751708984375,0.0,4.0,12.712787628173828,0.2428741455078125,820.0983428955078
2026-07-22T08:04:57.573491+00:00,s010:instance_018:r07:o1:live,1682129,0.00147,1,0.004566192626953125,0.0,4.0,12.710308074951172,0.2428741455078125,820.097785949707
2026-07-22T08:04:58.621327+00:00,s010:instance_018:r07:o2:no_cut,1682371,0.001414,1,0.004375457763671875,0.0,4.0,12.709434509277344,0.2428741455078125,820.0972442626953
2026-07-22T08:04:59.675376+00:00,s010:instance_018:r08:o1:no_cut,1682637,0.00147,1,0.004482269287109375,0.0,4.0,12.704265594482422,0.2428741455078125,820.0966987609863
2026-07-22T08:05:00.677100+00:00,s010:instance_018:r08:o2:live,1682875,0.001626,1,0.004405975341796875,0.0,4.0,12.709442138671875,0.2428741455078125,820.0961570739746
2026-07-22T08:05:01.680494+00:00,s010:instance_018:r09:o1:live,1683128,0.00165,1,0.0049591064453125,0.0,4.0,12.705657958984375,0.2428741455078125,820.0956115722656
2026-07-22T08:05:02.690501+00:00,s010:instance_018:r09:o2:no_cut,1683369,0.001533,1,0.00443267822265625,0.0,4.0,12.703903198242188,0.2428741455078125,820.0950622558594
2026-07-22T08:05:03.691803+00:00,s010:instance_018:r10:o1:no_cut,1683620,0.001556,1,0.00453948974609375,0.0,4.0,12.705280303955078,0.2428741455078125,820.0945167541504
2026-07-22T08:05:04.741924+00:00,s010:instance_018:r10:o2:live,1683883,0.001628,1,0.00501251220703125,0.0,4.0,12.705928802490234,0.2428741455078125,820.0939750671387
2026-07-22T08:05:05.756164+00:00,s010:instance_019:r01:o1:no_cut,1684135,0.001582,1,0.004573822021484375,0.0,4.0,12.709190368652344,0.2428741455078125,820.0934257507324
2026-07-22T08:05:10.472395+00:00,s010:instance_019:r01:o2:live,1684426,0.002851,1,0.006633758544921875,0.0,4.0,12.709175109863281,0.2428741455078125,820.0923385620117
2026-07-22T08:05:11.421985+00:00,s010:instance_019:r02:o1:live,1684654,0.001739,1,0.0049896240234375,0.0,4.0,12.708480834960938,0.2428741455078125,820.0916976928711
2026-07-22T08:05:12.367162+00:00,s010:instance_019:r02:o2:no_cut,1684910,0.001745,1,0.00455474853515625,0.0,4.0,12.704185485839844,0.2428741455078125,820.0910530090332
2026-07-22T08:05:13.472244+00:00,s010:instance_019:r03:o1:no_cut,1685178,0.001374,1,0.0043792724609375,0.0,4.0,12.705623626708984,0.2428741455078125,820.0899696350098
2026-07-22T08:05:14.627077+00:00,s010:instance_019:r03:o2:live,1685460,0.001333,1,0.004383087158203125,0.0,4.0,12.70266342163086,0.2428741455078125,820.0888862609863
2026-07-22T08:05:15.548805+00:00,s010:instance_019:r04:o1:live,1685691,0.001365,1,0.00453948974609375,0.0,4.0,12.706405639648438,0.2428741455078125,820.0882453918457
2026-07-22T08:05:16.466821+00:00,s010:instance_019:r04:o2:no_cut,1685923,0.001356,1,0.004413604736328125,0.0,4.0,12.704044342041016,0.2428741455078125,820.0876083374023
2026-07-22T08:05:17.623685+00:00,s010:instance_019:r05:o1:no_cut,1686219,0.001998,1,0.005802154541015625,0.0,4.0,12.711082458496094,0.2428741455078125,820.0865249633789
2026-07-22T08:05:18.730225+00:00,s010:instance_019:r05:o2:live,1686506,0.001337,1,0.0044097900390625,0.0,4.0,12.704483032226562,0.2428741455078125,820.0854415893555
2026-07-22T08:05:19.688759+00:00,s010:instance_019:r06:o1:live,1686752,0.002,1,0.005344390869140625,0.0,4.0,12.706050872802734,0.2428741455078125,820.0848007202148
2026-07-22T08:05:20.642094+00:00,s010:instance_019:r06:o2:no_cut,1686991,0.001367,1,0.0043487548828125,0.0,4.0,12.704090118408203,0.2428741455078125,820.0841598510742
2026-07-22T08:05:21.805292+00:00,s010:instance_019:r07:o1:no_cut,1687285,0.001419,1,0.0045318603515625,0.0,4.0,12.708850860595703,0.2428741455078125,820.0830764770508
2026-07-22T08:05:22.908269+00:00,s010:instance_019:r07:o2:live,1687572,0.00147,1,0.004596710205078125,0.0,4.0,12.701629638671875,0.2428741455078125,820.0819892883301
2026-07-22T08:05:23.853617+00:00,s010:instance_019:r08:o1:live,1687822,0.001362,1,0.00435638427734375,0.0,4.0,12.710308074951172,0.2428741455078125,820.0813484191895
2026-07-22T08:05:24.809072+00:00,s010:instance_019:r08:o2:no_cut,1688055,0.001611,1,0.00496673583984375,0.0,4.0,12.705196380615234,0.2428741455078125,820.0807113647461
2026-07-22T08:05:25.962347+00:00,s010:instance_019:r09:o1:no_cut,1688341,0.0015,1,0.00438690185546875,0.0,4.0,12.710380554199219,0.2428741455078125,820.0796241760254
2026-07-22T08:05:27.123678+00:00,s010:instance_019:r09:o2:live,1688620,0.001482,1,0.004512786865234375,0.0,4.0,12.707897186279297,0.2428741455078125,820.078540802002
2026-07-22T08:05:28.078550+00:00,s010:instance_019:r10:o1:live,1688852,0.00141,1,0.0044708251953125,0.0,4.0,12.707477569580078,0.2428741455078125,820.0778999328613
2026-07-22T08:05:29.034081+00:00,s010:instance_019:r10:o2:no_cut,1689082,0.00143,1,0.004520416259765625,0.0,4.0,12.71164321899414,0.2428741455078125,820.0772666931152
2026-07-22T08:05:30.187937+00:00,s010:instance_020:r01:o1:live,1689395,0.001614,1,0.0048370361328125,0.0,4.0,12.713748931884766,0.2428741455078125,820.076171875
2026-07-22T08:05:31.142774+00:00,s010:instance_020:r01:o2:no_cut,1689627,0.001426,1,0.00460052490234375,0.0,4.0,12.708282470703125,0.2428741455078125,820.0755348205566
2026-07-22T08:05:32.153357+00:00,s010:instance_020:r02:o1:no_cut,1689869,0.001584,1,0.004825592041015625,0.0,4.0,12.71173095703125,0.2428741455078125,820.0747108459473
2026-07-22T08:05:33.162629+00:00,s010:instance_020:r02:o2:live,1690101,0.001655,1,0.0047760009765625,0.0,4.0,12.70806884765625,0.2428741455078125,820.0738945007324
2026-07-22T08:05:34.113834+00:00,s010:instance_020:r03:o1:live,1690329,0.001389,1,0.004581451416015625,0.0,4.0,12.705646514892578,0.2428741455078125,820.0732536315918
2026-07-22T08:05:35.029487+00:00,s010:instance_020:r03:o2:no_cut,1690574,0.001602,1,0.0047607421875,0.0,4.0,12.702644348144531,0.2428741455078125,820.0726203918457
2026-07-22T08:05:36.036823+00:00,s010:instance_020:r04:o1:no_cut,1690826,0.001555,1,0.004390716552734375,0.0,4.0,12.70562744140625,0.2428741455078125,820.0718002319336
2026-07-22T08:05:37.042058+00:00,s010:instance_020:r04:o2:live,1691079,0.001511,1,0.00463104248046875,0.0,4.0,12.702068328857422,0.2428741455078125,820.070987701416
2026-07-22T08:05:37.997756+00:00,s010:instance_020:r05:o1:live,1691309,0.001374,1,0.004608154296875,0.0,4.0,12.70560073852539,0.2428741455078125,820.0703506469727
2026-07-22T08:05:38.945298+00:00,s010:instance_020:r05:o2:no_cut,1691542,0.001663,1,0.004970550537109375,0.0,4.0,12.705657958984375,0.2428741455078125,820.0697174072266
2026-07-22T08:05:39.948280+00:00,s010:instance_020:r06:o1:no_cut,1691798,0.001502,1,0.004734039306640625,0.0,4.0,12.705467224121094,0.2428741455078125,820.0688972473145
2026-07-22T08:05:40.952354+00:00,s010:instance_020:r06:o2:live,1692049,0.001387,1,0.004482269287109375,0.0,4.0,12.706829071044922,0.2428741455078125,820.0680809020996
2026-07-22T08:05:41.906474+00:00,s010:instance_020:r07:o1:live,1692299,0.001406,1,0.004543304443359375,0.0,4.0,12.699432373046875,0.2428741455078125,820.0674438476562
2026-07-22T08:05:42.860876+00:00,s010:instance_020:r07:o2:no_cut,1692544,0.00139,1,0.004413604736328125,0.0,4.0,12.706039428710938,0.2428741455078125,820.0668106079102
2026-07-22T08:05:47.476882+00:00,s010:instance_020:r08:o1:no_cut,1692799,0.001755,1,0.004993438720703125,0.0,4.0,12.701469421386719,0.2428741455078125,820.065990447998
2026-07-22T08:05:48.472499+00:00,s010:instance_020:r08:o2:live,1693061,0.001498,1,0.004642486572265625,0.0,4.0,12.702728271484375,0.2428741455078125,820.0651741027832
2026-07-22T08:05:49.394907+00:00,s010:instance_020:r09:o1:live,1693291,0.001387,1,0.00446319580078125,0.0,4.0,12.704986572265625,0.2428741455078125,820.0645370483398
2026-07-22T08:05:50.344840+00:00,s010:instance_020:r09:o2:no_cut,1693544,0.002007,1,0.0044403076171875,0.0,4.0,12.708942413330078,0.2428741455078125,820.0639038085938
2026-07-22T08:05:51.351908+00:00,s010:instance_020:r10:o1:no_cut,1693794,0.001396,1,0.004566192626953125,0.0,4.0,12.7052001953125,0.2428741455078125,820.0630874633789
2026-07-22T08:05:52.371394+00:00,s010:instance_020:r10:o2:live,1694054,0.001582,1,0.004512786865234375,0.0,4.0,12.708660125732422,0.2428741455078125,820.0622711181641
2026-07-22T08:05:53.322091+00:00,s020:instance_001:r01:o1:no_cut,1694288,0.001411,1,0.004505157470703125,0.0,8.0,12.709163665771484,0.2428741455078125,820.0616264343262
2026-07-22T08:06:00.077190+00:00,s020:instance_001:r01:o2:live,1695886,0.001451,1,0.004489898681640625,0.0,8.0,12.706039428710938,0.2428741455078125,820.0584106445312
2026-07-22T08:06:06.939711+00:00,s020:instance_001:r02:o1:live,1697448,0.001317,1,0.004398345947265625,0.0,8.0,12.708972930908203,0.2428741455078125,820.0551948547363
2026-07-22T08:06:13.856803+00:00,s020:instance_001:r02:o2:no_cut,1698998,0.00254,1,0.00585174560546875,0.0,8.0,12.700942993164062,0.2428741455078125,820.0519752502441
2026-07-22T08:06:24.382776+00:00,s020:instance_001:r03:o1:no_cut,1700510,0.001617,1,0.004817962646484375,0.0,8.0,12.705680847167969,0.2428741455078125,820.048755645752
2026-07-22T08:06:31.235779+00:00,s020:instance_001:r03:o2:live,1702050,0.001632,1,0.004856109619140625,0.0,8.0,12.702232360839844,0.2428741455078125,820.0455436706543
2026-07-22T08:06:38.040066+00:00,s020:instance_002:r01:o1:live,1703603,0.001392,1,0.0043487548828125,0.0,8.0,12.698627471923828,0.2428741455078125,820.0423278808594
2026-07-22T08:06:42.748002+00:00,s020:instance_002:r01:o2:no_cut,1704702,0.001438,1,0.004619598388671875,0.0,8.0,12.700340270996094,0.2428741455078125,820.0394859313965
2026-07-22T08:06:47.409232+00:00,s020:instance_002:r02:o1:no_cut,1705830,0.001497,1,0.004650115966796875,0.0,8.0,12.699665069580078,0.2428741455078125,820.0366401672363
2026-07-22T08:06:52.159438+00:00,s020:instance_002:r02:o2:live,1706907,0.00139,1,0.0045013427734375,0.0,8.0,12.702239990234375,0.2428741455078125,820.0337982177734
2026-07-22T08:07:00.642102+00:00,s020:instance_002:r03:o1:live,1708052,0.001538,1,0.004756927490234375,0.0,8.0,12.70086669921875,0.2428741455078125,820.0309600830078
2026-07-22T08:07:05.400860+00:00,s020:instance_002:r03:o2:no_cut,1709093,0.001555,1,0.0047760009765625,0.0,8.0,12.703948974609375,0.2428741455078125,820.0281105041504
2026-07-22T08:07:10.152879+00:00,s020:instance_003:r01:o1:no_cut,1710223,0.001565,1,0.004878997802734375,0.0,8.0,12.7020263671875,0.2428741455078125,820.0252685546875
2026-07-22T08:07:34.948768+00:00,s020:instance_003:r01:o2:live,1715105,0.001407,1,0.004322052001953125,0.0,8.0,12.701141357421875,0.2428741455078125,820.0218276977539
2026-07-22T08:07:57.788297+00:00,s020:instance_003:r02:o1:live,1720282,0.001502,1,0.004673004150390625,0.0,8.0,12.69594955444336,0.2428741455078125,820.0183334350586
2026-07-22T08:08:24.058032+00:00,s020:instance_003:r02:o2:no_cut,1725342,0.00135,1,0.0044708251953125,0.0,8.0,12.699600219726562,0.2428741455078125,820.0148429870605
2026-07-22T08:08:49.770271+00:00,s020:instance_003:r03:o1:no_cut,1730347,0.001428,1,0.004589080810546875,0.0,8.0,12.70330810546875,0.2428741455078125,820.0113945007324
2026-07-22T08:09:11.352365+00:00,s020:instance_003:r03:o2:live,1735227,0.00196,1,0.0050201416015625,0.0,8.0,12.69796371459961,0.2428741455078125,820.007942199707
2026-07-22T08:09:37.475367+00:00,s020:instance_004:r01:o1:live,1740440,0.001457,1,0.004558563232421875,0.0,8.0,12.703109741210938,0.2428741455078125,820.0044555664062
2026-07-22T08:09:50.593198+00:00,s020:instance_004:r01:o2:no_cut,1743477,0.001519,1,0.004486083984375,0.0,8.0,12.699539184570312,0.2428741455078125,820.0024147033691
2026-07-22T08:10:13.075279+00:00,s020:instance_004:r02:o1:no_cut,1747910,0.001617,1,0.004848480224609375,0.0,8.0,12.699005126953125,0.2428741455078125,820.0001678466797
2026-07-22T08:10:31.801623+00:00,s020:instance_004:r02:o2:live,1752377,0.00164,1,0.00496673583984375,0.0,8.0,12.696708679199219,0.2428741455078125,819.9979057312012
2026-07-22T08:10:48.427169+00:00,s020:instance_004:r03:o1:live,1755332,0.001411,1,0.004486083984375,0.0,8.0,12.702873229980469,0.2428741455078125,819.9958648681641
2026-07-22T08:11:01.342187+00:00,s020:instance_004:r03:o2:no_cut,1758422,0.001404,1,0.004520416259765625,0.0,8.0,12.705436706542969,0.2428741455078125,819.993824005127
2026-07-22T08:11:23.677078+00:00,s020:instance_005:r01:o1:no_cut,1762850,0.001345,1,0.0044097900390625,0.0,8.0,12.702011108398438,0.2428741455078125,819.9915733337402
2026-07-22T08:11:37.344634+00:00,s020:instance_005:r01:o2:live,1765896,0.001359,1,0.00440216064453125,0.0,8.0,12.705421447753906,0.2428741455078125,819.9889335632324
2026-07-22T08:11:54.622464+00:00,s020:instance_005:r02:o1:live,1768992,0.002524,1,0.00638580322265625,0.0,8.0,12.695556640625,0.2428741455078125,819.9862747192383
2026-07-22T08:12:08.236976+00:00,s020:instance_005:r02:o2:no_cut,1772023,0.001677,1,0.0049285888671875,0.0,8.0,12.696563720703125,0.2428741455078125,819.9836311340332
2026-07-22T08:12:25.573768+00:00,s020:instance_005:r03:o1:no_cut,1774903,0.001515,1,0.004734039306640625,0.0,8.0,12.70058822631836,0.2428741455078125,819.9809455871582
2026-07-22T08:12:39.336287+00:00,s020:instance_005:r03:o2:live,1777755,0.001411,1,0.00457000732421875,0.0,8.0,12.634552001953125,0.2428741455078125,819.9782447814941
2026-07-22T08:12:53.599868+00:00,s020:instance_006:r01:o1:live,1780499,0.001393,1,0.004375457763671875,0.0,8.0,12.625194549560547,0.2428741455078125,819.9755859375
2026-07-22T08:13:03.616546+00:00,s020:instance_006:r01:o2:no_cut,1781745,0.001401,1,0.004390716552734375,0.0,8.0,12.632938385009766,0.2428741455078125,819.9730644226074
2026-07-22T08:13:09.773585+00:00,s020:instance_006:r02:o1:no_cut,1782984,0.001373,1,0.004497528076171875,0.0,8.0,12.630718231201172,0.2428741455078125,819.9705581665039
2026-07-22T08:13:16.079592+00:00,s020:instance_006:r02:o2:live,1784215,0.001607,1,0.004619598388671875,0.0,8.0,12.633644104003906,0.2428741455078125,819.9680519104004
2026-07-22T08:13:22.436566+00:00,s020:instance_006:r03:o1:live,1785475,0.002396,1,0.004848480224609375,0.0,8.0,12.689388275146484,0.2428741455078125,819.9655456542969
2026-07-22T08:13:28.742113+00:00,s020:instance_006:r03:o2:no_cut,1786920,0.001386,1,0.004451751708984375,0.0,8.0,12.699928283691406,0.2428741455078125,819.9630393981934
2026-07-22T08:13:38.703952+00:00,s020:instance_007:r01:o1:no_cut,1788361,0.001823,1,0.005340576171875,0.0,8.0,12.75860595703125,0.2428741455078125,819.960521697998
2026-07-22T08:13:46.573160+00:00,s020:instance_007:r01:o2:live,1790096,0.001356,1,0.00437164306640625,0.0,8.0,12.75173568725586,0.2428741455078125,819.9571380615234
2026-07-22T08:13:54.531289+00:00,s020:instance_007:r02:o1:live,1791801,0.001452,1,0.004535675048828125,0.0,8.0,12.750465393066406,0.2428741455078125,819.9537467956543
2026-07-22T08:14:02.398040+00:00,s020:instance_007:r02:o2:no_cut,1793540,0.001497,1,0.004638671875,0.0,8.0,12.751567840576172,0.2428741455078125,819.9503631591797
2026-07-22T08:14:13.995174+00:00,s020:instance_007:r03:o1:no_cut,1795303,0.001519,1,0.004611968994140625,0.0,8.0,12.751701354980469,0.2428741455078125,819.9469757080078
2026-07-22T08:14:21.802929+00:00,s020:instance_007:r03:o2:live,1797117,0.001863,1,0.005443572998046875,0.0,8.0,12.760108947753906,0.2428741455078125,819.9435882568359
2026-07-22T08:14:29.672116+00:00,s020:instance_008:r01:o1:live,1798891,0.001802,1,0.00466156005859375,0.0,8.0,12.755233764648438,0.2428741455078125,819.9401931762695
2026-07-22T08:14:51.955438+00:00,s020:instance_008:r01:o2:no_cut,1802959,0.001543,1,0.00473785400390625,0.0,8.0,12.747051239013672,0.2428741455078125,819.9366035461426
2026-07-22T08:15:11.972734+00:00,s020:instance_008:r02:o1:no_cut,1807366,0.001584,1,0.004791259765625,0.0,8.0,12.760082244873047,0.2428741455078125,819.9374771118164
2026-07-22T08:15:33.852240+00:00,s020:instance_008:r02:o2:live,1811480,0.00147,1,0.004489898681640625,0.0,8.0,12.752132415771484,0.2428741455078125,819.9338531494141
2026-07-22T08:15:52.421322+00:00,s020:instance_008:r03:o1:live,1815560,0.001584,1,0.00433349609375,0.0,8.0,12.759456634521484,0.2428741455078125,819.9296913146973
2026-07-22T08:16:14.730456+00:00,s020:instance_008:r03:o2:no_cut,1819607,0.0017,1,0.005001068115234375,0.0,8.0,12.758655548095703,0.2428741455078125,819.9250450134277
2026-07-22T08:16:36.923548+00:00,s020:instance_009:r01:o1:no_cut,1823674,0.001745,1,0.0049285888671875,0.0,8.0,12.757694244384766,0.2428741455078125,819.920166015625
2026-07-22T08:16:54.846873+00:00,s020:instance_009:r01:o2:live,1827724,0.0023,1,0.005809783935546875,0.0,8.0,12.75748062133789,0.2428741455078125,819.9156455993652
2026-07-22T08:17:08.263795+00:00,s020:instance_009:r02:o1:live,1830769,0.00172,1,0.004467010498046875,0.0,8.0,12.758316040039062,0.2428741455078125,819.9124603271484
2026-07-22T08:17:25.268895+00:00,s020:instance_009:r02:o2:no_cut,1833807,0.001443,1,0.004398345947265625,0.0,8.0,12.753463745117188,0.2428741455078125,819.9092903137207
2026-07-22T08:17:42.843090+00:00,s020:instance_009:r03:o1:no_cut,1837786,0.001328,1,0.0043487548828125,0.0,8.0,12.761642456054688,0.2428741455078125,819.9057388305664
2026-07-22T08:18:04.340327+00:00,s020:instance_009:r03:o2:live,1841885,0.001442,1,0.004314422607421875,0.0,8.0,12.74514389038086,0.2428741455078125,819.9021682739258
2026-07-22T08:18:17.658115+00:00,s020:instance_010:r01:o1:live,1844979,0.001407,1,0.004634857177734375,0.0,8.0,12.747821807861328,0.2428741455078125,819.898998260498
2026-07-22T08:19:24.869676+00:00,s020:instance_010:r01:o1:live,1844979,60.002907,3,0.6089591979980469,0.0,8.0,12.18948745727539,0.2428741455078125,819.8959465026855
2026-07-22T08:21:50.748581+00:00,s020:instance_010:r01:o2:no_cut,1891190,0.001513,1,0.004642486572265625,0.0,8.0,12.753196716308594,0.2428741455078125,819.8947410583496
2026-07-22T08:22:57.955249+00:00,s020:instance_010:r01:o2:no_cut,1891190,60.003023,3,0.6719589233398438,0.0,8.0,12.121009826660156,0.2428741455078125,819.8917007446289
2026-07-22T08:23:19.832573+00:00,s020:instance_010:r02:o1:no_cut,1909140,0.00153,1,0.004772186279296875,0.0,8.0,12.75197982788086,0.2428741455078125,819.890796661377
2026-07-22T08:24:27.086831+00:00,s020:instance_010:r02:o1:no_cut,1909140,60.003031,3,0.6721878051757812,0.0,8.0,12.122169494628906,0.2428741455078125,819.887580871582
2026-07-22T08:24:45.649827+00:00,s020:instance_010:r02:o2:live,1927077,0.001676,1,0.0048370361328125,0.0,8.0,12.738784790039062,0.2428741455078125,819.8866729736328
2026-07-22T08:25:52.793381+00:00,s020:instance_010:r02:o2:live,1927077,60.003082,3,0.6798820495605469,0.0,8.0,12.100563049316406,0.2428741455078125,819.8836212158203
2026-07-22T08:25:59.800586+00:00,s020:instance_010:r03:o1:live,1942423,0.001437,1,0.004207611083984375,0.0,8.0,12.742012023925781,0.2428741455078125,819.8826789855957
2026-07-22T08:27:07.036819+00:00,s020:instance_010:r03:o1:live,1942423,60.002854,3,0.6798744201660156,0.0,8.0,12.093963623046875,0.2428741455078125,819.8801307678223
2026-07-22T08:27:14.036594+00:00,s020:instance_010:r03:o2:no_cut,1957610,0.001379,1,0.0045318603515625,0.0,8.0,12.731346130371094,0.2428741455078125,819.8791847229004
2026-07-22T08:28:21.242470+00:00,s020:instance_010:r03:o2:no_cut,1957610,60.002813,3,0.6739463806152344,0.0,8.0,12.104976654052734,0.2428741455078125,819.8761367797852
2026-07-22T08:28:43.234751+00:00,s020:instance_011:r01:o1:no_cut,1975217,0.001437,1,0.0045013427734375,0.0,8.0,12.724822998046875,0.2428741455078125,819.8752250671387
2026-07-22T08:29:23.251959+00:00,s020:instance_011:r01:o2:live,1982888,0.001408,1,0.0044708251953125,0.0,8.0,12.726787567138672,0.2428741455078125,819.8719825744629
2026-07-22T08:30:02.602306+00:00,s020:instance_011:r02:o1:live,1990706,0.001531,1,0.00450897216796875,0.0,8.0,12.724746704101562,0.2428741455078125,819.8687438964844
2026-07-22T08:30:42.192816+00:00,s020:instance_011:r02:o2:no_cut,1998587,0.001389,1,0.004383087158203125,0.0,8.0,12.721488952636719,0.2428741455078125,819.8655014038086
2026-07-22T08:31:21.613397+00:00,s020:instance_011:r03:o1:no_cut,2006536,0.00135,1,0.0044097900390625,0.0,8.0,12.721046447753906,0.2428741455078125,819.8622512817383
2026-07-22T08:32:01.432235+00:00,s020:instance_011:r03:o2:live,2014499,0.001702,1,0.004970550537109375,0.0,8.0,12.716358184814453,0.2428741455078125,819.859016418457
2026-07-22T08:32:40.693201+00:00,s020:instance_012:r01:o1:live,2022458,0.001375,1,0.0044097900390625,0.0,8.0,12.722599029541016,0.2428741455078125,819.8557739257812
2026-07-22T08:33:47.916821+00:00,s020:instance_012:r01:o1:live,2022458,60.00292,3,0.7718124389648438,0.0,8.0,12.002037048339844,0.2428741455078125,819.8523025512695
2026-07-22T08:34:46.899660+00:00,s020:instance_012:r01:o2:no_cut,2048176,0.001485,1,0.004528045654296875,0.0,8.0,12.721569061279297,0.2428741455078125,819.8513641357422
2026-07-22T08:35:54.138421+00:00,s020:instance_012:r01:o2:no_cut,2048176,60.003241,3,0.766326904296875,0.0,8.0,12.015445709228516,0.2428741455078125,819.847900390625
2026-07-22T08:36:57.763477+00:00,s020:instance_012:r01:o2:no_cut,2048176,120.004817,3,0.7663459777832031,0.0,8.0,12.014629364013672,0.2428741455078125,819.8478507995605
2026-07-22T08:37:04.338261+00:00,s020:instance_012:r02:o1:no_cut,2075515,0.001415,1,0.004535675048828125,0.0,8.0,12.733150482177734,0.2428741455078125,819.8466873168945
2026-07-22T08:38:07.926325+00:00,s020:instance_012:r02:o1:no_cut,2075515,60.002976,3,0.7679977416992188,0.0,8.0,12.004600524902344,0.2428741455078125,819.8432464599609
2026-07-22T08:39:15.081494+00:00,s020:instance_012:r02:o1:no_cut,2075515,120.004579,3,0.7680168151855469,0.0,8.0,12.00772476196289,0.2428741455078125,819.843189239502
2026-07-22T08:39:17.728717+00:00,s020:instance_012:r02:o2:live,2103383,0.001394,1,0.004390716552734375,0.0,8.0,12.730640411376953,0.2428741455078125,819.8420333862305
2026-07-22T08:40:24.920391+00:00,s020:instance_012:r02:o2:live,2103383,60.002871,3,0.772430419921875,0.0,8.0,12.002410888671875,0.2428741455078125,819.8385810852051
2026-07-22T08:41:19.319388+00:00,s020:instance_012:r03:o1:live,2126199,0.001581,1,0.00493621826171875,0.0,8.0,12.719188690185547,0.2428741455078125,819.8376350402832
2026-07-22T08:42:26.539312+00:00,s020:instance_012:r03:o1:live,2126199,60.003061,3,0.7725639343261719,0.0,8.0,12.004894256591797,0.2428741455078125,819.8341865539551
2026-07-22T08:43:16.155740+00:00,s020:instance_012:r03:o2:no_cut,2150070,0.001503,1,0.004505157470703125,0.0,8.0,12.727115631103516,0.2428741455078125,819.8332557678223
2026-07-22T08:44:23.358157+00:00,s020:instance_012:r03:o2:no_cut,2150070,60.002999,3,0.7664756774902344,0.0,8.0,12.010475158691406,0.2428741455078125,819.8297920227051
2026-07-22T08:45:30.589698+00:00,s020:instance_012:r03:o2:no_cut,2150070,120.00483,3,0.7664947509765625,0.0,8.0,11.99905014038086,0.2428741455078125,819.8297538757324
2026-07-22T08:45:33.938482+00:00,s020:instance_013:r01:o1:no_cut,2177367,0.001434,1,0.00443267822265625,0.0,8.0,12.724475860595703,0.2428741455078125,819.8285942077637
2026-07-22T08:45:56.614046+00:00,s020:instance_013:r01:o2:live,2182340,0.001365,1,0.0043182373046875,0.0,8.0,12.725627899169922,0.2428741455078125,819.8246726989746
2026-07-22T08:46:22.579366+00:00,s020:instance_013:r02:o1:live,2187453,0.001578,1,0.004360198974609375,0.0,8.0,12.723106384277344,0.2428741455078125,819.8207626342773
2026-07-22T08:46:49.111604+00:00,s020:instance_013:r02:o2:no_cut,2192437,0.001546,1,0.004665374755859375,0.0,8.0,12.721527099609375,0.2428741455078125,819.8168563842773
2026-07-22T08:47:15.069096+00:00,s020:instance_013:r03:o1:no_cut,2197484,0.00151,1,0.00429534912109375,0.0,8.0,12.722362518310547,0.2428741455078125,819.8129348754883
2026-07-22T08:47:37.545435+00:00,s020:instance_013:r03:o2:live,2202745,0.001351,1,0.00438690185546875,0.0,8.0,12.728279113769531,0.2428741455078125,819.8090362548828
2026-07-22T08:48:03.280156+00:00,s020:instance_014:r01:o1:live,2207806,0.001472,1,0.00433349609375,0.0,8.0,12.719013214111328,0.2428741455078125,819.8051071166992
2026-07-22T08:48:17.997071+00:00,s020:instance_014:r01:o2:no_cut,2211216,0.001368,1,0.004329681396484375,0.0,8.0,12.725650787353516,0.2428741455078125,819.7999725341797
2026-07-22T08:48:36.170104+00:00,s020:instance_014:r02:o1:no_cut,2214696,0.001591,1,0.00457000732421875,0.0,8.0,12.728050231933594,0.2428741455078125,819.7990074157715
2026-07-22T08:48:51.584718+00:00,s020:instance_014:r02:o2:live,2218166,0.001552,1,0.00475311279296875,0.0,8.0,12.726310729980469,0.2428741455078125,819.792839050293
2026-07-22T08:49:09.921514+00:00,s020:instance_014:r03:o1:live,2221557,0.001767,1,0.005336761474609375,0.0,8.0,12.724315643310547,0.2428741455078125,819.7868690490723
2026-07-22T08:49:24.840096+00:00,s020:instance_014:r03:o2:no_cut,2224942,0.0016,1,0.00470733642578125,0.0,8.0,12.726394653320312,0.2428741455078125,819.7809257507324
2026-07-22T08:49:43.116340+00:00,s020:instance_015:r01:o1:no_cut,2228344,0.001572,1,0.004669189453125,0.0,8.0,12.721599578857422,0.2428741455078125,819.7748489379883
2026-07-22T08:50:46.733581+00:00,s020:instance_015:r01:o1:no_cut,2228344,60.003045,3,0.5952682495117188,0.0,8.0,12.17636489868164,0.2428741455078125,819.7709770202637
2026-07-22T08:51:11.684311+00:00,s020:instance_015:r01:o2:live,2246863,0.002009,1,0.0051116943359375,0.0,8.0,12.727458953857422,0.2428741455078125,819.7697296142578
2026-07-22T08:51:55.284586+00:00,s020:instance_015:r02:o1:live,2256265,0.001546,1,0.004764556884765625,0.0,8.0,12.725173950195312,0.2428741455078125,819.7657432556152
2026-07-22T08:52:44.521299+00:00,s020:instance_015:r02:o2:no_cut,2265691,0.001391,1,0.00455474853515625,0.0,8.0,12.727691650390625,0.2428741455078125,819.7617568969727
2026-07-22T08:53:51.751374+00:00,s020:instance_015:r02:o2:no_cut,2265691,60.002824,3,0.5967559814453125,0.0,8.0,12.172061920166016,0.2428741455078125,819.7583198547363
2026-07-22T08:54:13.471232+00:00,s020:instance_015:r03:o1:no_cut,2283979,0.001413,1,0.004425048828125,0.0,8.0,12.729869842529297,0.2428741455078125,819.757080078125
2026-07-22T08:55:20.710360+00:00,s020:instance_015:r03:o1:no_cut,2283979,60.003073,3,0.5966148376464844,0.0,8.0,12.173282623291016,0.2428741455078125,819.7536392211914
2026-07-22T08:55:49.553789+00:00,s020:instance_015:r03:o2:live,2303095,0.001853,1,0.00508880615234375,0.0,8.0,12.728015899658203,0.2428741455078125,819.7523956298828
2026-07-22T08:56:33.672082+00:00,s020:instance_016:r01:o1:live,2312314,0.001821,1,0.005062103271484375,0.0,8.0,12.727317810058594,0.2428741455078125,819.7484016418457
2026-07-22T08:57:18.033288+00:00,s020:instance_016:r01:o2:no_cut,2321843,0.001636,1,0.00485992431640625,0.0,8.0,12.72348403930664,0.2428741455078125,819.7439308166504
2026-07-22T08:58:19.883698+00:00,s020:instance_016:r02:o1:no_cut,2334714,0.001553,1,0.004688262939453125,0.0,8.0,12.719715118408203,0.2428741455078125,819.7393493652344
2026-07-22T08:59:21.981140+00:00,s020:instance_016:r02:o2:live,2347410,0.001482,1,0.004573822021484375,0.0,8.0,12.722343444824219,0.2428741455078125,819.7347564697266
2026-07-22T09:00:06.697931+00:00,s020:instance_016:r03:o1:live,2356758,0.001564,1,0.0047607421875,0.0,8.0,12.724140167236328,0.2428741455078125,819.7309722900391
2026-07-22T09:00:51.051253+00:00,s020:instance_016:r03:o2:no_cut,2366168,0.001857,1,0.00507354736328125,0.0,8.0,12.721454620361328,0.2428741455078125,819.7266006469727
2026-07-22T09:01:52.802503+00:00,s020:instance_017:r01:o1:no_cut,2378643,0.001772,1,0.00478363037109375,0.0,8.0,12.726211547851562,0.2428741455078125,819.721981048584
2026-07-22T09:02:42.373670+00:00,s020:instance_017:r01:o2:live,2389409,0.004179,1,0.004154205322265625,0.0,8.0,12.716690063476562,0.2428741455078125,819.7183303833008
2026-07-22T09:03:20.530307+00:00,s020:instance_017:r02:o1:live,2397248,0.001708,1,0.004947662353515625,0.0,8.0,12.730361938476562,0.2428741455078125,819.7148094177246
2026-07-22T09:03:58.082448+00:00,s020:instance_017:r02:o2:no_cut,2405017,0.001393,1,0.004573822021484375,0.0,8.0,12.722179412841797,0.2428741455078125,819.7112884521484
2026-07-22T09:04:51.309742+00:00,s020:instance_017:r03:o1:no_cut,2415523,0.001608,1,0.00453948974609375,0.0,8.0,12.719989776611328,0.2428741455078125,819.7076301574707
2026-07-22T09:05:41.722713+00:00,s020:instance_017:r03:o2:live,2426281,0.001351,1,0.004581451416015625,0.0,8.0,12.722835540771484,0.2428741455078125,819.7039756774902
2026-07-22T09:06:20.059451+00:00,s020:instance_018:r01:o1:live,2434345,0.0018,1,0.004947662353515625,0.0,8.0,12.719314575195312,0.2428741455078125,819.7004585266113
2026-07-22T09:06:33.539359+00:00,s020:instance_018:r01:o2:no_cut,2436622,0.001786,1,0.004787445068359375,0.0,8.0,12.718803405761719,0.2428741455078125,819.696605682373
2026-07-22T09:06:43.306613+00:00,s020:instance_018:r02:o1:no_cut,2438928,0.001452,1,0.004535675048828125,0.0,8.0,12.724258422851562,0.2428741455078125,819.692756652832
2026-07-22T09:06:53.068881+00:00,s020:instance_018:r02:o2:live,2441174,0.001802,1,0.005367279052734375,0.0,8.0,12.720596313476562,0.2428741455078125,819.6888999938965
2026-07-22T09:07:03.135671+00:00,s020:instance_018:r03:o1:live,2443613,0.00229,1,0.004974365234375,0.0,8.0,12.72637939453125,0.2428741455078125,819.6850471496582
2026-07-22T09:07:13.099745+00:00,s020:instance_018:r03:o2:no_cut,2445899,0.001519,1,0.004299163818359375,0.0,8.0,12.718738555908203,0.2428741455078125,819.6812019348145
2026-07-22T09:07:28.324328+00:00,s020:instance_019:r01:o1:no_cut,2448215,0.001747,1,0.00437164306640625,0.0,8.0,12.723941802978516,0.2428741455078125,819.6773338317871
2026-07-22T09:08:04.461782+00:00,s020:instance_019:r01:o2:live,2455884,0.00158,1,0.00481414794921875,0.0,8.0,12.721920013427734,0.2428741455078125,819.6741905212402
2026-07-22T09:08:19.481252+00:00,s020:instance_019:r02:o1:live,2459307,0.0015,1,0.004688262939453125,0.0,8.0,12.719024658203125,0.2428741455078125,819.6716156005859
2026-07-22T09:08:37.742831+00:00,s020:instance_019:r02:o2:no_cut,2462761,0.001668,1,0.00493621826171875,0.0,8.0,12.716682434082031,0.2428741455078125,819.6690406799316
2026-07-22T09:09:14.136572+00:00,s020:instance_019:r03:o1:no_cut,2470334,0.002123,1,0.006069183349609375,0.0,8.0,12.719841003417969,0.2428741455078125,819.6658897399902
2026-07-22T09:09:50.136447+00:00,s020:instance_019:r03:o2:live,2478186,0.001467,1,0.004596710205078125,0.0,8.0,12.72208023071289,0.2428741455078125,819.6627502441406
2026-07-22T09:10:05.065072+00:00,s020:instance_020:r01:o1:live,2481776,0.001418,1,0.004486083984375,0.0,8.0,12.720043182373047,0.2428741455078125,819.6601715087891
2026-07-22T09:10:14.477100+00:00,s020:instance_020:r01:o2:no_cut,2484085,0.001523,1,0.004352569580078125,0.0,8.0,12.72098159790039,0.2428741455078125,819.6564331054688
2026-07-22T09:10:26.247221+00:00,s020:instance_020:r02:o1:no_cut,2486239,0.001543,1,0.004749298095703125,0.0,8.0,12.721168518066406,0.2428741455078125,819.6526947021484
2026-07-22T09:10:35.009720+00:00,s020:instance_020:r02:o2:live,2488328,0.002189,1,0.005985260009765625,0.0,8.0,12.725780487060547,0.2428741455078125,819.6489639282227
2026-07-22T09:10:43.819403+00:00,s020:instance_020:r03:o1:live,2490472,0.001795,1,0.00507354736328125,0.0,8.0,12.720775604248047,0.2428741455078125,819.6452178955078
2026-07-22T09:10:56.295704+00:00,s020:instance_020:r03:o2:no_cut,2492762,0.00138,1,0.0044403076171875,0.0,8.0,12.721126556396484,0.2428741455078125,819.6414794921875
2026-07-22T09:11:05.063258+00:00,s030:instance_001:r01:o1:no_cut,2494878,0.001411,1,0.004398345947265625,0.0,12.714305877685547,12.71334457397461,0.2428741455078125,819.6377334594727
2026-07-22T09:12:10.993403+00:00,s030:instance_001:r01:o1:no_cut,2494878,60.003157,4,1.8988571166992188,0.0,12.714305877685547,10.867088317871094,0.2428741455078125,819.6376686096191
2026-07-22T09:13:16.878710+00:00,s030:instance_001:r01:o1:no_cut,2494878,120.004751,4,2.2414016723632812,0.0,12.714305877685547,10.525314331054688,0.2428741455078125,819.6376190185547
2026-07-22T09:13:40.313476+00:00,s030:instance_001:r01:o2:live,2529206,0.001747,1,0.00518798828125,0.0,12.723236083984375,12.722583770751953,0.2428741455078125,819.6259536743164
2026-07-22T09:14:46.183795+00:00,s030:instance_001:r01:o2:live,2529206,60.003329,4,1.8995704650878906,0.0,12.723236083984375,10.86855697631836,0.2428741455078125,819.6258697509766
2026-07-22T09:15:52.088962+00:00,s030:instance_001:r01:o2:live,2529206,120.005093,4,2.1264381408691406,0.0,12.723236083984375,10.64190673828125,0.2428741455078125,819.6258239746094
2026-07-22T09:16:21.577501+00:00,s030:instance_001:r02:o1:live,2564417,0.001893,1,0.00502777099609375,0.0,12.72207260131836,12.72103500366211,0.2428741455078125,819.614143371582
2026-07-22T09:17:27.487170+00:00,s030:instance_001:r02:o1:live,2564417,60.00343,4,1.8991355895996094,0.0,12.72207260131836,10.866523742675781,0.2428741455078125,819.6140823364258
2026-07-22T09:18:30.445706+00:00,s030:instance_001:r02:o1:live,2564417,120.005063,3,2.1519699096679688,0.0,12.72207260131836,10.612022399902344,0.2428741455078125,819.6026306152344
2026-07-22T09:18:35.444126+00:00,s030:instance_001:r02:o2:no_cut,2592383,0.001698,1,0.004581451416015625,0.0,12.718242645263672,12.715568542480469,0.2428741455078125,819.6024398803711
2026-07-22T09:19:38.423973+00:00,s030:instance_001:r02:o2:no_cut,2592383,60.003176,4,1.8996124267578125,0.0,12.718242645263672,10.872760772705078,0.2428741455078125,819.602367401123
2026-07-22T09:20:44.294660+00:00,s030:instance_001:r02:o2:no_cut,2592383,120.004787,3,2.145660400390625,0.0,12.718242645263672,10.617130279541016,0.2428741455078125,819.5909156799316
2026-07-22T09:20:46.190620+00:00,s030:instance_001:r03:o1:no_cut,2620391,0.001683,1,0.00475311279296875,0.0,12.715770721435547,12.715824127197266,0.2428741455078125,819.5907211303711
2026-07-22T09:21:52.123008+00:00,s030:instance_001:r03:o1:no_cut,2620391,60.003143,4,1.8997879028320312,0.0,12.715770721435547,10.867385864257812,0.2428741455078125,819.5948066711426
2026-07-22T09:22:57.987903+00:00,s030:instance_001:r03:o1:no_cut,2620391,120.004739,3,2.1514625549316406,0.0,12.715770721435547,10.609500885009766,0.2428741455078125,819.5799293518066
2026-07-22T09:22:59.435141+00:00,s030:instance_001:r03:o2:live,2648207,0.001497,1,0.004611968994140625,0.0,12.722145080566406,12.720706939697266,0.2428741455078125,819.5797424316406
2026-07-22T09:24:05.344846+00:00,s030:instance_001:r03:o2:live,2648207,60.003131,4,1.8994369506835938,0.0,12.722145080566406,10.872676849365234,0.2428741455078125,819.5791435241699
2026-07-22T09:25:11.271102+00:00,s030:instance_001:r03:o2:live,2648207,120.004679,3,2.136791229248047,0.0,12.722145080566406,10.631378173828125,0.2428741455078125,819.5676231384277
2026-07-22T09:25:12.415820+00:00,s030:instance_002:r01:o1:live,2676998,0.001356,1,0.00447845458984375,0.0,12.721698760986328,12.72073745727539,0.2428741455078125,819.5674247741699
2026-07-22T09:26:18.322548+00:00,s030:instance_002:r01:o1:live,2676998,60.002991,4,2.1948928833007812,0.0,12.721698760986328,10.61428451538086,0.2428741455078125,819.5673637390137
2026-07-22T09:27:21.274601+00:00,s030:instance_002:r01:o1:live,2676998,120.004524,3,2.0365562438964844,0.0,12.721698760986328,10.764877319335938,0.2428741455078125,819.5566940307617
2026-07-22T09:28:27.214794+00:00,s030:instance_002:r01:o1:live,2676998,180.00609,3,2.0617942810058594,0.0,12.721698760986328,10.73321533203125,0.2428741455078125,819.5566482543945
2026-07-22T09:29:33.075008+00:00,s030:instance_002:r01:o1:live,2676998,240.007695,3,2.2384681701660156,0.0,12.721698760986328,10.559036254882812,0.2428741455078125,819.5565986633301
2026-07-22T09:30:26.136321+00:00,s030:instance_002:r01:o2:no_cut,2741887,0.001572,1,0.00453948974609375,0.0,12.756298065185547,12.756263732910156,0.2428741455078125,819.5561103820801
2026-07-22T09:31:29.096223+00:00,s030:instance_002:r01:o2:no_cut,2741887,60.003159,4,2.1474456787109375,0.0,12.756298065185547,10.659618377685547,0.2428741455078125,819.5560340881348
2026-07-22T09:32:34.983320+00:00,s030:instance_002:r01:o2:no_cut,2741887,120.004678,3,2.0571746826171875,0.0,12.756298065185547,10.735450744628906,0.2428741455078125,819.5453758239746
2026-07-22T09:33:40.893113+00:00,s030:instance_002:r01:o2:no_cut,2741887,180.006199,3,1.9894905090332031,0.0,12.756298065185547,10.810714721679688,0.2428741455078125,819.5458679199219
2026-07-22T09:34:46.831618+00:00,s030:instance_002:r01:o2:no_cut,2741887,240.007734,3,2.394550323486328,0.0,12.756298065185547,10.399200439453125,0.2428741455078125,819.545825958252
2026-07-22T09:35:52.714929+00:00,s030:instance_002:r01:o2:no_cut,2741887,300.009334,3,2.394550323486328,0.0,12.756298065185547,10.400886535644531,0.2428741455078125,819.5457878112793
2026-07-22T09:36:58.614474+00:00,s030:instance_002:r01:o2:no_cut,2741887,360.010868,3,2.3346023559570312,0.0,12.756298065185547,10.45589828491211,0.2428741455078125,819.5457572937012
2026-07-22T09:38:04.533275+00:00,s030:instance_002:r01:o2:no_cut,2741887,420.01238,3,2.3346176147460938,0.0,12.756298065185547,10.460613250732422,0.2428741455078125,819.545711517334
2026-07-22T09:39:07.455943+00:00,s030:instance_002:r01:o2:no_cut,2741887,480.013845,3,2.3348617553710938,0.0,12.756298065185547,10.452823638916016,0.2428741455078125,819.5456161499023
2026-07-22T09:40:13.429712+00:00,s030:instance_002:r01:o2:no_cut,2741887,540.015439,3,2.3372268676757812,0.0,12.756298065185547,10.457191467285156,0.2428741455078125,819.5455703735352
2026-07-22T09:41:18.708143+00:00,s030:instance_002:r02:o1:no_cut,2877741,0.002019,1,0.00594329833984375,0.0,12.74869155883789,12.747249603271484,0.2428741455078125,819.5444679260254
2026-07-22T09:42:24.623907+00:00,s030:instance_002:r02:o1:no_cut,2877741,60.003586,4,2.1340713500976562,0.0,12.74869155883789,10.657821655273438,0.2428741455078125,819.5443954467773
2026-07-22T09:43:30.519522+00:00,s030:instance_002:r02:o1:no_cut,2877741,120.005036,3,2.1062278747558594,0.0,12.74869155883789,10.68124008178711,0.2428741455078125,819.5337333679199
2026-07-22T09:44:36.448656+00:00,s030:instance_002:r02:o1:no_cut,2877741,180.006496,3,2.10626220703125,0.0,12.74869155883789,10.67525863647461,0.2428741455078125,819.5336723327637
2026-07-22T09:45:39.418579+00:00,s030:instance_002:r02:o1:no_cut,2877741,240.007997,3,2.392681121826172,0.0,12.74869155883789,10.388748168945312,0.2428741455078125,819.533618927002
2026-07-22T09:46:45.311557+00:00,s030:instance_002:r02:o1:no_cut,2877741,300.009467,3,2.3462142944335938,0.0,12.74869155883789,10.436077117919922,0.2428741455078125,819.5335807800293
2026-07-22T09:47:51.208706+00:00,s030:instance_002:r02:o1:no_cut,2877741,360.010996,3,2.3462142944335938,0.0,12.74869155883789,10.429374694824219,0.2428741455078125,819.5335655212402
2026-07-22T09:48:57.075617+00:00,s030:instance_002:r02:o1:no_cut,2877741,420.012607,3,2.3462257385253906,0.0,12.74869155883789,10.434856414794922,0.2428741455078125,819.5334510803223
2026-07-22T09:50:03.008757+00:00,s030:instance_002:r02:o1:no_cut,2877741,480.014125,3,2.3469085693359375,0.0,12.74869155883789,10.44149398803711,0.2428741455078125,819.5334129333496
2026-07-22T09:51:08.890856+00:00,s030:instance_002:r02:o1:no_cut,2877741,540.015754,3,2.3491363525390625,0.0,12.74869155883789,10.41836929321289,0.2428741455078125,819.5333366394043
2026-07-22T09:52:14.191141+00:00,s030:instance_002:r02:o2:live,3012888,0.001402,1,0.004573822021484375,0.0,12.65658187866211,12.655723571777344,0.2428741455078125,819.5321464538574
2026-07-22T09:53:17.160328+00:00,s030:instance_002:r02:o2:live,3012888,60.003007,4,2.1291236877441406,0.0,12.65658187866211,10.654186248779297,0.2428741455078125,819.5320434570312
2026-07-22T09:54:23.036898+00:00,s030:instance_002:r02:o2:live,3012888,120.0045,3,1.9705696105957031,0.0,12.65658187866211,10.800910949707031,0.2428741455078125,819.5213661193848
2026-07-22T09:55:28.963371+00:00,s030:instance_002:r02:o2:live,3012888,180.006191,3,2.0381011962890625,0.0,12.65658187866211,10.740432739257812,0.2428741455078125,819.5233001708984
2026-07-22T09:56:34.859583+00:00,s030:instance_002:r02:o2:live,3012888,240.007724,3,2.1253318786621094,0.0,12.65658187866211,10.654655456542969,0.2428741455078125,819.5213356018066
2026-07-22T09:57:27.571840+00:00,s030:instance_002:r03:o1:live,3075841,0.001599,1,0.004669189453125,0.0,12.730850219726562,12.729717254638672,0.2428741455078125,819.5209045410156
2026-07-22T09:58:33.525257+00:00,s030:instance_002:r03:o1:live,3075841,60.003299,4,2.1549758911132812,0.0,12.730850219726562,10.62624740600586,0.2428741455078125,819.5208206176758
2026-07-22T09:59:39.381683+00:00,s030:instance_002:r03:o1:live,3075841,120.004749,3,2.0640792846679688,0.0,12.730850219726562,10.711570739746094,0.2428741455078125,819.5101547241211
2026-07-22T10:00:45.265420+00:00,s030:instance_002:r03:o1:live,3075841,180.006507,3,2.200176239013672,0.0,12.730850219726562,10.565319061279297,0.2428741455078125,819.5099906921387
2026-07-22T10:01:51.173397+00:00,s030:instance_002:r03:o1:live,3075841,240.007992,3,2.2004547119140625,0.0,12.730850219726562,10.57470703125,0.2428741455078125,819.5099487304688
2026-07-22T10:02:19.855346+00:00,s030:instance_002:r03:o2:no_cut,3135579,0.00178,1,0.004718780517578125,0.0,12.72884750366211,12.727851867675781,0.2428741455078125,819.5095367431641
2026-07-22T10:03:27.182249+00:00,s030:instance_002:r03:o2:no_cut,3135579,60.003321,4,1.9981346130371094,0.0,12.72884750366211,10.777523040771484,0.2428741455078125,819.5094451904297
2026-07-22T10:04:33.025596+00:00,s030:instance_002:r03:o2:no_cut,3135579,120.0049,3,2.097808837890625,0.0,12.72884750366211,10.671436309814453,0.2428741455078125,819.4987831115723
2026-07-22T10:05:38.928149+00:00,s030:instance_002:r03:o2:no_cut,3135579,180.006338,3,2.0985641479492188,0.0,12.72884750366211,10.66238784790039,0.2428741455078125,819.4987258911133
2026-07-22T10:06:44.854405+00:00,s030:instance_002:r03:o2:no_cut,3135579,240.00784,3,2.0877532958984375,0.0,12.72884750366211,10.67544174194336,0.2428741455078125,819.4992141723633
2026-07-22T10:07:50.756751+00:00,s030:instance_002:r03:o2:no_cut,3135579,300.009426,3,2.351593017578125,0.0,12.72884750366211,10.410320281982422,0.2428741455078125,819.4991607666016
2026-07-22T10:08:53.709170+00:00,s030:instance_002:r03:o2:no_cut,3135579,360.010894,3,2.351593017578125,0.0,12.72884750366211,10.411739349365234,0.2428741455078125,819.4991188049316
2026-07-22T10:09:59.622472+00:00,s030:instance_002:r03:o2:no_cut,3135579,420.01237,3,2.3516082763671875,0.0,12.72884750366211,10.414573669433594,0.2428741455078125,819.4990615844727
2026-07-22T10:11:05.535128+00:00,s030:instance_002:r03:o2:no_cut,3135579,480.013817,3,2.351806640625,0.0,12.72884750366211,10.411197662353516,0.2428741455078125,819.4990119934082
2026-07-22T10:12:11.441668+00:00,s030:instance_002:r03:o2:no_cut,3135579,540.01557,3,2.3541717529296875,0.0,12.72884750366211,10.408000946044922,0.2428741455078125,819.498966217041
2026-07-22T10:13:17.378970+00:00,s030:instance_002:r03:o2:no_cut,3135579,600.017236,3,2.355133056640625,0.0,12.72884750366211,10.40863037109375,0.2428741455078125,819.4989128112793
2026-07-22T10:13:22.983271+00:00,s030:instance_003:r01:o1:no_cut,3270656,0.001779,1,0.00476837158203125,0.0,12.713302612304688,12.713268280029297,0.2428741455078125,819.4979095458984
2026-07-22T10:14:28.847204+00:00,s030:instance_003:r01:o1:no_cut,3270656,60.003234,4,1.3815536499023438,0.0,12.713302612304688,11.384685516357422,0.2428741455078125,819.4978179931641
2026-07-22T10:15:34.789739+00:00,s030:instance_003:r01:o1:no_cut,3270656,120.004721,3,1.4141883850097656,0.0,12.713302612304688,11.350601196289062,0.2428741455078125,819.4877471923828
2026-07-22T10:16:37.729929+00:00,s030:instance_003:r01:o1:no_cut,3270656,180.006233,3,1.4142341613769531,0.0,12.713302612304688,11.336040496826172,0.2428741455078125,819.4876861572266
2026-07-22T10:16:54.900725+00:00,s030:instance_003:r01:o2:live,3313862,0.001459,1,0.004302978515625,0.0,12.717151641845703,12.715709686279297,0.2428741455078125,819.4866180419922
2026-07-22T10:18:00.812439+00:00,s030:instance_003:r01:o2:live,3313862,60.003116,4,1.380615234375,0.0,12.717151641845703,11.381092071533203,0.2428741455078125,819.4865264892578
2026-07-22T10:19:06.675331+00:00,s030:instance_003:r01:o2:live,3313862,120.004691,3,1.4300498962402344,0.0,12.717151641845703,11.325729370117188,0.2428741455078125,819.4764556884766
2026-07-22T10:19:46.237480+00:00,s030:instance_003:r02:o1:live,3347711,0.001344,1,0.00433349609375,0.0,12.711158752441406,12.710197448730469,0.2428741455078125,819.4758377075195
2026-07-22T10:20:52.074998+00:00,s030:instance_003:r02:o1:live,3347711,60.002801,4,1.3810310363769531,0.0,12.711158752441406,11.382572174072266,0.2428741455078125,819.4757499694824
2026-07-22T10:21:55.096409+00:00,s030:instance_003:r02:o1:live,3347711,120.004454,3,1.4307060241699219,0.0,12.711158752441406,11.322250366210938,0.2428741455078125,819.4656677246094
2026-07-22T10:22:34.759120+00:00,s030:instance_003:r02:o2:no_cut,3381901,0.001714,1,0.00441741943359375,0.0,12.709228515625,12.70864486694336,0.2428741455078125,819.4650497436523
2026-07-22T10:23:37.727350+00:00,s030:instance_003:r02:o2:no_cut,3381901,60.003189,4,1.3811988830566406,0.0,12.709228515625,11.376136779785156,0.2428741455078125,819.4649353027344
2026-07-22T10:24:43.627701+00:00,s030:instance_003:r02:o2:no_cut,3381901,120.004713,3,1.4148330688476562,0.0,12.709228515625,11.339221954345703,0.2428741455078125,819.4548530578613
2026-07-22T10:25:49.557809+00:00,s030:instance_003:r02:o2:no_cut,3381901,180.006171,3,1.4148750305175781,0.0,12.709228515625,11.340187072753906,0.2428741455078125,819.4548034667969
2026-07-22T10:25:57.666311+00:00,s030:instance_003:r03:o1:no_cut,3424821,0.001957,1,0.0053863525390625,0.0,12.715015411376953,12.714054107666016,0.2428741455078125,819.4537506103516
2026-07-22T10:27:04.941642+00:00,s030:instance_003:r03:o1:no_cut,3424821,60.003548,4,1.381866455078125,0.0,12.715015411376953,11.379898071289062,0.2428741455078125,819.4536743164062
2026-07-22T10:28:10.827668+00:00,s030:instance_003:r03:o1:no_cut,3424821,120.005403,3,1.4149017333984375,0.0,12.715015411376953,11.342845916748047,0.2428741455078125,819.4456558227539
2026-07-22T10:29:08.340083+00:00,s030:instance_003:r03:o2:live,3465693,0.001401,1,0.004405975341796875,0.0,12.714645385742188,12.712753295898438,0.2428741455078125,819.4427337646484
2026-07-22T10:30:14.190243+00:00,s030:instance_003:r03:o2:live,3465693,60.002883,4,1.3809738159179688,0.0,12.714645385742188,11.37728500366211,0.2428741455078125,819.4426536560059
2026-07-22T10:31:20.129782+00:00,s030:instance_003:r03:o2:live,3465693,120.00435,3,1.4290885925292969,0.0,12.714645385742188,11.327201843261719,0.2428741455078125,819.4325866699219
2026-07-22T10:31:57.609644+00:00,s030:instance_004:r01:o1:live,3500741,0.001383,1,0.004535675048828125,0.0,12.711040496826172,12.710079193115234,0.2428741455078125,819.4319686889648
2026-07-22T10:33:03.483735+00:00,s030:instance_004:r01:o1:live,3500741,60.002831,4,2.1234359741210938,0.0,12.711040496826172,10.639995574951172,0.2428741455078125,819.4318885803223
2026-07-22T10:34:09.350453+00:00,s030:instance_004:r01:o1:live,3500741,120.004368,4,2.1217575073242188,0.0,12.711040496826172,10.643463134765625,0.2428741455078125,819.4318428039551
2026-07-22T10:35:15.253063+00:00,s030:instance_004:r01:o1:live,3500741,180.00576,3,2.060535430908203,0.0,12.711040496826172,10.698650360107422,0.2428741455078125,819.4217109680176
2026-07-22T10:36:18.196479+00:00,s030:instance_004:r01:o1:live,3500741,240.007459,3,2.061321258544922,0.0,12.711040496826172,10.698314666748047,0.2428741455078125,819.4216537475586
2026-07-22T10:36:37.272368+00:00,s030:instance_004:r01:o2:no_cut,3559141,0.002043,1,0.004547119140625,0.0,12.717491149902344,12.716529846191406,0.2428741455078125,819.4211807250977
2026-07-22T10:37:43.207603+00:00,s030:instance_004:r01:o2:no_cut,3559141,60.003767,4,2.1133575439453125,0.0,12.717491149902344,10.653522491455078,0.2428741455078125,819.4211044311523
2026-07-22T10:38:49.101259+00:00,s030:instance_004:r01:o2:no_cut,3559141,120.005282,4,2.1357498168945312,0.0,12.717491149902344,10.632064819335938,0.2428741455078125,819.4217185974121
2026-07-22T10:39:52.058178+00:00,s030:instance_004:r01:o2:no_cut,3559141,180.007291,3,2.0433349609375,0.0,12.717491149902344,10.708847045898438,0.2428741455078125,819.4115333557129
2026-07-22T10:40:57.976977+00:00,s030:instance_004:r01:o2:no_cut,3559141,240.008771,3,1.9601593017578125,0.0,12.717491149902344,10.798561096191406,0.2428741455078125,819.4113883972168
2026-07-22T10:42:03.951830+00:00,s030:instance_004:r01:o2:no_cut,3559141,300.010275,3,1.9602470397949219,0.0,12.717491149902344,10.801612854003906,0.2428741455078125,819.4113464355469
2026-07-22T10:43:09.819465+00:00,s030:instance_004:r01:o2:no_cut,3559141,360.011831,3,1.9625282287597656,0.0,12.717491149902344,10.79376220703125,0.2428741455078125,819.4112968444824
2026-07-22T10:43:39.753105+00:00,s030:instance_004:r02:o1:no_cut,3647481,0.001494,1,0.004467010498046875,0.0,12.715263366699219,12.716472625732422,0.2428741455078125,819.409984588623
2026-07-22T10:44:45.631336+00:00,s030:instance_004:r02:o1:no_cut,3647481,60.002973,4,2.1506271362304688,0.0,12.715263366699219,10.619709014892578,0.2428741455078125,819.409912109375
2026-07-22T10:45:48.582595+00:00,s030:instance_004:r02:o1:no_cut,3647481,120.004502,4,2.1588058471679688,0.0,12.715263366699219,10.610363006591797,0.2428741455078125,819.4098663330078
2026-07-22T10:46:54.491075+00:00,s030:instance_004:r02:o1:no_cut,3647481,180.006046,3,2.0075225830078125,0.0,12.715263366699219,10.748550415039062,0.2428741455078125,819.3997459411621
2026-07-22T10:48:00.395137+00:00,s030:instance_004:r02:o1:no_cut,3647481,240.007464,3,2.0075454711914062,0.0,12.715263366699219,10.743812561035156,0.2428741455078125,819.3997001647949
2026-07-22T10:49:06.310439+00:00,s030:instance_004:r02:o1:no_cut,3647481,300.008954,3,2.0075454711914062,0.0,12.715263366699219,10.758052825927734,0.2428741455078125,819.399658203125
2026-07-22T10:50:12.228691+00:00,s030:instance_004:r02:o1:no_cut,3647481,360.010474,3,2.0098228454589844,0.0,12.715263366699219,10.739433288574219,0.2428741455078125,819.3996086120605
2026-07-22T10:50:40.315774+00:00,s030:instance_004:r02:o2:live,3735997,0.00147,1,0.0045013427734375,0.0,12.714622497558594,12.713661193847656,0.2428741455078125,819.3982963562012
2026-07-22T10:51:43.258283+00:00,s030:instance_004:r02:o2:live,3735997,60.002966,4,2.125171661376953,0.0,12.714622497558594,10.633220672607422,0.2428741455078125,819.3982162475586
2026-07-22T10:52:49.191911+00:00,s030:instance_004:r02:o2:live,3735997,120.004441,4,2.1443252563476562,0.0,12.714622497558594,10.612415313720703,0.2428741455078125,819.3981819152832
2026-07-22T10:53:55.075992+00:00,s030:instance_004:r02:o2:live,3735997,180.006003,3,2.1850547790527344,0.0,12.714622497558594,10.568756103515625,0.2428741455078125,819.3880500793457
2026-07-22T10:55:00.929015+00:00,s030:instance_004:r02:o2:live,3735997,240.007483,3,2.1859893798828125,0.0,12.714622497558594,10.562152862548828,0.2428741455078125,819.388011932373
2026-07-22T10:55:14.694568+00:00,s030:instance_004:r03:o1:live,3792915,0.002426,1,0.00611114501953125,0.0,12.715965270996094,12.714218139648438,0.2428741455078125,819.3875465393066
2026-07-22T10:56:20.684118+00:00,s030:instance_004:r03:o1:live,3792915,60.003956,4,1.9973678588867188,0.0,12.715965270996094,10.765365600585938,0.2428741455078125,819.3874702453613
2026-07-22T10:57:26.510553+00:00,s030:instance_004:r03:o1:live,3792915,120.005582,4,2.0123252868652344,0.0,12.715965270996094,10.74957275390625,0.2428741455078125,819.3874244689941
2026-07-22T10:58:32.396550+00:00,s030:instance_004:r03:o1:live,3792915,180.007144,3,2.173839569091797,0.0,12.715965270996094,10.57406234741211,0.2428741455078125,819.3773155212402
2026-07-22T10:59:38.351539+00:00,s030:instance_004:r03:o1:live,3792915,240.008783,3,2.132160186767578,0.0,12.715965270996094,10.630252838134766,0.2428741455078125,819.3771743774414
2026-07-22T10:59:52.766061+00:00,s030:instance_004:r03:o2:no_cut,3849477,0.001415,1,0.004375457763671875,0.0,12.627647399902344,12.629344940185547,0.2428741455078125,819.3766479492188
2026-07-22T11:00:58.704357+00:00,s030:instance_004:r03:o2:no_cut,3849477,60.003116,4,2.1009674072265625,0.0,12.627647399902344,10.666069030761719,0.2428741455078125,819.3781890869141
2026-07-22T11:02:04.536118+00:00,s030:instance_004:r03:o2:no_cut,3849477,120.004716,4,2.105609893798828,0.0,12.627647399902344,10.660930633544922,0.2428741455078125,819.3767166137695
2026-07-22T11:03:10.463891+00:00,s030:instance_004:r03:o2:no_cut,3849477,180.006171,3,1.9913749694824219,0.0,12.627647399902344,10.76369857788086,0.2428741455078125,819.3665962219238
2026-07-22T11:04:16.288641+00:00,s030:instance_004:r03:o2:no_cut,3849477,240.007693,3,1.9913978576660156,0.0,12.627647399902344,10.765769958496094,0.2428741455078125,819.3665351867676
2026-07-22T11:05:22.223380+00:00,s030:instance_004:r03:o2:no_cut,3849477,300.009196,3,1.9913978576660156,0.0,12.627647399902344,10.763069152832031,0.2428741455078125,819.3664779663086
2026-07-22T11:06:25.175221+00:00,s030:instance_004:r03:o2:no_cut,3849477,360.010724,3,1.9934539794921875,0.0,12.627647399902344,10.76373291015625,0.2428741455078125,819.3662567138672
2026-07-22T11:06:45.700037+00:00,s030:instance_005:r01:o1:no_cut,3932818,0.001606,1,0.0048370361328125,0.0,12.712268829345703,12.711341857910156,0.2428741455078125,819.3649787902832
2026-07-22T11:07:51.626761+00:00,s030:instance_005:r01:o1:no_cut,3932818,60.003498,4,2.185588836669922,0.0,12.712268829345703,10.574409484863281,0.2428741455078125,819.364875793457
2026-07-22T11:08:57.513936+00:00,s030:instance_005:r01:o1:no_cut,3932818,120.005017,3,1.3428459167480469,0.0,12.712268829345703,11.413970947265625,0.2428741455078125,819.3535804748535
2026-07-22T11:10:00.462294+00:00,s030:instance_005:r01:o1:no_cut,3932818,180.006635,3,1.2536048889160156,0.0,12.712268829345703,11.534015655517578,0.2428741455078125,819.3535270690918
2026-07-22T11:11:06.370889+00:00,s030:instance_005:r01:o1:no_cut,3932818,240.00817,3,1.3358650207519531,0.0,12.712268829345703,11.455188751220703,0.2428741455078125,819.3534774780273
2026-07-22T11:12:12.279207+00:00,s030:instance_005:r01:o1:no_cut,3932818,300.009652,3,1.3989181518554688,0.0,12.712268829345703,11.396133422851562,0.2428741455078125,819.3539810180664
2026-07-22T11:13:18.191121+00:00,s030:instance_005:r01:o1:no_cut,3932818,360.011229,3,1.3316192626953125,0.0,12.712268829345703,11.462203979492188,0.2428741455078125,819.3539352416992
2026-07-22T11:14:24.119505+00:00,s030:instance_005:r01:o1:no_cut,3932818,420.012669,3,1.3316192626953125,0.0,12.712268829345703,11.451530456542969,0.2428741455078125,819.3538856506348
2026-07-22T11:15:30.013838+00:00,s030:instance_005:r01:o1:no_cut,3932818,480.014075,3,1.3335418701171875,0.0,12.712268829345703,11.4549560546875,0.2428741455078125,819.3538284301758
2026-07-22T11:16:35.941609+00:00,s030:instance_005:r01:o1:no_cut,3932818,540.015614,3,1.5100860595703125,0.0,12.712268829345703,11.27322769165039,0.2428741455078125,819.353816986084
2026-07-22T11:17:11.792513+00:00,s030:instance_005:r01:o2:live,4064877,0.001401,1,0.004581451416015625,0.0,12.734878540039062,12.734676361083984,0.2428741455078125,819.3523254394531
2026-07-22T11:18:14.736955+00:00,s030:instance_005:r01:o2:live,4064877,60.00293,4,2.222911834716797,0.0,12.734878540039062,10.560012817382812,0.2428741455078125,819.3522300720215
2026-07-22T11:19:20.594948+00:00,s030:instance_005:r01:o2:live,4064877,120.004657,3,1.9073448181152344,0.0,12.734878540039062,10.878860473632812,0.2428741455078125,819.3409309387207
2026-07-22T11:20:26.505043+00:00,s030:instance_005:r01:o2:live,4064877,180.006272,3,2.008819580078125,0.0,12.734878540039062,10.770698547363281,0.2428741455078125,819.3408508300781
2026-07-22T11:20:50.190491+00:00,s030:instance_005:r02:o1:live,4111892,0.001395,1,0.004482269287109375,0.0,12.736507415771484,12.735065460205078,0.2428741455078125,819.340404510498
2026-07-22T11:21:56.093448+00:00,s030:instance_005:r02:o1:live,4111892,60.00293,4,2.2049484252929688,0.0,12.736507415771484,10.575489044189453,0.2428741455078125,819.3403434753418
2026-07-22T11:22:59.002229+00:00,s030:instance_005:r02:o1:live,4111892,120.004414,3,2.1118545532226562,0.0,12.736507415771484,10.662208557128906,0.2428741455078125,819.3290367126465
2026-07-22T11:24:04.914794+00:00,s030:instance_005:r02:o1:live,4111892,180.005915,3,2.250049591064453,0.0,12.736507415771484,10.536674499511719,0.2428741455078125,819.3289833068848
2026-07-22T11:25:10.806774+00:00,s030:instance_005:r02:o1:live,4111892,240.007477,3,2.244304656982422,0.0,12.736507415771484,10.52511978149414,0.2428741455078125,819.3289451599121
2026-07-22T11:25:15.357489+00:00,s030:instance_005:r02:o2:no_cut,4166666,0.001917,1,0.00485992431640625,0.0,12.729633331298828,12.72867202758789,0.2428741455078125,819.3285026550293
2026-07-22T11:26:21.280509+00:00,s030:instance_005:r02:o2:no_cut,4166666,60.003465,4,2.1679534912109375,0.0,12.729633331298828,10.61764144897461,0.2428741455078125,819.3284111022949
2026-07-22T11:27:27.194768+00:00,s030:instance_005:r02:o2:no_cut,4166666,120.005437,3,2.0390472412109375,0.0,12.729633331298828,10.738296508789062,0.2428741455078125,819.3171195983887
2026-07-22T11:28:33.066156+00:00,s030:instance_005:r02:o2:no_cut,4166666,180.00695,3,2.0391998291015625,0.0,12.729633331298828,10.732872009277344,0.2428741455078125,819.317066192627
2026-07-22T11:29:38.994142+00:00,s030:instance_005:r02:o2:no_cut,4166666,240.00847,3,2.039215087890625,0.0,12.729633331298828,10.732738494873047,0.2428741455078125,819.3170127868652
2026-07-22T11:30:44.867084+00:00,s030:instance_005:r02:o2:no_cut,4166666,300.010098,3,2.039215087890625,0.0,12.729633331298828,10.73907470703125,0.2428741455078125,819.3169631958008
2026-07-22T11:31:47.822911+00:00,s030:instance_005:r02:o2:no_cut,4166666,360.01162,3,2.0392417907714844,0.0,12.729633331298828,10.739604949951172,0.2428741455078125,819.3169212341309
2026-07-22T11:32:53.730016+00:00,s030:instance_005:r02:o2:no_cut,4166666,420.013191,3,2.0392417907714844,0.0,12.729633331298828,10.73196029663086,0.2428741455078125,819.3168640136719
2026-07-22T11:33:59.600877+00:00,s030:instance_005:r02:o2:no_cut,4166666,480.01473,3,2.0411643981933594,0.0,12.729633331298828,10.734329223632812,0.2428741455078125,819.3189468383789
2026-07-22T11:35:05.508272+00:00,s030:instance_005:r02:o2:no_cut,4166666,540.016233,3,2.0411643981933594,0.0,12.729633331298828,10.737049102783203,0.2428741455078125,819.316967010498
2026-07-22T11:35:46.342989+00:00,s030:instance_005:r03:o1:no_cut,98391,0.001387,1,0.0043792724609375,0.0,12.73202896118164,12.729576110839844,0.2428741455078125,819.3154830932617
2026-07-22T11:36:52.176206+00:00,s030:instance_005:r03:o1:no_cut,98391,60.003007,4,2.068340301513672,0.0,12.73202896118164,10.7156982421875,0.2428741455078125,819.315299987793
2026-07-22T11:37:58.094993+00:00,s030:instance_005:r03:o1:no_cut,98391,120.004461,3,2.134540557861328,0.0,12.73202896118164,10.641044616699219,0.2428741455078125,819.3040084838867
2026-07-22T11:39:04.002835+00:00,s030:instance_005:r03:o1:no_cut,98391,180.0063,3,2.134563446044922,0.0,12.73202896118164,10.629009246826172,0.2428741455078125,819.3039245605469
2026-07-22T11:40:09.930858+00:00,s030:instance_005:r03:o1:no_cut,98391,240.007866,3,2.134563446044922,0.0,12.73202896118164,10.63348388671875,0.2428741455078125,819.3038711547852
2026-07-22T11:41:12.823865+00:00,s030:instance_005:r03:o1:no_cut,98391,300.009578,3,2.134571075439453,0.0,12.73202896118164,10.629859924316406,0.2428741455078125,819.3038177490234
2026-07-22T11:42:18.750463+00:00,s030:instance_005:r03:o1:no_cut,98391,360.011336,3,2.1345977783203125,0.0,12.73202896118164,10.624942779541016,0.2428741455078125,819.3037796020508
2026-07-22T11:43:24.622483+00:00,s030:instance_005:r03:o1:no_cut,98391,420.01439,3,2.134674072265625,0.0,12.73202896118164,10.634712219238281,0.2428741455078125,819.3037223815918
2026-07-22T11:44:30.568224+00:00,s030:instance_005:r03:o1:no_cut,98391,480.015968,3,2.137279510498047,0.0,12.73202896118164,10.629573822021484,0.2428741455078125,819.3036689758301
2026-07-22T11:45:06.542856+00:00,s030:instance_005:r03:o2:live,210050,0.001518,1,0.0045166015625,0.0,12.72341537475586,12.722591400146484,0.2428741455078125,819.3029899597168
2026-07-22T11:46:12.421058+00:00,s030:instance_005:r03:o2:live,210050,60.003012,4,2.137115478515625,0.0,12.72341537475586,10.62729263305664,0.2428741455078125,819.302848815918
2026-07-22T11:47:18.335778+00:00,s030:instance_005:r03:o2:live,210050,120.004486,3,1.8783416748046875,0.0,12.72341537475586,10.881877899169922,0.2428741455078125,819.2915458679199
2026-07-22T11:48:24.203473+00:00,s030:instance_005:r03:o2:live,210050,180.007607,3,2.2441482543945312,0.0,12.72341537475586,10.515422821044922,0.2428741455078125,819.2914924621582
2026-07-22T11:49:27.159172+00:00,s030:instance_005:r03:o2:live,210050,240.009301,3,1.8639106750488281,0.0,12.72341537475586,10.89712905883789,0.2428741455078125,819.2914505004883
2026-07-22T11:49:28.606718+00:00,s030:instance_006:r01:o1:live,264761,0.00187,1,0.004589080810546875,0.0,12.715930938720703,12.714008331298828,0.2428741455078125,819.2909889221191
2026-07-22T11:50:34.532559+00:00,s030:instance_006:r01:o1:live,264761,60.0034,4,2.2141952514648438,0.0,12.715930938720703,10.550106048583984,0.2428741455078125,819.2908897399902
2026-07-22T11:51:40.423439+00:00,s030:instance_006:r01:o1:live,264761,120.005065,3,2.1201934814453125,0.0,12.715930938720703,10.638111114501953,0.2428741455078125,819.2786026000977
2026-07-22T11:52:46.346801+00:00,s030:instance_006:r01:o1:live,264761,180.006609,3,2.2859954833984375,0.0,12.715930938720703,10.469783782958984,0.2428741455078125,819.2785530090332
2026-07-22T11:53:52.250537+00:00,s030:instance_006:r01:o1:live,264761,240.008139,3,2.2860031127929688,0.0,12.715930938720703,10.469917297363281,0.2428741455078125,819.2785110473633
2026-07-22T11:54:58.172644+00:00,s030:instance_006:r01:o1:live,264761,300.009693,3,2.2860031127929688,0.0,12.715930938720703,10.468151092529297,0.2428741455078125,819.2784614562988
2026-07-22T11:55:46.179107+00:00,s030:instance_006:r01:o2:no_cut,344226,0.001343,1,0.004302978515625,0.0,12.707935333251953,12.706588745117188,0.2428741455078125,819.2774848937988
2026-07-22T11:56:49.132215+00:00,s030:instance_006:r01:o2:no_cut,344226,60.003056,4,2.155132293701172,0.0,12.707935333251953,10.608272552490234,0.2428741455078125,819.2773933410645
2026-07-22T11:57:56.426599+00:00,s030:instance_006:r01:o2:no_cut,344226,120.004577,3,1.9131546020507812,0.0,12.707935333251953,10.841075897216797,0.2428741455078125,819.2651176452637
2026-07-22T11:59:03.733611+00:00,s030:instance_006:r01:o2:no_cut,344226,180.006097,3,1.8663787841796875,0.0,12.707935333251953,10.88427734375,0.2428741455078125,819.2650604248047
2026-07-22T12:00:06.689788+00:00,s030:instance_006:r01:o2:no_cut,344226,240.007617,3,1.8663825988769531,0.0,12.707935333251953,10.87557601928711,0.2428741455078125,819.2650260925293
2026-07-22T12:01:12.606755+00:00,s030:instance_006:r01:o2:no_cut,344226,300.009103,3,1.8673744201660156,0.0,12.707935333251953,10.879531860351562,0.2428741455078125,819.2649688720703
2026-07-22T12:02:17.615901+00:00,s030:instance_006:r02:o1:no_cut,427969,0.00162,1,0.0044708251953125,0.0,12.70724868774414,12.707046508789062,0.2428741455078125,819.2635536193848
2026-07-22T12:03:23.518730+00:00,s030:instance_006:r02:o1:no_cut,427969,60.00314,4,1.9561347961425781,0.0,12.70724868774414,10.800601959228516,0.2428741455078125,819.2634620666504
2026-07-22T12:04:26.435299+00:00,s030:instance_006:r02:o1:no_cut,427969,120.004668,3,2.1838302612304688,0.0,12.70724868774414,10.566123962402344,0.2428741455078125,819.2511901855469
2026-07-22T12:05:33.761323+00:00,s030:instance_006:r02:o1:no_cut,427969,180.006166,3,2.180530548095703,0.0,12.70724868774414,10.564495086669922,0.2428741455078125,819.2511405944824
2026-07-22T12:06:39.686209+00:00,s030:instance_006:r02:o1:no_cut,427969,240.009497,3,2.1805686950683594,0.0,12.70724868774414,10.575843811035156,0.2428741455078125,819.2541007995605
2026-07-22T12:07:45.592666+00:00,s030:instance_006:r02:o1:no_cut,427969,300.012261,3,2.181529998779297,0.0,12.70724868774414,10.5699462890625,0.2428741455078125,819.2512550354004
2026-07-22T12:08:44.540492+00:00,s030:instance_006:r02:o2:live,510190,0.001369,1,0.004413604736328125,0.0,12.708076477050781,12.706611633300781,0.2428741455078125,819.2497024536133
2026-07-22T12:09:47.438978+00:00,s030:instance_006:r02:o2:live,510190,60.002844,4,2.2243919372558594,0.0,12.708076477050781,10.528076171875,0.2428741455078125,819.249626159668
2026-07-22T12:10:53.364726+00:00,s030:instance_006:r02:o2:live,510190,120.004494,3,2.155132293701172,0.0,12.708076477050781,10.60531234741211,0.2428741455078125,819.2371978759766
2026-07-22T12:11:59.251125+00:00,s030:instance_006:r02:o2:live,510190,180.005952,3,2.242534637451172,0.0,12.708076477050781,10.508056640625,0.2428741455078125,819.2371597290039
2026-07-22T12:13:05.162028+00:00,s030:instance_006:r02:o2:live,510190,240.007504,3,2.2425460815429688,0.0,12.708076477050781,10.507884979248047,0.2428741455078125,819.237117767334
2026-07-22T12:14:11.080456+00:00,s030:instance_006:r02:o2:live,510190,300.008954,3,2.2425498962402344,0.0,12.708076477050781,10.510936737060547,0.2428741455078125,819.2370758056641
2026-07-22T12:15:16.990686+00:00,s030:instance_006:r02:o2:live,510190,360.010537,3,2.2434616088867188,0.0,12.708076477050781,10.514217376708984,0.2428741455078125,819.2370414733887
2026-07-22T12:15:36.013596+00:00,s030:instance_006:r03:o1:live,592967,0.001401,1,0.00437164306640625,0.0,12.718097686767578,12.716331481933594,0.2428741455078125,819.2360343933105
2026-07-22T12:16:41.912160+00:00,s030:instance_006:r03:o1:live,592967,60.003037,4,2.259246826171875,0.0,12.718097686767578,10.496814727783203,0.2428741455078125,819.2359504699707
2026-07-22T12:17:47.869730+00:00,s030:instance_006:r03:o1:live,592967,120.00451,3,2.1566162109375,0.0,12.718097686767578,10.591423034667969,0.2428741455078125,819.2236824035645
2026-07-22T12:18:53.719990+00:00,s030:instance_006:r03:o1:live,592967,180.005943,3,2.2608413696289062,0.0,12.718097686767578,10.4918212890625,0.2428741455078125,819.2242050170898
2026-07-22T12:19:59.617379+00:00,s030:instance_006:r03:o1:live,592967,240.007545,3,2.2608489990234375,0.0,12.718097686767578,10.488780975341797,0.2428741455078125,819.2241668701172
2026-07-22T12:21:02.590340+00:00,s030:instance_006:r03:o1:live,592967,300.009049,3,2.2608489990234375,0.0,12.718097686767578,10.486839294433594,0.2428741455078125,819.2241172790527
2026-07-22T12:22:08.437216+00:00,s030:instance_006:r03:o1:live,592967,360.010632,3,2.2615432739257812,0.0,12.718097686767578,10.485572814941406,0.2428741455078125,819.2240791320801
2026-07-22T12:22:14.341411+00:00,s030:instance_006:r03:o2:no_cut,672289,0.001476,1,0.004497528076171875,0.0,12.702888488769531,12.701896667480469,0.2428741455078125,819.2231254577637
2026-07-22T12:23:20.266499+00:00,s030:instance_006:r03:o2:no_cut,672289,60.003015,4,2.2156295776367188,0.0,12.702888488769531,10.537593841552734,0.2428741455078125,819.2230529785156
2026-07-22T12:24:26.171873+00:00,s030:instance_006:r03:o2:no_cut,672289,120.004501,3,2.068279266357422,0.0,12.702888488769531,10.680301666259766,0.2428741455078125,819.2107887268066
2026-07-22T12:25:32.023963+00:00,s030:instance_006:r03:o2:no_cut,672289,180.006158,3,2.0647621154785156,0.0,12.702888488769531,10.683956146240234,0.2428741455078125,819.2107543945312
2026-07-22T12:26:37.993181+00:00,s030:instance_006:r03:o2:no_cut,672289,240.007883,3,2.0647964477539062,0.0,12.702888488769531,10.685794830322266,0.2428741455078125,819.2107200622559
2026-07-22T12:27:43.901795+00:00,s030:instance_006:r03:o2:no_cut,672289,300.009589,3,2.0647964477539062,0.0,12.702888488769531,10.686042785644531,0.2428741455078125,819.2106819152832
2026-07-22T12:28:49.785650+00:00,s030:instance_006:r03:o2:no_cut,672289,360.011045,3,2.0676040649414062,0.0,12.702888488769531,10.684844970703125,0.2428741455078125,819.210620880127
2026-07-22T12:29:12.816206+00:00,s030:instance_007:r01:o1:no_cut,755577,0.00181,1,0.005218505859375,0.0,12.709373474121094,12.709556579589844,0.2428741455078125,819.2089653015137
2026-07-22T12:30:18.721172+00:00,s030:instance_007:r01:o1:no_cut,755577,60.003419,3,1.2808876037597656,0.0,12.709373474121094,11.480033874511719,0.2428741455078125,819.200439453125
2026-07-22T12:31:24.616424+00:00,s030:instance_007:r01:o1:no_cut,755577,120.004923,3,1.2809371948242188,0.0,12.709373474121094,11.383716583251953,0.2428741455078125,819.2002487182617
2026-07-22T12:32:30.519173+00:00,s030:instance_007:r01:o1:no_cut,755577,180.00644,3,1.28094482421875,0.0,12.709373474121094,11.4818115234375,0.2428741455078125,819.2001953125
2026-07-22T12:33:36.443462+00:00,s030:instance_007:r01:o1:no_cut,755577,240.007958,3,1.28094482421875,0.0,12.709373474121094,11.476341247558594,0.2428741455078125,819.2001457214355
2026-07-22T12:34:42.373186+00:00,s030:instance_007:r01:o1:no_cut,755577,300.009596,3,1.2809715270996094,0.0,12.709373474121094,11.47921371459961,0.2428741455078125,819.2000923156738
2026-07-22T12:35:23.963510+00:00,s030:instance_007:r01:o2:live,829273,0.001512,1,0.0045318603515625,0.0,12.715579986572266,12.713691711425781,0.2428741455078125,819.1975631713867
2026-07-22T12:36:29.893152+00:00,s030:instance_007:r01:o2:live,829273,60.003165,3,1.2818031311035156,0.0,12.715579986572266,11.471641540527344,0.2428741455078125,819.1889953613281
2026-07-22T12:37:32.872964+00:00,s030:instance_007:r01:o2:live,829273,120.004691,3,1.2818641662597656,0.0,12.715579986572266,11.475372314453125,0.2428741455078125,819.1889114379883
2026-07-22T12:38:38.738305+00:00,s030:instance_007:r01:o2:live,829273,180.006318,3,1.2818641662597656,0.0,12.715579986572266,11.47500228881836,0.2428741455078125,819.1888542175293
2026-07-22T12:39:44.636450+00:00,s030:instance_007:r01:o2:live,829273,240.007797,3,1.2818641662597656,0.0,12.715579986572266,11.485725402832031,0.2428741455078125,819.190616607666
2026-07-22T12:40:50.556774+00:00,s030:instance_007:r01:o2:live,829273,300.00947,3,1.2818794250488281,0.0,12.715579986572266,11.478321075439453,0.2428741455078125,819.189079284668
2026-07-22T12:41:36.573927+00:00,s030:instance_007:r02:o1:live,904066,0.001508,1,0.0045013427734375,0.0,12.7115478515625,12.710590362548828,0.2428741455078125,819.1863861083984
2026-07-22T12:42:42.474421+00:00,s030:instance_007:r02:o1:live,904066,60.002996,3,1.281982421875,0.0,12.7115478515625,11.477485656738281,0.2428741455078125,819.1778450012207
2026-07-22T12:43:48.377076+00:00,s030:instance_007:r02:o1:live,904066,120.004504,3,1.2820281982421875,0.0,12.7115478515625,11.47525405883789,0.2428741455078125,819.1777877807617
2026-07-22T12:44:55.021417+00:00,s030:instance_007:r02:o1:live,904066,180.005984,3,1.2820281982421875,0.0,12.7115478515625,11.473247528076172,0.2428741455078125,819.177604675293
2026-07-22T12:46:02.220410+00:00,s030:instance_007:r02:o1:live,904066,240.007587,3,1.2820281982421875,0.0,12.7115478515625,11.478721618652344,0.2428741455078125,819.1774063110352
2026-07-22T12:47:09.447549+00:00,s030:instance_007:r02:o1:live,904066,300.009169,3,1.2820472717285156,0.0,12.7115478515625,11.474830627441406,0.2428741455078125,819.1773567199707
2026-07-22T12:47:37.832387+00:00,s030:instance_007:r02:o2:no_cut,976953,0.001424,1,0.00434112548828125,0.0,12.720046997070312,12.719085693359375,0.2428741455078125,819.1748504638672
2026-07-22T12:48:45.059901+00:00,s030:instance_007:r02:o2:no_cut,976953,60.002906,3,1.2800636291503906,0.0,12.720046997070312,11.473434448242188,0.2428741455078125,819.1662902832031
2026-07-22T12:49:52.222027+00:00,s030:instance_007:r02:o2:no_cut,976953,120.004362,3,1.2801094055175781,0.0,12.720046997070312,11.478347778320312,0.2428741455078125,819.1662445068359
2026-07-22T12:50:59.451824+00:00,s030:instance_007:r02:o2:no_cut,976953,180.005872,3,1.2801322937011719,0.0,12.720046997070312,11.48184585571289,0.2428741455078125,819.1661911010742
2026-07-22T12:52:06.636032+00:00,s030:instance_007:r02:o2:no_cut,976953,240.007388,3,1.2801322937011719,0.0,12.720046997070312,11.478363037109375,0.2428741455078125,819.166690826416
2026-07-22T12:53:13.908719+00:00,s030:instance_007:r02:o2:no_cut,976953,300.009075,3,1.2801437377929688,0.0,12.720046997070312,11.474891662597656,0.2428741455078125,819.1666564941406
2026-07-22T12:53:52.799545+00:00,s030:instance_007:r03:o1:no_cut,1052118,0.001363,1,0.004482269287109375,0.0,12.706783294677734,12.705821990966797,0.2428741455078125,819.1641693115234
2026-07-22T12:55:00.004755+00:00,s030:instance_007:r03:o1:no_cut,1052118,60.002834,3,1.2799415588378906,0.0,12.706783294677734,11.508110046386719,0.2428741455078125,819.1556167602539
2026-07-22T12:56:03.620715+00:00,s030:instance_007:r03:o1:no_cut,1052118,120.004423,3,1.2799873352050781,0.0,12.706783294677734,11.507896423339844,0.2428741455078125,819.1555557250977
2026-07-22T12:57:10.875847+00:00,s030:instance_007:r03:o1:no_cut,1052118,180.006386,3,1.2799873352050781,0.0,12.706783294677734,11.502933502197266,0.2428741455078125,819.1555213928223
2026-07-22T12:58:18.099174+00:00,s030:instance_007:r03:o1:no_cut,1052118,240.007786,3,1.2799873352050781,0.0,12.706783294677734,11.50027847290039,0.2428741455078125,819.1554794311523
2026-07-22T12:59:25.341957+00:00,s030:instance_007:r03:o1:no_cut,1052118,300.009216,3,1.2802734375,0.0,12.706783294677734,11.50693130493164,0.2428741455078125,819.1554336547852
2026-07-22T12:59:53.243509+00:00,s030:instance_007:r03:o2:live,1125257,0.001406,1,0.00438690185546875,0.0,12.735572814941406,12.734134674072266,0.2428741455078125,819.1529579162598
2026-07-22T13:01:00.428246+00:00,s030:instance_007:r03:o2:live,1125257,60.002806,3,1.2818641662597656,0.0,12.735572814941406,11.50350570678711,0.2428741455078125,819.144401550293
2026-07-22T13:02:04.038120+00:00,s030:instance_007:r03:o2:live,1125257,120.004284,3,1.2818946838378906,0.0,12.735572814941406,11.501522064208984,0.2428741455078125,819.1443519592285
2026-07-22T13:03:12.945811+00:00,s030:instance_007:r03:o2:live,1125257,180.005845,3,1.2818946838378906,0.0,12.735572814941406,11.501277923583984,0.2428741455078125,819.1443061828613
2026-07-22T13:04:20.228040+00:00,s030:instance_007:r03:o2:live,1125257,240.008599,3,1.2819252014160156,0.0,12.735572814941406,11.511150360107422,0.2428741455078125,819.1442604064941
2026-07-22T13:05:27.385500+00:00,s030:instance_007:r03:o2:live,1125257,300.010103,3,1.2819404602050781,0.0,12.735572814941406,11.496566772460938,0.2428741455078125,819.144214630127
2026-07-22T13:05:51.764434+00:00,s030:instance_008:r01:o1:live,1197514,0.001486,1,0.0045623779296875,0.0,12.738731384277344,12.737289428710938,0.2428741455078125,819.1417007446289
2026-07-22T13:06:59.002198+00:00,s030:instance_008:r01:o1:live,1197514,60.003247,4,2.0128326416015625,0.0,12.738731384277344,10.770591735839844,0.2428741455078125,819.1416282653809
2026-07-22T13:08:06.189653+00:00,s030:instance_008:r01:o1:live,1197514,120.004932,4,2.0636940002441406,0.0,12.738731384277344,10.72119140625,0.2428741455078125,819.1415748596191
2026-07-22T13:09:13.405520+00:00,s030:instance_008:r01:o1:live,1197514,180.006419,4,2.0751876831054688,0.0,12.738731384277344,10.699043273925781,0.2428741455078125,819.1415328979492
2026-07-22T13:10:20.651941+00:00,s030:instance_008:r01:o1:live,1197514,240.007891,3,1.9932022094726562,0.0,12.738731384277344,10.775035858154297,0.2428741455078125,819.1282539367676
2026-07-22T13:11:27.846267+00:00,s030:instance_008:r01:o1:live,1197514,300.009447,3,1.9763450622558594,0.0,12.738731384277344,10.801193237304688,0.2428741455078125,819.1282119750977
2026-07-22T13:12:31.423762+00:00,s030:instance_008:r01:o1:live,1197514,360.011101,3,2.2311325073242188,0.0,12.738731384277344,10.54665756225586,0.2428741455078125,819.1320648193359
2026-07-22T13:13:38.613334+00:00,s030:instance_008:r01:o1:live,1197514,420.012701,3,2.2311325073242188,0.0,12.738731384277344,10.547828674316406,0.2428741455078125,819.1283416748047
2026-07-22T13:13:40.859939+00:00,s030:instance_008:r01:o2:no_cut,1293540,0.001549,1,0.00463104248046875,0.0,12.7314453125,12.730003356933594,0.2428741455078125,819.1279182434082
2026-07-22T13:14:48.107795+00:00,s030:instance_008:r01:o2:no_cut,1293540,60.003194,4,2.0657577514648438,0.0,12.7314453125,10.716075897216797,0.2428741455078125,819.1278457641602
2026-07-22T13:15:55.303555+00:00,s030:instance_008:r01:o2:no_cut,1293540,120.00474,4,2.1335983276367188,0.0,12.7314453125,10.651123046875,0.2428741455078125,819.1277961730957
2026-07-22T13:17:02.524552+00:00,s030:instance_008:r01:o2:no_cut,1293540,180.006277,4,2.0580902099609375,0.0,12.7314453125,10.720096588134766,0.2428741455078125,819.1277656555176
2026-07-22T13:18:09.733265+00:00,s030:instance_008:r01:o2:no_cut,1293540,240.007787,3,1.9867744445800781,0.0,12.7314453125,10.79123306274414,0.2428741455078125,819.1143798828125
2026-07-22T13:19:16.966316+00:00,s030:instance_008:r01:o2:no_cut,1293540,300.009235,3,1.9872207641601562,0.0,12.7314453125,10.780929565429688,0.2428741455078125,819.1143379211426
2026-07-22T13:20:20.572675+00:00,s030:instance_008:r01:o2:no_cut,1293540,360.010778,3,1.9872322082519531,0.0,12.7314453125,10.790184020996094,0.2428741455078125,819.1142959594727
2026-07-22T13:21:27.821345+00:00,s030:instance_008:r01:o2:no_cut,1293540,420.012266,3,1.9750595092773438,0.0,12.7314453125,10.794593811035156,0.2428741455078125,819.1142539978027
2026-07-22T13:22:19.268105+00:00,s030:instance_008:r02:o1:no_cut,1402260,0.001327,1,0.00431060791015625,0.0,12.729793548583984,12.728351593017578,0.2428741455078125,819.1136703491211
2026-07-22T13:23:22.889060+00:00,s030:instance_008:r02:o1:no_cut,1402260,60.002963,4,1.8179054260253906,0.0,12.729793548583984,10.967731475830078,0.2428741455078125,819.1135940551758
2026-07-22T13:24:30.117379+00:00,s030:instance_008:r02:o1:no_cut,1402260,120.00448,4,1.866943359375,0.0,12.729793548583984,10.911312103271484,0.2428741455078125,819.1135406494141
2026-07-22T13:25:37.316644+00:00,s030:instance_008:r02:o1:no_cut,1402260,180.0071,4,1.866943359375,0.0,12.729793548583984,10.910293579101562,0.2428741455078125,819.114086151123
2026-07-22T13:26:44.568237+00:00,s030:instance_008:r02:o1:no_cut,1402260,240.0085,3,1.9920082092285156,0.0,12.729793548583984,10.770088195800781,0.2428741455078125,819.1008148193359
2026-07-22T13:27:49.888649+00:00,s030:instance_008:r02:o1:no_cut,1402260,300.009997,3,1.9920158386230469,0.0,12.729793548583984,10.777217864990234,0.2428741455078125,819.1007766723633
2026-07-22T13:28:57.130453+00:00,s030:instance_008:r02:o1:no_cut,1402260,360.01147,3,1.9933013916015625,0.0,12.729793548583984,10.778987884521484,0.2428741455078125,819.1007347106934
2026-07-22T13:30:04.273315+00:00,s030:instance_008:r02:o1:no_cut,1402260,420.012929,3,1.9933090209960938,0.0,12.729793548583984,10.768058776855469,0.2428741455078125,819.1006851196289
2026-07-22T13:31:11.496944+00:00,s030:instance_008:r02:o1:no_cut,1402260,480.015166,3,1.9933090209960938,0.0,12.729793548583984,10.77419662475586,0.2428741455078125,819.1006355285645
2026-07-22T13:31:44.050513+00:00,s030:instance_008:r02:o2:live,1516321,0.00172,1,0.005100250244140625,0.0,12.719573974609375,12.719181060791016,0.2428741455078125,819.1000671386719
2026-07-22T13:32:51.301657+00:00,s030:instance_008:r02:o2:live,1516321,60.003312,4,2.059661865234375,0.0,12.719573974609375,10.712268829345703,0.2428741455078125,819.0999870300293
2026-07-22T13:33:56.557133+00:00,s030:instance_008:r02:o2:live,1516321,120.004932,4,2.1184730529785156,0.0,12.719573974609375,10.647209167480469,0.2428741455078125,819.0999450683594
2026-07-22T13:35:02.466873+00:00,s030:instance_008:r02:o2:live,1516321,180.006562,4,2.1184730529785156,0.0,12.719573974609375,10.637447357177734,0.2428741455078125,819.0999031066895
2026-07-22T13:36:08.374792+00:00,s030:instance_008:r02:o2:live,1516321,240.008082,3,1.9421615600585938,0.0,12.719573974609375,10.81881332397461,0.2428741455078125,819.0866317749023
2026-07-22T13:37:14.268722+00:00,s030:instance_008:r02:o2:live,1516321,300.00956,3,1.9289703369140625,0.0,12.719573974609375,10.827407836914062,0.2428741455078125,819.0865821838379
2026-07-22T13:38:17.229749+00:00,s030:instance_008:r02:o2:live,1516321,360.01105,3,2.2256202697753906,0.0,12.719573974609375,10.532821655273438,0.2428741455078125,819.0865478515625
2026-07-22T13:39:23.140932+00:00,s030:instance_008:r02:o2:live,1516321,420.012658,3,2.0320968627929688,0.0,12.719573974609375,10.725242614746094,0.2428741455078125,819.086498260498
2026-07-22T13:39:35.956576+00:00,s030:instance_008:r03:o1:live,1610158,0.001779,1,0.004627227783203125,0.0,12.71371841430664,12.713237762451172,0.2428741455078125,819.086067199707
2026-07-22T13:40:38.909466+00:00,s030:instance_008:r03:o1:live,1610158,60.003308,4,2.0182762145996094,0.0,12.71371841430664,10.74764633178711,0.2428741455078125,819.0859870910645
2026-07-22T13:41:44.819139+00:00,s030:instance_008:r03:o1:live,1610158,120.004994,4,2.0484466552734375,0.0,12.71371841430664,10.712871551513672,0.2428741455078125,819.0859489440918
2026-07-22T13:42:50.745168+00:00,s030:instance_008:r03:o1:live,1610158,180.006536,4,2.00469970703125,0.0,12.71371841430664,10.753475189208984,0.2428741455078125,819.0858955383301
2026-07-22T13:43:57.463106+00:00,s030:instance_008:r03:o1:live,1610158,240.008027,3,1.9484672546386719,0.0,12.71371841430664,10.807876586914062,0.2428741455078125,819.072624206543
2026-07-22T13:45:04.690830+00:00,s030:instance_008:r03:o1:live,1610158,300.009579,3,1.9918861389160156,0.0,12.71371841430664,10.756256103515625,0.2428741455078125,819.0725250244141
2026-07-22T13:46:11.909336+00:00,s030:instance_008:r03:o1:live,1610158,360.010994,3,2.1492271423339844,0.0,12.71371841430664,10.606391906738281,0.2428741455078125,819.0749893188477
2026-07-22T13:47:15.533567+00:00,s030:instance_008:r03:o1:live,1610158,420.012524,3,2.2295761108398438,0.0,12.71371841430664,10.524162292480469,0.2428741455078125,819.0726661682129
2026-07-22T13:47:29.150187+00:00,s030:instance_008:r03:o2:no_cut,1702517,0.002175,1,0.00605010986328125,0.0,12.717037200927734,12.71712875366211,0.2428741455078125,819.0722351074219
2026-07-22T13:48:36.392660+00:00,s030:instance_008:r03:o2:no_cut,1702517,60.003727,4,2.047222137451172,0.0,12.717037200927734,10.70989990234375,0.2428741455078125,819.0719947814941
2026-07-22T13:49:40.002329+00:00,s030:instance_008:r03:o2:no_cut,1702517,120.005304,4,2.1070327758789062,0.0,12.717037200927734,10.638629913330078,0.2428741455078125,819.0719604492188
2026-07-22T13:50:47.249702+00:00,s030:instance_008:r03:o2:no_cut,1702517,180.006886,4,2.085399627685547,0.0,12.717037200927734,10.6651611328125,0.2428741455078125,819.0719146728516
2026-07-22T13:51:54.420384+00:00,s030:instance_008:r03:o2:no_cut,1702517,240.008424,3,1.9675712585449219,0.0,12.717037200927734,10.78499984741211,0.2428741455078125,819.0586547851562
2026-07-22T13:53:03.318713+00:00,s030:instance_008:r03:o2:no_cut,1702517,300.01001,3,1.9679336547851562,0.0,12.717037200927734,10.784431457519531,0.2428741455078125,819.0586128234863
2026-07-22T13:54:06.953956+00:00,s030:instance_008:r03:o2:no_cut,1702517,360.011487,3,1.9688835144042969,0.0,12.717037200927734,10.783012390136719,0.2428741455078125,819.0585784912109
2026-07-22T13:55:14.184108+00:00,s030:instance_008:r03:o2:no_cut,1702517,420.01297,3,1.9688911437988281,0.0,12.717037200927734,10.782169342041016,0.2428741455078125,819.058536529541
2026-07-22T13:56:21.383269+00:00,s030:instance_008:r03:o2:no_cut,1702517,480.014661,3,1.9688911437988281,0.0,12.717037200927734,10.778541564941406,0.2428741455078125,819.0584945678711
2026-07-22T13:56:50.343012+00:00,s030:instance_009:r01:o1:no_cut,1814039,0.002189,1,0.0050201416015625,0.0,12.702224731445312,12.702274322509766,0.2428741455078125,819.0579032897949
2026-07-22T13:57:57.579179+00:00,s030:instance_009:r01:o1:no_cut,1814039,60.003781,4,1.7022552490234375,0.0,12.702224731445312,11.057197570800781,0.2428741455078125,819.0577964782715
2026-07-22T13:59:04.792455+00:00,s030:instance_009:r01:o1:no_cut,1814039,120.005231,4,2.1242713928222656,0.0,12.702224731445312,10.626781463623047,0.2428741455078125,819.0583381652832
2026-07-22T14:00:08.407138+00:00,s030:instance_009:r01:o1:no_cut,1814039,180.006811,4,2.097972869873047,0.0,12.702224731445312,10.656490325927734,0.2428741455078125,819.0582847595215
2026-07-22T14:01:15.643547+00:00,s030:instance_009:r01:o1:no_cut,1814039,240.008467,3,1.9173393249511719,0.0,12.702224731445312,10.828861236572266,0.2428741455078125,819.0452690124512
2026-07-22T14:02:22.873465+00:00,s030:instance_009:r01:o1:no_cut,1814039,300.010063,3,1.9173545837402344,0.0,12.702224731445312,10.829654693603516,0.2428741455078125,819.0452308654785
2026-07-22T14:03:30.102231+00:00,s030:instance_009:r01:o1:no_cut,1814039,360.011718,3,1.4041671752929688,0.0,12.702224731445312,11.34554672241211,0.2428741455078125,819.0451927185059
2026-07-22T14:04:37.251940+00:00,s030:instance_009:r01:o1:no_cut,1814039,420.013145,3,1.335601806640625,0.0,12.702224731445312,11.406723022460938,0.2428741455078125,819.0451583862305
2026-07-22T14:05:44.484260+00:00,s030:instance_009:r01:o1:no_cut,1814039,480.014672,3,1.3366012573242188,0.0,12.702224731445312,11.405502319335938,0.2428741455078125,819.0451202392578
2026-07-22T14:06:51.690510+00:00,s030:instance_009:r01:o1:no_cut,1814039,540.016108,3,1.3366012573242188,0.0,12.702224731445312,11.410797119140625,0.2428741455078125,819.0450820922852
2026-07-22T14:07:55.314402+00:00,s030:instance_009:r01:o1:no_cut,1814039,600.017516,3,1.3368453979492188,0.0,12.702224731445312,11.412483215332031,0.2428741455078125,819.0450401306152
2026-07-22T14:09:00.894873+00:00,s030:instance_009:r01:o2:live,1963179,0.001417,1,0.00440216064453125,0.0,12.69991683959961,12.698955535888672,0.2428741455078125,819.0433387756348
2026-07-22T14:10:08.166715+00:00,s030:instance_009:r01:o2:live,1963179,60.003041,4,1.7042198181152344,0.0,12.69991683959961,11.049114227294922,0.2428741455078125,819.0432739257812
2026-07-22T14:11:15.302614+00:00,s030:instance_009:r01:o2:live,1963179,120.004549,4,2.125274658203125,0.0,12.69991683959961,10.625808715820312,0.2428741455078125,819.0432357788086
2026-07-22T14:12:22.562682+00:00,s030:instance_009:r01:o2:live,1963179,180.006153,4,2.1470489501953125,0.0,12.69991683959961,10.605175018310547,0.2428741455078125,819.0431976318359
2026-07-22T14:13:29.714533+00:00,s030:instance_009:r01:o2:live,1963179,240.007693,3,1.9736366271972656,0.0,12.69991683959961,10.770618438720703,0.2428741455078125,819.0301666259766
2026-07-22T14:14:33.276814+00:00,s030:instance_009:r01:o2:live,1963179,300.009219,3,1.9872360229492188,0.0,12.69991683959961,10.754142761230469,0.2428741455078125,819.0301361083984
2026-07-22T14:15:40.478068+00:00,s030:instance_009:r01:o2:live,1963179,360.010671,3,1.9872398376464844,0.0,12.69991683959961,10.757625579833984,0.2428741455078125,819.0300941467285
2026-07-22T14:16:47.717342+00:00,s030:instance_009:r01:o2:live,1963179,420.012155,3,1.98724365234375,0.0,12.69991683959961,10.760963439941406,0.2428741455078125,819.0300598144531
2026-07-22T14:17:53.046620+00:00,s030:instance_009:r01:o2:live,1963179,480.013797,3,1.9872512817382812,0.0,12.69991683959961,10.756290435791016,0.2428741455078125,819.0300102233887
2026-07-22T14:18:58.966410+00:00,s030:instance_009:r01:o2:live,1963179,540.015337,3,1.9872665405273438,0.0,12.69991683959961,10.763130187988281,0.2428741455078125,819.0341186523438
2026-07-22T14:20:06.251441+00:00,s030:instance_009:r01:o2:live,1963179,600.016813,3,1.9872779846191406,0.0,12.69991683959961,10.758033752441406,0.2428741455078125,819.0303726196289
2026-07-22T14:21:12.177062+00:00,s030:instance_009:r01:o2:live,1963179,660.018283,3,1.9872779846191406,0.0,12.69991683959961,10.76388168334961,0.2428741455078125,819.0299835205078
2026-07-22T14:22:15.107343+00:00,s030:instance_009:r01:o2:live,1963179,720.019813,3,1.9882392883300781,0.0,12.69991683959961,10.765460968017578,0.2428741455078125,819.0299263000488
2026-07-22T14:23:21.057484+00:00,s030:instance_009:r01:o2:live,1963179,780.02162,3,1.9882392883300781,0.0,12.69991683959961,10.761672973632812,0.2428741455078125,819.0298843383789
2026-07-22T14:24:26.945204+00:00,s030:instance_009:r01:o2:live,1963179,840.023335,3,1.9882392883300781,0.0,12.69991683959961,10.752037048339844,0.2428741455078125,819.0298194885254
2026-07-22T14:25:32.800514+00:00,s030:instance_009:r01:o2:live,1963179,900.024783,3,1.9882392883300781,0.0,12.69991683959961,10.763069152832031,0.2428741455078125,819.0297775268555
2026-07-22T14:26:38.723941+00:00,s030:instance_009:r01:o2:live,1963179,960.026254,3,1.9882392883300781,0.0,12.69991683959961,10.748741149902344,0.2428741455078125,819.0297431945801
2026-07-22T14:27:44.638183+00:00,s030:instance_009:r01:o2:live,1963179,1020.027737,3,1.9882392883300781,0.0,12.69991683959961,10.756916046142578,0.2428741455078125,819.0295562744141
2026-07-22T14:28:50.529974+00:00,s030:instance_009:r01:o2:live,1963179,1080.02925,3,1.9882392883300781,0.0,12.69991683959961,10.754009246826172,0.2428741455078125,819.0295104980469
2026-07-22T14:29:53.535001+00:00,s030:instance_009:r01:o2:live,1963179,1140.030761,3,1.9887733459472656,0.0,12.69991683959961,10.751472473144531,0.2428741455078125,819.029468536377
2026-07-22T14:30:59.434588+00:00,s030:instance_009:r01:o2:live,1963179,1200.032359,3,1.9912605285644531,0.0,12.69991683959961,10.753608703613281,0.2428741455078125,819.0294303894043
2026-07-22T14:32:05.327075+00:00,s030:instance_009:r01:o2:live,1963179,1260.034121,3,1.9912605285644531,0.0,12.69991683959961,10.753311157226562,0.2428741455078125,819.0299263000488
2026-07-22T14:32:31.897277+00:00,s030:instance_009:r02:o1:live,2257033,0.001462,1,0.004619598388671875,0.0,12.696407318115234,12.694965362548828,0.2428741455078125,819.0276870727539
2026-07-22T14:33:37.848810+00:00,s030:instance_009:r02:o1:live,2257033,60.003122,4,1.7029762268066406,0.0,12.696407318115234,11.046104431152344,0.2428741455078125,819.0276184082031
2026-07-22T14:34:40.776422+00:00,s030:instance_009:r02:o1:live,2257033,120.004672,4,2.0610885620117188,0.0,12.696407318115234,10.68048095703125,0.2428741455078125,819.0275115966797
2026-07-22T14:35:46.742029+00:00,s030:instance_009:r02:o1:live,2257033,180.006149,4,2.038623809814453,0.0,12.696407318115234,10.708236694335938,0.2428741455078125,819.027473449707
2026-07-22T14:36:52.623390+00:00,s030:instance_009:r02:o1:live,2257033,240.007636,3,1.9413299560546875,0.0,12.696407318115234,10.794746398925781,0.2428741455078125,819.0144386291504
2026-07-22T14:37:58.538208+00:00,s030:instance_009:r02:o1:live,2257033,300.009195,3,1.9516677856445312,0.0,12.696407318115234,10.78963851928711,0.2428741455078125,819.0143966674805
2026-07-22T14:39:04.458409+00:00,s030:instance_009:r02:o1:live,2257033,360.010725,3,1.9516792297363281,0.0,12.696407318115234,10.788314819335938,0.2428741455078125,819.0143623352051
2026-07-22T14:40:10.303325+00:00,s030:instance_009:r02:o1:live,2257033,420.012399,3,1.9516830444335938,0.0,12.696407318115234,10.788654327392578,0.2428741455078125,819.014331817627
2026-07-22T14:41:16.220670+00:00,s030:instance_009:r02:o1:live,2257033,480.013958,3,1.951690673828125,0.0,12.696407318115234,10.785900115966797,0.2428741455078125,819.0142974853516
2026-07-22T14:42:20.632495+00:00,s030:instance_009:r02:o1:live,2257033,540.016579,3,1.951690673828125,0.0,12.696407318115234,10.793296813964844,0.2428741455078125,819.0142478942871
2026-07-22T14:43:26.494124+00:00,s030:instance_009:r02:o1:live,2257033,600.019484,3,1.9516983032226562,0.0,12.696407318115234,10.793350219726562,0.2428741455078125,819.0141944885254
2026-07-22T14:44:32.425831+00:00,s030:instance_009:r02:o1:live,2257033,660.021215,3,1.9517021179199219,0.0,12.696407318115234,10.794178009033203,0.2428741455078125,819.0141487121582
2026-07-22T14:45:35.349076+00:00,s030:instance_009:r02:o1:live,2257033,720.023612,3,1.9517021179199219,0.0,12.696407318115234,10.788105010986328,0.2428741455078125,819.0141143798828
2026-07-22T14:46:41.254651+00:00,s030:instance_009:r02:o1:live,2257033,780.025256,3,1.9526634216308594,0.0,12.696407318115234,10.781829833984375,0.2428741455078125,819.0140686035156
2026-07-22T14:47:47.173260+00:00,s030:instance_009:r02:o1:live,2257033,840.026831,3,1.9526634216308594,0.0,12.696407318115234,10.782630920410156,0.2428741455078125,819.0140266418457
2026-07-22T14:48:53.064661+00:00,s030:instance_009:r02:o1:live,2257033,900.028318,3,1.9526634216308594,0.0,12.696407318115234,10.789134979248047,0.2428741455078125,819.0139846801758
2026-07-22T14:49:58.960605+00:00,s030:instance_009:r02:o1:live,2257033,960.029865,3,1.9526634216308594,0.0,12.696407318115234,10.786754608154297,0.2428741455078125,819.0139465332031
2026-07-22T14:51:04.874847+00:00,s030:instance_009:r02:o1:live,2257033,1020.031395,3,1.9517021179199219,0.0,12.696407318115234,10.791496276855469,0.2428741455078125,819.0139007568359
2026-07-22T14:52:07.844250+00:00,s030:instance_009:r02:o1:live,2257033,1080.03289,3,1.9517021179199219,0.0,12.696407318115234,10.791839599609375,0.2428741455078125,819.0170402526855
2026-07-22T14:53:15.148991+00:00,s030:instance_009:r02:o1:live,2257033,1140.034334,3,1.9526634216308594,0.0,12.696407318115234,10.790962219238281,0.2428741455078125,819.0146255493164
2026-07-22T14:54:21.042559+00:00,s030:instance_009:r02:o1:live,2257033,1200.035776,3,1.9526634216308594,0.0,12.696407318115234,10.813846588134766,0.2428741455078125,819.0137329101562
2026-07-22T14:54:59.767470+00:00,s030:instance_009:r02:o2:no_cut,2541176,0.001667,1,0.00472259521484375,0.0,12.733253479003906,12.733665466308594,0.2428741455078125,819.0116386413574
2026-07-22T14:56:05.654658+00:00,s030:instance_009:r02:o2:no_cut,2541176,60.00317,4,1.7018318176269531,0.0,12.733253479003906,11.084091186523438,0.2428741455078125,819.0115699768066
2026-07-22T14:57:11.598875+00:00,s030:instance_009:r02:o2:no_cut,2541176,120.004797,4,2.063518524169922,0.0,12.733253479003906,10.719951629638672,0.2428741455078125,819.0115203857422
2026-07-22T14:58:14.533248+00:00,s030:instance_009:r02:o2:no_cut,2541176,180.006286,4,2.065887451171875,0.0,12.733253479003906,10.714828491210938,0.2428741455078125,819.011474609375
2026-07-22T14:59:21.858243+00:00,s030:instance_009:r02:o2:no_cut,2541176,240.007911,3,1.8937034606933594,0.0,12.733253479003906,10.87765121459961,0.2428741455078125,818.9984436035156
2026-07-22T15:00:27.812975+00:00,s030:instance_009:r02:o2:no_cut,2541176,300.009496,3,1.8937187194824219,0.0,12.733253479003906,10.878837585449219,0.2428741455078125,818.998405456543
2026-07-22T15:01:30.686098+00:00,s030:instance_009:r02:o2:no_cut,2541176,360.010959,3,1.8937263488769531,0.0,12.733253479003906,10.87457275390625,0.2428741455078125,818.9983673095703
2026-07-22T15:02:36.578864+00:00,s030:instance_009:r02:o2:no_cut,2541176,420.012437,3,1.8937301635742188,0.0,12.733253479003906,10.866920471191406,0.2428741455078125,818.9983291625977
2026-07-22T15:03:42.486578+00:00,s030:instance_009:r02:o2:no_cut,2541176,480.013924,3,1.8947410583496094,0.0,12.733253479003906,10.871978759765625,0.2428741455078125,818.9982872009277
2026-07-22T15:04:48.405472+00:00,s030:instance_009:r02:o2:no_cut,2541176,540.015394,3,1.8947410583496094,0.0,12.733253479003906,10.869983673095703,0.2428741455078125,818.998851776123
2026-07-22T15:05:54.321510+00:00,s030:instance_009:r02:o2:no_cut,2541176,600.016857,3,1.894744873046875,0.0,12.733253479003906,10.87197494506836,0.2428741455078125,818.9987716674805
2026-07-22T15:07:00.272296+00:00,s030:instance_009:r02:o2:no_cut,2541176,660.018323,3,1.894744873046875,0.0,12.733253479003906,10.86642074584961,0.2428741455078125,818.9987258911133
2026-07-22T15:08:06.113614+00:00,s030:instance_009:r02:o2:no_cut,2541176,720.019756,3,1.894744873046875,0.0,12.733253479003906,10.870414733886719,0.2428741455078125,818.9986763000488
2026-07-22T15:08:28.240899+00:00,s030:instance_009:r03:o1:no_cut,2716756,0.001379,1,0.004352569580078125,0.0,12.713645935058594,12.713470458984375,0.2428741455078125,818.9968528747559
2026-07-22T15:09:34.169572+00:00,s030:instance_009:r03:o1:no_cut,2716756,60.002946,4,1.7024383544921875,0.0,12.713645935058594,11.06582260131836,0.2428741455078125,818.9967727661133
2026-07-22T15:10:40.075086+00:00,s030:instance_009:r03:o1:no_cut,2716756,120.004473,4,2.1040725708007812,0.0,12.713645935058594,10.660701751708984,0.2428741455078125,818.996753692627
2026-07-22T15:11:45.986889+00:00,s030:instance_009:r03:o1:no_cut,2716756,180.005956,4,2.12493896484375,0.0,12.713645935058594,10.642494201660156,0.2428741455078125,818.996711730957
2026-07-22T15:12:51.915754+00:00,s030:instance_009:r03:o1:no_cut,2716756,240.007558,3,1.8810844421386719,0.0,12.713645935058594,10.875782012939453,0.2428741455078125,818.9836845397949
2026-07-22T15:13:54.873897+00:00,s030:instance_009:r03:o1:no_cut,2716756,300.009013,3,1.4180793762207031,0.0,12.713645935058594,11.34200668334961,0.2428741455078125,818.983642578125
2026-07-22T15:15:00.762148+00:00,s030:instance_009:r03:o1:no_cut,2716756,360.010537,3,1.4180793762207031,0.0,12.713645935058594,11.339950561523438,0.2428741455078125,818.9835929870605
2026-07-22T15:16:06.721284+00:00,s030:instance_009:r03:o1:no_cut,2716756,420.01211,3,1.4181365966796875,0.0,12.713645935058594,11.340614318847656,0.2428741455078125,818.9835586547852
2026-07-22T15:17:12.875187+00:00,s030:instance_009:r03:o1:no_cut,2716756,480.013575,3,1.4191436767578125,0.0,12.713645935058594,11.340038299560547,0.2428741455078125,818.983512878418
2026-07-22T15:18:18.708496+00:00,s030:instance_009:r03:o1:no_cut,2716756,540.015111,3,1.4191436767578125,0.0,12.713645935058594,11.344104766845703,0.2428741455078125,818.9834747314453
2026-07-22T15:19:24.618690+00:00,s030:instance_009:r03:o1:no_cut,2716756,600.016894,3,1.4191436767578125,0.0,12.713645935058594,11.3466796875,0.2428741455078125,818.9834365844727
2026-07-22T15:20:27.578544+00:00,s030:instance_009:r03:o1:no_cut,2716756,660.018774,3,1.4191474914550781,0.0,12.713645935058594,11.342266082763672,0.2428741455078125,818.9833946228027
2026-07-22T15:21:33.488454+00:00,s030:instance_009:r03:o1:no_cut,2716756,720.020334,3,1.4191474914550781,0.0,12.713645935058594,11.338768005371094,0.2428741455078125,818.9833564758301
2026-07-22T15:22:21.215244+00:00,s030:instance_009:r03:o2:live,2897234,0.001322,1,0.0042877197265625,0.0,12.713043212890625,12.71112060546875,0.2428741455078125,818.9814033508301
2026-07-22T15:23:24.159871+00:00,s030:instance_009:r03:o2:live,2897234,60.003278,4,1.7022552490234375,0.0,12.713043212890625,11.052692413330078,0.2428741455078125,818.9813270568848
2026-07-22T15:24:30.035727+00:00,s030:instance_009:r03:o2:live,2897234,120.004789,4,1.9092674255371094,0.0,12.713043212890625,10.85445785522461,0.2428741455078125,818.9812850952148
2026-07-22T15:25:36.031587+00:00,s030:instance_009:r03:o2:live,2897234,180.006633,4,1.9158287048339844,0.0,12.713043212890625,10.850101470947266,0.2428741455078125,818.9827079772949
2026-07-22T15:26:41.893697+00:00,s030:instance_009:r03:o2:live,2897234,240.008086,3,1.650726318359375,0.0,12.713043212890625,11.104862213134766,0.2428741455078125,818.9687156677246
2026-07-22T15:27:47.799695+00:00,s030:instance_009:r03:o2:live,2897234,300.009573,3,1.6309547424316406,0.0,12.713043212890625,11.123878479003906,0.2428741455078125,818.9686737060547
2026-07-22T15:28:53.715081+00:00,s030:instance_009:r03:o2:live,2897234,360.011048,3,1.6328926086425781,0.0,12.713043212890625,11.11813735961914,0.2428741455078125,818.9684867858887
2026-07-22T15:29:59.656265+00:00,s030:instance_009:r03:o2:live,2897234,420.012468,3,1.6329002380371094,0.0,12.713043212890625,11.113914489746094,0.2428741455078125,818.968448638916
2026-07-22T15:31:03.979241+00:00,s030:instance_009:r03:o2:live,2897234,480.013948,3,1.632904052734375,0.0,12.713043212890625,11.109237670898438,0.2428741455078125,818.9684066772461
2026-07-22T15:32:09.856155+00:00,s030:instance_009:r03:o2:live,2897234,540.015448,3,1.632904052734375,0.0,12.713043212890625,11.116897583007812,0.2428741455078125,818.9683723449707
2026-07-22T15:33:15.757414+00:00,s030:instance_009:r03:o2:live,2897234,600.016988,3,1.8453598022460938,0.0,12.713043212890625,10.905364990234375,0.2428741455078125,818.968334197998
2026-07-22T15:34:18.709010+00:00,s030:instance_009:r03:o2:live,2897234,660.018456,3,1.7144813537597656,0.0,12.713043212890625,11.035350799560547,0.2428741455078125,818.9683036804199
2026-07-22T15:35:24.648370+00:00,s030:instance_009:r03:o2:live,2897234,720.019978,3,1.7144813537597656,0.0,12.713043212890625,11.030998229980469,0.2428741455078125,818.9682655334473
2026-07-22T15:36:30.524264+00:00,s030:instance_009:r03:o2:live,2897234,780.021667,3,1.7154426574707031,0.0,12.713043212890625,11.031814575195312,0.2428741455078125,818.9682083129883
2026-07-22T15:37:36.467042+00:00,s030:instance_009:r03:o2:live,2897234,840.023341,3,1.7144813537597656,0.0,12.713043212890625,11.031322479248047,0.2428741455078125,818.9681777954102
2026-07-22T15:38:42.352605+00:00,s030:instance_009:r03:o2:live,2897234,900.024794,3,1.7154426574707031,0.0,12.713043212890625,11.02286148071289,0.2428741455078125,818.9686698913574
2026-07-22T15:39:48.268204+00:00,s030:instance_009:r03:o2:live,2897234,960.026382,3,1.7154426574707031,0.0,12.713043212890625,11.025936126708984,0.2428741455078125,818.9686393737793
2026-07-22T15:40:52.577411+00:00,s030:instance_009:r03:o2:live,2897234,1020.027888,3,1.7154426574707031,0.0,12.713043212890625,11.028682708740234,0.2428741455078125,818.9686012268066
2026-07-22T15:41:58.533729+00:00,s030:instance_009:r03:o2:live,2897234,1080.029312,3,1.7173652648925781,0.0,12.713043212890625,11.019111633300781,0.2428741455078125,818.9685668945312
2026-07-22T15:43:04.463918+00:00,s030:instance_009:r03:o2:live,2897234,1140.031108,3,1.7173652648925781,0.0,12.713043212890625,11.023792266845703,0.2428741455078125,818.9685249328613
2026-07-22T15:44:10.345438+00:00,s030:instance_009:r03:o2:live,2897234,1200.032544,3,1.7173652648925781,0.0,12.713043212890625,11.028759002685547,0.2428741455078125,818.9684829711914
2026-07-22T15:45:13.293090+00:00,s030:instance_009:r03:o2:live,2897234,1260.034016,3,1.7192878723144531,0.0,12.713043212890625,11.023635864257812,0.2428741455078125,818.9684448242188
2026-07-22T15:46:19.226874+00:00,s030:instance_009:r03:o2:live,2897234,1320.035558,3,1.7192916870117188,0.0,12.713043212890625,11.01251220703125,0.2428741455078125,818.9683990478516
2026-07-22T15:47:25.114292+00:00,s030:instance_009:r03:o2:live,2897234,1380.037198,3,1.7192916870117188,0.0,12.713043212890625,11.016380310058594,0.2428741455078125,818.9683609008789
2026-07-22T15:48:31.050178+00:00,s030:instance_009:r03:o2:live,2897234,1440.038744,3,1.7192916870117188,0.0,12.713043212890625,11.014610290527344,0.2428741455078125,818.968334197998
2026-07-22T15:49:36.963239+00:00,s030:instance_009:r03:o2:live,2897234,1500.040202,3,1.7192916870117188,0.0,12.713043212890625,11.022392272949219,0.2428741455078125,818.9682884216309
2026-07-22T15:50:39.925601+00:00,s030:instance_009:r03:o2:live,2897234,1560.041816,3,1.7192916870117188,0.0,12.713043212890625,11.017417907714844,0.2428741455078125,818.96826171875
2026-07-22T15:51:47.224036+00:00,s030:instance_009:r03:o2:live,2897234,1620.043449,3,1.7202529907226562,0.0,12.713043212890625,11.01248550415039,0.2428741455078125,818.9682159423828
2026-07-22T15:51:49.129765+00:00,s030:instance_010:r01:o1:live,3271999,0.001426,1,0.004505157470703125,0.0,12.687877655029297,12.688114166259766,0.2428741455078125,818.9655799865723
2026-07-22T15:52:55.006725+00:00,s030:instance_010:r01:o1:live,3271999,60.00292,4,1.5802383422851562,0.0,12.687877655029297,11.159309387207031,0.2428741455078125,818.9654846191406
2026-07-22T15:54:00.938156+00:00,s030:instance_010:r01:o1:live,3271999,120.004548,4,1.8676376342773438,0.0,12.687877655029297,10.870609283447266,0.2428741455078125,818.9654350280762
2026-07-22T15:55:06.893428+00:00,s030:instance_010:r01:o1:live,3271999,180.006034,4,2.066577911376953,0.0,12.687877655029297,10.673038482666016,0.2428741455078125,818.9653930664062
2026-07-22T15:56:12.729622+00:00,s030:instance_010:r01:o1:live,3271999,240.007795,4,2.0591049194335938,0.0,12.687877655029297,10.67679214477539,0.2428741455078125,818.9653549194336
2026-07-22T15:57:15.718831+00:00,s030:instance_010:r01:o1:live,3271999,300.010151,3,2.0301475524902344,0.0,12.687877655029297,10.697242736816406,0.2428741455078125,818.9489440917969
2026-07-22T15:57:27.083733+00:00,s030:instance_010:r01:o2:no_cut,3345748,0.001624,1,0.004505157470703125,0.0,12.684669494628906,12.684349060058594,0.2428741455078125,818.9487495422363
2026-07-22T15:58:30.015902+00:00,s030:instance_010:r01:o2:no_cut,3345748,60.003133,4,1.7704238891601562,0.0,12.684669494628906,10.974864959716797,0.2428741455078125,818.951244354248
2026-07-22T15:59:35.885261+00:00,s030:instance_010:r01:o2:no_cut,3345748,120.00464,4,1.8787994384765625,0.0,12.684669494628906,10.86850357055664,0.2428741455078125,818.9488716125488
2026-07-22T16:00:41.753226+00:00,s030:instance_010:r01:o2:no_cut,3345748,180.006203,4,2.1041908264160156,0.0,12.684669494628906,10.634246826171875,0.2428741455078125,818.9488296508789
2026-07-22T16:01:47.694708+00:00,s030:instance_010:r01:o2:no_cut,3345748,240.007666,4,2.1358985900878906,0.0,12.684669494628906,10.601619720458984,0.2428741455078125,818.9487838745117
2026-07-22T16:02:48.379590+00:00,s030:instance_010:r02:o1:no_cut,3416085,0.001391,1,0.00441741943359375,0.0,12.688030242919922,12.68710708618164,0.2428741455078125,818.9320602416992
2026-07-22T16:03:54.333297+00:00,s030:instance_010:r02:o1:no_cut,3416085,60.00294,4,1.5844802856445312,0.0,12.688030242919922,11.15750503540039,0.2428741455078125,818.9319877624512
2026-07-22T16:04:57.291554+00:00,s030:instance_010:r02:o1:no_cut,3416085,120.004542,4,1.8689193725585938,0.0,12.688030242919922,10.874595642089844,0.2428741455078125,818.9319458007812
2026-07-22T16:06:03.147591+00:00,s030:instance_010:r02:o1:no_cut,3416085,180.006048,4,2.0708236694335938,0.0,12.688030242919922,10.660762786865234,0.2428741455078125,818.9319038391113
2026-07-22T16:07:09.059305+00:00,s030:instance_010:r02:o1:no_cut,3416085,240.007527,4,2.0930862426757812,0.0,12.688030242919922,10.642875671386719,0.2428741455078125,818.931884765625
2026-07-22T16:08:13.422187+00:00,s030:instance_010:r02:o1:no_cut,3416085,300.009095,3,2.03912353515625,0.0,12.688030242919922,10.689777374267578,0.2428741455078125,818.9154853820801
2026-07-22T16:08:24.722416+00:00,s030:instance_010:r02:o2:live,3489760,0.001488,1,0.004688262939453125,0.0,12.686542510986328,12.686595916748047,0.2428741455078125,818.9152870178223
2026-07-22T16:09:29.109371+00:00,s030:instance_010:r02:o2:live,3489760,60.003004,4,1.3879318237304688,0.0,12.686542510986328,11.353355407714844,0.2428741455078125,818.9152221679688
2026-07-22T16:10:34.958844+00:00,s030:instance_010:r02:o2:live,3489760,120.004572,4,1.8472518920898438,0.0,12.686542510986328,10.890995025634766,0.2428741455078125,818.9150314331055
2026-07-22T16:11:40.903472+00:00,s030:instance_010:r02:o2:live,3489760,180.006179,4,1.9010887145996094,0.0,12.686542510986328,10.837806701660156,0.2428741455078125,818.9154968261719
2026-07-22T16:12:46.748871+00:00,s030:instance_010:r02:o2:live,3489760,240.007671,4,1.9010887145996094,0.0,12.686542510986328,10.83157730102539,0.2428741455078125,818.9154586791992
2026-07-22T16:13:32.223349+00:00,s030:instance_010:r03:o1:live,3557353,0.001623,1,0.004795074462890625,0.0,12.68228530883789,12.680843353271484,0.2428741455078125,818.9011917114258
2026-07-22T16:14:38.086126+00:00,s030:instance_010:r03:o1:live,3557353,60.003432,4,1.7574958801269531,0.0,12.68228530883789,10.969436645507812,0.2428741455078125,818.9011154174805
2026-07-22T16:15:43.997731+00:00,s030:instance_010:r03:o1:live,3557353,120.004952,4,1.8807296752929688,0.0,12.68228530883789,10.84598159790039,0.2428741455078125,818.9010734558105
2026-07-22T16:16:49.891433+00:00,s030:instance_010:r03:o1:live,3557353,180.006482,4,2.1003189086914062,0.0,12.68228530883789,10.628337860107422,0.2428741455078125,818.9010314941406
2026-07-22T16:17:52.853461+00:00,s030:instance_010:r03:o1:live,3557353,240.008009,4,2.137939453125,0.0,12.68228530883789,10.591625213623047,0.2428741455078125,818.901008605957
2026-07-22T16:18:58.778783+00:00,s030:instance_010:r03:o1:live,3557353,300.009578,3,2.0587921142578125,0.0,12.68228530883789,10.666576385498047,0.2428741455078125,818.8846168518066
2026-07-22T16:19:04.331403+00:00,s030:instance_010:r03:o2:no_cut,3630002,0.001655,1,0.00482940673828125,0.0,12.686309814453125,12.68508529663086,0.2428741455078125,818.8844261169434
2026-07-22T16:20:10.221803+00:00,s030:instance_010:r03:o2:no_cut,3630002,60.003218,4,1.6341094970703125,0.0,12.686309814453125,11.101753234863281,0.2428741455078125,818.8843612670898
2026-07-22T16:21:16.152782+00:00,s030:instance_010:r03:o2:no_cut,3630002,120.004794,4,1.8002586364746094,0.0,12.686309814453125,10.935123443603516,0.2428741455078125,818.8843231201172
2026-07-22T16:22:22.087518+00:00,s030:instance_010:r03:o2:no_cut,3630002,180.006335,4,2.082164764404297,0.0,12.686309814453125,10.648658752441406,0.2428741455078125,818.8842887878418
2026-07-22T16:23:27.927403+00:00,s030:instance_010:r03:o2:no_cut,3630002,240.007876,4,2.1190147399902344,0.0,12.686309814453125,10.614810943603516,0.2428741455078125,818.8842544555664
2026-07-22T16:24:33.824103+00:00,s030:instance_010:r03:o2:no_cut,3630002,300.009444,3,2.0306968688964844,0.0,12.686309814453125,10.693687438964844,0.2428741455078125,818.8678436279297
2026-07-22T16:24:41.478336+00:00,s030:instance_011:r01:o1:no_cut,3703593,0.001343,1,0.0043792724609375,0.0,12.682975769042969,12.682014465332031,0.2428741455078125,818.8676414489746
2026-07-22T16:25:47.421169+00:00,s030:instance_011:r01:o1:no_cut,3703593,60.002967,4,1.9116630554199219,0.0,12.682975769042969,10.82122802734375,0.2428741455078125,818.8675575256348
2026-07-22T16:26:53.307572+00:00,s030:instance_011:r01:o1:no_cut,3703593,120.004528,3,1.9532127380371094,0.0,12.682975769042969,10.772552490234375,0.2428741455078125,818.8558883666992
2026-07-22T16:26:54.905257+00:00,s030:instance_011:r01:o2:live,3732224,0.001647,1,0.004795074462890625,0.0,12.67745590209961,12.676544189453125,0.2428741455078125,818.8556976318359
2026-07-22T16:27:57.868094+00:00,s030:instance_011:r01:o2:live,3732224,60.003176,4,1.9187583923339844,0.0,12.67745590209961,10.809322357177734,0.2428741455078125,818.8556175231934
2026-07-22T16:29:03.789047+00:00,s030:instance_011:r01:o2:live,3732224,120.004707,3,1.9701042175292969,0.0,12.67745590209961,10.750953674316406,0.2428741455078125,818.8439445495605
2026-07-22T16:29:05.235630+00:00,s030:instance_011:r02:o1:live,3760982,0.001369,1,0.00437164306640625,0.0,12.682140350341797,12.680221557617188,0.2428741455078125,818.84375
2026-07-22T16:30:11.176010+00:00,s030:instance_011:r02:o1:live,3760982,60.002941,4,1.9137496948242188,0.0,12.682140350341797,10.81618881225586,0.2428741455078125,818.8436813354492
2026-07-22T16:31:17.052564+00:00,s030:instance_011:r02:o1:live,3760982,120.00442,3,1.9378738403320312,0.0,12.682140350341797,10.788280487060547,0.2428741455078125,818.8346710205078
2026-07-22T16:31:18.799397+00:00,s030:instance_011:r02:o2:no_cut,3789702,0.002164,1,0.006183624267578125,0.0,12.684703826904297,12.68326187133789,0.2428741455078125,818.8344841003418
2026-07-22T16:32:24.699908+00:00,s030:instance_011:r02:o2:no_cut,3789702,60.003752,4,1.9208946228027344,0.0,12.684703826904297,10.813949584960938,0.2428741455078125,818.8328666687012
2026-07-22T16:33:30.601340+00:00,s030:instance_011:r02:o2:no_cut,3789702,120.006205,3,1.9637031555175781,0.0,12.684703826904297,10.668025970458984,0.2428741455078125,818.820068359375
2026-07-22T16:33:31.750008+00:00,s030:instance_011:r03:o1:no_cut,3817046,0.002384,1,0.006107330322265625,0.0,12.592544555664062,12.592021942138672,0.2428741455078125,818.8198738098145
2026-07-22T16:34:37.635600+00:00,s030:instance_011:r03:o1:no_cut,3817046,60.003989,4,1.7910499572753906,0.0,12.592544555664062,10.94619369506836,0.2428741455078125,818.8197784423828
2026-07-22T16:35:41.979319+00:00,s030:instance_011:r03:o1:no_cut,3817046,120.005572,3,1.9551277160644531,0.0,12.592544555664062,10.776508331298828,0.2428741455078125,818.8081169128418
2026-07-22T16:35:43.176696+00:00,s030:instance_011:r03:o2:live,3845602,0.001916,1,0.00569915771484375,0.0,12.683330535888672,12.681411743164062,0.2428741455078125,818.8079261779785
2026-07-22T16:36:46.143897+00:00,s030:instance_011:r03:o2:live,3845602,60.003465,4,1.9012413024902344,0.0,12.683330535888672,10.831886291503906,0.2428741455078125,818.8078460693359
2026-07-22T16:37:53.438758+00:00,s030:instance_011:r03:o2:live,3845602,120.004991,3,1.8780403137207031,0.0,12.683330535888672,10.850753784179688,0.2428741455078125,818.7961883544922
2026-07-22T16:37:55.185310+00:00,s030:instance_012:r01:o1:live,3874765,0.001611,1,0.00481414794921875,0.0,12.683395385742188,12.681953430175781,0.2428741455078125,818.7959938049316
2026-07-22T16:39:01.075436+00:00,s030:instance_012:r01:o1:live,3874765,60.003181,4,1.802886962890625,0.0,12.683395385742188,10.936405181884766,0.2428741455078125,818.7959213256836
2026-07-22T16:40:07.019070+00:00,s030:instance_012:r01:o1:live,3874765,120.004701,4,1.8656387329101562,0.0,12.683395385742188,10.874237060546875,0.2428741455078125,818.7958831787109
2026-07-22T16:41:12.905802+00:00,s030:instance_012:r01:o1:live,3874765,180.006233,4,2.1453628540039062,0.0,12.683395385742188,10.591289520263672,0.2428741455078125,818.7958526611328
2026-07-22T16:42:18.831136+00:00,s030:instance_012:r01:o1:live,3874765,240.007771,4,2.1560325622558594,0.0,12.683395385742188,10.575321197509766,0.2428741455078125,818.7958221435547
2026-07-22T16:43:24.740300+00:00,s030:instance_012:r01:o1:live,3874765,300.009483,4,2.1560325622558594,0.0,12.683395385742188,10.575874328613281,0.2428741455078125,818.7956390380859
2026-07-22T16:44:27.720717+00:00,s030:instance_012:r01:o1:live,3874765,360.010953,3,1.9603538513183594,0.0,12.683395385742188,10.764091491699219,0.2428741455078125,818.7812805175781
2026-07-22T16:45:33.594623+00:00,s030:instance_012:r01:o1:live,3874765,420.012503,3,3.2074050903320312,0.0,12.683395385742188,9.516746520996094,0.2428741455078125,818.7811965942383
2026-07-22T16:46:39.506988+00:00,s030:instance_012:r01:o1:live,3874765,480.014004,3,3.199718475341797,0.0,12.683395385742188,9.523792266845703,0.2428741455078125,818.7811584472656
2026-07-22T16:47:45.410295+00:00,s030:instance_012:r01:o1:live,3874765,540.015631,3,3.199726104736328,0.0,12.683395385742188,9.532981872558594,0.2428741455078125,818.7811317443848
2026-07-22T16:48:51.327326+00:00,s030:instance_012:r01:o1:live,3874765,600.017152,3,3.199726104736328,0.0,12.683395385742188,9.523998260498047,0.2428741455078125,818.7810668945312
2026-07-22T16:49:57.202472+00:00,s030:instance_012:r01:o1:live,3874765,660.018628,3,3.199726104736328,0.0,12.683395385742188,9.561199188232422,0.2428741455078125,818.7810363769531
2026-07-22T16:51:03.114921+00:00,s030:instance_012:r01:o1:live,3874765,720.020168,3,3.199726104736328,0.0,12.683395385742188,9.563972473144531,0.2428741455078125,818.781005859375
2026-07-22T16:52:06.075641+00:00,s030:instance_012:r01:o1:live,3874765,780.021682,3,3.1997337341308594,0.0,12.683395385742188,9.556049346923828,0.2428741455078125,818.7809677124023
2026-07-22T16:53:11.982086+00:00,s030:instance_012:r01:o1:live,3874765,840.02325,3,3.1987953186035156,0.0,12.683395385742188,9.557632446289062,0.2428741455078125,818.7808723449707
2026-07-22T16:54:17.902119+00:00,s030:instance_012:r01:o1:live,3874765,900.02486,3,3.1987953186035156,0.0,12.683395385742188,9.554546356201172,0.2428741455078125,818.780834197998
2026-07-22T16:55:23.782502+00:00,s030:instance_012:r01:o1:live,3874765,960.026623,3,3.1987953186035156,0.0,12.683395385742188,9.555912017822266,0.2428741455078125,818.7808074951172
2026-07-22T16:56:29.665160+00:00,s030:instance_012:r01:o1:live,3874765,1020.028272,3,3.1987953186035156,0.0,12.683395385742188,9.558284759521484,0.2428741455078125,818.7807731628418
2026-07-22T16:57:35.611715+00:00,s030:instance_012:r01:o1:live,3874765,1080.029807,3,3.1987953186035156,0.0,12.683395385742188,9.549823760986328,0.2428741455078125,818.7807350158691
2026-07-22T16:58:38.521576+00:00,s030:instance_012:r01:o1:live,3874765,1140.03136,3,3.1997337341308594,0.0,12.683395385742188,9.549495697021484,0.2428741455078125,818.7807121276855
2026-07-22T16:59:45.816136+00:00,s030:instance_012:r01:o1:live,3874765,1200.032919,3,3.1997337341308594,0.0,12.683395385742188,9.551280975341797,0.2428741455078125,818.7806739807129
2026-07-22T17:00:51.717833+00:00,s030:instance_012:r01:o1:live,3874765,1260.034443,3,3.525470733642578,0.0,12.683395385742188,9.233543395996094,0.2428741455078125,818.780647277832
2026-07-22T17:01:54.692961+00:00,s030:instance_012:r01:o1:live,3874765,1320.036025,3,3.525470733642578,0.0,12.683395385742188,9.227310180664062,0.2428741455078125,818.7806167602539
2026-07-22T17:03:01.997000+00:00,s030:instance_012:r01:o1:live,3874765,1380.037556,3,3.525470733642578,0.0,12.683395385742188,9.222076416015625,0.2428741455078125,818.7805824279785
2026-07-22T17:04:07.894204+00:00,s030:instance_012:r01:o1:live,3874765,1440.039054,3,3.5254783630371094,0.0,12.683395385742188,9.229488372802734,0.2428741455078125,818.7832946777344
2026-07-22T17:05:13.804865+00:00,s030:instance_012:r01:o1:live,3874765,1500.040707,3,3.5254783630371094,0.0,12.683395385742188,9.23428726196289,0.2428741455078125,818.7806549072266
2026-07-22T17:06:16.760238+00:00,s030:instance_012:r01:o1:live,3874765,1560.042218,3,3.5254783630371094,0.0,12.683395385742188,9.220375061035156,0.2428741455078125,818.7840385437012
2026-07-22T17:07:22.647415+00:00,s030:instance_012:r01:o1:live,3874765,1620.043812,3,3.5254783630371094,0.0,12.683395385742188,9.22201919555664,0.2428741455078125,818.7834243774414
2026-07-22T17:08:28.568897+00:00,s030:instance_012:r01:o1:live,3874765,1680.045274,3,3.5254783630371094,0.0,12.683395385742188,9.223583221435547,0.2428741455078125,818.7829360961914
2026-07-22T17:09:34.495110+00:00,s030:instance_012:r01:o1:live,3874765,1740.046855,3,3.5254783630371094,0.0,12.683395385742188,9.219600677490234,0.2428741455078125,818.7824363708496
2026-07-22T17:10:40.357958+00:00,s030:instance_012:r01:o1:live,3874765,1800.048386,3,3.5254783630371094,0.0,12.683395385742188,9.219188690185547,0.2428741455078125,818.7819442749023
2026-07-22T17:11:46.231793+00:00,s030:instance_012:r01:o1:live,3874765,1860.049902,3,3.5254783630371094,0.0,12.683395385742188,9.221275329589844,0.2428741455078125,818.7815208435059
2026-07-22T17:12:52.153821+00:00,s030:instance_012:r01:o1:live,3874765,1920.051429,3,3.5254783630371094,0.0,12.683395385742188,9.225631713867188,0.2428741455078125,818.7809715270996
2026-07-22T17:13:55.094827+00:00,s030:instance_012:r01:o1:live,3874765,1980.052992,3,3.5254783630371094,0.0,12.683395385742188,9.213203430175781,0.2428741455078125,818.7804718017578
2026-07-22T17:15:01.034843+00:00,s030:instance_012:r01:o1:live,3874765,2040.054449,3,3.5254783630371094,0.0,12.683395385742188,9.216873168945312,0.2428741455078125,818.780387878418
2026-07-22T17:16:06.914321+00:00,s030:instance_012:r01:o1:live,3874765,2100.056074,3,3.5254783630371094,0.0,12.683395385742188,9.21938705444336,0.2428741455078125,818.7803611755371
2026-07-22T17:17:12.813682+00:00,s030:instance_012:r01:o1:live,3874765,2160.057571,3,3.5254783630371094,0.0,12.683395385742188,9.21420669555664,0.2428741455078125,818.7803344726562
2026-07-22T17:18:18.731693+00:00,s030:instance_012:r01:o1:live,3874765,2220.059089,3,3.5254783630371094,0.0,12.683395385742188,9.213695526123047,0.2428741455078125,818.7807464599609
2026-07-22T17:19:24.637502+00:00,s030:instance_012:r01:o1:live,3874765,2280.060599,3,3.5254783630371094,0.0,12.683395385742188,9.221565246582031,0.2428741455078125,818.7807121276855
2026-07-22T17:20:30.516328+00:00,s030:instance_012:r01:o1:live,3874765,2340.062134,3,3.5254783630371094,0.0,12.683395385742188,9.209793090820312,0.2428741455078125,818.7806854248047
2026-07-22T17:21:34.868466+00:00,s030:instance_012:r01:o1:live,3874765,2400.063769,3,3.5254783630371094,0.0,12.683395385742188,9.210273742675781,0.2428741455078125,818.7806625366211
2026-07-22T17:22:40.784756+00:00,s030:instance_012:r01:o1:live,3874765,2460.065253,3,3.5254783630371094,0.0,12.683395385742188,9.211418151855469,0.2428741455078125,818.7806282043457
2026-07-22T17:23:46.691696+00:00,s030:instance_012:r01:o1:live,3874765,2520.067083,3,3.5254783630371094,0.0,12.683395385742188,9.207935333251953,0.2428741455078125,818.7805976867676
2026-07-22T17:24:49.641230+00:00,s030:instance_012:r01:o1:live,3874765,2580.068695,3,3.5254783630371094,0.0,12.683395385742188,9.219436645507812,0.2428741455078125,818.7805709838867
2026-07-22T17:25:55.558595+00:00,s030:instance_012:r01:o1:live,3874765,2640.070213,3,3.5254783630371094,0.0,12.683395385742188,9.209136962890625,0.2428741455078125,818.7805442810059
2026-07-22T17:26:44.183131+00:00,s030:instance_012:r01:o2:no_cut,296973,0.001571,1,0.00460052490234375,0.0,12.691253662109375,12.6904296875,0.2428741455078125,818.7786407470703
2026-07-22T17:27:47.128238+00:00,s030:instance_012:r01:o2:no_cut,296973,60.003234,4,1.8555755615234375,0.0,12.691253662109375,10.890422821044922,0.2428741455078125,818.7785301208496
2026-07-22T17:28:53.058123+00:00,s030:instance_012:r01:o2:no_cut,296973,120.004903,4,1.9268264770507812,0.0,12.691253662109375,10.815196990966797,0.2428741455078125,818.7784423828125
2026-07-22T17:29:58.924656+00:00,s030:instance_012:r01:o2:no_cut,296973,180.006504,4,2.2271385192871094,0.0,12.691253662109375,10.508926391601562,0.2428741455078125,818.7784080505371
2026-07-22T17:31:04.835145+00:00,s030:instance_012:r01:o2:no_cut,296973,240.008009,4,2.2271385192871094,0.0,12.691253662109375,10.514118194580078,0.2428741455078125,818.7783699035645
2026-07-22T17:32:10.759238+00:00,s030:instance_012:r01:o2:no_cut,296973,300.009639,4,2.2271385192871094,0.0,12.691253662109375,10.51052474975586,0.2428741455078125,818.7783508300781
2026-07-22T17:33:16.691083+00:00,s030:instance_012:r01:o2:no_cut,296973,360.011278,3,1.8052978515625,0.0,12.691253662109375,10.92312240600586,0.2428741455078125,818.7632141113281
2026-07-22T17:34:22.547252+00:00,s030:instance_012:r01:o2:no_cut,296973,420.012865,3,1.8686103820800781,0.0,12.691253662109375,10.868000030517578,0.2428741455078125,818.7631759643555
2026-07-22T17:35:25.503525+00:00,s030:instance_012:r01:o2:no_cut,296973,480.014384,3,1.8686637878417969,0.0,12.691253662109375,10.866325378417969,0.2428741455078125,818.7631492614746
2026-07-22T17:36:31.402693+00:00,s030:instance_012:r01:o2:no_cut,296973,540.015917,3,1.8686637878417969,0.0,12.691253662109375,10.8681640625,0.2428741455078125,818.7666702270508
2026-07-22T17:37:37.304376+00:00,s030:instance_012:r01:o2:no_cut,296973,600.017475,3,2.673614501953125,0.0,12.691253662109375,10.055889129638672,0.2428741455078125,818.763542175293
2026-07-22T17:38:43.210095+00:00,s030:instance_012:r01:o2:no_cut,296973,660.019028,3,3.0863418579101562,0.0,12.691253662109375,9.639636993408203,0.2428741455078125,818.7631607055664
2026-07-22T17:39:49.141363+00:00,s030:instance_012:r01:o2:no_cut,296973,720.020507,3,3.0863418579101562,0.0,12.691253662109375,9.639102935791016,0.2428741455078125,818.7631225585938
2026-07-22T17:40:55.039284+00:00,s030:instance_012:r01:o2:no_cut,296973,780.02213,3,3.0863418579101562,0.0,12.691253662109375,9.642372131347656,0.2428741455078125,818.7630882263184
2026-07-22T17:41:57.995931+00:00,s030:instance_012:r01:o2:no_cut,296973,840.023717,3,3.0111465454101562,0.0,12.691253662109375,9.704341888427734,0.2428741455078125,818.7630577087402
2026-07-22T17:43:03.881379+00:00,s030:instance_012:r01:o2:no_cut,296973,900.02531,3,3.0111465454101562,0.0,12.691253662109375,9.718368530273438,0.2428741455078125,818.7630310058594
2026-07-22T17:44:09.819377+00:00,s030:instance_012:r01:o2:no_cut,296973,960.026819,3,3.0111465454101562,0.0,12.691253662109375,9.718608856201172,0.2428741455078125,818.7629547119141
2026-07-22T17:45:15.708710+00:00,s030:instance_012:r01:o2:no_cut,296973,1020.028345,3,2.970947265625,0.0,12.691253662109375,9.74283218383789,0.2428741455078125,818.7629318237305
2026-07-22T17:46:21.672350+00:00,s030:instance_012:r01:o2:no_cut,296973,1080.029892,3,2.970947265625,0.0,12.691253662109375,9.752246856689453,0.2428741455078125,818.7628974914551
2026-07-22T17:47:27.559620+00:00,s030:instance_012:r01:o2:no_cut,296973,1140.031406,3,2.970947265625,0.0,12.691253662109375,9.750282287597656,0.2428741455078125,818.7628631591797
2026-07-22T17:48:32.918956+00:00,s030:instance_012:r02:o1:no_cut,579365,0.001605,1,0.004627227783203125,0.0,12.675682067871094,12.673519134521484,0.2428741455078125,818.7616157531738
2026-07-22T17:49:35.901754+00:00,s030:instance_012:r02:o1:no_cut,579365,60.003086,4,1.8736343383789062,0.0,12.675682067871094,10.850162506103516,0.2428741455078125,818.7615394592285
2026-07-22T17:50:41.806874+00:00,s030:instance_012:r02:o1:no_cut,579365,120.005079,4,1.9560661315917969,0.0,12.675682067871094,10.770267486572266,0.2428741455078125,818.7619514465332
2026-07-22T17:51:47.671680+00:00,s030:instance_012:r02:o1:no_cut,579365,180.00662,4,2.2223243713378906,0.0,12.675682067871094,10.499702453613281,0.2428741455078125,818.7619171142578
2026-07-22T17:52:53.594025+00:00,s030:instance_012:r02:o1:no_cut,579365,240.008227,4,2.2223243713378906,0.0,12.675682067871094,10.50729751586914,0.2428741455078125,818.7618865966797
2026-07-22T17:53:59.478917+00:00,s030:instance_012:r02:o1:no_cut,579365,300.009874,4,2.2223243713378906,0.0,12.675682067871094,10.506446838378906,0.2428741455078125,818.7618522644043
2026-07-22T17:55:05.384540+00:00,s030:instance_012:r02:o1:no_cut,579365,360.01164,3,1.8374671936035156,0.0,12.675682067871094,10.887340545654297,0.2428741455078125,818.7467269897461
2026-07-22T17:56:08.335849+00:00,s030:instance_012:r02:o1:no_cut,579365,420.013144,3,1.8303146362304688,0.0,12.675682067871094,10.889820098876953,0.2428741455078125,818.7466888427734
2026-07-22T17:57:14.267350+00:00,s030:instance_012:r02:o1:no_cut,579365,480.014648,3,1.8322792053222656,0.0,12.675682067871094,10.887908935546875,0.2428741455078125,818.7466583251953
2026-07-22T17:58:21.536887+00:00,s030:instance_012:r02:o1:no_cut,579365,540.016301,3,1.6000213623046875,0.0,12.675682067871094,11.125083923339844,0.2428741455078125,818.7466354370117
2026-07-22T17:59:27.466598+00:00,s030:instance_012:r02:o1:no_cut,579365,600.017817,3,2.707813262939453,0.0,12.675682067871094,10.011650085449219,0.2428741455078125,818.7466011047363
2026-07-22T18:00:30.437650+00:00,s030:instance_012:r02:o1:no_cut,579365,660.019347,3,3.0821380615234375,0.0,12.675682067871094,9.630966186523438,0.2428741455078125,818.7465744018555
2026-07-22T18:01:36.258312+00:00,s030:instance_012:r02:o1:no_cut,579365,720.020926,3,2.8606224060058594,0.0,12.675682067871094,9.851375579833984,0.2428741455078125,818.7465400695801
2026-07-22T18:02:43.581047+00:00,s030:instance_012:r02:o1:no_cut,579365,780.022486,3,2.860942840576172,0.0,12.675682067871094,9.849491119384766,0.2428741455078125,818.7465171813965
2026-07-22T18:03:46.539202+00:00,s030:instance_012:r02:o1:no_cut,579365,840.024427,3,2.8644752502441406,0.0,12.675682067871094,9.852027893066406,0.2428741455078125,818.7464790344238
2026-07-22T18:04:52.449845+00:00,s030:instance_012:r02:o1:no_cut,579365,900.026132,3,2.8644752502441406,0.0,12.675682067871094,9.85061264038086,0.2428741455078125,818.7464485168457
2026-07-22T18:05:58.378626+00:00,s030:instance_012:r02:o1:no_cut,579365,960.027663,3,2.8644752502441406,0.0,12.675682067871094,9.849456787109375,0.2428741455078125,818.7464141845703
2026-07-22T18:07:05.638176+00:00,s030:instance_012:r02:o1:no_cut,579365,1020.029226,3,2.8644752502441406,0.0,12.675682067871094,9.851333618164062,0.2428741455078125,818.7463874816895
2026-07-22T18:08:08.590839+00:00,s030:instance_012:r02:o1:no_cut,579365,1080.030765,3,2.8644752502441406,0.0,12.675682067871094,9.848075866699219,0.2428741455078125,818.7463569641113
2026-07-22T18:09:14.515932+00:00,s030:instance_012:r02:o1:no_cut,579365,1140.032385,3,2.8644752502441406,0.0,12.675682067871094,9.849990844726562,0.2428741455078125,818.7463302612305
2026-07-22T18:10:15.531305+00:00,s030:instance_012:r02:o2:live,860412,0.001477,1,0.004547119140625,0.0,12.683422088623047,12.684452056884766,0.2428741455078125,818.7464904785156
2026-07-22T18:11:21.446598+00:00,s030:instance_012:r02:o2:live,860412,60.00302,4,1.8697013854980469,0.0,12.683422088623047,10.861763000488281,0.2428741455078125,818.7454032897949
2026-07-22T18:12:27.368268+00:00,s030:instance_012:r02:o2:live,860412,120.00472,4,1.9410171508789062,0.0,12.683422088623047,10.788150787353516,0.2428741455078125,818.7453346252441
2026-07-22T18:13:30.284147+00:00,s030:instance_012:r02:o2:live,860412,180.006456,4,2.2271728515625,0.0,12.683422088623047,10.500240325927734,0.2428741455078125,818.7452087402344
2026-07-22T18:14:36.209078+00:00,s030:instance_012:r02:o2:live,860412,240.008084,4,2.2271728515625,0.0,12.683422088623047,10.498382568359375,0.2428741455078125,818.7451858520508
2026-07-22T18:15:42.066515+00:00,s030:instance_012:r02:o2:live,860412,300.009886,4,2.2271728515625,0.0,12.683422088623047,10.500595092773438,0.2428741455078125,818.7451438903809
2026-07-22T18:16:49.397569+00:00,s030:instance_012:r02:o2:live,860412,360.011439,3,1.6822662353515625,0.0,12.683422088623047,11.03982162475586,0.2428741455078125,818.7299118041992
2026-07-22T18:17:52.361248+00:00,s030:instance_012:r02:o2:live,860412,420.013027,3,2.3161048889160156,0.0,12.683422088623047,10.409469604492188,0.2428741455078125,818.7298698425293
2026-07-22T18:18:58.255737+00:00,s030:instance_012:r02:o2:live,860412,480.014527,3,2.8669586181640625,0.0,12.683422088623047,9.84439468383789,0.2428741455078125,818.7298431396484
2026-07-22T18:20:04.135815+00:00,s030:instance_012:r02:o2:live,860412,540.01614,3,2.935741424560547,0.0,12.683422088623047,9.778633117675781,0.2428741455078125,818.7298126220703
2026-07-22T18:21:10.038519+00:00,s030:instance_012:r02:o2:live,860412,600.017606,3,2.935741424560547,0.0,12.683422088623047,9.780265808105469,0.2428741455078125,818.7297744750977
2026-07-22T18:22:15.939550+00:00,s030:instance_012:r02:o2:live,860412,660.019104,3,3.1360397338867188,0.0,12.683422088623047,9.579170227050781,0.2428741455078125,818.7297515869141
2026-07-22T18:23:21.853054+00:00,s030:instance_012:r02:o2:live,860412,720.020719,3,3.1360397338867188,0.0,12.683422088623047,9.577320098876953,0.2428741455078125,818.7297134399414
2026-07-22T18:24:27.777431+00:00,s030:instance_012:r02:o2:live,860412,780.022422,3,3.1360397338867188,0.0,12.683422088623047,9.578659057617188,0.2428741455078125,818.7301330566406
2026-07-22T18:25:30.722421+00:00,s030:instance_012:r02:o2:live,860412,840.024105,3,3.4157447814941406,0.0,12.683422088623047,9.30419921875,0.2428741455078125,818.7300910949707
2026-07-22T18:26:36.620409+00:00,s030:instance_012:r02:o2:live,860412,900.025603,3,3.133441925048828,0.0,12.683422088623047,9.582813262939453,0.2428741455078125,818.7300605773926
2026-07-22T18:27:42.541539+00:00,s030:instance_012:r02:o2:live,860412,960.027106,3,3.132488250732422,0.0,12.683422088623047,9.57376480102539,0.2428741455078125,818.7300338745117
2026-07-22T18:28:48.479077+00:00,s030:instance_012:r02:o2:live,860412,1020.028675,3,3.132488250732422,0.0,12.683422088623047,9.580009460449219,0.2428741455078125,818.7300109863281
2026-07-22T18:29:52.812516+00:00,s030:instance_012:r02:o2:live,860412,1080.030287,3,3.132488250732422,0.0,12.683422088623047,9.579601287841797,0.2428741455078125,818.7299766540527
2026-07-22T18:30:58.721291+00:00,s030:instance_012:r02:o2:live,860412,1140.031945,3,3.132488250732422,0.0,12.683422088623047,9.57839584350586,0.2428741455078125,818.7299537658691
2026-07-22T18:32:04.634809+00:00,s030:instance_012:r02:o2:live,860412,1200.033718,3,3.132488250732422,0.0,12.683422088623047,9.57855224609375,0.2428741455078125,818.7298545837402
2026-07-22T18:33:10.543790+00:00,s030:instance_012:r02:o2:live,860412,1260.03523,3,3.849834442138672,0.0,12.683422088623047,8.863861083984375,0.2428741455078125,818.7298278808594
2026-07-22T18:34:16.446363+00:00,s030:instance_012:r02:o2:live,860412,1320.036716,3,3.6185989379882812,0.0,12.683422088623047,9.098876953125,0.2428741455078125,818.729793548584
2026-07-22T18:35:19.400171+00:00,s030:instance_012:r02:o2:live,860412,1380.038385,3,3.1292686462402344,0.0,12.683422088623047,9.59389877319336,0.2428741455078125,818.7297668457031
2026-07-22T18:36:25.325416+00:00,s030:instance_012:r02:o2:live,860412,1440.040026,3,3.1292686462402344,0.0,12.683422088623047,9.585693359375,0.2428741455078125,818.729736328125
2026-07-22T18:37:31.233807+00:00,s030:instance_012:r02:o2:live,860412,1500.041486,3,3.1292686462402344,0.0,12.683422088623047,9.593330383300781,0.2428741455078125,818.7297096252441
2026-07-22T18:38:37.134677+00:00,s030:instance_012:r02:o2:live,860412,1560.042965,3,3.1292686462402344,0.0,12.683422088623047,9.592254638671875,0.2428741455078125,818.7296752929688
2026-07-22T18:39:43.038967+00:00,s030:instance_012:r02:o2:live,860412,1620.044481,3,3.130229949951172,0.0,12.683422088623047,9.596485137939453,0.2428741455078125,818.7296485900879
2026-07-22T18:40:48.939838+00:00,s030:instance_012:r02:o2:live,860412,1680.045976,3,3.130229949951172,0.0,12.683422088623047,9.592979431152344,0.2428741455078125,818.7296180725098
2026-07-22T18:41:54.863316+00:00,s030:instance_012:r02:o2:live,860412,1740.047562,3,3.148975372314453,0.0,12.683422088623047,9.567813873291016,0.2428741455078125,818.7295913696289
2026-07-22T18:42:57.798993+00:00,s030:instance_012:r02:o2:live,860412,1800.049077,3,3.1503944396972656,0.0,12.683422088623047,9.583023071289062,0.2428741455078125,818.731071472168
2026-07-22T18:44:03.709908+00:00,s030:instance_012:r02:o2:live,860412,1860.050662,3,3.150409698486328,0.0,12.683422088623047,9.57559585571289,0.2428741455078125,818.7297973632812
2026-07-22T18:45:09.627160+00:00,s030:instance_012:r02:o2:live,860412,1920.052206,3,3.150409698486328,0.0,12.683422088623047,9.580169677734375,0.2428741455078125,818.7297515869141
2026-07-22T18:46:15.534124+00:00,s030:instance_012:r02:o2:live,860412,1980.053728,3,4.163532257080078,0.0,12.683422088623047,8.56528091430664,0.2428741455078125,818.7297325134277
2026-07-22T18:47:21.450883+00:00,s030:instance_012:r02:o2:live,860412,2040.055259,3,4.015918731689453,0.0,12.683422088623047,8.71200180053711,0.2428741455078125,818.7295341491699
2026-07-22T18:48:27.317049+00:00,s030:instance_012:r02:o2:live,860412,2100.056799,3,3.623210906982422,0.0,12.683422088623047,9.103065490722656,0.2428741455078125,818.7294998168945
2026-07-22T18:49:33.255749+00:00,s030:instance_012:r02:o2:live,860412,2160.058319,3,3.6251068115234375,0.0,12.683422088623047,9.098701477050781,0.2428741455078125,818.7294540405273
2026-07-22T18:50:36.181377+00:00,s030:instance_012:r02:o2:live,860412,2220.059918,3,3.6264419555664062,0.0,12.683422088623047,9.092620849609375,0.2428741455078125,818.7293815612793
2026-07-22T18:51:19.672183+00:00,s030:instance_012:r03:o1:live,1379040,0.001494,1,0.0043792724609375,0.0,12.688953399658203,12.688308715820312,0.2428741455078125,818.7279319763184
2026-07-22T18:52:22.598576+00:00,s030:instance_012:r03:o1:live,1379040,60.002988,4,1.8639564514160156,0.0,12.688953399658203,10.872825622558594,0.2428741455078125,818.7278594970703
2026-07-22T18:53:28.510133+00:00,s030:instance_012:r03:o1:live,1379040,120.004549,4,1.9544486999511719,0.0,12.688953399658203,10.790096282958984,0.2428741455078125,818.7278289794922
2026-07-22T18:54:34.421424+00:00,s030:instance_012:r03:o1:live,1379040,180.006307,4,2.2259292602539062,0.0,12.688953399658203,10.508529663085938,0.2428741455078125,818.7277984619141
2026-07-22T18:55:40.349800+00:00,s030:instance_012:r03:o1:live,1379040,240.007905,4,2.2259292602539062,0.0,12.688953399658203,10.508785247802734,0.2428741455078125,818.7277679443359
2026-07-22T18:56:44.653840+00:00,s030:instance_012:r03:o1:live,1379040,300.009617,4,2.2259292602539062,0.0,12.688953399658203,10.542469024658203,0.2428741455078125,818.7282104492188
2026-07-22T18:57:50.563889+00:00,s030:instance_012:r03:o1:live,1379040,360.011339,3,1.8943748474121094,0.0,12.688953399658203,10.867534637451172,0.2428741455078125,818.7130317687988
2026-07-22T18:58:56.487678+00:00,s030:instance_012:r03:o1:live,1379040,420.013064,3,2.457794189453125,0.0,12.688953399658203,10.296955108642578,0.2428741455078125,818.7129936218262
2026-07-22T19:00:02.388280+00:00,s030:instance_012:r03:o1:live,1379040,480.014646,3,2.935039520263672,0.0,12.688953399658203,9.822792053222656,0.2428741455078125,818.7129707336426
2026-07-22T19:01:05.354777+00:00,s030:instance_012:r03:o1:live,1379040,540.016192,3,2.935039520263672,0.0,12.688953399658203,9.82110595703125,0.2428741455078125,818.7129364013672
2026-07-22T19:02:12.645695+00:00,s030:instance_012:r03:o1:live,1379040,600.017724,3,2.85113525390625,0.0,12.688953399658203,9.900825500488281,0.2428741455078125,818.7129096984863
2026-07-22T19:03:18.564750+00:00,s030:instance_012:r03:o1:live,1379040,660.019185,3,3.1353416442871094,0.0,12.688953399658203,9.608322143554688,0.2428741455078125,818.7128829956055
2026-07-22T19:04:24.467165+00:00,s030:instance_012:r03:o1:live,1379040,720.02075,3,2.8511428833007812,0.0,12.688953399658203,9.902454376220703,0.2428741455078125,818.7128486633301
2026-07-22T19:05:30.375758+00:00,s030:instance_012:r03:o1:live,1379040,780.022296,3,3.143505096435547,0.0,12.688953399658203,9.610305786132812,0.2428741455078125,818.7128143310547
2026-07-22T19:06:33.312805+00:00,s030:instance_012:r03:o1:live,1379040,840.023911,3,3.414081573486328,0.0,12.688953399658203,9.327938079833984,0.2428741455078125,818.7127876281738
2026-07-22T19:07:39.256376+00:00,s030:instance_012:r03:o1:live,1379040,900.025465,3,3.1317520141601562,0.0,12.688953399658203,9.60916519165039,0.2428741455078125,818.7127532958984
2026-07-22T19:08:45.149724+00:00,s030:instance_012:r03:o1:live,1379040,960.027995,3,3.131755828857422,0.0,12.688953399658203,9.616275787353516,0.2428741455078125,818.712718963623
2026-07-22T19:09:52.469350+00:00,s030:instance_012:r03:o1:live,1379040,1020.029526,3,3.131755828857422,0.0,12.688953399658203,9.614494323730469,0.2428741455078125,818.7126922607422
2026-07-22T19:10:56.812221+00:00,s030:instance_012:r03:o1:live,1379040,1080.031116,3,3.131755828857422,0.0,12.688953399658203,9.613418579101562,0.2428741455078125,818.7126617431641
2026-07-22T19:12:02.686208+00:00,s030:instance_012:r03:o1:live,1379040,1140.032695,3,3.131755828857422,0.0,12.688953399658203,9.620262145996094,0.2428741455078125,818.7126312255859
2026-07-22T19:13:08.629755+00:00,s030:instance_012:r03:o1:live,1379040,1200.034289,3,3.131755828857422,0.0,12.688953399658203,9.615959167480469,0.2428741455078125,818.7125930786133
2026-07-22T19:14:11.555002+00:00,s030:instance_012:r03:o1:live,1379040,1260.035935,3,3.849132537841797,0.0,12.688953399658203,8.894157409667969,0.2428741455078125,818.7125663757324
2026-07-22T19:15:17.463853+00:00,s030:instance_012:r03:o1:live,1379040,1320.037604,3,3.849132537841797,0.0,12.688953399658203,8.896003723144531,0.2428741455078125,818.7163162231445
2026-07-22T19:16:23.376231+00:00,s030:instance_012:r03:o1:live,1379040,1380.039202,3,3.849132537841797,0.0,12.688953399658203,8.894874572753906,0.2428741455078125,818.713020324707
2026-07-22T19:17:29.297745+00:00,s030:instance_012:r03:o1:live,1379040,1440.040772,3,3.1317176818847656,0.0,12.688953399658203,9.622737884521484,0.2428741455078125,818.7126541137695
2026-07-22T19:18:35.179470+00:00,s030:instance_012:r03:o1:live,1379040,1500.04226,3,3.1317176818847656,0.0,12.688953399658203,9.611209869384766,0.2428741455078125,818.7125625610352
2026-07-22T19:19:41.058618+00:00,s030:instance_012:r03:o1:live,1379040,1560.043899,3,3.132678985595703,0.0,12.688953399658203,9.614646911621094,0.2428741455078125,818.712532043457
2026-07-22T19:20:46.990987+00:00,s030:instance_012:r03:o1:live,1379040,1620.045496,3,3.132678985595703,0.0,12.688953399658203,9.616485595703125,0.2428741455078125,818.7124977111816
2026-07-22T19:21:49.954641+00:00,s030:instance_012:r03:o1:live,1379040,1680.047016,3,3.132678985595703,0.0,12.688953399658203,9.615154266357422,0.2428741455078125,818.7124710083008
2026-07-22T19:22:55.848127+00:00,s030:instance_012:r03:o1:live,1379040,1740.048572,3,3.1511306762695312,0.0,12.688953399658203,9.583545684814453,0.2428741455078125,818.7124252319336
2026-07-22T19:24:01.757208+00:00,s030:instance_012:r03:o1:live,1379040,1800.050097,3,3.1524505615234375,0.0,12.688953399658203,9.575881958007812,0.2428741455078125,818.7123413085938
2026-07-22T19:25:07.667391+00:00,s030:instance_012:r03:o1:live,1379040,1860.05166,3,3.152477264404297,0.0,12.688953399658203,9.586200714111328,0.2428741455078125,818.7123184204102
2026-07-22T19:26:13.578843+00:00,s030:instance_012:r03:o1:live,1379040,1920.053267,3,4.162448883056641,0.0,12.688953399658203,8.56985092163086,0.2585906982421875,818.7122840881348
2026-07-22T19:27:19.472324+00:00,s030:instance_012:r03:o1:live,1379040,1980.054879,3,4.162456512451172,0.0,12.688953399658203,8.572219848632812,0.2585906982421875,818.7122459411621
2026-07-22T19:28:22.472944+00:00,s030:instance_012:r03:o1:live,1379040,2040.056688,3,4.0124053955078125,0.0,12.688953399658203,8.716194152832031,0.2585906982421875,818.7122192382812
2026-07-22T19:29:28.294946+00:00,s030:instance_012:r03:o1:live,1379040,2100.058466,3,3.768627166748047,0.0,12.688953399658203,8.957141876220703,0.2585906982421875,818.7121925354004
2026-07-22T19:30:34.191111+00:00,s030:instance_012:r03:o1:live,1379040,2160.060101,3,3.769329071044922,0.0,12.688953399658203,8.94876480102539,0.2585906982421875,818.7125968933105
2026-07-22T19:31:40.144341+00:00,s030:instance_012:r03:o1:live,1379040,2220.061651,3,3.770599365234375,0.0,12.688953399658203,8.943153381347656,0.2585906982421875,818.7125587463379
2026-07-22T19:31:51.009333+00:00,s030:instance_012:r03:o2:no_cut,1894040,0.001472,1,0.004608154296875,0.0,12.684669494628906,12.685012817382812,0.2585906982421875,818.711124420166
2026-07-22T19:32:56.930427+00:00,s030:instance_012:r03:o2:no_cut,1894040,60.003046,4,1.8822822570800781,0.0,12.684669494628906,10.859298706054688,0.2585906982421875,818.7110710144043
2026-07-22T19:34:02.794013+00:00,s030:instance_012:r03:o2:no_cut,1894040,120.004584,4,1.9741706848144531,0.0,12.684669494628906,10.764759063720703,0.2585906982421875,818.7109832763672
2026-07-22T19:35:08.690577+00:00,s030:instance_012:r03:o2:no_cut,1894040,180.006326,4,2.2288780212402344,0.0,12.684669494628906,10.508541107177734,0.2585906982421875,818.7109565734863
2026-07-22T19:36:14.602704+00:00,s030:instance_012:r03:o2:no_cut,1894040,240.008234,4,2.2288780212402344,0.0,12.684669494628906,10.513072967529297,0.2585906982421875,818.7109222412109
2026-07-22T19:37:20.525567+00:00,s030:instance_012:r03:o2:no_cut,1894040,300.009825,4,2.2288780212402344,0.0,12.684669494628906,10.502643585205078,0.2585906982421875,818.7108993530273
2026-07-22T19:38:23.462335+00:00,s030:instance_012:r03:o2:no_cut,1894040,360.011381,3,1.893768310546875,0.0,12.684669494628906,10.838424682617188,0.2585906982421875,818.6957626342773
2026-07-22T19:39:29.357208+00:00,s030:instance_012:r03:o2:no_cut,1894040,420.012883,3,1.8866195678710938,0.0,12.684669494628906,10.838932037353516,0.2585906982421875,818.6957244873047
2026-07-22T19:40:35.282630+00:00,s030:instance_012:r03:o2:no_cut,1894040,480.014503,3,1.8885841369628906,0.0,12.684669494628906,10.845001220703125,0.2585906982421875,818.6956367492676
2026-07-22T19:41:41.182909+00:00,s030:instance_012:r03:o2:no_cut,1894040,540.015966,3,1.7811241149902344,0.0,12.684669494628906,10.8436279296875,0.2585906982421875,818.6954307556152
2026-07-22T19:42:47.093495+00:00,s030:instance_012:r03:o2:no_cut,1894040,600.017519,3,2.7428207397460938,0.0,12.684669494628906,9.973037719726562,0.2585906982421875,818.695369720459
2026-07-22T19:43:53.005102+00:00,s030:instance_012:r03:o2:no_cut,1894040,660.019102,3,2.7185440063476562,0.0,12.684669494628906,9.996341705322266,0.2585906982421875,818.6953353881836
2026-07-22T19:44:58.889920+00:00,s030:instance_012:r03:o2:no_cut,1894040,720.020588,3,2.405181884765625,0.0,12.684669494628906,10.312896728515625,0.2585906982421875,818.6953010559082
2026-07-22T19:46:01.852494+00:00,s030:instance_012:r03:o2:no_cut,1894040,780.022167,3,2.4076004028320312,0.0,12.684669494628906,10.30776596069336,0.2585906982421875,818.6952514648438
2026-07-22T19:47:07.759447+00:00,s030:instance_012:r03:o2:no_cut,1894040,840.023698,3,2.4076004028320312,0.0,12.684669494628906,10.304439544677734,0.2585906982421875,818.6952285766602
2026-07-22T19:48:13.685135+00:00,s030:instance_012:r03:o2:no_cut,1894040,900.025516,3,2.4076004028320312,0.0,12.684669494628906,10.308662414550781,0.2585906982421875,818.6979179382324
2026-07-22T19:49:19.592938+00:00,s030:instance_012:r03:o2:no_cut,1894040,960.027141,3,2.4076004028320312,0.0,12.684669494628906,10.31521987915039,0.2585906982421875,818.6953125
2026-07-22T19:50:25.496657+00:00,s030:instance_012:r03:o2:no_cut,1894040,1020.028932,3,2.4076004028320312,0.0,12.684669494628906,10.30471420288086,0.2585906982421875,818.6952896118164
2026-07-22T19:51:19.414229+00:00,s030:instance_013:r01:o1:no_cut,2145818,0.001524,1,0.004703521728515625,0.0,12.674407958984375,12.67684555053711,0.2585906982421875,818.6939849853516
2026-07-22T19:52:25.337284+00:00,s030:instance_013:r01:o1:no_cut,2145818,60.003073,4,1.3165054321289062,0.0,12.674407958984375,11.420047760009766,0.2585906982421875,818.6939163208008
2026-07-22T19:53:31.277448+00:00,s030:instance_013:r01:o1:no_cut,2145818,120.005155,4,1.9797096252441406,0.0,12.674407958984375,10.748035430908203,0.2585906982421875,818.6938629150391
2026-07-22T19:54:37.127522+00:00,s030:instance_013:r01:o1:no_cut,2145818,180.006753,4,2.093841552734375,0.0,12.674407958984375,10.630180358886719,0.2585906982421875,818.6938285827637
2026-07-22T19:55:43.056222+00:00,s030:instance_013:r01:o1:no_cut,2145818,240.008324,4,2.0949859619140625,0.0,12.674407958984375,10.625572204589844,0.2585906982421875,818.6938056945801
2026-07-22T19:56:48.960727+00:00,s030:instance_013:r01:o1:no_cut,2145818,300.009919,4,2.0949859619140625,0.0,12.674407958984375,10.626033782958984,0.2585906982421875,818.6937713623047
2026-07-22T19:57:51.933498+00:00,s030:instance_013:r01:o1:no_cut,2145818,360.011464,4,2.0949859619140625,0.0,12.674407958984375,10.627601623535156,0.2585906982421875,818.6937370300293
2026-07-22T19:58:57.818861+00:00,s030:instance_013:r01:o1:no_cut,2145818,420.013219,3,1.7442131042480469,0.0,12.674407958984375,10.97262954711914,0.2585906982421875,818.6787109375
2026-07-22T19:59:14.658637+00:00,s030:instance_013:r01:o2:live,2251023,0.001445,1,0.004489898681640625,0.0,12.676006317138672,12.6748046875,0.2585906982421875,818.6785087585449
2026-07-22T20:00:21.342222+00:00,s030:instance_013:r01:o2:live,2251023,60.003578,4,1.3166656494140625,0.0,12.676006317138672,11.440788269042969,0.2585906982421875,818.6784400939941
2026-07-22T20:01:24.976064+00:00,s030:instance_013:r01:o2:live,2251023,120.006934,4,2.0300521850585938,0.0,12.676006317138672,10.727130889892578,0.2585906982421875,818.6784019470215
2026-07-22T20:02:32.150671+00:00,s030:instance_013:r01:o2:live,2251023,180.008521,4,2.109813690185547,0.0,12.676006317138672,10.637577056884766,0.2585906982421875,818.6783790588379
2026-07-22T20:03:39.350017+00:00,s030:instance_013:r01:o2:live,2251023,240.0101,4,2.111835479736328,0.0,12.676006317138672,10.63833999633789,0.2585906982421875,818.6787986755371
2026-07-22T20:04:46.573010+00:00,s030:instance_013:r01:o2:live,2251023,300.011646,4,2.1118392944335938,0.0,12.676006317138672,10.641685485839844,0.2585906982421875,818.6787643432617
2026-07-22T20:05:53.753923+00:00,s030:instance_013:r01:o2:live,2251023,360.013237,4,2.1118392944335938,0.0,12.676006317138672,10.639404296875,0.2585906982421875,818.6787376403809
2026-07-22T20:07:00.999152+00:00,s030:instance_013:r01:o2:live,2251023,420.014855,3,1.9021797180175781,0.0,12.676006317138672,10.840717315673828,0.2585906982421875,818.6637001037598
2026-07-22T20:07:13.959785+00:00,s030:instance_013:r02:o1:live,2357596,0.001529,1,0.00478363037109375,0.0,12.702926635742188,12.701484680175781,0.2585906982421875,818.6634979248047
2026-07-22T20:08:21.140156+00:00,s030:instance_013:r02:o1:live,2357596,60.00303,4,1.3163909912109375,0.0,12.702926635742188,11.430438995361328,0.2585906982421875,818.6634101867676
2026-07-22T20:09:28.346738+00:00,s030:instance_013:r02:o1:live,2357596,120.004549,4,2.048023223876953,0.0,12.702926635742188,10.69742202758789,0.2585906982421875,818.6633605957031
2026-07-22T20:10:35.540123+00:00,s030:instance_013:r02:o1:live,2357596,180.006045,4,2.1360435485839844,0.0,12.702926635742188,10.606513977050781,0.2585906982421875,818.6633262634277
2026-07-22T20:11:39.211499+00:00,s030:instance_013:r02:o1:live,2357596,240.00776,4,2.0916709899902344,0.0,12.702926635742188,10.650928497314453,0.2585906982421875,818.6632919311523
2026-07-22T20:12:46.420665+00:00,s030:instance_013:r02:o1:live,2357596,300.009239,4,2.09625244140625,0.0,12.702926635742188,10.648063659667969,0.2585906982421875,818.6632652282715
2026-07-22T20:13:53.664202+00:00,s030:instance_013:r02:o1:live,2357596,360.010734,4,2.09625244140625,0.0,12.702926635742188,10.645439147949219,0.2585906982421875,818.6632347106934
2026-07-22T20:14:58.920587+00:00,s030:instance_013:r02:o1:live,2357596,420.012313,3,1.9386558532714844,0.0,12.702926635742188,10.804481506347656,0.2585906982421875,818.6482086181641
2026-07-22T20:15:11.130734+00:00,s030:instance_013:r02:o2:no_cut,2463327,0.00179,1,0.005504608154296875,0.0,12.701900482177734,12.699981689453125,0.2585906982421875,818.6480102539062
2026-07-22T20:16:18.410807+00:00,s030:instance_013:r02:o2:no_cut,2463327,60.003477,4,1.3149833679199219,0.0,12.701900482177734,11.42953109741211,0.2585906982421875,818.6479415893555
2026-07-22T20:17:24.356378+00:00,s030:instance_013:r02:o2:no_cut,2463327,120.006551,4,1.8898849487304688,0.0,12.701900482177734,10.854911804199219,0.2585906982421875,818.6479072570801
2026-07-22T20:18:30.291463+00:00,s030:instance_013:r02:o2:no_cut,2463327,180.008293,4,2.056446075439453,0.0,12.701900482177734,10.686470031738281,0.2585906982421875,818.6478805541992
2026-07-22T20:19:36.177478+00:00,s030:instance_013:r02:o2:no_cut,2463327,240.009793,4,2.056446075439453,0.0,12.701900482177734,10.68515396118164,0.2585906982421875,818.6478538513184
2026-07-22T20:20:42.037335+00:00,s030:instance_013:r02:o2:no_cut,2463327,300.011571,4,2.056446075439453,0.0,12.701900482177734,10.67593765258789,0.2585906982421875,818.6478309631348
2026-07-22T20:21:47.959349+00:00,s030:instance_013:r02:o2:no_cut,2463327,360.013178,4,2.056446075439453,0.0,12.701900482177734,10.688980102539062,0.2585906982421875,818.6497383117676
2026-07-22T20:22:11.538640+00:00,s030:instance_013:r03:o1:no_cut,2556003,0.001521,1,0.004734039306640625,0.0,12.699028015136719,12.697586059570312,0.2585906982421875,818.6338844299316
2026-07-22T20:23:17.472194+00:00,s030:instance_013:r03:o1:no_cut,2556003,60.003149,4,1.1705093383789062,0.0,12.699028015136719,11.57668685913086,0.2585906982421875,818.6330261230469
2026-07-22T20:24:23.309937+00:00,s030:instance_013:r03:o1:no_cut,2556003,120.004829,4,1.7681121826171875,0.0,12.699028015136719,10.983840942382812,0.2585906982421875,818.632999420166
2026-07-22T20:25:28.461342+00:00,s030:instance_013:r03:o1:no_cut,2556003,180.006428,4,1.8176727294921875,0.0,12.699028015136719,10.923324584960938,0.2585906982421875,818.6329689025879
2026-07-22T20:26:34.395973+00:00,s030:instance_013:r03:o1:no_cut,2556003,240.008012,4,1.8428421020507812,0.0,12.699028015136719,10.902359008789062,0.2585906982421875,818.632942199707
2026-07-22T20:27:40.279638+00:00,s030:instance_013:r03:o1:no_cut,2556003,300.009552,4,1.8428421020507812,0.0,12.699028015136719,10.897945404052734,0.2585906982421875,818.6329154968262
2026-07-22T20:28:46.203948+00:00,s030:instance_013:r03:o1:no_cut,2556003,360.011107,4,1.8464126586914062,0.0,12.699028015136719,10.893760681152344,0.2585906982421875,818.6328773498535
2026-07-22T20:29:52.097981+00:00,s030:instance_013:r03:o1:no_cut,2556003,420.012707,4,1.8464126586914062,0.0,12.699028015136719,10.899295806884766,0.2585906982421875,818.6328544616699
2026-07-22T20:30:49.574786+00:00,s030:instance_013:r03:o2:live,2670937,0.001451,1,0.004535675048828125,0.0,12.685920715332031,12.684867858886719,0.2585906982421875,818.6178359985352
2026-07-22T20:31:55.495838+00:00,s030:instance_013:r03:o2:live,2670937,60.002964,4,1.3165206909179688,0.0,12.685920715332031,11.416786193847656,0.2585906982421875,818.6177635192871
2026-07-22T20:33:01.394028+00:00,s030:instance_013:r03:o2:live,2670937,120.004523,4,1.9979057312011719,0.0,12.685920715332031,10.735252380371094,0.2585906982421875,818.6177291870117
2026-07-22T20:34:07.282673+00:00,s030:instance_013:r03:o2:live,2670937,180.00605,4,2.078479766845703,0.0,12.685920715332031,10.65457534790039,0.2585906982421875,818.6177062988281
2026-07-22T20:35:13.191389+00:00,s030:instance_013:r03:o2:live,2670937,240.007729,4,2.081439971923828,0.0,12.685920715332031,10.651329040527344,0.2585906982421875,818.61767578125
2026-07-22T20:36:19.114611+00:00,s030:instance_013:r03:o2:live,2670937,300.009335,4,2.081439971923828,0.0,12.685920715332031,10.645008087158203,0.2585906982421875,818.6176452636719
2026-07-22T20:37:22.061470+00:00,s030:instance_013:r03:o2:live,2670937,360.010912,4,2.081439971923828,0.0,12.685920715332031,10.648906707763672,0.2585906982421875,818.6180381774902
2026-07-22T20:38:27.988726+00:00,s030:instance_013:r03:o2:live,2670937,420.012472,3,1.9121284484863281,0.0,12.685920715332031,10.815406799316406,0.2585906982421875,818.6031227111816
2026-07-22T20:38:31.637872+00:00,s030:instance_014:r01:o1:live,2773318,0.001452,1,0.004589080810546875,0.0,12.684833526611328,12.683395385742188,0.2585906982421875,818.6029167175293
2026-07-22T20:39:37.539376+00:00,s030:instance_014:r01:o1:live,2773318,60.002961,4,0.982330322265625,0.0,12.684833526611328,11.751895904541016,0.2585906982421875,818.6028518676758
2026-07-22T20:40:43.462359+00:00,s030:instance_014:r01:o1:live,2773318,120.00455,4,1.1611289978027344,0.0,12.684833526611328,11.570465087890625,0.2585906982421875,818.6027870178223
2026-07-22T20:41:49.358360+00:00,s030:instance_014:r01:o1:live,2773318,180.006092,4,1.885498046875,0.0,12.684833526611328,10.838626861572266,0.2585906982421875,818.6027450561523
2026-07-22T20:42:55.292039+00:00,s030:instance_014:r01:o1:live,2773318,240.007706,4,1.994415283203125,0.0,12.684833526611328,10.73080062866211,0.2585906982421875,818.6027030944824
2026-07-22T20:44:01.158325+00:00,s030:instance_014:r01:o1:live,2773318,300.009224,4,2.1034011840820312,0.0,12.684833526611328,10.618087768554688,0.2585906982421875,818.602653503418
2026-07-22T20:45:07.058694+00:00,s030:instance_014:r01:o1:live,2773318,360.010777,4,2.1034011840820312,0.0,12.684833526611328,10.623405456542969,0.2585906982421875,818.6026268005371
2026-07-22T20:46:10.043105+00:00,s030:instance_014:r01:o1:live,2773318,420.012381,4,2.1034011840820312,0.0,12.684833526611328,10.619464874267578,0.2585906982421875,818.6025810241699
2026-07-22T20:47:15.939166+00:00,s030:instance_014:r01:o1:live,2773318,480.014349,3,1.3970680236816406,0.0,12.684833526611328,11.325122833251953,0.2585906982421875,818.5817413330078
2026-07-22T20:48:21.847404+00:00,s030:instance_014:r01:o1:live,2773318,540.015978,3,1.8830757141113281,0.0,12.684833526611328,10.83187484741211,0.2585906982421875,818.5816993713379
2026-07-22T20:49:27.775730+00:00,s030:instance_014:r01:o1:live,2773318,600.01762,3,1.8166007995605469,0.0,12.684833526611328,10.901031494140625,0.2585906982421875,818.581672668457
2026-07-22T20:50:33.689409+00:00,s030:instance_014:r01:o1:live,2773318,660.019262,3,2.180561065673828,0.0,12.684833526611328,10.525276184082031,0.2585906982421875,818.5816268920898
2026-07-22T20:51:39.590814+00:00,s030:instance_014:r01:o1:live,2773318,720.020815,3,2.1823577880859375,0.0,12.684833526611328,10.527420043945312,0.2585906982421875,818.5815887451172
2026-07-22T20:52:42.596222+00:00,s030:instance_014:r01:o1:live,2773318,780.022335,3,2.1844100952148438,0.0,12.684833526611328,10.519721984863281,0.2585906982421875,818.58154296875
2026-07-22T20:53:48.449990+00:00,s030:instance_014:r01:o1:live,2773318,840.023926,3,2.185192108154297,0.0,12.684833526611328,10.516563415527344,0.2585906982421875,818.5815124511719
2026-07-22T20:54:54.360756+00:00,s030:instance_014:r01:o1:live,2773318,900.025417,3,2.185192108154297,0.0,12.684833526611328,10.528289794921875,0.2585906982421875,818.5825843811035
2026-07-22T20:56:00.277295+00:00,s030:instance_014:r01:o1:live,2773318,960.026967,3,2.185192108154297,0.0,12.684833526611328,10.527946472167969,0.2585906982421875,818.5816688537598
2026-07-22T20:57:06.198040+00:00,s030:instance_014:r01:o1:live,2773318,1020.028464,3,2.185192108154297,0.0,12.684833526611328,10.524532318115234,0.2585906982421875,818.5815391540527
2026-07-22T20:58:12.095030+00:00,s030:instance_014:r01:o1:live,2773318,1080.029946,3,2.185192108154297,0.0,12.684833526611328,10.519721984863281,0.2585906982421875,818.5814933776855
2026-07-22T20:59:18.040605+00:00,s030:instance_014:r01:o1:live,2773318,1140.03157,3,2.1852684020996094,0.0,12.684833526611328,10.524818420410156,0.2585906982421875,818.5814590454102
2026-07-22T21:00:20.968123+00:00,s030:instance_014:r01:o1:live,2773318,1200.033118,3,2.1807937622070312,0.0,12.684833526611328,10.528594970703125,0.2585906982421875,818.5814208984375
2026-07-22T21:01:26.877317+00:00,s030:instance_014:r01:o1:live,2773318,1260.034837,3,2.1912765502929688,0.0,12.684833526611328,10.51467514038086,0.2585906982421875,818.5813865661621
2026-07-22T21:02:32.804020+00:00,s030:instance_014:r01:o1:live,2773318,1320.036507,3,2.1912765502929688,0.0,12.684833526611328,10.515792846679688,0.2585906982421875,818.5813407897949
2026-07-22T21:03:38.714525+00:00,s030:instance_014:r01:o1:live,2773318,1380.038177,3,2.1912765502929688,0.0,12.684833526611328,10.513965606689453,0.2585906982421875,818.5813064575195
2026-07-22T21:04:44.634087+00:00,s030:instance_014:r01:o1:live,2773318,1440.039886,3,2.1912765502929688,0.0,12.684833526611328,10.506141662597656,0.2585906982421875,818.5812721252441
2026-07-22T21:05:50.563025+00:00,s030:instance_014:r01:o1:live,2773318,1500.041464,3,2.1912765502929688,0.0,12.684833526611328,10.507888793945312,0.2585906982421875,818.5811500549316
2026-07-22T21:06:53.468342+00:00,s030:instance_014:r01:o1:live,2773318,1560.042934,3,2.2076797485351562,0.0,12.684833526611328,10.49215316772461,0.2585906982421875,818.5811195373535
2026-07-22T21:07:59.384633+00:00,s030:instance_014:r01:o1:live,2773318,1620.0445,3,2.214813232421875,0.0,12.684833526611328,10.486103057861328,0.2585906982421875,818.5810737609863
2026-07-22T21:09:05.264395+00:00,s030:instance_014:r01:o1:live,2773318,1680.046017,3,2.2154998779296875,0.0,12.684833526611328,10.492408752441406,0.2585906982421875,818.5810470581055
2026-07-22T21:09:08.218591+00:00,s030:instance_014:r01:o2:no_cut,3167577,0.002048,1,0.0059356689453125,0.0,12.66878890991211,12.666912078857422,0.2585906982421875,818.5788726806641
2026-07-22T21:10:14.147682+00:00,s030:instance_014:r01:o2:no_cut,3167577,60.003628,4,0.9758720397949219,0.0,12.66878890991211,11.747093200683594,0.2585906982421875,818.5793495178223
2026-07-22T21:11:20.092786+00:00,s030:instance_014:r01:o2:no_cut,3167577,120.005136,4,1.2863960266113281,0.0,12.66878890991211,11.43075942993164,0.2585906982421875,818.5792655944824
2026-07-22T21:12:24.391037+00:00,s030:instance_014:r01:o2:no_cut,3167577,180.00678,4,1.576629638671875,0.0,12.66878890991211,11.140026092529297,0.2585906982421875,818.5792274475098
2026-07-22T21:13:30.284964+00:00,s030:instance_014:r01:o2:no_cut,3167577,240.008276,4,1.7711448669433594,0.0,12.66878890991211,10.940021514892578,0.2585906982421875,818.5791854858398
2026-07-22T21:14:36.230456+00:00,s030:instance_014:r01:o2:no_cut,3167577,300.009823,4,1.8091239929199219,0.0,12.66878890991211,10.90597915649414,0.2585906982421875,818.5791511535645
2026-07-22T21:15:42.107041+00:00,s030:instance_014:r01:o2:no_cut,3167577,360.011348,4,1.8512954711914062,0.0,12.66878890991211,10.859169006347656,0.2585906982421875,818.5789947509766
2026-07-22T21:16:48.030708+00:00,s030:instance_014:r01:o2:no_cut,3167577,420.012989,4,1.8608551025390625,0.0,12.66878890991211,10.850765228271484,0.2585906982421875,818.5789527893066
2026-07-22T21:17:53.944339+00:00,s030:instance_014:r01:o2:no_cut,3167577,480.014558,4,1.8625221252441406,0.0,12.66878890991211,10.847461700439453,0.2585906982421875,818.5789031982422
2026-07-22T21:18:56.888195+00:00,s030:instance_014:r01:o2:no_cut,3167577,540.016052,3,1.6132545471191406,0.0,12.66878890991211,11.097755432128906,0.2585906982421875,818.5585327148438
2026-07-22T21:20:02.801455+00:00,s030:instance_014:r01:o2:no_cut,3167577,600.017706,3,1.9085121154785156,0.0,12.66878890991211,10.799541473388672,0.2585906982421875,818.5584869384766
2026-07-22T21:21:08.709925+00:00,s030:instance_014:r01:o2:no_cut,3167577,660.019215,3,1.9181442260742188,0.0,12.66878890991211,10.785614013671875,0.2585906982421875,818.5584487915039
2026-07-22T21:22:14.634194+00:00,s030:instance_014:r01:o2:no_cut,3167577,720.02076,3,2.2437820434570312,0.0,12.66878890991211,10.443885803222656,0.2585906982421875,818.558406829834
2026-07-22T21:23:20.536438+00:00,s030:instance_014:r01:o2:no_cut,3167577,780.022358,3,2.2437820434570312,0.0,12.66878890991211,10.449150085449219,0.2585906982421875,818.5583763122559
2026-07-22T21:24:26.445188+00:00,s030:instance_014:r01:o2:no_cut,3167577,840.023864,3,1.9083137512207031,0.0,12.66878890991211,10.80389404296875,0.2585906982421875,818.5583305358887
2026-07-22T21:25:29.437143+00:00,s030:instance_014:r01:o2:no_cut,3167577,900.025443,3,1.9083137512207031,0.0,12.66878890991211,10.798282623291016,0.2585906982421875,818.558292388916
2026-07-22T21:26:35.297130+00:00,s030:instance_014:r01:o2:no_cut,3167577,960.027006,3,1.91217041015625,0.0,12.66878890991211,10.792346954345703,0.2585906982421875,818.5582618713379
2026-07-22T21:27:41.228106+00:00,s030:instance_014:r01:o2:no_cut,3167577,1020.028504,3,1.9158096313476562,0.0,12.66878890991211,10.797977447509766,0.2585906982421875,818.5592002868652
2026-07-22T21:28:47.069604+00:00,s030:instance_014:r01:o2:no_cut,3167577,1080.030056,3,1.9158096313476562,0.0,12.66878890991211,10.79794692993164,0.2585906982421875,818.5584373474121
2026-07-22T21:29:53.000304+00:00,s030:instance_014:r01:o2:no_cut,3167577,1140.031706,3,1.9163894653320312,0.0,12.66878890991211,10.790904998779297,0.2585906982421875,818.5583457946777
2026-07-22T21:30:58.890364+00:00,s030:instance_014:r01:o2:no_cut,3167577,1200.03325,3,1.9312171936035156,0.0,12.66878890991211,10.775650024414062,0.2585906982421875,818.5583038330078
2026-07-22T21:32:04.752275+00:00,s030:instance_014:r01:o2:no_cut,3167577,1260.034815,3,1.9286422729492188,0.0,12.66878890991211,10.779632568359375,0.2585906982421875,818.558277130127
2026-07-22T21:33:07.711306+00:00,s030:instance_014:r01:o2:no_cut,3167577,1320.036306,3,1.9286460876464844,0.0,12.66878890991211,10.780879974365234,0.2585906982421875,818.5582275390625
2026-07-22T21:34:13.624898+00:00,s030:instance_014:r01:o2:no_cut,3167577,1380.037966,3,1.9822883605957031,0.0,12.66878890991211,10.724853515625,0.2585906982421875,818.5581970214844
2026-07-22T21:35:19.539484+00:00,s030:instance_014:r01:o2:no_cut,3167577,1440.039483,3,3.3006324768066406,0.0,12.66878890991211,9.394214630126953,0.2585906982421875,818.5581474304199
2026-07-22T21:36:25.456261+00:00,s030:instance_014:r01:o2:no_cut,3167577,1500.041131,3,1.92864990234375,0.0,12.66878890991211,10.772987365722656,0.2585906982421875,818.5580978393555
2026-07-22T21:37:07.864001+00:00,s030:instance_014:r02:o1:no_cut,3528008,0.001474,1,0.004611968994140625,0.0,12.666858673095703,12.665851593017578,0.2585906982421875,818.5568237304688
2026-07-22T21:38:13.785446+00:00,s030:instance_014:r02:o1:no_cut,3528008,60.003143,4,0.9784317016601562,0.0,12.666858673095703,11.738807678222656,0.2585906982421875,818.5567398071289
2026-07-22T21:39:19.655503+00:00,s030:instance_014:r02:o1:no_cut,3528008,120.004664,4,1.2889633178710938,0.0,12.666858673095703,11.421089172363281,0.2585906982421875,818.5566940307617
2026-07-22T21:40:25.558029+00:00,s030:instance_014:r02:o1:no_cut,3528008,180.006217,4,1.8937873840332031,0.0,12.666858673095703,10.814704895019531,0.2585906982421875,818.5565986633301
2026-07-22T21:41:31.448390+00:00,s030:instance_014:r02:o1:no_cut,3528008,240.00814,4,1.8734054565429688,0.0,12.666858673095703,10.841087341308594,0.2585906982421875,818.5565719604492
2026-07-22T21:42:34.444810+00:00,s030:instance_014:r02:o1:no_cut,3528008,300.009696,4,2.045459747314453,0.0,12.666858673095703,10.666500091552734,0.2585906982421875,818.5565414428711
2026-07-22T21:43:40.325479+00:00,s030:instance_014:r02:o1:no_cut,3528008,360.011385,4,2.088825225830078,0.0,12.666858673095703,10.61202621459961,0.2585906982421875,818.5570106506348
2026-07-22T21:44:46.226535+00:00,s030:instance_014:r02:o1:no_cut,3528008,420.012927,4,2.1035690307617188,0.0,12.666858673095703,10.588539123535156,0.2585906982421875,818.5569725036621
2026-07-22T21:45:52.141392+00:00,s030:instance_014:r02:o1:no_cut,3528008,480.014496,3,1.9391670227050781,0.0,12.666858673095703,10.767215728759766,0.2585906982421875,818.5361404418945
2026-07-22T21:46:58.052347+00:00,s030:instance_014:r02:o1:no_cut,3528008,540.016664,3,1.9392280578613281,0.0,12.666858673095703,10.763435363769531,0.2585906982421875,818.5361061096191
2026-07-22T21:48:03.981204+00:00,s030:instance_014:r02:o1:no_cut,3528008,600.01824,3,1.582763671875,0.0,12.666858673095703,11.116462707519531,0.2585906982421875,818.5360794067383
2026-07-22T21:49:09.849678+00:00,s030:instance_014:r02:o1:no_cut,3528008,660.019933,3,2.178050994873047,0.0,12.666858673095703,10.51947021484375,0.2585906982421875,818.5360450744629
2026-07-22T21:50:12.808827+00:00,s030:instance_014:r02:o1:no_cut,3528008,720.021483,3,1.6880531311035156,0.0,12.666858673095703,11.012710571289062,0.2585906982421875,818.5360260009766
2026-07-22T21:51:18.718666+00:00,s030:instance_014:r02:o1:no_cut,3528008,780.023098,3,1.689483642578125,0.0,12.666858673095703,11.010353088378906,0.2585906982421875,818.5359992980957
2026-07-22T21:52:26.010090+00:00,s030:instance_014:r02:o1:no_cut,3528008,840.024628,3,1.6904487609863281,0.0,12.666858673095703,11.00802993774414,0.2585906982421875,818.5359764099121
2026-07-22T21:53:28.979523+00:00,s030:instance_014:r02:o1:no_cut,3528008,900.026237,3,1.7553596496582031,0.0,12.666858673095703,10.945083618164062,0.2585906982421875,818.535945892334
2026-07-22T21:54:34.901607+00:00,s030:instance_014:r02:o1:no_cut,3528008,960.027793,3,1.6845550537109375,0.0,12.666858673095703,11.012786865234375,0.2585906982421875,818.5359230041504
2026-07-22T21:55:40.812897+00:00,s030:instance_014:r02:o1:no_cut,3528008,1020.029427,3,1.6845550537109375,0.0,12.666858673095703,11.014869689941406,0.2585906982421875,818.5359001159668
2026-07-22T21:56:46.707610+00:00,s030:instance_014:r02:o1:no_cut,3528008,1080.031062,3,1.6851043701171875,0.0,12.666858673095703,11.013015747070312,0.2585906982421875,818.535816192627
2026-07-22T21:57:52.633966+00:00,s030:instance_014:r02:o1:no_cut,3528008,1140.033034,3,1.8676910400390625,0.0,12.666858673095703,10.834342956542969,0.2585906982421875,818.5357894897461
2026-07-22T21:58:58.521512+00:00,s030:instance_014:r02:o1:no_cut,3528008,1200.034634,3,2.249134063720703,0.0,12.666858673095703,10.439682006835938,0.2585906982421875,818.535758972168
2026-07-22T22:00:04.432423+00:00,s030:instance_014:r02:o1:no_cut,3528008,1260.036234,3,1.696807861328125,0.0,12.666858673095703,11.01082992553711,0.2585906982421875,818.538948059082
2026-07-22T22:01:07.417662+00:00,s030:instance_014:r02:o1:no_cut,3528008,1320.037839,3,1.696807861328125,0.0,12.666858673095703,11.006782531738281,0.2585906982421875,818.5358695983887
2026-07-22T22:02:13.281571+00:00,s030:instance_014:r02:o1:no_cut,3528008,1380.040882,3,1.696807861328125,0.0,12.666858673095703,11.015007019042969,0.2585906982421875,818.5358390808105
2026-07-22T22:03:19.181498+00:00,s030:instance_014:r02:o1:no_cut,3528008,1440.042688,3,1.696807861328125,0.0,12.666858673095703,11.051097869873047,0.2585906982421875,818.5357055664062
2026-07-22T22:04:25.089830+00:00,s030:instance_014:r02:o1:no_cut,3528008,1500.04426,3,1.696807861328125,0.0,12.666858673095703,11.048107147216797,0.2585906982421875,818.5356712341309
2026-07-22T22:05:31.015266+00:00,s030:instance_014:r02:o1:no_cut,3528008,1560.045789,3,1.7133636474609375,0.0,12.666858673095703,11.032218933105469,0.2585906982421875,818.5356483459473
2026-07-22T22:06:36.957496+00:00,s030:instance_014:r02:o1:no_cut,3528008,1620.047495,3,1.7569961547851562,0.0,12.666858673095703,10.981330871582031,0.2585906982421875,818.5356178283691
2026-07-22T22:07:39.856805+00:00,s030:instance_014:r02:o1:no_cut,3528008,1680.049127,3,1.7593460083007812,0.0,12.666858673095703,10.979015350341797,0.2585906982421875,818.5355834960938
2026-07-22T22:07:47.956384+00:00,s030:instance_014:r02:o2:live,3920075,0.001439,1,0.004512786865234375,0.0,12.693065643310547,12.69378662109375,0.2585906982421875,818.5334358215332
2026-07-22T22:08:50.917448+00:00,s030:instance_014:r02:o2:live,3920075,60.002952,4,0.9786720275878906,0.0,12.693065643310547,11.768943786621094,0.2585906982421875,818.5333786010742
2026-07-22T22:09:56.852377+00:00,s030:instance_014:r02:o2:live,3920075,120.004558,4,1.1628074645996094,0.0,12.693065643310547,11.57126235961914,0.2585906982421875,818.5632057189941
2026-07-22T22:11:02.753431+00:00,s030:instance_014:r02:o2:live,3920075,180.006219,4,1.8852691650390625,0.0,12.693065643310547,10.842166900634766,0.2585906982421875,818.5631790161133
2026-07-22T22:12:08.681082+00:00,s030:instance_014:r02:o2:live,3920075,240.007886,4,1.9941749572753906,0.0,12.693065643310547,10.727115631103516,0.2585906982421875,818.5631561279297
2026-07-22T22:13:14.537043+00:00,s030:instance_014:r02:o2:live,3920075,300.00962,4,2.0313377380371094,0.0,12.693065643310547,10.684455871582031,0.2585906982421875,818.5631256103516
2026-07-22T22:14:20.446566+00:00,s030:instance_014:r02:o2:live,3920075,360.011284,4,2.073375701904297,0.0,12.693065643310547,10.64407730102539,0.2585906982421875,818.5630950927734
2026-07-22T22:15:26.360171+00:00,s030:instance_014:r02:o2:live,3920075,420.012864,4,2.08648681640625,0.0,12.693065643310547,10.629871368408203,0.2585906982421875,818.5630722045898
2026-07-22T22:16:29.327410+00:00,s030:instance_014:r02:o2:live,3920075,480.014342,3,1.6781387329101562,0.0,12.693065643310547,11.049633026123047,0.2585906982421875,818.5426788330078
2026-07-22T22:17:35.250365+00:00,s030:instance_014:r02:o2:live,3920075,540.015936,3,1.8817024230957031,0.0,12.693065643310547,10.843727111816406,0.2585906982421875,818.5425872802734
2026-07-22T22:18:41.130457+00:00,s030:instance_014:r02:o2:live,3920075,600.017509,3,1.3928718566894531,0.0,12.693065643310547,11.334514617919922,0.2585906982421875,818.5408973693848
2026-07-22T22:19:47.056451+00:00,s030:instance_014:r02:o2:live,3920075,660.019061,3,2.1783065795898438,0.0,12.693065643310547,10.534976959228516,0.2585906982421875,818.5408744812012
2026-07-22T22:20:52.928435+00:00,s030:instance_014:r02:o2:live,3920075,720.020643,3,1.5474777221679688,0.0,12.693065643310547,11.170509338378906,0.2585906982421875,818.5408401489258
2026-07-22T22:21:58.851103+00:00,s030:instance_014:r02:o2:live,3920075,780.022188,3,1.5486221313476562,0.0,12.693065643310547,11.176097869873047,0.2585906982421875,818.5408172607422
2026-07-22T22:23:01.796226+00:00,s030:instance_014:r02:o2:live,3920075,840.023872,3,1.5495948791503906,0.0,12.693065643310547,11.16915512084961,0.2585906982421875,818.5407829284668
2026-07-22T22:24:07.674201+00:00,s030:instance_014:r02:o2:live,3920075,900.02559,3,1.5495948791503906,0.0,12.693065643310547,11.170295715332031,0.2585906982421875,818.5407600402832
2026-07-22T22:25:13.543549+00:00,s030:instance_014:r02:o2:live,3920075,960.027154,3,1.9693107604980469,0.0,12.693065643310547,10.743274688720703,0.2585906982421875,818.540657043457
2026-07-22T22:26:19.450195+00:00,s030:instance_014:r02:o2:live,3920075,1020.028706,3,1.5470046997070312,0.0,12.693065643310547,11.171318054199219,0.2585906982421875,818.5406303405762
2026-07-22T22:27:25.388063+00:00,s030:instance_014:r02:o2:live,3920075,1080.030294,3,1.5475692749023438,0.0,12.693065643310547,11.176498413085938,0.2585906982421875,818.5406036376953
2026-07-22T22:28:29.682978+00:00,s030:instance_014:r02:o2:live,3920075,1140.031865,3,1.5477981567382812,0.0,12.693065643310547,11.170166015625,0.2585906982421875,818.5405769348145
2026-07-22T22:29:35.609228+00:00,s030:instance_014:r02:o2:live,3920075,1200.033597,3,2.3899154663085938,0.0,12.693065643310547,10.30990219116211,0.2585906982421875,818.5405502319336
2026-07-22T22:30:41.507014+00:00,s030:instance_014:r02:o2:live,3920075,1260.0352,3,1.5679855346679688,0.0,12.693065643310547,11.148319244384766,0.2585906982421875,818.5405235290527
2026-07-22T22:31:47.421658+00:00,s030:instance_014:r02:o2:live,3920075,1320.03834,3,1.570465087890625,0.0,12.693065643310547,11.150215148925781,0.2585906982421875,818.5404968261719
2026-07-22T22:32:53.308851+00:00,s030:instance_014:r02:o2:live,3920075,1380.040158,3,1.5720100402832031,0.0,12.693065643310547,11.149429321289062,0.2585906982421875,818.5433578491211
2026-07-22T22:33:59.172066+00:00,s030:instance_014:r02:o2:live,3920075,1440.041932,3,1.5720100402832031,0.0,12.693065643310547,11.153667449951172,0.2585906982421875,818.540641784668
2026-07-22T22:35:02.150285+00:00,s030:instance_014:r02:o2:live,3920075,1500.043516,3,1.5720100402832031,0.0,12.693065643310547,11.141952514648438,0.2585906982421875,818.5406188964844
2026-07-22T22:36:08.063064+00:00,s030:instance_014:r02:o2:live,3920075,1560.045164,3,1.5720100402832031,0.0,12.693065643310547,11.1422119140625,0.2585906982421875,818.540454864502
2026-07-22T22:37:13.966435+00:00,s030:instance_014:r02:o2:live,3920075,1620.04673,3,1.5720100402832031,0.0,12.693065643310547,11.148151397705078,0.2585906982421875,818.540412902832
2026-07-22T22:38:19.910888+00:00,s030:instance_014:r02:o2:live,3920075,1680.048434,3,1.587371826171875,0.0,12.693065643310547,11.129047393798828,0.2585906982421875,818.5403938293457
2026-07-22T22:39:25.763078+00:00,s030:instance_014:r02:o2:live,3920075,1740.049988,3,1.9877166748046875,0.0,12.693065643310547,10.720657348632812,0.2585906982421875,818.5403594970703
2026-07-22T22:39:46.490397+00:00,s030:instance_014:r03:o1:live,136976,0.001761,1,0.004970550537109375,0.0,12.667381286621094,12.665943145751953,0.2585906982421875,818.538158416748
2026-07-22T22:40:52.438933+00:00,s030:instance_014:r03:o1:live,136976,60.003306,4,0.9789314270019531,0.0,12.667381286621094,11.742294311523438,0.2585906982421875,818.5380897521973
2026-07-22T22:41:58.301340+00:00,s030:instance_014:r03:o1:live,136976,120.00489,4,1.289459228515625,0.0,12.667381286621094,11.428192138671875,0.2585906982421875,818.5380592346191
2026-07-22T22:43:04.182786+00:00,s030:instance_014:r03:o1:live,136976,180.006461,4,1.9034500122070312,0.0,12.667381286621094,10.804397583007812,0.2585906982421875,818.5380363464355
2026-07-22T22:44:10.094283+00:00,s030:instance_014:r03:o1:live,136976,240.008151,4,2.013072967529297,0.0,12.667381286621094,10.689323425292969,0.2585906982421875,818.5380058288574
2026-07-22T22:45:15.995872+00:00,s030:instance_014:r03:o1:live,136976,300.009687,4,2.0240707397460938,0.0,12.667381286621094,10.674434661865234,0.2585906982421875,818.5379791259766
2026-07-22T22:46:21.867535+00:00,s030:instance_014:r03:o1:live,136976,360.011331,4,2.0630416870117188,0.0,12.667381286621094,10.636795043945312,0.2585906982421875,818.5379524230957
2026-07-22T22:47:24.837339+00:00,s030:instance_014:r03:o1:live,136976,420.012893,4,2.076610565185547,0.0,12.667381286621094,10.624862670898438,0.2585906982421875,818.5379257202148
2026-07-22T22:48:30.841434+00:00,s030:instance_014:r03:o1:live,136976,480.014441,3,1.6301078796386719,0.0,12.667381286621094,11.07174301147461,0.2585906982421875,818.5171012878418
2026-07-22T22:49:38.049556+00:00,s030:instance_014:r03:o1:live,136976,540.016067,3,1.8814926147460938,0.0,12.667381286621094,10.808788299560547,0.2585906982421875,818.5175094604492
2026-07-22T22:50:45.227517+00:00,s030:instance_014:r03:o1:live,136976,600.017657,3,1.890167236328125,0.0,12.667381286621094,10.806358337402344,0.2585906982421875,818.5174446105957
2026-07-22T22:51:52.453262+00:00,s030:instance_014:r03:o1:live,136976,660.019223,3,1.8619728088378906,0.0,12.667381286621094,10.83404541015625,0.2585906982421875,818.5173187255859
2026-07-22T22:52:59.689194+00:00,s030:instance_014:r03:o1:live,136976,720.020878,3,1.8619728088378906,0.0,12.667381286621094,10.826225280761719,0.2585906982421875,818.5172920227051
2026-07-22T22:54:03.291927+00:00,s030:instance_014:r03:o1:live,136976,780.022409,3,1.8686981201171875,0.0,12.667381286621094,10.82186508178711,0.2585906982421875,818.5172653198242
2026-07-22T22:55:10.544575+00:00,s030:instance_014:r03:o1:live,136976,840.024047,3,1.8687019348144531,0.0,12.667381286621094,10.822479248046875,0.2585906982421875,818.5172386169434
2026-07-22T22:56:17.730351+00:00,s030:instance_014:r03:o1:live,136976,900.025522,3,1.8687057495117188,0.0,12.667381286621094,10.821205139160156,0.2585906982421875,818.5172080993652
2026-07-22T22:57:24.917572+00:00,s030:instance_014:r03:o1:live,136976,960.027401,3,1.8687057495117188,0.0,12.667381286621094,10.81795883178711,0.2585906982421875,818.5171890258789
2026-07-22T22:58:32.110900+00:00,s030:instance_014:r03:o1:live,136976,1020.028997,3,1.8687057495117188,0.0,12.667381286621094,10.825809478759766,0.2585906982421875,818.517162322998
2026-07-22T22:59:39.344323+00:00,s030:instance_014:r03:o1:live,136976,1080.0305,3,1.8687057495117188,0.0,12.667381286621094,10.82712173461914,0.2585906982421875,818.5171356201172
2026-07-22T23:00:44.636653+00:00,s030:instance_014:r03:o1:live,136976,1140.03217,3,1.8687057495117188,0.0,12.667381286621094,10.815486907958984,0.2585906982421875,818.5171127319336
2026-07-22T23:01:51.832872+00:00,s030:instance_014:r03:o1:live,136976,1200.033641,3,1.8706283569335938,0.0,12.667381286621094,10.828987121582031,0.2585906982421875,818.5170669555664
2026-07-22T23:02:59.074775+00:00,s030:instance_014:r03:o1:live,136976,1260.035128,3,1.8706588745117188,0.0,12.667381286621094,10.82766342163086,0.2585906982421875,818.5170364379883
2026-07-22T23:04:06.264422+00:00,s030:instance_014:r03:o1:live,136976,1320.036837,3,1.8812828063964844,0.0,12.667381286621094,10.801944732666016,0.2585906982421875,818.5170097351074
2026-07-22T23:05:13.468148+00:00,s030:instance_014:r03:o1:live,136976,1380.038413,3,1.8821754455566406,0.0,12.667381286621094,10.806282043457031,0.2585906982421875,818.5169868469238
2026-07-22T23:06:17.062254+00:00,s030:instance_014:r03:o1:live,136976,1440.040046,3,1.8821754455566406,0.0,12.667381286621094,10.80710220336914,0.2585906982421875,818.5202331542969
2026-07-22T23:07:24.258996+00:00,s030:instance_014:r03:o1:live,136976,1500.04155,3,1.8821754455566406,0.0,12.667381286621094,10.80655288696289,0.2585906982421875,818.5170593261719
2026-07-22T23:08:31.509929+00:00,s030:instance_014:r03:o1:live,136976,1560.043061,3,1.8821754455566406,0.0,12.667381286621094,10.799495697021484,0.2585906982421875,818.517032623291
2026-07-22T23:09:38.687519+00:00,s030:instance_014:r03:o1:live,136976,1620.044825,3,1.8821754455566406,0.0,12.667381286621094,10.805519104003906,0.2585906982421875,818.5170097351074
2026-07-22T23:10:45.907556+00:00,s030:instance_014:r03:o1:live,136976,1680.046346,3,1.8821754455566406,0.0,12.667381286621094,10.80118179321289,0.2585906982421875,818.5169906616211
2026-07-22T23:11:53.131432+00:00,s030:instance_014:r03:o1:live,136976,1740.047907,3,1.8821754455566406,0.0,12.667381286621094,10.803585052490234,0.2585906982421875,818.5169563293457
2026-07-22T23:12:56.748589+00:00,s030:instance_014:r03:o1:live,136976,1800.049412,3,1.8821754455566406,0.0,12.667381286621094,10.80859375,0.2585906982421875,818.5169334411621
2026-07-22T23:14:03.977678+00:00,s030:instance_014:r03:o1:live,136976,1860.051159,3,1.8821754455566406,0.0,12.667381286621094,10.797576904296875,0.2585906982421875,818.5168266296387
2026-07-22T23:15:12.860374+00:00,s030:instance_014:r03:o1:live,136976,1920.052788,3,1.8821754455566406,0.0,12.667381286621094,10.80499267578125,0.2585906982421875,818.5167999267578
2026-07-22T23:16:18.780028+00:00,s030:instance_014:r03:o1:live,136976,1980.054403,3,1.8821754455566406,0.0,12.667381286621094,10.799442291259766,0.2585906982421875,818.5167770385742
2026-07-22T23:16:59.182329+00:00,s030:instance_014:r03:o2:no_cut,613338,0.001461,1,0.004619598388671875,0.0,12.63650894165039,12.634586334228516,0.2585906982421875,818.5143852233887
2026-07-22T23:18:05.107184+00:00,s030:instance_014:r03:o2:no_cut,613338,60.003061,4,0.978607177734375,0.0,12.63650894165039,11.725276947021484,0.2585906982421875,818.5143089294434
2026-07-22T23:19:08.060292+00:00,s030:instance_014:r03:o2:no_cut,613338,120.004753,4,1.2891349792480469,0.0,12.63650894165039,11.41128158569336,0.2585906982421875,818.5142860412598
2026-07-22T23:20:13.948366+00:00,s030:instance_014:r03:o2:no_cut,613338,180.006328,4,1.8914070129394531,0.0,12.63650894165039,10.80019760131836,0.2585906982421875,818.5142555236816
2026-07-22T23:21:19.854094+00:00,s030:instance_014:r03:o2:no_cut,613338,240.008052,4,1.8598670959472656,0.0,12.63650894165039,10.832199096679688,0.2585906982421875,818.5142288208008
2026-07-22T23:22:25.740629+00:00,s030:instance_014:r03:o2:no_cut,613338,300.009705,4,2.0249671936035156,0.0,12.63650894165039,10.661991119384766,0.2585906982421875,818.5142021179199
2026-07-22T23:23:31.688272+00:00,s030:instance_014:r03:o2:no_cut,613338,360.011302,4,2.072856903076172,0.0,12.63650894165039,10.614570617675781,0.2585906982421875,818.5145988464355
2026-07-22T23:24:37.579784+00:00,s030:instance_014:r03:o2:no_cut,613338,420.012947,4,2.0841331481933594,0.0,12.63650894165039,10.604904174804688,0.2585906982421875,818.5145263671875
2026-07-22T23:25:40.513367+00:00,s030:instance_014:r03:o2:no_cut,613338,480.014593,3,1.4754295349121094,0.0,12.63650894165039,11.217536926269531,0.2585906982421875,818.4936981201172
2026-07-22T23:26:46.404576+00:00,s030:instance_014:r03:o2:no_cut,613338,540.016109,3,1.8804855346679688,0.0,12.63650894165039,10.794853210449219,0.2585906982421875,818.4936637878418
2026-07-22T23:27:52.350732+00:00,s030:instance_014:r03:o2:no_cut,613338,600.018385,3,1.8892021179199219,0.0,12.63650894165039,10.783611297607422,0.2585906982421875,818.4936332702637
2026-07-22T23:28:58.212276+00:00,s030:instance_014:r03:o2:no_cut,613338,660.020003,3,2.1780128479003906,0.0,12.63650894165039,10.498260498046875,0.2585906982421875,818.4936103820801
2026-07-22T23:30:04.156519+00:00,s030:instance_014:r03:o2:no_cut,613338,720.021603,3,2.179473876953125,0.0,12.63650894165039,10.500900268554688,0.2585906982421875,818.4935836791992
2026-07-22T23:31:10.007797+00:00,s030:instance_014:r03:o2:no_cut,613338,780.023225,3,2.181865692138672,0.0,12.63650894165039,10.494976043701172,0.2585906982421875,818.4935531616211
2026-07-22T23:32:15.891786+00:00,s030:instance_014:r03:o2:no_cut,613338,840.024842,3,2.182830810546875,0.0,12.63650894165039,10.496746063232422,0.2585906982421875,818.4935264587402
2026-07-22T23:33:18.863299+00:00,s030:instance_014:r03:o2:no_cut,613338,900.026443,3,2.182830810546875,0.0,12.63650894165039,10.485435485839844,0.2585906982421875,818.4935035705566
2026-07-22T23:34:24.770623+00:00,s030:instance_014:r03:o2:no_cut,613338,960.027956,3,2.182830810546875,0.0,12.63650894165039,10.493419647216797,0.2585906982421875,818.4934768676758
2026-07-22T23:35:30.695403+00:00,s030:instance_014:r03:o2:no_cut,613338,1020.029526,3,2.182830810546875,0.0,12.63650894165039,10.490978240966797,0.2585906982421875,818.4934501647949
2026-07-22T23:36:36.567900+00:00,s030:instance_014:r03:o2:no_cut,613338,1080.031101,3,2.1829071044921875,0.0,12.63650894165039,10.489498138427734,0.2585906982421875,818.4934234619141
2026-07-22T23:37:42.489143+00:00,s030:instance_014:r03:o2:no_cut,613338,1140.032741,3,2.1835784912109375,0.0,12.63650894165039,10.484249114990234,0.2585906982421875,818.4933967590332
2026-07-22T23:38:48.370834+00:00,s030:instance_014:r03:o2:no_cut,613338,1200.03445,3,2.3883056640625,0.0,12.63650894165039,10.290523529052734,0.2585906982421875,818.4933776855469
2026-07-22T23:39:51.347939+00:00,s030:instance_014:r03:o2:no_cut,613338,1260.036051,3,2.3899993896484375,0.0,12.63650894165039,10.285636901855469,0.2585906982421875,818.4940948486328
2026-07-22T23:40:57.258984+00:00,s030:instance_014:r03:o2:no_cut,613338,1320.037656,3,2.1897621154785156,0.0,12.63650894165039,10.495891571044922,0.2585906982421875,818.4936447143555
2026-07-22T23:42:03.142819+00:00,s030:instance_014:r03:o2:no_cut,613338,1380.039203,3,2.1897621154785156,0.0,12.63650894165039,10.494667053222656,0.2585906982421875,818.4936256408691
2026-07-22T23:43:09.089444+00:00,s030:instance_014:r03:o2:no_cut,613338,1440.040742,3,2.1897621154785156,0.0,12.63650894165039,10.49239730834961,0.2585906982421875,818.4935646057129
2026-07-22T23:44:14.950204+00:00,s030:instance_014:r03:o2:no_cut,613338,1500.042356,3,2.1897659301757812,0.0,12.63650894165039,10.492271423339844,0.2585906982421875,818.4934692382812
2026-07-22T23:45:20.867103+00:00,s030:instance_014:r03:o2:no_cut,613338,1560.043924,3,2.1897659301757812,0.0,12.63650894165039,10.496585845947266,0.2585906982421875,818.4934425354004
2026-07-22T23:46:26.745308+00:00,s030:instance_014:r03:o2:no_cut,613338,1620.045512,3,2.1897659301757812,0.0,12.63650894165039,10.487144470214844,0.2585906982421875,818.4933166503906
2026-07-22T23:47:29.748170+00:00,s030:instance_014:r03:o2:no_cut,613338,1680.047134,3,2.2032241821289062,0.0,12.63650894165039,10.475143432617188,0.2585906982421875,818.4932556152344
2026-07-22T23:48:35.594829+00:00,s030:instance_014:r03:o2:no_cut,613338,1740.048846,3,2.2092247009277344,0.0,12.63650894165039,10.46514892578125,0.2585906982421875,818.4932250976562
2026-07-22T23:49:26.026046+00:00,s030:instance_015:r01:o1:no_cut,1028125,0.001472,1,0.00449371337890625,0.0,12.632118225097656,12.631927490234375,0.2585906982421875,818.4910354614258
2026-07-22T23:50:31.933968+00:00,s030:instance_015:r01:o1:no_cut,1028125,60.003074,4,2.0373497009277344,0.0,12.632118225097656,10.647354125976562,0.2585906982421875,818.4909591674805
2026-07-22T23:50:59.973250+00:00,s030:instance_015:r01:o2:live,1048925,0.001543,1,0.00457000732421875,0.0,12.644027709960938,12.643810272216797,0.2585906982421875,818.4799308776855
2026-07-22T23:52:05.893690+00:00,s030:instance_015:r01:o2:live,1048925,60.003153,4,2.0377044677734375,0.0,12.644027709960938,10.641075134277344,0.2585906982421875,818.479866027832
2026-07-22T23:52:37.151093+00:00,s030:instance_015:r02:o1:live,1069949,0.001426,1,0.004512786865234375,0.0,12.649848937988281,12.648887634277344,0.2585906982421875,818.4688415527344
2026-07-22T23:53:43.062426+00:00,s030:instance_015:r02:o1:live,1069949,60.002954,4,2.0373497009277344,0.0,12.649848937988281,10.651275634765625,0.2585906982421875,818.4687728881836
2026-07-22T23:54:13.505750+00:00,s030:instance_015:r02:o2:no_cut,1090774,0.002673,1,0.00482177734375,0.0,12.64206314086914,12.640899658203125,0.2585906982421875,818.4577484130859
2026-07-22T23:55:19.415967+00:00,s030:instance_015:r02:o2:no_cut,1090774,60.004261,4,2.037200927734375,0.0,12.64206314086914,10.655162811279297,0.2585906982421875,818.4576873779297
2026-07-22T23:55:42.550580+00:00,s030:instance_015:r03:o1:no_cut,1110610,0.001524,1,0.0047454833984375,0.0,12.634220123291016,12.633258819580078,0.2585906982421875,818.4466552734375
2026-07-22T23:56:48.449925+00:00,s030:instance_015:r03:o1:no_cut,1110610,60.003088,4,2.037303924560547,0.0,12.634220123291016,10.660877227783203,0.2585906982421875,818.4470367431641
2026-07-22T23:57:14.779256+00:00,s030:instance_015:r03:o2:live,1130588,0.002161,1,0.00621795654296875,0.0,12.643898010253906,12.64352798461914,0.2585906982421875,818.435962677002
2026-07-22T23:58:20.692668+00:00,s030:instance_015:r03:o2:live,1130588,60.003697,4,2.0293235778808594,0.0,12.643898010253906,10.662654876708984,0.2585906982421875,818.435905456543
2026-07-22T23:58:58.057161+00:00,s030:instance_016:r01:o1:live,1153130,0.002105,1,0.006076812744140625,0.0,12.641986846923828,12.6431884765625,0.2585906982421875,818.424861907959
2026-07-23T00:00:03.947196+00:00,s030:instance_016:r01:o1:live,1153130,60.00368,4,2.1799964904785156,0.0,12.641986846923828,10.506317138671875,0.2585906982421875,818.4247627258301
2026-07-23T00:01:09.853158+00:00,s030:instance_016:r01:o1:live,1153130,120.005377,4,2.1828765869140625,0.0,12.641986846923828,10.502033233642578,0.2585906982421875,818.4246292114258
2026-07-23T00:02:12.802765+00:00,s030:instance_016:r01:o1:live,1153130,180.006968,3,1.2578620910644531,0.0,12.641986846923828,11.43695068359375,0.2585906982421875,818.4111289978027
2026-07-23T00:03:18.690907+00:00,s030:instance_016:r01:o1:live,1153130,240.008777,3,1.2578811645507812,0.0,12.641986846923828,11.430679321289062,0.2585906982421875,818.4111022949219
2026-07-23T00:04:24.626259+00:00,s030:instance_016:r01:o1:live,1153130,300.010322,3,1.4783935546875,0.0,12.641986846923828,11.213043212890625,0.2585906982421875,818.4110794067383
2026-07-23T00:05:30.489544+00:00,s030:instance_016:r01:o1:live,1153130,360.01185,3,1.4784011840820312,0.0,12.641986846923828,11.213069915771484,0.2585906982421875,818.4110488891602
2026-07-23T00:06:36.385944+00:00,s030:instance_016:r01:o1:live,1153130,420.013403,3,1.4793739318847656,0.0,12.641986846923828,11.211833953857422,0.2585906982421875,818.4110298156738
2026-07-23T00:07:42.327578+00:00,s030:instance_016:r01:o1:live,1153130,480.01538,3,1.4793739318847656,0.0,12.641986846923828,11.214439392089844,0.2585906982421875,818.4109992980957
2026-07-23T00:08:45.302170+00:00,s030:instance_016:r01:o1:live,1153130,540.017033,3,1.4793777465820312,0.0,12.641986846923828,11.212562561035156,0.2585906982421875,818.4109802246094
2026-07-23T00:09:51.161067+00:00,s030:instance_016:r01:o1:live,1153130,600.018555,3,1.4821243286132812,0.0,12.641986846923828,11.205078125,0.2585906982421875,818.4109497070312
2026-07-23T00:10:57.028142+00:00,s030:instance_016:r01:o1:live,1153130,660.020186,3,1.4846267700195312,0.0,12.641986846923828,11.23992919921875,0.2585906982421875,818.4109230041504
2026-07-23T00:12:02.984201+00:00,s030:instance_016:r01:o1:live,1153130,720.021746,3,1.5275230407714844,0.0,12.641986846923828,11.203426361083984,0.2585906982421875,818.414192199707
2026-07-23T00:13:08.920591+00:00,s030:instance_016:r01:o1:live,1153130,780.02331,3,1.4857101440429688,0.0,12.641986846923828,11.24179458618164,0.2585906982421875,818.4111328125
2026-07-23T00:14:14.786907+00:00,s030:instance_016:r01:o1:live,1153130,840.024915,3,1.4878425598144531,0.0,12.641986846923828,11.24737548828125,0.2585906982421875,818.4111022949219
2026-07-23T00:15:20.695244+00:00,s030:instance_016:r01:o1:live,1153130,900.026471,3,1.7103843688964844,0.0,12.641986846923828,11.007476806640625,0.2585906982421875,818.4110870361328
2026-07-23T00:16:23.575117+00:00,s030:instance_016:r01:o1:live,1153130,960.028044,3,1.4900741577148438,0.0,12.641986846923828,11.232643127441406,0.2585906982421875,818.4110527038574
2026-07-23T00:17:29.524909+00:00,s030:instance_016:r01:o1:live,1153130,1020.029601,3,1.5959587097167969,0.0,12.641986846923828,11.130531311035156,0.2585906982421875,818.4107856750488
2026-07-23T00:18:35.412743+00:00,s030:instance_016:r01:o1:live,1153130,1080.031228,3,1.6382293701171875,0.0,12.641986846923828,11.080585479736328,0.2585906982421875,818.410587310791
2026-07-23T00:19:29.654517+00:00,s030:instance_016:r01:o2:no_cut,1413367,0.001631,1,0.00484466552734375,0.0,12.666828155517578,12.6663818359375,0.2585906982421875,818.4081993103027
2026-07-23T00:20:32.583814+00:00,s030:instance_016:r01:o2:no_cut,1413367,60.00327,4,2.1705589294433594,0.0,12.666828155517578,10.54001235961914,0.2585906982421875,818.4081344604492
2026-07-23T00:21:38.447614+00:00,s030:instance_016:r01:o2:no_cut,1413367,120.004877,4,2.180896759033203,0.0,12.666828155517578,10.530326843261719,0.2585906982421875,818.4081077575684
2026-07-23T00:22:44.374852+00:00,s030:instance_016:r01:o2:no_cut,1413367,180.006625,3,1.8937492370605469,0.0,12.666828155517578,10.819267272949219,0.2585906982421875,818.3946266174316
2026-07-23T00:23:50.278712+00:00,s030:instance_016:r01:o2:no_cut,1413367,240.008154,3,1.8880195617675781,0.0,12.666828155517578,10.816444396972656,0.2585906982421875,818.3945846557617
2026-07-23T00:24:56.192037+00:00,s030:instance_016:r01:o2:no_cut,1413367,300.009749,3,1.8880271911621094,0.0,12.666828155517578,10.824859619140625,0.2585906982421875,818.3945541381836
2026-07-23T00:26:02.072857+00:00,s030:instance_016:r01:o2:no_cut,1413367,360.01137,3,1.8880271911621094,0.0,12.666828155517578,10.817848205566406,0.2585906982421875,818.39453125
2026-07-23T00:27:07.968962+00:00,s030:instance_016:r01:o2:no_cut,1413367,420.012963,3,1.8880348205566406,0.0,12.666828155517578,10.824172973632812,0.2585906982421875,818.3945045471191
2026-07-23T00:28:10.938601+00:00,s030:instance_016:r01:o2:no_cut,1413367,480.014665,3,1.8886680603027344,0.0,12.666828155517578,10.806865692138672,0.2585906982421875,818.3944778442383
2026-07-23T00:29:16.847762+00:00,s030:instance_016:r01:o2:no_cut,1413367,540.016198,3,1.8886833190917969,0.0,12.666828155517578,10.815399169921875,0.2585906982421875,818.3944549560547
2026-07-23T00:30:22.778612+00:00,s030:instance_016:r01:o2:no_cut,1413367,600.017756,3,1.8886833190917969,0.0,12.666828155517578,10.812240600585938,0.2585906982421875,818.3948249816895
2026-07-23T00:31:28.700008+00:00,s030:instance_016:r01:o2:no_cut,1413367,660.019373,3,1.8886833190917969,0.0,12.666828155517578,10.810741424560547,0.2585906982421875,818.3947944641113
2026-07-23T00:32:34.566510+00:00,s030:instance_016:r01:o2:no_cut,1413367,720.020892,3,1.8933334350585938,0.0,12.666828155517578,10.810165405273438,0.2585906982421875,818.3947677612305
2026-07-23T00:33:40.478210+00:00,s030:instance_016:r01:o2:no_cut,1413367,780.022537,3,1.4847869873046875,0.0,12.666828155517578,11.223583221435547,0.2585906982421875,818.3947448730469
2026-07-23T00:34:43.455141+00:00,s030:instance_016:r01:o2:no_cut,1413367,840.024126,3,1.4847908020019531,0.0,12.666828155517578,11.219806671142578,0.2585906982421875,818.394718170166
2026-07-23T00:35:49.285691+00:00,s030:instance_016:r01:o2:no_cut,1413367,900.025719,3,1.4847908020019531,0.0,12.666828155517578,11.216144561767578,0.2585906982421875,818.3946914672852
2026-07-23T00:36:55.289659+00:00,s030:instance_016:r01:o2:no_cut,1413367,960.027323,3,1.4875221252441406,0.0,12.666828155517578,11.216838836669922,0.2585906982421875,818.3946647644043
2026-07-23T00:38:01.150811+00:00,s030:instance_016:r01:o2:no_cut,1413367,1020.028904,3,1.5826873779296875,0.0,12.666828155517578,11.123664855957031,0.2585906982421875,818.3946342468262
2026-07-23T00:39:04.111244+00:00,s030:instance_016:r01:o2:no_cut,1413367,1080.03068,3,1.5826873779296875,0.0,12.666828155517578,11.12289047241211,0.2585906982421875,818.3946189880371
2026-07-23T00:40:11.409318+00:00,s030:instance_016:r01:o2:no_cut,1413367,1140.032204,3,1.4922943115234375,0.0,12.666828155517578,11.209930419921875,0.2585906982421875,818.3945846557617
2026-07-23T00:40:31.141228+00:00,s030:instance_016:r02:o1:no_cut,1682047,0.001431,1,0.00455474853515625,0.0,12.660125732421875,12.65933609008789,0.2585906982421875,818.3920822143555
2026-07-23T00:41:37.061774+00:00,s030:instance_016:r02:o1:no_cut,1682047,60.003028,4,2.0574417114257812,0.0,12.660125732421875,10.649627685546875,0.2585906982421875,818.392017364502
2026-07-23T00:42:40.034800+00:00,s030:instance_016:r02:o1:no_cut,1682047,120.00457,4,2.186492919921875,0.0,12.660125732421875,10.506160736083984,0.2585906982421875,818.3919944763184
2026-07-23T00:43:45.930395+00:00,s030:instance_016:r02:o1:no_cut,1682047,180.006157,3,2.0973968505859375,0.0,12.660125732421875,10.489688873291016,0.2585906982421875,818.378360748291
2026-07-23T00:44:51.808903+00:00,s030:instance_016:r02:o1:no_cut,1682047,240.007654,3,2.091663360595703,0.0,12.660125732421875,10.614002227783203,0.2585906982421875,818.3814811706543
2026-07-23T00:45:57.680928+00:00,s030:instance_016:r02:o1:no_cut,1682047,300.009263,3,1.4810409545898438,0.0,12.660125732421875,11.225894927978516,0.2585906982421875,818.3784370422363
2026-07-23T00:47:03.599800+00:00,s030:instance_016:r02:o1:no_cut,1682047,360.010835,3,1.2585678100585938,0.0,12.660125732421875,11.450031280517578,0.2585906982421875,818.3783988952637
2026-07-23T00:48:09.462960+00:00,s030:instance_016:r02:o1:no_cut,1682047,420.012389,3,1.3007240295410156,0.0,12.660125732421875,11.409599304199219,0.2585906982421875,818.3783569335938
2026-07-23T00:49:15.429815+00:00,s030:instance_016:r02:o1:no_cut,1682047,480.014021,3,1.4573631286621094,0.0,12.660125732421875,11.243366241455078,0.2585906982421875,818.3783302307129
2026-07-23T00:50:18.371148+00:00,s030:instance_016:r02:o1:no_cut,1682047,540.015559,3,1.2715377807617188,0.0,12.660125732421875,11.428001403808594,0.2585906982421875,818.3782997131348
2026-07-23T00:51:24.254321+00:00,s030:instance_016:r02:o1:no_cut,1682047,600.017233,3,1.3465766906738281,0.0,12.660125732421875,11.355400085449219,0.2585906982421875,818.3782615661621
2026-07-23T00:52:30.180451+00:00,s030:instance_016:r02:o1:no_cut,1682047,660.018924,3,1.4640083312988281,0.0,12.660125732421875,11.238826751708984,0.2585906982421875,818.3779830932617
2026-07-23T00:53:36.083979+00:00,s030:instance_016:r02:o1:no_cut,1682047,720.020932,3,1.4672698974609375,0.0,12.660125732421875,11.2247314453125,0.2585906982421875,818.3779563903809
2026-07-23T00:54:41.992489+00:00,s030:instance_016:r02:o1:no_cut,1682047,780.022554,3,1.4699287414550781,0.0,12.660125732421875,11.226543426513672,0.2585906982421875,818.3779220581055
2026-07-23T00:55:47.939593+00:00,s030:instance_016:r02:o1:no_cut,1682047,840.024101,3,1.4700508117675781,0.0,12.660125732421875,11.228614807128906,0.2585906982421875,818.3778800964355
2026-07-23T00:56:53.796035+00:00,s030:instance_016:r02:o1:no_cut,1682047,900.02582,3,1.4715614318847656,0.0,12.660125732421875,11.226036071777344,0.2585906982421875,818.3778533935547
2026-07-23T00:57:56.745310+00:00,s030:instance_016:r02:o1:no_cut,1682047,960.027347,3,1.5830421447753906,0.0,12.660125732421875,11.108341217041016,0.2585906982421875,818.3778190612793
2026-07-23T00:59:02.667889+00:00,s030:instance_016:r02:o1:no_cut,1682047,1020.028986,3,1.60491943359375,0.0,12.660125732421875,11.089275360107422,0.2585906982421875,818.3777809143066
2026-07-23T01:00:08.570799+00:00,s030:instance_016:r02:o1:no_cut,1682047,1080.03061,3,1.6031646728515625,0.0,12.660125732421875,11.082954406738281,0.2585906982421875,818.3777389526367
2026-07-23T01:01:14.489584+00:00,s030:instance_016:r02:o1:no_cut,1682047,1140.032213,3,1.6043243408203125,0.0,12.660125732421875,11.089134216308594,0.2585906982421875,818.3777008056641
2026-07-23T01:02:20.392301+00:00,s030:instance_016:r02:o1:no_cut,1682047,1200.033817,3,1.6760292053222656,0.0,12.660125732421875,11.00931167602539,0.2585906982421875,818.3776779174805
2026-07-23T01:03:26.349599+00:00,s030:instance_016:r02:o1:no_cut,1682047,1260.035378,3,1.6165847778320312,0.0,12.660125732421875,11.071510314941406,0.2585906982421875,818.3780670166016
2026-07-23T01:03:43.424280+00:00,s030:instance_016:r02:o2:live,1977346,0.001512,1,0.004711151123046875,0.0,12.64249038696289,12.645217895507812,0.2585906982421875,818.3751945495605
2026-07-23T01:04:49.268401+00:00,s030:instance_016:r02:o2:live,1977346,60.00305,4,2.150463104248047,0.0,12.64249038696289,10.534832000732422,0.2585906982421875,818.3751029968262
2026-07-23T01:05:55.179135+00:00,s030:instance_016:r02:o2:live,1977346,120.0047,4,2.1533470153808594,0.0,12.64249038696289,10.526805877685547,0.2585906982421875,818.375057220459
2026-07-23T01:07:01.046426+00:00,s030:instance_016:r02:o2:live,1977346,180.006379,3,2.082752227783203,0.0,12.64249038696289,10.599006652832031,0.2585906982421875,818.3615684509277
2026-07-23T01:08:06.978467+00:00,s030:instance_016:r02:o2:live,1977346,240.007927,3,2.0827713012695312,0.0,12.64249038696289,10.595314025878906,0.2585906982421875,818.3615303039551
2026-07-23T01:09:09.934132+00:00,s030:instance_016:r02:o2:live,1977346,300.009513,3,1.4733200073242188,0.0,12.64249038696289,11.209571838378906,0.2585906982421875,818.3614883422852
2026-07-23T01:10:15.881480+00:00,s030:instance_016:r02:o2:live,1977346,360.011051,3,1.3597145080566406,0.0,12.64249038696289,11.329727172851562,0.2585906982421875,818.361457824707
2026-07-23T01:11:21.735067+00:00,s030:instance_016:r02:o2:live,1977346,420.01268,3,1.3597259521484375,0.0,12.64249038696289,11.326026916503906,0.2585906982421875,818.3614349365234
2026-07-23T01:12:27.661567+00:00,s030:instance_016:r02:o2:live,1977346,480.014319,3,1.3395576477050781,0.0,12.64249038696289,11.340259552001953,0.2585906982421875,818.361400604248
2026-07-23T01:13:33.605827+00:00,s030:instance_016:r02:o2:live,1977346,540.016141,3,1.3395614624023438,0.0,12.64249038696289,11.338863372802734,0.2585906982421875,818.3613624572754
2026-07-23T01:14:39.446989+00:00,s030:instance_016:r02:o2:live,1977346,600.017838,3,1.4623031616210938,0.0,12.64249038696289,11.22353744506836,0.2585906982421875,818.361328125
2026-07-23T01:15:42.431860+00:00,s030:instance_016:r02:o2:live,1977346,660.019347,3,1.3665237426757812,0.0,12.64249038696289,11.314067840576172,0.2585906982421875,818.3612976074219
2026-07-23T01:16:49.711079+00:00,s030:instance_016:r02:o2:live,1977346,720.020908,3,1.5835494995117188,0.0,12.64249038696289,11.097980499267578,0.2585906982421875,818.3612632751465
2026-07-23T01:17:55.602718+00:00,s030:instance_016:r02:o2:live,1977346,780.022506,3,1.5242881774902344,0.0,12.64249038696289,11.174003601074219,0.2585906982421875,818.363353729248
2026-07-23T01:19:01.499076+00:00,s030:instance_016:r02:o2:live,1977346,840.024116,3,1.5271644592285156,0.0,12.64249038696289,11.166130065917969,0.2585906982421875,818.3615951538086
2026-07-23T01:20:04.441521+00:00,s030:instance_016:r02:o2:live,1977346,900.025685,3,1.5527763366699219,0.0,12.64249038696289,11.145694732666016,0.2585906982421875,818.3615684509277
2026-07-23T01:21:10.351480+00:00,s030:instance_016:r02:o2:live,1977346,960.027199,3,1.5966606140136719,0.0,12.64249038696289,11.089691162109375,0.2585906982421875,818.3615379333496
2026-07-23T01:22:16.262291+00:00,s030:instance_016:r02:o2:live,1977346,1020.028815,3,1.602935791015625,0.0,12.64249038696289,11.083240509033203,0.2585906982421875,818.3615036010742
2026-07-23T01:22:39.661618+00:00,s030:instance_016:r03:o1:live,2220403,0.002014,1,0.005138397216796875,0.0,12.634201049804688,12.635627746582031,0.2585906982421875,818.3589782714844
2026-07-23T01:23:45.561303+00:00,s030:instance_016:r03:o1:live,2220403,60.003689,4,2.1585769653320312,0.0,12.634201049804688,10.523033142089844,0.2585906982421875,818.3587951660156
2026-07-23T01:24:48.513679+00:00,s030:instance_016:r03:o1:live,2220403,120.005327,4,2.1704559326171875,0.0,12.634201049804688,10.510730743408203,0.2585906982421875,818.3587646484375
2026-07-23T01:25:54.414999+00:00,s030:instance_016:r03:o1:live,2220403,180.006811,3,1.2471389770507812,0.0,12.634201049804688,11.437114715576172,0.2585906982421875,818.3451538085938
2026-07-23T01:27:00.311163+00:00,s030:instance_016:r03:o1:live,2220403,240.008399,3,1.2471580505371094,0.0,12.634201049804688,11.434173583984375,0.2585906982421875,818.3451194763184
2026-07-23T01:28:06.253610+00:00,s030:instance_016:r03:o1:live,2220403,300.009989,3,1.47906494140625,0.0,12.634201049804688,11.204826354980469,0.2585906982421875,818.3450889587402
2026-07-23T01:29:12.800849+00:00,s030:instance_016:r03:o1:live,2220403,360.011857,3,1.4790725708007812,0.0,12.634201049804688,11.202342987060547,0.2585906982421875,818.3450546264648
2026-07-23T01:30:20.041117+00:00,s030:instance_016:r03:o1:live,2220403,420.013431,3,1.4795913696289062,0.0,12.634201049804688,11.205291748046875,0.2585906982421875,818.3450241088867
2026-07-23T01:31:23.655411+00:00,s030:instance_016:r03:o1:live,2220403,480.014951,3,1.4798088073730469,0.0,12.634201049804688,11.214759826660156,0.2585906982421875,818.3449897766113
2026-07-23T01:32:30.868224+00:00,s030:instance_016:r03:o1:live,2220403,540.016553,3,1.4798126220703125,0.0,12.634201049804688,11.211254119873047,0.2585906982421875,818.3449058532715
2026-07-23T01:33:38.100674+00:00,s030:instance_016:r03:o1:live,2220403,600.018069,3,1.4801788330078125,0.0,12.634201049804688,11.207893371582031,0.2585906982421875,818.3448715209961
2026-07-23T01:34:45.337263+00:00,s030:instance_016:r03:o1:live,2220403,660.019741,3,1.4816360473632812,0.0,12.634201049804688,11.202491760253906,0.2585906982421875,818.3448448181152
2026-07-23T01:35:52.538855+00:00,s030:instance_016:r03:o1:live,2220403,720.021331,3,1.48486328125,0.0,12.634201049804688,11.199546813964844,0.2585906982421875,818.3448104858398
2026-07-23T01:36:59.741407+00:00,s030:instance_016:r03:o1:live,2220403,780.022931,3,1.48486328125,0.0,12.634201049804688,11.203956604003906,0.2585906982421875,818.3452491760254
2026-07-23T01:38:06.908423+00:00,s030:instance_016:r03:o1:live,2220403,840.024447,3,1.4862823486328125,0.0,12.634201049804688,11.202816009521484,0.2585906982421875,818.3452072143555
2026-07-23T01:39:10.545146+00:00,s030:instance_016:r03:o1:live,2220403,900.026026,3,1.4864501953125,0.0,12.634201049804688,11.196495056152344,0.2585906982421875,818.3451805114746
2026-07-23T01:40:17.758651+00:00,s030:instance_016:r03:o1:live,2220403,960.027564,3,1.5811614990234375,0.0,12.634201049804688,11.105964660644531,0.2585906982421875,818.3451461791992
2026-07-23T01:41:24.913706+00:00,s030:instance_016:r03:o1:live,2220403,1020.029356,3,1.6030387878417969,0.0,12.634201049804688,11.068145751953125,0.2585906982421875,818.3451194763184
2026-07-23T01:42:32.137620+00:00,s030:instance_016:r03:o1:live,2220403,1080.03102,3,2.123065948486328,0.0,12.634201049804688,10.55255126953125,0.2585906982421875,818.3450813293457
2026-07-23T01:43:39.380287+00:00,s030:instance_016:r03:o1:live,2220403,1140.03253,3,1.5805130004882812,0.0,12.634201049804688,11.105789184570312,0.2585906982421875,818.3450546264648
2026-07-23T01:44:46.587911+00:00,s030:instance_016:r03:o1:live,2220403,1200.034142,3,1.5863189697265625,0.0,12.634201049804688,11.09830093383789,0.2585906982421875,818.3450241088867
2026-07-23T01:45:53.813125+00:00,s030:instance_016:r03:o1:live,2220403,1260.035729,3,1.5930900573730469,0.0,12.634201049804688,11.08523941040039,0.2585906982421875,818.3449897766113
2026-07-23T01:46:00.270751+00:00,s030:instance_016:r03:o2:no_cut,2519934,0.001739,1,0.004970550537109375,0.0,12.628639221191406,12.627677917480469,0.2585906982421875,818.3420944213867
2026-07-23T01:47:07.508153+00:00,s030:instance_016:r03:o2:no_cut,2519934,60.003451,4,2.129863739013672,0.0,12.628639221191406,10.549915313720703,0.2585906982421875,818.3420257568359
2026-07-23T01:48:11.105076+00:00,s030:instance_016:r03:o2:no_cut,2519934,120.005055,4,2.184307098388672,0.0,12.628639221191406,10.491447448730469,0.2585906982421875,818.3419914245605
2026-07-23T01:49:18.332201+00:00,s030:instance_016:r03:o2:no_cut,2519934,180.006718,3,1.3366432189941406,0.0,12.628639221191406,11.336219787597656,0.2585906982421875,818.3285026550293
2026-07-23T01:50:25.593063+00:00,s030:instance_016:r03:o2:no_cut,2519934,240.008215,3,1.3309059143066406,0.0,12.628639221191406,11.343891143798828,0.2585906982421875,818.3284683227539
2026-07-23T01:51:32.721171+00:00,s030:instance_016:r03:o2:no_cut,2519934,300.009775,3,1.4807624816894531,0.0,12.628639221191406,11.199771881103516,0.2585906982421875,818.3291625976562
2026-07-23T01:52:39.921373+00:00,s030:instance_016:r03:o2:no_cut,2519934,360.011317,3,1.3596916198730469,0.0,12.628639221191406,11.328109741210938,0.2585906982421875,818.3286781311035
2026-07-23T01:53:47.175046+00:00,s030:instance_016:r03:o2:no_cut,2519934,420.012864,3,1.3596992492675781,0.0,12.628639221191406,11.332279205322266,0.2585906982421875,818.3286514282227
2026-07-23T01:54:54.344800+00:00,s030:instance_016:r03:o2:no_cut,2519934,480.014581,3,1.4605560302734375,0.0,12.628639221191406,11.230182647705078,0.2585906982421875,818.3283576965332
2026-07-23T01:55:57.955939+00:00,s030:instance_016:r03:o2:no_cut,2519934,540.016109,3,1.4415359497070312,0.0,12.628639221191406,11.245498657226562,0.2585906982421875,818.3283157348633
2026-07-23T01:57:05.177494+00:00,s030:instance_016:r03:o2:no_cut,2519934,600.017732,3,1.4415359497070312,0.0,12.628639221191406,11.242645263671875,0.2585906982421875,818.3282814025879
2026-07-23T01:58:12.404568+00:00,s030:instance_016:r03:o2:no_cut,2519934,660.019361,3,1.5720558166503906,0.0,12.628639221191406,11.111526489257812,0.2585906982421875,818.3282432556152
2026-07-23T01:59:19.641880+00:00,s030:instance_016:r03:o2:no_cut,2519934,720.020984,3,1.5721321105957031,0.0,12.628639221191406,11.114604949951172,0.2585906982421875,818.3282165527344
2026-07-23T02:00:26.815095+00:00,s030:instance_016:r03:o2:no_cut,2519934,780.022958,3,1.4966545104980469,0.0,12.628639221191406,11.187225341796875,0.2585906982421875,818.328197479248
2026-07-23T02:01:34.007574+00:00,s030:instance_016:r03:o2:no_cut,2519934,840.025719,3,1.480621337890625,0.0,12.628639221191406,11.200698852539062,0.2585906982421875,818.3281593322754
2026-07-23T02:02:39.318217+00:00,s030:instance_016:r03:o2:no_cut,2519934,900.027304,3,1.4815826416015625,0.0,12.628639221191406,11.19833755493164,0.2585906982421875,818.3281211853027
2026-07-23T02:03:46.521804+00:00,s030:instance_016:r03:o2:no_cut,2519934,960.028768,3,1.4835052490234375,0.0,12.628639221191406,11.19976806640625,0.2585906982421875,818.3280982971191
2026-07-23T02:04:53.738340+00:00,s030:instance_016:r03:o2:no_cut,2519934,1020.030308,3,1.6062126159667969,0.0,12.628639221191406,11.064674377441406,0.2585906982421875,818.328067779541
2026-07-23T02:06:00.967982+00:00,s030:instance_016:r03:o2:no_cut,2519934,1080.031957,3,1.6076431274414062,0.0,12.628639221191406,11.07497787475586,0.2585906982421875,818.3280410766602
2026-07-23T02:07:04.568787+00:00,s030:instance_016:r03:o2:no_cut,2519934,1140.033649,3,1.6131706237792969,0.0,12.628639221191406,11.064929962158203,0.2585906982421875,818.3280067443848
2026-07-23T02:07:33.055131+00:00,s030:instance_017:r01:o1:no_cut,2797748,0.001591,1,0.004604339599609375,0.0,12.629894256591797,12.628456115722656,0.2585906982421875,818.3254280090332
2026-07-23T02:08:40.246080+00:00,s030:instance_017:r01:o1:no_cut,2797748,60.003201,4,2.1292381286621094,0.0,12.629894256591797,10.543975830078125,0.2585906982421875,818.3253479003906
2026-07-23T02:09:47.472548+00:00,s030:instance_017:r01:o1:no_cut,2797748,120.004679,3,2.0627708435058594,0.0,12.629894256591797,10.602554321289062,0.2585906982421875,818.3144149780273
2026-07-23T02:10:23.019123+00:00,s030:instance_017:r01:o2:live,2834703,0.001739,1,0.005214691162109375,0.0,12.62723159790039,12.62874984741211,0.2585906982421875,818.3141899108887
2026-07-23T02:11:30.223732+00:00,s030:instance_017:r01:o2:live,2834703,60.003379,4,2.133819580078125,0.0,12.62723159790039,10.541213989257812,0.2585906982421875,818.3140830993652
2026-07-23T02:12:37.411098+00:00,s030:instance_017:r01:o2:live,2834703,120.004848,3,2.0074806213378906,0.0,12.62723159790039,10.660591125488281,0.2585906982421875,818.303150177002
2026-07-23T02:13:08.139879+00:00,s030:instance_017:r02:o1:live,2871157,0.001514,1,0.00472259521484375,0.0,12.625465393066406,12.625797271728516,0.2585906982421875,818.3024406433105
2026-07-23T02:14:15.379191+00:00,s030:instance_017:r02:o1:live,2871157,60.003211,4,2.1327133178710938,0.0,12.625465393066406,10.53702163696289,0.2585906982421875,818.3023681640625
2026-07-23T02:15:22.600843+00:00,s030:instance_017:r02:o1:live,2871157,120.004924,3,2.0918502807617188,0.0,12.625465393066406,10.611785888671875,0.2585906982421875,818.291446685791
2026-07-23T02:15:56.200495+00:00,s030:instance_017:r02:o2:no_cut,2907440,0.001414,1,0.004528045654296875,0.0,12.663715362548828,12.663299560546875,0.2585906982421875,818.2907371520996
2026-07-23T02:17:03.366587+00:00,s030:instance_017:r02:o2:no_cut,2907440,60.003024,4,2.110137939453125,0.0,12.663715362548828,10.596538543701172,0.2585906982421875,818.2906646728516
2026-07-23T02:18:10.595311+00:00,s030:instance_017:r02:o2:no_cut,2907440,120.004555,3,1.9932975769042969,0.0,12.663715362548828,10.700447082519531,0.2585906982421875,818.2797431945801
2026-07-23T02:18:45.592744+00:00,s030:instance_017:r03:o1:no_cut,2944178,0.002389,1,0.006450653076171875,0.0,12.656795501708984,12.658111572265625,0.2585906982421875,818.2790489196777
2026-07-23T02:19:52.807775+00:00,s030:instance_017:r03:o1:no_cut,2944178,60.003898,4,1.9700584411621094,0.0,12.656795501708984,10.742195129394531,0.2585906982421875,818.2789649963379
2026-07-23T02:20:56.425025+00:00,s030:instance_017:r03:o1:no_cut,2944178,120.005499,3,1.88323974609375,0.0,12.656795501708984,10.820213317871094,0.2585906982421875,818.2680549621582
2026-07-23T02:21:32.948881+00:00,s030:instance_017:r03:o2:live,2981430,0.001554,1,0.00467681884765625,0.0,12.659618377685547,12.658180236816406,0.2585906982421875,818.2673568725586
2026-07-23T02:22:40.089273+00:00,s030:instance_017:r03:o2:live,2981430,60.003112,4,2.116413116455078,0.0,12.659618377685547,10.587875366210938,0.2585906982421875,818.2672920227051
2026-07-23T02:23:47.331670+00:00,s030:instance_017:r03:o2:live,2981430,120.004611,3,1.9630088806152344,0.0,12.659618377685547,10.739006042480469,0.2585906982421875,818.2563858032227
2026-07-23T02:24:22.676361+00:00,s030:instance_018:r01:o1:live,3018035,0.001625,1,0.004795074462890625,0.0,12.67392349243164,12.672569274902344,0.2585906982421875,818.25830078125
2026-07-23T02:25:29.889075+00:00,s030:instance_018:r01:o1:live,3018035,60.003159,4,2.136688232421875,0.0,12.67392349243164,10.569698333740234,0.2585906982421875,818.2557182312012
2026-07-23T02:26:37.109937+00:00,s030:instance_018:r01:o1:live,3018035,120.004825,3,2.2234649658203125,0.0,12.67392349243164,10.478775024414062,0.2585906982421875,818.2445640563965
2026-07-23T02:27:44.333777+00:00,s030:instance_018:r01:o1:live,3018035,180.006348,3,1.9099884033203125,0.0,12.67392349243164,10.788681030273438,0.2585906982421875,818.2445373535156
2026-07-23T02:28:02.199641+00:00,s030:instance_018:r01:o2:no_cut,3066442,0.001793,1,0.005123138427734375,0.0,12.65829086303711,12.658672332763672,0.2585906982421875,818.2438697814941
2026-07-23T02:29:09.443570+00:00,s030:instance_018:r01:o2:no_cut,3066442,60.003592,4,2.0764389038085938,0.0,12.65829086303711,10.624290466308594,0.2585906982421875,818.2437858581543
2026-07-23T02:30:16.648369+00:00,s030:instance_018:r01:o2:no_cut,3066442,120.005114,3,2.113788604736328,0.0,12.65829086303711,10.580299377441406,0.2585906982421875,818.232494354248
2026-07-23T02:31:23.881768+00:00,s030:instance_018:r01:o2:no_cut,3066442,180.006621,3,2.113788604736328,0.0,12.65829086303711,10.5816650390625,0.2585906982421875,818.2324676513672
2026-07-23T02:31:31.487582+00:00,s030:instance_018:r02:o1:no_cut,3112297,0.001418,1,0.004634857177734375,0.0,12.652523040771484,12.6529541015625,0.2585906982421875,818.2315559387207
2026-07-23T02:32:38.712270+00:00,s030:instance_018:r02:o1:no_cut,3112297,60.003117,4,2.1337051391601562,0.0,12.652523040771484,10.56429672241211,0.2585906982421875,818.2314796447754
2026-07-23T02:33:45.914909+00:00,s030:instance_018:r02:o1:no_cut,3112297,120.00474,3,2.1100502014160156,0.0,12.652523040771484,10.581958770751953,0.2585906982421875,818.2203254699707
2026-07-23T02:34:53.129275+00:00,s030:instance_018:r02:o1:no_cut,3112297,180.006276,3,2.1100616455078125,0.0,12.652523040771484,10.583171844482422,0.2585906982421875,818.2202911376953
2026-07-23T02:34:56.181498+00:00,s030:instance_018:r02:o2:live,3157294,0.001453,1,0.004734039306640625,0.0,12.654903411865234,12.653461456298828,0.2585906982421875,818.2193832397461
2026-07-23T02:36:03.437480+00:00,s030:instance_018:r02:o2:live,3157294,60.003523,4,1.9344482421875,0.0,12.654903411865234,10.765884399414062,0.2585906982421875,818.2192916870117
2026-07-23T02:37:06.986963+00:00,s030:instance_018:r02:o2:live,3157294,120.005176,3,2.223522186279297,0.0,12.654903411865234,10.459659576416016,0.2585906982421875,818.2081336975098
2026-07-23T02:38:14.215120+00:00,s030:instance_018:r02:o2:live,3157294,180.006767,3,2.223529815673828,0.0,12.654903411865234,10.475090026855469,0.2585906982421875,818.2080993652344
2026-07-23T02:38:39.242649+00:00,s030:instance_018:r03:o1:live,3206871,0.001516,1,0.0045013427734375,0.0,12.648120880126953,12.646678924560547,0.2585906982421875,818.2074432373047
2026-07-23T02:39:46.501381+00:00,s030:instance_018:r03:o1:live,3206871,60.003097,4,2.1367416381835938,0.0,12.648120880126953,10.55178451538086,0.2585906982421875,818.2073822021484
2026-07-23T02:40:53.648143+00:00,s030:instance_018:r03:o1:live,3206871,120.004645,3,2.2234535217285156,0.0,12.648120880126953,10.462017059326172,0.2585906982421875,818.1962013244629
2026-07-23T02:41:57.243091+00:00,s030:instance_018:r03:o1:live,3206871,180.006198,3,2.173320770263672,0.0,12.648120880126953,10.508682250976562,0.2585906982421875,818.196174621582
2026-07-23T02:42:21.006766+00:00,s030:instance_018:r03:o2:no_cut,3256081,0.001467,1,0.004550933837890625,0.0,12.64730453491211,12.645866394042969,0.2585906982421875,818.1955108642578
2026-07-23T02:43:28.177945+00:00,s030:instance_018:r03:o2:no_cut,3256081,60.003178,4,2.136646270751953,0.0,12.64730453491211,10.544994354248047,0.2585906982421875,818.1954078674316
2026-07-23T02:44:35.402080+00:00,s030:instance_018:r03:o2:no_cut,3256081,120.004729,3,1.875274658203125,0.0,12.64730453491211,10.814163208007812,0.2585906982421875,818.1846809387207
2026-07-23T02:45:42.591762+00:00,s030:instance_018:r03:o2:no_cut,3256081,180.006241,3,1.875274658203125,0.0,12.64730453491211,10.815315246582031,0.2585906982421875,818.1846542358398
2026-07-23T02:45:49.396459+00:00,s030:instance_019:r01:o1:no_cut,3301756,0.001726,1,0.0046539306640625,0.0,12.637500762939453,12.636978149414062,0.2585906982421875,818.183723449707
2026-07-23T02:46:56.664446+00:00,s030:instance_019:r01:o1:no_cut,3301756,60.0033,4,2.2125244140625,0.0,12.637500762939453,10.480125427246094,0.2585906982421875,818.183650970459
2026-07-23T02:48:00.211370+00:00,s030:instance_019:r01:o1:no_cut,3301756,120.004851,4,2.2464981079101562,0.0,12.637500762939453,10.439132690429688,0.2585906982421875,818.1836166381836
2026-07-23T02:49:07.450498+00:00,s030:instance_019:r01:o1:no_cut,3301756,180.006446,3,2.2196502685546875,0.0,12.637500762939453,10.45428466796875,0.2585906982421875,818.171745300293
2026-07-23T02:50:14.586810+00:00,s030:instance_019:r01:o1:no_cut,3301756,240.007972,3,2.21966552734375,0.0,12.637500762939453,10.45645523071289,0.2585906982421875,818.1717109680176
2026-07-23T02:51:21.798656+00:00,s030:instance_019:r01:o1:no_cut,3301756,300.009817,3,2.219684600830078,0.0,12.637500762939453,10.458839416503906,0.2585906982421875,818.1716804504395
2026-07-23T02:52:16.270170+00:00,s030:instance_019:r01:o2:live,3387013,0.001503,1,0.004764556884765625,0.0,12.644153594970703,12.642261505126953,0.2585906982421875,818.1706886291504
2026-07-23T02:53:21.590020+00:00,s030:instance_019:r01:o2:live,3387013,60.003066,4,2.1406478881835938,0.0,12.644153594970703,10.543926239013672,0.2585906982421875,818.1706161499023
2026-07-23T02:54:28.807237+00:00,s030:instance_019:r01:o2:live,3387013,120.004584,4,2.1621360778808594,0.0,12.644153594970703,10.514404296875,0.2585906982421875,818.1705894470215
2026-07-23T02:55:35.998424+00:00,s030:instance_019:r01:o2:live,3387013,180.006157,3,2.3091163635253906,0.0,12.644153594970703,10.365608215332031,0.2585906982421875,818.1587181091309
2026-07-23T02:56:39.615578+00:00,s030:instance_019:r01:o2:live,3387013,240.007707,3,2.2929534912109375,0.0,12.644153594970703,10.38204574584961,0.2585906982421875,818.1586799621582
2026-07-23T02:57:46.844452+00:00,s030:instance_019:r01:o2:live,3387013,300.009297,3,2.2929534912109375,0.0,12.644153594970703,10.389408111572266,0.2585906982421875,818.1610260009766
2026-07-23T02:58:54.076437+00:00,s030:instance_019:r01:o2:live,3387013,360.010839,3,2.2929611206054688,0.0,12.644153594970703,10.379901885986328,0.2585906982421875,818.1587944030762
2026-07-23T03:00:01.297715+00:00,s030:instance_019:r01:o2:live,3387013,420.0124,3,2.2929611206054688,0.0,12.644153594970703,10.392330169677734,0.2585906982421875,818.1587715148926
2026-07-23T03:00:45.647163+00:00,s030:instance_019:r02:o1:live,3498945,0.001568,1,0.0046234130859375,0.0,12.645145416259766,12.644287109375,0.2585906982421875,818.1579551696777
2026-07-23T03:01:52.868878+00:00,s030:instance_019:r02:o1:live,3498945,60.003077,4,2.2168731689453125,0.0,12.645145416259766,10.461048126220703,0.2585906982421875,818.1577262878418
2026-07-23T03:03:00.095145+00:00,s030:instance_019:r02:o1:live,3498945,120.004944,4,2.2988357543945312,0.0,12.645145416259766,10.381149291992188,0.2585906982421875,818.1576995849609
2026-07-23T03:04:03.708453+00:00,s030:instance_019:r02:o1:live,3498945,180.006608,3,2.2965087890625,0.0,12.645145416259766,10.386032104492188,0.2585906982421875,818.1458206176758
2026-07-23T03:05:11.915349+00:00,s030:instance_019:r02:o1:live,3498945,240.008295,3,2.2954139709472656,0.0,12.645145416259766,10.375843048095703,0.2585906982421875,818.1458053588867
2026-07-23T03:06:17.828349+00:00,s030:instance_019:r02:o1:live,3498945,300.009863,3,2.2954139709472656,0.0,12.645145416259766,10.378700256347656,0.2585906982421875,818.1457595825195
2026-07-23T03:07:22.170139+00:00,s030:instance_019:r02:o1:live,3498945,360.01168,3,2.2954177856445312,0.0,12.645145416259766,10.368392944335938,0.2585906982421875,818.1457290649414
2026-07-23T03:08:23.444973+00:00,s030:instance_019:r02:o2:no_cut,3599117,0.002201,1,0.006023406982421875,0.0,12.626495361328125,12.626289367675781,0.2585906982421875,818.1449432373047
2026-07-23T03:09:29.356473+00:00,s030:instance_019:r02:o2:no_cut,3599117,60.003823,4,2.202350616455078,0.0,12.626495361328125,10.464191436767578,0.2585906982421875,818.1448707580566
2026-07-23T03:10:35.286119+00:00,s030:instance_019:r02:o2:no_cut,3599117,120.005514,4,2.2250022888183594,0.0,12.626495361328125,10.444175720214844,0.2585906982421875,818.1448364257812
2026-07-23T03:11:41.148111+00:00,s030:instance_019:r02:o2:no_cut,3599117,180.007062,3,2.0637130737304688,0.0,12.626495361328125,10.597816467285156,0.2585906982421875,818.1329498291016
2026-07-23T03:12:44.094193+00:00,s030:instance_019:r02:o2:no_cut,3599117,240.00861,3,2.063739776611328,0.0,12.626495361328125,10.598945617675781,0.2585906982421875,818.1329231262207
2026-07-23T03:13:50.017658+00:00,s030:instance_019:r02:o2:no_cut,3599117,300.010488,3,2.0637435913085938,0.0,12.626495361328125,10.606754302978516,0.2585906982421875,818.1328964233398
2026-07-23T03:14:56.702961+00:00,s030:instance_019:r02:o2:no_cut,3599117,360.01236,3,2.0637550354003906,0.0,12.626495361328125,10.600456237792969,0.2585906982421875,818.1328392028809
2026-07-23T03:15:16.764031+00:00,s030:instance_019:r03:o1:no_cut,3690524,0.001696,1,0.005039215087890625,0.0,12.62490463256836,12.623943328857422,0.2585906982421875,818.1318778991699
2026-07-23T03:16:23.928872+00:00,s030:instance_019:r03:o1:no_cut,3690524,60.003199,4,2.2120323181152344,0.0,12.62490463256836,10.455032348632812,0.2585906982421875,818.1318130493164
2026-07-23T03:17:27.541909+00:00,s030:instance_019:r03:o1:no_cut,3690524,120.004742,4,2.2843780517578125,0.0,12.62490463256836,10.379867553710938,0.2585906982421875,818.132251739502
2026-07-23T03:18:34.765407+00:00,s030:instance_019:r03:o1:no_cut,3690524,180.006245,3,2.2158279418945312,0.0,12.62490463256836,10.446121215820312,0.2585906982421875,818.1203308105469
2026-07-23T03:19:43.659367+00:00,s030:instance_019:r03:o1:no_cut,3690524,240.007738,3,2.2158432006835938,0.0,12.62490463256836,10.443981170654297,0.2585906982421875,818.1202926635742
2026-07-23T03:20:47.272544+00:00,s030:instance_019:r03:o1:no_cut,3690524,300.009365,3,2.2158546447753906,0.0,12.62490463256836,10.441211700439453,0.2585906982421875,818.1202659606934
2026-07-23T03:21:44.955574+00:00,s030:instance_019:r03:o2:live,3776523,0.001441,1,0.004604339599609375,0.0,12.625564575195312,12.6251220703125,0.2585906982421875,818.1192817687988
2026-07-23T03:22:52.171626+00:00,s030:instance_019:r03:o2:live,3776523,60.003038,4,2.2300796508789062,0.0,12.625564575195312,10.435066223144531,0.2585906982421875,818.1192016601562
2026-07-23T03:23:59.409823+00:00,s030:instance_019:r03:o2:live,3776523,120.004695,4,2.3055381774902344,0.0,12.625564575195312,10.355819702148438,0.2585906982421875,818.1191787719727
2026-07-23T03:25:06.624235+00:00,s030:instance_019:r03:o2:live,3776523,180.006309,3,2.283313751220703,0.0,12.625564575195312,10.382369995117188,0.2585906982421875,818.107307434082
2026-07-23T03:26:10.242941+00:00,s030:instance_019:r03:o2:live,3776523,240.007874,3,2.2822036743164062,0.0,12.625564575195312,10.377128601074219,0.2585906982421875,818.1072731018066
2026-07-23T03:27:17.474241+00:00,s030:instance_019:r03:o2:live,3776523,300.009341,3,2.2822036743164062,0.0,12.625564575195312,10.377124786376953,0.2585906982421875,818.1072425842285
2026-07-23T03:28:24.713531+00:00,s030:instance_019:r03:o2:live,3776523,360.010822,3,2.282207489013672,0.0,12.625564575195312,10.380226135253906,0.2585906982421875,818.1072196960449
2026-07-23T03:29:20.946499+00:00,s030:instance_020:r01:o1:live,3876524,0.001699,1,0.004848480224609375,0.0,12.62313461303711,12.623123168945312,0.2585906982421875,818.1064186096191
2026-07-23T03:30:24.543793+00:00,s030:instance_020:r01:o1:live,3876524,60.003459,4,1.7395553588867188,0.0,12.62313461303711,10.930763244628906,0.2585906982421875,818.1063385009766
2026-07-23T03:31:31.785775+00:00,s030:instance_020:r01:o1:live,3876524,120.004975,4,2.257007598876953,0.0,12.62313461303711,10.4190673828125,0.2585906982421875,818.1066284179688
2026-07-23T03:32:38.990432+00:00,s030:instance_020:r01:o1:live,3876524,180.006579,3,2.2689208984375,0.0,12.62313461303711,10.402935028076172,0.2585906982421875,818.0901031494141
2026-07-23T03:33:46.221165+00:00,s030:instance_020:r01:o1:live,3876524,240.0081,3,2.0435028076171875,0.0,12.62313461303711,10.621112823486328,0.2585906982421875,818.089916229248
2026-07-23T03:34:11.350941+00:00,s030:instance_020:r01:o2:no_cut,3940044,0.001478,1,0.00469970703125,0.0,12.634159088134766,12.633197784423828,0.2585906982421875,818.0893363952637
2026-07-23T03:35:14.969802+00:00,s030:instance_020:r01:o2:no_cut,3940044,60.003041,4,1.7389564514160156,0.0,12.634159088134766,10.93624496459961,0.2585906982421875,818.0892486572266
2026-07-23T03:36:22.189780+00:00,s030:instance_020:r01:o2:no_cut,3940044,120.004596,4,2.3151512145996094,0.0,12.634159088134766,10.35097885131836,0.2585906982421875,818.0892143249512
2026-07-23T03:37:29.428567+00:00,s030:instance_020:r01:o2:no_cut,3940044,180.006167,3,2.2268829345703125,0.0,12.634159088134766,10.432903289794922,0.2585906982421875,818.0726890563965
2026-07-23T03:38:36.655348+00:00,s030:instance_020:r01:o2:no_cut,3940044,240.007726,3,2.2268943786621094,0.0,12.634159088134766,10.431907653808594,0.2585906982421875,818.0726623535156
2026-07-23T03:38:41.407782+00:00,s030:instance_020:r02:o1:no_cut,4000507,0.001547,1,0.00464630126953125,0.0,12.623294830322266,12.622478485107422,0.2585906982421875,818.0718727111816
2026-07-23T03:39:48.627413+00:00,s030:instance_020:r02:o1:no_cut,4000507,60.003039,4,1.7386970520019531,0.0,12.623294830322266,10.93642807006836,0.2585906982421875,818.0717887878418
2026-07-23T03:40:55.852300+00:00,s030:instance_020:r02:o1:no_cut,4000507,120.004585,4,2.2205886840820312,0.0,12.623294830322266,10.446449279785156,0.2585906982421875,818.0717658996582
2026-07-23T03:42:03.005111+00:00,s030:instance_020:r02:o1:no_cut,4000507,180.006116,3,2.2256507873535156,0.0,12.623294830322266,10.443191528320312,0.2585906982421875,818.0552787780762
2026-07-23T03:43:10.230747+00:00,s030:instance_020:r02:o1:no_cut,4000507,240.007629,3,2.2256622314453125,0.0,12.623294830322266,10.433670043945312,0.2585906982421875,818.055248260498
2026-07-23T03:43:14.532733+00:00,s030:instance_020:r02:o2:live,4061021,0.001514,1,0.0045166015625,0.0,12.624164581298828,12.622936248779297,0.2585906982421875,818.0544471740723
2026-07-23T03:44:21.767402+00:00,s030:instance_020:r02:o2:live,4061021,60.00308,4,1.7388076782226562,0.0,12.624164581298828,10.929378509521484,0.2585906982421875,818.0543746948242
2026-07-23T03:45:25.371846+00:00,s030:instance_020:r02:o2:live,4061021,120.004934,4,2.2785186767578125,0.0,12.624164581298828,10.389373779296875,0.2585906982421875,818.054271697998
2026-07-23T03:46:32.607142+00:00,s030:instance_020:r02:o2:live,4061021,180.006483,3,2.221721649169922,0.0,12.624164581298828,10.427986145019531,0.2585906982421875,818.037769317627
2026-07-23T03:47:39.836646+00:00,s030:instance_020:r02:o2:live,4061021,240.008049,3,1.6215476989746094,0.0,12.624164581298828,11.048725128173828,0.2585906982421875,818.0377426147461
2026-07-23T03:48:03.503012+00:00,s030:instance_020:r03:o1:live,4125109,0.001515,1,0.004638671875,0.0,12.618640899658203,12.617202758789062,0.2585906982421875,818.0370979309082
2026-07-23T03:49:10.736633+00:00,s030:instance_020:r03:o1:live,4125109,60.003443,4,1.7386970520019531,0.0,12.618640899658203,10.923873901367188,0.2585906982421875,818.0370178222656
2026-07-23T03:50:14.341608+00:00,s030:instance_020:r03:o1:live,4125109,120.005109,4,2.2388877868652344,0.0,12.618640899658203,10.429054260253906,0.2585906982421875,818.036994934082
2026-07-23T03:51:21.566628+00:00,s030:instance_020:r03:o1:live,4125109,180.008094,3,2.093067169189453,0.0,12.618640899658203,10.571231842041016,0.2585906982421875,818.0209808349609
2026-07-23T03:52:28.804781+00:00,s030:instance_020:r03:o1:live,4125109,240.009731,3,1.2765731811523438,0.0,12.618640899658203,11.3916015625,0.2585906982421875,818.0209503173828
2026-07-23T03:52:52.173665+00:00,s030:instance_020:r03:o2:no_cut,4188963,0.00147,1,0.00461578369140625,0.0,12.62091064453125,12.618988037109375,0.2585906982421875,818.0203666687012
2026-07-23T03:53:59.427244+00:00,s030:instance_020:r03:o2:no_cut,4188963,60.003141,4,1.7389564514160156,0.0,12.62091064453125,10.936019897460938,0.2585906982421875,818.0203056335449
2026-07-23T03:55:02.984127+00:00,s030:instance_020:r03:o2:no_cut,4188963,120.004715,4,2.28973388671875,0.0,12.62091064453125,10.37453842163086,0.2585906982421875,818.020263671875
2026-07-23T03:56:10.216416+00:00,s030:instance_020:r03:o2:no_cut,4188963,180.006351,3,1.5310173034667969,0.0,12.62091064453125,11.135311126708984,0.2585906982421875,818.0037879943848
2026-07-23T03:57:17.430978+00:00,s030:instance_020:r03:o2:no_cut,4188963,240.007894,3,0.8187026977539062,0.0,12.62091064453125,11.849082946777344,0.2585906982421875,818.0037460327148
