stage,matrix_group,instance_path,source_probe_json,scale,instance_id,mode,variant,b4_1_matrix_cell,b4_1_proof_tail_component,b4_1_formulation_profile,b4_1_harvesting_enabled,b4_1_hidden_negative_audit_enabled,b4_1_frontier_ledger_enabled,b4_1_official_certificate_allowed,phase,round,max_rounds,max_columns_per_round,max_tree_nodes,max_branch_depth,node_count,root_round_count,root_added_column_count,root_last_pricing_state,root_last_negative_column_count,tree_gate_issue_count,algorithm_status,certificate_scope,underlying_certificate_scope,pricing_state,exact_status,bpc_tree_optimal,b3_objective_diff_vs_b0,manual_rc_fail,pricing_rc_fail,certificate_leak,hidden_negative_count,hidden_negative_miss_reason_counts,hidden_negative_top_miss_reason,hidden_negative_worker_not_generated_count,hidden_negative_pruned_by_dominance_count,hidden_negative_pricing_timeout_only_count,active_column_count,pool_column_count,columns_added,active_columns_after_merge,new_task_set_count,replacement_task_set_count,best_negative_rc,last_best_reduced_cost,final_judge_wall_time,rmp_round_count,harvest_selected_count,harvest_candidate_negative_count,harvest_selected_new_task_set_count,harvest_selected_replacement_task_set_count,harvest_rejected_duplicate_count,harvest_rejected_not_addable_count,harvest_source_phase,harvest_best_true_rc,harvest_worst_selected_true_rc,harvest_avg_pairwise_jaccard,compact_optimization_harvest_enabled,compact_optimization_harvest_target,compact_optimization_harvest_no_good_scope,compact_optimization_harvest_found_count,compact_optimization_harvest_search_call_count,harvest_addability_audit_pass,harvest_pricing_rc_audit_available,harvest_pricing_rc_audit_pass,harvest_pricing_rc_max_abs_diff,tail_dual_stabilization_enabled,worker_dual_only,true_dual_rc_recomputed,worker_dual_source,official_dual_source,tail_dual_stabilization_alpha,tail_dual_stabilization_window,tail_dual_center_task_count,tail_dual_current_task_count,tail_dual_no_column_can_certify,global_remaining_rc_lb,underlying_global_remaining_rc_lb,frontier_lb_official,frontier_coverage_complete,underlying_frontier_coverage_complete,frontier_unsupported_region_count,underlying_frontier_unsupported_region_count,pending_complete_min_rc,underlying_pending_complete_min_rc,pricing_proof_kind,underlying_pricing_proof_kind,compact_final_judge_profile,compact_final_judge_formulation_profile,compact_final_judge_phase_mode,service_start_depot_travel_lb_enabled,service_start_depot_travel_lb_count,task_to_depot_return_travel_lb_enabled,task_to_depot_return_travel_lb_count,pair_route_duration_lb_enabled,pair_route_duration_lb_count,sortie_slot_position_bounds_enabled,sortie_slot_position_bound_count,demand_cover_cut_enabled,demand_cover_cut_count,demand_cover_subset_count,single_task_energy_lb_enabled,single_task_energy_lb_count,single_task_shadow_lb_enabled,single_task_shadow_lb_count,pair_energy_lb_enabled,pair_energy_lb_count,pair_energy_lb_exceeds_limit_count,pair_energy_infeasible_cut_enabled,pair_energy_infeasible_cut_count,pair_energy_infeasible_pair_count,pair_shadow_infeasible_cut_enabled,pair_shadow_infeasible_cut_count,pair_shadow_infeasible_pair_count,triple_shadow_infeasible_cut_enabled,triple_shadow_infeasible_cut_count,triple_shadow_infeasible_triple_count,triple_energy_infeasible_cut_enabled,triple_energy_infeasible_cut_count,triple_energy_infeasible_triple_count,negative_feasibility_skipped_for_proof_only,negative_feasibility_full_space_proof_attempted,negative_feasibility_full_space_proof_can_certify,phase_budget_sec,negative_feasibility_budget_sec,optimization_proof_budget_sec,negative_discovery_budget_exhausted,feasibility_proof_budget_exhausted,optimization_proof_missing,compact_pricing_dual_bound,new_negative_columns_found,negative_column_count,can_certify_no_negative,underlying_can_certify_no_negative,b4_1_certificate_suppressed,diagnostic_claimed_certificate,wall_time,fail_closed_reason
A,B4.1 Stage A regression,/home/kai/work/GAT_BPC_moonTerk/data/instances/lunar_ice_sp50_005/instance_001_logical_graph.json,,5,lunar_ice_sp50_005_001_seed679001,stageA_B3B_accepted_baseline,,B3B_accepted_tree_baseline,true_dual_final_judge_tree_closure,B3B_representative_universe_branch_rc_audit,False,False,False,True,stage_a_solver,,16,128,31,4,1,3,19,CERTIFIED_NO_NEGATIVE,0,0,BPC_OPTIMAL,BPC_TREE_OPTIMAL,,CERTIFIED_NO_NEGATIVE,BPC_TREE_OPTIMAL,True,0.0,0,0,0,0,{},,0,0,0,,,,,,,,,0.205789,3,0,0,,,,,,,,,,,,,,,,,,False,False,False,,,,,,,False,,,,False,,,,,,,,,,,,,,,,,,,,,,,,,,,,,,,,,,,,,,,,,,,,,,,,,,,,,False,,,0,0.205789,B3 tree is closed by official node LP certificates and an integer incumbent.
A,B4.1 Stage A regression,/home/kai/work/GAT_BPC_moonTerk/data/instances/lunar_ice_sp50_005/instance_001_logical_graph.json,,5,lunar_ice_sp50_005_001_seed679001,stageA_B4V2_default_final_judge_harvesting,,B4V2_final_judge_harvesting,true_dual_final_judge_tree_closure,B3B_representative_universe_branch_rc_audit,True,True,False,True,stage_a_solver,,16,128,31,4,1,3,19,CERTIFIED_NO_NEGATIVE,0,0,BPC_OPTIMAL,BPC_TREE_OPTIMAL,,CERTIFIED_NO_NEGATIVE,BPC_TREE_OPTIMAL,True,0.0,0,0,0,0,{},,0,0,0,,,,,,,,,0.195258,3,0,0,,,,,,,,,,,,,,,,,,False,False,False,,,,,,,False,,,,False,,,,,,,,,,,,,,,,,,,,,,,,,,,,,,,,,,,,,,,,,,,,,,,,,,,,,False,,,0,0.195258,B3 tree is closed by official node LP certificates and an integer incumbent.
A,B4.1 Stage A regression,/home/kai/work/GAT_BPC_moonTerk/data/instances/lunar_ice_sp50_005/instance_002_logical_graph.json,,5,lunar_ice_sp50_005_002_seed679002,stageA_B3B_accepted_baseline,,B3B_accepted_tree_baseline,true_dual_final_judge_tree_closure,B3B_representative_universe_branch_rc_audit,False,False,False,True,stage_a_solver,,16,128,31,4,1,3,20,CERTIFIED_NO_NEGATIVE,0,0,BPC_OPTIMAL,BPC_TREE_OPTIMAL,,CERTIFIED_NO_NEGATIVE,BPC_TREE_OPTIMAL,True,0.0,0,0,0,0,{},,0,0,0,,,,,,,,,0.233344,3,0,0,,,,,,,,,,,,,,,,,,False,False,False,,,,,,,False,,,,False,,,,,,,,,,,,,,,,,,,,,,,,,,,,,,,,,,,,,,,,,,,,,,,,,,,,,False,,,0,0.233344,B3 tree is closed by official node LP certificates and an integer incumbent.
A,B4.1 Stage A regression,/home/kai/work/GAT_BPC_moonTerk/data/instances/lunar_ice_sp50_005/instance_002_logical_graph.json,,5,lunar_ice_sp50_005_002_seed679002,stageA_B4V2_default_final_judge_harvesting,,B4V2_final_judge_harvesting,true_dual_final_judge_tree_closure,B3B_representative_universe_branch_rc_audit,True,True,False,True,stage_a_solver,,16,128,31,4,1,3,20,CERTIFIED_NO_NEGATIVE,0,0,BPC_OPTIMAL,BPC_TREE_OPTIMAL,,CERTIFIED_NO_NEGATIVE,BPC_TREE_OPTIMAL,True,0.0,0,0,0,0,{},,0,0,0,,,,,,,,,0.231248,3,0,0,,,,,,,,,,,,,,,,,,False,False,False,,,,,,,False,,,,False,,,,,,,,,,,,,,,,,,,,,,,,,,,,,,,,,,,,,,,,,,,,,,,,,,,,,False,,,0,0.231248,B3 tree is closed by official node LP certificates and an integer incumbent.
A,B4.1 Stage A regression,/home/kai/work/GAT_BPC_moonTerk/data/instances/lunar_ice_sp50_005/instance_003_logical_graph.json,,5,lunar_ice_sp50_005_003_seed679005,stageA_B3B_accepted_baseline,,B3B_accepted_tree_baseline,true_dual_final_judge_tree_closure,B3B_representative_universe_branch_rc_audit,False,False,False,True,stage_a_solver,,16,128,31,4,1,3,18,CERTIFIED_NO_NEGATIVE,0,0,BPC_OPTIMAL,BPC_TREE_OPTIMAL,,CERTIFIED_NO_NEGATIVE,BPC_TREE_OPTIMAL,True,0.0,0,0,0,0,{},,0,0,0,,,,,,,,,0.28632,3,0,0,,,,,,,,,,,,,,,,,,False,False,False,,,,,,,False,,,,False,,,,,,,,,,,,,,,,,,,,,,,,,,,,,,,,,,,,,,,,,,,,,,,,,,,,,False,,,0,0.28632,B3 tree is closed by official node LP certificates and an integer incumbent.
A,B4.1 Stage A regression,/home/kai/work/GAT_BPC_moonTerk/data/instances/lunar_ice_sp50_005/instance_003_logical_graph.json,,5,lunar_ice_sp50_005_003_seed679005,stageA_B4V2_default_final_judge_harvesting,,B4V2_final_judge_harvesting,true_dual_final_judge_tree_closure,B3B_representative_universe_branch_rc_audit,True,True,False,True,stage_a_solver,,16,128,31,4,1,3,18,CERTIFIED_NO_NEGATIVE,0,0,BPC_OPTIMAL,BPC_TREE_OPTIMAL,,CERTIFIED_NO_NEGATIVE,BPC_TREE_OPTIMAL,True,0.0,0,0,0,0,{},,0,0,0,,,,,,,,,0.290488,3,0,0,,,,,,,,,,,,,,,,,,False,False,False,,,,,,,False,,,,False,,,,,,,,,,,,,,,,,,,,,,,,,,,,,,,,,,,,,,,,,,,,,,,,,,,,,False,,,0,0.290488,B3 tree is closed by official node LP certificates and an integer incumbent.
A,B4.1 Stage A regression,/home/kai/work/GAT_BPC_moonTerk/data/instances/lunar_ice_sp50_005/instance_004_logical_graph.json,,5,lunar_ice_sp50_005_004_seed679030,stageA_B3B_accepted_baseline,,B3B_accepted_tree_baseline,true_dual_final_judge_tree_closure,B3B_representative_universe_branch_rc_audit,False,False,False,True,stage_a_solver,,16,128,31,4,1,3,16,CERTIFIED_NO_NEGATIVE,0,0,BPC_OPTIMAL,BPC_TREE_OPTIMAL,,CERTIFIED_NO_NEGATIVE,BPC_TREE_OPTIMAL,True,0.0,0,0,0,0,{},,0,0,0,,,,,,,,,0.291147,3,0,0,,,,,,,,,,,,,,,,,,False,False,False,,,,,,,False,,,,False,,,,,,,,,,,,,,,,,,,,,,,,,,,,,,,,,,,,,,,,,,,,,,,,,,,,,False,,,0,0.291147,B3 tree is closed by official node LP certificates and an integer incumbent.
A,B4.1 Stage A regression,/home/kai/work/GAT_BPC_moonTerk/data/instances/lunar_ice_sp50_005/instance_004_logical_graph.json,,5,lunar_ice_sp50_005_004_seed679030,stageA_B4V2_default_final_judge_harvesting,,B4V2_final_judge_harvesting,true_dual_final_judge_tree_closure,B3B_representative_universe_branch_rc_audit,True,True,False,True,stage_a_solver,,16,128,31,4,1,3,16,CERTIFIED_NO_NEGATIVE,0,0,BPC_OPTIMAL,BPC_TREE_OPTIMAL,,CERTIFIED_NO_NEGATIVE,BPC_TREE_OPTIMAL,True,0.0,0,0,0,0,{},,0,0,0,,,,,,,,,0.293558,3,0,0,,,,,,,,,,,,,,,,,,False,False,False,,,,,,,False,,,,False,,,,,,,,,,,,,,,,,,,,,,,,,,,,,,,,,,,,,,,,,,,,,,,,,,,,,False,,,0,0.293558,B3 tree is closed by official node LP certificates and an integer incumbent.
A,B4.1 Stage A regression,/home/kai/work/GAT_BPC_moonTerk/data/instances/lunar_ice_sp50_005/instance_005_logical_graph.json,,5,lunar_ice_sp50_005_005_seed679011,stageA_B3B_accepted_baseline,,B3B_accepted_tree_baseline,true_dual_final_judge_tree_closure,B3B_representative_universe_branch_rc_audit,False,False,False,True,stage_a_solver,,16,128,31,4,1,3,21,CERTIFIED_NO_NEGATIVE,0,0,BPC_OPTIMAL,BPC_TREE_OPTIMAL,,CERTIFIED_NO_NEGATIVE,BPC_TREE_OPTIMAL,True,0.0,0,0,0,0,{},,0,0,0,,,,,,,,,0.372925,3,0,0,,,,,,,,,,,,,,,,,,False,False,False,,,,,,,False,,,,False,,,,,,,,,,,,,,,,,,,,,,,,,,,,,,,,,,,,,,,,,,,,,,,,,,,,,False,,,0,0.372925,B3 tree is closed by official node LP certificates and an integer incumbent.
A,B4.1 Stage A regression,/home/kai/work/GAT_BPC_moonTerk/data/instances/lunar_ice_sp50_005/instance_005_logical_graph.json,,5,lunar_ice_sp50_005_005_seed679011,stageA_B4V2_default_final_judge_harvesting,,B4V2_final_judge_harvesting,true_dual_final_judge_tree_closure,B3B_representative_universe_branch_rc_audit,True,True,False,True,stage_a_solver,,16,128,31,4,1,3,21,CERTIFIED_NO_NEGATIVE,0,0,BPC_OPTIMAL,BPC_TREE_OPTIMAL,,CERTIFIED_NO_NEGATIVE,BPC_TREE_OPTIMAL,True,0.0,0,0,0,0,{},,0,0,0,,,,,,,,,0.377122,3,0,0,,,,,,,,,,,,,,,,,,False,False,False,,,,,,,False,,,,False,,,,,,,,,,,,,,,,,,,,,,,,,,,,,,,,,,,,,,,,,,,,,,,,,,,,,False,,,0,0.377122,B3 tree is closed by official node LP certificates and an integer incumbent.
A,B4.1 Stage A regression,/home/kai/work/GAT_BPC_moonTerk/data/instances/lunar_ice_sp50_005/instance_006_logical_graph.json,,5,lunar_ice_sp50_005_006_seed679032,stageA_B3B_accepted_baseline,,B3B_accepted_tree_baseline,true_dual_final_judge_tree_closure,B3B_representative_universe_branch_rc_audit,False,False,False,True,stage_a_solver,,16,128,31,4,1,3,17,CERTIFIED_NO_NEGATIVE,0,0,BPC_OPTIMAL,BPC_TREE_OPTIMAL,,CERTIFIED_NO_NEGATIVE,BPC_TREE_OPTIMAL,True,0.0,0,0,0,0,{},,0,0,0,,,,,,,,,0.263524,3,0,0,,,,,,,,,,,,,,,,,,False,False,False,,,,,,,False,,,,False,,,,,,,,,,,,,,,,,,,,,,,,,,,,,,,,,,,,,,,,,,,,,,,,,,,,,False,,,0,0.263524,B3 tree is closed by official node LP certificates and an integer incumbent.
A,B4.1 Stage A regression,/home/kai/work/GAT_BPC_moonTerk/data/instances/lunar_ice_sp50_005/instance_006_logical_graph.json,,5,lunar_ice_sp50_005_006_seed679032,stageA_B4V2_default_final_judge_harvesting,,B4V2_final_judge_harvesting,true_dual_final_judge_tree_closure,B3B_representative_universe_branch_rc_audit,True,True,False,True,stage_a_solver,,16,128,31,4,1,3,17,CERTIFIED_NO_NEGATIVE,0,0,BPC_OPTIMAL,BPC_TREE_OPTIMAL,,CERTIFIED_NO_NEGATIVE,BPC_TREE_OPTIMAL,True,0.0,0,0,0,0,{},,0,0,0,,,,,,,,,0.260608,3,0,0,,,,,,,,,,,,,,,,,,False,False,False,,,,,,,False,,,,False,,,,,,,,,,,,,,,,,,,,,,,,,,,,,,,,,,,,,,,,,,,,,,,,,,,,,False,,,0,0.260608,B3 tree is closed by official node LP certificates and an integer incumbent.
A,B4.1 Stage A regression,/home/kai/work/GAT_BPC_moonTerk/data/instances/lunar_ice_sp50_005/instance_007_logical_graph.json,,5,lunar_ice_sp50_005_007_seed679013,stageA_B3B_accepted_baseline,,B3B_accepted_tree_baseline,true_dual_final_judge_tree_closure,B3B_representative_universe_branch_rc_audit,False,False,False,True,stage_a_solver,,16,128,31,4,1,3,12,CERTIFIED_NO_NEGATIVE,0,0,BPC_OPTIMAL,BPC_TREE_OPTIMAL,,CERTIFIED_NO_NEGATIVE,BPC_TREE_OPTIMAL,True,0.0,0,0,0,0,{},,0,0,0,,,,,,,,,0.424075,3,0,0,,,,,,,,,,,,,,,,,,False,False,False,,,,,,,False,,,,False,,,,,,,,,,,,,,,,,,,,,,,,,,,,,,,,,,,,,,,,,,,,,,,,,,,,,False,,,0,0.424075,B3 tree is closed by official node LP certificates and an integer incumbent.
A,B4.1 Stage A regression,/home/kai/work/GAT_BPC_moonTerk/data/instances/lunar_ice_sp50_005/instance_007_logical_graph.json,,5,lunar_ice_sp50_005_007_seed679013,stageA_B4V2_default_final_judge_harvesting,,B4V2_final_judge_harvesting,true_dual_final_judge_tree_closure,B3B_representative_universe_branch_rc_audit,True,True,False,True,stage_a_solver,,16,128,31,4,1,3,12,CERTIFIED_NO_NEGATIVE,0,0,BPC_OPTIMAL,BPC_TREE_OPTIMAL,,CERTIFIED_NO_NEGATIVE,BPC_TREE_OPTIMAL,True,0.0,0,0,0,0,{},,0,0,0,,,,,,,,,0.418632,3,0,0,,,,,,,,,,,,,,,,,,False,False,False,,,,,,,False,,,,False,,,,,,,,,,,,,,,,,,,,,,,,,,,,,,,,,,,,,,,,,,,,,,,,,,,,,False,,,0,0.418632,B3 tree is closed by official node LP certificates and an integer incumbent.
A,B4.1 Stage A regression,/home/kai/work/GAT_BPC_moonTerk/data/instances/lunar_ice_sp50_005/instance_008_logical_graph.json,,5,lunar_ice_sp50_005_008_seed679014,stageA_B3B_accepted_baseline,,B3B_accepted_tree_baseline,true_dual_final_judge_tree_closure,B3B_representative_universe_branch_rc_audit,False,False,False,True,stage_a_solver,,16,128,31,4,1,4,15,CERTIFIED_NO_NEGATIVE,0,0,BPC_OPTIMAL,BPC_TREE_OPTIMAL,,CERTIFIED_NO_NEGATIVE,BPC_TREE_OPTIMAL,True,0.0,0,0,0,0,{},,0,0,0,,,,,,,,,0.747538,4,0,0,,,,,,,,,,,,,,,,,,False,False,False,,,,,,,False,,,,False,,,,,,,,,,,,,,,,,,,,,,,,,,,,,,,,,,,,,,,,,,,,,,,,,,,,,False,,,0,0.747538,B3 tree is closed by official node LP certificates and an integer incumbent.
A,B4.1 Stage A regression,/home/kai/work/GAT_BPC_moonTerk/data/instances/lunar_ice_sp50_005/instance_008_logical_graph.json,,5,lunar_ice_sp50_005_008_seed679014,stageA_B4V2_default_final_judge_harvesting,,B4V2_final_judge_harvesting,true_dual_final_judge_tree_closure,B3B_representative_universe_branch_rc_audit,True,True,False,True,stage_a_solver,,16,128,31,4,1,4,15,CERTIFIED_NO_NEGATIVE,0,0,BPC_OPTIMAL,BPC_TREE_OPTIMAL,,CERTIFIED_NO_NEGATIVE,BPC_TREE_OPTIMAL,True,0.0,0,0,0,0,{},,0,0,0,,,,,,,,,0.760106,4,0,0,,,,,,,,,,,,,,,,,,False,False,False,,,,,,,False,,,,False,,,,,,,,,,,,,,,,,,,,,,,,,,,,,,,,,,,,,,,,,,,,,,,,,,,,,False,,,0,0.760106,B3 tree is closed by official node LP certificates and an integer incumbent.
A,B4.1 Stage A regression,/home/kai/work/GAT_BPC_moonTerk/data/instances/lunar_ice_sp50_005/instance_009_logical_graph.json,,5,lunar_ice_sp50_005_009_seed679015,stageA_B3B_accepted_baseline,,B3B_accepted_tree_baseline,true_dual_final_judge_tree_closure,B3B_representative_universe_branch_rc_audit,False,False,False,True,stage_a_solver,,16,128,31,4,1,4,19,CERTIFIED_NO_NEGATIVE,0,0,BPC_OPTIMAL,BPC_TREE_OPTIMAL,,CERTIFIED_NO_NEGATIVE,BPC_TREE_OPTIMAL,True,0.0,0,0,0,0,{},,0,0,0,,,,,,,,,0.369248,4,0,0,,,,,,,,,,,,,,,,,,False,False,False,,,,,,,False,,,,False,,,,,,,,,,,,,,,,,,,,,,,,,,,,,,,,,,,,,,,,,,,,,,,,,,,,,False,,,0,0.369248,B3 tree is closed by official node LP certificates and an integer incumbent.
A,B4.1 Stage A regression,/home/kai/work/GAT_BPC_moonTerk/data/instances/lunar_ice_sp50_005/instance_009_logical_graph.json,,5,lunar_ice_sp50_005_009_seed679015,stageA_B4V2_default_final_judge_harvesting,,B4V2_final_judge_harvesting,true_dual_final_judge_tree_closure,B3B_representative_universe_branch_rc_audit,True,True,False,True,stage_a_solver,,16,128,31,4,1,4,19,CERTIFIED_NO_NEGATIVE,0,0,BPC_OPTIMAL,BPC_TREE_OPTIMAL,,CERTIFIED_NO_NEGATIVE,BPC_TREE_OPTIMAL,True,0.0,0,0,0,0,{},,0,0,0,,,,,,,,,0.367266,4,0,0,,,,,,,,,,,,,,,,,,False,False,False,,,,,,,False,,,,False,,,,,,,,,,,,,,,,,,,,,,,,,,,,,,,,,,,,,,,,,,,,,,,,,,,,,False,,,0,0.367266,B3 tree is closed by official node LP certificates and an integer incumbent.
A,B4.1 Stage A regression,/home/kai/work/GAT_BPC_moonTerk/data/instances/lunar_ice_sp50_005/instance_010_logical_graph.json,,5,lunar_ice_sp50_005_010_seed679016,stageA_B3B_accepted_baseline,,B3B_accepted_tree_baseline,true_dual_final_judge_tree_closure,B3B_representative_universe_branch_rc_audit,False,False,False,True,stage_a_solver,,16,128,31,4,1,3,15,CERTIFIED_NO_NEGATIVE,0,0,BPC_OPTIMAL,BPC_TREE_OPTIMAL,,CERTIFIED_NO_NEGATIVE,BPC_TREE_OPTIMAL,True,0.0,0,0,0,0,{},,0,0,0,,,,,,,,,0.487139,3,0,0,,,,,,,,,,,,,,,,,,False,False,False,,,,,,,False,,,,False,,,,,,,,,,,,,,,,,,,,,,,,,,,,,,,,,,,,,,,,,,,,,,,,,,,,,False,,,0,0.487139,B3 tree is closed by official node LP certificates and an integer incumbent.
A,B4.1 Stage A regression,/home/kai/work/GAT_BPC_moonTerk/data/instances/lunar_ice_sp50_005/instance_010_logical_graph.json,,5,lunar_ice_sp50_005_010_seed679016,stageA_B4V2_default_final_judge_harvesting,,B4V2_final_judge_harvesting,true_dual_final_judge_tree_closure,B3B_representative_universe_branch_rc_audit,True,True,False,True,stage_a_solver,,16,128,31,4,1,3,15,CERTIFIED_NO_NEGATIVE,0,0,BPC_OPTIMAL,BPC_TREE_OPTIMAL,,CERTIFIED_NO_NEGATIVE,BPC_TREE_OPTIMAL,True,0.0,0,0,0,0,{},,0,0,0,,,,,,,,,0.491739,3,0,0,,,,,,,,,,,,,,,,,,False,False,False,,,,,,,False,,,,False,,,,,,,,,,,,,,,,,,,,,,,,,,,,,,,,,,,,,,,,,,,,,,,,,,,,,False,,,0,0.491739,B3 tree is closed by official node LP certificates and an integer incumbent.
A,B4.1 Stage A regression,/home/kai/work/GAT_BPC_moonTerk/data/instances/lunar_ice_sp50_005/instance_011_logical_graph.json,,5,lunar_ice_sp50_005_011_seed679017,stageA_B3B_accepted_baseline,,B3B_accepted_tree_baseline,true_dual_final_judge_tree_closure,B3B_representative_universe_branch_rc_audit,False,False,False,True,stage_a_solver,,16,128,31,4,1,3,15,CERTIFIED_NO_NEGATIVE,0,0,BPC_OPTIMAL,BPC_TREE_OPTIMAL,,CERTIFIED_NO_NEGATIVE,BPC_TREE_OPTIMAL,True,0.0,0,0,0,0,{},,0,0,0,,,,,,,,,0.45426,3,0,0,,,,,,,,,,,,,,,,,,False,False,False,,,,,,,False,,,,False,,,,,,,,,,,,,,,,,,,,,,,,,,,,,,,,,,,,,,,,,,,,,,,,,,,,,False,,,0,0.45426,B3 tree is closed by official node LP certificates and an integer incumbent.
A,B4.1 Stage A regression,/home/kai/work/GAT_BPC_moonTerk/data/instances/lunar_ice_sp50_005/instance_011_logical_graph.json,,5,lunar_ice_sp50_005_011_seed679017,stageA_B4V2_default_final_judge_harvesting,,B4V2_final_judge_harvesting,true_dual_final_judge_tree_closure,B3B_representative_universe_branch_rc_audit,True,True,False,True,stage_a_solver,,16,128,31,4,1,3,15,CERTIFIED_NO_NEGATIVE,0,0,BPC_OPTIMAL,BPC_TREE_OPTIMAL,,CERTIFIED_NO_NEGATIVE,BPC_TREE_OPTIMAL,True,0.0,0,0,0,0,{},,0,0,0,,,,,,,,,0.453394,3,0,0,,,,,,,,,,,,,,,,,,False,False,False,,,,,,,False,,,,False,,,,,,,,,,,,,,,,,,,,,,,,,,,,,,,,,,,,,,,,,,,,,,,,,,,,,False,,,0,0.453394,B3 tree is closed by official node LP certificates and an integer incumbent.
A,B4.1 Stage A regression,/home/kai/work/GAT_BPC_moonTerk/data/instances/lunar_ice_sp50_005/instance_012_logical_graph.json,,5,lunar_ice_sp50_005_012_seed679018,stageA_B3B_accepted_baseline,,B3B_accepted_tree_baseline,true_dual_final_judge_tree_closure,B3B_representative_universe_branch_rc_audit,False,False,False,True,stage_a_solver,,16,128,31,4,1,3,16,CERTIFIED_NO_NEGATIVE,0,0,BPC_OPTIMAL,BPC_TREE_OPTIMAL,,CERTIFIED_NO_NEGATIVE,BPC_TREE_OPTIMAL,True,0.0,0,0,0,0,{},,0,0,0,,,,,,,,,0.638734,3,0,0,,,,,,,,,,,,,,,,,,False,False,False,,,,,,,False,,,,False,,,,,,,,,,,,,,,,,,,,,,,,,,,,,,,,,,,,,,,,,,,,,,,,,,,,,False,,,0,0.638734,B3 tree is closed by official node LP certificates and an integer incumbent.
A,B4.1 Stage A regression,/home/kai/work/GAT_BPC_moonTerk/data/instances/lunar_ice_sp50_005/instance_012_logical_graph.json,,5,lunar_ice_sp50_005_012_seed679018,stageA_B4V2_default_final_judge_harvesting,,B4V2_final_judge_harvesting,true_dual_final_judge_tree_closure,B3B_representative_universe_branch_rc_audit,True,True,False,True,stage_a_solver,,16,128,31,4,1,3,16,CERTIFIED_NO_NEGATIVE,0,0,BPC_OPTIMAL,BPC_TREE_OPTIMAL,,CERTIFIED_NO_NEGATIVE,BPC_TREE_OPTIMAL,True,0.0,0,0,0,0,{},,0,0,0,,,,,,,,,0.642782,3,0,0,,,,,,,,,,,,,,,,,,False,False,False,,,,,,,False,,,,False,,,,,,,,,,,,,,,,,,,,,,,,,,,,,,,,,,,,,,,,,,,,,,,,,,,,,False,,,0,0.642782,B3 tree is closed by official node LP certificates and an integer incumbent.
A,B4.1 Stage A regression,/home/kai/work/GAT_BPC_moonTerk/data/instances/lunar_ice_sp50_005/instance_013_logical_graph.json,,5,lunar_ice_sp50_005_013_seed679019,stageA_B3B_accepted_baseline,,B3B_accepted_tree_baseline,true_dual_final_judge_tree_closure,B3B_representative_universe_branch_rc_audit,False,False,False,True,stage_a_solver,,16,128,31,4,1,3,19,CERTIFIED_NO_NEGATIVE,0,0,BPC_OPTIMAL,BPC_TREE_OPTIMAL,,CERTIFIED_NO_NEGATIVE,BPC_TREE_OPTIMAL,True,0.0,0,0,0,0,{},,0,0,0,,,,,,,,,0.368733,3,0,0,,,,,,,,,,,,,,,,,,False,False,False,,,,,,,False,,,,False,,,,,,,,,,,,,,,,,,,,,,,,,,,,,,,,,,,,,,,,,,,,,,,,,,,,,False,,,0,0.368733,B3 tree is closed by official node LP certificates and an integer incumbent.
A,B4.1 Stage A regression,/home/kai/work/GAT_BPC_moonTerk/data/instances/lunar_ice_sp50_005/instance_013_logical_graph.json,,5,lunar_ice_sp50_005_013_seed679019,stageA_B4V2_default_final_judge_harvesting,,B4V2_final_judge_harvesting,true_dual_final_judge_tree_closure,B3B_representative_universe_branch_rc_audit,True,True,False,True,stage_a_solver,,16,128,31,4,1,3,19,CERTIFIED_NO_NEGATIVE,0,0,BPC_OPTIMAL,BPC_TREE_OPTIMAL,,CERTIFIED_NO_NEGATIVE,BPC_TREE_OPTIMAL,True,0.0,0,0,0,0,{},,0,0,0,,,,,,,,,0.372351,3,0,0,,,,,,,,,,,,,,,,,,False,False,False,,,,,,,False,,,,False,,,,,,,,,,,,,,,,,,,,,,,,,,,,,,,,,,,,,,,,,,,,,,,,,,,,,False,,,0,0.372351,B3 tree is closed by official node LP certificates and an integer incumbent.
A,B4.1 Stage A regression,/home/kai/work/GAT_BPC_moonTerk/data/instances/lunar_ice_sp50_005/instance_014_logical_graph.json,,5,lunar_ice_sp50_005_014_seed679020,stageA_B3B_accepted_baseline,,B3B_accepted_tree_baseline,true_dual_final_judge_tree_closure,B3B_representative_universe_branch_rc_audit,False,False,False,True,stage_a_solver,,16,128,31,4,1,4,20,CERTIFIED_NO_NEGATIVE,0,0,BPC_OPTIMAL,BPC_TREE_OPTIMAL,,CERTIFIED_NO_NEGATIVE,BPC_TREE_OPTIMAL,True,0.0,0,0,0,0,{},,0,0,0,,,,,,,,,0.479001,4,0,0,,,,,,,,,,,,,,,,,,False,False,False,,,,,,,False,,,,False,,,,,,,,,,,,,,,,,,,,,,,,,,,,,,,,,,,,,,,,,,,,,,,,,,,,,False,,,0,0.479001,B3 tree is closed by official node LP certificates and an integer incumbent.
A,B4.1 Stage A regression,/home/kai/work/GAT_BPC_moonTerk/data/instances/lunar_ice_sp50_005/instance_014_logical_graph.json,,5,lunar_ice_sp50_005_014_seed679020,stageA_B4V2_default_final_judge_harvesting,,B4V2_final_judge_harvesting,true_dual_final_judge_tree_closure,B3B_representative_universe_branch_rc_audit,True,True,False,True,stage_a_solver,,16,128,31,4,1,4,20,CERTIFIED_NO_NEGATIVE,0,0,BPC_OPTIMAL,BPC_TREE_OPTIMAL,,CERTIFIED_NO_NEGATIVE,BPC_TREE_OPTIMAL,True,0.0,0,0,0,0,{},,0,0,0,,,,,,,,,0.477287,4,0,0,,,,,,,,,,,,,,,,,,False,False,False,,,,,,,False,,,,False,,,,,,,,,,,,,,,,,,,,,,,,,,,,,,,,,,,,,,,,,,,,,,,,,,,,,False,,,0,0.477287,B3 tree is closed by official node LP certificates and an integer incumbent.
A,B4.1 Stage A regression,/home/kai/work/GAT_BPC_moonTerk/data/instances/lunar_ice_sp50_005/instance_015_logical_graph.json,,5,lunar_ice_sp50_005_015_seed679021,stageA_B3B_accepted_baseline,,B3B_accepted_tree_baseline,true_dual_final_judge_tree_closure,B3B_representative_universe_branch_rc_audit,False,False,False,True,stage_a_solver,,16,128,31,4,1,3,15,CERTIFIED_NO_NEGATIVE,0,0,BPC_OPTIMAL,BPC_TREE_OPTIMAL,,CERTIFIED_NO_NEGATIVE,BPC_TREE_OPTIMAL,True,0.0,0,0,0,0,{},,0,0,0,,,,,,,,,0.312226,3,0,0,,,,,,,,,,,,,,,,,,False,False,False,,,,,,,False,,,,False,,,,,,,,,,,,,,,,,,,,,,,,,,,,,,,,,,,,,,,,,,,,,,,,,,,,,False,,,0,0.312226,B3 tree is closed by official node LP certificates and an integer incumbent.
A,B4.1 Stage A regression,/home/kai/work/GAT_BPC_moonTerk/data/instances/lunar_ice_sp50_005/instance_015_logical_graph.json,,5,lunar_ice_sp50_005_015_seed679021,stageA_B4V2_default_final_judge_harvesting,,B4V2_final_judge_harvesting,true_dual_final_judge_tree_closure,B3B_representative_universe_branch_rc_audit,True,True,False,True,stage_a_solver,,16,128,31,4,1,3,15,CERTIFIED_NO_NEGATIVE,0,0,BPC_OPTIMAL,BPC_TREE_OPTIMAL,,CERTIFIED_NO_NEGATIVE,BPC_TREE_OPTIMAL,True,0.0,0,0,0,0,{},,0,0,0,,,,,,,,,0.313855,3,0,0,,,,,,,,,,,,,,,,,,False,False,False,,,,,,,False,,,,False,,,,,,,,,,,,,,,,,,,,,,,,,,,,,,,,,,,,,,,,,,,,,,,,,,,,,False,,,0,0.313855,B3 tree is closed by official node LP certificates and an integer incumbent.
A,B4.1 Stage A regression,/home/kai/work/GAT_BPC_moonTerk/data/instances/lunar_ice_sp50_005/instance_016_logical_graph.json,,5,lunar_ice_sp50_005_016_seed679062,stageA_B3B_accepted_baseline,,B3B_accepted_tree_baseline,true_dual_final_judge_tree_closure,B3B_representative_universe_branch_rc_audit,False,False,False,True,stage_a_solver,,16,128,31,4,1,3,15,CERTIFIED_NO_NEGATIVE,0,0,BPC_OPTIMAL,BPC_TREE_OPTIMAL,,CERTIFIED_NO_NEGATIVE,BPC_TREE_OPTIMAL,True,0.0,0,0,0,0,{},,0,0,0,,,,,,,,,0.200992,3,0,0,,,,,,,,,,,,,,,,,,False,False,False,,,,,,,False,,,,False,,,,,,,,,,,,,,,,,,,,,,,,,,,,,,,,,,,,,,,,,,,,,,,,,,,,,False,,,0,0.200992,B3 tree is closed by official node LP certificates and an integer incumbent.
A,B4.1 Stage A regression,/home/kai/work/GAT_BPC_moonTerk/data/instances/lunar_ice_sp50_005/instance_016_logical_graph.json,,5,lunar_ice_sp50_005_016_seed679062,stageA_B4V2_default_final_judge_harvesting,,B4V2_final_judge_harvesting,true_dual_final_judge_tree_closure,B3B_representative_universe_branch_rc_audit,True,True,False,True,stage_a_solver,,16,128,31,4,1,3,15,CERTIFIED_NO_NEGATIVE,0,0,BPC_OPTIMAL,BPC_TREE_OPTIMAL,,CERTIFIED_NO_NEGATIVE,BPC_TREE_OPTIMAL,True,0.0,0,0,0,0,{},,0,0,0,,,,,,,,,0.201439,3,0,0,,,,,,,,,,,,,,,,,,False,False,False,,,,,,,False,,,,False,,,,,,,,,,,,,,,,,,,,,,,,,,,,,,,,,,,,,,,,,,,,,,,,,,,,,False,,,0,0.201439,B3 tree is closed by official node LP certificates and an integer incumbent.
A,B4.1 Stage A regression,/home/kai/work/GAT_BPC_moonTerk/data/instances/lunar_ice_sp50_005/instance_017_logical_graph.json,,5,lunar_ice_sp50_005_017_seed679123,stageA_B3B_accepted_baseline,,B3B_accepted_tree_baseline,true_dual_final_judge_tree_closure,B3B_representative_universe_branch_rc_audit,False,False,False,True,stage_a_solver,,16,128,31,4,1,3,14,CERTIFIED_NO_NEGATIVE,0,0,BPC_OPTIMAL,BPC_TREE_OPTIMAL,,CERTIFIED_NO_NEGATIVE,BPC_TREE_OPTIMAL,True,0.0,0,0,0,0,{},,0,0,0,,,,,,,,,0.414059,3,0,0,,,,,,,,,,,,,,,,,,False,False,False,,,,,,,False,,,,False,,,,,,,,,,,,,,,,,,,,,,,,,,,,,,,,,,,,,,,,,,,,,,,,,,,,,False,,,0,0.414059,B3 tree is closed by official node LP certificates and an integer incumbent.
A,B4.1 Stage A regression,/home/kai/work/GAT_BPC_moonTerk/data/instances/lunar_ice_sp50_005/instance_017_logical_graph.json,,5,lunar_ice_sp50_005_017_seed679123,stageA_B4V2_default_final_judge_harvesting,,B4V2_final_judge_harvesting,true_dual_final_judge_tree_closure,B3B_representative_universe_branch_rc_audit,True,True,False,True,stage_a_solver,,16,128,31,4,1,3,14,CERTIFIED_NO_NEGATIVE,0,0,BPC_OPTIMAL,BPC_TREE_OPTIMAL,,CERTIFIED_NO_NEGATIVE,BPC_TREE_OPTIMAL,True,0.0,0,0,0,0,{},,0,0,0,,,,,,,,,0.414229,3,0,0,,,,,,,,,,,,,,,,,,False,False,False,,,,,,,False,,,,False,,,,,,,,,,,,,,,,,,,,,,,,,,,,,,,,,,,,,,,,,,,,,,,,,,,,,False,,,0,0.414229,B3 tree is closed by official node LP certificates and an integer incumbent.
A,B4.1 Stage A regression,/home/kai/work/GAT_BPC_moonTerk/data/instances/lunar_ice_sp50_005/instance_018_logical_graph.json,,5,lunar_ice_sp50_005_018_seed679064,stageA_B3B_accepted_baseline,,B3B_accepted_tree_baseline,true_dual_final_judge_tree_closure,B3B_representative_universe_branch_rc_audit,False,False,False,True,stage_a_solver,,16,128,31,4,1,4,18,CERTIFIED_NO_NEGATIVE,0,0,BPC_OPTIMAL,BPC_TREE_OPTIMAL,,CERTIFIED_NO_NEGATIVE,BPC_TREE_OPTIMAL,True,0.0,0,0,0,0,{},,0,0,0,,,,,,,,,0.41409,4,0,0,,,,,,,,,,,,,,,,,,False,False,False,,,,,,,False,,,,False,,,,,,,,,,,,,,,,,,,,,,,,,,,,,,,,,,,,,,,,,,,,,,,,,,,,,False,,,0,0.41409,B3 tree is closed by official node LP certificates and an integer incumbent.
A,B4.1 Stage A regression,/home/kai/work/GAT_BPC_moonTerk/data/instances/lunar_ice_sp50_005/instance_018_logical_graph.json,,5,lunar_ice_sp50_005_018_seed679064,stageA_B4V2_default_final_judge_harvesting,,B4V2_final_judge_harvesting,true_dual_final_judge_tree_closure,B3B_representative_universe_branch_rc_audit,True,True,False,True,stage_a_solver,,16,128,31,4,1,4,18,CERTIFIED_NO_NEGATIVE,0,0,BPC_OPTIMAL,BPC_TREE_OPTIMAL,,CERTIFIED_NO_NEGATIVE,BPC_TREE_OPTIMAL,True,0.0,0,0,0,0,{},,0,0,0,,,,,,,,,0.410796,4,0,0,,,,,,,,,,,,,,,,,,False,False,False,,,,,,,False,,,,False,,,,,,,,,,,,,,,,,,,,,,,,,,,,,,,,,,,,,,,,,,,,,,,,,,,,,False,,,0,0.410796,B3 tree is closed by official node LP certificates and an integer incumbent.
A,B4.1 Stage A regression,/home/kai/work/GAT_BPC_moonTerk/data/instances/lunar_ice_sp50_005/instance_019_logical_graph.json,,5,lunar_ice_sp50_005_019_seed679025,stageA_B3B_accepted_baseline,,B3B_accepted_tree_baseline,true_dual_final_judge_tree_closure,B3B_representative_universe_branch_rc_audit,False,False,False,True,stage_a_solver,,16,128,31,4,1,3,14,CERTIFIED_NO_NEGATIVE,0,0,BPC_OPTIMAL,BPC_TREE_OPTIMAL,,CERTIFIED_NO_NEGATIVE,BPC_TREE_OPTIMAL,True,0.0,0,0,0,0,{},,0,0,0,,,,,,,,,0.326921,3,0,0,,,,,,,,,,,,,,,,,,False,False,False,,,,,,,False,,,,False,,,,,,,,,,,,,,,,,,,,,,,,,,,,,,,,,,,,,,,,,,,,,,,,,,,,,False,,,0,0.326921,B3 tree is closed by official node LP certificates and an integer incumbent.
A,B4.1 Stage A regression,/home/kai/work/GAT_BPC_moonTerk/data/instances/lunar_ice_sp50_005/instance_019_logical_graph.json,,5,lunar_ice_sp50_005_019_seed679025,stageA_B4V2_default_final_judge_harvesting,,B4V2_final_judge_harvesting,true_dual_final_judge_tree_closure,B3B_representative_universe_branch_rc_audit,True,True,False,True,stage_a_solver,,16,128,31,4,1,3,14,CERTIFIED_NO_NEGATIVE,0,0,BPC_OPTIMAL,BPC_TREE_OPTIMAL,,CERTIFIED_NO_NEGATIVE,BPC_TREE_OPTIMAL,True,0.0,0,0,0,0,{},,0,0,0,,,,,,,,,0.325212,3,0,0,,,,,,,,,,,,,,,,,,False,False,False,,,,,,,False,,,,False,,,,,,,,,,,,,,,,,,,,,,,,,,,,,,,,,,,,,,,,,,,,,,,,,,,,,False,,,0,0.325212,B3 tree is closed by official node LP certificates and an integer incumbent.
A,B4.1 Stage A regression,/home/kai/work/GAT_BPC_moonTerk/data/instances/lunar_ice_sp50_005/instance_020_logical_graph.json,,5,lunar_ice_sp50_005_020_seed679026,stageA_B3B_accepted_baseline,,B3B_accepted_tree_baseline,true_dual_final_judge_tree_closure,B3B_representative_universe_branch_rc_audit,False,False,False,True,stage_a_solver,,16,128,31,4,1,3,15,CERTIFIED_NO_NEGATIVE,0,0,BPC_OPTIMAL,BPC_TREE_OPTIMAL,,CERTIFIED_NO_NEGATIVE,BPC_TREE_OPTIMAL,True,0.0,0,0,0,0,{},,0,0,0,,,,,,,,,0.322804,3,0,0,,,,,,,,,,,,,,,,,,False,False,False,,,,,,,False,,,,False,,,,,,,,,,,,,,,,,,,,,,,,,,,,,,,,,,,,,,,,,,,,,,,,,,,,,False,,,0,0.322804,B3 tree is closed by official node LP certificates and an integer incumbent.
A,B4.1 Stage A regression,/home/kai/work/GAT_BPC_moonTerk/data/instances/lunar_ice_sp50_005/instance_020_logical_graph.json,,5,lunar_ice_sp50_005_020_seed679026,stageA_B4V2_default_final_judge_harvesting,,B4V2_final_judge_harvesting,true_dual_final_judge_tree_closure,B3B_representative_universe_branch_rc_audit,True,True,False,True,stage_a_solver,,16,128,31,4,1,3,15,CERTIFIED_NO_NEGATIVE,0,0,BPC_OPTIMAL,BPC_TREE_OPTIMAL,,CERTIFIED_NO_NEGATIVE,BPC_TREE_OPTIMAL,True,0.0,0,0,0,0,{},,0,0,0,,,,,,,,,0.316666,3,0,0,,,,,,,,,,,,,,,,,,False,False,False,,,,,,,False,,,,False,,,,,,,,,,,,,,,,,,,,,,,,,,,,,,,,,,,,,,,,,,,,,,,,,,,,,False,,,0,0.316666,B3 tree is closed by official node LP certificates and an integer incumbent.
A,B4.1 Stage A regression,/home/kai/work/GAT_BPC_moonTerk/data/instances/lunar_ice_sp50_010/instance_001_logical_graph.json,,10,lunar_ice_sp50_010_001_seed729001,stageA_B3B_accepted_baseline,,B3B_accepted_tree_baseline,true_dual_final_judge_tree_closure,B3B_representative_universe_branch_rc_audit,False,False,False,True,stage_a_solver,,16,128,31,4,1,3,146,CERTIFIED_NO_NEGATIVE,0,0,BPC_OPTIMAL,BPC_TREE_OPTIMAL,,CERTIFIED_NO_NEGATIVE,BPC_TREE_OPTIMAL,True,0.0,0,0,0,0,{},,0,0,0,,,,,,,,,1.500326,3,0,0,,,,,,,,,,,,,,,,,,False,False,False,,,,,,,False,,,,False,,,,,,,,,,,,,,,,,,,,,,,,,,,,,,,,,,,,,,,,,,,,,,,,,,,,,False,,,0,1.500326,B3 tree is closed by official node LP certificates and an integer incumbent.
A,B4.1 Stage A regression,/home/kai/work/GAT_BPC_moonTerk/data/instances/lunar_ice_sp50_010/instance_001_logical_graph.json,,10,lunar_ice_sp50_010_001_seed729001,stageA_B4V2_default_final_judge_harvesting,,B4V2_final_judge_harvesting,true_dual_final_judge_tree_closure,B3B_representative_universe_branch_rc_audit,True,True,False,True,stage_a_solver,,16,128,31,4,1,3,146,CERTIFIED_NO_NEGATIVE,0,0,BPC_OPTIMAL,BPC_TREE_OPTIMAL,,CERTIFIED_NO_NEGATIVE,BPC_TREE_OPTIMAL,True,0.0,0,0,0,0,{},,0,0,0,,,,,,,,,1.515685,3,0,0,,,,,,,,,,,,,,,,,,False,False,False,,,,,,,False,,,,False,,,,,,,,,,,,,,,,,,,,,,,,,,,,,,,,,,,,,,,,,,,,,,,,,,,,,False,,,0,1.515685,B3 tree is closed by official node LP certificates and an integer incumbent.
A,B4.1 Stage A regression,/home/kai/work/GAT_BPC_moonTerk/data/instances/lunar_ice_sp50_010/instance_002_logical_graph.json,,10,lunar_ice_sp50_010_002_seed729002,stageA_B3B_accepted_baseline,,B3B_accepted_tree_baseline,true_dual_final_judge_tree_closure,B3B_representative_universe_branch_rc_audit,False,False,False,True,stage_a_solver,,16,128,31,4,1,3,80,CERTIFIED_NO_NEGATIVE,0,0,BPC_OPTIMAL,BPC_TREE_OPTIMAL,,CERTIFIED_NO_NEGATIVE,BPC_TREE_OPTIMAL,True,0.0,0,0,0,0,{},,0,0,0,,,,,,,,,0.883432,3,0,0,,,,,,,,,,,,,,,,,,False,False,False,,,,,,,False,,,,False,,,,,,,,,,,,,,,,,,,,,,,,,,,,,,,,,,,,,,,,,,,,,,,,,,,,,False,,,0,0.883432,B3 tree is closed by official node LP certificates and an integer incumbent.
A,B4.1 Stage A regression,/home/kai/work/GAT_BPC_moonTerk/data/instances/lunar_ice_sp50_010/instance_002_logical_graph.json,,10,lunar_ice_sp50_010_002_seed729002,stageA_B4V2_default_final_judge_harvesting,,B4V2_final_judge_harvesting,true_dual_final_judge_tree_closure,B3B_representative_universe_branch_rc_audit,True,True,False,True,stage_a_solver,,16,128,31,4,1,3,80,CERTIFIED_NO_NEGATIVE,0,0,BPC_OPTIMAL,BPC_TREE_OPTIMAL,,CERTIFIED_NO_NEGATIVE,BPC_TREE_OPTIMAL,True,0.0,0,0,0,0,{},,0,0,0,,,,,,,,,0.87407,3,0,0,,,,,,,,,,,,,,,,,,False,False,False,,,,,,,False,,,,False,,,,,,,,,,,,,,,,,,,,,,,,,,,,,,,,,,,,,,,,,,,,,,,,,,,,,False,,,0,0.87407,B3 tree is closed by official node LP certificates and an integer incumbent.
A,B4.1 Stage A regression,/home/kai/work/GAT_BPC_moonTerk/data/instances/lunar_ice_sp50_010/instance_003_logical_graph.json,,10,lunar_ice_sp50_010_003_seed729023,stageA_B3B_accepted_baseline,,B3B_accepted_tree_baseline,true_dual_final_judge_tree_closure,B3B_representative_universe_branch_rc_audit,False,False,False,True,stage_a_solver,,16,128,31,4,3,3,162,CERTIFIED_NO_NEGATIVE,0,0,BPC_OPTIMAL,BPC_TREE_OPTIMAL,,CERTIFIED_NO_NEGATIVE,BPC_TREE_OPTIMAL,True,0.0,0,0,0,0,{},,0,0,0,,,,,,,,,1.236217,3,0,0,,,,,,,,,,,,,,,,,,False,False,False,,,,,,,False,,,,False,,,,,,,,,,,,,,,,,,,,,,,,,,,,,,,,,,,,,,,,,,,,,,,,,,,,,False,,,0,1.236217,B3 tree is closed by official node LP certificates and an integer incumbent.
A,B4.1 Stage A regression,/home/kai/work/GAT_BPC_moonTerk/data/instances/lunar_ice_sp50_010/instance_003_logical_graph.json,,10,lunar_ice_sp50_010_003_seed729023,stageA_B4V2_default_final_judge_harvesting,,B4V2_final_judge_harvesting,true_dual_final_judge_tree_closure,B3B_representative_universe_branch_rc_audit,True,True,False,True,stage_a_solver,,16,128,31,4,3,3,162,CERTIFIED_NO_NEGATIVE,0,0,BPC_OPTIMAL,BPC_TREE_OPTIMAL,,CERTIFIED_NO_NEGATIVE,BPC_TREE_OPTIMAL,True,0.0,0,0,0,0,{},,0,0,0,,,,,,,,,1.233566,3,0,0,,,,,,,,,,,,,,,,,,False,False,False,,,,,,,False,,,,False,,,,,,,,,,,,,,,,,,,,,,,,,,,,,,,,,,,,,,,,,,,,,,,,,,,,,False,,,0,1.233566,B3 tree is closed by official node LP certificates and an integer incumbent.
A,B4.1 Stage A regression,/home/kai/work/GAT_BPC_moonTerk/data/instances/lunar_ice_sp50_010/instance_004_logical_graph.json,,10,lunar_ice_sp50_010_004_seed729004,stageA_B3B_accepted_baseline,,B3B_accepted_tree_baseline,true_dual_final_judge_tree_closure,B3B_representative_universe_branch_rc_audit,False,False,False,True,stage_a_solver,,16,128,31,4,1,3,90,CERTIFIED_NO_NEGATIVE,0,0,BPC_OPTIMAL,BPC_TREE_OPTIMAL,,CERTIFIED_NO_NEGATIVE,BPC_TREE_OPTIMAL,True,0.0,0,0,0,0,{},,0,0,0,,,,,,,,,1.463991,3,0,0,,,,,,,,,,,,,,,,,,False,False,False,,,,,,,False,,,,False,,,,,,,,,,,,,,,,,,,,,,,,,,,,,,,,,,,,,,,,,,,,,,,,,,,,,False,,,0,1.463991,B3 tree is closed by official node LP certificates and an integer incumbent.
A,B4.1 Stage A regression,/home/kai/work/GAT_BPC_moonTerk/data/instances/lunar_ice_sp50_010/instance_004_logical_graph.json,,10,lunar_ice_sp50_010_004_seed729004,stageA_B4V2_default_final_judge_harvesting,,B4V2_final_judge_harvesting,true_dual_final_judge_tree_closure,B3B_representative_universe_branch_rc_audit,True,True,False,True,stage_a_solver,,16,128,31,4,1,3,90,CERTIFIED_NO_NEGATIVE,0,0,BPC_OPTIMAL,BPC_TREE_OPTIMAL,,CERTIFIED_NO_NEGATIVE,BPC_TREE_OPTIMAL,True,0.0,0,0,0,0,{},,0,0,0,,,,,,,,,1.455815,3,0,0,,,,,,,,,,,,,,,,,,False,False,False,,,,,,,False,,,,False,,,,,,,,,,,,,,,,,,,,,,,,,,,,,,,,,,,,,,,,,,,,,,,,,,,,,False,,,0,1.455815,B3 tree is closed by official node LP certificates and an integer incumbent.
A,B4.1 Stage A regression,/home/kai/work/GAT_BPC_moonTerk/data/instances/lunar_ice_sp50_010/instance_005_logical_graph.json,,10,lunar_ice_sp50_010_005_seed729045,stageA_B3B_accepted_baseline,,B3B_accepted_tree_baseline,true_dual_final_judge_tree_closure,B3B_representative_universe_branch_rc_audit,False,False,False,True,stage_a_solver,,16,128,31,4,1,4,169,CERTIFIED_NO_NEGATIVE,0,0,BPC_OPTIMAL,BPC_TREE_OPTIMAL,,CERTIFIED_NO_NEGATIVE,BPC_TREE_OPTIMAL,True,0.0,0,0,0,0,{},,0,0,0,,,,,,,,,4.706319,4,0,0,,,,,,,,,,,,,,,,,,False,False,False,,,,,,,False,,,,False,,,,,,,,,,,,,,,,,,,,,,,,,,,,,,,,,,,,,,,,,,,,,,,,,,,,,False,,,0,4.706319,B3 tree is closed by official node LP certificates and an integer incumbent.
A,B4.1 Stage A regression,/home/kai/work/GAT_BPC_moonTerk/data/instances/lunar_ice_sp50_010/instance_005_logical_graph.json,,10,lunar_ice_sp50_010_005_seed729045,stageA_B4V2_default_final_judge_harvesting,,B4V2_final_judge_harvesting,true_dual_final_judge_tree_closure,B3B_representative_universe_branch_rc_audit,True,True,False,True,stage_a_solver,,16,128,31,4,1,4,169,CERTIFIED_NO_NEGATIVE,0,0,BPC_OPTIMAL,BPC_TREE_OPTIMAL,,CERTIFIED_NO_NEGATIVE,BPC_TREE_OPTIMAL,True,0.0,0,0,0,0,{},,0,0,0,,,,,,,,,4.715848,4,0,0,,,,,,,,,,,,,,,,,,False,False,False,,,,,,,False,,,,False,,,,,,,,,,,,,,,,,,,,,,,,,,,,,,,,,,,,,,,,,,,,,,,,,,,,,False,,,0,4.715848,B3 tree is closed by official node LP certificates and an integer incumbent.
A,B4.1 Stage A regression,/home/kai/work/GAT_BPC_moonTerk/data/instances/lunar_ice_sp50_010/instance_006_logical_graph.json,,10,lunar_ice_sp50_010_006_seed729086,stageA_B3B_accepted_baseline,,B3B_accepted_tree_baseline,true_dual_final_judge_tree_closure,B3B_representative_universe_branch_rc_audit,False,False,False,True,stage_a_solver,,16,128,31,4,1,3,222,CERTIFIED_NO_NEGATIVE,0,0,BPC_OPTIMAL,BPC_TREE_OPTIMAL,,CERTIFIED_NO_NEGATIVE,BPC_TREE_OPTIMAL,True,0.0,0,0,0,0,{},,0,0,0,,,,,,,,,2.026409,3,0,0,,,,,,,,,,,,,,,,,,False,False,False,,,,,,,False,,,,False,,,,,,,,,,,,,,,,,,,,,,,,,,,,,,,,,,,,,,,,,,,,,,,,,,,,,False,,,0,2.026409,B3 tree is closed by official node LP certificates and an integer incumbent.
A,B4.1 Stage A regression,/home/kai/work/GAT_BPC_moonTerk/data/instances/lunar_ice_sp50_010/instance_006_logical_graph.json,,10,lunar_ice_sp50_010_006_seed729086,stageA_B4V2_default_final_judge_harvesting,,B4V2_final_judge_harvesting,true_dual_final_judge_tree_closure,B3B_representative_universe_branch_rc_audit,True,True,False,True,stage_a_solver,,16,128,31,4,1,3,222,CERTIFIED_NO_NEGATIVE,0,0,BPC_OPTIMAL,BPC_TREE_OPTIMAL,,CERTIFIED_NO_NEGATIVE,BPC_TREE_OPTIMAL,True,0.0,0,0,0,0,{},,0,0,0,,,,,,,,,2.046108,3,0,0,,,,,,,,,,,,,,,,,,False,False,False,,,,,,,False,,,,False,,,,,,,,,,,,,,,,,,,,,,,,,,,,,,,,,,,,,,,,,,,,,,,,,,,,,False,,,0,2.046108,B3 tree is closed by official node LP certificates and an integer incumbent.
A,B4.1 Stage A regression,/home/kai/work/GAT_BPC_moonTerk/data/instances/lunar_ice_sp50_010/instance_007_logical_graph.json,,10,lunar_ice_sp50_010_007_seed729007,stageA_B3B_accepted_baseline,,B3B_accepted_tree_baseline,true_dual_final_judge_tree_closure,B3B_representative_universe_branch_rc_audit,False,False,False,True,stage_a_solver,,16,128,31,4,1,4,150,CERTIFIED_NO_NEGATIVE,0,0,BPC_OPTIMAL,BPC_TREE_OPTIMAL,,CERTIFIED_NO_NEGATIVE,BPC_TREE_OPTIMAL,True,0.0,0,0,0,0,{},,0,0,0,,,,,,,,,1.517678,4,0,0,,,,,,,,,,,,,,,,,,False,False,False,,,,,,,False,,,,False,,,,,,,,,,,,,,,,,,,,,,,,,,,,,,,,,,,,,,,,,,,,,,,,,,,,,False,,,0,1.517678,B3 tree is closed by official node LP certificates and an integer incumbent.
A,B4.1 Stage A regression,/home/kai/work/GAT_BPC_moonTerk/data/instances/lunar_ice_sp50_010/instance_007_logical_graph.json,,10,lunar_ice_sp50_010_007_seed729007,stageA_B4V2_default_final_judge_harvesting,,B4V2_final_judge_harvesting,true_dual_final_judge_tree_closure,B3B_representative_universe_branch_rc_audit,True,True,False,True,stage_a_solver,,16,128,31,4,1,4,150,CERTIFIED_NO_NEGATIVE,0,0,BPC_OPTIMAL,BPC_TREE_OPTIMAL,,CERTIFIED_NO_NEGATIVE,BPC_TREE_OPTIMAL,True,0.0,0,0,0,0,{},,0,0,0,,,,,,,,,1.519396,4,0,0,,,,,,,,,,,,,,,,,,False,False,False,,,,,,,False,,,,False,,,,,,,,,,,,,,,,,,,,,,,,,,,,,,,,,,,,,,,,,,,,,,,,,,,,,False,,,0,1.519396,B3 tree is closed by official node LP certificates and an integer incumbent.
A,B4.1 Stage A regression,/home/kai/work/GAT_BPC_moonTerk/data/instances/lunar_ice_sp50_010/instance_008_logical_graph.json,,10,lunar_ice_sp50_010_008_seed729068,stageA_B3B_accepted_baseline,,B3B_accepted_tree_baseline,true_dual_final_judge_tree_closure,B3B_representative_universe_branch_rc_audit,False,False,False,True,stage_a_solver,,16,128,31,4,1,4,88,CERTIFIED_NO_NEGATIVE,0,0,BPC_OPTIMAL,BPC_TREE_OPTIMAL,,CERTIFIED_NO_NEGATIVE,BPC_TREE_OPTIMAL,True,0.0,0,0,0,0,{},,0,0,0,,,,,,,,,1.667769,4,0,0,,,,,,,,,,,,,,,,,,False,False,False,,,,,,,False,,,,False,,,,,,,,,,,,,,,,,,,,,,,,,,,,,,,,,,,,,,,,,,,,,,,,,,,,,False,,,0,1.667769,B3 tree is closed by official node LP certificates and an integer incumbent.
A,B4.1 Stage A regression,/home/kai/work/GAT_BPC_moonTerk/data/instances/lunar_ice_sp50_010/instance_008_logical_graph.json,,10,lunar_ice_sp50_010_008_seed729068,stageA_B4V2_default_final_judge_harvesting,,B4V2_final_judge_harvesting,true_dual_final_judge_tree_closure,B3B_representative_universe_branch_rc_audit,True,True,False,True,stage_a_solver,,16,128,31,4,1,4,88,CERTIFIED_NO_NEGATIVE,0,0,BPC_OPTIMAL,BPC_TREE_OPTIMAL,,CERTIFIED_NO_NEGATIVE,BPC_TREE_OPTIMAL,True,0.0,0,0,0,0,{},,0,0,0,,,,,,,,,1.648577,4,0,0,,,,,,,,,,,,,,,,,,False,False,False,,,,,,,False,,,,False,,,,,,,,,,,,,,,,,,,,,,,,,,,,,,,,,,,,,,,,,,,,,,,,,,,,,False,,,0,1.648577,B3 tree is closed by official node LP certificates and an integer incumbent.
A,B4.1 Stage A regression,/home/kai/work/GAT_BPC_moonTerk/data/instances/lunar_ice_sp50_010/instance_009_logical_graph.json,,10,lunar_ice_sp50_010_009_seed729069,stageA_B3B_accepted_baseline,,B3B_accepted_tree_baseline,true_dual_final_judge_tree_closure,B3B_representative_universe_branch_rc_audit,False,False,False,True,stage_a_solver,,16,128,31,4,1,3,123,CERTIFIED_NO_NEGATIVE,0,0,BPC_OPTIMAL,BPC_TREE_OPTIMAL,,CERTIFIED_NO_NEGATIVE,BPC_TREE_OPTIMAL,True,0.0,0,0,0,0,{},,0,0,0,,,,,,,,,1.562484,3,0,0,,,,,,,,,,,,,,,,,,False,False,False,,,,,,,False,,,,False,,,,,,,,,,,,,,,,,,,,,,,,,,,,,,,,,,,,,,,,,,,,,,,,,,,,,False,,,0,1.562484,B3 tree is closed by official node LP certificates and an integer incumbent.
A,B4.1 Stage A regression,/home/kai/work/GAT_BPC_moonTerk/data/instances/lunar_ice_sp50_010/instance_009_logical_graph.json,,10,lunar_ice_sp50_010_009_seed729069,stageA_B4V2_default_final_judge_harvesting,,B4V2_final_judge_harvesting,true_dual_final_judge_tree_closure,B3B_representative_universe_branch_rc_audit,True,True,False,True,stage_a_solver,,16,128,31,4,1,3,123,CERTIFIED_NO_NEGATIVE,0,0,BPC_OPTIMAL,BPC_TREE_OPTIMAL,,CERTIFIED_NO_NEGATIVE,BPC_TREE_OPTIMAL,True,0.0,0,0,0,0,{},,0,0,0,,,,,,,,,1.559237,3,0,0,,,,,,,,,,,,,,,,,,False,False,False,,,,,,,False,,,,False,,,,,,,,,,,,,,,,,,,,,,,,,,,,,,,,,,,,,,,,,,,,,,,,,,,,,False,,,0,1.559237,B3 tree is closed by official node LP certificates and an integer incumbent.
A,B4.1 Stage A regression,/home/kai/work/GAT_BPC_moonTerk/data/instances/lunar_ice_sp50_010/instance_010_logical_graph.json,,10,lunar_ice_sp50_010_010_seed729010,stageA_B3B_accepted_baseline,,B3B_accepted_tree_baseline,true_dual_final_judge_tree_closure,B3B_representative_universe_branch_rc_audit,False,False,False,True,stage_a_solver,,16,128,31,4,1,4,140,CERTIFIED_NO_NEGATIVE,0,0,BPC_OPTIMAL,BPC_TREE_OPTIMAL,,CERTIFIED_NO_NEGATIVE,BPC_TREE_OPTIMAL,True,0.0,0,0,0,0,{},,0,0,0,,,,,,,,,3.177681,4,0,0,,,,,,,,,,,,,,,,,,False,False,False,,,,,,,False,,,,False,,,,,,,,,,,,,,,,,,,,,,,,,,,,,,,,,,,,,,,,,,,,,,,,,,,,,False,,,0,3.177681,B3 tree is closed by official node LP certificates and an integer incumbent.
A,B4.1 Stage A regression,/home/kai/work/GAT_BPC_moonTerk/data/instances/lunar_ice_sp50_010/instance_010_logical_graph.json,,10,lunar_ice_sp50_010_010_seed729010,stageA_B4V2_default_final_judge_harvesting,,B4V2_final_judge_harvesting,true_dual_final_judge_tree_closure,B3B_representative_universe_branch_rc_audit,True,True,False,True,stage_a_solver,,16,128,31,4,1,4,140,CERTIFIED_NO_NEGATIVE,0,0,BPC_OPTIMAL,BPC_TREE_OPTIMAL,,CERTIFIED_NO_NEGATIVE,BPC_TREE_OPTIMAL,True,0.0,0,0,0,0,{},,0,0,0,,,,,,,,,3.194643,4,0,0,,,,,,,,,,,,,,,,,,False,False,False,,,,,,,False,,,,False,,,,,,,,,,,,,,,,,,,,,,,,,,,,,,,,,,,,,,,,,,,,,,,,,,,,,False,,,0,3.194643,B3 tree is closed by official node LP certificates and an integer incumbent.
A,B4.1 Stage A regression,/home/kai/work/GAT_BPC_moonTerk/data/instances/lunar_ice_sp50_010/instance_011_logical_graph.json,,10,lunar_ice_sp50_010_011_seed729011,stageA_B3B_accepted_baseline,,B3B_accepted_tree_baseline,true_dual_final_judge_tree_closure,B3B_representative_universe_branch_rc_audit,False,False,False,True,stage_a_solver,,16,128,31,4,1,3,167,CERTIFIED_NO_NEGATIVE,0,0,BPC_OPTIMAL,BPC_TREE_OPTIMAL,,CERTIFIED_NO_NEGATIVE,BPC_TREE_OPTIMAL,True,0.0,0,0,0,0,{},,0,0,0,,,,,,,,,3.35045,3,0,0,,,,,,,,,,,,,,,,,,False,False,False,,,,,,,False,,,,False,,,,,,,,,,,,,,,,,,,,,,,,,,,,,,,,,,,,,,,,,,,,,,,,,,,,,False,,,0,3.35045,B3 tree is closed by official node LP certificates and an integer incumbent.
A,B4.1 Stage A regression,/home/kai/work/GAT_BPC_moonTerk/data/instances/lunar_ice_sp50_010/instance_011_logical_graph.json,,10,lunar_ice_sp50_010_011_seed729011,stageA_B4V2_default_final_judge_harvesting,,B4V2_final_judge_harvesting,true_dual_final_judge_tree_closure,B3B_representative_universe_branch_rc_audit,True,True,False,True,stage_a_solver,,16,128,31,4,1,3,167,CERTIFIED_NO_NEGATIVE,0,0,BPC_OPTIMAL,BPC_TREE_OPTIMAL,,CERTIFIED_NO_NEGATIVE,BPC_TREE_OPTIMAL,True,0.0,0,0,0,0,{},,0,0,0,,,,,,,,,3.35993,3,0,0,,,,,,,,,,,,,,,,,,False,False,False,,,,,,,False,,,,False,,,,,,,,,,,,,,,,,,,,,,,,,,,,,,,,,,,,,,,,,,,,,,,,,,,,,False,,,0,3.35993,B3 tree is closed by official node LP certificates and an integer incumbent.
A,B4.1 Stage A regression,/home/kai/work/GAT_BPC_moonTerk/data/instances/lunar_ice_sp50_010/instance_012_logical_graph.json,,10,lunar_ice_sp50_010_012_seed729072,stageA_B3B_accepted_baseline,,B3B_accepted_tree_baseline,true_dual_final_judge_tree_closure,B3B_representative_universe_branch_rc_audit,False,False,False,True,stage_a_solver,,16,128,31,4,1,4,178,CERTIFIED_NO_NEGATIVE,0,0,BPC_OPTIMAL,BPC_TREE_OPTIMAL,,CERTIFIED_NO_NEGATIVE,BPC_TREE_OPTIMAL,True,0.0,0,0,0,0,{},,0,0,0,,,,,,,,,1.575754,4,0,0,,,,,,,,,,,,,,,,,,False,False,False,,,,,,,False,,,,False,,,,,,,,,,,,,,,,,,,,,,,,,,,,,,,,,,,,,,,,,,,,,,,,,,,,,False,,,0,1.575754,B3 tree is closed by official node LP certificates and an integer incumbent.
A,B4.1 Stage A regression,/home/kai/work/GAT_BPC_moonTerk/data/instances/lunar_ice_sp50_010/instance_012_logical_graph.json,,10,lunar_ice_sp50_010_012_seed729072,stageA_B4V2_default_final_judge_harvesting,,B4V2_final_judge_harvesting,true_dual_final_judge_tree_closure,B3B_representative_universe_branch_rc_audit,True,True,False,True,stage_a_solver,,16,128,31,4,1,4,178,CERTIFIED_NO_NEGATIVE,0,0,BPC_OPTIMAL,BPC_TREE_OPTIMAL,,CERTIFIED_NO_NEGATIVE,BPC_TREE_OPTIMAL,True,0.0,0,0,0,0,{},,0,0,0,,,,,,,,,1.583566,4,0,0,,,,,,,,,,,,,,,,,,False,False,False,,,,,,,False,,,,False,,,,,,,,,,,,,,,,,,,,,,,,,,,,,,,,,,,,,,,,,,,,,,,,,,,,,False,,,0,1.583566,B3 tree is closed by official node LP certificates and an integer incumbent.
A,B4.1 Stage A regression,/home/kai/work/GAT_BPC_moonTerk/data/instances/lunar_ice_sp50_010/instance_013_logical_graph.json,,10,lunar_ice_sp50_010_013_seed729053,stageA_B3B_accepted_baseline,,B3B_accepted_tree_baseline,true_dual_final_judge_tree_closure,B3B_representative_universe_branch_rc_audit,False,False,False,True,stage_a_solver,,16,128,31,4,1,3,114,CERTIFIED_NO_NEGATIVE,0,0,BPC_OPTIMAL,BPC_TREE_OPTIMAL,,CERTIFIED_NO_NEGATIVE,BPC_TREE_OPTIMAL,True,0.0,0,0,0,0,{},,0,0,0,,,,,,,,,2.734658,3,0,0,,,,,,,,,,,,,,,,,,False,False,False,,,,,,,False,,,,False,,,,,,,,,,,,,,,,,,,,,,,,,,,,,,,,,,,,,,,,,,,,,,,,,,,,,False,,,0,2.734658,B3 tree is closed by official node LP certificates and an integer incumbent.
A,B4.1 Stage A regression,/home/kai/work/GAT_BPC_moonTerk/data/instances/lunar_ice_sp50_010/instance_013_logical_graph.json,,10,lunar_ice_sp50_010_013_seed729053,stageA_B4V2_default_final_judge_harvesting,,B4V2_final_judge_harvesting,true_dual_final_judge_tree_closure,B3B_representative_universe_branch_rc_audit,True,True,False,True,stage_a_solver,,16,128,31,4,1,3,114,CERTIFIED_NO_NEGATIVE,0,0,BPC_OPTIMAL,BPC_TREE_OPTIMAL,,CERTIFIED_NO_NEGATIVE,BPC_TREE_OPTIMAL,True,0.0,0,0,0,0,{},,0,0,0,,,,,,,,,2.746744,3,0,0,,,,,,,,,,,,,,,,,,False,False,False,,,,,,,False,,,,False,,,,,,,,,,,,,,,,,,,,,,,,,,,,,,,,,,,,,,,,,,,,,,,,,,,,,False,,,0,2.746744,B3 tree is closed by official node LP certificates and an integer incumbent.
A,B4.1 Stage A regression,/home/kai/work/GAT_BPC_moonTerk/data/instances/lunar_ice_sp50_010/instance_014_logical_graph.json,,10,lunar_ice_sp50_010_014_seed729034,stageA_B3B_accepted_baseline,,B3B_accepted_tree_baseline,true_dual_final_judge_tree_closure,B3B_representative_universe_branch_rc_audit,False,False,False,True,stage_a_solver,,16,128,31,4,3,4,181,CERTIFIED_NO_NEGATIVE,0,0,BPC_OPTIMAL,BPC_TREE_OPTIMAL,,CERTIFIED_NO_NEGATIVE,BPC_TREE_OPTIMAL,True,0.0,0,0,0,0,{},,0,0,0,,,,,,,,,2.201358,4,0,0,,,,,,,,,,,,,,,,,,False,False,False,,,,,,,False,,,,False,,,,,,,,,,,,,,,,,,,,,,,,,,,,,,,,,,,,,,,,,,,,,,,,,,,,,False,,,0,2.201358,B3 tree is closed by official node LP certificates and an integer incumbent.
A,B4.1 Stage A regression,/home/kai/work/GAT_BPC_moonTerk/data/instances/lunar_ice_sp50_010/instance_014_logical_graph.json,,10,lunar_ice_sp50_010_014_seed729034,stageA_B4V2_default_final_judge_harvesting,,B4V2_final_judge_harvesting,true_dual_final_judge_tree_closure,B3B_representative_universe_branch_rc_audit,True,True,False,True,stage_a_solver,,16,128,31,4,3,4,181,CERTIFIED_NO_NEGATIVE,0,0,BPC_OPTIMAL,BPC_TREE_OPTIMAL,,CERTIFIED_NO_NEGATIVE,BPC_TREE_OPTIMAL,True,0.0,0,0,0,0,{},,0,0,0,,,,,,,,,2.183392,4,0,0,,,,,,,,,,,,,,,,,,False,False,False,,,,,,,False,,,,False,,,,,,,,,,,,,,,,,,,,,,,,,,,,,,,,,,,,,,,,,,,,,,,,,,,,,False,,,0,2.183392,B3 tree is closed by official node LP certificates and an integer incumbent.
A,B4.1 Stage A regression,/home/kai/work/GAT_BPC_moonTerk/data/instances/lunar_ice_sp50_010/instance_015_logical_graph.json,,10,lunar_ice_sp50_010_015_seed729015,stageA_B3B_accepted_baseline,,B3B_accepted_tree_baseline,true_dual_final_judge_tree_closure,B3B_representative_universe_branch_rc_audit,False,False,False,True,stage_a_solver,,16,128,31,4,1,3,256,CERTIFIED_NO_NEGATIVE,0,0,BPC_OPTIMAL,BPC_TREE_OPTIMAL,,CERTIFIED_NO_NEGATIVE,BPC_TREE_OPTIMAL,True,0.0,0,0,0,0,{},,0,0,0,,,,,,,,,2.049764,3,0,0,,,,,,,,,,,,,,,,,,False,False,False,,,,,,,False,,,,False,,,,,,,,,,,,,,,,,,,,,,,,,,,,,,,,,,,,,,,,,,,,,,,,,,,,,False,,,0,2.049764,B3 tree is closed by official node LP certificates and an integer incumbent.
A,B4.1 Stage A regression,/home/kai/work/GAT_BPC_moonTerk/data/instances/lunar_ice_sp50_010/instance_015_logical_graph.json,,10,lunar_ice_sp50_010_015_seed729015,stageA_B4V2_default_final_judge_harvesting,,B4V2_final_judge_harvesting,true_dual_final_judge_tree_closure,B3B_representative_universe_branch_rc_audit,True,True,False,True,stage_a_solver,,16,128,31,4,1,3,256,CERTIFIED_NO_NEGATIVE,0,0,BPC_OPTIMAL,BPC_TREE_OPTIMAL,,CERTIFIED_NO_NEGATIVE,BPC_TREE_OPTIMAL,True,0.0,0,0,0,0,{},,0,0,0,,,,,,,,,2.057215,3,0,0,,,,,,,,,,,,,,,,,,False,False,False,,,,,,,False,,,,False,,,,,,,,,,,,,,,,,,,,,,,,,,,,,,,,,,,,,,,,,,,,,,,,,,,,,False,,,0,2.057215,B3 tree is closed by official node LP certificates and an integer incumbent.
A,B4.1 Stage A regression,/home/kai/work/GAT_BPC_moonTerk/data/instances/lunar_ice_sp50_010/instance_016_logical_graph.json,,10,lunar_ice_sp50_010_016_seed729016,stageA_B3B_accepted_baseline,,B3B_accepted_tree_baseline,true_dual_final_judge_tree_closure,B3B_representative_universe_branch_rc_audit,False,False,False,True,stage_a_solver,,16,128,31,4,1,4,129,CERTIFIED_NO_NEGATIVE,0,0,BPC_OPTIMAL,BPC_TREE_OPTIMAL,,CERTIFIED_NO_NEGATIVE,BPC_TREE_OPTIMAL,True,0.0,0,0,0,0,{},,0,0,0,,,,,,,,,1.252263,4,0,0,,,,,,,,,,,,,,,,,,False,False,False,,,,,,,False,,,,False,,,,,,,,,,,,,,,,,,,,,,,,,,,,,,,,,,,,,,,,,,,,,,,,,,,,,False,,,0,1.252263,B3 tree is closed by official node LP certificates and an integer incumbent.
A,B4.1 Stage A regression,/home/kai/work/GAT_BPC_moonTerk/data/instances/lunar_ice_sp50_010/instance_016_logical_graph.json,,10,lunar_ice_sp50_010_016_seed729016,stageA_B4V2_default_final_judge_harvesting,,B4V2_final_judge_harvesting,true_dual_final_judge_tree_closure,B3B_representative_universe_branch_rc_audit,True,True,False,True,stage_a_solver,,16,128,31,4,1,4,129,CERTIFIED_NO_NEGATIVE,0,0,BPC_OPTIMAL,BPC_TREE_OPTIMAL,,CERTIFIED_NO_NEGATIVE,BPC_TREE_OPTIMAL,True,0.0,0,0,0,0,{},,0,0,0,,,,,,,,,1.237936,4,0,0,,,,,,,,,,,,,,,,,,False,False,False,,,,,,,False,,,,False,,,,,,,,,,,,,,,,,,,,,,,,,,,,,,,,,,,,,,,,,,,,,,,,,,,,,False,,,0,1.237936,B3 tree is closed by official node LP certificates and an integer incumbent.
A,B4.1 Stage A regression,/home/kai/work/GAT_BPC_moonTerk/data/instances/lunar_ice_sp50_010/instance_017_logical_graph.json,,10,lunar_ice_sp50_010_017_seed729037,stageA_B3B_accepted_baseline,,B3B_accepted_tree_baseline,true_dual_final_judge_tree_closure,B3B_representative_universe_branch_rc_audit,False,False,False,True,stage_a_solver,,16,128,31,4,1,3,115,CERTIFIED_NO_NEGATIVE,0,0,BPC_OPTIMAL,BPC_TREE_OPTIMAL,,CERTIFIED_NO_NEGATIVE,BPC_TREE_OPTIMAL,True,0.0,0,0,0,0,{},,0,0,0,,,,,,,,,1.391902,3,0,0,,,,,,,,,,,,,,,,,,False,False,False,,,,,,,False,,,,False,,,,,,,,,,,,,,,,,,,,,,,,,,,,,,,,,,,,,,,,,,,,,,,,,,,,,False,,,0,1.391902,B3 tree is closed by official node LP certificates and an integer incumbent.
A,B4.1 Stage A regression,/home/kai/work/GAT_BPC_moonTerk/data/instances/lunar_ice_sp50_010/instance_017_logical_graph.json,,10,lunar_ice_sp50_010_017_seed729037,stageA_B4V2_default_final_judge_harvesting,,B4V2_final_judge_harvesting,true_dual_final_judge_tree_closure,B3B_representative_universe_branch_rc_audit,True,True,False,True,stage_a_solver,,16,128,31,4,1,3,115,CERTIFIED_NO_NEGATIVE,0,0,BPC_OPTIMAL,BPC_TREE_OPTIMAL,,CERTIFIED_NO_NEGATIVE,BPC_TREE_OPTIMAL,True,0.0,0,0,0,0,{},,0,0,0,,,,,,,,,1.410553,3,0,0,,,,,,,,,,,,,,,,,,False,False,False,,,,,,,False,,,,False,,,,,,,,,,,,,,,,,,,,,,,,,,,,,,,,,,,,,,,,,,,,,,,,,,,,,False,,,0,1.410553,B3 tree is closed by official node LP certificates and an integer incumbent.
A,B4.1 Stage A regression,/home/kai/work/GAT_BPC_moonTerk/data/instances/lunar_ice_sp50_010/instance_018_logical_graph.json,,10,lunar_ice_sp50_010_018_seed729118,stageA_B3B_accepted_baseline,,B3B_accepted_tree_baseline,true_dual_final_judge_tree_closure,B3B_representative_universe_branch_rc_audit,False,False,False,True,stage_a_solver,,16,128,31,4,1,3,129,CERTIFIED_NO_NEGATIVE,0,0,BPC_OPTIMAL,BPC_TREE_OPTIMAL,,CERTIFIED_NO_NEGATIVE,BPC_TREE_OPTIMAL,True,0.0,0,0,0,0,{},,0,0,0,,,,,,,,,1.812137,3,0,0,,,,,,,,,,,,,,,,,,False,False,False,,,,,,,False,,,,False,,,,,,,,,,,,,,,,,,,,,,,,,,,,,,,,,,,,,,,,,,,,,,,,,,,,,False,,,0,1.812137,B3 tree is closed by official node LP certificates and an integer incumbent.
A,B4.1 Stage A regression,/home/kai/work/GAT_BPC_moonTerk/data/instances/lunar_ice_sp50_010/instance_018_logical_graph.json,,10,lunar_ice_sp50_010_018_seed729118,stageA_B4V2_default_final_judge_harvesting,,B4V2_final_judge_harvesting,true_dual_final_judge_tree_closure,B3B_representative_universe_branch_rc_audit,True,True,False,True,stage_a_solver,,16,128,31,4,1,3,129,CERTIFIED_NO_NEGATIVE,0,0,BPC_OPTIMAL,BPC_TREE_OPTIMAL,,CERTIFIED_NO_NEGATIVE,BPC_TREE_OPTIMAL,True,0.0,0,0,0,0,{},,0,0,0,,,,,,,,,1.824284,3,0,0,,,,,,,,,,,,,,,,,,False,False,False,,,,,,,False,,,,False,,,,,,,,,,,,,,,,,,,,,,,,,,,,,,,,,,,,,,,,,,,,,,,,,,,,,False,,,0,1.824284,B3 tree is closed by official node LP certificates and an integer incumbent.
A,B4.1 Stage A regression,/home/kai/work/GAT_BPC_moonTerk/data/instances/lunar_ice_sp50_010/instance_019_logical_graph.json,,10,lunar_ice_sp50_010_019_seed729039,stageA_B3B_accepted_baseline,,B3B_accepted_tree_baseline,true_dual_final_judge_tree_closure,B3B_representative_universe_branch_rc_audit,False,False,False,True,stage_a_solver,,16,128,31,4,3,4,189,CERTIFIED_NO_NEGATIVE,0,0,BPC_OPTIMAL,BPC_TREE_OPTIMAL,,CERTIFIED_NO_NEGATIVE,BPC_TREE_OPTIMAL,True,0.0,0,0,0,0,{},,0,0,0,,,,,,,,,1.459635,4,0,0,,,,,,,,,,,,,,,,,,False,False,False,,,,,,,False,,,,False,,,,,,,,,,,,,,,,,,,,,,,,,,,,,,,,,,,,,,,,,,,,,,,,,,,,,False,,,0,1.459635,B3 tree is closed by official node LP certificates and an integer incumbent.
A,B4.1 Stage A regression,/home/kai/work/GAT_BPC_moonTerk/data/instances/lunar_ice_sp50_010/instance_019_logical_graph.json,,10,lunar_ice_sp50_010_019_seed729039,stageA_B4V2_default_final_judge_harvesting,,B4V2_final_judge_harvesting,true_dual_final_judge_tree_closure,B3B_representative_universe_branch_rc_audit,True,True,False,True,stage_a_solver,,16,128,31,4,3,4,189,CERTIFIED_NO_NEGATIVE,0,0,BPC_OPTIMAL,BPC_TREE_OPTIMAL,,CERTIFIED_NO_NEGATIVE,BPC_TREE_OPTIMAL,True,0.0,0,0,0,0,{},,0,0,0,,,,,,,,,1.459499,4,0,0,,,,,,,,,,,,,,,,,,False,False,False,,,,,,,False,,,,False,,,,,,,,,,,,,,,,,,,,,,,,,,,,,,,,,,,,,,,,,,,,,,,,,,,,,False,,,0,1.459499,B3 tree is closed by official node LP certificates and an integer incumbent.
A,B4.1 Stage A regression,/home/kai/work/GAT_BPC_moonTerk/data/instances/lunar_ice_sp50_010/instance_020_logical_graph.json,,10,lunar_ice_sp50_010_020_seed729040,stageA_B3B_accepted_baseline,,B3B_accepted_tree_baseline,true_dual_final_judge_tree_closure,B3B_representative_universe_branch_rc_audit,False,False,False,True,stage_a_solver,,16,128,31,4,5,4,139,CERTIFIED_NO_NEGATIVE,0,0,BPC_OPTIMAL,BPC_TREE_OPTIMAL,,CERTIFIED_NO_NEGATIVE,BPC_TREE_OPTIMAL,True,0.0,0,0,0,0,{},,0,0,0,,,,,,,,,1.292736,4,0,0,,,,,,,,,,,,,,,,,,False,False,False,,,,,,,False,,,,False,,,,,,,,,,,,,,,,,,,,,,,,,,,,,,,,,,,,,,,,,,,,,,,,,,,,,False,,,0,1.292736,B3 tree is closed by official node LP certificates and an integer incumbent.
A,B4.1 Stage A regression,/home/kai/work/GAT_BPC_moonTerk/data/instances/lunar_ice_sp50_010/instance_020_logical_graph.json,,10,lunar_ice_sp50_010_020_seed729040,stageA_B4V2_default_final_judge_harvesting,,B4V2_final_judge_harvesting,true_dual_final_judge_tree_closure,B3B_representative_universe_branch_rc_audit,True,True,False,True,stage_a_solver,,16,128,31,4,5,4,139,CERTIFIED_NO_NEGATIVE,0,0,BPC_OPTIMAL,BPC_TREE_OPTIMAL,,CERTIFIED_NO_NEGATIVE,BPC_TREE_OPTIMAL,True,0.0,0,0,0,0,{},,0,0,0,,,,,,,,,1.31615,4,0,0,,,,,,,,,,,,,,,,,,False,False,False,,,,,,,False,,,,False,,,,,,,,,,,,,,,,,,,,,,,,,,,,,,,,,,,,,,,,,,,,,,,,,,,,,False,,,0,1.31615,B3 tree is closed by official node LP certificates and an integer incumbent.
A,B4.1 Stage A regression,/home/kai/work/GAT_BPC_moonTerk/data/instances/lunar_ice_sp50_020/instance_001_logical_graph.json,,20,lunar_ice_sp50_020_001_seed829001,stageA_B3B_accepted_baseline,,B3B_accepted_tree_baseline,true_dual_final_judge_tree_closure,B3B_representative_universe_branch_rc_audit,False,False,False,True,stage_a_solver,,16,128,31,4,1,7,531,CERTIFIED_NO_NEGATIVE,0,0,BPC_OPTIMAL,BPC_TREE_OPTIMAL,,CERTIFIED_NO_NEGATIVE,BPC_TREE_OPTIMAL,True,0.0,0,0,0,0,{},,0,0,0,,,,,,,,,14.959037,7,0,0,,,,,,,,,,,,,,,,,,False,False,False,,,,,,,False,,,,False,,,,,,,,,,,,,,,,,,,,,,,,,,,,,,,,,,,,,,,,,,,,,,,,,,,,,False,,,0,14.959037,B3 tree is closed by official node LP certificates and an integer incumbent.
A,B4.1 Stage A regression,/home/kai/work/GAT_BPC_moonTerk/data/instances/lunar_ice_sp50_020/instance_001_logical_graph.json,,20,lunar_ice_sp50_020_001_seed829001,stageA_B4V2_default_final_judge_harvesting,,B4V2_final_judge_harvesting,true_dual_final_judge_tree_closure,B3B_representative_universe_branch_rc_audit,True,True,False,True,stage_a_solver,,16,128,31,4,1,7,531,CERTIFIED_NO_NEGATIVE,0,0,BPC_OPTIMAL,BPC_TREE_OPTIMAL,,CERTIFIED_NO_NEGATIVE,BPC_TREE_OPTIMAL,True,0.0,0,0,0,0,{},,0,0,0,,,,,,,,,15.001714,7,0,0,,,,,,,,,,,,,,,,,,False,False,False,,,,,,,False,,,,False,,,,,,,,,,,,,,,,,,,,,,,,,,,,,,,,,,,,,,,,,,,,,,,,,,,,,False,,,0,15.001714,B3 tree is closed by official node LP certificates and an integer incumbent.
A,B4.1 Stage A regression,/home/kai/work/GAT_BPC_moonTerk/data/instances/lunar_ice_sp50_020/instance_002_logical_graph.json,,20,lunar_ice_sp50_020_002_seed829002,stageA_B3B_accepted_baseline,,B3B_accepted_tree_baseline,true_dual_final_judge_tree_closure,B3B_representative_universe_branch_rc_audit,False,False,False,True,stage_a_solver,,16,128,31,4,1,9,655,CERTIFIED_NO_NEGATIVE,0,0,BPC_OPTIMAL,BPC_TREE_OPTIMAL,,CERTIFIED_NO_NEGATIVE,BPC_TREE_OPTIMAL,True,0.0,0,0,0,0,{},,0,0,0,,,,,,,,,11.165041,9,0,0,,,,,,,,,,,,,,,,,,False,False,False,,,,,,,False,,,,False,,,,,,,,,,,,,,,,,,,,,,,,,,,,,,,,,,,,,,,,,,,,,,,,,,,,,False,,,0,11.165041,B3 tree is closed by official node LP certificates and an integer incumbent.
A,B4.1 Stage A regression,/home/kai/work/GAT_BPC_moonTerk/data/instances/lunar_ice_sp50_020/instance_002_logical_graph.json,,20,lunar_ice_sp50_020_002_seed829002,stageA_B4V2_default_final_judge_harvesting,,B4V2_final_judge_harvesting,true_dual_final_judge_tree_closure,B3B_representative_universe_branch_rc_audit,True,True,False,True,stage_a_solver,,16,128,31,4,1,9,655,CERTIFIED_NO_NEGATIVE,0,0,BPC_OPTIMAL,BPC_TREE_OPTIMAL,,CERTIFIED_NO_NEGATIVE,BPC_TREE_OPTIMAL,True,0.0,0,0,0,0,{},,0,0,0,,,,,,,,,11.202226,9,0,0,,,,,,,,,,,,,,,,,,False,False,False,,,,,,,False,,,,False,,,,,,,,,,,,,,,,,,,,,,,,,,,,,,,,,,,,,,,,,,,,,,,,,,,,,False,,,0,11.202226,B3 tree is closed by official node LP certificates and an integer incumbent.
A,B4.1 Stage A regression,/home/kai/work/GAT_BPC_moonTerk/data/instances/lunar_ice_sp50_020/instance_003_logical_graph.json,,20,lunar_ice_sp50_020_003_seed829003,stageA_B3B_accepted_baseline,,B3B_accepted_tree_baseline,true_dual_final_judge_tree_closure,B3B_representative_universe_branch_rc_audit,False,False,False,True,stage_a_solver,,16,128,31,4,3,10,582,CERTIFIED_NO_NEGATIVE,0,0,BPC_OPTIMAL,BPC_TREE_OPTIMAL,,CERTIFIED_NO_NEGATIVE,BPC_TREE_OPTIMAL,True,0.0,0,0,0,0,{},,0,0,0,,,,,,,,,30.554132,10,0,0,,,,,,,,,,,,,,,,,,False,False,False,,,,,,,False,,,,False,,,,,,,,,,,,,,,,,,,,,,,,,,,,,,,,,,,,,,,,,,,,,,,,,,,,,False,,,0,30.554132,B3 tree is closed by official node LP certificates and an integer incumbent.
A,B4.1 Stage A regression,/home/kai/work/GAT_BPC_moonTerk/data/instances/lunar_ice_sp50_020/instance_003_logical_graph.json,,20,lunar_ice_sp50_020_003_seed829003,stageA_B4V2_default_final_judge_harvesting,,B4V2_final_judge_harvesting,true_dual_final_judge_tree_closure,B3B_representative_universe_branch_rc_audit,True,True,False,True,stage_a_solver,,16,128,31,4,3,10,582,CERTIFIED_NO_NEGATIVE,0,0,BPC_OPTIMAL,BPC_TREE_OPTIMAL,,CERTIFIED_NO_NEGATIVE,BPC_TREE_OPTIMAL,True,0.0,0,0,0,0,{},,0,0,0,,,,,,,,,31.135625,10,0,0,,,,,,,,,,,,,,,,,,False,False,False,,,,,,,False,,,,False,,,,,,,,,,,,,,,,,,,,,,,,,,,,,,,,,,,,,,,,,,,,,,,,,,,,,False,,,0,31.135625,B3 tree is closed by official node LP certificates and an integer incumbent.
A,B4.1 Stage A regression,/home/kai/work/GAT_BPC_moonTerk/data/instances/lunar_ice_sp50_020/instance_004_logical_graph.json,,20,lunar_ice_sp50_020_004_seed829004,stageA_B3B_accepted_baseline,,B3B_accepted_tree_baseline,true_dual_final_judge_tree_closure,B3B_representative_universe_branch_rc_audit,False,False,False,True,stage_a_solver,,16,128,31,4,5,9,772,CERTIFIED_NO_NEGATIVE,0,0,BPC_OPTIMAL,BPC_TREE_OPTIMAL,,CERTIFIED_NO_NEGATIVE,BPC_TREE_OPTIMAL,True,0.0,0,0,0,0,{},,0,0,0,,,,,,,,,32.245109,9,0,0,,,,,,,,,,,,,,,,,,False,False,False,,,,,,,False,,,,False,,,,,,,,,,,,,,,,,,,,,,,,,,,,,,,,,,,,,,,,,,,,,,,,,,,,,False,,,0,32.245109,B3 tree is closed by official node LP certificates and an integer incumbent.
A,B4.1 Stage A regression,/home/kai/work/GAT_BPC_moonTerk/data/instances/lunar_ice_sp50_020/instance_004_logical_graph.json,,20,lunar_ice_sp50_020_004_seed829004,stageA_B4V2_default_final_judge_harvesting,,B4V2_final_judge_harvesting,true_dual_final_judge_tree_closure,B3B_representative_universe_branch_rc_audit,True,True,False,True,stage_a_solver,,16,128,31,4,5,9,772,CERTIFIED_NO_NEGATIVE,0,0,BPC_OPTIMAL,BPC_TREE_OPTIMAL,,CERTIFIED_NO_NEGATIVE,BPC_TREE_OPTIMAL,True,0.0,0,0,0,0,{},,0,0,0,,,,,,,,,32.181497,9,0,0,,,,,,,,,,,,,,,,,,False,False,False,,,,,,,False,,,,False,,,,,,,,,,,,,,,,,,,,,,,,,,,,,,,,,,,,,,,,,,,,,,,,,,,,,False,,,0,32.181497,B3 tree is closed by official node LP certificates and an integer incumbent.
A,B4.1 Stage A regression,/home/kai/work/GAT_BPC_moonTerk/data/instances/lunar_ice_sp50_020/instance_005_logical_graph.json,,20,lunar_ice_sp50_020_005_seed829005,stageA_B3B_accepted_baseline,,B3B_accepted_tree_baseline,true_dual_final_judge_tree_closure,B3B_representative_universe_branch_rc_audit,False,False,False,True,stage_a_solver,,16,128,31,4,1,8,772,CERTIFIED_NO_NEGATIVE,0,0,BPC_OPTIMAL,BPC_TREE_OPTIMAL,,CERTIFIED_NO_NEGATIVE,BPC_TREE_OPTIMAL,True,0.0,0,0,0,0,{},,0,0,0,,,,,,,,,29.854437,8,0,0,,,,,,,,,,,,,,,,,,False,False,False,,,,,,,False,,,,False,,,,,,,,,,,,,,,,,,,,,,,,,,,,,,,,,,,,,,,,,,,,,,,,,,,,,False,,,0,29.854437,B3 tree is closed by official node LP certificates and an integer incumbent.
A,B4.1 Stage A regression,/home/kai/work/GAT_BPC_moonTerk/data/instances/lunar_ice_sp50_020/instance_005_logical_graph.json,,20,lunar_ice_sp50_020_005_seed829005,stageA_B4V2_default_final_judge_harvesting,,B4V2_final_judge_harvesting,true_dual_final_judge_tree_closure,B3B_representative_universe_branch_rc_audit,True,True,False,True,stage_a_solver,,16,128,31,4,1,8,772,CERTIFIED_NO_NEGATIVE,0,0,BPC_OPTIMAL,BPC_TREE_OPTIMAL,,CERTIFIED_NO_NEGATIVE,BPC_TREE_OPTIMAL,True,0.0,0,0,0,0,{},,0,0,0,,,,,,,,,29.425187,8,0,0,,,,,,,,,,,,,,,,,,False,False,False,,,,,,,False,,,,False,,,,,,,,,,,,,,,,,,,,,,,,,,,,,,,,,,,,,,,,,,,,,,,,,,,,,False,,,0,29.425187,B3 tree is closed by official node LP certificates and an integer incumbent.
A,B4.1 Stage A regression,/home/kai/work/GAT_BPC_moonTerk/data/instances/lunar_ice_sp50_020/instance_006_logical_graph.json,,20,lunar_ice_sp50_020_006_seed829006,stageA_B3B_accepted_baseline,,B3B_accepted_tree_baseline,true_dual_final_judge_tree_closure,B3B_representative_universe_branch_rc_audit,False,False,False,True,stage_a_solver,,16,128,31,4,1,6,640,CERTIFIED_NO_NEGATIVE,0,0,BPC_OPTIMAL,BPC_TREE_OPTIMAL,,CERTIFIED_NO_NEGATIVE,BPC_TREE_OPTIMAL,True,0.0,0,0,0,0,{},,0,0,0,,,,,,,,,14.791038,6,0,0,,,,,,,,,,,,,,,,,,False,False,False,,,,,,,False,,,,False,,,,,,,,,,,,,,,,,,,,,,,,,,,,,,,,,,,,,,,,,,,,,,,,,,,,,False,,,0,14.791038,B3 tree is closed by official node LP certificates and an integer incumbent.
A,B4.1 Stage A regression,/home/kai/work/GAT_BPC_moonTerk/data/instances/lunar_ice_sp50_020/instance_006_logical_graph.json,,20,lunar_ice_sp50_020_006_seed829006,stageA_B4V2_default_final_judge_harvesting,,B4V2_final_judge_harvesting,true_dual_final_judge_tree_closure,B3B_representative_universe_branch_rc_audit,True,True,False,True,stage_a_solver,,16,128,31,4,1,6,640,CERTIFIED_NO_NEGATIVE,0,0,BPC_OPTIMAL,BPC_TREE_OPTIMAL,,CERTIFIED_NO_NEGATIVE,BPC_TREE_OPTIMAL,True,0.0,0,0,0,0,{},,0,0,0,,,,,,,,,15.016415,6,0,0,,,,,,,,,,,,,,,,,,False,False,False,,,,,,,False,,,,False,,,,,,,,,,,,,,,,,,,,,,,,,,,,,,,,,,,,,,,,,,,,,,,,,,,,,False,,,0,15.016415,B3 tree is closed by official node LP certificates and an integer incumbent.
A,B4.1 Stage A regression,/home/kai/work/GAT_BPC_moonTerk/data/instances/lunar_ice_sp50_020/instance_007_logical_graph.json,,20,lunar_ice_sp50_020_007_seed829027,stageA_B3B_accepted_baseline,,B3B_accepted_tree_baseline,true_dual_final_judge_tree_closure,B3B_representative_universe_branch_rc_audit,False,False,False,True,stage_a_solver,,16,128,31,4,1,7,469,CERTIFIED_NO_NEGATIVE,0,0,BPC_OPTIMAL,BPC_TREE_OPTIMAL,,CERTIFIED_NO_NEGATIVE,BPC_TREE_OPTIMAL,True,0.0,0,0,0,0,{},,0,0,0,,,,,,,,,13.098936,7,0,0,,,,,,,,,,,,,,,,,,False,False,False,,,,,,,False,,,,False,,,,,,,,,,,,,,,,,,,,,,,,,,,,,,,,,,,,,,,,,,,,,,,,,,,,,False,,,0,13.098936,B3 tree is closed by official node LP certificates and an integer incumbent.
A,B4.1 Stage A regression,/home/kai/work/GAT_BPC_moonTerk/data/instances/lunar_ice_sp50_020/instance_007_logical_graph.json,,20,lunar_ice_sp50_020_007_seed829027,stageA_B4V2_default_final_judge_harvesting,,B4V2_final_judge_harvesting,true_dual_final_judge_tree_closure,B3B_representative_universe_branch_rc_audit,True,True,False,True,stage_a_solver,,16,128,31,4,1,7,469,CERTIFIED_NO_NEGATIVE,0,0,BPC_OPTIMAL,BPC_TREE_OPTIMAL,,CERTIFIED_NO_NEGATIVE,BPC_TREE_OPTIMAL,True,0.0,0,0,0,0,{},,0,0,0,,,,,,,,,12.993377,7,0,0,,,,,,,,,,,,,,,,,,False,False,False,,,,,,,False,,,,False,,,,,,,,,,,,,,,,,,,,,,,,,,,,,,,,,,,,,,,,,,,,,,,,,,,,,False,,,0,12.993377,B3 tree is closed by official node LP certificates and an integer incumbent.
A,B4.1 Stage A regression,/home/kai/work/GAT_BPC_moonTerk/data/instances/lunar_ice_sp50_020/instance_008_logical_graph.json,,20,lunar_ice_sp50_020_008_seed829008,stageA_B3B_accepted_baseline,,B3B_accepted_tree_baseline,true_dual_final_judge_tree_closure,B3B_representative_universe_branch_rc_audit,False,False,False,True,stage_a_solver,,16,128,31,4,1,6,530,CERTIFIED_NO_NEGATIVE,0,0,BPC_OPTIMAL,BPC_TREE_OPTIMAL,,CERTIFIED_NO_NEGATIVE,BPC_TREE_OPTIMAL,True,0.0,0,0,0,0,{},,0,0,0,,,,,,,,,36.984325,6,0,0,,,,,,,,,,,,,,,,,,False,False,False,,,,,,,False,,,,False,,,,,,,,,,,,,,,,,,,,,,,,,,,,,,,,,,,,,,,,,,,,,,,,,,,,,False,,,0,36.984325,B3 tree is closed by official node LP certificates and an integer incumbent.
A,B4.1 Stage A regression,/home/kai/work/GAT_BPC_moonTerk/data/instances/lunar_ice_sp50_020/instance_008_logical_graph.json,,20,lunar_ice_sp50_020_008_seed829008,stageA_B4V2_default_final_judge_harvesting,,B4V2_final_judge_harvesting,true_dual_final_judge_tree_closure,B3B_representative_universe_branch_rc_audit,True,True,False,True,stage_a_solver,,16,128,31,4,1,6,530,CERTIFIED_NO_NEGATIVE,0,0,BPC_OPTIMAL,BPC_TREE_OPTIMAL,,CERTIFIED_NO_NEGATIVE,BPC_TREE_OPTIMAL,True,0.0,0,0,0,0,{},,0,0,0,,,,,,,,,36.834267,6,0,0,,,,,,,,,,,,,,,,,,False,False,False,,,,,,,False,,,,False,,,,,,,,,,,,,,,,,,,,,,,,,,,,,,,,,,,,,,,,,,,,,,,,,,,,,False,,,0,36.834267,B3 tree is closed by official node LP certificates and an integer incumbent.
A,B4.1 Stage A regression,/home/kai/work/GAT_BPC_moonTerk/data/instances/lunar_ice_sp50_020/instance_009_logical_graph.json,,20,lunar_ice_sp50_020_009_seed829009,stageA_B3B_accepted_baseline,,B3B_accepted_tree_baseline,true_dual_final_judge_tree_closure,B3B_representative_universe_branch_rc_audit,False,False,False,True,stage_a_solver,,16,128,31,4,3,7,627,CERTIFIED_NO_NEGATIVE,0,0,BPC_OPTIMAL,BPC_TREE_OPTIMAL,,CERTIFIED_NO_NEGATIVE,BPC_TREE_OPTIMAL,True,0.0,0,0,0,0,{},,0,0,0,,,,,,,,,25.715682,7,0,0,,,,,,,,,,,,,,,,,,False,False,False,,,,,,,False,,,,False,,,,,,,,,,,,,,,,,,,,,,,,,,,,,,,,,,,,,,,,,,,,,,,,,,,,,False,,,0,25.715682,B3 tree is closed by official node LP certificates and an integer incumbent.
A,B4.1 Stage A regression,/home/kai/work/GAT_BPC_moonTerk/data/instances/lunar_ice_sp50_020/instance_009_logical_graph.json,,20,lunar_ice_sp50_020_009_seed829009,stageA_B4V2_default_final_judge_harvesting,,B4V2_final_judge_harvesting,true_dual_final_judge_tree_closure,B3B_representative_universe_branch_rc_audit,True,True,False,True,stage_a_solver,,16,128,31,4,3,7,627,CERTIFIED_NO_NEGATIVE,0,0,BPC_OPTIMAL,BPC_TREE_OPTIMAL,,CERTIFIED_NO_NEGATIVE,BPC_TREE_OPTIMAL,True,0.0,0,0,0,0,{},,0,0,0,,,,,,,,,25.717826,7,0,0,,,,,,,,,,,,,,,,,,False,False,False,,,,,,,False,,,,False,,,,,,,,,,,,,,,,,,,,,,,,,,,,,,,,,,,,,,,,,,,,,,,,,,,,,False,,,0,25.717826,B3 tree is closed by official node LP certificates and an integer incumbent.
A,B4.1 Stage A regression,/home/kai/work/GAT_BPC_moonTerk/data/instances/lunar_ice_sp50_020/instance_010_logical_graph.json,,20,lunar_ice_sp50_020_010_seed829010,stageA_B3B_accepted_baseline,,B3B_accepted_tree_baseline,true_dual_final_judge_tree_closure,B3B_representative_universe_branch_rc_audit,False,False,False,True,stage_a_solver,,16,128,31,4,9,8,756,CERTIFIED_NO_NEGATIVE,0,0,BPC_OPTIMAL,BPC_TREE_OPTIMAL,,CERTIFIED_NO_NEGATIVE,BPC_TREE_OPTIMAL,True,0.0,0,0,0,0,{},,0,0,0,,,,,,,,,63.198143,8,0,0,,,,,,,,,,,,,,,,,,False,False,False,,,,,,,False,,,,False,,,,,,,,,,,,,,,,,,,,,,,,,,,,,,,,,,,,,,,,,,,,,,,,,,,,,False,,,0,63.198143,B3 tree is closed by official node LP certificates and an integer incumbent.
A,B4.1 Stage A regression,/home/kai/work/GAT_BPC_moonTerk/data/instances/lunar_ice_sp50_020/instance_010_logical_graph.json,,20,lunar_ice_sp50_020_010_seed829010,stageA_B4V2_default_final_judge_harvesting,,B4V2_final_judge_harvesting,true_dual_final_judge_tree_closure,B3B_representative_universe_branch_rc_audit,True,True,False,True,stage_a_solver,,16,128,31,4,9,8,756,CERTIFIED_NO_NEGATIVE,0,0,BPC_OPTIMAL,BPC_TREE_OPTIMAL,,CERTIFIED_NO_NEGATIVE,BPC_TREE_OPTIMAL,True,0.0,0,0,0,0,{},,0,0,0,,,,,,,,,63.997986,8,0,0,,,,,,,,,,,,,,,,,,False,False,False,,,,,,,False,,,,False,,,,,,,,,,,,,,,,,,,,,,,,,,,,,,,,,,,,,,,,,,,,,,,,,,,,,False,,,0,63.997986,B3 tree is closed by official node LP certificates and an integer incumbent.
A,B4.1 Stage A regression,/home/kai/work/GAT_BPC_moonTerk/data/instances/lunar_ice_sp50_020/instance_011_logical_graph.json,,20,lunar_ice_sp50_020_011_seed829011,stageA_B3B_accepted_baseline,,B3B_accepted_tree_baseline,true_dual_final_judge_tree_closure,B3B_representative_universe_branch_rc_audit,False,False,False,True,stage_a_solver,,16,128,31,4,1,6,485,CERTIFIED_NO_NEGATIVE,0,0,BPC_OPTIMAL,BPC_TREE_OPTIMAL,,CERTIFIED_NO_NEGATIVE,BPC_TREE_OPTIMAL,True,0.0,0,0,0,0,{},,0,0,0,,,,,,,,,47.631551,6,0,0,,,,,,,,,,,,,,,,,,False,False,False,,,,,,,False,,,,False,,,,,,,,,,,,,,,,,,,,,,,,,,,,,,,,,,,,,,,,,,,,,,,,,,,,,False,,,0,47.631551,B3 tree is closed by official node LP certificates and an integer incumbent.
A,B4.1 Stage A regression,/home/kai/work/GAT_BPC_moonTerk/data/instances/lunar_ice_sp50_020/instance_011_logical_graph.json,,20,lunar_ice_sp50_020_011_seed829011,stageA_B4V2_default_final_judge_harvesting,,B4V2_final_judge_harvesting,true_dual_final_judge_tree_closure,B3B_representative_universe_branch_rc_audit,True,True,False,True,stage_a_solver,,16,128,31,4,1,6,485,CERTIFIED_NO_NEGATIVE,0,0,BPC_OPTIMAL,BPC_TREE_OPTIMAL,,CERTIFIED_NO_NEGATIVE,BPC_TREE_OPTIMAL,True,0.0,0,0,0,0,{},,0,0,0,,,,,,,,,47.574107,6,0,0,,,,,,,,,,,,,,,,,,False,False,False,,,,,,,False,,,,False,,,,,,,,,,,,,,,,,,,,,,,,,,,,,,,,,,,,,,,,,,,,,,,,,,,,,False,,,0,47.574107,B3 tree is closed by official node LP certificates and an integer incumbent.
A,B4.1 Stage A regression,/home/kai/work/GAT_BPC_moonTerk/data/instances/lunar_ice_sp50_020/instance_012_logical_graph.json,,20,lunar_ice_sp50_020_012_seed829012,stageA_B3B_accepted_baseline,,B3B_accepted_tree_baseline,true_dual_final_judge_tree_closure,B3B_representative_universe_branch_rc_audit,False,False,False,True,stage_a_solver,,16,128,31,4,13,9,656,CERTIFIED_NO_NEGATIVE,0,0,BPC_OPTIMAL,BPC_TREE_OPTIMAL,,CERTIFIED_NO_NEGATIVE,BPC_TREE_OPTIMAL,True,0.0,0,0,0,0,{},,0,0,0,,,,,,,,,76.077869,9,0,0,,,,,,,,,,,,,,,,,,False,False,False,,,,,,,False,,,,False,,,,,,,,,,,,,,,,,,,,,,,,,,,,,,,,,,,,,,,,,,,,,,,,,,,,,False,,,0,76.077869,B3 tree is closed by official node LP certificates and an integer incumbent.
A,B4.1 Stage A regression,/home/kai/work/GAT_BPC_moonTerk/data/instances/lunar_ice_sp50_020/instance_012_logical_graph.json,,20,lunar_ice_sp50_020_012_seed829012,stageA_B4V2_default_final_judge_harvesting,,B4V2_final_judge_harvesting,true_dual_final_judge_tree_closure,B3B_representative_universe_branch_rc_audit,True,True,False,True,stage_a_solver,,16,128,31,4,13,9,656,CERTIFIED_NO_NEGATIVE,0,0,BPC_OPTIMAL,BPC_TREE_OPTIMAL,,CERTIFIED_NO_NEGATIVE,BPC_TREE_OPTIMAL,True,0.0,0,0,0,0,{},,0,0,0,,,,,,,,,77.898948,9,0,0,,,,,,,,,,,,,,,,,,False,False,False,,,,,,,False,,,,False,,,,,,,,,,,,,,,,,,,,,,,,,,,,,,,,,,,,,,,,,,,,,,,,,,,,,False,,,0,77.898948,B3 tree is closed by official node LP certificates and an integer incumbent.
A,B4.1 Stage A regression,/home/kai/work/GAT_BPC_moonTerk/data/instances/lunar_ice_sp50_020/instance_013_logical_graph.json,,20,lunar_ice_sp50_020_013_seed829013,stageA_B3B_accepted_baseline,,B3B_accepted_tree_baseline,true_dual_final_judge_tree_closure,B3B_representative_universe_branch_rc_audit,False,False,False,True,stage_a_solver,,16,128,31,4,1,9,789,CERTIFIED_NO_NEGATIVE,0,0,BPC_OPTIMAL,BPC_TREE_OPTIMAL,,CERTIFIED_NO_NEGATIVE,BPC_TREE_OPTIMAL,True,0.0,0,0,0,0,{},,0,0,0,,,,,,,,,33.28005,9,0,0,,,,,,,,,,,,,,,,,,False,False,False,,,,,,,False,,,,False,,,,,,,,,,,,,,,,,,,,,,,,,,,,,,,,,,,,,,,,,,,,,,,,,,,,,False,,,0,33.28005,B3 tree is closed by official node LP certificates and an integer incumbent.
A,B4.1 Stage A regression,/home/kai/work/GAT_BPC_moonTerk/data/instances/lunar_ice_sp50_020/instance_013_logical_graph.json,,20,lunar_ice_sp50_020_013_seed829013,stageA_B4V2_default_final_judge_harvesting,,B4V2_final_judge_harvesting,true_dual_final_judge_tree_closure,B3B_representative_universe_branch_rc_audit,True,True,False,True,stage_a_solver,,16,128,31,4,1,9,789,CERTIFIED_NO_NEGATIVE,0,0,BPC_OPTIMAL,BPC_TREE_OPTIMAL,,CERTIFIED_NO_NEGATIVE,BPC_TREE_OPTIMAL,True,0.0,0,0,0,0,{},,0,0,0,,,,,,,,,33.101691,9,0,0,,,,,,,,,,,,,,,,,,False,False,False,,,,,,,False,,,,False,,,,,,,,,,,,,,,,,,,,,,,,,,,,,,,,,,,,,,,,,,,,,,,,,,,,,False,,,0,33.101691,B3 tree is closed by official node LP certificates and an integer incumbent.
A,B4.1 Stage A regression,/home/kai/work/GAT_BPC_moonTerk/data/instances/lunar_ice_sp50_020/instance_014_logical_graph.json,,20,lunar_ice_sp50_020_014_seed829014,stageA_B3B_accepted_baseline,,B3B_accepted_tree_baseline,true_dual_final_judge_tree_closure,B3B_representative_universe_branch_rc_audit,False,False,False,True,stage_a_solver,,16,128,31,4,1,9,746,CERTIFIED_NO_NEGATIVE,0,0,BPC_OPTIMAL,BPC_TREE_OPTIMAL,,CERTIFIED_NO_NEGATIVE,BPC_TREE_OPTIMAL,True,0.0,0,0,0,0,{},,0,0,0,,,,,,,,,33.570806,9,0,0,,,,,,,,,,,,,,,,,,False,False,False,,,,,,,False,,,,False,,,,,,,,,,,,,,,,,,,,,,,,,,,,,,,,,,,,,,,,,,,,,,,,,,,,,False,,,0,33.570806,B3 tree is closed by official node LP certificates and an integer incumbent.
A,B4.1 Stage A regression,/home/kai/work/GAT_BPC_moonTerk/data/instances/lunar_ice_sp50_020/instance_014_logical_graph.json,,20,lunar_ice_sp50_020_014_seed829014,stageA_B4V2_default_final_judge_harvesting,,B4V2_final_judge_harvesting,true_dual_final_judge_tree_closure,B3B_representative_universe_branch_rc_audit,True,True,False,True,stage_a_solver,,16,128,31,4,1,9,746,CERTIFIED_NO_NEGATIVE,0,0,BPC_OPTIMAL,BPC_TREE_OPTIMAL,,CERTIFIED_NO_NEGATIVE,BPC_TREE_OPTIMAL,True,0.0,0,0,0,0,{},,0,0,0,,,,,,,,,34.029233,9,0,0,,,,,,,,,,,,,,,,,,False,False,False,,,,,,,False,,,,False,,,,,,,,,,,,,,,,,,,,,,,,,,,,,,,,,,,,,,,,,,,,,,,,,,,,,False,,,0,34.029233,B3 tree is closed by official node LP certificates and an integer incumbent.
A,B4.1 Stage A regression,/home/kai/work/GAT_BPC_moonTerk/data/instances/lunar_ice_sp50_020/instance_015_logical_graph.json,,20,lunar_ice_sp50_020_015_seed829015,stageA_B3B_accepted_baseline,,B3B_accepted_tree_baseline,true_dual_final_judge_tree_closure,B3B_representative_universe_branch_rc_audit,False,False,False,True,stage_a_solver,,16,128,31,4,5,9,706,CERTIFIED_NO_NEGATIVE,0,0,BPC_OPTIMAL,BPC_TREE_OPTIMAL,,CERTIFIED_NO_NEGATIVE,BPC_TREE_OPTIMAL,True,0.0,0,0,0,0,{},,0,0,0,,,,,,,,,60.971928,9,0,0,,,,,,,,,,,,,,,,,,False,False,False,,,,,,,False,,,,False,,,,,,,,,,,,,,,,,,,,,,,,,,,,,,,,,,,,,,,,,,,,,,,,,,,,,False,,,0,60.971928,B3 tree is closed by official node LP certificates and an integer incumbent.
A,B4.1 Stage A regression,/home/kai/work/GAT_BPC_moonTerk/data/instances/lunar_ice_sp50_020/instance_015_logical_graph.json,,20,lunar_ice_sp50_020_015_seed829015,stageA_B4V2_default_final_judge_harvesting,,B4V2_final_judge_harvesting,true_dual_final_judge_tree_closure,B3B_representative_universe_branch_rc_audit,True,True,False,True,stage_a_solver,,16,128,31,4,5,9,706,CERTIFIED_NO_NEGATIVE,0,0,BPC_OPTIMAL,BPC_TREE_OPTIMAL,,CERTIFIED_NO_NEGATIVE,BPC_TREE_OPTIMAL,True,0.0,0,0,0,0,{},,0,0,0,,,,,,,,,61.073481,9,0,0,,,,,,,,,,,,,,,,,,False,False,False,,,,,,,False,,,,False,,,,,,,,,,,,,,,,,,,,,,,,,,,,,,,,,,,,,,,,,,,,,,,,,,,,,False,,,0,61.073481,B3 tree is closed by official node LP certificates and an integer incumbent.
A,B4.1 Stage A regression,/home/kai/work/GAT_BPC_moonTerk/data/instances/lunar_ice_sp50_020/instance_016_logical_graph.json,,20,lunar_ice_sp50_020_016_seed829016,stageA_B3B_accepted_baseline,,B3B_accepted_tree_baseline,true_dual_final_judge_tree_closure,B3B_representative_universe_branch_rc_audit,False,False,False,True,stage_a_solver,,16,128,31,4,15,7,522,CERTIFIED_NO_NEGATIVE,0,0,BPC_OPTIMAL,BPC_TREE_OPTIMAL,,CERTIFIED_NO_NEGATIVE,BPC_TREE_OPTIMAL,True,0.0,0,0,0,0,{},,0,0,0,,,,,,,,,52.534082,7,0,0,,,,,,,,,,,,,,,,,,False,False,False,,,,,,,False,,,,False,,,,,,,,,,,,,,,,,,,,,,,,,,,,,,,,,,,,,,,,,,,,,,,,,,,,,False,,,0,52.534082,B3 tree is closed by official node LP certificates and an integer incumbent.
A,B4.1 Stage A regression,/home/kai/work/GAT_BPC_moonTerk/data/instances/lunar_ice_sp50_020/instance_016_logical_graph.json,,20,lunar_ice_sp50_020_016_seed829016,stageA_B4V2_default_final_judge_harvesting,,B4V2_final_judge_harvesting,true_dual_final_judge_tree_closure,B3B_representative_universe_branch_rc_audit,True,True,False,True,stage_a_solver,,16,128,31,4,15,7,522,CERTIFIED_NO_NEGATIVE,0,0,BPC_OPTIMAL,BPC_TREE_OPTIMAL,,CERTIFIED_NO_NEGATIVE,BPC_TREE_OPTIMAL,True,0.0,0,0,0,0,{},,0,0,0,,,,,,,,,53.777629,7,0,0,,,,,,,,,,,,,,,,,,False,False,False,,,,,,,False,,,,False,,,,,,,,,,,,,,,,,,,,,,,,,,,,,,,,,,,,,,,,,,,,,,,,,,,,,False,,,0,53.777629,B3 tree is closed by official node LP certificates and an integer incumbent.
A,B4.1 Stage A regression,/home/kai/work/GAT_BPC_moonTerk/data/instances/lunar_ice_sp50_020/instance_017_logical_graph.json,,20,lunar_ice_sp50_020_017_seed829017,stageA_B3B_accepted_baseline,,B3B_accepted_tree_baseline,true_dual_final_judge_tree_closure,B3B_representative_universe_branch_rc_audit,False,False,False,True,stage_a_solver,,16,128,31,4,5,7,589,CERTIFIED_NO_NEGATIVE,0,0,BPC_OPTIMAL,BPC_TREE_OPTIMAL,,CERTIFIED_NO_NEGATIVE,BPC_TREE_OPTIMAL,True,0.0,0,0,0,0,{},,0,0,0,,,,,,,,,59.041258,7,0,0,,,,,,,,,,,,,,,,,,False,False,False,,,,,,,False,,,,False,,,,,,,,,,,,,,,,,,,,,,,,,,,,,,,,,,,,,,,,,,,,,,,,,,,,,False,,,0,59.041258,B3 tree is closed by official node LP certificates and an integer incumbent.
A,B4.1 Stage A regression,/home/kai/work/GAT_BPC_moonTerk/data/instances/lunar_ice_sp50_020/instance_017_logical_graph.json,,20,lunar_ice_sp50_020_017_seed829017,stageA_B4V2_default_final_judge_harvesting,,B4V2_final_judge_harvesting,true_dual_final_judge_tree_closure,B3B_representative_universe_branch_rc_audit,True,True,False,True,stage_a_solver,,16,128,31,4,5,7,589,CERTIFIED_NO_NEGATIVE,0,0,BPC_OPTIMAL,BPC_TREE_OPTIMAL,,CERTIFIED_NO_NEGATIVE,BPC_TREE_OPTIMAL,True,0.0,0,0,0,0,{},,0,0,0,,,,,,,,,58.351729,7,0,0,,,,,,,,,,,,,,,,,,False,False,False,,,,,,,False,,,,False,,,,,,,,,,,,,,,,,,,,,,,,,,,,,,,,,,,,,,,,,,,,,,,,,,,,,False,,,0,58.351729,B3 tree is closed by official node LP certificates and an integer incumbent.
A,B4.1 Stage A regression,/home/kai/work/GAT_BPC_moonTerk/data/instances/lunar_ice_sp50_020/instance_018_logical_graph.json,,20,lunar_ice_sp50_020_018_seed829018,stageA_B3B_accepted_baseline,,B3B_accepted_tree_baseline,true_dual_final_judge_tree_closure,B3B_representative_universe_branch_rc_audit,False,False,False,True,stage_a_solver,,16,128,31,4,1,8,549,CERTIFIED_NO_NEGATIVE,0,0,BPC_OPTIMAL,BPC_TREE_OPTIMAL,,CERTIFIED_NO_NEGATIVE,BPC_TREE_OPTIMAL,True,0.0,0,0,0,0,{},,0,0,0,,,,,,,,,21.016161,8,0,0,,,,,,,,,,,,,,,,,,False,False,False,,,,,,,False,,,,False,,,,,,,,,,,,,,,,,,,,,,,,,,,,,,,,,,,,,,,,,,,,,,,,,,,,,False,,,0,21.016161,B3 tree is closed by official node LP certificates and an integer incumbent.
A,B4.1 Stage A regression,/home/kai/work/GAT_BPC_moonTerk/data/instances/lunar_ice_sp50_020/instance_018_logical_graph.json,,20,lunar_ice_sp50_020_018_seed829018,stageA_B4V2_default_final_judge_harvesting,,B4V2_final_judge_harvesting,true_dual_final_judge_tree_closure,B3B_representative_universe_branch_rc_audit,True,True,False,True,stage_a_solver,,16,128,31,4,1,8,549,CERTIFIED_NO_NEGATIVE,0,0,BPC_OPTIMAL,BPC_TREE_OPTIMAL,,CERTIFIED_NO_NEGATIVE,BPC_TREE_OPTIMAL,True,0.0,0,0,0,0,{},,0,0,0,,,,,,,,,20.747824,8,0,0,,,,,,,,,,,,,,,,,,False,False,False,,,,,,,False,,,,False,,,,,,,,,,,,,,,,,,,,,,,,,,,,,,,,,,,,,,,,,,,,,,,,,,,,,False,,,0,20.747824,B3 tree is closed by official node LP certificates and an integer incumbent.
A,B4.1 Stage A regression,/home/kai/work/GAT_BPC_moonTerk/data/instances/lunar_ice_sp50_020/instance_019_logical_graph.json,,20,lunar_ice_sp50_020_019_seed829019,stageA_B3B_accepted_baseline,,B3B_accepted_tree_baseline,true_dual_final_judge_tree_closure,B3B_representative_universe_branch_rc_audit,False,False,False,True,stage_a_solver,,16,128,31,4,3,7,493,CERTIFIED_NO_NEGATIVE,0,0,BPC_OPTIMAL,BPC_TREE_OPTIMAL,,CERTIFIED_NO_NEGATIVE,BPC_TREE_OPTIMAL,True,0.0,0,0,0,0,{},,0,0,0,,,,,,,,,24.564168,7,0,0,,,,,,,,,,,,,,,,,,False,False,False,,,,,,,False,,,,False,,,,,,,,,,,,,,,,,,,,,,,,,,,,,,,,,,,,,,,,,,,,,,,,,,,,,False,,,0,24.564168,B3 tree is closed by official node LP certificates and an integer incumbent.
A,B4.1 Stage A regression,/home/kai/work/GAT_BPC_moonTerk/data/instances/lunar_ice_sp50_020/instance_019_logical_graph.json,,20,lunar_ice_sp50_020_019_seed829019,stageA_B4V2_default_final_judge_harvesting,,B4V2_final_judge_harvesting,true_dual_final_judge_tree_closure,B3B_representative_universe_branch_rc_audit,True,True,False,True,stage_a_solver,,16,128,31,4,3,7,493,CERTIFIED_NO_NEGATIVE,0,0,BPC_OPTIMAL,BPC_TREE_OPTIMAL,,CERTIFIED_NO_NEGATIVE,BPC_TREE_OPTIMAL,True,0.0,0,0,0,0,{},,0,0,0,,,,,,,,,24.849836,7,0,0,,,,,,,,,,,,,,,,,,False,False,False,,,,,,,False,,,,False,,,,,,,,,,,,,,,,,,,,,,,,,,,,,,,,,,,,,,,,,,,,,,,,,,,,,False,,,0,24.849836,B3 tree is closed by official node LP certificates and an integer incumbent.
A,B4.1 Stage A regression,/home/kai/work/GAT_BPC_moonTerk/data/instances/lunar_ice_sp50_020/instance_020_logical_graph.json,,20,lunar_ice_sp50_020_020_seed829020,stageA_B3B_accepted_baseline,,B3B_accepted_tree_baseline,true_dual_final_judge_tree_closure,B3B_representative_universe_branch_rc_audit,False,False,False,True,stage_a_solver,,16,128,31,4,1,7,564,CERTIFIED_NO_NEGATIVE,0,0,BPC_OPTIMAL,BPC_TREE_OPTIMAL,,CERTIFIED_NO_NEGATIVE,BPC_TREE_OPTIMAL,True,0.0,0,0,0,0,{},,0,0,0,,,,,,,,,15.174346,7,0,0,,,,,,,,,,,,,,,,,,False,False,False,,,,,,,False,,,,False,,,,,,,,,,,,,,,,,,,,,,,,,,,,,,,,,,,,,,,,,,,,,,,,,,,,,False,,,0,15.174346,B3 tree is closed by official node LP certificates and an integer incumbent.
A,B4.1 Stage A regression,/home/kai/work/GAT_BPC_moonTerk/data/instances/lunar_ice_sp50_020/instance_020_logical_graph.json,,20,lunar_ice_sp50_020_020_seed829020,stageA_B4V2_default_final_judge_harvesting,,B4V2_final_judge_harvesting,true_dual_final_judge_tree_closure,B3B_representative_universe_branch_rc_audit,True,True,False,True,stage_a_solver,,16,128,31,4,1,7,564,CERTIFIED_NO_NEGATIVE,0,0,BPC_OPTIMAL,BPC_TREE_OPTIMAL,,CERTIFIED_NO_NEGATIVE,BPC_TREE_OPTIMAL,True,0.0,0,0,0,0,{},,0,0,0,,,,,,,,,15.18926,7,0,0,,,,,,,,,,,,,,,,,,False,False,False,,,,,,,False,,,,False,,,,,,,,,,,,,,,,,,,,,,,,,,,,,,,,,,,,,,,,,,,,,,,,,,,,,False,,,0,15.18926,B3 tree is closed by official node LP certificates and an integer incumbent.
A,B4.1 Stage A regression,/home/kai/work/GAT_BPC_moonTerk/data/instances/lunar_ice_sp50_005/instance_001_logical_graph.json,,5,lunar_ice_sp50_005_001_seed679001,stageA_B2B_R2_worker_tail_dual_on,,B2B_R2_worker_tail_dual_on,worker_candidate_search_tail_dual_diagnostic,B3B_representative_universe_branch_rc_audit,False,True,False,False,stage_a_solver,,1,32,31,4,0,0,0,,0,0,BPC_INCOMPLETE_PRICING,DIAGNOSTIC_PRICING_FRONTIER,,INCOMPLETE_LIMIT,NOT_SOLVED,False,0.0,0,0,0,0,{},,0,0,0,,,7,,,,,,0.067854,0,7,18,,,11,11,,,,0.438095238,,,,,,,,,,True,True,True,tail_dual_stabilized_worker_dual,current_true_rmp_dual,0.7,5,5,5,False,,,,False,,,,,,,,,,,False,,False,,False,,,,,,,,,,,False,,,False,,,,,,,,,False,,,False,False,False,,,,False,False,False,,7,,False,,,0,0.067854,Stopped after max_rounds=1; B2B_R2_worker_before_final_judge worker/final-judge root proof is incomplete.
B,B4.1 Stage B 30-scale staged frontier,,/home/kai/work/GAT_BPC_moonTerk/runs/objective_normalized_cost_risk_completion_full/compact_pricing_replay_plus57_stage001_round3_negative_feas_mtz_endpoint_pair_600s/plus57_stage001_plus_replay_probe.json,,lunar_ice_sp50_030_001_seed929001,B4.1_compact_pricing_formulation,V2_latest_service_start_slot_bound,,,,,,,,negative_feasibility,3,,,,,,,,,,,COMPACT_HIGHS_PRICING_TIME_LIMIT_REACHED,DIAGNOSTIC_PRICING_FRONTIER,DIAGNOSTIC_PRICING_FRONTIER,,NOT_SOLVED,False,,0,0,0,,{},,0,0,0,,,,,,,,,59.162761,3,,,,,,,,,,,,,,,,,,,,False,False,False,,,,,,,False,-0.488480363,-0.488480363,False,False,False,1,1,,,FRONTIER_BOUND_INCOMPLETE,FRONTIER_BOUND_INCOMPLETE,,,,,,,,,,,,,,,,,,,,,,,,,,,,,,,,,,,,,,,,,,,-0.488480363,0,0,False,False,False,0,59.162761,
B,B4.1 Stage B 30-scale staged frontier,,/home/kai/work/GAT_BPC_moonTerk/runs/objective_normalized_cost_risk_completion_full/compact_pricing_replay_plus57_stage001_round3_negative_feas_mtz_endpoint_pair_600s/plus57_stage001_plus_replay_probe.json,,lunar_ice_sp50_030_001_seed929001,B4.1_compact_pricing_formulation,V2_latest_service_start_slot_bound,,,,,,,,optimization_proof,3,,,,,,,,,,,COMPACT_HIGHS_PRICING_TIME_LIMIT_REACHED,DIAGNOSTIC_PRICING_FRONTIER,DIAGNOSTIC_PRICING_FRONTIER,,NOT_SOLVED,False,,0,0,0,,{},,0,0,0,,,,,,,,0.002707375,57.724054,3,,,,,,,,,,,,,,,,,,,,False,False,False,,,,,,,False,-0.432157206,-0.432157206,False,False,False,1,1,0.002707375,0.002707375,FRONTIER_BOUND_INCOMPLETE,FRONTIER_BOUND_INCOMPLETE,,,,,,,,,,,,,,,,,,,,,,,,,,,,,,,,,,,,,,,,,,,-0.432157206,0,0,False,False,False,0,57.724054,
B,B4.1 Stage B 30-scale staged frontier,,/home/kai/work/GAT_BPC_moonTerk/runs/objective_normalized_cost_risk_completion_full/compact_pricing_replay_plus57_stage001_round3_negative_feas_mtz_endpoint_pair_600s/plus57_stage001_plus_replay_probe.json,,lunar_ice_sp50_030_001_seed929001,B4.1_compact_pricing_formulation,V4_combined_endpoint_pair_latest_start_time_window,,,,,,,,negative_feasibility,3,,,,,,,,,,,COMPACT_HIGHS_PRICING_TIME_LIMIT_REACHED,DIAGNOSTIC_PRICING_FRONTIER,DIAGNOSTIC_PRICING_FRONTIER,,NOT_SOLVED,False,,0,0,0,,{},,0,0,0,,,,,,,,,53.556298,3,,,,,,,,,,,,,,,,,,,,False,False,False,,,,,,,False,-0.355313298,-0.355313298,False,False,False,1,1,,,FRONTIER_BOUND_INCOMPLETE,FRONTIER_BOUND_INCOMPLETE,,,,,,,,,,,,,,,,,,,,,,,,,,,,,,,,,,,,,,,,,,,-0.355313298,0,0,False,False,False,0,53.556298,
B,B4.1 Stage B 30-scale staged frontier,,/home/kai/work/GAT_BPC_moonTerk/runs/objective_normalized_cost_risk_completion_full/compact_pricing_replay_plus57_stage001_round3_negative_feas_mtz_endpoint_pair_600s/plus57_stage001_plus_replay_probe.json,,lunar_ice_sp50_030_001_seed929001,B4.1_compact_pricing_formulation,V4_combined_endpoint_pair_latest_start_time_window,,,,,,,,optimization_proof,3,,,,,,,,,,,COMPACT_HIGHS_PRICING_TIME_LIMIT_REACHED,DIAGNOSTIC_PRICING_FRONTIER,DIAGNOSTIC_PRICING_FRONTIER,,NOT_SOLVED,False,,0,0,0,,{},,0,0,0,,,,,,,,0.005458125,53.664631,3,,,,,,,,,,,,,,,,,,,,False,False,False,,,,,,,False,-0.198360699,-0.198360699,False,False,False,1,1,0.005458125,0.005458125,FRONTIER_BOUND_INCOMPLETE,FRONTIER_BOUND_INCOMPLETE,,,,,,,,,,,,,,,,,,,,,,,,,,,,,,,,,,,,,,,,,,,-0.198360699,0,0,False,False,False,0,53.664631,
B,B4.1 Stage B 30-scale existing final-judge harvest evidence,,runs/b4_1_true_dual_proof_tail_stage_c_selected30_input_probes/instance_001/stage_001/probe.json,,lunar_ice_sp50_030_001_seed929001,B4.1_probe_final_judge_evidence,V2_latest_service_start_slot_bound,B4V2_frontier_ledger_diagnostic,true_dual_final_judge_probe_evidence,B4V2_latest_start_only,True,False,True,False,probe_final_judge_evidence,3,,,,,,,,,,,COMPACT_HIGHS_PRICING_BATCH_FOUND_NEGATIVE,DIAGNOSTIC_PRICING_FRONTIER,DIAGNOSTIC_PRICING_FRONTIER,,NOT_SOLVED,False,,0,0,0,,{},,0,0,0,,,,,1,0,-0.272798,-0.272798,59.762075,3,1,1,1,0,0,0,,-0.272798,-0.272798,,,,,,,True,,,,False,False,False,,,,,,,False,,,False,False,False,1,1,-0.272798,-0.272798,FRONTIER_BOUND_INCOMPLETE,FRONTIER_BOUND_INCOMPLETE,,,,False,,False,,False,,,,,,,,,,,False,,,False,,,,,,,,,False,,,False,False,False,,,,False,False,False,,,1,False,False,False,0,59.762075,
B,B4.1 Stage B 30-scale staged frontier,,/home/kai/work/GAT_BPC_moonTerk/runs/b4_1_true_dual_proof_tail_stage_b_30_worker_tail_hidden_probe/stage_b_worker_tail_hidden_negative/instance_001_logical_graph_b2_worker_tail_probe.json,,lunar_ice_sp50_030_001_seed929001,B4.1_worker_tail_hidden_negative_evidence,V2_latest_service_start_slot_bound,B4V2_hidden_negative_audit,worker_tail_hidden_negative_audit_diagnostic,B4V2_latest_start_only,False,True,True,False,worker_tail_hidden_negative_evidence,2,,,,,,,,,,,BPC_INCOMPLETE_PRICING,DIAGNOSTIC_PRICING_FRONTIER,DIAGNOSTIC_PRICING_FRONTIER,,NOT_SOLVED,False,,0,0,0,0,{},,0,0,0,,,,,14,2,-0.38047,-0.38047,3.102362,2,16,16,14,2,2,0,,-0.38047,-0.0700505,0.138645833,,,,,,,,,,False,False,False,,,,,,,False,,,False,False,False,1,1,,,FRONTIER_BOUND_INCOMPLETE,FRONTIER_BOUND_INCOMPLETE,B4V2,B4V2_latest_start_only,harvest_then_proof,False,,False,,False,,,,,,,,,,,False,,,False,,,,,,,,,False,,,False,False,False,,,,False,False,False,,,0,False,False,False,0,3.102362,NO_HIDDEN_NEGATIVE
C,B4.1 Stage C 30-scale selected diagnostic,,/home/kai/work/GAT_BPC_moonTerk/runs/b4_1_true_dual_proof_tail_stage_c_selected30_input_probes/instance_001/stage_001/probe.json,,lunar_ice_sp50_030_001_seed929001,B4.1_selected_30_diagnostic,V4_combined_endpoint_pair_latest_start_time_window,B4V4_combined_formulation_diagnostic,compact_pricing_frontier_ledger_diagnostic,B4V4_endpoint_pair_latest_start_time_window,False,False,True,False,negative_feasibility,3,,,,,,,,,,,COMPACT_HIGHS_PRICING_TIME_LIMIT_REACHED,DIAGNOSTIC_PRICING_FRONTIER,DIAGNOSTIC_PRICING_FRONTIER,,NOT_SOLVED,False,,0,0,0,,{},,0,0,0,,,,,,,-0.30057,-0.30057,53.688443,3,,,,,,,,,,,,,,,,,,,,False,False,False,,,,,,,False,-0.894535244,-0.894535244,False,False,False,1,1,-0.30057,-0.30057,FRONTIER_BOUND_INCOMPLETE,FRONTIER_BOUND_INCOMPLETE,,,,,,,,,,,,,,,,,,,,,,,,,,,,,,,,,,,,,,,,,,,-0.894535244,1,1,False,False,False,0,53.688443,
C,B4.1 Stage C 30-scale selected diagnostic,,/home/kai/work/GAT_BPC_moonTerk/runs/b4_1_true_dual_proof_tail_stage_c_selected30_input_probes/instance_001/stage_001/probe.json,,lunar_ice_sp50_030_001_seed929001,B4.1_selected_30_diagnostic,V4_combined_endpoint_pair_latest_start_time_window,B4V4_combined_formulation_diagnostic,compact_pricing_frontier_ledger_diagnostic,B4V4_endpoint_pair_latest_start_time_window,False,False,True,False,optimization_proof,3,,,,,,,,,,,COMPACT_HIGHS_PRICING_TIME_LIMIT_REACHED,DIAGNOSTIC_PRICING_FRONTIER,DIAGNOSTIC_PRICING_FRONTIER,,NOT_SOLVED,False,,0,0,0,,{},,0,0,0,,,,,,,-0.5269085,-0.5269085,57.103192,3,,,,,,,,,,,,,,,,,,,,False,False,False,,,,,,,False,-0.891977561,-0.891977561,False,False,False,1,1,-0.5269085,-0.5269085,FRONTIER_BOUND_INCOMPLETE,FRONTIER_BOUND_INCOMPLETE,,,,,,,,,,,,,,,,,,,,,,,,,,,,,,,,,,,,,,,,,,,-0.891977561,1,1,False,False,False,0,57.103192,
C,B4.1 Stage C 30-scale selected diagnostic,,/home/kai/work/GAT_BPC_moonTerk/runs/b4_1_true_dual_proof_tail_stage_c_selected30_input_probes/instance_002/stage_001/probe.json,,lunar_ice_sp50_030_002_seed929002,B4.1_selected_30_diagnostic,V4_combined_endpoint_pair_latest_start_time_window,B4V4_combined_formulation_diagnostic,compact_pricing_frontier_ledger_diagnostic,B4V4_endpoint_pair_latest_start_time_window,False,False,True,False,negative_feasibility,2,,,,,,,,,,,COMPACT_HIGHS_PRICING_TIME_LIMIT_REACHED,DIAGNOSTIC_PRICING_FRONTIER,DIAGNOSTIC_PRICING_FRONTIER,,NOT_SOLVED,False,,0,0,0,,{},,0,0,0,,,,,,,-0.253934,-0.253934,57.134417,2,,,,,,,,,,,,,,,,,,,,False,False,False,,,,,,,False,-1.033680555,-1.033680555,False,False,False,1,1,-0.253934,-0.253934,FRONTIER_BOUND_INCOMPLETE,FRONTIER_BOUND_INCOMPLETE,,,,,,,,,,,,,,,,,,,,,,,,,,,,,,,,,,,,,,,,,,,-1.033680555,1,1,False,False,False,0,57.134417,
C,B4.1 Stage C 30-scale selected diagnostic,,/home/kai/work/GAT_BPC_moonTerk/runs/b4_1_true_dual_proof_tail_stage_c_selected30_input_probes/instance_002/stage_001/probe.json,,lunar_ice_sp50_030_002_seed929002,B4.1_selected_30_diagnostic,V4_combined_endpoint_pair_latest_start_time_window,B4V4_combined_formulation_diagnostic,compact_pricing_frontier_ledger_diagnostic,B4V4_endpoint_pair_latest_start_time_window,False,False,True,False,optimization_proof,2,,,,,,,,,,,COMPACT_HIGHS_PRICING_TIME_LIMIT_REACHED,DIAGNOSTIC_PRICING_FRONTIER,DIAGNOSTIC_PRICING_FRONTIER,,NOT_SOLVED,False,,0,0,0,,{},,0,0,0,,,,,,,-0.253934,-0.253934,53.651465,2,,,,,,,,,,,,,,,,,,,,False,False,False,,,,,,,False,-1.092151812,-1.092151812,False,False,False,1,1,-0.253934,-0.253934,FRONTIER_BOUND_INCOMPLETE,FRONTIER_BOUND_INCOMPLETE,,,,,,,,,,,,,,,,,,,,,,,,,,,,,,,,,,,,,,,,,,,-1.092151812,1,1,False,False,False,0,53.651465,
C,B4.1 Stage C 30-scale selected diagnostic,,/home/kai/work/GAT_BPC_moonTerk/runs/b4_1_true_dual_proof_tail_stage_c_selected30_input_probes/instance_003/stage_001/probe.json,,lunar_ice_sp50_030_003_seed929003,B4.1_selected_30_diagnostic,V4_combined_endpoint_pair_latest_start_time_window,B4V4_combined_formulation_diagnostic,compact_pricing_frontier_ledger_diagnostic,B4V4_endpoint_pair_latest_start_time_window,False,False,True,False,negative_feasibility,3,,,,,,,,,,,COMPACT_HIGHS_PRICING_TIME_LIMIT_REACHED,DIAGNOSTIC_PRICING_FRONTIER,DIAGNOSTIC_PRICING_FRONTIER,,NOT_SOLVED,False,,0,0,0,,{},,0,0,0,,,,,,,-0.511740666,-0.511740666,53.498973,3,,,,,,,,,,,,,,,,,,,,False,False,False,,,,,,,False,-0.790056906,-0.790056906,False,False,False,1,1,-0.511740666,-0.511740666,FRONTIER_BOUND_INCOMPLETE,FRONTIER_BOUND_INCOMPLETE,,,,,,,,,,,,,,,,,,,,,,,,,,,,,,,,,,,,,,,,,,,-0.790056906,1,1,False,False,False,0,53.498973,
C,B4.1 Stage C 30-scale selected diagnostic,,/home/kai/work/GAT_BPC_moonTerk/runs/b4_1_true_dual_proof_tail_stage_c_selected30_input_probes/instance_003/stage_001/probe.json,,lunar_ice_sp50_030_003_seed929003,B4.1_selected_30_diagnostic,V4_combined_endpoint_pair_latest_start_time_window,B4V4_combined_formulation_diagnostic,compact_pricing_frontier_ledger_diagnostic,B4V4_endpoint_pair_latest_start_time_window,False,False,True,False,optimization_proof,3,,,,,,,,,,,COMPACT_HIGHS_PRICING_TIME_LIMIT_REACHED,DIAGNOSTIC_PRICING_FRONTIER,DIAGNOSTIC_PRICING_FRONTIER,,NOT_SOLVED,False,,0,0,0,,{},,0,0,0,,,,,,,-0.511740666,-0.511740666,57.192428,3,,,,,,,,,,,,,,,,,,,,False,False,False,,,,,,,False,-0.770056922,-0.770056922,False,False,False,1,1,-0.511740666,-0.511740666,FRONTIER_BOUND_INCOMPLETE,FRONTIER_BOUND_INCOMPLETE,,,,,,,,,,,,,,,,,,,,,,,,,,,,,,,,,,,,,,,,,,,-0.770056922,1,1,False,False,False,0,57.192428,
C,B4.1 Stage C 30-scale selected diagnostic,,/home/kai/work/GAT_BPC_moonTerk/runs/b4_1_true_dual_proof_tail_stage_c_selected30_input_probes/instance_004/stage_001/probe.json,,lunar_ice_sp50_030_004_seed929004,B4.1_selected_30_diagnostic,V4_combined_endpoint_pair_latest_start_time_window,B4V4_combined_formulation_diagnostic,compact_pricing_frontier_ledger_diagnostic,B4V4_endpoint_pair_latest_start_time_window,False,False,True,False,negative_feasibility,3,,,,,,,,,,,COMPACT_HIGHS_PRICING_OPTIMAL,DIAGNOSTIC_PRICING_FRONTIER,DIAGNOSTIC_PRICING_FRONTIER,,EXACT_PRICING_OPTIMAL,False,,0,0,0,,{},,0,0,0,,,,,,,-1.127206,-1.127206,31.863992,3,,,,,,,,,,,,,,,,,,,,False,False,False,,,,,,,False,-1.127205592,-1.127205592,False,False,False,1,1,-1.127206,-1.127206,FRONTIER_BOUND_INCOMPLETE,FRONTIER_BOUND_INCOMPLETE,,,,,,,,,,,,,,,,,,,,,,,,,,,,,,,,,,,,,,,,,,,-1.127205592,1,1,False,False,False,0,31.863992,
C,B4.1 Stage C 30-scale selected diagnostic,,/home/kai/work/GAT_BPC_moonTerk/runs/b4_1_true_dual_proof_tail_stage_c_selected30_input_probes/instance_004/stage_001/probe.json,,lunar_ice_sp50_030_004_seed929004,B4.1_selected_30_diagnostic,V4_combined_endpoint_pair_latest_start_time_window,B4V4_combined_formulation_diagnostic,compact_pricing_frontier_ledger_diagnostic,B4V4_endpoint_pair_latest_start_time_window,False,False,True,False,optimization_proof,3,,,,,,,,,,,COMPACT_HIGHS_PRICING_OPTIMAL,DIAGNOSTIC_PRICING_FRONTIER,DIAGNOSTIC_PRICING_FRONTIER,,EXACT_PRICING_OPTIMAL,False,,0,0,0,,{},,0,0,0,,,,,,,-1.127206,-1.127206,31.335689,3,,,,,,,,,,,,,,,,,,,,False,False,False,,,,,,,False,-1.127205592,-1.127205592,False,False,False,1,1,-1.127206,-1.127206,FRONTIER_BOUND_INCOMPLETE,FRONTIER_BOUND_INCOMPLETE,,,,,,,,,,,,,,,,,,,,,,,,,,,,,,,,,,,,,,,,,,,-1.127205592,1,1,False,False,False,0,31.335689,
C,B4.1 Stage C 30-scale selected diagnostic,,/home/kai/work/GAT_BPC_moonTerk/runs/b4_1_true_dual_proof_tail_stage_c_selected30_input_probes/instance_005/stage_001/probe.json,,lunar_ice_sp50_030_005_seed929005,B4.1_selected_30_diagnostic,V4_combined_endpoint_pair_latest_start_time_window,B4V4_combined_formulation_diagnostic,compact_pricing_frontier_ledger_diagnostic,B4V4_endpoint_pair_latest_start_time_window,False,False,True,False,negative_feasibility,2,,,,,,,,,,,COMPACT_HIGHS_PRICING_TIME_LIMIT_REACHED,DIAGNOSTIC_PRICING_FRONTIER,DIAGNOSTIC_PRICING_FRONTIER,,NOT_SOLVED,False,,0,0,0,,{},,0,0,0,,,,,,,-1.066383,-1.066383,53.938103,2,,,,,,,,,,,,,,,,,,,,False,False,False,,,,,,,False,-2.760247654,-2.760247654,False,False,False,1,1,-1.066383,-1.066383,FRONTIER_BOUND_INCOMPLETE,FRONTIER_BOUND_INCOMPLETE,,,,,,,,,,,,,,,,,,,,,,,,,,,,,,,,,,,,,,,,,,,-2.760247654,1,1,False,False,False,0,53.938103,
C,B4.1 Stage C 30-scale selected diagnostic,,/home/kai/work/GAT_BPC_moonTerk/runs/b4_1_true_dual_proof_tail_stage_c_selected30_input_probes/instance_005/stage_001/probe.json,,lunar_ice_sp50_030_005_seed929005,B4.1_selected_30_diagnostic,V4_combined_endpoint_pair_latest_start_time_window,B4V4_combined_formulation_diagnostic,compact_pricing_frontier_ledger_diagnostic,B4V4_endpoint_pair_latest_start_time_window,False,False,True,False,optimization_proof,2,,,,,,,,,,,COMPACT_HIGHS_PRICING_TIME_LIMIT_REACHED,DIAGNOSTIC_PRICING_FRONTIER,DIAGNOSTIC_PRICING_FRONTIER,,NOT_SOLVED,False,,0,0,0,,{},,0,0,0,,,,,,,,0.0,57.401043,2,,,,,,,,,,,,,,,,,,,,False,False,False,,,,,,,False,-2.758521188,-2.758521188,False,False,False,1,1,0.0,0.0,FRONTIER_BOUND_INCOMPLETE,FRONTIER_BOUND_INCOMPLETE,,,,,,,,,,,,,,,,,,,,,,,,,,,,,,,,,,,,,,,,,,,-2.758521188,0,0,False,False,False,0,57.401043,
B,B4.1 Stage B 30-scale staged frontier,,/home/kai/work/GAT_BPC_moonTerk/runs/b4_1_true_dual_proof_tail_stage_b_30_v4_optimization_harvest_taskset_after_330_600s/stage_001/probe.json,,lunar_ice_sp50_030_001_seed929001,B4.1_probe_final_judge_evidence,V4_combined_endpoint_pair_latest_start_time_window,B4V4_combined_formulation_diagnostic,true_dual_final_judge_probe_evidence,B4V4_endpoint_pair_latest_start_time_window,True,False,True,False,probe_final_judge_evidence,1,,,,,,,,,,,COMPACT_HIGHS_PRICING_OPTIMIZATION_HARVEST_FOUND_NEGATIVE,DIAGNOSTIC_PRICING_FRONTIER,DIAGNOSTIC_PRICING_FRONTIER,,NOT_SOLVED,False,,0,0,0,,{},,0,0,0,333,0,3,333,2,1,-0.002031375,-0.002031375,597.266705,1,3,3,2,1,0,0,compact_final_judge_optimization_harvest,-0.002031375,-0.000923125,0.186202686,True,5,task_set,3,4,True,True,True,3.11e-07,False,False,False,,,,,,,False,-0.002031064,-0.002031064,False,False,False,3,3,-0.002031375,-0.002031375,FRONTIER_BOUND_INCOMPLETE,FRONTIER_BOUND_INCOMPLETE,V4,B4V4_endpoint_pair_latest_start_time_window,proof_only,False,,False,,False,,False,,False,,,False,,False,,False,,,False,,,False,,,False,,,False,,,False,False,False,,,,False,False,False,-0.002031064,,3,False,False,False,0,597.266705,
B,B4.1 Stage B 30-scale staged frontier,,/home/kai/work/GAT_BPC_moonTerk/runs/b4_1_true_dual_proof_tail_stage_b_30_v4_optimization_harvest_taskset_after_333_600s/stage_001/probe.json,,lunar_ice_sp50_030_001_seed929001,B4.1_probe_final_judge_evidence,V4_combined_endpoint_pair_latest_start_time_window,B4V4_combined_formulation_diagnostic,true_dual_final_judge_probe_evidence,B4V4_endpoint_pair_latest_start_time_window,True,False,True,False,probe_final_judge_evidence,1,,,,,,,,,,,COMPACT_HIGHS_PRICING_OPTIMIZATION_HARVEST_FOUND_NEGATIVE,DIAGNOSTIC_PRICING_FRONTIER,DIAGNOSTIC_PRICING_FRONTIER,,NOT_SOLVED,False,,0,0,0,,{},,0,0,0,336,0,3,336,2,1,-0.002404501,-0.002404501,597.612455,1,3,3,2,1,0,0,compact_final_judge_optimization_harvest,-0.002404501,-5.4999e-05,0.182058682,True,5,task_set,3,4,True,True,True,4.53e-07,False,False,False,,,,,,,False,-0.002404048,-0.002404048,False,False,False,3,3,-0.002404501,-0.002404501,FRONTIER_BOUND_INCOMPLETE,FRONTIER_BOUND_INCOMPLETE,V4,B4V4_endpoint_pair_latest_start_time_window,proof_only,False,,False,,False,,False,,False,,,False,,False,,False,,,False,,,False,,,False,,,False,,,False,False,False,,,,False,False,False,-0.002404048,,3,False,False,False,0,597.612455,
B,B4.1 Stage B 30-scale staged frontier,,/home/kai/work/GAT_BPC_moonTerk/runs/b4_1_true_dual_proof_tail_stage_b_30_v4_optimization_harvest_taskset_after_336_600s/stage_001/probe.json,,lunar_ice_sp50_030_001_seed929001,B4.1_probe_final_judge_evidence,V4_combined_endpoint_pair_latest_start_time_window,B4V4_combined_formulation_diagnostic,true_dual_final_judge_probe_evidence,B4V4_endpoint_pair_latest_start_time_window,True,False,True,False,probe_final_judge_evidence,1,,,,,,,,,,,COMPACT_HIGHS_PRICING_OPTIMIZATION_HARVEST_FOUND_NEGATIVE,DIAGNOSTIC_PRICING_FRONTIER,DIAGNOSTIC_PRICING_FRONTIER,,NOT_SOLVED,False,,0,0,0,,{},,0,0,0,339,0,3,339,3,0,-0.00110375,-0.00110375,596.738276,1,3,3,3,0,0,0,compact_final_judge_optimization_harvest,-0.00110375,-0.00087025,0.601851852,True,5,task_set,3,4,True,True,True,4.83e-07,False,False,False,,,,,,,False,-0.001103634,-0.001103634,False,False,False,3,3,-0.00110375,-0.00110375,FRONTIER_BOUND_INCOMPLETE,FRONTIER_BOUND_INCOMPLETE,V4,B4V4_endpoint_pair_latest_start_time_window,proof_only,False,,False,,False,,False,,False,,,False,,False,,False,,,False,,,False,,,False,,,False,,,False,False,False,,,,False,False,False,-0.001103634,,3,False,False,False,0,596.738276,
