slot_id,scale,instance_key,repetition,order,order_index,mode,status,returncode,cold_start_total_sec,exact,redlines_zero,engine_hash_valid,engine_build_hash,objective,certificate_scope,live_sri_policy_name,live_cut_policy_hash,max_active_cut_count,launcher_termination_reason,peak_process_tree_rss_gb,minimum_available_memory_gb,run_dir
s005:instance_001_logical_graph:r01:o1:no_cut,5,instance_001_logical_graph,1,no_cut/live,1,no_cut,DRY_RUN,0,,False,False,,,,,,,,,,,
s005:instance_001_logical_graph:r01:o2:live,5,instance_001_logical_graph,1,no_cut/live,2,live,DRY_RUN,0,,False,False,,,,,,,,,,,
s005:instance_001_logical_graph:r02:o1:live,5,instance_001_logical_graph,2,live/no_cut,1,live,DRY_RUN,0,,False,False,,,,,,,,,,,
s005:instance_001_logical_graph:r02:o2:no_cut,5,instance_001_logical_graph,2,live/no_cut,2,no_cut,DRY_RUN,0,,False,False,,,,,,,,,,,
s005:instance_001_logical_graph:r03:o1:no_cut,5,instance_001_logical_graph,3,no_cut/live,1,no_cut,DRY_RUN,0,,False,False,,,,,,,,,,,
s005:instance_001_logical_graph:r03:o2:live,5,instance_001_logical_graph,3,no_cut/live,2,live,DRY_RUN,0,,False,False,,,,,,,,,,,
s005:instance_001_logical_graph:r04:o1:live,5,instance_001_logical_graph,4,live/no_cut,1,live,DRY_RUN,0,,False,False,,,,,,,,,,,
s005:instance_001_logical_graph:r04:o2:no_cut,5,instance_001_logical_graph,4,live/no_cut,2,no_cut,DRY_RUN,0,,False,False,,,,,,,,,,,
s005:instance_001_logical_graph:r05:o1:no_cut,5,instance_001_logical_graph,5,no_cut/live,1,no_cut,DRY_RUN,0,,False,False,,,,,,,,,,,
s005:instance_001_logical_graph:r05:o2:live,5,instance_001_logical_graph,5,no_cut/live,2,live,DRY_RUN,0,,False,False,,,,,,,,,,,
s005:instance_001_logical_graph:r06:o1:live,5,instance_001_logical_graph,6,live/no_cut,1,live,DRY_RUN,0,,False,False,,,,,,,,,,,
s005:instance_001_logical_graph:r06:o2:no_cut,5,instance_001_logical_graph,6,live/no_cut,2,no_cut,DRY_RUN,0,,False,False,,,,,,,,,,,
s005:instance_001_logical_graph:r07:o1:no_cut,5,instance_001_logical_graph,7,no_cut/live,1,no_cut,DRY_RUN,0,,False,False,,,,,,,,,,,
s005:instance_001_logical_graph:r07:o2:live,5,instance_001_logical_graph,7,no_cut/live,2,live,DRY_RUN,0,,False,False,,,,,,,,,,,
s005:instance_001_logical_graph:r08:o1:live,5,instance_001_logical_graph,8,live/no_cut,1,live,DRY_RUN,0,,False,False,,,,,,,,,,,
s005:instance_001_logical_graph:r08:o2:no_cut,5,instance_001_logical_graph,8,live/no_cut,2,no_cut,DRY_RUN,0,,False,False,,,,,,,,,,,
s005:instance_001_logical_graph:r09:o1:no_cut,5,instance_001_logical_graph,9,no_cut/live,1,no_cut,DRY_RUN,0,,False,False,,,,,,,,,,,
s005:instance_001_logical_graph:r09:o2:live,5,instance_001_logical_graph,9,no_cut/live,2,live,DRY_RUN,0,,False,False,,,,,,,,,,,
s005:instance_001_logical_graph:r10:o1:live,5,instance_001_logical_graph,10,live/no_cut,1,live,DRY_RUN,0,,False,False,,,,,,,,,,,
s005:instance_001_logical_graph:r10:o2:no_cut,5,instance_001_logical_graph,10,live/no_cut,2,no_cut,DRY_RUN,0,,False,False,,,,,,,,,,,
s005:instance_002_logical_graph:r01:o1:live,5,instance_002_logical_graph,1,live/no_cut,1,live,DRY_RUN,0,,False,False,,,,,,,,,,,
s005:instance_002_logical_graph:r01:o2:no_cut,5,instance_002_logical_graph,1,live/no_cut,2,no_cut,DRY_RUN,0,,False,False,,,,,,,,,,,
s005:instance_002_logical_graph:r02:o1:no_cut,5,instance_002_logical_graph,2,no_cut/live,1,no_cut,DRY_RUN,0,,False,False,,,,,,,,,,,
s005:instance_002_logical_graph:r02:o2:live,5,instance_002_logical_graph,2,no_cut/live,2,live,DRY_RUN,0,,False,False,,,,,,,,,,,
s005:instance_002_logical_graph:r03:o1:live,5,instance_002_logical_graph,3,live/no_cut,1,live,DRY_RUN,0,,False,False,,,,,,,,,,,
s005:instance_002_logical_graph:r03:o2:no_cut,5,instance_002_logical_graph,3,live/no_cut,2,no_cut,DRY_RUN,0,,False,False,,,,,,,,,,,
s005:instance_002_logical_graph:r04:o1:no_cut,5,instance_002_logical_graph,4,no_cut/live,1,no_cut,DRY_RUN,0,,False,False,,,,,,,,,,,
s005:instance_002_logical_graph:r04:o2:live,5,instance_002_logical_graph,4,no_cut/live,2,live,DRY_RUN,0,,False,False,,,,,,,,,,,
s005:instance_002_logical_graph:r05:o1:live,5,instance_002_logical_graph,5,live/no_cut,1,live,DRY_RUN,0,,False,False,,,,,,,,,,,
s005:instance_002_logical_graph:r05:o2:no_cut,5,instance_002_logical_graph,5,live/no_cut,2,no_cut,DRY_RUN,0,,False,False,,,,,,,,,,,
s005:instance_002_logical_graph:r06:o1:no_cut,5,instance_002_logical_graph,6,no_cut/live,1,no_cut,DRY_RUN,0,,False,False,,,,,,,,,,,
s005:instance_002_logical_graph:r06:o2:live,5,instance_002_logical_graph,6,no_cut/live,2,live,DRY_RUN,0,,False,False,,,,,,,,,,,
s005:instance_002_logical_graph:r07:o1:live,5,instance_002_logical_graph,7,live/no_cut,1,live,DRY_RUN,0,,False,False,,,,,,,,,,,
s005:instance_002_logical_graph:r07:o2:no_cut,5,instance_002_logical_graph,7,live/no_cut,2,no_cut,DRY_RUN,0,,False,False,,,,,,,,,,,
s005:instance_002_logical_graph:r08:o1:no_cut,5,instance_002_logical_graph,8,no_cut/live,1,no_cut,DRY_RUN,0,,False,False,,,,,,,,,,,
s005:instance_002_logical_graph:r08:o2:live,5,instance_002_logical_graph,8,no_cut/live,2,live,DRY_RUN,0,,False,False,,,,,,,,,,,
s005:instance_002_logical_graph:r09:o1:live,5,instance_002_logical_graph,9,live/no_cut,1,live,DRY_RUN,0,,False,False,,,,,,,,,,,
s005:instance_002_logical_graph:r09:o2:no_cut,5,instance_002_logical_graph,9,live/no_cut,2,no_cut,DRY_RUN,0,,False,False,,,,,,,,,,,
s005:instance_002_logical_graph:r10:o1:no_cut,5,instance_002_logical_graph,10,no_cut/live,1,no_cut,DRY_RUN,0,,False,False,,,,,,,,,,,
s005:instance_002_logical_graph:r10:o2:live,5,instance_002_logical_graph,10,no_cut/live,2,live,DRY_RUN,0,,False,False,,,,,,,,,,,
s005:instance_003_logical_graph:r01:o1:no_cut,5,instance_003_logical_graph,1,no_cut/live,1,no_cut,DRY_RUN,0,,False,False,,,,,,,,,,,
s005:instance_003_logical_graph:r01:o2:live,5,instance_003_logical_graph,1,no_cut/live,2,live,DRY_RUN,0,,False,False,,,,,,,,,,,
s005:instance_003_logical_graph:r02:o1:live,5,instance_003_logical_graph,2,live/no_cut,1,live,DRY_RUN,0,,False,False,,,,,,,,,,,
s005:instance_003_logical_graph:r02:o2:no_cut,5,instance_003_logical_graph,2,live/no_cut,2,no_cut,DRY_RUN,0,,False,False,,,,,,,,,,,
s005:instance_003_logical_graph:r03:o1:no_cut,5,instance_003_logical_graph,3,no_cut/live,1,no_cut,DRY_RUN,0,,False,False,,,,,,,,,,,
s005:instance_003_logical_graph:r03:o2:live,5,instance_003_logical_graph,3,no_cut/live,2,live,DRY_RUN,0,,False,False,,,,,,,,,,,
s005:instance_003_logical_graph:r04:o1:live,5,instance_003_logical_graph,4,live/no_cut,1,live,DRY_RUN,0,,False,False,,,,,,,,,,,
s005:instance_003_logical_graph:r04:o2:no_cut,5,instance_003_logical_graph,4,live/no_cut,2,no_cut,DRY_RUN,0,,False,False,,,,,,,,,,,
s005:instance_003_logical_graph:r05:o1:no_cut,5,instance_003_logical_graph,5,no_cut/live,1,no_cut,DRY_RUN,0,,False,False,,,,,,,,,,,
s005:instance_003_logical_graph:r05:o2:live,5,instance_003_logical_graph,5,no_cut/live,2,live,DRY_RUN,0,,False,False,,,,,,,,,,,
s005:instance_003_logical_graph:r06:o1:live,5,instance_003_logical_graph,6,live/no_cut,1,live,DRY_RUN,0,,False,False,,,,,,,,,,,
s005:instance_003_logical_graph:r06:o2:no_cut,5,instance_003_logical_graph,6,live/no_cut,2,no_cut,DRY_RUN,0,,False,False,,,,,,,,,,,
s005:instance_003_logical_graph:r07:o1:no_cut,5,instance_003_logical_graph,7,no_cut/live,1,no_cut,DRY_RUN,0,,False,False,,,,,,,,,,,
s005:instance_003_logical_graph:r07:o2:live,5,instance_003_logical_graph,7,no_cut/live,2,live,DRY_RUN,0,,False,False,,,,,,,,,,,
s005:instance_003_logical_graph:r08:o1:live,5,instance_003_logical_graph,8,live/no_cut,1,live,DRY_RUN,0,,False,False,,,,,,,,,,,
s005:instance_003_logical_graph:r08:o2:no_cut,5,instance_003_logical_graph,8,live/no_cut,2,no_cut,DRY_RUN,0,,False,False,,,,,,,,,,,
s005:instance_003_logical_graph:r09:o1:no_cut,5,instance_003_logical_graph,9,no_cut/live,1,no_cut,DRY_RUN,0,,False,False,,,,,,,,,,,
s005:instance_003_logical_graph:r09:o2:live,5,instance_003_logical_graph,9,no_cut/live,2,live,DRY_RUN,0,,False,False,,,,,,,,,,,
s005:instance_003_logical_graph:r10:o1:live,5,instance_003_logical_graph,10,live/no_cut,1,live,DRY_RUN,0,,False,False,,,,,,,,,,,
s005:instance_003_logical_graph:r10:o2:no_cut,5,instance_003_logical_graph,10,live/no_cut,2,no_cut,DRY_RUN,0,,False,False,,,,,,,,,,,
s005:instance_004_logical_graph:r01:o1:live,5,instance_004_logical_graph,1,live/no_cut,1,live,DRY_RUN,0,,False,False,,,,,,,,,,,
s005:instance_004_logical_graph:r01:o2:no_cut,5,instance_004_logical_graph,1,live/no_cut,2,no_cut,DRY_RUN,0,,False,False,,,,,,,,,,,
s005:instance_004_logical_graph:r02:o1:no_cut,5,instance_004_logical_graph,2,no_cut/live,1,no_cut,DRY_RUN,0,,False,False,,,,,,,,,,,
s005:instance_004_logical_graph:r02:o2:live,5,instance_004_logical_graph,2,no_cut/live,2,live,DRY_RUN,0,,False,False,,,,,,,,,,,
s005:instance_004_logical_graph:r03:o1:live,5,instance_004_logical_graph,3,live/no_cut,1,live,DRY_RUN,0,,False,False,,,,,,,,,,,
s005:instance_004_logical_graph:r03:o2:no_cut,5,instance_004_logical_graph,3,live/no_cut,2,no_cut,DRY_RUN,0,,False,False,,,,,,,,,,,
s005:instance_004_logical_graph:r04:o1:no_cut,5,instance_004_logical_graph,4,no_cut/live,1,no_cut,DRY_RUN,0,,False,False,,,,,,,,,,,
s005:instance_004_logical_graph:r04:o2:live,5,instance_004_logical_graph,4,no_cut/live,2,live,DRY_RUN,0,,False,False,,,,,,,,,,,
s005:instance_004_logical_graph:r05:o1:live,5,instance_004_logical_graph,5,live/no_cut,1,live,DRY_RUN,0,,False,False,,,,,,,,,,,
s005:instance_004_logical_graph:r05:o2:no_cut,5,instance_004_logical_graph,5,live/no_cut,2,no_cut,DRY_RUN,0,,False,False,,,,,,,,,,,
s005:instance_004_logical_graph:r06:o1:no_cut,5,instance_004_logical_graph,6,no_cut/live,1,no_cut,DRY_RUN,0,,False,False,,,,,,,,,,,
s005:instance_004_logical_graph:r06:o2:live,5,instance_004_logical_graph,6,no_cut/live,2,live,DRY_RUN,0,,False,False,,,,,,,,,,,
s005:instance_004_logical_graph:r07:o1:live,5,instance_004_logical_graph,7,live/no_cut,1,live,DRY_RUN,0,,False,False,,,,,,,,,,,
s005:instance_004_logical_graph:r07:o2:no_cut,5,instance_004_logical_graph,7,live/no_cut,2,no_cut,DRY_RUN,0,,False,False,,,,,,,,,,,
s005:instance_004_logical_graph:r08:o1:no_cut,5,instance_004_logical_graph,8,no_cut/live,1,no_cut,DRY_RUN,0,,False,False,,,,,,,,,,,
s005:instance_004_logical_graph:r08:o2:live,5,instance_004_logical_graph,8,no_cut/live,2,live,DRY_RUN,0,,False,False,,,,,,,,,,,
s005:instance_004_logical_graph:r09:o1:live,5,instance_004_logical_graph,9,live/no_cut,1,live,DRY_RUN,0,,False,False,,,,,,,,,,,
s005:instance_004_logical_graph:r09:o2:no_cut,5,instance_004_logical_graph,9,live/no_cut,2,no_cut,DRY_RUN,0,,False,False,,,,,,,,,,,
s005:instance_004_logical_graph:r10:o1:no_cut,5,instance_004_logical_graph,10,no_cut/live,1,no_cut,DRY_RUN,0,,False,False,,,,,,,,,,,
s005:instance_004_logical_graph:r10:o2:live,5,instance_004_logical_graph,10,no_cut/live,2,live,DRY_RUN,0,,False,False,,,,,,,,,,,
s005:instance_005_logical_graph:r01:o1:no_cut,5,instance_005_logical_graph,1,no_cut/live,1,no_cut,DRY_RUN,0,,False,False,,,,,,,,,,,
s005:instance_005_logical_graph:r01:o2:live,5,instance_005_logical_graph,1,no_cut/live,2,live,DRY_RUN,0,,False,False,,,,,,,,,,,
s005:instance_005_logical_graph:r02:o1:live,5,instance_005_logical_graph,2,live/no_cut,1,live,DRY_RUN,0,,False,False,,,,,,,,,,,
s005:instance_005_logical_graph:r02:o2:no_cut,5,instance_005_logical_graph,2,live/no_cut,2,no_cut,DRY_RUN,0,,False,False,,,,,,,,,,,
s005:instance_005_logical_graph:r03:o1:no_cut,5,instance_005_logical_graph,3,no_cut/live,1,no_cut,DRY_RUN,0,,False,False,,,,,,,,,,,
s005:instance_005_logical_graph:r03:o2:live,5,instance_005_logical_graph,3,no_cut/live,2,live,DRY_RUN,0,,False,False,,,,,,,,,,,
s005:instance_005_logical_graph:r04:o1:live,5,instance_005_logical_graph,4,live/no_cut,1,live,DRY_RUN,0,,False,False,,,,,,,,,,,
s005:instance_005_logical_graph:r04:o2:no_cut,5,instance_005_logical_graph,4,live/no_cut,2,no_cut,DRY_RUN,0,,False,False,,,,,,,,,,,
s005:instance_005_logical_graph:r05:o1:no_cut,5,instance_005_logical_graph,5,no_cut/live,1,no_cut,DRY_RUN,0,,False,False,,,,,,,,,,,
s005:instance_005_logical_graph:r05:o2:live,5,instance_005_logical_graph,5,no_cut/live,2,live,DRY_RUN,0,,False,False,,,,,,,,,,,
s005:instance_005_logical_graph:r06:o1:live,5,instance_005_logical_graph,6,live/no_cut,1,live,DRY_RUN,0,,False,False,,,,,,,,,,,
s005:instance_005_logical_graph:r06:o2:no_cut,5,instance_005_logical_graph,6,live/no_cut,2,no_cut,DRY_RUN,0,,False,False,,,,,,,,,,,
s005:instance_005_logical_graph:r07:o1:no_cut,5,instance_005_logical_graph,7,no_cut/live,1,no_cut,DRY_RUN,0,,False,False,,,,,,,,,,,
s005:instance_005_logical_graph:r07:o2:live,5,instance_005_logical_graph,7,no_cut/live,2,live,DRY_RUN,0,,False,False,,,,,,,,,,,
s005:instance_005_logical_graph:r08:o1:live,5,instance_005_logical_graph,8,live/no_cut,1,live,DRY_RUN,0,,False,False,,,,,,,,,,,
s005:instance_005_logical_graph:r08:o2:no_cut,5,instance_005_logical_graph,8,live/no_cut,2,no_cut,DRY_RUN,0,,False,False,,,,,,,,,,,
s005:instance_005_logical_graph:r09:o1:no_cut,5,instance_005_logical_graph,9,no_cut/live,1,no_cut,DRY_RUN,0,,False,False,,,,,,,,,,,
s005:instance_005_logical_graph:r09:o2:live,5,instance_005_logical_graph,9,no_cut/live,2,live,DRY_RUN,0,,False,False,,,,,,,,,,,
s005:instance_005_logical_graph:r10:o1:live,5,instance_005_logical_graph,10,live/no_cut,1,live,DRY_RUN,0,,False,False,,,,,,,,,,,
s005:instance_005_logical_graph:r10:o2:no_cut,5,instance_005_logical_graph,10,live/no_cut,2,no_cut,DRY_RUN,0,,False,False,,,,,,,,,,,
s005:instance_006_logical_graph:r01:o1:live,5,instance_006_logical_graph,1,live/no_cut,1,live,DRY_RUN,0,,False,False,,,,,,,,,,,
s005:instance_006_logical_graph:r01:o2:no_cut,5,instance_006_logical_graph,1,live/no_cut,2,no_cut,DRY_RUN,0,,False,False,,,,,,,,,,,
s005:instance_006_logical_graph:r02:o1:no_cut,5,instance_006_logical_graph,2,no_cut/live,1,no_cut,DRY_RUN,0,,False,False,,,,,,,,,,,
s005:instance_006_logical_graph:r02:o2:live,5,instance_006_logical_graph,2,no_cut/live,2,live,DRY_RUN,0,,False,False,,,,,,,,,,,
s005:instance_006_logical_graph:r03:o1:live,5,instance_006_logical_graph,3,live/no_cut,1,live,DRY_RUN,0,,False,False,,,,,,,,,,,
s005:instance_006_logical_graph:r03:o2:no_cut,5,instance_006_logical_graph,3,live/no_cut,2,no_cut,DRY_RUN,0,,False,False,,,,,,,,,,,
s005:instance_006_logical_graph:r04:o1:no_cut,5,instance_006_logical_graph,4,no_cut/live,1,no_cut,DRY_RUN,0,,False,False,,,,,,,,,,,
s005:instance_006_logical_graph:r04:o2:live,5,instance_006_logical_graph,4,no_cut/live,2,live,DRY_RUN,0,,False,False,,,,,,,,,,,
s005:instance_006_logical_graph:r05:o1:live,5,instance_006_logical_graph,5,live/no_cut,1,live,DRY_RUN,0,,False,False,,,,,,,,,,,
s005:instance_006_logical_graph:r05:o2:no_cut,5,instance_006_logical_graph,5,live/no_cut,2,no_cut,DRY_RUN,0,,False,False,,,,,,,,,,,
s005:instance_006_logical_graph:r06:o1:no_cut,5,instance_006_logical_graph,6,no_cut/live,1,no_cut,DRY_RUN,0,,False,False,,,,,,,,,,,
s005:instance_006_logical_graph:r06:o2:live,5,instance_006_logical_graph,6,no_cut/live,2,live,DRY_RUN,0,,False,False,,,,,,,,,,,
s005:instance_006_logical_graph:r07:o1:live,5,instance_006_logical_graph,7,live/no_cut,1,live,DRY_RUN,0,,False,False,,,,,,,,,,,
s005:instance_006_logical_graph:r07:o2:no_cut,5,instance_006_logical_graph,7,live/no_cut,2,no_cut,DRY_RUN,0,,False,False,,,,,,,,,,,
s005:instance_006_logical_graph:r08:o1:no_cut,5,instance_006_logical_graph,8,no_cut/live,1,no_cut,DRY_RUN,0,,False,False,,,,,,,,,,,
s005:instance_006_logical_graph:r08:o2:live,5,instance_006_logical_graph,8,no_cut/live,2,live,DRY_RUN,0,,False,False,,,,,,,,,,,
s005:instance_006_logical_graph:r09:o1:live,5,instance_006_logical_graph,9,live/no_cut,1,live,DRY_RUN,0,,False,False,,,,,,,,,,,
s005:instance_006_logical_graph:r09:o2:no_cut,5,instance_006_logical_graph,9,live/no_cut,2,no_cut,DRY_RUN,0,,False,False,,,,,,,,,,,
s005:instance_006_logical_graph:r10:o1:no_cut,5,instance_006_logical_graph,10,no_cut/live,1,no_cut,DRY_RUN,0,,False,False,,,,,,,,,,,
s005:instance_006_logical_graph:r10:o2:live,5,instance_006_logical_graph,10,no_cut/live,2,live,DRY_RUN,0,,False,False,,,,,,,,,,,
s005:instance_007_logical_graph:r01:o1:no_cut,5,instance_007_logical_graph,1,no_cut/live,1,no_cut,DRY_RUN,0,,False,False,,,,,,,,,,,
s005:instance_007_logical_graph:r01:o2:live,5,instance_007_logical_graph,1,no_cut/live,2,live,DRY_RUN,0,,False,False,,,,,,,,,,,
s005:instance_007_logical_graph:r02:o1:live,5,instance_007_logical_graph,2,live/no_cut,1,live,DRY_RUN,0,,False,False,,,,,,,,,,,
s005:instance_007_logical_graph:r02:o2:no_cut,5,instance_007_logical_graph,2,live/no_cut,2,no_cut,DRY_RUN,0,,False,False,,,,,,,,,,,
s005:instance_007_logical_graph:r03:o1:no_cut,5,instance_007_logical_graph,3,no_cut/live,1,no_cut,DRY_RUN,0,,False,False,,,,,,,,,,,
s005:instance_007_logical_graph:r03:o2:live,5,instance_007_logical_graph,3,no_cut/live,2,live,DRY_RUN,0,,False,False,,,,,,,,,,,
s005:instance_007_logical_graph:r04:o1:live,5,instance_007_logical_graph,4,live/no_cut,1,live,DRY_RUN,0,,False,False,,,,,,,,,,,
s005:instance_007_logical_graph:r04:o2:no_cut,5,instance_007_logical_graph,4,live/no_cut,2,no_cut,DRY_RUN,0,,False,False,,,,,,,,,,,
s005:instance_007_logical_graph:r05:o1:no_cut,5,instance_007_logical_graph,5,no_cut/live,1,no_cut,DRY_RUN,0,,False,False,,,,,,,,,,,
s005:instance_007_logical_graph:r05:o2:live,5,instance_007_logical_graph,5,no_cut/live,2,live,DRY_RUN,0,,False,False,,,,,,,,,,,
s005:instance_007_logical_graph:r06:o1:live,5,instance_007_logical_graph,6,live/no_cut,1,live,DRY_RUN,0,,False,False,,,,,,,,,,,
s005:instance_007_logical_graph:r06:o2:no_cut,5,instance_007_logical_graph,6,live/no_cut,2,no_cut,DRY_RUN,0,,False,False,,,,,,,,,,,
s005:instance_007_logical_graph:r07:o1:no_cut,5,instance_007_logical_graph,7,no_cut/live,1,no_cut,DRY_RUN,0,,False,False,,,,,,,,,,,
s005:instance_007_logical_graph:r07:o2:live,5,instance_007_logical_graph,7,no_cut/live,2,live,DRY_RUN,0,,False,False,,,,,,,,,,,
s005:instance_007_logical_graph:r08:o1:live,5,instance_007_logical_graph,8,live/no_cut,1,live,DRY_RUN,0,,False,False,,,,,,,,,,,
s005:instance_007_logical_graph:r08:o2:no_cut,5,instance_007_logical_graph,8,live/no_cut,2,no_cut,DRY_RUN,0,,False,False,,,,,,,,,,,
s005:instance_007_logical_graph:r09:o1:no_cut,5,instance_007_logical_graph,9,no_cut/live,1,no_cut,DRY_RUN,0,,False,False,,,,,,,,,,,
s005:instance_007_logical_graph:r09:o2:live,5,instance_007_logical_graph,9,no_cut/live,2,live,DRY_RUN,0,,False,False,,,,,,,,,,,
s005:instance_007_logical_graph:r10:o1:live,5,instance_007_logical_graph,10,live/no_cut,1,live,DRY_RUN,0,,False,False,,,,,,,,,,,
s005:instance_007_logical_graph:r10:o2:no_cut,5,instance_007_logical_graph,10,live/no_cut,2,no_cut,DRY_RUN,0,,False,False,,,,,,,,,,,
s005:instance_008_logical_graph:r01:o1:live,5,instance_008_logical_graph,1,live/no_cut,1,live,DRY_RUN,0,,False,False,,,,,,,,,,,
s005:instance_008_logical_graph:r01:o2:no_cut,5,instance_008_logical_graph,1,live/no_cut,2,no_cut,DRY_RUN,0,,False,False,,,,,,,,,,,
s005:instance_008_logical_graph:r02:o1:no_cut,5,instance_008_logical_graph,2,no_cut/live,1,no_cut,DRY_RUN,0,,False,False,,,,,,,,,,,
s005:instance_008_logical_graph:r02:o2:live,5,instance_008_logical_graph,2,no_cut/live,2,live,DRY_RUN,0,,False,False,,,,,,,,,,,
s005:instance_008_logical_graph:r03:o1:live,5,instance_008_logical_graph,3,live/no_cut,1,live,DRY_RUN,0,,False,False,,,,,,,,,,,
s005:instance_008_logical_graph:r03:o2:no_cut,5,instance_008_logical_graph,3,live/no_cut,2,no_cut,DRY_RUN,0,,False,False,,,,,,,,,,,
s005:instance_008_logical_graph:r04:o1:no_cut,5,instance_008_logical_graph,4,no_cut/live,1,no_cut,DRY_RUN,0,,False,False,,,,,,,,,,,
s005:instance_008_logical_graph:r04:o2:live,5,instance_008_logical_graph,4,no_cut/live,2,live,DRY_RUN,0,,False,False,,,,,,,,,,,
s005:instance_008_logical_graph:r05:o1:live,5,instance_008_logical_graph,5,live/no_cut,1,live,DRY_RUN,0,,False,False,,,,,,,,,,,
s005:instance_008_logical_graph:r05:o2:no_cut,5,instance_008_logical_graph,5,live/no_cut,2,no_cut,DRY_RUN,0,,False,False,,,,,,,,,,,
s005:instance_008_logical_graph:r06:o1:no_cut,5,instance_008_logical_graph,6,no_cut/live,1,no_cut,DRY_RUN,0,,False,False,,,,,,,,,,,
s005:instance_008_logical_graph:r06:o2:live,5,instance_008_logical_graph,6,no_cut/live,2,live,DRY_RUN,0,,False,False,,,,,,,,,,,
s005:instance_008_logical_graph:r07:o1:live,5,instance_008_logical_graph,7,live/no_cut,1,live,DRY_RUN,0,,False,False,,,,,,,,,,,
s005:instance_008_logical_graph:r07:o2:no_cut,5,instance_008_logical_graph,7,live/no_cut,2,no_cut,DRY_RUN,0,,False,False,,,,,,,,,,,
s005:instance_008_logical_graph:r08:o1:no_cut,5,instance_008_logical_graph,8,no_cut/live,1,no_cut,DRY_RUN,0,,False,False,,,,,,,,,,,
s005:instance_008_logical_graph:r08:o2:live,5,instance_008_logical_graph,8,no_cut/live,2,live,DRY_RUN,0,,False,False,,,,,,,,,,,
s005:instance_008_logical_graph:r09:o1:live,5,instance_008_logical_graph,9,live/no_cut,1,live,DRY_RUN,0,,False,False,,,,,,,,,,,
s005:instance_008_logical_graph:r09:o2:no_cut,5,instance_008_logical_graph,9,live/no_cut,2,no_cut,DRY_RUN,0,,False,False,,,,,,,,,,,
s005:instance_008_logical_graph:r10:o1:no_cut,5,instance_008_logical_graph,10,no_cut/live,1,no_cut,DRY_RUN,0,,False,False,,,,,,,,,,,
s005:instance_008_logical_graph:r10:o2:live,5,instance_008_logical_graph,10,no_cut/live,2,live,DRY_RUN,0,,False,False,,,,,,,,,,,
s005:instance_009_logical_graph:r01:o1:no_cut,5,instance_009_logical_graph,1,no_cut/live,1,no_cut,DRY_RUN,0,,False,False,,,,,,,,,,,
s005:instance_009_logical_graph:r01:o2:live,5,instance_009_logical_graph,1,no_cut/live,2,live,DRY_RUN,0,,False,False,,,,,,,,,,,
s005:instance_009_logical_graph:r02:o1:live,5,instance_009_logical_graph,2,live/no_cut,1,live,DRY_RUN,0,,False,False,,,,,,,,,,,
s005:instance_009_logical_graph:r02:o2:no_cut,5,instance_009_logical_graph,2,live/no_cut,2,no_cut,DRY_RUN,0,,False,False,,,,,,,,,,,
s005:instance_009_logical_graph:r03:o1:no_cut,5,instance_009_logical_graph,3,no_cut/live,1,no_cut,DRY_RUN,0,,False,False,,,,,,,,,,,
s005:instance_009_logical_graph:r03:o2:live,5,instance_009_logical_graph,3,no_cut/live,2,live,DRY_RUN,0,,False,False,,,,,,,,,,,
s005:instance_009_logical_graph:r04:o1:live,5,instance_009_logical_graph,4,live/no_cut,1,live,DRY_RUN,0,,False,False,,,,,,,,,,,
s005:instance_009_logical_graph:r04:o2:no_cut,5,instance_009_logical_graph,4,live/no_cut,2,no_cut,DRY_RUN,0,,False,False,,,,,,,,,,,
s005:instance_009_logical_graph:r05:o1:no_cut,5,instance_009_logical_graph,5,no_cut/live,1,no_cut,DRY_RUN,0,,False,False,,,,,,,,,,,
s005:instance_009_logical_graph:r05:o2:live,5,instance_009_logical_graph,5,no_cut/live,2,live,DRY_RUN,0,,False,False,,,,,,,,,,,
s005:instance_009_logical_graph:r06:o1:live,5,instance_009_logical_graph,6,live/no_cut,1,live,DRY_RUN,0,,False,False,,,,,,,,,,,
s005:instance_009_logical_graph:r06:o2:no_cut,5,instance_009_logical_graph,6,live/no_cut,2,no_cut,DRY_RUN,0,,False,False,,,,,,,,,,,
s005:instance_009_logical_graph:r07:o1:no_cut,5,instance_009_logical_graph,7,no_cut/live,1,no_cut,DRY_RUN,0,,False,False,,,,,,,,,,,
s005:instance_009_logical_graph:r07:o2:live,5,instance_009_logical_graph,7,no_cut/live,2,live,DRY_RUN,0,,False,False,,,,,,,,,,,
s005:instance_009_logical_graph:r08:o1:live,5,instance_009_logical_graph,8,live/no_cut,1,live,DRY_RUN,0,,False,False,,,,,,,,,,,
s005:instance_009_logical_graph:r08:o2:no_cut,5,instance_009_logical_graph,8,live/no_cut,2,no_cut,DRY_RUN,0,,False,False,,,,,,,,,,,
s005:instance_009_logical_graph:r09:o1:no_cut,5,instance_009_logical_graph,9,no_cut/live,1,no_cut,DRY_RUN,0,,False,False,,,,,,,,,,,
s005:instance_009_logical_graph:r09:o2:live,5,instance_009_logical_graph,9,no_cut/live,2,live,DRY_RUN,0,,False,False,,,,,,,,,,,
s005:instance_009_logical_graph:r10:o1:live,5,instance_009_logical_graph,10,live/no_cut,1,live,DRY_RUN,0,,False,False,,,,,,,,,,,
s005:instance_009_logical_graph:r10:o2:no_cut,5,instance_009_logical_graph,10,live/no_cut,2,no_cut,DRY_RUN,0,,False,False,,,,,,,,,,,
s005:instance_010_logical_graph:r01:o1:live,5,instance_010_logical_graph,1,live/no_cut,1,live,DRY_RUN,0,,False,False,,,,,,,,,,,
s005:instance_010_logical_graph:r01:o2:no_cut,5,instance_010_logical_graph,1,live/no_cut,2,no_cut,DRY_RUN,0,,False,False,,,,,,,,,,,
s005:instance_010_logical_graph:r02:o1:no_cut,5,instance_010_logical_graph,2,no_cut/live,1,no_cut,DRY_RUN,0,,False,False,,,,,,,,,,,
s005:instance_010_logical_graph:r02:o2:live,5,instance_010_logical_graph,2,no_cut/live,2,live,DRY_RUN,0,,False,False,,,,,,,,,,,
s005:instance_010_logical_graph:r03:o1:live,5,instance_010_logical_graph,3,live/no_cut,1,live,DRY_RUN,0,,False,False,,,,,,,,,,,
s005:instance_010_logical_graph:r03:o2:no_cut,5,instance_010_logical_graph,3,live/no_cut,2,no_cut,DRY_RUN,0,,False,False,,,,,,,,,,,
s005:instance_010_logical_graph:r04:o1:no_cut,5,instance_010_logical_graph,4,no_cut/live,1,no_cut,DRY_RUN,0,,False,False,,,,,,,,,,,
s005:instance_010_logical_graph:r04:o2:live,5,instance_010_logical_graph,4,no_cut/live,2,live,DRY_RUN,0,,False,False,,,,,,,,,,,
s005:instance_010_logical_graph:r05:o1:live,5,instance_010_logical_graph,5,live/no_cut,1,live,DRY_RUN,0,,False,False,,,,,,,,,,,
s005:instance_010_logical_graph:r05:o2:no_cut,5,instance_010_logical_graph,5,live/no_cut,2,no_cut,DRY_RUN,0,,False,False,,,,,,,,,,,
s005:instance_010_logical_graph:r06:o1:no_cut,5,instance_010_logical_graph,6,no_cut/live,1,no_cut,DRY_RUN,0,,False,False,,,,,,,,,,,
s005:instance_010_logical_graph:r06:o2:live,5,instance_010_logical_graph,6,no_cut/live,2,live,DRY_RUN,0,,False,False,,,,,,,,,,,
s005:instance_010_logical_graph:r07:o1:live,5,instance_010_logical_graph,7,live/no_cut,1,live,DRY_RUN,0,,False,False,,,,,,,,,,,
s005:instance_010_logical_graph:r07:o2:no_cut,5,instance_010_logical_graph,7,live/no_cut,2,no_cut,DRY_RUN,0,,False,False,,,,,,,,,,,
s005:instance_010_logical_graph:r08:o1:no_cut,5,instance_010_logical_graph,8,no_cut/live,1,no_cut,DRY_RUN,0,,False,False,,,,,,,,,,,
s005:instance_010_logical_graph:r08:o2:live,5,instance_010_logical_graph,8,no_cut/live,2,live,DRY_RUN,0,,False,False,,,,,,,,,,,
s005:instance_010_logical_graph:r09:o1:live,5,instance_010_logical_graph,9,live/no_cut,1,live,DRY_RUN,0,,False,False,,,,,,,,,,,
s005:instance_010_logical_graph:r09:o2:no_cut,5,instance_010_logical_graph,9,live/no_cut,2,no_cut,DRY_RUN,0,,False,False,,,,,,,,,,,
s005:instance_010_logical_graph:r10:o1:no_cut,5,instance_010_logical_graph,10,no_cut/live,1,no_cut,DRY_RUN,0,,False,False,,,,,,,,,,,
s005:instance_010_logical_graph:r10:o2:live,5,instance_010_logical_graph,10,no_cut/live,2,live,DRY_RUN,0,,False,False,,,,,,,,,,,
s005:instance_011_logical_graph:r01:o1:no_cut,5,instance_011_logical_graph,1,no_cut/live,1,no_cut,DRY_RUN,0,,False,False,,,,,,,,,,,
s005:instance_011_logical_graph:r01:o2:live,5,instance_011_logical_graph,1,no_cut/live,2,live,DRY_RUN,0,,False,False,,,,,,,,,,,
s005:instance_011_logical_graph:r02:o1:live,5,instance_011_logical_graph,2,live/no_cut,1,live,DRY_RUN,0,,False,False,,,,,,,,,,,
s005:instance_011_logical_graph:r02:o2:no_cut,5,instance_011_logical_graph,2,live/no_cut,2,no_cut,DRY_RUN,0,,False,False,,,,,,,,,,,
s005:instance_011_logical_graph:r03:o1:no_cut,5,instance_011_logical_graph,3,no_cut/live,1,no_cut,DRY_RUN,0,,False,False,,,,,,,,,,,
s005:instance_011_logical_graph:r03:o2:live,5,instance_011_logical_graph,3,no_cut/live,2,live,DRY_RUN,0,,False,False,,,,,,,,,,,
s005:instance_011_logical_graph:r04:o1:live,5,instance_011_logical_graph,4,live/no_cut,1,live,DRY_RUN,0,,False,False,,,,,,,,,,,
s005:instance_011_logical_graph:r04:o2:no_cut,5,instance_011_logical_graph,4,live/no_cut,2,no_cut,DRY_RUN,0,,False,False,,,,,,,,,,,
s005:instance_011_logical_graph:r05:o1:no_cut,5,instance_011_logical_graph,5,no_cut/live,1,no_cut,DRY_RUN,0,,False,False,,,,,,,,,,,
s005:instance_011_logical_graph:r05:o2:live,5,instance_011_logical_graph,5,no_cut/live,2,live,DRY_RUN,0,,False,False,,,,,,,,,,,
s005:instance_011_logical_graph:r06:o1:live,5,instance_011_logical_graph,6,live/no_cut,1,live,DRY_RUN,0,,False,False,,,,,,,,,,,
s005:instance_011_logical_graph:r06:o2:no_cut,5,instance_011_logical_graph,6,live/no_cut,2,no_cut,DRY_RUN,0,,False,False,,,,,,,,,,,
s005:instance_011_logical_graph:r07:o1:no_cut,5,instance_011_logical_graph,7,no_cut/live,1,no_cut,DRY_RUN,0,,False,False,,,,,,,,,,,
s005:instance_011_logical_graph:r07:o2:live,5,instance_011_logical_graph,7,no_cut/live,2,live,DRY_RUN,0,,False,False,,,,,,,,,,,
s005:instance_011_logical_graph:r08:o1:live,5,instance_011_logical_graph,8,live/no_cut,1,live,DRY_RUN,0,,False,False,,,,,,,,,,,
s005:instance_011_logical_graph:r08:o2:no_cut,5,instance_011_logical_graph,8,live/no_cut,2,no_cut,DRY_RUN,0,,False,False,,,,,,,,,,,
s005:instance_011_logical_graph:r09:o1:no_cut,5,instance_011_logical_graph,9,no_cut/live,1,no_cut,DRY_RUN,0,,False,False,,,,,,,,,,,
s005:instance_011_logical_graph:r09:o2:live,5,instance_011_logical_graph,9,no_cut/live,2,live,DRY_RUN,0,,False,False,,,,,,,,,,,
s005:instance_011_logical_graph:r10:o1:live,5,instance_011_logical_graph,10,live/no_cut,1,live,DRY_RUN,0,,False,False,,,,,,,,,,,
s005:instance_011_logical_graph:r10:o2:no_cut,5,instance_011_logical_graph,10,live/no_cut,2,no_cut,DRY_RUN,0,,False,False,,,,,,,,,,,
s005:instance_012_logical_graph:r01:o1:live,5,instance_012_logical_graph,1,live/no_cut,1,live,DRY_RUN,0,,False,False,,,,,,,,,,,
s005:instance_012_logical_graph:r01:o2:no_cut,5,instance_012_logical_graph,1,live/no_cut,2,no_cut,DRY_RUN,0,,False,False,,,,,,,,,,,
s005:instance_012_logical_graph:r02:o1:no_cut,5,instance_012_logical_graph,2,no_cut/live,1,no_cut,DRY_RUN,0,,False,False,,,,,,,,,,,
s005:instance_012_logical_graph:r02:o2:live,5,instance_012_logical_graph,2,no_cut/live,2,live,DRY_RUN,0,,False,False,,,,,,,,,,,
s005:instance_012_logical_graph:r03:o1:live,5,instance_012_logical_graph,3,live/no_cut,1,live,DRY_RUN,0,,False,False,,,,,,,,,,,
s005:instance_012_logical_graph:r03:o2:no_cut,5,instance_012_logical_graph,3,live/no_cut,2,no_cut,DRY_RUN,0,,False,False,,,,,,,,,,,
s005:instance_012_logical_graph:r04:o1:no_cut,5,instance_012_logical_graph,4,no_cut/live,1,no_cut,DRY_RUN,0,,False,False,,,,,,,,,,,
s005:instance_012_logical_graph:r04:o2:live,5,instance_012_logical_graph,4,no_cut/live,2,live,DRY_RUN,0,,False,False,,,,,,,,,,,
s005:instance_012_logical_graph:r05:o1:live,5,instance_012_logical_graph,5,live/no_cut,1,live,DRY_RUN,0,,False,False,,,,,,,,,,,
s005:instance_012_logical_graph:r05:o2:no_cut,5,instance_012_logical_graph,5,live/no_cut,2,no_cut,DRY_RUN,0,,False,False,,,,,,,,,,,
s005:instance_012_logical_graph:r06:o1:no_cut,5,instance_012_logical_graph,6,no_cut/live,1,no_cut,DRY_RUN,0,,False,False,,,,,,,,,,,
s005:instance_012_logical_graph:r06:o2:live,5,instance_012_logical_graph,6,no_cut/live,2,live,DRY_RUN,0,,False,False,,,,,,,,,,,
s005:instance_012_logical_graph:r07:o1:live,5,instance_012_logical_graph,7,live/no_cut,1,live,DRY_RUN,0,,False,False,,,,,,,,,,,
s005:instance_012_logical_graph:r07:o2:no_cut,5,instance_012_logical_graph,7,live/no_cut,2,no_cut,DRY_RUN,0,,False,False,,,,,,,,,,,
s005:instance_012_logical_graph:r08:o1:no_cut,5,instance_012_logical_graph,8,no_cut/live,1,no_cut,DRY_RUN,0,,False,False,,,,,,,,,,,
s005:instance_012_logical_graph:r08:o2:live,5,instance_012_logical_graph,8,no_cut/live,2,live,DRY_RUN,0,,False,False,,,,,,,,,,,
s005:instance_012_logical_graph:r09:o1:live,5,instance_012_logical_graph,9,live/no_cut,1,live,DRY_RUN,0,,False,False,,,,,,,,,,,
s005:instance_012_logical_graph:r09:o2:no_cut,5,instance_012_logical_graph,9,live/no_cut,2,no_cut,DRY_RUN,0,,False,False,,,,,,,,,,,
s005:instance_012_logical_graph:r10:o1:no_cut,5,instance_012_logical_graph,10,no_cut/live,1,no_cut,DRY_RUN,0,,False,False,,,,,,,,,,,
s005:instance_012_logical_graph:r10:o2:live,5,instance_012_logical_graph,10,no_cut/live,2,live,DRY_RUN,0,,False,False,,,,,,,,,,,
s005:instance_013_logical_graph:r01:o1:no_cut,5,instance_013_logical_graph,1,no_cut/live,1,no_cut,DRY_RUN,0,,False,False,,,,,,,,,,,
s005:instance_013_logical_graph:r01:o2:live,5,instance_013_logical_graph,1,no_cut/live,2,live,DRY_RUN,0,,False,False,,,,,,,,,,,
s005:instance_013_logical_graph:r02:o1:live,5,instance_013_logical_graph,2,live/no_cut,1,live,DRY_RUN,0,,False,False,,,,,,,,,,,
s005:instance_013_logical_graph:r02:o2:no_cut,5,instance_013_logical_graph,2,live/no_cut,2,no_cut,DRY_RUN,0,,False,False,,,,,,,,,,,
s005:instance_013_logical_graph:r03:o1:no_cut,5,instance_013_logical_graph,3,no_cut/live,1,no_cut,DRY_RUN,0,,False,False,,,,,,,,,,,
s005:instance_013_logical_graph:r03:o2:live,5,instance_013_logical_graph,3,no_cut/live,2,live,DRY_RUN,0,,False,False,,,,,,,,,,,
s005:instance_013_logical_graph:r04:o1:live,5,instance_013_logical_graph,4,live/no_cut,1,live,DRY_RUN,0,,False,False,,,,,,,,,,,
s005:instance_013_logical_graph:r04:o2:no_cut,5,instance_013_logical_graph,4,live/no_cut,2,no_cut,DRY_RUN,0,,False,False,,,,,,,,,,,
s005:instance_013_logical_graph:r05:o1:no_cut,5,instance_013_logical_graph,5,no_cut/live,1,no_cut,DRY_RUN,0,,False,False,,,,,,,,,,,
s005:instance_013_logical_graph:r05:o2:live,5,instance_013_logical_graph,5,no_cut/live,2,live,DRY_RUN,0,,False,False,,,,,,,,,,,
s005:instance_013_logical_graph:r06:o1:live,5,instance_013_logical_graph,6,live/no_cut,1,live,DRY_RUN,0,,False,False,,,,,,,,,,,
s005:instance_013_logical_graph:r06:o2:no_cut,5,instance_013_logical_graph,6,live/no_cut,2,no_cut,DRY_RUN,0,,False,False,,,,,,,,,,,
s005:instance_013_logical_graph:r07:o1:no_cut,5,instance_013_logical_graph,7,no_cut/live,1,no_cut,DRY_RUN,0,,False,False,,,,,,,,,,,
s005:instance_013_logical_graph:r07:o2:live,5,instance_013_logical_graph,7,no_cut/live,2,live,DRY_RUN,0,,False,False,,,,,,,,,,,
s005:instance_013_logical_graph:r08:o1:live,5,instance_013_logical_graph,8,live/no_cut,1,live,DRY_RUN,0,,False,False,,,,,,,,,,,
s005:instance_013_logical_graph:r08:o2:no_cut,5,instance_013_logical_graph,8,live/no_cut,2,no_cut,DRY_RUN,0,,False,False,,,,,,,,,,,
s005:instance_013_logical_graph:r09:o1:no_cut,5,instance_013_logical_graph,9,no_cut/live,1,no_cut,DRY_RUN,0,,False,False,,,,,,,,,,,
s005:instance_013_logical_graph:r09:o2:live,5,instance_013_logical_graph,9,no_cut/live,2,live,DRY_RUN,0,,False,False,,,,,,,,,,,
s005:instance_013_logical_graph:r10:o1:live,5,instance_013_logical_graph,10,live/no_cut,1,live,DRY_RUN,0,,False,False,,,,,,,,,,,
s005:instance_013_logical_graph:r10:o2:no_cut,5,instance_013_logical_graph,10,live/no_cut,2,no_cut,DRY_RUN,0,,False,False,,,,,,,,,,,
s005:instance_014_logical_graph:r01:o1:live,5,instance_014_logical_graph,1,live/no_cut,1,live,DRY_RUN,0,,False,False,,,,,,,,,,,
s005:instance_014_logical_graph:r01:o2:no_cut,5,instance_014_logical_graph,1,live/no_cut,2,no_cut,DRY_RUN,0,,False,False,,,,,,,,,,,
s005:instance_014_logical_graph:r02:o1:no_cut,5,instance_014_logical_graph,2,no_cut/live,1,no_cut,DRY_RUN,0,,False,False,,,,,,,,,,,
s005:instance_014_logical_graph:r02:o2:live,5,instance_014_logical_graph,2,no_cut/live,2,live,DRY_RUN,0,,False,False,,,,,,,,,,,
s005:instance_014_logical_graph:r03:o1:live,5,instance_014_logical_graph,3,live/no_cut,1,live,DRY_RUN,0,,False,False,,,,,,,,,,,
s005:instance_014_logical_graph:r03:o2:no_cut,5,instance_014_logical_graph,3,live/no_cut,2,no_cut,DRY_RUN,0,,False,False,,,,,,,,,,,
s005:instance_014_logical_graph:r04:o1:no_cut,5,instance_014_logical_graph,4,no_cut/live,1,no_cut,DRY_RUN,0,,False,False,,,,,,,,,,,
s005:instance_014_logical_graph:r04:o2:live,5,instance_014_logical_graph,4,no_cut/live,2,live,DRY_RUN,0,,False,False,,,,,,,,,,,
s005:instance_014_logical_graph:r05:o1:live,5,instance_014_logical_graph,5,live/no_cut,1,live,DRY_RUN,0,,False,False,,,,,,,,,,,
s005:instance_014_logical_graph:r05:o2:no_cut,5,instance_014_logical_graph,5,live/no_cut,2,no_cut,DRY_RUN,0,,False,False,,,,,,,,,,,
s005:instance_014_logical_graph:r06:o1:no_cut,5,instance_014_logical_graph,6,no_cut/live,1,no_cut,DRY_RUN,0,,False,False,,,,,,,,,,,
s005:instance_014_logical_graph:r06:o2:live,5,instance_014_logical_graph,6,no_cut/live,2,live,DRY_RUN,0,,False,False,,,,,,,,,,,
s005:instance_014_logical_graph:r07:o1:live,5,instance_014_logical_graph,7,live/no_cut,1,live,DRY_RUN,0,,False,False,,,,,,,,,,,
s005:instance_014_logical_graph:r07:o2:no_cut,5,instance_014_logical_graph,7,live/no_cut,2,no_cut,DRY_RUN,0,,False,False,,,,,,,,,,,
s005:instance_014_logical_graph:r08:o1:no_cut,5,instance_014_logical_graph,8,no_cut/live,1,no_cut,DRY_RUN,0,,False,False,,,,,,,,,,,
s005:instance_014_logical_graph:r08:o2:live,5,instance_014_logical_graph,8,no_cut/live,2,live,DRY_RUN,0,,False,False,,,,,,,,,,,
s005:instance_014_logical_graph:r09:o1:live,5,instance_014_logical_graph,9,live/no_cut,1,live,DRY_RUN,0,,False,False,,,,,,,,,,,
s005:instance_014_logical_graph:r09:o2:no_cut,5,instance_014_logical_graph,9,live/no_cut,2,no_cut,DRY_RUN,0,,False,False,,,,,,,,,,,
s005:instance_014_logical_graph:r10:o1:no_cut,5,instance_014_logical_graph,10,no_cut/live,1,no_cut,DRY_RUN,0,,False,False,,,,,,,,,,,
s005:instance_014_logical_graph:r10:o2:live,5,instance_014_logical_graph,10,no_cut/live,2,live,DRY_RUN,0,,False,False,,,,,,,,,,,
s005:instance_015_logical_graph:r01:o1:no_cut,5,instance_015_logical_graph,1,no_cut/live,1,no_cut,DRY_RUN,0,,False,False,,,,,,,,,,,
s005:instance_015_logical_graph:r01:o2:live,5,instance_015_logical_graph,1,no_cut/live,2,live,DRY_RUN,0,,False,False,,,,,,,,,,,
s005:instance_015_logical_graph:r02:o1:live,5,instance_015_logical_graph,2,live/no_cut,1,live,DRY_RUN,0,,False,False,,,,,,,,,,,
s005:instance_015_logical_graph:r02:o2:no_cut,5,instance_015_logical_graph,2,live/no_cut,2,no_cut,DRY_RUN,0,,False,False,,,,,,,,,,,
s005:instance_015_logical_graph:r03:o1:no_cut,5,instance_015_logical_graph,3,no_cut/live,1,no_cut,DRY_RUN,0,,False,False,,,,,,,,,,,
s005:instance_015_logical_graph:r03:o2:live,5,instance_015_logical_graph,3,no_cut/live,2,live,DRY_RUN,0,,False,False,,,,,,,,,,,
s005:instance_015_logical_graph:r04:o1:live,5,instance_015_logical_graph,4,live/no_cut,1,live,DRY_RUN,0,,False,False,,,,,,,,,,,
s005:instance_015_logical_graph:r04:o2:no_cut,5,instance_015_logical_graph,4,live/no_cut,2,no_cut,DRY_RUN,0,,False,False,,,,,,,,,,,
s005:instance_015_logical_graph:r05:o1:no_cut,5,instance_015_logical_graph,5,no_cut/live,1,no_cut,DRY_RUN,0,,False,False,,,,,,,,,,,
s005:instance_015_logical_graph:r05:o2:live,5,instance_015_logical_graph,5,no_cut/live,2,live,DRY_RUN,0,,False,False,,,,,,,,,,,
s005:instance_015_logical_graph:r06:o1:live,5,instance_015_logical_graph,6,live/no_cut,1,live,DRY_RUN,0,,False,False,,,,,,,,,,,
s005:instance_015_logical_graph:r06:o2:no_cut,5,instance_015_logical_graph,6,live/no_cut,2,no_cut,DRY_RUN,0,,False,False,,,,,,,,,,,
s005:instance_015_logical_graph:r07:o1:no_cut,5,instance_015_logical_graph,7,no_cut/live,1,no_cut,DRY_RUN,0,,False,False,,,,,,,,,,,
s005:instance_015_logical_graph:r07:o2:live,5,instance_015_logical_graph,7,no_cut/live,2,live,DRY_RUN,0,,False,False,,,,,,,,,,,
s005:instance_015_logical_graph:r08:o1:live,5,instance_015_logical_graph,8,live/no_cut,1,live,DRY_RUN,0,,False,False,,,,,,,,,,,
s005:instance_015_logical_graph:r08:o2:no_cut,5,instance_015_logical_graph,8,live/no_cut,2,no_cut,DRY_RUN,0,,False,False,,,,,,,,,,,
s005:instance_015_logical_graph:r09:o1:no_cut,5,instance_015_logical_graph,9,no_cut/live,1,no_cut,DRY_RUN,0,,False,False,,,,,,,,,,,
s005:instance_015_logical_graph:r09:o2:live,5,instance_015_logical_graph,9,no_cut/live,2,live,DRY_RUN,0,,False,False,,,,,,,,,,,
s005:instance_015_logical_graph:r10:o1:live,5,instance_015_logical_graph,10,live/no_cut,1,live,DRY_RUN,0,,False,False,,,,,,,,,,,
s005:instance_015_logical_graph:r10:o2:no_cut,5,instance_015_logical_graph,10,live/no_cut,2,no_cut,DRY_RUN,0,,False,False,,,,,,,,,,,
s005:instance_016_logical_graph:r01:o1:live,5,instance_016_logical_graph,1,live/no_cut,1,live,DRY_RUN,0,,False,False,,,,,,,,,,,
s005:instance_016_logical_graph:r01:o2:no_cut,5,instance_016_logical_graph,1,live/no_cut,2,no_cut,DRY_RUN,0,,False,False,,,,,,,,,,,
s005:instance_016_logical_graph:r02:o1:no_cut,5,instance_016_logical_graph,2,no_cut/live,1,no_cut,DRY_RUN,0,,False,False,,,,,,,,,,,
s005:instance_016_logical_graph:r02:o2:live,5,instance_016_logical_graph,2,no_cut/live,2,live,DRY_RUN,0,,False,False,,,,,,,,,,,
s005:instance_016_logical_graph:r03:o1:live,5,instance_016_logical_graph,3,live/no_cut,1,live,DRY_RUN,0,,False,False,,,,,,,,,,,
s005:instance_016_logical_graph:r03:o2:no_cut,5,instance_016_logical_graph,3,live/no_cut,2,no_cut,DRY_RUN,0,,False,False,,,,,,,,,,,
s005:instance_016_logical_graph:r04:o1:no_cut,5,instance_016_logical_graph,4,no_cut/live,1,no_cut,DRY_RUN,0,,False,False,,,,,,,,,,,
s005:instance_016_logical_graph:r04:o2:live,5,instance_016_logical_graph,4,no_cut/live,2,live,DRY_RUN,0,,False,False,,,,,,,,,,,
s005:instance_016_logical_graph:r05:o1:live,5,instance_016_logical_graph,5,live/no_cut,1,live,DRY_RUN,0,,False,False,,,,,,,,,,,
s005:instance_016_logical_graph:r05:o2:no_cut,5,instance_016_logical_graph,5,live/no_cut,2,no_cut,DRY_RUN,0,,False,False,,,,,,,,,,,
s005:instance_016_logical_graph:r06:o1:no_cut,5,instance_016_logical_graph,6,no_cut/live,1,no_cut,DRY_RUN,0,,False,False,,,,,,,,,,,
s005:instance_016_logical_graph:r06:o2:live,5,instance_016_logical_graph,6,no_cut/live,2,live,DRY_RUN,0,,False,False,,,,,,,,,,,
s005:instance_016_logical_graph:r07:o1:live,5,instance_016_logical_graph,7,live/no_cut,1,live,DRY_RUN,0,,False,False,,,,,,,,,,,
s005:instance_016_logical_graph:r07:o2:no_cut,5,instance_016_logical_graph,7,live/no_cut,2,no_cut,DRY_RUN,0,,False,False,,,,,,,,,,,
s005:instance_016_logical_graph:r08:o1:no_cut,5,instance_016_logical_graph,8,no_cut/live,1,no_cut,DRY_RUN,0,,False,False,,,,,,,,,,,
s005:instance_016_logical_graph:r08:o2:live,5,instance_016_logical_graph,8,no_cut/live,2,live,DRY_RUN,0,,False,False,,,,,,,,,,,
s005:instance_016_logical_graph:r09:o1:live,5,instance_016_logical_graph,9,live/no_cut,1,live,DRY_RUN,0,,False,False,,,,,,,,,,,
s005:instance_016_logical_graph:r09:o2:no_cut,5,instance_016_logical_graph,9,live/no_cut,2,no_cut,DRY_RUN,0,,False,False,,,,,,,,,,,
s005:instance_016_logical_graph:r10:o1:no_cut,5,instance_016_logical_graph,10,no_cut/live,1,no_cut,DRY_RUN,0,,False,False,,,,,,,,,,,
s005:instance_016_logical_graph:r10:o2:live,5,instance_016_logical_graph,10,no_cut/live,2,live,DRY_RUN,0,,False,False,,,,,,,,,,,
s005:instance_017_logical_graph:r01:o1:no_cut,5,instance_017_logical_graph,1,no_cut/live,1,no_cut,DRY_RUN,0,,False,False,,,,,,,,,,,
s005:instance_017_logical_graph:r01:o2:live,5,instance_017_logical_graph,1,no_cut/live,2,live,DRY_RUN,0,,False,False,,,,,,,,,,,
s005:instance_017_logical_graph:r02:o1:live,5,instance_017_logical_graph,2,live/no_cut,1,live,DRY_RUN,0,,False,False,,,,,,,,,,,
s005:instance_017_logical_graph:r02:o2:no_cut,5,instance_017_logical_graph,2,live/no_cut,2,no_cut,DRY_RUN,0,,False,False,,,,,,,,,,,
s005:instance_017_logical_graph:r03:o1:no_cut,5,instance_017_logical_graph,3,no_cut/live,1,no_cut,DRY_RUN,0,,False,False,,,,,,,,,,,
s005:instance_017_logical_graph:r03:o2:live,5,instance_017_logical_graph,3,no_cut/live,2,live,DRY_RUN,0,,False,False,,,,,,,,,,,
s005:instance_017_logical_graph:r04:o1:live,5,instance_017_logical_graph,4,live/no_cut,1,live,DRY_RUN,0,,False,False,,,,,,,,,,,
s005:instance_017_logical_graph:r04:o2:no_cut,5,instance_017_logical_graph,4,live/no_cut,2,no_cut,DRY_RUN,0,,False,False,,,,,,,,,,,
s005:instance_017_logical_graph:r05:o1:no_cut,5,instance_017_logical_graph,5,no_cut/live,1,no_cut,DRY_RUN,0,,False,False,,,,,,,,,,,
s005:instance_017_logical_graph:r05:o2:live,5,instance_017_logical_graph,5,no_cut/live,2,live,DRY_RUN,0,,False,False,,,,,,,,,,,
s005:instance_017_logical_graph:r06:o1:live,5,instance_017_logical_graph,6,live/no_cut,1,live,DRY_RUN,0,,False,False,,,,,,,,,,,
s005:instance_017_logical_graph:r06:o2:no_cut,5,instance_017_logical_graph,6,live/no_cut,2,no_cut,DRY_RUN,0,,False,False,,,,,,,,,,,
s005:instance_017_logical_graph:r07:o1:no_cut,5,instance_017_logical_graph,7,no_cut/live,1,no_cut,DRY_RUN,0,,False,False,,,,,,,,,,,
s005:instance_017_logical_graph:r07:o2:live,5,instance_017_logical_graph,7,no_cut/live,2,live,DRY_RUN,0,,False,False,,,,,,,,,,,
s005:instance_017_logical_graph:r08:o1:live,5,instance_017_logical_graph,8,live/no_cut,1,live,DRY_RUN,0,,False,False,,,,,,,,,,,
s005:instance_017_logical_graph:r08:o2:no_cut,5,instance_017_logical_graph,8,live/no_cut,2,no_cut,DRY_RUN,0,,False,False,,,,,,,,,,,
s005:instance_017_logical_graph:r09:o1:no_cut,5,instance_017_logical_graph,9,no_cut/live,1,no_cut,DRY_RUN,0,,False,False,,,,,,,,,,,
s005:instance_017_logical_graph:r09:o2:live,5,instance_017_logical_graph,9,no_cut/live,2,live,DRY_RUN,0,,False,False,,,,,,,,,,,
s005:instance_017_logical_graph:r10:o1:live,5,instance_017_logical_graph,10,live/no_cut,1,live,DRY_RUN,0,,False,False,,,,,,,,,,,
s005:instance_017_logical_graph:r10:o2:no_cut,5,instance_017_logical_graph,10,live/no_cut,2,no_cut,DRY_RUN,0,,False,False,,,,,,,,,,,
s005:instance_018_logical_graph:r01:o1:live,5,instance_018_logical_graph,1,live/no_cut,1,live,DRY_RUN,0,,False,False,,,,,,,,,,,
s005:instance_018_logical_graph:r01:o2:no_cut,5,instance_018_logical_graph,1,live/no_cut,2,no_cut,DRY_RUN,0,,False,False,,,,,,,,,,,
s005:instance_018_logical_graph:r02:o1:no_cut,5,instance_018_logical_graph,2,no_cut/live,1,no_cut,DRY_RUN,0,,False,False,,,,,,,,,,,
s005:instance_018_logical_graph:r02:o2:live,5,instance_018_logical_graph,2,no_cut/live,2,live,DRY_RUN,0,,False,False,,,,,,,,,,,
s005:instance_018_logical_graph:r03:o1:live,5,instance_018_logical_graph,3,live/no_cut,1,live,DRY_RUN,0,,False,False,,,,,,,,,,,
s005:instance_018_logical_graph:r03:o2:no_cut,5,instance_018_logical_graph,3,live/no_cut,2,no_cut,DRY_RUN,0,,False,False,,,,,,,,,,,
s005:instance_018_logical_graph:r04:o1:no_cut,5,instance_018_logical_graph,4,no_cut/live,1,no_cut,DRY_RUN,0,,False,False,,,,,,,,,,,
s005:instance_018_logical_graph:r04:o2:live,5,instance_018_logical_graph,4,no_cut/live,2,live,DRY_RUN,0,,False,False,,,,,,,,,,,
s005:instance_018_logical_graph:r05:o1:live,5,instance_018_logical_graph,5,live/no_cut,1,live,DRY_RUN,0,,False,False,,,,,,,,,,,
s005:instance_018_logical_graph:r05:o2:no_cut,5,instance_018_logical_graph,5,live/no_cut,2,no_cut,DRY_RUN,0,,False,False,,,,,,,,,,,
s005:instance_018_logical_graph:r06:o1:no_cut,5,instance_018_logical_graph,6,no_cut/live,1,no_cut,DRY_RUN,0,,False,False,,,,,,,,,,,
s005:instance_018_logical_graph:r06:o2:live,5,instance_018_logical_graph,6,no_cut/live,2,live,DRY_RUN,0,,False,False,,,,,,,,,,,
s005:instance_018_logical_graph:r07:o1:live,5,instance_018_logical_graph,7,live/no_cut,1,live,DRY_RUN,0,,False,False,,,,,,,,,,,
s005:instance_018_logical_graph:r07:o2:no_cut,5,instance_018_logical_graph,7,live/no_cut,2,no_cut,DRY_RUN,0,,False,False,,,,,,,,,,,
s005:instance_018_logical_graph:r08:o1:no_cut,5,instance_018_logical_graph,8,no_cut/live,1,no_cut,DRY_RUN,0,,False,False,,,,,,,,,,,
s005:instance_018_logical_graph:r08:o2:live,5,instance_018_logical_graph,8,no_cut/live,2,live,DRY_RUN,0,,False,False,,,,,,,,,,,
s005:instance_018_logical_graph:r09:o1:live,5,instance_018_logical_graph,9,live/no_cut,1,live,DRY_RUN,0,,False,False,,,,,,,,,,,
s005:instance_018_logical_graph:r09:o2:no_cut,5,instance_018_logical_graph,9,live/no_cut,2,no_cut,DRY_RUN,0,,False,False,,,,,,,,,,,
s005:instance_018_logical_graph:r10:o1:no_cut,5,instance_018_logical_graph,10,no_cut/live,1,no_cut,DRY_RUN,0,,False,False,,,,,,,,,,,
s005:instance_018_logical_graph:r10:o2:live,5,instance_018_logical_graph,10,no_cut/live,2,live,DRY_RUN,0,,False,False,,,,,,,,,,,
s005:instance_019_logical_graph:r01:o1:no_cut,5,instance_019_logical_graph,1,no_cut/live,1,no_cut,DRY_RUN,0,,False,False,,,,,,,,,,,
s005:instance_019_logical_graph:r01:o2:live,5,instance_019_logical_graph,1,no_cut/live,2,live,DRY_RUN,0,,False,False,,,,,,,,,,,
s005:instance_019_logical_graph:r02:o1:live,5,instance_019_logical_graph,2,live/no_cut,1,live,DRY_RUN,0,,False,False,,,,,,,,,,,
s005:instance_019_logical_graph:r02:o2:no_cut,5,instance_019_logical_graph,2,live/no_cut,2,no_cut,DRY_RUN,0,,False,False,,,,,,,,,,,
s005:instance_019_logical_graph:r03:o1:no_cut,5,instance_019_logical_graph,3,no_cut/live,1,no_cut,DRY_RUN,0,,False,False,,,,,,,,,,,
s005:instance_019_logical_graph:r03:o2:live,5,instance_019_logical_graph,3,no_cut/live,2,live,DRY_RUN,0,,False,False,,,,,,,,,,,
s005:instance_019_logical_graph:r04:o1:live,5,instance_019_logical_graph,4,live/no_cut,1,live,DRY_RUN,0,,False,False,,,,,,,,,,,
s005:instance_019_logical_graph:r04:o2:no_cut,5,instance_019_logical_graph,4,live/no_cut,2,no_cut,DRY_RUN,0,,False,False,,,,,,,,,,,
s005:instance_019_logical_graph:r05:o1:no_cut,5,instance_019_logical_graph,5,no_cut/live,1,no_cut,DRY_RUN,0,,False,False,,,,,,,,,,,
s005:instance_019_logical_graph:r05:o2:live,5,instance_019_logical_graph,5,no_cut/live,2,live,DRY_RUN,0,,False,False,,,,,,,,,,,
s005:instance_019_logical_graph:r06:o1:live,5,instance_019_logical_graph,6,live/no_cut,1,live,DRY_RUN,0,,False,False,,,,,,,,,,,
s005:instance_019_logical_graph:r06:o2:no_cut,5,instance_019_logical_graph,6,live/no_cut,2,no_cut,DRY_RUN,0,,False,False,,,,,,,,,,,
s005:instance_019_logical_graph:r07:o1:no_cut,5,instance_019_logical_graph,7,no_cut/live,1,no_cut,DRY_RUN,0,,False,False,,,,,,,,,,,
s005:instance_019_logical_graph:r07:o2:live,5,instance_019_logical_graph,7,no_cut/live,2,live,DRY_RUN,0,,False,False,,,,,,,,,,,
s005:instance_019_logical_graph:r08:o1:live,5,instance_019_logical_graph,8,live/no_cut,1,live,DRY_RUN,0,,False,False,,,,,,,,,,,
s005:instance_019_logical_graph:r08:o2:no_cut,5,instance_019_logical_graph,8,live/no_cut,2,no_cut,DRY_RUN,0,,False,False,,,,,,,,,,,
s005:instance_019_logical_graph:r09:o1:no_cut,5,instance_019_logical_graph,9,no_cut/live,1,no_cut,DRY_RUN,0,,False,False,,,,,,,,,,,
s005:instance_019_logical_graph:r09:o2:live,5,instance_019_logical_graph,9,no_cut/live,2,live,DRY_RUN,0,,False,False,,,,,,,,,,,
s005:instance_019_logical_graph:r10:o1:live,5,instance_019_logical_graph,10,live/no_cut,1,live,DRY_RUN,0,,False,False,,,,,,,,,,,
s005:instance_019_logical_graph:r10:o2:no_cut,5,instance_019_logical_graph,10,live/no_cut,2,no_cut,DRY_RUN,0,,False,False,,,,,,,,,,,
s005:instance_020_logical_graph:r01:o1:live,5,instance_020_logical_graph,1,live/no_cut,1,live,DRY_RUN,0,,False,False,,,,,,,,,,,
s005:instance_020_logical_graph:r01:o2:no_cut,5,instance_020_logical_graph,1,live/no_cut,2,no_cut,DRY_RUN,0,,False,False,,,,,,,,,,,
s005:instance_020_logical_graph:r02:o1:no_cut,5,instance_020_logical_graph,2,no_cut/live,1,no_cut,DRY_RUN,0,,False,False,,,,,,,,,,,
s005:instance_020_logical_graph:r02:o2:live,5,instance_020_logical_graph,2,no_cut/live,2,live,DRY_RUN,0,,False,False,,,,,,,,,,,
s005:instance_020_logical_graph:r03:o1:live,5,instance_020_logical_graph,3,live/no_cut,1,live,DRY_RUN,0,,False,False,,,,,,,,,,,
s005:instance_020_logical_graph:r03:o2:no_cut,5,instance_020_logical_graph,3,live/no_cut,2,no_cut,DRY_RUN,0,,False,False,,,,,,,,,,,
s005:instance_020_logical_graph:r04:o1:no_cut,5,instance_020_logical_graph,4,no_cut/live,1,no_cut,DRY_RUN,0,,False,False,,,,,,,,,,,
s005:instance_020_logical_graph:r04:o2:live,5,instance_020_logical_graph,4,no_cut/live,2,live,DRY_RUN,0,,False,False,,,,,,,,,,,
s005:instance_020_logical_graph:r05:o1:live,5,instance_020_logical_graph,5,live/no_cut,1,live,DRY_RUN,0,,False,False,,,,,,,,,,,
s005:instance_020_logical_graph:r05:o2:no_cut,5,instance_020_logical_graph,5,live/no_cut,2,no_cut,DRY_RUN,0,,False,False,,,,,,,,,,,
s005:instance_020_logical_graph:r06:o1:no_cut,5,instance_020_logical_graph,6,no_cut/live,1,no_cut,DRY_RUN,0,,False,False,,,,,,,,,,,
s005:instance_020_logical_graph:r06:o2:live,5,instance_020_logical_graph,6,no_cut/live,2,live,DRY_RUN,0,,False,False,,,,,,,,,,,
s005:instance_020_logical_graph:r07:o1:live,5,instance_020_logical_graph,7,live/no_cut,1,live,DRY_RUN,0,,False,False,,,,,,,,,,,
s005:instance_020_logical_graph:r07:o2:no_cut,5,instance_020_logical_graph,7,live/no_cut,2,no_cut,DRY_RUN,0,,False,False,,,,,,,,,,,
s005:instance_020_logical_graph:r08:o1:no_cut,5,instance_020_logical_graph,8,no_cut/live,1,no_cut,DRY_RUN,0,,False,False,,,,,,,,,,,
s005:instance_020_logical_graph:r08:o2:live,5,instance_020_logical_graph,8,no_cut/live,2,live,DRY_RUN,0,,False,False,,,,,,,,,,,
s005:instance_020_logical_graph:r09:o1:live,5,instance_020_logical_graph,9,live/no_cut,1,live,DRY_RUN,0,,False,False,,,,,,,,,,,
s005:instance_020_logical_graph:r09:o2:no_cut,5,instance_020_logical_graph,9,live/no_cut,2,no_cut,DRY_RUN,0,,False,False,,,,,,,,,,,
s005:instance_020_logical_graph:r10:o1:no_cut,5,instance_020_logical_graph,10,no_cut/live,1,no_cut,DRY_RUN,0,,False,False,,,,,,,,,,,
s005:instance_020_logical_graph:r10:o2:live,5,instance_020_logical_graph,10,no_cut/live,2,live,DRY_RUN,0,,False,False,,,,,,,,,,,
s010:instance_001_logical_graph:r01:o1:no_cut,10,instance_001_logical_graph,1,no_cut/live,1,no_cut,DRY_RUN,0,,False,False,,,,,,,,,,,
s010:instance_001_logical_graph:r01:o2:live,10,instance_001_logical_graph,1,no_cut/live,2,live,DRY_RUN,0,,False,False,,,,,,,,,,,
s010:instance_001_logical_graph:r02:o1:live,10,instance_001_logical_graph,2,live/no_cut,1,live,DRY_RUN,0,,False,False,,,,,,,,,,,
s010:instance_001_logical_graph:r02:o2:no_cut,10,instance_001_logical_graph,2,live/no_cut,2,no_cut,DRY_RUN,0,,False,False,,,,,,,,,,,
s010:instance_001_logical_graph:r03:o1:no_cut,10,instance_001_logical_graph,3,no_cut/live,1,no_cut,DRY_RUN,0,,False,False,,,,,,,,,,,
s010:instance_001_logical_graph:r03:o2:live,10,instance_001_logical_graph,3,no_cut/live,2,live,DRY_RUN,0,,False,False,,,,,,,,,,,
s010:instance_001_logical_graph:r04:o1:live,10,instance_001_logical_graph,4,live/no_cut,1,live,DRY_RUN,0,,False,False,,,,,,,,,,,
s010:instance_001_logical_graph:r04:o2:no_cut,10,instance_001_logical_graph,4,live/no_cut,2,no_cut,DRY_RUN,0,,False,False,,,,,,,,,,,
s010:instance_001_logical_graph:r05:o1:no_cut,10,instance_001_logical_graph,5,no_cut/live,1,no_cut,DRY_RUN,0,,False,False,,,,,,,,,,,
s010:instance_001_logical_graph:r05:o2:live,10,instance_001_logical_graph,5,no_cut/live,2,live,DRY_RUN,0,,False,False,,,,,,,,,,,
s010:instance_001_logical_graph:r06:o1:live,10,instance_001_logical_graph,6,live/no_cut,1,live,DRY_RUN,0,,False,False,,,,,,,,,,,
s010:instance_001_logical_graph:r06:o2:no_cut,10,instance_001_logical_graph,6,live/no_cut,2,no_cut,DRY_RUN,0,,False,False,,,,,,,,,,,
s010:instance_001_logical_graph:r07:o1:no_cut,10,instance_001_logical_graph,7,no_cut/live,1,no_cut,DRY_RUN,0,,False,False,,,,,,,,,,,
s010:instance_001_logical_graph:r07:o2:live,10,instance_001_logical_graph,7,no_cut/live,2,live,DRY_RUN,0,,False,False,,,,,,,,,,,
s010:instance_001_logical_graph:r08:o1:live,10,instance_001_logical_graph,8,live/no_cut,1,live,DRY_RUN,0,,False,False,,,,,,,,,,,
s010:instance_001_logical_graph:r08:o2:no_cut,10,instance_001_logical_graph,8,live/no_cut,2,no_cut,DRY_RUN,0,,False,False,,,,,,,,,,,
s010:instance_001_logical_graph:r09:o1:no_cut,10,instance_001_logical_graph,9,no_cut/live,1,no_cut,DRY_RUN,0,,False,False,,,,,,,,,,,
s010:instance_001_logical_graph:r09:o2:live,10,instance_001_logical_graph,9,no_cut/live,2,live,DRY_RUN,0,,False,False,,,,,,,,,,,
s010:instance_001_logical_graph:r10:o1:live,10,instance_001_logical_graph,10,live/no_cut,1,live,DRY_RUN,0,,False,False,,,,,,,,,,,
s010:instance_001_logical_graph:r10:o2:no_cut,10,instance_001_logical_graph,10,live/no_cut,2,no_cut,DRY_RUN,0,,False,False,,,,,,,,,,,
s010:instance_002_logical_graph:r01:o1:live,10,instance_002_logical_graph,1,live/no_cut,1,live,DRY_RUN,0,,False,False,,,,,,,,,,,
s010:instance_002_logical_graph:r01:o2:no_cut,10,instance_002_logical_graph,1,live/no_cut,2,no_cut,DRY_RUN,0,,False,False,,,,,,,,,,,
s010:instance_002_logical_graph:r02:o1:no_cut,10,instance_002_logical_graph,2,no_cut/live,1,no_cut,DRY_RUN,0,,False,False,,,,,,,,,,,
s010:instance_002_logical_graph:r02:o2:live,10,instance_002_logical_graph,2,no_cut/live,2,live,DRY_RUN,0,,False,False,,,,,,,,,,,
s010:instance_002_logical_graph:r03:o1:live,10,instance_002_logical_graph,3,live/no_cut,1,live,DRY_RUN,0,,False,False,,,,,,,,,,,
s010:instance_002_logical_graph:r03:o2:no_cut,10,instance_002_logical_graph,3,live/no_cut,2,no_cut,DRY_RUN,0,,False,False,,,,,,,,,,,
s010:instance_002_logical_graph:r04:o1:no_cut,10,instance_002_logical_graph,4,no_cut/live,1,no_cut,DRY_RUN,0,,False,False,,,,,,,,,,,
s010:instance_002_logical_graph:r04:o2:live,10,instance_002_logical_graph,4,no_cut/live,2,live,DRY_RUN,0,,False,False,,,,,,,,,,,
s010:instance_002_logical_graph:r05:o1:live,10,instance_002_logical_graph,5,live/no_cut,1,live,DRY_RUN,0,,False,False,,,,,,,,,,,
s010:instance_002_logical_graph:r05:o2:no_cut,10,instance_002_logical_graph,5,live/no_cut,2,no_cut,DRY_RUN,0,,False,False,,,,,,,,,,,
s010:instance_002_logical_graph:r06:o1:no_cut,10,instance_002_logical_graph,6,no_cut/live,1,no_cut,DRY_RUN,0,,False,False,,,,,,,,,,,
s010:instance_002_logical_graph:r06:o2:live,10,instance_002_logical_graph,6,no_cut/live,2,live,DRY_RUN,0,,False,False,,,,,,,,,,,
s010:instance_002_logical_graph:r07:o1:live,10,instance_002_logical_graph,7,live/no_cut,1,live,DRY_RUN,0,,False,False,,,,,,,,,,,
s010:instance_002_logical_graph:r07:o2:no_cut,10,instance_002_logical_graph,7,live/no_cut,2,no_cut,DRY_RUN,0,,False,False,,,,,,,,,,,
s010:instance_002_logical_graph:r08:o1:no_cut,10,instance_002_logical_graph,8,no_cut/live,1,no_cut,DRY_RUN,0,,False,False,,,,,,,,,,,
s010:instance_002_logical_graph:r08:o2:live,10,instance_002_logical_graph,8,no_cut/live,2,live,DRY_RUN,0,,False,False,,,,,,,,,,,
s010:instance_002_logical_graph:r09:o1:live,10,instance_002_logical_graph,9,live/no_cut,1,live,DRY_RUN,0,,False,False,,,,,,,,,,,
s010:instance_002_logical_graph:r09:o2:no_cut,10,instance_002_logical_graph,9,live/no_cut,2,no_cut,DRY_RUN,0,,False,False,,,,,,,,,,,
s010:instance_002_logical_graph:r10:o1:no_cut,10,instance_002_logical_graph,10,no_cut/live,1,no_cut,DRY_RUN,0,,False,False,,,,,,,,,,,
s010:instance_002_logical_graph:r10:o2:live,10,instance_002_logical_graph,10,no_cut/live,2,live,DRY_RUN,0,,False,False,,,,,,,,,,,
s010:instance_003_logical_graph:r01:o1:no_cut,10,instance_003_logical_graph,1,no_cut/live,1,no_cut,DRY_RUN,0,,False,False,,,,,,,,,,,
s010:instance_003_logical_graph:r01:o2:live,10,instance_003_logical_graph,1,no_cut/live,2,live,DRY_RUN,0,,False,False,,,,,,,,,,,
s010:instance_003_logical_graph:r02:o1:live,10,instance_003_logical_graph,2,live/no_cut,1,live,DRY_RUN,0,,False,False,,,,,,,,,,,
s010:instance_003_logical_graph:r02:o2:no_cut,10,instance_003_logical_graph,2,live/no_cut,2,no_cut,DRY_RUN,0,,False,False,,,,,,,,,,,
s010:instance_003_logical_graph:r03:o1:no_cut,10,instance_003_logical_graph,3,no_cut/live,1,no_cut,DRY_RUN,0,,False,False,,,,,,,,,,,
s010:instance_003_logical_graph:r03:o2:live,10,instance_003_logical_graph,3,no_cut/live,2,live,DRY_RUN,0,,False,False,,,,,,,,,,,
s010:instance_003_logical_graph:r04:o1:live,10,instance_003_logical_graph,4,live/no_cut,1,live,DRY_RUN,0,,False,False,,,,,,,,,,,
s010:instance_003_logical_graph:r04:o2:no_cut,10,instance_003_logical_graph,4,live/no_cut,2,no_cut,DRY_RUN,0,,False,False,,,,,,,,,,,
s010:instance_003_logical_graph:r05:o1:no_cut,10,instance_003_logical_graph,5,no_cut/live,1,no_cut,DRY_RUN,0,,False,False,,,,,,,,,,,
s010:instance_003_logical_graph:r05:o2:live,10,instance_003_logical_graph,5,no_cut/live,2,live,DRY_RUN,0,,False,False,,,,,,,,,,,
s010:instance_003_logical_graph:r06:o1:live,10,instance_003_logical_graph,6,live/no_cut,1,live,DRY_RUN,0,,False,False,,,,,,,,,,,
s010:instance_003_logical_graph:r06:o2:no_cut,10,instance_003_logical_graph,6,live/no_cut,2,no_cut,DRY_RUN,0,,False,False,,,,,,,,,,,
s010:instance_003_logical_graph:r07:o1:no_cut,10,instance_003_logical_graph,7,no_cut/live,1,no_cut,DRY_RUN,0,,False,False,,,,,,,,,,,
s010:instance_003_logical_graph:r07:o2:live,10,instance_003_logical_graph,7,no_cut/live,2,live,DRY_RUN,0,,False,False,,,,,,,,,,,
s010:instance_003_logical_graph:r08:o1:live,10,instance_003_logical_graph,8,live/no_cut,1,live,DRY_RUN,0,,False,False,,,,,,,,,,,
s010:instance_003_logical_graph:r08:o2:no_cut,10,instance_003_logical_graph,8,live/no_cut,2,no_cut,DRY_RUN,0,,False,False,,,,,,,,,,,
s010:instance_003_logical_graph:r09:o1:no_cut,10,instance_003_logical_graph,9,no_cut/live,1,no_cut,DRY_RUN,0,,False,False,,,,,,,,,,,
s010:instance_003_logical_graph:r09:o2:live,10,instance_003_logical_graph,9,no_cut/live,2,live,DRY_RUN,0,,False,False,,,,,,,,,,,
s010:instance_003_logical_graph:r10:o1:live,10,instance_003_logical_graph,10,live/no_cut,1,live,DRY_RUN,0,,False,False,,,,,,,,,,,
s010:instance_003_logical_graph:r10:o2:no_cut,10,instance_003_logical_graph,10,live/no_cut,2,no_cut,DRY_RUN,0,,False,False,,,,,,,,,,,
s010:instance_004_logical_graph:r01:o1:live,10,instance_004_logical_graph,1,live/no_cut,1,live,DRY_RUN,0,,False,False,,,,,,,,,,,
s010:instance_004_logical_graph:r01:o2:no_cut,10,instance_004_logical_graph,1,live/no_cut,2,no_cut,DRY_RUN,0,,False,False,,,,,,,,,,,
s010:instance_004_logical_graph:r02:o1:no_cut,10,instance_004_logical_graph,2,no_cut/live,1,no_cut,DRY_RUN,0,,False,False,,,,,,,,,,,
s010:instance_004_logical_graph:r02:o2:live,10,instance_004_logical_graph,2,no_cut/live,2,live,DRY_RUN,0,,False,False,,,,,,,,,,,
s010:instance_004_logical_graph:r03:o1:live,10,instance_004_logical_graph,3,live/no_cut,1,live,DRY_RUN,0,,False,False,,,,,,,,,,,
s010:instance_004_logical_graph:r03:o2:no_cut,10,instance_004_logical_graph,3,live/no_cut,2,no_cut,DRY_RUN,0,,False,False,,,,,,,,,,,
s010:instance_004_logical_graph:r04:o1:no_cut,10,instance_004_logical_graph,4,no_cut/live,1,no_cut,DRY_RUN,0,,False,False,,,,,,,,,,,
s010:instance_004_logical_graph:r04:o2:live,10,instance_004_logical_graph,4,no_cut/live,2,live,DRY_RUN,0,,False,False,,,,,,,,,,,
s010:instance_004_logical_graph:r05:o1:live,10,instance_004_logical_graph,5,live/no_cut,1,live,DRY_RUN,0,,False,False,,,,,,,,,,,
s010:instance_004_logical_graph:r05:o2:no_cut,10,instance_004_logical_graph,5,live/no_cut,2,no_cut,DRY_RUN,0,,False,False,,,,,,,,,,,
s010:instance_004_logical_graph:r06:o1:no_cut,10,instance_004_logical_graph,6,no_cut/live,1,no_cut,DRY_RUN,0,,False,False,,,,,,,,,,,
s010:instance_004_logical_graph:r06:o2:live,10,instance_004_logical_graph,6,no_cut/live,2,live,DRY_RUN,0,,False,False,,,,,,,,,,,
s010:instance_004_logical_graph:r07:o1:live,10,instance_004_logical_graph,7,live/no_cut,1,live,DRY_RUN,0,,False,False,,,,,,,,,,,
s010:instance_004_logical_graph:r07:o2:no_cut,10,instance_004_logical_graph,7,live/no_cut,2,no_cut,DRY_RUN,0,,False,False,,,,,,,,,,,
s010:instance_004_logical_graph:r08:o1:no_cut,10,instance_004_logical_graph,8,no_cut/live,1,no_cut,DRY_RUN,0,,False,False,,,,,,,,,,,
s010:instance_004_logical_graph:r08:o2:live,10,instance_004_logical_graph,8,no_cut/live,2,live,DRY_RUN,0,,False,False,,,,,,,,,,,
s010:instance_004_logical_graph:r09:o1:live,10,instance_004_logical_graph,9,live/no_cut,1,live,DRY_RUN,0,,False,False,,,,,,,,,,,
s010:instance_004_logical_graph:r09:o2:no_cut,10,instance_004_logical_graph,9,live/no_cut,2,no_cut,DRY_RUN,0,,False,False,,,,,,,,,,,
s010:instance_004_logical_graph:r10:o1:no_cut,10,instance_004_logical_graph,10,no_cut/live,1,no_cut,DRY_RUN,0,,False,False,,,,,,,,,,,
s010:instance_004_logical_graph:r10:o2:live,10,instance_004_logical_graph,10,no_cut/live,2,live,DRY_RUN,0,,False,False,,,,,,,,,,,
s010:instance_005_logical_graph:r01:o1:no_cut,10,instance_005_logical_graph,1,no_cut/live,1,no_cut,DRY_RUN,0,,False,False,,,,,,,,,,,
s010:instance_005_logical_graph:r01:o2:live,10,instance_005_logical_graph,1,no_cut/live,2,live,DRY_RUN,0,,False,False,,,,,,,,,,,
s010:instance_005_logical_graph:r02:o1:live,10,instance_005_logical_graph,2,live/no_cut,1,live,DRY_RUN,0,,False,False,,,,,,,,,,,
s010:instance_005_logical_graph:r02:o2:no_cut,10,instance_005_logical_graph,2,live/no_cut,2,no_cut,DRY_RUN,0,,False,False,,,,,,,,,,,
s010:instance_005_logical_graph:r03:o1:no_cut,10,instance_005_logical_graph,3,no_cut/live,1,no_cut,DRY_RUN,0,,False,False,,,,,,,,,,,
s010:instance_005_logical_graph:r03:o2:live,10,instance_005_logical_graph,3,no_cut/live,2,live,DRY_RUN,0,,False,False,,,,,,,,,,,
s010:instance_005_logical_graph:r04:o1:live,10,instance_005_logical_graph,4,live/no_cut,1,live,DRY_RUN,0,,False,False,,,,,,,,,,,
s010:instance_005_logical_graph:r04:o2:no_cut,10,instance_005_logical_graph,4,live/no_cut,2,no_cut,DRY_RUN,0,,False,False,,,,,,,,,,,
s010:instance_005_logical_graph:r05:o1:no_cut,10,instance_005_logical_graph,5,no_cut/live,1,no_cut,DRY_RUN,0,,False,False,,,,,,,,,,,
s010:instance_005_logical_graph:r05:o2:live,10,instance_005_logical_graph,5,no_cut/live,2,live,DRY_RUN,0,,False,False,,,,,,,,,,,
s010:instance_005_logical_graph:r06:o1:live,10,instance_005_logical_graph,6,live/no_cut,1,live,DRY_RUN,0,,False,False,,,,,,,,,,,
s010:instance_005_logical_graph:r06:o2:no_cut,10,instance_005_logical_graph,6,live/no_cut,2,no_cut,DRY_RUN,0,,False,False,,,,,,,,,,,
s010:instance_005_logical_graph:r07:o1:no_cut,10,instance_005_logical_graph,7,no_cut/live,1,no_cut,DRY_RUN,0,,False,False,,,,,,,,,,,
s010:instance_005_logical_graph:r07:o2:live,10,instance_005_logical_graph,7,no_cut/live,2,live,DRY_RUN,0,,False,False,,,,,,,,,,,
s010:instance_005_logical_graph:r08:o1:live,10,instance_005_logical_graph,8,live/no_cut,1,live,DRY_RUN,0,,False,False,,,,,,,,,,,
s010:instance_005_logical_graph:r08:o2:no_cut,10,instance_005_logical_graph,8,live/no_cut,2,no_cut,DRY_RUN,0,,False,False,,,,,,,,,,,
s010:instance_005_logical_graph:r09:o1:no_cut,10,instance_005_logical_graph,9,no_cut/live,1,no_cut,DRY_RUN,0,,False,False,,,,,,,,,,,
s010:instance_005_logical_graph:r09:o2:live,10,instance_005_logical_graph,9,no_cut/live,2,live,DRY_RUN,0,,False,False,,,,,,,,,,,
s010:instance_005_logical_graph:r10:o1:live,10,instance_005_logical_graph,10,live/no_cut,1,live,DRY_RUN,0,,False,False,,,,,,,,,,,
s010:instance_005_logical_graph:r10:o2:no_cut,10,instance_005_logical_graph,10,live/no_cut,2,no_cut,DRY_RUN,0,,False,False,,,,,,,,,,,
s010:instance_006_logical_graph:r01:o1:live,10,instance_006_logical_graph,1,live/no_cut,1,live,DRY_RUN,0,,False,False,,,,,,,,,,,
s010:instance_006_logical_graph:r01:o2:no_cut,10,instance_006_logical_graph,1,live/no_cut,2,no_cut,DRY_RUN,0,,False,False,,,,,,,,,,,
s010:instance_006_logical_graph:r02:o1:no_cut,10,instance_006_logical_graph,2,no_cut/live,1,no_cut,DRY_RUN,0,,False,False,,,,,,,,,,,
s010:instance_006_logical_graph:r02:o2:live,10,instance_006_logical_graph,2,no_cut/live,2,live,DRY_RUN,0,,False,False,,,,,,,,,,,
s010:instance_006_logical_graph:r03:o1:live,10,instance_006_logical_graph,3,live/no_cut,1,live,DRY_RUN,0,,False,False,,,,,,,,,,,
s010:instance_006_logical_graph:r03:o2:no_cut,10,instance_006_logical_graph,3,live/no_cut,2,no_cut,DRY_RUN,0,,False,False,,,,,,,,,,,
s010:instance_006_logical_graph:r04:o1:no_cut,10,instance_006_logical_graph,4,no_cut/live,1,no_cut,DRY_RUN,0,,False,False,,,,,,,,,,,
s010:instance_006_logical_graph:r04:o2:live,10,instance_006_logical_graph,4,no_cut/live,2,live,DRY_RUN,0,,False,False,,,,,,,,,,,
s010:instance_006_logical_graph:r05:o1:live,10,instance_006_logical_graph,5,live/no_cut,1,live,DRY_RUN,0,,False,False,,,,,,,,,,,
s010:instance_006_logical_graph:r05:o2:no_cut,10,instance_006_logical_graph,5,live/no_cut,2,no_cut,DRY_RUN,0,,False,False,,,,,,,,,,,
s010:instance_006_logical_graph:r06:o1:no_cut,10,instance_006_logical_graph,6,no_cut/live,1,no_cut,DRY_RUN,0,,False,False,,,,,,,,,,,
s010:instance_006_logical_graph:r06:o2:live,10,instance_006_logical_graph,6,no_cut/live,2,live,DRY_RUN,0,,False,False,,,,,,,,,,,
s010:instance_006_logical_graph:r07:o1:live,10,instance_006_logical_graph,7,live/no_cut,1,live,DRY_RUN,0,,False,False,,,,,,,,,,,
s010:instance_006_logical_graph:r07:o2:no_cut,10,instance_006_logical_graph,7,live/no_cut,2,no_cut,DRY_RUN,0,,False,False,,,,,,,,,,,
s010:instance_006_logical_graph:r08:o1:no_cut,10,instance_006_logical_graph,8,no_cut/live,1,no_cut,DRY_RUN,0,,False,False,,,,,,,,,,,
s010:instance_006_logical_graph:r08:o2:live,10,instance_006_logical_graph,8,no_cut/live,2,live,DRY_RUN,0,,False,False,,,,,,,,,,,
s010:instance_006_logical_graph:r09:o1:live,10,instance_006_logical_graph,9,live/no_cut,1,live,DRY_RUN,0,,False,False,,,,,,,,,,,
s010:instance_006_logical_graph:r09:o2:no_cut,10,instance_006_logical_graph,9,live/no_cut,2,no_cut,DRY_RUN,0,,False,False,,,,,,,,,,,
s010:instance_006_logical_graph:r10:o1:no_cut,10,instance_006_logical_graph,10,no_cut/live,1,no_cut,DRY_RUN,0,,False,False,,,,,,,,,,,
s010:instance_006_logical_graph:r10:o2:live,10,instance_006_logical_graph,10,no_cut/live,2,live,DRY_RUN,0,,False,False,,,,,,,,,,,
s010:instance_007_logical_graph:r01:o1:no_cut,10,instance_007_logical_graph,1,no_cut/live,1,no_cut,DRY_RUN,0,,False,False,,,,,,,,,,,
s010:instance_007_logical_graph:r01:o2:live,10,instance_007_logical_graph,1,no_cut/live,2,live,DRY_RUN,0,,False,False,,,,,,,,,,,
s010:instance_007_logical_graph:r02:o1:live,10,instance_007_logical_graph,2,live/no_cut,1,live,DRY_RUN,0,,False,False,,,,,,,,,,,
s010:instance_007_logical_graph:r02:o2:no_cut,10,instance_007_logical_graph,2,live/no_cut,2,no_cut,DRY_RUN,0,,False,False,,,,,,,,,,,
s010:instance_007_logical_graph:r03:o1:no_cut,10,instance_007_logical_graph,3,no_cut/live,1,no_cut,DRY_RUN,0,,False,False,,,,,,,,,,,
s010:instance_007_logical_graph:r03:o2:live,10,instance_007_logical_graph,3,no_cut/live,2,live,DRY_RUN,0,,False,False,,,,,,,,,,,
s010:instance_007_logical_graph:r04:o1:live,10,instance_007_logical_graph,4,live/no_cut,1,live,DRY_RUN,0,,False,False,,,,,,,,,,,
s010:instance_007_logical_graph:r04:o2:no_cut,10,instance_007_logical_graph,4,live/no_cut,2,no_cut,DRY_RUN,0,,False,False,,,,,,,,,,,
s010:instance_007_logical_graph:r05:o1:no_cut,10,instance_007_logical_graph,5,no_cut/live,1,no_cut,DRY_RUN,0,,False,False,,,,,,,,,,,
s010:instance_007_logical_graph:r05:o2:live,10,instance_007_logical_graph,5,no_cut/live,2,live,DRY_RUN,0,,False,False,,,,,,,,,,,
s010:instance_007_logical_graph:r06:o1:live,10,instance_007_logical_graph,6,live/no_cut,1,live,DRY_RUN,0,,False,False,,,,,,,,,,,
s010:instance_007_logical_graph:r06:o2:no_cut,10,instance_007_logical_graph,6,live/no_cut,2,no_cut,DRY_RUN,0,,False,False,,,,,,,,,,,
s010:instance_007_logical_graph:r07:o1:no_cut,10,instance_007_logical_graph,7,no_cut/live,1,no_cut,DRY_RUN,0,,False,False,,,,,,,,,,,
s010:instance_007_logical_graph:r07:o2:live,10,instance_007_logical_graph,7,no_cut/live,2,live,DRY_RUN,0,,False,False,,,,,,,,,,,
s010:instance_007_logical_graph:r08:o1:live,10,instance_007_logical_graph,8,live/no_cut,1,live,DRY_RUN,0,,False,False,,,,,,,,,,,
s010:instance_007_logical_graph:r08:o2:no_cut,10,instance_007_logical_graph,8,live/no_cut,2,no_cut,DRY_RUN,0,,False,False,,,,,,,,,,,
s010:instance_007_logical_graph:r09:o1:no_cut,10,instance_007_logical_graph,9,no_cut/live,1,no_cut,DRY_RUN,0,,False,False,,,,,,,,,,,
s010:instance_007_logical_graph:r09:o2:live,10,instance_007_logical_graph,9,no_cut/live,2,live,DRY_RUN,0,,False,False,,,,,,,,,,,
s010:instance_007_logical_graph:r10:o1:live,10,instance_007_logical_graph,10,live/no_cut,1,live,DRY_RUN,0,,False,False,,,,,,,,,,,
s010:instance_007_logical_graph:r10:o2:no_cut,10,instance_007_logical_graph,10,live/no_cut,2,no_cut,DRY_RUN,0,,False,False,,,,,,,,,,,
s010:instance_008_logical_graph:r01:o1:live,10,instance_008_logical_graph,1,live/no_cut,1,live,DRY_RUN,0,,False,False,,,,,,,,,,,
s010:instance_008_logical_graph:r01:o2:no_cut,10,instance_008_logical_graph,1,live/no_cut,2,no_cut,DRY_RUN,0,,False,False,,,,,,,,,,,
s010:instance_008_logical_graph:r02:o1:no_cut,10,instance_008_logical_graph,2,no_cut/live,1,no_cut,DRY_RUN,0,,False,False,,,,,,,,,,,
s010:instance_008_logical_graph:r02:o2:live,10,instance_008_logical_graph,2,no_cut/live,2,live,DRY_RUN,0,,False,False,,,,,,,,,,,
s010:instance_008_logical_graph:r03:o1:live,10,instance_008_logical_graph,3,live/no_cut,1,live,DRY_RUN,0,,False,False,,,,,,,,,,,
s010:instance_008_logical_graph:r03:o2:no_cut,10,instance_008_logical_graph,3,live/no_cut,2,no_cut,DRY_RUN,0,,False,False,,,,,,,,,,,
s010:instance_008_logical_graph:r04:o1:no_cut,10,instance_008_logical_graph,4,no_cut/live,1,no_cut,DRY_RUN,0,,False,False,,,,,,,,,,,
s010:instance_008_logical_graph:r04:o2:live,10,instance_008_logical_graph,4,no_cut/live,2,live,DRY_RUN,0,,False,False,,,,,,,,,,,
s010:instance_008_logical_graph:r05:o1:live,10,instance_008_logical_graph,5,live/no_cut,1,live,DRY_RUN,0,,False,False,,,,,,,,,,,
s010:instance_008_logical_graph:r05:o2:no_cut,10,instance_008_logical_graph,5,live/no_cut,2,no_cut,DRY_RUN,0,,False,False,,,,,,,,,,,
s010:instance_008_logical_graph:r06:o1:no_cut,10,instance_008_logical_graph,6,no_cut/live,1,no_cut,DRY_RUN,0,,False,False,,,,,,,,,,,
s010:instance_008_logical_graph:r06:o2:live,10,instance_008_logical_graph,6,no_cut/live,2,live,DRY_RUN,0,,False,False,,,,,,,,,,,
s010:instance_008_logical_graph:r07:o1:live,10,instance_008_logical_graph,7,live/no_cut,1,live,DRY_RUN,0,,False,False,,,,,,,,,,,
s010:instance_008_logical_graph:r07:o2:no_cut,10,instance_008_logical_graph,7,live/no_cut,2,no_cut,DRY_RUN,0,,False,False,,,,,,,,,,,
s010:instance_008_logical_graph:r08:o1:no_cut,10,instance_008_logical_graph,8,no_cut/live,1,no_cut,DRY_RUN,0,,False,False,,,,,,,,,,,
s010:instance_008_logical_graph:r08:o2:live,10,instance_008_logical_graph,8,no_cut/live,2,live,DRY_RUN,0,,False,False,,,,,,,,,,,
s010:instance_008_logical_graph:r09:o1:live,10,instance_008_logical_graph,9,live/no_cut,1,live,DRY_RUN,0,,False,False,,,,,,,,,,,
s010:instance_008_logical_graph:r09:o2:no_cut,10,instance_008_logical_graph,9,live/no_cut,2,no_cut,DRY_RUN,0,,False,False,,,,,,,,,,,
s010:instance_008_logical_graph:r10:o1:no_cut,10,instance_008_logical_graph,10,no_cut/live,1,no_cut,DRY_RUN,0,,False,False,,,,,,,,,,,
s010:instance_008_logical_graph:r10:o2:live,10,instance_008_logical_graph,10,no_cut/live,2,live,DRY_RUN,0,,False,False,,,,,,,,,,,
s010:instance_009_logical_graph:r01:o1:no_cut,10,instance_009_logical_graph,1,no_cut/live,1,no_cut,DRY_RUN,0,,False,False,,,,,,,,,,,
s010:instance_009_logical_graph:r01:o2:live,10,instance_009_logical_graph,1,no_cut/live,2,live,DRY_RUN,0,,False,False,,,,,,,,,,,
s010:instance_009_logical_graph:r02:o1:live,10,instance_009_logical_graph,2,live/no_cut,1,live,DRY_RUN,0,,False,False,,,,,,,,,,,
s010:instance_009_logical_graph:r02:o2:no_cut,10,instance_009_logical_graph,2,live/no_cut,2,no_cut,DRY_RUN,0,,False,False,,,,,,,,,,,
s010:instance_009_logical_graph:r03:o1:no_cut,10,instance_009_logical_graph,3,no_cut/live,1,no_cut,DRY_RUN,0,,False,False,,,,,,,,,,,
s010:instance_009_logical_graph:r03:o2:live,10,instance_009_logical_graph,3,no_cut/live,2,live,DRY_RUN,0,,False,False,,,,,,,,,,,
s010:instance_009_logical_graph:r04:o1:live,10,instance_009_logical_graph,4,live/no_cut,1,live,DRY_RUN,0,,False,False,,,,,,,,,,,
s010:instance_009_logical_graph:r04:o2:no_cut,10,instance_009_logical_graph,4,live/no_cut,2,no_cut,DRY_RUN,0,,False,False,,,,,,,,,,,
s010:instance_009_logical_graph:r05:o1:no_cut,10,instance_009_logical_graph,5,no_cut/live,1,no_cut,DRY_RUN,0,,False,False,,,,,,,,,,,
s010:instance_009_logical_graph:r05:o2:live,10,instance_009_logical_graph,5,no_cut/live,2,live,DRY_RUN,0,,False,False,,,,,,,,,,,
s010:instance_009_logical_graph:r06:o1:live,10,instance_009_logical_graph,6,live/no_cut,1,live,DRY_RUN,0,,False,False,,,,,,,,,,,
s010:instance_009_logical_graph:r06:o2:no_cut,10,instance_009_logical_graph,6,live/no_cut,2,no_cut,DRY_RUN,0,,False,False,,,,,,,,,,,
s010:instance_009_logical_graph:r07:o1:no_cut,10,instance_009_logical_graph,7,no_cut/live,1,no_cut,DRY_RUN,0,,False,False,,,,,,,,,,,
s010:instance_009_logical_graph:r07:o2:live,10,instance_009_logical_graph,7,no_cut/live,2,live,DRY_RUN,0,,False,False,,,,,,,,,,,
s010:instance_009_logical_graph:r08:o1:live,10,instance_009_logical_graph,8,live/no_cut,1,live,DRY_RUN,0,,False,False,,,,,,,,,,,
s010:instance_009_logical_graph:r08:o2:no_cut,10,instance_009_logical_graph,8,live/no_cut,2,no_cut,DRY_RUN,0,,False,False,,,,,,,,,,,
s010:instance_009_logical_graph:r09:o1:no_cut,10,instance_009_logical_graph,9,no_cut/live,1,no_cut,DRY_RUN,0,,False,False,,,,,,,,,,,
s010:instance_009_logical_graph:r09:o2:live,10,instance_009_logical_graph,9,no_cut/live,2,live,DRY_RUN,0,,False,False,,,,,,,,,,,
s010:instance_009_logical_graph:r10:o1:live,10,instance_009_logical_graph,10,live/no_cut,1,live,DRY_RUN,0,,False,False,,,,,,,,,,,
s010:instance_009_logical_graph:r10:o2:no_cut,10,instance_009_logical_graph,10,live/no_cut,2,no_cut,DRY_RUN,0,,False,False,,,,,,,,,,,
s010:instance_010_logical_graph:r01:o1:live,10,instance_010_logical_graph,1,live/no_cut,1,live,DRY_RUN,0,,False,False,,,,,,,,,,,
s010:instance_010_logical_graph:r01:o2:no_cut,10,instance_010_logical_graph,1,live/no_cut,2,no_cut,DRY_RUN,0,,False,False,,,,,,,,,,,
s010:instance_010_logical_graph:r02:o1:no_cut,10,instance_010_logical_graph,2,no_cut/live,1,no_cut,DRY_RUN,0,,False,False,,,,,,,,,,,
s010:instance_010_logical_graph:r02:o2:live,10,instance_010_logical_graph,2,no_cut/live,2,live,DRY_RUN,0,,False,False,,,,,,,,,,,
s010:instance_010_logical_graph:r03:o1:live,10,instance_010_logical_graph,3,live/no_cut,1,live,DRY_RUN,0,,False,False,,,,,,,,,,,
s010:instance_010_logical_graph:r03:o2:no_cut,10,instance_010_logical_graph,3,live/no_cut,2,no_cut,DRY_RUN,0,,False,False,,,,,,,,,,,
s010:instance_010_logical_graph:r04:o1:no_cut,10,instance_010_logical_graph,4,no_cut/live,1,no_cut,DRY_RUN,0,,False,False,,,,,,,,,,,
s010:instance_010_logical_graph:r04:o2:live,10,instance_010_logical_graph,4,no_cut/live,2,live,DRY_RUN,0,,False,False,,,,,,,,,,,
s010:instance_010_logical_graph:r05:o1:live,10,instance_010_logical_graph,5,live/no_cut,1,live,DRY_RUN,0,,False,False,,,,,,,,,,,
s010:instance_010_logical_graph:r05:o2:no_cut,10,instance_010_logical_graph,5,live/no_cut,2,no_cut,DRY_RUN,0,,False,False,,,,,,,,,,,
s010:instance_010_logical_graph:r06:o1:no_cut,10,instance_010_logical_graph,6,no_cut/live,1,no_cut,DRY_RUN,0,,False,False,,,,,,,,,,,
s010:instance_010_logical_graph:r06:o2:live,10,instance_010_logical_graph,6,no_cut/live,2,live,DRY_RUN,0,,False,False,,,,,,,,,,,
s010:instance_010_logical_graph:r07:o1:live,10,instance_010_logical_graph,7,live/no_cut,1,live,DRY_RUN,0,,False,False,,,,,,,,,,,
s010:instance_010_logical_graph:r07:o2:no_cut,10,instance_010_logical_graph,7,live/no_cut,2,no_cut,DRY_RUN,0,,False,False,,,,,,,,,,,
s010:instance_010_logical_graph:r08:o1:no_cut,10,instance_010_logical_graph,8,no_cut/live,1,no_cut,DRY_RUN,0,,False,False,,,,,,,,,,,
s010:instance_010_logical_graph:r08:o2:live,10,instance_010_logical_graph,8,no_cut/live,2,live,DRY_RUN,0,,False,False,,,,,,,,,,,
s010:instance_010_logical_graph:r09:o1:live,10,instance_010_logical_graph,9,live/no_cut,1,live,DRY_RUN,0,,False,False,,,,,,,,,,,
s010:instance_010_logical_graph:r09:o2:no_cut,10,instance_010_logical_graph,9,live/no_cut,2,no_cut,DRY_RUN,0,,False,False,,,,,,,,,,,
s010:instance_010_logical_graph:r10:o1:no_cut,10,instance_010_logical_graph,10,no_cut/live,1,no_cut,DRY_RUN,0,,False,False,,,,,,,,,,,
s010:instance_010_logical_graph:r10:o2:live,10,instance_010_logical_graph,10,no_cut/live,2,live,DRY_RUN,0,,False,False,,,,,,,,,,,
s010:instance_011_logical_graph:r01:o1:no_cut,10,instance_011_logical_graph,1,no_cut/live,1,no_cut,DRY_RUN,0,,False,False,,,,,,,,,,,
s010:instance_011_logical_graph:r01:o2:live,10,instance_011_logical_graph,1,no_cut/live,2,live,DRY_RUN,0,,False,False,,,,,,,,,,,
s010:instance_011_logical_graph:r02:o1:live,10,instance_011_logical_graph,2,live/no_cut,1,live,DRY_RUN,0,,False,False,,,,,,,,,,,
s010:instance_011_logical_graph:r02:o2:no_cut,10,instance_011_logical_graph,2,live/no_cut,2,no_cut,DRY_RUN,0,,False,False,,,,,,,,,,,
s010:instance_011_logical_graph:r03:o1:no_cut,10,instance_011_logical_graph,3,no_cut/live,1,no_cut,DRY_RUN,0,,False,False,,,,,,,,,,,
s010:instance_011_logical_graph:r03:o2:live,10,instance_011_logical_graph,3,no_cut/live,2,live,DRY_RUN,0,,False,False,,,,,,,,,,,
s010:instance_011_logical_graph:r04:o1:live,10,instance_011_logical_graph,4,live/no_cut,1,live,DRY_RUN,0,,False,False,,,,,,,,,,,
s010:instance_011_logical_graph:r04:o2:no_cut,10,instance_011_logical_graph,4,live/no_cut,2,no_cut,DRY_RUN,0,,False,False,,,,,,,,,,,
s010:instance_011_logical_graph:r05:o1:no_cut,10,instance_011_logical_graph,5,no_cut/live,1,no_cut,DRY_RUN,0,,False,False,,,,,,,,,,,
s010:instance_011_logical_graph:r05:o2:live,10,instance_011_logical_graph,5,no_cut/live,2,live,DRY_RUN,0,,False,False,,,,,,,,,,,
s010:instance_011_logical_graph:r06:o1:live,10,instance_011_logical_graph,6,live/no_cut,1,live,DRY_RUN,0,,False,False,,,,,,,,,,,
s010:instance_011_logical_graph:r06:o2:no_cut,10,instance_011_logical_graph,6,live/no_cut,2,no_cut,DRY_RUN,0,,False,False,,,,,,,,,,,
s010:instance_011_logical_graph:r07:o1:no_cut,10,instance_011_logical_graph,7,no_cut/live,1,no_cut,DRY_RUN,0,,False,False,,,,,,,,,,,
s010:instance_011_logical_graph:r07:o2:live,10,instance_011_logical_graph,7,no_cut/live,2,live,DRY_RUN,0,,False,False,,,,,,,,,,,
s010:instance_011_logical_graph:r08:o1:live,10,instance_011_logical_graph,8,live/no_cut,1,live,DRY_RUN,0,,False,False,,,,,,,,,,,
s010:instance_011_logical_graph:r08:o2:no_cut,10,instance_011_logical_graph,8,live/no_cut,2,no_cut,DRY_RUN,0,,False,False,,,,,,,,,,,
s010:instance_011_logical_graph:r09:o1:no_cut,10,instance_011_logical_graph,9,no_cut/live,1,no_cut,DRY_RUN,0,,False,False,,,,,,,,,,,
s010:instance_011_logical_graph:r09:o2:live,10,instance_011_logical_graph,9,no_cut/live,2,live,DRY_RUN,0,,False,False,,,,,,,,,,,
s010:instance_011_logical_graph:r10:o1:live,10,instance_011_logical_graph,10,live/no_cut,1,live,DRY_RUN,0,,False,False,,,,,,,,,,,
s010:instance_011_logical_graph:r10:o2:no_cut,10,instance_011_logical_graph,10,live/no_cut,2,no_cut,DRY_RUN,0,,False,False,,,,,,,,,,,
s010:instance_012_logical_graph:r01:o1:live,10,instance_012_logical_graph,1,live/no_cut,1,live,DRY_RUN,0,,False,False,,,,,,,,,,,
s010:instance_012_logical_graph:r01:o2:no_cut,10,instance_012_logical_graph,1,live/no_cut,2,no_cut,DRY_RUN,0,,False,False,,,,,,,,,,,
s010:instance_012_logical_graph:r02:o1:no_cut,10,instance_012_logical_graph,2,no_cut/live,1,no_cut,DRY_RUN,0,,False,False,,,,,,,,,,,
s010:instance_012_logical_graph:r02:o2:live,10,instance_012_logical_graph,2,no_cut/live,2,live,DRY_RUN,0,,False,False,,,,,,,,,,,
s010:instance_012_logical_graph:r03:o1:live,10,instance_012_logical_graph,3,live/no_cut,1,live,DRY_RUN,0,,False,False,,,,,,,,,,,
s010:instance_012_logical_graph:r03:o2:no_cut,10,instance_012_logical_graph,3,live/no_cut,2,no_cut,DRY_RUN,0,,False,False,,,,,,,,,,,
s010:instance_012_logical_graph:r04:o1:no_cut,10,instance_012_logical_graph,4,no_cut/live,1,no_cut,DRY_RUN,0,,False,False,,,,,,,,,,,
s010:instance_012_logical_graph:r04:o2:live,10,instance_012_logical_graph,4,no_cut/live,2,live,DRY_RUN,0,,False,False,,,,,,,,,,,
s010:instance_012_logical_graph:r05:o1:live,10,instance_012_logical_graph,5,live/no_cut,1,live,DRY_RUN,0,,False,False,,,,,,,,,,,
s010:instance_012_logical_graph:r05:o2:no_cut,10,instance_012_logical_graph,5,live/no_cut,2,no_cut,DRY_RUN,0,,False,False,,,,,,,,,,,
s010:instance_012_logical_graph:r06:o1:no_cut,10,instance_012_logical_graph,6,no_cut/live,1,no_cut,DRY_RUN,0,,False,False,,,,,,,,,,,
s010:instance_012_logical_graph:r06:o2:live,10,instance_012_logical_graph,6,no_cut/live,2,live,DRY_RUN,0,,False,False,,,,,,,,,,,
s010:instance_012_logical_graph:r07:o1:live,10,instance_012_logical_graph,7,live/no_cut,1,live,DRY_RUN,0,,False,False,,,,,,,,,,,
s010:instance_012_logical_graph:r07:o2:no_cut,10,instance_012_logical_graph,7,live/no_cut,2,no_cut,DRY_RUN,0,,False,False,,,,,,,,,,,
s010:instance_012_logical_graph:r08:o1:no_cut,10,instance_012_logical_graph,8,no_cut/live,1,no_cut,DRY_RUN,0,,False,False,,,,,,,,,,,
s010:instance_012_logical_graph:r08:o2:live,10,instance_012_logical_graph,8,no_cut/live,2,live,DRY_RUN,0,,False,False,,,,,,,,,,,
s010:instance_012_logical_graph:r09:o1:live,10,instance_012_logical_graph,9,live/no_cut,1,live,DRY_RUN,0,,False,False,,,,,,,,,,,
s010:instance_012_logical_graph:r09:o2:no_cut,10,instance_012_logical_graph,9,live/no_cut,2,no_cut,DRY_RUN,0,,False,False,,,,,,,,,,,
s010:instance_012_logical_graph:r10:o1:no_cut,10,instance_012_logical_graph,10,no_cut/live,1,no_cut,DRY_RUN,0,,False,False,,,,,,,,,,,
s010:instance_012_logical_graph:r10:o2:live,10,instance_012_logical_graph,10,no_cut/live,2,live,DRY_RUN,0,,False,False,,,,,,,,,,,
s010:instance_013_logical_graph:r01:o1:no_cut,10,instance_013_logical_graph,1,no_cut/live,1,no_cut,DRY_RUN,0,,False,False,,,,,,,,,,,
s010:instance_013_logical_graph:r01:o2:live,10,instance_013_logical_graph,1,no_cut/live,2,live,DRY_RUN,0,,False,False,,,,,,,,,,,
s010:instance_013_logical_graph:r02:o1:live,10,instance_013_logical_graph,2,live/no_cut,1,live,DRY_RUN,0,,False,False,,,,,,,,,,,
s010:instance_013_logical_graph:r02:o2:no_cut,10,instance_013_logical_graph,2,live/no_cut,2,no_cut,DRY_RUN,0,,False,False,,,,,,,,,,,
s010:instance_013_logical_graph:r03:o1:no_cut,10,instance_013_logical_graph,3,no_cut/live,1,no_cut,DRY_RUN,0,,False,False,,,,,,,,,,,
s010:instance_013_logical_graph:r03:o2:live,10,instance_013_logical_graph,3,no_cut/live,2,live,DRY_RUN,0,,False,False,,,,,,,,,,,
s010:instance_013_logical_graph:r04:o1:live,10,instance_013_logical_graph,4,live/no_cut,1,live,DRY_RUN,0,,False,False,,,,,,,,,,,
s010:instance_013_logical_graph:r04:o2:no_cut,10,instance_013_logical_graph,4,live/no_cut,2,no_cut,DRY_RUN,0,,False,False,,,,,,,,,,,
s010:instance_013_logical_graph:r05:o1:no_cut,10,instance_013_logical_graph,5,no_cut/live,1,no_cut,DRY_RUN,0,,False,False,,,,,,,,,,,
s010:instance_013_logical_graph:r05:o2:live,10,instance_013_logical_graph,5,no_cut/live,2,live,DRY_RUN,0,,False,False,,,,,,,,,,,
s010:instance_013_logical_graph:r06:o1:live,10,instance_013_logical_graph,6,live/no_cut,1,live,DRY_RUN,0,,False,False,,,,,,,,,,,
s010:instance_013_logical_graph:r06:o2:no_cut,10,instance_013_logical_graph,6,live/no_cut,2,no_cut,DRY_RUN,0,,False,False,,,,,,,,,,,
s010:instance_013_logical_graph:r07:o1:no_cut,10,instance_013_logical_graph,7,no_cut/live,1,no_cut,DRY_RUN,0,,False,False,,,,,,,,,,,
s010:instance_013_logical_graph:r07:o2:live,10,instance_013_logical_graph,7,no_cut/live,2,live,DRY_RUN,0,,False,False,,,,,,,,,,,
s010:instance_013_logical_graph:r08:o1:live,10,instance_013_logical_graph,8,live/no_cut,1,live,DRY_RUN,0,,False,False,,,,,,,,,,,
s010:instance_013_logical_graph:r08:o2:no_cut,10,instance_013_logical_graph,8,live/no_cut,2,no_cut,DRY_RUN,0,,False,False,,,,,,,,,,,
s010:instance_013_logical_graph:r09:o1:no_cut,10,instance_013_logical_graph,9,no_cut/live,1,no_cut,DRY_RUN,0,,False,False,,,,,,,,,,,
s010:instance_013_logical_graph:r09:o2:live,10,instance_013_logical_graph,9,no_cut/live,2,live,DRY_RUN,0,,False,False,,,,,,,,,,,
s010:instance_013_logical_graph:r10:o1:live,10,instance_013_logical_graph,10,live/no_cut,1,live,DRY_RUN,0,,False,False,,,,,,,,,,,
s010:instance_013_logical_graph:r10:o2:no_cut,10,instance_013_logical_graph,10,live/no_cut,2,no_cut,DRY_RUN,0,,False,False,,,,,,,,,,,
s010:instance_014_logical_graph:r01:o1:live,10,instance_014_logical_graph,1,live/no_cut,1,live,DRY_RUN,0,,False,False,,,,,,,,,,,
s010:instance_014_logical_graph:r01:o2:no_cut,10,instance_014_logical_graph,1,live/no_cut,2,no_cut,DRY_RUN,0,,False,False,,,,,,,,,,,
s010:instance_014_logical_graph:r02:o1:no_cut,10,instance_014_logical_graph,2,no_cut/live,1,no_cut,DRY_RUN,0,,False,False,,,,,,,,,,,
s010:instance_014_logical_graph:r02:o2:live,10,instance_014_logical_graph,2,no_cut/live,2,live,DRY_RUN,0,,False,False,,,,,,,,,,,
s010:instance_014_logical_graph:r03:o1:live,10,instance_014_logical_graph,3,live/no_cut,1,live,DRY_RUN,0,,False,False,,,,,,,,,,,
s010:instance_014_logical_graph:r03:o2:no_cut,10,instance_014_logical_graph,3,live/no_cut,2,no_cut,DRY_RUN,0,,False,False,,,,,,,,,,,
s010:instance_014_logical_graph:r04:o1:no_cut,10,instance_014_logical_graph,4,no_cut/live,1,no_cut,DRY_RUN,0,,False,False,,,,,,,,,,,
s010:instance_014_logical_graph:r04:o2:live,10,instance_014_logical_graph,4,no_cut/live,2,live,DRY_RUN,0,,False,False,,,,,,,,,,,
s010:instance_014_logical_graph:r05:o1:live,10,instance_014_logical_graph,5,live/no_cut,1,live,DRY_RUN,0,,False,False,,,,,,,,,,,
s010:instance_014_logical_graph:r05:o2:no_cut,10,instance_014_logical_graph,5,live/no_cut,2,no_cut,DRY_RUN,0,,False,False,,,,,,,,,,,
s010:instance_014_logical_graph:r06:o1:no_cut,10,instance_014_logical_graph,6,no_cut/live,1,no_cut,DRY_RUN,0,,False,False,,,,,,,,,,,
s010:instance_014_logical_graph:r06:o2:live,10,instance_014_logical_graph,6,no_cut/live,2,live,DRY_RUN,0,,False,False,,,,,,,,,,,
s010:instance_014_logical_graph:r07:o1:live,10,instance_014_logical_graph,7,live/no_cut,1,live,DRY_RUN,0,,False,False,,,,,,,,,,,
s010:instance_014_logical_graph:r07:o2:no_cut,10,instance_014_logical_graph,7,live/no_cut,2,no_cut,DRY_RUN,0,,False,False,,,,,,,,,,,
s010:instance_014_logical_graph:r08:o1:no_cut,10,instance_014_logical_graph,8,no_cut/live,1,no_cut,DRY_RUN,0,,False,False,,,,,,,,,,,
s010:instance_014_logical_graph:r08:o2:live,10,instance_014_logical_graph,8,no_cut/live,2,live,DRY_RUN,0,,False,False,,,,,,,,,,,
s010:instance_014_logical_graph:r09:o1:live,10,instance_014_logical_graph,9,live/no_cut,1,live,DRY_RUN,0,,False,False,,,,,,,,,,,
s010:instance_014_logical_graph:r09:o2:no_cut,10,instance_014_logical_graph,9,live/no_cut,2,no_cut,DRY_RUN,0,,False,False,,,,,,,,,,,
s010:instance_014_logical_graph:r10:o1:no_cut,10,instance_014_logical_graph,10,no_cut/live,1,no_cut,DRY_RUN,0,,False,False,,,,,,,,,,,
s010:instance_014_logical_graph:r10:o2:live,10,instance_014_logical_graph,10,no_cut/live,2,live,DRY_RUN,0,,False,False,,,,,,,,,,,
s010:instance_015_logical_graph:r01:o1:no_cut,10,instance_015_logical_graph,1,no_cut/live,1,no_cut,DRY_RUN,0,,False,False,,,,,,,,,,,
s010:instance_015_logical_graph:r01:o2:live,10,instance_015_logical_graph,1,no_cut/live,2,live,DRY_RUN,0,,False,False,,,,,,,,,,,
s010:instance_015_logical_graph:r02:o1:live,10,instance_015_logical_graph,2,live/no_cut,1,live,DRY_RUN,0,,False,False,,,,,,,,,,,
s010:instance_015_logical_graph:r02:o2:no_cut,10,instance_015_logical_graph,2,live/no_cut,2,no_cut,DRY_RUN,0,,False,False,,,,,,,,,,,
s010:instance_015_logical_graph:r03:o1:no_cut,10,instance_015_logical_graph,3,no_cut/live,1,no_cut,DRY_RUN,0,,False,False,,,,,,,,,,,
s010:instance_015_logical_graph:r03:o2:live,10,instance_015_logical_graph,3,no_cut/live,2,live,DRY_RUN,0,,False,False,,,,,,,,,,,
s010:instance_015_logical_graph:r04:o1:live,10,instance_015_logical_graph,4,live/no_cut,1,live,DRY_RUN,0,,False,False,,,,,,,,,,,
s010:instance_015_logical_graph:r04:o2:no_cut,10,instance_015_logical_graph,4,live/no_cut,2,no_cut,DRY_RUN,0,,False,False,,,,,,,,,,,
s010:instance_015_logical_graph:r05:o1:no_cut,10,instance_015_logical_graph,5,no_cut/live,1,no_cut,DRY_RUN,0,,False,False,,,,,,,,,,,
s010:instance_015_logical_graph:r05:o2:live,10,instance_015_logical_graph,5,no_cut/live,2,live,DRY_RUN,0,,False,False,,,,,,,,,,,
s010:instance_015_logical_graph:r06:o1:live,10,instance_015_logical_graph,6,live/no_cut,1,live,DRY_RUN,0,,False,False,,,,,,,,,,,
s010:instance_015_logical_graph:r06:o2:no_cut,10,instance_015_logical_graph,6,live/no_cut,2,no_cut,DRY_RUN,0,,False,False,,,,,,,,,,,
s010:instance_015_logical_graph:r07:o1:no_cut,10,instance_015_logical_graph,7,no_cut/live,1,no_cut,DRY_RUN,0,,False,False,,,,,,,,,,,
s010:instance_015_logical_graph:r07:o2:live,10,instance_015_logical_graph,7,no_cut/live,2,live,DRY_RUN,0,,False,False,,,,,,,,,,,
s010:instance_015_logical_graph:r08:o1:live,10,instance_015_logical_graph,8,live/no_cut,1,live,DRY_RUN,0,,False,False,,,,,,,,,,,
s010:instance_015_logical_graph:r08:o2:no_cut,10,instance_015_logical_graph,8,live/no_cut,2,no_cut,DRY_RUN,0,,False,False,,,,,,,,,,,
s010:instance_015_logical_graph:r09:o1:no_cut,10,instance_015_logical_graph,9,no_cut/live,1,no_cut,DRY_RUN,0,,False,False,,,,,,,,,,,
s010:instance_015_logical_graph:r09:o2:live,10,instance_015_logical_graph,9,no_cut/live,2,live,DRY_RUN,0,,False,False,,,,,,,,,,,
s010:instance_015_logical_graph:r10:o1:live,10,instance_015_logical_graph,10,live/no_cut,1,live,DRY_RUN,0,,False,False,,,,,,,,,,,
s010:instance_015_logical_graph:r10:o2:no_cut,10,instance_015_logical_graph,10,live/no_cut,2,no_cut,DRY_RUN,0,,False,False,,,,,,,,,,,
s010:instance_016_logical_graph:r01:o1:live,10,instance_016_logical_graph,1,live/no_cut,1,live,DRY_RUN,0,,False,False,,,,,,,,,,,
s010:instance_016_logical_graph:r01:o2:no_cut,10,instance_016_logical_graph,1,live/no_cut,2,no_cut,DRY_RUN,0,,False,False,,,,,,,,,,,
s010:instance_016_logical_graph:r02:o1:no_cut,10,instance_016_logical_graph,2,no_cut/live,1,no_cut,DRY_RUN,0,,False,False,,,,,,,,,,,
s010:instance_016_logical_graph:r02:o2:live,10,instance_016_logical_graph,2,no_cut/live,2,live,DRY_RUN,0,,False,False,,,,,,,,,,,
s010:instance_016_logical_graph:r03:o1:live,10,instance_016_logical_graph,3,live/no_cut,1,live,DRY_RUN,0,,False,False,,,,,,,,,,,
s010:instance_016_logical_graph:r03:o2:no_cut,10,instance_016_logical_graph,3,live/no_cut,2,no_cut,DRY_RUN,0,,False,False,,,,,,,,,,,
s010:instance_016_logical_graph:r04:o1:no_cut,10,instance_016_logical_graph,4,no_cut/live,1,no_cut,DRY_RUN,0,,False,False,,,,,,,,,,,
s010:instance_016_logical_graph:r04:o2:live,10,instance_016_logical_graph,4,no_cut/live,2,live,DRY_RUN,0,,False,False,,,,,,,,,,,
s010:instance_016_logical_graph:r05:o1:live,10,instance_016_logical_graph,5,live/no_cut,1,live,DRY_RUN,0,,False,False,,,,,,,,,,,
s010:instance_016_logical_graph:r05:o2:no_cut,10,instance_016_logical_graph,5,live/no_cut,2,no_cut,DRY_RUN,0,,False,False,,,,,,,,,,,
s010:instance_016_logical_graph:r06:o1:no_cut,10,instance_016_logical_graph,6,no_cut/live,1,no_cut,DRY_RUN,0,,False,False,,,,,,,,,,,
s010:instance_016_logical_graph:r06:o2:live,10,instance_016_logical_graph,6,no_cut/live,2,live,DRY_RUN,0,,False,False,,,,,,,,,,,
s010:instance_016_logical_graph:r07:o1:live,10,instance_016_logical_graph,7,live/no_cut,1,live,DRY_RUN,0,,False,False,,,,,,,,,,,
s010:instance_016_logical_graph:r07:o2:no_cut,10,instance_016_logical_graph,7,live/no_cut,2,no_cut,DRY_RUN,0,,False,False,,,,,,,,,,,
s010:instance_016_logical_graph:r08:o1:no_cut,10,instance_016_logical_graph,8,no_cut/live,1,no_cut,DRY_RUN,0,,False,False,,,,,,,,,,,
s010:instance_016_logical_graph:r08:o2:live,10,instance_016_logical_graph,8,no_cut/live,2,live,DRY_RUN,0,,False,False,,,,,,,,,,,
s010:instance_016_logical_graph:r09:o1:live,10,instance_016_logical_graph,9,live/no_cut,1,live,DRY_RUN,0,,False,False,,,,,,,,,,,
s010:instance_016_logical_graph:r09:o2:no_cut,10,instance_016_logical_graph,9,live/no_cut,2,no_cut,DRY_RUN,0,,False,False,,,,,,,,,,,
s010:instance_016_logical_graph:r10:o1:no_cut,10,instance_016_logical_graph,10,no_cut/live,1,no_cut,DRY_RUN,0,,False,False,,,,,,,,,,,
s010:instance_016_logical_graph:r10:o2:live,10,instance_016_logical_graph,10,no_cut/live,2,live,DRY_RUN,0,,False,False,,,,,,,,,,,
s010:instance_017_logical_graph:r01:o1:no_cut,10,instance_017_logical_graph,1,no_cut/live,1,no_cut,DRY_RUN,0,,False,False,,,,,,,,,,,
s010:instance_017_logical_graph:r01:o2:live,10,instance_017_logical_graph,1,no_cut/live,2,live,DRY_RUN,0,,False,False,,,,,,,,,,,
s010:instance_017_logical_graph:r02:o1:live,10,instance_017_logical_graph,2,live/no_cut,1,live,DRY_RUN,0,,False,False,,,,,,,,,,,
s010:instance_017_logical_graph:r02:o2:no_cut,10,instance_017_logical_graph,2,live/no_cut,2,no_cut,DRY_RUN,0,,False,False,,,,,,,,,,,
s010:instance_017_logical_graph:r03:o1:no_cut,10,instance_017_logical_graph,3,no_cut/live,1,no_cut,DRY_RUN,0,,False,False,,,,,,,,,,,
s010:instance_017_logical_graph:r03:o2:live,10,instance_017_logical_graph,3,no_cut/live,2,live,DRY_RUN,0,,False,False,,,,,,,,,,,
s010:instance_017_logical_graph:r04:o1:live,10,instance_017_logical_graph,4,live/no_cut,1,live,DRY_RUN,0,,False,False,,,,,,,,,,,
s010:instance_017_logical_graph:r04:o2:no_cut,10,instance_017_logical_graph,4,live/no_cut,2,no_cut,DRY_RUN,0,,False,False,,,,,,,,,,,
s010:instance_017_logical_graph:r05:o1:no_cut,10,instance_017_logical_graph,5,no_cut/live,1,no_cut,DRY_RUN,0,,False,False,,,,,,,,,,,
s010:instance_017_logical_graph:r05:o2:live,10,instance_017_logical_graph,5,no_cut/live,2,live,DRY_RUN,0,,False,False,,,,,,,,,,,
s010:instance_017_logical_graph:r06:o1:live,10,instance_017_logical_graph,6,live/no_cut,1,live,DRY_RUN,0,,False,False,,,,,,,,,,,
s010:instance_017_logical_graph:r06:o2:no_cut,10,instance_017_logical_graph,6,live/no_cut,2,no_cut,DRY_RUN,0,,False,False,,,,,,,,,,,
s010:instance_017_logical_graph:r07:o1:no_cut,10,instance_017_logical_graph,7,no_cut/live,1,no_cut,DRY_RUN,0,,False,False,,,,,,,,,,,
s010:instance_017_logical_graph:r07:o2:live,10,instance_017_logical_graph,7,no_cut/live,2,live,DRY_RUN,0,,False,False,,,,,,,,,,,
s010:instance_017_logical_graph:r08:o1:live,10,instance_017_logical_graph,8,live/no_cut,1,live,DRY_RUN,0,,False,False,,,,,,,,,,,
s010:instance_017_logical_graph:r08:o2:no_cut,10,instance_017_logical_graph,8,live/no_cut,2,no_cut,DRY_RUN,0,,False,False,,,,,,,,,,,
s010:instance_017_logical_graph:r09:o1:no_cut,10,instance_017_logical_graph,9,no_cut/live,1,no_cut,DRY_RUN,0,,False,False,,,,,,,,,,,
s010:instance_017_logical_graph:r09:o2:live,10,instance_017_logical_graph,9,no_cut/live,2,live,DRY_RUN,0,,False,False,,,,,,,,,,,
s010:instance_017_logical_graph:r10:o1:live,10,instance_017_logical_graph,10,live/no_cut,1,live,DRY_RUN,0,,False,False,,,,,,,,,,,
s010:instance_017_logical_graph:r10:o2:no_cut,10,instance_017_logical_graph,10,live/no_cut,2,no_cut,DRY_RUN,0,,False,False,,,,,,,,,,,
s010:instance_018_logical_graph:r01:o1:live,10,instance_018_logical_graph,1,live/no_cut,1,live,DRY_RUN,0,,False,False,,,,,,,,,,,
s010:instance_018_logical_graph:r01:o2:no_cut,10,instance_018_logical_graph,1,live/no_cut,2,no_cut,DRY_RUN,0,,False,False,,,,,,,,,,,
s010:instance_018_logical_graph:r02:o1:no_cut,10,instance_018_logical_graph,2,no_cut/live,1,no_cut,DRY_RUN,0,,False,False,,,,,,,,,,,
s010:instance_018_logical_graph:r02:o2:live,10,instance_018_logical_graph,2,no_cut/live,2,live,DRY_RUN,0,,False,False,,,,,,,,,,,
s010:instance_018_logical_graph:r03:o1:live,10,instance_018_logical_graph,3,live/no_cut,1,live,DRY_RUN,0,,False,False,,,,,,,,,,,
s010:instance_018_logical_graph:r03:o2:no_cut,10,instance_018_logical_graph,3,live/no_cut,2,no_cut,DRY_RUN,0,,False,False,,,,,,,,,,,
s010:instance_018_logical_graph:r04:o1:no_cut,10,instance_018_logical_graph,4,no_cut/live,1,no_cut,DRY_RUN,0,,False,False,,,,,,,,,,,
s010:instance_018_logical_graph:r04:o2:live,10,instance_018_logical_graph,4,no_cut/live,2,live,DRY_RUN,0,,False,False,,,,,,,,,,,
s010:instance_018_logical_graph:r05:o1:live,10,instance_018_logical_graph,5,live/no_cut,1,live,DRY_RUN,0,,False,False,,,,,,,,,,,
s010:instance_018_logical_graph:r05:o2:no_cut,10,instance_018_logical_graph,5,live/no_cut,2,no_cut,DRY_RUN,0,,False,False,,,,,,,,,,,
s010:instance_018_logical_graph:r06:o1:no_cut,10,instance_018_logical_graph,6,no_cut/live,1,no_cut,DRY_RUN,0,,False,False,,,,,,,,,,,
s010:instance_018_logical_graph:r06:o2:live,10,instance_018_logical_graph,6,no_cut/live,2,live,DRY_RUN,0,,False,False,,,,,,,,,,,
s010:instance_018_logical_graph:r07:o1:live,10,instance_018_logical_graph,7,live/no_cut,1,live,DRY_RUN,0,,False,False,,,,,,,,,,,
s010:instance_018_logical_graph:r07:o2:no_cut,10,instance_018_logical_graph,7,live/no_cut,2,no_cut,DRY_RUN,0,,False,False,,,,,,,,,,,
s010:instance_018_logical_graph:r08:o1:no_cut,10,instance_018_logical_graph,8,no_cut/live,1,no_cut,DRY_RUN,0,,False,False,,,,,,,,,,,
s010:instance_018_logical_graph:r08:o2:live,10,instance_018_logical_graph,8,no_cut/live,2,live,DRY_RUN,0,,False,False,,,,,,,,,,,
s010:instance_018_logical_graph:r09:o1:live,10,instance_018_logical_graph,9,live/no_cut,1,live,DRY_RUN,0,,False,False,,,,,,,,,,,
s010:instance_018_logical_graph:r09:o2:no_cut,10,instance_018_logical_graph,9,live/no_cut,2,no_cut,DRY_RUN,0,,False,False,,,,,,,,,,,
s010:instance_018_logical_graph:r10:o1:no_cut,10,instance_018_logical_graph,10,no_cut/live,1,no_cut,DRY_RUN,0,,False,False,,,,,,,,,,,
s010:instance_018_logical_graph:r10:o2:live,10,instance_018_logical_graph,10,no_cut/live,2,live,DRY_RUN,0,,False,False,,,,,,,,,,,
s010:instance_019_logical_graph:r01:o1:no_cut,10,instance_019_logical_graph,1,no_cut/live,1,no_cut,DRY_RUN,0,,False,False,,,,,,,,,,,
s010:instance_019_logical_graph:r01:o2:live,10,instance_019_logical_graph,1,no_cut/live,2,live,DRY_RUN,0,,False,False,,,,,,,,,,,
s010:instance_019_logical_graph:r02:o1:live,10,instance_019_logical_graph,2,live/no_cut,1,live,DRY_RUN,0,,False,False,,,,,,,,,,,
s010:instance_019_logical_graph:r02:o2:no_cut,10,instance_019_logical_graph,2,live/no_cut,2,no_cut,DRY_RUN,0,,False,False,,,,,,,,,,,
s010:instance_019_logical_graph:r03:o1:no_cut,10,instance_019_logical_graph,3,no_cut/live,1,no_cut,DRY_RUN,0,,False,False,,,,,,,,,,,
s010:instance_019_logical_graph:r03:o2:live,10,instance_019_logical_graph,3,no_cut/live,2,live,DRY_RUN,0,,False,False,,,,,,,,,,,
s010:instance_019_logical_graph:r04:o1:live,10,instance_019_logical_graph,4,live/no_cut,1,live,DRY_RUN,0,,False,False,,,,,,,,,,,
s010:instance_019_logical_graph:r04:o2:no_cut,10,instance_019_logical_graph,4,live/no_cut,2,no_cut,DRY_RUN,0,,False,False,,,,,,,,,,,
s010:instance_019_logical_graph:r05:o1:no_cut,10,instance_019_logical_graph,5,no_cut/live,1,no_cut,DRY_RUN,0,,False,False,,,,,,,,,,,
s010:instance_019_logical_graph:r05:o2:live,10,instance_019_logical_graph,5,no_cut/live,2,live,DRY_RUN,0,,False,False,,,,,,,,,,,
s010:instance_019_logical_graph:r06:o1:live,10,instance_019_logical_graph,6,live/no_cut,1,live,DRY_RUN,0,,False,False,,,,,,,,,,,
s010:instance_019_logical_graph:r06:o2:no_cut,10,instance_019_logical_graph,6,live/no_cut,2,no_cut,DRY_RUN,0,,False,False,,,,,,,,,,,
s010:instance_019_logical_graph:r07:o1:no_cut,10,instance_019_logical_graph,7,no_cut/live,1,no_cut,DRY_RUN,0,,False,False,,,,,,,,,,,
s010:instance_019_logical_graph:r07:o2:live,10,instance_019_logical_graph,7,no_cut/live,2,live,DRY_RUN,0,,False,False,,,,,,,,,,,
s010:instance_019_logical_graph:r08:o1:live,10,instance_019_logical_graph,8,live/no_cut,1,live,DRY_RUN,0,,False,False,,,,,,,,,,,
s010:instance_019_logical_graph:r08:o2:no_cut,10,instance_019_logical_graph,8,live/no_cut,2,no_cut,DRY_RUN,0,,False,False,,,,,,,,,,,
s010:instance_019_logical_graph:r09:o1:no_cut,10,instance_019_logical_graph,9,no_cut/live,1,no_cut,DRY_RUN,0,,False,False,,,,,,,,,,,
s010:instance_019_logical_graph:r09:o2:live,10,instance_019_logical_graph,9,no_cut/live,2,live,DRY_RUN,0,,False,False,,,,,,,,,,,
s010:instance_019_logical_graph:r10:o1:live,10,instance_019_logical_graph,10,live/no_cut,1,live,DRY_RUN,0,,False,False,,,,,,,,,,,
s010:instance_019_logical_graph:r10:o2:no_cut,10,instance_019_logical_graph,10,live/no_cut,2,no_cut,DRY_RUN,0,,False,False,,,,,,,,,,,
s010:instance_020_logical_graph:r01:o1:live,10,instance_020_logical_graph,1,live/no_cut,1,live,DRY_RUN,0,,False,False,,,,,,,,,,,
s010:instance_020_logical_graph:r01:o2:no_cut,10,instance_020_logical_graph,1,live/no_cut,2,no_cut,DRY_RUN,0,,False,False,,,,,,,,,,,
s010:instance_020_logical_graph:r02:o1:no_cut,10,instance_020_logical_graph,2,no_cut/live,1,no_cut,DRY_RUN,0,,False,False,,,,,,,,,,,
s010:instance_020_logical_graph:r02:o2:live,10,instance_020_logical_graph,2,no_cut/live,2,live,DRY_RUN,0,,False,False,,,,,,,,,,,
s010:instance_020_logical_graph:r03:o1:live,10,instance_020_logical_graph,3,live/no_cut,1,live,DRY_RUN,0,,False,False,,,,,,,,,,,
s010:instance_020_logical_graph:r03:o2:no_cut,10,instance_020_logical_graph,3,live/no_cut,2,no_cut,DRY_RUN,0,,False,False,,,,,,,,,,,
s010:instance_020_logical_graph:r04:o1:no_cut,10,instance_020_logical_graph,4,no_cut/live,1,no_cut,DRY_RUN,0,,False,False,,,,,,,,,,,
s010:instance_020_logical_graph:r04:o2:live,10,instance_020_logical_graph,4,no_cut/live,2,live,DRY_RUN,0,,False,False,,,,,,,,,,,
s010:instance_020_logical_graph:r05:o1:live,10,instance_020_logical_graph,5,live/no_cut,1,live,DRY_RUN,0,,False,False,,,,,,,,,,,
s010:instance_020_logical_graph:r05:o2:no_cut,10,instance_020_logical_graph,5,live/no_cut,2,no_cut,DRY_RUN,0,,False,False,,,,,,,,,,,
s010:instance_020_logical_graph:r06:o1:no_cut,10,instance_020_logical_graph,6,no_cut/live,1,no_cut,DRY_RUN,0,,False,False,,,,,,,,,,,
s010:instance_020_logical_graph:r06:o2:live,10,instance_020_logical_graph,6,no_cut/live,2,live,DRY_RUN,0,,False,False,,,,,,,,,,,
s010:instance_020_logical_graph:r07:o1:live,10,instance_020_logical_graph,7,live/no_cut,1,live,DRY_RUN,0,,False,False,,,,,,,,,,,
s010:instance_020_logical_graph:r07:o2:no_cut,10,instance_020_logical_graph,7,live/no_cut,2,no_cut,DRY_RUN,0,,False,False,,,,,,,,,,,
s010:instance_020_logical_graph:r08:o1:no_cut,10,instance_020_logical_graph,8,no_cut/live,1,no_cut,DRY_RUN,0,,False,False,,,,,,,,,,,
s010:instance_020_logical_graph:r08:o2:live,10,instance_020_logical_graph,8,no_cut/live,2,live,DRY_RUN,0,,False,False,,,,,,,,,,,
s010:instance_020_logical_graph:r09:o1:live,10,instance_020_logical_graph,9,live/no_cut,1,live,DRY_RUN,0,,False,False,,,,,,,,,,,
s010:instance_020_logical_graph:r09:o2:no_cut,10,instance_020_logical_graph,9,live/no_cut,2,no_cut,DRY_RUN,0,,False,False,,,,,,,,,,,
s010:instance_020_logical_graph:r10:o1:no_cut,10,instance_020_logical_graph,10,no_cut/live,1,no_cut,DRY_RUN,0,,False,False,,,,,,,,,,,
s010:instance_020_logical_graph:r10:o2:live,10,instance_020_logical_graph,10,no_cut/live,2,live,DRY_RUN,0,,False,False,,,,,,,,,,,
s020:instance_001_logical_graph:r01:o1:no_cut,20,instance_001_logical_graph,1,no_cut/live,1,no_cut,DRY_RUN,0,,False,False,,,,,,,,,,,
s020:instance_001_logical_graph:r01:o2:live,20,instance_001_logical_graph,1,no_cut/live,2,live,DRY_RUN,0,,False,False,,,,,,,,,,,
s020:instance_001_logical_graph:r02:o1:live,20,instance_001_logical_graph,2,live/no_cut,1,live,DRY_RUN,0,,False,False,,,,,,,,,,,
s020:instance_001_logical_graph:r02:o2:no_cut,20,instance_001_logical_graph,2,live/no_cut,2,no_cut,DRY_RUN,0,,False,False,,,,,,,,,,,
s020:instance_001_logical_graph:r03:o1:no_cut,20,instance_001_logical_graph,3,no_cut/live,1,no_cut,DRY_RUN,0,,False,False,,,,,,,,,,,
s020:instance_001_logical_graph:r03:o2:live,20,instance_001_logical_graph,3,no_cut/live,2,live,DRY_RUN,0,,False,False,,,,,,,,,,,
s020:instance_002_logical_graph:r01:o1:live,20,instance_002_logical_graph,1,live/no_cut,1,live,DRY_RUN,0,,False,False,,,,,,,,,,,
s020:instance_002_logical_graph:r01:o2:no_cut,20,instance_002_logical_graph,1,live/no_cut,2,no_cut,DRY_RUN,0,,False,False,,,,,,,,,,,
s020:instance_002_logical_graph:r02:o1:no_cut,20,instance_002_logical_graph,2,no_cut/live,1,no_cut,DRY_RUN,0,,False,False,,,,,,,,,,,
s020:instance_002_logical_graph:r02:o2:live,20,instance_002_logical_graph,2,no_cut/live,2,live,DRY_RUN,0,,False,False,,,,,,,,,,,
s020:instance_002_logical_graph:r03:o1:live,20,instance_002_logical_graph,3,live/no_cut,1,live,DRY_RUN,0,,False,False,,,,,,,,,,,
s020:instance_002_logical_graph:r03:o2:no_cut,20,instance_002_logical_graph,3,live/no_cut,2,no_cut,DRY_RUN,0,,False,False,,,,,,,,,,,
s020:instance_003_logical_graph:r01:o1:no_cut,20,instance_003_logical_graph,1,no_cut/live,1,no_cut,DRY_RUN,0,,False,False,,,,,,,,,,,
s020:instance_003_logical_graph:r01:o2:live,20,instance_003_logical_graph,1,no_cut/live,2,live,DRY_RUN,0,,False,False,,,,,,,,,,,
s020:instance_003_logical_graph:r02:o1:live,20,instance_003_logical_graph,2,live/no_cut,1,live,DRY_RUN,0,,False,False,,,,,,,,,,,
s020:instance_003_logical_graph:r02:o2:no_cut,20,instance_003_logical_graph,2,live/no_cut,2,no_cut,DRY_RUN,0,,False,False,,,,,,,,,,,
s020:instance_003_logical_graph:r03:o1:no_cut,20,instance_003_logical_graph,3,no_cut/live,1,no_cut,DRY_RUN,0,,False,False,,,,,,,,,,,
s020:instance_003_logical_graph:r03:o2:live,20,instance_003_logical_graph,3,no_cut/live,2,live,DRY_RUN,0,,False,False,,,,,,,,,,,
s020:instance_004_logical_graph:r01:o1:live,20,instance_004_logical_graph,1,live/no_cut,1,live,DRY_RUN,0,,False,False,,,,,,,,,,,
s020:instance_004_logical_graph:r01:o2:no_cut,20,instance_004_logical_graph,1,live/no_cut,2,no_cut,DRY_RUN,0,,False,False,,,,,,,,,,,
s020:instance_004_logical_graph:r02:o1:no_cut,20,instance_004_logical_graph,2,no_cut/live,1,no_cut,DRY_RUN,0,,False,False,,,,,,,,,,,
s020:instance_004_logical_graph:r02:o2:live,20,instance_004_logical_graph,2,no_cut/live,2,live,DRY_RUN,0,,False,False,,,,,,,,,,,
s020:instance_004_logical_graph:r03:o1:live,20,instance_004_logical_graph,3,live/no_cut,1,live,DRY_RUN,0,,False,False,,,,,,,,,,,
s020:instance_004_logical_graph:r03:o2:no_cut,20,instance_004_logical_graph,3,live/no_cut,2,no_cut,DRY_RUN,0,,False,False,,,,,,,,,,,
s020:instance_005_logical_graph:r01:o1:no_cut,20,instance_005_logical_graph,1,no_cut/live,1,no_cut,DRY_RUN,0,,False,False,,,,,,,,,,,
s020:instance_005_logical_graph:r01:o2:live,20,instance_005_logical_graph,1,no_cut/live,2,live,DRY_RUN,0,,False,False,,,,,,,,,,,
s020:instance_005_logical_graph:r02:o1:live,20,instance_005_logical_graph,2,live/no_cut,1,live,DRY_RUN,0,,False,False,,,,,,,,,,,
s020:instance_005_logical_graph:r02:o2:no_cut,20,instance_005_logical_graph,2,live/no_cut,2,no_cut,DRY_RUN,0,,False,False,,,,,,,,,,,
s020:instance_005_logical_graph:r03:o1:no_cut,20,instance_005_logical_graph,3,no_cut/live,1,no_cut,DRY_RUN,0,,False,False,,,,,,,,,,,
s020:instance_005_logical_graph:r03:o2:live,20,instance_005_logical_graph,3,no_cut/live,2,live,DRY_RUN,0,,False,False,,,,,,,,,,,
s020:instance_006_logical_graph:r01:o1:live,20,instance_006_logical_graph,1,live/no_cut,1,live,DRY_RUN,0,,False,False,,,,,,,,,,,
s020:instance_006_logical_graph:r01:o2:no_cut,20,instance_006_logical_graph,1,live/no_cut,2,no_cut,DRY_RUN,0,,False,False,,,,,,,,,,,
s020:instance_006_logical_graph:r02:o1:no_cut,20,instance_006_logical_graph,2,no_cut/live,1,no_cut,DRY_RUN,0,,False,False,,,,,,,,,,,
s020:instance_006_logical_graph:r02:o2:live,20,instance_006_logical_graph,2,no_cut/live,2,live,DRY_RUN,0,,False,False,,,,,,,,,,,
s020:instance_006_logical_graph:r03:o1:live,20,instance_006_logical_graph,3,live/no_cut,1,live,DRY_RUN,0,,False,False,,,,,,,,,,,
s020:instance_006_logical_graph:r03:o2:no_cut,20,instance_006_logical_graph,3,live/no_cut,2,no_cut,DRY_RUN,0,,False,False,,,,,,,,,,,
s020:instance_007_logical_graph:r01:o1:no_cut,20,instance_007_logical_graph,1,no_cut/live,1,no_cut,DRY_RUN,0,,False,False,,,,,,,,,,,
s020:instance_007_logical_graph:r01:o2:live,20,instance_007_logical_graph,1,no_cut/live,2,live,DRY_RUN,0,,False,False,,,,,,,,,,,
s020:instance_007_logical_graph:r02:o1:live,20,instance_007_logical_graph,2,live/no_cut,1,live,DRY_RUN,0,,False,False,,,,,,,,,,,
s020:instance_007_logical_graph:r02:o2:no_cut,20,instance_007_logical_graph,2,live/no_cut,2,no_cut,DRY_RUN,0,,False,False,,,,,,,,,,,
s020:instance_007_logical_graph:r03:o1:no_cut,20,instance_007_logical_graph,3,no_cut/live,1,no_cut,DRY_RUN,0,,False,False,,,,,,,,,,,
s020:instance_007_logical_graph:r03:o2:live,20,instance_007_logical_graph,3,no_cut/live,2,live,DRY_RUN,0,,False,False,,,,,,,,,,,
s020:instance_008_logical_graph:r01:o1:live,20,instance_008_logical_graph,1,live/no_cut,1,live,DRY_RUN,0,,False,False,,,,,,,,,,,
s020:instance_008_logical_graph:r01:o2:no_cut,20,instance_008_logical_graph,1,live/no_cut,2,no_cut,DRY_RUN,0,,False,False,,,,,,,,,,,
s020:instance_008_logical_graph:r02:o1:no_cut,20,instance_008_logical_graph,2,no_cut/live,1,no_cut,DRY_RUN,0,,False,False,,,,,,,,,,,
s020:instance_008_logical_graph:r02:o2:live,20,instance_008_logical_graph,2,no_cut/live,2,live,DRY_RUN,0,,False,False,,,,,,,,,,,
s020:instance_008_logical_graph:r03:o1:live,20,instance_008_logical_graph,3,live/no_cut,1,live,DRY_RUN,0,,False,False,,,,,,,,,,,
s020:instance_008_logical_graph:r03:o2:no_cut,20,instance_008_logical_graph,3,live/no_cut,2,no_cut,DRY_RUN,0,,False,False,,,,,,,,,,,
s020:instance_009_logical_graph:r01:o1:no_cut,20,instance_009_logical_graph,1,no_cut/live,1,no_cut,DRY_RUN,0,,False,False,,,,,,,,,,,
s020:instance_009_logical_graph:r01:o2:live,20,instance_009_logical_graph,1,no_cut/live,2,live,DRY_RUN,0,,False,False,,,,,,,,,,,
s020:instance_009_logical_graph:r02:o1:live,20,instance_009_logical_graph,2,live/no_cut,1,live,DRY_RUN,0,,False,False,,,,,,,,,,,
s020:instance_009_logical_graph:r02:o2:no_cut,20,instance_009_logical_graph,2,live/no_cut,2,no_cut,DRY_RUN,0,,False,False,,,,,,,,,,,
s020:instance_009_logical_graph:r03:o1:no_cut,20,instance_009_logical_graph,3,no_cut/live,1,no_cut,DRY_RUN,0,,False,False,,,,,,,,,,,
s020:instance_009_logical_graph:r03:o2:live,20,instance_009_logical_graph,3,no_cut/live,2,live,DRY_RUN,0,,False,False,,,,,,,,,,,
s020:instance_010_logical_graph:r01:o1:live,20,instance_010_logical_graph,1,live/no_cut,1,live,DRY_RUN,0,,False,False,,,,,,,,,,,
s020:instance_010_logical_graph:r01:o2:no_cut,20,instance_010_logical_graph,1,live/no_cut,2,no_cut,DRY_RUN,0,,False,False,,,,,,,,,,,
s020:instance_010_logical_graph:r02:o1:no_cut,20,instance_010_logical_graph,2,no_cut/live,1,no_cut,DRY_RUN,0,,False,False,,,,,,,,,,,
s020:instance_010_logical_graph:r02:o2:live,20,instance_010_logical_graph,2,no_cut/live,2,live,DRY_RUN,0,,False,False,,,,,,,,,,,
s020:instance_010_logical_graph:r03:o1:live,20,instance_010_logical_graph,3,live/no_cut,1,live,DRY_RUN,0,,False,False,,,,,,,,,,,
s020:instance_010_logical_graph:r03:o2:no_cut,20,instance_010_logical_graph,3,live/no_cut,2,no_cut,DRY_RUN,0,,False,False,,,,,,,,,,,
s020:instance_011_logical_graph:r01:o1:no_cut,20,instance_011_logical_graph,1,no_cut/live,1,no_cut,DRY_RUN,0,,False,False,,,,,,,,,,,
s020:instance_011_logical_graph:r01:o2:live,20,instance_011_logical_graph,1,no_cut/live,2,live,DRY_RUN,0,,False,False,,,,,,,,,,,
s020:instance_011_logical_graph:r02:o1:live,20,instance_011_logical_graph,2,live/no_cut,1,live,DRY_RUN,0,,False,False,,,,,,,,,,,
s020:instance_011_logical_graph:r02:o2:no_cut,20,instance_011_logical_graph,2,live/no_cut,2,no_cut,DRY_RUN,0,,False,False,,,,,,,,,,,
s020:instance_011_logical_graph:r03:o1:no_cut,20,instance_011_logical_graph,3,no_cut/live,1,no_cut,DRY_RUN,0,,False,False,,,,,,,,,,,
s020:instance_011_logical_graph:r03:o2:live,20,instance_011_logical_graph,3,no_cut/live,2,live,DRY_RUN,0,,False,False,,,,,,,,,,,
s020:instance_012_logical_graph:r01:o1:live,20,instance_012_logical_graph,1,live/no_cut,1,live,DRY_RUN,0,,False,False,,,,,,,,,,,
s020:instance_012_logical_graph:r01:o2:no_cut,20,instance_012_logical_graph,1,live/no_cut,2,no_cut,DRY_RUN,0,,False,False,,,,,,,,,,,
s020:instance_012_logical_graph:r02:o1:no_cut,20,instance_012_logical_graph,2,no_cut/live,1,no_cut,DRY_RUN,0,,False,False,,,,,,,,,,,
s020:instance_012_logical_graph:r02:o2:live,20,instance_012_logical_graph,2,no_cut/live,2,live,DRY_RUN,0,,False,False,,,,,,,,,,,
s020:instance_012_logical_graph:r03:o1:live,20,instance_012_logical_graph,3,live/no_cut,1,live,DRY_RUN,0,,False,False,,,,,,,,,,,
s020:instance_012_logical_graph:r03:o2:no_cut,20,instance_012_logical_graph,3,live/no_cut,2,no_cut,DRY_RUN,0,,False,False,,,,,,,,,,,
s020:instance_013_logical_graph:r01:o1:no_cut,20,instance_013_logical_graph,1,no_cut/live,1,no_cut,DRY_RUN,0,,False,False,,,,,,,,,,,
s020:instance_013_logical_graph:r01:o2:live,20,instance_013_logical_graph,1,no_cut/live,2,live,DRY_RUN,0,,False,False,,,,,,,,,,,
s020:instance_013_logical_graph:r02:o1:live,20,instance_013_logical_graph,2,live/no_cut,1,live,DRY_RUN,0,,False,False,,,,,,,,,,,
s020:instance_013_logical_graph:r02:o2:no_cut,20,instance_013_logical_graph,2,live/no_cut,2,no_cut,DRY_RUN,0,,False,False,,,,,,,,,,,
s020:instance_013_logical_graph:r03:o1:no_cut,20,instance_013_logical_graph,3,no_cut/live,1,no_cut,DRY_RUN,0,,False,False,,,,,,,,,,,
s020:instance_013_logical_graph:r03:o2:live,20,instance_013_logical_graph,3,no_cut/live,2,live,DRY_RUN,0,,False,False,,,,,,,,,,,
s020:instance_014_logical_graph:r01:o1:live,20,instance_014_logical_graph,1,live/no_cut,1,live,DRY_RUN,0,,False,False,,,,,,,,,,,
s020:instance_014_logical_graph:r01:o2:no_cut,20,instance_014_logical_graph,1,live/no_cut,2,no_cut,DRY_RUN,0,,False,False,,,,,,,,,,,
s020:instance_014_logical_graph:r02:o1:no_cut,20,instance_014_logical_graph,2,no_cut/live,1,no_cut,DRY_RUN,0,,False,False,,,,,,,,,,,
s020:instance_014_logical_graph:r02:o2:live,20,instance_014_logical_graph,2,no_cut/live,2,live,DRY_RUN,0,,False,False,,,,,,,,,,,
s020:instance_014_logical_graph:r03:o1:live,20,instance_014_logical_graph,3,live/no_cut,1,live,DRY_RUN,0,,False,False,,,,,,,,,,,
s020:instance_014_logical_graph:r03:o2:no_cut,20,instance_014_logical_graph,3,live/no_cut,2,no_cut,DRY_RUN,0,,False,False,,,,,,,,,,,
s020:instance_015_logical_graph:r01:o1:no_cut,20,instance_015_logical_graph,1,no_cut/live,1,no_cut,DRY_RUN,0,,False,False,,,,,,,,,,,
s020:instance_015_logical_graph:r01:o2:live,20,instance_015_logical_graph,1,no_cut/live,2,live,DRY_RUN,0,,False,False,,,,,,,,,,,
s020:instance_015_logical_graph:r02:o1:live,20,instance_015_logical_graph,2,live/no_cut,1,live,DRY_RUN,0,,False,False,,,,,,,,,,,
s020:instance_015_logical_graph:r02:o2:no_cut,20,instance_015_logical_graph,2,live/no_cut,2,no_cut,DRY_RUN,0,,False,False,,,,,,,,,,,
s020:instance_015_logical_graph:r03:o1:no_cut,20,instance_015_logical_graph,3,no_cut/live,1,no_cut,DRY_RUN,0,,False,False,,,,,,,,,,,
s020:instance_015_logical_graph:r03:o2:live,20,instance_015_logical_graph,3,no_cut/live,2,live,DRY_RUN,0,,False,False,,,,,,,,,,,
s020:instance_016_logical_graph:r01:o1:live,20,instance_016_logical_graph,1,live/no_cut,1,live,DRY_RUN,0,,False,False,,,,,,,,,,,
s020:instance_016_logical_graph:r01:o2:no_cut,20,instance_016_logical_graph,1,live/no_cut,2,no_cut,DRY_RUN,0,,False,False,,,,,,,,,,,
s020:instance_016_logical_graph:r02:o1:no_cut,20,instance_016_logical_graph,2,no_cut/live,1,no_cut,DRY_RUN,0,,False,False,,,,,,,,,,,
s020:instance_016_logical_graph:r02:o2:live,20,instance_016_logical_graph,2,no_cut/live,2,live,DRY_RUN,0,,False,False,,,,,,,,,,,
s020:instance_016_logical_graph:r03:o1:live,20,instance_016_logical_graph,3,live/no_cut,1,live,DRY_RUN,0,,False,False,,,,,,,,,,,
s020:instance_016_logical_graph:r03:o2:no_cut,20,instance_016_logical_graph,3,live/no_cut,2,no_cut,DRY_RUN,0,,False,False,,,,,,,,,,,
s020:instance_017_logical_graph:r01:o1:no_cut,20,instance_017_logical_graph,1,no_cut/live,1,no_cut,DRY_RUN,0,,False,False,,,,,,,,,,,
s020:instance_017_logical_graph:r01:o2:live,20,instance_017_logical_graph,1,no_cut/live,2,live,DRY_RUN,0,,False,False,,,,,,,,,,,
s020:instance_017_logical_graph:r02:o1:live,20,instance_017_logical_graph,2,live/no_cut,1,live,DRY_RUN,0,,False,False,,,,,,,,,,,
s020:instance_017_logical_graph:r02:o2:no_cut,20,instance_017_logical_graph,2,live/no_cut,2,no_cut,DRY_RUN,0,,False,False,,,,,,,,,,,
s020:instance_017_logical_graph:r03:o1:no_cut,20,instance_017_logical_graph,3,no_cut/live,1,no_cut,DRY_RUN,0,,False,False,,,,,,,,,,,
s020:instance_017_logical_graph:r03:o2:live,20,instance_017_logical_graph,3,no_cut/live,2,live,DRY_RUN,0,,False,False,,,,,,,,,,,
s020:instance_018_logical_graph:r01:o1:live,20,instance_018_logical_graph,1,live/no_cut,1,live,DRY_RUN,0,,False,False,,,,,,,,,,,
s020:instance_018_logical_graph:r01:o2:no_cut,20,instance_018_logical_graph,1,live/no_cut,2,no_cut,DRY_RUN,0,,False,False,,,,,,,,,,,
s020:instance_018_logical_graph:r02:o1:no_cut,20,instance_018_logical_graph,2,no_cut/live,1,no_cut,DRY_RUN,0,,False,False,,,,,,,,,,,
s020:instance_018_logical_graph:r02:o2:live,20,instance_018_logical_graph,2,no_cut/live,2,live,DRY_RUN,0,,False,False,,,,,,,,,,,
s020:instance_018_logical_graph:r03:o1:live,20,instance_018_logical_graph,3,live/no_cut,1,live,DRY_RUN,0,,False,False,,,,,,,,,,,
s020:instance_018_logical_graph:r03:o2:no_cut,20,instance_018_logical_graph,3,live/no_cut,2,no_cut,DRY_RUN,0,,False,False,,,,,,,,,,,
s020:instance_019_logical_graph:r01:o1:no_cut,20,instance_019_logical_graph,1,no_cut/live,1,no_cut,DRY_RUN,0,,False,False,,,,,,,,,,,
s020:instance_019_logical_graph:r01:o2:live,20,instance_019_logical_graph,1,no_cut/live,2,live,DRY_RUN,0,,False,False,,,,,,,,,,,
s020:instance_019_logical_graph:r02:o1:live,20,instance_019_logical_graph,2,live/no_cut,1,live,DRY_RUN,0,,False,False,,,,,,,,,,,
s020:instance_019_logical_graph:r02:o2:no_cut,20,instance_019_logical_graph,2,live/no_cut,2,no_cut,DRY_RUN,0,,False,False,,,,,,,,,,,
s020:instance_019_logical_graph:r03:o1:no_cut,20,instance_019_logical_graph,3,no_cut/live,1,no_cut,DRY_RUN,0,,False,False,,,,,,,,,,,
s020:instance_019_logical_graph:r03:o2:live,20,instance_019_logical_graph,3,no_cut/live,2,live,DRY_RUN,0,,False,False,,,,,,,,,,,
s020:instance_020_logical_graph:r01:o1:live,20,instance_020_logical_graph,1,live/no_cut,1,live,DRY_RUN,0,,False,False,,,,,,,,,,,
s020:instance_020_logical_graph:r01:o2:no_cut,20,instance_020_logical_graph,1,live/no_cut,2,no_cut,DRY_RUN,0,,False,False,,,,,,,,,,,
s020:instance_020_logical_graph:r02:o1:no_cut,20,instance_020_logical_graph,2,no_cut/live,1,no_cut,DRY_RUN,0,,False,False,,,,,,,,,,,
s020:instance_020_logical_graph:r02:o2:live,20,instance_020_logical_graph,2,no_cut/live,2,live,DRY_RUN,0,,False,False,,,,,,,,,,,
s020:instance_020_logical_graph:r03:o1:live,20,instance_020_logical_graph,3,live/no_cut,1,live,DRY_RUN,0,,False,False,,,,,,,,,,,
s020:instance_020_logical_graph:r03:o2:no_cut,20,instance_020_logical_graph,3,live/no_cut,2,no_cut,DRY_RUN,0,,False,False,,,,,,,,,,,
s030:instance_001_logical_graph:r01:o1:no_cut,30,instance_001_logical_graph,1,no_cut/live,1,no_cut,DRY_RUN,0,,False,False,,,,,,,,,,,
s030:instance_001_logical_graph:r01:o2:live,30,instance_001_logical_graph,1,no_cut/live,2,live,DRY_RUN,0,,False,False,,,,,,,,,,,
s030:instance_001_logical_graph:r02:o1:live,30,instance_001_logical_graph,2,live/no_cut,1,live,DRY_RUN,0,,False,False,,,,,,,,,,,
s030:instance_001_logical_graph:r02:o2:no_cut,30,instance_001_logical_graph,2,live/no_cut,2,no_cut,DRY_RUN,0,,False,False,,,,,,,,,,,
s030:instance_001_logical_graph:r03:o1:no_cut,30,instance_001_logical_graph,3,no_cut/live,1,no_cut,DRY_RUN,0,,False,False,,,,,,,,,,,
s030:instance_001_logical_graph:r03:o2:live,30,instance_001_logical_graph,3,no_cut/live,2,live,DRY_RUN,0,,False,False,,,,,,,,,,,
s030:instance_002_logical_graph:r01:o1:live,30,instance_002_logical_graph,1,live/no_cut,1,live,DRY_RUN,0,,False,False,,,,,,,,,,,
s030:instance_002_logical_graph:r01:o2:no_cut,30,instance_002_logical_graph,1,live/no_cut,2,no_cut,DRY_RUN,0,,False,False,,,,,,,,,,,
s030:instance_002_logical_graph:r02:o1:no_cut,30,instance_002_logical_graph,2,no_cut/live,1,no_cut,DRY_RUN,0,,False,False,,,,,,,,,,,
s030:instance_002_logical_graph:r02:o2:live,30,instance_002_logical_graph,2,no_cut/live,2,live,DRY_RUN,0,,False,False,,,,,,,,,,,
s030:instance_002_logical_graph:r03:o1:live,30,instance_002_logical_graph,3,live/no_cut,1,live,DRY_RUN,0,,False,False,,,,,,,,,,,
s030:instance_002_logical_graph:r03:o2:no_cut,30,instance_002_logical_graph,3,live/no_cut,2,no_cut,DRY_RUN,0,,False,False,,,,,,,,,,,
s030:instance_003_logical_graph:r01:o1:no_cut,30,instance_003_logical_graph,1,no_cut/live,1,no_cut,DRY_RUN,0,,False,False,,,,,,,,,,,
s030:instance_003_logical_graph:r01:o2:live,30,instance_003_logical_graph,1,no_cut/live,2,live,DRY_RUN,0,,False,False,,,,,,,,,,,
s030:instance_003_logical_graph:r02:o1:live,30,instance_003_logical_graph,2,live/no_cut,1,live,DRY_RUN,0,,False,False,,,,,,,,,,,
s030:instance_003_logical_graph:r02:o2:no_cut,30,instance_003_logical_graph,2,live/no_cut,2,no_cut,DRY_RUN,0,,False,False,,,,,,,,,,,
s030:instance_003_logical_graph:r03:o1:no_cut,30,instance_003_logical_graph,3,no_cut/live,1,no_cut,DRY_RUN,0,,False,False,,,,,,,,,,,
s030:instance_003_logical_graph:r03:o2:live,30,instance_003_logical_graph,3,no_cut/live,2,live,DRY_RUN,0,,False,False,,,,,,,,,,,
s030:instance_004_logical_graph:r01:o1:live,30,instance_004_logical_graph,1,live/no_cut,1,live,DRY_RUN,0,,False,False,,,,,,,,,,,
s030:instance_004_logical_graph:r01:o2:no_cut,30,instance_004_logical_graph,1,live/no_cut,2,no_cut,DRY_RUN,0,,False,False,,,,,,,,,,,
s030:instance_004_logical_graph:r02:o1:no_cut,30,instance_004_logical_graph,2,no_cut/live,1,no_cut,DRY_RUN,0,,False,False,,,,,,,,,,,
s030:instance_004_logical_graph:r02:o2:live,30,instance_004_logical_graph,2,no_cut/live,2,live,DRY_RUN,0,,False,False,,,,,,,,,,,
s030:instance_004_logical_graph:r03:o1:live,30,instance_004_logical_graph,3,live/no_cut,1,live,DRY_RUN,0,,False,False,,,,,,,,,,,
s030:instance_004_logical_graph:r03:o2:no_cut,30,instance_004_logical_graph,3,live/no_cut,2,no_cut,DRY_RUN,0,,False,False,,,,,,,,,,,
s030:instance_005_logical_graph:r01:o1:no_cut,30,instance_005_logical_graph,1,no_cut/live,1,no_cut,DRY_RUN,0,,False,False,,,,,,,,,,,
s030:instance_005_logical_graph:r01:o2:live,30,instance_005_logical_graph,1,no_cut/live,2,live,DRY_RUN,0,,False,False,,,,,,,,,,,
s030:instance_005_logical_graph:r02:o1:live,30,instance_005_logical_graph,2,live/no_cut,1,live,DRY_RUN,0,,False,False,,,,,,,,,,,
s030:instance_005_logical_graph:r02:o2:no_cut,30,instance_005_logical_graph,2,live/no_cut,2,no_cut,DRY_RUN,0,,False,False,,,,,,,,,,,
s030:instance_005_logical_graph:r03:o1:no_cut,30,instance_005_logical_graph,3,no_cut/live,1,no_cut,DRY_RUN,0,,False,False,,,,,,,,,,,
s030:instance_005_logical_graph:r03:o2:live,30,instance_005_logical_graph,3,no_cut/live,2,live,DRY_RUN,0,,False,False,,,,,,,,,,,
s030:instance_006_logical_graph:r01:o1:live,30,instance_006_logical_graph,1,live/no_cut,1,live,DRY_RUN,0,,False,False,,,,,,,,,,,
s030:instance_006_logical_graph:r01:o2:no_cut,30,instance_006_logical_graph,1,live/no_cut,2,no_cut,DRY_RUN,0,,False,False,,,,,,,,,,,
s030:instance_006_logical_graph:r02:o1:no_cut,30,instance_006_logical_graph,2,no_cut/live,1,no_cut,DRY_RUN,0,,False,False,,,,,,,,,,,
s030:instance_006_logical_graph:r02:o2:live,30,instance_006_logical_graph,2,no_cut/live,2,live,DRY_RUN,0,,False,False,,,,,,,,,,,
s030:instance_006_logical_graph:r03:o1:live,30,instance_006_logical_graph,3,live/no_cut,1,live,DRY_RUN,0,,False,False,,,,,,,,,,,
s030:instance_006_logical_graph:r03:o2:no_cut,30,instance_006_logical_graph,3,live/no_cut,2,no_cut,DRY_RUN,0,,False,False,,,,,,,,,,,
s030:instance_007_logical_graph:r01:o1:no_cut,30,instance_007_logical_graph,1,no_cut/live,1,no_cut,DRY_RUN,0,,False,False,,,,,,,,,,,
s030:instance_007_logical_graph:r01:o2:live,30,instance_007_logical_graph,1,no_cut/live,2,live,DRY_RUN,0,,False,False,,,,,,,,,,,
s030:instance_007_logical_graph:r02:o1:live,30,instance_007_logical_graph,2,live/no_cut,1,live,DRY_RUN,0,,False,False,,,,,,,,,,,
s030:instance_007_logical_graph:r02:o2:no_cut,30,instance_007_logical_graph,2,live/no_cut,2,no_cut,DRY_RUN,0,,False,False,,,,,,,,,,,
s030:instance_007_logical_graph:r03:o1:no_cut,30,instance_007_logical_graph,3,no_cut/live,1,no_cut,DRY_RUN,0,,False,False,,,,,,,,,,,
s030:instance_007_logical_graph:r03:o2:live,30,instance_007_logical_graph,3,no_cut/live,2,live,DRY_RUN,0,,False,False,,,,,,,,,,,
s030:instance_008_logical_graph:r01:o1:live,30,instance_008_logical_graph,1,live/no_cut,1,live,DRY_RUN,0,,False,False,,,,,,,,,,,
s030:instance_008_logical_graph:r01:o2:no_cut,30,instance_008_logical_graph,1,live/no_cut,2,no_cut,DRY_RUN,0,,False,False,,,,,,,,,,,
s030:instance_008_logical_graph:r02:o1:no_cut,30,instance_008_logical_graph,2,no_cut/live,1,no_cut,DRY_RUN,0,,False,False,,,,,,,,,,,
s030:instance_008_logical_graph:r02:o2:live,30,instance_008_logical_graph,2,no_cut/live,2,live,DRY_RUN,0,,False,False,,,,,,,,,,,
s030:instance_008_logical_graph:r03:o1:live,30,instance_008_logical_graph,3,live/no_cut,1,live,DRY_RUN,0,,False,False,,,,,,,,,,,
s030:instance_008_logical_graph:r03:o2:no_cut,30,instance_008_logical_graph,3,live/no_cut,2,no_cut,DRY_RUN,0,,False,False,,,,,,,,,,,
s030:instance_009_logical_graph:r01:o1:no_cut,30,instance_009_logical_graph,1,no_cut/live,1,no_cut,DRY_RUN,0,,False,False,,,,,,,,,,,
s030:instance_009_logical_graph:r01:o2:live,30,instance_009_logical_graph,1,no_cut/live,2,live,DRY_RUN,0,,False,False,,,,,,,,,,,
s030:instance_009_logical_graph:r02:o1:live,30,instance_009_logical_graph,2,live/no_cut,1,live,DRY_RUN,0,,False,False,,,,,,,,,,,
s030:instance_009_logical_graph:r02:o2:no_cut,30,instance_009_logical_graph,2,live/no_cut,2,no_cut,DRY_RUN,0,,False,False,,,,,,,,,,,
s030:instance_009_logical_graph:r03:o1:no_cut,30,instance_009_logical_graph,3,no_cut/live,1,no_cut,DRY_RUN,0,,False,False,,,,,,,,,,,
s030:instance_009_logical_graph:r03:o2:live,30,instance_009_logical_graph,3,no_cut/live,2,live,DRY_RUN,0,,False,False,,,,,,,,,,,
s030:instance_010_logical_graph:r01:o1:live,30,instance_010_logical_graph,1,live/no_cut,1,live,DRY_RUN,0,,False,False,,,,,,,,,,,
s030:instance_010_logical_graph:r01:o2:no_cut,30,instance_010_logical_graph,1,live/no_cut,2,no_cut,DRY_RUN,0,,False,False,,,,,,,,,,,
s030:instance_010_logical_graph:r02:o1:no_cut,30,instance_010_logical_graph,2,no_cut/live,1,no_cut,DRY_RUN,0,,False,False,,,,,,,,,,,
s030:instance_010_logical_graph:r02:o2:live,30,instance_010_logical_graph,2,no_cut/live,2,live,DRY_RUN,0,,False,False,,,,,,,,,,,
s030:instance_010_logical_graph:r03:o1:live,30,instance_010_logical_graph,3,live/no_cut,1,live,DRY_RUN,0,,False,False,,,,,,,,,,,
s030:instance_010_logical_graph:r03:o2:no_cut,30,instance_010_logical_graph,3,live/no_cut,2,no_cut,DRY_RUN,0,,False,False,,,,,,,,,,,
s030:instance_011_logical_graph:r01:o1:no_cut,30,instance_011_logical_graph,1,no_cut/live,1,no_cut,DRY_RUN,0,,False,False,,,,,,,,,,,
s030:instance_011_logical_graph:r01:o2:live,30,instance_011_logical_graph,1,no_cut/live,2,live,DRY_RUN,0,,False,False,,,,,,,,,,,
s030:instance_011_logical_graph:r02:o1:live,30,instance_011_logical_graph,2,live/no_cut,1,live,DRY_RUN,0,,False,False,,,,,,,,,,,
s030:instance_011_logical_graph:r02:o2:no_cut,30,instance_011_logical_graph,2,live/no_cut,2,no_cut,DRY_RUN,0,,False,False,,,,,,,,,,,
s030:instance_011_logical_graph:r03:o1:no_cut,30,instance_011_logical_graph,3,no_cut/live,1,no_cut,DRY_RUN,0,,False,False,,,,,,,,,,,
s030:instance_011_logical_graph:r03:o2:live,30,instance_011_logical_graph,3,no_cut/live,2,live,DRY_RUN,0,,False,False,,,,,,,,,,,
s030:instance_012_logical_graph:r01:o1:live,30,instance_012_logical_graph,1,live/no_cut,1,live,DRY_RUN,0,,False,False,,,,,,,,,,,
s030:instance_012_logical_graph:r01:o2:no_cut,30,instance_012_logical_graph,1,live/no_cut,2,no_cut,DRY_RUN,0,,False,False,,,,,,,,,,,
s030:instance_012_logical_graph:r02:o1:no_cut,30,instance_012_logical_graph,2,no_cut/live,1,no_cut,DRY_RUN,0,,False,False,,,,,,,,,,,
s030:instance_012_logical_graph:r02:o2:live,30,instance_012_logical_graph,2,no_cut/live,2,live,DRY_RUN,0,,False,False,,,,,,,,,,,
s030:instance_012_logical_graph:r03:o1:live,30,instance_012_logical_graph,3,live/no_cut,1,live,DRY_RUN,0,,False,False,,,,,,,,,,,
s030:instance_012_logical_graph:r03:o2:no_cut,30,instance_012_logical_graph,3,live/no_cut,2,no_cut,DRY_RUN,0,,False,False,,,,,,,,,,,
s030:instance_013_logical_graph:r01:o1:no_cut,30,instance_013_logical_graph,1,no_cut/live,1,no_cut,DRY_RUN,0,,False,False,,,,,,,,,,,
s030:instance_013_logical_graph:r01:o2:live,30,instance_013_logical_graph,1,no_cut/live,2,live,DRY_RUN,0,,False,False,,,,,,,,,,,
s030:instance_013_logical_graph:r02:o1:live,30,instance_013_logical_graph,2,live/no_cut,1,live,DRY_RUN,0,,False,False,,,,,,,,,,,
s030:instance_013_logical_graph:r02:o2:no_cut,30,instance_013_logical_graph,2,live/no_cut,2,no_cut,DRY_RUN,0,,False,False,,,,,,,,,,,
s030:instance_013_logical_graph:r03:o1:no_cut,30,instance_013_logical_graph,3,no_cut/live,1,no_cut,DRY_RUN,0,,False,False,,,,,,,,,,,
s030:instance_013_logical_graph:r03:o2:live,30,instance_013_logical_graph,3,no_cut/live,2,live,DRY_RUN,0,,False,False,,,,,,,,,,,
s030:instance_014_logical_graph:r01:o1:live,30,instance_014_logical_graph,1,live/no_cut,1,live,DRY_RUN,0,,False,False,,,,,,,,,,,
s030:instance_014_logical_graph:r01:o2:no_cut,30,instance_014_logical_graph,1,live/no_cut,2,no_cut,DRY_RUN,0,,False,False,,,,,,,,,,,
s030:instance_014_logical_graph:r02:o1:no_cut,30,instance_014_logical_graph,2,no_cut/live,1,no_cut,DRY_RUN,0,,False,False,,,,,,,,,,,
s030:instance_014_logical_graph:r02:o2:live,30,instance_014_logical_graph,2,no_cut/live,2,live,DRY_RUN,0,,False,False,,,,,,,,,,,
s030:instance_014_logical_graph:r03:o1:live,30,instance_014_logical_graph,3,live/no_cut,1,live,DRY_RUN,0,,False,False,,,,,,,,,,,
s030:instance_014_logical_graph:r03:o2:no_cut,30,instance_014_logical_graph,3,live/no_cut,2,no_cut,DRY_RUN,0,,False,False,,,,,,,,,,,
s030:instance_015_logical_graph:r01:o1:no_cut,30,instance_015_logical_graph,1,no_cut/live,1,no_cut,DRY_RUN,0,,False,False,,,,,,,,,,,
s030:instance_015_logical_graph:r01:o2:live,30,instance_015_logical_graph,1,no_cut/live,2,live,DRY_RUN,0,,False,False,,,,,,,,,,,
s030:instance_015_logical_graph:r02:o1:live,30,instance_015_logical_graph,2,live/no_cut,1,live,DRY_RUN,0,,False,False,,,,,,,,,,,
s030:instance_015_logical_graph:r02:o2:no_cut,30,instance_015_logical_graph,2,live/no_cut,2,no_cut,DRY_RUN,0,,False,False,,,,,,,,,,,
s030:instance_015_logical_graph:r03:o1:no_cut,30,instance_015_logical_graph,3,no_cut/live,1,no_cut,DRY_RUN,0,,False,False,,,,,,,,,,,
s030:instance_015_logical_graph:r03:o2:live,30,instance_015_logical_graph,3,no_cut/live,2,live,DRY_RUN,0,,False,False,,,,,,,,,,,
s030:instance_016_logical_graph:r01:o1:live,30,instance_016_logical_graph,1,live/no_cut,1,live,DRY_RUN,0,,False,False,,,,,,,,,,,
s030:instance_016_logical_graph:r01:o2:no_cut,30,instance_016_logical_graph,1,live/no_cut,2,no_cut,DRY_RUN,0,,False,False,,,,,,,,,,,
s030:instance_016_logical_graph:r02:o1:no_cut,30,instance_016_logical_graph,2,no_cut/live,1,no_cut,DRY_RUN,0,,False,False,,,,,,,,,,,
s030:instance_016_logical_graph:r02:o2:live,30,instance_016_logical_graph,2,no_cut/live,2,live,DRY_RUN,0,,False,False,,,,,,,,,,,
s030:instance_016_logical_graph:r03:o1:live,30,instance_016_logical_graph,3,live/no_cut,1,live,DRY_RUN,0,,False,False,,,,,,,,,,,
s030:instance_016_logical_graph:r03:o2:no_cut,30,instance_016_logical_graph,3,live/no_cut,2,no_cut,DRY_RUN,0,,False,False,,,,,,,,,,,
s030:instance_017_logical_graph:r01:o1:no_cut,30,instance_017_logical_graph,1,no_cut/live,1,no_cut,DRY_RUN,0,,False,False,,,,,,,,,,,
s030:instance_017_logical_graph:r01:o2:live,30,instance_017_logical_graph,1,no_cut/live,2,live,DRY_RUN,0,,False,False,,,,,,,,,,,
s030:instance_017_logical_graph:r02:o1:live,30,instance_017_logical_graph,2,live/no_cut,1,live,DRY_RUN,0,,False,False,,,,,,,,,,,
s030:instance_017_logical_graph:r02:o2:no_cut,30,instance_017_logical_graph,2,live/no_cut,2,no_cut,DRY_RUN,0,,False,False,,,,,,,,,,,
s030:instance_017_logical_graph:r03:o1:no_cut,30,instance_017_logical_graph,3,no_cut/live,1,no_cut,DRY_RUN,0,,False,False,,,,,,,,,,,
s030:instance_017_logical_graph:r03:o2:live,30,instance_017_logical_graph,3,no_cut/live,2,live,DRY_RUN,0,,False,False,,,,,,,,,,,
s030:instance_018_logical_graph:r01:o1:live,30,instance_018_logical_graph,1,live/no_cut,1,live,DRY_RUN,0,,False,False,,,,,,,,,,,
s030:instance_018_logical_graph:r01:o2:no_cut,30,instance_018_logical_graph,1,live/no_cut,2,no_cut,DRY_RUN,0,,False,False,,,,,,,,,,,
s030:instance_018_logical_graph:r02:o1:no_cut,30,instance_018_logical_graph,2,no_cut/live,1,no_cut,DRY_RUN,0,,False,False,,,,,,,,,,,
s030:instance_018_logical_graph:r02:o2:live,30,instance_018_logical_graph,2,no_cut/live,2,live,DRY_RUN,0,,False,False,,,,,,,,,,,
s030:instance_018_logical_graph:r03:o1:live,30,instance_018_logical_graph,3,live/no_cut,1,live,DRY_RUN,0,,False,False,,,,,,,,,,,
s030:instance_018_logical_graph:r03:o2:no_cut,30,instance_018_logical_graph,3,live/no_cut,2,no_cut,DRY_RUN,0,,False,False,,,,,,,,,,,
s030:instance_019_logical_graph:r01:o1:no_cut,30,instance_019_logical_graph,1,no_cut/live,1,no_cut,DRY_RUN,0,,False,False,,,,,,,,,,,
s030:instance_019_logical_graph:r01:o2:live,30,instance_019_logical_graph,1,no_cut/live,2,live,DRY_RUN,0,,False,False,,,,,,,,,,,
s030:instance_019_logical_graph:r02:o1:live,30,instance_019_logical_graph,2,live/no_cut,1,live,DRY_RUN,0,,False,False,,,,,,,,,,,
s030:instance_019_logical_graph:r02:o2:no_cut,30,instance_019_logical_graph,2,live/no_cut,2,no_cut,DRY_RUN,0,,False,False,,,,,,,,,,,
s030:instance_019_logical_graph:r03:o1:no_cut,30,instance_019_logical_graph,3,no_cut/live,1,no_cut,DRY_RUN,0,,False,False,,,,,,,,,,,
s030:instance_019_logical_graph:r03:o2:live,30,instance_019_logical_graph,3,no_cut/live,2,live,DRY_RUN,0,,False,False,,,,,,,,,,,
s030:instance_020_logical_graph:r01:o1:live,30,instance_020_logical_graph,1,live/no_cut,1,live,DRY_RUN,0,,False,False,,,,,,,,,,,
s030:instance_020_logical_graph:r01:o2:no_cut,30,instance_020_logical_graph,1,live/no_cut,2,no_cut,DRY_RUN,0,,False,False,,,,,,,,,,,
s030:instance_020_logical_graph:r02:o1:no_cut,30,instance_020_logical_graph,2,no_cut/live,1,no_cut,DRY_RUN,0,,False,False,,,,,,,,,,,
s030:instance_020_logical_graph:r02:o2:live,30,instance_020_logical_graph,2,no_cut/live,2,live,DRY_RUN,0,,False,False,,,,,,,,,,,
s030:instance_020_logical_graph:r03:o1:live,30,instance_020_logical_graph,3,live/no_cut,1,live,DRY_RUN,0,,False,False,,,,,,,,,,,
s030:instance_020_logical_graph:r03:o2:no_cut,30,instance_020_logical_graph,3,live/no_cut,2,no_cut,DRY_RUN,0,,False,False,,,,,,,,,,,
