matrix_group,scale,instance_id,mode,algorithm_status,certificate_scope,pricing_state,uses_true_dual_bpc_certificate,B0_direct_objective,B2B_R3_root_lp_bound,B3_global_lb,B3_global_ub,B3_global_gap,objective_diff_vs_B0,B3_tree_closed,BPC_TREE_OPTIMAL_count,BPC_NODE_LP_CERTIFIED_count,node_count,evaluated_node_count,open_node_count,incomplete_node_count,pruned_by_bound_count,integer_incumbent_count,branch_count,max_depth_reached,NO_FRACTIONAL_RF_PAIR_count,manual_rc_audit_pass,pricing_rc_audit_pass,branch_pricing_audit_pass,proof_debt_unreleased_count,selected_harvest_addability_fail_count,all_node_ledgers_valid,direct_dp_used_as_bpc_certificate,root_bound_gt_B0_violation,tree_incumbent_diff_vs_B0,certificate_scope_regression,manual_rc_fail,pricing_rc_fail,branch_pricing_audit_fail,proof_debt_unreleased_certified,direct_dp_certificate_leak,NO_FRACTIONAL_RF_PAIR_treated_as_integral,open_node_but_tree_optimal,incomplete_node_but_tree_optimal,wall_time,fail_closed_reason
5-scale full,5,lunar_ice_sp50_005_001_seed679001,B0_pure_direct_dp,DIRECT_DP_BASELINE_OPTIMAL,DIRECT_DP_FIXED_GRAPH_OPTIMAL,NOT_PRICED,False,1310.952686,,,,,,False,0,0,0,0,0,0,0,0,0,0,0,,,,0,0,False,False,0,0,0,0,0,0,0,0,0,0,0,0.004593,
5-scale full,5,lunar_ice_sp50_005_001_seed679001,B2_PRODUCT_EXACT_SOLVER,DIRECT_DP_BASELINE_OPTIMAL,DIRECT_DP_FIXED_GRAPH_OPTIMAL,NOT_PRICED,False,1310.952686,,,,,0.0,False,0,0,0,0,0,0,0,0,0,0,0,,,,0,0,False,False,0,0,0,0,0,0,0,0,0,0,0,0.004943,
5-scale full,5,lunar_ice_sp50_005_001_seed679001,B2B_R3_true_dual_negative_search_worker,BPC_GAP_AVAILABLE,BPC_NODE_LP_CERTIFIED,CERTIFIED_NO_NEGATIVE,True,1310.952686,1310.952686,,,,0.0,False,0,1,0,0,0,0,0,0,0,0,0,True,True,,0,0,True,False,0,0,0,0,0,0,0,0,0,0,0,0.161911,
5-scale full,5,lunar_ice_sp50_005_001_seed679001,B3A_full_universe_branch_audit,BPC_GAP_AVAILABLE,BPC_NODE_LP_CERTIFIED,CERTIFIED_NO_NEGATIVE,True,,,1310.952686,,,,False,0,1,1,1,0,0,0,0,0,0,0,True,True,True,0,0,True,False,0,0,0,0,0,0,0,0,0,0,0,0.084016,
5-scale full,5,lunar_ice_sp50_005_001_seed679001,B3B_seeded_branch_price_tree,BPC_OPTIMAL,BPC_TREE_OPTIMAL,CERTIFIED_NO_NEGATIVE,True,1310.952686,,1310.952686,1310.952686,0.0,0.0,True,1,1,1,1,0,0,0,1,0,0,0,,,,0,0,True,False,0,0,0,0,0,0,0,0,0,0,0,0.298913,
5-scale full,5,lunar_ice_sp50_005_002_seed679002,B0_pure_direct_dp,DIRECT_DP_BASELINE_OPTIMAL,DIRECT_DP_FIXED_GRAPH_OPTIMAL,NOT_PRICED,False,1349.525425,,,,,,False,0,0,0,0,0,0,0,0,0,0,0,,,,0,0,False,False,0,0,0,0,0,0,0,0,0,0,0,0.003514,
5-scale full,5,lunar_ice_sp50_005_002_seed679002,B2_PRODUCT_EXACT_SOLVER,DIRECT_DP_BASELINE_OPTIMAL,DIRECT_DP_FIXED_GRAPH_OPTIMAL,NOT_PRICED,False,1349.525425,,,,,0.0,False,0,0,0,0,0,0,0,0,0,0,0,,,,0,0,False,False,0,0,0,0,0,0,0,0,0,0,0,0.003512,
5-scale full,5,lunar_ice_sp50_005_002_seed679002,B2B_R3_true_dual_negative_search_worker,BPC_GAP_AVAILABLE,BPC_NODE_LP_CERTIFIED,CERTIFIED_NO_NEGATIVE,True,1349.525425,1349.525425,,,,0.0,False,0,1,0,0,0,0,0,0,0,0,0,True,True,,0,0,True,False,0,0,0,0,0,0,0,0,0,0,0,0.20888,
5-scale full,5,lunar_ice_sp50_005_002_seed679002,B3A_full_universe_branch_audit,BPC_GAP_AVAILABLE,BPC_NODE_LP_CERTIFIED,CERTIFIED_NO_NEGATIVE,True,,,1349.525425,,,,False,0,1,1,1,0,0,0,0,0,0,0,True,True,True,0,0,True,False,0,0,0,0,0,0,0,0,0,0,0,0.145155,
5-scale full,5,lunar_ice_sp50_005_002_seed679002,B3B_seeded_branch_price_tree,BPC_OPTIMAL,BPC_TREE_OPTIMAL,CERTIFIED_NO_NEGATIVE,True,1349.525425,,1349.525425,1349.525425,0.0,0.0,True,1,1,1,1,0,0,0,1,0,0,0,,,,0,0,True,False,0,0,0,0,0,0,0,0,0,0,0,0.430414,
5-scale full,5,lunar_ice_sp50_005_003_seed679005,B0_pure_direct_dp,DIRECT_DP_BASELINE_OPTIMAL,DIRECT_DP_FIXED_GRAPH_OPTIMAL,NOT_PRICED,False,1316.47124,,,,,,False,0,0,0,0,0,0,0,0,0,0,0,,,,0,0,False,False,0,0,0,0,0,0,0,0,0,0,0,0.006638,
5-scale full,5,lunar_ice_sp50_005_003_seed679005,B2_PRODUCT_EXACT_SOLVER,DIRECT_DP_BASELINE_OPTIMAL,DIRECT_DP_FIXED_GRAPH_OPTIMAL,NOT_PRICED,False,1316.47124,,,,,0.0,False,0,0,0,0,0,0,0,0,0,0,0,,,,0,0,False,False,0,0,0,0,0,0,0,0,0,0,0,0.005271,
5-scale full,5,lunar_ice_sp50_005_003_seed679005,B2B_R3_true_dual_negative_search_worker,BPC_GAP_AVAILABLE,BPC_NODE_LP_CERTIFIED,CERTIFIED_NO_NEGATIVE,True,1316.47124,1316.47124,,,,0.0,False,0,1,0,0,0,0,0,0,0,0,0,True,True,,0,0,True,False,0,0,0,0,0,0,0,0,0,0,0,0.282602,
5-scale full,5,lunar_ice_sp50_005_003_seed679005,B3A_full_universe_branch_audit,BPC_GAP_AVAILABLE,BPC_NODE_LP_CERTIFIED,CERTIFIED_NO_NEGATIVE,True,,,1316.47124,,,,False,0,1,1,1,0,0,0,0,0,0,0,True,True,True,0,0,True,False,0,0,0,0,0,0,0,0,0,0,0,0.165227,
5-scale full,5,lunar_ice_sp50_005_003_seed679005,B3B_seeded_branch_price_tree,BPC_OPTIMAL,BPC_TREE_OPTIMAL,CERTIFIED_NO_NEGATIVE,True,1316.47124,,1316.47124,1316.47124,0.0,0.0,True,1,1,1,1,0,0,0,1,0,0,0,,,,0,0,True,False,0,0,0,0,0,0,0,0,0,0,0,0.581865,
5-scale full,5,lunar_ice_sp50_005_004_seed679030,B0_pure_direct_dp,DIRECT_DP_BASELINE_OPTIMAL,DIRECT_DP_FIXED_GRAPH_OPTIMAL,NOT_PRICED,False,1233.389303,,,,,,False,0,0,0,0,0,0,0,0,0,0,0,,,,0,0,False,False,0,0,0,0,0,0,0,0,0,0,0,0.004216,
5-scale full,5,lunar_ice_sp50_005_004_seed679030,B2_PRODUCT_EXACT_SOLVER,DIRECT_DP_BASELINE_OPTIMAL,DIRECT_DP_FIXED_GRAPH_OPTIMAL,NOT_PRICED,False,1233.389303,,,,,0.0,False,0,0,0,0,0,0,0,0,0,0,0,,,,0,0,False,False,0,0,0,0,0,0,0,0,0,0,0,0.00439,
5-scale full,5,lunar_ice_sp50_005_004_seed679030,B2B_R3_true_dual_negative_search_worker,BPC_GAP_AVAILABLE,BPC_NODE_LP_CERTIFIED,CERTIFIED_NO_NEGATIVE,True,1233.389303,1233.389303,,,,0.0,False,0,1,0,0,0,0,0,0,0,0,0,True,True,,0,0,True,False,0,0,0,0,0,0,0,0,0,0,0,0.230639,
5-scale full,5,lunar_ice_sp50_005_004_seed679030,B3A_full_universe_branch_audit,BPC_GAP_AVAILABLE,BPC_NODE_LP_CERTIFIED,CERTIFIED_NO_NEGATIVE,True,,,1233.389303,,,,False,0,1,1,1,0,0,0,0,0,0,0,True,True,True,0,0,True,False,0,0,0,0,0,0,0,0,0,0,0,0.14911,
5-scale full,5,lunar_ice_sp50_005_004_seed679030,B3B_seeded_branch_price_tree,BPC_OPTIMAL,BPC_TREE_OPTIMAL,CERTIFIED_NO_NEGATIVE,True,1233.389303,,1233.389303,1233.389303,0.0,0.0,True,1,1,1,1,0,0,0,1,0,0,0,,,,0,0,True,False,0,0,0,0,0,0,0,0,0,0,0,0.464412,
5-scale full,5,lunar_ice_sp50_005_005_seed679011,B0_pure_direct_dp,DIRECT_DP_BASELINE_OPTIMAL,DIRECT_DP_FIXED_GRAPH_OPTIMAL,NOT_PRICED,False,1182.368403,,,,,,False,0,0,0,0,0,0,0,0,0,0,0,,,,0,0,False,False,0,0,0,0,0,0,0,0,0,0,0,0.005173,
5-scale full,5,lunar_ice_sp50_005_005_seed679011,B2_PRODUCT_EXACT_SOLVER,DIRECT_DP_BASELINE_OPTIMAL,DIRECT_DP_FIXED_GRAPH_OPTIMAL,NOT_PRICED,False,1182.368403,,,,,0.0,False,0,0,0,0,0,0,0,0,0,0,0,,,,0,0,False,False,0,0,0,0,0,0,0,0,0,0,0,0.005519,
5-scale full,5,lunar_ice_sp50_005_005_seed679011,B2B_R3_true_dual_negative_search_worker,BPC_GAP_AVAILABLE,BPC_NODE_LP_CERTIFIED,CERTIFIED_NO_NEGATIVE,True,1182.368403,1182.368403,,,,0.0,False,0,1,0,0,0,0,0,0,0,0,0,True,True,,0,0,True,False,0,0,0,0,0,0,0,0,0,0,0,0.296901,
5-scale full,5,lunar_ice_sp50_005_005_seed679011,B3A_full_universe_branch_audit,BPC_GAP_AVAILABLE,BPC_NODE_LP_CERTIFIED,CERTIFIED_NO_NEGATIVE,True,,,1182.368403,,,,False,0,1,1,1,0,0,0,0,0,0,0,True,True,True,0,0,True,False,0,0,0,0,0,0,0,0,0,0,0,0.19481,
5-scale full,5,lunar_ice_sp50_005_005_seed679011,B3B_seeded_branch_price_tree,BPC_OPTIMAL,BPC_TREE_OPTIMAL,CERTIFIED_NO_NEGATIVE,True,1182.368403,,1182.368403,1182.368403,0.0,0.0,True,1,1,1,1,0,0,0,1,0,0,0,,,,0,0,True,False,0,0,0,0,0,0,0,0,0,0,0,0.61236,
5-scale full,5,lunar_ice_sp50_005_006_seed679032,B0_pure_direct_dp,DIRECT_DP_BASELINE_OPTIMAL,DIRECT_DP_FIXED_GRAPH_OPTIMAL,NOT_PRICED,False,1244.612406,,,,,,False,0,0,0,0,0,0,0,0,0,0,0,,,,0,0,False,False,0,0,0,0,0,0,0,0,0,0,0,0.004061,
5-scale full,5,lunar_ice_sp50_005_006_seed679032,B2_PRODUCT_EXACT_SOLVER,DIRECT_DP_BASELINE_OPTIMAL,DIRECT_DP_FIXED_GRAPH_OPTIMAL,NOT_PRICED,False,1244.612406,,,,,0.0,False,0,0,0,0,0,0,0,0,0,0,0,,,,0,0,False,False,0,0,0,0,0,0,0,0,0,0,0,0.003836,
5-scale full,5,lunar_ice_sp50_005_006_seed679032,B2B_R3_true_dual_negative_search_worker,BPC_GAP_AVAILABLE,BPC_NODE_LP_CERTIFIED,CERTIFIED_NO_NEGATIVE,True,1244.612406,1244.612406,,,,0.0,False,0,1,0,0,0,0,0,0,0,0,0,True,True,,0,0,True,False,0,0,0,0,0,0,0,0,0,0,0,0.225179,
5-scale full,5,lunar_ice_sp50_005_006_seed679032,B3A_full_universe_branch_audit,BPC_GAP_AVAILABLE,BPC_NODE_LP_CERTIFIED,CERTIFIED_NO_NEGATIVE,True,,,1244.612406,,,,False,0,1,1,1,0,0,0,0,0,0,0,True,True,True,0,0,True,False,0,0,0,0,0,0,0,0,0,0,0,0.144563,
5-scale full,5,lunar_ice_sp50_005_006_seed679032,B3B_seeded_branch_price_tree,BPC_OPTIMAL,BPC_TREE_OPTIMAL,CERTIFIED_NO_NEGATIVE,True,1244.612406,,1244.612406,1244.612406,0.0,0.0,True,1,1,1,1,0,0,0,1,0,0,0,,,,0,0,True,False,0,0,0,0,0,0,0,0,0,0,0,0.454449,
5-scale full,5,lunar_ice_sp50_005_007_seed679013,B0_pure_direct_dp,DIRECT_DP_BASELINE_OPTIMAL,DIRECT_DP_FIXED_GRAPH_OPTIMAL,NOT_PRICED,False,1400.622149,,,,,,False,0,0,0,0,0,0,0,0,0,0,0,,,,0,0,False,False,0,0,0,0,0,0,0,0,0,0,0,0.003498,
5-scale full,5,lunar_ice_sp50_005_007_seed679013,B2_PRODUCT_EXACT_SOLVER,DIRECT_DP_BASELINE_OPTIMAL,DIRECT_DP_FIXED_GRAPH_OPTIMAL,NOT_PRICED,False,1400.622149,,,,,0.0,False,0,0,0,0,0,0,0,0,0,0,0,,,,0,0,False,False,0,0,0,0,0,0,0,0,0,0,0,0.006134,
5-scale full,5,lunar_ice_sp50_005_007_seed679013,B2B_R3_true_dual_negative_search_worker,BPC_GAP_AVAILABLE,BPC_NODE_LP_CERTIFIED,CERTIFIED_NO_NEGATIVE,True,1400.622149,1400.622149,,,,0.0,False,0,1,0,0,0,0,0,0,0,0,0,True,True,,0,0,True,False,0,0,0,0,0,0,0,0,0,0,0,0.368456,
5-scale full,5,lunar_ice_sp50_005_007_seed679013,B3A_full_universe_branch_audit,BPC_GAP_AVAILABLE,BPC_NODE_LP_CERTIFIED,CERTIFIED_NO_NEGATIVE,True,,,1400.622149,,,,False,0,1,1,1,0,0,0,0,0,0,0,True,True,True,0,0,True,False,0,0,0,0,0,0,0,0,0,0,0,0.275367,
5-scale full,5,lunar_ice_sp50_005_007_seed679013,B3B_seeded_branch_price_tree,BPC_OPTIMAL,BPC_TREE_OPTIMAL,CERTIFIED_NO_NEGATIVE,True,1400.622149,,1400.622149,1400.622149,0.0,0.0,True,1,1,1,1,0,0,0,1,0,0,0,,,,0,0,True,False,0,0,0,0,0,0,0,0,0,0,0,0.740903,
5-scale full,5,lunar_ice_sp50_005_008_seed679014,B0_pure_direct_dp,DIRECT_DP_BASELINE_OPTIMAL,DIRECT_DP_FIXED_GRAPH_OPTIMAL,NOT_PRICED,False,1579.649799,,,,,,False,0,0,0,0,0,0,0,0,0,0,0,,,,0,0,False,False,0,0,0,0,0,0,0,0,0,0,0,0.006365,
5-scale full,5,lunar_ice_sp50_005_008_seed679014,B2_PRODUCT_EXACT_SOLVER,DIRECT_DP_BASELINE_OPTIMAL,DIRECT_DP_FIXED_GRAPH_OPTIMAL,NOT_PRICED,False,1579.649799,,,,,0.0,False,0,0,0,0,0,0,0,0,0,0,0,,,,0,0,False,False,0,0,0,0,0,0,0,0,0,0,0,0.005962,
5-scale full,5,lunar_ice_sp50_005_008_seed679014,B2B_R3_true_dual_negative_search_worker,BPC_GAP_AVAILABLE,BPC_NODE_LP_CERTIFIED,CERTIFIED_NO_NEGATIVE,True,1579.649799,1579.649799,,,,0.0,False,0,1,0,0,0,0,0,0,0,0,0,True,True,,0,0,True,False,0,0,0,0,0,0,0,0,0,0,0,0.418417,
5-scale full,5,lunar_ice_sp50_005_008_seed679014,B3A_full_universe_branch_audit,BPC_GAP_AVAILABLE,BPC_NODE_LP_CERTIFIED,CERTIFIED_NO_NEGATIVE,True,,,1579.649799,,,,False,0,1,1,1,0,0,0,0,0,0,0,True,True,True,0,0,True,False,0,0,0,0,0,0,0,0,0,0,0,0.27466,
5-scale full,5,lunar_ice_sp50_005_008_seed679014,B3B_seeded_branch_price_tree,BPC_OPTIMAL,BPC_TREE_OPTIMAL,CERTIFIED_NO_NEGATIVE,True,1579.649799,,1579.649799,1579.649799,0.0,0.0,True,1,1,1,1,0,0,0,1,0,0,0,,,,0,0,True,False,0,0,0,0,0,0,0,0,0,0,0,0.844926,
5-scale full,5,lunar_ice_sp50_005_009_seed679015,B0_pure_direct_dp,DIRECT_DP_BASELINE_OPTIMAL,DIRECT_DP_FIXED_GRAPH_OPTIMAL,NOT_PRICED,False,1513.217855,,,,,,False,0,0,0,0,0,0,0,0,0,0,0,,,,0,0,False,False,0,0,0,0,0,0,0,0,0,0,0,0.004588,
5-scale full,5,lunar_ice_sp50_005_009_seed679015,B2_PRODUCT_EXACT_SOLVER,DIRECT_DP_BASELINE_OPTIMAL,DIRECT_DP_FIXED_GRAPH_OPTIMAL,NOT_PRICED,False,1513.217855,,,,,0.0,False,0,0,0,0,0,0,0,0,0,0,0,,,,0,0,False,False,0,0,0,0,0,0,0,0,0,0,0,0.004491,
5-scale full,5,lunar_ice_sp50_005_009_seed679015,B2B_R3_true_dual_negative_search_worker,BPC_GAP_AVAILABLE,BPC_NODE_LP_CERTIFIED,CERTIFIED_NO_NEGATIVE,True,1513.217855,1513.217855,,,,0.0,False,0,1,0,0,0,0,0,0,0,0,0,True,True,,0,0,True,False,0,0,0,0,0,0,0,0,0,0,0,0.254273,
5-scale full,5,lunar_ice_sp50_005_009_seed679015,B3A_full_universe_branch_audit,BPC_GAP_AVAILABLE,BPC_NODE_LP_CERTIFIED,CERTIFIED_NO_NEGATIVE,True,,,1513.217855,,,,False,0,1,1,1,0,0,0,0,0,0,0,True,True,True,0,0,True,False,0,0,0,0,0,0,0,0,0,0,0,0.230724,
5-scale full,5,lunar_ice_sp50_005_009_seed679015,B3B_seeded_branch_price_tree,BPC_OPTIMAL,BPC_TREE_OPTIMAL,CERTIFIED_NO_NEGATIVE,True,1513.217855,,1513.217855,1513.217855,0.0,0.0,True,1,1,1,1,0,0,0,1,0,0,0,,,,0,0,True,False,0,0,0,0,0,0,0,0,0,0,0,0.500918,
5-scale full,5,lunar_ice_sp50_005_010_seed679016,B0_pure_direct_dp,DIRECT_DP_BASELINE_OPTIMAL,DIRECT_DP_FIXED_GRAPH_OPTIMAL,NOT_PRICED,False,1340.689732,,,,,,False,0,0,0,0,0,0,0,0,0,0,0,,,,0,0,False,False,0,0,0,0,0,0,0,0,0,0,0,0.0077,
5-scale full,5,lunar_ice_sp50_005_010_seed679016,B2_PRODUCT_EXACT_SOLVER,DIRECT_DP_BASELINE_OPTIMAL,DIRECT_DP_FIXED_GRAPH_OPTIMAL,NOT_PRICED,False,1340.689732,,,,,0.0,False,0,0,0,0,0,0,0,0,0,0,0,,,,0,0,False,False,0,0,0,0,0,0,0,0,0,0,0,0.008084,
5-scale full,5,lunar_ice_sp50_005_010_seed679016,B2B_R3_true_dual_negative_search_worker,BPC_GAP_AVAILABLE,BPC_NODE_LP_CERTIFIED,CERTIFIED_NO_NEGATIVE,True,1340.689732,1340.689732,,,,0.0,False,0,1,0,0,0,0,0,0,0,0,0,True,True,,0,0,True,False,0,0,0,0,0,0,0,0,0,0,0,0.348317,
5-scale full,5,lunar_ice_sp50_005_010_seed679016,B3A_full_universe_branch_audit,BPC_GAP_AVAILABLE,BPC_NODE_LP_CERTIFIED,CERTIFIED_NO_NEGATIVE,True,,,1340.689732,,,,False,0,1,1,1,0,0,0,0,0,0,0,True,True,True,0,0,True,False,0,0,0,0,0,0,0,0,0,0,0,0.190515,
5-scale full,5,lunar_ice_sp50_005_010_seed679016,B3B_seeded_branch_price_tree,BPC_OPTIMAL,BPC_TREE_OPTIMAL,CERTIFIED_NO_NEGATIVE,True,1340.689732,,1340.689732,1340.689732,0.0,0.0,True,1,1,1,1,0,0,0,1,0,0,0,,,,0,0,True,False,0,0,0,0,0,0,0,0,0,0,0,0.690992,
5-scale full,5,lunar_ice_sp50_005_011_seed679017,B0_pure_direct_dp,DIRECT_DP_BASELINE_OPTIMAL,DIRECT_DP_FIXED_GRAPH_OPTIMAL,NOT_PRICED,False,1432.954994,,,,,,False,0,0,0,0,0,0,0,0,0,0,0,,,,0,0,False,False,0,0,0,0,0,0,0,0,0,0,0,0.005512,
5-scale full,5,lunar_ice_sp50_005_011_seed679017,B2_PRODUCT_EXACT_SOLVER,DIRECT_DP_BASELINE_OPTIMAL,DIRECT_DP_FIXED_GRAPH_OPTIMAL,NOT_PRICED,False,1432.954994,,,,,0.0,False,0,0,0,0,0,0,0,0,0,0,0,,,,0,0,False,False,0,0,0,0,0,0,0,0,0,0,0,0.005626,
5-scale full,5,lunar_ice_sp50_005_011_seed679017,B2B_R3_true_dual_negative_search_worker,BPC_GAP_AVAILABLE,BPC_NODE_LP_CERTIFIED,CERTIFIED_NO_NEGATIVE,True,1432.954994,1432.954994,,,,0.0,False,0,1,0,0,0,0,0,0,0,0,0,True,True,,0,0,True,False,0,0,0,0,0,0,0,0,0,0,0,0.442766,
5-scale full,5,lunar_ice_sp50_005_011_seed679017,B3A_full_universe_branch_audit,BPC_GAP_AVAILABLE,BPC_NODE_LP_CERTIFIED,CERTIFIED_NO_NEGATIVE,True,,,1432.954994,,,,False,0,1,1,1,0,0,0,0,0,0,0,True,True,True,0,0,True,False,0,0,0,0,0,0,0,0,0,0,0,0.315457,
5-scale full,5,lunar_ice_sp50_005_011_seed679017,B3B_seeded_branch_price_tree,BPC_OPTIMAL,BPC_TREE_OPTIMAL,CERTIFIED_NO_NEGATIVE,True,1432.954994,,1432.954994,1432.954994,0.0,0.0,True,1,1,1,1,0,0,0,1,0,0,0,,,,0,0,True,False,0,0,0,0,0,0,0,0,0,0,0,0.87561,
5-scale full,5,lunar_ice_sp50_005_012_seed679018,B0_pure_direct_dp,DIRECT_DP_BASELINE_OPTIMAL,DIRECT_DP_FIXED_GRAPH_OPTIMAL,NOT_PRICED,False,1431.520203,,,,,,False,0,0,0,0,0,0,0,0,0,0,0,,,,0,0,False,False,0,0,0,0,0,0,0,0,0,0,0,0.012111,
5-scale full,5,lunar_ice_sp50_005_012_seed679018,B2_PRODUCT_EXACT_SOLVER,DIRECT_DP_BASELINE_OPTIMAL,DIRECT_DP_FIXED_GRAPH_OPTIMAL,NOT_PRICED,False,1431.520203,,,,,0.0,False,0,0,0,0,0,0,0,0,0,0,0,,,,0,0,False,False,0,0,0,0,0,0,0,0,0,0,0,0.012458,
5-scale full,5,lunar_ice_sp50_005_012_seed679018,B2B_R3_true_dual_negative_search_worker,BPC_GAP_AVAILABLE,BPC_NODE_LP_CERTIFIED,CERTIFIED_NO_NEGATIVE,True,1431.520203,1431.520203,,,,0.0,False,0,1,0,0,0,0,0,0,0,0,0,True,True,,0,0,True,False,0,0,0,0,0,0,0,0,0,0,0,0.482483,
5-scale full,5,lunar_ice_sp50_005_012_seed679018,B3A_full_universe_branch_audit,BPC_GAP_AVAILABLE,BPC_NODE_LP_CERTIFIED,CERTIFIED_NO_NEGATIVE,True,,,1431.520203,,,,False,0,1,1,1,0,0,0,0,0,0,0,True,True,True,0,0,True,False,0,0,0,0,0,0,0,0,0,0,0,0.268239,
5-scale full,5,lunar_ice_sp50_005_012_seed679018,B3B_seeded_branch_price_tree,BPC_OPTIMAL,BPC_TREE_OPTIMAL,CERTIFIED_NO_NEGATIVE,True,1431.520203,,1431.520203,1431.520203,0.0,0.0,True,1,1,1,1,0,0,0,1,0,0,0,,,,0,0,True,False,0,0,0,0,0,0,0,0,0,0,0,0.988355,
5-scale full,5,lunar_ice_sp50_005_013_seed679019,B0_pure_direct_dp,DIRECT_DP_BASELINE_OPTIMAL,DIRECT_DP_FIXED_GRAPH_OPTIMAL,NOT_PRICED,False,1573.234918,,,,,,False,0,0,0,0,0,0,0,0,0,0,0,,,,0,0,False,False,0,0,0,0,0,0,0,0,0,0,0,0.005558,
5-scale full,5,lunar_ice_sp50_005_013_seed679019,B2_PRODUCT_EXACT_SOLVER,DIRECT_DP_BASELINE_OPTIMAL,DIRECT_DP_FIXED_GRAPH_OPTIMAL,NOT_PRICED,False,1573.234918,,,,,0.0,False,0,0,0,0,0,0,0,0,0,0,0,,,,0,0,False,False,0,0,0,0,0,0,0,0,0,0,0,0.005405,
5-scale full,5,lunar_ice_sp50_005_013_seed679019,B2B_R3_true_dual_negative_search_worker,BPC_GAP_AVAILABLE,BPC_NODE_LP_CERTIFIED,CERTIFIED_NO_NEGATIVE,True,1573.234918,1573.234918,,,,0.0,False,0,1,0,0,0,0,0,0,0,0,0,True,True,,0,0,True,False,0,0,0,0,0,0,0,0,0,0,0,0.398396,
5-scale full,5,lunar_ice_sp50_005_013_seed679019,B3A_full_universe_branch_audit,BPC_GAP_AVAILABLE,BPC_NODE_LP_CERTIFIED,CERTIFIED_NO_NEGATIVE,True,,,1573.234918,,,,False,0,1,1,1,0,0,0,0,0,0,0,True,True,True,0,0,True,False,0,0,0,0,0,0,0,0,0,0,0,0.252042,
5-scale full,5,lunar_ice_sp50_005_013_seed679019,B3B_seeded_branch_price_tree,BPC_OPTIMAL,BPC_TREE_OPTIMAL,CERTIFIED_NO_NEGATIVE,True,1573.234918,,1573.234918,1573.234918,0.0,0.0,True,1,1,1,1,0,0,0,1,0,0,0,,,,0,0,True,False,0,0,0,0,0,0,0,0,0,0,0,0.79909,
5-scale full,5,lunar_ice_sp50_005_014_seed679020,B0_pure_direct_dp,DIRECT_DP_BASELINE_OPTIMAL,DIRECT_DP_FIXED_GRAPH_OPTIMAL,NOT_PRICED,False,1544.987555,,,,,,False,0,0,0,0,0,0,0,0,0,0,0,,,,0,0,False,False,0,0,0,0,0,0,0,0,0,0,0,0.007847,
5-scale full,5,lunar_ice_sp50_005_014_seed679020,B2_PRODUCT_EXACT_SOLVER,DIRECT_DP_BASELINE_OPTIMAL,DIRECT_DP_FIXED_GRAPH_OPTIMAL,NOT_PRICED,False,1544.987555,,,,,0.0,False,0,0,0,0,0,0,0,0,0,0,0,,,,0,0,False,False,0,0,0,0,0,0,0,0,0,0,0,0.007272,
5-scale full,5,lunar_ice_sp50_005_014_seed679020,B2B_R3_true_dual_negative_search_worker,BPC_GAP_AVAILABLE,BPC_NODE_LP_CERTIFIED,CERTIFIED_NO_NEGATIVE,True,1544.987555,1544.987555,,,,0.0,False,0,1,0,0,0,0,0,0,0,0,0,True,True,,0,0,True,False,0,0,0,0,0,0,0,0,0,0,0,0.402937,
5-scale full,5,lunar_ice_sp50_005_014_seed679020,B3A_full_universe_branch_audit,BPC_GAP_AVAILABLE,BPC_NODE_LP_CERTIFIED,CERTIFIED_NO_NEGATIVE,True,,,1544.987555,,,,False,0,1,1,1,0,0,0,0,0,0,0,True,True,True,0,0,True,False,0,0,0,0,0,0,0,0,0,0,0,0.322532,
5-scale full,5,lunar_ice_sp50_005_014_seed679020,B3B_seeded_branch_price_tree,BPC_OPTIMAL,BPC_TREE_OPTIMAL,CERTIFIED_NO_NEGATIVE,True,1544.987555,,1544.987555,1544.987555,0.0,0.0,True,1,1,1,1,0,0,0,1,0,0,0,,,,0,0,True,False,0,0,0,0,0,0,0,0,0,0,0,0.793946,
5-scale full,5,lunar_ice_sp50_005_015_seed679021,B0_pure_direct_dp,DIRECT_DP_BASELINE_OPTIMAL,DIRECT_DP_FIXED_GRAPH_OPTIMAL,NOT_PRICED,False,1529.573117,,,,,,False,0,0,0,0,0,0,0,0,0,0,0,,,,0,0,False,False,0,0,0,0,0,0,0,0,0,0,0,0.004514,
5-scale full,5,lunar_ice_sp50_005_015_seed679021,B2_PRODUCT_EXACT_SOLVER,DIRECT_DP_BASELINE_OPTIMAL,DIRECT_DP_FIXED_GRAPH_OPTIMAL,NOT_PRICED,False,1529.573117,,,,,0.0,False,0,0,0,0,0,0,0,0,0,0,0,,,,0,0,False,False,0,0,0,0,0,0,0,0,0,0,0,0.005153,
5-scale full,5,lunar_ice_sp50_005_015_seed679021,B2B_R3_true_dual_negative_search_worker,BPC_GAP_AVAILABLE,BPC_NODE_LP_CERTIFIED,CERTIFIED_NO_NEGATIVE,True,1529.573117,1529.573117,,,,0.0,False,0,1,0,0,0,0,0,0,0,0,0,True,True,,0,0,True,False,0,0,0,0,0,0,0,0,0,0,0,0.241575,
5-scale full,5,lunar_ice_sp50_005_015_seed679021,B3A_full_universe_branch_audit,BPC_GAP_AVAILABLE,BPC_NODE_LP_CERTIFIED,CERTIFIED_NO_NEGATIVE,True,,,1529.573117,,,,False,0,1,1,1,0,0,0,0,0,0,0,True,True,True,0,0,True,False,0,0,0,0,0,0,0,0,0,0,0,0.168048,
5-scale full,5,lunar_ice_sp50_005_015_seed679021,B3B_seeded_branch_price_tree,BPC_OPTIMAL,BPC_TREE_OPTIMAL,CERTIFIED_NO_NEGATIVE,True,1529.573117,,1529.573117,1529.573117,0.0,0.0,True,1,1,1,1,0,0,0,1,0,0,0,,,,0,0,True,False,0,0,0,0,0,0,0,0,0,0,0,0.490751,
5-scale full,5,lunar_ice_sp50_005_016_seed679062,B0_pure_direct_dp,DIRECT_DP_BASELINE_OPTIMAL,DIRECT_DP_FIXED_GRAPH_OPTIMAL,NOT_PRICED,False,1071.627935,,,,,,False,0,0,0,0,0,0,0,0,0,0,0,,,,0,0,False,False,0,0,0,0,0,0,0,0,0,0,0,0.005664,
5-scale full,5,lunar_ice_sp50_005_016_seed679062,B2_PRODUCT_EXACT_SOLVER,DIRECT_DP_BASELINE_OPTIMAL,DIRECT_DP_FIXED_GRAPH_OPTIMAL,NOT_PRICED,False,1071.627935,,,,,0.0,False,0,0,0,0,0,0,0,0,0,0,0,,,,0,0,False,False,0,0,0,0,0,0,0,0,0,0,0,0.004653,
5-scale full,5,lunar_ice_sp50_005_016_seed679062,B2B_R3_true_dual_negative_search_worker,BPC_GAP_AVAILABLE,BPC_NODE_LP_CERTIFIED,CERTIFIED_NO_NEGATIVE,True,1071.627935,1071.627935,,,,0.0,False,0,1,0,0,0,0,0,0,0,0,0,True,True,,0,0,True,False,0,0,0,0,0,0,0,0,0,0,0,0.220897,
5-scale full,5,lunar_ice_sp50_005_016_seed679062,B3A_full_universe_branch_audit,BPC_GAP_AVAILABLE,BPC_NODE_LP_CERTIFIED,CERTIFIED_NO_NEGATIVE,True,,,1071.627935,,,,False,0,1,1,1,0,0,0,0,0,0,0,True,True,True,0,0,True,False,0,0,0,0,0,0,0,0,0,0,0,0.110936,
5-scale full,5,lunar_ice_sp50_005_016_seed679062,B3B_seeded_branch_price_tree,BPC_OPTIMAL,BPC_TREE_OPTIMAL,CERTIFIED_NO_NEGATIVE,True,1071.627935,,1071.627935,1071.627935,0.0,0.0,True,1,1,1,1,0,0,0,1,0,0,0,,,,0,0,True,False,0,0,0,0,0,0,0,0,0,0,0,0.438089,
5-scale full,5,lunar_ice_sp50_005_017_seed679123,B0_pure_direct_dp,DIRECT_DP_BASELINE_OPTIMAL,DIRECT_DP_FIXED_GRAPH_OPTIMAL,NOT_PRICED,False,1255.420499,,,,,,False,0,0,0,0,0,0,0,0,0,0,0,,,,0,0,False,False,0,0,0,0,0,0,0,0,0,0,0,0.007685,
5-scale full,5,lunar_ice_sp50_005_017_seed679123,B2_PRODUCT_EXACT_SOLVER,DIRECT_DP_BASELINE_OPTIMAL,DIRECT_DP_FIXED_GRAPH_OPTIMAL,NOT_PRICED,False,1255.420499,,,,,0.0,False,0,0,0,0,0,0,0,0,0,0,0,,,,0,0,False,False,0,0,0,0,0,0,0,0,0,0,0,0.007739,
5-scale full,5,lunar_ice_sp50_005_017_seed679123,B2B_R3_true_dual_negative_search_worker,BPC_GAP_AVAILABLE,BPC_NODE_LP_CERTIFIED,CERTIFIED_NO_NEGATIVE,True,1255.420499,1255.420499,,,,0.0,False,0,1,0,0,0,0,0,0,0,0,0,True,True,,0,0,True,False,0,0,0,0,0,0,0,0,0,0,0,0.319917,
5-scale full,5,lunar_ice_sp50_005_017_seed679123,B3A_full_universe_branch_audit,BPC_GAP_AVAILABLE,BPC_NODE_LP_CERTIFIED,CERTIFIED_NO_NEGATIVE,True,,,1255.420499,,,,False,0,1,1,1,0,0,0,0,0,0,0,True,True,True,0,0,True,False,0,0,0,0,0,0,0,0,0,0,0,0.247995,
5-scale full,5,lunar_ice_sp50_005_017_seed679123,B3B_seeded_branch_price_tree,BPC_OPTIMAL,BPC_TREE_OPTIMAL,CERTIFIED_NO_NEGATIVE,True,1255.420499,,1255.420499,1255.420499,0.0,0.0,True,1,1,1,1,0,0,0,1,0,0,0,,,,0,0,True,False,0,0,0,0,0,0,0,0,0,0,0,0.642809,
5-scale full,5,lunar_ice_sp50_005_018_seed679064,B0_pure_direct_dp,DIRECT_DP_BASELINE_OPTIMAL,DIRECT_DP_FIXED_GRAPH_OPTIMAL,NOT_PRICED,False,956.173707,,,,,,False,0,0,0,0,0,0,0,0,0,0,0,,,,0,0,False,False,0,0,0,0,0,0,0,0,0,0,0,0.005805,
5-scale full,5,lunar_ice_sp50_005_018_seed679064,B2_PRODUCT_EXACT_SOLVER,DIRECT_DP_BASELINE_OPTIMAL,DIRECT_DP_FIXED_GRAPH_OPTIMAL,NOT_PRICED,False,956.173707,,,,,0.0,False,0,0,0,0,0,0,0,0,0,0,0,,,,0,0,False,False,0,0,0,0,0,0,0,0,0,0,0,0.006456,
5-scale full,5,lunar_ice_sp50_005_018_seed679064,B2B_R3_true_dual_negative_search_worker,BPC_GAP_AVAILABLE,BPC_NODE_LP_CERTIFIED,CERTIFIED_NO_NEGATIVE,True,956.173707,956.173707,,,,0.0,False,0,1,0,0,0,0,0,0,0,0,0,True,True,,0,0,True,False,0,0,0,0,0,0,0,0,0,0,0,0.357173,
5-scale full,5,lunar_ice_sp50_005_018_seed679064,B3A_full_universe_branch_audit,BPC_GAP_AVAILABLE,BPC_NODE_LP_CERTIFIED,CERTIFIED_NO_NEGATIVE,True,,,956.173707,,,,False,0,1,1,1,0,0,0,0,0,0,0,True,True,True,0,0,True,False,0,0,0,0,0,0,0,0,0,0,0,0.199173,
5-scale full,5,lunar_ice_sp50_005_018_seed679064,B3B_seeded_branch_price_tree,BPC_OPTIMAL,BPC_TREE_OPTIMAL,CERTIFIED_NO_NEGATIVE,True,956.173707,,956.173707,956.173707,0.0,0.0,True,1,1,1,1,0,0,0,1,0,0,0,,,,0,0,True,False,0,0,0,0,0,0,0,0,0,0,0,0.724024,
5-scale full,5,lunar_ice_sp50_005_019_seed679025,B0_pure_direct_dp,DIRECT_DP_BASELINE_OPTIMAL,DIRECT_DP_FIXED_GRAPH_OPTIMAL,NOT_PRICED,False,1158.248056,,,,,,False,0,0,0,0,0,0,0,0,0,0,0,,,,0,0,False,False,0,0,0,0,0,0,0,0,0,0,0,0.004342,
5-scale full,5,lunar_ice_sp50_005_019_seed679025,B2_PRODUCT_EXACT_SOLVER,DIRECT_DP_BASELINE_OPTIMAL,DIRECT_DP_FIXED_GRAPH_OPTIMAL,NOT_PRICED,False,1158.248056,,,,,0.0,False,0,0,0,0,0,0,0,0,0,0,0,,,,0,0,False,False,0,0,0,0,0,0,0,0,0,0,0,0.004333,
5-scale full,5,lunar_ice_sp50_005_019_seed679025,B2B_R3_true_dual_negative_search_worker,BPC_GAP_AVAILABLE,BPC_NODE_LP_CERTIFIED,CERTIFIED_NO_NEGATIVE,True,1158.248056,1158.248056,,,,0.0,False,0,1,0,0,0,0,0,0,0,0,0,True,True,,0,0,True,False,0,0,0,0,0,0,0,0,0,0,0,0.296208,
5-scale full,5,lunar_ice_sp50_005_019_seed679025,B3A_full_universe_branch_audit,BPC_GAP_AVAILABLE,BPC_NODE_LP_CERTIFIED,CERTIFIED_NO_NEGATIVE,True,,,1158.248056,,,,False,0,1,1,1,0,0,0,0,0,0,0,True,True,True,0,0,True,False,0,0,0,0,0,0,0,0,0,0,0,0.175426,
5-scale full,5,lunar_ice_sp50_005_019_seed679025,B3B_seeded_branch_price_tree,BPC_OPTIMAL,BPC_TREE_OPTIMAL,CERTIFIED_NO_NEGATIVE,True,1158.248056,,1158.248056,1158.248056,0.0,0.0,True,1,1,1,1,0,0,0,1,0,0,0,,,,0,0,True,False,0,0,0,0,0,0,0,0,0,0,0,0.586526,
5-scale full,5,lunar_ice_sp50_005_020_seed679026,B0_pure_direct_dp,DIRECT_DP_BASELINE_OPTIMAL,DIRECT_DP_FIXED_GRAPH_OPTIMAL,NOT_PRICED,False,1330.682244,,,,,,False,0,0,0,0,0,0,0,0,0,0,0,,,,0,0,False,False,0,0,0,0,0,0,0,0,0,0,0,0.006813,
5-scale full,5,lunar_ice_sp50_005_020_seed679026,B2_PRODUCT_EXACT_SOLVER,DIRECT_DP_BASELINE_OPTIMAL,DIRECT_DP_FIXED_GRAPH_OPTIMAL,NOT_PRICED,False,1330.682244,,,,,0.0,False,0,0,0,0,0,0,0,0,0,0,0,,,,0,0,False,False,0,0,0,0,0,0,0,0,0,0,0,0.005501,
5-scale full,5,lunar_ice_sp50_005_020_seed679026,B2B_R3_true_dual_negative_search_worker,BPC_GAP_AVAILABLE,BPC_NODE_LP_CERTIFIED,CERTIFIED_NO_NEGATIVE,True,1330.682244,1330.682244,,,,0.0,False,0,1,0,0,0,0,0,0,0,0,0,True,True,,0,0,True,False,0,0,0,0,0,0,0,0,0,0,0,0.300297,
5-scale full,5,lunar_ice_sp50_005_020_seed679026,B3A_full_universe_branch_audit,BPC_GAP_AVAILABLE,BPC_NODE_LP_CERTIFIED,CERTIFIED_NO_NEGATIVE,True,,,1330.682244,,,,False,0,1,1,1,0,0,0,0,0,0,0,True,True,True,0,0,True,False,0,0,0,0,0,0,0,0,0,0,0,0.163272,
5-scale full,5,lunar_ice_sp50_005_020_seed679026,B3B_seeded_branch_price_tree,BPC_OPTIMAL,BPC_TREE_OPTIMAL,CERTIFIED_NO_NEGATIVE,True,1330.682244,,1330.682244,1330.682244,0.0,0.0,True,1,1,1,1,0,0,0,1,0,0,0,,,,0,0,True,False,0,0,0,0,0,0,0,0,0,0,0,0.604657,
10-scale full,10,lunar_ice_sp50_010_001_seed729001,B0_pure_direct_dp,DIRECT_DP_BASELINE_OPTIMAL,DIRECT_DP_FIXED_GRAPH_OPTIMAL,NOT_PRICED,False,2931.301573,,,,,,False,0,0,0,0,0,0,0,0,0,0,0,,,,0,0,False,False,0,0,0,0,0,0,0,0,0,0,0,0.058597,
10-scale full,10,lunar_ice_sp50_010_001_seed729001,B2_PRODUCT_EXACT_SOLVER,DIRECT_DP_BASELINE_OPTIMAL,DIRECT_DP_FIXED_GRAPH_OPTIMAL,NOT_PRICED,False,2931.301573,,,,,0.0,False,0,0,0,0,0,0,0,0,0,0,0,,,,0,0,False,False,0,0,0,0,0,0,0,0,0,0,0,0.059126,
10-scale full,10,lunar_ice_sp50_010_001_seed729001,B2B_R3_true_dual_negative_search_worker,BPC_GAP_AVAILABLE,BPC_NODE_LP_CERTIFIED,CERTIFIED_NO_NEGATIVE,True,2931.301573,2931.301573,,,,0.0,False,0,1,0,0,0,0,0,0,0,0,0,True,True,,0,0,True,False,0,0,0,0,0,0,0,0,0,0,0,0.725237,
10-scale full,10,lunar_ice_sp50_010_001_seed729001,B3A_full_universe_branch_audit,BPC_INCOMPLETE_PRICING,DIAGNOSTIC_PRICING_FRONTIER,INCOMPLETE_LIMIT,False,,,,,,,False,0,0,0,0,0,0,0,0,0,0,0,,,,0,0,False,False,0,0,0,0,0,0,0,0,0,0,0,0.002142,B3A full-universe branch audit is disabled for this resource-guarded group.
10-scale full,10,lunar_ice_sp50_010_001_seed729001,B3B_seeded_branch_price_tree,BPC_OPTIMAL,BPC_TREE_OPTIMAL,CERTIFIED_NO_NEGATIVE,True,2931.301573,,2931.301573,2931.301573,0.0,0.0,True,1,1,1,1,0,0,0,1,0,0,0,,,,0,0,True,False,0,0,0,0,0,0,0,0,0,0,0,1.499184,
10-scale full,10,lunar_ice_sp50_010_002_seed729002,B0_pure_direct_dp,DIRECT_DP_BASELINE_OPTIMAL,DIRECT_DP_FIXED_GRAPH_OPTIMAL,NOT_PRICED,False,2458.986666,,,,,,False,0,0,0,0,0,0,0,0,0,0,0,,,,0,0,False,False,0,0,0,0,0,0,0,0,0,0,0,0.070309,
10-scale full,10,lunar_ice_sp50_010_002_seed729002,B2_PRODUCT_EXACT_SOLVER,DIRECT_DP_BASELINE_OPTIMAL,DIRECT_DP_FIXED_GRAPH_OPTIMAL,NOT_PRICED,False,2458.986666,,,,,0.0,False,0,0,0,0,0,0,0,0,0,0,0,,,,0,0,False,False,0,0,0,0,0,0,0,0,0,0,0,0.065505,
10-scale full,10,lunar_ice_sp50_010_002_seed729002,B2B_R3_true_dual_negative_search_worker,BPC_GAP_AVAILABLE,BPC_NODE_LP_CERTIFIED,CERTIFIED_NO_NEGATIVE,True,2458.986666,2458.986666,,,,0.0,False,0,1,0,0,0,0,0,0,0,0,0,True,True,,0,0,True,False,0,0,0,0,0,0,0,0,0,0,0,0.425332,
10-scale full,10,lunar_ice_sp50_010_002_seed729002,B3A_full_universe_branch_audit,BPC_INCOMPLETE_PRICING,DIAGNOSTIC_PRICING_FRONTIER,INCOMPLETE_LIMIT,False,,,,,,,False,0,0,0,0,0,0,0,0,0,0,0,,,,0,0,False,False,0,0,0,0,0,0,0,0,0,0,0,0.001986,B3A full-universe branch audit is disabled for this resource-guarded group.
10-scale full,10,lunar_ice_sp50_010_002_seed729002,B3B_seeded_branch_price_tree,BPC_OPTIMAL,BPC_TREE_OPTIMAL,CERTIFIED_NO_NEGATIVE,True,2458.986666,,2458.986666,2458.986666,0.0,0.0,True,1,1,1,1,0,0,0,1,0,0,0,,,,0,0,True,False,0,0,0,0,0,0,0,0,0,0,0,0.831841,
10-scale full,10,lunar_ice_sp50_010_003_seed729023,B0_pure_direct_dp,DIRECT_DP_BASELINE_OPTIMAL,DIRECT_DP_FIXED_GRAPH_OPTIMAL,NOT_PRICED,False,2824.685922,,,,,,False,0,0,0,0,0,0,0,0,0,0,0,,,,0,0,False,False,0,0,0,0,0,0,0,0,0,0,0,0.093106,
10-scale full,10,lunar_ice_sp50_010_003_seed729023,B2_PRODUCT_EXACT_SOLVER,DIRECT_DP_BASELINE_OPTIMAL,DIRECT_DP_FIXED_GRAPH_OPTIMAL,NOT_PRICED,False,2824.685922,,,,,0.0,False,0,0,0,0,0,0,0,0,0,0,0,,,,0,0,False,False,0,0,0,0,0,0,0,0,0,0,0,0.086777,
10-scale full,10,lunar_ice_sp50_010_003_seed729023,B2B_R3_true_dual_negative_search_worker,BPC_GAP_AVAILABLE,BPC_NODE_LP_CERTIFIED,CERTIFIED_NO_NEGATIVE,True,2824.685922,2824.685922,,,,0.0,False,0,1,0,0,0,0,0,0,0,0,0,True,True,,0,0,True,False,0,0,0,0,0,0,0,0,0,0,0,0.643791,
10-scale full,10,lunar_ice_sp50_010_003_seed729023,B3A_full_universe_branch_audit,BPC_INCOMPLETE_PRICING,DIAGNOSTIC_PRICING_FRONTIER,INCOMPLETE_LIMIT,False,,,,,,,False,0,0,0,0,0,0,0,0,0,0,0,,,,0,0,False,False,0,0,0,0,0,0,0,0,0,0,0,0.00372,B3A full-universe branch audit is disabled for this resource-guarded group.
10-scale full,10,lunar_ice_sp50_010_003_seed729023,B3B_seeded_branch_price_tree,BPC_OPTIMAL,BPC_TREE_OPTIMAL,CERTIFIED_NO_NEGATIVE,True,2824.685922,,2824.685922,2824.685922,0.0,0.0,True,1,1,1,1,0,0,0,1,0,0,0,,,,0,0,True,False,0,0,0,0,0,0,0,0,0,0,0,1.321707,
10-scale full,10,lunar_ice_sp50_010_004_seed729004,B0_pure_direct_dp,DIRECT_DP_BASELINE_OPTIMAL,DIRECT_DP_FIXED_GRAPH_OPTIMAL,NOT_PRICED,False,2434.053897,,,,,,False,0,0,0,0,0,0,0,0,0,0,0,,,,0,0,False,False,0,0,0,0,0,0,0,0,0,0,0,0.130757,
10-scale full,10,lunar_ice_sp50_010_004_seed729004,B2_PRODUCT_EXACT_SOLVER,DIRECT_DP_BASELINE_OPTIMAL,DIRECT_DP_FIXED_GRAPH_OPTIMAL,NOT_PRICED,False,2434.053897,,,,,0.0,False,0,0,0,0,0,0,0,0,0,0,0,,,,0,0,False,False,0,0,0,0,0,0,0,0,0,0,0,0.127427,
10-scale full,10,lunar_ice_sp50_010_004_seed729004,B2B_R3_true_dual_negative_search_worker,BPC_GAP_AVAILABLE,BPC_NODE_LP_CERTIFIED,CERTIFIED_NO_NEGATIVE,True,2434.053897,2434.053897,,,,0.0,False,0,1,0,0,0,0,0,0,0,0,0,True,True,,0,0,True,False,0,0,0,0,0,0,0,0,0,0,0,0.933272,
10-scale full,10,lunar_ice_sp50_010_004_seed729004,B3A_full_universe_branch_audit,BPC_INCOMPLETE_PRICING,DIAGNOSTIC_PRICING_FRONTIER,INCOMPLETE_LIMIT,False,,,,,,,False,0,0,0,0,0,0,0,0,0,0,0,,,,0,0,False,False,0,0,0,0,0,0,0,0,0,0,0,0.002317,B3A full-universe branch audit is disabled for this resource-guarded group.
10-scale full,10,lunar_ice_sp50_010_004_seed729004,B3B_seeded_branch_price_tree,BPC_OPTIMAL,BPC_TREE_OPTIMAL,CERTIFIED_NO_NEGATIVE,True,2434.053897,,2434.053897,2434.053897,0.0,0.0,True,1,1,1,1,0,0,0,1,0,0,0,,,,0,0,True,False,0,0,0,0,0,0,0,0,0,0,0,1.863765,
10-scale full,10,lunar_ice_sp50_010_005_seed729045,B0_pure_direct_dp,DIRECT_DP_BASELINE_OPTIMAL,DIRECT_DP_FIXED_GRAPH_OPTIMAL,NOT_PRICED,False,2205.952701,,,,,,False,0,0,0,0,0,0,0,0,0,0,0,,,,0,0,False,False,0,0,0,0,0,0,0,0,0,0,0,0.279789,
10-scale full,10,lunar_ice_sp50_010_005_seed729045,B2_PRODUCT_EXACT_SOLVER,DIRECT_DP_BASELINE_OPTIMAL,DIRECT_DP_FIXED_GRAPH_OPTIMAL,NOT_PRICED,False,2205.952701,,,,,0.0,False,0,0,0,0,0,0,0,0,0,0,0,,,,0,0,False,False,0,0,0,0,0,0,0,0,0,0,0,0.271355,
10-scale full,10,lunar_ice_sp50_010_005_seed729045,B2B_R3_true_dual_negative_search_worker,BPC_GAP_AVAILABLE,BPC_NODE_LP_CERTIFIED,CERTIFIED_NO_NEGATIVE,True,2205.952701,2205.952701,,,,0.0,False,0,1,0,0,0,0,0,0,0,0,0,True,True,,0,0,True,False,0,0,0,0,0,0,0,0,0,0,0,1.454159,
10-scale full,10,lunar_ice_sp50_010_005_seed729045,B3A_full_universe_branch_audit,BPC_INCOMPLETE_PRICING,DIAGNOSTIC_PRICING_FRONTIER,INCOMPLETE_LIMIT,False,,,,,,,False,0,0,0,0,0,0,0,0,0,0,0,,,,0,0,False,False,0,0,0,0,0,0,0,0,0,0,0,0.002379,B3A full-universe branch audit is disabled for this resource-guarded group.
10-scale full,10,lunar_ice_sp50_010_005_seed729045,B3B_seeded_branch_price_tree,BPC_OPTIMAL,BPC_TREE_OPTIMAL,CERTIFIED_NO_NEGATIVE,True,2205.952701,,2205.952701,2205.952701,0.0,0.0,True,1,1,1,1,0,0,0,1,0,0,0,,,,0,0,True,False,0,0,0,0,0,0,0,0,0,0,0,2.953974,
10-scale full,10,lunar_ice_sp50_010_006_seed729086,B0_pure_direct_dp,DIRECT_DP_BASELINE_OPTIMAL,DIRECT_DP_FIXED_GRAPH_OPTIMAL,NOT_PRICED,False,2454.011928,,,,,,False,0,0,0,0,0,0,0,0,0,0,0,,,,0,0,False,False,0,0,0,0,0,0,0,0,0,0,0,0.09355,
10-scale full,10,lunar_ice_sp50_010_006_seed729086,B2_PRODUCT_EXACT_SOLVER,DIRECT_DP_BASELINE_OPTIMAL,DIRECT_DP_FIXED_GRAPH_OPTIMAL,NOT_PRICED,False,2454.011928,,,,,0.0,False,0,0,0,0,0,0,0,0,0,0,0,,,,0,0,False,False,0,0,0,0,0,0,0,0,0,0,0,0.088465,
10-scale full,10,lunar_ice_sp50_010_006_seed729086,B2B_R3_true_dual_negative_search_worker,BPC_GAP_AVAILABLE,BPC_NODE_LP_CERTIFIED,CERTIFIED_NO_NEGATIVE,True,2454.011928,2454.011928,,,,0.0,False,0,1,0,0,0,0,0,0,0,0,0,True,True,,0,0,True,False,0,0,0,0,0,0,0,0,0,0,0,0.70699,
10-scale full,10,lunar_ice_sp50_010_006_seed729086,B3A_full_universe_branch_audit,BPC_INCOMPLETE_PRICING,DIAGNOSTIC_PRICING_FRONTIER,INCOMPLETE_LIMIT,False,,,,,,,False,0,0,0,0,0,0,0,0,0,0,0,,,,0,0,False,False,0,0,0,0,0,0,0,0,0,0,0,0.002847,B3A full-universe branch audit is disabled for this resource-guarded group.
10-scale full,10,lunar_ice_sp50_010_006_seed729086,B3B_seeded_branch_price_tree,BPC_OPTIMAL,BPC_TREE_OPTIMAL,CERTIFIED_NO_NEGATIVE,True,2454.011928,,2454.011928,2454.011928,0.0,0.0,True,1,1,1,1,0,0,0,1,0,0,0,,,,0,0,True,False,0,0,0,0,0,0,0,0,0,0,0,1.418119,
10-scale full,10,lunar_ice_sp50_010_007_seed729007,B0_pure_direct_dp,DIRECT_DP_BASELINE_OPTIMAL,DIRECT_DP_FIXED_GRAPH_OPTIMAL,NOT_PRICED,False,2223.951295,,,,,,False,0,0,0,0,0,0,0,0,0,0,0,,,,0,0,False,False,0,0,0,0,0,0,0,0,0,0,0,0.142135,
10-scale full,10,lunar_ice_sp50_010_007_seed729007,B2_PRODUCT_EXACT_SOLVER,DIRECT_DP_BASELINE_OPTIMAL,DIRECT_DP_FIXED_GRAPH_OPTIMAL,NOT_PRICED,False,2223.951295,,,,,0.0,False,0,0,0,0,0,0,0,0,0,0,0,,,,0,0,False,False,0,0,0,0,0,0,0,0,0,0,0,0.131709,
10-scale full,10,lunar_ice_sp50_010_007_seed729007,B2B_R3_true_dual_negative_search_worker,BPC_GAP_AVAILABLE,BPC_NODE_LP_CERTIFIED,CERTIFIED_NO_NEGATIVE,True,2223.951295,2223.951295,,,,0.0,False,0,1,0,0,0,0,0,0,0,0,0,True,True,,0,0,True,False,0,0,0,0,0,0,0,0,0,0,0,0.792725,
10-scale full,10,lunar_ice_sp50_010_007_seed729007,B3A_full_universe_branch_audit,BPC_INCOMPLETE_PRICING,DIAGNOSTIC_PRICING_FRONTIER,INCOMPLETE_LIMIT,False,,,,,,,False,0,0,0,0,0,0,0,0,0,0,0,,,,0,0,False,False,0,0,0,0,0,0,0,0,0,0,0,0.002626,B3A full-universe branch audit is disabled for this resource-guarded group.
10-scale full,10,lunar_ice_sp50_010_007_seed729007,B3B_seeded_branch_price_tree,BPC_OPTIMAL,BPC_TREE_OPTIMAL,CERTIFIED_NO_NEGATIVE,True,2223.951295,,2223.951295,2223.951295,0.0,0.0,True,1,1,1,1,0,0,0,1,0,0,0,,,,0,0,True,False,0,0,0,0,0,0,0,0,0,0,0,1.592024,
10-scale full,10,lunar_ice_sp50_010_008_seed729068,B0_pure_direct_dp,DIRECT_DP_BASELINE_OPTIMAL,DIRECT_DP_FIXED_GRAPH_OPTIMAL,NOT_PRICED,False,2433.224938,,,,,,False,0,0,0,0,0,0,0,0,0,0,0,,,,0,0,False,False,0,0,0,0,0,0,0,0,0,0,0,0.132582,
10-scale full,10,lunar_ice_sp50_010_008_seed729068,B2_PRODUCT_EXACT_SOLVER,DIRECT_DP_BASELINE_OPTIMAL,DIRECT_DP_FIXED_GRAPH_OPTIMAL,NOT_PRICED,False,2433.224938,,,,,0.0,False,0,0,0,0,0,0,0,0,0,0,0,,,,0,0,False,False,0,0,0,0,0,0,0,0,0,0,0,0.127505,
10-scale full,10,lunar_ice_sp50_010_008_seed729068,B2B_R3_true_dual_negative_search_worker,BPC_GAP_AVAILABLE,BPC_NODE_LP_CERTIFIED,CERTIFIED_NO_NEGATIVE,True,2433.224938,2433.224938,,,,0.0,False,0,1,0,0,0,0,0,0,0,0,0,True,True,,0,0,True,False,0,0,0,0,0,0,0,0,0,0,0,1.16784,
10-scale full,10,lunar_ice_sp50_010_008_seed729068,B3A_full_universe_branch_audit,BPC_INCOMPLETE_PRICING,DIAGNOSTIC_PRICING_FRONTIER,INCOMPLETE_LIMIT,False,,,,,,,False,0,0,0,0,0,0,0,0,0,0,0,,,,0,0,False,False,0,0,0,0,0,0,0,0,0,0,0,0.002472,B3A full-universe branch audit is disabled for this resource-guarded group.
10-scale full,10,lunar_ice_sp50_010_008_seed729068,B3B_seeded_branch_price_tree,BPC_OPTIMAL,BPC_TREE_OPTIMAL,CERTIFIED_NO_NEGATIVE,True,2433.224938,,2433.224938,2433.224938,0.0,0.0,True,1,1,1,1,0,0,0,1,0,0,0,,,,0,0,True,False,0,0,0,0,0,0,0,0,0,0,0,2.355679,
10-scale full,10,lunar_ice_sp50_010_009_seed729069,B0_pure_direct_dp,DIRECT_DP_BASELINE_OPTIMAL,DIRECT_DP_FIXED_GRAPH_OPTIMAL,NOT_PRICED,False,2569.755376,,,,,,False,0,0,0,0,0,0,0,0,0,0,0,,,,0,0,False,False,0,0,0,0,0,0,0,0,0,0,0,0.174523,
10-scale full,10,lunar_ice_sp50_010_009_seed729069,B2_PRODUCT_EXACT_SOLVER,DIRECT_DP_BASELINE_OPTIMAL,DIRECT_DP_FIXED_GRAPH_OPTIMAL,NOT_PRICED,False,2569.755376,,,,,0.0,False,0,0,0,0,0,0,0,0,0,0,0,,,,0,0,False,False,0,0,0,0,0,0,0,0,0,0,0,0.173603,
10-scale full,10,lunar_ice_sp50_010_009_seed729069,B2B_R3_true_dual_negative_search_worker,BPC_GAP_AVAILABLE,BPC_NODE_LP_CERTIFIED,CERTIFIED_NO_NEGATIVE,True,2569.755376,2569.755376,,,,0.0,False,0,1,0,0,0,0,0,0,0,0,0,True,True,,0,0,True,False,0,0,0,0,0,0,0,0,0,0,0,0.985085,
10-scale full,10,lunar_ice_sp50_010_009_seed729069,B3A_full_universe_branch_audit,BPC_INCOMPLETE_PRICING,DIAGNOSTIC_PRICING_FRONTIER,INCOMPLETE_LIMIT,False,,,,,,,False,0,0,0,0,0,0,0,0,0,0,0,,,,0,0,False,False,0,0,0,0,0,0,0,0,0,0,0,0.002234,B3A full-universe branch audit is disabled for this resource-guarded group.
10-scale full,10,lunar_ice_sp50_010_009_seed729069,B3B_seeded_branch_price_tree,BPC_OPTIMAL,BPC_TREE_OPTIMAL,CERTIFIED_NO_NEGATIVE,True,2569.755376,,2569.755376,2569.755376,0.0,0.0,True,1,1,1,1,0,0,0,1,0,0,0,,,,0,0,True,False,0,0,0,0,0,0,0,0,0,0,0,1.987948,
10-scale full,10,lunar_ice_sp50_010_010_seed729010,B0_pure_direct_dp,DIRECT_DP_BASELINE_OPTIMAL,DIRECT_DP_FIXED_GRAPH_OPTIMAL,NOT_PRICED,False,3015.878029,,,,,,False,0,0,0,0,0,0,0,0,0,0,0,,,,0,0,False,False,0,0,0,0,0,0,0,0,0,0,0,0.348603,
10-scale full,10,lunar_ice_sp50_010_010_seed729010,B2_PRODUCT_EXACT_SOLVER,DIRECT_DP_BASELINE_OPTIMAL,DIRECT_DP_FIXED_GRAPH_OPTIMAL,NOT_PRICED,False,3015.878029,,,,,0.0,False,0,0,0,0,0,0,0,0,0,0,0,,,,0,0,False,False,0,0,0,0,0,0,0,0,0,0,0,0.338694,
10-scale full,10,lunar_ice_sp50_010_010_seed729010,B2B_R3_true_dual_negative_search_worker,BPC_GAP_AVAILABLE,BPC_NODE_LP_CERTIFIED,CERTIFIED_NO_NEGATIVE,True,3015.878029,3015.878029,,,,0.0,False,0,1,0,0,0,0,0,0,0,0,0,True,True,,0,0,True,False,0,0,0,0,0,0,0,0,0,0,0,2.504945,
10-scale full,10,lunar_ice_sp50_010_010_seed729010,B3A_full_universe_branch_audit,BPC_INCOMPLETE_PRICING,DIAGNOSTIC_PRICING_FRONTIER,INCOMPLETE_LIMIT,False,,,,,,,False,0,0,0,0,0,0,0,0,0,0,0,,,,0,0,False,False,0,0,0,0,0,0,0,0,0,0,0,0.002598,B3A full-universe branch audit is disabled for this resource-guarded group.
10-scale full,10,lunar_ice_sp50_010_010_seed729010,B3B_seeded_branch_price_tree,BPC_OPTIMAL,BPC_TREE_OPTIMAL,CERTIFIED_NO_NEGATIVE,True,3015.878029,,3015.878029,3015.878029,0.0,0.0,True,1,1,1,1,0,0,0,1,0,0,0,,,,0,0,True,False,0,0,0,0,0,0,0,0,0,0,0,5.185064,
10-scale full,10,lunar_ice_sp50_010_011_seed729011,B0_pure_direct_dp,DIRECT_DP_BASELINE_OPTIMAL,DIRECT_DP_FIXED_GRAPH_OPTIMAL,NOT_PRICED,False,2652.097258,,,,,,False,0,0,0,0,0,0,0,0,0,0,0,,,,0,0,False,False,0,0,0,0,0,0,0,0,0,0,0,0.308999,
10-scale full,10,lunar_ice_sp50_010_011_seed729011,B2_PRODUCT_EXACT_SOLVER,DIRECT_DP_BASELINE_OPTIMAL,DIRECT_DP_FIXED_GRAPH_OPTIMAL,NOT_PRICED,False,2652.097258,,,,,0.0,False,0,0,0,0,0,0,0,0,0,0,0,,,,0,0,False,False,0,0,0,0,0,0,0,0,0,0,0,0.312932,
10-scale full,10,lunar_ice_sp50_010_011_seed729011,B2B_R3_true_dual_negative_search_worker,BPC_GAP_AVAILABLE,BPC_NODE_LP_CERTIFIED,CERTIFIED_NO_NEGATIVE,True,2652.097258,2652.097258,,,,0.0,False,0,1,0,0,0,0,0,0,0,0,0,True,True,,0,0,True,False,0,0,0,0,0,0,0,0,0,0,0,1.905151,
10-scale full,10,lunar_ice_sp50_010_011_seed729011,B3A_full_universe_branch_audit,BPC_INCOMPLETE_PRICING,DIAGNOSTIC_PRICING_FRONTIER,INCOMPLETE_LIMIT,False,,,,,,,False,0,0,0,0,0,0,0,0,0,0,0,,,,0,0,False,False,0,0,0,0,0,0,0,0,0,0,0,0.002417,B3A full-universe branch audit is disabled for this resource-guarded group.
10-scale full,10,lunar_ice_sp50_010_011_seed729011,B3B_seeded_branch_price_tree,BPC_OPTIMAL,BPC_TREE_OPTIMAL,CERTIFIED_NO_NEGATIVE,True,2652.097258,,2652.097258,2652.097258,0.0,0.0,True,1,1,1,1,0,0,0,1,0,0,0,,,,0,0,True,False,0,0,0,0,0,0,0,0,0,0,0,3.833468,
10-scale full,10,lunar_ice_sp50_010_012_seed729072,B0_pure_direct_dp,DIRECT_DP_BASELINE_OPTIMAL,DIRECT_DP_FIXED_GRAPH_OPTIMAL,NOT_PRICED,False,2680.802367,,,,,,False,0,0,0,0,0,0,0,0,0,0,0,,,,0,0,False,False,0,0,0,0,0,0,0,0,0,0,0,0.146242,
10-scale full,10,lunar_ice_sp50_010_012_seed729072,B2_PRODUCT_EXACT_SOLVER,DIRECT_DP_BASELINE_OPTIMAL,DIRECT_DP_FIXED_GRAPH_OPTIMAL,NOT_PRICED,False,2680.802367,,,,,0.0,False,0,0,0,0,0,0,0,0,0,0,0,,,,0,0,False,False,0,0,0,0,0,0,0,0,0,0,0,0.14621,
10-scale full,10,lunar_ice_sp50_010_012_seed729072,B2B_R3_true_dual_negative_search_worker,BPC_GAP_AVAILABLE,BPC_NODE_LP_CERTIFIED,CERTIFIED_NO_NEGATIVE,True,2680.802367,2680.802367,,,,0.0,False,0,1,0,0,0,0,0,0,0,0,0,True,True,,0,0,True,False,0,0,0,0,0,0,0,0,0,0,0,1.247673,
10-scale full,10,lunar_ice_sp50_010_012_seed729072,B3A_full_universe_branch_audit,BPC_INCOMPLETE_PRICING,DIAGNOSTIC_PRICING_FRONTIER,INCOMPLETE_LIMIT,False,,,,,,,False,0,0,0,0,0,0,0,0,0,0,0,,,,0,0,False,False,0,0,0,0,0,0,0,0,0,0,0,0.002961,B3A full-universe branch audit is disabled for this resource-guarded group.
10-scale full,10,lunar_ice_sp50_010_012_seed729072,B3B_seeded_branch_price_tree,BPC_OPTIMAL,BPC_TREE_OPTIMAL,CERTIFIED_NO_NEGATIVE,True,2680.802367,,2680.802367,2680.802367,0.0,0.0,True,1,1,1,1,0,0,0,1,0,0,0,,,,0,0,True,False,0,0,0,0,0,0,0,0,0,0,0,2.575821,
10-scale full,10,lunar_ice_sp50_010_013_seed729053,B0_pure_direct_dp,DIRECT_DP_BASELINE_OPTIMAL,DIRECT_DP_FIXED_GRAPH_OPTIMAL,NOT_PRICED,False,3221.96506,,,,,,False,0,0,0,0,0,0,0,0,0,0,0,,,,0,0,False,False,0,0,0,0,0,0,0,0,0,0,0,0.292551,
10-scale full,10,lunar_ice_sp50_010_013_seed729053,B2_PRODUCT_EXACT_SOLVER,DIRECT_DP_BASELINE_OPTIMAL,DIRECT_DP_FIXED_GRAPH_OPTIMAL,NOT_PRICED,False,3221.96506,,,,,0.0,False,0,0,0,0,0,0,0,0,0,0,0,,,,0,0,False,False,0,0,0,0,0,0,0,0,0,0,0,0.297207,
10-scale full,10,lunar_ice_sp50_010_013_seed729053,B2B_R3_true_dual_negative_search_worker,BPC_GAP_AVAILABLE,BPC_NODE_LP_CERTIFIED,CERTIFIED_NO_NEGATIVE,True,3221.96506,3221.96506,,,,0.0,False,0,1,0,0,0,0,0,0,0,0,0,True,True,,0,0,True,False,0,0,0,0,0,0,0,0,0,0,0,1.885807,
10-scale full,10,lunar_ice_sp50_010_013_seed729053,B3A_full_universe_branch_audit,BPC_INCOMPLETE_PRICING,DIAGNOSTIC_PRICING_FRONTIER,INCOMPLETE_LIMIT,False,,,,,,,False,0,0,0,0,0,0,0,0,0,0,0,,,,0,0,False,False,0,0,0,0,0,0,0,0,0,0,0,0.002796,B3A full-universe branch audit is disabled for this resource-guarded group.
10-scale full,10,lunar_ice_sp50_010_013_seed729053,B3B_seeded_branch_price_tree,BPC_OPTIMAL,BPC_TREE_OPTIMAL,CERTIFIED_NO_NEGATIVE,True,3221.96506,,3221.96506,3221.96506,0.0,0.0,True,1,1,1,1,0,0,0,1,0,0,0,,,,0,0,True,False,0,0,0,0,0,0,0,0,0,0,0,3.80602,
10-scale full,10,lunar_ice_sp50_010_014_seed729034,B0_pure_direct_dp,DIRECT_DP_BASELINE_OPTIMAL,DIRECT_DP_FIXED_GRAPH_OPTIMAL,NOT_PRICED,False,2897.486857,,,,,,False,0,0,0,0,0,0,0,0,0,0,0,,,,0,0,False,False,0,0,0,0,0,0,0,0,0,0,0,0.12238,
10-scale full,10,lunar_ice_sp50_010_014_seed729034,B2_PRODUCT_EXACT_SOLVER,DIRECT_DP_BASELINE_OPTIMAL,DIRECT_DP_FIXED_GRAPH_OPTIMAL,NOT_PRICED,False,2897.486857,,,,,0.0,False,0,0,0,0,0,0,0,0,0,0,0,,,,0,0,False,False,0,0,0,0,0,0,0,0,0,0,0,0.119516,
10-scale full,10,lunar_ice_sp50_010_014_seed729034,B2B_R3_true_dual_negative_search_worker,BPC_GAP_AVAILABLE,BPC_NODE_LP_CERTIFIED,CERTIFIED_NO_NEGATIVE,True,2897.486857,2897.486857,,,,0.0,False,0,1,0,0,0,0,0,0,0,0,0,True,True,,0,0,True,False,0,0,0,0,0,0,0,0,0,0,0,0.982549,
10-scale full,10,lunar_ice_sp50_010_014_seed729034,B3A_full_universe_branch_audit,BPC_INCOMPLETE_PRICING,DIAGNOSTIC_PRICING_FRONTIER,INCOMPLETE_LIMIT,False,,,,,,,False,0,0,0,0,0,0,0,0,0,0,0,,,,0,0,False,False,0,0,0,0,0,0,0,0,0,0,0,0.002117,B3A full-universe branch audit is disabled for this resource-guarded group.
10-scale full,10,lunar_ice_sp50_010_014_seed729034,B3B_seeded_branch_price_tree,BPC_OPTIMAL,BPC_TREE_OPTIMAL,CERTIFIED_NO_NEGATIVE,True,2897.486857,,2897.486857,2897.486857,0.0,0.0,True,1,1,1,1,0,0,0,1,0,0,0,,,,0,0,True,False,0,0,0,0,0,0,0,0,0,0,0,1.991722,
10-scale full,10,lunar_ice_sp50_010_015_seed729015,B0_pure_direct_dp,DIRECT_DP_BASELINE_OPTIMAL,DIRECT_DP_FIXED_GRAPH_OPTIMAL,NOT_PRICED,False,2357.37971,,,,,,False,0,0,0,0,0,0,0,0,0,0,0,,,,0,0,False,False,0,0,0,0,0,0,0,0,0,0,0,0.208814,
10-scale full,10,lunar_ice_sp50_010_015_seed729015,B2_PRODUCT_EXACT_SOLVER,DIRECT_DP_BASELINE_OPTIMAL,DIRECT_DP_FIXED_GRAPH_OPTIMAL,NOT_PRICED,False,2357.37971,,,,,0.0,False,0,0,0,0,0,0,0,0,0,0,0,,,,0,0,False,False,0,0,0,0,0,0,0,0,0,0,0,0.207781,
10-scale full,10,lunar_ice_sp50_010_015_seed729015,B2B_R3_true_dual_negative_search_worker,BPC_GAP_AVAILABLE,BPC_NODE_LP_CERTIFIED,CERTIFIED_NO_NEGATIVE,True,2357.37971,2357.37971,,,,0.0,False,0,1,0,0,0,0,0,0,0,0,0,True,True,,0,0,True,False,0,0,0,0,0,0,0,0,0,0,0,1.607609,
10-scale full,10,lunar_ice_sp50_010_015_seed729015,B3A_full_universe_branch_audit,BPC_INCOMPLETE_PRICING,DIAGNOSTIC_PRICING_FRONTIER,INCOMPLETE_LIMIT,False,,,,,,,False,0,0,0,0,0,0,0,0,0,0,0,,,,0,0,False,False,0,0,0,0,0,0,0,0,0,0,0,0.002517,B3A full-universe branch audit is disabled for this resource-guarded group.
10-scale full,10,lunar_ice_sp50_010_015_seed729015,B3B_seeded_branch_price_tree,BPC_OPTIMAL,BPC_TREE_OPTIMAL,CERTIFIED_NO_NEGATIVE,True,2357.37971,,2357.37971,2357.37971,0.0,0.0,True,1,1,1,1,0,0,0,1,0,0,0,,,,0,0,True,False,0,0,0,0,0,0,0,0,0,0,0,3.269947,
10-scale full,10,lunar_ice_sp50_010_016_seed729016,B0_pure_direct_dp,DIRECT_DP_BASELINE_OPTIMAL,DIRECT_DP_FIXED_GRAPH_OPTIMAL,NOT_PRICED,False,2597.132924,,,,,,False,0,0,0,0,0,0,0,0,0,0,0,,,,0,0,False,False,0,0,0,0,0,0,0,0,0,0,0,0.07138,
10-scale full,10,lunar_ice_sp50_010_016_seed729016,B2_PRODUCT_EXACT_SOLVER,DIRECT_DP_BASELINE_OPTIMAL,DIRECT_DP_FIXED_GRAPH_OPTIMAL,NOT_PRICED,False,2597.132924,,,,,0.0,False,0,0,0,0,0,0,0,0,0,0,0,,,,0,0,False,False,0,0,0,0,0,0,0,0,0,0,0,0.073414,
10-scale full,10,lunar_ice_sp50_010_016_seed729016,B2B_R3_true_dual_negative_search_worker,BPC_GAP_AVAILABLE,BPC_NODE_LP_CERTIFIED,CERTIFIED_NO_NEGATIVE,True,2597.132924,2597.132924,,,,0.0,False,0,1,0,0,0,0,0,0,0,0,0,True,True,,0,0,True,False,0,0,0,0,0,0,0,0,0,0,0,0.803852,
10-scale full,10,lunar_ice_sp50_010_016_seed729016,B3A_full_universe_branch_audit,BPC_INCOMPLETE_PRICING,DIAGNOSTIC_PRICING_FRONTIER,INCOMPLETE_LIMIT,False,,,,,,,False,0,0,0,0,0,0,0,0,0,0,0,,,,0,0,False,False,0,0,0,0,0,0,0,0,0,0,0,0.002517,B3A full-universe branch audit is disabled for this resource-guarded group.
10-scale full,10,lunar_ice_sp50_010_016_seed729016,B3B_seeded_branch_price_tree,BPC_OPTIMAL,BPC_TREE_OPTIMAL,CERTIFIED_NO_NEGATIVE,True,2597.132924,,2597.132924,2597.132924,0.0,0.0,True,1,1,1,1,0,0,0,1,0,0,0,,,,0,0,True,False,0,0,0,0,0,0,0,0,0,0,0,1.666535,
10-scale full,10,lunar_ice_sp50_010_017_seed729037,B0_pure_direct_dp,DIRECT_DP_BASELINE_OPTIMAL,DIRECT_DP_FIXED_GRAPH_OPTIMAL,NOT_PRICED,False,2381.630609,,,,,,False,0,0,0,0,0,0,0,0,0,0,0,,,,0,0,False,False,0,0,0,0,0,0,0,0,0,0,0,0.094212,
10-scale full,10,lunar_ice_sp50_010_017_seed729037,B2_PRODUCT_EXACT_SOLVER,DIRECT_DP_BASELINE_OPTIMAL,DIRECT_DP_FIXED_GRAPH_OPTIMAL,NOT_PRICED,False,2381.630609,,,,,0.0,False,0,0,0,0,0,0,0,0,0,0,0,,,,0,0,False,False,0,0,0,0,0,0,0,0,0,0,0,0.087545,
10-scale full,10,lunar_ice_sp50_010_017_seed729037,B2B_R3_true_dual_negative_search_worker,BPC_GAP_AVAILABLE,BPC_NODE_LP_CERTIFIED,CERTIFIED_NO_NEGATIVE,True,2381.630609,2381.630609,,,,0.0,False,0,1,0,0,0,0,0,0,0,0,0,True,True,,0,0,True,False,0,0,0,0,0,0,0,0,0,0,0,0.662089,
10-scale full,10,lunar_ice_sp50_010_017_seed729037,B3A_full_universe_branch_audit,BPC_INCOMPLETE_PRICING,DIAGNOSTIC_PRICING_FRONTIER,INCOMPLETE_LIMIT,False,,,,,,,False,0,0,0,0,0,0,0,0,0,0,0,,,,0,0,False,False,0,0,0,0,0,0,0,0,0,0,0,0.002689,B3A full-universe branch audit is disabled for this resource-guarded group.
10-scale full,10,lunar_ice_sp50_010_017_seed729037,B3B_seeded_branch_price_tree,BPC_OPTIMAL,BPC_TREE_OPTIMAL,CERTIFIED_NO_NEGATIVE,True,2381.630609,,2381.630609,2381.630609,0.0,0.0,True,1,1,1,1,0,0,0,1,0,0,0,,,,0,0,True,False,0,0,0,0,0,0,0,0,0,0,0,1.348726,
10-scale full,10,lunar_ice_sp50_010_018_seed729118,B0_pure_direct_dp,DIRECT_DP_BASELINE_OPTIMAL,DIRECT_DP_FIXED_GRAPH_OPTIMAL,NOT_PRICED,False,2632.80288,,,,,,False,0,0,0,0,0,0,0,0,0,0,0,,,,0,0,False,False,0,0,0,0,0,0,0,0,0,0,0,0.148783,
10-scale full,10,lunar_ice_sp50_010_018_seed729118,B2_PRODUCT_EXACT_SOLVER,DIRECT_DP_BASELINE_OPTIMAL,DIRECT_DP_FIXED_GRAPH_OPTIMAL,NOT_PRICED,False,2632.80288,,,,,0.0,False,0,0,0,0,0,0,0,0,0,0,0,,,,0,0,False,False,0,0,0,0,0,0,0,0,0,0,0,0.152929,
10-scale full,10,lunar_ice_sp50_010_018_seed729118,B2B_R3_true_dual_negative_search_worker,BPC_GAP_AVAILABLE,BPC_NODE_LP_CERTIFIED,CERTIFIED_NO_NEGATIVE,True,2632.80288,2632.80288,,,,0.0,False,0,1,0,0,0,0,0,0,0,0,0,True,True,,0,0,True,False,0,0,0,0,0,0,0,0,0,0,0,1.142177,
10-scale full,10,lunar_ice_sp50_010_018_seed729118,B3A_full_universe_branch_audit,BPC_INCOMPLETE_PRICING,DIAGNOSTIC_PRICING_FRONTIER,INCOMPLETE_LIMIT,False,,,,,,,False,0,0,0,0,0,0,0,0,0,0,0,,,,0,0,False,False,0,0,0,0,0,0,0,0,0,0,0,0.002541,B3A full-universe branch audit is disabled for this resource-guarded group.
10-scale full,10,lunar_ice_sp50_010_018_seed729118,B3B_seeded_branch_price_tree,BPC_OPTIMAL,BPC_TREE_OPTIMAL,CERTIFIED_NO_NEGATIVE,True,2632.80288,,2632.80288,2632.80288,0.0,0.0,True,1,1,1,1,0,0,0,1,0,0,0,,,,0,0,True,False,0,0,0,0,0,0,0,0,0,0,0,2.331122,
10-scale full,10,lunar_ice_sp50_010_019_seed729039,B0_pure_direct_dp,DIRECT_DP_BASELINE_OPTIMAL,DIRECT_DP_FIXED_GRAPH_OPTIMAL,NOT_PRICED,False,2624.591118,,,,,,False,0,0,0,0,0,0,0,0,0,0,0,,,,0,0,False,False,0,0,0,0,0,0,0,0,0,0,0,0.113173,
10-scale full,10,lunar_ice_sp50_010_019_seed729039,B2_PRODUCT_EXACT_SOLVER,DIRECT_DP_BASELINE_OPTIMAL,DIRECT_DP_FIXED_GRAPH_OPTIMAL,NOT_PRICED,False,2624.591118,,,,,0.0,False,0,0,0,0,0,0,0,0,0,0,0,,,,0,0,False,False,0,0,0,0,0,0,0,0,0,0,0,0.111967,
10-scale full,10,lunar_ice_sp50_010_019_seed729039,B2B_R3_true_dual_negative_search_worker,BPC_GAP_AVAILABLE,BPC_NODE_LP_CERTIFIED,CERTIFIED_NO_NEGATIVE,True,2624.591118,2624.591118,,,,0.0,False,0,1,0,0,0,0,0,0,0,0,0,True,True,,0,0,True,False,0,0,0,0,0,0,0,0,0,0,0,0.729762,
10-scale full,10,lunar_ice_sp50_010_019_seed729039,B3A_full_universe_branch_audit,BPC_INCOMPLETE_PRICING,DIAGNOSTIC_PRICING_FRONTIER,INCOMPLETE_LIMIT,False,,,,,,,False,0,0,0,0,0,0,0,0,0,0,0,,,,0,0,False,False,0,0,0,0,0,0,0,0,0,0,0,0.003048,B3A full-universe branch audit is disabled for this resource-guarded group.
10-scale full,10,lunar_ice_sp50_010_019_seed729039,B3B_seeded_branch_price_tree,BPC_OPTIMAL,BPC_TREE_OPTIMAL,CERTIFIED_NO_NEGATIVE,True,2624.591118,,2624.591118,2624.591117,0.0,-1e-06,True,1,1,1,1,0,0,0,1,0,0,0,,,,0,0,True,False,0,0,0,0,0,0,0,0,0,0,0,1.4284,
10-scale full,10,lunar_ice_sp50_010_020_seed729040,B0_pure_direct_dp,DIRECT_DP_BASELINE_OPTIMAL,DIRECT_DP_FIXED_GRAPH_OPTIMAL,NOT_PRICED,False,2450.749173,,,,,,False,0,0,0,0,0,0,0,0,0,0,0,,,,0,0,False,False,0,0,0,0,0,0,0,0,0,0,0,0.125851,
10-scale full,10,lunar_ice_sp50_010_020_seed729040,B2_PRODUCT_EXACT_SOLVER,DIRECT_DP_BASELINE_OPTIMAL,DIRECT_DP_FIXED_GRAPH_OPTIMAL,NOT_PRICED,False,2450.749173,,,,,0.0,False,0,0,0,0,0,0,0,0,0,0,0,,,,0,0,False,False,0,0,0,0,0,0,0,0,0,0,0,0.124469,
10-scale full,10,lunar_ice_sp50_010_020_seed729040,B2B_R3_true_dual_negative_search_worker,BPC_GAP_AVAILABLE,BPC_NODE_LP_CERTIFIED,CERTIFIED_NO_NEGATIVE,True,2450.749173,2450.749173,,,,0.0,False,0,1,0,0,0,0,0,0,0,0,0,True,True,,0,0,True,False,0,0,0,0,0,0,0,0,0,0,0,0.835954,
10-scale full,10,lunar_ice_sp50_010_020_seed729040,B3A_full_universe_branch_audit,BPC_INCOMPLETE_PRICING,DIAGNOSTIC_PRICING_FRONTIER,INCOMPLETE_LIMIT,False,,,,,,,False,0,0,0,0,0,0,0,0,0,0,0,,,,0,0,False,False,0,0,0,0,0,0,0,0,0,0,0,0.002252,B3A full-universe branch audit is disabled for this resource-guarded group.
10-scale full,10,lunar_ice_sp50_010_020_seed729040,B3B_seeded_branch_price_tree,BPC_OPTIMAL,BPC_TREE_OPTIMAL,CERTIFIED_NO_NEGATIVE,True,2450.749173,,2450.749173,2450.749173,0.0,0.0,True,1,1,1,1,0,0,0,1,0,0,0,,,,0,0,True,False,0,0,0,0,0,0,0,0,0,0,0,1.688489,
20-scale fail-closed guard,20,lunar_ice_sp50_020_001_seed829001,B0_pure_direct_dp,SKIPPED_TOO_LARGE_FOR_DIRECT_DP_BASELINE,FEASIBLE_INCUMBENT_ONLY,NOT_PRICED,False,,,,,,,False,0,0,0,0,0,0,0,0,0,0,0,,,,0,0,False,False,0,0,0,0,0,0,0,0,0,0,0,0.012703,task_count=20 exceeds max_exact_tasks=10
20-scale fail-closed guard,20,lunar_ice_sp50_020_001_seed829001,B2_PRODUCT_EXACT_SOLVER,SKIPPED_TOO_LARGE_FOR_DIRECT_DP_BASELINE,FEASIBLE_INCUMBENT_ONLY,NOT_PRICED,False,,,,,,,False,0,0,0,0,0,0,0,0,0,0,0,,,,0,0,False,False,0,0,0,0,0,0,0,0,0,0,0,0.015919,task_count=20 exceeds max_exact_tasks=10
20-scale fail-closed guard,20,lunar_ice_sp50_020_001_seed829001,B2B_R3_true_dual_negative_search_worker,BPC_INCOMPLETE_PRICING,FEASIBLE_INCUMBENT_ONLY,INCOMPLETE_LIMIT,False,,,,,,,False,0,0,0,0,0,0,0,0,0,0,0,False,False,,0,0,True,False,0,0,0,0,0,0,0,0,0,0,0,0.008663,task_count=20 exceeds B2 max_direct_tasks=10
20-scale fail-closed guard,20,lunar_ice_sp50_020_001_seed829001,B3A_full_universe_branch_audit,BPC_INCOMPLETE_PRICING,DIAGNOSTIC_PRICING_FRONTIER,INCOMPLETE_LIMIT,False,,,,,,,False,0,0,0,0,0,0,0,0,0,0,0,,,,0,0,False,False,0,0,0,0,0,0,0,0,0,0,0,0.008555,B3A full-universe branch audit is disabled for this resource-guarded group.
20-scale fail-closed guard,20,lunar_ice_sp50_020_001_seed829001,B3B_seeded_branch_price_tree,BPC_INCOMPLETE_PRICING,FEASIBLE_INCUMBENT_ONLY,INCOMPLETE_LIMIT,False,,,,,,,False,0,0,0,0,0,0,0,0,0,0,0,,,,0,0,True,False,0,0,0,0,0,0,0,0,0,0,0,0.009297,task_count=20 exceeds max_direct_tasks=10; B3 fails closed.
20-scale fail-closed guard,20,lunar_ice_sp50_020_002_seed829002,B0_pure_direct_dp,SKIPPED_TOO_LARGE_FOR_DIRECT_DP_BASELINE,FEASIBLE_INCUMBENT_ONLY,NOT_PRICED,False,,,,,,,False,0,0,0,0,0,0,0,0,0,0,0,,,,0,0,False,False,0,0,0,0,0,0,0,0,0,0,0,0.017592,task_count=20 exceeds max_exact_tasks=10
20-scale fail-closed guard,20,lunar_ice_sp50_020_002_seed829002,B2_PRODUCT_EXACT_SOLVER,SKIPPED_TOO_LARGE_FOR_DIRECT_DP_BASELINE,FEASIBLE_INCUMBENT_ONLY,NOT_PRICED,False,,,,,,,False,0,0,0,0,0,0,0,0,0,0,0,,,,0,0,False,False,0,0,0,0,0,0,0,0,0,0,0,0.009865,task_count=20 exceeds max_exact_tasks=10
20-scale fail-closed guard,20,lunar_ice_sp50_020_002_seed829002,B2B_R3_true_dual_negative_search_worker,BPC_INCOMPLETE_PRICING,FEASIBLE_INCUMBENT_ONLY,INCOMPLETE_LIMIT,False,,,,,,,False,0,0,0,0,0,0,0,0,0,0,0,False,False,,0,0,True,False,0,0,0,0,0,0,0,0,0,0,0,0.007669,task_count=20 exceeds B2 max_direct_tasks=10
20-scale fail-closed guard,20,lunar_ice_sp50_020_002_seed829002,B3A_full_universe_branch_audit,BPC_INCOMPLETE_PRICING,DIAGNOSTIC_PRICING_FRONTIER,INCOMPLETE_LIMIT,False,,,,,,,False,0,0,0,0,0,0,0,0,0,0,0,,,,0,0,False,False,0,0,0,0,0,0,0,0,0,0,0,0.007286,B3A full-universe branch audit is disabled for this resource-guarded group.
20-scale fail-closed guard,20,lunar_ice_sp50_020_002_seed829002,B3B_seeded_branch_price_tree,BPC_INCOMPLETE_PRICING,FEASIBLE_INCUMBENT_ONLY,INCOMPLETE_LIMIT,False,,,,,,,False,0,0,0,0,0,0,0,0,0,0,0,,,,0,0,True,False,0,0,0,0,0,0,0,0,0,0,0,0.010567,task_count=20 exceeds max_direct_tasks=10; B3 fails closed.
20-scale fail-closed guard,20,lunar_ice_sp50_020_003_seed829003,B0_pure_direct_dp,SKIPPED_TOO_LARGE_FOR_DIRECT_DP_BASELINE,FEASIBLE_INCUMBENT_ONLY,NOT_PRICED,False,,,,,,,False,0,0,0,0,0,0,0,0,0,0,0,,,,0,0,False,False,0,0,0,0,0,0,0,0,0,0,0,0.01938,task_count=20 exceeds max_exact_tasks=10
20-scale fail-closed guard,20,lunar_ice_sp50_020_003_seed829003,B2_PRODUCT_EXACT_SOLVER,SKIPPED_TOO_LARGE_FOR_DIRECT_DP_BASELINE,FEASIBLE_INCUMBENT_ONLY,NOT_PRICED,False,,,,,,,False,0,0,0,0,0,0,0,0,0,0,0,,,,0,0,False,False,0,0,0,0,0,0,0,0,0,0,0,0.008606,task_count=20 exceeds max_exact_tasks=10
20-scale fail-closed guard,20,lunar_ice_sp50_020_003_seed829003,B2B_R3_true_dual_negative_search_worker,BPC_INCOMPLETE_PRICING,FEASIBLE_INCUMBENT_ONLY,INCOMPLETE_LIMIT,False,,,,,,,False,0,0,0,0,0,0,0,0,0,0,0,False,False,,0,0,True,False,0,0,0,0,0,0,0,0,0,0,0,0.00956,task_count=20 exceeds B2 max_direct_tasks=10
20-scale fail-closed guard,20,lunar_ice_sp50_020_003_seed829003,B3A_full_universe_branch_audit,BPC_INCOMPLETE_PRICING,DIAGNOSTIC_PRICING_FRONTIER,INCOMPLETE_LIMIT,False,,,,,,,False,0,0,0,0,0,0,0,0,0,0,0,,,,0,0,False,False,0,0,0,0,0,0,0,0,0,0,0,0.008499,B3A full-universe branch audit is disabled for this resource-guarded group.
20-scale fail-closed guard,20,lunar_ice_sp50_020_003_seed829003,B3B_seeded_branch_price_tree,BPC_INCOMPLETE_PRICING,FEASIBLE_INCUMBENT_ONLY,INCOMPLETE_LIMIT,False,,,,,,,False,0,0,0,0,0,0,0,0,0,0,0,,,,0,0,True,False,0,0,0,0,0,0,0,0,0,0,0,0.009759,task_count=20 exceeds max_direct_tasks=10; B3 fails closed.
20-scale fail-closed guard,20,lunar_ice_sp50_020_004_seed829004,B0_pure_direct_dp,SKIPPED_TOO_LARGE_FOR_DIRECT_DP_BASELINE,FEASIBLE_INCUMBENT_ONLY,NOT_PRICED,False,,,,,,,False,0,0,0,0,0,0,0,0,0,0,0,,,,0,0,False,False,0,0,0,0,0,0,0,0,0,0,0,0.020662,task_count=20 exceeds max_exact_tasks=10
20-scale fail-closed guard,20,lunar_ice_sp50_020_004_seed829004,B2_PRODUCT_EXACT_SOLVER,SKIPPED_TOO_LARGE_FOR_DIRECT_DP_BASELINE,FEASIBLE_INCUMBENT_ONLY,NOT_PRICED,False,,,,,,,False,0,0,0,0,0,0,0,0,0,0,0,,,,0,0,False,False,0,0,0,0,0,0,0,0,0,0,0,0.00853,task_count=20 exceeds max_exact_tasks=10
20-scale fail-closed guard,20,lunar_ice_sp50_020_004_seed829004,B2B_R3_true_dual_negative_search_worker,BPC_INCOMPLETE_PRICING,FEASIBLE_INCUMBENT_ONLY,INCOMPLETE_LIMIT,False,,,,,,,False,0,0,0,0,0,0,0,0,0,0,0,False,False,,0,0,True,False,0,0,0,0,0,0,0,0,0,0,0,0.009777,task_count=20 exceeds B2 max_direct_tasks=10
20-scale fail-closed guard,20,lunar_ice_sp50_020_004_seed829004,B3A_full_universe_branch_audit,BPC_INCOMPLETE_PRICING,DIAGNOSTIC_PRICING_FRONTIER,INCOMPLETE_LIMIT,False,,,,,,,False,0,0,0,0,0,0,0,0,0,0,0,,,,0,0,False,False,0,0,0,0,0,0,0,0,0,0,0,0.007356,B3A full-universe branch audit is disabled for this resource-guarded group.
20-scale fail-closed guard,20,lunar_ice_sp50_020_004_seed829004,B3B_seeded_branch_price_tree,BPC_INCOMPLETE_PRICING,FEASIBLE_INCUMBENT_ONLY,INCOMPLETE_LIMIT,False,,,,,,,False,0,0,0,0,0,0,0,0,0,0,0,,,,0,0,True,False,0,0,0,0,0,0,0,0,0,0,0,0.011567,task_count=20 exceeds max_direct_tasks=10; B3 fails closed.
20-scale fail-closed guard,20,lunar_ice_sp50_020_005_seed829005,B0_pure_direct_dp,SKIPPED_TOO_LARGE_FOR_DIRECT_DP_BASELINE,FEASIBLE_INCUMBENT_ONLY,NOT_PRICED,False,,,,,,,False,0,0,0,0,0,0,0,0,0,0,0,,,,0,0,False,False,0,0,0,0,0,0,0,0,0,0,0,0.020543,task_count=20 exceeds max_exact_tasks=10
20-scale fail-closed guard,20,lunar_ice_sp50_020_005_seed829005,B2_PRODUCT_EXACT_SOLVER,SKIPPED_TOO_LARGE_FOR_DIRECT_DP_BASELINE,FEASIBLE_INCUMBENT_ONLY,NOT_PRICED,False,,,,,,,False,0,0,0,0,0,0,0,0,0,0,0,,,,0,0,False,False,0,0,0,0,0,0,0,0,0,0,0,0.009039,task_count=20 exceeds max_exact_tasks=10
20-scale fail-closed guard,20,lunar_ice_sp50_020_005_seed829005,B2B_R3_true_dual_negative_search_worker,BPC_INCOMPLETE_PRICING,FEASIBLE_INCUMBENT_ONLY,INCOMPLETE_LIMIT,False,,,,,,,False,0,0,0,0,0,0,0,0,0,0,0,False,False,,0,0,True,False,0,0,0,0,0,0,0,0,0,0,0,0.010388,task_count=20 exceeds B2 max_direct_tasks=10
20-scale fail-closed guard,20,lunar_ice_sp50_020_005_seed829005,B3A_full_universe_branch_audit,BPC_INCOMPLETE_PRICING,DIAGNOSTIC_PRICING_FRONTIER,INCOMPLETE_LIMIT,False,,,,,,,False,0,0,0,0,0,0,0,0,0,0,0,,,,0,0,False,False,0,0,0,0,0,0,0,0,0,0,0,0.008074,B3A full-universe branch audit is disabled for this resource-guarded group.
20-scale fail-closed guard,20,lunar_ice_sp50_020_005_seed829005,B3B_seeded_branch_price_tree,BPC_INCOMPLETE_PRICING,FEASIBLE_INCUMBENT_ONLY,INCOMPLETE_LIMIT,False,,,,,,,False,0,0,0,0,0,0,0,0,0,0,0,,,,0,0,True,False,0,0,0,0,0,0,0,0,0,0,0,0.010487,task_count=20 exceeds max_direct_tasks=10; B3 fails closed.
20-scale fail-closed guard,20,lunar_ice_sp50_020_006_seed829006,B0_pure_direct_dp,SKIPPED_TOO_LARGE_FOR_DIRECT_DP_BASELINE,FEASIBLE_INCUMBENT_ONLY,NOT_PRICED,False,,,,,,,False,0,0,0,0,0,0,0,0,0,0,0,,,,0,0,False,False,0,0,0,0,0,0,0,0,0,0,0,0.020885,task_count=20 exceeds max_exact_tasks=10
20-scale fail-closed guard,20,lunar_ice_sp50_020_006_seed829006,B2_PRODUCT_EXACT_SOLVER,SKIPPED_TOO_LARGE_FOR_DIRECT_DP_BASELINE,FEASIBLE_INCUMBENT_ONLY,NOT_PRICED,False,,,,,,,False,0,0,0,0,0,0,0,0,0,0,0,,,,0,0,False,False,0,0,0,0,0,0,0,0,0,0,0,0.008666,task_count=20 exceeds max_exact_tasks=10
20-scale fail-closed guard,20,lunar_ice_sp50_020_006_seed829006,B2B_R3_true_dual_negative_search_worker,BPC_INCOMPLETE_PRICING,FEASIBLE_INCUMBENT_ONLY,INCOMPLETE_LIMIT,False,,,,,,,False,0,0,0,0,0,0,0,0,0,0,0,False,False,,0,0,True,False,0,0,0,0,0,0,0,0,0,0,0,0.008733,task_count=20 exceeds B2 max_direct_tasks=10
20-scale fail-closed guard,20,lunar_ice_sp50_020_006_seed829006,B3A_full_universe_branch_audit,BPC_INCOMPLETE_PRICING,DIAGNOSTIC_PRICING_FRONTIER,INCOMPLETE_LIMIT,False,,,,,,,False,0,0,0,0,0,0,0,0,0,0,0,,,,0,0,False,False,0,0,0,0,0,0,0,0,0,0,0,0.008831,B3A full-universe branch audit is disabled for this resource-guarded group.
20-scale fail-closed guard,20,lunar_ice_sp50_020_006_seed829006,B3B_seeded_branch_price_tree,BPC_INCOMPLETE_PRICING,FEASIBLE_INCUMBENT_ONLY,INCOMPLETE_LIMIT,False,,,,,,,False,0,0,0,0,0,0,0,0,0,0,0,,,,0,0,True,False,0,0,0,0,0,0,0,0,0,0,0,0.009424,task_count=20 exceeds max_direct_tasks=10; B3 fails closed.
20-scale fail-closed guard,20,lunar_ice_sp50_020_007_seed829027,B0_pure_direct_dp,SKIPPED_TOO_LARGE_FOR_DIRECT_DP_BASELINE,FEASIBLE_INCUMBENT_ONLY,NOT_PRICED,False,,,,,,,False,0,0,0,0,0,0,0,0,0,0,0,,,,0,0,False,False,0,0,0,0,0,0,0,0,0,0,0,0.021849,task_count=20 exceeds max_exact_tasks=10
20-scale fail-closed guard,20,lunar_ice_sp50_020_007_seed829027,B2_PRODUCT_EXACT_SOLVER,SKIPPED_TOO_LARGE_FOR_DIRECT_DP_BASELINE,FEASIBLE_INCUMBENT_ONLY,NOT_PRICED,False,,,,,,,False,0,0,0,0,0,0,0,0,0,0,0,,,,0,0,False,False,0,0,0,0,0,0,0,0,0,0,0,0.008997,task_count=20 exceeds max_exact_tasks=10
20-scale fail-closed guard,20,lunar_ice_sp50_020_007_seed829027,B2B_R3_true_dual_negative_search_worker,BPC_INCOMPLETE_PRICING,FEASIBLE_INCUMBENT_ONLY,INCOMPLETE_LIMIT,False,,,,,,,False,0,0,0,0,0,0,0,0,0,0,0,False,False,,0,0,True,False,0,0,0,0,0,0,0,0,0,0,0,0.008705,task_count=20 exceeds B2 max_direct_tasks=10
20-scale fail-closed guard,20,lunar_ice_sp50_020_007_seed829027,B3A_full_universe_branch_audit,BPC_INCOMPLETE_PRICING,DIAGNOSTIC_PRICING_FRONTIER,INCOMPLETE_LIMIT,False,,,,,,,False,0,0,0,0,0,0,0,0,0,0,0,,,,0,0,False,False,0,0,0,0,0,0,0,0,0,0,0,0.007373,B3A full-universe branch audit is disabled for this resource-guarded group.
20-scale fail-closed guard,20,lunar_ice_sp50_020_007_seed829027,B3B_seeded_branch_price_tree,BPC_INCOMPLETE_PRICING,FEASIBLE_INCUMBENT_ONLY,INCOMPLETE_LIMIT,False,,,,,,,False,0,0,0,0,0,0,0,0,0,0,0,,,,0,0,True,False,0,0,0,0,0,0,0,0,0,0,0,0.00821,task_count=20 exceeds max_direct_tasks=10; B3 fails closed.
20-scale fail-closed guard,20,lunar_ice_sp50_020_008_seed829008,B0_pure_direct_dp,SKIPPED_TOO_LARGE_FOR_DIRECT_DP_BASELINE,FEASIBLE_INCUMBENT_ONLY,NOT_PRICED,False,,,,,,,False,0,0,0,0,0,0,0,0,0,0,0,,,,0,0,False,False,0,0,0,0,0,0,0,0,0,0,0,0.020508,task_count=20 exceeds max_exact_tasks=10
20-scale fail-closed guard,20,lunar_ice_sp50_020_008_seed829008,B2_PRODUCT_EXACT_SOLVER,SKIPPED_TOO_LARGE_FOR_DIRECT_DP_BASELINE,FEASIBLE_INCUMBENT_ONLY,NOT_PRICED,False,,,,,,,False,0,0,0,0,0,0,0,0,0,0,0,,,,0,0,False,False,0,0,0,0,0,0,0,0,0,0,0,0.00911,task_count=20 exceeds max_exact_tasks=10
20-scale fail-closed guard,20,lunar_ice_sp50_020_008_seed829008,B2B_R3_true_dual_negative_search_worker,BPC_INCOMPLETE_PRICING,FEASIBLE_INCUMBENT_ONLY,INCOMPLETE_LIMIT,False,,,,,,,False,0,0,0,0,0,0,0,0,0,0,0,False,False,,0,0,True,False,0,0,0,0,0,0,0,0,0,0,0,0.008538,task_count=20 exceeds B2 max_direct_tasks=10
20-scale fail-closed guard,20,lunar_ice_sp50_020_008_seed829008,B3A_full_universe_branch_audit,BPC_INCOMPLETE_PRICING,DIAGNOSTIC_PRICING_FRONTIER,INCOMPLETE_LIMIT,False,,,,,,,False,0,0,0,0,0,0,0,0,0,0,0,,,,0,0,False,False,0,0,0,0,0,0,0,0,0,0,0,0.008017,B3A full-universe branch audit is disabled for this resource-guarded group.
20-scale fail-closed guard,20,lunar_ice_sp50_020_008_seed829008,B3B_seeded_branch_price_tree,BPC_INCOMPLETE_PRICING,FEASIBLE_INCUMBENT_ONLY,INCOMPLETE_LIMIT,False,,,,,,,False,0,0,0,0,0,0,0,0,0,0,0,,,,0,0,True,False,0,0,0,0,0,0,0,0,0,0,0,0.008739,task_count=20 exceeds max_direct_tasks=10; B3 fails closed.
20-scale fail-closed guard,20,lunar_ice_sp50_020_009_seed829009,B0_pure_direct_dp,SKIPPED_TOO_LARGE_FOR_DIRECT_DP_BASELINE,FEASIBLE_INCUMBENT_ONLY,NOT_PRICED,False,,,,,,,False,0,0,0,0,0,0,0,0,0,0,0,,,,0,0,False,False,0,0,0,0,0,0,0,0,0,0,0,0.021516,task_count=20 exceeds max_exact_tasks=10
20-scale fail-closed guard,20,lunar_ice_sp50_020_009_seed829009,B2_PRODUCT_EXACT_SOLVER,SKIPPED_TOO_LARGE_FOR_DIRECT_DP_BASELINE,FEASIBLE_INCUMBENT_ONLY,NOT_PRICED,False,,,,,,,False,0,0,0,0,0,0,0,0,0,0,0,,,,0,0,False,False,0,0,0,0,0,0,0,0,0,0,0,0.00924,task_count=20 exceeds max_exact_tasks=10
20-scale fail-closed guard,20,lunar_ice_sp50_020_009_seed829009,B2B_R3_true_dual_negative_search_worker,BPC_INCOMPLETE_PRICING,FEASIBLE_INCUMBENT_ONLY,INCOMPLETE_LIMIT,False,,,,,,,False,0,0,0,0,0,0,0,0,0,0,0,False,False,,0,0,True,False,0,0,0,0,0,0,0,0,0,0,0,0.009233,task_count=20 exceeds B2 max_direct_tasks=10
20-scale fail-closed guard,20,lunar_ice_sp50_020_009_seed829009,B3A_full_universe_branch_audit,BPC_INCOMPLETE_PRICING,DIAGNOSTIC_PRICING_FRONTIER,INCOMPLETE_LIMIT,False,,,,,,,False,0,0,0,0,0,0,0,0,0,0,0,,,,0,0,False,False,0,0,0,0,0,0,0,0,0,0,0,0.007284,B3A full-universe branch audit is disabled for this resource-guarded group.
20-scale fail-closed guard,20,lunar_ice_sp50_020_009_seed829009,B3B_seeded_branch_price_tree,BPC_INCOMPLETE_PRICING,FEASIBLE_INCUMBENT_ONLY,INCOMPLETE_LIMIT,False,,,,,,,False,0,0,0,0,0,0,0,0,0,0,0,,,,0,0,True,False,0,0,0,0,0,0,0,0,0,0,0,0.008228,task_count=20 exceeds max_direct_tasks=10; B3 fails closed.
20-scale fail-closed guard,20,lunar_ice_sp50_020_010_seed829010,B0_pure_direct_dp,SKIPPED_TOO_LARGE_FOR_DIRECT_DP_BASELINE,FEASIBLE_INCUMBENT_ONLY,NOT_PRICED,False,,,,,,,False,0,0,0,0,0,0,0,0,0,0,0,,,,0,0,False,False,0,0,0,0,0,0,0,0,0,0,0,0.020099,task_count=20 exceeds max_exact_tasks=10
20-scale fail-closed guard,20,lunar_ice_sp50_020_010_seed829010,B2_PRODUCT_EXACT_SOLVER,SKIPPED_TOO_LARGE_FOR_DIRECT_DP_BASELINE,FEASIBLE_INCUMBENT_ONLY,NOT_PRICED,False,,,,,,,False,0,0,0,0,0,0,0,0,0,0,0,,,,0,0,False,False,0,0,0,0,0,0,0,0,0,0,0,0.009091,task_count=20 exceeds max_exact_tasks=10
20-scale fail-closed guard,20,lunar_ice_sp50_020_010_seed829010,B2B_R3_true_dual_negative_search_worker,BPC_INCOMPLETE_PRICING,FEASIBLE_INCUMBENT_ONLY,INCOMPLETE_LIMIT,False,,,,,,,False,0,0,0,0,0,0,0,0,0,0,0,False,False,,0,0,True,False,0,0,0,0,0,0,0,0,0,0,0,0.007698,task_count=20 exceeds B2 max_direct_tasks=10
20-scale fail-closed guard,20,lunar_ice_sp50_020_010_seed829010,B3A_full_universe_branch_audit,BPC_INCOMPLETE_PRICING,DIAGNOSTIC_PRICING_FRONTIER,INCOMPLETE_LIMIT,False,,,,,,,False,0,0,0,0,0,0,0,0,0,0,0,,,,0,0,False,False,0,0,0,0,0,0,0,0,0,0,0,0.008066,B3A full-universe branch audit is disabled for this resource-guarded group.
20-scale fail-closed guard,20,lunar_ice_sp50_020_010_seed829010,B3B_seeded_branch_price_tree,BPC_INCOMPLETE_PRICING,FEASIBLE_INCUMBENT_ONLY,INCOMPLETE_LIMIT,False,,,,,,,False,0,0,0,0,0,0,0,0,0,0,0,,,,0,0,True,False,0,0,0,0,0,0,0,0,0,0,0,0.009238,task_count=20 exceeds max_direct_tasks=10; B3 fails closed.
20-scale fail-closed guard,20,lunar_ice_sp50_020_011_seed829011,B0_pure_direct_dp,SKIPPED_TOO_LARGE_FOR_DIRECT_DP_BASELINE,FEASIBLE_INCUMBENT_ONLY,NOT_PRICED,False,,,,,,,False,0,0,0,0,0,0,0,0,0,0,0,,,,0,0,False,False,0,0,0,0,0,0,0,0,0,0,0,0.020842,task_count=20 exceeds max_exact_tasks=10
20-scale fail-closed guard,20,lunar_ice_sp50_020_011_seed829011,B2_PRODUCT_EXACT_SOLVER,SKIPPED_TOO_LARGE_FOR_DIRECT_DP_BASELINE,FEASIBLE_INCUMBENT_ONLY,NOT_PRICED,False,,,,,,,False,0,0,0,0,0,0,0,0,0,0,0,,,,0,0,False,False,0,0,0,0,0,0,0,0,0,0,0,0.007742,task_count=20 exceeds max_exact_tasks=10
20-scale fail-closed guard,20,lunar_ice_sp50_020_011_seed829011,B2B_R3_true_dual_negative_search_worker,BPC_INCOMPLETE_PRICING,FEASIBLE_INCUMBENT_ONLY,INCOMPLETE_LIMIT,False,,,,,,,False,0,0,0,0,0,0,0,0,0,0,0,False,False,,0,0,True,False,0,0,0,0,0,0,0,0,0,0,0,0.010218,task_count=20 exceeds B2 max_direct_tasks=10
20-scale fail-closed guard,20,lunar_ice_sp50_020_011_seed829011,B3A_full_universe_branch_audit,BPC_INCOMPLETE_PRICING,DIAGNOSTIC_PRICING_FRONTIER,INCOMPLETE_LIMIT,False,,,,,,,False,0,0,0,0,0,0,0,0,0,0,0,,,,0,0,False,False,0,0,0,0,0,0,0,0,0,0,0,0.008442,B3A full-universe branch audit is disabled for this resource-guarded group.
20-scale fail-closed guard,20,lunar_ice_sp50_020_011_seed829011,B3B_seeded_branch_price_tree,BPC_INCOMPLETE_PRICING,FEASIBLE_INCUMBENT_ONLY,INCOMPLETE_LIMIT,False,,,,,,,False,0,0,0,0,0,0,0,0,0,0,0,,,,0,0,True,False,0,0,0,0,0,0,0,0,0,0,0,0.009058,task_count=20 exceeds max_direct_tasks=10; B3 fails closed.
20-scale fail-closed guard,20,lunar_ice_sp50_020_012_seed829012,B0_pure_direct_dp,SKIPPED_TOO_LARGE_FOR_DIRECT_DP_BASELINE,FEASIBLE_INCUMBENT_ONLY,NOT_PRICED,False,,,,,,,False,0,0,0,0,0,0,0,0,0,0,0,,,,0,0,False,False,0,0,0,0,0,0,0,0,0,0,0,0.01997,task_count=20 exceeds max_exact_tasks=10
20-scale fail-closed guard,20,lunar_ice_sp50_020_012_seed829012,B2_PRODUCT_EXACT_SOLVER,SKIPPED_TOO_LARGE_FOR_DIRECT_DP_BASELINE,FEASIBLE_INCUMBENT_ONLY,NOT_PRICED,False,,,,,,,False,0,0,0,0,0,0,0,0,0,0,0,,,,0,0,False,False,0,0,0,0,0,0,0,0,0,0,0,0.009225,task_count=20 exceeds max_exact_tasks=10
20-scale fail-closed guard,20,lunar_ice_sp50_020_012_seed829012,B2B_R3_true_dual_negative_search_worker,BPC_INCOMPLETE_PRICING,FEASIBLE_INCUMBENT_ONLY,INCOMPLETE_LIMIT,False,,,,,,,False,0,0,0,0,0,0,0,0,0,0,0,False,False,,0,0,True,False,0,0,0,0,0,0,0,0,0,0,0,0.009501,task_count=20 exceeds B2 max_direct_tasks=10
20-scale fail-closed guard,20,lunar_ice_sp50_020_012_seed829012,B3A_full_universe_branch_audit,BPC_INCOMPLETE_PRICING,DIAGNOSTIC_PRICING_FRONTIER,INCOMPLETE_LIMIT,False,,,,,,,False,0,0,0,0,0,0,0,0,0,0,0,,,,0,0,False,False,0,0,0,0,0,0,0,0,0,0,0,0.008015,B3A full-universe branch audit is disabled for this resource-guarded group.
20-scale fail-closed guard,20,lunar_ice_sp50_020_012_seed829012,B3B_seeded_branch_price_tree,BPC_INCOMPLETE_PRICING,FEASIBLE_INCUMBENT_ONLY,INCOMPLETE_LIMIT,False,,,,,,,False,0,0,0,0,0,0,0,0,0,0,0,,,,0,0,True,False,0,0,0,0,0,0,0,0,0,0,0,0.010043,task_count=20 exceeds max_direct_tasks=10; B3 fails closed.
20-scale fail-closed guard,20,lunar_ice_sp50_020_013_seed829013,B0_pure_direct_dp,SKIPPED_TOO_LARGE_FOR_DIRECT_DP_BASELINE,FEASIBLE_INCUMBENT_ONLY,NOT_PRICED,False,,,,,,,False,0,0,0,0,0,0,0,0,0,0,0,,,,0,0,False,False,0,0,0,0,0,0,0,0,0,0,0,0.018847,task_count=20 exceeds max_exact_tasks=10
20-scale fail-closed guard,20,lunar_ice_sp50_020_013_seed829013,B2_PRODUCT_EXACT_SOLVER,SKIPPED_TOO_LARGE_FOR_DIRECT_DP_BASELINE,FEASIBLE_INCUMBENT_ONLY,NOT_PRICED,False,,,,,,,False,0,0,0,0,0,0,0,0,0,0,0,,,,0,0,False,False,0,0,0,0,0,0,0,0,0,0,0,0.008992,task_count=20 exceeds max_exact_tasks=10
20-scale fail-closed guard,20,lunar_ice_sp50_020_013_seed829013,B2B_R3_true_dual_negative_search_worker,BPC_INCOMPLETE_PRICING,FEASIBLE_INCUMBENT_ONLY,INCOMPLETE_LIMIT,False,,,,,,,False,0,0,0,0,0,0,0,0,0,0,0,False,False,,0,0,True,False,0,0,0,0,0,0,0,0,0,0,0,0.009187,task_count=20 exceeds B2 max_direct_tasks=10
20-scale fail-closed guard,20,lunar_ice_sp50_020_013_seed829013,B3A_full_universe_branch_audit,BPC_INCOMPLETE_PRICING,DIAGNOSTIC_PRICING_FRONTIER,INCOMPLETE_LIMIT,False,,,,,,,False,0,0,0,0,0,0,0,0,0,0,0,,,,0,0,False,False,0,0,0,0,0,0,0,0,0,0,0,0.009,B3A full-universe branch audit is disabled for this resource-guarded group.
20-scale fail-closed guard,20,lunar_ice_sp50_020_013_seed829013,B3B_seeded_branch_price_tree,BPC_INCOMPLETE_PRICING,FEASIBLE_INCUMBENT_ONLY,INCOMPLETE_LIMIT,False,,,,,,,False,0,0,0,0,0,0,0,0,0,0,0,,,,0,0,True,False,0,0,0,0,0,0,0,0,0,0,0,0.009873,task_count=20 exceeds max_direct_tasks=10; B3 fails closed.
20-scale fail-closed guard,20,lunar_ice_sp50_020_014_seed829014,B0_pure_direct_dp,SKIPPED_TOO_LARGE_FOR_DIRECT_DP_BASELINE,FEASIBLE_INCUMBENT_ONLY,NOT_PRICED,False,,,,,,,False,0,0,0,0,0,0,0,0,0,0,0,,,,0,0,False,False,0,0,0,0,0,0,0,0,0,0,0,0.01479,task_count=20 exceeds max_exact_tasks=10
20-scale fail-closed guard,20,lunar_ice_sp50_020_014_seed829014,B2_PRODUCT_EXACT_SOLVER,SKIPPED_TOO_LARGE_FOR_DIRECT_DP_BASELINE,FEASIBLE_INCUMBENT_ONLY,NOT_PRICED,False,,,,,,,False,0,0,0,0,0,0,0,0,0,0,0,,,,0,0,False,False,0,0,0,0,0,0,0,0,0,0,0,0.008503,task_count=20 exceeds max_exact_tasks=10
20-scale fail-closed guard,20,lunar_ice_sp50_020_014_seed829014,B2B_R3_true_dual_negative_search_worker,BPC_INCOMPLETE_PRICING,FEASIBLE_INCUMBENT_ONLY,INCOMPLETE_LIMIT,False,,,,,,,False,0,0,0,0,0,0,0,0,0,0,0,False,False,,0,0,True,False,0,0,0,0,0,0,0,0,0,0,0,0.007895,task_count=20 exceeds B2 max_direct_tasks=10
20-scale fail-closed guard,20,lunar_ice_sp50_020_014_seed829014,B3A_full_universe_branch_audit,BPC_INCOMPLETE_PRICING,DIAGNOSTIC_PRICING_FRONTIER,INCOMPLETE_LIMIT,False,,,,,,,False,0,0,0,0,0,0,0,0,0,0,0,,,,0,0,False,False,0,0,0,0,0,0,0,0,0,0,0,0.007467,B3A full-universe branch audit is disabled for this resource-guarded group.
20-scale fail-closed guard,20,lunar_ice_sp50_020_014_seed829014,B3B_seeded_branch_price_tree,BPC_INCOMPLETE_PRICING,FEASIBLE_INCUMBENT_ONLY,INCOMPLETE_LIMIT,False,,,,,,,False,0,0,0,0,0,0,0,0,0,0,0,,,,0,0,True,False,0,0,0,0,0,0,0,0,0,0,0,0.008459,task_count=20 exceeds max_direct_tasks=10; B3 fails closed.
20-scale fail-closed guard,20,lunar_ice_sp50_020_015_seed829015,B0_pure_direct_dp,SKIPPED_TOO_LARGE_FOR_DIRECT_DP_BASELINE,FEASIBLE_INCUMBENT_ONLY,NOT_PRICED,False,,,,,,,False,0,0,0,0,0,0,0,0,0,0,0,,,,0,0,False,False,0,0,0,0,0,0,0,0,0,0,0,0.022355,task_count=20 exceeds max_exact_tasks=10
20-scale fail-closed guard,20,lunar_ice_sp50_020_015_seed829015,B2_PRODUCT_EXACT_SOLVER,SKIPPED_TOO_LARGE_FOR_DIRECT_DP_BASELINE,FEASIBLE_INCUMBENT_ONLY,NOT_PRICED,False,,,,,,,False,0,0,0,0,0,0,0,0,0,0,0,,,,0,0,False,False,0,0,0,0,0,0,0,0,0,0,0,0.010867,task_count=20 exceeds max_exact_tasks=10
20-scale fail-closed guard,20,lunar_ice_sp50_020_015_seed829015,B2B_R3_true_dual_negative_search_worker,BPC_INCOMPLETE_PRICING,FEASIBLE_INCUMBENT_ONLY,INCOMPLETE_LIMIT,False,,,,,,,False,0,0,0,0,0,0,0,0,0,0,0,False,False,,0,0,True,False,0,0,0,0,0,0,0,0,0,0,0,0.008919,task_count=20 exceeds B2 max_direct_tasks=10
20-scale fail-closed guard,20,lunar_ice_sp50_020_015_seed829015,B3A_full_universe_branch_audit,BPC_INCOMPLETE_PRICING,DIAGNOSTIC_PRICING_FRONTIER,INCOMPLETE_LIMIT,False,,,,,,,False,0,0,0,0,0,0,0,0,0,0,0,,,,0,0,False,False,0,0,0,0,0,0,0,0,0,0,0,0.010159,B3A full-universe branch audit is disabled for this resource-guarded group.
20-scale fail-closed guard,20,lunar_ice_sp50_020_015_seed829015,B3B_seeded_branch_price_tree,BPC_INCOMPLETE_PRICING,FEASIBLE_INCUMBENT_ONLY,INCOMPLETE_LIMIT,False,,,,,,,False,0,0,0,0,0,0,0,0,0,0,0,,,,0,0,True,False,0,0,0,0,0,0,0,0,0,0,0,0.009825,task_count=20 exceeds max_direct_tasks=10; B3 fails closed.
20-scale fail-closed guard,20,lunar_ice_sp50_020_016_seed829016,B0_pure_direct_dp,SKIPPED_TOO_LARGE_FOR_DIRECT_DP_BASELINE,FEASIBLE_INCUMBENT_ONLY,NOT_PRICED,False,,,,,,,False,0,0,0,0,0,0,0,0,0,0,0,,,,0,0,False,False,0,0,0,0,0,0,0,0,0,0,0,0.0231,task_count=20 exceeds max_exact_tasks=10
20-scale fail-closed guard,20,lunar_ice_sp50_020_016_seed829016,B2_PRODUCT_EXACT_SOLVER,SKIPPED_TOO_LARGE_FOR_DIRECT_DP_BASELINE,FEASIBLE_INCUMBENT_ONLY,NOT_PRICED,False,,,,,,,False,0,0,0,0,0,0,0,0,0,0,0,,,,0,0,False,False,0,0,0,0,0,0,0,0,0,0,0,0.010778,task_count=20 exceeds max_exact_tasks=10
20-scale fail-closed guard,20,lunar_ice_sp50_020_016_seed829016,B2B_R3_true_dual_negative_search_worker,BPC_INCOMPLETE_PRICING,FEASIBLE_INCUMBENT_ONLY,INCOMPLETE_LIMIT,False,,,,,,,False,0,0,0,0,0,0,0,0,0,0,0,False,False,,0,0,True,False,0,0,0,0,0,0,0,0,0,0,0,0.010457,task_count=20 exceeds B2 max_direct_tasks=10
20-scale fail-closed guard,20,lunar_ice_sp50_020_016_seed829016,B3A_full_universe_branch_audit,BPC_INCOMPLETE_PRICING,DIAGNOSTIC_PRICING_FRONTIER,INCOMPLETE_LIMIT,False,,,,,,,False,0,0,0,0,0,0,0,0,0,0,0,,,,0,0,False,False,0,0,0,0,0,0,0,0,0,0,0,0.008237,B3A full-universe branch audit is disabled for this resource-guarded group.
20-scale fail-closed guard,20,lunar_ice_sp50_020_016_seed829016,B3B_seeded_branch_price_tree,BPC_INCOMPLETE_PRICING,FEASIBLE_INCUMBENT_ONLY,INCOMPLETE_LIMIT,False,,,,,,,False,0,0,0,0,0,0,0,0,0,0,0,,,,0,0,True,False,0,0,0,0,0,0,0,0,0,0,0,0.011943,task_count=20 exceeds max_direct_tasks=10; B3 fails closed.
20-scale fail-closed guard,20,lunar_ice_sp50_020_017_seed829017,B0_pure_direct_dp,SKIPPED_TOO_LARGE_FOR_DIRECT_DP_BASELINE,FEASIBLE_INCUMBENT_ONLY,NOT_PRICED,False,,,,,,,False,0,0,0,0,0,0,0,0,0,0,0,,,,0,0,False,False,0,0,0,0,0,0,0,0,0,0,0,0.020459,task_count=20 exceeds max_exact_tasks=10
20-scale fail-closed guard,20,lunar_ice_sp50_020_017_seed829017,B2_PRODUCT_EXACT_SOLVER,SKIPPED_TOO_LARGE_FOR_DIRECT_DP_BASELINE,FEASIBLE_INCUMBENT_ONLY,NOT_PRICED,False,,,,,,,False,0,0,0,0,0,0,0,0,0,0,0,,,,0,0,False,False,0,0,0,0,0,0,0,0,0,0,0,0.008998,task_count=20 exceeds max_exact_tasks=10
20-scale fail-closed guard,20,lunar_ice_sp50_020_017_seed829017,B2B_R3_true_dual_negative_search_worker,BPC_INCOMPLETE_PRICING,FEASIBLE_INCUMBENT_ONLY,INCOMPLETE_LIMIT,False,,,,,,,False,0,0,0,0,0,0,0,0,0,0,0,False,False,,0,0,True,False,0,0,0,0,0,0,0,0,0,0,0,0.009672,task_count=20 exceeds B2 max_direct_tasks=10
20-scale fail-closed guard,20,lunar_ice_sp50_020_017_seed829017,B3A_full_universe_branch_audit,BPC_INCOMPLETE_PRICING,DIAGNOSTIC_PRICING_FRONTIER,INCOMPLETE_LIMIT,False,,,,,,,False,0,0,0,0,0,0,0,0,0,0,0,,,,0,0,False,False,0,0,0,0,0,0,0,0,0,0,0,0.008656,B3A full-universe branch audit is disabled for this resource-guarded group.
20-scale fail-closed guard,20,lunar_ice_sp50_020_017_seed829017,B3B_seeded_branch_price_tree,BPC_INCOMPLETE_PRICING,FEASIBLE_INCUMBENT_ONLY,INCOMPLETE_LIMIT,False,,,,,,,False,0,0,0,0,0,0,0,0,0,0,0,,,,0,0,True,False,0,0,0,0,0,0,0,0,0,0,0,0.010725,task_count=20 exceeds max_direct_tasks=10; B3 fails closed.
20-scale fail-closed guard,20,lunar_ice_sp50_020_018_seed829018,B0_pure_direct_dp,SKIPPED_TOO_LARGE_FOR_DIRECT_DP_BASELINE,FEASIBLE_INCUMBENT_ONLY,NOT_PRICED,False,,,,,,,False,0,0,0,0,0,0,0,0,0,0,0,,,,0,0,False,False,0,0,0,0,0,0,0,0,0,0,0,0.023937,task_count=20 exceeds max_exact_tasks=10
20-scale fail-closed guard,20,lunar_ice_sp50_020_018_seed829018,B2_PRODUCT_EXACT_SOLVER,SKIPPED_TOO_LARGE_FOR_DIRECT_DP_BASELINE,FEASIBLE_INCUMBENT_ONLY,NOT_PRICED,False,,,,,,,False,0,0,0,0,0,0,0,0,0,0,0,,,,0,0,False,False,0,0,0,0,0,0,0,0,0,0,0,0.008803,task_count=20 exceeds max_exact_tasks=10
20-scale fail-closed guard,20,lunar_ice_sp50_020_018_seed829018,B2B_R3_true_dual_negative_search_worker,BPC_INCOMPLETE_PRICING,FEASIBLE_INCUMBENT_ONLY,INCOMPLETE_LIMIT,False,,,,,,,False,0,0,0,0,0,0,0,0,0,0,0,False,False,,0,0,True,False,0,0,0,0,0,0,0,0,0,0,0,0.010331,task_count=20 exceeds B2 max_direct_tasks=10
20-scale fail-closed guard,20,lunar_ice_sp50_020_018_seed829018,B3A_full_universe_branch_audit,BPC_INCOMPLETE_PRICING,DIAGNOSTIC_PRICING_FRONTIER,INCOMPLETE_LIMIT,False,,,,,,,False,0,0,0,0,0,0,0,0,0,0,0,,,,0,0,False,False,0,0,0,0,0,0,0,0,0,0,0,0.007763,B3A full-universe branch audit is disabled for this resource-guarded group.
20-scale fail-closed guard,20,lunar_ice_sp50_020_018_seed829018,B3B_seeded_branch_price_tree,BPC_INCOMPLETE_PRICING,FEASIBLE_INCUMBENT_ONLY,INCOMPLETE_LIMIT,False,,,,,,,False,0,0,0,0,0,0,0,0,0,0,0,,,,0,0,True,False,0,0,0,0,0,0,0,0,0,0,0,0.010251,task_count=20 exceeds max_direct_tasks=10; B3 fails closed.
20-scale fail-closed guard,20,lunar_ice_sp50_020_019_seed829019,B0_pure_direct_dp,SKIPPED_TOO_LARGE_FOR_DIRECT_DP_BASELINE,FEASIBLE_INCUMBENT_ONLY,NOT_PRICED,False,,,,,,,False,0,0,0,0,0,0,0,0,0,0,0,,,,0,0,False,False,0,0,0,0,0,0,0,0,0,0,0,0.019777,task_count=20 exceeds max_exact_tasks=10
20-scale fail-closed guard,20,lunar_ice_sp50_020_019_seed829019,B2_PRODUCT_EXACT_SOLVER,SKIPPED_TOO_LARGE_FOR_DIRECT_DP_BASELINE,FEASIBLE_INCUMBENT_ONLY,NOT_PRICED,False,,,,,,,False,0,0,0,0,0,0,0,0,0,0,0,,,,0,0,False,False,0,0,0,0,0,0,0,0,0,0,0,0.008335,task_count=20 exceeds max_exact_tasks=10
20-scale fail-closed guard,20,lunar_ice_sp50_020_019_seed829019,B2B_R3_true_dual_negative_search_worker,BPC_INCOMPLETE_PRICING,FEASIBLE_INCUMBENT_ONLY,INCOMPLETE_LIMIT,False,,,,,,,False,0,0,0,0,0,0,0,0,0,0,0,False,False,,0,0,True,False,0,0,0,0,0,0,0,0,0,0,0,0.007784,task_count=20 exceeds B2 max_direct_tasks=10
20-scale fail-closed guard,20,lunar_ice_sp50_020_019_seed829019,B3A_full_universe_branch_audit,BPC_INCOMPLETE_PRICING,DIAGNOSTIC_PRICING_FRONTIER,INCOMPLETE_LIMIT,False,,,,,,,False,0,0,0,0,0,0,0,0,0,0,0,,,,0,0,False,False,0,0,0,0,0,0,0,0,0,0,0,0.008024,B3A full-universe branch audit is disabled for this resource-guarded group.
20-scale fail-closed guard,20,lunar_ice_sp50_020_019_seed829019,B3B_seeded_branch_price_tree,BPC_INCOMPLETE_PRICING,FEASIBLE_INCUMBENT_ONLY,INCOMPLETE_LIMIT,False,,,,,,,False,0,0,0,0,0,0,0,0,0,0,0,,,,0,0,True,False,0,0,0,0,0,0,0,0,0,0,0,0.009149,task_count=20 exceeds max_direct_tasks=10; B3 fails closed.
20-scale fail-closed guard,20,lunar_ice_sp50_020_020_seed829020,B0_pure_direct_dp,SKIPPED_TOO_LARGE_FOR_DIRECT_DP_BASELINE,FEASIBLE_INCUMBENT_ONLY,NOT_PRICED,False,,,,,,,False,0,0,0,0,0,0,0,0,0,0,0,,,,0,0,False,False,0,0,0,0,0,0,0,0,0,0,0,0.02066,task_count=20 exceeds max_exact_tasks=10
20-scale fail-closed guard,20,lunar_ice_sp50_020_020_seed829020,B2_PRODUCT_EXACT_SOLVER,SKIPPED_TOO_LARGE_FOR_DIRECT_DP_BASELINE,FEASIBLE_INCUMBENT_ONLY,NOT_PRICED,False,,,,,,,False,0,0,0,0,0,0,0,0,0,0,0,,,,0,0,False,False,0,0,0,0,0,0,0,0,0,0,0,0.009596,task_count=20 exceeds max_exact_tasks=10
20-scale fail-closed guard,20,lunar_ice_sp50_020_020_seed829020,B2B_R3_true_dual_negative_search_worker,BPC_INCOMPLETE_PRICING,FEASIBLE_INCUMBENT_ONLY,INCOMPLETE_LIMIT,False,,,,,,,False,0,0,0,0,0,0,0,0,0,0,0,False,False,,0,0,True,False,0,0,0,0,0,0,0,0,0,0,0,0.009395,task_count=20 exceeds B2 max_direct_tasks=10
20-scale fail-closed guard,20,lunar_ice_sp50_020_020_seed829020,B3A_full_universe_branch_audit,BPC_INCOMPLETE_PRICING,DIAGNOSTIC_PRICING_FRONTIER,INCOMPLETE_LIMIT,False,,,,,,,False,0,0,0,0,0,0,0,0,0,0,0,,,,0,0,False,False,0,0,0,0,0,0,0,0,0,0,0,0.008441,B3A full-universe branch audit is disabled for this resource-guarded group.
20-scale fail-closed guard,20,lunar_ice_sp50_020_020_seed829020,B3B_seeded_branch_price_tree,BPC_INCOMPLETE_PRICING,FEASIBLE_INCUMBENT_ONLY,INCOMPLETE_LIMIT,False,,,,,,,False,0,0,0,0,0,0,0,0,0,0,0,,,,0,0,True,False,0,0,0,0,0,0,0,0,0,0,0,0.009125,task_count=20 exceeds max_direct_tasks=10; B3 fails closed.
20-scale selected direct20 probe,20,lunar_ice_sp50_020_001_seed829001,B0_pure_direct_dp,DIRECT_DP_BASELINE_OPTIMAL,DIRECT_DP_FIXED_GRAPH_OPTIMAL,NOT_PRICED,False,7386.805908,,,,,,False,0,0,0,0,0,0,0,0,0,0,0,,,,0,0,False,False,0,0,0,0,0,0,0,0,0,0,0,7.301269,
20-scale selected direct20 probe,20,lunar_ice_sp50_020_001_seed829001,B2_PRODUCT_EXACT_SOLVER,DIRECT_DP_BASELINE_OPTIMAL,DIRECT_DP_FIXED_GRAPH_OPTIMAL,NOT_PRICED,False,7386.805908,,,,,0.0,False,0,0,0,0,0,0,0,0,0,0,0,,,,0,0,False,False,0,0,0,0,0,0,0,0,0,0,0,7.349751,
20-scale selected direct20 probe,20,lunar_ice_sp50_020_001_seed829001,B2B_R3_true_dual_negative_search_worker,BPC_INCOMPLETE_PRICING,DIAGNOSTIC_PRICING_FRONTIER,INCOMPLETE_LIMIT,False,7386.805908,7386.805908,,,,0.0,False,0,0,0,0,0,0,0,0,0,0,0,True,True,,0,0,True,False,0,0,0,0,0,0,0,0,0,0,0,58.79574,Stopped after max_rounds=8; B2B_R3_true_dual_negative_search_worker worker/final-judge root proof is incomplete.
20-scale selected direct20 probe,20,lunar_ice_sp50_020_001_seed829001,B3A_full_universe_branch_audit,BPC_INCOMPLETE_PRICING,DIAGNOSTIC_PRICING_FRONTIER,INCOMPLETE_LIMIT,False,,,,,,,False,0,0,0,0,0,0,0,0,0,0,0,,,,0,0,False,False,0,0,0,0,0,0,0,0,0,0,0,0.011678,B3A full-universe branch audit is disabled for this resource-guarded group.
20-scale selected direct20 probe,20,lunar_ice_sp50_020_001_seed829001,B3B_seeded_branch_price_tree,BPC_INCOMPLETE_PRICING,DIAGNOSTIC_PRICING_FRONTIER,INCOMPLETE_LIMIT,False,,,,,,,,0,0,,,,,,,,,,,,,,,,,,,,,,,,,,,,60.000197,row_time_limit_sec=60.0
20-scale selected direct20 probe,20,lunar_ice_sp50_020_002_seed829002,B0_pure_direct_dp,DIRECT_DP_BASELINE_OPTIMAL,DIRECT_DP_FIXED_GRAPH_OPTIMAL,NOT_PRICED,False,6766.890301,,,,,,False,0,0,0,0,0,0,0,0,0,0,0,,,,0,0,False,False,0,0,0,0,0,0,0,0,0,0,0,4.399573,
20-scale selected direct20 probe,20,lunar_ice_sp50_020_002_seed829002,B2_PRODUCT_EXACT_SOLVER,DIRECT_DP_BASELINE_OPTIMAL,DIRECT_DP_FIXED_GRAPH_OPTIMAL,NOT_PRICED,False,6766.890301,,,,,0.0,False,0,0,0,0,0,0,0,0,0,0,0,,,,0,0,False,False,0,0,0,0,0,0,0,0,0,0,0,4.37918,
20-scale selected direct20 probe,20,lunar_ice_sp50_020_002_seed829002,B2B_R3_true_dual_negative_search_worker,BPC_INCOMPLETE_PRICING,DIAGNOSTIC_PRICING_FRONTIER,INCOMPLETE_LIMIT,False,6766.890301,6766.890301,,,,0.0,False,0,0,0,0,0,0,0,0,0,0,0,True,True,,0,0,True,False,0,0,0,0,0,0,0,0,0,0,0,15.424869,Stopped after max_rounds=8; B2B_R3_true_dual_negative_search_worker worker/final-judge root proof is incomplete.
20-scale selected direct20 probe,20,lunar_ice_sp50_020_002_seed829002,B3A_full_universe_branch_audit,BPC_INCOMPLETE_PRICING,DIAGNOSTIC_PRICING_FRONTIER,INCOMPLETE_LIMIT,False,,,,,,,False,0,0,0,0,0,0,0,0,0,0,0,,,,0,0,False,False,0,0,0,0,0,0,0,0,0,0,0,0.026713,B3A full-universe branch audit is disabled for this resource-guarded group.
20-scale selected direct20 probe,20,lunar_ice_sp50_020_002_seed829002,B3B_seeded_branch_price_tree,BPC_INCOMPLETE_PRICING,DIAGNOSTIC_PRICING_FRONTIER,INCOMPLETE_LIMIT,False,,,,,,,,0,0,,,,,,,,,,,,,,,,,,,,,,,,,,,,60.000042,row_time_limit_sec=60.0
20-scale selected direct20 probe,20,lunar_ice_sp50_020_003_seed829003,B0_pure_direct_dp,DIRECT_DP_BASELINE_OPTIMAL,DIRECT_DP_FIXED_GRAPH_OPTIMAL,NOT_PRICED,False,8052.53043,,,,,,False,0,0,0,0,0,0,0,0,0,0,0,,,,0,0,False,False,0,0,0,0,0,0,0,0,0,0,0,12.388469,
20-scale selected direct20 probe,20,lunar_ice_sp50_020_003_seed829003,B2_PRODUCT_EXACT_SOLVER,DIRECT_DP_BASELINE_OPTIMAL,DIRECT_DP_FIXED_GRAPH_OPTIMAL,NOT_PRICED,False,8052.53043,,,,,0.0,False,0,0,0,0,0,0,0,0,0,0,0,,,,0,0,False,False,0,0,0,0,0,0,0,0,0,0,0,12.519349,
20-scale selected direct20 probe,20,lunar_ice_sp50_020_003_seed829003,B2B_R3_true_dual_negative_search_worker,BPC_INCOMPLETE_PRICING,DIAGNOSTIC_PRICING_FRONTIER,INCOMPLETE_LIMIT,False,8052.53043,8052.53043,,,,0.0,False,0,0,0,0,0,0,0,0,0,0,0,True,True,,0,0,True,False,0,0,0,0,0,0,0,0,0,0,0,56.402511,Stopped after max_rounds=8; B2B_R3_true_dual_negative_search_worker worker/final-judge root proof is incomplete.
20-scale selected direct20 probe,20,lunar_ice_sp50_020_003_seed829003,B3A_full_universe_branch_audit,BPC_INCOMPLETE_PRICING,DIAGNOSTIC_PRICING_FRONTIER,INCOMPLETE_LIMIT,False,,,,,,,False,0,0,0,0,0,0,0,0,0,0,0,,,,0,0,False,False,0,0,0,0,0,0,0,0,0,0,0,0.012444,B3A full-universe branch audit is disabled for this resource-guarded group.
20-scale selected direct20 probe,20,lunar_ice_sp50_020_003_seed829003,B3B_seeded_branch_price_tree,BPC_INCOMPLETE_PRICING,DIAGNOSTIC_PRICING_FRONTIER,INCOMPLETE_LIMIT,False,,,,,,,,0,0,,,,,,,,,,,,,,,,,,,,,,,,,,,,60.000033,row_time_limit_sec=60.0
20-scale selected direct20 probe,20,lunar_ice_sp50_020_004_seed829004,B0_pure_direct_dp,DIRECT_DP_BASELINE_OPTIMAL,DIRECT_DP_FIXED_GRAPH_OPTIMAL,NOT_PRICED,False,6290.10408,,,,,,False,0,0,0,0,0,0,0,0,0,0,0,,,,0,0,False,False,0,0,0,0,0,0,0,0,0,0,0,6.674283,
20-scale selected direct20 probe,20,lunar_ice_sp50_020_004_seed829004,B2_PRODUCT_EXACT_SOLVER,DIRECT_DP_BASELINE_OPTIMAL,DIRECT_DP_FIXED_GRAPH_OPTIMAL,NOT_PRICED,False,6290.10408,,,,,0.0,False,0,0,0,0,0,0,0,0,0,0,0,,,,0,0,False,False,0,0,0,0,0,0,0,0,0,0,0,6.733862,
20-scale selected direct20 probe,20,lunar_ice_sp50_020_004_seed829004,B2B_R3_true_dual_negative_search_worker,BPC_INCOMPLETE_PRICING,DIAGNOSTIC_PRICING_FRONTIER,INCOMPLETE_LIMIT,False,6290.10408,6290.10408,,,,0.0,False,0,0,0,0,0,0,0,0,0,0,0,True,True,,0,0,True,False,0,0,0,0,0,0,0,0,0,0,0,31.507474,Stopped after max_rounds=8; B2B_R3_true_dual_negative_search_worker worker/final-judge root proof is incomplete.
20-scale selected direct20 probe,20,lunar_ice_sp50_020_004_seed829004,B3A_full_universe_branch_audit,BPC_INCOMPLETE_PRICING,DIAGNOSTIC_PRICING_FRONTIER,INCOMPLETE_LIMIT,False,,,,,,,False,0,0,0,0,0,0,0,0,0,0,0,,,,0,0,False,False,0,0,0,0,0,0,0,0,0,0,0,0.012522,B3A full-universe branch audit is disabled for this resource-guarded group.
20-scale selected direct20 probe,20,lunar_ice_sp50_020_004_seed829004,B3B_seeded_branch_price_tree,BPC_INCOMPLETE_PRICING,DIAGNOSTIC_PRICING_FRONTIER,INCOMPLETE_LIMIT,False,,,,,,,,0,0,,,,,,,,,,,,,,,,,,,,,,,,,,,,60.027974,row_time_limit_sec=60.0
20-scale selected direct20 probe,20,lunar_ice_sp50_020_005_seed829005,B0_pure_direct_dp,DIRECT_DP_BASELINE_OPTIMAL,DIRECT_DP_FIXED_GRAPH_OPTIMAL,NOT_PRICED,False,6220.730886,,,,,,False,0,0,0,0,0,0,0,0,0,0,0,,,,0,0,False,False,0,0,0,0,0,0,0,0,0,0,0,19.347228,
20-scale selected direct20 probe,20,lunar_ice_sp50_020_005_seed829005,B2_PRODUCT_EXACT_SOLVER,DIRECT_DP_BASELINE_OPTIMAL,DIRECT_DP_FIXED_GRAPH_OPTIMAL,NOT_PRICED,False,6220.730886,,,,,0.0,False,0,0,0,0,0,0,0,0,0,0,0,,,,0,0,False,False,0,0,0,0,0,0,0,0,0,0,0,19.521059,
20-scale selected direct20 probe,20,lunar_ice_sp50_020_005_seed829005,B2B_R3_true_dual_negative_search_worker,BPC_INCOMPLETE_PRICING,DIAGNOSTIC_PRICING_FRONTIER,INCOMPLETE_LIMIT,False,,,,,,,,0,0,,,,,,,,,,,,,,,,,,,,,,,,,,,,60.000036,row_time_limit_sec=60.0
20-scale selected direct20 probe,20,lunar_ice_sp50_020_005_seed829005,B3A_full_universe_branch_audit,BPC_INCOMPLETE_PRICING,DIAGNOSTIC_PRICING_FRONTIER,INCOMPLETE_LIMIT,False,,,,,,,False,0,0,0,0,0,0,0,0,0,0,0,,,,0,0,False,False,0,0,0,0,0,0,0,0,0,0,0,0.010003,B3A full-universe branch audit is disabled for this resource-guarded group.
20-scale selected direct20 probe,20,lunar_ice_sp50_020_005_seed829005,B3B_seeded_branch_price_tree,BPC_INCOMPLETE_PRICING,DIAGNOSTIC_PRICING_FRONTIER,INCOMPLETE_LIMIT,False,,,,,,,,0,0,,,,,,,,,,,,,,,,,,,,,,,,,,,,60.000031,row_time_limit_sec=60.0
30-scale fail-closed diagnostic,30,lunar_ice_sp50_030_001_seed929001,B0_pure_direct_dp,SKIPPED_TOO_LARGE_FOR_DIRECT_DP_BASELINE,FEASIBLE_INCUMBENT_ONLY,NOT_PRICED,False,,,,,,,False,0,0,0,0,0,0,0,0,0,0,0,,,,0,0,False,False,0,0,0,0,0,0,0,0,0,0,0,0.048519,task_count=30 exceeds max_exact_tasks=10
30-scale fail-closed diagnostic,30,lunar_ice_sp50_030_001_seed929001,B2_PRODUCT_EXACT_SOLVER,SKIPPED_TOO_LARGE_FOR_DIRECT_DP_BASELINE,FEASIBLE_INCUMBENT_ONLY,NOT_PRICED,False,,,,,,,False,0,0,0,0,0,0,0,0,0,0,0,,,,0,0,False,False,0,0,0,0,0,0,0,0,0,0,0,0.0212,task_count=30 exceeds max_exact_tasks=10
30-scale fail-closed diagnostic,30,lunar_ice_sp50_030_001_seed929001,B2B_R3_true_dual_negative_search_worker,BPC_INCOMPLETE_PRICING,FEASIBLE_INCUMBENT_ONLY,INCOMPLETE_LIMIT,False,,,,,,,False,0,0,0,0,0,0,0,0,0,0,0,False,False,,0,0,True,False,0,0,0,0,0,0,0,0,0,0,0,0.020186,task_count=30 exceeds B2 max_direct_tasks=10
30-scale fail-closed diagnostic,30,lunar_ice_sp50_030_001_seed929001,B3A_full_universe_branch_audit,BPC_INCOMPLETE_PRICING,DIAGNOSTIC_PRICING_FRONTIER,INCOMPLETE_LIMIT,False,,,,,,,False,0,0,0,0,0,0,0,0,0,0,0,,,,0,0,False,False,0,0,0,0,0,0,0,0,0,0,0,0.017541,B3A full-universe branch audit is disabled for this resource-guarded group.
30-scale fail-closed diagnostic,30,lunar_ice_sp50_030_001_seed929001,B3B_seeded_branch_price_tree,BPC_INCOMPLETE_PRICING,FEASIBLE_INCUMBENT_ONLY,INCOMPLETE_LIMIT,False,,,,,,,False,0,0,0,0,0,0,0,0,0,0,0,,,,0,0,True,False,0,0,0,0,0,0,0,0,0,0,0,0.021232,task_count=30 exceeds max_direct_tasks=10; B3 fails closed.
30-scale fail-closed diagnostic,30,lunar_ice_sp50_030_002_seed929002,B0_pure_direct_dp,SKIPPED_TOO_LARGE_FOR_DIRECT_DP_BASELINE,FEASIBLE_INCUMBENT_ONLY,NOT_PRICED,False,,,,,,,False,0,0,0,0,0,0,0,0,0,0,0,,,,0,0,False,False,0,0,0,0,0,0,0,0,0,0,0,0.040851,task_count=30 exceeds max_exact_tasks=10
30-scale fail-closed diagnostic,30,lunar_ice_sp50_030_002_seed929002,B2_PRODUCT_EXACT_SOLVER,SKIPPED_TOO_LARGE_FOR_DIRECT_DP_BASELINE,FEASIBLE_INCUMBENT_ONLY,NOT_PRICED,False,,,,,,,False,0,0,0,0,0,0,0,0,0,0,0,,,,0,0,False,False,0,0,0,0,0,0,0,0,0,0,0,0.020337,task_count=30 exceeds max_exact_tasks=10
30-scale fail-closed diagnostic,30,lunar_ice_sp50_030_002_seed929002,B2B_R3_true_dual_negative_search_worker,BPC_INCOMPLETE_PRICING,FEASIBLE_INCUMBENT_ONLY,INCOMPLETE_LIMIT,False,,,,,,,False,0,0,0,0,0,0,0,0,0,0,0,False,False,,0,0,True,False,0,0,0,0,0,0,0,0,0,0,0,0.021454,task_count=30 exceeds B2 max_direct_tasks=10
30-scale fail-closed diagnostic,30,lunar_ice_sp50_030_002_seed929002,B3A_full_universe_branch_audit,BPC_INCOMPLETE_PRICING,DIAGNOSTIC_PRICING_FRONTIER,INCOMPLETE_LIMIT,False,,,,,,,False,0,0,0,0,0,0,0,0,0,0,0,,,,0,0,False,False,0,0,0,0,0,0,0,0,0,0,0,0.020492,B3A full-universe branch audit is disabled for this resource-guarded group.
30-scale fail-closed diagnostic,30,lunar_ice_sp50_030_002_seed929002,B3B_seeded_branch_price_tree,BPC_INCOMPLETE_PRICING,FEASIBLE_INCUMBENT_ONLY,INCOMPLETE_LIMIT,False,,,,,,,False,0,0,0,0,0,0,0,0,0,0,0,,,,0,0,True,False,0,0,0,0,0,0,0,0,0,0,0,0.023264,task_count=30 exceeds max_direct_tasks=10; B3 fails closed.
30-scale fail-closed diagnostic,30,lunar_ice_sp50_030_003_seed929003,B0_pure_direct_dp,SKIPPED_TOO_LARGE_FOR_DIRECT_DP_BASELINE,FEASIBLE_INCUMBENT_ONLY,NOT_PRICED,False,,,,,,,False,0,0,0,0,0,0,0,0,0,0,0,,,,0,0,False,False,0,0,0,0,0,0,0,0,0,0,0,0.047641,task_count=30 exceeds max_exact_tasks=10
30-scale fail-closed diagnostic,30,lunar_ice_sp50_030_003_seed929003,B2_PRODUCT_EXACT_SOLVER,SKIPPED_TOO_LARGE_FOR_DIRECT_DP_BASELINE,FEASIBLE_INCUMBENT_ONLY,NOT_PRICED,False,,,,,,,False,0,0,0,0,0,0,0,0,0,0,0,,,,0,0,False,False,0,0,0,0,0,0,0,0,0,0,0,0.021078,task_count=30 exceeds max_exact_tasks=10
30-scale fail-closed diagnostic,30,lunar_ice_sp50_030_003_seed929003,B2B_R3_true_dual_negative_search_worker,BPC_INCOMPLETE_PRICING,FEASIBLE_INCUMBENT_ONLY,INCOMPLETE_LIMIT,False,,,,,,,False,0,0,0,0,0,0,0,0,0,0,0,False,False,,0,0,True,False,0,0,0,0,0,0,0,0,0,0,0,0.022359,task_count=30 exceeds B2 max_direct_tasks=10
30-scale fail-closed diagnostic,30,lunar_ice_sp50_030_003_seed929003,B3A_full_universe_branch_audit,BPC_INCOMPLETE_PRICING,DIAGNOSTIC_PRICING_FRONTIER,INCOMPLETE_LIMIT,False,,,,,,,False,0,0,0,0,0,0,0,0,0,0,0,,,,0,0,False,False,0,0,0,0,0,0,0,0,0,0,0,0.020041,B3A full-universe branch audit is disabled for this resource-guarded group.
30-scale fail-closed diagnostic,30,lunar_ice_sp50_030_003_seed929003,B3B_seeded_branch_price_tree,BPC_INCOMPLETE_PRICING,FEASIBLE_INCUMBENT_ONLY,INCOMPLETE_LIMIT,False,,,,,,,False,0,0,0,0,0,0,0,0,0,0,0,,,,0,0,True,False,0,0,0,0,0,0,0,0,0,0,0,0.022011,task_count=30 exceeds max_direct_tasks=10; B3 fails closed.
30-scale fail-closed diagnostic,30,lunar_ice_sp50_030_004_seed929004,B0_pure_direct_dp,SKIPPED_TOO_LARGE_FOR_DIRECT_DP_BASELINE,FEASIBLE_INCUMBENT_ONLY,NOT_PRICED,False,,,,,,,False,0,0,0,0,0,0,0,0,0,0,0,,,,0,0,False,False,0,0,0,0,0,0,0,0,0,0,0,0.042205,task_count=30 exceeds max_exact_tasks=10
30-scale fail-closed diagnostic,30,lunar_ice_sp50_030_004_seed929004,B2_PRODUCT_EXACT_SOLVER,SKIPPED_TOO_LARGE_FOR_DIRECT_DP_BASELINE,FEASIBLE_INCUMBENT_ONLY,NOT_PRICED,False,,,,,,,False,0,0,0,0,0,0,0,0,0,0,0,,,,0,0,False,False,0,0,0,0,0,0,0,0,0,0,0,0.020943,task_count=30 exceeds max_exact_tasks=10
30-scale fail-closed diagnostic,30,lunar_ice_sp50_030_004_seed929004,B2B_R3_true_dual_negative_search_worker,BPC_INCOMPLETE_PRICING,FEASIBLE_INCUMBENT_ONLY,INCOMPLETE_LIMIT,False,,,,,,,False,0,0,0,0,0,0,0,0,0,0,0,False,False,,0,0,True,False,0,0,0,0,0,0,0,0,0,0,0,0.021172,task_count=30 exceeds B2 max_direct_tasks=10
30-scale fail-closed diagnostic,30,lunar_ice_sp50_030_004_seed929004,B3A_full_universe_branch_audit,BPC_INCOMPLETE_PRICING,DIAGNOSTIC_PRICING_FRONTIER,INCOMPLETE_LIMIT,False,,,,,,,False,0,0,0,0,0,0,0,0,0,0,0,,,,0,0,False,False,0,0,0,0,0,0,0,0,0,0,0,0.019266,B3A full-universe branch audit is disabled for this resource-guarded group.
30-scale fail-closed diagnostic,30,lunar_ice_sp50_030_004_seed929004,B3B_seeded_branch_price_tree,BPC_INCOMPLETE_PRICING,FEASIBLE_INCUMBENT_ONLY,INCOMPLETE_LIMIT,False,,,,,,,False,0,0,0,0,0,0,0,0,0,0,0,,,,0,0,True,False,0,0,0,0,0,0,0,0,0,0,0,0.021562,task_count=30 exceeds max_direct_tasks=10; B3 fails closed.
30-scale fail-closed diagnostic,30,lunar_ice_sp50_030_005_seed929005,B0_pure_direct_dp,SKIPPED_TOO_LARGE_FOR_DIRECT_DP_BASELINE,FEASIBLE_INCUMBENT_ONLY,NOT_PRICED,False,,,,,,,False,0,0,0,0,0,0,0,0,0,0,0,,,,0,0,False,False,0,0,0,0,0,0,0,0,0,0,0,0.050026,task_count=30 exceeds max_exact_tasks=10
30-scale fail-closed diagnostic,30,lunar_ice_sp50_030_005_seed929005,B2_PRODUCT_EXACT_SOLVER,SKIPPED_TOO_LARGE_FOR_DIRECT_DP_BASELINE,FEASIBLE_INCUMBENT_ONLY,NOT_PRICED,False,,,,,,,False,0,0,0,0,0,0,0,0,0,0,0,,,,0,0,False,False,0,0,0,0,0,0,0,0,0,0,0,0.021941,task_count=30 exceeds max_exact_tasks=10
30-scale fail-closed diagnostic,30,lunar_ice_sp50_030_005_seed929005,B2B_R3_true_dual_negative_search_worker,BPC_INCOMPLETE_PRICING,FEASIBLE_INCUMBENT_ONLY,INCOMPLETE_LIMIT,False,,,,,,,False,0,0,0,0,0,0,0,0,0,0,0,False,False,,0,0,True,False,0,0,0,0,0,0,0,0,0,0,0,0.021711,task_count=30 exceeds B2 max_direct_tasks=10
30-scale fail-closed diagnostic,30,lunar_ice_sp50_030_005_seed929005,B3A_full_universe_branch_audit,BPC_INCOMPLETE_PRICING,DIAGNOSTIC_PRICING_FRONTIER,INCOMPLETE_LIMIT,False,,,,,,,False,0,0,0,0,0,0,0,0,0,0,0,,,,0,0,False,False,0,0,0,0,0,0,0,0,0,0,0,0.020914,B3A full-universe branch audit is disabled for this resource-guarded group.
30-scale fail-closed diagnostic,30,lunar_ice_sp50_030_005_seed929005,B3B_seeded_branch_price_tree,BPC_INCOMPLETE_PRICING,FEASIBLE_INCUMBENT_ONLY,INCOMPLETE_LIMIT,False,,,,,,,False,0,0,0,0,0,0,0,0,0,0,0,,,,0,0,True,False,0,0,0,0,0,0,0,0,0,0,0,0.023637,task_count=30 exceeds max_direct_tasks=10; B3 fails closed.
30-scale fail-closed diagnostic,30,lunar_ice_sp50_030_006_seed929006,B0_pure_direct_dp,SKIPPED_TOO_LARGE_FOR_DIRECT_DP_BASELINE,FEASIBLE_INCUMBENT_ONLY,NOT_PRICED,False,,,,,,,False,0,0,0,0,0,0,0,0,0,0,0,,,,0,0,False,False,0,0,0,0,0,0,0,0,0,0,0,0.044825,task_count=30 exceeds max_exact_tasks=10
30-scale fail-closed diagnostic,30,lunar_ice_sp50_030_006_seed929006,B2_PRODUCT_EXACT_SOLVER,SKIPPED_TOO_LARGE_FOR_DIRECT_DP_BASELINE,FEASIBLE_INCUMBENT_ONLY,NOT_PRICED,False,,,,,,,False,0,0,0,0,0,0,0,0,0,0,0,,,,0,0,False,False,0,0,0,0,0,0,0,0,0,0,0,0.018371,task_count=30 exceeds max_exact_tasks=10
30-scale fail-closed diagnostic,30,lunar_ice_sp50_030_006_seed929006,B2B_R3_true_dual_negative_search_worker,BPC_INCOMPLETE_PRICING,FEASIBLE_INCUMBENT_ONLY,INCOMPLETE_LIMIT,False,,,,,,,False,0,0,0,0,0,0,0,0,0,0,0,False,False,,0,0,True,False,0,0,0,0,0,0,0,0,0,0,0,0.020765,task_count=30 exceeds B2 max_direct_tasks=10
30-scale fail-closed diagnostic,30,lunar_ice_sp50_030_006_seed929006,B3A_full_universe_branch_audit,BPC_INCOMPLETE_PRICING,DIAGNOSTIC_PRICING_FRONTIER,INCOMPLETE_LIMIT,False,,,,,,,False,0,0,0,0,0,0,0,0,0,0,0,,,,0,0,False,False,0,0,0,0,0,0,0,0,0,0,0,0.019333,B3A full-universe branch audit is disabled for this resource-guarded group.
30-scale fail-closed diagnostic,30,lunar_ice_sp50_030_006_seed929006,B3B_seeded_branch_price_tree,BPC_INCOMPLETE_PRICING,FEASIBLE_INCUMBENT_ONLY,INCOMPLETE_LIMIT,False,,,,,,,False,0,0,0,0,0,0,0,0,0,0,0,,,,0,0,True,False,0,0,0,0,0,0,0,0,0,0,0,0.02164,task_count=30 exceeds max_direct_tasks=10; B3 fails closed.
30-scale fail-closed diagnostic,30,lunar_ice_sp50_030_007_seed929007,B0_pure_direct_dp,SKIPPED_TOO_LARGE_FOR_DIRECT_DP_BASELINE,FEASIBLE_INCUMBENT_ONLY,NOT_PRICED,False,,,,,,,False,0,0,0,0,0,0,0,0,0,0,0,,,,0,0,False,False,0,0,0,0,0,0,0,0,0,0,0,0.047365,task_count=30 exceeds max_exact_tasks=10
30-scale fail-closed diagnostic,30,lunar_ice_sp50_030_007_seed929007,B2_PRODUCT_EXACT_SOLVER,SKIPPED_TOO_LARGE_FOR_DIRECT_DP_BASELINE,FEASIBLE_INCUMBENT_ONLY,NOT_PRICED,False,,,,,,,False,0,0,0,0,0,0,0,0,0,0,0,,,,0,0,False,False,0,0,0,0,0,0,0,0,0,0,0,0.02017,task_count=30 exceeds max_exact_tasks=10
30-scale fail-closed diagnostic,30,lunar_ice_sp50_030_007_seed929007,B2B_R3_true_dual_negative_search_worker,BPC_INCOMPLETE_PRICING,FEASIBLE_INCUMBENT_ONLY,INCOMPLETE_LIMIT,False,,,,,,,False,0,0,0,0,0,0,0,0,0,0,0,False,False,,0,0,True,False,0,0,0,0,0,0,0,0,0,0,0,0.019867,task_count=30 exceeds B2 max_direct_tasks=10
30-scale fail-closed diagnostic,30,lunar_ice_sp50_030_007_seed929007,B3A_full_universe_branch_audit,BPC_INCOMPLETE_PRICING,DIAGNOSTIC_PRICING_FRONTIER,INCOMPLETE_LIMIT,False,,,,,,,False,0,0,0,0,0,0,0,0,0,0,0,,,,0,0,False,False,0,0,0,0,0,0,0,0,0,0,0,0.017667,B3A full-universe branch audit is disabled for this resource-guarded group.
30-scale fail-closed diagnostic,30,lunar_ice_sp50_030_007_seed929007,B3B_seeded_branch_price_tree,BPC_INCOMPLETE_PRICING,FEASIBLE_INCUMBENT_ONLY,INCOMPLETE_LIMIT,False,,,,,,,False,0,0,0,0,0,0,0,0,0,0,0,,,,0,0,True,False,0,0,0,0,0,0,0,0,0,0,0,0.021215,task_count=30 exceeds max_direct_tasks=10; B3 fails closed.
30-scale fail-closed diagnostic,30,lunar_ice_sp50_030_008_seed929008,B0_pure_direct_dp,SKIPPED_TOO_LARGE_FOR_DIRECT_DP_BASELINE,FEASIBLE_INCUMBENT_ONLY,NOT_PRICED,False,,,,,,,False,0,0,0,0,0,0,0,0,0,0,0,,,,0,0,False,False,0,0,0,0,0,0,0,0,0,0,0,0.043057,task_count=30 exceeds max_exact_tasks=10
30-scale fail-closed diagnostic,30,lunar_ice_sp50_030_008_seed929008,B2_PRODUCT_EXACT_SOLVER,SKIPPED_TOO_LARGE_FOR_DIRECT_DP_BASELINE,FEASIBLE_INCUMBENT_ONLY,NOT_PRICED,False,,,,,,,False,0,0,0,0,0,0,0,0,0,0,0,,,,0,0,False,False,0,0,0,0,0,0,0,0,0,0,0,0.02048,task_count=30 exceeds max_exact_tasks=10
30-scale fail-closed diagnostic,30,lunar_ice_sp50_030_008_seed929008,B2B_R3_true_dual_negative_search_worker,BPC_INCOMPLETE_PRICING,FEASIBLE_INCUMBENT_ONLY,INCOMPLETE_LIMIT,False,,,,,,,False,0,0,0,0,0,0,0,0,0,0,0,False,False,,0,0,True,False,0,0,0,0,0,0,0,0,0,0,0,0.020267,task_count=30 exceeds B2 max_direct_tasks=10
30-scale fail-closed diagnostic,30,lunar_ice_sp50_030_008_seed929008,B3A_full_universe_branch_audit,BPC_INCOMPLETE_PRICING,DIAGNOSTIC_PRICING_FRONTIER,INCOMPLETE_LIMIT,False,,,,,,,False,0,0,0,0,0,0,0,0,0,0,0,,,,0,0,False,False,0,0,0,0,0,0,0,0,0,0,0,0.017879,B3A full-universe branch audit is disabled for this resource-guarded group.
30-scale fail-closed diagnostic,30,lunar_ice_sp50_030_008_seed929008,B3B_seeded_branch_price_tree,BPC_INCOMPLETE_PRICING,FEASIBLE_INCUMBENT_ONLY,INCOMPLETE_LIMIT,False,,,,,,,False,0,0,0,0,0,0,0,0,0,0,0,,,,0,0,True,False,0,0,0,0,0,0,0,0,0,0,0,0.022264,task_count=30 exceeds max_direct_tasks=10; B3 fails closed.
30-scale fail-closed diagnostic,30,lunar_ice_sp50_030_009_seed929009,B0_pure_direct_dp,SKIPPED_TOO_LARGE_FOR_DIRECT_DP_BASELINE,FEASIBLE_INCUMBENT_ONLY,NOT_PRICED,False,,,,,,,False,0,0,0,0,0,0,0,0,0,0,0,,,,0,0,False,False,0,0,0,0,0,0,0,0,0,0,0,0.051028,task_count=30 exceeds max_exact_tasks=10
30-scale fail-closed diagnostic,30,lunar_ice_sp50_030_009_seed929009,B2_PRODUCT_EXACT_SOLVER,SKIPPED_TOO_LARGE_FOR_DIRECT_DP_BASELINE,FEASIBLE_INCUMBENT_ONLY,NOT_PRICED,False,,,,,,,False,0,0,0,0,0,0,0,0,0,0,0,,,,0,0,False,False,0,0,0,0,0,0,0,0,0,0,0,0.020941,task_count=30 exceeds max_exact_tasks=10
30-scale fail-closed diagnostic,30,lunar_ice_sp50_030_009_seed929009,B2B_R3_true_dual_negative_search_worker,BPC_INCOMPLETE_PRICING,FEASIBLE_INCUMBENT_ONLY,INCOMPLETE_LIMIT,False,,,,,,,False,0,0,0,0,0,0,0,0,0,0,0,False,False,,0,0,True,False,0,0,0,0,0,0,0,0,0,0,0,0.0212,task_count=30 exceeds B2 max_direct_tasks=10
30-scale fail-closed diagnostic,30,lunar_ice_sp50_030_009_seed929009,B3A_full_universe_branch_audit,BPC_INCOMPLETE_PRICING,DIAGNOSTIC_PRICING_FRONTIER,INCOMPLETE_LIMIT,False,,,,,,,False,0,0,0,0,0,0,0,0,0,0,0,,,,0,0,False,False,0,0,0,0,0,0,0,0,0,0,0,0.020597,B3A full-universe branch audit is disabled for this resource-guarded group.
30-scale fail-closed diagnostic,30,lunar_ice_sp50_030_009_seed929009,B3B_seeded_branch_price_tree,BPC_INCOMPLETE_PRICING,FEASIBLE_INCUMBENT_ONLY,INCOMPLETE_LIMIT,False,,,,,,,False,0,0,0,0,0,0,0,0,0,0,0,,,,0,0,True,False,0,0,0,0,0,0,0,0,0,0,0,0.023445,task_count=30 exceeds max_direct_tasks=10; B3 fails closed.
30-scale fail-closed diagnostic,30,lunar_ice_sp50_030_010_seed929010,B0_pure_direct_dp,SKIPPED_TOO_LARGE_FOR_DIRECT_DP_BASELINE,FEASIBLE_INCUMBENT_ONLY,NOT_PRICED,False,,,,,,,False,0,0,0,0,0,0,0,0,0,0,0,,,,0,0,False,False,0,0,0,0,0,0,0,0,0,0,0,0.050209,task_count=30 exceeds max_exact_tasks=10
30-scale fail-closed diagnostic,30,lunar_ice_sp50_030_010_seed929010,B2_PRODUCT_EXACT_SOLVER,SKIPPED_TOO_LARGE_FOR_DIRECT_DP_BASELINE,FEASIBLE_INCUMBENT_ONLY,NOT_PRICED,False,,,,,,,False,0,0,0,0,0,0,0,0,0,0,0,,,,0,0,False,False,0,0,0,0,0,0,0,0,0,0,0,0.019627,task_count=30 exceeds max_exact_tasks=10
30-scale fail-closed diagnostic,30,lunar_ice_sp50_030_010_seed929010,B2B_R3_true_dual_negative_search_worker,BPC_INCOMPLETE_PRICING,FEASIBLE_INCUMBENT_ONLY,INCOMPLETE_LIMIT,False,,,,,,,False,0,0,0,0,0,0,0,0,0,0,0,False,False,,0,0,True,False,0,0,0,0,0,0,0,0,0,0,0,0.020928,task_count=30 exceeds B2 max_direct_tasks=10
30-scale fail-closed diagnostic,30,lunar_ice_sp50_030_010_seed929010,B3A_full_universe_branch_audit,BPC_INCOMPLETE_PRICING,DIAGNOSTIC_PRICING_FRONTIER,INCOMPLETE_LIMIT,False,,,,,,,False,0,0,0,0,0,0,0,0,0,0,0,,,,0,0,False,False,0,0,0,0,0,0,0,0,0,0,0,0.018491,B3A full-universe branch audit is disabled for this resource-guarded group.
30-scale fail-closed diagnostic,30,lunar_ice_sp50_030_010_seed929010,B3B_seeded_branch_price_tree,BPC_INCOMPLETE_PRICING,FEASIBLE_INCUMBENT_ONLY,INCOMPLETE_LIMIT,False,,,,,,,False,0,0,0,0,0,0,0,0,0,0,0,,,,0,0,True,False,0,0,0,0,0,0,0,0,0,0,0,0.022131,task_count=30 exceeds max_direct_tasks=10; B3 fails closed.
30-scale fail-closed diagnostic,30,lunar_ice_sp50_030_011_seed929011,B0_pure_direct_dp,SKIPPED_TOO_LARGE_FOR_DIRECT_DP_BASELINE,FEASIBLE_INCUMBENT_ONLY,NOT_PRICED,False,,,,,,,False,0,0,0,0,0,0,0,0,0,0,0,,,,0,0,False,False,0,0,0,0,0,0,0,0,0,0,0,0.035762,task_count=30 exceeds max_exact_tasks=10
30-scale fail-closed diagnostic,30,lunar_ice_sp50_030_011_seed929011,B2_PRODUCT_EXACT_SOLVER,SKIPPED_TOO_LARGE_FOR_DIRECT_DP_BASELINE,FEASIBLE_INCUMBENT_ONLY,NOT_PRICED,False,,,,,,,False,0,0,0,0,0,0,0,0,0,0,0,,,,0,0,False,False,0,0,0,0,0,0,0,0,0,0,0,0.021516,task_count=30 exceeds max_exact_tasks=10
30-scale fail-closed diagnostic,30,lunar_ice_sp50_030_011_seed929011,B2B_R3_true_dual_negative_search_worker,BPC_INCOMPLETE_PRICING,FEASIBLE_INCUMBENT_ONLY,INCOMPLETE_LIMIT,False,,,,,,,False,0,0,0,0,0,0,0,0,0,0,0,False,False,,0,0,True,False,0,0,0,0,0,0,0,0,0,0,0,0.020148,task_count=30 exceeds B2 max_direct_tasks=10
30-scale fail-closed diagnostic,30,lunar_ice_sp50_030_011_seed929011,B3A_full_universe_branch_audit,BPC_INCOMPLETE_PRICING,DIAGNOSTIC_PRICING_FRONTIER,INCOMPLETE_LIMIT,False,,,,,,,False,0,0,0,0,0,0,0,0,0,0,0,,,,0,0,False,False,0,0,0,0,0,0,0,0,0,0,0,0.020036,B3A full-universe branch audit is disabled for this resource-guarded group.
30-scale fail-closed diagnostic,30,lunar_ice_sp50_030_011_seed929011,B3B_seeded_branch_price_tree,BPC_INCOMPLETE_PRICING,FEASIBLE_INCUMBENT_ONLY,INCOMPLETE_LIMIT,False,,,,,,,False,0,0,0,0,0,0,0,0,0,0,0,,,,0,0,True,False,0,0,0,0,0,0,0,0,0,0,0,0.023594,task_count=30 exceeds max_direct_tasks=10; B3 fails closed.
30-scale fail-closed diagnostic,30,lunar_ice_sp50_030_012_seed929012,B0_pure_direct_dp,SKIPPED_TOO_LARGE_FOR_DIRECT_DP_BASELINE,FEASIBLE_INCUMBENT_ONLY,NOT_PRICED,False,,,,,,,False,0,0,0,0,0,0,0,0,0,0,0,,,,0,0,False,False,0,0,0,0,0,0,0,0,0,0,0,0.051785,task_count=30 exceeds max_exact_tasks=10
30-scale fail-closed diagnostic,30,lunar_ice_sp50_030_012_seed929012,B2_PRODUCT_EXACT_SOLVER,SKIPPED_TOO_LARGE_FOR_DIRECT_DP_BASELINE,FEASIBLE_INCUMBENT_ONLY,NOT_PRICED,False,,,,,,,False,0,0,0,0,0,0,0,0,0,0,0,,,,0,0,False,False,0,0,0,0,0,0,0,0,0,0,0,0.021224,task_count=30 exceeds max_exact_tasks=10
30-scale fail-closed diagnostic,30,lunar_ice_sp50_030_012_seed929012,B2B_R3_true_dual_negative_search_worker,BPC_INCOMPLETE_PRICING,FEASIBLE_INCUMBENT_ONLY,INCOMPLETE_LIMIT,False,,,,,,,False,0,0,0,0,0,0,0,0,0,0,0,False,False,,0,0,True,False,0,0,0,0,0,0,0,0,0,0,0,0.020633,task_count=30 exceeds B2 max_direct_tasks=10
30-scale fail-closed diagnostic,30,lunar_ice_sp50_030_012_seed929012,B3A_full_universe_branch_audit,BPC_INCOMPLETE_PRICING,DIAGNOSTIC_PRICING_FRONTIER,INCOMPLETE_LIMIT,False,,,,,,,False,0,0,0,0,0,0,0,0,0,0,0,,,,0,0,False,False,0,0,0,0,0,0,0,0,0,0,0,0.01918,B3A full-universe branch audit is disabled for this resource-guarded group.
30-scale fail-closed diagnostic,30,lunar_ice_sp50_030_012_seed929012,B3B_seeded_branch_price_tree,BPC_INCOMPLETE_PRICING,FEASIBLE_INCUMBENT_ONLY,INCOMPLETE_LIMIT,False,,,,,,,False,0,0,0,0,0,0,0,0,0,0,0,,,,0,0,True,False,0,0,0,0,0,0,0,0,0,0,0,0.021503,task_count=30 exceeds max_direct_tasks=10; B3 fails closed.
30-scale fail-closed diagnostic,30,lunar_ice_sp50_030_013_seed929013,B0_pure_direct_dp,SKIPPED_TOO_LARGE_FOR_DIRECT_DP_BASELINE,FEASIBLE_INCUMBENT_ONLY,NOT_PRICED,False,,,,,,,False,0,0,0,0,0,0,0,0,0,0,0,,,,0,0,False,False,0,0,0,0,0,0,0,0,0,0,0,0.050468,task_count=30 exceeds max_exact_tasks=10
30-scale fail-closed diagnostic,30,lunar_ice_sp50_030_013_seed929013,B2_PRODUCT_EXACT_SOLVER,SKIPPED_TOO_LARGE_FOR_DIRECT_DP_BASELINE,FEASIBLE_INCUMBENT_ONLY,NOT_PRICED,False,,,,,,,False,0,0,0,0,0,0,0,0,0,0,0,,,,0,0,False,False,0,0,0,0,0,0,0,0,0,0,0,0.021471,task_count=30 exceeds max_exact_tasks=10
30-scale fail-closed diagnostic,30,lunar_ice_sp50_030_013_seed929013,B2B_R3_true_dual_negative_search_worker,BPC_INCOMPLETE_PRICING,FEASIBLE_INCUMBENT_ONLY,INCOMPLETE_LIMIT,False,,,,,,,False,0,0,0,0,0,0,0,0,0,0,0,False,False,,0,0,True,False,0,0,0,0,0,0,0,0,0,0,0,0.023106,task_count=30 exceeds B2 max_direct_tasks=10
30-scale fail-closed diagnostic,30,lunar_ice_sp50_030_013_seed929013,B3A_full_universe_branch_audit,BPC_INCOMPLETE_PRICING,DIAGNOSTIC_PRICING_FRONTIER,INCOMPLETE_LIMIT,False,,,,,,,False,0,0,0,0,0,0,0,0,0,0,0,,,,0,0,False,False,0,0,0,0,0,0,0,0,0,0,0,0.019557,B3A full-universe branch audit is disabled for this resource-guarded group.
30-scale fail-closed diagnostic,30,lunar_ice_sp50_030_013_seed929013,B3B_seeded_branch_price_tree,BPC_INCOMPLETE_PRICING,FEASIBLE_INCUMBENT_ONLY,INCOMPLETE_LIMIT,False,,,,,,,False,0,0,0,0,0,0,0,0,0,0,0,,,,0,0,True,False,0,0,0,0,0,0,0,0,0,0,0,0.021222,task_count=30 exceeds max_direct_tasks=10; B3 fails closed.
30-scale fail-closed diagnostic,30,lunar_ice_sp50_030_014_seed929014,B0_pure_direct_dp,SKIPPED_TOO_LARGE_FOR_DIRECT_DP_BASELINE,FEASIBLE_INCUMBENT_ONLY,NOT_PRICED,False,,,,,,,False,0,0,0,0,0,0,0,0,0,0,0,,,,0,0,False,False,0,0,0,0,0,0,0,0,0,0,0,0.048231,task_count=30 exceeds max_exact_tasks=10
30-scale fail-closed diagnostic,30,lunar_ice_sp50_030_014_seed929014,B2_PRODUCT_EXACT_SOLVER,SKIPPED_TOO_LARGE_FOR_DIRECT_DP_BASELINE,FEASIBLE_INCUMBENT_ONLY,NOT_PRICED,False,,,,,,,False,0,0,0,0,0,0,0,0,0,0,0,,,,0,0,False,False,0,0,0,0,0,0,0,0,0,0,0,0.019359,task_count=30 exceeds max_exact_tasks=10
30-scale fail-closed diagnostic,30,lunar_ice_sp50_030_014_seed929014,B2B_R3_true_dual_negative_search_worker,BPC_INCOMPLETE_PRICING,FEASIBLE_INCUMBENT_ONLY,INCOMPLETE_LIMIT,False,,,,,,,False,0,0,0,0,0,0,0,0,0,0,0,False,False,,0,0,True,False,0,0,0,0,0,0,0,0,0,0,0,0.020217,task_count=30 exceeds B2 max_direct_tasks=10
30-scale fail-closed diagnostic,30,lunar_ice_sp50_030_014_seed929014,B3A_full_universe_branch_audit,BPC_INCOMPLETE_PRICING,DIAGNOSTIC_PRICING_FRONTIER,INCOMPLETE_LIMIT,False,,,,,,,False,0,0,0,0,0,0,0,0,0,0,0,,,,0,0,False,False,0,0,0,0,0,0,0,0,0,0,0,0.020041,B3A full-universe branch audit is disabled for this resource-guarded group.
30-scale fail-closed diagnostic,30,lunar_ice_sp50_030_014_seed929014,B3B_seeded_branch_price_tree,BPC_INCOMPLETE_PRICING,FEASIBLE_INCUMBENT_ONLY,INCOMPLETE_LIMIT,False,,,,,,,False,0,0,0,0,0,0,0,0,0,0,0,,,,0,0,True,False,0,0,0,0,0,0,0,0,0,0,0,0.023044,task_count=30 exceeds max_direct_tasks=10; B3 fails closed.
30-scale fail-closed diagnostic,30,lunar_ice_sp50_030_015_seed929015,B0_pure_direct_dp,SKIPPED_TOO_LARGE_FOR_DIRECT_DP_BASELINE,FEASIBLE_INCUMBENT_ONLY,NOT_PRICED,False,,,,,,,False,0,0,0,0,0,0,0,0,0,0,0,,,,0,0,False,False,0,0,0,0,0,0,0,0,0,0,0,0.053126,task_count=30 exceeds max_exact_tasks=10
30-scale fail-closed diagnostic,30,lunar_ice_sp50_030_015_seed929015,B2_PRODUCT_EXACT_SOLVER,SKIPPED_TOO_LARGE_FOR_DIRECT_DP_BASELINE,FEASIBLE_INCUMBENT_ONLY,NOT_PRICED,False,,,,,,,False,0,0,0,0,0,0,0,0,0,0,0,,,,0,0,False,False,0,0,0,0,0,0,0,0,0,0,0,0.022813,task_count=30 exceeds max_exact_tasks=10
30-scale fail-closed diagnostic,30,lunar_ice_sp50_030_015_seed929015,B2B_R3_true_dual_negative_search_worker,BPC_INCOMPLETE_PRICING,FEASIBLE_INCUMBENT_ONLY,INCOMPLETE_LIMIT,False,,,,,,,False,0,0,0,0,0,0,0,0,0,0,0,False,False,,0,0,True,False,0,0,0,0,0,0,0,0,0,0,0,0.020051,task_count=30 exceeds B2 max_direct_tasks=10
30-scale fail-closed diagnostic,30,lunar_ice_sp50_030_015_seed929015,B3A_full_universe_branch_audit,BPC_INCOMPLETE_PRICING,DIAGNOSTIC_PRICING_FRONTIER,INCOMPLETE_LIMIT,False,,,,,,,False,0,0,0,0,0,0,0,0,0,0,0,,,,0,0,False,False,0,0,0,0,0,0,0,0,0,0,0,0.019284,B3A full-universe branch audit is disabled for this resource-guarded group.
30-scale fail-closed diagnostic,30,lunar_ice_sp50_030_015_seed929015,B3B_seeded_branch_price_tree,BPC_INCOMPLETE_PRICING,FEASIBLE_INCUMBENT_ONLY,INCOMPLETE_LIMIT,False,,,,,,,False,0,0,0,0,0,0,0,0,0,0,0,,,,0,0,True,False,0,0,0,0,0,0,0,0,0,0,0,0.021977,task_count=30 exceeds max_direct_tasks=10; B3 fails closed.
30-scale fail-closed diagnostic,30,lunar_ice_sp50_030_016_seed929016,B0_pure_direct_dp,SKIPPED_TOO_LARGE_FOR_DIRECT_DP_BASELINE,FEASIBLE_INCUMBENT_ONLY,NOT_PRICED,False,,,,,,,False,0,0,0,0,0,0,0,0,0,0,0,,,,0,0,False,False,0,0,0,0,0,0,0,0,0,0,0,0.047219,task_count=30 exceeds max_exact_tasks=10
30-scale fail-closed diagnostic,30,lunar_ice_sp50_030_016_seed929016,B2_PRODUCT_EXACT_SOLVER,SKIPPED_TOO_LARGE_FOR_DIRECT_DP_BASELINE,FEASIBLE_INCUMBENT_ONLY,NOT_PRICED,False,,,,,,,False,0,0,0,0,0,0,0,0,0,0,0,,,,0,0,False,False,0,0,0,0,0,0,0,0,0,0,0,0.020265,task_count=30 exceeds max_exact_tasks=10
30-scale fail-closed diagnostic,30,lunar_ice_sp50_030_016_seed929016,B2B_R3_true_dual_negative_search_worker,BPC_INCOMPLETE_PRICING,FEASIBLE_INCUMBENT_ONLY,INCOMPLETE_LIMIT,False,,,,,,,False,0,0,0,0,0,0,0,0,0,0,0,False,False,,0,0,True,False,0,0,0,0,0,0,0,0,0,0,0,0.021352,task_count=30 exceeds B2 max_direct_tasks=10
30-scale fail-closed diagnostic,30,lunar_ice_sp50_030_016_seed929016,B3A_full_universe_branch_audit,BPC_INCOMPLETE_PRICING,DIAGNOSTIC_PRICING_FRONTIER,INCOMPLETE_LIMIT,False,,,,,,,False,0,0,0,0,0,0,0,0,0,0,0,,,,0,0,False,False,0,0,0,0,0,0,0,0,0,0,0,0.018469,B3A full-universe branch audit is disabled for this resource-guarded group.
30-scale fail-closed diagnostic,30,lunar_ice_sp50_030_016_seed929016,B3B_seeded_branch_price_tree,BPC_INCOMPLETE_PRICING,FEASIBLE_INCUMBENT_ONLY,INCOMPLETE_LIMIT,False,,,,,,,False,0,0,0,0,0,0,0,0,0,0,0,,,,0,0,True,False,0,0,0,0,0,0,0,0,0,0,0,0.021218,task_count=30 exceeds max_direct_tasks=10; B3 fails closed.
30-scale fail-closed diagnostic,30,lunar_ice_sp50_030_017_seed929017,B0_pure_direct_dp,SKIPPED_TOO_LARGE_FOR_DIRECT_DP_BASELINE,FEASIBLE_INCUMBENT_ONLY,NOT_PRICED,False,,,,,,,False,0,0,0,0,0,0,0,0,0,0,0,,,,0,0,False,False,0,0,0,0,0,0,0,0,0,0,0,0.052368,task_count=30 exceeds max_exact_tasks=10
30-scale fail-closed diagnostic,30,lunar_ice_sp50_030_017_seed929017,B2_PRODUCT_EXACT_SOLVER,SKIPPED_TOO_LARGE_FOR_DIRECT_DP_BASELINE,FEASIBLE_INCUMBENT_ONLY,NOT_PRICED,False,,,,,,,False,0,0,0,0,0,0,0,0,0,0,0,,,,0,0,False,False,0,0,0,0,0,0,0,0,0,0,0,0.02214,task_count=30 exceeds max_exact_tasks=10
30-scale fail-closed diagnostic,30,lunar_ice_sp50_030_017_seed929017,B2B_R3_true_dual_negative_search_worker,BPC_INCOMPLETE_PRICING,FEASIBLE_INCUMBENT_ONLY,INCOMPLETE_LIMIT,False,,,,,,,False,0,0,0,0,0,0,0,0,0,0,0,False,False,,0,0,True,False,0,0,0,0,0,0,0,0,0,0,0,0.020798,task_count=30 exceeds B2 max_direct_tasks=10
30-scale fail-closed diagnostic,30,lunar_ice_sp50_030_017_seed929017,B3A_full_universe_branch_audit,BPC_INCOMPLETE_PRICING,DIAGNOSTIC_PRICING_FRONTIER,INCOMPLETE_LIMIT,False,,,,,,,False,0,0,0,0,0,0,0,0,0,0,0,,,,0,0,False,False,0,0,0,0,0,0,0,0,0,0,0,0.018476,B3A full-universe branch audit is disabled for this resource-guarded group.
30-scale fail-closed diagnostic,30,lunar_ice_sp50_030_017_seed929017,B3B_seeded_branch_price_tree,BPC_INCOMPLETE_PRICING,FEASIBLE_INCUMBENT_ONLY,INCOMPLETE_LIMIT,False,,,,,,,False,0,0,0,0,0,0,0,0,0,0,0,,,,0,0,True,False,0,0,0,0,0,0,0,0,0,0,0,0.023565,task_count=30 exceeds max_direct_tasks=10; B3 fails closed.
30-scale fail-closed diagnostic,30,lunar_ice_sp50_030_018_seed929018,B0_pure_direct_dp,SKIPPED_TOO_LARGE_FOR_DIRECT_DP_BASELINE,FEASIBLE_INCUMBENT_ONLY,NOT_PRICED,False,,,,,,,False,0,0,0,0,0,0,0,0,0,0,0,,,,0,0,False,False,0,0,0,0,0,0,0,0,0,0,0,0.048791,task_count=30 exceeds max_exact_tasks=10
30-scale fail-closed diagnostic,30,lunar_ice_sp50_030_018_seed929018,B2_PRODUCT_EXACT_SOLVER,SKIPPED_TOO_LARGE_FOR_DIRECT_DP_BASELINE,FEASIBLE_INCUMBENT_ONLY,NOT_PRICED,False,,,,,,,False,0,0,0,0,0,0,0,0,0,0,0,,,,0,0,False,False,0,0,0,0,0,0,0,0,0,0,0,0.019477,task_count=30 exceeds max_exact_tasks=10
30-scale fail-closed diagnostic,30,lunar_ice_sp50_030_018_seed929018,B2B_R3_true_dual_negative_search_worker,BPC_INCOMPLETE_PRICING,FEASIBLE_INCUMBENT_ONLY,INCOMPLETE_LIMIT,False,,,,,,,False,0,0,0,0,0,0,0,0,0,0,0,False,False,,0,0,True,False,0,0,0,0,0,0,0,0,0,0,0,0.022133,task_count=30 exceeds B2 max_direct_tasks=10
30-scale fail-closed diagnostic,30,lunar_ice_sp50_030_018_seed929018,B3A_full_universe_branch_audit,BPC_INCOMPLETE_PRICING,DIAGNOSTIC_PRICING_FRONTIER,INCOMPLETE_LIMIT,False,,,,,,,False,0,0,0,0,0,0,0,0,0,0,0,,,,0,0,False,False,0,0,0,0,0,0,0,0,0,0,0,0.019361,B3A full-universe branch audit is disabled for this resource-guarded group.
30-scale fail-closed diagnostic,30,lunar_ice_sp50_030_018_seed929018,B3B_seeded_branch_price_tree,BPC_INCOMPLETE_PRICING,FEASIBLE_INCUMBENT_ONLY,INCOMPLETE_LIMIT,False,,,,,,,False,0,0,0,0,0,0,0,0,0,0,0,,,,0,0,True,False,0,0,0,0,0,0,0,0,0,0,0,0.02137,task_count=30 exceeds max_direct_tasks=10; B3 fails closed.
30-scale fail-closed diagnostic,30,lunar_ice_sp50_030_019_seed929019,B0_pure_direct_dp,SKIPPED_TOO_LARGE_FOR_DIRECT_DP_BASELINE,FEASIBLE_INCUMBENT_ONLY,NOT_PRICED,False,,,,,,,False,0,0,0,0,0,0,0,0,0,0,0,,,,0,0,False,False,0,0,0,0,0,0,0,0,0,0,0,0.051407,task_count=30 exceeds max_exact_tasks=10
30-scale fail-closed diagnostic,30,lunar_ice_sp50_030_019_seed929019,B2_PRODUCT_EXACT_SOLVER,SKIPPED_TOO_LARGE_FOR_DIRECT_DP_BASELINE,FEASIBLE_INCUMBENT_ONLY,NOT_PRICED,False,,,,,,,False,0,0,0,0,0,0,0,0,0,0,0,,,,0,0,False,False,0,0,0,0,0,0,0,0,0,0,0,0.020212,task_count=30 exceeds max_exact_tasks=10
30-scale fail-closed diagnostic,30,lunar_ice_sp50_030_019_seed929019,B2B_R3_true_dual_negative_search_worker,BPC_INCOMPLETE_PRICING,FEASIBLE_INCUMBENT_ONLY,INCOMPLETE_LIMIT,False,,,,,,,False,0,0,0,0,0,0,0,0,0,0,0,False,False,,0,0,True,False,0,0,0,0,0,0,0,0,0,0,0,0.026604,task_count=30 exceeds B2 max_direct_tasks=10
30-scale fail-closed diagnostic,30,lunar_ice_sp50_030_019_seed929019,B3A_full_universe_branch_audit,BPC_INCOMPLETE_PRICING,DIAGNOSTIC_PRICING_FRONTIER,INCOMPLETE_LIMIT,False,,,,,,,False,0,0,0,0,0,0,0,0,0,0,0,,,,0,0,False,False,0,0,0,0,0,0,0,0,0,0,0,0.025004,B3A full-universe branch audit is disabled for this resource-guarded group.
30-scale fail-closed diagnostic,30,lunar_ice_sp50_030_019_seed929019,B3B_seeded_branch_price_tree,BPC_INCOMPLETE_PRICING,FEASIBLE_INCUMBENT_ONLY,INCOMPLETE_LIMIT,False,,,,,,,False,0,0,0,0,0,0,0,0,0,0,0,,,,0,0,True,False,0,0,0,0,0,0,0,0,0,0,0,0.023896,task_count=30 exceeds max_direct_tasks=10; B3 fails closed.
30-scale fail-closed diagnostic,30,lunar_ice_sp50_030_020_seed929020,B0_pure_direct_dp,SKIPPED_TOO_LARGE_FOR_DIRECT_DP_BASELINE,FEASIBLE_INCUMBENT_ONLY,NOT_PRICED,False,,,,,,,False,0,0,0,0,0,0,0,0,0,0,0,,,,0,0,False,False,0,0,0,0,0,0,0,0,0,0,0,0.046482,task_count=30 exceeds max_exact_tasks=10
30-scale fail-closed diagnostic,30,lunar_ice_sp50_030_020_seed929020,B2_PRODUCT_EXACT_SOLVER,SKIPPED_TOO_LARGE_FOR_DIRECT_DP_BASELINE,FEASIBLE_INCUMBENT_ONLY,NOT_PRICED,False,,,,,,,False,0,0,0,0,0,0,0,0,0,0,0,,,,0,0,False,False,0,0,0,0,0,0,0,0,0,0,0,0.021252,task_count=30 exceeds max_exact_tasks=10
30-scale fail-closed diagnostic,30,lunar_ice_sp50_030_020_seed929020,B2B_R3_true_dual_negative_search_worker,BPC_INCOMPLETE_PRICING,FEASIBLE_INCUMBENT_ONLY,INCOMPLETE_LIMIT,False,,,,,,,False,0,0,0,0,0,0,0,0,0,0,0,False,False,,0,0,True,False,0,0,0,0,0,0,0,0,0,0,0,0.021605,task_count=30 exceeds B2 max_direct_tasks=10
30-scale fail-closed diagnostic,30,lunar_ice_sp50_030_020_seed929020,B3A_full_universe_branch_audit,BPC_INCOMPLETE_PRICING,DIAGNOSTIC_PRICING_FRONTIER,INCOMPLETE_LIMIT,False,,,,,,,False,0,0,0,0,0,0,0,0,0,0,0,,,,0,0,False,False,0,0,0,0,0,0,0,0,0,0,0,0.018752,B3A full-universe branch audit is disabled for this resource-guarded group.
30-scale fail-closed diagnostic,30,lunar_ice_sp50_030_020_seed929020,B3B_seeded_branch_price_tree,BPC_INCOMPLETE_PRICING,FEASIBLE_INCUMBENT_ONLY,INCOMPLETE_LIMIT,False,,,,,,,False,0,0,0,0,0,0,0,0,0,0,0,,,,0,0,True,False,0,0,0,0,0,0,0,0,0,0,0,0.019988,task_count=30 exceeds max_direct_tasks=10; B3 fails closed.
