开始 clean BPC: instance=bench_20_01, tasks=20, vehicles=2, time_limit=3600s, max_nodes=100000, log=/home/kai/work/gnn_bb/branchpricecut/results/logs/20260522_bpc_clean_fleetlb_budget_long_20_regression/bench_20_01.jsonl
[clean-BPC     0.00s] incumbent node 0: obj=268.440576
[clean-BPC     4.63s] incumbent node 0: obj=231.861044
[clean-BPC    10.12s] start: {'time': 10.120321, 'event': 'start', 'instance': 'bench_20_01', 'tasks': 20, 'vehicles': 2, 'initial_routes': 29, 'initial_incumbent': 231.861044, 'task_vehicle_linking_enabled': True, 'schedule_capacity_cuts_enabled': True, 'schedule_capacity_separation_enabled': False, 'fleet_lower_bound_cuts_enabled': True, 'fleet_lower_bound_oracle_max_states': 500000, 'schedule_pack_diagnostic_enabled': False, 'schedule_pack_relaxation_enabled': False, 'schedule_pack_full_pricing_enabled': False, 'schedule_pack_adaptive_enabled': False, 'route_enumeration_adaptive_enabled': False}
[clean-BPC    10.12s] node 0 d=0 lb=0.0 open=0
[clean-BPC    11.98s] node 0 cg=1 phase=phase1 obj=0.0 artificial=0.0 cols=29
[clean-BPC    11.98s] node 0 cg=2 phase=phase2 obj=231.861044 artificial=0.0 cols=29
[clean-BPC    17.98s] node 0 cg=2 phase=phase2 kind=heuristic best_rc=-31.463176 found=135607 added=600 exhausted=False cert=False
[clean-BPC    18.00s] node 0 cg=3 phase=phase2 obj=231.861044 artificial=0.0 cols=629
[clean-BPC    22.06s] node 0 cg=3 phase=phase2 kind=heuristic best_rc=-15.13371 found=50082 added=600 exhausted=False cert=False
[clean-BPC    22.10s] node 0 cg=4 phase=phase2 obj=231.861044 artificial=0.0 cols=1229
[clean-BPC    25.10s] node 0 cg=4 phase=phase2 kind=heuristic best_rc=-13.957754 found=8885 added=600 exhausted=False cert=False
[clean-BPC    25.16s] node 0 cg=5 phase=phase2 obj=229.29788 artificial=0.0 cols=1829
[clean-BPC    28.12s] node 0 cg=5 phase=phase2 kind=heuristic best_rc=-4.306188 found=1051 added=600 exhausted=False cert=False
[clean-BPC    28.21s] node 0 cg=6 phase=phase2 obj=225.060126 artificial=0.0 cols=2429
[clean-BPC    31.13s] node 0 cg=6 phase=phase2 kind=heuristic best_rc=-1.376468474 found=29 added=29 exhausted=False cert=False
[clean-BPC    31.24s] node 0 cg=7 phase=phase2 obj=224.952684 artificial=0.0 cols=2458
[clean-BPC    34.13s] node 0 cg=7 phase=phase2 kind=heuristic best_rc=-0.463521167 found=4 added=4 exhausted=False cert=False
[clean-BPC    34.24s] node 0 cg=8 phase=phase2 obj=224.952684 artificial=0.0 cols=2462
[clean-BPC    37.16s] node 0 cg=8 phase=phase2 kind=heuristic best_rc=-0.0 found=0 added=0 exhausted=False cert=False
[clean-BPC    43.54s] node 0 cg=8 phase=phase2 kind=exact best_rc=-0.0 found=0 added=0 exhausted=True cert=True
[clean-BPC    44.99s] cut_added family=crossing_cut node=0 added=4 upgraded=0 first={'id': 0, 'tasks': [11, 16, 19, 20], 'demand': 10.0, 'capacity_bound': 2, 'resource_bound': 1, 'k_bound': 2, 'rhs': 4.0, 'source': 'capacity', 'violation': 1.0, 'action': 'add'}
[clean-BPC    45.13s] node 0 cg=9 phase=phase2 obj=225.494635 artificial=0.0 cols=2462
[clean-BPC    48.56s] node 0 cg=9 phase=phase2 kind=heuristic best_rc=-1.811430286 found=15 added=15 exhausted=False cert=False
[clean-BPC    48.70s] node 0 cg=10 phase=phase2 obj=225.406298 artificial=0.0 cols=2477
[clean-BPC    52.08s] node 0 cg=10 phase=phase2 kind=heuristic best_rc=-0.029692 found=2 added=2 exhausted=False cert=False
[clean-BPC    52.22s] node 0 cg=11 phase=phase2 obj=225.403174 artificial=0.0 cols=2479
[clean-BPC    55.63s] node 0 cg=11 phase=phase2 kind=heuristic best_rc=-0.0 found=0 added=0 exhausted=False cert=False
[clean-BPC    65.15s] node 0 cg=11 phase=phase2 kind=exact best_rc=-0.0 found=0 added=0 exhausted=True cert=True
[clean-BPC    66.40s] cut_added family=crossing_cut node=0 added=5 upgraded=0 first={'id': 4, 'tasks': [8, 14, 15, 17], 'demand': 10.0, 'capacity_bound': 2, 'resource_bound': 1, 'k_bound': 2, 'rhs': 4.0, 'source': 'capacity', 'violation': 0.857142857, 'action': 'add'}
[clean-BPC    66.62s] node 0 cg=12 phase=phase2 obj=225.616858 artificial=0.0 cols=2479
[clean-BPC    71.09s] node 0 cg=12 phase=phase2 kind=heuristic best_rc=-0.0 found=0 added=0 exhausted=False cert=False
[clean-BPC    85.09s] node 0 cg=12 phase=phase2 kind=exact best_rc=-0.0 found=0 added=0 exhausted=True cert=True
[clean-BPC    85.81s] cut_added family=crossing_cut node=0 added=3 upgraded=0 first={'id': 9, 'tasks': [3, 6, 16, 18, 19, 20], 'demand': 10.0, 'capacity_bound': 2, 'resource_bound': 1, 'k_bound': 2, 'rhs': 4.0, 'source': 'capacity', 'violation': 0.666666667, 'action': 'add'}
[clean-BPC    86.01s] node 0 cg=13 phase=phase2 obj=225.761901 artificial=0.0 cols=2479
[clean-BPC    90.16s] node 0 cg=13 phase=phase2 kind=heuristic best_rc=-0.123543667 found=2 added=2 exhausted=False cert=False
[clean-BPC    90.37s] node 0 cg=14 phase=phase2 obj=225.761901 artificial=0.0 cols=2481
[clean-BPC    94.59s] node 0 cg=14 phase=phase2 kind=heuristic best_rc=-0.0 found=0 added=0 exhausted=False cert=False
[clean-BPC   119.01s] node 0 cg=14 phase=phase2 kind=exact best_rc=-0.0 found=0 added=0 exhausted=True cert=True
[clean-BPC   119.02s] subset-row diag node 0 round=1 cand=75 k=2 dup=0 not_viol=149 violated=1 added=1 max_viol=0.3333333333333335
[clean-BPC   119.02s] cut_added family=subset_row node=0 added=1 first(|S|=5, k=2, viol=0.333333333)
[clean-BPC   119.22s] node 0 cg=15 phase=phase2 obj=225.825105 artificial=0.0 cols=2481
[clean-BPC   123.39s] node 0 cg=15 phase=phase2 kind=heuristic best_rc=-0.0 found=0 added=0 exhausted=False cert=False
[clean-BPC   145.24s] node 0 cg=15 phase=phase2 kind=exact best_rc=-0.0 found=0 added=0 exhausted=True cert=True
[clean-BPC   145.25s] subset-row diag node 0 round=2 cand=120 k=2 dup=1 not_viol=234 violated=5 added=5 max_viol=0.16666666666666696
[clean-BPC   145.25s] cut_added family=subset_row node=0 added=5 first(|S|=8, k=3, viol=0.166666667)
[clean-BPC   145.49s] node 0 cg=16 phase=phase2 obj=225.921253 artificial=0.0 cols=2481
[clean-BPC   149.71s] node 0 cg=16 phase=phase2 kind=heuristic best_rc=0.0 found=0 added=0 exhausted=False cert=False
[clean-BPC   170.01s] node 0 cg=16 phase=phase2 kind=exact best_rc=-0.0 found=0 added=0 exhausted=True cert=True
[clean-BPC   170.01s] subset-row diag node 0 round=3 cand=193 k=2 dup=2 not_viol=384 violated=0 added=0 max_viol=0.0
[clean-BPC   170.10s] lm-rank1 diag node 0 round=1 cand=193 denom=2 patterns=4237 dup=0 not_viol=4158 violated=0 added=0 max_viol=0.0
[clean-BPC   170.47s] route-pack diag node 0 round=1 vehicles=2/2 support_max=14 cand=60 oracle=60 incomplete=0 not_tight=14 not_viol=46 dup=0 violated=0 added=0 max_viol=0.0 states_max=16766
[clean-BPC   171.22s] incumbent node 0: obj=226.210886
[clean-BPC     0.74s] restricted-MIP node 0 status=OPTIMAL obj=226.210886 accepted=True routes=2481 rejected=0 pair=0 ng=0 route_pack=0 sched_cap=0 added_cuts=0 time=0.737422
[clean-BPC   175.34s] branch node 0: left=RF(7,10)=separate right=RF(7,10)=same
[clean-BPC   175.34s] node 1 d=1 lb=225.921253 open=1
[clean-BPC   175.55s] node 1 cg=1 phase=phase1 obj=0.0 artificial=0.0 cols=2481
[clean-BPC   175.78s] node 1 cg=2 phase=phase2 obj=226.029945 artificial=0.0 cols=2481
[clean-BPC   179.71s] node 1 cg=2 phase=phase2 kind=heuristic best_rc=-0.117228 found=4 added=4 exhausted=False cert=False
[clean-BPC   179.94s] node 1 cg=3 phase=phase2 obj=226.029945 artificial=0.0 cols=2485
[clean-BPC   183.92s] node 1 cg=3 phase=phase2 kind=heuristic best_rc=-0.0 found=0 added=0 exhausted=False cert=False
[clean-BPC   201.83s] node 1 cg=3 phase=phase2 kind=heuristic_boost best_rc=-0.0 found=0 added=0 exhausted=True cert=True
[clean-BPC   201.86s] route-pack diag node 1 round=1 vehicles=2/2 support_max=9 cand=36 oracle=36 incomplete=0 not_tight=12 not_viol=15 dup=0 violated=9 added=5 max_viol=0.3333333333333335 states_max=1554
[clean-BPC   201.86s] cut_added family=schedule_route_set_packing node=1 added=5 first(vehicle=1, routes=9, U=4, y=0.5, viol=0.333333333, states=1324)
[clean-BPC   202.10s] node 1 cg=4 phase=phase2 obj=226.029945 artificial=0.0 cols=2485
[clean-BPC   205.97s] node 1 cg=4 phase=phase2 kind=heuristic best_rc=0.0 found=0 added=0 exhausted=False cert=False
[clean-BPC   223.37s] node 1 cg=4 phase=phase2 kind=heuristic_boost best_rc=-0.0 found=0 added=0 exhausted=True cert=True
[clean-BPC   223.40s] route-pack diag node 1 round=2 vehicles=2/2 support_max=9 cand=38 oracle=38 incomplete=0 not_tight=12 not_viol=16 dup=0 violated=10 added=5 max_viol=0.5 states_max=1473
[clean-BPC   223.40s] cut_added family=schedule_route_set_packing node=1 added=5 first(vehicle=1, routes=7, U=3, y=0.5, viol=0.5, states=248)
[clean-BPC   223.63s] node 1 cg=5 phase=phase2 obj=226.029945 artificial=0.0 cols=2485
[clean-BPC   227.47s] node 1 cg=5 phase=phase2 kind=heuristic best_rc=-0.0 found=0 added=0 exhausted=False cert=False
[clean-BPC   244.42s] node 1 cg=5 phase=phase2 kind=heuristic_boost best_rc=-0.0 found=0 added=0 exhausted=True cert=True
[clean-BPC     0.63s] restricted-MIP node 1 status=OPTIMAL obj=226.210886 accepted=False routes=2485 rejected=0 pair=0 ng=0 route_pack=0 sched_cap=0 added_cuts=0 time=0.628112
[clean-BPC   248.24s] branch node 1: left=RF(2,8)=separate right=RF(2,8)=same
[clean-BPC   248.24s] node 2 d=1 lb=225.921253 open=2
[clean-BPC   248.38s] node 2 cg=1 phase=phase1 obj=0.0 artificial=0.0 cols=2485
[clean-BPC   248.52s] node 2 cg=2 phase=phase2 obj=226.50444 artificial=0.0 cols=2485
[clean-BPC   251.83s] node 2 cg=2 phase=phase2 kind=heuristic best_rc=-2.53010875 found=134 added=134 exhausted=False cert=False
[clean-BPC   251.97s] node 2 cg=3 phase=phase2 obj=226.340335 artificial=0.0 cols=2619
[clean-BPC   255.30s] node 2 cg=3 phase=phase2 kind=heuristic best_rc=-0.636112 found=4 added=4 exhausted=False cert=False
[clean-BPC   255.45s] node 2 cg=4 phase=phase2 obj=226.340335 artificial=0.0 cols=2623
[clean-BPC   258.83s] node 2 cg=4 phase=phase2 kind=heuristic best_rc=-0.0 found=0 added=0 exhausted=False cert=False
[clean-BPC   274.97s] node 2 cg=4 phase=phase2 kind=heuristic_boost best_rc=-0.0 found=0 added=0 exhausted=True cert=True
[clean-BPC   275.11s] route-pack diag node 2 round=1 vehicles=1/2 support_max=14 cand=29 oracle=29 incomplete=0 not_tight=6 not_viol=23 dup=0 violated=0 added=0 max_viol=0.0 states_max=16884
[clean-BPC   275.11s] fathom node 2: reason=bound_after_schedule_pack bound=226.340335
[clean-BPC   275.11s] node 3 d=2 lb=226.029945 open=1
[clean-BPC   275.33s] node 3 cg=1 phase=phase1 obj=0.0 artificial=0.0 cols=2623
[clean-BPC   275.56s] node 3 cg=2 phase=phase2 obj=226.210886 artificial=0.0 cols=2623
[clean-BPC   279.57s] node 3 cg=2 phase=phase2 kind=heuristic best_rc=-0.30241875 found=8 added=8 exhausted=False cert=False
[clean-BPC   279.80s] node 3 cg=3 phase=phase2 obj=226.210886 artificial=0.0 cols=2631
[clean-BPC   283.83s] node 3 cg=3 phase=phase2 kind=heuristic best_rc=0.0 found=0 added=0 exhausted=False cert=False
[clean-BPC   301.75s] node 3 cg=3 phase=phase2 kind=heuristic_boost best_rc=-0.0 found=0 added=0 exhausted=True cert=True
[clean-BPC   301.76s] route-pack diag node 3 round=1 vehicles=1/2 support_max=5 cand=8 oracle=8 incomplete=0 not_tight=8 not_viol=0 dup=0 violated=0 added=0 max_viol=0.0 states_max=110
[clean-BPC   301.76s] fathom node 3: reason=bound_after_schedule_pack bound=226.210886
[clean-BPC   301.76s] node 4 d=2 lb=226.029945 open=0
[clean-BPC   301.94s] node 4 cg=1 phase=phase1 obj=0.0 artificial=0.0 cols=2631
[clean-BPC   302.14s] node 4 cg=2 phase=phase2 obj=226.287543 artificial=0.0 cols=2631
[clean-BPC   305.69s] node 4 cg=2 phase=phase2 kind=heuristic best_rc=-0.0 found=0 added=0 exhausted=False cert=False
[clean-BPC   321.13s] node 4 cg=2 phase=phase2 kind=heuristic_boost best_rc=-0.0 found=0 added=0 exhausted=True cert=True
[clean-BPC   321.16s] route-pack diag node 4 round=1 vehicles=2/2 support_max=10 cand=35 oracle=35 incomplete=0 not_tight=8 not_viol=17 dup=0 violated=10 added=5 max_viol=0.5 states_max=1748
[clean-BPC   321.16s] cut_added family=schedule_route_set_packing node=4 added=5 first(vehicle=1, routes=8, U=3, y=0.5, viol=0.5, states=679)
[clean-BPC   321.36s] node 4 cg=3 phase=phase2 obj=226.287543 artificial=0.0 cols=2631
[clean-BPC   324.99s] node 4 cg=3 phase=phase2 kind=heuristic best_rc=-0.0 found=0 added=0 exhausted=False cert=False
[clean-BPC   340.56s] node 4 cg=3 phase=phase2 kind=heuristic_boost best_rc=-0.0 found=0 added=0 exhausted=True cert=True
[clean-BPC   340.67s] route-pack diag node 4 round=2 vehicles=2/2 support_max=12 cand=48 oracle=48 incomplete=0 not_tight=9 not_viol=33 dup=0 violated=6 added=5 max_viol=0.2916666666666665 states_max=6122
[clean-BPC   340.67s] cut_added family=schedule_route_set_packing node=4 added=5 first(vehicle=2, routes=11, U=4, y=0.5, viol=0.291666667, states=3662)
[clean-BPC   340.87s] node 4 cg=4 phase=phase2 obj=226.287543 artificial=0.0 cols=2631
[clean-BPC   344.22s] node 4 cg=4 phase=phase2 kind=heuristic best_rc=0.0 found=0 added=0 exhausted=False cert=False
[clean-BPC   357.19s] node 4 cg=4 phase=phase2 kind=heuristic_boost best_rc=-0.0 found=0 added=0 exhausted=True cert=True
[clean-BPC   357.19s] fathom node 4: reason=bound_after_schedule_pack bound=226.287543
[clean-BPC   357.19s] finish status=OPTIMAL primal=226.210886 dual=226.210886 gap=0.0 cuts=38 diag_dual=226.210886 diag_gap=0.0 crossing=12 crossing_upgraded=0 subset_row=6 lm_rank1=0 sched_cost=0 pair=0 clique=0 route_pack=20 nogood=0 sched_cap=0 sched_pack_adapt=0/0 route_enum_adapt=0/0
bench_20_01: status=OPTIMAL, primal=226.210886, dual=226.210886, gap=0.0, diag_dual=226.210886, diag_gap=0.0, time=357.187863s, nodes=5, rmp=32, pricing=41, routes=2631, cuts=38, crossing=12, crossing_upgraded=0, rci=12, kpath=0, pair=0, subset_row=6, lm_rank1=0, sched_cost=0, clique=0, route_pack=20, nogood=0, sched_cap=0, fleet_lb=0/0, fleet_oracle_U=None, fleet_oracle_states=0, fleet_oracle_exact=False, rim_calls=2, rim_feasible=1, rim_rejected=0, rim_pair=0, rim_route_pack=0, rim_ng=0, rim_sched_cap=0, sched_pack_status=None, sched_pack_obj=None, sched_pack_gap_root=None, sched_pack_cols=0, sched_pack_relax_calls=0, sched_pack_relax_best=None, sched_pack_full_exact=0, sched_pack_adapt=0/0, sched_pack_adapt_skip=0, route_enum_adapt=0/0, route_enum_adapt_skip=0, cuts_purged=0, branch_test_time=7.300401s
开始 clean BPC: instance=bench_20_02, tasks=20, vehicles=2, time_limit=3600s, max_nodes=100000, log=/home/kai/work/gnn_bb/branchpricecut/results/logs/20260522_bpc_clean_fleetlb_budget_long_20_regression/bench_20_02.jsonl
[clean-BPC     0.00s] incumbent node 0: obj=276.966512
[clean-BPC     6.65s] incumbent node 0: obj=237.436094
[clean-BPC    11.93s] start: {'time': 11.927632, 'event': 'start', 'instance': 'bench_20_02', 'tasks': 20, 'vehicles': 2, 'initial_routes': 30, 'initial_incumbent': 237.436094, 'task_vehicle_linking_enabled': True, 'schedule_capacity_cuts_enabled': True, 'schedule_capacity_separation_enabled': False, 'fleet_lower_bound_cuts_enabled': True, 'fleet_lower_bound_oracle_max_states': 500000, 'schedule_pack_diagnostic_enabled': False, 'schedule_pack_relaxation_enabled': False, 'schedule_pack_full_pricing_enabled': False, 'schedule_pack_adaptive_enabled': False, 'route_enumeration_adaptive_enabled': False}
[clean-BPC    11.93s] node 0 d=0 lb=0.0 open=0
[clean-BPC    11.93s] node 0 cg=1 phase=phase1 obj=0.0 artificial=0.0 cols=30
[clean-BPC    11.93s] node 0 cg=2 phase=phase2 obj=237.436094 artificial=0.0 cols=30
[clean-BPC    19.76s] node 0 cg=2 phase=phase2 kind=heuristic best_rc=-37.172232 found=211856 added=600 exhausted=False cert=False
[clean-BPC    19.78s] node 0 cg=3 phase=phase2 obj=237.436094 artificial=0.0 cols=630
[clean-BPC    23.08s] node 0 cg=3 phase=phase2 kind=heuristic best_rc=-12.004053 found=28142 added=600 exhausted=False cert=False
[clean-BPC    23.12s] node 0 cg=4 phase=phase2 obj=236.421558 artificial=0.0 cols=1230
[clean-BPC    26.12s] node 0 cg=4 phase=phase2 kind=heuristic best_rc=-12.86408 found=11576 added=600 exhausted=False cert=False
[clean-BPC    26.19s] node 0 cg=5 phase=phase2 obj=230.042712 artificial=0.0 cols=1830
[clean-BPC    29.03s] node 0 cg=5 phase=phase2 kind=heuristic best_rc=-3.429166 found=291 added=291 exhausted=False cert=False
[clean-BPC    29.11s] node 0 cg=6 phase=phase2 obj=227.883573 artificial=0.0 cols=2121
[clean-BPC    31.98s] node 0 cg=6 phase=phase2 kind=heuristic best_rc=-2.593093333 found=60 added=60 exhausted=False cert=False
[clean-BPC    32.07s] node 0 cg=7 phase=phase2 obj=227.883573 artificial=0.0 cols=2181
[clean-BPC    34.89s] node 0 cg=7 phase=phase2 kind=heuristic best_rc=-0.0 found=0 added=0 exhausted=False cert=False
[clean-BPC    41.31s] node 0 cg=7 phase=phase2 kind=exact best_rc=-0.0 found=0 added=0 exhausted=True cert=True
[clean-BPC    42.22s] cut_added family=crossing_cut node=0 added=2 upgraded=0 first={'id': 0, 'tasks': [8, 10, 14, 17], 'demand': 11.0, 'capacity_bound': 2, 'resource_bound': 1, 'k_bound': 2, 'rhs': 4.0, 'source': 'capacity', 'violation': 0.666666667, 'action': 'add'}
[clean-BPC    42.32s] node 0 cg=8 phase=phase2 obj=228.114658 artificial=0.0 cols=2181
[clean-BPC    45.62s] node 0 cg=8 phase=phase2 kind=heuristic best_rc=-0.122286 found=6 added=6 exhausted=False cert=False
[clean-BPC    45.72s] node 0 cg=9 phase=phase2 obj=228.114658 artificial=0.0 cols=2187
[clean-BPC    48.94s] node 0 cg=9 phase=phase2 kind=heuristic best_rc=0.0 found=0 added=0 exhausted=False cert=False
[clean-BPC    56.97s] node 0 cg=9 phase=phase2 kind=exact best_rc=0.0 found=0 added=0 exhausted=True cert=True
[clean-BPC    57.45s] cut_added family=crossing_cut node=0 added=5 upgraded=0 first={'id': 2, 'tasks': [2, 3, 8, 20], 'demand': 10.0, 'capacity_bound': 2, 'resource_bound': 1, 'k_bound': 2, 'rhs': 4.0, 'source': 'capacity', 'violation': 0.666666667, 'action': 'add'}
[clean-BPC    57.58s] node 0 cg=10 phase=phase2 obj=228.223964 artificial=0.0 cols=2187
[clean-BPC    61.10s] node 0 cg=10 phase=phase2 kind=heuristic best_rc=-0.686099333 found=134 added=134 exhausted=False cert=False
[clean-BPC    61.24s] node 0 cg=11 phase=phase2 obj=228.22371 artificial=0.0 cols=2321
[clean-BPC    64.71s] node 0 cg=11 phase=phase2 kind=heuristic best_rc=0.0 found=0 added=0 exhausted=False cert=False
[clean-BPC    74.37s] node 0 cg=11 phase=phase2 kind=exact best_rc=0.0 found=0 added=0 exhausted=True cert=True
[clean-BPC    75.58s] cut_added family=crossing_cut node=0 added=3 upgraded=0 first={'id': 7, 'tasks': [9, 11, 14, 17], 'demand': 10.0, 'capacity_bound': 2, 'resource_bound': 1, 'k_bound': 2, 'rhs': 4.0, 'source': 'capacity', 'violation': 0.526315789, 'action': 'add'}
[clean-BPC    75.75s] node 0 cg=12 phase=phase2 obj=228.39887 artificial=0.0 cols=2321
[clean-BPC    79.24s] node 0 cg=12 phase=phase2 kind=heuristic best_rc=-0.200393 found=2 added=2 exhausted=False cert=False
[clean-BPC    79.41s] node 0 cg=13 phase=phase2 obj=228.39887 artificial=0.0 cols=2323
[clean-BPC    83.04s] node 0 cg=13 phase=phase2 kind=heuristic best_rc=-0.0 found=0 added=0 exhausted=False cert=False
[clean-BPC    94.92s] node 0 cg=13 phase=phase2 kind=exact best_rc=-0.0 found=0 added=0 exhausted=True cert=True
[clean-BPC    94.92s] subset-row diag node 0 round=1 cand=134 k=2 dup=0 not_viol=260 violated=8 added=8 max_viol=0.3333333333333335
[clean-BPC    94.92s] cut_added family=subset_row node=0 added=8 first(|S|=5, k=2, viol=0.333333333)
[clean-BPC    95.11s] node 0 cg=14 phase=phase2 obj=228.457003 artificial=0.0 cols=2323
[clean-BPC    98.88s] node 0 cg=14 phase=phase2 kind=heuristic best_rc=-0.730043 found=13 added=13 exhausted=False cert=False
[clean-BPC    99.08s] node 0 cg=15 phase=phase2 obj=228.457003 artificial=0.0 cols=2336
[clean-BPC   102.97s] node 0 cg=15 phase=phase2 kind=heuristic best_rc=-0.84548175 found=26 added=26 exhausted=False cert=False
[clean-BPC   103.17s] node 0 cg=16 phase=phase2 obj=228.457003 artificial=0.0 cols=2362
[clean-BPC   106.87s] node 0 cg=16 phase=phase2 kind=heuristic best_rc=-0.157392 found=2 added=2 exhausted=False cert=False
[clean-BPC   107.08s] node 0 cg=17 phase=phase2 obj=228.457003 artificial=0.0 cols=2364
[clean-BPC   110.83s] node 0 cg=17 phase=phase2 kind=heuristic best_rc=0.0 found=0 added=0 exhausted=False cert=False
[clean-BPC   123.08s] node 0 cg=17 phase=phase2 kind=exact best_rc=-0.027135 found=2 added=2 exhausted=True cert=True
[clean-BPC   123.30s] node 0 cg=18 phase=phase2 obj=228.457003 artificial=0.0 cols=2366
[clean-BPC   126.98s] node 0 cg=18 phase=phase2 kind=heuristic best_rc=-0.0 found=0 added=0 exhausted=False cert=False
[clean-BPC   138.78s] node 0 cg=18 phase=phase2 kind=exact best_rc=-0.0 found=0 added=0 exhausted=True cert=True
[clean-BPC   138.78s] subset-row diag node 0 round=2 cand=75 k=2 dup=4 not_viol=145 violated=1 added=1 max_viol=0.3333333333333335
[clean-BPC   138.78s] cut_added family=subset_row node=0 added=1 first(|S|=5, k=2, viol=0.333333333)
[clean-BPC   139.00s] node 0 cg=19 phase=phase2 obj=228.513918 artificial=0.0 cols=2366
[clean-BPC   142.88s] node 0 cg=19 phase=phase2 kind=heuristic best_rc=-0.0 found=0 added=0 exhausted=False cert=False
[clean-BPC   155.77s] node 0 cg=19 phase=phase2 kind=exact best_rc=-0.0 found=0 added=0 exhausted=True cert=True
[clean-BPC   155.77s] subset-row diag node 0 round=3 cand=128 k=2 dup=8 not_viol=240 violated=8 added=8 max_viol=0.16666666666666696
[clean-BPC   155.77s] cut_added family=subset_row node=0 added=8 first(|S|=7, k=2, viol=0.166666667)
[clean-BPC   156.01s] node 0 cg=20 phase=phase2 obj=228.765777 artificial=0.0 cols=2366
[clean-BPC   160.08s] node 0 cg=20 phase=phase2 kind=heuristic best_rc=-0.346175 found=24 added=24 exhausted=False cert=False
[clean-BPC   160.31s] node 0 cg=21 phase=phase2 obj=228.655122 artificial=0.0 cols=2390
[clean-BPC   164.42s] node 0 cg=21 phase=phase2 kind=heuristic best_rc=0.0 found=0 added=0 exhausted=False cert=False
[clean-BPC   177.08s] node 0 cg=21 phase=phase2 kind=exact best_rc=-0.0 found=0 added=0 exhausted=True cert=True
[clean-BPC   177.09s] lm-rank1 diag node 0 round=1 cand=83 denom=2 patterns=1792 dup=0 not_viol=1744 violated=8 added=8 max_viol=0.3333333333333335
[clean-BPC   177.09s] cut_added family=limited_memory_rank1 node=0 added=8 first(|S|=6, d=3, mem=[2, 3], viol=0.333333333)
[clean-BPC   177.37s] node 0 cg=22 phase=phase2 obj=228.81323 artificial=0.0 cols=2390
[clean-BPC   181.35s] node 0 cg=22 phase=phase2 kind=heuristic best_rc=-0.235065 found=4 added=4 exhausted=False cert=False
[clean-BPC   181.63s] node 0 cg=23 phase=phase2 obj=228.81323 artificial=0.0 cols=2394
[clean-BPC   185.92s] node 0 cg=23 phase=phase2 kind=heuristic best_rc=-0.0 found=0 added=0 exhausted=False cert=False
[clean-BPC   198.45s] node 0 cg=23 phase=phase2 kind=exact best_rc=-0.0 found=0 added=0 exhausted=True cert=True
[clean-BPC   198.47s] lm-rank1 diag node 0 round=2 cand=90 denom=2 patterns=1940 dup=2 not_viol=1886 violated=8 added=8 max_viol=0.33333333333333437
[clean-BPC   198.47s] cut_added family=limited_memory_rank1 node=0 added=8 first(|S|=7, d=3, mem=[1, 2, 6, 10], viol=0.333333333)
[clean-BPC   198.81s] node 0 cg=24 phase=phase2 obj=228.927859 artificial=0.0 cols=2394
[clean-BPC   203.08s] node 0 cg=24 phase=phase2 kind=heuristic best_rc=-0.277653714 found=6 added=6 exhausted=False cert=False
[clean-BPC   203.41s] node 0 cg=25 phase=phase2 obj=228.927859 artificial=0.0 cols=2400
[clean-BPC   207.63s] node 0 cg=25 phase=phase2 kind=heuristic best_rc=-0.200041286 found=2 added=2 exhausted=False cert=False
[clean-BPC   207.96s] node 0 cg=26 phase=phase2 obj=228.927859 artificial=0.0 cols=2402
[clean-BPC   212.25s] node 0 cg=26 phase=phase2 kind=heuristic best_rc=-0.0 found=0 added=0 exhausted=False cert=False
[clean-BPC   224.08s] node 0 cg=26 phase=phase2 kind=exact best_rc=-0.0 found=0 added=0 exhausted=True cert=True
[clean-BPC   224.15s] lm-rank1 diag node 0 round=3 cand=169 denom=2 patterns=3796 dup=5 not_viol=3725 violated=14 added=14 max_viol=0.2857142857142856
[clean-BPC   224.15s] cut_added family=limited_memory_rank1 node=0 added=14 first(|S|=7, d=3, mem=[7, 9, 12, 13], viol=0.285714286)
[clean-BPC   224.57s] node 0 cg=27 phase=phase2 obj=229.007217 artificial=0.0 cols=2402
[clean-BPC   229.90s] node 0 cg=27 phase=phase2 kind=heuristic best_rc=-0.345329 found=20 added=20 exhausted=False cert=False
[clean-BPC   230.29s] node 0 cg=28 phase=phase2 obj=229.007217 artificial=0.0 cols=2422
[clean-BPC   235.51s] node 0 cg=28 phase=phase2 kind=heuristic best_rc=0.0 found=0 added=0 exhausted=False cert=False
[clean-BPC   250.65s] node 0 cg=28 phase=phase2 kind=exact best_rc=0.0 found=0 added=0 exhausted=True cert=True
[clean-BPC   250.67s] route-pack diag node 0 round=1 vehicles=2/2 support_max=8 cand=29 oracle=29 incomplete=0 not_tight=9 not_viol=8 dup=0 violated=12 added=5 max_viol=0.6666666666666599 states_max=852
[clean-BPC   250.67s] cut_added family=schedule_route_set_packing node=0 added=5 first(vehicle=2, routes=7, U=3, y=0.5, viol=0.666666667, states=429)
[clean-BPC   251.08s] node 0 cg=29 phase=phase2 obj=229.007217 artificial=0.0 cols=2422
[clean-BPC   251.08s] cut_purged node=0 removed=3 by_kind={'crossing_cut': 3} remaining=59
[clean-BPC   251.48s] node 0 cg=30 phase=phase2 obj=229.007217 artificial=0.0 cols=2422
[clean-BPC   257.35s] node 0 cg=30 phase=phase2 kind=heuristic best_rc=-0.0 found=0 added=0 exhausted=False cert=False
[clean-BPC   276.73s] node 0 cg=30 phase=phase2 kind=exact best_rc=-0.0 found=0 added=0 exhausted=True cert=True
[clean-BPC   276.75s] route-pack diag node 0 round=2 vehicles=2/2 support_max=8 cand=31 oracle=31 incomplete=0 not_tight=8 not_viol=9 dup=0 violated=14 added=5 max_viol=0.6666666666666661 states_max=856
[clean-BPC   276.75s] cut_added family=schedule_route_set_packing node=0 added=5 first(vehicle=2, routes=7, U=3, y=0.5, viol=0.666666667, states=312)
[clean-BPC   277.16s] node 0 cg=31 phase=phase2 obj=229.007217 artificial=0.0 cols=2422
[clean-BPC   282.62s] node 0 cg=31 phase=phase2 kind=heuristic best_rc=-0.0 found=0 added=0 exhausted=False cert=False
[clean-BPC   301.48s] node 0 cg=31 phase=phase2 kind=exact best_rc=-0.0 found=0 added=0 exhausted=True cert=True
[clean-BPC   323.04s] route-pack-conflict diag node 0 source_vehicle=1 routes=5 U=3 complete=True cache_hit=False states=93 added=2
[clean-BPC   323.04s] cut_added family=schedule_route_set_packing node=0 added=2 source=schedule_conflict first(vehicle=1, routes=5, U=3, states=93, cache_hit=False)
[clean-BPC   323.05s] route-pack-conflict diag node 0 source_vehicle=1 routes=5 U=3 complete=True cache_hit=False states=95 added=2
[clean-BPC   323.05s] cut_added family=schedule_route_set_packing node=0 added=2 source=schedule_conflict first(vehicle=1, routes=5, U=3, states=95, cache_hit=False)
[clean-BPC   338.64s] rim-conflict diag node 0 conflicts=13 pair_events=0 pair_cuts=0 schedcap_events=0 schedcap_cuts=0 routepack_events=2 routepack_cuts=4 routepack_cache=0 routepack_states_max=95 routepack_budget_skip=11 nogood_events=0 nogood_cuts=0 weak_skip=11
[clean-BPC    21.55s] restricted-MIP node 0 status=TIME_LIMIT obj=None accepted=False routes=2422 rejected=13 pair=0 ng=20 route_pack=6 sched_cap=0 added_cuts=4 time=21.55498
[clean-BPC   338.64s] node 0 d=0 lb=229.007217 open=0
[clean-BPC   339.02s] node 0 cg=1 phase=phase1 obj=0.0 artificial=0.0 cols=2422
[clean-BPC   339.44s] node 0 cg=2 phase=phase2 obj=229.007217 artificial=0.0 cols=2422
[clean-BPC   344.75s] node 0 cg=2 phase=phase2 kind=heuristic best_rc=-0.0 found=0 added=0 exhausted=False cert=False
[clean-BPC   363.14s] node 0 cg=2 phase=phase2 kind=exact best_rc=-0.0 found=0 added=0 exhausted=True cert=True
[clean-BPC   383.86s] route-pack-conflict diag node 0 source_vehicle=1 routes=5 U=4 complete=True cache_hit=False states=113 added=0
[clean-BPC   386.03s] route-pack-conflict diag node 0 source_vehicle=1 routes=5 U=4 complete=True cache_hit=False states=111 added=0
[clean-BPC   399.45s] rim-conflict diag node 0 conflicts=11 pair_events=0 pair_cuts=0 schedcap_events=0 schedcap_cuts=0 routepack_events=2 routepack_cuts=0 routepack_cache=0 routepack_states_max=113 routepack_budget_skip=9 nogood_events=0 nogood_cuts=0 weak_skip=11
[clean-BPC    20.72s] restricted-MIP node 0 status=TIME_LIMIT obj=None accepted=False routes=2422 rejected=11 pair=0 ng=20 route_pack=2 sched_cap=0 added_cuts=0 time=20.720171
[clean-BPC   409.26s] branch node 0: left=arc(16,15)=off right=arc(16,15)=on
[clean-BPC   409.26s] node 1 d=1 lb=229.007217 open=1
[clean-BPC   409.62s] node 1 cg=1 phase=phase1 obj=0.0 artificial=0.0 cols=2422
[clean-BPC   409.98s] node 1 cg=2 phase=phase2 obj=229.007217 artificial=0.0 cols=2422
[clean-BPC   415.31s] node 1 cg=2 phase=phase2 kind=heuristic best_rc=-0.03253 found=2 added=2 exhausted=False cert=False
[clean-BPC   415.68s] node 1 cg=3 phase=phase2 obj=229.007217 artificial=0.0 cols=2424
[clean-BPC   420.65s] node 1 cg=3 phase=phase2 kind=heuristic best_rc=0.0 found=0 added=0 exhausted=False cert=False
[clean-BPC   435.80s] node 1 cg=3 phase=phase2 kind=heuristic_boost best_rc=-0.0 found=0 added=0 exhausted=True cert=True
[clean-BPC   435.84s] route-pack diag node 1 round=1 vehicles=1/2 support_max=10 cand=24 oracle=24 incomplete=0 not_tight=5 not_viol=14 dup=0 violated=5 added=5 max_viol=0.666666666666667 states_max=1961
[clean-BPC   435.84s] cut_added family=schedule_route_set_packing node=1 added=5 first(vehicle=1, routes=10, U=4, y=1.0, viol=0.666666667, states=1961)
[clean-BPC   436.22s] node 1 cg=4 phase=phase2 obj=229.007217 artificial=0.0 cols=2424
[clean-BPC   441.35s] node 1 cg=4 phase=phase2 kind=heuristic best_rc=0.0 found=0 added=0 exhausted=False cert=False
[clean-BPC   456.41s] node 1 cg=4 phase=phase2 kind=heuristic_boost best_rc=-0.0 found=0 added=0 exhausted=True cert=True
[clean-BPC   456.44s] route-pack diag node 1 round=2 vehicles=2/2 support_max=8 cand=31 oracle=31 incomplete=0 not_tight=7 not_viol=9 dup=0 violated=15 added=5 max_viol=0.666666666666667 states_max=833
[clean-BPC   456.44s] cut_added family=schedule_route_set_packing node=1 added=5 first(vehicle=2, routes=7, U=3, y=0.5, viol=0.666666667, states=418)
[clean-BPC   456.81s] node 1 cg=5 phase=phase2 obj=229.007217 artificial=0.0 cols=2424
[clean-BPC   461.79s] node 1 cg=5 phase=phase2 kind=heuristic best_rc=-0.0 found=0 added=0 exhausted=False cert=False
[clean-BPC   476.71s] node 1 cg=5 phase=phase2 kind=heuristic_boost best_rc=-0.0 found=0 added=0 exhausted=True cert=True
[clean-BPC   497.33s] route-pack-conflict diag node 1 source_vehicle=1 routes=5 U=4 complete=True cache_hit=False states=106 added=0
[clean-BPC   498.84s] route-pack-conflict diag node 1 source_vehicle=1 routes=5 U=4 complete=True cache_hit=False states=103 added=0
[clean-BPC   511.62s] rim-conflict diag node 1 conflicts=12 pair_events=0 pair_cuts=0 schedcap_events=0 schedcap_cuts=0 routepack_events=2 routepack_cuts=0 routepack_cache=0 routepack_states_max=106 routepack_budget_skip=10 nogood_events=0 nogood_cuts=0 weak_skip=12
[clean-BPC    20.62s] restricted-MIP node 1 status=TIME_LIMIT obj=None accepted=False routes=2424 rejected=12 pair=0 ng=18 route_pack=6 sched_cap=0 added_cuts=0 time=20.619289
[clean-BPC   516.51s] branch node 1: left=task_vehicle(10,1)=off right=task_vehicle(10,1)=on
[clean-BPC   516.51s] node 2 d=1 lb=229.007217 open=2
[clean-BPC   516.91s] node 2 cg=1 phase=phase1 obj=0.0 artificial=0.0 cols=2424
[clean-BPC   517.32s] node 2 cg=2 phase=phase2 obj=229.007217 artificial=0.0 cols=2424
[clean-BPC   522.40s] node 2 cg=2 phase=phase2 kind=heuristic best_rc=-0.0 found=0 added=0 exhausted=False cert=False
[clean-BPC   540.74s] node 2 cg=2 phase=phase2 kind=heuristic_boost best_rc=-0.0 found=0 added=0 exhausted=True cert=True
[clean-BPC   540.75s] route-pack diag node 2 round=1 vehicles=2/2 support_max=8 cand=29 oracle=29 incomplete=0 not_tight=8 not_viol=10 dup=0 violated=11 added=5 max_viol=0.666666666666667 states_max=780
[clean-BPC   540.75s] cut_added family=schedule_route_set_packing node=2 added=5 first(vehicle=2, routes=7, U=3, y=0.5, viol=0.666666667, states=384)
[clean-BPC   541.17s] node 2 cg=3 phase=phase2 obj=229.007217 artificial=0.0 cols=2424
[clean-BPC   546.14s] node 2 cg=3 phase=phase2 kind=heuristic best_rc=0.0 found=0 added=0 exhausted=False cert=False
[clean-BPC   564.02s] node 2 cg=3 phase=phase2 kind=heuristic_boost best_rc=-0.0 found=0 added=0 exhausted=True cert=True
[clean-BPC   564.07s] route-pack diag node 2 round=2 vehicles=2/2 support_max=10 cand=40 oracle=40 incomplete=0 not_tight=10 not_viol=16 dup=0 violated=14 added=5 max_viol=0.5 states_max=2168
[clean-BPC   564.07s] cut_added family=schedule_route_set_packing node=2 added=5 first(vehicle=1, routes=7, U=3, y=0.5, viol=0.5, states=404)
[clean-BPC   564.50s] node 2 cg=4 phase=phase2 obj=229.007217 artificial=0.0 cols=2424
[clean-BPC   570.06s] node 2 cg=4 phase=phase2 kind=heuristic best_rc=-0.0 found=0 added=0 exhausted=False cert=False
[clean-BPC   589.15s] node 2 cg=4 phase=phase2 kind=heuristic_boost best_rc=-0.0 found=0 added=0 exhausted=True cert=True
[clean-BPC   610.17s] route-pack-conflict diag node 2 source_vehicle=1 routes=5 U=4 complete=True cache_hit=False states=108 added=0
[clean-BPC   612.37s] route-pack-conflict diag node 2 source_vehicle=1 routes=5 U=4 complete=True cache_hit=False states=109 added=0
[clean-BPC   625.45s] rim-conflict diag node 2 conflicts=10 pair_events=0 pair_cuts=0 schedcap_events=0 schedcap_cuts=0 routepack_events=2 routepack_cuts=0 routepack_cache=0 routepack_states_max=109 routepack_budget_skip=8 nogood_events=0 nogood_cuts=0 weak_skip=10
[clean-BPC    21.02s] restricted-MIP node 2 status=TIME_LIMIT obj=None accepted=False routes=2424 rejected=10 pair=0 ng=20 route_pack=0 sched_cap=0 added_cuts=0 time=21.016545
[clean-BPC   634.58s] branch node 2: left=task_vehicle(12,2)=off right=task_vehicle(12,2)=on
[clean-BPC   634.58s] node 3 d=2 lb=229.007217 open=3
[clean-BPC   634.89s] node 3 cg=1 phase=phase1 obj=0.0 artificial=0.0 cols=2424
[clean-BPC   635.23s] node 3 cg=2 phase=phase2 obj=329.007217 artificial=0.0 cols=2424
[clean-BPC   640.04s] node 3 cg=2 phase=phase2 kind=heuristic best_rc=-0.250388 found=2 added=2 exhausted=False cert=False
[clean-BPC   640.37s] node 3 cg=3 phase=phase2 obj=329.007217 artificial=0.0 cols=2426
[clean-BPC   640.38s] cut_purged node=3 removed=4 by_kind={'limited_memory_rank1': 4} remaining=84
[clean-BPC   640.69s] node 3 cg=4 phase=phase2 obj=329.007217 artificial=0.0 cols=2426
[clean-BPC   645.70s] node 3 cg=4 phase=phase2 kind=heuristic best_rc=-0.0 found=0 added=0 exhausted=False cert=False
[clean-BPC   661.14s] node 3 cg=4 phase=phase2 kind=heuristic_boost best_rc=-0.0 found=0 added=0 exhausted=True cert=True
[clean-BPC   661.15s] route-pack diag node 3 round=1 vehicles=2/2 support_max=5 cand=16 oracle=16 incomplete=0 not_tight=10 not_viol=6 dup=0 violated=0 added=0 max_viol=0.0 states_max=99
[clean-BPC   661.15s] fathom node 3: reason=bound_after_schedule_pack bound=329.007217
[clean-BPC   661.15s] node 5 d=2 lb=229.007217 open=2
[clean-BPC   661.48s] node 5 cg=1 phase=phase1 obj=0.0 artificial=0.0 cols=2426
[clean-BPC   661.80s] node 5 cg=2 phase=phase2 obj=229.007217 artificial=0.0 cols=2426
[clean-BPC   667.21s] node 5 cg=2 phase=phase2 kind=heuristic best_rc=-0.068550667 found=4 added=4 exhausted=False cert=False
[clean-BPC   667.52s] node 5 cg=3 phase=phase2 obj=229.007217 artificial=0.0 cols=2430
[clean-BPC   673.16s] node 5 cg=3 phase=phase2 kind=heuristic best_rc=-0.007784 found=2 added=2 exhausted=False cert=False
[clean-BPC   673.47s] node 5 cg=4 phase=phase2 obj=229.007217 artificial=0.0 cols=2432
[clean-BPC   679.21s] node 5 cg=4 phase=phase2 kind=heuristic best_rc=-0.0 found=0 added=0 exhausted=False cert=False
[clean-BPC   692.70s] node 5 cg=4 phase=phase2 kind=heuristic_boost best_rc=-0.602371 found=12 added=12 exhausted=True cert=True
[clean-BPC   693.02s] node 5 cg=5 phase=phase2 obj=229.007217 artificial=0.0 cols=2444
[clean-BPC   693.02s] cut_purged node=5 removed=4 by_kind={'subset_row': 2, 'limited_memory_rank1': 2} remaining=80
[clean-BPC   693.32s] node 5 cg=6 phase=phase2 obj=229.007217 artificial=0.0 cols=2444
[clean-BPC   698.38s] node 5 cg=6 phase=phase2 kind=heuristic best_rc=-0.064131 found=2 added=2 exhausted=False cert=False
[clean-BPC   698.68s] node 5 cg=7 phase=phase2 obj=229.007217 artificial=0.0 cols=2446
[clean-BPC   704.24s] node 5 cg=7 phase=phase2 kind=heuristic best_rc=-0.0 found=0 added=0 exhausted=False cert=False
[clean-BPC   716.43s] node 5 cg=7 phase=phase2 kind=heuristic_boost best_rc=-0.0 found=0 added=0 exhausted=True cert=True
[clean-BPC   716.45s] route-pack diag node 5 round=1 vehicles=1/2 support_max=10 cand=19 oracle=19 incomplete=0 not_tight=4 not_viol=9 dup=0 violated=6 added=5 max_viol=1.333333333333333 states_max=1757
[clean-BPC   716.45s] cut_added family=schedule_route_set_packing node=5 added=5 first(vehicle=1, routes=9, U=3, y=1.0, viol=1.333333333, states=911)
[clean-BPC   716.75s] node 5 cg=8 phase=phase2 obj=229.007217 artificial=0.0 cols=2446
[clean-BPC   722.22s] node 5 cg=8 phase=phase2 kind=heuristic best_rc=0.0 found=0 added=0 exhausted=False cert=False
[clean-BPC   734.99s] node 5 cg=8 phase=phase2 kind=heuristic_boost best_rc=-0.0 found=0 added=0 exhausted=True cert=True
[clean-BPC   735.02s] route-pack diag node 5 round=2 vehicles=1/2 support_max=10 cand=22 oracle=22 incomplete=0 not_tight=4 not_viol=13 dup=0 violated=5 added=5 max_viol=0.6666666666666679 states_max=2238
[clean-BPC   735.02s] cut_added family=schedule_route_set_packing node=5 added=5 first(vehicle=1, routes=10, U=4, y=1.0, viol=0.666666667, states=2238)
[clean-BPC   735.32s] node 5 cg=9 phase=phase2 obj=229.007217 artificial=0.0 cols=2446
[clean-BPC   740.89s] node 5 cg=9 phase=phase2 kind=heuristic best_rc=0.0 found=0 added=0 exhausted=False cert=False
[clean-BPC   754.55s] node 5 cg=9 phase=phase2 kind=heuristic_boost best_rc=-0.0 found=0 added=0 exhausted=True cert=True
[clean-BPC   776.44s] route-pack-conflict diag node 5 source_vehicle=1 routes=5 U=4 complete=True cache_hit=False states=113 added=0
[clean-BPC   776.97s] route-pack-conflict diag node 5 source_vehicle=1 routes=5 U=4 complete=True cache_hit=False states=113 added=0
[clean-BPC   792.89s] rim-conflict diag node 5 conflicts=13 pair_events=0 pair_cuts=0 schedcap_events=0 schedcap_cuts=0 routepack_events=2 routepack_cuts=0 routepack_cache=0 routepack_states_max=113 routepack_budget_skip=11 nogood_events=0 nogood_cuts=0 weak_skip=13
[clean-BPC    21.88s] restricted-MIP node 5 status=TIME_LIMIT obj=None accepted=False routes=2446 rejected=13 pair=0 ng=24 route_pack=2 sched_cap=0 added_cuts=0 time=21.88416
[clean-BPC   797.48s] branch node 5: left=RF(3,20)=separate right=RF(3,20)=same
[clean-BPC   797.48s] node 4 d=2 lb=229.007217 open=3
[clean-BPC   797.75s] node 4 cg=1 phase=phase1 obj=0.0 artificial=0.0 cols=2446
[clean-BPC   798.05s] node 4 cg=2 phase=phase2 obj=229.007217 artificial=0.0 cols=2446
[clean-BPC   803.64s] node 4 cg=2 phase=phase2 kind=heuristic best_rc=-0.0 found=0 added=0 exhausted=False cert=False
[clean-BPC   818.36s] node 4 cg=2 phase=phase2 kind=heuristic_boost best_rc=-0.165299286 found=2 added=2 exhausted=True cert=True
[clean-BPC   818.65s] node 4 cg=3 phase=phase2 obj=229.007217 artificial=0.0 cols=2448
[clean-BPC   824.08s] node 4 cg=3 phase=phase2 kind=heuristic best_rc=-0.0 found=0 added=0 exhausted=False cert=False
[clean-BPC   840.03s] node 4 cg=3 phase=phase2 kind=heuristic_boost best_rc=-0.088416 found=2 added=2 exhausted=True cert=True
[clean-BPC   840.33s] node 4 cg=4 phase=phase2 obj=229.007217 artificial=0.0 cols=2450
[clean-BPC   845.74s] node 4 cg=4 phase=phase2 kind=heuristic best_rc=-0.0 found=0 added=0 exhausted=False cert=False
[clean-BPC   861.66s] node 4 cg=4 phase=phase2 kind=heuristic_boost best_rc=-0.0 found=0 added=0 exhausted=True cert=True
[clean-BPC   861.69s] route-pack diag node 4 round=1 vehicles=1/2 support_max=10 cand=22 oracle=22 incomplete=0 not_tight=4 not_viol=16 dup=0 violated=2 added=2 max_viol=0.6666666666666625 states_max=2108
[clean-BPC   861.69s] cut_added family=schedule_route_set_packing node=4 added=2 first(vehicle=1, routes=10, U=4, y=1.0, viol=0.666666667, states=2108)
[clean-BPC   861.98s] node 4 cg=5 phase=phase2 obj=229.007217 artificial=0.0 cols=2450
[clean-BPC   867.48s] node 4 cg=5 phase=phase2 kind=heuristic best_rc=0.0 found=0 added=0 exhausted=False cert=False
[clean-BPC   883.53s] node 4 cg=5 phase=phase2 kind=heuristic_boost best_rc=0.0 found=0 added=0 exhausted=True cert=True
[clean-BPC   883.56s] route-pack diag node 4 round=2 vehicles=1/2 support_max=10 cand=24 oracle=24 incomplete=0 not_tight=5 not_viol=16 dup=0 violated=3 added=3 max_viol=0.6666666666666661 states_max=2043
[clean-BPC   883.56s] cut_added family=schedule_route_set_packing node=4 added=3 first(vehicle=1, routes=10, U=4, y=1.0, viol=0.666666667, states=2043)
[clean-BPC   883.85s] node 4 cg=6 phase=phase2 obj=229.007217 artificial=0.0 cols=2450
[clean-BPC   889.19s] node 4 cg=6 phase=phase2 kind=heuristic best_rc=-0.0 found=0 added=0 exhausted=False cert=False
[clean-BPC   904.92s] node 4 cg=6 phase=phase2 kind=heuristic_boost best_rc=-0.0 found=0 added=0 exhausted=True cert=True
[clean-BPC   925.22s] route-pack-conflict diag node 4 source_vehicle=1 routes=5 U=4 complete=True cache_hit=False states=116 added=0
[clean-BPC   926.44s] route-pack-conflict diag node 4 source_vehicle=1 routes=5 U=4 complete=True cache_hit=False states=107 added=0
[clean-BPC   941.31s] rim-conflict diag node 4 conflicts=16 pair_events=0 pair_cuts=0 schedcap_events=0 schedcap_cuts=0 routepack_events=2 routepack_cuts=0 routepack_cache=0 routepack_states_max=116 routepack_budget_skip=14 nogood_events=0 nogood_cuts=0 weak_skip=16
[clean-BPC    20.29s] restricted-MIP node 4 status=TIME_LIMIT obj=None accepted=False routes=2450 rejected=16 pair=0 ng=26 route_pack=6 sched_cap=0 added_cuts=0 time=20.288195
[clean-BPC   947.23s] branch node 4: left=RF(1,20)=separate right=RF(1,20)=same
[clean-BPC   947.23s] node 9 d=3 lb=229.007217 open=4
[clean-BPC   947.50s] node 9 cg=1 phase=phase1 obj=0.0 artificial=0.0 cols=2450
[clean-BPC   947.79s] node 9 cg=2 phase=phase2 obj=229.28461 artificial=0.0 cols=2450
[clean-BPC   952.79s] node 9 cg=2 phase=phase2 kind=heuristic best_rc=-0.250216 found=16 added=16 exhausted=False cert=False
[clean-BPC   953.08s] node 9 cg=3 phase=phase2 obj=229.28461 artificial=0.0 cols=2466
[clean-BPC   957.73s] node 9 cg=3 phase=phase2 kind=heuristic best_rc=-0.0 found=0 added=0 exhausted=False cert=False
[clean-BPC   968.62s] node 9 cg=3 phase=phase2 kind=heuristic_boost best_rc=-0.0 found=0 added=0 exhausted=True cert=True
[clean-BPC   988.65s] route-pack-conflict diag node 9 source_vehicle=1 routes=5 U=4 complete=True cache_hit=False states=115 added=0
[clean-BPC   988.99s] route-pack-conflict diag node 9 source_vehicle=1 routes=5 U=4 complete=True cache_hit=True states=107 added=0
[clean-BPC  1006.81s] rim-conflict diag node 9 conflicts=21 pair_events=0 pair_cuts=0 schedcap_events=0 schedcap_cuts=0 routepack_events=2 routepack_cuts=0 routepack_cache=1 routepack_states_max=115 routepack_budget_skip=19 nogood_events=0 nogood_cuts=0 weak_skip=21
[clean-BPC    20.02s] restricted-MIP node 9 status=SCHEDULE_REJECTED_LIMIT obj=None accepted=False routes=2466 rejected=21 pair=0 ng=26 route_pack=14 sched_cap=0 added_cuts=0 time=20.021664
[clean-BPC  1010.86s] branch node 9: left=arc(10,6)=off right=arc(10,6)=on
[clean-BPC  1010.86s] node 10 d=3 lb=229.007217 open=5
[clean-BPC  1011.09s] node 10 cg=1 phase=phase1 obj=0.0 artificial=0.0 cols=2466
[clean-BPC  1011.31s] node 10 cg=2 phase=phase2 obj=229.295732 artificial=0.0 cols=2466
[clean-BPC  1015.51s] node 10 cg=2 phase=phase2 kind=heuristic best_rc=-0.269409625 found=6 added=6 exhausted=False cert=False
[clean-BPC  1015.73s] node 10 cg=3 phase=phase2 obj=229.255618 artificial=0.0 cols=2472
[clean-BPC  1019.79s] node 10 cg=3 phase=phase2 kind=heuristic best_rc=0.0 found=0 added=0 exhausted=False cert=False
[clean-BPC  1029.64s] node 10 cg=3 phase=phase2 kind=heuristic_boost best_rc=-1.677294 found=17 added=17 exhausted=True cert=True
[clean-BPC  1029.86s] node 10 cg=4 phase=phase2 obj=229.255618 artificial=0.0 cols=2489
[clean-BPC  1033.91s] node 10 cg=4 phase=phase2 kind=heuristic best_rc=-0.006088 found=2 added=2 exhausted=False cert=False
[clean-BPC  1034.14s] node 10 cg=5 phase=phase2 obj=229.255618 artificial=0.0 cols=2491
[clean-BPC  1038.31s] node 10 cg=5 phase=phase2 kind=heuristic best_rc=-0.0 found=0 added=0 exhausted=False cert=False
[clean-BPC  1048.63s] node 10 cg=5 phase=phase2 kind=heuristic_boost best_rc=-0.0 found=0 added=0 exhausted=True cert=True
[clean-BPC  1068.66s] route-pack-conflict diag node 10 source_vehicle=1 routes=5 U=4 complete=True cache_hit=False states=106 added=0
[clean-BPC  1070.18s] route-pack-conflict diag node 10 source_vehicle=1 routes=5 U=4 complete=True cache_hit=False states=104 added=0
[clean-BPC  1085.37s] rim-conflict diag node 10 conflicts=18 pair_events=0 pair_cuts=0 schedcap_events=0 schedcap_cuts=0 routepack_events=2 routepack_cuts=0 routepack_cache=0 routepack_states_max=106 routepack_budget_skip=16 nogood_events=0 nogood_cuts=0 weak_skip=18
[clean-BPC    20.03s] restricted-MIP node 10 status=TIME_LIMIT obj=None accepted=False routes=2491 rejected=18 pair=0 ng=34 route_pack=2 sched_cap=0 added_cuts=0 time=20.026876
[clean-BPC  1088.30s] branch node 10: left=RF(2,6)=separate right=RF(2,6)=same
[clean-BPC  1088.30s] node 8 d=3 lb=229.007217 open=6
[clean-BPC  1088.52s] node 8 cg=1 phase=phase1 obj=0.0 artificial=0.0 cols=2491
[clean-BPC  1088.74s] node 8 cg=2 phase=phase2 obj=229.295732 artificial=0.0 cols=2491
[clean-BPC  1091.80s] node 8 cg=2 phase=phase2 kind=heuristic best_rc=-0.0 found=0 added=0 exhausted=False cert=False
[clean-BPC  1102.42s] node 8 cg=2 phase=phase2 kind=heuristic_boost best_rc=-0.0 found=0 added=0 exhausted=True cert=True
[clean-BPC  1123.40s] route-pack-conflict diag node 8 source_vehicle=1 routes=5 U=4 complete=True cache_hit=True states=109 added=0
[clean-BPC  1124.08s] route-pack-conflict diag node 8 source_vehicle=1 routes=5 U=4 complete=True cache_hit=False states=116 added=0
[clean-BPC  1142.37s] rim-conflict diag node 8 conflicts=13 pair_events=0 pair_cuts=0 schedcap_events=0 schedcap_cuts=0 routepack_events=2 routepack_cuts=0 routepack_cache=1 routepack_states_max=116 routepack_budget_skip=11 nogood_events=0 nogood_cuts=0 weak_skip=13
[clean-BPC    20.97s] restricted-MIP node 8 status=TIME_LIMIT obj=None accepted=False routes=2491 rejected=13 pair=0 ng=22 route_pack=4 sched_cap=0 added_cuts=0 time=20.970491
[clean-BPC  1145.24s] branch node 8: left=RF(2,14)=separate right=RF(2,14)=same
[clean-BPC  1145.24s] node 6 d=2 lb=229.007217 open=7
[clean-BPC  1145.54s] node 6 cg=1 phase=phase1 obj=0.0 artificial=0.0 cols=2491
[clean-BPC  1145.85s] node 6 cg=2 phase=phase2 obj=329.007217 artificial=0.0 cols=2491
[clean-BPC  1150.39s] node 6 cg=2 phase=phase2 kind=heuristic best_rc=-0.0 found=0 added=0 exhausted=False cert=False
[clean-BPC  1162.22s] node 6 cg=2 phase=phase2 kind=heuristic_boost best_rc=-0.0 found=0 added=0 exhausted=True cert=True
[clean-BPC  1162.22s] route-pack diag node 6 round=1 vehicles=2/2 support_max=7 cand=17 oracle=17 incomplete=0 not_tight=7 not_viol=10 dup=0 violated=0 added=0 max_viol=0.0 states_max=488
[clean-BPC  1162.22s] fathom node 6: reason=bound_after_schedule_pack bound=329.007217
[clean-BPC  1162.22s] node 7 d=3 lb=229.007217 open=6
[clean-BPC  1162.50s] node 7 cg=1 phase=phase1 obj=0.0 artificial=0.0 cols=2491
[clean-BPC  1162.79s] node 7 cg=2 phase=phase2 obj=229.28461 artificial=0.0 cols=2491
[clean-BPC  1167.46s] node 7 cg=2 phase=phase2 kind=heuristic best_rc=-0.136074 found=1 added=1 exhausted=False cert=False
[clean-BPC  1167.74s] node 7 cg=3 phase=phase2 obj=229.28461 artificial=0.0 cols=2492
[clean-BPC  1172.40s] node 7 cg=3 phase=phase2 kind=heuristic best_rc=0.0 found=0 added=0 exhausted=False cert=False
[clean-BPC  1182.17s] node 7 cg=3 phase=phase2 kind=heuristic_boost best_rc=0.0 found=0 added=0 exhausted=True cert=True
[clean-BPC  1202.71s] route-pack-conflict diag node 7 source_vehicle=1 routes=5 U=4 complete=True cache_hit=True states=113 added=0
[clean-BPC  1203.25s] route-pack-conflict diag node 7 source_vehicle=1 routes=5 U=4 complete=True cache_hit=False states=120 added=0
[clean-BPC  1216.81s] rim-conflict diag node 7 conflicts=14 pair_events=0 pair_cuts=0 schedcap_events=0 schedcap_cuts=0 routepack_events=2 routepack_cuts=0 routepack_cache=1 routepack_states_max=120 routepack_budget_skip=12 nogood_events=0 nogood_cuts=0 weak_skip=14
[clean-BPC    20.54s] restricted-MIP node 7 status=TIME_LIMIT obj=None accepted=False routes=2492 rejected=14 pair=0 ng=28 route_pack=0 sched_cap=0 added_cuts=0 time=20.5393
[clean-BPC  1220.79s] branch node 7: left=RF(2,6)=separate right=RF(2,6)=same
[clean-BPC  1220.79s] node 13 d=4 lb=229.255618 open=7
[clean-BPC  1220.99s] node 13 cg=1 phase=phase1 obj=0.0 artificial=0.0 cols=2492
[clean-BPC  1221.21s] node 13 cg=2 phase=phase2 obj=229.46075 artificial=0.0 cols=2492
[clean-BPC  1225.25s] node 13 cg=2 phase=phase2 kind=heuristic best_rc=-0.2405735 found=4 added=4 exhausted=False cert=False
[clean-BPC  1225.46s] node 13 cg=3 phase=phase2 obj=229.46075 artificial=0.0 cols=2496
[clean-BPC  1229.61s] node 13 cg=3 phase=phase2 kind=heuristic best_rc=0.0 found=0 added=0 exhausted=False cert=False
[clean-BPC  1239.72s] node 13 cg=3 phase=phase2 kind=heuristic_boost best_rc=0.0 found=0 added=0 exhausted=True cert=True
[clean-BPC  1239.73s] route-pack-conflict diag node 13 source_vehicle=1 routes=5 U=4 complete=True cache_hit=True states=106 added=0
[clean-BPC  1241.21s] cut_added family=schedule_nogood_core node=13 added=2 source_vehicle=1 route_count=3 signatures=[[9, 11, 13, 12, 7], [18, 15, 16, 19, 4], [1, 3, 20, 5]]
[clean-BPC  1241.21s] node 14 d=4 lb=229.255618 open=7
[clean-BPC  1241.32s] node 14 cg=1 phase=phase1 obj=0.0 artificial=0.0 cols=2496
[clean-BPC  1241.42s] node 14 cg=2 phase=phase2 obj=229.633005 artificial=0.0 cols=2496
[clean-BPC  1244.84s] node 14 cg=2 phase=phase2 kind=heuristic best_rc=-1.2371912 found=45 added=45 exhausted=False cert=False
[clean-BPC  1244.95s] node 14 cg=3 phase=phase2 obj=229.39794 artificial=0.0 cols=2541
[clean-BPC  1248.45s] node 14 cg=3 phase=phase2 kind=heuristic best_rc=-0.174854 found=2 added=2 exhausted=False cert=False
[clean-BPC  1248.55s] node 14 cg=4 phase=phase2 obj=229.39794 artificial=0.0 cols=2543
[clean-BPC  1252.04s] node 14 cg=4 phase=phase2 kind=heuristic best_rc=0.0 found=0 added=0 exhausted=False cert=False
[clean-BPC  1260.22s] node 14 cg=4 phase=phase2 kind=heuristic_boost best_rc=-0.287613 found=2 added=2 exhausted=True cert=True
[clean-BPC  1260.33s] node 14 cg=5 phase=phase2 obj=229.39794 artificial=0.0 cols=2545
[clean-BPC  1263.85s] node 14 cg=5 phase=phase2 kind=heuristic best_rc=0.0 found=0 added=0 exhausted=False cert=False
[clean-BPC  1272.13s] node 14 cg=5 phase=phase2 kind=heuristic_boost best_rc=0.0 found=0 added=0 exhausted=True cert=True
[clean-BPC  1272.14s] route-pack-conflict diag node 14 source_vehicle=1 routes=5 U=4 complete=True cache_hit=False states=112 added=0
[clean-BPC  1272.79s] cut_added family=schedule_nogood_core node=14 added=2 source_vehicle=1 route_count=3 signatures=[[18, 15, 16, 19, 4], [2, 6, 10, 8], [1, 3, 20, 5]]
[clean-BPC  1272.79s] node 12 d=4 lb=229.28461 open=7
[clean-BPC  1273.09s] node 12 cg=1 phase=phase1 obj=0.0 artificial=0.0 cols=2545
[clean-BPC  1273.40s] node 12 cg=2 phase=phase2 obj=229.496734 artificial=0.0 cols=2545
[clean-BPC  1277.68s] node 12 cg=2 phase=phase2 kind=heuristic best_rc=-0.0 found=0 added=0 exhausted=False cert=False
[clean-BPC  1287.83s] node 12 cg=2 phase=phase2 kind=heuristic_boost best_rc=-0.0 found=0 added=0 exhausted=True cert=True
[clean-BPC  1292.19s] branch node 12: left=arc(1,5)=off right=arc(1,5)=on
[clean-BPC  1292.19s] node 17 d=4 lb=229.28461 open=8
[clean-BPC  1292.45s] node 17 cg=1 phase=phase1 obj=0.0 artificial=0.0 cols=2545
[clean-BPC  1292.73s] node 17 cg=2 phase=phase2 obj=229.302433 artificial=0.0 cols=2545
[clean-BPC  1297.50s] node 17 cg=2 phase=phase2 kind=heuristic best_rc=-0.851502333 found=17 added=17 exhausted=False cert=False
[clean-BPC  1297.78s] node 17 cg=3 phase=phase2 obj=229.302433 artificial=0.0 cols=2562
[clean-BPC  1302.44s] node 17 cg=3 phase=phase2 kind=heuristic best_rc=-0.0 found=0 added=0 exhausted=False cert=False
[clean-BPC  1312.68s] node 17 cg=3 phase=phase2 kind=heuristic_boost best_rc=-0.0 found=0 added=0 exhausted=True cert=True
[clean-BPC  1316.87s] branch node 17: left=arc(17,20)=off right=arc(17,20)=on
[clean-BPC  1316.87s] node 11 d=4 lb=229.28461 open=9
[clean-BPC  1317.16s] node 11 cg=1 phase=phase1 obj=0.0 artificial=0.0 cols=2562
[clean-BPC  1317.44s] node 11 cg=2 phase=phase2 obj=229.28461 artificial=0.0 cols=2562
[clean-BPC  1322.25s] node 11 cg=2 phase=phase2 kind=heuristic best_rc=-0.0 found=0 added=0 exhausted=False cert=False
[clean-BPC  1333.37s] node 11 cg=2 phase=phase2 kind=heuristic_boost best_rc=-0.0 found=0 added=0 exhausted=True cert=True
[clean-BPC  1337.25s] branch node 11: left=RF(14,20)=separate right=RF(14,20)=same
[clean-BPC  1337.25s] node 23 d=5 lb=229.28461 open=10
[clean-BPC  1337.53s] node 23 cg=1 phase=phase1 obj=0.0 artificial=0.0 cols=2562
[clean-BPC  1337.82s] node 23 cg=2 phase=phase2 obj=229.371345 artificial=0.0 cols=2562
[clean-BPC  1342.58s] node 23 cg=2 phase=phase2 kind=heuristic best_rc=-0.0 found=0 added=0 exhausted=False cert=False
[clean-BPC  1353.60s] node 23 cg=2 phase=phase2 kind=heuristic_boost best_rc=-0.0 found=0 added=0 exhausted=True cert=True
[clean-BPC  1353.60s] route-pack-conflict diag node 23 source_vehicle=1 routes=5 U=4 complete=True cache_hit=False states=110 added=0
[clean-BPC  1353.92s] cut_added family=schedule_nogood_core node=23 added=2 source_vehicle=1 route_count=3 signatures=[[18, 15, 16, 19, 4], [8, 20, 5], [1, 3, 2]]
[clean-BPC  1353.92s] node 24 d=5 lb=229.28461 open=10
[clean-BPC  1354.14s] node 24 cg=1 phase=phase1 obj=0.0 artificial=0.0 cols=2562
[clean-BPC  1354.36s] node 24 cg=2 phase=phase2 obj=230.941196 artificial=0.0 cols=2562
[clean-BPC  1357.89s] node 24 cg=2 phase=phase2 kind=heuristic best_rc=-3.601817 found=55 added=55 exhausted=False cert=False
[clean-BPC  1358.11s] node 24 cg=3 phase=phase2 obj=230.941196 artificial=0.0 cols=2617
[clean-BPC  1361.72s] node 24 cg=3 phase=phase2 kind=heuristic best_rc=-0.0 found=0 added=0 exhausted=False cert=False
[clean-BPC  1369.24s] node 24 cg=3 phase=phase2 kind=heuristic_boost best_rc=-0.0 found=0 added=0 exhausted=True cert=True
[clean-BPC  1372.18s] branch node 24: left=RF(2,6)=separate right=RF(2,6)=same
[clean-BPC  1372.18s] node 18 d=4 lb=229.28461 open=11
[clean-BPC  1372.33s] node 18 cg=1 phase=phase1 obj=0.0 artificial=0.0 cols=2617
[clean-BPC  1372.46s] node 18 cg=2 phase=phase2 obj=230.539765 artificial=0.0 cols=2617
[clean-BPC  1372.47s] cut_purged node=18 removed=1 by_kind={'schedule_nogood_core': 1} remaining=100
[clean-BPC  1372.60s] node 18 cg=3 phase=phase2 obj=230.539765 artificial=0.0 cols=2617
[clean-BPC  1376.14s] node 18 cg=3 phase=phase2 kind=heuristic best_rc=-0.49503 found=8 added=8 exhausted=False cert=False
[clean-BPC  1376.27s] node 18 cg=4 phase=phase2 obj=230.539765 artificial=0.0 cols=2625
[clean-BPC  1379.80s] node 18 cg=4 phase=phase2 kind=heuristic best_rc=0.0 found=0 added=0 exhausted=False cert=False
[clean-BPC  1386.86s] node 18 cg=4 phase=phase2 kind=heuristic_boost best_rc=0.0 found=0 added=0 exhausted=True cert=True
[clean-BPC  1388.95s] branch node 18: left=arc(18,12)=off right=arc(18,12)=on
[clean-BPC  1388.95s] node 15 d=4 lb=229.295732 open=12
[clean-BPC  1389.19s] node 15 cg=1 phase=phase1 obj=0.0 artificial=0.0 cols=2625
[clean-BPC  1389.44s] node 15 cg=2 phase=phase2 obj=229.373154 artificial=0.0 cols=2625
[clean-BPC  1392.77s] node 15 cg=2 phase=phase2 kind=heuristic best_rc=0.0 found=0 added=0 exhausted=False cert=False
[clean-BPC  1401.26s] node 15 cg=2 phase=phase2 kind=heuristic_boost best_rc=-0.0 found=0 added=0 exhausted=True cert=True
[clean-BPC  1403.98s] branch node 15: left=arc(18,12)=off right=arc(18,12)=on
[clean-BPC  1403.98s] node 16 d=4 lb=229.295732 open=13
[clean-BPC  1404.15s] node 16 cg=1 phase=phase1 obj=0.0 artificial=0.0 cols=2625
[clean-BPC  1404.32s] node 16 cg=2 phase=phase2 obj=230.831925 artificial=0.0 cols=2625
[clean-BPC  1407.24s] node 16 cg=2 phase=phase2 kind=heuristic best_rc=-0.926491 found=30 added=30 exhausted=False cert=False
[clean-BPC  1407.40s] node 16 cg=3 phase=phase2 obj=230.694944 artificial=0.0 cols=2655
[clean-BPC  1407.40s] cut_purged node=16 removed=2 by_kind={'schedule_nogood_core': 2} remaining=98
[clean-BPC  1407.59s] node 16 cg=4 phase=phase2 obj=230.694944 artificial=0.0 cols=2655
[clean-BPC  1410.22s] node 16 cg=4 phase=phase2 kind=heuristic best_rc=-0.0 found=0 added=0 exhausted=False cert=False
[clean-BPC  1415.57s] node 16 cg=4 phase=phase2 kind=heuristic_boost best_rc=-0.0 found=0 added=0 exhausted=True cert=True
[clean-BPC  1417.98s] branch node 16: left=arc(18,12)=off right=arc(18,12)=on
[clean-BPC  1417.98s] node 22 d=5 lb=229.302433 open=14
[clean-BPC  1418.27s] node 22 cg=1 phase=phase1 obj=0.0 artificial=0.0 cols=2655
[clean-BPC  1418.56s] node 22 cg=2 phase=phase2 obj=231.117472 artificial=0.0 cols=2655
[clean-BPC  1422.14s] node 22 cg=2 phase=phase2 kind=heuristic best_rc=-0.0 found=0 added=0 exhausted=False cert=False
[clean-BPC  1428.37s] node 22 cg=2 phase=phase2 kind=heuristic_boost best_rc=-0.0 found=0 added=0 exhausted=True cert=True
[clean-BPC  1432.66s] branch node 22: left=RF(2,10)=separate right=RF(2,10)=same
[clean-BPC  1432.66s] node 21 d=5 lb=229.302433 open=15
[clean-BPC  1432.95s] node 21 cg=1 phase=phase1 obj=0.0 artificial=0.0 cols=2655
[clean-BPC  1433.25s] node 21 cg=2 phase=phase2 obj=229.302433 artificial=0.0 cols=2655
[clean-BPC  1438.47s] node 21 cg=2 phase=phase2 kind=heuristic best_rc=-0.0 found=0 added=0 exhausted=False cert=False
[clean-BPC  1450.22s] node 21 cg=2 phase=phase2 kind=heuristic_boost best_rc=-0.0 found=0 added=0 exhausted=True cert=True
[clean-BPC  1453.83s] branch node 21: left=RF(6,20)=separate right=RF(6,20)=same
[clean-BPC  1453.83s] node 35 d=6 lb=229.302433 open=16
[clean-BPC  1454.09s] node 35 cg=1 phase=phase1 obj=0.0 artificial=0.0 cols=2655
[clean-BPC  1454.35s] node 35 cg=2 phase=phase2 obj=229.371345 artificial=0.0 cols=2655
[clean-BPC  1458.97s] node 35 cg=2 phase=phase2 kind=heuristic best_rc=-0.189405 found=8 added=8 exhausted=False cert=False
[clean-BPC  1459.22s] node 35 cg=3 phase=phase2 obj=229.371345 artificial=0.0 cols=2663
[clean-BPC  1464.03s] node 35 cg=3 phase=phase2 kind=heuristic best_rc=-0.115757 found=3 added=3 exhausted=False cert=False
[clean-BPC  1464.30s] node 35 cg=4 phase=phase2 obj=229.371345 artificial=0.0 cols=2666
[clean-BPC  1469.01s] node 35 cg=4 phase=phase2 kind=heuristic best_rc=0.0 found=0 added=0 exhausted=False cert=False
[clean-BPC  1477.64s] node 35 cg=4 phase=phase2 kind=heuristic_boost best_rc=0.0 found=0 added=0 exhausted=True cert=True
[clean-BPC  1477.64s] route-pack-conflict diag node 35 source_vehicle=1 routes=5 U=4 complete=True cache_hit=True states=120 added=0
[clean-BPC  1478.87s] cut_added family=schedule_nogood_core node=35 added=2 source_vehicle=1 route_count=4 signatures=[[6, 14, 17, 10], [4, 19, 16, 15, 18], [8, 20, 5], [1, 3, 2]]
[clean-BPC  1478.87s] node 36 d=6 lb=229.302433 open=16
[clean-BPC  1479.00s] node 36 cg=1 phase=phase1 obj=0.0 artificial=0.0 cols=2666
[clean-BPC  1479.14s] node 36 cg=2 phase=phase2 obj=229.979902 artificial=0.0 cols=2666
[clean-BPC  1482.30s] node 36 cg=2 phase=phase2 kind=heuristic best_rc=-0.0 found=0 added=0 exhausted=False cert=False
[clean-BPC  1489.58s] node 36 cg=2 phase=phase2 kind=heuristic_boost best_rc=-0.0 found=0 added=0 exhausted=True cert=True
[clean-BPC  1489.59s] route-pack-conflict diag node 36 source_vehicle=1 routes=5 U=4 complete=True cache_hit=False states=133 added=0
[clean-BPC  1490.67s] cut_added family=schedule_nogood_core node=36 added=2 source_vehicle=1 route_count=4 signatures=[[1, 5, 3, 2], [4, 19, 16, 15, 18], [6, 10, 8, 20], [7, 12, 13, 9]]
[clean-BPC  1490.67s] node 23 d=5 lb=229.371345 open=16
[clean-BPC  1490.97s] node 23 cg=1 phase=phase1 obj=0.0 artificial=0.0 cols=2666
[clean-BPC  1491.28s] node 23 cg=2 phase=phase2 obj=229.371345 artificial=0.0 cols=2666
[clean-BPC  1496.04s] node 23 cg=2 phase=phase2 kind=heuristic best_rc=-0.020488 found=8 added=8 exhausted=False cert=False
[clean-BPC  1496.34s] node 23 cg=3 phase=phase2 obj=229.371345 artificial=0.0 cols=2674
[clean-BPC  1501.07s] node 23 cg=3 phase=phase2 kind=heuristic best_rc=0.0 found=0 added=0 exhausted=False cert=False
[clean-BPC  1512.44s] node 23 cg=3 phase=phase2 kind=heuristic_boost best_rc=-0.182565333 found=4 added=4 exhausted=True cert=True
[clean-BPC  1512.74s] node 23 cg=4 phase=phase2 obj=229.371345 artificial=0.0 cols=2678
[clean-BPC  1517.82s] node 23 cg=4 phase=phase2 kind=heuristic best_rc=0.0 found=0 added=0 exhausted=False cert=False
[clean-BPC  1530.97s] node 23 cg=4 phase=phase2 kind=heuristic_boost best_rc=-0.020578 found=2 added=2 exhausted=True cert=True
[clean-BPC  1531.28s] node 23 cg=5 phase=phase2 obj=229.371345 artificial=0.0 cols=2680
[clean-BPC  1536.23s] node 23 cg=5 phase=phase2 kind=heuristic best_rc=0.0 found=0 added=0 exhausted=False cert=False
[clean-BPC  1549.17s] node 23 cg=5 phase=phase2 kind=heuristic_boost best_rc=0.0 found=0 added=0 exhausted=True cert=True
[clean-BPC  1549.18s] route-pack-conflict diag node 23 source_vehicle=1 routes=5 U=4 complete=True cache_hit=False states=114 added=0
[clean-BPC  1549.70s] cut_added family=schedule_nogood_core node=23 added=2 source_vehicle=1 route_count=3 signatures=[[10, 17, 14, 6], [18, 15, 16, 19, 4], [5, 20, 8]]
[clean-BPC  1549.70s] node 35 d=6 lb=229.371345 open=16
[clean-BPC  1549.97s] node 35 cg=1 phase=phase1 obj=0.0 artificial=0.0 cols=2680
[clean-BPC  1550.23s] node 35 cg=2 phase=phase2 obj=229.371345 artificial=0.0 cols=2680
[clean-BPC  1555.03s] node 35 cg=2 phase=phase2 kind=heuristic best_rc=-0.0 found=0 added=0 exhausted=False cert=False
[clean-BPC  1563.77s] node 35 cg=2 phase=phase2 kind=heuristic_boost best_rc=-0.0 found=0 added=0 exhausted=True cert=True
[clean-BPC  1563.78s] route-pack-conflict diag node 35 source_vehicle=1 routes=5 U=4 complete=True cache_hit=False states=126 added=0
[clean-BPC  1565.01s] cut_added family=schedule_nogood_core node=35 added=2 source_vehicle=1 route_count=4 signatures=[[6, 14, 17, 10], [4, 19, 16, 15, 18], [5, 20, 8], [1, 3, 2]]
[clean-BPC  1565.01s] node 23 d=5 lb=229.371345 open=16
[clean-BPC  1565.32s] node 23 cg=1 phase=phase1 obj=0.0 artificial=0.0 cols=2680
[clean-BPC  1565.62s] node 23 cg=2 phase=phase2 obj=229.371345 artificial=0.0 cols=2680
[clean-BPC  1570.65s] node 23 cg=2 phase=phase2 kind=heuristic best_rc=-0.0 found=0 added=0 exhausted=False cert=False
[clean-BPC  1583.59s] node 23 cg=2 phase=phase2 kind=heuristic_boost best_rc=-0.0 found=0 added=0 exhausted=True cert=True
[clean-BPC  1583.59s] route-pack-conflict diag node 23 source_vehicle=1 routes=5 U=4 complete=True cache_hit=True states=116 added=0
[clean-BPC  1584.81s] cut_added family=schedule_nogood_core node=23 added=2 source_vehicle=1 route_count=4 signatures=[[6, 14, 17, 10], [18, 15, 16, 19, 4], [5, 20, 8], [1, 3, 2]]
[clean-BPC  1584.81s] node 35 d=6 lb=229.371345 open=16
[clean-BPC  1585.08s] node 35 cg=1 phase=phase1 obj=0.0 artificial=0.0 cols=2680
[clean-BPC  1585.36s] node 35 cg=2 phase=phase2 obj=229.371345 artificial=0.0 cols=2680
[clean-BPC  1590.20s] node 35 cg=2 phase=phase2 kind=heuristic best_rc=0.0 found=0 added=0 exhausted=False cert=False
[clean-BPC  1599.09s] node 35 cg=2 phase=phase2 kind=heuristic_boost best_rc=0.0 found=0 added=0 exhausted=True cert=True
[clean-BPC  1599.09s] route-pack-conflict diag node 35 source_vehicle=1 routes=5 U=4 complete=True cache_hit=False states=119 added=0
[clean-BPC  1599.62s] cut_added family=schedule_nogood_core node=35 added=2 source_vehicle=1 route_count=3 signatures=[[10, 17, 14, 6], [4, 19, 16, 15, 18], [5, 20, 8]]
[clean-BPC  1599.62s] node 23 d=5 lb=229.371345 open=16
[clean-BPC  1599.92s] node 23 cg=1 phase=phase1 obj=0.0 artificial=0.0 cols=2680
[clean-BPC  1600.23s] node 23 cg=2 phase=phase2 obj=229.371345 artificial=0.0 cols=2680
[clean-BPC  1600.23s] cut_purged node=23 removed=1 by_kind={'schedule_nogood_core': 1} remaining=109
[clean-BPC  1600.53s] node 23 cg=3 phase=phase2 obj=229.371345 artificial=0.0 cols=2680
[clean-BPC  1605.60s] node 23 cg=3 phase=phase2 kind=heuristic best_rc=0.0 found=0 added=0 exhausted=False cert=False
[clean-BPC  1618.76s] node 23 cg=3 phase=phase2 kind=heuristic_boost best_rc=0.0 found=0 added=0 exhausted=True cert=True
[clean-BPC  1623.09s] branch node 23: left=arc(10,17)=off right=arc(10,17)=on
[clean-BPC  1623.09s] node 35 d=6 lb=229.371345 open=17
[clean-BPC  1623.36s] node 35 cg=1 phase=phase1 obj=0.0 artificial=0.0 cols=2680
[clean-BPC  1623.62s] node 35 cg=2 phase=phase2 obj=229.371345 artificial=0.0 cols=2680
[clean-BPC  1628.49s] node 35 cg=2 phase=phase2 kind=heuristic best_rc=-0.0 found=0 added=0 exhausted=False cert=False
[clean-BPC  1637.33s] node 35 cg=2 phase=phase2 kind=heuristic_boost best_rc=-0.0 found=0 added=0 exhausted=True cert=True
[clean-BPC  1639.61s] branch node 35: left=arc(20,5)=off right=arc(20,5)=on
[clean-BPC  1639.61s] node 37 d=6 lb=229.371345 open=18
[clean-BPC  1639.92s] node 37 cg=1 phase=phase1 obj=0.0 artificial=0.0 cols=2680
[clean-BPC  1640.22s] node 37 cg=2 phase=phase2 obj=229.371345 artificial=0.0 cols=2680
[clean-BPC  1644.75s] node 37 cg=2 phase=phase2 kind=heuristic best_rc=0.0 found=0 added=0 exhausted=False cert=False
[clean-BPC  1655.31s] node 37 cg=2 phase=phase2 kind=heuristic_boost best_rc=0.0 found=0 added=0 exhausted=True cert=True
[clean-BPC  1655.32s] route-pack-conflict diag node 37 source_vehicle=1 routes=5 U=4 complete=True cache_hit=True states=110 added=0
[clean-BPC  1655.65s] cut_added family=schedule_nogood_core node=37 added=1 source_vehicle=1 route_count=3 signatures=[[18, 15, 16, 19, 4], [8, 20, 5], [1, 3, 2]]
[clean-BPC  1655.65s] node 38 d=6 lb=229.371345 open=18
[clean-BPC  1655.95s] node 38 cg=1 phase=phase1 obj=0.0 artificial=0.0 cols=2680
[clean-BPC  1656.26s] node 38 cg=2 phase=phase2 obj=229.371345 artificial=0.0 cols=2680
[clean-BPC  1660.86s] node 38 cg=2 phase=phase2 kind=heuristic best_rc=-0.116536 found=2 added=2 exhausted=False cert=False
[clean-BPC  1661.17s] node 38 cg=3 phase=phase2 obj=229.371345 artificial=0.0 cols=2682
[clean-BPC  1665.38s] node 38 cg=3 phase=phase2 kind=heuristic best_rc=-0.055785 found=2 added=2 exhausted=False cert=False
[clean-BPC  1665.68s] node 38 cg=4 phase=phase2 obj=229.371345 artificial=0.0 cols=2684
[clean-BPC  1670.50s] node 38 cg=4 phase=phase2 kind=heuristic best_rc=-0.0 found=0 added=0 exhausted=False cert=False
[clean-BPC  1682.32s] node 38 cg=4 phase=phase2 kind=heuristic_boost best_rc=-0.0 found=0 added=0 exhausted=True cert=True
[clean-BPC  1682.33s] route-pack-conflict diag node 38 source_vehicle=1 routes=5 U=4 complete=True cache_hit=False states=97 added=0
[clean-BPC  1682.65s] cut_added family=schedule_nogood_core node=38 added=2 source_vehicle=1 route_count=3 signatures=[[18, 15, 16, 19, 4], [8, 20, 5], [2, 3, 1]]
[clean-BPC  1682.65s] node 39 d=7 lb=229.371345 open=18
[clean-BPC  1682.92s] node 39 cg=1 phase=phase1 obj=0.0 artificial=0.0 cols=2684
[clean-BPC  1683.21s] node 39 cg=2 phase=phase2 obj=229.371345 artificial=0.0 cols=2684
[clean-BPC  1687.67s] node 39 cg=2 phase=phase2 kind=heuristic best_rc=0.0 found=0 added=0 exhausted=False cert=False
[clean-BPC  1698.57s] node 39 cg=2 phase=phase2 kind=heuristic_boost best_rc=-0.130388 found=2 added=2 exhausted=True cert=True
[clean-BPC  1698.85s] node 39 cg=3 phase=phase2 obj=229.371345 artificial=0.0 cols=2686
[clean-BPC  1703.20s] node 39 cg=3 phase=phase2 kind=heuristic best_rc=0.0 found=0 added=0 exhausted=False cert=False
[clean-BPC  1714.00s] node 39 cg=3 phase=phase2 kind=heuristic_boost best_rc=0.0 found=0 added=0 exhausted=True cert=True
[clean-BPC  1714.01s] route-pack-conflict diag node 39 source_vehicle=1 routes=5 U=4 complete=True cache_hit=False states=123 added=0
[clean-BPC  1715.23s] cut_added family=schedule_nogood_core node=39 added=2 source_vehicle=1 route_count=4 signatures=[[6, 14, 17, 10], [4, 19, 16, 15, 18], [5, 20, 8], [2, 3, 1]]
[clean-BPC  1715.23s] node 40 d=7 lb=229.371345 open=18
[clean-BPC  1715.50s] node 40 cg=1 phase=phase1 obj=0.0 artificial=0.0 cols=2686
[clean-BPC  1715.79s] node 40 cg=2 phase=phase2 obj=229.371345 artificial=0.0 cols=2686
[clean-BPC  1720.64s] node 40 cg=2 phase=phase2 kind=heuristic best_rc=-0.004693955 found=2 added=2 exhausted=False cert=False
[clean-BPC  1720.92s] node 40 cg=3 phase=phase2 obj=229.371345 artificial=0.0 cols=2688
[clean-BPC  1725.52s] node 40 cg=3 phase=phase2 kind=heuristic best_rc=0.0 found=0 added=0 exhausted=False cert=False
[clean-BPC  1736.72s] node 40 cg=3 phase=phase2 kind=heuristic_boost best_rc=-1.197008687 found=36 added=36 exhausted=True cert=True
[clean-BPC  1737.01s] node 40 cg=4 phase=phase2 obj=229.371345 artificial=0.0 cols=2724
[clean-BPC  1737.01s] cut_purged node=40 removed=1 by_kind={'schedule_nogood_core': 1} remaining=113
[clean-BPC  1737.30s] node 40 cg=5 phase=phase2 obj=229.371345 artificial=0.0 cols=2724
[clean-BPC  1737.30s] cut_purged node=40 removed=1 by_kind={'subset_row': 1} remaining=112
[clean-BPC  1737.59s] node 40 cg=6 phase=phase2 obj=229.371345 artificial=0.0 cols=2724
[clean-BPC  1741.97s] node 40 cg=6 phase=phase2 kind=heuristic best_rc=0.0 found=0 added=0 exhausted=False cert=False
[clean-BPC  1750.36s] node 40 cg=6 phase=phase2 kind=heuristic_boost best_rc=-0.355856813 found=8 added=8 exhausted=True cert=True
[clean-BPC  1750.64s] node 40 cg=7 phase=phase2 obj=229.371345 artificial=0.0 cols=2732
[clean-BPC  1750.64s] cut_purged node=40 removed=1 by_kind={'schedule_nogood_core': 1} remaining=111
[clean-BPC  1750.93s] node 40 cg=8 phase=phase2 obj=229.371345 artificial=0.0 cols=2732
[clean-BPC  1755.24s] node 40 cg=8 phase=phase2 kind=heuristic best_rc=0.0 found=0 added=0 exhausted=False cert=False
[clean-BPC  1763.45s] node 40 cg=8 phase=phase2 kind=heuristic_boost best_rc=0.0 found=0 added=0 exhausted=True cert=True
[clean-BPC  1763.45s] route-pack-conflict diag node 40 source_vehicle=1 routes=5 U=4 complete=True cache_hit=False states=112 added=0
[clean-BPC  1764.68s] cut_added family=schedule_nogood_core node=40 added=2 source_vehicle=1 route_count=4 signatures=[[6, 14, 17, 10], [4, 19, 16, 15, 18], [8, 20, 5], [2, 3, 1]]
[clean-BPC  1764.68s] node 37 d=6 lb=229.371345 open=18
[clean-BPC  1765.00s] node 37 cg=1 phase=phase1 obj=0.0 artificial=0.0 cols=2732
[clean-BPC  1765.31s] node 37 cg=2 phase=phase2 obj=229.371345 artificial=0.0 cols=2732
[clean-BPC  1770.19s] node 37 cg=2 phase=phase2 kind=heuristic best_rc=-0.0 found=0 added=0 exhausted=False cert=False
[clean-BPC  1783.68s] node 37 cg=2 phase=phase2 kind=heuristic_boost best_rc=-0.0 found=0 added=0 exhausted=True cert=True
[clean-BPC  1783.69s] route-pack-conflict diag node 37 source_vehicle=1 routes=5 U=4 complete=True cache_hit=True states=116 added=0
[clean-BPC  1784.90s] cut_added family=schedule_nogood_core node=37 added=1 source_vehicle=1 route_count=4 signatures=[[6, 14, 17, 10], [18, 15, 16, 19, 4], [5, 20, 8], [1, 3, 2]]
[clean-BPC  1784.90s] node 38 d=6 lb=229.371345 open=18
[clean-BPC  1785.21s] node 38 cg=1 phase=phase1 obj=0.0 artificial=0.0 cols=2732
[clean-BPC  1785.52s] node 38 cg=2 phase=phase2 obj=229.371345 artificial=0.0 cols=2732
[clean-BPC  1789.93s] node 38 cg=2 phase=phase2 kind=heuristic best_rc=-0.0 found=0 added=0 exhausted=False cert=False
[clean-BPC  1800.48s] node 38 cg=2 phase=phase2 kind=heuristic_boost best_rc=-0.0 found=0 added=0 exhausted=True cert=True
[clean-BPC  1800.49s] route-pack-conflict diag node 38 source_vehicle=1 routes=5 U=4 complete=True cache_hit=False states=108 added=0
[clean-BPC  1801.02s] cut_added family=schedule_nogood_core node=38 added=1 source_vehicle=1 route_count=3 signatures=[[10, 17, 14, 6], [18, 15, 16, 19, 4], [5, 20, 8]]
[clean-BPC  1801.02s] node 39 d=7 lb=229.371345 open=18
[clean-BPC  1801.30s] node 39 cg=1 phase=phase1 obj=0.0 artificial=0.0 cols=2732
[clean-BPC  1801.59s] node 39 cg=2 phase=phase2 obj=229.38206 artificial=0.0 cols=2732
[clean-BPC  1806.45s] node 39 cg=2 phase=phase2 kind=heuristic best_rc=0.0 found=0 added=0 exhausted=False cert=False
[clean-BPC  1817.45s] node 39 cg=2 phase=phase2 kind=heuristic_boost best_rc=0.0 found=0 added=0 exhausted=True cert=True
[clean-BPC  1821.70s] branch node 39: left=arc(1,5)=off right=arc(1,5)=on
[clean-BPC  1821.71s] node 40 d=7 lb=229.371345 open=19
[clean-BPC  1821.98s] node 40 cg=1 phase=phase1 obj=0.0 artificial=0.0 cols=2732
[clean-BPC  1822.27s] node 40 cg=2 phase=phase2 obj=229.371345 artificial=0.0 cols=2732
[clean-BPC  1826.59s] node 40 cg=2 phase=phase2 kind=heuristic best_rc=0.0 found=0 added=0 exhausted=False cert=False
[clean-BPC  1835.37s] node 40 cg=2 phase=phase2 kind=heuristic_boost best_rc=0.0 found=0 added=0 exhausted=True cert=True
[clean-BPC  1837.69s] branch node 40: left=arc(1,3)=off right=arc(1,3)=on
[clean-BPC  1837.69s] node 37 d=6 lb=229.371345 open=20
[clean-BPC  1837.99s] node 37 cg=1 phase=phase1 obj=0.0 artificial=0.0 cols=2732
[clean-BPC  1838.30s] node 37 cg=2 phase=phase2 obj=229.371345 artificial=0.0 cols=2732
[clean-BPC  1843.42s] node 37 cg=2 phase=phase2 kind=heuristic best_rc=-0.0 found=0 added=0 exhausted=False cert=False
[clean-BPC  1857.48s] node 37 cg=2 phase=phase2 kind=heuristic_boost best_rc=-0.0 found=0 added=0 exhausted=True cert=True
[clean-BPC  1860.40s] branch node 37: left=arc(1,3)=off right=arc(1,3)=on
[clean-BPC  1860.40s] node 38 d=6 lb=229.371345 open=21
[clean-BPC  1860.71s] node 38 cg=1 phase=phase1 obj=0.0 artificial=0.0 cols=2732
[clean-BPC  1861.02s] node 38 cg=2 phase=phase2 obj=229.394804 artificial=0.0 cols=2732
[clean-BPC  1865.73s] node 38 cg=2 phase=phase2 kind=heuristic best_rc=0.0 found=0 added=0 exhausted=False cert=False
[clean-BPC  1876.58s] node 38 cg=2 phase=phase2 kind=heuristic_boost best_rc=-0.0 found=0 added=0 exhausted=True cert=True
[clean-BPC  1880.69s] branch node 38: left=RF(10,14)=separate right=RF(10,14)=same
[clean-BPC  1880.69s] node 43 d=8 lb=229.371345 open=22
[clean-BPC  1880.95s] node 43 cg=1 phase=phase1 obj=0.0 artificial=0.0 cols=2732
[clean-BPC  1881.23s] node 43 cg=2 phase=phase2 obj=229.371345 artificial=0.0 cols=2732
[clean-BPC  1885.71s] node 43 cg=2 phase=phase2 kind=heuristic best_rc=0.0 found=0 added=0 exhausted=False cert=False
[clean-BPC  1894.34s] node 43 cg=2 phase=phase2 kind=heuristic_boost best_rc=-0.0 found=0 added=0 exhausted=True cert=True
[clean-BPC  1894.35s] route-pack-conflict diag node 43 source_vehicle=1 routes=5 U=4 complete=True cache_hit=False states=105 added=0
[clean-BPC  1894.87s] cut_added family=schedule_nogood_core node=43 added=2 source_vehicle=1 route_count=3 signatures=[[10, 17, 14, 6], [4, 19, 16, 15, 18], [8, 20, 5]]
[clean-BPC  1894.87s] node 44 d=8 lb=229.371345 open=22
[clean-BPC  1895.16s] node 44 cg=1 phase=phase1 obj=0.0 artificial=0.0 cols=2732
[clean-BPC  1895.45s] node 44 cg=2 phase=phase2 obj=229.484794 artificial=0.0 cols=2732
[clean-BPC  1900.00s] node 44 cg=2 phase=phase2 kind=heuristic best_rc=-0.312396654 found=2 added=2 exhausted=False cert=False
[clean-BPC  1900.29s] node 44 cg=3 phase=phase2 obj=229.484794 artificial=0.0 cols=2734
[clean-BPC  1904.86s] node 44 cg=3 phase=phase2 kind=heuristic best_rc=-0.0 found=0 added=0 exhausted=False cert=False
[clean-BPC  1914.61s] node 44 cg=3 phase=phase2 kind=heuristic_boost best_rc=-0.0 found=0 added=0 exhausted=True cert=True
[clean-BPC  1918.72s] branch node 44: left=RF(8,20)=separate right=RF(8,20)=same
[clean-BPC  1918.72s] node 46 d=7 lb=229.371345 open=23
[clean-BPC  1919.03s] node 46 cg=1 phase=phase1 obj=0.0 artificial=0.0 cols=2734
[clean-BPC  1919.35s] node 46 cg=2 phase=phase2 obj=229.493871 artificial=0.0 cols=2734
[clean-BPC  1923.76s] node 46 cg=2 phase=phase2 kind=heuristic best_rc=-0.504404933 found=3 added=3 exhausted=False cert=False
[clean-BPC  1924.08s] node 46 cg=3 phase=phase2 obj=229.457842 artificial=0.0 cols=2737
[clean-BPC  1924.08s] cut_purged node=46 removed=2 by_kind={'schedule_nogood_core': 2} remaining=115
[clean-BPC  1924.40s] node 46 cg=4 phase=phase2 obj=229.457842 artificial=0.0 cols=2737
[clean-BPC  1928.96s] node 46 cg=4 phase=phase2 kind=heuristic best_rc=-0.0 found=0 added=0 exhausted=False cert=False
[clean-BPC  1941.38s] node 46 cg=4 phase=phase2 kind=heuristic_boost best_rc=-0.0 found=0 added=0 exhausted=True cert=True
[clean-BPC  1945.39s] branch node 46: left=RF(10,14)=separate right=RF(10,14)=same
[clean-BPC  1945.39s] node 45 d=7 lb=229.371345 open=24
[clean-BPC  1945.69s] node 45 cg=1 phase=phase1 obj=0.0 artificial=0.0 cols=2737
[clean-BPC  1945.99s] node 45 cg=2 phase=phase2 obj=229.371345 artificial=0.0 cols=2737
[clean-BPC  1950.95s] node 45 cg=2 phase=phase2 kind=heuristic best_rc=-0.170006 found=2 added=2 exhausted=False cert=False
[clean-BPC  1951.26s] node 45 cg=3 phase=phase2 obj=229.371345 artificial=0.0 cols=2739
[clean-BPC  1956.56s] node 45 cg=3 phase=phase2 kind=heuristic best_rc=0.0 found=0 added=0 exhausted=False cert=False
[clean-BPC  1969.20s] node 45 cg=3 phase=phase2 kind=heuristic_boost best_rc=0.0 found=0 added=0 exhausted=True cert=True
[clean-BPC  1969.21s] route-pack-conflict diag node 45 source_vehicle=1 routes=5 U=4 complete=True cache_hit=True states=107 added=0
[clean-BPC  1970.44s] cut_added family=schedule_nogood_core node=45 added=2 source_vehicle=1 route_count=4 signatures=[[6, 14, 17, 10], [18, 15, 16, 19, 4], [5, 20, 8], [2, 3, 1]]
[clean-BPC  1970.44s] node 43 d=8 lb=229.371345 open=24
[clean-BPC  1970.71s] node 43 cg=1 phase=phase1 obj=0.0 artificial=0.0 cols=2739
[clean-BPC  1971.00s] node 43 cg=2 phase=phase2 obj=229.480396 artificial=0.0 cols=2739
[clean-BPC  1971.00s] cut_purged node=43 removed=1 by_kind={'schedule_nogood_core': 1} remaining=116
[clean-BPC  1971.29s] node 43 cg=3 phase=phase2 obj=229.480396 artificial=0.0 cols=2739
[clean-BPC  1975.76s] node 43 cg=3 phase=phase2 kind=heuristic best_rc=0.0 found=0 added=0 exhausted=False cert=False
[clean-BPC  1984.80s] node 43 cg=3 phase=phase2 kind=heuristic_boost best_rc=-0.297110294 found=1 added=1 exhausted=True cert=True
[clean-BPC  1985.09s] node 43 cg=4 phase=phase2 obj=229.480396 artificial=0.0 cols=2740
[clean-BPC  1985.09s] cut_purged node=43 removed=1 by_kind={'schedule_nogood_core': 1} remaining=115
[clean-BPC  1985.36s] node 43 cg=5 phase=phase2 obj=229.480396 artificial=0.0 cols=2740
[clean-BPC  1989.73s] node 43 cg=5 phase=phase2 kind=heuristic best_rc=-0.0 found=0 added=0 exhausted=False cert=False
[clean-BPC  1998.72s] node 43 cg=5 phase=phase2 kind=heuristic_boost best_rc=-2.280787193 found=6 added=6 exhausted=True cert=True
[clean-BPC  1998.99s] node 43 cg=6 phase=phase2 obj=229.480396 artificial=0.0 cols=2746
[clean-BPC  2003.57s] node 43 cg=6 phase=phase2 kind=heuristic best_rc=0.0 found=0 added=0 exhausted=False cert=False
[clean-BPC  2013.06s] node 43 cg=6 phase=phase2 kind=heuristic_boost best_rc=0.0 found=0 added=0 exhausted=True cert=True
[clean-BPC  2016.70s] branch node 43: left=RF(8,20)=separate right=RF(8,20)=same
[clean-BPC  2016.70s] node 45 d=7 lb=229.371345 open=25
[clean-BPC  2017.00s] node 45 cg=1 phase=phase1 obj=0.0 artificial=0.0 cols=2746
[clean-BPC  2017.33s] node 45 cg=2 phase=phase2 obj=229.379813 artificial=0.0 cols=2746
[clean-BPC  2017.33s] cut_purged node=45 removed=1 by_kind={'schedule_nogood_core': 1} remaining=114
[clean-BPC  2017.64s] node 45 cg=3 phase=phase2 obj=229.379813 artificial=0.0 cols=2746
[clean-BPC  2022.40s] node 45 cg=3 phase=phase2 kind=heuristic best_rc=0.0 found=0 added=0 exhausted=False cert=False
[clean-BPC  2033.64s] node 45 cg=3 phase=phase2 kind=heuristic_boost best_rc=0.0 found=0 added=0 exhausted=True cert=True
[clean-BPC  2037.74s] branch node 45: left=RF(2,14)=separate right=RF(2,14)=same
[clean-BPC  2037.74s] node 30 d=5 lb=229.373154 open=26
[clean-BPC  2037.99s] node 30 cg=1 phase=phase1 obj=0.0 artificial=0.0 cols=2746
[clean-BPC  2038.25s] node 30 cg=2 phase=phase2 obj=230.123129 artificial=0.0 cols=2746
[clean-BPC  2038.25s] cut_purged node=30 removed=2 by_kind={'schedule_nogood_core': 2} remaining=112
[clean-BPC  2038.50s] node 30 cg=3 phase=phase2 obj=230.123129 artificial=0.0 cols=2746
[clean-BPC  2041.64s] node 30 cg=3 phase=phase2 kind=heuristic best_rc=0.044074 found=0 added=0 exhausted=False cert=False
[clean-BPC  2049.99s] node 30 cg=3 phase=phase2 kind=heuristic_boost best_rc=-0.3903975 found=4 added=4 exhausted=True cert=True
[clean-BPC  2050.24s] node 30 cg=4 phase=phase2 obj=230.123129 artificial=0.0 cols=2750
[clean-BPC  2053.29s] node 30 cg=4 phase=phase2 kind=heuristic best_rc=-0.052904 found=4 added=4 exhausted=False cert=False
[clean-BPC  2053.55s] node 30 cg=5 phase=phase2 obj=230.123129 artificial=0.0 cols=2754
[clean-BPC  2056.63s] node 30 cg=5 phase=phase2 kind=heuristic best_rc=0.0 found=0 added=0 exhausted=False cert=False
[clean-BPC  2064.69s] node 30 cg=5 phase=phase2 kind=heuristic_boost best_rc=0.0 found=0 added=0 exhausted=True cert=True
[clean-BPC  2067.81s] branch node 30: left=RF(11,13)=separate right=RF(11,13)=same
[clean-BPC  2067.81s] node 29 d=5 lb=229.373154 open=27
[clean-BPC  2068.05s] node 29 cg=1 phase=phase1 obj=0.0 artificial=0.0 cols=2754
[clean-BPC  2068.29s] node 29 cg=2 phase=phase2 obj=229.39794 artificial=0.0 cols=2754
[clean-BPC  2071.22s] node 29 cg=2 phase=phase2 kind=heuristic best_rc=0.07939975 found=0 added=0 exhausted=False cert=False
[clean-BPC  2079.84s] node 29 cg=2 phase=phase2 kind=heuristic_boost best_rc=-0.960736 found=34 added=34 exhausted=True cert=True
[clean-BPC  2080.08s] node 29 cg=3 phase=phase2 obj=229.39794 artificial=0.0 cols=2788
[clean-BPC  2080.08s] cut_purged node=29 removed=2 by_kind={'schedule_nogood_core': 2} remaining=110
[clean-BPC  2080.34s] node 29 cg=4 phase=phase2 obj=229.39794 artificial=0.0 cols=2788
[clean-BPC  2083.23s] node 29 cg=4 phase=phase2 kind=heuristic best_rc=-0.014272 found=2 added=2 exhausted=False cert=False
[clean-BPC  2083.47s] node 29 cg=5 phase=phase2 obj=229.39794 artificial=0.0 cols=2790
[clean-BPC  2083.47s] cut_purged node=29 removed=2 by_kind={'schedule_nogood_core': 2} remaining=108
[clean-BPC  2083.71s] node 29 cg=6 phase=phase2 obj=229.39794 artificial=0.0 cols=2790
[clean-BPC  2086.65s] node 29 cg=6 phase=phase2 kind=heuristic best_rc=-0.25295425 found=1 added=1 exhausted=False cert=False
[clean-BPC  2086.90s] node 29 cg=7 phase=phase2 obj=229.39794 artificial=0.0 cols=2791
[clean-BPC  2089.86s] node 29 cg=7 phase=phase2 kind=heuristic best_rc=0.0808405 found=0 added=0 exhausted=False cert=False
[clean-BPC  2101.72s] node 29 cg=7 phase=phase2 kind=heuristic_boost best_rc=0.0808405 found=0 added=0 exhausted=True cert=True
[clean-BPC  2101.73s] route-pack-conflict diag node 29 source_vehicle=1 routes=5 U=4 complete=True cache_hit=False states=120 added=0
[clean-BPC  2102.80s] cut_added family=schedule_nogood_core node=29 added=2 source_vehicle=1 route_count=4 signatures=[[4, 19, 16, 15, 18], [2, 6, 10, 8], [1, 3, 20, 5], [7, 12, 13, 9]]
[clean-BPC  2102.80s] node 55 d=8 lb=229.379813 open=27
[clean-BPC  2103.11s] node 55 cg=1 phase=phase1 obj=0.0 artificial=0.0 cols=2791
[clean-BPC  2103.42s] node 55 cg=2 phase=phase2 obj=229.371345 artificial=0.0 cols=2791
[clean-BPC  2108.20s] node 55 cg=2 phase=phase2 kind=heuristic best_rc=-0.082775 found=7 added=7 exhausted=False cert=False
[clean-BPC  2108.51s] node 55 cg=3 phase=phase2 obj=229.371345 artificial=0.0 cols=2798
[clean-BPC  2113.11s] node 55 cg=3 phase=phase2 kind=heuristic best_rc=-0.0 found=0 added=0 exhausted=False cert=False
[clean-BPC  2124.88s] node 55 cg=3 phase=phase2 kind=heuristic_boost best_rc=-0.499954 found=2 added=2 exhausted=True cert=True
[clean-BPC  2125.19s] node 55 cg=4 phase=phase2 obj=229.371345 artificial=0.0 cols=2800
[clean-BPC  2130.11s] node 55 cg=4 phase=phase2 kind=heuristic best_rc=-0.0 found=0 added=0 exhausted=False cert=False
[clean-BPC  2141.78s] node 55 cg=4 phase=phase2 kind=heuristic_boost best_rc=-0.0 found=0 added=0 exhausted=True cert=True
[clean-BPC  2141.79s] route-pack-conflict diag node 55 source_vehicle=1 routes=5 U=4 complete=True cache_hit=True states=107 added=0
[clean-BPC  2143.00s] cut_added family=schedule_nogood_core node=55 added=1 source_vehicle=1 route_count=4 signatures=[[6, 14, 17, 10], [18, 15, 16, 19, 4], [5, 20, 8], [2, 3, 1]]
[clean-BPC  2143.00s] node 55 d=8 lb=229.371345 open=27
[clean-BPC  2143.32s] node 55 cg=1 phase=phase1 obj=0.0 artificial=0.0 cols=2800
[clean-BPC  2143.64s] node 55 cg=2 phase=phase2 obj=229.371345 artificial=0.0 cols=2800
[clean-BPC  2148.68s] node 55 cg=2 phase=phase2 kind=heuristic best_rc=-0.0 found=0 added=0 exhausted=False cert=False
[clean-BPC  2160.42s] node 55 cg=2 phase=phase2 kind=heuristic_boost best_rc=-0.0 found=0 added=0 exhausted=True cert=True
[clean-BPC  2160.43s] route-pack-conflict diag node 55 source_vehicle=1 routes=5 U=3 complete=True cache_hit=False states=95 added=2
[clean-BPC  2160.43s] cut_added family=schedule_route_set_packing node=55 added=2 source=schedule_conflict first(vehicle=1, routes=5, U=3, states=95, cache_hit=False)
[clean-BPC  2160.43s] node 55 d=8 lb=229.371345 open=27
[clean-BPC  2160.73s] node 55 cg=1 phase=phase1 obj=0.0 artificial=0.0 cols=2800
[clean-BPC  2161.04s] node 55 cg=2 phase=phase2 obj=229.394115 artificial=0.0 cols=2800
[clean-BPC  2165.79s] node 55 cg=2 phase=phase2 kind=heuristic best_rc=-0.02276975 found=1 added=1 exhausted=False cert=False
[clean-BPC  2166.09s] node 55 cg=3 phase=phase2 obj=229.391585 artificial=0.0 cols=2801
[clean-BPC  2170.88s] node 55 cg=3 phase=phase2 kind=heuristic best_rc=0.148082 found=0 added=0 exhausted=False cert=False
[clean-BPC  2182.25s] node 55 cg=3 phase=phase2 kind=heuristic_boost best_rc=0.148082 found=0 added=0 exhausted=True cert=True
[clean-BPC  2186.14s] branch node 55: left=RF(2,10)=separate right=RF(2,10)=same
[clean-BPC  2186.14s] node 56 d=8 lb=229.379813 open=28
[clean-BPC  2186.36s] node 56 cg=1 phase=phase1 obj=0.0 artificial=0.0 cols=2801
[clean-BPC  2186.62s] node 56 cg=2 phase=phase2 obj=231.244672 artificial=0.0 cols=2801
[clean-BPC  2190.52s] node 56 cg=2 phase=phase2 kind=heuristic best_rc=-0.2000615 found=6 added=6 exhausted=False cert=False
[clean-BPC  2190.77s] node 56 cg=3 phase=phase2 obj=231.130648 artificial=0.0 cols=2807
[clean-BPC  2190.77s] cut_purged node=56 removed=1 by_kind={'schedule_nogood_core': 1} remaining=112
[clean-BPC  2191.02s] node 56 cg=4 phase=phase2 obj=231.130648 artificial=0.0 cols=2807
[clean-BPC  2194.83s] node 56 cg=4 phase=phase2 kind=heuristic best_rc=-0.007958 found=1 added=1 exhausted=False cert=False
[clean-BPC  2195.08s] node 56 cg=5 phase=phase2 obj=231.130648 artificial=0.0 cols=2808
[clean-BPC  2198.91s] node 56 cg=5 phase=phase2 kind=heuristic best_rc=0.0 found=0 added=0 exhausted=False cert=False
[clean-BPC  2206.72s] node 56 cg=5 phase=phase2 kind=heuristic_boost best_rc=-0.482799 found=3 added=3 exhausted=True cert=True
[clean-BPC  2206.97s] node 56 cg=6 phase=phase2 obj=231.130648 artificial=0.0 cols=2811
[clean-BPC  2210.78s] node 56 cg=6 phase=phase2 kind=heuristic best_rc=-0.0 found=0 added=0 exhausted=False cert=False
[clean-BPC  2218.60s] node 56 cg=6 phase=phase2 kind=heuristic_boost best_rc=-0.0 found=0 added=0 exhausted=True cert=True
[clean-BPC  2218.61s] route-pack-conflict diag node 56 source_vehicle=1 routes=5 U=4 complete=True cache_hit=False states=108 added=0
[clean-BPC  2218.91s] cut_added family=schedule_nogood_core node=56 added=2 source_vehicle=1 route_count=3 signatures=[[18, 15, 16, 19, 4], [2, 17, 14], [1, 5, 3]]
[clean-BPC  2218.91s] node 42 d=8 lb=229.38206 open=28
[clean-BPC  2219.20s] node 42 cg=1 phase=phase1 obj=0.0 artificial=0.0 cols=2811
[clean-BPC  2219.49s] node 42 cg=2 phase=phase2 obj=229.759473 artificial=0.0 cols=2811
[clean-BPC  2219.49s] cut_purged node=42 removed=1 by_kind={'schedule_nogood_core': 1} remaining=113
[clean-BPC  2219.79s] node 42 cg=3 phase=phase2 obj=229.759473 artificial=0.0 cols=2811
[clean-BPC  2224.35s] node 42 cg=3 phase=phase2 kind=heuristic best_rc=0.148082 found=0 added=0 exhausted=False cert=False
[clean-BPC  2232.97s] node 42 cg=3 phase=phase2 kind=heuristic_boost best_rc=0.148082 found=0 added=0 exhausted=True cert=True
[clean-BPC  2232.98s] route-pack-conflict diag node 42 source_vehicle=1 routes=5 U=4 complete=True cache_hit=False states=118 added=0
[clean-BPC  2234.18s] cut_added family=schedule_nogood_core node=42 added=2 source_vehicle=1 route_count=4 signatures=[[6, 14, 17, 10], [4, 19, 16, 15, 18], [2, 8, 20], [1, 5, 3]]
[clean-BPC  2234.18s] node 41 d=8 lb=229.38206 open=28
[clean-BPC  2234.47s] node 41 cg=1 phase=phase1 obj=0.0 artificial=0.0 cols=2811
[clean-BPC  2234.77s] node 41 cg=2 phase=phase2 obj=229.371345 artificial=0.0 cols=2811
[clean-BPC  2239.87s] node 41 cg=2 phase=phase2 kind=heuristic best_rc=0.222741 found=0 added=0 exhausted=False cert=False
[clean-BPC  2252.31s] node 41 cg=2 phase=phase2 kind=heuristic_boost best_rc=0.148082 found=0 added=0 exhausted=True cert=True
[clean-BPC  2252.31s] route-pack-conflict diag node 41 source_vehicle=1 routes=5 U=4 complete=True cache_hit=True states=126 added=0
[clean-BPC  2253.51s] cut_added family=schedule_nogood_core node=41 added=1 source_vehicle=1 route_count=4 signatures=[[6, 14, 17, 10], [4, 19, 16, 15, 18], [5, 20, 8], [1, 3, 2]]
[clean-BPC  2253.51s] node 41 d=8 lb=229.371345 open=28
[clean-BPC  2253.79s] node 41 cg=1 phase=phase1 obj=0.0 artificial=0.0 cols=2811
[clean-BPC  2254.09s] node 41 cg=2 phase=phase2 obj=229.371345 artificial=0.0 cols=2811
[clean-BPC  2258.64s] node 41 cg=2 phase=phase2 kind=heuristic best_rc=0.148082 found=0 added=0 exhausted=False cert=False
[clean-BPC  2269.21s] node 41 cg=2 phase=phase2 kind=heuristic_boost best_rc=0.148082 found=0 added=0 exhausted=True cert=True
[clean-BPC  2269.22s] route-pack-conflict diag node 41 source_vehicle=1 routes=5 U=4 complete=True cache_hit=True states=119 added=0
[clean-BPC  2269.74s] cut_added family=schedule_nogood_core node=41 added=1 source_vehicle=1 route_count=3 signatures=[[10, 17, 14, 6], [4, 19, 16, 15, 18], [5, 20, 8]]
[clean-BPC  2269.74s] node 41 d=8 lb=229.371345 open=28
[clean-BPC  2270.01s] node 41 cg=1 phase=phase1 obj=0.0 artificial=0.0 cols=2811
[clean-BPC  2270.31s] node 41 cg=2 phase=phase2 obj=229.371345 artificial=0.0 cols=2811
[clean-BPC  2274.98s] node 41 cg=2 phase=phase2 kind=heuristic best_rc=0.148082 found=0 added=0 exhausted=False cert=False
[clean-BPC  2286.21s] node 41 cg=2 phase=phase2 kind=heuristic_boost best_rc=0.148082 found=0 added=0 exhausted=True cert=True
[clean-BPC  2286.22s] route-pack-conflict diag node 41 source_vehicle=1 routes=5 U=4 complete=True cache_hit=True states=123 added=0
[clean-BPC  2287.45s] cut_added family=schedule_nogood_core node=41 added=1 source_vehicle=1 route_count=4 signatures=[[6, 14, 17, 10], [4, 19, 16, 15, 18], [5, 20, 8], [2, 3, 1]]
[clean-BPC  2287.45s] node 41 d=8 lb=229.371345 open=28
[clean-BPC  2287.73s] node 41 cg=1 phase=phase1 obj=0.0 artificial=0.0 cols=2811
[clean-BPC  2288.04s] node 41 cg=2 phase=phase2 obj=229.38206 artificial=0.0 cols=2811
[clean-BPC  2292.88s] node 41 cg=2 phase=phase2 kind=heuristic best_rc=0.148082 found=0 added=0 exhausted=False cert=False
[clean-BPC  2303.72s] node 41 cg=2 phase=phase2 kind=heuristic_boost best_rc=0.148082 found=0 added=0 exhausted=True cert=True
[clean-BPC  2308.05s] branch node 41: left=arc(20,19)=off right=arc(20,19)=on
[clean-BPC  2308.05s] node 61 d=9 lb=229.38206 open=29
[clean-BPC  2308.34s] node 61 cg=1 phase=phase1 obj=0.0 artificial=0.0 cols=2811
[clean-BPC  2308.63s] node 61 cg=2 phase=phase2 obj=229.389517 artificial=0.0 cols=2811
[clean-BPC  2313.31s] node 61 cg=2 phase=phase2 kind=heuristic best_rc=0.148082 found=0 added=0 exhausted=False cert=False
[clean-BPC  2323.76s] node 61 cg=2 phase=phase2 kind=heuristic_boost best_rc=0.148082 found=0 added=0 exhausted=True cert=True
[clean-BPC  2327.67s] branch node 61: left=RF(14,20)=separate right=RF(14,20)=same
[clean-BPC  2327.67s] node 62 d=9 lb=229.38206 open=30
[clean-BPC  2327.96s] node 62 cg=1 phase=phase1 obj=0.0 artificial=0.0 cols=2811
[clean-BPC  2328.26s] node 62 cg=2 phase=phase2 obj=231.495732 artificial=0.0 cols=2811
[clean-BPC  2328.26s] cut_purged node=62 removed=1 by_kind={'schedule_nogood_core': 1} remaining=117
[clean-BPC  2328.55s] node 62 cg=3 phase=phase2 obj=231.495732 artificial=0.0 cols=2811
[clean-BPC  2332.88s] node 62 cg=3 phase=phase2 kind=heuristic best_rc=-0.101652 found=2 added=2 exhausted=False cert=False
[clean-BPC  2333.18s] node 62 cg=4 phase=phase2 obj=231.495732 artificial=0.0 cols=2813
[clean-BPC  2333.18s] cut_purged node=62 removed=1 by_kind={'schedule_nogood_core': 1} remaining=116
[clean-BPC  2333.49s] node 62 cg=5 phase=phase2 obj=231.495732 artificial=0.0 cols=2813
[clean-BPC  2338.30s] node 62 cg=5 phase=phase2 kind=heuristic best_rc=-0.03105 found=1 added=1 exhausted=False cert=False
[clean-BPC  2338.59s] node 62 cg=6 phase=phase2 obj=231.495732 artificial=0.0 cols=2814
[clean-BPC  2343.23s] node 62 cg=6 phase=phase2 kind=heuristic best_rc=-0.329868 found=3 added=3 exhausted=False cert=False
[clean-BPC  2343.54s] node 62 cg=7 phase=phase2 obj=231.495732 artificial=0.0 cols=2817
[clean-BPC  2347.97s] node 62 cg=7 phase=phase2 kind=heuristic best_rc=0.247505 found=0 added=0 exhausted=False cert=False
[clean-BPC  2357.75s] node 62 cg=7 phase=phase2 kind=heuristic_boost best_rc=0.247505 found=0 added=0 exhausted=True cert=True
[clean-BPC  2362.26s] branch node 62: left=RF(2,5)=separate right=RF(2,5)=same
[clean-BPC  2362.26s] node 63 d=10 lb=229.389517 open=31
[clean-BPC  2362.54s] node 63 cg=1 phase=phase1 obj=0.0 artificial=0.0 cols=2817
[clean-BPC  2362.85s] node 63 cg=2 phase=phase2 obj=229.423642 artificial=0.0 cols=2817
[clean-BPC  2367.67s] node 63 cg=2 phase=phase2 kind=heuristic best_rc=-0.243012217 found=2 added=2 exhausted=False cert=False
[clean-BPC  2367.96s] node 63 cg=3 phase=phase2 obj=229.423642 artificial=0.0 cols=2819
[clean-BPC  2372.99s] node 63 cg=3 phase=phase2 kind=heuristic best_rc=0.044872174 found=0 added=0 exhausted=False cert=False
[clean-BPC  2384.38s] node 63 cg=3 phase=phase2 kind=heuristic_boost best_rc=0.044872174 found=0 added=0 exhausted=True cert=True
[clean-BPC  2388.31s] branch node 63: left=arc(3,17)=off right=arc(3,17)=on
[clean-BPC  2388.31s] node 64 d=10 lb=229.389517 open=32
[clean-BPC  2388.54s] node 64 cg=1 phase=phase1 obj=0.0 artificial=0.0 cols=2819
[clean-BPC  2388.77s] node 64 cg=2 phase=phase2 obj=231.405487 artificial=0.0 cols=2819
[clean-BPC  2391.98s] node 64 cg=2 phase=phase2 kind=heuristic best_rc=-0.189844 found=2 added=2 exhausted=False cert=False
[clean-BPC  2392.20s] node 64 cg=3 phase=phase2 obj=231.405487 artificial=0.0 cols=2821
[clean-BPC  2395.27s] node 64 cg=3 phase=phase2 kind=heuristic best_rc=-0.0 found=0 added=0 exhausted=False cert=False
[clean-BPC  2400.61s] node 64 cg=3 phase=phase2 kind=heuristic_boost best_rc=-0.0 found=0 added=0 exhausted=True cert=True
[clean-BPC  2403.70s] branch node 64: left=RF(2,5)=separate right=RF(2,5)=same
[clean-BPC  2403.70s] node 59 d=9 lb=229.391585 open=33
[clean-BPC  2404.00s] node 59 cg=1 phase=phase1 obj=0.0 artificial=0.0 cols=2821
[clean-BPC  2404.30s] node 59 cg=2 phase=phase2 obj=229.394591 artificial=0.0 cols=2821
[clean-BPC  2409.09s] node 59 cg=2 phase=phase2 kind=heuristic best_rc=0.148082 found=0 added=0 exhausted=False cert=False
[clean-BPC  2420.17s] node 59 cg=2 phase=phase2 kind=heuristic_boost best_rc=0.148082 found=0 added=0 exhausted=True cert=True
[clean-BPC  2423.98s] branch node 59: left=RF(2,5)=separate right=RF(2,5)=same
[clean-BPC  2423.98s] node 60 d=9 lb=229.391585 open=34
[clean-BPC  2424.25s] node 60 cg=1 phase=phase1 obj=0.0 artificial=0.0 cols=2821
[clean-BPC  2424.51s] node 60 cg=2 phase=phase2 obj=230.568371 artificial=0.0 cols=2821
[clean-BPC  2428.23s] node 60 cg=2 phase=phase2 kind=heuristic best_rc=0.222741 found=0 added=0 exhausted=False cert=False
[clean-BPC  2436.17s] node 60 cg=2 phase=phase2 kind=heuristic_boost best_rc=0.222741 found=0 added=0 exhausted=True cert=True
[clean-BPC  2439.53s] branch node 60: left=RF(2,6)=separate right=RF(2,6)=same
[clean-BPC  2439.53s] node 71 d=10 lb=229.394591 open=35
[clean-BPC  2439.82s] node 71 cg=1 phase=phase1 obj=0.0 artificial=0.0 cols=2821
[clean-BPC  2440.13s] node 71 cg=2 phase=phase2 obj=229.54007 artificial=0.0 cols=2821
[clean-BPC  2444.20s] node 71 cg=2 phase=phase2 kind=heuristic best_rc=0.093459429 found=0 added=0 exhausted=False cert=False
[clean-BPC  2453.47s] node 71 cg=2 phase=phase2 kind=heuristic_boost best_rc=-0.154905 found=2 added=2 exhausted=True cert=True
[clean-BPC  2453.77s] node 71 cg=3 phase=phase2 obj=229.54007 artificial=0.0 cols=2823
[clean-BPC  2457.89s] node 71 cg=3 phase=phase2 kind=heuristic best_rc=0.093459429 found=0 added=0 exhausted=False cert=False
[clean-BPC  2467.19s] node 71 cg=3 phase=phase2 kind=heuristic_boost best_rc=0.0 found=0 added=0 exhausted=True cert=True
[clean-BPC  2471.03s] branch node 71: left=RF(4,18)=separate right=RF(4,18)=same
[clean-BPC  2471.03s] node 72 d=10 lb=229.394591 open=36
[clean-BPC  2471.28s] node 72 cg=1 phase=phase1 obj=0.0 artificial=0.0 cols=2823
[clean-BPC  2471.55s] node 72 cg=2 phase=phase2 obj=229.861427 artificial=0.0 cols=2823
[clean-BPC  2475.57s] node 72 cg=2 phase=phase2 kind=heuristic best_rc=0.222741 found=0 added=0 exhausted=False cert=False
[clean-BPC  2484.71s] node 72 cg=2 phase=phase2 kind=heuristic_boost best_rc=0.175612708 found=0 added=0 exhausted=True cert=True
[clean-BPC  2487.95s] branch node 72: left=arc(17,3)=off right=arc(17,3)=on
[clean-BPC  2487.95s] node 48 d=7 lb=229.394804 open=37
[clean-BPC  2488.22s] node 48 cg=1 phase=phase1 obj=0.0 artificial=0.0 cols=2823
[clean-BPC  2488.46s] node 48 cg=2 phase=phase2 obj=229.371345 artificial=0.0 cols=2823
[clean-BPC  2488.47s] cut_purged node=48 removed=2 by_kind={'schedule_nogood_core': 2} remaining=114
[clean-BPC  2488.73s] node 48 cg=3 phase=phase2 obj=229.371345 artificial=0.0 cols=2823
[clean-BPC  2492.61s] node 48 cg=3 phase=phase2 kind=heuristic best_rc=-0.2273866 found=1 added=1 exhausted=False cert=False
[clean-BPC  2492.87s] node 48 cg=4 phase=phase2 obj=229.371345 artificial=0.0 cols=2824
[clean-BPC  2496.67s] node 48 cg=4 phase=phase2 kind=heuristic best_rc=0.264366 found=0 added=0 exhausted=False cert=False
[clean-BPC  2507.03s] node 48 cg=4 phase=phase2 kind=heuristic_boost best_rc=-0.0 found=0 added=0 exhausted=True cert=True
[clean-BPC  2507.04s] route-pack-conflict diag node 48 source_vehicle=1 routes=5 U=4 complete=True cache_hit=True states=114 added=0
[clean-BPC  2507.56s] cut_added family=schedule_nogood_core node=48 added=1 source_vehicle=1 route_count=3 signatures=[[10, 17, 14, 6], [18, 15, 16, 19, 4], [5, 20, 8]]
[clean-BPC  2507.56s] node 48 d=7 lb=229.371345 open=37
[clean-BPC  2507.82s] node 48 cg=1 phase=phase1 obj=0.0 artificial=0.0 cols=2824
[clean-BPC  2508.08s] node 48 cg=2 phase=phase2 obj=229.371345 artificial=0.0 cols=2824
[clean-BPC  2511.97s] node 48 cg=2 phase=phase2 kind=heuristic best_rc=0.264366 found=0 added=0 exhausted=False cert=False
[clean-BPC  2522.55s] node 48 cg=2 phase=phase2 kind=heuristic_boost best_rc=-0.0 found=0 added=0 exhausted=True cert=True
[clean-BPC  2522.56s] route-pack-conflict diag node 48 source_vehicle=1 routes=5 U=4 complete=True cache_hit=False states=108 added=0
[clean-BPC  2522.88s] cut_added family=schedule_nogood_core node=48 added=1 source_vehicle=1 route_count=3 signatures=[[18, 15, 16, 19, 4], [8, 20, 5], [1, 3, 2]]
[clean-BPC  2522.88s] node 48 d=7 lb=229.371345 open=37
[clean-BPC  2523.14s] node 48 cg=1 phase=phase1 obj=0.0 artificial=0.0 cols=2824
[clean-BPC  2523.39s] node 48 cg=2 phase=phase2 obj=229.371345 artificial=0.0 cols=2824
[clean-BPC  2527.31s] node 48 cg=2 phase=phase2 kind=heuristic best_rc=0.264366 found=0 added=0 exhausted=False cert=False
[clean-BPC  2537.87s] node 48 cg=2 phase=phase2 kind=heuristic_boost best_rc=0.0 found=0 added=0 exhausted=True cert=True
[clean-BPC  2537.87s] route-pack-conflict diag node 48 source_vehicle=1 routes=5 U=4 complete=True cache_hit=True states=97 added=0
[clean-BPC  2538.20s] cut_added family=schedule_nogood_core node=48 added=1 source_vehicle=1 route_count=3 signatures=[[18, 15, 16, 19, 4], [8, 20, 5], [2, 3, 1]]
[clean-BPC  2538.20s] node 48 d=7 lb=229.371345 open=37
[clean-BPC  2538.46s] node 48 cg=1 phase=phase1 obj=0.0 artificial=0.0 cols=2824
[clean-BPC  2538.72s] node 48 cg=2 phase=phase2 obj=229.46929 artificial=0.0 cols=2824
[clean-BPC  2542.70s] node 48 cg=2 phase=phase2 kind=heuristic best_rc=0.0942916 found=0 added=0 exhausted=False cert=False
[clean-BPC  2553.70s] node 48 cg=2 phase=phase2 kind=heuristic_boost best_rc=0.0942916 found=0 added=0 exhausted=True cert=True
[clean-BPC  2557.07s] branch node 48: left=arc(19,20)=off right=arc(19,20)=on
[clean-BPC  2557.07s] node 47 d=7 lb=229.394804 open=38
[clean-BPC  2557.39s] node 47 cg=1 phase=phase1 obj=0.0 artificial=0.0 cols=2824
[clean-BPC  2557.71s] node 47 cg=2 phase=phase2 obj=230.582456 artificial=0.0 cols=2824
[clean-BPC  2561.43s] node 47 cg=2 phase=phase2 kind=heuristic best_rc=0.090454 found=0 added=0 exhausted=False cert=False
[clean-BPC  2568.41s] node 47 cg=2 phase=phase2 kind=heuristic_boost best_rc=0.01527 found=0 added=0 exhausted=True cert=True
[clean-BPC  2572.59s] branch node 47: left=RF(2,6)=separate right=RF(2,6)=same
[clean-BPC  2572.59s] node 29 d=5 lb=229.39794 open=39
[clean-BPC  2572.84s] node 29 cg=1 phase=phase1 obj=0.0 artificial=0.0 cols=2824
[clean-BPC  2573.09s] node 29 cg=2 phase=phase2 obj=229.39794 artificial=0.0 cols=2824
[clean-BPC  2576.14s] node 29 cg=2 phase=phase2 kind=heuristic best_rc=0.136452 found=0 added=0 exhausted=False cert=False
[clean-BPC  2585.97s] node 29 cg=2 phase=phase2 kind=heuristic_boost best_rc=-0.0 found=0 added=0 exhausted=True cert=True
[clean-BPC  2585.97s] route-pack-conflict diag node 29 source_vehicle=1 routes=5 U=4 complete=True cache_hit=True states=120 added=0
[clean-BPC  2587.04s] cut_added family=schedule_nogood_core node=29 added=1 source_vehicle=1 route_count=4 signatures=[[4, 19, 16, 15, 18], [2, 6, 10, 8], [1, 3, 20, 5], [7, 12, 13, 9]]
[clean-BPC  2587.04s] node 14 d=4 lb=229.39794 open=39
[clean-BPC  2587.16s] node 14 cg=1 phase=phase1 obj=0.0 artificial=0.0 cols=2824
[clean-BPC  2587.27s] node 14 cg=2 phase=phase2 obj=229.39794 artificial=0.0 cols=2824
[clean-BPC  2590.76s] node 14 cg=2 phase=phase2 kind=heuristic best_rc=-0.213666 found=2 added=2 exhausted=False cert=False
[clean-BPC  2590.87s] node 14 cg=3 phase=phase2 obj=229.39794 artificial=0.0 cols=2826
[clean-BPC  2594.53s] node 14 cg=3 phase=phase2 kind=heuristic best_rc=-0.053969833 found=2 added=2 exhausted=False cert=False
[clean-BPC  2594.64s] node 14 cg=4 phase=phase2 obj=229.39794 artificial=0.0 cols=2828
[clean-BPC  2594.64s] cut_purged node=14 removed=1 by_kind={'schedule_nogood_core': 1} remaining=117
[clean-BPC  2594.75s] node 14 cg=5 phase=phase2 obj=229.39794 artificial=0.0 cols=2828
[clean-BPC  2598.39s] node 14 cg=5 phase=phase2 kind=heuristic best_rc=0.0 found=0 added=0 exhausted=False cert=False
[clean-BPC  2607.40s] node 14 cg=5 phase=phase2 kind=heuristic_boost best_rc=-0.0 found=0 added=0 exhausted=True cert=True
[clean-BPC  2607.40s] route-pack-conflict diag node 14 source_vehicle=1 routes=5 U=4 complete=True cache_hit=True states=112 added=0
[clean-BPC  2608.06s] cut_added family=schedule_nogood_core node=14 added=1 source_vehicle=1 route_count=3 signatures=[[18, 15, 16, 19, 4], [2, 6, 10, 8], [1, 3, 20, 5]]
[clean-BPC  2608.06s] node 29 d=5 lb=229.39794 open=39
[clean-BPC  2608.30s] node 29 cg=1 phase=phase1 obj=0.0 artificial=0.0 cols=2828
[clean-BPC  2608.54s] node 29 cg=2 phase=phase2 obj=229.39794 artificial=0.0 cols=2828
[clean-BPC  2611.57s] node 29 cg=2 phase=phase2 kind=heuristic best_rc=0.051482 found=0 added=0 exhausted=False cert=False
[clean-BPC  2620.83s] node 29 cg=2 phase=phase2 kind=heuristic_boost best_rc=0.051482 found=0 added=0 exhausted=True cert=True
[clean-BPC  2620.84s] route-pack-conflict diag node 29 source_vehicle=1 routes=5 U=4 complete=True cache_hit=False states=120 added=0
[clean-BPC  2621.91s] cut_added family=schedule_nogood_core node=29 added=2 source_vehicle=1 route_count=4 signatures=[[4, 19, 16, 15, 18], [2, 6, 10, 8], [1, 3, 20, 5], [9, 13, 12, 7]]
[clean-BPC  2621.91s] node 14 d=4 lb=229.39794 open=39
[clean-BPC  2622.03s] node 14 cg=1 phase=phase1 obj=0.0 artificial=0.0 cols=2828
[clean-BPC  2622.15s] node 14 cg=2 phase=phase2 obj=229.39794 artificial=0.0 cols=2828
[clean-BPC  2622.15s] cut_purged node=14 removed=3 by_kind={'schedule_nogood_core': 3} remaining=117
[clean-BPC  2622.27s] node 14 cg=3 phase=phase2 obj=229.39794 artificial=0.0 cols=2828
[clean-BPC  2625.91s] node 14 cg=3 phase=phase2 kind=heuristic best_rc=-0.0 found=0 added=0 exhausted=False cert=False
[clean-BPC  2635.13s] node 14 cg=3 phase=phase2 kind=heuristic_boost best_rc=-0.0 found=0 added=0 exhausted=True cert=True
[clean-BPC  2635.14s] route-pack-conflict diag node 14 source_vehicle=1 routes=5 U=4 complete=True cache_hit=False states=112 added=0
[clean-BPC  2635.77s] cut_added family=schedule_nogood_core node=14 added=2 source_vehicle=1 route_count=3 signatures=[[18, 15, 16, 19, 4], [2, 8, 10, 6], [1, 3, 20, 5]]
[clean-BPC  2635.77s] node 29 d=5 lb=229.39794 open=39
[clean-BPC  2636.02s] node 29 cg=1 phase=phase1 obj=0.0 artificial=0.0 cols=2828
[clean-BPC  2636.26s] node 29 cg=2 phase=phase2 obj=229.39794 artificial=0.0 cols=2828
[clean-BPC  2639.25s] node 29 cg=2 phase=phase2 kind=heuristic best_rc=0.0 found=0 added=0 exhausted=False cert=False
[clean-BPC  2649.73s] node 29 cg=2 phase=phase2 kind=heuristic_boost best_rc=0.0 found=0 added=0 exhausted=True cert=True
[clean-BPC  2649.74s] route-pack-conflict diag node 29 source_vehicle=1 routes=5 U=4 complete=True cache_hit=False states=120 added=0
[clean-BPC  2650.84s] cut_added family=schedule_nogood_core node=29 added=2 source_vehicle=1 route_count=4 signatures=[[4, 19, 16, 15, 18], [2, 8, 10, 6], [1, 3, 20, 5], [7, 12, 13, 9]]
[clean-BPC  2650.84s] node 14 d=4 lb=229.39794 open=39
[clean-BPC  2650.96s] node 14 cg=1 phase=phase1 obj=0.0 artificial=0.0 cols=2828
[clean-BPC  2651.08s] node 14 cg=2 phase=phase2 obj=229.39794 artificial=0.0 cols=2828
[clean-BPC  2654.72s] node 14 cg=2 phase=phase2 kind=heuristic best_rc=0.0 found=0 added=0 exhausted=False cert=False
[clean-BPC  2663.96s] node 14 cg=2 phase=phase2 kind=heuristic_boost best_rc=-0.0 found=0 added=0 exhausted=True cert=True
[clean-BPC  2664.93s] branch node 14: left=arc(1,5)=off right=arc(1,5)=on
[clean-BPC  2664.93s] node 29 d=5 lb=229.39794 open=40
[clean-BPC  2665.18s] node 29 cg=1 phase=phase1 obj=0.0 artificial=0.0 cols=2828
[clean-BPC  2665.44s] node 29 cg=2 phase=phase2 obj=229.39794 artificial=0.0 cols=2828
[clean-BPC  2668.42s] node 29 cg=2 phase=phase2 kind=heuristic best_rc=0.0 found=0 added=0 exhausted=False cert=False
[clean-BPC  2678.87s] node 29 cg=2 phase=phase2 kind=heuristic_boost best_rc=0.0 found=0 added=0 exhausted=True cert=True
[clean-BPC  2678.88s] route-pack-conflict diag node 29 source_vehicle=1 routes=5 U=4 complete=True cache_hit=False states=120 added=0
[clean-BPC  2679.96s] cut_added family=schedule_nogood_core node=29 added=2 source_vehicle=1 route_count=4 signatures=[[4, 19, 16, 15, 18], [2, 8, 10, 6], [1, 5, 20, 3], [7, 12, 13, 9]]
[clean-BPC  2679.96s] node 83 d=5 lb=229.39794 open=40
[clean-BPC  2680.08s] node 83 cg=1 phase=phase1 obj=0.0 artificial=0.0 cols=2828
[clean-BPC  2680.19s] node 83 cg=2 phase=phase2 obj=229.39794 artificial=0.0 cols=2828
[clean-BPC  2683.60s] node 83 cg=2 phase=phase2 kind=heuristic best_rc=-0.19398 found=7 added=7 exhausted=False cert=False
[clean-BPC  2683.72s] node 83 cg=3 phase=phase2 obj=229.39794 artificial=0.0 cols=2835
[clean-BPC  2687.30s] node 83 cg=3 phase=phase2 kind=heuristic best_rc=0.0 found=0 added=0 exhausted=False cert=False
[clean-BPC  2696.54s] node 83 cg=3 phase=phase2 kind=heuristic_boost best_rc=0.0 found=0 added=0 exhausted=True cert=True
[clean-BPC  2696.54s] route-pack-conflict diag node 83 source_vehicle=1 routes=5 U=4 complete=True cache_hit=False states=100 added=0
[clean-BPC  2697.18s] cut_added family=schedule_nogood_core node=83 added=2 source_vehicle=1 route_count=3 signatures=[[18, 15, 16, 19, 4], [2, 6, 10, 8], [3, 20, 5, 1]]
[clean-BPC  2697.18s] node 84 d=5 lb=229.39794 open=40
[clean-BPC  2697.30s] node 84 cg=1 phase=phase1 obj=0.0 artificial=0.0 cols=2835
[clean-BPC  2697.42s] node 84 cg=2 phase=phase2 obj=229.39794 artificial=0.0 cols=2835
[clean-BPC  2697.42s] cut_purged node=84 removed=1 by_kind={'schedule_nogood_core': 1} remaining=124
[clean-BPC  2697.54s] node 84 cg=3 phase=phase2 obj=229.39794 artificial=0.0 cols=2835
[clean-BPC  2701.03s] node 84 cg=3 phase=phase2 kind=heuristic best_rc=-0.935369667 found=6 added=6 exhausted=False cert=False
[clean-BPC  2701.14s] node 84 cg=4 phase=phase2 obj=229.39794 artificial=0.0 cols=2841
[clean-BPC  2704.69s] node 84 cg=4 phase=phase2 kind=heuristic best_rc=0.0 found=0 added=0 exhausted=False cert=False
[clean-BPC  2713.80s] node 84 cg=4 phase=phase2 kind=heuristic_boost best_rc=0.0 found=0 added=0 exhausted=True cert=True
[clean-BPC  2713.81s] route-pack-conflict diag node 84 source_vehicle=1 routes=5 U=4 complete=True cache_hit=False states=109 added=0
[clean-BPC  2714.47s] cut_added family=schedule_nogood_core node=84 added=2 source_vehicle=1 route_count=3 signatures=[[18, 15, 16, 19, 4], [2, 6, 10, 8], [1, 5, 20, 3]]
[clean-BPC  2714.47s] node 29 d=5 lb=229.39794 open=40
[clean-BPC  2714.72s] node 29 cg=1 phase=phase1 obj=0.0 artificial=0.0 cols=2841
[clean-BPC  2714.97s] node 29 cg=2 phase=phase2 obj=229.39794 artificial=0.0 cols=2841
[clean-BPC  2717.86s] node 29 cg=2 phase=phase2 kind=heuristic best_rc=-0.21342 found=4 added=4 exhausted=False cert=False
[clean-BPC  2718.11s] node 29 cg=3 phase=phase2 obj=229.39794 artificial=0.0 cols=2845
[clean-BPC  2721.00s] node 29 cg=3 phase=phase2 kind=heuristic best_rc=0.222741 found=0 added=0 exhausted=False cert=False
[clean-BPC  2732.26s] node 29 cg=3 phase=phase2 kind=heuristic_boost best_rc=0.222741 found=0 added=0 exhausted=True cert=True
[clean-BPC  2732.26s] route-pack-conflict diag node 29 source_vehicle=1 routes=5 U=4 complete=True cache_hit=True states=120 added=0
[clean-BPC  2733.34s] cut_added family=schedule_nogood_core node=29 added=1 source_vehicle=1 route_count=4 signatures=[[4, 19, 16, 15, 18], [2, 6, 10, 8], [1, 3, 20, 5], [9, 13, 12, 7]]
[clean-BPC  2733.34s] node 83 d=5 lb=229.39794 open=40
[clean-BPC  2733.46s] node 83 cg=1 phase=phase1 obj=0.0 artificial=0.0 cols=2845
[clean-BPC  2733.59s] node 83 cg=2 phase=phase2 obj=229.39794 artificial=0.0 cols=2845
[clean-BPC  2733.59s] cut_purged node=83 removed=2 by_kind={'schedule_nogood_core': 2} remaining=125
[clean-BPC  2733.71s] node 83 cg=3 phase=phase2 obj=229.39794 artificial=0.0 cols=2845
[clean-BPC  2737.26s] node 83 cg=3 phase=phase2 kind=heuristic best_rc=0.0 found=0 added=0 exhausted=False cert=False
[clean-BPC  2745.64s] node 83 cg=3 phase=phase2 kind=heuristic_boost best_rc=-1.810320333 found=58 added=58 exhausted=True cert=True
[clean-BPC  2745.76s] node 83 cg=4 phase=phase2 obj=229.39794 artificial=0.0 cols=2903
[clean-BPC  2749.07s] node 83 cg=4 phase=phase2 kind=heuristic best_rc=0.046278 found=0 added=0 exhausted=False cert=False
[clean-BPC  2757.51s] node 83 cg=4 phase=phase2 kind=heuristic_boost best_rc=0.046278 found=0 added=0 exhausted=True cert=True
[clean-BPC  2757.52s] route-pack-conflict diag node 83 source_vehicle=1 routes=5 U=4 complete=True cache_hit=False states=109 added=0
[clean-BPC  2758.19s] cut_added family=schedule_nogood_core node=83 added=2 source_vehicle=1 route_count=3 signatures=[[18, 15, 16, 19, 4], [6, 10, 8, 2], [1, 3, 20, 5]]
[clean-BPC  2758.19s] node 84 d=5 lb=229.39794 open=40
[clean-BPC  2758.31s] node 84 cg=1 phase=phase1 obj=0.0 artificial=0.0 cols=2903
[clean-BPC  2758.45s] node 84 cg=2 phase=phase2 obj=229.39794 artificial=0.0 cols=2903
[clean-BPC  2761.97s] node 84 cg=2 phase=phase2 kind=heuristic best_rc=0.0 found=0 added=0 exhausted=False cert=False
[clean-BPC  2770.72s] node 84 cg=2 phase=phase2 kind=heuristic_boost best_rc=-0.021708545 found=2 added=2 exhausted=True cert=True
[clean-BPC  2770.86s] node 84 cg=3 phase=phase2 obj=229.39794 artificial=0.0 cols=2905
[clean-BPC  2774.36s] node 84 cg=3 phase=phase2 kind=heuristic best_rc=0.0 found=0 added=0 exhausted=False cert=False
[clean-BPC  2783.13s] node 84 cg=3 phase=phase2 kind=heuristic_boost best_rc=0.0 found=0 added=0 exhausted=True cert=True
[clean-BPC  2783.14s] route-pack-conflict diag node 84 source_vehicle=1 routes=5 U=4 complete=True cache_hit=False states=106 added=0
[clean-BPC  2783.78s] cut_added family=schedule_nogood_core node=84 added=2 source_vehicle=1 route_count=3 signatures=[[18, 15, 16, 19, 4], [6, 10, 8, 2], [1, 5, 20, 3]]
[clean-BPC  2783.78s] node 29 d=5 lb=229.39794 open=40
[clean-BPC  2784.04s] node 29 cg=1 phase=phase1 obj=0.0 artificial=0.0 cols=2905
[clean-BPC  2784.30s] node 29 cg=2 phase=phase2 obj=229.39794 artificial=0.0 cols=2905
[clean-BPC  2787.45s] node 29 cg=2 phase=phase2 kind=heuristic best_rc=0.045946 found=0 added=0 exhausted=False cert=False
[clean-BPC  2798.28s] node 29 cg=2 phase=phase2 kind=heuristic_boost best_rc=0.045946 found=0 added=0 exhausted=True cert=True
[clean-BPC  2798.29s] route-pack-conflict diag node 29 source_vehicle=1 routes=5 U=4 complete=True cache_hit=True states=120 added=0
[clean-BPC  2799.36s] cut_added family=schedule_nogood_core node=29 added=1 source_vehicle=1 route_count=4 signatures=[[4, 19, 16, 15, 18], [2, 8, 10, 6], [1, 3, 20, 5], [7, 12, 13, 9]]
[clean-BPC  2799.36s] node 83 d=5 lb=229.39794 open=40
[clean-BPC  2799.50s] node 83 cg=1 phase=phase1 obj=0.0 artificial=0.0 cols=2905
[clean-BPC  2799.63s] node 83 cg=2 phase=phase2 obj=229.39794 artificial=0.0 cols=2905
[clean-BPC  2802.98s] node 83 cg=2 phase=phase2 kind=heuristic best_rc=-0.0 found=0 added=0 exhausted=False cert=False
[clean-BPC  2811.46s] node 83 cg=2 phase=phase2 kind=heuristic_boost best_rc=-0.0 found=0 added=0 exhausted=True cert=True
[clean-BPC  2812.53s] branch node 83: left=arc(2,6)=off right=arc(2,6)=on
[clean-BPC  2812.53s] node 84 d=5 lb=229.39794 open=41
[clean-BPC  2812.65s] node 84 cg=1 phase=phase1 obj=0.0 artificial=0.0 cols=2905
[clean-BPC  2812.80s] node 84 cg=2 phase=phase2 obj=229.39794 artificial=0.0 cols=2905
[clean-BPC  2812.80s] cut_purged node=84 removed=1 by_kind={'schedule_nogood_core': 1} remaining=129
[clean-BPC  2812.92s] node 84 cg=3 phase=phase2 obj=229.39794 artificial=0.0 cols=2905
[clean-BPC  2816.48s] node 84 cg=3 phase=phase2 kind=heuristic best_rc=0.080687 found=0 added=0 exhausted=False cert=False
[clean-BPC  2825.92s] node 84 cg=3 phase=phase2 kind=heuristic_boost best_rc=-0.0 found=0 added=0 exhausted=True cert=True
[clean-BPC  2825.93s] route-pack-conflict diag node 84 source_vehicle=1 routes=5 U=4 complete=True cache_hit=False states=109 added=0
[clean-BPC  2826.59s] cut_added family=schedule_nogood_core node=84 added=2 source_vehicle=1 route_count=3 signatures=[[18, 15, 16, 19, 4], [2, 8, 10, 6], [1, 5, 20, 3]]
[clean-BPC  2826.59s] node 29 d=5 lb=229.39794 open=41
[clean-BPC  2826.83s] node 29 cg=1 phase=phase1 obj=0.0 artificial=0.0 cols=2905
[clean-BPC  2827.09s] node 29 cg=2 phase=phase2 obj=229.39794 artificial=0.0 cols=2905
[clean-BPC  2830.51s] node 29 cg=2 phase=phase2 kind=heuristic best_rc=0.025310333 found=0 added=0 exhausted=False cert=False
[clean-BPC  2840.77s] node 29 cg=2 phase=phase2 kind=heuristic_boost best_rc=0.025310333 found=0 added=0 exhausted=True cert=True
[clean-BPC  2842.90s] branch node 29: left=arc(1,3)=off right=arc(1,3)=on
[clean-BPC  2842.90s] node 85 d=6 lb=229.39794 open=42
[clean-BPC  2843.02s] node 85 cg=1 phase=phase1 obj=0.0 artificial=0.0 cols=2905
[clean-BPC  2843.14s] node 85 cg=2 phase=phase2 obj=229.39794 artificial=0.0 cols=2905
[clean-BPC  2846.50s] node 85 cg=2 phase=phase2 kind=heuristic best_rc=-0.0 found=0 added=0 exhausted=False cert=False
[clean-BPC  2854.99s] node 85 cg=2 phase=phase2 kind=heuristic_boost best_rc=-0.0 found=0 added=0 exhausted=True cert=True
[clean-BPC  2855.00s] route-pack-conflict diag node 85 source_vehicle=1 routes=5 U=4 complete=True cache_hit=False states=100 added=0
[clean-BPC  2855.64s] cut_added family=schedule_nogood_core node=85 added=2 source_vehicle=1 route_count=3 signatures=[[18, 15, 16, 19, 4], [2, 8, 10, 6], [3, 20, 5, 1]]
[clean-BPC  2855.64s] node 86 d=6 lb=229.39794 open=42
[clean-BPC  2855.79s] node 86 cg=1 phase=phase1 obj=0.0 artificial=0.0 cols=2905
[clean-BPC  2855.91s] node 86 cg=2 phase=phase2 obj=229.39794 artificial=0.0 cols=2905
[clean-BPC  2859.32s] node 86 cg=2 phase=phase2 kind=heuristic best_rc=-0.0 found=0 added=0 exhausted=False cert=False
[clean-BPC  2868.12s] node 86 cg=2 phase=phase2 kind=heuristic_boost best_rc=-0.0 found=0 added=0 exhausted=True cert=True
[clean-BPC  2868.13s] route-pack-conflict diag node 86 source_vehicle=1 routes=5 U=4 complete=True cache_hit=False states=100 added=0
[clean-BPC  2868.78s] cut_added family=schedule_nogood_core node=86 added=2 source_vehicle=1 route_count=3 signatures=[[18, 15, 16, 19, 4], [2, 6, 10, 8], [5, 20, 3, 1]]
[clean-BPC  2868.78s] node 84 d=5 lb=229.39794 open=42
[clean-BPC  2868.91s] node 84 cg=1 phase=phase1 obj=0.0 artificial=0.0 cols=2905
[clean-BPC  2869.05s] node 84 cg=2 phase=phase2 obj=229.39794 artificial=0.0 cols=2905
[clean-BPC  2869.05s] cut_purged node=84 removed=1 by_kind={'schedule_nogood_core': 1} remaining=134
[clean-BPC  2869.18s] node 84 cg=3 phase=phase2 obj=229.39794 artificial=0.0 cols=2905
[clean-BPC  2872.95s] node 84 cg=3 phase=phase2 kind=heuristic best_rc=-0.214336 found=6 added=6 exhausted=False cert=False
[clean-BPC  2873.09s] node 84 cg=4 phase=phase2 obj=229.39794 artificial=0.0 cols=2911
[clean-BPC  2876.98s] node 84 cg=4 phase=phase2 kind=heuristic best_rc=-0.0 found=0 added=0 exhausted=False cert=False
[clean-BPC  2887.09s] node 84 cg=4 phase=phase2 kind=heuristic_boost best_rc=-0.0 found=0 added=0 exhausted=True cert=True
[clean-BPC  2887.10s] route-pack-conflict diag node 84 source_vehicle=1 routes=5 U=4 complete=True cache_hit=False states=106 added=0
[clean-BPC  2887.74s] cut_added family=schedule_nogood_core node=84 added=2 source_vehicle=1 route_count=3 signatures=[[18, 15, 16, 19, 4], [8, 10, 6, 2], [1, 5, 20, 3]]
[clean-BPC  2887.74s] node 87 d=6 lb=229.39794 open=42
[clean-BPC  2888.00s] node 87 cg=1 phase=phase1 obj=0.0 artificial=0.0 cols=2911
[clean-BPC  2888.27s] node 87 cg=2 phase=phase2 obj=229.39794 artificial=0.0 cols=2911
[clean-BPC  2891.34s] node 87 cg=2 phase=phase2 kind=heuristic best_rc=0.13911625 found=0 added=0 exhausted=False cert=False
[clean-BPC  2901.17s] node 87 cg=2 phase=phase2 kind=heuristic_boost best_rc=0.13911625 found=0 added=0 exhausted=True cert=True
[clean-BPC  2901.18s] route-pack-conflict diag node 87 source_vehicle=1 routes=5 U=4 complete=True cache_hit=True states=120 added=0
[clean-BPC  2902.26s] cut_added family=schedule_nogood_core node=87 added=1 source_vehicle=1 route_count=4 signatures=[[4, 19, 16, 15, 18], [2, 8, 10, 6], [1, 5, 20, 3], [7, 12, 13, 9]]
[clean-BPC  2902.26s] node 88 d=6 lb=229.39794 open=42
[clean-BPC  2902.52s] node 88 cg=1 phase=phase1 obj=0.0 artificial=0.0 cols=2911
[clean-BPC  2902.78s] node 88 cg=2 phase=phase2 obj=229.39794 artificial=0.0 cols=2911
[clean-BPC  2905.65s] node 88 cg=2 phase=phase2 kind=heuristic best_rc=0.331031 found=0 added=0 exhausted=False cert=False
[clean-BPC  2917.99s] node 88 cg=2 phase=phase2 kind=heuristic_boost best_rc=0.0 found=0 added=0 exhausted=True cert=True
[clean-BPC  2920.67s] branch node 88: left=arc(13,9)=off right=arc(13,9)=on
[clean-BPC  2920.67s] node 85 d=6 lb=229.39794 open=43
[clean-BPC  2920.80s] node 85 cg=1 phase=phase1 obj=0.0 artificial=0.0 cols=2911
[clean-BPC  2920.92s] node 85 cg=2 phase=phase2 obj=229.39794 artificial=0.0 cols=2911
[clean-BPC  2924.18s] node 85 cg=2 phase=phase2 kind=heuristic best_rc=0.0 found=0 added=0 exhausted=False cert=False
[clean-BPC  2932.49s] node 85 cg=2 phase=phase2 kind=heuristic_boost best_rc=-0.0 found=0 added=0 exhausted=True cert=True
[clean-BPC  2932.50s] route-pack-conflict diag node 85 source_vehicle=1 routes=5 U=4 complete=True cache_hit=True states=109 added=0
[clean-BPC  2933.16s] cut_added family=schedule_nogood_core node=85 added=1 source_vehicle=1 route_count=3 signatures=[[18, 15, 16, 19, 4], [6, 10, 8, 2], [1, 3, 20, 5]]
[clean-BPC  2933.16s] node 86 d=6 lb=229.39794 open=43
[clean-BPC  2933.29s] node 86 cg=1 phase=phase1 obj=0.0 artificial=0.0 cols=2911
[clean-BPC  2933.43s] node 86 cg=2 phase=phase2 obj=229.495906 artificial=0.0 cols=2911
[clean-BPC  2933.43s] cut_purged node=86 removed=1 by_kind={'schedule_nogood_core': 1} remaining=137
[clean-BPC  2933.57s] node 86 cg=3 phase=phase2 obj=229.495906 artificial=0.0 cols=2911
[clean-BPC  2937.18s] node 86 cg=3 phase=phase2 kind=heuristic best_rc=-0.001105921 found=2 added=2 exhausted=False cert=False
[clean-BPC  2937.31s] node 86 cg=4 phase=phase2 obj=229.495906 artificial=0.0 cols=2913
[clean-BPC  2941.01s] node 86 cg=4 phase=phase2 kind=heuristic best_rc=0.0 found=0 added=0 exhausted=False cert=False
[clean-BPC  2951.30s] node 86 cg=4 phase=phase2 kind=heuristic_boost best_rc=-0.283325163 found=4 added=4 exhausted=True cert=True
[clean-BPC  2951.44s] node 86 cg=5 phase=phase2 obj=229.495906 artificial=0.0 cols=2917
[clean-BPC  2954.98s] node 86 cg=5 phase=phase2 kind=heuristic best_rc=0.0 found=0 added=0 exhausted=False cert=False
[clean-BPC  2963.91s] node 86 cg=5 phase=phase2 kind=heuristic_boost best_rc=0.0 found=0 added=0 exhausted=True cert=True
[clean-BPC  2965.55s] branch node 86: left=RF(2,14)=separate right=RF(2,14)=same
[clean-BPC  2965.55s] node 84 d=5 lb=229.39794 open=44
[clean-BPC  2965.68s] node 84 cg=1 phase=phase1 obj=0.0 artificial=0.0 cols=2917
[clean-BPC  2965.81s] node 84 cg=2 phase=phase2 obj=229.44429 artificial=0.0 cols=2917
[clean-BPC  2969.41s] node 84 cg=2 phase=phase2 kind=heuristic best_rc=0.097817 found=0 added=0 exhausted=False cert=False
[clean-BPC  2978.81s] node 84 cg=2 phase=phase2 kind=heuristic_boost best_rc=0.097817 found=0 added=0 exhausted=True cert=True
[clean-BPC  2980.57s] branch node 84: left=RF(2,14)=separate right=RF(2,14)=same
[clean-BPC  2980.57s] node 90 d=7 lb=229.39794 open=45
[clean-BPC  2980.83s] node 90 cg=1 phase=phase1 obj=0.0 artificial=0.0 cols=2917
[clean-BPC  2981.10s] node 90 cg=2 phase=phase2 obj=229.39794 artificial=0.0 cols=2917
[clean-BPC  2981.10s] cut_purged node=90 removed=1 by_kind={'schedule_nogood_core': 1} remaining=136
[clean-BPC  2981.37s] node 90 cg=3 phase=phase2 obj=229.39794 artificial=0.0 cols=2917
[clean-BPC  2984.15s] node 90 cg=3 phase=phase2 kind=heuristic best_rc=0.148972667 found=0 added=0 exhausted=False cert=False
[clean-BPC  2995.52s] node 90 cg=3 phase=phase2 kind=heuristic_boost best_rc=0.148972667 found=0 added=0 exhausted=True cert=True
[clean-BPC  2995.53s] route-pack-conflict diag node 90 source_vehicle=1 routes=5 U=4 complete=True cache_hit=False states=117 added=0
[clean-BPC  2996.62s] cut_added family=schedule_nogood_core node=90 added=2 source_vehicle=1 route_count=4 signatures=[[4, 19, 16, 15, 18], [6, 10, 8, 2], [1, 3, 20, 5], [7, 12, 13, 9]]
[clean-BPC  2996.62s] node 85 d=6 lb=229.39794 open=45
[clean-BPC  2996.75s] node 85 cg=1 phase=phase1 obj=0.0 artificial=0.0 cols=2917
[clean-BPC  2996.87s] node 85 cg=2 phase=phase2 obj=229.39794 artificial=0.0 cols=2917
[clean-BPC  3000.40s] node 85 cg=2 phase=phase2 kind=heuristic best_rc=0.135415 found=0 added=0 exhausted=False cert=False
[clean-BPC  3009.45s] node 85 cg=2 phase=phase2 kind=heuristic_boost best_rc=0.135415 found=0 added=0 exhausted=True cert=True
[clean-BPC  3010.50s] branch node 85: left=arc(2,8)=off right=arc(2,8)=on
[clean-BPC  3010.50s] node 87 d=6 lb=229.39794 open=46
[clean-BPC  3010.77s] node 87 cg=1 phase=phase1 obj=0.0 artificial=0.0 cols=2917
[clean-BPC  3011.05s] node 87 cg=2 phase=phase2 obj=229.39794 artificial=0.0 cols=2917
[clean-BPC  3014.09s] node 87 cg=2 phase=phase2 kind=heuristic best_rc=0.020507 found=0 added=0 exhausted=False cert=False
[clean-BPC  3025.42s] node 87 cg=2 phase=phase2 kind=heuristic_boost best_rc=0.020507 found=0 added=0 exhausted=True cert=True
[clean-BPC  3025.43s] route-pack-conflict diag node 87 source_vehicle=1 routes=5 U=4 complete=True cache_hit=False states=120 added=0
[clean-BPC  3026.50s] cut_added family=schedule_nogood_core node=87 added=1 source_vehicle=1 route_count=4 signatures=[[4, 19, 16, 15, 18], [2, 8, 10, 6], [1, 5, 20, 3], [7, 12, 13, 9]]
[clean-BPC  3026.50s] node 89 d=7 lb=229.39794 open=46
[clean-BPC  3026.77s] node 89 cg=1 phase=phase1 obj=0.0 artificial=0.0 cols=2917
[clean-BPC  3027.04s] node 89 cg=2 phase=phase2 obj=229.39794 artificial=0.0 cols=2917
[clean-BPC  3029.84s] node 89 cg=2 phase=phase2 kind=heuristic best_rc=0.321207 found=0 added=0 exhausted=False cert=False
[clean-BPC  3040.33s] node 89 cg=2 phase=phase2 kind=heuristic_boost best_rc=0.321207 found=0 added=0 exhausted=True cert=True
[clean-BPC  3040.34s] route-pack-conflict diag node 89 source_vehicle=1 routes=5 U=4 complete=True cache_hit=False states=120 added=0
[clean-BPC  3041.41s] cut_added family=schedule_nogood_core node=89 added=2 source_vehicle=1 route_count=4 signatures=[[4, 19, 16, 15, 18], [2, 8, 10, 6], [1, 3, 20, 5], [9, 13, 12, 7]]
[clean-BPC  3041.41s] node 90 d=7 lb=229.39794 open=46
[clean-BPC  3041.69s] node 90 cg=1 phase=phase1 obj=0.0 artificial=0.0 cols=2917
[clean-BPC  3041.96s] node 90 cg=2 phase=phase2 obj=229.39794 artificial=0.0 cols=2917
[clean-BPC  3044.70s] node 90 cg=2 phase=phase2 kind=heuristic best_rc=0.148972667 found=0 added=0 exhausted=False cert=False
[clean-BPC  3056.18s] node 90 cg=2 phase=phase2 kind=heuristic_boost best_rc=0.148972667 found=0 added=0 exhausted=True cert=True
[clean-BPC  3056.19s] route-pack-conflict diag node 90 source_vehicle=1 routes=5 U=4 complete=True cache_hit=False states=117 added=0
[clean-BPC  3057.29s] cut_added family=schedule_nogood_core node=90 added=2 source_vehicle=1 route_count=4 signatures=[[4, 19, 16, 15, 18], [8, 10, 6, 2], [1, 3, 20, 5], [7, 12, 13, 9]]
[clean-BPC  3057.29s] node 95 d=7 lb=229.39794 open=46
[clean-BPC  3057.41s] node 95 cg=1 phase=phase1 obj=0.0 artificial=0.0 cols=2917
[clean-BPC  3057.54s] node 95 cg=2 phase=phase2 obj=229.39794 artificial=0.0 cols=2917
[clean-BPC  3057.54s] cut_purged node=95 removed=2 by_kind={'schedule_nogood_core': 2} remaining=141
[clean-BPC  3057.68s] node 95 cg=3 phase=phase2 obj=229.39794 artificial=0.0 cols=2917
[clean-BPC  3057.68s] cut_purged node=95 removed=2 by_kind={'schedule_nogood_core': 2} remaining=139
[clean-BPC  3057.80s] node 95 cg=4 phase=phase2 obj=229.39794 artificial=0.0 cols=2917
[clean-BPC  3061.12s] node 95 cg=4 phase=phase2 kind=heuristic best_rc=0.0 found=0 added=0 exhausted=False cert=False
[clean-BPC  3069.58s] node 95 cg=4 phase=phase2 kind=heuristic_boost best_rc=0.0 found=0 added=0 exhausted=True cert=True
[clean-BPC  3069.59s] cut_added family=schedule_pair_conflict node=95 added=2 source_vehicle=1 route_count=2 signatures=[[6, 10, 8, 2], [3, 20, 5, 1]]
[clean-BPC  3069.59s] node 96 d=7 lb=229.39794 open=46
[clean-BPC  3069.71s] node 96 cg=1 phase=phase1 obj=0.0 artificial=0.0 cols=2917
[clean-BPC  3069.84s] node 96 cg=2 phase=phase2 obj=229.39794 artificial=0.0 cols=2917
[clean-BPC  3073.11s] node 96 cg=2 phase=phase2 kind=heuristic best_rc=-0.1031135 found=2 added=2 exhausted=False cert=False
[clean-BPC  3073.24s] node 96 cg=3 phase=phase2 obj=229.39794 artificial=0.0 cols=2919
[clean-BPC  3076.62s] node 96 cg=3 phase=phase2 kind=heuristic best_rc=0.0 found=0 added=0 exhausted=False cert=False
[clean-BPC  3085.11s] node 96 cg=3 phase=phase2 kind=heuristic_boost best_rc=0.0 found=0 added=0 exhausted=True cert=True
[clean-BPC  3085.11s] route-pack-conflict diag node 96 source_vehicle=1 routes=5 U=4 complete=True cache_hit=True states=100 added=0
[clean-BPC  3085.75s] cut_added family=schedule_nogood_core node=96 added=1 source_vehicle=1 route_count=3 signatures=[[18, 15, 16, 19, 4], [2, 8, 10, 6], [3, 20, 5, 1]]
[clean-BPC  3085.75s] node 87 d=6 lb=229.39794 open=46
[clean-BPC  3086.01s] node 87 cg=1 phase=phase1 obj=0.0 artificial=0.0 cols=2919
[clean-BPC  3086.27s] node 87 cg=2 phase=phase2 obj=229.39794 artificial=0.0 cols=2919
[clean-BPC  3089.21s] node 87 cg=2 phase=phase2 kind=heuristic best_rc=0.130092875 found=0 added=0 exhausted=False cert=False
[clean-BPC  3101.08s] node 87 cg=2 phase=phase2 kind=heuristic_boost best_rc=0.130092875 found=0 added=0 exhausted=True cert=True
[clean-BPC  3101.09s] route-pack-conflict diag node 87 source_vehicle=1 routes=5 U=4 complete=True cache_hit=False states=120 added=0
[clean-BPC  3102.17s] cut_added family=schedule_nogood_core node=87 added=2 source_vehicle=1 route_count=4 signatures=[[4, 19, 16, 15, 18], [2, 6, 10, 8], [1, 5, 20, 3], [7, 12, 13, 9]]
[clean-BPC  3102.17s] node 89 d=7 lb=229.39794 open=46
[clean-BPC  3102.44s] node 89 cg=1 phase=phase1 obj=0.0 artificial=0.0 cols=2919
[clean-BPC  3102.71s] node 89 cg=2 phase=phase2 obj=229.39794 artificial=0.0 cols=2919
[clean-BPC  3105.54s] node 89 cg=2 phase=phase2 kind=heuristic best_rc=0.168165 found=0 added=0 exhausted=False cert=False
[clean-BPC  3114.99s] node 89 cg=2 phase=phase2 kind=heuristic_boost best_rc=0.168165 found=0 added=0 exhausted=True cert=True
[clean-BPC  3114.99s] route-pack-conflict diag node 89 source_vehicle=1 routes=5 U=4 complete=True cache_hit=True states=120 added=0
[clean-BPC  3116.06s] cut_added family=schedule_nogood_core node=89 added=1 source_vehicle=1 route_count=4 signatures=[[4, 19, 16, 15, 18], [2, 6, 10, 8], [1, 3, 20, 5], [9, 13, 12, 7]]
[clean-BPC  3116.06s] node 90 d=7 lb=229.39794 open=46
[clean-BPC  3116.33s] node 90 cg=1 phase=phase1 obj=0.0 artificial=0.0 cols=2919
[clean-BPC  3116.61s] node 90 cg=2 phase=phase2 obj=229.46038 artificial=0.0 cols=2919
[clean-BPC  3119.43s] node 90 cg=2 phase=phase2 kind=heuristic best_rc=0.155222 found=0 added=0 exhausted=False cert=False
[clean-BPC  3130.36s] node 90 cg=2 phase=phase2 kind=heuristic_boost best_rc=0.155222 found=0 added=0 exhausted=True cert=True
[clean-BPC  3133.70s] branch node 90: left=arc(9,2)=off right=arc(9,2)=on
[clean-BPC  3133.70s] node 95 d=7 lb=229.39794 open=47
[clean-BPC  3133.83s] node 95 cg=1 phase=phase1 obj=0.0 artificial=0.0 cols=2919
[clean-BPC  3133.96s] node 95 cg=2 phase=phase2 obj=229.39794 artificial=0.0 cols=2919
[clean-BPC  3137.38s] node 95 cg=2 phase=phase2 kind=heuristic best_rc=0.0 found=0 added=0 exhausted=False cert=False
[clean-BPC  3145.94s] node 95 cg=2 phase=phase2 kind=heuristic_boost best_rc=-0.0 found=0 added=0 exhausted=True cert=True
[clean-BPC  3145.95s] route-pack-conflict diag node 95 source_vehicle=1 routes=5 U=4 complete=True cache_hit=False states=109 added=0
[clean-BPC  3146.61s] cut_added family=schedule_nogood_core node=95 added=2 source_vehicle=1 route_count=3 signatures=[[18, 15, 16, 19, 4], [8, 10, 6, 2], [1, 3, 20, 5]]
[clean-BPC  3146.61s] node 96 d=7 lb=229.39794 open=47
[clean-BPC  3146.74s] node 96 cg=1 phase=phase1 obj=0.0 artificial=0.0 cols=2919
[clean-BPC  3146.86s] node 96 cg=2 phase=phase2 obj=229.39794 artificial=0.0 cols=2919
[clean-BPC  3150.33s] node 96 cg=2 phase=phase2 kind=heuristic best_rc=0.0 found=0 added=0 exhausted=False cert=False
[clean-BPC  3159.12s] node 96 cg=2 phase=phase2 kind=heuristic_boost best_rc=0.0 found=0 added=0 exhausted=True cert=True
[clean-BPC  3159.13s] route-pack-conflict diag node 96 source_vehicle=1 routes=5 U=4 complete=True cache_hit=False states=100 added=0
[clean-BPC  3159.77s] cut_added family=schedule_nogood_core node=96 added=2 source_vehicle=1 route_count=3 signatures=[[18, 15, 16, 19, 4], [2, 8, 10, 6], [5, 20, 3, 1]]
[clean-BPC  3159.77s] node 95 d=7 lb=229.39794 open=47
[clean-BPC  3159.91s] node 95 cg=1 phase=phase1 obj=0.0 artificial=0.0 cols=2919
[clean-BPC  3160.03s] node 95 cg=2 phase=phase2 obj=229.39794 artificial=0.0 cols=2919
[clean-BPC  3160.03s] cut_purged node=95 removed=1 by_kind={'schedule_nogood_core': 1} remaining=148
[clean-BPC  3160.16s] node 95 cg=3 phase=phase2 obj=229.39794 artificial=0.0 cols=2919
[clean-BPC  3163.68s] node 95 cg=3 phase=phase2 kind=heuristic best_rc=0.205414333 found=0 added=0 exhausted=False cert=False
[clean-BPC  3172.61s] node 95 cg=3 phase=phase2 kind=heuristic_boost best_rc=-0.252710667 found=2 added=2 exhausted=True cert=True
[clean-BPC  3172.74s] node 95 cg=4 phase=phase2 obj=229.39794 artificial=0.0 cols=2921
[clean-BPC  3176.30s] node 95 cg=4 phase=phase2 kind=heuristic best_rc=0.205414333 found=0 added=0 exhausted=False cert=False
[clean-BPC  3185.25s] node 95 cg=4 phase=phase2 kind=heuristic_boost best_rc=0.0 found=0 added=0 exhausted=True cert=True
[clean-BPC  3185.26s] cut_added family=schedule_pair_conflict node=95 added=2 source_vehicle=1 route_count=2 signatures=[[8, 10, 6, 2], [3, 20, 5, 1]]
[clean-BPC  3185.26s] node 96 d=7 lb=229.39794 open=47
[clean-BPC  3185.39s] node 96 cg=1 phase=phase1 obj=0.0 artificial=0.0 cols=2921
[clean-BPC  3185.53s] node 96 cg=2 phase=phase2 obj=229.666758 artificial=0.0 cols=2921
[clean-BPC  3185.53s] cut_purged node=96 removed=2 by_kind={'schedule_nogood_core': 2} remaining=148
[clean-BPC  3185.66s] node 96 cg=3 phase=phase2 obj=229.666758 artificial=0.0 cols=2921
[clean-BPC  3185.66s] cut_purged node=96 removed=2 by_kind={'schedule_nogood_core': 2} remaining=146
[clean-BPC  3185.79s] node 96 cg=4 phase=phase2 obj=229.666758 artificial=0.0 cols=2921
[clean-BPC  3185.79s] cut_purged node=96 removed=3 by_kind={'schedule_nogood_core': 3} remaining=143
[clean-BPC  3185.92s] node 96 cg=5 phase=phase2 obj=229.666758 artificial=0.0 cols=2921
[clean-BPC  3185.92s] cut_purged node=96 removed=2 by_kind={'schedule_nogood_core': 2} remaining=141
[clean-BPC  3186.07s] node 96 cg=6 phase=phase2 obj=229.666758 artificial=0.0 cols=2921
[clean-BPC  3186.07s] cut_purged node=96 removed=1 by_kind={'schedule_nogood_core': 1} remaining=140
[clean-BPC  3186.20s] node 96 cg=7 phase=phase2 obj=229.666758 artificial=0.0 cols=2921
[clean-BPC  3189.68s] node 96 cg=7 phase=phase2 kind=heuristic best_rc=-0.014625211 found=2 added=2 exhausted=False cert=False
[clean-BPC  3189.81s] node 96 cg=8 phase=phase2 obj=229.665404 artificial=0.0 cols=2923
[clean-BPC  3193.32s] node 96 cg=8 phase=phase2 kind=heuristic best_rc=-0.0 found=0 added=0 exhausted=False cert=False
[clean-BPC  3201.26s] node 96 cg=8 phase=phase2 kind=heuristic_boost best_rc=-0.960033625 found=9 added=9 exhausted=True cert=True
[clean-BPC  3201.39s] node 96 cg=9 phase=phase2 obj=229.665404 artificial=0.0 cols=2932
[clean-BPC  3201.39s] cut_purged node=96 removed=2 by_kind={'schedule_nogood_core': 2} remaining=138
[clean-BPC  3201.53s] node 96 cg=10 phase=phase2 obj=229.665404 artificial=0.0 cols=2932
[clean-BPC  3205.22s] node 96 cg=10 phase=phase2 kind=heuristic best_rc=-0.0 found=0 added=0 exhausted=False cert=False
[clean-BPC  3214.25s] node 96 cg=10 phase=phase2 kind=heuristic_boost best_rc=-0.0 found=0 added=0 exhausted=True cert=True
[clean-BPC  3215.78s] branch node 96: left=RF(13,14)=separate right=RF(13,14)=same
[clean-BPC  3215.78s] node 95 d=7 lb=229.39794 open=48
[clean-BPC  3215.92s] node 95 cg=1 phase=phase1 obj=0.0 artificial=0.0 cols=2932
[clean-BPC  3216.05s] node 95 cg=2 phase=phase2 obj=229.39794 artificial=0.0 cols=2932
[clean-BPC  3219.46s] node 95 cg=2 phase=phase2 kind=heuristic best_rc=0.0 found=0 added=0 exhausted=False cert=False
[clean-BPC  3227.53s] node 95 cg=2 phase=phase2 kind=heuristic_boost best_rc=0.0 found=0 added=0 exhausted=True cert=True
[clean-BPC  3227.53s] route-pack-conflict diag node 95 source_vehicle=1 routes=5 U=4 complete=True cache_hit=True states=109 added=0
[clean-BPC  3228.18s] cut_added family=schedule_nogood_core node=95 added=1 source_vehicle=1 route_count=3 signatures=[[18, 15, 16, 19, 4], [6, 10, 8, 2], [1, 3, 20, 5]]
[clean-BPC  3228.18s] node 87 d=6 lb=229.39794 open=48
[clean-BPC  3228.44s] node 87 cg=1 phase=phase1 obj=0.0 artificial=0.0 cols=2932
[clean-BPC  3228.69s] node 87 cg=2 phase=phase2 obj=229.39794 artificial=0.0 cols=2932
[clean-BPC  3231.79s] node 87 cg=2 phase=phase2 kind=heuristic best_rc=0.136452 found=0 added=0 exhausted=False cert=False
[clean-BPC  3241.47s] node 87 cg=2 phase=phase2 kind=heuristic_boost best_rc=-0.0 found=0 added=0 exhausted=True cert=True
[clean-BPC  3241.47s] route-pack-conflict diag node 87 source_vehicle=1 routes=5 U=4 complete=True cache_hit=True states=120 added=0
[clean-BPC  3242.54s] cut_added family=schedule_nogood_core node=87 added=1 source_vehicle=1 route_count=4 signatures=[[4, 19, 16, 15, 18], [2, 6, 10, 8], [1, 5, 20, 3], [7, 12, 13, 9]]
[clean-BPC  3242.54s] node 95 d=7 lb=229.39794 open=48
[clean-BPC  3242.68s] node 95 cg=1 phase=phase1 obj=0.0 artificial=0.0 cols=2932
[clean-BPC  3242.81s] node 95 cg=2 phase=phase2 obj=229.39794 artificial=0.0 cols=2932
[clean-BPC  3246.22s] node 95 cg=2 phase=phase2 kind=heuristic best_rc=-0.0 found=0 added=0 exhausted=False cert=False
[clean-BPC  3254.76s] node 95 cg=2 phase=phase2 kind=heuristic_boost best_rc=-0.0 found=0 added=0 exhausted=True cert=True
[clean-BPC  3255.85s] branch node 95: left=arc(6,10)=off right=arc(6,10)=on
[clean-BPC  3255.85s] node 87 d=6 lb=229.39794 open=49
[clean-BPC  3256.12s] node 87 cg=1 phase=phase1 obj=0.0 artificial=0.0 cols=2932
[clean-BPC  3256.37s] node 87 cg=2 phase=phase2 obj=229.39794 artificial=0.0 cols=2932
[clean-BPC  3259.44s] node 87 cg=2 phase=phase2 kind=heuristic best_rc=0.331031 found=0 added=0 exhausted=False cert=False
[clean-BPC  3269.58s] node 87 cg=2 phase=phase2 kind=heuristic_boost best_rc=0.331031 found=0 added=0 exhausted=True cert=True
[clean-BPC  3269.58s] route-pack-conflict diag node 87 source_vehicle=1 routes=5 U=4 complete=True cache_hit=True states=120 added=0
[clean-BPC  3270.65s] cut_added family=schedule_nogood_core node=87 added=1 source_vehicle=1 route_count=4 signatures=[[4, 19, 16, 15, 18], [2, 8, 10, 6], [1, 5, 20, 3], [7, 12, 13, 9]]
[clean-BPC  3270.65s] node 101 d=8 lb=229.39794 open=49
[clean-BPC  3270.79s] node 101 cg=1 phase=phase1 obj=0.0 artificial=0.0 cols=2932
[clean-BPC  3270.92s] node 101 cg=2 phase=phase2 obj=229.39794 artificial=0.0 cols=2932
[clean-BPC  3274.33s] node 101 cg=2 phase=phase2 kind=heuristic best_rc=0.0 found=0 added=0 exhausted=False cert=False
[clean-BPC  3282.82s] node 101 cg=2 phase=phase2 kind=heuristic_boost best_rc=0.0 found=0 added=0 exhausted=True cert=True
[clean-BPC  3282.82s] route-pack-conflict diag node 101 source_vehicle=1 routes=5 U=4 complete=True cache_hit=True states=109 added=0
[clean-BPC  3283.47s] cut_added family=schedule_nogood_core node=101 added=1 source_vehicle=1 route_count=3 signatures=[[18, 15, 16, 19, 4], [8, 10, 6, 2], [1, 3, 20, 5]]
[clean-BPC  3283.47s] node 102 d=8 lb=229.39794 open=49
[clean-BPC  3283.60s] node 102 cg=1 phase=phase1 obj=0.0 artificial=0.0 cols=2932
[clean-BPC  3283.74s] node 102 cg=2 phase=phase2 obj=229.39794 artificial=0.0 cols=2932
[clean-BPC  3287.25s] node 102 cg=2 phase=phase2 kind=heuristic best_rc=0.0 found=0 added=0 exhausted=False cert=False
[clean-BPC  3296.46s] node 102 cg=2 phase=phase2 kind=heuristic_boost best_rc=0.0 found=0 added=0 exhausted=True cert=True
[clean-BPC  3296.47s] route-pack-conflict diag node 102 source_vehicle=1 routes=5 U=4 complete=True cache_hit=False states=97 added=0
[clean-BPC  3297.11s] cut_added family=schedule_nogood_core node=102 added=2 source_vehicle=1 route_count=3 signatures=[[18, 15, 16, 19, 4], [6, 10, 8, 2], [5, 20, 3, 1]]
[clean-BPC  3297.11s] node 87 d=6 lb=229.39794 open=49
[clean-BPC  3297.37s] node 87 cg=1 phase=phase1 obj=0.0 artificial=0.0 cols=2932
[clean-BPC  3297.64s] node 87 cg=2 phase=phase2 obj=229.39794 artificial=0.0 cols=2932
[clean-BPC  3300.57s] node 87 cg=2 phase=phase2 kind=heuristic best_rc=0.163737 found=0 added=0 exhausted=False cert=False
[clean-BPC  3310.83s] node 87 cg=2 phase=phase2 kind=heuristic_boost best_rc=0.163737 found=0 added=0 exhausted=True cert=True
[clean-BPC  3310.84s] route-pack-conflict diag node 87 source_vehicle=1 routes=5 U=4 complete=True cache_hit=False states=120 added=0
[clean-BPC  3311.94s] cut_added family=schedule_nogood_core node=87 added=2 source_vehicle=1 route_count=4 signatures=[[4, 19, 16, 15, 18], [2, 6, 10, 8], [1, 5, 20, 3], [9, 13, 12, 7]]
[clean-BPC  3311.94s] node 101 d=8 lb=229.39794 open=49
[clean-BPC  3312.07s] node 101 cg=1 phase=phase1 obj=0.0 artificial=0.0 cols=2932
[clean-BPC  3312.21s] node 101 cg=2 phase=phase2 obj=229.39794 artificial=0.0 cols=2932
[clean-BPC  3312.21s] cut_purged node=101 removed=1 by_kind={'schedule_nogood_core': 1} remaining=145
[clean-BPC  3312.34s] node 101 cg=3 phase=phase2 obj=229.39794 artificial=0.0 cols=2932
[clean-BPC  3315.88s] node 101 cg=3 phase=phase2 kind=heuristic best_rc=0.0 found=0 added=0 exhausted=False cert=False
[clean-BPC  3324.62s] node 101 cg=3 phase=phase2 kind=heuristic_boost best_rc=0.0 found=0 added=0 exhausted=True cert=True
[clean-BPC  3324.62s] route-pack-conflict diag node 101 source_vehicle=1 routes=5 U=4 complete=True cache_hit=False states=97 added=0
[clean-BPC  3325.28s] cut_added family=schedule_nogood_core node=101 added=2 source_vehicle=1 route_count=3 signatures=[[18, 15, 16, 19, 4], [8, 10, 6, 2], [5, 20, 3, 1]]
[clean-BPC  3325.28s] node 102 d=8 lb=229.39794 open=49
[clean-BPC  3325.41s] node 102 cg=1 phase=phase1 obj=0.0 artificial=0.0 cols=2932
[clean-BPC  3325.54s] node 102 cg=2 phase=phase2 obj=229.543839 artificial=0.0 cols=2932
[clean-BPC  3329.03s] node 102 cg=2 phase=phase2 kind=heuristic best_rc=-0.45853875 found=1 added=1 exhausted=False cert=False
[clean-BPC  3329.16s] node 102 cg=3 phase=phase2 obj=229.514464 artificial=0.0 cols=2933
[clean-BPC  3332.65s] node 102 cg=3 phase=phase2 kind=heuristic best_rc=0.0 found=0 added=0 exhausted=False cert=False
[clean-BPC  3342.55s] node 102 cg=3 phase=phase2 kind=heuristic_boost best_rc=0.0 found=0 added=0 exhausted=True cert=True
[clean-BPC  3344.23s] branch node 102: left=arc(7,6)=off right=arc(7,6)=on
[clean-BPC  3344.23s] node 87 d=6 lb=229.39794 open=50
[clean-BPC  3344.49s] node 87 cg=1 phase=phase1 obj=0.0 artificial=0.0 cols=2933
[clean-BPC  3344.75s] node 87 cg=2 phase=phase2 obj=229.39794 artificial=0.0 cols=2933
[clean-BPC  3347.85s] node 87 cg=2 phase=phase2 kind=heuristic best_rc=0.0 found=0 added=0 exhausted=False cert=False
[clean-BPC  3359.33s] node 87 cg=2 phase=phase2 kind=heuristic_boost best_rc=0.0 found=0 added=0 exhausted=True cert=True
[clean-BPC  3361.50s] branch node 87: left=arc(1,5)=off right=arc(1,5)=on
[clean-BPC  3361.50s] node 101 d=8 lb=229.39794 open=51
[clean-BPC  3361.63s] node 101 cg=1 phase=phase1 obj=0.0 artificial=0.0 cols=2933
[clean-BPC  3361.78s] node 101 cg=2 phase=phase2 obj=229.437159 artificial=0.0 cols=2933
[clean-BPC  3361.78s] cut_purged node=101 removed=1 by_kind={'schedule_nogood_core': 1} remaining=146
[clean-BPC  3361.90s] node 101 cg=3 phase=phase2 obj=229.437159 artificial=0.0 cols=2933
[clean-BPC  3365.36s] node 101 cg=3 phase=phase2 kind=heuristic best_rc=0.039219154 found=0 added=0 exhausted=False cert=False
[clean-BPC  3373.93s] node 101 cg=3 phase=phase2 kind=heuristic_boost best_rc=0.0 found=0 added=0 exhausted=True cert=True
[clean-BPC  3375.46s] branch node 101: left=RF(2,14)=separate right=RF(2,14)=same
[clean-BPC  3375.46s] node 105 d=7 lb=229.39794 open=52
[clean-BPC  3375.72s] node 105 cg=1 phase=phase1 obj=0.0 artificial=0.0 cols=2933
[clean-BPC  3376.00s] node 105 cg=2 phase=phase2 obj=229.39794 artificial=0.0 cols=2933
[clean-BPC  3376.00s] cut_purged node=105 removed=1 by_kind={'schedule_nogood_core': 1} remaining=145
[clean-BPC  3376.28s] node 105 cg=3 phase=phase2 obj=229.39794 artificial=0.0 cols=2933
[clean-BPC  3379.39s] node 105 cg=3 phase=phase2 kind=heuristic best_rc=0.160125333 found=0 added=0 exhausted=False cert=False
[clean-BPC  3389.21s] node 105 cg=3 phase=phase2 kind=heuristic_boost best_rc=0.0 found=0 added=0 exhausted=True cert=True
[clean-BPC  3389.22s] route-pack-conflict diag node 105 source_vehicle=1 routes=5 U=4 complete=True cache_hit=False states=111 added=0
[clean-BPC  3390.30s] cut_added family=schedule_nogood_core node=105 added=2 source_vehicle=1 route_count=4 signatures=[[4, 19, 16, 15, 18], [2, 6, 10, 8], [3, 20, 5, 1], [7, 12, 13, 9]]
[clean-BPC  3390.30s] node 106 d=7 lb=229.39794 open=52
[clean-BPC  3390.56s] node 106 cg=1 phase=phase1 obj=0.0 artificial=0.0 cols=2933
[clean-BPC  3390.83s] node 106 cg=2 phase=phase2 obj=229.39794 artificial=0.0 cols=2933
[clean-BPC  3390.83s] cut_purged node=106 removed=1 by_kind={'schedule_nogood_core': 1} remaining=146
[clean-BPC  3391.10s] node 106 cg=3 phase=phase2 obj=229.39794 artificial=0.0 cols=2933
[clean-BPC  3394.01s] node 106 cg=3 phase=phase2 kind=heuristic best_rc=-0.148492 found=2 added=2 exhausted=False cert=False
[clean-BPC  3394.27s] node 106 cg=4 phase=phase2 obj=229.39794 artificial=0.0 cols=2935
[clean-BPC  3394.27s] cut_purged node=106 removed=2 by_kind={'schedule_nogood_core': 2} remaining=144
[clean-BPC  3394.54s] node 106 cg=5 phase=phase2 obj=229.39794 artificial=0.0 cols=2935
[clean-BPC  3397.51s] node 106 cg=5 phase=phase2 kind=heuristic best_rc=0.148082 found=0 added=0 exhausted=False cert=False
[clean-BPC  3408.40s] node 106 cg=5 phase=phase2 kind=heuristic_boost best_rc=0.148082 found=0 added=0 exhausted=True cert=True
[clean-BPC  3408.40s] route-pack-conflict diag node 106 source_vehicle=1 routes=5 U=4 complete=True cache_hit=True states=120 added=0
[clean-BPC  3409.49s] cut_added family=schedule_nogood_core node=106 added=1 source_vehicle=1 route_count=4 signatures=[[4, 19, 16, 15, 18], [2, 6, 10, 8], [1, 5, 20, 3], [9, 13, 12, 7]]
[clean-BPC  3409.49s] node 105 d=7 lb=229.39794 open=52
[clean-BPC  3409.75s] node 105 cg=1 phase=phase1 obj=0.0 artificial=0.0 cols=2935
[clean-BPC  3410.02s] node 105 cg=2 phase=phase2 obj=229.39794 artificial=0.0 cols=2935
[clean-BPC  3412.98s] node 105 cg=2 phase=phase2 kind=heuristic best_rc=0.164575 found=0 added=0 exhausted=False cert=False
[clean-BPC  3425.00s] node 105 cg=2 phase=phase2 kind=heuristic_boost best_rc=0.164575 found=0 added=0 exhausted=True cert=True
[clean-BPC  3427.17s] branch node 105: left=arc(2,6)=off right=arc(2,6)=on
[clean-BPC  3427.17s] node 106 d=7 lb=229.39794 open=53
[clean-BPC  3427.44s] node 106 cg=1 phase=phase1 obj=0.0 artificial=0.0 cols=2935
[clean-BPC  3427.71s] node 106 cg=2 phase=phase2 obj=229.39794 artificial=0.0 cols=2935
[clean-BPC  3427.71s] cut_purged node=106 removed=2 by_kind={'schedule_nogood_core': 2} remaining=143
[clean-BPC  3427.97s] node 106 cg=3 phase=phase2 obj=229.39794 artificial=0.0 cols=2935
[clean-BPC  3430.91s] node 106 cg=3 phase=phase2 kind=heuristic best_rc=0.148082 found=0 added=0 exhausted=False cert=False
[clean-BPC  3441.59s] node 106 cg=3 phase=phase2 kind=heuristic_boost best_rc=0.148082 found=0 added=0 exhausted=True cert=True
[clean-BPC  3443.75s] branch node 106: left=arc(10,6)=off right=arc(10,6)=on
[clean-BPC  3443.75s] node 109 d=8 lb=229.39794 open=54
[clean-BPC  3444.00s] node 109 cg=1 phase=phase1 obj=0.0 artificial=0.0 cols=2935
[clean-BPC  3444.26s] node 109 cg=2 phase=phase2 obj=229.39794 artificial=0.0 cols=2935
[clean-BPC  3447.30s] node 109 cg=2 phase=phase2 kind=heuristic best_rc=0.0 found=0 added=0 exhausted=False cert=False
[clean-BPC  3458.33s] node 109 cg=2 phase=phase2 kind=heuristic_boost best_rc=0.0 found=0 added=0 exhausted=True cert=True
[clean-BPC  3458.34s] route-pack-conflict diag node 109 source_vehicle=1 routes=5 U=4 complete=True cache_hit=False states=111 added=0
[clean-BPC  3459.42s] cut_added family=schedule_nogood_core node=109 added=2 source_vehicle=1 route_count=4 signatures=[[4, 19, 16, 15, 18], [2, 8, 10, 6], [3, 20, 5, 1], [7, 12, 13, 9]]
[clean-BPC  3459.42s] node 110 d=8 lb=229.39794 open=54
[clean-BPC  3459.68s] node 110 cg=1 phase=phase1 obj=0.0 artificial=0.0 cols=2935
[clean-BPC  3459.95s] node 110 cg=2 phase=phase2 obj=229.39794 artificial=0.0 cols=2935
[clean-BPC  3463.27s] node 110 cg=2 phase=phase2 kind=heuristic best_rc=0.0641335 found=0 added=0 exhausted=False cert=False
[clean-BPC  3471.72s] node 110 cg=2 phase=phase2 kind=heuristic_boost best_rc=0.0641335 found=0 added=0 exhausted=True cert=True
[clean-BPC  3471.73s] route-pack-conflict diag node 110 source_vehicle=1 routes=5 U=4 complete=True cache_hit=False states=111 added=0
[clean-BPC  3472.82s] cut_added family=schedule_nogood_core node=110 added=2 source_vehicle=1 route_count=4 signatures=[[4, 19, 16, 15, 18], [2, 6, 10, 8], [3, 20, 5, 1], [9, 13, 12, 7]]
[clean-BPC  3472.82s] node 111 d=8 lb=229.39794 open=54
[clean-BPC  3473.07s] node 111 cg=1 phase=phase1 obj=0.0 artificial=0.0 cols=2935
[clean-BPC  3473.33s] node 111 cg=2 phase=phase2 obj=229.39794 artificial=0.0 cols=2935
[clean-BPC  3476.25s] node 111 cg=2 phase=phase2 kind=heuristic best_rc=0.148082 found=0 added=0 exhausted=False cert=False
[clean-BPC  3487.03s] node 111 cg=2 phase=phase2 kind=heuristic_boost best_rc=0.148082 found=0 added=0 exhausted=True cert=True
[clean-BPC  3487.04s] route-pack-conflict diag node 111 source_vehicle=1 routes=5 U=4 complete=True cache_hit=False states=117 added=0
[clean-BPC  3488.11s] cut_added family=schedule_nogood_core node=111 added=2 source_vehicle=1 route_count=4 signatures=[[4, 19, 16, 15, 18], [6, 10, 8, 2], [1, 5, 20, 3], [7, 12, 13, 9]]
[clean-BPC  3488.11s] node 112 d=8 lb=229.39794 open=54
[clean-BPC  3488.39s] node 112 cg=1 phase=phase1 obj=0.0 artificial=0.0 cols=2935
[clean-BPC  3488.67s] node 112 cg=2 phase=phase2 obj=229.39794 artificial=0.0 cols=2935
[clean-BPC  3491.53s] node 112 cg=2 phase=phase2 kind=heuristic best_rc=0.22392 found=0 added=0 exhausted=False cert=False
[clean-BPC  3503.11s] node 112 cg=2 phase=phase2 kind=heuristic_boost best_rc=0.22392 found=0 added=0 exhausted=True cert=True
[clean-BPC  3503.12s] route-pack-conflict diag node 112 source_vehicle=1 routes=5 U=4 complete=True cache_hit=False states=120 added=0
[clean-BPC  3504.18s] cut_added family=schedule_nogood_core node=112 added=2 source_vehicle=1 route_count=4 signatures=[[4, 19, 16, 15, 18], [2, 8, 10, 6], [1, 5, 20, 3], [9, 13, 12, 7]]
[clean-BPC  3504.18s] node 109 d=8 lb=229.39794 open=54
[clean-BPC  3504.45s] node 109 cg=1 phase=phase1 obj=0.0 artificial=0.0 cols=2935
[clean-BPC  3504.70s] node 109 cg=2 phase=phase2 obj=229.39794 artificial=0.0 cols=2935
[clean-BPC  3508.05s] node 109 cg=2 phase=phase2 kind=heuristic best_rc=0.397667 found=0 added=0 exhausted=False cert=False
[clean-BPC  3516.62s] node 109 cg=2 phase=phase2 kind=heuristic_boost best_rc=0.260804 found=0 added=0 exhausted=True cert=True
[clean-BPC  3518.77s] branch node 109: left=arc(2,8)=off right=arc(2,8)=on
[clean-BPC  3518.77s] node 110 d=8 lb=229.39794 open=55
[clean-BPC  3519.04s] node 110 cg=1 phase=phase1 obj=0.0 artificial=0.0 cols=2935
[clean-BPC  3519.29s] node 110 cg=2 phase=phase2 obj=229.39794 artificial=0.0 cols=2935
[clean-BPC  3522.44s] node 110 cg=2 phase=phase2 kind=heuristic best_rc=0.126639481 found=0 added=0 exhausted=False cert=False
[clean-BPC  3532.10s] node 110 cg=2 phase=phase2 kind=heuristic_boost best_rc=0.126639481 found=0 added=0 exhausted=True cert=True
[clean-BPC  3532.11s] route-pack-conflict diag node 110 source_vehicle=1 routes=5 U=4 complete=True cache_hit=False states=111 added=0
[clean-BPC  3533.16s] cut_added family=schedule_nogood_core node=110 added=2 source_vehicle=1 route_count=4 signatures=[[4, 19, 16, 15, 18], [2, 6, 10, 8], [5, 20, 3, 1], [7, 12, 13, 9]]
[clean-BPC  3533.16s] node 111 d=8 lb=229.39794 open=55
[clean-BPC  3533.42s] node 111 cg=1 phase=phase1 obj=0.0 artificial=0.0 cols=2935
[clean-BPC  3533.68s] node 111 cg=2 phase=phase2 obj=229.39794 artificial=0.0 cols=2935
[clean-BPC  3536.70s] node 111 cg=2 phase=phase2 kind=heuristic best_rc=0.148082 found=0 added=0 exhausted=False cert=False
[clean-BPC  3547.00s] node 111 cg=2 phase=phase2 kind=heuristic_boost best_rc=-0.0 found=0 added=0 exhausted=True cert=True
[clean-BPC  3549.06s] branch node 111: left=arc(2,6)=off right=arc(2,6)=on
[clean-BPC  3549.06s] node 114 d=9 lb=229.39794 open=56
[clean-BPC  3549.32s] node 114 cg=1 phase=phase1 obj=0.0 artificial=0.0 cols=2935
[clean-BPC  3549.59s] node 114 cg=2 phase=phase2 obj=229.39794 artificial=0.0 cols=2935
[clean-BPC  3552.57s] node 114 cg=2 phase=phase2 kind=heuristic best_rc=0.0 found=0 added=0 exhausted=False cert=False
[clean-BPC  3564.25s] node 114 cg=2 phase=phase2 kind=heuristic_boost best_rc=-0.066132333 found=2 added=2 exhausted=True cert=True
[clean-BPC  3564.50s] node 114 cg=3 phase=phase2 obj=229.39794 artificial=0.0 cols=2937
[clean-BPC  3567.47s] node 114 cg=3 phase=phase2 kind=heuristic best_rc=0.0 found=0 added=0 exhausted=False cert=False
[clean-BPC  3578.84s] node 114 cg=3 phase=phase2 kind=heuristic_boost best_rc=0.0 found=0 added=0 exhausted=True cert=True
[clean-BPC  3578.85s] route-pack-conflict diag node 114 source_vehicle=1 routes=5 U=4 complete=True cache_hit=False states=111 added=0
[clean-BPC  3579.93s] cut_added family=schedule_nogood_core node=114 added=2 source_vehicle=1 route_count=4 signatures=[[4, 19, 16, 15, 18], [2, 8, 10, 6], [5, 20, 3, 1], [7, 12, 13, 9]]
[clean-BPC  3579.93s] node 110 d=8 lb=229.39794 open=56
[clean-BPC  3580.20s] node 110 cg=1 phase=phase1 obj=0.0 artificial=0.0 cols=2937
[clean-BPC  3580.46s] node 110 cg=2 phase=phase2 obj=229.39794 artificial=0.0 cols=2937
[clean-BPC  3583.49s] node 110 cg=2 phase=phase2 kind=heuristic best_rc=-0.045185 found=2 added=2 exhausted=False cert=False
[clean-BPC  3583.76s] node 110 cg=3 phase=phase2 obj=229.39794 artificial=0.0 cols=2939
[clean-BPC  3586.86s] node 110 cg=3 phase=phase2 kind=heuristic best_rc=0.273424 found=0 added=0 exhausted=False cert=False
[clean-BPC  3596.11s] node 110 cg=3 phase=phase2 kind=heuristic_boost best_rc=0.273424 found=0 added=0 exhausted=True cert=True
[clean-BPC  3598.31s] branch node 110: left=arc(13,9)=off right=arc(13,9)=on
[clean-BPC  3598.31s] node 115 d=9 lb=229.39794 open=57
[clean-BPC  3598.56s] node 115 cg=1 phase=phase1 obj=0.0 artificial=0.0 cols=2939
[clean-BPC  3598.80s] node 115 cg=2 phase=phase2 obj=229.39794 artificial=0.0 cols=2939
[clean-BPC  3601.77s] node 115 cg=2 phase=phase2 kind=heuristic best_rc=0.28648 found=0 added=0 exhausted=False cert=False
[clean-BPC  3611.73s] node 115 cg=2 phase=phase2 kind=heuristic_boost best_rc=0.28648 found=0 added=0 exhausted=True cert=True
[clean-BPC  3611.73s] fathom node 115: reason=time_limit_after_node_certificate bound=229.39794
[clean-BPC  3611.73s] finish status=TIME_LIMIT primal=237.436094 dual=None gap=None cuts=155 diag_dual=229.39794 diag_gap=0.033854 crossing=10 crossing_upgraded=0 subset_row=17 lm_rank1=30 sched_cost=0 pair=4 clique=0 route_pack=51 nogood=114 sched_cap=0 sched_pack_adapt=0/0 route_enum_adapt=0/0
bench_20_02: status=TIME_LIMIT, primal=237.436094, dual=None, gap=None, diag_dual=229.39794, diag_gap=0.033854, time=3611.72805s, nodes=135, rmp=423, pricing=422, routes=2939, cuts=155, crossing=10, crossing_upgraded=0, rci=10, kpath=0, pair=4, subset_row=17, lm_rank1=30, sched_cost=0, clique=0, route_pack=51, nogood=114, sched_cap=0, fleet_lb=0/0, fleet_oracle_U=None, fleet_oracle_states=0, fleet_oracle_exact=False, rim_calls=10, rim_feasible=0, rim_rejected=141, rim_pair=0, rim_route_pack=42, rim_ng=238, rim_sched_cap=0, sched_pack_status=None, sched_pack_obj=None, sched_pack_gap_root=None, sched_pack_cols=0, sched_pack_relax_calls=0, sched_pack_relax_best=None, sched_pack_full_exact=0, sched_pack_adapt=0/0, sched_pack_adapt_skip=0, route_enum_adapt=0/0, route_enum_adapt_skip=0, cuts_purged=71, branch_test_time=196.644235s
开始 clean BPC: instance=bench_20_03, tasks=20, vehicles=2, time_limit=3600s, max_nodes=100000, log=/home/kai/work/gnn_bb/branchpricecut/results/logs/20260522_bpc_clean_fleetlb_budget_long_20_regression/bench_20_03.jsonl
[clean-BPC     2.16s] incumbent node 0: obj=245.5914
[clean-BPC     7.68s] start: {'time': 7.684575, 'event': 'start', 'instance': 'bench_20_03', 'tasks': 20, 'vehicles': 2, 'initial_routes': 25, 'initial_incumbent': 245.5914, 'task_vehicle_linking_enabled': True, 'schedule_capacity_cuts_enabled': True, 'schedule_capacity_separation_enabled': False, 'fleet_lower_bound_cuts_enabled': True, 'fleet_lower_bound_oracle_max_states': 500000, 'schedule_pack_diagnostic_enabled': False, 'schedule_pack_relaxation_enabled': False, 'schedule_pack_full_pricing_enabled': False, 'schedule_pack_adaptive_enabled': False, 'route_enumeration_adaptive_enabled': False}
[clean-BPC     7.68s] node 0 d=0 lb=0.0 open=0
[clean-BPC     7.69s] node 0 cg=1 phase=phase1 obj=0.0 artificial=0.0 cols=25
[clean-BPC     7.69s] node 0 cg=2 phase=phase2 obj=245.5914 artificial=0.0 cols=25
[clean-BPC    12.97s] node 0 cg=2 phase=phase2 kind=heuristic best_rc=-25.938804 found=105554 added=600 exhausted=False cert=False
[clean-BPC    13.00s] node 0 cg=3 phase=phase2 obj=245.5914 artificial=0.0 cols=625
[clean-BPC    18.89s] node 0 cg=3 phase=phase2 kind=heuristic best_rc=-23.567444 found=125616 added=600 exhausted=False cert=False
[clean-BPC    18.94s] node 0 cg=4 phase=phase2 obj=243.129978 artificial=0.0 cols=1225
[clean-BPC    21.88s] node 0 cg=4 phase=phase2 kind=heuristic best_rc=-9.059792125 found=7828 added=600 exhausted=False cert=False
[clean-BPC    21.95s] node 0 cg=5 phase=phase2 obj=233.700945 artificial=0.0 cols=1825
[clean-BPC    24.83s] node 0 cg=5 phase=phase2 kind=heuristic best_rc=-3.78132425 found=840 added=600 exhausted=False cert=False
[clean-BPC    24.92s] node 0 cg=6 phase=phase2 obj=230.636741 artificial=0.0 cols=2425
[clean-BPC    27.84s] node 0 cg=6 phase=phase2 kind=heuristic best_rc=-0.418592 found=8 added=8 exhausted=False cert=False
[clean-BPC    27.94s] node 0 cg=7 phase=phase2 obj=230.523904 artificial=0.0 cols=2433
[clean-BPC    30.84s] node 0 cg=7 phase=phase2 kind=heuristic best_rc=0.0 found=0 added=0 exhausted=False cert=False
[clean-BPC    37.41s] node 0 cg=7 phase=phase2 kind=exact best_rc=0.0 found=0 added=0 exhausted=True cert=True
[clean-BPC    38.95s] cut_added family=crossing_cut node=0 added=3 upgraded=0 first={'id': 0, 'tasks': [7, 8, 10, 13, 18], 'demand': 10.0, 'capacity_bound': 2, 'resource_bound': 1, 'k_bound': 2, 'rhs': 4.0, 'source': 'capacity', 'violation': 0.888888889, 'action': 'add'}
[clean-BPC    39.10s] node 0 cg=8 phase=phase2 obj=230.528562 artificial=0.0 cols=2433
[clean-BPC    42.57s] node 0 cg=8 phase=phase2 kind=heuristic best_rc=-0.156613 found=3 added=3 exhausted=False cert=False
[clean-BPC    42.70s] node 0 cg=9 phase=phase2 obj=230.528562 artificial=0.0 cols=2436
[clean-BPC    46.13s] node 0 cg=9 phase=phase2 kind=heuristic best_rc=-0.0 found=0 added=0 exhausted=False cert=False
[clean-BPC    60.42s] node 0 cg=9 phase=phase2 kind=exact best_rc=-1.128763583 found=13 added=13 exhausted=True cert=True
[clean-BPC    60.56s] node 0 cg=10 phase=phase2 obj=230.528562 artificial=0.0 cols=2449
[clean-BPC    64.01s] node 0 cg=10 phase=phase2 kind=heuristic best_rc=0.0 found=0 added=0 exhausted=False cert=False
[clean-BPC    76.74s] node 0 cg=10 phase=phase2 kind=exact best_rc=0.0 found=0 added=0 exhausted=True cert=True
[clean-BPC    77.79s] cut_added family=crossing_cut node=0 added=5 upgraded=0 first={'id': 3, 'tasks': [1, 2, 4, 15, 20], 'demand': 11.0, 'capacity_bound': 2, 'resource_bound': 1, 'k_bound': 2, 'rhs': 4.0, 'source': 'capacity', 'violation': 1.0, 'action': 'add'}
[clean-BPC    77.99s] node 0 cg=11 phase=phase2 obj=230.590244 artificial=0.0 cols=2449
[clean-BPC    81.68s] node 0 cg=11 phase=phase2 kind=heuristic best_rc=-0.392026421 found=7 added=7 exhausted=False cert=False
[clean-BPC    81.88s] node 0 cg=12 phase=phase2 obj=230.564696 artificial=0.0 cols=2456
[clean-BPC    85.56s] node 0 cg=12 phase=phase2 kind=heuristic best_rc=-0.2785552 found=6 added=6 exhausted=False cert=False
[clean-BPC    85.76s] node 0 cg=13 phase=phase2 obj=230.564696 artificial=0.0 cols=2462
[clean-BPC    89.55s] node 0 cg=13 phase=phase2 kind=heuristic best_rc=-0.0 found=0 added=0 exhausted=False cert=False
[clean-BPC   111.36s] node 0 cg=13 phase=phase2 kind=exact best_rc=-0.0 found=0 added=0 exhausted=True cert=True
[clean-BPC   112.54s] subset-row diag node 0 round=1 cand=197 k=2 dup=0 not_viol=375 violated=19 added=19 max_viol=0.3999999999999999
[clean-BPC   112.54s] cut_added family=subset_row node=0 added=19 first(|S|=5, k=2, viol=0.4)
[clean-BPC   112.84s] node 0 cg=14 phase=phase2 obj=231.215543 artificial=0.0 cols=2462
[clean-BPC   116.53s] node 0 cg=14 phase=phase2 kind=heuristic best_rc=-0.348940526 found=21 added=21 exhausted=False cert=False
[clean-BPC   116.82s] node 0 cg=15 phase=phase2 obj=231.170385 artificial=0.0 cols=2483
[clean-BPC   120.77s] node 0 cg=15 phase=phase2 kind=heuristic best_rc=-0.012875769 found=2 added=2 exhausted=False cert=False
[clean-BPC   121.05s] node 0 cg=16 phase=phase2 obj=231.170385 artificial=0.0 cols=2485
[clean-BPC   124.96s] node 0 cg=16 phase=phase2 kind=heuristic best_rc=-0.0 found=0 added=0 exhausted=False cert=False
[clean-BPC   139.81s] node 0 cg=16 phase=phase2 kind=exact best_rc=-0.0 found=0 added=0 exhausted=True cert=True
[clean-BPC   141.59s] subset-row diag node 0 round=2 cand=464 k=2 dup=14 not_viol=898 violated=16 added=16 max_viol=0.33333333333333326
[clean-BPC   141.59s] cut_added family=subset_row node=0 added=16 first(|S|=3, k=2, viol=0.333333333)
[clean-BPC   141.96s] node 0 cg=17 phase=phase2 obj=231.595905 artificial=0.0 cols=2485
[clean-BPC   145.83s] node 0 cg=17 phase=phase2 kind=heuristic best_rc=-0.223215394 found=8 added=8 exhausted=False cert=False
[clean-BPC   146.23s] node 0 cg=18 phase=phase2 obj=231.588996 artificial=0.0 cols=2493
[clean-BPC   150.29s] node 0 cg=18 phase=phase2 kind=heuristic best_rc=-0.002428039 found=2 added=2 exhausted=False cert=False
[clean-BPC   150.67s] node 0 cg=19 phase=phase2 obj=231.588936 artificial=0.0 cols=2495
[clean-BPC   154.70s] node 0 cg=19 phase=phase2 kind=heuristic best_rc=-0.0 found=0 added=0 exhausted=False cert=False
[clean-BPC   167.95s] node 0 cg=19 phase=phase2 kind=exact best_rc=-0.0 found=0 added=0 exhausted=True cert=True
[clean-BPC   169.88s] cut_added family=crossing_cut node=0 added=3 upgraded=0 first={'id': 43, 'tasks': [2, 11, 15, 20], 'demand': 10.0, 'capacity_bound': 2, 'resource_bound': 1, 'k_bound': 2, 'rhs': 4.0, 'source': 'capacity', 'violation': 0.097560976, 'action': 'add'}
[clean-BPC   170.29s] node 0 cg=20 phase=phase2 obj=231.609479 artificial=0.0 cols=2495
[clean-BPC   174.38s] node 0 cg=20 phase=phase2 kind=heuristic best_rc=-0.0 found=0 added=0 exhausted=False cert=False
[clean-BPC   188.09s] node 0 cg=20 phase=phase2 kind=exact best_rc=-0.0 found=0 added=0 exhausted=True cert=True
[clean-BPC   188.11s] subset-row diag node 0 round=3 cand=500 k=2 dup=29 not_viol=963 violated=8 added=8 max_viol=0.15573770491803396
[clean-BPC   188.11s] cut_added family=subset_row node=0 added=8 first(|S|=5, k=2, viol=0.155737705)
[clean-BPC   188.54s] node 0 cg=21 phase=phase2 obj=231.743944 artificial=0.0 cols=2495
[clean-BPC   192.50s] node 0 cg=21 phase=phase2 kind=heuristic best_rc=-0.470776289 found=18 added=18 exhausted=False cert=False
[clean-BPC   192.96s] node 0 cg=22 phase=phase2 obj=231.701368 artificial=0.0 cols=2513
[clean-BPC   196.96s] node 0 cg=22 phase=phase2 kind=heuristic best_rc=-0.069195041 found=2 added=2 exhausted=False cert=False
[clean-BPC   197.43s] node 0 cg=23 phase=phase2 obj=231.701368 artificial=0.0 cols=2515
[clean-BPC   201.40s] node 0 cg=23 phase=phase2 kind=heuristic best_rc=-0.033855365 found=2 added=2 exhausted=False cert=False
[clean-BPC   201.88s] node 0 cg=24 phase=phase2 obj=231.701368 artificial=0.0 cols=2517
[clean-BPC   205.88s] node 0 cg=24 phase=phase2 kind=heuristic best_rc=-0.0 found=0 added=0 exhausted=False cert=False
[clean-BPC   220.01s] node 0 cg=24 phase=phase2 kind=exact best_rc=-0.0 found=0 added=0 exhausted=True cert=True
[clean-BPC   220.67s] lm-rank1 diag node 0 round=1 cand=604 denom=2 patterns=13721 dup=0 not_viol=13464 violated=102 added=20 max_viol=0.15595075239398115
[clean-BPC   220.67s] cut_added family=limited_memory_rank1 node=0 added=20 first(|S|=6, d=3, mem=[12, 17], viol=0.155950752)
[clean-BPC   221.27s] node 0 cg=25 phase=phase2 obj=231.765068 artificial=0.0 cols=2517
[clean-BPC   226.02s] node 0 cg=25 phase=phase2 kind=heuristic best_rc=-0.657018571 found=10 added=10 exhausted=False cert=False
[clean-BPC   226.63s] node 0 cg=26 phase=phase2 obj=231.76266 artificial=0.0 cols=2527
[clean-BPC   231.42s] node 0 cg=26 phase=phase2 kind=heuristic best_rc=-0.125771767 found=4 added=4 exhausted=False cert=False
[clean-BPC   232.03s] node 0 cg=27 phase=phase2 obj=231.76266 artificial=0.0 cols=2531
[clean-BPC   236.94s] node 0 cg=27 phase=phase2 kind=heuristic best_rc=0.0 found=0 added=0 exhausted=False cert=False
[clean-BPC   250.19s] node 0 cg=27 phase=phase2 kind=exact best_rc=-0.0 found=0 added=0 exhausted=True cert=True
[clean-BPC   250.61s] lm-rank1 diag node 0 round=2 cand=700 denom=2 patterns=15920 dup=16 not_viol=15612 violated=116 added=20 max_viol=0.1686046511627901
[clean-BPC   250.61s] cut_added family=limited_memory_rank1 node=0 added=20 first(|S|=6, d=3, mem=[12, 18], viol=0.168604651)
[clean-BPC   251.39s] node 0 cg=28 phase=phase2 obj=231.84842 artificial=0.0 cols=2531
[clean-BPC   256.95s] node 0 cg=28 phase=phase2 kind=heuristic best_rc=-0.429335414 found=10 added=10 exhausted=False cert=False
[clean-BPC   257.74s] node 0 cg=29 phase=phase2 obj=231.846323 artificial=0.0 cols=2541
[clean-BPC   263.55s] node 0 cg=29 phase=phase2 kind=heuristic best_rc=-0.0 found=0 added=0 exhausted=False cert=False
[clean-BPC   280.35s] node 0 cg=29 phase=phase2 kind=exact best_rc=-0.0 found=0 added=0 exhausted=True cert=True
[clean-BPC   280.83s] lm-rank1 diag node 0 round=3 cand=700 denom=2 patterns=15840 dup=30 not_viol=15548 violated=70 added=20 max_viol=0.0930454112416641
[clean-BPC   280.83s] cut_added family=limited_memory_rank1 node=0 added=20 first(|S|=4, d=4, mem=[8, 10], viol=0.093045411)
[clean-BPC   281.64s] node 0 cg=30 phase=phase2 obj=231.931726 artificial=0.0 cols=2541
[clean-BPC   287.83s] node 0 cg=30 phase=phase2 kind=heuristic best_rc=-0.988303 found=16 added=16 exhausted=False cert=False
[clean-BPC   288.74s] node 0 cg=31 phase=phase2 obj=231.917116 artificial=0.0 cols=2557
[clean-BPC   294.50s] node 0 cg=31 phase=phase2 kind=heuristic best_rc=-0.110700156 found=2 added=2 exhausted=False cert=False
[clean-BPC   295.41s] node 0 cg=32 phase=phase2 obj=231.916553 artificial=0.0 cols=2559
[clean-BPC   301.40s] node 0 cg=32 phase=phase2 kind=heuristic best_rc=-0.0 found=0 added=0 exhausted=False cert=False
[clean-BPC   318.23s] node 0 cg=32 phase=phase2 kind=exact best_rc=-0.0 found=0 added=0 exhausted=True cert=True
[clean-BPC   319.08s] route-pack diag node 0 round=1 vehicles=2/2 support_max=34 cand=78 oracle=78 incomplete=0 not_tight=8 not_viol=70 dup=0 violated=0 added=0 max_viol=0.0 states_max=24447
[clean-BPC   340.03s] route-pack-conflict diag node 0 source_vehicle=1 routes=5 U=4 complete=True cache_hit=False states=117 added=0
[clean-BPC   341.97s] cut_added family=schedule_pair_conflict node=0 added=2 source_vehicle=1 route_count=2 signatures=[[4, 15, 20, 2], [6, 7, 13, 18, 3, 1]]
[clean-BPC   341.97s] route-pack-conflict diag node 0 source_vehicle=1 routes=5 U=4 complete=True cache_hit=False states=109 added=0
[clean-BPC   345.79s] rim-conflict diag node 0 conflicts=4 pair_events=1 pair_cuts=2 schedcap_events=0 schedcap_cuts=0 routepack_events=2 routepack_cuts=0 routepack_cache=0 routepack_states_max=117 routepack_budget_skip=1 nogood_events=0 nogood_cuts=0 weak_skip=3
[clean-BPC    20.93s] restricted-MIP node 0 status=TIME_LIMIT obj=None accepted=False routes=2559 rejected=4 pair=2 ng=6 route_pack=0 sched_cap=0 added_cuts=2 time=20.927156
[clean-BPC   345.79s] node 0 d=0 lb=231.916553 open=0
[clean-BPC   346.61s] node 0 cg=1 phase=phase1 obj=0.0 artificial=0.0 cols=2559
[clean-BPC   347.53s] node 0 cg=2 phase=phase2 obj=231.916553 artificial=0.0 cols=2559
[clean-BPC   347.54s] cut_purged node=0 removed=4 by_kind={'crossing_cut': 4} remaining=112
[clean-BPC   348.39s] node 0 cg=3 phase=phase2 obj=231.916553 artificial=0.0 cols=2559
[clean-BPC   354.41s] node 0 cg=3 phase=phase2 kind=heuristic best_rc=0.0 found=0 added=0 exhausted=False cert=False
[clean-BPC   371.21s] node 0 cg=3 phase=phase2 kind=exact best_rc=-0.0 found=0 added=0 exhausted=True cert=True
[clean-BPC   372.00s] route-pack diag node 0 round=2 vehicles=2/2 support_max=33 cand=77 oracle=77 incomplete=0 not_tight=10 not_viol=67 dup=0 violated=0 added=0 max_viol=0.0 states_max=28745
[clean-BPC   372.01s] cut_added family=schedule_incompatibility node=0 added=2 pair=1 clique=1 first(kind=schedule_clique_conflict, vehicle=1, routes=4, U=1.0, y=0.5, viol=0.123188406)
[clean-BPC   372.88s] node 0 cg=4 phase=phase2 obj=231.916553 artificial=0.0 cols=2559
[clean-BPC   378.76s] node 0 cg=4 phase=phase2 kind=heuristic best_rc=-0.0 found=0 added=0 exhausted=False cert=False
[clean-BPC   395.12s] node 0 cg=4 phase=phase2 kind=exact best_rc=-0.0 found=0 added=0 exhausted=True cert=True
[clean-BPC   395.13s] cut_added family=schedule_incompatibility node=0 added=2 pair=1 clique=1 first(kind=schedule_clique_conflict, vehicle=2, routes=3, U=1.0, y=0.5, viol=0.066901408)
[clean-BPC   396.00s] node 0 cg=5 phase=phase2 obj=231.916553 artificial=0.0 cols=2559
[clean-BPC   396.00s] cut_purged node=0 removed=2 by_kind={'subset_row': 2} remaining=114
[clean-BPC   396.85s] node 0 cg=6 phase=phase2 obj=231.916553 artificial=0.0 cols=2559
[clean-BPC   403.02s] node 0 cg=6 phase=phase2 kind=heuristic best_rc=-0.0 found=0 added=0 exhausted=False cert=False
[clean-BPC   420.22s] node 0 cg=6 phase=phase2 kind=exact best_rc=-0.0 found=0 added=0 exhausted=True cert=True
[clean-BPC   440.23s] route-pack-conflict diag node 0 source_vehicle=1 routes=5 U=4 complete=True cache_hit=True states=117 added=0
[clean-BPC   442.18s] route-pack-conflict diag node 0 source_vehicle=1 routes=5 U=4 complete=True cache_hit=True states=109 added=0
[clean-BPC   446.01s] cut_added family=schedule_pair_conflict node=0 added=1 source_vehicle=1 route_count=2 signatures=[[4, 15, 20, 2], [1, 3, 18, 13, 7]]
[clean-BPC   446.01s] cut_added family=schedule_pair_conflict node=0 added=2 source_vehicle=1 route_count=2 signatures=[[4, 15, 20, 2], [7, 13, 18, 3, 1]]
[clean-BPC   446.01s] rim-conflict diag node 0 conflicts=5 pair_events=2 pair_cuts=3 schedcap_events=0 schedcap_cuts=0 routepack_events=2 routepack_cuts=0 routepack_cache=2 routepack_states_max=117 routepack_budget_skip=1 nogood_events=0 nogood_cuts=0 weak_skip=3
[clean-BPC    20.01s] restricted-MIP node 0 status=TIME_LIMIT obj=None accepted=False routes=2559 rejected=5 pair=4 ng=6 route_pack=0 sched_cap=0 added_cuts=3 time=20.008994
[clean-BPC   446.01s] node 0 d=0 lb=231.916553 open=0
[clean-BPC   446.78s] node 0 cg=1 phase=phase1 obj=0.0 artificial=0.0 cols=2559
[clean-BPC   447.64s] node 0 cg=2 phase=phase2 obj=231.916553 artificial=0.0 cols=2559
[clean-BPC   453.68s] node 0 cg=2 phase=phase2 kind=heuristic best_rc=0.0 found=0 added=0 exhausted=False cert=False
[clean-BPC   470.56s] node 0 cg=2 phase=phase2 kind=exact best_rc=0.0 found=0 added=0 exhausted=True cert=True
[clean-BPC   492.52s] route-pack-conflict diag node 0 source_vehicle=1 routes=5 U=4 complete=True cache_hit=True states=117 added=0
[clean-BPC   494.45s] route-pack-conflict diag node 0 source_vehicle=1 routes=5 U=4 complete=True cache_hit=True states=109 added=0
[clean-BPC   500.22s] rim-conflict diag node 0 conflicts=4 pair_events=0 pair_cuts=0 schedcap_events=0 schedcap_cuts=0 routepack_events=2 routepack_cuts=0 routepack_cache=2 routepack_states_max=117 routepack_budget_skip=2 nogood_events=0 nogood_cuts=0 weak_skip=4
[clean-BPC    21.96s] restricted-MIP node 0 status=TIME_LIMIT obj=None accepted=False routes=2559 rejected=4 pair=0 ng=8 route_pack=0 sched_cap=0 added_cuts=0 time=21.956388
[clean-BPC   513.14s] branch node 0: left=task_vehicle(11,1)=off right=task_vehicle(11,1)=on
[clean-BPC   513.14s] node 1 d=1 lb=231.916553 open=1
[clean-BPC   513.88s] node 1 cg=1 phase=phase1 obj=0.0 artificial=0.0 cols=2559
[clean-BPC   514.69s] node 1 cg=2 phase=phase2 obj=331.916553 artificial=0.0 cols=2559
[clean-BPC   521.02s] node 1 cg=2 phase=phase2 kind=heuristic best_rc=-0.0 found=0 added=0 exhausted=False cert=False
[clean-BPC   537.36s] node 1 cg=2 phase=phase2 kind=heuristic_boost best_rc=-0.0 found=0 added=0 exhausted=True cert=True
[clean-BPC   538.01s] route-pack diag node 1 round=1 vehicles=2/2 support_max=27 cand=75 oracle=75 incomplete=0 not_tight=11 not_viol=64 dup=0 violated=0 added=0 max_viol=0.0 states_max=23419
[clean-BPC   538.01s] fathom node 1: reason=bound_after_schedule_pack bound=331.916553
[clean-BPC   538.01s] node 2 d=1 lb=231.916553 open=0
[clean-BPC   538.74s] node 2 cg=1 phase=phase1 obj=0.0 artificial=0.0 cols=2559
[clean-BPC   539.51s] node 2 cg=2 phase=phase2 obj=231.916553 artificial=0.0 cols=2559
[clean-BPC   539.51s] cut_purged node=2 removed=1 by_kind={'subset_row': 1} remaining=116
[clean-BPC   540.28s] node 2 cg=3 phase=phase2 obj=231.916553 artificial=0.0 cols=2559
[clean-BPC   540.29s] cut_purged node=2 removed=2 by_kind={'subset_row': 2} remaining=114
[clean-BPC   541.04s] node 2 cg=4 phase=phase2 obj=231.916553 artificial=0.0 cols=2559
[clean-BPC   546.93s] node 2 cg=4 phase=phase2 kind=heuristic best_rc=0.0 found=0 added=0 exhausted=False cert=False
[clean-BPC   562.45s] node 2 cg=4 phase=phase2 kind=heuristic_boost best_rc=-1.748502751 found=39 added=39 exhausted=True cert=True
[clean-BPC   563.20s] node 2 cg=5 phase=phase2 obj=231.916553 artificial=0.0 cols=2598
[clean-BPC   568.87s] node 2 cg=5 phase=phase2 kind=heuristic best_rc=0.0 found=0 added=0 exhausted=False cert=False
[clean-BPC   583.37s] node 2 cg=5 phase=phase2 kind=heuristic_boost best_rc=-2.449911906 found=157 added=157 exhausted=True cert=True
[clean-BPC   584.20s] node 2 cg=6 phase=phase2 obj=231.916553 artificial=0.0 cols=2755
[clean-BPC   584.20s] cut_purged node=2 removed=1 by_kind={'subset_row': 1} remaining=113
[clean-BPC   585.00s] node 2 cg=7 phase=phase2 obj=231.916553 artificial=0.0 cols=2755
[clean-BPC   591.00s] node 2 cg=7 phase=phase2 kind=heuristic best_rc=-0.0 found=0 added=0 exhausted=False cert=False
[clean-BPC   606.56s] node 2 cg=7 phase=phase2 kind=heuristic_boost best_rc=-0.0 found=0 added=0 exhausted=True cert=True
[clean-BPC   607.04s] route-pack diag node 2 round=1 vehicles=1/2 support_max=40 cand=40 oracle=40 incomplete=0 not_tight=6 not_viol=34 dup=0 violated=0 added=0 max_viol=0.0 states_max=30677
[clean-BPC   627.47s] route-pack-conflict diag node 2 source_vehicle=1 routes=5 U=4 complete=True cache_hit=False states=120 added=0
[clean-BPC   627.84s] route-pack-conflict diag node 2 source_vehicle=1 routes=5 U=4 complete=True cache_hit=False states=102 added=0
[clean-BPC   630.44s] rim-conflict diag node 2 conflicts=8 pair_events=0 pair_cuts=0 schedcap_events=0 schedcap_cuts=0 routepack_events=2 routepack_cuts=0 routepack_cache=0 routepack_states_max=120 routepack_budget_skip=6 nogood_events=0 nogood_cuts=0 weak_skip=8
[clean-BPC    20.42s] restricted-MIP node 2 status=TIME_LIMIT obj=None accepted=False routes=2755 rejected=8 pair=0 ng=16 route_pack=0 sched_cap=0 added_cuts=0 time=20.420191
[clean-BPC   639.02s] branch node 2: left=RF(1,13)=separate right=RF(1,13)=same
[clean-BPC   639.02s] node 3 d=2 lb=231.916553 open=1
[clean-BPC   639.76s] node 3 cg=1 phase=phase1 obj=0.0 artificial=0.0 cols=2755
[clean-BPC   640.52s] node 3 cg=2 phase=phase2 obj=232.200367 artificial=0.0 cols=2755
[clean-BPC   646.17s] node 3 cg=2 phase=phase2 kind=heuristic best_rc=-0.683743849 found=25 added=25 exhausted=False cert=False
[clean-BPC   646.95s] node 3 cg=3 phase=phase2 obj=232.131849 artificial=0.0 cols=2780
[clean-BPC   652.96s] node 3 cg=3 phase=phase2 kind=heuristic best_rc=-0.112292909 found=2 added=2 exhausted=False cert=False
[clean-BPC   653.72s] node 3 cg=4 phase=phase2 obj=232.131849 artificial=0.0 cols=2782
[clean-BPC   659.80s] node 3 cg=4 phase=phase2 kind=heuristic best_rc=0.0 found=0 added=0 exhausted=False cert=False
[clean-BPC   674.35s] node 3 cg=4 phase=phase2 kind=heuristic_boost best_rc=0.0 found=0 added=0 exhausted=True cert=True
[clean-BPC   674.75s] route-pack diag node 3 round=1 vehicles=1/2 support_max=29 cand=39 oracle=39 incomplete=0 not_tight=5 not_viol=34 dup=0 violated=0 added=0 max_viol=0.0 states_max=25062
[clean-BPC   695.36s] route-pack-conflict diag node 3 source_vehicle=1 routes=5 U=4 complete=True cache_hit=True states=120 added=0
[clean-BPC   695.72s] route-pack-conflict diag node 3 source_vehicle=1 routes=5 U=4 complete=True cache_hit=True states=102 added=0
[clean-BPC   697.21s] cut_added family=schedule_pair_conflict node=3 added=2 source_vehicle=1 route_count=2 signatures=[[4, 15, 20, 2], [1, 3, 7, 6]]
[clean-BPC   697.21s] cut_added family=schedule_pair_conflict node=3 added=2 source_vehicle=1 route_count=2 signatures=[[4, 15, 20, 2], [6, 7, 3, 1]]
[clean-BPC   698.90s] rim-conflict diag node 3 conflicts=11 pair_events=2 pair_cuts=4 schedcap_events=0 schedcap_cuts=0 routepack_events=2 routepack_cuts=0 routepack_cache=2 routepack_states_max=120 routepack_budget_skip=7 nogood_events=0 nogood_cuts=0 weak_skip=9
[clean-BPC    20.60s] restricted-MIP node 3 status=TIME_LIMIT obj=None accepted=False routes=2782 rejected=11 pair=4 ng=18 route_pack=0 sched_cap=0 added_cuts=4 time=20.595582
[clean-BPC   698.90s] node 4 d=2 lb=231.916553 open=1
[clean-BPC   699.41s] node 4 cg=1 phase=phase1 obj=0.0 artificial=0.0 cols=2782
[clean-BPC   699.94s] node 4 cg=2 phase=phase2 obj=232.227672 artificial=0.0 cols=2782
[clean-BPC   704.17s] node 4 cg=2 phase=phase2 kind=heuristic best_rc=-0.241414118 found=5 added=5 exhausted=False cert=False
[clean-BPC   704.70s] node 4 cg=3 phase=phase2 obj=232.220588 artificial=0.0 cols=2787
[clean-BPC   704.70s] cut_purged node=4 removed=20 by_kind={'crossing_cut': 3, 'subset_row': 10, 'limited_memory_rank1': 7} remaining=97
[clean-BPC   705.13s] node 4 cg=4 phase=phase2 obj=232.220588 artificial=0.0 cols=2787
[clean-BPC   709.69s] node 4 cg=4 phase=phase2 kind=heuristic best_rc=-0.1465005 found=10 added=10 exhausted=False cert=False
[clean-BPC   710.13s] node 4 cg=5 phase=phase2 obj=232.220588 artificial=0.0 cols=2797
[clean-BPC   714.70s] node 4 cg=5 phase=phase2 kind=heuristic best_rc=-0.145939 found=2 added=2 exhausted=False cert=False
[clean-BPC   715.14s] node 4 cg=6 phase=phase2 obj=232.220588 artificial=0.0 cols=2799
[clean-BPC   719.68s] node 4 cg=6 phase=phase2 kind=heuristic best_rc=-0.066787 found=2 added=2 exhausted=False cert=False
[clean-BPC   720.12s] node 4 cg=7 phase=phase2 obj=232.220588 artificial=0.0 cols=2801
[clean-BPC   724.70s] node 4 cg=7 phase=phase2 kind=heuristic best_rc=0.0 found=0 added=0 exhausted=False cert=False
[clean-BPC   739.86s] node 4 cg=7 phase=phase2 kind=heuristic_boost best_rc=-0.323039 found=2 added=2 exhausted=True cert=True
[clean-BPC   740.32s] node 4 cg=8 phase=phase2 obj=232.220588 artificial=0.0 cols=2803
[clean-BPC   744.97s] node 4 cg=8 phase=phase2 kind=heuristic best_rc=0.0 found=0 added=0 exhausted=False cert=False
[clean-BPC   760.28s] node 4 cg=8 phase=phase2 kind=heuristic_boost best_rc=0.0 found=0 added=0 exhausted=True cert=True
[clean-BPC   760.71s] route-pack diag node 4 round=1 vehicles=1/2 support_max=24 cand=39 oracle=39 incomplete=0 not_tight=6 not_viol=33 dup=0 violated=0 added=0 max_viol=0.0 states_max=31657
[clean-BPC   782.70s] route-pack-conflict diag node 4 source_vehicle=1 routes=5 U=4 complete=True cache_hit=True states=117 added=0
[clean-BPC   784.64s] cut_added family=schedule_nogood_core node=4 added=1 source_vehicle=1 route_count=3 signatures=[[5, 9, 19, 11], [2, 20, 15, 4], [1, 3, 18, 13, 7, 6]]
[clean-BPC   784.64s] route-pack-conflict diag node 4 source_vehicle=1 routes=5 U=4 complete=True cache_hit=True states=109 added=0
[clean-BPC   800.26s] rim-conflict diag node 4 conflicts=15 pair_events=0 pair_cuts=0 schedcap_events=0 schedcap_cuts=0 routepack_events=2 routepack_cuts=0 routepack_cache=2 routepack_states_max=117 routepack_budget_skip=13 nogood_events=1 nogood_cuts=1 weak_skip=14
[clean-BPC    21.99s] restricted-MIP node 4 status=TIME_LIMIT obj=None accepted=False routes=2803 rejected=15 pair=0 ng=10 route_pack=20 sched_cap=0 added_cuts=1 time=21.989205
[clean-BPC   800.26s] node 3 d=2 lb=232.131849 open=1
[clean-BPC   800.87s] node 3 cg=1 phase=phase1 obj=0.0 artificial=0.0 cols=2803
[clean-BPC   801.50s] node 3 cg=2 phase=phase2 obj=232.131849 artificial=0.0 cols=2803
[clean-BPC   807.23s] node 3 cg=2 phase=phase2 kind=heuristic best_rc=-0.001340552 found=2 added=2 exhausted=False cert=False
[clean-BPC   807.86s] node 3 cg=3 phase=phase2 obj=232.131849 artificial=0.0 cols=2805
[clean-BPC   813.63s] node 3 cg=3 phase=phase2 kind=heuristic best_rc=-0.0 found=0 added=0 exhausted=False cert=False
[clean-BPC   827.40s] node 3 cg=3 phase=phase2 kind=heuristic_boost best_rc=-0.0 found=0 added=0 exhausted=True cert=True
[clean-BPC   827.80s] route-pack diag node 3 round=2 vehicles=1/2 support_max=29 cand=41 oracle=41 incomplete=0 not_tight=5 not_viol=36 dup=0 violated=0 added=0 max_viol=0.0 states_max=31264
[clean-BPC   848.19s] route-pack-conflict diag node 3 source_vehicle=1 routes=5 U=4 complete=True cache_hit=False states=111 added=0
[clean-BPC   848.57s] route-pack-conflict diag node 3 source_vehicle=1 routes=5 U=4 complete=True cache_hit=True states=120 added=0
[clean-BPC   852.76s] rim-conflict diag node 3 conflicts=12 pair_events=0 pair_cuts=0 schedcap_events=0 schedcap_cuts=0 routepack_events=2 routepack_cuts=0 routepack_cache=1 routepack_states_max=120 routepack_budget_skip=10 nogood_events=0 nogood_cuts=0 weak_skip=12
[clean-BPC    20.39s] restricted-MIP node 3 status=TIME_LIMIT obj=None accepted=False routes=2805 rejected=12 pair=0 ng=24 route_pack=0 sched_cap=0 added_cuts=0 time=20.386921
[clean-BPC   863.03s] branch node 3: left=RF(14,16)=separate right=RF(14,16)=same
[clean-BPC   863.03s] node 5 d=3 lb=232.131849 open=2
[clean-BPC   863.60s] node 5 cg=1 phase=phase1 obj=0.0 artificial=0.0 cols=2805
[clean-BPC   864.23s] node 5 cg=2 phase=phase2 obj=232.441221 artificial=0.0 cols=2805
[clean-BPC   869.53s] node 5 cg=2 phase=phase2 kind=heuristic best_rc=-0.0931515 found=10 added=10 exhausted=False cert=False
[clean-BPC   870.12s] node 5 cg=3 phase=phase2 obj=232.432416 artificial=0.0 cols=2815
[clean-BPC   875.41s] node 5 cg=3 phase=phase2 kind=heuristic best_rc=0.0 found=0 added=0 exhausted=False cert=False
[clean-BPC   887.80s] node 5 cg=3 phase=phase2 kind=heuristic_boost best_rc=-0.757829663 found=33 added=33 exhausted=True cert=True
[clean-BPC   888.40s] node 5 cg=4 phase=phase2 obj=232.432416 artificial=0.0 cols=2848
[clean-BPC   893.65s] node 5 cg=4 phase=phase2 kind=heuristic best_rc=0.0 found=0 added=0 exhausted=False cert=False
[clean-BPC   905.89s] node 5 cg=4 phase=phase2 kind=heuristic_boost best_rc=0.0 found=0 added=0 exhausted=True cert=True
[clean-BPC   926.09s] route-pack-conflict diag node 5 source_vehicle=1 routes=5 U=4 complete=True cache_hit=True states=111 added=0
[clean-BPC   926.47s] route-pack-conflict diag node 5 source_vehicle=1 routes=5 U=4 complete=True cache_hit=False states=111 added=0
[clean-BPC   931.22s] rim-conflict diag node 5 conflicts=14 pair_events=0 pair_cuts=0 schedcap_events=0 schedcap_cuts=0 routepack_events=2 routepack_cuts=0 routepack_cache=1 routepack_states_max=111 routepack_budget_skip=12 nogood_events=0 nogood_cuts=0 weak_skip=14
[clean-BPC    20.20s] restricted-MIP node 5 status=TIME_LIMIT obj=None accepted=False routes=2848 rejected=14 pair=0 ng=28 route_pack=0 sched_cap=0 added_cuts=0 time=20.198931
[clean-BPC   938.83s] branch node 5: left=RF(1,18)=separate right=RF(1,18)=same
[clean-BPC   938.83s] node 6 d=3 lb=232.131849 open=3
[clean-BPC   939.24s] node 6 cg=1 phase=phase1 obj=0.0 artificial=0.0 cols=2848
[clean-BPC   939.65s] node 6 cg=2 phase=phase2 obj=232.534712 artificial=0.0 cols=2848
[clean-BPC   943.82s] node 6 cg=2 phase=phase2 kind=heuristic best_rc=-0.618452014 found=8 added=8 exhausted=False cert=False
[clean-BPC   944.23s] node 6 cg=3 phase=phase2 obj=232.534712 artificial=0.0 cols=2856
[clean-BPC   948.45s] node 6 cg=3 phase=phase2 kind=heuristic best_rc=0.0 found=0 added=0 exhausted=False cert=False
[clean-BPC   957.74s] node 6 cg=3 phase=phase2 kind=heuristic_boost best_rc=-0.178384213 found=2 added=2 exhausted=True cert=True
[clean-BPC   958.16s] node 6 cg=4 phase=phase2 obj=232.534712 artificial=0.0 cols=2858
[clean-BPC   958.16s] cut_purged node=6 removed=1 by_kind={'schedule_nogood_core': 1} remaining=97
[clean-BPC   958.59s] node 6 cg=5 phase=phase2 obj=232.534712 artificial=0.0 cols=2858
[clean-BPC   962.87s] node 6 cg=5 phase=phase2 kind=heuristic best_rc=-0.217843 found=2 added=2 exhausted=False cert=False
[clean-BPC   963.28s] node 6 cg=6 phase=phase2 obj=232.534712 artificial=0.0 cols=2860
[clean-BPC   967.55s] node 6 cg=6 phase=phase2 kind=heuristic best_rc=-0.0 found=0 added=0 exhausted=False cert=False
[clean-BPC   976.89s] node 6 cg=6 phase=phase2 kind=heuristic_boost best_rc=-0.266120417 found=2 added=2 exhausted=True cert=True
[clean-BPC   977.33s] node 6 cg=7 phase=phase2 obj=232.534712 artificial=0.0 cols=2862
[clean-BPC   981.52s] node 6 cg=7 phase=phase2 kind=heuristic best_rc=-0.0 found=0 added=0 exhausted=False cert=False
[clean-BPC   994.49s] node 6 cg=7 phase=phase2 kind=heuristic_boost best_rc=-0.0 found=0 added=0 exhausted=True cert=True
[clean-BPC  1014.77s] route-pack-conflict diag node 6 source_vehicle=1 routes=5 U=4 complete=True cache_hit=False states=124 added=0
[clean-BPC  1015.32s] route-pack-conflict diag node 6 source_vehicle=1 routes=5 U=4 complete=True cache_hit=False states=112 added=0
[clean-BPC  1024.36s] rim-conflict diag node 6 conflicts=18 pair_events=0 pair_cuts=0 schedcap_events=0 schedcap_cuts=0 routepack_events=2 routepack_cuts=0 routepack_cache=0 routepack_states_max=124 routepack_budget_skip=16 nogood_events=0 nogood_cuts=0 weak_skip=18
[clean-BPC    20.27s] restricted-MIP node 6 status=TIME_LIMIT obj=None accepted=False routes=2862 rejected=18 pair=0 ng=36 route_pack=0 sched_cap=0 added_cuts=0 time=20.273618
[clean-BPC  1029.35s] branch node 6: left=RF(1,3)=separate right=RF(1,3)=same
[clean-BPC  1029.35s] node 4 d=2 lb=232.220588 open=4
[clean-BPC  1029.80s] node 4 cg=1 phase=phase1 obj=0.0 artificial=0.0 cols=2862
[clean-BPC  1030.24s] node 4 cg=2 phase=phase2 obj=232.220588 artificial=0.0 cols=2862
[clean-BPC  1034.91s] node 4 cg=2 phase=phase2 kind=heuristic best_rc=0.0 found=0 added=0 exhausted=False cert=False
[clean-BPC  1050.30s] node 4 cg=2 phase=phase2 kind=heuristic_boost best_rc=0.0 found=0 added=0 exhausted=True cert=True
[clean-BPC  1050.30s] route-pack diag node 4 round=2 vehicles=1/2 support_max=24 cand=39 oracle=39 incomplete=0 not_tight=6 not_viol=33 dup=0 violated=0 added=0 max_viol=0.0 states_max=31657
[clean-BPC  1072.26s] route-pack-conflict diag node 4 source_vehicle=1 routes=5 U=4 complete=True cache_hit=True states=117 added=0
[clean-BPC  1074.18s] cut_added family=schedule_nogood_core node=4 added=1 source_vehicle=1 route_count=3 signatures=[[5, 9, 19, 11], [2, 20, 15, 4], [1, 3, 18, 13, 7, 6]]
[clean-BPC  1074.18s] route-pack-conflict diag node 4 source_vehicle=1 routes=5 U=4 complete=True cache_hit=True states=109 added=0
[clean-BPC  1089.81s] rim-conflict diag node 4 conflicts=15 pair_events=0 pair_cuts=0 schedcap_events=0 schedcap_cuts=0 routepack_events=2 routepack_cuts=0 routepack_cache=2 routepack_states_max=117 routepack_budget_skip=13 nogood_events=1 nogood_cuts=1 weak_skip=14
[clean-BPC    21.96s] restricted-MIP node 4 status=TIME_LIMIT obj=None accepted=False routes=2862 rejected=15 pair=0 ng=10 route_pack=20 sched_cap=0 added_cuts=1 time=21.9636
[clean-BPC  1089.81s] node 4 d=2 lb=232.220588 open=4
[clean-BPC  1090.25s] node 4 cg=1 phase=phase1 obj=0.0 artificial=0.0 cols=2862
[clean-BPC  1090.70s] node 4 cg=2 phase=phase2 obj=232.220588 artificial=0.0 cols=2862
[clean-BPC  1095.42s] node 4 cg=2 phase=phase2 kind=heuristic best_rc=0.0 found=0 added=0 exhausted=False cert=False
[clean-BPC  1111.08s] node 4 cg=2 phase=phase2 kind=heuristic_boost best_rc=0.0 found=0 added=0 exhausted=True cert=True
[clean-BPC  1131.09s] route-pack-conflict diag node 4 source_vehicle=1 routes=5 U=4 complete=True cache_hit=True states=109 added=0
[clean-BPC  1133.04s] route-pack-conflict diag node 4 source_vehicle=1 routes=5 U=4 complete=True cache_hit=False states=100 added=0
[clean-BPC  1147.54s] rim-conflict diag node 4 conflicts=16 pair_events=0 pair_cuts=0 schedcap_events=0 schedcap_cuts=0 routepack_events=2 routepack_cuts=0 routepack_cache=1 routepack_states_max=109 routepack_budget_skip=14 nogood_events=0 nogood_cuts=0 weak_skip=16
[clean-BPC    20.01s] restricted-MIP node 4 status=TIME_LIMIT obj=None accepted=False routes=2862 rejected=16 pair=0 ng=6 route_pack=26 sched_cap=0 added_cuts=0 time=20.008021
[clean-BPC  1154.75s] branch node 4: left=RF(14,16)=separate right=RF(14,16)=same
[clean-BPC  1154.75s] node 11 d=3 lb=232.220588 open=5
[clean-BPC  1155.15s] node 11 cg=1 phase=phase1 obj=0.0 artificial=0.0 cols=2862
[clean-BPC  1155.56s] node 11 cg=2 phase=phase2 obj=232.704532 artificial=0.0 cols=2862
[clean-BPC  1155.57s] cut_purged node=11 removed=6 by_kind={'subset_row': 1, 'limited_memory_rank1': 5} remaining=92
[clean-BPC  1155.95s] node 11 cg=3 phase=phase2 obj=232.704532 artificial=0.0 cols=2862
[clean-BPC  1160.36s] node 11 cg=3 phase=phase2 kind=heuristic best_rc=-0.442699 found=14 added=14 exhausted=False cert=False
[clean-BPC  1160.75s] node 11 cg=4 phase=phase2 obj=232.647774 artificial=0.0 cols=2876
[clean-BPC  1164.83s] node 11 cg=4 phase=phase2 kind=heuristic best_rc=-0.0 found=0 added=0 exhausted=False cert=False
[clean-BPC  1178.47s] node 11 cg=4 phase=phase2 kind=heuristic_boost best_rc=-0.057020222 found=6 added=6 exhausted=True cert=True
[clean-BPC  1178.86s] node 11 cg=5 phase=phase2 obj=232.647774 artificial=0.0 cols=2882
[clean-BPC  1183.11s] node 11 cg=5 phase=phase2 kind=heuristic best_rc=-0.406655667 found=4 added=4 exhausted=False cert=False
[clean-BPC  1183.51s] node 11 cg=6 phase=phase2 obj=232.647774 artificial=0.0 cols=2886
[clean-BPC  1187.77s] node 11 cg=6 phase=phase2 kind=heuristic best_rc=-0.0 found=0 added=0 exhausted=False cert=False
[clean-BPC  1202.01s] node 11 cg=6 phase=phase2 kind=heuristic_boost best_rc=-0.197719567 found=2 added=2 exhausted=True cert=True
[clean-BPC  1202.40s] node 11 cg=7 phase=phase2 obj=232.647774 artificial=0.0 cols=2888
[clean-BPC  1206.64s] node 11 cg=7 phase=phase2 kind=heuristic best_rc=0.0 found=0 added=0 exhausted=False cert=False
[clean-BPC  1220.75s] node 11 cg=7 phase=phase2 kind=heuristic_boost best_rc=0.0 found=0 added=0 exhausted=True cert=True
[clean-BPC  1234.61s] route-pack-conflict diag node 11 source_vehicle=1 routes=5 U=3 complete=True cache_hit=False states=109 added=2
[clean-BPC  1234.61s] cut_added family=schedule_route_set_packing node=11 added=2 source=schedule_conflict first(vehicle=1, routes=5, U=3, states=109, cache_hit=False)
[clean-BPC  1234.61s] route-pack-conflict diag node 11 source_vehicle=1 routes=5 U=3 complete=True cache_hit=False states=101 added=2
[clean-BPC  1234.61s] cut_added family=schedule_route_set_packing node=11 added=2 source=schedule_conflict first(vehicle=1, routes=5, U=3, states=101, cache_hit=False)
[clean-BPC  1236.08s] cut_added family=schedule_nogood_core node=11 added=1 source_vehicle=1 route_count=3 signatures=[[5, 9, 19, 11], [2, 20, 15, 4], [1, 3, 18, 13, 7]]
[clean-BPC  1250.02s] rim-conflict diag node 11 conflicts=21 pair_events=0 pair_cuts=0 schedcap_events=0 schedcap_cuts=0 routepack_events=2 routepack_cuts=4 routepack_cache=0 routepack_states_max=109 routepack_budget_skip=19 nogood_events=1 nogood_cuts=1 weak_skip=18
[clean-BPC    13.85s] restricted-MIP node 11 status=SCHEDULE_REJECTED_LIMIT obj=None accepted=False routes=2888 rejected=21 pair=0 ng=0 route_pack=40 sched_cap=0 added_cuts=5 time=13.849053
[clean-BPC  1250.02s] node 12 d=3 lb=232.220588 open=5
[clean-BPC  1250.29s] node 12 cg=1 phase=phase1 obj=0.0 artificial=0.0 cols=2888
[clean-BPC  1250.56s] node 12 cg=2 phase=phase2 obj=232.895702 artificial=0.0 cols=2888
[clean-BPC  1254.26s] node 12 cg=2 phase=phase2 kind=heuristic best_rc=-1.888297182 found=89 added=89 exhausted=False cert=False
[clean-BPC  1254.56s] node 12 cg=3 phase=phase2 obj=232.714765 artificial=0.0 cols=2977
[clean-BPC  1258.34s] node 12 cg=3 phase=phase2 kind=heuristic best_rc=-0.127546885 found=4 added=4 exhausted=False cert=False
[clean-BPC  1258.64s] node 12 cg=4 phase=phase2 obj=232.714765 artificial=0.0 cols=2981
[clean-BPC  1258.64s] cut_purged node=12 removed=2 by_kind={'limited_memory_rank1': 2} remaining=95
[clean-BPC  1258.94s] node 12 cg=5 phase=phase2 obj=232.714765 artificial=0.0 cols=2981
[clean-BPC  1262.77s] node 12 cg=5 phase=phase2 kind=heuristic best_rc=0.0 found=0 added=0 exhausted=False cert=False
[clean-BPC  1274.92s] node 12 cg=5 phase=phase2 kind=heuristic_boost best_rc=0.0 found=0 added=0 exhausted=True cert=True
[clean-BPC  1295.74s] route-pack-conflict diag node 12 source_vehicle=1 routes=5 U=4 complete=True cache_hit=True states=100 added=0
[clean-BPC  1297.68s] route-pack-conflict diag node 12 source_vehicle=1 routes=5 U=4 complete=True cache_hit=False states=108 added=0
[clean-BPC  1311.12s] rim-conflict diag node 12 conflicts=8 pair_events=0 pair_cuts=0 schedcap_events=0 schedcap_cuts=0 routepack_events=2 routepack_cuts=0 routepack_cache=1 routepack_states_max=108 routepack_budget_skip=6 nogood_events=0 nogood_cuts=0 weak_skip=8
[clean-BPC    20.82s] restricted-MIP node 12 status=TIME_LIMIT obj=None accepted=False routes=2981 rejected=8 pair=0 ng=16 route_pack=0 sched_cap=0 added_cuts=0 time=20.815672
[clean-BPC  1314.40s] branch node 12: left=RF(8,10)=separate right=RF(8,10)=same
[clean-BPC  1314.40s] node 7 d=4 lb=232.432416 open=6
[clean-BPC  1314.97s] node 7 cg=1 phase=phase1 obj=0.0 artificial=0.0 cols=2981
[clean-BPC  1315.57s] node 7 cg=2 phase=phase2 obj=232.480247 artificial=0.0 cols=2981
[clean-BPC  1320.91s] node 7 cg=2 phase=phase2 kind=heuristic best_rc=0.0 found=0 added=0 exhausted=False cert=False
[clean-BPC  1332.06s] node 7 cg=2 phase=phase2 kind=heuristic_boost best_rc=0.0 found=0 added=0 exhausted=True cert=True
[clean-BPC  1338.32s] branch node 7: left=RF(8,10)=separate right=RF(8,10)=same
[clean-BPC  1338.32s] node 8 d=4 lb=232.432416 open=7
[clean-BPC  1338.66s] node 8 cg=1 phase=phase1 obj=0.0 artificial=0.0 cols=2981
[clean-BPC  1339.01s] node 8 cg=2 phase=phase2 obj=233.982667 artificial=0.0 cols=2981
[clean-BPC  1342.99s] node 8 cg=2 phase=phase2 kind=heuristic best_rc=-0.418131742 found=22 added=22 exhausted=False cert=False
[clean-BPC  1343.34s] node 8 cg=3 phase=phase2 obj=233.797396 artificial=0.0 cols=3003
[clean-BPC  1347.41s] node 8 cg=3 phase=phase2 kind=heuristic best_rc=-0.195507692 found=4 added=4 exhausted=False cert=False
[clean-BPC  1347.76s] node 8 cg=4 phase=phase2 obj=233.797396 artificial=0.0 cols=3007
[clean-BPC  1347.76s] cut_purged node=8 removed=2 by_kind={'schedule_nogood_core': 2} remaining=93
[clean-BPC  1348.13s] node 8 cg=5 phase=phase2 obj=233.797396 artificial=0.0 cols=3007
[clean-BPC  1352.15s] node 8 cg=5 phase=phase2 kind=heuristic best_rc=-0.196686 found=7 added=7 exhausted=False cert=False
[clean-BPC  1352.51s] node 8 cg=6 phase=phase2 obj=233.797396 artificial=0.0 cols=3014
[clean-BPC  1356.53s] node 8 cg=6 phase=phase2 kind=heuristic best_rc=-0.057608923 found=4 added=4 exhausted=False cert=False
[clean-BPC  1356.88s] node 8 cg=7 phase=phase2 obj=233.797396 artificial=0.0 cols=3018
[clean-BPC  1360.70s] node 8 cg=7 phase=phase2 kind=heuristic best_rc=0.099326 found=0 added=0 exhausted=False cert=False
[clean-BPC  1372.04s] node 8 cg=7 phase=phase2 kind=heuristic_boost best_rc=-0.0 found=0 added=0 exhausted=True cert=True
[clean-BPC  1375.78s] branch node 8: left=RF(6,8)=separate right=RF(6,8)=same
[clean-BPC  1375.78s] node 15 d=5 lb=232.480247 open=8
[clean-BPC  1376.29s] node 15 cg=1 phase=phase1 obj=0.0 artificial=0.0 cols=3018
[clean-BPC  1376.84s] node 15 cg=2 phase=phase2 obj=232.748523 artificial=0.0 cols=3018
[clean-BPC  1376.84s] cut_purged node=15 removed=1 by_kind={'subset_row': 1} remaining=92
[clean-BPC  1377.38s] node 15 cg=3 phase=phase2 obj=232.748523 artificial=0.0 cols=3018
[clean-BPC  1382.21s] node 15 cg=3 phase=phase2 kind=heuristic best_rc=-0.398622459 found=2 added=2 exhausted=False cert=False
[clean-BPC  1382.73s] node 15 cg=4 phase=phase2 obj=232.748523 artificial=0.0 cols=3020
[clean-BPC  1387.72s] node 15 cg=4 phase=phase2 kind=heuristic best_rc=0.0 found=0 added=0 exhausted=False cert=False
[clean-BPC  1397.98s] node 15 cg=4 phase=phase2 kind=heuristic_boost best_rc=-0.0 found=0 added=0 exhausted=True cert=True
[clean-BPC  1403.87s] branch node 15: left=RF(7,14)=separate right=RF(7,14)=same
[clean-BPC  1403.87s] node 16 d=5 lb=232.480247 open=9
[clean-BPC  1404.25s] node 16 cg=1 phase=phase1 obj=0.0 artificial=0.0 cols=3020
[clean-BPC  1404.63s] node 16 cg=2 phase=phase2 obj=232.958018 artificial=0.0 cols=3020
[clean-BPC  1408.51s] node 16 cg=2 phase=phase2 kind=heuristic best_rc=-0.770434667 found=8 added=8 exhausted=False cert=False
[clean-BPC  1408.90s] node 16 cg=3 phase=phase2 obj=232.757086 artificial=0.0 cols=3028
[clean-BPC  1412.77s] node 16 cg=3 phase=phase2 kind=heuristic best_rc=-0.0 found=0 added=0 exhausted=False cert=False
[clean-BPC  1420.27s] node 16 cg=3 phase=phase2 kind=heuristic_boost best_rc=-0.0 found=0 added=0 exhausted=True cert=True
[clean-BPC  1424.82s] branch node 16: left=RF(1,7)=separate right=RF(1,7)=same
[clean-BPC  1424.82s] node 10 d=4 lb=232.534712 open=10
[clean-BPC  1425.11s] node 10 cg=1 phase=phase1 obj=0.0 artificial=0.0 cols=3028
[clean-BPC  1425.40s] node 10 cg=2 phase=phase2 obj=232.876199 artificial=0.0 cols=3028
[clean-BPC  1428.65s] node 10 cg=2 phase=phase2 kind=heuristic best_rc=-0.7163935 found=12 added=12 exhausted=False cert=False
[clean-BPC  1428.95s] node 10 cg=3 phase=phase2 obj=232.876199 artificial=0.0 cols=3040
[clean-BPC  1432.14s] node 10 cg=3 phase=phase2 kind=heuristic best_rc=-0.0 found=0 added=0 exhausted=False cert=False
[clean-BPC  1439.05s] node 10 cg=3 phase=phase2 kind=heuristic_boost best_rc=-0.4330585 found=4 added=4 exhausted=True cert=True
[clean-BPC  1439.34s] node 10 cg=4 phase=phase2 obj=232.876199 artificial=0.0 cols=3044
[clean-BPC  1442.63s] node 10 cg=4 phase=phase2 kind=heuristic best_rc=-0.0 found=0 added=0 exhausted=False cert=False
[clean-BPC  1449.59s] node 10 cg=4 phase=phase2 kind=heuristic_boost best_rc=-0.0 found=0 added=0 exhausted=True cert=True
[clean-BPC  1453.23s] branch node 10: left=RF(14,17)=separate right=RF(14,17)=same
[clean-BPC  1453.24s] node 9 d=4 lb=232.534712 open=11
[clean-BPC  1453.60s] node 9 cg=1 phase=phase1 obj=0.0 artificial=0.0 cols=3044
[clean-BPC  1454.00s] node 9 cg=2 phase=phase2 obj=232.865711 artificial=0.0 cols=3044
[clean-BPC  1454.00s] cut_purged node=9 removed=3 by_kind={'limited_memory_rank1': 3} remaining=89
[clean-BPC  1454.36s] node 9 cg=3 phase=phase2 obj=232.865711 artificial=0.0 cols=3044
[clean-BPC  1458.61s] node 9 cg=3 phase=phase2 kind=heuristic best_rc=-0.679345549 found=5 added=5 exhausted=False cert=False
[clean-BPC  1458.98s] node 9 cg=4 phase=phase2 obj=232.865711 artificial=0.0 cols=3049
[clean-BPC  1463.02s] node 9 cg=4 phase=phase2 kind=heuristic best_rc=0.0 found=0 added=0 exhausted=False cert=False
[clean-BPC  1471.79s] node 9 cg=4 phase=phase2 kind=heuristic_boost best_rc=0.0 found=0 added=0 exhausted=True cert=True
[clean-BPC  1475.81s] branch node 9: left=RF(8,10)=separate right=RF(8,10)=same
[clean-BPC  1475.81s] node 11 d=3 lb=232.647774 open=12
[clean-BPC  1476.19s] node 11 cg=1 phase=phase1 obj=0.0 artificial=0.0 cols=3049
[clean-BPC  1476.58s] node 11 cg=2 phase=phase2 obj=232.647774 artificial=0.0 cols=3049
[clean-BPC  1480.48s] node 11 cg=2 phase=phase2 kind=heuristic best_rc=-0.080486556 found=2 added=2 exhausted=False cert=False
[clean-BPC  1480.87s] node 11 cg=3 phase=phase2 obj=232.647774 artificial=0.0 cols=3051
[clean-BPC  1484.75s] node 11 cg=3 phase=phase2 kind=heuristic best_rc=0.0 found=0 added=0 exhausted=False cert=False
[clean-BPC  1497.74s] node 11 cg=3 phase=phase2 kind=heuristic_boost best_rc=0.0 found=0 added=0 exhausted=True cert=True
[clean-BPC  1515.86s] route-pack-conflict diag node 11 source_vehicle=1 routes=5 U=3 complete=True cache_hit=False states=119 added=2
[clean-BPC  1515.86s] cut_added family=schedule_route_set_packing node=11 added=2 source=schedule_conflict first(vehicle=1, routes=5, U=3, states=119, cache_hit=False)
[clean-BPC  1515.86s] route-pack-conflict diag node 11 source_vehicle=1 routes=5 U=3 complete=True cache_hit=False states=111 added=2
[clean-BPC  1515.86s] cut_added family=schedule_route_set_packing node=11 added=2 source=schedule_conflict first(vehicle=1, routes=5, U=3, states=111, cache_hit=False)
[clean-BPC  1531.31s] rim-conflict diag node 11 conflicts=21 pair_events=0 pair_cuts=0 schedcap_events=0 schedcap_cuts=0 routepack_events=2 routepack_cuts=4 routepack_cache=0 routepack_states_max=119 routepack_budget_skip=19 nogood_events=0 nogood_cuts=0 weak_skip=19
[clean-BPC    18.12s] restricted-MIP node 11 status=SCHEDULE_REJECTED_LIMIT obj=None accepted=False routes=3051 rejected=21 pair=0 ng=0 route_pack=40 sched_cap=0 added_cuts=4 time=18.115918
[clean-BPC  1531.31s] node 11 d=3 lb=232.647774 open=12
[clean-BPC  1531.70s] node 11 cg=1 phase=phase1 obj=0.0 artificial=0.0 cols=3051
[clean-BPC  1532.09s] node 11 cg=2 phase=phase2 obj=232.647774 artificial=0.0 cols=3051
[clean-BPC  1532.09s] cut_purged node=11 removed=1 by_kind={'limited_memory_rank1': 1} remaining=92
[clean-BPC  1532.48s] node 11 cg=3 phase=phase2 obj=232.647774 artificial=0.0 cols=3051
[clean-BPC  1536.38s] node 11 cg=3 phase=phase2 kind=heuristic best_rc=0.0 found=0 added=0 exhausted=False cert=False
[clean-BPC  1549.34s] node 11 cg=3 phase=phase2 kind=heuristic_boost best_rc=-0.0 found=0 added=0 exhausted=True cert=True
[clean-BPC  1568.44s] route-pack-conflict diag node 11 source_vehicle=1 routes=5 U=3 complete=True cache_hit=False states=101 added=2
[clean-BPC  1568.44s] cut_added family=schedule_route_set_packing node=11 added=2 source=schedule_conflict first(vehicle=1, routes=5, U=3, states=101, cache_hit=False)
[clean-BPC  1568.44s] route-pack-conflict diag node 11 source_vehicle=1 routes=5 U=3 complete=True cache_hit=False states=97 added=2
[clean-BPC  1568.44s] cut_added family=schedule_route_set_packing node=11 added=2 source=schedule_conflict first(vehicle=1, routes=5, U=3, states=97, cache_hit=False)
[clean-BPC  1583.09s] cut_added family=schedule_pair_conflict node=11 added=2 source_vehicle=1 route_count=2 signatures=[[4, 15, 20, 2], [1, 3, 7, 13, 6]]
[clean-BPC  1583.09s] rim-conflict diag node 11 conflicts=21 pair_events=1 pair_cuts=2 schedcap_events=0 schedcap_cuts=0 routepack_events=2 routepack_cuts=4 routepack_cache=0 routepack_states_max=101 routepack_budget_skip=18 nogood_events=0 nogood_cuts=0 weak_skip=18
[clean-BPC    19.09s] restricted-MIP node 11 status=SCHEDULE_REJECTED_LIMIT obj=None accepted=False routes=3051 rejected=21 pair=0 ng=0 route_pack=40 sched_cap=0 added_cuts=6 time=19.093862
[clean-BPC  1583.09s] node 11 d=3 lb=232.647774 open=12
[clean-BPC  1583.47s] node 11 cg=1 phase=phase1 obj=0.0 artificial=0.0 cols=3051
[clean-BPC  1583.88s] node 11 cg=2 phase=phase2 obj=232.647774 artificial=0.0 cols=3051
[clean-BPC  1587.75s] node 11 cg=2 phase=phase2 kind=heuristic best_rc=0.0 found=0 added=0 exhausted=False cert=False
[clean-BPC  1600.61s] node 11 cg=2 phase=phase2 kind=heuristic_boost best_rc=-0.0 found=0 added=0 exhausted=True cert=True
[clean-BPC  1621.34s] route-pack-conflict diag node 11 source_vehicle=1 routes=5 U=3 complete=True cache_hit=False states=89 added=2
[clean-BPC  1621.34s] cut_added family=schedule_route_set_packing node=11 added=2 source=schedule_conflict first(vehicle=1, routes=5, U=3, states=89, cache_hit=False)
[clean-BPC  1621.34s] route-pack-conflict diag node 11 source_vehicle=1 routes=5 U=3 complete=True cache_hit=False states=109 added=2
[clean-BPC  1621.34s] cut_added family=schedule_route_set_packing node=11 added=2 source=schedule_conflict first(vehicle=1, routes=5, U=3, states=109, cache_hit=False)
[clean-BPC  1634.19s] cut_added family=schedule_pair_conflict node=11 added=2 source_vehicle=1 route_count=2 signatures=[[4, 15, 20, 2], [1, 3, 13, 7, 6]]
[clean-BPC  1636.40s] rim-conflict diag node 11 conflicts=20 pair_events=1 pair_cuts=2 schedcap_events=0 schedcap_cuts=0 routepack_events=2 routepack_cuts=4 routepack_cache=0 routepack_states_max=109 routepack_budget_skip=17 nogood_events=0 nogood_cuts=0 weak_skip=17
[clean-BPC    20.72s] restricted-MIP node 11 status=TIME_LIMIT obj=None accepted=False routes=3051 rejected=20 pair=2 ng=2 route_pack=36 sched_cap=0 added_cuts=6 time=20.724102
[clean-BPC  1636.40s] node 11 d=3 lb=232.647774 open=12
[clean-BPC  1636.79s] node 11 cg=1 phase=phase1 obj=0.0 artificial=0.0 cols=3051
[clean-BPC  1637.18s] node 11 cg=2 phase=phase2 obj=232.647774 artificial=0.0 cols=3051
[clean-BPC  1641.19s] node 11 cg=2 phase=phase2 kind=heuristic best_rc=-0.0 found=0 added=0 exhausted=False cert=False
[clean-BPC  1654.31s] node 11 cg=2 phase=phase2 kind=heuristic_boost best_rc=-0.0 found=0 added=0 exhausted=True cert=True
[clean-BPC  1674.32s] route-pack-conflict diag node 11 source_vehicle=1 routes=5 U=3 complete=True cache_hit=False states=107 added=2
[clean-BPC  1674.32s] cut_added family=schedule_route_set_packing node=11 added=2 source=schedule_conflict first(vehicle=1, routes=5, U=3, states=107, cache_hit=False)
[clean-BPC  1674.32s] route-pack-conflict diag node 11 source_vehicle=1 routes=5 U=3 complete=True cache_hit=False states=86 added=2
[clean-BPC  1674.32s] cut_added family=schedule_route_set_packing node=11 added=2 source=schedule_conflict first(vehicle=1, routes=5, U=3, states=86, cache_hit=False)
[clean-BPC  1686.43s] cut_added family=schedule_pair_conflict node=11 added=2 source_vehicle=1 route_count=2 signatures=[[4, 15, 20, 2], [6, 7, 13, 3, 1]]
[clean-BPC  1686.43s] rim-conflict diag node 11 conflicts=18 pair_events=1 pair_cuts=2 schedcap_events=0 schedcap_cuts=0 routepack_events=2 routepack_cuts=4 routepack_cache=0 routepack_states_max=107 routepack_budget_skip=15 nogood_events=0 nogood_cuts=0 weak_skip=15
[clean-BPC    20.01s] restricted-MIP node 11 status=TIME_LIMIT obj=None accepted=False routes=3051 rejected=18 pair=2 ng=2 route_pack=32 sched_cap=0 added_cuts=6 time=20.00744
[clean-BPC  1686.43s] node 11 d=3 lb=232.647774 open=12
[clean-BPC  1686.81s] node 11 cg=1 phase=phase1 obj=0.0 artificial=0.0 cols=3051
[clean-BPC  1687.23s] node 11 cg=2 phase=phase2 obj=232.647774 artificial=0.0 cols=3051
[clean-BPC  1691.20s] node 11 cg=2 phase=phase2 kind=heuristic best_rc=0.0 found=0 added=0 exhausted=False cert=False
[clean-BPC  1704.32s] node 11 cg=2 phase=phase2 kind=heuristic_boost best_rc=0.0 found=0 added=0 exhausted=True cert=True
[clean-BPC  1724.35s] route-pack-conflict diag node 11 source_vehicle=1 routes=5 U=3 complete=True cache_hit=False states=117 added=2
[clean-BPC  1724.35s] cut_added family=schedule_route_set_packing node=11 added=2 source=schedule_conflict first(vehicle=1, routes=5, U=3, states=117, cache_hit=False)
[clean-BPC  1724.35s] route-pack-conflict diag node 11 source_vehicle=1 routes=5 U=3 complete=True cache_hit=False states=106 added=2
[clean-BPC  1724.35s] cut_added family=schedule_route_set_packing node=11 added=2 source=schedule_conflict first(vehicle=1, routes=5, U=3, states=106, cache_hit=False)
[clean-BPC  1737.89s] rim-conflict diag node 11 conflicts=17 pair_events=0 pair_cuts=0 schedcap_events=0 schedcap_cuts=0 routepack_events=2 routepack_cuts=4 routepack_cache=0 routepack_states_max=117 routepack_budget_skip=15 nogood_events=0 nogood_cuts=0 weak_skip=15
[clean-BPC    20.03s] restricted-MIP node 11 status=TIME_LIMIT obj=None accepted=False routes=3051 rejected=17 pair=0 ng=4 route_pack=30 sched_cap=0 added_cuts=4 time=20.027615
[clean-BPC  1737.89s] node 11 d=3 lb=232.647774 open=12
[clean-BPC  1738.29s] node 11 cg=1 phase=phase1 obj=0.0 artificial=0.0 cols=3051
[clean-BPC  1738.69s] node 11 cg=2 phase=phase2 obj=232.647774 artificial=0.0 cols=3051
[clean-BPC  1742.62s] node 11 cg=2 phase=phase2 kind=heuristic best_rc=-0.0 found=0 added=0 exhausted=False cert=False
[clean-BPC  1755.73s] node 11 cg=2 phase=phase2 kind=heuristic_boost best_rc=-0.0 found=0 added=0 exhausted=True cert=True
[clean-BPC  1776.47s] route-pack-conflict diag node 11 source_vehicle=1 routes=5 U=3 complete=True cache_hit=False states=109 added=2
[clean-BPC  1776.47s] cut_added family=schedule_route_set_packing node=11 added=2 source=schedule_conflict first(vehicle=1, routes=5, U=3, states=109, cache_hit=False)
[clean-BPC  1776.47s] route-pack-conflict diag node 11 source_vehicle=1 routes=5 U=3 complete=True cache_hit=False states=96 added=2
[clean-BPC  1776.47s] cut_added family=schedule_route_set_packing node=11 added=2 source=schedule_conflict first(vehicle=1, routes=5, U=3, states=96, cache_hit=False)
[clean-BPC  1788.87s] rim-conflict diag node 11 conflicts=15 pair_events=0 pair_cuts=0 schedcap_events=0 schedcap_cuts=0 routepack_events=2 routepack_cuts=4 routepack_cache=0 routepack_states_max=109 routepack_budget_skip=13 nogood_events=0 nogood_cuts=0 weak_skip=13
[clean-BPC    20.74s] restricted-MIP node 11 status=TIME_LIMIT obj=None accepted=False routes=3051 rejected=15 pair=0 ng=6 route_pack=24 sched_cap=0 added_cuts=4 time=20.740798
[clean-BPC  1788.87s] node 11 d=3 lb=232.647774 open=12
[clean-BPC  1789.26s] node 11 cg=1 phase=phase1 obj=0.0 artificial=0.0 cols=3051
[clean-BPC  1789.65s] node 11 cg=2 phase=phase2 obj=232.647774 artificial=0.0 cols=3051
[clean-BPC  1789.66s] cut_purged node=11 removed=1 by_kind={'limited_memory_rank1': 1} remaining=117
[clean-BPC  1790.06s] node 11 cg=3 phase=phase2 obj=232.647774 artificial=0.0 cols=3051
[clean-BPC  1794.06s] node 11 cg=3 phase=phase2 kind=heuristic best_rc=-0.0 found=0 added=0 exhausted=False cert=False
[clean-BPC  1807.26s] node 11 cg=3 phase=phase2 kind=heuristic_boost best_rc=-0.0 found=0 added=0 exhausted=True cert=True
[clean-BPC  1827.29s] route-pack-conflict diag node 11 source_vehicle=1 routes=5 U=3 complete=True cache_hit=False states=98 added=2
[clean-BPC  1827.29s] cut_added family=schedule_route_set_packing node=11 added=2 source=schedule_conflict first(vehicle=1, routes=5, U=3, states=98, cache_hit=False)
[clean-BPC  1827.29s] route-pack-conflict diag node 11 source_vehicle=1 routes=5 U=3 complete=True cache_hit=False states=97 added=2
[clean-BPC  1827.29s] cut_added family=schedule_route_set_packing node=11 added=2 source=schedule_conflict first(vehicle=1, routes=5, U=3, states=97, cache_hit=False)
[clean-BPC  1839.59s] rim-conflict diag node 11 conflicts=14 pair_events=0 pair_cuts=0 schedcap_events=0 schedcap_cuts=0 routepack_events=2 routepack_cuts=4 routepack_cache=0 routepack_states_max=98 routepack_budget_skip=12 nogood_events=0 nogood_cuts=0 weak_skip=12
[clean-BPC    20.03s] restricted-MIP node 11 status=TIME_LIMIT obj=None accepted=False routes=3051 rejected=14 pair=0 ng=6 route_pack=22 sched_cap=0 added_cuts=4 time=20.02757
[clean-BPC  1839.59s] node 11 d=3 lb=232.647774 open=12
[clean-BPC  1839.98s] node 11 cg=1 phase=phase1 obj=0.0 artificial=0.0 cols=3051
[clean-BPC  1840.38s] node 11 cg=2 phase=phase2 obj=232.647774 artificial=0.0 cols=3051
[clean-BPC  1844.26s] node 11 cg=2 phase=phase2 kind=heuristic best_rc=-0.0 found=0 added=0 exhausted=False cert=False
[clean-BPC  1857.22s] node 11 cg=2 phase=phase2 kind=heuristic_boost best_rc=-0.0 found=0 added=0 exhausted=True cert=True
[clean-BPC  1861.73s] branch node 11: left=RF(10,14)=separate right=RF(10,14)=same
[clean-BPC  1861.73s] node 27 d=4 lb=232.647774 open=13
[clean-BPC  1862.11s] node 27 cg=1 phase=phase1 obj=0.0 artificial=0.0 cols=3051
[clean-BPC  1862.49s] node 27 cg=2 phase=phase2 obj=233.169837 artificial=0.0 cols=3051
[clean-BPC  1866.29s] node 27 cg=2 phase=phase2 kind=heuristic best_rc=-0.894007 found=15 added=15 exhausted=False cert=False
[clean-BPC  1866.67s] node 27 cg=3 phase=phase2 obj=232.965358 artificial=0.0 cols=3066
[clean-BPC  1870.70s] node 27 cg=3 phase=phase2 kind=heuristic best_rc=-0.2402675 found=2 added=2 exhausted=False cert=False
[clean-BPC  1871.09s] node 27 cg=4 phase=phase2 obj=232.965358 artificial=0.0 cols=3068
[clean-BPC  1871.09s] cut_purged node=27 removed=1 by_kind={'limited_memory_rank1': 1} remaining=120
[clean-BPC  1871.47s] node 27 cg=5 phase=phase2 obj=232.965358 artificial=0.0 cols=3068
[clean-BPC  1875.96s] node 27 cg=5 phase=phase2 kind=heuristic best_rc=0.0 found=0 added=0 exhausted=False cert=False
[clean-BPC  1890.21s] node 27 cg=5 phase=phase2 kind=heuristic_boost best_rc=-0.0 found=0 added=0 exhausted=True cert=True
[clean-BPC  1895.03s] branch node 27: left=RF(8,12)=separate right=RF(8,12)=same
[clean-BPC  1895.03s] node 28 d=4 lb=232.647774 open=14
[clean-BPC  1895.30s] node 28 cg=1 phase=phase1 obj=0.0 artificial=0.0 cols=3068
[clean-BPC  1895.57s] node 28 cg=2 phase=phase2 obj=233.358224 artificial=0.0 cols=3068
[clean-BPC  1899.09s] node 28 cg=2 phase=phase2 kind=heuristic best_rc=-1.229024 found=16 added=16 exhausted=False cert=False
[clean-BPC  1899.37s] node 28 cg=3 phase=phase2 obj=233.354686 artificial=0.0 cols=3084
[clean-BPC  1899.38s] cut_purged node=28 removed=2 by_kind={'subset_row': 2} remaining=118
[clean-BPC  1899.66s] node 28 cg=4 phase=phase2 obj=233.354686 artificial=0.0 cols=3084
[clean-BPC  1902.88s] node 28 cg=4 phase=phase2 kind=heuristic best_rc=-0.317619727 found=3 added=3 exhausted=False cert=False
[clean-BPC  1903.17s] node 28 cg=5 phase=phase2 obj=233.354686 artificial=0.0 cols=3087
[clean-BPC  1906.44s] node 28 cg=5 phase=phase2 kind=heuristic best_rc=0.227656 found=0 added=0 exhausted=False cert=False
[clean-BPC  1917.97s] node 28 cg=5 phase=phase2 kind=heuristic_boost best_rc=-0.788375636 found=22 added=22 exhausted=True cert=True
[clean-BPC  1918.26s] node 28 cg=6 phase=phase2 obj=233.354686 artificial=0.0 cols=3109
[clean-BPC  1918.26s] cut_purged node=28 removed=6 by_kind={'subset_row': 4, 'limited_memory_rank1': 2} remaining=112
[clean-BPC  1918.52s] node 28 cg=7 phase=phase2 obj=233.354686 artificial=0.0 cols=3109
[clean-BPC  1921.73s] node 28 cg=7 phase=phase2 kind=heuristic best_rc=0.060890455 found=0 added=0 exhausted=False cert=False
[clean-BPC  1933.01s] node 28 cg=7 phase=phase2 kind=heuristic_boost best_rc=-0.67392997 found=10 added=10 exhausted=True cert=True
[clean-BPC  1933.28s] node 28 cg=8 phase=phase2 obj=233.354686 artificial=0.0 cols=3119
[clean-BPC  1936.57s] node 28 cg=8 phase=phase2 kind=heuristic best_rc=0.141922283 found=0 added=0 exhausted=False cert=False
[clean-BPC  1948.10s] node 28 cg=8 phase=phase2 kind=heuristic_boost best_rc=-0.0 found=0 added=0 exhausted=True cert=True
[clean-BPC  1951.21s] branch node 28: left=RF(8,10)=separate right=RF(8,10)=same
[clean-BPC  1951.21s] node 14 d=4 lb=232.714765 open=15
[clean-BPC  1951.38s] node 14 cg=1 phase=phase1 obj=0.0 artificial=0.0 cols=3119
[clean-BPC  1951.58s] node 14 cg=2 phase=phase2 obj=233.520372 artificial=0.0 cols=3119
[clean-BPC  1954.63s] node 14 cg=2 phase=phase2 kind=heuristic best_rc=-0.906441167 found=37 added=37 exhausted=False cert=False
[clean-BPC  1954.84s] node 14 cg=3 phase=phase2 obj=233.448486 artificial=0.0 cols=3156
[clean-BPC  1958.02s] node 14 cg=3 phase=phase2 kind=heuristic best_rc=-0.0 found=0 added=0 exhausted=False cert=False
[clean-BPC  1968.07s] node 14 cg=3 phase=phase2 kind=heuristic_boost best_rc=-0.66379675 found=5 added=5 exhausted=True cert=True
[clean-BPC  1968.28s] node 14 cg=4 phase=phase2 obj=233.448486 artificial=0.0 cols=3161
[clean-BPC  1971.58s] node 14 cg=4 phase=phase2 kind=heuristic best_rc=-0.400731 found=22 added=22 exhausted=False cert=False
[clean-BPC  1971.77s] node 14 cg=5 phase=phase2 obj=233.448486 artificial=0.0 cols=3183
[clean-BPC  1975.01s] node 14 cg=5 phase=phase2 kind=heuristic best_rc=-0.301804 found=2 added=2 exhausted=False cert=False
[clean-BPC  1975.22s] node 14 cg=6 phase=phase2 obj=233.448486 artificial=0.0 cols=3185
[clean-BPC  1978.07s] node 14 cg=6 phase=phase2 kind=heuristic best_rc=-0.125294667 found=4 added=4 exhausted=False cert=False
[clean-BPC  1978.28s] node 14 cg=7 phase=phase2 obj=233.448486 artificial=0.0 cols=3189
[clean-BPC  1981.32s] node 14 cg=7 phase=phase2 kind=heuristic best_rc=0.0 found=0 added=0 exhausted=False cert=False
[clean-BPC  1991.16s] node 14 cg=7 phase=phase2 kind=heuristic_boost best_rc=0.0 found=0 added=0 exhausted=True cert=True
[clean-BPC  1991.18s] route-pack-conflict diag node 14 source_vehicle=1 routes=5 U=4 complete=True cache_hit=False states=120 added=0
[clean-BPC  1991.89s] cut_added family=schedule_nogood_core node=14 added=2 source_vehicle=1 route_count=3 signatures=[[5, 9, 19, 11], [2, 20, 15, 4], [1, 3, 18, 13, 7]]
[clean-BPC  1991.89s] node 13 d=4 lb=232.714765 open=15
[clean-BPC  1992.14s] node 13 cg=1 phase=phase1 obj=0.0 artificial=0.0 cols=3189
[clean-BPC  1992.39s] node 13 cg=2 phase=phase2 obj=233.473638 artificial=0.0 cols=3189
[clean-BPC  1996.12s] node 13 cg=2 phase=phase2 kind=heuristic best_rc=-0.5218136 found=16 added=16 exhausted=False cert=False
[clean-BPC  1996.38s] node 13 cg=3 phase=phase2 obj=233.473638 artificial=0.0 cols=3205
[clean-BPC  2000.24s] node 13 cg=3 phase=phase2 kind=heuristic best_rc=-0.0 found=0 added=0 exhausted=False cert=False
[clean-BPC  2012.32s] node 13 cg=3 phase=phase2 kind=heuristic_boost best_rc=-0.9677626 found=15 added=15 exhausted=True cert=True
[clean-BPC  2012.57s] node 13 cg=4 phase=phase2 obj=233.473638 artificial=0.0 cols=3220
[clean-BPC  2016.42s] node 13 cg=4 phase=phase2 kind=heuristic best_rc=-0.0 found=0 added=0 exhausted=False cert=False
[clean-BPC  2025.11s] node 13 cg=4 phase=phase2 kind=heuristic_boost best_rc=-0.0761858 found=2 added=2 exhausted=True cert=True
[clean-BPC  2025.37s] node 13 cg=5 phase=phase2 obj=233.473638 artificial=0.0 cols=3222
[clean-BPC  2029.27s] node 13 cg=5 phase=phase2 kind=heuristic best_rc=0.0 found=0 added=0 exhausted=False cert=False
[clean-BPC  2038.86s] node 13 cg=5 phase=phase2 kind=heuristic_boost best_rc=-0.1149978 found=2 added=2 exhausted=True cert=True
[clean-BPC  2039.12s] node 13 cg=6 phase=phase2 obj=233.473638 artificial=0.0 cols=3224
[clean-BPC  2042.58s] node 13 cg=6 phase=phase2 kind=heuristic best_rc=-0.0 found=0 added=0 exhausted=False cert=False
[clean-BPC  2050.15s] node 13 cg=6 phase=phase2 kind=heuristic_boost best_rc=-0.0 found=0 added=0 exhausted=True cert=True
[clean-BPC  2053.45s] branch node 13: left=RF(8,12)=separate right=RF(8,12)=same
[clean-BPC  2053.46s] node 20 d=6 lb=232.748523 open=16
[clean-BPC  2053.72s] node 20 cg=1 phase=phase1 obj=0.0 artificial=0.0 cols=3224
[clean-BPC  2053.99s] node 20 cg=2 phase=phase2 obj=233.112117 artificial=0.0 cols=3224
[clean-BPC  2057.69s] node 20 cg=2 phase=phase2 kind=heuristic best_rc=-0.091919818 found=4 added=4 exhausted=False cert=False
[clean-BPC  2057.96s] node 20 cg=3 phase=phase2 obj=233.107998 artificial=0.0 cols=3228
[clean-BPC  2061.35s] node 20 cg=3 phase=phase2 kind=heuristic best_rc=-0.0 found=0 added=0 exhausted=False cert=False
[clean-BPC  2068.27s] node 20 cg=3 phase=phase2 kind=heuristic_boost best_rc=-0.0 found=0 added=0 exhausted=True cert=True
[clean-BPC  2071.50s] branch node 20: left=RF(10,13)=separate right=RF(10,13)=same
[clean-BPC  2071.50s] node 19 d=6 lb=232.748523 open=17
[clean-BPC  2071.96s] node 19 cg=1 phase=phase1 obj=0.0 artificial=0.0 cols=3228
[clean-BPC  2072.43s] node 19 cg=2 phase=phase2 obj=233.184721 artificial=0.0 cols=3228
[clean-BPC  2076.62s] node 19 cg=2 phase=phase2 kind=heuristic best_rc=-0.6576928 found=4 added=4 exhausted=False cert=False
[clean-BPC  2077.11s] node 19 cg=3 phase=phase2 obj=233.184721 artificial=0.0 cols=3232
[clean-BPC  2081.47s] node 19 cg=3 phase=phase2 kind=heuristic best_rc=0.009236 found=0 added=0 exhausted=False cert=False
[clean-BPC  2093.28s] node 19 cg=3 phase=phase2 kind=heuristic_boost best_rc=-0.0 found=0 added=0 exhausted=True cert=True
[clean-BPC  2099.24s] branch node 19: left=RF(10,13)=separate right=RF(10,13)=same
[clean-BPC  2099.24s] node 21 d=6 lb=232.757086 open=18
[clean-BPC  2099.57s] node 21 cg=1 phase=phase1 obj=0.0 artificial=0.0 cols=3232
[clean-BPC  2099.91s] node 21 cg=2 phase=phase2 obj=232.645914 artificial=0.0 cols=3232
[clean-BPC  2103.41s] node 21 cg=2 phase=phase2 kind=heuristic best_rc=-0.0 found=0 added=0 exhausted=False cert=False
[clean-BPC  2110.08s] node 21 cg=2 phase=phase2 kind=heuristic_boost best_rc=-0.444942 found=6 added=6 exhausted=True cert=True
[clean-BPC  2110.43s] node 21 cg=3 phase=phase2 obj=232.645914 artificial=0.0 cols=3238
[clean-BPC  2113.84s] node 21 cg=3 phase=phase2 kind=heuristic best_rc=0.0 found=0 added=0 exhausted=False cert=False
[clean-BPC  2120.31s] node 21 cg=3 phase=phase2 kind=heuristic_boost best_rc=0.0 found=0 added=0 exhausted=True cert=True
[clean-BPC  2124.49s] branch node 21: left=RF(10,14)=separate right=RF(10,14)=same
[clean-BPC  2124.49s] node 39 d=7 lb=232.645914 open=19
[clean-BPC  2124.82s] node 39 cg=1 phase=phase1 obj=0.0 artificial=0.0 cols=3238
[clean-BPC  2125.16s] node 39 cg=2 phase=phase2 obj=234.071547 artificial=0.0 cols=3238
[clean-BPC  2129.03s] node 39 cg=2 phase=phase2 kind=heuristic best_rc=-1.0915935 found=27 added=27 exhausted=False cert=False
[clean-BPC  2129.37s] node 39 cg=3 phase=phase2 obj=233.853228 artificial=0.0 cols=3265
[clean-BPC  2129.37s] cut_purged node=39 removed=1 by_kind={'schedule_nogood_core': 1} remaining=113
[clean-BPC  2129.71s] node 39 cg=4 phase=phase2 obj=233.853228 artificial=0.0 cols=3265
[clean-BPC  2133.66s] node 39 cg=4 phase=phase2 kind=heuristic best_rc=0.0 found=0 added=0 exhausted=False cert=False
[clean-BPC  2143.56s] node 39 cg=4 phase=phase2 kind=heuristic_boost best_rc=-0.408141 found=29 added=29 exhausted=True cert=True
[clean-BPC  2143.93s] node 39 cg=5 phase=phase2 obj=233.853228 artificial=0.0 cols=3294
[clean-BPC  2148.07s] node 39 cg=5 phase=phase2 kind=heuristic best_rc=-0.0 found=0 added=0 exhausted=False cert=False
[clean-BPC  2158.60s] node 39 cg=5 phase=phase2 kind=heuristic_boost best_rc=-0.1738766 found=6 added=6 exhausted=True cert=True
[clean-BPC  2158.96s] node 39 cg=6 phase=phase2 obj=233.853228 artificial=0.0 cols=3300
[clean-BPC  2162.98s] node 39 cg=6 phase=phase2 kind=heuristic best_rc=-0.0 found=0 added=0 exhausted=False cert=False
[clean-BPC  2173.30s] node 39 cg=6 phase=phase2 kind=heuristic_boost best_rc=-0.067966 found=2 added=2 exhausted=True cert=True
[clean-BPC  2173.66s] node 39 cg=7 phase=phase2 obj=233.853228 artificial=0.0 cols=3302
[clean-BPC  2177.59s] node 39 cg=7 phase=phase2 kind=heuristic best_rc=0.0 found=0 added=0 exhausted=False cert=False
[clean-BPC  2187.76s] node 39 cg=7 phase=phase2 kind=heuristic_boost best_rc=-0.0976222 found=2 added=2 exhausted=True cert=True
[clean-BPC  2188.11s] node 39 cg=8 phase=phase2 obj=233.853228 artificial=0.0 cols=3304
[clean-BPC  2191.63s] node 39 cg=8 phase=phase2 kind=heuristic best_rc=-0.1807568 found=6 added=6 exhausted=False cert=False
[clean-BPC  2191.98s] node 39 cg=9 phase=phase2 obj=233.853228 artificial=0.0 cols=3310
[clean-BPC  2195.58s] node 39 cg=9 phase=phase2 kind=heuristic best_rc=-0.2784024 found=2 added=2 exhausted=False cert=False
[clean-BPC  2195.95s] node 39 cg=10 phase=phase2 obj=233.853228 artificial=0.0 cols=3312
[clean-BPC  2199.46s] node 39 cg=10 phase=phase2 kind=heuristic best_rc=-0.0 found=0 added=0 exhausted=False cert=False
[clean-BPC  2206.36s] node 39 cg=10 phase=phase2 kind=heuristic_boost best_rc=-0.7043161 found=27 added=27 exhausted=True cert=True
[clean-BPC  2206.73s] node 39 cg=11 phase=phase2 obj=233.853228 artificial=0.0 cols=3339
[clean-BPC  2210.45s] node 39 cg=11 phase=phase2 kind=heuristic best_rc=0.0 found=0 added=0 exhausted=False cert=False
[clean-BPC  2217.51s] node 39 cg=11 phase=phase2 kind=heuristic_boost best_rc=-0.0 found=0 added=0 exhausted=True cert=True
[clean-BPC  2221.90s] branch node 39: left=RF(14,17)=separate right=RF(14,17)=same
[clean-BPC  2221.90s] node 40 d=7 lb=232.645914 open=20
[clean-BPC  2222.17s] node 40 cg=1 phase=phase1 obj=0.0 artificial=0.0 cols=3339
[clean-BPC  2222.46s] node 40 cg=2 phase=phase2 obj=233.153395 artificial=0.0 cols=3339
[clean-BPC  2225.97s] node 40 cg=2 phase=phase2 kind=heuristic best_rc=-0.12189425 found=2 added=2 exhausted=False cert=False
[clean-BPC  2226.25s] node 40 cg=3 phase=phase2 obj=233.153395 artificial=0.0 cols=3341
[clean-BPC  2229.73s] node 40 cg=3 phase=phase2 kind=heuristic best_rc=-0.722351531 found=4 added=4 exhausted=False cert=False
[clean-BPC  2230.02s] node 40 cg=4 phase=phase2 obj=233.153395 artificial=0.0 cols=3345
[clean-BPC  2233.59s] node 40 cg=4 phase=phase2 kind=heuristic best_rc=-0.056822109 found=2 added=2 exhausted=False cert=False
[clean-BPC  2233.87s] node 40 cg=5 phase=phase2 obj=233.153395 artificial=0.0 cols=3347
[clean-BPC  2233.87s] cut_purged node=40 removed=1 by_kind={'subset_row': 1} remaining=112
[clean-BPC  2234.15s] node 40 cg=6 phase=phase2 obj=233.153395 artificial=0.0 cols=3347
[clean-BPC  2237.50s] node 40 cg=6 phase=phase2 kind=heuristic best_rc=0.0 found=0 added=0 exhausted=False cert=False
[clean-BPC  2243.96s] node 40 cg=6 phase=phase2 kind=heuristic_boost best_rc=0.0 found=0 added=0 exhausted=True cert=True
[clean-BPC  2246.85s] branch node 40: left=RF(12,17)=separate right=RF(12,17)=same
[clean-BPC  2246.85s] node 22 d=6 lb=232.757086 open=21
[clean-BPC  2247.06s] node 22 cg=1 phase=phase1 obj=0.0 artificial=0.0 cols=3347
[clean-BPC  2247.29s] node 22 cg=2 phase=phase2 obj=232.693073 artificial=0.0 cols=3347
[clean-BPC  2250.85s] node 22 cg=2 phase=phase2 kind=heuristic best_rc=-0.29793 found=4 added=4 exhausted=False cert=False
[clean-BPC  2251.08s] node 22 cg=3 phase=phase2 obj=232.693073 artificial=0.0 cols=3351
[clean-BPC  2254.59s] node 22 cg=3 phase=phase2 kind=heuristic best_rc=0.0 found=0 added=0 exhausted=False cert=False
[clean-BPC  2263.85s] node 22 cg=3 phase=phase2 kind=heuristic_boost best_rc=0.0 found=0 added=0 exhausted=True cert=True
[clean-BPC  2266.72s] branch node 22: left=RF(12,17)=separate right=RF(12,17)=same
[clean-BPC  2266.72s] node 45 d=7 lb=232.693073 open=22
[clean-BPC  2266.88s] node 45 cg=1 phase=phase1 obj=0.0 artificial=0.0 cols=3351
[clean-BPC  2267.07s] node 45 cg=2 phase=phase2 obj=234.274872 artificial=0.0 cols=3351
[clean-BPC  2270.54s] node 45 cg=2 phase=phase2 kind=heuristic best_rc=-2.9048935 found=173 added=173 exhausted=False cert=False
[clean-BPC  2270.76s] node 45 cg=3 phase=phase2 obj=234.046015 artificial=0.0 cols=3524
[clean-BPC  2274.01s] node 45 cg=3 phase=phase2 kind=heuristic best_rc=0.051082667 found=0 added=0 exhausted=False cert=False
[clean-BPC  2282.43s] node 45 cg=3 phase=phase2 kind=heuristic_boost best_rc=0.051082667 found=0 added=0 exhausted=True cert=True
[clean-BPC  2284.97s] branch node 45: left=RF(10,14)=separate right=RF(10,14)=same
[clean-BPC  2284.97s] node 46 d=7 lb=232.693073 open=23
[clean-BPC  2285.12s] node 46 cg=1 phase=phase1 obj=0.0 artificial=0.0 cols=3524
[clean-BPC  2285.27s] node 46 cg=2 phase=phase2 obj=233.079507 artificial=0.0 cols=3524
[clean-BPC  2287.97s] node 46 cg=2 phase=phase2 kind=heuristic best_rc=-0.399752 found=4 added=4 exhausted=False cert=False
[clean-BPC  2288.11s] node 46 cg=3 phase=phase2 obj=233.007621 artificial=0.0 cols=3528
[clean-BPC  2290.71s] node 46 cg=3 phase=phase2 kind=heuristic best_rc=-0.5334734 found=2 added=2 exhausted=False cert=False
[clean-BPC  2290.87s] node 46 cg=4 phase=phase2 obj=233.007621 artificial=0.0 cols=3530
[clean-BPC  2293.46s] node 46 cg=4 phase=phase2 kind=heuristic best_rc=-0.0 found=0 added=0 exhausted=False cert=False
[clean-BPC  2299.03s] node 46 cg=4 phase=phase2 kind=heuristic_boost best_rc=-0.0 found=0 added=0 exhausted=True cert=True
[clean-BPC  2299.05s] route-pack-conflict diag node 46 source_vehicle=1 routes=5 U=4 complete=True cache_hit=False states=120 added=0
[clean-BPC  2299.42s] cut_added family=schedule_nogood_core node=46 added=2 source_vehicle=1 route_count=4 signatures=[[6, 8, 10, 14], [5, 9, 19, 11], [2, 20, 15, 4], [1, 3, 7]]
[clean-BPC  2299.42s] node 25 d=5 lb=232.865711 open=23
[clean-BPC  2299.73s] node 25 cg=1 phase=phase1 obj=0.0 artificial=0.0 cols=3530
[clean-BPC  2300.05s] node 25 cg=2 phase=phase2 obj=233.184162 artificial=0.0 cols=3530
[clean-BPC  2303.14s] node 25 cg=2 phase=phase2 kind=heuristic best_rc=-1.198536471 found=22 added=22 exhausted=False cert=False
[clean-BPC  2303.47s] node 25 cg=3 phase=phase2 obj=233.184162 artificial=0.0 cols=3552
[clean-BPC  2306.73s] node 25 cg=3 phase=phase2 kind=heuristic best_rc=-0.0 found=0 added=0 exhausted=False cert=False
[clean-BPC  2313.27s] node 25 cg=3 phase=phase2 kind=heuristic_boost best_rc=-0.206613176 found=10 added=10 exhausted=True cert=True
[clean-BPC  2313.59s] node 25 cg=4 phase=phase2 obj=233.184162 artificial=0.0 cols=3562
[clean-BPC  2317.04s] node 25 cg=4 phase=phase2 kind=heuristic best_rc=0.0 found=0 added=0 exhausted=False cert=False
[clean-BPC  2323.76s] node 25 cg=4 phase=phase2 kind=heuristic_boost best_rc=-0.681089088 found=6 added=6 exhausted=True cert=True
[clean-BPC  2324.08s] node 25 cg=5 phase=phase2 obj=233.184162 artificial=0.0 cols=3568
[clean-BPC  2327.70s] node 25 cg=5 phase=phase2 kind=heuristic best_rc=-0.3846515 found=2 added=2 exhausted=False cert=False
[clean-BPC  2328.03s] node 25 cg=6 phase=phase2 obj=233.184162 artificial=0.0 cols=3570
[clean-BPC  2331.42s] node 25 cg=6 phase=phase2 kind=heuristic best_rc=0.031866765 found=0 added=0 exhausted=False cert=False
[clean-BPC  2338.07s] node 25 cg=6 phase=phase2 kind=heuristic_boost best_rc=-0.037473824 found=2 added=2 exhausted=True cert=True
[clean-BPC  2338.40s] node 25 cg=7 phase=phase2 obj=233.184162 artificial=0.0 cols=3572
[clean-BPC  2341.95s] node 25 cg=7 phase=phase2 kind=heuristic best_rc=0.019050647 found=0 added=0 exhausted=False cert=False
[clean-BPC  2349.03s] node 25 cg=7 phase=phase2 kind=heuristic_boost best_rc=-0.688140529 found=6 added=6 exhausted=True cert=True
[clean-BPC  2349.36s] node 25 cg=8 phase=phase2 obj=233.184162 artificial=0.0 cols=3578
[clean-BPC  2352.60s] node 25 cg=8 phase=phase2 kind=heuristic best_rc=0.007954765 found=0 added=0 exhausted=False cert=False
[clean-BPC  2359.13s] node 25 cg=8 phase=phase2 kind=heuristic_boost best_rc=0.007954765 found=0 added=0 exhausted=True cert=True
[clean-BPC  2363.25s] branch node 25: left=RF(10,17)=separate right=RF(10,17)=same
[clean-BPC  2363.25s] node 26 d=5 lb=232.865711 open=24
[clean-BPC  2363.52s] node 26 cg=1 phase=phase1 obj=0.0 artificial=0.0 cols=3578
[clean-BPC  2363.81s] node 26 cg=2 phase=phase2 obj=233.357037 artificial=0.0 cols=3578
[clean-BPC  2363.81s] cut_purged node=26 removed=1 by_kind={'schedule_nogood_core': 1} remaining=113
[clean-BPC  2364.11s] node 26 cg=3 phase=phase2 obj=233.357037 artificial=0.0 cols=3578
[clean-BPC  2367.75s] node 26 cg=3 phase=phase2 kind=heuristic best_rc=-0.408669 found=17 added=17 exhausted=False cert=False
[clean-BPC  2368.04s] node 26 cg=4 phase=phase2 obj=233.357037 artificial=0.0 cols=3595
[clean-BPC  2371.69s] node 26 cg=4 phase=phase2 kind=heuristic best_rc=0.0 found=0 added=0 exhausted=False cert=False
[clean-BPC  2382.05s] node 26 cg=4 phase=phase2 kind=heuristic_boost best_rc=-0.0 found=0 added=0 exhausted=True cert=True
[clean-BPC  2385.29s] branch node 26: left=RF(12,17)=separate right=RF(12,17)=same
[clean-BPC  2385.29s] node 23 d=5 lb=232.876199 open=25
[clean-BPC  2385.57s] node 23 cg=1 phase=phase1 obj=0.0 artificial=0.0 cols=3595
[clean-BPC  2385.84s] node 23 cg=2 phase=phase2 obj=233.601812 artificial=0.0 cols=3595
[clean-BPC  2389.03s] node 23 cg=2 phase=phase2 kind=heuristic best_rc=-0.37665075 found=6 added=6 exhausted=False cert=False
[clean-BPC  2389.30s] node 23 cg=3 phase=phase2 obj=233.601812 artificial=0.0 cols=3601
[clean-BPC  2392.40s] node 23 cg=3 phase=phase2 kind=heuristic best_rc=0.0 found=0 added=0 exhausted=False cert=False
[clean-BPC  2399.03s] node 23 cg=3 phase=phase2 kind=heuristic_boost best_rc=0.0 found=0 added=0 exhausted=True cert=True
[clean-BPC  2402.16s] branch node 23: left=RF(8,14)=separate right=RF(8,14)=same
[clean-BPC  2402.16s] node 24 d=5 lb=232.876199 open=26
[clean-BPC  2402.33s] node 24 cg=1 phase=phase1 obj=0.0 artificial=0.0 cols=3601
[clean-BPC  2402.51s] node 24 cg=2 phase=phase2 obj=232.678697 artificial=0.0 cols=3601
[clean-BPC  2405.73s] node 24 cg=2 phase=phase2 kind=heuristic best_rc=-0.0 found=0 added=0 exhausted=False cert=False
[clean-BPC  2415.86s] node 24 cg=2 phase=phase2 kind=heuristic_boost best_rc=-0.308547 found=4 added=4 exhausted=True cert=True
[clean-BPC  2416.04s] node 24 cg=3 phase=phase2 obj=232.678697 artificial=0.0 cols=3605
[clean-BPC  2419.26s] node 24 cg=3 phase=phase2 kind=heuristic best_rc=-0.0 found=0 added=0 exhausted=False cert=False
[clean-BPC  2429.33s] node 24 cg=3 phase=phase2 kind=heuristic_boost best_rc=-0.0 found=0 added=0 exhausted=True cert=True
[clean-BPC  2431.44s] branch node 24: left=RF(8,10)=separate right=RF(8,10)=same
[clean-BPC  2431.44s] node 55 d=6 lb=232.678697 open=27
[clean-BPC  2431.58s] node 55 cg=1 phase=phase1 obj=0.0 artificial=0.0 cols=3605
[clean-BPC  2431.72s] node 55 cg=2 phase=phase2 obj=234.430086 artificial=0.0 cols=3605
[clean-BPC  2434.74s] node 55 cg=2 phase=phase2 kind=heuristic best_rc=-1.179983 found=12 added=12 exhausted=False cert=False
[clean-BPC  2434.89s] node 55 cg=3 phase=phase2 obj=233.777862 artificial=0.0 cols=3617
[clean-BPC  2438.11s] node 55 cg=3 phase=phase2 kind=heuristic best_rc=-0.666679 found=4 added=4 exhausted=False cert=False
[clean-BPC  2438.25s] node 55 cg=4 phase=phase2 obj=233.777862 artificial=0.0 cols=3621
[clean-BPC  2441.43s] node 55 cg=4 phase=phase2 kind=heuristic best_rc=-0.13774 found=21 added=21 exhausted=False cert=False
[clean-BPC  2441.58s] node 55 cg=5 phase=phase2 obj=233.777862 artificial=0.0 cols=3642
[clean-BPC  2444.65s] node 55 cg=5 phase=phase2 kind=heuristic best_rc=0.0 found=0 added=0 exhausted=False cert=False
[clean-BPC  2451.32s] node 55 cg=5 phase=phase2 kind=heuristic_boost best_rc=0.0 found=0 added=0 exhausted=True cert=True
[clean-BPC  2451.33s] route-pack-conflict diag node 55 source_vehicle=1 routes=5 U=4 complete=True cache_hit=False states=107 added=0
[clean-BPC  2451.61s] cut_added family=schedule_nogood_core node=55 added=2 source_vehicle=1 route_count=3 signatures=[[11, 19, 9, 5], [2, 20, 15, 4], [1, 3, 8]]
[clean-BPC  2451.61s] node 56 d=6 lb=232.678697 open=27
[clean-BPC  2451.74s] node 56 cg=1 phase=phase1 obj=0.0 artificial=0.0 cols=3642
[clean-BPC  2451.88s] node 56 cg=2 phase=phase2 obj=233.112816 artificial=0.0 cols=3642
[clean-BPC  2454.86s] node 56 cg=2 phase=phase2 kind=heuristic best_rc=-0.5213735 found=4 added=4 exhausted=False cert=False
[clean-BPC  2455.00s] node 56 cg=3 phase=phase2 obj=233.112816 artificial=0.0 cols=3646
[clean-BPC  2455.00s] cut_purged node=56 removed=1 by_kind={'subset_row': 1} remaining=114
[clean-BPC  2455.13s] node 56 cg=4 phase=phase2 obj=233.112816 artificial=0.0 cols=3646
[clean-BPC  2458.15s] node 56 cg=4 phase=phase2 kind=heuristic best_rc=0.0 found=0 added=0 exhausted=False cert=False
[clean-BPC  2467.43s] node 56 cg=4 phase=phase2 kind=heuristic_boost best_rc=-0.0 found=0 added=0 exhausted=True cert=True
[clean-BPC  2467.45s] route-pack-conflict diag node 56 source_vehicle=1 routes=5 U=4 complete=True cache_hit=False states=121 added=0
[clean-BPC  2468.30s] cut_added family=schedule_nogood_core node=56 added=2 source_vehicle=1 route_count=4 signatures=[[6, 8, 10, 18, 13], [5, 9, 19, 11], [2, 20, 15, 4], [1, 3, 7]]
[clean-BPC  2468.30s] node 29 d=5 lb=232.965358 open=27
[clean-BPC  2468.68s] node 29 cg=1 phase=phase1 obj=0.0 artificial=0.0 cols=3646
[clean-BPC  2469.06s] node 29 cg=2 phase=phase2 obj=233.383388 artificial=0.0 cols=3646
[clean-BPC  2473.30s] node 29 cg=2 phase=phase2 kind=heuristic best_rc=-0.102711333 found=4 added=4 exhausted=False cert=False
[clean-BPC  2473.67s] node 29 cg=3 phase=phase2 obj=233.383388 artificial=0.0 cols=3650
[clean-BPC  2477.80s] node 29 cg=3 phase=phase2 kind=heuristic best_rc=0.017255 found=0 added=0 exhausted=False cert=False
[clean-BPC  2489.09s] node 29 cg=3 phase=phase2 kind=heuristic_boost best_rc=0.0 found=0 added=0 exhausted=True cert=True
[clean-BPC  2493.72s] branch node 29: left=RF(7,8)=separate right=RF(7,8)=same
[clean-BPC  2493.72s] node 30 d=5 lb=232.965358 open=28
[clean-BPC  2493.89s] node 30 cg=1 phase=phase1 obj=0.0 artificial=0.0 cols=3650
[clean-BPC  2494.06s] node 30 cg=2 phase=phase2 obj=234.323712 artificial=0.0 cols=3650
[clean-BPC  2497.39s] node 30 cg=2 phase=phase2 kind=heuristic best_rc=-1.294627667 found=50 added=50 exhausted=False cert=False
[clean-BPC  2497.56s] node 30 cg=3 phase=phase2 obj=233.974244 artificial=0.0 cols=3700
[clean-BPC  2500.92s] node 30 cg=3 phase=phase2 kind=heuristic best_rc=-0.2800603 found=5 added=5 exhausted=False cert=False
[clean-BPC  2501.11s] node 30 cg=4 phase=phase2 obj=233.974244 artificial=0.0 cols=3705
[clean-BPC  2501.11s] cut_purged node=30 removed=1 by_kind={'schedule_nogood_core': 1} remaining=115
[clean-BPC  2501.28s] node 30 cg=5 phase=phase2 obj=233.974244 artificial=0.0 cols=3705
[clean-BPC  2504.56s] node 30 cg=5 phase=phase2 kind=heuristic best_rc=-0.0867834 found=2 added=2 exhausted=False cert=False
[clean-BPC  2504.74s] node 30 cg=6 phase=phase2 obj=233.974244 artificial=0.0 cols=3707
[clean-BPC  2508.06s] node 30 cg=6 phase=phase2 kind=heuristic best_rc=0.120256 found=0 added=0 exhausted=False cert=False
[clean-BPC  2515.49s] node 30 cg=6 phase=phase2 kind=heuristic_boost best_rc=0.0 found=0 added=0 exhausted=True cert=True
[clean-BPC  2517.47s] branch node 30: left=RF(12,17)=separate right=RF(12,17)=same
[clean-BPC  2517.47s] node 46 d=7 lb=233.007621 open=29
[clean-BPC  2517.63s] node 46 cg=1 phase=phase1 obj=0.0 artificial=0.0 cols=3707
[clean-BPC  2517.77s] node 46 cg=2 phase=phase2 obj=233.007621 artificial=0.0 cols=3707
[clean-BPC  2520.35s] node 46 cg=2 phase=phase2 kind=heuristic best_rc=-0.0 found=0 added=0 exhausted=False cert=False
[clean-BPC  2525.81s] node 46 cg=2 phase=phase2 kind=heuristic_boost best_rc=-0.0 found=0 added=0 exhausted=True cert=True
[clean-BPC  2525.83s] route-pack-conflict diag node 46 source_vehicle=1 routes=5 U=4 complete=True cache_hit=True states=120 added=0
[clean-BPC  2526.20s] cut_added family=schedule_nogood_core node=46 added=1 source_vehicle=1 route_count=4 signatures=[[6, 8, 10, 14], [5, 9, 19, 11], [2, 20, 15, 4], [1, 3, 7]]
[clean-BPC  2526.20s] node 46 d=7 lb=233.007621 open=29
[clean-BPC  2526.34s] node 46 cg=1 phase=phase1 obj=0.0 artificial=0.0 cols=3707
[clean-BPC  2526.50s] node 46 cg=2 phase=phase2 obj=233.007621 artificial=0.0 cols=3707
[clean-BPC  2529.12s] node 46 cg=2 phase=phase2 kind=heuristic best_rc=0.0 found=0 added=0 exhausted=False cert=False
[clean-BPC  2534.60s] node 46 cg=2 phase=phase2 kind=heuristic_boost best_rc=0.0 found=0 added=0 exhausted=True cert=True
[clean-BPC  2534.62s] route-pack-conflict diag node 46 source_vehicle=1 routes=5 U=4 complete=True cache_hit=False states=111 added=0
[clean-BPC  2534.90s] cut_added family=schedule_nogood_core node=46 added=2 source_vehicle=1 route_count=3 signatures=[[11, 19, 9, 5], [2, 20, 15, 4], [1, 3, 7]]
[clean-BPC  2534.90s] node 46 d=7 lb=233.007621 open=29
[clean-BPC  2535.05s] node 46 cg=1 phase=phase1 obj=0.0 artificial=0.0 cols=3707
[clean-BPC  2535.20s] node 46 cg=2 phase=phase2 obj=233.007621 artificial=0.0 cols=3707
[clean-BPC  2537.84s] node 46 cg=2 phase=phase2 kind=heuristic best_rc=0.0 found=0 added=0 exhausted=False cert=False
[clean-BPC  2543.43s] node 46 cg=2 phase=phase2 kind=heuristic_boost best_rc=0.0 found=0 added=0 exhausted=True cert=True
[clean-BPC  2545.51s] branch node 46: left=arc(11,19)=off right=arc(11,19)=on
[clean-BPC  2545.51s] node 61 d=8 lb=233.007621 open=30
[clean-BPC  2545.67s] node 61 cg=1 phase=phase1 obj=0.0 artificial=0.0 cols=3707
[clean-BPC  2545.81s] node 61 cg=2 phase=phase2 obj=233.007621 artificial=0.0 cols=3707
[clean-BPC  2548.42s] node 61 cg=2 phase=phase2 kind=heuristic best_rc=0.0 found=0 added=0 exhausted=False cert=False
[clean-BPC  2553.98s] node 61 cg=2 phase=phase2 kind=heuristic_boost best_rc=0.0 found=0 added=0 exhausted=True cert=True
[clean-BPC  2553.99s] route-pack-conflict diag node 61 source_vehicle=1 routes=5 U=4 complete=True cache_hit=False states=109 added=0
[clean-BPC  2554.36s] cut_added family=schedule_nogood_core node=61 added=2 source_vehicle=1 route_count=4 signatures=[[6, 8, 10, 14], [5, 9, 19, 11], [4, 15, 20, 2], [1, 3, 7]]
[clean-BPC  2554.36s] node 62 d=8 lb=233.007621 open=30
[clean-BPC  2554.50s] node 62 cg=1 phase=phase1 obj=0.0 artificial=0.0 cols=3707
[clean-BPC  2554.66s] node 62 cg=2 phase=phase2 obj=233.007621 artificial=0.0 cols=3707
[clean-BPC  2557.25s] node 62 cg=2 phase=phase2 kind=heuristic best_rc=-0.2519375 found=2 added=2 exhausted=False cert=False
[clean-BPC  2557.39s] node 62 cg=3 phase=phase2 obj=233.007621 artificial=0.0 cols=3709
[clean-BPC  2560.00s] node 62 cg=3 phase=phase2 kind=heuristic best_rc=0.023195556 found=0 added=0 exhausted=False cert=False
[clean-BPC  2565.44s] node 62 cg=3 phase=phase2 kind=heuristic_boost best_rc=0.023195556 found=0 added=0 exhausted=True cert=True
[clean-BPC  2565.45s] route-pack-conflict diag node 62 source_vehicle=1 routes=5 U=4 complete=True cache_hit=False states=100 added=0
[clean-BPC  2565.73s] cut_added family=schedule_nogood_core node=62 added=2 source_vehicle=1 route_count=3 signatures=[[11, 19, 9, 5], [4, 15, 20, 2], [1, 3, 7]]
[clean-BPC  2565.73s] node 61 d=8 lb=233.007621 open=30
[clean-BPC  2565.89s] node 61 cg=1 phase=phase1 obj=0.0 artificial=0.0 cols=3709
[clean-BPC  2566.03s] node 61 cg=2 phase=phase2 obj=233.007621 artificial=0.0 cols=3709
[clean-BPC  2568.61s] node 61 cg=2 phase=phase2 kind=heuristic best_rc=-0.0 found=0 added=0 exhausted=False cert=False
[clean-BPC  2574.09s] node 61 cg=2 phase=phase2 kind=heuristic_boost best_rc=-0.0 found=0 added=0 exhausted=True cert=True
[clean-BPC  2574.11s] route-pack-conflict diag node 61 source_vehicle=1 routes=5 U=4 complete=True cache_hit=False states=111 added=0
[clean-BPC  2574.48s] cut_added family=schedule_nogood_core node=61 added=2 source_vehicle=1 route_count=4 signatures=[[6, 8, 10, 14], [5, 9, 19, 11], [2, 20, 15, 4], [7, 3, 1]]
[clean-BPC  2574.48s] node 62 d=8 lb=233.007621 open=30
[clean-BPC  2574.62s] node 62 cg=1 phase=phase1 obj=0.0 artificial=0.0 cols=3709
[clean-BPC  2574.78s] node 62 cg=2 phase=phase2 obj=233.007621 artificial=0.0 cols=3709
[clean-BPC  2577.37s] node 62 cg=2 phase=phase2 kind=heuristic best_rc=0.023195556 found=0 added=0 exhausted=False cert=False
[clean-BPC  2582.82s] node 62 cg=2 phase=phase2 kind=heuristic_boost best_rc=0.023195556 found=0 added=0 exhausted=True cert=True
[clean-BPC  2584.93s] branch node 62: left=arc(1,3)=off right=arc(1,3)=on
[clean-BPC  2584.93s] node 61 d=8 lb=233.007621 open=31
[clean-BPC  2585.08s] node 61 cg=1 phase=phase1 obj=0.0 artificial=0.0 cols=3709
[clean-BPC  2585.23s] node 61 cg=2 phase=phase2 obj=233.007621 artificial=0.0 cols=3709
[clean-BPC  2585.23s] cut_purged node=61 removed=1 by_kind={'schedule_nogood_core': 1} remaining=123
[clean-BPC  2585.37s] node 61 cg=3 phase=phase2 obj=233.007621 artificial=0.0 cols=3709
[clean-BPC  2587.95s] node 61 cg=3 phase=phase2 kind=heuristic best_rc=0.0 found=0 added=0 exhausted=False cert=False
[clean-BPC  2593.44s] node 61 cg=3 phase=phase2 kind=heuristic_boost best_rc=0.0 found=0 added=0 exhausted=True cert=True
[clean-BPC  2594.96s] branch node 61: left=arc(1,3)=off right=arc(1,3)=on
[clean-BPC  2594.96s] node 63 d=9 lb=233.007621 open=32
[clean-BPC  2595.10s] node 63 cg=1 phase=phase1 obj=0.0 artificial=0.0 cols=3709
[clean-BPC  2595.25s] node 63 cg=2 phase=phase2 obj=233.007621 artificial=0.0 cols=3709
[clean-BPC  2597.86s] node 63 cg=2 phase=phase2 kind=heuristic best_rc=0.023195556 found=0 added=0 exhausted=False cert=False
[clean-BPC  2603.47s] node 63 cg=2 phase=phase2 kind=heuristic_boost best_rc=0.023195556 found=0 added=0 exhausted=True cert=True
[clean-BPC  2603.48s] route-pack-conflict diag node 63 source_vehicle=1 routes=5 U=4 complete=True cache_hit=False states=94 added=0
[clean-BPC  2603.77s] cut_added family=schedule_nogood_core node=63 added=2 source_vehicle=1 route_count=3 signatures=[[11, 19, 9, 5], [4, 15, 20, 2], [7, 3, 1]]
[clean-BPC  2603.77s] node 64 d=9 lb=233.007621 open=32
[clean-BPC  2603.91s] node 64 cg=1 phase=phase1 obj=0.0 artificial=0.0 cols=3709
[clean-BPC  2604.07s] node 64 cg=2 phase=phase2 obj=233.043564 artificial=0.0 cols=3709
[clean-BPC  2606.66s] node 64 cg=2 phase=phase2 kind=heuristic best_rc=-0.071886 found=5 added=5 exhausted=False cert=False
[clean-BPC  2606.80s] node 64 cg=3 phase=phase2 obj=233.043564 artificial=0.0 cols=3714
[clean-BPC  2609.48s] node 64 cg=3 phase=phase2 kind=heuristic best_rc=0.300398 found=0 added=0 exhausted=False cert=False
[clean-BPC  2617.57s] node 64 cg=3 phase=phase2 kind=heuristic_boost best_rc=0.120256 found=0 added=0 exhausted=True cert=True
[clean-BPC  2618.88s] branch node 64: left=arc(7,6)=off right=arc(7,6)=on
[clean-BPC  2618.88s] node 65 d=9 lb=233.007621 open=33
[clean-BPC  2619.04s] node 65 cg=1 phase=phase1 obj=0.0 artificial=0.0 cols=3714
[clean-BPC  2619.19s] node 65 cg=2 phase=phase2 obj=233.007621 artificial=0.0 cols=3714
[clean-BPC  2621.89s] node 65 cg=2 phase=phase2 kind=heuristic best_rc=-0.033309 found=2 added=2 exhausted=False cert=False
[clean-BPC  2622.04s] node 65 cg=3 phase=phase2 obj=233.007621 artificial=0.0 cols=3716
[clean-BPC  2624.75s] node 65 cg=3 phase=phase2 kind=heuristic best_rc=-0.012873 found=1 added=1 exhausted=False cert=False
[clean-BPC  2624.90s] node 65 cg=4 phase=phase2 obj=233.007621 artificial=0.0 cols=3717
[clean-BPC  2627.56s] node 65 cg=4 phase=phase2 kind=heuristic best_rc=0.071886 found=0 added=0 exhausted=False cert=False
[clean-BPC  2635.44s] node 65 cg=4 phase=phase2 kind=heuristic_boost best_rc=-0.30819 found=1 added=1 exhausted=True cert=True
[clean-BPC  2635.58s] node 65 cg=5 phase=phase2 obj=233.007621 artificial=0.0 cols=3718
[clean-BPC  2638.29s] node 65 cg=5 phase=phase2 kind=heuristic best_rc=0.313961333 found=0 added=0 exhausted=False cert=False
[clean-BPC  2646.20s] node 65 cg=5 phase=phase2 kind=heuristic_boost best_rc=0.120256 found=0 added=0 exhausted=True cert=True
[clean-BPC  2646.21s] route-pack-conflict diag node 65 source_vehicle=1 routes=5 U=4 complete=True cache_hit=False states=103 added=0
[clean-BPC  2646.59s] cut_added family=schedule_nogood_core node=65 added=2 source_vehicle=1 route_count=4 signatures=[[6, 8, 10, 14], [5, 9, 19, 11], [4, 15, 20, 2], [7, 3, 1]]
[clean-BPC  2646.59s] node 66 d=9 lb=233.007621 open=33
[clean-BPC  2646.74s] node 66 cg=1 phase=phase1 obj=0.0 artificial=0.0 cols=3718
[clean-BPC  2646.90s] node 66 cg=2 phase=phase2 obj=233.007621 artificial=0.0 cols=3718
[clean-BPC  2649.62s] node 66 cg=2 phase=phase2 kind=heuristic best_rc=0.019852 found=0 added=0 exhausted=False cert=False
[clean-BPC  2657.62s] node 66 cg=2 phase=phase2 kind=heuristic_boost best_rc=0.019852 found=0 added=0 exhausted=True cert=True
[clean-BPC  2659.19s] branch node 66: left=arc(10,14)=off right=arc(10,14)=on
[clean-BPC  2659.19s] node 63 d=9 lb=233.007621 open=34
[clean-BPC  2659.34s] node 63 cg=1 phase=phase1 obj=0.0 artificial=0.0 cols=3718
[clean-BPC  2659.49s] node 63 cg=2 phase=phase2 obj=233.007621 artificial=0.0 cols=3718
[clean-BPC  2662.18s] node 63 cg=2 phase=phase2 kind=heuristic best_rc=0.273524 found=0 added=0 exhausted=False cert=False
[clean-BPC  2670.04s] node 63 cg=2 phase=phase2 kind=heuristic_boost best_rc=0.120256 found=0 added=0 exhausted=True cert=True
[clean-BPC  2670.06s] route-pack-conflict diag node 63 source_vehicle=1 routes=5 U=4 complete=True cache_hit=False states=102 added=0
[clean-BPC  2670.34s] cut_added family=schedule_nogood_core node=63 added=2 source_vehicle=1 route_count=3 signatures=[[11, 19, 9, 5], [2, 20, 15, 4], [7, 3, 1]]
[clean-BPC  2670.34s] node 65 d=9 lb=233.007621 open=34
[clean-BPC  2670.49s] node 65 cg=1 phase=phase1 obj=0.0 artificial=0.0 cols=3718
[clean-BPC  2670.64s] node 65 cg=2 phase=phase2 obj=233.007621 artificial=0.0 cols=3718
[clean-BPC  2670.64s] cut_purged node=65 removed=2 by_kind={'subset_row': 2} remaining=127
[clean-BPC  2670.78s] node 65 cg=3 phase=phase2 obj=233.007621 artificial=0.0 cols=3718
[clean-BPC  2670.78s] cut_purged node=65 removed=1 by_kind={'schedule_nogood_core': 1} remaining=126
[clean-BPC  2670.95s] node 65 cg=4 phase=phase2 obj=233.007621 artificial=0.0 cols=3718
[clean-BPC  2673.64s] node 65 cg=4 phase=phase2 kind=heuristic best_rc=0.440794 found=0 added=0 exhausted=False cert=False
[clean-BPC  2681.43s] node 65 cg=4 phase=phase2 kind=heuristic_boost best_rc=0.120256 found=0 added=0 exhausted=True cert=True
[clean-BPC  2681.45s] route-pack-conflict diag node 65 source_vehicle=1 routes=5 U=4 complete=True cache_hit=False states=111 added=0
[clean-BPC  2681.83s] cut_added family=schedule_nogood_core node=65 added=2 source_vehicle=1 route_count=4 signatures=[[6, 8, 14, 10], [5, 9, 19, 11], [2, 20, 15, 4], [7, 3, 1]]
[clean-BPC  2681.83s] node 69 d=10 lb=233.007621 open=34
[clean-BPC  2681.97s] node 69 cg=1 phase=phase1 obj=0.0 artificial=0.0 cols=3718
[clean-BPC  2682.12s] node 69 cg=2 phase=phase2 obj=233.007621 artificial=0.0 cols=3718
[clean-BPC  2684.87s] node 69 cg=2 phase=phase2 kind=heuristic best_rc=-0.0 found=0 added=0 exhausted=False cert=False
[clean-BPC  2692.86s] node 69 cg=2 phase=phase2 kind=heuristic_boost best_rc=-0.0 found=0 added=0 exhausted=True cert=True
[clean-BPC  2692.87s] route-pack-conflict diag node 69 source_vehicle=1 routes=5 U=4 complete=True cache_hit=False states=120 added=0
[clean-BPC  2693.26s] cut_added family=schedule_nogood_core node=69 added=2 source_vehicle=1 route_count=4 signatures=[[6, 8, 14, 10], [5, 9, 19, 11], [2, 20, 15, 4], [1, 3, 7]]
[clean-BPC  2693.26s] node 70 d=10 lb=233.007621 open=34
[clean-BPC  2693.41s] node 70 cg=1 phase=phase1 obj=0.0 artificial=0.0 cols=3718
[clean-BPC  2693.56s] node 70 cg=2 phase=phase2 obj=233.007621 artificial=0.0 cols=3718
[clean-BPC  2696.19s] node 70 cg=2 phase=phase2 kind=heuristic best_rc=-0.675194 found=4 added=4 exhausted=False cert=False
[clean-BPC  2696.36s] node 70 cg=3 phase=phase2 obj=233.007621 artificial=0.0 cols=3722
[clean-BPC  2699.09s] node 70 cg=3 phase=phase2 kind=heuristic best_rc=-0.967807437 found=6 added=6 exhausted=False cert=False
[clean-BPC  2699.24s] node 70 cg=4 phase=phase2 obj=233.007621 artificial=0.0 cols=3728
[clean-BPC  2702.06s] node 70 cg=4 phase=phase2 kind=heuristic best_rc=0.251208 found=0 added=0 exhausted=False cert=False
[clean-BPC  2708.05s] node 70 cg=4 phase=phase2 kind=heuristic_boost best_rc=0.251208 found=0 added=0 exhausted=True cert=True
[clean-BPC  2708.07s] route-pack-conflict diag node 70 source_vehicle=1 routes=5 U=4 complete=True cache_hit=False states=120 added=0
[clean-BPC  2708.44s] cut_added family=schedule_nogood_core node=70 added=2 source_vehicle=1 route_count=4 signatures=[[6, 10, 14, 8], [5, 9, 19, 11], [2, 20, 15, 4], [1, 3, 7]]
[clean-BPC  2708.44s] node 63 d=9 lb=233.007621 open=34
[clean-BPC  2708.60s] node 63 cg=1 phase=phase1 obj=0.0 artificial=0.0 cols=3728
[clean-BPC  2708.75s] node 63 cg=2 phase=phase2 obj=233.043564 artificial=0.0 cols=3728
[clean-BPC  2711.43s] node 63 cg=2 phase=phase2 kind=heuristic best_rc=-0.0 found=0 added=0 exhausted=False cert=False
[clean-BPC  2717.05s] node 63 cg=2 phase=phase2 kind=heuristic_boost best_rc=-0.0 found=0 added=0 exhausted=True cert=True
[clean-BPC  2718.25s] branch node 63: left=RF(6,10)=separate right=RF(6,10)=same
[clean-BPC  2718.25s] node 65 d=9 lb=233.007621 open=35
[clean-BPC  2718.41s] node 65 cg=1 phase=phase1 obj=0.0 artificial=0.0 cols=3728
[clean-BPC  2718.56s] node 65 cg=2 phase=phase2 obj=233.007621 artificial=0.0 cols=3728
[clean-BPC  2721.25s] node 65 cg=2 phase=phase2 kind=heuristic best_rc=-0.0 found=0 added=0 exhausted=False cert=False
[clean-BPC  2726.88s] node 65 cg=2 phase=phase2 kind=heuristic_boost best_rc=-0.0 found=0 added=0 exhausted=True cert=True
[clean-BPC  2728.10s] branch node 65: left=arc(10,14)=off right=arc(10,14)=on
[clean-BPC  2728.10s] node 69 d=10 lb=233.007621 open=36
[clean-BPC  2728.25s] node 69 cg=1 phase=phase1 obj=0.0 artificial=0.0 cols=3728
[clean-BPC  2728.39s] node 69 cg=2 phase=phase2 obj=233.007621 artificial=0.0 cols=3728
[clean-BPC  2731.05s] node 69 cg=2 phase=phase2 kind=heuristic best_rc=0.273524 found=0 added=0 exhausted=False cert=False
[clean-BPC  2736.65s] node 69 cg=2 phase=phase2 kind=heuristic_boost best_rc=0.273524 found=0 added=0 exhausted=True cert=True
[clean-BPC  2736.66s] route-pack-conflict diag node 69 source_vehicle=1 routes=5 U=4 complete=True cache_hit=False states=109 added=0
[clean-BPC  2737.04s] cut_added family=schedule_nogood_core node=69 added=2 source_vehicle=1 route_count=4 signatures=[[6, 8, 14, 10], [5, 9, 19, 11], [4, 15, 20, 2], [1, 3, 7]]
[clean-BPC  2737.04s] node 70 d=10 lb=233.007621 open=36
[clean-BPC  2737.21s] node 70 cg=1 phase=phase1 obj=0.0 artificial=0.0 cols=3728
[clean-BPC  2737.36s] node 70 cg=2 phase=phase2 obj=233.007621 artificial=0.0 cols=3728
[clean-BPC  2740.17s] node 70 cg=2 phase=phase2 kind=heuristic best_rc=0.251208 found=0 added=0 exhausted=False cert=False
[clean-BPC  2746.18s] node 70 cg=2 phase=phase2 kind=heuristic_boost best_rc=0.251208 found=0 added=0 exhausted=True cert=True
[clean-BPC  2748.07s] branch node 70: left=arc(6,8)=off right=arc(6,8)=on
[clean-BPC  2748.07s] node 73 d=10 lb=233.007621 open=37
[clean-BPC  2748.22s] node 73 cg=1 phase=phase1 obj=0.0 artificial=0.0 cols=3728
[clean-BPC  2748.37s] node 73 cg=2 phase=phase2 obj=233.007621 artificial=0.0 cols=3728
[clean-BPC  2751.00s] node 73 cg=2 phase=phase2 kind=heuristic best_rc=-0.0 found=0 added=0 exhausted=False cert=False
[clean-BPC  2756.61s] node 73 cg=2 phase=phase2 kind=heuristic_boost best_rc=-0.0 found=0 added=0 exhausted=True cert=True
[clean-BPC  2756.63s] route-pack-conflict diag node 73 source_vehicle=1 routes=5 U=4 complete=True cache_hit=False states=103 added=0
[clean-BPC  2757.01s] cut_added family=schedule_nogood_core node=73 added=2 source_vehicle=1 route_count=4 signatures=[[6, 8, 14, 10], [5, 9, 19, 11], [4, 15, 20, 2], [7, 3, 1]]
[clean-BPC  2757.01s] node 74 d=10 lb=233.007621 open=37
[clean-BPC  2757.17s] node 74 cg=1 phase=phase1 obj=0.0 artificial=0.0 cols=3728
[clean-BPC  2757.32s] node 74 cg=2 phase=phase2 obj=233.007621 artificial=0.0 cols=3728
[clean-BPC  2760.13s] node 74 cg=2 phase=phase2 kind=heuristic best_rc=0.251208 found=0 added=0 exhausted=False cert=False
[clean-BPC  2766.17s] node 74 cg=2 phase=phase2 kind=heuristic_boost best_rc=0.251208 found=0 added=0 exhausted=True cert=True
[clean-BPC  2766.19s] route-pack-conflict diag node 74 source_vehicle=1 routes=5 U=4 complete=True cache_hit=False states=111 added=0
[clean-BPC  2766.56s] cut_added family=schedule_nogood_core node=74 added=2 source_vehicle=1 route_count=4 signatures=[[6, 10, 14, 8], [5, 9, 19, 11], [2, 20, 15, 4], [7, 3, 1]]
[clean-BPC  2766.56s] node 69 d=10 lb=233.007621 open=37
[clean-BPC  2766.73s] node 69 cg=1 phase=phase1 obj=0.0 artificial=0.0 cols=3728
[clean-BPC  2766.88s] node 69 cg=2 phase=phase2 obj=233.007621 artificial=0.0 cols=3728
[clean-BPC  2769.61s] node 69 cg=2 phase=phase2 kind=heuristic best_rc=0.273524 found=0 added=0 exhausted=False cert=False
[clean-BPC  2775.27s] node 69 cg=2 phase=phase2 kind=heuristic_boost best_rc=0.273524 found=0 added=0 exhausted=True cert=True
[clean-BPC  2777.11s] branch node 69: left=arc(6,8)=off right=arc(6,8)=on
[clean-BPC  2777.11s] node 75 d=11 lb=233.007621 open=38
[clean-BPC  2777.26s] node 75 cg=1 phase=phase1 obj=0.0 artificial=0.0 cols=3728
[clean-BPC  2777.42s] node 75 cg=2 phase=phase2 obj=233.007621 artificial=0.0 cols=3728
[clean-BPC  2780.23s] node 75 cg=2 phase=phase2 kind=heuristic best_rc=0.251208 found=0 added=0 exhausted=False cert=False
[clean-BPC  2786.17s] node 75 cg=2 phase=phase2 kind=heuristic_boost best_rc=0.251208 found=0 added=0 exhausted=True cert=True
[clean-BPC  2786.19s] route-pack-conflict diag node 75 source_vehicle=1 routes=5 U=4 complete=True cache_hit=False states=114 added=0
[clean-BPC  2786.57s] cut_added family=schedule_nogood_core node=75 added=2 source_vehicle=1 route_count=4 signatures=[[8, 10, 14, 6], [5, 9, 19, 11], [2, 20, 15, 4], [1, 3, 7]]
[clean-BPC  2786.57s] node 76 d=11 lb=233.007621 open=38
[clean-BPC  2786.72s] node 76 cg=1 phase=phase1 obj=0.0 artificial=0.0 cols=3728
[clean-BPC  2786.88s] node 76 cg=2 phase=phase2 obj=233.258491 artificial=0.0 cols=3728
[clean-BPC  2789.48s] node 76 cg=2 phase=phase2 kind=heuristic best_rc=-0.076527 found=1 added=1 exhausted=False cert=False
[clean-BPC  2789.63s] node 76 cg=3 phase=phase2 obj=233.258491 artificial=0.0 cols=3729
[clean-BPC  2792.19s] node 76 cg=3 phase=phase2 kind=heuristic best_rc=0.120256 found=0 added=0 exhausted=False cert=False
[clean-BPC  2797.87s] node 76 cg=3 phase=phase2 kind=heuristic_boost best_rc=0.120256 found=0 added=0 exhausted=True cert=True
[clean-BPC  2799.47s] branch node 76: left=arc(15,4)=off right=arc(15,4)=on
[clean-BPC  2799.47s] node 73 d=10 lb=233.007621 open=39
[clean-BPC  2799.61s] node 73 cg=1 phase=phase1 obj=0.0 artificial=0.0 cols=3729
[clean-BPC  2799.77s] node 73 cg=2 phase=phase2 obj=233.007621 artificial=0.0 cols=3729
[clean-BPC  2802.40s] node 73 cg=2 phase=phase2 kind=heuristic best_rc=-0.0 found=0 added=0 exhausted=False cert=False
[clean-BPC  2808.00s] node 73 cg=2 phase=phase2 kind=heuristic_boost best_rc=-0.0 found=0 added=0 exhausted=True cert=True
[clean-BPC  2809.21s] branch node 73: left=arc(15,20)=off right=arc(15,20)=on
[clean-BPC  2809.21s] node 74 d=10 lb=233.007621 open=40
[clean-BPC  2809.37s] node 74 cg=1 phase=phase1 obj=0.0 artificial=0.0 cols=3729
[clean-BPC  2809.52s] node 74 cg=2 phase=phase2 obj=233.007621 artificial=0.0 cols=3729
[clean-BPC  2812.30s] node 74 cg=2 phase=phase2 kind=heuristic best_rc=0.251208 found=0 added=0 exhausted=False cert=False
[clean-BPC  2818.26s] node 74 cg=2 phase=phase2 kind=heuristic_boost best_rc=0.251208 found=0 added=0 exhausted=True cert=True
[clean-BPC  2819.48s] branch node 74: left=arc(6,8)=off right=arc(6,8)=on
[clean-BPC  2819.48s] node 77 d=11 lb=233.007621 open=41
[clean-BPC  2819.63s] node 77 cg=1 phase=phase1 obj=0.0 artificial=0.0 cols=3729
[clean-BPC  2819.79s] node 77 cg=2 phase=phase2 obj=233.007621 artificial=0.0 cols=3729
[clean-BPC  2819.79s] cut_purged node=77 removed=1 by_kind={'schedule_nogood_core': 1} remaining=139
[clean-BPC  2819.94s] node 77 cg=3 phase=phase2 obj=233.007621 artificial=0.0 cols=3729
[clean-BPC  2819.94s] cut_purged node=77 removed=1 by_kind={'schedule_nogood_core': 1} remaining=138
[clean-BPC  2820.08s] node 77 cg=4 phase=phase2 obj=233.007621 artificial=0.0 cols=3729
[clean-BPC  2820.08s] cut_purged node=77 removed=1 by_kind={'schedule_nogood_core': 1} remaining=137
[clean-BPC  2820.24s] node 77 cg=5 phase=phase2 obj=233.007621 artificial=0.0 cols=3729
[clean-BPC  2822.87s] node 77 cg=5 phase=phase2 kind=heuristic best_rc=0.273524 found=0 added=0 exhausted=False cert=False
[clean-BPC  2828.42s] node 77 cg=5 phase=phase2 kind=heuristic_boost best_rc=0.273524 found=0 added=0 exhausted=True cert=True
[clean-BPC  2828.44s] route-pack-conflict diag node 77 source_vehicle=1 routes=5 U=4 complete=True cache_hit=False states=120 added=0
[clean-BPC  2828.82s] cut_added family=schedule_nogood_core node=77 added=2 source_vehicle=1 route_count=4 signatures=[[6, 14, 10, 8], [5, 9, 19, 11], [2, 20, 15, 4], [1, 3, 7]]
[clean-BPC  2828.82s] node 81 d=11 lb=233.007621 open=41
[clean-BPC  2828.95s] node 81 cg=1 phase=phase1 obj=0.0 artificial=0.0 cols=3729
[clean-BPC  2829.09s] node 81 cg=2 phase=phase2 obj=233.007621 artificial=0.0 cols=3729
[clean-BPC  2831.75s] node 81 cg=2 phase=phase2 kind=heuristic best_rc=-0.0 found=0 added=0 exhausted=False cert=False
[clean-BPC  2837.36s] node 81 cg=2 phase=phase2 kind=heuristic_boost best_rc=-0.0 found=0 added=0 exhausted=True cert=True
[clean-BPC  2837.38s] route-pack-conflict diag node 81 source_vehicle=1 routes=5 U=4 complete=True cache_hit=False states=111 added=0
[clean-BPC  2837.75s] cut_added family=schedule_nogood_core node=81 added=2 source_vehicle=1 route_count=4 signatures=[[6, 14, 10, 8], [5, 9, 19, 11], [2, 20, 15, 4], [7, 3, 1]]
[clean-BPC  2837.75s] node 82 d=11 lb=233.007621 open=41
[clean-BPC  2837.90s] node 82 cg=1 phase=phase1 obj=0.0 artificial=0.0 cols=3729
[clean-BPC  2838.06s] node 82 cg=2 phase=phase2 obj=233.007621 artificial=0.0 cols=3729
[clean-BPC  2838.06s] cut_purged node=82 removed=1 by_kind={'schedule_nogood_core': 1} remaining=140
[clean-BPC  2838.20s] node 82 cg=3 phase=phase2 obj=233.007621 artificial=0.0 cols=3729
[clean-BPC  2840.88s] node 82 cg=3 phase=phase2 kind=heuristic best_rc=-0.0 found=0 added=0 exhausted=False cert=False
[clean-BPC  2846.50s] node 82 cg=3 phase=phase2 kind=heuristic_boost best_rc=-0.0 found=0 added=0 exhausted=True cert=True
[clean-BPC  2846.51s] route-pack-conflict diag node 82 source_vehicle=1 routes=5 U=4 complete=True cache_hit=False states=103 added=0
[clean-BPC  2846.90s] cut_added family=schedule_nogood_core node=82 added=2 source_vehicle=1 route_count=4 signatures=[[6, 14, 10, 8], [5, 9, 19, 11], [4, 15, 20, 2], [7, 3, 1]]
[clean-BPC  2846.90s] node 83 d=11 lb=233.007621 open=41
[clean-BPC  2847.05s] node 83 cg=1 phase=phase1 obj=0.0 artificial=0.0 cols=3729
[clean-BPC  2847.19s] node 83 cg=2 phase=phase2 obj=233.007621 artificial=0.0 cols=3729
[clean-BPC  2849.94s] node 83 cg=2 phase=phase2 kind=heuristic best_rc=0.251208 found=0 added=0 exhausted=False cert=False
[clean-BPC  2855.93s] node 83 cg=2 phase=phase2 kind=heuristic_boost best_rc=0.251208 found=0 added=0 exhausted=True cert=True
[clean-BPC  2855.94s] route-pack-conflict diag node 83 source_vehicle=1 routes=5 U=4 complete=True cache_hit=False states=105 added=0
[clean-BPC  2856.33s] cut_added family=schedule_nogood_core node=83 added=2 source_vehicle=1 route_count=4 signatures=[[8, 10, 14, 6], [5, 9, 19, 11], [2, 20, 15, 4], [7, 3, 1]]
[clean-BPC  2856.33s] node 84 d=11 lb=233.007621 open=41
[clean-BPC  2856.48s] node 84 cg=1 phase=phase1 obj=0.0 artificial=0.0 cols=3729
[clean-BPC  2856.63s] node 84 cg=2 phase=phase2 obj=233.225029 artificial=0.0 cols=3729
[clean-BPC  2859.20s] node 84 cg=2 phase=phase2 kind=heuristic best_rc=-0.090288 found=1 added=1 exhausted=False cert=False
[clean-BPC  2859.36s] node 84 cg=3 phase=phase2 obj=233.225029 artificial=0.0 cols=3730
[clean-BPC  2861.95s] node 84 cg=3 phase=phase2 kind=heuristic best_rc=0.0 found=0 added=0 exhausted=False cert=False
[clean-BPC  2867.48s] node 84 cg=3 phase=phase2 kind=heuristic_boost best_rc=0.0 found=0 added=0 exhausted=True cert=True
[clean-BPC  2869.40s] branch node 84: left=RF(1,4)=separate right=RF(1,4)=same
[clean-BPC  2869.40s] node 77 d=11 lb=233.007621 open=42
[clean-BPC  2869.56s] node 77 cg=1 phase=phase1 obj=0.0 artificial=0.0 cols=3730
[clean-BPC  2869.70s] node 77 cg=2 phase=phase2 obj=233.007621 artificial=0.0 cols=3730
[clean-BPC  2872.35s] node 77 cg=2 phase=phase2 kind=heuristic best_rc=0.273524 found=0 added=0 exhausted=False cert=False
[clean-BPC  2877.94s] node 77 cg=2 phase=phase2 kind=heuristic_boost best_rc=0.273524 found=0 added=0 exhausted=True cert=True
[clean-BPC  2877.96s] route-pack-conflict diag node 77 source_vehicle=1 routes=5 U=4 complete=True cache_hit=False states=109 added=0
[clean-BPC  2878.33s] cut_added family=schedule_nogood_core node=77 added=2 source_vehicle=1 route_count=4 signatures=[[6, 14, 10, 8], [5, 9, 19, 11], [4, 15, 20, 2], [1, 3, 7]]
[clean-BPC  2878.33s] node 81 d=11 lb=233.007621 open=42
[clean-BPC  2878.46s] node 81 cg=1 phase=phase1 obj=0.0 artificial=0.0 cols=3730
[clean-BPC  2878.60s] node 81 cg=2 phase=phase2 obj=233.007621 artificial=0.0 cols=3730
[clean-BPC  2878.60s] cut_purged node=81 removed=4 by_kind={'schedule_nogood_core': 4} remaining=142
[clean-BPC  2878.75s] node 81 cg=3 phase=phase2 obj=233.007621 artificial=0.0 cols=3730
[clean-BPC  2881.47s] node 81 cg=3 phase=phase2 kind=heuristic best_rc=0.120256 found=0 added=0 exhausted=False cert=False
[clean-BPC  2887.16s] node 81 cg=3 phase=phase2 kind=heuristic_boost best_rc=0.120256 found=0 added=0 exhausted=True cert=True
[clean-BPC  2887.17s] route-pack-conflict diag node 81 source_vehicle=1 routes=5 U=4 complete=True cache_hit=False states=105 added=0
[clean-BPC  2887.54s] cut_added family=schedule_nogood_core node=81 added=2 source_vehicle=1 route_count=4 signatures=[[8, 14, 10, 6], [5, 9, 19, 11], [2, 20, 15, 4], [7, 3, 1]]
[clean-BPC  2887.54s] node 82 d=11 lb=233.007621 open=42
[clean-BPC  2887.70s] node 82 cg=1 phase=phase1 obj=0.0 artificial=0.0 cols=3730
[clean-BPC  2887.85s] node 82 cg=2 phase=phase2 obj=233.007621 artificial=0.0 cols=3730
[clean-BPC  2890.57s] node 82 cg=2 phase=phase2 kind=heuristic best_rc=0.120256 found=0 added=0 exhausted=False cert=False
[clean-BPC  2896.44s] node 82 cg=2 phase=phase2 kind=heuristic_boost best_rc=0.120256 found=0 added=0 exhausted=True cert=True
[clean-BPC  2896.46s] route-pack-conflict diag node 82 source_vehicle=1 routes=5 U=4 complete=True cache_hit=False states=99 added=0
[clean-BPC  2896.83s] cut_added family=schedule_nogood_core node=82 added=2 source_vehicle=1 route_count=4 signatures=[[8, 14, 10, 6], [5, 9, 19, 11], [4, 15, 20, 2], [7, 3, 1]]
[clean-BPC  2896.83s] node 83 d=11 lb=233.007621 open=42
[clean-BPC  2896.97s] node 83 cg=1 phase=phase1 obj=0.0 artificial=0.0 cols=3730
[clean-BPC  2897.13s] node 83 cg=2 phase=phase2 obj=233.007621 artificial=0.0 cols=3730
[clean-BPC  2899.85s] node 83 cg=2 phase=phase2 kind=heuristic best_rc=0.321063 found=0 added=0 exhausted=False cert=False
[clean-BPC  2905.85s] node 83 cg=2 phase=phase2 kind=heuristic_boost best_rc=0.321063 found=0 added=0 exhausted=True cert=True
[clean-BPC  2907.35s] branch node 83: left=arc(14,6)=off right=arc(14,6)=on
[clean-BPC  2907.35s] node 77 d=11 lb=233.007621 open=43
[clean-BPC  2907.51s] node 77 cg=1 phase=phase1 obj=0.0 artificial=0.0 cols=3730
[clean-BPC  2907.65s] node 77 cg=2 phase=phase2 obj=233.007621 artificial=0.0 cols=3730
[clean-BPC  2907.65s] cut_purged node=77 removed=1 by_kind={'schedule_nogood_core': 1} remaining=145
[clean-BPC  2907.80s] node 77 cg=3 phase=phase2 obj=233.007621 artificial=0.0 cols=3730
[clean-BPC  2910.34s] node 77 cg=3 phase=phase2 kind=heuristic best_rc=0.910444 found=0 added=0 exhausted=False cert=False
[clean-BPC  2915.75s] node 77 cg=3 phase=phase2 kind=heuristic_boost best_rc=0.910444 found=0 added=0 exhausted=True cert=True
[clean-BPC  2917.28s] branch node 77: left=arc(10,6)=off right=arc(10,6)=on
[clean-BPC  2917.28s] node 81 d=11 lb=233.007621 open=44
[clean-BPC  2917.42s] node 81 cg=1 phase=phase1 obj=0.0 artificial=0.0 cols=3730
[clean-BPC  2917.55s] node 81 cg=2 phase=phase2 obj=233.007621 artificial=0.0 cols=3730
[clean-BPC  2920.22s] node 81 cg=2 phase=phase2 kind=heuristic best_rc=0.120256 found=0 added=0 exhausted=False cert=False
[clean-BPC  2925.86s] node 81 cg=2 phase=phase2 kind=heuristic_boost best_rc=0.120256 found=0 added=0 exhausted=True cert=True
[clean-BPC  2925.87s] route-pack-conflict diag node 81 source_vehicle=1 routes=5 U=4 complete=True cache_hit=False states=105 added=0
[clean-BPC  2926.24s] cut_added family=schedule_nogood_core node=81 added=2 source_vehicle=1 route_count=4 signatures=[[14, 10, 8, 6], [5, 9, 19, 11], [2, 20, 15, 4], [7, 3, 1]]
[clean-BPC  2926.24s] node 82 d=11 lb=233.007621 open=44
[clean-BPC  2926.38s] node 82 cg=1 phase=phase1 obj=0.0 artificial=0.0 cols=3730
[clean-BPC  2926.55s] node 82 cg=2 phase=phase2 obj=233.007621 artificial=0.0 cols=3730
[clean-BPC  2929.23s] node 82 cg=2 phase=phase2 kind=heuristic best_rc=0.120256 found=0 added=0 exhausted=False cert=False
[clean-BPC  2934.82s] node 82 cg=2 phase=phase2 kind=heuristic_boost best_rc=0.120256 found=0 added=0 exhausted=True cert=True
[clean-BPC  2934.83s] route-pack-conflict diag node 82 source_vehicle=1 routes=5 U=4 complete=True cache_hit=False states=99 added=0
[clean-BPC  2935.20s] cut_added family=schedule_nogood_core node=82 added=2 source_vehicle=1 route_count=4 signatures=[[14, 10, 8, 6], [5, 9, 19, 11], [4, 15, 20, 2], [7, 3, 1]]
[clean-BPC  2935.20s] node 88 d=12 lb=233.007621 open=44
[clean-BPC  2935.36s] node 88 cg=1 phase=phase1 obj=0.0 artificial=0.0 cols=3730
[clean-BPC  2935.50s] node 88 cg=2 phase=phase2 obj=233.007621 artificial=0.0 cols=3730
[clean-BPC  2938.31s] node 88 cg=2 phase=phase2 kind=heuristic best_rc=0.152178 found=0 added=0 exhausted=False cert=False
[clean-BPC  2944.46s] node 88 cg=2 phase=phase2 kind=heuristic_boost best_rc=0.152178 found=0 added=0 exhausted=True cert=True
[clean-BPC  2944.47s] route-pack-conflict diag node 88 source_vehicle=1 routes=5 U=4 complete=True cache_hit=False states=99 added=0
[clean-BPC  2944.86s] cut_added family=schedule_nogood_core node=88 added=2 source_vehicle=1 route_count=4 signatures=[[8, 10, 14, 6], [5, 9, 19, 11], [4, 15, 20, 2], [7, 3, 1]]
[clean-BPC  2944.86s] node 89 d=12 lb=233.007621 open=44
[clean-BPC  2945.01s] node 89 cg=1 phase=phase1 obj=0.0 artificial=0.0 cols=3730
[clean-BPC  2945.15s] node 89 cg=2 phase=phase2 obj=233.007621 artificial=0.0 cols=3730
[clean-BPC  2947.76s] node 89 cg=2 phase=phase2 kind=heuristic best_rc=0.910444 found=0 added=0 exhausted=False cert=False
[clean-BPC  2953.34s] node 89 cg=2 phase=phase2 kind=heuristic_boost best_rc=0.910444 found=0 added=0 exhausted=True cert=True
[clean-BPC  2954.86s] branch node 89: left=arc(8,6)=off right=arc(8,6)=on
[clean-BPC  2954.86s] node 90 d=12 lb=233.007621 open=45
[clean-BPC  2955.01s] node 90 cg=1 phase=phase1 obj=0.0 artificial=0.0 cols=3730
[clean-BPC  2955.16s] node 90 cg=2 phase=phase2 obj=233.007621 artificial=0.0 cols=3730
[clean-BPC  2957.88s] node 90 cg=2 phase=phase2 kind=heuristic best_rc=0.075351 found=0 added=0 exhausted=False cert=False
[clean-BPC  2964.04s] node 90 cg=2 phase=phase2 kind=heuristic_boost best_rc=0.075351 found=0 added=0 exhausted=True cert=True
[clean-BPC  2964.05s] route-pack-conflict diag node 90 source_vehicle=1 routes=5 U=4 complete=True cache_hit=False states=105 added=0
[clean-BPC  2964.43s] cut_added family=schedule_nogood_core node=90 added=2 source_vehicle=1 route_count=4 signatures=[[8, 14, 10, 6], [5, 9, 19, 11], [4, 15, 20, 2], [1, 3, 7]]
[clean-BPC  2964.43s] node 81 d=11 lb=233.007621 open=45
[clean-BPC  2964.57s] node 81 cg=1 phase=phase1 obj=0.0 artificial=0.0 cols=3730
[clean-BPC  2964.72s] node 81 cg=2 phase=phase2 obj=233.021998 artificial=0.0 cols=3730
[clean-BPC  2967.46s] node 81 cg=2 phase=phase2 kind=heuristic best_rc=0.120256 found=0 added=0 exhausted=False cert=False
[clean-BPC  2973.19s] node 81 cg=2 phase=phase2 kind=heuristic_boost best_rc=0.120256 found=0 added=0 exhausted=True cert=True
[clean-BPC  2974.09s] branch node 81: left=RF(6,14)=separate right=RF(6,14)=same
[clean-BPC  2974.09s] node 82 d=11 lb=233.007621 open=46
[clean-BPC  2974.24s] node 82 cg=1 phase=phase1 obj=0.0 artificial=0.0 cols=3730
[clean-BPC  2974.39s] node 82 cg=2 phase=phase2 obj=233.051329 artificial=0.0 cols=3730
[clean-BPC  2977.38s] node 82 cg=2 phase=phase2 kind=heuristic best_rc=0.120256 found=0 added=0 exhausted=False cert=False
[clean-BPC  2984.11s] node 82 cg=2 phase=phase2 kind=heuristic_boost best_rc=0.120256 found=0 added=0 exhausted=True cert=True
[clean-BPC  2986.07s] branch node 82: left=RF(7,8)=separate right=RF(7,8)=same
[clean-BPC  2986.07s] node 88 d=12 lb=233.007621 open=47
[clean-BPC  2986.21s] node 88 cg=1 phase=phase1 obj=0.0 artificial=0.0 cols=3730
[clean-BPC  2986.37s] node 88 cg=2 phase=phase2 obj=233.225029 artificial=0.0 cols=3730
[clean-BPC  2989.28s] node 88 cg=2 phase=phase2 kind=heuristic best_rc=-0.153375 found=1 added=1 exhausted=False cert=False
[clean-BPC  2989.44s] node 88 cg=3 phase=phase2 obj=233.225029 artificial=0.0 cols=3731
[clean-BPC  2989.44s] cut_purged node=88 removed=2 by_kind={'schedule_nogood_core': 2} remaining=151
[clean-BPC  2989.58s] node 88 cg=4 phase=phase2 obj=233.225029 artificial=0.0 cols=3731
[clean-BPC  2992.47s] node 88 cg=4 phase=phase2 kind=heuristic best_rc=-0.0 found=0 added=0 exhausted=False cert=False
[clean-BPC  2998.77s] node 88 cg=4 phase=phase2 kind=heuristic_boost best_rc=-0.0 found=0 added=0 exhausted=True cert=True
[clean-BPC  3000.35s] branch node 88: left=RF(1,4)=separate right=RF(1,4)=same
[clean-BPC  3000.35s] node 92 d=13 lb=233.007621 open=48
[clean-BPC  3000.49s] node 92 cg=1 phase=phase1 obj=0.0 artificial=0.0 cols=3731
[clean-BPC  3000.66s] node 92 cg=2 phase=phase2 obj=233.007621 artificial=0.0 cols=3731
[clean-BPC  3000.66s] cut_purged node=92 removed=1 by_kind={'schedule_nogood_core': 1} remaining=150
[clean-BPC  3000.81s] node 92 cg=3 phase=phase2 obj=233.007621 artificial=0.0 cols=3731
[clean-BPC  3000.81s] cut_purged node=92 removed=1 by_kind={'schedule_nogood_core': 1} remaining=149
[clean-BPC  3000.95s] node 92 cg=4 phase=phase2 obj=233.007621 artificial=0.0 cols=3731
[clean-BPC  3003.69s] node 92 cg=4 phase=phase2 kind=heuristic best_rc=0.075351 found=0 added=0 exhausted=False cert=False
[clean-BPC  3009.65s] node 92 cg=4 phase=phase2 kind=heuristic_boost best_rc=0.075351 found=0 added=0 exhausted=True cert=True
[clean-BPC  3009.66s] route-pack-conflict diag node 92 source_vehicle=1 routes=5 U=4 complete=True cache_hit=False states=105 added=0
[clean-BPC  3010.06s] cut_added family=schedule_nogood_core node=92 added=2 source_vehicle=1 route_count=4 signatures=[[14, 10, 8, 6], [5, 9, 19, 11], [4, 15, 20, 2], [1, 3, 7]]
[clean-BPC  3010.06s] node 90 d=12 lb=233.007621 open=48
[clean-BPC  3010.21s] node 90 cg=1 phase=phase1 obj=0.0 artificial=0.0 cols=3731
[clean-BPC  3010.36s] node 90 cg=2 phase=phase2 obj=233.007621 artificial=0.0 cols=3731
[clean-BPC  3010.36s] cut_purged node=90 removed=3 by_kind={'schedule_nogood_core': 3} remaining=148
[clean-BPC  3010.52s] node 90 cg=3 phase=phase2 obj=233.007621 artificial=0.0 cols=3731
[clean-BPC  3010.52s] cut_purged node=90 removed=3 by_kind={'schedule_nogood_core': 3} remaining=145
[clean-BPC  3010.66s] node 90 cg=4 phase=phase2 obj=233.007621 artificial=0.0 cols=3731
[clean-BPC  3013.41s] node 90 cg=4 phase=phase2 kind=heuristic best_rc=0.075351 found=0 added=0 exhausted=False cert=False
[clean-BPC  3019.62s] node 90 cg=4 phase=phase2 kind=heuristic_boost best_rc=0.075351 found=0 added=0 exhausted=True cert=True
[clean-BPC  3019.64s] route-pack-conflict diag node 90 source_vehicle=1 routes=5 U=4 complete=True cache_hit=False states=114 added=0
[clean-BPC  3020.02s] cut_added family=schedule_nogood_core node=90 added=2 source_vehicle=1 route_count=4 signatures=[[8, 14, 10, 6], [5, 9, 19, 11], [2, 20, 15, 4], [1, 3, 7]]
[clean-BPC  3020.02s] node 92 d=13 lb=233.007621 open=48
[clean-BPC  3020.16s] node 92 cg=1 phase=phase1 obj=0.0 artificial=0.0 cols=3731
[clean-BPC  3020.31s] node 92 cg=2 phase=phase2 obj=233.007621 artificial=0.0 cols=3731
[clean-BPC  3022.82s] node 92 cg=2 phase=phase2 kind=heuristic best_rc=0.120256 found=0 added=0 exhausted=False cert=False
[clean-BPC  3028.20s] node 92 cg=2 phase=phase2 kind=heuristic_boost best_rc=0.120256 found=0 added=0 exhausted=True cert=True
[clean-BPC  3028.22s] route-pack-conflict diag node 92 source_vehicle=1 routes=5 U=4 complete=True cache_hit=False states=114 added=0
[clean-BPC  3028.60s] cut_added family=schedule_nogood_core node=92 added=2 source_vehicle=1 route_count=4 signatures=[[14, 10, 8, 6], [5, 9, 19, 11], [2, 20, 15, 4], [1, 3, 7]]
[clean-BPC  3028.60s] node 90 d=12 lb=233.007621 open=48
[clean-BPC  3028.75s] node 90 cg=1 phase=phase1 obj=0.0 artificial=0.0 cols=3731
[clean-BPC  3028.90s] node 90 cg=2 phase=phase2 obj=233.258491 artificial=0.0 cols=3731
[clean-BPC  3028.90s] cut_purged node=90 removed=2 by_kind={'schedule_nogood_core': 2} remaining=147
[clean-BPC  3029.07s] node 90 cg=3 phase=phase2 obj=233.258491 artificial=0.0 cols=3731
[clean-BPC  3031.66s] node 90 cg=3 phase=phase2 kind=heuristic best_rc=0.120256 found=0 added=0 exhausted=False cert=False
[clean-BPC  3037.46s] node 90 cg=3 phase=phase2 kind=heuristic_boost best_rc=0.120256 found=0 added=0 exhausted=True cert=True
[clean-BPC  3038.71s] branch node 90: left=arc(15,4)=off right=arc(15,4)=on
[clean-BPC  3038.71s] node 92 d=13 lb=233.007621 open=49
[clean-BPC  3038.85s] node 92 cg=1 phase=phase1 obj=0.0 artificial=0.0 cols=3731
[clean-BPC  3039.00s] node 92 cg=2 phase=phase2 obj=233.258491 artificial=0.0 cols=3731
[clean-BPC  3041.63s] node 92 cg=2 phase=phase2 kind=heuristic best_rc=0.0 found=0 added=0 exhausted=False cert=False
[clean-BPC  3047.32s] node 92 cg=2 phase=phase2 kind=heuristic_boost best_rc=0.0 found=0 added=0 exhausted=True cert=True
[clean-BPC  3048.59s] branch node 92: left=arc(15,4)=off right=arc(15,4)=on
[clean-BPC  3048.60s] node 91 d=13 lb=233.007621 open=50
[clean-BPC  3048.75s] node 91 cg=1 phase=phase1 obj=0.0 artificial=0.0 cols=3731
[clean-BPC  3048.90s] node 91 cg=2 phase=phase2 obj=233.007621 artificial=0.0 cols=3731
[clean-BPC  3048.90s] cut_purged node=91 removed=1 by_kind={'schedule_nogood_core': 1} remaining=146
[clean-BPC  3049.05s] node 91 cg=3 phase=phase2 obj=233.007621 artificial=0.0 cols=3731
[clean-BPC  3051.66s] node 91 cg=3 phase=phase2 kind=heuristic best_rc=0.273524 found=0 added=0 exhausted=False cert=False
[clean-BPC  3057.08s] node 91 cg=3 phase=phase2 kind=heuristic_boost best_rc=0.273524 found=0 added=0 exhausted=True cert=True
[clean-BPC  3057.09s] route-pack-conflict diag node 91 source_vehicle=1 routes=5 U=4 complete=True cache_hit=True states=120 added=0
[clean-BPC  3057.46s] cut_added family=schedule_nogood_core node=91 added=1 source_vehicle=1 route_count=4 signatures=[[6, 14, 10, 8], [5, 9, 19, 11], [2, 20, 15, 4], [1, 3, 7]]
[clean-BPC  3057.46s] node 87 d=12 lb=233.007621 open=50
[clean-BPC  3057.62s] node 87 cg=1 phase=phase1 obj=0.0 artificial=0.0 cols=3731
[clean-BPC  3057.76s] node 87 cg=2 phase=phase2 obj=233.007621 artificial=0.0 cols=3731
[clean-BPC  3060.61s] node 87 cg=2 phase=phase2 kind=heuristic best_rc=0.321063 found=0 added=0 exhausted=False cert=False
[clean-BPC  3066.59s] node 87 cg=2 phase=phase2 kind=heuristic_boost best_rc=0.321063 found=0 added=0 exhausted=True cert=True
[clean-BPC  3066.60s] route-pack-conflict diag node 87 source_vehicle=1 routes=5 U=4 complete=True cache_hit=True states=111 added=0
[clean-BPC  3066.97s] cut_added family=schedule_nogood_core node=87 added=1 source_vehicle=1 route_count=4 signatures=[[6, 10, 14, 8], [5, 9, 19, 11], [2, 20, 15, 4], [7, 3, 1]]
[clean-BPC  3066.97s] node 91 d=13 lb=233.007621 open=50
[clean-BPC  3067.13s] node 91 cg=1 phase=phase1 obj=0.0 artificial=0.0 cols=3731
[clean-BPC  3067.28s] node 91 cg=2 phase=phase2 obj=233.025592 artificial=0.0 cols=3731
[clean-BPC  3069.96s] node 91 cg=2 phase=phase2 kind=heuristic best_rc=0.273524 found=0 added=0 exhausted=False cert=False
[clean-BPC  3075.50s] node 91 cg=2 phase=phase2 kind=heuristic_boost best_rc=0.273524 found=0 added=0 exhausted=True cert=True
[clean-BPC  3076.44s] branch node 91: left=RF(6,14)=separate right=RF(6,14)=same
[clean-BPC  3076.44s] node 87 d=12 lb=233.007621 open=51
[clean-BPC  3076.59s] node 87 cg=1 phase=phase1 obj=0.0 artificial=0.0 cols=3731
[clean-BPC  3076.73s] node 87 cg=2 phase=phase2 obj=233.007621 artificial=0.0 cols=3731
[clean-BPC  3079.54s] node 87 cg=2 phase=phase2 kind=heuristic best_rc=0.321063 found=0 added=0 exhausted=False cert=False
[clean-BPC  3085.54s] node 87 cg=2 phase=phase2 kind=heuristic_boost best_rc=0.321063 found=0 added=0 exhausted=True cert=True
[clean-BPC  3085.56s] route-pack-conflict diag node 87 source_vehicle=1 routes=5 U=4 complete=True cache_hit=False states=105 added=0
[clean-BPC  3085.94s] cut_added family=schedule_nogood_core node=87 added=2 source_vehicle=1 route_count=4 signatures=[[10, 14, 8, 6], [5, 9, 19, 11], [2, 20, 15, 4], [7, 3, 1]]
[clean-BPC  3085.94s] node 78 d=11 lb=233.007621 open=51
[clean-BPC  3086.11s] node 78 cg=1 phase=phase1 obj=0.0 artificial=0.0 cols=3731
[clean-BPC  3086.26s] node 78 cg=2 phase=phase2 obj=233.007621 artificial=0.0 cols=3731
[clean-BPC  3088.72s] node 78 cg=2 phase=phase2 kind=heuristic best_rc=0.120256 found=0 added=0 exhausted=False cert=False
[clean-BPC  3094.12s] node 78 cg=2 phase=phase2 kind=heuristic_boost best_rc=0.120256 found=0 added=0 exhausted=True cert=True
[clean-BPC  3094.13s] route-pack-conflict diag node 78 source_vehicle=1 routes=5 U=4 complete=True cache_hit=True states=120 added=0
[clean-BPC  3094.50s] cut_added family=schedule_nogood_core node=78 added=1 source_vehicle=1 route_count=4 signatures=[[6, 8, 14, 10], [5, 9, 19, 11], [2, 20, 15, 4], [1, 3, 7]]
[clean-BPC  3094.50s] node 87 d=12 lb=233.007621 open=51
[clean-BPC  3094.66s] node 87 cg=1 phase=phase1 obj=0.0 artificial=0.0 cols=3731
[clean-BPC  3094.81s] node 87 cg=2 phase=phase2 obj=233.007621 artificial=0.0 cols=3731
[clean-BPC  3094.81s] cut_purged node=87 removed=1 by_kind={'schedule_nogood_core': 1} remaining=150
[clean-BPC  3094.96s] node 87 cg=3 phase=phase2 obj=233.007621 artificial=0.0 cols=3731
[clean-BPC  3094.96s] cut_purged node=87 removed=1 by_kind={'schedule_nogood_core': 1} remaining=149
[clean-BPC  3095.12s] node 87 cg=4 phase=phase2 obj=233.007621 artificial=0.0 cols=3731
[clean-BPC  3097.94s] node 87 cg=4 phase=phase2 kind=heuristic best_rc=0.321063 found=0 added=0 exhausted=False cert=False
[clean-BPC  3103.90s] node 87 cg=4 phase=phase2 kind=heuristic_boost best_rc=0.321063 found=0 added=0 exhausted=True cert=True
[clean-BPC  3105.11s] branch node 87: left=arc(15,20)=off right=arc(15,20)=on
[clean-BPC  3105.11s] node 78 d=11 lb=233.007621 open=52
[clean-BPC  3105.26s] node 78 cg=1 phase=phase1 obj=0.0 artificial=0.0 cols=3731
[clean-BPC  3105.41s] node 78 cg=2 phase=phase2 obj=233.007621 artificial=0.0 cols=3731
[clean-BPC  3108.16s] node 78 cg=2 phase=phase2 kind=heuristic best_rc=0.075351 found=0 added=0 exhausted=False cert=False
[clean-BPC  3114.10s] node 78 cg=2 phase=phase2 kind=heuristic_boost best_rc=0.075351 found=0 added=0 exhausted=True cert=True
[clean-BPC  3114.11s] route-pack-conflict diag node 78 source_vehicle=1 routes=5 U=4 complete=True cache_hit=True states=109 added=0
[clean-BPC  3114.49s] cut_added family=schedule_nogood_core node=78 added=1 source_vehicle=1 route_count=4 signatures=[[6, 8, 14, 10], [5, 9, 19, 11], [4, 15, 20, 2], [1, 3, 7]]
[clean-BPC  3114.49s] node 105 d=13 lb=233.007621 open=52
[clean-BPC  3114.62s] node 105 cg=1 phase=phase1 obj=0.0 artificial=0.0 cols=3731
[clean-BPC  3114.76s] node 105 cg=2 phase=phase2 obj=233.031583 artificial=0.0 cols=3731
[clean-BPC  3117.62s] node 105 cg=2 phase=phase2 kind=heuristic best_rc=0.545491 found=0 added=0 exhausted=False cert=False
[clean-BPC  3123.66s] node 105 cg=2 phase=phase2 kind=heuristic_boost best_rc=0.545491 found=0 added=0 exhausted=True cert=True
[clean-BPC  3124.52s] branch node 105: left=RF(6,14)=separate right=RF(6,14)=same
[clean-BPC  3124.52s] node 106 d=13 lb=233.007621 open=53
[clean-BPC  3124.66s] node 106 cg=1 phase=phase1 obj=0.0 artificial=0.0 cols=3731
[clean-BPC  3124.82s] node 106 cg=2 phase=phase2 obj=233.007621 artificial=0.0 cols=3731
[clean-BPC  3127.59s] node 106 cg=2 phase=phase2 kind=heuristic best_rc=0.321063 found=0 added=0 exhausted=False cert=False
[clean-BPC  3133.52s] node 106 cg=2 phase=phase2 kind=heuristic_boost best_rc=0.321063 found=0 added=0 exhausted=True cert=True
[clean-BPC  3133.54s] route-pack-conflict diag node 106 source_vehicle=1 routes=5 U=4 complete=True cache_hit=False states=103 added=0
[clean-BPC  3133.92s] cut_added family=schedule_nogood_core node=106 added=2 source_vehicle=1 route_count=4 signatures=[[6, 10, 14, 8], [5, 9, 19, 11], [4, 15, 20, 2], [7, 3, 1]]
[clean-BPC  3133.92s] node 78 d=11 lb=233.007621 open=53
[clean-BPC  3134.07s] node 78 cg=1 phase=phase1 obj=0.0 artificial=0.0 cols=3731
[clean-BPC  3134.24s] node 78 cg=2 phase=phase2 obj=233.258491 artificial=0.0 cols=3731
[clean-BPC  3134.24s] cut_purged node=78 removed=1 by_kind={'schedule_nogood_core': 1} remaining=151
[clean-BPC  3134.39s] node 78 cg=3 phase=phase2 obj=233.258491 artificial=0.0 cols=3731
[clean-BPC  3134.39s] cut_purged node=78 removed=3 by_kind={'schedule_nogood_core': 3} remaining=148
[clean-BPC  3134.54s] node 78 cg=4 phase=phase2 obj=233.258491 artificial=0.0 cols=3731
[clean-BPC  3137.20s] node 78 cg=4 phase=phase2 kind=heuristic best_rc=0.0 found=0 added=0 exhausted=False cert=False
[clean-BPC  3142.92s] node 78 cg=4 phase=phase2 kind=heuristic_boost best_rc=0.0 found=0 added=0 exhausted=True cert=True
[clean-BPC  3144.20s] branch node 78: left=arc(15,4)=off right=arc(15,4)=on
[clean-BPC  3144.20s] node 106 d=13 lb=233.007621 open=54
[clean-BPC  3144.36s] node 106 cg=1 phase=phase1 obj=0.0 artificial=0.0 cols=3731
[clean-BPC  3144.51s] node 106 cg=2 phase=phase2 obj=233.007621 artificial=0.0 cols=3731
[clean-BPC  3147.31s] node 106 cg=2 phase=phase2 kind=heuristic best_rc=0.321063 found=0 added=0 exhausted=False cert=False
[clean-BPC  3153.28s] node 106 cg=2 phase=phase2 kind=heuristic_boost best_rc=0.321063 found=0 added=0 exhausted=True cert=True
[clean-BPC  3153.29s] route-pack-conflict diag node 106 source_vehicle=1 routes=5 U=4 complete=True cache_hit=False states=99 added=0
[clean-BPC  3153.67s] cut_added family=schedule_nogood_core node=106 added=2 source_vehicle=1 route_count=4 signatures=[[10, 14, 8, 6], [5, 9, 19, 11], [4, 15, 20, 2], [7, 3, 1]]
[clean-BPC  3153.67s] node 75 d=11 lb=233.007621 open=54
[clean-BPC  3153.84s] node 75 cg=1 phase=phase1 obj=0.0 artificial=0.0 cols=3731
[clean-BPC  3153.98s] node 75 cg=2 phase=phase2 obj=233.007621 artificial=0.0 cols=3731
[clean-BPC  3156.78s] node 75 cg=2 phase=phase2 kind=heuristic best_rc=0.321063 found=0 added=0 exhausted=False cert=False
[clean-BPC  3162.68s] node 75 cg=2 phase=phase2 kind=heuristic_boost best_rc=0.321063 found=0 added=0 exhausted=True cert=True
[clean-BPC  3162.69s] route-pack-conflict diag node 75 source_vehicle=1 routes=5 U=4 complete=True cache_hit=True states=120 added=0
[clean-BPC  3163.07s] cut_added family=schedule_nogood_core node=75 added=1 source_vehicle=1 route_count=4 signatures=[[6, 10, 14, 8], [5, 9, 19, 11], [2, 20, 15, 4], [1, 3, 7]]
[clean-BPC  3163.07s] node 106 d=13 lb=233.007621 open=54
[clean-BPC  3163.23s] node 106 cg=1 phase=phase1 obj=0.0 artificial=0.0 cols=3731
[clean-BPC  3163.37s] node 106 cg=2 phase=phase2 obj=233.107121 artificial=0.0 cols=3731
[clean-BPC  3163.37s] cut_purged node=106 removed=1 by_kind={'schedule_nogood_core': 1} remaining=150
[clean-BPC  3163.52s] node 106 cg=3 phase=phase2 obj=233.107121 artificial=0.0 cols=3731
[clean-BPC  3166.42s] node 106 cg=3 phase=phase2 kind=heuristic best_rc=0.1478695 found=0 added=0 exhausted=False cert=False
[clean-BPC  3172.87s] node 106 cg=3 phase=phase2 kind=heuristic_boost best_rc=0.1478695 found=0 added=0 exhausted=True cert=True
[clean-BPC  3174.03s] branch node 106: left=RF(6,14)=separate right=RF(6,14)=same
[clean-BPC  3174.03s] node 75 d=11 lb=233.007621 open=55
[clean-BPC  3174.18s] node 75 cg=1 phase=phase1 obj=0.0 artificial=0.0 cols=3731
[clean-BPC  3174.34s] node 75 cg=2 phase=phase2 obj=233.007621 artificial=0.0 cols=3731
[clean-BPC  3177.14s] node 75 cg=2 phase=phase2 kind=heuristic best_rc=0.321063 found=0 added=0 exhausted=False cert=False
[clean-BPC  3183.06s] node 75 cg=2 phase=phase2 kind=heuristic_boost best_rc=0.321063 found=0 added=0 exhausted=True cert=True
[clean-BPC  3183.07s] route-pack-conflict diag node 75 source_vehicle=1 routes=5 U=4 complete=True cache_hit=True states=114 added=0
[clean-BPC  3183.44s] cut_added family=schedule_nogood_core node=75 added=1 source_vehicle=1 route_count=4 signatures=[[8, 10, 14, 6], [5, 9, 19, 11], [2, 20, 15, 4], [1, 3, 7]]
[clean-BPC  3183.44s] node 75 d=11 lb=233.007621 open=55
[clean-BPC  3183.59s] node 75 cg=1 phase=phase1 obj=0.0 artificial=0.0 cols=3731
[clean-BPC  3183.74s] node 75 cg=2 phase=phase2 obj=233.007621 artificial=0.0 cols=3731
[clean-BPC  3186.48s] node 75 cg=2 phase=phase2 kind=heuristic best_rc=0.321063 found=0 added=0 exhausted=False cert=False
[clean-BPC  3192.40s] node 75 cg=2 phase=phase2 kind=heuristic_boost best_rc=0.321063 found=0 added=0 exhausted=True cert=True
[clean-BPC  3193.63s] branch node 75: left=arc(15,20)=off right=arc(15,20)=on
[clean-BPC  3193.63s] node 113 d=12 lb=233.007621 open=56
[clean-BPC  3193.79s] node 113 cg=1 phase=phase1 obj=0.0 artificial=0.0 cols=3731
[clean-BPC  3193.92s] node 113 cg=2 phase=phase2 obj=233.007621 artificial=0.0 cols=3731
[clean-BPC  3196.66s] node 113 cg=2 phase=phase2 kind=heuristic best_rc=0.48801 found=0 added=0 exhausted=False cert=False
[clean-BPC  3202.57s] node 113 cg=2 phase=phase2 kind=heuristic_boost best_rc=0.48801 found=0 added=0 exhausted=True cert=True
[clean-BPC  3202.59s] route-pack-conflict diag node 113 source_vehicle=1 routes=5 U=4 complete=True cache_hit=False states=114 added=0
[clean-BPC  3202.96s] cut_added family=schedule_nogood_core node=113 added=2 source_vehicle=1 route_count=4 signatures=[[10, 14, 8, 6], [5, 9, 19, 11], [2, 20, 15, 4], [1, 3, 7]]
[clean-BPC  3202.96s] node 114 d=12 lb=233.007621 open=56
[clean-BPC  3203.11s] node 114 cg=1 phase=phase1 obj=0.0 artificial=0.0 cols=3731
[clean-BPC  3203.27s] node 114 cg=2 phase=phase2 obj=233.007621 artificial=0.0 cols=3731
[clean-BPC  3206.03s] node 114 cg=2 phase=phase2 kind=heuristic best_rc=0.321063 found=0 added=0 exhausted=False cert=False
[clean-BPC  3212.39s] node 114 cg=2 phase=phase2 kind=heuristic_boost best_rc=0.321063 found=0 added=0 exhausted=True cert=True
[clean-BPC  3212.41s] route-pack-conflict diag node 114 source_vehicle=1 routes=5 U=4 complete=True cache_hit=False states=109 added=0
[clean-BPC  3212.80s] cut_added family=schedule_nogood_core node=114 added=2 source_vehicle=1 route_count=4 signatures=[[6, 10, 14, 8], [5, 9, 19, 11], [4, 15, 20, 2], [1, 3, 7]]
[clean-BPC  3212.80s] node 113 d=12 lb=233.007621 open=56
[clean-BPC  3212.94s] node 113 cg=1 phase=phase1 obj=0.0 artificial=0.0 cols=3731
[clean-BPC  3213.07s] node 113 cg=2 phase=phase2 obj=233.025592 artificial=0.0 cols=3731
[clean-BPC  3215.93s] node 113 cg=2 phase=phase2 kind=heuristic best_rc=0.2543805 found=0 added=0 exhausted=False cert=False
[clean-BPC  3222.22s] node 113 cg=2 phase=phase2 kind=heuristic_boost best_rc=0.2543805 found=0 added=0 exhausted=True cert=True
[clean-BPC  3223.09s] branch node 113: left=RF(3,6)=separate right=RF(3,6)=same
[clean-BPC  3223.09s] node 114 d=12 lb=233.007621 open=57
[clean-BPC  3223.25s] node 114 cg=1 phase=phase1 obj=0.0 artificial=0.0 cols=3731
[clean-BPC  3223.40s] node 114 cg=2 phase=phase2 obj=233.007621 artificial=0.0 cols=3731
[clean-BPC  3223.40s] cut_purged node=114 removed=1 by_kind={'schedule_nogood_core': 1} remaining=154
[clean-BPC  3223.55s] node 114 cg=3 phase=phase2 obj=233.007621 artificial=0.0 cols=3731
[clean-BPC  3226.34s] node 114 cg=3 phase=phase2 kind=heuristic best_rc=0.321063 found=0 added=0 exhausted=False cert=False
[clean-BPC  3232.65s] node 114 cg=3 phase=phase2 kind=heuristic_boost best_rc=0.321063 found=0 added=0 exhausted=True cert=True
[clean-BPC  3232.66s] route-pack-conflict diag node 114 source_vehicle=1 routes=5 U=4 complete=True cache_hit=False states=105 added=0
[clean-BPC  3233.03s] cut_added family=schedule_nogood_core node=114 added=2 source_vehicle=1 route_count=4 signatures=[[8, 10, 14, 6], [5, 9, 19, 11], [4, 15, 20, 2], [1, 3, 7]]
[clean-BPC  3233.03s] node 114 d=12 lb=233.007621 open=57
[clean-BPC  3233.18s] node 114 cg=1 phase=phase1 obj=0.0 artificial=0.0 cols=3731
[clean-BPC  3233.35s] node 114 cg=2 phase=phase2 obj=233.007621 artificial=0.0 cols=3731
[clean-BPC  3236.15s] node 114 cg=2 phase=phase2 kind=heuristic best_rc=0.321063 found=0 added=0 exhausted=False cert=False
[clean-BPC  3242.48s] node 114 cg=2 phase=phase2 kind=heuristic_boost best_rc=0.321063 found=0 added=0 exhausted=True cert=True
[clean-BPC  3242.50s] route-pack-conflict diag node 114 source_vehicle=1 routes=5 U=4 complete=True cache_hit=False states=105 added=0
[clean-BPC  3242.87s] cut_added family=schedule_nogood_core node=114 added=2 source_vehicle=1 route_count=4 signatures=[[10, 14, 8, 6], [5, 9, 19, 11], [4, 15, 20, 2], [1, 3, 7]]
[clean-BPC  3242.87s] node 114 d=12 lb=233.007621 open=57
[clean-BPC  3243.03s] node 114 cg=1 phase=phase1 obj=0.0 artificial=0.0 cols=3731
[clean-BPC  3243.19s] node 114 cg=2 phase=phase2 obj=233.090917 artificial=0.0 cols=3731
[clean-BPC  3246.07s] node 114 cg=2 phase=phase2 kind=heuristic best_rc=0.321063 found=0 added=0 exhausted=False cert=False
[clean-BPC  3252.58s] node 114 cg=2 phase=phase2 kind=heuristic_boost best_rc=0.321063 found=0 added=0 exhausted=True cert=True
[clean-BPC  3253.92s] branch node 114: left=arc(4,1)=off right=arc(4,1)=on
[clean-BPC  3253.92s] node 93 d=12 lb=233.021998 open=58
[clean-BPC  3254.06s] node 93 cg=1 phase=phase1 obj=0.0 artificial=0.0 cols=3731
[clean-BPC  3254.19s] node 93 cg=2 phase=phase2 obj=233.079507 artificial=0.0 cols=3731
[clean-BPC  3257.02s] node 93 cg=2 phase=phase2 kind=heuristic best_rc=-0.292252 found=2 added=2 exhausted=False cert=False
[clean-BPC  3257.15s] node 93 cg=3 phase=phase2 obj=233.079507 artificial=0.0 cols=3733
[clean-BPC  3257.16s] cut_purged node=93 removed=2 by_kind={'schedule_nogood_core': 2} remaining=156
[clean-BPC  3257.29s] node 93 cg=4 phase=phase2 obj=233.079507 artificial=0.0 cols=3733
[clean-BPC  3257.29s] cut_purged node=93 removed=1 by_kind={'schedule_nogood_core': 1} remaining=155
[clean-BPC  3257.45s] node 93 cg=5 phase=phase2 obj=233.079507 artificial=0.0 cols=3733
[clean-BPC  3257.45s] cut_purged node=93 removed=1 by_kind={'schedule_nogood_core': 1} remaining=154
[clean-BPC  3257.59s] node 93 cg=6 phase=phase2 obj=233.079507 artificial=0.0 cols=3733
[clean-BPC  3260.40s] node 93 cg=6 phase=phase2 kind=heuristic best_rc=0.075351 found=0 added=0 exhausted=False cert=False
[clean-BPC  3266.24s] node 93 cg=6 phase=phase2 kind=heuristic_boost best_rc=0.075351 found=0 added=0 exhausted=True cert=True
[clean-BPC  3266.25s] route-pack-conflict diag node 93 source_vehicle=1 routes=5 U=4 complete=True cache_hit=False states=111 added=0
[clean-BPC  3266.62s] cut_added family=schedule_nogood_core node=93 added=2 source_vehicle=1 route_count=4 signatures=[[8, 14, 10], [5, 9, 19, 11], [2, 20, 15, 4], [6, 7, 3, 1]]
[clean-BPC  3266.62s] node 94 d=12 lb=233.021998 open=58
[clean-BPC  3266.70s] node 94 cg=1 phase=phase1 obj=0.0 artificial=0.0 cols=3733
[clean-BPC  3266.77s] node 94 cg=2 phase=phase2 obj=233.007621 artificial=0.0 cols=3733
[clean-BPC  3266.77s] cut_purged node=94 removed=1 by_kind={'schedule_nogood_core': 1} remaining=155
[clean-BPC  3266.85s] node 94 cg=3 phase=phase2 obj=233.007621 artificial=0.0 cols=3733
[clean-BPC  3266.85s] cut_purged node=94 removed=3 by_kind={'schedule_nogood_core': 3} remaining=152
[clean-BPC  3266.92s] node 94 cg=4 phase=phase2 obj=233.007621 artificial=0.0 cols=3733
[clean-BPC  3266.92s] cut_purged node=94 removed=3 by_kind={'schedule_nogood_core': 3} remaining=149
[clean-BPC  3266.99s] node 94 cg=5 phase=phase2 obj=233.007621 artificial=0.0 cols=3733
[clean-BPC  3269.26s] node 94 cg=5 phase=phase2 kind=heuristic best_rc=-0.712736 found=13 added=13 exhausted=False cert=False
[clean-BPC  3269.34s] node 94 cg=6 phase=phase2 obj=233.007621 artificial=0.0 cols=3746
[clean-BPC  3271.66s] node 94 cg=6 phase=phase2 kind=heuristic best_rc=0.321063 found=0 added=0 exhausted=False cert=False
[clean-BPC  3276.77s] node 94 cg=6 phase=phase2 kind=heuristic_boost best_rc=0.321063 found=0 added=0 exhausted=True cert=True
[clean-BPC  3276.77s] route-pack-conflict diag node 94 source_vehicle=1 routes=5 U=4 complete=True cache_hit=True states=111 added=0
[clean-BPC  3277.15s] cut_added family=schedule_nogood_core node=94 added=1 source_vehicle=1 route_count=4 signatures=[[6, 8, 14, 10], [5, 9, 19, 11], [2, 20, 15, 4], [7, 3, 1]]
[clean-BPC  3277.15s] node 94 d=12 lb=233.007621 open=58
[clean-BPC  3277.23s] node 94 cg=1 phase=phase1 obj=0.0 artificial=0.0 cols=3746
[clean-BPC  3277.31s] node 94 cg=2 phase=phase2 obj=233.007621 artificial=0.0 cols=3746
[clean-BPC  3279.64s] node 94 cg=2 phase=phase2 kind=heuristic best_rc=0.321063 found=0 added=0 exhausted=False cert=False
[clean-BPC  3284.78s] node 94 cg=2 phase=phase2 kind=heuristic_boost best_rc=0.321063 found=0 added=0 exhausted=True cert=True
[clean-BPC  3284.79s] route-pack-conflict diag node 94 source_vehicle=1 routes=5 U=4 complete=True cache_hit=True states=111 added=0
[clean-BPC  3285.16s] cut_added family=schedule_nogood_core node=94 added=1 source_vehicle=1 route_count=4 signatures=[[6, 14, 10, 8], [5, 9, 19, 11], [2, 20, 15, 4], [7, 3, 1]]
[clean-BPC  3285.16s] node 94 d=12 lb=233.007621 open=58
[clean-BPC  3285.25s] node 94 cg=1 phase=phase1 obj=0.0 artificial=0.0 cols=3746
[clean-BPC  3285.33s] node 94 cg=2 phase=phase2 obj=233.007621 artificial=0.0 cols=3746
[clean-BPC  3287.69s] node 94 cg=2 phase=phase2 kind=heuristic best_rc=0.321063 found=0 added=0 exhausted=False cert=False
[clean-BPC  3292.84s] node 94 cg=2 phase=phase2 kind=heuristic_boost best_rc=0.321063 found=0 added=0 exhausted=True cert=True
[clean-BPC  3292.85s] route-pack-conflict diag node 94 source_vehicle=1 routes=5 U=4 complete=True cache_hit=True states=105 added=0
[clean-BPC  3293.22s] cut_added family=schedule_nogood_core node=94 added=1 source_vehicle=1 route_count=4 signatures=[[8, 14, 10, 6], [5, 9, 19, 11], [2, 20, 15, 4], [7, 3, 1]]
[clean-BPC  3293.22s] node 94 d=12 lb=233.007621 open=58
[clean-BPC  3293.30s] node 94 cg=1 phase=phase1 obj=0.0 artificial=0.0 cols=3746
[clean-BPC  3293.39s] node 94 cg=2 phase=phase2 obj=233.007621 artificial=0.0 cols=3746
[clean-BPC  3293.39s] cut_purged node=94 removed=1 by_kind={'schedule_nogood_core': 1} remaining=151
[clean-BPC  3293.46s] node 94 cg=3 phase=phase2 obj=233.007621 artificial=0.0 cols=3746
[clean-BPC  3295.81s] node 94 cg=3 phase=phase2 kind=heuristic best_rc=0.321063 found=0 added=0 exhausted=False cert=False
[clean-BPC  3300.94s] node 94 cg=3 phase=phase2 kind=heuristic_boost best_rc=0.321063 found=0 added=0 exhausted=True cert=True
[clean-BPC  3300.95s] route-pack-conflict diag node 94 source_vehicle=1 routes=5 U=4 complete=True cache_hit=True states=105 added=0
[clean-BPC  3301.33s] cut_added family=schedule_nogood_core node=94 added=1 source_vehicle=1 route_count=4 signatures=[[14, 10, 8, 6], [5, 9, 19, 11], [2, 20, 15, 4], [7, 3, 1]]
[clean-BPC  3301.33s] node 94 d=12 lb=233.007621 open=58
[clean-BPC  3301.40s] node 94 cg=1 phase=phase1 obj=0.0 artificial=0.0 cols=3746
[clean-BPC  3301.50s] node 94 cg=2 phase=phase2 obj=233.089149 artificial=0.0 cols=3746
[clean-BPC  3304.01s] node 94 cg=2 phase=phase2 kind=heuristic best_rc=0.321063 found=0 added=0 exhausted=False cert=False
[clean-BPC  3310.24s] node 94 cg=2 phase=phase2 kind=heuristic_boost best_rc=0.120256 found=0 added=0 exhausted=True cert=True
[clean-BPC  3310.81s] branch node 94: left=RF(2,4)=separate right=RF(2,4)=same
[clean-BPC  3310.81s] node 103 d=14 lb=233.025592 open=59
[clean-BPC  3310.95s] node 103 cg=1 phase=phase1 obj=0.0 artificial=0.0 cols=3746
[clean-BPC  3311.11s] node 103 cg=2 phase=phase2 obj=233.079507 artificial=0.0 cols=3746
[clean-BPC  3313.63s] node 103 cg=2 phase=phase2 kind=heuristic best_rc=0.2896655 found=0 added=0 exhausted=False cert=False
[clean-BPC  3318.75s] node 103 cg=2 phase=phase2 kind=heuristic_boost best_rc=0.2896655 found=0 added=0 exhausted=True cert=True
[clean-BPC  3318.76s] route-pack-conflict diag node 103 source_vehicle=1 routes=5 U=4 complete=True cache_hit=False states=120 added=0
[clean-BPC  3319.11s] cut_added family=schedule_nogood_core node=103 added=2 source_vehicle=1 route_count=4 signatures=[[8, 14, 10], [5, 9, 19, 11], [2, 20, 15, 4], [1, 3, 7, 6]]
[clean-BPC  3319.11s] node 115 d=13 lb=233.025592 open=59
[clean-BPC  3319.25s] node 115 cg=1 phase=phase1 obj=0.0 artificial=0.0 cols=3746
[clean-BPC  3319.37s] node 115 cg=2 phase=phase2 obj=233.007621 artificial=0.0 cols=3746
[clean-BPC  3321.74s] node 115 cg=2 phase=phase2 kind=heuristic best_rc=0.120256 found=0 added=0 exhausted=False cert=False
[clean-BPC  3325.73s] node 115 cg=2 phase=phase2 kind=heuristic_boost best_rc=0.120256 found=0 added=0 exhausted=True cert=True
[clean-BPC  3325.74s] route-pack-conflict diag node 115 source_vehicle=1 routes=5 U=4 complete=True cache_hit=True states=120 added=0
[clean-BPC  3326.12s] cut_added family=schedule_nogood_core node=115 added=1 source_vehicle=1 route_count=4 signatures=[[6, 10, 14, 8], [5, 9, 19, 11], [2, 20, 15, 4], [1, 3, 7]]
[clean-BPC  3326.12s] node 115 d=13 lb=233.007621 open=59
[clean-BPC  3326.24s] node 115 cg=1 phase=phase1 obj=0.0 artificial=0.0 cols=3746
[clean-BPC  3326.38s] node 115 cg=2 phase=phase2 obj=233.007621 artificial=0.0 cols=3746
[clean-BPC  3328.71s] node 115 cg=2 phase=phase2 kind=heuristic best_rc=0.120256 found=0 added=0 exhausted=False cert=False
[clean-BPC  3332.74s] node 115 cg=2 phase=phase2 kind=heuristic_boost best_rc=0.120256 found=0 added=0 exhausted=True cert=True
[clean-BPC  3332.75s] route-pack-conflict diag node 115 source_vehicle=1 routes=5 U=4 complete=True cache_hit=True states=114 added=0
[clean-BPC  3333.13s] cut_added family=schedule_nogood_core node=115 added=1 source_vehicle=1 route_count=4 signatures=[[8, 10, 14, 6], [5, 9, 19, 11], [2, 20, 15, 4], [1, 3, 7]]
[clean-BPC  3333.13s] node 115 d=13 lb=233.007621 open=59
[clean-BPC  3333.25s] node 115 cg=1 phase=phase1 obj=0.0 artificial=0.0 cols=3746
[clean-BPC  3333.39s] node 115 cg=2 phase=phase2 obj=233.007621 artificial=0.0 cols=3746
[clean-BPC  3335.70s] node 115 cg=2 phase=phase2 kind=heuristic best_rc=0.120256 found=0 added=0 exhausted=False cert=False
[clean-BPC  3339.88s] node 115 cg=2 phase=phase2 kind=heuristic_boost best_rc=0.120256 found=0 added=0 exhausted=True cert=True
[clean-BPC  3339.89s] route-pack-conflict diag node 115 source_vehicle=1 routes=5 U=4 complete=True cache_hit=True states=114 added=0
[clean-BPC  3340.28s] cut_added family=schedule_nogood_core node=115 added=1 source_vehicle=1 route_count=4 signatures=[[10, 14, 8, 6], [5, 9, 19, 11], [2, 20, 15, 4], [1, 3, 7]]
[clean-BPC  3340.28s] node 115 d=13 lb=233.007621 open=59
[clean-BPC  3340.40s] node 115 cg=1 phase=phase1 obj=0.0 artificial=0.0 cols=3746
[clean-BPC  3340.52s] node 115 cg=2 phase=phase2 obj=233.136368 artificial=0.0 cols=3746
[clean-BPC  3342.96s] node 115 cg=2 phase=phase2 kind=heuristic best_rc=0.120256 found=0 added=0 exhausted=False cert=False
[clean-BPC  3347.25s] node 115 cg=2 phase=phase2 kind=heuristic_boost best_rc=0.120256 found=0 added=0 exhausted=True cert=True
[clean-BPC  3348.25s] branch node 115: left=arc(4,1)=off right=arc(4,1)=on
[clean-BPC  3348.25s] node 116 d=13 lb=233.025592 open=60
[clean-BPC  3348.33s] node 116 cg=1 phase=phase1 obj=0.0 artificial=0.0 cols=3746
[clean-BPC  3348.42s] node 116 cg=2 phase=phase2 obj=233.079507 artificial=0.0 cols=3746
[clean-BPC  3351.08s] node 116 cg=2 phase=phase2 kind=heuristic best_rc=-1.500569 found=19 added=19 exhausted=False cert=False
[clean-BPC  3351.17s] node 116 cg=3 phase=phase2 obj=233.079507 artificial=0.0 cols=3765
[clean-BPC  3353.61s] node 116 cg=3 phase=phase2 kind=heuristic best_rc=0.771781 found=0 added=0 exhausted=False cert=False
[clean-BPC  3358.85s] node 116 cg=3 phase=phase2 kind=heuristic_boost best_rc=0.771781 found=0 added=0 exhausted=True cert=True
[clean-BPC  3358.86s] route-pack-conflict diag node 116 source_vehicle=1 routes=5 U=4 complete=True cache_hit=True states=120 added=0
[clean-BPC  3359.22s] cut_added family=schedule_nogood_core node=116 added=2 source_vehicle=1 route_count=4 signatures=[[8, 10, 14], [5, 9, 19, 11], [2, 20, 15, 4], [1, 3, 7, 6]]
[clean-BPC  3359.22s] node 104 d=14 lb=233.025592 open=60
[clean-BPC  3359.31s] node 104 cg=1 phase=phase1 obj=0.0 artificial=0.0 cols=3765
[clean-BPC  3359.40s] node 104 cg=2 phase=phase2 obj=233.007621 artificial=0.0 cols=3765
[clean-BPC  3359.40s] cut_purged node=104 removed=3 by_kind={'schedule_nogood_core': 3} remaining=156
[clean-BPC  3359.49s] node 104 cg=3 phase=phase2 obj=233.007621 artificial=0.0 cols=3765
[clean-BPC  3361.83s] node 104 cg=3 phase=phase2 kind=heuristic best_rc=-0.0 found=0 added=0 exhausted=False cert=False
[clean-BPC  3366.99s] node 104 cg=3 phase=phase2 kind=heuristic_boost best_rc=-0.0 found=0 added=0 exhausted=True cert=True
[clean-BPC  3367.00s] route-pack-conflict diag node 104 source_vehicle=1 routes=5 U=4 complete=True cache_hit=True states=120 added=0
[clean-BPC  3367.38s] cut_added family=schedule_nogood_core node=104 added=1 source_vehicle=1 route_count=4 signatures=[[6, 14, 10, 8], [5, 9, 19, 11], [2, 20, 15, 4], [1, 3, 7]]
[clean-BPC  3367.38s] node 104 d=14 lb=233.007621 open=60
[clean-BPC  3367.47s] node 104 cg=1 phase=phase1 obj=0.0 artificial=0.0 cols=3765
[clean-BPC  3367.56s] node 104 cg=2 phase=phase2 obj=233.007621 artificial=0.0 cols=3765
[clean-BPC  3369.93s] node 104 cg=2 phase=phase2 kind=heuristic best_rc=0.0 found=0 added=0 exhausted=False cert=False
[clean-BPC  3375.08s] node 104 cg=2 phase=phase2 kind=heuristic_boost best_rc=0.0 found=0 added=0 exhausted=True cert=True
[clean-BPC  3375.09s] route-pack-conflict diag node 104 source_vehicle=1 routes=5 U=4 complete=True cache_hit=True states=109 added=0
[clean-BPC  3375.48s] cut_added family=schedule_nogood_core node=104 added=1 source_vehicle=1 route_count=4 signatures=[[6, 14, 10, 8], [5, 9, 19, 11], [4, 15, 20, 2], [1, 3, 7]]
[clean-BPC  3375.48s] node 104 d=14 lb=233.007621 open=60
[clean-BPC  3375.57s] node 104 cg=1 phase=phase1 obj=0.0 artificial=0.0 cols=3765
[clean-BPC  3375.66s] node 104 cg=2 phase=phase2 obj=233.258491 artificial=0.0 cols=3765
[clean-BPC  3378.24s] node 104 cg=2 phase=phase2 kind=heuristic best_rc=0.120256 found=0 added=0 exhausted=False cert=False
[clean-BPC  3384.39s] node 104 cg=2 phase=phase2 kind=heuristic_boost best_rc=0.0 found=0 added=0 exhausted=True cert=True
[clean-BPC  3385.16s] branch node 104: left=arc(15,4)=off right=arc(15,4)=on
[clean-BPC  3385.16s] node 108 d=14 lb=233.031583 open=61
[clean-BPC  3385.23s] node 108 cg=1 phase=phase1 obj=0.0 artificial=0.0 cols=3765
[clean-BPC  3385.31s] node 108 cg=2 phase=phase2 obj=233.007621 artificial=0.0 cols=3765
[clean-BPC  3387.65s] node 108 cg=2 phase=phase2 kind=heuristic best_rc=0.0 found=0 added=0 exhausted=False cert=False
[clean-BPC  3392.70s] node 108 cg=2 phase=phase2 kind=heuristic_boost best_rc=0.0 found=0 added=0 exhausted=True cert=True
[clean-BPC  3392.71s] route-pack-conflict diag node 108 source_vehicle=1 routes=5 U=4 complete=True cache_hit=True states=111 added=0
[clean-BPC  3393.08s] cut_added family=schedule_nogood_core node=108 added=1 source_vehicle=1 route_count=4 signatures=[[6, 10, 14, 8], [5, 9, 19, 11], [2, 20, 15, 4], [7, 3, 1]]
[clean-BPC  3393.08s] node 108 d=14 lb=233.007621 open=61
[clean-BPC  3393.16s] node 108 cg=1 phase=phase1 obj=0.0 artificial=0.0 cols=3765
[clean-BPC  3393.25s] node 108 cg=2 phase=phase2 obj=233.007621 artificial=0.0 cols=3765
[clean-BPC  3395.60s] node 108 cg=2 phase=phase2 kind=heuristic best_rc=0.0 found=0 added=0 exhausted=False cert=False
[clean-BPC  3400.60s] node 108 cg=2 phase=phase2 kind=heuristic_boost best_rc=0.0 found=0 added=0 exhausted=True cert=True
[clean-BPC  3400.61s] route-pack-conflict diag node 108 source_vehicle=1 routes=5 U=4 complete=True cache_hit=True states=105 added=0
[clean-BPC  3400.99s] cut_added family=schedule_nogood_core node=108 added=1 source_vehicle=1 route_count=4 signatures=[[10, 14, 8, 6], [5, 9, 19, 11], [2, 20, 15, 4], [7, 3, 1]]
[clean-BPC  3400.99s] node 108 d=14 lb=233.007621 open=61
[clean-BPC  3401.07s] node 108 cg=1 phase=phase1 obj=0.0 artificial=0.0 cols=3765
[clean-BPC  3401.15s] node 108 cg=2 phase=phase2 obj=233.170677 artificial=0.0 cols=3765
[clean-BPC  3403.57s] node 108 cg=2 phase=phase2 kind=heuristic best_rc=0.120256 found=0 added=0 exhausted=False cert=False
[clean-BPC  3408.70s] node 108 cg=2 phase=phase2 kind=heuristic_boost best_rc=0.120256 found=0 added=0 exhausted=True cert=True
[clean-BPC  3409.28s] branch node 108: left=RF(1,4)=separate right=RF(1,4)=same
[clean-BPC  3409.28s] node 107 d=14 lb=233.031583 open=62
[clean-BPC  3409.44s] node 107 cg=1 phase=phase1 obj=0.0 artificial=0.0 cols=3765
[clean-BPC  3409.57s] node 107 cg=2 phase=phase2 obj=233.079507 artificial=0.0 cols=3765
[clean-BPC  3409.57s] cut_purged node=107 removed=1 by_kind={'schedule_nogood_core': 1} remaining=159
[clean-BPC  3409.71s] node 107 cg=3 phase=phase2 obj=233.079507 artificial=0.0 cols=3765
[clean-BPC  3412.15s] node 107 cg=3 phase=phase2 kind=heuristic best_rc=0.336127 found=0 added=0 exhausted=False cert=False
[clean-BPC  3417.10s] node 107 cg=3 phase=phase2 kind=heuristic_boost best_rc=0.336127 found=0 added=0 exhausted=True cert=True
[clean-BPC  3417.11s] route-pack-conflict diag node 107 source_vehicle=1 routes=5 U=4 complete=True cache_hit=True states=111 added=0
[clean-BPC  3417.47s] cut_added family=schedule_nogood_core node=107 added=2 source_vehicle=1 route_count=4 signatures=[[8, 10, 14], [5, 9, 19, 11], [2, 20, 15, 4], [6, 7, 3, 1]]
[clean-BPC  3417.47s] node 72 d=10 lb=233.043564 open=62
[clean-BPC  3417.56s] node 72 cg=1 phase=phase1 obj=0.0 artificial=0.0 cols=3765
[clean-BPC  3417.64s] node 72 cg=2 phase=phase2 obj=233.007621 artificial=0.0 cols=3765
[clean-BPC  3417.64s] cut_purged node=72 removed=1 by_kind={'schedule_nogood_core': 1} remaining=160
[clean-BPC  3417.73s] node 72 cg=3 phase=phase2 obj=233.007621 artificial=0.0 cols=3765
[clean-BPC  3420.04s] node 72 cg=3 phase=phase2 kind=heuristic best_rc=0.0 found=0 added=0 exhausted=False cert=False
[clean-BPC  3425.10s] node 72 cg=3 phase=phase2 kind=heuristic_boost best_rc=-0.80442 found=6 added=6 exhausted=True cert=True
[clean-BPC  3425.19s] node 72 cg=4 phase=phase2 obj=233.007621 artificial=0.0 cols=3771
[clean-BPC  3425.19s] cut_purged node=72 removed=2 by_kind={'schedule_nogood_core': 2} remaining=158
[clean-BPC  3425.28s] node 72 cg=5 phase=phase2 obj=233.007621 artificial=0.0 cols=3771
[clean-BPC  3425.28s] cut_purged node=72 removed=1 by_kind={'schedule_nogood_core': 1} remaining=157
[clean-BPC  3425.37s] node 72 cg=6 phase=phase2 obj=233.007621 artificial=0.0 cols=3771
[clean-BPC  3425.37s] cut_purged node=72 removed=2 by_kind={'schedule_nogood_core': 2} remaining=155
[clean-BPC  3425.46s] node 72 cg=7 phase=phase2 obj=233.007621 artificial=0.0 cols=3771
[clean-BPC  3425.46s] cut_purged node=72 removed=2 by_kind={'schedule_nogood_core': 2} remaining=153
[clean-BPC  3425.56s] node 72 cg=8 phase=phase2 obj=233.007621 artificial=0.0 cols=3771
[clean-BPC  3427.85s] node 72 cg=8 phase=phase2 kind=heuristic best_rc=-0.0 found=0 added=0 exhausted=False cert=False
[clean-BPC  3432.88s] node 72 cg=8 phase=phase2 kind=heuristic_boost best_rc=-0.0 found=0 added=0 exhausted=True cert=True
[clean-BPC  3432.89s] route-pack-conflict diag node 72 source_vehicle=1 routes=5 U=4 complete=True cache_hit=True states=102 added=0
[clean-BPC  3433.17s] cut_added family=schedule_nogood_core node=72 added=1 source_vehicle=1 route_count=3 signatures=[[11, 19, 9, 5], [2, 20, 15, 4], [7, 3, 1]]
[clean-BPC  3433.17s] node 72 d=10 lb=233.007621 open=62
[clean-BPC  3433.26s] node 72 cg=1 phase=phase1 obj=0.0 artificial=0.0 cols=3771
[clean-BPC  3433.36s] node 72 cg=2 phase=phase2 obj=233.007621 artificial=0.0 cols=3771
[clean-BPC  3433.36s] cut_purged node=72 removed=2 by_kind={'schedule_nogood_core': 2} remaining=152
[clean-BPC  3433.45s] node 72 cg=3 phase=phase2 obj=233.007621 artificial=0.0 cols=3771
[clean-BPC  3435.79s] node 72 cg=3 phase=phase2 kind=heuristic best_rc=0.0 found=0 added=0 exhausted=False cert=False
[clean-BPC  3440.88s] node 72 cg=3 phase=phase2 kind=heuristic_boost best_rc=0.0 found=0 added=0 exhausted=True cert=True
[clean-BPC  3440.89s] route-pack-conflict diag node 72 source_vehicle=1 routes=5 U=4 complete=True cache_hit=True states=94 added=0
[clean-BPC  3441.17s] cut_added family=schedule_nogood_core node=72 added=1 source_vehicle=1 route_count=3 signatures=[[11, 19, 9, 5], [4, 15, 20, 2], [7, 3, 1]]
[clean-BPC  3441.17s] node 72 d=10 lb=233.007621 open=62
[clean-BPC  3441.27s] node 72 cg=1 phase=phase1 obj=0.0 artificial=0.0 cols=3771
[clean-BPC  3441.36s] node 72 cg=2 phase=phase2 obj=233.225029 artificial=0.0 cols=3771
[clean-BPC  3443.71s] node 72 cg=2 phase=phase2 kind=heuristic best_rc=0.0 found=0 added=0 exhausted=False cert=False
[clean-BPC  3448.96s] node 72 cg=2 phase=phase2 kind=heuristic_boost best_rc=0.0 found=0 added=0 exhausted=True cert=True
[clean-BPC  3449.59s] branch node 72: left=RF(1,4)=separate right=RF(1,4)=same
[clean-BPC  3449.59s] node 67 d=10 lb=233.043564 open=63
[clean-BPC  3449.76s] node 67 cg=1 phase=phase1 obj=0.0 artificial=0.0 cols=3771
[clean-BPC  3449.92s] node 67 cg=2 phase=phase2 obj=233.007621 artificial=0.0 cols=3771
[clean-BPC  3452.60s] node 67 cg=2 phase=phase2 kind=heuristic best_rc=0.440794 found=0 added=0 exhausted=False cert=False
[clean-BPC  3460.78s] node 67 cg=2 phase=phase2 kind=heuristic_boost best_rc=0.440794 found=0 added=0 exhausted=True cert=True
[clean-BPC  3460.79s] route-pack-conflict diag node 67 source_vehicle=1 routes=5 U=4 complete=True cache_hit=True states=111 added=0
[clean-BPC  3461.07s] cut_added family=schedule_nogood_core node=67 added=1 source_vehicle=1 route_count=3 signatures=[[11, 19, 9, 5], [2, 20, 15, 4], [1, 3, 7]]
[clean-BPC  3461.07s] node 67 d=10 lb=233.007621 open=63
[clean-BPC  3461.22s] node 67 cg=1 phase=phase1 obj=0.0 artificial=0.0 cols=3771
[clean-BPC  3461.39s] node 67 cg=2 phase=phase2 obj=233.007621 artificial=0.0 cols=3771
[clean-BPC  3464.11s] node 67 cg=2 phase=phase2 kind=heuristic best_rc=0.440794 found=0 added=0 exhausted=False cert=False
[clean-BPC  3472.31s] node 67 cg=2 phase=phase2 kind=heuristic_boost best_rc=0.440794 found=0 added=0 exhausted=True cert=True
[clean-BPC  3472.32s] route-pack-conflict diag node 67 source_vehicle=1 routes=5 U=4 complete=True cache_hit=True states=100 added=0
[clean-BPC  3472.60s] cut_added family=schedule_nogood_core node=67 added=1 source_vehicle=1 route_count=3 signatures=[[11, 19, 9, 5], [4, 15, 20, 2], [1, 3, 7]]
[clean-BPC  3472.60s] node 67 d=10 lb=233.007621 open=63
[clean-BPC  3472.77s] node 67 cg=1 phase=phase1 obj=0.0 artificial=0.0 cols=3771
[clean-BPC  3472.93s] node 67 cg=2 phase=phase2 obj=233.258491 artificial=0.0 cols=3771
[clean-BPC  3475.87s] node 67 cg=2 phase=phase2 kind=heuristic best_rc=0.072761 found=0 added=0 exhausted=False cert=False
[clean-BPC  3482.52s] node 67 cg=2 phase=phase2 kind=heuristic_boost best_rc=-0.0 found=0 added=0 exhausted=True cert=True
[clean-BPC  3484.48s] branch node 67: left=arc(15,4)=off right=arc(15,4)=on
[clean-BPC  3484.48s] node 68 d=10 lb=233.043564 open=64
[clean-BPC  3484.64s] node 68 cg=1 phase=phase1 obj=0.0 artificial=0.0 cols=3771
[clean-BPC  3484.81s] node 68 cg=2 phase=phase2 obj=233.079507 artificial=0.0 cols=3771
[clean-BPC  3487.44s] node 68 cg=2 phase=phase2 kind=heuristic best_rc=0.464544667 found=0 added=0 exhausted=False cert=False
[clean-BPC  3493.37s] node 68 cg=2 phase=phase2 kind=heuristic_boost best_rc=0.464544667 found=0 added=0 exhausted=True cert=True
[clean-BPC  3493.38s] route-pack-conflict diag node 68 source_vehicle=1 routes=5 U=4 complete=True cache_hit=True states=111 added=0
[clean-BPC  3493.75s] cut_added family=schedule_nogood_core node=68 added=2 source_vehicle=1 route_count=3 signatures=[[11, 19, 9, 5], [2, 20, 15, 4], [1, 3, 7, 6]]
[clean-BPC  3493.75s] node 71 d=10 lb=233.043564 open=64
[clean-BPC  3493.89s] node 71 cg=1 phase=phase1 obj=0.0 artificial=0.0 cols=3771
[clean-BPC  3494.04s] node 71 cg=2 phase=phase2 obj=233.079507 artificial=0.0 cols=3771
[clean-BPC  3496.53s] node 71 cg=2 phase=phase2 kind=heuristic best_rc=0.059026333 found=0 added=0 exhausted=False cert=False
[clean-BPC  3501.23s] node 71 cg=2 phase=phase2 kind=heuristic_boost best_rc=0.059026333 found=0 added=0 exhausted=True cert=True
[clean-BPC  3501.24s] route-pack-conflict diag node 71 source_vehicle=1 routes=5 U=4 complete=True cache_hit=False states=102 added=0
[clean-BPC  3501.60s] cut_added family=schedule_nogood_core node=71 added=2 source_vehicle=1 route_count=3 signatures=[[11, 19, 9, 5], [2, 20, 15, 4], [6, 7, 3, 1]]
[clean-BPC  3501.60s] node 96 d=12 lb=233.051329 open=64
[clean-BPC  3501.71s] node 96 cg=1 phase=phase1 obj=0.0 artificial=0.0 cols=3771
[clean-BPC  3501.81s] node 96 cg=2 phase=phase2 obj=236.138617 artificial=0.0 cols=3771
[clean-BPC  3504.60s] node 96 cg=2 phase=phase2 kind=heuristic best_rc=-2.457438 found=54 added=54 exhausted=False cert=False
[clean-BPC  3504.73s] node 96 cg=3 phase=phase2 obj=235.902119 artificial=0.0 cols=3825
[clean-BPC  3507.61s] node 96 cg=3 phase=phase2 kind=heuristic best_rc=0.0 found=0 added=0 exhausted=False cert=False
[clean-BPC  3514.31s] node 96 cg=3 phase=phase2 kind=heuristic_boost best_rc=-1.663754 found=62 added=62 exhausted=True cert=True
[clean-BPC  3514.45s] node 96 cg=4 phase=phase2 obj=235.902119 artificial=0.0 cols=3887
[clean-BPC  3517.15s] node 96 cg=4 phase=phase2 kind=heuristic best_rc=0.326865 found=0 added=0 exhausted=False cert=False
[clean-BPC  3524.85s] node 96 cg=4 phase=phase2 kind=heuristic_boost best_rc=-2.041946333 found=67 added=67 exhausted=True cert=True
[clean-BPC  3525.00s] node 96 cg=5 phase=phase2 obj=235.902119 artificial=0.0 cols=3954
[clean-BPC  3527.78s] node 96 cg=5 phase=phase2 kind=heuristic best_rc=-0.235179 found=2 added=2 exhausted=False cert=False
[clean-BPC  3527.91s] node 96 cg=6 phase=phase2 obj=235.902119 artificial=0.0 cols=3956
[clean-BPC  3527.92s] cut_purged node=96 removed=1 by_kind={'schedule_nogood_core': 1} remaining=158
[clean-BPC  3528.05s] node 96 cg=7 phase=phase2 obj=235.902119 artificial=0.0 cols=3956
[clean-BPC  3528.05s] cut_purged node=96 removed=1 by_kind={'schedule_nogood_core': 1} remaining=157
[clean-BPC  3528.20s] node 96 cg=8 phase=phase2 obj=235.902119 artificial=0.0 cols=3956
[clean-BPC  3530.79s] node 96 cg=8 phase=phase2 kind=heuristic best_rc=0.072761 found=0 added=0 exhausted=False cert=False
[clean-BPC  3538.31s] node 96 cg=8 phase=phase2 kind=heuristic_boost best_rc=0.0 found=0 added=0 exhausted=True cert=True
[clean-BPC  3539.96s] branch node 96: left=RF(12,14)=separate right=RF(12,14)=same
[clean-BPC  3539.96s] node 95 d=12 lb=233.051329 open=65
[clean-BPC  3540.16s] node 95 cg=1 phase=phase1 obj=0.0 artificial=0.0 cols=3956
[clean-BPC  3540.35s] node 95 cg=2 phase=phase2 obj=233.007621 artificial=0.0 cols=3956
[clean-BPC  3540.35s] cut_purged node=95 removed=4 by_kind={'schedule_nogood_core': 4} remaining=153
[clean-BPC  3540.56s] node 95 cg=3 phase=phase2 obj=233.007621 artificial=0.0 cols=3956
[clean-BPC  3543.15s] node 95 cg=3 phase=phase2 kind=heuristic best_rc=-0.0 found=0 added=0 exhausted=False cert=False
[clean-BPC  3548.27s] node 95 cg=3 phase=phase2 kind=heuristic_boost best_rc=-0.0 found=0 added=0 exhausted=True cert=True
[clean-BPC  3548.28s] route-pack-conflict diag node 95 source_vehicle=1 routes=5 U=4 complete=True cache_hit=False states=102 added=0
[clean-BPC  3548.66s] cut_added family=schedule_nogood_core node=95 added=1 source_vehicle=1 route_count=4 signatures=[[6, 8, 14, 10], [5, 9, 19, 11], [4, 15, 20, 2], [7, 3, 1]]
[clean-BPC  3548.66s] node 95 d=12 lb=233.007621 open=65
[clean-BPC  3548.87s] node 95 cg=1 phase=phase1 obj=0.0 artificial=0.0 cols=3956
[clean-BPC  3549.06s] node 95 cg=2 phase=phase2 obj=233.007621 artificial=0.0 cols=3956
[clean-BPC  3551.65s] node 95 cg=2 phase=phase2 kind=heuristic best_rc=0.0 found=0 added=0 exhausted=False cert=False
[clean-BPC  3556.77s] node 95 cg=2 phase=phase2 kind=heuristic_boost best_rc=0.0 found=0 added=0 exhausted=True cert=True
[clean-BPC  3556.78s] route-pack-conflict diag node 95 source_vehicle=1 routes=5 U=4 complete=True cache_hit=False states=102 added=0
[clean-BPC  3557.17s] cut_added family=schedule_nogood_core node=95 added=1 source_vehicle=1 route_count=4 signatures=[[6, 14, 10, 8], [5, 9, 19, 11], [4, 15, 20, 2], [7, 3, 1]]
[clean-BPC  3557.17s] node 95 d=12 lb=233.007621 open=65
[clean-BPC  3557.37s] node 95 cg=1 phase=phase1 obj=0.0 artificial=0.0 cols=3956
[clean-BPC  3557.56s] node 95 cg=2 phase=phase2 obj=233.007621 artificial=0.0 cols=3956
[clean-BPC  3560.12s] node 95 cg=2 phase=phase2 kind=heuristic best_rc=0.0020045 found=0 added=0 exhausted=False cert=False
[clean-BPC  3565.38s] node 95 cg=2 phase=phase2 kind=heuristic_boost best_rc=-0.0 found=0 added=0 exhausted=True cert=True
[clean-BPC  3565.39s] route-pack-conflict diag node 95 source_vehicle=1 routes=5 U=4 complete=True cache_hit=False states=98 added=0
[clean-BPC  3565.76s] cut_added family=schedule_nogood_core node=95 added=1 source_vehicle=1 route_count=4 signatures=[[8, 14, 10, 6], [5, 9, 19, 11], [4, 15, 20, 2], [7, 3, 1]]
[clean-BPC  3565.76s] node 95 d=12 lb=233.007621 open=65
[clean-BPC  3565.97s] node 95 cg=1 phase=phase1 obj=0.0 artificial=0.0 cols=3956
[clean-BPC  3566.16s] node 95 cg=2 phase=phase2 obj=233.007621 artificial=0.0 cols=3956
[clean-BPC  3568.77s] node 95 cg=2 phase=phase2 kind=heuristic best_rc=0.0020045 found=0 added=0 exhausted=False cert=False
[clean-BPC  3574.04s] node 95 cg=2 phase=phase2 kind=heuristic_boost best_rc=-0.0 found=0 added=0 exhausted=True cert=True
[clean-BPC  3574.05s] route-pack-conflict diag node 95 source_vehicle=1 routes=5 U=4 complete=True cache_hit=False states=98 added=0
[clean-BPC  3574.42s] cut_added family=schedule_nogood_core node=95 added=1 source_vehicle=1 route_count=4 signatures=[[14, 10, 8, 6], [5, 9, 19, 11], [4, 15, 20, 2], [7, 3, 1]]
[clean-BPC  3574.42s] node 95 d=12 lb=233.007621 open=65
[clean-BPC  3574.63s] node 95 cg=1 phase=phase1 obj=0.0 artificial=0.0 cols=3956
[clean-BPC  3574.82s] node 95 cg=2 phase=phase2 obj=233.063322 artificial=0.0 cols=3956
[clean-BPC  3577.55s] node 95 cg=2 phase=phase2 kind=heuristic best_rc=0.0 found=0 added=0 exhausted=False cert=False
[clean-BPC  3583.15s] node 95 cg=2 phase=phase2 kind=heuristic_boost best_rc=0.0 found=0 added=0 exhausted=True cert=True
[clean-BPC  3584.35s] branch node 95: left=RF(3,4)=separate right=RF(3,4)=same
[clean-BPC  3584.35s] node 133 d=13 lb=233.063322 open=66
[clean-BPC  3584.51s] node 133 cg=1 phase=phase1 obj=0.0 artificial=0.0 cols=3956
[clean-BPC  3584.70s] node 133 cg=2 phase=phase2 obj=233.094776 artificial=0.0 cols=3956
[clean-BPC  3587.14s] node 133 cg=2 phase=phase2 kind=heuristic best_rc=0.273524 found=0 added=0 exhausted=False cert=False
[clean-BPC  3591.69s] node 133 cg=2 phase=phase2 kind=heuristic_boost best_rc=0.273524 found=0 added=0 exhausted=True cert=True
[clean-BPC  3593.80s] branch node 133: left=RF(11,19)=separate right=RF(11,19)=same
[clean-BPC  3593.80s] node 134 d=13 lb=233.063322 open=67
[clean-BPC  3593.92s] node 134 cg=1 phase=phase1 obj=0.0 artificial=0.0 cols=3956
[clean-BPC  3594.04s] node 134 cg=2 phase=phase2 obj=233.659845 artificial=0.0 cols=3956
[clean-BPC  3596.34s] node 134 cg=2 phase=phase2 kind=heuristic best_rc=0.120256 found=0 added=0 exhausted=False cert=False
[clean-BPC  3601.02s] node 134 cg=2 phase=phase2 kind=heuristic_boost best_rc=0.120256 found=0 added=0 exhausted=True cert=True
[clean-BPC  3601.02s] fathom node 134: reason=time_limit_after_node_certificate bound=233.659845
[clean-BPC  3601.02s] finish status=TIME_LIMIT primal=245.5914 dual=None gap=None cuts=157 diag_dual=233.079507 diag_gap=0.050946 crossing=11 crossing_upgraded=0 subset_row=43 lm_rank1=60 sched_cost=0 pair=17 clique=2 route_pack=32 nogood=119 sched_cap=0 sched_pack_adapt=0/0 route_enum_adapt=0/0
bench_20_03: status=TIME_LIMIT, primal=245.5914, dual=None, gap=None, diag_dual=233.079507, diag_gap=0.050946, time=3601.021051s, nodes=154, rmp=502, pricing=482, routes=3956, cuts=157, crossing=11, crossing_upgraded=0, rci=11, kpath=0, pair=17, subset_row=43, lm_rank1=60, sched_cost=0, clique=2, route_pack=32, nogood=119, sched_cap=0, fleet_lb=0/0, fleet_oracle_U=None, fleet_oracle_states=0, fleet_oracle_exact=False, rim_calls=20, rim_feasible=0, rim_rejected=277, rim_pair=14, rim_route_pack=330, rim_ng=204, rim_sched_cap=0, sched_pack_status=None, sched_pack_obj=None, sched_pack_gap_root=None, sched_pack_cols=0, sched_pack_relax_calls=0, sched_pack_relax_best=None, sched_pack_full_exact=0, sched_pack_adapt=0/0, sched_pack_adapt_skip=0, route_enum_adapt=0/0, route_enum_adapt_skip=0, cuts_purged=127, branch_test_time=195.498534s
开始 clean BPC: instance=bench_20_04, tasks=20, vehicles=2, time_limit=3600s, max_nodes=100000, log=/home/kai/work/gnn_bb/branchpricecut/results/logs/20260522_bpc_clean_fleetlb_budget_long_20_regression/bench_20_04.jsonl
[clean-BPC     4.96s] incumbent node 0: obj=346.805657
[clean-BPC    10.39s] start: {'time': 10.393597, 'event': 'start', 'instance': 'bench_20_04', 'tasks': 20, 'vehicles': 2, 'initial_routes': 25, 'initial_incumbent': 346.805657, 'task_vehicle_linking_enabled': True, 'schedule_capacity_cuts_enabled': True, 'schedule_capacity_separation_enabled': False, 'fleet_lower_bound_cuts_enabled': True, 'fleet_lower_bound_oracle_max_states': 500000, 'schedule_pack_diagnostic_enabled': False, 'schedule_pack_relaxation_enabled': False, 'schedule_pack_full_pricing_enabled': False, 'schedule_pack_adaptive_enabled': False, 'route_enumeration_adaptive_enabled': False}
[clean-BPC    10.39s] node 0 d=0 lb=0.0 open=0
[clean-BPC    10.40s] node 0 cg=1 phase=phase1 obj=0.0 artificial=0.0 cols=25
[clean-BPC    10.40s] node 0 cg=2 phase=phase2 obj=246.805657 artificial=0.0 cols=25
[clean-BPC    16.01s] node 0 cg=2 phase=phase2 kind=heuristic best_rc=-35.010514 found=123648 added=600 exhausted=False cert=False
[clean-BPC    16.03s] node 0 cg=3 phase=phase2 obj=246.805657 artificial=0.0 cols=625
[clean-BPC    20.96s] node 0 cg=3 phase=phase2 kind=heuristic best_rc=-20.1966655 found=86729 added=600 exhausted=False cert=False
[clean-BPC    21.01s] node 0 cg=4 phase=phase2 obj=246.805657 artificial=0.0 cols=1225
[clean-BPC    23.93s] node 0 cg=4 phase=phase2 kind=heuristic best_rc=-9.402372 found=6367 added=600 exhausted=False cert=False
[clean-BPC    24.01s] node 0 cg=5 phase=phase2 obj=239.728514 artificial=0.0 cols=1825
[clean-BPC    26.87s] node 0 cg=5 phase=phase2 kind=heuristic best_rc=-4.6136515 found=629 added=600 exhausted=False cert=False
[clean-BPC    26.96s] node 0 cg=6 phase=phase2 obj=233.68462 artificial=0.0 cols=2425
[clean-BPC    29.89s] node 0 cg=6 phase=phase2 kind=heuristic best_rc=-1.381574 found=8 added=8 exhausted=False cert=False
[clean-BPC    29.98s] node 0 cg=7 phase=phase2 obj=233.566383 artificial=0.0 cols=2433
[clean-BPC    32.90s] node 0 cg=7 phase=phase2 kind=heuristic best_rc=-0.7092506 found=4 added=4 exhausted=False cert=False
[clean-BPC    33.01s] node 0 cg=8 phase=phase2 obj=233.566383 artificial=0.0 cols=2437
[clean-BPC    35.89s] node 0 cg=8 phase=phase2 kind=heuristic best_rc=0.0 found=0 added=0 exhausted=False cert=False
[clean-BPC    41.96s] node 0 cg=8 phase=phase2 kind=exact best_rc=0.0 found=0 added=0 exhausted=True cert=True
[clean-BPC    43.28s] cut_added family=crossing_cut node=0 added=4 upgraded=0 first={'id': 0, 'tasks': [11, 13, 14, 19], 'demand': 10.0, 'capacity_bound': 2, 'resource_bound': 1, 'k_bound': 2, 'rhs': 4.0, 'source': 'capacity', 'violation': 0.8, 'action': 'add'}
[clean-BPC    43.42s] node 0 cg=9 phase=phase2 obj=234.237469 artificial=0.0 cols=2437
[clean-BPC    46.90s] node 0 cg=9 phase=phase2 kind=heuristic best_rc=-0.078519 found=2 added=2 exhausted=False cert=False
[clean-BPC    47.05s] node 0 cg=10 phase=phase2 obj=234.237469 artificial=0.0 cols=2439
[clean-BPC    50.55s] node 0 cg=10 phase=phase2 kind=heuristic best_rc=0.0 found=0 added=0 exhausted=False cert=False
[clean-BPC    61.12s] node 0 cg=10 phase=phase2 kind=exact best_rc=0.0 found=0 added=0 exhausted=True cert=True
[clean-BPC    62.43s] cut_added family=crossing_cut node=0 added=2 upgraded=0 first={'id': 4, 'tasks': [3, 7, 13, 14, 19], 'demand': 10.0, 'capacity_bound': 2, 'resource_bound': 1, 'k_bound': 2, 'rhs': 4.0, 'source': 'capacity', 'violation': 0.444444444, 'action': 'add'}
[clean-BPC    62.58s] node 0 cg=11 phase=phase2 obj=234.252688 artificial=0.0 cols=2439
[clean-BPC    66.37s] node 0 cg=11 phase=phase2 kind=heuristic best_rc=-0.266489111 found=10 added=10 exhausted=False cert=False
[clean-BPC    66.51s] node 0 cg=12 phase=phase2 obj=234.252688 artificial=0.0 cols=2449
[clean-BPC    70.45s] node 0 cg=12 phase=phase2 kind=heuristic best_rc=0.0 found=0 added=0 exhausted=False cert=False
[clean-BPC    87.98s] node 0 cg=12 phase=phase2 kind=exact best_rc=-0.131893889 found=6 added=6 exhausted=True cert=True
[clean-BPC    88.14s] node 0 cg=13 phase=phase2 obj=234.252688 artificial=0.0 cols=2455
[clean-BPC    91.90s] node 0 cg=13 phase=phase2 kind=heuristic best_rc=0.0 found=0 added=0 exhausted=False cert=False
[clean-BPC   107.07s] node 0 cg=13 phase=phase2 kind=exact best_rc=0.0 found=0 added=0 exhausted=True cert=True
[clean-BPC   108.04s] cut_added family=crossing_cut node=0 added=3 upgraded=0 first={'id': 6, 'tasks': [2, 5, 8, 15, 16], 'demand': 12.0, 'capacity_bound': 2, 'resource_bound': 1, 'k_bound': 2, 'rhs': 4.0, 'source': 'capacity', 'violation': 0.888888889, 'action': 'add'}
[clean-BPC   108.23s] node 0 cg=14 phase=phase2 obj=234.348542 artificial=0.0 cols=2455
[clean-BPC   112.29s] node 0 cg=14 phase=phase2 kind=heuristic best_rc=-0.119922105 found=6 added=6 exhausted=False cert=False
[clean-BPC   112.48s] node 0 cg=15 phase=phase2 obj=234.348542 artificial=0.0 cols=2461
[clean-BPC   116.57s] node 0 cg=15 phase=phase2 kind=heuristic best_rc=-0.0 found=0 added=0 exhausted=False cert=False
[clean-BPC   137.94s] node 0 cg=15 phase=phase2 kind=exact best_rc=-0.0 found=0 added=0 exhausted=True cert=True
[clean-BPC   137.95s] subset-row diag node 0 round=1 cand=227 k=2 dup=0 not_viol=448 violated=6 added=6 max_viol=0.1578947368421053
[clean-BPC   137.95s] cut_added family=subset_row node=0 added=6 first(|S|=7, k=2, viol=0.157894737)
[clean-BPC   138.17s] node 0 cg=16 phase=phase2 obj=234.494287 artificial=0.0 cols=2461
[clean-BPC   141.83s] node 0 cg=16 phase=phase2 kind=heuristic best_rc=-1.8226756 found=88 added=88 exhausted=False cert=False
[clean-BPC   142.05s] node 0 cg=17 phase=phase2 obj=234.494287 artificial=0.0 cols=2549
[clean-BPC   146.07s] node 0 cg=17 phase=phase2 kind=heuristic best_rc=-0.1978325 found=2 added=2 exhausted=False cert=False
[clean-BPC   146.30s] node 0 cg=18 phase=phase2 obj=234.494287 artificial=0.0 cols=2551
[clean-BPC   150.29s] node 0 cg=18 phase=phase2 kind=heuristic best_rc=-0.280894 found=2 added=2 exhausted=False cert=False
[clean-BPC   150.52s] node 0 cg=19 phase=phase2 obj=234.494287 artificial=0.0 cols=2553
[clean-BPC   154.56s] node 0 cg=19 phase=phase2 kind=heuristic best_rc=-0.0 found=0 added=0 exhausted=False cert=False
[clean-BPC   173.50s] node 0 cg=19 phase=phase2 kind=exact best_rc=-0.0 found=0 added=0 exhausted=True cert=True
[clean-BPC   173.50s] subset-row diag node 0 round=2 cand=187 k=2 dup=3 not_viol=367 violated=4 added=4 max_viol=0.20000000000000018
[clean-BPC   173.50s] cut_added family=subset_row node=0 added=4 first(|S|=7, k=2, viol=0.2)
[clean-BPC   173.77s] node 0 cg=20 phase=phase2 obj=234.518246 artificial=0.0 cols=2553
[clean-BPC   177.90s] node 0 cg=20 phase=phase2 kind=heuristic best_rc=-0.0 found=0 added=0 exhausted=False cert=False
[clean-BPC   195.80s] node 0 cg=20 phase=phase2 kind=exact best_rc=-0.0 found=0 added=0 exhausted=True cert=True
[clean-BPC   195.80s] subset-row diag node 0 round=3 cand=186 k=2 dup=5 not_viol=366 violated=1 added=1 max_viol=0.14285714285714324
[clean-BPC   195.80s] cut_added family=subset_row node=0 added=1 first(|S|=8, k=3, viol=0.142857143)
[clean-BPC   196.06s] node 0 cg=21 phase=phase2 obj=234.533983 artificial=0.0 cols=2553
[clean-BPC   200.22s] node 0 cg=21 phase=phase2 kind=heuristic best_rc=-0.515276857 found=4 added=4 exhausted=False cert=False
[clean-BPC   200.47s] node 0 cg=22 phase=phase2 obj=234.533983 artificial=0.0 cols=2557
[clean-BPC   204.64s] node 0 cg=22 phase=phase2 kind=heuristic best_rc=-0.0 found=0 added=0 exhausted=False cert=False
[clean-BPC   224.29s] node 0 cg=22 phase=phase2 kind=exact best_rc=-0.0 found=0 added=0 exhausted=True cert=True
[clean-BPC   224.39s] lm-rank1 diag node 0 round=1 cand=222 denom=2 patterns=4893 dup=0 not_viol=4770 violated=36 added=20 max_viol=0.2857142857142858
[clean-BPC   224.40s] cut_added family=limited_memory_rank1 node=0 added=20 first(|S|=7, d=4, mem=[3, 9, 13, 19], viol=0.285714286)
[clean-BPC   224.77s] node 0 cg=23 phase=phase2 obj=234.561063 artificial=0.0 cols=2557
[clean-BPC   229.51s] node 0 cg=23 phase=phase2 kind=heuristic best_rc=-0.051200667 found=2 added=2 exhausted=False cert=False
[clean-BPC   229.90s] node 0 cg=24 phase=phase2 obj=234.561063 artificial=0.0 cols=2559
[clean-BPC   234.63s] node 0 cg=24 phase=phase2 kind=heuristic best_rc=-0.045699 found=2 added=2 exhausted=False cert=False
[clean-BPC   235.02s] node 0 cg=25 phase=phase2 obj=234.561063 artificial=0.0 cols=2561
[clean-BPC   239.97s] node 0 cg=25 phase=phase2 kind=heuristic best_rc=-0.0 found=0 added=0 exhausted=False cert=False
[clean-BPC   263.61s] node 0 cg=25 phase=phase2 kind=exact best_rc=-0.0 found=0 added=0 exhausted=True cert=True
[clean-BPC   263.65s] lm-rank1 diag node 0 round=2 cand=110 denom=2 patterns=2375 dup=0 not_viol=2322 violated=0 added=0 max_viol=0.0
[clean-BPC   263.68s] route-pack diag node 0 round=1 vehicles=2/2 support_max=10 cand=41 oracle=41 incomplete=0 not_tight=6 not_viol=18 dup=0 violated=17 added=5 max_viol=0.5 states_max=1316
[clean-BPC   263.68s] cut_added family=schedule_route_set_packing node=0 added=5 first(vehicle=2, routes=8, U=3, y=0.5, viol=0.5, states=496)
[clean-BPC   264.07s] node 0 cg=26 phase=phase2 obj=234.561063 artificial=0.0 cols=2561
[clean-BPC   268.66s] node 0 cg=26 phase=phase2 kind=heuristic best_rc=-0.0 found=0 added=0 exhausted=False cert=False
[clean-BPC   289.82s] node 0 cg=26 phase=phase2 kind=exact best_rc=-0.0 found=0 added=0 exhausted=True cert=True
[clean-BPC   289.86s] lm-rank1 diag node 0 round=3 cand=110 denom=2 patterns=2375 dup=0 not_viol=2322 violated=0 added=0 max_viol=0.0
[clean-BPC   289.90s] route-pack diag node 0 round=2 vehicles=2/2 support_max=10 cand=43 oracle=43 incomplete=0 not_tight=6 not_viol=15 dup=0 violated=22 added=5 max_viol=0.666666666666667 states_max=1336
[clean-BPC   289.90s] cut_added family=schedule_route_set_packing node=0 added=5 first(vehicle=1, routes=9, U=3, y=0.5, viol=0.666666667, states=700)
[clean-BPC   290.29s] node 0 cg=27 phase=phase2 obj=234.561063 artificial=0.0 cols=2561
[clean-BPC   294.86s] node 0 cg=27 phase=phase2 kind=heuristic best_rc=-0.180012 found=4 added=4 exhausted=False cert=False
[clean-BPC   295.26s] node 0 cg=28 phase=phase2 obj=234.561063 artificial=0.0 cols=2565
[clean-BPC   299.91s] node 0 cg=28 phase=phase2 kind=heuristic best_rc=-0.0 found=0 added=0 exhausted=False cert=False
[clean-BPC   319.31s] node 0 cg=28 phase=phase2 kind=exact best_rc=-0.0 found=0 added=0 exhausted=True cert=True
[clean-BPC   339.64s] route-pack-conflict diag node 0 source_vehicle=1 routes=5 U=4 complete=True cache_hit=False states=94 added=0
[clean-BPC   339.96s] route-pack-conflict diag node 0 source_vehicle=1 routes=5 U=4 complete=True cache_hit=False states=88 added=0
[clean-BPC   347.28s] rim-conflict diag node 0 conflicts=11 pair_events=0 pair_cuts=0 schedcap_events=0 schedcap_cuts=0 routepack_events=2 routepack_cuts=0 routepack_cache=0 routepack_states_max=94 routepack_budget_skip=9 nogood_events=0 nogood_cuts=0 weak_skip=11
[clean-BPC    20.32s] restricted-MIP node 0 status=TIME_LIMIT obj=None accepted=False routes=2565 rejected=11 pair=0 ng=20 route_pack=2 sched_cap=0 added_cuts=0 time=20.324311
[clean-BPC   355.76s] branch node 0: left=task_vehicle(14,1)=off right=task_vehicle(14,1)=on
[clean-BPC   355.76s] node 1 d=1 lb=234.561063 open=1
[clean-BPC   356.10s] node 1 cg=1 phase=phase1 obj=0.0 artificial=0.0 cols=2565
[clean-BPC   356.48s] node 1 cg=2 phase=phase2 obj=334.561063 artificial=0.0 cols=2565
[clean-BPC   360.74s] node 1 cg=2 phase=phase2 kind=heuristic best_rc=-0.0 found=0 added=0 exhausted=False cert=False
[clean-BPC   377.94s] node 1 cg=2 phase=phase2 kind=heuristic_boost best_rc=-0.0 found=0 added=0 exhausted=True cert=True
[clean-BPC   377.95s] route-pack diag node 1 round=1 vehicles=2/2 support_max=7 cand=15 oracle=15 incomplete=0 not_tight=5 not_viol=10 dup=0 violated=0 added=0 max_viol=0.0 states_max=382
[clean-BPC   380.50s] route-pack-conflict diag node 1 source_vehicle=1 routes=4 U=3 complete=True cache_hit=False states=39 added=0
[clean-BPC   380.81s] route-pack-conflict diag node 1 source_vehicle=1 routes=4 U=3 complete=True cache_hit=False states=33 added=0
[clean-BPC   381.13s] rim-conflict diag node 1 conflicts=2 pair_events=0 pair_cuts=0 schedcap_events=0 schedcap_cuts=0 routepack_events=2 routepack_cuts=0 routepack_cache=0 routepack_states_max=39 routepack_budget_skip=0 nogood_events=0 nogood_cuts=0 weak_skip=2
[clean-BPC   381.13s] incumbent node 1: obj=336.055264
[clean-BPC     2.55s] restricted-MIP node 1 status=OPTIMAL obj=336.055264 accepted=True routes=2565 rejected=2 pair=0 ng=4 route_pack=0 sched_cap=0 added_cuts=0 time=2.549188
[clean-BPC   388.92s] branch node 1: left=RF(2,5)=separate right=RF(2,5)=same
[clean-BPC   388.92s] node 2 d=1 lb=234.561063 open=2
[clean-BPC   389.27s] node 2 cg=1 phase=phase1 obj=0.0 artificial=0.0 cols=2565
[clean-BPC   389.63s] node 2 cg=2 phase=phase2 obj=234.561063 artificial=0.0 cols=2565
[clean-BPC   393.82s] node 2 cg=2 phase=phase2 kind=heuristic best_rc=-0.753181 found=2 added=2 exhausted=False cert=False
[clean-BPC   394.19s] node 2 cg=3 phase=phase2 obj=234.561063 artificial=0.0 cols=2567
[clean-BPC   398.69s] node 2 cg=3 phase=phase2 kind=heuristic best_rc=0.0 found=0 added=0 exhausted=False cert=False
[clean-BPC   414.94s] node 2 cg=3 phase=phase2 kind=heuristic_boost best_rc=-2.230087978 found=155 added=155 exhausted=True cert=True
[clean-BPC   415.34s] node 2 cg=4 phase=phase2 obj=234.561063 artificial=0.0 cols=2722
[clean-BPC   420.09s] node 2 cg=4 phase=phase2 kind=heuristic best_rc=-0.0 found=0 added=0 exhausted=False cert=False
[clean-BPC   443.62s] node 2 cg=4 phase=phase2 kind=heuristic_boost best_rc=-1.980418667 found=65 added=65 exhausted=True cert=True
[clean-BPC   444.00s] node 2 cg=5 phase=phase2 obj=234.561063 artificial=0.0 cols=2787
[clean-BPC   448.98s] node 2 cg=5 phase=phase2 kind=heuristic best_rc=-0.068793333 found=4 added=4 exhausted=False cert=False
[clean-BPC   449.38s] node 2 cg=6 phase=phase2 obj=234.561063 artificial=0.0 cols=2791
[clean-BPC   454.30s] node 2 cg=6 phase=phase2 kind=heuristic best_rc=0.0 found=0 added=0 exhausted=False cert=False
[clean-BPC   473.66s] node 2 cg=6 phase=phase2 kind=heuristic_boost best_rc=-0.880154467 found=14 added=14 exhausted=True cert=True
[clean-BPC   474.07s] node 2 cg=7 phase=phase2 obj=234.561063 artificial=0.0 cols=2805
[clean-BPC   478.33s] node 2 cg=7 phase=phase2 kind=heuristic best_rc=-0.0 found=0 added=0 exhausted=False cert=False
[clean-BPC   495.02s] node 2 cg=7 phase=phase2 kind=heuristic_boost best_rc=-1.707263026 found=12 added=12 exhausted=True cert=True
[clean-BPC   495.41s] node 2 cg=8 phase=phase2 obj=234.561063 artificial=0.0 cols=2817
[clean-BPC   500.24s] node 2 cg=8 phase=phase2 kind=heuristic best_rc=-0.0 found=0 added=0 exhausted=False cert=False
[clean-BPC   517.27s] node 2 cg=8 phase=phase2 kind=heuristic_boost best_rc=-0.0 found=0 added=0 exhausted=True cert=True
[clean-BPC   517.28s] route-pack diag node 2 round=1 vehicles=1/2 support_max=10 cand=20 oracle=20 incomplete=0 not_tight=4 not_viol=7 dup=0 violated=9 added=5 max_viol=1.666666666666667 states_max=1248
[clean-BPC   517.28s] cut_added family=schedule_route_set_packing node=2 added=5 first(vehicle=1, routes=10, U=3, y=1.0, viol=1.666666667, states=1248)
[clean-BPC   517.68s] node 2 cg=9 phase=phase2 obj=234.561063 artificial=0.0 cols=2817
[clean-BPC   522.54s] node 2 cg=9 phase=phase2 kind=heuristic best_rc=-0.0 found=0 added=0 exhausted=False cert=False
[clean-BPC   539.75s] node 2 cg=9 phase=phase2 kind=heuristic_boost best_rc=-0.0 found=0 added=0 exhausted=True cert=True
[clean-BPC   539.79s] route-pack diag node 2 round=2 vehicles=1/2 support_max=12 cand=23 oracle=23 incomplete=0 not_tight=2 not_viol=10 dup=0 violated=11 added=5 max_viol=1.666666666666667 states_max=2179
[clean-BPC   539.79s] cut_added family=schedule_route_set_packing node=2 added=5 first(vehicle=1, routes=12, U=3, y=1.0, viol=1.666666667, states=2179)
[clean-BPC   540.19s] node 2 cg=10 phase=phase2 obj=234.561063 artificial=0.0 cols=2817
[clean-BPC   545.06s] node 2 cg=10 phase=phase2 kind=heuristic best_rc=0.0 found=0 added=0 exhausted=False cert=False
[clean-BPC   561.97s] node 2 cg=10 phase=phase2 kind=heuristic_boost best_rc=-0.0 found=0 added=0 exhausted=True cert=True
[clean-BPC   582.34s] route-pack-conflict diag node 2 source_vehicle=1 routes=5 U=4 complete=True cache_hit=False states=96 added=0
[clean-BPC   583.66s] route-pack-conflict diag node 2 source_vehicle=1 routes=5 U=3 complete=True cache_hit=False states=86 added=2
[clean-BPC   583.66s] cut_added family=schedule_route_set_packing node=2 added=2 source=schedule_conflict first(vehicle=1, routes=5, U=3, states=86, cache_hit=False)
[clean-BPC   595.14s] rim-conflict diag node 2 conflicts=20 pair_events=0 pair_cuts=0 schedcap_events=0 schedcap_cuts=0 routepack_events=2 routepack_cuts=2 routepack_cache=0 routepack_states_max=96 routepack_budget_skip=18 nogood_events=0 nogood_cuts=0 weak_skip=19
[clean-BPC    20.37s] restricted-MIP node 2 status=TIME_LIMIT obj=None accepted=False routes=2817 rejected=20 pair=0 ng=30 route_pack=10 sched_cap=0 added_cuts=2 time=20.36675
[clean-BPC   595.14s] node 2 d=1 lb=234.561063 open=2
[clean-BPC   595.53s] node 2 cg=1 phase=phase1 obj=0.0 artificial=0.0 cols=2817
[clean-BPC   595.94s] node 2 cg=2 phase=phase2 obj=234.561063 artificial=0.0 cols=2817
[clean-BPC   600.78s] node 2 cg=2 phase=phase2 kind=heuristic best_rc=0.0 found=0 added=0 exhausted=False cert=False
[clean-BPC   617.75s] node 2 cg=2 phase=phase2 kind=heuristic_boost best_rc=-0.0 found=0 added=0 exhausted=True cert=True
[clean-BPC   637.77s] route-pack-conflict diag node 2 source_vehicle=1 routes=5 U=4 complete=True cache_hit=True states=96 added=0
[clean-BPC   639.08s] route-pack-conflict diag node 2 source_vehicle=1 routes=5 U=4 complete=True cache_hit=False states=97 added=0
[clean-BPC   651.45s] rim-conflict diag node 2 conflicts=18 pair_events=0 pair_cuts=0 schedcap_events=0 schedcap_cuts=0 routepack_events=2 routepack_cuts=0 routepack_cache=1 routepack_states_max=97 routepack_budget_skip=16 nogood_events=0 nogood_cuts=0 weak_skip=18
[clean-BPC    20.01s] restricted-MIP node 2 status=TIME_LIMIT obj=None accepted=False routes=2817 rejected=18 pair=0 ng=28 route_pack=8 sched_cap=0 added_cuts=0 time=20.014901
[clean-BPC   659.06s] branch node 2: left=RF(2,5)=separate right=RF(2,5)=same
[clean-BPC   659.06s] node 5 d=2 lb=234.561063 open=3
[clean-BPC   659.46s] node 5 cg=1 phase=phase1 obj=0.0 artificial=0.0 cols=2817
[clean-BPC   659.86s] node 5 cg=2 phase=phase2 obj=235.266024 artificial=0.0 cols=2817
[clean-BPC   664.23s] node 5 cg=2 phase=phase2 kind=heuristic best_rc=-0.48387 found=4 added=4 exhausted=False cert=False
[clean-BPC   664.63s] node 5 cg=3 phase=phase2 obj=235.266024 artificial=0.0 cols=2821
[clean-BPC   668.81s] node 5 cg=3 phase=phase2 kind=heuristic best_rc=0.0 found=0 added=0 exhausted=False cert=False
[clean-BPC   684.24s] node 5 cg=3 phase=phase2 kind=heuristic_boost best_rc=-1.0996045 found=13 added=13 exhausted=True cert=True
[clean-BPC   684.62s] node 5 cg=4 phase=phase2 obj=235.266024 artificial=0.0 cols=2834
[clean-BPC   689.07s] node 5 cg=4 phase=phase2 kind=heuristic best_rc=-0.0 found=0 added=0 exhausted=False cert=False
[clean-BPC   705.61s] node 5 cg=4 phase=phase2 kind=heuristic_boost best_rc=-0.9991665 found=10 added=10 exhausted=True cert=True
[clean-BPC   706.02s] node 5 cg=5 phase=phase2 obj=235.266024 artificial=0.0 cols=2844
[clean-BPC   710.45s] node 5 cg=5 phase=phase2 kind=heuristic best_rc=-0.0 found=0 added=0 exhausted=False cert=False
[clean-BPC   728.08s] node 5 cg=5 phase=phase2 kind=heuristic_boost best_rc=-0.0 found=0 added=0 exhausted=True cert=True
[clean-BPC   728.09s] route-pack diag node 5 round=1 vehicles=1/2 support_max=9 cand=15 oracle=15 incomplete=0 not_tight=3 not_viol=3 dup=0 violated=9 added=5 max_viol=1.5 states_max=938
[clean-BPC   728.09s] cut_added family=schedule_route_set_packing node=5 added=5 first(vehicle=1, routes=8, U=3, y=1.0, viol=1.5, states=476)
[clean-BPC   728.50s] node 5 cg=6 phase=phase2 obj=235.266024 artificial=0.0 cols=2844
[clean-BPC   732.95s] node 5 cg=6 phase=phase2 kind=heuristic best_rc=-0.0 found=0 added=0 exhausted=False cert=False
[clean-BPC   750.63s] node 5 cg=6 phase=phase2 kind=heuristic_boost best_rc=-0.0 found=0 added=0 exhausted=True cert=True
[clean-BPC   750.66s] route-pack diag node 5 round=2 vehicles=1/2 support_max=10 cand=24 oracle=24 incomplete=0 not_tight=4 not_viol=12 dup=0 violated=8 added=5 max_viol=1.5 states_max=1249
[clean-BPC   750.66s] cut_added family=schedule_route_set_packing node=5 added=5 first(vehicle=1, routes=9, U=3, y=1.0, viol=1.5, states=664)
[clean-BPC   751.06s] node 5 cg=7 phase=phase2 obj=235.266024 artificial=0.0 cols=2844
[clean-BPC   755.55s] node 5 cg=7 phase=phase2 kind=heuristic best_rc=-0.0 found=0 added=0 exhausted=False cert=False
[clean-BPC   773.30s] node 5 cg=7 phase=phase2 kind=heuristic_boost best_rc=-0.0 found=0 added=0 exhausted=True cert=True
[clean-BPC   773.30s] cut_added family=schedule_incompatibility node=5 added=2 pair=2 clique=0 first(kind=schedule_pair_conflict, vehicle=1, routes=2, U=1.0, y=1.0, viol=0.5)
[clean-BPC   773.70s] node 5 cg=8 phase=phase2 obj=235.266024 artificial=0.0 cols=2844
[clean-BPC   778.17s] node 5 cg=8 phase=phase2 kind=heuristic best_rc=-0.0 found=0 added=0 exhausted=False cert=False
[clean-BPC   796.19s] node 5 cg=8 phase=phase2 kind=heuristic_boost best_rc=-0.0 found=0 added=0 exhausted=True cert=True
[clean-BPC   815.95s] route-pack-conflict diag node 5 source_vehicle=1 routes=5 U=3 complete=True cache_hit=False states=82 added=2
[clean-BPC   815.95s] cut_added family=schedule_route_set_packing node=5 added=2 source=schedule_conflict first(vehicle=1, routes=5, U=3, states=82, cache_hit=False)
[clean-BPC   815.96s] route-pack-conflict diag node 5 source_vehicle=1 routes=5 U=4 complete=True cache_hit=False states=91 added=0
[clean-BPC   818.47s] cut_added family=schedule_nogood_core node=5 added=1 source_vehicle=1 route_count=3 signatures=[[1, 6, 10, 18, 17], [9, 11, 13, 19, 3], [14, 7, 20, 12]]
[clean-BPC   840.69s] rim-conflict diag node 5 conflicts=21 pair_events=0 pair_cuts=0 schedcap_events=0 schedcap_cuts=0 routepack_events=2 routepack_cuts=2 routepack_cache=0 routepack_states_max=91 routepack_budget_skip=19 nogood_events=1 nogood_cuts=1 weak_skip=18
[clean-BPC    19.76s] restricted-MIP node 5 status=SCHEDULE_REJECTED_LIMIT obj=None accepted=False routes=2844 rejected=21 pair=0 ng=2 route_pack=38 sched_cap=0 added_cuts=3 time=19.759966
[clean-BPC   840.69s] node 6 d=2 lb=234.561063 open=3
[clean-BPC   841.03s] node 6 cg=1 phase=phase1 obj=0.0 artificial=0.0 cols=2844
[clean-BPC   841.40s] node 6 cg=2 phase=phase2 obj=234.923645 artificial=0.0 cols=2844
[clean-BPC   845.46s] node 6 cg=2 phase=phase2 kind=heuristic best_rc=-0.393887 found=4 added=4 exhausted=False cert=False
[clean-BPC   845.83s] node 6 cg=3 phase=phase2 obj=234.923645 artificial=0.0 cols=2848
[clean-BPC   850.10s] node 6 cg=3 phase=phase2 kind=heuristic best_rc=-0.026605417 found=2 added=2 exhausted=False cert=False
[clean-BPC   850.46s] node 6 cg=4 phase=phase2 obj=234.923645 artificial=0.0 cols=2850
[clean-BPC   854.73s] node 6 cg=4 phase=phase2 kind=heuristic best_rc=-0.0 found=0 added=0 exhausted=False cert=False
[clean-BPC   871.70s] node 6 cg=4 phase=phase2 kind=heuristic_boost best_rc=-0.7352485 found=12 added=12 exhausted=True cert=True
[clean-BPC   872.08s] node 6 cg=5 phase=phase2 obj=234.923645 artificial=0.0 cols=2862
[clean-BPC   876.44s] node 6 cg=5 phase=phase2 kind=heuristic best_rc=-0.0 found=0 added=0 exhausted=False cert=False
[clean-BPC   894.64s] node 6 cg=5 phase=phase2 kind=heuristic_boost best_rc=-1.126553 found=24 added=24 exhausted=True cert=True
[clean-BPC   895.01s] node 6 cg=6 phase=phase2 obj=234.923645 artificial=0.0 cols=2886
[clean-BPC   899.38s] node 6 cg=6 phase=phase2 kind=heuristic best_rc=-0.117798 found=8 added=8 exhausted=False cert=False
[clean-BPC   899.75s] node 6 cg=7 phase=phase2 obj=234.923645 artificial=0.0 cols=2894
[clean-BPC   904.15s] node 6 cg=7 phase=phase2 kind=heuristic best_rc=-0.0 found=0 added=0 exhausted=False cert=False
[clean-BPC   923.41s] node 6 cg=7 phase=phase2 kind=heuristic_boost best_rc=-0.33985875 found=2 added=2 exhausted=True cert=True
[clean-BPC   923.78s] node 6 cg=8 phase=phase2 obj=234.923645 artificial=0.0 cols=2896
[clean-BPC   928.33s] node 6 cg=8 phase=phase2 kind=heuristic best_rc=-0.0 found=0 added=0 exhausted=False cert=False
[clean-BPC   948.13s] node 6 cg=8 phase=phase2 kind=heuristic_boost best_rc=-0.0 found=0 added=0 exhausted=True cert=True
[clean-BPC   948.16s] route-pack diag node 6 round=1 vehicles=1/2 support_max=10 cand=21 oracle=21 incomplete=0 not_tight=3 not_viol=11 dup=0 violated=7 added=5 max_viol=1.0000000000000009 states_max=1653
[clean-BPC   948.16s] cut_added family=schedule_route_set_packing node=6 added=5 first(vehicle=1, routes=8, U=3, y=1.0, viol=1.0, states=604)
[clean-BPC   948.54s] node 6 cg=9 phase=phase2 obj=234.923645 artificial=0.0 cols=2896
[clean-BPC   948.54s] cut_purged node=6 removed=1 by_kind={'schedule_nogood_core': 1} remaining=81
[clean-BPC   948.92s] node 6 cg=10 phase=phase2 obj=234.923645 artificial=0.0 cols=2896
[clean-BPC   953.23s] node 6 cg=10 phase=phase2 kind=heuristic best_rc=-0.0 found=0 added=0 exhausted=False cert=False
[clean-BPC   971.74s] node 6 cg=10 phase=phase2 kind=heuristic_boost best_rc=-0.0 found=0 added=0 exhausted=True cert=True
[clean-BPC   971.78s] route-pack diag node 6 round=2 vehicles=1/2 support_max=11 cand=26 oracle=26 incomplete=0 not_tight=4 not_viol=15 dup=0 violated=7 added=5 max_viol=0.666666666666667 states_max=2407
[clean-BPC   971.78s] cut_added family=schedule_route_set_packing node=6 added=5 first(vehicle=1, routes=11, U=4, y=1.0, viol=0.666666667, states=2407)
[clean-BPC   972.17s] node 6 cg=11 phase=phase2 obj=234.923645 artificial=0.0 cols=2896
[clean-BPC   976.70s] node 6 cg=11 phase=phase2 kind=heuristic best_rc=-0.0 found=0 added=0 exhausted=False cert=False
[clean-BPC   997.38s] node 6 cg=11 phase=phase2 kind=heuristic_boost best_rc=-0.0 found=0 added=0 exhausted=True cert=True
[clean-BPC  1018.76s] route-pack-conflict diag node 6 source_vehicle=1 routes=5 U=3 complete=True cache_hit=False states=78 added=2
[clean-BPC  1018.76s] cut_added family=schedule_route_set_packing node=6 added=2 source=schedule_conflict first(vehicle=1, routes=5, U=3, states=78, cache_hit=False)
[clean-BPC  1018.76s] route-pack-conflict diag node 6 source_vehicle=1 routes=5 U=4 complete=True cache_hit=True states=97 added=0
[clean-BPC  1030.22s] rim-conflict diag node 6 conflicts=18 pair_events=0 pair_cuts=0 schedcap_events=0 schedcap_cuts=0 routepack_events=2 routepack_cuts=2 routepack_cache=1 routepack_states_max=97 routepack_budget_skip=16 nogood_events=0 nogood_cuts=0 weak_skip=17
[clean-BPC    21.37s] restricted-MIP node 6 status=TIME_LIMIT obj=None accepted=False routes=2896 rejected=18 pair=0 ng=30 route_pack=6 sched_cap=0 added_cuts=2 time=21.370564
[clean-BPC  1030.22s] node 6 d=2 lb=234.923645 open=3
[clean-BPC  1030.59s] node 6 cg=1 phase=phase1 obj=0.0 artificial=0.0 cols=2896
[clean-BPC  1030.99s] node 6 cg=2 phase=phase2 obj=234.923645 artificial=0.0 cols=2896
[clean-BPC  1035.39s] node 6 cg=2 phase=phase2 kind=heuristic best_rc=-0.0 found=0 added=0 exhausted=False cert=False
[clean-BPC  1055.72s] node 6 cg=2 phase=phase2 kind=heuristic_boost best_rc=-0.0 found=0 added=0 exhausted=True cert=True
[clean-BPC  1075.78s] route-pack-conflict diag node 6 source_vehicle=1 routes=5 U=3 complete=True cache_hit=False states=80 added=2
[clean-BPC  1075.78s] cut_added family=schedule_route_set_packing node=6 added=2 source=schedule_conflict first(vehicle=1, routes=5, U=3, states=80, cache_hit=False)
[clean-BPC  1075.78s] route-pack-conflict diag node 6 source_vehicle=1 routes=5 U=4 complete=True cache_hit=False states=88 added=0
[clean-BPC  1086.67s] rim-conflict diag node 6 conflicts=16 pair_events=0 pair_cuts=0 schedcap_events=0 schedcap_cuts=0 routepack_events=2 routepack_cuts=2 routepack_cache=0 routepack_states_max=88 routepack_budget_skip=14 nogood_events=0 nogood_cuts=0 weak_skip=15
[clean-BPC    20.06s] restricted-MIP node 6 status=TIME_LIMIT obj=None accepted=False routes=2896 rejected=16 pair=0 ng=26 route_pack=6 sched_cap=0 added_cuts=2 time=20.057208
[clean-BPC  1086.67s] node 6 d=2 lb=234.923645 open=3
[clean-BPC  1087.04s] node 6 cg=1 phase=phase1 obj=0.0 artificial=0.0 cols=2896
[clean-BPC  1087.43s] node 6 cg=2 phase=phase2 obj=234.923645 artificial=0.0 cols=2896
[clean-BPC  1091.84s] node 6 cg=2 phase=phase2 kind=heuristic best_rc=-0.0 found=0 added=0 exhausted=False cert=False
[clean-BPC  1112.29s] node 6 cg=2 phase=phase2 kind=heuristic_boost best_rc=-0.0 found=0 added=0 exhausted=True cert=True
[clean-BPC  1133.64s] route-pack-conflict diag node 6 source_vehicle=1 routes=5 U=4 complete=True cache_hit=False states=84 added=0
[clean-BPC  1134.96s] route-pack-conflict diag node 6 source_vehicle=1 routes=5 U=4 complete=True cache_hit=False states=79 added=0
[clean-BPC  1145.79s] rim-conflict diag node 6 conflicts=16 pair_events=0 pair_cuts=0 schedcap_events=0 schedcap_cuts=0 routepack_events=2 routepack_cuts=0 routepack_cache=0 routepack_states_max=84 routepack_budget_skip=14 nogood_events=0 nogood_cuts=0 weak_skip=16
[clean-BPC    21.35s] restricted-MIP node 6 status=TIME_LIMIT obj=None accepted=False routes=2896 rejected=16 pair=0 ng=28 route_pack=4 sched_cap=0 added_cuts=0 time=21.354365
[clean-BPC  1153.03s] branch node 6: left=RF(1,17)=separate right=RF(1,17)=same
[clean-BPC  1153.03s] node 7 d=3 lb=234.923645 open=4
[clean-BPC  1153.40s] node 7 cg=1 phase=phase1 obj=0.0 artificial=0.0 cols=2896
[clean-BPC  1153.76s] node 7 cg=2 phase=phase2 obj=235.120707 artificial=0.0 cols=2896
[clean-BPC  1157.80s] node 7 cg=2 phase=phase2 kind=heuristic best_rc=-0.0 found=0 added=0 exhausted=False cert=False
[clean-BPC  1174.74s] node 7 cg=2 phase=phase2 kind=heuristic_boost best_rc=-0.0 found=0 added=0 exhausted=True cert=True
[clean-BPC  1195.51s] route-pack-conflict diag node 7 source_vehicle=1 routes=5 U=4 complete=True cache_hit=True states=79 added=0
[clean-BPC  1195.82s] route-pack-conflict diag node 7 source_vehicle=1 routes=5 U=4 complete=True cache_hit=True states=96 added=0
[clean-BPC  1206.68s] rim-conflict diag node 7 conflicts=15 pair_events=0 pair_cuts=0 schedcap_events=0 schedcap_cuts=0 routepack_events=2 routepack_cuts=0 routepack_cache=2 routepack_states_max=96 routepack_budget_skip=13 nogood_events=0 nogood_cuts=0 weak_skip=15
[clean-BPC    20.77s] restricted-MIP node 7 status=TIME_LIMIT obj=None accepted=False routes=2896 rejected=15 pair=0 ng=26 route_pack=4 sched_cap=0 added_cuts=0 time=20.772906
[clean-BPC  1211.12s] branch node 7: left=arc(11,10)=off right=arc(11,10)=on
[clean-BPC  1211.12s] node 8 d=3 lb=234.923645 open=5
[clean-BPC  1211.32s] node 8 cg=1 phase=phase1 obj=0.0 artificial=0.0 cols=2896
[clean-BPC  1211.51s] node 8 cg=2 phase=phase2 obj=235.325406 artificial=0.0 cols=2896
[clean-BPC  1214.62s] node 8 cg=2 phase=phase2 kind=heuristic best_rc=-2.135805556 found=15 added=15 exhausted=False cert=False
[clean-BPC  1214.82s] node 8 cg=3 phase=phase2 obj=235.325406 artificial=0.0 cols=2911
[clean-BPC  1218.15s] node 8 cg=3 phase=phase2 kind=heuristic best_rc=-0.000160333 found=2 added=2 exhausted=False cert=False
[clean-BPC  1218.35s] node 8 cg=4 phase=phase2 obj=235.325406 artificial=0.0 cols=2913
[clean-BPC  1221.77s] node 8 cg=4 phase=phase2 kind=heuristic best_rc=-0.123625167 found=2 added=2 exhausted=False cert=False
[clean-BPC  1221.95s] node 8 cg=5 phase=phase2 obj=235.325406 artificial=0.0 cols=2915
[clean-BPC  1225.38s] node 8 cg=5 phase=phase2 kind=heuristic best_rc=-0.0 found=0 added=0 exhausted=False cert=False
[clean-BPC  1235.03s] node 8 cg=5 phase=phase2 kind=heuristic_boost best_rc=-0.0 found=0 added=0 exhausted=True cert=True
[clean-BPC  1243.59s] route-pack-conflict diag node 8 source_vehicle=1 routes=5 U=3 complete=True cache_hit=False states=104 added=2
[clean-BPC  1243.59s] cut_added family=schedule_route_set_packing node=8 added=2 source=schedule_conflict first(vehicle=1, routes=5, U=3, states=104, cache_hit=False)
[clean-BPC  1243.59s] route-pack-conflict diag node 8 source_vehicle=1 routes=5 U=3 complete=True cache_hit=False states=83 added=2
[clean-BPC  1243.59s] cut_added family=schedule_route_set_packing node=8 added=2 source=schedule_conflict first(vehicle=1, routes=5, U=3, states=83, cache_hit=False)
[clean-BPC  1266.31s] cut_added family=schedule_pair_conflict node=8 added=2 source_vehicle=1 route_count=2 signatures=[[17, 18, 10, 6, 1], [9, 11, 19, 13, 3]]
[clean-BPC  1270.48s] rim-conflict diag node 8 conflicts=21 pair_events=1 pair_cuts=2 schedcap_events=0 schedcap_cuts=0 routepack_events=2 routepack_cuts=4 routepack_cache=0 routepack_states_max=104 routepack_budget_skip=18 nogood_events=0 nogood_cuts=0 weak_skip=18
[clean-BPC     8.56s] restricted-MIP node 8 status=SCHEDULE_REJECTED_LIMIT obj=None accepted=False routes=2915 rejected=21 pair=2 ng=0 route_pack=38 sched_cap=0 added_cuts=6 time=8.561742
[clean-BPC  1270.48s] node 10 d=4 lb=235.120707 open=5
[clean-BPC  1270.84s] node 10 cg=1 phase=phase1 obj=0.0 artificial=0.0 cols=2915
[clean-BPC  1271.23s] node 10 cg=2 phase=phase2 obj=237.444068 artificial=0.0 cols=2915
[clean-BPC  1275.20s] node 10 cg=2 phase=phase2 kind=heuristic best_rc=-0.128680333 found=1 added=1 exhausted=False cert=False
[clean-BPC  1275.58s] node 10 cg=3 phase=phase2 obj=237.444068 artificial=0.0 cols=2916
[clean-BPC  1279.57s] node 10 cg=3 phase=phase2 kind=heuristic best_rc=0.0 found=0 added=0 exhausted=False cert=False
[clean-BPC  1291.52s] node 10 cg=3 phase=phase2 kind=heuristic_boost best_rc=-0.265388 found=2 added=2 exhausted=True cert=True
[clean-BPC  1291.90s] node 10 cg=4 phase=phase2 obj=237.444068 artificial=0.0 cols=2918
[clean-BPC  1295.89s] node 10 cg=4 phase=phase2 kind=heuristic best_rc=0.0 found=0 added=0 exhausted=False cert=False
[clean-BPC  1307.96s] node 10 cg=4 phase=phase2 kind=heuristic_boost best_rc=0.0 found=0 added=0 exhausted=True cert=True
[clean-BPC  1312.91s] branch node 10: left=arc(10,18)=off right=arc(10,18)=on
[clean-BPC  1312.91s] node 9 d=4 lb=235.120707 open=6
[clean-BPC  1313.26s] node 9 cg=1 phase=phase1 obj=0.0 artificial=0.0 cols=2918
[clean-BPC  1313.63s] node 9 cg=2 phase=phase2 obj=235.120707 artificial=0.0 cols=2918
[clean-BPC  1317.72s] node 9 cg=2 phase=phase2 kind=heuristic best_rc=-0.034886 found=2 added=2 exhausted=False cert=False
[clean-BPC  1318.09s] node 9 cg=3 phase=phase2 obj=235.120707 artificial=0.0 cols=2920
[clean-BPC  1322.24s] node 9 cg=3 phase=phase2 kind=heuristic best_rc=-0.0 found=0 added=0 exhausted=False cert=False
[clean-BPC  1336.70s] node 9 cg=3 phase=phase2 kind=heuristic_boost best_rc=-0.0 found=0 added=0 exhausted=True cert=True
[clean-BPC  1341.87s] branch node 9: left=arc(1,6)=off right=arc(1,6)=on
[clean-BPC  1341.87s] node 13 d=5 lb=235.120707 open=7
[clean-BPC  1342.21s] node 13 cg=1 phase=phase1 obj=0.0 artificial=0.0 cols=2920
[clean-BPC  1342.58s] node 13 cg=2 phase=phase2 obj=235.120707 artificial=0.0 cols=2920
[clean-BPC  1346.52s] node 13 cg=2 phase=phase2 kind=heuristic best_rc=0.0 found=0 added=0 exhausted=False cert=False
[clean-BPC  1360.04s] node 13 cg=2 phase=phase2 kind=heuristic_boost best_rc=0.0 found=0 added=0 exhausted=True cert=True
[clean-BPC  1364.97s] branch node 13: left=arc(11,9)=off right=arc(11,9)=on
[clean-BPC  1364.97s] node 14 d=5 lb=235.120707 open=8
[clean-BPC  1365.35s] node 14 cg=1 phase=phase1 obj=0.0 artificial=0.0 cols=2920
[clean-BPC  1365.72s] node 14 cg=2 phase=phase2 obj=236.706137 artificial=0.0 cols=2920
[clean-BPC  1369.78s] node 14 cg=2 phase=phase2 kind=heuristic best_rc=-0.6553946 found=2 added=2 exhausted=False cert=False
[clean-BPC  1370.16s] node 14 cg=3 phase=phase2 obj=236.487672 artificial=0.0 cols=2922
[clean-BPC  1374.24s] node 14 cg=3 phase=phase2 kind=heuristic best_rc=-0.057923 found=1 added=1 exhausted=False cert=False
[clean-BPC  1374.62s] node 14 cg=4 phase=phase2 obj=236.487672 artificial=0.0 cols=2923
[clean-BPC  1378.57s] node 14 cg=4 phase=phase2 kind=heuristic best_rc=-0.0 found=0 added=0 exhausted=False cert=False
[clean-BPC  1391.40s] node 14 cg=4 phase=phase2 kind=heuristic_boost best_rc=-0.0 found=0 added=0 exhausted=True cert=True
[clean-BPC  1396.66s] branch node 14: left=RF(7,12)=separate right=RF(7,12)=same
[clean-BPC  1396.66s] node 15 d=6 lb=235.120707 open=9
[clean-BPC  1396.98s] node 15 cg=1 phase=phase1 obj=0.0 artificial=0.0 cols=2923
[clean-BPC  1397.33s] node 15 cg=2 phase=phase2 obj=235.253394 artificial=0.0 cols=2923
[clean-BPC  1401.67s] node 15 cg=2 phase=phase2 kind=heuristic best_rc=-0.398063 found=1 added=1 exhausted=False cert=False
[clean-BPC  1401.99s] node 15 cg=3 phase=phase2 obj=235.120707 artificial=0.0 cols=2924
[clean-BPC  1406.25s] node 15 cg=3 phase=phase2 kind=heuristic best_rc=-0.0 found=0 added=0 exhausted=False cert=False
[clean-BPC  1422.92s] node 15 cg=3 phase=phase2 kind=heuristic_boost best_rc=-0.502477333 found=4 added=4 exhausted=True cert=True
[clean-BPC  1423.26s] node 15 cg=4 phase=phase2 obj=235.120707 artificial=0.0 cols=2928
[clean-BPC  1427.51s] node 15 cg=4 phase=phase2 kind=heuristic best_rc=0.0 found=0 added=0 exhausted=False cert=False
[clean-BPC  1443.69s] node 15 cg=4 phase=phase2 kind=heuristic_boost best_rc=0.0 found=0 added=0 exhausted=True cert=True
[clean-BPC  1448.26s] branch node 15: left=arc(11,3)=off right=arc(11,3)=on
[clean-BPC  1448.26s] node 19 d=7 lb=235.120707 open=10
[clean-BPC  1448.57s] node 19 cg=1 phase=phase1 obj=0.0 artificial=0.0 cols=2928
[clean-BPC  1448.90s] node 19 cg=2 phase=phase2 obj=235.407469 artificial=0.0 cols=2928
[clean-BPC  1453.05s] node 19 cg=2 phase=phase2 kind=heuristic best_rc=-0.0 found=0 added=0 exhausted=False cert=False
[clean-BPC  1469.79s] node 19 cg=2 phase=phase2 kind=heuristic_boost best_rc=-0.0 found=0 added=0 exhausted=True cert=True
[clean-BPC  1474.05s] branch node 19: left=RF(1,11)=separate right=RF(1,11)=same
[clean-BPC  1474.05s] node 20 d=7 lb=235.120707 open=11
[clean-BPC  1474.38s] node 20 cg=1 phase=phase1 obj=0.0 artificial=0.0 cols=2928
[clean-BPC  1474.72s] node 20 cg=2 phase=phase2 obj=235.996489 artificial=0.0 cols=2928
[clean-BPC  1478.39s] node 20 cg=2 phase=phase2 kind=heuristic best_rc=-0.829012833 found=7 added=7 exhausted=False cert=False
[clean-BPC  1478.74s] node 20 cg=3 phase=phase2 obj=235.989666 artificial=0.0 cols=2935
[clean-BPC  1482.59s] node 20 cg=3 phase=phase2 kind=heuristic best_rc=-0.0312835 found=1 added=1 exhausted=False cert=False
[clean-BPC  1482.94s] node 20 cg=4 phase=phase2 obj=235.985197 artificial=0.0 cols=2936
[clean-BPC  1486.91s] node 20 cg=4 phase=phase2 kind=heuristic best_rc=-0.212924095 found=3 added=3 exhausted=False cert=False
[clean-BPC  1487.26s] node 20 cg=5 phase=phase2 obj=235.985197 artificial=0.0 cols=2939
[clean-BPC  1491.24s] node 20 cg=5 phase=phase2 kind=heuristic best_rc=-0.314098571 found=1 added=1 exhausted=False cert=False
[clean-BPC  1491.59s] node 20 cg=6 phase=phase2 obj=235.985197 artificial=0.0 cols=2940
[clean-BPC  1495.51s] node 20 cg=6 phase=phase2 kind=heuristic best_rc=0.0 found=0 added=0 exhausted=False cert=False
[clean-BPC  1511.68s] node 20 cg=6 phase=phase2 kind=heuristic_boost best_rc=0.0 found=0 added=0 exhausted=True cert=True
[clean-BPC  1515.86s] branch node 20: left=RF(1,11)=separate right=RF(1,11)=same
[clean-BPC  1515.86s] node 16 d=6 lb=235.120707 open=12
[clean-BPC  1516.21s] node 16 cg=1 phase=phase1 obj=0.0 artificial=0.0 cols=2940
[clean-BPC  1516.58s] node 16 cg=2 phase=phase2 obj=235.506122 artificial=0.0 cols=2940
[clean-BPC  1520.84s] node 16 cg=2 phase=phase2 kind=heuristic best_rc=-0.81692375 found=15 added=15 exhausted=False cert=False
[clean-BPC  1521.20s] node 16 cg=3 phase=phase2 obj=235.506122 artificial=0.0 cols=2955
[clean-BPC  1521.20s] cut_purged node=16 removed=2 by_kind={'crossing_cut': 1, 'limited_memory_rank1': 1} remaining=94
[clean-BPC  1521.56s] node 16 cg=4 phase=phase2 obj=235.506122 artificial=0.0 cols=2955
[clean-BPC  1526.05s] node 16 cg=4 phase=phase2 kind=heuristic best_rc=-0.0 found=0 added=0 exhausted=False cert=False
[clean-BPC  1545.13s] node 16 cg=4 phase=phase2 kind=heuristic_boost best_rc=-0.0 found=0 added=0 exhausted=True cert=True
[clean-BPC  1549.16s] branch node 16: left=RF(1,14)=separate right=RF(1,14)=same
[clean-BPC  1549.16s] node 5 d=2 lb=235.266024 open=13
[clean-BPC  1549.56s] node 5 cg=1 phase=phase1 obj=0.0 artificial=0.0 cols=2955
[clean-BPC  1549.99s] node 5 cg=2 phase=phase2 obj=235.266024 artificial=0.0 cols=2955
[clean-BPC  1554.33s] node 5 cg=2 phase=phase2 kind=heuristic best_rc=-0.038738667 found=8 added=8 exhausted=False cert=False
[clean-BPC  1554.76s] node 5 cg=3 phase=phase2 obj=235.266024 artificial=0.0 cols=2963
[clean-BPC  1559.18s] node 5 cg=3 phase=phase2 kind=heuristic best_rc=-0.0 found=0 added=0 exhausted=False cert=False
[clean-BPC  1578.99s] node 5 cg=3 phase=phase2 kind=heuristic_boost best_rc=-0.0 found=0 added=0 exhausted=True cert=True
[clean-BPC  1599.08s] route-pack-conflict diag node 5 source_vehicle=1 routes=5 U=4 complete=True cache_hit=True states=91 added=0
[clean-BPC  1600.16s] route-pack-conflict diag node 5 source_vehicle=1 routes=5 U=3 complete=True cache_hit=False states=104 added=2
[clean-BPC  1600.16s] cut_added family=schedule_route_set_packing node=5 added=2 source=schedule_conflict first(vehicle=1, routes=5, U=3, states=104, cache_hit=False)
[clean-BPC  1601.58s] cut_added family=schedule_nogood_core node=5 added=1 source_vehicle=1 route_count=3 signatures=[[1, 6, 10, 18, 17], [9, 11, 13, 19, 3], [14, 7, 20, 12]]
[clean-BPC  1622.54s] rim-conflict diag node 5 conflicts=19 pair_events=0 pair_cuts=0 schedcap_events=0 schedcap_cuts=0 routepack_events=2 routepack_cuts=2 routepack_cache=1 routepack_states_max=104 routepack_budget_skip=17 nogood_events=1 nogood_cuts=1 weak_skip=16
[clean-BPC    20.09s] restricted-MIP node 5 status=TIME_LIMIT obj=None accepted=False routes=2963 rejected=19 pair=0 ng=2 route_pack=36 sched_cap=0 added_cuts=3 time=20.087986
[clean-BPC  1622.54s] node 5 d=2 lb=235.266024 open=13
[clean-BPC  1622.94s] node 5 cg=1 phase=phase1 obj=0.0 artificial=0.0 cols=2963
[clean-BPC  1623.37s] node 5 cg=2 phase=phase2 obj=235.266024 artificial=0.0 cols=2963
[clean-BPC  1627.95s] node 5 cg=2 phase=phase2 kind=heuristic best_rc=-0.0 found=0 added=0 exhausted=False cert=False
[clean-BPC  1647.84s] node 5 cg=2 phase=phase2 kind=heuristic_boost best_rc=-0.0 found=0 added=0 exhausted=True cert=True
[clean-BPC  1667.85s] route-pack-conflict diag node 5 source_vehicle=1 routes=5 U=4 complete=True cache_hit=True states=91 added=0
[clean-BPC  1668.96s] route-pack-conflict diag node 5 source_vehicle=1 routes=5 U=3 complete=True cache_hit=False states=92 added=2
[clean-BPC  1668.96s] cut_added family=schedule_route_set_packing node=5 added=2 source=schedule_conflict first(vehicle=1, routes=5, U=3, states=92, cache_hit=False)
[clean-BPC  1689.24s] rim-conflict diag node 5 conflicts=19 pair_events=0 pair_cuts=0 schedcap_events=0 schedcap_cuts=0 routepack_events=2 routepack_cuts=2 routepack_cache=1 routepack_states_max=92 routepack_budget_skip=17 nogood_events=0 nogood_cuts=0 weak_skip=18
[clean-BPC    20.01s] restricted-MIP node 5 status=TIME_LIMIT obj=None accepted=False routes=2963 rejected=19 pair=0 ng=2 route_pack=36 sched_cap=0 added_cuts=2 time=20.010808
[clean-BPC  1689.24s] node 5 d=2 lb=235.266024 open=13
[clean-BPC  1689.67s] node 5 cg=1 phase=phase1 obj=0.0 artificial=0.0 cols=2963
[clean-BPC  1690.09s] node 5 cg=2 phase=phase2 obj=235.266024 artificial=0.0 cols=2963
[clean-BPC  1694.53s] node 5 cg=2 phase=phase2 kind=heuristic best_rc=-0.0 found=0 added=0 exhausted=False cert=False
[clean-BPC  1712.08s] node 5 cg=2 phase=phase2 kind=heuristic_boost best_rc=-0.0 found=0 added=0 exhausted=True cert=True
[clean-BPC  1732.09s] route-pack-conflict diag node 5 source_vehicle=1 routes=5 U=4 complete=True cache_hit=True states=91 added=0
[clean-BPC  1733.20s] route-pack-conflict diag node 5 source_vehicle=1 routes=5 U=3 complete=True cache_hit=False states=101 added=2
[clean-BPC  1733.20s] cut_added family=schedule_route_set_packing node=5 added=2 source=schedule_conflict first(vehicle=1, routes=5, U=3, states=101, cache_hit=False)
[clean-BPC  1752.94s] rim-conflict diag node 5 conflicts=18 pair_events=0 pair_cuts=0 schedcap_events=0 schedcap_cuts=0 routepack_events=2 routepack_cuts=2 routepack_cache=1 routepack_states_max=101 routepack_budget_skip=16 nogood_events=0 nogood_cuts=0 weak_skip=17
[clean-BPC    20.01s] restricted-MIP node 5 status=TIME_LIMIT obj=None accepted=False routes=2963 rejected=18 pair=0 ng=2 route_pack=34 sched_cap=0 added_cuts=2 time=20.009732
[clean-BPC  1752.94s] node 5 d=2 lb=235.266024 open=13
[clean-BPC  1753.37s] node 5 cg=1 phase=phase1 obj=0.0 artificial=0.0 cols=2963
[clean-BPC  1753.81s] node 5 cg=2 phase=phase2 obj=235.266024 artificial=0.0 cols=2963
[clean-BPC  1758.31s] node 5 cg=2 phase=phase2 kind=heuristic best_rc=0.0 found=0 added=0 exhausted=False cert=False
[clean-BPC  1775.98s] node 5 cg=2 phase=phase2 kind=heuristic_boost best_rc=0.0 found=0 added=0 exhausted=True cert=True
[clean-BPC  1795.99s] route-pack-conflict diag node 5 source_vehicle=1 routes=5 U=4 complete=True cache_hit=True states=91 added=0
[clean-BPC  1797.10s] route-pack-conflict diag node 5 source_vehicle=1 routes=5 U=3 complete=True cache_hit=False states=91 added=2
[clean-BPC  1797.10s] cut_added family=schedule_route_set_packing node=5 added=2 source=schedule_conflict first(vehicle=1, routes=5, U=3, states=91, cache_hit=False)
[clean-BPC  1814.02s] cut_added family=schedule_pair_conflict node=5 added=2 source_vehicle=1 route_count=2 signatures=[[7, 20, 12, 2], [9, 11, 1]]
[clean-BPC  1814.02s] cut_added family=schedule_pair_conflict node=5 added=2 source_vehicle=1 route_count=2 signatures=[[14, 7, 2], [9, 11, 19, 13, 3]]
[clean-BPC  1814.02s] rim-conflict diag node 5 conflicts=18 pair_events=2 pair_cuts=4 schedcap_events=0 schedcap_cuts=0 routepack_events=2 routepack_cuts=2 routepack_cache=1 routepack_states_max=91 routepack_budget_skip=14 nogood_events=0 nogood_cuts=0 weak_skip=15
[clean-BPC    20.01s] restricted-MIP node 5 status=TIME_LIMIT obj=None accepted=False routes=2963 rejected=18 pair=3 ng=2 route_pack=30 sched_cap=0 added_cuts=6 time=20.011668
[clean-BPC  1814.02s] node 5 d=2 lb=235.266024 open=13
[clean-BPC  1814.45s] node 5 cg=1 phase=phase1 obj=0.0 artificial=0.0 cols=2963
[clean-BPC  1814.88s] node 5 cg=2 phase=phase2 obj=235.266024 artificial=0.0 cols=2963
[clean-BPC  1819.43s] node 5 cg=2 phase=phase2 kind=heuristic best_rc=0.0 found=0 added=0 exhausted=False cert=False
[clean-BPC  1839.39s] node 5 cg=2 phase=phase2 kind=heuristic_boost best_rc=-0.0 found=0 added=0 exhausted=True cert=True
[clean-BPC  1859.41s] route-pack-conflict diag node 5 source_vehicle=1 routes=5 U=4 complete=True cache_hit=True states=91 added=0
[clean-BPC  1860.49s] route-pack-conflict diag node 5 source_vehicle=1 routes=5 U=3 complete=True cache_hit=False states=92 added=2
[clean-BPC  1860.49s] cut_added family=schedule_route_set_packing node=5 added=2 source=schedule_conflict first(vehicle=1, routes=5, U=3, states=92, cache_hit=False)
[clean-BPC  1875.96s] cut_added family=schedule_pair_conflict node=5 added=2 source_vehicle=1 route_count=2 signatures=[[12, 20, 7, 2], [9, 11, 1]]
[clean-BPC  1875.96s] cut_added family=schedule_pair_conflict node=5 added=2 source_vehicle=1 route_count=2 signatures=[[6, 10, 18, 17, 4], [7, 20, 12, 2]]
[clean-BPC  1877.05s] rim-conflict diag node 5 conflicts=18 pair_events=2 pair_cuts=4 schedcap_events=0 schedcap_cuts=0 routepack_events=2 routepack_cuts=2 routepack_cache=1 routepack_states_max=92 routepack_budget_skip=14 nogood_events=0 nogood_cuts=0 weak_skip=15
[clean-BPC    20.02s] restricted-MIP node 5 status=TIME_LIMIT obj=None accepted=False routes=2963 rejected=18 pair=4 ng=2 route_pack=30 sched_cap=0 added_cuts=6 time=20.018572
[clean-BPC  1877.05s] node 5 d=2 lb=235.266024 open=13
[clean-BPC  1877.50s] node 5 cg=1 phase=phase1 obj=0.0 artificial=0.0 cols=2963
[clean-BPC  1877.94s] node 5 cg=2 phase=phase2 obj=235.266024 artificial=0.0 cols=2963
[clean-BPC  1882.41s] node 5 cg=2 phase=phase2 kind=heuristic best_rc=0.0 found=0 added=0 exhausted=False cert=False
[clean-BPC  1902.16s] node 5 cg=2 phase=phase2 kind=heuristic_boost best_rc=-0.0 found=0 added=0 exhausted=True cert=True
[clean-BPC  1922.19s] route-pack-conflict diag node 5 source_vehicle=1 routes=5 U=4 complete=True cache_hit=True states=91 added=0
[clean-BPC  1923.25s] route-pack-conflict diag node 5 source_vehicle=1 routes=5 U=3 complete=True cache_hit=False states=89 added=2
[clean-BPC  1923.25s] cut_added family=schedule_route_set_packing node=5 added=2 source=schedule_conflict first(vehicle=1, routes=5, U=3, states=89, cache_hit=False)
[clean-BPC  1937.57s] cut_added family=schedule_pair_conflict node=5 added=2 source_vehicle=1 route_count=2 signatures=[[6, 10, 18, 17, 4], [12, 20, 7, 2]]
[clean-BPC  1938.57s] rim-conflict diag node 5 conflicts=18 pair_events=1 pair_cuts=2 schedcap_events=0 schedcap_cuts=0 routepack_events=2 routepack_cuts=2 routepack_cache=1 routepack_states_max=91 routepack_budget_skip=15 nogood_events=0 nogood_cuts=0 weak_skip=16
[clean-BPC    20.02s] restricted-MIP node 5 status=TIME_LIMIT obj=None accepted=False routes=2963 rejected=18 pair=2 ng=2 route_pack=32 sched_cap=0 added_cuts=4 time=20.023032
[clean-BPC  1938.57s] node 5 d=2 lb=235.266024 open=13
[clean-BPC  1939.03s] node 5 cg=1 phase=phase1 obj=0.0 artificial=0.0 cols=2963
[clean-BPC  1939.49s] node 5 cg=2 phase=phase2 obj=235.266024 artificial=0.0 cols=2963
[clean-BPC  1943.98s] node 5 cg=2 phase=phase2 kind=heuristic best_rc=-0.0 found=0 added=0 exhausted=False cert=False
[clean-BPC  1961.57s] node 5 cg=2 phase=phase2 kind=heuristic_boost best_rc=-0.0 found=0 added=0 exhausted=True cert=True
[clean-BPC  1981.58s] route-pack-conflict diag node 5 source_vehicle=1 routes=5 U=4 complete=True cache_hit=True states=91 added=0
[clean-BPC  1982.67s] route-pack-conflict diag node 5 source_vehicle=1 routes=5 U=3 complete=True cache_hit=False states=101 added=2
[clean-BPC  1982.67s] cut_added family=schedule_route_set_packing node=5 added=2 source=schedule_conflict first(vehicle=1, routes=5, U=3, states=101, cache_hit=False)
[clean-BPC  1999.86s] rim-conflict diag node 5 conflicts=18 pair_events=0 pair_cuts=0 schedcap_events=0 schedcap_cuts=0 routepack_events=2 routepack_cuts=2 routepack_cache=1 routepack_states_max=101 routepack_budget_skip=16 nogood_events=0 nogood_cuts=0 weak_skip=17
[clean-BPC    20.01s] restricted-MIP node 5 status=TIME_LIMIT obj=None accepted=False routes=2963 rejected=18 pair=0 ng=2 route_pack=34 sched_cap=0 added_cuts=2 time=20.009216
[clean-BPC  1999.86s] node 5 d=2 lb=235.266024 open=13
[clean-BPC  2000.28s] node 5 cg=1 phase=phase1 obj=0.0 artificial=0.0 cols=2963
[clean-BPC  2000.72s] node 5 cg=2 phase=phase2 obj=235.266024 artificial=0.0 cols=2963
[clean-BPC  2005.23s] node 5 cg=2 phase=phase2 kind=heuristic best_rc=-0.0 found=0 added=0 exhausted=False cert=False
[clean-BPC  2022.86s] node 5 cg=2 phase=phase2 kind=heuristic_boost best_rc=-0.0 found=0 added=0 exhausted=True cert=True
[clean-BPC  2042.92s] route-pack-conflict diag node 5 source_vehicle=1 routes=5 U=4 complete=True cache_hit=True states=91 added=0
[clean-BPC  2044.00s] route-pack-conflict diag node 5 source_vehicle=1 routes=5 U=3 complete=True cache_hit=False states=95 added=2
[clean-BPC  2044.00s] cut_added family=schedule_route_set_packing node=5 added=2 source=schedule_conflict first(vehicle=1, routes=5, U=3, states=95, cache_hit=False)
[clean-BPC  2059.11s] rim-conflict diag node 5 conflicts=19 pair_events=0 pair_cuts=0 schedcap_events=0 schedcap_cuts=0 routepack_events=2 routepack_cuts=2 routepack_cache=1 routepack_states_max=95 routepack_budget_skip=17 nogood_events=0 nogood_cuts=0 weak_skip=18
[clean-BPC    20.06s] restricted-MIP node 5 status=TIME_LIMIT obj=None accepted=False routes=2963 rejected=19 pair=0 ng=2 route_pack=36 sched_cap=0 added_cuts=2 time=20.05699
[clean-BPC  2059.11s] node 5 d=2 lb=235.266024 open=13
[clean-BPC  2059.53s] node 5 cg=1 phase=phase1 obj=0.0 artificial=0.0 cols=2963
[clean-BPC  2059.98s] node 5 cg=2 phase=phase2 obj=235.266024 artificial=0.0 cols=2963
[clean-BPC  2064.53s] node 5 cg=2 phase=phase2 kind=heuristic best_rc=-0.0 found=0 added=0 exhausted=False cert=False
[clean-BPC  2084.55s] node 5 cg=2 phase=phase2 kind=heuristic_boost best_rc=-0.0 found=0 added=0 exhausted=True cert=True
[clean-BPC  2104.57s] route-pack-conflict diag node 5 source_vehicle=1 routes=5 U=4 complete=True cache_hit=True states=91 added=0
[clean-BPC  2105.64s] route-pack-conflict diag node 5 source_vehicle=1 routes=5 U=3 complete=True cache_hit=False states=85 added=2
[clean-BPC  2105.64s] cut_added family=schedule_route_set_packing node=5 added=2 source=schedule_conflict first(vehicle=1, routes=5, U=3, states=85, cache_hit=False)
[clean-BPC  2118.31s] rim-conflict diag node 5 conflicts=18 pair_events=0 pair_cuts=0 schedcap_events=0 schedcap_cuts=0 routepack_events=2 routepack_cuts=2 routepack_cache=1 routepack_states_max=91 routepack_budget_skip=16 nogood_events=0 nogood_cuts=0 weak_skip=17
[clean-BPC    20.02s] restricted-MIP node 5 status=TIME_LIMIT obj=None accepted=False routes=2963 rejected=18 pair=0 ng=2 route_pack=34 sched_cap=0 added_cuts=2 time=20.015294
[clean-BPC  2118.32s] node 5 d=2 lb=235.266024 open=13
[clean-BPC  2118.76s] node 5 cg=1 phase=phase1 obj=0.0 artificial=0.0 cols=2963
[clean-BPC  2119.21s] node 5 cg=2 phase=phase2 obj=235.266024 artificial=0.0 cols=2963
[clean-BPC  2123.74s] node 5 cg=2 phase=phase2 kind=heuristic best_rc=-0.0 found=0 added=0 exhausted=False cert=False
[clean-BPC  2141.31s] node 5 cg=2 phase=phase2 kind=heuristic_boost best_rc=-0.0 found=0 added=0 exhausted=True cert=True
[clean-BPC  2161.34s] route-pack-conflict diag node 5 source_vehicle=1 routes=5 U=4 complete=True cache_hit=True states=91 added=0
[clean-BPC  2162.41s] route-pack-conflict diag node 5 source_vehicle=1 routes=5 U=3 complete=True cache_hit=False states=88 added=2
[clean-BPC  2162.41s] cut_added family=schedule_route_set_packing node=5 added=2 source=schedule_conflict first(vehicle=1, routes=5, U=3, states=88, cache_hit=False)
[clean-BPC  2173.96s] rim-conflict diag node 5 conflicts=18 pair_events=0 pair_cuts=0 schedcap_events=0 schedcap_cuts=0 routepack_events=2 routepack_cuts=2 routepack_cache=1 routepack_states_max=91 routepack_budget_skip=16 nogood_events=0 nogood_cuts=0 weak_skip=17
[clean-BPC    20.03s] restricted-MIP node 5 status=TIME_LIMIT obj=None accepted=False routes=2963 rejected=18 pair=0 ng=2 route_pack=34 sched_cap=0 added_cuts=2 time=20.027363
[clean-BPC  2173.96s] node 5 d=2 lb=235.266024 open=13
[clean-BPC  2174.39s] node 5 cg=1 phase=phase1 obj=0.0 artificial=0.0 cols=2963
[clean-BPC  2174.85s] node 5 cg=2 phase=phase2 obj=235.266024 artificial=0.0 cols=2963
[clean-BPC  2179.38s] node 5 cg=2 phase=phase2 kind=heuristic best_rc=-0.0 found=0 added=0 exhausted=False cert=False
[clean-BPC  2199.33s] node 5 cg=2 phase=phase2 kind=heuristic_boost best_rc=-0.0 found=0 added=0 exhausted=True cert=True
[clean-BPC  2208.20s] branch node 5: left=RF(7,12)=separate right=RF(7,12)=same
[clean-BPC  2208.20s] node 27 d=3 lb=235.266024 open=14
[clean-BPC  2208.53s] node 27 cg=1 phase=phase1 obj=0.0 artificial=0.0 cols=2963
[clean-BPC  2208.85s] node 27 cg=2 phase=phase2 obj=236.130044 artificial=0.0 cols=2963
[clean-BPC  2212.95s] node 27 cg=2 phase=phase2 kind=heuristic best_rc=-1.0447978 found=6 added=6 exhausted=False cert=False
[clean-BPC  2213.28s] node 27 cg=3 phase=phase2 obj=236.130044 artificial=0.0 cols=2969
[clean-BPC  2217.81s] node 27 cg=3 phase=phase2 kind=heuristic best_rc=0.0 found=0 added=0 exhausted=False cert=False
[clean-BPC  2233.07s] node 27 cg=3 phase=phase2 kind=heuristic_boost best_rc=0.0 found=0 added=0 exhausted=True cert=True
[clean-BPC  2236.76s] branch node 27: left=RF(4,10)=separate right=RF(4,10)=same
[clean-BPC  2236.76s] node 28 d=3 lb=235.266024 open=15
[clean-BPC  2237.12s] node 28 cg=1 phase=phase1 obj=0.0 artificial=0.0 cols=2969
[clean-BPC  2237.51s] node 28 cg=2 phase=phase2 obj=235.79236 artificial=0.0 cols=2969
[clean-BPC  2241.30s] node 28 cg=2 phase=phase2 kind=heuristic best_rc=-0.279602 found=4 added=4 exhausted=False cert=False
[clean-BPC  2241.68s] node 28 cg=3 phase=phase2 obj=235.79236 artificial=0.0 cols=2973
[clean-BPC  2245.13s] node 28 cg=3 phase=phase2 kind=heuristic best_rc=-0.0 found=0 added=0 exhausted=False cert=False
[clean-BPC  2254.47s] node 28 cg=3 phase=phase2 kind=heuristic_boost best_rc=-0.0 found=0 added=0 exhausted=True cert=True
[clean-BPC  2260.16s] branch node 28: left=RF(2,8)=separate right=RF(2,8)=same
[clean-BPC  2260.16s] node 8 d=3 lb=235.325406 open=16
[clean-BPC  2260.35s] node 8 cg=1 phase=phase1 obj=0.0 artificial=0.0 cols=2973
[clean-BPC  2260.54s] node 8 cg=2 phase=phase2 obj=235.325406 artificial=0.0 cols=2973
[clean-BPC  2263.82s] node 8 cg=2 phase=phase2 kind=heuristic best_rc=-0.040415 found=2 added=2 exhausted=False cert=False
[clean-BPC  2264.01s] node 8 cg=3 phase=phase2 obj=235.325406 artificial=0.0 cols=2975
[clean-BPC  2267.13s] node 8 cg=3 phase=phase2 kind=heuristic best_rc=0.0 found=0 added=0 exhausted=False cert=False
[clean-BPC  2283.63s] node 8 cg=3 phase=phase2 kind=heuristic_boost best_rc=-0.0 found=0 added=0 exhausted=True cert=True
[clean-BPC  2286.43s] branch node 8: left=RF(2,8)=separate right=RF(2,8)=same
[clean-BPC  2286.43s] node 33 d=4 lb=235.325406 open=17
[clean-BPC  2286.62s] node 33 cg=1 phase=phase1 obj=0.0 artificial=0.0 cols=2975
[clean-BPC  2286.82s] node 33 cg=2 phase=phase2 obj=236.298328 artificial=0.0 cols=2975
[clean-BPC  2289.96s] node 33 cg=2 phase=phase2 kind=heuristic best_rc=-1.392468 found=25 added=25 exhausted=False cert=False
[clean-BPC  2290.17s] node 33 cg=3 phase=phase2 obj=236.298328 artificial=0.0 cols=3000
[clean-BPC  2293.42s] node 33 cg=3 phase=phase2 kind=heuristic best_rc=-0.534474667 found=6 added=6 exhausted=False cert=False
[clean-BPC  2293.61s] node 33 cg=4 phase=phase2 obj=236.298328 artificial=0.0 cols=3006
[clean-BPC  2296.86s] node 33 cg=4 phase=phase2 kind=heuristic best_rc=0.0 found=0 added=0 exhausted=False cert=False
[clean-BPC  2308.17s] node 33 cg=4 phase=phase2 kind=heuristic_boost best_rc=-0.0 found=0 added=0 exhausted=True cert=True
[clean-BPC  2308.18s] route-pack-conflict diag node 33 source_vehicle=1 routes=5 U=3 complete=True cache_hit=False states=89 added=2
[clean-BPC  2308.18s] cut_added family=schedule_route_set_packing node=33 added=2 source=schedule_conflict first(vehicle=1, routes=5, U=3, states=89, cache_hit=False)
[clean-BPC  2308.18s] node 34 d=4 lb=235.325406 open=17
[clean-BPC  2308.36s] node 34 cg=1 phase=phase1 obj=0.0 artificial=0.0 cols=3006
[clean-BPC  2308.53s] node 34 cg=2 phase=phase2 obj=236.24767 artificial=0.0 cols=3006
[clean-BPC  2311.72s] node 34 cg=2 phase=phase2 kind=heuristic best_rc=-0.700164286 found=17 added=17 exhausted=False cert=False
[clean-BPC  2311.90s] node 34 cg=3 phase=phase2 obj=236.24767 artificial=0.0 cols=3023
[clean-BPC  2315.12s] node 34 cg=3 phase=phase2 kind=heuristic best_rc=-0.147971857 found=1 added=1 exhausted=False cert=False
[clean-BPC  2315.30s] node 34 cg=4 phase=phase2 obj=236.24767 artificial=0.0 cols=3024
[clean-BPC  2315.30s] cut_purged node=34 removed=1 by_kind={'schedule_nogood_core': 1} remaining=126
[clean-BPC  2315.48s] node 34 cg=5 phase=phase2 obj=236.24767 artificial=0.0 cols=3024
[clean-BPC  2318.70s] node 34 cg=5 phase=phase2 kind=heuristic best_rc=0.0 found=0 added=0 exhausted=False cert=False
[clean-BPC  2329.58s] node 34 cg=5 phase=phase2 kind=heuristic_boost best_rc=-1.826118571 found=106 added=106 exhausted=True cert=True
[clean-BPC  2329.77s] node 34 cg=6 phase=phase2 obj=236.24767 artificial=0.0 cols=3130
[clean-BPC  2332.96s] node 34 cg=6 phase=phase2 kind=heuristic best_rc=0.0 found=0 added=0 exhausted=False cert=False
[clean-BPC  2342.95s] node 34 cg=6 phase=phase2 kind=heuristic_boost best_rc=-0.0 found=0 added=0 exhausted=True cert=True
[clean-BPC  2345.10s] branch node 34: left=RF(11,14)=separate right=RF(11,14)=same
[clean-BPC  2345.10s] node 22 d=8 lb=235.407469 open=18
[clean-BPC  2345.30s] node 22 cg=1 phase=phase1 obj=0.0 artificial=0.0 cols=3130
[clean-BPC  2345.52s] node 22 cg=2 phase=phase2 obj=236.03403 artificial=0.0 cols=3130
[clean-BPC  2348.77s] node 22 cg=2 phase=phase2 kind=heuristic best_rc=-0.690554636 found=2 added=2 exhausted=False cert=False
[clean-BPC  2348.99s] node 22 cg=3 phase=phase2 obj=236.03403 artificial=0.0 cols=3132
[clean-BPC  2352.34s] node 22 cg=3 phase=phase2 kind=heuristic best_rc=0.0 found=0 added=0 exhausted=False cert=False
[clean-BPC  2363.03s] node 22 cg=3 phase=phase2 kind=heuristic_boost best_rc=-0.062143136 found=1 added=1 exhausted=True cert=True
[clean-BPC  2363.25s] node 22 cg=4 phase=phase2 obj=236.03403 artificial=0.0 cols=3133
[clean-BPC  2366.70s] node 22 cg=4 phase=phase2 kind=heuristic best_rc=-0.0 found=0 added=0 exhausted=False cert=False
[clean-BPC  2377.52s] node 22 cg=4 phase=phase2 kind=heuristic_boost best_rc=-0.686771091 found=7 added=7 exhausted=True cert=True
[clean-BPC  2377.75s] node 22 cg=5 phase=phase2 obj=236.03403 artificial=0.0 cols=3140
[clean-BPC  2381.20s] node 22 cg=5 phase=phase2 kind=heuristic best_rc=-0.0 found=0 added=0 exhausted=False cert=False
[clean-BPC  2392.18s] node 22 cg=5 phase=phase2 kind=heuristic_boost best_rc=-1.549569 found=21 added=21 exhausted=True cert=True
[clean-BPC  2392.40s] node 22 cg=6 phase=phase2 obj=236.03403 artificial=0.0 cols=3161
[clean-BPC  2395.51s] node 22 cg=6 phase=phase2 kind=heuristic best_rc=0.0 found=0 added=0 exhausted=False cert=False
[clean-BPC  2404.47s] node 22 cg=6 phase=phase2 kind=heuristic_boost best_rc=0.0 found=0 added=0 exhausted=True cert=True
[clean-BPC  2407.22s] branch node 22: left=RF(11,14)=separate right=RF(11,14)=same
[clean-BPC  2407.22s] node 21 d=8 lb=235.407469 open=19
[clean-BPC  2407.54s] node 21 cg=1 phase=phase1 obj=0.0 artificial=0.0 cols=3161
[clean-BPC  2407.86s] node 21 cg=2 phase=phase2 obj=236.162528 artificial=0.0 cols=3161
[clean-BPC  2412.29s] node 21 cg=2 phase=phase2 kind=heuristic best_rc=-0.105859167 found=2 added=2 exhausted=False cert=False
[clean-BPC  2412.61s] node 21 cg=3 phase=phase2 obj=236.162528 artificial=0.0 cols=3163
[clean-BPC  2416.95s] node 21 cg=3 phase=phase2 kind=heuristic best_rc=0.0 found=0 added=0 exhausted=False cert=False
[clean-BPC  2431.67s] node 21 cg=3 phase=phase2 kind=heuristic_boost best_rc=0.0 found=0 added=0 exhausted=True cert=True
[clean-BPC  2435.71s] branch node 21: left=RF(7,15)=separate right=RF(7,15)=same
[clean-BPC  2435.71s] node 26 d=7 lb=235.506122 open=20
[clean-BPC  2435.95s] node 26 cg=1 phase=phase1 obj=0.0 artificial=0.0 cols=3163
[clean-BPC  2436.20s] node 26 cg=2 phase=phase2 obj=236.62242 artificial=0.0 cols=3163
[clean-BPC  2439.40s] node 26 cg=2 phase=phase2 kind=heuristic best_rc=-2.220271 found=29 added=29 exhausted=False cert=False
[clean-BPC  2439.63s] node 26 cg=3 phase=phase2 obj=236.325263 artificial=0.0 cols=3192
[clean-BPC  2442.75s] node 26 cg=3 phase=phase2 kind=heuristic best_rc=0.044080667 found=0 added=0 exhausted=False cert=False
[clean-BPC  2459.13s] node 26 cg=3 phase=phase2 kind=heuristic_boost best_rc=0.044080667 found=0 added=0 exhausted=True cert=True
[clean-BPC  2462.32s] branch node 26: left=RF(7,15)=separate right=RF(7,15)=same
[clean-BPC  2462.32s] node 25 d=7 lb=235.506122 open=21
[clean-BPC  2462.68s] node 25 cg=1 phase=phase1 obj=0.0 artificial=0.0 cols=3192
[clean-BPC  2463.08s] node 25 cg=2 phase=phase2 obj=236.055264 artificial=0.0 cols=3192
[clean-BPC  2467.14s] node 25 cg=2 phase=phase2 kind=heuristic best_rc=-0.105767 found=2 added=2 exhausted=False cert=False
[clean-BPC  2467.52s] node 25 cg=3 phase=phase2 obj=236.055264 artificial=0.0 cols=3194
[clean-BPC  2471.67s] node 25 cg=3 phase=phase2 kind=heuristic best_rc=0.0 found=0 added=0 exhausted=False cert=False
[clean-BPC  2489.55s] node 25 cg=3 phase=phase2 kind=heuristic_boost best_rc=-0.173471 found=3 added=3 exhausted=True cert=True
[clean-BPC  2489.94s] node 25 cg=4 phase=phase2 obj=236.055264 artificial=0.0 cols=3197
[clean-BPC  2494.12s] node 25 cg=4 phase=phase2 kind=heuristic best_rc=-0.0 found=0 added=0 exhausted=False cert=False
[clean-BPC  2511.77s] node 25 cg=4 phase=phase2 kind=heuristic_boost best_rc=-0.0 found=0 added=0 exhausted=True cert=True
[clean-BPC  2511.77s] route-pack-conflict diag node 25 source_vehicle=1 routes=5 U=3 complete=True cache_hit=False states=87 added=2
[clean-BPC  2511.77s] cut_added family=schedule_route_set_packing node=25 added=2 source=schedule_conflict first(vehicle=1, routes=5, U=3, states=87, cache_hit=False)
[clean-BPC  2511.77s] node 31 d=4 lb=235.79236 open=21
[clean-BPC  2512.16s] node 31 cg=1 phase=phase1 obj=0.0 artificial=0.0 cols=3197
[clean-BPC  2512.55s] node 31 cg=2 phase=phase2 obj=236.143493 artificial=0.0 cols=3197
[clean-BPC  2516.15s] node 31 cg=2 phase=phase2 kind=heuristic best_rc=-0.908877667 found=4 added=4 exhausted=False cert=False
[clean-BPC  2516.53s] node 31 cg=3 phase=phase2 obj=235.79236 artificial=0.0 cols=3201
[clean-BPC  2520.12s] node 31 cg=3 phase=phase2 kind=heuristic best_rc=0.0 found=0 added=0 exhausted=False cert=False
[clean-BPC  2529.86s] node 31 cg=3 phase=phase2 kind=heuristic_boost best_rc=0.0 found=0 added=0 exhausted=True cert=True
[clean-BPC  2534.92s] branch node 31: left=RF(2,15)=separate right=RF(2,15)=same
[clean-BPC  2534.92s] node 32 d=4 lb=235.79236 open=22
[clean-BPC  2535.26s] node 32 cg=1 phase=phase1 obj=0.0 artificial=0.0 cols=3201
[clean-BPC  2535.63s] node 32 cg=2 phase=phase2 obj=236.951165 artificial=0.0 cols=3201
[clean-BPC  2539.08s] node 32 cg=2 phase=phase2 kind=heuristic best_rc=-2.298127333 found=10 added=10 exhausted=False cert=False
[clean-BPC  2539.43s] node 32 cg=3 phase=phase2 obj=236.275935 artificial=0.0 cols=3211
[clean-BPC  2542.61s] node 32 cg=3 phase=phase2 kind=heuristic best_rc=-0.0 found=0 added=0 exhausted=False cert=False
[clean-BPC  2550.27s] node 32 cg=3 phase=phase2 kind=heuristic_boost best_rc=-0.2462175 found=13 added=13 exhausted=True cert=True
[clean-BPC  2550.63s] node 32 cg=4 phase=phase2 obj=236.275935 artificial=0.0 cols=3224
[clean-BPC  2553.88s] node 32 cg=4 phase=phase2 kind=heuristic best_rc=0.0 found=0 added=0 exhausted=False cert=False
[clean-BPC  2561.58s] node 32 cg=4 phase=phase2 kind=heuristic_boost best_rc=0.0 found=0 added=0 exhausted=True cert=True
[clean-BPC  2566.49s] branch node 32: left=RF(2,16)=separate right=RF(2,16)=same
[clean-BPC  2566.49s] node 43 d=5 lb=235.79236 open=23
[clean-BPC  2566.87s] node 43 cg=1 phase=phase1 obj=0.0 artificial=0.0 cols=3224
[clean-BPC  2567.25s] node 43 cg=2 phase=phase2 obj=236.350104 artificial=0.0 cols=3224
[clean-BPC  2570.77s] node 43 cg=2 phase=phase2 kind=heuristic best_rc=-0.0 found=0 added=0 exhausted=False cert=False
[clean-BPC  2581.01s] node 43 cg=2 phase=phase2 kind=heuristic_boost best_rc=-0.0 found=0 added=0 exhausted=True cert=True
[clean-BPC  2585.86s] branch node 43: left=RF(7,16)=separate right=RF(7,16)=same
[clean-BPC  2585.86s] node 44 d=5 lb=235.79236 open=24
[clean-BPC  2586.10s] node 44 cg=1 phase=phase1 obj=0.0 artificial=0.0 cols=3224
[clean-BPC  2586.35s] node 44 cg=2 phase=phase2 obj=236.951165 artificial=0.0 cols=3224
[clean-BPC  2589.56s] node 44 cg=2 phase=phase2 kind=heuristic best_rc=-0.433359667 found=6 added=6 exhausted=False cert=False
[clean-BPC  2589.82s] node 44 cg=3 phase=phase2 obj=236.951165 artificial=0.0 cols=3230
[clean-BPC  2593.19s] node 44 cg=3 phase=phase2 kind=heuristic best_rc=0.0 found=0 added=0 exhausted=False cert=False
[clean-BPC  2607.86s] node 44 cg=3 phase=phase2 kind=heuristic_boost best_rc=0.0 found=0 added=0 exhausted=True cert=True
[clean-BPC  2611.25s] branch node 44: left=RF(12,15)=separate right=RF(12,15)=same
[clean-BPC  2611.25s] node 24 d=8 lb=235.985197 open=25
[clean-BPC  2611.48s] node 24 cg=1 phase=phase1 obj=0.0 artificial=0.0 cols=3230
[clean-BPC  2611.71s] node 24 cg=2 phase=phase2 obj=236.442008 artificial=0.0 cols=3230
[clean-BPC  2614.97s] node 24 cg=2 phase=phase2 kind=heuristic best_rc=-1.210181944 found=12 added=12 exhausted=False cert=False
[clean-BPC  2615.20s] node 24 cg=3 phase=phase2 obj=236.442008 artificial=0.0 cols=3242
[clean-BPC  2618.47s] node 24 cg=3 phase=phase2 kind=heuristic best_rc=-1.1151415 found=2 added=2 exhausted=False cert=False
[clean-BPC  2618.71s] node 24 cg=4 phase=phase2 obj=236.442008 artificial=0.0 cols=3244
[clean-BPC  2622.02s] node 24 cg=4 phase=phase2 kind=heuristic best_rc=0.0 found=0 added=0 exhausted=False cert=False
[clean-BPC  2630.74s] node 24 cg=4 phase=phase2 kind=heuristic_boost best_rc=0.0 found=0 added=0 exhausted=True cert=True
[clean-BPC  2630.76s] route-pack-conflict diag node 24 source_vehicle=1 routes=5 U=4 complete=True cache_hit=False states=104 added=0
[clean-BPC  2631.24s] cut_added family=schedule_nogood_core node=24 added=2 source_vehicle=1 route_count=3 signatures=[[6, 10, 18, 17, 4], [8, 5, 2], [1, 9, 11, 3]]
[clean-BPC  2631.24s] node 23 d=8 lb=235.985197 open=25
[clean-BPC  2631.56s] node 23 cg=1 phase=phase1 obj=0.0 artificial=0.0 cols=3244
[clean-BPC  2631.90s] node 23 cg=2 phase=phase2 obj=236.706596 artificial=0.0 cols=3244
[clean-BPC  2635.62s] node 23 cg=2 phase=phase2 kind=heuristic best_rc=-0.375986 found=1 added=1 exhausted=False cert=False
[clean-BPC  2635.97s] node 23 cg=3 phase=phase2 obj=236.581267 artificial=0.0 cols=3245
[clean-BPC  2639.81s] node 23 cg=3 phase=phase2 kind=heuristic best_rc=0.016819917 found=0 added=0 exhausted=False cert=False
[clean-BPC  2652.64s] node 23 cg=3 phase=phase2 kind=heuristic_boost best_rc=0.015120167 found=0 added=0 exhausted=True cert=True
[clean-BPC  2656.31s] branch node 23: left=RF(7,15)=separate right=RF(7,15)=same
[clean-BPC  2656.31s] node 38 d=9 lb=236.03403 open=26
[clean-BPC  2656.50s] node 38 cg=1 phase=phase1 obj=0.0 artificial=0.0 cols=3245
[clean-BPC  2656.66s] node 38 cg=2 phase=phase2 obj=242.096313 artificial=0.0 cols=3245
[clean-BPC  2659.47s] node 38 cg=2 phase=phase2 kind=heuristic best_rc=-4.860242 found=180 added=180 exhausted=False cert=False
[clean-BPC  2659.67s] node 38 cg=3 phase=phase2 obj=239.218119 artificial=0.0 cols=3425
[clean-BPC  2662.73s] node 38 cg=3 phase=phase2 kind=heuristic best_rc=-0.967727 found=2 added=2 exhausted=False cert=False
[clean-BPC  2662.94s] node 38 cg=4 phase=phase2 obj=239.218119 artificial=0.0 cols=3427
[clean-BPC  2666.01s] node 38 cg=4 phase=phase2 kind=heuristic best_rc=0.136995 found=0 added=0 exhausted=False cert=False
[clean-BPC  2675.66s] node 38 cg=4 phase=phase2 kind=heuristic_boost best_rc=0.136995 found=0 added=0 exhausted=True cert=True
[clean-BPC  2678.29s] branch node 38: left=arc(13,18)=off right=arc(13,18)=on
[clean-BPC  2678.29s] node 37 d=9 lb=236.03403 open=27
[clean-BPC  2678.54s] node 37 cg=1 phase=phase1 obj=0.0 artificial=0.0 cols=3427
[clean-BPC  2678.81s] node 37 cg=2 phase=phase2 obj=236.055264 artificial=0.0 cols=3427
[clean-BPC  2681.86s] node 37 cg=2 phase=phase2 kind=heuristic best_rc=-0.454081417 found=2 added=2 exhausted=False cert=False
[clean-BPC  2682.12s] node 37 cg=3 phase=phase2 obj=236.055264 artificial=0.0 cols=3429
[clean-BPC  2685.11s] node 37 cg=3 phase=phase2 kind=heuristic best_rc=-0.0 found=0 added=0 exhausted=False cert=False
[clean-BPC  2691.74s] node 37 cg=3 phase=phase2 kind=heuristic_boost best_rc=-0.0 found=0 added=0 exhausted=True cert=True
[clean-BPC  2691.74s] route-pack-conflict diag node 37 source_vehicle=1 routes=5 U=4 complete=True cache_hit=True states=96 added=0
[clean-BPC  2693.06s] cut_added family=schedule_nogood_core node=37 added=2 source_vehicle=1 route_count=4 signatures=[[4, 17, 18, 10, 6], [2, 5, 8], [7, 12, 20, 15, 16], [1, 9, 11]]
[clean-BPC  2693.06s] node 25 d=7 lb=236.055264 open=27
[clean-BPC  2693.49s] node 25 cg=1 phase=phase1 obj=0.0 artificial=0.0 cols=3429
[clean-BPC  2693.93s] node 25 cg=2 phase=phase2 obj=236.055264 artificial=0.0 cols=3429
[clean-BPC  2693.93s] cut_purged node=25 removed=1 by_kind={'schedule_nogood_core': 1} remaining=131
[clean-BPC  2694.37s] node 25 cg=3 phase=phase2 obj=236.055264 artificial=0.0 cols=3429
[clean-BPC  2698.53s] node 25 cg=3 phase=phase2 kind=heuristic best_rc=-0.0 found=0 added=0 exhausted=False cert=False
[clean-BPC  2716.21s] node 25 cg=3 phase=phase2 kind=heuristic_boost best_rc=-0.0241 found=2 added=2 exhausted=True cert=True
[clean-BPC  2716.65s] node 25 cg=4 phase=phase2 obj=236.055264 artificial=0.0 cols=3431
[clean-BPC  2720.85s] node 25 cg=4 phase=phase2 kind=heuristic best_rc=0.0 found=0 added=0 exhausted=False cert=False
[clean-BPC  2738.54s] node 25 cg=4 phase=phase2 kind=heuristic_boost best_rc=0.0 found=0 added=0 exhausted=True cert=True
[clean-BPC  2745.13s] branch node 25: left=arc(10,18)=off right=arc(10,18)=on
[clean-BPC  2745.13s] node 37 d=9 lb=236.055264 open=28
[clean-BPC  2745.39s] node 37 cg=1 phase=phase1 obj=0.0 artificial=0.0 cols=3431
[clean-BPC  2745.65s] node 37 cg=2 phase=phase2 obj=236.055264 artificial=0.0 cols=3431
[clean-BPC  2748.68s] node 37 cg=2 phase=phase2 kind=heuristic best_rc=-0.0 found=0 added=0 exhausted=False cert=False
[clean-BPC  2755.22s] node 37 cg=2 phase=phase2 kind=heuristic_boost best_rc=-0.0 found=0 added=0 exhausted=True cert=True
[clean-BPC  2757.89s] branch node 37: left=arc(10,18)=off right=arc(10,18)=on
[clean-BPC  2757.89s] node 55 d=8 lb=236.055264 open=29
[clean-BPC  2758.31s] node 55 cg=1 phase=phase1 obj=0.0 artificial=0.0 cols=3431
[clean-BPC  2758.74s] node 55 cg=2 phase=phase2 obj=236.055264 artificial=0.0 cols=3431
[clean-BPC  2762.84s] node 55 cg=2 phase=phase2 kind=heuristic best_rc=-0.6781925 found=8 added=8 exhausted=False cert=False
[clean-BPC  2763.27s] node 55 cg=3 phase=phase2 obj=236.055264 artificial=0.0 cols=3439
[clean-BPC  2767.26s] node 55 cg=3 phase=phase2 kind=heuristic best_rc=0.192409 found=0 added=0 exhausted=False cert=False
[clean-BPC  2782.67s] node 55 cg=3 phase=phase2 kind=heuristic_boost best_rc=-1.706672 found=16 added=16 exhausted=True cert=True
[clean-BPC  2783.10s] node 55 cg=4 phase=phase2 obj=236.055264 artificial=0.0 cols=3455
[clean-BPC  2786.99s] node 55 cg=4 phase=phase2 kind=heuristic best_rc=0.264199 found=0 added=0 exhausted=False cert=False
[clean-BPC  2802.07s] node 55 cg=4 phase=phase2 kind=heuristic_boost best_rc=0.211751 found=0 added=0 exhausted=True cert=True
[clean-BPC  2802.07s] route-pack-conflict diag node 55 source_vehicle=1 routes=5 U=4 complete=True cache_hit=False states=85 added=0
[clean-BPC  2802.58s] cut_added family=schedule_nogood_core node=55 added=2 source_vehicle=1 route_count=3 signatures=[[3, 13, 19, 14], [4, 17, 18, 10, 6], [11, 9, 1]]
[clean-BPC  2802.58s] node 56 d=8 lb=236.055264 open=29
[clean-BPC  2803.01s] node 56 cg=1 phase=phase1 obj=0.0 artificial=0.0 cols=3455
[clean-BPC  2803.46s] node 56 cg=2 phase=phase2 obj=236.055264 artificial=0.0 cols=3455
[clean-BPC  2807.48s] node 56 cg=2 phase=phase2 kind=heuristic best_rc=-0.057923 found=8 added=8 exhausted=False cert=False
[clean-BPC  2807.92s] node 56 cg=3 phase=phase2 obj=236.055264 artificial=0.0 cols=3463
[clean-BPC  2811.86s] node 56 cg=3 phase=phase2 kind=heuristic best_rc=0.038498 found=0 added=0 exhausted=False cert=False
[clean-BPC  2827.92s] node 56 cg=3 phase=phase2 kind=heuristic_boost best_rc=0.038498 found=0 added=0 exhausted=True cert=True
[clean-BPC  2827.93s] route-pack-conflict diag node 56 source_vehicle=1 routes=5 U=4 complete=True cache_hit=False states=85 added=0
[clean-BPC  2828.24s] cut_added family=schedule_nogood_core node=56 added=2 source_vehicle=1 route_count=3 signatures=[[6, 10, 18, 17, 4], [8, 5, 2], [1, 11, 9]]
[clean-BPC  2828.24s] node 57 d=10 lb=236.055264 open=29
[clean-BPC  2828.50s] node 57 cg=1 phase=phase1 obj=0.0 artificial=0.0 cols=3463
[clean-BPC  2828.76s] node 57 cg=2 phase=phase2 obj=236.055264 artificial=0.0 cols=3463
[clean-BPC  2831.76s] node 57 cg=2 phase=phase2 kind=heuristic best_rc=0.0 found=0 added=0 exhausted=False cert=False
[clean-BPC  2838.26s] node 57 cg=2 phase=phase2 kind=heuristic_boost best_rc=0.0 found=0 added=0 exhausted=True cert=True
[clean-BPC  2840.85s] branch node 57: left=arc(12,7)=off right=arc(12,7)=on
[clean-BPC  2840.85s] node 58 d=10 lb=236.055264 open=30
[clean-BPC  2841.12s] node 58 cg=1 phase=phase1 obj=0.0 artificial=0.0 cols=3463
[clean-BPC  2841.39s] node 58 cg=2 phase=phase2 obj=236.055264 artificial=0.0 cols=3463
[clean-BPC  2844.46s] node 58 cg=2 phase=phase2 kind=heuristic best_rc=-0.0 found=0 added=0 exhausted=False cert=False
[clean-BPC  2853.76s] node 58 cg=2 phase=phase2 kind=heuristic_boost best_rc=-0.078959 found=1 added=1 exhausted=True cert=True
[clean-BPC  2854.03s] node 58 cg=3 phase=phase2 obj=236.055264 artificial=0.0 cols=3464
[clean-BPC  2857.20s] node 58 cg=3 phase=phase2 kind=heuristic best_rc=0.0 found=0 added=0 exhausted=False cert=False
[clean-BPC  2864.39s] node 58 cg=3 phase=phase2 kind=heuristic_boost best_rc=0.0 found=0 added=0 exhausted=True cert=True
[clean-BPC  2864.40s] route-pack-conflict diag node 58 source_vehicle=1 routes=5 U=4 complete=True cache_hit=True states=94 added=0
[clean-BPC  2864.70s] cut_added family=schedule_nogood_core node=58 added=2 source_vehicle=1 route_count=3 signatures=[[6, 10, 18, 17, 4], [2, 5, 8], [1, 9, 11]]
[clean-BPC  2864.70s] node 55 d=8 lb=236.055264 open=30
[clean-BPC  2865.13s] node 55 cg=1 phase=phase1 obj=0.0 artificial=0.0 cols=3464
[clean-BPC  2865.57s] node 55 cg=2 phase=phase2 obj=236.055264 artificial=0.0 cols=3464
[clean-BPC  2869.31s] node 55 cg=2 phase=phase2 kind=heuristic best_rc=0.350238 found=0 added=0 exhausted=False cert=False
[clean-BPC  2880.79s] node 55 cg=2 phase=phase2 kind=heuristic_boost best_rc=0.126405 found=0 added=0 exhausted=True cert=True
[clean-BPC  2880.79s] route-pack-conflict diag node 55 source_vehicle=1 routes=5 U=4 complete=True cache_hit=False states=79 added=0
[clean-BPC  2881.82s] cut_added family=schedule_nogood_core node=55 added=2 source_vehicle=1 route_count=3 signatures=[[8, 5, 2], [1, 11, 9], [14, 19, 13, 3]]
[clean-BPC  2881.82s] node 56 d=8 lb=236.055264 open=30
[clean-BPC  2882.28s] node 56 cg=1 phase=phase1 obj=0.0 artificial=0.0 cols=3464
[clean-BPC  2882.74s] node 56 cg=2 phase=phase2 obj=236.055264 artificial=0.0 cols=3464
[clean-BPC  2886.56s] node 56 cg=2 phase=phase2 kind=heuristic best_rc=-0.119415571 found=2 added=2 exhausted=False cert=False
[clean-BPC  2887.00s] node 56 cg=3 phase=phase2 obj=236.055264 artificial=0.0 cols=3466
[clean-BPC  2890.82s] node 56 cg=3 phase=phase2 kind=heuristic best_rc=0.264199 found=0 added=0 exhausted=False cert=False
[clean-BPC  2906.81s] node 56 cg=3 phase=phase2 kind=heuristic_boost best_rc=-0.315753 found=3 added=3 exhausted=True cert=True
[clean-BPC  2907.25s] node 56 cg=4 phase=phase2 obj=236.055264 artificial=0.0 cols=3469
[clean-BPC  2907.25s] cut_purged node=56 removed=1 by_kind={'subset_row': 1} remaining=138
[clean-BPC  2907.69s] node 56 cg=5 phase=phase2 obj=236.055264 artificial=0.0 cols=3469
[clean-BPC  2911.48s] node 56 cg=5 phase=phase2 kind=heuristic best_rc=0.264199 found=0 added=0 exhausted=False cert=False
[clean-BPC  2924.81s] node 56 cg=5 phase=phase2 kind=heuristic_boost best_rc=-0.6123036 found=3 added=3 exhausted=True cert=True
[clean-BPC  2925.25s] node 56 cg=6 phase=phase2 obj=236.055264 artificial=0.0 cols=3472
[clean-BPC  2925.25s] cut_purged node=56 removed=6 by_kind={'subset_row': 4, 'limited_memory_rank1': 2} remaining=132
[clean-BPC  2925.64s] node 56 cg=7 phase=phase2 obj=236.055264 artificial=0.0 cols=3472
[clean-BPC  2929.63s] node 56 cg=7 phase=phase2 kind=heuristic best_rc=0.318962 found=0 added=0 exhausted=False cert=False
[clean-BPC  2946.49s] node 56 cg=7 phase=phase2 kind=heuristic_boost best_rc=0.136995 found=0 added=0 exhausted=True cert=True
[clean-BPC  2949.76s] branch node 56: left=arc(2,5)=off right=arc(2,5)=on
[clean-BPC  2949.76s] node 59 d=11 lb=236.055264 open=31
[clean-BPC  2949.98s] node 59 cg=1 phase=phase1 obj=0.0 artificial=0.0 cols=3472
[clean-BPC  2950.19s] node 59 cg=2 phase=phase2 obj=236.055264 artificial=0.0 cols=3472
[clean-BPC  2953.14s] node 59 cg=2 phase=phase2 kind=heuristic best_rc=-0.0 found=0 added=0 exhausted=False cert=False
[clean-BPC  2959.57s] node 59 cg=2 phase=phase2 kind=heuristic_boost best_rc=-0.0 found=0 added=0 exhausted=True cert=True
[clean-BPC  2959.57s] route-pack-conflict diag node 59 source_vehicle=1 routes=5 U=4 complete=True cache_hit=False states=93 added=0
[clean-BPC  2960.88s] cut_added family=schedule_nogood_core node=59 added=2 source_vehicle=1 route_count=4 signatures=[[4, 17, 18, 10, 6], [2, 5, 8], [7, 12, 20, 15, 16], [9, 11, 1]]
[clean-BPC  2960.88s] node 60 d=11 lb=236.055264 open=31
[clean-BPC  2961.11s] node 60 cg=1 phase=phase1 obj=0.0 artificial=0.0 cols=3472
[clean-BPC  2961.33s] node 60 cg=2 phase=phase2 obj=236.055264 artificial=0.0 cols=3472
[clean-BPC  2964.36s] node 60 cg=2 phase=phase2 kind=heuristic best_rc=0.0 found=0 added=0 exhausted=False cert=False
[clean-BPC  2970.89s] node 60 cg=2 phase=phase2 kind=heuristic_boost best_rc=0.0 found=0 added=0 exhausted=True cert=True
[clean-BPC  2973.71s] branch node 60: left=arc(13,3)=off right=arc(13,3)=on
[clean-BPC  2973.71s] node 58 d=10 lb=236.055264 open=32
[clean-BPC  2973.96s] node 58 cg=1 phase=phase1 obj=0.0 artificial=0.0 cols=3472
[clean-BPC  2974.20s] node 58 cg=2 phase=phase2 obj=236.055264 artificial=0.0 cols=3472
[clean-BPC  2977.19s] node 58 cg=2 phase=phase2 kind=heuristic best_rc=0.0 found=0 added=0 exhausted=False cert=False
[clean-BPC  2983.77s] node 58 cg=2 phase=phase2 kind=heuristic_boost best_rc=0.0 found=0 added=0 exhausted=True cert=True
[clean-BPC  2986.22s] branch node 58: left=arc(11,1)=off right=arc(11,1)=on
[clean-BPC  2986.22s] node 55 d=8 lb=236.055264 open=33
[clean-BPC  2986.59s] node 55 cg=1 phase=phase1 obj=0.0 artificial=0.0 cols=3472
[clean-BPC  2987.00s] node 55 cg=2 phase=phase2 obj=236.055264 artificial=0.0 cols=3472
[clean-BPC  2990.77s] node 55 cg=2 phase=phase2 kind=heuristic best_rc=-0.011947 found=2 added=2 exhausted=False cert=False
[clean-BPC  2991.15s] node 55 cg=3 phase=phase2 obj=236.055264 artificial=0.0 cols=3474
[clean-BPC  2994.90s] node 55 cg=3 phase=phase2 kind=heuristic best_rc=0.298757 found=0 added=0 exhausted=False cert=False
[clean-BPC  3009.47s] node 55 cg=3 phase=phase2 kind=heuristic_boost best_rc=-1.0217235 found=4 added=4 exhausted=True cert=True
[clean-BPC  3009.86s] node 55 cg=4 phase=phase2 obj=236.055264 artificial=0.0 cols=3478
[clean-BPC  3013.86s] node 55 cg=4 phase=phase2 kind=heuristic best_rc=0.298757 found=0 added=0 exhausted=False cert=False
[clean-BPC  3029.47s] node 55 cg=4 phase=phase2 kind=heuristic_boost best_rc=0.08433 found=0 added=0 exhausted=True cert=True
[clean-BPC  3029.48s] route-pack-conflict diag node 55 source_vehicle=1 routes=5 U=4 complete=True cache_hit=False states=85 added=0
[clean-BPC  3030.53s] cut_added family=schedule_nogood_core node=55 added=2 source_vehicle=1 route_count=3 signatures=[[2, 5, 8], [11, 9, 1], [14, 19, 13, 3]]
[clean-BPC  3030.53s] node 61 d=9 lb=236.055264 open=33
[clean-BPC  3030.92s] node 61 cg=1 phase=phase1 obj=0.0 artificial=0.0 cols=3478
[clean-BPC  3031.33s] node 61 cg=2 phase=phase2 obj=236.055264 artificial=0.0 cols=3478
[clean-BPC  3031.33s] cut_purged node=61 removed=1 by_kind={'schedule_nogood_core': 1} remaining=135
[clean-BPC  3031.73s] node 61 cg=3 phase=phase2 obj=236.055264 artificial=0.0 cols=3478
[clean-BPC  3035.31s] node 61 cg=3 phase=phase2 kind=heuristic best_rc=0.405001 found=0 added=0 exhausted=False cert=False
[clean-BPC  3048.58s] node 61 cg=3 phase=phase2 kind=heuristic_boost best_rc=0.090102 found=0 added=0 exhausted=True cert=True
[clean-BPC  3048.59s] route-pack-conflict diag node 61 source_vehicle=1 routes=5 U=4 complete=True cache_hit=False states=79 added=0
[clean-BPC  3048.90s] cut_added family=schedule_nogood_core node=61 added=2 source_vehicle=1 route_count=3 signatures=[[6, 10, 18, 17, 4], [8, 5, 2], [11, 9, 1]]
[clean-BPC  3048.90s] node 62 d=9 lb=236.055264 open=33
[clean-BPC  3049.28s] node 62 cg=1 phase=phase1 obj=0.0 artificial=0.0 cols=3478
[clean-BPC  3049.69s] node 62 cg=2 phase=phase2 obj=236.055264 artificial=0.0 cols=3478
[clean-BPC  3053.60s] node 62 cg=2 phase=phase2 kind=heuristic best_rc=0.184979833 found=0 added=0 exhausted=False cert=False
[clean-BPC  3069.54s] node 62 cg=2 phase=phase2 kind=heuristic_boost best_rc=0.176366 found=0 added=0 exhausted=True cert=True
[clean-BPC  3069.55s] route-pack-conflict diag node 62 source_vehicle=1 routes=5 U=4 complete=True cache_hit=True states=88 added=0
[clean-BPC  3069.86s] cut_added family=schedule_nogood_core node=62 added=2 source_vehicle=1 route_count=3 signatures=[[6, 10, 18, 17, 4], [2, 5, 8], [11, 9, 1]]
[clean-BPC  3069.86s] node 59 d=11 lb=236.055264 open=33
[clean-BPC  3070.06s] node 59 cg=1 phase=phase1 obj=0.0 artificial=0.0 cols=3478
[clean-BPC  3070.26s] node 59 cg=2 phase=phase2 obj=236.055264 artificial=0.0 cols=3478
[clean-BPC  3073.26s] node 59 cg=2 phase=phase2 kind=heuristic best_rc=-0.0 found=0 added=0 exhausted=False cert=False
[clean-BPC  3079.69s] node 59 cg=2 phase=phase2 kind=heuristic_boost best_rc=-0.0 found=0 added=0 exhausted=True cert=True
[clean-BPC  3081.38s] branch node 59: left=arc(2,5)=off right=arc(2,5)=on
[clean-BPC  3081.38s] node 63 d=12 lb=236.055264 open=34
[clean-BPC  3081.61s] node 63 cg=1 phase=phase1 obj=0.0 artificial=0.0 cols=3478
[clean-BPC  3081.85s] node 63 cg=2 phase=phase2 obj=236.192147 artificial=0.0 cols=3478
[clean-BPC  3084.92s] node 63 cg=2 phase=phase2 kind=heuristic best_rc=0.136995 found=0 added=0 exhausted=False cert=False
[clean-BPC  3091.81s] node 63 cg=2 phase=phase2 kind=heuristic_boost best_rc=0.0253105 found=0 added=0 exhausted=True cert=True
[clean-BPC  3091.82s] route-pack-conflict diag node 63 source_vehicle=1 routes=5 U=3 complete=True cache_hit=False states=89 added=2
[clean-BPC  3091.82s] cut_added family=schedule_route_set_packing node=63 added=2 source=schedule_conflict first(vehicle=1, routes=5, U=3, states=89, cache_hit=False)
[clean-BPC  3091.82s] node 66 d=11 lb=236.055264 open=34
[clean-BPC  3092.05s] node 66 cg=1 phase=phase1 obj=0.0 artificial=0.0 cols=3478
[clean-BPC  3092.29s] node 66 cg=2 phase=phase2 obj=236.055264 artificial=0.0 cols=3478
[clean-BPC  3095.29s] node 66 cg=2 phase=phase2 kind=heuristic best_rc=-0.0 found=0 added=0 exhausted=False cert=False
[clean-BPC  3101.85s] node 66 cg=2 phase=phase2 kind=heuristic_boost best_rc=-0.0 found=0 added=0 exhausted=True cert=True
[clean-BPC  3101.86s] route-pack-conflict diag node 66 source_vehicle=1 routes=5 U=4 complete=True cache_hit=True states=88 added=0
[clean-BPC  3102.16s] cut_added family=schedule_nogood_core node=66 added=2 source_vehicle=1 route_count=3 signatures=[[6, 10, 18, 17, 4], [2, 5, 8], [9, 11, 1]]
[clean-BPC  3102.16s] node 61 d=9 lb=236.055264 open=34
[clean-BPC  3102.55s] node 61 cg=1 phase=phase1 obj=0.0 artificial=0.0 cols=3478
[clean-BPC  3102.97s] node 61 cg=2 phase=phase2 obj=236.123705 artificial=0.0 cols=3478
[clean-BPC  3106.69s] node 61 cg=2 phase=phase2 kind=heuristic best_rc=0.410854 found=0 added=0 exhausted=False cert=False
[clean-BPC  3120.21s] node 61 cg=2 phase=phase2 kind=heuristic_boost best_rc=0.190091 found=0 added=0 exhausted=True cert=True
[clean-BPC  3124.35s] branch node 61: left=arc(5,2)=off right=arc(5,2)=on
[clean-BPC  3124.35s] node 64 d=12 lb=236.055264 open=35
[clean-BPC  3124.60s] node 64 cg=1 phase=phase1 obj=0.0 artificial=0.0 cols=3478
[clean-BPC  3124.84s] node 64 cg=2 phase=phase2 obj=236.055264 artificial=0.0 cols=3478
[clean-BPC  3127.89s] node 64 cg=2 phase=phase2 kind=heuristic best_rc=-0.0 found=0 added=0 exhausted=False cert=False
[clean-BPC  3134.71s] node 64 cg=2 phase=phase2 kind=heuristic_boost best_rc=-0.0 found=0 added=0 exhausted=True cert=True
[clean-BPC  3134.72s] route-pack-conflict diag node 64 source_vehicle=1 routes=5 U=3 complete=True cache_hit=False states=81 added=2
[clean-BPC  3134.72s] cut_added family=schedule_route_set_packing node=64 added=2 source=schedule_conflict first(vehicle=1, routes=5, U=3, states=81, cache_hit=False)
[clean-BPC  3134.72s] node 67 d=12 lb=236.055264 open=35
[clean-BPC  3134.93s] node 67 cg=1 phase=phase1 obj=0.0 artificial=0.0 cols=3478
[clean-BPC  3135.14s] node 67 cg=2 phase=phase2 obj=236.055264 artificial=0.0 cols=3478
[clean-BPC  3138.10s] node 67 cg=2 phase=phase2 kind=heuristic best_rc=0.0 found=0 added=0 exhausted=False cert=False
[clean-BPC  3144.50s] node 67 cg=2 phase=phase2 kind=heuristic_boost best_rc=0.0 found=0 added=0 exhausted=True cert=True
[clean-BPC  3144.51s] route-pack-conflict diag node 67 source_vehicle=1 routes=5 U=4 complete=True cache_hit=False states=87 added=0
[clean-BPC  3145.81s] cut_added family=schedule_nogood_core node=67 added=2 source_vehicle=1 route_count=4 signatures=[[4, 17, 18, 10, 6], [8, 5, 2], [7, 12, 20, 15, 16], [1, 9, 11]]
[clean-BPC  3145.81s] node 68 d=12 lb=236.055264 open=35
[clean-BPC  3146.01s] node 68 cg=1 phase=phase1 obj=0.0 artificial=0.0 cols=3478
[clean-BPC  3146.22s] node 68 cg=2 phase=phase2 obj=236.191359 artificial=0.0 cols=3478
[clean-BPC  3149.33s] node 68 cg=2 phase=phase2 kind=heuristic best_rc=0.136995 found=0 added=0 exhausted=False cert=False
[clean-BPC  3156.03s] node 68 cg=2 phase=phase2 kind=heuristic_boost best_rc=0.136995 found=0 added=0 exhausted=True cert=True
[clean-BPC  3158.38s] branch node 68: left=RF(12,15)=separate right=RF(12,15)=same
[clean-BPC  3158.38s] node 66 d=11 lb=236.055264 open=36
[clean-BPC  3158.63s] node 66 cg=1 phase=phase1 obj=0.0 artificial=0.0 cols=3478
[clean-BPC  3158.88s] node 66 cg=2 phase=phase2 obj=236.055264 artificial=0.0 cols=3478
[clean-BPC  3161.83s] node 66 cg=2 phase=phase2 kind=heuristic best_rc=0.0 found=0 added=0 exhausted=False cert=False
[clean-BPC  3168.38s] node 66 cg=2 phase=phase2 kind=heuristic_boost best_rc=0.0 found=0 added=0 exhausted=True cert=True
[clean-BPC  3168.39s] route-pack-conflict diag node 66 source_vehicle=1 routes=5 U=4 complete=True cache_hit=True states=79 added=0
[clean-BPC  3168.69s] cut_added family=schedule_nogood_core node=66 added=2 source_vehicle=1 route_count=3 signatures=[[6, 10, 18, 17, 4], [8, 5, 2], [9, 11, 1]]
[clean-BPC  3168.69s] node 65 d=11 lb=236.055264 open=36
[clean-BPC  3168.93s] node 65 cg=1 phase=phase1 obj=0.0 artificial=0.0 cols=3478
[clean-BPC  3169.18s] node 65 cg=2 phase=phase2 obj=236.055264 artificial=0.0 cols=3478
[clean-BPC  3171.93s] node 65 cg=2 phase=phase2 kind=heuristic best_rc=-0.078959 found=1 added=1 exhausted=False cert=False
[clean-BPC  3172.17s] node 65 cg=3 phase=phase2 obj=236.055264 artificial=0.0 cols=3479
[clean-BPC  3174.87s] node 65 cg=3 phase=phase2 kind=heuristic best_rc=0.215954 found=0 added=0 exhausted=False cert=False
[clean-BPC  3179.99s] node 65 cg=3 phase=phase2 kind=heuristic_boost best_rc=0.215954 found=0 added=0 exhausted=True cert=True
[clean-BPC  3180.00s] route-pack-conflict diag node 65 source_vehicle=1 routes=5 U=3 complete=True cache_hit=False states=76 added=2
[clean-BPC  3180.00s] cut_added family=schedule_route_set_packing node=65 added=2 source=schedule_conflict first(vehicle=1, routes=5, U=3, states=76, cache_hit=False)
[clean-BPC  3180.00s] node 67 d=12 lb=236.055264 open=36
[clean-BPC  3180.21s] node 67 cg=1 phase=phase1 obj=0.0 artificial=0.0 cols=3479
[clean-BPC  3180.43s] node 67 cg=2 phase=phase2 obj=236.055264 artificial=0.0 cols=3479
[clean-BPC  3180.43s] cut_purged node=67 removed=1 by_kind={'schedule_nogood_core': 1} remaining=150
[clean-BPC  3180.63s] node 67 cg=3 phase=phase2 obj=236.055264 artificial=0.0 cols=3479
[clean-BPC  3183.79s] node 67 cg=3 phase=phase2 kind=heuristic best_rc=0.0 found=0 added=0 exhausted=False cert=False
[clean-BPC  3190.54s] node 67 cg=3 phase=phase2 kind=heuristic_boost best_rc=0.0 found=0 added=0 exhausted=True cert=True
[clean-BPC  3190.54s] route-pack-conflict diag node 67 source_vehicle=1 routes=5 U=4 complete=True cache_hit=True states=84 added=0
[clean-BPC  3191.83s] cut_added family=schedule_nogood_core node=67 added=2 source_vehicle=1 route_count=4 signatures=[[4, 17, 18, 10, 6], [8, 5, 2], [7, 12, 20, 15, 16], [9, 11, 1]]
[clean-BPC  3191.83s] node 66 d=11 lb=236.055264 open=36
[clean-BPC  3192.08s] node 66 cg=1 phase=phase1 obj=0.0 artificial=0.0 cols=3479
[clean-BPC  3192.33s] node 66 cg=2 phase=phase2 obj=236.192147 artificial=0.0 cols=3479
[clean-BPC  3192.33s] cut_purged node=66 removed=1 by_kind={'schedule_nogood_core': 1} remaining=151
[clean-BPC  3192.58s] node 66 cg=3 phase=phase2 obj=236.192147 artificial=0.0 cols=3479
[clean-BPC  3195.72s] node 66 cg=3 phase=phase2 kind=heuristic best_rc=0.0 found=0 added=0 exhausted=False cert=False
[clean-BPC  3202.87s] node 66 cg=3 phase=phase2 kind=heuristic_boost best_rc=0.0 found=0 added=0 exhausted=True cert=True
[clean-BPC  3202.88s] route-pack-conflict diag node 66 source_vehicle=1 routes=5 U=4 complete=True cache_hit=False states=88 added=0
[clean-BPC  3203.18s] cut_added family=schedule_nogood_core node=66 added=2 source_vehicle=1 route_count=3 signatures=[[6, 10, 18, 17, 4], [2, 8, 5], [9, 11, 1]]
[clean-BPC  3203.18s] node 65 d=11 lb=236.055264 open=36
[clean-BPC  3203.43s] node 65 cg=1 phase=phase1 obj=0.0 artificial=0.0 cols=3479
[clean-BPC  3203.66s] node 65 cg=2 phase=phase2 obj=236.182286 artificial=0.0 cols=3479
[clean-BPC  3203.66s] cut_purged node=65 removed=1 by_kind={'schedule_nogood_core': 1} remaining=152
[clean-BPC  3203.90s] node 65 cg=3 phase=phase2 obj=236.182286 artificial=0.0 cols=3479
[clean-BPC  3206.79s] node 65 cg=3 phase=phase2 kind=heuristic best_rc=0.215954 found=0 added=0 exhausted=False cert=False
[clean-BPC  3212.50s] node 65 cg=3 phase=phase2 kind=heuristic_boost best_rc=0.215954 found=0 added=0 exhausted=True cert=True
[clean-BPC  3214.91s] branch node 65: left=RF(12,15)=separate right=RF(12,15)=same
[clean-BPC  3214.91s] node 67 d=12 lb=236.055264 open=37
[clean-BPC  3215.13s] node 67 cg=1 phase=phase1 obj=0.0 artificial=0.0 cols=3479
[clean-BPC  3215.34s] node 67 cg=2 phase=phase2 obj=236.123705 artificial=0.0 cols=3479
[clean-BPC  3218.36s] node 67 cg=2 phase=phase2 kind=heuristic best_rc=0.0 found=0 added=0 exhausted=False cert=False
[clean-BPC  3224.88s] node 67 cg=2 phase=phase2 kind=heuristic_boost best_rc=-0.0 found=0 added=0 exhausted=True cert=True
[clean-BPC  3226.60s] branch node 67: left=arc(1,9)=off right=arc(1,9)=on
[clean-BPC  3226.60s] node 64 d=12 lb=236.055264 open=38
[clean-BPC  3226.84s] node 64 cg=1 phase=phase1 obj=0.0 artificial=0.0 cols=3479
[clean-BPC  3227.09s] node 64 cg=2 phase=phase2 obj=236.055264 artificial=0.0 cols=3479
[clean-BPC  3227.09s] cut_purged node=64 removed=2 by_kind={'schedule_nogood_core': 2} remaining=150
[clean-BPC  3227.34s] node 64 cg=3 phase=phase2 obj=236.055264 artificial=0.0 cols=3479
[clean-BPC  3230.51s] node 64 cg=3 phase=phase2 kind=heuristic best_rc=-0.0 found=0 added=0 exhausted=False cert=False
[clean-BPC  3237.76s] node 64 cg=3 phase=phase2 kind=heuristic_boost best_rc=-0.0 found=0 added=0 exhausted=True cert=True
[clean-BPC  3237.76s] route-pack-conflict diag node 64 source_vehicle=1 routes=5 U=3 complete=True cache_hit=False states=69 added=2
[clean-BPC  3237.76s] cut_added family=schedule_route_set_packing node=64 added=2 source=schedule_conflict first(vehicle=1, routes=5, U=3, states=69, cache_hit=False)
[clean-BPC  3237.76s] node 64 d=12 lb=236.055264 open=38
[clean-BPC  3238.01s] node 64 cg=1 phase=phase1 obj=0.0 artificial=0.0 cols=3479
[clean-BPC  3238.24s] node 64 cg=2 phase=phase2 obj=236.580598 artificial=0.0 cols=3479
[clean-BPC  3238.24s] cut_purged node=64 removed=1 by_kind={'schedule_nogood_core': 1} remaining=151
[clean-BPC  3238.48s] node 64 cg=3 phase=phase2 obj=236.580598 artificial=0.0 cols=3479
[clean-BPC  3241.64s] node 64 cg=3 phase=phase2 kind=heuristic best_rc=-0.587802667 found=2 added=2 exhausted=False cert=False
[clean-BPC  3241.89s] node 64 cg=4 phase=phase2 obj=236.580598 artificial=0.0 cols=3481
[clean-BPC  3241.89s] cut_purged node=64 removed=2 by_kind={'schedule_nogood_core': 2} remaining=149
[clean-BPC  3242.14s] node 64 cg=5 phase=phase2 obj=236.580598 artificial=0.0 cols=3481
[clean-BPC  3245.32s] node 64 cg=5 phase=phase2 kind=heuristic best_rc=-0.0 found=0 added=0 exhausted=False cert=False
[clean-BPC  3253.01s] node 64 cg=5 phase=phase2 kind=heuristic_boost best_rc=-0.113514 found=1 added=1 exhausted=True cert=True
[clean-BPC  3253.26s] node 64 cg=6 phase=phase2 obj=236.580598 artificial=0.0 cols=3482
[clean-BPC  3253.26s] cut_purged node=64 removed=1 by_kind={'schedule_nogood_core': 1} remaining=148
[clean-BPC  3253.50s] node 64 cg=7 phase=phase2 obj=236.580598 artificial=0.0 cols=3482
[clean-BPC  3253.50s] cut_purged node=64 removed=2 by_kind={'schedule_nogood_core': 2} remaining=146
[clean-BPC  3253.75s] node 64 cg=8 phase=phase2 obj=236.580598 artificial=0.0 cols=3482
[clean-BPC  3256.96s] node 64 cg=8 phase=phase2 kind=heuristic best_rc=0.0 found=0 added=0 exhausted=False cert=False
[clean-BPC  3264.58s] node 64 cg=8 phase=phase2 kind=heuristic_boost best_rc=0.0 found=0 added=0 exhausted=True cert=True
[clean-BPC  3267.22s] branch node 64: left=RF(4,6)=separate right=RF(4,6)=same
[clean-BPC  3267.22s] node 55 d=8 lb=236.055264 open=39
[clean-BPC  3267.61s] node 55 cg=1 phase=phase1 obj=0.0 artificial=0.0 cols=3482
[clean-BPC  3268.00s] node 55 cg=2 phase=phase2 obj=236.055264 artificial=0.0 cols=3482
[clean-BPC  3268.00s] cut_purged node=55 removed=2 by_kind={'schedule_nogood_core': 2} remaining=144
[clean-BPC  3268.40s] node 55 cg=3 phase=phase2 obj=236.055264 artificial=0.0 cols=3482
[clean-BPC  3272.45s] node 55 cg=3 phase=phase2 kind=heuristic best_rc=-0.3629285 found=2 added=2 exhausted=False cert=False
[clean-BPC  3272.83s] node 55 cg=4 phase=phase2 obj=236.055264 artificial=0.0 cols=3484
[clean-BPC  3276.69s] node 55 cg=4 phase=phase2 kind=heuristic best_rc=0.318962 found=0 added=0 exhausted=False cert=False
[clean-BPC  3292.69s] node 55 cg=4 phase=phase2 kind=heuristic_boost best_rc=0.298757 found=0 added=0 exhausted=True cert=True
[clean-BPC  3295.78s] branch node 55: left=arc(12,7)=off right=arc(12,7)=on
[clean-BPC  3295.78s] node 79 d=9 lb=236.055264 open=40
[clean-BPC  3296.11s] node 79 cg=1 phase=phase1 obj=0.0 artificial=0.0 cols=3484
[clean-BPC  3296.45s] node 79 cg=2 phase=phase2 obj=236.055264 artificial=0.0 cols=3484
[clean-BPC  3300.46s] node 79 cg=2 phase=phase2 kind=heuristic best_rc=0.126515 found=0 added=0 exhausted=False cert=False
[clean-BPC  3316.05s] node 79 cg=2 phase=phase2 kind=heuristic_boost best_rc=0.126515 found=0 added=0 exhausted=True cert=True
[clean-BPC  3316.06s] route-pack-conflict diag node 79 source_vehicle=1 routes=5 U=4 complete=True cache_hit=True states=97 added=0
[clean-BPC  3316.57s] cut_added family=schedule_nogood_core node=79 added=2 source_vehicle=1 route_count=3 signatures=[[3, 13, 19, 14], [4, 17, 18, 10, 6], [1, 11, 9]]
[clean-BPC  3316.57s] node 80 d=9 lb=236.055264 open=40
[clean-BPC  3316.95s] node 80 cg=1 phase=phase1 obj=0.0 artificial=0.0 cols=3484
[clean-BPC  3317.37s] node 80 cg=2 phase=phase2 obj=236.123705 artificial=0.0 cols=3484
[clean-BPC  3321.17s] node 80 cg=2 phase=phase2 kind=heuristic best_rc=-0.0 found=0 added=0 exhausted=False cert=False
[clean-BPC  3334.84s] node 80 cg=2 phase=phase2 kind=heuristic_boost best_rc=-0.0 found=0 added=0 exhausted=True cert=True
[clean-BPC  3338.11s] branch node 80: left=arc(1,11)=off right=arc(1,11)=on
[clean-BPC  3338.11s] node 62 d=9 lb=236.055264 open=41
[clean-BPC  3338.51s] node 62 cg=1 phase=phase1 obj=0.0 artificial=0.0 cols=3484
[clean-BPC  3338.92s] node 62 cg=2 phase=phase2 obj=236.055264 artificial=0.0 cols=3484
[clean-BPC  3342.92s] node 62 cg=2 phase=phase2 kind=heuristic best_rc=0.040415 found=0 added=0 exhausted=False cert=False
[clean-BPC  3359.57s] node 62 cg=2 phase=phase2 kind=heuristic_boost best_rc=0.040415 found=0 added=0 exhausted=True cert=True
[clean-BPC  3359.58s] route-pack-conflict diag node 62 source_vehicle=1 routes=5 U=4 complete=True cache_hit=True states=88 added=0
[clean-BPC  3359.89s] cut_added family=schedule_nogood_core node=62 added=1 source_vehicle=1 route_count=3 signatures=[[6, 10, 18, 17, 4], [2, 5, 8], [11, 9, 1]]
[clean-BPC  3359.89s] node 62 d=9 lb=236.055264 open=41
[clean-BPC  3360.29s] node 62 cg=1 phase=phase1 obj=0.0 artificial=0.0 cols=3484
[clean-BPC  3360.70s] node 62 cg=2 phase=phase2 obj=236.055264 artificial=0.0 cols=3484
[clean-BPC  3364.85s] node 62 cg=2 phase=phase2 kind=heuristic best_rc=0.116557 found=0 added=0 exhausted=False cert=False
[clean-BPC  3382.00s] node 62 cg=2 phase=phase2 kind=heuristic_boost best_rc=-0.396270333 found=3 added=3 exhausted=True cert=True
[clean-BPC  3382.41s] node 62 cg=3 phase=phase2 obj=236.055264 artificial=0.0 cols=3487
[clean-BPC  3386.59s] node 62 cg=3 phase=phase2 kind=heuristic best_rc=0.350238 found=0 added=0 exhausted=False cert=False
[clean-BPC  3401.25s] node 62 cg=3 phase=phase2 kind=heuristic_boost best_rc=0.0 found=0 added=0 exhausted=True cert=True
[clean-BPC  3401.26s] route-pack-conflict diag node 62 source_vehicle=1 routes=5 U=3 complete=True cache_hit=False states=85 added=2
[clean-BPC  3401.26s] cut_added family=schedule_route_set_packing node=62 added=2 source=schedule_conflict first(vehicle=1, routes=5, U=3, states=85, cache_hit=False)
[clean-BPC  3401.26s] node 62 d=9 lb=236.055264 open=41
[clean-BPC  3401.67s] node 62 cg=1 phase=phase1 obj=0.0 artificial=0.0 cols=3487
[clean-BPC  3402.08s] node 62 cg=2 phase=phase2 obj=236.178296 artificial=0.0 cols=3487
[clean-BPC  3406.18s] node 62 cg=2 phase=phase2 kind=heuristic best_rc=0.284131429 found=0 added=0 exhausted=False cert=False
[clean-BPC  3420.53s] node 62 cg=2 phase=phase2 kind=heuristic_boost best_rc=0.136995 found=0 added=0 exhausted=True cert=True
[clean-BPC  3425.02s] branch node 62: left=RF(7,15)=separate right=RF(7,15)=same
[clean-BPC  3425.02s] node 79 d=9 lb=236.055264 open=42
[clean-BPC  3425.36s] node 79 cg=1 phase=phase1 obj=0.0 artificial=0.0 cols=3487
[clean-BPC  3425.72s] node 79 cg=2 phase=phase2 obj=236.055264 artificial=0.0 cols=3487
[clean-BPC  3429.72s] node 79 cg=2 phase=phase2 kind=heuristic best_rc=0.237139 found=0 added=0 exhausted=False cert=False
[clean-BPC  3445.65s] node 79 cg=2 phase=phase2 kind=heuristic_boost best_rc=0.007197 found=0 added=0 exhausted=True cert=True
[clean-BPC  3448.51s] branch node 79: left=arc(1,11)=off right=arc(1,11)=on
[clean-BPC  3448.51s] node 85 d=10 lb=236.055264 open=43
[clean-BPC  3448.84s] node 85 cg=1 phase=phase1 obj=0.0 artificial=0.0 cols=3487
[clean-BPC  3449.18s] node 85 cg=2 phase=phase2 obj=236.055264 artificial=0.0 cols=3487
[clean-BPC  3453.01s] node 85 cg=2 phase=phase2 kind=heuristic best_rc=0.298757 found=0 added=0 exhausted=False cert=False
[clean-BPC  3465.92s] node 85 cg=2 phase=phase2 kind=heuristic_boost best_rc=0.136995 found=0 added=0 exhausted=True cert=True
[clean-BPC  3465.92s] route-pack-conflict diag node 85 source_vehicle=1 routes=5 U=4 complete=True cache_hit=True states=85 added=0
[clean-BPC  3466.95s] cut_added family=schedule_nogood_core node=85 added=1 source_vehicle=1 route_count=3 signatures=[[2, 5, 8], [11, 9, 1], [14, 19, 13, 3]]
[clean-BPC  3466.95s] node 85 d=10 lb=236.055264 open=43
[clean-BPC  3467.30s] node 85 cg=1 phase=phase1 obj=0.0 artificial=0.0 cols=3487
[clean-BPC  3467.66s] node 85 cg=2 phase=phase2 obj=236.055264 artificial=0.0 cols=3487
[clean-BPC  3471.51s] node 85 cg=2 phase=phase2 kind=heuristic best_rc=0.298757 found=0 added=0 exhausted=False cert=False
[clean-BPC  3484.38s] node 85 cg=2 phase=phase2 kind=heuristic_boost best_rc=0.136995 found=0 added=0 exhausted=True cert=True
[clean-BPC  3487.21s] branch node 85: left=arc(2,5)=off right=arc(2,5)=on
[clean-BPC  3487.21s] node 87 d=11 lb=236.055264 open=44
[clean-BPC  3487.56s] node 87 cg=1 phase=phase1 obj=0.0 artificial=0.0 cols=3487
[clean-BPC  3487.90s] node 87 cg=2 phase=phase2 obj=236.055264 artificial=0.0 cols=3487
[clean-BPC  3491.74s] node 87 cg=2 phase=phase2 kind=heuristic best_rc=0.068994 found=0 added=0 exhausted=False cert=False
[clean-BPC  3505.19s] node 87 cg=2 phase=phase2 kind=heuristic_boost best_rc=0.068994 found=0 added=0 exhausted=True cert=True
[clean-BPC  3505.20s] route-pack-conflict diag node 87 source_vehicle=1 routes=5 U=4 complete=True cache_hit=False states=76 added=0
[clean-BPC  3506.22s] cut_added family=schedule_nogood_core node=87 added=2 source_vehicle=1 route_count=3 signatures=[[8, 5, 2], [11, 9, 1], [14, 19, 13, 3]]
[clean-BPC  3506.22s] node 88 d=11 lb=236.055264 open=44
[clean-BPC  3506.58s] node 88 cg=1 phase=phase1 obj=0.0 artificial=0.0 cols=3487
[clean-BPC  3506.94s] node 88 cg=2 phase=phase2 obj=236.122327 artificial=0.0 cols=3487
[clean-BPC  3511.03s] node 88 cg=2 phase=phase2 kind=heuristic best_rc=0.255247222 found=0 added=0 exhausted=False cert=False
[clean-BPC  3527.15s] node 88 cg=2 phase=phase2 kind=heuristic_boost best_rc=0.246551778 found=0 added=0 exhausted=True cert=True
[clean-BPC  3531.44s] branch node 88: left=arc(19,18)=off right=arc(19,18)=on
[clean-BPC  3531.44s] node 87 d=11 lb=236.055264 open=45
[clean-BPC  3531.77s] node 87 cg=1 phase=phase1 obj=0.0 artificial=0.0 cols=3487
[clean-BPC  3532.12s] node 87 cg=2 phase=phase2 obj=236.055264 artificial=0.0 cols=3487
[clean-BPC  3535.99s] node 87 cg=2 phase=phase2 kind=heuristic best_rc=0.068994 found=0 added=0 exhausted=False cert=False
[clean-BPC  3549.52s] node 87 cg=2 phase=phase2 kind=heuristic_boost best_rc=0.068994 found=0 added=0 exhausted=True cert=True
[clean-BPC  3549.53s] route-pack-conflict diag node 87 source_vehicle=1 routes=5 U=4 complete=True cache_hit=True states=85 added=0
[clean-BPC  3550.02s] cut_added family=schedule_nogood_core node=87 added=1 source_vehicle=1 route_count=3 signatures=[[3, 13, 19, 14], [4, 17, 18, 10, 6], [11, 9, 1]]
[clean-BPC  3550.02s] node 87 d=11 lb=236.055264 open=45
[clean-BPC  3550.36s] node 87 cg=1 phase=phase1 obj=0.0 artificial=0.0 cols=3487
[clean-BPC  3550.72s] node 87 cg=2 phase=phase2 obj=236.122327 artificial=0.0 cols=3487
[clean-BPC  3554.43s] node 87 cg=2 phase=phase2 kind=heuristic best_rc=-0.132195667 found=2 added=2 exhausted=False cert=False
[clean-BPC  3554.78s] node 87 cg=3 phase=phase2 obj=236.122327 artificial=0.0 cols=3489
[clean-BPC  3558.48s] node 87 cg=3 phase=phase2 kind=heuristic best_rc=0.470399889 found=0 added=0 exhausted=False cert=False
[clean-BPC  3571.33s] node 87 cg=3 phase=phase2 kind=heuristic_boost best_rc=0.298757 found=0 added=0 exhausted=True cert=True
[clean-BPC  3574.87s] branch node 87: left=RF(9,10)=separate right=RF(9,10)=same
[clean-BPC  3574.87s] node 86 d=10 lb=236.055264 open=46
[clean-BPC  3575.21s] node 86 cg=1 phase=phase1 obj=0.0 artificial=0.0 cols=3489
[clean-BPC  3575.57s] node 86 cg=2 phase=phase2 obj=236.055264 artificial=0.0 cols=3489
[clean-BPC  3579.72s] node 86 cg=2 phase=phase2 kind=heuristic best_rc=-0.0525665 found=1 added=1 exhausted=False cert=False
[clean-BPC  3580.06s] node 86 cg=3 phase=phase2 obj=236.055264 artificial=0.0 cols=3490
[clean-BPC  3580.06s] cut_purged node=86 removed=1 by_kind={'schedule_nogood_core': 1} remaining=152
[clean-BPC  3580.41s] node 86 cg=4 phase=phase2 obj=236.055264 artificial=0.0 cols=3490
[clean-BPC  3584.50s] node 86 cg=4 phase=phase2 kind=heuristic best_rc=-0.0 found=0 added=0 exhausted=False cert=False
[clean-BPC  3602.11s] node 86 cg=4 phase=phase2 kind=heuristic_boost best_rc=-0.1362295 found=1 added=1 exhausted=True cert=True
[clean-BPC  3602.11s] fathom node 86: reason=time_limit_before_node_certificate bound=None
[clean-BPC  3602.11s] finish status=TIME_LIMIT primal=336.055264 dual=None gap=None cuts=152 diag_dual=236.055264 diag_gap=0.29757 crossing=9 crossing_upgraded=0 subset_row=11 lm_rank1=20 sched_cost=0 pair=14 clique=0 route_pack=86 nogood=39 sched_cap=0 sched_pack_adapt=0/0 route_enum_adapt=0/0
bench_20_04: status=TIME_LIMIT, primal=336.055264, dual=None, gap=None, diag_dual=236.055264, diag_gap=0.29757, time=3602.111858s, nodes=89, rmp=302, pricing=327, routes=3491, cuts=152, crossing=9, crossing_upgraded=0, rci=9, kpath=0, pair=14, subset_row=11, lm_rank1=20, sched_cost=0, clique=0, route_pack=86, nogood=39, sched_cap=0, fleet_lb=0/0, fleet_oracle_U=None, fleet_oracle_states=0, fleet_oracle_exact=False, rim_calls=20, rim_feasible=1, rim_rejected=341, rim_pair=11, rim_route_pack=452, rim_ng=214, rim_sched_cap=0, sched_pack_status=None, sched_pack_obj=None, sched_pack_gap_root=None, sched_pack_cols=0, sched_pack_relax_calls=0, sched_pack_relax_best=None, sched_pack_full_exact=0, sched_pack_adapt=0/0, sched_pack_adapt_skip=0, route_enum_adapt=0/0, route_enum_adapt_skip=0, cuts_purged=27, branch_test_time=190.302533s
开始 clean BPC: instance=bench_20_05, tasks=20, vehicles=2, time_limit=3600s, max_nodes=100000, log=/home/kai/work/gnn_bb/branchpricecut/results/logs/20260522_bpc_clean_fleetlb_budget_long_20_regression/bench_20_05.jsonl
[clean-BPC     2.87s] incumbent node 0: obj=260.779456
[clean-BPC     8.09s] start: {'time': 8.086361, 'event': 'start', 'instance': 'bench_20_05', 'tasks': 20, 'vehicles': 2, 'initial_routes': 25, 'initial_incumbent': 260.779456, 'task_vehicle_linking_enabled': True, 'schedule_capacity_cuts_enabled': True, 'schedule_capacity_separation_enabled': False, 'fleet_lower_bound_cuts_enabled': True, 'fleet_lower_bound_oracle_max_states': 500000, 'schedule_pack_diagnostic_enabled': False, 'schedule_pack_relaxation_enabled': False, 'schedule_pack_full_pricing_enabled': False, 'schedule_pack_adaptive_enabled': False, 'route_enumeration_adaptive_enabled': False}
[clean-BPC     8.09s] node 0 d=0 lb=0.0 open=0
[clean-BPC     8.09s] node 0 cg=1 phase=phase1 obj=0.0 artificial=0.0 cols=25
[clean-BPC     8.09s] node 0 cg=2 phase=phase2 obj=260.779456 artificial=0.0 cols=25
[clean-BPC    12.90s] node 0 cg=2 phase=phase2 kind=heuristic best_rc=-36.219689 found=92180 added=600 exhausted=False cert=False
[clean-BPC    12.92s] node 0 cg=3 phase=phase2 obj=260.779456 artificial=0.0 cols=625
[clean-BPC    18.07s] node 0 cg=3 phase=phase2 kind=heuristic best_rc=-23.900446 found=99126 added=600 exhausted=False cert=False
[clean-BPC    18.12s] node 0 cg=4 phase=phase2 obj=253.408543 artificial=0.0 cols=1225
[clean-BPC    20.93s] node 0 cg=4 phase=phase2 kind=heuristic best_rc=-5.838138 found=1967 added=600 exhausted=False cert=False
[clean-BPC    21.00s] node 0 cg=5 phase=phase2 obj=242.753933 artificial=0.0 cols=1825
[clean-BPC    23.81s] node 0 cg=5 phase=phase2 kind=heuristic best_rc=-2.0491025 found=89 added=89 exhausted=False cert=False
[clean-BPC    23.89s] node 0 cg=6 phase=phase2 obj=242.38963 artificial=0.0 cols=1914
[clean-BPC    26.72s] node 0 cg=6 phase=phase2 kind=heuristic best_rc=-0.147375 found=4 added=4 exhausted=False cert=False
[clean-BPC    26.80s] node 0 cg=7 phase=phase2 obj=242.38963 artificial=0.0 cols=1918
[clean-BPC    29.65s] node 0 cg=7 phase=phase2 kind=heuristic best_rc=0.006952 found=0 added=0 exhausted=False cert=False
[clean-BPC    35.61s] node 0 cg=7 phase=phase2 kind=exact best_rc=0.006952 found=0 added=0 exhausted=True cert=True
[clean-BPC    36.97s] cut_added family=crossing_cut node=0 added=5 upgraded=0 first={'id': 0, 'tasks': [3, 6, 8, 17, 19], 'demand': 10.0, 'capacity_bound': 2, 'resource_bound': 1, 'k_bound': 2, 'rhs': 4.0, 'source': 'capacity', 'violation': 0.833333333, 'action': 'add'}
[clean-BPC    37.10s] node 0 cg=8 phase=phase2 obj=242.790001 artificial=0.0 cols=1918
[clean-BPC    40.33s] node 0 cg=8 phase=phase2 kind=heuristic best_rc=-0.563835 found=30 added=30 exhausted=False cert=False
[clean-BPC    40.44s] node 0 cg=9 phase=phase2 obj=242.790001 artificial=0.0 cols=1948
[clean-BPC    43.71s] node 0 cg=9 phase=phase2 kind=heuristic best_rc=-0.0 found=0 added=0 exhausted=False cert=False
[clean-BPC    53.94s] node 0 cg=9 phase=phase2 kind=exact best_rc=-0.0 found=0 added=0 exhausted=True cert=True
[clean-BPC    55.07s] subset-row diag node 0 round=1 cand=200 k=2 dup=0 not_viol=394 violated=6 added=6 max_viol=0.5
[clean-BPC    55.07s] cut_added family=subset_row node=0 added=6 first(|S|=8, k=3, viol=0.5)
[clean-BPC    55.22s] node 0 cg=10 phase=phase2 obj=243.145716 artificial=0.0 cols=1948
[clean-BPC    58.54s] node 0 cg=10 phase=phase2 kind=heuristic best_rc=-0.421522545 found=16 added=16 exhausted=False cert=False
[clean-BPC    58.70s] node 0 cg=11 phase=phase2 obj=243.134097 artificial=0.0 cols=1964
[clean-BPC    62.09s] node 0 cg=11 phase=phase2 kind=heuristic best_rc=-0.240183 found=8 added=8 exhausted=False cert=False
[clean-BPC    62.23s] node 0 cg=12 phase=phase2 obj=243.134097 artificial=0.0 cols=1972
[clean-BPC    65.65s] node 0 cg=12 phase=phase2 kind=heuristic best_rc=0.00383775 found=0 added=0 exhausted=False cert=False
[clean-BPC    74.67s] node 0 cg=12 phase=phase2 kind=exact best_rc=0.00383775 found=0 added=0 exhausted=True cert=True
[clean-BPC    75.64s] cut_added family=crossing_cut node=0 added=4 upgraded=0 first={'id': 11, 'tasks': [2, 5, 10, 14, 15], 'demand': 12.0, 'capacity_bound': 2, 'resource_bound': 1, 'k_bound': 2, 'rhs': 4.0, 'source': 'capacity', 'violation': 1.0, 'action': 'add'}
[clean-BPC    75.83s] node 0 cg=13 phase=phase2 obj=243.264907 artificial=0.0 cols=1972
[clean-BPC    79.44s] node 0 cg=13 phase=phase2 kind=heuristic best_rc=0.0 found=0 added=0 exhausted=False cert=False
[clean-BPC    92.66s] node 0 cg=13 phase=phase2 kind=exact best_rc=0.0 found=0 added=0 exhausted=True cert=True
[clean-BPC    93.94s] subset-row diag node 0 round=2 cand=255 k=2 dup=6 not_viol=488 violated=16 added=16 max_viol=0.16666666666666652
[clean-BPC    93.94s] cut_added family=subset_row node=0 added=16 first(|S|=7, k=2, viol=0.166666667)
[clean-BPC    94.17s] node 0 cg=14 phase=phase2 obj=243.736301 artificial=0.0 cols=1972
[clean-BPC    97.79s] node 0 cg=14 phase=phase2 kind=heuristic best_rc=-0.994099 found=10 added=10 exhausted=False cert=False
[clean-BPC    98.03s] node 0 cg=15 phase=phase2 obj=243.736301 artificial=0.0 cols=1982
[clean-BPC   101.62s] node 0 cg=15 phase=phase2 kind=heuristic best_rc=-0.126802 found=2 added=2 exhausted=False cert=False
[clean-BPC   101.86s] node 0 cg=16 phase=phase2 obj=243.736301 artificial=0.0 cols=1984
[clean-BPC   105.50s] node 0 cg=16 phase=phase2 kind=heuristic best_rc=-0.0 found=0 added=0 exhausted=False cert=False
[clean-BPC   118.46s] node 0 cg=16 phase=phase2 kind=exact best_rc=-0.0 found=0 added=0 exhausted=True cert=True
[clean-BPC   119.89s] cut_added family=crossing_cut node=0 added=1 upgraded=0 first={'id': 31, 'tasks': [4, 8, 9, 17, 19], 'demand': 11.0, 'capacity_bound': 2, 'resource_bound': 1, 'k_bound': 2, 'rhs': 4.0, 'source': 'capacity', 'violation': 0.3, 'action': 'add'}
[clean-BPC   120.14s] node 0 cg=17 phase=phase2 obj=243.784527 artificial=0.0 cols=1984
[clean-BPC   123.81s] node 0 cg=17 phase=phase2 kind=heuristic best_rc=-0.089347 found=4 added=4 exhausted=False cert=False
[clean-BPC   124.05s] node 0 cg=18 phase=phase2 obj=243.771125 artificial=0.0 cols=1988
[clean-BPC   127.83s] node 0 cg=18 phase=phase2 kind=heuristic best_rc=-0.1435266 found=2 added=2 exhausted=False cert=False
[clean-BPC   128.08s] node 0 cg=19 phase=phase2 obj=243.771125 artificial=0.0 cols=1990
[clean-BPC   131.83s] node 0 cg=19 phase=phase2 kind=heuristic best_rc=-0.0 found=0 added=0 exhausted=False cert=False
[clean-BPC   146.20s] node 0 cg=19 phase=phase2 kind=exact best_rc=-0.0 found=0 added=0 exhausted=True cert=True
[clean-BPC   146.22s] subset-row diag node 0 round=3 cand=330 k=2 dup=22 not_viol=628 violated=10 added=10 max_viol=0.1499999999999999
[clean-BPC   146.22s] cut_added family=subset_row node=0 added=10 first(|S|=8, k=3, viol=0.15)
[clean-BPC   146.50s] node 0 cg=20 phase=phase2 obj=243.803551 artificial=0.0 cols=1990
[clean-BPC   150.28s] node 0 cg=20 phase=phase2 kind=heuristic best_rc=-0.0 found=0 added=0 exhausted=False cert=False
[clean-BPC   159.83s] node 0 cg=20 phase=phase2 kind=exact best_rc=-0.0 found=0 added=0 exhausted=True cert=True
[clean-BPC   159.89s] lm-rank1 diag node 0 round=1 cand=208 denom=2 patterns=4602 dup=0 not_viol=4505 violated=19 added=19 max_viol=0.3333333333333335
[clean-BPC   159.89s] cut_added family=limited_memory_rank1 node=0 added=19 first(|S|=7, d=3, mem=[12], viol=0.333333333)
[clean-BPC   160.29s] node 0 cg=21 phase=phase2 obj=244.123827 artificial=0.0 cols=1990
[clean-BPC   164.57s] node 0 cg=21 phase=phase2 kind=heuristic best_rc=-0.291498444 found=8 added=8 exhausted=False cert=False
[clean-BPC   164.98s] node 0 cg=22 phase=phase2 obj=244.123827 artificial=0.0 cols=1998
[clean-BPC   169.29s] node 0 cg=22 phase=phase2 kind=heuristic best_rc=-0.0 found=0 added=0 exhausted=False cert=False
[clean-BPC   180.77s] node 0 cg=22 phase=phase2 kind=exact best_rc=-0.0 found=0 added=0 exhausted=True cert=True
[clean-BPC   180.82s] lm-rank1 diag node 0 round=2 cand=137 denom=2 patterns=2973 dup=4 not_viol=2906 violated=0 added=0 max_viol=0.0
[clean-BPC   180.87s] route-pack diag node 0 round=1 vehicles=2/2 support_max=11 cand=50 oracle=50 incomplete=0 not_tight=8 not_viol=20 dup=0 violated=22 added=5 max_viol=0.6666666666666679 states_max=2230
[clean-BPC   180.87s] cut_added family=schedule_route_set_packing node=0 added=5 first(vehicle=1, routes=10, U=3, y=0.5, viol=0.666666667, states=1125)
[clean-BPC   181.28s] node 0 cg=23 phase=phase2 obj=244.123827 artificial=0.0 cols=1998
[clean-BPC   186.23s] node 0 cg=23 phase=phase2 kind=heuristic best_rc=-0.291142333 found=2 added=2 exhausted=False cert=False
[clean-BPC   186.63s] node 0 cg=24 phase=phase2 obj=244.123827 artificial=0.0 cols=2000
[clean-BPC   191.36s] node 0 cg=24 phase=phase2 kind=heuristic best_rc=0.034766417 found=0 added=0 exhausted=False cert=False
[clean-BPC   202.53s] node 0 cg=24 phase=phase2 kind=exact best_rc=0.034766417 found=0 added=0 exhausted=True cert=True
[clean-BPC   202.58s] lm-rank1 diag node 0 round=3 cand=137 denom=2 patterns=2973 dup=4 not_viol=2906 violated=0 added=0 max_viol=0.0
[clean-BPC   202.63s] route-pack diag node 0 round=2 vehicles=2/2 support_max=11 cand=45 oracle=45 incomplete=0 not_tight=9 not_viol=17 dup=0 violated=19 added=5 max_viol=0.6666666666666667 states_max=1705
[clean-BPC   202.63s] cut_added family=schedule_route_set_packing node=0 added=5 first(vehicle=2, routes=7, U=2, y=0.5, viol=0.666666667, states=184)
[clean-BPC   203.04s] node 0 cg=25 phase=phase2 obj=244.123827 artificial=0.0 cols=2000
[clean-BPC   207.56s] node 0 cg=25 phase=phase2 kind=heuristic best_rc=0.0 found=0 added=0 exhausted=False cert=False
[clean-BPC   218.17s] node 0 cg=25 phase=phase2 kind=exact best_rc=0.0 found=0 added=0 exhausted=True cert=True
[clean-BPC   238.75s] route-pack-conflict diag node 0 source_vehicle=1 routes=5 U=4 complete=True cache_hit=False states=107 added=0
[clean-BPC   240.32s] route-pack-conflict diag node 0 source_vehicle=1 routes=5 U=4 complete=True cache_hit=False states=84 added=0
[clean-BPC   250.31s] rim-conflict diag node 0 conflicts=9 pair_events=0 pair_cuts=0 schedcap_events=0 schedcap_cuts=0 routepack_events=2 routepack_cuts=0 routepack_cache=0 routepack_states_max=107 routepack_budget_skip=7 nogood_events=0 nogood_cuts=0 weak_skip=9
[clean-BPC    20.57s] restricted-MIP node 0 status=TIME_LIMIT obj=None accepted=False routes=2000 rejected=9 pair=0 ng=18 route_pack=0 sched_cap=0 added_cuts=0 time=20.572321
[clean-BPC   256.92s] branch node 0: left=task_vehicle(11,1)=off right=task_vehicle(11,1)=on
[clean-BPC   256.92s] node 1 d=1 lb=244.123827 open=1
[clean-BPC   257.30s] node 1 cg=1 phase=phase1 obj=0.0 artificial=0.0 cols=2000
[clean-BPC   257.67s] node 1 cg=2 phase=phase2 obj=344.123827 artificial=0.0 cols=2000
[clean-BPC   261.53s] node 1 cg=2 phase=phase2 kind=heuristic best_rc=-0.0 found=0 added=0 exhausted=False cert=False
[clean-BPC   269.70s] node 1 cg=2 phase=phase2 kind=heuristic_boost best_rc=-0.0 found=0 added=0 exhausted=True cert=True
[clean-BPC   269.71s] route-pack diag node 1 round=1 vehicles=2/2 support_max=9 cand=24 oracle=24 incomplete=0 not_tight=8 not_viol=15 dup=0 violated=1 added=1 max_viol=0.3333333333333335 states_max=738
[clean-BPC   269.71s] cut_added family=schedule_route_set_packing node=1 added=1 first(vehicle=1, routes=9, U=3, y=1.0, viol=0.333333333, states=738)
[clean-BPC   270.10s] node 1 cg=3 phase=phase2 obj=344.123827 artificial=0.0 cols=2000
[clean-BPC   270.10s] cut_purged node=1 removed=1 by_kind={'crossing_cut': 1} remaining=71
[clean-BPC   270.49s] node 1 cg=4 phase=phase2 obj=344.123827 artificial=0.0 cols=2000
[clean-BPC   274.97s] node 1 cg=4 phase=phase2 kind=heuristic best_rc=0.0 found=0 added=0 exhausted=False cert=False
[clean-BPC   284.48s] node 1 cg=4 phase=phase2 kind=heuristic_boost best_rc=0.0 found=0 added=0 exhausted=True cert=True
[clean-BPC   284.49s] route-pack diag node 1 round=2 vehicles=2/2 support_max=6 cand=16 oracle=16 incomplete=0 not_tight=5 not_viol=9 dup=0 violated=2 added=2 max_viol=0.6666666666666665 states_max=178
[clean-BPC   284.49s] cut_added family=schedule_route_set_packing node=1 added=2 first(vehicle=2, routes=5, U=2, y=1.0, viol=0.666666667, states=79)
[clean-BPC   284.87s] node 1 cg=5 phase=phase2 obj=344.123827 artificial=0.0 cols=2000
[clean-BPC   284.87s] cut_purged node=1 removed=2 by_kind={'crossing_cut': 1, 'subset_row': 1} remaining=71
[clean-BPC   285.24s] node 1 cg=6 phase=phase2 obj=344.123827 artificial=0.0 cols=2000
[clean-BPC   289.74s] node 1 cg=6 phase=phase2 kind=heuristic best_rc=0.0 found=0 added=0 exhausted=False cert=False
[clean-BPC   299.38s] node 1 cg=6 phase=phase2 kind=heuristic_boost best_rc=0.0 found=0 added=0 exhausted=True cert=True
[clean-BPC   299.38s] fathom node 1: reason=bound_after_schedule_pack bound=344.123827
[clean-BPC   299.38s] node 2 d=1 lb=244.123827 open=0
[clean-BPC   299.75s] node 2 cg=1 phase=phase1 obj=0.0 artificial=0.0 cols=2000
[clean-BPC   300.12s] node 2 cg=2 phase=phase2 obj=244.123827 artificial=0.0 cols=2000
[clean-BPC   304.60s] node 2 cg=2 phase=phase2 kind=heuristic best_rc=-0.0 found=0 added=0 exhausted=False cert=False
[clean-BPC   314.00s] node 2 cg=2 phase=phase2 kind=heuristic_boost best_rc=-0.0 found=0 added=0 exhausted=True cert=True
[clean-BPC   314.03s] route-pack diag node 2 round=1 vehicles=1/2 support_max=11 cand=27 oracle=27 incomplete=0 not_tight=5 not_viol=9 dup=0 violated=13 added=5 max_viol=1.3333333333333335 states_max=2176
[clean-BPC   314.03s] cut_added family=schedule_route_set_packing node=2 added=5 first(vehicle=1, routes=7, U=2, y=1.0, viol=1.333333333, states=219)
[clean-BPC   314.40s] node 2 cg=3 phase=phase2 obj=244.123827 artificial=0.0 cols=2000
[clean-BPC   314.40s] cut_purged node=2 removed=2 by_kind={'crossing_cut': 2} remaining=74
[clean-BPC   314.75s] node 2 cg=4 phase=phase2 obj=244.123827 artificial=0.0 cols=2000
[clean-BPC   319.03s] node 2 cg=4 phase=phase2 kind=heuristic best_rc=-0.0 found=0 added=0 exhausted=False cert=False
[clean-BPC   328.44s] node 2 cg=4 phase=phase2 kind=heuristic_boost best_rc=-0.0 found=0 added=0 exhausted=True cert=True
[clean-BPC   328.46s] route-pack diag node 2 round=2 vehicles=1/2 support_max=11 cand=25 oracle=25 incomplete=0 not_tight=4 not_viol=8 dup=0 violated=13 added=5 max_viol=1.333333333333334 states_max=1708
[clean-BPC   328.46s] cut_added family=schedule_route_set_packing node=2 added=5 first(vehicle=1, routes=10, U=3, y=1.0, viol=1.333333333, states=801)
[clean-BPC   328.82s] node 2 cg=5 phase=phase2 obj=244.123827 artificial=0.0 cols=2000
[clean-BPC   333.13s] node 2 cg=5 phase=phase2 kind=heuristic best_rc=-0.0 found=0 added=0 exhausted=False cert=False
[clean-BPC   342.09s] node 2 cg=5 phase=phase2 kind=heuristic_boost best_rc=-0.0 found=0 added=0 exhausted=True cert=True
[clean-BPC   342.09s] cut_added family=schedule_incompatibility node=2 added=3 pair=1 clique=2 first(kind=schedule_clique_conflict, vehicle=1, routes=3, U=1.0, y=1.0, viol=0.666666667)
[clean-BPC   342.46s] node 2 cg=6 phase=phase2 obj=244.123827 artificial=0.0 cols=2000
[clean-BPC   347.12s] node 2 cg=6 phase=phase2 kind=heuristic best_rc=-1.148069583 found=2 added=2 exhausted=False cert=False
[clean-BPC   347.50s] node 2 cg=7 phase=phase2 obj=244.123827 artificial=0.0 cols=2002
[clean-BPC   352.45s] node 2 cg=7 phase=phase2 kind=heuristic best_rc=-0.577820333 found=8 added=8 exhausted=False cert=False
[clean-BPC   352.83s] node 2 cg=8 phase=phase2 obj=244.123827 artificial=0.0 cols=2010
[clean-BPC   352.83s] cut_purged node=2 removed=1 by_kind={'crossing_cut': 1} remaining=81
[clean-BPC   353.18s] node 2 cg=9 phase=phase2 obj=244.123827 artificial=0.0 cols=2010
[clean-BPC   357.92s] node 2 cg=9 phase=phase2 kind=heuristic best_rc=-0.007170697 found=2 added=2 exhausted=False cert=False
[clean-BPC   358.28s] node 2 cg=10 phase=phase2 obj=244.123827 artificial=0.0 cols=2012
[clean-BPC   358.28s] cut_purged node=2 removed=1 by_kind={'crossing_cut': 1} remaining=80
[clean-BPC   358.64s] node 2 cg=11 phase=phase2 obj=244.123827 artificial=0.0 cols=2012
[clean-BPC   358.64s] cut_purged node=2 removed=14 by_kind={'crossing_cut': 1, 'subset_row': 6, 'limited_memory_rank1': 7} remaining=66
[clean-BPC   358.92s] node 2 cg=12 phase=phase2 obj=244.123827 artificial=0.0 cols=2012
[clean-BPC   363.61s] node 2 cg=12 phase=phase2 kind=heuristic best_rc=0.0 found=0 added=0 exhausted=False cert=False
[clean-BPC   373.95s] node 2 cg=12 phase=phase2 kind=heuristic_boost best_rc=0.0 found=0 added=0 exhausted=True cert=True
[clean-BPC   393.97s] route-pack-conflict diag node 2 source_vehicle=1 routes=5 U=4 complete=True cache_hit=False states=115 added=0
[clean-BPC   395.53s] route-pack-conflict diag node 2 source_vehicle=1 routes=5 U=4 complete=True cache_hit=False states=90 added=0
[clean-BPC   408.29s] rim-conflict diag node 2 conflicts=13 pair_events=0 pair_cuts=0 schedcap_events=0 schedcap_cuts=0 routepack_events=2 routepack_cuts=0 routepack_cache=0 routepack_states_max=115 routepack_budget_skip=11 nogood_events=0 nogood_cuts=0 weak_skip=13
[clean-BPC    20.01s] restricted-MIP node 2 status=TIME_LIMIT obj=None accepted=False routes=2012 rejected=13 pair=0 ng=24 route_pack=2 sched_cap=0 added_cuts=0 time=20.013962
[clean-BPC   412.50s] branch node 2: left=arc(10,2)=off right=arc(10,2)=on
[clean-BPC   412.50s] node 3 d=2 lb=244.123827 open=1
[clean-BPC   412.76s] node 3 cg=1 phase=phase1 obj=0.0 artificial=0.0 cols=2012
[clean-BPC   413.05s] node 3 cg=2 phase=phase2 obj=244.123827 artificial=0.0 cols=2012
[clean-BPC   417.82s] node 3 cg=2 phase=phase2 kind=heuristic best_rc=-0.635989111 found=4 added=4 exhausted=False cert=False
[clean-BPC   418.09s] node 3 cg=3 phase=phase2 obj=244.123827 artificial=0.0 cols=2016
[clean-BPC   422.91s] node 3 cg=3 phase=phase2 kind=heuristic best_rc=-0.002438333 found=2 added=2 exhausted=False cert=False
[clean-BPC   423.19s] node 3 cg=4 phase=phase2 obj=244.123827 artificial=0.0 cols=2018
[clean-BPC   427.68s] node 3 cg=4 phase=phase2 kind=heuristic best_rc=-0.0 found=0 added=0 exhausted=False cert=False
[clean-BPC   437.40s] node 3 cg=4 phase=phase2 kind=heuristic_boost best_rc=-0.656739667 found=22 added=22 exhausted=True cert=True
[clean-BPC   437.68s] node 3 cg=5 phase=phase2 obj=244.123827 artificial=0.0 cols=2040
[clean-BPC   442.41s] node 3 cg=5 phase=phase2 kind=heuristic best_rc=0.112998333 found=0 added=0 exhausted=False cert=False
[clean-BPC   452.68s] node 3 cg=5 phase=phase2 kind=heuristic_boost best_rc=0.112998333 found=0 added=0 exhausted=True cert=True
[clean-BPC   452.71s] route-pack diag node 3 round=1 vehicles=1/2 support_max=11 cand=26 oracle=26 incomplete=0 not_tight=4 not_viol=12 dup=0 violated=10 added=5 max_viol=1.3333333333333357 states_max=1765
[clean-BPC   452.71s] cut_added family=schedule_route_set_packing node=3 added=5 first(vehicle=1, routes=10, U=3, y=1.0, viol=1.333333333, states=847)
[clean-BPC   452.98s] node 3 cg=6 phase=phase2 obj=244.123827 artificial=0.0 cols=2040
[clean-BPC   457.61s] node 3 cg=6 phase=phase2 kind=heuristic best_rc=0.044393667 found=0 added=0 exhausted=False cert=False
[clean-BPC   467.62s] node 3 cg=6 phase=phase2 kind=heuristic_boost best_rc=0.044393667 found=0 added=0 exhausted=True cert=True
[clean-BPC   467.67s] route-pack diag node 3 round=2 vehicles=1/2 support_max=13 cand=33 oracle=33 incomplete=0 not_tight=5 not_viol=21 dup=0 violated=7 added=5 max_viol=1.0 states_max=3619
[clean-BPC   467.67s] cut_added family=schedule_route_set_packing node=3 added=5 first(vehicle=1, routes=11, U=3, y=1.0, viol=1.0, states=1355)
[clean-BPC   467.95s] node 3 cg=7 phase=phase2 obj=244.123827 artificial=0.0 cols=2040
[clean-BPC   472.33s] node 3 cg=7 phase=phase2 kind=heuristic best_rc=0.097417222 found=0 added=0 exhausted=False cert=False
[clean-BPC   483.99s] node 3 cg=7 phase=phase2 kind=heuristic_boost best_rc=0.097417222 found=0 added=0 exhausted=True cert=True
[clean-BPC   504.06s] route-pack-conflict diag node 3 source_vehicle=1 routes=5 U=4 complete=True cache_hit=True states=115 added=0
[clean-BPC   505.61s] route-pack-conflict diag node 3 source_vehicle=1 routes=5 U=4 complete=True cache_hit=False states=84 added=0
[clean-BPC   516.00s] rim-conflict diag node 3 conflicts=15 pair_events=0 pair_cuts=0 schedcap_events=0 schedcap_cuts=0 routepack_events=2 routepack_cuts=0 routepack_cache=1 routepack_states_max=115 routepack_budget_skip=13 nogood_events=0 nogood_cuts=0 weak_skip=15
[clean-BPC    20.07s] restricted-MIP node 3 status=TIME_LIMIT obj=None accepted=False routes=2040 rejected=15 pair=0 ng=28 route_pack=2 sched_cap=0 added_cuts=0 time=20.069127
[clean-BPC   520.60s] branch node 3: left=arc(12,7)=off right=arc(12,7)=on
[clean-BPC   520.60s] node 4 d=2 lb=244.123827 open=2
[clean-BPC   520.87s] node 4 cg=1 phase=phase1 obj=0.0 artificial=0.0 cols=2040
[clean-BPC   521.15s] node 4 cg=2 phase=phase2 obj=244.274153 artificial=0.0 cols=2040
[clean-BPC   524.90s] node 4 cg=2 phase=phase2 kind=heuristic best_rc=-0.029606667 found=2 added=2 exhausted=False cert=False
[clean-BPC   525.18s] node 4 cg=3 phase=phase2 obj=244.274153 artificial=0.0 cols=2042
[clean-BPC   529.19s] node 4 cg=3 phase=phase2 kind=heuristic best_rc=0.042506333 found=0 added=0 exhausted=False cert=False
[clean-BPC   537.44s] node 4 cg=3 phase=phase2 kind=heuristic_boost best_rc=-1.5837725 found=25 added=25 exhausted=True cert=True
[clean-BPC   537.74s] node 4 cg=4 phase=phase2 obj=244.274153 artificial=0.0 cols=2067
[clean-BPC   541.98s] node 4 cg=4 phase=phase2 kind=heuristic best_rc=0.099958 found=0 added=0 exhausted=False cert=False
[clean-BPC   551.12s] node 4 cg=4 phase=phase2 kind=heuristic_boost best_rc=-0.124537333 found=2 added=2 exhausted=True cert=True
[clean-BPC   551.42s] node 4 cg=5 phase=phase2 obj=244.274153 artificial=0.0 cols=2069
[clean-BPC   555.70s] node 4 cg=5 phase=phase2 kind=heuristic best_rc=0.099958 found=0 added=0 exhausted=False cert=False
[clean-BPC   564.84s] node 4 cg=5 phase=phase2 kind=heuristic_boost best_rc=0.06544 found=0 added=0 exhausted=True cert=True
[clean-BPC   564.99s] route-pack diag node 4 round=1 vehicles=1/2 support_max=16 cand=37 oracle=37 incomplete=0 not_tight=3 not_viol=21 dup=0 violated=13 added=5 max_viol=0.7777777777777777 states_max=10202
[clean-BPC   564.99s] cut_added family=schedule_route_set_packing node=4 added=5 first(vehicle=1, routes=16, U=4, y=1.0, viol=0.777777778, states=10202)
[clean-BPC   565.28s] node 4 cg=6 phase=phase2 obj=244.274153 artificial=0.0 cols=2069
[clean-BPC   569.73s] node 4 cg=6 phase=phase2 kind=heuristic best_rc=0.099958 found=0 added=0 exhausted=False cert=False
[clean-BPC   578.98s] node 4 cg=6 phase=phase2 kind=heuristic_boost best_rc=0.099958 found=0 added=0 exhausted=True cert=True
[clean-BPC   579.15s] route-pack diag node 4 round=2 vehicles=1/2 support_max=17 cand=39 oracle=39 incomplete=0 not_tight=4 not_viol=22 dup=0 violated=13 added=5 max_viol=0.6666666666666679 states_max=7740
[clean-BPC   579.15s] cut_added family=schedule_route_set_packing node=4 added=5 first(vehicle=1, routes=16, U=4, y=1.0, viol=0.666666667, states=7740)
[clean-BPC   579.44s] node 4 cg=7 phase=phase2 obj=244.274153 artificial=0.0 cols=2069
[clean-BPC   583.71s] node 4 cg=7 phase=phase2 kind=heuristic best_rc=-0.0 found=0 added=0 exhausted=False cert=False
[clean-BPC   592.52s] node 4 cg=7 phase=phase2 kind=heuristic_boost best_rc=-0.123549 found=2 added=2 exhausted=True cert=True
[clean-BPC   592.82s] node 4 cg=8 phase=phase2 obj=244.274153 artificial=0.0 cols=2071
[clean-BPC   597.02s] node 4 cg=8 phase=phase2 kind=heuristic best_rc=0.126802 found=0 added=0 exhausted=False cert=False
[clean-BPC   605.96s] node 4 cg=8 phase=phase2 kind=heuristic_boost best_rc=-0.113526496 found=2 added=2 exhausted=True cert=True
[clean-BPC   606.26s] node 4 cg=9 phase=phase2 obj=244.274153 artificial=0.0 cols=2073
[clean-BPC   610.33s] node 4 cg=9 phase=phase2 kind=heuristic best_rc=0.132451 found=0 added=0 exhausted=False cert=False
[clean-BPC   618.83s] node 4 cg=9 phase=phase2 kind=heuristic_boost best_rc=-0.685092333 found=2 added=2 exhausted=True cert=True
[clean-BPC   619.12s] node 4 cg=10 phase=phase2 obj=244.274153 artificial=0.0 cols=2075
[clean-BPC   623.57s] node 4 cg=10 phase=phase2 kind=heuristic best_rc=0.0 found=0 added=0 exhausted=False cert=False
[clean-BPC   632.84s] node 4 cg=10 phase=phase2 kind=heuristic_boost best_rc=-0.0 found=0 added=0 exhausted=True cert=True
[clean-BPC   632.85s] cut_added family=schedule_incompatibility node=4 added=2 pair=0 clique=2 first(kind=schedule_clique_conflict, vehicle=1, routes=4, U=1.0, y=1.0, viol=0.444444444)
[clean-BPC   633.14s] node 4 cg=11 phase=phase2 obj=244.274153 artificial=0.0 cols=2075
[clean-BPC   637.39s] node 4 cg=11 phase=phase2 kind=heuristic best_rc=-0.048554667 found=1 added=1 exhausted=False cert=False
[clean-BPC   637.68s] node 4 cg=12 phase=phase2 obj=244.274153 artificial=0.0 cols=2076
[clean-BPC   641.92s] node 4 cg=12 phase=phase2 kind=heuristic best_rc=0.0 found=0 added=0 exhausted=False cert=False
[clean-BPC   650.78s] node 4 cg=12 phase=phase2 kind=heuristic_boost best_rc=0.0 found=0 added=0 exhausted=True cert=True
[clean-BPC   650.78s] cut_added family=schedule_incompatibility node=4 added=3 pair=0 clique=3 first(kind=schedule_clique_conflict, vehicle=1, routes=5, U=1.0, y=1.0, viol=0.333333333)
[clean-BPC   651.08s] node 4 cg=13 phase=phase2 obj=244.274153 artificial=0.0 cols=2076
[clean-BPC   655.53s] node 4 cg=13 phase=phase2 kind=heuristic best_rc=0.126802 found=0 added=0 exhausted=False cert=False
[clean-BPC   665.33s] node 4 cg=13 phase=phase2 kind=heuristic_boost best_rc=0.126802 found=0 added=0 exhausted=True cert=True
[clean-BPC   686.44s] route-pack-conflict diag node 4 source_vehicle=1 routes=5 U=3 complete=True cache_hit=False states=78 added=2
[clean-BPC   686.44s] cut_added family=schedule_route_set_packing node=4 added=2 source=schedule_conflict first(vehicle=1, routes=5, U=3, states=78, cache_hit=False)
[clean-BPC   686.44s] route-pack-conflict diag node 4 source_vehicle=1 routes=5 U=3 complete=True cache_hit=False states=80 added=2
[clean-BPC   686.44s] cut_added family=schedule_route_set_packing node=4 added=2 source=schedule_conflict first(vehicle=1, routes=5, U=3, states=80, cache_hit=False)
[clean-BPC   687.81s] cut_added family=schedule_pair_conflict node=4 added=2 source_vehicle=1 route_count=2 signatures=[[8, 17, 19, 3], [14, 15, 10, 2]]
[clean-BPC   689.85s] cut_added family=schedule_pair_conflict node=4 added=2 source_vehicle=1 route_count=2 signatures=[[8, 19, 17, 3], [14, 15, 10, 2]]
[clean-BPC   698.81s] rim-conflict diag node 4 conflicts=20 pair_events=2 pair_cuts=4 schedcap_events=0 schedcap_cuts=0 routepack_events=2 routepack_cuts=4 routepack_cache=0 routepack_states_max=80 routepack_budget_skip=16 nogood_events=0 nogood_cuts=0 weak_skip=16
[clean-BPC    21.11s] restricted-MIP node 4 status=TIME_LIMIT obj=None accepted=False routes=2076 rejected=20 pair=4 ng=16 route_pack=20 sched_cap=0 added_cuts=8 time=21.108096
[clean-BPC   698.81s] node 5 d=3 lb=244.123827 open=2
[clean-BPC   699.08s] node 5 cg=1 phase=phase1 obj=0.0 artificial=0.0 cols=2076
[clean-BPC   699.37s] node 5 cg=2 phase=phase2 obj=244.670907 artificial=0.0 cols=2076
[clean-BPC   703.95s] node 5 cg=2 phase=phase2 kind=heuristic best_rc=0.0 found=0 added=0 exhausted=False cert=False
[clean-BPC   713.98s] node 5 cg=2 phase=phase2 kind=heuristic_boost best_rc=0.0 found=0 added=0 exhausted=True cert=True
[clean-BPC   735.29s] route-pack-conflict diag node 5 source_vehicle=1 routes=5 U=4 complete=True cache_hit=True states=107 added=0
[clean-BPC   736.86s] route-pack-conflict diag node 5 source_vehicle=1 routes=5 U=4 complete=True cache_hit=True states=84 added=0
[clean-BPC   749.13s] rim-conflict diag node 5 conflicts=14 pair_events=0 pair_cuts=0 schedcap_events=0 schedcap_cuts=0 routepack_events=2 routepack_cuts=0 routepack_cache=2 routepack_states_max=107 routepack_budget_skip=12 nogood_events=0 nogood_cuts=0 weak_skip=14
[clean-BPC    21.31s] restricted-MIP node 5 status=TIME_LIMIT obj=None accepted=False routes=2076 rejected=14 pair=0 ng=28 route_pack=0 sched_cap=0 added_cuts=0 time=21.307813
[clean-BPC   752.71s] branch node 5: left=arc(2,5)=off right=arc(2,5)=on
[clean-BPC   752.71s] node 6 d=3 lb=244.123827 open=3
[clean-BPC   753.00s] node 6 cg=1 phase=phase1 obj=0.0 artificial=0.0 cols=2076
[clean-BPC   753.30s] node 6 cg=2 phase=phase2 obj=244.134609 artificial=0.0 cols=2076
[clean-BPC   757.56s] node 6 cg=2 phase=phase2 kind=heuristic best_rc=0.014518333 found=0 added=0 exhausted=False cert=False
[clean-BPC   767.22s] node 6 cg=2 phase=phase2 kind=heuristic_boost best_rc=-0.762498667 found=22 added=22 exhausted=True cert=True
[clean-BPC   767.52s] node 6 cg=3 phase=phase2 obj=244.134609 artificial=0.0 cols=2098
[clean-BPC   771.69s] node 6 cg=3 phase=phase2 kind=heuristic best_rc=-0.0 found=0 added=0 exhausted=False cert=False
[clean-BPC   781.24s] node 6 cg=3 phase=phase2 kind=heuristic_boost best_rc=-0.656654333 found=4 added=4 exhausted=True cert=True
[clean-BPC   781.54s] node 6 cg=4 phase=phase2 obj=244.134609 artificial=0.0 cols=2102
[clean-BPC   785.93s] node 6 cg=4 phase=phase2 kind=heuristic best_rc=-0.0 found=0 added=0 exhausted=False cert=False
[clean-BPC   796.12s] node 6 cg=4 phase=phase2 kind=heuristic_boost best_rc=-0.0 found=0 added=0 exhausted=True cert=True
[clean-BPC   809.49s] route-pack-conflict diag node 6 source_vehicle=1 routes=5 U=3 complete=True cache_hit=False states=83 added=2
[clean-BPC   809.49s] cut_added family=schedule_route_set_packing node=6 added=2 source=schedule_conflict first(vehicle=1, routes=5, U=3, states=83, cache_hit=False)
[clean-BPC   809.49s] route-pack-conflict diag node 6 source_vehicle=1 routes=5 U=3 complete=True cache_hit=False states=87 added=2
[clean-BPC   809.49s] cut_added family=schedule_route_set_packing node=6 added=2 source=schedule_conflict first(vehicle=1, routes=5, U=3, states=87, cache_hit=False)
[clean-BPC   822.74s] rim-conflict diag node 6 conflicts=21 pair_events=0 pair_cuts=0 schedcap_events=0 schedcap_cuts=0 routepack_events=2 routepack_cuts=4 routepack_cache=0 routepack_states_max=87 routepack_budget_skip=19 nogood_events=0 nogood_cuts=0 weak_skip=19
[clean-BPC    13.37s] restricted-MIP node 6 status=SCHEDULE_REJECTED_LIMIT obj=None accepted=False routes=2102 rejected=21 pair=0 ng=0 route_pack=40 sched_cap=0 added_cuts=4 time=13.365855
[clean-BPC   822.74s] node 6 d=3 lb=244.134609 open=3
[clean-BPC   823.04s] node 6 cg=1 phase=phase1 obj=0.0 artificial=0.0 cols=2102
[clean-BPC   823.34s] node 6 cg=2 phase=phase2 obj=244.134609 artificial=0.0 cols=2102
[clean-BPC   828.20s] node 6 cg=2 phase=phase2 kind=heuristic best_rc=-0.161818 found=1 added=1 exhausted=False cert=False
[clean-BPC   828.50s] node 6 cg=3 phase=phase2 obj=244.134609 artificial=0.0 cols=2103
[clean-BPC   833.30s] node 6 cg=3 phase=phase2 kind=heuristic best_rc=0.0 found=0 added=0 exhausted=False cert=False
[clean-BPC   844.50s] node 6 cg=3 phase=phase2 kind=heuristic_boost best_rc=0.0 found=0 added=0 exhausted=True cert=True
[clean-BPC   858.71s] route-pack-conflict diag node 6 source_vehicle=1 routes=5 U=3 complete=True cache_hit=False states=86 added=2
[clean-BPC   858.71s] cut_added family=schedule_route_set_packing node=6 added=2 source=schedule_conflict first(vehicle=1, routes=5, U=3, states=86, cache_hit=False)
[clean-BPC   858.71s] route-pack-conflict diag node 6 source_vehicle=1 routes=5 U=3 complete=True cache_hit=False states=76 added=2
[clean-BPC   858.71s] cut_added family=schedule_route_set_packing node=6 added=2 source=schedule_conflict first(vehicle=1, routes=5, U=3, states=76, cache_hit=False)
[clean-BPC   871.94s] rim-conflict diag node 6 conflicts=21 pair_events=0 pair_cuts=0 schedcap_events=0 schedcap_cuts=0 routepack_events=2 routepack_cuts=4 routepack_cache=0 routepack_states_max=86 routepack_budget_skip=19 nogood_events=0 nogood_cuts=0 weak_skip=19
[clean-BPC    14.20s] restricted-MIP node 6 status=SCHEDULE_REJECTED_LIMIT obj=None accepted=False routes=2103 rejected=21 pair=0 ng=0 route_pack=40 sched_cap=0 added_cuts=4 time=14.199429
[clean-BPC   871.94s] node 6 d=3 lb=244.134609 open=3
[clean-BPC   872.22s] node 6 cg=1 phase=phase1 obj=0.0 artificial=0.0 cols=2103
[clean-BPC   872.53s] node 6 cg=2 phase=phase2 obj=244.134609 artificial=0.0 cols=2103
[clean-BPC   877.12s] node 6 cg=2 phase=phase2 kind=heuristic best_rc=0.087795222 found=0 added=0 exhausted=False cert=False
[clean-BPC   887.81s] node 6 cg=2 phase=phase2 kind=heuristic_boost best_rc=0.087795222 found=0 added=0 exhausted=True cert=True
[clean-BPC   902.63s] route-pack-conflict diag node 6 source_vehicle=1 routes=5 U=3 complete=True cache_hit=False states=70 added=2
[clean-BPC   902.63s] cut_added family=schedule_route_set_packing node=6 added=2 source=schedule_conflict first(vehicle=1, routes=5, U=3, states=70, cache_hit=False)
[clean-BPC   902.63s] route-pack-conflict diag node 6 source_vehicle=1 routes=5 U=3 complete=True cache_hit=False states=77 added=2
[clean-BPC   902.63s] cut_added family=schedule_route_set_packing node=6 added=2 source=schedule_conflict first(vehicle=1, routes=5, U=3, states=77, cache_hit=False)
[clean-BPC   911.32s] cut_added family=schedule_pair_conflict node=6 added=2 source_vehicle=1 route_count=2 signatures=[[10, 15, 14, 1], [8, 17, 19, 3]]
[clean-BPC   915.26s] rim-conflict diag node 6 conflicts=21 pair_events=1 pair_cuts=2 schedcap_events=0 schedcap_cuts=0 routepack_events=2 routepack_cuts=4 routepack_cache=0 routepack_states_max=77 routepack_budget_skip=18 nogood_events=0 nogood_cuts=0 weak_skip=18
[clean-BPC    14.82s] restricted-MIP node 6 status=SCHEDULE_REJECTED_LIMIT obj=None accepted=False routes=2103 rejected=21 pair=2 ng=0 route_pack=38 sched_cap=0 added_cuts=6 time=14.819148
[clean-BPC   915.26s] node 6 d=3 lb=244.134609 open=3
[clean-BPC   915.55s] node 6 cg=1 phase=phase1 obj=0.0 artificial=0.0 cols=2103
[clean-BPC   915.87s] node 6 cg=2 phase=phase2 obj=244.134609 artificial=0.0 cols=2103
[clean-BPC   915.87s] cut_purged node=6 removed=2 by_kind={'crossing_cut': 1, 'limited_memory_rank1': 1} remaining=111
[clean-BPC   916.16s] node 6 cg=3 phase=phase2 obj=244.134609 artificial=0.0 cols=2103
[clean-BPC   920.59s] node 6 cg=3 phase=phase2 kind=heuristic best_rc=-0.029669889 found=2 added=2 exhausted=False cert=False
[clean-BPC   920.88s] node 6 cg=4 phase=phase2 obj=244.134609 artificial=0.0 cols=2105
[clean-BPC   924.98s] node 6 cg=4 phase=phase2 kind=heuristic best_rc=-0.0 found=0 added=0 exhausted=False cert=False
[clean-BPC   934.13s] node 6 cg=4 phase=phase2 kind=heuristic_boost best_rc=-0.0 found=0 added=0 exhausted=True cert=True
[clean-BPC   946.48s] route-pack-conflict diag node 6 source_vehicle=1 routes=5 U=3 complete=True cache_hit=False states=93 added=2
[clean-BPC   946.48s] cut_added family=schedule_route_set_packing node=6 added=2 source=schedule_conflict first(vehicle=1, routes=5, U=3, states=93, cache_hit=False)
[clean-BPC   946.48s] route-pack-conflict diag node 6 source_vehicle=1 routes=5 U=3 complete=True cache_hit=False states=73 added=2
[clean-BPC   946.48s] cut_added family=schedule_route_set_packing node=6 added=2 source=schedule_conflict first(vehicle=1, routes=5, U=3, states=73, cache_hit=False)
[clean-BPC   963.89s] rim-conflict diag node 6 conflicts=21 pair_events=0 pair_cuts=0 schedcap_events=0 schedcap_cuts=0 routepack_events=2 routepack_cuts=4 routepack_cache=0 routepack_states_max=93 routepack_budget_skip=19 nogood_events=0 nogood_cuts=0 weak_skip=19
[clean-BPC    12.34s] restricted-MIP node 6 status=SCHEDULE_REJECTED_LIMIT obj=None accepted=False routes=2105 rejected=21 pair=0 ng=0 route_pack=40 sched_cap=0 added_cuts=4 time=12.344805
[clean-BPC   963.89s] node 6 d=3 lb=244.134609 open=3
[clean-BPC   964.17s] node 6 cg=1 phase=phase1 obj=0.0 artificial=0.0 cols=2105
[clean-BPC   964.47s] node 6 cg=2 phase=phase2 obj=244.134609 artificial=0.0 cols=2105
[clean-BPC   969.01s] node 6 cg=2 phase=phase2 kind=heuristic best_rc=0.0 found=0 added=0 exhausted=False cert=False
[clean-BPC   979.58s] node 6 cg=2 phase=phase2 kind=heuristic_boost best_rc=0.0 found=0 added=0 exhausted=True cert=True
[clean-BPC   991.87s] route-pack-conflict diag node 6 source_vehicle=1 routes=5 U=3 complete=True cache_hit=False states=74 added=2
[clean-BPC   991.87s] cut_added family=schedule_route_set_packing node=6 added=2 source=schedule_conflict first(vehicle=1, routes=5, U=3, states=74, cache_hit=False)
[clean-BPC   991.88s] route-pack-conflict diag node 6 source_vehicle=1 routes=5 U=3 complete=True cache_hit=False states=84 added=2
[clean-BPC   991.88s] cut_added family=schedule_route_set_packing node=6 added=2 source=schedule_conflict first(vehicle=1, routes=5, U=3, states=84, cache_hit=False)
[clean-BPC  1010.21s] rim-conflict diag node 6 conflicts=21 pair_events=0 pair_cuts=0 schedcap_events=0 schedcap_cuts=0 routepack_events=2 routepack_cuts=4 routepack_cache=0 routepack_states_max=84 routepack_budget_skip=19 nogood_events=0 nogood_cuts=0 weak_skip=19
[clean-BPC    12.29s] restricted-MIP node 6 status=SCHEDULE_REJECTED_LIMIT obj=None accepted=False routes=2105 rejected=21 pair=0 ng=0 route_pack=40 sched_cap=0 added_cuts=4 time=12.292571
[clean-BPC  1010.21s] node 6 d=3 lb=244.134609 open=3
[clean-BPC  1010.49s] node 6 cg=1 phase=phase1 obj=0.0 artificial=0.0 cols=2105
[clean-BPC  1010.78s] node 6 cg=2 phase=phase2 obj=244.134609 artificial=0.0 cols=2105
[clean-BPC  1015.18s] node 6 cg=2 phase=phase2 kind=heuristic best_rc=0.0 found=0 added=0 exhausted=False cert=False
[clean-BPC  1024.88s] node 6 cg=2 phase=phase2 kind=heuristic_boost best_rc=0.0 found=0 added=0 exhausted=True cert=True
[clean-BPC  1037.40s] route-pack-conflict diag node 6 source_vehicle=1 routes=5 U=3 complete=True cache_hit=False states=84 added=2
[clean-BPC  1037.40s] cut_added family=schedule_route_set_packing node=6 added=2 source=schedule_conflict first(vehicle=1, routes=5, U=3, states=84, cache_hit=False)
[clean-BPC  1037.40s] route-pack-conflict diag node 6 source_vehicle=1 routes=5 U=3 complete=True cache_hit=False states=76 added=2
[clean-BPC  1037.40s] cut_added family=schedule_route_set_packing node=6 added=2 source=schedule_conflict first(vehicle=1, routes=5, U=3, states=76, cache_hit=False)
[clean-BPC  1055.04s] rim-conflict diag node 6 conflicts=21 pair_events=0 pair_cuts=0 schedcap_events=0 schedcap_cuts=0 routepack_events=2 routepack_cuts=4 routepack_cache=0 routepack_states_max=84 routepack_budget_skip=19 nogood_events=0 nogood_cuts=0 weak_skip=19
[clean-BPC    12.52s] restricted-MIP node 6 status=SCHEDULE_REJECTED_LIMIT obj=None accepted=False routes=2105 rejected=21 pair=0 ng=0 route_pack=40 sched_cap=0 added_cuts=4 time=12.522075
[clean-BPC  1055.04s] node 6 d=3 lb=244.134609 open=3
[clean-BPC  1055.32s] node 6 cg=1 phase=phase1 obj=0.0 artificial=0.0 cols=2105
[clean-BPC  1055.62s] node 6 cg=2 phase=phase2 obj=244.134609 artificial=0.0 cols=2105
[clean-BPC  1060.46s] node 6 cg=2 phase=phase2 kind=heuristic best_rc=-0.0 found=0 added=0 exhausted=False cert=False
[clean-BPC  1071.76s] node 6 cg=2 phase=phase2 kind=heuristic_boost best_rc=-0.0 found=0 added=0 exhausted=True cert=True
[clean-BPC  1084.42s] route-pack-conflict diag node 6 source_vehicle=1 routes=5 U=3 complete=True cache_hit=False states=91 added=2
[clean-BPC  1084.42s] cut_added family=schedule_route_set_packing node=6 added=2 source=schedule_conflict first(vehicle=1, routes=5, U=3, states=91, cache_hit=False)
[clean-BPC  1084.42s] route-pack-conflict diag node 6 source_vehicle=1 routes=5 U=3 complete=True cache_hit=False states=91 added=2
[clean-BPC  1084.42s] cut_added family=schedule_route_set_packing node=6 added=2 source=schedule_conflict first(vehicle=1, routes=5, U=3, states=91, cache_hit=False)
[clean-BPC  1102.17s] rim-conflict diag node 6 conflicts=21 pair_events=0 pair_cuts=0 schedcap_events=0 schedcap_cuts=0 routepack_events=2 routepack_cuts=4 routepack_cache=0 routepack_states_max=91 routepack_budget_skip=19 nogood_events=0 nogood_cuts=0 weak_skip=19
[clean-BPC    12.66s] restricted-MIP node 6 status=SCHEDULE_REJECTED_LIMIT obj=None accepted=False routes=2105 rejected=21 pair=0 ng=0 route_pack=40 sched_cap=0 added_cuts=4 time=12.655218
[clean-BPC  1102.17s] node 6 d=3 lb=244.134609 open=3
[clean-BPC  1102.45s] node 6 cg=1 phase=phase1 obj=0.0 artificial=0.0 cols=2105
[clean-BPC  1102.75s] node 6 cg=2 phase=phase2 obj=244.134609 artificial=0.0 cols=2105
[clean-BPC  1107.57s] node 6 cg=2 phase=phase2 kind=heuristic best_rc=0.0 found=0 added=0 exhausted=False cert=False
[clean-BPC  1118.83s] node 6 cg=2 phase=phase2 kind=heuristic_boost best_rc=0.0 found=0 added=0 exhausted=True cert=True
[clean-BPC  1133.01s] route-pack-conflict diag node 6 source_vehicle=1 routes=5 U=3 complete=True cache_hit=False states=90 added=2
[clean-BPC  1133.01s] cut_added family=schedule_route_set_packing node=6 added=2 source=schedule_conflict first(vehicle=1, routes=5, U=3, states=90, cache_hit=False)
[clean-BPC  1133.01s] route-pack-conflict diag node 6 source_vehicle=1 routes=5 U=3 complete=True cache_hit=False states=80 added=2
[clean-BPC  1133.01s] cut_added family=schedule_route_set_packing node=6 added=2 source=schedule_conflict first(vehicle=1, routes=5, U=3, states=80, cache_hit=False)
[clean-BPC  1150.68s] rim-conflict diag node 6 conflicts=21 pair_events=0 pair_cuts=0 schedcap_events=0 schedcap_cuts=0 routepack_events=2 routepack_cuts=4 routepack_cache=0 routepack_states_max=90 routepack_budget_skip=19 nogood_events=0 nogood_cuts=0 weak_skip=19
[clean-BPC    14.18s] restricted-MIP node 6 status=SCHEDULE_REJECTED_LIMIT obj=None accepted=False routes=2105 rejected=21 pair=0 ng=0 route_pack=40 sched_cap=0 added_cuts=4 time=14.17523
[clean-BPC  1150.68s] node 6 d=3 lb=244.134609 open=3
[clean-BPC  1150.97s] node 6 cg=1 phase=phase1 obj=0.0 artificial=0.0 cols=2105
[clean-BPC  1151.27s] node 6 cg=2 phase=phase2 obj=244.134609 artificial=0.0 cols=2105
[clean-BPC  1156.06s] node 6 cg=2 phase=phase2 kind=heuristic best_rc=0.0 found=0 added=0 exhausted=False cert=False
[clean-BPC  1167.34s] node 6 cg=2 phase=phase2 kind=heuristic_boost best_rc=0.0 found=0 added=0 exhausted=True cert=True
[clean-BPC  1180.54s] route-pack-conflict diag node 6 source_vehicle=1 routes=5 U=3 complete=True cache_hit=False states=74 added=2
[clean-BPC  1180.54s] cut_added family=schedule_route_set_packing node=6 added=2 source=schedule_conflict first(vehicle=1, routes=5, U=3, states=74, cache_hit=False)
[clean-BPC  1180.54s] route-pack-conflict diag node 6 source_vehicle=1 routes=5 U=3 complete=True cache_hit=False states=95 added=2
[clean-BPC  1180.54s] cut_added family=schedule_route_set_packing node=6 added=2 source=schedule_conflict first(vehicle=1, routes=5, U=3, states=95, cache_hit=False)
[clean-BPC  1198.85s] rim-conflict diag node 6 conflicts=21 pair_events=0 pair_cuts=0 schedcap_events=0 schedcap_cuts=0 routepack_events=2 routepack_cuts=4 routepack_cache=0 routepack_states_max=95 routepack_budget_skip=19 nogood_events=0 nogood_cuts=0 weak_skip=19
[clean-BPC    13.20s] restricted-MIP node 6 status=SCHEDULE_REJECTED_LIMIT obj=None accepted=False routes=2105 rejected=21 pair=0 ng=0 route_pack=40 sched_cap=0 added_cuts=4 time=13.197623
[clean-BPC  1198.85s] node 6 d=3 lb=244.134609 open=3
[clean-BPC  1199.13s] node 6 cg=1 phase=phase1 obj=0.0 artificial=0.0 cols=2105
[clean-BPC  1199.44s] node 6 cg=2 phase=phase2 obj=244.134609 artificial=0.0 cols=2105
[clean-BPC  1203.83s] node 6 cg=2 phase=phase2 kind=heuristic best_rc=0.0 found=0 added=0 exhausted=False cert=False
[clean-BPC  1213.98s] node 6 cg=2 phase=phase2 kind=heuristic_boost best_rc=0.0 found=0 added=0 exhausted=True cert=True
[clean-BPC  1228.20s] route-pack-conflict diag node 6 source_vehicle=1 routes=5 U=3 complete=True cache_hit=False states=93 added=2
[clean-BPC  1228.20s] cut_added family=schedule_route_set_packing node=6 added=2 source=schedule_conflict first(vehicle=1, routes=5, U=3, states=93, cache_hit=False)
[clean-BPC  1228.20s] route-pack-conflict diag node 6 source_vehicle=1 routes=5 U=3 complete=True cache_hit=False states=76 added=2
[clean-BPC  1228.20s] cut_added family=schedule_route_set_packing node=6 added=2 source=schedule_conflict first(vehicle=1, routes=5, U=3, states=76, cache_hit=False)
[clean-BPC  1246.35s] rim-conflict diag node 6 conflicts=21 pair_events=0 pair_cuts=0 schedcap_events=0 schedcap_cuts=0 routepack_events=2 routepack_cuts=4 routepack_cache=0 routepack_states_max=93 routepack_budget_skip=19 nogood_events=0 nogood_cuts=0 weak_skip=19
[clean-BPC    14.22s] restricted-MIP node 6 status=SCHEDULE_REJECTED_LIMIT obj=None accepted=False routes=2105 rejected=21 pair=0 ng=0 route_pack=40 sched_cap=0 added_cuts=4 time=14.21717
[clean-BPC  1246.35s] node 6 d=3 lb=244.134609 open=3
[clean-BPC  1246.64s] node 6 cg=1 phase=phase1 obj=0.0 artificial=0.0 cols=2105
[clean-BPC  1246.94s] node 6 cg=2 phase=phase2 obj=244.134609 artificial=0.0 cols=2105
[clean-BPC  1251.26s] node 6 cg=2 phase=phase2 kind=heuristic best_rc=-0.0 found=0 added=0 exhausted=False cert=False
[clean-BPC  1260.82s] node 6 cg=2 phase=phase2 kind=heuristic_boost best_rc=-0.0 found=0 added=0 exhausted=True cert=True
[clean-BPC  1275.39s] route-pack-conflict diag node 6 source_vehicle=1 routes=5 U=3 complete=True cache_hit=False states=80 added=2
[clean-BPC  1275.39s] cut_added family=schedule_route_set_packing node=6 added=2 source=schedule_conflict first(vehicle=1, routes=5, U=3, states=80, cache_hit=False)
[clean-BPC  1275.39s] route-pack-conflict diag node 6 source_vehicle=1 routes=5 U=3 complete=True cache_hit=False states=98 added=2
[clean-BPC  1275.39s] cut_added family=schedule_route_set_packing node=6 added=2 source=schedule_conflict first(vehicle=1, routes=5, U=3, states=98, cache_hit=False)
[clean-BPC  1293.57s] rim-conflict diag node 6 conflicts=21 pair_events=0 pair_cuts=0 schedcap_events=0 schedcap_cuts=0 routepack_events=2 routepack_cuts=4 routepack_cache=0 routepack_states_max=98 routepack_budget_skip=19 nogood_events=0 nogood_cuts=0 weak_skip=19
[clean-BPC    14.57s] restricted-MIP node 6 status=SCHEDULE_REJECTED_LIMIT obj=None accepted=False routes=2105 rejected=21 pair=0 ng=0 route_pack=40 sched_cap=0 added_cuts=4 time=14.567357
[clean-BPC  1293.57s] node 6 d=3 lb=244.134609 open=3
[clean-BPC  1293.86s] node 6 cg=1 phase=phase1 obj=0.0 artificial=0.0 cols=2105
[clean-BPC  1294.17s] node 6 cg=2 phase=phase2 obj=244.134609 artificial=0.0 cols=2105
[clean-BPC  1298.73s] node 6 cg=2 phase=phase2 kind=heuristic best_rc=0.0 found=0 added=0 exhausted=False cert=False
[clean-BPC  1309.33s] node 6 cg=2 phase=phase2 kind=heuristic_boost best_rc=0.0 found=0 added=0 exhausted=True cert=True
[clean-BPC  1325.17s] route-pack-conflict diag node 6 source_vehicle=1 routes=5 U=3 complete=True cache_hit=False states=92 added=2
[clean-BPC  1325.17s] cut_added family=schedule_route_set_packing node=6 added=2 source=schedule_conflict first(vehicle=1, routes=5, U=3, states=92, cache_hit=False)
[clean-BPC  1325.17s] route-pack-conflict diag node 6 source_vehicle=1 routes=5 U=3 complete=True cache_hit=False states=81 added=2
[clean-BPC  1325.17s] cut_added family=schedule_route_set_packing node=6 added=2 source=schedule_conflict first(vehicle=1, routes=5, U=3, states=81, cache_hit=False)
[clean-BPC  1343.35s] rim-conflict diag node 6 conflicts=21 pair_events=0 pair_cuts=0 schedcap_events=0 schedcap_cuts=0 routepack_events=2 routepack_cuts=4 routepack_cache=0 routepack_states_max=92 routepack_budget_skip=19 nogood_events=0 nogood_cuts=0 weak_skip=19
[clean-BPC    15.83s] restricted-MIP node 6 status=SCHEDULE_REJECTED_LIMIT obj=None accepted=False routes=2105 rejected=21 pair=0 ng=0 route_pack=40 sched_cap=0 added_cuts=4 time=15.833163
[clean-BPC  1343.35s] node 6 d=3 lb=244.134609 open=3
[clean-BPC  1343.64s] node 6 cg=1 phase=phase1 obj=0.0 artificial=0.0 cols=2105
[clean-BPC  1343.95s] node 6 cg=2 phase=phase2 obj=244.134609 artificial=0.0 cols=2105
[clean-BPC  1348.49s] node 6 cg=2 phase=phase2 kind=heuristic best_rc=0.0 found=0 added=0 exhausted=False cert=False
[clean-BPC  1359.02s] node 6 cg=2 phase=phase2 kind=heuristic_boost best_rc=0.0 found=0 added=0 exhausted=True cert=True
[clean-BPC  1374.96s] route-pack-conflict diag node 6 source_vehicle=1 routes=5 U=3 complete=True cache_hit=False states=83 added=2
[clean-BPC  1374.96s] cut_added family=schedule_route_set_packing node=6 added=2 source=schedule_conflict first(vehicle=1, routes=5, U=3, states=83, cache_hit=False)
[clean-BPC  1374.96s] route-pack-conflict diag node 6 source_vehicle=1 routes=5 U=3 complete=True cache_hit=False states=84 added=2
[clean-BPC  1374.96s] cut_added family=schedule_route_set_packing node=6 added=2 source=schedule_conflict first(vehicle=1, routes=5, U=3, states=84, cache_hit=False)
[clean-BPC  1393.51s] rim-conflict diag node 6 conflicts=21 pair_events=0 pair_cuts=0 schedcap_events=0 schedcap_cuts=0 routepack_events=2 routepack_cuts=4 routepack_cache=0 routepack_states_max=84 routepack_budget_skip=19 nogood_events=0 nogood_cuts=0 weak_skip=19
[clean-BPC    15.93s] restricted-MIP node 6 status=SCHEDULE_REJECTED_LIMIT obj=None accepted=False routes=2105 rejected=21 pair=0 ng=0 route_pack=40 sched_cap=0 added_cuts=4 time=15.934659
[clean-BPC  1393.51s] node 6 d=3 lb=244.134609 open=3
[clean-BPC  1393.80s] node 6 cg=1 phase=phase1 obj=0.0 artificial=0.0 cols=2105
[clean-BPC  1394.11s] node 6 cg=2 phase=phase2 obj=244.134609 artificial=0.0 cols=2105
[clean-BPC  1394.11s] cut_purged node=6 removed=2 by_kind={'subset_row': 2} remaining=149
[clean-BPC  1394.42s] node 6 cg=3 phase=phase2 obj=244.134609 artificial=0.0 cols=2105
[clean-BPC  1394.42s] cut_purged node=6 removed=2 by_kind={'subset_row': 2} remaining=147
[clean-BPC  1394.73s] node 6 cg=4 phase=phase2 obj=244.134609 artificial=0.0 cols=2105
[clean-BPC  1399.48s] node 6 cg=4 phase=phase2 kind=heuristic best_rc=-0.0 found=0 added=0 exhausted=False cert=False
[clean-BPC  1410.40s] node 6 cg=4 phase=phase2 kind=heuristic_boost best_rc=-0.0 found=0 added=0 exhausted=True cert=True
[clean-BPC  1425.70s] route-pack-conflict diag node 6 source_vehicle=1 routes=5 U=3 complete=True cache_hit=False states=91 added=2
[clean-BPC  1425.70s] cut_added family=schedule_route_set_packing node=6 added=2 source=schedule_conflict first(vehicle=1, routes=5, U=3, states=91, cache_hit=False)
[clean-BPC  1425.70s] route-pack-conflict diag node 6 source_vehicle=1 routes=5 U=3 complete=True cache_hit=False states=74 added=2
[clean-BPC  1425.70s] cut_added family=schedule_route_set_packing node=6 added=2 source=schedule_conflict first(vehicle=1, routes=5, U=3, states=74, cache_hit=False)
[clean-BPC  1443.55s] rim-conflict diag node 6 conflicts=21 pair_events=0 pair_cuts=0 schedcap_events=0 schedcap_cuts=0 routepack_events=2 routepack_cuts=4 routepack_cache=0 routepack_states_max=91 routepack_budget_skip=19 nogood_events=0 nogood_cuts=0 weak_skip=19
[clean-BPC    15.30s] restricted-MIP node 6 status=SCHEDULE_REJECTED_LIMIT obj=None accepted=False routes=2105 rejected=21 pair=0 ng=0 route_pack=40 sched_cap=0 added_cuts=4 time=15.29695
[clean-BPC  1443.55s] node 6 d=3 lb=244.134609 open=3
[clean-BPC  1443.84s] node 6 cg=1 phase=phase1 obj=0.0 artificial=0.0 cols=2105
[clean-BPC  1444.14s] node 6 cg=2 phase=phase2 obj=244.134609 artificial=0.0 cols=2105
[clean-BPC  1448.84s] node 6 cg=2 phase=phase2 kind=heuristic best_rc=-0.0 found=0 added=0 exhausted=False cert=False
[clean-BPC  1459.62s] node 6 cg=2 phase=phase2 kind=heuristic_boost best_rc=-0.0 found=0 added=0 exhausted=True cert=True
[clean-BPC  1476.25s] route-pack-conflict diag node 6 source_vehicle=1 routes=5 U=3 complete=True cache_hit=False states=90 added=2
[clean-BPC  1476.25s] cut_added family=schedule_route_set_packing node=6 added=2 source=schedule_conflict first(vehicle=1, routes=5, U=3, states=90, cache_hit=False)
[clean-BPC  1476.25s] route-pack-conflict diag node 6 source_vehicle=1 routes=5 U=3 complete=True cache_hit=False states=89 added=2
[clean-BPC  1476.25s] cut_added family=schedule_route_set_packing node=6 added=2 source=schedule_conflict first(vehicle=1, routes=5, U=3, states=89, cache_hit=False)
[clean-BPC  1493.93s] rim-conflict diag node 6 conflicts=21 pair_events=0 pair_cuts=0 schedcap_events=0 schedcap_cuts=0 routepack_events=2 routepack_cuts=4 routepack_cache=0 routepack_states_max=90 routepack_budget_skip=19 nogood_events=0 nogood_cuts=0 weak_skip=19
[clean-BPC    16.63s] restricted-MIP node 6 status=SCHEDULE_REJECTED_LIMIT obj=None accepted=False routes=2105 rejected=21 pair=0 ng=2 route_pack=38 sched_cap=0 added_cuts=4 time=16.628398
[clean-BPC  1493.93s] node 6 d=3 lb=244.134609 open=3
[clean-BPC  1494.21s] node 6 cg=1 phase=phase1 obj=0.0 artificial=0.0 cols=2105
[clean-BPC  1494.51s] node 6 cg=2 phase=phase2 obj=244.134609 artificial=0.0 cols=2105
[clean-BPC  1498.95s] node 6 cg=2 phase=phase2 kind=heuristic best_rc=0.0 found=0 added=0 exhausted=False cert=False
[clean-BPC  1509.14s] node 6 cg=2 phase=phase2 kind=heuristic_boost best_rc=-0.3038775 found=4 added=4 exhausted=True cert=True
[clean-BPC  1509.45s] node 6 cg=3 phase=phase2 obj=244.134609 artificial=0.0 cols=2109
[clean-BPC  1513.97s] node 6 cg=3 phase=phase2 kind=heuristic best_rc=-0.0 found=0 added=0 exhausted=False cert=False
[clean-BPC  1524.28s] node 6 cg=3 phase=phase2 kind=heuristic_boost best_rc=-0.0 found=0 added=0 exhausted=True cert=True
[clean-BPC  1528.29s] branch node 6: left=RF(8,16)=separate right=RF(8,16)=same
[clean-BPC  1528.29s] node 9 d=4 lb=244.134609 open=4
[clean-BPC  1528.58s] node 9 cg=1 phase=phase1 obj=0.0 artificial=0.0 cols=2109
[clean-BPC  1528.87s] node 9 cg=2 phase=phase2 obj=244.227986 artificial=0.0 cols=2109
[clean-BPC  1533.72s] node 9 cg=2 phase=phase2 kind=heuristic best_rc=-0.0 found=0 added=0 exhausted=False cert=False
[clean-BPC  1544.79s] node 9 cg=2 phase=phase2 kind=heuristic_boost best_rc=-0.0 found=0 added=0 exhausted=True cert=True
[clean-BPC  1548.95s] branch node 9: left=arc(15,12)=off right=arc(15,12)=on
[clean-BPC  1548.95s] node 10 d=4 lb=244.134609 open=5
[clean-BPC  1549.10s] node 10 cg=1 phase=phase1 obj=0.0 artificial=0.0 cols=2109
[clean-BPC  1549.26s] node 10 cg=2 phase=phase2 obj=246.093955 artificial=0.0 cols=2109
[clean-BPC  1553.11s] node 10 cg=2 phase=phase2 kind=heuristic best_rc=-2.850919 found=272 added=272 exhausted=False cert=False
[clean-BPC  1553.29s] node 10 cg=3 phase=phase2 obj=245.775355 artificial=0.0 cols=2381
[clean-BPC  1557.31s] node 10 cg=3 phase=phase2 kind=heuristic best_rc=-0.27689275 found=4 added=4 exhausted=False cert=False
[clean-BPC  1557.49s] node 10 cg=4 phase=phase2 obj=245.775355 artificial=0.0 cols=2385
[clean-BPC  1561.37s] node 10 cg=4 phase=phase2 kind=heuristic best_rc=-0.0 found=0 added=0 exhausted=False cert=False
[clean-BPC  1569.65s] node 10 cg=4 phase=phase2 kind=heuristic_boost best_rc=-0.0 found=0 added=0 exhausted=True cert=True
[clean-BPC  1572.37s] branch node 10: left=arc(14,1)=off right=arc(14,1)=on
[clean-BPC  1572.37s] node 12 d=5 lb=244.227986 open=6
[clean-BPC  1572.68s] node 12 cg=1 phase=phase1 obj=0.0 artificial=0.0 cols=2385
[clean-BPC  1573.00s] node 12 cg=2 phase=phase2 obj=245.04695 artificial=0.0 cols=2385
[clean-BPC  1576.86s] node 12 cg=2 phase=phase2 kind=heuristic best_rc=-0.236458 found=2 added=2 exhausted=False cert=False
[clean-BPC  1577.18s] node 12 cg=3 phase=phase2 obj=245.04695 artificial=0.0 cols=2387
[clean-BPC  1581.08s] node 12 cg=3 phase=phase2 kind=heuristic best_rc=0.066591519 found=0 added=0 exhausted=False cert=False
[clean-BPC  1590.25s] node 12 cg=3 phase=phase2 kind=heuristic_boost best_rc=0.066591519 found=0 added=0 exhausted=True cert=True
[clean-BPC  1595.55s] branch node 12: left=arc(2,10)=off right=arc(2,10)=on
[clean-BPC  1595.55s] node 11 d=5 lb=244.227986 open=7
[clean-BPC  1595.86s] node 11 cg=1 phase=phase1 obj=0.0 artificial=0.0 cols=2387
[clean-BPC  1596.17s] node 11 cg=2 phase=phase2 obj=244.670907 artificial=0.0 cols=2387
[clean-BPC  1600.52s] node 11 cg=2 phase=phase2 kind=heuristic best_rc=-0.9430245 found=4 added=4 exhausted=False cert=False
[clean-BPC  1600.84s] node 11 cg=3 phase=phase2 obj=244.670907 artificial=0.0 cols=2391
[clean-BPC  1605.03s] node 11 cg=3 phase=phase2 kind=heuristic best_rc=-0.0 found=0 added=0 exhausted=False cert=False
[clean-BPC  1614.56s] node 11 cg=3 phase=phase2 kind=heuristic_boost best_rc=-0.0 found=0 added=0 exhausted=True cert=True
[clean-BPC  1618.70s] branch node 11: left=RF(5,10)=separate right=RF(5,10)=same
[clean-BPC  1618.70s] node 4 d=2 lb=244.274153 open=8
[clean-BPC  1619.02s] node 4 cg=1 phase=phase1 obj=0.0 artificial=0.0 cols=2391
[clean-BPC  1619.38s] node 4 cg=2 phase=phase2 obj=244.274153 artificial=0.0 cols=2391
[clean-BPC  1623.71s] node 4 cg=2 phase=phase2 kind=heuristic best_rc=0.042506333 found=0 added=0 exhausted=False cert=False
[clean-BPC  1633.13s] node 4 cg=2 phase=phase2 kind=heuristic_boost best_rc=0.042506333 found=0 added=0 exhausted=True cert=True
[clean-BPC  1639.30s] branch node 4: left=RF(4,13)=separate right=RF(4,13)=same
[clean-BPC  1639.30s] node 19 d=3 lb=244.274153 open=9
[clean-BPC  1639.64s] node 19 cg=1 phase=phase1 obj=0.0 artificial=0.0 cols=2391
[clean-BPC  1639.97s] node 19 cg=2 phase=phase2 obj=244.742349 artificial=0.0 cols=2391
[clean-BPC  1644.48s] node 19 cg=2 phase=phase2 kind=heuristic best_rc=-0.0 found=0 added=0 exhausted=False cert=False
[clean-BPC  1653.81s] node 19 cg=2 phase=phase2 kind=heuristic_boost best_rc=-0.0 found=0 added=0 exhausted=True cert=True
[clean-BPC  1657.98s] branch node 19: left=RF(5,10)=separate right=RF(5,10)=same
[clean-BPC  1657.98s] node 20 d=3 lb=244.274153 open=10
[clean-BPC  1658.20s] node 20 cg=1 phase=phase1 obj=0.0 artificial=0.0 cols=2391
[clean-BPC  1658.42s] node 20 cg=2 phase=phase2 obj=244.817454 artificial=0.0 cols=2391
[clean-BPC  1661.48s] node 20 cg=2 phase=phase2 kind=heuristic best_rc=0.0 found=0 added=0 exhausted=False cert=False
[clean-BPC  1668.01s] node 20 cg=2 phase=phase2 kind=heuristic_boost best_rc=-0.48075675 found=7 added=7 exhausted=True cert=True
[clean-BPC  1668.24s] node 20 cg=3 phase=phase2 obj=244.817454 artificial=0.0 cols=2398
[clean-BPC  1671.72s] node 20 cg=3 phase=phase2 kind=heuristic best_rc=-0.091361596 found=5 added=5 exhausted=False cert=False
[clean-BPC  1671.94s] node 20 cg=4 phase=phase2 obj=244.817454 artificial=0.0 cols=2403
[clean-BPC  1675.38s] node 20 cg=4 phase=phase2 kind=heuristic best_rc=-0.532784 found=1 added=1 exhausted=False cert=False
[clean-BPC  1675.61s] node 20 cg=5 phase=phase2 obj=244.817454 artificial=0.0 cols=2404
[clean-BPC  1679.05s] node 20 cg=5 phase=phase2 kind=heuristic best_rc=-0.0 found=0 added=0 exhausted=False cert=False
[clean-BPC  1688.80s] node 20 cg=5 phase=phase2 kind=heuristic_boost best_rc=-0.766964889 found=21 added=21 exhausted=True cert=True
[clean-BPC  1689.03s] node 20 cg=6 phase=phase2 obj=244.817454 artificial=0.0 cols=2425
[clean-BPC  1692.50s] node 20 cg=6 phase=phase2 kind=heuristic best_rc=0.0 found=0 added=0 exhausted=False cert=False
[clean-BPC  1700.28s] node 20 cg=6 phase=phase2 kind=heuristic_boost best_rc=-0.0 found=0 added=0 exhausted=True cert=True
[clean-BPC  1703.10s] branch node 20: left=RF(9,13)=separate right=RF(9,13)=same
[clean-BPC  1703.10s] node 18 d=6 lb=244.670907 open=11
[clean-BPC  1703.31s] node 18 cg=1 phase=phase1 obj=0.0 artificial=0.0 cols=2425
[clean-BPC  1703.53s] node 18 cg=2 phase=phase2 obj=244.865078 artificial=0.0 cols=2425
[clean-BPC  1707.59s] node 18 cg=2 phase=phase2 kind=heuristic best_rc=-0.0 found=0 added=0 exhausted=False cert=False
[clean-BPC  1716.44s] node 18 cg=2 phase=phase2 kind=heuristic_boost best_rc=-0.0 found=0 added=0 exhausted=True cert=True
[clean-BPC  1719.12s] branch node 18: left=RF(9,13)=separate right=RF(9,13)=same
[clean-BPC  1719.12s] node 7 d=4 lb=244.670907 open=12
[clean-BPC  1719.44s] node 7 cg=1 phase=phase1 obj=0.0 artificial=0.0 cols=2425
[clean-BPC  1719.79s] node 7 cg=2 phase=phase2 obj=244.670907 artificial=0.0 cols=2425
[clean-BPC  1724.37s] node 7 cg=2 phase=phase2 kind=heuristic best_rc=-0.0 found=0 added=0 exhausted=False cert=False
[clean-BPC  1734.32s] node 7 cg=2 phase=phase2 kind=heuristic_boost best_rc=-0.0 found=0 added=0 exhausted=True cert=True
[clean-BPC  1738.34s] branch node 7: left=RF(9,13)=separate right=RF(9,13)=same
[clean-BPC  1738.34s] node 27 d=5 lb=244.670907 open=13
[clean-BPC  1738.63s] node 27 cg=1 phase=phase1 obj=0.0 artificial=0.0 cols=2425
[clean-BPC  1738.94s] node 27 cg=2 phase=phase2 obj=244.812719 artificial=0.0 cols=2425
[clean-BPC  1742.70s] node 27 cg=2 phase=phase2 kind=heuristic best_rc=-0.34850475 found=3 added=3 exhausted=False cert=False
[clean-BPC  1743.01s] node 27 cg=3 phase=phase2 obj=244.812719 artificial=0.0 cols=2428
[clean-BPC  1746.92s] node 27 cg=3 phase=phase2 kind=heuristic best_rc=-0.0 found=0 added=0 exhausted=False cert=False
[clean-BPC  1756.15s] node 27 cg=3 phase=phase2 kind=heuristic_boost best_rc=-0.65472 found=12 added=12 exhausted=True cert=True
[clean-BPC  1756.46s] node 27 cg=4 phase=phase2 obj=244.812719 artificial=0.0 cols=2440
[clean-BPC  1761.32s] node 27 cg=4 phase=phase2 kind=heuristic best_rc=-0.0 found=0 added=0 exhausted=False cert=False
[clean-BPC  1771.12s] node 27 cg=4 phase=phase2 kind=heuristic_boost best_rc=-0.0 found=0 added=0 exhausted=True cert=True
[clean-BPC  1774.92s] branch node 27: left=RF(1,4)=separate right=RF(1,4)=same
[clean-BPC  1774.92s] node 28 d=5 lb=244.670907 open=14
[clean-BPC  1775.11s] node 28 cg=1 phase=phase1 obj=0.0 artificial=0.0 cols=2440
[clean-BPC  1775.32s] node 28 cg=2 phase=phase2 obj=244.908993 artificial=0.0 cols=2440
[clean-BPC  1778.23s] node 28 cg=2 phase=phase2 kind=heuristic best_rc=-0.447282111 found=4 added=4 exhausted=False cert=False
[clean-BPC  1778.44s] node 28 cg=3 phase=phase2 obj=244.908993 artificial=0.0 cols=2444
[clean-BPC  1781.35s] node 28 cg=3 phase=phase2 kind=heuristic best_rc=0.192979 found=0 added=0 exhausted=False cert=False
[clean-BPC  1788.21s] node 28 cg=3 phase=phase2 kind=heuristic_boost best_rc=0.017112 found=0 added=0 exhausted=True cert=True
[clean-BPC  1790.88s] branch node 28: left=arc(2,7)=off right=arc(2,7)=on
[clean-BPC  1790.88s] node 8 d=4 lb=244.670907 open=15
[clean-BPC  1791.21s] node 8 cg=1 phase=phase1 obj=0.0 artificial=0.0 cols=2444
[clean-BPC  1791.56s] node 8 cg=2 phase=phase2 obj=245.050619 artificial=0.0 cols=2444
[clean-BPC  1795.78s] node 8 cg=2 phase=phase2 kind=heuristic best_rc=-0.263160349 found=3 added=3 exhausted=False cert=False
[clean-BPC  1796.13s] node 8 cg=3 phase=phase2 obj=245.050619 artificial=0.0 cols=2447
[clean-BPC  1800.64s] node 8 cg=3 phase=phase2 kind=heuristic best_rc=0.0 found=0 added=0 exhausted=False cert=False
[clean-BPC  1810.58s] node 8 cg=3 phase=phase2 kind=heuristic_boost best_rc=-0.117180721 found=2 added=2 exhausted=True cert=True
[clean-BPC  1810.93s] node 8 cg=4 phase=phase2 obj=245.050619 artificial=0.0 cols=2449
[clean-BPC  1815.52s] node 8 cg=4 phase=phase2 kind=heuristic best_rc=-0.0 found=0 added=0 exhausted=False cert=False
[clean-BPC  1825.55s] node 8 cg=4 phase=phase2 kind=heuristic_boost best_rc=-0.0 found=0 added=0 exhausted=True cert=True
[clean-BPC  1825.56s] route-pack-conflict diag node 8 source_vehicle=1 routes=5 U=4 complete=True cache_hit=False states=99 added=0
[clean-BPC  1826.04s] cut_added family=schedule_nogood_core node=8 added=2 source_vehicle=1 route_count=3 signatures=[[2, 5, 1], [6, 17, 19, 9, 4], [3, 8, 18, 20]]
[clean-BPC  1826.04s] node 17 d=6 lb=244.670907 open=15
[clean-BPC  1826.33s] node 17 cg=1 phase=phase1 obj=0.0 artificial=0.0 cols=2449
[clean-BPC  1826.64s] node 17 cg=2 phase=phase2 obj=245.202087 artificial=0.0 cols=2449
[clean-BPC  1830.70s] node 17 cg=2 phase=phase2 kind=heuristic best_rc=-0.836575 found=7 added=7 exhausted=False cert=False
[clean-BPC  1831.00s] node 17 cg=3 phase=phase2 obj=245.202087 artificial=0.0 cols=2456
[clean-BPC  1835.22s] node 17 cg=3 phase=phase2 kind=heuristic best_rc=-0.0 found=0 added=0 exhausted=False cert=False
[clean-BPC  1843.78s] node 17 cg=3 phase=phase2 kind=heuristic_boost best_rc=-0.436116458 found=7 added=7 exhausted=True cert=True
[clean-BPC  1844.09s] node 17 cg=4 phase=phase2 obj=245.202087 artificial=0.0 cols=2463
[clean-BPC  1847.58s] node 17 cg=4 phase=phase2 kind=heuristic best_rc=0.0 found=0 added=0 exhausted=False cert=False
[clean-BPC  1854.93s] node 17 cg=4 phase=phase2 kind=heuristic_boost best_rc=-0.454757 found=2 added=2 exhausted=True cert=True
[clean-BPC  1855.24s] node 17 cg=5 phase=phase2 obj=245.202087 artificial=0.0 cols=2465
[clean-BPC  1858.96s] node 17 cg=5 phase=phase2 kind=heuristic best_rc=0.0 found=0 added=0 exhausted=False cert=False
[clean-BPC  1866.68s] node 17 cg=5 phase=phase2 kind=heuristic_boost best_rc=0.0 found=0 added=0 exhausted=True cert=True
[clean-BPC  1871.47s] branch node 17: left=arc(14,15)=off right=arc(14,15)=on
[clean-BPC  1871.47s] node 22 d=4 lb=244.742349 open=16
[clean-BPC  1871.70s] node 22 cg=1 phase=phase1 obj=0.0 artificial=0.0 cols=2465
[clean-BPC  1871.92s] node 22 cg=2 phase=phase2 obj=245.807241 artificial=0.0 cols=2465
[clean-BPC  1875.56s] node 22 cg=2 phase=phase2 kind=heuristic best_rc=-0.139432 found=2 added=2 exhausted=False cert=False
[clean-BPC  1875.78s] node 22 cg=3 phase=phase2 obj=245.807241 artificial=0.0 cols=2467
[clean-BPC  1879.18s] node 22 cg=3 phase=phase2 kind=heuristic best_rc=0.010948038 found=0 added=0 exhausted=False cert=False
[clean-BPC  1886.07s] node 22 cg=3 phase=phase2 kind=heuristic_boost best_rc=-0.802455459 found=11 added=11 exhausted=True cert=True
[clean-BPC  1886.30s] node 22 cg=4 phase=phase2 obj=245.807241 artificial=0.0 cols=2478
[clean-BPC  1889.67s] node 22 cg=4 phase=phase2 kind=heuristic best_rc=0.121291 found=0 added=0 exhausted=False cert=False
[clean-BPC  1896.45s] node 22 cg=4 phase=phase2 kind=heuristic_boost best_rc=0.121291 found=0 added=0 exhausted=True cert=True
[clean-BPC  1899.24s] branch node 22: left=RF(1,4)=separate right=RF(1,4)=same
[clean-BPC  1899.24s] node 21 d=4 lb=244.742349 open=17
[clean-BPC  1899.56s] node 21 cg=1 phase=phase1 obj=0.0 artificial=0.0 cols=2478
[clean-BPC  1899.88s] node 21 cg=2 phase=phase2 obj=245.717301 artificial=0.0 cols=2478
[clean-BPC  1899.89s] cut_purged node=21 removed=1 by_kind={'schedule_nogood_core': 1} remaining=156
[clean-BPC  1900.21s] node 21 cg=3 phase=phase2 obj=245.717301 artificial=0.0 cols=2478
[clean-BPC  1904.07s] node 21 cg=3 phase=phase2 kind=heuristic best_rc=-0.0 found=0 added=0 exhausted=False cert=False
[clean-BPC  1911.87s] node 21 cg=3 phase=phase2 kind=heuristic_boost best_rc=-0.4492005 found=2 added=2 exhausted=True cert=True
[clean-BPC  1912.21s] node 21 cg=4 phase=phase2 obj=245.717301 artificial=0.0 cols=2480
[clean-BPC  1916.18s] node 21 cg=4 phase=phase2 kind=heuristic best_rc=0.1243725 found=0 added=0 exhausted=False cert=False
[clean-BPC  1924.31s] node 21 cg=4 phase=phase2 kind=heuristic_boost best_rc=0.0877385 found=0 added=0 exhausted=True cert=True
[clean-BPC  1928.44s] branch node 21: left=RF(4,6)=separate right=RF(4,6)=same
[clean-BPC  1928.44s] node 29 d=6 lb=244.812719 open=18
[clean-BPC  1928.72s] node 29 cg=1 phase=phase1 obj=0.0 artificial=0.0 cols=2480
[clean-BPC  1929.01s] node 29 cg=2 phase=phase2 obj=245.050619 artificial=0.0 cols=2480
[clean-BPC  1933.19s] node 29 cg=2 phase=phase2 kind=heuristic best_rc=0.0 found=0 added=0 exhausted=False cert=False
[clean-BPC  1942.35s] node 29 cg=2 phase=phase2 kind=heuristic_boost best_rc=-2.393311 found=40 added=40 exhausted=True cert=True
[clean-BPC  1942.64s] node 29 cg=3 phase=phase2 obj=245.050619 artificial=0.0 cols=2520
[clean-BPC  1946.76s] node 29 cg=3 phase=phase2 kind=heuristic best_rc=0.029095 found=0 added=0 exhausted=False cert=False
[clean-BPC  1955.75s] node 29 cg=3 phase=phase2 kind=heuristic_boost best_rc=0.029095 found=0 added=0 exhausted=True cert=True
[clean-BPC  1955.76s] route-pack-conflict diag node 29 source_vehicle=1 routes=5 U=4 complete=True cache_hit=True states=115 added=0
[clean-BPC  1957.32s] cut_added family=schedule_nogood_core node=29 added=2 source_vehicle=1 route_count=4 signatures=[[1, 5, 2], [3, 17, 19, 9, 4], [6, 8, 18, 20], [7, 16, 12, 15, 10]]
[clean-BPC  1957.32s] node 30 d=6 lb=244.812719 open=18
[clean-BPC  1957.52s] node 30 cg=1 phase=phase1 obj=0.0 artificial=0.0 cols=2520
[clean-BPC  1957.72s] node 30 cg=2 phase=phase2 obj=245.673644 artificial=0.0 cols=2520
[clean-BPC  1961.07s] node 30 cg=2 phase=phase2 kind=heuristic best_rc=-0.559513833 found=14 added=14 exhausted=False cert=False
[clean-BPC  1961.27s] node 30 cg=3 phase=phase2 obj=245.493878 artificial=0.0 cols=2534
[clean-BPC  1964.41s] node 30 cg=3 phase=phase2 kind=heuristic best_rc=0.0 found=0 added=0 exhausted=False cert=False
[clean-BPC  1970.56s] node 30 cg=3 phase=phase2 kind=heuristic_boost best_rc=0.0 found=0 added=0 exhausted=True cert=True
[clean-BPC  1973.12s] branch node 30: left=RF(5,10)=separate right=RF(5,10)=same
[clean-BPC  1973.12s] node 24 d=4 lb=244.817454 open=19
[clean-BPC  1973.26s] node 24 cg=1 phase=phase1 obj=0.0 artificial=0.0 cols=2534
[clean-BPC  1973.41s] node 24 cg=2 phase=phase2 obj=245.260821 artificial=0.0 cols=2534
[clean-BPC  1976.09s] node 24 cg=2 phase=phase2 kind=heuristic best_rc=-0.5682345 found=4 added=4 exhausted=False cert=False
[clean-BPC  1976.23s] node 24 cg=3 phase=phase2 obj=245.260821 artificial=0.0 cols=2538
[clean-BPC  1978.92s] node 24 cg=3 phase=phase2 kind=heuristic best_rc=0.0 found=0 added=0 exhausted=False cert=False
[clean-BPC  1984.65s] node 24 cg=3 phase=phase2 kind=heuristic_boost best_rc=-0.177045417 found=2 added=2 exhausted=True cert=True
[clean-BPC  1984.81s] node 24 cg=4 phase=phase2 obj=245.260821 artificial=0.0 cols=2540
[clean-BPC  1987.54s] node 24 cg=4 phase=phase2 kind=heuristic best_rc=0.208728 found=0 added=0 exhausted=False cert=False
[clean-BPC  1993.38s] node 24 cg=4 phase=phase2 kind=heuristic_boost best_rc=0.208728 found=0 added=0 exhausted=True cert=True
[clean-BPC  1995.41s] branch node 24: left=arc(14,10)=off right=arc(14,10)=on
[clean-BPC  1995.41s] node 23 d=4 lb=244.817454 open=20
[clean-BPC  1995.62s] node 23 cg=1 phase=phase1 obj=0.0 artificial=0.0 cols=2540
[clean-BPC  1995.87s] node 23 cg=2 phase=phase2 obj=245.526182 artificial=0.0 cols=2540
[clean-BPC  1999.18s] node 23 cg=2 phase=phase2 kind=heuristic best_rc=-0.166709 found=4 added=4 exhausted=False cert=False
[clean-BPC  1999.43s] node 23 cg=3 phase=phase2 obj=245.526182 artificial=0.0 cols=2544
[clean-BPC  2002.72s] node 23 cg=3 phase=phase2 kind=heuristic best_rc=-0.042388625 found=2 added=2 exhausted=False cert=False
[clean-BPC  2002.96s] node 23 cg=4 phase=phase2 obj=245.526182 artificial=0.0 cols=2546
[clean-BPC  2002.96s] cut_purged node=23 removed=1 by_kind={'schedule_nogood_core': 1} remaining=157
[clean-BPC  2003.21s] node 23 cg=5 phase=phase2 obj=245.526182 artificial=0.0 cols=2546
[clean-BPC  2006.55s] node 23 cg=5 phase=phase2 kind=heuristic best_rc=-0.0 found=0 added=0 exhausted=False cert=False
[clean-BPC  2013.73s] node 23 cg=5 phase=phase2 kind=heuristic_boost best_rc=-1.696812875 found=52 added=52 exhausted=True cert=True
[clean-BPC  2013.97s] node 23 cg=6 phase=phase2 obj=245.526182 artificial=0.0 cols=2598
[clean-BPC  2017.39s] node 23 cg=6 phase=phase2 kind=heuristic best_rc=-1.29087725 found=8 added=8 exhausted=False cert=False
[clean-BPC  2017.64s] node 23 cg=7 phase=phase2 obj=245.526182 artificial=0.0 cols=2606
[clean-BPC  2021.23s] node 23 cg=7 phase=phase2 kind=heuristic best_rc=0.0 found=0 added=0 exhausted=False cert=False
[clean-BPC  2028.87s] node 23 cg=7 phase=phase2 kind=heuristic_boost best_rc=-0.637024625 found=14 added=14 exhausted=True cert=True
[clean-BPC  2029.13s] node 23 cg=8 phase=phase2 obj=245.526182 artificial=0.0 cols=2620
[clean-BPC  2032.64s] node 23 cg=8 phase=phase2 kind=heuristic best_rc=-0.23720525 found=1 added=1 exhausted=False cert=False
[clean-BPC  2032.89s] node 23 cg=9 phase=phase2 obj=245.526182 artificial=0.0 cols=2621
[clean-BPC  2036.43s] node 23 cg=9 phase=phase2 kind=heuristic best_rc=-0.0 found=0 added=0 exhausted=False cert=False
[clean-BPC  2043.78s] node 23 cg=9 phase=phase2 kind=heuristic_boost best_rc=-0.0 found=0 added=0 exhausted=True cert=True
[clean-BPC  2046.61s] branch node 23: left=RF(12,15)=separate right=RF(12,15)=same
[clean-BPC  2046.61s] node 25 d=7 lb=244.865078 open=21
[clean-BPC  2046.82s] node 25 cg=1 phase=phase1 obj=0.0 artificial=0.0 cols=2621
[clean-BPC  2047.04s] node 25 cg=2 phase=phase2 obj=245.234945 artificial=0.0 cols=2621
[clean-BPC  2050.66s] node 25 cg=2 phase=phase2 kind=heuristic best_rc=-0.645883133 found=4 added=4 exhausted=False cert=False
[clean-BPC  2050.89s] node 25 cg=3 phase=phase2 obj=245.221069 artificial=0.0 cols=2625
[clean-BPC  2054.66s] node 25 cg=3 phase=phase2 kind=heuristic best_rc=-0.5650505 found=7 added=7 exhausted=False cert=False
[clean-BPC  2054.88s] node 25 cg=4 phase=phase2 obj=245.221069 artificial=0.0 cols=2632
[clean-BPC  2058.61s] node 25 cg=4 phase=phase2 kind=heuristic best_rc=-0.003053571 found=1 added=1 exhausted=False cert=False
[clean-BPC  2058.83s] node 25 cg=5 phase=phase2 obj=245.221069 artificial=0.0 cols=2633
[clean-BPC  2062.60s] node 25 cg=5 phase=phase2 kind=heuristic best_rc=-0.584236214 found=3 added=3 exhausted=False cert=False
[clean-BPC  2062.82s] node 25 cg=6 phase=phase2 obj=245.221069 artificial=0.0 cols=2636
[clean-BPC  2066.69s] node 25 cg=6 phase=phase2 kind=heuristic best_rc=-0.329288929 found=5 added=5 exhausted=False cert=False
[clean-BPC  2066.92s] node 25 cg=7 phase=phase2 obj=245.221069 artificial=0.0 cols=2641
[clean-BPC  2070.81s] node 25 cg=7 phase=phase2 kind=heuristic best_rc=-0.0 found=0 added=0 exhausted=False cert=False
[clean-BPC  2080.08s] node 25 cg=7 phase=phase2 kind=heuristic_boost best_rc=-0.554919857 found=9 added=9 exhausted=True cert=True
[clean-BPC  2080.31s] node 25 cg=8 phase=phase2 obj=245.221069 artificial=0.0 cols=2650
[clean-BPC  2080.31s] cut_purged node=25 removed=2 by_kind={'limited_memory_rank1': 2} remaining=155
[clean-BPC  2080.50s] node 25 cg=9 phase=phase2 obj=245.221069 artificial=0.0 cols=2650
[clean-BPC  2084.32s] node 25 cg=9 phase=phase2 kind=heuristic best_rc=0.0 found=0 added=0 exhausted=False cert=False
[clean-BPC  2093.51s] node 25 cg=9 phase=phase2 kind=heuristic_boost best_rc=0.0 found=0 added=0 exhausted=True cert=True
[clean-BPC  2096.30s] branch node 25: left=RF(10,14)=separate right=RF(10,14)=same
[clean-BPC  2096.30s] node 26 d=7 lb=244.865078 open=22
[clean-BPC  2096.42s] node 26 cg=1 phase=phase1 obj=0.0 artificial=0.0 cols=2650
[clean-BPC  2096.56s] node 26 cg=2 phase=phase2 obj=245.481906 artificial=0.0 cols=2650
[clean-BPC  2099.32s] node 26 cg=2 phase=phase2 kind=heuristic best_rc=-1.467339333 found=3 added=3 exhausted=False cert=False
[clean-BPC  2099.45s] node 26 cg=3 phase=phase2 obj=245.481906 artificial=0.0 cols=2653
[clean-BPC  2102.22s] node 26 cg=3 phase=phase2 kind=heuristic best_rc=0.078678 found=0 added=0 exhausted=False cert=False
[clean-BPC  2108.50s] node 26 cg=3 phase=phase2 kind=heuristic_boost best_rc=-0.321851 found=2 added=2 exhausted=True cert=True
[clean-BPC  2108.65s] node 26 cg=4 phase=phase2 obj=245.481906 artificial=0.0 cols=2655
[clean-BPC  2111.40s] node 26 cg=4 phase=phase2 kind=heuristic best_rc=0.304996 found=0 added=0 exhausted=False cert=False
[clean-BPC  2117.72s] node 26 cg=4 phase=phase2 kind=heuristic_boost best_rc=0.059618333 found=0 added=0 exhausted=True cert=True
[clean-BPC  2119.51s] branch node 26: left=RF(11,14)=separate right=RF(11,14)=same
[clean-BPC  2119.51s] node 31 d=6 lb=244.908993 open=23
[clean-BPC  2119.73s] node 31 cg=1 phase=phase1 obj=0.0 artificial=0.0 cols=2655
[clean-BPC  2119.95s] node 31 cg=2 phase=phase2 obj=245.007015 artificial=0.0 cols=2655
[clean-BPC  2122.86s] node 31 cg=2 phase=phase2 kind=heuristic best_rc=0.208728 found=0 added=0 exhausted=False cert=False
[clean-BPC  2129.56s] node 31 cg=2 phase=phase2 kind=heuristic_boost best_rc=0.208728 found=0 added=0 exhausted=True cert=True
[clean-BPC  2131.92s] branch node 31: left=RF(12,15)=separate right=RF(12,15)=same
[clean-BPC  2131.93s] node 32 d=6 lb=244.908993 open=24
[clean-BPC  2132.14s] node 32 cg=1 phase=phase1 obj=0.0 artificial=0.0 cols=2655
[clean-BPC  2132.35s] node 32 cg=2 phase=phase2 obj=246.512654 artificial=0.0 cols=2655
[clean-BPC  2135.35s] node 32 cg=2 phase=phase2 kind=heuristic best_rc=-0.432107071 found=1 added=1 exhausted=False cert=False
[clean-BPC  2135.59s] node 32 cg=3 phase=phase2 obj=246.512654 artificial=0.0 cols=2656
[clean-BPC  2138.69s] node 32 cg=3 phase=phase2 kind=heuristic best_rc=0.133812 found=0 added=0 exhausted=False cert=False
[clean-BPC  2146.19s] node 32 cg=3 phase=phase2 kind=heuristic_boost best_rc=-0.639484429 found=2 added=2 exhausted=True cert=True
[clean-BPC  2146.41s] node 32 cg=4 phase=phase2 obj=246.512654 artificial=0.0 cols=2658
[clean-BPC  2149.51s] node 32 cg=4 phase=phase2 kind=heuristic best_rc=0.133812 found=0 added=0 exhausted=False cert=False
[clean-BPC  2157.03s] node 32 cg=4 phase=phase2 kind=heuristic_boost best_rc=-0.072344 found=2 added=2 exhausted=True cert=True
[clean-BPC  2157.25s] node 32 cg=5 phase=phase2 obj=246.512654 artificial=0.0 cols=2660
[clean-BPC  2160.36s] node 32 cg=5 phase=phase2 kind=heuristic best_rc=0.133812 found=0 added=0 exhausted=False cert=False
[clean-BPC  2167.90s] node 32 cg=5 phase=phase2 kind=heuristic_boost best_rc=0.133812 found=0 added=0 exhausted=True cert=True
[clean-BPC  2170.39s] branch node 32: left=RF(12,15)=separate right=RF(12,15)=same
[clean-BPC  2170.39s] node 49 d=7 lb=245.007015 open=25
[clean-BPC  2170.59s] node 49 cg=1 phase=phase1 obj=0.0 artificial=0.0 cols=2660
[clean-BPC  2170.79s] node 49 cg=2 phase=phase2 obj=245.179533 artificial=0.0 cols=2660
[clean-BPC  2173.94s] node 49 cg=2 phase=phase2 kind=heuristic best_rc=-0.96537025 found=13 added=13 exhausted=False cert=False
[clean-BPC  2174.15s] node 49 cg=3 phase=phase2 obj=245.179533 artificial=0.0 cols=2673
[clean-BPC  2177.26s] node 49 cg=3 phase=phase2 kind=heuristic best_rc=-0.99782 found=17 added=17 exhausted=False cert=False
[clean-BPC  2177.46s] node 49 cg=4 phase=phase2 obj=245.179533 artificial=0.0 cols=2690
[clean-BPC  2180.57s] node 49 cg=4 phase=phase2 kind=heuristic best_rc=0.304996 found=0 added=0 exhausted=False cert=False
[clean-BPC  2186.88s] node 49 cg=4 phase=phase2 kind=heuristic_boost best_rc=-0.6649715 found=12 added=12 exhausted=True cert=True
[clean-BPC  2187.09s] node 49 cg=5 phase=phase2 obj=245.179533 artificial=0.0 cols=2702
[clean-BPC  2187.09s] cut_purged node=49 removed=2 by_kind={'limited_memory_rank1': 2} remaining=153
[clean-BPC  2187.28s] node 49 cg=6 phase=phase2 obj=245.179533 artificial=0.0 cols=2702
[clean-BPC  2190.42s] node 49 cg=6 phase=phase2 kind=heuristic best_rc=0.219806 found=0 added=0 exhausted=False cert=False
[clean-BPC  2196.84s] node 49 cg=6 phase=phase2 kind=heuristic_boost best_rc=-0.378183 found=7 added=7 exhausted=True cert=True
[clean-BPC  2197.04s] node 49 cg=7 phase=phase2 obj=245.179533 artificial=0.0 cols=2709
[clean-BPC  2200.24s] node 49 cg=7 phase=phase2 kind=heuristic best_rc=0.1417665 found=0 added=0 exhausted=False cert=False
[clean-BPC  2206.77s] node 49 cg=7 phase=phase2 kind=heuristic_boost best_rc=-0.343827 found=1 added=1 exhausted=True cert=True
[clean-BPC  2206.98s] node 49 cg=8 phase=phase2 obj=245.179533 artificial=0.0 cols=2710
[clean-BPC  2210.15s] node 49 cg=8 phase=phase2 kind=heuristic best_rc=0.2933415 found=0 added=0 exhausted=False cert=False
[clean-BPC  2216.66s] node 49 cg=8 phase=phase2 kind=heuristic_boost best_rc=0.019006848 found=0 added=0 exhausted=True cert=True
[clean-BPC  2219.09s] branch node 49: left=arc(6,9)=off right=arc(6,9)=on
[clean-BPC  2219.09s] node 50 d=7 lb=245.007015 open=26
[clean-BPC  2219.21s] node 50 cg=1 phase=phase1 obj=0.0 artificial=0.0 cols=2710
[clean-BPC  2219.33s] node 50 cg=2 phase=phase2 obj=245.236918 artificial=0.0 cols=2710
[clean-BPC  2221.82s] node 50 cg=2 phase=phase2 kind=heuristic best_rc=0.304996 found=0 added=0 exhausted=False cert=False
[clean-BPC  2227.72s] node 50 cg=2 phase=phase2 kind=heuristic_boost best_rc=0.11383975 found=0 added=0 exhausted=True cert=True
[clean-BPC  2229.32s] branch node 50: left=RF(4,6)=separate right=RF(4,6)=same
[clean-BPC  2229.32s] node 15 d=6 lb=245.04695 open=27
[clean-BPC  2229.65s] node 15 cg=1 phase=phase1 obj=0.0 artificial=0.0 cols=2710
[clean-BPC  2230.01s] node 15 cg=2 phase=phase2 obj=245.369864 artificial=0.0 cols=2710
[clean-BPC  2234.08s] node 15 cg=2 phase=phase2 kind=heuristic best_rc=-0.085081 found=1 added=1 exhausted=False cert=False
[clean-BPC  2234.42s] node 15 cg=3 phase=phase2 obj=245.369864 artificial=0.0 cols=2711
[clean-BPC  2238.42s] node 15 cg=3 phase=phase2 kind=heuristic best_rc=-0.390065333 found=1 added=1 exhausted=False cert=False
[clean-BPC  2238.77s] node 15 cg=4 phase=phase2 obj=245.369864 artificial=0.0 cols=2712
[clean-BPC  2242.97s] node 15 cg=4 phase=phase2 kind=heuristic best_rc=0.0 found=0 added=0 exhausted=False cert=False
[clean-BPC  2253.16s] node 15 cg=4 phase=phase2 kind=heuristic_boost best_rc=-0.0 found=0 added=0 exhausted=True cert=True
[clean-BPC  2257.59s] branch node 15: left=RF(5,12)=separate right=RF(5,12)=same
[clean-BPC  2257.59s] node 16 d=6 lb=245.04695 open=28
[clean-BPC  2257.91s] node 16 cg=1 phase=phase1 obj=0.0 artificial=0.0 cols=2712
[clean-BPC  2258.28s] node 16 cg=2 phase=phase2 obj=245.902519 artificial=0.0 cols=2712
[clean-BPC  2262.25s] node 16 cg=2 phase=phase2 kind=heuristic best_rc=-2.090421 found=17 added=17 exhausted=False cert=False
[clean-BPC  2262.62s] node 16 cg=3 phase=phase2 obj=245.839473 artificial=0.0 cols=2729
[clean-BPC  2266.67s] node 16 cg=3 phase=phase2 kind=heuristic best_rc=0.29203 found=0 added=0 exhausted=False cert=False
[clean-BPC  2276.37s] node 16 cg=3 phase=phase2 kind=heuristic_boost best_rc=0.1032045 found=0 added=0 exhausted=True cert=True
[clean-BPC  2276.38s] route-pack-conflict diag node 16 source_vehicle=1 routes=5 U=3 complete=True cache_hit=False states=96 added=2
[clean-BPC  2276.38s] cut_added family=schedule_route_set_packing node=16 added=2 source=schedule_conflict first(vehicle=1, routes=5, U=3, states=96, cache_hit=False)
[clean-BPC  2276.38s] node 8 d=4 lb=245.050619 open=28
[clean-BPC  2276.71s] node 8 cg=1 phase=phase1 obj=0.0 artificial=0.0 cols=2729
[clean-BPC  2277.06s] node 8 cg=2 phase=phase2 obj=245.049553 artificial=0.0 cols=2729
[clean-BPC  2281.05s] node 8 cg=2 phase=phase2 kind=heuristic best_rc=0.030624188 found=0 added=0 exhausted=False cert=False
[clean-BPC  2289.33s] node 8 cg=2 phase=phase2 kind=heuristic_boost best_rc=0.0 found=0 added=0 exhausted=True cert=True
[clean-BPC  2293.74s] branch node 8: left=RF(5,15)=separate right=RF(5,15)=same
[clean-BPC  2293.74s] node 59 d=5 lb=245.049553 open=29
[clean-BPC  2294.06s] node 59 cg=1 phase=phase1 obj=0.0 artificial=0.0 cols=2729
[clean-BPC  2294.41s] node 59 cg=2 phase=phase2 obj=245.050619 artificial=0.0 cols=2729
[clean-BPC  2298.65s] node 59 cg=2 phase=phase2 kind=heuristic best_rc=0.208728 found=0 added=0 exhausted=False cert=False
[clean-BPC  2309.53s] node 59 cg=2 phase=phase2 kind=heuristic_boost best_rc=-0.0 found=0 added=0 exhausted=True cert=True
[clean-BPC  2309.54s] route-pack-conflict diag node 59 source_vehicle=1 routes=5 U=4 complete=True cache_hit=False states=102 added=0
[clean-BPC  2309.99s] cut_added family=schedule_nogood_core node=59 added=2 source_vehicle=1 route_count=3 signatures=[[2, 5, 1], [4, 9, 19, 17, 6], [3, 8, 18, 20]]
[clean-BPC  2309.99s] node 60 d=5 lb=245.049553 open=29
[clean-BPC  2310.22s] node 60 cg=1 phase=phase1 obj=0.0 artificial=0.0 cols=2729
[clean-BPC  2310.46s] node 60 cg=2 phase=phase2 obj=246.923018 artificial=0.0 cols=2729
[clean-BPC  2314.13s] node 60 cg=2 phase=phase2 kind=heuristic best_rc=-2.0749615 found=41 added=41 exhausted=False cert=False
[clean-BPC  2314.37s] node 60 cg=3 phase=phase2 obj=246.705168 artificial=0.0 cols=2770
[clean-BPC  2317.88s] node 60 cg=3 phase=phase2 kind=heuristic best_rc=-0.04511925 found=2 added=2 exhausted=False cert=False
[clean-BPC  2318.12s] node 60 cg=4 phase=phase2 obj=246.705168 artificial=0.0 cols=2772
[clean-BPC  2321.65s] node 60 cg=4 phase=phase2 kind=heuristic best_rc=0.1161205 found=0 added=0 exhausted=False cert=False
[clean-BPC  2329.10s] node 60 cg=4 phase=phase2 kind=heuristic_boost best_rc=0.1161205 found=0 added=0 exhausted=True cert=True
[clean-BPC  2331.67s] branch node 60: left=RF(3,17)=separate right=RF(3,17)=same
[clean-BPC  2331.67s] node 29 d=6 lb=245.050619 open=30
[clean-BPC  2331.96s] node 29 cg=1 phase=phase1 obj=0.0 artificial=0.0 cols=2772
[clean-BPC  2332.26s] node 29 cg=2 phase=phase2 obj=245.050619 artificial=0.0 cols=2772
[clean-BPC  2336.27s] node 29 cg=2 phase=phase2 kind=heuristic best_rc=0.155027 found=0 added=0 exhausted=False cert=False
[clean-BPC  2343.81s] node 29 cg=2 phase=phase2 kind=heuristic_boost best_rc=0.155027 found=0 added=0 exhausted=True cert=True
[clean-BPC  2343.82s] route-pack-conflict diag node 29 source_vehicle=1 routes=5 U=4 complete=True cache_hit=False states=107 added=0
[clean-BPC  2345.34s] cut_added family=schedule_nogood_core node=29 added=2 source_vehicle=1 route_count=4 signatures=[[1, 5, 2], [4, 9, 19, 17, 3], [6, 8, 18, 20], [7, 16, 12, 15, 10]]
[clean-BPC  2345.34s] node 59 d=5 lb=245.050619 open=30
[clean-BPC  2345.68s] node 59 cg=1 phase=phase1 obj=0.0 artificial=0.0 cols=2772
[clean-BPC  2346.04s] node 59 cg=2 phase=phase2 obj=245.050619 artificial=0.0 cols=2772
[clean-BPC  2350.04s] node 59 cg=2 phase=phase2 kind=heuristic best_rc=0.1948885 found=0 added=0 exhausted=False cert=False
[clean-BPC  2359.98s] node 59 cg=2 phase=phase2 kind=heuristic_boost best_rc=0.1948885 found=0 added=0 exhausted=True cert=True
[clean-BPC  2359.99s] route-pack-conflict diag node 59 source_vehicle=1 routes=5 U=4 complete=True cache_hit=False states=110 added=0
[clean-BPC  2361.54s] cut_added family=schedule_nogood_core node=59 added=2 source_vehicle=1 route_count=4 signatures=[[2, 5, 1], [3, 17, 19, 9, 4], [6, 8, 18, 20], [7, 16, 12, 15, 10]]
[clean-BPC  2361.54s] node 29 d=6 lb=245.050619 open=30
[clean-BPC  2361.83s] node 29 cg=1 phase=phase1 obj=0.0 artificial=0.0 cols=2772
[clean-BPC  2362.14s] node 29 cg=2 phase=phase2 obj=245.050619 artificial=0.0 cols=2772
[clean-BPC  2366.49s] node 29 cg=2 phase=phase2 kind=heuristic best_rc=0.055693027 found=0 added=0 exhausted=False cert=False
[clean-BPC  2376.59s] node 29 cg=2 phase=phase2 kind=heuristic_boost best_rc=-0.029476202 found=1 added=1 exhausted=True cert=True
[clean-BPC  2376.90s] node 29 cg=3 phase=phase2 obj=245.050619 artificial=0.0 cols=2773
[clean-BPC  2381.24s] node 29 cg=3 phase=phase2 kind=heuristic best_rc=0.0 found=0 added=0 exhausted=False cert=False
[clean-BPC  2389.45s] node 29 cg=3 phase=phase2 kind=heuristic_boost best_rc=0.0 found=0 added=0 exhausted=True cert=True
[clean-BPC  2389.47s] route-pack-conflict diag node 29 source_vehicle=1 routes=5 U=4 complete=True cache_hit=False states=105 added=0
[clean-BPC  2389.91s] cut_added family=schedule_nogood_core node=29 added=2 source_vehicle=1 route_count=3 signatures=[[1, 5, 2], [6, 17, 19, 9, 4], [3, 8, 18, 20]]
[clean-BPC  2389.91s] node 59 d=5 lb=245.050619 open=30
[clean-BPC  2390.25s] node 59 cg=1 phase=phase1 obj=0.0 artificial=0.0 cols=2773
[clean-BPC  2390.60s] node 59 cg=2 phase=phase2 obj=245.050619 artificial=0.0 cols=2773
[clean-BPC  2394.44s] node 59 cg=2 phase=phase2 kind=heuristic best_rc=0.0 found=0 added=0 exhausted=False cert=False
[clean-BPC  2402.14s] node 59 cg=2 phase=phase2 kind=heuristic_boost best_rc=0.0 found=0 added=0 exhausted=True cert=True
[clean-BPC  2402.15s] route-pack-conflict diag node 59 source_vehicle=1 routes=5 U=4 complete=True cache_hit=False states=101 added=0
[clean-BPC  2403.72s] cut_added family=schedule_nogood_core node=59 added=2 source_vehicle=1 route_count=4 signatures=[[2, 5, 1], [4, 9, 19, 17, 3], [6, 8, 18, 20], [7, 16, 12, 15, 10]]
[clean-BPC  2403.72s] node 29 d=6 lb=245.050619 open=30
[clean-BPC  2404.02s] node 29 cg=1 phase=phase1 obj=0.0 artificial=0.0 cols=2773
[clean-BPC  2404.34s] node 29 cg=2 phase=phase2 obj=245.050619 artificial=0.0 cols=2773
[clean-BPC  2408.30s] node 29 cg=2 phase=phase2 kind=heuristic best_rc=-0.0 found=0 added=0 exhausted=False cert=False
[clean-BPC  2415.57s] node 29 cg=2 phase=phase2 kind=heuristic_boost best_rc=-0.0 found=0 added=0 exhausted=True cert=True
[clean-BPC  2415.57s] route-pack-conflict diag node 29 source_vehicle=1 routes=5 U=4 complete=True cache_hit=False states=101 added=0
[clean-BPC  2416.96s] cut_added family=schedule_nogood_core node=29 added=2 source_vehicle=1 route_count=3 signatures=[[4, 9, 19, 17, 3], [6, 8, 18, 20], [10, 15, 12, 16, 7]]
[clean-BPC  2416.96s] node 59 d=5 lb=245.050619 open=30
[clean-BPC  2417.30s] node 59 cg=1 phase=phase1 obj=0.0 artificial=0.0 cols=2773
[clean-BPC  2417.66s] node 59 cg=2 phase=phase2 obj=245.050619 artificial=0.0 cols=2773
[clean-BPC  2421.73s] node 59 cg=2 phase=phase2 kind=heuristic best_rc=-0.0 found=0 added=0 exhausted=False cert=False
[clean-BPC  2430.04s] node 59 cg=2 phase=phase2 kind=heuristic_boost best_rc=-0.0 found=0 added=0 exhausted=True cert=True
[clean-BPC  2434.21s] branch node 59: left=arc(19,9)=off right=arc(19,9)=on
[clean-BPC  2434.21s] node 29 d=6 lb=245.050619 open=31
[clean-BPC  2434.51s] node 29 cg=1 phase=phase1 obj=0.0 artificial=0.0 cols=2773
[clean-BPC  2434.84s] node 29 cg=2 phase=phase2 obj=245.050619 artificial=0.0 cols=2773
[clean-BPC  2438.82s] node 29 cg=2 phase=phase2 kind=heuristic best_rc=0.0 found=0 added=0 exhausted=False cert=False
[clean-BPC  2446.07s] node 29 cg=2 phase=phase2 kind=heuristic_boost best_rc=0.0 found=0 added=0 exhausted=True cert=True
[clean-BPC  2446.08s] route-pack-conflict diag node 29 source_vehicle=1 routes=5 U=4 complete=True cache_hit=False states=116 added=0
[clean-BPC  2447.65s] cut_added family=schedule_nogood_core node=29 added=1 source_vehicle=1 route_count=4 signatures=[[1, 5, 2], [3, 17, 19, 9, 4], [6, 8, 18, 20], [7, 16, 12, 15, 10]]
[clean-BPC  2447.65s] node 63 d=6 lb=245.050619 open=31
[clean-BPC  2447.99s] node 63 cg=1 phase=phase1 obj=0.0 artificial=0.0 cols=2773
[clean-BPC  2448.34s] node 63 cg=2 phase=phase2 obj=245.050619 artificial=0.0 cols=2773
[clean-BPC  2452.32s] node 63 cg=2 phase=phase2 kind=heuristic best_rc=-0.0806275 found=1 added=1 exhausted=False cert=False
[clean-BPC  2452.68s] node 63 cg=3 phase=phase2 obj=245.050619 artificial=0.0 cols=2774
[clean-BPC  2456.65s] node 63 cg=3 phase=phase2 kind=heuristic best_rc=0.142777 found=0 added=0 exhausted=False cert=False
[clean-BPC  2464.54s] node 63 cg=3 phase=phase2 kind=heuristic_boost best_rc=0.069694 found=0 added=0 exhausted=True cert=True
[clean-BPC  2468.44s] branch node 63: left=arc(17,3)=off right=arc(17,3)=on
[clean-BPC  2468.44s] node 64 d=6 lb=245.050619 open=32
[clean-BPC  2468.79s] node 64 cg=1 phase=phase1 obj=0.0 artificial=0.0 cols=2774
[clean-BPC  2469.16s] node 64 cg=2 phase=phase2 obj=245.050619 artificial=0.0 cols=2774
[clean-BPC  2473.31s] node 64 cg=2 phase=phase2 kind=heuristic best_rc=0.208728 found=0 added=0 exhausted=False cert=False
[clean-BPC  2482.11s] node 64 cg=2 phase=phase2 kind=heuristic_boost best_rc=0.042059077 found=0 added=0 exhausted=True cert=True
[clean-BPC  2486.69s] branch node 64: left=arc(20,18)=off right=arc(20,18)=on
[clean-BPC  2486.69s] node 29 d=6 lb=245.050619 open=33
[clean-BPC  2486.99s] node 29 cg=1 phase=phase1 obj=0.0 artificial=0.0 cols=2774
[clean-BPC  2487.31s] node 29 cg=2 phase=phase2 obj=245.050619 artificial=0.0 cols=2774
[clean-BPC  2491.45s] node 29 cg=2 phase=phase2 kind=heuristic best_rc=0.393642667 found=0 added=0 exhausted=False cert=False
[clean-BPC  2499.28s] node 29 cg=2 phase=phase2 kind=heuristic_boost best_rc=0.393642667 found=0 added=0 exhausted=True cert=True
[clean-BPC  2499.29s] route-pack-conflict diag node 29 source_vehicle=1 routes=5 U=4 complete=True cache_hit=False states=105 added=0
[clean-BPC  2499.75s] cut_added family=schedule_nogood_core node=29 added=2 source_vehicle=1 route_count=3 signatures=[[1, 5, 2], [4, 9, 19, 17, 6], [3, 8, 18, 20]]
[clean-BPC  2499.75s] node 65 d=7 lb=245.050619 open=33
[clean-BPC  2500.09s] node 65 cg=1 phase=phase1 obj=0.0 artificial=0.0 cols=2774
[clean-BPC  2500.44s] node 65 cg=2 phase=phase2 obj=245.050619 artificial=0.0 cols=2774
[clean-BPC  2504.66s] node 65 cg=2 phase=phase2 kind=heuristic best_rc=0.278646222 found=0 added=0 exhausted=False cert=False
[clean-BPC  2514.98s] node 65 cg=2 phase=phase2 kind=heuristic_boost best_rc=-0.0 found=0 added=0 exhausted=True cert=True
[clean-BPC  2514.98s] route-pack-conflict diag node 65 source_vehicle=1 routes=5 U=4 complete=True cache_hit=False states=84 added=0
[clean-BPC  2516.49s] cut_added family=schedule_nogood_core node=65 added=2 source_vehicle=1 route_count=3 signatures=[[4, 9, 19, 17, 6], [10, 15, 12, 16, 7], [20, 18, 8, 3]]
[clean-BPC  2516.49s] node 66 d=7 lb=245.050619 open=33
[clean-BPC  2516.83s] node 66 cg=1 phase=phase1 obj=0.0 artificial=0.0 cols=2774
[clean-BPC  2517.20s] node 66 cg=2 phase=phase2 obj=245.050619 artificial=0.0 cols=2774
[clean-BPC  2521.15s] node 66 cg=2 phase=phase2 kind=heuristic best_rc=0.221889 found=0 added=0 exhausted=False cert=False
[clean-BPC  2529.25s] node 66 cg=2 phase=phase2 kind=heuristic_boost best_rc=0.221889 found=0 added=0 exhausted=True cert=True
[clean-BPC  2533.57s] branch node 66: left=arc(6,8)=off right=arc(6,8)=on
[clean-BPC  2533.57s] node 67 d=7 lb=245.050619 open=34
[clean-BPC  2533.91s] node 67 cg=1 phase=phase1 obj=0.0 artificial=0.0 cols=2774
[clean-BPC  2534.26s] node 67 cg=2 phase=phase2 obj=245.050619 artificial=0.0 cols=2774
[clean-BPC  2537.84s] node 67 cg=2 phase=phase2 kind=heuristic best_rc=0.126802 found=0 added=0 exhausted=False cert=False
[clean-BPC  2545.16s] node 67 cg=2 phase=phase2 kind=heuristic_boost best_rc=0.126802 found=0 added=0 exhausted=True cert=True
[clean-BPC  2545.17s] route-pack-conflict diag node 67 source_vehicle=1 routes=5 U=4 complete=True cache_hit=True states=99 added=0
[clean-BPC  2545.63s] cut_added family=schedule_nogood_core node=67 added=1 source_vehicle=1 route_count=3 signatures=[[2, 5, 1], [6, 17, 19, 9, 4], [3, 8, 18, 20]]
[clean-BPC  2545.63s] node 68 d=7 lb=245.050619 open=34
[clean-BPC  2545.99s] node 68 cg=1 phase=phase1 obj=0.0 artificial=0.0 cols=2774
[clean-BPC  2546.36s] node 68 cg=2 phase=phase2 obj=245.050619 artificial=0.0 cols=2774
[clean-BPC  2546.36s] cut_purged node=68 removed=2 by_kind={'schedule_nogood_core': 2} remaining=171
[clean-BPC  2546.73s] node 68 cg=3 phase=phase2 obj=245.050619 artificial=0.0 cols=2774
[clean-BPC  2550.93s] node 68 cg=3 phase=phase2 kind=heuristic best_rc=0.3140396 found=0 added=0 exhausted=False cert=False
[clean-BPC  2560.37s] node 68 cg=3 phase=phase2 kind=heuristic_boost best_rc=0.2422652 found=0 added=0 exhausted=True cert=True
[clean-BPC  2560.38s] route-pack-conflict diag node 68 source_vehicle=1 routes=5 U=4 complete=True cache_hit=False states=88 added=0
[clean-BPC  2560.84s] cut_added family=schedule_nogood_core node=68 added=2 source_vehicle=1 route_count=3 signatures=[[2, 5, 1], [6, 17, 19, 9, 4], [20, 18, 8, 3]]
[clean-BPC  2560.84s] node 29 d=6 lb=245.050619 open=34
[clean-BPC  2561.13s] node 29 cg=1 phase=phase1 obj=0.0 artificial=0.0 cols=2774
[clean-BPC  2561.45s] node 29 cg=2 phase=phase2 obj=245.050619 artificial=0.0 cols=2774
[clean-BPC  2565.54s] node 29 cg=2 phase=phase2 kind=heuristic best_rc=0.286504 found=0 added=0 exhausted=False cert=False
[clean-BPC  2574.66s] node 29 cg=2 phase=phase2 kind=heuristic_boost best_rc=0.286504 found=0 added=0 exhausted=True cert=True
[clean-BPC  2574.67s] route-pack-conflict diag node 29 source_vehicle=1 routes=5 U=4 complete=True cache_hit=False states=98 added=0
[clean-BPC  2575.14s] cut_added family=schedule_nogood_core node=29 added=2 source_vehicle=1 route_count=3 signatures=[[1, 5, 2], [4, 9, 19, 17, 3], [20, 18, 8, 6]]
[clean-BPC  2575.14s] node 65 d=7 lb=245.050619 open=34
[clean-BPC  2575.46s] node 65 cg=1 phase=phase1 obj=0.0 artificial=0.0 cols=2774
[clean-BPC  2575.81s] node 65 cg=2 phase=phase2 obj=245.050619 artificial=0.0 cols=2774
[clean-BPC  2575.81s] cut_purged node=65 removed=1 by_kind={'schedule_nogood_core': 1} remaining=174
[clean-BPC  2576.17s] node 65 cg=3 phase=phase2 obj=245.050619 artificial=0.0 cols=2774
[clean-BPC  2576.17s] cut_purged node=65 removed=1 by_kind={'schedule_nogood_core': 1} remaining=173
[clean-BPC  2576.54s] node 65 cg=4 phase=phase2 obj=245.050619 artificial=0.0 cols=2774
[clean-BPC  2580.29s] node 65 cg=4 phase=phase2 kind=heuristic best_rc=0.304996 found=0 added=0 exhausted=False cert=False
[clean-BPC  2587.66s] node 65 cg=4 phase=phase2 kind=heuristic_boost best_rc=0.304996 found=0 added=0 exhausted=True cert=True
[clean-BPC  2587.67s] route-pack-conflict diag node 65 source_vehicle=1 routes=5 U=4 complete=True cache_hit=False states=91 added=0
[clean-BPC  2588.13s] cut_added family=schedule_nogood_core node=65 added=2 source_vehicle=1 route_count=3 signatures=[[2, 5, 1], [4, 9, 19, 17, 6], [20, 18, 8, 3]]
[clean-BPC  2588.13s] node 69 d=8 lb=245.050619 open=34
[clean-BPC  2588.47s] node 69 cg=1 phase=phase1 obj=0.0 artificial=0.0 cols=2774
[clean-BPC  2588.82s] node 69 cg=2 phase=phase2 obj=245.050619 artificial=0.0 cols=2774
[clean-BPC  2588.82s] cut_purged node=69 removed=1 by_kind={'schedule_nogood_core': 1} remaining=174
[clean-BPC  2589.17s] node 69 cg=3 phase=phase2 obj=245.050619 artificial=0.0 cols=2774
[clean-BPC  2589.17s] cut_purged node=69 removed=1 by_kind={'schedule_nogood_core': 1} remaining=173
[clean-BPC  2589.52s] node 69 cg=4 phase=phase2 obj=245.050619 artificial=0.0 cols=2774
[clean-BPC  2593.87s] node 69 cg=4 phase=phase2 kind=heuristic best_rc=-0.031136 found=1 added=1 exhausted=False cert=False
[clean-BPC  2594.21s] node 69 cg=5 phase=phase2 obj=245.050619 artificial=0.0 cols=2775
[clean-BPC  2594.21s] cut_purged node=69 removed=1 by_kind={'schedule_nogood_core': 1} remaining=172
[clean-BPC  2594.55s] node 69 cg=6 phase=phase2 obj=245.050619 artificial=0.0 cols=2775
[clean-BPC  2598.76s] node 69 cg=6 phase=phase2 kind=heuristic best_rc=0.0 found=0 added=0 exhausted=False cert=False
[clean-BPC  2607.56s] node 69 cg=6 phase=phase2 kind=heuristic_boost best_rc=0.0 found=0 added=0 exhausted=True cert=True
[clean-BPC  2607.57s] route-pack-conflict diag node 69 source_vehicle=1 routes=5 U=4 complete=True cache_hit=False states=90 added=0
[clean-BPC  2608.03s] cut_added family=schedule_nogood_core node=69 added=2 source_vehicle=1 route_count=3 signatures=[[2, 5, 1], [4, 9, 19, 17, 3], [20, 18, 8, 6]]
[clean-BPC  2608.03s] node 70 d=8 lb=245.050619 open=34
[clean-BPC  2608.38s] node 70 cg=1 phase=phase1 obj=0.0 artificial=0.0 cols=2775
[clean-BPC  2608.75s] node 70 cg=2 phase=phase2 obj=245.050619 artificial=0.0 cols=2775
[clean-BPC  2612.69s] node 70 cg=2 phase=phase2 kind=heuristic best_rc=-0.04271125 found=1 added=1 exhausted=False cert=False
[clean-BPC  2613.05s] node 70 cg=3 phase=phase2 obj=245.050619 artificial=0.0 cols=2776
[clean-BPC  2616.68s] node 70 cg=3 phase=phase2 kind=heuristic best_rc=-0.302203571 found=1 added=1 exhausted=False cert=False
[clean-BPC  2617.04s] node 70 cg=4 phase=phase2 obj=245.050619 artificial=0.0 cols=2777
[clean-BPC  2617.04s] cut_purged node=70 removed=4 by_kind={'schedule_nogood_core': 4} remaining=170
[clean-BPC  2617.41s] node 70 cg=5 phase=phase2 obj=245.050619 artificial=0.0 cols=2777
[clean-BPC  2621.20s] node 70 cg=5 phase=phase2 kind=heuristic best_rc=0.304996 found=0 added=0 exhausted=False cert=False
[clean-BPC  2628.79s] node 70 cg=5 phase=phase2 kind=heuristic_boost best_rc=-0.150680846 found=1 added=1 exhausted=True cert=True
[clean-BPC  2629.15s] node 70 cg=6 phase=phase2 obj=245.050619 artificial=0.0 cols=2778
[clean-BPC  2632.73s] node 70 cg=6 phase=phase2 kind=heuristic best_rc=0.304996 found=0 added=0 exhausted=False cert=False
[clean-BPC  2639.84s] node 70 cg=6 phase=phase2 kind=heuristic_boost best_rc=-0.058140083 found=1 added=1 exhausted=True cert=True
[clean-BPC  2640.20s] node 70 cg=7 phase=phase2 obj=245.050619 artificial=0.0 cols=2779
[clean-BPC  2644.16s] node 70 cg=7 phase=phase2 kind=heuristic best_rc=0.304996 found=0 added=0 exhausted=False cert=False
[clean-BPC  2652.29s] node 70 cg=7 phase=phase2 kind=heuristic_boost best_rc=-0.457714667 found=2 added=2 exhausted=True cert=True
[clean-BPC  2652.65s] node 70 cg=8 phase=phase2 obj=245.050619 artificial=0.0 cols=2781
[clean-BPC  2656.28s] node 70 cg=8 phase=phase2 kind=heuristic best_rc=-0.056232647 found=2 added=2 exhausted=False cert=False
[clean-BPC  2656.64s] node 70 cg=9 phase=phase2 obj=245.050619 artificial=0.0 cols=2783
[clean-BPC  2656.64s] cut_purged node=70 removed=1 by_kind={'schedule_nogood_core': 1} remaining=169
[clean-BPC  2657.00s] node 70 cg=10 phase=phase2 obj=245.050619 artificial=0.0 cols=2783
[clean-BPC  2660.77s] node 70 cg=10 phase=phase2 kind=heuristic best_rc=0.304996 found=0 added=0 exhausted=False cert=False
[clean-BPC  2668.50s] node 70 cg=10 phase=phase2 kind=heuristic_boost best_rc=0.304996 found=0 added=0 exhausted=True cert=True
[clean-BPC  2668.51s] route-pack-conflict diag node 70 source_vehicle=1 routes=5 U=4 complete=True cache_hit=False states=95 added=0
[clean-BPC  2669.91s] cut_added family=schedule_nogood_core node=70 added=1 source_vehicle=1 route_count=3 signatures=[[4, 9, 19, 17, 3], [6, 8, 18, 20], [10, 15, 12, 16, 7]]
[clean-BPC  2669.91s] node 67 d=7 lb=245.050619 open=34
[clean-BPC  2670.26s] node 67 cg=1 phase=phase1 obj=0.0 artificial=0.0 cols=2783
[clean-BPC  2670.61s] node 67 cg=2 phase=phase2 obj=245.050619 artificial=0.0 cols=2783
[clean-BPC  2674.41s] node 67 cg=2 phase=phase2 kind=heuristic best_rc=0.304996 found=0 added=0 exhausted=False cert=False
[clean-BPC  2682.50s] node 67 cg=2 phase=phase2 kind=heuristic_boost best_rc=-0.267271303 found=2 added=2 exhausted=True cert=True
[clean-BPC  2682.85s] node 67 cg=3 phase=phase2 obj=245.050619 artificial=0.0 cols=2785
[clean-BPC  2686.63s] node 67 cg=3 phase=phase2 kind=heuristic best_rc=0.304996 found=0 added=0 exhausted=False cert=False
[clean-BPC  2694.69s] node 67 cg=3 phase=phase2 kind=heuristic_boost best_rc=0.273406643 found=0 added=0 exhausted=True cert=True
[clean-BPC  2694.70s] route-pack-conflict diag node 67 source_vehicle=1 routes=5 U=4 complete=True cache_hit=True states=110 added=0
[clean-BPC  2696.26s] cut_added family=schedule_nogood_core node=67 added=1 source_vehicle=1 route_count=4 signatures=[[2, 5, 1], [3, 17, 19, 9, 4], [6, 8, 18, 20], [7, 16, 12, 15, 10]]
[clean-BPC  2696.26s] node 68 d=7 lb=245.050619 open=34
[clean-BPC  2696.61s] node 68 cg=1 phase=phase1 obj=0.0 artificial=0.0 cols=2785
[clean-BPC  2696.97s] node 68 cg=2 phase=phase2 obj=245.050619 artificial=0.0 cols=2785
[clean-BPC  2701.27s] node 68 cg=2 phase=phase2 kind=heuristic best_rc=-0.038951478 found=2 added=2 exhausted=False cert=False
[clean-BPC  2701.64s] node 68 cg=3 phase=phase2 obj=245.050619 artificial=0.0 cols=2787
[clean-BPC  2705.86s] node 68 cg=3 phase=phase2 kind=heuristic best_rc=0.2399125 found=0 added=0 exhausted=False cert=False
[clean-BPC  2716.81s] node 68 cg=3 phase=phase2 kind=heuristic_boost best_rc=0.2399125 found=0 added=0 exhausted=True cert=True
[clean-BPC  2716.82s] route-pack-conflict diag node 68 source_vehicle=1 routes=5 U=4 complete=True cache_hit=False states=96 added=0
[clean-BPC  2717.28s] cut_added family=schedule_nogood_core node=68 added=2 source_vehicle=1 route_count=3 signatures=[[2, 5, 1], [3, 17, 19, 9, 4], [20, 18, 8, 6]]
[clean-BPC  2717.28s] node 29 d=6 lb=245.050619 open=34
[clean-BPC  2717.58s] node 29 cg=1 phase=phase1 obj=0.0 artificial=0.0 cols=2787
[clean-BPC  2717.91s] node 29 cg=2 phase=phase2 obj=245.050619 artificial=0.0 cols=2787
[clean-BPC  2722.43s] node 29 cg=2 phase=phase2 kind=heuristic best_rc=0.0 found=0 added=0 exhausted=False cert=False
[clean-BPC  2732.42s] node 29 cg=2 phase=phase2 kind=heuristic_boost best_rc=0.0 found=0 added=0 exhausted=True cert=True
[clean-BPC  2732.43s] route-pack-conflict diag node 29 source_vehicle=1 routes=5 U=4 complete=True cache_hit=True states=105 added=0
[clean-BPC  2732.89s] cut_added family=schedule_nogood_core node=29 added=1 source_vehicle=1 route_count=3 signatures=[[1, 5, 2], [4, 9, 19, 17, 6], [3, 8, 18, 20]]
[clean-BPC  2732.89s] node 65 d=7 lb=245.050619 open=34
[clean-BPC  2733.23s] node 65 cg=1 phase=phase1 obj=0.0 artificial=0.0 cols=2787
[clean-BPC  2733.58s] node 65 cg=2 phase=phase2 obj=245.050619 artificial=0.0 cols=2787
[clean-BPC  2737.45s] node 65 cg=2 phase=phase2 kind=heuristic best_rc=0.304996 found=0 added=0 exhausted=False cert=False
[clean-BPC  2745.01s] node 65 cg=2 phase=phase2 kind=heuristic_boost best_rc=-0.12273825 found=4 added=4 exhausted=True cert=True
[clean-BPC  2745.37s] node 65 cg=3 phase=phase2 obj=245.050619 artificial=0.0 cols=2791
[clean-BPC  2749.24s] node 65 cg=3 phase=phase2 kind=heuristic best_rc=0.304996 found=0 added=0 exhausted=False cert=False
[clean-BPC  2758.30s] node 65 cg=3 phase=phase2 kind=heuristic_boost best_rc=0.101380812 found=0 added=0 exhausted=True cert=True
[clean-BPC  2758.31s] route-pack-conflict diag node 65 source_vehicle=1 routes=5 U=4 complete=True cache_hit=False states=101 added=0
[clean-BPC  2758.77s] cut_added family=schedule_nogood_core node=65 added=1 source_vehicle=1 route_count=3 signatures=[[2, 5, 1], [4, 9, 19, 17, 6], [3, 8, 18, 20]]
[clean-BPC  2758.77s] node 69 d=8 lb=245.050619 open=34
[clean-BPC  2759.10s] node 69 cg=1 phase=phase1 obj=0.0 artificial=0.0 cols=2791
[clean-BPC  2759.46s] node 69 cg=2 phase=phase2 obj=245.39741 artificial=0.0 cols=2791
[clean-BPC  2759.46s] cut_purged node=69 removed=1 by_kind={'schedule_nogood_core': 1} remaining=174
[clean-BPC  2759.82s] node 69 cg=3 phase=phase2 obj=245.39741 artificial=0.0 cols=2791
[clean-BPC  2763.81s] node 69 cg=3 phase=phase2 kind=heuristic best_rc=0.045193333 found=0 added=0 exhausted=False cert=False
[clean-BPC  2771.95s] node 69 cg=3 phase=phase2 kind=heuristic_boost best_rc=0.045193333 found=0 added=0 exhausted=True cert=True
[clean-BPC  2776.08s] branch node 69: left=RF(9,11)=separate right=RF(9,11)=same
[clean-BPC  2776.08s] node 70 d=8 lb=245.050619 open=35
[clean-BPC  2776.42s] node 70 cg=1 phase=phase1 obj=0.0 artificial=0.0 cols=2791
[clean-BPC  2776.79s] node 70 cg=2 phase=phase2 obj=245.050619 artificial=0.0 cols=2791
[clean-BPC  2780.70s] node 70 cg=2 phase=phase2 kind=heuristic best_rc=-0.093427476 found=4 added=4 exhausted=False cert=False
[clean-BPC  2781.06s] node 70 cg=3 phase=phase2 obj=245.050619 artificial=0.0 cols=2795
[clean-BPC  2784.81s] node 70 cg=3 phase=phase2 kind=heuristic best_rc=-0.000508741 found=1 added=1 exhausted=False cert=False
[clean-BPC  2785.17s] node 70 cg=4 phase=phase2 obj=245.050619 artificial=0.0 cols=2796
[clean-BPC  2785.17s] cut_purged node=70 removed=2 by_kind={'schedule_nogood_core': 2} remaining=172
[clean-BPC  2785.55s] node 70 cg=5 phase=phase2 obj=245.050619 artificial=0.0 cols=2796
[clean-BPC  2789.63s] node 70 cg=5 phase=phase2 kind=heuristic best_rc=0.304996 found=0 added=0 exhausted=False cert=False
[clean-BPC  2798.04s] node 70 cg=5 phase=phase2 kind=heuristic_boost best_rc=-0.341035917 found=3 added=3 exhausted=True cert=True
[clean-BPC  2798.40s] node 70 cg=6 phase=phase2 obj=245.050619 artificial=0.0 cols=2799
[clean-BPC  2802.59s] node 70 cg=6 phase=phase2 kind=heuristic best_rc=0.304996 found=0 added=0 exhausted=False cert=False
[clean-BPC  2811.04s] node 70 cg=6 phase=phase2 kind=heuristic_boost best_rc=0.124610365 found=0 added=0 exhausted=True cert=True
[clean-BPC  2811.04s] route-pack-conflict diag node 70 source_vehicle=1 routes=5 U=4 complete=True cache_hit=True states=95 added=0
[clean-BPC  2812.42s] cut_added family=schedule_nogood_core node=70 added=1 source_vehicle=1 route_count=3 signatures=[[4, 9, 19, 17, 3], [6, 8, 18, 20], [10, 15, 12, 16, 7]]
[clean-BPC  2812.42s] node 67 d=7 lb=245.050619 open=35
[clean-BPC  2812.76s] node 67 cg=1 phase=phase1 obj=0.0 artificial=0.0 cols=2799
[clean-BPC  2813.12s] node 67 cg=2 phase=phase2 obj=245.050619 artificial=0.0 cols=2799
[clean-BPC  2813.13s] cut_purged node=67 removed=2 by_kind={'schedule_nogood_core': 2} remaining=171
[clean-BPC  2813.48s] node 67 cg=3 phase=phase2 obj=245.050619 artificial=0.0 cols=2799
[clean-BPC  2817.43s] node 67 cg=3 phase=phase2 kind=heuristic best_rc=0.304996 found=0 added=0 exhausted=False cert=False
[clean-BPC  2825.77s] node 67 cg=3 phase=phase2 kind=heuristic_boost best_rc=0.304996 found=0 added=0 exhausted=True cert=True
[clean-BPC  2825.77s] route-pack-conflict diag node 67 source_vehicle=1 routes=5 U=4 complete=True cache_hit=True states=99 added=0
[clean-BPC  2826.23s] cut_added family=schedule_nogood_core node=67 added=1 source_vehicle=1 route_count=3 signatures=[[2, 5, 1], [6, 17, 19, 9, 4], [3, 8, 18, 20]]
[clean-BPC  2826.23s] node 68 d=7 lb=245.050619 open=35
[clean-BPC  2826.59s] node 68 cg=1 phase=phase1 obj=0.0 artificial=0.0 cols=2799
[clean-BPC  2826.96s] node 68 cg=2 phase=phase2 obj=245.050619 artificial=0.0 cols=2799
[clean-BPC  2831.14s] node 68 cg=2 phase=phase2 kind=heuristic best_rc=0.2399125 found=0 added=0 exhausted=False cert=False
[clean-BPC  2842.07s] node 68 cg=2 phase=phase2 kind=heuristic_boost best_rc=0.2399125 found=0 added=0 exhausted=True cert=True
[clean-BPC  2842.07s] route-pack-conflict diag node 68 source_vehicle=1 routes=5 U=4 complete=True cache_hit=True states=90 added=0
[clean-BPC  2843.48s] cut_added family=schedule_nogood_core node=68 added=2 source_vehicle=1 route_count=3 signatures=[[3, 17, 19, 9, 4], [20, 18, 8, 6], [10, 15, 12, 16, 7]]
[clean-BPC  2843.48s] node 29 d=6 lb=245.050619 open=35
[clean-BPC  2843.78s] node 29 cg=1 phase=phase1 obj=0.0 artificial=0.0 cols=2799
[clean-BPC  2844.10s] node 29 cg=2 phase=phase2 obj=245.050619 artificial=0.0 cols=2799
[clean-BPC  2848.14s] node 29 cg=2 phase=phase2 kind=heuristic best_rc=-1.084136603 found=3 added=3 exhausted=False cert=False
[clean-BPC  2848.47s] node 29 cg=3 phase=phase2 obj=245.050619 artificial=0.0 cols=2802
[clean-BPC  2852.67s] node 29 cg=3 phase=phase2 kind=heuristic best_rc=0.396795 found=0 added=0 exhausted=False cert=False
[clean-BPC  2860.62s] node 29 cg=3 phase=phase2 kind=heuristic_boost best_rc=0.0842805 found=0 added=0 exhausted=True cert=True
[clean-BPC  2860.63s] route-pack-conflict diag node 29 source_vehicle=1 routes=5 U=4 complete=True cache_hit=True states=105 added=0
[clean-BPC  2861.09s] cut_added family=schedule_nogood_core node=29 added=1 source_vehicle=1 route_count=3 signatures=[[1, 5, 2], [4, 9, 19, 17, 6], [3, 8, 18, 20]]
[clean-BPC  2861.09s] node 70 d=8 lb=245.050619 open=35
[clean-BPC  2861.44s] node 70 cg=1 phase=phase1 obj=0.0 artificial=0.0 cols=2802
[clean-BPC  2861.83s] node 70 cg=2 phase=phase2 obj=245.649636 artificial=0.0 cols=2802
[clean-BPC  2865.74s] node 70 cg=2 phase=phase2 kind=heuristic best_rc=-0.140234576 found=2 added=2 exhausted=False cert=False
[clean-BPC  2866.12s] node 70 cg=3 phase=phase2 obj=245.649636 artificial=0.0 cols=2804
[clean-BPC  2870.07s] node 70 cg=3 phase=phase2 kind=heuristic best_rc=-0.103452606 found=4 added=4 exhausted=False cert=False
[clean-BPC  2870.45s] node 70 cg=4 phase=phase2 obj=245.649636 artificial=0.0 cols=2808
[clean-BPC  2874.40s] node 70 cg=4 phase=phase2 kind=heuristic best_rc=0.0 found=0 added=0 exhausted=False cert=False
[clean-BPC  2882.32s] node 70 cg=4 phase=phase2 kind=heuristic_boost best_rc=-1.349125848 found=4 added=4 exhausted=True cert=True
[clean-BPC  2882.69s] node 70 cg=5 phase=phase2 obj=245.649636 artificial=0.0 cols=2812
[clean-BPC  2886.92s] node 70 cg=5 phase=phase2 kind=heuristic best_rc=0.090100318 found=0 added=0 exhausted=False cert=False
[clean-BPC  2895.39s] node 70 cg=5 phase=phase2 kind=heuristic_boost best_rc=-0.0 found=0 added=0 exhausted=True cert=True
[clean-BPC  2900.20s] branch node 70: left=RF(1,4)=separate right=RF(1,4)=same
[clean-BPC  2900.20s] node 65 d=7 lb=245.050619 open=36
[clean-BPC  2900.55s] node 65 cg=1 phase=phase1 obj=0.0 artificial=0.0 cols=2812
[clean-BPC  2900.89s] node 65 cg=2 phase=phase2 obj=245.050619 artificial=0.0 cols=2812
[clean-BPC  2904.88s] node 65 cg=2 phase=phase2 kind=heuristic best_rc=0.304996 found=0 added=0 exhausted=False cert=False
[clean-BPC  2913.27s] node 65 cg=2 phase=phase2 kind=heuristic_boost best_rc=-0.183237 found=4 added=4 exhausted=True cert=True
[clean-BPC  2913.62s] node 65 cg=3 phase=phase2 obj=245.050619 artificial=0.0 cols=2816
[clean-BPC  2913.62s] cut_purged node=65 removed=2 by_kind={'schedule_nogood_core': 2} remaining=173
[clean-BPC  2913.96s] node 65 cg=4 phase=phase2 obj=245.050619 artificial=0.0 cols=2816
[clean-BPC  2918.00s] node 65 cg=4 phase=phase2 kind=heuristic best_rc=0.304996 found=0 added=0 exhausted=False cert=False
[clean-BPC  2926.48s] node 65 cg=4 phase=phase2 kind=heuristic_boost best_rc=-0.439223667 found=2 added=2 exhausted=True cert=True
[clean-BPC  2926.82s] node 65 cg=5 phase=phase2 obj=245.050619 artificial=0.0 cols=2818
[clean-BPC  2930.85s] node 65 cg=5 phase=phase2 kind=heuristic best_rc=0.304996 found=0 added=0 exhausted=False cert=False
[clean-BPC  2939.28s] node 65 cg=5 phase=phase2 kind=heuristic_boost best_rc=-0.0 found=0 added=0 exhausted=True cert=True
[clean-BPC  2939.28s] route-pack-conflict diag node 65 source_vehicle=1 routes=5 U=4 complete=True cache_hit=True states=101 added=0
[clean-BPC  2939.74s] cut_added family=schedule_nogood_core node=65 added=1 source_vehicle=1 route_count=3 signatures=[[2, 5, 1], [4, 9, 19, 17, 6], [3, 8, 18, 20]]
[clean-BPC  2939.74s] node 29 d=6 lb=245.050619 open=36
[clean-BPC  2940.05s] node 29 cg=1 phase=phase1 obj=0.0 artificial=0.0 cols=2818
[clean-BPC  2940.36s] node 29 cg=2 phase=phase2 obj=245.050619 artificial=0.0 cols=2818
[clean-BPC  2944.62s] node 29 cg=2 phase=phase2 kind=heuristic best_rc=0.064372 found=0 added=0 exhausted=False cert=False
[clean-BPC  2954.07s] node 29 cg=2 phase=phase2 kind=heuristic_boost best_rc=0.064372 found=0 added=0 exhausted=True cert=True
[clean-BPC  2957.56s] branch node 29: left=arc(19,9)=off right=arc(19,9)=on
[clean-BPC  2957.56s] node 65 d=7 lb=245.050619 open=37
[clean-BPC  2957.90s] node 65 cg=1 phase=phase1 obj=0.0 artificial=0.0 cols=2818
[clean-BPC  2958.24s] node 65 cg=2 phase=phase2 obj=245.050619 artificial=0.0 cols=2818
[clean-BPC  2962.31s] node 65 cg=2 phase=phase2 kind=heuristic best_rc=0.304996 found=0 added=0 exhausted=False cert=False
[clean-BPC  2970.73s] node 65 cg=2 phase=phase2 kind=heuristic_boost best_rc=-0.0 found=0 added=0 exhausted=True cert=True
[clean-BPC  2970.74s] route-pack-conflict diag node 65 source_vehicle=1 routes=5 U=4 complete=True cache_hit=False states=90 added=0
[clean-BPC  2971.19s] cut_added family=schedule_nogood_core node=65 added=1 source_vehicle=1 route_count=3 signatures=[[2, 5, 1], [4, 9, 19, 17, 6], [20, 18, 8, 3]]
[clean-BPC  2971.19s] node 75 d=7 lb=245.050619 open=37
[clean-BPC  2971.49s] node 75 cg=1 phase=phase1 obj=0.0 artificial=0.0 cols=2818
[clean-BPC  2971.81s] node 75 cg=2 phase=phase2 obj=245.050619 artificial=0.0 cols=2818
[clean-BPC  2976.24s] node 75 cg=2 phase=phase2 kind=heuristic best_rc=0.4063686 found=0 added=0 exhausted=False cert=False
[clean-BPC  2984.72s] node 75 cg=2 phase=phase2 kind=heuristic_boost best_rc=0.347787 found=0 added=0 exhausted=True cert=True
[clean-BPC  2986.93s] branch node 75: left=RF(3,17)=separate right=RF(3,17)=same
[clean-BPC  2986.93s] node 76 d=7 lb=245.050619 open=38
[clean-BPC  2987.24s] node 76 cg=1 phase=phase1 obj=0.0 artificial=0.0 cols=2818
[clean-BPC  2987.55s] node 76 cg=2 phase=phase2 obj=245.050619 artificial=0.0 cols=2818
[clean-BPC  2987.55s] cut_purged node=76 removed=2 by_kind={'schedule_nogood_core': 2} remaining=173
[clean-BPC  2987.87s] node 76 cg=3 phase=phase2 obj=245.050619 artificial=0.0 cols=2818
[clean-BPC  2992.22s] node 76 cg=3 phase=phase2 kind=heuristic best_rc=-1.499621864 found=4 added=4 exhausted=False cert=False
[clean-BPC  2992.55s] node 76 cg=4 phase=phase2 obj=245.050619 artificial=0.0 cols=2822
[clean-BPC  2996.77s] node 76 cg=4 phase=phase2 kind=heuristic best_rc=-0.03704725 found=1 added=1 exhausted=False cert=False
[clean-BPC  2997.09s] node 76 cg=5 phase=phase2 obj=245.050619 artificial=0.0 cols=2823
[clean-BPC  3001.23s] node 76 cg=5 phase=phase2 kind=heuristic best_rc=0.1227235 found=0 added=0 exhausted=False cert=False
[clean-BPC  3010.77s] node 76 cg=5 phase=phase2 kind=heuristic_boost best_rc=0.1227235 found=0 added=0 exhausted=True cert=True
[clean-BPC  3010.78s] route-pack-conflict diag node 76 source_vehicle=1 routes=5 U=4 complete=True cache_hit=True states=105 added=0
[clean-BPC  3011.24s] cut_added family=schedule_nogood_core node=76 added=1 source_vehicle=1 route_count=3 signatures=[[1, 5, 2], [6, 17, 19, 9, 4], [3, 8, 18, 20]]
[clean-BPC  3011.24s] node 65 d=7 lb=245.050619 open=38
[clean-BPC  3011.58s] node 65 cg=1 phase=phase1 obj=0.0 artificial=0.0 cols=2823
[clean-BPC  3011.93s] node 65 cg=2 phase=phase2 obj=245.080913 artificial=0.0 cols=2823
[clean-BPC  3016.02s] node 65 cg=2 phase=phase2 kind=heuristic best_rc=0.304996 found=0 added=0 exhausted=False cert=False
[clean-BPC  3024.54s] node 65 cg=2 phase=phase2 kind=heuristic_boost best_rc=-0.0 found=0 added=0 exhausted=True cert=True
[clean-BPC  3028.67s] branch node 65: left=RF(7,10)=separate right=RF(7,10)=same
[clean-BPC  3028.67s] node 77 d=8 lb=245.050619 open=39
[clean-BPC  3028.92s] node 77 cg=1 phase=phase1 obj=0.0 artificial=0.0 cols=2823
[clean-BPC  3029.19s] node 77 cg=2 phase=phase2 obj=245.050619 artificial=0.0 cols=2823
[clean-BPC  3033.25s] node 77 cg=2 phase=phase2 kind=heuristic best_rc=0.178588226 found=0 added=0 exhausted=False cert=False
[clean-BPC  3041.57s] node 77 cg=2 phase=phase2 kind=heuristic_boost best_rc=-0.016928581 found=3 added=3 exhausted=True cert=True
[clean-BPC  3041.83s] node 77 cg=3 phase=phase2 obj=245.050619 artificial=0.0 cols=2826
[clean-BPC  3045.75s] node 77 cg=3 phase=phase2 kind=heuristic best_rc=0.3387105 found=0 added=0 exhausted=False cert=False
[clean-BPC  3053.67s] node 77 cg=3 phase=phase2 kind=heuristic_boost best_rc=0.1127885 found=0 added=0 exhausted=True cert=True
[clean-BPC  3053.68s] route-pack-conflict diag node 77 source_vehicle=1 routes=5 U=4 complete=True cache_hit=False states=97 added=0
[clean-BPC  3054.13s] cut_added family=schedule_nogood_core node=77 added=2 source_vehicle=1 route_count=3 signatures=[[1, 5, 2], [4, 9, 19, 17, 6], [20, 18, 8, 3]]
[clean-BPC  3054.13s] node 78 d=8 lb=245.050619 open=39
[clean-BPC  3054.30s] node 78 cg=1 phase=phase1 obj=0.0 artificial=0.0 cols=2826
[clean-BPC  3054.46s] node 78 cg=2 phase=phase2 obj=245.050619 artificial=0.0 cols=2826
[clean-BPC  3057.22s] node 78 cg=2 phase=phase2 kind=heuristic best_rc=0.06544 found=0 added=0 exhausted=False cert=False
[clean-BPC  3062.53s] node 78 cg=2 phase=phase2 kind=heuristic_boost best_rc=0.06544 found=0 added=0 exhausted=True cert=True
[clean-BPC  3062.54s] route-pack-conflict diag node 78 source_vehicle=1 routes=5 U=4 complete=True cache_hit=True states=107 added=0
[clean-BPC  3064.07s] cut_added family=schedule_nogood_core node=78 added=1 source_vehicle=1 route_count=4 signatures=[[1, 5, 2], [4, 9, 19, 17, 3], [6, 8, 18, 20], [7, 16, 12, 15, 10]]
[clean-BPC  3064.07s] node 76 d=7 lb=245.050619 open=39
[clean-BPC  3064.38s] node 76 cg=1 phase=phase1 obj=0.0 artificial=0.0 cols=2826
[clean-BPC  3064.70s] node 76 cg=2 phase=phase2 obj=245.050619 artificial=0.0 cols=2826
[clean-BPC  3068.83s] node 76 cg=2 phase=phase2 kind=heuristic best_rc=0.1227235 found=0 added=0 exhausted=False cert=False
[clean-BPC  3078.35s] node 76 cg=2 phase=phase2 kind=heuristic_boost best_rc=0.1227235 found=0 added=0 exhausted=True cert=True
[clean-BPC  3080.16s] branch node 76: left=RF(3,8)=separate right=RF(3,8)=same
[clean-BPC  3080.16s] node 77 d=8 lb=245.050619 open=40
[clean-BPC  3080.42s] node 77 cg=1 phase=phase1 obj=0.0 artificial=0.0 cols=2826
[clean-BPC  3080.69s] node 77 cg=2 phase=phase2 obj=245.130623 artificial=0.0 cols=2826
[clean-BPC  3084.92s] node 77 cg=2 phase=phase2 kind=heuristic best_rc=0.398467935 found=0 added=0 exhausted=False cert=False
[clean-BPC  3093.67s] node 77 cg=2 phase=phase2 kind=heuristic_boost best_rc=0.159373952 found=0 added=0 exhausted=True cert=True
[clean-BPC  3096.78s] branch node 77: left=RF(8,20)=separate right=RF(8,20)=same
[clean-BPC  3096.78s] node 78 d=8 lb=245.050619 open=41
[clean-BPC  3096.94s] node 78 cg=1 phase=phase1 obj=0.0 artificial=0.0 cols=2826
[clean-BPC  3097.11s] node 78 cg=2 phase=phase2 obj=245.050619 artificial=0.0 cols=2826
[clean-BPC  3099.95s] node 78 cg=2 phase=phase2 kind=heuristic best_rc=0.06544 found=0 added=0 exhausted=False cert=False
[clean-BPC  3105.43s] node 78 cg=2 phase=phase2 kind=heuristic_boost best_rc=0.06544 found=0 added=0 exhausted=True cert=True
[clean-BPC  3105.44s] route-pack-conflict diag node 78 source_vehicle=1 routes=5 U=4 complete=True cache_hit=False states=98 added=0
[clean-BPC  3105.90s] cut_added family=schedule_nogood_core node=78 added=1 source_vehicle=1 route_count=3 signatures=[[1, 5, 2], [4, 9, 19, 17, 3], [20, 18, 8, 6]]
[clean-BPC  3105.90s] node 78 d=8 lb=245.050619 open=41
[clean-BPC  3106.07s] node 78 cg=1 phase=phase1 obj=0.0 artificial=0.0 cols=2826
[clean-BPC  3106.23s] node 78 cg=2 phase=phase2 obj=245.050619 artificial=0.0 cols=2826
[clean-BPC  3106.23s] cut_purged node=78 removed=1 by_kind={'schedule_nogood_core': 1} remaining=177
[clean-BPC  3106.41s] node 78 cg=3 phase=phase2 obj=245.050619 artificial=0.0 cols=2826
[clean-BPC  3106.41s] cut_purged node=78 removed=1 by_kind={'schedule_nogood_core': 1} remaining=176
[clean-BPC  3106.56s] node 78 cg=4 phase=phase2 obj=245.050619 artificial=0.0 cols=2826
[clean-BPC  3109.42s] node 78 cg=4 phase=phase2 kind=heuristic best_rc=0.06544 found=0 added=0 exhausted=False cert=False
[clean-BPC  3114.84s] node 78 cg=4 phase=phase2 kind=heuristic_boost best_rc=0.06544 found=0 added=0 exhausted=True cert=True
[clean-BPC  3114.85s] route-pack-conflict diag node 78 source_vehicle=1 routes=5 U=4 complete=True cache_hit=True states=101 added=0
[clean-BPC  3116.25s] cut_added family=schedule_nogood_core node=78 added=1 source_vehicle=1 route_count=3 signatures=[[4, 9, 19, 17, 3], [6, 8, 18, 20], [10, 15, 12, 16, 7]]
[clean-BPC  3116.25s] node 78 d=8 lb=245.050619 open=41
[clean-BPC  3116.41s] node 78 cg=1 phase=phase1 obj=0.0 artificial=0.0 cols=2826
[clean-BPC  3116.58s] node 78 cg=2 phase=phase2 obj=245.190776 artificial=0.0 cols=2826
[clean-BPC  3116.58s] cut_purged node=78 removed=1 by_kind={'schedule_nogood_core': 1} remaining=176
[clean-BPC  3116.74s] node 78 cg=3 phase=phase2 obj=245.190776 artificial=0.0 cols=2826
[clean-BPC  3119.92s] node 78 cg=3 phase=phase2 kind=heuristic best_rc=-0.302155173 found=2 added=2 exhausted=False cert=False
[clean-BPC  3120.08s] node 78 cg=4 phase=phase2 obj=245.190776 artificial=0.0 cols=2828
[clean-BPC  3120.08s] cut_purged node=78 removed=1 by_kind={'schedule_nogood_core': 1} remaining=175
[clean-BPC  3120.26s] node 78 cg=5 phase=phase2 obj=245.190776 artificial=0.0 cols=2828
[clean-BPC  3120.26s] cut_purged node=78 removed=2 by_kind={'schedule_nogood_core': 2} remaining=173
[clean-BPC  3120.43s] node 78 cg=6 phase=phase2 obj=245.190776 artificial=0.0 cols=2828
[clean-BPC  3123.49s] node 78 cg=6 phase=phase2 kind=heuristic best_rc=-1.199627308 found=16 added=16 exhausted=False cert=False
[clean-BPC  3123.65s] node 78 cg=7 phase=phase2 obj=245.190776 artificial=0.0 cols=2844
[clean-BPC  3126.81s] node 78 cg=7 phase=phase2 kind=heuristic best_rc=0.237088827 found=0 added=0 exhausted=False cert=False
[clean-BPC  3133.25s] node 78 cg=7 phase=phase2 kind=heuristic_boost best_rc=0.237088827 found=0 added=0 exhausted=True cert=True
[clean-BPC  3135.23s] branch node 78: left=RF(10,16)=separate right=RF(10,16)=same
[clean-BPC  3135.23s] node 81 d=8 lb=245.050619 open=42
[clean-BPC  3135.51s] node 81 cg=1 phase=phase1 obj=0.0 artificial=0.0 cols=2844
[clean-BPC  3135.79s] node 81 cg=2 phase=phase2 obj=245.050619 artificial=0.0 cols=2844
[clean-BPC  3139.84s] node 81 cg=2 phase=phase2 kind=heuristic best_rc=-0.039652 found=2 added=2 exhausted=False cert=False
[clean-BPC  3140.13s] node 81 cg=3 phase=phase2 obj=245.050619 artificial=0.0 cols=2846
[clean-BPC  3143.95s] node 81 cg=3 phase=phase2 kind=heuristic best_rc=0.104835 found=0 added=0 exhausted=False cert=False
[clean-BPC  3150.55s] node 81 cg=3 phase=phase2 kind=heuristic_boost best_rc=0.104835 found=0 added=0 exhausted=True cert=True
[clean-BPC  3150.56s] route-pack-conflict diag node 81 source_vehicle=1 routes=5 U=4 complete=True cache_hit=True states=115 added=0
[clean-BPC  3152.12s] cut_added family=schedule_nogood_core node=81 added=1 source_vehicle=1 route_count=4 signatures=[[1, 5, 2], [3, 17, 19, 9, 4], [6, 8, 18, 20], [7, 16, 12, 15, 10]]
[clean-BPC  3152.12s] node 81 d=8 lb=245.050619 open=42
[clean-BPC  3152.40s] node 81 cg=1 phase=phase1 obj=0.0 artificial=0.0 cols=2846
[clean-BPC  3152.69s] node 81 cg=2 phase=phase2 obj=245.050619 artificial=0.0 cols=2846
[clean-BPC  3156.52s] node 81 cg=2 phase=phase2 kind=heuristic best_rc=0.104835 found=0 added=0 exhausted=False cert=False
[clean-BPC  3163.14s] node 81 cg=2 phase=phase2 kind=heuristic_boost best_rc=0.104835 found=0 added=0 exhausted=True cert=True
[clean-BPC  3163.14s] route-pack-conflict diag node 81 source_vehicle=1 routes=5 U=4 complete=True cache_hit=False states=109 added=0
[clean-BPC  3164.70s] cut_added family=schedule_nogood_core node=81 added=2 source_vehicle=1 route_count=4 signatures=[[1, 5, 2], [3, 17, 19, 9, 4], [6, 8, 18, 20], [10, 15, 12, 16, 7]]
[clean-BPC  3164.70s] node 81 d=8 lb=245.050619 open=42
[clean-BPC  3164.96s] node 81 cg=1 phase=phase1 obj=0.0 artificial=0.0 cols=2846
[clean-BPC  3165.25s] node 81 cg=2 phase=phase2 obj=245.050619 artificial=0.0 cols=2846
[clean-BPC  3169.50s] node 81 cg=2 phase=phase2 kind=heuristic best_rc=-0.346073875 found=1 added=1 exhausted=False cert=False
[clean-BPC  3169.79s] node 81 cg=3 phase=phase2 obj=245.050619 artificial=0.0 cols=2847
[clean-BPC  3173.73s] node 81 cg=3 phase=phase2 kind=heuristic best_rc=-0.090810004 found=1 added=1 exhausted=False cert=False
[clean-BPC  3174.02s] node 81 cg=4 phase=phase2 obj=245.050619 artificial=0.0 cols=2848
[clean-BPC  3178.49s] node 81 cg=4 phase=phase2 kind=heuristic best_rc=0.117124256 found=0 added=0 exhausted=False cert=False
[clean-BPC  3186.90s] node 81 cg=4 phase=phase2 kind=heuristic_boost best_rc=-0.017848284 found=2 added=2 exhausted=True cert=True
[clean-BPC  3187.17s] node 81 cg=5 phase=phase2 obj=245.050619 artificial=0.0 cols=2850
[clean-BPC  3191.20s] node 81 cg=5 phase=phase2 kind=heuristic best_rc=-0.013652429 found=2 added=2 exhausted=False cert=False
[clean-BPC  3191.47s] node 81 cg=6 phase=phase2 obj=245.050619 artificial=0.0 cols=2852
[clean-BPC  3195.63s] node 81 cg=6 phase=phase2 kind=heuristic best_rc=-0.349356636 found=2 added=2 exhausted=False cert=False
[clean-BPC  3195.91s] node 81 cg=7 phase=phase2 obj=245.050619 artificial=0.0 cols=2854
[clean-BPC  3199.81s] node 81 cg=7 phase=phase2 kind=heuristic best_rc=-0.071265667 found=1 added=1 exhausted=False cert=False
[clean-BPC  3200.09s] node 81 cg=8 phase=phase2 obj=245.050619 artificial=0.0 cols=2855
[clean-BPC  3200.09s] cut_purged node=81 removed=1 by_kind={'schedule_nogood_core': 1} remaining=175
[clean-BPC  3200.37s] node 81 cg=9 phase=phase2 obj=245.050619 artificial=0.0 cols=2855
[clean-BPC  3200.37s] cut_purged node=81 removed=1 by_kind={'schedule_nogood_core': 1} remaining=174
[clean-BPC  3200.66s] node 81 cg=10 phase=phase2 obj=245.050619 artificial=0.0 cols=2855
[clean-BPC  3204.53s] node 81 cg=10 phase=phase2 kind=heuristic best_rc=0.1635617 found=0 added=0 exhausted=False cert=False
[clean-BPC  3211.35s] node 81 cg=10 phase=phase2 kind=heuristic_boost best_rc=0.1635617 found=0 added=0 exhausted=True cert=True
[clean-BPC  3211.36s] route-pack-conflict diag node 81 source_vehicle=1 routes=5 U=4 complete=True cache_hit=False states=105 added=0
[clean-BPC  3211.82s] cut_added family=schedule_nogood_core node=81 added=2 source_vehicle=1 route_count=3 signatures=[[1, 5, 2], [3, 17, 19, 9, 4], [20, 18, 8, 6]]
[clean-BPC  3211.82s] node 82 d=8 lb=245.050619 open=42
[clean-BPC  3211.97s] node 82 cg=1 phase=phase1 obj=0.0 artificial=0.0 cols=2855
[clean-BPC  3212.14s] node 82 cg=2 phase=phase2 obj=245.050619 artificial=0.0 cols=2855
[clean-BPC  3215.11s] node 82 cg=2 phase=phase2 kind=heuristic best_rc=0.0 found=0 added=0 exhausted=False cert=False
[clean-BPC  3221.21s] node 82 cg=2 phase=phase2 kind=heuristic_boost best_rc=0.0 found=0 added=0 exhausted=True cert=True
[clean-BPC  3221.22s] route-pack-conflict diag node 82 source_vehicle=1 routes=5 U=4 complete=True cache_hit=True states=105 added=0
[clean-BPC  3221.67s] cut_added family=schedule_nogood_core node=82 added=1 source_vehicle=1 route_count=3 signatures=[[1, 5, 2], [6, 17, 19, 9, 4], [3, 8, 18, 20]]
[clean-BPC  3221.67s] node 67 d=7 lb=245.050619 open=42
[clean-BPC  3222.02s] node 67 cg=1 phase=phase1 obj=0.0 artificial=0.0 cols=2855
[clean-BPC  3222.39s] node 67 cg=2 phase=phase2 obj=245.050619 artificial=0.0 cols=2855
[clean-BPC  3222.39s] cut_purged node=67 removed=1 by_kind={'schedule_nogood_core': 1} remaining=176
[clean-BPC  3222.74s] node 67 cg=3 phase=phase2 obj=245.050619 artificial=0.0 cols=2855
[clean-BPC  3226.61s] node 67 cg=3 phase=phase2 kind=heuristic best_rc=0.304996 found=0 added=0 exhausted=False cert=False
[clean-BPC  3234.95s] node 67 cg=3 phase=phase2 kind=heuristic_boost best_rc=0.304996 found=0 added=0 exhausted=True cert=True
[clean-BPC  3234.96s] route-pack-conflict diag node 67 source_vehicle=1 routes=5 U=4 complete=True cache_hit=False states=98 added=0
[clean-BPC  3235.41s] cut_added family=schedule_nogood_core node=67 added=1 source_vehicle=1 route_count=3 signatures=[[2, 5, 1], [6, 17, 19, 9, 4], [3, 8, 18, 20]]
[clean-BPC  3235.41s] node 67 d=7 lb=245.050619 open=42
[clean-BPC  3235.76s] node 67 cg=1 phase=phase1 obj=0.0 artificial=0.0 cols=2855
[clean-BPC  3236.11s] node 67 cg=2 phase=phase2 obj=245.050619 artificial=0.0 cols=2855
[clean-BPC  3240.02s] node 67 cg=2 phase=phase2 kind=heuristic best_rc=0.304996 found=0 added=0 exhausted=False cert=False
[clean-BPC  3248.42s] node 67 cg=2 phase=phase2 kind=heuristic_boost best_rc=0.304996 found=0 added=0 exhausted=True cert=True
[clean-BPC  3250.69s] branch node 67: left=RF(4,6)=separate right=RF(4,6)=same
[clean-BPC  3250.69s] node 87 d=8 lb=245.050619 open=43
[clean-BPC  3250.97s] node 87 cg=1 phase=phase1 obj=0.0 artificial=0.0 cols=2855
[clean-BPC  3251.27s] node 87 cg=2 phase=phase2 obj=245.050619 artificial=0.0 cols=2855
[clean-BPC  3255.16s] node 87 cg=2 phase=phase2 kind=heuristic best_rc=0.117588 found=0 added=0 exhausted=False cert=False
[clean-BPC  3263.76s] node 87 cg=2 phase=phase2 kind=heuristic_boost best_rc=0.049656 found=0 added=0 exhausted=True cert=True
[clean-BPC  3263.77s] route-pack-conflict diag node 87 source_vehicle=1 routes=5 U=4 complete=True cache_hit=False states=109 added=0
[clean-BPC  3265.31s] cut_added family=schedule_nogood_core node=87 added=1 source_vehicle=1 route_count=4 signatures=[[2, 5, 1], [3, 17, 19, 9, 4], [6, 8, 18, 20], [7, 16, 12, 15, 10]]
[clean-BPC  3265.31s] node 88 d=8 lb=245.050619 open=43
[clean-BPC  3265.51s] node 88 cg=1 phase=phase1 obj=0.0 artificial=0.0 cols=2855
[clean-BPC  3265.70s] node 88 cg=2 phase=phase2 obj=245.763901 artificial=0.0 cols=2855
[clean-BPC  3268.74s] node 88 cg=2 phase=phase2 kind=heuristic best_rc=-0.835153273 found=2 added=2 exhausted=False cert=False
[clean-BPC  3268.94s] node 88 cg=3 phase=phase2 obj=245.659507 artificial=0.0 cols=2857
[clean-BPC  3272.26s] node 88 cg=3 phase=phase2 kind=heuristic best_rc=-0.6066215 found=5 added=5 exhausted=False cert=False
[clean-BPC  3272.45s] node 88 cg=4 phase=phase2 obj=245.659507 artificial=0.0 cols=2862
[clean-BPC  3272.45s] cut_purged node=88 removed=2 by_kind={'schedule_nogood_core': 2} remaining=176
[clean-BPC  3272.65s] node 88 cg=5 phase=phase2 obj=245.659507 artificial=0.0 cols=2862
[clean-BPC  3275.99s] node 88 cg=5 phase=phase2 kind=heuristic best_rc=0.347787 found=0 added=0 exhausted=False cert=False
[clean-BPC  3284.57s] node 88 cg=5 phase=phase2 kind=heuristic_boost best_rc=0.347787 found=0 added=0 exhausted=True cert=True
[clean-BPC  3287.02s] branch node 88: left=RF(5,12)=separate right=RF(5,12)=same
[clean-BPC  3287.02s] node 81 d=8 lb=245.050619 open=44
[clean-BPC  3287.29s] node 81 cg=1 phase=phase1 obj=0.0 artificial=0.0 cols=2862
[clean-BPC  3287.58s] node 81 cg=2 phase=phase2 obj=245.050619 artificial=0.0 cols=2862
[clean-BPC  3291.50s] node 81 cg=2 phase=phase2 kind=heuristic best_rc=0.21902344 found=0 added=0 exhausted=False cert=False
[clean-BPC  3298.42s] node 81 cg=2 phase=phase2 kind=heuristic_boost best_rc=0.21902344 found=0 added=0 exhausted=True cert=True
[clean-BPC  3298.43s] route-pack-conflict diag node 81 source_vehicle=1 routes=5 U=4 complete=True cache_hit=False states=110 added=0
[clean-BPC  3299.97s] cut_added family=schedule_nogood_core node=81 added=1 source_vehicle=1 route_count=4 signatures=[[1, 5, 2], [3, 17, 19, 9, 4], [6, 8, 18, 20], [10, 15, 12, 16, 7]]
[clean-BPC  3299.97s] node 81 d=8 lb=245.050619 open=44
[clean-BPC  3300.24s] node 81 cg=1 phase=phase1 obj=0.0 artificial=0.0 cols=2862
[clean-BPC  3300.52s] node 81 cg=2 phase=phase2 obj=245.050619 artificial=0.0 cols=2862
[clean-BPC  3300.53s] cut_purged node=81 removed=1 by_kind={'schedule_nogood_core': 1} remaining=176
[clean-BPC  3300.80s] node 81 cg=3 phase=phase2 obj=245.050619 artificial=0.0 cols=2862
[clean-BPC  3304.76s] node 81 cg=3 phase=phase2 kind=heuristic best_rc=0.21902344 found=0 added=0 exhausted=False cert=False
[clean-BPC  3311.68s] node 81 cg=3 phase=phase2 kind=heuristic_boost best_rc=0.21902344 found=0 added=0 exhausted=True cert=True
[clean-BPC  3313.96s] branch node 81: left=arc(8,18)=off right=arc(8,18)=on
[clean-BPC  3313.96s] node 91 d=9 lb=245.050619 open=45
[clean-BPC  3314.23s] node 91 cg=1 phase=phase1 obj=0.0 artificial=0.0 cols=2862
[clean-BPC  3314.50s] node 91 cg=2 phase=phase2 obj=245.050619 artificial=0.0 cols=2862
[clean-BPC  3314.50s] cut_purged node=91 removed=1 by_kind={'schedule_nogood_core': 1} remaining=175
[clean-BPC  3314.78s] node 91 cg=3 phase=phase2 obj=245.050619 artificial=0.0 cols=2862
[clean-BPC  3318.79s] node 91 cg=3 phase=phase2 kind=heuristic best_rc=0.023356 found=0 added=0 exhausted=False cert=False
[clean-BPC  3325.54s] node 91 cg=3 phase=phase2 kind=heuristic_boost best_rc=0.023356 found=0 added=0 exhausted=True cert=True
[clean-BPC  3325.55s] route-pack-conflict diag node 91 source_vehicle=1 routes=5 U=4 complete=True cache_hit=True states=105 added=0
[clean-BPC  3326.02s] cut_added family=schedule_nogood_core node=91 added=1 source_vehicle=1 route_count=3 signatures=[[1, 5, 2], [3, 17, 19, 9, 4], [20, 18, 8, 6]]
[clean-BPC  3326.02s] node 92 d=9 lb=245.050619 open=45
[clean-BPC  3326.28s] node 92 cg=1 phase=phase1 obj=0.0 artificial=0.0 cols=2862
[clean-BPC  3326.56s] node 92 cg=2 phase=phase2 obj=245.115903 artificial=0.0 cols=2862
[clean-BPC  3330.79s] node 92 cg=2 phase=phase2 kind=heuristic best_rc=-0.189566326 found=1 added=1 exhausted=False cert=False
[clean-BPC  3331.08s] node 92 cg=3 phase=phase2 obj=245.115903 artificial=0.0 cols=2863
[clean-BPC  3335.42s] node 92 cg=3 phase=phase2 kind=heuristic best_rc=0.287329 found=0 added=0 exhausted=False cert=False
[clean-BPC  3344.83s] node 92 cg=3 phase=phase2 kind=heuristic_boost best_rc=0.212550197 found=0 added=0 exhausted=True cert=True
[clean-BPC  3348.07s] branch node 92: left=RF(7,16)=separate right=RF(7,16)=same
[clean-BPC  3348.07s] node 91 d=9 lb=245.050619 open=46
[clean-BPC  3348.34s] node 91 cg=1 phase=phase1 obj=0.0 artificial=0.0 cols=2863
[clean-BPC  3348.60s] node 91 cg=2 phase=phase2 obj=245.069997 artificial=0.0 cols=2863
[clean-BPC  3348.60s] cut_purged node=91 removed=1 by_kind={'schedule_nogood_core': 1} remaining=175
[clean-BPC  3348.88s] node 91 cg=3 phase=phase2 obj=245.069997 artificial=0.0 cols=2863
[clean-BPC  3352.80s] node 91 cg=3 phase=phase2 kind=heuristic best_rc=0.106068656 found=0 added=0 exhausted=False cert=False
[clean-BPC  3359.69s] node 91 cg=3 phase=phase2 kind=heuristic_boost best_rc=0.106068656 found=0 added=0 exhausted=True cert=True
[clean-BPC  3362.83s] branch node 91: left=RF(3,11)=separate right=RF(3,11)=same
[clean-BPC  3362.83s] node 82 d=8 lb=245.050619 open=47
[clean-BPC  3363.00s] node 82 cg=1 phase=phase1 obj=0.0 artificial=0.0 cols=2863
[clean-BPC  3363.16s] node 82 cg=2 phase=phase2 obj=245.050619 artificial=0.0 cols=2863
[clean-BPC  3366.12s] node 82 cg=2 phase=phase2 kind=heuristic best_rc=0.0 found=0 added=0 exhausted=False cert=False
[clean-BPC  3372.26s] node 82 cg=2 phase=phase2 kind=heuristic_boost best_rc=0.0 found=0 added=0 exhausted=True cert=True
[clean-BPC  3372.27s] route-pack-conflict diag node 82 source_vehicle=1 routes=5 U=4 complete=True cache_hit=True states=105 added=0
[clean-BPC  3372.73s] cut_added family=schedule_nogood_core node=82 added=1 source_vehicle=1 route_count=3 signatures=[[1, 5, 2], [6, 17, 19, 9, 4], [3, 8, 18, 20]]
[clean-BPC  3372.73s] node 87 d=8 lb=245.050619 open=47
[clean-BPC  3373.02s] node 87 cg=1 phase=phase1 obj=0.0 artificial=0.0 cols=2863
[clean-BPC  3373.34s] node 87 cg=2 phase=phase2 obj=245.050619 artificial=0.0 cols=2863
[clean-BPC  3377.40s] node 87 cg=2 phase=phase2 kind=heuristic best_rc=0.208728 found=0 added=0 exhausted=False cert=False
[clean-BPC  3385.17s] node 87 cg=2 phase=phase2 kind=heuristic_boost best_rc=-0.53095985 found=4 added=4 exhausted=True cert=True
[clean-BPC  3385.47s] node 87 cg=3 phase=phase2 obj=245.050619 artificial=0.0 cols=2867
[clean-BPC  3389.17s] node 87 cg=3 phase=phase2 kind=heuristic best_rc=0.140226915 found=0 added=0 exhausted=False cert=False
[clean-BPC  3395.89s] node 87 cg=3 phase=phase2 kind=heuristic_boost best_rc=-0.360224432 found=1 added=1 exhausted=True cert=True
[clean-BPC  3396.20s] node 87 cg=4 phase=phase2 obj=245.050619 artificial=0.0 cols=2868
[clean-BPC  3399.95s] node 87 cg=4 phase=phase2 kind=heuristic best_rc=0.143838 found=0 added=0 exhausted=False cert=False
[clean-BPC  3407.10s] node 87 cg=4 phase=phase2 kind=heuristic_boost best_rc=0.143838 found=0 added=0 exhausted=True cert=True
[clean-BPC  3407.10s] route-pack-conflict diag node 87 source_vehicle=1 routes=5 U=4 complete=True cache_hit=True states=110 added=0
[clean-BPC  3408.68s] cut_added family=schedule_nogood_core node=87 added=1 source_vehicle=1 route_count=4 signatures=[[2, 5, 1], [3, 17, 19, 9, 4], [6, 8, 18, 20], [7, 16, 12, 15, 10]]
[clean-BPC  3408.69s] node 87 d=8 lb=245.050619 open=47
[clean-BPC  3408.98s] node 87 cg=1 phase=phase1 obj=0.0 artificial=0.0 cols=2868
[clean-BPC  3409.29s] node 87 cg=2 phase=phase2 obj=245.050619 artificial=0.0 cols=2868
[clean-BPC  3413.01s] node 87 cg=2 phase=phase2 kind=heuristic best_rc=0.143838 found=0 added=0 exhausted=False cert=False
[clean-BPC  3420.25s] node 87 cg=2 phase=phase2 kind=heuristic_boost best_rc=0.143838 found=0 added=0 exhausted=True cert=True
[clean-BPC  3420.26s] route-pack-conflict diag node 87 source_vehicle=1 routes=5 U=4 complete=True cache_hit=False states=104 added=0
[clean-BPC  3421.80s] cut_added family=schedule_nogood_core node=87 added=2 source_vehicle=1 route_count=4 signatures=[[2, 5, 1], [3, 17, 19, 9, 4], [6, 8, 18, 20], [10, 15, 12, 16, 7]]
[clean-BPC  3421.80s] node 87 d=8 lb=245.050619 open=47
[clean-BPC  3422.09s] node 87 cg=1 phase=phase1 obj=0.0 artificial=0.0 cols=2868
[clean-BPC  3422.38s] node 87 cg=2 phase=phase2 obj=245.230341 artificial=0.0 cols=2868
[clean-BPC  3426.15s] node 87 cg=2 phase=phase2 kind=heuristic best_rc=0.304996 found=0 added=0 exhausted=False cert=False
[clean-BPC  3433.27s] node 87 cg=2 phase=phase2 kind=heuristic_boost best_rc=0.304996 found=0 added=0 exhausted=True cert=True
[clean-BPC  3436.03s] branch node 87: left=RF(3,17)=separate right=RF(3,17)=same
[clean-BPC  3436.03s] node 82 d=8 lb=245.050619 open=48
[clean-BPC  3436.20s] node 82 cg=1 phase=phase1 obj=0.0 artificial=0.0 cols=2868
[clean-BPC  3436.36s] node 82 cg=2 phase=phase2 obj=245.050619 artificial=0.0 cols=2868
[clean-BPC  3439.29s] node 82 cg=2 phase=phase2 kind=heuristic best_rc=0.0 found=0 added=0 exhausted=False cert=False
[clean-BPC  3445.44s] node 82 cg=2 phase=phase2 kind=heuristic_boost best_rc=0.0 found=0 added=0 exhausted=True cert=True
[clean-BPC  3445.46s] route-pack-conflict diag node 82 source_vehicle=1 routes=5 U=4 complete=True cache_hit=False states=97 added=0
[clean-BPC  3445.92s] cut_added family=schedule_nogood_core node=82 added=2 source_vehicle=1 route_count=3 signatures=[[1, 5, 2], [6, 17, 19, 9, 4], [20, 18, 8, 3]]
[clean-BPC  3445.93s] node 82 d=8 lb=245.050619 open=48
[clean-BPC  3446.08s] node 82 cg=1 phase=phase1 obj=0.0 artificial=0.0 cols=2868
[clean-BPC  3446.26s] node 82 cg=2 phase=phase2 obj=245.290248 artificial=0.0 cols=2868
[clean-BPC  3446.26s] cut_purged node=82 removed=1 by_kind={'schedule_nogood_core': 1} remaining=180
[clean-BPC  3446.41s] node 82 cg=3 phase=phase2 obj=245.290248 artificial=0.0 cols=2868
[clean-BPC  3449.23s] node 82 cg=3 phase=phase2 kind=heuristic best_rc=-0.974018 found=3 added=3 exhausted=False cert=False
[clean-BPC  3449.39s] node 82 cg=4 phase=phase2 obj=245.290248 artificial=0.0 cols=2871
[clean-BPC  3452.49s] node 82 cg=4 phase=phase2 kind=heuristic best_rc=0.100252 found=0 added=0 exhausted=False cert=False
[clean-BPC  3458.99s] node 82 cg=4 phase=phase2 kind=heuristic_boost best_rc=0.100252 found=0 added=0 exhausted=True cert=True
[clean-BPC  3460.05s] branch node 82: left=RF(4,6)=separate right=RF(4,6)=same
[clean-BPC  3460.05s] node 68 d=7 lb=245.050619 open=49
[clean-BPC  3460.44s] node 68 cg=1 phase=phase1 obj=0.0 artificial=0.0 cols=2871
[clean-BPC  3460.82s] node 68 cg=2 phase=phase2 obj=245.050619 artificial=0.0 cols=2871
[clean-BPC  3464.86s] node 68 cg=2 phase=phase2 kind=heuristic best_rc=0.304996 found=0 added=0 exhausted=False cert=False
[clean-BPC  3473.61s] node 68 cg=2 phase=phase2 kind=heuristic_boost best_rc=0.121003 found=0 added=0 exhausted=True cert=True
[clean-BPC  3473.62s] route-pack-conflict diag node 68 source_vehicle=1 routes=5 U=4 complete=True cache_hit=False states=90 added=0
[clean-BPC  3474.98s] cut_added family=schedule_nogood_core node=68 added=1 source_vehicle=1 route_count=3 signatures=[[3, 17, 19, 9, 4], [20, 18, 8, 6], [10, 15, 12, 16, 7]]
[clean-BPC  3474.98s] node 68 d=7 lb=245.050619 open=49
[clean-BPC  3475.37s] node 68 cg=1 phase=phase1 obj=0.0 artificial=0.0 cols=2871
[clean-BPC  3475.75s] node 68 cg=2 phase=phase2 obj=245.050619 artificial=0.0 cols=2871
[clean-BPC  3475.75s] cut_purged node=68 removed=1 by_kind={'schedule_nogood_core': 1} remaining=180
[clean-BPC  3476.14s] node 68 cg=3 phase=phase2 obj=245.050619 artificial=0.0 cols=2871
[clean-BPC  3476.14s] cut_purged node=68 removed=1 by_kind={'schedule_nogood_core': 1} remaining=179
[clean-BPC  3476.52s] node 68 cg=4 phase=phase2 obj=245.050619 artificial=0.0 cols=2871
[clean-BPC  3476.52s] cut_purged node=68 removed=1 by_kind={'schedule_nogood_core': 1} remaining=178
[clean-BPC  3476.89s] node 68 cg=5 phase=phase2 obj=245.050619 artificial=0.0 cols=2871
[clean-BPC  3481.03s] node 68 cg=5 phase=phase2 kind=heuristic best_rc=0.304996 found=0 added=0 exhausted=False cert=False
[clean-BPC  3489.72s] node 68 cg=5 phase=phase2 kind=heuristic_boost best_rc=0.017383667 found=0 added=0 exhausted=True cert=True
[clean-BPC  3491.84s] branch node 68: left=RF(3,17)=separate right=RF(3,17)=same
[clean-BPC  3491.84s] node 101 d=8 lb=245.050619 open=50
[clean-BPC  3492.16s] node 101 cg=1 phase=phase1 obj=0.0 artificial=0.0 cols=2871
[clean-BPC  3492.49s] node 101 cg=2 phase=phase2 obj=245.050619 artificial=0.0 cols=2871
[clean-BPC  3496.47s] node 101 cg=2 phase=phase2 kind=heuristic best_rc=0.304996 found=0 added=0 exhausted=False cert=False
[clean-BPC  3504.70s] node 101 cg=2 phase=phase2 kind=heuristic_boost best_rc=0.304996 found=0 added=0 exhausted=True cert=True
[clean-BPC  3504.70s] route-pack-conflict diag node 101 source_vehicle=1 routes=5 U=4 complete=True cache_hit=True states=88 added=0
[clean-BPC  3505.16s] cut_added family=schedule_nogood_core node=101 added=1 source_vehicle=1 route_count=3 signatures=[[2, 5, 1], [6, 17, 19, 9, 4], [20, 18, 8, 3]]
[clean-BPC  3505.16s] node 102 d=8 lb=245.050619 open=50
[clean-BPC  3505.34s] node 102 cg=1 phase=phase1 obj=0.0 artificial=0.0 cols=2871
[clean-BPC  3505.54s] node 102 cg=2 phase=phase2 obj=245.050619 artificial=0.0 cols=2871
[clean-BPC  3508.42s] node 102 cg=2 phase=phase2 kind=heuristic best_rc=0.0 found=0 added=0 exhausted=False cert=False
[clean-BPC  3517.74s] node 102 cg=2 phase=phase2 kind=heuristic_boost best_rc=-1.0208266 found=8 added=8 exhausted=True cert=True
[clean-BPC  3517.94s] node 102 cg=3 phase=phase2 obj=245.050619 artificial=0.0 cols=2879
[clean-BPC  3517.94s] cut_purged node=102 removed=1 by_kind={'schedule_nogood_core': 1} remaining=178
[clean-BPC  3518.13s] node 102 cg=4 phase=phase2 obj=245.050619 artificial=0.0 cols=2879
[clean-BPC  3518.13s] cut_purged node=102 removed=1 by_kind={'schedule_nogood_core': 1} remaining=177
[clean-BPC  3518.33s] node 102 cg=5 phase=phase2 obj=245.050619 artificial=0.0 cols=2879
[clean-BPC  3521.08s] node 102 cg=5 phase=phase2 kind=heuristic best_rc=0.208728 found=0 added=0 exhausted=False cert=False
[clean-BPC  3527.56s] node 102 cg=5 phase=phase2 kind=heuristic_boost best_rc=-0.157364476 found=2 added=2 exhausted=True cert=True
[clean-BPC  3527.76s] node 102 cg=6 phase=phase2 obj=245.050619 artificial=0.0 cols=2881
[clean-BPC  3530.57s] node 102 cg=6 phase=phase2 kind=heuristic best_rc=0.0 found=0 added=0 exhausted=False cert=False
[clean-BPC  3537.29s] node 102 cg=6 phase=phase2 kind=heuristic_boost best_rc=0.0 found=0 added=0 exhausted=True cert=True
[clean-BPC  3537.29s] route-pack-conflict diag node 102 source_vehicle=1 routes=5 U=4 complete=True cache_hit=False states=97 added=0
[clean-BPC  3537.76s] cut_added family=schedule_nogood_core node=102 added=1 source_vehicle=1 route_count=3 signatures=[[2, 5, 1], [3, 17, 19, 9, 4], [20, 18, 8, 6]]
[clean-BPC  3537.76s] node 101 d=8 lb=245.050619 open=50
[clean-BPC  3538.07s] node 101 cg=1 phase=phase1 obj=0.0 artificial=0.0 cols=2881
[clean-BPC  3538.40s] node 101 cg=2 phase=phase2 obj=245.410063 artificial=0.0 cols=2881
[clean-BPC  3542.54s] node 101 cg=2 phase=phase2 kind=heuristic best_rc=0.304996 found=0 added=0 exhausted=False cert=False
[clean-BPC  3551.13s] node 101 cg=2 phase=phase2 kind=heuristic_boost best_rc=0.0 found=0 added=0 exhausted=True cert=True
[clean-BPC  3553.46s] branch node 101: left=RF(3,6)=separate right=RF(3,6)=same
[clean-BPC  3553.46s] node 102 d=8 lb=245.050619 open=51
[clean-BPC  3553.64s] node 102 cg=1 phase=phase1 obj=0.0 artificial=0.0 cols=2881
[clean-BPC  3553.84s] node 102 cg=2 phase=phase2 obj=245.969658 artificial=0.0 cols=2881
[clean-BPC  3556.66s] node 102 cg=2 phase=phase2 kind=heuristic best_rc=0.2290945 found=0 added=0 exhausted=False cert=False
[clean-BPC  3563.96s] node 102 cg=2 phase=phase2 kind=heuristic_boost best_rc=-0.05966875 found=2 added=2 exhausted=True cert=True
[clean-BPC  3564.15s] node 102 cg=3 phase=phase2 obj=245.969658 artificial=0.0 cols=2883
[clean-BPC  3564.15s] cut_purged node=102 removed=1 by_kind={'schedule_nogood_core': 1} remaining=177
[clean-BPC  3564.35s] node 102 cg=4 phase=phase2 obj=245.969658 artificial=0.0 cols=2883
[clean-BPC  3567.04s] node 102 cg=4 phase=phase2 kind=heuristic best_rc=0.219864 found=0 added=0 exhausted=False cert=False
[clean-BPC  3573.46s] node 102 cg=4 phase=phase2 kind=heuristic_boost best_rc=-1.5956375 found=3 added=3 exhausted=True cert=True
[clean-BPC  3573.66s] node 102 cg=5 phase=phase2 obj=245.969658 artificial=0.0 cols=2886
[clean-BPC  3576.55s] node 102 cg=5 phase=phase2 kind=heuristic best_rc=0.287329 found=0 added=0 exhausted=False cert=False
[clean-BPC  3584.09s] node 102 cg=5 phase=phase2 kind=heuristic_boost best_rc=0.287329 found=0 added=0 exhausted=True cert=True
[clean-BPC  3584.10s] route-pack-conflict diag node 102 source_vehicle=1 routes=5 U=4 complete=True cache_hit=False states=106 added=0
[clean-BPC  3584.56s] cut_added family=schedule_nogood_core node=102 added=2 source_vehicle=1 route_count=3 signatures=[[1, 2, 5], [3, 17, 19, 9, 4], [20, 18, 8, 6]]
[clean-BPC  3584.56s] node 96 d=10 lb=245.069997 open=51
[clean-BPC  3584.72s] node 96 cg=1 phase=phase1 obj=0.0 artificial=0.0 cols=2886
[clean-BPC  3584.86s] node 96 cg=2 phase=phase2 obj=246.349101 artificial=0.0 cols=2886
[clean-BPC  3588.01s] node 96 cg=2 phase=phase2 kind=heuristic best_rc=-3.659173 found=82 added=82 exhausted=False cert=False
[clean-BPC  3588.16s] node 96 cg=3 phase=phase2 obj=246.245775 artificial=0.0 cols=2968
[clean-BPC  3591.25s] node 96 cg=3 phase=phase2 kind=heuristic best_rc=0.0 found=0 added=0 exhausted=False cert=False
[clean-BPC  3597.41s] node 96 cg=3 phase=phase2 kind=heuristic_boost best_rc=0.0 found=0 added=0 exhausted=True cert=True
[clean-BPC  3599.17s] branch node 96: left=RF(7,16)=separate right=RF(7,16)=same
[clean-BPC  3599.17s] node 95 d=10 lb=245.069997 open=52
[clean-BPC  3599.44s] node 95 cg=1 phase=phase1 obj=0.0 artificial=0.0 cols=2968
[clean-BPC  3599.72s] node 95 cg=2 phase=phase2 obj=245.050619 artificial=0.0 cols=2968
[clean-BPC  3603.45s] node 95 cg=2 phase=phase2 kind=heuristic best_rc=0.016119552 found=0 added=0 exhausted=False cert=False
[clean-BPC  3609.90s] node 95 cg=2 phase=phase2 kind=heuristic_boost best_rc=0.016119552 found=0 added=0 exhausted=True cert=True
[clean-BPC  3609.90s] fathom node 95: reason=time_limit_after_node_certificate bound=245.050619
[clean-BPC  3609.90s] finish status=TIME_LIMIT primal=260.779456 dual=None gap=None cuts=179 diag_dual=245.050619 diag_gap=0.060315 crossing=10 crossing_upgraded=0 subset_row=32 lm_rank1=19 sched_cost=0 pair=7 clique=7 route_pack=109 nogood=70 sched_cap=0 sched_pack_adapt=0/0 route_enum_adapt=0/0
bench_20_05: status=TIME_LIMIT, primal=260.779456, dual=None, gap=None, diag_dual=245.050619, diag_gap=0.060315, time=3609.904209s, nodes=120, rmp=431, pricing=452, routes=2968, cuts=179, crossing=10, crossing_upgraded=0, rci=10, kpath=0, pair=7, subset_row=32, lm_rank1=19, sched_cost=0, clique=7, route_pack=109, nogood=70, sched_cap=0, fleet_lb=0/0, fleet_oracle_U=None, fleet_oracle_states=0, fleet_oracle_exact=False, rim_calls=20, rim_feasible=0, rim_rejected=386, rim_pair=6, rim_route_pack=620, rim_ng=116, rim_sched_cap=0, sched_pack_status=None, sched_pack_obj=None, sched_pack_gap_root=None, sched_pack_cols=0, sched_pack_relax_calls=0, sched_pack_relax_best=None, sched_pack_full_exact=0, sched_pack_adapt=0/0, sched_pack_adapt_skip=0, route_enum_adapt=0/0, route_enum_adapt_skip=0, cuts_purged=75, branch_test_time=175.64376s
开始 clean BPC: instance=bench_20_06, tasks=20, vehicles=2, time_limit=3600s, max_nodes=100000, log=/home/kai/work/gnn_bb/branchpricecut/results/logs/20260522_bpc_clean_fleetlb_budget_long_20_regression/bench_20_06.jsonl
[clean-BPC     0.00s] incumbent node 0: obj=261.707205
[clean-BPC     3.66s] incumbent node 0: obj=235.004178
[clean-BPC     9.08s] start: {'time': 9.078171, 'event': 'start', 'instance': 'bench_20_06', 'tasks': 20, 'vehicles': 2, 'initial_routes': 30, 'initial_incumbent': 235.004178, 'task_vehicle_linking_enabled': True, 'schedule_capacity_cuts_enabled': True, 'schedule_capacity_separation_enabled': False, 'fleet_lower_bound_cuts_enabled': True, 'fleet_lower_bound_oracle_max_states': 500000, 'schedule_pack_diagnostic_enabled': False, 'schedule_pack_relaxation_enabled': False, 'schedule_pack_full_pricing_enabled': False, 'schedule_pack_adaptive_enabled': False, 'route_enumeration_adaptive_enabled': False}
[clean-BPC     9.08s] node 0 d=0 lb=0.0 open=0
[clean-BPC     9.08s] node 0 cg=1 phase=phase1 obj=0.0 artificial=0.0 cols=30
[clean-BPC     9.08s] node 0 cg=2 phase=phase2 obj=235.004178 artificial=0.0 cols=30
[clean-BPC    14.28s] node 0 cg=2 phase=phase2 kind=heuristic best_rc=-27.139344 found=95887 added=600 exhausted=False cert=False
[clean-BPC    14.31s] node 0 cg=3 phase=phase2 obj=235.004178 artificial=0.0 cols=630
[clean-BPC    17.72s] node 0 cg=3 phase=phase2 kind=heuristic best_rc=-14.0417275 found=23885 added=600 exhausted=False cert=False
[clean-BPC    17.76s] node 0 cg=4 phase=phase2 obj=228.919792 artificial=0.0 cols=1230
[clean-BPC    20.67s] node 0 cg=4 phase=phase2 kind=heuristic best_rc=-5.837198333 found=962 added=600 exhausted=False cert=False
[clean-BPC    20.75s] node 0 cg=5 phase=phase2 obj=226.338127 artificial=0.0 cols=1830
[clean-BPC    23.68s] node 0 cg=5 phase=phase2 kind=heuristic best_rc=-2.680766667 found=140 added=140 exhausted=False cert=False
[clean-BPC    23.75s] node 0 cg=6 phase=phase2 obj=225.719982 artificial=0.0 cols=1970
[clean-BPC    26.73s] node 0 cg=6 phase=phase2 kind=heuristic best_rc=-0.444367 found=10 added=10 exhausted=False cert=False
[clean-BPC    26.80s] node 0 cg=7 phase=phase2 obj=225.719982 artificial=0.0 cols=1980
[clean-BPC    29.79s] node 0 cg=7 phase=phase2 kind=heuristic best_rc=-0.078774 found=2 added=2 exhausted=False cert=False
[clean-BPC    29.87s] node 0 cg=8 phase=phase2 obj=225.719982 artificial=0.0 cols=1982
[clean-BPC    32.82s] node 0 cg=8 phase=phase2 kind=heuristic best_rc=0.0 found=0 added=0 exhausted=False cert=False
[clean-BPC    39.19s] node 0 cg=8 phase=phase2 kind=exact best_rc=0.0 found=0 added=0 exhausted=True cert=True
[clean-BPC    40.49s] cut_added family=crossing_cut node=0 added=2 upgraded=0 first={'id': 0, 'tasks': [16, 17, 19, 20], 'demand': 10.0, 'capacity_bound': 2, 'resource_bound': 1, 'k_bound': 2, 'rhs': 4.0, 'source': 'capacity', 'violation': 0.666666667, 'action': 'add'}
[clean-BPC    40.59s] node 0 cg=9 phase=phase2 obj=226.056711 artificial=0.0 cols=1982
[clean-BPC    43.93s] node 0 cg=9 phase=phase2 kind=heuristic best_rc=-5.445142667 found=1069 added=600 exhausted=False cert=False
[clean-BPC    44.06s] node 0 cg=10 phase=phase2 obj=226.056711 artificial=0.0 cols=2582
[clean-BPC    47.49s] node 0 cg=10 phase=phase2 kind=heuristic best_rc=-0.200707667 found=4 added=4 exhausted=False cert=False
[clean-BPC    47.62s] node 0 cg=11 phase=phase2 obj=226.056711 artificial=0.0 cols=2586
[clean-BPC    51.10s] node 0 cg=11 phase=phase2 kind=heuristic best_rc=0.0 found=0 added=0 exhausted=False cert=False
[clean-BPC    59.78s] node 0 cg=11 phase=phase2 kind=exact best_rc=0.0 found=0 added=0 exhausted=True cert=True
[clean-BPC    60.46s] cut_added family=crossing_cut node=0 added=5 upgraded=0 first={'id': 2, 'tasks': [2, 5, 8, 14], 'demand': 12.0, 'capacity_bound': 2, 'resource_bound': 1, 'k_bound': 2, 'rhs': 4.0, 'source': 'capacity', 'violation': 0.666666667, 'action': 'add'}
[clean-BPC    60.62s] node 0 cg=12 phase=phase2 obj=226.363568 artificial=0.0 cols=2586
[clean-BPC    64.13s] node 0 cg=12 phase=phase2 kind=heuristic best_rc=-1.387888583 found=16 added=16 exhausted=False cert=False
[clean-BPC    64.29s] node 0 cg=13 phase=phase2 obj=226.347161 artificial=0.0 cols=2602
[clean-BPC    67.90s] node 0 cg=13 phase=phase2 kind=heuristic best_rc=-0.0 found=0 added=0 exhausted=False cert=False
[clean-BPC    76.85s] node 0 cg=13 phase=phase2 kind=exact best_rc=-0.0 found=0 added=0 exhausted=True cert=True
[clean-BPC    77.73s] cut_added family=crossing_cut node=0 added=6 upgraded=0 first={'id': 7, 'tasks': [2, 5, 7, 14], 'demand': 11.0, 'capacity_bound': 2, 'resource_bound': 1, 'k_bound': 2, 'rhs': 4.0, 'source': 'capacity', 'violation': 0.333333333, 'action': 'add'}
[clean-BPC    77.94s] node 0 cg=14 phase=phase2 obj=226.472968 artificial=0.0 cols=2602
[clean-BPC    82.04s] node 0 cg=14 phase=phase2 kind=heuristic best_rc=-0.0 found=0 added=0 exhausted=False cert=False
[clean-BPC    95.36s] node 0 cg=14 phase=phase2 kind=exact best_rc=-0.0 found=0 added=0 exhausted=True cert=True
[clean-BPC    95.37s] subset-row diag node 0 round=1 cand=164 k=2 dup=0 not_viol=325 violated=3 added=3 max_viol=0.16666666666666674
[clean-BPC    95.37s] cut_added family=subset_row node=0 added=3 first(|S|=5, k=3, viol=0.166666667)
[clean-BPC    95.59s] node 0 cg=15 phase=phase2 obj=226.707379 artificial=0.0 cols=2602
[clean-BPC    99.65s] node 0 cg=15 phase=phase2 kind=heuristic best_rc=-0.009133 found=2 added=2 exhausted=False cert=False
[clean-BPC    99.87s] node 0 cg=16 phase=phase2 obj=226.707379 artificial=0.0 cols=2604
[clean-BPC   103.96s] node 0 cg=16 phase=phase2 kind=heuristic best_rc=0.0 found=0 added=0 exhausted=False cert=False
[clean-BPC   115.56s] node 0 cg=16 phase=phase2 kind=exact best_rc=-0.0 found=0 added=0 exhausted=True cert=True
[clean-BPC   115.57s] subset-row diag node 0 round=2 cand=250 k=2 dup=2 not_viol=490 violated=8 added=8 max_viol=0.25
[clean-BPC   115.57s] cut_added family=subset_row node=0 added=8 first(|S|=5, k=3, viol=0.25)
[clean-BPC   115.84s] node 0 cg=17 phase=phase2 obj=226.929624 artificial=0.0 cols=2604
[clean-BPC   119.96s] node 0 cg=17 phase=phase2 kind=heuristic best_rc=-0.466952 found=4 added=4 exhausted=False cert=False
[clean-BPC   120.23s] node 0 cg=18 phase=phase2 obj=226.929624 artificial=0.0 cols=2608
[clean-BPC   124.40s] node 0 cg=18 phase=phase2 kind=heuristic best_rc=0.0 found=0 added=0 exhausted=False cert=False
[clean-BPC   137.02s] node 0 cg=18 phase=phase2 kind=exact best_rc=0.0 found=0 added=0 exhausted=True cert=True
[clean-BPC   137.03s] subset-row diag node 0 round=3 cand=209 k=2 dup=7 not_viol=399 violated=12 added=12 max_viol=0.07692307692307665
[clean-BPC   137.03s] cut_added family=subset_row node=0 added=12 first(|S|=7, k=2, viol=0.076923077)
[clean-BPC   137.35s] node 0 cg=19 phase=phase2 obj=226.969238 artificial=0.0 cols=2608
[clean-BPC   141.61s] node 0 cg=19 phase=phase2 kind=heuristic best_rc=-0.5470485 found=23 added=23 exhausted=False cert=False
[clean-BPC   141.91s] node 0 cg=20 phase=phase2 obj=226.969238 artificial=0.0 cols=2631
[clean-BPC   146.16s] node 0 cg=20 phase=phase2 kind=heuristic best_rc=-0.3505045 found=14 added=14 exhausted=False cert=False
[clean-BPC   146.49s] node 0 cg=21 phase=phase2 obj=226.969238 artificial=0.0 cols=2645
[clean-BPC   150.96s] node 0 cg=21 phase=phase2 kind=heuristic best_rc=-0.4241845 found=8 added=8 exhausted=False cert=False
[clean-BPC   151.29s] node 0 cg=22 phase=phase2 obj=226.969238 artificial=0.0 cols=2653
[clean-BPC   155.41s] node 0 cg=22 phase=phase2 kind=heuristic best_rc=-0.152847 found=4 added=4 exhausted=False cert=False
[clean-BPC   155.73s] node 0 cg=23 phase=phase2 obj=226.969238 artificial=0.0 cols=2657
[clean-BPC   159.98s] node 0 cg=23 phase=phase2 kind=heuristic best_rc=-0.0 found=0 added=0 exhausted=False cert=False
[clean-BPC   173.47s] node 0 cg=23 phase=phase2 kind=exact best_rc=-0.0 found=0 added=0 exhausted=True cert=True
[clean-BPC   173.52s] lm-rank1 diag node 0 round=1 cand=148 denom=2 patterns=3237 dup=0 not_viol=3150 violated=24 added=20 max_viol=0.25
[clean-BPC   173.52s] cut_added family=limited_memory_rank1 node=0 added=20 first(|S|=7, d=3, mem=[4, 9, 16, 19], viol=0.25)
[clean-BPC   174.00s] node 0 cg=24 phase=phase2 obj=227.082326 artificial=0.0 cols=2657
[clean-BPC   179.36s] node 0 cg=24 phase=phase2 kind=heuristic best_rc=-0.156612 found=4 added=4 exhausted=False cert=False
[clean-BPC   179.83s] node 0 cg=25 phase=phase2 obj=227.082326 artificial=0.0 cols=2661
[clean-BPC   185.24s] node 0 cg=25 phase=phase2 kind=heuristic best_rc=-0.0 found=0 added=0 exhausted=False cert=False
[clean-BPC   198.42s] node 0 cg=25 phase=phase2 kind=exact best_rc=-0.066892 found=2 added=2 exhausted=True cert=True
[clean-BPC   198.89s] node 0 cg=26 phase=phase2 obj=227.082326 artificial=0.0 cols=2663
[clean-BPC   204.27s] node 0 cg=26 phase=phase2 kind=heuristic best_rc=-0.0 found=0 added=0 exhausted=False cert=False
[clean-BPC   219.88s] node 0 cg=26 phase=phase2 kind=exact best_rc=-0.0 found=0 added=0 exhausted=True cert=True
[clean-BPC   219.89s] lm-rank1 diag node 0 round=2 cand=39 denom=2 patterns=821 dup=0 not_viol=798 violated=0 added=0 max_viol=0.0
[clean-BPC   219.89s] route-pack diag node 0 round=1 vehicles=2/2 support_max=5 cand=14 oracle=14 incomplete=0 not_tight=8 not_viol=0 dup=0 violated=6 added=5 max_viol=0.5 states_max=110
[clean-BPC   219.89s] cut_added family=schedule_route_set_packing node=0 added=5 first(vehicle=1, routes=5, U=4, y=0.5, viol=0.5, states=110)
[clean-BPC   220.38s] node 0 cg=27 phase=phase2 obj=227.082326 artificial=0.0 cols=2663
[clean-BPC   225.91s] node 0 cg=27 phase=phase2 kind=heuristic best_rc=-0.0 found=0 added=0 exhausted=False cert=False
[clean-BPC   245.59s] node 0 cg=27 phase=phase2 kind=exact best_rc=-0.078285 found=6 added=6 exhausted=True cert=True
[clean-BPC   246.07s] node 0 cg=28 phase=phase2 obj=227.082326 artificial=0.0 cols=2669
[clean-BPC   251.18s] node 0 cg=28 phase=phase2 kind=heuristic best_rc=-0.351421667 found=6 added=6 exhausted=False cert=False
[clean-BPC   251.67s] node 0 cg=29 phase=phase2 obj=227.082326 artificial=0.0 cols=2675
[clean-BPC   257.11s] node 0 cg=29 phase=phase2 kind=heuristic best_rc=0.0 found=0 added=0 exhausted=False cert=False
[clean-BPC   273.05s] node 0 cg=29 phase=phase2 kind=exact best_rc=-0.0 found=0 added=0 exhausted=True cert=True
[clean-BPC   273.06s] lm-rank1 diag node 0 round=3 cand=39 denom=2 patterns=821 dup=0 not_viol=798 violated=0 added=0 max_viol=0.0
[clean-BPC   273.06s] route-pack diag node 0 round=2 vehicles=2/2 support_max=5 cand=14 oracle=14 incomplete=0 not_tight=8 not_viol=0 dup=0 violated=6 added=5 max_viol=0.5 states_max=110
[clean-BPC   273.06s] cut_added family=schedule_route_set_packing node=0 added=5 first(vehicle=1, routes=5, U=4, y=0.5, viol=0.5, states=98)
[clean-BPC   273.56s] node 0 cg=30 phase=phase2 obj=227.082326 artificial=0.0 cols=2675
[clean-BPC   279.28s] node 0 cg=30 phase=phase2 kind=heuristic best_rc=-0.0702334 found=2 added=2 exhausted=False cert=False
[clean-BPC   279.77s] node 0 cg=31 phase=phase2 obj=227.082326 artificial=0.0 cols=2677
[clean-BPC   285.37s] node 0 cg=31 phase=phase2 kind=heuristic best_rc=-0.068762 found=4 added=4 exhausted=False cert=False
[clean-BPC   285.86s] node 0 cg=32 phase=phase2 obj=227.082326 artificial=0.0 cols=2681
[clean-BPC   291.23s] node 0 cg=32 phase=phase2 kind=heuristic best_rc=-0.0 found=0 added=0 exhausted=False cert=False
[clean-BPC   308.47s] node 0 cg=32 phase=phase2 kind=exact best_rc=-0.0 found=0 added=0 exhausted=True cert=True
[clean-BPC   328.70s] route-pack-conflict diag node 0 source_vehicle=1 routes=5 U=3 complete=True cache_hit=False states=99 added=2
[clean-BPC   328.70s] cut_added family=schedule_route_set_packing node=0 added=2 source=schedule_conflict first(vehicle=1, routes=5, U=3, states=99, cache_hit=False)
[clean-BPC   328.71s] route-pack-conflict diag node 0 source_vehicle=1 routes=5 U=3 complete=True cache_hit=False states=107 added=2
[clean-BPC   328.71s] cut_added family=schedule_route_set_packing node=0 added=2 source=schedule_conflict first(vehicle=1, routes=5, U=3, states=107, cache_hit=False)
[clean-BPC   332.53s] cut_added family=schedule_pair_conflict node=0 added=2 source_vehicle=1 route_count=2 signatures=[[10, 12, 13, 11, 3], [17, 20, 18, 1]]
[clean-BPC   336.95s] cut_added family=schedule_pair_conflict node=0 added=2 source_vehicle=1 route_count=2 signatures=[[10, 12, 11, 13, 3], [17, 20, 18, 1]]
[clean-BPC   340.74s] rim-conflict diag node 0 conflicts=15 pair_events=2 pair_cuts=4 schedcap_events=0 schedcap_cuts=0 routepack_events=2 routepack_cuts=4 routepack_cache=0 routepack_states_max=107 routepack_budget_skip=11 nogood_events=0 nogood_cuts=0 weak_skip=11
[clean-BPC    20.22s] restricted-MIP node 0 status=TIME_LIMIT obj=None accepted=False routes=2681 rejected=15 pair=4 ng=10 route_pack=16 sched_cap=0 added_cuts=8 time=20.219138
[clean-BPC   340.74s] node 0 d=0 lb=227.082326 open=0
[clean-BPC   341.22s] node 0 cg=1 phase=phase1 obj=0.0 artificial=0.0 cols=2681
[clean-BPC   341.73s] node 0 cg=2 phase=phase2 obj=227.082326 artificial=0.0 cols=2681
[clean-BPC   347.26s] node 0 cg=2 phase=phase2 kind=heuristic best_rc=0.0 found=0 added=0 exhausted=False cert=False
[clean-BPC   366.35s] node 0 cg=2 phase=phase2 kind=exact best_rc=0.0 found=0 added=0 exhausted=True cert=True
[clean-BPC   386.95s] route-pack-conflict diag node 0 source_vehicle=1 routes=5 U=3 complete=True cache_hit=False states=95 added=2
[clean-BPC   386.95s] cut_added family=schedule_route_set_packing node=0 added=2 source=schedule_conflict first(vehicle=1, routes=5, U=3, states=95, cache_hit=False)
[clean-BPC   386.95s] route-pack-conflict diag node 0 source_vehicle=1 routes=5 U=3 complete=True cache_hit=False states=85 added=2
[clean-BPC   386.95s] cut_added family=schedule_route_set_packing node=0 added=2 source=schedule_conflict first(vehicle=1, routes=5, U=3, states=85, cache_hit=False)
[clean-BPC   387.95s] cut_added family=schedule_nogood_core node=0 added=1 source_vehicle=1 route_count=3 signatures=[[11, 13, 3], [1, 18, 20, 17], [9, 15, 19, 16, 4]]
[clean-BPC   399.09s] rim-conflict diag node 0 conflicts=14 pair_events=0 pair_cuts=0 schedcap_events=0 schedcap_cuts=0 routepack_events=2 routepack_cuts=4 routepack_cache=0 routepack_states_max=95 routepack_budget_skip=12 nogood_events=1 nogood_cuts=1 weak_skip=11
[clean-BPC    20.59s] restricted-MIP node 0 status=TIME_LIMIT obj=None accepted=False routes=2681 rejected=14 pair=0 ng=12 route_pack=16 sched_cap=0 added_cuts=5 time=20.590574
[clean-BPC   399.09s] node 0 d=0 lb=227.082326 open=0
[clean-BPC   399.58s] node 0 cg=1 phase=phase1 obj=0.0 artificial=0.0 cols=2681
[clean-BPC   400.09s] node 0 cg=2 phase=phase2 obj=227.082326 artificial=0.0 cols=2681
[clean-BPC   400.10s] cut_purged node=0 removed=1 by_kind={'crossing_cut': 1} remaining=78
[clean-BPC   400.60s] node 0 cg=3 phase=phase2 obj=227.082326 artificial=0.0 cols=2681
[clean-BPC   406.19s] node 0 cg=3 phase=phase2 kind=heuristic best_rc=-0.0 found=0 added=0 exhausted=False cert=False
[clean-BPC   423.44s] node 0 cg=3 phase=phase2 kind=exact best_rc=-0.0 found=0 added=0 exhausted=True cert=True
[clean-BPC   443.49s] route-pack-conflict diag node 0 source_vehicle=1 routes=5 U=3 complete=True cache_hit=False states=87 added=2
[clean-BPC   443.49s] cut_added family=schedule_route_set_packing node=0 added=2 source=schedule_conflict first(vehicle=1, routes=5, U=3, states=87, cache_hit=False)
[clean-BPC   443.49s] route-pack-conflict diag node 0 source_vehicle=1 routes=5 U=3 complete=True cache_hit=False states=97 added=2
[clean-BPC   443.49s] cut_added family=schedule_route_set_packing node=0 added=2 source=schedule_conflict first(vehicle=1, routes=5, U=3, states=97, cache_hit=False)
[clean-BPC   455.37s] rim-conflict diag node 0 conflicts=12 pair_events=0 pair_cuts=0 schedcap_events=0 schedcap_cuts=0 routepack_events=2 routepack_cuts=4 routepack_cache=0 routepack_states_max=97 routepack_budget_skip=10 nogood_events=0 nogood_cuts=0 weak_skip=10
[clean-BPC   455.37s] incumbent node 0: obj=227.363742
[clean-BPC    20.04s] restricted-MIP node 0 status=TIME_LIMIT obj=227.363742 accepted=True routes=2681 rejected=12 pair=0 ng=12 route_pack=12 sched_cap=0 added_cuts=4 time=20.036557
[clean-BPC   455.37s] node 0 d=0 lb=227.082326 open=0
[clean-BPC   455.85s] node 0 cg=1 phase=phase1 obj=0.0 artificial=0.0 cols=2681
[clean-BPC   456.37s] node 0 cg=2 phase=phase2 obj=227.082326 artificial=0.0 cols=2681
[clean-BPC   461.99s] node 0 cg=2 phase=phase2 kind=heuristic best_rc=-0.055942 found=3 added=3 exhausted=False cert=False
[clean-BPC   462.47s] node 0 cg=3 phase=phase2 obj=227.082326 artificial=0.0 cols=2684
[clean-BPC   467.86s] node 0 cg=3 phase=phase2 kind=heuristic best_rc=-0.05575075 found=4 added=4 exhausted=False cert=False
[clean-BPC   468.34s] node 0 cg=4 phase=phase2 obj=227.082326 artificial=0.0 cols=2688
[clean-BPC   473.97s] node 0 cg=4 phase=phase2 kind=heuristic best_rc=-0.0 found=0 added=0 exhausted=False cert=False
[clean-BPC   493.05s] node 0 cg=4 phase=phase2 kind=exact best_rc=-0.0 found=0 added=0 exhausted=True cert=True
[clean-BPC   513.07s] route-pack-conflict diag node 0 source_vehicle=1 routes=5 U=3 complete=True cache_hit=False states=101 added=2
[clean-BPC   513.07s] cut_added family=schedule_route_set_packing node=0 added=2 source=schedule_conflict first(vehicle=1, routes=5, U=3, states=101, cache_hit=False)
[clean-BPC   513.07s] route-pack-conflict diag node 0 source_vehicle=1 routes=5 U=4 complete=True cache_hit=False states=100 added=0
[clean-BPC   525.39s] rim-conflict diag node 0 conflicts=12 pair_events=0 pair_cuts=0 schedcap_events=0 schedcap_cuts=0 routepack_events=2 routepack_cuts=2 routepack_cache=0 routepack_states_max=101 routepack_budget_skip=10 nogood_events=0 nogood_cuts=0 weak_skip=11
[clean-BPC    20.02s] restricted-MIP node 0 status=TIME_LIMIT obj=None accepted=False routes=2688 rejected=12 pair=0 ng=14 route_pack=10 sched_cap=0 added_cuts=2 time=20.021178
[clean-BPC   525.39s] node 0 d=0 lb=227.082326 open=0
[clean-BPC   525.88s] node 0 cg=1 phase=phase1 obj=0.0 artificial=0.0 cols=2688
[clean-BPC   526.37s] node 0 cg=2 phase=phase2 obj=227.082326 artificial=0.0 cols=2688
[clean-BPC   532.26s] node 0 cg=2 phase=phase2 kind=heuristic best_rc=-0.0549365 found=2 added=2 exhausted=False cert=False
[clean-BPC   532.78s] node 0 cg=3 phase=phase2 obj=227.082326 artificial=0.0 cols=2690
[clean-BPC   538.03s] node 0 cg=3 phase=phase2 kind=heuristic best_rc=-0.193217 found=4 added=4 exhausted=False cert=False
[clean-BPC   538.53s] node 0 cg=4 phase=phase2 obj=227.082326 artificial=0.0 cols=2694
[clean-BPC   543.91s] node 0 cg=4 phase=phase2 kind=heuristic best_rc=-0.0 found=0 added=0 exhausted=False cert=False
[clean-BPC   560.76s] node 0 cg=4 phase=phase2 kind=exact best_rc=-0.0 found=0 added=0 exhausted=True cert=True
[clean-BPC   581.33s] route-pack-conflict diag node 0 source_vehicle=1 routes=5 U=4 complete=True cache_hit=False states=102 added=0
[clean-BPC   582.80s] route-pack-conflict diag node 0 source_vehicle=1 routes=5 U=4 complete=True cache_hit=True states=100 added=0
[clean-BPC   593.78s] rim-conflict diag node 0 conflicts=12 pair_events=0 pair_cuts=0 schedcap_events=0 schedcap_cuts=0 routepack_events=2 routepack_cuts=0 routepack_cache=1 routepack_states_max=102 routepack_budget_skip=10 nogood_events=0 nogood_cuts=0 weak_skip=12
[clean-BPC    20.56s] restricted-MIP node 0 status=TIME_LIMIT obj=None accepted=False routes=2694 rejected=12 pair=0 ng=16 route_pack=8 sched_cap=0 added_cuts=0 time=20.561226
[clean-BPC   604.46s] branch node 0: left=arc(19,16)=off right=arc(19,16)=on
[clean-BPC   604.46s] node 1 d=1 lb=227.082326 open=1
[clean-BPC   604.93s] node 1 cg=1 phase=phase1 obj=0.0 artificial=0.0 cols=2694
[clean-BPC   605.41s] node 1 cg=2 phase=phase2 obj=227.082326 artificial=0.0 cols=2694
[clean-BPC   611.13s] node 1 cg=2 phase=phase2 kind=heuristic best_rc=0.0 found=0 added=0 exhausted=False cert=False
[clean-BPC   629.15s] node 1 cg=2 phase=phase2 kind=heuristic_boost best_rc=0.0 found=0 added=0 exhausted=True cert=True
[clean-BPC   629.16s] route-pack diag node 1 round=1 vehicles=2/2 support_max=7 cand=18 oracle=18 incomplete=0 not_tight=9 not_viol=3 dup=0 violated=6 added=5 max_viol=0.5 states_max=428
[clean-BPC   629.16s] cut_added family=schedule_route_set_packing node=1 added=5 first(vehicle=1, routes=7, U=4, y=0.5, viol=0.5, states=428)
[clean-BPC   629.64s] node 1 cg=3 phase=phase2 obj=227.082326 artificial=0.0 cols=2694
[clean-BPC   635.04s] node 1 cg=3 phase=phase2 kind=heuristic best_rc=-0.0 found=0 added=0 exhausted=False cert=False
[clean-BPC   651.41s] node 1 cg=3 phase=phase2 kind=heuristic_boost best_rc=-0.0 found=0 added=0 exhausted=True cert=True
[clean-BPC   651.42s] route-pack diag node 1 round=2 vehicles=2/2 support_max=7 cand=23 oracle=23 incomplete=0 not_tight=11 not_viol=4 dup=0 violated=8 added=5 max_viol=0.5000000000000049 states_max=428
[clean-BPC   651.42s] cut_added family=schedule_route_set_packing node=1 added=5 first(vehicle=2, routes=5, U=3, y=0.5, viol=0.5, states=109)
[clean-BPC   651.93s] node 1 cg=4 phase=phase2 obj=227.09337 artificial=0.0 cols=2694
[clean-BPC   657.70s] node 1 cg=4 phase=phase2 kind=heuristic best_rc=-0.379663 found=5 added=5 exhausted=False cert=False
[clean-BPC   658.21s] node 1 cg=5 phase=phase2 obj=227.082326 artificial=0.0 cols=2699
[clean-BPC   663.50s] node 1 cg=5 phase=phase2 kind=heuristic best_rc=0.110911 found=0 added=0 exhausted=False cert=False
[clean-BPC   680.05s] node 1 cg=5 phase=phase2 kind=heuristic_boost best_rc=0.110911 found=0 added=0 exhausted=True cert=True
[clean-BPC   701.05s] route-pack-conflict diag node 1 source_vehicle=1 routes=5 U=4 complete=True cache_hit=False states=102 added=0
[clean-BPC   702.16s] cut_added family=schedule_nogood_core node=1 added=2 source_vehicle=1 route_count=4 signatures=[[1, 18, 20, 17], [8, 14, 10, 12], [4, 16, 19, 15, 9], [6, 7, 5, 2]]
[clean-BPC   702.16s] route-pack-conflict diag node 1 source_vehicle=1 routes=5 U=3 complete=True cache_hit=False states=105 added=2
[clean-BPC   702.16s] cut_added family=schedule_route_set_packing node=1 added=2 source=schedule_conflict first(vehicle=1, routes=5, U=3, states=105, cache_hit=False)
[clean-BPC   702.17s] cut_added family=schedule_pair_conflict node=1 added=2 source_vehicle=1 route_count=2 signatures=[[17, 20, 18, 1], [6, 7, 5, 2]]
[clean-BPC   716.58s] rim-conflict diag node 1 conflicts=14 pair_events=1 pair_cuts=2 schedcap_events=0 schedcap_cuts=0 routepack_events=2 routepack_cuts=2 routepack_cache=0 routepack_states_max=105 routepack_budget_skip=11 nogood_events=1 nogood_cuts=2 weak_skip=11
[clean-BPC    20.99s] restricted-MIP node 1 status=TIME_LIMIT obj=None accepted=False routes=2699 rejected=14 pair=2 ng=12 route_pack=14 sched_cap=0 added_cuts=6 time=20.990551
[clean-BPC   716.58s] node 1 d=1 lb=227.082326 open=1
[clean-BPC   717.06s] node 1 cg=1 phase=phase1 obj=0.0 artificial=0.0 cols=2699
[clean-BPC   717.57s] node 1 cg=2 phase=phase2 obj=227.082326 artificial=0.0 cols=2699
[clean-BPC   722.95s] node 1 cg=2 phase=phase2 kind=heuristic best_rc=0.072333 found=0 added=0 exhausted=False cert=False
[clean-BPC   739.20s] node 1 cg=2 phase=phase2 kind=heuristic_boost best_rc=0.072333 found=0 added=0 exhausted=True cert=True
[clean-BPC   760.37s] route-pack-conflict diag node 1 source_vehicle=1 routes=5 U=4 complete=True cache_hit=True states=100 added=0
[clean-BPC   761.86s] route-pack-conflict diag node 1 source_vehicle=1 routes=5 U=3 complete=True cache_hit=False states=111 added=2
[clean-BPC   761.86s] cut_added family=schedule_route_set_packing node=1 added=2 source=schedule_conflict first(vehicle=1, routes=5, U=3, states=111, cache_hit=False)
[clean-BPC   775.82s] rim-conflict diag node 1 conflicts=13 pair_events=0 pair_cuts=0 schedcap_events=0 schedcap_cuts=0 routepack_events=2 routepack_cuts=2 routepack_cache=1 routepack_states_max=111 routepack_budget_skip=11 nogood_events=0 nogood_cuts=0 weak_skip=12
[clean-BPC    21.17s] restricted-MIP node 1 status=TIME_LIMIT obj=None accepted=False routes=2699 rejected=13 pair=0 ng=12 route_pack=14 sched_cap=0 added_cuts=2 time=21.165026
[clean-BPC   775.82s] node 1 d=1 lb=227.082326 open=1
[clean-BPC   776.30s] node 1 cg=1 phase=phase1 obj=0.0 artificial=0.0 cols=2699
[clean-BPC   776.81s] node 1 cg=2 phase=phase2 obj=227.082326 artificial=0.0 cols=2699
[clean-BPC   782.30s] node 1 cg=2 phase=phase2 kind=heuristic best_rc=0.0 found=0 added=0 exhausted=False cert=False
[clean-BPC   799.32s] node 1 cg=2 phase=phase2 kind=heuristic_boost best_rc=0.0 found=0 added=0 exhausted=True cert=True
[clean-BPC   820.35s] route-pack-conflict diag node 1 source_vehicle=1 routes=5 U=3 complete=True cache_hit=False states=94 added=2
[clean-BPC   820.35s] cut_added family=schedule_route_set_packing node=1 added=2 source=schedule_conflict first(vehicle=1, routes=5, U=3, states=94, cache_hit=False)
[clean-BPC   820.35s] route-pack-conflict diag node 1 source_vehicle=1 routes=5 U=4 complete=True cache_hit=True states=100 added=0
[clean-BPC   831.55s] rim-conflict diag node 1 conflicts=11 pair_events=0 pair_cuts=0 schedcap_events=0 schedcap_cuts=0 routepack_events=2 routepack_cuts=2 routepack_cache=1 routepack_states_max=100 routepack_budget_skip=9 nogood_events=0 nogood_cuts=0 weak_skip=10
[clean-BPC    21.03s] restricted-MIP node 1 status=TIME_LIMIT obj=None accepted=False routes=2699 rejected=11 pair=0 ng=14 route_pack=8 sched_cap=0 added_cuts=2 time=21.028617
[clean-BPC   831.55s] node 1 d=1 lb=227.082326 open=1
[clean-BPC   832.02s] node 1 cg=1 phase=phase1 obj=0.0 artificial=0.0 cols=2699
[clean-BPC   832.52s] node 1 cg=2 phase=phase2 obj=227.082326 artificial=0.0 cols=2699
[clean-BPC   838.07s] node 1 cg=2 phase=phase2 kind=heuristic best_rc=0.0 found=0 added=0 exhausted=False cert=False
[clean-BPC   855.12s] node 1 cg=2 phase=phase2 kind=heuristic_boost best_rc=0.0 found=0 added=0 exhausted=True cert=True
[clean-BPC   875.98s] route-pack-conflict diag node 1 source_vehicle=1 routes=5 U=4 complete=True cache_hit=False states=105 added=0
[clean-BPC   876.64s] route-pack-conflict diag node 1 source_vehicle=1 routes=5 U=3 complete=True cache_hit=False states=99 added=2
[clean-BPC   876.64s] cut_added family=schedule_route_set_packing node=1 added=2 source=schedule_conflict first(vehicle=1, routes=5, U=3, states=99, cache_hit=False)
[clean-BPC   890.60s] rim-conflict diag node 1 conflicts=12 pair_events=0 pair_cuts=0 schedcap_events=0 schedcap_cuts=0 routepack_events=2 routepack_cuts=2 routepack_cache=0 routepack_states_max=105 routepack_budget_skip=10 nogood_events=0 nogood_cuts=0 weak_skip=11
[clean-BPC    20.86s] restricted-MIP node 1 status=TIME_LIMIT obj=None accepted=False routes=2699 rejected=12 pair=0 ng=12 route_pack=12 sched_cap=0 added_cuts=2 time=20.862748
[clean-BPC   890.60s] node 1 d=1 lb=227.082326 open=1
[clean-BPC   891.08s] node 1 cg=1 phase=phase1 obj=0.0 artificial=0.0 cols=2699
[clean-BPC   891.60s] node 1 cg=2 phase=phase2 obj=227.082326 artificial=0.0 cols=2699
[clean-BPC   897.13s] node 1 cg=2 phase=phase2 kind=heuristic best_rc=0.0 found=0 added=0 exhausted=False cert=False
[clean-BPC   914.20s] node 1 cg=2 phase=phase2 kind=heuristic_boost best_rc=0.0 found=0 added=0 exhausted=True cert=True
[clean-BPC   935.09s] route-pack-conflict diag node 1 source_vehicle=1 routes=5 U=4 complete=True cache_hit=True states=105 added=0
[clean-BPC   935.72s] route-pack-conflict diag node 1 source_vehicle=1 routes=5 U=3 complete=True cache_hit=False states=82 added=2
[clean-BPC   935.72s] cut_added family=schedule_route_set_packing node=1 added=2 source=schedule_conflict first(vehicle=1, routes=5, U=3, states=82, cache_hit=False)
[clean-BPC   947.73s] rim-conflict diag node 1 conflicts=12 pair_events=0 pair_cuts=0 schedcap_events=0 schedcap_cuts=0 routepack_events=2 routepack_cuts=2 routepack_cache=1 routepack_states_max=105 routepack_budget_skip=10 nogood_events=0 nogood_cuts=0 weak_skip=11
[clean-BPC    20.89s] restricted-MIP node 1 status=TIME_LIMIT obj=None accepted=False routes=2699 rejected=12 pair=0 ng=14 route_pack=10 sched_cap=0 added_cuts=2 time=20.889193
[clean-BPC   947.73s] node 1 d=1 lb=227.082326 open=1
[clean-BPC   948.21s] node 1 cg=1 phase=phase1 obj=0.0 artificial=0.0 cols=2699
[clean-BPC   948.72s] node 1 cg=2 phase=phase2 obj=227.082326 artificial=0.0 cols=2699
[clean-BPC   954.26s] node 1 cg=2 phase=phase2 kind=heuristic best_rc=0.0 found=0 added=0 exhausted=False cert=False
[clean-BPC   971.14s] node 1 cg=2 phase=phase2 kind=heuristic_boost best_rc=-0.0 found=0 added=0 exhausted=True cert=True
[clean-BPC   992.06s] route-pack-conflict diag node 1 source_vehicle=1 routes=5 U=4 complete=True cache_hit=True states=100 added=0
[clean-BPC   993.56s] route-pack-conflict diag node 1 source_vehicle=1 routes=5 U=4 complete=True cache_hit=True states=102 added=0
[clean-BPC  1007.21s] rim-conflict diag node 1 conflicts=12 pair_events=0 pair_cuts=0 schedcap_events=0 schedcap_cuts=0 routepack_events=2 routepack_cuts=0 routepack_cache=2 routepack_states_max=102 routepack_budget_skip=10 nogood_events=0 nogood_cuts=0 weak_skip=12
[clean-BPC    20.92s] restricted-MIP node 1 status=TIME_LIMIT obj=None accepted=False routes=2699 rejected=12 pair=0 ng=14 route_pack=10 sched_cap=0 added_cuts=0 time=20.916174
[clean-BPC  1013.66s] branch node 1: left=task_vehicle(10,2)=off right=task_vehicle(10,2)=on
[clean-BPC  1013.66s] node 3 d=2 lb=227.082326 open=2
[clean-BPC  1014.08s] node 3 cg=1 phase=phase1 obj=0.0 artificial=0.0 cols=2699
[clean-BPC  1014.51s] node 3 cg=2 phase=phase2 obj=227.082326 artificial=0.0 cols=2699
[clean-BPC  1019.97s] node 3 cg=2 phase=phase2 kind=heuristic best_rc=-0.206963333 found=2 added=2 exhausted=False cert=False
[clean-BPC  1020.41s] node 3 cg=3 phase=phase2 obj=227.082326 artificial=0.0 cols=2701
[clean-BPC  1025.85s] node 3 cg=3 phase=phase2 kind=heuristic best_rc=-0.0 found=0 added=0 exhausted=False cert=False
[clean-BPC  1040.23s] node 3 cg=3 phase=phase2 kind=heuristic_boost best_rc=-0.678697048 found=15 added=15 exhausted=True cert=True
[clean-BPC  1040.67s] node 3 cg=4 phase=phase2 obj=227.082326 artificial=0.0 cols=2716
[clean-BPC  1046.27s] node 3 cg=4 phase=phase2 kind=heuristic best_rc=-0.0 found=0 added=0 exhausted=False cert=False
[clean-BPC  1060.02s] node 3 cg=4 phase=phase2 kind=heuristic_boost best_rc=-0.9378125 found=20 added=20 exhausted=True cert=True
[clean-BPC  1060.48s] node 3 cg=5 phase=phase2 obj=227.082326 artificial=0.0 cols=2736
[clean-BPC  1065.96s] node 3 cg=5 phase=phase2 kind=heuristic best_rc=-0.3599528 found=8 added=8 exhausted=False cert=False
[clean-BPC  1066.40s] node 3 cg=6 phase=phase2 obj=227.082326 artificial=0.0 cols=2744
[clean-BPC  1071.72s] node 3 cg=6 phase=phase2 kind=heuristic best_rc=0.110911 found=0 added=0 exhausted=False cert=False
[clean-BPC  1084.36s] node 3 cg=6 phase=phase2 kind=heuristic_boost best_rc=-0.0 found=0 added=0 exhausted=True cert=True
[clean-BPC  1084.38s] route-pack diag node 3 round=1 vehicles=1/2 support_max=9 cand=19 oracle=19 incomplete=0 not_tight=4 not_viol=13 dup=0 violated=2 added=2 max_viol=1.0 states_max=1293
[clean-BPC  1084.38s] cut_added family=schedule_route_set_packing node=3 added=2 first(vehicle=1, routes=9, U=4, y=1.0, viol=1.0, states=1293)
[clean-BPC  1084.83s] node 3 cg=7 phase=phase2 obj=227.082326 artificial=0.0 cols=2744
[clean-BPC  1090.27s] node 3 cg=7 phase=phase2 kind=heuristic best_rc=0.079699 found=0 added=0 exhausted=False cert=False
[clean-BPC  1104.72s] node 3 cg=7 phase=phase2 kind=heuristic_boost best_rc=-0.8004765 found=4 added=4 exhausted=True cert=True
[clean-BPC  1105.16s] node 3 cg=8 phase=phase2 obj=227.082326 artificial=0.0 cols=2748
[clean-BPC  1110.67s] node 3 cg=8 phase=phase2 kind=heuristic best_rc=0.0404435 found=0 added=0 exhausted=False cert=False
[clean-BPC  1125.29s] node 3 cg=8 phase=phase2 kind=heuristic_boost best_rc=-0.048697333 found=3 added=3 exhausted=True cert=True
[clean-BPC  1125.74s] node 3 cg=9 phase=phase2 obj=227.082326 artificial=0.0 cols=2751
[clean-BPC  1131.32s] node 3 cg=9 phase=phase2 kind=heuristic best_rc=0.079699 found=0 added=0 exhausted=False cert=False
[clean-BPC  1146.13s] node 3 cg=9 phase=phase2 kind=heuristic_boost best_rc=0.079699 found=0 added=0 exhausted=True cert=True
[clean-BPC  1146.13s] route-pack diag node 3 round=2 vehicles=1/2 support_max=7 cand=12 oracle=12 incomplete=0 not_tight=7 not_viol=3 dup=0 violated=2 added=2 max_viol=1.0000000000000018 states_max=330
[clean-BPC  1146.13s] cut_added family=schedule_route_set_packing node=3 added=2 first(vehicle=1, routes=7, U=4, y=1.0, viol=1.0, states=330)
[clean-BPC  1146.56s] node 3 cg=10 phase=phase2 obj=227.082326 artificial=0.0 cols=2751
[clean-BPC  1152.19s] node 3 cg=10 phase=phase2 kind=heuristic best_rc=0.079699 found=0 added=0 exhausted=False cert=False
[clean-BPC  1167.16s] node 3 cg=10 phase=phase2 kind=heuristic_boost best_rc=0.079699 found=0 added=0 exhausted=True cert=True
[clean-BPC  1187.73s] route-pack-conflict diag node 3 source_vehicle=1 routes=5 U=4 complete=True cache_hit=True states=100 added=0
[clean-BPC  1189.20s] route-pack-conflict diag node 3 source_vehicle=1 routes=5 U=4 complete=True cache_hit=True states=102 added=0
[clean-BPC  1202.00s] rim-conflict diag node 3 conflicts=12 pair_events=0 pair_cuts=0 schedcap_events=0 schedcap_cuts=0 routepack_events=2 routepack_cuts=0 routepack_cache=2 routepack_states_max=102 routepack_budget_skip=10 nogood_events=0 nogood_cuts=0 weak_skip=12
[clean-BPC    20.57s] restricted-MIP node 3 status=TIME_LIMIT obj=None accepted=False routes=2751 rejected=12 pair=0 ng=14 route_pack=10 sched_cap=0 added_cuts=0 time=20.568633
[clean-BPC  1209.06s] branch node 3: left=arc(2,5)=off right=arc(2,5)=on
[clean-BPC  1209.06s] node 4 d=2 lb=227.082326 open=3
[clean-BPC  1209.49s] node 4 cg=1 phase=phase1 obj=0.0 artificial=0.0 cols=2751
[clean-BPC  1209.95s] node 4 cg=2 phase=phase2 obj=327.082326 artificial=0.0 cols=2751
[clean-BPC  1214.89s] node 4 cg=2 phase=phase2 kind=heuristic best_rc=-0.0 found=0 added=0 exhausted=False cert=False
[clean-BPC  1228.91s] node 4 cg=2 phase=phase2 kind=heuristic_boost best_rc=-0.0 found=0 added=0 exhausted=True cert=True
[clean-BPC  1228.91s] route-pack diag node 4 round=1 vehicles=2/2 support_max=3 cand=4 oracle=4 incomplete=0 not_tight=3 not_viol=0 dup=0 violated=1 added=1 max_viol=1.0 states_max=15
[clean-BPC  1228.91s] cut_added family=schedule_route_set_packing node=4 added=1 first(vehicle=1, routes=3, U=2, y=1.0, viol=1.0, states=15)
[clean-BPC  1229.37s] node 4 cg=3 phase=phase2 obj=327.082326 artificial=0.0 cols=2751
[clean-BPC  1234.41s] node 4 cg=3 phase=phase2 kind=heuristic best_rc=-0.0 found=0 added=0 exhausted=False cert=False
[clean-BPC  1248.47s] node 4 cg=3 phase=phase2 kind=heuristic_boost best_rc=-0.0 found=0 added=0 exhausted=True cert=True
[clean-BPC  1248.47s] route-pack diag node 4 round=2 vehicles=2/2 support_max=3 cand=4 oracle=4 incomplete=0 not_tight=3 not_viol=0 dup=0 violated=1 added=1 max_viol=1.0 states_max=14
[clean-BPC  1248.47s] cut_added family=schedule_route_set_packing node=4 added=1 first(vehicle=1, routes=3, U=2, y=1.0, viol=1.0, states=14)
[clean-BPC  1248.92s] node 4 cg=4 phase=phase2 obj=327.082326 artificial=0.0 cols=2751
[clean-BPC  1253.87s] node 4 cg=4 phase=phase2 kind=heuristic best_rc=0.0 found=0 added=0 exhausted=False cert=False
[clean-BPC  1267.63s] node 4 cg=4 phase=phase2 kind=heuristic_boost best_rc=-0.0 found=0 added=0 exhausted=True cert=True
[clean-BPC  1267.63s] fathom node 4: reason=bound_after_schedule_pack bound=327.082326
[clean-BPC  1267.63s] node 5 d=3 lb=227.082326 open=2
[clean-BPC  1268.07s] node 5 cg=1 phase=phase1 obj=0.0 artificial=0.0 cols=2751
[clean-BPC  1268.52s] node 5 cg=2 phase=phase2 obj=227.104508 artificial=0.0 cols=2751
[clean-BPC  1273.40s] node 5 cg=2 phase=phase2 kind=heuristic best_rc=0.0887288 found=0 added=0 exhausted=False cert=False
[clean-BPC  1285.68s] node 5 cg=2 phase=phase2 kind=heuristic_boost best_rc=0.0 found=0 added=0 exhausted=True cert=True
[clean-BPC  1302.44s] route-pack-conflict diag node 5 source_vehicle=1 routes=5 U=4 complete=True cache_hit=True states=105 added=0
[clean-BPC  1303.07s] route-pack-conflict diag node 5 source_vehicle=1 routes=5 U=4 complete=True cache_hit=False states=96 added=0
[clean-BPC  1316.86s] rim-conflict diag node 5 conflicts=14 pair_events=0 pair_cuts=0 schedcap_events=0 schedcap_cuts=0 routepack_events=2 routepack_cuts=0 routepack_cache=1 routepack_states_max=105 routepack_budget_skip=12 nogood_events=0 nogood_cuts=0 weak_skip=14
[clean-BPC    16.75s] restricted-MIP node 5 status=OPTIMAL obj=227.363742 accepted=False routes=2751 rejected=14 pair=0 ng=10 route_pack=18 sched_cap=0 added_cuts=0 time=16.751895
[clean-BPC  1324.77s] branch node 5: left=arc(5,2)=off right=arc(5,2)=on
[clean-BPC  1324.77s] node 6 d=3 lb=227.082326 open=3
[clean-BPC  1325.22s] node 6 cg=1 phase=phase1 obj=0.0 artificial=0.0 cols=2751
[clean-BPC  1325.67s] node 6 cg=2 phase=phase2 obj=227.110054 artificial=0.0 cols=2751
[clean-BPC  1331.02s] node 6 cg=2 phase=phase2 kind=heuristic best_rc=-0.843137976 found=11 added=11 exhausted=False cert=False
[clean-BPC  1331.47s] node 6 cg=3 phase=phase2 obj=227.110054 artificial=0.0 cols=2762
[clean-BPC  1337.17s] node 6 cg=3 phase=phase2 kind=heuristic best_rc=-0.8585995 found=14 added=14 exhausted=False cert=False
[clean-BPC  1337.63s] node 6 cg=4 phase=phase2 obj=227.110054 artificial=0.0 cols=2776
[clean-BPC  1343.05s] node 6 cg=4 phase=phase2 kind=heuristic best_rc=-0.198735875 found=5 added=5 exhausted=False cert=False
[clean-BPC  1343.50s] node 6 cg=5 phase=phase2 obj=227.110054 artificial=0.0 cols=2781
[clean-BPC  1349.23s] node 6 cg=5 phase=phase2 kind=heuristic best_rc=-0.0 found=0 added=0 exhausted=False cert=False
[clean-BPC  1363.96s] node 6 cg=5 phase=phase2 kind=heuristic_boost best_rc=-0.0 found=0 added=0 exhausted=True cert=True
[clean-BPC  1384.46s] route-pack-conflict diag node 6 source_vehicle=1 routes=5 U=4 complete=True cache_hit=True states=100 added=0
[clean-BPC  1385.92s] route-pack-conflict diag node 6 source_vehicle=1 routes=5 U=4 complete=True cache_hit=True states=102 added=0
[clean-BPC  1394.34s] rim-conflict diag node 6 conflicts=8 pair_events=0 pair_cuts=0 schedcap_events=0 schedcap_cuts=0 routepack_events=2 routepack_cuts=0 routepack_cache=2 routepack_states_max=102 routepack_budget_skip=6 nogood_events=0 nogood_cuts=0 weak_skip=8
[clean-BPC    20.49s] restricted-MIP node 6 status=TIME_LIMIT obj=None accepted=False routes=2781 rejected=8 pair=0 ng=16 route_pack=0 sched_cap=0 added_cuts=0 time=20.487085
[clean-BPC  1402.32s] branch node 6: left=arc(18,1)=off right=arc(18,1)=on
[clean-BPC  1402.32s] node 2 d=1 lb=227.082326 open=4
[clean-BPC  1402.86s] node 2 cg=1 phase=phase1 obj=0.0 artificial=0.0 cols=2781
[clean-BPC  1403.39s] node 2 cg=2 phase=phase2 obj=227.082326 artificial=0.0 cols=2781
[clean-BPC  1408.98s] node 2 cg=2 phase=phase2 kind=heuristic best_rc=-0.160666 found=2 added=2 exhausted=False cert=False
[clean-BPC  1409.50s] node 2 cg=3 phase=phase2 obj=227.082326 artificial=0.0 cols=2783
[clean-BPC  1414.95s] node 2 cg=3 phase=phase2 kind=heuristic best_rc=0.0 found=0 added=0 exhausted=False cert=False
[clean-BPC  1432.15s] node 2 cg=3 phase=phase2 kind=heuristic_boost best_rc=-0.0 found=0 added=0 exhausted=True cert=True
[clean-BPC  1432.18s] route-pack diag node 2 round=1 vehicles=2/2 support_max=9 cand=37 oracle=37 incomplete=0 not_tight=9 not_viol=15 dup=0 violated=13 added=5 max_viol=0.5000000000000027 states_max=1141
[clean-BPC  1432.18s] cut_added family=schedule_route_set_packing node=2 added=5 first(vehicle=1, routes=9, U=4, y=0.5, viol=0.5, states=1141)
[clean-BPC  1432.71s] node 2 cg=4 phase=phase2 obj=227.082326 artificial=0.0 cols=2783
[clean-BPC  1438.12s] node 2 cg=4 phase=phase2 kind=heuristic best_rc=-0.002889 found=2 added=2 exhausted=False cert=False
[clean-BPC  1438.65s] node 2 cg=5 phase=phase2 obj=227.082326 artificial=0.0 cols=2785
[clean-BPC  1444.00s] node 2 cg=5 phase=phase2 kind=heuristic best_rc=0.0 found=0 added=0 exhausted=False cert=False
[clean-BPC  1461.44s] node 2 cg=5 phase=phase2 kind=heuristic_boost best_rc=0.0 found=0 added=0 exhausted=True cert=True
[clean-BPC  1461.44s] route-pack diag node 2 round=2 vehicles=1/2 support_max=5 cand=7 oracle=7 incomplete=0 not_tight=4 not_viol=0 dup=0 violated=3 added=3 max_viol=2.0 states_max=91
[clean-BPC  1461.44s] cut_added family=schedule_route_set_packing node=2 added=3 first(vehicle=1, routes=5, U=3, y=1.0, viol=2.0, states=91)
[clean-BPC  1462.00s] node 2 cg=6 phase=phase2 obj=227.082326 artificial=0.0 cols=2785
[clean-BPC  1467.45s] node 2 cg=6 phase=phase2 kind=heuristic best_rc=-0.0 found=0 added=0 exhausted=False cert=False
[clean-BPC  1484.81s] node 2 cg=6 phase=phase2 kind=heuristic_boost best_rc=-0.0 found=0 added=0 exhausted=True cert=True
[clean-BPC  1505.15s] route-pack-conflict diag node 2 source_vehicle=1 routes=5 U=3 complete=True cache_hit=False states=91 added=2
[clean-BPC  1505.15s] cut_added family=schedule_route_set_packing node=2 added=2 source=schedule_conflict first(vehicle=1, routes=5, U=3, states=91, cache_hit=False)
[clean-BPC  1505.15s] route-pack-conflict diag node 2 source_vehicle=1 routes=5 U=3 complete=True cache_hit=False states=89 added=2
[clean-BPC  1505.15s] cut_added family=schedule_route_set_packing node=2 added=2 source=schedule_conflict first(vehicle=1, routes=5, U=3, states=89, cache_hit=False)
[clean-BPC  1514.55s] rim-conflict diag node 2 conflicts=18 pair_events=0 pair_cuts=0 schedcap_events=0 schedcap_cuts=0 routepack_events=2 routepack_cuts=4 routepack_cache=0 routepack_states_max=91 routepack_budget_skip=16 nogood_events=0 nogood_cuts=0 weak_skip=16
[clean-BPC    20.33s] restricted-MIP node 2 status=TIME_LIMIT obj=None accepted=False routes=2785 rejected=18 pair=0 ng=2 route_pack=34 sched_cap=0 added_cuts=4 time=20.333404
[clean-BPC  1514.55s] node 2 d=1 lb=227.082326 open=4
[clean-BPC  1515.07s] node 2 cg=1 phase=phase1 obj=0.0 artificial=0.0 cols=2785
[clean-BPC  1515.61s] node 2 cg=2 phase=phase2 obj=227.082326 artificial=0.0 cols=2785
[clean-BPC  1521.11s] node 2 cg=2 phase=phase2 kind=heuristic best_rc=-0.0 found=0 added=0 exhausted=False cert=False
[clean-BPC  1538.32s] node 2 cg=2 phase=phase2 kind=heuristic_boost best_rc=-0.0 found=0 added=0 exhausted=True cert=True
[clean-BPC  1558.39s] route-pack-conflict diag node 2 source_vehicle=1 routes=5 U=3 complete=True cache_hit=False states=85 added=2
[clean-BPC  1558.39s] cut_added family=schedule_route_set_packing node=2 added=2 source=schedule_conflict first(vehicle=1, routes=5, U=3, states=85, cache_hit=False)
[clean-BPC  1558.39s] route-pack-conflict diag node 2 source_vehicle=1 routes=5 U=3 complete=True cache_hit=False states=85 added=2
[clean-BPC  1558.39s] cut_added family=schedule_route_set_packing node=2 added=2 source=schedule_conflict first(vehicle=1, routes=5, U=3, states=85, cache_hit=False)
[clean-BPC  1567.14s] cut_added family=schedule_nogood_core node=2 added=1 source_vehicle=1 route_count=3 signatures=[[11, 13, 3], [17, 20, 18, 1], [9, 15, 19, 16, 4]]
[clean-BPC  1567.14s] rim-conflict diag node 2 conflicts=17 pair_events=0 pair_cuts=0 schedcap_events=0 schedcap_cuts=0 routepack_events=2 routepack_cuts=4 routepack_cache=0 routepack_states_max=85 routepack_budget_skip=15 nogood_events=1 nogood_cuts=1 weak_skip=14
[clean-BPC    20.05s] restricted-MIP node 2 status=TIME_LIMIT obj=None accepted=False routes=2785 rejected=17 pair=0 ng=2 route_pack=32 sched_cap=0 added_cuts=5 time=20.051635
[clean-BPC  1567.14s] node 2 d=1 lb=227.082326 open=4
[clean-BPC  1567.66s] node 2 cg=1 phase=phase1 obj=0.0 artificial=0.0 cols=2785
[clean-BPC  1568.20s] node 2 cg=2 phase=phase2 obj=227.082326 artificial=0.0 cols=2785
[clean-BPC  1573.68s] node 2 cg=2 phase=phase2 kind=heuristic best_rc=-0.0 found=0 added=0 exhausted=False cert=False
[clean-BPC  1590.72s] node 2 cg=2 phase=phase2 kind=heuristic_boost best_rc=-0.0 found=0 added=0 exhausted=True cert=True
[clean-BPC  1608.85s] route-pack-conflict diag node 2 source_vehicle=1 routes=5 U=3 complete=True cache_hit=False states=89 added=2
[clean-BPC  1608.85s] cut_added family=schedule_route_set_packing node=2 added=2 source=schedule_conflict first(vehicle=1, routes=5, U=3, states=89, cache_hit=False)
[clean-BPC  1608.85s] route-pack-conflict diag node 2 source_vehicle=1 routes=5 U=3 complete=True cache_hit=False states=97 added=2
[clean-BPC  1608.85s] cut_added family=schedule_route_set_packing node=2 added=2 source=schedule_conflict first(vehicle=1, routes=5, U=3, states=97, cache_hit=False)
[clean-BPC  1615.42s] cut_added family=schedule_nogood_core node=2 added=1 source_vehicle=1 route_count=3 signatures=[[13, 11, 3], [1, 18, 20, 17], [9, 15, 19, 16, 4]]
[clean-BPC  1616.13s] rim-conflict diag node 2 conflicts=14 pair_events=0 pair_cuts=0 schedcap_events=0 schedcap_cuts=0 routepack_events=2 routepack_cuts=4 routepack_cache=0 routepack_states_max=97 routepack_budget_skip=12 nogood_events=1 nogood_cuts=1 weak_skip=11
[clean-BPC    18.12s] restricted-MIP node 2 status=TIME_LIMIT obj=None accepted=False routes=2785 rejected=14 pair=0 ng=2 route_pack=26 sched_cap=0 added_cuts=5 time=18.119844
[clean-BPC  1616.13s] node 2 d=1 lb=227.082326 open=4
[clean-BPC  1616.66s] node 2 cg=1 phase=phase1 obj=0.0 artificial=0.0 cols=2785
[clean-BPC  1617.19s] node 2 cg=2 phase=phase2 obj=227.082326 artificial=0.0 cols=2785
[clean-BPC  1622.53s] node 2 cg=2 phase=phase2 kind=heuristic best_rc=0.0 found=0 added=0 exhausted=False cert=False
[clean-BPC  1639.55s] node 2 cg=2 phase=phase2 kind=heuristic_boost best_rc=-0.0 found=0 added=0 exhausted=True cert=True
[clean-BPC  1654.98s] route-pack-conflict diag node 2 source_vehicle=1 routes=5 U=3 complete=True cache_hit=False states=101 added=2
[clean-BPC  1654.98s] cut_added family=schedule_route_set_packing node=2 added=2 source=schedule_conflict first(vehicle=1, routes=5, U=3, states=101, cache_hit=False)
[clean-BPC  1654.98s] route-pack-conflict diag node 2 source_vehicle=1 routes=5 U=3 complete=True cache_hit=False states=85 added=2
[clean-BPC  1654.98s] cut_added family=schedule_route_set_packing node=2 added=2 source=schedule_conflict first(vehicle=1, routes=5, U=3, states=85, cache_hit=False)
[clean-BPC  1661.17s] rim-conflict diag node 2 conflicts=12 pair_events=0 pair_cuts=0 schedcap_events=0 schedcap_cuts=0 routepack_events=2 routepack_cuts=4 routepack_cache=0 routepack_states_max=101 routepack_budget_skip=10 nogood_events=0 nogood_cuts=0 weak_skip=10
[clean-BPC    15.41s] restricted-MIP node 2 status=INFEASIBLE obj=None accepted=False routes=2785 rejected=12 pair=0 ng=0 route_pack=24 sched_cap=0 added_cuts=4 time=15.410088
[clean-BPC  1661.17s] node 2 d=1 lb=227.082326 open=4
[clean-BPC  1661.71s] node 2 cg=1 phase=phase1 obj=0.0 artificial=0.0 cols=2785
[clean-BPC  1662.26s] node 2 cg=2 phase=phase2 obj=227.082326 artificial=0.0 cols=2785
[clean-BPC  1662.26s] cut_purged node=2 removed=1 by_kind={'schedule_nogood_core': 1} remaining=139
[clean-BPC  1662.80s] node 2 cg=3 phase=phase2 obj=227.082326 artificial=0.0 cols=2785
[clean-BPC  1668.15s] node 2 cg=3 phase=phase2 kind=heuristic best_rc=0.0 found=0 added=0 exhausted=False cert=False
[clean-BPC  1685.22s] node 2 cg=3 phase=phase2 kind=heuristic_boost best_rc=-0.0 found=0 added=0 exhausted=True cert=True
[clean-BPC  1696.77s] route-pack-conflict diag node 2 source_vehicle=1 routes=5 U=3 complete=True cache_hit=False states=92 added=2
[clean-BPC  1696.77s] cut_added family=schedule_route_set_packing node=2 added=2 source=schedule_conflict first(vehicle=1, routes=5, U=3, states=92, cache_hit=False)
[clean-BPC  1696.77s] route-pack-conflict diag node 2 source_vehicle=1 routes=5 U=3 complete=True cache_hit=False states=80 added=2
[clean-BPC  1696.77s] cut_added family=schedule_route_set_packing node=2 added=2 source=schedule_conflict first(vehicle=1, routes=5, U=3, states=80, cache_hit=False)
[clean-BPC  1701.45s] rim-conflict diag node 2 conflicts=9 pair_events=0 pair_cuts=0 schedcap_events=0 schedcap_cuts=0 routepack_events=2 routepack_cuts=4 routepack_cache=0 routepack_states_max=92 routepack_budget_skip=7 nogood_events=0 nogood_cuts=0 weak_skip=7
[clean-BPC    11.54s] restricted-MIP node 2 status=INFEASIBLE obj=None accepted=False routes=2785 rejected=9 pair=0 ng=0 route_pack=18 sched_cap=0 added_cuts=4 time=11.541272
[clean-BPC  1701.45s] node 2 d=1 lb=227.082326 open=4
[clean-BPC  1701.99s] node 2 cg=1 phase=phase1 obj=0.0 artificial=0.0 cols=2785
[clean-BPC  1702.54s] node 2 cg=2 phase=phase2 obj=227.082326 artificial=0.0 cols=2785
[clean-BPC  1707.98s] node 2 cg=2 phase=phase2 kind=heuristic best_rc=0.0 found=0 added=0 exhausted=False cert=False
[clean-BPC  1725.32s] node 2 cg=2 phase=phase2 kind=heuristic_boost best_rc=-0.0 found=0 added=0 exhausted=True cert=True
[clean-BPC  1734.91s] route-pack-conflict diag node 2 source_vehicle=1 routes=5 U=3 complete=True cache_hit=False states=74 added=2
[clean-BPC  1734.91s] cut_added family=schedule_route_set_packing node=2 added=2 source=schedule_conflict first(vehicle=1, routes=5, U=3, states=74, cache_hit=False)
[clean-BPC  1734.91s] route-pack-conflict diag node 2 source_vehicle=1 routes=5 U=3 complete=True cache_hit=False states=89 added=2
[clean-BPC  1734.91s] cut_added family=schedule_route_set_packing node=2 added=2 source=schedule_conflict first(vehicle=1, routes=5, U=3, states=89, cache_hit=False)
[clean-BPC  1737.62s] rim-conflict diag node 2 conflicts=7 pair_events=0 pair_cuts=0 schedcap_events=0 schedcap_cuts=0 routepack_events=2 routepack_cuts=4 routepack_cache=0 routepack_states_max=89 routepack_budget_skip=5 nogood_events=0 nogood_cuts=0 weak_skip=5
[clean-BPC     9.58s] restricted-MIP node 2 status=INFEASIBLE obj=None accepted=False routes=2785 rejected=7 pair=0 ng=0 route_pack=14 sched_cap=0 added_cuts=4 time=9.578972
[clean-BPC  1737.62s] node 2 d=1 lb=227.082326 open=4
[clean-BPC  1738.15s] node 2 cg=1 phase=phase1 obj=0.0 artificial=0.0 cols=2785
[clean-BPC  1738.70s] node 2 cg=2 phase=phase2 obj=227.082326 artificial=0.0 cols=2785
[clean-BPC  1744.16s] node 2 cg=2 phase=phase2 kind=heuristic best_rc=0.0 found=0 added=0 exhausted=False cert=False
[clean-BPC  1762.02s] node 2 cg=2 phase=phase2 kind=heuristic_boost best_rc=-0.0 found=0 added=0 exhausted=True cert=True
[clean-BPC  1774.51s] branch node 2: left=arc(5,2)=off right=arc(5,2)=on
[clean-BPC  1774.51s] node 11 d=2 lb=227.082326 open=5
[clean-BPC  1775.06s] node 11 cg=1 phase=phase1 obj=0.0 artificial=0.0 cols=2785
[clean-BPC  1775.62s] node 11 cg=2 phase=phase2 obj=227.09817 artificial=0.0 cols=2785
[clean-BPC  1781.04s] node 11 cg=2 phase=phase2 kind=heuristic best_rc=0.0 found=0 added=0 exhausted=False cert=False
[clean-BPC  1798.70s] node 11 cg=2 phase=phase2 kind=heuristic_boost best_rc=-0.0 found=0 added=0 exhausted=True cert=True
[clean-BPC  1798.78s] route-pack diag node 11 round=1 vehicles=1/2 support_max=12 cand=24 oracle=24 incomplete=0 not_tight=4 not_viol=12 dup=0 violated=8 added=5 max_viol=0.8571428571428577 states_max=4313
[clean-BPC  1798.78s] cut_added family=schedule_route_set_packing node=11 added=5 first(vehicle=1, routes=11, U=4, y=1.0, viol=0.857142857, states=2354)
[clean-BPC  1799.33s] node 11 cg=3 phase=phase2 obj=227.103892 artificial=0.0 cols=2785
[clean-BPC  1804.78s] node 11 cg=3 phase=phase2 kind=heuristic best_rc=0.073940667 found=0 added=0 exhausted=False cert=False
[clean-BPC  1821.89s] node 11 cg=3 phase=phase2 kind=heuristic_boost best_rc=0.073940667 found=0 added=0 exhausted=True cert=True
[clean-BPC  1822.02s] route-pack diag node 11 round=2 vehicles=2/2 support_max=12 cand=47 oracle=47 incomplete=0 not_tight=9 not_viol=25 dup=0 violated=13 added=5 max_viol=0.5 states_max=4482
[clean-BPC  1822.02s] cut_added family=schedule_route_set_packing node=11 added=5 first(vehicle=2, routes=6, U=3, y=0.5, viol=0.5, states=166)
[clean-BPC  1822.57s] node 11 cg=4 phase=phase2 obj=227.128539 artificial=0.0 cols=2785
[clean-BPC  1828.10s] node 11 cg=4 phase=phase2 kind=heuristic best_rc=0.036970333 found=0 added=0 exhausted=False cert=False
[clean-BPC  1847.15s] node 11 cg=4 phase=phase2 kind=heuristic_boost best_rc=-0.0 found=0 added=0 exhausted=True cert=True
[clean-BPC  1857.23s] branch node 11: left=task_vehicle(10,2)=off right=task_vehicle(10,2)=on
[clean-BPC  1857.23s] node 12 d=2 lb=227.082326 open=6
[clean-BPC  1857.77s] node 12 cg=1 phase=phase1 obj=0.0 artificial=0.0 cols=2785
[clean-BPC  1858.35s] node 12 cg=2 phase=phase2 obj=227.196428 artificial=0.0 cols=2785
[clean-BPC  1864.20s] node 12 cg=2 phase=phase2 kind=heuristic best_rc=-0.083994143 found=2 added=2 exhausted=False cert=False
[clean-BPC  1864.75s] node 12 cg=3 phase=phase2 obj=227.165509 artificial=0.0 cols=2787
[clean-BPC  1870.10s] node 12 cg=3 phase=phase2 kind=heuristic best_rc=-0.430478125 found=3 added=3 exhausted=False cert=False
[clean-BPC  1870.66s] node 12 cg=4 phase=phase2 obj=227.165509 artificial=0.0 cols=2790
[clean-BPC  1876.22s] node 12 cg=4 phase=phase2 kind=heuristic best_rc=-0.031959 found=4 added=4 exhausted=False cert=False
[clean-BPC  1876.76s] node 12 cg=5 phase=phase2 obj=227.165509 artificial=0.0 cols=2794
[clean-BPC  1882.10s] node 12 cg=5 phase=phase2 kind=heuristic best_rc=0.0 found=0 added=0 exhausted=False cert=False
[clean-BPC  1898.23s] node 12 cg=5 phase=phase2 kind=heuristic_boost best_rc=0.0 found=0 added=0 exhausted=True cert=True
[clean-BPC  1898.24s] route-pack diag node 12 round=1 vehicles=2/2 support_max=7 cand=23 oracle=23 incomplete=0 not_tight=10 not_viol=2 dup=0 violated=11 added=5 max_viol=1.0000000000000004 states_max=457
[clean-BPC  1898.24s] cut_added family=schedule_route_set_packing node=12 added=5 first(vehicle=1, routes=5, U=3, y=0.5, viol=1.0, states=94)
[clean-BPC  1898.81s] node 12 cg=6 phase=phase2 obj=227.215411 artificial=0.0 cols=2794
[clean-BPC  1904.44s] node 12 cg=6 phase=phase2 kind=heuristic best_rc=-0.134949073 found=1 added=1 exhausted=False cert=False
[clean-BPC  1905.00s] node 12 cg=7 phase=phase2 obj=227.215411 artificial=0.0 cols=2795
[clean-BPC  1905.00s] cut_purged node=12 removed=1 by_kind={'schedule_nogood_core': 1} remaining=161
[clean-BPC  1905.57s] node 12 cg=8 phase=phase2 obj=227.215411 artificial=0.0 cols=2795
[clean-BPC  1905.57s] cut_purged node=12 removed=1 by_kind={'schedule_nogood_core': 1} remaining=160
[clean-BPC  1906.13s] node 12 cg=9 phase=phase2 obj=227.215411 artificial=0.0 cols=2795
[clean-BPC  1911.79s] node 12 cg=9 phase=phase2 kind=heuristic best_rc=0.0 found=0 added=0 exhausted=False cert=False
[clean-BPC  1928.82s] node 12 cg=9 phase=phase2 kind=heuristic_boost best_rc=0.0 found=0 added=0 exhausted=True cert=True
[clean-BPC  1929.14s] route-pack diag node 12 round=2 vehicles=2/2 support_max=14 cand=52 oracle=52 incomplete=0 not_tight=8 not_viol=29 dup=0 violated=15 added=5 max_viol=0.5 states_max=12262
[clean-BPC  1929.14s] cut_added family=schedule_route_set_packing node=12 added=5 first(vehicle=1, routes=4, U=2, y=0.5, viol=0.5, states=32)
[clean-BPC  1929.69s] node 12 cg=10 phase=phase2 obj=227.420692 artificial=0.0 cols=2795
[clean-BPC  1935.04s] node 12 cg=10 phase=phase2 kind=heuristic best_rc=-0.121287 found=9 added=9 exhausted=False cert=False
[clean-BPC  1935.59s] node 12 cg=11 phase=phase2 obj=227.391861 artificial=0.0 cols=2804
[clean-BPC  1940.92s] node 12 cg=11 phase=phase2 kind=heuristic best_rc=0.039222 found=0 added=0 exhausted=False cert=False
[clean-BPC  1956.29s] node 12 cg=11 phase=phase2 kind=heuristic_boost best_rc=0.039222 found=0 added=0 exhausted=True cert=True
[clean-BPC  1956.29s] cut_added family=schedule_incompatibility node=12 added=1 pair=1 clique=0 first(kind=schedule_pair_conflict, vehicle=1, routes=2, U=1.0, y=1.0, viol=0.5)
[clean-BPC  1956.85s] node 12 cg=12 phase=phase2 obj=227.399069 artificial=0.0 cols=2804
[clean-BPC  1962.35s] node 12 cg=12 phase=phase2 kind=heuristic best_rc=0.039222 found=0 added=0 exhausted=False cert=False
[clean-BPC  1978.29s] node 12 cg=12 phase=phase2 kind=heuristic_boost best_rc=0.039222 found=0 added=0 exhausted=True cert=True
[clean-BPC  1978.29s] cut_added family=schedule_incompatibility node=12 added=2 pair=1 clique=1 first(kind=schedule_pair_conflict, vehicle=2, routes=2, U=1.0, y=0.5, viol=0.25)
[clean-BPC  1978.85s] node 12 cg=13 phase=phase2 obj=227.413484 artificial=0.0 cols=2804
[clean-BPC  1984.35s] node 12 cg=13 phase=phase2 kind=heuristic best_rc=0.039222 found=0 added=0 exhausted=False cert=False
[clean-BPC  2000.29s] node 12 cg=13 phase=phase2 kind=heuristic_boost best_rc=0.039222 found=0 added=0 exhausted=True cert=True
[clean-BPC  2000.29s] fathom node 12: reason=bound_after_schedule_pack bound=227.413484
[clean-BPC  2000.29s] node 7 d=4 lb=227.104508 open=5
[clean-BPC  2000.76s] node 7 cg=1 phase=phase1 obj=0.0 artificial=0.0 cols=2804
[clean-BPC  2001.25s] node 7 cg=2 phase=phase2 obj=227.193237 artificial=0.0 cols=2804
[clean-BPC  2006.20s] node 7 cg=2 phase=phase2 kind=heuristic best_rc=-0.7572575 found=39 added=39 exhausted=False cert=False
[clean-BPC  2006.70s] node 7 cg=3 phase=phase2 obj=227.193237 artificial=0.0 cols=2843
[clean-BPC  2011.82s] node 7 cg=3 phase=phase2 kind=heuristic best_rc=-0.428527 found=10 added=10 exhausted=False cert=False
[clean-BPC  2012.32s] node 7 cg=4 phase=phase2 obj=227.193237 artificial=0.0 cols=2853
[clean-BPC  2017.58s] node 7 cg=4 phase=phase2 kind=heuristic best_rc=-0.9550585 found=14 added=14 exhausted=False cert=False
[clean-BPC  2018.07s] node 7 cg=5 phase=phase2 obj=227.193237 artificial=0.0 cols=2867
[clean-BPC  2022.82s] node 7 cg=5 phase=phase2 kind=heuristic best_rc=0.14976 found=0 added=0 exhausted=False cert=False
[clean-BPC  2032.38s] node 7 cg=5 phase=phase2 kind=heuristic_boost best_rc=-2.140697667 found=13 added=13 exhausted=True cert=True
[clean-BPC  2032.88s] node 7 cg=6 phase=phase2 obj=227.193237 artificial=0.0 cols=2880
[clean-BPC  2037.92s] node 7 cg=6 phase=phase2 kind=heuristic best_rc=0.280869571 found=0 added=0 exhausted=False cert=False
[clean-BPC  2050.94s] node 7 cg=6 phase=phase2 kind=heuristic_boost best_rc=0.280869571 found=0 added=0 exhausted=True cert=True
[clean-BPC  2050.94s] route-pack-conflict diag node 7 source_vehicle=1 routes=5 U=3 complete=True cache_hit=False states=99 added=2
[clean-BPC  2050.94s] cut_added family=schedule_route_set_packing node=7 added=2 source=schedule_conflict first(vehicle=1, routes=5, U=3, states=99, cache_hit=False)
[clean-BPC  2050.94s] node 8 d=4 lb=227.104508 open=5
[clean-BPC  2051.44s] node 8 cg=1 phase=phase1 obj=0.0 artificial=0.0 cols=2880
[clean-BPC  2051.96s] node 8 cg=2 phase=phase2 obj=227.117503 artificial=0.0 cols=2880
[clean-BPC  2057.53s] node 8 cg=2 phase=phase2 kind=heuristic best_rc=-0.001236 found=2 added=2 exhausted=False cert=False
[clean-BPC  2058.04s] node 8 cg=3 phase=phase2 obj=227.117503 artificial=0.0 cols=2882
[clean-BPC  2063.65s] node 8 cg=3 phase=phase2 kind=heuristic best_rc=0.105531 found=0 added=0 exhausted=False cert=False
[clean-BPC  2077.47s] node 8 cg=3 phase=phase2 kind=heuristic_boost best_rc=0.105531 found=0 added=0 exhausted=True cert=True
[clean-BPC  2084.62s] branch node 8: left=arc(18,20)=off right=arc(18,20)=on
[clean-BPC  2084.62s] node 10 d=4 lb=227.110054 open=6
[clean-BPC  2085.12s] node 10 cg=1 phase=phase1 obj=0.0 artificial=0.0 cols=2882
[clean-BPC  2085.63s] node 10 cg=2 phase=phase2 obj=227.193237 artificial=0.0 cols=2882
[clean-BPC  2091.26s] node 10 cg=2 phase=phase2 kind=heuristic best_rc=-0.0 found=0 added=0 exhausted=False cert=False
[clean-BPC  2105.82s] node 10 cg=2 phase=phase2 kind=heuristic_boost best_rc=-0.0 found=0 added=0 exhausted=True cert=True
[clean-BPC  2105.83s] route-pack-conflict diag node 10 source_vehicle=1 routes=5 U=4 complete=True cache_hit=True states=100 added=0
[clean-BPC  2107.31s] cut_added family=schedule_nogood_core node=10 added=2 source_vehicle=1 route_count=3 signatures=[[3, 11, 13, 12, 10], [17, 20, 18, 1], [4, 16, 19, 15, 9]]
[clean-BPC  2107.31s] node 9 d=4 lb=227.110054 open=6
[clean-BPC  2107.79s] node 9 cg=1 phase=phase1 obj=0.0 artificial=0.0 cols=2882
[clean-BPC  2108.28s] node 9 cg=2 phase=phase2 obj=227.15268 artificial=0.0 cols=2882
[clean-BPC  2113.54s] node 9 cg=2 phase=phase2 kind=heuristic best_rc=-0.0 found=0 added=0 exhausted=False cert=False
[clean-BPC  2126.00s] node 9 cg=2 phase=phase2 kind=heuristic_boost best_rc=-0.0 found=0 added=0 exhausted=True cert=True
[clean-BPC  2132.97s] branch node 9: left=arc(18,20)=off right=arc(18,20)=on
[clean-BPC  2132.97s] node 15 d=5 lb=227.117503 open=7
[clean-BPC  2133.46s] node 15 cg=1 phase=phase1 obj=0.0 artificial=0.0 cols=2882
[clean-BPC  2133.96s] node 15 cg=2 phase=phase2 obj=227.363742 artificial=0.0 cols=2882
[clean-BPC  2139.35s] node 15 cg=2 phase=phase2 kind=heuristic best_rc=-0.310610571 found=4 added=4 exhausted=False cert=False
[clean-BPC  2139.84s] node 15 cg=3 phase=phase2 obj=227.363742 artificial=0.0 cols=2886
[clean-BPC  2145.03s] node 15 cg=3 phase=phase2 kind=heuristic best_rc=0.0 found=0 added=0 exhausted=False cert=False
[clean-BPC  2159.43s] node 15 cg=3 phase=phase2 kind=heuristic_boost best_rc=-0.628273 found=8 added=8 exhausted=True cert=True
[clean-BPC  2159.92s] node 15 cg=4 phase=phase2 obj=227.363742 artificial=0.0 cols=2894
[clean-BPC  2165.42s] node 15 cg=4 phase=phase2 kind=heuristic best_rc=0.0 found=0 added=0 exhausted=False cert=False
[clean-BPC  2180.66s] node 15 cg=4 phase=phase2 kind=heuristic_boost best_rc=-0.0573718 found=2 added=2 exhausted=True cert=True
[clean-BPC  2181.14s] node 15 cg=5 phase=phase2 obj=227.363742 artificial=0.0 cols=2896
[clean-BPC  2186.55s] node 15 cg=5 phase=phase2 kind=heuristic best_rc=-0.0 found=0 added=0 exhausted=False cert=False
[clean-BPC  2200.10s] node 15 cg=5 phase=phase2 kind=heuristic_boost best_rc=-0.0450785 found=2 added=2 exhausted=True cert=True
[clean-BPC  2200.59s] node 15 cg=6 phase=phase2 obj=227.363742 artificial=0.0 cols=2898
[clean-BPC  2205.99s] node 15 cg=6 phase=phase2 kind=heuristic best_rc=-0.152866 found=1 added=1 exhausted=False cert=False
[clean-BPC  2206.48s] node 15 cg=7 phase=phase2 obj=227.363742 artificial=0.0 cols=2899
[clean-BPC  2211.69s] node 15 cg=7 phase=phase2 kind=heuristic best_rc=-0.0 found=0 added=0 exhausted=False cert=False
[clean-BPC  2225.03s] node 15 cg=7 phase=phase2 kind=heuristic_boost best_rc=-0.0 found=0 added=0 exhausted=True cert=True
[clean-BPC  2225.03s] fathom node 15: reason=bound_after_schedule_pack bound=227.363742
[clean-BPC  2225.03s] node 16 d=5 lb=227.117503 open=6
[clean-BPC  2225.53s] node 16 cg=1 phase=phase1 obj=0.0 artificial=0.0 cols=2899
[clean-BPC  2226.05s] node 16 cg=2 phase=phase2 obj=227.119296 artificial=0.0 cols=2899
[clean-BPC  2226.05s] cut_purged node=16 removed=1 by_kind={'schedule_nogood_core': 1} remaining=171
[clean-BPC  2226.56s] node 16 cg=3 phase=phase2 obj=227.119296 artificial=0.0 cols=2899
[clean-BPC  2232.24s] node 16 cg=3 phase=phase2 kind=heuristic best_rc=-0.0 found=0 added=0 exhausted=False cert=False
[clean-BPC  2246.51s] node 16 cg=3 phase=phase2 kind=heuristic_boost best_rc=-0.0 found=0 added=0 exhausted=True cert=True
[clean-BPC  2253.54s] branch node 16: left=arc(14,10)=off right=arc(14,10)=on
[clean-BPC  2253.54s] node 19 d=6 lb=227.119296 open=7
[clean-BPC  2254.03s] node 19 cg=1 phase=phase1 obj=0.0 artificial=0.0 cols=2899
[clean-BPC  2254.54s] node 19 cg=2 phase=phase2 obj=227.193237 artificial=0.0 cols=2899
[clean-BPC  2260.04s] node 19 cg=2 phase=phase2 kind=heuristic best_rc=-0.0 found=0 added=0 exhausted=False cert=False
[clean-BPC  2273.94s] node 19 cg=2 phase=phase2 kind=heuristic_boost best_rc=-0.0 found=0 added=0 exhausted=True cert=True
[clean-BPC  2273.94s] route-pack-conflict diag node 19 source_vehicle=1 routes=5 U=4 complete=True cache_hit=True states=105 added=0
[clean-BPC  2274.58s] cut_added family=schedule_nogood_core node=19 added=2 source_vehicle=1 route_count=3 signatures=[[3, 11, 13, 12, 10], [1, 18, 20, 17], [6, 7, 5, 2]]
[clean-BPC  2274.58s] node 20 d=6 lb=227.119296 open=7
[clean-BPC  2275.08s] node 20 cg=1 phase=phase1 obj=0.0 artificial=0.0 cols=2899
[clean-BPC  2275.60s] node 20 cg=2 phase=phase2 obj=227.199688 artificial=0.0 cols=2899
[clean-BPC  2280.98s] node 20 cg=2 phase=phase2 kind=heuristic best_rc=-0.0 found=0 added=0 exhausted=False cert=False
[clean-BPC  2295.63s] node 20 cg=2 phase=phase2 kind=heuristic_boost best_rc=-0.25571435 found=2 added=2 exhausted=True cert=True
[clean-BPC  2296.15s] node 20 cg=3 phase=phase2 obj=227.199688 artificial=0.0 cols=2901
[clean-BPC  2301.75s] node 20 cg=3 phase=phase2 kind=heuristic best_rc=-0.0 found=0 added=0 exhausted=False cert=False
[clean-BPC  2315.19s] node 20 cg=3 phase=phase2 kind=heuristic_boost best_rc=-0.0 found=0 added=0 exhausted=True cert=True
[clean-BPC  2322.45s] branch node 20: left=arc(13,3)=off right=arc(13,3)=on
[clean-BPC  2322.45s] node 14 d=3 lb=227.128539 open=8
[clean-BPC  2322.97s] node 14 cg=1 phase=phase1 obj=0.0 artificial=0.0 cols=2901
[clean-BPC  2323.51s] node 14 cg=2 phase=phase2 obj=327.082326 artificial=0.0 cols=2901
[clean-BPC  2328.11s] node 14 cg=2 phase=phase2 kind=heuristic best_rc=0.314111 found=0 added=0 exhausted=False cert=False
[clean-BPC  2339.44s] node 14 cg=2 phase=phase2 kind=heuristic_boost best_rc=0.07523925 found=0 added=0 exhausted=True cert=True
[clean-BPC  2339.44s] fathom node 14: reason=bound_after_schedule_pack bound=327.082326
[clean-BPC  2339.44s] node 13 d=3 lb=227.128539 open=7
[clean-BPC  2339.94s] node 13 cg=1 phase=phase1 obj=0.0 artificial=0.0 cols=2901
[clean-BPC  2340.47s] node 13 cg=2 phase=phase2 obj=227.137782 artificial=0.0 cols=2901
[clean-BPC  2345.89s] node 13 cg=2 phase=phase2 kind=heuristic best_rc=-0.0 found=0 added=0 exhausted=False cert=False
[clean-BPC  2360.23s] node 13 cg=2 phase=phase2 kind=heuristic_boost best_rc=-0.1047455 found=4 added=4 exhausted=True cert=True
[clean-BPC  2360.76s] node 13 cg=3 phase=phase2 obj=227.137782 artificial=0.0 cols=2905
[clean-BPC  2366.33s] node 13 cg=3 phase=phase2 kind=heuristic best_rc=-0.33911975 found=2 added=2 exhausted=False cert=False
[clean-BPC  2366.86s] node 13 cg=4 phase=phase2 obj=227.137781 artificial=0.0 cols=2907
[clean-BPC  2372.60s] node 13 cg=4 phase=phase2 kind=heuristic best_rc=0.0 found=0 added=0 exhausted=False cert=False
[clean-BPC  2387.42s] node 13 cg=4 phase=phase2 kind=heuristic_boost best_rc=0.0 found=0 added=0 exhausted=True cert=True
[clean-BPC  2394.55s] branch node 13: left=RF(10,11)=separate right=RF(10,11)=same
[clean-BPC  2394.55s] node 23 d=4 lb=227.137781 open=8
[clean-BPC  2395.05s] node 23 cg=1 phase=phase1 obj=0.0 artificial=0.0 cols=2907
[clean-BPC  2395.56s] node 23 cg=2 phase=phase2 obj=227.288683 artificial=0.0 cols=2907
[clean-BPC  2400.84s] node 23 cg=2 phase=phase2 kind=heuristic best_rc=0.096303497 found=0 added=0 exhausted=False cert=False
[clean-BPC  2413.26s] node 23 cg=2 phase=phase2 kind=heuristic_boost best_rc=-0.250447899 found=2 added=2 exhausted=True cert=True
[clean-BPC  2413.75s] node 23 cg=3 phase=phase2 obj=227.288683 artificial=0.0 cols=2909
[clean-BPC  2413.75s] cut_purged node=23 removed=1 by_kind={'schedule_nogood_core': 1} remaining=172
[clean-BPC  2414.25s] node 23 cg=4 phase=phase2 obj=227.288683 artificial=0.0 cols=2909
[clean-BPC  2419.27s] node 23 cg=4 phase=phase2 kind=heuristic best_rc=-0.0 found=0 added=0 exhausted=False cert=False
[clean-BPC  2430.97s] node 23 cg=4 phase=phase2 kind=heuristic_boost best_rc=-0.0 found=0 added=0 exhausted=True cert=True
[clean-BPC  2437.79s] branch node 23: left=RF(1,15)=separate right=RF(1,15)=same
[clean-BPC  2437.79s] node 24 d=4 lb=227.137781 open=9
[clean-BPC  2438.16s] node 24 cg=1 phase=phase1 obj=0.0 artificial=0.0 cols=2909
[clean-BPC  2438.56s] node 24 cg=2 phase=phase2 obj=227.193237 artificial=0.0 cols=2909
[clean-BPC  2442.60s] node 24 cg=2 phase=phase2 kind=heuristic best_rc=-0.916603265 found=6 added=6 exhausted=False cert=False
[clean-BPC  2442.98s] node 24 cg=3 phase=phase2 obj=227.193237 artificial=0.0 cols=2915
[clean-BPC  2447.31s] node 24 cg=3 phase=phase2 kind=heuristic best_rc=0.0 found=0 added=0 exhausted=False cert=False
[clean-BPC  2458.91s] node 24 cg=3 phase=phase2 kind=heuristic_boost best_rc=0.0 found=0 added=0 exhausted=True cert=True
[clean-BPC  2464.32s] branch node 24: left=arc(18,20)=off right=arc(18,20)=on
[clean-BPC  2464.32s] node 17 d=5 lb=227.15268 open=10
[clean-BPC  2464.80s] node 17 cg=1 phase=phase1 obj=0.0 artificial=0.0 cols=2915
[clean-BPC  2465.29s] node 17 cg=2 phase=phase2 obj=227.363742 artificial=0.0 cols=2915
[clean-BPC  2470.22s] node 17 cg=2 phase=phase2 kind=heuristic best_rc=-0.0 found=0 added=0 exhausted=False cert=False
[clean-BPC  2482.19s] node 17 cg=2 phase=phase2 kind=heuristic_boost best_rc=-0.0 found=0 added=0 exhausted=True cert=True
[clean-BPC  2482.19s] fathom node 17: reason=bound_after_schedule_pack bound=227.363742
[clean-BPC  2482.19s] node 18 d=5 lb=227.15268 open=9
[clean-BPC  2482.68s] node 18 cg=1 phase=phase1 obj=0.0 artificial=0.0 cols=2915
[clean-BPC  2483.18s] node 18 cg=2 phase=phase2 obj=227.193237 artificial=0.0 cols=2915
[clean-BPC  2488.45s] node 18 cg=2 phase=phase2 kind=heuristic best_rc=0.16658 found=0 added=0 exhausted=False cert=False
[clean-BPC  2501.44s] node 18 cg=2 phase=phase2 kind=heuristic_boost best_rc=0.074042 found=0 added=0 exhausted=True cert=True
[clean-BPC  2501.44s] route-pack-conflict diag node 18 source_vehicle=1 routes=5 U=4 complete=True cache_hit=True states=102 added=0
[clean-BPC  2502.93s] cut_added family=schedule_nogood_core node=18 added=2 source_vehicle=1 route_count=3 signatures=[[10, 12, 13, 11, 3], [1, 18, 20, 17], [4, 16, 19, 15, 9]]
[clean-BPC  2502.93s] node 10 d=4 lb=227.193237 open=9
[clean-BPC  2503.44s] node 10 cg=1 phase=phase1 obj=0.0 artificial=0.0 cols=2915
[clean-BPC  2503.97s] node 10 cg=2 phase=phase2 obj=227.193237 artificial=0.0 cols=2915
[clean-BPC  2509.35s] node 10 cg=2 phase=phase2 kind=heuristic best_rc=0.087577 found=0 added=0 exhausted=False cert=False
[clean-BPC  2522.84s] node 10 cg=2 phase=phase2 kind=heuristic_boost best_rc=0.087577 found=0 added=0 exhausted=True cert=True
[clean-BPC  2522.84s] route-pack-conflict diag node 10 source_vehicle=1 routes=5 U=4 complete=True cache_hit=True states=100 added=0
[clean-BPC  2524.32s] cut_added family=schedule_nogood_core node=10 added=1 source_vehicle=1 route_count=3 signatures=[[3, 11, 13, 12, 10], [17, 20, 18, 1], [4, 16, 19, 15, 9]]
[clean-BPC  2524.32s] node 27 d=5 lb=227.193237 open=9
[clean-BPC  2524.70s] node 27 cg=1 phase=phase1 obj=0.0 artificial=0.0 cols=2915
[clean-BPC  2525.07s] node 27 cg=2 phase=phase2 obj=227.249142 artificial=0.0 cols=2915
[clean-BPC  2529.13s] node 27 cg=2 phase=phase2 kind=heuristic best_rc=-0.055905 found=2 added=2 exhausted=False cert=False
[clean-BPC  2529.51s] node 27 cg=3 phase=phase2 obj=227.249142 artificial=0.0 cols=2917
[clean-BPC  2533.57s] node 27 cg=3 phase=phase2 kind=heuristic best_rc=0.157375 found=0 added=0 exhausted=False cert=False
[clean-BPC  2542.67s] node 27 cg=3 phase=phase2 kind=heuristic_boost best_rc=0.157375 found=0 added=0 exhausted=True cert=True
[clean-BPC  2546.45s] branch node 27: left=arc(13,12)=off right=arc(13,12)=on
[clean-BPC  2546.45s] node 28 d=5 lb=227.193237 open=10
[clean-BPC  2546.85s] node 28 cg=1 phase=phase1 obj=0.0 artificial=0.0 cols=2917
[clean-BPC  2547.24s] node 28 cg=2 phase=phase2 obj=227.25145 artificial=0.0 cols=2917
[clean-BPC  2551.76s] node 28 cg=2 phase=phase2 kind=heuristic best_rc=-0.38149 found=4 added=4 exhausted=False cert=False
[clean-BPC  2552.16s] node 28 cg=3 phase=phase2 obj=227.25145 artificial=0.0 cols=2921
[clean-BPC  2556.65s] node 28 cg=3 phase=phase2 kind=heuristic best_rc=-0.137383692 found=4 added=4 exhausted=False cert=False
[clean-BPC  2557.05s] node 28 cg=4 phase=phase2 obj=227.25145 artificial=0.0 cols=2925
[clean-BPC  2561.51s] node 28 cg=4 phase=phase2 kind=heuristic best_rc=0.002921 found=0 added=0 exhausted=False cert=False
[clean-BPC  2572.27s] node 28 cg=4 phase=phase2 kind=heuristic_boost best_rc=0.002921 found=0 added=0 exhausted=True cert=True
[clean-BPC  2577.67s] branch node 28: left=arc(16,1)=off right=arc(16,1)=on
[clean-BPC  2577.67s] node 18 d=5 lb=227.193237 open=11
[clean-BPC  2578.17s] node 18 cg=1 phase=phase1 obj=0.0 artificial=0.0 cols=2925
[clean-BPC  2578.67s] node 18 cg=2 phase=phase2 obj=227.193237 artificial=0.0 cols=2925
[clean-BPC  2583.82s] node 18 cg=2 phase=phase2 kind=heuristic best_rc=0.16658 found=0 added=0 exhausted=False cert=False
[clean-BPC  2596.65s] node 18 cg=2 phase=phase2 kind=heuristic_boost best_rc=0.092522 found=0 added=0 exhausted=True cert=True
[clean-BPC  2596.66s] route-pack-conflict diag node 18 source_vehicle=1 routes=5 U=3 complete=True cache_hit=False states=111 added=2
[clean-BPC  2596.66s] cut_added family=schedule_route_set_packing node=18 added=2 source=schedule_conflict first(vehicle=1, routes=5, U=3, states=111, cache_hit=False)
[clean-BPC  2596.66s] node 10 d=4 lb=227.193237 open=11
[clean-BPC  2597.16s] node 10 cg=1 phase=phase1 obj=0.0 artificial=0.0 cols=2925
[clean-BPC  2597.69s] node 10 cg=2 phase=phase2 obj=227.292869 artificial=0.0 cols=2925
[clean-BPC  2603.34s] node 10 cg=2 phase=phase2 kind=heuristic best_rc=-0.0 found=0 added=0 exhausted=False cert=False
[clean-BPC  2617.81s] node 10 cg=2 phase=phase2 kind=heuristic_boost best_rc=-0.0 found=0 added=0 exhausted=True cert=True
[clean-BPC  2626.30s] branch node 10: left=arc(13,12)=off right=arc(13,12)=on
[clean-BPC  2626.30s] node 18 d=5 lb=227.193237 open=12
[clean-BPC  2626.81s] node 18 cg=1 phase=phase1 obj=0.0 artificial=0.0 cols=2925
[clean-BPC  2627.32s] node 18 cg=2 phase=phase2 obj=227.211133 artificial=0.0 cols=2925
[clean-BPC  2632.84s] node 18 cg=2 phase=phase2 kind=heuristic best_rc=0.0 found=0 added=0 exhausted=False cert=False
[clean-BPC  2648.00s] node 18 cg=2 phase=phase2 kind=heuristic_boost best_rc=0.0 found=0 added=0 exhausted=True cert=True
[clean-BPC  2654.54s] branch node 18: left=RF(1,15)=separate right=RF(1,15)=same
[clean-BPC  2654.54s] node 7 d=4 lb=227.193237 open=13
[clean-BPC  2655.05s] node 7 cg=1 phase=phase1 obj=0.0 artificial=0.0 cols=2925
[clean-BPC  2655.56s] node 7 cg=2 phase=phase2 obj=227.193237 artificial=0.0 cols=2925
[clean-BPC  2660.37s] node 7 cg=2 phase=phase2 kind=heuristic best_rc=0.0332738 found=0 added=0 exhausted=False cert=False
[clean-BPC  2673.42s] node 7 cg=2 phase=phase2 kind=heuristic_boost best_rc=-0.0 found=0 added=0 exhausted=True cert=True
[clean-BPC  2678.61s] branch node 7: left=arc(18,20)=off right=arc(18,20)=on
[clean-BPC  2678.61s] node 37 d=5 lb=227.193237 open=14
[clean-BPC  2679.08s] node 37 cg=1 phase=phase1 obj=0.0 artificial=0.0 cols=2925
[clean-BPC  2679.58s] node 37 cg=2 phase=phase2 obj=227.287042 artificial=0.0 cols=2925
[clean-BPC  2684.54s] node 37 cg=2 phase=phase2 kind=heuristic best_rc=0.239804333 found=0 added=0 exhausted=False cert=False
[clean-BPC  2696.15s] node 37 cg=2 phase=phase2 kind=heuristic_boost best_rc=-0.331958667 found=6 added=6 exhausted=True cert=True
[clean-BPC  2696.65s] node 37 cg=3 phase=phase2 obj=227.287042 artificial=0.0 cols=2931
[clean-BPC  2701.37s] node 37 cg=3 phase=phase2 kind=heuristic best_rc=0.093805333 found=0 added=0 exhausted=False cert=False
[clean-BPC  2711.23s] node 37 cg=3 phase=phase2 kind=heuristic_boost best_rc=0.093805333 found=0 added=0 exhausted=True cert=True
[clean-BPC  2717.29s] branch node 37: left=RF(1,16)=separate right=RF(1,16)=same
[clean-BPC  2717.29s] node 38 d=5 lb=227.193237 open=15
[clean-BPC  2717.80s] node 38 cg=1 phase=phase1 obj=0.0 artificial=0.0 cols=2931
[clean-BPC  2718.33s] node 38 cg=2 phase=phase2 obj=227.249142 artificial=0.0 cols=2931
[clean-BPC  2723.53s] node 38 cg=2 phase=phase2 kind=heuristic best_rc=-0.0 found=0 added=0 exhausted=False cert=False
[clean-BPC  2737.40s] node 38 cg=2 phase=phase2 kind=heuristic_boost best_rc=-0.062602083 found=1 added=1 exhausted=True cert=True
[clean-BPC  2737.93s] node 38 cg=3 phase=phase2 obj=227.249142 artificial=0.0 cols=2932
[clean-BPC  2743.40s] node 38 cg=3 phase=phase2 kind=heuristic best_rc=-0.0 found=0 added=0 exhausted=False cert=False
[clean-BPC  2757.87s] node 38 cg=3 phase=phase2 kind=heuristic_boost best_rc=-0.2786375 found=2 added=2 exhausted=True cert=True
[clean-BPC  2758.39s] node 38 cg=4 phase=phase2 obj=227.249142 artificial=0.0 cols=2934
[clean-BPC  2763.54s] node 38 cg=4 phase=phase2 kind=heuristic best_rc=-0.0 found=0 added=0 exhausted=False cert=False
[clean-BPC  2777.07s] node 38 cg=4 phase=phase2 kind=heuristic_boost best_rc=-0.0 found=0 added=0 exhausted=True cert=True
[clean-BPC  2781.98s] branch node 38: left=arc(13,12)=off right=arc(13,12)=on
[clean-BPC  2781.98s] node 19 d=6 lb=227.193237 open=16
[clean-BPC  2782.50s] node 19 cg=1 phase=phase1 obj=0.0 artificial=0.0 cols=2934
[clean-BPC  2783.02s] node 19 cg=2 phase=phase2 obj=227.193237 artificial=0.0 cols=2934
[clean-BPC  2788.56s] node 19 cg=2 phase=phase2 kind=heuristic best_rc=-0.110911 found=4 added=4 exhausted=False cert=False
[clean-BPC  2789.07s] node 19 cg=3 phase=phase2 obj=227.193237 artificial=0.0 cols=2938
[clean-BPC  2794.45s] node 19 cg=3 phase=phase2 kind=heuristic best_rc=-0.263795 found=2 added=2 exhausted=False cert=False
[clean-BPC  2794.96s] node 19 cg=4 phase=phase2 obj=227.193237 artificial=0.0 cols=2940
[clean-BPC  2800.28s] node 19 cg=4 phase=phase2 kind=heuristic best_rc=-0.0103998 found=2 added=2 exhausted=False cert=False
[clean-BPC  2800.80s] node 19 cg=5 phase=phase2 obj=227.193237 artificial=0.0 cols=2942
[clean-BPC  2806.43s] node 19 cg=5 phase=phase2 kind=heuristic best_rc=0.1472794 found=0 added=0 exhausted=False cert=False
[clean-BPC  2821.19s] node 19 cg=5 phase=phase2 kind=heuristic_boost best_rc=0.1472794 found=0 added=0 exhausted=True cert=True
[clean-BPC  2821.19s] route-pack-conflict diag node 19 source_vehicle=1 routes=5 U=4 complete=True cache_hit=True states=105 added=0
[clean-BPC  2821.82s] cut_added family=schedule_nogood_core node=19 added=1 source_vehicle=1 route_count=3 signatures=[[3, 11, 13, 12, 10], [1, 18, 20, 17], [6, 7, 5, 2]]
[clean-BPC  2821.82s] node 19 d=6 lb=227.193237 open=16
[clean-BPC  2822.33s] node 19 cg=1 phase=phase1 obj=0.0 artificial=0.0 cols=2942
[clean-BPC  2822.86s] node 19 cg=2 phase=phase2 obj=227.284484 artificial=0.0 cols=2942
[clean-BPC  2828.25s] node 19 cg=2 phase=phase2 kind=heuristic best_rc=0.16593845 found=0 added=0 exhausted=False cert=False
[clean-BPC  2841.57s] node 19 cg=2 phase=phase2 kind=heuristic_boost best_rc=-0.0693604 found=2 added=2 exhausted=True cert=True
[clean-BPC  2842.08s] node 19 cg=3 phase=phase2 obj=227.284484 artificial=0.0 cols=2944
[clean-BPC  2847.48s] node 19 cg=3 phase=phase2 kind=heuristic best_rc=0.16593845 found=0 added=0 exhausted=False cert=False
[clean-BPC  2860.78s] node 19 cg=3 phase=phase2 kind=heuristic_boost best_rc=0.16593845 found=0 added=0 exhausted=True cert=True
[clean-BPC  2867.42s] branch node 19: left=arc(13,12)=off right=arc(13,12)=on
[clean-BPC  2867.42s] node 21 d=7 lb=227.199688 open=17
[clean-BPC  2867.93s] node 21 cg=1 phase=phase1 obj=0.0 artificial=0.0 cols=2944
[clean-BPC  2868.45s] node 21 cg=2 phase=phase2 obj=227.27793 artificial=0.0 cols=2944
[clean-BPC  2873.84s] node 21 cg=2 phase=phase2 kind=heuristic best_rc=-0.42715625 found=2 added=2 exhausted=False cert=False
[clean-BPC  2874.35s] node 21 cg=3 phase=phase2 obj=227.27793 artificial=0.0 cols=2946
[clean-BPC  2879.41s] node 21 cg=3 phase=phase2 kind=heuristic best_rc=-0.29613975 found=1 added=1 exhausted=False cert=False
[clean-BPC  2879.92s] node 21 cg=4 phase=phase2 obj=227.27793 artificial=0.0 cols=2947
[clean-BPC  2885.17s] node 21 cg=4 phase=phase2 kind=heuristic best_rc=0.037967333 found=0 added=0 exhausted=False cert=False
[clean-BPC  2897.98s] node 21 cg=4 phase=phase2 kind=heuristic_boost best_rc=0.037967333 found=0 added=0 exhausted=True cert=True
[clean-BPC  2904.05s] branch node 21: left=RF(1,15)=separate right=RF(1,15)=same
[clean-BPC  2904.05s] node 22 d=7 lb=227.199688 open=18
[clean-BPC  2904.57s] node 22 cg=1 phase=phase1 obj=0.0 artificial=0.0 cols=2947
[clean-BPC  2905.11s] node 22 cg=2 phase=phase2 obj=227.375732 artificial=0.0 cols=2947
[clean-BPC  2910.16s] node 22 cg=2 phase=phase2 kind=heuristic best_rc=0.2934055 found=0 added=0 exhausted=False cert=False
[clean-BPC  2922.69s] node 22 cg=2 phase=phase2 kind=heuristic_boost best_rc=0.2820585 found=0 added=0 exhausted=True cert=True
[clean-BPC  2922.69s] fathom node 22: reason=bound_after_schedule_pack bound=227.375732
[clean-BPC  2922.69s] node 36 d=6 lb=227.211133 open=17
[clean-BPC  2922.97s] node 36 cg=1 phase=phase1 obj=0.0 artificial=0.0 cols=2947
[clean-BPC  2923.24s] node 36 cg=2 phase=phase2 obj=227.669137 artificial=0.0 cols=2947
[clean-BPC  2927.38s] node 36 cg=2 phase=phase2 kind=heuristic best_rc=-0.46863225 found=11 added=11 exhausted=False cert=False
[clean-BPC  2927.66s] node 36 cg=3 phase=phase2 obj=227.669137 artificial=0.0 cols=2958
[clean-BPC  2927.66s] cut_purged node=36 removed=2 by_kind={'schedule_nogood_core': 2} remaining=176
[clean-BPC  2927.94s] node 36 cg=4 phase=phase2 obj=227.669137 artificial=0.0 cols=2958
[clean-BPC  2932.07s] node 36 cg=4 phase=phase2 kind=heuristic best_rc=-0.321317 found=1 added=1 exhausted=False cert=False
[clean-BPC  2932.35s] node 36 cg=5 phase=phase2 obj=227.669137 artificial=0.0 cols=2959
[clean-BPC  2932.35s] cut_purged node=36 removed=1 by_kind={'schedule_nogood_core': 1} remaining=175
[clean-BPC  2932.63s] node 36 cg=6 phase=phase2 obj=227.669137 artificial=0.0 cols=2959
[clean-BPC  2936.77s] node 36 cg=6 phase=phase2 kind=heuristic best_rc=0.0 found=0 added=0 exhausted=False cert=False
[clean-BPC  2947.07s] node 36 cg=6 phase=phase2 kind=heuristic_boost best_rc=0.0 found=0 added=0 exhausted=True cert=True
[clean-BPC  2947.07s] fathom node 36: reason=bound_after_schedule_pack bound=227.669137
[clean-BPC  2947.07s] node 35 d=6 lb=227.211133 open=16
[clean-BPC  2947.53s] node 35 cg=1 phase=phase1 obj=0.0 artificial=0.0 cols=2959
[clean-BPC  2947.98s] node 35 cg=2 phase=phase2 obj=227.193237 artificial=0.0 cols=2959
[clean-BPC  2952.96s] node 35 cg=2 phase=phase2 kind=heuristic best_rc=0.0478805 found=0 added=0 exhausted=False cert=False
[clean-BPC  2965.18s] node 35 cg=2 phase=phase2 kind=heuristic_boost best_rc=-0.00033 found=2 added=2 exhausted=True cert=True
[clean-BPC  2965.64s] node 35 cg=3 phase=phase2 obj=227.193237 artificial=0.0 cols=2961
[clean-BPC  2970.69s] node 35 cg=3 phase=phase2 kind=heuristic best_rc=-0.40232875 found=3 added=3 exhausted=False cert=False
[clean-BPC  2971.14s] node 35 cg=4 phase=phase2 obj=227.193237 artificial=0.0 cols=2964
[clean-BPC  2976.85s] node 35 cg=4 phase=phase2 kind=heuristic best_rc=0.314111 found=0 added=0 exhausted=False cert=False
[clean-BPC  2989.84s] node 35 cg=4 phase=phase2 kind=heuristic_boost best_rc=0.120490778 found=0 added=0 exhausted=True cert=True
[clean-BPC  2989.85s] route-pack-conflict diag node 35 source_vehicle=1 routes=5 U=4 complete=True cache_hit=True states=102 added=0
[clean-BPC  2991.33s] cut_added family=schedule_nogood_core node=35 added=1 source_vehicle=1 route_count=3 signatures=[[10, 12, 13, 11, 3], [1, 18, 20, 17], [4, 16, 19, 15, 9]]
[clean-BPC  2991.33s] node 35 d=6 lb=227.193237 open=16
[clean-BPC  2991.79s] node 35 cg=1 phase=phase1 obj=0.0 artificial=0.0 cols=2964
[clean-BPC  2992.26s] node 35 cg=2 phase=phase2 obj=227.267961 artificial=0.0 cols=2964
[clean-BPC  2997.71s] node 35 cg=2 phase=phase2 kind=heuristic best_rc=-0.152437625 found=2 added=2 exhausted=False cert=False
[clean-BPC  2998.18s] node 35 cg=3 phase=phase2 obj=227.267961 artificial=0.0 cols=2966
[clean-BPC  3003.69s] node 35 cg=3 phase=phase2 kind=heuristic best_rc=0.0825725 found=0 added=0 exhausted=False cert=False
[clean-BPC  3016.47s] node 35 cg=3 phase=phase2 kind=heuristic_boost best_rc=-0.30166475 found=2 added=2 exhausted=True cert=True
[clean-BPC  3016.94s] node 35 cg=4 phase=phase2 obj=227.267961 artificial=0.0 cols=2968
[clean-BPC  3022.38s] node 35 cg=4 phase=phase2 kind=heuristic best_rc=0.26679425 found=0 added=0 exhausted=False cert=False
[clean-BPC  3034.93s] node 35 cg=4 phase=phase2 kind=heuristic_boost best_rc=0.26679425 found=0 added=0 exhausted=True cert=True
[clean-BPC  3040.54s] branch node 35: left=arc(13,12)=off right=arc(13,12)=on
[clean-BPC  3040.54s] node 42 d=6 lb=227.249142 open=17
[clean-BPC  3041.06s] node 42 cg=1 phase=phase1 obj=0.0 artificial=0.0 cols=2968
[clean-BPC  3041.60s] node 42 cg=2 phase=phase2 obj=227.33994 artificial=0.0 cols=2968
[clean-BPC  3046.79s] node 42 cg=2 phase=phase2 kind=heuristic best_rc=-0.496185625 found=2 added=2 exhausted=False cert=False
[clean-BPC  3047.32s] node 42 cg=3 phase=phase2 obj=227.33994 artificial=0.0 cols=2970
[clean-BPC  3052.34s] node 42 cg=3 phase=phase2 kind=heuristic best_rc=0.343193 found=0 added=0 exhausted=False cert=False
[clean-BPC  3064.79s] node 42 cg=3 phase=phase2 kind=heuristic_boost best_rc=0.343193 found=0 added=0 exhausted=True cert=True
[clean-BPC  3071.66s] branch node 42: left=RF(1,15)=separate right=RF(1,15)=same
[clean-BPC  3071.66s] node 30 d=6 lb=227.249142 open=18
[clean-BPC  3072.04s] node 30 cg=1 phase=phase1 obj=0.0 artificial=0.0 cols=2970
[clean-BPC  3072.42s] node 30 cg=2 phase=phase2 obj=227.296415 artificial=0.0 cols=2970
[clean-BPC  3076.71s] node 30 cg=2 phase=phase2 kind=heuristic best_rc=0.179133333 found=0 added=0 exhausted=False cert=False
[clean-BPC  3086.90s] node 30 cg=2 phase=phase2 kind=heuristic_boost best_rc=0.179133333 found=0 added=0 exhausted=True cert=True
[clean-BPC  3091.83s] branch node 30: left=arc(16,1)=off right=arc(16,1)=on
[clean-BPC  3091.83s] node 29 d=6 lb=227.249142 open=19
[clean-BPC  3092.22s] node 29 cg=1 phase=phase1 obj=0.0 artificial=0.0 cols=2970
[clean-BPC  3092.60s] node 29 cg=2 phase=phase2 obj=227.305047 artificial=0.0 cols=2970
[clean-BPC  3096.91s] node 29 cg=2 phase=phase2 kind=heuristic best_rc=0.240428 found=0 added=0 exhausted=False cert=False
[clean-BPC  3106.55s] node 29 cg=2 phase=phase2 kind=heuristic_boost best_rc=0.231898333 found=0 added=0 exhausted=True cert=True
[clean-BPC  3106.55s] route-pack-conflict diag node 29 source_vehicle=1 routes=5 U=3 complete=True cache_hit=False states=89 added=2
[clean-BPC  3106.55s] cut_added family=schedule_route_set_packing node=29 added=2 source=schedule_conflict first(vehicle=1, routes=5, U=3, states=89, cache_hit=False)
[clean-BPC  3106.55s] node 41 d=6 lb=227.249142 open=19
[clean-BPC  3107.07s] node 41 cg=1 phase=phase1 obj=0.0 artificial=0.0 cols=2970
[clean-BPC  3107.61s] node 41 cg=2 phase=phase2 obj=227.305047 artificial=0.0 cols=2970
[clean-BPC  3113.31s] node 41 cg=2 phase=phase2 kind=heuristic best_rc=0.012631792 found=0 added=0 exhausted=False cert=False
[clean-BPC  3128.39s] node 41 cg=2 phase=phase2 kind=heuristic_boost best_rc=0.012631792 found=0 added=0 exhausted=True cert=True
[clean-BPC  3128.39s] route-pack-conflict diag node 41 source_vehicle=1 routes=5 U=3 complete=True cache_hit=False states=95 added=2
[clean-BPC  3128.39s] cut_added family=schedule_route_set_packing node=41 added=2 source=schedule_conflict first(vehicle=1, routes=5, U=3, states=95, cache_hit=False)
[clean-BPC  3128.39s] node 32 d=6 lb=227.25145 open=19
[clean-BPC  3128.80s] node 32 cg=1 phase=phase1 obj=0.0 artificial=0.0 cols=2970
[clean-BPC  3129.20s] node 32 cg=2 phase=phase2 obj=227.812307 artificial=0.0 cols=2970
[clean-BPC  3132.87s] node 32 cg=2 phase=phase2 kind=heuristic best_rc=-0.719632 found=12 added=12 exhausted=False cert=False
[clean-BPC  3133.28s] node 32 cg=3 phase=phase2 obj=227.812307 artificial=0.0 cols=2982
[clean-BPC  3137.27s] node 32 cg=3 phase=phase2 kind=heuristic best_rc=-0.8385725 found=14 added=14 exhausted=False cert=False
[clean-BPC  3137.69s] node 32 cg=4 phase=phase2 obj=227.812307 artificial=0.0 cols=2996
[clean-BPC  3141.60s] node 32 cg=4 phase=phase2 kind=heuristic best_rc=-0.0 found=0 added=0 exhausted=False cert=False
[clean-BPC  3152.05s] node 32 cg=4 phase=phase2 kind=heuristic_boost best_rc=-0.0 found=0 added=0 exhausted=True cert=True
[clean-BPC  3152.05s] fathom node 32: reason=bound_after_schedule_pack bound=227.812307
[clean-BPC  3152.05s] node 31 d=6 lb=227.25145 open=18
[clean-BPC  3152.46s] node 31 cg=1 phase=phase1 obj=0.0 artificial=0.0 cols=2996
[clean-BPC  3152.89s] node 31 cg=2 phase=phase2 obj=227.267695 artificial=0.0 cols=2996
[clean-BPC  3157.02s] node 31 cg=2 phase=phase2 kind=heuristic best_rc=-0.0 found=0 added=0 exhausted=False cert=False
[clean-BPC  3166.51s] node 31 cg=2 phase=phase2 kind=heuristic_boost best_rc=-2.787997423 found=44 added=44 exhausted=True cert=True
[clean-BPC  3166.94s] node 31 cg=3 phase=phase2 obj=227.267695 artificial=0.0 cols=3040
[clean-BPC  3171.17s] node 31 cg=3 phase=phase2 kind=heuristic best_rc=-0.0 found=0 added=0 exhausted=False cert=False
[clean-BPC  3180.82s] node 31 cg=3 phase=phase2 kind=heuristic_boost best_rc=-0.0 found=0 added=0 exhausted=True cert=True
[clean-BPC  3184.60s] branch node 31: left=RF(2,6)=separate right=RF(2,6)=same
[clean-BPC  3184.60s] node 53 d=7 lb=227.267695 open=19
[clean-BPC  3185.01s] node 53 cg=1 phase=phase1 obj=0.0 artificial=0.0 cols=3040
[clean-BPC  3185.41s] node 53 cg=2 phase=phase2 obj=227.267777 artificial=0.0 cols=3040
[clean-BPC  3189.73s] node 53 cg=2 phase=phase2 kind=heuristic best_rc=-0.0 found=0 added=0 exhausted=False cert=False
[clean-BPC  3199.70s] node 53 cg=2 phase=phase2 kind=heuristic_boost best_rc=-0.222141 found=10 added=10 exhausted=True cert=True
[clean-BPC  3200.12s] node 53 cg=3 phase=phase2 obj=227.267777 artificial=0.0 cols=3050
[clean-BPC  3204.40s] node 53 cg=3 phase=phase2 kind=heuristic best_rc=0.0 found=0 added=0 exhausted=False cert=False
[clean-BPC  3214.90s] node 53 cg=3 phase=phase2 kind=heuristic_boost best_rc=0.0 found=0 added=0 exhausted=True cert=True
[clean-BPC  3218.25s] branch node 53: left=arc(13,12)=off right=arc(13,12)=on
[clean-BPC  3218.25s] node 54 d=7 lb=227.267695 open=20
[clean-BPC  3218.53s] node 54 cg=1 phase=phase1 obj=0.0 artificial=0.0 cols=3050
[clean-BPC  3218.82s] node 54 cg=2 phase=phase2 obj=227.713956 artificial=0.0 cols=3050
[clean-BPC  3222.28s] node 54 cg=2 phase=phase2 kind=heuristic best_rc=-0.734652 found=20 added=20 exhausted=False cert=False
[clean-BPC  3222.55s] node 54 cg=3 phase=phase2 obj=227.713956 artificial=0.0 cols=3070
[clean-BPC  3226.23s] node 54 cg=3 phase=phase2 kind=heuristic best_rc=-0.2344615 found=3 added=3 exhausted=False cert=False
[clean-BPC  3226.51s] node 54 cg=4 phase=phase2 obj=227.713956 artificial=0.0 cols=3073
[clean-BPC  3230.05s] node 54 cg=4 phase=phase2 kind=heuristic best_rc=-0.179581136 found=2 added=2 exhausted=False cert=False
[clean-BPC  3230.33s] node 54 cg=5 phase=phase2 obj=227.713956 artificial=0.0 cols=3075
[clean-BPC  3234.21s] node 54 cg=5 phase=phase2 kind=heuristic best_rc=-0.23529 found=1 added=1 exhausted=False cert=False
[clean-BPC  3234.49s] node 54 cg=6 phase=phase2 obj=227.713956 artificial=0.0 cols=3076
[clean-BPC  3238.46s] node 54 cg=6 phase=phase2 kind=heuristic best_rc=0.0 found=0 added=0 exhausted=False cert=False
[clean-BPC  3251.49s] node 54 cg=6 phase=phase2 kind=heuristic_boost best_rc=-0.6889595 found=3 added=3 exhausted=True cert=True
[clean-BPC  3251.77s] node 54 cg=7 phase=phase2 obj=227.713956 artificial=0.0 cols=3079
[clean-BPC  3255.34s] node 54 cg=7 phase=phase2 kind=heuristic best_rc=0.063856318 found=0 added=0 exhausted=False cert=False
[clean-BPC  3265.65s] node 54 cg=7 phase=phase2 kind=heuristic_boost best_rc=-0.1079815 found=2 added=2 exhausted=True cert=True
[clean-BPC  3265.94s] node 54 cg=8 phase=phase2 obj=227.713956 artificial=0.0 cols=3081
[clean-BPC  3269.55s] node 54 cg=8 phase=phase2 kind=heuristic best_rc=0.063430278 found=0 added=0 exhausted=False cert=False
[clean-BPC  3279.86s] node 54 cg=8 phase=phase2 kind=heuristic_boost best_rc=0.063430278 found=0 added=0 exhausted=True cert=True
[clean-BPC  3279.86s] fathom node 54: reason=bound_after_schedule_pack bound=227.713956
[clean-BPC  3279.86s] node 55 d=8 lb=227.267777 open=19
[clean-BPC  3280.27s] node 55 cg=1 phase=phase1 obj=0.0 artificial=0.0 cols=3081
[clean-BPC  3280.70s] node 55 cg=2 phase=phase2 obj=227.305047 artificial=0.0 cols=3081
[clean-BPC  3284.69s] node 55 cg=2 phase=phase2 kind=heuristic best_rc=0.184103 found=0 added=0 exhausted=False cert=False
[clean-BPC  3293.99s] node 55 cg=2 phase=phase2 kind=heuristic_boost best_rc=0.180564 found=0 added=0 exhausted=True cert=True
[clean-BPC  3297.38s] branch node 55: left=arc(3,13)=off right=arc(3,13)=on
[clean-BPC  3297.38s] node 56 d=8 lb=227.267777 open=20
[clean-BPC  3297.78s] node 56 cg=1 phase=phase1 obj=0.0 artificial=0.0 cols=3081
[clean-BPC  3298.21s] node 56 cg=2 phase=phase2 obj=227.449897 artificial=0.0 cols=3081
[clean-BPC  3302.52s] node 56 cg=2 phase=phase2 kind=heuristic best_rc=-0.07278925 found=1 added=1 exhausted=False cert=False
[clean-BPC  3302.94s] node 56 cg=3 phase=phase2 obj=227.449897 artificial=0.0 cols=3082
[clean-BPC  3307.22s] node 56 cg=3 phase=phase2 kind=heuristic best_rc=0.0 found=0 added=0 exhausted=False cert=False
[clean-BPC  3318.13s] node 56 cg=3 phase=phase2 kind=heuristic_boost best_rc=-0.08604075 found=2 added=2 exhausted=True cert=True
[clean-BPC  3318.55s] node 56 cg=4 phase=phase2 obj=227.449897 artificial=0.0 cols=3084
[clean-BPC  3323.08s] node 56 cg=4 phase=phase2 kind=heuristic best_rc=-0.141499 found=1 added=1 exhausted=False cert=False
[clean-BPC  3323.50s] node 56 cg=5 phase=phase2 obj=227.449897 artificial=0.0 cols=3085
[clean-BPC  3327.82s] node 56 cg=5 phase=phase2 kind=heuristic best_rc=0.0 found=0 added=0 exhausted=False cert=False
[clean-BPC  3338.95s] node 56 cg=5 phase=phase2 kind=heuristic_boost best_rc=0.0 found=0 added=0 exhausted=True cert=True
[clean-BPC  3338.95s] fathom node 56: reason=bound_after_schedule_pack bound=227.449897
[clean-BPC  3338.95s] node 48 d=7 lb=227.267961 open=19
[clean-BPC  3339.44s] node 48 cg=1 phase=phase1 obj=0.0 artificial=0.0 cols=3085
[clean-BPC  3339.93s] node 48 cg=2 phase=phase2 obj=227.71448 artificial=0.0 cols=3085
[clean-BPC  3344.75s] node 48 cg=2 phase=phase2 kind=heuristic best_rc=-0.714606119 found=4 added=4 exhausted=False cert=False
[clean-BPC  3345.25s] node 48 cg=3 phase=phase2 obj=227.71448 artificial=0.0 cols=3089
[clean-BPC  3349.98s] node 48 cg=3 phase=phase2 kind=heuristic best_rc=0.0083275 found=0 added=0 exhausted=False cert=False
[clean-BPC  3360.32s] node 48 cg=3 phase=phase2 kind=heuristic_boost best_rc=-0.081631214 found=2 added=2 exhausted=True cert=True
[clean-BPC  3360.82s] node 48 cg=4 phase=phase2 obj=227.71448 artificial=0.0 cols=3091
[clean-BPC  3360.82s] cut_purged node=48 removed=1 by_kind={'schedule_nogood_core': 1} remaining=179
[clean-BPC  3361.33s] node 48 cg=5 phase=phase2 obj=227.71448 artificial=0.0 cols=3091
[clean-BPC  3366.11s] node 48 cg=5 phase=phase2 kind=heuristic best_rc=0.3128354 found=0 added=0 exhausted=False cert=False
[clean-BPC  3375.70s] node 48 cg=5 phase=phase2 kind=heuristic_boost best_rc=0.0 found=0 added=0 exhausted=True cert=True
[clean-BPC  3375.70s] fathom node 48: reason=bound_after_schedule_pack bound=227.71448
[clean-BPC  3375.70s] node 47 d=7 lb=227.267961 open=18
[clean-BPC  3376.18s] node 47 cg=1 phase=phase1 obj=0.0 artificial=0.0 cols=3091
[clean-BPC  3376.67s] node 47 cg=2 phase=phase2 obj=227.193237 artificial=0.0 cols=3091
[clean-BPC  3381.81s] node 47 cg=2 phase=phase2 kind=heuristic best_rc=0.0 found=0 added=0 exhausted=False cert=False
[clean-BPC  3393.55s] node 47 cg=2 phase=phase2 kind=heuristic_boost best_rc=-0.511399 found=11 added=11 exhausted=True cert=True
[clean-BPC  3394.07s] node 47 cg=3 phase=phase2 obj=227.193237 artificial=0.0 cols=3102
[clean-BPC  3399.65s] node 47 cg=3 phase=phase2 kind=heuristic best_rc=0.0 found=0 added=0 exhausted=False cert=False
[clean-BPC  3412.32s] node 47 cg=3 phase=phase2 kind=heuristic_boost best_rc=0.0 found=0 added=0 exhausted=True cert=True
[clean-BPC  3412.33s] route-pack-conflict diag node 47 source_vehicle=1 routes=5 U=4 complete=True cache_hit=True states=102 added=0
[clean-BPC  3413.81s] cut_added family=schedule_nogood_core node=47 added=1 source_vehicle=1 route_count=3 signatures=[[10, 12, 13, 11, 3], [1, 18, 20, 17], [4, 16, 19, 15, 9]]
[clean-BPC  3413.81s] node 47 d=7 lb=227.193237 open=18
[clean-BPC  3414.31s] node 47 cg=1 phase=phase1 obj=0.0 artificial=0.0 cols=3102
[clean-BPC  3414.83s] node 47 cg=2 phase=phase2 obj=227.292869 artificial=0.0 cols=3102
[clean-BPC  3420.24s] node 47 cg=2 phase=phase2 kind=heuristic best_rc=-0.0 found=0 added=0 exhausted=False cert=False
[clean-BPC  3432.24s] node 47 cg=2 phase=phase2 kind=heuristic_boost best_rc=-0.0 found=0 added=0 exhausted=True cert=True
[clean-BPC  3436.67s] branch node 47: left=arc(12,13)=off right=arc(12,13)=on
[clean-BPC  3436.67s] node 46 d=8 lb=227.27793 open=19
[clean-BPC  3436.96s] node 46 cg=1 phase=phase1 obj=0.0 artificial=0.0 cols=3102
[clean-BPC  3437.25s] node 46 cg=2 phase=phase2 obj=227.669137 artificial=0.0 cols=3102
[clean-BPC  3441.33s] node 46 cg=2 phase=phase2 kind=heuristic best_rc=-0.7581335 found=7 added=7 exhausted=False cert=False
[clean-BPC  3441.61s] node 46 cg=3 phase=phase2 obj=227.669137 artificial=0.0 cols=3109
[clean-BPC  3445.57s] node 46 cg=3 phase=phase2 kind=heuristic best_rc=-0.84432 found=10 added=10 exhausted=False cert=False
[clean-BPC  3445.86s] node 46 cg=4 phase=phase2 obj=227.669137 artificial=0.0 cols=3119
[clean-BPC  3449.68s] node 46 cg=4 phase=phase2 kind=heuristic best_rc=-0.614532 found=5 added=5 exhausted=False cert=False
[clean-BPC  3449.96s] node 46 cg=5 phase=phase2 obj=227.669137 artificial=0.0 cols=3124
[clean-BPC  3453.85s] node 46 cg=5 phase=phase2 kind=heuristic best_rc=-0.008519 found=3 added=3 exhausted=False cert=False
[clean-BPC  3454.15s] node 46 cg=6 phase=phase2 obj=227.669137 artificial=0.0 cols=3127
[clean-BPC  3457.96s] node 46 cg=6 phase=phase2 kind=heuristic best_rc=-0.0 found=0 added=0 exhausted=False cert=False
[clean-BPC  3467.21s] node 46 cg=6 phase=phase2 kind=heuristic_boost best_rc=-0.0 found=0 added=0 exhausted=True cert=True
[clean-BPC  3467.21s] fathom node 46: reason=bound_after_schedule_pack bound=227.669137
[clean-BPC  3467.21s] node 45 d=8 lb=227.27793 open=18
[clean-BPC  3467.71s] node 45 cg=1 phase=phase1 obj=0.0 artificial=0.0 cols=3127
[clean-BPC  3468.20s] node 45 cg=2 phase=phase2 obj=227.342948 artificial=0.0 cols=3127
[clean-BPC  3473.60s] node 45 cg=2 phase=phase2 kind=heuristic best_rc=0.1082165 found=0 added=0 exhausted=False cert=False
[clean-BPC  3485.34s] node 45 cg=2 phase=phase2 kind=heuristic_boost best_rc=0.01998991 found=0 added=0 exhausted=True cert=True
[clean-BPC  3491.44s] branch node 45: left=arc(11,3)=off right=arc(11,3)=on
[clean-BPC  3491.44s] node 44 d=7 lb=227.284484 open=19
[clean-BPC  3491.99s] node 44 cg=1 phase=phase1 obj=0.0 artificial=0.0 cols=3127
[clean-BPC  3492.55s] node 44 cg=2 phase=phase2 obj=227.193237 artificial=0.0 cols=3127
[clean-BPC  3497.90s] node 44 cg=2 phase=phase2 kind=heuristic best_rc=-0.2401385 found=4 added=4 exhausted=False cert=False
[clean-BPC  3498.46s] node 44 cg=3 phase=phase2 obj=227.193237 artificial=0.0 cols=3131
[clean-BPC  3503.43s] node 44 cg=3 phase=phase2 kind=heuristic best_rc=0.172327676 found=0 added=0 exhausted=False cert=False
[clean-BPC  3517.26s] node 44 cg=3 phase=phase2 kind=heuristic_boost best_rc=0.172327676 found=0 added=0 exhausted=True cert=True
[clean-BPC  3517.26s] route-pack-conflict diag node 44 source_vehicle=1 routes=5 U=4 complete=True cache_hit=True states=105 added=0
[clean-BPC  3517.90s] cut_added family=schedule_nogood_core node=44 added=1 source_vehicle=1 route_count=3 signatures=[[3, 11, 13, 12, 10], [1, 18, 20, 17], [6, 7, 5, 2]]
[clean-BPC  3517.90s] node 44 d=7 lb=227.193237 open=19
[clean-BPC  3518.46s] node 44 cg=1 phase=phase1 obj=0.0 artificial=0.0 cols=3131
[clean-BPC  3519.03s] node 44 cg=2 phase=phase2 obj=227.71448 artificial=0.0 cols=3131
[clean-BPC  3523.99s] node 44 cg=2 phase=phase2 kind=heuristic best_rc=0.082669602 found=0 added=0 exhausted=False cert=False
[clean-BPC  3537.80s] node 44 cg=2 phase=phase2 kind=heuristic_boost best_rc=0.044023748 found=0 added=0 exhausted=True cert=True
[clean-BPC  3537.80s] fathom node 44: reason=bound_after_schedule_pack bound=227.71448
[clean-BPC  3537.80s] node 43 d=7 lb=227.284484 open=18
[clean-BPC  3538.35s] node 43 cg=1 phase=phase1 obj=0.0 artificial=0.0 cols=3131
[clean-BPC  3538.92s] node 43 cg=2 phase=phase2 obj=227.305047 artificial=0.0 cols=3131
[clean-BPC  3544.65s] node 43 cg=2 phase=phase2 kind=heuristic best_rc=-0.0 found=0 added=0 exhausted=False cert=False
[clean-BPC  3560.70s] node 43 cg=2 phase=phase2 kind=heuristic_boost best_rc=-0.0 found=0 added=0 exhausted=True cert=True
[clean-BPC  3560.70s] route-pack-conflict diag node 43 source_vehicle=1 routes=5 U=4 complete=True cache_hit=False states=105 added=0
[clean-BPC  3561.34s] cut_added family=schedule_nogood_core node=43 added=2 source_vehicle=1 route_count=3 signatures=[[3, 13, 11, 12, 10], [1, 18, 20, 17], [6, 7, 5, 2]]
[clean-BPC  3561.34s] node 39 d=6 lb=227.287042 open=18
[clean-BPC  3561.80s] node 39 cg=1 phase=phase1 obj=0.0 artificial=0.0 cols=3131
[clean-BPC  3562.29s] node 39 cg=2 phase=phase2 obj=227.249142 artificial=0.0 cols=3131
[clean-BPC  3567.53s] node 39 cg=2 phase=phase2 kind=heuristic best_rc=0.11181 found=0 added=0 exhausted=False cert=False
[clean-BPC  3580.01s] node 39 cg=2 phase=phase2 kind=heuristic_boost best_rc=-0.057032167 found=1 added=1 exhausted=True cert=True
[clean-BPC  3580.50s] node 39 cg=3 phase=phase2 obj=227.249142 artificial=0.0 cols=3132
[clean-BPC  3586.38s] node 39 cg=3 phase=phase2 kind=heuristic best_rc=0.379663 found=0 added=0 exhausted=False cert=False
[clean-BPC  3600.05s] node 39 cg=3 phase=phase2 kind=heuristic_boost best_rc=0.0 found=0 added=0 exhausted=True cert=True
[clean-BPC  3600.05s] fathom node 39: reason=time_limit_after_node_certificate bound=227.249142
[clean-BPC  3600.05s] finish status=TIME_LIMIT primal=227.363742 dual=None gap=None cuts=183 diag_dual=227.249142 diag_gap=0.000504 crossing=13 crossing_upgraded=0 subset_row=23 lm_rank1=20 sched_cost=0 pair=8 clique=1 route_pack=110 nogood=18 sched_cap=0 sched_pack_adapt=0/0 route_enum_adapt=0/0
bench_20_06: status=TIME_LIMIT, primal=227.363742, dual=None, gap=None, diag_dual=227.249142, diag_gap=0.000504, time=3600.047908s, nodes=73, rmp=276, pricing=317, routes=3132, cuts=183, crossing=13, crossing_upgraded=0, rci=13, kpath=0, pair=8, subset_row=23, lm_rank1=20, sched_cost=0, clique=1, route_pack=110, nogood=18, sched_cap=0, fleet_lb=0/0, fleet_oracle_U=None, fleet_oracle_states=0, fleet_oracle_exact=False, rim_calls=20, rim_feasible=1, rim_rejected=250, rim_pair=6, rim_route_pack=306, rim_ng=188, rim_sched_cap=0, sched_pack_status=None, sched_pack_obj=None, sched_pack_gap_root=None, sched_pack_cols=0, sched_pack_relax_calls=0, sched_pack_relax_best=None, sched_pack_full_exact=0, sched_pack_adapt=0/0, sched_pack_adapt_skip=0, route_enum_adapt=0/0, route_enum_adapt_skip=0, cuts_purged=10, branch_test_time=201.9416s
开始 clean BPC: instance=bench_20_08, tasks=20, vehicles=2, time_limit=3600s, max_nodes=100000, log=/home/kai/work/gnn_bb/branchpricecut/results/logs/20260522_bpc_clean_fleetlb_budget_long_20_regression/bench_20_08.jsonl
[clean-BPC     0.88s] incumbent node 0: obj=252.910679
[clean-BPC     6.36s] start: {'time': 6.360045, 'event': 'start', 'instance': 'bench_20_08', 'tasks': 20, 'vehicles': 2, 'initial_routes': 25, 'initial_incumbent': 252.910679, 'task_vehicle_linking_enabled': True, 'schedule_capacity_cuts_enabled': True, 'schedule_capacity_separation_enabled': False, 'fleet_lower_bound_cuts_enabled': True, 'fleet_lower_bound_oracle_max_states': 500000, 'schedule_pack_diagnostic_enabled': False, 'schedule_pack_relaxation_enabled': False, 'schedule_pack_full_pricing_enabled': False, 'schedule_pack_adaptive_enabled': False, 'route_enumeration_adaptive_enabled': False}
[clean-BPC     6.36s] node 0 d=0 lb=0.0 open=0
[clean-BPC     6.36s] node 0 cg=1 phase=phase1 obj=0.0 artificial=0.0 cols=25
[clean-BPC     6.36s] node 0 cg=2 phase=phase2 obj=252.910679 artificial=0.0 cols=25
[clean-BPC    10.12s] node 0 cg=2 phase=phase2 kind=heuristic best_rc=-24.522183 found=40066 added=600 exhausted=False cert=False
[clean-BPC    10.14s] node 0 cg=3 phase=phase2 obj=252.910679 artificial=0.0 cols=625
[clean-BPC    15.10s] node 0 cg=3 phase=phase2 kind=heuristic best_rc=-23.435868 found=90214 added=600 exhausted=False cert=False
[clean-BPC    15.15s] node 0 cg=4 phase=phase2 obj=245.321043 artificial=0.0 cols=1225
[clean-BPC    18.22s] node 0 cg=4 phase=phase2 kind=heuristic best_rc=-7.951699 found=8750 added=600 exhausted=False cert=False
[clean-BPC    18.29s] node 0 cg=5 phase=phase2 obj=235.439497 artificial=0.0 cols=1825
[clean-BPC    21.16s] node 0 cg=5 phase=phase2 kind=heuristic best_rc=-2.65611825 found=235 added=235 exhausted=False cert=False
[clean-BPC    21.24s] node 0 cg=6 phase=phase2 obj=234.473169 artificial=0.0 cols=2060
[clean-BPC    24.17s] node 0 cg=6 phase=phase2 kind=heuristic best_rc=-1.198507882 found=40 added=40 exhausted=False cert=False
[clean-BPC    24.24s] node 0 cg=7 phase=phase2 obj=234.202371 artificial=0.0 cols=2100
[clean-BPC    27.19s] node 0 cg=7 phase=phase2 kind=heuristic best_rc=0.42587415 found=0 added=0 exhausted=False cert=False
[clean-BPC    33.71s] node 0 cg=7 phase=phase2 kind=exact best_rc=0.42587415 found=0 added=0 exhausted=True cert=True
[clean-BPC    35.23s] cut_added family=crossing_cut node=0 added=3 upgraded=0 first={'id': 0, 'tasks': [10, 12, 14, 15, 17], 'demand': 10.0, 'capacity_bound': 2, 'resource_bound': 1, 'k_bound': 2, 'rhs': 4.0, 'source': 'capacity', 'violation': 0.6, 'action': 'add'}
[clean-BPC    35.34s] node 0 cg=8 phase=phase2 obj=234.465437 artificial=0.0 cols=2100
[clean-BPC    38.71s] node 0 cg=8 phase=phase2 kind=heuristic best_rc=0.2493925 found=0 added=0 exhausted=False cert=False
[clean-BPC    48.92s] node 0 cg=8 phase=phase2 kind=exact best_rc=0.2493925 found=0 added=0 exhausted=True cert=True
[clean-BPC    49.56s] cut_added family=crossing_cut node=0 added=1 upgraded=0 first={'id': 3, 'tasks': [7, 11, 14, 17], 'demand': 11.0, 'capacity_bound': 2, 'resource_bound': 1, 'k_bound': 2, 'rhs': 4.0, 'source': 'capacity', 'violation': 0.666666667, 'action': 'add'}
[clean-BPC    49.67s] node 0 cg=9 phase=phase2 obj=234.499114 artificial=0.0 cols=2100
[clean-BPC    53.30s] node 0 cg=9 phase=phase2 kind=heuristic best_rc=-0.18884 found=6 added=6 exhausted=False cert=False
[clean-BPC    53.42s] node 0 cg=10 phase=phase2 obj=234.499114 artificial=0.0 cols=2106
[clean-BPC    56.90s] node 0 cg=10 phase=phase2 kind=heuristic best_rc=0.260194 found=0 added=0 exhausted=False cert=False
[clean-BPC    67.96s] node 0 cg=10 phase=phase2 kind=exact best_rc=0.260194 found=0 added=0 exhausted=True cert=True
[clean-BPC    68.72s] cut_added family=crossing_cut node=0 added=1 upgraded=0 first={'id': 4, 'tasks': [4, 8, 18, 19, 20], 'demand': 11.0, 'capacity_bound': 2, 'resource_bound': 1, 'k_bound': 2, 'rhs': 4.0, 'source': 'capacity', 'violation': 0.285714286, 'action': 'add'}
[clean-BPC    68.84s] node 0 cg=11 phase=phase2 obj=234.519741 artificial=0.0 cols=2106
[clean-BPC    72.46s] node 0 cg=11 phase=phase2 kind=heuristic best_rc=-0.025223 found=2 added=2 exhausted=False cert=False
[clean-BPC    72.58s] node 0 cg=12 phase=phase2 obj=234.519741 artificial=0.0 cols=2108
[clean-BPC    76.35s] node 0 cg=12 phase=phase2 kind=heuristic best_rc=0.095682 found=0 added=0 exhausted=False cert=False
[clean-BPC    90.95s] node 0 cg=12 phase=phase2 kind=exact best_rc=0.095682 found=0 added=0 exhausted=True cert=True
[clean-BPC    90.95s] subset-row diag node 0 round=1 cand=137 k=2 dup=0 not_viol=272 violated=2 added=2 max_viol=0.33333333333333304
[clean-BPC    90.96s] cut_added family=subset_row node=0 added=2 first(|S|=8, k=3, viol=0.333333333)
[clean-BPC    91.08s] node 0 cg=13 phase=phase2 obj=234.71532 artificial=0.0 cols=2108
[clean-BPC    94.77s] node 0 cg=13 phase=phase2 kind=heuristic best_rc=-0.040870091 found=4 added=4 exhausted=False cert=False
[clean-BPC    94.91s] node 0 cg=14 phase=phase2 obj=234.71532 artificial=0.0 cols=2112
[clean-BPC    98.69s] node 0 cg=14 phase=phase2 kind=heuristic best_rc=0.0 found=0 added=0 exhausted=False cert=False
[clean-BPC   112.92s] node 0 cg=14 phase=phase2 kind=exact best_rc=0.0 found=0 added=0 exhausted=True cert=True
[clean-BPC   112.93s] subset-row diag node 0 round=2 cand=278 k=2 dup=2 not_viol=547 violated=7 added=7 max_viol=0.18181818181818188
[clean-BPC   112.93s] cut_added family=subset_row node=0 added=7 first(|S|=3, k=2, viol=0.181818182)
[clean-BPC   113.09s] node 0 cg=15 phase=phase2 obj=234.792078 artificial=0.0 cols=2112
[clean-BPC   116.98s] node 0 cg=15 phase=phase2 kind=heuristic best_rc=-0.13893 found=2 added=2 exhausted=False cert=False
[clean-BPC   117.15s] node 0 cg=16 phase=phase2 obj=234.792078 artificial=0.0 cols=2114
[clean-BPC   121.03s] node 0 cg=16 phase=phase2 kind=heuristic best_rc=-0.0 found=0 added=0 exhausted=False cert=False
[clean-BPC   135.75s] node 0 cg=16 phase=phase2 kind=exact best_rc=-0.0 found=0 added=0 exhausted=True cert=True
[clean-BPC   135.75s] subset-row diag node 0 round=3 cand=200 k=2 dup=9 not_viol=391 violated=0 added=0 max_viol=0.0
[clean-BPC   135.82s] lm-rank1 diag node 0 round=1 cand=200 denom=2 patterns=4380 dup=0 not_viol=4296 violated=0 added=0 max_viol=0.0
[clean-BPC   135.86s] route-pack diag node 0 round=1 vehicles=2/2 support_max=10 cand=39 oracle=39 incomplete=0 not_tight=10 not_viol=26 dup=0 violated=3 added=3 max_viol=0.3333333333333335 states_max=2269
[clean-BPC   135.86s] cut_added family=schedule_route_set_packing node=0 added=3 first(vehicle=1, routes=9, U=4, y=0.5, viol=0.333333333, states=1291)
[clean-BPC   136.01s] node 0 cg=17 phase=phase2 obj=234.792078 artificial=0.0 cols=2114
[clean-BPC   139.84s] node 0 cg=17 phase=phase2 kind=heuristic best_rc=-0.0 found=0 added=0 exhausted=False cert=False
[clean-BPC   154.49s] node 0 cg=17 phase=phase2 kind=exact best_rc=-0.0 found=0 added=0 exhausted=True cert=True
[clean-BPC   154.54s] lm-rank1 diag node 0 round=2 cand=200 denom=2 patterns=4380 dup=0 not_viol=4296 violated=0 added=0 max_viol=0.0
[clean-BPC   154.58s] route-pack diag node 0 round=2 vehicles=2/2 support_max=10 cand=35 oracle=35 incomplete=0 not_tight=8 not_viol=23 dup=0 violated=4 added=4 max_viol=0.3333333333333335 states_max=1973
[clean-BPC   154.58s] cut_added family=schedule_route_set_packing node=0 added=4 first(vehicle=1, routes=9, U=4, y=0.5, viol=0.333333333, states=1043)
[clean-BPC   154.73s] node 0 cg=18 phase=phase2 obj=234.792078 artificial=0.0 cols=2114
[clean-BPC   158.69s] node 0 cg=18 phase=phase2 kind=heuristic best_rc=-0.012895 found=2 added=2 exhausted=False cert=False
[clean-BPC   158.86s] node 0 cg=19 phase=phase2 obj=234.792078 artificial=0.0 cols=2116
[clean-BPC   162.70s] node 0 cg=19 phase=phase2 kind=heuristic best_rc=-0.2364755 found=14 added=14 exhausted=False cert=False
[clean-BPC   162.87s] node 0 cg=20 phase=phase2 obj=234.792078 artificial=0.0 cols=2130
[clean-BPC   166.76s] node 0 cg=20 phase=phase2 kind=heuristic best_rc=0.059903 found=0 added=0 exhausted=False cert=False
[clean-BPC   181.61s] node 0 cg=20 phase=phase2 kind=exact best_rc=0.0 found=0 added=0 exhausted=True cert=True
[clean-BPC   181.66s] lm-rank1 diag node 0 round=3 cand=200 denom=2 patterns=4380 dup=0 not_viol=4296 violated=0 added=0 max_viol=0.0
[clean-BPC   202.18s] route-pack-conflict diag node 0 source_vehicle=1 routes=5 U=4 complete=True cache_hit=False states=110 added=0
[clean-BPC   203.67s] route-pack-conflict diag node 0 source_vehicle=1 routes=5 U=4 complete=True cache_hit=False states=99 added=0
[clean-BPC   218.11s] rim-conflict diag node 0 conflicts=13 pair_events=0 pair_cuts=0 schedcap_events=0 schedcap_cuts=0 routepack_events=2 routepack_cuts=0 routepack_cache=0 routepack_states_max=110 routepack_budget_skip=11 nogood_events=0 nogood_cuts=0 weak_skip=13
[clean-BPC    20.50s] restricted-MIP node 0 status=TIME_LIMIT obj=None accepted=False routes=2130 rejected=13 pair=0 ng=26 route_pack=0 sched_cap=0 added_cuts=0 time=20.503805
[clean-BPC   221.56s] branch node 0: left=task_vehicle(10,2)=off right=task_vehicle(10,2)=on
[clean-BPC   221.56s] node 1 d=1 lb=234.792078 open=1
[clean-BPC   221.68s] node 1 cg=1 phase=phase1 obj=0.0 artificial=0.0 cols=2130
[clean-BPC   221.81s] node 1 cg=2 phase=phase2 obj=234.792078 artificial=0.0 cols=2130
[clean-BPC   225.38s] node 1 cg=2 phase=phase2 kind=heuristic best_rc=-0.225814 found=4 added=4 exhausted=False cert=False
[clean-BPC   225.51s] node 1 cg=3 phase=phase2 obj=234.792078 artificial=0.0 cols=2134
[clean-BPC   229.27s] node 1 cg=3 phase=phase2 kind=heuristic best_rc=0.293208 found=0 added=0 exhausted=False cert=False
[clean-BPC   240.29s] node 1 cg=3 phase=phase2 kind=heuristic_boost best_rc=-1.052219 found=18 added=18 exhausted=True cert=True
[clean-BPC   240.42s] node 1 cg=4 phase=phase2 obj=234.792078 artificial=0.0 cols=2152
[clean-BPC   244.17s] node 1 cg=4 phase=phase2 kind=heuristic best_rc=-0.057154 found=2 added=2 exhausted=False cert=False
[clean-BPC   244.30s] node 1 cg=5 phase=phase2 obj=234.792078 artificial=0.0 cols=2154
[clean-BPC   248.10s] node 1 cg=5 phase=phase2 kind=heuristic best_rc=0.03731 found=0 added=0 exhausted=False cert=False
[clean-BPC   257.50s] node 1 cg=5 phase=phase2 kind=heuristic_boost best_rc=-1.525092571 found=29 added=29 exhausted=True cert=True
[clean-BPC   257.63s] node 1 cg=6 phase=phase2 obj=234.792078 artificial=0.0 cols=2183
[clean-BPC   261.35s] node 1 cg=6 phase=phase2 kind=heuristic best_rc=0.293208 found=0 added=0 exhausted=False cert=False
[clean-BPC   272.20s] node 1 cg=6 phase=phase2 kind=heuristic_boost best_rc=0.0 found=0 added=0 exhausted=True cert=True
[clean-BPC   272.27s] route-pack diag node 1 round=1 vehicles=1/2 support_max=13 cand=30 oracle=30 incomplete=0 not_tight=7 not_viol=22 dup=0 violated=1 added=1 max_viol=0.33333333333333304 states_max=8103
[clean-BPC   272.27s] cut_added family=schedule_route_set_packing node=1 added=1 first(vehicle=1, routes=12, U=4, y=1.0, viol=0.333333333, states=4437)
[clean-BPC   272.40s] node 1 cg=7 phase=phase2 obj=234.792078 artificial=0.0 cols=2183
[clean-BPC   276.20s] node 1 cg=7 phase=phase2 kind=heuristic best_rc=0.244134 found=0 added=0 exhausted=False cert=False
[clean-BPC   288.47s] node 1 cg=7 phase=phase2 kind=heuristic_boost best_rc=-0.0 found=0 added=0 exhausted=True cert=True
[clean-BPC   288.53s] route-pack diag node 1 round=2 vehicles=1/2 support_max=13 cand=29 oracle=29 incomplete=0 not_tight=7 not_viol=21 dup=0 violated=1 added=1 max_viol=0.33333333333333304 states_max=7154
[clean-BPC   288.53s] cut_added family=schedule_route_set_packing node=1 added=1 first(vehicle=1, routes=12, U=4, y=1.0, viol=0.333333333, states=3822)
[clean-BPC   288.65s] node 1 cg=8 phase=phase2 obj=234.792078 artificial=0.0 cols=2183
[clean-BPC   292.47s] node 1 cg=8 phase=phase2 kind=heuristic best_rc=0.244134 found=0 added=0 exhausted=False cert=False
[clean-BPC   304.64s] node 1 cg=8 phase=phase2 kind=heuristic_boost best_rc=0.0 found=0 added=0 exhausted=True cert=True
[clean-BPC   325.95s] route-pack-conflict diag node 1 source_vehicle=1 routes=5 U=4 complete=True cache_hit=False states=104 added=0
[clean-BPC   326.46s] route-pack-conflict diag node 1 source_vehicle=1 routes=5 U=4 complete=True cache_hit=False states=92 added=0
[clean-BPC   345.05s] rim-conflict diag node 1 conflicts=14 pair_events=0 pair_cuts=0 schedcap_events=0 schedcap_cuts=0 routepack_events=2 routepack_cuts=0 routepack_cache=0 routepack_states_max=104 routepack_budget_skip=12 nogood_events=0 nogood_cuts=0 weak_skip=14
[clean-BPC    21.31s] restricted-MIP node 1 status=TIME_LIMIT obj=None accepted=False routes=2183 rejected=14 pair=0 ng=28 route_pack=0 sched_cap=0 added_cuts=0 time=21.305606
[clean-BPC   348.28s] branch node 1: left=arc(1,4)=off right=arc(1,4)=on
[clean-BPC   348.28s] node 2 d=1 lb=234.792078 open=2
[clean-BPC   348.42s] node 2 cg=1 phase=phase1 obj=0.0 artificial=0.0 cols=2183
[clean-BPC   348.57s] node 2 cg=2 phase=phase2 obj=334.792078 artificial=0.0 cols=2183
[clean-BPC   352.50s] node 2 cg=2 phase=phase2 kind=heuristic best_rc=0.0 found=0 added=0 exhausted=False cert=False
[clean-BPC   364.70s] node 2 cg=2 phase=phase2 kind=heuristic_boost best_rc=-0.0 found=0 added=0 exhausted=True cert=True
[clean-BPC   364.74s] route-pack diag node 2 round=1 vehicles=2/2 support_max=11 cand=26 oracle=26 incomplete=0 not_tight=6 not_viol=20 dup=0 violated=0 added=0 max_viol=0.0 states_max=3055
[clean-BPC   364.74s] fathom node 2: reason=bound_after_schedule_pack bound=334.792078
[clean-BPC   364.74s] node 3 d=2 lb=234.792078 open=1
[clean-BPC   364.86s] node 3 cg=1 phase=phase1 obj=0.0 artificial=0.0 cols=2183
[clean-BPC   365.02s] node 3 cg=2 phase=phase2 obj=234.792078 artificial=0.0 cols=2183
[clean-BPC   369.03s] node 3 cg=2 phase=phase2 kind=heuristic best_rc=-0.365473 found=6 added=6 exhausted=False cert=False
[clean-BPC   369.18s] node 3 cg=3 phase=phase2 obj=234.792078 artificial=0.0 cols=2189
[clean-BPC   373.27s] node 3 cg=3 phase=phase2 kind=heuristic best_rc=0.190957866 found=0 added=0 exhausted=False cert=False
[clean-BPC   385.50s] node 3 cg=3 phase=phase2 kind=heuristic_boost best_rc=-1.006203045 found=22 added=22 exhausted=True cert=True
[clean-BPC   385.65s] node 3 cg=4 phase=phase2 obj=234.792078 artificial=0.0 cols=2211
[clean-BPC   389.85s] node 3 cg=4 phase=phase2 kind=heuristic best_rc=0.284245 found=0 added=0 exhausted=False cert=False
[clean-BPC   403.23s] node 3 cg=4 phase=phase2 kind=heuristic_boost best_rc=0.099442 found=0 added=0 exhausted=True cert=True
[clean-BPC   403.33s] route-pack diag node 3 round=1 vehicles=1/2 support_max=13 cand=34 oracle=34 incomplete=0 not_tight=6 not_viol=27 dup=0 violated=1 added=1 max_viol=0.33333333333333304 states_max=7173
[clean-BPC   403.33s] cut_added family=schedule_route_set_packing node=3 added=1 first(vehicle=1, routes=12, U=4, y=1.0, viol=0.333333333, states=3832)
[clean-BPC   403.47s] node 3 cg=5 phase=phase2 obj=234.792078 artificial=0.0 cols=2211
[clean-BPC   403.47s] cut_purged node=3 removed=1 by_kind={'crossing_cut': 1} remaining=23
[clean-BPC   403.61s] node 3 cg=6 phase=phase2 obj=234.792078 artificial=0.0 cols=2211
[clean-BPC   407.83s] node 3 cg=6 phase=phase2 kind=heuristic best_rc=0.284245 found=0 added=0 exhausted=False cert=False
[clean-BPC   420.31s] node 3 cg=6 phase=phase2 kind=heuristic_boost best_rc=0.099442 found=0 added=0 exhausted=True cert=True
[clean-BPC   420.40s] route-pack diag node 3 round=2 vehicles=1/2 support_max=13 cand=31 oracle=31 incomplete=0 not_tight=4 not_viol=26 dup=0 violated=1 added=1 max_viol=0.3333333333333339 states_max=6576
[clean-BPC   420.40s] cut_added family=schedule_route_set_packing node=3 added=1 first(vehicle=1, routes=12, U=4, y=1.0, viol=0.333333333, states=3493)
[clean-BPC   420.54s] node 3 cg=7 phase=phase2 obj=234.792078 artificial=0.0 cols=2211
[clean-BPC   424.41s] node 3 cg=7 phase=phase2 kind=heuristic best_rc=0.299425 found=0 added=0 exhausted=False cert=False
[clean-BPC   436.82s] node 3 cg=7 phase=phase2 kind=heuristic_boost best_rc=-0.435052 found=6 added=6 exhausted=True cert=True
[clean-BPC   436.94s] node 3 cg=8 phase=phase2 obj=234.792078 artificial=0.0 cols=2217
[clean-BPC   440.79s] node 3 cg=8 phase=phase2 kind=heuristic best_rc=0.106566 found=0 added=0 exhausted=False cert=False
[clean-BPC   453.01s] node 3 cg=8 phase=phase2 kind=heuristic_boost best_rc=-0.397543 found=4 added=4 exhausted=True cert=True
[clean-BPC   453.15s] node 3 cg=9 phase=phase2 obj=234.792078 artificial=0.0 cols=2221
[clean-BPC   457.10s] node 3 cg=9 phase=phase2 kind=heuristic best_rc=0.102812 found=0 added=0 exhausted=False cert=False
[clean-BPC   469.55s] node 3 cg=9 phase=phase2 kind=heuristic_boost best_rc=-1.018177 found=19 added=19 exhausted=True cert=True
[clean-BPC   469.69s] node 3 cg=10 phase=phase2 obj=234.792078 artificial=0.0 cols=2240
[clean-BPC   473.53s] node 3 cg=10 phase=phase2 kind=heuristic best_rc=0.303368 found=0 added=0 exhausted=False cert=False
[clean-BPC   485.99s] node 3 cg=10 phase=phase2 kind=heuristic_boost best_rc=0.303368 found=0 added=0 exhausted=True cert=True
[clean-BPC   507.09s] route-pack-conflict diag node 3 source_vehicle=1 routes=5 U=4 complete=True cache_hit=True states=104 added=0
[clean-BPC   507.56s] route-pack-conflict diag node 3 source_vehicle=1 routes=5 U=4 complete=True cache_hit=True states=92 added=0
[clean-BPC   524.46s] rim-conflict diag node 3 conflicts=14 pair_events=0 pair_cuts=0 schedcap_events=0 schedcap_cuts=0 routepack_events=2 routepack_cuts=0 routepack_cache=2 routepack_states_max=104 routepack_budget_skip=12 nogood_events=0 nogood_cuts=0 weak_skip=14
[clean-BPC    21.10s] restricted-MIP node 3 status=TIME_LIMIT obj=None accepted=False routes=2240 rejected=14 pair=0 ng=28 route_pack=0 sched_cap=0 added_cuts=0 time=21.097041
[clean-BPC   527.64s] branch node 3: left=arc(5,4)=off right=arc(5,4)=on
[clean-BPC   527.64s] node 4 d=2 lb=234.792078 open=2
[clean-BPC   527.77s] node 4 cg=1 phase=phase1 obj=0.0 artificial=0.0 cols=2240
[clean-BPC   527.90s] node 4 cg=2 phase=phase2 obj=235.950355 artificial=0.0 cols=2240
[clean-BPC   531.58s] node 4 cg=2 phase=phase2 kind=heuristic best_rc=-0.483343625 found=9 added=9 exhausted=False cert=False
[clean-BPC   531.72s] node 4 cg=3 phase=phase2 obj=235.869357 artificial=0.0 cols=2249
[clean-BPC   535.40s] node 4 cg=3 phase=phase2 kind=heuristic best_rc=-0.238289833 found=2 added=2 exhausted=False cert=False
[clean-BPC   535.54s] node 4 cg=4 phase=phase2 obj=235.869357 artificial=0.0 cols=2251
[clean-BPC   539.26s] node 4 cg=4 phase=phase2 kind=heuristic best_rc=0.022445 found=0 added=0 exhausted=False cert=False
[clean-BPC   548.91s] node 4 cg=4 phase=phase2 kind=heuristic_boost best_rc=0.022445 found=0 added=0 exhausted=True cert=True
[clean-BPC   549.07s] route-pack diag node 4 round=1 vehicles=1/2 support_max=15 cand=28 oracle=28 incomplete=0 not_tight=5 not_viol=23 dup=0 violated=0 added=0 max_viol=0.0 states_max=18465
[clean-BPC   569.14s] route-pack-conflict diag node 4 source_vehicle=1 routes=5 U=3 complete=True cache_hit=False states=95 added=2
[clean-BPC   569.14s] cut_added family=schedule_route_set_packing node=4 added=2 source=schedule_conflict first(vehicle=1, routes=5, U=3, states=95, cache_hit=False)
[clean-BPC   569.15s] route-pack-conflict diag node 4 source_vehicle=1 routes=5 U=3 complete=True cache_hit=False states=87 added=2
[clean-BPC   569.15s] cut_added family=schedule_route_set_packing node=4 added=2 source=schedule_conflict first(vehicle=1, routes=5, U=3, states=87, cache_hit=False)
[clean-BPC   585.59s] rim-conflict diag node 4 conflicts=12 pair_events=0 pair_cuts=0 schedcap_events=0 schedcap_cuts=0 routepack_events=2 routepack_cuts=4 routepack_cache=0 routepack_states_max=95 routepack_budget_skip=10 nogood_events=0 nogood_cuts=0 weak_skip=10
[clean-BPC    20.07s] restricted-MIP node 4 status=TIME_LIMIT obj=None accepted=False routes=2251 rejected=12 pair=0 ng=20 route_pack=4 sched_cap=0 added_cuts=4 time=20.07025
[clean-BPC   585.60s] node 5 d=3 lb=234.792078 open=2
[clean-BPC   585.72s] node 5 cg=1 phase=phase1 obj=0.0 artificial=0.0 cols=2251
[clean-BPC   585.85s] node 5 cg=2 phase=phase2 obj=234.815841 artificial=0.0 cols=2251
[clean-BPC   589.61s] node 5 cg=2 phase=phase2 kind=heuristic best_rc=0.104812 found=0 added=0 exhausted=False cert=False
[clean-BPC   600.85s] node 5 cg=2 phase=phase2 kind=heuristic_boost best_rc=0.104812 found=0 added=0 exhausted=True cert=True
[clean-BPC   621.78s] route-pack-conflict diag node 5 source_vehicle=1 routes=5 U=4 complete=True cache_hit=True states=110 added=0
[clean-BPC   623.25s] route-pack-conflict diag node 5 source_vehicle=1 routes=5 U=4 complete=True cache_hit=True states=99 added=0
[clean-BPC   639.44s] rim-conflict diag node 5 conflicts=14 pair_events=0 pair_cuts=0 schedcap_events=0 schedcap_cuts=0 routepack_events=2 routepack_cuts=0 routepack_cache=2 routepack_states_max=110 routepack_budget_skip=12 nogood_events=0 nogood_cuts=0 weak_skip=14
[clean-BPC    20.93s] restricted-MIP node 5 status=TIME_LIMIT obj=None accepted=False routes=2251 rejected=14 pair=0 ng=28 route_pack=0 sched_cap=0 added_cuts=0 time=20.933528
[clean-BPC   641.22s] branch node 5: left=RF(3,10)=separate right=RF(3,10)=same
[clean-BPC   641.22s] node 6 d=3 lb=234.792078 open=3
[clean-BPC   641.35s] node 6 cg=1 phase=phase1 obj=0.0 artificial=0.0 cols=2251
[clean-BPC   641.49s] node 6 cg=2 phase=phase2 obj=235.306315 artificial=0.0 cols=2251
[clean-BPC   645.10s] node 6 cg=2 phase=phase2 kind=heuristic best_rc=-0.504386667 found=4 added=4 exhausted=False cert=False
[clean-BPC   645.24s] node 6 cg=3 phase=phase2 obj=235.306315 artificial=0.0 cols=2255
[clean-BPC   649.04s] node 6 cg=3 phase=phase2 kind=heuristic best_rc=0.293208 found=0 added=0 exhausted=False cert=False
[clean-BPC   658.58s] node 6 cg=3 phase=phase2 kind=heuristic_boost best_rc=-0.803710333 found=8 added=8 exhausted=True cert=True
[clean-BPC   658.71s] node 6 cg=4 phase=phase2 obj=235.306315 artificial=0.0 cols=2263
[clean-BPC   662.55s] node 6 cg=4 phase=phase2 kind=heuristic best_rc=0.293208 found=0 added=0 exhausted=False cert=False
[clean-BPC   672.17s] node 6 cg=4 phase=phase2 kind=heuristic_boost best_rc=-0.184263667 found=4 added=4 exhausted=True cert=True
[clean-BPC   672.30s] node 6 cg=5 phase=phase2 obj=235.306315 artificial=0.0 cols=2267
[clean-BPC   676.13s] node 6 cg=5 phase=phase2 kind=heuristic best_rc=0.293208 found=0 added=0 exhausted=False cert=False
[clean-BPC   685.72s] node 6 cg=5 phase=phase2 kind=heuristic_boost best_rc=0.0 found=0 added=0 exhausted=True cert=True
[clean-BPC   706.44s] route-pack-conflict diag node 6 source_vehicle=1 routes=5 U=3 complete=True cache_hit=False states=104 added=2
[clean-BPC   706.44s] cut_added family=schedule_route_set_packing node=6 added=2 source=schedule_conflict first(vehicle=1, routes=5, U=3, states=104, cache_hit=False)
[clean-BPC   706.45s] route-pack-conflict diag node 6 source_vehicle=1 routes=5 U=4 complete=True cache_hit=False states=102 added=0
[clean-BPC   723.74s] rim-conflict diag node 6 conflicts=10 pair_events=0 pair_cuts=0 schedcap_events=0 schedcap_cuts=0 routepack_events=2 routepack_cuts=2 routepack_cache=0 routepack_states_max=104 routepack_budget_skip=8 nogood_events=0 nogood_cuts=0 weak_skip=9
[clean-BPC    20.72s] restricted-MIP node 6 status=TIME_LIMIT obj=None accepted=False routes=2267 rejected=10 pair=0 ng=18 route_pack=2 sched_cap=0 added_cuts=2 time=20.71651
[clean-BPC   723.74s] node 7 d=4 lb=234.815841 open=3
[clean-BPC   723.85s] node 7 cg=1 phase=phase1 obj=0.0 artificial=0.0 cols=2267
[clean-BPC   723.96s] node 7 cg=2 phase=phase2 obj=235.156442 artificial=0.0 cols=2267
[clean-BPC   727.68s] node 7 cg=2 phase=phase2 kind=heuristic best_rc=-0.036687 found=2 added=2 exhausted=False cert=False
[clean-BPC   727.79s] node 7 cg=3 phase=phase2 obj=235.156442 artificial=0.0 cols=2269
[clean-BPC   731.54s] node 7 cg=3 phase=phase2 kind=heuristic best_rc=0.184114 found=0 added=0 exhausted=False cert=False
[clean-BPC   741.64s] node 7 cg=3 phase=phase2 kind=heuristic_boost best_rc=-0.0 found=0 added=0 exhausted=True cert=True
[clean-BPC   743.09s] branch node 7: left=RF(3,8)=separate right=RF(3,8)=same
[clean-BPC   743.09s] node 8 d=4 lb=234.815841 open=4
[clean-BPC   743.17s] node 8 cg=1 phase=phase1 obj=0.0 artificial=0.0 cols=2269
[clean-BPC   743.24s] node 8 cg=2 phase=phase2 obj=234.878952 artificial=0.0 cols=2269
[clean-BPC   746.25s] node 8 cg=2 phase=phase2 kind=heuristic best_rc=-0.031536 found=2 added=2 exhausted=False cert=False
[clean-BPC   746.33s] node 8 cg=3 phase=phase2 obj=234.878952 artificial=0.0 cols=2271
[clean-BPC   749.34s] node 8 cg=3 phase=phase2 kind=heuristic best_rc=0.106566 found=0 added=0 exhausted=False cert=False
[clean-BPC   759.00s] node 8 cg=3 phase=phase2 kind=heuristic_boost best_rc=-0.827849667 found=2 added=2 exhausted=True cert=True
[clean-BPC   759.07s] node 8 cg=4 phase=phase2 obj=234.878952 artificial=0.0 cols=2273
[clean-BPC   762.17s] node 8 cg=4 phase=phase2 kind=heuristic best_rc=0.106566 found=0 added=0 exhausted=False cert=False
[clean-BPC   771.92s] node 8 cg=4 phase=phase2 kind=heuristic_boost best_rc=0.106566 found=0 added=0 exhausted=True cert=True
[clean-BPC   773.00s] branch node 8: left=arc(1,13)=off right=arc(1,13)=on
[clean-BPC   773.00s] node 11 d=5 lb=234.878952 open=5
[clean-BPC   773.09s] node 11 cg=1 phase=phase1 obj=0.0 artificial=0.0 cols=2273
[clean-BPC   773.16s] node 11 cg=2 phase=phase2 obj=234.878952 artificial=0.0 cols=2273
[clean-BPC   776.21s] node 11 cg=2 phase=phase2 kind=heuristic best_rc=0.106566 found=0 added=0 exhausted=False cert=False
[clean-BPC   785.90s] node 11 cg=2 phase=phase2 kind=heuristic_boost best_rc=0.106566 found=0 added=0 exhausted=True cert=True
[clean-BPC   787.00s] branch node 11: left=arc(4,5)=off right=arc(4,5)=on
[clean-BPC   787.00s] node 12 d=5 lb=234.878952 open=6
[clean-BPC   787.07s] node 12 cg=1 phase=phase1 obj=0.0 artificial=0.0 cols=2273
[clean-BPC   787.14s] node 12 cg=2 phase=phase2 obj=235.561517 artificial=0.0 cols=2273
[clean-BPC   790.25s] node 12 cg=2 phase=phase2 kind=heuristic best_rc=-1.661706727 found=29 added=29 exhausted=False cert=False
[clean-BPC   790.32s] node 12 cg=3 phase=phase2 obj=235.448582 artificial=0.0 cols=2302
[clean-BPC   793.43s] node 12 cg=3 phase=phase2 kind=heuristic best_rc=0.077484 found=0 added=0 exhausted=False cert=False
[clean-BPC   802.04s] node 12 cg=3 phase=phase2 kind=heuristic_boost best_rc=0.077484 found=0 added=0 exhausted=True cert=True
[clean-BPC   803.26s] branch node 12: left=arc(10,17)=off right=arc(10,17)=on
[clean-BPC   803.26s] node 13 d=6 lb=234.878952 open=7
[clean-BPC   803.33s] node 13 cg=1 phase=phase1 obj=0.0 artificial=0.0 cols=2302
[clean-BPC   803.41s] node 13 cg=2 phase=phase2 obj=235.2464 artificial=0.0 cols=2302
[clean-BPC   806.39s] node 13 cg=2 phase=phase2 kind=heuristic best_rc=-1.65869 found=7 added=7 exhausted=False cert=False
[clean-BPC   806.48s] node 13 cg=3 phase=phase2 obj=234.980074 artificial=0.0 cols=2309
[clean-BPC   809.56s] node 13 cg=3 phase=phase2 kind=heuristic best_rc=0.077484 found=0 added=0 exhausted=False cert=False
[clean-BPC   819.18s] node 13 cg=3 phase=phase2 kind=heuristic_boost best_rc=0.077484 found=0 added=0 exhausted=True cert=True
[clean-BPC   820.31s] branch node 13: left=arc(1,20)=off right=arc(1,20)=on
[clean-BPC   820.31s] node 14 d=6 lb=234.878952 open=8
[clean-BPC   820.39s] node 14 cg=1 phase=phase1 obj=0.0 artificial=0.0 cols=2309
[clean-BPC   820.47s] node 14 cg=2 phase=phase2 obj=235.926174 artificial=0.0 cols=2309
[clean-BPC   823.48s] node 14 cg=2 phase=phase2 kind=heuristic best_rc=-0.918816 found=6 added=6 exhausted=False cert=False
[clean-BPC   823.55s] node 14 cg=3 phase=phase2 obj=235.926174 artificial=0.0 cols=2315
[clean-BPC   826.54s] node 14 cg=3 phase=phase2 kind=heuristic best_rc=0.0 found=0 added=0 exhausted=False cert=False
[clean-BPC   833.27s] node 14 cg=3 phase=phase2 kind=heuristic_boost best_rc=-0.098825 found=2 added=2 exhausted=True cert=True
[clean-BPC   833.35s] node 14 cg=4 phase=phase2 obj=235.926174 artificial=0.0 cols=2317
[clean-BPC   836.37s] node 14 cg=4 phase=phase2 kind=heuristic best_rc=-1.24411 found=5 added=5 exhausted=False cert=False
[clean-BPC   836.45s] node 14 cg=5 phase=phase2 obj=235.926174 artificial=0.0 cols=2322
[clean-BPC   839.44s] node 14 cg=5 phase=phase2 kind=heuristic best_rc=-0.02574625 found=2 added=2 exhausted=False cert=False
[clean-BPC   839.52s] node 14 cg=6 phase=phase2 obj=235.926174 artificial=0.0 cols=2324
[clean-BPC   842.53s] node 14 cg=6 phase=phase2 kind=heuristic best_rc=0.060614 found=0 added=0 exhausted=False cert=False
[clean-BPC   851.11s] node 14 cg=6 phase=phase2 kind=heuristic_boost best_rc=-0.188795 found=2 added=2 exhausted=True cert=True
[clean-BPC   851.19s] node 14 cg=7 phase=phase2 obj=235.926174 artificial=0.0 cols=2326
[clean-BPC   854.19s] node 14 cg=7 phase=phase2 kind=heuristic best_rc=0.060614 found=0 added=0 exhausted=False cert=False
[clean-BPC   862.71s] node 14 cg=7 phase=phase2 kind=heuristic_boost best_rc=0.060614 found=0 added=0 exhausted=True cert=True
[clean-BPC   862.72s] route-pack-conflict diag node 14 source_vehicle=1 routes=5 U=4 complete=True cache_hit=False states=111 added=0
[clean-BPC   865.03s] cut_added family=schedule_nogood_core node=14 added=2 source_vehicle=1 route_count=4 signatures=[[2, 14, 17], [7, 11, 16, 9], [8, 18, 20, 19], [3, 13, 12, 15, 10, 6]]
[clean-BPC   865.03s] node 17 d=7 lb=234.980074 open=8
[clean-BPC   865.10s] node 17 cg=1 phase=phase1 obj=0.0 artificial=0.0 cols=2326
[clean-BPC   865.18s] node 17 cg=2 phase=phase2 obj=234.980074 artificial=0.0 cols=2326
[clean-BPC   868.20s] node 17 cg=2 phase=phase2 kind=heuristic best_rc=0.077484 found=0 added=0 exhausted=False cert=False
[clean-BPC   877.66s] node 17 cg=2 phase=phase2 kind=heuristic_boost best_rc=-0.908708667 found=4 added=4 exhausted=True cert=True
[clean-BPC   877.75s] node 17 cg=3 phase=phase2 obj=234.980074 artificial=0.0 cols=2330
[clean-BPC   880.76s] node 17 cg=3 phase=phase2 kind=heuristic best_rc=-0.250873667 found=2 added=2 exhausted=False cert=False
[clean-BPC   880.84s] node 17 cg=4 phase=phase2 obj=234.980074 artificial=0.0 cols=2332
[clean-BPC   883.87s] node 17 cg=4 phase=phase2 kind=heuristic best_rc=0.166302667 found=0 added=0 exhausted=False cert=False
[clean-BPC   893.37s] node 17 cg=4 phase=phase2 kind=heuristic_boost best_rc=0.166302667 found=0 added=0 exhausted=True cert=True
[clean-BPC   894.53s] branch node 17: left=arc(7,9)=off right=arc(7,9)=on
[clean-BPC   894.53s] node 18 d=7 lb=234.980074 open=9
[clean-BPC   894.60s] node 18 cg=1 phase=phase1 obj=0.0 artificial=0.0 cols=2332
[clean-BPC   894.68s] node 18 cg=2 phase=phase2 obj=235.426463 artificial=0.0 cols=2332
[clean-BPC   897.83s] node 18 cg=2 phase=phase2 kind=heuristic best_rc=-0.227954318 found=2 added=2 exhausted=False cert=False
[clean-BPC   897.91s] node 18 cg=3 phase=phase2 obj=235.426463 artificial=0.0 cols=2334
[clean-BPC   901.01s] node 18 cg=3 phase=phase2 kind=heuristic best_rc=0.2400595 found=0 added=0 exhausted=False cert=False
[clean-BPC   910.61s] node 18 cg=3 phase=phase2 kind=heuristic_boost best_rc=-0.227954318 found=2 added=2 exhausted=True cert=True
[clean-BPC   910.69s] node 18 cg=4 phase=phase2 obj=235.426463 artificial=0.0 cols=2336
[clean-BPC   913.81s] node 18 cg=4 phase=phase2 kind=heuristic best_rc=0.2400595 found=0 added=0 exhausted=False cert=False
[clean-BPC   923.43s] node 18 cg=4 phase=phase2 kind=heuristic_boost best_rc=0.2400595 found=0 added=0 exhausted=True cert=True
[clean-BPC   924.54s] branch node 18: left=RF(2,11)=separate right=RF(2,11)=same
[clean-BPC   924.54s] node 19 d=8 lb=234.980074 open=10
[clean-BPC   924.62s] node 19 cg=1 phase=phase1 obj=0.0 artificial=0.0 cols=2336
[clean-BPC   924.69s] node 19 cg=2 phase=phase2 obj=234.980074 artificial=0.0 cols=2336
[clean-BPC   927.70s] node 19 cg=2 phase=phase2 kind=heuristic best_rc=0.166302667 found=0 added=0 exhausted=False cert=False
[clean-BPC   937.03s] node 19 cg=2 phase=phase2 kind=heuristic_boost best_rc=0.166302667 found=0 added=0 exhausted=True cert=True
[clean-BPC   938.08s] branch node 19: left=RF(2,11)=separate right=RF(2,11)=same
[clean-BPC   938.08s] node 20 d=8 lb=234.980074 open=11
[clean-BPC   938.15s] node 20 cg=1 phase=phase1 obj=0.0 artificial=0.0 cols=2336
[clean-BPC   938.25s] node 20 cg=2 phase=phase2 obj=235.593921 artificial=0.0 cols=2336
[clean-BPC   938.25s] cut_purged node=20 removed=1 by_kind={'schedule_nogood_core': 1} remaining=31
[clean-BPC   938.32s] node 20 cg=3 phase=phase2 obj=235.593921 artificial=0.0 cols=2336
[clean-BPC   941.21s] node 20 cg=3 phase=phase2 kind=heuristic best_rc=-0.591355167 found=7 added=7 exhausted=False cert=False
[clean-BPC   941.29s] node 20 cg=4 phase=phase2 obj=235.593921 artificial=0.0 cols=2343
[clean-BPC   944.17s] node 20 cg=4 phase=phase2 kind=heuristic best_rc=0.0 found=0 added=0 exhausted=False cert=False
[clean-BPC   952.26s] node 20 cg=4 phase=phase2 kind=heuristic_boost best_rc=0.0 found=0 added=0 exhausted=True cert=True
[clean-BPC   953.34s] branch node 20: left=arc(1,5)=off right=arc(1,5)=on
[clean-BPC   953.34s] node 24 d=9 lb=234.980074 open=12
[clean-BPC   953.40s] node 24 cg=1 phase=phase1 obj=0.0 artificial=0.0 cols=2343
[clean-BPC   953.46s] node 24 cg=2 phase=phase2 obj=236.297219 artificial=0.0 cols=2343
[clean-BPC   956.40s] node 24 cg=2 phase=phase2 kind=heuristic best_rc=-0.61294775 found=8 added=8 exhausted=False cert=False
[clean-BPC   956.45s] node 24 cg=3 phase=phase2 obj=236.229114 artificial=0.0 cols=2351
[clean-BPC   959.45s] node 24 cg=3 phase=phase2 kind=heuristic best_rc=0.298738556 found=0 added=0 exhausted=False cert=False
[clean-BPC   967.44s] node 24 cg=3 phase=phase2 kind=heuristic_boost best_rc=0.298738556 found=0 added=0 exhausted=True cert=True
[clean-BPC   968.26s] branch node 24: left=RF(2,7)=separate right=RF(2,7)=same
[clean-BPC   968.26s] node 23 d=9 lb=234.980074 open=13
[clean-BPC   968.33s] node 23 cg=1 phase=phase1 obj=0.0 artificial=0.0 cols=2351
[clean-BPC   968.42s] node 23 cg=2 phase=phase2 obj=235.317589 artificial=0.0 cols=2351
[clean-BPC   971.34s] node 23 cg=2 phase=phase2 kind=heuristic best_rc=-0.074217667 found=3 added=3 exhausted=False cert=False
[clean-BPC   971.42s] node 23 cg=3 phase=phase2 obj=235.317589 artificial=0.0 cols=2354
[clean-BPC   974.30s] node 23 cg=3 phase=phase2 kind=heuristic best_rc=0.077484 found=0 added=0 exhausted=False cert=False
[clean-BPC   980.86s] node 23 cg=3 phase=phase2 kind=heuristic_boost best_rc=0.077484 found=0 added=0 exhausted=True cert=True
[clean-BPC   981.93s] branch node 23: left=arc(4,1)=off right=arc(4,1)=on
[clean-BPC   981.93s] node 10 d=5 lb=235.156442 open=14
[clean-BPC   981.99s] node 10 cg=1 phase=phase1 obj=0.0 artificial=0.0 cols=2354
[clean-BPC   982.05s] node 10 cg=2 phase=phase2 obj=235.991863 artificial=0.0 cols=2354
[clean-BPC   985.01s] node 10 cg=2 phase=phase2 kind=heuristic best_rc=-0.8816447 found=11 added=11 exhausted=False cert=False
[clean-BPC   985.07s] node 10 cg=3 phase=phase2 obj=235.825433 artificial=0.0 cols=2365
[clean-BPC   988.02s] node 10 cg=3 phase=phase2 kind=heuristic best_rc=0.184114 found=0 added=0 exhausted=False cert=False
[clean-BPC   995.94s] node 10 cg=3 phase=phase2 kind=heuristic_boost best_rc=-0.6787676 found=10 added=10 exhausted=True cert=True
[clean-BPC   996.01s] node 10 cg=4 phase=phase2 obj=235.825433 artificial=0.0 cols=2375
[clean-BPC   999.06s] node 10 cg=4 phase=phase2 kind=heuristic best_rc=-0.018179541 found=4 added=4 exhausted=False cert=False
[clean-BPC   999.12s] node 10 cg=5 phase=phase2 obj=235.825433 artificial=0.0 cols=2379
[clean-BPC  1002.07s] node 10 cg=5 phase=phase2 kind=heuristic best_rc=-0.0 found=0 added=0 exhausted=False cert=False
[clean-BPC  1009.86s] node 10 cg=5 phase=phase2 kind=heuristic_boost best_rc=-4.955144291 found=248 added=248 exhausted=True cert=True
[clean-BPC  1009.95s] node 10 cg=6 phase=phase2 obj=235.825433 artificial=0.0 cols=2627
[clean-BPC  1012.92s] node 10 cg=6 phase=phase2 kind=heuristic best_rc=0.0 found=0 added=0 exhausted=False cert=False
[clean-BPC  1020.85s] node 10 cg=6 phase=phase2 kind=heuristic_boost best_rc=-0.922157867 found=16 added=16 exhausted=True cert=True
[clean-BPC  1020.94s] node 10 cg=7 phase=phase2 obj=235.825433 artificial=0.0 cols=2643
[clean-BPC  1020.94s] cut_purged node=10 removed=1 by_kind={'subset_row': 1} remaining=30
[clean-BPC  1021.02s] node 10 cg=8 phase=phase2 obj=235.825433 artificial=0.0 cols=2643
[clean-BPC  1023.96s] node 10 cg=8 phase=phase2 kind=heuristic best_rc=0.0 found=0 added=0 exhausted=False cert=False
[clean-BPC  1033.70s] node 10 cg=8 phase=phase2 kind=heuristic_boost best_rc=-0.07735 found=2 added=2 exhausted=True cert=True
[clean-BPC  1033.78s] node 10 cg=9 phase=phase2 obj=235.825433 artificial=0.0 cols=2645
[clean-BPC  1036.72s] node 10 cg=9 phase=phase2 kind=heuristic best_rc=-0.0 found=0 added=0 exhausted=False cert=False
[clean-BPC  1046.39s] node 10 cg=9 phase=phase2 kind=heuristic_boost best_rc=-0.1304216 found=2 added=2 exhausted=True cert=True
[clean-BPC  1046.48s] node 10 cg=10 phase=phase2 obj=235.825433 artificial=0.0 cols=2647
[clean-BPC  1049.44s] node 10 cg=10 phase=phase2 kind=heuristic best_rc=0.0 found=0 added=0 exhausted=False cert=False
[clean-BPC  1057.20s] node 10 cg=10 phase=phase2 kind=heuristic_boost best_rc=-0.0 found=0 added=0 exhausted=True cert=True
[clean-BPC  1058.39s] branch node 10: left=RF(5,8)=separate right=RF(5,8)=same
[clean-BPC  1058.39s] node 9 d=5 lb=235.156442 open=15
[clean-BPC  1058.51s] node 9 cg=1 phase=phase1 obj=0.0 artificial=0.0 cols=2647
[clean-BPC  1058.64s] node 9 cg=2 phase=phase2 obj=235.353491 artificial=0.0 cols=2647
[clean-BPC  1062.21s] node 9 cg=2 phase=phase2 kind=heuristic best_rc=0.188626 found=0 added=0 exhausted=False cert=False
[clean-BPC  1070.47s] node 9 cg=2 phase=phase2 kind=heuristic_boost best_rc=-0.234440474 found=2 added=2 exhausted=True cert=True
[clean-BPC  1070.59s] node 9 cg=3 phase=phase2 obj=235.353491 artificial=0.0 cols=2649
[clean-BPC  1074.23s] node 9 cg=3 phase=phase2 kind=heuristic best_rc=0.188626 found=0 added=0 exhausted=False cert=False
[clean-BPC  1082.52s] node 9 cg=3 phase=phase2 kind=heuristic_boost best_rc=0.0 found=0 added=0 exhausted=True cert=True
[clean-BPC  1084.25s] branch node 9: left=RF(10,14)=separate right=RF(10,14)=same
[clean-BPC  1084.25s] node 6 d=3 lb=235.306315 open=16
[clean-BPC  1084.41s] node 6 cg=1 phase=phase1 obj=0.0 artificial=0.0 cols=2649
[clean-BPC  1084.56s] node 6 cg=2 phase=phase2 obj=235.306315 artificial=0.0 cols=2649
[clean-BPC  1088.24s] node 6 cg=2 phase=phase2 kind=heuristic best_rc=0.0 found=0 added=0 exhausted=False cert=False
[clean-BPC  1097.66s] node 6 cg=2 phase=phase2 kind=heuristic_boost best_rc=0.0 found=0 added=0 exhausted=True cert=True
[clean-BPC  1117.72s] route-pack-conflict diag node 6 source_vehicle=1 routes=5 U=4 complete=True cache_hit=False states=102 added=0
[clean-BPC  1118.43s] route-pack-conflict diag node 6 source_vehicle=1 routes=5 U=4 complete=True cache_hit=True states=102 added=0
[clean-BPC  1133.51s] rim-conflict diag node 6 conflicts=9 pair_events=0 pair_cuts=0 schedcap_events=0 schedcap_cuts=0 routepack_events=2 routepack_cuts=0 routepack_cache=1 routepack_states_max=102 routepack_budget_skip=7 nogood_events=0 nogood_cuts=0 weak_skip=9
[clean-BPC    20.05s] restricted-MIP node 6 status=TIME_LIMIT obj=None accepted=False routes=2649 rejected=9 pair=0 ng=18 route_pack=0 sched_cap=0 added_cuts=0 time=20.053453
[clean-BPC  1136.21s] branch node 6: left=RF(1,4)=separate right=RF(1,4)=same
[clean-BPC  1136.21s] node 35 d=4 lb=235.306315 open=17
[clean-BPC  1136.36s] node 35 cg=1 phase=phase1 obj=0.0 artificial=0.0 cols=2649
[clean-BPC  1136.52s] node 35 cg=2 phase=phase2 obj=235.953541 artificial=0.0 cols=2649
[clean-BPC  1140.42s] node 35 cg=2 phase=phase2 kind=heuristic best_rc=-0.618677 found=26 added=26 exhausted=False cert=False
[clean-BPC  1140.58s] node 35 cg=3 phase=phase2 obj=235.826818 artificial=0.0 cols=2675
[clean-BPC  1144.38s] node 35 cg=3 phase=phase2 kind=heuristic best_rc=-0.150414375 found=2 added=2 exhausted=False cert=False
[clean-BPC  1144.53s] node 35 cg=4 phase=phase2 obj=235.826818 artificial=0.0 cols=2677
[clean-BPC  1148.38s] node 35 cg=4 phase=phase2 kind=heuristic best_rc=-0.0 found=0 added=0 exhausted=False cert=False
[clean-BPC  1157.43s] node 35 cg=4 phase=phase2 kind=heuristic_boost best_rc=-0.237769625 found=4 added=4 exhausted=True cert=True
[clean-BPC  1157.58s] node 35 cg=5 phase=phase2 obj=235.826818 artificial=0.0 cols=2681
[clean-BPC  1161.44s] node 35 cg=5 phase=phase2 kind=heuristic best_rc=-0.0 found=0 added=0 exhausted=False cert=False
[clean-BPC  1170.48s] node 35 cg=5 phase=phase2 kind=heuristic_boost best_rc=-0.0 found=0 added=0 exhausted=True cert=True
[clean-BPC  1172.67s] branch node 35: left=RF(1,3)=separate right=RF(1,3)=same
[clean-BPC  1172.67s] node 36 d=4 lb=235.306315 open=18
[clean-BPC  1172.78s] node 36 cg=1 phase=phase1 obj=0.0 artificial=0.0 cols=2681
[clean-BPC  1172.89s] node 36 cg=2 phase=phase2 obj=235.926174 artificial=0.0 cols=2681
[clean-BPC  1176.13s] node 36 cg=2 phase=phase2 kind=heuristic best_rc=-0.2743275 found=2 added=2 exhausted=False cert=False
[clean-BPC  1176.25s] node 36 cg=3 phase=phase2 obj=235.926174 artificial=0.0 cols=2683
[clean-BPC  1179.60s] node 36 cg=3 phase=phase2 kind=heuristic best_rc=0.136859 found=0 added=0 exhausted=False cert=False
[clean-BPC  1188.12s] node 36 cg=3 phase=phase2 kind=heuristic_boost best_rc=0.0 found=0 added=0 exhausted=True cert=True
[clean-BPC  1188.13s] route-pack-conflict diag node 36 source_vehicle=1 routes=5 U=4 complete=True cache_hit=False states=105 added=0
[clean-BPC  1190.44s] cut_added family=schedule_nogood_core node=36 added=2 source_vehicle=1 route_count=4 signatures=[[14, 17, 2], [7, 11, 16, 9], [8, 18, 20, 19], [3, 13, 12, 15, 10, 6]]
[clean-BPC  1190.44s] node 30 d=10 lb=235.317589 open=18
[clean-BPC  1190.53s] node 30 cg=1 phase=phase1 obj=0.0 artificial=0.0 cols=2683
[clean-BPC  1190.63s] node 30 cg=2 phase=phase2 obj=236.151051 artificial=0.0 cols=2683
[clean-BPC  1193.59s] node 30 cg=2 phase=phase2 kind=heuristic best_rc=-0.361494667 found=10 added=10 exhausted=False cert=False
[clean-BPC  1193.68s] node 30 cg=3 phase=phase2 obj=236.151051 artificial=0.0 cols=2693
[clean-BPC  1196.65s] node 30 cg=3 phase=phase2 kind=heuristic best_rc=-0.099525 found=2 added=2 exhausted=False cert=False
[clean-BPC  1196.75s] node 30 cg=4 phase=phase2 obj=236.151051 artificial=0.0 cols=2695
[clean-BPC  1199.75s] node 30 cg=4 phase=phase2 kind=heuristic best_rc=-0.231580667 found=2 added=2 exhausted=False cert=False
[clean-BPC  1199.84s] node 30 cg=5 phase=phase2 obj=236.151051 artificial=0.0 cols=2697
[clean-BPC  1202.74s] node 30 cg=5 phase=phase2 kind=heuristic best_rc=0.0 found=0 added=0 exhausted=False cert=False
[clean-BPC  1209.35s] node 30 cg=5 phase=phase2 kind=heuristic_boost best_rc=0.0 found=0 added=0 exhausted=True cert=True
[clean-BPC  1210.54s] branch node 30: left=RF(11,16)=separate right=RF(11,16)=same
[clean-BPC  1210.54s] node 29 d=10 lb=235.317589 open=19
[clean-BPC  1210.63s] node 29 cg=1 phase=phase1 obj=0.0 artificial=0.0 cols=2697
[clean-BPC  1210.73s] node 29 cg=2 phase=phase2 obj=235.725426 artificial=0.0 cols=2697
[clean-BPC  1213.61s] node 29 cg=2 phase=phase2 kind=heuristic best_rc=0.120802 found=0 added=0 exhausted=False cert=False
[clean-BPC  1219.95s] node 29 cg=2 phase=phase2 kind=heuristic_boost best_rc=-0.198585941 found=2 added=2 exhausted=True cert=True
[clean-BPC  1220.03s] node 29 cg=3 phase=phase2 obj=235.725426 artificial=0.0 cols=2699
[clean-BPC  1223.01s] node 29 cg=3 phase=phase2 kind=heuristic best_rc=0.120802 found=0 added=0 exhausted=False cert=False
[clean-BPC  1231.26s] node 29 cg=3 phase=phase2 kind=heuristic_boost best_rc=0.120802 found=0 added=0 exhausted=True cert=True
[clean-BPC  1232.50s] branch node 29: left=RF(9,11)=separate right=RF(9,11)=same
[clean-BPC  1232.50s] node 33 d=6 lb=235.353491 open=20
[clean-BPC  1232.61s] node 33 cg=1 phase=phase1 obj=0.0 artificial=0.0 cols=2699
[clean-BPC  1232.75s] node 33 cg=2 phase=phase2 obj=235.591495 artificial=0.0 cols=2699
[clean-BPC  1236.37s] node 33 cg=2 phase=phase2 kind=heuristic best_rc=-0.1877802 found=6 added=6 exhausted=False cert=False
[clean-BPC  1236.50s] node 33 cg=3 phase=phase2 obj=235.591495 artificial=0.0 cols=2705
[clean-BPC  1236.50s] cut_purged node=33 removed=1 by_kind={'schedule_nogood_core': 1} remaining=31
[clean-BPC  1236.64s] node 33 cg=4 phase=phase2 obj=235.591495 artificial=0.0 cols=2705
[clean-BPC  1240.33s] node 33 cg=4 phase=phase2 kind=heuristic best_rc=-0.281711 found=10 added=10 exhausted=False cert=False
[clean-BPC  1240.46s] node 33 cg=5 phase=phase2 obj=235.591495 artificial=0.0 cols=2715
[clean-BPC  1244.20s] node 33 cg=5 phase=phase2 kind=heuristic best_rc=0.1679926 found=0 added=0 exhausted=False cert=False
[clean-BPC  1254.07s] node 33 cg=5 phase=phase2 kind=heuristic_boost best_rc=-0.2378022 found=4 added=4 exhausted=True cert=True
[clean-BPC  1254.22s] node 33 cg=6 phase=phase2 obj=235.591495 artificial=0.0 cols=2719
[clean-BPC  1257.80s] node 33 cg=6 phase=phase2 kind=heuristic best_rc=0.184114 found=0 added=0 exhausted=False cert=False
[clean-BPC  1266.04s] node 33 cg=6 phase=phase2 kind=heuristic_boost best_rc=-1.9475254 found=77 added=77 exhausted=True cert=True
[clean-BPC  1266.17s] node 33 cg=7 phase=phase2 obj=235.591495 artificial=0.0 cols=2796
[clean-BPC  1269.73s] node 33 cg=7 phase=phase2 kind=heuristic best_rc=0.0637788 found=0 added=0 exhausted=False cert=False
[clean-BPC  1279.49s] node 33 cg=7 phase=phase2 kind=heuristic_boost best_rc=-0.4484684 found=2 added=2 exhausted=True cert=True
[clean-BPC  1279.63s] node 33 cg=8 phase=phase2 obj=235.591495 artificial=0.0 cols=2798
[clean-BPC  1283.21s] node 33 cg=8 phase=phase2 kind=heuristic best_rc=0.0637788 found=0 added=0 exhausted=False cert=False
[clean-BPC  1293.13s] node 33 cg=8 phase=phase2 kind=heuristic_boost best_rc=0.049438 found=0 added=0 exhausted=True cert=True
[clean-BPC  1294.75s] branch node 33: left=RF(2,7)=separate right=RF(2,7)=same
[clean-BPC  1294.75s] node 34 d=6 lb=235.353491 open=21
[clean-BPC  1294.86s] node 34 cg=1 phase=phase1 obj=0.0 artificial=0.0 cols=2798
[clean-BPC  1294.96s] node 34 cg=2 phase=phase2 obj=235.714524 artificial=0.0 cols=2798
[clean-BPC  1298.02s] node 34 cg=2 phase=phase2 kind=heuristic best_rc=-0.188626 found=10 added=10 exhausted=False cert=False
[clean-BPC  1298.13s] node 34 cg=3 phase=phase2 obj=235.694796 artificial=0.0 cols=2808
[clean-BPC  1301.34s] node 34 cg=3 phase=phase2 kind=heuristic best_rc=-0.207247 found=10 added=10 exhausted=False cert=False
[clean-BPC  1301.45s] node 34 cg=4 phase=phase2 obj=235.694796 artificial=0.0 cols=2818
[clean-BPC  1304.57s] node 34 cg=4 phase=phase2 kind=heuristic best_rc=0.0 found=0 added=0 exhausted=False cert=False
[clean-BPC  1312.94s] node 34 cg=4 phase=phase2 kind=heuristic_boost best_rc=-1.163913 found=14 added=14 exhausted=True cert=True
[clean-BPC  1313.06s] node 34 cg=5 phase=phase2 obj=235.694796 artificial=0.0 cols=2832
[clean-BPC  1316.17s] node 34 cg=5 phase=phase2 kind=heuristic best_rc=0.0 found=0 added=0 exhausted=False cert=False
[clean-BPC  1324.54s] node 34 cg=5 phase=phase2 kind=heuristic_boost best_rc=-0.074763 found=2 added=2 exhausted=True cert=True
[clean-BPC  1324.66s] node 34 cg=6 phase=phase2 obj=235.694796 artificial=0.0 cols=2834
[clean-BPC  1327.86s] node 34 cg=6 phase=phase2 kind=heuristic best_rc=0.098558 found=0 added=0 exhausted=False cert=False
[clean-BPC  1336.37s] node 34 cg=6 phase=phase2 kind=heuristic_boost best_rc=-0.746192 found=2 added=2 exhausted=True cert=True
[clean-BPC  1336.47s] node 34 cg=7 phase=phase2 obj=235.694796 artificial=0.0 cols=2836
[clean-BPC  1339.66s] node 34 cg=7 phase=phase2 kind=heuristic best_rc=0.0 found=0 added=0 exhausted=False cert=False
[clean-BPC  1348.21s] node 34 cg=7 phase=phase2 kind=heuristic_boost best_rc=0.0 found=0 added=0 exhausted=True cert=True
[clean-BPC  1349.48s] branch node 34: left=RF(3,4)=separate right=RF(3,4)=same
[clean-BPC  1349.48s] node 22 d=8 lb=235.426463 open=22
[clean-BPC  1349.55s] node 22 cg=1 phase=phase1 obj=0.0 artificial=0.0 cols=2836
[clean-BPC  1349.64s] node 22 cg=2 phase=phase2 obj=236.325226 artificial=0.0 cols=2836
[clean-BPC  1352.70s] node 22 cg=2 phase=phase2 kind=heuristic best_rc=0.177341 found=0 added=0 exhausted=False cert=False
[clean-BPC  1360.99s] node 22 cg=2 phase=phase2 kind=heuristic_boost best_rc=0.177341 found=0 added=0 exhausted=True cert=True
[clean-BPC  1361.99s] branch node 22: left=RF(14,17)=separate right=RF(14,17)=same
[clean-BPC  1361.99s] node 21 d=8 lb=235.426463 open=23
[clean-BPC  1362.11s] node 21 cg=1 phase=phase1 obj=0.0 artificial=0.0 cols=2836
[clean-BPC  1362.21s] node 21 cg=2 phase=phase2 obj=236.01379 artificial=0.0 cols=2836
[clean-BPC  1365.19s] node 21 cg=2 phase=phase2 kind=heuristic best_rc=-0.072636 found=2 added=2 exhausted=False cert=False
[clean-BPC  1365.28s] node 21 cg=3 phase=phase2 obj=236.01379 artificial=0.0 cols=2838
[clean-BPC  1368.36s] node 21 cg=3 phase=phase2 kind=heuristic best_rc=-0.1499445 found=2 added=2 exhausted=False cert=False
[clean-BPC  1368.45s] node 21 cg=4 phase=phase2 obj=236.01379 artificial=0.0 cols=2840
[clean-BPC  1371.45s] node 21 cg=4 phase=phase2 kind=heuristic best_rc=0.0 found=0 added=0 exhausted=False cert=False
[clean-BPC  1378.27s] node 21 cg=4 phase=phase2 kind=heuristic_boost best_rc=0.0 found=0 added=0 exhausted=True cert=True
[clean-BPC  1378.27s] route-pack-conflict diag node 21 source_vehicle=1 routes=5 U=3 complete=True cache_hit=False states=104 added=2
[clean-BPC  1378.27s] cut_added family=schedule_route_set_packing node=21 added=2 source=schedule_conflict first(vehicle=1, routes=5, U=3, states=104, cache_hit=False)
[clean-BPC  1378.27s] node 15 d=6 lb=235.448582 open=23
[clean-BPC  1378.38s] node 15 cg=1 phase=phase1 obj=0.0 artificial=0.0 cols=2840
[clean-BPC  1378.48s] node 15 cg=2 phase=phase2 obj=235.448582 artificial=0.0 cols=2840
[clean-BPC  1381.60s] node 15 cg=2 phase=phase2 kind=heuristic best_rc=0.026890444 found=0 added=0 exhausted=False cert=False
[clean-BPC  1391.45s] node 15 cg=2 phase=phase2 kind=heuristic_boost best_rc=0.026890444 found=0 added=0 exhausted=True cert=True
[clean-BPC  1392.81s] branch node 15: left=RF(11,14)=separate right=RF(11,14)=same
[clean-BPC  1392.81s] node 49 d=7 lb=235.448582 open=24
[clean-BPC  1392.91s] node 49 cg=1 phase=phase1 obj=0.0 artificial=0.0 cols=2840
[clean-BPC  1393.02s] node 49 cg=2 phase=phase2 obj=236.01379 artificial=0.0 cols=2840
[clean-BPC  1396.11s] node 49 cg=2 phase=phase2 kind=heuristic best_rc=-0.8217545 found=11 added=11 exhausted=False cert=False
[clean-BPC  1396.22s] node 49 cg=3 phase=phase2 obj=236.01379 artificial=0.0 cols=2851
[clean-BPC  1399.37s] node 49 cg=3 phase=phase2 kind=heuristic best_rc=-0.054204 found=2 added=2 exhausted=False cert=False
[clean-BPC  1399.48s] node 49 cg=4 phase=phase2 obj=236.01379 artificial=0.0 cols=2853
[clean-BPC  1402.59s] node 49 cg=4 phase=phase2 kind=heuristic best_rc=0.0 found=0 added=0 exhausted=False cert=False
[clean-BPC  1412.74s] node 49 cg=4 phase=phase2 kind=heuristic_boost best_rc=0.0 found=0 added=0 exhausted=True cert=True
[clean-BPC  1412.75s] route-pack-conflict diag node 49 source_vehicle=1 routes=5 U=3 complete=True cache_hit=False states=104 added=2
[clean-BPC  1412.75s] cut_added family=schedule_route_set_packing node=49 added=2 source=schedule_conflict first(vehicle=1, routes=5, U=3, states=104, cache_hit=False)
[clean-BPC  1412.75s] node 50 d=7 lb=235.448582 open=24
[clean-BPC  1412.83s] node 50 cg=1 phase=phase1 obj=0.0 artificial=0.0 cols=2853
[clean-BPC  1412.92s] node 50 cg=2 phase=phase2 obj=237.003992 artificial=0.0 cols=2853
[clean-BPC  1415.93s] node 50 cg=2 phase=phase2 kind=heuristic best_rc=-1.871631 found=27 added=27 exhausted=False cert=False
[clean-BPC  1416.01s] node 50 cg=3 phase=phase2 obj=237.003992 artificial=0.0 cols=2880
[clean-BPC  1418.96s] node 50 cg=3 phase=phase2 kind=heuristic best_rc=-0.188426 found=2 added=2 exhausted=False cert=False
[clean-BPC  1419.04s] node 50 cg=4 phase=phase2 obj=236.943145 artificial=0.0 cols=2882
[clean-BPC  1422.03s] node 50 cg=4 phase=phase2 kind=heuristic best_rc=0.018575667 found=0 added=0 exhausted=False cert=False
[clean-BPC  1428.74s] node 50 cg=4 phase=phase2 kind=heuristic_boost best_rc=-3.617075333 found=91 added=91 exhausted=True cert=True
[clean-BPC  1428.84s] node 50 cg=5 phase=phase2 obj=236.943145 artificial=0.0 cols=2973
[clean-BPC  1431.86s] node 50 cg=5 phase=phase2 kind=heuristic best_rc=0.128114667 found=0 added=0 exhausted=False cert=False
[clean-BPC  1440.24s] node 50 cg=5 phase=phase2 kind=heuristic_boost best_rc=0.128114667 found=0 added=0 exhausted=True cert=True
[clean-BPC  1441.45s] branch node 50: left=RF(13,19)=separate right=RF(13,19)=same
[clean-BPC  1441.45s] node 16 d=6 lb=235.448582 open=25
[clean-BPC  1441.57s] node 16 cg=1 phase=phase1 obj=0.0 artificial=0.0 cols=2973
[clean-BPC  1441.70s] node 16 cg=2 phase=phase2 obj=237.681369 artificial=0.0 cols=2973
[clean-BPC  1444.85s] node 16 cg=2 phase=phase2 kind=heuristic best_rc=-0.290394 found=1 added=1 exhausted=False cert=False
[clean-BPC  1444.96s] node 16 cg=3 phase=phase2 obj=237.681369 artificial=0.0 cols=2974
[clean-BPC  1448.16s] node 16 cg=3 phase=phase2 kind=heuristic best_rc=0.077484 found=0 added=0 exhausted=False cert=False
[clean-BPC  1458.20s] node 16 cg=3 phase=phase2 kind=heuristic_boost best_rc=-0.049098 found=2 added=2 exhausted=True cert=True
[clean-BPC  1458.32s] node 16 cg=4 phase=phase2 obj=237.681369 artificial=0.0 cols=2976
[clean-BPC  1461.44s] node 16 cg=4 phase=phase2 kind=heuristic best_rc=-0.143327 found=2 added=2 exhausted=False cert=False
[clean-BPC  1461.56s] node 16 cg=5 phase=phase2 obj=237.681369 artificial=0.0 cols=2978
[clean-BPC  1464.67s] node 16 cg=5 phase=phase2 kind=heuristic best_rc=0.077484 found=0 added=0 exhausted=False cert=False
[clean-BPC  1472.74s] node 16 cg=5 phase=phase2 kind=heuristic_boost best_rc=0.077484 found=0 added=0 exhausted=True cert=True
[clean-BPC  1474.13s] branch node 16: left=RF(2,7)=separate right=RF(2,7)=same
[clean-BPC  1474.13s] node 43 d=7 lb=235.591495 open=26
[clean-BPC  1474.25s] node 43 cg=1 phase=phase1 obj=0.0 artificial=0.0 cols=2978
[clean-BPC  1474.38s] node 43 cg=2 phase=phase2 obj=235.669989 artificial=0.0 cols=2978
[clean-BPC  1477.92s] node 43 cg=2 phase=phase2 kind=heuristic best_rc=0.177009 found=0 added=0 exhausted=False cert=False
[clean-BPC  1486.94s] node 43 cg=2 phase=phase2 kind=heuristic_boost best_rc=0.177009 found=0 added=0 exhausted=True cert=True
[clean-BPC  1488.68s] branch node 43: left=RF(10,17)=separate right=RF(10,17)=same
[clean-BPC  1488.68s] node 44 d=7 lb=235.591495 open=27
[clean-BPC  1488.76s] node 44 cg=1 phase=phase1 obj=0.0 artificial=0.0 cols=2978
[clean-BPC  1488.85s] node 44 cg=2 phase=phase2 obj=236.960151 artificial=0.0 cols=2978
[clean-BPC  1492.19s] node 44 cg=2 phase=phase2 kind=heuristic best_rc=-0.2227164 found=8 added=8 exhausted=False cert=False
[clean-BPC  1492.27s] node 44 cg=3 phase=phase2 obj=236.927168 artificial=0.0 cols=2986
[clean-BPC  1495.63s] node 44 cg=3 phase=phase2 kind=heuristic best_rc=-0.161052 found=5 added=5 exhausted=False cert=False
[clean-BPC  1495.73s] node 44 cg=4 phase=phase2 obj=236.927168 artificial=0.0 cols=2991
[clean-BPC  1499.12s] node 44 cg=4 phase=phase2 kind=heuristic best_rc=0.0 found=0 added=0 exhausted=False cert=False
[clean-BPC  1507.55s] node 44 cg=4 phase=phase2 kind=heuristic_boost best_rc=-0.327666 found=2 added=2 exhausted=True cert=True
[clean-BPC  1507.64s] node 44 cg=5 phase=phase2 obj=236.927168 artificial=0.0 cols=2993
[clean-BPC  1511.03s] node 44 cg=5 phase=phase2 kind=heuristic best_rc=0.0 found=0 added=0 exhausted=False cert=False
[clean-BPC  1519.31s] node 44 cg=5 phase=phase2 kind=heuristic_boost best_rc=0.0 found=0 added=0 exhausted=True cert=True
[clean-BPC  1520.60s] branch node 44: left=RF(2,14)=separate right=RF(2,14)=same
[clean-BPC  1520.60s] node 25 d=9 lb=235.593921 open=28
[clean-BPC  1520.70s] node 25 cg=1 phase=phase1 obj=0.0 artificial=0.0 cols=2993
[clean-BPC  1520.81s] node 25 cg=2 phase=phase2 obj=236.070166 artificial=0.0 cols=2993
[clean-BPC  1523.51s] node 25 cg=2 phase=phase2 kind=heuristic best_rc=-1.1991118 found=2 added=2 exhausted=False cert=False
[clean-BPC  1523.62s] node 25 cg=3 phase=phase2 obj=236.043727 artificial=0.0 cols=2995
[clean-BPC  1526.61s] node 25 cg=3 phase=phase2 kind=heuristic best_rc=0.0 found=0 added=0 exhausted=False cert=False
[clean-BPC  1535.10s] node 25 cg=3 phase=phase2 kind=heuristic_boost best_rc=0.0 found=0 added=0 exhausted=True cert=True
[clean-BPC  1536.54s] branch node 25: left=RF(13,20)=separate right=RF(13,20)=same
[clean-BPC  1536.54s] node 26 d=9 lb=235.593921 open=29
[clean-BPC  1536.66s] node 26 cg=1 phase=phase1 obj=0.0 artificial=0.0 cols=2995
[clean-BPC  1536.78s] node 26 cg=2 phase=phase2 obj=236.162298 artificial=0.0 cols=2995
[clean-BPC  1539.48s] node 26 cg=2 phase=phase2 kind=heuristic best_rc=0.120802 found=0 added=0 exhausted=False cert=False
[clean-BPC  1545.48s] node 26 cg=2 phase=phase2 kind=heuristic_boost best_rc=0.120802 found=0 added=0 exhausted=True cert=True
[clean-BPC  1545.49s] route-pack-conflict diag node 26 source_vehicle=1 routes=5 U=4 complete=True cache_hit=False states=104 added=0
[clean-BPC  1546.52s] cut_added family=schedule_nogood_core node=26 added=2 source_vehicle=1 route_count=3 signatures=[[4, 20, 19, 13], [2, 6, 10, 15, 12, 3], [7, 9, 16, 18, 8]]
[clean-BPC  1546.52s] node 56 d=8 lb=235.669989 open=29
[clean-BPC  1546.62s] node 56 cg=1 phase=phase1 obj=0.0 artificial=0.0 cols=2995
[clean-BPC  1546.72s] node 56 cg=2 phase=phase2 obj=237.653987 artificial=0.0 cols=2995
[clean-BPC  1549.35s] node 56 cg=2 phase=phase2 kind=heuristic best_rc=-0.155267 found=4 added=4 exhausted=False cert=False
[clean-BPC  1549.47s] node 56 cg=3 phase=phase2 obj=237.653987 artificial=0.0 cols=2999
[clean-BPC  1552.14s] node 56 cg=3 phase=phase2 kind=heuristic best_rc=0.28267025 found=0 added=0 exhausted=False cert=False
[clean-BPC  1557.05s] node 56 cg=3 phase=phase2 kind=heuristic_boost best_rc=-1.16194225 found=15 added=15 exhausted=True cert=True
[clean-BPC  1557.17s] node 56 cg=4 phase=phase2 obj=237.653987 artificial=0.0 cols=3014
[clean-BPC  1559.84s] node 56 cg=4 phase=phase2 kind=heuristic best_rc=0.22994125 found=0 added=0 exhausted=False cert=False
[clean-BPC  1564.73s] node 56 cg=4 phase=phase2 kind=heuristic_boost best_rc=0.164369 found=0 added=0 exhausted=True cert=True
[clean-BPC  1566.11s] branch node 56: left=RF(2,3)=separate right=RF(2,3)=same
[clean-BPC  1566.11s] node 55 d=8 lb=235.669989 open=30
[clean-BPC  1566.24s] node 55 cg=1 phase=phase1 obj=0.0 artificial=0.0 cols=3014
[clean-BPC  1566.38s] node 55 cg=2 phase=phase2 obj=235.671997 artificial=0.0 cols=3014
[clean-BPC  1569.72s] node 55 cg=2 phase=phase2 kind=heuristic best_rc=0.175879 found=0 added=0 exhausted=False cert=False
[clean-BPC  1575.80s] node 55 cg=2 phase=phase2 kind=heuristic_boost best_rc=0.067132 found=0 added=0 exhausted=True cert=True
[clean-BPC  1577.46s] branch node 55: left=RF(4,8)=separate right=RF(4,8)=same
[clean-BPC  1577.46s] node 63 d=9 lb=235.671997 open=31
[clean-BPC  1577.59s] node 63 cg=1 phase=phase1 obj=0.0 artificial=0.0 cols=3014
[clean-BPC  1577.73s] node 63 cg=2 phase=phase2 obj=235.700699 artificial=0.0 cols=3014
[clean-BPC  1581.06s] node 63 cg=2 phase=phase2 kind=heuristic best_rc=-0.15209 found=2 added=2 exhausted=False cert=False
[clean-BPC  1581.18s] node 63 cg=3 phase=phase2 obj=235.700699 artificial=0.0 cols=3016
[clean-BPC  1584.55s] node 63 cg=3 phase=phase2 kind=heuristic best_rc=-0.0 found=0 added=0 exhausted=False cert=False
[clean-BPC  1590.73s] node 63 cg=3 phase=phase2 kind=heuristic_boost best_rc=-0.0 found=0 added=0 exhausted=True cert=True
[clean-BPC  1590.74s] route-pack-conflict diag node 63 source_vehicle=1 routes=5 U=4 complete=True cache_hit=True states=104 added=0
[clean-BPC  1591.20s] cut_added family=schedule_nogood_core node=63 added=2 source_vehicle=1 route_count=3 signatures=[[13, 19, 20, 4], [1, 5, 3], [2, 6, 10, 15, 12]]
[clean-BPC  1591.20s] node 64 d=9 lb=235.671997 open=31
[clean-BPC  1591.30s] node 64 cg=1 phase=phase1 obj=0.0 artificial=0.0 cols=3016
[clean-BPC  1591.42s] node 64 cg=2 phase=phase2 obj=236.50321 artificial=0.0 cols=3016
[clean-BPC  1594.43s] node 64 cg=2 phase=phase2 kind=heuristic best_rc=-0.025407333 found=2 added=2 exhausted=False cert=False
[clean-BPC  1594.54s] node 64 cg=3 phase=phase2 obj=236.50321 artificial=0.0 cols=3018
[clean-BPC  1594.54s] cut_purged node=64 removed=1 by_kind={'schedule_nogood_core': 1} remaining=38
[clean-BPC  1594.64s] node 64 cg=4 phase=phase2 obj=236.50321 artificial=0.0 cols=3018
[clean-BPC  1597.69s] node 64 cg=4 phase=phase2 kind=heuristic best_rc=0.0566685 found=0 added=0 exhausted=False cert=False
[clean-BPC  1603.73s] node 64 cg=4 phase=phase2 kind=heuristic_boost best_rc=-0.425960833 found=4 added=4 exhausted=True cert=True
[clean-BPC  1603.85s] node 64 cg=5 phase=phase2 obj=236.50321 artificial=0.0 cols=3022
[clean-BPC  1606.84s] node 64 cg=5 phase=phase2 kind=heuristic best_rc=0.0566685 found=0 added=0 exhausted=False cert=False
[clean-BPC  1612.87s] node 64 cg=5 phase=phase2 kind=heuristic_boost best_rc=0.0566685 found=0 added=0 exhausted=True cert=True
[clean-BPC  1614.19s] branch node 64: left=RF(2,14)=separate right=RF(2,14)=same
[clean-BPC  1614.19s] node 45 d=7 lb=235.694796 open=32
[clean-BPC  1614.31s] node 45 cg=1 phase=phase1 obj=0.0 artificial=0.0 cols=3022
[clean-BPC  1614.42s] node 45 cg=2 phase=phase2 obj=235.980063 artificial=0.0 cols=3022
[clean-BPC  1617.53s] node 45 cg=2 phase=phase2 kind=heuristic best_rc=-0.37526125 found=7 added=7 exhausted=False cert=False
[clean-BPC  1617.66s] node 45 cg=3 phase=phase2 obj=235.980063 artificial=0.0 cols=3029
[clean-BPC  1620.82s] node 45 cg=3 phase=phase2 kind=heuristic best_rc=-0.057431 found=2 added=2 exhausted=False cert=False
[clean-BPC  1620.92s] node 45 cg=4 phase=phase2 obj=235.980063 artificial=0.0 cols=3031
[clean-BPC  1624.07s] node 45 cg=4 phase=phase2 kind=heuristic best_rc=0.166715667 found=0 added=0 exhausted=False cert=False
[clean-BPC  1631.74s] node 45 cg=4 phase=phase2 kind=heuristic_boost best_rc=0.0292995 found=0 added=0 exhausted=True cert=True
[clean-BPC  1631.75s] route-pack-conflict diag node 45 source_vehicle=1 routes=5 U=4 complete=True cache_hit=False states=113 added=0
[clean-BPC  1632.92s] cut_added family=schedule_nogood_core node=45 added=2 source_vehicle=1 route_count=4 signatures=[[2, 11, 7], [4, 8, 18, 16, 9], [6, 10, 17, 14], [1, 5, 3]]
[clean-BPC  1632.92s] node 46 d=7 lb=235.694796 open=32
[clean-BPC  1633.01s] node 46 cg=1 phase=phase1 obj=0.0 artificial=0.0 cols=3031
[clean-BPC  1633.09s] node 46 cg=2 phase=phase2 obj=236.032893 artificial=0.0 cols=3031
[clean-BPC  1633.09s] cut_purged node=46 removed=1 by_kind={'schedule_nogood_core': 1} remaining=39
[clean-BPC  1633.16s] node 46 cg=3 phase=phase2 obj=236.032893 artificial=0.0 cols=3031
[clean-BPC  1635.97s] node 46 cg=3 phase=phase2 kind=heuristic best_rc=0.237836667 found=0 added=0 exhausted=False cert=False
[clean-BPC  1642.81s] node 46 cg=3 phase=phase2 kind=heuristic_boost best_rc=-0.571015667 found=13 added=13 exhausted=True cert=True
[clean-BPC  1642.89s] node 46 cg=4 phase=phase2 obj=236.032893 artificial=0.0 cols=3044
[clean-BPC  1645.76s] node 46 cg=4 phase=phase2 kind=heuristic best_rc=-0.498811 found=6 added=6 exhausted=False cert=False
[clean-BPC  1645.84s] node 46 cg=5 phase=phase2 obj=236.032893 artificial=0.0 cols=3050
[clean-BPC  1648.71s] node 46 cg=5 phase=phase2 kind=heuristic best_rc=0.0 found=0 added=0 exhausted=False cert=False
[clean-BPC  1655.57s] node 46 cg=5 phase=phase2 kind=heuristic_boost best_rc=-0.268166125 found=2 added=2 exhausted=True cert=True
[clean-BPC  1655.64s] node 46 cg=6 phase=phase2 obj=236.032893 artificial=0.0 cols=3052
[clean-BPC  1658.57s] node 46 cg=6 phase=phase2 kind=heuristic best_rc=0.0 found=0 added=0 exhausted=False cert=False
[clean-BPC  1665.98s] node 46 cg=6 phase=phase2 kind=heuristic_boost best_rc=0.0 found=0 added=0 exhausted=True cert=True
[clean-BPC  1665.98s] incumbent node 46: obj=236.032893
[clean-BPC  1665.98s] fathom node 46: reason=integral bound=236.032893
[clean-BPC  1665.99s] node 63 d=9 lb=235.700699 open=31
[clean-BPC  1666.11s] node 63 cg=1 phase=phase1 obj=0.0 artificial=0.0 cols=3052
[clean-BPC  1666.26s] node 63 cg=2 phase=phase2 obj=235.700699 artificial=0.0 cols=3052
[clean-BPC  1669.71s] node 63 cg=2 phase=phase2 kind=heuristic best_rc=-0.197655 found=2 added=2 exhausted=False cert=False
[clean-BPC  1669.84s] node 63 cg=3 phase=phase2 obj=235.700699 artificial=0.0 cols=3054
[clean-BPC  1673.35s] node 63 cg=3 phase=phase2 kind=heuristic best_rc=-0.2862555 found=4 added=4 exhausted=False cert=False
[clean-BPC  1673.49s] node 63 cg=4 phase=phase2 obj=235.700699 artificial=0.0 cols=3058
[clean-BPC  1673.49s] cut_purged node=63 removed=1 by_kind={'schedule_nogood_core': 1} remaining=38
[clean-BPC  1673.62s] node 63 cg=5 phase=phase2 obj=235.700699 artificial=0.0 cols=3058
[clean-BPC  1677.19s] node 63 cg=5 phase=phase2 kind=heuristic best_rc=-0.0 found=0 added=0 exhausted=False cert=False
[clean-BPC  1685.91s] node 63 cg=5 phase=phase2 kind=heuristic_boost best_rc=-0.0 found=0 added=0 exhausted=True cert=True
[clean-BPC  1685.92s] route-pack-conflict diag node 63 source_vehicle=1 routes=5 U=4 complete=True cache_hit=False states=108 added=0
[clean-BPC  1687.41s] cut_added family=schedule_nogood_core node=63 added=2 source_vehicle=1 route_count=3 signatures=[[4, 20, 19, 13], [8, 18, 16, 9, 7], [2, 6, 10, 15, 12]]
[clean-BPC  1687.41s] node 63 d=9 lb=235.700699 open=31
[clean-BPC  1687.54s] node 63 cg=1 phase=phase1 obj=0.0 artificial=0.0 cols=3058
[clean-BPC  1687.68s] node 63 cg=2 phase=phase2 obj=235.700699 artificial=0.0 cols=3058
[clean-BPC  1691.20s] node 63 cg=2 phase=phase2 kind=heuristic best_rc=0.0 found=0 added=0 exhausted=False cert=False
[clean-BPC  1700.17s] node 63 cg=2 phase=phase2 kind=heuristic_boost best_rc=-0.403251833 found=2 added=2 exhausted=True cert=True
[clean-BPC  1700.31s] node 63 cg=3 phase=phase2 obj=235.700699 artificial=0.0 cols=3060
[clean-BPC  1703.74s] node 63 cg=3 phase=phase2 kind=heuristic best_rc=-0.0993265 found=1 added=1 exhausted=False cert=False
[clean-BPC  1703.89s] node 63 cg=4 phase=phase2 obj=235.700699 artificial=0.0 cols=3061
[clean-BPC  1707.33s] node 63 cg=4 phase=phase2 kind=heuristic best_rc=0.0 found=0 added=0 exhausted=False cert=False
[clean-BPC  1715.05s] node 63 cg=4 phase=phase2 kind=heuristic_boost best_rc=-0.0 found=0 added=0 exhausted=True cert=True
[clean-BPC  1715.06s] route-pack-conflict diag node 63 source_vehicle=1 routes=5 U=4 complete=True cache_hit=True states=110 added=0
[clean-BPC  1716.52s] cut_added family=schedule_nogood_core node=63 added=2 source_vehicle=1 route_count=3 signatures=[[4, 20, 19, 13], [7, 9, 16, 18, 8], [2, 6, 10, 15, 12]]
[clean-BPC  1716.52s] node 63 d=9 lb=235.700699 open=31
[clean-BPC  1716.65s] node 63 cg=1 phase=phase1 obj=0.0 artificial=0.0 cols=3061
[clean-BPC  1716.79s] node 63 cg=2 phase=phase2 obj=235.700699 artificial=0.0 cols=3061
[clean-BPC  1720.43s] node 63 cg=2 phase=phase2 kind=heuristic best_rc=-0.052242 found=2 added=2 exhausted=False cert=False
[clean-BPC  1720.56s] node 63 cg=3 phase=phase2 obj=235.700699 artificial=0.0 cols=3063
[clean-BPC  1723.92s] node 63 cg=3 phase=phase2 kind=heuristic best_rc=-0.0 found=0 added=0 exhausted=False cert=False
[clean-BPC  1730.12s] node 63 cg=3 phase=phase2 kind=heuristic_boost best_rc=-0.0 found=0 added=0 exhausted=True cert=True
[clean-BPC  1730.13s] route-pack-conflict diag node 63 source_vehicle=1 routes=5 U=4 complete=True cache_hit=True states=104 added=0
[clean-BPC  1730.59s] cut_added family=schedule_nogood_core node=63 added=1 source_vehicle=1 route_count=3 signatures=[[13, 19, 20, 4], [1, 5, 3], [2, 6, 10, 15, 12]]
[clean-BPC  1730.59s] node 63 d=9 lb=235.700699 open=31
[clean-BPC  1730.72s] node 63 cg=1 phase=phase1 obj=0.0 artificial=0.0 cols=3063
[clean-BPC  1730.85s] node 63 cg=2 phase=phase2 obj=235.700699 artificial=0.0 cols=3063
[clean-BPC  1734.29s] node 63 cg=2 phase=phase2 kind=heuristic best_rc=-0.0 found=0 added=0 exhausted=False cert=False
[clean-BPC  1740.64s] node 63 cg=2 phase=phase2 kind=heuristic_boost best_rc=-0.0 found=0 added=0 exhausted=True cert=True
[clean-BPC  1742.37s] branch node 63: left=arc(10,6)=off right=arc(10,6)=on
[clean-BPC  1742.37s] node 67 d=10 lb=235.700699 open=32
[clean-BPC  1742.50s] node 67 cg=1 phase=phase1 obj=0.0 artificial=0.0 cols=3063
[clean-BPC  1742.65s] node 67 cg=2 phase=phase2 obj=235.700699 artificial=0.0 cols=3063
[clean-BPC  1746.19s] node 67 cg=2 phase=phase2 kind=heuristic best_rc=0.0 found=0 added=0 exhausted=False cert=False
[clean-BPC  1752.60s] node 67 cg=2 phase=phase2 kind=heuristic_boost best_rc=0.0 found=0 added=0 exhausted=True cert=True
[clean-BPC  1754.57s] branch node 67: left=arc(1,5)=off right=arc(1,5)=on
[clean-BPC  1754.57s] node 68 d=10 lb=235.700699 open=33
[clean-BPC  1754.70s] node 68 cg=1 phase=phase1 obj=0.0 artificial=0.0 cols=3063
[clean-BPC  1754.85s] node 68 cg=2 phase=phase2 obj=235.700699 artificial=0.0 cols=3063
[clean-BPC  1758.54s] node 68 cg=2 phase=phase2 kind=heuristic best_rc=0.0 found=0 added=0 exhausted=False cert=False
[clean-BPC  1767.88s] node 68 cg=2 phase=phase2 kind=heuristic_boost best_rc=0.0 found=0 added=0 exhausted=True cert=True
[clean-BPC  1767.89s] route-pack-conflict diag node 68 source_vehicle=1 routes=5 U=4 complete=True cache_hit=False states=104 added=0
[clean-BPC  1769.56s] cut_added family=schedule_nogood_core node=68 added=2 source_vehicle=1 route_count=4 signatures=[[4, 20, 19, 13], [7, 9, 16, 18, 8], [1, 5, 3], [12, 15, 10, 6, 2]]
[clean-BPC  1769.56s] node 69 d=11 lb=235.700699 open=33
[clean-BPC  1769.69s] node 69 cg=1 phase=phase1 obj=0.0 artificial=0.0 cols=3063
[clean-BPC  1769.85s] node 69 cg=2 phase=phase2 obj=235.700699 artificial=0.0 cols=3063
[clean-BPC  1773.34s] node 69 cg=2 phase=phase2 kind=heuristic best_rc=0.0 found=0 added=0 exhausted=False cert=False
[clean-BPC  1779.74s] node 69 cg=2 phase=phase2 kind=heuristic_boost best_rc=0.0 found=0 added=0 exhausted=True cert=True
[clean-BPC  1781.24s] branch node 69: left=arc(4,20)=off right=arc(4,20)=on
[clean-BPC  1781.24s] node 71 d=12 lb=235.700699 open=34
[clean-BPC  1781.39s] node 71 cg=1 phase=phase1 obj=0.0 artificial=0.0 cols=3063
[clean-BPC  1781.52s] node 71 cg=2 phase=phase2 obj=235.700699 artificial=0.0 cols=3063
[clean-BPC  1785.00s] node 71 cg=2 phase=phase2 kind=heuristic best_rc=0.0 found=0 added=0 exhausted=False cert=False
[clean-BPC  1791.32s] node 71 cg=2 phase=phase2 kind=heuristic_boost best_rc=0.0 found=0 added=0 exhausted=True cert=True
[clean-BPC  1791.33s] route-pack-conflict diag node 71 source_vehicle=1 routes=5 U=4 complete=True cache_hit=False states=101 added=0
[clean-BPC  1791.79s] cut_added family=schedule_nogood_core node=71 added=2 source_vehicle=1 route_count=3 signatures=[[13, 19, 20, 4], [3, 5, 1], [2, 6, 10, 15, 12]]
[clean-BPC  1791.79s] node 72 d=12 lb=235.700699 open=34
[clean-BPC  1791.94s] node 72 cg=1 phase=phase1 obj=0.0 artificial=0.0 cols=3063
[clean-BPC  1792.07s] node 72 cg=2 phase=phase2 obj=235.703003 artificial=0.0 cols=3063
[clean-BPC  1795.66s] node 72 cg=2 phase=phase2 kind=heuristic best_rc=-0.65736 found=6 added=6 exhausted=False cert=False
[clean-BPC  1795.81s] node 72 cg=3 phase=phase2 obj=235.703003 artificial=0.0 cols=3069
[clean-BPC  1799.24s] node 72 cg=3 phase=phase2 kind=heuristic best_rc=-1.022732 found=24 added=24 exhausted=False cert=False
[clean-BPC  1799.40s] node 72 cg=4 phase=phase2 obj=235.703003 artificial=0.0 cols=3093
[clean-BPC  1803.06s] node 72 cg=4 phase=phase2 kind=heuristic best_rc=0.0 found=0 added=0 exhausted=False cert=False
[clean-BPC  1811.91s] node 72 cg=4 phase=phase2 kind=heuristic_boost best_rc=0.0 found=0 added=0 exhausted=True cert=True
[clean-BPC  1811.91s] route-pack-conflict diag node 72 source_vehicle=1 routes=5 U=4 complete=True cache_hit=False states=108 added=0
[clean-BPC  1813.39s] cut_added family=schedule_nogood_core node=72 added=2 source_vehicle=1 route_count=3 signatures=[[4, 20, 19, 13], [8, 18, 9, 16, 7], [2, 6, 10, 15, 12]]
[clean-BPC  1813.40s] node 70 d=11 lb=235.700699 open=34
[clean-BPC  1813.53s] node 70 cg=1 phase=phase1 obj=0.0 artificial=0.0 cols=3093
[clean-BPC  1813.68s] node 70 cg=2 phase=phase2 obj=235.703003 artificial=0.0 cols=3093
[clean-BPC  1817.22s] node 70 cg=2 phase=phase2 kind=heuristic best_rc=0.184114 found=0 added=0 exhausted=False cert=False
[clean-BPC  1823.73s] node 70 cg=2 phase=phase2 kind=heuristic_boost best_rc=-0.0 found=0 added=0 exhausted=True cert=True
[clean-BPC  1823.74s] route-pack-conflict diag node 70 source_vehicle=1 routes=5 U=4 complete=True cache_hit=False states=113 added=0
[clean-BPC  1825.39s] cut_added family=schedule_nogood_core node=70 added=2 source_vehicle=1 route_count=4 signatures=[[4, 20, 19, 13], [7, 16, 9, 18, 8], [1, 5, 3], [2, 6, 10, 15, 12]]
[clean-BPC  1825.39s] node 68 d=10 lb=235.700699 open=34
[clean-BPC  1825.54s] node 68 cg=1 phase=phase1 obj=0.0 artificial=0.0 cols=3093
[clean-BPC  1825.69s] node 68 cg=2 phase=phase2 obj=235.700699 artificial=0.0 cols=3093
[clean-BPC  1829.36s] node 68 cg=2 phase=phase2 kind=heuristic best_rc=-0.0 found=0 added=0 exhausted=False cert=False
[clean-BPC  1838.63s] node 68 cg=2 phase=phase2 kind=heuristic_boost best_rc=-0.0 found=0 added=0 exhausted=True cert=True
[clean-BPC  1838.64s] route-pack-conflict diag node 68 source_vehicle=1 routes=5 U=4 complete=True cache_hit=False states=87 added=0
[clean-BPC  1839.10s] cut_added family=schedule_nogood_core node=68 added=2 source_vehicle=1 route_count=3 signatures=[[13, 19, 20, 4], [3, 5, 1], [12, 15, 10, 6, 2]]
[clean-BPC  1839.10s] node 71 d=12 lb=235.700699 open=34
[clean-BPC  1839.24s] node 71 cg=1 phase=phase1 obj=0.0 artificial=0.0 cols=3093
[clean-BPC  1839.38s] node 71 cg=2 phase=phase2 obj=235.766357 artificial=0.0 cols=3093
[clean-BPC  1839.38s] cut_purged node=71 removed=1 by_kind={'schedule_nogood_core': 1} remaining=52
[clean-BPC  1839.53s] node 71 cg=3 phase=phase2 obj=235.766357 artificial=0.0 cols=3093
[clean-BPC  1842.94s] node 71 cg=3 phase=phase2 kind=heuristic best_rc=0.0 found=0 added=0 exhausted=False cert=False
[clean-BPC  1849.04s] node 71 cg=3 phase=phase2 kind=heuristic_boost best_rc=0.0 found=0 added=0 exhausted=True cert=True
[clean-BPC  1850.80s] branch node 71: left=RF(1,8)=separate right=RF(1,8)=same
[clean-BPC  1850.80s] node 68 d=10 lb=235.700699 open=35
[clean-BPC  1850.96s] node 68 cg=1 phase=phase1 obj=0.0 artificial=0.0 cols=3093
[clean-BPC  1851.10s] node 68 cg=2 phase=phase2 obj=235.700699 artificial=0.0 cols=3093
[clean-BPC  1854.51s] node 68 cg=2 phase=phase2 kind=heuristic best_rc=0.0 found=0 added=0 exhausted=False cert=False
[clean-BPC  1861.00s] node 68 cg=2 phase=phase2 kind=heuristic_boost best_rc=0.0 found=0 added=0 exhausted=True cert=True
[clean-BPC  1861.00s] route-pack-conflict diag node 68 source_vehicle=1 routes=5 U=4 complete=True cache_hit=True states=99 added=0
[clean-BPC  1862.49s] cut_added family=schedule_nogood_core node=68 added=2 source_vehicle=1 route_count=3 signatures=[[4, 20, 19, 13], [8, 18, 16, 9, 7], [12, 15, 10, 6, 2]]
[clean-BPC  1862.49s] node 68 d=10 lb=235.700699 open=35
[clean-BPC  1862.64s] node 68 cg=1 phase=phase1 obj=0.0 artificial=0.0 cols=3093
[clean-BPC  1862.78s] node 68 cg=2 phase=phase2 obj=235.700699 artificial=0.0 cols=3093
[clean-BPC  1866.52s] node 68 cg=2 phase=phase2 kind=heuristic best_rc=0.0 found=0 added=0 exhausted=False cert=False
[clean-BPC  1875.97s] node 68 cg=2 phase=phase2 kind=heuristic_boost best_rc=-0.0 found=0 added=0 exhausted=True cert=True
[clean-BPC  1875.98s] route-pack-conflict diag node 68 source_vehicle=1 routes=5 U=4 complete=True cache_hit=False states=103 added=0
[clean-BPC  1877.62s] cut_added family=schedule_nogood_core node=68 added=2 source_vehicle=1 route_count=4 signatures=[[4, 20, 19, 13], [7, 9, 16, 18, 8], [3, 5, 1], [12, 15, 10, 6, 2]]
[clean-BPC  1877.62s] node 68 d=10 lb=235.700699 open=35
[clean-BPC  1877.77s] node 68 cg=1 phase=phase1 obj=0.0 artificial=0.0 cols=3093
[clean-BPC  1877.91s] node 68 cg=2 phase=phase2 obj=235.700699 artificial=0.0 cols=3093
[clean-BPC  1881.72s] node 68 cg=2 phase=phase2 kind=heuristic best_rc=0.0 found=0 added=0 exhausted=False cert=False
[clean-BPC  1891.24s] node 68 cg=2 phase=phase2 kind=heuristic_boost best_rc=0.0 found=0 added=0 exhausted=True cert=True
[clean-BPC  1892.47s] branch node 68: left=arc(1,5)=off right=arc(1,5)=on
[clean-BPC  1892.47s] node 75 d=11 lb=235.700699 open=36
[clean-BPC  1892.61s] node 75 cg=1 phase=phase1 obj=0.0 artificial=0.0 cols=3093
[clean-BPC  1892.77s] node 75 cg=2 phase=phase2 obj=235.703003 artificial=0.0 cols=3093
[clean-BPC  1896.46s] node 75 cg=2 phase=phase2 kind=heuristic best_rc=0.0 found=0 added=0 exhausted=False cert=False
[clean-BPC  1903.36s] node 75 cg=2 phase=phase2 kind=heuristic_boost best_rc=0.0 found=0 added=0 exhausted=True cert=True
[clean-BPC  1903.37s] route-pack-conflict diag node 75 source_vehicle=1 routes=5 U=4 complete=True cache_hit=False states=99 added=0
[clean-BPC  1904.84s] cut_added family=schedule_nogood_core node=75 added=2 source_vehicle=1 route_count=3 signatures=[[4, 20, 19, 13], [8, 18, 9, 16, 7], [12, 15, 10, 6, 2]]
[clean-BPC  1904.84s] node 76 d=11 lb=235.700699 open=36
[clean-BPC  1904.98s] node 76 cg=1 phase=phase1 obj=0.0 artificial=0.0 cols=3093
[clean-BPC  1905.13s] node 76 cg=2 phase=phase2 obj=235.700699 artificial=0.0 cols=3093
[clean-BPC  1905.13s] cut_purged node=76 removed=1 by_kind={'schedule_nogood_core': 1} remaining=57
[clean-BPC  1905.28s] node 76 cg=3 phase=phase2 obj=235.700699 artificial=0.0 cols=3093
[clean-BPC  1908.94s] node 76 cg=3 phase=phase2 kind=heuristic best_rc=-0.0 found=0 added=0 exhausted=False cert=False
[clean-BPC  1918.08s] node 76 cg=3 phase=phase2 kind=heuristic_boost best_rc=-0.0 found=0 added=0 exhausted=True cert=True
[clean-BPC  1918.09s] route-pack-conflict diag node 76 source_vehicle=1 routes=5 U=4 complete=True cache_hit=False states=95 added=0
[clean-BPC  1918.55s] cut_added family=schedule_nogood_core node=76 added=2 source_vehicle=1 route_count=3 signatures=[[13, 19, 20, 4], [1, 5, 3], [12, 15, 10, 6, 2]]
[clean-BPC  1918.55s] node 76 d=11 lb=235.700699 open=36
[clean-BPC  1918.71s] node 76 cg=1 phase=phase1 obj=0.0 artificial=0.0 cols=3093
[clean-BPC  1918.85s] node 76 cg=2 phase=phase2 obj=235.700699 artificial=0.0 cols=3093
[clean-BPC  1922.55s] node 76 cg=2 phase=phase2 kind=heuristic best_rc=0.0 found=0 added=0 exhausted=False cert=False
[clean-BPC  1931.82s] node 76 cg=2 phase=phase2 kind=heuristic_boost best_rc=0.0 found=0 added=0 exhausted=True cert=True
[clean-BPC  1931.83s] route-pack-conflict diag node 76 source_vehicle=1 routes=5 U=4 complete=True cache_hit=True states=104 added=0
[clean-BPC  1933.48s] cut_added family=schedule_nogood_core node=76 added=1 source_vehicle=1 route_count=4 signatures=[[4, 20, 19, 13], [7, 9, 16, 18, 8], [1, 5, 3], [12, 15, 10, 6, 2]]
[clean-BPC  1933.48s] node 76 d=11 lb=235.700699 open=36
[clean-BPC  1933.61s] node 76 cg=1 phase=phase1 obj=0.0 artificial=0.0 cols=3093
[clean-BPC  1933.77s] node 76 cg=2 phase=phase2 obj=235.703003 artificial=0.0 cols=3093
[clean-BPC  1933.77s] cut_purged node=76 removed=1 by_kind={'schedule_nogood_core': 1} remaining=59
[clean-BPC  1933.91s] node 76 cg=3 phase=phase2 obj=235.703003 artificial=0.0 cols=3093
[clean-BPC  1933.91s] cut_purged node=76 removed=1 by_kind={'schedule_nogood_core': 1} remaining=58
[clean-BPC  1934.07s] node 76 cg=4 phase=phase2 obj=235.703003 artificial=0.0 cols=3093
[clean-BPC  1937.73s] node 76 cg=4 phase=phase2 kind=heuristic best_rc=0.0 found=0 added=0 exhausted=False cert=False
[clean-BPC  1947.04s] node 76 cg=4 phase=phase2 kind=heuristic_boost best_rc=0.0 found=0 added=0 exhausted=True cert=True
[clean-BPC  1947.05s] route-pack-conflict diag node 76 source_vehicle=1 routes=5 U=4 complete=True cache_hit=False states=104 added=0
[clean-BPC  1948.72s] cut_added family=schedule_nogood_core node=76 added=2 source_vehicle=1 route_count=4 signatures=[[4, 20, 19, 13], [7, 16, 9, 18, 8], [1, 5, 3], [12, 15, 10, 6, 2]]
[clean-BPC  1948.72s] node 70 d=11 lb=235.703003 open=36
[clean-BPC  1948.86s] node 70 cg=1 phase=phase1 obj=0.0 artificial=0.0 cols=3093
[clean-BPC  1949.02s] node 70 cg=2 phase=phase2 obj=235.700699 artificial=0.0 cols=3093
[clean-BPC  1952.46s] node 70 cg=2 phase=phase2 kind=heuristic best_rc=0.184114 found=0 added=0 exhausted=False cert=False
[clean-BPC  1958.84s] node 70 cg=2 phase=phase2 kind=heuristic_boost best_rc=-0.0 found=0 added=0 exhausted=True cert=True
[clean-BPC  1958.84s] route-pack-conflict diag node 70 source_vehicle=1 routes=5 U=4 complete=True cache_hit=False states=108 added=0
[clean-BPC  1960.29s] cut_added family=schedule_nogood_core node=70 added=1 source_vehicle=1 route_count=3 signatures=[[4, 20, 19, 13], [8, 18, 16, 9, 7], [2, 6, 10, 15, 12]]
[clean-BPC  1960.29s] node 70 d=11 lb=235.700699 open=36
[clean-BPC  1960.44s] node 70 cg=1 phase=phase1 obj=0.0 artificial=0.0 cols=3093
[clean-BPC  1960.59s] node 70 cg=2 phase=phase2 obj=235.703003 artificial=0.0 cols=3093
[clean-BPC  1964.13s] node 70 cg=2 phase=phase2 kind=heuristic best_rc=0.184114 found=0 added=0 exhausted=False cert=False
[clean-BPC  1970.60s] node 70 cg=2 phase=phase2 kind=heuristic_boost best_rc=-0.0 found=0 added=0 exhausted=True cert=True
[clean-BPC  1970.61s] route-pack-conflict diag node 70 source_vehicle=1 routes=5 U=4 complete=True cache_hit=True states=113 added=0
[clean-BPC  1972.25s] cut_added family=schedule_nogood_core node=70 added=1 source_vehicle=1 route_count=4 signatures=[[4, 20, 19, 13], [7, 16, 9, 18, 8], [1, 5, 3], [2, 6, 10, 15, 12]]
[clean-BPC  1972.25s] node 75 d=11 lb=235.703003 open=36
[clean-BPC  1972.39s] node 75 cg=1 phase=phase1 obj=0.0 artificial=0.0 cols=3093
[clean-BPC  1972.54s] node 75 cg=2 phase=phase2 obj=235.703003 artificial=0.0 cols=3093
[clean-BPC  1976.27s] node 75 cg=2 phase=phase2 kind=heuristic best_rc=0.0 found=0 added=0 exhausted=False cert=False
[clean-BPC  1985.75s] node 75 cg=2 phase=phase2 kind=heuristic_boost best_rc=0.0 found=0 added=0 exhausted=True cert=True
[clean-BPC  1985.76s] route-pack-conflict diag node 75 source_vehicle=1 routes=5 U=4 complete=True cache_hit=False states=104 added=0
[clean-BPC  1987.41s] cut_added family=schedule_nogood_core node=75 added=2 source_vehicle=1 route_count=4 signatures=[[4, 20, 19, 13], [7, 16, 9, 18, 8], [3, 5, 1], [12, 15, 10, 6, 2]]
[clean-BPC  1987.41s] node 76 d=11 lb=235.703003 open=36
[clean-BPC  1987.55s] node 76 cg=1 phase=phase1 obj=0.0 artificial=0.0 cols=3093
[clean-BPC  1987.71s] node 76 cg=2 phase=phase2 obj=235.730207 artificial=0.0 cols=3093
[clean-BPC  1991.44s] node 76 cg=2 phase=phase2 kind=heuristic best_rc=-0.685768474 found=4 added=4 exhausted=False cert=False
[clean-BPC  1991.61s] node 76 cg=3 phase=phase2 obj=235.719958 artificial=0.0 cols=3097
[clean-BPC  1995.45s] node 76 cg=3 phase=phase2 kind=heuristic best_rc=0.0 found=0 added=0 exhausted=False cert=False
[clean-BPC  2005.02s] node 76 cg=3 phase=phase2 kind=heuristic_boost best_rc=0.0 found=0 added=0 exhausted=True cert=True
[clean-BPC  2007.40s] branch node 76: left=RF(7,11)=separate right=RF(7,11)=same
[clean-BPC  2007.40s] node 70 d=11 lb=235.703003 open=37
[clean-BPC  2007.54s] node 70 cg=1 phase=phase1 obj=0.0 artificial=0.0 cols=3097
[clean-BPC  2007.70s] node 70 cg=2 phase=phase2 obj=235.731846 artificial=0.0 cols=3097
[clean-BPC  2011.28s] node 70 cg=2 phase=phase2 kind=heuristic best_rc=-0.154543889 found=1 added=1 exhausted=False cert=False
[clean-BPC  2011.43s] node 70 cg=3 phase=phase2 obj=235.719958 artificial=0.0 cols=3098
[clean-BPC  2015.01s] node 70 cg=3 phase=phase2 kind=heuristic best_rc=0.020032692 found=0 added=0 exhausted=False cert=False
[clean-BPC  2021.57s] node 70 cg=3 phase=phase2 kind=heuristic_boost best_rc=0.0 found=0 added=0 exhausted=True cert=True
[clean-BPC  2023.39s] branch node 70: left=RF(4,19)=separate right=RF(4,19)=same
[clean-BPC  2023.39s] node 75 d=11 lb=235.703003 open=38
[clean-BPC  2023.54s] node 75 cg=1 phase=phase1 obj=0.0 artificial=0.0 cols=3098
[clean-BPC  2023.69s] node 75 cg=2 phase=phase2 obj=235.71231 artificial=0.0 cols=3098
[clean-BPC  2027.42s] node 75 cg=2 phase=phase2 kind=heuristic best_rc=0.0 found=0 added=0 exhausted=False cert=False
[clean-BPC  2036.73s] node 75 cg=2 phase=phase2 kind=heuristic_boost best_rc=0.0 found=0 added=0 exhausted=True cert=True
[clean-BPC  2038.80s] branch node 75: left=arc(11,15)=off right=arc(11,15)=on
[clean-BPC  2038.80s] node 72 d=12 lb=235.703003 open=39
[clean-BPC  2038.95s] node 72 cg=1 phase=phase1 obj=0.0 artificial=0.0 cols=3098
[clean-BPC  2039.09s] node 72 cg=2 phase=phase2 obj=235.703003 artificial=0.0 cols=3098
[clean-BPC  2042.70s] node 72 cg=2 phase=phase2 kind=heuristic best_rc=0.0 found=0 added=0 exhausted=False cert=False
[clean-BPC  2051.48s] node 72 cg=2 phase=phase2 kind=heuristic_boost best_rc=0.0 found=0 added=0 exhausted=True cert=True
[clean-BPC  2051.49s] route-pack-conflict diag node 72 source_vehicle=1 routes=5 U=4 complete=True cache_hit=False states=113 added=0
[clean-BPC  2053.15s] cut_added family=schedule_nogood_core node=72 added=2 source_vehicle=1 route_count=4 signatures=[[4, 20, 19, 13], [7, 16, 9, 18, 8], [3, 5, 1], [2, 6, 10, 15, 12]]
[clean-BPC  2053.15s] node 72 d=12 lb=235.703003 open=39
[clean-BPC  2053.31s] node 72 cg=1 phase=phase1 obj=0.0 artificial=0.0 cols=3098
[clean-BPC  2053.45s] node 72 cg=2 phase=phase2 obj=235.774292 artificial=0.0 cols=3098
[clean-BPC  2057.24s] node 72 cg=2 phase=phase2 kind=heuristic best_rc=-0.0 found=0 added=0 exhausted=False cert=False
[clean-BPC  2067.03s] node 72 cg=2 phase=phase2 kind=heuristic_boost best_rc=-0.0 found=0 added=0 exhausted=True cert=True
[clean-BPC  2067.05s] route-pack-conflict diag node 72 source_vehicle=1 routes=5 U=4 complete=True cache_hit=False states=113 added=0
[clean-BPC  2068.71s] cut_added family=schedule_nogood_core node=72 added=2 source_vehicle=1 route_count=4 signatures=[[4, 20, 19, 13], [7, 16, 9, 18, 8], [1, 3, 5], [2, 6, 10, 15, 12]]
[clean-BPC  2068.71s] node 81 d=12 lb=235.71231 open=39
[clean-BPC  2068.85s] node 81 cg=1 phase=phase1 obj=0.0 artificial=0.0 cols=3098
[clean-BPC  2069.01s] node 81 cg=2 phase=phase2 obj=235.713732 artificial=0.0 cols=3098
[clean-BPC  2072.80s] node 81 cg=2 phase=phase2 kind=heuristic best_rc=-0.3369085 found=1 added=1 exhausted=False cert=False
[clean-BPC  2072.94s] node 81 cg=3 phase=phase2 obj=235.713733 artificial=0.0 cols=3099
[clean-BPC  2076.67s] node 81 cg=3 phase=phase2 kind=heuristic best_rc=0.0 found=0 added=0 exhausted=False cert=False
[clean-BPC  2086.09s] node 81 cg=3 phase=phase2 kind=heuristic_boost best_rc=0.0 found=0 added=0 exhausted=True cert=True
[clean-BPC  2087.65s] branch node 81: left=arc(16,7)=off right=arc(16,7)=on
[clean-BPC  2087.65s] node 82 d=12 lb=235.71231 open=40
[clean-BPC  2087.81s] node 82 cg=1 phase=phase1 obj=0.0 artificial=0.0 cols=3099
[clean-BPC  2087.95s] node 82 cg=2 phase=phase2 obj=239.208208 artificial=0.0 cols=3099
[clean-BPC  2087.95s] cut_purged node=82 removed=3 by_kind={'schedule_nogood_core': 3} remaining=65
[clean-BPC  2088.12s] node 82 cg=3 phase=phase2 obj=239.208208 artificial=0.0 cols=3099
[clean-BPC  2091.19s] node 82 cg=3 phase=phase2 kind=heuristic best_rc=-3.21890825 found=81 added=81 exhausted=False cert=False
[clean-BPC  2091.35s] node 82 cg=4 phase=phase2 obj=238.56623 artificial=0.0 cols=3180
[clean-BPC  2091.35s] cut_purged node=82 removed=1 by_kind={'schedule_nogood_core': 1} remaining=64
[clean-BPC  2091.50s] node 82 cg=5 phase=phase2 obj=238.56623 artificial=0.0 cols=3180
[clean-BPC  2094.89s] node 82 cg=5 phase=phase2 kind=heuristic best_rc=-0.078826933 found=2 added=2 exhausted=False cert=False
[clean-BPC  2095.05s] node 82 cg=6 phase=phase2 obj=238.56623 artificial=0.0 cols=3182
[clean-BPC  2098.09s] node 82 cg=6 phase=phase2 kind=heuristic best_rc=0.187004 found=0 added=0 exhausted=False cert=False
[clean-BPC  2103.60s] node 82 cg=6 phase=phase2 kind=heuristic_boost best_rc=0.0 found=0 added=0 exhausted=True cert=True
[clean-BPC  2103.60s] fathom node 82: reason=bound_after_schedule_pack bound=238.56623
[clean-BPC  2103.60s] node 83 d=13 lb=235.713733 open=39
[clean-BPC  2103.74s] node 83 cg=1 phase=phase1 obj=0.0 artificial=0.0 cols=3182
[clean-BPC  2103.89s] node 83 cg=2 phase=phase2 obj=235.715878 artificial=0.0 cols=3182
[clean-BPC  2103.89s] cut_purged node=83 removed=6 by_kind={'schedule_nogood_core': 6} remaining=58
[clean-BPC  2104.04s] node 83 cg=3 phase=phase2 obj=235.715878 artificial=0.0 cols=3182
[clean-BPC  2107.68s] node 83 cg=3 phase=phase2 kind=heuristic best_rc=0.0 found=0 added=0 exhausted=False cert=False
[clean-BPC  2114.43s] node 83 cg=3 phase=phase2 kind=heuristic_boost best_rc=0.0 found=0 added=0 exhausted=True cert=True
[clean-BPC  2115.82s] branch node 83: left=arc(4,20)=off right=arc(4,20)=on
[clean-BPC  2115.82s] node 84 d=13 lb=235.713733 open=40
[clean-BPC  2115.97s] node 84 cg=1 phase=phase1 obj=0.0 artificial=0.0 cols=3182
[clean-BPC  2116.12s] node 84 cg=2 phase=phase2 obj=235.774292 artificial=0.0 cols=3182
[clean-BPC  2119.31s] node 84 cg=2 phase=phase2 kind=heuristic best_rc=0.0 found=0 added=0 exhausted=False cert=False
[clean-BPC  2125.03s] node 84 cg=2 phase=phase2 kind=heuristic_boost best_rc=0.0 found=0 added=0 exhausted=True cert=True
[clean-BPC  2125.04s] route-pack-conflict diag node 84 source_vehicle=1 routes=5 U=4 complete=True cache_hit=False states=90 added=0
[clean-BPC  2125.50s] cut_added family=schedule_nogood_core node=84 added=2 source_vehicle=1 route_count=3 signatures=[[13, 19, 20, 4], [1, 3, 5], [12, 15, 10, 6, 2]]
[clean-BPC  2125.50s] node 85 d=14 lb=235.715878 open=40
[clean-BPC  2125.64s] node 85 cg=1 phase=phase1 obj=0.0 artificial=0.0 cols=3182
[clean-BPC  2125.79s] node 85 cg=2 phase=phase2 obj=235.771988 artificial=0.0 cols=3182
[clean-BPC  2129.32s] node 85 cg=2 phase=phase2 kind=heuristic best_rc=0.0 found=0 added=0 exhausted=False cert=False
[clean-BPC  2135.79s] node 85 cg=2 phase=phase2 kind=heuristic_boost best_rc=-0.11162 found=3 added=3 exhausted=True cert=True
[clean-BPC  2135.95s] node 85 cg=3 phase=phase2 obj=235.771988 artificial=0.0 cols=3185
[clean-BPC  2139.43s] node 85 cg=3 phase=phase2 kind=heuristic best_rc=-0.0 found=0 added=0 exhausted=False cert=False
[clean-BPC  2145.80s] node 85 cg=3 phase=phase2 kind=heuristic_boost best_rc=-0.0 found=0 added=0 exhausted=True cert=True
[clean-BPC  2145.81s] route-pack-conflict diag node 85 source_vehicle=1 routes=5 U=4 complete=True cache_hit=False states=89 added=0
[clean-BPC  2146.28s] cut_added family=schedule_nogood_core node=85 added=2 source_vehicle=1 route_count=3 signatures=[[13, 19, 20, 4], [5, 3, 1], [12, 15, 10, 6, 2]]
[clean-BPC  2146.28s] node 86 d=14 lb=235.715878 open=40
[clean-BPC  2146.42s] node 86 cg=1 phase=phase1 obj=0.0 artificial=0.0 cols=3185
[clean-BPC  2146.56s] node 86 cg=2 phase=phase2 obj=235.737495 artificial=0.0 cols=3185
[clean-BPC  2150.35s] node 86 cg=2 phase=phase2 kind=heuristic best_rc=-0.2296255 found=2 added=2 exhausted=False cert=False
[clean-BPC  2150.49s] node 86 cg=3 phase=phase2 obj=235.737495 artificial=0.0 cols=3187
[clean-BPC  2154.27s] node 86 cg=3 phase=phase2 kind=heuristic best_rc=-0.0 found=0 added=0 exhausted=False cert=False
[clean-BPC  2163.41s] node 86 cg=3 phase=phase2 kind=heuristic_boost best_rc=-0.0 found=0 added=0 exhausted=True cert=True
[clean-BPC  2164.67s] branch node 86: left=arc(7,16)=off right=arc(7,16)=on
[clean-BPC  2164.67s] node 77 d=12 lb=235.719958 open=41
[clean-BPC  2164.82s] node 77 cg=1 phase=phase1 obj=0.0 artificial=0.0 cols=3187
[clean-BPC  2164.98s] node 77 cg=2 phase=phase2 obj=235.700699 artificial=0.0 cols=3187
[clean-BPC  2167.86s] node 77 cg=2 phase=phase2 kind=heuristic best_rc=-0.183637 found=1 added=1 exhausted=False cert=False
[clean-BPC  2168.01s] node 77 cg=3 phase=phase2 obj=235.700699 artificial=0.0 cols=3188
[clean-BPC  2171.01s] node 77 cg=3 phase=phase2 kind=heuristic best_rc=0.022445 found=0 added=0 exhausted=False cert=False
[clean-BPC  2176.16s] node 77 cg=3 phase=phase2 kind=heuristic_boost best_rc=0.022445 found=0 added=0 exhausted=True cert=True
[clean-BPC  2176.16s] route-pack-conflict diag node 77 source_vehicle=1 routes=5 U=4 complete=True cache_hit=True states=104 added=0
[clean-BPC  2177.81s] cut_added family=schedule_nogood_core node=77 added=1 source_vehicle=1 route_count=4 signatures=[[4, 20, 19, 13], [7, 9, 16, 18, 8], [1, 5, 3], [12, 15, 10, 6, 2]]
[clean-BPC  2177.81s] node 77 d=12 lb=235.700699 open=41
[clean-BPC  2177.97s] node 77 cg=1 phase=phase1 obj=0.0 artificial=0.0 cols=3188
[clean-BPC  2178.11s] node 77 cg=2 phase=phase2 obj=235.700699 artificial=0.0 cols=3188
[clean-BPC  2181.08s] node 77 cg=2 phase=phase2 kind=heuristic best_rc=0.022445 found=0 added=0 exhausted=False cert=False
[clean-BPC  2186.24s] node 77 cg=2 phase=phase2 kind=heuristic_boost best_rc=0.022445 found=0 added=0 exhausted=True cert=True
[clean-BPC  2186.25s] route-pack-conflict diag node 77 source_vehicle=1 routes=5 U=4 complete=True cache_hit=True states=95 added=0
[clean-BPC  2186.72s] cut_added family=schedule_nogood_core node=77 added=1 source_vehicle=1 route_count=3 signatures=[[13, 19, 20, 4], [1, 5, 3], [12, 15, 10, 6, 2]]
[clean-BPC  2186.72s] node 77 d=12 lb=235.700699 open=41
[clean-BPC  2186.85s] node 77 cg=1 phase=phase1 obj=0.0 artificial=0.0 cols=3188
[clean-BPC  2187.01s] node 77 cg=2 phase=phase2 obj=235.703003 artificial=0.0 cols=3188
[clean-BPC  2190.10s] node 77 cg=2 phase=phase2 kind=heuristic best_rc=0.029357 found=0 added=0 exhausted=False cert=False
[clean-BPC  2195.48s] node 77 cg=2 phase=phase2 kind=heuristic_boost best_rc=0.029357 found=0 added=0 exhausted=True cert=True
[clean-BPC  2195.49s] route-pack-conflict diag node 77 source_vehicle=1 routes=5 U=4 complete=True cache_hit=True states=104 added=0
[clean-BPC  2197.13s] cut_added family=schedule_nogood_core node=77 added=1 source_vehicle=1 route_count=4 signatures=[[4, 20, 19, 13], [7, 16, 9, 18, 8], [1, 5, 3], [12, 15, 10, 6, 2]]
[clean-BPC  2197.13s] node 77 d=12 lb=235.703003 open=41
[clean-BPC  2197.28s] node 77 cg=1 phase=phase1 obj=0.0 artificial=0.0 cols=3188
[clean-BPC  2197.43s] node 77 cg=2 phase=phase2 obj=235.813855 artificial=0.0 cols=3188
[clean-BPC  2200.51s] node 77 cg=2 phase=phase2 kind=heuristic best_rc=-0.107313698 found=3 added=3 exhausted=False cert=False
[clean-BPC  2200.65s] node 77 cg=3 phase=phase2 obj=235.813855 artificial=0.0 cols=3191
[clean-BPC  2203.75s] node 77 cg=3 phase=phase2 kind=heuristic best_rc=0.0 found=0 added=0 exhausted=False cert=False
[clean-BPC  2208.96s] node 77 cg=3 phase=phase2 kind=heuristic_boost best_rc=0.0 found=0 added=0 exhausted=True cert=True
[clean-BPC  2211.12s] branch node 77: left=RF(1,2)=separate right=RF(1,2)=same
[clean-BPC  2211.12s] node 78 d=12 lb=235.719958 open=42
[clean-BPC  2211.24s] node 78 cg=1 phase=phase1 obj=0.0 artificial=0.0 cols=3191
[clean-BPC  2211.36s] node 78 cg=2 phase=phase2 obj=235.937245 artificial=0.0 cols=3191
[clean-BPC  2214.41s] node 78 cg=2 phase=phase2 kind=heuristic best_rc=0.0 found=0 added=0 exhausted=False cert=False
[clean-BPC  2220.14s] node 78 cg=2 phase=phase2 kind=heuristic_boost best_rc=0.0 found=0 added=0 exhausted=True cert=True
[clean-BPC  2220.15s] route-pack-conflict diag node 78 source_vehicle=1 routes=5 U=4 complete=True cache_hit=False states=113 added=0
[clean-BPC  2222.44s] cut_added family=schedule_nogood_core node=78 added=2 source_vehicle=1 route_count=4 signatures=[[2, 14, 17], [7, 11, 16, 9], [8, 18, 20, 19], [4, 13, 12, 15, 10, 6]]
[clean-BPC  2222.44s] node 79 d=12 lb=235.719958 open=42
[clean-BPC  2222.59s] node 79 cg=1 phase=phase1 obj=0.0 artificial=0.0 cols=3191
[clean-BPC  2222.73s] node 79 cg=2 phase=phase2 obj=235.937245 artificial=0.0 cols=3191
[clean-BPC  2226.07s] node 79 cg=2 phase=phase2 kind=heuristic best_rc=-0.0 found=0 added=0 exhausted=False cert=False
[clean-BPC  2231.91s] node 79 cg=2 phase=phase2 kind=heuristic_boost best_rc=-0.0 found=0 added=0 exhausted=True cert=True
[clean-BPC  2231.92s] route-pack-conflict diag node 79 source_vehicle=1 routes=5 U=4 complete=True cache_hit=False states=107 added=0
[clean-BPC  2232.63s] cut_added family=schedule_nogood_core node=79 added=2 source_vehicle=1 route_count=3 signatures=[[2, 14, 17], [1, 5, 3], [6, 10, 15, 12, 13, 4]]
[clean-BPC  2232.63s] node 80 d=12 lb=235.719958 open=42
[clean-BPC  2232.74s] node 80 cg=1 phase=phase1 obj=0.0 artificial=0.0 cols=3191
[clean-BPC  2232.84s] node 80 cg=2 phase=phase2 obj=235.700699 artificial=0.0 cols=3191
[clean-BPC  2235.88s] node 80 cg=2 phase=phase2 kind=heuristic best_rc=-0.0 found=0 added=0 exhausted=False cert=False
[clean-BPC  2243.91s] node 80 cg=2 phase=phase2 kind=heuristic_boost best_rc=-3.6262485 found=151 added=151 exhausted=True cert=True
[clean-BPC  2244.02s] node 80 cg=3 phase=phase2 obj=235.700699 artificial=0.0 cols=3342
[clean-BPC  2244.03s] cut_purged node=80 removed=1 by_kind={'schedule_nogood_core': 1} remaining=68
[clean-BPC  2244.15s] node 80 cg=4 phase=phase2 obj=235.700699 artificial=0.0 cols=3342
[clean-BPC  2244.15s] cut_purged node=80 removed=3 by_kind={'schedule_nogood_core': 3} remaining=65
[clean-BPC  2244.26s] node 80 cg=5 phase=phase2 obj=235.700699 artificial=0.0 cols=3342
[clean-BPC  2244.26s] cut_purged node=80 removed=1 by_kind={'schedule_nogood_core': 1} remaining=64
[clean-BPC  2244.38s] node 80 cg=6 phase=phase2 obj=235.700699 artificial=0.0 cols=3342
[clean-BPC  2247.41s] node 80 cg=6 phase=phase2 kind=heuristic best_rc=-0.0 found=0 added=0 exhausted=False cert=False
[clean-BPC  2255.57s] node 80 cg=6 phase=phase2 kind=heuristic_boost best_rc=-0.0 found=0 added=0 exhausted=True cert=True
[clean-BPC  2255.58s] route-pack-conflict diag node 80 source_vehicle=1 routes=5 U=4 complete=True cache_hit=True states=110 added=0
[clean-BPC  2257.05s] cut_added family=schedule_nogood_core node=80 added=1 source_vehicle=1 route_count=3 signatures=[[4, 20, 19, 13], [7, 9, 16, 18, 8], [2, 6, 10, 15, 12]]
[clean-BPC  2257.05s] node 80 d=12 lb=235.700699 open=42
[clean-BPC  2257.17s] node 80 cg=1 phase=phase1 obj=0.0 artificial=0.0 cols=3342
[clean-BPC  2257.30s] node 80 cg=2 phase=phase2 obj=235.700699 artificial=0.0 cols=3342
[clean-BPC  2257.30s] cut_purged node=80 removed=3 by_kind={'schedule_nogood_core': 3} remaining=62
[clean-BPC  2257.41s] node 80 cg=3 phase=phase2 obj=235.700699 artificial=0.0 cols=3342
[clean-BPC  2260.42s] node 80 cg=3 phase=phase2 kind=heuristic best_rc=0.0 found=0 added=0 exhausted=False cert=False
[clean-BPC  2268.57s] node 80 cg=3 phase=phase2 kind=heuristic_boost best_rc=0.0 found=0 added=0 exhausted=True cert=True
[clean-BPC  2268.57s] route-pack-conflict diag node 80 source_vehicle=1 routes=5 U=4 complete=True cache_hit=True states=104 added=0
[clean-BPC  2269.05s] cut_added family=schedule_nogood_core node=80 added=1 source_vehicle=1 route_count=3 signatures=[[13, 19, 20, 4], [1, 5, 3], [2, 6, 10, 15, 12]]
[clean-BPC  2269.05s] node 80 d=12 lb=235.700699 open=42
[clean-BPC  2269.16s] node 80 cg=1 phase=phase1 obj=0.0 artificial=0.0 cols=3342
[clean-BPC  2269.27s] node 80 cg=2 phase=phase2 obj=235.700699 artificial=0.0 cols=3342
[clean-BPC  2269.27s] cut_purged node=80 removed=2 by_kind={'schedule_nogood_core': 2} remaining=61
[clean-BPC  2269.40s] node 80 cg=3 phase=phase2 obj=235.700699 artificial=0.0 cols=3342
[clean-BPC  2272.47s] node 80 cg=3 phase=phase2 kind=heuristic best_rc=-0.0 found=0 added=0 exhausted=False cert=False
[clean-BPC  2280.70s] node 80 cg=3 phase=phase2 kind=heuristic_boost best_rc=-0.0 found=0 added=0 exhausted=True cert=True
[clean-BPC  2280.70s] route-pack-conflict diag node 80 source_vehicle=1 routes=5 U=4 complete=True cache_hit=True states=108 added=0
[clean-BPC  2282.18s] cut_added family=schedule_nogood_core node=80 added=1 source_vehicle=1 route_count=3 signatures=[[4, 20, 19, 13], [8, 18, 16, 9, 7], [2, 6, 10, 15, 12]]
[clean-BPC  2282.18s] node 80 d=12 lb=235.700699 open=42
[clean-BPC  2282.29s] node 80 cg=1 phase=phase1 obj=0.0 artificial=0.0 cols=3342
[clean-BPC  2282.40s] node 80 cg=2 phase=phase2 obj=235.703003 artificial=0.0 cols=3342
[clean-BPC  2285.49s] node 80 cg=2 phase=phase2 kind=heuristic best_rc=-0.0 found=0 added=0 exhausted=False cert=False
[clean-BPC  2293.82s] node 80 cg=2 phase=phase2 kind=heuristic_boost best_rc=-0.0 found=0 added=0 exhausted=True cert=True
[clean-BPC  2293.83s] route-pack-conflict diag node 80 source_vehicle=1 routes=5 U=4 complete=True cache_hit=False states=112 added=0
[clean-BPC  2295.49s] cut_added family=schedule_nogood_core node=80 added=1 source_vehicle=1 route_count=4 signatures=[[4, 20, 19, 13], [7, 16, 9, 18, 8], [1, 5, 3], [2, 6, 10, 15, 12]]
[clean-BPC  2295.49s] node 80 d=12 lb=235.703003 open=42
[clean-BPC  2295.62s] node 80 cg=1 phase=phase1 obj=0.0 artificial=0.0 cols=3342
[clean-BPC  2295.73s] node 80 cg=2 phase=phase2 obj=235.703003 artificial=0.0 cols=3342
[clean-BPC  2298.79s] node 80 cg=2 phase=phase2 kind=heuristic best_rc=0.0 found=0 added=0 exhausted=False cert=False
[clean-BPC  2307.07s] node 80 cg=2 phase=phase2 kind=heuristic_boost best_rc=0.0 found=0 added=0 exhausted=True cert=True
[clean-BPC  2307.07s] route-pack-conflict diag node 80 source_vehicle=1 routes=5 U=4 complete=True cache_hit=False states=108 added=0
[clean-BPC  2308.56s] cut_added family=schedule_nogood_core node=80 added=1 source_vehicle=1 route_count=3 signatures=[[4, 20, 19, 13], [8, 18, 9, 16, 7], [2, 6, 10, 15, 12]]
[clean-BPC  2308.56s] node 80 d=12 lb=235.703003 open=42
[clean-BPC  2308.67s] node 80 cg=1 phase=phase1 obj=0.0 artificial=0.0 cols=3342
[clean-BPC  2308.78s] node 80 cg=2 phase=phase2 obj=235.839445 artificial=0.0 cols=3342
[clean-BPC  2311.90s] node 80 cg=2 phase=phase2 kind=heuristic best_rc=-0.931583333 found=6 added=6 exhausted=False cert=False
[clean-BPC  2312.03s] node 80 cg=3 phase=phase2 obj=235.772701 artificial=0.0 cols=3348
[clean-BPC  2312.03s] cut_purged node=80 removed=1 by_kind={'schedule_nogood_core': 1} remaining=63
[clean-BPC  2312.14s] node 80 cg=4 phase=phase2 obj=235.772701 artificial=0.0 cols=3348
[clean-BPC  2315.27s] node 80 cg=4 phase=phase2 kind=heuristic best_rc=-0.0 found=0 added=0 exhausted=False cert=False
[clean-BPC  2323.67s] node 80 cg=4 phase=phase2 kind=heuristic_boost best_rc=-0.0 found=0 added=0 exhausted=True cert=True
[clean-BPC  2325.13s] branch node 80: left=arc(10,12)=off right=arc(10,12)=on
[clean-BPC  2325.13s] node 41 d=11 lb=235.725426 open=43
[clean-BPC  2325.24s] node 41 cg=1 phase=phase1 obj=0.0 artificial=0.0 cols=3348
[clean-BPC  2325.35s] node 41 cg=2 phase=phase2 obj=235.946288 artificial=0.0 cols=3348
[clean-BPC  2325.35s] cut_purged node=41 removed=1 by_kind={'schedule_nogood_core': 1} remaining=62
[clean-BPC  2325.49s] node 41 cg=3 phase=phase2 obj=235.946288 artificial=0.0 cols=3348
[clean-BPC  2328.39s] node 41 cg=3 phase=phase2 kind=heuristic best_rc=0.378176 found=0 added=0 exhausted=False cert=False
[clean-BPC  2336.22s] node 41 cg=3 phase=phase2 kind=heuristic_boost best_rc=-0.3281872 found=1 added=1 exhausted=True cert=True
[clean-BPC  2336.33s] node 41 cg=4 phase=phase2 obj=235.946288 artificial=0.0 cols=3349
[clean-BPC  2339.29s] node 41 cg=4 phase=phase2 kind=heuristic best_rc=0.378176 found=0 added=0 exhausted=False cert=False
[clean-BPC  2347.03s] node 41 cg=4 phase=phase2 kind=heuristic_boost best_rc=-0.19469 found=1 added=1 exhausted=True cert=True
[clean-BPC  2347.14s] node 41 cg=5 phase=phase2 obj=235.946288 artificial=0.0 cols=3350
[clean-BPC  2350.05s] node 41 cg=5 phase=phase2 kind=heuristic best_rc=0.2105456 found=0 added=0 exhausted=False cert=False
[clean-BPC  2357.38s] node 41 cg=5 phase=phase2 kind=heuristic_boost best_rc=0.2105456 found=0 added=0 exhausted=True cert=True
[clean-BPC  2357.39s] route-pack-conflict diag node 41 source_vehicle=1 routes=5 U=3 complete=True cache_hit=False states=104 added=2
[clean-BPC  2357.39s] cut_added family=schedule_route_set_packing node=41 added=2 source=schedule_conflict first(vehicle=1, routes=5, U=3, states=104, cache_hit=False)
[clean-BPC  2357.39s] node 42 d=11 lb=235.725426 open=43
[clean-BPC  2357.47s] node 42 cg=1 phase=phase1 obj=0.0 artificial=0.0 cols=3350
[clean-BPC  2357.55s] node 42 cg=2 phase=phase2 obj=236.295985 artificial=0.0 cols=3350
[clean-BPC  2360.22s] node 42 cg=2 phase=phase2 kind=heuristic best_rc=-0.23552 found=2 added=2 exhausted=False cert=False
[clean-BPC  2360.31s] node 42 cg=3 phase=phase2 obj=236.295985 artificial=0.0 cols=3352
[clean-BPC  2362.98s] node 42 cg=3 phase=phase2 kind=heuristic best_rc=0.0 found=0 added=0 exhausted=False cert=False
[clean-BPC  2370.97s] node 42 cg=3 phase=phase2 kind=heuristic_boost best_rc=0.0 found=0 added=0 exhausted=True cert=True
[clean-BPC  2370.97s] fathom node 42: reason=bound_after_schedule_pack bound=236.295985
[clean-BPC  2370.97s] node 87 d=15 lb=235.737495 open=42
[clean-BPC  2371.14s] node 87 cg=1 phase=phase1 obj=0.0 artificial=0.0 cols=3352
[clean-BPC  2371.29s] node 87 cg=2 phase=phase2 obj=235.700699 artificial=0.0 cols=3352
[clean-BPC  2374.63s] node 87 cg=2 phase=phase2 kind=heuristic best_rc=-0.0 found=0 added=0 exhausted=False cert=False
[clean-BPC  2380.78s] node 87 cg=2 phase=phase2 kind=heuristic_boost best_rc=-0.4970785 found=10 added=10 exhausted=True cert=True
[clean-BPC  2380.95s] node 87 cg=3 phase=phase2 obj=235.700699 artificial=0.0 cols=3362
[clean-BPC  2380.95s] cut_purged node=87 removed=4 by_kind={'schedule_nogood_core': 4} remaining=60
[clean-BPC  2381.12s] node 87 cg=4 phase=phase2 obj=235.700699 artificial=0.0 cols=3362
[clean-BPC  2384.66s] node 87 cg=4 phase=phase2 kind=heuristic best_rc=0.0 found=0 added=0 exhausted=False cert=False
[clean-BPC  2393.11s] node 87 cg=4 phase=phase2 kind=heuristic_boost best_rc=0.0 found=0 added=0 exhausted=True cert=True
[clean-BPC  2393.12s] route-pack-conflict diag node 87 source_vehicle=1 routes=5 U=4 complete=True cache_hit=False states=104 added=0
[clean-BPC  2394.81s] cut_added family=schedule_nogood_core node=87 added=1 source_vehicle=1 route_count=4 signatures=[[4, 20, 19, 13], [7, 9, 16, 18, 8], [3, 5, 1], [12, 15, 10, 6, 2]]
[clean-BPC  2394.81s] node 87 d=15 lb=235.700699 open=42
[clean-BPC  2394.98s] node 87 cg=1 phase=phase1 obj=0.0 artificial=0.0 cols=3362
[clean-BPC  2395.13s] node 87 cg=2 phase=phase2 obj=235.700699 artificial=0.0 cols=3362
[clean-BPC  2398.77s] node 87 cg=2 phase=phase2 kind=heuristic best_rc=0.0 found=0 added=0 exhausted=False cert=False
[clean-BPC  2407.55s] node 87 cg=2 phase=phase2 kind=heuristic_boost best_rc=0.0 found=0 added=0 exhausted=True cert=True
[clean-BPC  2407.56s] route-pack-conflict diag node 87 source_vehicle=1 routes=5 U=4 complete=True cache_hit=False states=99 added=0
[clean-BPC  2409.01s] cut_added family=schedule_nogood_core node=87 added=1 source_vehicle=1 route_count=3 signatures=[[4, 20, 19, 13], [8, 18, 16, 9, 7], [12, 15, 10, 6, 2]]
[clean-BPC  2409.01s] node 87 d=15 lb=235.700699 open=42
[clean-BPC  2409.18s] node 87 cg=1 phase=phase1 obj=0.0 artificial=0.0 cols=3362
[clean-BPC  2409.33s] node 87 cg=2 phase=phase2 obj=235.771988 artificial=0.0 cols=3362
[clean-BPC  2413.05s] node 87 cg=2 phase=phase2 kind=heuristic best_rc=-0.0 found=0 added=0 exhausted=False cert=False
[clean-BPC  2422.01s] node 87 cg=2 phase=phase2 kind=heuristic_boost best_rc=-0.0 found=0 added=0 exhausted=True cert=True
[clean-BPC  2422.03s] route-pack-conflict diag node 87 source_vehicle=1 routes=5 U=4 complete=True cache_hit=False states=104 added=0
[clean-BPC  2423.70s] cut_added family=schedule_nogood_core node=87 added=2 source_vehicle=1 route_count=4 signatures=[[4, 20, 19, 13], [7, 9, 16, 18, 8], [1, 3, 5], [12, 15, 10, 6, 2]]
[clean-BPC  2423.70s] node 88 d=15 lb=235.737495 open=42
[clean-BPC  2423.86s] node 88 cg=1 phase=phase1 obj=0.0 artificial=0.0 cols=3362
[clean-BPC  2424.03s] node 88 cg=2 phase=phase2 obj=235.703003 artificial=0.0 cols=3362
[clean-BPC  2427.59s] node 88 cg=2 phase=phase2 kind=heuristic best_rc=-0.0721635 found=4 added=4 exhausted=False cert=False
[clean-BPC  2427.77s] node 88 cg=3 phase=phase2 obj=235.703003 artificial=0.0 cols=3366
[clean-BPC  2431.40s] node 88 cg=3 phase=phase2 kind=heuristic best_rc=-0.808496833 found=7 added=7 exhausted=False cert=False
[clean-BPC  2431.58s] node 88 cg=4 phase=phase2 obj=235.703003 artificial=0.0 cols=3373
[clean-BPC  2435.19s] node 88 cg=4 phase=phase2 kind=heuristic best_rc=0.024186167 found=0 added=0 exhausted=False cert=False
[clean-BPC  2444.19s] node 88 cg=4 phase=phase2 kind=heuristic_boost best_rc=-0.906624333 found=16 added=16 exhausted=True cert=True
[clean-BPC  2444.36s] node 88 cg=5 phase=phase2 obj=235.703003 artificial=0.0 cols=3389
[clean-BPC  2447.87s] node 88 cg=5 phase=phase2 kind=heuristic best_rc=-2.356500523 found=5 added=5 exhausted=False cert=False
[clean-BPC  2448.05s] node 88 cg=6 phase=phase2 obj=235.703003 artificial=0.0 cols=3394
[clean-BPC  2451.22s] node 88 cg=6 phase=phase2 kind=heuristic best_rc=-1.829971865 found=11 added=11 exhausted=False cert=False
[clean-BPC  2451.39s] node 88 cg=7 phase=phase2 obj=235.703003 artificial=0.0 cols=3405
[clean-BPC  2454.89s] node 88 cg=7 phase=phase2 kind=heuristic best_rc=0.1288465 found=0 added=0 exhausted=False cert=False
[clean-BPC  2463.21s] node 88 cg=7 phase=phase2 kind=heuristic_boost best_rc=0.1288465 found=0 added=0 exhausted=True cert=True
[clean-BPC  2463.22s] route-pack-conflict diag node 88 source_vehicle=1 routes=5 U=4 complete=True cache_hit=True states=104 added=0
[clean-BPC  2464.86s] cut_added family=schedule_nogood_core node=88 added=1 source_vehicle=1 route_count=4 signatures=[[4, 20, 19, 13], [7, 16, 9, 18, 8], [3, 5, 1], [12, 15, 10, 6, 2]]
[clean-BPC  2464.86s] node 88 d=15 lb=235.703003 open=42
[clean-BPC  2465.03s] node 88 cg=1 phase=phase1 obj=0.0 artificial=0.0 cols=3405
[clean-BPC  2465.21s] node 88 cg=2 phase=phase2 obj=235.774292 artificial=0.0 cols=3405
[clean-BPC  2465.21s] cut_purged node=88 removed=1 by_kind={'schedule_nogood_core': 1} remaining=64
[clean-BPC  2465.37s] node 88 cg=3 phase=phase2 obj=235.774292 artificial=0.0 cols=3405
[clean-BPC  2468.98s] node 88 cg=3 phase=phase2 kind=heuristic best_rc=0.18231325 found=0 added=0 exhausted=False cert=False
[clean-BPC  2477.41s] node 88 cg=3 phase=phase2 kind=heuristic_boost best_rc=0.18231325 found=0 added=0 exhausted=True cert=True
[clean-BPC  2477.42s] route-pack-conflict diag node 88 source_vehicle=1 routes=5 U=4 complete=True cache_hit=False states=104 added=0
[clean-BPC  2479.08s] cut_added family=schedule_nogood_core node=88 added=2 source_vehicle=1 route_count=4 signatures=[[4, 20, 19, 13], [7, 16, 9, 18, 8], [1, 3, 5], [12, 15, 10, 6, 2]]
[clean-BPC  2479.08s] node 74 d=13 lb=235.766357 open=42
[clean-BPC  2479.19s] node 74 cg=1 phase=phase1 obj=0.0 artificial=0.0 cols=3405
[clean-BPC  2479.30s] node 74 cg=2 phase=phase2 obj=237.175929 artificial=0.0 cols=3405
[clean-BPC  2482.42s] node 74 cg=2 phase=phase2 kind=heuristic best_rc=-1.093497455 found=13 added=13 exhausted=False cert=False
[clean-BPC  2482.55s] node 74 cg=3 phase=phase2 obj=237.013945 artificial=0.0 cols=3418
[clean-BPC  2485.70s] node 74 cg=3 phase=phase2 kind=heuristic best_rc=0.184114 found=0 added=0 exhausted=False cert=False
[clean-BPC  2493.56s] node 74 cg=3 phase=phase2 kind=heuristic_boost best_rc=0.0 found=0 added=0 exhausted=True cert=True
[clean-BPC  2493.56s] fathom node 74: reason=bound_after_schedule_pack bound=237.013945
[clean-BPC  2493.56s] node 73 d=13 lb=235.766357 open=41
[clean-BPC  2493.74s] node 73 cg=1 phase=phase1 obj=0.0 artificial=0.0 cols=3418
[clean-BPC  2493.91s] node 73 cg=2 phase=phase2 obj=235.700699 artificial=0.0 cols=3418
[clean-BPC  2497.32s] node 73 cg=2 phase=phase2 kind=heuristic best_rc=0.0 found=0 added=0 exhausted=False cert=False
[clean-BPC  2505.57s] node 73 cg=2 phase=phase2 kind=heuristic_boost best_rc=0.0 found=0 added=0 exhausted=True cert=True
[clean-BPC  2505.58s] route-pack-conflict diag node 73 source_vehicle=1 routes=5 U=4 complete=True cache_hit=True states=101 added=0
[clean-BPC  2506.05s] cut_added family=schedule_nogood_core node=73 added=1 source_vehicle=1 route_count=3 signatures=[[13, 19, 20, 4], [3, 5, 1], [2, 6, 10, 15, 12]]
[clean-BPC  2506.05s] node 73 d=13 lb=235.700699 open=41
[clean-BPC  2506.22s] node 73 cg=1 phase=phase1 obj=0.0 artificial=0.0 cols=3418
[clean-BPC  2506.39s] node 73 cg=2 phase=phase2 obj=235.771988 artificial=0.0 cols=3418
[clean-BPC  2510.05s] node 73 cg=2 phase=phase2 kind=heuristic best_rc=0.0 found=0 added=0 exhausted=False cert=False
[clean-BPC  2518.96s] node 73 cg=2 phase=phase2 kind=heuristic_boost best_rc=0.0 found=0 added=0 exhausted=True cert=True
[clean-BPC  2518.97s] route-pack-conflict diag node 73 source_vehicle=1 routes=5 U=4 complete=True cache_hit=False states=98 added=0
[clean-BPC  2519.44s] cut_added family=schedule_nogood_core node=73 added=2 source_vehicle=1 route_count=3 signatures=[[13, 19, 20, 4], [5, 3, 1], [2, 6, 10, 15, 12]]
[clean-BPC  2519.44s] node 85 d=14 lb=235.771988 open=41
[clean-BPC  2519.62s] node 85 cg=1 phase=phase1 obj=0.0 artificial=0.0 cols=3418
[clean-BPC  2519.78s] node 85 cg=2 phase=phase2 obj=235.700699 artificial=0.0 cols=3418
[clean-BPC  2523.41s] node 85 cg=2 phase=phase2 kind=heuristic best_rc=0.0 found=0 added=0 exhausted=False cert=False
[clean-BPC  2532.30s] node 85 cg=2 phase=phase2 kind=heuristic_boost best_rc=0.0 found=0 added=0 exhausted=True cert=True
[clean-BPC  2532.30s] route-pack-conflict diag node 85 source_vehicle=1 routes=5 U=4 complete=True cache_hit=False states=87 added=0
[clean-BPC  2532.76s] cut_added family=schedule_nogood_core node=85 added=1 source_vehicle=1 route_count=3 signatures=[[13, 19, 20, 4], [3, 5, 1], [12, 15, 10, 6, 2]]
[clean-BPC  2532.76s] node 85 d=14 lb=235.700699 open=41
[clean-BPC  2532.94s] node 85 cg=1 phase=phase1 obj=0.0 artificial=0.0 cols=3418
[clean-BPC  2533.10s] node 85 cg=2 phase=phase2 obj=235.771988 artificial=0.0 cols=3418
[clean-BPC  2533.10s] cut_purged node=85 removed=1 by_kind={'schedule_nogood_core': 1} remaining=69
[clean-BPC  2533.28s] node 85 cg=3 phase=phase2 obj=235.771988 artificial=0.0 cols=3418
[clean-BPC  2536.87s] node 85 cg=3 phase=phase2 kind=heuristic best_rc=0.0529018 found=0 added=0 exhausted=False cert=False
[clean-BPC  2545.74s] node 85 cg=3 phase=phase2 kind=heuristic_boost best_rc=-0.189086867 found=2 added=2 exhausted=True cert=True
[clean-BPC  2545.90s] node 85 cg=4 phase=phase2 obj=235.771988 artificial=0.0 cols=3420
[clean-BPC  2545.90s] cut_purged node=85 removed=3 by_kind={'schedule_nogood_core': 3} remaining=66
[clean-BPC  2546.08s] node 85 cg=5 phase=phase2 obj=235.771988 artificial=0.0 cols=3420
[clean-BPC  2549.65s] node 85 cg=5 phase=phase2 kind=heuristic best_rc=0.0529018 found=0 added=0 exhausted=False cert=False
[clean-BPC  2558.53s] node 85 cg=5 phase=phase2 kind=heuristic_boost best_rc=0.0 found=0 added=0 exhausted=True cert=True
[clean-BPC  2558.54s] route-pack-conflict diag node 85 source_vehicle=1 routes=5 U=4 complete=True cache_hit=False states=90 added=0
[clean-BPC  2558.99s] cut_added family=schedule_nogood_core node=85 added=1 source_vehicle=1 route_count=3 signatures=[[13, 19, 20, 4], [1, 3, 5], [12, 15, 10, 6, 2]]
[clean-BPC  2559.00s] node 87 d=15 lb=235.771988 open=41
[clean-BPC  2559.16s] node 87 cg=1 phase=phase1 obj=0.0 artificial=0.0 cols=3420
[clean-BPC  2559.32s] node 87 cg=2 phase=phase2 obj=235.700699 artificial=0.0 cols=3420
[clean-BPC  2562.74s] node 87 cg=2 phase=phase2 kind=heuristic best_rc=-0.027556667 found=1 added=1 exhausted=False cert=False
[clean-BPC  2562.89s] node 87 cg=3 phase=phase2 obj=235.700699 artificial=0.0 cols=3421
[clean-BPC  2566.50s] node 87 cg=3 phase=phase2 kind=heuristic best_rc=0.0 found=0 added=0 exhausted=False cert=False
[clean-BPC  2574.79s] node 87 cg=3 phase=phase2 kind=heuristic_boost best_rc=0.0 found=0 added=0 exhausted=True cert=True
[clean-BPC  2574.80s] route-pack-conflict diag node 87 source_vehicle=1 routes=5 U=4 complete=True cache_hit=True states=104 added=0
[clean-BPC  2576.45s] cut_added family=schedule_nogood_core node=87 added=1 source_vehicle=1 route_count=4 signatures=[[4, 20, 19, 13], [7, 9, 16, 18, 8], [3, 5, 1], [12, 15, 10, 6, 2]]
[clean-BPC  2576.45s] node 87 d=15 lb=235.700699 open=41
[clean-BPC  2576.61s] node 87 cg=1 phase=phase1 obj=0.0 artificial=0.0 cols=3421
[clean-BPC  2576.77s] node 87 cg=2 phase=phase2 obj=235.771988 artificial=0.0 cols=3421
[clean-BPC  2576.77s] cut_purged node=87 removed=1 by_kind={'schedule_nogood_core': 1} remaining=67
[clean-BPC  2576.93s] node 87 cg=3 phase=phase2 obj=235.771988 artificial=0.0 cols=3421
[clean-BPC  2576.93s] cut_purged node=87 removed=1 by_kind={'schedule_nogood_core': 1} remaining=66
[clean-BPC  2577.11s] node 87 cg=4 phase=phase2 obj=235.771988 artificial=0.0 cols=3421
[clean-BPC  2580.67s] node 87 cg=4 phase=phase2 kind=heuristic best_rc=-0.0 found=0 added=0 exhausted=False cert=False
[clean-BPC  2589.03s] node 87 cg=4 phase=phase2 kind=heuristic_boost best_rc=-0.0 found=0 added=0 exhausted=True cert=True
[clean-BPC  2589.04s] route-pack-conflict diag node 87 source_vehicle=1 routes=5 U=4 complete=True cache_hit=True states=104 added=0
[clean-BPC  2590.69s] cut_added family=schedule_nogood_core node=87 added=1 source_vehicle=1 route_count=4 signatures=[[4, 20, 19, 13], [7, 9, 16, 18, 8], [1, 3, 5], [12, 15, 10, 6, 2]]
[clean-BPC  2590.69s] node 73 d=13 lb=235.771988 open=41
[clean-BPC  2590.85s] node 73 cg=1 phase=phase1 obj=0.0 artificial=0.0 cols=3421
[clean-BPC  2591.03s] node 73 cg=2 phase=phase2 obj=235.700699 artificial=0.0 cols=3421
[clean-BPC  2594.32s] node 73 cg=2 phase=phase2 kind=heuristic best_rc=0.0 found=0 added=0 exhausted=False cert=False
[clean-BPC  2600.18s] node 73 cg=2 phase=phase2 kind=heuristic_boost best_rc=0.0 found=0 added=0 exhausted=True cert=True
[clean-BPC  2600.19s] route-pack-conflict diag node 73 source_vehicle=1 routes=5 U=4 complete=True cache_hit=True states=101 added=0
[clean-BPC  2600.67s] cut_added family=schedule_nogood_core node=73 added=1 source_vehicle=1 route_count=3 signatures=[[13, 19, 20, 4], [3, 5, 1], [2, 6, 10, 15, 12]]
[clean-BPC  2600.67s] node 73 d=13 lb=235.700699 open=41
[clean-BPC  2600.82s] node 73 cg=1 phase=phase1 obj=0.0 artificial=0.0 cols=3421
[clean-BPC  2601.01s] node 73 cg=2 phase=phase2 obj=235.771988 artificial=0.0 cols=3421
[clean-BPC  2604.57s] node 73 cg=2 phase=phase2 kind=heuristic best_rc=0.0 found=0 added=0 exhausted=False cert=False
[clean-BPC  2613.25s] node 73 cg=2 phase=phase2 kind=heuristic_boost best_rc=0.0 found=0 added=0 exhausted=True cert=True
[clean-BPC  2613.26s] route-pack-conflict diag node 73 source_vehicle=1 routes=5 U=4 complete=True cache_hit=False states=104 added=0
[clean-BPC  2613.74s] cut_added family=schedule_nogood_core node=73 added=2 source_vehicle=1 route_count=3 signatures=[[13, 19, 20, 4], [1, 3, 5], [2, 6, 10, 15, 12]]
[clean-BPC  2613.74s] node 85 d=14 lb=235.771988 open=41
[clean-BPC  2613.90s] node 85 cg=1 phase=phase1 obj=0.0 artificial=0.0 cols=3421
[clean-BPC  2614.08s] node 85 cg=2 phase=phase2 obj=235.771988 artificial=0.0 cols=3421
[clean-BPC  2617.54s] node 85 cg=2 phase=phase2 kind=heuristic best_rc=0.0788225 found=0 added=0 exhausted=False cert=False
[clean-BPC  2623.85s] node 85 cg=2 phase=phase2 kind=heuristic_boost best_rc=0.022445 found=0 added=0 exhausted=True cert=True
[clean-BPC  2623.86s] route-pack-conflict diag node 85 source_vehicle=1 routes=5 U=4 complete=True cache_hit=True states=89 added=0
[clean-BPC  2624.32s] cut_added family=schedule_nogood_core node=85 added=1 source_vehicle=1 route_count=3 signatures=[[13, 19, 20, 4], [5, 3, 1], [12, 15, 10, 6, 2]]
[clean-BPC  2624.32s] node 87 d=15 lb=235.771988 open=41
[clean-BPC  2624.49s] node 87 cg=1 phase=phase1 obj=0.0 artificial=0.0 cols=3421
[clean-BPC  2624.65s] node 87 cg=2 phase=phase2 obj=235.771988 artificial=0.0 cols=3421
[clean-BPC  2628.34s] node 87 cg=2 phase=phase2 kind=heuristic best_rc=0.0 found=0 added=0 exhausted=False cert=False
[clean-BPC  2636.76s] node 87 cg=2 phase=phase2 kind=heuristic_boost best_rc=0.0 found=0 added=0 exhausted=True cert=True
[clean-BPC  2636.77s] route-pack-conflict diag node 87 source_vehicle=1 routes=5 U=4 complete=True cache_hit=False states=101 added=0
[clean-BPC  2638.39s] cut_added family=schedule_nogood_core node=87 added=2 source_vehicle=1 route_count=4 signatures=[[4, 20, 19, 13], [7, 9, 16, 18, 8], [5, 3, 1], [12, 15, 10, 6, 2]]
[clean-BPC  2638.39s] node 73 d=13 lb=235.771988 open=41
[clean-BPC  2638.56s] node 73 cg=1 phase=phase1 obj=0.0 artificial=0.0 cols=3421
[clean-BPC  2638.73s] node 73 cg=2 phase=phase2 obj=235.771988 artificial=0.0 cols=3421
[clean-BPC  2642.16s] node 73 cg=2 phase=phase2 kind=heuristic best_rc=-0.0 found=0 added=0 exhausted=False cert=False
[clean-BPC  2650.71s] node 73 cg=2 phase=phase2 kind=heuristic_boost best_rc=-0.0 found=0 added=0 exhausted=True cert=True
[clean-BPC  2650.72s] route-pack-conflict diag node 73 source_vehicle=1 routes=5 U=4 complete=True cache_hit=True states=98 added=0
[clean-BPC  2651.18s] cut_added family=schedule_nogood_core node=73 added=1 source_vehicle=1 route_count=3 signatures=[[13, 19, 20, 4], [5, 3, 1], [2, 6, 10, 15, 12]]
[clean-BPC  2651.18s] node 85 d=14 lb=235.771988 open=41
[clean-BPC  2651.35s] node 85 cg=1 phase=phase1 obj=0.0 artificial=0.0 cols=3421
[clean-BPC  2651.52s] node 85 cg=2 phase=phase2 obj=235.775228 artificial=0.0 cols=3421
[clean-BPC  2655.03s] node 85 cg=2 phase=phase2 kind=heuristic best_rc=0.079876286 found=0 added=0 exhausted=False cert=False
[clean-BPC  2661.47s] node 85 cg=2 phase=phase2 kind=heuristic_boost best_rc=0.022445 found=0 added=0 exhausted=True cert=True
[clean-BPC  2663.62s] branch node 85: left=RF(11,14)=separate right=RF(11,14)=same
[clean-BPC  2663.62s] node 73 d=13 lb=235.771988 open=42
[clean-BPC  2663.80s] node 73 cg=1 phase=phase1 obj=0.0 artificial=0.0 cols=3421
[clean-BPC  2663.97s] node 73 cg=2 phase=phase2 obj=235.775228 artificial=0.0 cols=3421
[clean-BPC  2667.56s] node 73 cg=2 phase=phase2 kind=heuristic best_rc=-0.0 found=0 added=0 exhausted=False cert=False
[clean-BPC  2676.53s] node 73 cg=2 phase=phase2 kind=heuristic_boost best_rc=-0.0 found=0 added=0 exhausted=True cert=True
[clean-BPC  2678.71s] branch node 73: left=RF(11,14)=separate right=RF(11,14)=same
[clean-BPC  2678.71s] node 87 d=15 lb=235.771988 open=43
[clean-BPC  2678.87s] node 87 cg=1 phase=phase1 obj=0.0 artificial=0.0 cols=3421
[clean-BPC  2679.05s] node 87 cg=2 phase=phase2 obj=235.85885 artificial=0.0 cols=3421
[clean-BPC  2682.58s] node 87 cg=2 phase=phase2 kind=heuristic best_rc=0.0 found=0 added=0 exhausted=False cert=False
[clean-BPC  2690.94s] node 87 cg=2 phase=phase2 kind=heuristic_boost best_rc=0.0 found=0 added=0 exhausted=True cert=True
[clean-BPC  2693.17s] branch node 87: left=RF(2,5)=separate right=RF(2,5)=same
[clean-BPC  2693.17s] node 92 d=13 lb=235.772701 open=44
[clean-BPC  2693.28s] node 92 cg=1 phase=phase1 obj=0.0 artificial=0.0 cols=3421
[clean-BPC  2693.40s] node 92 cg=2 phase=phase2 obj=236.267501 artificial=0.0 cols=3421
[clean-BPC  2696.39s] node 92 cg=2 phase=phase2 kind=heuristic best_rc=-0.0 found=0 added=0 exhausted=False cert=False
[clean-BPC  2704.60s] node 92 cg=2 phase=phase2 kind=heuristic_boost best_rc=-0.0 found=0 added=0 exhausted=True cert=True
[clean-BPC  2704.60s] fathom node 92: reason=bound_after_schedule_pack bound=236.267501
[clean-BPC  2704.60s] node 91 d=13 lb=235.772701 open=43
[clean-BPC  2704.71s] node 91 cg=1 phase=phase1 obj=0.0 artificial=0.0 cols=3421
[clean-BPC  2704.83s] node 91 cg=2 phase=phase2 obj=235.700699 artificial=0.0 cols=3421
[clean-BPC  2707.74s] node 91 cg=2 phase=phase2 kind=heuristic best_rc=0.0 found=0 added=0 exhausted=False cert=False
[clean-BPC  2714.98s] node 91 cg=2 phase=phase2 kind=heuristic_boost best_rc=0.0 found=0 added=0 exhausted=True cert=True
[clean-BPC  2714.99s] route-pack-conflict diag node 91 source_vehicle=1 routes=5 U=4 complete=True cache_hit=True states=110 added=0
[clean-BPC  2716.45s] cut_added family=schedule_nogood_core node=91 added=1 source_vehicle=1 route_count=3 signatures=[[4, 20, 19, 13], [7, 9, 16, 18, 8], [2, 6, 10, 15, 12]]
[clean-BPC  2716.45s] node 91 d=13 lb=235.700699 open=43
[clean-BPC  2716.58s] node 91 cg=1 phase=phase1 obj=0.0 artificial=0.0 cols=3421
[clean-BPC  2716.70s] node 91 cg=2 phase=phase2 obj=235.700699 artificial=0.0 cols=3421
[clean-BPC  2719.53s] node 91 cg=2 phase=phase2 kind=heuristic best_rc=0.0 found=0 added=0 exhausted=False cert=False
[clean-BPC  2726.76s] node 91 cg=2 phase=phase2 kind=heuristic_boost best_rc=0.0 found=0 added=0 exhausted=True cert=True
[clean-BPC  2726.77s] route-pack-conflict diag node 91 source_vehicle=1 routes=5 U=4 complete=True cache_hit=True states=104 added=0
[clean-BPC  2727.24s] cut_added family=schedule_nogood_core node=91 added=1 source_vehicle=1 route_count=3 signatures=[[13, 19, 20, 4], [1, 5, 3], [2, 6, 10, 15, 12]]
[clean-BPC  2727.24s] node 91 d=13 lb=235.700699 open=43
[clean-BPC  2727.35s] node 91 cg=1 phase=phase1 obj=0.0 artificial=0.0 cols=3421
[clean-BPC  2727.47s] node 91 cg=2 phase=phase2 obj=235.700699 artificial=0.0 cols=3421
[clean-BPC  2730.43s] node 91 cg=2 phase=phase2 kind=heuristic best_rc=0.0 found=0 added=0 exhausted=False cert=False
[clean-BPC  2737.82s] node 91 cg=2 phase=phase2 kind=heuristic_boost best_rc=0.0 found=0 added=0 exhausted=True cert=True
[clean-BPC  2737.83s] route-pack-conflict diag node 91 source_vehicle=1 routes=5 U=4 complete=True cache_hit=True states=108 added=0
[clean-BPC  2739.30s] cut_added family=schedule_nogood_core node=91 added=1 source_vehicle=1 route_count=3 signatures=[[4, 20, 19, 13], [8, 18, 16, 9, 7], [2, 6, 10, 15, 12]]
[clean-BPC  2739.30s] node 91 d=13 lb=235.700699 open=43
[clean-BPC  2739.43s] node 91 cg=1 phase=phase1 obj=0.0 artificial=0.0 cols=3421
[clean-BPC  2739.55s] node 91 cg=2 phase=phase2 obj=235.703003 artificial=0.0 cols=3421
[clean-BPC  2742.54s] node 91 cg=2 phase=phase2 kind=heuristic best_rc=0.0 found=0 added=0 exhausted=False cert=False
[clean-BPC  2750.00s] node 91 cg=2 phase=phase2 kind=heuristic_boost best_rc=0.0 found=0 added=0 exhausted=True cert=True
[clean-BPC  2750.01s] route-pack-conflict diag node 91 source_vehicle=1 routes=5 U=4 complete=True cache_hit=True states=113 added=0
[clean-BPC  2751.67s] cut_added family=schedule_nogood_core node=91 added=1 source_vehicle=1 route_count=4 signatures=[[4, 20, 19, 13], [7, 16, 9, 18, 8], [1, 5, 3], [2, 6, 10, 15, 12]]
[clean-BPC  2751.67s] node 91 d=13 lb=235.703003 open=43
[clean-BPC  2751.80s] node 91 cg=1 phase=phase1 obj=0.0 artificial=0.0 cols=3421
[clean-BPC  2751.92s] node 91 cg=2 phase=phase2 obj=235.703003 artificial=0.0 cols=3421
[clean-BPC  2751.92s] cut_purged node=91 removed=3 by_kind={'schedule_nogood_core': 3} remaining=75
[clean-BPC  2752.03s] node 91 cg=3 phase=phase2 obj=235.703003 artificial=0.0 cols=3421
[clean-BPC  2755.03s] node 91 cg=3 phase=phase2 kind=heuristic best_rc=0.0 found=0 added=0 exhausted=False cert=False
[clean-BPC  2762.57s] node 91 cg=3 phase=phase2 kind=heuristic_boost best_rc=0.0 found=0 added=0 exhausted=True cert=True
[clean-BPC  2762.57s] route-pack-conflict diag node 91 source_vehicle=1 routes=5 U=4 complete=True cache_hit=False states=108 added=0
[clean-BPC  2764.06s] cut_added family=schedule_nogood_core node=91 added=1 source_vehicle=1 route_count=3 signatures=[[4, 20, 19, 13], [8, 18, 9, 16, 7], [2, 6, 10, 15, 12]]
[clean-BPC  2764.06s] node 91 d=13 lb=235.703003 open=43
[clean-BPC  2764.18s] node 91 cg=1 phase=phase1 obj=0.0 artificial=0.0 cols=3421
[clean-BPC  2764.30s] node 91 cg=2 phase=phase2 obj=235.772701 artificial=0.0 cols=3421
[clean-BPC  2764.30s] cut_purged node=91 removed=3 by_kind={'schedule_nogood_core': 3} remaining=73
[clean-BPC  2764.42s] node 91 cg=3 phase=phase2 obj=235.772701 artificial=0.0 cols=3421
[clean-BPC  2767.32s] node 91 cg=3 phase=phase2 kind=heuristic best_rc=0.0 found=0 added=0 exhausted=False cert=False
[clean-BPC  2774.65s] node 91 cg=3 phase=phase2 kind=heuristic_boost best_rc=0.0 found=0 added=0 exhausted=True cert=True
[clean-BPC  2776.16s] branch node 91: left=arc(12,10)=off right=arc(12,10)=on
[clean-BPC  2776.16s] node 99 d=14 lb=235.772701 open=44
[clean-BPC  2776.29s] node 99 cg=1 phase=phase1 obj=0.0 artificial=0.0 cols=3421
[clean-BPC  2776.41s] node 99 cg=2 phase=phase2 obj=235.850586 artificial=0.0 cols=3421
[clean-BPC  2779.47s] node 99 cg=2 phase=phase2 kind=heuristic best_rc=-0.461963025 found=13 added=13 exhausted=False cert=False
[clean-BPC  2779.61s] node 99 cg=3 phase=phase2 obj=235.850586 artificial=0.0 cols=3434
[clean-BPC  2779.61s] cut_purged node=99 removed=3 by_kind={'schedule_nogood_core': 3} remaining=70
[clean-BPC  2779.73s] node 99 cg=4 phase=phase2 obj=235.850586 artificial=0.0 cols=3434
[clean-BPC  2779.73s] cut_purged node=99 removed=1 by_kind={'schedule_nogood_core': 1} remaining=69
[clean-BPC  2779.85s] node 99 cg=5 phase=phase2 obj=235.850586 artificial=0.0 cols=3434
[clean-BPC  2782.88s] node 99 cg=5 phase=phase2 kind=heuristic best_rc=0.0776403 found=0 added=0 exhausted=False cert=False
[clean-BPC  2788.84s] node 99 cg=5 phase=phase2 kind=heuristic_boost best_rc=-1.472741375 found=20 added=20 exhausted=True cert=True
[clean-BPC  2788.96s] node 99 cg=6 phase=phase2 obj=235.850586 artificial=0.0 cols=3454
[clean-BPC  2792.02s] node 99 cg=6 phase=phase2 kind=heuristic best_rc=0.032277975 found=0 added=0 exhausted=False cert=False
[clean-BPC  2797.93s] node 99 cg=6 phase=phase2 kind=heuristic_boost best_rc=-0.071289 found=2 added=2 exhausted=True cert=True
[clean-BPC  2798.05s] node 99 cg=7 phase=phase2 obj=235.850586 artificial=0.0 cols=3456
[clean-BPC  2801.11s] node 99 cg=7 phase=phase2 kind=heuristic best_rc=0.032277975 found=0 added=0 exhausted=False cert=False
[clean-BPC  2807.05s] node 99 cg=7 phase=phase2 kind=heuristic_boost best_rc=0.0 found=0 added=0 exhausted=True cert=True
[clean-BPC  2808.56s] branch node 99: left=RF(5,10)=separate right=RF(5,10)=same
[clean-BPC  2808.56s] node 100 d=14 lb=235.772701 open=45
[clean-BPC  2808.68s] node 100 cg=1 phase=phase1 obj=0.0 artificial=0.0 cols=3456
[clean-BPC  2808.82s] node 100 cg=2 phase=phase2 obj=236.267501 artificial=0.0 cols=3456
[clean-BPC  2811.91s] node 100 cg=2 phase=phase2 kind=heuristic best_rc=-0.0 found=0 added=0 exhausted=False cert=False
[clean-BPC  2820.01s] node 100 cg=2 phase=phase2 kind=heuristic_boost best_rc=-0.0 found=0 added=0 exhausted=True cert=True
[clean-BPC  2820.01s] fathom node 100: reason=bound_after_schedule_pack bound=236.267501
[clean-BPC  2820.01s] node 88 d=15 lb=235.774292 open=44
[clean-BPC  2820.20s] node 88 cg=1 phase=phase1 obj=0.0 artificial=0.0 cols=3456
[clean-BPC  2820.37s] node 88 cg=2 phase=phase2 obj=235.703003 artificial=0.0 cols=3456
[clean-BPC  2823.88s] node 88 cg=2 phase=phase2 kind=heuristic best_rc=-0.0 found=0 added=0 exhausted=False cert=False
[clean-BPC  2832.19s] node 88 cg=2 phase=phase2 kind=heuristic_boost best_rc=-0.0 found=0 added=0 exhausted=True cert=True
[clean-BPC  2832.20s] route-pack-conflict diag node 88 source_vehicle=1 routes=5 U=4 complete=True cache_hit=True states=104 added=0
[clean-BPC  2833.86s] cut_added family=schedule_nogood_core node=88 added=1 source_vehicle=1 route_count=4 signatures=[[4, 20, 19, 13], [7, 16, 9, 18, 8], [3, 5, 1], [12, 15, 10, 6, 2]]
[clean-BPC  2833.86s] node 88 d=15 lb=235.703003 open=44
[clean-BPC  2834.03s] node 88 cg=1 phase=phase1 obj=0.0 artificial=0.0 cols=3456
[clean-BPC  2834.21s] node 88 cg=2 phase=phase2 obj=235.774292 artificial=0.0 cols=3456
[clean-BPC  2837.76s] node 88 cg=2 phase=phase2 kind=heuristic best_rc=0.071289 found=0 added=0 exhausted=False cert=False
[clean-BPC  2846.39s] node 88 cg=2 phase=phase2 kind=heuristic_boost best_rc=0.071289 found=0 added=0 exhausted=True cert=True
[clean-BPC  2846.40s] route-pack-conflict diag node 88 source_vehicle=1 routes=5 U=4 complete=True cache_hit=True states=104 added=0
[clean-BPC  2848.04s] cut_added family=schedule_nogood_core node=88 added=1 source_vehicle=1 route_count=4 signatures=[[4, 20, 19, 13], [7, 16, 9, 18, 8], [1, 3, 5], [12, 15, 10, 6, 2]]
[clean-BPC  2848.04s] node 72 d=12 lb=235.774292 open=44
[clean-BPC  2848.23s] node 72 cg=1 phase=phase1 obj=0.0 artificial=0.0 cols=3456
[clean-BPC  2848.40s] node 72 cg=2 phase=phase2 obj=235.703003 artificial=0.0 cols=3456
[clean-BPC  2852.08s] node 72 cg=2 phase=phase2 kind=heuristic best_rc=-0.0 found=0 added=0 exhausted=False cert=False
[clean-BPC  2860.99s] node 72 cg=2 phase=phase2 kind=heuristic_boost best_rc=-0.0 found=0 added=0 exhausted=True cert=True
[clean-BPC  2861.00s] route-pack-conflict diag node 72 source_vehicle=1 routes=5 U=4 complete=True cache_hit=True states=113 added=0
[clean-BPC  2862.68s] cut_added family=schedule_nogood_core node=72 added=1 source_vehicle=1 route_count=4 signatures=[[4, 20, 19, 13], [7, 16, 9, 18, 8], [3, 5, 1], [2, 6, 10, 15, 12]]
[clean-BPC  2862.68s] node 72 d=12 lb=235.703003 open=44
[clean-BPC  2862.86s] node 72 cg=1 phase=phase1 obj=0.0 artificial=0.0 cols=3456
[clean-BPC  2863.04s] node 72 cg=2 phase=phase2 obj=235.774292 artificial=0.0 cols=3456
[clean-BPC  2866.72s] node 72 cg=2 phase=phase2 kind=heuristic best_rc=0.0 found=0 added=0 exhausted=False cert=False
[clean-BPC  2875.28s] node 72 cg=2 phase=phase2 kind=heuristic_boost best_rc=0.0 found=0 added=0 exhausted=True cert=True
[clean-BPC  2875.29s] route-pack-conflict diag node 72 source_vehicle=1 routes=5 U=4 complete=True cache_hit=True states=113 added=0
[clean-BPC  2876.94s] cut_added family=schedule_nogood_core node=72 added=1 source_vehicle=1 route_count=4 signatures=[[4, 20, 19, 13], [7, 16, 9, 18, 8], [1, 3, 5], [2, 6, 10, 15, 12]]
[clean-BPC  2876.94s] node 84 d=13 lb=235.774292 open=44
[clean-BPC  2877.11s] node 84 cg=1 phase=phase1 obj=0.0 artificial=0.0 cols=3456
[clean-BPC  2877.30s] node 84 cg=2 phase=phase2 obj=235.703003 artificial=0.0 cols=3456
[clean-BPC  2880.51s] node 84 cg=2 phase=phase2 kind=heuristic best_rc=0.0 found=0 added=0 exhausted=False cert=False
[clean-BPC  2886.37s] node 84 cg=2 phase=phase2 kind=heuristic_boost best_rc=0.0 found=0 added=0 exhausted=True cert=True
[clean-BPC  2886.37s] route-pack-conflict diag node 84 source_vehicle=1 routes=5 U=4 complete=True cache_hit=True states=99 added=0
[clean-BPC  2887.87s] cut_added family=schedule_nogood_core node=84 added=1 source_vehicle=1 route_count=3 signatures=[[4, 20, 19, 13], [8, 18, 9, 16, 7], [12, 15, 10, 6, 2]]
[clean-BPC  2887.87s] node 84 d=13 lb=235.703003 open=44
[clean-BPC  2888.06s] node 84 cg=1 phase=phase1 obj=0.0 artificial=0.0 cols=3456
[clean-BPC  2888.23s] node 84 cg=2 phase=phase2 obj=235.703003 artificial=0.0 cols=3456
[clean-BPC  2891.42s] node 84 cg=2 phase=phase2 kind=heuristic best_rc=0.0 found=0 added=0 exhausted=False cert=False
[clean-BPC  2897.29s] node 84 cg=2 phase=phase2 kind=heuristic_boost best_rc=0.0 found=0 added=0 exhausted=True cert=True
[clean-BPC  2897.29s] route-pack-conflict diag node 84 source_vehicle=1 routes=5 U=4 complete=True cache_hit=False states=87 added=0
[clean-BPC  2897.76s] cut_added family=schedule_nogood_core node=84 added=1 source_vehicle=1 route_count=3 signatures=[[13, 19, 20, 4], [3, 5, 1], [12, 15, 10, 6, 2]]
[clean-BPC  2897.76s] node 84 d=13 lb=235.703003 open=44
[clean-BPC  2897.93s] node 84 cg=1 phase=phase1 obj=0.0 artificial=0.0 cols=3456
[clean-BPC  2898.11s] node 84 cg=2 phase=phase2 obj=235.774292 artificial=0.0 cols=3456
[clean-BPC  2898.11s] cut_purged node=84 removed=1 by_kind={'schedule_nogood_core': 1} remaining=74
[clean-BPC  2898.30s] node 84 cg=3 phase=phase2 obj=235.774292 artificial=0.0 cols=3456
[clean-BPC  2901.70s] node 84 cg=3 phase=phase2 kind=heuristic best_rc=0.0 found=0 added=0 exhausted=False cert=False
[clean-BPC  2907.84s] node 84 cg=3 phase=phase2 kind=heuristic_boost best_rc=0.0 found=0 added=0 exhausted=True cert=True
[clean-BPC  2907.85s] route-pack-conflict diag node 84 source_vehicle=1 routes=5 U=4 complete=True cache_hit=True states=90 added=0
[clean-BPC  2908.30s] cut_added family=schedule_nogood_core node=84 added=1 source_vehicle=1 route_count=3 signatures=[[13, 19, 20, 4], [1, 3, 5], [12, 15, 10, 6, 2]]
[clean-BPC  2908.30s] node 88 d=15 lb=235.774292 open=44
[clean-BPC  2908.48s] node 88 cg=1 phase=phase1 obj=0.0 artificial=0.0 cols=3456
[clean-BPC  2908.65s] node 88 cg=2 phase=phase2 obj=235.774292 artificial=0.0 cols=3456
[clean-BPC  2912.25s] node 88 cg=2 phase=phase2 kind=heuristic best_rc=0.071289 found=0 added=0 exhausted=False cert=False
[clean-BPC  2920.85s] node 88 cg=2 phase=phase2 kind=heuristic_boost best_rc=0.071289 found=0 added=0 exhausted=True cert=True
[clean-BPC  2920.86s] route-pack-conflict diag node 88 source_vehicle=1 routes=5 U=4 complete=True cache_hit=False states=101 added=0
[clean-BPC  2922.51s] cut_added family=schedule_nogood_core node=88 added=2 source_vehicle=1 route_count=4 signatures=[[4, 20, 19, 13], [7, 16, 9, 18, 8], [5, 3, 1], [12, 15, 10, 6, 2]]
[clean-BPC  2922.51s] node 72 d=12 lb=235.774292 open=44
[clean-BPC  2922.69s] node 72 cg=1 phase=phase1 obj=0.0 artificial=0.0 cols=3456
[clean-BPC  2922.88s] node 72 cg=2 phase=phase2 obj=235.774292 artificial=0.0 cols=3456
[clean-BPC  2926.54s] node 72 cg=2 phase=phase2 kind=heuristic best_rc=0.0 found=0 added=0 exhausted=False cert=False
[clean-BPC  2935.11s] node 72 cg=2 phase=phase2 kind=heuristic_boost best_rc=0.0 found=0 added=0 exhausted=True cert=True
[clean-BPC  2935.12s] route-pack-conflict diag node 72 source_vehicle=1 routes=5 U=4 complete=True cache_hit=False states=110 added=0
[clean-BPC  2936.75s] cut_added family=schedule_nogood_core node=72 added=2 source_vehicle=1 route_count=4 signatures=[[4, 20, 19, 13], [7, 16, 9, 18, 8], [5, 3, 1], [2, 6, 10, 15, 12]]
[clean-BPC  2936.75s] node 84 d=13 lb=235.774292 open=44
[clean-BPC  2936.91s] node 84 cg=1 phase=phase1 obj=0.0 artificial=0.0 cols=3456
[clean-BPC  2937.10s] node 84 cg=2 phase=phase2 obj=235.774292 artificial=0.0 cols=3456
[clean-BPC  2940.48s] node 84 cg=2 phase=phase2 kind=heuristic best_rc=0.0 found=0 added=0 exhausted=False cert=False
[clean-BPC  2946.60s] node 84 cg=2 phase=phase2 kind=heuristic_boost best_rc=0.0 found=0 added=0 exhausted=True cert=True
[clean-BPC  2946.61s] route-pack-conflict diag node 84 source_vehicle=1 routes=5 U=4 complete=True cache_hit=False states=84 added=0
[clean-BPC  2947.09s] cut_added family=schedule_nogood_core node=84 added=1 source_vehicle=1 route_count=3 signatures=[[13, 19, 20, 4], [5, 3, 1], [12, 15, 10, 6, 2]]
[clean-BPC  2947.09s] node 88 d=15 lb=235.774292 open=44
[clean-BPC  2947.25s] node 88 cg=1 phase=phase1 obj=0.0 artificial=0.0 cols=3456
[clean-BPC  2947.44s] node 88 cg=2 phase=phase2 obj=235.944123 artificial=0.0 cols=3456
[clean-BPC  2950.99s] node 88 cg=2 phase=phase2 kind=heuristic best_rc=-0.188692333 found=1 added=1 exhausted=False cert=False
[clean-BPC  2951.18s] node 88 cg=3 phase=phase2 obj=235.944123 artificial=0.0 cols=3457
[clean-BPC  2954.81s] node 88 cg=3 phase=phase2 kind=heuristic best_rc=0.131856 found=0 added=0 exhausted=False cert=False
[clean-BPC  2963.83s] node 88 cg=3 phase=phase2 kind=heuristic_boost best_rc=0.131856 found=0 added=0 exhausted=True cert=True
[clean-BPC  2966.39s] branch node 88: left=RF(3,20)=separate right=RF(3,20)=same
[clean-BPC  2966.39s] node 72 d=12 lb=235.774292 open=45
[clean-BPC  2966.55s] node 72 cg=1 phase=phase1 obj=0.0 artificial=0.0 cols=3457
[clean-BPC  2966.74s] node 72 cg=2 phase=phase2 obj=235.797379 artificial=0.0 cols=3457
[clean-BPC  2970.46s] node 72 cg=2 phase=phase2 kind=heuristic best_rc=0.184114 found=0 added=0 exhausted=False cert=False
[clean-BPC  2979.56s] node 72 cg=2 phase=phase2 kind=heuristic_boost best_rc=0.184114 found=0 added=0 exhausted=True cert=True
[clean-BPC  2981.07s] branch node 72: left=arc(18,9)=off right=arc(18,9)=on
[clean-BPC  2981.07s] node 84 d=13 lb=235.774292 open=46
[clean-BPC  2981.26s] node 84 cg=1 phase=phase1 obj=0.0 artificial=0.0 cols=3457
[clean-BPC  2981.44s] node 84 cg=2 phase=phase2 obj=235.814246 artificial=0.0 cols=3457
[clean-BPC  2984.87s] node 84 cg=2 phase=phase2 kind=heuristic best_rc=0.022445 found=0 added=0 exhausted=False cert=False
[clean-BPC  2991.21s] node 84 cg=2 phase=phase2 kind=heuristic_boost best_rc=0.022445 found=0 added=0 exhausted=True cert=True
[clean-BPC  2993.45s] branch node 84: left=RF(5,10)=separate right=RF(5,10)=same
[clean-BPC  2993.45s] node 96 d=14 lb=235.775228 open=47
[clean-BPC  2993.61s] node 96 cg=1 phase=phase1 obj=0.0 artificial=0.0 cols=3457
[clean-BPC  2993.75s] node 96 cg=2 phase=phase2 obj=235.700699 artificial=0.0 cols=3457
[clean-BPC  2996.87s] node 96 cg=2 phase=phase2 kind=heuristic best_rc=-0.020932 found=3 added=3 exhausted=False cert=False
[clean-BPC  2997.00s] node 96 cg=3 phase=phase2 obj=235.700699 artificial=0.0 cols=3460
[clean-BPC  3000.19s] node 96 cg=3 phase=phase2 kind=heuristic best_rc=-0.409310765 found=7 added=7 exhausted=False cert=False
[clean-BPC  3000.34s] node 96 cg=4 phase=phase2 obj=235.700699 artificial=0.0 cols=3467
[clean-BPC  3000.34s] cut_purged node=96 removed=1 by_kind={'schedule_nogood_core': 1} remaining=79
[clean-BPC  3000.47s] node 96 cg=5 phase=phase2 obj=235.700699 artificial=0.0 cols=3467
[clean-BPC  3003.49s] node 96 cg=5 phase=phase2 kind=heuristic best_rc=-0.99952125 found=4 added=4 exhausted=False cert=False
[clean-BPC  3003.65s] node 96 cg=6 phase=phase2 obj=235.700699 artificial=0.0 cols=3471
[clean-BPC  3006.82s] node 96 cg=6 phase=phase2 kind=heuristic best_rc=-0.0 found=0 added=0 exhausted=False cert=False
[clean-BPC  3013.29s] node 96 cg=6 phase=phase2 kind=heuristic_boost best_rc=-0.0 found=0 added=0 exhausted=True cert=True
[clean-BPC  3013.30s] route-pack-conflict diag node 96 source_vehicle=1 routes=5 U=4 complete=True cache_hit=True states=101 added=0
[clean-BPC  3013.76s] cut_added family=schedule_nogood_core node=96 added=1 source_vehicle=1 route_count=3 signatures=[[13, 19, 20, 4], [3, 5, 1], [2, 6, 10, 15, 12]]
[clean-BPC  3013.76s] node 96 d=14 lb=235.700699 open=47
[clean-BPC  3013.89s] node 96 cg=1 phase=phase1 obj=0.0 artificial=0.0 cols=3471
[clean-BPC  3014.05s] node 96 cg=2 phase=phase2 obj=235.771988 artificial=0.0 cols=3471
[clean-BPC  3014.05s] cut_purged node=96 removed=3 by_kind={'schedule_nogood_core': 3} remaining=77
[clean-BPC  3014.19s] node 96 cg=3 phase=phase2 obj=235.771988 artificial=0.0 cols=3471
[clean-BPC  3014.19s] cut_purged node=96 removed=4 by_kind={'schedule_nogood_core': 4} remaining=73
[clean-BPC  3014.34s] node 96 cg=4 phase=phase2 obj=235.771988 artificial=0.0 cols=3471
[clean-BPC  3014.34s] cut_purged node=96 removed=2 by_kind={'schedule_nogood_core': 2} remaining=71
[clean-BPC  3014.48s] node 96 cg=5 phase=phase2 obj=235.771988 artificial=0.0 cols=3471
[clean-BPC  3017.68s] node 96 cg=5 phase=phase2 kind=heuristic best_rc=0.0 found=0 added=0 exhausted=False cert=False
[clean-BPC  3024.16s] node 96 cg=5 phase=phase2 kind=heuristic_boost best_rc=0.0 found=0 added=0 exhausted=True cert=True
[clean-BPC  3024.17s] route-pack-conflict diag node 96 source_vehicle=1 routes=5 U=4 complete=True cache_hit=True states=104 added=0
[clean-BPC  3024.63s] cut_added family=schedule_nogood_core node=96 added=1 source_vehicle=1 route_count=3 signatures=[[13, 19, 20, 4], [1, 3, 5], [2, 6, 10, 15, 12]]
[clean-BPC  3024.63s] node 96 d=14 lb=235.771988 open=47
[clean-BPC  3024.78s] node 96 cg=1 phase=phase1 obj=0.0 artificial=0.0 cols=3471
[clean-BPC  3024.91s] node 96 cg=2 phase=phase2 obj=235.771988 artificial=0.0 cols=3471
[clean-BPC  3028.06s] node 96 cg=2 phase=phase2 kind=heuristic best_rc=-0.0 found=0 added=0 exhausted=False cert=False
[clean-BPC  3034.58s] node 96 cg=2 phase=phase2 kind=heuristic_boost best_rc=-0.0 found=0 added=0 exhausted=True cert=True
[clean-BPC  3034.58s] route-pack-conflict diag node 96 source_vehicle=1 routes=5 U=4 complete=True cache_hit=True states=98 added=0
[clean-BPC  3035.04s] cut_added family=schedule_nogood_core node=96 added=1 source_vehicle=1 route_count=3 signatures=[[13, 19, 20, 4], [5, 3, 1], [2, 6, 10, 15, 12]]
[clean-BPC  3035.04s] node 96 d=14 lb=235.771988 open=47
[clean-BPC  3035.19s] node 96 cg=1 phase=phase1 obj=0.0 artificial=0.0 cols=3471
[clean-BPC  3035.33s] node 96 cg=2 phase=phase2 obj=235.884112 artificial=0.0 cols=3471
[clean-BPC  3038.51s] node 96 cg=2 phase=phase2 kind=heuristic best_rc=-0.0 found=0 added=0 exhausted=False cert=False
[clean-BPC  3045.11s] node 96 cg=2 phase=phase2 kind=heuristic_boost best_rc=-0.0 found=0 added=0 exhausted=True cert=True
[clean-BPC  3046.73s] branch node 96: left=RF(5,15)=separate right=RF(5,15)=same
[clean-BPC  3046.73s] node 93 d=15 lb=235.775228 open=48
[clean-BPC  3046.89s] node 93 cg=1 phase=phase1 obj=0.0 artificial=0.0 cols=3471
[clean-BPC  3047.07s] node 93 cg=2 phase=phase2 obj=235.937245 artificial=0.0 cols=3471
[clean-BPC  3047.07s] cut_purged node=93 removed=1 by_kind={'schedule_nogood_core': 1} remaining=72
[clean-BPC  3047.23s] node 93 cg=3 phase=phase2 obj=235.937245 artificial=0.0 cols=3471
[clean-BPC  3047.23s] cut_purged node=93 removed=1 by_kind={'schedule_nogood_core': 1} remaining=71
[clean-BPC  3047.42s] node 93 cg=4 phase=phase2 obj=235.937245 artificial=0.0 cols=3471
[clean-BPC  3050.51s] node 93 cg=4 phase=phase2 kind=heuristic best_rc=0.0 found=0 added=0 exhausted=False cert=False
[clean-BPC  3056.11s] node 93 cg=4 phase=phase2 kind=heuristic_boost best_rc=0.0 found=0 added=0 exhausted=True cert=True
[clean-BPC  3056.12s] route-pack-conflict diag node 93 source_vehicle=1 routes=5 U=4 complete=True cache_hit=False states=113 added=0
[clean-BPC  3058.43s] cut_added family=schedule_nogood_core node=93 added=1 source_vehicle=1 route_count=4 signatures=[[2, 14, 17], [7, 11, 16, 9], [8, 18, 20, 19], [4, 13, 12, 15, 10, 6]]
[clean-BPC  3058.43s] node 95 d=14 lb=235.775228 open=48
[clean-BPC  3058.59s] node 95 cg=1 phase=phase1 obj=0.0 artificial=0.0 cols=3471
[clean-BPC  3058.76s] node 95 cg=2 phase=phase2 obj=235.937245 artificial=0.0 cols=3471
[clean-BPC  3062.02s] node 95 cg=2 phase=phase2 kind=heuristic best_rc=-1.885796 found=6 added=6 exhausted=False cert=False
[clean-BPC  3062.19s] node 95 cg=3 phase=phase2 obj=235.937245 artificial=0.0 cols=3477
[clean-BPC  3065.45s] node 95 cg=3 phase=phase2 kind=heuristic best_rc=-0.305725 found=6 added=6 exhausted=False cert=False
[clean-BPC  3065.62s] node 95 cg=4 phase=phase2 obj=235.937245 artificial=0.0 cols=3483
[clean-BPC  3065.62s] cut_purged node=95 removed=1 by_kind={'schedule_nogood_core': 1} remaining=71
[clean-BPC  3065.78s] node 95 cg=5 phase=phase2 obj=235.937245 artificial=0.0 cols=3483
[clean-BPC  3065.78s] cut_purged node=95 removed=1 by_kind={'schedule_nogood_core': 1} remaining=70
[clean-BPC  3065.96s] node 95 cg=6 phase=phase2 obj=235.937245 artificial=0.0 cols=3483
[clean-BPC  3065.96s] cut_purged node=95 removed=3 by_kind={'schedule_nogood_core': 3} remaining=67
[clean-BPC  3066.12s] node 95 cg=7 phase=phase2 obj=235.937245 artificial=0.0 cols=3483
[clean-BPC  3069.61s] node 95 cg=7 phase=phase2 kind=heuristic best_rc=-0.0 found=0 added=0 exhausted=False cert=False
[clean-BPC  3077.70s] node 95 cg=7 phase=phase2 kind=heuristic_boost best_rc=-0.28244303 found=2 added=2 exhausted=True cert=True
[clean-BPC  3077.88s] node 95 cg=8 phase=phase2 obj=235.937245 artificial=0.0 cols=3485
[clean-BPC  3081.37s] node 95 cg=8 phase=phase2 kind=heuristic best_rc=-0.0 found=0 added=0 exhausted=False cert=False
[clean-BPC  3089.50s] node 95 cg=8 phase=phase2 kind=heuristic_boost best_rc=-0.0 found=0 added=0 exhausted=True cert=True
[clean-BPC  3089.51s] route-pack-conflict diag node 95 source_vehicle=1 routes=5 U=4 complete=True cache_hit=False states=99 added=0
[clean-BPC  3090.21s] cut_added family=schedule_nogood_core node=95 added=2 source_vehicle=1 route_count=3 signatures=[[2, 14, 17], [6, 10, 15, 12, 13, 1], [4, 5, 3]]
[clean-BPC  3090.21s] node 94 d=15 lb=235.775228 open=48
[clean-BPC  3090.36s] node 94 cg=1 phase=phase1 obj=0.0 artificial=0.0 cols=3485
[clean-BPC  3090.50s] node 94 cg=2 phase=phase2 obj=235.700699 artificial=0.0 cols=3485
[clean-BPC  3093.61s] node 94 cg=2 phase=phase2 kind=heuristic best_rc=-0.167198 found=3 added=3 exhausted=False cert=False
[clean-BPC  3093.75s] node 94 cg=3 phase=phase2 obj=235.700699 artificial=0.0 cols=3488
[clean-BPC  3097.01s] node 94 cg=3 phase=phase2 kind=heuristic best_rc=-0.0 found=0 added=0 exhausted=False cert=False
[clean-BPC  3104.05s] node 94 cg=3 phase=phase2 kind=heuristic_boost best_rc=-0.0143265 found=2 added=2 exhausted=True cert=True
[clean-BPC  3104.19s] node 94 cg=4 phase=phase2 obj=235.700699 artificial=0.0 cols=3490
[clean-BPC  3107.48s] node 94 cg=4 phase=phase2 kind=heuristic best_rc=-0.0 found=0 added=0 exhausted=False cert=False
[clean-BPC  3114.55s] node 94 cg=4 phase=phase2 kind=heuristic_boost best_rc=-0.0 found=0 added=0 exhausted=True cert=True
[clean-BPC  3114.55s] route-pack-conflict diag node 94 source_vehicle=1 routes=5 U=4 complete=True cache_hit=True states=92 added=0
[clean-BPC  3115.02s] cut_added family=schedule_nogood_core node=94 added=1 source_vehicle=1 route_count=3 signatures=[[13, 19, 20, 4], [3, 5, 1], [12, 15, 10, 6, 2]]
[clean-BPC  3115.02s] node 94 d=15 lb=235.700699 open=48
[clean-BPC  3115.17s] node 94 cg=1 phase=phase1 obj=0.0 artificial=0.0 cols=3490
[clean-BPC  3115.32s] node 94 cg=2 phase=phase2 obj=235.771988 artificial=0.0 cols=3490
[clean-BPC  3118.70s] node 94 cg=2 phase=phase2 kind=heuristic best_rc=0.071289 found=0 added=0 exhausted=False cert=False
[clean-BPC  3126.01s] node 94 cg=2 phase=phase2 kind=heuristic_boost best_rc=0.022445 found=0 added=0 exhausted=True cert=True
[clean-BPC  3126.02s] route-pack-conflict diag node 94 source_vehicle=1 routes=5 U=4 complete=True cache_hit=False states=95 added=0
[clean-BPC  3126.47s] cut_added family=schedule_nogood_core node=94 added=1 source_vehicle=1 route_count=3 signatures=[[13, 19, 20, 4], [1, 3, 5], [12, 15, 10, 6, 2]]
[clean-BPC  3126.47s] node 94 d=15 lb=235.771988 open=48
[clean-BPC  3126.63s] node 94 cg=1 phase=phase1 obj=0.0 artificial=0.0 cols=3490
[clean-BPC  3126.77s] node 94 cg=2 phase=phase2 obj=235.771988 artificial=0.0 cols=3490
[clean-BPC  3130.12s] node 94 cg=2 phase=phase2 kind=heuristic best_rc=0.071289 found=0 added=0 exhausted=False cert=False
[clean-BPC  3137.43s] node 94 cg=2 phase=phase2 kind=heuristic_boost best_rc=0.022445 found=0 added=0 exhausted=True cert=True
[clean-BPC  3137.44s] route-pack-conflict diag node 94 source_vehicle=1 routes=5 U=4 complete=True cache_hit=True states=89 added=0
[clean-BPC  3137.91s] cut_added family=schedule_nogood_core node=94 added=1 source_vehicle=1 route_count=3 signatures=[[13, 19, 20, 4], [5, 3, 1], [12, 15, 10, 6, 2]]
[clean-BPC  3137.91s] node 94 d=15 lb=235.771988 open=48
[clean-BPC  3138.05s] node 94 cg=1 phase=phase1 obj=0.0 artificial=0.0 cols=3490
[clean-BPC  3138.19s] node 94 cg=2 phase=phase2 obj=235.895255 artificial=0.0 cols=3490
[clean-BPC  3141.39s] node 94 cg=2 phase=phase2 kind=heuristic best_rc=0.2011259 found=0 added=0 exhausted=False cert=False
[clean-BPC  3147.25s] node 94 cg=2 phase=phase2 kind=heuristic_boost best_rc=-0.1713104 found=2 added=2 exhausted=True cert=True
[clean-BPC  3147.40s] node 94 cg=3 phase=phase2 obj=235.895255 artificial=0.0 cols=3492
[clean-BPC  3150.65s] node 94 cg=3 phase=phase2 kind=heuristic best_rc=0.2011259 found=0 added=0 exhausted=False cert=False
[clean-BPC  3156.63s] node 94 cg=3 phase=phase2 kind=heuristic_boost best_rc=0.022445 found=0 added=0 exhausted=True cert=True
[clean-BPC  3158.59s] branch node 94: left=RF(14,17)=separate right=RF(14,17)=same
[clean-BPC  3158.59s] node 105 d=13 lb=235.797379 open=49
[clean-BPC  3158.77s] node 105 cg=1 phase=phase1 obj=0.0 artificial=0.0 cols=3492
[clean-BPC  3158.94s] node 105 cg=2 phase=phase2 obj=235.700699 artificial=0.0 cols=3492
[clean-BPC  3158.94s] cut_purged node=105 removed=2 by_kind={'schedule_nogood_core': 2} remaining=70
[clean-BPC  3159.12s] node 105 cg=3 phase=phase2 obj=235.700699 artificial=0.0 cols=3492
[clean-BPC  3162.51s] node 105 cg=3 phase=phase2 kind=heuristic best_rc=0.0 found=0 added=0 exhausted=False cert=False
[clean-BPC  3168.58s] node 105 cg=3 phase=phase2 kind=heuristic_boost best_rc=0.0 found=0 added=0 exhausted=True cert=True
[clean-BPC  3168.59s] route-pack-conflict diag node 105 source_vehicle=1 routes=5 U=4 complete=True cache_hit=False states=110 added=0
[clean-BPC  3170.09s] cut_added family=schedule_nogood_core node=105 added=1 source_vehicle=1 route_count=3 signatures=[[4, 20, 19, 13], [7, 9, 16, 18, 8], [2, 6, 10, 15, 12]]
[clean-BPC  3170.09s] node 105 d=13 lb=235.700699 open=49
[clean-BPC  3170.26s] node 105 cg=1 phase=phase1 obj=0.0 artificial=0.0 cols=3492
[clean-BPC  3170.43s] node 105 cg=2 phase=phase2 obj=235.700699 artificial=0.0 cols=3492
[clean-BPC  3174.08s] node 105 cg=2 phase=phase2 kind=heuristic best_rc=-0.093143727 found=2 added=2 exhausted=False cert=False
[clean-BPC  3174.24s] node 105 cg=3 phase=phase2 obj=235.700699 artificial=0.0 cols=3494
[clean-BPC  3177.88s] node 105 cg=3 phase=phase2 kind=heuristic best_rc=0.0 found=0 added=0 exhausted=False cert=False
[clean-BPC  3186.49s] node 105 cg=3 phase=phase2 kind=heuristic_boost best_rc=0.0 found=0 added=0 exhausted=True cert=True
[clean-BPC  3186.49s] route-pack-conflict diag node 105 source_vehicle=1 routes=5 U=4 complete=True cache_hit=False states=108 added=0
[clean-BPC  3187.98s] cut_added family=schedule_nogood_core node=105 added=1 source_vehicle=1 route_count=3 signatures=[[4, 20, 19, 13], [8, 18, 16, 9, 7], [2, 6, 10, 15, 12]]
[clean-BPC  3187.98s] node 105 d=13 lb=235.700699 open=49
[clean-BPC  3188.15s] node 105 cg=1 phase=phase1 obj=0.0 artificial=0.0 cols=3494
[clean-BPC  3188.33s] node 105 cg=2 phase=phase2 obj=235.703003 artificial=0.0 cols=3494
[clean-BPC  3191.98s] node 105 cg=2 phase=phase2 kind=heuristic best_rc=-0.077267214 found=4 added=4 exhausted=False cert=False
[clean-BPC  3192.15s] node 105 cg=3 phase=phase2 obj=235.703003 artificial=0.0 cols=3498
[clean-BPC  3195.88s] node 105 cg=3 phase=phase2 kind=heuristic best_rc=0.0 found=0 added=0 exhausted=False cert=False
[clean-BPC  3205.66s] node 105 cg=3 phase=phase2 kind=heuristic_boost best_rc=-0.0 found=0 added=0 exhausted=True cert=True
[clean-BPC  3205.67s] route-pack-conflict diag node 105 source_vehicle=1 routes=5 U=4 complete=True cache_hit=True states=113 added=0
[clean-BPC  3207.35s] cut_added family=schedule_nogood_core node=105 added=1 source_vehicle=1 route_count=4 signatures=[[4, 20, 19, 13], [7, 16, 9, 18, 8], [3, 5, 1], [2, 6, 10, 15, 12]]
[clean-BPC  3207.35s] node 105 d=13 lb=235.703003 open=49
[clean-BPC  3207.51s] node 105 cg=1 phase=phase1 obj=0.0 artificial=0.0 cols=3498
[clean-BPC  3207.69s] node 105 cg=2 phase=phase2 obj=235.774292 artificial=0.0 cols=3498
[clean-BPC  3211.55s] node 105 cg=2 phase=phase2 kind=heuristic best_rc=-0.0 found=0 added=0 exhausted=False cert=False
[clean-BPC  3221.37s] node 105 cg=2 phase=phase2 kind=heuristic_boost best_rc=-0.0 found=0 added=0 exhausted=True cert=True
[clean-BPC  3221.38s] route-pack-conflict diag node 105 source_vehicle=1 routes=5 U=4 complete=True cache_hit=True states=113 added=0
[clean-BPC  3223.04s] cut_added family=schedule_nogood_core node=105 added=1 source_vehicle=1 route_count=4 signatures=[[4, 20, 19, 13], [7, 16, 9, 18, 8], [1, 3, 5], [2, 6, 10, 15, 12]]
[clean-BPC  3223.04s] node 105 d=13 lb=235.774292 open=49
[clean-BPC  3223.21s] node 105 cg=1 phase=phase1 obj=0.0 artificial=0.0 cols=3498
[clean-BPC  3223.38s] node 105 cg=2 phase=phase2 obj=235.774292 artificial=0.0 cols=3498
[clean-BPC  3223.38s] cut_purged node=105 removed=3 by_kind={'schedule_nogood_core': 3} remaining=71
[clean-BPC  3223.56s] node 105 cg=3 phase=phase2 obj=235.774292 artificial=0.0 cols=3498
[clean-BPC  3227.39s] node 105 cg=3 phase=phase2 kind=heuristic best_rc=0.0 found=0 added=0 exhausted=False cert=False
[clean-BPC  3237.21s] node 105 cg=3 phase=phase2 kind=heuristic_boost best_rc=0.0 found=0 added=0 exhausted=True cert=True
[clean-BPC  3237.21s] route-pack-conflict diag node 105 source_vehicle=1 routes=5 U=4 complete=True cache_hit=True states=110 added=0
[clean-BPC  3238.88s] cut_added family=schedule_nogood_core node=105 added=1 source_vehicle=1 route_count=4 signatures=[[4, 20, 19, 13], [7, 16, 9, 18, 8], [5, 3, 1], [2, 6, 10, 15, 12]]
[clean-BPC  3238.88s] node 105 d=13 lb=235.774292 open=49
[clean-BPC  3239.04s] node 105 cg=1 phase=phase1 obj=0.0 artificial=0.0 cols=3498
[clean-BPC  3239.21s] node 105 cg=2 phase=phase2 obj=235.812995 artificial=0.0 cols=3498
[clean-BPC  3243.00s] node 105 cg=2 phase=phase2 kind=heuristic best_rc=0.0 found=0 added=0 exhausted=False cert=False
[clean-BPC  3252.85s] node 105 cg=2 phase=phase2 kind=heuristic_boost best_rc=0.0 found=0 added=0 exhausted=True cert=True
[clean-BPC  3254.26s] branch node 105: left=arc(9,18)=off right=arc(9,18)=on
[clean-BPC  3254.26s] node 106 d=13 lb=235.797379 open=50
[clean-BPC  3254.45s] node 106 cg=1 phase=phase1 obj=0.0 artificial=0.0 cols=3498
[clean-BPC  3254.64s] node 106 cg=2 phase=phase2 obj=235.703003 artificial=0.0 cols=3498
[clean-BPC  3257.58s] node 106 cg=2 phase=phase2 kind=heuristic best_rc=0.0 found=0 added=0 exhausted=False cert=False
[clean-BPC  3263.10s] node 106 cg=2 phase=phase2 kind=heuristic_boost best_rc=0.0 found=0 added=0 exhausted=True cert=True
[clean-BPC  3263.11s] route-pack-conflict diag node 106 source_vehicle=1 routes=5 U=4 complete=True cache_hit=True states=108 added=0
[clean-BPC  3264.57s] cut_added family=schedule_nogood_core node=106 added=1 source_vehicle=1 route_count=3 signatures=[[4, 20, 19, 13], [8, 18, 9, 16, 7], [2, 6, 10, 15, 12]]
[clean-BPC  3264.57s] node 106 d=13 lb=235.703003 open=50
[clean-BPC  3264.75s] node 106 cg=1 phase=phase1 obj=0.0 artificial=0.0 cols=3498
[clean-BPC  3264.95s] node 106 cg=2 phase=phase2 obj=236.269805 artificial=0.0 cols=3498
[clean-BPC  3268.39s] node 106 cg=2 phase=phase2 kind=heuristic best_rc=0.0 found=0 added=0 exhausted=False cert=False
[clean-BPC  3275.19s] node 106 cg=2 phase=phase2 kind=heuristic_boost best_rc=0.0 found=0 added=0 exhausted=True cert=True
[clean-BPC  3275.19s] fathom node 106: reason=bound_after_schedule_pack bound=236.269805
[clean-BPC  3275.19s] node 113 d=14 lb=235.812995 open=49
[clean-BPC  3275.35s] node 113 cg=1 phase=phase1 obj=0.0 artificial=0.0 cols=3498
[clean-BPC  3275.50s] node 113 cg=2 phase=phase2 obj=235.9841 artificial=0.0 cols=3498
[clean-BPC  3279.22s] node 113 cg=2 phase=phase2 kind=heuristic best_rc=0.0 found=0 added=0 exhausted=False cert=False
[clean-BPC  3288.74s] node 113 cg=2 phase=phase2 kind=heuristic_boost best_rc=0.0 found=0 added=0 exhausted=True cert=True
[clean-BPC  3290.25s] branch node 113: left=arc(7,9)=off right=arc(7,9)=on
[clean-BPC  3290.25s] node 114 d=14 lb=235.812995 open=50
[clean-BPC  3290.42s] node 114 cg=1 phase=phase1 obj=0.0 artificial=0.0 cols=3498
[clean-BPC  3290.61s] node 114 cg=2 phase=phase2 obj=235.939463 artificial=0.0 cols=3498
[clean-BPC  3294.11s] node 114 cg=2 phase=phase2 kind=heuristic best_rc=-0.0 found=0 added=0 exhausted=False cert=False
[clean-BPC  3300.94s] node 114 cg=2 phase=phase2 kind=heuristic_boost best_rc=-0.0 found=0 added=0 exhausted=True cert=True
[clean-BPC  3302.37s] branch node 114: left=arc(5,3)=off right=arc(5,3)=on
[clean-BPC  3302.37s] node 90 d=13 lb=235.813855 open=51
[clean-BPC  3302.49s] node 90 cg=1 phase=phase1 obj=0.0 artificial=0.0 cols=3498
[clean-BPC  3302.59s] node 90 cg=2 phase=phase2 obj=238.655432 artificial=0.0 cols=3498
[clean-BPC  3305.69s] node 90 cg=2 phase=phase2 kind=heuristic best_rc=-2.246454667 found=42 added=42 exhausted=False cert=False
[clean-BPC  3305.81s] node 90 cg=3 phase=phase2 obj=238.052058 artificial=0.0 cols=3540
[clean-BPC  3308.93s] node 90 cg=3 phase=phase2 kind=heuristic best_rc=0.205986 found=0 added=0 exhausted=False cert=False
[clean-BPC  3316.24s] node 90 cg=3 phase=phase2 kind=heuristic_boost best_rc=0.086832 found=0 added=0 exhausted=True cert=True
[clean-BPC  3316.24s] fathom node 90: reason=bound_after_schedule_pack bound=238.052058
[clean-BPC  3316.24s] node 89 d=13 lb=235.813855 open=50
[clean-BPC  3316.41s] node 89 cg=1 phase=phase1 obj=0.0 artificial=0.0 cols=3540
[clean-BPC  3316.58s] node 89 cg=2 phase=phase2 obj=235.700699 artificial=0.0 cols=3540
[clean-BPC  3319.54s] node 89 cg=2 phase=phase2 kind=heuristic best_rc=-0.562803667 found=30 added=30 exhausted=False cert=False
[clean-BPC  3319.70s] node 89 cg=3 phase=phase2 obj=235.700699 artificial=0.0 cols=3570
[clean-BPC  3322.70s] node 89 cg=3 phase=phase2 kind=heuristic best_rc=0.0 found=0 added=0 exhausted=False cert=False
[clean-BPC  3327.74s] node 89 cg=3 phase=phase2 kind=heuristic_boost best_rc=0.0 found=0 added=0 exhausted=True cert=True
[clean-BPC  3327.75s] route-pack-conflict diag node 89 source_vehicle=1 routes=5 U=4 complete=True cache_hit=True states=104 added=0
[clean-BPC  3329.41s] cut_added family=schedule_nogood_core node=89 added=1 source_vehicle=1 route_count=4 signatures=[[4, 20, 19, 13], [7, 9, 16, 18, 8], [1, 5, 3], [12, 15, 10, 6, 2]]
[clean-BPC  3329.41s] node 89 d=13 lb=235.700699 open=50
[clean-BPC  3329.57s] node 89 cg=1 phase=phase1 obj=0.0 artificial=0.0 cols=3570
[clean-BPC  3329.75s] node 89 cg=2 phase=phase2 obj=235.700699 artificial=0.0 cols=3570
[clean-BPC  3332.76s] node 89 cg=2 phase=phase2 kind=heuristic best_rc=0.0 found=0 added=0 exhausted=False cert=False
[clean-BPC  3338.01s] node 89 cg=2 phase=phase2 kind=heuristic_boost best_rc=0.0 found=0 added=0 exhausted=True cert=True
[clean-BPC  3338.02s] route-pack-conflict diag node 89 source_vehicle=1 routes=5 U=4 complete=True cache_hit=True states=99 added=0
[clean-BPC  3339.50s] cut_added family=schedule_nogood_core node=89 added=1 source_vehicle=1 route_count=3 signatures=[[4, 20, 19, 13], [8, 18, 16, 9, 7], [12, 15, 10, 6, 2]]
[clean-BPC  3339.50s] node 89 d=13 lb=235.700699 open=50
[clean-BPC  3339.67s] node 89 cg=1 phase=phase1 obj=0.0 artificial=0.0 cols=3570
[clean-BPC  3339.86s] node 89 cg=2 phase=phase2 obj=235.700699 artificial=0.0 cols=3570
[clean-BPC  3339.86s] cut_purged node=89 removed=1 by_kind={'schedule_nogood_core': 1} remaining=74
[clean-BPC  3340.03s] node 89 cg=3 phase=phase2 obj=235.700699 artificial=0.0 cols=3570
[clean-BPC  3343.12s] node 89 cg=3 phase=phase2 kind=heuristic best_rc=0.0 found=0 added=0 exhausted=False cert=False
[clean-BPC  3348.43s] node 89 cg=3 phase=phase2 kind=heuristic_boost best_rc=0.0 found=0 added=0 exhausted=True cert=True
[clean-BPC  3350.28s] branch node 89: left=arc(4,20)=off right=arc(4,20)=on
[clean-BPC  3350.28s] node 119 d=14 lb=235.700699 open=51
[clean-BPC  3350.44s] node 119 cg=1 phase=phase1 obj=0.0 artificial=0.0 cols=3570
[clean-BPC  3350.62s] node 119 cg=2 phase=phase2 obj=235.700699 artificial=0.0 cols=3570
[clean-BPC  3350.62s] cut_purged node=119 removed=3 by_kind={'schedule_nogood_core': 3} remaining=71
[clean-BPC  3350.79s] node 119 cg=3 phase=phase2 obj=235.700699 artificial=0.0 cols=3570
[clean-BPC  3353.76s] node 119 cg=3 phase=phase2 kind=heuristic best_rc=-0.0 found=0 added=0 exhausted=False cert=False
[clean-BPC  3358.78s] node 119 cg=3 phase=phase2 kind=heuristic_boost best_rc=-0.0 found=0 added=0 exhausted=True cert=True
[clean-BPC  3358.79s] route-pack-conflict diag node 119 source_vehicle=1 routes=5 U=4 complete=True cache_hit=True states=95 added=0
[clean-BPC  3359.24s] cut_added family=schedule_nogood_core node=119 added=1 source_vehicle=1 route_count=3 signatures=[[13, 19, 20, 4], [1, 5, 3], [12, 15, 10, 6, 2]]
[clean-BPC  3359.24s] node 119 d=14 lb=235.700699 open=51
[clean-BPC  3359.43s] node 119 cg=1 phase=phase1 obj=0.0 artificial=0.0 cols=3570
[clean-BPC  3359.59s] node 119 cg=2 phase=phase2 obj=236.267695 artificial=0.0 cols=3570
[clean-BPC  3362.57s] node 119 cg=2 phase=phase2 kind=heuristic best_rc=-0.5216635 found=7 added=7 exhausted=False cert=False
[clean-BPC  3362.74s] node 119 cg=3 phase=phase2 obj=236.267695 artificial=0.0 cols=3577
[clean-BPC  3365.80s] node 119 cg=3 phase=phase2 kind=heuristic best_rc=-0.15652675 found=2 added=2 exhausted=False cert=False
[clean-BPC  3365.96s] node 119 cg=4 phase=phase2 obj=236.267695 artificial=0.0 cols=3579
[clean-BPC  3365.96s] cut_purged node=119 removed=1 by_kind={'schedule_nogood_core': 1} remaining=71
[clean-BPC  3366.15s] node 119 cg=5 phase=phase2 obj=236.267695 artificial=0.0 cols=3579
[clean-BPC  3366.15s] cut_purged node=119 removed=1 by_kind={'schedule_nogood_core': 1} remaining=70
[clean-BPC  3366.31s] node 119 cg=6 phase=phase2 obj=236.267695 artificial=0.0 cols=3579
[clean-BPC  3369.63s] node 119 cg=6 phase=phase2 kind=heuristic best_rc=-0.02135375 found=4 added=4 exhausted=False cert=False
[clean-BPC  3369.81s] node 119 cg=7 phase=phase2 obj=236.267695 artificial=0.0 cols=3583
[clean-BPC  3369.81s] cut_purged node=119 removed=1 by_kind={'schedule_nogood_core': 1} remaining=69
[clean-BPC  3369.99s] node 119 cg=8 phase=phase2 obj=236.267695 artificial=0.0 cols=3583
[clean-BPC  3373.37s] node 119 cg=8 phase=phase2 kind=heuristic best_rc=0.189426 found=0 added=0 exhausted=False cert=False
[clean-BPC  3381.32s] node 119 cg=8 phase=phase2 kind=heuristic_boost best_rc=0.189426 found=0 added=0 exhausted=True cert=True
[clean-BPC  3381.32s] fathom node 119: reason=bound_after_schedule_pack bound=236.267695
[clean-BPC  3381.32s] node 120 d=14 lb=235.700699 open=50
[clean-BPC  3381.48s] node 120 cg=1 phase=phase1 obj=0.0 artificial=0.0 cols=3583
[clean-BPC  3381.67s] node 120 cg=2 phase=phase2 obj=235.700699 artificial=0.0 cols=3583
[clean-BPC  3384.67s] node 120 cg=2 phase=phase2 kind=heuristic best_rc=-0.7433145 found=4 added=4 exhausted=False cert=False
[clean-BPC  3384.85s] node 120 cg=3 phase=phase2 obj=235.700699 artificial=0.0 cols=3587
[clean-BPC  3387.90s] node 120 cg=3 phase=phase2 kind=heuristic best_rc=0.0 found=0 added=0 exhausted=False cert=False
[clean-BPC  3392.99s] node 120 cg=3 phase=phase2 kind=heuristic_boost best_rc=0.0 found=0 added=0 exhausted=True cert=True
[clean-BPC  3393.00s] route-pack-conflict diag node 120 source_vehicle=1 routes=5 U=4 complete=True cache_hit=True states=99 added=0
[clean-BPC  3394.48s] cut_added family=schedule_nogood_core node=120 added=1 source_vehicle=1 route_count=3 signatures=[[4, 20, 19, 13], [8, 18, 16, 9, 7], [12, 15, 10, 6, 2]]
[clean-BPC  3394.48s] node 120 d=14 lb=235.700699 open=50
[clean-BPC  3394.66s] node 120 cg=1 phase=phase1 obj=0.0 artificial=0.0 cols=3587
[clean-BPC  3394.83s] node 120 cg=2 phase=phase2 obj=235.703003 artificial=0.0 cols=3587
[clean-BPC  3397.74s] node 120 cg=2 phase=phase2 kind=heuristic best_rc=0.0 found=0 added=0 exhausted=False cert=False
[clean-BPC  3402.72s] node 120 cg=2 phase=phase2 kind=heuristic_boost best_rc=0.0 found=0 added=0 exhausted=True cert=True
[clean-BPC  3402.73s] route-pack-conflict diag node 120 source_vehicle=1 routes=5 U=4 complete=True cache_hit=True states=104 added=0
[clean-BPC  3404.39s] cut_added family=schedule_nogood_core node=120 added=1 source_vehicle=1 route_count=4 signatures=[[4, 20, 19, 13], [7, 16, 9, 18, 8], [1, 5, 3], [12, 15, 10, 6, 2]]
[clean-BPC  3404.40s] node 120 d=14 lb=235.703003 open=50
[clean-BPC  3404.56s] node 120 cg=1 phase=phase1 obj=0.0 artificial=0.0 cols=3587
[clean-BPC  3404.74s] node 120 cg=2 phase=phase2 obj=235.703003 artificial=0.0 cols=3587
[clean-BPC  3407.70s] node 120 cg=2 phase=phase2 kind=heuristic best_rc=0.0 found=0 added=0 exhausted=False cert=False
[clean-BPC  3412.72s] node 120 cg=2 phase=phase2 kind=heuristic_boost best_rc=0.0 found=0 added=0 exhausted=True cert=True
[clean-BPC  3412.72s] route-pack-conflict diag node 120 source_vehicle=1 routes=5 U=4 complete=True cache_hit=False states=99 added=0
[clean-BPC  3414.23s] cut_added family=schedule_nogood_core node=120 added=1 source_vehicle=1 route_count=3 signatures=[[4, 20, 19, 13], [8, 18, 9, 16, 7], [12, 15, 10, 6, 2]]
[clean-BPC  3414.23s] node 120 d=14 lb=235.703003 open=50
[clean-BPC  3414.41s] node 120 cg=1 phase=phase1 obj=0.0 artificial=0.0 cols=3587
[clean-BPC  3414.58s] node 120 cg=2 phase=phase2 obj=236.167298 artificial=0.0 cols=3587
[clean-BPC  3417.78s] node 120 cg=2 phase=phase2 kind=heuristic best_rc=-1.093201167 found=7 added=7 exhausted=False cert=False
[clean-BPC  3417.97s] node 120 cg=3 phase=phase2 obj=236.044849 artificial=0.0 cols=3594
[clean-BPC  3421.27s] node 120 cg=3 phase=phase2 kind=heuristic best_rc=0.228048625 found=0 added=0 exhausted=False cert=False
[clean-BPC  3426.83s] node 120 cg=3 phase=phase2 kind=heuristic_boost best_rc=0.228048625 found=0 added=0 exhausted=True cert=True
[clean-BPC  3426.83s] fathom node 120: reason=bound_after_schedule_pack bound=236.044849
[clean-BPC  3426.83s] node 108 d=14 lb=235.814246 open=49
[clean-BPC  3426.96s] node 108 cg=1 phase=phase1 obj=0.0 artificial=0.0 cols=3594
[clean-BPC  3427.09s] node 108 cg=2 phase=phase2 obj=238.481733 artificial=0.0 cols=3594
[clean-BPC  3429.99s] node 108 cg=2 phase=phase2 kind=heuristic best_rc=-0.891910222 found=5 added=5 exhausted=False cert=False
[clean-BPC  3430.12s] node 108 cg=3 phase=phase2 obj=238.478091 artificial=0.0 cols=3599
[clean-BPC  3432.91s] node 108 cg=3 phase=phase2 kind=heuristic best_rc=0.022445 found=0 added=0 exhausted=False cert=False
[clean-BPC  3438.05s] node 108 cg=3 phase=phase2 kind=heuristic_boost best_rc=0.022445 found=0 added=0 exhausted=True cert=True
[clean-BPC  3438.05s] fathom node 108: reason=bound_after_schedule_pack bound=238.478091
[clean-BPC  3438.05s] node 107 d=14 lb=235.814246 open=48
[clean-BPC  3438.24s] node 107 cg=1 phase=phase1 obj=0.0 artificial=0.0 cols=3599
[clean-BPC  3438.41s] node 107 cg=2 phase=phase2 obj=235.703003 artificial=0.0 cols=3599
[clean-BPC  3441.51s] node 107 cg=2 phase=phase2 kind=heuristic best_rc=0.022445 found=0 added=0 exhausted=False cert=False
[clean-BPC  3447.06s] node 107 cg=2 phase=phase2 kind=heuristic_boost best_rc=0.022445 found=0 added=0 exhausted=True cert=True
[clean-BPC  3447.07s] route-pack-conflict diag node 107 source_vehicle=1 routes=5 U=4 complete=True cache_hit=True states=87 added=0
[clean-BPC  3447.53s] cut_added family=schedule_nogood_core node=107 added=1 source_vehicle=1 route_count=3 signatures=[[13, 19, 20, 4], [3, 5, 1], [12, 15, 10, 6, 2]]
[clean-BPC  3447.53s] node 107 d=14 lb=235.703003 open=48
[clean-BPC  3447.71s] node 107 cg=1 phase=phase1 obj=0.0 artificial=0.0 cols=3599
[clean-BPC  3447.90s] node 107 cg=2 phase=phase2 obj=235.774292 artificial=0.0 cols=3599
[clean-BPC  3451.02s] node 107 cg=2 phase=phase2 kind=heuristic best_rc=0.022445 found=0 added=0 exhausted=False cert=False
[clean-BPC  3456.60s] node 107 cg=2 phase=phase2 kind=heuristic_boost best_rc=0.022445 found=0 added=0 exhausted=True cert=True
[clean-BPC  3456.60s] route-pack-conflict diag node 107 source_vehicle=1 routes=5 U=4 complete=True cache_hit=True states=90 added=0
[clean-BPC  3457.09s] cut_added family=schedule_nogood_core node=107 added=1 source_vehicle=1 route_count=3 signatures=[[13, 19, 20, 4], [1, 3, 5], [12, 15, 10, 6, 2]]
[clean-BPC  3457.09s] node 107 d=14 lb=235.774292 open=48
[clean-BPC  3457.27s] node 107 cg=1 phase=phase1 obj=0.0 artificial=0.0 cols=3599
[clean-BPC  3457.46s] node 107 cg=2 phase=phase2 obj=235.774292 artificial=0.0 cols=3599
[clean-BPC  3460.56s] node 107 cg=2 phase=phase2 kind=heuristic best_rc=0.022445 found=0 added=0 exhausted=False cert=False
[clean-BPC  3466.16s] node 107 cg=2 phase=phase2 kind=heuristic_boost best_rc=0.022445 found=0 added=0 exhausted=True cert=True
[clean-BPC  3466.16s] route-pack-conflict diag node 107 source_vehicle=1 routes=5 U=4 complete=True cache_hit=True states=84 added=0
[clean-BPC  3466.63s] cut_added family=schedule_nogood_core node=107 added=1 source_vehicle=1 route_count=3 signatures=[[13, 19, 20, 4], [5, 3, 1], [12, 15, 10, 6, 2]]
[clean-BPC  3466.63s] node 107 d=14 lb=235.774292 open=48
[clean-BPC  3466.80s] node 107 cg=1 phase=phase1 obj=0.0 artificial=0.0 cols=3599
[clean-BPC  3467.01s] node 107 cg=2 phase=phase2 obj=235.827158 artificial=0.0 cols=3599
[clean-BPC  3470.25s] node 107 cg=2 phase=phase2 kind=heuristic best_rc=0.022445 found=0 added=0 exhausted=False cert=False
[clean-BPC  3476.12s] node 107 cg=2 phase=phase2 kind=heuristic_boost best_rc=0.022445 found=0 added=0 exhausted=True cert=True
[clean-BPC  3478.55s] branch node 107: left=arc(1,15)=off right=arc(1,15)=on
[clean-BPC  3478.55s] node 31 d=6 lb=235.825433 open=49
[clean-BPC  3478.68s] node 31 cg=1 phase=phase1 obj=0.0 artificial=0.0 cols=3599
[clean-BPC  3478.80s] node 31 cg=2 phase=phase2 obj=236.880336 artificial=0.0 cols=3599
[clean-BPC  3481.64s] node 31 cg=2 phase=phase2 kind=heuristic best_rc=-0.446247 found=2 added=2 exhausted=False cert=False
[clean-BPC  3481.76s] node 31 cg=3 phase=phase2 obj=236.880336 artificial=0.0 cols=3601
[clean-BPC  3481.76s] cut_purged node=31 removed=3 by_kind={'schedule_nogood_core': 3} remaining=72
[clean-BPC  3481.89s] node 31 cg=4 phase=phase2 obj=236.880336 artificial=0.0 cols=3601
[clean-BPC  3484.70s] node 31 cg=4 phase=phase2 kind=heuristic best_rc=0.321967 found=0 added=0 exhausted=False cert=False
[clean-BPC  3492.56s] node 31 cg=4 phase=phase2 kind=heuristic_boost best_rc=0.2040375 found=0 added=0 exhausted=True cert=True
[clean-BPC  3492.56s] fathom node 31: reason=bound_after_schedule_pack bound=236.880336
[clean-BPC  3492.56s] node 32 d=6 lb=235.825433 open=48
[clean-BPC  3492.67s] node 32 cg=1 phase=phase1 obj=0.0 artificial=0.0 cols=3601
[clean-BPC  3492.77s] node 32 cg=2 phase=phase2 obj=235.993947 artificial=0.0 cols=3601
[clean-BPC  3495.40s] node 32 cg=2 phase=phase2 kind=heuristic best_rc=0.0 found=0 added=0 exhausted=False cert=False
[clean-BPC  3505.10s] node 32 cg=2 phase=phase2 kind=heuristic_boost best_rc=-0.2240075 found=2 added=2 exhausted=True cert=True
[clean-BPC  3505.20s] node 32 cg=3 phase=phase2 obj=235.993947 artificial=0.0 cols=3603
[clean-BPC  3507.83s] node 32 cg=3 phase=phase2 kind=heuristic best_rc=0.0 found=0 added=0 exhausted=False cert=False
[clean-BPC  3517.60s] node 32 cg=3 phase=phase2 kind=heuristic_boost best_rc=0.0 found=0 added=0 exhausted=True cert=True
[clean-BPC  3518.79s] branch node 32: left=RF(10,12)=separate right=RF(10,12)=same
[clean-BPC  3518.79s] node 38 d=5 lb=235.826818 open=49
[clean-BPC  3518.90s] node 38 cg=1 phase=phase1 obj=0.0 artificial=0.0 cols=3603
[clean-BPC  3519.04s] node 38 cg=2 phase=phase2 obj=237.868082 artificial=0.0 cols=3603
[clean-BPC  3522.26s] node 38 cg=2 phase=phase2 kind=heuristic best_rc=-0.009315 found=2 added=2 exhausted=False cert=False
[clean-BPC  3522.41s] node 38 cg=3 phase=phase2 obj=237.868082 artificial=0.0 cols=3605
[clean-BPC  3522.41s] cut_purged node=38 removed=1 by_kind={'schedule_nogood_core': 1} remaining=71
[clean-BPC  3522.53s] node 38 cg=4 phase=phase2 obj=237.868082 artificial=0.0 cols=3605
[clean-BPC  3522.53s] cut_purged node=38 removed=4 by_kind={'schedule_nogood_core': 4} remaining=67
[clean-BPC  3522.66s] node 38 cg=5 phase=phase2 obj=237.868082 artificial=0.0 cols=3605
[clean-BPC  3526.01s] node 38 cg=5 phase=phase2 kind=heuristic best_rc=0.10572 found=0 added=0 exhausted=False cert=False
[clean-BPC  3533.98s] node 38 cg=5 phase=phase2 kind=heuristic_boost best_rc=0.10572 found=0 added=0 exhausted=True cert=True
[clean-BPC  3533.98s] fathom node 38: reason=bound_after_schedule_pack bound=237.868082
[clean-BPC  3533.98s] node 37 d=5 lb=235.826818 open=48
[clean-BPC  3534.19s] node 37 cg=1 phase=phase1 obj=0.0 artificial=0.0 cols=3605
[clean-BPC  3534.41s] node 37 cg=2 phase=phase2 obj=235.860511 artificial=0.0 cols=3605
[clean-BPC  3538.10s] node 37 cg=2 phase=phase2 kind=heuristic best_rc=-0.0 found=0 added=0 exhausted=False cert=False
[clean-BPC  3546.02s] node 37 cg=2 phase=phase2 kind=heuristic_boost best_rc=-0.0 found=0 added=0 exhausted=True cert=True
[clean-BPC  3548.56s] branch node 37: left=RF(4,6)=separate right=RF(4,6)=same
[clean-BPC  3548.56s] node 121 d=15 lb=235.827158 open=49
[clean-BPC  3548.75s] node 121 cg=1 phase=phase1 obj=0.0 artificial=0.0 cols=3605
[clean-BPC  3548.93s] node 121 cg=2 phase=phase2 obj=235.703003 artificial=0.0 cols=3605
[clean-BPC  3552.23s] node 121 cg=2 phase=phase2 kind=heuristic best_rc=-0.0 found=0 added=0 exhausted=False cert=False
[clean-BPC  3558.41s] node 121 cg=2 phase=phase2 kind=heuristic_boost best_rc=-0.0 found=0 added=0 exhausted=True cert=True
[clean-BPC  3558.41s] route-pack-conflict diag node 121 source_vehicle=1 routes=5 U=4 complete=True cache_hit=True states=99 added=0
[clean-BPC  3559.88s] cut_added family=schedule_nogood_core node=121 added=1 source_vehicle=1 route_count=3 signatures=[[4, 20, 19, 13], [8, 18, 9, 16, 7], [12, 15, 10, 6, 2]]
[clean-BPC  3559.88s] node 121 d=15 lb=235.703003 open=49
[clean-BPC  3560.05s] node 121 cg=1 phase=phase1 obj=0.0 artificial=0.0 cols=3605
[clean-BPC  3560.24s] node 121 cg=2 phase=phase2 obj=235.703003 artificial=0.0 cols=3605
[clean-BPC  3563.32s] node 121 cg=2 phase=phase2 kind=heuristic best_rc=0.022445 found=0 added=0 exhausted=False cert=False
[clean-BPC  3568.78s] node 121 cg=2 phase=phase2 kind=heuristic_boost best_rc=0.022445 found=0 added=0 exhausted=True cert=True
[clean-BPC  3568.78s] route-pack-conflict diag node 121 source_vehicle=1 routes=5 U=4 complete=True cache_hit=True states=87 added=0
[clean-BPC  3569.25s] cut_added family=schedule_nogood_core node=121 added=1 source_vehicle=1 route_count=3 signatures=[[13, 19, 20, 4], [3, 5, 1], [12, 15, 10, 6, 2]]
[clean-BPC  3569.25s] node 121 d=15 lb=235.703003 open=49
[clean-BPC  3569.43s] node 121 cg=1 phase=phase1 obj=0.0 artificial=0.0 cols=3605
[clean-BPC  3569.63s] node 121 cg=2 phase=phase2 obj=235.774292 artificial=0.0 cols=3605
[clean-BPC  3572.70s] node 121 cg=2 phase=phase2 kind=heuristic best_rc=0.022445 found=0 added=0 exhausted=False cert=False
[clean-BPC  3578.23s] node 121 cg=2 phase=phase2 kind=heuristic_boost best_rc=0.022445 found=0 added=0 exhausted=True cert=True
[clean-BPC  3578.24s] route-pack-conflict diag node 121 source_vehicle=1 routes=5 U=4 complete=True cache_hit=True states=90 added=0
[clean-BPC  3578.70s] cut_added family=schedule_nogood_core node=121 added=1 source_vehicle=1 route_count=3 signatures=[[13, 19, 20, 4], [1, 3, 5], [12, 15, 10, 6, 2]]
[clean-BPC  3578.70s] node 121 d=15 lb=235.774292 open=49
[clean-BPC  3578.89s] node 121 cg=1 phase=phase1 obj=0.0 artificial=0.0 cols=3605
[clean-BPC  3579.08s] node 121 cg=2 phase=phase2 obj=235.774292 artificial=0.0 cols=3605
[clean-BPC  3582.14s] node 121 cg=2 phase=phase2 kind=heuristic best_rc=0.022445 found=0 added=0 exhausted=False cert=False
[clean-BPC  3587.67s] node 121 cg=2 phase=phase2 kind=heuristic_boost best_rc=0.022445 found=0 added=0 exhausted=True cert=True
[clean-BPC  3587.67s] route-pack-conflict diag node 121 source_vehicle=1 routes=5 U=4 complete=True cache_hit=True states=84 added=0
[clean-BPC  3588.14s] cut_added family=schedule_nogood_core node=121 added=1 source_vehicle=1 route_count=3 signatures=[[13, 19, 20, 4], [5, 3, 1], [12, 15, 10, 6, 2]]
[clean-BPC  3588.14s] node 121 d=15 lb=235.774292 open=49
[clean-BPC  3588.33s] node 121 cg=1 phase=phase1 obj=0.0 artificial=0.0 cols=3605
[clean-BPC  3588.51s] node 121 cg=2 phase=phase2 obj=235.827158 artificial=0.0 cols=3605
[clean-BPC  3591.74s] node 121 cg=2 phase=phase2 kind=heuristic best_rc=0.022445 found=0 added=0 exhausted=False cert=False
[clean-BPC  3597.53s] node 121 cg=2 phase=phase2 kind=heuristic_boost best_rc=0.022445 found=0 added=0 exhausted=True cert=True
[clean-BPC  3600.11s] branch node 121: left=RF(6,12)=separate right=RF(6,12)=same
[clean-BPC  3600.11s] finish status=TIME_LIMIT primal=236.032893 dual=235.827158 gap=0.000872 cuts=71 diag_dual=235.827158 diag_gap=0.000872 crossing=5 crossing_upgraded=0 subset_row=9 lm_rank1=0 sched_cost=0 pair=0 clique=0 route_pack=23 nogood=126 sched_cap=0 sched_pack_adapt=0/0 route_enum_adapt=0/0
bench_20_08: status=TIME_LIMIT, primal=236.032893, dual=235.827158, gap=0.000872, diag_dual=235.827158, diag_gap=0.000872, time=3600.106734s, nodes=177, rmp=564, pricing=572, routes=3605, cuts=71, crossing=5, crossing_upgraded=0, rci=5, kpath=0, pair=0, subset_row=9, lm_rank1=0, sched_cost=0, clique=0, route_pack=23, nogood=126, sched_cap=0, fleet_lb=0/0, fleet_oracle_U=None, fleet_oracle_states=0, fleet_oracle_exact=False, rim_calls=7, rim_feasible=0, rim_rejected=86, rim_pair=0, rim_route_pack=6, rim_ng=166, rim_sched_cap=0, sched_pack_status=None, sched_pack_obj=None, sched_pack_gap_root=None, sched_pack_cols=0, sched_pack_relax_calls=0, sched_pack_relax_best=None, sched_pack_full_exact=0, sched_pack_adapt=0/0, sched_pack_adapt_skip=0, route_enum_adapt=0/0, route_enum_adapt_skip=0, cuts_purged=92, branch_test_time=107.496568s
开始 clean BPC: instance=bench_20_10, tasks=20, vehicles=2, time_limit=3600s, max_nodes=100000, log=/home/kai/work/gnn_bb/branchpricecut/results/logs/20260522_bpc_clean_fleetlb_budget_long_20_regression/bench_20_10.jsonl
[clean-BPC     0.00s] incumbent node 0: obj=275.155465
[clean-BPC     6.69s] incumbent node 0: obj=229.293258
[clean-BPC    12.36s] start: {'time': 12.363782, 'event': 'start', 'instance': 'bench_20_10', 'tasks': 20, 'vehicles': 2, 'initial_routes': 30, 'initial_incumbent': 229.293258, 'task_vehicle_linking_enabled': True, 'schedule_capacity_cuts_enabled': True, 'schedule_capacity_separation_enabled': False, 'fleet_lower_bound_cuts_enabled': True, 'fleet_lower_bound_oracle_max_states': 500000, 'schedule_pack_diagnostic_enabled': False, 'schedule_pack_relaxation_enabled': False, 'schedule_pack_full_pricing_enabled': False, 'schedule_pack_adaptive_enabled': False, 'route_enumeration_adaptive_enabled': False}
[clean-BPC    12.36s] node 0 d=0 lb=0.0 open=0
[clean-BPC    12.37s] node 0 cg=1 phase=phase1 obj=0.0 artificial=0.0 cols=30
[clean-BPC    12.37s] node 0 cg=2 phase=phase2 obj=229.293258 artificial=0.0 cols=30
[clean-BPC    17.72s] node 0 cg=2 phase=phase2 kind=heuristic best_rc=-22.654381 found=102559 added=600 exhausted=False cert=False
[clean-BPC    17.74s] node 0 cg=3 phase=phase2 obj=229.293258 artificial=0.0 cols=630
[clean-BPC    21.42s] node 0 cg=3 phase=phase2 kind=heuristic best_rc=-16.031159 found=31709 added=600 exhausted=False cert=False
[clean-BPC    21.47s] node 0 cg=4 phase=phase2 obj=229.293258 artificial=0.0 cols=1230
[clean-BPC    24.40s] node 0 cg=4 phase=phase2 kind=heuristic best_rc=-4.4347545 found=1541 added=600 exhausted=False cert=False
[clean-BPC    24.48s] node 0 cg=5 phase=phase2 obj=229.293258 artificial=0.0 cols=1830
[clean-BPC    27.37s] node 0 cg=5 phase=phase2 kind=heuristic best_rc=-4.5411525 found=969 added=600 exhausted=False cert=False
[clean-BPC    27.49s] node 0 cg=6 phase=phase2 obj=226.782157 artificial=0.0 cols=2430
[clean-BPC    30.44s] node 0 cg=6 phase=phase2 kind=heuristic best_rc=-0.7761065 found=19 added=19 exhausted=False cert=False
[clean-BPC    30.55s] node 0 cg=7 phase=phase2 obj=226.4837 artificial=0.0 cols=2449
[clean-BPC    33.48s] node 0 cg=7 phase=phase2 kind=heuristic best_rc=0.0 found=0 added=0 exhausted=False cert=False
[clean-BPC    40.38s] node 0 cg=7 phase=phase2 kind=exact best_rc=-0.0 found=0 added=0 exhausted=True cert=True
[clean-BPC    41.29s] cut_added family=crossing_cut node=0 added=3 upgraded=0 first={'id': 0, 'tasks': [2, 7, 10, 14, 15], 'demand': 11.0, 'capacity_bound': 2, 'resource_bound': 1, 'k_bound': 2, 'rhs': 4.0, 'source': 'capacity', 'violation': 0.666666667, 'action': 'add'}
[clean-BPC    41.42s] node 0 cg=8 phase=phase2 obj=227.278104 artificial=0.0 cols=2449
[clean-BPC    44.94s] node 0 cg=8 phase=phase2 kind=heuristic best_rc=-0.741786 found=4 added=4 exhausted=False cert=False
[clean-BPC    45.07s] node 0 cg=9 phase=phase2 obj=227.009878 artificial=0.0 cols=2453
[clean-BPC    48.59s] node 0 cg=9 phase=phase2 kind=heuristic best_rc=-0.753907 found=14 added=14 exhausted=False cert=False
[clean-BPC    48.72s] node 0 cg=10 phase=phase2 obj=227.009879 artificial=0.0 cols=2467
[clean-BPC    52.25s] node 0 cg=10 phase=phase2 kind=heuristic best_rc=0.0 found=0 added=0 exhausted=False cert=False
[clean-BPC    62.74s] node 0 cg=10 phase=phase2 kind=exact best_rc=0.0 found=0 added=0 exhausted=True cert=True
[clean-BPC    63.67s] cut_added family=crossing_cut node=0 added=2 upgraded=0 first={'id': 3, 'tasks': [2, 7, 14, 15, 17], 'demand': 12.0, 'capacity_bound': 2, 'resource_bound': 1, 'k_bound': 2, 'rhs': 4.0, 'source': 'capacity', 'violation': 1.0, 'action': 'add'}
[clean-BPC    63.83s] node 0 cg=11 phase=phase2 obj=227.321756 artificial=0.0 cols=2467
[clean-BPC    67.57s] node 0 cg=11 phase=phase2 kind=heuristic best_rc=-0.181559 found=2 added=2 exhausted=False cert=False
[clean-BPC    67.74s] node 0 cg=12 phase=phase2 obj=227.321756 artificial=0.0 cols=2469
[clean-BPC    71.46s] node 0 cg=12 phase=phase2 kind=heuristic best_rc=0.0 found=0 added=0 exhausted=False cert=False
[clean-BPC    87.41s] node 0 cg=12 phase=phase2 kind=exact best_rc=-0.26417005 found=6 added=6 exhausted=True cert=True
[clean-BPC    87.56s] node 0 cg=13 phase=phase2 obj=227.321756 artificial=0.0 cols=2475
[clean-BPC    91.29s] node 0 cg=13 phase=phase2 kind=heuristic best_rc=-0.0 found=0 added=0 exhausted=False cert=False
[clean-BPC   106.92s] node 0 cg=13 phase=phase2 kind=exact best_rc=-0.0 found=0 added=0 exhausted=True cert=True
[clean-BPC   108.09s] subset-row diag node 0 round=1 cand=256 k=2 dup=0 not_viol=509 violated=3 added=3 max_viol=0.30000000000000004
[clean-BPC   108.09s] cut_added family=subset_row node=0 added=3 first(|S|=5, k=3, viol=0.3)
[clean-BPC   108.27s] node 0 cg=14 phase=phase2 obj=227.615058 artificial=0.0 cols=2475
[clean-BPC   112.08s] node 0 cg=14 phase=phase2 kind=heuristic best_rc=-0.639715583 found=16 added=16 exhausted=False cert=False
[clean-BPC   112.26s] node 0 cg=15 phase=phase2 obj=227.574061 artificial=0.0 cols=2491
[clean-BPC   116.14s] node 0 cg=15 phase=phase2 kind=heuristic best_rc=-0.0 found=0 added=0 exhausted=False cert=False
[clean-BPC   132.38s] node 0 cg=15 phase=phase2 kind=exact best_rc=-0.0 found=0 added=0 exhausted=True cert=True
[clean-BPC   133.67s] subset-row diag node 0 round=2 cand=316 k=2 dup=2 not_viol=605 violated=25 added=20 max_viol=0.2857142857142856
[clean-BPC   133.67s] cut_added family=subset_row node=0 added=20 first(|S|=8, k=3, viol=0.285714286)
[clean-BPC   133.98s] node 0 cg=16 phase=phase2 obj=228.195632 artificial=0.0 cols=2491
[clean-BPC   137.83s] node 0 cg=16 phase=phase2 kind=heuristic best_rc=-0.625595395 found=26 added=26 exhausted=False cert=False
[clean-BPC   138.15s] node 0 cg=17 phase=phase2 obj=228.111683 artificial=0.0 cols=2517
[clean-BPC   142.12s] node 0 cg=17 phase=phase2 kind=heuristic best_rc=-0.0 found=0 added=0 exhausted=False cert=False
[clean-BPC   160.06s] node 0 cg=17 phase=phase2 kind=exact best_rc=-0.0 found=0 added=0 exhausted=True cert=True
[clean-BPC   160.84s] subset-row diag node 0 round=3 cand=200 k=2 dup=10 not_viol=380 violated=10 added=10 max_viol=0.25
[clean-BPC   160.84s] cut_added family=subset_row node=0 added=10 first(|S|=7, k=2, viol=0.25)
[clean-BPC   161.20s] node 0 cg=18 phase=phase2 obj=228.185935 artificial=0.0 cols=2517
[clean-BPC   165.30s] node 0 cg=18 phase=phase2 kind=heuristic best_rc=-0.525416167 found=39 added=39 exhausted=False cert=False
[clean-BPC   165.65s] node 0 cg=19 phase=phase2 obj=228.185935 artificial=0.0 cols=2556
[clean-BPC   169.84s] node 0 cg=19 phase=phase2 kind=heuristic best_rc=-0.150921 found=3 added=3 exhausted=False cert=False
[clean-BPC   170.20s] node 0 cg=20 phase=phase2 obj=228.185935 artificial=0.0 cols=2559
[clean-BPC   174.38s] node 0 cg=20 phase=phase2 kind=heuristic best_rc=-0.077274125 found=9 added=9 exhausted=False cert=False
[clean-BPC   174.74s] node 0 cg=21 phase=phase2 obj=228.185935 artificial=0.0 cols=2568
[clean-BPC   178.61s] node 0 cg=21 phase=phase2 kind=heuristic best_rc=-1.139684923 found=18 added=18 exhausted=False cert=False
[clean-BPC   178.99s] node 0 cg=22 phase=phase2 obj=228.185935 artificial=0.0 cols=2586
[clean-BPC   183.30s] node 0 cg=22 phase=phase2 kind=heuristic best_rc=-0.0 found=0 added=0 exhausted=False cert=False
[clean-BPC   197.08s] node 0 cg=22 phase=phase2 kind=exact best_rc=-0.0 found=0 added=0 exhausted=True cert=True
[clean-BPC   197.71s] lm-rank1 diag node 0 round=1 cand=46 denom=2 patterns=974 dup=0 not_viol=948 violated=0 added=0 max_viol=0.0
[clean-BPC   197.71s] route-pack diag node 0 round=1 vehicles=2/2 support_max=5 cand=14 oracle=14 incomplete=0 not_tight=8 not_viol=0 dup=0 violated=6 added=5 max_viol=0.5 states_max=105
[clean-BPC   197.71s] cut_added family=schedule_route_set_packing node=0 added=5 first(vehicle=1, routes=5, U=4, y=0.5, viol=0.5, states=105)
[clean-BPC   198.08s] node 0 cg=23 phase=phase2 obj=228.185935 artificial=0.0 cols=2586
[clean-BPC   202.28s] node 0 cg=23 phase=phase2 kind=heuristic best_rc=-0.0 found=0 added=0 exhausted=False cert=False
[clean-BPC   215.60s] node 0 cg=23 phase=phase2 kind=exact best_rc=-0.0 found=0 added=0 exhausted=True cert=True
[clean-BPC   216.24s] lm-rank1 diag node 0 round=2 cand=46 denom=2 patterns=974 dup=0 not_viol=948 violated=0 added=0 max_viol=0.0
[clean-BPC   216.25s] route-pack diag node 0 round=2 vehicles=2/2 support_max=5 cand=14 oracle=14 incomplete=0 not_tight=8 not_viol=0 dup=0 violated=6 added=5 max_viol=0.5 states_max=96
[clean-BPC   216.25s] cut_added family=schedule_route_set_packing node=0 added=5 first(vehicle=1, routes=5, U=4, y=0.5, viol=0.5, states=93)
[clean-BPC   216.62s] node 0 cg=24 phase=phase2 obj=228.185935 artificial=0.0 cols=2586
[clean-BPC   220.79s] node 0 cg=24 phase=phase2 kind=heuristic best_rc=-0.0681 found=4 added=4 exhausted=False cert=False
[clean-BPC   221.15s] node 0 cg=25 phase=phase2 obj=228.185935 artificial=0.0 cols=2590
[clean-BPC   225.08s] node 0 cg=25 phase=phase2 kind=heuristic best_rc=-0.0 found=0 added=0 exhausted=False cert=False
[clean-BPC   237.61s] node 0 cg=25 phase=phase2 kind=exact best_rc=-0.0 found=0 added=0 exhausted=True cert=True
[clean-BPC   238.25s] lm-rank1 diag node 0 round=3 cand=46 denom=2 patterns=974 dup=0 not_viol=948 violated=0 added=0 max_viol=0.0
[clean-BPC   260.19s] route-pack-conflict diag node 0 source_vehicle=1 routes=5 U=3 complete=True cache_hit=False states=88 added=2
[clean-BPC   260.19s] cut_added family=schedule_route_set_packing node=0 added=2 source=schedule_conflict first(vehicle=1, routes=5, U=3, states=88, cache_hit=False)
[clean-BPC   260.19s] cut_added family=schedule_pair_conflict node=0 added=2 source_vehicle=1 route_count=2 signatures=[[19, 20, 16, 1], [17, 7, 2]]
[clean-BPC   260.19s] route-pack-conflict diag node 0 source_vehicle=1 routes=5 U=4 complete=True cache_hit=True states=96 added=0
[clean-BPC   260.67s] cut_added family=schedule_nogood_core node=0 added=1 source_vehicle=1 route_count=3 signatures=[[1, 16, 20, 19], [4, 13, 12, 6, 11], [17, 7, 2]]
[clean-BPC   274.36s] rim-conflict diag node 0 conflicts=17 pair_events=1 pair_cuts=2 schedcap_events=0 schedcap_cuts=0 routepack_events=2 routepack_cuts=2 routepack_cache=1 routepack_states_max=96 routepack_budget_skip=14 nogood_events=1 nogood_cuts=1 weak_skip=14
[clean-BPC    21.93s] restricted-MIP node 0 status=TIME_LIMIT obj=None accepted=False routes=2590 rejected=17 pair=2 ng=22 route_pack=10 sched_cap=0 added_cuts=5 time=21.926881
[clean-BPC   274.36s] node 0 d=0 lb=228.185935 open=0
[clean-BPC   274.70s] node 0 cg=1 phase=phase1 obj=0.0 artificial=0.0 cols=2590
[clean-BPC   275.07s] node 0 cg=2 phase=phase2 obj=228.185935 artificial=0.0 cols=2590
[clean-BPC   279.02s] node 0 cg=2 phase=phase2 kind=heuristic best_rc=-0.0 found=0 added=0 exhausted=False cert=False
[clean-BPC   291.90s] node 0 cg=2 phase=phase2 kind=exact best_rc=-0.0 found=0 added=0 exhausted=True cert=True
[clean-BPC   312.74s] route-pack-conflict diag node 0 source_vehicle=1 routes=5 U=4 complete=True cache_hit=False states=96 added=0
[clean-BPC   313.22s] route-pack-conflict diag node 0 source_vehicle=1 routes=5 U=3 complete=True cache_hit=False states=88 added=2
[clean-BPC   313.22s] cut_added family=schedule_route_set_packing node=0 added=2 source=schedule_conflict first(vehicle=1, routes=5, U=3, states=88, cache_hit=False)
[clean-BPC   322.97s] cut_added family=schedule_pair_conflict node=0 added=2 source_vehicle=1 route_count=2 signatures=[[19, 20, 16, 1], [9, 13, 18, 10, 2]]
[clean-BPC   325.21s] rim-conflict diag node 0 conflicts=16 pair_events=1 pair_cuts=2 schedcap_events=0 schedcap_cuts=0 routepack_events=2 routepack_cuts=2 routepack_cache=0 routepack_states_max=96 routepack_budget_skip=13 nogood_events=0 nogood_cuts=0 weak_skip=14
[clean-BPC   325.21s] incumbent node 0: obj=228.922442
[clean-BPC    20.05s] restricted-MIP node 0 status=TIME_LIMIT obj=228.922442 accepted=True routes=2590 rejected=16 pair=2 ng=20 route_pack=10 sched_cap=0 added_cuts=4 time=20.052009
[clean-BPC   325.21s] node 0 d=0 lb=228.185935 open=0
[clean-BPC   325.56s] node 0 cg=1 phase=phase1 obj=0.0 artificial=0.0 cols=2590
[clean-BPC   325.94s] node 0 cg=2 phase=phase2 obj=228.185935 artificial=0.0 cols=2590
[clean-BPC   329.76s] node 0 cg=2 phase=phase2 kind=heuristic best_rc=0.0 found=0 added=0 exhausted=False cert=False
[clean-BPC   341.88s] node 0 cg=2 phase=phase2 kind=exact best_rc=0.0 found=0 added=0 exhausted=True cert=True
[clean-BPC   363.04s] route-pack-conflict diag node 0 source_vehicle=1 routes=5 U=4 complete=True cache_hit=False states=110 added=0
[clean-BPC   364.11s] route-pack-conflict diag node 0 source_vehicle=1 routes=5 U=4 complete=True cache_hit=False states=98 added=0
[clean-BPC   375.03s] cut_added family=schedule_pair_conflict node=0 added=2 source_vehicle=1 route_count=2 signatures=[[19, 20, 16, 1], [17, 15, 7, 2]]
[clean-BPC   375.35s] rim-conflict diag node 0 conflicts=15 pair_events=1 pair_cuts=2 schedcap_events=0 schedcap_cuts=0 routepack_events=2 routepack_cuts=0 routepack_cache=0 routepack_states_max=110 routepack_budget_skip=12 nogood_events=0 nogood_cuts=0 weak_skip=14
[clean-BPC    20.40s] restricted-MIP node 0 status=TIME_LIMIT obj=None accepted=False routes=2590 rejected=15 pair=2 ng=20 route_pack=8 sched_cap=0 added_cuts=2 time=20.395931
[clean-BPC   375.35s] node 0 d=0 lb=228.185935 open=0
[clean-BPC   375.70s] node 0 cg=1 phase=phase1 obj=0.0 artificial=0.0 cols=2590
[clean-BPC   376.08s] node 0 cg=2 phase=phase2 obj=228.185935 artificial=0.0 cols=2590
[clean-BPC   379.99s] node 0 cg=2 phase=phase2 kind=heuristic best_rc=-0.0 found=0 added=0 exhausted=False cert=False
[clean-BPC   392.54s] node 0 cg=2 phase=phase2 kind=exact best_rc=-0.0 found=0 added=0 exhausted=True cert=True
[clean-BPC   413.31s] route-pack-conflict diag node 0 source_vehicle=1 routes=5 U=4 complete=True cache_hit=True states=110 added=0
[clean-BPC   414.39s] route-pack-conflict diag node 0 source_vehicle=1 routes=5 U=4 complete=True cache_hit=True states=98 added=0
[clean-BPC   425.55s] rim-conflict diag node 0 conflicts=14 pair_events=0 pair_cuts=0 schedcap_events=0 schedcap_cuts=0 routepack_events=2 routepack_cuts=0 routepack_cache=2 routepack_states_max=110 routepack_budget_skip=12 nogood_events=0 nogood_cuts=0 weak_skip=14
[clean-BPC    20.08s] restricted-MIP node 0 status=TIME_LIMIT obj=None accepted=False routes=2590 rejected=14 pair=0 ng=20 route_pack=8 sched_cap=0 added_cuts=0 time=20.077985
[clean-BPC   434.01s] branch node 0: left=arc(12,6)=off right=arc(12,6)=on
[clean-BPC   434.01s] node 1 d=1 lb=228.185935 open=1
[clean-BPC   434.36s] node 1 cg=1 phase=phase1 obj=0.0 artificial=0.0 cols=2590
[clean-BPC   434.74s] node 1 cg=2 phase=phase2 obj=228.185935 artificial=0.0 cols=2590
[clean-BPC   438.85s] node 1 cg=2 phase=phase2 kind=heuristic best_rc=-0.4902875 found=3 added=3 exhausted=False cert=False
[clean-BPC   439.22s] node 1 cg=3 phase=phase2 obj=228.185935 artificial=0.0 cols=2593
[clean-BPC   443.46s] node 1 cg=3 phase=phase2 kind=heuristic best_rc=-0.090607938 found=2 added=2 exhausted=False cert=False
[clean-BPC   443.84s] node 1 cg=4 phase=phase2 obj=228.185935 artificial=0.0 cols=2595
[clean-BPC   447.96s] node 1 cg=4 phase=phase2 kind=heuristic best_rc=-0.170096 found=3 added=3 exhausted=False cert=False
[clean-BPC   448.35s] node 1 cg=5 phase=phase2 obj=228.185935 artificial=0.0 cols=2598
[clean-BPC   452.45s] node 1 cg=5 phase=phase2 kind=heuristic best_rc=-0.29186 found=2 added=2 exhausted=False cert=False
[clean-BPC   452.84s] node 1 cg=6 phase=phase2 obj=228.185935 artificial=0.0 cols=2600
[clean-BPC   456.92s] node 1 cg=6 phase=phase2 kind=heuristic best_rc=-0.0 found=0 added=0 exhausted=False cert=False
[clean-BPC   469.61s] node 1 cg=6 phase=phase2 kind=heuristic_boost best_rc=-0.0 found=0 added=0 exhausted=True cert=True
[clean-BPC   469.62s] route-pack diag node 1 round=1 vehicles=1/2 support_max=7 cand=11 oracle=11 incomplete=0 not_tight=3 not_viol=0 dup=0 violated=8 added=5 max_viol=2.0 states_max=260
[clean-BPC   469.62s] cut_added family=schedule_route_set_packing node=1 added=5 first(vehicle=1, routes=7, U=3, y=1.0, viol=2.0, states=260)
[clean-BPC   470.01s] node 1 cg=7 phase=phase2 obj=228.29511 artificial=0.0 cols=2600
[clean-BPC   474.26s] node 1 cg=7 phase=phase2 kind=heuristic best_rc=-0.121348541 found=5 added=5 exhausted=False cert=False
[clean-BPC   474.66s] node 1 cg=8 phase=phase2 obj=228.266075 artificial=0.0 cols=2605
[clean-BPC   474.66s] cut_purged node=1 removed=8 by_kind={'subset_row': 8} remaining=56
[clean-BPC   475.02s] node 1 cg=9 phase=phase2 obj=228.266075 artificial=0.0 cols=2605
[clean-BPC   475.02s] cut_purged node=1 removed=1 by_kind={'schedule_nogood_core': 1} remaining=55
[clean-BPC   475.38s] node 1 cg=10 phase=phase2 obj=228.266075 artificial=0.0 cols=2605
[clean-BPC   475.38s] cut_purged node=1 removed=2 by_kind={'subset_row': 2} remaining=53
[clean-BPC   475.72s] node 1 cg=11 phase=phase2 obj=228.266075 artificial=0.0 cols=2605
[clean-BPC   480.11s] node 1 cg=11 phase=phase2 kind=heuristic best_rc=-0.0 found=0 added=0 exhausted=False cert=False
[clean-BPC   494.07s] node 1 cg=11 phase=phase2 kind=heuristic_boost best_rc=-0.0 found=0 added=0 exhausted=True cert=True
[clean-BPC   494.37s] route-pack diag node 1 round=2 vehicles=2/2 support_max=31 cand=48 oracle=48 incomplete=0 not_tight=8 not_viol=35 dup=0 violated=5 added=5 max_viol=1.0 states_max=15118
[clean-BPC   494.37s] cut_added family=schedule_route_set_packing node=1 added=5 first(vehicle=2, routes=5, U=3, y=0.5, viol=1.0, states=97)
[clean-BPC   494.71s] node 1 cg=12 phase=phase2 obj=228.266075 artificial=0.0 cols=2605
[clean-BPC   499.23s] node 1 cg=12 phase=phase2 kind=heuristic best_rc=-0.0 found=0 added=0 exhausted=False cert=False
[clean-BPC   513.40s] node 1 cg=12 phase=phase2 kind=heuristic_boost best_rc=-0.0 found=0 added=0 exhausted=True cert=True
[clean-BPC   533.45s] route-pack-conflict diag node 1 source_vehicle=1 routes=5 U=4 complete=True cache_hit=False states=96 added=0
[clean-BPC   534.42s] route-pack-conflict diag node 1 source_vehicle=1 routes=5 U=4 complete=True cache_hit=False states=93 added=0
[clean-BPC   547.01s] rim-conflict diag node 1 conflicts=13 pair_events=0 pair_cuts=0 schedcap_events=0 schedcap_cuts=0 routepack_events=2 routepack_cuts=0 routepack_cache=0 routepack_states_max=96 routepack_budget_skip=11 nogood_events=0 nogood_cuts=0 weak_skip=13
[clean-BPC    20.04s] restricted-MIP node 1 status=TIME_LIMIT obj=None accepted=False routes=2605 rejected=13 pair=0 ng=24 route_pack=2 sched_cap=0 added_cuts=0 time=20.03568
[clean-BPC   553.24s] branch node 1: left=task_vehicle(11,1)=off right=task_vehicle(11,1)=on
[clean-BPC   553.24s] node 2 d=1 lb=228.185935 open=2
[clean-BPC   553.56s] node 2 cg=1 phase=phase1 obj=0.0 artificial=0.0 cols=2605
[clean-BPC   553.89s] node 2 cg=2 phase=phase2 obj=228.185935 artificial=0.0 cols=2605
[clean-BPC   558.21s] node 2 cg=2 phase=phase2 kind=heuristic best_rc=-0.075788 found=2 added=2 exhausted=False cert=False
[clean-BPC   558.54s] node 2 cg=3 phase=phase2 obj=228.185935 artificial=0.0 cols=2607
[clean-BPC   562.86s] node 2 cg=3 phase=phase2 kind=heuristic best_rc=-0.6427825 found=16 added=16 exhausted=False cert=False
[clean-BPC   563.17s] node 2 cg=4 phase=phase2 obj=228.185935 artificial=0.0 cols=2623
[clean-BPC   567.62s] node 2 cg=4 phase=phase2 kind=heuristic best_rc=-0.1408495 found=2 added=2 exhausted=False cert=False
[clean-BPC   567.95s] node 2 cg=5 phase=phase2 obj=228.185935 artificial=0.0 cols=2625
[clean-BPC   571.87s] node 2 cg=5 phase=phase2 kind=heuristic best_rc=-0.2356308 found=5 added=5 exhausted=False cert=False
[clean-BPC   572.21s] node 2 cg=6 phase=phase2 obj=228.185935 artificial=0.0 cols=2630
[clean-BPC   576.77s] node 2 cg=6 phase=phase2 kind=heuristic best_rc=-0.508303 found=4 added=4 exhausted=False cert=False
[clean-BPC   577.11s] node 2 cg=7 phase=phase2 obj=228.185935 artificial=0.0 cols=2634
[clean-BPC   581.40s] node 2 cg=7 phase=phase2 kind=heuristic best_rc=-0.0 found=0 added=0 exhausted=False cert=False
[clean-BPC   595.84s] node 2 cg=7 phase=phase2 kind=heuristic_boost best_rc=-0.0 found=0 added=0 exhausted=True cert=True
[clean-BPC   595.85s] route-pack diag node 2 round=1 vehicles=2/2 support_max=5 cand=14 oracle=14 incomplete=0 not_tight=8 not_viol=0 dup=0 violated=6 added=5 max_viol=0.5 states_max=96
[clean-BPC   595.85s] cut_added family=schedule_route_set_packing node=2 added=5 first(vehicle=1, routes=5, U=4, y=0.5, viol=0.5, states=93)
[clean-BPC   596.19s] node 2 cg=8 phase=phase2 obj=228.185935 artificial=0.0 cols=2634
[clean-BPC   600.67s] node 2 cg=8 phase=phase2 kind=heuristic best_rc=-0.008869778 found=2 added=2 exhausted=False cert=False
[clean-BPC   601.01s] node 2 cg=9 phase=phase2 obj=228.185935 artificial=0.0 cols=2636
[clean-BPC   605.36s] node 2 cg=9 phase=phase2 kind=heuristic best_rc=-0.0 found=0 added=0 exhausted=False cert=False
[clean-BPC   625.98s] node 2 cg=9 phase=phase2 kind=heuristic_boost best_rc=-0.0 found=0 added=0 exhausted=True cert=True
[clean-BPC   625.98s] route-pack diag node 2 round=2 vehicles=1/2 support_max=5 cand=7 oracle=7 incomplete=0 not_tight=3 not_viol=0 dup=0 violated=4 added=4 max_viol=2.0 states_max=94
[clean-BPC   625.98s] cut_added family=schedule_route_set_packing node=2 added=4 first(vehicle=1, routes=5, U=3, y=1.0, viol=2.0, states=94)
[clean-BPC   626.31s] node 2 cg=10 phase=phase2 obj=228.185935 artificial=0.0 cols=2636
[clean-BPC   630.82s] node 2 cg=10 phase=phase2 kind=heuristic best_rc=-0.0 found=0 added=0 exhausted=False cert=False
[clean-BPC   651.87s] node 2 cg=10 phase=phase2 kind=heuristic_boost best_rc=-0.0 found=0 added=0 exhausted=True cert=True
[clean-BPC   672.83s] route-pack-conflict diag node 2 source_vehicle=1 routes=5 U=4 complete=True cache_hit=False states=98 added=0
[clean-BPC   673.91s] route-pack-conflict diag node 2 source_vehicle=1 routes=5 U=4 complete=True cache_hit=False states=98 added=0
[clean-BPC   685.71s] rim-conflict diag node 2 conflicts=12 pair_events=0 pair_cuts=0 schedcap_events=0 schedcap_cuts=0 routepack_events=2 routepack_cuts=0 routepack_cache=0 routepack_states_max=98 routepack_budget_skip=10 nogood_events=0 nogood_cuts=0 weak_skip=12
[clean-BPC    20.95s] restricted-MIP node 2 status=TIME_LIMIT obj=None accepted=False routes=2636 rejected=12 pair=0 ng=24 route_pack=0 sched_cap=0 added_cuts=0 time=20.949201
[clean-BPC   692.22s] branch node 2: left=task_vehicle(17,1)=off right=task_vehicle(17,1)=on
[clean-BPC   692.22s] node 5 d=2 lb=228.185935 open=3
[clean-BPC   692.51s] node 5 cg=1 phase=phase1 obj=0.0 artificial=0.0 cols=2636
[clean-BPC   692.82s] node 5 cg=2 phase=phase2 obj=328.185935 artificial=0.0 cols=2636
[clean-BPC   696.94s] node 5 cg=2 phase=phase2 kind=heuristic best_rc=-0.1407525 found=2 added=2 exhausted=False cert=False
[clean-BPC   697.26s] node 5 cg=3 phase=phase2 obj=328.185935 artificial=0.0 cols=2638
[clean-BPC   701.42s] node 5 cg=3 phase=phase2 kind=heuristic best_rc=-0.0 found=0 added=0 exhausted=False cert=False
[clean-BPC   714.56s] node 5 cg=3 phase=phase2 kind=heuristic_boost best_rc=-0.0 found=0 added=0 exhausted=True cert=True
[clean-BPC   714.56s] route-pack diag node 5 round=1 vehicles=2/2 support_max=3 cand=4 oracle=4 incomplete=0 not_tight=4 not_viol=0 dup=0 violated=0 added=0 max_viol=0.0 states_max=10
[clean-BPC   714.56s] fathom node 5: reason=bound_after_schedule_pack bound=328.185935
[clean-BPC   714.56s] node 6 d=2 lb=228.185935 open=2
[clean-BPC   714.84s] node 6 cg=1 phase=phase1 obj=0.0 artificial=0.0 cols=2638
[clean-BPC   715.16s] node 6 cg=2 phase=phase2 obj=228.185935 artificial=0.0 cols=2638
[clean-BPC   719.17s] node 6 cg=2 phase=phase2 kind=heuristic best_rc=-0.164456481 found=2 added=2 exhausted=False cert=False
[clean-BPC   719.47s] node 6 cg=3 phase=phase2 obj=228.185935 artificial=0.0 cols=2640
[clean-BPC   723.54s] node 6 cg=3 phase=phase2 kind=heuristic best_rc=-0.0 found=0 added=0 exhausted=False cert=False
[clean-BPC   736.22s] node 6 cg=3 phase=phase2 kind=heuristic_boost best_rc=-1.57022148 found=66 added=66 exhausted=True cert=True
[clean-BPC   736.54s] node 6 cg=4 phase=phase2 obj=228.185935 artificial=0.0 cols=2706
[clean-BPC   740.83s] node 6 cg=4 phase=phase2 kind=heuristic best_rc=0.0 found=0 added=0 exhausted=False cert=False
[clean-BPC   760.03s] node 6 cg=4 phase=phase2 kind=heuristic_boost best_rc=-1.456367125 found=69 added=69 exhausted=True cert=True
[clean-BPC   760.36s] node 6 cg=5 phase=phase2 obj=228.185935 artificial=0.0 cols=2775
[clean-BPC   764.35s] node 6 cg=5 phase=phase2 kind=heuristic best_rc=-0.0 found=0 added=0 exhausted=False cert=False
[clean-BPC   777.36s] node 6 cg=5 phase=phase2 kind=heuristic_boost best_rc=-0.92236 found=12 added=12 exhausted=True cert=True
[clean-BPC   777.70s] node 6 cg=6 phase=phase2 obj=228.185935 artificial=0.0 cols=2787
[clean-BPC   781.98s] node 6 cg=6 phase=phase2 kind=heuristic best_rc=-0.0 found=0 added=0 exhausted=False cert=False
[clean-BPC   795.41s] node 6 cg=6 phase=phase2 kind=heuristic_boost best_rc=-0.29866975 found=2 added=2 exhausted=True cert=True
[clean-BPC   795.74s] node 6 cg=7 phase=phase2 obj=228.185935 artificial=0.0 cols=2789
[clean-BPC   800.07s] node 6 cg=7 phase=phase2 kind=heuristic best_rc=-0.0 found=0 added=0 exhausted=False cert=False
[clean-BPC   813.43s] node 6 cg=7 phase=phase2 kind=heuristic_boost best_rc=-0.001909308 found=2 added=2 exhausted=True cert=True
[clean-BPC   813.76s] node 6 cg=8 phase=phase2 obj=228.185935 artificial=0.0 cols=2791
[clean-BPC   818.14s] node 6 cg=8 phase=phase2 kind=heuristic best_rc=-0.0 found=0 added=0 exhausted=False cert=False
[clean-BPC   837.02s] node 6 cg=8 phase=phase2 kind=heuristic_boost best_rc=-0.0 found=0 added=0 exhausted=True cert=True
[clean-BPC   837.02s] route-pack diag node 6 round=1 vehicles=1/2 support_max=7 cand=11 oracle=11 incomplete=0 not_tight=4 not_viol=2 dup=0 violated=5 added=5 max_viol=1.0 states_max=296
[clean-BPC   837.02s] cut_added family=schedule_route_set_packing node=6 added=5 first(vehicle=1, routes=7, U=4, y=1.0, viol=1.0, states=296)
[clean-BPC   837.37s] node 6 cg=9 phase=phase2 obj=228.362626 artificial=0.0 cols=2791
[clean-BPC   841.72s] node 6 cg=9 phase=phase2 kind=heuristic best_rc=-0.0 found=0 added=0 exhausted=False cert=False
[clean-BPC   861.04s] node 6 cg=9 phase=phase2 kind=heuristic_boost best_rc=-0.0 found=0 added=0 exhausted=True cert=True
[clean-BPC   861.32s] route-pack diag node 6 round=2 vehicles=1/2 support_max=20 cand=35 oracle=35 incomplete=0 not_tight=4 not_viol=20 dup=0 violated=11 added=5 max_viol=0.7307692307692291 states_max=12600
[clean-BPC   861.32s] cut_added family=schedule_route_set_packing node=6 added=5 first(vehicle=1, routes=16, U=4, y=1.0, viol=0.730769231, states=7231)
[clean-BPC   861.66s] node 6 cg=10 phase=phase2 obj=228.362626 artificial=0.0 cols=2791
[clean-BPC   866.09s] node 6 cg=10 phase=phase2 kind=heuristic best_rc=-0.002125846 found=1 added=1 exhausted=False cert=False
[clean-BPC   866.42s] node 6 cg=11 phase=phase2 obj=228.362626 artificial=0.0 cols=2792
[clean-BPC   870.74s] node 6 cg=11 phase=phase2 kind=heuristic best_rc=-0.189862615 found=1 added=1 exhausted=False cert=False
[clean-BPC   871.09s] node 6 cg=12 phase=phase2 obj=228.362626 artificial=0.0 cols=2793
[clean-BPC   875.41s] node 6 cg=12 phase=phase2 kind=heuristic best_rc=-0.012409115 found=1 added=1 exhausted=False cert=False
[clean-BPC   875.76s] node 6 cg=13 phase=phase2 obj=228.362626 artificial=0.0 cols=2794
[clean-BPC   880.03s] node 6 cg=13 phase=phase2 kind=heuristic best_rc=-0.000249577 found=4 added=4 exhausted=False cert=False
[clean-BPC   880.38s] node 6 cg=14 phase=phase2 obj=228.362626 artificial=0.0 cols=2798
[clean-BPC   884.71s] node 6 cg=14 phase=phase2 kind=heuristic best_rc=-0.0 found=0 added=0 exhausted=False cert=False
[clean-BPC   903.98s] node 6 cg=14 phase=phase2 kind=heuristic_boost best_rc=-0.0 found=0 added=0 exhausted=True cert=True
[clean-BPC   903.99s] cut_added family=schedule_incompatibility node=6 added=3 pair=1 clique=2 first(kind=schedule_clique_conflict, vehicle=1, routes=5, U=1.0, y=1.0, viol=0.230769231)
[clean-BPC   904.35s] node 6 cg=15 phase=phase2 obj=228.362626 artificial=0.0 cols=2798
[clean-BPC   908.62s] node 6 cg=15 phase=phase2 kind=heuristic best_rc=0.0 found=0 added=0 exhausted=False cert=False
[clean-BPC   927.46s] node 6 cg=15 phase=phase2 kind=heuristic_boost best_rc=0.0 found=0 added=0 exhausted=True cert=True
[clean-BPC   947.50s] route-pack-conflict diag node 6 source_vehicle=1 routes=5 U=4 complete=True cache_hit=False states=98 added=0
[clean-BPC   948.59s] route-pack-conflict diag node 6 source_vehicle=1 routes=5 U=4 complete=True cache_hit=False states=110 added=0
[clean-BPC   959.42s] rim-conflict diag node 6 conflicts=11 pair_events=0 pair_cuts=0 schedcap_events=0 schedcap_cuts=0 routepack_events=2 routepack_cuts=0 routepack_cache=0 routepack_states_max=110 routepack_budget_skip=9 nogood_events=0 nogood_cuts=0 weak_skip=11
[clean-BPC    20.03s] restricted-MIP node 6 status=TIME_LIMIT obj=None accepted=False routes=2798 rejected=11 pair=0 ng=22 route_pack=0 sched_cap=0 added_cuts=0 time=20.034799
[clean-BPC   968.45s] branch node 6: left=arc(5,3)=off right=arc(5,3)=on
[clean-BPC   968.45s] node 4 d=2 lb=228.266075 open=3
[clean-BPC   968.77s] node 4 cg=1 phase=phase1 obj=0.0 artificial=0.0 cols=2798
[clean-BPC   969.10s] node 4 cg=2 phase=phase2 obj=228.346215 artificial=0.0 cols=2798
[clean-BPC   973.39s] node 4 cg=2 phase=phase2 kind=heuristic best_rc=0.0 found=0 added=0 exhausted=False cert=False
[clean-BPC   986.02s] node 4 cg=2 phase=phase2 kind=heuristic_boost best_rc=-0.868238176 found=25 added=25 exhausted=True cert=True
[clean-BPC   986.36s] node 4 cg=3 phase=phase2 obj=228.346215 artificial=0.0 cols=2823
[clean-BPC   990.70s] node 4 cg=3 phase=phase2 kind=heuristic best_rc=0.0 found=0 added=0 exhausted=False cert=False
[clean-BPC  1003.61s] node 4 cg=3 phase=phase2 kind=heuristic_boost best_rc=-0.931141429 found=7 added=7 exhausted=True cert=True
[clean-BPC  1003.94s] node 4 cg=4 phase=phase2 obj=228.346215 artificial=0.0 cols=2830
[clean-BPC  1008.35s] node 4 cg=4 phase=phase2 kind=heuristic best_rc=-0.0 found=0 added=0 exhausted=False cert=False
[clean-BPC  1021.33s] node 4 cg=4 phase=phase2 kind=heuristic_boost best_rc=-0.213576466 found=7 added=7 exhausted=True cert=True
[clean-BPC  1021.67s] node 4 cg=5 phase=phase2 obj=228.346215 artificial=0.0 cols=2837
[clean-BPC  1025.95s] node 4 cg=5 phase=phase2 kind=heuristic best_rc=-0.0 found=0 added=0 exhausted=False cert=False
[clean-BPC  1038.81s] node 4 cg=5 phase=phase2 kind=heuristic_boost best_rc=-0.739132593 found=8 added=8 exhausted=True cert=True
[clean-BPC  1039.15s] node 4 cg=6 phase=phase2 obj=228.346215 artificial=0.0 cols=2845
[clean-BPC  1043.47s] node 4 cg=6 phase=phase2 kind=heuristic best_rc=-0.0 found=0 added=0 exhausted=False cert=False
[clean-BPC  1056.15s] node 4 cg=6 phase=phase2 kind=heuristic_boost best_rc=-0.0 found=0 added=0 exhausted=True cert=True
[clean-BPC  1056.46s] route-pack diag node 4 round=1 vehicles=1/2 support_max=32 cand=40 oracle=40 incomplete=0 not_tight=4 not_viol=33 dup=0 violated=3 added=3 max_viol=0.5178571428571428 states_max=14729
[clean-BPC  1056.46s] cut_added family=schedule_route_set_packing node=4 added=3 first(vehicle=1, routes=4, U=2, y=1.0, viol=0.517857143, states=36)
[clean-BPC  1056.79s] node 4 cg=7 phase=phase2 obj=228.346215 artificial=0.0 cols=2845
[clean-BPC  1061.15s] node 4 cg=7 phase=phase2 kind=heuristic best_rc=-0.0 found=0 added=0 exhausted=False cert=False
[clean-BPC  1073.88s] node 4 cg=7 phase=phase2 kind=heuristic_boost best_rc=-0.0 found=0 added=0 exhausted=True cert=True
[clean-BPC  1074.15s] route-pack diag node 4 round=2 vehicles=1/2 support_max=33 cand=40 oracle=40 incomplete=0 not_tight=4 not_viol=33 dup=0 violated=3 added=3 max_viol=0.5178571428571428 states_max=13769
[clean-BPC  1074.15s] cut_added family=schedule_route_set_packing node=4 added=3 first(vehicle=1, routes=9, U=3, y=1.0, viol=0.517857143, states=804)
[clean-BPC  1074.49s] node 4 cg=8 phase=phase2 obj=228.346215 artificial=0.0 cols=2845
[clean-BPC  1078.83s] node 4 cg=8 phase=phase2 kind=heuristic best_rc=-0.0 found=0 added=0 exhausted=False cert=False
[clean-BPC  1091.99s] node 4 cg=8 phase=phase2 kind=heuristic_boost best_rc=-0.390095964 found=6 added=6 exhausted=True cert=True
[clean-BPC  1092.32s] node 4 cg=9 phase=phase2 obj=228.346215 artificial=0.0 cols=2851
[clean-BPC  1096.74s] node 4 cg=9 phase=phase2 kind=heuristic best_rc=-0.0 found=0 added=0 exhausted=False cert=False
[clean-BPC  1109.80s] node 4 cg=9 phase=phase2 kind=heuristic_boost best_rc=-0.0 found=0 added=0 exhausted=True cert=True
[clean-BPC  1109.81s] cut_added family=schedule_incompatibility node=4 added=1 pair=0 clique=1 first(kind=schedule_clique_conflict, vehicle=1, routes=3, U=1.0, y=1.0, viol=0.053571429)
[clean-BPC  1110.14s] node 4 cg=10 phase=phase2 obj=228.346215 artificial=0.0 cols=2851
[clean-BPC  1114.59s] node 4 cg=10 phase=phase2 kind=heuristic best_rc=-0.0 found=0 added=0 exhausted=False cert=False
[clean-BPC  1127.78s] node 4 cg=10 phase=phase2 kind=heuristic_boost best_rc=-0.0 found=0 added=0 exhausted=True cert=True
[clean-BPC  1147.82s] route-pack-conflict diag node 4 source_vehicle=1 routes=5 U=4 complete=True cache_hit=False states=100 added=0
[clean-BPC  1148.92s] route-pack-conflict diag node 4 source_vehicle=1 routes=5 U=4 complete=True cache_hit=False states=100 added=0
[clean-BPC  1159.87s] rim-conflict diag node 4 conflicts=11 pair_events=0 pair_cuts=0 schedcap_events=0 schedcap_cuts=0 routepack_events=2 routepack_cuts=0 routepack_cache=0 routepack_states_max=100 routepack_budget_skip=9 nogood_events=0 nogood_cuts=0 weak_skip=11
[clean-BPC    20.03s] restricted-MIP node 4 status=TIME_LIMIT obj=None accepted=False routes=2851 rejected=11 pair=0 ng=22 route_pack=0 sched_cap=0 added_cuts=0 time=20.027022
[clean-BPC  1167.32s] branch node 4: left=arc(3,5)=off right=arc(3,5)=on
[clean-BPC  1167.32s] node 3 d=2 lb=228.266075 open=4
[clean-BPC  1167.63s] node 3 cg=1 phase=phase1 obj=0.0 artificial=0.0 cols=2851
[clean-BPC  1167.98s] node 3 cg=2 phase=phase2 obj=328.185935 artificial=0.0 cols=2851
[clean-BPC  1171.91s] node 3 cg=2 phase=phase2 kind=heuristic best_rc=-0.0 found=0 added=0 exhausted=False cert=False
[clean-BPC  1187.89s] node 3 cg=2 phase=phase2 kind=heuristic_boost best_rc=-0.0 found=0 added=0 exhausted=True cert=True
[clean-BPC  1187.89s] route-pack diag node 3 round=1 vehicles=2/2 support_max=3 cand=4 oracle=4 incomplete=0 not_tight=4 not_viol=0 dup=0 violated=0 added=0 max_viol=0.0 states_max=10
[clean-BPC  1187.89s] fathom node 3: reason=bound_after_schedule_pack bound=328.185935
[clean-BPC  1187.89s] node 9 d=3 lb=228.346215 open=3
[clean-BPC  1188.22s] node 9 cg=1 phase=phase1 obj=0.0 artificial=0.0 cols=2851
[clean-BPC  1188.55s] node 9 cg=2 phase=phase2 obj=228.404286 artificial=0.0 cols=2851
[clean-BPC  1192.85s] node 9 cg=2 phase=phase2 kind=heuristic best_rc=-0.0 found=0 added=0 exhausted=False cert=False
[clean-BPC  1205.43s] node 9 cg=2 phase=phase2 kind=heuristic_boost best_rc=-0.405818847 found=4 added=4 exhausted=True cert=True
[clean-BPC  1205.79s] node 9 cg=3 phase=phase2 obj=228.404286 artificial=0.0 cols=2855
[clean-BPC  1210.05s] node 9 cg=3 phase=phase2 kind=heuristic best_rc=-0.0 found=0 added=0 exhausted=False cert=False
[clean-BPC  1222.67s] node 9 cg=3 phase=phase2 kind=heuristic_boost best_rc=-0.0 found=0 added=0 exhausted=True cert=True
[clean-BPC  1242.68s] route-pack-conflict diag node 9 source_vehicle=1 routes=5 U=4 complete=True cache_hit=False states=100 added=0
[clean-BPC  1243.78s] route-pack-conflict diag node 9 source_vehicle=1 routes=5 U=4 complete=True cache_hit=False states=100 added=0
[clean-BPC  1254.26s] rim-conflict diag node 9 conflicts=13 pair_events=0 pair_cuts=0 schedcap_events=0 schedcap_cuts=0 routepack_events=2 routepack_cuts=0 routepack_cache=0 routepack_states_max=100 routepack_budget_skip=11 nogood_events=0 nogood_cuts=0 weak_skip=13
[clean-BPC    20.00s] restricted-MIP node 9 status=TIME_LIMIT obj=None accepted=False routes=2855 rejected=13 pair=0 ng=20 route_pack=6 sched_cap=0 added_cuts=0 time=20.000329
[clean-BPC  1259.03s] branch node 9: left=RF(4,11)=separate right=RF(4,11)=same
[clean-BPC  1259.03s] node 10 d=3 lb=228.346215 open=4
[clean-BPC  1259.35s] node 10 cg=1 phase=phase1 obj=0.0 artificial=0.0 cols=2855
[clean-BPC  1259.70s] node 10 cg=2 phase=phase2 obj=228.502477 artificial=0.0 cols=2855
[clean-BPC  1263.72s] node 10 cg=2 phase=phase2 kind=heuristic best_rc=-0.157163267 found=7 added=7 exhausted=False cert=False
[clean-BPC  1264.07s] node 10 cg=3 phase=phase2 obj=228.502477 artificial=0.0 cols=2862
[clean-BPC  1268.15s] node 10 cg=3 phase=phase2 kind=heuristic best_rc=-0.0363092 found=2 added=2 exhausted=False cert=False
[clean-BPC  1268.50s] node 10 cg=4 phase=phase2 obj=228.502477 artificial=0.0 cols=2864
[clean-BPC  1272.57s] node 10 cg=4 phase=phase2 kind=heuristic best_rc=-0.0 found=0 added=0 exhausted=False cert=False
[clean-BPC  1289.67s] node 10 cg=4 phase=phase2 kind=heuristic_boost best_rc=-0.328497733 found=8 added=8 exhausted=True cert=True
[clean-BPC  1290.03s] node 10 cg=5 phase=phase2 obj=228.502477 artificial=0.0 cols=2872
[clean-BPC  1294.20s] node 10 cg=5 phase=phase2 kind=heuristic best_rc=-0.0 found=0 added=0 exhausted=False cert=False
[clean-BPC  1311.71s] node 10 cg=5 phase=phase2 kind=heuristic_boost best_rc=-0.517182533 found=13 added=13 exhausted=True cert=True
[clean-BPC  1312.05s] node 10 cg=6 phase=phase2 obj=228.502477 artificial=0.0 cols=2885
[clean-BPC  1316.06s] node 10 cg=6 phase=phase2 kind=heuristic best_rc=-0.0 found=0 added=0 exhausted=False cert=False
[clean-BPC  1333.05s] node 10 cg=6 phase=phase2 kind=heuristic_boost best_rc=-0.062330914 found=3 added=3 exhausted=True cert=True
[clean-BPC  1333.40s] node 10 cg=7 phase=phase2 obj=228.502477 artificial=0.0 cols=2888
[clean-BPC  1337.50s] node 10 cg=7 phase=phase2 kind=heuristic best_rc=-0.0 found=0 added=0 exhausted=False cert=False
[clean-BPC  1354.60s] node 10 cg=7 phase=phase2 kind=heuristic_boost best_rc=-0.0 found=0 added=0 exhausted=True cert=True
[clean-BPC  1374.68s] route-pack-conflict diag node 10 source_vehicle=1 routes=5 U=4 complete=True cache_hit=False states=112 added=0
[clean-BPC  1375.78s] route-pack-conflict diag node 10 source_vehicle=1 routes=5 U=4 complete=True cache_hit=False states=112 added=0
[clean-BPC  1387.01s] rim-conflict diag node 10 conflicts=15 pair_events=0 pair_cuts=0 schedcap_events=0 schedcap_cuts=0 routepack_events=2 routepack_cuts=0 routepack_cache=0 routepack_states_max=112 routepack_budget_skip=13 nogood_events=0 nogood_cuts=0 weak_skip=15
[clean-BPC    20.08s] restricted-MIP node 10 status=TIME_LIMIT obj=None accepted=False routes=2888 rejected=15 pair=0 ng=22 route_pack=8 sched_cap=0 added_cuts=0 time=20.077854
[clean-BPC  1392.48s] branch node 10: left=arc(8,3)=off right=arc(8,3)=on
[clean-BPC  1392.48s] node 7 d=3 lb=228.362626 open=5
[clean-BPC  1392.82s] node 7 cg=1 phase=phase1 obj=0.0 artificial=0.0 cols=2888
[clean-BPC  1393.17s] node 7 cg=2 phase=phase2 obj=228.473059 artificial=0.0 cols=2888
[clean-BPC  1397.50s] node 7 cg=2 phase=phase2 kind=heuristic best_rc=-0.0070995 found=2 added=2 exhausted=False cert=False
[clean-BPC  1397.85s] node 7 cg=3 phase=phase2 obj=228.465959 artificial=0.0 cols=2890
[clean-BPC  1402.19s] node 7 cg=3 phase=phase2 kind=heuristic best_rc=-0.0 found=0 added=0 exhausted=False cert=False
[clean-BPC  1421.37s] node 7 cg=3 phase=phase2 kind=heuristic_boost best_rc=-1.78346 found=43 added=43 exhausted=True cert=True
[clean-BPC  1421.74s] node 7 cg=4 phase=phase2 obj=228.465959 artificial=0.0 cols=2933
[clean-BPC  1426.01s] node 7 cg=4 phase=phase2 kind=heuristic best_rc=-0.0 found=0 added=0 exhausted=False cert=False
[clean-BPC  1445.20s] node 7 cg=4 phase=phase2 kind=heuristic_boost best_rc=-0.8827296 found=14 added=14 exhausted=True cert=True
[clean-BPC  1445.59s] node 7 cg=5 phase=phase2 obj=228.465959 artificial=0.0 cols=2947
[clean-BPC  1449.83s] node 7 cg=5 phase=phase2 kind=heuristic best_rc=-0.0 found=0 added=0 exhausted=False cert=False
[clean-BPC  1468.68s] node 7 cg=5 phase=phase2 kind=heuristic_boost best_rc=-0.0 found=0 added=0 exhausted=True cert=True
[clean-BPC  1489.20s] route-pack-conflict diag node 7 source_vehicle=1 routes=5 U=4 complete=True cache_hit=False states=105 added=0
[clean-BPC  1490.18s] route-pack-conflict diag node 7 source_vehicle=1 routes=5 U=4 complete=True cache_hit=False states=105 added=0
[clean-BPC  1494.14s] cut_added family=schedule_nogood_core node=7 added=1 source_vehicle=1 route_count=3 signatures=[[19, 20, 16, 1], [2, 7, 17], [3, 8, 5]]
[clean-BPC  1500.60s] rim-conflict diag node 7 conflicts=11 pair_events=0 pair_cuts=0 schedcap_events=0 schedcap_cuts=0 routepack_events=2 routepack_cuts=0 routepack_cache=0 routepack_states_max=105 routepack_budget_skip=9 nogood_events=1 nogood_cuts=1 weak_skip=10
[clean-BPC    20.51s] restricted-MIP node 7 status=TIME_LIMIT obj=None accepted=False routes=2947 rejected=11 pair=0 ng=22 route_pack=0 sched_cap=0 added_cuts=1 time=20.508524
[clean-BPC  1500.60s] node 8 d=3 lb=228.362626 open=5
[clean-BPC  1500.95s] node 8 cg=1 phase=phase1 obj=0.0 artificial=0.0 cols=2947
[clean-BPC  1501.35s] node 8 cg=2 phase=phase2 obj=228.533603 artificial=0.0 cols=2947
[clean-BPC  1505.53s] node 8 cg=2 phase=phase2 kind=heuristic best_rc=-0.2490695 found=1 added=1 exhausted=False cert=False
[clean-BPC  1505.91s] node 8 cg=3 phase=phase2 obj=228.533603 artificial=0.0 cols=2948
[clean-BPC  1510.37s] node 8 cg=3 phase=phase2 kind=heuristic best_rc=-0.0 found=0 added=0 exhausted=False cert=False
[clean-BPC  1529.81s] node 8 cg=3 phase=phase2 kind=heuristic_boost best_rc=-0.804624135 found=12 added=12 exhausted=True cert=True
[clean-BPC  1530.20s] node 8 cg=4 phase=phase2 obj=228.533603 artificial=0.0 cols=2960
[clean-BPC  1534.51s] node 8 cg=4 phase=phase2 kind=heuristic best_rc=-0.01632425 found=2 added=2 exhausted=False cert=False
[clean-BPC  1534.89s] node 8 cg=5 phase=phase2 obj=228.533603 artificial=0.0 cols=2962
[clean-BPC  1539.13s] node 8 cg=5 phase=phase2 kind=heuristic best_rc=0.0 found=0 added=0 exhausted=False cert=False
[clean-BPC  1552.61s] node 8 cg=5 phase=phase2 kind=heuristic_boost best_rc=-0.8028745 found=8 added=8 exhausted=True cert=True
[clean-BPC  1552.99s] node 8 cg=6 phase=phase2 obj=228.533603 artificial=0.0 cols=2970
[clean-BPC  1557.51s] node 8 cg=6 phase=phase2 kind=heuristic best_rc=-0.0 found=0 added=0 exhausted=False cert=False
[clean-BPC  1571.73s] node 8 cg=6 phase=phase2 kind=heuristic_boost best_rc=-0.0 found=0 added=0 exhausted=True cert=True
[clean-BPC  1591.79s] route-pack-conflict diag node 8 source_vehicle=1 routes=5 U=4 complete=True cache_hit=True states=110 added=0
[clean-BPC  1592.86s] route-pack-conflict diag node 8 source_vehicle=1 routes=5 U=4 complete=True cache_hit=True states=110 added=0
[clean-BPC  1603.30s] rim-conflict diag node 8 conflicts=13 pair_events=0 pair_cuts=0 schedcap_events=0 schedcap_cuts=0 routepack_events=2 routepack_cuts=0 routepack_cache=2 routepack_states_max=110 routepack_budget_skip=11 nogood_events=0 nogood_cuts=0 weak_skip=13
[clean-BPC    20.05s] restricted-MIP node 8 status=TIME_LIMIT obj=None accepted=False routes=2970 rejected=13 pair=0 ng=20 route_pack=6 sched_cap=0 added_cuts=0 time=20.054542
[clean-BPC  1608.02s] branch node 8: left=arc(4,5)=off right=arc(4,5)=on
[clean-BPC  1608.02s] node 12 d=4 lb=228.404286 open=6
[clean-BPC  1608.21s] node 12 cg=1 phase=phase1 obj=0.0 artificial=0.0 cols=2970
[clean-BPC  1608.41s] node 12 cg=2 phase=phase2 obj=228.635562 artificial=0.0 cols=2970
[clean-BPC  1611.38s] node 12 cg=2 phase=phase2 kind=heuristic best_rc=-0.0 found=0 added=0 exhausted=False cert=False
[clean-BPC  1626.58s] node 12 cg=2 phase=phase2 kind=heuristic_boost best_rc=-0.98616975 found=10 added=10 exhausted=True cert=True
[clean-BPC  1626.77s] node 12 cg=3 phase=phase2 obj=228.635562 artificial=0.0 cols=2980
[clean-BPC  1629.80s] node 12 cg=3 phase=phase2 kind=heuristic best_rc=-0.0 found=0 added=0 exhausted=False cert=False
[clean-BPC  1645.16s] node 12 cg=3 phase=phase2 kind=heuristic_boost best_rc=-0.0 found=0 added=0 exhausted=True cert=True
[clean-BPC  1645.17s] route-pack-conflict diag node 12 source_vehicle=1 routes=5 U=4 complete=True cache_hit=False states=105 added=0
[clean-BPC  1646.14s] cut_added family=schedule_nogood_core node=12 added=2 source_vehicle=1 route_count=3 signatures=[[1, 16, 20, 19], [2, 7, 17], [3, 8, 5]]
[clean-BPC  1646.14s] node 11 d=4 lb=228.404286 open=6
[clean-BPC  1646.47s] node 11 cg=1 phase=phase1 obj=0.0 artificial=0.0 cols=2980
[clean-BPC  1646.81s] node 11 cg=2 phase=phase2 obj=228.698918 artificial=0.0 cols=2980
[clean-BPC  1650.72s] node 11 cg=2 phase=phase2 kind=heuristic best_rc=-0.038890483 found=3 added=3 exhausted=False cert=False
[clean-BPC  1651.06s] node 11 cg=3 phase=phase2 obj=228.698918 artificial=0.0 cols=2983
[clean-BPC  1654.94s] node 11 cg=3 phase=phase2 kind=heuristic best_rc=-0.0 found=0 added=0 exhausted=False cert=False
[clean-BPC  1666.13s] node 11 cg=3 phase=phase2 kind=heuristic_boost best_rc=-0.0 found=0 added=0 exhausted=True cert=True
[clean-BPC  1666.14s] route-pack-conflict diag node 11 source_vehicle=1 routes=5 U=4 complete=True cache_hit=False states=112 added=0
[clean-BPC  1667.25s] cut_added family=schedule_nogood_core node=11 added=2 source_vehicle=1 route_count=3 signatures=[[5, 3, 8], [1, 16, 20, 19], [2, 7, 4]]
[clean-BPC  1667.25s] node 7 d=3 lb=228.465959 open=6
[clean-BPC  1667.60s] node 7 cg=1 phase=phase1 obj=0.0 artificial=0.0 cols=2983
[clean-BPC  1668.00s] node 7 cg=2 phase=phase2 obj=228.465959 artificial=0.0 cols=2983
[clean-BPC  1672.36s] node 7 cg=2 phase=phase2 kind=heuristic best_rc=-0.1261875 found=4 added=4 exhausted=False cert=False
[clean-BPC  1672.73s] node 7 cg=3 phase=phase2 obj=228.465959 artificial=0.0 cols=2987
[clean-BPC  1677.06s] node 7 cg=3 phase=phase2 kind=heuristic best_rc=-0.0 found=0 added=0 exhausted=False cert=False
[clean-BPC  1695.78s] node 7 cg=3 phase=phase2 kind=heuristic_boost best_rc=-0.080248607 found=4 added=4 exhausted=True cert=True
[clean-BPC  1696.17s] node 7 cg=4 phase=phase2 obj=228.465959 artificial=0.0 cols=2991
[clean-BPC  1700.56s] node 7 cg=4 phase=phase2 kind=heuristic best_rc=0.0 found=0 added=0 exhausted=False cert=False
[clean-BPC  1719.36s] node 7 cg=4 phase=phase2 kind=heuristic_boost best_rc=-0.045225 found=1 added=1 exhausted=True cert=True
[clean-BPC  1719.74s] node 7 cg=5 phase=phase2 obj=228.465959 artificial=0.0 cols=2992
[clean-BPC  1724.15s] node 7 cg=5 phase=phase2 kind=heuristic best_rc=0.0 found=0 added=0 exhausted=False cert=False
[clean-BPC  1743.03s] node 7 cg=5 phase=phase2 kind=heuristic_boost best_rc=0.0 found=0 added=0 exhausted=True cert=True
[clean-BPC  1763.80s] route-pack-conflict diag node 7 source_vehicle=1 routes=5 U=4 complete=True cache_hit=False states=96 added=0
[clean-BPC  1764.77s] route-pack-conflict diag node 7 source_vehicle=1 routes=5 U=3 complete=True cache_hit=False states=103 added=2
[clean-BPC  1764.77s] cut_added family=schedule_route_set_packing node=7 added=2 source=schedule_conflict first(vehicle=1, routes=5, U=3, states=103, cache_hit=False)
[clean-BPC  1765.74s] cut_added family=schedule_nogood_core node=7 added=1 source_vehicle=1 route_count=3 signatures=[[1, 16, 20, 19], [17, 7, 2], [3, 8, 5]]
[clean-BPC  1774.35s] rim-conflict diag node 7 conflicts=11 pair_events=0 pair_cuts=0 schedcap_events=0 schedcap_cuts=0 routepack_events=2 routepack_cuts=2 routepack_cache=0 routepack_states_max=103 routepack_budget_skip=9 nogood_events=1 nogood_cuts=1 weak_skip=9
[clean-BPC    20.77s] restricted-MIP node 7 status=TIME_LIMIT obj=None accepted=False routes=2992 rejected=11 pair=0 ng=20 route_pack=2 sched_cap=0 added_cuts=3 time=20.766422
[clean-BPC  1774.35s] node 7 d=3 lb=228.465959 open=6
[clean-BPC  1774.69s] node 7 cg=1 phase=phase1 obj=0.0 artificial=0.0 cols=2992
[clean-BPC  1775.09s] node 7 cg=2 phase=phase2 obj=228.465959 artificial=0.0 cols=2992
[clean-BPC  1779.52s] node 7 cg=2 phase=phase2 kind=heuristic best_rc=-0.0 found=0 added=0 exhausted=False cert=False
[clean-BPC  1798.52s] node 7 cg=2 phase=phase2 kind=heuristic_boost best_rc=-0.0 found=0 added=0 exhausted=True cert=True
[clean-BPC  1819.30s] route-pack-conflict diag node 7 source_vehicle=1 routes=5 U=4 complete=True cache_hit=False states=93 added=0
[clean-BPC  1820.28s] route-pack-conflict diag node 7 source_vehicle=1 routes=5 U=4 complete=True cache_hit=True states=96 added=0
[clean-BPC  1830.83s] rim-conflict diag node 7 conflicts=11 pair_events=0 pair_cuts=0 schedcap_events=0 schedcap_cuts=0 routepack_events=2 routepack_cuts=0 routepack_cache=1 routepack_states_max=96 routepack_budget_skip=9 nogood_events=0 nogood_cuts=0 weak_skip=11
[clean-BPC    20.77s] restricted-MIP node 7 status=TIME_LIMIT obj=None accepted=False routes=2992 rejected=11 pair=0 ng=20 route_pack=2 sched_cap=0 added_cuts=0 time=20.772713
[clean-BPC  1835.91s] branch node 7: left=arc(16,1)=off right=arc(16,1)=on
[clean-BPC  1835.91s] node 17 d=4 lb=228.465959 open=7
[clean-BPC  1836.27s] node 17 cg=1 phase=phase1 obj=0.0 artificial=0.0 cols=2992
[clean-BPC  1836.65s] node 17 cg=2 phase=phase2 obj=228.465959 artificial=0.0 cols=2992
[clean-BPC  1840.95s] node 17 cg=2 phase=phase2 kind=heuristic best_rc=-0.0 found=0 added=0 exhausted=False cert=False
[clean-BPC  1859.75s] node 17 cg=2 phase=phase2 kind=heuristic_boost best_rc=-0.405838752 found=3 added=3 exhausted=True cert=True
[clean-BPC  1860.14s] node 17 cg=3 phase=phase2 obj=228.465959 artificial=0.0 cols=2995
[clean-BPC  1864.29s] node 17 cg=3 phase=phase2 kind=heuristic best_rc=-0.0650822 found=2 added=2 exhausted=False cert=False
[clean-BPC  1864.67s] node 17 cg=4 phase=phase2 obj=228.465959 artificial=0.0 cols=2997
[clean-BPC  1864.67s] cut_purged node=17 removed=1 by_kind={'schedule_nogood_core': 1} remaining=94
[clean-BPC  1865.05s] node 17 cg=5 phase=phase2 obj=228.465959 artificial=0.0 cols=2997
[clean-BPC  1869.36s] node 17 cg=5 phase=phase2 kind=heuristic best_rc=-0.0 found=0 added=0 exhausted=False cert=False
[clean-BPC  1888.13s] node 17 cg=5 phase=phase2 kind=heuristic_boost best_rc=-0.219396784 found=4 added=4 exhausted=True cert=True
[clean-BPC  1888.51s] node 17 cg=6 phase=phase2 obj=228.465959 artificial=0.0 cols=3001
[clean-BPC  1892.90s] node 17 cg=6 phase=phase2 kind=heuristic best_rc=-0.0 found=0 added=0 exhausted=False cert=False
[clean-BPC  1912.28s] node 17 cg=6 phase=phase2 kind=heuristic_boost best_rc=-0.568792798 found=7 added=7 exhausted=True cert=True
[clean-BPC  1912.66s] node 17 cg=7 phase=phase2 obj=228.465959 artificial=0.0 cols=3008
[clean-BPC  1917.00s] node 17 cg=7 phase=phase2 kind=heuristic best_rc=-0.0 found=0 added=0 exhausted=False cert=False
[clean-BPC  1935.75s] node 17 cg=7 phase=phase2 kind=heuristic_boost best_rc=-0.0 found=0 added=0 exhausted=True cert=True
[clean-BPC  1935.76s] route-pack-conflict diag node 17 source_vehicle=1 routes=5 U=4 complete=True cache_hit=True states=96 added=0
[clean-BPC  1936.72s] cut_added family=schedule_nogood_core node=17 added=2 source_vehicle=1 route_count=3 signatures=[[1, 16, 20, 19], [17, 7, 2], [5, 8, 3]]
[clean-BPC  1936.72s] node 18 d=4 lb=228.465959 open=7
[clean-BPC  1937.09s] node 18 cg=1 phase=phase1 obj=0.0 artificial=0.0 cols=3008
[clean-BPC  1937.52s] node 18 cg=2 phase=phase2 obj=228.465959 artificial=0.0 cols=3008
[clean-BPC  1941.81s] node 18 cg=2 phase=phase2 kind=heuristic best_rc=-0.0 found=0 added=0 exhausted=False cert=False
[clean-BPC  1955.52s] node 18 cg=2 phase=phase2 kind=heuristic_boost best_rc=-0.821381625 found=16 added=16 exhausted=True cert=True
[clean-BPC  1955.91s] node 18 cg=3 phase=phase2 obj=228.465959 artificial=0.0 cols=3024
[clean-BPC  1960.19s] node 18 cg=3 phase=phase2 kind=heuristic best_rc=-0.110629 found=2 added=2 exhausted=False cert=False
[clean-BPC  1960.57s] node 18 cg=4 phase=phase2 obj=228.465959 artificial=0.0 cols=3026
[clean-BPC  1964.86s] node 18 cg=4 phase=phase2 kind=heuristic best_rc=-0.0 found=0 added=0 exhausted=False cert=False
[clean-BPC  1978.69s] node 18 cg=4 phase=phase2 kind=heuristic_boost best_rc=-0.020098276 found=2 added=2 exhausted=True cert=True
[clean-BPC  1979.09s] node 18 cg=5 phase=phase2 obj=228.465959 artificial=0.0 cols=3028
[clean-BPC  1983.54s] node 18 cg=5 phase=phase2 kind=heuristic best_rc=-0.0 found=0 added=0 exhausted=False cert=False
[clean-BPC  1997.29s] node 18 cg=5 phase=phase2 kind=heuristic_boost best_rc=-0.0 found=0 added=0 exhausted=True cert=True
[clean-BPC  1997.30s] route-pack-conflict diag node 18 source_vehicle=1 routes=5 U=4 complete=True cache_hit=True states=93 added=0
[clean-BPC  1998.28s] cut_added family=schedule_nogood_core node=18 added=2 source_vehicle=1 route_count=3 signatures=[[19, 20, 16, 1], [2, 7, 17], [5, 8, 3]]
[clean-BPC  1998.28s] node 17 d=4 lb=228.465959 open=7
[clean-BPC  1998.62s] node 17 cg=1 phase=phase1 obj=0.0 artificial=0.0 cols=3028
[clean-BPC  1999.02s] node 17 cg=2 phase=phase2 obj=228.465959 artificial=0.0 cols=3028
[clean-BPC  2003.30s] node 17 cg=2 phase=phase2 kind=heuristic best_rc=-0.0 found=0 added=0 exhausted=False cert=False
[clean-BPC  2022.00s] node 17 cg=2 phase=phase2 kind=heuristic_boost best_rc=-0.0 found=0 added=0 exhausted=True cert=True
[clean-BPC  2027.18s] branch node 17: left=arc(8,3)=off right=arc(8,3)=on
[clean-BPC  2027.18s] node 18 d=4 lb=228.465959 open=8
[clean-BPC  2027.53s] node 18 cg=1 phase=phase1 obj=0.0 artificial=0.0 cols=3028
[clean-BPC  2027.92s] node 18 cg=2 phase=phase2 obj=228.499781 artificial=0.0 cols=3028
[clean-BPC  2032.39s] node 18 cg=2 phase=phase2 kind=heuristic best_rc=-0.0626625 found=4 added=4 exhausted=False cert=False
[clean-BPC  2032.79s] node 18 cg=3 phase=phase2 obj=228.499781 artificial=0.0 cols=3032
[clean-BPC  2037.18s] node 18 cg=3 phase=phase2 kind=heuristic best_rc=0.0 found=0 added=0 exhausted=False cert=False
[clean-BPC  2051.13s] node 18 cg=3 phase=phase2 kind=heuristic_boost best_rc=-0.123594673 found=1 added=1 exhausted=True cert=True
[clean-BPC  2051.53s] node 18 cg=4 phase=phase2 obj=228.499781 artificial=0.0 cols=3033
[clean-BPC  2056.02s] node 18 cg=4 phase=phase2 kind=heuristic best_rc=-0.0 found=0 added=0 exhausted=False cert=False
[clean-BPC  2070.02s] node 18 cg=4 phase=phase2 kind=heuristic_boost best_rc=-0.020443212 found=2 added=2 exhausted=True cert=True
[clean-BPC  2070.41s] node 18 cg=5 phase=phase2 obj=228.499781 artificial=0.0 cols=3035
[clean-BPC  2074.97s] node 18 cg=5 phase=phase2 kind=heuristic best_rc=-0.0 found=0 added=0 exhausted=False cert=False
[clean-BPC  2095.34s] node 18 cg=5 phase=phase2 kind=heuristic_boost best_rc=-0.0 found=0 added=0 exhausted=True cert=True
[clean-BPC  2100.72s] branch node 18: left=RF(4,11)=separate right=RF(4,11)=same
[clean-BPC  2100.72s] node 19 d=5 lb=228.465959 open=9
[clean-BPC  2101.08s] node 19 cg=1 phase=phase1 obj=0.0 artificial=0.0 cols=3035
[clean-BPC  2101.48s] node 19 cg=2 phase=phase2 obj=228.689587 artificial=0.0 cols=3035
[clean-BPC  2105.75s] node 19 cg=2 phase=phase2 kind=heuristic best_rc=-0.487188455 found=5 added=5 exhausted=False cert=False
[clean-BPC  2106.13s] node 19 cg=3 phase=phase2 obj=228.627982 artificial=0.0 cols=3040
[clean-BPC  2110.47s] node 19 cg=3 phase=phase2 kind=heuristic best_rc=-0.0 found=0 added=0 exhausted=False cert=False
[clean-BPC  2129.60s] node 19 cg=3 phase=phase2 kind=heuristic_boost best_rc=-0.156585966 found=8 added=8 exhausted=True cert=True
[clean-BPC  2129.98s] node 19 cg=4 phase=phase2 obj=228.627982 artificial=0.0 cols=3048
[clean-BPC  2134.31s] node 19 cg=4 phase=phase2 kind=heuristic best_rc=0.0 found=0 added=0 exhausted=False cert=False
[clean-BPC  2152.99s] node 19 cg=4 phase=phase2 kind=heuristic_boost best_rc=0.0 found=0 added=0 exhausted=True cert=True
[clean-BPC  2157.09s] branch node 19: left=RF(4,11)=separate right=RF(4,11)=same
[clean-BPC  2157.09s] node 20 d=5 lb=228.465959 open=10
[clean-BPC  2157.44s] node 20 cg=1 phase=phase1 obj=0.0 artificial=0.0 cols=3048
[clean-BPC  2157.86s] node 20 cg=2 phase=phase2 obj=228.488507 artificial=0.0 cols=3048
[clean-BPC  2162.07s] node 20 cg=2 phase=phase2 kind=heuristic best_rc=-0.100978833 found=2 added=2 exhausted=False cert=False
[clean-BPC  2162.47s] node 20 cg=3 phase=phase2 obj=228.488507 artificial=0.0 cols=3050
[clean-BPC  2166.82s] node 20 cg=3 phase=phase2 kind=heuristic best_rc=-0.0 found=0 added=0 exhausted=False cert=False
[clean-BPC  2185.73s] node 20 cg=3 phase=phase2 kind=heuristic_boost best_rc=-0.926441833 found=24 added=24 exhausted=True cert=True
[clean-BPC  2186.13s] node 20 cg=4 phase=phase2 obj=228.488507 artificial=0.0 cols=3074
[clean-BPC  2190.59s] node 20 cg=4 phase=phase2 kind=heuristic best_rc=-0.0 found=0 added=0 exhausted=False cert=False
[clean-BPC  2204.78s] node 20 cg=4 phase=phase2 kind=heuristic_boost best_rc=-0.671099519 found=4 added=4 exhausted=True cert=True
[clean-BPC  2205.18s] node 20 cg=5 phase=phase2 obj=228.488507 artificial=0.0 cols=3078
[clean-BPC  2209.43s] node 20 cg=5 phase=phase2 kind=heuristic best_rc=-0.0 found=0 added=0 exhausted=False cert=False
[clean-BPC  2223.08s] node 20 cg=5 phase=phase2 kind=heuristic_boost best_rc=-0.6826095 found=22 added=22 exhausted=True cert=True
[clean-BPC  2223.47s] node 20 cg=6 phase=phase2 obj=228.488507 artificial=0.0 cols=3100
[clean-BPC  2223.47s] cut_purged node=20 removed=2 by_kind={'schedule_nogood_core': 2} remaining=96
[clean-BPC  2223.88s] node 20 cg=7 phase=phase2 obj=228.488507 artificial=0.0 cols=3100
[clean-BPC  2228.11s] node 20 cg=7 phase=phase2 kind=heuristic best_rc=-0.0 found=0 added=0 exhausted=False cert=False
[clean-BPC  2241.40s] node 20 cg=7 phase=phase2 kind=heuristic_boost best_rc=-0.223118024 found=5 added=5 exhausted=True cert=True
[clean-BPC  2241.80s] node 20 cg=8 phase=phase2 obj=228.488507 artificial=0.0 cols=3105
[clean-BPC  2245.89s] node 20 cg=8 phase=phase2 kind=heuristic best_rc=-0.0 found=0 added=0 exhausted=False cert=False
[clean-BPC  2264.68s] node 20 cg=8 phase=phase2 kind=heuristic_boost best_rc=-0.0 found=0 added=0 exhausted=True cert=True
[clean-BPC  2268.73s] branch node 20: left=RF(14,15)=separate right=RF(14,15)=same
[clean-BPC  2268.73s] node 25 d=6 lb=228.488507 open=11
[clean-BPC  2269.06s] node 25 cg=1 phase=phase1 obj=0.0 artificial=0.0 cols=3105
[clean-BPC  2269.42s] node 25 cg=2 phase=phase2 obj=228.917325 artificial=0.0 cols=3105
[clean-BPC  2269.42s] cut_purged node=25 removed=2 by_kind={'schedule_nogood_core': 2} remaining=94
[clean-BPC  2269.78s] node 25 cg=3 phase=phase2 obj=228.917325 artificial=0.0 cols=3105
[clean-BPC  2273.70s] node 25 cg=3 phase=phase2 kind=heuristic best_rc=-0.0 found=0 added=0 exhausted=False cert=False
[clean-BPC  2285.06s] node 25 cg=3 phase=phase2 kind=heuristic_boost best_rc=-0.717904 found=4 added=4 exhausted=True cert=True
[clean-BPC  2285.41s] node 25 cg=4 phase=phase2 obj=228.917325 artificial=0.0 cols=3109
[clean-BPC  2289.32s] node 25 cg=4 phase=phase2 kind=heuristic best_rc=0.0 found=0 added=0 exhausted=False cert=False
[clean-BPC  2300.74s] node 25 cg=4 phase=phase2 kind=heuristic_boost best_rc=0.0 found=0 added=0 exhausted=True cert=True
[clean-BPC  2300.75s] route-pack-conflict diag node 25 source_vehicle=1 routes=5 U=4 complete=True cache_hit=False states=107 added=0
[clean-BPC  2301.01s] cut_added family=schedule_nogood_core node=25 added=2 source_vehicle=1 route_count=3 signatures=[[1, 16, 20, 19], [2, 7, 15, 17], [8, 3, 5]]
[clean-BPC  2301.01s] node 26 d=6 lb=228.488507 open=11
[clean-BPC  2301.20s] node 26 cg=1 phase=phase1 obj=0.0 artificial=0.0 cols=3109
[clean-BPC  2301.41s] node 26 cg=2 phase=phase2 obj=228.495369 artificial=0.0 cols=3109
[clean-BPC  2305.32s] node 26 cg=2 phase=phase2 kind=heuristic best_rc=-0.0 found=0 added=0 exhausted=False cert=False
[clean-BPC  2316.76s] node 26 cg=2 phase=phase2 kind=heuristic_boost best_rc=-0.7406605 found=11 added=11 exhausted=True cert=True
[clean-BPC  2316.97s] node 26 cg=3 phase=phase2 obj=228.495369 artificial=0.0 cols=3120
[clean-BPC  2320.76s] node 26 cg=3 phase=phase2 kind=heuristic best_rc=-0.0 found=0 added=0 exhausted=False cert=False
[clean-BPC  2332.59s] node 26 cg=3 phase=phase2 kind=heuristic_boost best_rc=-0.328583333 found=1 added=1 exhausted=True cert=True
[clean-BPC  2332.80s] node 26 cg=4 phase=phase2 obj=228.495369 artificial=0.0 cols=3121
[clean-BPC  2336.80s] node 26 cg=4 phase=phase2 kind=heuristic best_rc=-0.0 found=0 added=0 exhausted=False cert=False
[clean-BPC  2348.91s] node 26 cg=4 phase=phase2 kind=heuristic_boost best_rc=-0.0 found=0 added=0 exhausted=True cert=True
[clean-BPC  2351.83s] branch node 26: left=arc(3,5)=off right=arc(3,5)=on
[clean-BPC  2351.83s] node 27 d=7 lb=228.495369 open=12
[clean-BPC  2352.03s] node 27 cg=1 phase=phase1 obj=0.0 artificial=0.0 cols=3121
[clean-BPC  2352.25s] node 27 cg=2 phase=phase2 obj=228.684216 artificial=0.0 cols=3121
[clean-BPC  2356.25s] node 27 cg=2 phase=phase2 kind=heuristic best_rc=-0.3494695 found=4 added=4 exhausted=False cert=False
[clean-BPC  2356.47s] node 27 cg=3 phase=phase2 obj=228.61971 artificial=0.0 cols=3125
[clean-BPC  2360.47s] node 27 cg=3 phase=phase2 kind=heuristic best_rc=-0.0 found=0 added=0 exhausted=False cert=False
[clean-BPC  2372.46s] node 27 cg=3 phase=phase2 kind=heuristic_boost best_rc=-1.161904 found=5 added=5 exhausted=True cert=True
[clean-BPC  2372.67s] node 27 cg=4 phase=phase2 obj=228.61971 artificial=0.0 cols=3130
[clean-BPC  2376.74s] node 27 cg=4 phase=phase2 kind=heuristic best_rc=-0.0 found=0 added=0 exhausted=False cert=False
[clean-BPC  2388.70s] node 27 cg=4 phase=phase2 kind=heuristic_boost best_rc=-0.126161833 found=1 added=1 exhausted=True cert=True
[clean-BPC  2388.90s] node 27 cg=5 phase=phase2 obj=228.61971 artificial=0.0 cols=3131
[clean-BPC  2392.71s] node 27 cg=5 phase=phase2 kind=heuristic best_rc=-0.0 found=0 added=0 exhausted=False cert=False
[clean-BPC  2403.85s] node 27 cg=5 phase=phase2 kind=heuristic_boost best_rc=-0.0 found=0 added=0 exhausted=True cert=True
[clean-BPC  2406.02s] branch node 27: left=RF(4,11)=separate right=RF(4,11)=same
[clean-BPC  2406.02s] node 28 d=7 lb=228.495369 open=13
[clean-BPC  2406.23s] node 28 cg=1 phase=phase1 obj=0.0 artificial=0.0 cols=3131
[clean-BPC  2406.45s] node 28 cg=2 phase=phase2 obj=228.554189 artificial=0.0 cols=3131
[clean-BPC  2406.45s] cut_purged node=28 removed=1 by_kind={'schedule_nogood_core': 1} remaining=95
[clean-BPC  2406.66s] node 28 cg=3 phase=phase2 obj=228.554189 artificial=0.0 cols=3131
[clean-BPC  2410.36s] node 28 cg=3 phase=phase2 kind=heuristic best_rc=0.0 found=0 added=0 exhausted=False cert=False
[clean-BPC  2426.77s] node 28 cg=3 phase=phase2 kind=heuristic_boost best_rc=0.0 found=0 added=0 exhausted=True cert=True
[clean-BPC  2429.72s] branch node 28: left=RF(1,20)=separate right=RF(1,20)=same
[clean-BPC  2429.72s] node 22 d=5 lb=228.499781 open=14
[clean-BPC  2429.93s] node 22 cg=1 phase=phase1 obj=0.0 artificial=0.0 cols=3131
[clean-BPC  2430.13s] node 22 cg=2 phase=phase2 obj=228.465959 artificial=0.0 cols=3131
[clean-BPC  2433.34s] node 22 cg=2 phase=phase2 kind=heuristic best_rc=0.136655521 found=0 added=0 exhausted=False cert=False
[clean-BPC  2445.82s] node 22 cg=2 phase=phase2 kind=heuristic_boost best_rc=-0.233694562 found=2 added=2 exhausted=True cert=True
[clean-BPC  2446.03s] node 22 cg=3 phase=phase2 obj=228.465959 artificial=0.0 cols=3133
[clean-BPC  2449.40s] node 22 cg=3 phase=phase2 kind=heuristic best_rc=0.0 found=0 added=0 exhausted=False cert=False
[clean-BPC  2462.49s] node 22 cg=3 phase=phase2 kind=heuristic_boost best_rc=0.0 found=0 added=0 exhausted=True cert=True
[clean-BPC  2462.49s] route-pack-conflict diag node 22 source_vehicle=1 routes=5 U=4 complete=True cache_hit=False states=93 added=0
[clean-BPC  2463.48s] cut_added family=schedule_nogood_core node=22 added=2 source_vehicle=1 route_count=3 signatures=[[19, 20, 16, 1], [2, 7, 17], [3, 8, 5]]
[clean-BPC  2463.48s] node 22 d=5 lb=228.465959 open=14
[clean-BPC  2463.68s] node 22 cg=1 phase=phase1 obj=0.0 artificial=0.0 cols=3133
[clean-BPC  2463.89s] node 22 cg=2 phase=phase2 obj=228.465959 artificial=0.0 cols=3133
[clean-BPC  2467.29s] node 22 cg=2 phase=phase2 kind=heuristic best_rc=0.0 found=0 added=0 exhausted=False cert=False
[clean-BPC  2480.32s] node 22 cg=2 phase=phase2 kind=heuristic_boost best_rc=0.0 found=0 added=0 exhausted=True cert=True
[clean-BPC  2480.33s] route-pack-conflict diag node 22 source_vehicle=1 routes=5 U=4 complete=True cache_hit=True states=93 added=0
[clean-BPC  2481.32s] cut_added family=schedule_nogood_core node=22 added=1 source_vehicle=1 route_count=3 signatures=[[19, 20, 16, 1], [2, 7, 17], [5, 8, 3]]
[clean-BPC  2481.32s] node 22 d=5 lb=228.465959 open=14
[clean-BPC  2481.52s] node 22 cg=1 phase=phase1 obj=0.0 artificial=0.0 cols=3133
[clean-BPC  2481.73s] node 22 cg=2 phase=phase2 obj=228.574943 artificial=0.0 cols=3133
[clean-BPC  2485.02s] node 22 cg=2 phase=phase2 kind=heuristic best_rc=-0.0 found=0 added=0 exhausted=False cert=False
[clean-BPC  2497.74s] node 22 cg=2 phase=phase2 kind=heuristic_boost best_rc=-0.0 found=0 added=0 exhausted=True cert=True
[clean-BPC  2500.13s] branch node 22: left=RF(9,15)=separate right=RF(9,15)=same
[clean-BPC  2500.13s] node 21 d=5 lb=228.499781 open=15
[clean-BPC  2500.47s] node 21 cg=1 phase=phase1 obj=0.0 artificial=0.0 cols=3133
[clean-BPC  2500.84s] node 21 cg=2 phase=phase2 obj=228.698918 artificial=0.0 cols=3133
[clean-BPC  2505.09s] node 21 cg=2 phase=phase2 kind=heuristic best_rc=0.0 found=0 added=0 exhausted=False cert=False
[clean-BPC  2523.05s] node 21 cg=2 phase=phase2 kind=heuristic_boost best_rc=-0.0 found=0 added=0 exhausted=True cert=True
[clean-BPC  2523.06s] route-pack-conflict diag node 21 source_vehicle=1 routes=5 U=4 complete=True cache_hit=True states=98 added=0
[clean-BPC  2524.15s] cut_added family=schedule_nogood_core node=21 added=2 source_vehicle=1 route_count=3 signatures=[[19, 20, 16, 1], [2, 7, 4], [8, 3, 5]]
[clean-BPC  2524.15s] node 13 d=4 lb=228.502477 open=15
[clean-BPC  2524.51s] node 13 cg=1 phase=phase1 obj=0.0 artificial=0.0 cols=3133
[clean-BPC  2524.90s] node 13 cg=2 phase=phase2 obj=229.656717 artificial=0.0 cols=3133
[clean-BPC  2524.90s] cut_purged node=13 removed=1 by_kind={'schedule_nogood_core': 1} remaining=99
[clean-BPC  2525.28s] node 13 cg=3 phase=phase2 obj=229.656717 artificial=0.0 cols=3133
[clean-BPC  2529.18s] node 13 cg=3 phase=phase2 kind=heuristic best_rc=-0.914919 found=9 added=9 exhausted=False cert=False
[clean-BPC  2529.56s] node 13 cg=4 phase=phase2 obj=229.184716 artificial=0.0 cols=3142
[clean-BPC  2533.64s] node 13 cg=4 phase=phase2 kind=heuristic best_rc=-0.0 found=0 added=0 exhausted=False cert=False
[clean-BPC  2545.85s] node 13 cg=4 phase=phase2 kind=heuristic_boost best_rc=-0.34193175 found=2 added=2 exhausted=True cert=True
[clean-BPC  2546.24s] node 13 cg=5 phase=phase2 obj=229.184716 artificial=0.0 cols=3144
[clean-BPC  2550.35s] node 13 cg=5 phase=phase2 kind=heuristic best_rc=-0.0 found=0 added=0 exhausted=False cert=False
[clean-BPC  2567.60s] node 13 cg=5 phase=phase2 kind=heuristic_boost best_rc=-0.771737405 found=5 added=5 exhausted=True cert=True
[clean-BPC  2567.97s] node 13 cg=6 phase=phase2 obj=229.184716 artificial=0.0 cols=3149
[clean-BPC  2572.04s] node 13 cg=6 phase=phase2 kind=heuristic best_rc=-0.029287 found=1 added=1 exhausted=False cert=False
[clean-BPC  2572.41s] node 13 cg=7 phase=phase2 obj=229.184716 artificial=0.0 cols=3150
[clean-BPC  2576.55s] node 13 cg=7 phase=phase2 kind=heuristic best_rc=-0.0 found=0 added=0 exhausted=False cert=False
[clean-BPC  2588.82s] node 13 cg=7 phase=phase2 kind=heuristic_boost best_rc=-0.0 found=0 added=0 exhausted=True cert=True
[clean-BPC  2588.82s] fathom node 13: reason=bound_after_schedule_pack bound=229.184716
[clean-BPC  2588.82s] node 14 d=4 lb=228.502477 open=14
[clean-BPC  2589.18s] node 14 cg=1 phase=phase1 obj=0.0 artificial=0.0 cols=3150
[clean-BPC  2589.58s] node 14 cg=2 phase=phase2 obj=228.559149 artificial=0.0 cols=3150
[clean-BPC  2589.59s] cut_purged node=14 removed=2 by_kind={'schedule_nogood_core': 2} remaining=97
[clean-BPC  2589.99s] node 14 cg=3 phase=phase2 obj=228.559149 artificial=0.0 cols=3150
[clean-BPC  2589.99s] cut_purged node=14 removed=1 by_kind={'schedule_nogood_core': 1} remaining=96
[clean-BPC  2590.39s] node 14 cg=4 phase=phase2 obj=228.559149 artificial=0.0 cols=3150
[clean-BPC  2594.60s] node 14 cg=4 phase=phase2 kind=heuristic best_rc=-0.102183364 found=1 added=1 exhausted=False cert=False
[clean-BPC  2594.99s] node 14 cg=5 phase=phase2 obj=228.533603 artificial=0.0 cols=3151
[clean-BPC  2599.29s] node 14 cg=5 phase=phase2 kind=heuristic best_rc=-0.0 found=0 added=0 exhausted=False cert=False
[clean-BPC  2612.37s] node 14 cg=5 phase=phase2 kind=heuristic_boost best_rc=-0.769466 found=10 added=10 exhausted=True cert=True
[clean-BPC  2612.77s] node 14 cg=6 phase=phase2 obj=228.533603 artificial=0.0 cols=3161
[clean-BPC  2617.16s] node 14 cg=6 phase=phase2 kind=heuristic best_rc=-0.0 found=0 added=0 exhausted=False cert=False
[clean-BPC  2630.39s] node 14 cg=6 phase=phase2 kind=heuristic_boost best_rc=-1.0631395 found=27 added=27 exhausted=True cert=True
[clean-BPC  2630.77s] node 14 cg=7 phase=phase2 obj=228.533603 artificial=0.0 cols=3188
[clean-BPC  2634.99s] node 14 cg=7 phase=phase2 kind=heuristic best_rc=-0.0 found=0 added=0 exhausted=False cert=False
[clean-BPC  2652.54s] node 14 cg=7 phase=phase2 kind=heuristic_boost best_rc=-0.0676515 found=2 added=2 exhausted=True cert=True
[clean-BPC  2652.93s] node 14 cg=8 phase=phase2 obj=228.533603 artificial=0.0 cols=3190
[clean-BPC  2657.05s] node 14 cg=8 phase=phase2 kind=heuristic best_rc=-0.0 found=0 added=0 exhausted=False cert=False
[clean-BPC  2674.61s] node 14 cg=8 phase=phase2 kind=heuristic_boost best_rc=-0.0 found=0 added=0 exhausted=True cert=True
[clean-BPC  2680.04s] branch node 14: left=RF(11,18)=separate right=RF(11,18)=same
[clean-BPC  2680.04s] node 15 d=4 lb=228.533603 open=15
[clean-BPC  2680.42s] node 15 cg=1 phase=phase1 obj=0.0 artificial=0.0 cols=3190
[clean-BPC  2680.84s] node 15 cg=2 phase=phase2 obj=228.554189 artificial=0.0 cols=3190
[clean-BPC  2685.14s] node 15 cg=2 phase=phase2 kind=heuristic best_rc=0.0 found=0 added=0 exhausted=False cert=False
[clean-BPC  2703.78s] node 15 cg=2 phase=phase2 kind=heuristic_boost best_rc=-0.5281745 found=7 added=7 exhausted=True cert=True
[clean-BPC  2704.20s] node 15 cg=3 phase=phase2 obj=228.554189 artificial=0.0 cols=3197
[clean-BPC  2708.44s] node 15 cg=3 phase=phase2 kind=heuristic best_rc=-0.0 found=0 added=0 exhausted=False cert=False
[clean-BPC  2727.18s] node 15 cg=3 phase=phase2 kind=heuristic_boost best_rc=-0.2667695 found=3 added=3 exhausted=True cert=True
[clean-BPC  2727.60s] node 15 cg=4 phase=phase2 obj=228.554189 artificial=0.0 cols=3200
[clean-BPC  2732.11s] node 15 cg=4 phase=phase2 kind=heuristic best_rc=-0.0 found=0 added=0 exhausted=False cert=False
[clean-BPC  2745.76s] node 15 cg=4 phase=phase2 kind=heuristic_boost best_rc=-0.63010175 found=10 added=10 exhausted=True cert=True
[clean-BPC  2746.18s] node 15 cg=5 phase=phase2 obj=228.554189 artificial=0.0 cols=3210
[clean-BPC  2750.63s] node 15 cg=5 phase=phase2 kind=heuristic best_rc=-0.0 found=0 added=0 exhausted=False cert=False
[clean-BPC  2764.63s] node 15 cg=5 phase=phase2 kind=heuristic_boost best_rc=-0.236475 found=2 added=2 exhausted=True cert=True
[clean-BPC  2765.06s] node 15 cg=6 phase=phase2 obj=228.554189 artificial=0.0 cols=3212
[clean-BPC  2769.35s] node 15 cg=6 phase=phase2 kind=heuristic best_rc=-0.0 found=0 added=0 exhausted=False cert=False
[clean-BPC  2783.33s] node 15 cg=6 phase=phase2 kind=heuristic_boost best_rc=-0.508143267 found=5 added=5 exhausted=True cert=True
[clean-BPC  2783.74s] node 15 cg=7 phase=phase2 obj=228.554189 artificial=0.0 cols=3217
[clean-BPC  2788.33s] node 15 cg=7 phase=phase2 kind=heuristic best_rc=-0.0 found=0 added=0 exhausted=False cert=False
[clean-BPC  2802.50s] node 15 cg=7 phase=phase2 kind=heuristic_boost best_rc=-0.0 found=0 added=0 exhausted=True cert=True
[clean-BPC  2806.94s] branch node 15: left=RF(1,16)=separate right=RF(1,16)=same
[clean-BPC  2806.94s] node 35 d=5 lb=228.533603 open=16
[clean-BPC  2807.29s] node 35 cg=1 phase=phase1 obj=0.0 artificial=0.0 cols=3217
[clean-BPC  2807.69s] node 35 cg=2 phase=phase2 obj=228.633763 artificial=0.0 cols=3217
[clean-BPC  2811.91s] node 35 cg=2 phase=phase2 kind=heuristic best_rc=-0.173880864 found=1 added=1 exhausted=False cert=False
[clean-BPC  2812.31s] node 35 cg=3 phase=phase2 obj=228.633763 artificial=0.0 cols=3218
[clean-BPC  2816.55s] node 35 cg=3 phase=phase2 kind=heuristic best_rc=-0.807407333 found=4 added=4 exhausted=False cert=False
[clean-BPC  2816.93s] node 35 cg=4 phase=phase2 obj=228.633763 artificial=0.0 cols=3222
[clean-BPC  2821.26s] node 35 cg=4 phase=phase2 kind=heuristic best_rc=-0.0 found=0 added=0 exhausted=False cert=False
[clean-BPC  2834.28s] node 35 cg=4 phase=phase2 kind=heuristic_boost best_rc=-0.0 found=0 added=0 exhausted=True cert=True
[clean-BPC  2839.49s] branch node 35: left=RF(1,20)=separate right=RF(1,20)=same
[clean-BPC  2839.49s] node 16 d=4 lb=228.533603 open=17
[clean-BPC  2839.88s] node 16 cg=1 phase=phase1 obj=0.0 artificial=0.0 cols=3222
[clean-BPC  2840.31s] node 16 cg=2 phase=phase2 obj=229.209398 artificial=0.0 cols=3222
[clean-BPC  2844.30s] node 16 cg=2 phase=phase2 kind=heuristic best_rc=-0.265388 found=2 added=2 exhausted=False cert=False
[clean-BPC  2844.72s] node 16 cg=3 phase=phase2 obj=229.209398 artificial=0.0 cols=3224
[clean-BPC  2848.97s] node 16 cg=3 phase=phase2 kind=heuristic best_rc=-0.266787743 found=4 added=4 exhausted=False cert=False
[clean-BPC  2849.40s] node 16 cg=4 phase=phase2 obj=229.209398 artificial=0.0 cols=3228
[clean-BPC  2853.45s] node 16 cg=4 phase=phase2 kind=heuristic best_rc=-0.0 found=0 added=0 exhausted=False cert=False
[clean-BPC  2866.05s] node 16 cg=4 phase=phase2 kind=heuristic_boost best_rc=-0.0067855 found=2 added=2 exhausted=True cert=True
[clean-BPC  2866.47s] node 16 cg=5 phase=phase2 obj=229.209398 artificial=0.0 cols=3230
[clean-BPC  2870.65s] node 16 cg=5 phase=phase2 kind=heuristic best_rc=-0.0 found=0 added=0 exhausted=False cert=False
[clean-BPC  2884.00s] node 16 cg=5 phase=phase2 kind=heuristic_boost best_rc=-1.303032501 found=12 added=12 exhausted=True cert=True
[clean-BPC  2884.43s] node 16 cg=6 phase=phase2 obj=229.209398 artificial=0.0 cols=3242
[clean-BPC  2888.55s] node 16 cg=6 phase=phase2 kind=heuristic best_rc=-0.270671 found=7 added=7 exhausted=False cert=False
[clean-BPC  2888.97s] node 16 cg=7 phase=phase2 obj=229.209398 artificial=0.0 cols=3249
[clean-BPC  2893.07s] node 16 cg=7 phase=phase2 kind=heuristic best_rc=-0.07901 found=2 added=2 exhausted=False cert=False
[clean-BPC  2893.50s] node 16 cg=8 phase=phase2 obj=229.209398 artificial=0.0 cols=3251
[clean-BPC  2897.82s] node 16 cg=8 phase=phase2 kind=heuristic best_rc=-0.0 found=0 added=0 exhausted=False cert=False
[clean-BPC  2911.22s] node 16 cg=8 phase=phase2 kind=heuristic_boost best_rc=-2.428284 found=23 added=23 exhausted=True cert=True
[clean-BPC  2911.67s] node 16 cg=9 phase=phase2 obj=229.209398 artificial=0.0 cols=3274
[clean-BPC  2915.86s] node 16 cg=9 phase=phase2 kind=heuristic best_rc=-0.0 found=0 added=0 exhausted=False cert=False
[clean-BPC  2928.93s] node 16 cg=9 phase=phase2 kind=heuristic_boost best_rc=-0.0 found=0 added=0 exhausted=True cert=True
[clean-BPC  2928.93s] fathom node 16: reason=bound_after_schedule_pack bound=229.209398
[clean-BPC  2928.93s] node 36 d=5 lb=228.533603 open=16
[clean-BPC  2929.19s] node 36 cg=1 phase=phase1 obj=0.0 artificial=0.0 cols=3274
[clean-BPC  2929.47s] node 36 cg=2 phase=phase2 obj=228.698918 artificial=0.0 cols=3274
[clean-BPC  2932.96s] node 36 cg=2 phase=phase2 kind=heuristic best_rc=-0.6716395 found=28 added=28 exhausted=False cert=False
[clean-BPC  2933.24s] node 36 cg=3 phase=phase2 obj=228.698918 artificial=0.0 cols=3302
[clean-BPC  2936.92s] node 36 cg=3 phase=phase2 kind=heuristic best_rc=-0.246924667 found=1 added=1 exhausted=False cert=False
[clean-BPC  2937.20s] node 36 cg=4 phase=phase2 obj=228.698918 artificial=0.0 cols=3303
[clean-BPC  2940.90s] node 36 cg=4 phase=phase2 kind=heuristic best_rc=-0.0 found=0 added=0 exhausted=False cert=False
[clean-BPC  2951.40s] node 36 cg=4 phase=phase2 kind=heuristic_boost best_rc=-1.41516475 found=26 added=26 exhausted=True cert=True
[clean-BPC  2951.69s] node 36 cg=5 phase=phase2 obj=228.698918 artificial=0.0 cols=3329
[clean-BPC  2955.53s] node 36 cg=5 phase=phase2 kind=heuristic best_rc=-0.0 found=0 added=0 exhausted=False cert=False
[clean-BPC  2966.60s] node 36 cg=5 phase=phase2 kind=heuristic_boost best_rc=-0.0 found=0 added=0 exhausted=True cert=True
[clean-BPC  2966.61s] route-pack-conflict diag node 36 source_vehicle=1 routes=5 U=4 complete=True cache_hit=True states=112 added=0
[clean-BPC  2967.68s] cut_added family=schedule_nogood_core node=36 added=2 source_vehicle=1 route_count=3 signatures=[[1, 16, 20, 19], [2, 7, 4], [8, 3, 5]]
[clean-BPC  2967.68s] node 31 d=8 lb=228.554189 open=16
[clean-BPC  2967.91s] node 31 cg=1 phase=phase1 obj=0.0 artificial=0.0 cols=3329
[clean-BPC  2968.16s] node 31 cg=2 phase=phase2 obj=228.922442 artificial=0.0 cols=3329
[clean-BPC  2971.87s] node 31 cg=2 phase=phase2 kind=heuristic best_rc=-0.0 found=0 added=0 exhausted=False cert=False
[clean-BPC  2983.21s] node 31 cg=2 phase=phase2 kind=heuristic_boost best_rc=-0.2169904 found=2 added=2 exhausted=True cert=True
[clean-BPC  2983.44s] node 31 cg=3 phase=phase2 obj=228.922442 artificial=0.0 cols=3331
[clean-BPC  2987.20s] node 31 cg=3 phase=phase2 kind=heuristic best_rc=-0.000209587 found=3 added=3 exhausted=False cert=False
[clean-BPC  2987.43s] node 31 cg=4 phase=phase2 obj=228.922442 artificial=0.0 cols=3334
[clean-BPC  2991.18s] node 31 cg=4 phase=phase2 kind=heuristic best_rc=-0.0 found=0 added=0 exhausted=False cert=False
[clean-BPC  3002.69s] node 31 cg=4 phase=phase2 kind=heuristic_boost best_rc=-0.0 found=0 added=0 exhausted=True cert=True
[clean-BPC  3002.69s] fathom node 31: reason=bound_after_schedule_pack bound=228.922442
[clean-BPC  3002.69s] node 32 d=8 lb=228.554189 open=15
[clean-BPC  3002.86s] node 32 cg=1 phase=phase1 obj=0.0 artificial=0.0 cols=3334
[clean-BPC  3003.04s] node 32 cg=2 phase=phase2 obj=228.697666 artificial=0.0 cols=3334
[clean-BPC  3006.32s] node 32 cg=2 phase=phase2 kind=heuristic best_rc=-12.188147 found=1251 added=600 exhausted=False cert=False
[clean-BPC  3006.56s] node 32 cg=3 phase=phase2 obj=228.697666 artificial=0.0 cols=3934
[clean-BPC  3009.93s] node 32 cg=3 phase=phase2 kind=heuristic best_rc=-0.405106333 found=4 added=4 exhausted=False cert=False
[clean-BPC  3010.18s] node 32 cg=4 phase=phase2 obj=228.697666 artificial=0.0 cols=3938
[clean-BPC  3013.53s] node 32 cg=4 phase=phase2 kind=heuristic best_rc=-0.376428 found=4 added=4 exhausted=False cert=False
[clean-BPC  3013.77s] node 32 cg=5 phase=phase2 obj=228.697666 artificial=0.0 cols=3942
[clean-BPC  3017.17s] node 32 cg=5 phase=phase2 kind=heuristic best_rc=-0.065105 found=2 added=2 exhausted=False cert=False
[clean-BPC  3017.42s] node 32 cg=6 phase=phase2 obj=228.697666 artificial=0.0 cols=3944
[clean-BPC  3017.42s] cut_purged node=32 removed=1 by_kind={'schedule_nogood_core': 1} remaining=97
[clean-BPC  3017.66s] node 32 cg=7 phase=phase2 obj=228.697666 artificial=0.0 cols=3944
[clean-BPC  3021.02s] node 32 cg=7 phase=phase2 kind=heuristic best_rc=-0.0 found=0 added=0 exhausted=False cert=False
[clean-BPC  3031.91s] node 32 cg=7 phase=phase2 kind=heuristic_boost best_rc=-0.0 found=0 added=0 exhausted=True cert=True
[clean-BPC  3034.58s] branch node 32: left=RF(3,4)=separate right=RF(3,4)=same
[clean-BPC  3034.58s] node 37 d=5 lb=228.554189 open=16
[clean-BPC  3035.03s] node 37 cg=1 phase=phase1 obj=0.0 artificial=0.0 cols=3944
[clean-BPC  3035.51s] node 37 cg=2 phase=phase2 obj=228.922442 artificial=0.0 cols=3944
[clean-BPC  3039.63s] node 37 cg=2 phase=phase2 kind=heuristic best_rc=-0.0 found=0 added=0 exhausted=False cert=False
[clean-BPC  3052.04s] node 37 cg=2 phase=phase2 kind=heuristic_boost best_rc=-0.146512197 found=2 added=2 exhausted=True cert=True
[clean-BPC  3052.51s] node 37 cg=3 phase=phase2 obj=228.922442 artificial=0.0 cols=3946
[clean-BPC  3056.66s] node 37 cg=3 phase=phase2 kind=heuristic best_rc=-0.0 found=0 added=0 exhausted=False cert=False
[clean-BPC  3068.68s] node 37 cg=3 phase=phase2 kind=heuristic_boost best_rc=-0.0 found=0 added=0 exhausted=True cert=True
[clean-BPC  3068.68s] fathom node 37: reason=bound_after_schedule_pack bound=228.922442
[clean-BPC  3068.68s] node 38 d=5 lb=228.554189 open=15
[clean-BPC  3068.96s] node 38 cg=1 phase=phase1 obj=0.0 artificial=0.0 cols=3946
[clean-BPC  3069.26s] node 38 cg=2 phase=phase2 obj=228.698918 artificial=0.0 cols=3946
[clean-BPC  3072.82s] node 38 cg=2 phase=phase2 kind=heuristic best_rc=-0.275663 found=1 added=1 exhausted=False cert=False
[clean-BPC  3073.12s] node 38 cg=3 phase=phase2 obj=228.698918 artificial=0.0 cols=3947
[clean-BPC  3076.65s] node 38 cg=3 phase=phase2 kind=heuristic best_rc=-0.034398 found=2 added=2 exhausted=False cert=False
[clean-BPC  3076.95s] node 38 cg=4 phase=phase2 obj=228.698918 artificial=0.0 cols=3949
[clean-BPC  3080.43s] node 38 cg=4 phase=phase2 kind=heuristic best_rc=-0.0 found=0 added=0 exhausted=False cert=False
[clean-BPC  3098.02s] node 38 cg=4 phase=phase2 kind=heuristic_boost best_rc=-0.177567765 found=4 added=4 exhausted=True cert=True
[clean-BPC  3098.31s] node 38 cg=5 phase=phase2 obj=228.698918 artificial=0.0 cols=3953
[clean-BPC  3102.04s] node 38 cg=5 phase=phase2 kind=heuristic best_rc=-0.336536 found=2 added=2 exhausted=False cert=False
[clean-BPC  3102.34s] node 38 cg=6 phase=phase2 obj=228.698918 artificial=0.0 cols=3955
[clean-BPC  3106.22s] node 38 cg=6 phase=phase2 kind=heuristic best_rc=-0.0 found=0 added=0 exhausted=False cert=False
[clean-BPC  3118.57s] node 38 cg=6 phase=phase2 kind=heuristic_boost best_rc=-0.0 found=0 added=0 exhausted=True cert=True
[clean-BPC  3118.58s] route-pack-conflict diag node 38 source_vehicle=1 routes=5 U=4 complete=True cache_hit=True states=98 added=0
[clean-BPC  3119.66s] cut_added family=schedule_nogood_core node=38 added=2 source_vehicle=1 route_count=3 signatures=[[5, 3, 8], [19, 20, 16, 1], [2, 7, 4]]
[clean-BPC  3119.67s] node 33 d=6 lb=228.574943 open=15
[clean-BPC  3119.89s] node 33 cg=1 phase=phase1 obj=0.0 artificial=0.0 cols=3955
[clean-BPC  3120.12s] node 33 cg=2 phase=phase2 obj=228.792912 artificial=0.0 cols=3955
[clean-BPC  3123.15s] node 33 cg=2 phase=phase2 kind=heuristic best_rc=-0.0 found=0 added=0 exhausted=False cert=False
[clean-BPC  3136.41s] node 33 cg=2 phase=phase2 kind=heuristic_boost best_rc=-0.0 found=0 added=0 exhausted=True cert=True
[clean-BPC  3136.42s] route-pack-conflict diag node 33 source_vehicle=1 routes=5 U=3 complete=True cache_hit=False states=93 added=2
[clean-BPC  3136.42s] cut_added family=schedule_route_set_packing node=33 added=2 source=schedule_conflict first(vehicle=1, routes=5, U=3, states=93, cache_hit=False)
[clean-BPC  3136.42s] node 34 d=6 lb=228.574943 open=15
[clean-BPC  3136.55s] node 34 cg=1 phase=phase1 obj=0.0 artificial=0.0 cols=3955
[clean-BPC  3136.70s] node 34 cg=2 phase=phase2 obj=228.465959 artificial=0.0 cols=3955
[clean-BPC  3139.29s] node 34 cg=2 phase=phase2 kind=heuristic best_rc=-1.083946111 found=4 added=4 exhausted=False cert=False
[clean-BPC  3139.44s] node 34 cg=3 phase=phase2 obj=228.465959 artificial=0.0 cols=3959
[clean-BPC  3142.17s] node 34 cg=3 phase=phase2 kind=heuristic best_rc=-0.497923854 found=3 added=3 exhausted=False cert=False
[clean-BPC  3142.31s] node 34 cg=4 phase=phase2 obj=228.465959 artificial=0.0 cols=3962
[clean-BPC  3145.14s] node 34 cg=4 phase=phase2 kind=heuristic best_rc=-0.0 found=0 added=0 exhausted=False cert=False
[clean-BPC  3157.01s] node 34 cg=4 phase=phase2 kind=heuristic_boost best_rc=-0.373821271 found=6 added=6 exhausted=True cert=True
[clean-BPC  3157.15s] node 34 cg=5 phase=phase2 obj=228.465959 artificial=0.0 cols=3968
[clean-BPC  3159.86s] node 34 cg=5 phase=phase2 kind=heuristic best_rc=-0.036993 found=1 added=1 exhausted=False cert=False
[clean-BPC  3159.99s] node 34 cg=6 phase=phase2 obj=228.465959 artificial=0.0 cols=3969
[clean-BPC  3162.65s] node 34 cg=6 phase=phase2 kind=heuristic best_rc=-0.0 found=0 added=0 exhausted=False cert=False
[clean-BPC  3179.98s] node 34 cg=6 phase=phase2 kind=heuristic_boost best_rc=-0.003133111 found=2 added=2 exhausted=True cert=True
[clean-BPC  3180.13s] node 34 cg=7 phase=phase2 obj=228.465959 artificial=0.0 cols=3971
[clean-BPC  3182.81s] node 34 cg=7 phase=phase2 kind=heuristic best_rc=-0.0 found=0 added=0 exhausted=False cert=False
[clean-BPC  3200.13s] node 34 cg=7 phase=phase2 kind=heuristic_boost best_rc=-0.0 found=0 added=0 exhausted=True cert=True
[clean-BPC  3200.14s] route-pack-conflict diag node 34 source_vehicle=1 routes=5 U=3 complete=True cache_hit=False states=91 added=2
[clean-BPC  3200.14s] cut_added family=schedule_route_set_packing node=34 added=2 source=schedule_conflict first(vehicle=1, routes=5, U=3, states=91, cache_hit=False)
[clean-BPC  3200.14s] node 34 d=6 lb=228.465959 open=15
[clean-BPC  3200.28s] node 34 cg=1 phase=phase1 obj=0.0 artificial=0.0 cols=3971
[clean-BPC  3200.42s] node 34 cg=2 phase=phase2 obj=228.465959 artificial=0.0 cols=3971
[clean-BPC  3200.42s] cut_purged node=34 removed=1 by_kind={'schedule_nogood_core': 1} remaining=102
[clean-BPC  3200.57s] node 34 cg=3 phase=phase2 obj=228.465959 artificial=0.0 cols=3971
[clean-BPC  3203.26s] node 34 cg=3 phase=phase2 kind=heuristic best_rc=-0.0 found=0 added=0 exhausted=False cert=False
[clean-BPC  3220.56s] node 34 cg=3 phase=phase2 kind=heuristic_boost best_rc=-0.0 found=0 added=0 exhausted=True cert=True
[clean-BPC  3220.57s] route-pack-conflict diag node 34 source_vehicle=1 routes=5 U=4 complete=True cache_hit=True states=93 added=0
[clean-BPC  3221.55s] cut_added family=schedule_nogood_core node=34 added=1 source_vehicle=1 route_count=3 signatures=[[19, 20, 16, 1], [2, 7, 17], [5, 8, 3]]
[clean-BPC  3221.55s] node 34 d=6 lb=228.465959 open=15
[clean-BPC  3221.71s] node 34 cg=1 phase=phase1 obj=0.0 artificial=0.0 cols=3971
[clean-BPC  3221.84s] node 34 cg=2 phase=phase2 obj=228.882731 artificial=0.0 cols=3971
[clean-BPC  3224.57s] node 34 cg=2 phase=phase2 kind=heuristic best_rc=-0.116015 found=4 added=4 exhausted=False cert=False
[clean-BPC  3224.71s] node 34 cg=3 phase=phase2 obj=228.882731 artificial=0.0 cols=3975
[clean-BPC  3227.42s] node 34 cg=3 phase=phase2 kind=heuristic best_rc=0.0 found=0 added=0 exhausted=False cert=False
[clean-BPC  3244.95s] node 34 cg=3 phase=phase2 kind=heuristic_boost best_rc=-1.1118825 found=17 added=17 exhausted=True cert=True
[clean-BPC  3245.09s] node 34 cg=4 phase=phase2 obj=228.882731 artificial=0.0 cols=3992
[clean-BPC  3247.95s] node 34 cg=4 phase=phase2 kind=heuristic best_rc=-0.0 found=0 added=0 exhausted=False cert=False
[clean-BPC  3265.04s] node 34 cg=4 phase=phase2 kind=heuristic_boost best_rc=-0.0 found=0 added=0 exhausted=True cert=True
[clean-BPC  3266.86s] branch node 34: left=arc(8,3)=off right=arc(8,3)=on
[clean-BPC  3266.86s] node 30 d=8 lb=228.61971 open=16
[clean-BPC  3267.03s] node 30 cg=1 phase=phase1 obj=0.0 artificial=0.0 cols=3992
[clean-BPC  3267.22s] node 30 cg=2 phase=phase2 obj=228.465959 artificial=0.0 cols=3992
[clean-BPC  3270.56s] node 30 cg=2 phase=phase2 kind=heuristic best_rc=-0.14502 found=1 added=1 exhausted=False cert=False
[clean-BPC  3270.73s] node 30 cg=3 phase=phase2 obj=228.465959 artificial=0.0 cols=3993
[clean-BPC  3274.06s] node 30 cg=3 phase=phase2 kind=heuristic best_rc=-0.069874627 found=2 added=2 exhausted=False cert=False
[clean-BPC  3274.24s] node 30 cg=4 phase=phase2 obj=228.465959 artificial=0.0 cols=3995
[clean-BPC  3277.60s] node 30 cg=4 phase=phase2 kind=heuristic best_rc=-0.0 found=0 added=0 exhausted=False cert=False
[clean-BPC  3288.96s] node 30 cg=4 phase=phase2 kind=heuristic_boost best_rc=-0.0 found=0 added=0 exhausted=True cert=True
[clean-BPC  3288.97s] route-pack-conflict diag node 30 source_vehicle=1 routes=5 U=4 complete=True cache_hit=True states=96 added=0
[clean-BPC  3289.93s] cut_added family=schedule_nogood_core node=30 added=1 source_vehicle=1 route_count=3 signatures=[[1, 16, 20, 19], [17, 7, 2], [5, 8, 3]]
[clean-BPC  3289.93s] node 30 d=8 lb=228.465959 open=16
[clean-BPC  3290.10s] node 30 cg=1 phase=phase1 obj=0.0 artificial=0.0 cols=3995
[clean-BPC  3290.27s] node 30 cg=2 phase=phase2 obj=228.756009 artificial=0.0 cols=3995
[clean-BPC  3293.51s] node 30 cg=2 phase=phase2 kind=heuristic best_rc=-0.0 found=0 added=0 exhausted=False cert=False
[clean-BPC  3309.57s] node 30 cg=2 phase=phase2 kind=heuristic_boost best_rc=-0.0 found=0 added=0 exhausted=True cert=True
[clean-BPC  3311.02s] branch node 30: left=RF(1,19)=separate right=RF(1,19)=same
[clean-BPC  3311.02s] node 29 d=8 lb=228.61971 open=17
[clean-BPC  3311.28s] node 29 cg=1 phase=phase1 obj=0.0 artificial=0.0 cols=3995
[clean-BPC  3311.57s] node 29 cg=2 phase=phase2 obj=228.978942 artificial=0.0 cols=3995
[clean-BPC  3315.15s] node 29 cg=2 phase=phase2 kind=heuristic best_rc=-0.0 found=0 added=0 exhausted=False cert=False
[clean-BPC  3330.61s] node 29 cg=2 phase=phase2 kind=heuristic_boost best_rc=-1.496964652 found=17 added=17 exhausted=True cert=True
[clean-BPC  3330.87s] node 29 cg=3 phase=phase2 obj=228.978942 artificial=0.0 cols=4012
[clean-BPC  3334.44s] node 29 cg=3 phase=phase2 kind=heuristic best_rc=-0.076474 found=2 added=2 exhausted=False cert=False
[clean-BPC  3334.72s] node 29 cg=4 phase=phase2 obj=228.978942 artificial=0.0 cols=4014
[clean-BPC  3338.40s] node 29 cg=4 phase=phase2 kind=heuristic best_rc=-0.1864365 found=4 added=4 exhausted=False cert=False
[clean-BPC  3338.68s] node 29 cg=5 phase=phase2 obj=228.978942 artificial=0.0 cols=4018
[clean-BPC  3338.68s] cut_purged node=29 removed=1 by_kind={'schedule_nogood_core': 1} remaining=103
[clean-BPC  3338.96s] node 29 cg=6 phase=phase2 obj=228.978942 artificial=0.0 cols=4018
[clean-BPC  3342.70s] node 29 cg=6 phase=phase2 kind=heuristic best_rc=-0.0 found=0 added=0 exhausted=False cert=False
[clean-BPC  3353.65s] node 29 cg=6 phase=phase2 kind=heuristic_boost best_rc=-0.143994 found=4 added=4 exhausted=True cert=True
[clean-BPC  3353.93s] node 29 cg=7 phase=phase2 obj=228.978942 artificial=0.0 cols=4022
[clean-BPC  3357.65s] node 29 cg=7 phase=phase2 kind=heuristic best_rc=-0.0 found=0 added=0 exhausted=False cert=False
[clean-BPC  3368.49s] node 29 cg=7 phase=phase2 kind=heuristic_boost best_rc=-0.0 found=0 added=0 exhausted=True cert=True
[clean-BPC  3368.49s] fathom node 29: reason=bound_after_schedule_pack bound=228.978942
[clean-BPC  3368.49s] node 23 d=6 lb=228.627982 open=16
[clean-BPC  3368.93s] node 23 cg=1 phase=phase1 obj=0.0 artificial=0.0 cols=4022
[clean-BPC  3369.40s] node 23 cg=2 phase=phase2 obj=228.978942 artificial=0.0 cols=4022
[clean-BPC  3373.48s] node 23 cg=2 phase=phase2 kind=heuristic best_rc=-0.0 found=0 added=0 exhausted=False cert=False
[clean-BPC  3386.09s] node 23 cg=2 phase=phase2 kind=heuristic_boost best_rc=-0.417582667 found=1 added=1 exhausted=True cert=True
[clean-BPC  3386.56s] node 23 cg=3 phase=phase2 obj=228.978942 artificial=0.0 cols=4023
[clean-BPC  3390.58s] node 23 cg=3 phase=phase2 kind=heuristic best_rc=0.0 found=0 added=0 exhausted=False cert=False
[clean-BPC  3402.70s] node 23 cg=3 phase=phase2 kind=heuristic_boost best_rc=-0.101571 found=4 added=4 exhausted=True cert=True
[clean-BPC  3403.16s] node 23 cg=4 phase=phase2 obj=228.978942 artificial=0.0 cols=4027
[clean-BPC  3407.60s] node 23 cg=4 phase=phase2 kind=heuristic best_rc=0.0 found=0 added=0 exhausted=False cert=False
[clean-BPC  3427.69s] node 23 cg=4 phase=phase2 kind=heuristic_boost best_rc=-0.036973652 found=3 added=3 exhausted=True cert=True
[clean-BPC  3428.17s] node 23 cg=5 phase=phase2 obj=228.978942 artificial=0.0 cols=4030
[clean-BPC  3432.41s] node 23 cg=5 phase=phase2 kind=heuristic best_rc=-0.0 found=0 added=0 exhausted=False cert=False
[clean-BPC  3450.90s] node 23 cg=5 phase=phase2 kind=heuristic_boost best_rc=-0.0 found=0 added=0 exhausted=True cert=True
[clean-BPC  3450.90s] fathom node 23: reason=bound_after_schedule_pack bound=228.978942
[clean-BPC  3450.90s] node 24 d=6 lb=228.627982 open=15
[clean-BPC  3451.17s] node 24 cg=1 phase=phase1 obj=0.0 artificial=0.0 cols=4030
[clean-BPC  3451.45s] node 24 cg=2 phase=phase2 obj=228.465959 artificial=0.0 cols=4030
[clean-BPC  3454.60s] node 24 cg=2 phase=phase2 kind=heuristic best_rc=0.0 found=0 added=0 exhausted=False cert=False
[clean-BPC  3466.47s] node 24 cg=2 phase=phase2 kind=heuristic_boost best_rc=-0.0 found=0 added=0 exhausted=True cert=True
[clean-BPC  3466.48s] route-pack-conflict diag node 24 source_vehicle=1 routes=5 U=4 complete=True cache_hit=True states=105 added=0
[clean-BPC  3467.45s] cut_added family=schedule_nogood_core node=24 added=1 source_vehicle=1 route_count=3 signatures=[[1, 16, 20, 19], [2, 7, 17], [3, 8, 5]]
[clean-BPC  3467.46s] node 24 d=6 lb=228.465959 open=15
[clean-BPC  3467.72s] node 24 cg=1 phase=phase1 obj=0.0 artificial=0.0 cols=4030
[clean-BPC  3468.00s] node 24 cg=2 phase=phase2 obj=228.465959 artificial=0.0 cols=4030
[clean-BPC  3471.30s] node 24 cg=2 phase=phase2 kind=heuristic best_rc=-0.0 found=0 added=0 exhausted=False cert=False
[clean-BPC  3483.44s] node 24 cg=2 phase=phase2 kind=heuristic_boost best_rc=-0.0 found=0 added=0 exhausted=True cert=True
[clean-BPC  3483.44s] route-pack-conflict diag node 24 source_vehicle=1 routes=5 U=4 complete=True cache_hit=False states=96 added=0
[clean-BPC  3484.41s] cut_added family=schedule_nogood_core node=24 added=2 source_vehicle=1 route_count=3 signatures=[[1, 16, 20, 19], [17, 7, 2], [3, 8, 5]]
[clean-BPC  3484.41s] node 24 d=6 lb=228.465959 open=15
[clean-BPC  3484.69s] node 24 cg=1 phase=phase1 obj=0.0 artificial=0.0 cols=4030
[clean-BPC  3484.97s] node 24 cg=2 phase=phase2 obj=228.740536 artificial=0.0 cols=4030
[clean-BPC  3488.33s] node 24 cg=2 phase=phase2 kind=heuristic best_rc=0.0 found=0 added=0 exhausted=False cert=False
[clean-BPC  3500.46s] node 24 cg=2 phase=phase2 kind=heuristic_boost best_rc=-0.0 found=0 added=0 exhausted=True cert=True
[clean-BPC  3502.79s] branch node 24: left=arc(7,17)=off right=arc(7,17)=on
[clean-BPC  3502.79s] node 40 d=6 lb=228.633763 open=16
[clean-BPC  3503.16s] node 40 cg=1 phase=phase1 obj=0.0 artificial=0.0 cols=4030
[clean-BPC  3503.54s] node 40 cg=2 phase=phase2 obj=228.792912 artificial=0.0 cols=4030
[clean-BPC  3507.27s] node 40 cg=2 phase=phase2 kind=heuristic best_rc=-0.193543 found=2 added=2 exhausted=False cert=False
[clean-BPC  3507.64s] node 40 cg=3 phase=phase2 obj=228.792912 artificial=0.0 cols=4032
[clean-BPC  3511.28s] node 40 cg=3 phase=phase2 kind=heuristic best_rc=0.0 found=0 added=0 exhausted=False cert=False
[clean-BPC  3522.61s] node 40 cg=3 phase=phase2 kind=heuristic_boost best_rc=-0.346582 found=2 added=2 exhausted=True cert=True
[clean-BPC  3522.98s] node 40 cg=4 phase=phase2 obj=228.792912 artificial=0.0 cols=4034
[clean-BPC  3526.66s] node 40 cg=4 phase=phase2 kind=heuristic best_rc=-0.0 found=0 added=0 exhausted=False cert=False
[clean-BPC  3537.90s] node 40 cg=4 phase=phase2 kind=heuristic_boost best_rc=-0.0 found=0 added=0 exhausted=True cert=True
[clean-BPC  3537.91s] route-pack-conflict diag node 40 source_vehicle=1 routes=5 U=3 complete=True cache_hit=False states=91 added=2
[clean-BPC  3537.91s] cut_added family=schedule_route_set_packing node=40 added=2 source=schedule_conflict first(vehicle=1, routes=5, U=3, states=91, cache_hit=False)
[clean-BPC  3537.91s] node 39 d=6 lb=228.633763 open=16
[clean-BPC  3538.32s] node 39 cg=1 phase=phase1 obj=0.0 artificial=0.0 cols=4034
[clean-BPC  3538.72s] node 39 cg=2 phase=phase2 obj=228.922442 artificial=0.0 cols=4034
[clean-BPC  3542.69s] node 39 cg=2 phase=phase2 kind=heuristic best_rc=-0.0 found=0 added=0 exhausted=False cert=False
[clean-BPC  3554.02s] node 39 cg=2 phase=phase2 kind=heuristic_boost best_rc=-0.0 found=0 added=0 exhausted=True cert=True
[clean-BPC  3554.02s] fathom node 39: reason=bound_after_schedule_pack bound=228.922442
[clean-BPC  3554.02s] node 12 d=4 lb=228.635562 open=15
[clean-BPC  3554.28s] node 12 cg=1 phase=phase1 obj=0.0 artificial=0.0 cols=4034
[clean-BPC  3554.55s] node 12 cg=2 phase=phase2 obj=228.635562 artificial=0.0 cols=4034
[clean-BPC  3557.65s] node 12 cg=2 phase=phase2 kind=heuristic best_rc=-0.0 found=0 added=0 exhausted=False cert=False
[clean-BPC  3573.09s] node 12 cg=2 phase=phase2 kind=heuristic_boost best_rc=-0.0 found=0 added=0 exhausted=True cert=True
[clean-BPC  3573.10s] route-pack-conflict diag node 12 source_vehicle=1 routes=5 U=3 complete=True cache_hit=False states=85 added=2
[clean-BPC  3573.10s] cut_added family=schedule_route_set_packing node=12 added=2 source=schedule_conflict first(vehicle=1, routes=5, U=3, states=85, cache_hit=False)
[clean-BPC  3573.10s] node 12 d=4 lb=228.635562 open=15
[clean-BPC  3573.36s] node 12 cg=1 phase=phase1 obj=0.0 artificial=0.0 cols=4034
[clean-BPC  3573.63s] node 12 cg=2 phase=phase2 obj=228.635562 artificial=0.0 cols=4034
[clean-BPC  3576.74s] node 12 cg=2 phase=phase2 kind=heuristic best_rc=-0.0 found=0 added=0 exhausted=False cert=False
[clean-BPC  3592.25s] node 12 cg=2 phase=phase2 kind=heuristic_boost best_rc=-0.0 found=0 added=0 exhausted=True cert=True
[clean-BPC  3595.00s] branch node 12: left=arc(7,17)=off right=arc(7,17)=on
[clean-BPC  3595.00s] node 49 d=5 lb=228.635562 open=16
[clean-BPC  3595.25s] node 49 cg=1 phase=phase1 obj=0.0 artificial=0.0 cols=4034
[clean-BPC  3595.53s] node 49 cg=2 phase=phase2 obj=228.667032 artificial=0.0 cols=4034
[clean-BPC  3598.97s] node 49 cg=2 phase=phase2 kind=heuristic best_rc=-0.0 found=0 added=0 exhausted=False cert=False
[clean-BPC  3611.10s] node 49 cg=2 phase=phase2 kind=heuristic_boost best_rc=-0.0 found=0 added=0 exhausted=True cert=True
[clean-BPC  3611.10s] fathom node 49: reason=time_limit_after_node_certificate bound=228.667032
[clean-BPC  3611.10s] finish status=TIME_LIMIT primal=228.922442 dual=None gap=None cuts=110 diag_dual=228.635562 diag_gap=0.001253 crossing=5 crossing_upgraded=0 subset_row=33 lm_rank1=0 sched_cost=0 pair=7 clique=3 route_pack=59 nogood=27 sched_cap=0 sched_pack_adapt=0/0 route_enum_adapt=0/0
bench_20_10: status=TIME_LIMIT, primal=228.922442, dual=None, gap=None, diag_dual=228.635562, diag_gap=0.001253, time=3611.104633s, nodes=58, rmp=285, pricing=355, routes=4034, cuts=110, crossing=5, crossing_upgraded=0, rci=5, kpath=0, pair=7, subset_row=33, lm_rank1=0, sched_cost=0, clique=3, route_pack=59, nogood=27, sched_cap=0, fleet_lb=0/0, fleet_oracle_U=None, fleet_oracle_states=0, fleet_oracle_exact=False, rim_calls=14, rim_feasible=1, rim_rejected=183, rim_pair=6, rim_route_pack=62, rim_ng=298, rim_sched_cap=0, sched_pack_status=None, sched_pack_obj=None, sched_pack_gap_root=None, sched_pack_cols=0, sched_pack_relax_calls=0, sched_pack_relax_best=None, sched_pack_full_exact=0, sched_pack_adapt=0/0, sched_pack_adapt_skip=0, route_enum_adapt=0/0, route_enum_adapt_skip=0, cuts_purged=24, branch_test_time=112.917201s
clean BPC CSV 已写入：/home/kai/work/gnn_bb/branchpricecut/results/20260522_bpc_clean_fleetlb_budget_long_20_regression.csv
