开始 clean BPC: instance=bench_20_01, tasks=20, vehicles=2, time_limit=3600s, max_nodes=100000, log=/home/kai/work/gnn_bb/branchpricecut/results/benchmark/20260520_213205_bpc_clean_fixed_cost_20_01_03/logs/bench_20_01.jsonl
[clean-BPC     0.00s] incumbent node 0: obj=268.440576
[clean-BPC     4.62s] incumbent node 0: obj=231.861044
[clean-BPC     4.62s] start: {'time': 4.61554, 'event': 'start', 'instance': 'bench_20_01', 'tasks': 20, 'vehicles': 2, 'initial_routes': 29, 'initial_incumbent': 231.861044, 'task_vehicle_linking_enabled': True, 'schedule_capacity_cuts_enabled': True}
[clean-BPC     4.62s] node 0 d=0 lb=0.0 open=0
[clean-BPC     4.71s] node 0 cg=1 phase=phase1 obj=0.0 artificial=0.0 cols=29
[clean-BPC     4.71s] node 0 cg=2 phase=phase2 obj=231.861044 artificial=0.0 cols=29
[clean-BPC    10.79s] node 0 cg=2 phase=phase2 kind=heuristic best_rc=-31.463176 found=135607 added=600 exhausted=False cert=False
[clean-BPC    10.81s] node 0 cg=3 phase=phase2 obj=231.861044 artificial=0.0 cols=629
[clean-BPC    14.85s] node 0 cg=3 phase=phase2 kind=heuristic best_rc=-15.13371 found=50082 added=600 exhausted=False cert=False
[clean-BPC    14.90s] node 0 cg=4 phase=phase2 obj=231.861044 artificial=0.0 cols=1229
[clean-BPC    17.92s] node 0 cg=4 phase=phase2 kind=heuristic best_rc=-13.957754 found=8885 added=600 exhausted=False cert=False
[clean-BPC    17.99s] node 0 cg=5 phase=phase2 obj=229.29788 artificial=0.0 cols=1829
[clean-BPC    20.86s] node 0 cg=5 phase=phase2 kind=heuristic best_rc=-4.306188 found=1051 added=600 exhausted=False cert=False
[clean-BPC    20.95s] node 0 cg=6 phase=phase2 obj=225.060126 artificial=0.0 cols=2429
[clean-BPC    23.85s] node 0 cg=6 phase=phase2 kind=heuristic best_rc=-1.376468474 found=29 added=29 exhausted=False cert=False
[clean-BPC    23.95s] node 0 cg=7 phase=phase2 obj=224.952684 artificial=0.0 cols=2458
[clean-BPC    26.82s] node 0 cg=7 phase=phase2 kind=heuristic best_rc=-0.463521167 found=4 added=4 exhausted=False cert=False
[clean-BPC    26.93s] node 0 cg=8 phase=phase2 obj=224.952684 artificial=0.0 cols=2462
[clean-BPC    29.85s] node 0 cg=8 phase=phase2 kind=heuristic best_rc=-0.0 found=0 added=0 exhausted=False cert=False
[clean-BPC    36.24s] node 0 cg=8 phase=phase2 kind=exact best_rc=-0.0 found=0 added=0 exhausted=True cert=True
[clean-BPC    37.71s] cut_added family=crossing_cut node=0 added=4 upgraded=0 first={'id': 0, 'tasks': [11, 16, 19, 20], 'demand': 10.0, 'capacity_bound': 2, 'resource_bound': 1, 'k_bound': 2, 'rhs': 4.0, 'source': 'capacity', 'violation': 1.0, 'action': 'add'}
[clean-BPC    37.86s] node 0 cg=9 phase=phase2 obj=225.494635 artificial=0.0 cols=2462
[clean-BPC    41.25s] node 0 cg=9 phase=phase2 kind=heuristic best_rc=-1.811430286 found=15 added=15 exhausted=False cert=False
[clean-BPC    41.39s] node 0 cg=10 phase=phase2 obj=225.406298 artificial=0.0 cols=2477
[clean-BPC    44.81s] node 0 cg=10 phase=phase2 kind=heuristic best_rc=-0.029692 found=2 added=2 exhausted=False cert=False
[clean-BPC    44.96s] node 0 cg=11 phase=phase2 obj=225.403174 artificial=0.0 cols=2479
[clean-BPC    48.44s] node 0 cg=11 phase=phase2 kind=heuristic best_rc=-0.0 found=0 added=0 exhausted=False cert=False
[clean-BPC    57.77s] node 0 cg=11 phase=phase2 kind=exact best_rc=-0.0 found=0 added=0 exhausted=True cert=True
[clean-BPC    59.02s] cut_added family=crossing_cut node=0 added=5 upgraded=0 first={'id': 4, 'tasks': [8, 14, 15, 17], 'demand': 10.0, 'capacity_bound': 2, 'resource_bound': 1, 'k_bound': 2, 'rhs': 4.0, 'source': 'capacity', 'violation': 0.857142857, 'action': 'add'}
[clean-BPC    59.21s] node 0 cg=12 phase=phase2 obj=225.616858 artificial=0.0 cols=2479
[clean-BPC    63.21s] node 0 cg=12 phase=phase2 kind=heuristic best_rc=-0.0 found=0 added=0 exhausted=False cert=False
[clean-BPC    77.69s] node 0 cg=12 phase=phase2 kind=exact best_rc=-0.0 found=0 added=0 exhausted=True cert=True
[clean-BPC    78.41s] cut_added family=crossing_cut node=0 added=3 upgraded=0 first={'id': 9, 'tasks': [3, 6, 16, 18, 19, 20], 'demand': 10.0, 'capacity_bound': 2, 'resource_bound': 1, 'k_bound': 2, 'rhs': 4.0, 'source': 'capacity', 'violation': 0.666666667, 'action': 'add'}
[clean-BPC    78.62s] node 0 cg=13 phase=phase2 obj=225.761901 artificial=0.0 cols=2479
[clean-BPC    82.90s] node 0 cg=13 phase=phase2 kind=heuristic best_rc=-0.123543667 found=2 added=2 exhausted=False cert=False
[clean-BPC    83.11s] node 0 cg=14 phase=phase2 obj=225.761901 artificial=0.0 cols=2481
[clean-BPC    87.48s] node 0 cg=14 phase=phase2 kind=heuristic best_rc=-0.0 found=0 added=0 exhausted=False cert=False
[clean-BPC   112.48s] node 0 cg=14 phase=phase2 kind=exact best_rc=-0.0 found=0 added=0 exhausted=True cert=True
[clean-BPC   112.50s] route-pack diag node 0 round=1 vehicles=2/2 support_max=8 cand=30 oracle=30 incomplete=0 not_tight=10 not_viol=19 dup=0 violated=1 added=1 max_viol=0.16666666666666652 states_max=1138
[clean-BPC   112.50s] cut_added family=schedule_route_set_packing node=0 added=1 first(vehicle=1, routes=7, U=4, y=0.5, viol=0.166666667, states=533)
[clean-BPC   112.71s] node 0 cg=15 phase=phase2 obj=225.761901 artificial=0.0 cols=2481
[clean-BPC   117.07s] node 0 cg=15 phase=phase2 kind=heuristic best_rc=-0.0 found=0 added=0 exhausted=False cert=False
[clean-BPC   142.69s] node 0 cg=15 phase=phase2 kind=exact best_rc=-0.0 found=0 added=0 exhausted=True cert=True
[clean-BPC   142.71s] route-pack diag node 0 round=2 vehicles=2/2 support_max=8 cand=31 oracle=31 incomplete=0 not_tight=11 not_viol=19 dup=0 violated=1 added=1 max_viol=0.16666666666666652 states_max=1138
[clean-BPC   142.71s] cut_added family=schedule_route_set_packing node=0 added=1 first(vehicle=2, routes=7, U=4, y=0.5, viol=0.166666667, states=548)
[clean-BPC   142.95s] node 0 cg=16 phase=phase2 obj=225.761901 artificial=0.0 cols=2481
[clean-BPC   147.10s] node 0 cg=16 phase=phase2 kind=heuristic best_rc=-0.0 found=0 added=0 exhausted=False cert=False
[clean-BPC   168.79s] node 0 cg=16 phase=phase2 kind=exact best_rc=-0.0 found=0 added=0 exhausted=True cert=True
[clean-BPC   168.80s] node 0 schedule-cap candidates={'1': 343, '2': 343}
[clean-BPC   182.90s] schedule-cap diag node 0 round=1 vehicles=2/2 cand=686 oracle=686 incomplete=0 not_tight=686 not_viol=0 dup=0 violated=0 added=0 max_viol=0.0 states_max=104382
[clean-BPC   183.52s] incumbent node 0: obj=226.210886
[clean-BPC     0.62s] restricted-MIP node 0 status=OPTIMAL obj=226.210886 accepted=True routes=2481 rejected=0 pair=0 ng=0 sched_cap=0 added_cuts=0 time=0.61762
[clean-BPC   186.89s] branch node 0: left=task_vehicle(12,2)=off right=task_vehicle(12,2)=on
[clean-BPC   186.89s] node 1 d=1 lb=225.761901 open=1
[clean-BPC   187.06s] node 1 cg=1 phase=phase1 obj=0.0 artificial=0.0 cols=2481
[clean-BPC   187.23s] node 1 cg=2 phase=phase2 obj=225.761901 artificial=0.0 cols=2481
[clean-BPC   191.41s] node 1 cg=2 phase=phase2 kind=heuristic best_rc=-0.0 found=0 added=0 exhausted=False cert=False
[clean-BPC   209.98s] node 1 cg=2 phase=phase2 kind=heuristic_boost best_rc=-1.296988583 found=22 added=22 exhausted=True cert=True
[clean-BPC   210.16s] node 1 cg=3 phase=phase2 obj=225.761901 artificial=0.0 cols=2503
[clean-BPC   214.23s] node 1 cg=3 phase=phase2 kind=heuristic best_rc=-0.0 found=0 added=0 exhausted=False cert=False
[clean-BPC   229.76s] node 1 cg=3 phase=phase2 kind=heuristic_boost best_rc=-0.3251935 found=2 added=2 exhausted=True cert=True
[clean-BPC   229.93s] node 1 cg=4 phase=phase2 obj=225.761901 artificial=0.0 cols=2505
[clean-BPC   233.96s] node 1 cg=4 phase=phase2 kind=heuristic best_rc=0.0 found=0 added=0 exhausted=False cert=False
[clean-BPC   248.61s] node 1 cg=4 phase=phase2 kind=heuristic_boost best_rc=-0.179505407 found=4 added=4 exhausted=True cert=True
[clean-BPC   248.78s] node 1 cg=5 phase=phase2 obj=225.761901 artificial=0.0 cols=2509
[clean-BPC   252.82s] node 1 cg=5 phase=phase2 kind=heuristic best_rc=-0.0 found=0 added=0 exhausted=False cert=False
[clean-BPC   267.64s] node 1 cg=5 phase=phase2 kind=heuristic_boost best_rc=-0.0 found=0 added=0 exhausted=True cert=True
[clean-BPC   267.65s] route-pack diag node 1 round=1 vehicles=1/2 support_max=8 cand=13 oracle=13 incomplete=0 not_tight=5 not_viol=7 dup=0 violated=1 added=1 max_viol=0.33333333333333304 states_max=937
[clean-BPC   267.65s] cut_added family=schedule_route_set_packing node=1 added=1 first(vehicle=1, routes=7, U=4, y=1.0, viol=0.333333333, states=429)
[clean-BPC   267.83s] node 1 cg=6 phase=phase2 obj=225.761901 artificial=0.0 cols=2509
[clean-BPC   271.92s] node 1 cg=6 phase=phase2 kind=heuristic best_rc=-0.0 found=0 added=0 exhausted=False cert=False
[clean-BPC   286.74s] node 1 cg=6 phase=phase2 kind=heuristic_boost best_rc=-0.0 found=0 added=0 exhausted=True cert=True
[clean-BPC   286.75s] route-pack diag node 1 round=2 vehicles=1/2 support_max=8 cand=15 oracle=15 incomplete=0 not_tight=5 not_viol=9 dup=0 violated=1 added=1 max_viol=0.33333333333333304 states_max=972
[clean-BPC   286.75s] cut_added family=schedule_route_set_packing node=1 added=1 first(vehicle=1, routes=7, U=4, y=1.0, viol=0.333333333, states=457)
[clean-BPC   286.93s] node 1 cg=7 phase=phase2 obj=225.761901 artificial=0.0 cols=2509
[clean-BPC   290.97s] node 1 cg=7 phase=phase2 kind=heuristic best_rc=-0.0 found=0 added=0 exhausted=False cert=False
[clean-BPC   305.71s] node 1 cg=7 phase=phase2 kind=heuristic_boost best_rc=-0.0 found=0 added=0 exhausted=True cert=True
[clean-BPC   305.71s] cut_added family=schedule_incompatibility node=1 added=1 pair=1 clique=0 first(kind=schedule_pair_conflict, vehicle=1, routes=2, U=1.0, y=1.0, viol=0.333333333)
[clean-BPC   305.89s] node 1 cg=8 phase=phase2 obj=225.761901 artificial=0.0 cols=2509
[clean-BPC   309.97s] node 1 cg=8 phase=phase2 kind=heuristic best_rc=-0.0 found=0 added=0 exhausted=False cert=False
[clean-BPC   324.92s] node 1 cg=8 phase=phase2 kind=heuristic_boost best_rc=-0.0 found=0 added=0 exhausted=True cert=True
[clean-BPC     0.51s] restricted-MIP node 1 status=OPTIMAL obj=226.210885 accepted=False routes=2509 rejected=0 pair=0 ng=0 sched_cap=0 added_cuts=0 time=0.508557
[clean-BPC   329.45s] branch node 1: left=arc(14,7)=off right=arc(14,7)=on
[clean-BPC   329.45s] node 2 d=1 lb=225.761901 open=2
[clean-BPC   329.60s] node 2 cg=1 phase=phase1 obj=0.0 artificial=0.0 cols=2509
[clean-BPC   329.78s] node 2 cg=2 phase=phase2 obj=325.761901 artificial=0.0 cols=2509
[clean-BPC   333.44s] node 2 cg=2 phase=phase2 kind=heuristic best_rc=0.0 found=0 added=0 exhausted=False cert=False
[clean-BPC   350.78s] node 2 cg=2 phase=phase2 kind=heuristic_boost best_rc=0.0 found=0 added=0 exhausted=True cert=True
[clean-BPC   350.78s] route-pack diag node 2 round=1 vehicles=2/2 support_max=4 cand=9 oracle=9 incomplete=0 not_tight=8 not_viol=1 dup=0 violated=0 added=0 max_viol=0.0 states_max=46
[clean-BPC   350.78s] fathom node 2: reason=bound bound=325.761901
[clean-BPC   350.78s] node 3 d=2 lb=225.761901 open=1
[clean-BPC   350.95s] node 3 cg=1 phase=phase1 obj=0.0 artificial=0.0 cols=2509
[clean-BPC   351.12s] node 3 cg=2 phase=phase2 obj=225.761901 artificial=0.0 cols=2509
[clean-BPC   355.33s] node 3 cg=2 phase=phase2 kind=heuristic best_rc=-0.0 found=0 added=0 exhausted=False cert=False
[clean-BPC   373.14s] node 3 cg=2 phase=phase2 kind=heuristic_boost best_rc=-0.605677667 found=11 added=11 exhausted=True cert=True
[clean-BPC   373.32s] node 3 cg=3 phase=phase2 obj=225.761901 artificial=0.0 cols=2520
[clean-BPC   377.49s] node 3 cg=3 phase=phase2 kind=heuristic best_rc=-0.0 found=0 added=0 exhausted=False cert=False
[clean-BPC   395.01s] node 3 cg=3 phase=phase2 kind=heuristic_boost best_rc=-0.0 found=0 added=0 exhausted=True cert=True
[clean-BPC   395.02s] route-pack diag node 3 round=1 vehicles=1/2 support_max=8 cand=13 oracle=13 incomplete=0 not_tight=5 not_viol=7 dup=0 violated=1 added=1 max_viol=0.33333333333333215 states_max=1084
[clean-BPC   395.02s] cut_added family=schedule_route_set_packing node=3 added=1 first(vehicle=1, routes=7, U=4, y=1.0, viol=0.333333333, states=507)
[clean-BPC   395.19s] node 3 cg=4 phase=phase2 obj=225.761901 artificial=0.0 cols=2520
[clean-BPC   399.41s] node 3 cg=4 phase=phase2 kind=heuristic best_rc=0.0 found=0 added=0 exhausted=False cert=False
[clean-BPC   416.86s] node 3 cg=4 phase=phase2 kind=heuristic_boost best_rc=0.0 found=0 added=0 exhausted=True cert=True
[clean-BPC   416.87s] route-pack diag node 3 round=2 vehicles=1/2 support_max=8 cand=15 oracle=15 incomplete=0 not_tight=6 not_viol=9 dup=0 violated=0 added=0 max_viol=0.0 states_max=956
[clean-BPC     0.58s] restricted-MIP node 3 status=OPTIMAL obj=226.210885 accepted=False routes=2520 rejected=0 pair=0 ng=0 sched_cap=0 added_cuts=0 time=0.581511
[clean-BPC   422.25s] branch node 3: left=RF(12,17)=separate right=RF(12,17)=same
[clean-BPC   422.25s] node 4 d=2 lb=225.761901 open=2
[clean-BPC   422.41s] node 4 cg=1 phase=phase1 obj=0.0 artificial=0.0 cols=2520
[clean-BPC   422.59s] node 4 cg=2 phase=phase2 obj=227.226046 artificial=0.0 cols=2520
[clean-BPC   426.42s] node 4 cg=2 phase=phase2 kind=heuristic best_rc=-0.419007333 found=2 added=2 exhausted=False cert=False
[clean-BPC   426.59s] node 4 cg=3 phase=phase2 obj=227.203637 artificial=0.0 cols=2522
[clean-BPC   430.42s] node 4 cg=3 phase=phase2 kind=heuristic best_rc=-0.0 found=0 added=0 exhausted=False cert=False
[clean-BPC   443.00s] node 4 cg=3 phase=phase2 kind=heuristic_boost best_rc=-0.323529233 found=18 added=18 exhausted=True cert=True
[clean-BPC   443.18s] node 4 cg=4 phase=phase2 obj=227.203637 artificial=0.0 cols=2540
[clean-BPC   447.10s] node 4 cg=4 phase=phase2 kind=heuristic best_rc=0.0 found=0 added=0 exhausted=False cert=False
[clean-BPC   461.38s] node 4 cg=4 phase=phase2 kind=heuristic_boost best_rc=0.0 found=0 added=0 exhausted=True cert=True
[clean-BPC   461.71s] route-pack diag node 4 round=1 vehicles=1/2 support_max=19 cand=33 oracle=33 incomplete=0 not_tight=5 not_viol=18 dup=0 violated=10 added=5 max_viol=0.5333333333333332 states_max=26399
[clean-BPC   461.71s] cut_added family=schedule_route_set_packing node=4 added=5 first(vehicle=1, routes=16, U=4, y=1.0, viol=0.533333333, states=22722)
[clean-BPC   461.89s] node 4 cg=5 phase=phase2 obj=227.203637 artificial=0.0 cols=2540
[clean-BPC   465.89s] node 4 cg=5 phase=phase2 kind=heuristic best_rc=0.0 found=0 added=0 exhausted=False cert=False
[clean-BPC   480.71s] node 4 cg=5 phase=phase2 kind=heuristic_boost best_rc=0.0 found=0 added=0 exhausted=True cert=True
[clean-BPC   481.11s] route-pack diag node 4 round=2 vehicles=1/2 support_max=19 cand=35 oracle=35 incomplete=0 not_tight=4 not_viol=11 dup=0 violated=20 added=5 max_viol=1.166666666666666 states_max=20895
[clean-BPC   481.11s] cut_added family=schedule_route_set_packing node=4 added=5 first(vehicle=1, routes=9, U=3, y=1.0, viol=1.166666667, states=1248)
[clean-BPC   481.30s] node 4 cg=6 phase=phase2 obj=227.203637 artificial=0.0 cols=2540
[clean-BPC   485.23s] node 4 cg=6 phase=phase2 kind=heuristic best_rc=0.0 found=0 added=0 exhausted=False cert=False
[clean-BPC   500.05s] node 4 cg=6 phase=phase2 kind=heuristic_boost best_rc=0.0 found=0 added=0 exhausted=True cert=True
[clean-BPC   500.05s] fathom node 4: reason=bound bound=227.203637
[clean-BPC   500.05s] node 5 d=3 lb=225.761901 open=1
[clean-BPC   500.22s] node 5 cg=1 phase=phase1 obj=0.0 artificial=0.0 cols=2540
[clean-BPC   500.40s] node 5 cg=2 phase=phase2 obj=225.958242 artificial=0.0 cols=2540
[clean-BPC   504.52s] node 5 cg=2 phase=phase2 kind=heuristic best_rc=0.0 found=0 added=0 exhausted=False cert=False
[clean-BPC   520.32s] node 5 cg=2 phase=phase2 kind=heuristic_boost best_rc=0.0 found=0 added=0 exhausted=True cert=True
[clean-BPC     0.45s] restricted-MIP node 5 status=OPTIMAL obj=226.210886 accepted=False routes=2540 rejected=0 pair=0 ng=0 sched_cap=0 added_cuts=0 time=0.453753
[clean-BPC   526.56s] branch node 5: left=RF(7,10)=separate right=RF(7,10)=same
[clean-BPC   526.56s] node 6 d=3 lb=225.761901 open=2
[clean-BPC   526.68s] node 6 cg=1 phase=phase1 obj=0.0 artificial=0.0 cols=2540
[clean-BPC   526.81s] node 6 cg=2 phase=phase2 obj=226.730207 artificial=0.0 cols=2540
[clean-BPC   529.64s] node 6 cg=2 phase=phase2 kind=heuristic best_rc=-1.021219667 found=25 added=25 exhausted=False cert=False
[clean-BPC   529.77s] node 6 cg=3 phase=phase2 obj=226.730207 artificial=0.0 cols=2565
[clean-BPC   532.76s] node 6 cg=3 phase=phase2 kind=heuristic best_rc=-0.0 found=0 added=0 exhausted=False cert=False
[clean-BPC   544.94s] node 6 cg=3 phase=phase2 kind=heuristic_boost best_rc=-0.717922 found=8 added=8 exhausted=True cert=True
[clean-BPC   545.08s] node 6 cg=4 phase=phase2 obj=226.730207 artificial=0.0 cols=2573
[clean-BPC   548.16s] node 6 cg=4 phase=phase2 kind=heuristic best_rc=-0.0 found=0 added=0 exhausted=False cert=False
[clean-BPC   560.29s] node 6 cg=4 phase=phase2 kind=heuristic_boost best_rc=-0.73831925 found=22 added=22 exhausted=True cert=True
[clean-BPC   560.43s] node 6 cg=5 phase=phase2 obj=226.730207 artificial=0.0 cols=2595
[clean-BPC   563.38s] node 6 cg=5 phase=phase2 kind=heuristic best_rc=0.0 found=0 added=0 exhausted=False cert=False
[clean-BPC   575.41s] node 6 cg=5 phase=phase2 kind=heuristic_boost best_rc=-0.679887 found=10 added=10 exhausted=True cert=True
[clean-BPC   575.55s] node 6 cg=6 phase=phase2 obj=226.730207 artificial=0.0 cols=2605
[clean-BPC   578.50s] node 6 cg=6 phase=phase2 kind=heuristic best_rc=0.0 found=0 added=0 exhausted=False cert=False
[clean-BPC   590.52s] node 6 cg=6 phase=phase2 kind=heuristic_boost best_rc=-0.0 found=0 added=0 exhausted=True cert=True
[clean-BPC   590.52s] fathom node 6: reason=bound bound=226.730207
[clean-BPC   590.52s] node 7 d=4 lb=225.958242 open=1
[clean-BPC   590.69s] node 7 cg=1 phase=phase1 obj=0.0 artificial=0.0 cols=2605
[clean-BPC   590.88s] node 7 cg=2 phase=phase2 obj=226.029945 artificial=0.0 cols=2605
[clean-BPC   594.84s] node 7 cg=2 phase=phase2 kind=heuristic best_rc=-0.0 found=0 added=0 exhausted=False cert=False
[clean-BPC   609.45s] node 7 cg=2 phase=phase2 kind=heuristic_boost best_rc=-0.0 found=0 added=0 exhausted=True cert=True
[clean-BPC   612.96s] branch node 7: left=RF(8,11)=separate right=RF(8,11)=same
[clean-BPC   612.96s] node 8 d=4 lb=225.958242 open=2
[clean-BPC   613.07s] node 8 cg=1 phase=phase1 obj=0.0 artificial=0.0 cols=2605
[clean-BPC   613.17s] node 8 cg=2 phase=phase2 obj=227.455338 artificial=0.0 cols=2605
[clean-BPC   616.56s] node 8 cg=2 phase=phase2 kind=heuristic best_rc=-3.816430375 found=416 added=416 exhausted=False cert=False
[clean-BPC   616.69s] node 8 cg=3 phase=phase2 obj=226.223439 artificial=0.0 cols=3021
[clean-BPC   620.33s] node 8 cg=3 phase=phase2 kind=heuristic best_rc=0.0 found=0 added=0 exhausted=False cert=False
[clean-BPC   636.48s] node 8 cg=3 phase=phase2 kind=heuristic_boost best_rc=-0.473961429 found=16 added=16 exhausted=True cert=True
[clean-BPC   636.63s] node 8 cg=4 phase=phase2 obj=226.223439 artificial=0.0 cols=3037
[clean-BPC   640.21s] node 8 cg=4 phase=phase2 kind=heuristic best_rc=0.0 found=0 added=0 exhausted=False cert=False
[clean-BPC   654.28s] node 8 cg=4 phase=phase2 kind=heuristic_boost best_rc=-0.1312555 found=12 added=12 exhausted=True cert=True
[clean-BPC   654.42s] node 8 cg=5 phase=phase2 obj=226.223439 artificial=0.0 cols=3049
[clean-BPC   657.92s] node 8 cg=5 phase=phase2 kind=heuristic best_rc=-0.370144 found=3 added=3 exhausted=False cert=False
[clean-BPC   658.06s] node 8 cg=6 phase=phase2 obj=226.223439 artificial=0.0 cols=3052
[clean-BPC   661.65s] node 8 cg=6 phase=phase2 kind=heuristic best_rc=-0.0018215 found=2 added=2 exhausted=False cert=False
[clean-BPC   661.79s] node 8 cg=7 phase=phase2 obj=226.223439 artificial=0.0 cols=3054
[clean-BPC   665.32s] node 8 cg=7 phase=phase2 kind=heuristic best_rc=-0.0 found=0 added=0 exhausted=False cert=False
[clean-BPC   681.10s] node 8 cg=7 phase=phase2 kind=heuristic_boost best_rc=-0.617780088 found=19 added=19 exhausted=True cert=True
[clean-BPC   681.25s] node 8 cg=8 phase=phase2 obj=226.223439 artificial=0.0 cols=3073
[clean-BPC   684.85s] node 8 cg=8 phase=phase2 kind=heuristic best_rc=-0.0 found=0 added=0 exhausted=False cert=False
[clean-BPC   701.36s] node 8 cg=8 phase=phase2 kind=heuristic_boost best_rc=-0.0 found=0 added=0 exhausted=True cert=True
[clean-BPC   701.36s] fathom node 8: reason=bound bound=226.223439
[clean-BPC   701.36s] node 9 d=5 lb=226.029945 open=1
[clean-BPC   701.54s] node 9 cg=1 phase=phase1 obj=0.0 artificial=0.0 cols=3073
[clean-BPC   701.71s] node 9 cg=2 phase=phase2 obj=226.210886 artificial=0.0 cols=3073
[clean-BPC   705.63s] node 9 cg=2 phase=phase2 kind=heuristic best_rc=-0.061981333 found=4 added=4 exhausted=False cert=False
[clean-BPC   705.81s] node 9 cg=3 phase=phase2 obj=226.210886 artificial=0.0 cols=3077
[clean-BPC   709.75s] node 9 cg=3 phase=phase2 kind=heuristic best_rc=-0.0 found=0 added=0 exhausted=False cert=False
[clean-BPC   724.00s] node 9 cg=3 phase=phase2 kind=heuristic_boost best_rc=-0.0 found=0 added=0 exhausted=True cert=True
[clean-BPC   724.00s] fathom node 9: reason=bound bound=226.210886
[clean-BPC   724.00s] node 10 d=5 lb=226.029945 open=0
[clean-BPC   724.13s] node 10 cg=1 phase=phase1 obj=0.0 artificial=0.0 cols=3077
[clean-BPC   724.24s] node 10 cg=2 phase=phase2 obj=227.310309 artificial=0.0 cols=3077
[clean-BPC   727.78s] node 10 cg=2 phase=phase2 kind=heuristic best_rc=-1.916351 found=108 added=108 exhausted=False cert=False
[clean-BPC   727.91s] node 10 cg=3 phase=phase2 obj=227.310309 artificial=0.0 cols=3185
[clean-BPC   731.44s] node 10 cg=3 phase=phase2 kind=heuristic best_rc=-0.291805 found=9 added=9 exhausted=False cert=False
[clean-BPC   731.56s] node 10 cg=4 phase=phase2 obj=227.310309 artificial=0.0 cols=3194
[clean-BPC   735.08s] node 10 cg=4 phase=phase2 kind=heuristic best_rc=-0.0 found=0 added=0 exhausted=False cert=False
[clean-BPC   748.19s] node 10 cg=4 phase=phase2 kind=heuristic_boost best_rc=-6.10844 found=1058 added=1000 exhausted=True cert=True
[clean-BPC   748.42s] node 10 cg=5 phase=phase2 obj=227.310309 artificial=0.0 cols=4194
[clean-BPC   751.90s] node 10 cg=5 phase=phase2 kind=heuristic best_rc=0.0 found=0 added=0 exhausted=False cert=False
[clean-BPC   765.14s] node 10 cg=5 phase=phase2 kind=heuristic_boost best_rc=0.0 found=0 added=0 exhausted=True cert=True
[clean-BPC   765.14s] fathom node 10: reason=bound bound=227.310309
[clean-BPC   765.14s] finish status=OPTIMAL primal=226.210886 dual=226.210886 gap=0.0 cuts=28 diag_dual=226.210886 diag_gap=0.0 crossing=12 crossing_upgraded=0 pair=1 clique=0 route_pack=15 nogood=0 sched_cap=0
bench_20_01: status=OPTIMAL, primal=226.210886, dual=226.210886, gap=0.0, diag_dual=226.210886, diag_gap=0.0, time=765.137344s, nodes=11, rmp=62, pricing=85, routes=4194, cuts=28, crossing=12, crossing_upgraded=0, rci=12, kpath=0, pair=1, clique=0, route_pack=15, nogood=0, sched_cap=0, rim_calls=4, rim_feasible=1, rim_rejected=0, rim_pair=0, rim_ng=0, rim_sched_cap=0, cuts_purged=0, branch_test_time=21.467819s
开始 clean BPC: instance=bench_20_02, tasks=20, vehicles=2, time_limit=3600s, max_nodes=100000, log=/home/kai/work/gnn_bb/branchpricecut/results/benchmark/20260520_213205_bpc_clean_fixed_cost_20_01_03/logs/bench_20_02.jsonl
[clean-BPC     0.00s] incumbent node 0: obj=276.966512
[clean-BPC     6.74s] incumbent node 0: obj=237.436094
[clean-BPC     6.74s] start: {'time': 6.735285, 'event': 'start', 'instance': 'bench_20_02', 'tasks': 20, 'vehicles': 2, 'initial_routes': 30, 'initial_incumbent': 237.436094, 'task_vehicle_linking_enabled': True, 'schedule_capacity_cuts_enabled': True}
[clean-BPC     6.74s] node 0 d=0 lb=0.0 open=0
[clean-BPC     6.74s] node 0 cg=1 phase=phase1 obj=0.0 artificial=0.0 cols=30
[clean-BPC     6.74s] node 0 cg=2 phase=phase2 obj=237.436094 artificial=0.0 cols=30
[clean-BPC    14.63s] node 0 cg=2 phase=phase2 kind=heuristic best_rc=-37.172232 found=211856 added=600 exhausted=False cert=False
[clean-BPC    14.65s] node 0 cg=3 phase=phase2 obj=237.436094 artificial=0.0 cols=630
[clean-BPC    18.20s] node 0 cg=3 phase=phase2 kind=heuristic best_rc=-12.004053 found=28142 added=600 exhausted=False cert=False
[clean-BPC    18.25s] node 0 cg=4 phase=phase2 obj=236.421558 artificial=0.0 cols=1230
[clean-BPC    21.30s] node 0 cg=4 phase=phase2 kind=heuristic best_rc=-12.86408 found=11576 added=600 exhausted=False cert=False
[clean-BPC    21.37s] node 0 cg=5 phase=phase2 obj=230.042712 artificial=0.0 cols=1830
[clean-BPC    24.26s] node 0 cg=5 phase=phase2 kind=heuristic best_rc=-3.429166 found=291 added=291 exhausted=False cert=False
[clean-BPC    24.35s] node 0 cg=6 phase=phase2 obj=227.883573 artificial=0.0 cols=2121
[clean-BPC    27.27s] node 0 cg=6 phase=phase2 kind=heuristic best_rc=-2.593093333 found=60 added=60 exhausted=False cert=False
[clean-BPC    27.36s] node 0 cg=7 phase=phase2 obj=227.883573 artificial=0.0 cols=2181
[clean-BPC    30.27s] node 0 cg=7 phase=phase2 kind=heuristic best_rc=-0.0 found=0 added=0 exhausted=False cert=False
[clean-BPC    36.85s] node 0 cg=7 phase=phase2 kind=exact best_rc=-0.0 found=0 added=0 exhausted=True cert=True
[clean-BPC    37.77s] cut_added family=crossing_cut node=0 added=2 upgraded=0 first={'id': 0, 'tasks': [8, 10, 14, 17], 'demand': 11.0, 'capacity_bound': 2, 'resource_bound': 1, 'k_bound': 2, 'rhs': 4.0, 'source': 'capacity', 'violation': 0.666666667, 'action': 'add'}
[clean-BPC    37.87s] node 0 cg=8 phase=phase2 obj=228.114658 artificial=0.0 cols=2181
[clean-BPC    41.23s] node 0 cg=8 phase=phase2 kind=heuristic best_rc=-0.122286 found=6 added=6 exhausted=False cert=False
[clean-BPC    41.33s] node 0 cg=9 phase=phase2 obj=228.114658 artificial=0.0 cols=2187
[clean-BPC    44.57s] node 0 cg=9 phase=phase2 kind=heuristic best_rc=0.0 found=0 added=0 exhausted=False cert=False
[clean-BPC    52.88s] node 0 cg=9 phase=phase2 kind=exact best_rc=0.0 found=0 added=0 exhausted=True cert=True
[clean-BPC    53.38s] cut_added family=crossing_cut node=0 added=5 upgraded=0 first={'id': 2, 'tasks': [2, 3, 8, 20], 'demand': 10.0, 'capacity_bound': 2, 'resource_bound': 1, 'k_bound': 2, 'rhs': 4.0, 'source': 'capacity', 'violation': 0.666666667, 'action': 'add'}
[clean-BPC    53.51s] node 0 cg=10 phase=phase2 obj=228.223964 artificial=0.0 cols=2187
[clean-BPC    57.15s] node 0 cg=10 phase=phase2 kind=heuristic best_rc=-0.686099333 found=134 added=134 exhausted=False cert=False
[clean-BPC    57.30s] node 0 cg=11 phase=phase2 obj=228.22371 artificial=0.0 cols=2321
[clean-BPC    60.78s] node 0 cg=11 phase=phase2 kind=heuristic best_rc=0.0 found=0 added=0 exhausted=False cert=False
[clean-BPC    70.63s] node 0 cg=11 phase=phase2 kind=exact best_rc=0.0 found=0 added=0 exhausted=True cert=True
[clean-BPC    71.84s] cut_added family=crossing_cut node=0 added=3 upgraded=0 first={'id': 7, 'tasks': [9, 11, 14, 17], 'demand': 10.0, 'capacity_bound': 2, 'resource_bound': 1, 'k_bound': 2, 'rhs': 4.0, 'source': 'capacity', 'violation': 0.526315789, 'action': 'add'}
[clean-BPC    72.02s] node 0 cg=12 phase=phase2 obj=228.39887 artificial=0.0 cols=2321
[clean-BPC    75.65s] node 0 cg=12 phase=phase2 kind=heuristic best_rc=-0.200393 found=2 added=2 exhausted=False cert=False
[clean-BPC    75.82s] node 0 cg=13 phase=phase2 obj=228.39887 artificial=0.0 cols=2323
[clean-BPC    79.52s] node 0 cg=13 phase=phase2 kind=heuristic best_rc=-0.0 found=0 added=0 exhausted=False cert=False
[clean-BPC    92.08s] node 0 cg=13 phase=phase2 kind=exact best_rc=-0.0 found=0 added=0 exhausted=True cert=True
[clean-BPC    92.15s] route-pack diag node 0 round=1 vehicles=2/2 support_max=10 cand=43 oracle=43 incomplete=0 not_tight=10 not_viol=29 dup=0 violated=4 added=4 max_viol=0.3333333333333337 states_max=2802
[clean-BPC    92.15s] cut_added family=schedule_route_set_packing node=0 added=4 first(vehicle=1, routes=7, U=3, y=0.5, viol=0.333333333, states=467)
[clean-BPC    92.33s] node 0 cg=14 phase=phase2 obj=228.39887 artificial=0.0 cols=2323
[clean-BPC    96.07s] node 0 cg=14 phase=phase2 kind=heuristic best_rc=-0.0 found=0 added=0 exhausted=False cert=False
[clean-BPC   108.06s] node 0 cg=14 phase=phase2 kind=exact best_rc=-0.0 found=0 added=0 exhausted=True cert=True
[clean-BPC   108.12s] route-pack diag node 0 round=2 vehicles=2/2 support_max=10 cand=44 oracle=44 incomplete=0 not_tight=8 not_viol=29 dup=0 violated=7 added=5 max_viol=0.33333333333333326 states_max=2829
[clean-BPC   108.12s] cut_added family=schedule_route_set_packing node=0 added=5 first(vehicle=1, routes=7, U=3, y=0.5, viol=0.333333333, states=389)
[clean-BPC   108.28s] node 0 cg=15 phase=phase2 obj=228.39887 artificial=0.0 cols=2323
[clean-BPC   112.13s] node 0 cg=15 phase=phase2 kind=heuristic best_rc=0.0 found=0 added=0 exhausted=False cert=False
[clean-BPC   124.90s] node 0 cg=15 phase=phase2 kind=exact best_rc=0.0 found=0 added=0 exhausted=True cert=True
[clean-BPC   124.91s] node 0 schedule-cap candidates={'1': 351, '2': 349}
[clean-BPC   150.39s] schedule-cap diag node 0 round=1 vehicles=2/2 cand=700 oracle=700 incomplete=0 not_tight=700 not_viol=0 dup=0 violated=0 added=0 max_viol=0.0 states_max=107078
[clean-BPC   187.20s] rim-conflict diag node 0 conflicts=12 pair_events=0 pair_cuts=0 schedcap_events=0 schedcap_cuts=0 nogood_events=0 nogood_cuts=0 weak_skip=12
[clean-BPC    20.48s] restricted-MIP node 0 status=TIME_LIMIT obj=None accepted=False routes=2323 rejected=12 pair=0 ng=24 sched_cap=0 added_cuts=0 time=20.475807
[clean-BPC   190.34s] branch node 0: left=task_vehicle(11,1)=off right=task_vehicle(11,1)=on
[clean-BPC   190.34s] node 1 d=1 lb=228.39887 open=1
[clean-BPC   190.48s] node 1 cg=1 phase=phase1 obj=0.0 artificial=0.0 cols=2323
[clean-BPC   190.64s] node 1 cg=2 phase=phase2 obj=328.39887 artificial=0.0 cols=2323
[clean-BPC   194.18s] node 1 cg=2 phase=phase2 kind=heuristic best_rc=0.0 found=0 added=0 exhausted=False cert=False
[clean-BPC   205.06s] node 1 cg=2 phase=phase2 kind=heuristic_boost best_rc=0.0 found=0 added=0 exhausted=True cert=True
[clean-BPC   205.06s] route-pack diag node 1 round=1 vehicles=2/2 support_max=6 cand=14 oracle=14 incomplete=0 not_tight=8 not_viol=6 dup=0 violated=0 added=0 max_viol=0.0 states_max=299
[clean-BPC   205.06s] fathom node 1: reason=bound bound=328.39887
[clean-BPC   205.06s] node 2 d=1 lb=228.39887 open=0
[clean-BPC   205.21s] node 2 cg=1 phase=phase1 obj=0.0 artificial=0.0 cols=2323
[clean-BPC   205.37s] node 2 cg=2 phase=phase2 obj=228.39887 artificial=0.0 cols=2323
[clean-BPC   209.08s] node 2 cg=2 phase=phase2 kind=heuristic best_rc=-0.0 found=0 added=0 exhausted=False cert=False
[clean-BPC   221.08s] node 2 cg=2 phase=phase2 kind=heuristic_boost best_rc=-0.0 found=0 added=0 exhausted=True cert=True
[clean-BPC   221.11s] route-pack diag node 2 round=1 vehicles=1/2 support_max=10 cand=22 oracle=22 incomplete=0 not_tight=5 not_viol=16 dup=0 violated=1 added=1 max_viol=0.3333333333333339 states_max=2976
[clean-BPC   221.11s] cut_added family=schedule_route_set_packing node=2 added=1 first(vehicle=1, routes=9, U=4, y=1.0, viol=0.333333333, states=1479)
[clean-BPC   221.28s] node 2 cg=3 phase=phase2 obj=228.39887 artificial=0.0 cols=2323
[clean-BPC   225.05s] node 2 cg=3 phase=phase2 kind=heuristic best_rc=0.0 found=0 added=0 exhausted=False cert=False
[clean-BPC   236.56s] node 2 cg=3 phase=phase2 kind=heuristic_boost best_rc=0.0 found=0 added=0 exhausted=True cert=True
[clean-BPC   236.62s] route-pack diag node 2 round=2 vehicles=1/2 support_max=12 cand=25 oracle=25 incomplete=0 not_tight=6 not_viol=19 dup=0 violated=0 added=0 max_viol=0.0 states_max=7169
[clean-BPC   274.41s] rim-conflict diag node 2 conflicts=13 pair_events=0 pair_cuts=0 schedcap_events=0 schedcap_cuts=0 nogood_events=0 nogood_cuts=0 weak_skip=13
[clean-BPC    20.35s] restricted-MIP node 2 status=TIME_LIMIT obj=None accepted=False routes=2323 rejected=13 pair=0 ng=26 sched_cap=0 added_cuts=0 time=20.350741
[clean-BPC   278.83s] branch node 2: left=RF(11,17)=separate right=RF(11,17)=same
[clean-BPC   278.83s] node 3 d=2 lb=228.39887 open=1
[clean-BPC   278.97s] node 3 cg=1 phase=phase1 obj=0.0 artificial=0.0 cols=2323
[clean-BPC   279.13s] node 3 cg=2 phase=phase2 obj=228.420237 artificial=0.0 cols=2323
[clean-BPC   282.57s] node 3 cg=2 phase=phase2 kind=heuristic best_rc=0.0 found=0 added=0 exhausted=False cert=False
[clean-BPC   291.73s] node 3 cg=2 phase=phase2 kind=heuristic_boost best_rc=-0.018212 found=2 added=2 exhausted=True cert=True
[clean-BPC   291.88s] node 3 cg=3 phase=phase2 obj=228.420237 artificial=0.0 cols=2325
[clean-BPC   295.35s] node 3 cg=3 phase=phase2 kind=heuristic best_rc=0.0 found=0 added=0 exhausted=False cert=False
[clean-BPC   305.86s] node 3 cg=3 phase=phase2 kind=heuristic_boost best_rc=-1.295618444 found=72 added=72 exhausted=True cert=True
[clean-BPC   306.03s] node 3 cg=4 phase=phase2 obj=228.420237 artificial=0.0 cols=2397
[clean-BPC   309.62s] node 3 cg=4 phase=phase2 kind=heuristic best_rc=-0.082775 found=2 added=2 exhausted=False cert=False
[clean-BPC   309.78s] node 3 cg=5 phase=phase2 obj=228.420237 artificial=0.0 cols=2399
[clean-BPC   313.29s] node 3 cg=5 phase=phase2 kind=heuristic best_rc=0.0 found=0 added=0 exhausted=False cert=False
[clean-BPC   322.64s] node 3 cg=5 phase=phase2 kind=heuristic_boost best_rc=-1.241525 found=23 added=23 exhausted=True cert=True
[clean-BPC   322.80s] node 3 cg=6 phase=phase2 obj=228.420237 artificial=0.0 cols=2422
[clean-BPC   326.21s] node 3 cg=6 phase=phase2 kind=heuristic best_rc=0.0 found=0 added=0 exhausted=False cert=False
[clean-BPC   335.17s] node 3 cg=6 phase=phase2 kind=heuristic_boost best_rc=-0.320865 found=3 added=3 exhausted=True cert=True
[clean-BPC   335.35s] node 3 cg=7 phase=phase2 obj=228.420237 artificial=0.0 cols=2425
[clean-BPC   338.81s] node 3 cg=7 phase=phase2 kind=heuristic best_rc=0.095544 found=0 added=0 exhausted=False cert=False
[clean-BPC   349.64s] node 3 cg=7 phase=phase2 kind=heuristic_boost best_rc=0.095544 found=0 added=0 exhausted=True cert=True
[clean-BPC   349.67s] route-pack diag node 3 round=1 vehicles=1/2 support_max=10 cand=18 oracle=18 incomplete=0 not_tight=6 not_viol=10 dup=0 violated=2 added=2 max_viol=0.666666666666667 states_max=2501
[clean-BPC   349.67s] cut_added family=schedule_route_set_packing node=3 added=2 first(vehicle=1, routes=10, U=4, y=1.0, viol=0.666666667, states=2501)
[clean-BPC   349.84s] node 3 cg=8 phase=phase2 obj=228.420237 artificial=0.0 cols=2425
[clean-BPC   353.38s] node 3 cg=8 phase=phase2 kind=heuristic best_rc=0.095544 found=0 added=0 exhausted=False cert=False
[clean-BPC   364.52s] node 3 cg=8 phase=phase2 kind=heuristic_boost best_rc=0.095544 found=0 added=0 exhausted=True cert=True
[clean-BPC   364.55s] route-pack diag node 3 round=2 vehicles=1/2 support_max=10 cand=18 oracle=18 incomplete=0 not_tight=5 not_viol=10 dup=0 violated=3 added=3 max_viol=0.666666666666667 states_max=2361
[clean-BPC   364.55s] cut_added family=schedule_route_set_packing node=3 added=3 first(vehicle=1, routes=10, U=4, y=1.0, viol=0.666666667, states=2361)
[clean-BPC   364.72s] node 3 cg=9 phase=phase2 obj=228.420237 artificial=0.0 cols=2425
[clean-BPC   368.23s] node 3 cg=9 phase=phase2 kind=heuristic best_rc=0.095544 found=0 added=0 exhausted=False cert=False
[clean-BPC   378.91s] node 3 cg=9 phase=phase2 kind=heuristic_boost best_rc=0.095544 found=0 added=0 exhausted=True cert=True
[clean-BPC   417.39s] rim-conflict diag node 3 conflicts=11 pair_events=0 pair_cuts=0 schedcap_events=0 schedcap_cuts=0 nogood_events=0 nogood_cuts=0 weak_skip=11
[clean-BPC    20.51s] restricted-MIP node 3 status=TIME_LIMIT obj=None accepted=False routes=2425 rejected=11 pair=0 ng=22 sched_cap=0 added_cuts=0 time=20.507273
[clean-BPC   422.59s] branch node 3: left=RF(11,14)=separate right=RF(11,14)=same
[clean-BPC   422.59s] node 4 d=2 lb=228.39887 open=2
[clean-BPC   422.73s] node 4 cg=1 phase=phase1 obj=0.0 artificial=0.0 cols=2425
[clean-BPC   422.85s] node 4 cg=2 phase=phase2 obj=231.591621 artificial=0.0 cols=2425
[clean-BPC   426.01s] node 4 cg=2 phase=phase2 kind=heuristic best_rc=-2.273718 found=145 added=145 exhausted=False cert=False
[clean-BPC   426.14s] node 4 cg=3 phase=phase2 obj=229.39794 artificial=0.0 cols=2570
[clean-BPC   429.31s] node 4 cg=3 phase=phase2 kind=heuristic best_rc=-0.0984615 found=4 added=4 exhausted=False cert=False
[clean-BPC   429.46s] node 4 cg=4 phase=phase2 obj=229.39794 artificial=0.0 cols=2574
[clean-BPC   432.69s] node 4 cg=4 phase=phase2 kind=heuristic best_rc=0.0 found=0 added=0 exhausted=False cert=False
[clean-BPC   442.14s] node 4 cg=4 phase=phase2 kind=heuristic_boost best_rc=-2.510120667 found=188 added=188 exhausted=True cert=True
[clean-BPC   442.30s] node 4 cg=5 phase=phase2 obj=229.39794 artificial=0.0 cols=2762
[clean-BPC   445.58s] node 4 cg=5 phase=phase2 kind=heuristic best_rc=-0.0 found=0 added=0 exhausted=False cert=False
[clean-BPC   454.85s] node 4 cg=5 phase=phase2 kind=heuristic_boost best_rc=-0.0 found=0 added=0 exhausted=True cert=True
[clean-BPC   454.85s] route-pack diag node 4 round=1 vehicles=1/2 support_max=5 cand=7 oracle=7 incomplete=0 not_tight=5 not_viol=0 dup=0 violated=2 added=2 max_viol=1.0 states_max=120
[clean-BPC   454.85s] cut_added family=schedule_route_set_packing node=4 added=2 first(vehicle=1, routes=5, U=4, y=1.0, viol=1.0, states=120)
[clean-BPC   455.01s] node 4 cg=6 phase=phase2 obj=229.39794 artificial=0.0 cols=2762
[clean-BPC   458.27s] node 4 cg=6 phase=phase2 kind=heuristic best_rc=0.0 found=0 added=0 exhausted=False cert=False
[clean-BPC   467.65s] node 4 cg=6 phase=phase2 kind=heuristic_boost best_rc=0.0 found=0 added=0 exhausted=True cert=True
[clean-BPC   467.65s] route-pack diag node 4 round=2 vehicles=1/2 support_max=5 cand=7 oracle=7 incomplete=0 not_tight=5 not_viol=0 dup=0 violated=2 added=2 max_viol=1.0 states_max=112
[clean-BPC   467.65s] cut_added family=schedule_route_set_packing node=4 added=2 first(vehicle=1, routes=5, U=4, y=1.0, viol=1.0, states=112)
[clean-BPC   467.80s] node 4 cg=7 phase=phase2 obj=229.39794 artificial=0.0 cols=2762
[clean-BPC   471.12s] node 4 cg=7 phase=phase2 kind=heuristic best_rc=0.0 found=0 added=0 exhausted=False cert=False
[clean-BPC   480.33s] node 4 cg=7 phase=phase2 kind=heuristic_boost best_rc=0.0 found=0 added=0 exhausted=True cert=True
[clean-BPC   500.91s] cut_added family=schedule_pair_conflict node=4 added=2 source_vehicle=1 route_count=2 signatures=[[8, 10, 6, 2], [3, 20, 5, 1]]
[clean-BPC   507.92s] cut_added family=schedule_nogood_core node=4 added=1 source_vehicle=1 route_count=4 signatures=[[4, 19, 16, 15, 18], [2, 8, 10, 6], [1, 3, 20, 5], [7, 12, 13, 9]]
[clean-BPC   517.25s] rim-conflict diag node 4 conflicts=20 pair_events=1 pair_cuts=2 schedcap_events=0 schedcap_cuts=0 nogood_events=1 nogood_cuts=1 weak_skip=18
[clean-BPC    20.58s] restricted-MIP node 4 status=TIME_LIMIT obj=None accepted=False routes=2762 rejected=20 pair=2 ng=38 sched_cap=0 added_cuts=3 time=20.581859
[clean-BPC   517.25s] node 5 d=3 lb=228.420237 open=2
[clean-BPC   517.42s] node 5 cg=1 phase=phase1 obj=0.0 artificial=0.0 cols=2762
[clean-BPC   517.62s] node 5 cg=2 phase=phase2 obj=228.54531 artificial=0.0 cols=2762
[clean-BPC   521.27s] node 5 cg=2 phase=phase2 kind=heuristic best_rc=-0.293876556 found=18 added=18 exhausted=False cert=False
[clean-BPC   521.47s] node 5 cg=3 phase=phase2 obj=228.54531 artificial=0.0 cols=2780
[clean-BPC   525.33s] node 5 cg=3 phase=phase2 kind=heuristic best_rc=-0.007363833 found=2 added=2 exhausted=False cert=False
[clean-BPC   525.53s] node 5 cg=4 phase=phase2 obj=228.54531 artificial=0.0 cols=2782
[clean-BPC   529.37s] node 5 cg=4 phase=phase2 kind=heuristic best_rc=0.0 found=0 added=0 exhausted=False cert=False
[clean-BPC   541.41s] node 5 cg=4 phase=phase2 kind=heuristic_boost best_rc=0.0 found=0 added=0 exhausted=True cert=True
[clean-BPC   570.78s] cut_added family=schedule_nogood_core node=5 added=1 source_vehicle=1 route_count=4 signatures=[[9, 11, 13, 12, 7], [6, 14, 17, 10], [4, 19, 16, 15, 18], [1, 3, 20, 5]]
[clean-BPC   581.20s] rim-conflict diag node 5 conflicts=13 pair_events=0 pair_cuts=0 schedcap_events=0 schedcap_cuts=0 nogood_events=1 nogood_cuts=1 weak_skip=12
[clean-BPC    21.70s] restricted-MIP node 5 status=TIME_LIMIT obj=None accepted=False routes=2782 rejected=13 pair=0 ng=26 sched_cap=0 added_cuts=1 time=21.702056
[clean-BPC   581.20s] node 6 d=3 lb=228.420237 open=2
[clean-BPC   581.35s] node 6 cg=1 phase=phase1 obj=0.0 artificial=0.0 cols=2782
[clean-BPC   581.52s] node 6 cg=2 phase=phase2 obj=229.776786 artificial=0.0 cols=2782
[clean-BPC   584.32s] node 6 cg=2 phase=phase2 kind=heuristic best_rc=0.210131333 found=0 added=0 exhausted=False cert=False
[clean-BPC   590.21s] node 6 cg=2 phase=phase2 kind=heuristic_boost best_rc=-0.036932667 found=2 added=2 exhausted=True cert=True
[clean-BPC   590.36s] node 6 cg=3 phase=phase2 obj=229.776786 artificial=0.0 cols=2784
[clean-BPC   593.17s] node 6 cg=3 phase=phase2 kind=heuristic best_rc=0.210131333 found=0 added=0 exhausted=False cert=False
[clean-BPC   599.06s] node 6 cg=3 phase=phase2 kind=heuristic_boost best_rc=-0.57355 found=8 added=8 exhausted=True cert=True
[clean-BPC   599.22s] node 6 cg=4 phase=phase2 obj=229.776786 artificial=0.0 cols=2792
[clean-BPC   602.26s] node 6 cg=4 phase=phase2 kind=heuristic best_rc=0.222741 found=0 added=0 exhausted=False cert=False
[clean-BPC   609.84s] node 6 cg=4 phase=phase2 kind=heuristic_boost best_rc=-0.496588 found=10 added=10 exhausted=True cert=True
[clean-BPC   610.00s] node 6 cg=5 phase=phase2 obj=229.776786 artificial=0.0 cols=2802
[clean-BPC   612.77s] node 6 cg=5 phase=phase2 kind=heuristic best_rc=0.222741 found=0 added=0 exhausted=False cert=False
[clean-BPC   618.85s] node 6 cg=5 phase=phase2 kind=heuristic_boost best_rc=-3.716678 found=229 added=229 exhausted=True cert=True
[clean-BPC   619.04s] node 6 cg=6 phase=phase2 obj=229.776786 artificial=0.0 cols=3031
[clean-BPC   619.04s] cut_purged node=6 removed=1 by_kind={'schedule_nogood_core': 1} remaining=32
[clean-BPC   619.21s] node 6 cg=7 phase=phase2 obj=229.776786 artificial=0.0 cols=3031
[clean-BPC   622.28s] node 6 cg=7 phase=phase2 kind=heuristic best_rc=0.222741 found=0 added=0 exhausted=False cert=False
[clean-BPC   629.83s] node 6 cg=7 phase=phase2 kind=heuristic_boost best_rc=-0.810432667 found=4 added=4 exhausted=True cert=True
[clean-BPC   630.01s] node 6 cg=8 phase=phase2 obj=229.776786 artificial=0.0 cols=3035
[clean-BPC   633.06s] node 6 cg=8 phase=phase2 kind=heuristic best_rc=0.222741 found=0 added=0 exhausted=False cert=False
[clean-BPC   640.53s] node 6 cg=8 phase=phase2 kind=heuristic_boost best_rc=-0.028328 found=2 added=2 exhausted=True cert=True
[clean-BPC   640.71s] node 6 cg=9 phase=phase2 obj=229.776786 artificial=0.0 cols=3037
[clean-BPC   640.71s] cut_purged node=6 removed=1 by_kind={'schedule_nogood_core': 1} remaining=31
[clean-BPC   640.88s] node 6 cg=10 phase=phase2 obj=229.776786 artificial=0.0 cols=3037
[clean-BPC   643.98s] node 6 cg=10 phase=phase2 kind=heuristic best_rc=0.222741 found=0 added=0 exhausted=False cert=False
[clean-BPC   651.51s] node 6 cg=10 phase=phase2 kind=heuristic_boost best_rc=-0.124633333 found=4 added=4 exhausted=True cert=True
[clean-BPC   651.69s] node 6 cg=11 phase=phase2 obj=229.776786 artificial=0.0 cols=3041
[clean-BPC   654.50s] node 6 cg=11 phase=phase2 kind=heuristic best_rc=0.222741 found=0 added=0 exhausted=False cert=False
[clean-BPC   660.48s] node 6 cg=11 phase=phase2 kind=heuristic_boost best_rc=0.222741 found=0 added=0 exhausted=True cert=True
[clean-BPC   693.64s] cut_added family=schedule_nogood_core node=6 added=1 source_vehicle=1 route_count=4 signatures=[[6, 17, 8, 10], [9, 13, 11, 14], [3, 20, 5, 4], [7, 12, 18, 15, 16, 19]]
[clean-BPC   702.74s] rim-conflict diag node 6 conflicts=7 pair_events=0 pair_cuts=0 schedcap_events=0 schedcap_cuts=0 nogood_events=1 nogood_cuts=1 weak_skip=6
[clean-BPC    22.02s] restricted-MIP node 6 status=TIME_LIMIT obj=None accepted=False routes=3041 rejected=7 pair=0 ng=14 sched_cap=0 added_cuts=1 time=22.023296
[clean-BPC   702.74s] node 5 d=3 lb=228.54531 open=2
[clean-BPC   702.95s] node 5 cg=1 phase=phase1 obj=0.0 artificial=0.0 cols=3041
[clean-BPC   703.17s] node 5 cg=2 phase=phase2 obj=228.54531 artificial=0.0 cols=3041
[clean-BPC   706.96s] node 5 cg=2 phase=phase2 kind=heuristic best_rc=0.0 found=0 added=0 exhausted=False cert=False
[clean-BPC   719.01s] node 5 cg=2 phase=phase2 kind=heuristic_boost best_rc=0.0 found=0 added=0 exhausted=True cert=True
[clean-BPC   750.54s] cut_added family=schedule_nogood_core node=5 added=1 source_vehicle=1 route_count=3 signatures=[[10, 17, 14, 6], [4, 19, 16, 15, 18], [1, 3, 20, 5]]
[clean-BPC   756.12s] rim-conflict diag node 5 conflicts=11 pair_events=0 pair_cuts=0 schedcap_events=0 schedcap_cuts=0 nogood_events=1 nogood_cuts=1 weak_skip=10
[clean-BPC    20.31s] restricted-MIP node 5 status=TIME_LIMIT obj=None accepted=False routes=3041 rejected=11 pair=0 ng=22 sched_cap=0 added_cuts=1 time=20.312935
[clean-BPC   756.12s] node 5 d=3 lb=228.54531 open=2
[clean-BPC   756.33s] node 5 cg=1 phase=phase1 obj=0.0 artificial=0.0 cols=3041
[clean-BPC   756.55s] node 5 cg=2 phase=phase2 obj=228.54531 artificial=0.0 cols=3041
[clean-BPC   760.38s] node 5 cg=2 phase=phase2 kind=heuristic best_rc=-0.0 found=0 added=0 exhausted=False cert=False
[clean-BPC   772.46s] node 5 cg=2 phase=phase2 kind=heuristic_boost best_rc=-0.0 found=0 added=0 exhausted=True cert=True
[clean-BPC   812.46s] rim-conflict diag node 5 conflicts=10 pair_events=0 pair_cuts=0 schedcap_events=0 schedcap_cuts=0 nogood_events=0 nogood_cuts=0 weak_skip=10
[clean-BPC    21.61s] restricted-MIP node 5 status=TIME_LIMIT obj=None accepted=False routes=3041 rejected=10 pair=0 ng=20 sched_cap=0 added_cuts=0 time=21.606668
[clean-BPC   818.22s] branch node 5: left=RF(10,17)=separate right=RF(10,17)=same
[clean-BPC   818.22s] node 7 d=4 lb=228.54531 open=3
[clean-BPC   818.42s] node 7 cg=1 phase=phase1 obj=0.0 artificial=0.0 cols=3041
[clean-BPC   818.64s] node 7 cg=2 phase=phase2 obj=229.133787 artificial=0.0 cols=3041
[clean-BPC   822.19s] node 7 cg=2 phase=phase2 kind=heuristic best_rc=0.0 found=0 added=0 exhausted=False cert=False
[clean-BPC   832.31s] node 7 cg=2 phase=phase2 kind=heuristic_boost best_rc=0.0 found=0 added=0 exhausted=True cert=True
[clean-BPC   840.28s] branch node 7: left=RF(2,8)=separate right=RF(2,8)=same
[clean-BPC   840.28s] node 8 d=4 lb=228.54531 open=4
[clean-BPC   840.45s] node 8 cg=1 phase=phase1 obj=0.0 artificial=0.0 cols=3041
[clean-BPC   840.61s] node 8 cg=2 phase=phase2 obj=228.848435 artificial=0.0 cols=3041
[clean-BPC   843.88s] node 8 cg=2 phase=phase2 kind=heuristic best_rc=-0.335379 found=12 added=12 exhausted=False cert=False
[clean-BPC   844.05s] node 8 cg=3 phase=phase2 obj=228.848435 artificial=0.0 cols=3053
[clean-BPC   847.27s] node 8 cg=3 phase=phase2 kind=heuristic best_rc=-0.168119 found=2 added=2 exhausted=False cert=False
[clean-BPC   847.42s] node 8 cg=4 phase=phase2 obj=228.848435 artificial=0.0 cols=3055
[clean-BPC   850.67s] node 8 cg=4 phase=phase2 kind=heuristic best_rc=-0.183320333 found=8 added=8 exhausted=False cert=False
[clean-BPC   850.84s] node 8 cg=5 phase=phase2 obj=228.848435 artificial=0.0 cols=3063
[clean-BPC   854.20s] node 8 cg=5 phase=phase2 kind=heuristic best_rc=-0.0 found=0 added=0 exhausted=False cert=False
[clean-BPC   864.57s] node 8 cg=5 phase=phase2 kind=heuristic_boost best_rc=-0.056279 found=2 added=2 exhausted=True cert=True
[clean-BPC   864.73s] node 8 cg=6 phase=phase2 obj=228.848435 artificial=0.0 cols=3065
[clean-BPC   864.73s] cut_purged node=8 removed=1 by_kind={'schedule_nogood_core': 1} remaining=32
[clean-BPC   864.89s] node 8 cg=7 phase=phase2 obj=228.848435 artificial=0.0 cols=3065
[clean-BPC   864.89s] cut_purged node=8 removed=1 by_kind={'schedule_nogood_core': 1} remaining=31
[clean-BPC   865.06s] node 8 cg=8 phase=phase2 obj=228.848435 artificial=0.0 cols=3065
[clean-BPC   868.36s] node 8 cg=8 phase=phase2 kind=heuristic best_rc=-0.0 found=0 added=0 exhausted=False cert=False
[clean-BPC   878.71s] node 8 cg=8 phase=phase2 kind=heuristic_boost best_rc=-0.0 found=0 added=0 exhausted=True cert=True
[clean-BPC   883.44s] branch node 8: left=RF(5,8)=separate right=RF(5,8)=same
[clean-BPC   883.44s] node 11 d=5 lb=228.848435 open=5
[clean-BPC   883.61s] node 11 cg=1 phase=phase1 obj=0.0 artificial=0.0 cols=3065
[clean-BPC   883.76s] node 11 cg=2 phase=phase2 obj=229.46075 artificial=0.0 cols=3065
[clean-BPC   887.08s] node 11 cg=2 phase=phase2 kind=heuristic best_rc=-1.92652 found=66 added=66 exhausted=False cert=False
[clean-BPC   887.25s] node 11 cg=3 phase=phase2 obj=229.280182 artificial=0.0 cols=3131
[clean-BPC   890.34s] node 11 cg=3 phase=phase2 kind=heuristic best_rc=0.203613 found=0 added=0 exhausted=False cert=False
[clean-BPC   899.15s] node 11 cg=3 phase=phase2 kind=heuristic_boost best_rc=0.010476 found=0 added=0 exhausted=True cert=True
[clean-BPC   904.01s] branch node 11: left=arc(5,19)=off right=arc(5,19)=on
[clean-BPC   904.01s] node 12 d=5 lb=228.848435 open=6
[clean-BPC   904.16s] node 12 cg=1 phase=phase1 obj=0.0 artificial=0.0 cols=3131
[clean-BPC   904.28s] node 12 cg=2 phase=phase2 obj=230.546701 artificial=0.0 cols=3131
[clean-BPC   906.87s] node 12 cg=2 phase=phase2 kind=heuristic best_rc=-4.9524885 found=121 added=121 exhausted=False cert=False
[clean-BPC   907.02s] node 12 cg=3 phase=phase2 obj=229.371345 artificial=0.0 cols=3252
[clean-BPC   910.14s] node 12 cg=3 phase=phase2 kind=heuristic best_rc=-0.040217 found=2 added=2 exhausted=False cert=False
[clean-BPC   910.27s] node 12 cg=4 phase=phase2 obj=229.371345 artificial=0.0 cols=3254
[clean-BPC   913.42s] node 12 cg=4 phase=phase2 kind=heuristic best_rc=0.0 found=0 added=0 exhausted=False cert=False
[clean-BPC   924.07s] node 12 cg=4 phase=phase2 kind=heuristic_boost best_rc=-0.325926 found=2 added=2 exhausted=True cert=True
[clean-BPC   924.21s] node 12 cg=5 phase=phase2 obj=229.371345 artificial=0.0 cols=3256
[clean-BPC   927.25s] node 12 cg=5 phase=phase2 kind=heuristic best_rc=0.0 found=0 added=0 exhausted=False cert=False
[clean-BPC   936.80s] node 12 cg=5 phase=phase2 kind=heuristic_boost best_rc=0.0 found=0 added=0 exhausted=True cert=True
[clean-BPC   938.00s] cut_added family=schedule_nogood_core node=12 added=2 source_vehicle=1 route_count=4 signatures=[[6, 14, 17, 10], [4, 19, 16, 15, 18], [5, 20, 8], [1, 3, 2]]
[clean-BPC   938.00s] node 9 d=5 lb=229.133787 open=6
[clean-BPC   938.21s] node 9 cg=1 phase=phase1 obj=0.0 artificial=0.0 cols=3256
[clean-BPC   938.43s] node 9 cg=2 phase=phase2 obj=229.570258 artificial=0.0 cols=3256
[clean-BPC   941.57s] node 9 cg=2 phase=phase2 kind=heuristic best_rc=0.0 found=0 added=0 exhausted=False cert=False
[clean-BPC   948.95s] node 9 cg=2 phase=phase2 kind=heuristic_boost best_rc=0.0 found=0 added=0 exhausted=True cert=True
[clean-BPC   956.37s] branch node 9: left=RF(10,11)=separate right=RF(10,11)=same
[clean-BPC   956.37s] node 10 d=5 lb=229.133787 open=7
[clean-BPC   956.54s] node 10 cg=1 phase=phase1 obj=0.0 artificial=0.0 cols=3256
[clean-BPC   956.72s] node 10 cg=2 phase=phase2 obj=229.543525 artificial=0.0 cols=3256
[clean-BPC   960.11s] node 10 cg=2 phase=phase2 kind=heuristic best_rc=-1.685724 found=48 added=48 exhausted=False cert=False
[clean-BPC   960.29s] node 10 cg=3 phase=phase2 obj=229.543525 artificial=0.0 cols=3304
[clean-BPC   963.77s] node 10 cg=3 phase=phase2 kind=heuristic best_rc=0.203098 found=0 added=0 exhausted=False cert=False
[clean-BPC   973.69s] node 10 cg=3 phase=phase2 kind=heuristic_boost best_rc=-0.77843825 found=13 added=13 exhausted=True cert=True
[clean-BPC   973.87s] node 10 cg=4 phase=phase2 obj=229.543525 artificial=0.0 cols=3317
[clean-BPC   977.46s] node 10 cg=4 phase=phase2 kind=heuristic best_rc=-0.023894 found=2 added=2 exhausted=False cert=False
[clean-BPC   977.65s] node 10 cg=5 phase=phase2 obj=229.543525 artificial=0.0 cols=3319
[clean-BPC   981.23s] node 10 cg=5 phase=phase2 kind=heuristic best_rc=0.155222 found=0 added=0 exhausted=False cert=False
[clean-BPC   991.88s] node 10 cg=5 phase=phase2 kind=heuristic_boost best_rc=-0.0 found=0 added=0 exhausted=True cert=True
[clean-BPC   993.04s] cut_added family=schedule_nogood_core node=10 added=2 source_vehicle=1 route_count=4 signatures=[[4, 19, 16, 15, 18], [6, 17, 14], [2, 8, 10], [1, 3, 20, 5]]
[clean-BPC   993.04s] node 13 d=6 lb=229.280182 open=7
[clean-BPC   993.22s] node 13 cg=1 phase=phase1 obj=0.0 artificial=0.0 cols=3319
[clean-BPC   993.40s] node 13 cg=2 phase=phase2 obj=229.280182 artificial=0.0 cols=3319
[clean-BPC   996.68s] node 13 cg=2 phase=phase2 kind=heuristic best_rc=-0.321660667 found=10 added=10 exhausted=False cert=False
[clean-BPC   996.87s] node 13 cg=3 phase=phase2 obj=229.280182 artificial=0.0 cols=3329
[clean-BPC  1000.23s] node 13 cg=3 phase=phase2 kind=heuristic best_rc=-0.0 found=0 added=0 exhausted=False cert=False
[clean-BPC  1011.62s] node 13 cg=3 phase=phase2 kind=heuristic_boost best_rc=-0.0 found=0 added=0 exhausted=True cert=True
[clean-BPC  1016.52s] branch node 13: left=RF(2,20)=separate right=RF(2,20)=same
[clean-BPC  1016.52s] node 14 d=6 lb=229.280182 open=8
[clean-BPC  1016.70s] node 14 cg=1 phase=phase1 obj=0.0 artificial=0.0 cols=3329
[clean-BPC  1016.89s] node 14 cg=2 phase=phase2 obj=232.501066 artificial=0.0 cols=3329
[clean-BPC  1016.89s] cut_purged node=14 removed=1 by_kind={'schedule_nogood_core': 1} remaining=34
[clean-BPC  1017.07s] node 14 cg=3 phase=phase2 obj=232.501066 artificial=0.0 cols=3329
[clean-BPC  1020.27s] node 14 cg=3 phase=phase2 kind=heuristic best_rc=-0.94823 found=11 added=11 exhausted=False cert=False
[clean-BPC  1020.46s] node 14 cg=4 phase=phase2 obj=232.280819 artificial=0.0 cols=3340
[clean-BPC  1023.65s] node 14 cg=4 phase=phase2 kind=heuristic best_rc=0.388128 found=0 added=0 exhausted=False cert=False
[clean-BPC  1032.79s] node 14 cg=4 phase=phase2 kind=heuristic_boost best_rc=-0.097287833 found=4 added=4 exhausted=True cert=True
[clean-BPC  1032.97s] node 14 cg=5 phase=phase2 obj=232.280819 artificial=0.0 cols=3344
[clean-BPC  1036.19s] node 14 cg=5 phase=phase2 kind=heuristic best_rc=0.191537667 found=0 added=0 exhausted=False cert=False
[clean-BPC  1045.31s] node 14 cg=5 phase=phase2 kind=heuristic_boost best_rc=0.191537667 found=0 added=0 exhausted=True cert=True
[clean-BPC  1050.25s] branch node 14: left=RF(1,8)=separate right=RF(1,8)=same
[clean-BPC  1050.25s] node 17 d=7 lb=229.280182 open=9
[clean-BPC  1050.42s] node 17 cg=1 phase=phase1 obj=0.0 artificial=0.0 cols=3344
[clean-BPC  1050.60s] node 17 cg=2 phase=phase2 obj=229.46075 artificial=0.0 cols=3344
[clean-BPC  1053.63s] node 17 cg=2 phase=phase2 kind=heuristic best_rc=-0.0 found=0 added=0 exhausted=False cert=False
[clean-BPC  1062.69s] node 17 cg=2 phase=phase2 kind=heuristic_boost best_rc=-0.0 found=0 added=0 exhausted=True cert=True
[clean-BPC  1064.82s] cut_added family=schedule_nogood_core node=17 added=2 source_vehicle=1 route_count=4 signatures=[[7, 12, 13, 11, 9], [6, 14, 17, 10], [4, 19, 16, 15, 18], [5, 20, 3, 1]]
[clean-BPC  1064.82s] node 18 d=7 lb=229.280182 open=9
[clean-BPC  1064.96s] node 18 cg=1 phase=phase1 obj=0.0 artificial=0.0 cols=3344
[clean-BPC  1065.09s] node 18 cg=2 phase=phase2 obj=230.460808 artificial=0.0 cols=3344
[clean-BPC  1065.09s] cut_purged node=18 removed=1 by_kind={'schedule_nogood_core': 1} remaining=35
[clean-BPC  1065.23s] node 18 cg=3 phase=phase2 obj=230.460808 artificial=0.0 cols=3344
[clean-BPC  1068.11s] node 18 cg=3 phase=phase2 kind=heuristic best_rc=-0.701334667 found=13 added=13 exhausted=False cert=False
[clean-BPC  1068.26s] node 18 cg=4 phase=phase2 obj=229.759473 artificial=0.0 cols=3357
[clean-BPC  1071.23s] node 18 cg=4 phase=phase2 kind=heuristic best_rc=0.142401 found=0 added=0 exhausted=False cert=False
[clean-BPC  1079.27s] node 18 cg=4 phase=phase2 kind=heuristic_boost best_rc=0.142401 found=0 added=0 exhausted=True cert=True
[clean-BPC  1080.45s] cut_added family=schedule_nogood_core node=18 added=2 source_vehicle=1 route_count=4 signatures=[[6, 14, 17, 10], [4, 19, 16, 15, 18], [2, 8, 20], [1, 3, 5]]
[clean-BPC  1080.45s] node 12 d=5 lb=229.371345 open=9
[clean-BPC  1080.61s] node 12 cg=1 phase=phase1 obj=0.0 artificial=0.0 cols=3357
[clean-BPC  1080.77s] node 12 cg=2 phase=phase2 obj=229.371345 artificial=0.0 cols=3357
[clean-BPC  1083.84s] node 12 cg=2 phase=phase2 kind=heuristic best_rc=-0.0 found=0 added=0 exhausted=False cert=False
[clean-BPC  1093.34s] node 12 cg=2 phase=phase2 kind=heuristic_boost best_rc=-0.0 found=0 added=0 exhausted=True cert=True
[clean-BPC  1094.56s] cut_added family=schedule_nogood_core node=12 added=1 source_vehicle=1 route_count=4 signatures=[[6, 14, 17, 10], [4, 19, 16, 15, 18], [5, 20, 8], [1, 3, 2]]
[clean-BPC  1094.56s] node 12 d=5 lb=229.371345 open=9
[clean-BPC  1094.71s] node 12 cg=1 phase=phase1 obj=0.0 artificial=0.0 cols=3357
[clean-BPC  1094.86s] node 12 cg=2 phase=phase2 obj=229.371345 artificial=0.0 cols=3357
[clean-BPC  1097.93s] node 12 cg=2 phase=phase2 kind=heuristic best_rc=0.0 found=0 added=0 exhausted=False cert=False
[clean-BPC  1107.52s] node 12 cg=2 phase=phase2 kind=heuristic_boost best_rc=0.0 found=0 added=0 exhausted=True cert=True
[clean-BPC  1108.75s] cut_added family=schedule_nogood_core node=12 added=2 source_vehicle=1 route_count=4 signatures=[[6, 14, 17, 10], [18, 15, 16, 19, 4], [5, 20, 8], [1, 3, 2]]
[clean-BPC  1108.75s] node 12 d=5 lb=229.371345 open=9
[clean-BPC  1108.89s] node 12 cg=1 phase=phase1 obj=0.0 artificial=0.0 cols=3357
[clean-BPC  1109.05s] node 12 cg=2 phase=phase2 obj=229.371345 artificial=0.0 cols=3357
[clean-BPC  1112.09s] node 12 cg=2 phase=phase2 kind=heuristic best_rc=-0.0 found=0 added=0 exhausted=False cert=False
[clean-BPC  1121.62s] node 12 cg=2 phase=phase2 kind=heuristic_boost best_rc=-0.0 found=0 added=0 exhausted=True cert=True
[clean-BPC  1125.36s] branch node 12: left=arc(14,6)=off right=arc(14,6)=on
[clean-BPC  1125.36s] node 21 d=6 lb=229.371345 open=10
[clean-BPC  1125.52s] node 21 cg=1 phase=phase1 obj=0.0 artificial=0.0 cols=3357
[clean-BPC  1125.66s] node 21 cg=2 phase=phase2 obj=229.371345 artificial=0.0 cols=3357
[clean-BPC  1128.79s] node 21 cg=2 phase=phase2 kind=heuristic best_rc=-0.0 found=0 added=0 exhausted=False cert=False
[clean-BPC  1138.29s] node 21 cg=2 phase=phase2 kind=heuristic_boost best_rc=-0.0 found=0 added=0 exhausted=True cert=True
[clean-BPC  1139.50s] cut_added family=schedule_nogood_core node=21 added=2 source_vehicle=1 route_count=4 signatures=[[6, 14, 17, 10], [4, 19, 16, 15, 18], [8, 20, 5], [1, 3, 2]]
[clean-BPC  1139.50s] node 22 d=6 lb=229.371345 open=10
[clean-BPC  1139.64s] node 22 cg=1 phase=phase1 obj=0.0 artificial=0.0 cols=3357
[clean-BPC  1139.80s] node 22 cg=2 phase=phase2 obj=229.371345 artificial=0.0 cols=3357
[clean-BPC  1142.86s] node 22 cg=2 phase=phase2 kind=heuristic best_rc=0.0 found=0 added=0 exhausted=False cert=False
[clean-BPC  1152.63s] node 22 cg=2 phase=phase2 kind=heuristic_boost best_rc=-0.0 found=0 added=0 exhausted=True cert=True
[clean-BPC  1153.15s] cut_added family=schedule_nogood_core node=22 added=2 source_vehicle=1 route_count=3 signatures=[[10, 17, 14, 6], [4, 19, 16, 15, 18], [5, 20, 8]]
[clean-BPC  1153.15s] node 21 d=6 lb=229.371345 open=10
[clean-BPC  1153.30s] node 21 cg=1 phase=phase1 obj=0.0 artificial=0.0 cols=3357
[clean-BPC  1153.44s] node 21 cg=2 phase=phase2 obj=229.371345 artificial=0.0 cols=3357
[clean-BPC  1156.61s] node 21 cg=2 phase=phase2 kind=heuristic best_rc=-0.0 found=0 added=0 exhausted=False cert=False
[clean-BPC  1167.30s] node 21 cg=2 phase=phase2 kind=heuristic_boost best_rc=-0.0 found=0 added=0 exhausted=True cert=True
[clean-BPC  1168.52s] cut_added family=schedule_nogood_core node=21 added=2 source_vehicle=1 route_count=4 signatures=[[6, 14, 17, 10], [4, 19, 16, 15, 18], [5, 20, 8], [2, 3, 1]]
[clean-BPC  1168.52s] node 22 d=6 lb=229.371345 open=10
[clean-BPC  1168.68s] node 22 cg=1 phase=phase1 obj=0.0 artificial=0.0 cols=3357
[clean-BPC  1168.83s] node 22 cg=2 phase=phase2 obj=229.371345 artificial=0.0 cols=3357
[clean-BPC  1171.98s] node 22 cg=2 phase=phase2 kind=heuristic best_rc=-0.0 found=0 added=0 exhausted=False cert=False
[clean-BPC  1181.82s] node 22 cg=2 phase=phase2 kind=heuristic_boost best_rc=-0.0 found=0 added=0 exhausted=True cert=True
[clean-BPC  1182.34s] cut_added family=schedule_nogood_core node=22 added=2 source_vehicle=1 route_count=3 signatures=[[10, 17, 14, 6], [18, 15, 16, 19, 4], [5, 20, 8]]
[clean-BPC  1182.35s] node 21 d=6 lb=229.371345 open=10
[clean-BPC  1182.48s] node 21 cg=1 phase=phase1 obj=0.0 artificial=0.0 cols=3357
[clean-BPC  1182.64s] node 21 cg=2 phase=phase2 obj=229.371345 artificial=0.0 cols=3357
[clean-BPC  1182.64s] cut_purged node=21 removed=1 by_kind={'schedule_nogood_core': 1} remaining=47
[clean-BPC  1182.78s] node 21 cg=3 phase=phase2 obj=229.371345 artificial=0.0 cols=3357
[clean-BPC  1185.93s] node 21 cg=3 phase=phase2 kind=heuristic best_rc=-0.0 found=0 added=0 exhausted=False cert=False
[clean-BPC  1195.53s] node 21 cg=3 phase=phase2 kind=heuristic_boost best_rc=-0.0 found=0 added=0 exhausted=True cert=True
[clean-BPC  1200.11s] branch node 21: left=arc(16,15)=off right=arc(16,15)=on
[clean-BPC  1200.11s] node 22 d=6 lb=229.371345 open=11
[clean-BPC  1200.25s] node 22 cg=1 phase=phase1 obj=0.0 artificial=0.0 cols=3357
[clean-BPC  1200.41s] node 22 cg=2 phase=phase2 obj=229.371345 artificial=0.0 cols=3357
[clean-BPC  1203.46s] node 22 cg=2 phase=phase2 kind=heuristic best_rc=0.0 found=0 added=0 exhausted=False cert=False
[clean-BPC  1212.94s] node 22 cg=2 phase=phase2 kind=heuristic_boost best_rc=0.0 found=0 added=0 exhausted=True cert=True
[clean-BPC  1213.45s] cut_added family=schedule_nogood_core node=22 added=2 source_vehicle=1 route_count=3 signatures=[[10, 17, 14, 6], [4, 19, 16, 15, 18], [8, 20, 5]]
[clean-BPC  1213.45s] node 24 d=7 lb=229.371345 open=11
[clean-BPC  1213.61s] node 24 cg=1 phase=phase1 obj=0.0 artificial=0.0 cols=3357
[clean-BPC  1213.75s] node 24 cg=2 phase=phase2 obj=229.371345 artificial=0.0 cols=3357
[clean-BPC  1216.91s] node 24 cg=2 phase=phase2 kind=heuristic best_rc=-0.0 found=0 added=0 exhausted=False cert=False
[clean-BPC  1227.58s] node 24 cg=2 phase=phase2 kind=heuristic_boost best_rc=-0.0 found=0 added=0 exhausted=True cert=True
[clean-BPC  1230.87s] branch node 24: left=arc(5,20)=off right=arc(5,20)=on
[clean-BPC  1230.87s] node 22 d=6 lb=229.371345 open=12
[clean-BPC  1231.03s] node 22 cg=1 phase=phase1 obj=0.0 artificial=0.0 cols=3357
[clean-BPC  1231.18s] node 22 cg=2 phase=phase2 obj=229.371345 artificial=0.0 cols=3357
[clean-BPC  1234.36s] node 22 cg=2 phase=phase2 kind=heuristic best_rc=-0.0 found=0 added=0 exhausted=False cert=False
[clean-BPC  1245.40s] node 22 cg=2 phase=phase2 kind=heuristic_boost best_rc=-0.0 found=0 added=0 exhausted=True cert=True
[clean-BPC  1248.34s] branch node 22: left=arc(5,20)=off right=arc(5,20)=on
[clean-BPC  1248.34s] node 25 d=8 lb=229.371345 open=13
[clean-BPC  1248.49s] node 25 cg=1 phase=phase1 obj=0.0 artificial=0.0 cols=3357
[clean-BPC  1248.66s] node 25 cg=2 phase=phase2 obj=229.371345 artificial=0.0 cols=3357
[clean-BPC  1251.81s] node 25 cg=2 phase=phase2 kind=heuristic best_rc=-0.0 found=0 added=0 exhausted=False cert=False
[clean-BPC  1262.45s] node 25 cg=2 phase=phase2 kind=heuristic_boost best_rc=-0.0 found=0 added=0 exhausted=True cert=True
[clean-BPC  1263.65s] cut_added family=schedule_nogood_core node=25 added=2 source_vehicle=1 route_count=4 signatures=[[6, 14, 17, 10], [4, 19, 16, 15, 18], [8, 20, 5], [2, 3, 1]]
[clean-BPC  1263.65s] node 26 d=8 lb=229.371345 open=13
[clean-BPC  1263.81s] node 26 cg=1 phase=phase1 obj=0.0 artificial=0.0 cols=3357
[clean-BPC  1263.97s] node 26 cg=2 phase=phase2 obj=229.689531 artificial=0.0 cols=3357
[clean-BPC  1267.02s] node 26 cg=2 phase=phase2 kind=heuristic best_rc=0.155222 found=0 added=0 exhausted=False cert=False
[clean-BPC  1275.33s] node 26 cg=2 phase=phase2 kind=heuristic_boost best_rc=0.155222 found=0 added=0 exhausted=True cert=True
[clean-BPC  1278.97s] branch node 26: left=arc(3,2)=off right=arc(3,2)=on
[clean-BPC  1278.97s] node 28 d=7 lb=229.371345 open=14
[clean-BPC  1279.12s] node 28 cg=1 phase=phase1 obj=0.0 artificial=0.0 cols=3357
[clean-BPC  1279.29s] node 28 cg=2 phase=phase2 obj=230.297408 artificial=0.0 cols=3357
[clean-BPC  1282.03s] node 28 cg=2 phase=phase2 kind=heuristic best_rc=-0.683716 found=1 added=1 exhausted=False cert=False
[clean-BPC  1282.20s] node 28 cg=3 phase=phase2 obj=229.95555 artificial=0.0 cols=3358
[clean-BPC  1284.92s] node 28 cg=3 phase=phase2 kind=heuristic best_rc=0.488905 found=0 added=0 exhausted=False cert=False
[clean-BPC  1291.01s] node 28 cg=3 phase=phase2 kind=heuristic_boost best_rc=0.488905 found=0 added=0 exhausted=True cert=True
[clean-BPC  1293.94s] branch node 28: left=arc(16,15)=off right=arc(16,15)=on
[clean-BPC  1293.94s] node 25 d=8 lb=229.371345 open=15
[clean-BPC  1294.10s] node 25 cg=1 phase=phase1 obj=0.0 artificial=0.0 cols=3358
[clean-BPC  1294.25s] node 25 cg=2 phase=phase2 obj=229.506964 artificial=0.0 cols=3358
[clean-BPC  1294.25s] cut_purged node=25 removed=1 by_kind={'schedule_nogood_core': 1} remaining=50
[clean-BPC  1294.43s] node 25 cg=3 phase=phase2 obj=229.506964 artificial=0.0 cols=3358
[clean-BPC  1297.72s] node 25 cg=3 phase=phase2 kind=heuristic best_rc=-0.347231556 found=10 added=10 exhausted=False cert=False
[clean-BPC  1297.87s] node 25 cg=4 phase=phase2 obj=229.483296 artificial=0.0 cols=3368
[clean-BPC  1301.13s] node 25 cg=4 phase=phase2 kind=heuristic best_rc=0.147755 found=0 added=0 exhausted=False cert=False
[clean-BPC  1312.74s] node 25 cg=4 phase=phase2 kind=heuristic_boost best_rc=-0.0 found=0 added=0 exhausted=True cert=True
[clean-BPC  1317.05s] branch node 25: left=RF(2,8)=separate right=RF(2,8)=same
[clean-BPC  1317.05s] node 27 d=7 lb=229.371345 open=16
[clean-BPC  1317.22s] node 27 cg=1 phase=phase1 obj=0.0 artificial=0.0 cols=3368
[clean-BPC  1317.38s] node 27 cg=2 phase=phase2 obj=229.371345 artificial=0.0 cols=3368
[clean-BPC  1320.58s] node 27 cg=2 phase=phase2 kind=heuristic best_rc=0.0 found=0 added=0 exhausted=False cert=False
[clean-BPC  1331.55s] node 27 cg=2 phase=phase2 kind=heuristic_boost best_rc=0.0 found=0 added=0 exhausted=True cert=True
[clean-BPC  1331.90s] cut_added family=schedule_nogood_core node=27 added=2 source_vehicle=1 route_count=3 signatures=[[18, 15, 16, 19, 4], [8, 20, 5], [1, 3, 2]]
[clean-BPC  1331.90s] node 23 d=7 lb=229.371345 open=16
[clean-BPC  1332.03s] node 23 cg=1 phase=phase1 obj=0.0 artificial=0.0 cols=3368
[clean-BPC  1332.17s] node 23 cg=2 phase=phase2 obj=229.371345 artificial=0.0 cols=3368
[clean-BPC  1332.17s] cut_purged node=23 removed=1 by_kind={'schedule_nogood_core': 1} remaining=51
[clean-BPC  1332.30s] node 23 cg=3 phase=phase2 obj=229.371345 artificial=0.0 cols=3368
[clean-BPC  1332.30s] cut_purged node=23 removed=1 by_kind={'schedule_nogood_core': 1} remaining=50
[clean-BPC  1332.45s] node 23 cg=4 phase=phase2 obj=229.371345 artificial=0.0 cols=3368
[clean-BPC  1335.53s] node 23 cg=4 phase=phase2 kind=heuristic best_rc=-0.0 found=0 added=0 exhausted=False cert=False
[clean-BPC  1344.97s] node 23 cg=4 phase=phase2 kind=heuristic_boost best_rc=-0.0 found=0 added=0 exhausted=True cert=True
[clean-BPC  1346.18s] cut_added family=schedule_nogood_core node=23 added=1 source_vehicle=1 route_count=4 signatures=[[6, 14, 17, 10], [18, 15, 16, 19, 4], [5, 20, 8], [1, 3, 2]]
[clean-BPC  1346.18s] node 27 d=7 lb=229.371345 open=16
[clean-BPC  1346.36s] node 27 cg=1 phase=phase1 obj=0.0 artificial=0.0 cols=3368
[clean-BPC  1346.51s] node 27 cg=2 phase=phase2 obj=229.371345 artificial=0.0 cols=3368
[clean-BPC  1346.51s] cut_purged node=27 removed=1 by_kind={'schedule_nogood_core': 1} remaining=50
[clean-BPC  1346.68s] node 27 cg=3 phase=phase2 obj=229.371345 artificial=0.0 cols=3368
[clean-BPC  1349.84s] node 27 cg=3 phase=phase2 kind=heuristic best_rc=0.0 found=0 added=0 exhausted=False cert=False
[clean-BPC  1360.61s] node 27 cg=3 phase=phase2 kind=heuristic_boost best_rc=-0.0 found=0 added=0 exhausted=True cert=True
[clean-BPC  1360.94s] cut_added family=schedule_nogood_core node=27 added=2 source_vehicle=1 route_count=3 signatures=[[18, 15, 16, 19, 4], [8, 20, 5], [2, 3, 1]]
[clean-BPC  1360.94s] node 23 d=7 lb=229.371345 open=16
[clean-BPC  1361.07s] node 23 cg=1 phase=phase1 obj=0.0 artificial=0.0 cols=3368
[clean-BPC  1361.21s] node 23 cg=2 phase=phase2 obj=229.371345 artificial=0.0 cols=3368
[clean-BPC  1364.40s] node 23 cg=2 phase=phase2 kind=heuristic best_rc=-0.0 found=0 added=0 exhausted=False cert=False
[clean-BPC  1375.01s] node 23 cg=2 phase=phase2 kind=heuristic_boost best_rc=-0.0 found=0 added=0 exhausted=True cert=True
[clean-BPC  1376.22s] cut_added family=schedule_nogood_core node=23 added=2 source_vehicle=1 route_count=4 signatures=[[6, 14, 17, 10], [18, 15, 16, 19, 4], [5, 20, 8], [2, 3, 1]]
[clean-BPC  1376.22s] node 27 d=7 lb=229.371345 open=16
[clean-BPC  1376.37s] node 27 cg=1 phase=phase1 obj=0.0 artificial=0.0 cols=3368
[clean-BPC  1376.54s] node 27 cg=2 phase=phase2 obj=229.44885 artificial=0.0 cols=3368
[clean-BPC  1376.54s] cut_purged node=27 removed=2 by_kind={'schedule_nogood_core': 2} remaining=52
[clean-BPC  1376.70s] node 27 cg=3 phase=phase2 obj=229.44885 artificial=0.0 cols=3368
[clean-BPC  1380.02s] node 27 cg=3 phase=phase2 kind=heuristic best_rc=0.038182667 found=0 added=0 exhausted=False cert=False
[clean-BPC  1391.42s] node 27 cg=3 phase=phase2 kind=heuristic_boost best_rc=-0.0 found=0 added=0 exhausted=True cert=True
[clean-BPC  1395.51s] branch node 27: left=RF(2,8)=separate right=RF(2,8)=same
[clean-BPC  1395.51s] node 23 d=7 lb=229.371345 open=17
[clean-BPC  1395.66s] node 23 cg=1 phase=phase1 obj=0.0 artificial=0.0 cols=3368
[clean-BPC  1395.79s] node 23 cg=2 phase=phase2 obj=229.371345 artificial=0.0 cols=3368
[clean-BPC  1399.00s] node 23 cg=2 phase=phase2 kind=heuristic best_rc=0.0 found=0 added=0 exhausted=False cert=False
[clean-BPC  1409.66s] node 23 cg=2 phase=phase2 kind=heuristic_boost best_rc=0.0 found=0 added=0 exhausted=True cert=True
[clean-BPC  1412.39s] branch node 23: left=arc(8,20)=off right=arc(8,20)=on
[clean-BPC  1412.39s] node 37 d=8 lb=229.371345 open=18
[clean-BPC  1412.54s] node 37 cg=1 phase=phase1 obj=0.0 artificial=0.0 cols=3368
[clean-BPC  1412.67s] node 37 cg=2 phase=phase2 obj=229.483296 artificial=0.0 cols=3368
[clean-BPC  1415.97s] node 37 cg=2 phase=phase2 kind=heuristic best_rc=-0.0 found=0 added=0 exhausted=False cert=False
[clean-BPC  1426.98s] node 37 cg=2 phase=phase2 kind=heuristic_boost best_rc=-0.0 found=0 added=0 exhausted=True cert=True
[clean-BPC  1429.61s] branch node 37: left=RF(2,8)=separate right=RF(2,8)=same
[clean-BPC  1429.61s] node 38 d=8 lb=229.371345 open=19
[clean-BPC  1429.75s] node 38 cg=1 phase=phase1 obj=0.0 artificial=0.0 cols=3368
[clean-BPC  1429.91s] node 38 cg=2 phase=phase2 obj=229.914808 artificial=0.0 cols=3368
[clean-BPC  1429.91s] cut_purged node=38 removed=1 by_kind={'schedule_nogood_core': 1} remaining=51
[clean-BPC  1430.04s] node 38 cg=3 phase=phase2 obj=229.914808 artificial=0.0 cols=3368
[clean-BPC  1432.74s] node 38 cg=3 phase=phase2 kind=heuristic best_rc=-0.013815333 found=2 added=2 exhausted=False cert=False
[clean-BPC  1432.89s] node 38 cg=4 phase=phase2 obj=229.9079 artificial=0.0 cols=3370
[clean-BPC  1435.63s] node 38 cg=4 phase=phase2 kind=heuristic best_rc=0.065497 found=0 added=0 exhausted=False cert=False
[clean-BPC  1441.43s] node 38 cg=4 phase=phase2 kind=heuristic_boost best_rc=0.065497 found=0 added=0 exhausted=True cert=True
[clean-BPC  1444.40s] branch node 38: left=arc(3,2)=off right=arc(3,2)=on
[clean-BPC  1444.40s] node 4 d=2 lb=229.39794 open=20
[clean-BPC  1444.62s] node 4 cg=1 phase=phase1 obj=0.0 artificial=0.0 cols=3370
[clean-BPC  1444.84s] node 4 cg=2 phase=phase2 obj=229.39794 artificial=0.0 cols=3370
[clean-BPC  1444.84s] cut_purged node=4 removed=1 by_kind={'schedule_nogood_core': 1} remaining=50
[clean-BPC  1445.04s] node 4 cg=3 phase=phase2 obj=229.39794 artificial=0.0 cols=3370
[clean-BPC  1448.21s] node 4 cg=3 phase=phase2 kind=heuristic best_rc=0.138372 found=0 added=0 exhausted=False cert=False
[clean-BPC  1457.05s] node 4 cg=3 phase=phase2 kind=heuristic_boost best_rc=0.138372 found=0 added=0 exhausted=True cert=True
[clean-BPC  1480.25s] cut_added family=schedule_pair_conflict node=4 added=2 source_vehicle=1 route_count=2 signatures=[[6, 10, 8, 2], [3, 20, 5, 1]]
[clean-BPC  1492.94s] rim-conflict diag node 4 conflicts=17 pair_events=1 pair_cuts=2 schedcap_events=0 schedcap_cuts=0 nogood_events=0 nogood_cuts=0 weak_skip=16
[clean-BPC    21.06s] restricted-MIP node 4 status=TIME_LIMIT obj=None accepted=False routes=3370 rejected=17 pair=2 ng=32 sched_cap=0 added_cuts=2 time=21.064037
[clean-BPC  1492.94s] node 4 d=2 lb=229.39794 open=20
[clean-BPC  1493.16s] node 4 cg=1 phase=phase1 obj=0.0 artificial=0.0 cols=3370
[clean-BPC  1493.38s] node 4 cg=2 phase=phase2 obj=229.39794 artificial=0.0 cols=3370
[clean-BPC  1493.38s] cut_purged node=4 removed=1 by_kind={'schedule_nogood_core': 1} remaining=51
[clean-BPC  1493.61s] node 4 cg=3 phase=phase2 obj=229.39794 artificial=0.0 cols=3370
[clean-BPC  1496.80s] node 4 cg=3 phase=phase2 kind=heuristic best_rc=0.138372 found=0 added=0 exhausted=False cert=False
[clean-BPC  1505.62s] node 4 cg=3 phase=phase2 kind=heuristic_boost best_rc=0.138372 found=0 added=0 exhausted=True cert=True
[clean-BPC  1539.96s] rim-conflict diag node 4 conflicts=16 pair_events=0 pair_cuts=0 schedcap_events=0 schedcap_cuts=0 nogood_events=0 nogood_cuts=0 weak_skip=16
[clean-BPC    20.27s] restricted-MIP node 4 status=TIME_LIMIT obj=None accepted=False routes=3370 rejected=16 pair=0 ng=32 sched_cap=0 added_cuts=0 time=20.267017
[clean-BPC  1544.34s] branch node 4: left=arc(16,15)=off right=arc(16,15)=on
[clean-BPC  1544.34s] node 43 d=3 lb=229.39794 open=21
[clean-BPC  1544.53s] node 43 cg=1 phase=phase1 obj=0.0 artificial=0.0 cols=3370
[clean-BPC  1544.72s] node 43 cg=2 phase=phase2 obj=229.39794 artificial=0.0 cols=3370
[clean-BPC  1544.72s] cut_purged node=43 removed=2 by_kind={'schedule_nogood_core': 2} remaining=49
[clean-BPC  1544.92s] node 43 cg=3 phase=phase2 obj=229.39794 artificial=0.0 cols=3370
[clean-BPC  1548.19s] node 43 cg=3 phase=phase2 kind=heuristic best_rc=0.264366 found=0 added=0 exhausted=False cert=False
[clean-BPC  1558.52s] node 43 cg=3 phase=phase2 kind=heuristic_boost best_rc=0.264366 found=0 added=0 exhausted=True cert=True
[clean-BPC  1581.57s] cut_added family=schedule_nogood_core node=43 added=1 source_vehicle=1 route_count=3 signatures=[[18, 15, 16, 19, 4], [2, 8, 10, 6], [1, 3, 20, 5]]
[clean-BPC  1591.20s] cut_added family=schedule_pair_conflict node=43 added=2 source_vehicle=1 route_count=2 signatures=[[6, 10, 8, 2], [3, 5, 20, 1]]
[clean-BPC  1591.20s] rim-conflict diag node 43 conflicts=21 pair_events=1 pair_cuts=2 schedcap_events=0 schedcap_cuts=0 nogood_events=1 nogood_cuts=1 weak_skip=19
[clean-BPC    19.83s] restricted-MIP node 43 status=SCHEDULE_REJECTED_LIMIT obj=None accepted=False routes=3370 rejected=21 pair=0 ng=40 sched_cap=0 added_cuts=3 time=19.833104
[clean-BPC  1591.20s] node 44 d=3 lb=229.39794 open=21
[clean-BPC  1591.41s] node 44 cg=1 phase=phase1 obj=0.0 artificial=0.0 cols=3370
[clean-BPC  1591.64s] node 44 cg=2 phase=phase2 obj=229.39794 artificial=0.0 cols=3370
[clean-BPC  1594.83s] node 44 cg=2 phase=phase2 kind=heuristic best_rc=-0.475974 found=3 added=3 exhausted=False cert=False
[clean-BPC  1595.05s] node 44 cg=3 phase=phase2 obj=229.39794 artificial=0.0 cols=3373
[clean-BPC  1595.05s] cut_purged node=44 removed=2 by_kind={'schedule_nogood_core': 2} remaining=50
[clean-BPC  1595.27s] node 44 cg=4 phase=phase2 obj=229.39794 artificial=0.0 cols=3373
[clean-BPC  1598.50s] node 44 cg=4 phase=phase2 kind=heuristic best_rc=0.317014667 found=0 added=0 exhausted=False cert=False
[clean-BPC  1608.06s] node 44 cg=4 phase=phase2 kind=heuristic_boost best_rc=0.317014667 found=0 added=0 exhausted=True cert=True
[clean-BPC  1631.26s] cut_added family=schedule_nogood_core node=44 added=1 source_vehicle=1 route_count=4 signatures=[[4, 19, 16, 15, 18], [2, 6, 10, 8], [1, 5, 20, 3], [7, 12, 13, 9]]
[clean-BPC  1643.91s] rim-conflict diag node 44 conflicts=14 pair_events=0 pair_cuts=0 schedcap_events=0 schedcap_cuts=0 nogood_events=1 nogood_cuts=1 weak_skip=13
[clean-BPC    21.08s] restricted-MIP node 44 status=TIME_LIMIT obj=None accepted=False routes=3373 rejected=14 pair=0 ng=28 sched_cap=0 added_cuts=1 time=21.080619
[clean-BPC  1643.91s] node 43 d=3 lb=229.39794 open=21
[clean-BPC  1644.11s] node 43 cg=1 phase=phase1 obj=0.0 artificial=0.0 cols=3373
[clean-BPC  1644.30s] node 43 cg=2 phase=phase2 obj=229.39794 artificial=0.0 cols=3373
[clean-BPC  1647.51s] node 43 cg=2 phase=phase2 kind=heuristic best_rc=0.317014667 found=0 added=0 exhausted=False cert=False
[clean-BPC  1656.57s] node 43 cg=2 phase=phase2 kind=heuristic_boost best_rc=0.317014667 found=0 added=0 exhausted=True cert=True
[clean-BPC  1678.90s] cut_added family=schedule_nogood_core node=43 added=1 source_vehicle=1 route_count=3 signatures=[[18, 15, 16, 19, 4], [2, 6, 10, 8], [1, 5, 20, 3]]
[clean-BPC  1690.77s] rim-conflict diag node 43 conflicts=20 pair_events=0 pair_cuts=0 schedcap_events=0 schedcap_cuts=0 nogood_events=1 nogood_cuts=1 weak_skip=19
[clean-BPC    21.07s] restricted-MIP node 43 status=TIME_LIMIT obj=None accepted=False routes=3373 rejected=20 pair=0 ng=40 sched_cap=0 added_cuts=1 time=21.070457
[clean-BPC  1690.77s] node 44 d=3 lb=229.39794 open=21
[clean-BPC  1690.99s] node 44 cg=1 phase=phase1 obj=0.0 artificial=0.0 cols=3373
[clean-BPC  1691.21s] node 44 cg=2 phase=phase2 obj=229.39794 artificial=0.0 cols=3373
[clean-BPC  1694.50s] node 44 cg=2 phase=phase2 kind=heuristic best_rc=0.317014667 found=0 added=0 exhausted=False cert=False
[clean-BPC  1704.32s] node 44 cg=2 phase=phase2 kind=heuristic_boost best_rc=0.317014667 found=0 added=0 exhausted=True cert=True
[clean-BPC  1738.22s] rim-conflict diag node 44 conflicts=13 pair_events=0 pair_cuts=0 schedcap_events=0 schedcap_cuts=0 nogood_events=0 nogood_cuts=0 weak_skip=13
[clean-BPC    20.15s] restricted-MIP node 44 status=TIME_LIMIT obj=None accepted=False routes=3373 rejected=13 pair=0 ng=26 sched_cap=0 added_cuts=0 time=20.146212
[clean-BPC  1744.10s] branch node 44: left=arc(13,12)=off right=arc(13,12)=on
[clean-BPC  1744.10s] node 43 d=3 lb=229.39794 open=22
[clean-BPC  1744.30s] node 43 cg=1 phase=phase1 obj=0.0 artificial=0.0 cols=3373
[clean-BPC  1744.50s] node 43 cg=2 phase=phase2 obj=229.39794 artificial=0.0 cols=3373
[clean-BPC  1747.69s] node 43 cg=2 phase=phase2 kind=heuristic best_rc=0.317014667 found=0 added=0 exhausted=False cert=False
[clean-BPC  1756.74s] node 43 cg=2 phase=phase2 kind=heuristic_boost best_rc=0.317014667 found=0 added=0 exhausted=True cert=True
[clean-BPC  1789.58s] rim-conflict diag node 43 conflicts=19 pair_events=0 pair_cuts=0 schedcap_events=0 schedcap_cuts=0 nogood_events=0 nogood_cuts=0 weak_skip=19
[clean-BPC    20.61s] restricted-MIP node 43 status=TIME_LIMIT obj=None accepted=False routes=3373 rejected=19 pair=0 ng=38 sched_cap=0 added_cuts=0 time=20.607768
[clean-BPC  1793.27s] branch node 43: left=arc(1,5)=off right=arc(1,5)=on
[clean-BPC  1793.27s] node 45 d=4 lb=229.39794 open=23
[clean-BPC  1793.50s] node 45 cg=1 phase=phase1 obj=0.0 artificial=0.0 cols=3373
[clean-BPC  1793.71s] node 45 cg=2 phase=phase2 obj=229.39794 artificial=0.0 cols=3373
[clean-BPC  1796.91s] node 45 cg=2 phase=phase2 kind=heuristic best_rc=0.317014667 found=0 added=0 exhausted=False cert=False
[clean-BPC  1805.83s] node 45 cg=2 phase=phase2 kind=heuristic_boost best_rc=0.317014667 found=0 added=0 exhausted=True cert=True
[clean-BPC  1809.94s] branch node 45: left=arc(20,3)=off right=arc(20,3)=on
[clean-BPC  1809.94s] node 48 d=4 lb=229.39794 open=24
[clean-BPC  1810.14s] node 48 cg=1 phase=phase1 obj=0.0 artificial=0.0 cols=3373
[clean-BPC  1810.34s] node 48 cg=2 phase=phase2 obj=229.39794 artificial=0.0 cols=3373
[clean-BPC  1813.58s] node 48 cg=2 phase=phase2 kind=heuristic best_rc=0.317014667 found=0 added=0 exhausted=False cert=False
[clean-BPC  1822.95s] node 48 cg=2 phase=phase2 kind=heuristic_boost best_rc=0.317014667 found=0 added=0 exhausted=True cert=True
[clean-BPC  1823.60s] cut_added family=schedule_nogood_core node=48 added=2 source_vehicle=1 route_count=3 signatures=[[18, 15, 16, 19, 4], [2, 8, 10, 6], [1, 5, 20, 3]]
[clean-BPC  1823.60s] node 49 d=5 lb=229.39794 open=24
[clean-BPC  1823.82s] node 49 cg=1 phase=phase1 obj=0.0 artificial=0.0 cols=3373
[clean-BPC  1824.05s] node 49 cg=2 phase=phase2 obj=229.39794 artificial=0.0 cols=3373
[clean-BPC  1827.22s] node 49 cg=2 phase=phase2 kind=heuristic best_rc=0.317014667 found=0 added=0 exhausted=False cert=False
[clean-BPC  1836.16s] node 49 cg=2 phase=phase2 kind=heuristic_boost best_rc=0.317014667 found=0 added=0 exhausted=True cert=True
[clean-BPC  1837.22s] cut_added family=schedule_nogood_core node=49 added=2 source_vehicle=1 route_count=4 signatures=[[4, 19, 16, 15, 18], [2, 6, 10, 8], [3, 20, 5, 1], [7, 12, 13, 9]]
[clean-BPC  1837.22s] node 50 d=5 lb=229.39794 open=24
[clean-BPC  1837.46s] node 50 cg=1 phase=phase1 obj=0.0 artificial=0.0 cols=3373
[clean-BPC  1837.69s] node 50 cg=2 phase=phase2 obj=229.39794 artificial=0.0 cols=3373
[clean-BPC  1841.00s] node 50 cg=2 phase=phase2 kind=heuristic best_rc=0.317014667 found=0 added=0 exhausted=False cert=False
[clean-BPC  1850.63s] node 50 cg=2 phase=phase2 kind=heuristic_boost best_rc=0.317014667 found=0 added=0 exhausted=True cert=True
[clean-BPC  1851.71s] cut_added family=schedule_nogood_core node=50 added=2 source_vehicle=1 route_count=4 signatures=[[4, 19, 16, 15, 18], [2, 8, 10, 6], [1, 5, 20, 3], [7, 12, 13, 9]]
[clean-BPC  1851.71s] node 48 d=4 lb=229.39794 open=24
[clean-BPC  1851.92s] node 48 cg=1 phase=phase1 obj=0.0 artificial=0.0 cols=3373
[clean-BPC  1852.11s] node 48 cg=2 phase=phase2 obj=229.39794 artificial=0.0 cols=3373
[clean-BPC  1855.42s] node 48 cg=2 phase=phase2 kind=heuristic best_rc=0.317014667 found=0 added=0 exhausted=False cert=False
[clean-BPC  1864.92s] node 48 cg=2 phase=phase2 kind=heuristic_boost best_rc=0.317014667 found=0 added=0 exhausted=True cert=True
[clean-BPC  1865.58s] cut_added family=schedule_nogood_core node=48 added=2 source_vehicle=1 route_count=3 signatures=[[18, 15, 16, 19, 4], [6, 10, 8, 2], [1, 5, 20, 3]]
[clean-BPC  1865.58s] node 49 d=5 lb=229.39794 open=24
[clean-BPC  1865.80s] node 49 cg=1 phase=phase1 obj=0.0 artificial=0.0 cols=3373
[clean-BPC  1866.01s] node 49 cg=2 phase=phase2 obj=229.39794 artificial=0.0 cols=3373
[clean-BPC  1869.26s] node 49 cg=2 phase=phase2 kind=heuristic best_rc=0.317014667 found=0 added=0 exhausted=False cert=False
[clean-BPC  1878.87s] node 49 cg=2 phase=phase2 kind=heuristic_boost best_rc=0.317014667 found=0 added=0 exhausted=True cert=True
[clean-BPC  1879.93s] cut_added family=schedule_nogood_core node=49 added=2 source_vehicle=1 route_count=4 signatures=[[4, 19, 16, 15, 18], [2, 8, 10, 6], [1, 3, 20, 5], [7, 12, 13, 9]]
[clean-BPC  1879.93s] node 50 d=5 lb=229.39794 open=24
[clean-BPC  1880.17s] node 50 cg=1 phase=phase1 obj=0.0 artificial=0.0 cols=3373
[clean-BPC  1880.40s] node 50 cg=2 phase=phase2 obj=229.39794 artificial=0.0 cols=3373
[clean-BPC  1883.71s] node 50 cg=2 phase=phase2 kind=heuristic best_rc=0.317014667 found=0 added=0 exhausted=False cert=False
[clean-BPC  1893.24s] node 50 cg=2 phase=phase2 kind=heuristic_boost best_rc=0.317014667 found=0 added=0 exhausted=True cert=True
[clean-BPC  1894.30s] cut_added family=schedule_nogood_core node=50 added=2 source_vehicle=1 route_count=4 signatures=[[4, 19, 16, 15, 18], [2, 6, 10, 8], [5, 20, 3, 1], [7, 12, 13, 9]]
[clean-BPC  1894.30s] node 48 d=4 lb=229.39794 open=24
[clean-BPC  1894.52s] node 48 cg=1 phase=phase1 obj=0.0 artificial=0.0 cols=3373
[clean-BPC  1894.73s] node 48 cg=2 phase=phase2 obj=229.39794 artificial=0.0 cols=3373
[clean-BPC  1897.96s] node 48 cg=2 phase=phase2 kind=heuristic best_rc=0.317014667 found=0 added=0 exhausted=False cert=False
[clean-BPC  1907.15s] node 48 cg=2 phase=phase2 kind=heuristic_boost best_rc=0.317014667 found=0 added=0 exhausted=True cert=True
[clean-BPC  1907.79s] cut_added family=schedule_nogood_core node=48 added=2 source_vehicle=1 route_count=3 signatures=[[18, 15, 16, 19, 4], [8, 10, 6, 2], [1, 5, 20, 3]]
[clean-BPC  1907.79s] node 49 d=5 lb=229.39794 open=24
[clean-BPC  1908.01s] node 49 cg=1 phase=phase1 obj=0.0 artificial=0.0 cols=3373
[clean-BPC  1908.24s] node 49 cg=2 phase=phase2 obj=229.39794 artificial=0.0 cols=3373
[clean-BPC  1911.51s] node 49 cg=2 phase=phase2 kind=heuristic best_rc=0.317014667 found=0 added=0 exhausted=False cert=False
[clean-BPC  1921.06s] node 49 cg=2 phase=phase2 kind=heuristic_boost best_rc=0.317014667 found=0 added=0 exhausted=True cert=True
[clean-BPC  1925.65s] branch node 49: left=arc(2,6)=off right=arc(2,6)=on
[clean-BPC  1925.65s] node 50 d=5 lb=229.39794 open=25
[clean-BPC  1925.88s] node 50 cg=1 phase=phase1 obj=0.0 artificial=0.0 cols=3373
[clean-BPC  1926.11s] node 50 cg=2 phase=phase2 obj=229.39794 artificial=0.0 cols=3373
[clean-BPC  1929.37s] node 50 cg=2 phase=phase2 kind=heuristic best_rc=0.317014667 found=0 added=0 exhausted=False cert=False
[clean-BPC  1938.52s] node 50 cg=2 phase=phase2 kind=heuristic_boost best_rc=0.317014667 found=0 added=0 exhausted=True cert=True
[clean-BPC  1942.75s] branch node 50: left=arc(2,6)=off right=arc(2,6)=on
[clean-BPC  1942.75s] node 48 d=4 lb=229.39794 open=26
[clean-BPC  1942.94s] node 48 cg=1 phase=phase1 obj=0.0 artificial=0.0 cols=3373
[clean-BPC  1943.14s] node 48 cg=2 phase=phase2 obj=229.514332 artificial=0.0 cols=3373
[clean-BPC  1946.53s] node 48 cg=2 phase=phase2 kind=heuristic best_rc=0.2057974 found=0 added=0 exhausted=False cert=False
[clean-BPC  1957.24s] node 48 cg=2 phase=phase2 kind=heuristic_boost best_rc=0.19168928 found=0 added=0 exhausted=True cert=True
[clean-BPC  1962.01s] branch node 48: left=RF(2,6)=separate right=RF(2,6)=same
[clean-BPC  1962.01s] node 51 d=6 lb=229.39794 open=27
[clean-BPC  1962.23s] node 51 cg=1 phase=phase1 obj=0.0 artificial=0.0 cols=3373
[clean-BPC  1962.45s] node 51 cg=2 phase=phase2 obj=229.39794 artificial=0.0 cols=3373
[clean-BPC  1965.53s] node 51 cg=2 phase=phase2 kind=heuristic best_rc=0.309605333 found=0 added=0 exhausted=False cert=False
[clean-BPC  1973.01s] node 51 cg=2 phase=phase2 kind=heuristic_boost best_rc=0.309605333 found=0 added=0 exhausted=True cert=True
[clean-BPC  1974.08s] cut_added family=schedule_nogood_core node=51 added=2 source_vehicle=1 route_count=4 signatures=[[4, 19, 16, 15, 18], [8, 10, 6, 2], [1, 3, 20, 5], [7, 12, 13, 9]]
[clean-BPC  1974.08s] node 52 d=6 lb=229.39794 open=27
[clean-BPC  1974.31s] node 52 cg=1 phase=phase1 obj=0.0 artificial=0.0 cols=3373
[clean-BPC  1974.55s] node 52 cg=2 phase=phase2 obj=229.705346 artificial=0.0 cols=3373
[clean-BPC  1978.10s] node 52 cg=2 phase=phase2 kind=heuristic best_rc=-0.050811 found=1 added=1 exhausted=False cert=False
[clean-BPC  1978.33s] node 52 cg=3 phase=phase2 obj=229.705346 artificial=0.0 cols=3374
[clean-BPC  1978.33s] cut_purged node=52 removed=1 by_kind={'schedule_nogood_core': 1} remaining=67
[clean-BPC  1978.55s] node 52 cg=4 phase=phase2 obj=229.705346 artificial=0.0 cols=3374
[clean-BPC  1981.97s] node 52 cg=4 phase=phase2 kind=heuristic best_rc=0.3639605 found=0 added=0 exhausted=False cert=False
[clean-BPC  1992.02s] node 52 cg=4 phase=phase2 kind=heuristic_boost best_rc=0.3456145 found=0 added=0 exhausted=True cert=True
[clean-BPC  1996.27s] branch node 52: left=arc(5,1)=off right=arc(5,1)=on
[clean-BPC  1996.27s] node 53 d=6 lb=229.39794 open=28
[clean-BPC  1996.49s] node 53 cg=1 phase=phase1 obj=0.0 artificial=0.0 cols=3374
[clean-BPC  1996.72s] node 53 cg=2 phase=phase2 obj=229.39794 artificial=0.0 cols=3374
[clean-BPC  1999.97s] node 53 cg=2 phase=phase2 kind=heuristic best_rc=0.122244667 found=0 added=0 exhausted=False cert=False
[clean-BPC  2009.37s] node 53 cg=2 phase=phase2 kind=heuristic_boost best_rc=0.122244667 found=0 added=0 exhausted=True cert=True
[clean-BPC  2010.43s] cut_added family=schedule_nogood_core node=53 added=2 source_vehicle=1 route_count=4 signatures=[[4, 19, 16, 15, 18], [8, 10, 6, 2], [1, 5, 20, 3], [7, 12, 13, 9]]
[clean-BPC  2010.43s] node 51 d=6 lb=229.39794 open=28
[clean-BPC  2010.65s] node 51 cg=1 phase=phase1 obj=0.0 artificial=0.0 cols=3374
[clean-BPC  2010.88s] node 51 cg=2 phase=phase2 obj=229.39794 artificial=0.0 cols=3374
[clean-BPC  2014.17s] node 51 cg=2 phase=phase2 kind=heuristic best_rc=-0.0 found=0 added=0 exhausted=False cert=False
[clean-BPC  2024.91s] node 51 cg=2 phase=phase2 kind=heuristic_boost best_rc=-0.0 found=0 added=0 exhausted=True cert=True
[clean-BPC  2025.96s] cut_added family=schedule_nogood_core node=51 added=2 source_vehicle=1 route_count=4 signatures=[[4, 19, 16, 15, 18], [6, 10, 8, 2], [1, 3, 20, 5], [7, 12, 13, 9]]
[clean-BPC  2025.96s] node 54 d=6 lb=229.39794 open=28
[clean-BPC  2026.21s] node 54 cg=1 phase=phase1 obj=0.0 artificial=0.0 cols=3374
[clean-BPC  2026.45s] node 54 cg=2 phase=phase2 obj=229.705346 artificial=0.0 cols=3374
[clean-BPC  2029.88s] node 54 cg=2 phase=phase2 kind=heuristic best_rc=0.3639605 found=0 added=0 exhausted=False cert=False
[clean-BPC  2040.17s] node 54 cg=2 phase=phase2 kind=heuristic_boost best_rc=0.3529747 found=0 added=0 exhausted=True cert=True
[clean-BPC  2044.58s] branch node 54: left=arc(3,1)=off right=arc(3,1)=on
[clean-BPC  2044.58s] node 53 d=6 lb=229.39794 open=29
[clean-BPC  2044.78s] node 53 cg=1 phase=phase1 obj=0.0 artificial=0.0 cols=3374
[clean-BPC  2045.02s] node 53 cg=2 phase=phase2 obj=229.39794 artificial=0.0 cols=3374
[clean-BPC  2045.02s] cut_purged node=53 removed=3 by_kind={'schedule_nogood_core': 3} remaining=68
[clean-BPC  2045.25s] node 53 cg=3 phase=phase2 obj=229.39794 artificial=0.0 cols=3374
[clean-BPC  2048.50s] node 53 cg=3 phase=phase2 kind=heuristic best_rc=0.124696083 found=0 added=0 exhausted=False cert=False
[clean-BPC  2057.83s] node 53 cg=3 phase=phase2 kind=heuristic_boost best_rc=0.124696083 found=0 added=0 exhausted=True cert=True
[clean-BPC  2061.18s] branch node 53: left=arc(3,1)=off right=arc(3,1)=on
[clean-BPC  2061.18s] node 51 d=6 lb=229.39794 open=30
[clean-BPC  2061.40s] node 51 cg=1 phase=phase1 obj=0.0 artificial=0.0 cols=3374
[clean-BPC  2061.62s] node 51 cg=2 phase=phase2 obj=229.39794 artificial=0.0 cols=3374
[clean-BPC  2064.91s] node 51 cg=2 phase=phase2 kind=heuristic best_rc=0.082442 found=0 added=0 exhausted=False cert=False
[clean-BPC  2074.24s] node 51 cg=2 phase=phase2 kind=heuristic_boost best_rc=0.082442 found=0 added=0 exhausted=True cert=True
[clean-BPC  2077.51s] branch node 51: left=arc(6,2)=off right=arc(6,2)=on
[clean-BPC  2077.51s] node 61 d=7 lb=229.39794 open=31
[clean-BPC  2077.73s] node 61 cg=1 phase=phase1 obj=0.0 artificial=0.0 cols=3374
[clean-BPC  2077.96s] node 61 cg=2 phase=phase2 obj=229.39794 artificial=0.0 cols=3374
[clean-BPC  2081.27s] node 61 cg=2 phase=phase2 kind=heuristic best_rc=0.124696083 found=0 added=0 exhausted=False cert=False
[clean-BPC  2091.01s] node 61 cg=2 phase=phase2 kind=heuristic_boost best_rc=0.124696083 found=0 added=0 exhausted=True cert=True
[clean-BPC  2092.08s] cut_added family=schedule_nogood_core node=61 added=2 source_vehicle=1 route_count=4 signatures=[[4, 19, 16, 15, 18], [6, 10, 8, 2], [1, 5, 20, 3], [7, 12, 13, 9]]
[clean-BPC  2092.08s] node 62 d=7 lb=229.39794 open=31
[clean-BPC  2092.31s] node 62 cg=1 phase=phase1 obj=0.0 artificial=0.0 cols=3374
[clean-BPC  2092.55s] node 62 cg=2 phase=phase2 obj=229.39794 artificial=0.0 cols=3374
[clean-BPC  2092.55s] cut_purged node=62 removed=1 by_kind={'schedule_nogood_core': 1} remaining=69
[clean-BPC  2092.79s] node 62 cg=3 phase=phase2 obj=229.39794 artificial=0.0 cols=3374
[clean-BPC  2092.79s] cut_purged node=62 removed=1 by_kind={'schedule_nogood_core': 1} remaining=68
[clean-BPC  2093.00s] node 62 cg=4 phase=phase2 obj=229.39794 artificial=0.0 cols=3374
[clean-BPC  2096.27s] node 62 cg=4 phase=phase2 kind=heuristic best_rc=-0.18807975 found=6 added=6 exhausted=False cert=False
[clean-BPC  2096.50s] node 62 cg=5 phase=phase2 obj=229.39794 artificial=0.0 cols=3380
[clean-BPC  2099.78s] node 62 cg=5 phase=phase2 kind=heuristic best_rc=0.054428 found=0 added=0 exhausted=False cert=False
[clean-BPC  2109.43s] node 62 cg=5 phase=phase2 kind=heuristic_boost best_rc=0.054428 found=0 added=0 exhausted=True cert=True
[clean-BPC  2110.51s] cut_added family=schedule_nogood_core node=62 added=2 source_vehicle=1 route_count=4 signatures=[[4, 19, 16, 15, 18], [8, 10, 6, 2], [5, 20, 3, 1], [7, 12, 13, 9]]
[clean-BPC  2110.51s] node 63 d=7 lb=229.39794 open=31
[clean-BPC  2110.73s] node 63 cg=1 phase=phase1 obj=0.0 artificial=0.0 cols=3380
[clean-BPC  2110.95s] node 63 cg=2 phase=phase2 obj=229.39794 artificial=0.0 cols=3380
[clean-BPC  2114.49s] node 63 cg=2 phase=phase2 kind=heuristic best_rc=-0.1211625 found=2 added=2 exhausted=False cert=False
[clean-BPC  2114.71s] node 63 cg=3 phase=phase2 obj=229.39794 artificial=0.0 cols=3382
[clean-BPC  2118.14s] node 63 cg=3 phase=phase2 kind=heuristic best_rc=0.401923 found=0 added=0 exhausted=False cert=False
[clean-BPC  2128.69s] node 63 cg=3 phase=phase2 kind=heuristic_boost best_rc=0.161975 found=0 added=0 exhausted=True cert=True
[clean-BPC  2132.86s] branch node 63: left=arc(1,3)=off right=arc(1,3)=on
[clean-BPC  2132.86s] node 46 d=4 lb=229.39794 open=32
[clean-BPC  2133.09s] node 46 cg=1 phase=phase1 obj=0.0 artificial=0.0 cols=3382
[clean-BPC  2133.33s] node 46 cg=2 phase=phase2 obj=229.39794 artificial=0.0 cols=3382
[clean-BPC  2136.48s] node 46 cg=2 phase=phase2 kind=heuristic best_rc=0.273353 found=0 added=0 exhausted=False cert=False
[clean-BPC  2144.85s] node 46 cg=2 phase=phase2 kind=heuristic_boost best_rc=0.273353 found=0 added=0 exhausted=True cert=True
[clean-BPC  2145.91s] cut_added family=schedule_nogood_core node=46 added=2 source_vehicle=1 route_count=4 signatures=[[4, 19, 16, 15, 18], [2, 6, 10, 8], [1, 3, 20, 5], [9, 13, 12, 7]]
[clean-BPC  2145.91s] node 47 d=4 lb=229.39794 open=32
[clean-BPC  2146.13s] node 47 cg=1 phase=phase1 obj=0.0 artificial=0.0 cols=3382
[clean-BPC  2146.34s] node 47 cg=2 phase=phase2 obj=229.39794 artificial=0.0 cols=3382
[clean-BPC  2146.34s] cut_purged node=47 removed=3 by_kind={'schedule_nogood_core': 3} remaining=69
[clean-BPC  2146.55s] node 47 cg=3 phase=phase2 obj=229.39794 artificial=0.0 cols=3382
[clean-BPC  2149.86s] node 47 cg=3 phase=phase2 kind=heuristic best_rc=0.297391 found=0 added=0 exhausted=False cert=False
[clean-BPC  2160.24s] node 47 cg=3 phase=phase2 kind=heuristic_boost best_rc=0.297391 found=0 added=0 exhausted=True cert=True
[clean-BPC  2160.89s] cut_added family=schedule_nogood_core node=47 added=2 source_vehicle=1 route_count=3 signatures=[[18, 15, 16, 19, 4], [2, 6, 10, 8], [1, 3, 20, 5]]
[clean-BPC  2160.89s] node 64 d=7 lb=229.39794 open=32
[clean-BPC  2161.11s] node 64 cg=1 phase=phase1 obj=0.0 artificial=0.0 cols=3382
[clean-BPC  2161.35s] node 64 cg=2 phase=phase2 obj=229.705346 artificial=0.0 cols=3382
[clean-BPC  2164.59s] node 64 cg=2 phase=phase2 kind=heuristic best_rc=-0.2217288 found=1 added=1 exhausted=False cert=False
[clean-BPC  2164.81s] node 64 cg=3 phase=phase2 obj=229.705346 artificial=0.0 cols=3383
[clean-BPC  2168.14s] node 64 cg=3 phase=phase2 kind=heuristic best_rc=0.220379 found=0 added=0 exhausted=False cert=False
[clean-BPC  2178.00s] node 64 cg=3 phase=phase2 kind=heuristic_boost best_rc=0.220379 found=0 added=0 exhausted=True cert=True
[clean-BPC  2182.20s] branch node 64: left=arc(8,6)=off right=arc(8,6)=on
[clean-BPC  2182.20s] node 61 d=7 lb=229.39794 open=33
[clean-BPC  2182.42s] node 61 cg=1 phase=phase1 obj=0.0 artificial=0.0 cols=3383
[clean-BPC  2182.65s] node 61 cg=2 phase=phase2 obj=229.39794 artificial=0.0 cols=3383
[clean-BPC  2182.65s] cut_purged node=61 removed=2 by_kind={'schedule_nogood_core': 2} remaining=69
[clean-BPC  2182.89s] node 61 cg=3 phase=phase2 obj=229.39794 artificial=0.0 cols=3383
[clean-BPC  2186.16s] node 61 cg=3 phase=phase2 kind=heuristic best_rc=0.122244667 found=0 added=0 exhausted=False cert=False
[clean-BPC  2195.39s] node 61 cg=3 phase=phase2 kind=heuristic_boost best_rc=0.122244667 found=0 added=0 exhausted=True cert=True
[clean-BPC  2196.45s] cut_added family=schedule_nogood_core node=61 added=1 source_vehicle=1 route_count=4 signatures=[[4, 19, 16, 15, 18], [2, 8, 10, 6], [1, 5, 20, 3], [7, 12, 13, 9]]
[clean-BPC  2196.45s] node 62 d=7 lb=229.39794 open=33
[clean-BPC  2196.69s] node 62 cg=1 phase=phase1 obj=0.0 artificial=0.0 cols=3383
[clean-BPC  2196.92s] node 62 cg=2 phase=phase2 obj=229.39794 artificial=0.0 cols=3383
[clean-BPC  2196.92s] cut_purged node=62 removed=1 by_kind={'schedule_nogood_core': 1} remaining=69
[clean-BPC  2197.16s] node 62 cg=3 phase=phase2 obj=229.39794 artificial=0.0 cols=3383
[clean-BPC  2200.36s] node 62 cg=3 phase=phase2 kind=heuristic best_rc=0.054428 found=0 added=0 exhausted=False cert=False
[clean-BPC  2209.99s] node 62 cg=3 phase=phase2 kind=heuristic_boost best_rc=0.054428 found=0 added=0 exhausted=True cert=True
[clean-BPC  2211.06s] cut_added family=schedule_nogood_core node=62 added=1 source_vehicle=1 route_count=4 signatures=[[4, 19, 16, 15, 18], [8, 10, 6, 2], [5, 20, 3, 1], [7, 12, 13, 9]]
[clean-BPC  2211.06s] node 65 d=8 lb=229.39794 open=33
[clean-BPC  2211.29s] node 65 cg=1 phase=phase1 obj=0.0 artificial=0.0 cols=3383
[clean-BPC  2211.51s] node 65 cg=2 phase=phase2 obj=229.39794 artificial=0.0 cols=3383
[clean-BPC  2214.74s] node 65 cg=2 phase=phase2 kind=heuristic best_rc=-0.639051 found=2 added=2 exhausted=False cert=False
[clean-BPC  2214.96s] node 65 cg=3 phase=phase2 obj=229.39794 artificial=0.0 cols=3385
[clean-BPC  2214.96s] cut_purged node=65 removed=2 by_kind={'schedule_nogood_core': 2} remaining=68
[clean-BPC  2215.16s] node 65 cg=4 phase=phase2 obj=229.39794 artificial=0.0 cols=3385
[clean-BPC  2218.46s] node 65 cg=4 phase=phase2 kind=heuristic best_rc=0.310405 found=0 added=0 exhausted=False cert=False
[clean-BPC  2227.05s] node 65 cg=4 phase=phase2 kind=heuristic_boost best_rc=-0.260804 found=2 added=2 exhausted=True cert=True
[clean-BPC  2227.24s] node 65 cg=5 phase=phase2 obj=229.39794 artificial=0.0 cols=3387
[clean-BPC  2230.38s] node 65 cg=5 phase=phase2 kind=heuristic best_rc=0.401923 found=0 added=0 exhausted=False cert=False
[clean-BPC  2238.43s] node 65 cg=5 phase=phase2 kind=heuristic_boost best_rc=0.074108333 found=0 added=0 exhausted=True cert=True
[clean-BPC  2239.50s] cut_added family=schedule_nogood_core node=65 added=2 source_vehicle=1 route_count=4 signatures=[[4, 19, 16, 15, 18], [2, 8, 10, 6], [3, 20, 5, 1], [7, 12, 13, 9]]
[clean-BPC  2239.50s] node 66 d=8 lb=229.39794 open=33
[clean-BPC  2239.71s] node 66 cg=1 phase=phase1 obj=0.0 artificial=0.0 cols=3387
[clean-BPC  2239.94s] node 66 cg=2 phase=phase2 obj=229.39794 artificial=0.0 cols=3387
[clean-BPC  2243.28s] node 66 cg=2 phase=phase2 kind=heuristic best_rc=0.227756333 found=0 added=0 exhausted=False cert=False
[clean-BPC  2253.19s] node 66 cg=2 phase=phase2 kind=heuristic_boost best_rc=0.227756333 found=0 added=0 exhausted=True cert=True
[clean-BPC  2254.25s] cut_added family=schedule_nogood_core node=66 added=1 source_vehicle=1 route_count=4 signatures=[[4, 19, 16, 15, 18], [6, 10, 8, 2], [1, 3, 20, 5], [7, 12, 13, 9]]
[clean-BPC  2254.25s] node 46 d=4 lb=229.39794 open=33
[clean-BPC  2254.47s] node 46 cg=1 phase=phase1 obj=0.0 artificial=0.0 cols=3387
[clean-BPC  2254.71s] node 46 cg=2 phase=phase2 obj=229.39794 artificial=0.0 cols=3387
[clean-BPC  2257.85s] node 46 cg=2 phase=phase2 kind=heuristic best_rc=0.401923 found=0 added=0 exhausted=False cert=False
[clean-BPC  2266.14s] node 46 cg=2 phase=phase2 kind=heuristic_boost best_rc=0.401923 found=0 added=0 exhausted=True cert=True
[clean-BPC  2267.22s] cut_added family=schedule_nogood_core node=46 added=1 source_vehicle=1 route_count=4 signatures=[[4, 19, 16, 15, 18], [2, 6, 10, 8], [1, 3, 20, 5], [9, 13, 12, 7]]
[clean-BPC  2267.22s] node 61 d=7 lb=229.39794 open=33
[clean-BPC  2267.45s] node 61 cg=1 phase=phase1 obj=0.0 artificial=0.0 cols=3387
[clean-BPC  2267.68s] node 61 cg=2 phase=phase2 obj=229.39794 artificial=0.0 cols=3387
[clean-BPC  2270.96s] node 61 cg=2 phase=phase2 kind=heuristic best_rc=0.124696083 found=0 added=0 exhausted=False cert=False
[clean-BPC  2280.64s] node 61 cg=2 phase=phase2 kind=heuristic_boost best_rc=0.124696083 found=0 added=0 exhausted=True cert=True
[clean-BPC  2281.70s] cut_added family=schedule_nogood_core node=61 added=1 source_vehicle=1 route_count=4 signatures=[[4, 19, 16, 15, 18], [6, 10, 8, 2], [1, 5, 20, 3], [7, 12, 13, 9]]
[clean-BPC  2281.70s] node 62 d=7 lb=229.39794 open=33
[clean-BPC  2281.92s] node 62 cg=1 phase=phase1 obj=0.0 artificial=0.0 cols=3387
[clean-BPC  2282.16s] node 62 cg=2 phase=phase2 obj=229.39794 artificial=0.0 cols=3387
[clean-BPC  2285.38s] node 62 cg=2 phase=phase2 kind=heuristic best_rc=0.054428 found=0 added=0 exhausted=False cert=False
[clean-BPC  2295.08s] node 62 cg=2 phase=phase2 kind=heuristic_boost best_rc=0.054428 found=0 added=0 exhausted=True cert=True
[clean-BPC  2296.15s] cut_added family=schedule_nogood_core node=62 added=2 source_vehicle=1 route_count=4 signatures=[[4, 19, 16, 15, 18], [2, 8, 10, 6], [5, 20, 3, 1], [7, 12, 13, 9]]
[clean-BPC  2296.15s] node 65 d=8 lb=229.39794 open=33
[clean-BPC  2296.35s] node 65 cg=1 phase=phase1 obj=0.0 artificial=0.0 cols=3387
[clean-BPC  2296.57s] node 65 cg=2 phase=phase2 obj=229.591927 artificial=0.0 cols=3387
[clean-BPC  2299.86s] node 65 cg=2 phase=phase2 kind=heuristic best_rc=0.283392333 found=0 added=0 exhausted=False cert=False
[clean-BPC  2309.18s] node 65 cg=2 phase=phase2 kind=heuristic_boost best_rc=-0.2201585 found=1 added=1 exhausted=True cert=True
[clean-BPC  2309.40s] node 65 cg=3 phase=phase2 obj=229.591927 artificial=0.0 cols=3388
[clean-BPC  2312.80s] node 65 cg=3 phase=phase2 kind=heuristic best_rc=0.283392333 found=0 added=0 exhausted=False cert=False
[clean-BPC  2321.54s] node 65 cg=3 phase=phase2 kind=heuristic_boost best_rc=0.251973167 found=0 added=0 exhausted=True cert=True
[clean-BPC  2325.04s] branch node 65: left=RF(2,5)=separate right=RF(2,5)=same
[clean-BPC  2325.04s] node 66 d=8 lb=229.39794 open=34
[clean-BPC  2325.27s] node 66 cg=1 phase=phase1 obj=0.0 artificial=0.0 cols=3388
[clean-BPC  2325.49s] node 66 cg=2 phase=phase2 obj=229.629485 artificial=0.0 cols=3388
[clean-BPC  2328.84s] node 66 cg=2 phase=phase2 kind=heuristic best_rc=0.2104795 found=0 added=0 exhausted=False cert=False
[clean-BPC  2338.63s] node 66 cg=2 phase=phase2 kind=heuristic_boost best_rc=0.185122 found=0 added=0 exhausted=True cert=True
[clean-BPC  2342.88s] branch node 66: left=arc(6,10)=off right=arc(6,10)=on
[clean-BPC  2342.88s] node 46 d=4 lb=229.39794 open=35
[clean-BPC  2343.10s] node 46 cg=1 phase=phase1 obj=0.0 artificial=0.0 cols=3388
[clean-BPC  2343.34s] node 46 cg=2 phase=phase2 obj=229.39794 artificial=0.0 cols=3388
[clean-BPC  2346.60s] node 46 cg=2 phase=phase2 kind=heuristic best_rc=0.401923 found=0 added=0 exhausted=False cert=False
[clean-BPC  2356.65s] node 46 cg=2 phase=phase2 kind=heuristic_boost best_rc=0.401923 found=0 added=0 exhausted=True cert=True
[clean-BPC  2357.70s] cut_added family=schedule_nogood_core node=46 added=2 source_vehicle=1 route_count=4 signatures=[[4, 19, 16, 15, 18], [2, 6, 10, 8], [1, 5, 20, 3], [9, 13, 12, 7]]
[clean-BPC  2357.70s] node 61 d=7 lb=229.39794 open=35
[clean-BPC  2357.93s] node 61 cg=1 phase=phase1 obj=0.0 artificial=0.0 cols=3388
[clean-BPC  2358.17s] node 61 cg=2 phase=phase2 obj=229.62593 artificial=0.0 cols=3388
[clean-BPC  2358.17s] cut_purged node=61 removed=1 by_kind={'schedule_nogood_core': 1} remaining=76
[clean-BPC  2358.41s] node 61 cg=3 phase=phase2 obj=229.62593 artificial=0.0 cols=3388
[clean-BPC  2361.73s] node 61 cg=3 phase=phase2 kind=heuristic best_rc=-0.0126035 found=2 added=2 exhausted=False cert=False
[clean-BPC  2361.96s] node 61 cg=4 phase=phase2 obj=229.621729 artificial=0.0 cols=3390
[clean-BPC  2365.39s] node 61 cg=4 phase=phase2 kind=heuristic best_rc=-0.029477 found=1 added=1 exhausted=False cert=False
[clean-BPC  2365.62s] node 61 cg=5 phase=phase2 obj=229.621729 artificial=0.0 cols=3391
[clean-BPC  2365.62s] cut_purged node=61 removed=2 by_kind={'schedule_nogood_core': 2} remaining=74
[clean-BPC  2365.86s] node 61 cg=6 phase=phase2 obj=229.621729 artificial=0.0 cols=3391
[clean-BPC  2369.29s] node 61 cg=6 phase=phase2 kind=heuristic best_rc=0.164498 found=0 added=0 exhausted=False cert=False
[clean-BPC  2378.17s] node 61 cg=6 phase=phase2 kind=heuristic_boost best_rc=0.164498 found=0 added=0 exhausted=True cert=True
[clean-BPC  2382.46s] branch node 61: left=arc(10,6)=off right=arc(10,6)=on
[clean-BPC  2382.46s] node 62 d=7 lb=229.39794 open=36
[clean-BPC  2382.69s] node 62 cg=1 phase=phase1 obj=0.0 artificial=0.0 cols=3391
[clean-BPC  2382.94s] node 62 cg=2 phase=phase2 obj=229.39794 artificial=0.0 cols=3391
[clean-BPC  2386.22s] node 62 cg=2 phase=phase2 kind=heuristic best_rc=0.048531 found=0 added=0 exhausted=False cert=False
[clean-BPC  2395.86s] node 62 cg=2 phase=phase2 kind=heuristic_boost best_rc=0.048531 found=0 added=0 exhausted=True cert=True
[clean-BPC  2396.94s] cut_added family=schedule_nogood_core node=62 added=1 source_vehicle=1 route_count=4 signatures=[[4, 19, 16, 15, 18], [2, 8, 10, 6], [5, 20, 3, 1], [7, 12, 13, 9]]
[clean-BPC  2396.94s] node 47 d=4 lb=229.39794 open=36
[clean-BPC  2397.14s] node 47 cg=1 phase=phase1 obj=0.0 artificial=0.0 cols=3391
[clean-BPC  2397.36s] node 47 cg=2 phase=phase2 obj=229.39794 artificial=0.0 cols=3391
[clean-BPC  2397.36s] cut_purged node=47 removed=1 by_kind={'schedule_nogood_core': 1} remaining=74
[clean-BPC  2397.57s] node 47 cg=3 phase=phase2 obj=229.39794 artificial=0.0 cols=3391
[clean-BPC  2397.57s] cut_purged node=47 removed=1 by_kind={'schedule_nogood_core': 1} remaining=73
[clean-BPC  2397.78s] node 47 cg=4 phase=phase2 obj=229.39794 artificial=0.0 cols=3391
[clean-BPC  2400.92s] node 47 cg=4 phase=phase2 kind=heuristic best_rc=0.264366 found=0 added=0 exhausted=False cert=False
[clean-BPC  2409.76s] node 47 cg=4 phase=phase2 kind=heuristic_boost best_rc=0.264366 found=0 added=0 exhausted=True cert=True
[clean-BPC  2410.43s] cut_added family=schedule_nogood_core node=47 added=1 source_vehicle=1 route_count=3 signatures=[[18, 15, 16, 19, 4], [2, 6, 10, 8], [1, 3, 20, 5]]
[clean-BPC  2410.43s] node 46 d=4 lb=229.39794 open=36
[clean-BPC  2410.66s] node 46 cg=1 phase=phase1 obj=0.0 artificial=0.0 cols=3391
[clean-BPC  2410.90s] node 46 cg=2 phase=phase2 obj=229.39794 artificial=0.0 cols=3391
[clean-BPC  2414.17s] node 46 cg=2 phase=phase2 kind=heuristic best_rc=0.401923 found=0 added=0 exhausted=False cert=False
[clean-BPC  2424.31s] node 46 cg=2 phase=phase2 kind=heuristic_boost best_rc=0.401923 found=0 added=0 exhausted=True cert=True
[clean-BPC  2425.38s] cut_added family=schedule_nogood_core node=46 added=1 source_vehicle=1 route_count=4 signatures=[[4, 19, 16, 15, 18], [2, 6, 10, 8], [1, 5, 20, 3], [9, 13, 12, 7]]
[clean-BPC  2425.38s] node 62 d=7 lb=229.39794 open=36
[clean-BPC  2425.61s] node 62 cg=1 phase=phase1 obj=0.0 artificial=0.0 cols=3391
[clean-BPC  2425.85s] node 62 cg=2 phase=phase2 obj=229.39794 artificial=0.0 cols=3391
[clean-BPC  2429.15s] node 62 cg=2 phase=phase2 kind=heuristic best_rc=0.048531 found=0 added=0 exhausted=False cert=False
[clean-BPC  2439.07s] node 62 cg=2 phase=phase2 kind=heuristic_boost best_rc=0.048531 found=0 added=0 exhausted=True cert=True
[clean-BPC  2440.13s] cut_added family=schedule_nogood_core node=62 added=2 source_vehicle=1 route_count=4 signatures=[[4, 19, 16, 15, 18], [6, 10, 8, 2], [5, 20, 3, 1], [7, 12, 13, 9]]
[clean-BPC  2440.13s] node 47 d=4 lb=229.39794 open=36
[clean-BPC  2440.34s] node 47 cg=1 phase=phase1 obj=0.0 artificial=0.0 cols=3391
[clean-BPC  2440.56s] node 47 cg=2 phase=phase2 obj=229.39794 artificial=0.0 cols=3391
[clean-BPC  2443.72s] node 47 cg=2 phase=phase2 kind=heuristic best_rc=0.264366 found=0 added=0 exhausted=False cert=False
[clean-BPC  2452.55s] node 47 cg=2 phase=phase2 kind=heuristic_boost best_rc=0.264366 found=0 added=0 exhausted=True cert=True
[clean-BPC  2453.21s] cut_added family=schedule_nogood_core node=47 added=2 source_vehicle=1 route_count=3 signatures=[[18, 15, 16, 19, 4], [2, 6, 10, 8], [3, 20, 5, 1]]
[clean-BPC  2453.22s] node 46 d=4 lb=229.39794 open=36
[clean-BPC  2453.45s] node 46 cg=1 phase=phase1 obj=0.0 artificial=0.0 cols=3391
[clean-BPC  2453.70s] node 46 cg=2 phase=phase2 obj=229.39794 artificial=0.0 cols=3391
[clean-BPC  2453.70s] cut_purged node=46 removed=1 by_kind={'schedule_nogood_core': 1} remaining=78
[clean-BPC  2453.93s] node 46 cg=3 phase=phase2 obj=229.39794 artificial=0.0 cols=3391
[clean-BPC  2453.93s] cut_purged node=46 removed=3 by_kind={'schedule_nogood_core': 3} remaining=75
[clean-BPC  2454.16s] node 46 cg=4 phase=phase2 obj=229.39794 artificial=0.0 cols=3391
[clean-BPC  2457.43s] node 46 cg=4 phase=phase2 kind=heuristic best_rc=0.401923 found=0 added=0 exhausted=False cert=False
[clean-BPC  2467.03s] node 46 cg=4 phase=phase2 kind=heuristic_boost best_rc=0.401923 found=0 added=0 exhausted=True cert=True
[clean-BPC  2471.39s] branch node 46: left=arc(1,3)=off right=arc(1,3)=on
[clean-BPC  2471.39s] node 62 d=7 lb=229.39794 open=37
[clean-BPC  2471.62s] node 62 cg=1 phase=phase1 obj=0.0 artificial=0.0 cols=3391
[clean-BPC  2471.86s] node 62 cg=2 phase=phase2 obj=229.39794 artificial=0.0 cols=3391
[clean-BPC  2475.22s] node 62 cg=2 phase=phase2 kind=heuristic best_rc=0.048531 found=0 added=0 exhausted=False cert=False
[clean-BPC  2485.27s] node 62 cg=2 phase=phase2 kind=heuristic_boost best_rc=0.048531 found=0 added=0 exhausted=True cert=True
[clean-BPC  2486.35s] cut_added family=schedule_nogood_core node=62 added=1 source_vehicle=1 route_count=4 signatures=[[4, 19, 16, 15, 18], [8, 10, 6, 2], [5, 20, 3, 1], [7, 12, 13, 9]]
[clean-BPC  2486.35s] node 47 d=4 lb=229.39794 open=37
[clean-BPC  2486.58s] node 47 cg=1 phase=phase1 obj=0.0 artificial=0.0 cols=3391
[clean-BPC  2486.79s] node 47 cg=2 phase=phase2 obj=229.39794 artificial=0.0 cols=3391
[clean-BPC  2490.01s] node 47 cg=2 phase=phase2 kind=heuristic best_rc=0.264366 found=0 added=0 exhausted=False cert=False
[clean-BPC  2498.87s] node 47 cg=2 phase=phase2 kind=heuristic_boost best_rc=0.264366 found=0 added=0 exhausted=True cert=True
[clean-BPC  2502.74s] branch node 47: left=arc(1,3)=off right=arc(1,3)=on
[clean-BPC  2502.74s] node 75 d=5 lb=229.39794 open=38
[clean-BPC  2502.97s] node 75 cg=1 phase=phase1 obj=0.0 artificial=0.0 cols=3391
[clean-BPC  2503.20s] node 75 cg=2 phase=phase2 obj=229.39794 artificial=0.0 cols=3391
[clean-BPC  2506.46s] node 75 cg=2 phase=phase2 kind=heuristic best_rc=0.294305895 found=0 added=0 exhausted=False cert=False
[clean-BPC  2516.17s] node 75 cg=2 phase=phase2 kind=heuristic_boost best_rc=0.294305895 found=0 added=0 exhausted=True cert=True
[clean-BPC  2517.28s] cut_added family=schedule_nogood_core node=75 added=2 source_vehicle=1 route_count=4 signatures=[[4, 19, 16, 15, 18], [2, 8, 10, 6], [1, 5, 20, 3], [9, 13, 12, 7]]
[clean-BPC  2517.28s] node 76 d=5 lb=229.39794 open=38
[clean-BPC  2517.52s] node 76 cg=1 phase=phase1 obj=0.0 artificial=0.0 cols=3391
[clean-BPC  2517.75s] node 76 cg=2 phase=phase2 obj=229.39794 artificial=0.0 cols=3391
[clean-BPC  2517.75s] cut_purged node=76 removed=1 by_kind={'schedule_nogood_core': 1} remaining=77
[clean-BPC  2518.00s] node 76 cg=3 phase=phase2 obj=229.39794 artificial=0.0 cols=3391
[clean-BPC  2521.16s] node 76 cg=3 phase=phase2 kind=heuristic best_rc=0.32655775 found=0 added=0 exhausted=False cert=False
[clean-BPC  2530.29s] node 76 cg=3 phase=phase2 kind=heuristic_boost best_rc=0.32655775 found=0 added=0 exhausted=True cert=True
[clean-BPC  2531.36s] cut_added family=schedule_nogood_core node=76 added=2 source_vehicle=1 route_count=4 signatures=[[4, 19, 16, 15, 18], [2, 8, 10, 6], [1, 3, 20, 5], [9, 13, 12, 7]]
[clean-BPC  2531.36s] node 62 d=7 lb=229.39794 open=38
[clean-BPC  2531.61s] node 62 cg=1 phase=phase1 obj=0.0 artificial=0.0 cols=3391
[clean-BPC  2531.86s] node 62 cg=2 phase=phase2 obj=229.62724 artificial=0.0 cols=3391
[clean-BPC  2535.45s] node 62 cg=2 phase=phase2 kind=heuristic best_rc=0.393296667 found=0 added=0 exhausted=False cert=False
[clean-BPC  2547.80s] node 62 cg=2 phase=phase2 kind=heuristic_boost best_rc=0.21753 found=0 added=0 exhausted=True cert=True
[clean-BPC  2554.38s] branch node 62: left=arc(6,10)=off right=arc(6,10)=on
[clean-BPC  2554.38s] node 77 d=5 lb=229.39794 open=39
[clean-BPC  2554.59s] node 77 cg=1 phase=phase1 obj=0.0 artificial=0.0 cols=3391
[clean-BPC  2554.79s] node 77 cg=2 phase=phase2 obj=229.39794 artificial=0.0 cols=3391
[clean-BPC  2557.98s] node 77 cg=2 phase=phase2 kind=heuristic best_rc=0.264366 found=0 added=0 exhausted=False cert=False
[clean-BPC  2565.89s] node 77 cg=2 phase=phase2 kind=heuristic_boost best_rc=0.264366 found=0 added=0 exhausted=True cert=True
[clean-BPC  2566.55s] cut_added family=schedule_nogood_core node=77 added=2 source_vehicle=1 route_count=3 signatures=[[18, 15, 16, 19, 4], [2, 8, 10, 6], [3, 20, 5, 1]]
[clean-BPC  2566.55s] node 78 d=5 lb=229.39794 open=39
[clean-BPC  2566.76s] node 78 cg=1 phase=phase1 obj=0.0 artificial=0.0 cols=3391
[clean-BPC  2566.96s] node 78 cg=2 phase=phase2 obj=229.39794 artificial=0.0 cols=3391
[clean-BPC  2570.14s] node 78 cg=2 phase=phase2 kind=heuristic best_rc=0.264366 found=0 added=0 exhausted=False cert=False
[clean-BPC  2579.31s] node 78 cg=2 phase=phase2 kind=heuristic_boost best_rc=0.264366 found=0 added=0 exhausted=True cert=True
[clean-BPC  2579.97s] cut_added family=schedule_nogood_core node=78 added=2 source_vehicle=1 route_count=3 signatures=[[18, 15, 16, 19, 4], [2, 8, 10, 6], [1, 3, 20, 5]]
[clean-BPC  2579.97s] node 75 d=5 lb=229.39794 open=39
[clean-BPC  2580.20s] node 75 cg=1 phase=phase1 obj=0.0 artificial=0.0 cols=3391
[clean-BPC  2580.43s] node 75 cg=2 phase=phase2 obj=229.39794 artificial=0.0 cols=3391
[clean-BPC  2583.72s] node 75 cg=2 phase=phase2 kind=heuristic best_rc=0.294305895 found=0 added=0 exhausted=False cert=False
[clean-BPC  2593.56s] node 75 cg=2 phase=phase2 kind=heuristic_boost best_rc=0.294305895 found=0 added=0 exhausted=True cert=True
[clean-BPC  2594.63s] cut_added family=schedule_nogood_core node=75 added=2 source_vehicle=1 route_count=4 signatures=[[4, 19, 16, 15, 18], [2, 6, 10, 8], [3, 20, 5, 1], [9, 13, 12, 7]]
[clean-BPC  2594.63s] node 77 d=5 lb=229.39794 open=39
[clean-BPC  2594.83s] node 77 cg=1 phase=phase1 obj=0.0 artificial=0.0 cols=3391
[clean-BPC  2595.03s] node 77 cg=2 phase=phase2 obj=229.39794 artificial=0.0 cols=3391
[clean-BPC  2598.16s] node 77 cg=2 phase=phase2 kind=heuristic best_rc=0.264366 found=0 added=0 exhausted=False cert=False
[clean-BPC  2606.02s] node 77 cg=2 phase=phase2 kind=heuristic_boost best_rc=0.264366 found=0 added=0 exhausted=True cert=True
[clean-BPC  2609.79s] branch node 77: left=arc(5,1)=off right=arc(5,1)=on
[clean-BPC  2609.79s] node 78 d=5 lb=229.39794 open=40
[clean-BPC  2609.99s] node 78 cg=1 phase=phase1 obj=0.0 artificial=0.0 cols=3391
[clean-BPC  2610.20s] node 78 cg=2 phase=phase2 obj=229.39794 artificial=0.0 cols=3391
[clean-BPC  2613.44s] node 78 cg=2 phase=phase2 kind=heuristic best_rc=0.264366 found=0 added=0 exhausted=False cert=False
[clean-BPC  2622.29s] node 78 cg=2 phase=phase2 kind=heuristic_boost best_rc=0.264366 found=0 added=0 exhausted=True cert=True
[clean-BPC  2622.93s] cut_added family=schedule_nogood_core node=78 added=2 source_vehicle=1 route_count=3 signatures=[[18, 15, 16, 19, 4], [6, 10, 8, 2], [1, 3, 20, 5]]
[clean-BPC  2622.93s] node 75 d=5 lb=229.39794 open=40
[clean-BPC  2623.17s] node 75 cg=1 phase=phase1 obj=0.0 artificial=0.0 cols=3391
[clean-BPC  2623.40s] node 75 cg=2 phase=phase2 obj=229.39794 artificial=0.0 cols=3391
[clean-BPC  2626.74s] node 75 cg=2 phase=phase2 kind=heuristic best_rc=0.294305895 found=0 added=0 exhausted=False cert=False
[clean-BPC  2637.09s] node 75 cg=2 phase=phase2 kind=heuristic_boost best_rc=0.294305895 found=0 added=0 exhausted=True cert=True
[clean-BPC  2641.43s] branch node 75: left=arc(1,5)=off right=arc(1,5)=on
[clean-BPC  2641.43s] node 81 d=6 lb=229.39794 open=41
[clean-BPC  2641.64s] node 81 cg=1 phase=phase1 obj=0.0 artificial=0.0 cols=3391
[clean-BPC  2641.82s] node 81 cg=2 phase=phase2 obj=229.39794 artificial=0.0 cols=3391
[clean-BPC  2641.82s] cut_purged node=81 removed=1 by_kind={'schedule_nogood_core': 1} remaining=86
[clean-BPC  2642.03s] node 81 cg=3 phase=phase2 obj=229.39794 artificial=0.0 cols=3391
[clean-BPC  2642.03s] cut_purged node=81 removed=3 by_kind={'schedule_nogood_core': 3} remaining=83
[clean-BPC  2642.24s] node 81 cg=4 phase=phase2 obj=229.39794 artificial=0.0 cols=3391
[clean-BPC  2645.38s] node 81 cg=4 phase=phase2 kind=heuristic best_rc=0.401923 found=0 added=0 exhausted=False cert=False
[clean-BPC  2653.07s] node 81 cg=4 phase=phase2 kind=heuristic_boost best_rc=0.401923 found=0 added=0 exhausted=True cert=True
[clean-BPC  2653.72s] cut_added family=schedule_nogood_core node=81 added=2 source_vehicle=1 route_count=3 signatures=[[18, 15, 16, 19, 4], [2, 6, 10, 8], [5, 20, 3, 1]]
[clean-BPC  2653.72s] node 82 d=6 lb=229.39794 open=41
[clean-BPC  2653.92s] node 82 cg=1 phase=phase1 obj=0.0 artificial=0.0 cols=3391
[clean-BPC  2654.14s] node 82 cg=2 phase=phase2 obj=229.514332 artificial=0.0 cols=3391
[clean-BPC  2657.45s] node 82 cg=2 phase=phase2 kind=heuristic best_rc=0.264366 found=0 added=0 exhausted=False cert=False
[clean-BPC  2665.64s] node 82 cg=2 phase=phase2 kind=heuristic_boost best_rc=0.264366 found=0 added=0 exhausted=True cert=True
[clean-BPC  2668.89s] branch node 82: left=RF(1,20)=separate right=RF(1,20)=same
[clean-BPC  2668.89s] node 78 d=5 lb=229.39794 open=42
[clean-BPC  2669.11s] node 78 cg=1 phase=phase1 obj=0.0 artificial=0.0 cols=3391
[clean-BPC  2669.32s] node 78 cg=2 phase=phase2 obj=229.39794 artificial=0.0 cols=3391
[clean-BPC  2669.32s] cut_purged node=78 removed=1 by_kind={'schedule_nogood_core': 1} remaining=84
[clean-BPC  2669.54s] node 78 cg=3 phase=phase2 obj=229.39794 artificial=0.0 cols=3391
[clean-BPC  2672.75s] node 78 cg=3 phase=phase2 kind=heuristic best_rc=0.264366 found=0 added=0 exhausted=False cert=False
[clean-BPC  2681.95s] node 78 cg=3 phase=phase2 kind=heuristic_boost best_rc=0.264366 found=0 added=0 exhausted=True cert=True
[clean-BPC  2682.62s] cut_added family=schedule_nogood_core node=78 added=2 source_vehicle=1 route_count=3 signatures=[[18, 15, 16, 19, 4], [8, 10, 6, 2], [1, 3, 20, 5]]
[clean-BPC  2682.62s] node 83 d=6 lb=229.39794 open=42
[clean-BPC  2682.85s] node 83 cg=1 phase=phase1 obj=0.0 artificial=0.0 cols=3391
[clean-BPC  2683.07s] node 83 cg=2 phase=phase2 obj=229.39794 artificial=0.0 cols=3391
[clean-BPC  2686.35s] node 83 cg=2 phase=phase2 kind=heuristic best_rc=0.338067286 found=0 added=0 exhausted=False cert=False
[clean-BPC  2696.62s] node 83 cg=2 phase=phase2 kind=heuristic_boost best_rc=0.338067286 found=0 added=0 exhausted=True cert=True
[clean-BPC  2697.69s] cut_added family=schedule_nogood_core node=83 added=2 source_vehicle=1 route_count=4 signatures=[[4, 19, 16, 15, 18], [2, 8, 10, 6], [3, 20, 5, 1], [9, 13, 12, 7]]
[clean-BPC  2697.69s] node 84 d=6 lb=229.39794 open=42
[clean-BPC  2697.94s] node 84 cg=1 phase=phase1 obj=0.0 artificial=0.0 cols=3391
[clean-BPC  2698.19s] node 84 cg=2 phase=phase2 obj=229.39794 artificial=0.0 cols=3391
[clean-BPC  2701.51s] node 84 cg=2 phase=phase2 kind=heuristic best_rc=0.287672 found=0 added=0 exhausted=False cert=False
[clean-BPC  2711.78s] node 84 cg=2 phase=phase2 kind=heuristic_boost best_rc=0.287672 found=0 added=0 exhausted=True cert=True
[clean-BPC  2712.87s] cut_added family=schedule_nogood_core node=84 added=2 source_vehicle=1 route_count=4 signatures=[[4, 19, 16, 15, 18], [6, 10, 8, 2], [1, 5, 20, 3], [9, 13, 12, 7]]
[clean-BPC  2712.87s] node 81 d=6 lb=229.39794 open=42
[clean-BPC  2713.07s] node 81 cg=1 phase=phase1 obj=0.0 artificial=0.0 cols=3391
[clean-BPC  2713.28s] node 81 cg=2 phase=phase2 obj=229.39794 artificial=0.0 cols=3391
[clean-BPC  2716.36s] node 81 cg=2 phase=phase2 kind=heuristic best_rc=0.401923 found=0 added=0 exhausted=False cert=False
[clean-BPC  2724.04s] node 81 cg=2 phase=phase2 kind=heuristic_boost best_rc=0.401923 found=0 added=0 exhausted=True cert=True
[clean-BPC  2724.68s] cut_added family=schedule_nogood_core node=81 added=2 source_vehicle=1 route_count=3 signatures=[[18, 15, 16, 19, 4], [2, 8, 10, 6], [5, 20, 3, 1]]
[clean-BPC  2724.68s] node 78 d=5 lb=229.39794 open=42
[clean-BPC  2724.90s] node 78 cg=1 phase=phase1 obj=0.0 artificial=0.0 cols=3391
[clean-BPC  2725.13s] node 78 cg=2 phase=phase2 obj=229.513713 artificial=0.0 cols=3391
[clean-BPC  2728.62s] node 78 cg=2 phase=phase2 kind=heuristic best_rc=0.264366 found=0 added=0 exhausted=False cert=False
[clean-BPC  2738.75s] node 78 cg=2 phase=phase2 kind=heuristic_boost best_rc=0.264366 found=0 added=0 exhausted=True cert=True
[clean-BPC  2742.82s] branch node 78: left=arc(3,5)=off right=arc(3,5)=on
[clean-BPC  2742.82s] node 83 d=6 lb=229.39794 open=43
[clean-BPC  2743.05s] node 83 cg=1 phase=phase1 obj=0.0 artificial=0.0 cols=3391
[clean-BPC  2743.29s] node 83 cg=2 phase=phase2 obj=229.39794 artificial=0.0 cols=3391
[clean-BPC  2746.55s] node 83 cg=2 phase=phase2 kind=heuristic best_rc=0.338067286 found=0 added=0 exhausted=False cert=False
[clean-BPC  2756.30s] node 83 cg=2 phase=phase2 kind=heuristic_boost best_rc=0.338067286 found=0 added=0 exhausted=True cert=True
[clean-BPC  2760.72s] branch node 83: left=arc(5,1)=off right=arc(5,1)=on
[clean-BPC  2760.72s] node 84 d=6 lb=229.39794 open=44
[clean-BPC  2760.96s] node 84 cg=1 phase=phase1 obj=0.0 artificial=0.0 cols=3391
[clean-BPC  2761.19s] node 84 cg=2 phase=phase2 obj=229.39794 artificial=0.0 cols=3391
[clean-BPC  2761.19s] cut_purged node=84 removed=1 by_kind={'schedule_nogood_core': 1} remaining=91
[clean-BPC  2761.43s] node 84 cg=3 phase=phase2 obj=229.39794 artificial=0.0 cols=3391
[clean-BPC  2764.80s] node 84 cg=3 phase=phase2 kind=heuristic best_rc=0.287672 found=0 added=0 exhausted=False cert=False
[clean-BPC  2775.06s] node 84 cg=3 phase=phase2 kind=heuristic_boost best_rc=0.287672 found=0 added=0 exhausted=True cert=True
[clean-BPC  2776.12s] cut_added family=schedule_nogood_core node=84 added=2 source_vehicle=1 route_count=4 signatures=[[4, 19, 16, 15, 18], [8, 10, 6, 2], [1, 5, 20, 3], [9, 13, 12, 7]]
[clean-BPC  2776.12s] node 81 d=6 lb=229.39794 open=44
[clean-BPC  2776.34s] node 81 cg=1 phase=phase1 obj=0.0 artificial=0.0 cols=3391
[clean-BPC  2776.57s] node 81 cg=2 phase=phase2 obj=229.39794 artificial=0.0 cols=3391
[clean-BPC  2779.75s] node 81 cg=2 phase=phase2 kind=heuristic best_rc=0.401923 found=0 added=0 exhausted=False cert=False
[clean-BPC  2787.67s] node 81 cg=2 phase=phase2 kind=heuristic_boost best_rc=0.401923 found=0 added=0 exhausted=True cert=True
[clean-BPC  2788.33s] cut_added family=schedule_nogood_core node=81 added=2 source_vehicle=1 route_count=3 signatures=[[18, 15, 16, 19, 4], [6, 10, 8, 2], [5, 20, 3, 1]]
[clean-BPC  2788.33s] node 89 d=7 lb=229.39794 open=44
[clean-BPC  2788.56s] node 89 cg=1 phase=phase1 obj=0.0 artificial=0.0 cols=3391
[clean-BPC  2788.80s] node 89 cg=2 phase=phase2 obj=229.39794 artificial=0.0 cols=3391
[clean-BPC  2791.70s] node 89 cg=2 phase=phase2 kind=heuristic best_rc=0.027375 found=0 added=0 exhausted=False cert=False
[clean-BPC  2798.07s] node 89 cg=2 phase=phase2 kind=heuristic_boost best_rc=0.027375 found=0 added=0 exhausted=True cert=True
[clean-BPC  2799.15s] cut_added family=schedule_nogood_core node=89 added=2 source_vehicle=1 route_count=4 signatures=[[4, 19, 16, 15, 18], [2, 6, 10, 8], [5, 20, 3, 1], [9, 13, 12, 7]]
[clean-BPC  2799.15s] node 90 d=7 lb=229.39794 open=44
[clean-BPC  2799.37s] node 90 cg=1 phase=phase1 obj=0.0 artificial=0.0 cols=3391
[clean-BPC  2799.62s] node 90 cg=2 phase=phase2 obj=229.514332 artificial=0.0 cols=3391
[clean-BPC  2803.04s] node 90 cg=2 phase=phase2 kind=heuristic best_rc=0.4697978 found=0 added=0 exhausted=False cert=False
[clean-BPC  2813.73s] node 90 cg=2 phase=phase2 kind=heuristic_boost best_rc=0.4697978 found=0 added=0 exhausted=True cert=True
[clean-BPC  2817.38s] branch node 90: left=RF(2,10)=separate right=RF(2,10)=same
[clean-BPC  2817.38s] node 84 d=6 lb=229.39794 open=45
[clean-BPC  2817.62s] node 84 cg=1 phase=phase1 obj=0.0 artificial=0.0 cols=3391
[clean-BPC  2817.86s] node 84 cg=2 phase=phase2 obj=229.514332 artificial=0.0 cols=3391
[clean-BPC  2817.86s] cut_purged node=84 removed=1 by_kind={'schedule_nogood_core': 1} remaining=96
[clean-BPC  2818.10s] node 84 cg=3 phase=phase2 obj=229.514332 artificial=0.0 cols=3391
[clean-BPC  2818.10s] cut_purged node=84 removed=3 by_kind={'schedule_nogood_core': 3} remaining=93
[clean-BPC  2818.34s] node 84 cg=4 phase=phase2 obj=229.514332 artificial=0.0 cols=3391
[clean-BPC  2821.87s] node 84 cg=4 phase=phase2 kind=heuristic best_rc=0.2057974 found=0 added=0 exhausted=False cert=False
[clean-BPC  2834.02s] node 84 cg=4 phase=phase2 kind=heuristic_boost best_rc=0.2057974 found=0 added=0 exhausted=True cert=True
[clean-BPC  2837.94s] branch node 84: left=RF(3,20)=separate right=RF(3,20)=same
[clean-BPC  2837.94s] node 81 d=6 lb=229.39794 open=46
[clean-BPC  2838.16s] node 81 cg=1 phase=phase1 obj=0.0 artificial=0.0 cols=3391
[clean-BPC  2838.37s] node 81 cg=2 phase=phase2 obj=229.39794 artificial=0.0 cols=3391
[clean-BPC  2841.58s] node 81 cg=2 phase=phase2 kind=heuristic best_rc=0.401923 found=0 added=0 exhausted=False cert=False
[clean-BPC  2849.51s] node 81 cg=2 phase=phase2 kind=heuristic_boost best_rc=0.401923 found=0 added=0 exhausted=True cert=True
[clean-BPC  2850.15s] cut_added family=schedule_nogood_core node=81 added=2 source_vehicle=1 route_count=3 signatures=[[18, 15, 16, 19, 4], [8, 10, 6, 2], [5, 20, 3, 1]]
[clean-BPC  2850.15s] node 89 d=7 lb=229.39794 open=46
[clean-BPC  2850.38s] node 89 cg=1 phase=phase1 obj=0.0 artificial=0.0 cols=3391
[clean-BPC  2850.62s] node 89 cg=2 phase=phase2 obj=229.39794 artificial=0.0 cols=3391
[clean-BPC  2853.49s] node 89 cg=2 phase=phase2 kind=heuristic best_rc=0.027375 found=0 added=0 exhausted=False cert=False
[clean-BPC  2859.76s] node 89 cg=2 phase=phase2 kind=heuristic_boost best_rc=0.027375 found=0 added=0 exhausted=True cert=True
[clean-BPC  2860.82s] cut_added family=schedule_nogood_core node=89 added=2 source_vehicle=1 route_count=4 signatures=[[4, 19, 16, 15, 18], [2, 8, 10, 6], [5, 20, 3, 1], [9, 13, 12, 7]]
[clean-BPC  2860.82s] node 76 d=5 lb=229.39794 open=46
[clean-BPC  2861.06s] node 76 cg=1 phase=phase1 obj=0.0 artificial=0.0 cols=3391
[clean-BPC  2861.31s] node 76 cg=2 phase=phase2 obj=229.39794 artificial=0.0 cols=3391
[clean-BPC  2861.31s] cut_purged node=76 removed=1 by_kind={'schedule_nogood_core': 1} remaining=96
[clean-BPC  2861.55s] node 76 cg=3 phase=phase2 obj=229.39794 artificial=0.0 cols=3391
[clean-BPC  2864.73s] node 76 cg=3 phase=phase2 kind=heuristic best_rc=0.32655775 found=0 added=0 exhausted=False cert=False
[clean-BPC  2873.71s] node 76 cg=3 phase=phase2 kind=heuristic_boost best_rc=0.32655775 found=0 added=0 exhausted=True cert=True
[clean-BPC  2874.77s] cut_added family=schedule_nogood_core node=76 added=1 source_vehicle=1 route_count=4 signatures=[[4, 19, 16, 15, 18], [2, 6, 10, 8], [1, 3, 20, 5], [9, 13, 12, 7]]
[clean-BPC  2874.77s] node 81 d=6 lb=229.39794 open=46
[clean-BPC  2874.99s] node 81 cg=1 phase=phase1 obj=0.0 artificial=0.0 cols=3391
[clean-BPC  2875.19s] node 81 cg=2 phase=phase2 obj=229.513713 artificial=0.0 cols=3391
[clean-BPC  2878.52s] node 81 cg=2 phase=phase2 kind=heuristic best_rc=-0.368439 found=2 added=2 exhausted=False cert=False
[clean-BPC  2878.73s] node 81 cg=3 phase=phase2 obj=229.513713 artificial=0.0 cols=3393
[clean-BPC  2882.10s] node 81 cg=3 phase=phase2 kind=heuristic best_rc=0.208276 found=0 added=0 exhausted=False cert=False
[clean-BPC  2890.48s] node 81 cg=3 phase=phase2 kind=heuristic_boost best_rc=0.208276 found=0 added=0 exhausted=True cert=True
[clean-BPC  2894.38s] branch node 81: left=arc(8,10)=off right=arc(8,10)=on
[clean-BPC  2894.38s] node 89 d=7 lb=229.39794 open=47
[clean-BPC  2894.62s] node 89 cg=1 phase=phase1 obj=0.0 artificial=0.0 cols=3393
[clean-BPC  2894.85s] node 89 cg=2 phase=phase2 obj=229.39794 artificial=0.0 cols=3393
[clean-BPC  2897.72s] node 89 cg=2 phase=phase2 kind=heuristic best_rc=0.401923 found=0 added=0 exhausted=False cert=False
[clean-BPC  2904.06s] node 89 cg=2 phase=phase2 kind=heuristic_boost best_rc=0.401923 found=0 added=0 exhausted=True cert=True
[clean-BPC  2905.12s] cut_added family=schedule_nogood_core node=89 added=2 source_vehicle=1 route_count=4 signatures=[[4, 19, 16, 15, 18], [6, 10, 8, 2], [5, 20, 3, 1], [9, 13, 12, 7]]
[clean-BPC  2905.12s] node 76 d=5 lb=229.39794 open=47
[clean-BPC  2905.37s] node 76 cg=1 phase=phase1 obj=0.0 artificial=0.0 cols=3393
[clean-BPC  2905.63s] node 76 cg=2 phase=phase2 obj=229.39794 artificial=0.0 cols=3393
[clean-BPC  2905.63s] cut_purged node=76 removed=1 by_kind={'schedule_nogood_core': 1} remaining=98
[clean-BPC  2905.88s] node 76 cg=3 phase=phase2 obj=229.39794 artificial=0.0 cols=3393
[clean-BPC  2909.07s] node 76 cg=3 phase=phase2 kind=heuristic best_rc=0.32655775 found=0 added=0 exhausted=False cert=False
[clean-BPC  2918.25s] node 76 cg=3 phase=phase2 kind=heuristic_boost best_rc=0.32655775 found=0 added=0 exhausted=True cert=True
[clean-BPC  2919.32s] cut_added family=schedule_nogood_core node=76 added=1 source_vehicle=1 route_count=4 signatures=[[4, 19, 16, 15, 18], [2, 8, 10, 6], [1, 3, 20, 5], [9, 13, 12, 7]]
[clean-BPC  2919.32s] node 89 d=7 lb=229.39794 open=47
[clean-BPC  2919.56s] node 89 cg=1 phase=phase1 obj=0.0 artificial=0.0 cols=3393
[clean-BPC  2919.80s] node 89 cg=2 phase=phase2 obj=229.39794 artificial=0.0 cols=3393
[clean-BPC  2922.64s] node 89 cg=2 phase=phase2 kind=heuristic best_rc=0.401923 found=0 added=0 exhausted=False cert=False
[clean-BPC  2928.97s] node 89 cg=2 phase=phase2 kind=heuristic_boost best_rc=0.401923 found=0 added=0 exhausted=True cert=True
[clean-BPC  2930.02s] cut_added family=schedule_nogood_core node=89 added=2 source_vehicle=1 route_count=4 signatures=[[4, 19, 16, 15, 18], [8, 10, 6, 2], [5, 20, 3, 1], [9, 13, 12, 7]]
[clean-BPC  2930.02s] node 76 d=5 lb=229.39794 open=47
[clean-BPC  2930.28s] node 76 cg=1 phase=phase1 obj=0.0 artificial=0.0 cols=3393
[clean-BPC  2930.53s] node 76 cg=2 phase=phase2 obj=229.39794 artificial=0.0 cols=3393
[clean-BPC  2933.79s] node 76 cg=2 phase=phase2 kind=heuristic best_rc=0.32655775 found=0 added=0 exhausted=False cert=False
[clean-BPC  2943.11s] node 76 cg=2 phase=phase2 kind=heuristic_boost best_rc=0.32655775 found=0 added=0 exhausted=True cert=True
[clean-BPC  2944.18s] cut_added family=schedule_nogood_core node=76 added=2 source_vehicle=1 route_count=4 signatures=[[4, 19, 16, 15, 18], [6, 10, 8, 2], [1, 3, 20, 5], [9, 13, 12, 7]]
[clean-BPC  2944.18s] node 89 d=7 lb=229.39794 open=47
[clean-BPC  2944.42s] node 89 cg=1 phase=phase1 obj=0.0 artificial=0.0 cols=3393
[clean-BPC  2944.66s] node 89 cg=2 phase=phase2 obj=229.513713 artificial=0.0 cols=3393
[clean-BPC  2944.66s] cut_purged node=89 removed=2 by_kind={'schedule_nogood_core': 2} remaining=101
[clean-BPC  2944.90s] node 89 cg=3 phase=phase2 obj=229.513713 artificial=0.0 cols=3393
[clean-BPC  2948.35s] node 89 cg=3 phase=phase2 kind=heuristic best_rc=0.208276 found=0 added=0 exhausted=False cert=False
[clean-BPC  2957.93s] node 89 cg=3 phase=phase2 kind=heuristic_boost best_rc=0.208276 found=0 added=0 exhausted=True cert=True
[clean-BPC  2962.35s] branch node 89: left=arc(8,10)=off right=arc(8,10)=on
[clean-BPC  2962.35s] node 76 d=5 lb=229.39794 open=48
[clean-BPC  2962.60s] node 76 cg=1 phase=phase1 obj=0.0 artificial=0.0 cols=3393
[clean-BPC  2962.86s] node 76 cg=2 phase=phase2 obj=229.39794 artificial=0.0 cols=3393
[clean-BPC  2962.86s] cut_purged node=76 removed=2 by_kind={'schedule_nogood_core': 2} remaining=99
[clean-BPC  2963.11s] node 76 cg=3 phase=phase2 obj=229.39794 artificial=0.0 cols=3393
[clean-BPC  2963.11s] cut_purged node=76 removed=1 by_kind={'schedule_nogood_core': 1} remaining=98
[clean-BPC  2963.37s] node 76 cg=4 phase=phase2 obj=229.39794 artificial=0.0 cols=3393
[clean-BPC  2966.57s] node 76 cg=4 phase=phase2 kind=heuristic best_rc=0.32655775 found=0 added=0 exhausted=False cert=False
[clean-BPC  2975.72s] node 76 cg=4 phase=phase2 kind=heuristic_boost best_rc=0.32655775 found=0 added=0 exhausted=True cert=True
[clean-BPC  2976.80s] cut_added family=schedule_nogood_core node=76 added=2 source_vehicle=1 route_count=4 signatures=[[4, 19, 16, 15, 18], [8, 10, 6, 2], [1, 3, 20, 5], [9, 13, 12, 7]]
[clean-BPC  2976.80s] node 76 d=5 lb=229.39794 open=48
[clean-BPC  2977.06s] node 76 cg=1 phase=phase1 obj=0.0 artificial=0.0 cols=3393
[clean-BPC  2977.32s] node 76 cg=2 phase=phase2 obj=229.513713 artificial=0.0 cols=3393
[clean-BPC  2977.32s] cut_purged node=76 removed=2 by_kind={'schedule_nogood_core': 2} remaining=98
[clean-BPC  2977.58s] node 76 cg=3 phase=phase2 obj=229.513713 artificial=0.0 cols=3393
[clean-BPC  2977.58s] cut_purged node=76 removed=1 by_kind={'schedule_nogood_core': 1} remaining=97
[clean-BPC  2977.85s] node 76 cg=4 phase=phase2 obj=229.513713 artificial=0.0 cols=3393
[clean-BPC  2977.85s] cut_purged node=76 removed=1 by_kind={'schedule_nogood_core': 1} remaining=96
[clean-BPC  2978.11s] node 76 cg=5 phase=phase2 obj=229.513713 artificial=0.0 cols=3393
[clean-BPC  2981.39s] node 76 cg=5 phase=phase2 kind=heuristic best_rc=0.401923 found=0 added=0 exhausted=False cert=False
[clean-BPC  2991.03s] node 76 cg=5 phase=phase2 kind=heuristic_boost best_rc=0.401923 found=0 added=0 exhausted=True cert=True
[clean-BPC  2995.73s] branch node 76: left=arc(3,5)=off right=arc(3,5)=on
[clean-BPC  2995.73s] node 36 d=8 lb=229.44885 open=49
[clean-BPC  2995.88s] node 36 cg=1 phase=phase1 obj=0.0 artificial=0.0 cols=3393
[clean-BPC  2996.02s] node 36 cg=2 phase=phase2 obj=231.939795 artificial=0.0 cols=3393
[clean-BPC  2996.02s] cut_purged node=36 removed=3 by_kind={'schedule_nogood_core': 3} remaining=93
[clean-BPC  2996.18s] node 36 cg=3 phase=phase2 obj=231.939795 artificial=0.0 cols=3393
[clean-BPC  2998.79s] node 36 cg=3 phase=phase2 kind=heuristic best_rc=-0.791286667 found=6 added=6 exhausted=False cert=False
[clean-BPC  2998.93s] node 36 cg=4 phase=phase2 obj=231.148508 artificial=0.0 cols=3399
[clean-BPC  3001.73s] node 36 cg=4 phase=phase2 kind=heuristic best_rc=-0.36660925 found=10 added=10 exhausted=False cert=False
[clean-BPC  3001.88s] node 36 cg=5 phase=phase2 obj=231.148508 artificial=0.0 cols=3409
[clean-BPC  3001.88s] cut_purged node=36 removed=1 by_kind={'schedule_nogood_core': 1} remaining=92
[clean-BPC  3002.03s] node 36 cg=6 phase=phase2 obj=231.148508 artificial=0.0 cols=3409
[clean-BPC  3004.60s] node 36 cg=6 phase=phase2 kind=heuristic best_rc=0.039869 found=0 added=0 exhausted=False cert=False
[clean-BPC  3010.18s] node 36 cg=6 phase=phase2 kind=heuristic_boost best_rc=-1.331909 found=4 added=4 exhausted=True cert=True
[clean-BPC  3010.33s] node 36 cg=7 phase=phase2 obj=231.148508 artificial=0.0 cols=3413
[clean-BPC  3013.14s] node 36 cg=7 phase=phase2 kind=heuristic best_rc=0.0 found=0 added=0 exhausted=False cert=False
[clean-BPC  3021.64s] node 36 cg=7 phase=phase2 kind=heuristic_boost best_rc=-1.309729 found=27 added=27 exhausted=True cert=True
[clean-BPC  3021.79s] node 36 cg=8 phase=phase2 obj=231.148508 artificial=0.0 cols=3440
[clean-BPC  3024.41s] node 36 cg=8 phase=phase2 kind=heuristic best_rc=-0.981381 found=11 added=11 exhausted=False cert=False
[clean-BPC  3024.57s] node 36 cg=9 phase=phase2 obj=231.148508 artificial=0.0 cols=3451
[clean-BPC  3024.57s] cut_purged node=36 removed=4 by_kind={'schedule_nogood_core': 4} remaining=88
[clean-BPC  3024.71s] node 36 cg=10 phase=phase2 obj=231.148508 artificial=0.0 cols=3451
[clean-BPC  3027.31s] node 36 cg=10 phase=phase2 kind=heuristic best_rc=0.264366 found=0 added=0 exhausted=False cert=False
[clean-BPC  3033.04s] node 36 cg=10 phase=phase2 kind=heuristic_boost best_rc=-1.224732833 found=12 added=12 exhausted=True cert=True
[clean-BPC  3033.19s] node 36 cg=11 phase=phase2 obj=231.148508 artificial=0.0 cols=3463
[clean-BPC  3035.86s] node 36 cg=11 phase=phase2 kind=heuristic best_rc=0.264366 found=0 added=0 exhausted=False cert=False
[clean-BPC  3041.65s] node 36 cg=11 phase=phase2 kind=heuristic_boost best_rc=0.264366 found=0 added=0 exhausted=True cert=True
[clean-BPC  3042.87s] cut_added family=schedule_nogood_core node=36 added=2 source_vehicle=1 route_count=4 signatures=[[10, 17, 14, 6], [4, 19, 16, 15, 18], [2, 8, 5], [1, 3, 20]]
[clean-BPC  3042.87s] node 35 d=8 lb=229.44885 open=49
[clean-BPC  3043.04s] node 35 cg=1 phase=phase1 obj=0.0 artificial=0.0 cols=3463
[clean-BPC  3043.23s] node 35 cg=2 phase=phase2 obj=229.371345 artificial=0.0 cols=3463
[clean-BPC  3046.34s] node 35 cg=2 phase=phase2 kind=heuristic best_rc=0.0 found=0 added=0 exhausted=False cert=False
[clean-BPC  3056.84s] node 35 cg=2 phase=phase2 kind=heuristic_boost best_rc=-0.0 found=0 added=0 exhausted=True cert=True
[clean-BPC  3057.36s] cut_added family=schedule_nogood_core node=35 added=1 source_vehicle=1 route_count=3 signatures=[[10, 17, 14, 6], [4, 19, 16, 15, 18], [8, 20, 5]]
[clean-BPC  3057.36s] node 35 d=8 lb=229.371345 open=49
[clean-BPC  3057.54s] node 35 cg=1 phase=phase1 obj=0.0 artificial=0.0 cols=3463
[clean-BPC  3057.71s] node 35 cg=2 phase=phase2 obj=229.371345 artificial=0.0 cols=3463
[clean-BPC  3060.87s] node 35 cg=2 phase=phase2 kind=heuristic best_rc=-0.0 found=0 added=0 exhausted=False cert=False
[clean-BPC  3071.39s] node 35 cg=2 phase=phase2 kind=heuristic_boost best_rc=-0.0 found=0 added=0 exhausted=True cert=True
[clean-BPC  3071.72s] cut_added family=schedule_nogood_core node=35 added=1 source_vehicle=1 route_count=3 signatures=[[18, 15, 16, 19, 4], [8, 20, 5], [1, 3, 2]]
[clean-BPC  3071.72s] node 35 d=8 lb=229.371345 open=49
[clean-BPC  3071.90s] node 35 cg=1 phase=phase1 obj=0.0 artificial=0.0 cols=3463
[clean-BPC  3072.09s] node 35 cg=2 phase=phase2 obj=229.371345 artificial=0.0 cols=3463
[clean-BPC  3075.24s] node 35 cg=2 phase=phase2 kind=heuristic best_rc=-0.0 found=0 added=0 exhausted=False cert=False
[clean-BPC  3085.83s] node 35 cg=2 phase=phase2 kind=heuristic_boost best_rc=-0.0 found=0 added=0 exhausted=True cert=True
[clean-BPC  3086.16s] cut_added family=schedule_nogood_core node=35 added=1 source_vehicle=1 route_count=3 signatures=[[18, 15, 16, 19, 4], [8, 20, 5], [2, 3, 1]]
[clean-BPC  3086.16s] node 35 d=8 lb=229.371345 open=49
[clean-BPC  3086.34s] node 35 cg=1 phase=phase1 obj=0.0 artificial=0.0 cols=3463
[clean-BPC  3086.53s] node 35 cg=2 phase=phase2 obj=229.646417 artificial=0.0 cols=3463
[clean-BPC  3089.65s] node 35 cg=2 phase=phase2 kind=heuristic best_rc=0.0 found=0 added=0 exhausted=False cert=False
[clean-BPC  3098.53s] node 35 cg=2 phase=phase2 kind=heuristic_boost best_rc=0.0 found=0 added=0 exhausted=True cert=True
[clean-BPC  3101.46s] branch node 35: left=RF(2,20)=separate right=RF(2,20)=same
[clean-BPC  3101.46s] node 17 d=7 lb=229.46075 open=50
[clean-BPC  3101.67s] node 17 cg=1 phase=phase1 obj=0.0 artificial=0.0 cols=3463
[clean-BPC  3101.89s] node 17 cg=2 phase=phase2 obj=229.46075 artificial=0.0 cols=3463
[clean-BPC  3105.08s] node 17 cg=2 phase=phase2 kind=heuristic best_rc=-0.0 found=0 added=0 exhausted=False cert=False
[clean-BPC  3114.72s] node 17 cg=2 phase=phase2 kind=heuristic_boost best_rc=-0.0 found=0 added=0 exhausted=True cert=True
[clean-BPC  3116.88s] cut_added family=schedule_nogood_core node=17 added=2 source_vehicle=1 route_count=4 signatures=[[7, 12, 13, 11, 9], [6, 14, 17, 10], [4, 19, 16, 15, 18], [1, 3, 20, 5]]
[clean-BPC  3116.88s] node 17 d=7 lb=229.46075 open=50
[clean-BPC  3117.09s] node 17 cg=1 phase=phase1 obj=0.0 artificial=0.0 cols=3463
[clean-BPC  3117.31s] node 17 cg=2 phase=phase2 obj=229.46075 artificial=0.0 cols=3463
[clean-BPC  3120.39s] node 17 cg=2 phase=phase2 kind=heuristic best_rc=0.1046745 found=0 added=0 exhausted=False cert=False
[clean-BPC  3129.09s] node 17 cg=2 phase=phase2 kind=heuristic_boost best_rc=0.1046745 found=0 added=0 exhausted=True cert=True
[clean-BPC  3131.21s] cut_added family=schedule_nogood_core node=17 added=2 source_vehicle=1 route_count=4 signatures=[[9, 11, 13, 12, 7], [6, 14, 17, 10], [4, 19, 16, 15, 18], [1, 3, 20, 5]]
[clean-BPC  3131.21s] node 17 d=7 lb=229.46075 open=50
[clean-BPC  3131.42s] node 17 cg=1 phase=phase1 obj=0.0 artificial=0.0 cols=3463
[clean-BPC  3131.63s] node 17 cg=2 phase=phase2 obj=229.46075 artificial=0.0 cols=3463
[clean-BPC  3134.61s] node 17 cg=2 phase=phase2 kind=heuristic best_rc=-0.0 found=0 added=0 exhausted=False cert=False
[clean-BPC  3143.00s] node 17 cg=2 phase=phase2 kind=heuristic_boost best_rc=-0.0 found=0 added=0 exhausted=True cert=True
[clean-BPC  3145.14s] cut_added family=schedule_nogood_core node=17 added=2 source_vehicle=1 route_count=4 signatures=[[9, 11, 13, 12, 7], [6, 14, 17, 10], [4, 19, 16, 15, 18], [5, 20, 3, 1]]
[clean-BPC  3145.14s] node 17 d=7 lb=229.46075 open=50
[clean-BPC  3145.34s] node 17 cg=1 phase=phase1 obj=0.0 artificial=0.0 cols=3463
[clean-BPC  3145.56s] node 17 cg=2 phase=phase2 obj=229.46075 artificial=0.0 cols=3463
[clean-BPC  3145.56s] cut_purged node=17 removed=1 by_kind={'schedule_nogood_core': 1} remaining=98
[clean-BPC  3145.78s] node 17 cg=3 phase=phase2 obj=229.46075 artificial=0.0 cols=3463
[clean-BPC  3148.75s] node 17 cg=3 phase=phase2 kind=heuristic best_rc=-0.0 found=0 added=0 exhausted=False cert=False
[clean-BPC  3157.18s] node 17 cg=3 phase=phase2 kind=heuristic_boost best_rc=-0.0 found=0 added=0 exhausted=True cert=True
[clean-BPC  3159.30s] cut_added family=schedule_nogood_core node=17 added=1 source_vehicle=1 route_count=4 signatures=[[7, 12, 13, 11, 9], [6, 14, 17, 10], [4, 19, 16, 15, 18], [5, 20, 3, 1]]
[clean-BPC  3159.30s] node 17 d=7 lb=229.46075 open=50
[clean-BPC  3159.52s] node 17 cg=1 phase=phase1 obj=0.0 artificial=0.0 cols=3463
[clean-BPC  3159.73s] node 17 cg=2 phase=phase2 obj=229.46075 artificial=0.0 cols=3463
[clean-BPC  3162.72s] node 17 cg=2 phase=phase2 kind=heuristic best_rc=-0.0 found=0 added=0 exhausted=False cert=False
[clean-BPC  3171.10s] node 17 cg=2 phase=phase2 kind=heuristic_boost best_rc=-0.0 found=0 added=0 exhausted=True cert=True
[clean-BPC  3176.13s] branch node 17: left=arc(11,9)=off right=arc(11,9)=on
[clean-BPC  3176.13s] node 103 d=8 lb=229.46075 open=51
[clean-BPC  3176.34s] node 103 cg=1 phase=phase1 obj=0.0 artificial=0.0 cols=3463
[clean-BPC  3176.55s] node 103 cg=2 phase=phase2 obj=229.46075 artificial=0.0 cols=3463
[clean-BPC  3179.54s] node 103 cg=2 phase=phase2 kind=heuristic best_rc=-0.0 found=0 added=0 exhausted=False cert=False
[clean-BPC  3187.88s] node 103 cg=2 phase=phase2 kind=heuristic_boost best_rc=-0.0 found=0 added=0 exhausted=True cert=True
[clean-BPC  3188.56s] cut_added family=schedule_nogood_core node=103 added=2 source_vehicle=1 route_count=3 signatures=[[10, 17, 14, 6], [4, 19, 16, 15, 18], [1, 3, 20, 5]]
[clean-BPC  3188.56s] node 104 d=8 lb=229.46075 open=51
[clean-BPC  3188.78s] node 104 cg=1 phase=phase1 obj=0.0 artificial=0.0 cols=3463
[clean-BPC  3188.99s] node 104 cg=2 phase=phase2 obj=229.46075 artificial=0.0 cols=3463
[clean-BPC  3188.99s] cut_purged node=104 removed=2 by_kind={'schedule_nogood_core': 2} remaining=99
[clean-BPC  3189.22s] node 104 cg=3 phase=phase2 obj=229.46075 artificial=0.0 cols=3463
[clean-BPC  3192.30s] node 104 cg=3 phase=phase2 kind=heuristic best_rc=-0.0 found=0 added=0 exhausted=False cert=False
[clean-BPC  3201.03s] node 104 cg=3 phase=phase2 kind=heuristic_boost best_rc=-0.0 found=0 added=0 exhausted=True cert=True
[clean-BPC  3205.10s] branch node 104: left=arc(15,18)=off right=arc(15,18)=on
[clean-BPC  3205.10s] node 103 d=8 lb=229.46075 open=52
[clean-BPC  3205.32s] node 103 cg=1 phase=phase1 obj=0.0 artificial=0.0 cols=3463
[clean-BPC  3205.52s] node 103 cg=2 phase=phase2 obj=229.46075 artificial=0.0 cols=3463
[clean-BPC  3208.67s] node 103 cg=2 phase=phase2 kind=heuristic best_rc=0.0 found=0 added=0 exhausted=False cert=False
[clean-BPC  3218.07s] node 103 cg=2 phase=phase2 kind=heuristic_boost best_rc=0.0 found=0 added=0 exhausted=True cert=True
[clean-BPC  3218.76s] cut_added family=schedule_nogood_core node=103 added=2 source_vehicle=1 route_count=3 signatures=[[10, 17, 14, 6], [4, 19, 16, 15, 18], [5, 20, 3, 1]]
[clean-BPC  3218.76s] node 105 d=9 lb=229.46075 open=52
[clean-BPC  3218.96s] node 105 cg=1 phase=phase1 obj=0.0 artificial=0.0 cols=3463
[clean-BPC  3219.15s] node 105 cg=2 phase=phase2 obj=229.46075 artificial=0.0 cols=3463
[clean-BPC  3222.27s] node 105 cg=2 phase=phase2 kind=heuristic best_rc=0.144321 found=0 added=0 exhausted=False cert=False
[clean-BPC  3231.05s] node 105 cg=2 phase=phase2 kind=heuristic_boost best_rc=0.144321 found=0 added=0 exhausted=True cert=True
[clean-BPC  3233.18s] cut_added family=schedule_nogood_core node=105 added=2 source_vehicle=1 route_count=4 signatures=[[7, 12, 13, 11, 9], [6, 14, 17, 10], [18, 15, 16, 19, 4], [5, 20, 3, 1]]
[clean-BPC  3233.18s] node 106 d=9 lb=229.46075 open=52
[clean-BPC  3233.39s] node 106 cg=1 phase=phase1 obj=0.0 artificial=0.0 cols=3463
[clean-BPC  3233.62s] node 106 cg=2 phase=phase2 obj=229.46075 artificial=0.0 cols=3463
[clean-BPC  3236.81s] node 106 cg=2 phase=phase2 kind=heuristic best_rc=0.0 found=0 added=0 exhausted=False cert=False
[clean-BPC  3247.24s] node 106 cg=2 phase=phase2 kind=heuristic_boost best_rc=0.0 found=0 added=0 exhausted=True cert=True
[clean-BPC  3251.52s] branch node 106: left=arc(3,1)=off right=arc(3,1)=on
[clean-BPC  3251.52s] node 103 d=8 lb=229.46075 open=53
[clean-BPC  3251.73s] node 103 cg=1 phase=phase1 obj=0.0 artificial=0.0 cols=3463
[clean-BPC  3251.94s] node 103 cg=2 phase=phase2 obj=229.46075 artificial=0.0 cols=3463
[clean-BPC  3255.14s] node 103 cg=2 phase=phase2 kind=heuristic best_rc=-0.0 found=0 added=0 exhausted=False cert=False
[clean-BPC  3265.54s] node 103 cg=2 phase=phase2 kind=heuristic_boost best_rc=-0.0 found=0 added=0 exhausted=True cert=True
[clean-BPC  3269.56s] branch node 103: left=arc(1,3)=off right=arc(1,3)=on
[clean-BPC  3269.56s] node 105 d=9 lb=229.46075 open=54
[clean-BPC  3269.76s] node 105 cg=1 phase=phase1 obj=0.0 artificial=0.0 cols=3463
[clean-BPC  3269.95s] node 105 cg=2 phase=phase2 obj=229.46075 artificial=0.0 cols=3463
[clean-BPC  3273.07s] node 105 cg=2 phase=phase2 kind=heuristic best_rc=0.264366 found=0 added=0 exhausted=False cert=False
[clean-BPC  3281.67s] node 105 cg=2 phase=phase2 kind=heuristic_boost best_rc=0.264366 found=0 added=0 exhausted=True cert=True
[clean-BPC  3283.80s] cut_added family=schedule_nogood_core node=105 added=2 source_vehicle=1 route_count=4 signatures=[[7, 12, 13, 11, 9], [6, 14, 17, 10], [18, 15, 16, 19, 4], [1, 3, 20, 5]]
[clean-BPC  3283.80s] node 107 d=10 lb=229.46075 open=54
[clean-BPC  3284.02s] node 107 cg=1 phase=phase1 obj=0.0 artificial=0.0 cols=3463
[clean-BPC  3284.24s] node 107 cg=2 phase=phase2 obj=229.46075 artificial=0.0 cols=3463
[clean-BPC  3287.32s] node 107 cg=2 phase=phase2 kind=heuristic best_rc=-1.521128 found=9 added=9 exhausted=False cert=False
[clean-BPC  3287.54s] node 107 cg=3 phase=phase2 obj=229.46075 artificial=0.0 cols=3472
[clean-BPC  3290.71s] node 107 cg=3 phase=phase2 kind=heuristic best_rc=0.3691742 found=0 added=0 exhausted=False cert=False
[clean-BPC  3302.35s] node 107 cg=3 phase=phase2 kind=heuristic_boost best_rc=0.1948198 found=0 added=0 exhausted=True cert=True
[clean-BPC  3304.49s] cut_added family=schedule_nogood_core node=107 added=2 source_vehicle=1 route_count=4 signatures=[[7, 12, 13, 11, 9], [6, 14, 17, 10], [4, 19, 16, 15, 18], [1, 5, 20, 3]]
[clean-BPC  3304.49s] node 108 d=10 lb=229.46075 open=54
[clean-BPC  3304.72s] node 108 cg=1 phase=phase1 obj=0.0 artificial=0.0 cols=3472
[clean-BPC  3304.96s] node 108 cg=2 phase=phase2 obj=229.692296 artificial=0.0 cols=3472
[clean-BPC  3308.15s] node 108 cg=2 phase=phase2 kind=heuristic best_rc=0.107635 found=0 added=0 exhausted=False cert=False
[clean-BPC  3320.00s] node 108 cg=2 phase=phase2 kind=heuristic_boost best_rc=0.103959 found=0 added=0 exhausted=True cert=True
[clean-BPC  3324.43s] branch node 108: left=arc(6,14)=off right=arc(6,14)=on
[clean-BPC  3324.43s] node 109 d=9 lb=229.46075 open=55
[clean-BPC  3324.64s] node 109 cg=1 phase=phase1 obj=0.0 artificial=0.0 cols=3472
[clean-BPC  3324.85s] node 109 cg=2 phase=phase2 obj=229.46075 artificial=0.0 cols=3472
[clean-BPC  3327.96s] node 109 cg=2 phase=phase2 kind=heuristic best_rc=0.052272 found=0 added=0 exhausted=False cert=False
[clean-BPC  3336.70s] node 109 cg=2 phase=phase2 kind=heuristic_boost best_rc=0.052272 found=0 added=0 exhausted=True cert=True
[clean-BPC  3337.38s] cut_added family=schedule_nogood_core node=109 added=2 source_vehicle=1 route_count=3 signatures=[[10, 17, 14, 6], [4, 19, 16, 15, 18], [1, 5, 20, 3]]
[clean-BPC  3337.38s] node 110 d=9 lb=229.46075 open=55
[clean-BPC  3337.59s] node 110 cg=1 phase=phase1 obj=0.0 artificial=0.0 cols=3472
[clean-BPC  3337.82s] node 110 cg=2 phase=phase2 obj=229.576523 artificial=0.0 cols=3472
[clean-BPC  3340.91s] node 110 cg=2 phase=phase2 kind=heuristic best_rc=-0.061385 found=4 added=4 exhausted=False cert=False
[clean-BPC  3341.13s] node 110 cg=3 phase=phase2 obj=229.576523 artificial=0.0 cols=3476
[clean-BPC  3344.19s] node 110 cg=3 phase=phase2 kind=heuristic best_rc=0.118871 found=0 added=0 exhausted=False cert=False
[clean-BPC  3354.57s] node 110 cg=3 phase=phase2 kind=heuristic_boost best_rc=0.118871 found=0 added=0 exhausted=True cert=True
[clean-BPC  3358.64s] branch node 110: left=arc(16,15)=off right=arc(16,15)=on
[clean-BPC  3358.65s] node 105 d=9 lb=229.46075 open=56
[clean-BPC  3358.83s] node 105 cg=1 phase=phase1 obj=0.0 artificial=0.0 cols=3476
[clean-BPC  3359.04s] node 105 cg=2 phase=phase2 obj=229.46075 artificial=0.0 cols=3476
[clean-BPC  3359.04s] cut_purged node=105 removed=1 by_kind={'schedule_nogood_core': 1} remaining=108
[clean-BPC  3359.25s] node 105 cg=3 phase=phase2 obj=229.46075 artificial=0.0 cols=3476
[clean-BPC  3362.28s] node 105 cg=3 phase=phase2 kind=heuristic best_rc=0.264366 found=0 added=0 exhausted=False cert=False
[clean-BPC  3370.53s] node 105 cg=3 phase=phase2 kind=heuristic_boost best_rc=0.264366 found=0 added=0 exhausted=True cert=True
[clean-BPC  3372.66s] cut_added family=schedule_nogood_core node=105 added=2 source_vehicle=1 route_count=4 signatures=[[7, 12, 13, 11, 9], [6, 14, 17, 10], [18, 15, 16, 19, 4], [1, 5, 20, 3]]
[clean-BPC  3372.66s] node 109 d=9 lb=229.46075 open=56
[clean-BPC  3372.87s] node 109 cg=1 phase=phase1 obj=0.0 artificial=0.0 cols=3476
[clean-BPC  3373.08s] node 109 cg=2 phase=phase2 obj=229.46075 artificial=0.0 cols=3476
[clean-BPC  3376.19s] node 109 cg=2 phase=phase2 kind=heuristic best_rc=0.179819 found=0 added=0 exhausted=False cert=False
[clean-BPC  3385.33s] node 109 cg=2 phase=phase2 kind=heuristic_boost best_rc=0.1790975 found=0 added=0 exhausted=True cert=True
[clean-BPC  3386.00s] cut_added family=schedule_nogood_core node=109 added=2 source_vehicle=1 route_count=3 signatures=[[10, 17, 14, 6], [4, 19, 16, 15, 18], [3, 20, 5, 1]]
[clean-BPC  3386.00s] node 107 d=10 lb=229.46075 open=56
[clean-BPC  3386.23s] node 107 cg=1 phase=phase1 obj=0.0 artificial=0.0 cols=3476
[clean-BPC  3386.45s] node 107 cg=2 phase=phase2 obj=229.46075 artificial=0.0 cols=3476
[clean-BPC  3389.60s] node 107 cg=2 phase=phase2 kind=heuristic best_rc=0.4848894 found=0 added=0 exhausted=False cert=False
[clean-BPC  3401.03s] node 107 cg=2 phase=phase2 kind=heuristic_boost best_rc=0.1948198 found=0 added=0 exhausted=True cert=True
[clean-BPC  3405.30s] branch node 107: left=arc(20,3)=off right=arc(20,3)=on
[clean-BPC  3405.30s] node 105 d=9 lb=229.46075 open=57
[clean-BPC  3405.50s] node 105 cg=1 phase=phase1 obj=0.0 artificial=0.0 cols=3476
[clean-BPC  3405.71s] node 105 cg=2 phase=phase2 obj=229.46075 artificial=0.0 cols=3476
[clean-BPC  3405.71s] cut_purged node=105 removed=1 by_kind={'schedule_nogood_core': 1} remaining=111
[clean-BPC  3405.90s] node 105 cg=3 phase=phase2 obj=229.46075 artificial=0.0 cols=3476
[clean-BPC  3408.94s] node 105 cg=3 phase=phase2 kind=heuristic best_rc=0.264366 found=0 added=0 exhausted=False cert=False
[clean-BPC  3417.22s] node 105 cg=3 phase=phase2 kind=heuristic_boost best_rc=0.264366 found=0 added=0 exhausted=True cert=True
[clean-BPC  3421.13s] branch node 105: left=arc(1,5)=off right=arc(1,5)=on
[clean-BPC  3421.13s] node 109 d=9 lb=229.46075 open=58
[clean-BPC  3421.33s] node 109 cg=1 phase=phase1 obj=0.0 artificial=0.0 cols=3476
[clean-BPC  3421.55s] node 109 cg=2 phase=phase2 obj=229.46075 artificial=0.0 cols=3476
[clean-BPC  3424.64s] node 109 cg=2 phase=phase2 kind=heuristic best_rc=0.299151667 found=0 added=0 exhausted=False cert=False
[clean-BPC  3433.13s] node 109 cg=2 phase=phase2 kind=heuristic_boost best_rc=0.282112167 found=0 added=0 exhausted=True cert=True
[clean-BPC  3435.28s] cut_added family=schedule_nogood_core node=109 added=2 source_vehicle=1 route_count=4 signatures=[[9, 11, 13, 12, 7], [6, 14, 17, 10], [4, 19, 16, 15, 18], [1, 5, 20, 3]]
[clean-BPC  3435.28s] node 115 d=11 lb=229.46075 open=58
[clean-BPC  3435.50s] node 115 cg=1 phase=phase1 obj=0.0 artificial=0.0 cols=3476
[clean-BPC  3435.73s] node 115 cg=2 phase=phase2 obj=229.46075 artificial=0.0 cols=3476
[clean-BPC  3438.84s] node 115 cg=2 phase=phase2 kind=heuristic best_rc=0.4848894 found=0 added=0 exhausted=False cert=False
[clean-BPC  3449.48s] node 115 cg=2 phase=phase2 kind=heuristic_boost best_rc=0.1948198 found=0 added=0 exhausted=True cert=True
[clean-BPC  3453.71s] branch node 115: left=arc(1,3)=off right=arc(1,3)=on
[clean-BPC  3453.71s] node 116 d=11 lb=229.46075 open=59
[clean-BPC  3453.93s] node 116 cg=1 phase=phase1 obj=0.0 artificial=0.0 cols=3476
[clean-BPC  3454.16s] node 116 cg=2 phase=phase2 obj=229.796434 artificial=0.0 cols=3476
[clean-BPC  3457.52s] node 116 cg=2 phase=phase2 kind=heuristic best_rc=0.148082 found=0 added=0 exhausted=False cert=False
[clean-BPC  3468.17s] node 116 cg=2 phase=phase2 kind=heuristic_boost best_rc=0.148082 found=0 added=0 exhausted=True cert=True
[clean-BPC  3472.46s] branch node 116: left=arc(6,14)=off right=arc(6,14)=on
[clean-BPC  3472.46s] node 117 d=10 lb=229.46075 open=60
[clean-BPC  3472.67s] node 117 cg=1 phase=phase1 obj=0.0 artificial=0.0 cols=3476
[clean-BPC  3472.87s] node 117 cg=2 phase=phase2 obj=229.46075 artificial=0.0 cols=3476
[clean-BPC  3476.18s] node 117 cg=2 phase=phase2 kind=heuristic best_rc=0.236073 found=0 added=0 exhausted=False cert=False
[clean-BPC  3485.87s] node 117 cg=2 phase=phase2 kind=heuristic_boost best_rc=0.236073 found=0 added=0 exhausted=True cert=True
[clean-BPC  3488.01s] cut_added family=schedule_nogood_core node=117 added=2 source_vehicle=1 route_count=4 signatures=[[7, 12, 13, 11, 9], [6, 14, 17, 10], [18, 15, 16, 19, 4], [3, 20, 5, 1]]
[clean-BPC  3488.01s] node 118 d=10 lb=229.46075 open=60
[clean-BPC  3488.21s] node 118 cg=1 phase=phase1 obj=0.0 artificial=0.0 cols=3476
[clean-BPC  3488.43s] node 118 cg=2 phase=phase2 obj=229.46075 artificial=0.0 cols=3476
[clean-BPC  3488.43s] cut_purged node=118 removed=2 by_kind={'schedule_nogood_core': 2} remaining=113
[clean-BPC  3488.63s] node 118 cg=3 phase=phase2 obj=229.46075 artificial=0.0 cols=3476
[clean-BPC  3491.78s] node 118 cg=3 phase=phase2 kind=heuristic best_rc=0.200719 found=0 added=0 exhausted=False cert=False
[clean-BPC  3501.91s] node 118 cg=3 phase=phase2 kind=heuristic_boost best_rc=0.200719 found=0 added=0 exhausted=True cert=True
[clean-BPC  3502.58s] cut_added family=schedule_nogood_core node=118 added=2 source_vehicle=1 route_count=3 signatures=[[10, 17, 14, 6], [18, 15, 16, 19, 4], [1, 5, 20, 3]]
[clean-BPC  3502.58s] node 109 d=9 lb=229.46075 open=60
[clean-BPC  3502.80s] node 109 cg=1 phase=phase1 obj=0.0 artificial=0.0 cols=3476
[clean-BPC  3503.02s] node 109 cg=2 phase=phase2 obj=229.46075 artificial=0.0 cols=3476
[clean-BPC  3506.18s] node 109 cg=2 phase=phase2 kind=heuristic best_rc=0.247558833 found=0 added=0 exhausted=False cert=False
[clean-BPC  3515.13s] node 109 cg=2 phase=phase2 kind=heuristic_boost best_rc=0.247558833 found=0 added=0 exhausted=True cert=True
[clean-BPC  3519.16s] branch node 109: left=arc(15,18)=off right=arc(15,18)=on
[clean-BPC  3519.16s] node 117 d=10 lb=229.46075 open=61
[clean-BPC  3519.35s] node 117 cg=1 phase=phase1 obj=0.0 artificial=0.0 cols=3476
[clean-BPC  3519.56s] node 117 cg=2 phase=phase2 obj=229.46075 artificial=0.0 cols=3476
[clean-BPC  3522.77s] node 117 cg=2 phase=phase2 kind=heuristic best_rc=0.10501 found=0 added=0 exhausted=False cert=False
[clean-BPC  3532.81s] node 117 cg=2 phase=phase2 kind=heuristic_boost best_rc=0.10501 found=0 added=0 exhausted=True cert=True
[clean-BPC  3533.50s] cut_added family=schedule_nogood_core node=117 added=2 source_vehicle=1 route_count=3 signatures=[[10, 17, 14, 6], [18, 15, 16, 19, 4], [1, 3, 20, 5]]
[clean-BPC  3533.50s] node 118 d=10 lb=229.46075 open=61
[clean-BPC  3533.69s] node 118 cg=1 phase=phase1 obj=0.0 artificial=0.0 cols=3476
[clean-BPC  3533.92s] node 118 cg=2 phase=phase2 obj=229.606241 artificial=0.0 cols=3476
[clean-BPC  3533.92s] cut_purged node=118 removed=1 by_kind={'schedule_nogood_core': 1} remaining=116
[clean-BPC  3534.14s] node 118 cg=3 phase=phase2 obj=229.606241 artificial=0.0 cols=3476
[clean-BPC  3534.14s] cut_purged node=118 removed=2 by_kind={'schedule_nogood_core': 2} remaining=114
[clean-BPC  3534.35s] node 118 cg=4 phase=phase2 obj=229.606241 artificial=0.0 cols=3476
[clean-BPC  3534.35s] cut_purged node=118 removed=1 by_kind={'schedule_nogood_core': 1} remaining=113
[clean-BPC  3534.57s] node 118 cg=5 phase=phase2 obj=229.606241 artificial=0.0 cols=3476
[clean-BPC  3534.57s] cut_purged node=118 removed=2 by_kind={'schedule_nogood_core': 2} remaining=111
[clean-BPC  3534.79s] node 118 cg=6 phase=phase2 obj=229.606241 artificial=0.0 cols=3476
[clean-BPC  3538.15s] node 118 cg=6 phase=phase2 kind=heuristic best_rc=0.08198875 found=0 added=0 exhausted=False cert=False
[clean-BPC  3549.12s] node 118 cg=6 phase=phase2 kind=heuristic_boost best_rc=0.0508095 found=0 added=0 exhausted=True cert=True
[clean-BPC  3552.34s] branch node 118: left=RF(3,20)=separate right=RF(3,20)=same
[clean-BPC  3552.34s] node 123 d=10 lb=229.46075 open=62
[clean-BPC  3552.53s] node 123 cg=1 phase=phase1 obj=0.0 artificial=0.0 cols=3476
[clean-BPC  3552.71s] node 123 cg=2 phase=phase2 obj=229.46075 artificial=0.0 cols=3476
[clean-BPC  3555.81s] node 123 cg=2 phase=phase2 kind=heuristic best_rc=0.189483 found=0 added=0 exhausted=False cert=False
[clean-BPC  3565.56s] node 123 cg=2 phase=phase2 kind=heuristic_boost best_rc=-0.0 found=0 added=0 exhausted=True cert=True
[clean-BPC  3567.03s] cut_added family=schedule_nogood_core node=123 added=2 source_vehicle=1 route_count=3 signatures=[[9, 11, 13, 12, 7], [18, 15, 16, 19, 4], [3, 20, 5, 1]]
[clean-BPC  3567.03s] node 124 d=10 lb=229.46075 open=62
[clean-BPC  3567.23s] node 124 cg=1 phase=phase1 obj=0.0 artificial=0.0 cols=3476
[clean-BPC  3567.45s] node 124 cg=2 phase=phase2 obj=229.46075 artificial=0.0 cols=3476
[clean-BPC  3567.45s] cut_purged node=124 removed=1 by_kind={'schedule_nogood_core': 1} remaining=112
[clean-BPC  3567.68s] node 124 cg=3 phase=phase2 obj=229.46075 artificial=0.0 cols=3476
[clean-BPC  3567.68s] cut_purged node=124 removed=2 by_kind={'schedule_nogood_core': 2} remaining=110
[clean-BPC  3567.90s] node 124 cg=4 phase=phase2 obj=229.46075 artificial=0.0 cols=3476
[clean-BPC  3570.98s] node 124 cg=4 phase=phase2 kind=heuristic best_rc=0.1470175 found=0 added=0 exhausted=False cert=False
[clean-BPC  3581.01s] node 124 cg=4 phase=phase2 kind=heuristic_boost best_rc=0.1470175 found=0 added=0 exhausted=True cert=True
[clean-BPC  3583.14s] cut_added family=schedule_nogood_core node=124 added=1 source_vehicle=1 route_count=4 signatures=[[9, 11, 13, 12, 7], [6, 14, 17, 10], [4, 19, 16, 15, 18], [1, 5, 20, 3]]
[clean-BPC  3583.14s] node 123 d=10 lb=229.46075 open=62
[clean-BPC  3583.31s] node 123 cg=1 phase=phase1 obj=0.0 artificial=0.0 cols=3476
[clean-BPC  3583.51s] node 123 cg=2 phase=phase2 obj=229.46075 artificial=0.0 cols=3476
[clean-BPC  3586.71s] node 123 cg=2 phase=phase2 kind=heuristic best_rc=0.0896448 found=0 added=0 exhausted=False cert=False
[clean-BPC  3596.94s] node 123 cg=2 phase=phase2 kind=heuristic_boost best_rc=-0.0 found=0 added=0 exhausted=True cert=True
[clean-BPC  3598.44s] cut_added family=schedule_nogood_core node=123 added=2 source_vehicle=1 route_count=3 signatures=[[9, 11, 13, 12, 7], [18, 15, 16, 19, 4], [5, 20, 3, 1]]
[clean-BPC  3598.44s] node 124 d=10 lb=229.46075 open=62
[clean-BPC  3598.64s] node 124 cg=1 phase=phase1 obj=0.0 artificial=0.0 cols=3476
[clean-BPC  3598.86s] node 124 cg=2 phase=phase2 obj=229.46075 artificial=0.0 cols=3476
[clean-BPC  3601.95s] node 124 cg=2 phase=phase2 kind=heuristic best_rc=-0.0 found=0 added=0 exhausted=False cert=False
[clean-BPC  3612.79s] node 124 cg=2 phase=phase2 kind=heuristic_boost best_rc=-0.0 found=0 added=0 exhausted=True cert=True
[clean-BPC  3612.79s] fathom node 124: reason=time_limit_after_node_certificate bound=229.46075
[clean-BPC  3612.79s] finish status=TIME_LIMIT primal=237.436094 dual=None gap=None cuts=113 diag_dual=229.46075 diag_gap=0.033589 crossing=10 crossing_upgraded=0 pair=6 clique=0 route_pack=19 nogood=167 sched_cap=0
bench_20_02: status=TIME_LIMIT, primal=237.436094, dual=None, gap=None, diag_dual=229.46075, diag_gap=0.033589, time=3612.786954s, nodes=162, rmp=456, pricing=427, routes=3476, cuts=113, crossing=10, crossing_upgraded=0, rci=10, kpath=0, pair=6, clique=0, route_pack=19, nogood=167, sched_cap=0, rim_calls=15, rim_feasible=0, rim_rejected=217, rim_pair=4, rim_ng=428, rim_sched_cap=0, cuts_purged=89, branch_test_time=266.559504s
开始 clean BPC: instance=bench_20_03, tasks=20, vehicles=2, time_limit=3600s, max_nodes=100000, log=/home/kai/work/gnn_bb/branchpricecut/results/benchmark/20260520_213205_bpc_clean_fixed_cost_20_01_03/logs/bench_20_03.jsonl
[clean-BPC     2.10s] incumbent node 0: obj=245.5914
[clean-BPC     2.10s] start: {'time': 2.103165, 'event': 'start', 'instance': 'bench_20_03', 'tasks': 20, 'vehicles': 2, 'initial_routes': 25, 'initial_incumbent': 245.5914, 'task_vehicle_linking_enabled': True, 'schedule_capacity_cuts_enabled': True}
[clean-BPC     2.10s] node 0 d=0 lb=0.0 open=0
[clean-BPC     2.11s] node 0 cg=1 phase=phase1 obj=0.0 artificial=0.0 cols=25
[clean-BPC     2.11s] node 0 cg=2 phase=phase2 obj=245.5914 artificial=0.0 cols=25
[clean-BPC     7.49s] node 0 cg=2 phase=phase2 kind=heuristic best_rc=-25.938804 found=105554 added=600 exhausted=False cert=False
[clean-BPC     7.52s] node 0 cg=3 phase=phase2 obj=245.5914 artificial=0.0 cols=625
[clean-BPC    13.16s] node 0 cg=3 phase=phase2 kind=heuristic best_rc=-23.567444 found=125616 added=600 exhausted=False cert=False
[clean-BPC    13.21s] node 0 cg=4 phase=phase2 obj=243.129978 artificial=0.0 cols=1225
[clean-BPC    16.13s] node 0 cg=4 phase=phase2 kind=heuristic best_rc=-9.059792125 found=7828 added=600 exhausted=False cert=False
[clean-BPC    16.22s] node 0 cg=5 phase=phase2 obj=233.700945 artificial=0.0 cols=1825
[clean-BPC    19.05s] node 0 cg=5 phase=phase2 kind=heuristic best_rc=-3.78132425 found=840 added=600 exhausted=False cert=False
[clean-BPC    19.16s] node 0 cg=6 phase=phase2 obj=230.636741 artificial=0.0 cols=2425
[clean-BPC    22.02s] node 0 cg=6 phase=phase2 kind=heuristic best_rc=-0.418592 found=8 added=8 exhausted=False cert=False
[clean-BPC    22.12s] node 0 cg=7 phase=phase2 obj=230.523904 artificial=0.0 cols=2433
[clean-BPC    24.96s] node 0 cg=7 phase=phase2 kind=heuristic best_rc=0.0 found=0 added=0 exhausted=False cert=False
[clean-BPC    31.44s] node 0 cg=7 phase=phase2 kind=exact best_rc=0.0 found=0 added=0 exhausted=True cert=True
[clean-BPC    32.99s] cut_added family=crossing_cut node=0 added=3 upgraded=0 first={'id': 0, 'tasks': [7, 8, 10, 13, 18], 'demand': 10.0, 'capacity_bound': 2, 'resource_bound': 1, 'k_bound': 2, 'rhs': 4.0, 'source': 'capacity', 'violation': 0.888888889, 'action': 'add'}
[clean-BPC    33.13s] node 0 cg=8 phase=phase2 obj=230.528562 artificial=0.0 cols=2433
[clean-BPC    36.45s] node 0 cg=8 phase=phase2 kind=heuristic best_rc=-0.156613 found=3 added=3 exhausted=False cert=False
[clean-BPC    36.59s] node 0 cg=9 phase=phase2 obj=230.528562 artificial=0.0 cols=2436
[clean-BPC    39.98s] node 0 cg=9 phase=phase2 kind=heuristic best_rc=-0.0 found=0 added=0 exhausted=False cert=False
[clean-BPC    54.08s] node 0 cg=9 phase=phase2 kind=exact best_rc=-1.128763583 found=13 added=13 exhausted=True cert=True
[clean-BPC    54.22s] node 0 cg=10 phase=phase2 obj=230.528562 artificial=0.0 cols=2449
[clean-BPC    57.64s] node 0 cg=10 phase=phase2 kind=heuristic best_rc=0.0 found=0 added=0 exhausted=False cert=False
[clean-BPC    70.26s] node 0 cg=10 phase=phase2 kind=exact best_rc=0.0 found=0 added=0 exhausted=True cert=True
[clean-BPC    71.30s] cut_added family=crossing_cut node=0 added=5 upgraded=0 first={'id': 3, 'tasks': [1, 2, 4, 15, 20], 'demand': 11.0, 'capacity_bound': 2, 'resource_bound': 1, 'k_bound': 2, 'rhs': 4.0, 'source': 'capacity', 'violation': 1.0, 'action': 'add'}
[clean-BPC    71.49s] node 0 cg=11 phase=phase2 obj=230.590244 artificial=0.0 cols=2449
[clean-BPC    75.12s] node 0 cg=11 phase=phase2 kind=heuristic best_rc=-0.392026421 found=7 added=7 exhausted=False cert=False
[clean-BPC    75.32s] node 0 cg=12 phase=phase2 obj=230.564696 artificial=0.0 cols=2456
[clean-BPC    78.94s] node 0 cg=12 phase=phase2 kind=heuristic best_rc=-0.2785552 found=6 added=6 exhausted=False cert=False
[clean-BPC    79.14s] node 0 cg=13 phase=phase2 obj=230.564696 artificial=0.0 cols=2462
[clean-BPC    82.83s] node 0 cg=13 phase=phase2 kind=heuristic best_rc=-0.0 found=0 added=0 exhausted=False cert=False
[clean-BPC   104.42s] node 0 cg=13 phase=phase2 kind=exact best_rc=-0.0 found=0 added=0 exhausted=True cert=True
[clean-BPC   105.81s] route-pack diag node 0 round=1 vehicles=2/2 support_max=14 cand=52 oracle=52 incomplete=0 not_tight=10 not_viol=41 dup=0 violated=1 added=1 max_viol=0.12564102564102564 states_max=12172
[clean-BPC   105.81s] cut_added family=schedule_route_set_packing node=0 added=1 first(vehicle=2, routes=9, U=4, y=0.5, viol=0.125641026, states=1490)
[clean-BPC   106.01s] node 0 cg=14 phase=phase2 obj=230.564696 artificial=0.0 cols=2462
[clean-BPC   109.74s] node 0 cg=14 phase=phase2 kind=heuristic best_rc=0.0 found=0 added=0 exhausted=False cert=False
[clean-BPC   135.41s] node 0 cg=14 phase=phase2 kind=exact best_rc=0.0 found=0 added=0 exhausted=True cert=True
[clean-BPC   136.81s] route-pack diag node 0 round=2 vehicles=2/2 support_max=14 cand=54 oracle=54 incomplete=0 not_tight=11 not_viol=43 dup=0 violated=0 added=0 max_viol=0.0 states_max=12420
[clean-BPC   136.82s] cut_added family=schedule_incompatibility node=0 added=2 pair=0 clique=2 first(kind=schedule_clique_conflict, vehicle=2, routes=3, U=1.0, y=0.5, viol=0.076923077)
[clean-BPC   137.02s] node 0 cg=15 phase=phase2 obj=230.564696 artificial=0.0 cols=2462
[clean-BPC   140.66s] node 0 cg=15 phase=phase2 kind=heuristic best_rc=-0.0 found=0 added=0 exhausted=False cert=False
[clean-BPC   162.52s] node 0 cg=15 phase=phase2 kind=exact best_rc=-0.0 found=0 added=0 exhausted=True cert=True
[clean-BPC   164.02s] route-pack diag node 0 round=2 vehicles=2/2 support_max=15 cand=58 oracle=58 incomplete=0 not_tight=11 not_viol=45 dup=0 violated=2 added=2 max_viol=0.1923076923076923 states_max=16171
[clean-BPC   164.02s] cut_added family=schedule_route_set_packing node=0 added=2 first(vehicle=1, routes=6, U=3, y=0.5, viol=0.192307692, states=136)
[clean-BPC   164.21s] node 0 cg=16 phase=phase2 obj=230.564696 artificial=0.0 cols=2462
[clean-BPC   167.79s] node 0 cg=16 phase=phase2 kind=heuristic best_rc=0.0 found=0 added=0 exhausted=False cert=False
[clean-BPC   188.20s] node 0 cg=16 phase=phase2 kind=exact best_rc=-0.0 found=0 added=0 exhausted=True cert=True
[clean-BPC   189.37s] cut_added family=schedule_incompatibility node=0 added=1 pair=0 clique=1 first(kind=schedule_clique_conflict, vehicle=2, routes=5, U=1.0, y=0.5, viol=0.18974359)
[clean-BPC   189.57s] node 0 cg=17 phase=phase2 obj=230.564696 artificial=0.0 cols=2462
[clean-BPC   193.11s] node 0 cg=17 phase=phase2 kind=heuristic best_rc=-0.0 found=0 added=0 exhausted=False cert=False
[clean-BPC   211.86s] node 0 cg=17 phase=phase2 kind=exact best_rc=-0.0 found=0 added=0 exhausted=True cert=True
[clean-BPC   213.03s] node 0 schedule-cap candidates={'1': 344, '2': 344}
[clean-BPC   238.03s] schedule-cap diag node 0 round=1 vehicles=2/2 cand=688 oracle=688 incomplete=0 not_tight=688 not_viol=0 dup=0 violated=0 added=0 max_viol=0.0 states_max=124511
[clean-BPC   260.19s] cut_added family=schedule_pair_conflict node=0 added=2 source_vehicle=1 route_count=2 signatures=[[4, 15, 20, 2], [1, 3, 18, 13, 7, 6]]
[clean-BPC   263.92s] cut_added family=schedule_pair_conflict node=0 added=2 source_vehicle=1 route_count=2 signatures=[[4, 15, 20, 2], [6, 7, 13, 18, 3, 1]]
[clean-BPC   266.44s] rim-conflict diag node 0 conflicts=8 pair_events=2 pair_cuts=4 schedcap_events=0 schedcap_cuts=0 nogood_events=0 nogood_cuts=0 weak_skip=6
[clean-BPC    20.27s] restricted-MIP node 0 status=TIME_LIMIT obj=None accepted=False routes=2462 rejected=8 pair=4 ng=12 sched_cap=0 added_cuts=4 time=20.272532
[clean-BPC   266.44s] node 0 d=0 lb=230.564696 open=0
[clean-BPC   266.62s] node 0 cg=1 phase=phase1 obj=0.0 artificial=0.0 cols=2462
[clean-BPC   266.82s] node 0 cg=2 phase=phase2 obj=230.564696 artificial=0.0 cols=2462
[clean-BPC   270.36s] node 0 cg=2 phase=phase2 kind=heuristic best_rc=-0.0 found=0 added=0 exhausted=False cert=False
[clean-BPC   289.16s] node 0 cg=2 phase=phase2 kind=exact best_rc=-0.0 found=0 added=0 exhausted=True cert=True
[clean-BPC   290.31s] node 0 schedule-cap candidates={'1': 344, '2': 348}
[clean-BPC   295.91s] schedule-cap diag node 0 round=1 vehicles=2/2 cand=692 oracle=692 incomplete=0 not_tight=692 not_viol=0 dup=0 violated=0 added=0 max_viol=0.0 states_max=124511
[clean-BPC   317.83s] cut_added family=schedule_nogood_core node=0 added=1 source_vehicle=1 route_count=3 signatures=[[5, 9, 19, 11], [2, 20, 15, 4], [1, 3, 18, 13, 7, 6]]
[clean-BPC   324.42s] rim-conflict diag node 0 conflicts=7 pair_events=0 pair_cuts=0 schedcap_events=0 schedcap_cuts=0 nogood_events=1 nogood_cuts=1 weak_skip=6
[clean-BPC    20.07s] restricted-MIP node 0 status=TIME_LIMIT obj=None accepted=False routes=2462 rejected=7 pair=0 ng=14 sched_cap=0 added_cuts=1 time=20.065966
[clean-BPC   324.42s] node 0 d=0 lb=230.564696 open=0
[clean-BPC   324.60s] node 0 cg=1 phase=phase1 obj=0.0 artificial=0.0 cols=2462
[clean-BPC   324.79s] node 0 cg=2 phase=phase2 obj=230.564696 artificial=0.0 cols=2462
[clean-BPC   328.36s] node 0 cg=2 phase=phase2 kind=heuristic best_rc=-0.0 found=0 added=0 exhausted=False cert=False
[clean-BPC   346.92s] node 0 cg=2 phase=phase2 kind=exact best_rc=-0.0 found=0 added=0 exhausted=True cert=True
[clean-BPC   348.14s] node 0 schedule-cap candidates={'1': 344, '2': 343}
[clean-BPC   364.81s] schedule-cap diag node 0 round=1 vehicles=2/2 cand=687 oracle=687 incomplete=0 not_tight=687 not_viol=0 dup=0 violated=0 added=0 max_viol=0.0 states_max=124511
[clean-BPC   393.72s] rim-conflict diag node 0 conflicts=7 pair_events=0 pair_cuts=0 schedcap_events=0 schedcap_cuts=0 nogood_events=0 nogood_cuts=0 weak_skip=7
[clean-BPC    20.47s] restricted-MIP node 0 status=TIME_LIMIT obj=None accepted=False routes=2462 rejected=7 pair=0 ng=14 sched_cap=0 added_cuts=0 time=20.474836
[clean-BPC   396.86s] branch node 0: left=task_vehicle(12,1)=off right=task_vehicle(12,1)=on
[clean-BPC   396.86s] node 1 d=1 lb=230.564696 open=1
[clean-BPC   397.02s] node 1 cg=1 phase=phase1 obj=0.0 artificial=0.0 cols=2462
[clean-BPC   397.17s] node 1 cg=2 phase=phase2 obj=330.564696 artificial=0.0 cols=2462
[clean-BPC   400.29s] node 1 cg=2 phase=phase2 kind=heuristic best_rc=0.0 found=0 added=0 exhausted=False cert=False
[clean-BPC   414.74s] node 1 cg=2 phase=phase2 kind=heuristic_boost best_rc=0.0 found=0 added=0 exhausted=True cert=True
[clean-BPC   414.75s] route-pack diag node 1 round=1 vehicles=2/2 support_max=8 cand=22 oracle=22 incomplete=0 not_tight=9 not_viol=13 dup=0 violated=0 added=0 max_viol=0.0 states_max=1048
[clean-BPC   414.75s] fathom node 1: reason=bound bound=330.564696
[clean-BPC   414.75s] node 2 d=1 lb=230.564696 open=0
[clean-BPC   414.90s] node 2 cg=1 phase=phase1 obj=0.0 artificial=0.0 cols=2462
[clean-BPC   415.06s] node 2 cg=2 phase=phase2 obj=230.564696 artificial=0.0 cols=2462
[clean-BPC   418.72s] node 2 cg=2 phase=phase2 kind=heuristic best_rc=0.0 found=0 added=0 exhausted=False cert=False
[clean-BPC   434.60s] node 2 cg=2 phase=phase2 kind=heuristic_boost best_rc=-0.504998 found=10 added=10 exhausted=True cert=True
[clean-BPC   434.75s] node 2 cg=3 phase=phase2 obj=230.564696 artificial=0.0 cols=2472
[clean-BPC   438.36s] node 2 cg=3 phase=phase2 kind=heuristic best_rc=-0.0 found=0 added=0 exhausted=False cert=False
[clean-BPC   452.03s] node 2 cg=3 phase=phase2 kind=heuristic_boost best_rc=-0.064377533 found=3 added=3 exhausted=True cert=True
[clean-BPC   452.18s] node 2 cg=4 phase=phase2 obj=230.564696 artificial=0.0 cols=2475
[clean-BPC   455.82s] node 2 cg=4 phase=phase2 kind=heuristic best_rc=0.0 found=0 added=0 exhausted=False cert=False
[clean-BPC   469.59s] node 2 cg=4 phase=phase2 kind=heuristic_boost best_rc=-1.7869498 found=103 added=103 exhausted=True cert=True
[clean-BPC   469.74s] node 2 cg=5 phase=phase2 obj=230.564696 artificial=0.0 cols=2578
[clean-BPC   473.38s] node 2 cg=5 phase=phase2 kind=heuristic best_rc=0.0 found=0 added=0 exhausted=False cert=False
[clean-BPC   488.05s] node 2 cg=5 phase=phase2 kind=heuristic_boost best_rc=-1.2414666 found=23 added=23 exhausted=True cert=True
[clean-BPC   488.21s] node 2 cg=6 phase=phase2 obj=230.564696 artificial=0.0 cols=2601
[clean-BPC   491.85s] node 2 cg=6 phase=phase2 kind=heuristic best_rc=0.0 found=0 added=0 exhausted=False cert=False
[clean-BPC   505.60s] node 2 cg=6 phase=phase2 kind=heuristic_boost best_rc=-0.8399486 found=22 added=22 exhausted=True cert=True
[clean-BPC   505.76s] node 2 cg=7 phase=phase2 obj=230.564696 artificial=0.0 cols=2623
[clean-BPC   509.42s] node 2 cg=7 phase=phase2 kind=heuristic best_rc=-0.0 found=0 added=0 exhausted=False cert=False
[clean-BPC   526.36s] node 2 cg=7 phase=phase2 kind=heuristic_boost best_rc=-0.0 found=0 added=0 exhausted=True cert=True
[clean-BPC   526.50s] route-pack diag node 2 round=1 vehicles=1/2 support_max=14 cand=31 oracle=31 incomplete=0 not_tight=6 not_viol=25 dup=0 violated=0 added=0 max_viol=0.0 states_max=14827
[clean-BPC   550.19s] cut_added family=schedule_pair_conflict node=2 added=2 source_vehicle=1 route_count=2 signatures=[[4, 15, 20, 2], [6, 7, 3, 1]]
[clean-BPC   551.64s] cut_added family=schedule_pair_conflict node=2 added=2 source_vehicle=1 route_count=2 signatures=[[4, 15, 20, 2], [1, 3, 7, 6]]
[clean-BPC   556.03s] rim-conflict diag node 2 conflicts=17 pair_events=2 pair_cuts=4 schedcap_events=0 schedcap_cuts=0 nogood_events=0 nogood_cuts=0 weak_skip=15
[clean-BPC    21.90s] restricted-MIP node 2 status=TIME_LIMIT obj=None accepted=False routes=2623 rejected=17 pair=4 ng=30 sched_cap=0 added_cuts=4 time=21.896468
[clean-BPC   556.03s] node 2 d=1 lb=230.564696 open=0
[clean-BPC   556.19s] node 2 cg=1 phase=phase1 obj=0.0 artificial=0.0 cols=2623
[clean-BPC   556.35s] node 2 cg=2 phase=phase2 obj=230.564696 artificial=0.0 cols=2623
[clean-BPC   559.97s] node 2 cg=2 phase=phase2 kind=heuristic best_rc=-0.0 found=0 added=0 exhausted=False cert=False
[clean-BPC   575.66s] node 2 cg=2 phase=phase2 kind=heuristic_boost best_rc=-0.11788236 found=2 added=2 exhausted=True cert=True
[clean-BPC   575.82s] node 2 cg=3 phase=phase2 obj=230.564696 artificial=0.0 cols=2625
[clean-BPC   579.46s] node 2 cg=3 phase=phase2 kind=heuristic best_rc=0.028965533 found=0 added=0 exhausted=False cert=False
[clean-BPC   594.78s] node 2 cg=3 phase=phase2 kind=heuristic_boost best_rc=0.028965533 found=0 added=0 exhausted=True cert=True
[clean-BPC   594.95s] route-pack diag node 2 round=1 vehicles=1/2 support_max=14 cand=31 oracle=31 incomplete=0 not_tight=5 not_viol=26 dup=0 violated=0 added=0 max_viol=0.0 states_max=14315
[clean-BPC   594.95s] cut_added family=schedule_incompatibility node=2 added=1 pair=0 clique=1 first(kind=schedule_clique_conflict, vehicle=1, routes=3, U=1.0, y=1.0, viol=0.133333333)
[clean-BPC   595.11s] node 2 cg=4 phase=phase2 obj=230.564696 artificial=0.0 cols=2625
[clean-BPC   598.76s] node 2 cg=4 phase=phase2 kind=heuristic best_rc=0.028965533 found=0 added=0 exhausted=False cert=False
[clean-BPC   614.11s] node 2 cg=4 phase=phase2 kind=heuristic_boost best_rc=0.028965533 found=0 added=0 exhausted=True cert=True
[clean-BPC   614.21s] route-pack diag node 2 round=1 vehicles=1/2 support_max=15 cand=36 oracle=36 incomplete=0 not_tight=7 not_viol=29 dup=0 violated=0 added=0 max_viol=0.0 states_max=17542
[clean-BPC   614.21s] cut_added family=schedule_incompatibility node=2 added=1 pair=0 clique=1 first(kind=schedule_clique_conflict, vehicle=1, routes=4, U=1.0, y=1.0, viol=0.133333333)
[clean-BPC   614.37s] node 2 cg=5 phase=phase2 obj=230.564696 artificial=0.0 cols=2625
[clean-BPC   618.08s] node 2 cg=5 phase=phase2 kind=heuristic best_rc=0.0 found=0 added=0 exhausted=False cert=False
[clean-BPC   633.91s] node 2 cg=5 phase=phase2 kind=heuristic_boost best_rc=-0.0948906 found=4 added=4 exhausted=True cert=True
[clean-BPC   634.07s] node 2 cg=6 phase=phase2 obj=230.564696 artificial=0.0 cols=2629
[clean-BPC   637.76s] node 2 cg=6 phase=phase2 kind=heuristic best_rc=0.0 found=0 added=0 exhausted=False cert=False
[clean-BPC   654.35s] node 2 cg=6 phase=phase2 kind=heuristic_boost best_rc=-0.0310176 found=2 added=2 exhausted=True cert=True
[clean-BPC   654.51s] node 2 cg=7 phase=phase2 obj=230.564696 artificial=0.0 cols=2631
[clean-BPC   658.25s] node 2 cg=7 phase=phase2 kind=heuristic best_rc=0.0 found=0 added=0 exhausted=False cert=False
[clean-BPC   675.19s] node 2 cg=7 phase=phase2 kind=heuristic_boost best_rc=0.0 found=0 added=0 exhausted=True cert=True
[clean-BPC   675.35s] route-pack diag node 2 round=1 vehicles=1/2 support_max=14 cand=30 oracle=30 incomplete=0 not_tight=5 not_viol=25 dup=0 violated=0 added=0 max_viol=0.0 states_max=14827
[clean-BPC   705.39s] rim-conflict diag node 2 conflicts=16 pair_events=0 pair_cuts=0 schedcap_events=0 schedcap_cuts=0 nogood_events=0 nogood_cuts=0 weak_skip=16
[clean-BPC    21.87s] restricted-MIP node 2 status=TIME_LIMIT obj=None accepted=False routes=2631 rejected=16 pair=0 ng=32 sched_cap=0 added_cuts=0 time=21.868345
[clean-BPC   708.28s] branch node 2: left=RF(7,10)=separate right=RF(7,10)=same
[clean-BPC   708.28s] node 3 d=2 lb=230.564696 open=1
[clean-BPC   708.41s] node 3 cg=1 phase=phase1 obj=0.0 artificial=0.0 cols=2631
[clean-BPC   708.56s] node 3 cg=2 phase=phase2 obj=231.395886 artificial=0.0 cols=2631
[clean-BPC   711.99s] node 3 cg=2 phase=phase2 kind=heuristic best_rc=-0.394722 found=6 added=6 exhausted=False cert=False
[clean-BPC   712.14s] node 3 cg=3 phase=phase2 obj=231.294592 artificial=0.0 cols=2637
[clean-BPC   715.55s] node 3 cg=3 phase=phase2 kind=heuristic best_rc=0.0 found=0 added=0 exhausted=False cert=False
[clean-BPC   725.66s] node 3 cg=3 phase=phase2 kind=heuristic_boost best_rc=0.0 found=0 added=0 exhausted=True cert=True
[clean-BPC   726.00s] route-pack diag node 3 round=1 vehicles=1/2 support_max=19 cand=38 oracle=38 incomplete=0 not_tight=6 not_viol=32 dup=0 violated=0 added=0 max_viol=0.0 states_max=19655
[clean-BPC   750.14s] rim-conflict diag node 3 conflicts=21 pair_events=0 pair_cuts=0 schedcap_events=0 schedcap_cuts=0 nogood_events=0 nogood_cuts=0 weak_skip=21
[clean-BPC    14.56s] restricted-MIP node 3 status=SCHEDULE_REJECTED_LIMIT obj=None accepted=False routes=2637 rejected=21 pair=0 ng=40 sched_cap=0 added_cuts=0 time=14.561468
[clean-BPC   754.29s] branch node 3: left=RF(14,17)=separate right=RF(14,17)=same
[clean-BPC   754.29s] node 4 d=2 lb=230.564696 open=2
[clean-BPC   754.38s] node 4 cg=1 phase=phase1 obj=0.0 artificial=0.0 cols=2637
[clean-BPC   754.47s] node 4 cg=2 phase=phase2 obj=231.067872 artificial=0.0 cols=2637
[clean-BPC   757.70s] node 4 cg=2 phase=phase2 kind=heuristic best_rc=-0.303019074 found=12 added=12 exhausted=False cert=False
[clean-BPC   757.81s] node 4 cg=3 phase=phase2 obj=231.001766 artificial=0.0 cols=2649
[clean-BPC   760.98s] node 4 cg=3 phase=phase2 kind=heuristic best_rc=0.0 found=0 added=0 exhausted=False cert=False
[clean-BPC   771.84s] node 4 cg=3 phase=phase2 kind=heuristic_boost best_rc=-0.248904085 found=10 added=10 exhausted=True cert=True
[clean-BPC   771.94s] node 4 cg=4 phase=phase2 obj=231.001766 artificial=0.0 cols=2659
[clean-BPC   775.17s] node 4 cg=4 phase=phase2 kind=heuristic best_rc=-0.0 found=0 added=0 exhausted=False cert=False
[clean-BPC   786.10s] node 4 cg=4 phase=phase2 kind=heuristic_boost best_rc=-0.803037808 found=8 added=8 exhausted=True cert=True
[clean-BPC   786.21s] node 4 cg=5 phase=phase2 obj=231.001766 artificial=0.0 cols=2667
[clean-BPC   789.49s] node 4 cg=5 phase=phase2 kind=heuristic best_rc=0.0 found=0 added=0 exhausted=False cert=False
[clean-BPC   800.52s] node 4 cg=5 phase=phase2 kind=heuristic_boost best_rc=0.0 found=0 added=0 exhausted=True cert=True
[clean-BPC   800.86s] route-pack diag node 4 round=1 vehicles=1/2 support_max=21 cand=33 oracle=33 incomplete=0 not_tight=5 not_viol=28 dup=0 violated=0 added=0 max_viol=0.0 states_max=24410
[clean-BPC   823.75s] cut_added family=schedule_pair_conflict node=4 added=2 source_vehicle=1 route_count=2 signatures=[[4, 15, 20, 2], [6, 10, 7, 3, 1]]
[clean-BPC   827.92s] cut_added family=schedule_pair_conflict node=4 added=2 source_vehicle=1 route_count=2 signatures=[[4, 15, 20, 2], [1, 3, 7, 10, 6]]
[clean-BPC   833.68s] rim-conflict diag node 4 conflicts=10 pair_events=2 pair_cuts=4 schedcap_events=0 schedcap_cuts=0 nogood_events=0 nogood_cuts=0 weak_skip=8
[clean-BPC    20.07s] restricted-MIP node 4 status=TIME_LIMIT obj=None accepted=False routes=2667 rejected=10 pair=4 ng=16 sched_cap=0 added_cuts=4 time=20.074951
[clean-BPC   833.68s] node 4 d=2 lb=231.001766 open=2
[clean-BPC   833.78s] node 4 cg=1 phase=phase1 obj=0.0 artificial=0.0 cols=2667
[clean-BPC   833.86s] node 4 cg=2 phase=phase2 obj=231.001766 artificial=0.0 cols=2667
[clean-BPC   837.05s] node 4 cg=2 phase=phase2 kind=heuristic best_rc=-0.0 found=0 added=0 exhausted=False cert=False
[clean-BPC   847.92s] node 4 cg=2 phase=phase2 kind=heuristic_boost best_rc=-0.0 found=0 added=0 exhausted=True cert=True
[clean-BPC   848.32s] route-pack diag node 4 round=1 vehicles=1/2 support_max=20 cand=37 oracle=37 incomplete=0 not_tight=5 not_viol=32 dup=0 violated=0 added=0 max_viol=0.0 states_max=29382
[clean-BPC   889.10s] rim-conflict diag node 4 conflicts=9 pair_events=0 pair_cuts=0 schedcap_events=0 schedcap_cuts=0 nogood_events=0 nogood_cuts=0 weak_skip=9
[clean-BPC    23.79s] restricted-MIP node 4 status=TIME_LIMIT obj=None accepted=False routes=2667 rejected=9 pair=0 ng=18 sched_cap=0 added_cuts=0 time=23.787798
[clean-BPC   891.67s] branch node 4: left=RF(14,17)=separate right=RF(14,17)=same
[clean-BPC   891.67s] node 7 d=3 lb=231.001766 open=3
[clean-BPC   891.77s] node 7 cg=1 phase=phase1 obj=0.0 artificial=0.0 cols=2667
[clean-BPC   891.86s] node 7 cg=2 phase=phase2 obj=231.637888 artificial=0.0 cols=2667
[clean-BPC   894.89s] node 7 cg=2 phase=phase2 kind=heuristic best_rc=-0.029832 found=2 added=2 exhausted=False cert=False
[clean-BPC   894.99s] node 7 cg=3 phase=phase2 obj=231.63043 artificial=0.0 cols=2669
[clean-BPC   898.02s] node 7 cg=3 phase=phase2 kind=heuristic best_rc=0.0 found=0 added=0 exhausted=False cert=False
[clean-BPC   904.93s] node 7 cg=3 phase=phase2 kind=heuristic_boost best_rc=0.0 found=0 added=0 exhausted=True cert=True
[clean-BPC   941.34s] rim-conflict diag node 7 conflicts=14 pair_events=0 pair_cuts=0 schedcap_events=0 schedcap_cuts=0 nogood_events=0 nogood_cuts=0 weak_skip=14
[clean-BPC    20.74s] restricted-MIP node 7 status=TIME_LIMIT obj=None accepted=False routes=2669 rejected=14 pair=0 ng=28 sched_cap=0 added_cuts=0 time=20.737962
[clean-BPC   943.84s] branch node 7: left=RF(1,20)=separate right=RF(1,20)=same
[clean-BPC   943.84s] node 8 d=3 lb=231.001766 open=4
[clean-BPC   943.90s] node 8 cg=1 phase=phase1 obj=0.0 artificial=0.0 cols=2669
[clean-BPC   943.98s] node 8 cg=2 phase=phase2 obj=231.691953 artificial=0.0 cols=2669
[clean-BPC   946.84s] node 8 cg=2 phase=phase2 kind=heuristic best_rc=-0.0 found=0 added=0 exhausted=False cert=False
[clean-BPC   959.27s] node 8 cg=2 phase=phase2 kind=heuristic_boost best_rc=-0.0 found=0 added=0 exhausted=True cert=True
[clean-BPC  1005.57s] rim-conflict diag node 8 conflicts=6 pair_events=0 pair_cuts=0 schedcap_events=0 schedcap_cuts=0 nogood_events=0 nogood_cuts=0 weak_skip=6
[clean-BPC    23.75s] restricted-MIP node 8 status=TIME_LIMIT obj=None accepted=False routes=2669 rejected=6 pair=0 ng=12 sched_cap=0 added_cuts=0 time=23.752317
[clean-BPC  1007.34s] branch node 8: left=RF(12,14)=separate right=RF(12,14)=same
[clean-BPC  1007.34s] node 6 d=3 lb=231.294592 open=5
[clean-BPC  1007.44s] node 6 cg=1 phase=phase1 obj=0.0 artificial=0.0 cols=2669
[clean-BPC  1007.53s] node 6 cg=2 phase=phase2 obj=233.125793 artificial=0.0 cols=2669
[clean-BPC  1010.47s] node 6 cg=2 phase=phase2 kind=heuristic best_rc=-4.7607515 found=103 added=103 exhausted=False cert=False
[clean-BPC  1010.58s] node 6 cg=3 phase=phase2 obj=232.395611 artificial=0.0 cols=2772
[clean-BPC  1013.63s] node 6 cg=3 phase=phase2 kind=heuristic best_rc=-0.0077722 found=2 added=2 exhausted=False cert=False
[clean-BPC  1013.74s] node 6 cg=4 phase=phase2 obj=232.39464 artificial=0.0 cols=2774
[clean-BPC  1016.79s] node 6 cg=4 phase=phase2 kind=heuristic best_rc=0.120256 found=0 added=0 exhausted=False cert=False
[clean-BPC  1025.15s] node 6 cg=4 phase=phase2 kind=heuristic_boost best_rc=-1.47338975 found=11 added=11 exhausted=True cert=True
[clean-BPC  1025.26s] node 6 cg=5 phase=phase2 obj=232.39464 artificial=0.0 cols=2785
[clean-BPC  1028.35s] node 6 cg=5 phase=phase2 kind=heuristic best_rc=0.120256 found=0 added=0 exhausted=False cert=False
[clean-BPC  1036.73s] node 6 cg=5 phase=phase2 kind=heuristic_boost best_rc=0.120256 found=0 added=0 exhausted=True cert=True
[clean-BPC  1062.95s] rim-conflict diag node 6 conflicts=21 pair_events=0 pair_cuts=0 schedcap_events=0 schedcap_cuts=0 nogood_events=0 nogood_cuts=0 weak_skip=21
[clean-BPC    14.87s] restricted-MIP node 6 status=SCHEDULE_REJECTED_LIMIT obj=None accepted=False routes=2785 rejected=21 pair=0 ng=40 sched_cap=0 added_cuts=0 time=14.866323
[clean-BPC  1065.58s] branch node 6: left=RF(14,16)=separate right=RF(14,16)=same
[clean-BPC  1065.58s] node 5 d=3 lb=231.294592 open=6
[clean-BPC  1065.72s] node 5 cg=1 phase=phase1 obj=0.0 artificial=0.0 cols=2785
[clean-BPC  1065.87s] node 5 cg=2 phase=phase2 obj=231.624676 artificial=0.0 cols=2785
[clean-BPC  1069.35s] node 5 cg=2 phase=phase2 kind=heuristic best_rc=-0.601026 found=4 added=4 exhausted=False cert=False
[clean-BPC  1069.51s] node 5 cg=3 phase=phase2 obj=231.510831 artificial=0.0 cols=2789
[clean-BPC  1072.97s] node 5 cg=3 phase=phase2 kind=heuristic best_rc=0.0 found=0 added=0 exhausted=False cert=False
[clean-BPC  1083.10s] node 5 cg=3 phase=phase2 kind=heuristic_boost best_rc=-0.262500568 found=4 added=4 exhausted=True cert=True
[clean-BPC  1083.25s] node 5 cg=4 phase=phase2 obj=231.510831 artificial=0.0 cols=2793
[clean-BPC  1086.76s] node 5 cg=4 phase=phase2 kind=heuristic best_rc=0.0 found=0 added=0 exhausted=False cert=False
[clean-BPC  1096.86s] node 5 cg=4 phase=phase2 kind=heuristic_boost best_rc=0.0 found=0 added=0 exhausted=True cert=True
[clean-BPC  1117.44s] rim-conflict diag node 5 conflicts=21 pair_events=0 pair_cuts=0 schedcap_events=0 schedcap_cuts=0 nogood_events=0 nogood_cuts=0 weak_skip=21
[clean-BPC    13.10s] restricted-MIP node 5 status=SCHEDULE_REJECTED_LIMIT obj=None accepted=False routes=2793 rejected=21 pair=0 ng=40 sched_cap=0 added_cuts=0 time=13.098409
[clean-BPC  1121.40s] branch node 5: left=RF(1,4)=separate right=RF(1,4)=same
[clean-BPC  1121.40s] node 15 d=4 lb=231.510831 open=7
[clean-BPC  1121.53s] node 15 cg=1 phase=phase1 obj=0.0 artificial=0.0 cols=2793
[clean-BPC  1121.66s] node 15 cg=2 phase=phase2 obj=232.114571 artificial=0.0 cols=2793
[clean-BPC  1125.08s] node 15 cg=2 phase=phase2 kind=heuristic best_rc=0.051266 found=0 added=0 exhausted=False cert=False
[clean-BPC  1133.23s] node 15 cg=2 phase=phase2 kind=heuristic_boost best_rc=-0.033978585 found=6 added=6 exhausted=True cert=True
[clean-BPC  1133.38s] node 15 cg=3 phase=phase2 obj=232.114571 artificial=0.0 cols=2799
[clean-BPC  1136.73s] node 15 cg=3 phase=phase2 kind=heuristic best_rc=0.051266 found=0 added=0 exhausted=False cert=False
[clean-BPC  1144.78s] node 15 cg=3 phase=phase2 kind=heuristic_boost best_rc=-0.934081528 found=22 added=22 exhausted=True cert=True
[clean-BPC  1144.92s] node 15 cg=4 phase=phase2 obj=232.114571 artificial=0.0 cols=2821
[clean-BPC  1144.92s] cut_purged node=15 removed=1 by_kind={'crossing_cut': 1} remaining=28
[clean-BPC  1145.04s] node 15 cg=5 phase=phase2 obj=232.114571 artificial=0.0 cols=2821
[clean-BPC  1148.38s] node 15 cg=5 phase=phase2 kind=heuristic best_rc=0.071886 found=0 added=0 exhausted=False cert=False
[clean-BPC  1156.45s] node 15 cg=5 phase=phase2 kind=heuristic_boost best_rc=-0.3007165 found=4 added=4 exhausted=True cert=True
[clean-BPC  1156.57s] node 15 cg=6 phase=phase2 obj=232.114571 artificial=0.0 cols=2825
[clean-BPC  1159.89s] node 15 cg=6 phase=phase2 kind=heuristic best_rc=0.071886 found=0 added=0 exhausted=False cert=False
[clean-BPC  1167.96s] node 15 cg=6 phase=phase2 kind=heuristic_boost best_rc=-0.385775 found=8 added=8 exhausted=True cert=True
[clean-BPC  1168.09s] node 15 cg=7 phase=phase2 obj=232.114571 artificial=0.0 cols=2833
[clean-BPC  1171.40s] node 15 cg=7 phase=phase2 kind=heuristic best_rc=0.147548057 found=0 added=0 exhausted=False cert=False
[clean-BPC  1179.43s] node 15 cg=7 phase=phase2 kind=heuristic_boost best_rc=-0.0 found=0 added=0 exhausted=True cert=True
[clean-BPC  1183.48s] branch node 15: left=RF(10,16)=separate right=RF(10,16)=same
[clean-BPC  1183.48s] node 16 d=4 lb=231.510831 open=8
[clean-BPC  1183.58s] node 16 cg=1 phase=phase1 obj=0.0 artificial=0.0 cols=2833
[clean-BPC  1183.70s] node 16 cg=2 phase=phase2 obj=232.450905 artificial=0.0 cols=2833
[clean-BPC  1187.00s] node 16 cg=2 phase=phase2 kind=heuristic best_rc=-0.720381375 found=6 added=6 exhausted=False cert=False
[clean-BPC  1187.11s] node 16 cg=3 phase=phase2 obj=232.450905 artificial=0.0 cols=2839
[clean-BPC  1190.33s] node 16 cg=3 phase=phase2 kind=heuristic best_rc=0.0 found=0 added=0 exhausted=False cert=False
[clean-BPC  1199.89s] node 16 cg=3 phase=phase2 kind=heuristic_boost best_rc=0.0 found=0 added=0 exhausted=True cert=True
[clean-BPC  1202.88s] branch node 16: left=RF(1,20)=separate right=RF(1,20)=same
[clean-BPC  1202.88s] node 10 d=4 lb=231.63043 open=9
[clean-BPC  1202.95s] node 10 cg=1 phase=phase1 obj=0.0 artificial=0.0 cols=2839
[clean-BPC  1203.01s] node 10 cg=2 phase=phase2 obj=232.278569 artificial=0.0 cols=2839
[clean-BPC  1205.51s] node 10 cg=2 phase=phase2 kind=heuristic best_rc=-0.831603667 found=8 added=8 exhausted=False cert=False
[clean-BPC  1205.57s] node 10 cg=3 phase=phase2 obj=232.278569 artificial=0.0 cols=2847
[clean-BPC  1208.11s] node 10 cg=3 phase=phase2 kind=heuristic best_rc=0.071886 found=0 added=0 exhausted=False cert=False
[clean-BPC  1212.72s] node 10 cg=3 phase=phase2 kind=heuristic_boost best_rc=-0.0624335 found=4 added=4 exhausted=True cert=True
[clean-BPC  1212.78s] node 10 cg=4 phase=phase2 obj=232.278569 artificial=0.0 cols=2851
[clean-BPC  1215.28s] node 10 cg=4 phase=phase2 kind=heuristic best_rc=-0.171679667 found=2 added=2 exhausted=False cert=False
[clean-BPC  1215.35s] node 10 cg=5 phase=phase2 obj=232.278569 artificial=0.0 cols=2853
[clean-BPC  1215.35s] cut_purged node=10 removed=1 by_kind={'crossing_cut': 1} remaining=27
[clean-BPC  1215.41s] node 10 cg=6 phase=phase2 obj=232.278569 artificial=0.0 cols=2853
[clean-BPC  1215.41s] cut_purged node=10 removed=1 by_kind={'crossing_cut': 1} remaining=26
[clean-BPC  1215.46s] node 10 cg=7 phase=phase2 obj=232.278569 artificial=0.0 cols=2853
[clean-BPC  1215.46s] cut_purged node=10 removed=2 by_kind={'crossing_cut': 2} remaining=24
[clean-BPC  1215.51s] node 10 cg=8 phase=phase2 obj=232.278569 artificial=0.0 cols=2853
[clean-BPC  1218.03s] node 10 cg=8 phase=phase2 kind=heuristic best_rc=0.071886 found=0 added=0 exhausted=False cert=False
[clean-BPC  1222.67s] node 10 cg=8 phase=phase2 kind=heuristic_boost best_rc=-0.835271333 found=6 added=6 exhausted=True cert=True
[clean-BPC  1222.71s] node 10 cg=9 phase=phase2 obj=232.278569 artificial=0.0 cols=2859
[clean-BPC  1225.22s] node 10 cg=9 phase=phase2 kind=heuristic best_rc=0.071886 found=0 added=0 exhausted=False cert=False
[clean-BPC  1229.86s] node 10 cg=9 phase=phase2 kind=heuristic_boost best_rc=0.0 found=0 added=0 exhausted=True cert=True
[clean-BPC  1231.27s] branch node 10: left=RF(10,13)=separate right=RF(10,13)=same
[clean-BPC  1231.27s] node 9 d=4 lb=231.63043 open=10
[clean-BPC  1231.33s] node 9 cg=1 phase=phase1 obj=0.0 artificial=0.0 cols=2859
[clean-BPC  1231.40s] node 9 cg=2 phase=phase2 obj=232.08567 artificial=0.0 cols=2859
[clean-BPC  1234.39s] node 9 cg=2 phase=phase2 kind=heuristic best_rc=0.0 found=0 added=0 exhausted=False cert=False
[clean-BPC  1241.14s] node 9 cg=2 phase=phase2 kind=heuristic_boost best_rc=0.0 found=0 added=0 exhausted=True cert=True
[clean-BPC  1243.03s] branch node 9: left=RF(13,18)=separate right=RF(13,18)=same
[clean-BPC  1243.03s] node 11 d=4 lb=231.691953 open=11
[clean-BPC  1243.08s] node 11 cg=1 phase=phase1 obj=0.0 artificial=0.0 cols=2859
[clean-BPC  1243.15s] node 11 cg=2 phase=phase2 obj=232.239335 artificial=0.0 cols=2859
[clean-BPC  1245.97s] node 11 cg=2 phase=phase2 kind=heuristic best_rc=-0.129761788 found=2 added=2 exhausted=False cert=False
[clean-BPC  1246.03s] node 11 cg=3 phase=phase2 obj=232.216448 artificial=0.0 cols=2861
[clean-BPC  1248.95s] node 11 cg=3 phase=phase2 kind=heuristic best_rc=-0.309526188 found=2 added=2 exhausted=False cert=False
[clean-BPC  1249.00s] node 11 cg=4 phase=phase2 obj=232.19801 artificial=0.0 cols=2863
[clean-BPC  1251.88s] node 11 cg=4 phase=phase2 kind=heuristic best_rc=-0.023461067 found=2 added=2 exhausted=False cert=False
[clean-BPC  1251.93s] node 11 cg=5 phase=phase2 obj=232.196944 artificial=0.0 cols=2865
[clean-BPC  1254.85s] node 11 cg=5 phase=phase2 kind=heuristic best_rc=0.0 found=0 added=0 exhausted=False cert=False
[clean-BPC  1261.56s] node 11 cg=5 phase=phase2 kind=heuristic_boost best_rc=0.0 found=0 added=0 exhausted=True cert=True
[clean-BPC  1263.10s] branch node 11: left=RF(13,18)=separate right=RF(13,18)=same
[clean-BPC  1263.10s] node 12 d=4 lb=231.691953 open=12
[clean-BPC  1263.14s] node 12 cg=1 phase=phase1 obj=0.0 artificial=0.0 cols=2865
[clean-BPC  1263.18s] node 12 cg=2 phase=phase2 obj=231.013017 artificial=0.0 cols=2865
[clean-BPC  1265.58s] node 12 cg=2 phase=phase2 kind=heuristic best_rc=-1.302423 found=5 added=5 exhausted=False cert=False
[clean-BPC  1265.62s] node 12 cg=3 phase=phase2 obj=231.013017 artificial=0.0 cols=2870
[clean-BPC  1268.02s] node 12 cg=3 phase=phase2 kind=heuristic best_rc=-0.0 found=0 added=0 exhausted=False cert=False
[clean-BPC  1274.33s] node 12 cg=3 phase=phase2 kind=heuristic_boost best_rc=-0.0 found=0 added=0 exhausted=True cert=True
[clean-BPC  1275.46s] branch node 12: left=RF(7,13)=separate right=RF(7,13)=same
[clean-BPC  1275.46s] node 27 d=5 lb=231.013017 open=13
[clean-BPC  1275.51s] node 27 cg=1 phase=phase1 obj=0.0 artificial=0.0 cols=2870
[clean-BPC  1275.55s] node 27 cg=2 phase=phase2 obj=234.957845 artificial=0.0 cols=2870
[clean-BPC  1277.90s] node 27 cg=2 phase=phase2 kind=heuristic best_rc=-2.026525 found=161 added=161 exhausted=False cert=False
[clean-BPC  1277.94s] node 27 cg=3 phase=phase2 obj=233.937146 artificial=0.0 cols=3031
[clean-BPC  1280.35s] node 27 cg=3 phase=phase2 kind=heuristic best_rc=-0.317209 found=4 added=4 exhausted=False cert=False
[clean-BPC  1280.40s] node 27 cg=4 phase=phase2 obj=233.937146 artificial=0.0 cols=3035
[clean-BPC  1282.76s] node 27 cg=4 phase=phase2 kind=heuristic best_rc=0.0 found=0 added=0 exhausted=False cert=False
[clean-BPC  1288.86s] node 27 cg=4 phase=phase2 kind=heuristic_boost best_rc=-0.760579 found=53 added=53 exhausted=True cert=True
[clean-BPC  1288.91s] node 27 cg=5 phase=phase2 obj=233.937146 artificial=0.0 cols=3088
[clean-BPC  1291.29s] node 27 cg=5 phase=phase2 kind=heuristic best_rc=0.0 found=0 added=0 exhausted=False cert=False
[clean-BPC  1297.32s] node 27 cg=5 phase=phase2 kind=heuristic_boost best_rc=0.0 found=0 added=0 exhausted=True cert=True
[clean-BPC  1298.77s] branch node 27: left=RF(14,16)=separate right=RF(14,16)=same
[clean-BPC  1298.77s] node 28 d=5 lb=231.013017 open=14
[clean-BPC  1298.80s] node 28 cg=1 phase=phase1 obj=0.0 artificial=0.0 cols=3088
[clean-BPC  1298.83s] node 28 cg=2 phase=phase2 obj=233.08633 artificial=0.0 cols=3088
[clean-BPC  1298.83s] cut_purged node=28 removed=1 by_kind={'crossing_cut': 1} remaining=23
[clean-BPC  1298.88s] node 28 cg=3 phase=phase2 obj=233.08633 artificial=0.0 cols=3088
[clean-BPC  1301.25s] node 28 cg=3 phase=phase2 kind=heuristic best_rc=-5.1339126 found=412 added=412 exhausted=False cert=False
[clean-BPC  1301.29s] node 28 cg=4 phase=phase2 obj=231.60504 artificial=0.0 cols=3500
[clean-BPC  1303.62s] node 28 cg=4 phase=phase2 kind=heuristic best_rc=0.0 found=0 added=0 exhausted=False cert=False
[clean-BPC  1309.94s] node 28 cg=4 phase=phase2 kind=heuristic_boost best_rc=0.0 found=0 added=0 exhausted=True cert=True
[clean-BPC  1311.30s] branch node 28: left=RF(13,18)=separate right=RF(13,18)=same
[clean-BPC  1311.30s] node 31 d=6 lb=231.60504 open=15
[clean-BPC  1311.35s] node 31 cg=1 phase=phase1 obj=0.0 artificial=0.0 cols=3500
[clean-BPC  1311.40s] node 31 cg=2 phase=phase2 obj=233.594502 artificial=0.0 cols=3500
[clean-BPC  1313.69s] node 31 cg=2 phase=phase2 kind=heuristic best_rc=0.08611403 found=0 added=0 exhausted=False cert=False
[clean-BPC  1319.36s] node 31 cg=2 phase=phase2 kind=heuristic_boost best_rc=-1.222445394 found=6 added=6 exhausted=True cert=True
[clean-BPC  1319.41s] node 31 cg=3 phase=phase2 obj=233.594502 artificial=0.0 cols=3506
[clean-BPC  1321.72s] node 31 cg=3 phase=phase2 kind=heuristic best_rc=0.08611403 found=0 added=0 exhausted=False cert=False
[clean-BPC  1327.43s] node 31 cg=3 phase=phase2 kind=heuristic_boost best_rc=-0.0 found=0 added=0 exhausted=True cert=True
[clean-BPC  1328.84s] branch node 31: left=RF(12,18)=separate right=RF(12,18)=same
[clean-BPC  1328.84s] node 32 d=6 lb=231.60504 open=16
[clean-BPC  1328.87s] node 32 cg=1 phase=phase1 obj=0.0 artificial=0.0 cols=3506
[clean-BPC  1328.90s] node 32 cg=2 phase=phase2 obj=233.56379 artificial=0.0 cols=3506
[clean-BPC  1331.17s] node 32 cg=2 phase=phase2 kind=heuristic best_rc=0.0 found=0 added=0 exhausted=False cert=False
[clean-BPC  1337.48s] node 32 cg=2 phase=phase2 kind=heuristic_boost best_rc=0.0 found=0 added=0 exhausted=True cert=True
[clean-BPC  1338.38s] branch node 32: left=RF(5,11)=separate right=RF(5,11)=same
[clean-BPC  1338.38s] node 24 d=5 lb=232.08567 open=17
[clean-BPC  1338.44s] node 24 cg=1 phase=phase1 obj=0.0 artificial=0.0 cols=3506
[clean-BPC  1338.49s] node 24 cg=2 phase=phase2 obj=232.635211 artificial=0.0 cols=3506
[clean-BPC  1341.32s] node 24 cg=2 phase=phase2 kind=heuristic best_rc=-0.54181525 found=6 added=6 exhausted=False cert=False
[clean-BPC  1341.37s] node 24 cg=3 phase=phase2 obj=232.454606 artificial=0.0 cols=3512
[clean-BPC  1344.16s] node 24 cg=3 phase=phase2 kind=heuristic best_rc=0.154215 found=0 added=0 exhausted=False cert=False
[clean-BPC  1351.00s] node 24 cg=3 phase=phase2 kind=heuristic_boost best_rc=0.0 found=0 added=0 exhausted=True cert=True
[clean-BPC  1352.65s] branch node 24: left=RF(7,14)=separate right=RF(7,14)=same
[clean-BPC  1352.65s] node 23 d=5 lb=232.08567 open=18
[clean-BPC  1352.73s] node 23 cg=1 phase=phase1 obj=0.0 artificial=0.0 cols=3512
[clean-BPC  1352.81s] node 23 cg=2 phase=phase2 obj=232.867615 artificial=0.0 cols=3512
[clean-BPC  1355.81s] node 23 cg=2 phase=phase2 kind=heuristic best_rc=-0.129492 found=2 added=2 exhausted=False cert=False
[clean-BPC  1355.91s] node 23 cg=3 phase=phase2 obj=232.83987 artificial=0.0 cols=3514
[clean-BPC  1358.93s] node 23 cg=3 phase=phase2 kind=heuristic best_rc=0.0 found=0 added=0 exhausted=False cert=False
[clean-BPC  1366.35s] node 23 cg=3 phase=phase2 kind=heuristic_boost best_rc=0.0 found=0 added=0 exhausted=True cert=True
[clean-BPC  1368.76s] branch node 23: left=RF(12,18)=separate right=RF(12,18)=same
[clean-BPC  1368.76s] node 18 d=5 lb=232.114571 open=19
[clean-BPC  1368.85s] node 18 cg=1 phase=phase1 obj=0.0 artificial=0.0 cols=3514
[clean-BPC  1368.92s] node 18 cg=2 phase=phase2 obj=232.937292 artificial=0.0 cols=3514
[clean-BPC  1371.88s] node 18 cg=2 phase=phase2 kind=heuristic best_rc=-0.0 found=0 added=0 exhausted=False cert=False
[clean-BPC  1378.10s] node 18 cg=2 phase=phase2 kind=heuristic_boost best_rc=-0.0 found=0 added=0 exhausted=True cert=True
[clean-BPC  1380.32s] branch node 18: left=RF(8,14)=separate right=RF(8,14)=same
[clean-BPC  1380.32s] node 17 d=5 lb=232.114571 open=20
[clean-BPC  1380.42s] node 17 cg=1 phase=phase1 obj=0.0 artificial=0.0 cols=3514
[clean-BPC  1380.54s] node 17 cg=2 phase=phase2 obj=232.207992 artificial=0.0 cols=3514
[clean-BPC  1383.72s] node 17 cg=2 phase=phase2 kind=heuristic best_rc=-0.301158 found=8 added=8 exhausted=False cert=False
[clean-BPC  1383.84s] node 17 cg=3 phase=phase2 obj=232.18403 artificial=0.0 cols=3522
[clean-BPC  1386.98s] node 17 cg=3 phase=phase2 kind=heuristic best_rc=0.015341 found=0 added=0 exhausted=False cert=False
[clean-BPC  1392.98s] node 17 cg=3 phase=phase2 kind=heuristic_boost best_rc=-0.032620333 found=4 added=4 exhausted=True cert=True
[clean-BPC  1393.09s] node 17 cg=4 phase=phase2 obj=232.18403 artificial=0.0 cols=3526
[clean-BPC  1396.23s] node 17 cg=4 phase=phase2 kind=heuristic best_rc=0.032620333 found=0 added=0 exhausted=False cert=False
[clean-BPC  1402.24s] node 17 cg=4 phase=phase2 kind=heuristic_boost best_rc=0.032620333 found=0 added=0 exhausted=True cert=True
[clean-BPC  1405.68s] branch node 17: left=RF(7,12)=separate right=RF(7,12)=same
[clean-BPC  1405.68s] node 43 d=6 lb=232.18403 open=21
[clean-BPC  1405.77s] node 43 cg=1 phase=phase1 obj=0.0 artificial=0.0 cols=3526
[clean-BPC  1405.87s] node 43 cg=2 phase=phase2 obj=232.585852 artificial=0.0 cols=3526
[clean-BPC  1408.92s] node 43 cg=2 phase=phase2 kind=heuristic best_rc=-0.1930725 found=2 added=2 exhausted=False cert=False
[clean-BPC  1409.02s] node 43 cg=3 phase=phase2 obj=232.563137 artificial=0.0 cols=3528
[clean-BPC  1412.10s] node 43 cg=3 phase=phase2 kind=heuristic best_rc=0.100819588 found=0 added=0 exhausted=False cert=False
[clean-BPC  1417.66s] node 43 cg=3 phase=phase2 kind=heuristic_boost best_rc=0.051266 found=0 added=0 exhausted=True cert=True
[clean-BPC  1420.74s] branch node 43: left=RF(12,17)=separate right=RF(12,17)=same
[clean-BPC  1420.74s] node 44 d=6 lb=232.18403 open=22
[clean-BPC  1420.82s] node 44 cg=1 phase=phase1 obj=0.0 artificial=0.0 cols=3528
[clean-BPC  1420.92s] node 44 cg=2 phase=phase2 obj=232.989416 artificial=0.0 cols=3528
[clean-BPC  1423.46s] node 44 cg=2 phase=phase2 kind=heuristic best_rc=-2.278837 found=48 added=48 exhausted=False cert=False
[clean-BPC  1423.54s] node 44 cg=3 phase=phase2 obj=232.989416 artificial=0.0 cols=3576
[clean-BPC  1426.11s] node 44 cg=3 phase=phase2 kind=heuristic best_rc=0.0 found=0 added=0 exhausted=False cert=False
[clean-BPC  1430.07s] node 44 cg=3 phase=phase2 kind=heuristic_boost best_rc=-0.0 found=0 added=0 exhausted=True cert=True
[clean-BPC  1431.98s] branch node 44: left=RF(10,13)=separate right=RF(10,13)=same
[clean-BPC  1431.98s] node 26 d=5 lb=232.196944 open=23
[clean-BPC  1432.03s] node 26 cg=1 phase=phase1 obj=0.0 artificial=0.0 cols=3576
[clean-BPC  1432.08s] node 26 cg=2 phase=phase2 obj=232.766174 artificial=0.0 cols=3576
[clean-BPC  1434.86s] node 26 cg=2 phase=phase2 kind=heuristic best_rc=-0.0 found=0 added=0 exhausted=False cert=False
[clean-BPC  1443.11s] node 26 cg=2 phase=phase2 kind=heuristic_boost best_rc=-0.0 found=0 added=0 exhausted=True cert=True
[clean-BPC  1444.67s] branch node 26: left=RF(1,4)=separate right=RF(1,4)=same
[clean-BPC  1444.67s] node 25 d=5 lb=232.196944 open=24
[clean-BPC  1444.74s] node 25 cg=1 phase=phase1 obj=0.0 artificial=0.0 cols=3576
[clean-BPC  1444.81s] node 25 cg=2 phase=phase2 obj=233.002492 artificial=0.0 cols=3576
[clean-BPC  1447.71s] node 25 cg=2 phase=phase2 kind=heuristic best_rc=-0.0 found=0 added=0 exhausted=False cert=False
[clean-BPC  1453.63s] node 25 cg=2 phase=phase2 kind=heuristic_boost best_rc=-0.0 found=0 added=0 exhausted=True cert=True
[clean-BPC  1455.85s] branch node 25: left=RF(3,17)=separate right=RF(3,17)=same
[clean-BPC  1455.85s] node 21 d=5 lb=232.278569 open=25
[clean-BPC  1455.91s] node 21 cg=1 phase=phase1 obj=0.0 artificial=0.0 cols=3576
[clean-BPC  1455.97s] node 21 cg=2 phase=phase2 obj=232.953087 artificial=0.0 cols=3576
[clean-BPC  1458.68s] node 21 cg=2 phase=phase2 kind=heuristic best_rc=-0.132045 found=4 added=4 exhausted=False cert=False
[clean-BPC  1458.74s] node 21 cg=3 phase=phase2 obj=232.953087 artificial=0.0 cols=3580
[clean-BPC  1461.49s] node 21 cg=3 phase=phase2 kind=heuristic best_rc=0.129492 found=0 added=0 exhausted=False cert=False
[clean-BPC  1467.35s] node 21 cg=3 phase=phase2 kind=heuristic_boost best_rc=0.0 found=0 added=0 exhausted=True cert=True
[clean-BPC  1469.15s] branch node 21: left=RF(7,14)=separate right=RF(7,14)=same
[clean-BPC  1469.15s] node 22 d=5 lb=232.278569 open=26
[clean-BPC  1469.21s] node 22 cg=1 phase=phase1 obj=0.0 artificial=0.0 cols=3580
[clean-BPC  1469.26s] node 22 cg=2 phase=phase2 obj=232.918455 artificial=0.0 cols=3580
[clean-BPC  1471.88s] node 22 cg=2 phase=phase2 kind=heuristic best_rc=-0.162264238 found=2 added=2 exhausted=False cert=False
[clean-BPC  1471.93s] node 22 cg=3 phase=phase2 obj=232.89295 artificial=0.0 cols=3582
[clean-BPC  1474.54s] node 22 cg=3 phase=phase2 kind=heuristic best_rc=0.334026 found=0 added=0 exhausted=False cert=False
[clean-BPC  1481.29s] node 22 cg=3 phase=phase2 kind=heuristic_boost best_rc=-1.0471385 found=13 added=13 exhausted=True cert=True
[clean-BPC  1481.34s] node 22 cg=4 phase=phase2 obj=232.89295 artificial=0.0 cols=3595
[clean-BPC  1483.96s] node 22 cg=4 phase=phase2 kind=heuristic best_rc=0.334026 found=0 added=0 exhausted=False cert=False
[clean-BPC  1490.65s] node 22 cg=4 phase=phase2 kind=heuristic_boost best_rc=-0.335851722 found=8 added=8 exhausted=True cert=True
[clean-BPC  1490.71s] node 22 cg=5 phase=phase2 obj=232.89295 artificial=0.0 cols=3603
[clean-BPC  1493.33s] node 22 cg=5 phase=phase2 kind=heuristic best_rc=0.334026 found=0 added=0 exhausted=False cert=False
[clean-BPC  1500.04s] node 22 cg=5 phase=phase2 kind=heuristic_boost best_rc=0.0 found=0 added=0 exhausted=True cert=True
[clean-BPC  1501.35s] branch node 22: left=RF(7,14)=separate right=RF(7,14)=same
[clean-BPC  1501.35s] node 13 d=4 lb=232.39464 open=27
[clean-BPC  1501.47s] node 13 cg=1 phase=phase1 obj=0.0 artificial=0.0 cols=3603
[clean-BPC  1501.57s] node 13 cg=2 phase=phase2 obj=233.480189 artificial=0.0 cols=3603
[clean-BPC  1504.67s] node 13 cg=2 phase=phase2 kind=heuristic best_rc=-0.286957 found=6 added=6 exhausted=False cert=False
[clean-BPC  1504.80s] node 13 cg=3 phase=phase2 obj=233.433189 artificial=0.0 cols=3609
[clean-BPC  1507.87s] node 13 cg=3 phase=phase2 kind=heuristic best_rc=0.0 found=0 added=0 exhausted=False cert=False
[clean-BPC  1515.89s] node 13 cg=3 phase=phase2 kind=heuristic_boost best_rc=0.0 found=0 added=0 exhausted=True cert=True
[clean-BPC  1519.01s] branch node 13: left=RF(5,8)=separate right=RF(5,8)=same
[clean-BPC  1519.01s] node 14 d=4 lb=232.39464 open=28
[clean-BPC  1519.07s] node 14 cg=1 phase=phase1 obj=0.0 artificial=0.0 cols=3609
[clean-BPC  1519.16s] node 14 cg=2 phase=phase2 obj=233.075961 artificial=0.0 cols=3609
[clean-BPC  1522.07s] node 14 cg=2 phase=phase2 kind=heuristic best_rc=0.111946 found=0 added=0 exhausted=False cert=False
[clean-BPC  1528.29s] node 14 cg=2 phase=phase2 kind=heuristic_boost best_rc=-0.579049699 found=10 added=10 exhausted=True cert=True
[clean-BPC  1528.37s] node 14 cg=3 phase=phase2 obj=233.075961 artificial=0.0 cols=3619
[clean-BPC  1531.27s] node 14 cg=3 phase=phase2 kind=heuristic best_rc=0.111946 found=0 added=0 exhausted=False cert=False
[clean-BPC  1537.51s] node 14 cg=3 phase=phase2 kind=heuristic_boost best_rc=0.111946 found=0 added=0 exhausted=True cert=True
[clean-BPC  1539.58s] branch node 14: left=RF(7,20)=separate right=RF(7,20)=same
[clean-BPC  1539.58s] node 20 d=5 lb=232.450905 open=29
[clean-BPC  1539.66s] node 20 cg=1 phase=phase1 obj=0.0 artificial=0.0 cols=3619
[clean-BPC  1539.74s] node 20 cg=2 phase=phase2 obj=232.73772 artificial=0.0 cols=3619
[clean-BPC  1542.27s] node 20 cg=2 phase=phase2 kind=heuristic best_rc=0.120919 found=0 added=0 exhausted=False cert=False
[clean-BPC  1546.47s] node 20 cg=2 phase=phase2 kind=heuristic_boost best_rc=0.0 found=0 added=0 exhausted=True cert=True
[clean-BPC  1548.52s] branch node 20: left=RF(13,18)=separate right=RF(13,18)=same
[clean-BPC  1548.52s] node 19 d=5 lb=232.450905 open=30
[clean-BPC  1548.63s] node 19 cg=1 phase=phase1 obj=0.0 artificial=0.0 cols=3619
[clean-BPC  1548.72s] node 19 cg=2 phase=phase2 obj=232.665721 artificial=0.0 cols=3619
[clean-BPC  1551.77s] node 19 cg=2 phase=phase2 kind=heuristic best_rc=0.445443 found=0 added=0 exhausted=False cert=False
[clean-BPC  1558.04s] node 19 cg=2 phase=phase2 kind=heuristic_boost best_rc=0.445443 found=0 added=0 exhausted=True cert=True
[clean-BPC  1560.63s] branch node 19: left=RF(13,18)=separate right=RF(13,18)=same
[clean-BPC  1560.63s] node 38 d=6 lb=232.454606 open=31
[clean-BPC  1560.68s] node 38 cg=1 phase=phase1 obj=0.0 artificial=0.0 cols=3619
[clean-BPC  1560.72s] node 38 cg=2 phase=phase2 obj=232.934455 artificial=0.0 cols=3619
[clean-BPC  1563.41s] node 38 cg=2 phase=phase2 kind=heuristic best_rc=0.009236 found=0 added=0 exhausted=False cert=False
[clean-BPC  1570.15s] node 38 cg=2 phase=phase2 kind=heuristic_boost best_rc=0.009236 found=0 added=0 exhausted=True cert=True
[clean-BPC  1571.41s] branch node 38: left=RF(8,18)=separate right=RF(8,18)=same
[clean-BPC  1571.41s] node 37 d=6 lb=232.454606 open=32
[clean-BPC  1571.47s] node 37 cg=1 phase=phase1 obj=0.0 artificial=0.0 cols=3619
[clean-BPC  1571.52s] node 37 cg=2 phase=phase2 obj=233.409589 artificial=0.0 cols=3619
[clean-BPC  1574.35s] node 37 cg=2 phase=phase2 kind=heuristic best_rc=-1.817804667 found=16 added=16 exhausted=False cert=False
[clean-BPC  1574.41s] node 37 cg=3 phase=phase2 obj=233.033184 artificial=0.0 cols=3635
[clean-BPC  1577.27s] node 37 cg=3 phase=phase2 kind=heuristic best_rc=0.124882 found=0 added=0 exhausted=False cert=False
[clean-BPC  1583.94s] node 37 cg=3 phase=phase2 kind=heuristic_boost best_rc=-0.028418333 found=4 added=4 exhausted=True cert=True
[clean-BPC  1584.00s] node 37 cg=4 phase=phase2 obj=233.033184 artificial=0.0 cols=3639
[clean-BPC  1586.86s] node 37 cg=4 phase=phase2 kind=heuristic best_rc=0.124882 found=0 added=0 exhausted=False cert=False
[clean-BPC  1593.61s] node 37 cg=4 phase=phase2 kind=heuristic_boost best_rc=0.124882 found=0 added=0 exhausted=True cert=True
[clean-BPC  1595.12s] branch node 37: left=RF(12,17)=separate right=RF(12,17)=same
[clean-BPC  1595.12s] node 46 d=7 lb=232.563137 open=33
[clean-BPC  1595.22s] node 46 cg=1 phase=phase1 obj=0.0 artificial=0.0 cols=3639
[clean-BPC  1595.32s] node 46 cg=2 phase=phase2 obj=233.007621 artificial=0.0 cols=3639
[clean-BPC  1597.90s] node 46 cg=2 phase=phase2 kind=heuristic best_rc=-0.0569 found=2 added=2 exhausted=False cert=False
[clean-BPC  1597.98s] node 46 cg=3 phase=phase2 obj=233.007621 artificial=0.0 cols=3641
[clean-BPC  1600.61s] node 46 cg=3 phase=phase2 kind=heuristic best_rc=-0.076205 found=4 added=4 exhausted=False cert=False
[clean-BPC  1600.70s] node 46 cg=4 phase=phase2 obj=233.007621 artificial=0.0 cols=3645
[clean-BPC  1603.26s] node 46 cg=4 phase=phase2 kind=heuristic best_rc=0.002468 found=0 added=0 exhausted=False cert=False
[clean-BPC  1608.48s] node 46 cg=4 phase=phase2 kind=heuristic_boost best_rc=0.002468 found=0 added=0 exhausted=True cert=True
[clean-BPC  1608.87s] cut_added family=schedule_nogood_core node=46 added=2 source_vehicle=1 route_count=4 signatures=[[6, 8, 10, 14], [5, 9, 19, 11], [2, 20, 15, 4], [1, 3, 7]]
[clean-BPC  1608.87s] node 45 d=7 lb=232.563137 open=33
[clean-BPC  1608.96s] node 45 cg=1 phase=phase1 obj=0.0 artificial=0.0 cols=3645
[clean-BPC  1609.06s] node 45 cg=2 phase=phase2 obj=233.54245 artificial=0.0 cols=3645
[clean-BPC  1612.09s] node 45 cg=2 phase=phase2 kind=heuristic best_rc=-0.276869 found=11 added=11 exhausted=False cert=False
[clean-BPC  1612.19s] node 45 cg=3 phase=phase2 obj=233.527459 artificial=0.0 cols=3656
[clean-BPC  1615.21s] node 45 cg=3 phase=phase2 kind=heuristic best_rc=-0.0 found=0 added=0 exhausted=False cert=False
[clean-BPC  1620.51s] node 45 cg=3 phase=phase2 kind=heuristic_boost best_rc=-0.0 found=0 added=0 exhausted=True cert=True
[clean-BPC  1623.36s] branch node 45: left=RF(13,18)=separate right=RF(13,18)=same
[clean-BPC  1623.36s] node 63 d=6 lb=232.665721 open=34
[clean-BPC  1623.46s] node 63 cg=1 phase=phase1 obj=0.0 artificial=0.0 cols=3656
[clean-BPC  1623.54s] node 63 cg=2 phase=phase2 obj=233.710952 artificial=0.0 cols=3656
[clean-BPC  1626.51s] node 63 cg=2 phase=phase2 kind=heuristic best_rc=0.0 found=0 added=0 exhausted=False cert=False
[clean-BPC  1631.96s] node 63 cg=2 phase=phase2 kind=heuristic_boost best_rc=0.0 found=0 added=0 exhausted=True cert=True
[clean-BPC  1634.63s] branch node 63: left=RF(4,13)=separate right=RF(4,13)=same
[clean-BPC  1634.63s] node 64 d=6 lb=232.665721 open=35
[clean-BPC  1634.68s] node 64 cg=1 phase=phase1 obj=0.0 artificial=0.0 cols=3656
[clean-BPC  1634.74s] node 64 cg=2 phase=phase2 obj=232.883825 artificial=0.0 cols=3656
[clean-BPC  1637.58s] node 64 cg=2 phase=phase2 kind=heuristic best_rc=0.0 found=0 added=0 exhausted=False cert=False
[clean-BPC  1643.87s] node 64 cg=2 phase=phase2 kind=heuristic_boost best_rc=-0.0 found=0 added=0 exhausted=True cert=True
[clean-BPC  1645.05s] branch node 64: left=RF(5,19)=separate right=RF(5,19)=same
[clean-BPC  1645.05s] node 61 d=6 lb=232.73772 open=36
[clean-BPC  1645.11s] node 61 cg=1 phase=phase1 obj=0.0 artificial=0.0 cols=3656
[clean-BPC  1645.18s] node 61 cg=2 phase=phase2 obj=234.017327 artificial=0.0 cols=3656
[clean-BPC  1647.61s] node 61 cg=2 phase=phase2 kind=heuristic best_rc=-0.121198 found=6 added=6 exhausted=False cert=False
[clean-BPC  1647.67s] node 61 cg=3 phase=phase2 obj=233.982699 artificial=0.0 cols=3662
[clean-BPC  1650.10s] node 61 cg=3 phase=phase2 kind=heuristic best_rc=0.120919 found=0 added=0 exhausted=False cert=False
[clean-BPC  1653.80s] node 61 cg=3 phase=phase2 kind=heuristic_boost best_rc=-0.599721429 found=4 added=4 exhausted=True cert=True
[clean-BPC  1653.86s] node 61 cg=4 phase=phase2 obj=233.982699 artificial=0.0 cols=3666
[clean-BPC  1656.31s] node 61 cg=4 phase=phase2 kind=heuristic best_rc=0.120919 found=0 added=0 exhausted=False cert=False
[clean-BPC  1660.00s] node 61 cg=4 phase=phase2 kind=heuristic_boost best_rc=0.0 found=0 added=0 exhausted=True cert=True
[clean-BPC  1661.68s] branch node 61: left=RF(5,19)=separate right=RF(5,19)=same
[clean-BPC  1661.68s] node 62 d=6 lb=232.73772 open=37
[clean-BPC  1661.72s] node 62 cg=1 phase=phase1 obj=0.0 artificial=0.0 cols=3666
[clean-BPC  1661.76s] node 62 cg=2 phase=phase2 obj=233.241796 artificial=0.0 cols=3666
[clean-BPC  1661.76s] cut_purged node=62 removed=1 by_kind={'schedule_nogood_core': 1} remaining=24
[clean-BPC  1661.81s] node 62 cg=3 phase=phase2 obj=233.241796 artificial=0.0 cols=3666
[clean-BPC  1664.49s] node 62 cg=3 phase=phase2 kind=heuristic best_rc=-0.170543667 found=4 added=4 exhausted=False cert=False
[clean-BPC  1664.54s] node 62 cg=4 phase=phase2 obj=233.199551 artificial=0.0 cols=3670
[clean-BPC  1667.25s] node 62 cg=4 phase=phase2 kind=heuristic best_rc=0.120919 found=0 added=0 exhausted=False cert=False
[clean-BPC  1673.55s] node 62 cg=4 phase=phase2 kind=heuristic_boost best_rc=-0.009236 found=2 added=2 exhausted=True cert=True
[clean-BPC  1673.59s] node 62 cg=5 phase=phase2 obj=233.199551 artificial=0.0 cols=3672
[clean-BPC  1676.31s] node 62 cg=5 phase=phase2 kind=heuristic best_rc=0.075701 found=0 added=0 exhausted=False cert=False
[clean-BPC  1682.59s] node 62 cg=5 phase=phase2 kind=heuristic_boost best_rc=0.0 found=0 added=0 exhausted=True cert=True
[clean-BPC  1683.50s] branch node 62: left=RF(5,19)=separate right=RF(5,19)=same
[clean-BPC  1683.50s] node 49 d=6 lb=232.766174 open=38
[clean-BPC  1683.54s] node 49 cg=1 phase=phase1 obj=0.0 artificial=0.0 cols=3672
[clean-BPC  1683.59s] node 49 cg=2 phase=phase2 obj=233.394399 artificial=0.0 cols=3672
[clean-BPC  1686.29s] node 49 cg=2 phase=phase2 kind=heuristic best_rc=-0.427184918 found=2 added=2 exhausted=False cert=False
[clean-BPC  1686.34s] node 49 cg=3 phase=phase2 obj=233.390084 artificial=0.0 cols=3674
[clean-BPC  1689.04s] node 49 cg=3 phase=phase2 kind=heuristic best_rc=0.031852313 found=0 added=0 exhausted=False cert=False
[clean-BPC  1695.46s] node 49 cg=3 phase=phase2 kind=heuristic_boost best_rc=-0.156613 found=2 added=2 exhausted=True cert=True
[clean-BPC  1695.51s] node 49 cg=4 phase=phase2 obj=233.390084 artificial=0.0 cols=3676
[clean-BPC  1698.21s] node 49 cg=4 phase=phase2 kind=heuristic best_rc=0.031852313 found=0 added=0 exhausted=False cert=False
[clean-BPC  1704.55s] node 49 cg=4 phase=phase2 kind=heuristic_boost best_rc=0.0 found=0 added=0 exhausted=True cert=True
[clean-BPC  1706.02s] branch node 49: left=RF(8,18)=separate right=RF(8,18)=same
[clean-BPC  1706.02s] node 50 d=6 lb=232.766174 open=39
[clean-BPC  1706.05s] node 50 cg=1 phase=phase1 obj=0.0 artificial=0.0 cols=3676
[clean-BPC  1706.09s] node 50 cg=2 phase=phase2 obj=233.470073 artificial=0.0 cols=3676
[clean-BPC  1708.80s] node 50 cg=2 phase=phase2 kind=heuristic best_rc=0.009236 found=0 added=0 exhausted=False cert=False
[clean-BPC  1715.42s] node 50 cg=2 phase=phase2 kind=heuristic_boost best_rc=-0.0 found=0 added=0 exhausted=True cert=True
[clean-BPC  1716.51s] branch node 50: left=RF(8,16)=separate right=RF(8,16)=same
[clean-BPC  1716.51s] node 40 d=6 lb=232.83987 open=40
[clean-BPC  1716.58s] node 40 cg=1 phase=phase1 obj=0.0 artificial=0.0 cols=3676
[clean-BPC  1716.63s] node 40 cg=2 phase=phase2 obj=233.830018 artificial=0.0 cols=3676
[clean-BPC  1719.04s] node 40 cg=2 phase=phase2 kind=heuristic best_rc=-3.596417 found=515 added=515 exhausted=False cert=False
[clean-BPC  1719.11s] node 40 cg=3 phase=phase2 obj=233.521809 artificial=0.0 cols=4191
[clean-BPC  1721.70s] node 40 cg=3 phase=phase2 kind=heuristic best_rc=0.0 found=0 added=0 exhausted=False cert=False
[clean-BPC  1727.50s] node 40 cg=3 phase=phase2 kind=heuristic_boost best_rc=0.0 found=0 added=0 exhausted=True cert=True
[clean-BPC  1729.39s] branch node 40: left=RF(7,14)=separate right=RF(7,14)=same
[clean-BPC  1729.39s] node 39 d=6 lb=232.83987 open=41
[clean-BPC  1729.47s] node 39 cg=1 phase=phase1 obj=0.0 artificial=0.0 cols=4191
[clean-BPC  1729.55s] node 39 cg=2 phase=phase2 obj=233.241342 artificial=0.0 cols=4191
[clean-BPC  1732.42s] node 39 cg=2 phase=phase2 kind=heuristic best_rc=-0.297095364 found=5 added=5 exhausted=False cert=False
[clean-BPC  1732.50s] node 39 cg=3 phase=phase2 obj=233.198496 artificial=0.0 cols=4196
[clean-BPC  1735.30s] node 39 cg=3 phase=phase2 kind=heuristic best_rc=0.071886 found=0 added=0 exhausted=False cert=False
[clean-BPC  1740.46s] node 39 cg=3 phase=phase2 kind=heuristic_boost best_rc=-0.0 found=0 added=0 exhausted=True cert=True
[clean-BPC  1742.79s] branch node 39: left=arc(1,2)=off right=arc(1,2)=on
[clean-BPC  1742.79s] node 73 d=7 lb=232.883825 open=42
[clean-BPC  1742.84s] node 73 cg=1 phase=phase1 obj=0.0 artificial=0.0 cols=4196
[clean-BPC  1742.90s] node 73 cg=2 phase=phase2 obj=233.773278 artificial=0.0 cols=4196
[clean-BPC  1745.37s] node 73 cg=2 phase=phase2 kind=heuristic best_rc=-0.003205846 found=2 added=2 exhausted=False cert=False
[clean-BPC  1745.43s] node 73 cg=3 phase=phase2 obj=233.772477 artificial=0.0 cols=4198
[clean-BPC  1747.93s] node 73 cg=3 phase=phase2 kind=heuristic best_rc=0.0 found=0 added=0 exhausted=False cert=False
[clean-BPC  1752.10s] node 73 cg=3 phase=phase2 kind=heuristic_boost best_rc=0.0 found=0 added=0 exhausted=True cert=True
[clean-BPC  1753.59s] branch node 73: left=RF(9,10)=separate right=RF(9,10)=same
[clean-BPC  1753.59s] node 74 d=7 lb=232.883825 open=43
[clean-BPC  1753.63s] node 74 cg=1 phase=phase1 obj=0.0 artificial=0.0 cols=4198
[clean-BPC  1753.68s] node 74 cg=2 phase=phase2 obj=233.336449 artificial=0.0 cols=4198
[clean-BPC  1756.49s] node 74 cg=2 phase=phase2 kind=heuristic best_rc=0.0 found=0 added=0 exhausted=False cert=False
[clean-BPC  1763.94s] node 74 cg=2 phase=phase2 kind=heuristic_boost best_rc=0.0 found=0 added=0 exhausted=True cert=True
[clean-BPC  1765.01s] branch node 74: left=RF(5,20)=separate right=RF(5,20)=same
[clean-BPC  1765.01s] node 56 d=6 lb=232.89295 open=44
[clean-BPC  1765.05s] node 56 cg=1 phase=phase1 obj=0.0 artificial=0.0 cols=4198
[clean-BPC  1765.09s] node 56 cg=2 phase=phase2 obj=233.517133 artificial=0.0 cols=4198
[clean-BPC  1767.68s] node 56 cg=2 phase=phase2 kind=heuristic best_rc=0.422840529 found=0 added=0 exhausted=False cert=False
[clean-BPC  1774.35s] node 56 cg=2 phase=phase2 kind=heuristic_boost best_rc=0.383077471 found=0 added=0 exhausted=True cert=True
[clean-BPC  1775.36s] branch node 56: left=RF(8,16)=separate right=RF(8,16)=same
[clean-BPC  1775.36s] node 55 d=6 lb=232.89295 open=45
[clean-BPC  1775.41s] node 55 cg=1 phase=phase1 obj=0.0 artificial=0.0 cols=4198
[clean-BPC  1775.46s] node 55 cg=2 phase=phase2 obj=234.697661 artificial=0.0 cols=4198
[clean-BPC  1778.10s] node 55 cg=2 phase=phase2 kind=heuristic best_rc=-1.473252714 found=15 added=15 exhausted=False cert=False
[clean-BPC  1778.15s] node 55 cg=3 phase=phase2 obj=234.350445 artificial=0.0 cols=4213
[clean-BPC  1780.77s] node 55 cg=3 phase=phase2 kind=heuristic best_rc=0.223510667 found=0 added=0 exhausted=False cert=False
[clean-BPC  1788.69s] node 55 cg=3 phase=phase2 kind=heuristic_boost best_rc=0.074030333 found=0 added=0 exhausted=True cert=True
[clean-BPC  1789.65s] branch node 55: left=RF(12,14)=separate right=RF(12,14)=same
[clean-BPC  1789.65s] node 66 d=7 lb=232.934455 open=46
[clean-BPC  1789.69s] node 66 cg=1 phase=phase1 obj=0.0 artificial=0.0 cols=4213
[clean-BPC  1789.72s] node 66 cg=2 phase=phase2 obj=234.408107 artificial=0.0 cols=4213
[clean-BPC  1792.35s] node 66 cg=2 phase=phase2 kind=heuristic best_rc=-0.378691375 found=2 added=2 exhausted=False cert=False
[clean-BPC  1792.39s] node 66 cg=3 phase=phase2 obj=234.349739 artificial=0.0 cols=4215
[clean-BPC  1795.05s] node 66 cg=3 phase=phase2 kind=heuristic best_rc=0.009236 found=0 added=0 exhausted=False cert=False
[clean-BPC  1801.58s] node 66 cg=3 phase=phase2 kind=heuristic_boost best_rc=0.009236 found=0 added=0 exhausted=True cert=True
[clean-BPC  1802.42s] branch node 66: left=RF(5,19)=separate right=RF(5,19)=same
[clean-BPC  1802.42s] node 65 d=7 lb=232.934455 open=47
[clean-BPC  1802.46s] node 65 cg=1 phase=phase1 obj=0.0 artificial=0.0 cols=4215
[clean-BPC  1802.50s] node 65 cg=2 phase=phase2 obj=234.462289 artificial=0.0 cols=4215
[clean-BPC  1805.15s] node 65 cg=2 phase=phase2 kind=heuristic best_rc=-0.160414 found=2 added=2 exhausted=False cert=False
[clean-BPC  1805.20s] node 65 cg=3 phase=phase2 obj=234.462289 artificial=0.0 cols=4217
[clean-BPC  1807.85s] node 65 cg=3 phase=phase2 kind=heuristic best_rc=-0.0320828 found=1 added=1 exhausted=False cert=False
[clean-BPC  1807.90s] node 65 cg=4 phase=phase2 obj=234.450831 artificial=0.0 cols=4218
[clean-BPC  1810.56s] node 65 cg=4 phase=phase2 kind=heuristic best_rc=0.0 found=0 added=0 exhausted=False cert=False
[clean-BPC  1817.02s] node 65 cg=4 phase=phase2 kind=heuristic_boost best_rc=0.0 found=0 added=0 exhausted=True cert=True
[clean-BPC  1818.33s] branch node 65: left=RF(5,8)=separate right=RF(5,8)=same
[clean-BPC  1818.33s] node 42 d=6 lb=232.937292 open=48
[clean-BPC  1818.39s] node 42 cg=1 phase=phase1 obj=0.0 artificial=0.0 cols=4218
[clean-BPC  1818.44s] node 42 cg=2 phase=phase2 obj=233.195279 artificial=0.0 cols=4218
[clean-BPC  1821.26s] node 42 cg=2 phase=phase2 kind=heuristic best_rc=-0.893707737 found=20 added=20 exhausted=False cert=False
[clean-BPC  1821.31s] node 42 cg=3 phase=phase2 obj=233.195279 artificial=0.0 cols=4238
[clean-BPC  1824.17s] node 42 cg=3 phase=phase2 kind=heuristic best_rc=0.191030687 found=0 added=0 exhausted=False cert=False
[clean-BPC  1830.44s] node 42 cg=3 phase=phase2 kind=heuristic_boost best_rc=0.191030687 found=0 added=0 exhausted=True cert=True
[clean-BPC  1831.99s] branch node 42: left=RF(10,13)=separate right=RF(10,13)=same
[clean-BPC  1831.99s] node 41 d=6 lb=232.937292 open=49
[clean-BPC  1832.07s] node 41 cg=1 phase=phase1 obj=0.0 artificial=0.0 cols=4238
[clean-BPC  1832.15s] node 41 cg=2 phase=phase2 obj=233.642888 artificial=0.0 cols=4238
[clean-BPC  1835.14s] node 41 cg=2 phase=phase2 kind=heuristic best_rc=-0.172087 found=6 added=6 exhausted=False cert=False
[clean-BPC  1835.23s] node 41 cg=3 phase=phase2 obj=233.567517 artificial=0.0 cols=4244
[clean-BPC  1838.22s] node 41 cg=3 phase=phase2 kind=heuristic best_rc=0.161578 found=0 added=0 exhausted=False cert=False
[clean-BPC  1844.52s] node 41 cg=3 phase=phase2 kind=heuristic_boost best_rc=0.161578 found=0 added=0 exhausted=True cert=True
[clean-BPC  1846.14s] branch node 41: left=RF(7,13)=separate right=RF(7,13)=same
[clean-BPC  1846.14s] node 53 d=6 lb=232.953087 open=50
[clean-BPC  1846.22s] node 53 cg=1 phase=phase1 obj=0.0 artificial=0.0 cols=4244
[clean-BPC  1846.31s] node 53 cg=2 phase=phase2 obj=233.733961 artificial=0.0 cols=4244
[clean-BPC  1849.05s] node 53 cg=2 phase=phase2 kind=heuristic best_rc=-0.256164643 found=4 added=4 exhausted=False cert=False
[clean-BPC  1849.14s] node 53 cg=3 phase=phase2 obj=233.68685 artificial=0.0 cols=4248
[clean-BPC  1851.84s] node 53 cg=3 phase=phase2 kind=heuristic best_rc=0.273524 found=0 added=0 exhausted=False cert=False
[clean-BPC  1858.10s] node 53 cg=3 phase=phase2 kind=heuristic_boost best_rc=0.273524 found=0 added=0 exhausted=True cert=True
[clean-BPC  1859.28s] branch node 53: left=RF(14,16)=separate right=RF(14,16)=same
[clean-BPC  1859.28s] node 54 d=6 lb=232.953087 open=51
[clean-BPC  1859.33s] node 54 cg=1 phase=phase1 obj=0.0 artificial=0.0 cols=4248
[clean-BPC  1859.38s] node 54 cg=2 phase=phase2 obj=233.659794 artificial=0.0 cols=4248
[clean-BPC  1861.86s] node 54 cg=2 phase=phase2 kind=heuristic best_rc=-1.241349 found=13 added=13 exhausted=False cert=False
[clean-BPC  1861.91s] node 54 cg=3 phase=phase2 obj=233.30981 artificial=0.0 cols=4261
[clean-BPC  1864.52s] node 54 cg=3 phase=phase2 kind=heuristic best_rc=0.129492 found=0 added=0 exhausted=False cert=False
[clean-BPC  1870.35s] node 54 cg=3 phase=phase2 kind=heuristic_boost best_rc=-0.0 found=0 added=0 exhausted=True cert=True
[clean-BPC  1871.24s] branch node 54: left=RF(8,16)=separate right=RF(8,16)=same
[clean-BPC  1871.24s] node 47 d=7 lb=232.989416 open=52
[clean-BPC  1871.31s] node 47 cg=1 phase=phase1 obj=0.0 artificial=0.0 cols=4261
[clean-BPC  1871.38s] node 47 cg=2 phase=phase2 obj=233.236013 artificial=0.0 cols=4261
[clean-BPC  1873.90s] node 47 cg=2 phase=phase2 kind=heuristic best_rc=-0.121119 found=4 added=4 exhausted=False cert=False
[clean-BPC  1873.99s] node 47 cg=3 phase=phase2 obj=233.236013 artificial=0.0 cols=4265
[clean-BPC  1876.49s] node 47 cg=3 phase=phase2 kind=heuristic best_rc=0.209518 found=0 added=0 exhausted=False cert=False
[clean-BPC  1880.30s] node 47 cg=3 phase=phase2 kind=heuristic_boost best_rc=0.209518 found=0 added=0 exhausted=True cert=True
[clean-BPC  1881.66s] branch node 47: left=RF(7,13)=separate right=RF(7,13)=same
[clean-BPC  1881.66s] node 48 d=7 lb=232.989416 open=53
[clean-BPC  1881.73s] node 48 cg=1 phase=phase1 obj=0.0 artificial=0.0 cols=4265
[clean-BPC  1881.79s] node 48 cg=2 phase=phase2 obj=233.779129 artificial=0.0 cols=4265
[clean-BPC  1884.60s] node 48 cg=2 phase=phase2 kind=heuristic best_rc=-0.410806 found=4 added=4 exhausted=False cert=False
[clean-BPC  1884.66s] node 48 cg=3 phase=phase2 obj=233.779129 artificial=0.0 cols=4269
[clean-BPC  1887.12s] node 48 cg=3 phase=phase2 kind=heuristic best_rc=0.209518 found=0 added=0 exhausted=False cert=False
[clean-BPC  1891.08s] node 48 cg=3 phase=phase2 kind=heuristic_boost best_rc=0.209518 found=0 added=0 exhausted=True cert=True
[clean-BPC  1892.42s] branch node 48: left=RF(10,14)=separate right=RF(10,14)=same
[clean-BPC  1892.42s] node 52 d=6 lb=233.002492 open=54
[clean-BPC  1892.46s] node 52 cg=1 phase=phase1 obj=0.0 artificial=0.0 cols=4269
[clean-BPC  1892.50s] node 52 cg=2 phase=phase2 obj=235.155333 artificial=0.0 cols=4269
[clean-BPC  1894.79s] node 52 cg=2 phase=phase2 kind=heuristic best_rc=-14.0471755 found=142 added=142 exhausted=False cert=False
[clean-BPC  1894.84s] node 52 cg=3 phase=phase2 obj=234.714752 artificial=0.0 cols=4411
[clean-BPC  1897.12s] node 52 cg=3 phase=phase2 kind=heuristic best_rc=-0.0 found=0 added=0 exhausted=False cert=False
[clean-BPC  1904.31s] node 52 cg=3 phase=phase2 kind=heuristic_boost best_rc=-0.0 found=0 added=0 exhausted=True cert=True
[clean-BPC  1905.33s] branch node 52: left=RF(1,4)=separate right=RF(1,4)=same
[clean-BPC  1905.33s] node 51 d=6 lb=233.002492 open=55
[clean-BPC  1905.43s] node 51 cg=1 phase=phase1 obj=0.0 artificial=0.0 cols=4411
[clean-BPC  1905.51s] node 51 cg=2 phase=phase2 obj=233.106428 artificial=0.0 cols=4411
[clean-BPC  1908.40s] node 51 cg=2 phase=phase2 kind=heuristic best_rc=-0.604422412 found=6 added=6 exhausted=False cert=False
[clean-BPC  1908.48s] node 51 cg=3 phase=phase2 obj=233.106428 artificial=0.0 cols=4417
[clean-BPC  1911.33s] node 51 cg=3 phase=phase2 kind=heuristic best_rc=-0.0 found=0 added=0 exhausted=False cert=False
[clean-BPC  1916.99s] node 51 cg=3 phase=phase2 kind=heuristic_boost best_rc=-0.0 found=0 added=0 exhausted=True cert=True
[clean-BPC  1918.66s] branch node 51: left=RF(5,19)=separate right=RF(5,19)=same
[clean-BPC  1918.66s] node 46 d=7 lb=233.007621 open=56
[clean-BPC  1918.74s] node 46 cg=1 phase=phase1 obj=0.0 artificial=0.0 cols=4417
[clean-BPC  1918.83s] node 46 cg=2 phase=phase2 obj=233.007621 artificial=0.0 cols=4417
[clean-BPC  1921.42s] node 46 cg=2 phase=phase2 kind=heuristic best_rc=-0.242368 found=1 added=1 exhausted=False cert=False
[clean-BPC  1921.53s] node 46 cg=3 phase=phase2 obj=233.007621 artificial=0.0 cols=4418
[clean-BPC  1924.13s] node 46 cg=3 phase=phase2 kind=heuristic best_rc=0.080851 found=0 added=0 exhausted=False cert=False
[clean-BPC  1929.41s] node 46 cg=3 phase=phase2 kind=heuristic_boost best_rc=0.0 found=0 added=0 exhausted=True cert=True
[clean-BPC  1929.80s] cut_added family=schedule_nogood_core node=46 added=1 source_vehicle=1 route_count=4 signatures=[[6, 8, 10, 14], [5, 9, 19, 11], [2, 20, 15, 4], [1, 3, 7]]
[clean-BPC  1929.80s] node 46 d=7 lb=233.007621 open=56
[clean-BPC  1929.88s] node 46 cg=1 phase=phase1 obj=0.0 artificial=0.0 cols=4418
[clean-BPC  1929.97s] node 46 cg=2 phase=phase2 obj=233.007621 artificial=0.0 cols=4418
[clean-BPC  1932.58s] node 46 cg=2 phase=phase2 kind=heuristic best_rc=0.080851 found=0 added=0 exhausted=False cert=False
[clean-BPC  1937.89s] node 46 cg=2 phase=phase2 kind=heuristic_boost best_rc=-0.0 found=0 added=0 exhausted=True cert=True
[clean-BPC  1938.18s] cut_added family=schedule_nogood_core node=46 added=2 source_vehicle=1 route_count=3 signatures=[[11, 19, 9, 5], [2, 20, 15, 4], [1, 3, 7]]
[clean-BPC  1938.18s] node 46 d=7 lb=233.007621 open=56
[clean-BPC  1938.27s] node 46 cg=1 phase=phase1 obj=0.0 artificial=0.0 cols=4418
[clean-BPC  1938.36s] node 46 cg=2 phase=phase2 obj=233.007621 artificial=0.0 cols=4418
[clean-BPC  1941.00s] node 46 cg=2 phase=phase2 kind=heuristic best_rc=0.002468 found=0 added=0 exhausted=False cert=False
[clean-BPC  1946.24s] node 46 cg=2 phase=phase2 kind=heuristic_boost best_rc=0.002468 found=0 added=0 exhausted=True cert=True
[clean-BPC  1946.62s] cut_added family=schedule_nogood_core node=46 added=2 source_vehicle=1 route_count=4 signatures=[[6, 8, 10, 14], [5, 9, 19, 11], [4, 15, 20, 2], [1, 3, 7]]
[clean-BPC  1946.62s] node 46 d=7 lb=233.007621 open=56
[clean-BPC  1946.71s] node 46 cg=1 phase=phase1 obj=0.0 artificial=0.0 cols=4418
[clean-BPC  1946.82s] node 46 cg=2 phase=phase2 obj=233.007621 artificial=0.0 cols=4418
[clean-BPC  1949.44s] node 46 cg=2 phase=phase2 kind=heuristic best_rc=0.002468 found=0 added=0 exhausted=False cert=False
[clean-BPC  1954.67s] node 46 cg=2 phase=phase2 kind=heuristic_boost best_rc=0.002468 found=0 added=0 exhausted=True cert=True
[clean-BPC  1956.57s] branch node 46: left=arc(4,15)=off right=arc(4,15)=on
[clean-BPC  1956.57s] node 115 d=8 lb=233.007621 open=57
[clean-BPC  1956.66s] node 115 cg=1 phase=phase1 obj=0.0 artificial=0.0 cols=4418
[clean-BPC  1956.77s] node 115 cg=2 phase=phase2 obj=233.007621 artificial=0.0 cols=4418
[clean-BPC  1959.37s] node 115 cg=2 phase=phase2 kind=heuristic best_rc=0.002468 found=0 added=0 exhausted=False cert=False
[clean-BPC  1964.49s] node 115 cg=2 phase=phase2 kind=heuristic_boost best_rc=0.002468 found=0 added=0 exhausted=True cert=True
[clean-BPC  1964.87s] cut_added family=schedule_nogood_core node=115 added=2 source_vehicle=1 route_count=4 signatures=[[6, 8, 10, 14], [5, 9, 19, 11], [2, 20, 15, 4], [7, 3, 1]]
[clean-BPC  1964.87s] node 116 d=8 lb=233.007621 open=57
[clean-BPC  1964.96s] node 116 cg=1 phase=phase1 obj=0.0 artificial=0.0 cols=4418
[clean-BPC  1965.07s] node 116 cg=2 phase=phase2 obj=233.007621 artificial=0.0 cols=4418
[clean-BPC  1967.49s] node 116 cg=2 phase=phase2 kind=heuristic best_rc=-0.114085 found=2 added=2 exhausted=False cert=False
[clean-BPC  1967.58s] node 116 cg=3 phase=phase2 obj=233.007621 artificial=0.0 cols=4420
[clean-BPC  1970.16s] node 116 cg=3 phase=phase2 kind=heuristic best_rc=0.137561 found=0 added=0 exhausted=False cert=False
[clean-BPC  1975.46s] node 116 cg=3 phase=phase2 kind=heuristic_boost best_rc=0.0 found=0 added=0 exhausted=True cert=True
[clean-BPC  1975.76s] cut_added family=schedule_nogood_core node=116 added=2 source_vehicle=1 route_count=3 signatures=[[11, 19, 9, 5], [4, 15, 20, 2], [1, 3, 7]]
[clean-BPC  1975.76s] node 115 d=8 lb=233.007621 open=57
[clean-BPC  1975.85s] node 115 cg=1 phase=phase1 obj=0.0 artificial=0.0 cols=4420
[clean-BPC  1975.94s] node 115 cg=2 phase=phase2 obj=233.007621 artificial=0.0 cols=4420
[clean-BPC  1978.52s] node 115 cg=2 phase=phase2 kind=heuristic best_rc=0.0 found=0 added=0 exhausted=False cert=False
[clean-BPC  1983.72s] node 115 cg=2 phase=phase2 kind=heuristic_boost best_rc=0.0 found=0 added=0 exhausted=True cert=True
[clean-BPC  1984.11s] cut_added family=schedule_nogood_core node=115 added=2 source_vehicle=1 route_count=4 signatures=[[6, 8, 14, 10], [5, 9, 19, 11], [2, 20, 15, 4], [1, 3, 7]]
[clean-BPC  1984.11s] node 115 d=8 lb=233.007621 open=57
[clean-BPC  1984.20s] node 115 cg=1 phase=phase1 obj=0.0 artificial=0.0 cols=4420
[clean-BPC  1984.31s] node 115 cg=2 phase=phase2 obj=233.007621 artificial=0.0 cols=4420
[clean-BPC  1986.91s] node 115 cg=2 phase=phase2 kind=heuristic best_rc=0.002468 found=0 added=0 exhausted=False cert=False
[clean-BPC  1992.09s] node 115 cg=2 phase=phase2 kind=heuristic_boost best_rc=0.002468 found=0 added=0 exhausted=True cert=True
[clean-BPC  1994.05s] branch node 115: left=arc(14,10)=off right=arc(14,10)=on
[clean-BPC  1994.05s] node 116 d=8 lb=233.007621 open=58
[clean-BPC  1994.16s] node 116 cg=1 phase=phase1 obj=0.0 artificial=0.0 cols=4420
[clean-BPC  1994.26s] node 116 cg=2 phase=phase2 obj=233.007621 artificial=0.0 cols=4420
[clean-BPC  1996.86s] node 116 cg=2 phase=phase2 kind=heuristic best_rc=0.137561 found=0 added=0 exhausted=False cert=False
[clean-BPC  2002.16s] node 116 cg=2 phase=phase2 kind=heuristic_boost best_rc=0.0 found=0 added=0 exhausted=True cert=True
[clean-BPC  2004.18s] branch node 116: left=arc(1,3)=off right=arc(1,3)=on
[clean-BPC  2004.18s] node 117 d=9 lb=233.007621 open=59
[clean-BPC  2004.27s] node 117 cg=1 phase=phase1 obj=0.0 artificial=0.0 cols=4420
[clean-BPC  2004.38s] node 117 cg=2 phase=phase2 obj=233.007621 artificial=0.0 cols=4420
[clean-BPC  2006.97s] node 117 cg=2 phase=phase2 kind=heuristic best_rc=-0.0 found=0 added=0 exhausted=False cert=False
[clean-BPC  2012.12s] node 117 cg=2 phase=phase2 kind=heuristic_boost best_rc=-0.0 found=0 added=0 exhausted=True cert=True
[clean-BPC  2014.05s] branch node 117: left=arc(1,3)=off right=arc(1,3)=on
[clean-BPC  2014.05s] node 118 d=9 lb=233.007621 open=60
[clean-BPC  2014.16s] node 118 cg=1 phase=phase1 obj=0.0 artificial=0.0 cols=4420
[clean-BPC  2014.26s] node 118 cg=2 phase=phase2 obj=233.007621 artificial=0.0 cols=4420
[clean-BPC  2016.86s] node 118 cg=2 phase=phase2 kind=heuristic best_rc=0.002468 found=0 added=0 exhausted=False cert=False
[clean-BPC  2022.10s] node 118 cg=2 phase=phase2 kind=heuristic_boost best_rc=0.002468 found=0 added=0 exhausted=True cert=True
[clean-BPC  2024.07s] branch node 118: left=arc(3,1)=off right=arc(3,1)=on
[clean-BPC  2024.07s] node 119 d=9 lb=233.007621 open=61
[clean-BPC  2024.19s] node 119 cg=1 phase=phase1 obj=0.0 artificial=0.0 cols=4420
[clean-BPC  2024.28s] node 119 cg=2 phase=phase2 obj=233.007621 artificial=0.0 cols=4420
[clean-BPC  2026.88s] node 119 cg=2 phase=phase2 kind=heuristic best_rc=0.1447 found=0 added=0 exhausted=False cert=False
[clean-BPC  2032.19s] node 119 cg=2 phase=phase2 kind=heuristic_boost best_rc=0.0 found=0 added=0 exhausted=True cert=True
[clean-BPC  2032.57s] cut_added family=schedule_nogood_core node=119 added=2 source_vehicle=1 route_count=4 signatures=[[6, 8, 10, 14], [5, 9, 19, 11], [4, 15, 20, 2], [7, 3, 1]]
[clean-BPC  2032.57s] node 120 d=9 lb=233.007621 open=61
[clean-BPC  2032.67s] node 120 cg=1 phase=phase1 obj=0.0 artificial=0.0 cols=4420
[clean-BPC  2032.77s] node 120 cg=2 phase=phase2 obj=233.007621 artificial=0.0 cols=4420
[clean-BPC  2035.44s] node 120 cg=2 phase=phase2 kind=heuristic best_rc=-0.17271 found=4 added=4 exhausted=False cert=False
[clean-BPC  2035.54s] node 120 cg=3 phase=phase2 obj=233.007621 artificial=0.0 cols=4424
[clean-BPC  2038.17s] node 120 cg=3 phase=phase2 kind=heuristic best_rc=0.002468 found=0 added=0 exhausted=False cert=False
[clean-BPC  2043.79s] node 120 cg=3 phase=phase2 kind=heuristic_boost best_rc=-0.0 found=0 added=0 exhausted=True cert=True
[clean-BPC  2044.18s] cut_added family=schedule_nogood_core node=120 added=2 source_vehicle=1 route_count=4 signatures=[[6, 8, 14, 10], [5, 9, 19, 11], [4, 15, 20, 2], [1, 3, 7]]
[clean-BPC  2044.18s] node 121 d=10 lb=233.007621 open=61
[clean-BPC  2044.27s] node 121 cg=1 phase=phase1 obj=0.0 artificial=0.0 cols=4424
[clean-BPC  2044.38s] node 121 cg=2 phase=phase2 obj=233.007621 artificial=0.0 cols=4424
[clean-BPC  2047.02s] node 121 cg=2 phase=phase2 kind=heuristic best_rc=0.02468375 found=0 added=0 exhausted=False cert=False
[clean-BPC  2052.24s] node 121 cg=2 phase=phase2 kind=heuristic_boost best_rc=-0.0 found=0 added=0 exhausted=True cert=True
[clean-BPC  2052.52s] cut_added family=schedule_nogood_core node=121 added=2 source_vehicle=1 route_count=3 signatures=[[11, 19, 9, 5], [2, 20, 15, 4], [7, 3, 1]]
[clean-BPC  2052.52s] node 121 d=10 lb=233.007621 open=61
[clean-BPC  2052.61s] node 121 cg=1 phase=phase1 obj=0.0 artificial=0.0 cols=4424
[clean-BPC  2052.72s] node 121 cg=2 phase=phase2 obj=233.007621 artificial=0.0 cols=4424
[clean-BPC  2055.38s] node 121 cg=2 phase=phase2 kind=heuristic best_rc=0.015296438 found=0 added=0 exhausted=False cert=False
[clean-BPC  2060.62s] node 121 cg=2 phase=phase2 kind=heuristic_boost best_rc=-0.018774625 found=1 added=1 exhausted=True cert=True
[clean-BPC  2060.71s] node 121 cg=3 phase=phase2 obj=233.007621 artificial=0.0 cols=4425
[clean-BPC  2063.35s] node 121 cg=3 phase=phase2 kind=heuristic best_rc=0.015296438 found=0 added=0 exhausted=False cert=False
[clean-BPC  2068.54s] node 121 cg=3 phase=phase2 kind=heuristic_boost best_rc=-0.0 found=0 added=0 exhausted=True cert=True
[clean-BPC  2068.93s] cut_added family=schedule_nogood_core node=121 added=2 source_vehicle=1 route_count=4 signatures=[[6, 10, 14, 8], [5, 9, 19, 11], [2, 20, 15, 4], [7, 3, 1]]
[clean-BPC  2068.93s] node 122 d=10 lb=233.007621 open=61
[clean-BPC  2069.03s] node 122 cg=1 phase=phase1 obj=0.0 artificial=0.0 cols=4425
[clean-BPC  2069.14s] node 122 cg=2 phase=phase2 obj=233.007621 artificial=0.0 cols=4425
[clean-BPC  2071.81s] node 122 cg=2 phase=phase2 kind=heuristic best_rc=0.0 found=0 added=0 exhausted=False cert=False
[clean-BPC  2077.06s] node 122 cg=2 phase=phase2 kind=heuristic_boost best_rc=0.0 found=0 added=0 exhausted=True cert=True
[clean-BPC  2077.45s] cut_added family=schedule_nogood_core node=122 added=2 source_vehicle=1 route_count=4 signatures=[[6, 10, 14, 8], [5, 9, 19, 11], [2, 20, 15, 4], [1, 3, 7]]
[clean-BPC  2077.45s] node 124 d=10 lb=233.007621 open=61
[clean-BPC  2077.56s] node 124 cg=1 phase=phase1 obj=0.0 artificial=0.0 cols=4425
[clean-BPC  2077.67s] node 124 cg=2 phase=phase2 obj=233.007621 artificial=0.0 cols=4425
[clean-BPC  2080.29s] node 124 cg=2 phase=phase2 kind=heuristic best_rc=0.080851 found=0 added=0 exhausted=False cert=False
[clean-BPC  2085.60s] node 124 cg=2 phase=phase2 kind=heuristic_boost best_rc=0.0 found=0 added=0 exhausted=True cert=True
[clean-BPC  2085.99s] cut_added family=schedule_nogood_core node=124 added=2 source_vehicle=1 route_count=4 signatures=[[6, 8, 14, 10], [5, 9, 19, 11], [2, 20, 15, 4], [7, 3, 1]]
[clean-BPC  2085.99s] node 119 d=9 lb=233.007621 open=61
[clean-BPC  2086.08s] node 119 cg=1 phase=phase1 obj=0.0 artificial=0.0 cols=4425
[clean-BPC  2086.19s] node 119 cg=2 phase=phase2 obj=233.007621 artificial=0.0 cols=4425
[clean-BPC  2088.85s] node 119 cg=2 phase=phase2 kind=heuristic best_rc=0.1447 found=0 added=0 exhausted=False cert=False
[clean-BPC  2094.41s] node 119 cg=2 phase=phase2 kind=heuristic_boost best_rc=-0.0 found=0 added=0 exhausted=True cert=True
[clean-BPC  2094.71s] cut_added family=schedule_nogood_core node=119 added=2 source_vehicle=1 route_count=3 signatures=[[11, 19, 9, 5], [4, 15, 20, 2], [7, 3, 1]]
[clean-BPC  2094.71s] node 120 d=9 lb=233.007621 open=61
[clean-BPC  2094.83s] node 120 cg=1 phase=phase1 obj=0.0 artificial=0.0 cols=4425
[clean-BPC  2094.93s] node 120 cg=2 phase=phase2 obj=233.007621 artificial=0.0 cols=4425
[clean-BPC  2097.63s] node 120 cg=2 phase=phase2 kind=heuristic best_rc=0.002468 found=0 added=0 exhausted=False cert=False
[clean-BPC  2103.50s] node 120 cg=2 phase=phase2 kind=heuristic_boost best_rc=-0.0 found=0 added=0 exhausted=True cert=True
[clean-BPC  2103.90s] cut_added family=schedule_nogood_core node=120 added=2 source_vehicle=1 route_count=4 signatures=[[6, 10, 14, 8], [5, 9, 19, 11], [4, 15, 20, 2], [1, 3, 7]]
[clean-BPC  2103.90s] node 121 d=10 lb=233.007621 open=61
[clean-BPC  2103.99s] node 121 cg=1 phase=phase1 obj=0.0 artificial=0.0 cols=4425
[clean-BPC  2104.09s] node 121 cg=2 phase=phase2 obj=233.007621 artificial=0.0 cols=4425
[clean-BPC  2106.79s] node 121 cg=2 phase=phase2 kind=heuristic best_rc=0.0021005 found=0 added=0 exhausted=False cert=False
[clean-BPC  2112.07s] node 121 cg=2 phase=phase2 kind=heuristic_boost best_rc=-0.701413 found=9 added=9 exhausted=True cert=True
[clean-BPC  2112.17s] node 121 cg=3 phase=phase2 obj=233.007621 artificial=0.0 cols=4434
[clean-BPC  2114.80s] node 121 cg=3 phase=phase2 kind=heuristic best_rc=0.0 found=0 added=0 exhausted=False cert=False
[clean-BPC  2119.98s] node 121 cg=3 phase=phase2 kind=heuristic_boost best_rc=0.0 found=0 added=0 exhausted=True cert=True
[clean-BPC  2120.38s] cut_added family=schedule_nogood_core node=121 added=2 source_vehicle=1 route_count=4 signatures=[[8, 10, 14, 6], [5, 9, 19, 11], [2, 20, 15, 4], [7, 3, 1]]
[clean-BPC  2120.38s] node 122 d=10 lb=233.007621 open=61
[clean-BPC  2120.48s] node 122 cg=1 phase=phase1 obj=0.0 artificial=0.0 cols=4434
[clean-BPC  2120.58s] node 122 cg=2 phase=phase2 obj=233.007621 artificial=0.0 cols=4434
[clean-BPC  2123.18s] node 122 cg=2 phase=phase2 kind=heuristic best_rc=0.022013 found=0 added=0 exhausted=False cert=False
[clean-BPC  2128.35s] node 122 cg=2 phase=phase2 kind=heuristic_boost best_rc=0.0 found=0 added=0 exhausted=True cert=True
[clean-BPC  2128.73s] cut_added family=schedule_nogood_core node=122 added=2 source_vehicle=1 route_count=4 signatures=[[8, 10, 14, 6], [5, 9, 19, 11], [2, 20, 15, 4], [1, 3, 7]]
[clean-BPC  2128.73s] node 124 d=10 lb=233.007621 open=61
[clean-BPC  2128.83s] node 124 cg=1 phase=phase1 obj=0.0 artificial=0.0 cols=4434
[clean-BPC  2128.95s] node 124 cg=2 phase=phase2 obj=233.007621 artificial=0.0 cols=4434
[clean-BPC  2131.60s] node 124 cg=2 phase=phase2 kind=heuristic best_rc=0.060534 found=0 added=0 exhausted=False cert=False
[clean-BPC  2136.96s] node 124 cg=2 phase=phase2 kind=heuristic_boost best_rc=-0.0 found=0 added=0 exhausted=True cert=True
[clean-BPC  2137.35s] cut_added family=schedule_nogood_core node=124 added=2 source_vehicle=1 route_count=4 signatures=[[6, 14, 10, 8], [5, 9, 19, 11], [2, 20, 15, 4], [7, 3, 1]]
[clean-BPC  2137.35s] node 119 d=9 lb=233.007621 open=61
[clean-BPC  2137.47s] node 119 cg=1 phase=phase1 obj=0.0 artificial=0.0 cols=4434
[clean-BPC  2137.57s] node 119 cg=2 phase=phase2 obj=233.007621 artificial=0.0 cols=4434
[clean-BPC  2140.16s] node 119 cg=2 phase=phase2 kind=heuristic best_rc=0.0 found=0 added=0 exhausted=False cert=False
[clean-BPC  2145.46s] node 119 cg=2 phase=phase2 kind=heuristic_boost best_rc=0.0 found=0 added=0 exhausted=True cert=True
[clean-BPC  2145.87s] cut_added family=schedule_nogood_core node=119 added=2 source_vehicle=1 route_count=4 signatures=[[6, 8, 14, 10], [5, 9, 19, 11], [4, 15, 20, 2], [7, 3, 1]]
[clean-BPC  2145.87s] node 120 d=9 lb=233.007621 open=61
[clean-BPC  2145.97s] node 120 cg=1 phase=phase1 obj=0.0 artificial=0.0 cols=4434
[clean-BPC  2146.08s] node 120 cg=2 phase=phase2 obj=233.007621 artificial=0.0 cols=4434
[clean-BPC  2148.72s] node 120 cg=2 phase=phase2 kind=heuristic best_rc=0.002468 found=0 added=0 exhausted=False cert=False
[clean-BPC  2154.58s] node 120 cg=2 phase=phase2 kind=heuristic_boost best_rc=-0.0 found=0 added=0 exhausted=True cert=True
[clean-BPC  2154.97s] cut_added family=schedule_nogood_core node=120 added=2 source_vehicle=1 route_count=4 signatures=[[6, 14, 10, 8], [5, 9, 19, 11], [4, 15, 20, 2], [1, 3, 7]]
[clean-BPC  2154.97s] node 121 d=10 lb=233.007621 open=61
[clean-BPC  2155.06s] node 121 cg=1 phase=phase1 obj=0.0 artificial=0.0 cols=4434
[clean-BPC  2155.16s] node 121 cg=2 phase=phase2 obj=233.007621 artificial=0.0 cols=4434
[clean-BPC  2157.84s] node 121 cg=2 phase=phase2 kind=heuristic best_rc=0.0 found=0 added=0 exhausted=False cert=False
[clean-BPC  2163.00s] node 121 cg=2 phase=phase2 kind=heuristic_boost best_rc=0.0 found=0 added=0 exhausted=True cert=True
[clean-BPC  2163.38s] cut_added family=schedule_nogood_core node=121 added=2 source_vehicle=1 route_count=4 signatures=[[10, 14, 8, 6], [5, 9, 19, 11], [2, 20, 15, 4], [7, 3, 1]]
[clean-BPC  2163.38s] node 122 d=10 lb=233.007621 open=61
[clean-BPC  2163.49s] node 122 cg=1 phase=phase1 obj=0.0 artificial=0.0 cols=4434
[clean-BPC  2163.61s] node 122 cg=2 phase=phase2 obj=233.007621 artificial=0.0 cols=4434
[clean-BPC  2166.21s] node 122 cg=2 phase=phase2 kind=heuristic best_rc=0.022013 found=0 added=0 exhausted=False cert=False
[clean-BPC  2171.34s] node 122 cg=2 phase=phase2 kind=heuristic_boost best_rc=0.0 found=0 added=0 exhausted=True cert=True
[clean-BPC  2171.73s] cut_added family=schedule_nogood_core node=122 added=2 source_vehicle=1 route_count=4 signatures=[[10, 14, 8, 6], [5, 9, 19, 11], [2, 20, 15, 4], [1, 3, 7]]
[clean-BPC  2171.73s] node 124 d=10 lb=233.007621 open=61
[clean-BPC  2171.84s] node 124 cg=1 phase=phase1 obj=0.0 artificial=0.0 cols=4434
[clean-BPC  2171.96s] node 124 cg=2 phase=phase2 obj=233.007621 artificial=0.0 cols=4434
[clean-BPC  2174.62s] node 124 cg=2 phase=phase2 kind=heuristic best_rc=0.002468 found=0 added=0 exhausted=False cert=False
[clean-BPC  2180.22s] node 124 cg=2 phase=phase2 kind=heuristic_boost best_rc=0.0 found=0 added=0 exhausted=True cert=True
[clean-BPC  2180.60s] cut_added family=schedule_nogood_core node=124 added=2 source_vehicle=1 route_count=4 signatures=[[8, 14, 10, 6], [5, 9, 19, 11], [2, 20, 15, 4], [7, 3, 1]]
[clean-BPC  2180.60s] node 119 d=9 lb=233.007621 open=61
[clean-BPC  2180.70s] node 119 cg=1 phase=phase1 obj=0.0 artificial=0.0 cols=4434
[clean-BPC  2180.82s] node 119 cg=2 phase=phase2 obj=233.007621 artificial=0.0 cols=4434
[clean-BPC  2183.45s] node 119 cg=2 phase=phase2 kind=heuristic best_rc=-0.0 found=0 added=0 exhausted=False cert=False
[clean-BPC  2188.76s] node 119 cg=2 phase=phase2 kind=heuristic_boost best_rc=-0.0 found=0 added=0 exhausted=True cert=True
[clean-BPC  2189.15s] cut_added family=schedule_nogood_core node=119 added=2 source_vehicle=1 route_count=4 signatures=[[6, 10, 14, 8], [5, 9, 19, 11], [4, 15, 20, 2], [7, 3, 1]]
[clean-BPC  2189.15s] node 120 d=9 lb=233.007621 open=61
[clean-BPC  2189.28s] node 120 cg=1 phase=phase1 obj=0.0 artificial=0.0 cols=4434
[clean-BPC  2189.39s] node 120 cg=2 phase=phase2 obj=233.007621 artificial=0.0 cols=4434
[clean-BPC  2192.06s] node 120 cg=2 phase=phase2 kind=heuristic best_rc=0.002468 found=0 added=0 exhausted=False cert=False
[clean-BPC  2197.91s] node 120 cg=2 phase=phase2 kind=heuristic_boost best_rc=-0.0 found=0 added=0 exhausted=True cert=True
[clean-BPC  2198.30s] cut_added family=schedule_nogood_core node=120 added=2 source_vehicle=1 route_count=4 signatures=[[8, 10, 14, 6], [5, 9, 19, 11], [4, 15, 20, 2], [1, 3, 7]]
[clean-BPC  2198.30s] node 121 d=10 lb=233.007621 open=61
[clean-BPC  2198.40s] node 121 cg=1 phase=phase1 obj=0.0 artificial=0.0 cols=4434
[clean-BPC  2198.50s] node 121 cg=2 phase=phase2 obj=233.01011 artificial=0.0 cols=4434
[clean-BPC  2201.18s] node 121 cg=2 phase=phase2 kind=heuristic best_rc=0.00920512 found=0 added=0 exhausted=False cert=False
[clean-BPC  2206.55s] node 121 cg=2 phase=phase2 kind=heuristic_boost best_rc=0.0 found=0 added=0 exhausted=True cert=True
[clean-BPC  2208.76s] branch node 121: left=RF(2,9)=separate right=RF(2,9)=same
[clean-BPC  2208.76s] node 122 d=10 lb=233.007621 open=62
[clean-BPC  2208.86s] node 122 cg=1 phase=phase1 obj=0.0 artificial=0.0 cols=4434
[clean-BPC  2208.99s] node 122 cg=2 phase=phase2 obj=233.01011 artificial=0.0 cols=4434
[clean-BPC  2211.64s] node 122 cg=2 phase=phase2 kind=heuristic best_rc=0.118486 found=0 added=0 exhausted=False cert=False
[clean-BPC  2217.26s] node 122 cg=2 phase=phase2 kind=heuristic_boost best_rc=0.0 found=0 added=0 exhausted=True cert=True
[clean-BPC  2219.15s] branch node 122: left=RF(2,19)=separate right=RF(2,19)=same
[clean-BPC  2219.15s] node 124 d=10 lb=233.007621 open=63
[clean-BPC  2219.26s] node 124 cg=1 phase=phase1 obj=0.0 artificial=0.0 cols=4434
[clean-BPC  2219.37s] node 124 cg=2 phase=phase2 obj=233.007621 artificial=0.0 cols=4434
[clean-BPC  2222.03s] node 124 cg=2 phase=phase2 kind=heuristic best_rc=0.002468 found=0 added=0 exhausted=False cert=False
[clean-BPC  2227.30s] node 124 cg=2 phase=phase2 kind=heuristic_boost best_rc=0.002468 found=0 added=0 exhausted=True cert=True
[clean-BPC  2227.69s] cut_added family=schedule_nogood_core node=124 added=2 source_vehicle=1 route_count=4 signatures=[[14, 10, 8, 6], [5, 9, 19, 11], [2, 20, 15, 4], [7, 3, 1]]
[clean-BPC  2227.69s] node 119 d=9 lb=233.007621 open=63
[clean-BPC  2227.80s] node 119 cg=1 phase=phase1 obj=0.0 artificial=0.0 cols=4434
[clean-BPC  2227.92s] node 119 cg=2 phase=phase2 obj=233.007621 artificial=0.0 cols=4434
[clean-BPC  2230.60s] node 119 cg=2 phase=phase2 kind=heuristic best_rc=-0.0 found=0 added=0 exhausted=False cert=False
[clean-BPC  2236.33s] node 119 cg=2 phase=phase2 kind=heuristic_boost best_rc=-0.0 found=0 added=0 exhausted=True cert=True
[clean-BPC  2236.71s] cut_added family=schedule_nogood_core node=119 added=2 source_vehicle=1 route_count=4 signatures=[[6, 14, 10, 8], [5, 9, 19, 11], [4, 15, 20, 2], [7, 3, 1]]
[clean-BPC  2236.71s] node 120 d=9 lb=233.007621 open=63
[clean-BPC  2236.82s] node 120 cg=1 phase=phase1 obj=0.0 artificial=0.0 cols=4434
[clean-BPC  2236.95s] node 120 cg=2 phase=phase2 obj=233.007621 artificial=0.0 cols=4434
[clean-BPC  2236.95s] cut_purged node=120 removed=1 by_kind={'schedule_nogood_core': 1} remaining=74
[clean-BPC  2237.06s] node 120 cg=3 phase=phase2 obj=233.007621 artificial=0.0 cols=4434
[clean-BPC  2239.79s] node 120 cg=3 phase=phase2 kind=heuristic best_rc=0.002468 found=0 added=0 exhausted=False cert=False
[clean-BPC  2245.76s] node 120 cg=3 phase=phase2 kind=heuristic_boost best_rc=-0.0 found=0 added=0 exhausted=True cert=True
[clean-BPC  2246.14s] cut_added family=schedule_nogood_core node=120 added=2 source_vehicle=1 route_count=4 signatures=[[8, 14, 10, 6], [5, 9, 19, 11], [4, 15, 20, 2], [1, 3, 7]]
[clean-BPC  2246.14s] node 123 d=10 lb=233.007621 open=63
[clean-BPC  2246.26s] node 123 cg=1 phase=phase1 obj=0.0 artificial=0.0 cols=4434
[clean-BPC  2246.37s] node 123 cg=2 phase=phase2 obj=233.007621 artificial=0.0 cols=4434
[clean-BPC  2248.96s] node 123 cg=2 phase=phase2 kind=heuristic best_rc=-0.981786 found=14 added=14 exhausted=False cert=False
[clean-BPC  2249.08s] node 123 cg=3 phase=phase2 obj=233.007621 artificial=0.0 cols=4448
[clean-BPC  2251.69s] node 123 cg=3 phase=phase2 kind=heuristic best_rc=0.03216675 found=0 added=0 exhausted=False cert=False
[clean-BPC  2257.95s] node 123 cg=3 phase=phase2 kind=heuristic_boost best_rc=-0.0 found=0 added=0 exhausted=True cert=True
[clean-BPC  2258.33s] cut_added family=schedule_nogood_core node=123 added=2 source_vehicle=1 route_count=4 signatures=[[6, 14, 10, 8], [5, 9, 19, 11], [2, 20, 15, 4], [1, 3, 7]]
[clean-BPC  2258.33s] node 124 d=10 lb=233.007621 open=63
[clean-BPC  2258.44s] node 124 cg=1 phase=phase1 obj=0.0 artificial=0.0 cols=4448
[clean-BPC  2258.57s] node 124 cg=2 phase=phase2 obj=233.01011 artificial=0.0 cols=4448
[clean-BPC  2261.29s] node 124 cg=2 phase=phase2 kind=heuristic best_rc=-0.02240388 found=2 added=2 exhausted=False cert=False
[clean-BPC  2261.42s] node 124 cg=3 phase=phase2 obj=233.01011 artificial=0.0 cols=4450
[clean-BPC  2264.14s] node 124 cg=3 phase=phase2 kind=heuristic best_rc=0.18135123 found=0 added=0 exhausted=False cert=False
[clean-BPC  2269.89s] node 124 cg=3 phase=phase2 kind=heuristic_boost best_rc=-0.0 found=0 added=0 exhausted=True cert=True
[clean-BPC  2271.80s] branch node 124: left=RF(9,17)=separate right=RF(9,17)=same
[clean-BPC  2271.80s] node 119 d=9 lb=233.007621 open=64
[clean-BPC  2271.91s] node 119 cg=1 phase=phase1 obj=0.0 artificial=0.0 cols=4450
[clean-BPC  2272.04s] node 119 cg=2 phase=phase2 obj=233.007621 artificial=0.0 cols=4450
[clean-BPC  2272.04s] cut_purged node=119 removed=3 by_kind={'schedule_nogood_core': 3} remaining=75
[clean-BPC  2272.15s] node 119 cg=3 phase=phase2 obj=233.007621 artificial=0.0 cols=4450
[clean-BPC  2274.79s] node 119 cg=3 phase=phase2 kind=heuristic best_rc=0.002468 found=0 added=0 exhausted=False cert=False
[clean-BPC  2280.37s] node 119 cg=3 phase=phase2 kind=heuristic_boost best_rc=0.0 found=0 added=0 exhausted=True cert=True
[clean-BPC  2280.74s] cut_added family=schedule_nogood_core node=119 added=2 source_vehicle=1 route_count=4 signatures=[[8, 10, 14, 6], [5, 9, 19, 11], [4, 15, 20, 2], [7, 3, 1]]
[clean-BPC  2280.74s] node 120 d=9 lb=233.007621 open=64
[clean-BPC  2280.85s] node 120 cg=1 phase=phase1 obj=0.0 artificial=0.0 cols=4450
[clean-BPC  2280.98s] node 120 cg=2 phase=phase2 obj=233.007621 artificial=0.0 cols=4450
[clean-BPC  2283.60s] node 120 cg=2 phase=phase2 kind=heuristic best_rc=0.0 found=0 added=0 exhausted=False cert=False
[clean-BPC  2289.43s] node 120 cg=2 phase=phase2 kind=heuristic_boost best_rc=0.0 found=0 added=0 exhausted=True cert=True
[clean-BPC  2289.80s] cut_added family=schedule_nogood_core node=120 added=2 source_vehicle=1 route_count=4 signatures=[[10, 14, 8, 6], [5, 9, 19, 11], [4, 15, 20, 2], [1, 3, 7]]
[clean-BPC  2289.80s] node 123 d=10 lb=233.007621 open=64
[clean-BPC  2289.93s] node 123 cg=1 phase=phase1 obj=0.0 artificial=0.0 cols=4450
[clean-BPC  2290.03s] node 123 cg=2 phase=phase2 obj=233.007621 artificial=0.0 cols=4450
[clean-BPC  2292.70s] node 123 cg=2 phase=phase2 kind=heuristic best_rc=0.0401106 found=0 added=0 exhausted=False cert=False
[clean-BPC  2298.96s] node 123 cg=2 phase=phase2 kind=heuristic_boost best_rc=-0.0317754 found=1 added=1 exhausted=True cert=True
[clean-BPC  2299.09s] node 123 cg=3 phase=phase2 obj=233.007621 artificial=0.0 cols=4451
[clean-BPC  2301.70s] node 123 cg=3 phase=phase2 kind=heuristic best_rc=0.010957 found=0 added=0 exhausted=False cert=False
[clean-BPC  2306.80s] node 123 cg=3 phase=phase2 kind=heuristic_boost best_rc=-0.138089333 found=2 added=2 exhausted=True cert=True
[clean-BPC  2306.91s] node 123 cg=4 phase=phase2 obj=233.007621 artificial=0.0 cols=4453
[clean-BPC  2309.57s] node 123 cg=4 phase=phase2 kind=heuristic best_rc=0.262557 found=0 added=0 exhausted=False cert=False
[clean-BPC  2314.69s] node 123 cg=4 phase=phase2 kind=heuristic_boost best_rc=-0.0 found=0 added=0 exhausted=True cert=True
[clean-BPC  2315.07s] cut_added family=schedule_nogood_core node=123 added=1 source_vehicle=1 route_count=4 signatures=[[6, 8, 14, 10], [5, 9, 19, 11], [2, 20, 15, 4], [1, 3, 7]]
[clean-BPC  2315.07s] node 119 d=9 lb=233.007621 open=64
[clean-BPC  2315.18s] node 119 cg=1 phase=phase1 obj=0.0 artificial=0.0 cols=4453
[clean-BPC  2315.30s] node 119 cg=2 phase=phase2 obj=233.007621 artificial=0.0 cols=4453
[clean-BPC  2318.00s] node 119 cg=2 phase=phase2 kind=heuristic best_rc=0.002468 found=0 added=0 exhausted=False cert=False
[clean-BPC  2323.64s] node 119 cg=2 phase=phase2 kind=heuristic_boost best_rc=0.0 found=0 added=0 exhausted=True cert=True
[clean-BPC  2324.02s] cut_added family=schedule_nogood_core node=119 added=2 source_vehicle=1 route_count=4 signatures=[[8, 14, 10, 6], [5, 9, 19, 11], [4, 15, 20, 2], [7, 3, 1]]
[clean-BPC  2324.02s] node 120 d=9 lb=233.007621 open=64
[clean-BPC  2324.14s] node 120 cg=1 phase=phase1 obj=0.0 artificial=0.0 cols=4453
[clean-BPC  2324.27s] node 120 cg=2 phase=phase2 obj=233.007621 artificial=0.0 cols=4453
[clean-BPC  2324.27s] cut_purged node=120 removed=2 by_kind={'schedule_nogood_core': 2} remaining=80
[clean-BPC  2324.39s] node 120 cg=3 phase=phase2 obj=233.007621 artificial=0.0 cols=4453
[clean-BPC  2327.04s] node 120 cg=3 phase=phase2 kind=heuristic best_rc=-0.0 found=0 added=0 exhausted=False cert=False
[clean-BPC  2332.89s] node 120 cg=3 phase=phase2 kind=heuristic_boost best_rc=-0.120256 found=4 added=4 exhausted=True cert=True
[clean-BPC  2333.02s] node 120 cg=4 phase=phase2 obj=233.007621 artificial=0.0 cols=4457
[clean-BPC  2333.02s] cut_purged node=120 removed=1 by_kind={'schedule_nogood_core': 1} remaining=79
[clean-BPC  2333.13s] node 120 cg=5 phase=phase2 obj=233.007621 artificial=0.0 cols=4457
[clean-BPC  2335.78s] node 120 cg=5 phase=phase2 kind=heuristic best_rc=-0.004936 found=3 added=3 exhausted=False cert=False
[clean-BPC  2335.92s] node 120 cg=6 phase=phase2 obj=233.007621 artificial=0.0 cols=4460
[clean-BPC  2335.92s] cut_purged node=120 removed=1 by_kind={'schedule_nogood_core': 1} remaining=78
[clean-BPC  2336.03s] node 120 cg=7 phase=phase2 obj=233.007621 artificial=0.0 cols=4460
[clean-BPC  2338.74s] node 120 cg=7 phase=phase2 kind=heuristic best_rc=0.04006 found=0 added=0 exhausted=False cert=False
[clean-BPC  2344.65s] node 120 cg=7 phase=phase2 kind=heuristic_boost best_rc=-0.26278 found=2 added=2 exhausted=True cert=True
[clean-BPC  2344.78s] node 120 cg=8 phase=phase2 obj=233.007621 artificial=0.0 cols=4462
[clean-BPC  2344.78s] cut_purged node=120 removed=8 by_kind={'schedule_nogood_core': 8} remaining=70
[clean-BPC  2344.90s] node 120 cg=9 phase=phase2 obj=233.007621 artificial=0.0 cols=4462
[clean-BPC  2344.90s] cut_purged node=120 removed=8 by_kind={'schedule_nogood_core': 8} remaining=62
[clean-BPC  2345.01s] node 120 cg=10 phase=phase2 obj=233.007621 artificial=0.0 cols=4462
[clean-BPC  2347.70s] node 120 cg=10 phase=phase2 kind=heuristic best_rc=0.0 found=0 added=0 exhausted=False cert=False
[clean-BPC  2353.68s] node 120 cg=10 phase=phase2 kind=heuristic_boost best_rc=0.0 found=0 added=0 exhausted=True cert=True
[clean-BPC  2354.07s] cut_added family=schedule_nogood_core node=120 added=2 source_vehicle=1 route_count=4 signatures=[[14, 10, 8, 6], [5, 9, 19, 11], [4, 15, 20, 2], [1, 3, 7]]
[clean-BPC  2354.07s] node 123 d=10 lb=233.007621 open=64
[clean-BPC  2354.17s] node 123 cg=1 phase=phase1 obj=0.0 artificial=0.0 cols=4462
[clean-BPC  2354.28s] node 123 cg=2 phase=phase2 obj=233.007621 artificial=0.0 cols=4462
[clean-BPC  2356.92s] node 123 cg=2 phase=phase2 kind=heuristic best_rc=0.256294 found=0 added=0 exhausted=False cert=False
[clean-BPC  2362.07s] node 123 cg=2 phase=phase2 kind=heuristic_boost best_rc=0.084937 found=0 added=0 exhausted=True cert=True
[clean-BPC  2362.45s] cut_added family=schedule_nogood_core node=123 added=1 source_vehicle=1 route_count=4 signatures=[[6, 8, 14, 10], [5, 9, 19, 11], [2, 20, 15, 4], [1, 3, 7]]
[clean-BPC  2362.45s] node 119 d=9 lb=233.007621 open=64
[clean-BPC  2362.55s] node 119 cg=1 phase=phase1 obj=0.0 artificial=0.0 cols=4462
[clean-BPC  2362.67s] node 119 cg=2 phase=phase2 obj=233.007621 artificial=0.0 cols=4462
[clean-BPC  2365.26s] node 119 cg=2 phase=phase2 kind=heuristic best_rc=0.002468 found=0 added=0 exhausted=False cert=False
[clean-BPC  2370.49s] node 119 cg=2 phase=phase2 kind=heuristic_boost best_rc=0.0 found=0 added=0 exhausted=True cert=True
[clean-BPC  2370.87s] cut_added family=schedule_nogood_core node=119 added=1 source_vehicle=1 route_count=4 signatures=[[6, 8, 10, 14], [5, 9, 19, 11], [4, 15, 20, 2], [7, 3, 1]]
[clean-BPC  2370.87s] node 120 d=9 lb=233.007621 open=64
[clean-BPC  2371.00s] node 120 cg=1 phase=phase1 obj=0.0 artificial=0.0 cols=4462
[clean-BPC  2371.11s] node 120 cg=2 phase=phase2 obj=233.008891 artificial=0.0 cols=4462
[clean-BPC  2373.87s] node 120 cg=2 phase=phase2 kind=heuristic best_rc=0.02032098 found=0 added=0 exhausted=False cert=False
[clean-BPC  2379.90s] node 120 cg=2 phase=phase2 kind=heuristic_boost best_rc=0.0 found=0 added=0 exhausted=True cert=True
[clean-BPC  2381.74s] branch node 120: left=RF(2,9)=separate right=RF(2,9)=same
[clean-BPC  2381.74s] node 123 d=10 lb=233.007621 open=65
[clean-BPC  2381.85s] node 123 cg=1 phase=phase1 obj=0.0 artificial=0.0 cols=4462
[clean-BPC  2381.97s] node 123 cg=2 phase=phase2 obj=233.007621 artificial=0.0 cols=4462
[clean-BPC  2384.61s] node 123 cg=2 phase=phase2 kind=heuristic best_rc=0.256294 found=0 added=0 exhausted=False cert=False
[clean-BPC  2389.76s] node 123 cg=2 phase=phase2 kind=heuristic_boost best_rc=0.084937 found=0 added=0 exhausted=True cert=True
[clean-BPC  2390.04s] cut_added family=schedule_nogood_core node=123 added=1 source_vehicle=1 route_count=3 signatures=[[11, 19, 9, 5], [2, 20, 15, 4], [1, 3, 7]]
[clean-BPC  2390.04s] node 119 d=9 lb=233.007621 open=65
[clean-BPC  2390.16s] node 119 cg=1 phase=phase1 obj=0.0 artificial=0.0 cols=4462
[clean-BPC  2390.27s] node 119 cg=2 phase=phase2 obj=233.007621 artificial=0.0 cols=4462
[clean-BPC  2392.90s] node 119 cg=2 phase=phase2 kind=heuristic best_rc=0.021774 found=0 added=0 exhausted=False cert=False
[clean-BPC  2398.57s] node 119 cg=2 phase=phase2 kind=heuristic_boost best_rc=0.0 found=0 added=0 exhausted=True cert=True
[clean-BPC  2398.95s] cut_added family=schedule_nogood_core node=119 added=1 source_vehicle=1 route_count=4 signatures=[[6, 8, 14, 10], [5, 9, 19, 11], [4, 15, 20, 2], [7, 3, 1]]
[clean-BPC  2398.95s] node 123 d=10 lb=233.007621 open=65
[clean-BPC  2399.06s] node 123 cg=1 phase=phase1 obj=0.0 artificial=0.0 cols=4462
[clean-BPC  2399.18s] node 123 cg=2 phase=phase2 obj=233.007621 artificial=0.0 cols=4462
[clean-BPC  2401.86s] node 123 cg=2 phase=phase2 kind=heuristic best_rc=0.256294 found=0 added=0 exhausted=False cert=False
[clean-BPC  2407.04s] node 123 cg=2 phase=phase2 kind=heuristic_boost best_rc=0.084937 found=0 added=0 exhausted=True cert=True
[clean-BPC  2407.42s] cut_added family=schedule_nogood_core node=123 added=1 source_vehicle=1 route_count=4 signatures=[[6, 14, 10, 8], [5, 9, 19, 11], [2, 20, 15, 4], [1, 3, 7]]
[clean-BPC  2407.42s] node 123 d=10 lb=233.007621 open=65
[clean-BPC  2407.54s] node 123 cg=1 phase=phase1 obj=0.0 artificial=0.0 cols=4462
[clean-BPC  2407.65s] node 123 cg=2 phase=phase2 obj=233.007621 artificial=0.0 cols=4462
[clean-BPC  2410.33s] node 123 cg=2 phase=phase2 kind=heuristic best_rc=0.251752667 found=0 added=0 exhausted=False cert=False
[clean-BPC  2415.58s] node 123 cg=2 phase=phase2 kind=heuristic_boost best_rc=0.075854333 found=0 added=0 exhausted=True cert=True
[clean-BPC  2415.98s] cut_added family=schedule_nogood_core node=123 added=2 source_vehicle=1 route_count=4 signatures=[[8, 14, 10, 6], [5, 9, 19, 11], [2, 20, 15, 4], [1, 3, 7]]
[clean-BPC  2415.98s] node 119 d=9 lb=233.007621 open=65
[clean-BPC  2416.08s] node 119 cg=1 phase=phase1 obj=0.0 artificial=0.0 cols=4462
[clean-BPC  2416.19s] node 119 cg=2 phase=phase2 obj=233.007621 artificial=0.0 cols=4462
[clean-BPC  2418.83s] node 119 cg=2 phase=phase2 kind=heuristic best_rc=0.021774 found=0 added=0 exhausted=False cert=False
[clean-BPC  2424.42s] node 119 cg=2 phase=phase2 kind=heuristic_boost best_rc=0.0 found=0 added=0 exhausted=True cert=True
[clean-BPC  2426.66s] branch node 119: left=arc(19,11)=off right=arc(19,11)=on
[clean-BPC  2426.66s] node 123 d=10 lb=233.007621 open=66
[clean-BPC  2426.76s] node 123 cg=1 phase=phase1 obj=0.0 artificial=0.0 cols=4462
[clean-BPC  2426.87s] node 123 cg=2 phase=phase2 obj=233.007621 artificial=0.0 cols=4462
[clean-BPC  2429.56s] node 123 cg=2 phase=phase2 kind=heuristic best_rc=0.256294 found=0 added=0 exhausted=False cert=False
[clean-BPC  2434.81s] node 123 cg=2 phase=phase2 kind=heuristic_boost best_rc=0.084937 found=0 added=0 exhausted=True cert=True
[clean-BPC  2435.20s] cut_added family=schedule_nogood_core node=123 added=2 source_vehicle=1 route_count=4 signatures=[[14, 10, 8, 6], [5, 9, 19, 11], [2, 20, 15, 4], [1, 3, 7]]
[clean-BPC  2435.20s] node 133 d=10 lb=233.007621 open=66
[clean-BPC  2435.31s] node 133 cg=1 phase=phase1 obj=0.0 artificial=0.0 cols=4462
[clean-BPC  2435.44s] node 133 cg=2 phase=phase2 obj=233.007621 artificial=0.0 cols=4462
[clean-BPC  2438.04s] node 133 cg=2 phase=phase2 kind=heuristic best_rc=0.002468 found=0 added=0 exhausted=False cert=False
[clean-BPC  2443.32s] node 133 cg=2 phase=phase2 kind=heuristic_boost best_rc=0.0 found=0 added=0 exhausted=True cert=True
[clean-BPC  2443.60s] cut_added family=schedule_nogood_core node=133 added=1 source_vehicle=1 route_count=3 signatures=[[11, 19, 9, 5], [4, 15, 20, 2], [7, 3, 1]]
[clean-BPC  2443.60s] node 134 d=10 lb=233.007621 open=66
[clean-BPC  2443.72s] node 134 cg=1 phase=phase1 obj=0.0 artificial=0.0 cols=4462
[clean-BPC  2443.83s] node 134 cg=2 phase=phase2 obj=233.007621 artificial=0.0 cols=4462
[clean-BPC  2443.83s] cut_purged node=134 removed=3 by_kind={'schedule_nogood_core': 3} remaining=71
[clean-BPC  2443.95s] node 134 cg=3 phase=phase2 obj=233.007621 artificial=0.0 cols=4462
[clean-BPC  2446.63s] node 134 cg=3 phase=phase2 kind=heuristic best_rc=0.021774 found=0 added=0 exhausted=False cert=False
[clean-BPC  2452.20s] node 134 cg=3 phase=phase2 kind=heuristic_boost best_rc=-0.0 found=0 added=0 exhausted=True cert=True
[clean-BPC  2452.59s] cut_added family=schedule_nogood_core node=134 added=1 source_vehicle=1 route_count=4 signatures=[[6, 10, 14, 8], [5, 9, 19, 11], [4, 15, 20, 2], [7, 3, 1]]
[clean-BPC  2452.59s] node 123 d=10 lb=233.007621 open=66
[clean-BPC  2452.72s] node 123 cg=1 phase=phase1 obj=0.0 artificial=0.0 cols=4462
[clean-BPC  2452.82s] node 123 cg=2 phase=phase2 obj=233.01011 artificial=0.0 cols=4462
[clean-BPC  2452.82s] cut_purged node=123 removed=1 by_kind={'schedule_nogood_core': 1} remaining=71
[clean-BPC  2452.93s] node 123 cg=3 phase=phase2 obj=233.01011 artificial=0.0 cols=4462
[clean-BPC  2452.93s] cut_purged node=123 removed=1 by_kind={'schedule_nogood_core': 1} remaining=70
[clean-BPC  2453.06s] node 123 cg=4 phase=phase2 obj=233.01011 artificial=0.0 cols=4462
[clean-BPC  2453.06s] cut_purged node=123 removed=1 by_kind={'schedule_nogood_core': 1} remaining=69
[clean-BPC  2453.16s] node 123 cg=5 phase=phase2 obj=233.01011 artificial=0.0 cols=4462
[clean-BPC  2455.88s] node 123 cg=5 phase=phase2 kind=heuristic best_rc=0.1962502 found=0 added=0 exhausted=False cert=False
[clean-BPC  2461.19s] node 123 cg=5 phase=phase2 kind=heuristic_boost best_rc=-0.0 found=0 added=0 exhausted=True cert=True
[clean-BPC  2462.94s] branch node 123: left=RF(2,9)=separate right=RF(2,9)=same
[clean-BPC  2462.94s] node 133 d=10 lb=233.007621 open=67
[clean-BPC  2463.06s] node 133 cg=1 phase=phase1 obj=0.0 artificial=0.0 cols=4462
[clean-BPC  2463.17s] node 133 cg=2 phase=phase2 obj=233.025402 artificial=0.0 cols=4462
[clean-BPC  2463.17s] cut_purged node=133 removed=1 by_kind={'schedule_nogood_core': 1} remaining=68
[clean-BPC  2463.28s] node 133 cg=3 phase=phase2 obj=233.025402 artificial=0.0 cols=4462
[clean-BPC  2463.28s] cut_purged node=133 removed=1 by_kind={'schedule_nogood_core': 1} remaining=67
[clean-BPC  2463.41s] node 133 cg=4 phase=phase2 obj=233.025402 artificial=0.0 cols=4462
[clean-BPC  2466.09s] node 133 cg=4 phase=phase2 kind=heuristic best_rc=0.072332176 found=0 added=0 exhausted=False cert=False
[clean-BPC  2471.83s] node 133 cg=4 phase=phase2 kind=heuristic_boost best_rc=0.0 found=0 added=0 exhausted=True cert=True
[clean-BPC  2473.67s] branch node 133: left=RF(11,19)=separate right=RF(11,19)=same
[clean-BPC  2473.67s] node 134 d=10 lb=233.007621 open=68
[clean-BPC  2473.77s] node 134 cg=1 phase=phase1 obj=0.0 artificial=0.0 cols=4462
[clean-BPC  2473.90s] node 134 cg=2 phase=phase2 obj=233.007621 artificial=0.0 cols=4462
[clean-BPC  2473.91s] cut_purged node=134 removed=1 by_kind={'schedule_nogood_core': 1} remaining=66
[clean-BPC  2474.01s] node 134 cg=3 phase=phase2 obj=233.007621 artificial=0.0 cols=4462
[clean-BPC  2476.67s] node 134 cg=3 phase=phase2 kind=heuristic best_rc=0.021774 found=0 added=0 exhausted=False cert=False
[clean-BPC  2482.37s] node 134 cg=3 phase=phase2 kind=heuristic_boost best_rc=0.0 found=0 added=0 exhausted=True cert=True
[clean-BPC  2482.76s] cut_added family=schedule_nogood_core node=134 added=1 source_vehicle=1 route_count=4 signatures=[[6, 14, 10, 8], [5, 9, 19, 11], [4, 15, 20, 2], [7, 3, 1]]
[clean-BPC  2482.76s] node 134 d=10 lb=233.007621 open=68
[clean-BPC  2482.87s] node 134 cg=1 phase=phase1 obj=0.0 artificial=0.0 cols=4462
[clean-BPC  2483.00s] node 134 cg=2 phase=phase2 obj=233.007621 artificial=0.0 cols=4462
[clean-BPC  2485.64s] node 134 cg=2 phase=phase2 kind=heuristic best_rc=0.021774 found=0 added=0 exhausted=False cert=False
[clean-BPC  2491.37s] node 134 cg=2 phase=phase2 kind=heuristic_boost best_rc=-0.0 found=0 added=0 exhausted=True cert=True
[clean-BPC  2491.75s] cut_added family=schedule_nogood_core node=134 added=1 source_vehicle=1 route_count=4 signatures=[[8, 10, 14, 6], [5, 9, 19, 11], [4, 15, 20, 2], [7, 3, 1]]
[clean-BPC  2491.75s] node 134 d=10 lb=233.007621 open=68
[clean-BPC  2491.85s] node 134 cg=1 phase=phase1 obj=0.0 artificial=0.0 cols=4462
[clean-BPC  2491.98s] node 134 cg=2 phase=phase2 obj=233.007621 artificial=0.0 cols=4462
[clean-BPC  2494.63s] node 134 cg=2 phase=phase2 kind=heuristic best_rc=0.021774 found=0 added=0 exhausted=False cert=False
[clean-BPC  2500.36s] node 134 cg=2 phase=phase2 kind=heuristic_boost best_rc=-0.0 found=0 added=0 exhausted=True cert=True
[clean-BPC  2500.75s] cut_added family=schedule_nogood_core node=134 added=1 source_vehicle=1 route_count=4 signatures=[[8, 14, 10, 6], [5, 9, 19, 11], [4, 15, 20, 2], [7, 3, 1]]
[clean-BPC  2500.75s] node 134 d=10 lb=233.007621 open=68
[clean-BPC  2500.85s] node 134 cg=1 phase=phase1 obj=0.0 artificial=0.0 cols=4462
[clean-BPC  2500.98s] node 134 cg=2 phase=phase2 obj=233.007621 artificial=0.0 cols=4462
[clean-BPC  2500.98s] cut_purged node=134 removed=5 by_kind={'schedule_nogood_core': 5} remaining=64
[clean-BPC  2501.09s] node 134 cg=3 phase=phase2 obj=233.007621 artificial=0.0 cols=4462
[clean-BPC  2503.78s] node 134 cg=3 phase=phase2 kind=heuristic best_rc=0.021774 found=0 added=0 exhausted=False cert=False
[clean-BPC  2509.54s] node 134 cg=3 phase=phase2 kind=heuristic_boost best_rc=-0.0 found=0 added=0 exhausted=True cert=True
[clean-BPC  2509.93s] cut_added family=schedule_nogood_core node=134 added=2 source_vehicle=1 route_count=4 signatures=[[10, 14, 8, 6], [5, 9, 19, 11], [4, 15, 20, 2], [7, 3, 1]]
[clean-BPC  2509.93s] node 134 d=10 lb=233.007621 open=68
[clean-BPC  2510.04s] node 134 cg=1 phase=phase1 obj=0.0 artificial=0.0 cols=4462
[clean-BPC  2510.17s] node 134 cg=2 phase=phase2 obj=233.007621 artificial=0.0 cols=4462
[clean-BPC  2512.85s] node 134 cg=2 phase=phase2 kind=heuristic best_rc=0.027944 found=0 added=0 exhausted=False cert=False
[clean-BPC  2518.63s] node 134 cg=2 phase=phase2 kind=heuristic_boost best_rc=-0.0 found=0 added=0 exhausted=True cert=True
[clean-BPC  2519.03s] cut_added family=schedule_nogood_core node=134 added=2 source_vehicle=1 route_count=4 signatures=[[14, 10, 8, 6], [5, 9, 19, 11], [4, 15, 20, 2], [7, 3, 1]]
[clean-BPC  2519.03s] node 134 d=10 lb=233.007621 open=68
[clean-BPC  2519.13s] node 134 cg=1 phase=phase1 obj=0.0 artificial=0.0 cols=4462
[clean-BPC  2519.26s] node 134 cg=2 phase=phase2 obj=233.042434 artificial=0.0 cols=4462
[clean-BPC  2521.88s] node 134 cg=2 phase=phase2 kind=heuristic best_rc=-1.86450814 found=12 added=12 exhausted=False cert=False
[clean-BPC  2522.00s] node 134 cg=3 phase=phase2 obj=233.01623 artificial=0.0 cols=4474
[clean-BPC  2524.74s] node 134 cg=3 phase=phase2 kind=heuristic best_rc=0.068869424 found=0 added=0 exhausted=False cert=False
[clean-BPC  2530.60s] node 134 cg=3 phase=phase2 kind=heuristic_boost best_rc=-0.217247181 found=2 added=2 exhausted=True cert=True
[clean-BPC  2530.72s] node 134 cg=4 phase=phase2 obj=233.01623 artificial=0.0 cols=4476
[clean-BPC  2533.49s] node 134 cg=4 phase=phase2 kind=heuristic best_rc=0.068869424 found=0 added=0 exhausted=False cert=False
[clean-BPC  2539.38s] node 134 cg=4 phase=phase2 kind=heuristic_boost best_rc=-0.0 found=0 added=0 exhausted=True cert=True
[clean-BPC  2542.52s] branch node 134: left=arc(7,16)=off right=arc(7,16)=on
[clean-BPC  2542.52s] node 131 d=10 lb=233.008891 open=69
[clean-BPC  2542.63s] node 131 cg=1 phase=phase1 obj=0.0 artificial=0.0 cols=4476
[clean-BPC  2542.76s] node 131 cg=2 phase=phase2 obj=233.007621 artificial=0.0 cols=4476
[clean-BPC  2545.35s] node 131 cg=2 phase=phase2 kind=heuristic best_rc=0.120256 found=0 added=0 exhausted=False cert=False
[clean-BPC  2550.54s] node 131 cg=2 phase=phase2 kind=heuristic_boost best_rc=0.048261 found=0 added=0 exhausted=True cert=True
[clean-BPC  2550.92s] cut_added family=schedule_nogood_core node=131 added=1 source_vehicle=1 route_count=4 signatures=[[6, 8, 10, 14], [5, 9, 19, 11], [4, 15, 20, 2], [1, 3, 7]]
[clean-BPC  2550.92s] node 131 d=10 lb=233.007621 open=69
[clean-BPC  2551.04s] node 131 cg=1 phase=phase1 obj=0.0 artificial=0.0 cols=4476
[clean-BPC  2551.15s] node 131 cg=2 phase=phase2 obj=233.007621 artificial=0.0 cols=4476
[clean-BPC  2553.73s] node 131 cg=2 phase=phase2 kind=heuristic best_rc=0.120256 found=0 added=0 exhausted=False cert=False
[clean-BPC  2558.99s] node 131 cg=2 phase=phase2 kind=heuristic_boost best_rc=0.048261 found=0 added=0 exhausted=True cert=True
[clean-BPC  2559.28s] cut_added family=schedule_nogood_core node=131 added=1 source_vehicle=1 route_count=3 signatures=[[11, 19, 9, 5], [4, 15, 20, 2], [1, 3, 7]]
[clean-BPC  2559.28s] node 131 d=10 lb=233.007621 open=69
[clean-BPC  2559.39s] node 131 cg=1 phase=phase1 obj=0.0 artificial=0.0 cols=4476
[clean-BPC  2559.50s] node 131 cg=2 phase=phase2 obj=233.007621 artificial=0.0 cols=4476
[clean-BPC  2562.11s] node 131 cg=2 phase=phase2 kind=heuristic best_rc=0.120256 found=0 added=0 exhausted=False cert=False
[clean-BPC  2567.37s] node 131 cg=2 phase=phase2 kind=heuristic_boost best_rc=0.048261 found=0 added=0 exhausted=True cert=True
[clean-BPC  2567.74s] cut_added family=schedule_nogood_core node=131 added=1 source_vehicle=1 route_count=4 signatures=[[6, 8, 14, 10], [5, 9, 19, 11], [4, 15, 20, 2], [1, 3, 7]]
[clean-BPC  2567.74s] node 131 d=10 lb=233.007621 open=69
[clean-BPC  2567.85s] node 131 cg=1 phase=phase1 obj=0.0 artificial=0.0 cols=4476
[clean-BPC  2567.98s] node 131 cg=2 phase=phase2 obj=233.007621 artificial=0.0 cols=4476
[clean-BPC  2570.62s] node 131 cg=2 phase=phase2 kind=heuristic best_rc=0.120256 found=0 added=0 exhausted=False cert=False
[clean-BPC  2575.92s] node 131 cg=2 phase=phase2 kind=heuristic_boost best_rc=0.048261 found=0 added=0 exhausted=True cert=True
[clean-BPC  2576.31s] cut_added family=schedule_nogood_core node=131 added=1 source_vehicle=1 route_count=4 signatures=[[6, 10, 14, 8], [5, 9, 19, 11], [4, 15, 20, 2], [1, 3, 7]]
[clean-BPC  2576.31s] node 131 d=10 lb=233.007621 open=69
[clean-BPC  2576.43s] node 131 cg=1 phase=phase1 obj=0.0 artificial=0.0 cols=4476
[clean-BPC  2576.54s] node 131 cg=2 phase=phase2 obj=233.007621 artificial=0.0 cols=4476
[clean-BPC  2579.19s] node 131 cg=2 phase=phase2 kind=heuristic best_rc=0.120256 found=0 added=0 exhausted=False cert=False
[clean-BPC  2584.56s] node 131 cg=2 phase=phase2 kind=heuristic_boost best_rc=0.048261 found=0 added=0 exhausted=True cert=True
[clean-BPC  2584.95s] cut_added family=schedule_nogood_core node=131 added=1 source_vehicle=1 route_count=4 signatures=[[6, 14, 10, 8], [5, 9, 19, 11], [4, 15, 20, 2], [1, 3, 7]]
[clean-BPC  2584.95s] node 131 d=10 lb=233.007621 open=69
[clean-BPC  2585.06s] node 131 cg=1 phase=phase1 obj=0.0 artificial=0.0 cols=4476
[clean-BPC  2585.17s] node 131 cg=2 phase=phase2 obj=233.007621 artificial=0.0 cols=4476
[clean-BPC  2587.87s] node 131 cg=2 phase=phase2 kind=heuristic best_rc=0.120256 found=0 added=0 exhausted=False cert=False
[clean-BPC  2593.53s] node 131 cg=2 phase=phase2 kind=heuristic_boost best_rc=0.048261 found=0 added=0 exhausted=True cert=True
[clean-BPC  2593.91s] cut_added family=schedule_nogood_core node=131 added=1 source_vehicle=1 route_count=4 signatures=[[8, 10, 14, 6], [5, 9, 19, 11], [4, 15, 20, 2], [1, 3, 7]]
[clean-BPC  2593.91s] node 131 d=10 lb=233.007621 open=69
[clean-BPC  2594.03s] node 131 cg=1 phase=phase1 obj=0.0 artificial=0.0 cols=4476
[clean-BPC  2594.14s] node 131 cg=2 phase=phase2 obj=233.007621 artificial=0.0 cols=4476
[clean-BPC  2596.85s] node 131 cg=2 phase=phase2 kind=heuristic best_rc=0.120256 found=0 added=0 exhausted=False cert=False
[clean-BPC  2602.56s] node 131 cg=2 phase=phase2 kind=heuristic_boost best_rc=0.048261 found=0 added=0 exhausted=True cert=True
[clean-BPC  2602.93s] cut_added family=schedule_nogood_core node=131 added=1 source_vehicle=1 route_count=4 signatures=[[14, 10, 8, 6], [5, 9, 19, 11], [4, 15, 20, 2], [1, 3, 7]]
[clean-BPC  2602.93s] node 131 d=10 lb=233.007621 open=69
[clean-BPC  2603.06s] node 131 cg=1 phase=phase1 obj=0.0 artificial=0.0 cols=4476
[clean-BPC  2603.18s] node 131 cg=2 phase=phase2 obj=233.007621 artificial=0.0 cols=4476
[clean-BPC  2603.18s] cut_purged node=131 removed=1 by_kind={'schedule_nogood_core': 1} remaining=74
[clean-BPC  2603.29s] node 131 cg=3 phase=phase2 obj=233.007621 artificial=0.0 cols=4476
[clean-BPC  2603.29s] cut_purged node=131 removed=1 by_kind={'schedule_nogood_core': 1} remaining=73
[clean-BPC  2603.43s] node 131 cg=4 phase=phase2 obj=233.007621 artificial=0.0 cols=4476
[clean-BPC  2603.43s] cut_purged node=131 removed=1 by_kind={'schedule_nogood_core': 1} remaining=72
[clean-BPC  2603.54s] node 131 cg=5 phase=phase2 obj=233.007621 artificial=0.0 cols=4476
[clean-BPC  2603.54s] cut_purged node=131 removed=1 by_kind={'schedule_nogood_core': 1} remaining=71
[clean-BPC  2603.65s] node 131 cg=6 phase=phase2 obj=233.007621 artificial=0.0 cols=4476
[clean-BPC  2603.65s] cut_purged node=131 removed=1 by_kind={'schedule_nogood_core': 1} remaining=70
[clean-BPC  2603.76s] node 131 cg=7 phase=phase2 obj=233.007621 artificial=0.0 cols=4476
[clean-BPC  2603.76s] cut_purged node=131 removed=1 by_kind={'schedule_nogood_core': 1} remaining=69
[clean-BPC  2603.89s] node 131 cg=8 phase=phase2 obj=233.007621 artificial=0.0 cols=4476
[clean-BPC  2603.89s] cut_purged node=131 removed=1 by_kind={'schedule_nogood_core': 1} remaining=68
[clean-BPC  2604.00s] node 131 cg=9 phase=phase2 obj=233.007621 artificial=0.0 cols=4476
[clean-BPC  2604.00s] cut_purged node=131 removed=1 by_kind={'schedule_nogood_core': 1} remaining=67
[clean-BPC  2604.11s] node 131 cg=10 phase=phase2 obj=233.007621 artificial=0.0 cols=4476
[clean-BPC  2606.82s] node 131 cg=10 phase=phase2 kind=heuristic best_rc=0.120256 found=0 added=0 exhausted=False cert=False
[clean-BPC  2612.48s] node 131 cg=10 phase=phase2 kind=heuristic_boost best_rc=0.048261 found=0 added=0 exhausted=True cert=True
[clean-BPC  2612.87s] cut_added family=schedule_nogood_core node=131 added=1 source_vehicle=1 route_count=4 signatures=[[8, 14, 10, 6], [5, 9, 19, 11], [4, 15, 20, 2], [1, 3, 7]]
[clean-BPC  2612.87s] node 131 d=10 lb=233.007621 open=69
[clean-BPC  2612.98s] node 131 cg=1 phase=phase1 obj=0.0 artificial=0.0 cols=4476
[clean-BPC  2613.09s] node 131 cg=2 phase=phase2 obj=233.007621 artificial=0.0 cols=4476
[clean-BPC  2615.74s] node 131 cg=2 phase=phase2 kind=heuristic best_rc=0.120256 found=0 added=0 exhausted=False cert=False
[clean-BPC  2621.06s] node 131 cg=2 phase=phase2 kind=heuristic_boost best_rc=0.048261 found=0 added=0 exhausted=True cert=True
[clean-BPC  2621.43s] cut_added family=schedule_nogood_core node=131 added=1 source_vehicle=1 route_count=4 signatures=[[10, 14, 8, 6], [5, 9, 19, 11], [4, 15, 20, 2], [1, 3, 7]]
[clean-BPC  2621.43s] node 131 d=10 lb=233.007621 open=69
[clean-BPC  2621.54s] node 131 cg=1 phase=phase1 obj=0.0 artificial=0.0 cols=4476
[clean-BPC  2621.67s] node 131 cg=2 phase=phase2 obj=233.012368 artificial=0.0 cols=4476
[clean-BPC  2624.38s] node 131 cg=2 phase=phase2 kind=heuristic best_rc=-0.0 found=0 added=0 exhausted=False cert=False
[clean-BPC  2630.13s] node 131 cg=2 phase=phase2 kind=heuristic_boost best_rc=-0.0 found=0 added=0 exhausted=True cert=True
[clean-BPC  2632.53s] branch node 131: left=arc(7,16)=off right=arc(7,16)=on
[clean-BPC  2632.53s] node 132 d=10 lb=233.008891 open=70
[clean-BPC  2632.61s] node 132 cg=1 phase=phase1 obj=0.0 artificial=0.0 cols=4476
[clean-BPC  2632.68s] node 132 cg=2 phase=phase2 obj=235.693878 artificial=0.0 cols=4476
[clean-BPC  2635.00s] node 132 cg=2 phase=phase2 kind=heuristic best_rc=-1.247132 found=10 added=10 exhausted=False cert=False
[clean-BPC  2635.08s] node 132 cg=3 phase=phase2 obj=235.693878 artificial=0.0 cols=4486
[clean-BPC  2637.42s] node 132 cg=3 phase=phase2 kind=heuristic best_rc=-0.656963 found=1 added=1 exhausted=False cert=False
[clean-BPC  2637.50s] node 132 cg=4 phase=phase2 obj=235.693878 artificial=0.0 cols=4487
[clean-BPC  2639.84s] node 132 cg=4 phase=phase2 kind=heuristic best_rc=-1.166811 found=6 added=6 exhausted=False cert=False
[clean-BPC  2639.92s] node 132 cg=5 phase=phase2 obj=235.693878 artificial=0.0 cols=4493
[clean-BPC  2642.28s] node 132 cg=5 phase=phase2 kind=heuristic best_rc=0.252904 found=0 added=0 exhausted=False cert=False
[clean-BPC  2646.22s] node 132 cg=5 phase=phase2 kind=heuristic_boost best_rc=0.252904 found=0 added=0 exhausted=True cert=True
[clean-BPC  2646.71s] cut_added family=schedule_nogood_core node=132 added=2 source_vehicle=1 route_count=3 signatures=[[4, 15, 20], [2, 11, 19, 9], [1, 3, 18, 13, 7]]
[clean-BPC  2646.71s] node 125 d=11 lb=233.01011 open=70
[clean-BPC  2646.81s] node 125 cg=1 phase=phase1 obj=0.0 artificial=0.0 cols=4493
[clean-BPC  2646.91s] node 125 cg=2 phase=phase2 obj=233.007621 artificial=0.0 cols=4493
[clean-BPC  2649.51s] node 125 cg=2 phase=phase2 kind=heuristic best_rc=-0.0 found=0 added=0 exhausted=False cert=False
[clean-BPC  2655.30s] node 125 cg=2 phase=phase2 kind=heuristic_boost best_rc=-0.0 found=0 added=0 exhausted=True cert=True
[clean-BPC  2655.68s] cut_added family=schedule_nogood_core node=125 added=1 source_vehicle=1 route_count=4 signatures=[[6, 8, 10, 14], [5, 9, 19, 11], [2, 20, 15, 4], [7, 3, 1]]
[clean-BPC  2655.68s] node 125 d=11 lb=233.007621 open=70
[clean-BPC  2655.79s] node 125 cg=1 phase=phase1 obj=0.0 artificial=0.0 cols=4493
[clean-BPC  2655.89s] node 125 cg=2 phase=phase2 obj=233.007621 artificial=0.0 cols=4493
[clean-BPC  2655.89s] cut_purged node=125 removed=1 by_kind={'schedule_nogood_core': 1} remaining=71
[clean-BPC  2656.00s] node 125 cg=3 phase=phase2 obj=233.007621 artificial=0.0 cols=4493
[clean-BPC  2658.62s] node 125 cg=3 phase=phase2 kind=heuristic best_rc=-0.0 found=0 added=0 exhausted=False cert=False
[clean-BPC  2664.45s] node 125 cg=3 phase=phase2 kind=heuristic_boost best_rc=-0.0 found=0 added=0 exhausted=True cert=True
[clean-BPC  2664.74s] cut_added family=schedule_nogood_core node=125 added=1 source_vehicle=1 route_count=3 signatures=[[11, 19, 9, 5], [2, 20, 15, 4], [7, 3, 1]]
[clean-BPC  2664.74s] node 125 d=11 lb=233.007621 open=70
[clean-BPC  2664.83s] node 125 cg=1 phase=phase1 obj=0.0 artificial=0.0 cols=4493
[clean-BPC  2664.93s] node 125 cg=2 phase=phase2 obj=233.007621 artificial=0.0 cols=4493
[clean-BPC  2664.93s] cut_purged node=125 removed=9 by_kind={'schedule_nogood_core': 9} remaining=63
[clean-BPC  2665.05s] node 125 cg=3 phase=phase2 obj=233.007621 artificial=0.0 cols=4493
[clean-BPC  2667.69s] node 125 cg=3 phase=phase2 kind=heuristic best_rc=-0.0 found=0 added=0 exhausted=False cert=False
[clean-BPC  2673.55s] node 125 cg=3 phase=phase2 kind=heuristic_boost best_rc=-0.0 found=0 added=0 exhausted=True cert=True
[clean-BPC  2673.94s] cut_added family=schedule_nogood_core node=125 added=1 source_vehicle=1 route_count=4 signatures=[[6, 10, 14, 8], [5, 9, 19, 11], [2, 20, 15, 4], [7, 3, 1]]
[clean-BPC  2673.94s] node 125 d=11 lb=233.007621 open=70
[clean-BPC  2674.04s] node 125 cg=1 phase=phase1 obj=0.0 artificial=0.0 cols=4493
[clean-BPC  2674.14s] node 125 cg=2 phase=phase2 obj=233.007621 artificial=0.0 cols=4493
[clean-BPC  2676.74s] node 125 cg=2 phase=phase2 kind=heuristic best_rc=-0.0 found=0 added=0 exhausted=False cert=False
[clean-BPC  2682.56s] node 125 cg=2 phase=phase2 kind=heuristic_boost best_rc=-0.0 found=0 added=0 exhausted=True cert=True
[clean-BPC  2682.95s] cut_added family=schedule_nogood_core node=125 added=1 source_vehicle=1 route_count=4 signatures=[[8, 10, 14, 6], [5, 9, 19, 11], [2, 20, 15, 4], [7, 3, 1]]
[clean-BPC  2682.95s] node 125 d=11 lb=233.007621 open=70
[clean-BPC  2683.04s] node 125 cg=1 phase=phase1 obj=0.0 artificial=0.0 cols=4493
[clean-BPC  2683.16s] node 125 cg=2 phase=phase2 obj=233.007621 artificial=0.0 cols=4493
[clean-BPC  2685.75s] node 125 cg=2 phase=phase2 kind=heuristic best_rc=-0.0 found=0 added=0 exhausted=False cert=False
[clean-BPC  2691.51s] node 125 cg=2 phase=phase2 kind=heuristic_boost best_rc=-0.0 found=0 added=0 exhausted=True cert=True
[clean-BPC  2691.90s] cut_added family=schedule_nogood_core node=125 added=1 source_vehicle=1 route_count=4 signatures=[[10, 14, 8, 6], [5, 9, 19, 11], [2, 20, 15, 4], [7, 3, 1]]
[clean-BPC  2691.90s] node 125 d=11 lb=233.007621 open=70
[clean-BPC  2692.00s] node 125 cg=1 phase=phase1 obj=0.0 artificial=0.0 cols=4493
[clean-BPC  2692.10s] node 125 cg=2 phase=phase2 obj=233.015608 artificial=0.0 cols=4493
[clean-BPC  2692.10s] cut_purged node=125 removed=1 by_kind={'schedule_nogood_core': 1} remaining=65
[clean-BPC  2692.20s] node 125 cg=3 phase=phase2 obj=233.015608 artificial=0.0 cols=4493
[clean-BPC  2694.92s] node 125 cg=3 phase=phase2 kind=heuristic best_rc=0.007987333 found=0 added=0 exhausted=False cert=False
[clean-BPC  2700.90s] node 125 cg=3 phase=phase2 kind=heuristic_boost best_rc=0.007987333 found=0 added=0 exhausted=True cert=True
[clean-BPC  2702.51s] branch node 125: left=RF(6,14)=separate right=RF(6,14)=same
[clean-BPC  2702.51s] node 126 d=11 lb=233.01011 open=71
[clean-BPC  2702.58s] node 126 cg=1 phase=phase1 obj=0.0 artificial=0.0 cols=4493
[clean-BPC  2702.65s] node 126 cg=2 phase=phase2 obj=235.342515 artificial=0.0 cols=4493
[clean-BPC  2704.99s] node 126 cg=2 phase=phase2 kind=heuristic best_rc=0.071886 found=0 added=0 exhausted=False cert=False
[clean-BPC  2708.56s] node 126 cg=2 phase=phase2 kind=heuristic_boost best_rc=0.071886 found=0 added=0 exhausted=True cert=True
[clean-BPC  2710.10s] branch node 126: left=RF(9,11)=separate right=RF(9,11)=same
[clean-BPC  2710.10s] node 127 d=11 lb=233.01011 open=72
[clean-BPC  2710.20s] node 127 cg=1 phase=phase1 obj=0.0 artificial=0.0 cols=4493
[clean-BPC  2710.30s] node 127 cg=2 phase=phase2 obj=233.007621 artificial=0.0 cols=4493
[clean-BPC  2712.91s] node 127 cg=2 phase=phase2 kind=heuristic best_rc=0.118486 found=0 added=0 exhausted=False cert=False
[clean-BPC  2718.93s] node 127 cg=2 phase=phase2 kind=heuristic_boost best_rc=-0.0 found=0 added=0 exhausted=True cert=True
[clean-BPC  2719.32s] cut_added family=schedule_nogood_core node=127 added=1 source_vehicle=1 route_count=4 signatures=[[6, 8, 10, 14], [5, 9, 19, 11], [2, 20, 15, 4], [1, 3, 7]]
[clean-BPC  2719.32s] node 127 d=11 lb=233.007621 open=72
[clean-BPC  2719.42s] node 127 cg=1 phase=phase1 obj=0.0 artificial=0.0 cols=4493
[clean-BPC  2719.53s] node 127 cg=2 phase=phase2 obj=233.007621 artificial=0.0 cols=4493
[clean-BPC  2722.15s] node 127 cg=2 phase=phase2 kind=heuristic best_rc=0.118486 found=0 added=0 exhausted=False cert=False
[clean-BPC  2728.20s] node 127 cg=2 phase=phase2 kind=heuristic_boost best_rc=-0.0 found=0 added=0 exhausted=True cert=True
[clean-BPC  2728.49s] cut_added family=schedule_nogood_core node=127 added=1 source_vehicle=1 route_count=3 signatures=[[11, 19, 9, 5], [2, 20, 15, 4], [1, 3, 7]]
[clean-BPC  2728.49s] node 127 d=11 lb=233.007621 open=72
[clean-BPC  2728.61s] node 127 cg=1 phase=phase1 obj=0.0 artificial=0.0 cols=4493
[clean-BPC  2728.71s] node 127 cg=2 phase=phase2 obj=233.007621 artificial=0.0 cols=4493
[clean-BPC  2731.41s] node 127 cg=2 phase=phase2 kind=heuristic best_rc=0.118486 found=0 added=0 exhausted=False cert=False
[clean-BPC  2737.63s] node 127 cg=2 phase=phase2 kind=heuristic_boost best_rc=-0.0 found=0 added=0 exhausted=True cert=True
[clean-BPC  2738.01s] cut_added family=schedule_nogood_core node=127 added=1 source_vehicle=1 route_count=4 signatures=[[6, 10, 14, 8], [5, 9, 19, 11], [2, 20, 15, 4], [1, 3, 7]]
[clean-BPC  2738.01s] node 127 d=11 lb=233.007621 open=72
[clean-BPC  2738.11s] node 127 cg=1 phase=phase1 obj=0.0 artificial=0.0 cols=4493
[clean-BPC  2738.24s] node 127 cg=2 phase=phase2 obj=233.007621 artificial=0.0 cols=4493
[clean-BPC  2740.94s] node 127 cg=2 phase=phase2 kind=heuristic best_rc=0.118486 found=0 added=0 exhausted=False cert=False
[clean-BPC  2747.42s] node 127 cg=2 phase=phase2 kind=heuristic_boost best_rc=0.0 found=0 added=0 exhausted=True cert=True
[clean-BPC  2747.83s] cut_added family=schedule_nogood_core node=127 added=1 source_vehicle=1 route_count=4 signatures=[[8, 10, 14, 6], [5, 9, 19, 11], [2, 20, 15, 4], [1, 3, 7]]
[clean-BPC  2747.83s] node 127 d=11 lb=233.007621 open=72
[clean-BPC  2747.93s] node 127 cg=1 phase=phase1 obj=0.0 artificial=0.0 cols=4493
[clean-BPC  2748.04s] node 127 cg=2 phase=phase2 obj=233.007621 artificial=0.0 cols=4493
[clean-BPC  2750.71s] node 127 cg=2 phase=phase2 kind=heuristic best_rc=0.118486 found=0 added=0 exhausted=False cert=False
[clean-BPC  2757.21s] node 127 cg=2 phase=phase2 kind=heuristic_boost best_rc=0.0 found=0 added=0 exhausted=True cert=True
[clean-BPC  2757.59s] cut_added family=schedule_nogood_core node=127 added=1 source_vehicle=1 route_count=4 signatures=[[10, 14, 8, 6], [5, 9, 19, 11], [2, 20, 15, 4], [1, 3, 7]]
[clean-BPC  2757.59s] node 127 d=11 lb=233.007621 open=72
[clean-BPC  2757.70s] node 127 cg=1 phase=phase1 obj=0.0 artificial=0.0 cols=4493
[clean-BPC  2757.83s] node 127 cg=2 phase=phase2 obj=233.015608 artificial=0.0 cols=4493
[clean-BPC  2760.53s] node 127 cg=2 phase=phase2 kind=heuristic best_rc=0.0 found=0 added=0 exhausted=False cert=False
[clean-BPC  2767.21s] node 127 cg=2 phase=phase2 kind=heuristic_boost best_rc=0.0 found=0 added=0 exhausted=True cert=True
[clean-BPC  2769.07s] branch node 127: left=RF(6,14)=separate right=RF(6,14)=same
[clean-BPC  2769.07s] node 136 d=11 lb=233.01011 open=73
[clean-BPC  2769.16s] node 136 cg=1 phase=phase1 obj=0.0 artificial=0.0 cols=4493
[clean-BPC  2769.23s] node 136 cg=2 phase=phase2 obj=235.342515 artificial=0.0 cols=4493
[clean-BPC  2771.55s] node 136 cg=2 phase=phase2 kind=heuristic best_rc=-0.0 found=0 added=0 exhausted=False cert=False
[clean-BPC  2775.05s] node 136 cg=2 phase=phase2 kind=heuristic_boost best_rc=-0.0 found=0 added=0 exhausted=True cert=True
[clean-BPC  2776.38s] branch node 136: left=RF(9,11)=separate right=RF(9,11)=same
[clean-BPC  2776.38s] node 128 d=11 lb=233.01011 open=74
[clean-BPC  2776.47s] node 128 cg=1 phase=phase1 obj=0.0 artificial=0.0 cols=4493
[clean-BPC  2776.58s] node 128 cg=2 phase=phase2 obj=235.693878 artificial=0.0 cols=4493
[clean-BPC  2778.90s] node 128 cg=2 phase=phase2 kind=heuristic best_rc=-1.321266 found=4 added=4 exhausted=False cert=False
[clean-BPC  2779.00s] node 128 cg=3 phase=phase2 obj=235.656802 artificial=0.0 cols=4497
[clean-BPC  2779.00s] cut_purged node=128 removed=1 by_kind={'schedule_nogood_core': 1} remaining=69
[clean-BPC  2779.08s] node 128 cg=4 phase=phase2 obj=235.656802 artificial=0.0 cols=4497
[clean-BPC  2779.09s] cut_purged node=128 removed=1 by_kind={'schedule_nogood_core': 1} remaining=68
[clean-BPC  2779.17s] node 128 cg=5 phase=phase2 obj=235.656802 artificial=0.0 cols=4497
[clean-BPC  2779.17s] cut_purged node=128 removed=1 by_kind={'schedule_nogood_core': 1} remaining=67
[clean-BPC  2779.26s] node 128 cg=6 phase=phase2 obj=235.656802 artificial=0.0 cols=4497
[clean-BPC  2779.26s] cut_purged node=128 removed=1 by_kind={'schedule_nogood_core': 1} remaining=66
[clean-BPC  2779.37s] node 128 cg=7 phase=phase2 obj=235.656802 artificial=0.0 cols=4497
[clean-BPC  2779.37s] cut_purged node=128 removed=1 by_kind={'schedule_nogood_core': 1} remaining=65
[clean-BPC  2779.46s] node 128 cg=8 phase=phase2 obj=235.656802 artificial=0.0 cols=4497
[clean-BPC  2779.46s] cut_purged node=128 removed=5 by_kind={'schedule_nogood_core': 5} remaining=60
[clean-BPC  2779.54s] node 128 cg=9 phase=phase2 obj=235.656802 artificial=0.0 cols=4497
[clean-BPC  2781.85s] node 128 cg=9 phase=phase2 kind=heuristic best_rc=0.03504 found=0 added=0 exhausted=False cert=False
[clean-BPC  2785.40s] node 128 cg=9 phase=phase2 kind=heuristic_boost best_rc=0.000761 found=0 added=0 exhausted=True cert=True
[clean-BPC  2787.44s] branch node 128: left=RF(4,9)=separate right=RF(4,9)=same
[clean-BPC  2787.44s] node 129 d=11 lb=233.01011 open=75
[clean-BPC  2787.56s] node 129 cg=1 phase=phase1 obj=0.0 artificial=0.0 cols=4497
[clean-BPC  2787.67s] node 129 cg=2 phase=phase2 obj=233.007621 artificial=0.0 cols=4497
[clean-BPC  2790.23s] node 129 cg=2 phase=phase2 kind=heuristic best_rc=0.165837 found=0 added=0 exhausted=False cert=False
[clean-BPC  2795.18s] node 129 cg=2 phase=phase2 kind=heuristic_boost best_rc=0.071886 found=0 added=0 exhausted=True cert=True
[clean-BPC  2795.56s] cut_added family=schedule_nogood_core node=129 added=1 source_vehicle=1 route_count=4 signatures=[[6, 8, 14, 10], [5, 9, 19, 11], [2, 20, 15, 4], [7, 3, 1]]
[clean-BPC  2795.56s] node 129 d=11 lb=233.007621 open=75
[clean-BPC  2795.68s] node 129 cg=1 phase=phase1 obj=0.0 artificial=0.0 cols=4497
[clean-BPC  2795.79s] node 129 cg=2 phase=phase2 obj=233.007621 artificial=0.0 cols=4497
[clean-BPC  2798.34s] node 129 cg=2 phase=phase2 kind=heuristic best_rc=0.165837 found=0 added=0 exhausted=False cert=False
[clean-BPC  2803.32s] node 129 cg=2 phase=phase2 kind=heuristic_boost best_rc=0.071886 found=0 added=0 exhausted=True cert=True
[clean-BPC  2803.72s] cut_added family=schedule_nogood_core node=129 added=1 source_vehicle=1 route_count=4 signatures=[[6, 14, 10, 8], [5, 9, 19, 11], [2, 20, 15, 4], [7, 3, 1]]
[clean-BPC  2803.72s] node 129 d=11 lb=233.007621 open=75
[clean-BPC  2803.83s] node 129 cg=1 phase=phase1 obj=0.0 artificial=0.0 cols=4497
[clean-BPC  2803.94s] node 129 cg=2 phase=phase2 obj=233.007621 artificial=0.0 cols=4497
[clean-BPC  2806.50s] node 129 cg=2 phase=phase2 kind=heuristic best_rc=0.165837 found=0 added=0 exhausted=False cert=False
[clean-BPC  2811.50s] node 129 cg=2 phase=phase2 kind=heuristic_boost best_rc=0.071886 found=0 added=0 exhausted=True cert=True
[clean-BPC  2813.67s] branch node 129: left=arc(19,9)=off right=arc(19,9)=on
[clean-BPC  2813.67s] node 153 d=12 lb=233.007621 open=76
[clean-BPC  2813.77s] node 153 cg=1 phase=phase1 obj=0.0 artificial=0.0 cols=4497
[clean-BPC  2813.90s] node 153 cg=2 phase=phase2 obj=233.007621 artificial=0.0 cols=4497
[clean-BPC  2816.51s] node 153 cg=2 phase=phase2 kind=heuristic best_rc=0.32479 found=0 added=0 exhausted=False cert=False
[clean-BPC  2821.43s] node 153 cg=2 phase=phase2 kind=heuristic_boost best_rc=-0.0 found=0 added=0 exhausted=True cert=True
[clean-BPC  2821.82s] cut_added family=schedule_nogood_core node=153 added=1 source_vehicle=1 route_count=4 signatures=[[8, 14, 10, 6], [5, 9, 19, 11], [2, 20, 15, 4], [7, 3, 1]]
[clean-BPC  2821.82s] node 154 d=12 lb=233.007621 open=76
[clean-BPC  2821.92s] node 154 cg=1 phase=phase1 obj=0.0 artificial=0.0 cols=4497
[clean-BPC  2822.05s] node 154 cg=2 phase=phase2 obj=233.007621 artificial=0.0 cols=4497
[clean-BPC  2824.40s] node 154 cg=2 phase=phase2 kind=heuristic best_rc=0.0 found=0 added=0 exhausted=False cert=False
[clean-BPC  2827.94s] node 154 cg=2 phase=phase2 kind=heuristic_boost best_rc=0.0 found=0 added=0 exhausted=True cert=True
[clean-BPC  2828.22s] cut_added family=schedule_nogood_core node=154 added=1 source_vehicle=1 route_count=3 signatures=[[11, 19, 9, 5], [2, 20, 15, 4], [7, 3, 1]]
[clean-BPC  2828.22s] node 153 d=12 lb=233.007621 open=76
[clean-BPC  2828.33s] node 153 cg=1 phase=phase1 obj=0.0 artificial=0.0 cols=4497
[clean-BPC  2828.44s] node 153 cg=2 phase=phase2 obj=233.007621 artificial=0.0 cols=4497
[clean-BPC  2831.06s] node 153 cg=2 phase=phase2 kind=heuristic best_rc=0.32479 found=0 added=0 exhausted=False cert=False
[clean-BPC  2835.95s] node 153 cg=2 phase=phase2 kind=heuristic_boost best_rc=-0.0 found=0 added=0 exhausted=True cert=True
[clean-BPC  2836.34s] cut_added family=schedule_nogood_core node=153 added=1 source_vehicle=1 route_count=4 signatures=[[14, 10, 8, 6], [5, 9, 19, 11], [2, 20, 15, 4], [7, 3, 1]]
[clean-BPC  2836.34s] node 154 d=12 lb=233.007621 open=76
[clean-BPC  2836.45s] node 154 cg=1 phase=phase1 obj=0.0 artificial=0.0 cols=4497
[clean-BPC  2836.55s] node 154 cg=2 phase=phase2 obj=233.079507 artificial=0.0 cols=4497
[clean-BPC  2839.04s] node 154 cg=2 phase=phase2 kind=heuristic best_rc=0.0 found=0 added=0 exhausted=False cert=False
[clean-BPC  2843.16s] node 154 cg=2 phase=phase2 kind=heuristic_boost best_rc=-0.0 found=0 added=0 exhausted=True cert=True
[clean-BPC  2843.54s] cut_added family=schedule_nogood_core node=154 added=2 source_vehicle=1 route_count=3 signatures=[[11, 19, 9, 5], [2, 20, 15, 4], [6, 7, 3, 1]]
[clean-BPC  2843.54s] node 153 d=12 lb=233.007621 open=76
[clean-BPC  2843.64s] node 153 cg=1 phase=phase1 obj=0.0 artificial=0.0 cols=4497
[clean-BPC  2843.75s] node 153 cg=2 phase=phase2 obj=233.021998 artificial=0.0 cols=4497
[clean-BPC  2846.44s] node 153 cg=2 phase=phase2 kind=heuristic best_rc=0.1985671 found=0 added=0 exhausted=False cert=False
[clean-BPC  2851.73s] node 153 cg=2 phase=phase2 kind=heuristic_boost best_rc=0.0575088 found=0 added=0 exhausted=True cert=True
[clean-BPC  2853.51s] branch node 153: left=RF(3,6)=separate right=RF(3,6)=same
[clean-BPC  2853.51s] node 135 d=11 lb=233.01011 open=77
[clean-BPC  2853.61s] node 135 cg=1 phase=phase1 obj=0.0 artificial=0.0 cols=4497
[clean-BPC  2853.74s] node 135 cg=2 phase=phase2 obj=233.007621 artificial=0.0 cols=4497
[clean-BPC  2856.38s] node 135 cg=2 phase=phase2 kind=heuristic best_rc=0.0 found=0 added=0 exhausted=False cert=False
[clean-BPC  2861.36s] node 135 cg=2 phase=phase2 kind=heuristic_boost best_rc=0.0 found=0 added=0 exhausted=True cert=True
[clean-BPC  2861.74s] cut_added family=schedule_nogood_core node=135 added=1 source_vehicle=1 route_count=4 signatures=[[6, 8, 14, 10], [5, 9, 19, 11], [2, 20, 15, 4], [1, 3, 7]]
[clean-BPC  2861.74s] node 135 d=11 lb=233.007621 open=77
[clean-BPC  2861.84s] node 135 cg=1 phase=phase1 obj=0.0 artificial=0.0 cols=4497
[clean-BPC  2861.96s] node 135 cg=2 phase=phase2 obj=233.007621 artificial=0.0 cols=4497
[clean-BPC  2864.53s] node 135 cg=2 phase=phase2 kind=heuristic best_rc=0.06548 found=0 added=0 exhausted=False cert=False
[clean-BPC  2870.35s] node 135 cg=2 phase=phase2 kind=heuristic_boost best_rc=-0.0 found=0 added=0 exhausted=True cert=True
[clean-BPC  2870.64s] cut_added family=schedule_nogood_core node=135 added=1 source_vehicle=1 route_count=3 signatures=[[11, 19, 9, 5], [2, 20, 15, 4], [1, 3, 7]]
[clean-BPC  2870.64s] node 135 d=11 lb=233.007621 open=77
[clean-BPC  2870.75s] node 135 cg=1 phase=phase1 obj=0.0 artificial=0.0 cols=4497
[clean-BPC  2870.86s] node 135 cg=2 phase=phase2 obj=233.007621 artificial=0.0 cols=4497
[clean-BPC  2873.53s] node 135 cg=2 phase=phase2 kind=heuristic best_rc=0.171357 found=0 added=0 exhausted=False cert=False
[clean-BPC  2879.48s] node 135 cg=2 phase=phase2 kind=heuristic_boost best_rc=-0.0 found=0 added=0 exhausted=True cert=True
[clean-BPC  2879.86s] cut_added family=schedule_nogood_core node=135 added=1 source_vehicle=1 route_count=4 signatures=[[6, 14, 10, 8], [5, 9, 19, 11], [2, 20, 15, 4], [1, 3, 7]]
[clean-BPC  2879.86s] node 135 d=11 lb=233.007621 open=77
[clean-BPC  2879.96s] node 135 cg=1 phase=phase1 obj=0.0 artificial=0.0 cols=4497
[clean-BPC  2880.08s] node 135 cg=2 phase=phase2 obj=233.007621 artificial=0.0 cols=4497
[clean-BPC  2882.69s] node 135 cg=2 phase=phase2 kind=heuristic best_rc=0.06548 found=0 added=0 exhausted=False cert=False
[clean-BPC  2888.53s] node 135 cg=2 phase=phase2 kind=heuristic_boost best_rc=-0.0 found=0 added=0 exhausted=True cert=True
[clean-BPC  2888.91s] cut_added family=schedule_nogood_core node=135 added=1 source_vehicle=1 route_count=4 signatures=[[8, 14, 10, 6], [5, 9, 19, 11], [2, 20, 15, 4], [1, 3, 7]]
[clean-BPC  2888.92s] node 135 d=11 lb=233.007621 open=77
[clean-BPC  2889.02s] node 135 cg=1 phase=phase1 obj=0.0 artificial=0.0 cols=4497
[clean-BPC  2889.14s] node 135 cg=2 phase=phase2 obj=233.007621 artificial=0.0 cols=4497
[clean-BPC  2891.76s] node 135 cg=2 phase=phase2 kind=heuristic best_rc=0.06548 found=0 added=0 exhausted=False cert=False
[clean-BPC  2897.68s] node 135 cg=2 phase=phase2 kind=heuristic_boost best_rc=-0.0 found=0 added=0 exhausted=True cert=True
[clean-BPC  2898.07s] cut_added family=schedule_nogood_core node=135 added=1 source_vehicle=1 route_count=4 signatures=[[14, 10, 8, 6], [5, 9, 19, 11], [2, 20, 15, 4], [1, 3, 7]]
[clean-BPC  2898.07s] node 135 d=11 lb=233.007621 open=77
[clean-BPC  2898.17s] node 135 cg=1 phase=phase1 obj=0.0 artificial=0.0 cols=4497
[clean-BPC  2898.28s] node 135 cg=2 phase=phase2 obj=233.015608 artificial=0.0 cols=4497
[clean-BPC  2900.95s] node 135 cg=2 phase=phase2 kind=heuristic best_rc=0.097019333 found=0 added=0 exhausted=False cert=False
[clean-BPC  2906.93s] node 135 cg=2 phase=phase2 kind=heuristic_boost best_rc=0.0 found=0 added=0 exhausted=True cert=True
[clean-BPC  2908.56s] branch node 135: left=RF(6,14)=separate right=RF(6,14)=same
[clean-BPC  2908.56s] node 130 d=11 lb=233.01011 open=78
[clean-BPC  2908.65s] node 130 cg=1 phase=phase1 obj=0.0 artificial=0.0 cols=4497
[clean-BPC  2908.73s] node 130 cg=2 phase=phase2 obj=233.78957 artificial=0.0 cols=4497
[clean-BPC  2910.97s] node 130 cg=2 phase=phase2 kind=heuristic best_rc=-0.65773 found=4 added=4 exhausted=False cert=False
[clean-BPC  2911.05s] node 130 cg=3 phase=phase2 obj=233.78957 artificial=0.0 cols=4501
[clean-BPC  2913.49s] node 130 cg=3 phase=phase2 kind=heuristic best_rc=0.018768333 found=0 added=0 exhausted=False cert=False
[clean-BPC  2918.30s] node 130 cg=3 phase=phase2 kind=heuristic_boost best_rc=0.0 found=0 added=0 exhausted=True cert=True
[clean-BPC  2920.00s] cut_added family=schedule_nogood_core node=130 added=2 source_vehicle=1 route_count=4 signatures=[[2, 20, 15, 4], [6, 17, 16, 12, 9], [7, 13, 18, 3, 1], [5, 19, 11]]
[clean-BPC  2920.00s] node 142 d=11 lb=233.012368 open=78
[clean-BPC  2920.11s] node 142 cg=1 phase=phase1 obj=0.0 artificial=0.0 cols=4501
[clean-BPC  2920.23s] node 142 cg=2 phase=phase2 obj=238.836285 artificial=0.0 cols=4501
[clean-BPC  2920.23s] cut_purged node=142 removed=1 by_kind={'schedule_nogood_core': 1} remaining=73
[clean-BPC  2920.36s] node 142 cg=3 phase=phase2 obj=238.836285 artificial=0.0 cols=4501
[clean-BPC  2920.36s] cut_purged node=142 removed=2 by_kind={'schedule_nogood_core': 2} remaining=71
[clean-BPC  2920.48s] node 142 cg=4 phase=phase2 obj=238.836285 artificial=0.0 cols=4501
[clean-BPC  2920.48s] cut_purged node=142 removed=1 by_kind={'schedule_nogood_core': 1} remaining=70
[clean-BPC  2920.59s] node 142 cg=5 phase=phase2 obj=238.836285 artificial=0.0 cols=4501
[clean-BPC  2920.59s] cut_purged node=142 removed=1 by_kind={'schedule_nogood_core': 1} remaining=69
[clean-BPC  2920.72s] node 142 cg=6 phase=phase2 obj=238.836285 artificial=0.0 cols=4501
[clean-BPC  2920.72s] cut_purged node=142 removed=1 by_kind={'schedule_nogood_core': 1} remaining=68
[clean-BPC  2920.84s] node 142 cg=7 phase=phase2 obj=238.836285 artificial=0.0 cols=4501
[clean-BPC  2920.84s] cut_purged node=142 removed=5 by_kind={'schedule_nogood_core': 5} remaining=63
[clean-BPC  2920.94s] node 142 cg=8 phase=phase2 obj=238.836285 artificial=0.0 cols=4501
[clean-BPC  2923.40s] node 142 cg=8 phase=phase2 kind=heuristic best_rc=-4.685023 found=383 added=383 exhausted=False cert=False
[clean-BPC  2923.56s] node 142 cg=9 phase=phase2 obj=237.096231 artificial=0.0 cols=4884
[clean-BPC  2923.56s] cut_purged node=142 removed=1 by_kind={'schedule_nogood_core': 1} remaining=62
[clean-BPC  2923.70s] node 142 cg=10 phase=phase2 obj=237.096231 artificial=0.0 cols=4884
[clean-BPC  2926.36s] node 142 cg=10 phase=phase2 kind=heuristic best_rc=-0.430495667 found=6 added=6 exhausted=False cert=False
[clean-BPC  2926.51s] node 142 cg=11 phase=phase2 obj=237.075583 artificial=0.0 cols=4890
[clean-BPC  2929.20s] node 142 cg=11 phase=phase2 kind=heuristic best_rc=0.208224 found=0 added=0 exhausted=False cert=False
[clean-BPC  2934.64s] node 142 cg=11 phase=phase2 kind=heuristic_boost best_rc=0.0 found=0 added=0 exhausted=True cert=True
[clean-BPC  2937.15s] branch node 142: left=RF(10,13)=separate right=RF(10,13)=same
[clean-BPC  2937.15s] node 141 d=11 lb=233.012368 open=79
[clean-BPC  2937.25s] node 141 cg=1 phase=phase1 obj=0.0 artificial=0.0 cols=4890
[clean-BPC  2937.39s] node 141 cg=2 phase=phase2 obj=233.007621 artificial=0.0 cols=4890
[clean-BPC  2940.04s] node 141 cg=2 phase=phase2 kind=heuristic best_rc=0.171357 found=0 added=0 exhausted=False cert=False
[clean-BPC  2946.39s] node 141 cg=2 phase=phase2 kind=heuristic_boost best_rc=-0.071886 found=2 added=2 exhausted=True cert=True
[clean-BPC  2946.50s] node 141 cg=3 phase=phase2 obj=233.007621 artificial=0.0 cols=4892
[clean-BPC  2949.12s] node 141 cg=3 phase=phase2 kind=heuristic best_rc=0.165837 found=0 added=0 exhausted=False cert=False
[clean-BPC  2955.10s] node 141 cg=3 phase=phase2 kind=heuristic_boost best_rc=0.0 found=0 added=0 exhausted=True cert=True
[clean-BPC  2955.48s] cut_added family=schedule_nogood_core node=141 added=1 source_vehicle=1 route_count=4 signatures=[[6, 8, 10, 14], [5, 9, 19, 11], [4, 15, 20, 2], [1, 3, 7]]
[clean-BPC  2955.48s] node 141 d=11 lb=233.007621 open=79
[clean-BPC  2955.62s] node 141 cg=1 phase=phase1 obj=0.0 artificial=0.0 cols=4892
[clean-BPC  2955.73s] node 141 cg=2 phase=phase2 obj=233.007621 artificial=0.0 cols=4892
[clean-BPC  2958.33s] node 141 cg=2 phase=phase2 kind=heuristic best_rc=0.165837 found=0 added=0 exhausted=False cert=False
[clean-BPC  2964.66s] node 141 cg=2 phase=phase2 kind=heuristic_boost best_rc=0.048261 found=0 added=0 exhausted=True cert=True
[clean-BPC  2965.05s] cut_added family=schedule_nogood_core node=141 added=1 source_vehicle=1 route_count=4 signatures=[[6, 8, 14, 10], [5, 9, 19, 11], [4, 15, 20, 2], [1, 3, 7]]
[clean-BPC  2965.05s] node 141 d=11 lb=233.007621 open=79
[clean-BPC  2965.16s] node 141 cg=1 phase=phase1 obj=0.0 artificial=0.0 cols=4892
[clean-BPC  2965.27s] node 141 cg=2 phase=phase2 obj=233.007621 artificial=0.0 cols=4892
[clean-BPC  2967.88s] node 141 cg=2 phase=phase2 kind=heuristic best_rc=0.165837 found=0 added=0 exhausted=False cert=False
[clean-BPC  2974.15s] node 141 cg=2 phase=phase2 kind=heuristic_boost best_rc=0.048261 found=0 added=0 exhausted=True cert=True
[clean-BPC  2976.45s] branch node 141: left=arc(19,11)=off right=arc(19,11)=on
[clean-BPC  2976.45s] node 161 d=12 lb=233.007621 open=80
[clean-BPC  2976.58s] node 161 cg=1 phase=phase1 obj=0.0 artificial=0.0 cols=4892
[clean-BPC  2976.70s] node 161 cg=2 phase=phase2 obj=233.007621 artificial=0.0 cols=4892
[clean-BPC  2979.35s] node 161 cg=2 phase=phase2 kind=heuristic best_rc=0.171357 found=0 added=0 exhausted=False cert=False
[clean-BPC  2985.67s] node 161 cg=2 phase=phase2 kind=heuristic_boost best_rc=-0.0 found=0 added=0 exhausted=True cert=True
[clean-BPC  2985.96s] cut_added family=schedule_nogood_core node=161 added=1 source_vehicle=1 route_count=3 signatures=[[11, 19, 9, 5], [4, 15, 20, 2], [1, 3, 7]]
[clean-BPC  2985.96s] node 162 d=12 lb=233.007621 open=80
[clean-BPC  2986.09s] node 162 cg=1 phase=phase1 obj=0.0 artificial=0.0 cols=4892
[clean-BPC  2986.20s] node 162 cg=2 phase=phase2 obj=233.007621 artificial=0.0 cols=4892
[clean-BPC  2988.88s] node 162 cg=2 phase=phase2 kind=heuristic best_rc=0.165837 found=0 added=0 exhausted=False cert=False
[clean-BPC  2994.29s] node 162 cg=2 phase=phase2 kind=heuristic_boost best_rc=-0.0 found=0 added=0 exhausted=True cert=True
[clean-BPC  2994.68s] cut_added family=schedule_nogood_core node=162 added=1 source_vehicle=1 route_count=4 signatures=[[6, 10, 14, 8], [5, 9, 19, 11], [4, 15, 20, 2], [1, 3, 7]]
[clean-BPC  2994.68s] node 161 d=12 lb=233.007621 open=80
[clean-BPC  2994.79s] node 161 cg=1 phase=phase1 obj=0.0 artificial=0.0 cols=4892
[clean-BPC  2994.92s] node 161 cg=2 phase=phase2 obj=233.10612 artificial=0.0 cols=4892
[clean-BPC  2997.61s] node 161 cg=2 phase=phase2 kind=heuristic best_rc=-0.181583 found=1 added=1 exhausted=False cert=False
[clean-BPC  2997.72s] node 161 cg=3 phase=phase2 obj=233.08018 artificial=0.0 cols=4893
[clean-BPC  3000.43s] node 161 cg=3 phase=phase2 kind=heuristic best_rc=0.165837 found=0 added=0 exhausted=False cert=False
[clean-BPC  3006.99s] node 161 cg=3 phase=phase2 kind=heuristic_boost best_rc=0.0 found=0 added=0 exhausted=True cert=True
[clean-BPC  3009.90s] branch node 161: left=arc(16,7)=off right=arc(16,7)=on
[clean-BPC  3009.90s] node 162 d=12 lb=233.007621 open=81
[clean-BPC  3010.03s] node 162 cg=1 phase=phase1 obj=0.0 artificial=0.0 cols=4893
[clean-BPC  3010.15s] node 162 cg=2 phase=phase2 obj=233.007621 artificial=0.0 cols=4893
[clean-BPC  3012.79s] node 162 cg=2 phase=phase2 kind=heuristic best_rc=0.165837 found=0 added=0 exhausted=False cert=False
[clean-BPC  3019.20s] node 162 cg=2 phase=phase2 kind=heuristic_boost best_rc=0.048261 found=0 added=0 exhausted=True cert=True
[clean-BPC  3019.60s] cut_added family=schedule_nogood_core node=162 added=1 source_vehicle=1 route_count=4 signatures=[[6, 14, 10, 8], [5, 9, 19, 11], [4, 15, 20, 2], [1, 3, 7]]
[clean-BPC  3019.60s] node 162 d=12 lb=233.007621 open=81
[clean-BPC  3019.72s] node 162 cg=1 phase=phase1 obj=0.0 artificial=0.0 cols=4893
[clean-BPC  3019.83s] node 162 cg=2 phase=phase2 obj=233.007621 artificial=0.0 cols=4893
[clean-BPC  3022.49s] node 162 cg=2 phase=phase2 kind=heuristic best_rc=0.165837 found=0 added=0 exhausted=False cert=False
[clean-BPC  3028.96s] node 162 cg=2 phase=phase2 kind=heuristic_boost best_rc=0.048261 found=0 added=0 exhausted=True cert=True
[clean-BPC  3029.34s] cut_added family=schedule_nogood_core node=162 added=1 source_vehicle=1 route_count=4 signatures=[[8, 10, 14, 6], [5, 9, 19, 11], [4, 15, 20, 2], [1, 3, 7]]
[clean-BPC  3029.34s] node 162 d=12 lb=233.007621 open=81
[clean-BPC  3029.46s] node 162 cg=1 phase=phase1 obj=0.0 artificial=0.0 cols=4893
[clean-BPC  3029.58s] node 162 cg=2 phase=phase2 obj=233.007621 artificial=0.0 cols=4893
[clean-BPC  3032.24s] node 162 cg=2 phase=phase2 kind=heuristic best_rc=0.165837 found=0 added=0 exhausted=False cert=False
[clean-BPC  3038.67s] node 162 cg=2 phase=phase2 kind=heuristic_boost best_rc=0.048261 found=0 added=0 exhausted=True cert=True
[clean-BPC  3039.06s] cut_added family=schedule_nogood_core node=162 added=1 source_vehicle=1 route_count=4 signatures=[[8, 14, 10, 6], [5, 9, 19, 11], [4, 15, 20, 2], [1, 3, 7]]
[clean-BPC  3039.06s] node 162 d=12 lb=233.007621 open=81
[clean-BPC  3039.17s] node 162 cg=1 phase=phase1 obj=0.0 artificial=0.0 cols=4893
[clean-BPC  3039.31s] node 162 cg=2 phase=phase2 obj=233.007621 artificial=0.0 cols=4893
[clean-BPC  3041.95s] node 162 cg=2 phase=phase2 kind=heuristic best_rc=0.165837 found=0 added=0 exhausted=False cert=False
[clean-BPC  3048.41s] node 162 cg=2 phase=phase2 kind=heuristic_boost best_rc=0.048261 found=0 added=0 exhausted=True cert=True
[clean-BPC  3048.80s] cut_added family=schedule_nogood_core node=162 added=1 source_vehicle=1 route_count=4 signatures=[[10, 14, 8, 6], [5, 9, 19, 11], [4, 15, 20, 2], [1, 3, 7]]
[clean-BPC  3048.80s] node 162 d=12 lb=233.007621 open=81
[clean-BPC  3048.93s] node 162 cg=1 phase=phase1 obj=0.0 artificial=0.0 cols=4893
[clean-BPC  3049.05s] node 162 cg=2 phase=phase2 obj=233.007621 artificial=0.0 cols=4893
[clean-BPC  3051.82s] node 162 cg=2 phase=phase2 kind=heuristic best_rc=0.165837 found=0 added=0 exhausted=False cert=False
[clean-BPC  3058.76s] node 162 cg=2 phase=phase2 kind=heuristic_boost best_rc=0.048261 found=0 added=0 exhausted=True cert=True
[clean-BPC  3059.14s] cut_added family=schedule_nogood_core node=162 added=1 source_vehicle=1 route_count=4 signatures=[[14, 10, 8, 6], [5, 9, 19, 11], [4, 15, 20, 2], [1, 3, 7]]
[clean-BPC  3059.14s] node 162 d=12 lb=233.007621 open=81
[clean-BPC  3059.25s] node 162 cg=1 phase=phase1 obj=0.0 artificial=0.0 cols=4893
[clean-BPC  3059.39s] node 162 cg=2 phase=phase2 obj=233.034043 artificial=0.0 cols=4893
[clean-BPC  3062.14s] node 162 cg=2 phase=phase2 kind=heuristic best_rc=-0.2130422 found=1 added=1 exhausted=False cert=False
[clean-BPC  3062.28s] node 162 cg=3 phase=phase2 obj=233.027385 artificial=0.0 cols=4894
[clean-BPC  3065.05s] node 162 cg=3 phase=phase2 kind=heuristic best_rc=0.165837 found=0 added=0 exhausted=False cert=False
[clean-BPC  3072.02s] node 162 cg=3 phase=phase2 kind=heuristic_boost best_rc=-0.0 found=0 added=0 exhausted=True cert=True
[clean-BPC  3073.97s] branch node 162: left=RF(10,12)=separate right=RF(10,12)=same
[clean-BPC  3073.97s] node 147 d=12 lb=233.015608 open=82
[clean-BPC  3074.11s] node 147 cg=1 phase=phase1 obj=0.0 artificial=0.0 cols=4894
[clean-BPC  3074.24s] node 147 cg=2 phase=phase2 obj=233.079507 artificial=0.0 cols=4894
[clean-BPC  3076.86s] node 147 cg=2 phase=phase2 kind=heuristic best_rc=0.071886 found=0 added=0 exhausted=False cert=False
[clean-BPC  3082.60s] node 147 cg=2 phase=phase2 kind=heuristic_boost best_rc=-0.0 found=0 added=0 exhausted=True cert=True
[clean-BPC  3082.98s] cut_added family=schedule_nogood_core node=147 added=2 source_vehicle=1 route_count=4 signatures=[[8, 10, 14], [5, 9, 19, 11], [2, 20, 15, 4], [1, 3, 7, 6]]
[clean-BPC  3082.98s] node 148 d=12 lb=233.015608 open=82
[clean-BPC  3083.05s] node 148 cg=1 phase=phase1 obj=0.0 artificial=0.0 cols=4894
[clean-BPC  3083.12s] node 148 cg=2 phase=phase2 obj=233.007621 artificial=0.0 cols=4894
[clean-BPC  3085.58s] node 148 cg=2 phase=phase2 kind=heuristic best_rc=0.024499 found=0 added=0 exhausted=False cert=False
[clean-BPC  3090.79s] node 148 cg=2 phase=phase2 kind=heuristic_boost best_rc=0.024499 found=0 added=0 exhausted=True cert=True
[clean-BPC  3091.20s] cut_added family=schedule_nogood_core node=148 added=1 source_vehicle=1 route_count=4 signatures=[[6, 10, 14, 8], [5, 9, 19, 11], [2, 20, 15, 4], [1, 3, 7]]
[clean-BPC  3091.20s] node 148 d=12 lb=233.007621 open=82
[clean-BPC  3091.27s] node 148 cg=1 phase=phase1 obj=0.0 artificial=0.0 cols=4894
[clean-BPC  3091.35s] node 148 cg=2 phase=phase2 obj=233.007621 artificial=0.0 cols=4894
[clean-BPC  3093.77s] node 148 cg=2 phase=phase2 kind=heuristic best_rc=0.024499 found=0 added=0 exhausted=False cert=False
[clean-BPC  3098.93s] node 148 cg=2 phase=phase2 kind=heuristic_boost best_rc=0.024499 found=0 added=0 exhausted=True cert=True
[clean-BPC  3099.24s] cut_added family=schedule_nogood_core node=148 added=1 source_vehicle=1 route_count=3 signatures=[[11, 19, 9, 5], [2, 20, 15, 4], [1, 3, 7]]
[clean-BPC  3099.24s] node 148 d=12 lb=233.007621 open=82
[clean-BPC  3099.31s] node 148 cg=1 phase=phase1 obj=0.0 artificial=0.0 cols=4894
[clean-BPC  3099.38s] node 148 cg=2 phase=phase2 obj=233.007621 artificial=0.0 cols=4894
[clean-BPC  3101.81s] node 148 cg=2 phase=phase2 kind=heuristic best_rc=0.072761 found=0 added=0 exhausted=False cert=False
[clean-BPC  3107.74s] node 148 cg=2 phase=phase2 kind=heuristic_boost best_rc=-0.0 found=0 added=0 exhausted=True cert=True
[clean-BPC  3108.14s] cut_added family=schedule_nogood_core node=148 added=1 source_vehicle=1 route_count=4 signatures=[[8, 10, 14, 6], [5, 9, 19, 11], [2, 20, 15, 4], [1, 3, 7]]
[clean-BPC  3108.14s] node 148 d=12 lb=233.007621 open=82
[clean-BPC  3108.22s] node 148 cg=1 phase=phase1 obj=0.0 artificial=0.0 cols=4894
[clean-BPC  3108.29s] node 148 cg=2 phase=phase2 obj=233.007621 artificial=0.0 cols=4894
[clean-BPC  3110.78s] node 148 cg=2 phase=phase2 kind=heuristic best_rc=0.072761 found=0 added=0 exhausted=False cert=False
[clean-BPC  3117.11s] node 148 cg=2 phase=phase2 kind=heuristic_boost best_rc=-0.0 found=0 added=0 exhausted=True cert=True
[clean-BPC  3117.49s] cut_added family=schedule_nogood_core node=148 added=1 source_vehicle=1 route_count=4 signatures=[[10, 14, 8, 6], [5, 9, 19, 11], [2, 20, 15, 4], [1, 3, 7]]
[clean-BPC  3117.49s] node 148 d=12 lb=233.007621 open=82
[clean-BPC  3117.56s] node 148 cg=1 phase=phase1 obj=0.0 artificial=0.0 cols=4894
[clean-BPC  3117.65s] node 148 cg=2 phase=phase2 obj=233.007621 artificial=0.0 cols=4894
[clean-BPC  3120.13s] node 148 cg=2 phase=phase2 kind=heuristic best_rc=0.024499 found=0 added=0 exhausted=False cert=False
[clean-BPC  3125.05s] node 148 cg=2 phase=phase2 kind=heuristic_boost best_rc=-0.152812 found=2 added=2 exhausted=True cert=True
[clean-BPC  3125.14s] node 148 cg=3 phase=phase2 obj=233.007621 artificial=0.0 cols=4896
[clean-BPC  3127.54s] node 148 cg=3 phase=phase2 kind=heuristic best_rc=0.076406 found=0 added=0 exhausted=False cert=False
[clean-BPC  3133.79s] node 148 cg=3 phase=phase2 kind=heuristic_boost best_rc=0.076406 found=0 added=0 exhausted=True cert=True
[clean-BPC  3134.18s] cut_added family=schedule_nogood_core node=148 added=1 source_vehicle=1 route_count=4 signatures=[[6, 8, 10, 14], [5, 9, 19, 11], [2, 20, 15, 4], [1, 3, 7]]
[clean-BPC  3134.18s] node 148 d=12 lb=233.007621 open=82
[clean-BPC  3134.26s] node 148 cg=1 phase=phase1 obj=0.0 artificial=0.0 cols=4896
[clean-BPC  3134.33s] node 148 cg=2 phase=phase2 obj=233.027516 artificial=0.0 cols=4896
[clean-BPC  3134.33s] cut_purged node=148 removed=4 by_kind={'schedule_nogood_core': 4} remaining=74
[clean-BPC  3134.40s] node 148 cg=3 phase=phase2 obj=233.027516 artificial=0.0 cols=4896
[clean-BPC  3134.40s] cut_purged node=148 removed=1 by_kind={'schedule_nogood_core': 1} remaining=73
[clean-BPC  3134.50s] node 148 cg=4 phase=phase2 obj=233.027516 artificial=0.0 cols=4896
[clean-BPC  3134.50s] cut_purged node=148 removed=1 by_kind={'schedule_nogood_core': 1} remaining=72
[clean-BPC  3134.57s] node 148 cg=5 phase=phase2 obj=233.027516 artificial=0.0 cols=4896
[clean-BPC  3134.57s] cut_purged node=148 removed=1 by_kind={'schedule_nogood_core': 1} remaining=71
[clean-BPC  3134.65s] node 148 cg=6 phase=phase2 obj=233.027516 artificial=0.0 cols=4896
[clean-BPC  3134.65s] cut_purged node=148 removed=1 by_kind={'schedule_nogood_core': 1} remaining=70
[clean-BPC  3134.72s] node 148 cg=7 phase=phase2 obj=233.027516 artificial=0.0 cols=4896
[clean-BPC  3134.72s] cut_purged node=148 removed=1 by_kind={'schedule_nogood_core': 1} remaining=69
[clean-BPC  3134.79s] node 148 cg=8 phase=phase2 obj=233.027516 artificial=0.0 cols=4896
[clean-BPC  3137.27s] node 148 cg=8 phase=phase2 kind=heuristic best_rc=0.072761 found=0 added=0 exhausted=False cert=False
[clean-BPC  3143.61s] node 148 cg=8 phase=phase2 kind=heuristic_boost best_rc=-0.054118 found=5 added=5 exhausted=True cert=True
[clean-BPC  3143.70s] node 148 cg=9 phase=phase2 obj=233.027516 artificial=0.0 cols=4901
[clean-BPC  3143.70s] cut_purged node=148 removed=1 by_kind={'schedule_nogood_core': 1} remaining=68
[clean-BPC  3143.77s] node 148 cg=10 phase=phase2 obj=233.027516 artificial=0.0 cols=4901
[clean-BPC  3146.23s] node 148 cg=10 phase=phase2 kind=heuristic best_rc=0.072761 found=0 added=0 exhausted=False cert=False
[clean-BPC  3152.56s] node 148 cg=10 phase=phase2 kind=heuristic_boost best_rc=-0.0 found=0 added=0 exhausted=True cert=True
[clean-BPC  3153.84s] branch node 148: left=RF(1,2)=separate right=RF(1,2)=same
[clean-BPC  3153.84s] node 157 d=12 lb=233.015608 open=83
[clean-BPC  3153.97s] node 157 cg=1 phase=phase1 obj=0.0 artificial=0.0 cols=4901
[clean-BPC  3154.09s] node 157 cg=2 phase=phase2 obj=233.079507 artificial=0.0 cols=4901
[clean-BPC  3156.66s] node 157 cg=2 phase=phase2 kind=heuristic best_rc=0.282736 found=0 added=0 exhausted=False cert=False
[clean-BPC  3162.17s] node 157 cg=2 phase=phase2 kind=heuristic_boost best_rc=0.0 found=0 added=0 exhausted=True cert=True
[clean-BPC  3162.56s] cut_added family=schedule_nogood_core node=157 added=2 source_vehicle=1 route_count=4 signatures=[[8, 14, 10], [5, 9, 19, 11], [2, 20, 15, 4], [1, 3, 7, 6]]
[clean-BPC  3162.56s] node 158 d=12 lb=233.015608 open=83
[clean-BPC  3162.63s] node 158 cg=1 phase=phase1 obj=0.0 artificial=0.0 cols=4901
[clean-BPC  3162.70s] node 158 cg=2 phase=phase2 obj=233.007621 artificial=0.0 cols=4901
[clean-BPC  3165.11s] node 158 cg=2 phase=phase2 kind=heuristic best_rc=0.072761 found=0 added=0 exhausted=False cert=False
[clean-BPC  3169.90s] node 158 cg=2 phase=phase2 kind=heuristic_boost best_rc=0.0 found=0 added=0 exhausted=True cert=True
[clean-BPC  3170.28s] cut_added family=schedule_nogood_core node=158 added=1 source_vehicle=1 route_count=4 signatures=[[6, 8, 14, 10], [5, 9, 19, 11], [2, 20, 15, 4], [1, 3, 7]]
[clean-BPC  3170.28s] node 158 d=12 lb=233.007621 open=83
[clean-BPC  3170.36s] node 158 cg=1 phase=phase1 obj=0.0 artificial=0.0 cols=4901
[clean-BPC  3170.42s] node 158 cg=2 phase=phase2 obj=233.007621 artificial=0.0 cols=4901
[clean-BPC  3172.85s] node 158 cg=2 phase=phase2 kind=heuristic best_rc=0.072761 found=0 added=0 exhausted=False cert=False
[clean-BPC  3177.64s] node 158 cg=2 phase=phase2 kind=heuristic_boost best_rc=-0.0 found=0 added=0 exhausted=True cert=True
[clean-BPC  3178.05s] cut_added family=schedule_nogood_core node=158 added=1 source_vehicle=1 route_count=4 signatures=[[6, 14, 10, 8], [5, 9, 19, 11], [2, 20, 15, 4], [1, 3, 7]]
[clean-BPC  3178.05s] node 158 d=12 lb=233.007621 open=83
[clean-BPC  3178.12s] node 158 cg=1 phase=phase1 obj=0.0 artificial=0.0 cols=4901
[clean-BPC  3178.19s] node 158 cg=2 phase=phase2 obj=233.007621 artificial=0.0 cols=4901
[clean-BPC  3180.64s] node 158 cg=2 phase=phase2 kind=heuristic best_rc=0.072761 found=0 added=0 exhausted=False cert=False
[clean-BPC  3185.44s] node 158 cg=2 phase=phase2 kind=heuristic_boost best_rc=0.0 found=0 added=0 exhausted=True cert=True
[clean-BPC  3185.82s] cut_added family=schedule_nogood_core node=158 added=1 source_vehicle=1 route_count=4 signatures=[[8, 14, 10, 6], [5, 9, 19, 11], [2, 20, 15, 4], [1, 3, 7]]
[clean-BPC  3185.82s] node 158 d=12 lb=233.007621 open=83
[clean-BPC  3185.89s] node 158 cg=1 phase=phase1 obj=0.0 artificial=0.0 cols=4901
[clean-BPC  3185.96s] node 158 cg=2 phase=phase2 obj=233.007621 artificial=0.0 cols=4901
[clean-BPC  3188.39s] node 158 cg=2 phase=phase2 kind=heuristic best_rc=0.072761 found=0 added=0 exhausted=False cert=False
[clean-BPC  3193.15s] node 158 cg=2 phase=phase2 kind=heuristic_boost best_rc=-0.0 found=0 added=0 exhausted=True cert=True
[clean-BPC  3193.53s] cut_added family=schedule_nogood_core node=158 added=1 source_vehicle=1 route_count=4 signatures=[[14, 10, 8, 6], [5, 9, 19, 11], [2, 20, 15, 4], [1, 3, 7]]
[clean-BPC  3193.53s] node 158 d=12 lb=233.007621 open=83
[clean-BPC  3193.62s] node 158 cg=1 phase=phase1 obj=0.0 artificial=0.0 cols=4901
[clean-BPC  3193.69s] node 158 cg=2 phase=phase2 obj=233.027458 artificial=0.0 cols=4901
[clean-BPC  3196.19s] node 158 cg=2 phase=phase2 kind=heuristic best_rc=0.072761 found=0 added=0 exhausted=False cert=False
[clean-BPC  3201.11s] node 158 cg=2 phase=phase2 kind=heuristic_boost best_rc=0.0 found=0 added=0 exhausted=True cert=True
[clean-BPC  3202.39s] branch node 158: left=RF(7,13)=separate right=RF(7,13)=same
[clean-BPC  3202.39s] node 144 d=12 lb=233.015608 open=84
[clean-BPC  3202.46s] node 144 cg=1 phase=phase1 obj=0.0 artificial=0.0 cols=4901
[clean-BPC  3202.52s] node 144 cg=2 phase=phase2 obj=233.007621 artificial=0.0 cols=4901
[clean-BPC  3204.91s] node 144 cg=2 phase=phase2 kind=heuristic best_rc=-0.101831 found=2 added=2 exhausted=False cert=False
[clean-BPC  3204.98s] node 144 cg=3 phase=phase2 obj=233.007621 artificial=0.0 cols=4903
[clean-BPC  3207.39s] node 144 cg=3 phase=phase2 kind=heuristic best_rc=0.072761 found=0 added=0 exhausted=False cert=False
[clean-BPC  3212.11s] node 144 cg=3 phase=phase2 kind=heuristic_boost best_rc=0.0 found=0 added=0 exhausted=True cert=True
[clean-BPC  3212.50s] cut_added family=schedule_nogood_core node=144 added=1 source_vehicle=1 route_count=4 signatures=[[6, 8, 10, 14], [5, 9, 19, 11], [2, 20, 15, 4], [7, 3, 1]]
[clean-BPC  3212.50s] node 144 d=12 lb=233.007621 open=84
[clean-BPC  3212.58s] node 144 cg=1 phase=phase1 obj=0.0 artificial=0.0 cols=4903
[clean-BPC  3212.65s] node 144 cg=2 phase=phase2 obj=233.007621 artificial=0.0 cols=4903
[clean-BPC  3212.65s] cut_purged node=144 removed=1 by_kind={'schedule_nogood_core': 1} remaining=74
[clean-BPC  3212.72s] node 144 cg=3 phase=phase2 obj=233.007621 artificial=0.0 cols=4903
[clean-BPC  3215.13s] node 144 cg=3 phase=phase2 kind=heuristic best_rc=0.072761 found=0 added=0 exhausted=False cert=False
[clean-BPC  3219.89s] node 144 cg=3 phase=phase2 kind=heuristic_boost best_rc=0.0 found=0 added=0 exhausted=True cert=True
[clean-BPC  3220.27s] cut_added family=schedule_nogood_core node=144 added=1 source_vehicle=1 route_count=4 signatures=[[6, 10, 14, 8], [5, 9, 19, 11], [2, 20, 15, 4], [7, 3, 1]]
[clean-BPC  3220.27s] node 144 d=12 lb=233.007621 open=84
[clean-BPC  3220.34s] node 144 cg=1 phase=phase1 obj=0.0 artificial=0.0 cols=4903
[clean-BPC  3220.41s] node 144 cg=2 phase=phase2 obj=233.007621 artificial=0.0 cols=4903
[clean-BPC  3222.84s] node 144 cg=2 phase=phase2 kind=heuristic best_rc=0.072761 found=0 added=0 exhausted=False cert=False
[clean-BPC  3227.58s] node 144 cg=2 phase=phase2 kind=heuristic_boost best_rc=0.0 found=0 added=0 exhausted=True cert=True
[clean-BPC  3227.87s] cut_added family=schedule_nogood_core node=144 added=1 source_vehicle=1 route_count=3 signatures=[[11, 19, 9, 5], [2, 20, 15, 4], [7, 3, 1]]
[clean-BPC  3227.87s] node 144 d=12 lb=233.007621 open=84
[clean-BPC  3227.94s] node 144 cg=1 phase=phase1 obj=0.0 artificial=0.0 cols=4903
[clean-BPC  3228.01s] node 144 cg=2 phase=phase2 obj=233.007621 artificial=0.0 cols=4903
[clean-BPC  3230.40s] node 144 cg=2 phase=phase2 kind=heuristic best_rc=0.072761 found=0 added=0 exhausted=False cert=False
[clean-BPC  3235.19s] node 144 cg=2 phase=phase2 kind=heuristic_boost best_rc=0.0 found=0 added=0 exhausted=True cert=True
[clean-BPC  3235.57s] cut_added family=schedule_nogood_core node=144 added=1 source_vehicle=1 route_count=4 signatures=[[8, 10, 14, 6], [5, 9, 19, 11], [2, 20, 15, 4], [7, 3, 1]]
[clean-BPC  3235.57s] node 144 d=12 lb=233.007621 open=84
[clean-BPC  3235.65s] node 144 cg=1 phase=phase1 obj=0.0 artificial=0.0 cols=4903
[clean-BPC  3235.72s] node 144 cg=2 phase=phase2 obj=233.007621 artificial=0.0 cols=4903
[clean-BPC  3238.15s] node 144 cg=2 phase=phase2 kind=heuristic best_rc=0.072761 found=0 added=0 exhausted=False cert=False
[clean-BPC  3242.89s] node 144 cg=2 phase=phase2 kind=heuristic_boost best_rc=0.0 found=0 added=0 exhausted=True cert=True
[clean-BPC  3243.31s] cut_added family=schedule_nogood_core node=144 added=1 source_vehicle=1 route_count=4 signatures=[[10, 14, 8, 6], [5, 9, 19, 11], [2, 20, 15, 4], [7, 3, 1]]
[clean-BPC  3243.31s] node 144 d=12 lb=233.007621 open=84
[clean-BPC  3243.38s] node 144 cg=1 phase=phase1 obj=0.0 artificial=0.0 cols=4903
[clean-BPC  3243.45s] node 144 cg=2 phase=phase2 obj=233.027458 artificial=0.0 cols=4903
[clean-BPC  3243.45s] cut_purged node=144 removed=4 by_kind={'schedule_nogood_core': 4} remaining=74
[clean-BPC  3243.51s] node 144 cg=3 phase=phase2 obj=233.027458 artificial=0.0 cols=4903
[clean-BPC  3245.96s] node 144 cg=3 phase=phase2 kind=heuristic best_rc=-0.149009636 found=1 added=1 exhausted=False cert=False
[clean-BPC  3246.02s] node 144 cg=4 phase=phase2 obj=233.027458 artificial=0.0 cols=4904
[clean-BPC  3246.02s] cut_purged node=144 removed=1 by_kind={'schedule_nogood_core': 1} remaining=73
[clean-BPC  3246.11s] node 144 cg=5 phase=phase2 obj=233.027458 artificial=0.0 cols=4904
[clean-BPC  3248.59s] node 144 cg=5 phase=phase2 kind=heuristic best_rc=0.072761 found=0 added=0 exhausted=False cert=False
[clean-BPC  3253.41s] node 144 cg=5 phase=phase2 kind=heuristic_boost best_rc=0.0 found=0 added=0 exhausted=True cert=True
[clean-BPC  3254.62s] branch node 144: left=RF(5,19)=separate right=RF(5,19)=same
[clean-BPC  3254.62s] node 143 d=12 lb=233.015608 open=85
[clean-BPC  3254.75s] node 143 cg=1 phase=phase1 obj=0.0 artificial=0.0 cols=4904
[clean-BPC  3254.86s] node 143 cg=2 phase=phase2 obj=233.079507 artificial=0.0 cols=4904
[clean-BPC  3254.87s] cut_purged node=143 removed=1 by_kind={'schedule_nogood_core': 1} remaining=72
[clean-BPC  3255.00s] node 143 cg=3 phase=phase2 obj=233.079507 artificial=0.0 cols=4904
[clean-BPC  3255.00s] cut_purged node=143 removed=1 by_kind={'schedule_nogood_core': 1} remaining=71
[clean-BPC  3255.12s] node 143 cg=4 phase=phase2 obj=233.079507 artificial=0.0 cols=4904
[clean-BPC  3255.12s] cut_purged node=143 removed=1 by_kind={'schedule_nogood_core': 1} remaining=70
[clean-BPC  3255.23s] node 143 cg=5 phase=phase2 obj=233.079507 artificial=0.0 cols=4904
[clean-BPC  3255.23s] cut_purged node=143 removed=1 by_kind={'schedule_nogood_core': 1} remaining=69
[clean-BPC  3255.37s] node 143 cg=6 phase=phase2 obj=233.079507 artificial=0.0 cols=4904
[clean-BPC  3257.98s] node 143 cg=6 phase=phase2 kind=heuristic best_rc=0.282736 found=0 added=0 exhausted=False cert=False
[clean-BPC  3263.60s] node 143 cg=6 phase=phase2 kind=heuristic_boost best_rc=0.0 found=0 added=0 exhausted=True cert=True
[clean-BPC  3263.97s] cut_added family=schedule_nogood_core node=143 added=2 source_vehicle=1 route_count=4 signatures=[[8, 10, 14], [5, 9, 19, 11], [2, 20, 15, 4], [6, 7, 3, 1]]
[clean-BPC  3263.97s] node 139 d=11 lb=233.01623 open=85
[clean-BPC  3264.08s] node 139 cg=1 phase=phase1 obj=0.0 artificial=0.0 cols=4904
[clean-BPC  3264.21s] node 139 cg=2 phase=phase2 obj=233.007621 artificial=0.0 cols=4904
[clean-BPC  3266.85s] node 139 cg=2 phase=phase2 kind=heuristic best_rc=0.1923418 found=0 added=0 exhausted=False cert=False
[clean-BPC  3272.47s] node 139 cg=2 phase=phase2 kind=heuristic_boost best_rc=0.0 found=0 added=0 exhausted=True cert=True
[clean-BPC  3272.86s] cut_added family=schedule_nogood_core node=139 added=1 source_vehicle=1 route_count=4 signatures=[[6, 8, 10, 14], [5, 9, 19, 11], [4, 15, 20, 2], [7, 3, 1]]
[clean-BPC  3272.86s] node 139 d=11 lb=233.007621 open=85
[clean-BPC  3272.97s] node 139 cg=1 phase=phase1 obj=0.0 artificial=0.0 cols=4904
[clean-BPC  3273.11s] node 139 cg=2 phase=phase2 obj=233.007621 artificial=0.0 cols=4904
[clean-BPC  3275.77s] node 139 cg=2 phase=phase2 kind=heuristic best_rc=0.143691 found=0 added=0 exhausted=False cert=False
[clean-BPC  3281.44s] node 139 cg=2 phase=phase2 kind=heuristic_boost best_rc=-0.0 found=0 added=0 exhausted=True cert=True
[clean-BPC  3281.82s] cut_added family=schedule_nogood_core node=139 added=1 source_vehicle=1 route_count=4 signatures=[[6, 8, 14, 10], [5, 9, 19, 11], [4, 15, 20, 2], [7, 3, 1]]
[clean-BPC  3281.82s] node 139 d=11 lb=233.007621 open=85
[clean-BPC  3281.93s] node 139 cg=1 phase=phase1 obj=0.0 artificial=0.0 cols=4904
[clean-BPC  3282.04s] node 139 cg=2 phase=phase2 obj=233.007621 artificial=0.0 cols=4904
[clean-BPC  3282.04s] cut_purged node=139 removed=3 by_kind={'schedule_nogood_core': 3} remaining=70
[clean-BPC  3282.19s] node 139 cg=3 phase=phase2 obj=233.007621 artificial=0.0 cols=4904
[clean-BPC  3284.84s] node 139 cg=3 phase=phase2 kind=heuristic best_rc=0.143691 found=0 added=0 exhausted=False cert=False
[clean-BPC  3290.53s] node 139 cg=3 phase=phase2 kind=heuristic_boost best_rc=0.0 found=0 added=0 exhausted=True cert=True
[clean-BPC  3290.91s] cut_added family=schedule_nogood_core node=139 added=1 source_vehicle=1 route_count=4 signatures=[[6, 10, 14, 8], [5, 9, 19, 11], [4, 15, 20, 2], [7, 3, 1]]
[clean-BPC  3290.91s] node 139 d=11 lb=233.007621 open=85
[clean-BPC  3291.02s] node 139 cg=1 phase=phase1 obj=0.0 artificial=0.0 cols=4904
[clean-BPC  3291.16s] node 139 cg=2 phase=phase2 obj=233.007621 artificial=0.0 cols=4904
[clean-BPC  3293.80s] node 139 cg=2 phase=phase2 kind=heuristic best_rc=0.143691 found=0 added=0 exhausted=False cert=False
[clean-BPC  3299.25s] node 139 cg=2 phase=phase2 kind=heuristic_boost best_rc=0.0 found=0 added=0 exhausted=True cert=True
[clean-BPC  3299.63s] cut_added family=schedule_nogood_core node=139 added=1 source_vehicle=1 route_count=4 signatures=[[6, 14, 10, 8], [5, 9, 19, 11], [4, 15, 20, 2], [7, 3, 1]]
[clean-BPC  3299.63s] node 139 d=11 lb=233.007621 open=85
[clean-BPC  3299.76s] node 139 cg=1 phase=phase1 obj=0.0 artificial=0.0 cols=4904
[clean-BPC  3299.87s] node 139 cg=2 phase=phase2 obj=233.007621 artificial=0.0 cols=4904
[clean-BPC  3302.57s] node 139 cg=2 phase=phase2 kind=heuristic best_rc=0.143691 found=0 added=0 exhausted=False cert=False
[clean-BPC  3308.29s] node 139 cg=2 phase=phase2 kind=heuristic_boost best_rc=-0.0 found=0 added=0 exhausted=True cert=True
[clean-BPC  3308.68s] cut_added family=schedule_nogood_core node=139 added=1 source_vehicle=1 route_count=4 signatures=[[8, 10, 14, 6], [5, 9, 19, 11], [4, 15, 20, 2], [7, 3, 1]]
[clean-BPC  3308.68s] node 139 d=11 lb=233.007621 open=85
[clean-BPC  3308.81s] node 139 cg=1 phase=phase1 obj=0.0 artificial=0.0 cols=4904
[clean-BPC  3308.93s] node 139 cg=2 phase=phase2 obj=233.007621 artificial=0.0 cols=4904
[clean-BPC  3311.57s] node 139 cg=2 phase=phase2 kind=heuristic best_rc=0.143691 found=0 added=0 exhausted=False cert=False
[clean-BPC  3317.24s] node 139 cg=2 phase=phase2 kind=heuristic_boost best_rc=-0.0 found=0 added=0 exhausted=True cert=True
[clean-BPC  3317.62s] cut_added family=schedule_nogood_core node=139 added=1 source_vehicle=1 route_count=4 signatures=[[8, 14, 10, 6], [5, 9, 19, 11], [4, 15, 20, 2], [7, 3, 1]]
[clean-BPC  3317.62s] node 139 d=11 lb=233.007621 open=85
[clean-BPC  3317.75s] node 139 cg=1 phase=phase1 obj=0.0 artificial=0.0 cols=4904
[clean-BPC  3317.87s] node 139 cg=2 phase=phase2 obj=233.007621 artificial=0.0 cols=4904
[clean-BPC  3317.87s] cut_purged node=139 removed=1 by_kind={'schedule_nogood_core': 1} remaining=73
[clean-BPC  3317.99s] node 139 cg=3 phase=phase2 obj=233.007621 artificial=0.0 cols=4904
[clean-BPC  3317.99s] cut_purged node=139 removed=1 by_kind={'schedule_nogood_core': 1} remaining=72
[clean-BPC  3318.10s] node 139 cg=4 phase=phase2 obj=233.007621 artificial=0.0 cols=4904
[clean-BPC  3320.82s] node 139 cg=4 phase=phase2 kind=heuristic best_rc=0.143691 found=0 added=0 exhausted=False cert=False
[clean-BPC  3326.49s] node 139 cg=4 phase=phase2 kind=heuristic_boost best_rc=-0.0 found=0 added=0 exhausted=True cert=True
[clean-BPC  3326.89s] cut_added family=schedule_nogood_core node=139 added=1 source_vehicle=1 route_count=4 signatures=[[10, 14, 8, 6], [5, 9, 19, 11], [4, 15, 20, 2], [7, 3, 1]]
[clean-BPC  3326.89s] node 139 d=11 lb=233.007621 open=85
[clean-BPC  3327.00s] node 139 cg=1 phase=phase1 obj=0.0 artificial=0.0 cols=4904
[clean-BPC  3327.12s] node 139 cg=2 phase=phase2 obj=233.007621 artificial=0.0 cols=4904
[clean-BPC  3329.80s] node 139 cg=2 phase=phase2 kind=heuristic best_rc=0.143691 found=0 added=0 exhausted=False cert=False
[clean-BPC  3335.47s] node 139 cg=2 phase=phase2 kind=heuristic_boost best_rc=-0.0 found=0 added=0 exhausted=True cert=True
[clean-BPC  3335.87s] cut_added family=schedule_nogood_core node=139 added=1 source_vehicle=1 route_count=4 signatures=[[14, 10, 8, 6], [5, 9, 19, 11], [4, 15, 20, 2], [7, 3, 1]]
[clean-BPC  3335.87s] node 139 d=11 lb=233.007621 open=85
[clean-BPC  3335.98s] node 139 cg=1 phase=phase1 obj=0.0 artificial=0.0 cols=4904
[clean-BPC  3336.10s] node 139 cg=2 phase=phase2 obj=233.027385 artificial=0.0 cols=4904
[clean-BPC  3336.10s] cut_purged node=139 removed=1 by_kind={'schedule_nogood_core': 1} remaining=73
[clean-BPC  3336.24s] node 139 cg=3 phase=phase2 obj=233.027385 artificial=0.0 cols=4904
[clean-BPC  3339.04s] node 139 cg=3 phase=phase2 kind=heuristic best_rc=0.116641 found=0 added=0 exhausted=False cert=False
[clean-BPC  3345.00s] node 139 cg=3 phase=phase2 kind=heuristic_boost best_rc=0.0 found=0 added=0 exhausted=True cert=True
[clean-BPC  3347.00s] branch node 139: left=RF(7,16)=separate right=RF(7,16)=same
[clean-BPC  3347.00s] node 140 d=11 lb=233.01623 open=86
[clean-BPC  3347.15s] node 140 cg=1 phase=phase1 obj=0.0 artificial=0.0 cols=4904
[clean-BPC  3347.29s] node 140 cg=2 phase=phase2 obj=237.795086 artificial=0.0 cols=4904
[clean-BPC  3349.97s] node 140 cg=2 phase=phase2 kind=heuristic best_rc=-0.840754 found=2 added=2 exhausted=False cert=False
[clean-BPC  3350.11s] node 140 cg=3 phase=phase2 obj=237.748531 artificial=0.0 cols=4906
[clean-BPC  3352.79s] node 140 cg=3 phase=phase2 kind=heuristic best_rc=-0.005493444 found=1 added=1 exhausted=False cert=False
[clean-BPC  3352.93s] node 140 cg=4 phase=phase2 obj=237.747746 artificial=0.0 cols=4907
[clean-BPC  3355.60s] node 140 cg=4 phase=phase2 kind=heuristic best_rc=-0.0 found=0 added=0 exhausted=False cert=False
[clean-BPC  3361.23s] node 140 cg=4 phase=phase2 kind=heuristic_boost best_rc=-0.0 found=0 added=0 exhausted=True cert=True
[clean-BPC  3363.97s] branch node 140: left=arc(13,3)=off right=arc(13,3)=on
[clean-BPC  3363.97s] node 155 d=13 lb=233.021998 open=87
[clean-BPC  3364.07s] node 155 cg=1 phase=phase1 obj=0.0 artificial=0.0 cols=4907
[clean-BPC  3364.18s] node 155 cg=2 phase=phase2 obj=233.007621 artificial=0.0 cols=4907
[clean-BPC  3366.60s] node 155 cg=2 phase=phase2 kind=heuristic best_rc=-0.21111 found=5 added=5 exhausted=False cert=False
[clean-BPC  3366.70s] node 155 cg=3 phase=phase2 obj=233.007621 artificial=0.0 cols=4912
[clean-BPC  3369.18s] node 155 cg=3 phase=phase2 kind=heuristic best_rc=0.0 found=0 added=0 exhausted=False cert=False
[clean-BPC  3373.67s] node 155 cg=3 phase=phase2 kind=heuristic_boost best_rc=-0.0 found=0 added=0 exhausted=True cert=True
[clean-BPC  3374.05s] cut_added family=schedule_nogood_core node=155 added=1 source_vehicle=1 route_count=4 signatures=[[6, 8, 14, 10], [5, 9, 19, 11], [2, 20, 15, 4], [7, 3, 1]]
[clean-BPC  3374.05s] node 155 d=13 lb=233.007621 open=87
[clean-BPC  3374.15s] node 155 cg=1 phase=phase1 obj=0.0 artificial=0.0 cols=4912
[clean-BPC  3374.28s] node 155 cg=2 phase=phase2 obj=233.007621 artificial=0.0 cols=4912
[clean-BPC  3376.75s] node 155 cg=2 phase=phase2 kind=heuristic best_rc=0.0 found=0 added=0 exhausted=False cert=False
[clean-BPC  3381.24s] node 155 cg=2 phase=phase2 kind=heuristic_boost best_rc=-0.0 found=0 added=0 exhausted=True cert=True
[clean-BPC  3381.62s] cut_added family=schedule_nogood_core node=155 added=1 source_vehicle=1 route_count=4 signatures=[[6, 14, 10, 8], [5, 9, 19, 11], [2, 20, 15, 4], [7, 3, 1]]
[clean-BPC  3381.62s] node 155 d=13 lb=233.007621 open=87
[clean-BPC  3381.74s] node 155 cg=1 phase=phase1 obj=0.0 artificial=0.0 cols=4912
[clean-BPC  3381.84s] node 155 cg=2 phase=phase2 obj=233.007621 artificial=0.0 cols=4912
[clean-BPC  3384.30s] node 155 cg=2 phase=phase2 kind=heuristic best_rc=0.0 found=0 added=0 exhausted=False cert=False
[clean-BPC  3388.74s] node 155 cg=2 phase=phase2 kind=heuristic_boost best_rc=0.0 found=0 added=0 exhausted=True cert=True
[clean-BPC  3389.12s] cut_added family=schedule_nogood_core node=155 added=1 source_vehicle=1 route_count=4 signatures=[[8, 14, 10, 6], [5, 9, 19, 11], [2, 20, 15, 4], [7, 3, 1]]
[clean-BPC  3389.12s] node 155 d=13 lb=233.007621 open=87
[clean-BPC  3389.23s] node 155 cg=1 phase=phase1 obj=0.0 artificial=0.0 cols=4912
[clean-BPC  3389.34s] node 155 cg=2 phase=phase2 obj=233.007621 artificial=0.0 cols=4912
[clean-BPC  3389.34s] cut_purged node=155 removed=4 by_kind={'schedule_nogood_core': 4} remaining=72
[clean-BPC  3389.45s] node 155 cg=3 phase=phase2 obj=233.007621 artificial=0.0 cols=4912
[clean-BPC  3391.96s] node 155 cg=3 phase=phase2 kind=heuristic best_rc=0.0 found=0 added=0 exhausted=False cert=False
[clean-BPC  3396.47s] node 155 cg=3 phase=phase2 kind=heuristic_boost best_rc=0.0 found=0 added=0 exhausted=True cert=True
[clean-BPC  3396.85s] cut_added family=schedule_nogood_core node=155 added=1 source_vehicle=1 route_count=4 signatures=[[14, 10, 8, 6], [5, 9, 19, 11], [2, 20, 15, 4], [7, 3, 1]]
[clean-BPC  3396.85s] node 155 d=13 lb=233.007621 open=87
[clean-BPC  3396.96s] node 155 cg=1 phase=phase1 obj=0.0 artificial=0.0 cols=4912
[clean-BPC  3397.08s] node 155 cg=2 phase=phase2 obj=233.041934 artificial=0.0 cols=4912
[clean-BPC  3399.50s] node 155 cg=2 phase=phase2 kind=heuristic best_rc=0.0 found=0 added=0 exhausted=False cert=False
[clean-BPC  3402.50s] node 155 cg=2 phase=phase2 kind=heuristic_boost best_rc=0.0 found=0 added=0 exhausted=True cert=True
[clean-BPC  3404.38s] branch node 155: left=arc(11,20)=off right=arc(11,20)=on
[clean-BPC  3404.38s] node 156 d=13 lb=233.021998 open=88
[clean-BPC  3404.46s] node 156 cg=1 phase=phase1 obj=0.0 artificial=0.0 cols=4912
[clean-BPC  3404.53s] node 156 cg=2 phase=phase2 obj=233.079507 artificial=0.0 cols=4912
[clean-BPC  3407.01s] node 156 cg=2 phase=phase2 kind=heuristic best_rc=0.165837 found=0 added=0 exhausted=False cert=False
[clean-BPC  3411.65s] node 156 cg=2 phase=phase2 kind=heuristic_boost best_rc=-0.0 found=0 added=0 exhausted=True cert=True
[clean-BPC  3412.01s] cut_added family=schedule_nogood_core node=156 added=2 source_vehicle=1 route_count=4 signatures=[[8, 14, 10], [5, 9, 19, 11], [2, 20, 15, 4], [6, 7, 3, 1]]
[clean-BPC  3412.01s] node 137 d=11 lb=233.025402 open=88
[clean-BPC  3412.16s] node 137 cg=1 phase=phase1 obj=0.0 artificial=0.0 cols=4912
[clean-BPC  3412.30s] node 137 cg=2 phase=phase2 obj=234.152816 artificial=0.0 cols=4912
[clean-BPC  3414.69s] node 137 cg=2 phase=phase2 kind=heuristic best_rc=0.0 found=0 added=0 exhausted=False cert=False
[clean-BPC  3418.54s] node 137 cg=2 phase=phase2 kind=heuristic_boost best_rc=0.0 found=0 added=0 exhausted=True cert=True
[clean-BPC  3420.98s] branch node 137: left=RF(2,5)=separate right=RF(2,5)=same
[clean-BPC  3420.98s] node 138 d=11 lb=233.025402 open=89
[clean-BPC  3421.09s] node 138 cg=1 phase=phase1 obj=0.0 artificial=0.0 cols=4912
[clean-BPC  3421.23s] node 138 cg=2 phase=phase2 obj=233.007621 artificial=0.0 cols=4912
[clean-BPC  3421.23s] cut_purged node=138 removed=1 by_kind={'schedule_nogood_core': 1} remaining=74
[clean-BPC  3421.35s] node 138 cg=3 phase=phase2 obj=233.007621 artificial=0.0 cols=4912
[clean-BPC  3421.35s] cut_purged node=138 removed=1 by_kind={'schedule_nogood_core': 1} remaining=73
[clean-BPC  3421.47s] node 138 cg=4 phase=phase2 obj=233.007621 artificial=0.0 cols=4912
[clean-BPC  3421.47s] cut_purged node=138 removed=1 by_kind={'schedule_nogood_core': 1} remaining=72
[clean-BPC  3421.61s] node 138 cg=5 phase=phase2 obj=233.007621 artificial=0.0 cols=4912
[clean-BPC  3424.21s] node 138 cg=5 phase=phase2 kind=heuristic best_rc=0.002468 found=0 added=0 exhausted=False cert=False
[clean-BPC  3429.21s] node 138 cg=5 phase=phase2 kind=heuristic_boost best_rc=0.002468 found=0 added=0 exhausted=True cert=True
[clean-BPC  3429.50s] cut_added family=schedule_nogood_core node=138 added=1 source_vehicle=1 route_count=3 signatures=[[11, 19, 9, 5], [4, 15, 20, 2], [7, 3, 1]]
[clean-BPC  3429.50s] node 138 d=11 lb=233.007621 open=89
[clean-BPC  3429.62s] node 138 cg=1 phase=phase1 obj=0.0 artificial=0.0 cols=4912
[clean-BPC  3429.75s] node 138 cg=2 phase=phase2 obj=233.08018 artificial=0.0 cols=4912
[clean-BPC  3429.75s] cut_purged node=138 removed=1 by_kind={'schedule_nogood_core': 1} remaining=72
[clean-BPC  3429.87s] node 138 cg=3 phase=phase2 obj=233.08018 artificial=0.0 cols=4912
[clean-BPC  3429.87s] cut_purged node=138 removed=4 by_kind={'schedule_nogood_core': 4} remaining=68
[clean-BPC  3429.98s] node 138 cg=4 phase=phase2 obj=233.08018 artificial=0.0 cols=4912
[clean-BPC  3429.98s] cut_purged node=138 removed=1 by_kind={'schedule_nogood_core': 1} remaining=67
[clean-BPC  3430.13s] node 138 cg=5 phase=phase2 obj=233.08018 artificial=0.0 cols=4912
[clean-BPC  3432.79s] node 138 cg=5 phase=phase2 kind=heuristic best_rc=0.072558857 found=0 added=0 exhausted=False cert=False
[clean-BPC  3438.03s] node 138 cg=5 phase=phase2 kind=heuristic_boost best_rc=0.0 found=0 added=0 exhausted=True cert=True
[clean-BPC  3440.09s] branch node 138: left=RF(7,19)=separate right=RF(7,19)=same
[clean-BPC  3440.09s] node 173 d=12 lb=233.027385 open=90
[clean-BPC  3440.20s] node 173 cg=1 phase=phase1 obj=0.0 artificial=0.0 cols=4912
[clean-BPC  3440.31s] node 173 cg=2 phase=phase2 obj=233.007621 artificial=0.0 cols=4912
[clean-BPC  3443.04s] node 173 cg=2 phase=phase2 kind=heuristic best_rc=0.180131727 found=0 added=0 exhausted=False cert=False
[clean-BPC  3448.48s] node 173 cg=2 phase=phase2 kind=heuristic_boost best_rc=0.0 found=0 added=0 exhausted=True cert=True
[clean-BPC  3448.86s] cut_added family=schedule_nogood_core node=173 added=1 source_vehicle=1 route_count=4 signatures=[[6, 8, 10, 14], [5, 9, 19, 11], [4, 15, 20, 2], [7, 3, 1]]
[clean-BPC  3448.86s] node 173 d=12 lb=233.007621 open=90
[clean-BPC  3448.98s] node 173 cg=1 phase=phase1 obj=0.0 artificial=0.0 cols=4912
[clean-BPC  3449.09s] node 173 cg=2 phase=phase2 obj=233.007621 artificial=0.0 cols=4912
[clean-BPC  3451.83s] node 173 cg=2 phase=phase2 kind=heuristic best_rc=0.180131727 found=0 added=0 exhausted=False cert=False
[clean-BPC  3457.29s] node 173 cg=2 phase=phase2 kind=heuristic_boost best_rc=0.0 found=0 added=0 exhausted=True cert=True
[clean-BPC  3457.68s] cut_added family=schedule_nogood_core node=173 added=1 source_vehicle=1 route_count=4 signatures=[[6, 8, 14, 10], [5, 9, 19, 11], [4, 15, 20, 2], [7, 3, 1]]
[clean-BPC  3457.68s] node 173 d=12 lb=233.007621 open=90
[clean-BPC  3457.80s] node 173 cg=1 phase=phase1 obj=0.0 artificial=0.0 cols=4912
[clean-BPC  3457.93s] node 173 cg=2 phase=phase2 obj=233.007621 artificial=0.0 cols=4912
[clean-BPC  3460.62s] node 173 cg=2 phase=phase2 kind=heuristic best_rc=0.180131727 found=0 added=0 exhausted=False cert=False
[clean-BPC  3465.96s] node 173 cg=2 phase=phase2 kind=heuristic_boost best_rc=-0.0 found=0 added=0 exhausted=True cert=True
[clean-BPC  3466.35s] cut_added family=schedule_nogood_core node=173 added=1 source_vehicle=1 route_count=4 signatures=[[6, 10, 14, 8], [5, 9, 19, 11], [4, 15, 20, 2], [7, 3, 1]]
[clean-BPC  3466.35s] node 173 d=12 lb=233.007621 open=90
[clean-BPC  3466.48s] node 173 cg=1 phase=phase1 obj=0.0 artificial=0.0 cols=4912
[clean-BPC  3466.59s] node 173 cg=2 phase=phase2 obj=233.007621 artificial=0.0 cols=4912
[clean-BPC  3469.30s] node 173 cg=2 phase=phase2 kind=heuristic best_rc=0.180131727 found=0 added=0 exhausted=False cert=False
[clean-BPC  3474.98s] node 173 cg=2 phase=phase2 kind=heuristic_boost best_rc=0.0 found=0 added=0 exhausted=True cert=True
[clean-BPC  3475.36s] cut_added family=schedule_nogood_core node=173 added=1 source_vehicle=1 route_count=4 signatures=[[6, 14, 10, 8], [5, 9, 19, 11], [4, 15, 20, 2], [7, 3, 1]]
[clean-BPC  3475.36s] node 173 d=12 lb=233.007621 open=90
[clean-BPC  3475.47s] node 173 cg=1 phase=phase1 obj=0.0 artificial=0.0 cols=4912
[clean-BPC  3475.59s] node 173 cg=2 phase=phase2 obj=233.007621 artificial=0.0 cols=4912
[clean-BPC  3478.37s] node 173 cg=2 phase=phase2 kind=heuristic best_rc=0.180131727 found=0 added=0 exhausted=False cert=False
[clean-BPC  3484.11s] node 173 cg=2 phase=phase2 kind=heuristic_boost best_rc=0.0 found=0 added=0 exhausted=True cert=True
[clean-BPC  3484.51s] cut_added family=schedule_nogood_core node=173 added=1 source_vehicle=1 route_count=4 signatures=[[8, 10, 14, 6], [5, 9, 19, 11], [4, 15, 20, 2], [7, 3, 1]]
[clean-BPC  3484.51s] node 173 d=12 lb=233.007621 open=90
[clean-BPC  3484.62s] node 173 cg=1 phase=phase1 obj=0.0 artificial=0.0 cols=4912
[clean-BPC  3484.74s] node 173 cg=2 phase=phase2 obj=233.007621 artificial=0.0 cols=4912
[clean-BPC  3487.52s] node 173 cg=2 phase=phase2 kind=heuristic best_rc=0.180131727 found=0 added=0 exhausted=False cert=False
[clean-BPC  3493.25s] node 173 cg=2 phase=phase2 kind=heuristic_boost best_rc=-0.0 found=0 added=0 exhausted=True cert=True
[clean-BPC  3493.63s] cut_added family=schedule_nogood_core node=173 added=1 source_vehicle=1 route_count=4 signatures=[[8, 14, 10, 6], [5, 9, 19, 11], [4, 15, 20, 2], [7, 3, 1]]
[clean-BPC  3493.63s] node 173 d=12 lb=233.007621 open=90
[clean-BPC  3493.74s] node 173 cg=1 phase=phase1 obj=0.0 artificial=0.0 cols=4912
[clean-BPC  3493.88s] node 173 cg=2 phase=phase2 obj=233.007621 artificial=0.0 cols=4912
[clean-BPC  3496.63s] node 173 cg=2 phase=phase2 kind=heuristic best_rc=0.180131727 found=0 added=0 exhausted=False cert=False
[clean-BPC  3502.46s] node 173 cg=2 phase=phase2 kind=heuristic_boost best_rc=-0.0 found=0 added=0 exhausted=True cert=True
[clean-BPC  3502.84s] cut_added family=schedule_nogood_core node=173 added=1 source_vehicle=1 route_count=4 signatures=[[10, 14, 8, 6], [5, 9, 19, 11], [4, 15, 20, 2], [7, 3, 1]]
[clean-BPC  3502.84s] node 173 d=12 lb=233.007621 open=90
[clean-BPC  3502.95s] node 173 cg=1 phase=phase1 obj=0.0 artificial=0.0 cols=4912
[clean-BPC  3503.07s] node 173 cg=2 phase=phase2 obj=233.007621 artificial=0.0 cols=4912
[clean-BPC  3505.87s] node 173 cg=2 phase=phase2 kind=heuristic best_rc=0.180131727 found=0 added=0 exhausted=False cert=False
[clean-BPC  3511.63s] node 173 cg=2 phase=phase2 kind=heuristic_boost best_rc=-0.0 found=0 added=0 exhausted=True cert=True
[clean-BPC  3512.04s] cut_added family=schedule_nogood_core node=173 added=1 source_vehicle=1 route_count=4 signatures=[[14, 10, 8, 6], [5, 9, 19, 11], [4, 15, 20, 2], [7, 3, 1]]
[clean-BPC  3512.04s] node 173 d=12 lb=233.007621 open=90
[clean-BPC  3512.15s] node 173 cg=1 phase=phase1 obj=0.0 artificial=0.0 cols=4912
[clean-BPC  3512.27s] node 173 cg=2 phase=phase2 obj=233.0359 artificial=0.0 cols=4912
[clean-BPC  3515.16s] node 173 cg=2 phase=phase2 kind=heuristic best_rc=0.214660932 found=0 added=0 exhausted=False cert=False
[clean-BPC  3521.08s] node 173 cg=2 phase=phase2 kind=heuristic_boost best_rc=0.050295416 found=0 added=0 exhausted=True cert=True
[clean-BPC  3523.17s] branch node 173: left=arc(16,19)=off right=arc(16,19)=on
[clean-BPC  3523.17s] node 174 d=12 lb=233.027385 open=91
[clean-BPC  3523.24s] node 174 cg=1 phase=phase1 obj=0.0 artificial=0.0 cols=4912
[clean-BPC  3523.32s] node 174 cg=2 phase=phase2 obj=235.978138 artificial=0.0 cols=4912
[clean-BPC  3525.86s] node 174 cg=2 phase=phase2 kind=heuristic best_rc=0.046744111 found=0 added=0 exhausted=False cert=False
[clean-BPC  3531.16s] node 174 cg=2 phase=phase2 kind=heuristic_boost best_rc=0.0 found=0 added=0 exhausted=True cert=True
[clean-BPC  3533.21s] branch node 174: left=RF(3,12)=separate right=RF(3,12)=same
[clean-BPC  3533.21s] node 165 d=13 lb=233.027385 open=92
[clean-BPC  3533.33s] node 165 cg=1 phase=phase1 obj=0.0 artificial=0.0 cols=4912
[clean-BPC  3533.47s] node 165 cg=2 phase=phase2 obj=233.007621 artificial=0.0 cols=4912
[clean-BPC  3536.06s] node 165 cg=2 phase=phase2 kind=heuristic best_rc=0.048261 found=0 added=0 exhausted=False cert=False
[clean-BPC  3540.73s] node 165 cg=2 phase=phase2 kind=heuristic_boost best_rc=0.048261 found=0 added=0 exhausted=True cert=True
[clean-BPC  3541.11s] cut_added family=schedule_nogood_core node=165 added=1 source_vehicle=1 route_count=4 signatures=[[6, 8, 10, 14], [5, 9, 19, 11], [4, 15, 20, 2], [1, 3, 7]]
[clean-BPC  3541.11s] node 165 d=13 lb=233.007621 open=92
[clean-BPC  3541.25s] node 165 cg=1 phase=phase1 obj=0.0 artificial=0.0 cols=4912
[clean-BPC  3541.37s] node 165 cg=2 phase=phase2 obj=233.007621 artificial=0.0 cols=4912
[clean-BPC  3544.03s] node 165 cg=2 phase=phase2 kind=heuristic best_rc=0.048261 found=0 added=0 exhausted=False cert=False
[clean-BPC  3548.80s] node 165 cg=2 phase=phase2 kind=heuristic_boost best_rc=0.048261 found=0 added=0 exhausted=True cert=True
[clean-BPC  3549.19s] cut_added family=schedule_nogood_core node=165 added=1 source_vehicle=1 route_count=4 signatures=[[6, 8, 14, 10], [5, 9, 19, 11], [4, 15, 20, 2], [1, 3, 7]]
[clean-BPC  3549.19s] node 165 d=13 lb=233.007621 open=92
[clean-BPC  3549.30s] node 165 cg=1 phase=phase1 obj=0.0 artificial=0.0 cols=4912
[clean-BPC  3549.44s] node 165 cg=2 phase=phase2 obj=233.007621 artificial=0.0 cols=4912
[clean-BPC  3552.07s] node 165 cg=2 phase=phase2 kind=heuristic best_rc=0.048261 found=0 added=0 exhausted=False cert=False
[clean-BPC  3556.78s] node 165 cg=2 phase=phase2 kind=heuristic_boost best_rc=0.048261 found=0 added=0 exhausted=True cert=True
[clean-BPC  3557.18s] cut_added family=schedule_nogood_core node=165 added=1 source_vehicle=1 route_count=4 signatures=[[6, 10, 14, 8], [5, 9, 19, 11], [4, 15, 20, 2], [1, 3, 7]]
[clean-BPC  3557.18s] node 165 d=13 lb=233.007621 open=92
[clean-BPC  3557.29s] node 165 cg=1 phase=phase1 obj=0.0 artificial=0.0 cols=4912
[clean-BPC  3557.41s] node 165 cg=2 phase=phase2 obj=233.007621 artificial=0.0 cols=4912
[clean-BPC  3560.04s] node 165 cg=2 phase=phase2 kind=heuristic best_rc=0.048261 found=0 added=0 exhausted=False cert=False
[clean-BPC  3564.82s] node 165 cg=2 phase=phase2 kind=heuristic_boost best_rc=0.048261 found=0 added=0 exhausted=True cert=True
[clean-BPC  3565.21s] cut_added family=schedule_nogood_core node=165 added=1 source_vehicle=1 route_count=4 signatures=[[6, 14, 10, 8], [5, 9, 19, 11], [4, 15, 20, 2], [1, 3, 7]]
[clean-BPC  3565.21s] node 165 d=13 lb=233.007621 open=92
[clean-BPC  3565.34s] node 165 cg=1 phase=phase1 obj=0.0 artificial=0.0 cols=4912
[clean-BPC  3565.46s] node 165 cg=2 phase=phase2 obj=233.007621 artificial=0.0 cols=4912
[clean-BPC  3568.08s] node 165 cg=2 phase=phase2 kind=heuristic best_rc=0.048261 found=0 added=0 exhausted=False cert=False
[clean-BPC  3572.85s] node 165 cg=2 phase=phase2 kind=heuristic_boost best_rc=0.048261 found=0 added=0 exhausted=True cert=True
[clean-BPC  3573.23s] cut_added family=schedule_nogood_core node=165 added=1 source_vehicle=1 route_count=4 signatures=[[8, 10, 14, 6], [5, 9, 19, 11], [4, 15, 20, 2], [1, 3, 7]]
[clean-BPC  3573.23s] node 165 d=13 lb=233.007621 open=92
[clean-BPC  3573.35s] node 165 cg=1 phase=phase1 obj=0.0 artificial=0.0 cols=4912
[clean-BPC  3573.47s] node 165 cg=2 phase=phase2 obj=233.007621 artificial=0.0 cols=4912
[clean-BPC  3573.47s] cut_purged node=165 removed=1 by_kind={'schedule_nogood_core': 1} remaining=79
[clean-BPC  3573.62s] node 165 cg=3 phase=phase2 obj=233.007621 artificial=0.0 cols=4912
[clean-BPC  3573.62s] cut_purged node=165 removed=2 by_kind={'schedule_nogood_core': 2} remaining=77
[clean-BPC  3573.74s] node 165 cg=4 phase=phase2 obj=233.007621 artificial=0.0 cols=4912
[clean-BPC  3576.38s] node 165 cg=4 phase=phase2 kind=heuristic best_rc=0.048261 found=0 added=0 exhausted=False cert=False
[clean-BPC  3581.14s] node 165 cg=4 phase=phase2 kind=heuristic_boost best_rc=0.048261 found=0 added=0 exhausted=True cert=True
[clean-BPC  3581.52s] cut_added family=schedule_nogood_core node=165 added=1 source_vehicle=1 route_count=4 signatures=[[8, 14, 10, 6], [5, 9, 19, 11], [4, 15, 20, 2], [1, 3, 7]]
[clean-BPC  3581.52s] node 165 d=13 lb=233.007621 open=92
[clean-BPC  3581.64s] node 165 cg=1 phase=phase1 obj=0.0 artificial=0.0 cols=4912
[clean-BPC  3581.78s] node 165 cg=2 phase=phase2 obj=233.007621 artificial=0.0 cols=4912
[clean-BPC  3581.78s] cut_purged node=165 removed=1 by_kind={'schedule_nogood_core': 1} remaining=77
[clean-BPC  3581.91s] node 165 cg=3 phase=phase2 obj=233.007621 artificial=0.0 cols=4912
[clean-BPC  3581.91s] cut_purged node=165 removed=1 by_kind={'schedule_nogood_core': 1} remaining=76
[clean-BPC  3582.03s] node 165 cg=4 phase=phase2 obj=233.007621 artificial=0.0 cols=4912
[clean-BPC  3582.03s] cut_purged node=165 removed=1 by_kind={'schedule_nogood_core': 1} remaining=75
[clean-BPC  3582.16s] node 165 cg=5 phase=phase2 obj=233.007621 artificial=0.0 cols=4912
[clean-BPC  3582.16s] cut_purged node=165 removed=1 by_kind={'schedule_nogood_core': 1} remaining=74
[clean-BPC  3582.28s] node 165 cg=6 phase=phase2 obj=233.007621 artificial=0.0 cols=4912
[clean-BPC  3582.28s] cut_purged node=165 removed=1 by_kind={'schedule_nogood_core': 1} remaining=73
[clean-BPC  3582.40s] node 165 cg=7 phase=phase2 obj=233.007621 artificial=0.0 cols=4912
[clean-BPC  3585.22s] node 165 cg=7 phase=phase2 kind=heuristic best_rc=0.165837 found=0 added=0 exhausted=False cert=False
[clean-BPC  3590.75s] node 165 cg=7 phase=phase2 kind=heuristic_boost best_rc=0.048261 found=0 added=0 exhausted=True cert=True
[clean-BPC  3591.13s] cut_added family=schedule_nogood_core node=165 added=1 source_vehicle=1 route_count=4 signatures=[[14, 10, 8, 6], [5, 9, 19, 11], [4, 15, 20, 2], [1, 3, 7]]
[clean-BPC  3591.13s] node 165 d=13 lb=233.007621 open=92
[clean-BPC  3591.26s] node 165 cg=1 phase=phase1 obj=0.0 artificial=0.0 cols=4912
[clean-BPC  3591.38s] node 165 cg=2 phase=phase2 obj=233.007621 artificial=0.0 cols=4912
[clean-BPC  3594.09s] node 165 cg=2 phase=phase2 kind=heuristic best_rc=0.048261 found=0 added=0 exhausted=False cert=False
[clean-BPC  3599.27s] node 165 cg=2 phase=phase2 kind=heuristic_boost best_rc=0.048261 found=0 added=0 exhausted=True cert=True
[clean-BPC  3599.64s] cut_added family=schedule_nogood_core node=165 added=1 source_vehicle=1 route_count=4 signatures=[[10, 14, 8, 6], [5, 9, 19, 11], [4, 15, 20, 2], [1, 3, 7]]
[clean-BPC  3599.65s] node 165 d=13 lb=233.007621 open=92
[clean-BPC  3599.78s] node 165 cg=1 phase=phase1 obj=0.0 artificial=0.0 cols=4912
[clean-BPC  3599.90s] node 165 cg=2 phase=phase2 obj=233.044766 artificial=0.0 cols=4912
[clean-BPC  3599.90s] cut_purged node=165 removed=1 by_kind={'schedule_nogood_core': 1} remaining=74
[clean-BPC  3600.02s] node 165 cg=3 phase=phase2 obj=233.044766 artificial=0.0 cols=4912
[clean-BPC  3602.93s] node 165 cg=3 phase=phase2 kind=heuristic best_rc=-0.007694441 found=2 added=2 exhausted=False cert=False
[clean-BPC  3602.93s] fathom node 165: reason=time_limit_before_node_certificate bound=None
[clean-BPC  3602.93s] finish status=TIME_LIMIT primal=245.5914 dual=None gap=None cuts=74 diag_dual=233.007621 diag_gap=0.051239 crossing=8 crossing_upgraded=0 pair=12 clique=5 route_pack=3 nogood=180 sched_cap=0
bench_20_03: status=TIME_LIMIT, primal=245.5914, dual=None, gap=None, diag_dual=233.007621, diag_gap=0.051239, time=3602.926665s, nodes=235, rmp=670, pricing=638, routes=4914, cuts=74, crossing=8, crossing_upgraded=0, rci=8, kpath=0, pair=12, clique=5, route_pack=3, nogood=180, sched_cap=0, rim_calls=12, rim_feasible=0, rim_rejected=157, rim_pair=12, rim_ng=296, rim_sched_cap=0, cuts_purged=134, branch_test_time=180.887562s
clean BPC CSV 已写入：/home/kai/work/gnn_bb/branchpricecut/results/benchmark/20260520_213205_bpc_clean_fixed_cost_20_01_03/summary.csv
