matrix_group,scale,instance_id,baseline_name,candidate_name,seed_builder,initial_column_count,full_universe_column_count,full_universe_preloaded,algorithm_status,certificate_scope,pricing_state,uses_true_dual_bpc_certificate,official_lower_bound_source,official_lower_bound_scope,B0_direct_objective,root_lp_bound,root_lp_bound_official,root_bound_le_B0_objective,pricing_round_count,final_judge_call_count,candidate_negative_count,addable_negative_count,duplicate_in_current_master_count,in_pool_not_master_count,forbidden_signature_count,branch_filtered_count,cut_filtered_count,selected_count,selected_would_enter_master_count,selected_all_would_enter_master,added_to_master_count,added_column_count,duplicate_only_count,duplicate_only_audit_status,hidden_negative_count,replacement_only_round_count,manual_rc_audit_pass,pricing_rc_audit_pass,proof_debt_unreleased_count,product_exact_solution_scope,product_exact_solution_count,product_exact_objective,direct_dp_fallback_used,direct_dp_fallback_count,rmp_wall_time,worker_status,worker_wall_time,final_judge_wall_time,time_to_first_negative,time_to_first_addable_negative,labels_generated,labels_extended,sortie_templates,journey_labels,candidate_sequences,path_option_assignments,resource_prune_count,time_window_prune_count,dominance_prune_count,bound_prune_count,bound_check_time,dominance_time,cache_hit_count,cache_miss_count,max_queue_size,peak_label_count,worker_call_count,worker_found_negative_count,worker_found_addable_negative_count,worker_no_column_uncertified_count,worker_incomplete_count,final_judge_saved_by_worker_count,exit_reason,exact_first_step_bound_pruning_enabled,exact_first_step_bound_evaluated_count,would_prune_count_if_enabled,completion_bound_pruning_enabled,proof_tail_kernel_profile_enabled,wall_time,fail_closed_reason,certificate_scope_regression,objective_mismatch,improvement_reason
5-scale full,5,lunar_ice_sp50_005_001_seed679001,fixed_graph_direct_dp_oracle,B0_pure_direct_dp,,,,,DIRECT_DP_BASELINE_OPTIMAL,DIRECT_DP_FIXED_GRAPH_OPTIMAL,,False,,,1310.952686,,False,,0,0,0,0,0,0,0,0,0,0,,,0,0,0,,0,0,,,0,,,,,,,,,,,,,,,,,,,,,,,,,,,,,,,,,,,,,,,,0.004854,,False,False,
5-scale full,5,lunar_ice_sp50_005_001_seed679001,accepted_B1,B1A_full_universe_root_audit,,,,,BPC_GAP_AVAILABLE,BPC_NODE_LP_CERTIFIED,CERTIFIED_NO_NEGATIVE,True,b1_root_true_dual_pricing_closure,BPC_NODE_LP_CERTIFIED,1310.952686,1310.952686,True,True,1,1,0,0,0,0,0,0,0,0,,,0,0,0,,0,0,True,True,0,,,,,,,,,,,,,,,,,,,,,,,,,,,,,,,,,,,,,,,,0.086984,,False,False,
5-scale full,5,lunar_ice_sp50_005_001_seed679001,accepted_B1,B1B_seeded_root_CG,,,,,BPC_GAP_AVAILABLE,BPC_NODE_LP_CERTIFIED,CERTIFIED_NO_NEGATIVE,True,b1_root_true_dual_pricing_closure,BPC_NODE_LP_CERTIFIED,1310.952686,1310.952686,True,True,3,3,0,0,0,0,0,0,0,0,,,20,20,0,,0,0,True,True,0,,,,,,,,,,,,,,,,,,,,,,,,,,,,,,,,,,,,,,,,0.133479,,False,False,
5-scale full,5,lunar_ice_sp50_005_001_seed679001,B1A_full_universe_root_audit,B2A_full_universe_rc_audit_fast_path,,,,,BPC_GAP_AVAILABLE,BPC_NODE_LP_CERTIFIED,CERTIFIED_NO_NEGATIVE,True,b2a_full_universe_membership_rc_audit,BPC_NODE_LP_CERTIFIED,1310.952686,1310.952686,True,True,1,0,0,0,0,0,0,0,0,0,,,0,0,0,,0,0,True,True,0,,,,,,,,,,,,,,,,,,,,,,,,,,,,,,,,,,,,,,,,0.009546,,False,False,"wall_time_lower,final_judge_call_count_lower"
5-scale full,5,lunar_ice_sp50_005_001_seed679001,B1B_seeded_root_CG,B2B_seeded_tail_CG,,,,,BPC_GAP_AVAILABLE,BPC_NODE_LP_CERTIFIED,CERTIFIED_NO_NEGATIVE,True,b2b_true_dual_pricing_closure,BPC_NODE_LP_CERTIFIED,1310.952686,1310.952686,True,True,3,3,52,52,0,0,0,0,0,52,,,20,20,0,,0,0,True,True,0,,,,,,,,,,,,,,,,,,,,,,,,,,,,,,,,,,,,,,,,0.136402,,False,False,
5-scale full,5,lunar_ice_sp50_005_002_seed679002,fixed_graph_direct_dp_oracle,B0_pure_direct_dp,,,,,DIRECT_DP_BASELINE_OPTIMAL,DIRECT_DP_FIXED_GRAPH_OPTIMAL,,False,,,1349.525425,,False,,0,0,0,0,0,0,0,0,0,0,,,0,0,0,,0,0,,,0,,,,,,,,,,,,,,,,,,,,,,,,,,,,,,,,,,,,,,,,0.003212,,False,False,
5-scale full,5,lunar_ice_sp50_005_002_seed679002,accepted_B1,B1A_full_universe_root_audit,,,,,BPC_GAP_AVAILABLE,BPC_NODE_LP_CERTIFIED,CERTIFIED_NO_NEGATIVE,True,b1_root_true_dual_pricing_closure,BPC_NODE_LP_CERTIFIED,1349.525425,1349.525425,True,True,1,1,0,0,0,0,0,0,0,0,,,0,0,0,,0,0,True,True,0,,,,,,,,,,,,,,,,,,,,,,,,,,,,,,,,,,,,,,,,0.144792,,False,False,
5-scale full,5,lunar_ice_sp50_005_002_seed679002,accepted_B1,B1B_seeded_root_CG,,,,,BPC_GAP_AVAILABLE,BPC_NODE_LP_CERTIFIED,CERTIFIED_NO_NEGATIVE,True,b1_root_true_dual_pricing_closure,BPC_NODE_LP_CERTIFIED,1349.525425,1349.525425,True,True,3,3,0,0,0,0,0,0,0,0,,,21,21,0,,0,0,True,True,0,,,,,,,,,,,,,,,,,,,,,,,,,,,,,,,,,,,,,,,,0.175016,,False,False,
5-scale full,5,lunar_ice_sp50_005_002_seed679002,B1A_full_universe_root_audit,B2A_full_universe_rc_audit_fast_path,,,,,BPC_GAP_AVAILABLE,BPC_NODE_LP_CERTIFIED,CERTIFIED_NO_NEGATIVE,True,b2a_full_universe_membership_rc_audit,BPC_NODE_LP_CERTIFIED,1349.525425,1349.525425,True,True,1,0,0,0,0,0,0,0,0,0,,,0,0,0,,0,0,True,True,0,,,,,,,,,,,,,,,,,,,,,,,,,,,,,,,,,,,,,,,,0.007522,,False,False,"wall_time_lower,final_judge_call_count_lower"
5-scale full,5,lunar_ice_sp50_005_002_seed679002,B1B_seeded_root_CG,B2B_seeded_tail_CG,,,,,BPC_GAP_AVAILABLE,BPC_NODE_LP_CERTIFIED,CERTIFIED_NO_NEGATIVE,True,b2b_true_dual_pricing_closure,BPC_NODE_LP_CERTIFIED,1349.525425,1349.525425,True,True,3,3,53,53,0,0,0,0,0,53,,,21,21,0,,0,0,True,True,0,,,,,,,,,,,,,,,,,,,,,,,,,,,,,,,,,,,,,,,,0.177058,,False,False,
5-scale full,5,lunar_ice_sp50_005_003_seed679005,fixed_graph_direct_dp_oracle,B0_pure_direct_dp,,,,,DIRECT_DP_BASELINE_OPTIMAL,DIRECT_DP_FIXED_GRAPH_OPTIMAL,,False,,,1316.47124,,False,,0,0,0,0,0,0,0,0,0,0,,,0,0,0,,0,0,,,0,,,,,,,,,,,,,,,,,,,,,,,,,,,,,,,,,,,,,,,,0.005654,,False,False,
5-scale full,5,lunar_ice_sp50_005_003_seed679005,accepted_B1,B1A_full_universe_root_audit,,,,,BPC_GAP_AVAILABLE,BPC_NODE_LP_CERTIFIED,CERTIFIED_NO_NEGATIVE,True,b1_root_true_dual_pricing_closure,BPC_NODE_LP_CERTIFIED,1316.47124,1316.47124,True,True,1,1,0,0,0,0,0,0,0,0,,,0,0,0,,0,0,True,True,0,,,,,,,,,,,,,,,,,,,,,,,,,,,,,,,,,,,,,,,,0.167754,,False,False,
5-scale full,5,lunar_ice_sp50_005_003_seed679005,accepted_B1,B1B_seeded_root_CG,,,,,BPC_GAP_AVAILABLE,BPC_NODE_LP_CERTIFIED,CERTIFIED_NO_NEGATIVE,True,b1_root_true_dual_pricing_closure,BPC_NODE_LP_CERTIFIED,1316.47124,1316.47124,True,True,4,4,0,0,0,0,0,0,0,0,,,20,20,0,,0,0,True,True,0,,,,,,,,,,,,,,,,,,,,,,,,,,,,,,,,,,,,,,,,0.256779,,False,False,
5-scale full,5,lunar_ice_sp50_005_003_seed679005,B1A_full_universe_root_audit,B2A_full_universe_rc_audit_fast_path,,,,,BPC_GAP_AVAILABLE,BPC_NODE_LP_CERTIFIED,CERTIFIED_NO_NEGATIVE,True,b2a_full_universe_membership_rc_audit,BPC_NODE_LP_CERTIFIED,1316.47124,1316.47124,True,True,1,0,0,0,0,0,0,0,0,0,,,0,0,0,,0,0,True,True,0,,,,,,,,,,,,,,,,,,,,,,,,,,,,,,,,,,,,,,,,0.010968,,False,False,"wall_time_lower,final_judge_call_count_lower"
5-scale full,5,lunar_ice_sp50_005_003_seed679005,B1B_seeded_root_CG,B2B_seeded_tail_CG,,,,,BPC_GAP_AVAILABLE,BPC_NODE_LP_CERTIFIED,CERTIFIED_NO_NEGATIVE,True,b2b_true_dual_pricing_closure,BPC_NODE_LP_CERTIFIED,1316.47124,1316.47124,True,True,4,4,50,50,0,0,0,0,0,50,,,20,20,0,,0,0,True,True,0,,,,,,,,,,,,,,,,,,,,,,,,,,,,,,,,,,,,,,,,0.25892,,False,False,
5-scale full,5,lunar_ice_sp50_005_005_seed679011,fixed_graph_direct_dp_oracle,B0_pure_direct_dp,,,,,DIRECT_DP_BASELINE_OPTIMAL,DIRECT_DP_FIXED_GRAPH_OPTIMAL,,False,,,1182.368403,,False,,0,0,0,0,0,0,0,0,0,0,,,0,0,0,,0,0,,,0,,,,,,,,,,,,,,,,,,,,,,,,,,,,,,,,,,,,,,,,0.004557,,False,False,
5-scale full,5,lunar_ice_sp50_005_005_seed679011,accepted_B1,B1A_full_universe_root_audit,,,,,BPC_GAP_AVAILABLE,BPC_NODE_LP_CERTIFIED,CERTIFIED_NO_NEGATIVE,True,b1_root_true_dual_pricing_closure,BPC_NODE_LP_CERTIFIED,1182.368403,1182.368403,True,True,1,1,0,0,0,0,0,0,0,0,,,0,0,0,,0,0,True,True,0,,,,,,,,,,,,,,,,,,,,,,,,,,,,,,,,,,,,,,,,0.186322,,False,False,
5-scale full,5,lunar_ice_sp50_005_005_seed679011,accepted_B1,B1B_seeded_root_CG,,,,,BPC_GAP_AVAILABLE,BPC_NODE_LP_CERTIFIED,CERTIFIED_NO_NEGATIVE,True,b1_root_true_dual_pricing_closure,BPC_NODE_LP_CERTIFIED,1182.368403,1182.368403,True,True,3,3,0,0,0,0,0,0,0,0,,,21,21,0,,0,0,True,True,0,,,,,,,,,,,,,,,,,,,,,,,,,,,,,,,,,,,,,,,,0.251101,,False,False,
5-scale full,5,lunar_ice_sp50_005_005_seed679011,B1A_full_universe_root_audit,B2A_full_universe_rc_audit_fast_path,,,,,BPC_GAP_AVAILABLE,BPC_NODE_LP_CERTIFIED,CERTIFIED_NO_NEGATIVE,True,b2a_full_universe_membership_rc_audit,BPC_NODE_LP_CERTIFIED,1182.368403,1182.368403,True,True,1,0,0,0,0,0,0,0,0,0,,,0,0,0,,0,0,True,True,0,,,,,,,,,,,,,,,,,,,,,,,,,,,,,,,,,,,,,,,,0.010098,,False,False,"wall_time_lower,final_judge_call_count_lower"
5-scale full,5,lunar_ice_sp50_005_005_seed679011,B1B_seeded_root_CG,B2B_seeded_tail_CG,,,,,BPC_GAP_AVAILABLE,BPC_NODE_LP_CERTIFIED,CERTIFIED_NO_NEGATIVE,True,b2b_true_dual_pricing_closure,BPC_NODE_LP_CERTIFIED,1182.368403,1182.368403,True,True,3,3,53,53,0,0,0,0,0,53,,,21,21,0,,0,0,True,True,0,,,,,,,,,,,,,,,,,,,,,,,,,,,,,,,,,,,,,,,,0.246596,,False,False,wall_time_lower
5-scale full,5,lunar_ice_sp50_005_007_seed679013,fixed_graph_direct_dp_oracle,B0_pure_direct_dp,,,,,DIRECT_DP_BASELINE_OPTIMAL,DIRECT_DP_FIXED_GRAPH_OPTIMAL,,False,,,1400.622149,,False,,0,0,0,0,0,0,0,0,0,0,,,0,0,0,,0,0,,,0,,,,,,,,,,,,,,,,,,,,,,,,,,,,,,,,,,,,,,,,0.00377,,False,False,
5-scale full,5,lunar_ice_sp50_005_007_seed679013,accepted_B1,B1A_full_universe_root_audit,,,,,BPC_GAP_AVAILABLE,BPC_NODE_LP_CERTIFIED,CERTIFIED_NO_NEGATIVE,True,b1_root_true_dual_pricing_closure,BPC_NODE_LP_CERTIFIED,1400.622149,1400.622149,True,True,1,1,0,0,0,0,0,0,0,0,,,0,0,0,,0,0,True,True,0,,,,,,,,,,,,,,,,,,,,,,,,,,,,,,,,,,,,,,,,0.271907,,False,False,
5-scale full,5,lunar_ice_sp50_005_007_seed679013,accepted_B1,B1B_seeded_root_CG,,,,,BPC_GAP_AVAILABLE,BPC_NODE_LP_CERTIFIED,CERTIFIED_NO_NEGATIVE,True,b1_root_true_dual_pricing_closure,BPC_NODE_LP_CERTIFIED,1400.622149,1400.622149,True,True,4,4,0,0,0,0,0,0,0,0,,,20,20,0,,0,0,True,True,0,,,,,,,,,,,,,,,,,,,,,,,,,,,,,,,,,,,,,,,,0.348739,,False,False,
5-scale full,5,lunar_ice_sp50_005_007_seed679013,B1A_full_universe_root_audit,B2A_full_universe_rc_audit_fast_path,,,,,BPC_GAP_AVAILABLE,BPC_NODE_LP_CERTIFIED,CERTIFIED_NO_NEGATIVE,True,b2a_full_universe_membership_rc_audit,BPC_NODE_LP_CERTIFIED,1400.622149,1400.622149,True,True,1,0,0,0,0,0,0,0,0,0,,,0,0,0,,0,0,True,True,0,,,,,,,,,,,,,,,,,,,,,,,,,,,,,,,,,,,,,,,,0.007736,,False,False,"wall_time_lower,final_judge_call_count_lower"
5-scale full,5,lunar_ice_sp50_005_007_seed679013,B1B_seeded_root_CG,B2B_seeded_tail_CG,,,,,BPC_GAP_AVAILABLE,BPC_NODE_LP_CERTIFIED,CERTIFIED_NO_NEGATIVE,True,b2b_true_dual_pricing_closure,BPC_NODE_LP_CERTIFIED,1400.622149,1400.622149,True,True,4,4,54,54,0,0,0,0,0,54,,,20,20,0,,0,0,True,True,0,,,,,,,,,,,,,,,,,,,,,,,,,,,,,,,,,,,,,,,,0.358819,,False,False,
5-scale full,5,lunar_ice_sp50_005_006_seed679032,fixed_graph_direct_dp_oracle,B0_pure_direct_dp,,,,,DIRECT_DP_BASELINE_OPTIMAL,DIRECT_DP_FIXED_GRAPH_OPTIMAL,,False,,,1244.612406,,False,,0,0,0,0,0,0,0,0,0,0,,,0,0,0,,0,0,,,0,,,,,,,,,,,,,,,,,,,,,,,,,,,,,,,,,,,,,,,,0.00345,,False,False,
5-scale full,5,lunar_ice_sp50_005_006_seed679032,accepted_B1,B1A_full_universe_root_audit,,,,,BPC_GAP_AVAILABLE,BPC_NODE_LP_CERTIFIED,CERTIFIED_NO_NEGATIVE,True,b1_root_true_dual_pricing_closure,BPC_NODE_LP_CERTIFIED,1244.612406,1244.612406,True,True,1,1,0,0,0,0,0,0,0,0,,,0,0,0,,0,0,True,True,0,,,,,,,,,,,,,,,,,,,,,,,,,,,,,,,,,,,,,,,,0.143572,,False,False,
5-scale full,5,lunar_ice_sp50_005_006_seed679032,accepted_B1,B1B_seeded_root_CG,,,,,BPC_GAP_AVAILABLE,BPC_NODE_LP_CERTIFIED,CERTIFIED_NO_NEGATIVE,True,b1_root_true_dual_pricing_closure,BPC_NODE_LP_CERTIFIED,1244.612406,1244.612406,True,True,3,3,0,0,0,0,0,0,0,0,,,21,21,0,,0,0,True,True,0,,,,,,,,,,,,,,,,,,,,,,,,,,,,,,,,,,,,,,,,0.206098,,False,False,
5-scale full,5,lunar_ice_sp50_005_006_seed679032,B1A_full_universe_root_audit,B2A_full_universe_rc_audit_fast_path,,,,,BPC_GAP_AVAILABLE,BPC_NODE_LP_CERTIFIED,CERTIFIED_NO_NEGATIVE,True,b2a_full_universe_membership_rc_audit,BPC_NODE_LP_CERTIFIED,1244.612406,1244.612406,True,True,1,0,0,0,0,0,0,0,0,0,,,0,0,0,,0,0,True,True,0,,,,,,,,,,,,,,,,,,,,,,,,,,,,,,,,,,,,,,,,0.00922,,False,False,"wall_time_lower,final_judge_call_count_lower"
5-scale full,5,lunar_ice_sp50_005_006_seed679032,B1B_seeded_root_CG,B2B_seeded_tail_CG,,,,,BPC_GAP_AVAILABLE,BPC_NODE_LP_CERTIFIED,CERTIFIED_NO_NEGATIVE,True,b2b_true_dual_pricing_closure,BPC_NODE_LP_CERTIFIED,1244.612406,1244.612406,True,True,3,3,53,53,0,0,0,0,0,53,,,21,21,0,,0,0,True,True,0,,,,,,,,,,,,,,,,,,,,,,,,,,,,,,,,,,,,,,,,0.214547,,False,False,
5-scale full,5,lunar_ice_sp50_005_008_seed679014,fixed_graph_direct_dp_oracle,B0_pure_direct_dp,,,,,DIRECT_DP_BASELINE_OPTIMAL,DIRECT_DP_FIXED_GRAPH_OPTIMAL,,False,,,1579.649799,,False,,0,0,0,0,0,0,0,0,0,0,,,0,0,0,,0,0,,,0,,,,,,,,,,,,,,,,,,,,,,,,,,,,,,,,,,,,,,,,0.00553,,False,False,
5-scale full,5,lunar_ice_sp50_005_008_seed679014,accepted_B1,B1A_full_universe_root_audit,,,,,BPC_GAP_AVAILABLE,BPC_NODE_LP_CERTIFIED,CERTIFIED_NO_NEGATIVE,True,b1_root_true_dual_pricing_closure,BPC_NODE_LP_CERTIFIED,1579.649799,1579.649799,True,True,1,1,0,0,0,0,0,0,0,0,,,0,0,0,,0,0,True,True,0,,,,,,,,,,,,,,,,,,,,,,,,,,,,,,,,,,,,,,,,0.274003,,False,False,
5-scale full,5,lunar_ice_sp50_005_008_seed679014,accepted_B1,B1B_seeded_root_CG,,,,,BPC_GAP_AVAILABLE,BPC_NODE_LP_CERTIFIED,CERTIFIED_NO_NEGATIVE,True,b1_root_true_dual_pricing_closure,BPC_NODE_LP_CERTIFIED,1579.649799,1579.649799,True,True,4,4,0,0,0,0,0,0,0,0,,,21,21,0,,0,0,True,True,0,,,,,,,,,,,,,,,,,,,,,,,,,,,,,,,,,,,,,,,,0.392598,,False,False,
5-scale full,5,lunar_ice_sp50_005_008_seed679014,B1A_full_universe_root_audit,B2A_full_universe_rc_audit_fast_path,,,,,BPC_GAP_AVAILABLE,BPC_NODE_LP_CERTIFIED,CERTIFIED_NO_NEGATIVE,True,b2a_full_universe_membership_rc_audit,BPC_NODE_LP_CERTIFIED,1579.649799,1579.649799,True,True,1,0,0,0,0,0,0,0,0,0,,,0,0,0,,0,0,True,True,0,,,,,,,,,,,,,,,,,,,,,,,,,,,,,,,,,,,,,,,,0.012375,,False,False,"wall_time_lower,final_judge_call_count_lower"
5-scale full,5,lunar_ice_sp50_005_008_seed679014,B1B_seeded_root_CG,B2B_seeded_tail_CG,,,,,BPC_GAP_AVAILABLE,BPC_NODE_LP_CERTIFIED,CERTIFIED_NO_NEGATIVE,True,b2b_true_dual_pricing_closure,BPC_NODE_LP_CERTIFIED,1579.649799,1579.649799,True,True,4,4,57,57,0,0,0,0,0,57,,,21,21,0,,0,0,True,True,0,,,,,,,,,,,,,,,,,,,,,,,,,,,,,,,,,,,,,,,,0.393754,,False,False,
5-scale full,5,lunar_ice_sp50_005_004_seed679030,fixed_graph_direct_dp_oracle,B0_pure_direct_dp,,,,,DIRECT_DP_BASELINE_OPTIMAL,DIRECT_DP_FIXED_GRAPH_OPTIMAL,,False,,,1233.389303,,False,,0,0,0,0,0,0,0,0,0,0,,,0,0,0,,0,0,,,0,,,,,,,,,,,,,,,,,,,,,,,,,,,,,,,,,,,,,,,,0.003782,,False,False,
5-scale full,5,lunar_ice_sp50_005_004_seed679030,accepted_B1,B1A_full_universe_root_audit,,,,,BPC_GAP_AVAILABLE,BPC_NODE_LP_CERTIFIED,CERTIFIED_NO_NEGATIVE,True,b1_root_true_dual_pricing_closure,BPC_NODE_LP_CERTIFIED,1233.389303,1233.389303,True,True,1,1,0,0,0,0,0,0,0,0,,,0,0,0,,0,0,True,True,0,,,,,,,,,,,,,,,,,,,,,,,,,,,,,,,,,,,,,,,,0.145787,,False,False,
5-scale full,5,lunar_ice_sp50_005_004_seed679030,accepted_B1,B1B_seeded_root_CG,,,,,BPC_GAP_AVAILABLE,BPC_NODE_LP_CERTIFIED,CERTIFIED_NO_NEGATIVE,True,b1_root_true_dual_pricing_closure,BPC_NODE_LP_CERTIFIED,1233.389303,1233.389303,True,True,3,3,0,0,0,0,0,0,0,0,,,19,19,0,,0,0,True,True,0,,,,,,,,,,,,,,,,,,,,,,,,,,,,,,,,,,,,,,,,0.222649,,False,False,
5-scale full,5,lunar_ice_sp50_005_004_seed679030,B1A_full_universe_root_audit,B2A_full_universe_rc_audit_fast_path,,,,,BPC_GAP_AVAILABLE,BPC_NODE_LP_CERTIFIED,CERTIFIED_NO_NEGATIVE,True,b2a_full_universe_membership_rc_audit,BPC_NODE_LP_CERTIFIED,1233.389303,1233.389303,True,True,1,0,0,0,0,0,0,0,0,0,,,0,0,0,,0,0,True,True,0,,,,,,,,,,,,,,,,,,,,,,,,,,,,,,,,,,,,,,,,0.00924,,False,False,"wall_time_lower,final_judge_call_count_lower"
5-scale full,5,lunar_ice_sp50_005_004_seed679030,B1B_seeded_root_CG,B2B_seeded_tail_CG,,,,,BPC_GAP_AVAILABLE,BPC_NODE_LP_CERTIFIED,CERTIFIED_NO_NEGATIVE,True,b2b_true_dual_pricing_closure,BPC_NODE_LP_CERTIFIED,1233.389303,1233.389303,True,True,3,3,51,51,0,0,0,0,0,51,,,19,19,0,,0,0,True,True,0,,,,,,,,,,,,,,,,,,,,,,,,,,,,,,,,,,,,,,,,0.230527,,False,False,
5-scale full,5,lunar_ice_sp50_005_009_seed679015,fixed_graph_direct_dp_oracle,B0_pure_direct_dp,,,,,DIRECT_DP_BASELINE_OPTIMAL,DIRECT_DP_FIXED_GRAPH_OPTIMAL,,False,,,1513.217855,,False,,0,0,0,0,0,0,0,0,0,0,,,0,0,0,,0,0,,,0,,,,,,,,,,,,,,,,,,,,,,,,,,,,,,,,,,,,,,,,0.004133,,False,False,
5-scale full,5,lunar_ice_sp50_005_009_seed679015,accepted_B1,B1A_full_universe_root_audit,,,,,BPC_GAP_AVAILABLE,BPC_NODE_LP_CERTIFIED,CERTIFIED_NO_NEGATIVE,True,b1_root_true_dual_pricing_closure,BPC_NODE_LP_CERTIFIED,1513.217855,1513.217855,True,True,1,1,0,0,0,0,0,0,0,0,,,0,0,0,,0,0,True,True,0,,,,,,,,,,,,,,,,,,,,,,,,,,,,,,,,,,,,,,,,0.228624,,False,False,
5-scale full,5,lunar_ice_sp50_005_009_seed679015,accepted_B1,B1B_seeded_root_CG,,,,,BPC_GAP_AVAILABLE,BPC_NODE_LP_CERTIFIED,CERTIFIED_NO_NEGATIVE,True,b1_root_true_dual_pricing_closure,BPC_NODE_LP_CERTIFIED,1513.217855,1513.217855,True,True,3,3,0,0,0,0,0,0,0,0,,,18,18,0,,0,0,True,True,0,,,,,,,,,,,,,,,,,,,,,,,,,,,,,,,,,,,,,,,,0.283266,,False,False,
5-scale full,5,lunar_ice_sp50_005_009_seed679015,B1A_full_universe_root_audit,B2A_full_universe_rc_audit_fast_path,,,,,BPC_GAP_AVAILABLE,BPC_NODE_LP_CERTIFIED,CERTIFIED_NO_NEGATIVE,True,b2a_full_universe_membership_rc_audit,BPC_NODE_LP_CERTIFIED,1513.217855,1513.217855,True,True,1,0,0,0,0,0,0,0,0,0,,,0,0,0,,0,0,True,True,0,,,,,,,,,,,,,,,,,,,,,,,,,,,,,,,,,,,,,,,,0.011492,,False,False,"wall_time_lower,final_judge_call_count_lower"
5-scale full,5,lunar_ice_sp50_005_009_seed679015,B1B_seeded_root_CG,B2B_seeded_tail_CG,,,,,BPC_GAP_AVAILABLE,BPC_NODE_LP_CERTIFIED,CERTIFIED_NO_NEGATIVE,True,b2b_true_dual_pricing_closure,BPC_NODE_LP_CERTIFIED,1513.217855,1513.217855,True,True,3,3,48,48,0,0,0,0,0,48,,,18,18,0,,0,0,True,True,0,,,,,,,,,,,,,,,,,,,,,,,,,,,,,,,,,,,,,,,,0.289447,,False,False,
5-scale full,5,lunar_ice_sp50_005_012_seed679018,fixed_graph_direct_dp_oracle,B0_pure_direct_dp,,,,,DIRECT_DP_BASELINE_OPTIMAL,DIRECT_DP_FIXED_GRAPH_OPTIMAL,,False,,,1431.520203,,False,,0,0,0,0,0,0,0,0,0,0,,,0,0,0,,0,0,,,0,,,,,,,,,,,,,,,,,,,,,,,,,,,,,,,,,,,,,,,,0.011468,,False,False,
5-scale full,5,lunar_ice_sp50_005_012_seed679018,accepted_B1,B1A_full_universe_root_audit,,,,,BPC_GAP_AVAILABLE,BPC_NODE_LP_CERTIFIED,CERTIFIED_NO_NEGATIVE,True,b1_root_true_dual_pricing_closure,BPC_NODE_LP_CERTIFIED,1431.520203,1431.520203,True,True,1,1,0,0,0,0,0,0,0,0,,,0,0,0,,0,0,True,True,0,,,,,,,,,,,,,,,,,,,,,,,,,,,,,,,,,,,,,,,,0.265247,,False,False,
5-scale full,5,lunar_ice_sp50_005_012_seed679018,accepted_B1,B1B_seeded_root_CG,,,,,BPC_GAP_AVAILABLE,BPC_NODE_LP_CERTIFIED,CERTIFIED_NO_NEGATIVE,True,b1_root_true_dual_pricing_closure,BPC_NODE_LP_CERTIFIED,1431.520203,1431.520203,True,True,3,3,0,0,0,0,0,0,0,0,,,19,19,0,,0,0,True,True,0,,,,,,,,,,,,,,,,,,,,,,,,,,,,,,,,,,,,,,,,0.381593,,False,False,
5-scale full,5,lunar_ice_sp50_005_012_seed679018,B1A_full_universe_root_audit,B2A_full_universe_rc_audit_fast_path,,,,,BPC_GAP_AVAILABLE,BPC_NODE_LP_CERTIFIED,CERTIFIED_NO_NEGATIVE,True,b2a_full_universe_membership_rc_audit,BPC_NODE_LP_CERTIFIED,1431.520203,1431.520203,True,True,1,0,0,0,0,0,0,0,0,0,,,0,0,0,,0,0,True,True,0,,,,,,,,,,,,,,,,,,,,,,,,,,,,,,,,,,,,,,,,0.024824,,False,False,"wall_time_lower,final_judge_call_count_lower"
5-scale full,5,lunar_ice_sp50_005_012_seed679018,B1B_seeded_root_CG,B2B_seeded_tail_CG,,,,,BPC_GAP_AVAILABLE,BPC_NODE_LP_CERTIFIED,CERTIFIED_NO_NEGATIVE,True,b2b_true_dual_pricing_closure,BPC_NODE_LP_CERTIFIED,1431.520203,1431.520203,True,True,3,3,47,47,0,0,0,0,0,47,,,19,19,0,,0,0,True,True,0,,,,,,,,,,,,,,,,,,,,,,,,,,,,,,,,,,,,,,,,0.386306,,False,False,
5-scale full,5,lunar_ice_sp50_005_010_seed679016,fixed_graph_direct_dp_oracle,B0_pure_direct_dp,,,,,DIRECT_DP_BASELINE_OPTIMAL,DIRECT_DP_FIXED_GRAPH_OPTIMAL,,False,,,1340.689732,,False,,0,0,0,0,0,0,0,0,0,0,,,0,0,0,,0,0,,,0,,,,,,,,,,,,,,,,,,,,,,,,,,,,,,,,,,,,,,,,0.008129,,False,False,
5-scale full,5,lunar_ice_sp50_005_010_seed679016,accepted_B1,B1A_full_universe_root_audit,,,,,BPC_GAP_AVAILABLE,BPC_NODE_LP_CERTIFIED,CERTIFIED_NO_NEGATIVE,True,b1_root_true_dual_pricing_closure,BPC_NODE_LP_CERTIFIED,1340.689732,1340.689732,True,True,1,1,0,0,0,0,0,0,0,0,,,0,0,0,,0,0,True,True,0,,,,,,,,,,,,,,,,,,,,,,,,,,,,,,,,,,,,,,,,0.190016,,False,False,
5-scale full,5,lunar_ice_sp50_005_010_seed679016,accepted_B1,B1B_seeded_root_CG,,,,,BPC_GAP_AVAILABLE,BPC_NODE_LP_CERTIFIED,CERTIFIED_NO_NEGATIVE,True,b1_root_true_dual_pricing_closure,BPC_NODE_LP_CERTIFIED,1340.689732,1340.689732,True,True,3,3,0,0,0,0,0,0,0,0,,,21,21,0,,0,0,True,True,0,,,,,,,,,,,,,,,,,,,,,,,,,,,,,,,,,,,,,,,,0.264191,,False,False,
5-scale full,5,lunar_ice_sp50_005_010_seed679016,B1A_full_universe_root_audit,B2A_full_universe_rc_audit_fast_path,,,,,BPC_GAP_AVAILABLE,BPC_NODE_LP_CERTIFIED,CERTIFIED_NO_NEGATIVE,True,b2a_full_universe_membership_rc_audit,BPC_NODE_LP_CERTIFIED,1340.689732,1340.689732,True,True,1,0,0,0,0,0,0,0,0,0,,,0,0,0,,0,0,True,True,0,,,,,,,,,,,,,,,,,,,,,,,,,,,,,,,,,,,,,,,,0.016036,,False,False,"wall_time_lower,final_judge_call_count_lower"
5-scale full,5,lunar_ice_sp50_005_010_seed679016,B1B_seeded_root_CG,B2B_seeded_tail_CG,,,,,BPC_GAP_AVAILABLE,BPC_NODE_LP_CERTIFIED,CERTIFIED_NO_NEGATIVE,True,b2b_true_dual_pricing_closure,BPC_NODE_LP_CERTIFIED,1340.689732,1340.689732,True,True,3,3,53,53,0,0,0,0,0,53,,,21,21,0,,0,0,True,True,0,,,,,,,,,,,,,,,,,,,,,,,,,,,,,,,,,,,,,,,,0.258125,,False,False,wall_time_lower
5-scale full,5,lunar_ice_sp50_005_011_seed679017,fixed_graph_direct_dp_oracle,B0_pure_direct_dp,,,,,DIRECT_DP_BASELINE_OPTIMAL,DIRECT_DP_FIXED_GRAPH_OPTIMAL,,False,,,1432.954994,,False,,0,0,0,0,0,0,0,0,0,0,,,0,0,0,,0,0,,,0,,,,,,,,,,,,,,,,,,,,,,,,,,,,,,,,,,,,,,,,0.004984,,False,False,
5-scale full,5,lunar_ice_sp50_005_011_seed679017,accepted_B1,B1A_full_universe_root_audit,,,,,BPC_GAP_AVAILABLE,BPC_NODE_LP_CERTIFIED,CERTIFIED_NO_NEGATIVE,True,b1_root_true_dual_pricing_closure,BPC_NODE_LP_CERTIFIED,1432.954994,1432.954994,True,True,1,1,0,0,0,0,0,0,0,0,,,0,0,0,,0,0,True,True,0,,,,,,,,,,,,,,,,,,,,,,,,,,,,,,,,,,,,,,,,0.317606,,False,False,
5-scale full,5,lunar_ice_sp50_005_011_seed679017,accepted_B1,B1B_seeded_root_CG,,,,,BPC_GAP_AVAILABLE,BPC_NODE_LP_CERTIFIED,CERTIFIED_NO_NEGATIVE,True,b1_root_true_dual_pricing_closure,BPC_NODE_LP_CERTIFIED,1432.954994,1432.954994,True,True,3,3,0,0,0,0,0,0,0,0,,,20,20,0,,0,0,True,True,0,,,,,,,,,,,,,,,,,,,,,,,,,,,,,,,,,,,,,,,,0.40903,,False,False,
5-scale full,5,lunar_ice_sp50_005_011_seed679017,B1A_full_universe_root_audit,B2A_full_universe_rc_audit_fast_path,,,,,BPC_GAP_AVAILABLE,BPC_NODE_LP_CERTIFIED,CERTIFIED_NO_NEGATIVE,True,b2a_full_universe_membership_rc_audit,BPC_NODE_LP_CERTIFIED,1432.954994,1432.954994,True,True,1,0,0,0,0,0,0,0,0,0,,,0,0,0,,0,0,True,True,0,,,,,,,,,,,,,,,,,,,,,,,,,,,,,,,,,,,,,,,,0.011876,,False,False,"wall_time_lower,final_judge_call_count_lower"
5-scale full,5,lunar_ice_sp50_005_011_seed679017,B1B_seeded_root_CG,B2B_seeded_tail_CG,,,,,BPC_GAP_AVAILABLE,BPC_NODE_LP_CERTIFIED,CERTIFIED_NO_NEGATIVE,True,b2b_true_dual_pricing_closure,BPC_NODE_LP_CERTIFIED,1432.954994,1432.954994,True,True,3,3,52,52,0,0,0,0,0,52,,,20,20,0,,0,0,True,True,0,,,,,,,,,,,,,,,,,,,,,,,,,,,,,,,,,,,,,,,,0.407209,,False,False,wall_time_lower
5-scale full,5,lunar_ice_sp50_005_013_seed679019,fixed_graph_direct_dp_oracle,B0_pure_direct_dp,,,,,DIRECT_DP_BASELINE_OPTIMAL,DIRECT_DP_FIXED_GRAPH_OPTIMAL,,False,,,1573.234918,,False,,0,0,0,0,0,0,0,0,0,0,,,0,0,0,,0,0,,,0,,,,,,,,,,,,,,,,,,,,,,,,,,,,,,,,,,,,,,,,0.005677,,False,False,
5-scale full,5,lunar_ice_sp50_005_013_seed679019,accepted_B1,B1A_full_universe_root_audit,,,,,BPC_GAP_AVAILABLE,BPC_NODE_LP_CERTIFIED,CERTIFIED_NO_NEGATIVE,True,b1_root_true_dual_pricing_closure,BPC_NODE_LP_CERTIFIED,1573.234918,1573.234918,True,True,1,1,0,0,0,0,0,0,0,0,,,0,0,0,,0,0,True,True,0,,,,,,,,,,,,,,,,,,,,,,,,,,,,,,,,,,,,,,,,0.247708,,False,False,
5-scale full,5,lunar_ice_sp50_005_013_seed679019,accepted_B1,B1B_seeded_root_CG,,,,,BPC_GAP_AVAILABLE,BPC_NODE_LP_CERTIFIED,CERTIFIED_NO_NEGATIVE,True,b1_root_true_dual_pricing_closure,BPC_NODE_LP_CERTIFIED,1573.234918,1573.234918,True,True,3,3,0,0,0,0,0,0,0,0,,,17,17,0,,0,0,True,True,0,,,,,,,,,,,,,,,,,,,,,,,,,,,,,,,,,,,,,,,,0.340554,,False,False,
5-scale full,5,lunar_ice_sp50_005_013_seed679019,B1A_full_universe_root_audit,B2A_full_universe_rc_audit_fast_path,,,,,BPC_GAP_AVAILABLE,BPC_NODE_LP_CERTIFIED,CERTIFIED_NO_NEGATIVE,True,b2a_full_universe_membership_rc_audit,BPC_NODE_LP_CERTIFIED,1573.234918,1573.234918,True,True,1,0,0,0,0,0,0,0,0,0,,,0,0,0,,0,0,True,True,0,,,,,,,,,,,,,,,,,,,,,,,,,,,,,,,,,,,,,,,,0.012556,,False,False,"wall_time_lower,final_judge_call_count_lower"
5-scale full,5,lunar_ice_sp50_005_013_seed679019,B1B_seeded_root_CG,B2B_seeded_tail_CG,,,,,BPC_GAP_AVAILABLE,BPC_NODE_LP_CERTIFIED,CERTIFIED_NO_NEGATIVE,True,b2b_true_dual_pricing_closure,BPC_NODE_LP_CERTIFIED,1573.234918,1573.234918,True,True,3,3,43,43,0,0,0,0,0,43,,,17,17,0,,0,0,True,True,0,,,,,,,,,,,,,,,,,,,,,,,,,,,,,,,,,,,,,,,,0.331114,,False,False,wall_time_lower
5-scale full,5,lunar_ice_sp50_005_014_seed679020,fixed_graph_direct_dp_oracle,B0_pure_direct_dp,,,,,DIRECT_DP_BASELINE_OPTIMAL,DIRECT_DP_FIXED_GRAPH_OPTIMAL,,False,,,1544.987555,,False,,0,0,0,0,0,0,0,0,0,0,,,0,0,0,,0,0,,,0,,,,,,,,,,,,,,,,,,,,,,,,,,,,,,,,,,,,,,,,0.007388,,False,False,
5-scale full,5,lunar_ice_sp50_005_014_seed679020,accepted_B1,B1A_full_universe_root_audit,,,,,BPC_GAP_AVAILABLE,BPC_NODE_LP_CERTIFIED,CERTIFIED_NO_NEGATIVE,True,b1_root_true_dual_pricing_closure,BPC_NODE_LP_CERTIFIED,1544.987555,1544.987555,True,True,1,1,0,0,0,0,0,0,0,0,,,0,0,0,,0,0,True,True,0,,,,,,,,,,,,,,,,,,,,,,,,,,,,,,,,,,,,,,,,0.314158,,False,False,
5-scale full,5,lunar_ice_sp50_005_014_seed679020,accepted_B1,B1B_seeded_root_CG,,,,,BPC_GAP_AVAILABLE,BPC_NODE_LP_CERTIFIED,CERTIFIED_NO_NEGATIVE,True,b1_root_true_dual_pricing_closure,BPC_NODE_LP_CERTIFIED,1544.987555,1544.987555,True,True,3,3,0,0,0,0,0,0,0,0,,,21,21,0,,0,0,True,True,0,,,,,,,,,,,,,,,,,,,,,,,,,,,,,,,,,,,,,,,,0.39312,,False,False,
5-scale full,5,lunar_ice_sp50_005_014_seed679020,B1A_full_universe_root_audit,B2A_full_universe_rc_audit_fast_path,,,,,BPC_GAP_AVAILABLE,BPC_NODE_LP_CERTIFIED,CERTIFIED_NO_NEGATIVE,True,b2a_full_universe_membership_rc_audit,BPC_NODE_LP_CERTIFIED,1544.987555,1544.987555,True,True,1,0,0,0,0,0,0,0,0,0,,,0,0,0,,0,0,True,True,0,,,,,,,,,,,,,,,,,,,,,,,,,,,,,,,,,,,,,,,,0.017836,,False,False,"wall_time_lower,final_judge_call_count_lower"
5-scale full,5,lunar_ice_sp50_005_014_seed679020,B1B_seeded_root_CG,B2B_seeded_tail_CG,,,,,BPC_GAP_AVAILABLE,BPC_NODE_LP_CERTIFIED,CERTIFIED_NO_NEGATIVE,True,b2b_true_dual_pricing_closure,BPC_NODE_LP_CERTIFIED,1544.987555,1544.987555,True,True,3,3,55,55,0,0,0,0,0,55,,,21,21,0,,0,0,True,True,0,,,,,,,,,,,,,,,,,,,,,,,,,,,,,,,,,,,,,,,,0.385424,,False,False,wall_time_lower
5-scale full,5,lunar_ice_sp50_005_015_seed679021,fixed_graph_direct_dp_oracle,B0_pure_direct_dp,,,,,DIRECT_DP_BASELINE_OPTIMAL,DIRECT_DP_FIXED_GRAPH_OPTIMAL,,False,,,1529.573117,,False,,0,0,0,0,0,0,0,0,0,0,,,0,0,0,,0,0,,,0,,,,,,,,,,,,,,,,,,,,,,,,,,,,,,,,,,,,,,,,0.006193,,False,False,
5-scale full,5,lunar_ice_sp50_005_015_seed679021,accepted_B1,B1A_full_universe_root_audit,,,,,BPC_GAP_AVAILABLE,BPC_NODE_LP_CERTIFIED,CERTIFIED_NO_NEGATIVE,True,b1_root_true_dual_pricing_closure,BPC_NODE_LP_CERTIFIED,1529.573117,1529.573117,True,True,1,1,0,0,0,0,0,0,0,0,,,0,0,0,,0,0,True,True,0,,,,,,,,,,,,,,,,,,,,,,,,,,,,,,,,,,,,,,,,0.16907,,False,False,
5-scale full,5,lunar_ice_sp50_005_015_seed679021,accepted_B1,B1B_seeded_root_CG,,,,,BPC_GAP_AVAILABLE,BPC_NODE_LP_CERTIFIED,CERTIFIED_NO_NEGATIVE,True,b1_root_true_dual_pricing_closure,BPC_NODE_LP_CERTIFIED,1529.573117,1529.573117,True,True,4,4,0,0,0,0,0,0,0,0,,,20,20,0,,0,0,True,True,0,,,,,,,,,,,,,,,,,,,,,,,,,,,,,,,,,,,,,,,,0.229332,,False,False,
5-scale full,5,lunar_ice_sp50_005_015_seed679021,B1A_full_universe_root_audit,B2A_full_universe_rc_audit_fast_path,,,,,BPC_GAP_AVAILABLE,BPC_NODE_LP_CERTIFIED,CERTIFIED_NO_NEGATIVE,True,b2a_full_universe_membership_rc_audit,BPC_NODE_LP_CERTIFIED,1529.573117,1529.573117,True,True,1,0,0,0,0,0,0,0,0,0,,,0,0,0,,0,0,True,True,0,,,,,,,,,,,,,,,,,,,,,,,,,,,,,,,,,,,,,,,,0.009086,,False,False,"wall_time_lower,final_judge_call_count_lower"
5-scale full,5,lunar_ice_sp50_005_015_seed679021,B1B_seeded_root_CG,B2B_seeded_tail_CG,,,,,BPC_GAP_AVAILABLE,BPC_NODE_LP_CERTIFIED,CERTIFIED_NO_NEGATIVE,True,b2b_true_dual_pricing_closure,BPC_NODE_LP_CERTIFIED,1529.573117,1529.573117,True,True,4,4,54,54,0,0,0,0,0,54,,,20,20,0,,0,0,True,True,0,,,,,,,,,,,,,,,,,,,,,,,,,,,,,,,,,,,,,,,,0.230336,,False,False,
5-scale full,5,lunar_ice_sp50_005_019_seed679025,fixed_graph_direct_dp_oracle,B0_pure_direct_dp,,,,,DIRECT_DP_BASELINE_OPTIMAL,DIRECT_DP_FIXED_GRAPH_OPTIMAL,,False,,,1158.248056,,False,,0,0,0,0,0,0,0,0,0,0,,,0,0,0,,0,0,,,0,,,,,,,,,,,,,,,,,,,,,,,,,,,,,,,,,,,,,,,,0.004987,,False,False,
5-scale full,5,lunar_ice_sp50_005_019_seed679025,accepted_B1,B1A_full_universe_root_audit,,,,,BPC_GAP_AVAILABLE,BPC_NODE_LP_CERTIFIED,CERTIFIED_NO_NEGATIVE,True,b1_root_true_dual_pricing_closure,BPC_NODE_LP_CERTIFIED,1158.248056,1158.248056,True,True,1,1,0,0,0,0,0,0,0,0,,,0,0,0,,0,0,True,True,0,,,,,,,,,,,,,,,,,,,,,,,,,,,,,,,,,,,,,,,,0.173562,,False,False,
5-scale full,5,lunar_ice_sp50_005_019_seed679025,accepted_B1,B1B_seeded_root_CG,,,,,BPC_GAP_AVAILABLE,BPC_NODE_LP_CERTIFIED,CERTIFIED_NO_NEGATIVE,True,b1_root_true_dual_pricing_closure,BPC_NODE_LP_CERTIFIED,1158.248056,1158.248056,True,True,3,3,0,0,0,0,0,0,0,0,,,21,21,0,,0,0,True,True,0,,,,,,,,,,,,,,,,,,,,,,,,,,,,,,,,,,,,,,,,0.236502,,False,False,
5-scale full,5,lunar_ice_sp50_005_019_seed679025,B1A_full_universe_root_audit,B2A_full_universe_rc_audit_fast_path,,,,,BPC_GAP_AVAILABLE,BPC_NODE_LP_CERTIFIED,CERTIFIED_NO_NEGATIVE,True,b2a_full_universe_membership_rc_audit,BPC_NODE_LP_CERTIFIED,1158.248056,1158.248056,True,True,1,0,0,0,0,0,0,0,0,0,,,0,0,0,,0,0,True,True,0,,,,,,,,,,,,,,,,,,,,,,,,,,,,,,,,,,,,,,,,0.008862,,False,False,"wall_time_lower,final_judge_call_count_lower"
5-scale full,5,lunar_ice_sp50_005_019_seed679025,B1B_seeded_root_CG,B2B_seeded_tail_CG,,,,,BPC_GAP_AVAILABLE,BPC_NODE_LP_CERTIFIED,CERTIFIED_NO_NEGATIVE,True,b2b_true_dual_pricing_closure,BPC_NODE_LP_CERTIFIED,1158.248056,1158.248056,True,True,3,3,53,53,0,0,0,0,0,53,,,21,21,0,,0,0,True,True,0,,,,,,,,,,,,,,,,,,,,,,,,,,,,,,,,,,,,,,,,0.235493,,False,False,wall_time_lower
5-scale full,5,lunar_ice_sp50_005_016_seed679062,fixed_graph_direct_dp_oracle,B0_pure_direct_dp,,,,,DIRECT_DP_BASELINE_OPTIMAL,DIRECT_DP_FIXED_GRAPH_OPTIMAL,,False,,,1071.627935,,False,,0,0,0,0,0,0,0,0,0,0,,,0,0,0,,0,0,,,0,,,,,,,,,,,,,,,,,,,,,,,,,,,,,,,,,,,,,,,,0.005041,,False,False,
5-scale full,5,lunar_ice_sp50_005_016_seed679062,accepted_B1,B1A_full_universe_root_audit,,,,,BPC_GAP_AVAILABLE,BPC_NODE_LP_CERTIFIED,CERTIFIED_NO_NEGATIVE,True,b1_root_true_dual_pricing_closure,BPC_NODE_LP_CERTIFIED,1071.627935,1071.627935,True,True,1,1,0,0,0,0,0,0,0,0,,,0,0,0,,0,0,True,True,0,,,,,,,,,,,,,,,,,,,,,,,,,,,,,,,,,,,,,,,,0.111217,,False,False,
5-scale full,5,lunar_ice_sp50_005_016_seed679062,accepted_B1,B1B_seeded_root_CG,,,,,BPC_GAP_AVAILABLE,BPC_NODE_LP_CERTIFIED,CERTIFIED_NO_NEGATIVE,True,b1_root_true_dual_pricing_closure,BPC_NODE_LP_CERTIFIED,1071.627935,1071.627935,True,True,3,3,0,0,0,0,0,0,0,0,,,21,21,0,,0,0,True,True,0,,,,,,,,,,,,,,,,,,,,,,,,,,,,,,,,,,,,,,,,0.169419,,False,False,
5-scale full,5,lunar_ice_sp50_005_016_seed679062,B1A_full_universe_root_audit,B2A_full_universe_rc_audit_fast_path,,,,,BPC_GAP_AVAILABLE,BPC_NODE_LP_CERTIFIED,CERTIFIED_NO_NEGATIVE,True,b2a_full_universe_membership_rc_audit,BPC_NODE_LP_CERTIFIED,1071.627935,1071.627935,True,True,1,0,0,0,0,0,0,0,0,0,,,0,0,0,,0,0,True,True,0,,,,,,,,,,,,,,,,,,,,,,,,,,,,,,,,,,,,,,,,0.01006,,False,False,"wall_time_lower,final_judge_call_count_lower"
5-scale full,5,lunar_ice_sp50_005_016_seed679062,B1B_seeded_root_CG,B2B_seeded_tail_CG,,,,,BPC_GAP_AVAILABLE,BPC_NODE_LP_CERTIFIED,CERTIFIED_NO_NEGATIVE,True,b2b_true_dual_pricing_closure,BPC_NODE_LP_CERTIFIED,1071.627935,1071.627935,True,True,3,3,53,53,0,0,0,0,0,53,,,21,21,0,,0,0,True,True,0,,,,,,,,,,,,,,,,,,,,,,,,,,,,,,,,,,,,,,,,0.173867,,False,False,
5-scale full,5,lunar_ice_sp50_005_020_seed679026,fixed_graph_direct_dp_oracle,B0_pure_direct_dp,,,,,DIRECT_DP_BASELINE_OPTIMAL,DIRECT_DP_FIXED_GRAPH_OPTIMAL,,False,,,1330.682244,,False,,0,0,0,0,0,0,0,0,0,0,,,0,0,0,,0,0,,,0,,,,,,,,,,,,,,,,,,,,,,,,,,,,,,,,,,,,,,,,0.005111,,False,False,
5-scale full,5,lunar_ice_sp50_005_020_seed679026,accepted_B1,B1A_full_universe_root_audit,,,,,BPC_GAP_AVAILABLE,BPC_NODE_LP_CERTIFIED,CERTIFIED_NO_NEGATIVE,True,b1_root_true_dual_pricing_closure,BPC_NODE_LP_CERTIFIED,1330.682244,1330.682244,True,True,1,1,0,0,0,0,0,0,0,0,,,0,0,0,,0,0,True,True,0,,,,,,,,,,,,,,,,,,,,,,,,,,,,,,,,,,,,,,,,0.171607,,False,False,
5-scale full,5,lunar_ice_sp50_005_020_seed679026,accepted_B1,B1B_seeded_root_CG,,,,,BPC_GAP_AVAILABLE,BPC_NODE_LP_CERTIFIED,CERTIFIED_NO_NEGATIVE,True,b1_root_true_dual_pricing_closure,BPC_NODE_LP_CERTIFIED,1330.682244,1330.682244,True,True,3,3,0,0,0,0,0,0,0,0,,,21,21,0,,0,0,True,True,0,,,,,,,,,,,,,,,,,,,,,,,,,,,,,,,,,,,,,,,,0.235036,,False,False,
5-scale full,5,lunar_ice_sp50_005_020_seed679026,B1A_full_universe_root_audit,B2A_full_universe_rc_audit_fast_path,,,,,BPC_GAP_AVAILABLE,BPC_NODE_LP_CERTIFIED,CERTIFIED_NO_NEGATIVE,True,b2a_full_universe_membership_rc_audit,BPC_NODE_LP_CERTIFIED,1330.682244,1330.682244,True,True,1,0,0,0,0,0,0,0,0,0,,,0,0,0,,0,0,True,True,0,,,,,,,,,,,,,,,,,,,,,,,,,,,,,,,,,,,,,,,,0.01192,,False,False,"wall_time_lower,final_judge_call_count_lower"
5-scale full,5,lunar_ice_sp50_005_020_seed679026,B1B_seeded_root_CG,B2B_seeded_tail_CG,,,,,BPC_GAP_AVAILABLE,BPC_NODE_LP_CERTIFIED,CERTIFIED_NO_NEGATIVE,True,b2b_true_dual_pricing_closure,BPC_NODE_LP_CERTIFIED,1330.682244,1330.682244,True,True,3,3,53,53,0,0,0,0,0,53,,,21,21,0,,0,0,True,True,0,,,,,,,,,,,,,,,,,,,,,,,,,,,,,,,,,,,,,,,,0.239945,,False,False,
5-scale full,5,lunar_ice_sp50_005_018_seed679064,fixed_graph_direct_dp_oracle,B0_pure_direct_dp,,,,,DIRECT_DP_BASELINE_OPTIMAL,DIRECT_DP_FIXED_GRAPH_OPTIMAL,,False,,,956.173707,,False,,0,0,0,0,0,0,0,0,0,0,,,0,0,0,,0,0,,,0,,,,,,,,,,,,,,,,,,,,,,,,,,,,,,,,,,,,,,,,0.005522,,False,False,
5-scale full,5,lunar_ice_sp50_005_018_seed679064,accepted_B1,B1A_full_universe_root_audit,,,,,BPC_GAP_AVAILABLE,BPC_NODE_LP_CERTIFIED,CERTIFIED_NO_NEGATIVE,True,b1_root_true_dual_pricing_closure,BPC_NODE_LP_CERTIFIED,956.173707,956.173707,True,True,1,1,0,0,0,0,0,0,0,0,,,0,0,0,,0,0,True,True,0,,,,,,,,,,,,,,,,,,,,,,,,,,,,,,,,,,,,,,,,0.191624,,False,False,
5-scale full,5,lunar_ice_sp50_005_018_seed679064,accepted_B1,B1B_seeded_root_CG,,,,,BPC_GAP_AVAILABLE,BPC_NODE_LP_CERTIFIED,CERTIFIED_NO_NEGATIVE,True,b1_root_true_dual_pricing_closure,BPC_NODE_LP_CERTIFIED,956.173707,956.173707,True,True,4,4,0,0,0,0,0,0,0,0,,,18,18,0,,0,0,True,True,0,,,,,,,,,,,,,,,,,,,,,,,,,,,,,,,,,,,,,,,,0.329634,,False,False,
5-scale full,5,lunar_ice_sp50_005_018_seed679064,B1A_full_universe_root_audit,B2A_full_universe_rc_audit_fast_path,,,,,BPC_GAP_AVAILABLE,BPC_NODE_LP_CERTIFIED,CERTIFIED_NO_NEGATIVE,True,b2a_full_universe_membership_rc_audit,BPC_NODE_LP_CERTIFIED,956.173707,956.173707,True,True,1,0,0,0,0,0,0,0,0,0,,,0,0,0,,0,0,True,True,0,,,,,,,,,,,,,,,,,,,,,,,,,,,,,,,,,,,,,,,,0.014294,,False,False,"wall_time_lower,final_judge_call_count_lower"
5-scale full,5,lunar_ice_sp50_005_018_seed679064,B1B_seeded_root_CG,B2B_seeded_tail_CG,,,,,BPC_GAP_AVAILABLE,BPC_NODE_LP_CERTIFIED,CERTIFIED_NO_NEGATIVE,True,b2b_true_dual_pricing_closure,BPC_NODE_LP_CERTIFIED,956.173707,956.173707,True,True,4,4,52,52,0,0,0,0,0,52,,,18,18,0,,0,0,True,True,0,,,,,,,,,,,,,,,,,,,,,,,,,,,,,,,,,,,,,,,,0.333991,,False,False,
5-scale full,5,lunar_ice_sp50_005_017_seed679123,fixed_graph_direct_dp_oracle,B0_pure_direct_dp,,,,,DIRECT_DP_BASELINE_OPTIMAL,DIRECT_DP_FIXED_GRAPH_OPTIMAL,,False,,,1255.420499,,False,,0,0,0,0,0,0,0,0,0,0,,,0,0,0,,0,0,,,0,,,,,,,,,,,,,,,,,,,,,,,,,,,,,,,,,,,,,,,,0.008004,,False,False,
5-scale full,5,lunar_ice_sp50_005_017_seed679123,accepted_B1,B1A_full_universe_root_audit,,,,,BPC_GAP_AVAILABLE,BPC_NODE_LP_CERTIFIED,CERTIFIED_NO_NEGATIVE,True,b1_root_true_dual_pricing_closure,BPC_NODE_LP_CERTIFIED,1255.420499,1255.420499,True,True,1,1,0,0,0,0,0,0,0,0,,,0,0,0,,0,0,True,True,0,,,,,,,,,,,,,,,,,,,,,,,,,,,,,,,,,,,,,,,,0.24712,,False,False,
5-scale full,5,lunar_ice_sp50_005_017_seed679123,accepted_B1,B1B_seeded_root_CG,,,,,BPC_GAP_AVAILABLE,BPC_NODE_LP_CERTIFIED,CERTIFIED_NO_NEGATIVE,True,b1_root_true_dual_pricing_closure,BPC_NODE_LP_CERTIFIED,1255.420499,1255.420499,True,True,3,3,0,0,0,0,0,0,0,0,,,21,21,0,,0,0,True,True,0,,,,,,,,,,,,,,,,,,,,,,,,,,,,,,,,,,,,,,,,0.370641,,False,False,
5-scale full,5,lunar_ice_sp50_005_017_seed679123,B1A_full_universe_root_audit,B2A_full_universe_rc_audit_fast_path,,,,,BPC_GAP_AVAILABLE,BPC_NODE_LP_CERTIFIED,CERTIFIED_NO_NEGATIVE,True,b2a_full_universe_membership_rc_audit,BPC_NODE_LP_CERTIFIED,1255.420499,1255.420499,True,True,1,0,0,0,0,0,0,0,0,0,,,0,0,0,,0,0,True,True,0,,,,,,,,,,,,,,,,,,,,,,,,,,,,,,,,,,,,,,,,0.016923,,False,False,"wall_time_lower,final_judge_call_count_lower"
5-scale full,5,lunar_ice_sp50_005_017_seed679123,B1B_seeded_root_CG,B2B_seeded_tail_CG,,,,,BPC_GAP_AVAILABLE,BPC_NODE_LP_CERTIFIED,CERTIFIED_NO_NEGATIVE,True,b2b_true_dual_pricing_closure,BPC_NODE_LP_CERTIFIED,1255.420499,1255.420499,True,True,3,3,53,53,0,0,0,0,0,53,,,21,21,0,,0,0,True,True,0,,,,,,,,,,,,,,,,,,,,,,,,,,,,,,,,,,,,,,,,0.371525,,False,False,
10-scale selected5,10,lunar_ice_sp50_010_004_seed729004,fixed_graph_direct_dp_oracle,B0_pure_direct_dp,,,,,DIRECT_DP_BASELINE_OPTIMAL,DIRECT_DP_FIXED_GRAPH_OPTIMAL,,False,,,2434.053897,,False,,0,0,0,0,0,0,0,0,0,0,,,0,0,0,,0,0,,,0,,,,,,,,,,,,,,,,,,,,,,,,,,,,,,,,,,,,,,,,0.117858,,False,False,
10-scale selected5,10,lunar_ice_sp50_010_004_seed729004,accepted_B1,B1A_full_universe_root_audit,,,,,BPC_INCOMPLETE_PRICING,FEASIBLE_INCUMBENT_ONLY,INCOMPLETE_LIMIT,False,,,,,False,,0,0,0,0,0,0,0,0,0,0,,,0,0,0,,0,0,,,0,,,,,,,,,,,,,,,,,,,,,,,,,,,,,,,,,,,,,,,,10.0,row_time_limit_sec=10.0 exceeded at max_direct_tasks=10,False,False,
10-scale selected5,10,lunar_ice_sp50_010_004_seed729004,accepted_B1,B1B_seeded_root_CG,,,,,BPC_INCOMPLETE_PRICING,FEASIBLE_INCUMBENT_ONLY,INCOMPLETE_LIMIT,False,,,,,False,,0,0,0,0,0,0,0,0,0,0,,,0,0,0,,0,0,,,0,,,,,,,,,,,,,,,,,,,,,,,,,,,,,,,,,,,,,,,,10.0,row_time_limit_sec=10.0 exceeded at max_direct_tasks=10,False,False,
10-scale selected5,10,lunar_ice_sp50_010_004_seed729004,B1A_full_universe_root_audit,B2A_full_universe_rc_audit_fast_path,,,,,BPC_GAP_AVAILABLE,BPC_NODE_LP_CERTIFIED,CERTIFIED_NO_NEGATIVE,True,b2a_full_universe_membership_rc_audit,BPC_NODE_LP_CERTIFIED,2434.053897,2434.053897,True,True,1,0,0,0,0,0,0,0,0,0,,,0,0,0,,0,0,True,True,0,,,,,,,,,,,,,,,,,,,,,,,,,,,,,,,,,,,,,,,,0.265291,,False,False,wall_time_lower
10-scale selected5,10,lunar_ice_sp50_010_004_seed729004,B1B_seeded_root_CG,B2B_seeded_tail_CG,,,,,BPC_INCOMPLETE_PRICING,FEASIBLE_INCUMBENT_ONLY,INCOMPLETE_LIMIT,False,,,,,False,,0,0,0,0,0,0,0,0,0,0,,,0,0,0,,0,0,,,0,,,,,,,,,,,,,,,,,,,,,,,,,,,,,,,,,,,,,,,,10.0,row_time_limit_sec=10.0 exceeded at max_direct_tasks=10,False,False,
10-scale selected5,10,lunar_ice_sp50_010_002_seed729002,fixed_graph_direct_dp_oracle,B0_pure_direct_dp,,,,,DIRECT_DP_BASELINE_OPTIMAL,DIRECT_DP_FIXED_GRAPH_OPTIMAL,,False,,,2458.986666,,False,,0,0,0,0,0,0,0,0,0,0,,,0,0,0,,0,0,,,0,,,,,,,,,,,,,,,,,,,,,,,,,,,,,,,,,,,,,,,,0.060789,,False,False,
10-scale selected5,10,lunar_ice_sp50_010_002_seed729002,accepted_B1,B1A_full_universe_root_audit,,,,,BPC_INCOMPLETE_PRICING,FEASIBLE_INCUMBENT_ONLY,INCOMPLETE_LIMIT,False,,,,,False,,0,0,0,0,0,0,0,0,0,0,,,0,0,0,,0,0,,,0,,,,,,,,,,,,,,,,,,,,,,,,,,,,,,,,,,,,,,,,10.0,row_time_limit_sec=10.0 exceeded at max_direct_tasks=10,False,False,
10-scale selected5,10,lunar_ice_sp50_010_002_seed729002,accepted_B1,B1B_seeded_root_CG,,,,,BPC_INCOMPLETE_PRICING,FEASIBLE_INCUMBENT_ONLY,INCOMPLETE_LIMIT,False,,,,,False,,0,0,0,0,0,0,0,0,0,0,,,0,0,0,,0,0,,,0,,,,,,,,,,,,,,,,,,,,,,,,,,,,,,,,,,,,,,,,10.0,row_time_limit_sec=10.0 exceeded at max_direct_tasks=10,False,False,
10-scale selected5,10,lunar_ice_sp50_010_002_seed729002,B1A_full_universe_root_audit,B2A_full_universe_rc_audit_fast_path,,,,,BPC_GAP_AVAILABLE,BPC_NODE_LP_CERTIFIED,CERTIFIED_NO_NEGATIVE,True,b2a_full_universe_membership_rc_audit,BPC_NODE_LP_CERTIFIED,2458.986666,2458.986666,True,True,1,0,0,0,0,0,0,0,0,0,,,0,0,0,,0,0,True,True,0,,,,,,,,,,,,,,,,,,,,,,,,,,,,,,,,,,,,,,,,0.158659,,False,False,wall_time_lower
10-scale selected5,10,lunar_ice_sp50_010_002_seed729002,B1B_seeded_root_CG,B2B_seeded_tail_CG,,,,,BPC_INCOMPLETE_PRICING,FEASIBLE_INCUMBENT_ONLY,INCOMPLETE_LIMIT,False,,,,,False,,0,0,0,0,0,0,0,0,0,0,,,0,0,0,,0,0,,,0,,,,,,,,,,,,,,,,,,,,,,,,,,,,,,,,,,,,,,,,10.0,row_time_limit_sec=10.0 exceeded at max_direct_tasks=10,False,False,
10-scale selected5,10,lunar_ice_sp50_010_001_seed729001,fixed_graph_direct_dp_oracle,B0_pure_direct_dp,,,,,DIRECT_DP_BASELINE_OPTIMAL,DIRECT_DP_FIXED_GRAPH_OPTIMAL,,False,,,2931.301573,,False,,0,0,0,0,0,0,0,0,0,0,,,0,0,0,,0,0,,,0,,,,,,,,,,,,,,,,,,,,,,,,,,,,,,,,,,,,,,,,0.056021,,False,False,
10-scale selected5,10,lunar_ice_sp50_010_001_seed729001,accepted_B1,B1A_full_universe_root_audit,,,,,BPC_INCOMPLETE_PRICING,FEASIBLE_INCUMBENT_ONLY,INCOMPLETE_LIMIT,False,,,,,False,,0,0,0,0,0,0,0,0,0,0,,,0,0,0,,0,0,,,0,,,,,,,,,,,,,,,,,,,,,,,,,,,,,,,,,,,,,,,,10.0,row_time_limit_sec=10.0 exceeded at max_direct_tasks=10,False,False,
10-scale selected5,10,lunar_ice_sp50_010_001_seed729001,accepted_B1,B1B_seeded_root_CG,,,,,BPC_INCOMPLETE_PRICING,FEASIBLE_INCUMBENT_ONLY,INCOMPLETE_LIMIT,False,,,,,False,,0,0,0,0,0,0,0,0,0,0,,,0,0,0,,0,0,,,0,,,,,,,,,,,,,,,,,,,,,,,,,,,,,,,,,,,,,,,,10.0,row_time_limit_sec=10.0 exceeded at max_direct_tasks=10,False,False,
10-scale selected5,10,lunar_ice_sp50_010_001_seed729001,B1A_full_universe_root_audit,B2A_full_universe_rc_audit_fast_path,,,,,BPC_GAP_AVAILABLE,BPC_NODE_LP_CERTIFIED,CERTIFIED_NO_NEGATIVE,True,b2a_full_universe_membership_rc_audit,BPC_NODE_LP_CERTIFIED,2931.301573,2931.301573,True,True,1,0,0,0,0,0,0,0,0,0,,,0,0,0,,0,0,True,True,0,,,,,,,,,,,,,,,,,,,,,,,,,,,,,,,,,,,,,,,,0.15233,,False,False,wall_time_lower
10-scale selected5,10,lunar_ice_sp50_010_001_seed729001,B1B_seeded_root_CG,B2B_seeded_tail_CG,,,,,BPC_INCOMPLETE_PRICING,FEASIBLE_INCUMBENT_ONLY,INCOMPLETE_LIMIT,False,,,,,False,,0,0,0,0,0,0,0,0,0,0,,,0,0,0,,0,0,,,0,,,,,,,,,,,,,,,,,,,,,,,,,,,,,,,,,,,,,,,,10.0,row_time_limit_sec=10.0 exceeded at max_direct_tasks=10,False,False,
10-scale selected5,10,lunar_ice_sp50_010_007_seed729007,fixed_graph_direct_dp_oracle,B0_pure_direct_dp,,,,,DIRECT_DP_BASELINE_OPTIMAL,DIRECT_DP_FIXED_GRAPH_OPTIMAL,,False,,,2223.951295,,False,,0,0,0,0,0,0,0,0,0,0,,,0,0,0,,0,0,,,0,,,,,,,,,,,,,,,,,,,,,,,,,,,,,,,,,,,,,,,,0.123708,,False,False,
10-scale selected5,10,lunar_ice_sp50_010_007_seed729007,accepted_B1,B1A_full_universe_root_audit,,,,,BPC_INCOMPLETE_PRICING,FEASIBLE_INCUMBENT_ONLY,INCOMPLETE_LIMIT,False,,,,,False,,0,0,0,0,0,0,0,0,0,0,,,0,0,0,,0,0,,,0,,,,,,,,,,,,,,,,,,,,,,,,,,,,,,,,,,,,,,,,10.0,row_time_limit_sec=10.0 exceeded at max_direct_tasks=10,False,False,
10-scale selected5,10,lunar_ice_sp50_010_007_seed729007,accepted_B1,B1B_seeded_root_CG,,,,,BPC_INCOMPLETE_PRICING,FEASIBLE_INCUMBENT_ONLY,INCOMPLETE_LIMIT,False,,,,,False,,0,0,0,0,0,0,0,0,0,0,,,0,0,0,,0,0,,,0,,,,,,,,,,,,,,,,,,,,,,,,,,,,,,,,,,,,,,,,10.0,row_time_limit_sec=10.0 exceeded at max_direct_tasks=10,False,False,
10-scale selected5,10,lunar_ice_sp50_010_007_seed729007,B1A_full_universe_root_audit,B2A_full_universe_rc_audit_fast_path,,,,,BPC_GAP_AVAILABLE,BPC_NODE_LP_CERTIFIED,CERTIFIED_NO_NEGATIVE,True,b2a_full_universe_membership_rc_audit,BPC_NODE_LP_CERTIFIED,2223.951295,2223.951295,True,True,1,0,0,0,0,0,0,0,0,0,,,0,0,0,,0,0,True,True,0,,,,,,,,,,,,,,,,,,,,,,,,,,,,,,,,,,,,,,,,0.345426,,False,False,wall_time_lower
10-scale selected5,10,lunar_ice_sp50_010_007_seed729007,B1B_seeded_root_CG,B2B_seeded_tail_CG,,,,,BPC_INCOMPLETE_PRICING,FEASIBLE_INCUMBENT_ONLY,INCOMPLETE_LIMIT,False,,,,,False,,0,0,0,0,0,0,0,0,0,0,,,0,0,0,,0,0,,,0,,,,,,,,,,,,,,,,,,,,,,,,,,,,,,,,,,,,,,,,10.0,row_time_limit_sec=10.0 exceeded at max_direct_tasks=10,False,False,
10-scale selected5,10,lunar_ice_sp50_010_003_seed729023,fixed_graph_direct_dp_oracle,B0_pure_direct_dp,,,,,DIRECT_DP_BASELINE_OPTIMAL,DIRECT_DP_FIXED_GRAPH_OPTIMAL,,False,,,2824.685922,,False,,0,0,0,0,0,0,0,0,0,0,,,0,0,0,,0,0,,,0,,,,,,,,,,,,,,,,,,,,,,,,,,,,,,,,,,,,,,,,0.084041,,False,False,
10-scale selected5,10,lunar_ice_sp50_010_003_seed729023,accepted_B1,B1A_full_universe_root_audit,,,,,BPC_INCOMPLETE_PRICING,FEASIBLE_INCUMBENT_ONLY,INCOMPLETE_LIMIT,False,,,,,False,,0,0,0,0,0,0,0,0,0,0,,,0,0,0,,0,0,,,0,,,,,,,,,,,,,,,,,,,,,,,,,,,,,,,,,,,,,,,,10.0,row_time_limit_sec=10.0 exceeded at max_direct_tasks=10,False,False,
10-scale selected5,10,lunar_ice_sp50_010_003_seed729023,accepted_B1,B1B_seeded_root_CG,,,,,BPC_INCOMPLETE_PRICING,FEASIBLE_INCUMBENT_ONLY,INCOMPLETE_LIMIT,False,,,,,False,,0,0,0,0,0,0,0,0,0,0,,,0,0,0,,0,0,,,0,,,,,,,,,,,,,,,,,,,,,,,,,,,,,,,,,,,,,,,,10.0,row_time_limit_sec=10.0 exceeded at max_direct_tasks=10,False,False,
10-scale selected5,10,lunar_ice_sp50_010_003_seed729023,B1A_full_universe_root_audit,B2A_full_universe_rc_audit_fast_path,,,,,BPC_GAP_AVAILABLE,BPC_NODE_LP_CERTIFIED,CERTIFIED_NO_NEGATIVE,True,b2a_full_universe_membership_rc_audit,BPC_NODE_LP_CERTIFIED,2824.685922,2824.685922,True,True,1,0,0,0,0,0,0,0,0,0,,,0,0,0,,0,0,True,True,0,,,,,,,,,,,,,,,,,,,,,,,,,,,,,,,,,,,,,,,,0.293535,,False,False,wall_time_lower
10-scale selected5,10,lunar_ice_sp50_010_003_seed729023,B1B_seeded_root_CG,B2B_seeded_tail_CG,,,,,BPC_INCOMPLETE_PRICING,FEASIBLE_INCUMBENT_ONLY,INCOMPLETE_LIMIT,False,,,,,False,,0,0,0,0,0,0,0,0,0,0,,,0,0,0,,0,0,,,0,,,,,,,,,,,,,,,,,,,,,,,,,,,,,,,,,,,,,,,,10.0,row_time_limit_sec=10.0 exceeded at max_direct_tasks=10,False,False,
20-scale fail-closed guard,20,lunar_ice_sp50_020_004_seed829004,fixed_graph_direct_dp_oracle,B0_pure_direct_dp,,,,,SKIPPED_TOO_LARGE_FOR_DIRECT_DP_BASELINE,FEASIBLE_INCUMBENT_ONLY,,False,,,,,False,,0,0,0,0,0,0,0,0,0,0,,,0,0,0,,0,0,,,0,,,,,,,,,,,,,,,,,,,,,,,,,,,,,,,,,,,,,,,,0.000559,task_count=20 exceeds max_exact_tasks=10,False,False,
20-scale fail-closed guard,20,lunar_ice_sp50_020_004_seed829004,accepted_B1,B1A_full_universe_root_audit,,,,,BPC_INCOMPLETE_PRICING,FEASIBLE_INCUMBENT_ONLY,INCOMPLETE_LIMIT,False,,,,,False,,0,0,0,0,0,0,0,0,0,0,,,0,0,0,,0,0,False,False,0,,,,,,,,,,,,,,,,,,,,,,,,,,,,,,,,,,,,,,,,0.000616,task_count=20 exceeds max_direct_tasks=10,False,False,
20-scale fail-closed guard,20,lunar_ice_sp50_020_004_seed829004,accepted_B1,B1B_seeded_root_CG,,,,,BPC_INCOMPLETE_PRICING,FEASIBLE_INCUMBENT_ONLY,INCOMPLETE_LIMIT,False,,,,,False,,0,0,0,0,0,0,0,0,0,0,,,0,0,0,,0,0,False,False,0,,,,,,,,,,,,,,,,,,,,,,,,,,,,,,,,,,,,,,,,0.000628,task_count=20 exceeds max_direct_tasks=10,False,False,
20-scale fail-closed guard,20,lunar_ice_sp50_020_004_seed829004,B1A_full_universe_root_audit,B2A_full_universe_rc_audit_fast_path,,,,,BPC_INCOMPLETE_PRICING,FEASIBLE_INCUMBENT_ONLY,INCOMPLETE_LIMIT,False,,,,,False,,0,0,0,0,0,0,0,0,0,0,,,0,0,0,,0,0,False,False,0,,,,,,,,,,,,,,,,,,,,,,,,,,,,,,,,,,,,,,,,0.000693,task_count=20 exceeds B2 max_direct_tasks=10,False,False,clearer_fail_closed_reason
20-scale fail-closed guard,20,lunar_ice_sp50_020_004_seed829004,B1B_seeded_root_CG,B2B_seeded_tail_CG,,,,,BPC_INCOMPLETE_PRICING,FEASIBLE_INCUMBENT_ONLY,INCOMPLETE_LIMIT,False,,,,,False,,0,0,0,0,0,0,0,0,0,0,,,0,0,0,,0,0,False,False,0,,,,,,,,,,,,,,,,,,,,,,,,,,,,,,,,,,,,,,,,0.000952,task_count=20 exceeds B2 max_direct_tasks=10,False,False,clearer_fail_closed_reason
20-scale fail-closed guard,20,lunar_ice_sp50_020_002_seed829002,fixed_graph_direct_dp_oracle,B0_pure_direct_dp,,,,,SKIPPED_TOO_LARGE_FOR_DIRECT_DP_BASELINE,FEASIBLE_INCUMBENT_ONLY,,False,,,,,False,,0,0,0,0,0,0,0,0,0,0,,,0,0,0,,0,0,,,0,,,,,,,,,,,,,,,,,,,,,,,,,,,,,,,,,,,,,,,,0.000614,task_count=20 exceeds max_exact_tasks=10,False,False,
20-scale fail-closed guard,20,lunar_ice_sp50_020_002_seed829002,accepted_B1,B1A_full_universe_root_audit,,,,,BPC_INCOMPLETE_PRICING,FEASIBLE_INCUMBENT_ONLY,INCOMPLETE_LIMIT,False,,,,,False,,0,0,0,0,0,0,0,0,0,0,,,0,0,0,,0,0,False,False,0,,,,,,,,,,,,,,,,,,,,,,,,,,,,,,,,,,,,,,,,0.000759,task_count=20 exceeds max_direct_tasks=10,False,False,
20-scale fail-closed guard,20,lunar_ice_sp50_020_002_seed829002,accepted_B1,B1B_seeded_root_CG,,,,,BPC_INCOMPLETE_PRICING,FEASIBLE_INCUMBENT_ONLY,INCOMPLETE_LIMIT,False,,,,,False,,0,0,0,0,0,0,0,0,0,0,,,0,0,0,,0,0,False,False,0,,,,,,,,,,,,,,,,,,,,,,,,,,,,,,,,,,,,,,,,0.000553,task_count=20 exceeds max_direct_tasks=10,False,False,
20-scale fail-closed guard,20,lunar_ice_sp50_020_002_seed829002,B1A_full_universe_root_audit,B2A_full_universe_rc_audit_fast_path,,,,,BPC_INCOMPLETE_PRICING,FEASIBLE_INCUMBENT_ONLY,INCOMPLETE_LIMIT,False,,,,,False,,0,0,0,0,0,0,0,0,0,0,,,0,0,0,,0,0,False,False,0,,,,,,,,,,,,,,,,,,,,,,,,,,,,,,,,,,,,,,,,0.000674,task_count=20 exceeds B2 max_direct_tasks=10,False,False,wall_time_lower
20-scale fail-closed guard,20,lunar_ice_sp50_020_002_seed829002,B1B_seeded_root_CG,B2B_seeded_tail_CG,,,,,BPC_INCOMPLETE_PRICING,FEASIBLE_INCUMBENT_ONLY,INCOMPLETE_LIMIT,False,,,,,False,,0,0,0,0,0,0,0,0,0,0,,,0,0,0,,0,0,False,False,0,,,,,,,,,,,,,,,,,,,,,,,,,,,,,,,,,,,,,,,,0.000614,task_count=20 exceeds B2 max_direct_tasks=10,False,False,clearer_fail_closed_reason
20-scale fail-closed guard,20,lunar_ice_sp50_020_001_seed829001,fixed_graph_direct_dp_oracle,B0_pure_direct_dp,,,,,SKIPPED_TOO_LARGE_FOR_DIRECT_DP_BASELINE,FEASIBLE_INCUMBENT_ONLY,,False,,,,,False,,0,0,0,0,0,0,0,0,0,0,,,0,0,0,,0,0,,,0,,,,,,,,,,,,,,,,,,,,,,,,,,,,,,,,,,,,,,,,0.000829,task_count=20 exceeds max_exact_tasks=10,False,False,
20-scale fail-closed guard,20,lunar_ice_sp50_020_001_seed829001,accepted_B1,B1A_full_universe_root_audit,,,,,BPC_INCOMPLETE_PRICING,FEASIBLE_INCUMBENT_ONLY,INCOMPLETE_LIMIT,False,,,,,False,,0,0,0,0,0,0,0,0,0,0,,,0,0,0,,0,0,False,False,0,,,,,,,,,,,,,,,,,,,,,,,,,,,,,,,,,,,,,,,,0.000644,task_count=20 exceeds max_direct_tasks=10,False,False,
20-scale fail-closed guard,20,lunar_ice_sp50_020_001_seed829001,accepted_B1,B1B_seeded_root_CG,,,,,BPC_INCOMPLETE_PRICING,FEASIBLE_INCUMBENT_ONLY,INCOMPLETE_LIMIT,False,,,,,False,,0,0,0,0,0,0,0,0,0,0,,,0,0,0,,0,0,False,False,0,,,,,,,,,,,,,,,,,,,,,,,,,,,,,,,,,,,,,,,,0.000653,task_count=20 exceeds max_direct_tasks=10,False,False,
20-scale fail-closed guard,20,lunar_ice_sp50_020_001_seed829001,B1A_full_universe_root_audit,B2A_full_universe_rc_audit_fast_path,,,,,BPC_INCOMPLETE_PRICING,FEASIBLE_INCUMBENT_ONLY,INCOMPLETE_LIMIT,False,,,,,False,,0,0,0,0,0,0,0,0,0,0,,,0,0,0,,0,0,False,False,0,,,,,,,,,,,,,,,,,,,,,,,,,,,,,,,,,,,,,,,,0.000659,task_count=20 exceeds B2 max_direct_tasks=10,False,False,clearer_fail_closed_reason
20-scale fail-closed guard,20,lunar_ice_sp50_020_001_seed829001,B1B_seeded_root_CG,B2B_seeded_tail_CG,,,,,BPC_INCOMPLETE_PRICING,FEASIBLE_INCUMBENT_ONLY,INCOMPLETE_LIMIT,False,,,,,False,,0,0,0,0,0,0,0,0,0,0,,,0,0,0,,0,0,False,False,0,,,,,,,,,,,,,,,,,,,,,,,,,,,,,,,,,,,,,,,,0.00058,task_count=20 exceeds B2 max_direct_tasks=10,False,False,wall_time_lower
20-scale fail-closed guard,20,lunar_ice_sp50_020_003_seed829003,fixed_graph_direct_dp_oracle,B0_pure_direct_dp,,,,,SKIPPED_TOO_LARGE_FOR_DIRECT_DP_BASELINE,FEASIBLE_INCUMBENT_ONLY,,False,,,,,False,,0,0,0,0,0,0,0,0,0,0,,,0,0,0,,0,0,,,0,,,,,,,,,,,,,,,,,,,,,,,,,,,,,,,,,,,,,,,,0.000791,task_count=20 exceeds max_exact_tasks=10,False,False,
20-scale fail-closed guard,20,lunar_ice_sp50_020_003_seed829003,accepted_B1,B1A_full_universe_root_audit,,,,,BPC_INCOMPLETE_PRICING,FEASIBLE_INCUMBENT_ONLY,INCOMPLETE_LIMIT,False,,,,,False,,0,0,0,0,0,0,0,0,0,0,,,0,0,0,,0,0,False,False,0,,,,,,,,,,,,,,,,,,,,,,,,,,,,,,,,,,,,,,,,0.000613,task_count=20 exceeds max_direct_tasks=10,False,False,
20-scale fail-closed guard,20,lunar_ice_sp50_020_003_seed829003,accepted_B1,B1B_seeded_root_CG,,,,,BPC_INCOMPLETE_PRICING,FEASIBLE_INCUMBENT_ONLY,INCOMPLETE_LIMIT,False,,,,,False,,0,0,0,0,0,0,0,0,0,0,,,0,0,0,,0,0,False,False,0,,,,,,,,,,,,,,,,,,,,,,,,,,,,,,,,,,,,,,,,0.000795,task_count=20 exceeds max_direct_tasks=10,False,False,
20-scale fail-closed guard,20,lunar_ice_sp50_020_003_seed829003,B1A_full_universe_root_audit,B2A_full_universe_rc_audit_fast_path,,,,,BPC_INCOMPLETE_PRICING,FEASIBLE_INCUMBENT_ONLY,INCOMPLETE_LIMIT,False,,,,,False,,0,0,0,0,0,0,0,0,0,0,,,0,0,0,,0,0,False,False,0,,,,,,,,,,,,,,,,,,,,,,,,,,,,,,,,,,,,,,,,0.000626,task_count=20 exceeds B2 max_direct_tasks=10,False,False,clearer_fail_closed_reason
20-scale fail-closed guard,20,lunar_ice_sp50_020_003_seed829003,B1B_seeded_root_CG,B2B_seeded_tail_CG,,,,,BPC_INCOMPLETE_PRICING,FEASIBLE_INCUMBENT_ONLY,INCOMPLETE_LIMIT,False,,,,,False,,0,0,0,0,0,0,0,0,0,0,,,0,0,0,,0,0,False,False,0,,,,,,,,,,,,,,,,,,,,,,,,,,,,,,,,,,,,,,,,0.000762,task_count=20 exceeds B2 max_direct_tasks=10,False,False,wall_time_lower
20-scale fail-closed guard,20,lunar_ice_sp50_020_005_seed829005,fixed_graph_direct_dp_oracle,B0_pure_direct_dp,,,,,SKIPPED_TOO_LARGE_FOR_DIRECT_DP_BASELINE,FEASIBLE_INCUMBENT_ONLY,,False,,,,,False,,0,0,0,0,0,0,0,0,0,0,,,0,0,0,,0,0,,,0,,,,,,,,,,,,,,,,,,,,,,,,,,,,,,,,,,,,,,,,0.000601,task_count=20 exceeds max_exact_tasks=10,False,False,
20-scale fail-closed guard,20,lunar_ice_sp50_020_005_seed829005,accepted_B1,B1A_full_universe_root_audit,,,,,BPC_INCOMPLETE_PRICING,FEASIBLE_INCUMBENT_ONLY,INCOMPLETE_LIMIT,False,,,,,False,,0,0,0,0,0,0,0,0,0,0,,,0,0,0,,0,0,False,False,0,,,,,,,,,,,,,,,,,,,,,,,,,,,,,,,,,,,,,,,,0.00063,task_count=20 exceeds max_direct_tasks=10,False,False,
20-scale fail-closed guard,20,lunar_ice_sp50_020_005_seed829005,accepted_B1,B1B_seeded_root_CG,,,,,BPC_INCOMPLETE_PRICING,FEASIBLE_INCUMBENT_ONLY,INCOMPLETE_LIMIT,False,,,,,False,,0,0,0,0,0,0,0,0,0,0,,,0,0,0,,0,0,False,False,0,,,,,,,,,,,,,,,,,,,,,,,,,,,,,,,,,,,,,,,,0.000668,task_count=20 exceeds max_direct_tasks=10,False,False,
20-scale fail-closed guard,20,lunar_ice_sp50_020_005_seed829005,B1A_full_universe_root_audit,B2A_full_universe_rc_audit_fast_path,,,,,BPC_INCOMPLETE_PRICING,FEASIBLE_INCUMBENT_ONLY,INCOMPLETE_LIMIT,False,,,,,False,,0,0,0,0,0,0,0,0,0,0,,,0,0,0,,0,0,False,False,0,,,,,,,,,,,,,,,,,,,,,,,,,,,,,,,,,,,,,,,,0.000677,task_count=20 exceeds B2 max_direct_tasks=10,False,False,clearer_fail_closed_reason
20-scale fail-closed guard,20,lunar_ice_sp50_020_005_seed829005,B1B_seeded_root_CG,B2B_seeded_tail_CG,,,,,BPC_INCOMPLETE_PRICING,FEASIBLE_INCUMBENT_ONLY,INCOMPLETE_LIMIT,False,,,,,False,,0,0,0,0,0,0,0,0,0,0,,,0,0,0,,0,0,False,False,0,,,,,,,,,,,,,,,,,,,,,,,,,,,,,,,,,,,,,,,,0.000758,task_count=20 exceeds B2 max_direct_tasks=10,False,False,clearer_fail_closed_reason
20-scale fail-closed guard,20,lunar_ice_sp50_020_008_seed829008,fixed_graph_direct_dp_oracle,B0_pure_direct_dp,,,,,SKIPPED_TOO_LARGE_FOR_DIRECT_DP_BASELINE,FEASIBLE_INCUMBENT_ONLY,,False,,,,,False,,0,0,0,0,0,0,0,0,0,0,,,0,0,0,,0,0,,,0,,,,,,,,,,,,,,,,,,,,,,,,,,,,,,,,,,,,,,,,0.000664,task_count=20 exceeds max_exact_tasks=10,False,False,
20-scale fail-closed guard,20,lunar_ice_sp50_020_008_seed829008,accepted_B1,B1A_full_universe_root_audit,,,,,BPC_INCOMPLETE_PRICING,FEASIBLE_INCUMBENT_ONLY,INCOMPLETE_LIMIT,False,,,,,False,,0,0,0,0,0,0,0,0,0,0,,,0,0,0,,0,0,False,False,0,,,,,,,,,,,,,,,,,,,,,,,,,,,,,,,,,,,,,,,,0.000678,task_count=20 exceeds max_direct_tasks=10,False,False,
20-scale fail-closed guard,20,lunar_ice_sp50_020_008_seed829008,accepted_B1,B1B_seeded_root_CG,,,,,BPC_INCOMPLETE_PRICING,FEASIBLE_INCUMBENT_ONLY,INCOMPLETE_LIMIT,False,,,,,False,,0,0,0,0,0,0,0,0,0,0,,,0,0,0,,0,0,False,False,0,,,,,,,,,,,,,,,,,,,,,,,,,,,,,,,,,,,,,,,,0.000767,task_count=20 exceeds max_direct_tasks=10,False,False,
20-scale fail-closed guard,20,lunar_ice_sp50_020_008_seed829008,B1A_full_universe_root_audit,B2A_full_universe_rc_audit_fast_path,,,,,BPC_INCOMPLETE_PRICING,FEASIBLE_INCUMBENT_ONLY,INCOMPLETE_LIMIT,False,,,,,False,,0,0,0,0,0,0,0,0,0,0,,,0,0,0,,0,0,False,False,0,,,,,,,,,,,,,,,,,,,,,,,,,,,,,,,,,,,,,,,,0.000688,task_count=20 exceeds B2 max_direct_tasks=10,False,False,clearer_fail_closed_reason
20-scale fail-closed guard,20,lunar_ice_sp50_020_008_seed829008,B1B_seeded_root_CG,B2B_seeded_tail_CG,,,,,BPC_INCOMPLETE_PRICING,FEASIBLE_INCUMBENT_ONLY,INCOMPLETE_LIMIT,False,,,,,False,,0,0,0,0,0,0,0,0,0,0,,,0,0,0,,0,0,False,False,0,,,,,,,,,,,,,,,,,,,,,,,,,,,,,,,,,,,,,,,,0.000929,task_count=20 exceeds B2 max_direct_tasks=10,False,False,clearer_fail_closed_reason
20-scale fail-closed guard,20,lunar_ice_sp50_020_006_seed829006,fixed_graph_direct_dp_oracle,B0_pure_direct_dp,,,,,SKIPPED_TOO_LARGE_FOR_DIRECT_DP_BASELINE,FEASIBLE_INCUMBENT_ONLY,,False,,,,,False,,0,0,0,0,0,0,0,0,0,0,,,0,0,0,,0,0,,,0,,,,,,,,,,,,,,,,,,,,,,,,,,,,,,,,,,,,,,,,0.000697,task_count=20 exceeds max_exact_tasks=10,False,False,
20-scale fail-closed guard,20,lunar_ice_sp50_020_006_seed829006,accepted_B1,B1A_full_universe_root_audit,,,,,BPC_INCOMPLETE_PRICING,FEASIBLE_INCUMBENT_ONLY,INCOMPLETE_LIMIT,False,,,,,False,,0,0,0,0,0,0,0,0,0,0,,,0,0,0,,0,0,False,False,0,,,,,,,,,,,,,,,,,,,,,,,,,,,,,,,,,,,,,,,,0.000639,task_count=20 exceeds max_direct_tasks=10,False,False,
20-scale fail-closed guard,20,lunar_ice_sp50_020_006_seed829006,accepted_B1,B1B_seeded_root_CG,,,,,BPC_INCOMPLETE_PRICING,FEASIBLE_INCUMBENT_ONLY,INCOMPLETE_LIMIT,False,,,,,False,,0,0,0,0,0,0,0,0,0,0,,,0,0,0,,0,0,False,False,0,,,,,,,,,,,,,,,,,,,,,,,,,,,,,,,,,,,,,,,,0.000788,task_count=20 exceeds max_direct_tasks=10,False,False,
20-scale fail-closed guard,20,lunar_ice_sp50_020_006_seed829006,B1A_full_universe_root_audit,B2A_full_universe_rc_audit_fast_path,,,,,BPC_INCOMPLETE_PRICING,FEASIBLE_INCUMBENT_ONLY,INCOMPLETE_LIMIT,False,,,,,False,,0,0,0,0,0,0,0,0,0,0,,,0,0,0,,0,0,False,False,0,,,,,,,,,,,,,,,,,,,,,,,,,,,,,,,,,,,,,,,,0.000656,task_count=20 exceeds B2 max_direct_tasks=10,False,False,clearer_fail_closed_reason
20-scale fail-closed guard,20,lunar_ice_sp50_020_006_seed829006,B1B_seeded_root_CG,B2B_seeded_tail_CG,,,,,BPC_INCOMPLETE_PRICING,FEASIBLE_INCUMBENT_ONLY,INCOMPLETE_LIMIT,False,,,,,False,,0,0,0,0,0,0,0,0,0,0,,,0,0,0,,0,0,False,False,0,,,,,,,,,,,,,,,,,,,,,,,,,,,,,,,,,,,,,,,,0.000603,task_count=20 exceeds B2 max_direct_tasks=10,False,False,wall_time_lower
20-scale fail-closed guard,20,lunar_ice_sp50_020_009_seed829009,fixed_graph_direct_dp_oracle,B0_pure_direct_dp,,,,,SKIPPED_TOO_LARGE_FOR_DIRECT_DP_BASELINE,FEASIBLE_INCUMBENT_ONLY,,False,,,,,False,,0,0,0,0,0,0,0,0,0,0,,,0,0,0,,0,0,,,0,,,,,,,,,,,,,,,,,,,,,,,,,,,,,,,,,,,,,,,,0.000634,task_count=20 exceeds max_exact_tasks=10,False,False,
20-scale fail-closed guard,20,lunar_ice_sp50_020_009_seed829009,accepted_B1,B1A_full_universe_root_audit,,,,,BPC_INCOMPLETE_PRICING,FEASIBLE_INCUMBENT_ONLY,INCOMPLETE_LIMIT,False,,,,,False,,0,0,0,0,0,0,0,0,0,0,,,0,0,0,,0,0,False,False,0,,,,,,,,,,,,,,,,,,,,,,,,,,,,,,,,,,,,,,,,0.000562,task_count=20 exceeds max_direct_tasks=10,False,False,
20-scale fail-closed guard,20,lunar_ice_sp50_020_009_seed829009,accepted_B1,B1B_seeded_root_CG,,,,,BPC_INCOMPLETE_PRICING,FEASIBLE_INCUMBENT_ONLY,INCOMPLETE_LIMIT,False,,,,,False,,0,0,0,0,0,0,0,0,0,0,,,0,0,0,,0,0,False,False,0,,,,,,,,,,,,,,,,,,,,,,,,,,,,,,,,,,,,,,,,0.000598,task_count=20 exceeds max_direct_tasks=10,False,False,
20-scale fail-closed guard,20,lunar_ice_sp50_020_009_seed829009,B1A_full_universe_root_audit,B2A_full_universe_rc_audit_fast_path,,,,,BPC_INCOMPLETE_PRICING,FEASIBLE_INCUMBENT_ONLY,INCOMPLETE_LIMIT,False,,,,,False,,0,0,0,0,0,0,0,0,0,0,,,0,0,0,,0,0,False,False,0,,,,,,,,,,,,,,,,,,,,,,,,,,,,,,,,,,,,,,,,0.00084,task_count=20 exceeds B2 max_direct_tasks=10,False,False,clearer_fail_closed_reason
20-scale fail-closed guard,20,lunar_ice_sp50_020_009_seed829009,B1B_seeded_root_CG,B2B_seeded_tail_CG,,,,,BPC_INCOMPLETE_PRICING,FEASIBLE_INCUMBENT_ONLY,INCOMPLETE_LIMIT,False,,,,,False,,0,0,0,0,0,0,0,0,0,0,,,0,0,0,,0,0,False,False,0,,,,,,,,,,,,,,,,,,,,,,,,,,,,,,,,,,,,,,,,0.000623,task_count=20 exceeds B2 max_direct_tasks=10,False,False,clearer_fail_closed_reason
20-scale fail-closed guard,20,lunar_ice_sp50_020_010_seed829010,fixed_graph_direct_dp_oracle,B0_pure_direct_dp,,,,,SKIPPED_TOO_LARGE_FOR_DIRECT_DP_BASELINE,FEASIBLE_INCUMBENT_ONLY,,False,,,,,False,,0,0,0,0,0,0,0,0,0,0,,,0,0,0,,0,0,,,0,,,,,,,,,,,,,,,,,,,,,,,,,,,,,,,,,,,,,,,,0.001411,task_count=20 exceeds max_exact_tasks=10,False,False,
20-scale fail-closed guard,20,lunar_ice_sp50_020_010_seed829010,accepted_B1,B1A_full_universe_root_audit,,,,,BPC_INCOMPLETE_PRICING,FEASIBLE_INCUMBENT_ONLY,INCOMPLETE_LIMIT,False,,,,,False,,0,0,0,0,0,0,0,0,0,0,,,0,0,0,,0,0,False,False,0,,,,,,,,,,,,,,,,,,,,,,,,,,,,,,,,,,,,,,,,0.000626,task_count=20 exceeds max_direct_tasks=10,False,False,
20-scale fail-closed guard,20,lunar_ice_sp50_020_010_seed829010,accepted_B1,B1B_seeded_root_CG,,,,,BPC_INCOMPLETE_PRICING,FEASIBLE_INCUMBENT_ONLY,INCOMPLETE_LIMIT,False,,,,,False,,0,0,0,0,0,0,0,0,0,0,,,0,0,0,,0,0,False,False,0,,,,,,,,,,,,,,,,,,,,,,,,,,,,,,,,,,,,,,,,0.001093,task_count=20 exceeds max_direct_tasks=10,False,False,
20-scale fail-closed guard,20,lunar_ice_sp50_020_010_seed829010,B1A_full_universe_root_audit,B2A_full_universe_rc_audit_fast_path,,,,,BPC_INCOMPLETE_PRICING,FEASIBLE_INCUMBENT_ONLY,INCOMPLETE_LIMIT,False,,,,,False,,0,0,0,0,0,0,0,0,0,0,,,0,0,0,,0,0,False,False,0,,,,,,,,,,,,,,,,,,,,,,,,,,,,,,,,,,,,,,,,0.000636,task_count=20 exceeds B2 max_direct_tasks=10,False,False,clearer_fail_closed_reason
20-scale fail-closed guard,20,lunar_ice_sp50_020_010_seed829010,B1B_seeded_root_CG,B2B_seeded_tail_CG,,,,,BPC_INCOMPLETE_PRICING,FEASIBLE_INCUMBENT_ONLY,INCOMPLETE_LIMIT,False,,,,,False,,0,0,0,0,0,0,0,0,0,0,,,0,0,0,,0,0,False,False,0,,,,,,,,,,,,,,,,,,,,,,,,,,,,,,,,,,,,,,,,0.000868,task_count=20 exceeds B2 max_direct_tasks=10,False,False,wall_time_lower
20-scale fail-closed guard,20,lunar_ice_sp50_020_007_seed829027,fixed_graph_direct_dp_oracle,B0_pure_direct_dp,,,,,SKIPPED_TOO_LARGE_FOR_DIRECT_DP_BASELINE,FEASIBLE_INCUMBENT_ONLY,,False,,,,,False,,0,0,0,0,0,0,0,0,0,0,,,0,0,0,,0,0,,,0,,,,,,,,,,,,,,,,,,,,,,,,,,,,,,,,,,,,,,,,0.000622,task_count=20 exceeds max_exact_tasks=10,False,False,
20-scale fail-closed guard,20,lunar_ice_sp50_020_007_seed829027,accepted_B1,B1A_full_universe_root_audit,,,,,BPC_INCOMPLETE_PRICING,FEASIBLE_INCUMBENT_ONLY,INCOMPLETE_LIMIT,False,,,,,False,,0,0,0,0,0,0,0,0,0,0,,,0,0,0,,0,0,False,False,0,,,,,,,,,,,,,,,,,,,,,,,,,,,,,,,,,,,,,,,,0.00064,task_count=20 exceeds max_direct_tasks=10,False,False,
20-scale fail-closed guard,20,lunar_ice_sp50_020_007_seed829027,accepted_B1,B1B_seeded_root_CG,,,,,BPC_INCOMPLETE_PRICING,FEASIBLE_INCUMBENT_ONLY,INCOMPLETE_LIMIT,False,,,,,False,,0,0,0,0,0,0,0,0,0,0,,,0,0,0,,0,0,False,False,0,,,,,,,,,,,,,,,,,,,,,,,,,,,,,,,,,,,,,,,,0.000745,task_count=20 exceeds max_direct_tasks=10,False,False,
20-scale fail-closed guard,20,lunar_ice_sp50_020_007_seed829027,B1A_full_universe_root_audit,B2A_full_universe_rc_audit_fast_path,,,,,BPC_INCOMPLETE_PRICING,FEASIBLE_INCUMBENT_ONLY,INCOMPLETE_LIMIT,False,,,,,False,,0,0,0,0,0,0,0,0,0,0,,,0,0,0,,0,0,False,False,0,,,,,,,,,,,,,,,,,,,,,,,,,,,,,,,,,,,,,,,,0.000603,task_count=20 exceeds B2 max_direct_tasks=10,False,False,wall_time_lower
20-scale fail-closed guard,20,lunar_ice_sp50_020_007_seed829027,B1B_seeded_root_CG,B2B_seeded_tail_CG,,,,,BPC_INCOMPLETE_PRICING,FEASIBLE_INCUMBENT_ONLY,INCOMPLETE_LIMIT,False,,,,,False,,0,0,0,0,0,0,0,0,0,0,,,0,0,0,,0,0,False,False,0,,,,,,,,,,,,,,,,,,,,,,,,,,,,,,,,,,,,,,,,0.000962,task_count=20 exceeds B2 max_direct_tasks=10,False,False,clearer_fail_closed_reason
20-scale fail-closed guard,20,lunar_ice_sp50_020_011_seed829011,fixed_graph_direct_dp_oracle,B0_pure_direct_dp,,,,,SKIPPED_TOO_LARGE_FOR_DIRECT_DP_BASELINE,FEASIBLE_INCUMBENT_ONLY,,False,,,,,False,,0,0,0,0,0,0,0,0,0,0,,,0,0,0,,0,0,,,0,,,,,,,,,,,,,,,,,,,,,,,,,,,,,,,,,,,,,,,,0.00078,task_count=20 exceeds max_exact_tasks=10,False,False,
20-scale fail-closed guard,20,lunar_ice_sp50_020_011_seed829011,accepted_B1,B1A_full_universe_root_audit,,,,,BPC_INCOMPLETE_PRICING,FEASIBLE_INCUMBENT_ONLY,INCOMPLETE_LIMIT,False,,,,,False,,0,0,0,0,0,0,0,0,0,0,,,0,0,0,,0,0,False,False,0,,,,,,,,,,,,,,,,,,,,,,,,,,,,,,,,,,,,,,,,0.000772,task_count=20 exceeds max_direct_tasks=10,False,False,
20-scale fail-closed guard,20,lunar_ice_sp50_020_011_seed829011,accepted_B1,B1B_seeded_root_CG,,,,,BPC_INCOMPLETE_PRICING,FEASIBLE_INCUMBENT_ONLY,INCOMPLETE_LIMIT,False,,,,,False,,0,0,0,0,0,0,0,0,0,0,,,0,0,0,,0,0,False,False,0,,,,,,,,,,,,,,,,,,,,,,,,,,,,,,,,,,,,,,,,0.000624,task_count=20 exceeds max_direct_tasks=10,False,False,
20-scale fail-closed guard,20,lunar_ice_sp50_020_011_seed829011,B1A_full_universe_root_audit,B2A_full_universe_rc_audit_fast_path,,,,,BPC_INCOMPLETE_PRICING,FEASIBLE_INCUMBENT_ONLY,INCOMPLETE_LIMIT,False,,,,,False,,0,0,0,0,0,0,0,0,0,0,,,0,0,0,,0,0,False,False,0,,,,,,,,,,,,,,,,,,,,,,,,,,,,,,,,,,,,,,,,0.000664,task_count=20 exceeds B2 max_direct_tasks=10,False,False,wall_time_lower
20-scale fail-closed guard,20,lunar_ice_sp50_020_011_seed829011,B1B_seeded_root_CG,B2B_seeded_tail_CG,,,,,BPC_INCOMPLETE_PRICING,FEASIBLE_INCUMBENT_ONLY,INCOMPLETE_LIMIT,False,,,,,False,,0,0,0,0,0,0,0,0,0,0,,,0,0,0,,0,0,False,False,0,,,,,,,,,,,,,,,,,,,,,,,,,,,,,,,,,,,,,,,,0.000694,task_count=20 exceeds B2 max_direct_tasks=10,False,False,clearer_fail_closed_reason
20-scale fail-closed guard,20,lunar_ice_sp50_020_012_seed829012,fixed_graph_direct_dp_oracle,B0_pure_direct_dp,,,,,SKIPPED_TOO_LARGE_FOR_DIRECT_DP_BASELINE,FEASIBLE_INCUMBENT_ONLY,,False,,,,,False,,0,0,0,0,0,0,0,0,0,0,,,0,0,0,,0,0,,,0,,,,,,,,,,,,,,,,,,,,,,,,,,,,,,,,,,,,,,,,0.000655,task_count=20 exceeds max_exact_tasks=10,False,False,
20-scale fail-closed guard,20,lunar_ice_sp50_020_012_seed829012,accepted_B1,B1A_full_universe_root_audit,,,,,BPC_INCOMPLETE_PRICING,FEASIBLE_INCUMBENT_ONLY,INCOMPLETE_LIMIT,False,,,,,False,,0,0,0,0,0,0,0,0,0,0,,,0,0,0,,0,0,False,False,0,,,,,,,,,,,,,,,,,,,,,,,,,,,,,,,,,,,,,,,,0.000579,task_count=20 exceeds max_direct_tasks=10,False,False,
20-scale fail-closed guard,20,lunar_ice_sp50_020_012_seed829012,accepted_B1,B1B_seeded_root_CG,,,,,BPC_INCOMPLETE_PRICING,FEASIBLE_INCUMBENT_ONLY,INCOMPLETE_LIMIT,False,,,,,False,,0,0,0,0,0,0,0,0,0,0,,,0,0,0,,0,0,False,False,0,,,,,,,,,,,,,,,,,,,,,,,,,,,,,,,,,,,,,,,,0.00061,task_count=20 exceeds max_direct_tasks=10,False,False,
20-scale fail-closed guard,20,lunar_ice_sp50_020_012_seed829012,B1A_full_universe_root_audit,B2A_full_universe_rc_audit_fast_path,,,,,BPC_INCOMPLETE_PRICING,FEASIBLE_INCUMBENT_ONLY,INCOMPLETE_LIMIT,False,,,,,False,,0,0,0,0,0,0,0,0,0,0,,,0,0,0,,0,0,False,False,0,,,,,,,,,,,,,,,,,,,,,,,,,,,,,,,,,,,,,,,,0.000649,task_count=20 exceeds B2 max_direct_tasks=10,False,False,clearer_fail_closed_reason
20-scale fail-closed guard,20,lunar_ice_sp50_020_012_seed829012,B1B_seeded_root_CG,B2B_seeded_tail_CG,,,,,BPC_INCOMPLETE_PRICING,FEASIBLE_INCUMBENT_ONLY,INCOMPLETE_LIMIT,False,,,,,False,,0,0,0,0,0,0,0,0,0,0,,,0,0,0,,0,0,False,False,0,,,,,,,,,,,,,,,,,,,,,,,,,,,,,,,,,,,,,,,,0.000596,task_count=20 exceeds B2 max_direct_tasks=10,False,False,wall_time_lower
20-scale fail-closed guard,20,lunar_ice_sp50_020_013_seed829013,fixed_graph_direct_dp_oracle,B0_pure_direct_dp,,,,,SKIPPED_TOO_LARGE_FOR_DIRECT_DP_BASELINE,FEASIBLE_INCUMBENT_ONLY,,False,,,,,False,,0,0,0,0,0,0,0,0,0,0,,,0,0,0,,0,0,,,0,,,,,,,,,,,,,,,,,,,,,,,,,,,,,,,,,,,,,,,,0.000706,task_count=20 exceeds max_exact_tasks=10,False,False,
20-scale fail-closed guard,20,lunar_ice_sp50_020_013_seed829013,accepted_B1,B1A_full_universe_root_audit,,,,,BPC_INCOMPLETE_PRICING,FEASIBLE_INCUMBENT_ONLY,INCOMPLETE_LIMIT,False,,,,,False,,0,0,0,0,0,0,0,0,0,0,,,0,0,0,,0,0,False,False,0,,,,,,,,,,,,,,,,,,,,,,,,,,,,,,,,,,,,,,,,0.000553,task_count=20 exceeds max_direct_tasks=10,False,False,
20-scale fail-closed guard,20,lunar_ice_sp50_020_013_seed829013,accepted_B1,B1B_seeded_root_CG,,,,,BPC_INCOMPLETE_PRICING,FEASIBLE_INCUMBENT_ONLY,INCOMPLETE_LIMIT,False,,,,,False,,0,0,0,0,0,0,0,0,0,0,,,0,0,0,,0,0,False,False,0,,,,,,,,,,,,,,,,,,,,,,,,,,,,,,,,,,,,,,,,0.000645,task_count=20 exceeds max_direct_tasks=10,False,False,
20-scale fail-closed guard,20,lunar_ice_sp50_020_013_seed829013,B1A_full_universe_root_audit,B2A_full_universe_rc_audit_fast_path,,,,,BPC_INCOMPLETE_PRICING,FEASIBLE_INCUMBENT_ONLY,INCOMPLETE_LIMIT,False,,,,,False,,0,0,0,0,0,0,0,0,0,0,,,0,0,0,,0,0,False,False,0,,,,,,,,,,,,,,,,,,,,,,,,,,,,,,,,,,,,,,,,0.000567,task_count=20 exceeds B2 max_direct_tasks=10,False,False,clearer_fail_closed_reason
20-scale fail-closed guard,20,lunar_ice_sp50_020_013_seed829013,B1B_seeded_root_CG,B2B_seeded_tail_CG,,,,,BPC_INCOMPLETE_PRICING,FEASIBLE_INCUMBENT_ONLY,INCOMPLETE_LIMIT,False,,,,,False,,0,0,0,0,0,0,0,0,0,0,,,0,0,0,,0,0,False,False,0,,,,,,,,,,,,,,,,,,,,,,,,,,,,,,,,,,,,,,,,0.000693,task_count=20 exceeds B2 max_direct_tasks=10,False,False,clearer_fail_closed_reason
20-scale fail-closed guard,20,lunar_ice_sp50_020_014_seed829014,fixed_graph_direct_dp_oracle,B0_pure_direct_dp,,,,,SKIPPED_TOO_LARGE_FOR_DIRECT_DP_BASELINE,FEASIBLE_INCUMBENT_ONLY,,False,,,,,False,,0,0,0,0,0,0,0,0,0,0,,,0,0,0,,0,0,,,0,,,,,,,,,,,,,,,,,,,,,,,,,,,,,,,,,,,,,,,,0.000616,task_count=20 exceeds max_exact_tasks=10,False,False,
20-scale fail-closed guard,20,lunar_ice_sp50_020_014_seed829014,accepted_B1,B1A_full_universe_root_audit,,,,,BPC_INCOMPLETE_PRICING,FEASIBLE_INCUMBENT_ONLY,INCOMPLETE_LIMIT,False,,,,,False,,0,0,0,0,0,0,0,0,0,0,,,0,0,0,,0,0,False,False,0,,,,,,,,,,,,,,,,,,,,,,,,,,,,,,,,,,,,,,,,0.000708,task_count=20 exceeds max_direct_tasks=10,False,False,
20-scale fail-closed guard,20,lunar_ice_sp50_020_014_seed829014,accepted_B1,B1B_seeded_root_CG,,,,,BPC_INCOMPLETE_PRICING,FEASIBLE_INCUMBENT_ONLY,INCOMPLETE_LIMIT,False,,,,,False,,0,0,0,0,0,0,0,0,0,0,,,0,0,0,,0,0,False,False,0,,,,,,,,,,,,,,,,,,,,,,,,,,,,,,,,,,,,,,,,0.0006,task_count=20 exceeds max_direct_tasks=10,False,False,
20-scale fail-closed guard,20,lunar_ice_sp50_020_014_seed829014,B1A_full_universe_root_audit,B2A_full_universe_rc_audit_fast_path,,,,,BPC_INCOMPLETE_PRICING,FEASIBLE_INCUMBENT_ONLY,INCOMPLETE_LIMIT,False,,,,,False,,0,0,0,0,0,0,0,0,0,0,,,0,0,0,,0,0,False,False,0,,,,,,,,,,,,,,,,,,,,,,,,,,,,,,,,,,,,,,,,0.000687,task_count=20 exceeds B2 max_direct_tasks=10,False,False,wall_time_lower
20-scale fail-closed guard,20,lunar_ice_sp50_020_014_seed829014,B1B_seeded_root_CG,B2B_seeded_tail_CG,,,,,BPC_INCOMPLETE_PRICING,FEASIBLE_INCUMBENT_ONLY,INCOMPLETE_LIMIT,False,,,,,False,,0,0,0,0,0,0,0,0,0,0,,,0,0,0,,0,0,False,False,0,,,,,,,,,,,,,,,,,,,,,,,,,,,,,,,,,,,,,,,,0.000636,task_count=20 exceeds B2 max_direct_tasks=10,False,False,clearer_fail_closed_reason
20-scale fail-closed guard,20,lunar_ice_sp50_020_015_seed829015,fixed_graph_direct_dp_oracle,B0_pure_direct_dp,,,,,SKIPPED_TOO_LARGE_FOR_DIRECT_DP_BASELINE,FEASIBLE_INCUMBENT_ONLY,,False,,,,,False,,0,0,0,0,0,0,0,0,0,0,,,0,0,0,,0,0,,,0,,,,,,,,,,,,,,,,,,,,,,,,,,,,,,,,,,,,,,,,0.000689,task_count=20 exceeds max_exact_tasks=10,False,False,
20-scale fail-closed guard,20,lunar_ice_sp50_020_015_seed829015,accepted_B1,B1A_full_universe_root_audit,,,,,BPC_INCOMPLETE_PRICING,FEASIBLE_INCUMBENT_ONLY,INCOMPLETE_LIMIT,False,,,,,False,,0,0,0,0,0,0,0,0,0,0,,,0,0,0,,0,0,False,False,0,,,,,,,,,,,,,,,,,,,,,,,,,,,,,,,,,,,,,,,,0.000709,task_count=20 exceeds max_direct_tasks=10,False,False,
20-scale fail-closed guard,20,lunar_ice_sp50_020_015_seed829015,accepted_B1,B1B_seeded_root_CG,,,,,BPC_INCOMPLETE_PRICING,FEASIBLE_INCUMBENT_ONLY,INCOMPLETE_LIMIT,False,,,,,False,,0,0,0,0,0,0,0,0,0,0,,,0,0,0,,0,0,False,False,0,,,,,,,,,,,,,,,,,,,,,,,,,,,,,,,,,,,,,,,,0.000632,task_count=20 exceeds max_direct_tasks=10,False,False,
20-scale fail-closed guard,20,lunar_ice_sp50_020_015_seed829015,B1A_full_universe_root_audit,B2A_full_universe_rc_audit_fast_path,,,,,BPC_INCOMPLETE_PRICING,FEASIBLE_INCUMBENT_ONLY,INCOMPLETE_LIMIT,False,,,,,False,,0,0,0,0,0,0,0,0,0,0,,,0,0,0,,0,0,False,False,0,,,,,,,,,,,,,,,,,,,,,,,,,,,,,,,,,,,,,,,,0.000786,task_count=20 exceeds B2 max_direct_tasks=10,False,False,clearer_fail_closed_reason
20-scale fail-closed guard,20,lunar_ice_sp50_020_015_seed829015,B1B_seeded_root_CG,B2B_seeded_tail_CG,,,,,BPC_INCOMPLETE_PRICING,FEASIBLE_INCUMBENT_ONLY,INCOMPLETE_LIMIT,False,,,,,False,,0,0,0,0,0,0,0,0,0,0,,,0,0,0,,0,0,False,False,0,,,,,,,,,,,,,,,,,,,,,,,,,,,,,,,,,,,,,,,,0.000715,task_count=20 exceeds B2 max_direct_tasks=10,False,False,clearer_fail_closed_reason
20-scale fail-closed guard,20,lunar_ice_sp50_020_016_seed829016,fixed_graph_direct_dp_oracle,B0_pure_direct_dp,,,,,SKIPPED_TOO_LARGE_FOR_DIRECT_DP_BASELINE,FEASIBLE_INCUMBENT_ONLY,,False,,,,,False,,0,0,0,0,0,0,0,0,0,0,,,0,0,0,,0,0,,,0,,,,,,,,,,,,,,,,,,,,,,,,,,,,,,,,,,,,,,,,0.000556,task_count=20 exceeds max_exact_tasks=10,False,False,
20-scale fail-closed guard,20,lunar_ice_sp50_020_016_seed829016,accepted_B1,B1A_full_universe_root_audit,,,,,BPC_INCOMPLETE_PRICING,FEASIBLE_INCUMBENT_ONLY,INCOMPLETE_LIMIT,False,,,,,False,,0,0,0,0,0,0,0,0,0,0,,,0,0,0,,0,0,False,False,0,,,,,,,,,,,,,,,,,,,,,,,,,,,,,,,,,,,,,,,,0.001009,task_count=20 exceeds max_direct_tasks=10,False,False,
20-scale fail-closed guard,20,lunar_ice_sp50_020_016_seed829016,accepted_B1,B1B_seeded_root_CG,,,,,BPC_INCOMPLETE_PRICING,FEASIBLE_INCUMBENT_ONLY,INCOMPLETE_LIMIT,False,,,,,False,,0,0,0,0,0,0,0,0,0,0,,,0,0,0,,0,0,False,False,0,,,,,,,,,,,,,,,,,,,,,,,,,,,,,,,,,,,,,,,,0.000559,task_count=20 exceeds max_direct_tasks=10,False,False,
20-scale fail-closed guard,20,lunar_ice_sp50_020_016_seed829016,B1A_full_universe_root_audit,B2A_full_universe_rc_audit_fast_path,,,,,BPC_INCOMPLETE_PRICING,FEASIBLE_INCUMBENT_ONLY,INCOMPLETE_LIMIT,False,,,,,False,,0,0,0,0,0,0,0,0,0,0,,,0,0,0,,0,0,False,False,0,,,,,,,,,,,,,,,,,,,,,,,,,,,,,,,,,,,,,,,,0.000654,task_count=20 exceeds B2 max_direct_tasks=10,False,False,wall_time_lower
20-scale fail-closed guard,20,lunar_ice_sp50_020_016_seed829016,B1B_seeded_root_CG,B2B_seeded_tail_CG,,,,,BPC_INCOMPLETE_PRICING,FEASIBLE_INCUMBENT_ONLY,INCOMPLETE_LIMIT,False,,,,,False,,0,0,0,0,0,0,0,0,0,0,,,0,0,0,,0,0,False,False,0,,,,,,,,,,,,,,,,,,,,,,,,,,,,,,,,,,,,,,,,0.000578,task_count=20 exceeds B2 max_direct_tasks=10,False,False,clearer_fail_closed_reason
20-scale fail-closed guard,20,lunar_ice_sp50_020_017_seed829017,fixed_graph_direct_dp_oracle,B0_pure_direct_dp,,,,,SKIPPED_TOO_LARGE_FOR_DIRECT_DP_BASELINE,FEASIBLE_INCUMBENT_ONLY,,False,,,,,False,,0,0,0,0,0,0,0,0,0,0,,,0,0,0,,0,0,,,0,,,,,,,,,,,,,,,,,,,,,,,,,,,,,,,,,,,,,,,,0.000681,task_count=20 exceeds max_exact_tasks=10,False,False,
20-scale fail-closed guard,20,lunar_ice_sp50_020_017_seed829017,accepted_B1,B1A_full_universe_root_audit,,,,,BPC_INCOMPLETE_PRICING,FEASIBLE_INCUMBENT_ONLY,INCOMPLETE_LIMIT,False,,,,,False,,0,0,0,0,0,0,0,0,0,0,,,0,0,0,,0,0,False,False,0,,,,,,,,,,,,,,,,,,,,,,,,,,,,,,,,,,,,,,,,0.000758,task_count=20 exceeds max_direct_tasks=10,False,False,
20-scale fail-closed guard,20,lunar_ice_sp50_020_017_seed829017,accepted_B1,B1B_seeded_root_CG,,,,,BPC_INCOMPLETE_PRICING,FEASIBLE_INCUMBENT_ONLY,INCOMPLETE_LIMIT,False,,,,,False,,0,0,0,0,0,0,0,0,0,0,,,0,0,0,,0,0,False,False,0,,,,,,,,,,,,,,,,,,,,,,,,,,,,,,,,,,,,,,,,0.000591,task_count=20 exceeds max_direct_tasks=10,False,False,
20-scale fail-closed guard,20,lunar_ice_sp50_020_017_seed829017,B1A_full_universe_root_audit,B2A_full_universe_rc_audit_fast_path,,,,,BPC_INCOMPLETE_PRICING,FEASIBLE_INCUMBENT_ONLY,INCOMPLETE_LIMIT,False,,,,,False,,0,0,0,0,0,0,0,0,0,0,,,0,0,0,,0,0,False,False,0,,,,,,,,,,,,,,,,,,,,,,,,,,,,,,,,,,,,,,,,0.000735,task_count=20 exceeds B2 max_direct_tasks=10,False,False,wall_time_lower
20-scale fail-closed guard,20,lunar_ice_sp50_020_017_seed829017,B1B_seeded_root_CG,B2B_seeded_tail_CG,,,,,BPC_INCOMPLETE_PRICING,FEASIBLE_INCUMBENT_ONLY,INCOMPLETE_LIMIT,False,,,,,False,,0,0,0,0,0,0,0,0,0,0,,,0,0,0,,0,0,False,False,0,,,,,,,,,,,,,,,,,,,,,,,,,,,,,,,,,,,,,,,,0.000828,task_count=20 exceeds B2 max_direct_tasks=10,False,False,clearer_fail_closed_reason
20-scale fail-closed guard,20,lunar_ice_sp50_020_018_seed829018,fixed_graph_direct_dp_oracle,B0_pure_direct_dp,,,,,SKIPPED_TOO_LARGE_FOR_DIRECT_DP_BASELINE,FEASIBLE_INCUMBENT_ONLY,,False,,,,,False,,0,0,0,0,0,0,0,0,0,0,,,0,0,0,,0,0,,,0,,,,,,,,,,,,,,,,,,,,,,,,,,,,,,,,,,,,,,,,0.000644,task_count=20 exceeds max_exact_tasks=10,False,False,
20-scale fail-closed guard,20,lunar_ice_sp50_020_018_seed829018,accepted_B1,B1A_full_universe_root_audit,,,,,BPC_INCOMPLETE_PRICING,FEASIBLE_INCUMBENT_ONLY,INCOMPLETE_LIMIT,False,,,,,False,,0,0,0,0,0,0,0,0,0,0,,,0,0,0,,0,0,False,False,0,,,,,,,,,,,,,,,,,,,,,,,,,,,,,,,,,,,,,,,,0.000752,task_count=20 exceeds max_direct_tasks=10,False,False,
20-scale fail-closed guard,20,lunar_ice_sp50_020_018_seed829018,accepted_B1,B1B_seeded_root_CG,,,,,BPC_INCOMPLETE_PRICING,FEASIBLE_INCUMBENT_ONLY,INCOMPLETE_LIMIT,False,,,,,False,,0,0,0,0,0,0,0,0,0,0,,,0,0,0,,0,0,False,False,0,,,,,,,,,,,,,,,,,,,,,,,,,,,,,,,,,,,,,,,,0.000632,task_count=20 exceeds max_direct_tasks=10,False,False,
20-scale fail-closed guard,20,lunar_ice_sp50_020_018_seed829018,B1A_full_universe_root_audit,B2A_full_universe_rc_audit_fast_path,,,,,BPC_INCOMPLETE_PRICING,FEASIBLE_INCUMBENT_ONLY,INCOMPLETE_LIMIT,False,,,,,False,,0,0,0,0,0,0,0,0,0,0,,,0,0,0,,0,0,False,False,0,,,,,,,,,,,,,,,,,,,,,,,,,,,,,,,,,,,,,,,,0.000672,task_count=20 exceeds B2 max_direct_tasks=10,False,False,wall_time_lower
20-scale fail-closed guard,20,lunar_ice_sp50_020_018_seed829018,B1B_seeded_root_CG,B2B_seeded_tail_CG,,,,,BPC_INCOMPLETE_PRICING,FEASIBLE_INCUMBENT_ONLY,INCOMPLETE_LIMIT,False,,,,,False,,0,0,0,0,0,0,0,0,0,0,,,0,0,0,,0,0,False,False,0,,,,,,,,,,,,,,,,,,,,,,,,,,,,,,,,,,,,,,,,0.000728,task_count=20 exceeds B2 max_direct_tasks=10,False,False,clearer_fail_closed_reason
20-scale fail-closed guard,20,lunar_ice_sp50_020_019_seed829019,fixed_graph_direct_dp_oracle,B0_pure_direct_dp,,,,,SKIPPED_TOO_LARGE_FOR_DIRECT_DP_BASELINE,FEASIBLE_INCUMBENT_ONLY,,False,,,,,False,,0,0,0,0,0,0,0,0,0,0,,,0,0,0,,0,0,,,0,,,,,,,,,,,,,,,,,,,,,,,,,,,,,,,,,,,,,,,,0.000611,task_count=20 exceeds max_exact_tasks=10,False,False,
20-scale fail-closed guard,20,lunar_ice_sp50_020_019_seed829019,accepted_B1,B1A_full_universe_root_audit,,,,,BPC_INCOMPLETE_PRICING,FEASIBLE_INCUMBENT_ONLY,INCOMPLETE_LIMIT,False,,,,,False,,0,0,0,0,0,0,0,0,0,0,,,0,0,0,,0,0,False,False,0,,,,,,,,,,,,,,,,,,,,,,,,,,,,,,,,,,,,,,,,0.000816,task_count=20 exceeds max_direct_tasks=10,False,False,
20-scale fail-closed guard,20,lunar_ice_sp50_020_019_seed829019,accepted_B1,B1B_seeded_root_CG,,,,,BPC_INCOMPLETE_PRICING,FEASIBLE_INCUMBENT_ONLY,INCOMPLETE_LIMIT,False,,,,,False,,0,0,0,0,0,0,0,0,0,0,,,0,0,0,,0,0,False,False,0,,,,,,,,,,,,,,,,,,,,,,,,,,,,,,,,,,,,,,,,0.00071,task_count=20 exceeds max_direct_tasks=10,False,False,
20-scale fail-closed guard,20,lunar_ice_sp50_020_019_seed829019,B1A_full_universe_root_audit,B2A_full_universe_rc_audit_fast_path,,,,,BPC_INCOMPLETE_PRICING,FEASIBLE_INCUMBENT_ONLY,INCOMPLETE_LIMIT,False,,,,,False,,0,0,0,0,0,0,0,0,0,0,,,0,0,0,,0,0,False,False,0,,,,,,,,,,,,,,,,,,,,,,,,,,,,,,,,,,,,,,,,0.000757,task_count=20 exceeds B2 max_direct_tasks=10,False,False,wall_time_lower
20-scale fail-closed guard,20,lunar_ice_sp50_020_019_seed829019,B1B_seeded_root_CG,B2B_seeded_tail_CG,,,,,BPC_INCOMPLETE_PRICING,FEASIBLE_INCUMBENT_ONLY,INCOMPLETE_LIMIT,False,,,,,False,,0,0,0,0,0,0,0,0,0,0,,,0,0,0,,0,0,False,False,0,,,,,,,,,,,,,,,,,,,,,,,,,,,,,,,,,,,,,,,,0.000691,task_count=20 exceeds B2 max_direct_tasks=10,False,False,wall_time_lower
20-scale fail-closed guard,20,lunar_ice_sp50_020_020_seed829020,fixed_graph_direct_dp_oracle,B0_pure_direct_dp,,,,,SKIPPED_TOO_LARGE_FOR_DIRECT_DP_BASELINE,FEASIBLE_INCUMBENT_ONLY,,False,,,,,False,,0,0,0,0,0,0,0,0,0,0,,,0,0,0,,0,0,,,0,,,,,,,,,,,,,,,,,,,,,,,,,,,,,,,,,,,,,,,,0.00058,task_count=20 exceeds max_exact_tasks=10,False,False,
20-scale fail-closed guard,20,lunar_ice_sp50_020_020_seed829020,accepted_B1,B1A_full_universe_root_audit,,,,,BPC_INCOMPLETE_PRICING,FEASIBLE_INCUMBENT_ONLY,INCOMPLETE_LIMIT,False,,,,,False,,0,0,0,0,0,0,0,0,0,0,,,0,0,0,,0,0,False,False,0,,,,,,,,,,,,,,,,,,,,,,,,,,,,,,,,,,,,,,,,0.000626,task_count=20 exceeds max_direct_tasks=10,False,False,
20-scale fail-closed guard,20,lunar_ice_sp50_020_020_seed829020,accepted_B1,B1B_seeded_root_CG,,,,,BPC_INCOMPLETE_PRICING,FEASIBLE_INCUMBENT_ONLY,INCOMPLETE_LIMIT,False,,,,,False,,0,0,0,0,0,0,0,0,0,0,,,0,0,0,,0,0,False,False,0,,,,,,,,,,,,,,,,,,,,,,,,,,,,,,,,,,,,,,,,0.000634,task_count=20 exceeds max_direct_tasks=10,False,False,
20-scale fail-closed guard,20,lunar_ice_sp50_020_020_seed829020,B1A_full_universe_root_audit,B2A_full_universe_rc_audit_fast_path,,,,,BPC_INCOMPLETE_PRICING,FEASIBLE_INCUMBENT_ONLY,INCOMPLETE_LIMIT,False,,,,,False,,0,0,0,0,0,0,0,0,0,0,,,0,0,0,,0,0,False,False,0,,,,,,,,,,,,,,,,,,,,,,,,,,,,,,,,,,,,,,,,0.000618,task_count=20 exceeds B2 max_direct_tasks=10,False,False,wall_time_lower
20-scale fail-closed guard,20,lunar_ice_sp50_020_020_seed829020,B1B_seeded_root_CG,B2B_seeded_tail_CG,,,,,BPC_INCOMPLETE_PRICING,FEASIBLE_INCUMBENT_ONLY,INCOMPLETE_LIMIT,False,,,,,False,,0,0,0,0,0,0,0,0,0,0,,,0,0,0,,0,0,False,False,0,,,,,,,,,,,,,,,,,,,,,,,,,,,,,,,,,,,,,,,,0.000712,task_count=20 exceeds B2 max_direct_tasks=10,False,False,clearer_fail_closed_reason
30-scale fail-closed diagnostic,30,lunar_ice_sp50_030_001_seed929001,fixed_graph_direct_dp_oracle,B0_pure_direct_dp,,,,,SKIPPED_TOO_LARGE_FOR_DIRECT_DP_BASELINE,FEASIBLE_INCUMBENT_ONLY,,False,,,,,False,,0,0,0,0,0,0,0,0,0,0,,,0,0,0,,0,0,,,0,,,,,,,,,,,,,,,,,,,,,,,,,,,,,,,,,,,,,,,,0.001512,task_count=30 exceeds max_exact_tasks=10,False,False,
30-scale fail-closed diagnostic,30,lunar_ice_sp50_030_001_seed929001,accepted_B1,B1A_full_universe_root_audit,,,,,BPC_INCOMPLETE_PRICING,FEASIBLE_INCUMBENT_ONLY,INCOMPLETE_LIMIT,False,,,,,False,,0,0,0,0,0,0,0,0,0,0,,,0,0,0,,0,0,False,False,0,,,,,,,,,,,,,,,,,,,,,,,,,,,,,,,,,,,,,,,,0.001862,task_count=30 exceeds max_direct_tasks=10,False,False,
30-scale fail-closed diagnostic,30,lunar_ice_sp50_030_001_seed929001,accepted_B1,B1B_seeded_root_CG,,,,,BPC_INCOMPLETE_PRICING,FEASIBLE_INCUMBENT_ONLY,INCOMPLETE_LIMIT,False,,,,,False,,0,0,0,0,0,0,0,0,0,0,,,0,0,0,,0,0,False,False,0,,,,,,,,,,,,,,,,,,,,,,,,,,,,,,,,,,,,,,,,0.001526,task_count=30 exceeds max_direct_tasks=10,False,False,
30-scale fail-closed diagnostic,30,lunar_ice_sp50_030_001_seed929001,B1A_full_universe_root_audit,B2A_full_universe_rc_audit_fast_path,,,,,BPC_INCOMPLETE_PRICING,FEASIBLE_INCUMBENT_ONLY,INCOMPLETE_LIMIT,False,,,,,False,,0,0,0,0,0,0,0,0,0,0,,,0,0,0,,0,0,False,False,0,,,,,,,,,,,,,,,,,,,,,,,,,,,,,,,,,,,,,,,,0.001779,task_count=30 exceeds B2 max_direct_tasks=10,False,False,wall_time_lower
30-scale fail-closed diagnostic,30,lunar_ice_sp50_030_001_seed929001,B1B_seeded_root_CG,B2B_seeded_tail_CG,,,,,BPC_INCOMPLETE_PRICING,FEASIBLE_INCUMBENT_ONLY,INCOMPLETE_LIMIT,False,,,,,False,,0,0,0,0,0,0,0,0,0,0,,,0,0,0,,0,0,False,False,0,,,,,,,,,,,,,,,,,,,,,,,,,,,,,,,,,,,,,,,,0.001527,task_count=30 exceeds B2 max_direct_tasks=10,False,False,clearer_fail_closed_reason
30-scale fail-closed diagnostic,30,lunar_ice_sp50_030_004_seed929004,fixed_graph_direct_dp_oracle,B0_pure_direct_dp,,,,,SKIPPED_TOO_LARGE_FOR_DIRECT_DP_BASELINE,FEASIBLE_INCUMBENT_ONLY,,False,,,,,False,,0,0,0,0,0,0,0,0,0,0,,,0,0,0,,0,0,,,0,,,,,,,,,,,,,,,,,,,,,,,,,,,,,,,,,,,,,,,,0.0014,task_count=30 exceeds max_exact_tasks=10,False,False,
30-scale fail-closed diagnostic,30,lunar_ice_sp50_030_004_seed929004,accepted_B1,B1A_full_universe_root_audit,,,,,BPC_INCOMPLETE_PRICING,FEASIBLE_INCUMBENT_ONLY,INCOMPLETE_LIMIT,False,,,,,False,,0,0,0,0,0,0,0,0,0,0,,,0,0,0,,0,0,False,False,0,,,,,,,,,,,,,,,,,,,,,,,,,,,,,,,,,,,,,,,,0.001503,task_count=30 exceeds max_direct_tasks=10,False,False,
30-scale fail-closed diagnostic,30,lunar_ice_sp50_030_004_seed929004,accepted_B1,B1B_seeded_root_CG,,,,,BPC_INCOMPLETE_PRICING,FEASIBLE_INCUMBENT_ONLY,INCOMPLETE_LIMIT,False,,,,,False,,0,0,0,0,0,0,0,0,0,0,,,0,0,0,,0,0,False,False,0,,,,,,,,,,,,,,,,,,,,,,,,,,,,,,,,,,,,,,,,0.001357,task_count=30 exceeds max_direct_tasks=10,False,False,
30-scale fail-closed diagnostic,30,lunar_ice_sp50_030_004_seed929004,B1A_full_universe_root_audit,B2A_full_universe_rc_audit_fast_path,,,,,BPC_INCOMPLETE_PRICING,FEASIBLE_INCUMBENT_ONLY,INCOMPLETE_LIMIT,False,,,,,False,,0,0,0,0,0,0,0,0,0,0,,,0,0,0,,0,0,False,False,0,,,,,,,,,,,,,,,,,,,,,,,,,,,,,,,,,,,,,,,,0.001417,task_count=30 exceeds B2 max_direct_tasks=10,False,False,wall_time_lower
30-scale fail-closed diagnostic,30,lunar_ice_sp50_030_004_seed929004,B1B_seeded_root_CG,B2B_seeded_tail_CG,,,,,BPC_INCOMPLETE_PRICING,FEASIBLE_INCUMBENT_ONLY,INCOMPLETE_LIMIT,False,,,,,False,,0,0,0,0,0,0,0,0,0,0,,,0,0,0,,0,0,False,False,0,,,,,,,,,,,,,,,,,,,,,,,,,,,,,,,,,,,,,,,,0.001507,task_count=30 exceeds B2 max_direct_tasks=10,False,False,clearer_fail_closed_reason
30-scale fail-closed diagnostic,30,lunar_ice_sp50_030_002_seed929002,fixed_graph_direct_dp_oracle,B0_pure_direct_dp,,,,,SKIPPED_TOO_LARGE_FOR_DIRECT_DP_BASELINE,FEASIBLE_INCUMBENT_ONLY,,False,,,,,False,,0,0,0,0,0,0,0,0,0,0,,,0,0,0,,0,0,,,0,,,,,,,,,,,,,,,,,,,,,,,,,,,,,,,,,,,,,,,,0.001466,task_count=30 exceeds max_exact_tasks=10,False,False,
30-scale fail-closed diagnostic,30,lunar_ice_sp50_030_002_seed929002,accepted_B1,B1A_full_universe_root_audit,,,,,BPC_INCOMPLETE_PRICING,FEASIBLE_INCUMBENT_ONLY,INCOMPLETE_LIMIT,False,,,,,False,,0,0,0,0,0,0,0,0,0,0,,,0,0,0,,0,0,False,False,0,,,,,,,,,,,,,,,,,,,,,,,,,,,,,,,,,,,,,,,,0.001369,task_count=30 exceeds max_direct_tasks=10,False,False,
30-scale fail-closed diagnostic,30,lunar_ice_sp50_030_002_seed929002,accepted_B1,B1B_seeded_root_CG,,,,,BPC_INCOMPLETE_PRICING,FEASIBLE_INCUMBENT_ONLY,INCOMPLETE_LIMIT,False,,,,,False,,0,0,0,0,0,0,0,0,0,0,,,0,0,0,,0,0,False,False,0,,,,,,,,,,,,,,,,,,,,,,,,,,,,,,,,,,,,,,,,0.00173,task_count=30 exceeds max_direct_tasks=10,False,False,
30-scale fail-closed diagnostic,30,lunar_ice_sp50_030_002_seed929002,B1A_full_universe_root_audit,B2A_full_universe_rc_audit_fast_path,,,,,BPC_INCOMPLETE_PRICING,FEASIBLE_INCUMBENT_ONLY,INCOMPLETE_LIMIT,False,,,,,False,,0,0,0,0,0,0,0,0,0,0,,,0,0,0,,0,0,False,False,0,,,,,,,,,,,,,,,,,,,,,,,,,,,,,,,,,,,,,,,,0.00165,task_count=30 exceeds B2 max_direct_tasks=10,False,False,clearer_fail_closed_reason
30-scale fail-closed diagnostic,30,lunar_ice_sp50_030_002_seed929002,B1B_seeded_root_CG,B2B_seeded_tail_CG,,,,,BPC_INCOMPLETE_PRICING,FEASIBLE_INCUMBENT_ONLY,INCOMPLETE_LIMIT,False,,,,,False,,0,0,0,0,0,0,0,0,0,0,,,0,0,0,,0,0,False,False,0,,,,,,,,,,,,,,,,,,,,,,,,,,,,,,,,,,,,,,,,0.002609,task_count=30 exceeds B2 max_direct_tasks=10,False,False,clearer_fail_closed_reason
30-scale fail-closed diagnostic,30,lunar_ice_sp50_030_003_seed929003,fixed_graph_direct_dp_oracle,B0_pure_direct_dp,,,,,SKIPPED_TOO_LARGE_FOR_DIRECT_DP_BASELINE,FEASIBLE_INCUMBENT_ONLY,,False,,,,,False,,0,0,0,0,0,0,0,0,0,0,,,0,0,0,,0,0,,,0,,,,,,,,,,,,,,,,,,,,,,,,,,,,,,,,,,,,,,,,0.001442,task_count=30 exceeds max_exact_tasks=10,False,False,
30-scale fail-closed diagnostic,30,lunar_ice_sp50_030_003_seed929003,accepted_B1,B1A_full_universe_root_audit,,,,,BPC_INCOMPLETE_PRICING,FEASIBLE_INCUMBENT_ONLY,INCOMPLETE_LIMIT,False,,,,,False,,0,0,0,0,0,0,0,0,0,0,,,0,0,0,,0,0,False,False,0,,,,,,,,,,,,,,,,,,,,,,,,,,,,,,,,,,,,,,,,0.002405,task_count=30 exceeds max_direct_tasks=10,False,False,
30-scale fail-closed diagnostic,30,lunar_ice_sp50_030_003_seed929003,accepted_B1,B1B_seeded_root_CG,,,,,BPC_INCOMPLETE_PRICING,FEASIBLE_INCUMBENT_ONLY,INCOMPLETE_LIMIT,False,,,,,False,,0,0,0,0,0,0,0,0,0,0,,,0,0,0,,0,0,False,False,0,,,,,,,,,,,,,,,,,,,,,,,,,,,,,,,,,,,,,,,,0.001512,task_count=30 exceeds max_direct_tasks=10,False,False,
30-scale fail-closed diagnostic,30,lunar_ice_sp50_030_003_seed929003,B1A_full_universe_root_audit,B2A_full_universe_rc_audit_fast_path,,,,,BPC_INCOMPLETE_PRICING,FEASIBLE_INCUMBENT_ONLY,INCOMPLETE_LIMIT,False,,,,,False,,0,0,0,0,0,0,0,0,0,0,,,0,0,0,,0,0,False,False,0,,,,,,,,,,,,,,,,,,,,,,,,,,,,,,,,,,,,,,,,0.001459,task_count=30 exceeds B2 max_direct_tasks=10,False,False,wall_time_lower
30-scale fail-closed diagnostic,30,lunar_ice_sp50_030_003_seed929003,B1B_seeded_root_CG,B2B_seeded_tail_CG,,,,,BPC_INCOMPLETE_PRICING,FEASIBLE_INCUMBENT_ONLY,INCOMPLETE_LIMIT,False,,,,,False,,0,0,0,0,0,0,0,0,0,0,,,0,0,0,,0,0,False,False,0,,,,,,,,,,,,,,,,,,,,,,,,,,,,,,,,,,,,,,,,0.001599,task_count=30 exceeds B2 max_direct_tasks=10,False,False,clearer_fail_closed_reason
30-scale fail-closed diagnostic,30,lunar_ice_sp50_030_006_seed929006,fixed_graph_direct_dp_oracle,B0_pure_direct_dp,,,,,SKIPPED_TOO_LARGE_FOR_DIRECT_DP_BASELINE,FEASIBLE_INCUMBENT_ONLY,,False,,,,,False,,0,0,0,0,0,0,0,0,0,0,,,0,0,0,,0,0,,,0,,,,,,,,,,,,,,,,,,,,,,,,,,,,,,,,,,,,,,,,0.001643,task_count=30 exceeds max_exact_tasks=10,False,False,
30-scale fail-closed diagnostic,30,lunar_ice_sp50_030_006_seed929006,accepted_B1,B1A_full_universe_root_audit,,,,,BPC_INCOMPLETE_PRICING,FEASIBLE_INCUMBENT_ONLY,INCOMPLETE_LIMIT,False,,,,,False,,0,0,0,0,0,0,0,0,0,0,,,0,0,0,,0,0,False,False,0,,,,,,,,,,,,,,,,,,,,,,,,,,,,,,,,,,,,,,,,0.001506,task_count=30 exceeds max_direct_tasks=10,False,False,
30-scale fail-closed diagnostic,30,lunar_ice_sp50_030_006_seed929006,accepted_B1,B1B_seeded_root_CG,,,,,BPC_INCOMPLETE_PRICING,FEASIBLE_INCUMBENT_ONLY,INCOMPLETE_LIMIT,False,,,,,False,,0,0,0,0,0,0,0,0,0,0,,,0,0,0,,0,0,False,False,0,,,,,,,,,,,,,,,,,,,,,,,,,,,,,,,,,,,,,,,,0.00149,task_count=30 exceeds max_direct_tasks=10,False,False,
30-scale fail-closed diagnostic,30,lunar_ice_sp50_030_006_seed929006,B1A_full_universe_root_audit,B2A_full_universe_rc_audit_fast_path,,,,,BPC_INCOMPLETE_PRICING,FEASIBLE_INCUMBENT_ONLY,INCOMPLETE_LIMIT,False,,,,,False,,0,0,0,0,0,0,0,0,0,0,,,0,0,0,,0,0,False,False,0,,,,,,,,,,,,,,,,,,,,,,,,,,,,,,,,,,,,,,,,0.002785,task_count=30 exceeds B2 max_direct_tasks=10,False,False,clearer_fail_closed_reason
30-scale fail-closed diagnostic,30,lunar_ice_sp50_030_006_seed929006,B1B_seeded_root_CG,B2B_seeded_tail_CG,,,,,BPC_INCOMPLETE_PRICING,FEASIBLE_INCUMBENT_ONLY,INCOMPLETE_LIMIT,False,,,,,False,,0,0,0,0,0,0,0,0,0,0,,,0,0,0,,0,0,False,False,0,,,,,,,,,,,,,,,,,,,,,,,,,,,,,,,,,,,,,,,,0.001537,task_count=30 exceeds B2 max_direct_tasks=10,False,False,clearer_fail_closed_reason
30-scale fail-closed diagnostic,30,lunar_ice_sp50_030_008_seed929008,fixed_graph_direct_dp_oracle,B0_pure_direct_dp,,,,,SKIPPED_TOO_LARGE_FOR_DIRECT_DP_BASELINE,FEASIBLE_INCUMBENT_ONLY,,False,,,,,False,,0,0,0,0,0,0,0,0,0,0,,,0,0,0,,0,0,,,0,,,,,,,,,,,,,,,,,,,,,,,,,,,,,,,,,,,,,,,,0.001523,task_count=30 exceeds max_exact_tasks=10,False,False,
30-scale fail-closed diagnostic,30,lunar_ice_sp50_030_008_seed929008,accepted_B1,B1A_full_universe_root_audit,,,,,BPC_INCOMPLETE_PRICING,FEASIBLE_INCUMBENT_ONLY,INCOMPLETE_LIMIT,False,,,,,False,,0,0,0,0,0,0,0,0,0,0,,,0,0,0,,0,0,False,False,0,,,,,,,,,,,,,,,,,,,,,,,,,,,,,,,,,,,,,,,,0.001462,task_count=30 exceeds max_direct_tasks=10,False,False,
30-scale fail-closed diagnostic,30,lunar_ice_sp50_030_008_seed929008,accepted_B1,B1B_seeded_root_CG,,,,,BPC_INCOMPLETE_PRICING,FEASIBLE_INCUMBENT_ONLY,INCOMPLETE_LIMIT,False,,,,,False,,0,0,0,0,0,0,0,0,0,0,,,0,0,0,,0,0,False,False,0,,,,,,,,,,,,,,,,,,,,,,,,,,,,,,,,,,,,,,,,0.001431,task_count=30 exceeds max_direct_tasks=10,False,False,
30-scale fail-closed diagnostic,30,lunar_ice_sp50_030_008_seed929008,B1A_full_universe_root_audit,B2A_full_universe_rc_audit_fast_path,,,,,BPC_INCOMPLETE_PRICING,FEASIBLE_INCUMBENT_ONLY,INCOMPLETE_LIMIT,False,,,,,False,,0,0,0,0,0,0,0,0,0,0,,,0,0,0,,0,0,False,False,0,,,,,,,,,,,,,,,,,,,,,,,,,,,,,,,,,,,,,,,,0.001469,task_count=30 exceeds B2 max_direct_tasks=10,False,False,clearer_fail_closed_reason
30-scale fail-closed diagnostic,30,lunar_ice_sp50_030_008_seed929008,B1B_seeded_root_CG,B2B_seeded_tail_CG,,,,,BPC_INCOMPLETE_PRICING,FEASIBLE_INCUMBENT_ONLY,INCOMPLETE_LIMIT,False,,,,,False,,0,0,0,0,0,0,0,0,0,0,,,0,0,0,,0,0,False,False,0,,,,,,,,,,,,,,,,,,,,,,,,,,,,,,,,,,,,,,,,0.00157,task_count=30 exceeds B2 max_direct_tasks=10,False,False,clearer_fail_closed_reason
30-scale fail-closed diagnostic,30,lunar_ice_sp50_030_005_seed929005,fixed_graph_direct_dp_oracle,B0_pure_direct_dp,,,,,SKIPPED_TOO_LARGE_FOR_DIRECT_DP_BASELINE,FEASIBLE_INCUMBENT_ONLY,,False,,,,,False,,0,0,0,0,0,0,0,0,0,0,,,0,0,0,,0,0,,,0,,,,,,,,,,,,,,,,,,,,,,,,,,,,,,,,,,,,,,,,0.00199,task_count=30 exceeds max_exact_tasks=10,False,False,
30-scale fail-closed diagnostic,30,lunar_ice_sp50_030_005_seed929005,accepted_B1,B1A_full_universe_root_audit,,,,,BPC_INCOMPLETE_PRICING,FEASIBLE_INCUMBENT_ONLY,INCOMPLETE_LIMIT,False,,,,,False,,0,0,0,0,0,0,0,0,0,0,,,0,0,0,,0,0,False,False,0,,,,,,,,,,,,,,,,,,,,,,,,,,,,,,,,,,,,,,,,0.001963,task_count=30 exceeds max_direct_tasks=10,False,False,
30-scale fail-closed diagnostic,30,lunar_ice_sp50_030_005_seed929005,accepted_B1,B1B_seeded_root_CG,,,,,BPC_INCOMPLETE_PRICING,FEASIBLE_INCUMBENT_ONLY,INCOMPLETE_LIMIT,False,,,,,False,,0,0,0,0,0,0,0,0,0,0,,,0,0,0,,0,0,False,False,0,,,,,,,,,,,,,,,,,,,,,,,,,,,,,,,,,,,,,,,,0.001525,task_count=30 exceeds max_direct_tasks=10,False,False,
30-scale fail-closed diagnostic,30,lunar_ice_sp50_030_005_seed929005,B1A_full_universe_root_audit,B2A_full_universe_rc_audit_fast_path,,,,,BPC_INCOMPLETE_PRICING,FEASIBLE_INCUMBENT_ONLY,INCOMPLETE_LIMIT,False,,,,,False,,0,0,0,0,0,0,0,0,0,0,,,0,0,0,,0,0,False,False,0,,,,,,,,,,,,,,,,,,,,,,,,,,,,,,,,,,,,,,,,0.00147,task_count=30 exceeds B2 max_direct_tasks=10,False,False,wall_time_lower
30-scale fail-closed diagnostic,30,lunar_ice_sp50_030_005_seed929005,B1B_seeded_root_CG,B2B_seeded_tail_CG,,,,,BPC_INCOMPLETE_PRICING,FEASIBLE_INCUMBENT_ONLY,INCOMPLETE_LIMIT,False,,,,,False,,0,0,0,0,0,0,0,0,0,0,,,0,0,0,,0,0,False,False,0,,,,,,,,,,,,,,,,,,,,,,,,,,,,,,,,,,,,,,,,0.00157,task_count=30 exceeds B2 max_direct_tasks=10,False,False,clearer_fail_closed_reason
30-scale fail-closed diagnostic,30,lunar_ice_sp50_030_007_seed929007,fixed_graph_direct_dp_oracle,B0_pure_direct_dp,,,,,SKIPPED_TOO_LARGE_FOR_DIRECT_DP_BASELINE,FEASIBLE_INCUMBENT_ONLY,,False,,,,,False,,0,0,0,0,0,0,0,0,0,0,,,0,0,0,,0,0,,,0,,,,,,,,,,,,,,,,,,,,,,,,,,,,,,,,,,,,,,,,0.001487,task_count=30 exceeds max_exact_tasks=10,False,False,
30-scale fail-closed diagnostic,30,lunar_ice_sp50_030_007_seed929007,accepted_B1,B1A_full_universe_root_audit,,,,,BPC_INCOMPLETE_PRICING,FEASIBLE_INCUMBENT_ONLY,INCOMPLETE_LIMIT,False,,,,,False,,0,0,0,0,0,0,0,0,0,0,,,0,0,0,,0,0,False,False,0,,,,,,,,,,,,,,,,,,,,,,,,,,,,,,,,,,,,,,,,0.001613,task_count=30 exceeds max_direct_tasks=10,False,False,
30-scale fail-closed diagnostic,30,lunar_ice_sp50_030_007_seed929007,accepted_B1,B1B_seeded_root_CG,,,,,BPC_INCOMPLETE_PRICING,FEASIBLE_INCUMBENT_ONLY,INCOMPLETE_LIMIT,False,,,,,False,,0,0,0,0,0,0,0,0,0,0,,,0,0,0,,0,0,False,False,0,,,,,,,,,,,,,,,,,,,,,,,,,,,,,,,,,,,,,,,,0.00154,task_count=30 exceeds max_direct_tasks=10,False,False,
30-scale fail-closed diagnostic,30,lunar_ice_sp50_030_007_seed929007,B1A_full_universe_root_audit,B2A_full_universe_rc_audit_fast_path,,,,,BPC_INCOMPLETE_PRICING,FEASIBLE_INCUMBENT_ONLY,INCOMPLETE_LIMIT,False,,,,,False,,0,0,0,0,0,0,0,0,0,0,,,0,0,0,,0,0,False,False,0,,,,,,,,,,,,,,,,,,,,,,,,,,,,,,,,,,,,,,,,0.001416,task_count=30 exceeds B2 max_direct_tasks=10,False,False,wall_time_lower
30-scale fail-closed diagnostic,30,lunar_ice_sp50_030_007_seed929007,B1B_seeded_root_CG,B2B_seeded_tail_CG,,,,,BPC_INCOMPLETE_PRICING,FEASIBLE_INCUMBENT_ONLY,INCOMPLETE_LIMIT,False,,,,,False,,0,0,0,0,0,0,0,0,0,0,,,0,0,0,,0,0,False,False,0,,,,,,,,,,,,,,,,,,,,,,,,,,,,,,,,,,,,,,,,0.001354,task_count=30 exceeds B2 max_direct_tasks=10,False,False,wall_time_lower
30-scale fail-closed diagnostic,30,lunar_ice_sp50_030_009_seed929009,fixed_graph_direct_dp_oracle,B0_pure_direct_dp,,,,,SKIPPED_TOO_LARGE_FOR_DIRECT_DP_BASELINE,FEASIBLE_INCUMBENT_ONLY,,False,,,,,False,,0,0,0,0,0,0,0,0,0,0,,,0,0,0,,0,0,,,0,,,,,,,,,,,,,,,,,,,,,,,,,,,,,,,,,,,,,,,,0.001532,task_count=30 exceeds max_exact_tasks=10,False,False,
30-scale fail-closed diagnostic,30,lunar_ice_sp50_030_009_seed929009,accepted_B1,B1A_full_universe_root_audit,,,,,BPC_INCOMPLETE_PRICING,FEASIBLE_INCUMBENT_ONLY,INCOMPLETE_LIMIT,False,,,,,False,,0,0,0,0,0,0,0,0,0,0,,,0,0,0,,0,0,False,False,0,,,,,,,,,,,,,,,,,,,,,,,,,,,,,,,,,,,,,,,,0.001607,task_count=30 exceeds max_direct_tasks=10,False,False,
30-scale fail-closed diagnostic,30,lunar_ice_sp50_030_009_seed929009,accepted_B1,B1B_seeded_root_CG,,,,,BPC_INCOMPLETE_PRICING,FEASIBLE_INCUMBENT_ONLY,INCOMPLETE_LIMIT,False,,,,,False,,0,0,0,0,0,0,0,0,0,0,,,0,0,0,,0,0,False,False,0,,,,,,,,,,,,,,,,,,,,,,,,,,,,,,,,,,,,,,,,0.00146,task_count=30 exceeds max_direct_tasks=10,False,False,
30-scale fail-closed diagnostic,30,lunar_ice_sp50_030_009_seed929009,B1A_full_universe_root_audit,B2A_full_universe_rc_audit_fast_path,,,,,BPC_INCOMPLETE_PRICING,FEASIBLE_INCUMBENT_ONLY,INCOMPLETE_LIMIT,False,,,,,False,,0,0,0,0,0,0,0,0,0,0,,,0,0,0,,0,0,False,False,0,,,,,,,,,,,,,,,,,,,,,,,,,,,,,,,,,,,,,,,,0.001539,task_count=30 exceeds B2 max_direct_tasks=10,False,False,wall_time_lower
30-scale fail-closed diagnostic,30,lunar_ice_sp50_030_009_seed929009,B1B_seeded_root_CG,B2B_seeded_tail_CG,,,,,BPC_INCOMPLETE_PRICING,FEASIBLE_INCUMBENT_ONLY,INCOMPLETE_LIMIT,False,,,,,False,,0,0,0,0,0,0,0,0,0,0,,,0,0,0,,0,0,False,False,0,,,,,,,,,,,,,,,,,,,,,,,,,,,,,,,,,,,,,,,,0.001601,task_count=30 exceeds B2 max_direct_tasks=10,False,False,clearer_fail_closed_reason
30-scale fail-closed diagnostic,30,lunar_ice_sp50_030_011_seed929011,fixed_graph_direct_dp_oracle,B0_pure_direct_dp,,,,,SKIPPED_TOO_LARGE_FOR_DIRECT_DP_BASELINE,FEASIBLE_INCUMBENT_ONLY,,False,,,,,False,,0,0,0,0,0,0,0,0,0,0,,,0,0,0,,0,0,,,0,,,,,,,,,,,,,,,,,,,,,,,,,,,,,,,,,,,,,,,,0.001423,task_count=30 exceeds max_exact_tasks=10,False,False,
30-scale fail-closed diagnostic,30,lunar_ice_sp50_030_011_seed929011,accepted_B1,B1A_full_universe_root_audit,,,,,BPC_INCOMPLETE_PRICING,FEASIBLE_INCUMBENT_ONLY,INCOMPLETE_LIMIT,False,,,,,False,,0,0,0,0,0,0,0,0,0,0,,,0,0,0,,0,0,False,False,0,,,,,,,,,,,,,,,,,,,,,,,,,,,,,,,,,,,,,,,,0.001559,task_count=30 exceeds max_direct_tasks=10,False,False,
30-scale fail-closed diagnostic,30,lunar_ice_sp50_030_011_seed929011,accepted_B1,B1B_seeded_root_CG,,,,,BPC_INCOMPLETE_PRICING,FEASIBLE_INCUMBENT_ONLY,INCOMPLETE_LIMIT,False,,,,,False,,0,0,0,0,0,0,0,0,0,0,,,0,0,0,,0,0,False,False,0,,,,,,,,,,,,,,,,,,,,,,,,,,,,,,,,,,,,,,,,0.001565,task_count=30 exceeds max_direct_tasks=10,False,False,
30-scale fail-closed diagnostic,30,lunar_ice_sp50_030_011_seed929011,B1A_full_universe_root_audit,B2A_full_universe_rc_audit_fast_path,,,,,BPC_INCOMPLETE_PRICING,FEASIBLE_INCUMBENT_ONLY,INCOMPLETE_LIMIT,False,,,,,False,,0,0,0,0,0,0,0,0,0,0,,,0,0,0,,0,0,False,False,0,,,,,,,,,,,,,,,,,,,,,,,,,,,,,,,,,,,,,,,,0.001483,task_count=30 exceeds B2 max_direct_tasks=10,False,False,wall_time_lower
30-scale fail-closed diagnostic,30,lunar_ice_sp50_030_011_seed929011,B1B_seeded_root_CG,B2B_seeded_tail_CG,,,,,BPC_INCOMPLETE_PRICING,FEASIBLE_INCUMBENT_ONLY,INCOMPLETE_LIMIT,False,,,,,False,,0,0,0,0,0,0,0,0,0,0,,,0,0,0,,0,0,False,False,0,,,,,,,,,,,,,,,,,,,,,,,,,,,,,,,,,,,,,,,,0.002137,task_count=30 exceeds B2 max_direct_tasks=10,False,False,clearer_fail_closed_reason
30-scale fail-closed diagnostic,30,lunar_ice_sp50_030_010_seed929010,fixed_graph_direct_dp_oracle,B0_pure_direct_dp,,,,,SKIPPED_TOO_LARGE_FOR_DIRECT_DP_BASELINE,FEASIBLE_INCUMBENT_ONLY,,False,,,,,False,,0,0,0,0,0,0,0,0,0,0,,,0,0,0,,0,0,,,0,,,,,,,,,,,,,,,,,,,,,,,,,,,,,,,,,,,,,,,,0.001836,task_count=30 exceeds max_exact_tasks=10,False,False,
30-scale fail-closed diagnostic,30,lunar_ice_sp50_030_010_seed929010,accepted_B1,B1A_full_universe_root_audit,,,,,BPC_INCOMPLETE_PRICING,FEASIBLE_INCUMBENT_ONLY,INCOMPLETE_LIMIT,False,,,,,False,,0,0,0,0,0,0,0,0,0,0,,,0,0,0,,0,0,False,False,0,,,,,,,,,,,,,,,,,,,,,,,,,,,,,,,,,,,,,,,,0.001434,task_count=30 exceeds max_direct_tasks=10,False,False,
30-scale fail-closed diagnostic,30,lunar_ice_sp50_030_010_seed929010,accepted_B1,B1B_seeded_root_CG,,,,,BPC_INCOMPLETE_PRICING,FEASIBLE_INCUMBENT_ONLY,INCOMPLETE_LIMIT,False,,,,,False,,0,0,0,0,0,0,0,0,0,0,,,0,0,0,,0,0,False,False,0,,,,,,,,,,,,,,,,,,,,,,,,,,,,,,,,,,,,,,,,0.001539,task_count=30 exceeds max_direct_tasks=10,False,False,
30-scale fail-closed diagnostic,30,lunar_ice_sp50_030_010_seed929010,B1A_full_universe_root_audit,B2A_full_universe_rc_audit_fast_path,,,,,BPC_INCOMPLETE_PRICING,FEASIBLE_INCUMBENT_ONLY,INCOMPLETE_LIMIT,False,,,,,False,,0,0,0,0,0,0,0,0,0,0,,,0,0,0,,0,0,False,False,0,,,,,,,,,,,,,,,,,,,,,,,,,,,,,,,,,,,,,,,,0.001869,task_count=30 exceeds B2 max_direct_tasks=10,False,False,clearer_fail_closed_reason
30-scale fail-closed diagnostic,30,lunar_ice_sp50_030_010_seed929010,B1B_seeded_root_CG,B2B_seeded_tail_CG,,,,,BPC_INCOMPLETE_PRICING,FEASIBLE_INCUMBENT_ONLY,INCOMPLETE_LIMIT,False,,,,,False,,0,0,0,0,0,0,0,0,0,0,,,0,0,0,,0,0,False,False,0,,,,,,,,,,,,,,,,,,,,,,,,,,,,,,,,,,,,,,,,0.001575,task_count=30 exceeds B2 max_direct_tasks=10,False,False,clearer_fail_closed_reason
30-scale fail-closed diagnostic,30,lunar_ice_sp50_030_012_seed929012,fixed_graph_direct_dp_oracle,B0_pure_direct_dp,,,,,SKIPPED_TOO_LARGE_FOR_DIRECT_DP_BASELINE,FEASIBLE_INCUMBENT_ONLY,,False,,,,,False,,0,0,0,0,0,0,0,0,0,0,,,0,0,0,,0,0,,,0,,,,,,,,,,,,,,,,,,,,,,,,,,,,,,,,,,,,,,,,0.002102,task_count=30 exceeds max_exact_tasks=10,False,False,
30-scale fail-closed diagnostic,30,lunar_ice_sp50_030_012_seed929012,accepted_B1,B1A_full_universe_root_audit,,,,,BPC_INCOMPLETE_PRICING,FEASIBLE_INCUMBENT_ONLY,INCOMPLETE_LIMIT,False,,,,,False,,0,0,0,0,0,0,0,0,0,0,,,0,0,0,,0,0,False,False,0,,,,,,,,,,,,,,,,,,,,,,,,,,,,,,,,,,,,,,,,0.001606,task_count=30 exceeds max_direct_tasks=10,False,False,
30-scale fail-closed diagnostic,30,lunar_ice_sp50_030_012_seed929012,accepted_B1,B1B_seeded_root_CG,,,,,BPC_INCOMPLETE_PRICING,FEASIBLE_INCUMBENT_ONLY,INCOMPLETE_LIMIT,False,,,,,False,,0,0,0,0,0,0,0,0,0,0,,,0,0,0,,0,0,False,False,0,,,,,,,,,,,,,,,,,,,,,,,,,,,,,,,,,,,,,,,,0.001363,task_count=30 exceeds max_direct_tasks=10,False,False,
30-scale fail-closed diagnostic,30,lunar_ice_sp50_030_012_seed929012,B1A_full_universe_root_audit,B2A_full_universe_rc_audit_fast_path,,,,,BPC_INCOMPLETE_PRICING,FEASIBLE_INCUMBENT_ONLY,INCOMPLETE_LIMIT,False,,,,,False,,0,0,0,0,0,0,0,0,0,0,,,0,0,0,,0,0,False,False,0,,,,,,,,,,,,,,,,,,,,,,,,,,,,,,,,,,,,,,,,0.00222,task_count=30 exceeds B2 max_direct_tasks=10,False,False,clearer_fail_closed_reason
30-scale fail-closed diagnostic,30,lunar_ice_sp50_030_012_seed929012,B1B_seeded_root_CG,B2B_seeded_tail_CG,,,,,BPC_INCOMPLETE_PRICING,FEASIBLE_INCUMBENT_ONLY,INCOMPLETE_LIMIT,False,,,,,False,,0,0,0,0,0,0,0,0,0,0,,,0,0,0,,0,0,False,False,0,,,,,,,,,,,,,,,,,,,,,,,,,,,,,,,,,,,,,,,,0.001628,task_count=30 exceeds B2 max_direct_tasks=10,False,False,clearer_fail_closed_reason
30-scale fail-closed diagnostic,30,lunar_ice_sp50_030_013_seed929013,fixed_graph_direct_dp_oracle,B0_pure_direct_dp,,,,,SKIPPED_TOO_LARGE_FOR_DIRECT_DP_BASELINE,FEASIBLE_INCUMBENT_ONLY,,False,,,,,False,,0,0,0,0,0,0,0,0,0,0,,,0,0,0,,0,0,,,0,,,,,,,,,,,,,,,,,,,,,,,,,,,,,,,,,,,,,,,,0.001497,task_count=30 exceeds max_exact_tasks=10,False,False,
30-scale fail-closed diagnostic,30,lunar_ice_sp50_030_013_seed929013,accepted_B1,B1A_full_universe_root_audit,,,,,BPC_INCOMPLETE_PRICING,FEASIBLE_INCUMBENT_ONLY,INCOMPLETE_LIMIT,False,,,,,False,,0,0,0,0,0,0,0,0,0,0,,,0,0,0,,0,0,False,False,0,,,,,,,,,,,,,,,,,,,,,,,,,,,,,,,,,,,,,,,,0.001464,task_count=30 exceeds max_direct_tasks=10,False,False,
30-scale fail-closed diagnostic,30,lunar_ice_sp50_030_013_seed929013,accepted_B1,B1B_seeded_root_CG,,,,,BPC_INCOMPLETE_PRICING,FEASIBLE_INCUMBENT_ONLY,INCOMPLETE_LIMIT,False,,,,,False,,0,0,0,0,0,0,0,0,0,0,,,0,0,0,,0,0,False,False,0,,,,,,,,,,,,,,,,,,,,,,,,,,,,,,,,,,,,,,,,0.001547,task_count=30 exceeds max_direct_tasks=10,False,False,
30-scale fail-closed diagnostic,30,lunar_ice_sp50_030_013_seed929013,B1A_full_universe_root_audit,B2A_full_universe_rc_audit_fast_path,,,,,BPC_INCOMPLETE_PRICING,FEASIBLE_INCUMBENT_ONLY,INCOMPLETE_LIMIT,False,,,,,False,,0,0,0,0,0,0,0,0,0,0,,,0,0,0,,0,0,False,False,0,,,,,,,,,,,,,,,,,,,,,,,,,,,,,,,,,,,,,,,,0.001512,task_count=30 exceeds B2 max_direct_tasks=10,False,False,clearer_fail_closed_reason
30-scale fail-closed diagnostic,30,lunar_ice_sp50_030_013_seed929013,B1B_seeded_root_CG,B2B_seeded_tail_CG,,,,,BPC_INCOMPLETE_PRICING,FEASIBLE_INCUMBENT_ONLY,INCOMPLETE_LIMIT,False,,,,,False,,0,0,0,0,0,0,0,0,0,0,,,0,0,0,,0,0,False,False,0,,,,,,,,,,,,,,,,,,,,,,,,,,,,,,,,,,,,,,,,0.001473,task_count=30 exceeds B2 max_direct_tasks=10,False,False,wall_time_lower
30-scale fail-closed diagnostic,30,lunar_ice_sp50_030_014_seed929014,fixed_graph_direct_dp_oracle,B0_pure_direct_dp,,,,,SKIPPED_TOO_LARGE_FOR_DIRECT_DP_BASELINE,FEASIBLE_INCUMBENT_ONLY,,False,,,,,False,,0,0,0,0,0,0,0,0,0,0,,,0,0,0,,0,0,,,0,,,,,,,,,,,,,,,,,,,,,,,,,,,,,,,,,,,,,,,,0.001557,task_count=30 exceeds max_exact_tasks=10,False,False,
30-scale fail-closed diagnostic,30,lunar_ice_sp50_030_014_seed929014,accepted_B1,B1A_full_universe_root_audit,,,,,BPC_INCOMPLETE_PRICING,FEASIBLE_INCUMBENT_ONLY,INCOMPLETE_LIMIT,False,,,,,False,,0,0,0,0,0,0,0,0,0,0,,,0,0,0,,0,0,False,False,0,,,,,,,,,,,,,,,,,,,,,,,,,,,,,,,,,,,,,,,,0.001488,task_count=30 exceeds max_direct_tasks=10,False,False,
30-scale fail-closed diagnostic,30,lunar_ice_sp50_030_014_seed929014,accepted_B1,B1B_seeded_root_CG,,,,,BPC_INCOMPLETE_PRICING,FEASIBLE_INCUMBENT_ONLY,INCOMPLETE_LIMIT,False,,,,,False,,0,0,0,0,0,0,0,0,0,0,,,0,0,0,,0,0,False,False,0,,,,,,,,,,,,,,,,,,,,,,,,,,,,,,,,,,,,,,,,0.001538,task_count=30 exceeds max_direct_tasks=10,False,False,
30-scale fail-closed diagnostic,30,lunar_ice_sp50_030_014_seed929014,B1A_full_universe_root_audit,B2A_full_universe_rc_audit_fast_path,,,,,BPC_INCOMPLETE_PRICING,FEASIBLE_INCUMBENT_ONLY,INCOMPLETE_LIMIT,False,,,,,False,,0,0,0,0,0,0,0,0,0,0,,,0,0,0,,0,0,False,False,0,,,,,,,,,,,,,,,,,,,,,,,,,,,,,,,,,,,,,,,,0.001363,task_count=30 exceeds B2 max_direct_tasks=10,False,False,wall_time_lower
30-scale fail-closed diagnostic,30,lunar_ice_sp50_030_014_seed929014,B1B_seeded_root_CG,B2B_seeded_tail_CG,,,,,BPC_INCOMPLETE_PRICING,FEASIBLE_INCUMBENT_ONLY,INCOMPLETE_LIMIT,False,,,,,False,,0,0,0,0,0,0,0,0,0,0,,,0,0,0,,0,0,False,False,0,,,,,,,,,,,,,,,,,,,,,,,,,,,,,,,,,,,,,,,,0.001611,task_count=30 exceeds B2 max_direct_tasks=10,False,False,clearer_fail_closed_reason
30-scale fail-closed diagnostic,30,lunar_ice_sp50_030_016_seed929016,fixed_graph_direct_dp_oracle,B0_pure_direct_dp,,,,,SKIPPED_TOO_LARGE_FOR_DIRECT_DP_BASELINE,FEASIBLE_INCUMBENT_ONLY,,False,,,,,False,,0,0,0,0,0,0,0,0,0,0,,,0,0,0,,0,0,,,0,,,,,,,,,,,,,,,,,,,,,,,,,,,,,,,,,,,,,,,,0.001516,task_count=30 exceeds max_exact_tasks=10,False,False,
30-scale fail-closed diagnostic,30,lunar_ice_sp50_030_016_seed929016,accepted_B1,B1A_full_universe_root_audit,,,,,BPC_INCOMPLETE_PRICING,FEASIBLE_INCUMBENT_ONLY,INCOMPLETE_LIMIT,False,,,,,False,,0,0,0,0,0,0,0,0,0,0,,,0,0,0,,0,0,False,False,0,,,,,,,,,,,,,,,,,,,,,,,,,,,,,,,,,,,,,,,,0.00145,task_count=30 exceeds max_direct_tasks=10,False,False,
30-scale fail-closed diagnostic,30,lunar_ice_sp50_030_016_seed929016,accepted_B1,B1B_seeded_root_CG,,,,,BPC_INCOMPLETE_PRICING,FEASIBLE_INCUMBENT_ONLY,INCOMPLETE_LIMIT,False,,,,,False,,0,0,0,0,0,0,0,0,0,0,,,0,0,0,,0,0,False,False,0,,,,,,,,,,,,,,,,,,,,,,,,,,,,,,,,,,,,,,,,0.001582,task_count=30 exceeds max_direct_tasks=10,False,False,
30-scale fail-closed diagnostic,30,lunar_ice_sp50_030_016_seed929016,B1A_full_universe_root_audit,B2A_full_universe_rc_audit_fast_path,,,,,BPC_INCOMPLETE_PRICING,FEASIBLE_INCUMBENT_ONLY,INCOMPLETE_LIMIT,False,,,,,False,,0,0,0,0,0,0,0,0,0,0,,,0,0,0,,0,0,False,False,0,,,,,,,,,,,,,,,,,,,,,,,,,,,,,,,,,,,,,,,,0.00163,task_count=30 exceeds B2 max_direct_tasks=10,False,False,clearer_fail_closed_reason
30-scale fail-closed diagnostic,30,lunar_ice_sp50_030_016_seed929016,B1B_seeded_root_CG,B2B_seeded_tail_CG,,,,,BPC_INCOMPLETE_PRICING,FEASIBLE_INCUMBENT_ONLY,INCOMPLETE_LIMIT,False,,,,,False,,0,0,0,0,0,0,0,0,0,0,,,0,0,0,,0,0,False,False,0,,,,,,,,,,,,,,,,,,,,,,,,,,,,,,,,,,,,,,,,0.00148,task_count=30 exceeds B2 max_direct_tasks=10,False,False,wall_time_lower
30-scale fail-closed diagnostic,30,lunar_ice_sp50_030_015_seed929015,fixed_graph_direct_dp_oracle,B0_pure_direct_dp,,,,,SKIPPED_TOO_LARGE_FOR_DIRECT_DP_BASELINE,FEASIBLE_INCUMBENT_ONLY,,False,,,,,False,,0,0,0,0,0,0,0,0,0,0,,,0,0,0,,0,0,,,0,,,,,,,,,,,,,,,,,,,,,,,,,,,,,,,,,,,,,,,,0.002247,task_count=30 exceeds max_exact_tasks=10,False,False,
30-scale fail-closed diagnostic,30,lunar_ice_sp50_030_015_seed929015,accepted_B1,B1A_full_universe_root_audit,,,,,BPC_INCOMPLETE_PRICING,FEASIBLE_INCUMBENT_ONLY,INCOMPLETE_LIMIT,False,,,,,False,,0,0,0,0,0,0,0,0,0,0,,,0,0,0,,0,0,False,False,0,,,,,,,,,,,,,,,,,,,,,,,,,,,,,,,,,,,,,,,,0.001583,task_count=30 exceeds max_direct_tasks=10,False,False,
30-scale fail-closed diagnostic,30,lunar_ice_sp50_030_015_seed929015,accepted_B1,B1B_seeded_root_CG,,,,,BPC_INCOMPLETE_PRICING,FEASIBLE_INCUMBENT_ONLY,INCOMPLETE_LIMIT,False,,,,,False,,0,0,0,0,0,0,0,0,0,0,,,0,0,0,,0,0,False,False,0,,,,,,,,,,,,,,,,,,,,,,,,,,,,,,,,,,,,,,,,0.001361,task_count=30 exceeds max_direct_tasks=10,False,False,
30-scale fail-closed diagnostic,30,lunar_ice_sp50_030_015_seed929015,B1A_full_universe_root_audit,B2A_full_universe_rc_audit_fast_path,,,,,BPC_INCOMPLETE_PRICING,FEASIBLE_INCUMBENT_ONLY,INCOMPLETE_LIMIT,False,,,,,False,,0,0,0,0,0,0,0,0,0,0,,,0,0,0,,0,0,False,False,0,,,,,,,,,,,,,,,,,,,,,,,,,,,,,,,,,,,,,,,,0.001558,task_count=30 exceeds B2 max_direct_tasks=10,False,False,wall_time_lower
30-scale fail-closed diagnostic,30,lunar_ice_sp50_030_015_seed929015,B1B_seeded_root_CG,B2B_seeded_tail_CG,,,,,BPC_INCOMPLETE_PRICING,FEASIBLE_INCUMBENT_ONLY,INCOMPLETE_LIMIT,False,,,,,False,,0,0,0,0,0,0,0,0,0,0,,,0,0,0,,0,0,False,False,0,,,,,,,,,,,,,,,,,,,,,,,,,,,,,,,,,,,,,,,,0.001422,task_count=30 exceeds B2 max_direct_tasks=10,False,False,clearer_fail_closed_reason
30-scale fail-closed diagnostic,30,lunar_ice_sp50_030_017_seed929017,fixed_graph_direct_dp_oracle,B0_pure_direct_dp,,,,,SKIPPED_TOO_LARGE_FOR_DIRECT_DP_BASELINE,FEASIBLE_INCUMBENT_ONLY,,False,,,,,False,,0,0,0,0,0,0,0,0,0,0,,,0,0,0,,0,0,,,0,,,,,,,,,,,,,,,,,,,,,,,,,,,,,,,,,,,,,,,,0.001573,task_count=30 exceeds max_exact_tasks=10,False,False,
30-scale fail-closed diagnostic,30,lunar_ice_sp50_030_017_seed929017,accepted_B1,B1A_full_universe_root_audit,,,,,BPC_INCOMPLETE_PRICING,FEASIBLE_INCUMBENT_ONLY,INCOMPLETE_LIMIT,False,,,,,False,,0,0,0,0,0,0,0,0,0,0,,,0,0,0,,0,0,False,False,0,,,,,,,,,,,,,,,,,,,,,,,,,,,,,,,,,,,,,,,,0.00152,task_count=30 exceeds max_direct_tasks=10,False,False,
30-scale fail-closed diagnostic,30,lunar_ice_sp50_030_017_seed929017,accepted_B1,B1B_seeded_root_CG,,,,,BPC_INCOMPLETE_PRICING,FEASIBLE_INCUMBENT_ONLY,INCOMPLETE_LIMIT,False,,,,,False,,0,0,0,0,0,0,0,0,0,0,,,0,0,0,,0,0,False,False,0,,,,,,,,,,,,,,,,,,,,,,,,,,,,,,,,,,,,,,,,0.00143,task_count=30 exceeds max_direct_tasks=10,False,False,
30-scale fail-closed diagnostic,30,lunar_ice_sp50_030_017_seed929017,B1A_full_universe_root_audit,B2A_full_universe_rc_audit_fast_path,,,,,BPC_INCOMPLETE_PRICING,FEASIBLE_INCUMBENT_ONLY,INCOMPLETE_LIMIT,False,,,,,False,,0,0,0,0,0,0,0,0,0,0,,,0,0,0,,0,0,False,False,0,,,,,,,,,,,,,,,,,,,,,,,,,,,,,,,,,,,,,,,,0.001739,task_count=30 exceeds B2 max_direct_tasks=10,False,False,clearer_fail_closed_reason
30-scale fail-closed diagnostic,30,lunar_ice_sp50_030_017_seed929017,B1B_seeded_root_CG,B2B_seeded_tail_CG,,,,,BPC_INCOMPLETE_PRICING,FEASIBLE_INCUMBENT_ONLY,INCOMPLETE_LIMIT,False,,,,,False,,0,0,0,0,0,0,0,0,0,0,,,0,0,0,,0,0,False,False,0,,,,,,,,,,,,,,,,,,,,,,,,,,,,,,,,,,,,,,,,0.001518,task_count=30 exceeds B2 max_direct_tasks=10,False,False,clearer_fail_closed_reason
30-scale fail-closed diagnostic,30,lunar_ice_sp50_030_019_seed929019,fixed_graph_direct_dp_oracle,B0_pure_direct_dp,,,,,SKIPPED_TOO_LARGE_FOR_DIRECT_DP_BASELINE,FEASIBLE_INCUMBENT_ONLY,,False,,,,,False,,0,0,0,0,0,0,0,0,0,0,,,0,0,0,,0,0,,,0,,,,,,,,,,,,,,,,,,,,,,,,,,,,,,,,,,,,,,,,0.001401,task_count=30 exceeds max_exact_tasks=10,False,False,
30-scale fail-closed diagnostic,30,lunar_ice_sp50_030_019_seed929019,accepted_B1,B1A_full_universe_root_audit,,,,,BPC_INCOMPLETE_PRICING,FEASIBLE_INCUMBENT_ONLY,INCOMPLETE_LIMIT,False,,,,,False,,0,0,0,0,0,0,0,0,0,0,,,0,0,0,,0,0,False,False,0,,,,,,,,,,,,,,,,,,,,,,,,,,,,,,,,,,,,,,,,0.00159,task_count=30 exceeds max_direct_tasks=10,False,False,
30-scale fail-closed diagnostic,30,lunar_ice_sp50_030_019_seed929019,accepted_B1,B1B_seeded_root_CG,,,,,BPC_INCOMPLETE_PRICING,FEASIBLE_INCUMBENT_ONLY,INCOMPLETE_LIMIT,False,,,,,False,,0,0,0,0,0,0,0,0,0,0,,,0,0,0,,0,0,False,False,0,,,,,,,,,,,,,,,,,,,,,,,,,,,,,,,,,,,,,,,,0.001418,task_count=30 exceeds max_direct_tasks=10,False,False,
30-scale fail-closed diagnostic,30,lunar_ice_sp50_030_019_seed929019,B1A_full_universe_root_audit,B2A_full_universe_rc_audit_fast_path,,,,,BPC_INCOMPLETE_PRICING,FEASIBLE_INCUMBENT_ONLY,INCOMPLETE_LIMIT,False,,,,,False,,0,0,0,0,0,0,0,0,0,0,,,0,0,0,,0,0,False,False,0,,,,,,,,,,,,,,,,,,,,,,,,,,,,,,,,,,,,,,,,0.00141,task_count=30 exceeds B2 max_direct_tasks=10,False,False,wall_time_lower
30-scale fail-closed diagnostic,30,lunar_ice_sp50_030_019_seed929019,B1B_seeded_root_CG,B2B_seeded_tail_CG,,,,,BPC_INCOMPLETE_PRICING,FEASIBLE_INCUMBENT_ONLY,INCOMPLETE_LIMIT,False,,,,,False,,0,0,0,0,0,0,0,0,0,0,,,0,0,0,,0,0,False,False,0,,,,,,,,,,,,,,,,,,,,,,,,,,,,,,,,,,,,,,,,0.001491,task_count=30 exceeds B2 max_direct_tasks=10,False,False,clearer_fail_closed_reason
30-scale fail-closed diagnostic,30,lunar_ice_sp50_030_020_seed929020,fixed_graph_direct_dp_oracle,B0_pure_direct_dp,,,,,SKIPPED_TOO_LARGE_FOR_DIRECT_DP_BASELINE,FEASIBLE_INCUMBENT_ONLY,,False,,,,,False,,0,0,0,0,0,0,0,0,0,0,,,0,0,0,,0,0,,,0,,,,,,,,,,,,,,,,,,,,,,,,,,,,,,,,,,,,,,,,0.00144,task_count=30 exceeds max_exact_tasks=10,False,False,
30-scale fail-closed diagnostic,30,lunar_ice_sp50_030_020_seed929020,accepted_B1,B1A_full_universe_root_audit,,,,,BPC_INCOMPLETE_PRICING,FEASIBLE_INCUMBENT_ONLY,INCOMPLETE_LIMIT,False,,,,,False,,0,0,0,0,0,0,0,0,0,0,,,0,0,0,,0,0,False,False,0,,,,,,,,,,,,,,,,,,,,,,,,,,,,,,,,,,,,,,,,0.001453,task_count=30 exceeds max_direct_tasks=10,False,False,
30-scale fail-closed diagnostic,30,lunar_ice_sp50_030_020_seed929020,accepted_B1,B1B_seeded_root_CG,,,,,BPC_INCOMPLETE_PRICING,FEASIBLE_INCUMBENT_ONLY,INCOMPLETE_LIMIT,False,,,,,False,,0,0,0,0,0,0,0,0,0,0,,,0,0,0,,0,0,False,False,0,,,,,,,,,,,,,,,,,,,,,,,,,,,,,,,,,,,,,,,,0.002312,task_count=30 exceeds max_direct_tasks=10,False,False,
30-scale fail-closed diagnostic,30,lunar_ice_sp50_030_020_seed929020,B1A_full_universe_root_audit,B2A_full_universe_rc_audit_fast_path,,,,,BPC_INCOMPLETE_PRICING,FEASIBLE_INCUMBENT_ONLY,INCOMPLETE_LIMIT,False,,,,,False,,0,0,0,0,0,0,0,0,0,0,,,0,0,0,,0,0,False,False,0,,,,,,,,,,,,,,,,,,,,,,,,,,,,,,,,,,,,,,,,0.00176,task_count=30 exceeds B2 max_direct_tasks=10,False,False,clearer_fail_closed_reason
30-scale fail-closed diagnostic,30,lunar_ice_sp50_030_020_seed929020,B1B_seeded_root_CG,B2B_seeded_tail_CG,,,,,BPC_INCOMPLETE_PRICING,FEASIBLE_INCUMBENT_ONLY,INCOMPLETE_LIMIT,False,,,,,False,,0,0,0,0,0,0,0,0,0,0,,,0,0,0,,0,0,False,False,0,,,,,,,,,,,,,,,,,,,,,,,,,,,,,,,,,,,,,,,,0.001503,task_count=30 exceeds B2 max_direct_tasks=10,False,False,wall_time_lower
30-scale fail-closed diagnostic,30,lunar_ice_sp50_030_018_seed929018,fixed_graph_direct_dp_oracle,B0_pure_direct_dp,,,,,SKIPPED_TOO_LARGE_FOR_DIRECT_DP_BASELINE,FEASIBLE_INCUMBENT_ONLY,,False,,,,,False,,0,0,0,0,0,0,0,0,0,0,,,0,0,0,,0,0,,,0,,,,,,,,,,,,,,,,,,,,,,,,,,,,,,,,,,,,,,,,0.001518,task_count=30 exceeds max_exact_tasks=10,False,False,
30-scale fail-closed diagnostic,30,lunar_ice_sp50_030_018_seed929018,accepted_B1,B1A_full_universe_root_audit,,,,,BPC_INCOMPLETE_PRICING,FEASIBLE_INCUMBENT_ONLY,INCOMPLETE_LIMIT,False,,,,,False,,0,0,0,0,0,0,0,0,0,0,,,0,0,0,,0,0,False,False,0,,,,,,,,,,,,,,,,,,,,,,,,,,,,,,,,,,,,,,,,0.001539,task_count=30 exceeds max_direct_tasks=10,False,False,
30-scale fail-closed diagnostic,30,lunar_ice_sp50_030_018_seed929018,accepted_B1,B1B_seeded_root_CG,,,,,BPC_INCOMPLETE_PRICING,FEASIBLE_INCUMBENT_ONLY,INCOMPLETE_LIMIT,False,,,,,False,,0,0,0,0,0,0,0,0,0,0,,,0,0,0,,0,0,False,False,0,,,,,,,,,,,,,,,,,,,,,,,,,,,,,,,,,,,,,,,,0.001461,task_count=30 exceeds max_direct_tasks=10,False,False,
30-scale fail-closed diagnostic,30,lunar_ice_sp50_030_018_seed929018,B1A_full_universe_root_audit,B2A_full_universe_rc_audit_fast_path,,,,,BPC_INCOMPLETE_PRICING,FEASIBLE_INCUMBENT_ONLY,INCOMPLETE_LIMIT,False,,,,,False,,0,0,0,0,0,0,0,0,0,0,,,0,0,0,,0,0,False,False,0,,,,,,,,,,,,,,,,,,,,,,,,,,,,,,,,,,,,,,,,0.001658,task_count=30 exceeds B2 max_direct_tasks=10,False,False,clearer_fail_closed_reason
30-scale fail-closed diagnostic,30,lunar_ice_sp50_030_018_seed929018,B1B_seeded_root_CG,B2B_seeded_tail_CG,,,,,BPC_INCOMPLETE_PRICING,FEASIBLE_INCUMBENT_ONLY,INCOMPLETE_LIMIT,False,,,,,False,,0,0,0,0,0,0,0,0,0,0,,,0,0,0,,0,0,False,False,0,,,,,,,,,,,,,,,,,,,,,,,,,,,,,,,,,,,,,,,,0.00174,task_count=30 exceeds B2 max_direct_tasks=10,False,False,clearer_fail_closed_reason
20-scale selected direct20 probe,20,lunar_ice_sp50_020_004_seed829004,fixed_graph_direct_dp_oracle,B0_pure_direct_dp,,,,,DIRECT_DP_BASELINE_OPTIMAL,DIRECT_DP_FIXED_GRAPH_OPTIMAL,,False,,,6290.10408,,False,,0,0,0,0,0,0,0,0,0,0,,,0,0,0,,0,0,,,0,,,,,,,,,,,,,,,,,,,,,,,,,,,,,,,,,,,,,,,,6.562542,,False,False,
20-scale selected direct20 probe,20,lunar_ice_sp50_020_004_seed829004,accepted_B1,B1A_full_universe_root_audit,,,,,BPC_INCOMPLETE_PRICING,FEASIBLE_INCUMBENT_ONLY,INCOMPLETE_LIMIT,False,,,,,False,,0,0,0,0,0,0,0,0,0,0,,,0,0,0,,0,0,,,0,,,,,,,,,,,,,,,,,,,,,,,,,,,,,,,,,,,,,,,,20.0,row_time_limit_sec=20.0 exceeded at max_direct_tasks=20,False,False,
20-scale selected direct20 probe,20,lunar_ice_sp50_020_004_seed829004,accepted_B1,B1B_seeded_root_CG,,,,,BPC_INCOMPLETE_PRICING,FEASIBLE_INCUMBENT_ONLY,INCOMPLETE_LIMIT,False,,,,,False,,0,0,0,0,0,0,0,0,0,0,,,0,0,0,,0,0,,,0,,,,,,,,,,,,,,,,,,,,,,,,,,,,,,,,,,,,,,,,20.0,row_time_limit_sec=20.0 exceeded at max_direct_tasks=20,False,False,
20-scale selected direct20 probe,20,lunar_ice_sp50_020_004_seed829004,B1A_full_universe_root_audit,B2A_full_universe_rc_audit_fast_path,,,,,BPC_INCOMPLETE_PRICING,FEASIBLE_INCUMBENT_ONLY,INCOMPLETE_LIMIT,False,,,,,False,,0,0,0,0,0,0,0,0,0,0,,,0,0,0,,0,0,,,0,,,,,,,,,,,,,,,,,,,,,,,,,,,,,,,,,,,,,,,,20.0,row_time_limit_sec=20.0 exceeded at max_direct_tasks=20,False,False,
20-scale selected direct20 probe,20,lunar_ice_sp50_020_004_seed829004,B1B_seeded_root_CG,B2B_seeded_tail_CG,,,,,BPC_INCOMPLETE_PRICING,FEASIBLE_INCUMBENT_ONLY,INCOMPLETE_LIMIT,False,,,,,False,,0,0,0,0,0,0,0,0,0,0,,,0,0,0,,0,0,,,0,,,,,,,,,,,,,,,,,,,,,,,,,,,,,,,,,,,,,,,,20.0,row_time_limit_sec=20.0 exceeded at max_direct_tasks=20,False,False,
20-scale selected direct20 probe,20,lunar_ice_sp50_020_002_seed829002,fixed_graph_direct_dp_oracle,B0_pure_direct_dp,,,,,DIRECT_DP_BASELINE_OPTIMAL,DIRECT_DP_FIXED_GRAPH_OPTIMAL,,False,,,6766.890301,,False,,0,0,0,0,0,0,0,0,0,0,,,0,0,0,,0,0,,,0,,,,,,,,,,,,,,,,,,,,,,,,,,,,,,,,,,,,,,,,4.276685,,False,False,
20-scale selected direct20 probe,20,lunar_ice_sp50_020_002_seed829002,accepted_B1,B1A_full_universe_root_audit,,,,,BPC_INCOMPLETE_PRICING,FEASIBLE_INCUMBENT_ONLY,INCOMPLETE_LIMIT,False,,,,,False,,0,0,0,0,0,0,0,0,0,0,,,0,0,0,,0,0,,,0,,,,,,,,,,,,,,,,,,,,,,,,,,,,,,,,,,,,,,,,20.0,row_time_limit_sec=20.0 exceeded at max_direct_tasks=20,False,False,
20-scale selected direct20 probe,20,lunar_ice_sp50_020_002_seed829002,accepted_B1,B1B_seeded_root_CG,,,,,BPC_INCOMPLETE_PRICING,FEASIBLE_INCUMBENT_ONLY,INCOMPLETE_LIMIT,False,,,,,False,,0,0,0,0,0,0,0,0,0,0,,,0,0,0,,0,0,,,0,,,,,,,,,,,,,,,,,,,,,,,,,,,,,,,,,,,,,,,,20.0,row_time_limit_sec=20.0 exceeded at max_direct_tasks=20,False,False,
20-scale selected direct20 probe,20,lunar_ice_sp50_020_002_seed829002,B1A_full_universe_root_audit,B2A_full_universe_rc_audit_fast_path,,,,,BPC_INCOMPLETE_PRICING,FEASIBLE_INCUMBENT_ONLY,INCOMPLETE_LIMIT,False,,,,,False,,0,0,0,0,0,0,0,0,0,0,,,0,0,0,,0,0,,,0,,,,,,,,,,,,,,,,,,,,,,,,,,,,,,,,,,,,,,,,20.0,row_time_limit_sec=20.0 exceeded at max_direct_tasks=20,False,False,
20-scale selected direct20 probe,20,lunar_ice_sp50_020_002_seed829002,B1B_seeded_root_CG,B2B_seeded_tail_CG,,,,,BPC_INCOMPLETE_PRICING,FEASIBLE_INCUMBENT_ONLY,INCOMPLETE_LIMIT,False,,,,,False,,0,0,0,0,0,0,0,0,0,0,,,0,0,0,,0,0,,,0,,,,,,,,,,,,,,,,,,,,,,,,,,,,,,,,,,,,,,,,20.0,row_time_limit_sec=20.0 exceeded at max_direct_tasks=20,False,False,
20-scale selected direct20 probe,20,lunar_ice_sp50_020_001_seed829001,fixed_graph_direct_dp_oracle,B0_pure_direct_dp,,,,,DIRECT_DP_BASELINE_OPTIMAL,DIRECT_DP_FIXED_GRAPH_OPTIMAL,,False,,,7386.805908,,False,,0,0,0,0,0,0,0,0,0,0,,,0,0,0,,0,0,,,0,,,,,,,,,,,,,,,,,,,,,,,,,,,,,,,,,,,,,,,,7.333764,,False,False,
20-scale selected direct20 probe,20,lunar_ice_sp50_020_001_seed829001,accepted_B1,B1A_full_universe_root_audit,,,,,BPC_INCOMPLETE_PRICING,FEASIBLE_INCUMBENT_ONLY,INCOMPLETE_LIMIT,False,,,,,False,,0,0,0,0,0,0,0,0,0,0,,,0,0,0,,0,0,,,0,,,,,,,,,,,,,,,,,,,,,,,,,,,,,,,,,,,,,,,,20.0,row_time_limit_sec=20.0 exceeded at max_direct_tasks=20,False,False,
20-scale selected direct20 probe,20,lunar_ice_sp50_020_001_seed829001,accepted_B1,B1B_seeded_root_CG,,,,,BPC_INCOMPLETE_PRICING,FEASIBLE_INCUMBENT_ONLY,INCOMPLETE_LIMIT,False,,,,,False,,0,0,0,0,0,0,0,0,0,0,,,0,0,0,,0,0,,,0,,,,,,,,,,,,,,,,,,,,,,,,,,,,,,,,,,,,,,,,20.0,row_time_limit_sec=20.0 exceeded at max_direct_tasks=20,False,False,
20-scale selected direct20 probe,20,lunar_ice_sp50_020_001_seed829001,B1A_full_universe_root_audit,B2A_full_universe_rc_audit_fast_path,,,,,BPC_INCOMPLETE_PRICING,FEASIBLE_INCUMBENT_ONLY,INCOMPLETE_LIMIT,False,,,,,False,,0,0,0,0,0,0,0,0,0,0,,,0,0,0,,0,0,,,0,,,,,,,,,,,,,,,,,,,,,,,,,,,,,,,,,,,,,,,,20.0,row_time_limit_sec=20.0 exceeded at max_direct_tasks=20,False,False,
20-scale selected direct20 probe,20,lunar_ice_sp50_020_001_seed829001,B1B_seeded_root_CG,B2B_seeded_tail_CG,,,,,BPC_INCOMPLETE_PRICING,FEASIBLE_INCUMBENT_ONLY,INCOMPLETE_LIMIT,False,,,,,False,,0,0,0,0,0,0,0,0,0,0,,,0,0,0,,0,0,,,0,,,,,,,,,,,,,,,,,,,,,,,,,,,,,,,,,,,,,,,,20.0,row_time_limit_sec=20.0 exceeded at max_direct_tasks=20,False,False,
20-scale selected direct20 probe,20,lunar_ice_sp50_020_003_seed829003,fixed_graph_direct_dp_oracle,B0_pure_direct_dp,,,,,DIRECT_DP_BASELINE_OPTIMAL,DIRECT_DP_FIXED_GRAPH_OPTIMAL,,False,,,8052.53043,,False,,0,0,0,0,0,0,0,0,0,0,,,0,0,0,,0,0,,,0,,,,,,,,,,,,,,,,,,,,,,,,,,,,,,,,,,,,,,,,11.958238,,False,False,
20-scale selected direct20 probe,20,lunar_ice_sp50_020_003_seed829003,accepted_B1,B1A_full_universe_root_audit,,,,,BPC_INCOMPLETE_PRICING,FEASIBLE_INCUMBENT_ONLY,INCOMPLETE_LIMIT,False,,,,,False,,0,0,0,0,0,0,0,0,0,0,,,0,0,0,,0,0,,,0,,,,,,,,,,,,,,,,,,,,,,,,,,,,,,,,,,,,,,,,20.0,row_time_limit_sec=20.0 exceeded at max_direct_tasks=20,False,False,
20-scale selected direct20 probe,20,lunar_ice_sp50_020_003_seed829003,accepted_B1,B1B_seeded_root_CG,,,,,BPC_INCOMPLETE_PRICING,FEASIBLE_INCUMBENT_ONLY,INCOMPLETE_LIMIT,False,,,,,False,,0,0,0,0,0,0,0,0,0,0,,,0,0,0,,0,0,,,0,,,,,,,,,,,,,,,,,,,,,,,,,,,,,,,,,,,,,,,,20.0,row_time_limit_sec=20.0 exceeded at max_direct_tasks=20,False,False,
20-scale selected direct20 probe,20,lunar_ice_sp50_020_003_seed829003,B1A_full_universe_root_audit,B2A_full_universe_rc_audit_fast_path,,,,,BPC_INCOMPLETE_PRICING,FEASIBLE_INCUMBENT_ONLY,INCOMPLETE_LIMIT,False,,,,,False,,0,0,0,0,0,0,0,0,0,0,,,0,0,0,,0,0,,,0,,,,,,,,,,,,,,,,,,,,,,,,,,,,,,,,,,,,,,,,20.0,row_time_limit_sec=20.0 exceeded at max_direct_tasks=20,False,False,
20-scale selected direct20 probe,20,lunar_ice_sp50_020_003_seed829003,B1B_seeded_root_CG,B2B_seeded_tail_CG,,,,,BPC_INCOMPLETE_PRICING,FEASIBLE_INCUMBENT_ONLY,INCOMPLETE_LIMIT,False,,,,,False,,0,0,0,0,0,0,0,0,0,0,,,0,0,0,,0,0,,,0,,,,,,,,,,,,,,,,,,,,,,,,,,,,,,,,,,,,,,,,20.0,row_time_limit_sec=20.0 exceeded at max_direct_tasks=20,False,False,
20-scale selected direct20 probe,20,lunar_ice_sp50_020_005_seed829005,fixed_graph_direct_dp_oracle,B0_pure_direct_dp,,,,,DIRECT_DP_BASELINE_OPTIMAL,DIRECT_DP_FIXED_GRAPH_OPTIMAL,,False,,,6220.730886,,False,,0,0,0,0,0,0,0,0,0,0,,,0,0,0,,0,0,,,0,,,,,,,,,,,,,,,,,,,,,,,,,,,,,,,,,,,,,,,,19.121417,,False,False,
20-scale selected direct20 probe,20,lunar_ice_sp50_020_005_seed829005,accepted_B1,B1A_full_universe_root_audit,,,,,BPC_INCOMPLETE_PRICING,FEASIBLE_INCUMBENT_ONLY,INCOMPLETE_LIMIT,False,,,,,False,,0,0,0,0,0,0,0,0,0,0,,,0,0,0,,0,0,,,0,,,,,,,,,,,,,,,,,,,,,,,,,,,,,,,,,,,,,,,,20.0,row_time_limit_sec=20.0 exceeded at max_direct_tasks=20,False,False,
20-scale selected direct20 probe,20,lunar_ice_sp50_020_005_seed829005,accepted_B1,B1B_seeded_root_CG,,,,,BPC_INCOMPLETE_PRICING,FEASIBLE_INCUMBENT_ONLY,INCOMPLETE_LIMIT,False,,,,,False,,0,0,0,0,0,0,0,0,0,0,,,0,0,0,,0,0,,,0,,,,,,,,,,,,,,,,,,,,,,,,,,,,,,,,,,,,,,,,20.0,row_time_limit_sec=20.0 exceeded at max_direct_tasks=20,False,False,
20-scale selected direct20 probe,20,lunar_ice_sp50_020_005_seed829005,B1A_full_universe_root_audit,B2A_full_universe_rc_audit_fast_path,,,,,BPC_INCOMPLETE_PRICING,FEASIBLE_INCUMBENT_ONLY,INCOMPLETE_LIMIT,False,,,,,False,,0,0,0,0,0,0,0,0,0,0,,,0,0,0,,0,0,,,0,,,,,,,,,,,,,,,,,,,,,,,,,,,,,,,,,,,,,,,,20.0,row_time_limit_sec=20.0 exceeded at max_direct_tasks=20,False,False,
20-scale selected direct20 probe,20,lunar_ice_sp50_020_005_seed829005,B1B_seeded_root_CG,B2B_seeded_tail_CG,,,,,BPC_INCOMPLETE_PRICING,FEASIBLE_INCUMBENT_ONLY,INCOMPLETE_LIMIT,False,,,,,False,,0,0,0,0,0,0,0,0,0,0,,,0,0,0,,0,0,,,0,,,,,,,,,,,,,,,,,,,,,,,,,,,,,,,,,,,,,,,,20.0,row_time_limit_sec=20.0 exceeded at max_direct_tasks=20,False,False,
5-scale full,5,lunar_ice_sp50_005_001_seed679001,fixed_graph_direct_dp_product_exact,B2_PRODUCT_EXACT_SOLVER,,,,,DIRECT_DP_BASELINE_OPTIMAL,DIRECT_DP_FIXED_GRAPH_OPTIMAL,NOT_PRICED,False,,,1310.952686,,False,,0,0,0,0,0,0,0,0,0,0,,,0,0,0,,0,0,,,0,DIRECT_DP_FIXED_GRAPH_OPTIMAL,1,1310.952686,True,1,,,,,,,71,,0,31,0,366,,,,,,,0,0,,,,,,,,,,,,,False,False,0.003934,,False,False,
5-scale full,5,lunar_ice_sp50_005_001_seed679001,diagnostic_only_no_certificate,B2C_limited_pricing_diagnostic,,,,,BPC_INCOMPLETE_PRICING,DIAGNOSTIC_PRICING_FRONTIER,LOCAL_NO_COLUMN_UNCERTIFIED,False,,,1310.952686,,False,,0,0,0,0,0,0,0,0,0,0,,,0,0,0,,0,0,,,0,,0,,False,0,,,,,,,71,,118,2,1,6430,,,,,,,0,1,,,,,,,,,,,,,False,False,0.042249,B2C_limited_pricing_diagnostic: limited pricing diagnostic cannot certify no-negative or provide an official bound.,False,False,
5-scale full,5,lunar_ice_sp50_005_001_seed679001,diagnostic_only_no_certificate,B2D_proof_tail_kernel_profile,,,,,BPC_INCOMPLETE_PRICING,DIAGNOSTIC_PRICING_FRONTIER,LOCAL_NO_COLUMN_UNCERTIFIED,False,,,1310.952686,,False,,0,0,0,0,0,0,0,0,0,0,,,0,0,0,,0,0,,,0,,0,,False,0,,,,,,,71,,118,2,1,6430,,,,,,,0,1,,,,,,,,,,,,,False,True,0.040161,B2D_proof_tail_kernel_profile: limited pricing diagnostic cannot certify no-negative or provide an official bound.,False,False,
5-scale full,5,lunar_ice_sp50_005_002_seed679002,fixed_graph_direct_dp_product_exact,B2_PRODUCT_EXACT_SOLVER,,,,,DIRECT_DP_BASELINE_OPTIMAL,DIRECT_DP_FIXED_GRAPH_OPTIMAL,NOT_PRICED,False,,,1349.525425,,False,,0,0,0,0,0,0,0,0,0,0,,,0,0,0,,0,0,,,0,DIRECT_DP_FIXED_GRAPH_OPTIMAL,1,1349.525425,True,1,,,,,,,45,,0,31,0,212,,,,,,,0,0,,,,,,,,,,,,,False,False,0.003137,,False,False,
5-scale full,5,lunar_ice_sp50_005_002_seed679002,diagnostic_only_no_certificate,B2C_limited_pricing_diagnostic,,,,,BPC_INCOMPLETE_PRICING,DIAGNOSTIC_PRICING_FRONTIER,LOCAL_NO_COLUMN_UNCERTIFIED,False,,,1349.525425,,False,,0,0,0,0,0,0,0,0,0,0,,,0,0,0,,0,0,,,0,,0,,False,0,,,,,,,45,,65,2,1,16798,,,,,,,0,1,,,,,,,,,,,,,False,False,0.081001,B2C_limited_pricing_diagnostic: limited pricing diagnostic cannot certify no-negative or provide an official bound.,False,False,
5-scale full,5,lunar_ice_sp50_005_002_seed679002,diagnostic_only_no_certificate,B2D_proof_tail_kernel_profile,,,,,BPC_INCOMPLETE_PRICING,DIAGNOSTIC_PRICING_FRONTIER,LOCAL_NO_COLUMN_UNCERTIFIED,False,,,1349.525425,,False,,0,0,0,0,0,0,0,0,0,0,,,0,0,0,,0,0,,,0,,0,,False,0,,,,,,,45,,65,2,1,16798,,,,,,,0,1,,,,,,,,,,,,,False,True,0.083932,B2D_proof_tail_kernel_profile: limited pricing diagnostic cannot certify no-negative or provide an official bound.,False,False,
5-scale full,5,lunar_ice_sp50_005_003_seed679005,fixed_graph_direct_dp_product_exact,B2_PRODUCT_EXACT_SOLVER,,,,,DIRECT_DP_BASELINE_OPTIMAL,DIRECT_DP_FIXED_GRAPH_OPTIMAL,NOT_PRICED,False,,,1316.47124,,False,,0,0,0,0,0,0,0,0,0,0,,,0,0,0,,0,0,,,0,DIRECT_DP_FIXED_GRAPH_OPTIMAL,1,1316.47124,True,1,,,,,,,50,,0,31,0,442,,,,,,,0,0,,,,,,,,,,,,,False,False,0.005324,,False,False,
5-scale full,5,lunar_ice_sp50_005_003_seed679005,diagnostic_only_no_certificate,B2C_limited_pricing_diagnostic,,,,,BPC_INCOMPLETE_PRICING,DIAGNOSTIC_PRICING_FRONTIER,LOCAL_NO_COLUMN_UNCERTIFIED,False,,,1316.47124,,False,,0,0,0,0,0,0,0,0,0,0,,,0,0,0,,0,0,,,0,,0,,False,0,,,,,,,50,,170,2,1,16466,,,,,,,0,1,,,,,,,,,,,,,False,False,0.088097,B2C_limited_pricing_diagnostic: limited pricing diagnostic cannot certify no-negative or provide an official bound.,False,False,
5-scale full,5,lunar_ice_sp50_005_003_seed679005,diagnostic_only_no_certificate,B2D_proof_tail_kernel_profile,,,,,BPC_INCOMPLETE_PRICING,DIAGNOSTIC_PRICING_FRONTIER,LOCAL_NO_COLUMN_UNCERTIFIED,False,,,1316.47124,,False,,0,0,0,0,0,0,0,0,0,0,,,0,0,0,,0,0,,,0,,0,,False,0,,,,,,,50,,170,2,1,16466,,,,,,,0,1,,,,,,,,,,,,,False,True,0.090284,B2D_proof_tail_kernel_profile: limited pricing diagnostic cannot certify no-negative or provide an official bound.,False,False,
5-scale full,5,lunar_ice_sp50_005_005_seed679011,fixed_graph_direct_dp_product_exact,B2_PRODUCT_EXACT_SOLVER,,,,,DIRECT_DP_BASELINE_OPTIMAL,DIRECT_DP_FIXED_GRAPH_OPTIMAL,NOT_PRICED,False,,,1182.368403,,False,,0,0,0,0,0,0,0,0,0,0,,,0,0,0,,0,0,,,0,DIRECT_DP_FIXED_GRAPH_OPTIMAL,1,1182.368403,True,1,,,,,,,64,,0,31,0,344,,,,,,,0,0,,,,,,,,,,,,,False,False,0.004234,,False,False,
5-scale full,5,lunar_ice_sp50_005_005_seed679011,diagnostic_only_no_certificate,B2C_limited_pricing_diagnostic,,,,,BPC_INCOMPLETE_PRICING,DIAGNOSTIC_PRICING_FRONTIER,LOCAL_NO_COLUMN_UNCERTIFIED,False,,,1182.368403,,False,,0,0,0,0,0,0,0,0,0,0,,,0,0,0,,0,0,,,0,,0,,False,0,,,,,,,64,,199,2,1,20661,,,,,,,0,1,,,,,,,,,,,,,False,False,0.10748,B2C_limited_pricing_diagnostic: limited pricing diagnostic cannot certify no-negative or provide an official bound.,False,False,
5-scale full,5,lunar_ice_sp50_005_005_seed679011,diagnostic_only_no_certificate,B2D_proof_tail_kernel_profile,,,,,BPC_INCOMPLETE_PRICING,DIAGNOSTIC_PRICING_FRONTIER,LOCAL_NO_COLUMN_UNCERTIFIED,False,,,1182.368403,,False,,0,0,0,0,0,0,0,0,0,0,,,0,0,0,,0,0,,,0,,0,,False,0,,,,,,,64,,199,2,1,20661,,,,,,,0,1,,,,,,,,,,,,,False,True,0.106945,B2D_proof_tail_kernel_profile: limited pricing diagnostic cannot certify no-negative or provide an official bound.,False,False,
5-scale full,5,lunar_ice_sp50_005_007_seed679013,fixed_graph_direct_dp_product_exact,B2_PRODUCT_EXACT_SOLVER,,,,,DIRECT_DP_BASELINE_OPTIMAL,DIRECT_DP_FIXED_GRAPH_OPTIMAL,NOT_PRICED,False,,,1400.622149,,False,,0,0,0,0,0,0,0,0,0,0,,,0,0,0,,0,0,,,0,DIRECT_DP_FIXED_GRAPH_OPTIMAL,1,1400.622149,True,1,,,,,,,42,,0,31,0,237,,,,,,,0,0,,,,,,,,,,,,,False,False,0.003871,,False,False,
5-scale full,5,lunar_ice_sp50_005_007_seed679013,diagnostic_only_no_certificate,B2C_limited_pricing_diagnostic,,,,,BPC_INCOMPLETE_PRICING,DIAGNOSTIC_PRICING_FRONTIER,LOCAL_NO_COLUMN_UNCERTIFIED,False,,,1400.622149,,False,,0,0,0,0,0,0,0,0,0,0,,,0,0,0,,0,0,,,0,,0,,False,0,,,,,,,42,,136,2,1,34795,,,,,,,0,1,,,,,,,,,,,,,False,False,0.162444,B2C_limited_pricing_diagnostic: limited pricing diagnostic cannot certify no-negative or provide an official bound.,False,False,
5-scale full,5,lunar_ice_sp50_005_007_seed679013,diagnostic_only_no_certificate,B2D_proof_tail_kernel_profile,,,,,BPC_INCOMPLETE_PRICING,DIAGNOSTIC_PRICING_FRONTIER,LOCAL_NO_COLUMN_UNCERTIFIED,False,,,1400.622149,,False,,0,0,0,0,0,0,0,0,0,0,,,0,0,0,,0,0,,,0,,0,,False,0,,,,,,,42,,136,2,1,34795,,,,,,,0,1,,,,,,,,,,,,,False,True,0.166553,B2D_proof_tail_kernel_profile: limited pricing diagnostic cannot certify no-negative or provide an official bound.,False,False,
5-scale full,5,lunar_ice_sp50_005_006_seed679032,fixed_graph_direct_dp_product_exact,B2_PRODUCT_EXACT_SOLVER,,,,,DIRECT_DP_BASELINE_OPTIMAL,DIRECT_DP_FIXED_GRAPH_OPTIMAL,NOT_PRICED,False,,,1244.612406,,False,,0,0,0,0,0,0,0,0,0,0,,,0,0,0,,0,0,,,0,DIRECT_DP_FIXED_GRAPH_OPTIMAL,1,1244.612406,True,1,,,,,,,60,,0,31,0,260,,,,,,,0,0,,,,,,,,,,,,,False,False,0.003423,,False,False,
5-scale full,5,lunar_ice_sp50_005_006_seed679032,diagnostic_only_no_certificate,B2C_limited_pricing_diagnostic,,,,,BPC_INCOMPLETE_PRICING,DIAGNOSTIC_PRICING_FRONTIER,LOCAL_NO_COLUMN_UNCERTIFIED,False,,,1244.612406,,False,,0,0,0,0,0,0,0,0,0,0,,,0,0,0,,0,0,,,0,,0,,False,0,,,,,,,60,,190,2,1,12672,,,,,,,0,1,,,,,,,,,,,,,False,False,0.072695,B2C_limited_pricing_diagnostic: limited pricing diagnostic cannot certify no-negative or provide an official bound.,False,False,
5-scale full,5,lunar_ice_sp50_005_006_seed679032,diagnostic_only_no_certificate,B2D_proof_tail_kernel_profile,,,,,BPC_INCOMPLETE_PRICING,DIAGNOSTIC_PRICING_FRONTIER,LOCAL_NO_COLUMN_UNCERTIFIED,False,,,1244.612406,,False,,0,0,0,0,0,0,0,0,0,0,,,0,0,0,,0,0,,,0,,0,,False,0,,,,,,,60,,190,2,1,12672,,,,,,,0,1,,,,,,,,,,,,,False,True,0.071447,B2D_proof_tail_kernel_profile: limited pricing diagnostic cannot certify no-negative or provide an official bound.,False,False,
5-scale full,5,lunar_ice_sp50_005_008_seed679014,fixed_graph_direct_dp_product_exact,B2_PRODUCT_EXACT_SOLVER,,,,,DIRECT_DP_BASELINE_OPTIMAL,DIRECT_DP_FIXED_GRAPH_OPTIMAL,NOT_PRICED,False,,,1579.649799,,False,,0,0,0,0,0,0,0,0,0,0,,,0,0,0,,0,0,,,0,DIRECT_DP_FIXED_GRAPH_OPTIMAL,1,1579.649799,True,1,,,,,,,54,,0,31,0,544,,,,,,,0,0,,,,,,,,,,,,,False,False,0.005407,,False,False,
5-scale full,5,lunar_ice_sp50_005_008_seed679014,diagnostic_only_no_certificate,B2C_limited_pricing_diagnostic,,,,,BPC_INCOMPLETE_PRICING,DIAGNOSTIC_PRICING_FRONTIER,LOCAL_NO_COLUMN_UNCERTIFIED,False,,,1579.649799,,False,,0,0,0,0,0,0,0,0,0,0,,,0,0,0,,0,0,,,0,,0,,False,0,,,,,,,54,,201,2,1,29875,,,,,,,0,1,,,,,,,,,,,,,False,False,0.15581,B2C_limited_pricing_diagnostic: limited pricing diagnostic cannot certify no-negative or provide an official bound.,False,False,
5-scale full,5,lunar_ice_sp50_005_008_seed679014,diagnostic_only_no_certificate,B2D_proof_tail_kernel_profile,,,,,BPC_INCOMPLETE_PRICING,DIAGNOSTIC_PRICING_FRONTIER,LOCAL_NO_COLUMN_UNCERTIFIED,False,,,1579.649799,,False,,0,0,0,0,0,0,0,0,0,0,,,0,0,0,,0,0,,,0,,0,,False,0,,,,,,,54,,201,2,1,29875,,,,,,,0,1,,,,,,,,,,,,,False,True,0.156862,B2D_proof_tail_kernel_profile: limited pricing diagnostic cannot certify no-negative or provide an official bound.,False,False,
5-scale full,5,lunar_ice_sp50_005_004_seed679030,fixed_graph_direct_dp_product_exact,B2_PRODUCT_EXACT_SOLVER,,,,,DIRECT_DP_BASELINE_OPTIMAL,DIRECT_DP_FIXED_GRAPH_OPTIMAL,NOT_PRICED,False,,,1233.389303,,False,,0,0,0,0,0,0,0,0,0,0,,,0,0,0,,0,0,,,0,DIRECT_DP_FIXED_GRAPH_OPTIMAL,1,1233.389303,True,1,,,,,,,58,,0,31,0,323,,,,,,,0,0,,,,,,,,,,,,,False,False,0.003744,,False,False,
5-scale full,5,lunar_ice_sp50_005_004_seed679030,diagnostic_only_no_certificate,B2C_limited_pricing_diagnostic,,,,,BPC_INCOMPLETE_PRICING,DIAGNOSTIC_PRICING_FRONTIER,LOCAL_NO_COLUMN_UNCERTIFIED,False,,,1233.389303,,False,,0,0,0,0,0,0,0,0,0,0,,,0,0,0,,0,0,,,0,,0,,False,0,,,,,,,58,,279,2,1,12257,,,,,,,0,1,,,,,,,,,,,,,False,False,0.072612,B2C_limited_pricing_diagnostic: limited pricing diagnostic cannot certify no-negative or provide an official bound.,False,False,
5-scale full,5,lunar_ice_sp50_005_004_seed679030,diagnostic_only_no_certificate,B2D_proof_tail_kernel_profile,,,,,BPC_INCOMPLETE_PRICING,DIAGNOSTIC_PRICING_FRONTIER,LOCAL_NO_COLUMN_UNCERTIFIED,False,,,1233.389303,,False,,0,0,0,0,0,0,0,0,0,0,,,0,0,0,,0,0,,,0,,0,,False,0,,,,,,,58,,279,2,1,12257,,,,,,,0,1,,,,,,,,,,,,,False,True,0.072751,B2D_proof_tail_kernel_profile: limited pricing diagnostic cannot certify no-negative or provide an official bound.,False,False,
5-scale full,5,lunar_ice_sp50_005_009_seed679015,fixed_graph_direct_dp_product_exact,B2_PRODUCT_EXACT_SOLVER,,,,,DIRECT_DP_BASELINE_OPTIMAL,DIRECT_DP_FIXED_GRAPH_OPTIMAL,NOT_PRICED,False,,,1513.217855,,False,,0,0,0,0,0,0,0,0,0,0,,,0,0,0,,0,0,,,0,DIRECT_DP_FIXED_GRAPH_OPTIMAL,1,1513.217855,True,1,,,,,,,48,,0,31,0,325,,,,,,,0,0,,,,,,,,,,,,,False,False,0.004055,,False,False,
5-scale full,5,lunar_ice_sp50_005_009_seed679015,diagnostic_only_no_certificate,B2C_limited_pricing_diagnostic,,,,,BPC_INCOMPLETE_PRICING,DIAGNOSTIC_PRICING_FRONTIER,LOCAL_NO_COLUMN_UNCERTIFIED,False,,,1513.217855,,False,,0,0,0,0,0,0,0,0,0,0,,,0,0,0,,0,0,,,0,,0,,False,0,,,,,,,48,,94,2,1,26321,,,,,,,0,1,,,,,,,,,,,,,False,False,0.127564,B2C_limited_pricing_diagnostic: limited pricing diagnostic cannot certify no-negative or provide an official bound.,False,False,
5-scale full,5,lunar_ice_sp50_005_009_seed679015,diagnostic_only_no_certificate,B2D_proof_tail_kernel_profile,,,,,BPC_INCOMPLETE_PRICING,DIAGNOSTIC_PRICING_FRONTIER,LOCAL_NO_COLUMN_UNCERTIFIED,False,,,1513.217855,,False,,0,0,0,0,0,0,0,0,0,0,,,0,0,0,,0,0,,,0,,0,,False,0,,,,,,,48,,94,2,1,26321,,,,,,,0,1,,,,,,,,,,,,,False,True,0.13423,B2D_proof_tail_kernel_profile: limited pricing diagnostic cannot certify no-negative or provide an official bound.,False,False,
5-scale full,5,lunar_ice_sp50_005_012_seed679018,fixed_graph_direct_dp_product_exact,B2_PRODUCT_EXACT_SOLVER,,,,,DIRECT_DP_BASELINE_OPTIMAL,DIRECT_DP_FIXED_GRAPH_OPTIMAL,NOT_PRICED,False,,,1431.520203,,False,,0,0,0,0,0,0,0,0,0,0,,,0,0,0,,0,0,,,0,DIRECT_DP_FIXED_GRAPH_OPTIMAL,1,1431.520203,True,1,,,,,,,65,,0,31,0,1390,,,,,,,0,0,,,,,,,,,,,,,False,False,0.012539,,False,False,
5-scale full,5,lunar_ice_sp50_005_012_seed679018,diagnostic_only_no_certificate,B2C_limited_pricing_diagnostic,,,,,BPC_INCOMPLETE_PRICING,DIAGNOSTIC_PRICING_FRONTIER,LOCAL_NO_COLUMN_UNCERTIFIED,False,,,1431.520203,,False,,0,0,0,0,0,0,0,0,0,0,,,0,0,0,,0,0,,,0,,0,,False,0,,,,,,,65,,310,2,1,24107,,,,,,,0,1,,,,,,,,,,,,,False,False,0.141933,B2C_limited_pricing_diagnostic: limited pricing diagnostic cannot certify no-negative or provide an official bound.,False,False,
5-scale full,5,lunar_ice_sp50_005_012_seed679018,diagnostic_only_no_certificate,B2D_proof_tail_kernel_profile,,,,,BPC_INCOMPLETE_PRICING,DIAGNOSTIC_PRICING_FRONTIER,LOCAL_NO_COLUMN_UNCERTIFIED,False,,,1431.520203,,False,,0,0,0,0,0,0,0,0,0,0,,,0,0,0,,0,0,,,0,,0,,False,0,,,,,,,65,,310,2,1,24107,,,,,,,0,1,,,,,,,,,,,,,False,True,0.138657,B2D_proof_tail_kernel_profile: limited pricing diagnostic cannot certify no-negative or provide an official bound.,False,False,
5-scale full,5,lunar_ice_sp50_005_010_seed679016,fixed_graph_direct_dp_product_exact,B2_PRODUCT_EXACT_SOLVER,,,,,DIRECT_DP_BASELINE_OPTIMAL,DIRECT_DP_FIXED_GRAPH_OPTIMAL,NOT_PRICED,False,,,1340.689732,,False,,0,0,0,0,0,0,0,0,0,0,,,0,0,0,,0,0,,,0,DIRECT_DP_FIXED_GRAPH_OPTIMAL,1,1340.689732,True,1,,,,,,,55,,0,31,0,783,,,,,,,0,0,,,,,,,,,,,,,False,False,0.007081,,False,False,
5-scale full,5,lunar_ice_sp50_005_010_seed679016,diagnostic_only_no_certificate,B2C_limited_pricing_diagnostic,,,,,BPC_INCOMPLETE_PRICING,DIAGNOSTIC_PRICING_FRONTIER,LOCAL_NO_COLUMN_UNCERTIFIED,False,,,1340.689732,,False,,0,0,0,0,0,0,0,0,0,0,,,0,0,0,,0,0,,,0,,0,,False,0,,,,,,,55,,331,2,1,18481,,,,,,,0,1,,,,,,,,,,,,,False,False,0.103559,B2C_limited_pricing_diagnostic: limited pricing diagnostic cannot certify no-negative or provide an official bound.,False,False,
5-scale full,5,lunar_ice_sp50_005_010_seed679016,diagnostic_only_no_certificate,B2D_proof_tail_kernel_profile,,,,,BPC_INCOMPLETE_PRICING,DIAGNOSTIC_PRICING_FRONTIER,LOCAL_NO_COLUMN_UNCERTIFIED,False,,,1340.689732,,False,,0,0,0,0,0,0,0,0,0,0,,,0,0,0,,0,0,,,0,,0,,False,0,,,,,,,55,,331,2,1,18481,,,,,,,0,1,,,,,,,,,,,,,False,True,0.105455,B2D_proof_tail_kernel_profile: limited pricing diagnostic cannot certify no-negative or provide an official bound.,False,False,
5-scale full,5,lunar_ice_sp50_005_011_seed679017,fixed_graph_direct_dp_product_exact,B2_PRODUCT_EXACT_SOLVER,,,,,DIRECT_DP_BASELINE_OPTIMAL,DIRECT_DP_FIXED_GRAPH_OPTIMAL,NOT_PRICED,False,,,1432.954994,,False,,0,0,0,0,0,0,0,0,0,0,,,0,0,0,,0,0,,,0,DIRECT_DP_FIXED_GRAPH_OPTIMAL,1,1432.954994,True,1,,,,,,,61,,0,31,0,511,,,,,,,0,0,,,,,,,,,,,,,False,False,0.005136,,False,False,
5-scale full,5,lunar_ice_sp50_005_011_seed679017,diagnostic_only_no_certificate,B2C_limited_pricing_diagnostic,,,,,BPC_INCOMPLETE_PRICING,DIAGNOSTIC_PRICING_FRONTIER,LOCAL_NO_COLUMN_UNCERTIFIED,False,,,1432.954994,,False,,0,0,0,0,0,0,0,0,0,0,,,0,0,0,,0,0,,,0,,0,,False,0,,,,,,,61,,198,2,1,38752,,,,,,,0,1,,,,,,,,,,,,,False,False,0.191779,B2C_limited_pricing_diagnostic: limited pricing diagnostic cannot certify no-negative or provide an official bound.,False,False,
5-scale full,5,lunar_ice_sp50_005_011_seed679017,diagnostic_only_no_certificate,B2D_proof_tail_kernel_profile,,,,,BPC_INCOMPLETE_PRICING,DIAGNOSTIC_PRICING_FRONTIER,LOCAL_NO_COLUMN_UNCERTIFIED,False,,,1432.954994,,False,,0,0,0,0,0,0,0,0,0,0,,,0,0,0,,0,0,,,0,,0,,False,0,,,,,,,61,,198,2,1,38752,,,,,,,0,1,,,,,,,,,,,,,False,True,0.19265,B2D_proof_tail_kernel_profile: limited pricing diagnostic cannot certify no-negative or provide an official bound.,False,False,
5-scale full,5,lunar_ice_sp50_005_013_seed679019,fixed_graph_direct_dp_product_exact,B2_PRODUCT_EXACT_SOLVER,,,,,DIRECT_DP_BASELINE_OPTIMAL,DIRECT_DP_FIXED_GRAPH_OPTIMAL,NOT_PRICED,False,,,1573.234918,,False,,0,0,0,0,0,0,0,0,0,0,,,0,0,0,,0,0,,,0,DIRECT_DP_FIXED_GRAPH_OPTIMAL,1,1573.234918,True,1,,,,,,,48,,0,31,0,500,,,,,,,0,0,,,,,,,,,,,,,False,False,0.005134,,False,False,
5-scale full,5,lunar_ice_sp50_005_013_seed679019,diagnostic_only_no_certificate,B2C_limited_pricing_diagnostic,,,,,BPC_INCOMPLETE_PRICING,DIAGNOSTIC_PRICING_FRONTIER,LOCAL_NO_COLUMN_UNCERTIFIED,False,,,1573.234918,,False,,0,0,0,0,0,0,0,0,0,0,,,0,0,0,,0,0,,,0,,0,,False,0,,,,,,,48,,251,2,1,26532,,,,,,,0,1,,,,,,,,,,,,,False,False,0.137906,B2C_limited_pricing_diagnostic: limited pricing diagnostic cannot certify no-negative or provide an official bound.,False,False,
5-scale full,5,lunar_ice_sp50_005_013_seed679019,diagnostic_only_no_certificate,B2D_proof_tail_kernel_profile,,,,,BPC_INCOMPLETE_PRICING,DIAGNOSTIC_PRICING_FRONTIER,LOCAL_NO_COLUMN_UNCERTIFIED,False,,,1573.234918,,False,,0,0,0,0,0,0,0,0,0,0,,,0,0,0,,0,0,,,0,,0,,False,0,,,,,,,48,,251,2,1,26532,,,,,,,0,1,,,,,,,,,,,,,False,True,0.135655,B2D_proof_tail_kernel_profile: limited pricing diagnostic cannot certify no-negative or provide an official bound.,False,False,
5-scale full,5,lunar_ice_sp50_005_014_seed679020,fixed_graph_direct_dp_product_exact,B2_PRODUCT_EXACT_SOLVER,,,,,DIRECT_DP_BASELINE_OPTIMAL,DIRECT_DP_FIXED_GRAPH_OPTIMAL,NOT_PRICED,False,,,1544.987555,,False,,0,0,0,0,0,0,0,0,0,0,,,0,0,0,,0,0,,,0,DIRECT_DP_FIXED_GRAPH_OPTIMAL,1,1544.987555,True,1,,,,,,,62,,0,31,0,628,,,,,,,0,0,,,,,,,,,,,,,False,False,0.007692,,False,False,
5-scale full,5,lunar_ice_sp50_005_014_seed679020,diagnostic_only_no_certificate,B2C_limited_pricing_diagnostic,,,,,BPC_INCOMPLETE_PRICING,DIAGNOSTIC_PRICING_FRONTIER,LOCAL_NO_COLUMN_UNCERTIFIED,False,,,1544.987555,,False,,0,0,0,0,0,0,0,0,0,0,,,0,0,0,,0,0,,,0,,0,,False,0,,,,,,,62,,192,2,1,36986,,,,,,,0,1,,,,,,,,,,,,,False,False,0.190229,B2C_limited_pricing_diagnostic: limited pricing diagnostic cannot certify no-negative or provide an official bound.,False,False,
5-scale full,5,lunar_ice_sp50_005_014_seed679020,diagnostic_only_no_certificate,B2D_proof_tail_kernel_profile,,,,,BPC_INCOMPLETE_PRICING,DIAGNOSTIC_PRICING_FRONTIER,LOCAL_NO_COLUMN_UNCERTIFIED,False,,,1544.987555,,False,,0,0,0,0,0,0,0,0,0,0,,,0,0,0,,0,0,,,0,,0,,False,0,,,,,,,62,,192,2,1,36986,,,,,,,0,1,,,,,,,,,,,,,False,True,0.191394,B2D_proof_tail_kernel_profile: limited pricing diagnostic cannot certify no-negative or provide an official bound.,False,False,
5-scale full,5,lunar_ice_sp50_005_015_seed679021,fixed_graph_direct_dp_product_exact,B2_PRODUCT_EXACT_SOLVER,,,,,DIRECT_DP_BASELINE_OPTIMAL,DIRECT_DP_FIXED_GRAPH_OPTIMAL,NOT_PRICED,False,,,1529.573117,,False,,0,0,0,0,0,0,0,0,0,0,,,0,0,0,,0,0,,,0,DIRECT_DP_FIXED_GRAPH_OPTIMAL,1,1529.573117,True,1,,,,,,,46,,0,31,0,230,,,,,,,0,0,,,,,,,,,,,,,False,False,0.003887,,False,False,
5-scale full,5,lunar_ice_sp50_005_015_seed679021,diagnostic_only_no_certificate,B2C_limited_pricing_diagnostic,,,,,BPC_INCOMPLETE_PRICING,DIAGNOSTIC_PRICING_FRONTIER,LOCAL_NO_COLUMN_UNCERTIFIED,False,,,1529.573117,,False,,0,0,0,0,0,0,0,0,0,0,,,0,0,0,,0,0,,,0,,0,,False,0,,,,,,,46,,116,2,1,17784,,,,,,,0,1,,,,,,,,,,,,,False,False,0.094446,B2C_limited_pricing_diagnostic: limited pricing diagnostic cannot certify no-negative or provide an official bound.,False,False,
5-scale full,5,lunar_ice_sp50_005_015_seed679021,diagnostic_only_no_certificate,B2D_proof_tail_kernel_profile,,,,,BPC_INCOMPLETE_PRICING,DIAGNOSTIC_PRICING_FRONTIER,LOCAL_NO_COLUMN_UNCERTIFIED,False,,,1529.573117,,False,,0,0,0,0,0,0,0,0,0,0,,,0,0,0,,0,0,,,0,,0,,False,0,,,,,,,46,,116,2,1,17784,,,,,,,0,1,,,,,,,,,,,,,False,True,0.094113,B2D_proof_tail_kernel_profile: limited pricing diagnostic cannot certify no-negative or provide an official bound.,False,False,
5-scale full,5,lunar_ice_sp50_005_019_seed679025,fixed_graph_direct_dp_product_exact,B2_PRODUCT_EXACT_SOLVER,,,,,DIRECT_DP_BASELINE_OPTIMAL,DIRECT_DP_FIXED_GRAPH_OPTIMAL,NOT_PRICED,False,,,1158.248056,,False,,0,0,0,0,0,0,0,0,0,0,,,0,0,0,,0,0,,,0,DIRECT_DP_FIXED_GRAPH_OPTIMAL,1,1158.248056,True,1,,,,,,,53,,0,31,0,326,,,,,,,0,0,,,,,,,,,,,,,False,False,0.003865,,False,False,
5-scale full,5,lunar_ice_sp50_005_019_seed679025,diagnostic_only_no_certificate,B2C_limited_pricing_diagnostic,,,,,BPC_INCOMPLETE_PRICING,DIAGNOSTIC_PRICING_FRONTIER,LOCAL_NO_COLUMN_UNCERTIFIED,False,,,1158.248056,,False,,0,0,0,0,0,0,0,0,0,0,,,0,0,0,,0,0,,,0,,0,,False,0,,,,,,,53,,165,2,1,17295,,,,,,,0,1,,,,,,,,,,,,,False,False,0.09224,B2C_limited_pricing_diagnostic: limited pricing diagnostic cannot certify no-negative or provide an official bound.,False,False,
5-scale full,5,lunar_ice_sp50_005_019_seed679025,diagnostic_only_no_certificate,B2D_proof_tail_kernel_profile,,,,,BPC_INCOMPLETE_PRICING,DIAGNOSTIC_PRICING_FRONTIER,LOCAL_NO_COLUMN_UNCERTIFIED,False,,,1158.248056,,False,,0,0,0,0,0,0,0,0,0,0,,,0,0,0,,0,0,,,0,,0,,False,0,,,,,,,53,,165,2,1,17295,,,,,,,0,1,,,,,,,,,,,,,False,True,0.094172,B2D_proof_tail_kernel_profile: limited pricing diagnostic cannot certify no-negative or provide an official bound.,False,False,
5-scale full,5,lunar_ice_sp50_005_016_seed679062,fixed_graph_direct_dp_product_exact,B2_PRODUCT_EXACT_SOLVER,,,,,DIRECT_DP_BASELINE_OPTIMAL,DIRECT_DP_FIXED_GRAPH_OPTIMAL,NOT_PRICED,False,,,1071.627935,,False,,0,0,0,0,0,0,0,0,0,0,,,0,0,0,,0,0,,,0,DIRECT_DP_FIXED_GRAPH_OPTIMAL,1,1071.627935,True,1,,,,,,,63,,0,31,0,379,,,,,,,0,0,,,,,,,,,,,,,False,False,0.004122,,False,False,
5-scale full,5,lunar_ice_sp50_005_016_seed679062,diagnostic_only_no_certificate,B2C_limited_pricing_diagnostic,,,,,BPC_INCOMPLETE_PRICING,DIAGNOSTIC_PRICING_FRONTIER,LOCAL_NO_COLUMN_UNCERTIFIED,False,,,1071.627935,,False,,0,0,0,0,0,0,0,0,0,0,,,0,0,0,,0,0,,,0,,0,,False,0,,,,,,,63,,200,2,1,8474,,,,,,,0,1,,,,,,,,,,,,,False,False,0.055004,B2C_limited_pricing_diagnostic: limited pricing diagnostic cannot certify no-negative or provide an official bound.,False,False,
5-scale full,5,lunar_ice_sp50_005_016_seed679062,diagnostic_only_no_certificate,B2D_proof_tail_kernel_profile,,,,,BPC_INCOMPLETE_PRICING,DIAGNOSTIC_PRICING_FRONTIER,LOCAL_NO_COLUMN_UNCERTIFIED,False,,,1071.627935,,False,,0,0,0,0,0,0,0,0,0,0,,,0,0,0,,0,0,,,0,,0,,False,0,,,,,,,63,,200,2,1,8474,,,,,,,0,1,,,,,,,,,,,,,False,True,0.052776,B2D_proof_tail_kernel_profile: limited pricing diagnostic cannot certify no-negative or provide an official bound.,False,False,
5-scale full,5,lunar_ice_sp50_005_020_seed679026,fixed_graph_direct_dp_product_exact,B2_PRODUCT_EXACT_SOLVER,,,,,DIRECT_DP_BASELINE_OPTIMAL,DIRECT_DP_FIXED_GRAPH_OPTIMAL,NOT_PRICED,False,,,1330.682244,,False,,0,0,0,0,0,0,0,0,0,0,,,0,0,0,,0,0,,,0,DIRECT_DP_FIXED_GRAPH_OPTIMAL,1,1330.682244,True,1,,,,,,,70,,0,31,0,430,,,,,,,0,0,,,,,,,,,,,,,False,False,0.005096,,False,False,
5-scale full,5,lunar_ice_sp50_005_020_seed679026,diagnostic_only_no_certificate,B2C_limited_pricing_diagnostic,,,,,BPC_INCOMPLETE_PRICING,DIAGNOSTIC_PRICING_FRONTIER,LOCAL_NO_COLUMN_UNCERTIFIED,False,,,1330.682244,,False,,0,0,0,0,0,0,0,0,0,0,,,0,0,0,,0,0,,,0,,0,,False,0,,,,,,,70,,178,2,1,14812,,,,,,,0,1,,,,,,,,,,,,,False,False,0.084752,B2C_limited_pricing_diagnostic: limited pricing diagnostic cannot certify no-negative or provide an official bound.,False,False,
5-scale full,5,lunar_ice_sp50_005_020_seed679026,diagnostic_only_no_certificate,B2D_proof_tail_kernel_profile,,,,,BPC_INCOMPLETE_PRICING,DIAGNOSTIC_PRICING_FRONTIER,LOCAL_NO_COLUMN_UNCERTIFIED,False,,,1330.682244,,False,,0,0,0,0,0,0,0,0,0,0,,,0,0,0,,0,0,,,0,,0,,False,0,,,,,,,70,,178,2,1,14812,,,,,,,0,1,,,,,,,,,,,,,False,True,0.08289,B2D_proof_tail_kernel_profile: limited pricing diagnostic cannot certify no-negative or provide an official bound.,False,False,
5-scale full,5,lunar_ice_sp50_005_018_seed679064,fixed_graph_direct_dp_product_exact,B2_PRODUCT_EXACT_SOLVER,,,,,DIRECT_DP_BASELINE_OPTIMAL,DIRECT_DP_FIXED_GRAPH_OPTIMAL,NOT_PRICED,False,,,956.173707,,False,,0,0,0,0,0,0,0,0,0,0,,,0,0,0,,0,0,,,0,DIRECT_DP_FIXED_GRAPH_OPTIMAL,1,956.173707,True,1,,,,,,,53,,0,31,0,541,,,,,,,0,0,,,,,,,,,,,,,False,False,0.005385,,False,False,
5-scale full,5,lunar_ice_sp50_005_018_seed679064,diagnostic_only_no_certificate,B2C_limited_pricing_diagnostic,,,,,BPC_INCOMPLETE_PRICING,DIAGNOSTIC_PRICING_FRONTIER,LOCAL_NO_COLUMN_UNCERTIFIED,False,,,956.173707,,False,,0,0,0,0,0,0,0,0,0,0,,,0,0,0,,0,0,,,0,,0,,False,0,,,,,,,53,,417,2,1,17213,,,,,,,0,1,,,,,,,,,,,,,False,False,0.100497,B2C_limited_pricing_diagnostic: limited pricing diagnostic cannot certify no-negative or provide an official bound.,False,False,
5-scale full,5,lunar_ice_sp50_005_018_seed679064,diagnostic_only_no_certificate,B2D_proof_tail_kernel_profile,,,,,BPC_INCOMPLETE_PRICING,DIAGNOSTIC_PRICING_FRONTIER,LOCAL_NO_COLUMN_UNCERTIFIED,False,,,956.173707,,False,,0,0,0,0,0,0,0,0,0,0,,,0,0,0,,0,0,,,0,,0,,False,0,,,,,,,53,,417,2,1,17213,,,,,,,0,1,,,,,,,,,,,,,False,True,0.102083,B2D_proof_tail_kernel_profile: limited pricing diagnostic cannot certify no-negative or provide an official bound.,False,False,
5-scale full,5,lunar_ice_sp50_005_017_seed679123,fixed_graph_direct_dp_product_exact,B2_PRODUCT_EXACT_SOLVER,,,,,DIRECT_DP_BASELINE_OPTIMAL,DIRECT_DP_FIXED_GRAPH_OPTIMAL,NOT_PRICED,False,,,1255.420499,,False,,0,0,0,0,0,0,0,0,0,0,,,0,0,0,,0,0,,,0,DIRECT_DP_FIXED_GRAPH_OPTIMAL,1,1255.420499,True,1,,,,,,,152,,0,31,0,720,,,,,,,0,0,,,,,,,,,,,,,False,False,0.008766,,False,False,
5-scale full,5,lunar_ice_sp50_005_017_seed679123,diagnostic_only_no_certificate,B2C_limited_pricing_diagnostic,,,,,BPC_INCOMPLETE_PRICING,DIAGNOSTIC_PRICING_FRONTIER,LOCAL_NO_COLUMN_UNCERTIFIED,False,,,1255.420499,,False,,0,0,0,0,0,0,0,0,0,0,,,0,0,0,,0,0,,,0,,0,,False,0,,,,,,,152,,297,2,1,22217,,,,,,,0,1,,,,,,,,,,,,,False,False,0.133711,B2C_limited_pricing_diagnostic: limited pricing diagnostic cannot certify no-negative or provide an official bound.,False,False,
5-scale full,5,lunar_ice_sp50_005_017_seed679123,diagnostic_only_no_certificate,B2D_proof_tail_kernel_profile,,,,,BPC_INCOMPLETE_PRICING,DIAGNOSTIC_PRICING_FRONTIER,LOCAL_NO_COLUMN_UNCERTIFIED,False,,,1255.420499,,False,,0,0,0,0,0,0,0,0,0,0,,,0,0,0,,0,0,,,0,,0,,False,0,,,,,,,152,,297,2,1,22217,,,,,,,0,1,,,,,,,,,,,,,False,True,0.133566,B2D_proof_tail_kernel_profile: limited pricing diagnostic cannot certify no-negative or provide an official bound.,False,False,
10-scale selected5,10,lunar_ice_sp50_010_004_seed729004,fixed_graph_direct_dp_product_exact,B2_PRODUCT_EXACT_SOLVER,,,,,DIRECT_DP_BASELINE_OPTIMAL,DIRECT_DP_FIXED_GRAPH_OPTIMAL,NOT_PRICED,False,,,2434.053897,,False,,0,0,0,0,0,0,0,0,0,0,,,0,0,0,,0,0,,,0,DIRECT_DP_FIXED_GRAPH_OPTIMAL,1,2434.053897,True,1,,,,,,,681,,0,228,0,7841,,,,,,,0,0,,,,,,,,,,,,,False,False,0.116809,,False,False,
10-scale selected5,10,lunar_ice_sp50_010_004_seed729004,diagnostic_only_no_certificate,B2C_limited_pricing_diagnostic,,,,,BPC_INCOMPLETE_PRICING,DIAGNOSTIC_PRICING_FRONTIER,LOCAL_NO_COLUMN_UNCERTIFIED,False,,,2434.053897,,False,,0,0,0,0,0,0,0,0,0,0,,,0,0,0,,0,0,,,0,,0,,False,0,,,,,,,20,,114,8,4,180,,,,,,,0,4,,,,,,,,,,,,,False,False,0.122606,B2C_limited_pricing_diagnostic: limited pricing diagnostic cannot certify no-negative or provide an official bound.,False,False,
10-scale selected5,10,lunar_ice_sp50_010_004_seed729004,diagnostic_only_no_certificate,B2D_proof_tail_kernel_profile,,,,,BPC_INCOMPLETE_PRICING,DIAGNOSTIC_PRICING_FRONTIER,LOCAL_NO_COLUMN_UNCERTIFIED,False,,,2434.053897,,False,,0,0,0,0,0,0,0,0,0,0,,,0,0,0,,0,0,,,0,,0,,False,0,,,,,,,20,,114,8,4,180,,,,,,,0,4,,,,,,,,,,,,,False,True,0.120545,B2D_proof_tail_kernel_profile: limited pricing diagnostic cannot certify no-negative or provide an official bound.,False,False,
10-scale selected5,10,lunar_ice_sp50_010_002_seed729002,fixed_graph_direct_dp_product_exact,B2_PRODUCT_EXACT_SOLVER,,,,,DIRECT_DP_BASELINE_OPTIMAL,DIRECT_DP_FIXED_GRAPH_OPTIMAL,NOT_PRICED,False,,,2458.986666,,False,,0,0,0,0,0,0,0,0,0,0,,,0,0,0,,0,0,,,0,DIRECT_DP_FIXED_GRAPH_OPTIMAL,1,2458.986666,True,1,,,,,,,495,,0,239,0,3732,,,,,,,0,0,,,,,,,,,,,,,False,False,0.061675,,False,False,
10-scale selected5,10,lunar_ice_sp50_010_002_seed729002,diagnostic_only_no_certificate,B2C_limited_pricing_diagnostic,,,,,BPC_INCOMPLETE_PRICING,DIAGNOSTIC_PRICING_FRONTIER,LOCAL_NO_COLUMN_UNCERTIFIED,False,,,2458.986666,,False,,0,0,0,0,0,0,0,0,0,0,,,0,0,0,,0,0,,,0,,0,,False,0,,,,,,,27,,107,8,4,149,,,,,,,0,4,,,,,,,,,,,,,False,False,0.064148,B2C_limited_pricing_diagnostic: limited pricing diagnostic cannot certify no-negative or provide an official bound.,False,False,
10-scale selected5,10,lunar_ice_sp50_010_002_seed729002,diagnostic_only_no_certificate,B2D_proof_tail_kernel_profile,,,,,BPC_INCOMPLETE_PRICING,DIAGNOSTIC_PRICING_FRONTIER,LOCAL_NO_COLUMN_UNCERTIFIED,False,,,2458.986666,,False,,0,0,0,0,0,0,0,0,0,0,,,0,0,0,,0,0,,,0,,0,,False,0,,,,,,,27,,107,8,4,149,,,,,,,0,4,,,,,,,,,,,,,False,True,0.065164,B2D_proof_tail_kernel_profile: limited pricing diagnostic cannot certify no-negative or provide an official bound.,False,False,
10-scale selected5,10,lunar_ice_sp50_010_001_seed729001,fixed_graph_direct_dp_product_exact,B2_PRODUCT_EXACT_SOLVER,,,,,DIRECT_DP_BASELINE_OPTIMAL,DIRECT_DP_FIXED_GRAPH_OPTIMAL,NOT_PRICED,False,,,2931.301573,,False,,0,0,0,0,0,0,0,0,0,0,,,0,0,0,,0,0,,,0,DIRECT_DP_FIXED_GRAPH_OPTIMAL,1,2931.301573,True,1,,,,,,,406,,0,232,0,3785,,,,,,,0,0,,,,,,,,,,,,,False,False,0.055788,,False,False,
10-scale selected5,10,lunar_ice_sp50_010_001_seed729001,diagnostic_only_no_certificate,B2C_limited_pricing_diagnostic,,,,,BPC_INCOMPLETE_PRICING,DIAGNOSTIC_PRICING_FRONTIER,LOCAL_NO_COLUMN_UNCERTIFIED,False,,,2931.301573,,False,,0,0,0,0,0,0,0,0,0,0,,,0,0,0,,0,0,,,0,,0,,False,0,,,,,,,11,,65,7,4,143,,,,,,,0,4,,,,,,,,,,,,,False,False,0.057983,B2C_limited_pricing_diagnostic: limited pricing diagnostic cannot certify no-negative or provide an official bound.,False,False,
10-scale selected5,10,lunar_ice_sp50_010_001_seed729001,diagnostic_only_no_certificate,B2D_proof_tail_kernel_profile,,,,,BPC_INCOMPLETE_PRICING,DIAGNOSTIC_PRICING_FRONTIER,LOCAL_NO_COLUMN_UNCERTIFIED,False,,,2931.301573,,False,,0,0,0,0,0,0,0,0,0,0,,,0,0,0,,0,0,,,0,,0,,False,0,,,,,,,11,,65,7,4,143,,,,,,,0,4,,,,,,,,,,,,,False,True,0.05826,B2D_proof_tail_kernel_profile: limited pricing diagnostic cannot certify no-negative or provide an official bound.,False,False,
10-scale selected5,10,lunar_ice_sp50_010_007_seed729007,fixed_graph_direct_dp_product_exact,B2_PRODUCT_EXACT_SOLVER,,,,,DIRECT_DP_BASELINE_OPTIMAL,DIRECT_DP_FIXED_GRAPH_OPTIMAL,NOT_PRICED,False,,,2223.951295,,False,,0,0,0,0,0,0,0,0,0,0,,,0,0,0,,0,0,,,0,DIRECT_DP_FIXED_GRAPH_OPTIMAL,1,2223.951295,True,1,,,,,,,757,,0,389,0,5513,,,,,,,0,0,,,,,,,,,,,,,False,False,0.123658,,False,False,
10-scale selected5,10,lunar_ice_sp50_010_007_seed729007,diagnostic_only_no_certificate,B2C_limited_pricing_diagnostic,,,,,BPC_INCOMPLETE_PRICING,DIAGNOSTIC_PRICING_FRONTIER,LOCAL_NO_COLUMN_UNCERTIFIED,False,,,2223.951295,,False,,0,0,0,0,0,0,0,0,0,0,,,0,0,0,,0,0,,,0,,0,,False,0,,,,,,,9,,20,5,3,31,,,,,,,0,3,,,,,,,,,,,,,False,False,0.124364,B2C_limited_pricing_diagnostic: limited pricing diagnostic cannot certify no-negative or provide an official bound.,False,False,
10-scale selected5,10,lunar_ice_sp50_010_007_seed729007,diagnostic_only_no_certificate,B2D_proof_tail_kernel_profile,,,,,BPC_INCOMPLETE_PRICING,DIAGNOSTIC_PRICING_FRONTIER,LOCAL_NO_COLUMN_UNCERTIFIED,False,,,2223.951295,,False,,0,0,0,0,0,0,0,0,0,0,,,0,0,0,,0,0,,,0,,0,,False,0,,,,,,,9,,20,5,3,31,,,,,,,0,3,,,,,,,,,,,,,False,True,0.125314,B2D_proof_tail_kernel_profile: limited pricing diagnostic cannot certify no-negative or provide an official bound.,False,False,
10-scale selected5,10,lunar_ice_sp50_010_003_seed729023,fixed_graph_direct_dp_product_exact,B2_PRODUCT_EXACT_SOLVER,,,,,DIRECT_DP_BASELINE_OPTIMAL,DIRECT_DP_FIXED_GRAPH_OPTIMAL,NOT_PRICED,False,,,2824.685922,,False,,0,0,0,0,0,0,0,0,0,0,,,0,0,0,,0,0,,,0,DIRECT_DP_FIXED_GRAPH_OPTIMAL,1,2824.685922,True,1,,,,,,,762,,0,424,0,4944,,,,,,,0,0,,,,,,,,,,,,,False,False,0.085667,,False,False,
10-scale selected5,10,lunar_ice_sp50_010_003_seed729023,diagnostic_only_no_certificate,B2C_limited_pricing_diagnostic,,,,,BPC_INCOMPLETE_PRICING,DIAGNOSTIC_PRICING_FRONTIER,LOCAL_NO_COLUMN_UNCERTIFIED,False,,,2824.685922,,False,,0,0,0,0,0,0,0,0,0,0,,,0,0,0,,0,0,,,0,,0,,False,0,,,,,,,15,,95,7,4,139,,,,,,,0,4,,,,,,,,,,,,,False,False,0.086778,B2C_limited_pricing_diagnostic: limited pricing diagnostic cannot certify no-negative or provide an official bound.,False,False,
10-scale selected5,10,lunar_ice_sp50_010_003_seed729023,diagnostic_only_no_certificate,B2D_proof_tail_kernel_profile,,,,,BPC_INCOMPLETE_PRICING,DIAGNOSTIC_PRICING_FRONTIER,LOCAL_NO_COLUMN_UNCERTIFIED,False,,,2824.685922,,False,,0,0,0,0,0,0,0,0,0,0,,,0,0,0,,0,0,,,0,,0,,False,0,,,,,,,15,,95,7,4,139,,,,,,,0,4,,,,,,,,,,,,,False,True,0.08692,B2D_proof_tail_kernel_profile: limited pricing diagnostic cannot certify no-negative or provide an official bound.,False,False,
10-scale product exact full,10,lunar_ice_sp50_010_004_seed729004,fixed_graph_direct_dp_product_exact,B2_PRODUCT_EXACT_SOLVER,,,,,DIRECT_DP_BASELINE_OPTIMAL,DIRECT_DP_FIXED_GRAPH_OPTIMAL,NOT_PRICED,False,,,2434.053897,,False,,0,0,0,0,0,0,0,0,0,0,,,0,0,0,,0,0,,,0,DIRECT_DP_FIXED_GRAPH_OPTIMAL,1,2434.053897,True,1,,,,,,,681,,0,228,0,7841,,,,,,,0,0,,,,,,,,,,,,,False,False,0.116443,,False,False,
10-scale product exact full,10,lunar_ice_sp50_010_002_seed729002,fixed_graph_direct_dp_product_exact,B2_PRODUCT_EXACT_SOLVER,,,,,DIRECT_DP_BASELINE_OPTIMAL,DIRECT_DP_FIXED_GRAPH_OPTIMAL,NOT_PRICED,False,,,2458.986666,,False,,0,0,0,0,0,0,0,0,0,0,,,0,0,0,,0,0,,,0,DIRECT_DP_FIXED_GRAPH_OPTIMAL,1,2458.986666,True,1,,,,,,,495,,0,239,0,3732,,,,,,,0,0,,,,,,,,,,,,,False,False,0.061969,,False,False,
10-scale product exact full,10,lunar_ice_sp50_010_001_seed729001,fixed_graph_direct_dp_product_exact,B2_PRODUCT_EXACT_SOLVER,,,,,DIRECT_DP_BASELINE_OPTIMAL,DIRECT_DP_FIXED_GRAPH_OPTIMAL,NOT_PRICED,False,,,2931.301573,,False,,0,0,0,0,0,0,0,0,0,0,,,0,0,0,,0,0,,,0,DIRECT_DP_FIXED_GRAPH_OPTIMAL,1,2931.301573,True,1,,,,,,,406,,0,232,0,3785,,,,,,,0,0,,,,,,,,,,,,,False,False,0.057596,,False,False,
10-scale product exact full,10,lunar_ice_sp50_010_007_seed729007,fixed_graph_direct_dp_product_exact,B2_PRODUCT_EXACT_SOLVER,,,,,DIRECT_DP_BASELINE_OPTIMAL,DIRECT_DP_FIXED_GRAPH_OPTIMAL,NOT_PRICED,False,,,2223.951295,,False,,0,0,0,0,0,0,0,0,0,0,,,0,0,0,,0,0,,,0,DIRECT_DP_FIXED_GRAPH_OPTIMAL,1,2223.951295,True,1,,,,,,,757,,0,389,0,5513,,,,,,,0,0,,,,,,,,,,,,,False,False,0.12277,,False,False,
10-scale product exact full,10,lunar_ice_sp50_010_003_seed729023,fixed_graph_direct_dp_product_exact,B2_PRODUCT_EXACT_SOLVER,,,,,DIRECT_DP_BASELINE_OPTIMAL,DIRECT_DP_FIXED_GRAPH_OPTIMAL,NOT_PRICED,False,,,2824.685922,,False,,0,0,0,0,0,0,0,0,0,0,,,0,0,0,,0,0,,,0,DIRECT_DP_FIXED_GRAPH_OPTIMAL,1,2824.685922,True,1,,,,,,,762,,0,424,0,4944,,,,,,,0,0,,,,,,,,,,,,,False,False,0.0852,,False,False,
10-scale product exact full,10,lunar_ice_sp50_010_005_seed729045,fixed_graph_direct_dp_product_exact,B2_PRODUCT_EXACT_SOLVER,,,,,DIRECT_DP_BASELINE_OPTIMAL,DIRECT_DP_FIXED_GRAPH_OPTIMAL,NOT_PRICED,False,,,2205.952701,,False,,0,0,0,0,0,0,0,0,0,0,,,0,0,0,,0,0,,,0,DIRECT_DP_FIXED_GRAPH_OPTIMAL,1,2205.952701,True,1,,,,,,,1028,,0,379,0,15944,,,,,,,0,0,,,,,,,,,,,,,False,False,0.266625,,False,False,
10-scale product exact full,10,lunar_ice_sp50_010_010_seed729010,fixed_graph_direct_dp_product_exact,B2_PRODUCT_EXACT_SOLVER,,,,,DIRECT_DP_BASELINE_OPTIMAL,DIRECT_DP_FIXED_GRAPH_OPTIMAL,NOT_PRICED,False,,,3015.878029,,False,,0,0,0,0,0,0,0,0,0,0,,,0,0,0,,0,0,,,0,DIRECT_DP_FIXED_GRAPH_OPTIMAL,1,3015.878029,True,1,,,,,,,982,,0,477,0,21272,,,,,,,0,0,,,,,,,,,,,,,False,False,0.331801,,False,False,
10-scale product exact full,10,lunar_ice_sp50_010_006_seed729086,fixed_graph_direct_dp_product_exact,B2_PRODUCT_EXACT_SOLVER,,,,,DIRECT_DP_BASELINE_OPTIMAL,DIRECT_DP_FIXED_GRAPH_OPTIMAL,NOT_PRICED,False,,,2454.011928,,False,,0,0,0,0,0,0,0,0,0,0,,,0,0,0,,0,0,,,0,DIRECT_DP_FIXED_GRAPH_OPTIMAL,1,2454.011928,True,1,,,,,,,714,,0,303,0,4547,,,,,,,0,0,,,,,,,,,,,,,False,False,0.092018,,False,False,
10-scale product exact full,10,lunar_ice_sp50_010_011_seed729011,fixed_graph_direct_dp_product_exact,B2_PRODUCT_EXACT_SOLVER,,,,,DIRECT_DP_BASELINE_OPTIMAL,DIRECT_DP_FIXED_GRAPH_OPTIMAL,NOT_PRICED,False,,,2652.097258,,False,,0,0,0,0,0,0,0,0,0,0,,,0,0,0,,0,0,,,0,DIRECT_DP_FIXED_GRAPH_OPTIMAL,1,2652.097258,True,1,,,,,,,1220,,0,449,0,18651,,,,,,,0,0,,,,,,,,,,,,,False,False,0.29414,,False,False,
10-scale product exact full,10,lunar_ice_sp50_010_009_seed729069,fixed_graph_direct_dp_product_exact,B2_PRODUCT_EXACT_SOLVER,,,,,DIRECT_DP_BASELINE_OPTIMAL,DIRECT_DP_FIXED_GRAPH_OPTIMAL,NOT_PRICED,False,,,2569.755376,,False,,0,0,0,0,0,0,0,0,0,0,,,0,0,0,,0,0,,,0,DIRECT_DP_FIXED_GRAPH_OPTIMAL,1,2569.755376,True,1,,,,,,,648,,0,351,0,13356,,,,,,,0,0,,,,,,,,,,,,,False,False,0.170178,,False,False,
10-scale product exact full,10,lunar_ice_sp50_010_008_seed729068,fixed_graph_direct_dp_product_exact,B2_PRODUCT_EXACT_SOLVER,,,,,DIRECT_DP_BASELINE_OPTIMAL,DIRECT_DP_FIXED_GRAPH_OPTIMAL,NOT_PRICED,False,,,2433.224938,,False,,0,0,0,0,0,0,0,0,0,0,,,0,0,0,,0,0,,,0,DIRECT_DP_FIXED_GRAPH_OPTIMAL,1,2433.224938,True,1,,,,,,,1122,,0,343,0,10132,,,,,,,0,0,,,,,,,,,,,,,False,False,0.123651,,False,False,
10-scale product exact full,10,lunar_ice_sp50_010_015_seed729015,fixed_graph_direct_dp_product_exact,B2_PRODUCT_EXACT_SOLVER,,,,,DIRECT_DP_BASELINE_OPTIMAL,DIRECT_DP_FIXED_GRAPH_OPTIMAL,NOT_PRICED,False,,,2357.37971,,False,,0,0,0,0,0,0,0,0,0,0,,,0,0,0,,0,0,,,0,DIRECT_DP_FIXED_GRAPH_OPTIMAL,1,2357.37971,True,1,,,,,,,1256,,0,430,0,14292,,,,,,,0,0,,,,,,,,,,,,,False,False,0.206551,,False,False,
10-scale product exact full,10,lunar_ice_sp50_010_016_seed729016,fixed_graph_direct_dp_product_exact,B2_PRODUCT_EXACT_SOLVER,,,,,DIRECT_DP_BASELINE_OPTIMAL,DIRECT_DP_FIXED_GRAPH_OPTIMAL,NOT_PRICED,False,,,2597.132924,,False,,0,0,0,0,0,0,0,0,0,0,,,0,0,0,,0,0,,,0,DIRECT_DP_FIXED_GRAPH_OPTIMAL,1,2597.132924,True,1,,,,,,,663,,0,285,0,3908,,,,,,,0,0,,,,,,,,,,,,,False,False,0.067038,,False,False,
10-scale product exact full,10,lunar_ice_sp50_010_014_seed729034,fixed_graph_direct_dp_product_exact,B2_PRODUCT_EXACT_SOLVER,,,,,DIRECT_DP_BASELINE_OPTIMAL,DIRECT_DP_FIXED_GRAPH_OPTIMAL,NOT_PRICED,False,,,2897.486857,,False,,0,0,0,0,0,0,0,0,0,0,,,0,0,0,,0,0,,,0,DIRECT_DP_FIXED_GRAPH_OPTIMAL,1,2897.486857,True,1,,,,,,,801,,0,310,0,8894,,,,,,,0,0,,,,,,,,,,,,,False,False,0.114736,,False,False,
10-scale product exact full,10,lunar_ice_sp50_010_013_seed729053,fixed_graph_direct_dp_product_exact,B2_PRODUCT_EXACT_SOLVER,,,,,DIRECT_DP_BASELINE_OPTIMAL,DIRECT_DP_FIXED_GRAPH_OPTIMAL,NOT_PRICED,False,,,3221.96506,,False,,0,0,0,0,0,0,0,0,0,0,,,0,0,0,,0,0,,,0,DIRECT_DP_FIXED_GRAPH_OPTIMAL,1,3221.96506,True,1,,,,,,,1327,,0,451,0,22480,,,,,,,0,0,,,,,,,,,,,,,False,False,0.289189,,False,False,
10-scale product exact full,10,lunar_ice_sp50_010_012_seed729072,fixed_graph_direct_dp_product_exact,B2_PRODUCT_EXACT_SOLVER,,,,,DIRECT_DP_BASELINE_OPTIMAL,DIRECT_DP_FIXED_GRAPH_OPTIMAL,NOT_PRICED,False,,,2680.802367,,False,,0,0,0,0,0,0,0,0,0,0,,,0,0,0,,0,0,,,0,DIRECT_DP_FIXED_GRAPH_OPTIMAL,1,2680.802367,True,1,,,,,,,977,,0,288,0,11178,,,,,,,0,0,,,,,,,,,,,,,False,False,0.139954,,False,False,
10-scale product exact full,10,lunar_ice_sp50_010_017_seed729037,fixed_graph_direct_dp_product_exact,B2_PRODUCT_EXACT_SOLVER,,,,,DIRECT_DP_BASELINE_OPTIMAL,DIRECT_DP_FIXED_GRAPH_OPTIMAL,NOT_PRICED,False,,,2381.630609,,False,,0,0,0,0,0,0,0,0,0,0,,,0,0,0,,0,0,,,0,DIRECT_DP_FIXED_GRAPH_OPTIMAL,1,2381.630609,True,1,,,,,,,552,,0,269,0,5702,,,,,,,0,0,,,,,,,,,,,,,False,False,0.084122,,False,False,
10-scale product exact full,10,lunar_ice_sp50_010_019_seed729039,fixed_graph_direct_dp_product_exact,B2_PRODUCT_EXACT_SOLVER,,,,,DIRECT_DP_BASELINE_OPTIMAL,DIRECT_DP_FIXED_GRAPH_OPTIMAL,NOT_PRICED,False,,,2624.591118,,False,,0,0,0,0,0,0,0,0,0,0,,,0,0,0,,0,0,,,0,DIRECT_DP_FIXED_GRAPH_OPTIMAL,1,2624.591118,True,1,,,,,,,556,,0,305,0,6511,,,,,,,0,0,,,,,,,,,,,,,False,False,0.107264,,False,False,
10-scale product exact full,10,lunar_ice_sp50_010_020_seed729040,fixed_graph_direct_dp_product_exact,B2_PRODUCT_EXACT_SOLVER,,,,,DIRECT_DP_BASELINE_OPTIMAL,DIRECT_DP_FIXED_GRAPH_OPTIMAL,NOT_PRICED,False,,,2450.749173,,False,,0,0,0,0,0,0,0,0,0,0,,,0,0,0,,0,0,,,0,DIRECT_DP_FIXED_GRAPH_OPTIMAL,1,2450.749173,True,1,,,,,,,696,,0,278,0,8039,,,,,,,0,0,,,,,,,,,,,,,False,False,0.125368,,False,False,
10-scale product exact full,10,lunar_ice_sp50_010_018_seed729118,fixed_graph_direct_dp_product_exact,B2_PRODUCT_EXACT_SOLVER,,,,,DIRECT_DP_BASELINE_OPTIMAL,DIRECT_DP_FIXED_GRAPH_OPTIMAL,NOT_PRICED,False,,,2632.80288,,False,,0,0,0,0,0,0,0,0,0,0,,,0,0,0,,0,0,,,0,DIRECT_DP_FIXED_GRAPH_OPTIMAL,1,2632.80288,True,1,,,,,,,526,,0,318,0,8817,,,,,,,0,0,,,,,,,,,,,,,False,False,0.140452,,False,False,
20-scale fail-closed guard,20,lunar_ice_sp50_020_004_seed829004,fixed_graph_direct_dp_product_exact,B2_PRODUCT_EXACT_SOLVER,,,,,SKIPPED_TOO_LARGE_FOR_DIRECT_DP_BASELINE,FEASIBLE_INCUMBENT_ONLY,NOT_PRICED,False,,,,,False,,0,0,0,0,0,0,0,0,0,0,,,0,0,0,,0,0,,,0,,0,,True,0,,,,,,,0,,0,0,0,0,,,,,,,0,0,,,,,,,,,,,,,False,False,0.000802,task_count=20 exceeds max_exact_tasks=10,False,False,
20-scale fail-closed guard,20,lunar_ice_sp50_020_002_seed829002,fixed_graph_direct_dp_product_exact,B2_PRODUCT_EXACT_SOLVER,,,,,SKIPPED_TOO_LARGE_FOR_DIRECT_DP_BASELINE,FEASIBLE_INCUMBENT_ONLY,NOT_PRICED,False,,,,,False,,0,0,0,0,0,0,0,0,0,0,,,0,0,0,,0,0,,,0,,0,,True,0,,,,,,,0,,0,0,0,0,,,,,,,0,0,,,,,,,,,,,,,False,False,0.000561,task_count=20 exceeds max_exact_tasks=10,False,False,
20-scale fail-closed guard,20,lunar_ice_sp50_020_001_seed829001,fixed_graph_direct_dp_product_exact,B2_PRODUCT_EXACT_SOLVER,,,,,SKIPPED_TOO_LARGE_FOR_DIRECT_DP_BASELINE,FEASIBLE_INCUMBENT_ONLY,NOT_PRICED,False,,,,,False,,0,0,0,0,0,0,0,0,0,0,,,0,0,0,,0,0,,,0,,0,,True,0,,,,,,,0,,0,0,0,0,,,,,,,0,0,,,,,,,,,,,,,False,False,0.000871,task_count=20 exceeds max_exact_tasks=10,False,False,
20-scale fail-closed guard,20,lunar_ice_sp50_020_003_seed829003,fixed_graph_direct_dp_product_exact,B2_PRODUCT_EXACT_SOLVER,,,,,SKIPPED_TOO_LARGE_FOR_DIRECT_DP_BASELINE,FEASIBLE_INCUMBENT_ONLY,NOT_PRICED,False,,,,,False,,0,0,0,0,0,0,0,0,0,0,,,0,0,0,,0,0,,,0,,0,,True,0,,,,,,,0,,0,0,0,0,,,,,,,0,0,,,,,,,,,,,,,False,False,0.000596,task_count=20 exceeds max_exact_tasks=10,False,False,
20-scale fail-closed guard,20,lunar_ice_sp50_020_005_seed829005,fixed_graph_direct_dp_product_exact,B2_PRODUCT_EXACT_SOLVER,,,,,SKIPPED_TOO_LARGE_FOR_DIRECT_DP_BASELINE,FEASIBLE_INCUMBENT_ONLY,NOT_PRICED,False,,,,,False,,0,0,0,0,0,0,0,0,0,0,,,0,0,0,,0,0,,,0,,0,,True,0,,,,,,,0,,0,0,0,0,,,,,,,0,0,,,,,,,,,,,,,False,False,0.000742,task_count=20 exceeds max_exact_tasks=10,False,False,
20-scale fail-closed guard,20,lunar_ice_sp50_020_008_seed829008,fixed_graph_direct_dp_product_exact,B2_PRODUCT_EXACT_SOLVER,,,,,SKIPPED_TOO_LARGE_FOR_DIRECT_DP_BASELINE,FEASIBLE_INCUMBENT_ONLY,NOT_PRICED,False,,,,,False,,0,0,0,0,0,0,0,0,0,0,,,0,0,0,,0,0,,,0,,0,,True,0,,,,,,,0,,0,0,0,0,,,,,,,0,0,,,,,,,,,,,,,False,False,0.000672,task_count=20 exceeds max_exact_tasks=10,False,False,
20-scale fail-closed guard,20,lunar_ice_sp50_020_006_seed829006,fixed_graph_direct_dp_product_exact,B2_PRODUCT_EXACT_SOLVER,,,,,SKIPPED_TOO_LARGE_FOR_DIRECT_DP_BASELINE,FEASIBLE_INCUMBENT_ONLY,NOT_PRICED,False,,,,,False,,0,0,0,0,0,0,0,0,0,0,,,0,0,0,,0,0,,,0,,0,,True,0,,,,,,,0,,0,0,0,0,,,,,,,0,0,,,,,,,,,,,,,False,False,0.00069,task_count=20 exceeds max_exact_tasks=10,False,False,
20-scale fail-closed guard,20,lunar_ice_sp50_020_009_seed829009,fixed_graph_direct_dp_product_exact,B2_PRODUCT_EXACT_SOLVER,,,,,SKIPPED_TOO_LARGE_FOR_DIRECT_DP_BASELINE,FEASIBLE_INCUMBENT_ONLY,NOT_PRICED,False,,,,,False,,0,0,0,0,0,0,0,0,0,0,,,0,0,0,,0,0,,,0,,0,,True,0,,,,,,,0,,0,0,0,0,,,,,,,0,0,,,,,,,,,,,,,False,False,0.00068,task_count=20 exceeds max_exact_tasks=10,False,False,
20-scale fail-closed guard,20,lunar_ice_sp50_020_010_seed829010,fixed_graph_direct_dp_product_exact,B2_PRODUCT_EXACT_SOLVER,,,,,SKIPPED_TOO_LARGE_FOR_DIRECT_DP_BASELINE,FEASIBLE_INCUMBENT_ONLY,NOT_PRICED,False,,,,,False,,0,0,0,0,0,0,0,0,0,0,,,0,0,0,,0,0,,,0,,0,,True,0,,,,,,,0,,0,0,0,0,,,,,,,0,0,,,,,,,,,,,,,False,False,0.000917,task_count=20 exceeds max_exact_tasks=10,False,False,
20-scale fail-closed guard,20,lunar_ice_sp50_020_007_seed829027,fixed_graph_direct_dp_product_exact,B2_PRODUCT_EXACT_SOLVER,,,,,SKIPPED_TOO_LARGE_FOR_DIRECT_DP_BASELINE,FEASIBLE_INCUMBENT_ONLY,NOT_PRICED,False,,,,,False,,0,0,0,0,0,0,0,0,0,0,,,0,0,0,,0,0,,,0,,0,,True,0,,,,,,,0,,0,0,0,0,,,,,,,0,0,,,,,,,,,,,,,False,False,0.00101,task_count=20 exceeds max_exact_tasks=10,False,False,
20-scale fail-closed guard,20,lunar_ice_sp50_020_011_seed829011,fixed_graph_direct_dp_product_exact,B2_PRODUCT_EXACT_SOLVER,,,,,SKIPPED_TOO_LARGE_FOR_DIRECT_DP_BASELINE,FEASIBLE_INCUMBENT_ONLY,NOT_PRICED,False,,,,,False,,0,0,0,0,0,0,0,0,0,0,,,0,0,0,,0,0,,,0,,0,,True,0,,,,,,,0,,0,0,0,0,,,,,,,0,0,,,,,,,,,,,,,False,False,0.000562,task_count=20 exceeds max_exact_tasks=10,False,False,
20-scale fail-closed guard,20,lunar_ice_sp50_020_012_seed829012,fixed_graph_direct_dp_product_exact,B2_PRODUCT_EXACT_SOLVER,,,,,SKIPPED_TOO_LARGE_FOR_DIRECT_DP_BASELINE,FEASIBLE_INCUMBENT_ONLY,NOT_PRICED,False,,,,,False,,0,0,0,0,0,0,0,0,0,0,,,0,0,0,,0,0,,,0,,0,,True,0,,,,,,,0,,0,0,0,0,,,,,,,0,0,,,,,,,,,,,,,False,False,0.000586,task_count=20 exceeds max_exact_tasks=10,False,False,
20-scale fail-closed guard,20,lunar_ice_sp50_020_013_seed829013,fixed_graph_direct_dp_product_exact,B2_PRODUCT_EXACT_SOLVER,,,,,SKIPPED_TOO_LARGE_FOR_DIRECT_DP_BASELINE,FEASIBLE_INCUMBENT_ONLY,NOT_PRICED,False,,,,,False,,0,0,0,0,0,0,0,0,0,0,,,0,0,0,,0,0,,,0,,0,,True,0,,,,,,,0,,0,0,0,0,,,,,,,0,0,,,,,,,,,,,,,False,False,0.000585,task_count=20 exceeds max_exact_tasks=10,False,False,
20-scale fail-closed guard,20,lunar_ice_sp50_020_014_seed829014,fixed_graph_direct_dp_product_exact,B2_PRODUCT_EXACT_SOLVER,,,,,SKIPPED_TOO_LARGE_FOR_DIRECT_DP_BASELINE,FEASIBLE_INCUMBENT_ONLY,NOT_PRICED,False,,,,,False,,0,0,0,0,0,0,0,0,0,0,,,0,0,0,,0,0,,,0,,0,,True,0,,,,,,,0,,0,0,0,0,,,,,,,0,0,,,,,,,,,,,,,False,False,0.000827,task_count=20 exceeds max_exact_tasks=10,False,False,
20-scale fail-closed guard,20,lunar_ice_sp50_020_015_seed829015,fixed_graph_direct_dp_product_exact,B2_PRODUCT_EXACT_SOLVER,,,,,SKIPPED_TOO_LARGE_FOR_DIRECT_DP_BASELINE,FEASIBLE_INCUMBENT_ONLY,NOT_PRICED,False,,,,,False,,0,0,0,0,0,0,0,0,0,0,,,0,0,0,,0,0,,,0,,0,,True,0,,,,,,,0,,0,0,0,0,,,,,,,0,0,,,,,,,,,,,,,False,False,0.000609,task_count=20 exceeds max_exact_tasks=10,False,False,
20-scale fail-closed guard,20,lunar_ice_sp50_020_016_seed829016,fixed_graph_direct_dp_product_exact,B2_PRODUCT_EXACT_SOLVER,,,,,SKIPPED_TOO_LARGE_FOR_DIRECT_DP_BASELINE,FEASIBLE_INCUMBENT_ONLY,NOT_PRICED,False,,,,,False,,0,0,0,0,0,0,0,0,0,0,,,0,0,0,,0,0,,,0,,0,,True,0,,,,,,,0,,0,0,0,0,,,,,,,0,0,,,,,,,,,,,,,False,False,0.000669,task_count=20 exceeds max_exact_tasks=10,False,False,
20-scale fail-closed guard,20,lunar_ice_sp50_020_017_seed829017,fixed_graph_direct_dp_product_exact,B2_PRODUCT_EXACT_SOLVER,,,,,SKIPPED_TOO_LARGE_FOR_DIRECT_DP_BASELINE,FEASIBLE_INCUMBENT_ONLY,NOT_PRICED,False,,,,,False,,0,0,0,0,0,0,0,0,0,0,,,0,0,0,,0,0,,,0,,0,,True,0,,,,,,,0,,0,0,0,0,,,,,,,0,0,,,,,,,,,,,,,False,False,0.000781,task_count=20 exceeds max_exact_tasks=10,False,False,
20-scale fail-closed guard,20,lunar_ice_sp50_020_018_seed829018,fixed_graph_direct_dp_product_exact,B2_PRODUCT_EXACT_SOLVER,,,,,SKIPPED_TOO_LARGE_FOR_DIRECT_DP_BASELINE,FEASIBLE_INCUMBENT_ONLY,NOT_PRICED,False,,,,,False,,0,0,0,0,0,0,0,0,0,0,,,0,0,0,,0,0,,,0,,0,,True,0,,,,,,,0,,0,0,0,0,,,,,,,0,0,,,,,,,,,,,,,False,False,0.000607,task_count=20 exceeds max_exact_tasks=10,False,False,
20-scale fail-closed guard,20,lunar_ice_sp50_020_019_seed829019,fixed_graph_direct_dp_product_exact,B2_PRODUCT_EXACT_SOLVER,,,,,SKIPPED_TOO_LARGE_FOR_DIRECT_DP_BASELINE,FEASIBLE_INCUMBENT_ONLY,NOT_PRICED,False,,,,,False,,0,0,0,0,0,0,0,0,0,0,,,0,0,0,,0,0,,,0,,0,,True,0,,,,,,,0,,0,0,0,0,,,,,,,0,0,,,,,,,,,,,,,False,False,0.000737,task_count=20 exceeds max_exact_tasks=10,False,False,
20-scale fail-closed guard,20,lunar_ice_sp50_020_020_seed829020,fixed_graph_direct_dp_product_exact,B2_PRODUCT_EXACT_SOLVER,,,,,SKIPPED_TOO_LARGE_FOR_DIRECT_DP_BASELINE,FEASIBLE_INCUMBENT_ONLY,NOT_PRICED,False,,,,,False,,0,0,0,0,0,0,0,0,0,0,,,0,0,0,,0,0,,,0,,0,,True,0,,,,,,,0,,0,0,0,0,,,,,,,0,0,,,,,,,,,,,,,False,False,0.000602,task_count=20 exceeds max_exact_tasks=10,False,False,
20-scale selected direct20 probe,20,lunar_ice_sp50_020_004_seed829004,fixed_graph_direct_dp_product_exact,B2_PRODUCT_EXACT_SOLVER,,,,,DIRECT_DP_BASELINE_OPTIMAL,DIRECT_DP_FIXED_GRAPH_OPTIMAL,NOT_PRICED,False,,,6290.10408,,False,,0,0,0,0,0,0,0,0,0,0,,,0,0,0,,0,0,,,0,DIRECT_DP_FIXED_GRAPH_OPTIMAL,1,6290.10408,True,1,,,,,,,26610,,0,12705,0,235370,,,,,,,0,0,,,,,,,,,,,,,False,False,6.56531,,False,False,
20-scale selected direct20 probe,20,lunar_ice_sp50_020_004_seed829004,diagnostic_only_no_certificate,B2C_limited_pricing_diagnostic,,,,,BPC_INCOMPLETE_PRICING,DIAGNOSTIC_PRICING_FRONTIER,LOCAL_NO_COLUMN_UNCERTIFIED,False,,,,,False,,0,0,0,0,0,0,0,0,0,0,,,0,0,0,,0,0,,,0,,0,,False,0,,,,,,,95,,587,5,4,7398,,,,,,,0,4,,,,,,,,,,,,,False,False,0.048623,B2C_limited_pricing_diagnostic: limited pricing diagnostic cannot certify no-negative or provide an official bound.,False,False,
20-scale selected direct20 probe,20,lunar_ice_sp50_020_004_seed829004,diagnostic_only_no_certificate,B2D_proof_tail_kernel_profile,,,,,BPC_INCOMPLETE_PRICING,DIAGNOSTIC_PRICING_FRONTIER,LOCAL_NO_COLUMN_UNCERTIFIED,False,,,,,False,,0,0,0,0,0,0,0,0,0,0,,,0,0,0,,0,0,,,0,,0,,False,0,,,,,,,95,,587,5,4,7398,,,,,,,0,4,,,,,,,,,,,,,False,True,0.048913,B2D_proof_tail_kernel_profile: limited pricing diagnostic cannot certify no-negative or provide an official bound.,False,False,
20-scale selected direct20 probe,20,lunar_ice_sp50_020_002_seed829002,fixed_graph_direct_dp_product_exact,B2_PRODUCT_EXACT_SOLVER,,,,,DIRECT_DP_BASELINE_OPTIMAL,DIRECT_DP_FIXED_GRAPH_OPTIMAL,NOT_PRICED,False,,,6766.890301,,False,,0,0,0,0,0,0,0,0,0,0,,,0,0,0,,0,0,,,0,DIRECT_DP_FIXED_GRAPH_OPTIMAL,1,6766.890301,True,1,,,,,,,18029,,0,7889,0,167280,,,,,,,0,0,,,,,,,,,,,,,False,False,4.407654,,False,False,
20-scale selected direct20 probe,20,lunar_ice_sp50_020_002_seed829002,diagnostic_only_no_certificate,B2C_limited_pricing_diagnostic,,,,,BPC_INCOMPLETE_PRICING,DIAGNOSTIC_PRICING_FRONTIER,LOCAL_NO_COLUMN_UNCERTIFIED,False,,,,,False,,0,0,0,0,0,0,0,0,0,0,,,0,0,0,,0,0,,,0,,0,,False,0,,,,,,,103,,683,6,4,9178,,,,,,,0,4,,,,,,,,,,,,,False,False,0.058637,B2C_limited_pricing_diagnostic: limited pricing diagnostic cannot certify no-negative or provide an official bound.,False,False,
20-scale selected direct20 probe,20,lunar_ice_sp50_020_002_seed829002,diagnostic_only_no_certificate,B2D_proof_tail_kernel_profile,,,,,BPC_INCOMPLETE_PRICING,DIAGNOSTIC_PRICING_FRONTIER,LOCAL_NO_COLUMN_UNCERTIFIED,False,,,,,False,,0,0,0,0,0,0,0,0,0,0,,,0,0,0,,0,0,,,0,,0,,False,0,,,,,,,103,,683,6,4,9178,,,,,,,0,4,,,,,,,,,,,,,False,True,0.057819,B2D_proof_tail_kernel_profile: limited pricing diagnostic cannot certify no-negative or provide an official bound.,False,False,
20-scale selected direct20 probe,20,lunar_ice_sp50_020_001_seed829001,fixed_graph_direct_dp_product_exact,B2_PRODUCT_EXACT_SOLVER,,,,,DIRECT_DP_BASELINE_OPTIMAL,DIRECT_DP_FIXED_GRAPH_OPTIMAL,NOT_PRICED,False,,,7386.805908,,False,,0,0,0,0,0,0,0,0,0,0,,,0,0,0,,0,0,,,0,DIRECT_DP_FIXED_GRAPH_OPTIMAL,1,7386.805908,True,1,,,,,,,37495,,0,16019,0,229847,,,,,,,0,0,,,,,,,,,,,,,False,False,7.424916,,False,False,
20-scale selected direct20 probe,20,lunar_ice_sp50_020_001_seed829001,diagnostic_only_no_certificate,B2C_limited_pricing_diagnostic,,,,,BPC_INCOMPLETE_PRICING,DIAGNOSTIC_PRICING_FRONTIER,LOCAL_NO_COLUMN_UNCERTIFIED,False,,,,,False,,0,0,0,0,0,0,0,0,0,0,,,0,0,0,,0,0,,,0,,0,,False,0,,,,,,,112,,822,6,4,8074,,,,,,,0,4,,,,,,,,,,,,,False,False,0.061592,B2C_limited_pricing_diagnostic: limited pricing diagnostic cannot certify no-negative or provide an official bound.,False,False,
20-scale selected direct20 probe,20,lunar_ice_sp50_020_001_seed829001,diagnostic_only_no_certificate,B2D_proof_tail_kernel_profile,,,,,BPC_INCOMPLETE_PRICING,DIAGNOSTIC_PRICING_FRONTIER,LOCAL_NO_COLUMN_UNCERTIFIED,False,,,,,False,,0,0,0,0,0,0,0,0,0,0,,,0,0,0,,0,0,,,0,,0,,False,0,,,,,,,112,,822,6,4,8074,,,,,,,0,4,,,,,,,,,,,,,False,True,0.055078,B2D_proof_tail_kernel_profile: limited pricing diagnostic cannot certify no-negative or provide an official bound.,False,False,
20-scale selected direct20 probe,20,lunar_ice_sp50_020_003_seed829003,fixed_graph_direct_dp_product_exact,B2_PRODUCT_EXACT_SOLVER,,,,,DIRECT_DP_BASELINE_OPTIMAL,DIRECT_DP_FIXED_GRAPH_OPTIMAL,NOT_PRICED,False,,,8052.53043,,False,,0,0,0,0,0,0,0,0,0,0,,,0,0,0,,0,0,,,0,DIRECT_DP_FIXED_GRAPH_OPTIMAL,1,8052.53043,True,1,,,,,,,42696,,0,17647,0,496616,,,,,,,0,0,,,,,,,,,,,,,False,False,12.538428,,False,False,
20-scale selected direct20 probe,20,lunar_ice_sp50_020_003_seed829003,diagnostic_only_no_certificate,B2C_limited_pricing_diagnostic,,,,,BPC_INCOMPLETE_PRICING,DIAGNOSTIC_PRICING_FRONTIER,LOCAL_NO_COLUMN_UNCERTIFIED,False,,,,,False,,0,0,0,0,0,0,0,0,0,0,,,0,0,0,,0,0,,,0,,0,,False,0,,,,,,,138,,397,6,4,8180,,,,,,,0,4,,,,,,,,,,,,,False,False,0.050388,B2C_limited_pricing_diagnostic: limited pricing diagnostic cannot certify no-negative or provide an official bound.,False,False,
20-scale selected direct20 probe,20,lunar_ice_sp50_020_003_seed829003,diagnostic_only_no_certificate,B2D_proof_tail_kernel_profile,,,,,BPC_INCOMPLETE_PRICING,DIAGNOSTIC_PRICING_FRONTIER,LOCAL_NO_COLUMN_UNCERTIFIED,False,,,,,False,,0,0,0,0,0,0,0,0,0,0,,,0,0,0,,0,0,,,0,,0,,False,0,,,,,,,138,,397,6,4,8180,,,,,,,0,4,,,,,,,,,,,,,False,True,0.050668,B2D_proof_tail_kernel_profile: limited pricing diagnostic cannot certify no-negative or provide an official bound.,False,False,
20-scale selected direct20 probe,20,lunar_ice_sp50_020_005_seed829005,fixed_graph_direct_dp_product_exact,B2_PRODUCT_EXACT_SOLVER,,,,,DIRECT_DP_BASELINE_OPTIMAL,DIRECT_DP_FIXED_GRAPH_OPTIMAL,NOT_PRICED,False,,,6220.730886,,False,,0,0,0,0,0,0,0,0,0,0,,,0,0,0,,0,0,,,0,DIRECT_DP_FIXED_GRAPH_OPTIMAL,1,6220.730886,True,1,,,,,,,51635,,0,19130,0,716764,,,,,,,0,0,,,,,,,,,,,,,False,False,19.703049,,False,False,
20-scale selected direct20 probe,20,lunar_ice_sp50_020_005_seed829005,diagnostic_only_no_certificate,B2C_limited_pricing_diagnostic,,,,,BPC_INCOMPLETE_PRICING,DIAGNOSTIC_PRICING_FRONTIER,LOCAL_NO_COLUMN_UNCERTIFIED,False,,,,,False,,0,0,0,0,0,0,0,0,0,0,,,0,0,0,,0,0,,,0,,0,,False,0,,,,,,,112,,500,6,4,8858,,,,,,,0,4,,,,,,,,,,,,,False,False,0.053459,B2C_limited_pricing_diagnostic: limited pricing diagnostic cannot certify no-negative or provide an official bound.,False,False,
20-scale selected direct20 probe,20,lunar_ice_sp50_020_005_seed829005,diagnostic_only_no_certificate,B2D_proof_tail_kernel_profile,,,,,BPC_INCOMPLETE_PRICING,DIAGNOSTIC_PRICING_FRONTIER,LOCAL_NO_COLUMN_UNCERTIFIED,False,,,,,False,,0,0,0,0,0,0,0,0,0,0,,,0,0,0,,0,0,,,0,,0,,False,0,,,,,,,112,,500,6,4,8858,,,,,,,0,4,,,,,,,,,,,,,False,True,0.054997,B2D_proof_tail_kernel_profile: limited pricing diagnostic cannot certify no-negative or provide an official bound.,False,False,
30-scale fail-closed diagnostic,30,lunar_ice_sp50_030_001_seed929001,fixed_graph_direct_dp_product_exact,B2_PRODUCT_EXACT_SOLVER,,,,,SKIPPED_TOO_LARGE_FOR_DIRECT_DP_BASELINE,FEASIBLE_INCUMBENT_ONLY,NOT_PRICED,False,,,,,False,,0,0,0,0,0,0,0,0,0,0,,,0,0,0,,0,0,,,0,,0,,True,0,,,,,,,0,,0,0,0,0,,,,,,,0,0,,,,,,,,,,,,,False,False,0.00191,task_count=30 exceeds max_exact_tasks=20,False,False,
30-scale fail-closed diagnostic,30,lunar_ice_sp50_030_004_seed929004,fixed_graph_direct_dp_product_exact,B2_PRODUCT_EXACT_SOLVER,,,,,SKIPPED_TOO_LARGE_FOR_DIRECT_DP_BASELINE,FEASIBLE_INCUMBENT_ONLY,NOT_PRICED,False,,,,,False,,0,0,0,0,0,0,0,0,0,0,,,0,0,0,,0,0,,,0,,0,,True,0,,,,,,,0,,0,0,0,0,,,,,,,0,0,,,,,,,,,,,,,False,False,0.001547,task_count=30 exceeds max_exact_tasks=20,False,False,
30-scale fail-closed diagnostic,30,lunar_ice_sp50_030_002_seed929002,fixed_graph_direct_dp_product_exact,B2_PRODUCT_EXACT_SOLVER,,,,,SKIPPED_TOO_LARGE_FOR_DIRECT_DP_BASELINE,FEASIBLE_INCUMBENT_ONLY,NOT_PRICED,False,,,,,False,,0,0,0,0,0,0,0,0,0,0,,,0,0,0,,0,0,,,0,,0,,True,0,,,,,,,0,,0,0,0,0,,,,,,,0,0,,,,,,,,,,,,,False,False,0.001981,task_count=30 exceeds max_exact_tasks=20,False,False,
30-scale fail-closed diagnostic,30,lunar_ice_sp50_030_003_seed929003,fixed_graph_direct_dp_product_exact,B2_PRODUCT_EXACT_SOLVER,,,,,SKIPPED_TOO_LARGE_FOR_DIRECT_DP_BASELINE,FEASIBLE_INCUMBENT_ONLY,NOT_PRICED,False,,,,,False,,0,0,0,0,0,0,0,0,0,0,,,0,0,0,,0,0,,,0,,0,,True,0,,,,,,,0,,0,0,0,0,,,,,,,0,0,,,,,,,,,,,,,False,False,0.001684,task_count=30 exceeds max_exact_tasks=20,False,False,
30-scale fail-closed diagnostic,30,lunar_ice_sp50_030_006_seed929006,fixed_graph_direct_dp_product_exact,B2_PRODUCT_EXACT_SOLVER,,,,,SKIPPED_TOO_LARGE_FOR_DIRECT_DP_BASELINE,FEASIBLE_INCUMBENT_ONLY,NOT_PRICED,False,,,,,False,,0,0,0,0,0,0,0,0,0,0,,,0,0,0,,0,0,,,0,,0,,True,0,,,,,,,0,,0,0,0,0,,,,,,,0,0,,,,,,,,,,,,,False,False,0.001753,task_count=30 exceeds max_exact_tasks=20,False,False,
30-scale fail-closed diagnostic,30,lunar_ice_sp50_030_008_seed929008,fixed_graph_direct_dp_product_exact,B2_PRODUCT_EXACT_SOLVER,,,,,SKIPPED_TOO_LARGE_FOR_DIRECT_DP_BASELINE,FEASIBLE_INCUMBENT_ONLY,NOT_PRICED,False,,,,,False,,0,0,0,0,0,0,0,0,0,0,,,0,0,0,,0,0,,,0,,0,,True,0,,,,,,,0,,0,0,0,0,,,,,,,0,0,,,,,,,,,,,,,False,False,0.001561,task_count=30 exceeds max_exact_tasks=20,False,False,
30-scale fail-closed diagnostic,30,lunar_ice_sp50_030_005_seed929005,fixed_graph_direct_dp_product_exact,B2_PRODUCT_EXACT_SOLVER,,,,,SKIPPED_TOO_LARGE_FOR_DIRECT_DP_BASELINE,FEASIBLE_INCUMBENT_ONLY,NOT_PRICED,False,,,,,False,,0,0,0,0,0,0,0,0,0,0,,,0,0,0,,0,0,,,0,,0,,True,0,,,,,,,0,,0,0,0,0,,,,,,,0,0,,,,,,,,,,,,,False,False,0.001866,task_count=30 exceeds max_exact_tasks=20,False,False,
30-scale fail-closed diagnostic,30,lunar_ice_sp50_030_007_seed929007,fixed_graph_direct_dp_product_exact,B2_PRODUCT_EXACT_SOLVER,,,,,SKIPPED_TOO_LARGE_FOR_DIRECT_DP_BASELINE,FEASIBLE_INCUMBENT_ONLY,NOT_PRICED,False,,,,,False,,0,0,0,0,0,0,0,0,0,0,,,0,0,0,,0,0,,,0,,0,,True,0,,,,,,,0,,0,0,0,0,,,,,,,0,0,,,,,,,,,,,,,False,False,0.001797,task_count=30 exceeds max_exact_tasks=20,False,False,
30-scale fail-closed diagnostic,30,lunar_ice_sp50_030_009_seed929009,fixed_graph_direct_dp_product_exact,B2_PRODUCT_EXACT_SOLVER,,,,,SKIPPED_TOO_LARGE_FOR_DIRECT_DP_BASELINE,FEASIBLE_INCUMBENT_ONLY,NOT_PRICED,False,,,,,False,,0,0,0,0,0,0,0,0,0,0,,,0,0,0,,0,0,,,0,,0,,True,0,,,,,,,0,,0,0,0,0,,,,,,,0,0,,,,,,,,,,,,,False,False,0.003084,task_count=30 exceeds max_exact_tasks=20,False,False,
30-scale fail-closed diagnostic,30,lunar_ice_sp50_030_011_seed929011,fixed_graph_direct_dp_product_exact,B2_PRODUCT_EXACT_SOLVER,,,,,SKIPPED_TOO_LARGE_FOR_DIRECT_DP_BASELINE,FEASIBLE_INCUMBENT_ONLY,NOT_PRICED,False,,,,,False,,0,0,0,0,0,0,0,0,0,0,,,0,0,0,,0,0,,,0,,0,,True,0,,,,,,,0,,0,0,0,0,,,,,,,0,0,,,,,,,,,,,,,False,False,0.001693,task_count=30 exceeds max_exact_tasks=20,False,False,
30-scale fail-closed diagnostic,30,lunar_ice_sp50_030_010_seed929010,fixed_graph_direct_dp_product_exact,B2_PRODUCT_EXACT_SOLVER,,,,,SKIPPED_TOO_LARGE_FOR_DIRECT_DP_BASELINE,FEASIBLE_INCUMBENT_ONLY,NOT_PRICED,False,,,,,False,,0,0,0,0,0,0,0,0,0,0,,,0,0,0,,0,0,,,0,,0,,True,0,,,,,,,0,,0,0,0,0,,,,,,,0,0,,,,,,,,,,,,,False,False,0.001906,task_count=30 exceeds max_exact_tasks=20,False,False,
30-scale fail-closed diagnostic,30,lunar_ice_sp50_030_012_seed929012,fixed_graph_direct_dp_product_exact,B2_PRODUCT_EXACT_SOLVER,,,,,SKIPPED_TOO_LARGE_FOR_DIRECT_DP_BASELINE,FEASIBLE_INCUMBENT_ONLY,NOT_PRICED,False,,,,,False,,0,0,0,0,0,0,0,0,0,0,,,0,0,0,,0,0,,,0,,0,,True,0,,,,,,,0,,0,0,0,0,,,,,,,0,0,,,,,,,,,,,,,False,False,0.00205,task_count=30 exceeds max_exact_tasks=20,False,False,
30-scale fail-closed diagnostic,30,lunar_ice_sp50_030_013_seed929013,fixed_graph_direct_dp_product_exact,B2_PRODUCT_EXACT_SOLVER,,,,,SKIPPED_TOO_LARGE_FOR_DIRECT_DP_BASELINE,FEASIBLE_INCUMBENT_ONLY,NOT_PRICED,False,,,,,False,,0,0,0,0,0,0,0,0,0,0,,,0,0,0,,0,0,,,0,,0,,True,0,,,,,,,0,,0,0,0,0,,,,,,,0,0,,,,,,,,,,,,,False,False,0.002681,task_count=30 exceeds max_exact_tasks=20,False,False,
30-scale fail-closed diagnostic,30,lunar_ice_sp50_030_014_seed929014,fixed_graph_direct_dp_product_exact,B2_PRODUCT_EXACT_SOLVER,,,,,SKIPPED_TOO_LARGE_FOR_DIRECT_DP_BASELINE,FEASIBLE_INCUMBENT_ONLY,NOT_PRICED,False,,,,,False,,0,0,0,0,0,0,0,0,0,0,,,0,0,0,,0,0,,,0,,0,,True,0,,,,,,,0,,0,0,0,0,,,,,,,0,0,,,,,,,,,,,,,False,False,0.001542,task_count=30 exceeds max_exact_tasks=20,False,False,
30-scale fail-closed diagnostic,30,lunar_ice_sp50_030_016_seed929016,fixed_graph_direct_dp_product_exact,B2_PRODUCT_EXACT_SOLVER,,,,,SKIPPED_TOO_LARGE_FOR_DIRECT_DP_BASELINE,FEASIBLE_INCUMBENT_ONLY,NOT_PRICED,False,,,,,False,,0,0,0,0,0,0,0,0,0,0,,,0,0,0,,0,0,,,0,,0,,True,0,,,,,,,0,,0,0,0,0,,,,,,,0,0,,,,,,,,,,,,,False,False,0.002144,task_count=30 exceeds max_exact_tasks=20,False,False,
30-scale fail-closed diagnostic,30,lunar_ice_sp50_030_015_seed929015,fixed_graph_direct_dp_product_exact,B2_PRODUCT_EXACT_SOLVER,,,,,SKIPPED_TOO_LARGE_FOR_DIRECT_DP_BASELINE,FEASIBLE_INCUMBENT_ONLY,NOT_PRICED,False,,,,,False,,0,0,0,0,0,0,0,0,0,0,,,0,0,0,,0,0,,,0,,0,,True,0,,,,,,,0,,0,0,0,0,,,,,,,0,0,,,,,,,,,,,,,False,False,0.00169,task_count=30 exceeds max_exact_tasks=20,False,False,
30-scale fail-closed diagnostic,30,lunar_ice_sp50_030_017_seed929017,fixed_graph_direct_dp_product_exact,B2_PRODUCT_EXACT_SOLVER,,,,,SKIPPED_TOO_LARGE_FOR_DIRECT_DP_BASELINE,FEASIBLE_INCUMBENT_ONLY,NOT_PRICED,False,,,,,False,,0,0,0,0,0,0,0,0,0,0,,,0,0,0,,0,0,,,0,,0,,True,0,,,,,,,0,,0,0,0,0,,,,,,,0,0,,,,,,,,,,,,,False,False,0.001901,task_count=30 exceeds max_exact_tasks=20,False,False,
30-scale fail-closed diagnostic,30,lunar_ice_sp50_030_019_seed929019,fixed_graph_direct_dp_product_exact,B2_PRODUCT_EXACT_SOLVER,,,,,SKIPPED_TOO_LARGE_FOR_DIRECT_DP_BASELINE,FEASIBLE_INCUMBENT_ONLY,NOT_PRICED,False,,,,,False,,0,0,0,0,0,0,0,0,0,0,,,0,0,0,,0,0,,,0,,0,,True,0,,,,,,,0,,0,0,0,0,,,,,,,0,0,,,,,,,,,,,,,False,False,0.00183,task_count=30 exceeds max_exact_tasks=20,False,False,
30-scale fail-closed diagnostic,30,lunar_ice_sp50_030_020_seed929020,fixed_graph_direct_dp_product_exact,B2_PRODUCT_EXACT_SOLVER,,,,,SKIPPED_TOO_LARGE_FOR_DIRECT_DP_BASELINE,FEASIBLE_INCUMBENT_ONLY,NOT_PRICED,False,,,,,False,,0,0,0,0,0,0,0,0,0,0,,,0,0,0,,0,0,,,0,,0,,True,0,,,,,,,0,,0,0,0,0,,,,,,,0,0,,,,,,,,,,,,,False,False,0.00231,task_count=30 exceeds max_exact_tasks=20,False,False,
30-scale fail-closed diagnostic,30,lunar_ice_sp50_030_018_seed929018,fixed_graph_direct_dp_product_exact,B2_PRODUCT_EXACT_SOLVER,,,,,SKIPPED_TOO_LARGE_FOR_DIRECT_DP_BASELINE,FEASIBLE_INCUMBENT_ONLY,NOT_PRICED,False,,,,,False,,0,0,0,0,0,0,0,0,0,0,,,0,0,0,,0,0,,,0,,0,,True,0,,,,,,,0,,0,0,0,0,,,,,,,0,0,,,,,,,,,,,,,False,False,0.001534,task_count=30 exceeds max_exact_tasks=20,False,False,
5-scale full,5,lunar_ice_sp50_005_001_seed679001,B1B_seeded_root_CG,B2B_R2_worker_before_final_judge,b2b_r2_lightweight_no_full_universe_enumeration,6,,False,BPC_GAP_AVAILABLE,BPC_NODE_LP_CERTIFIED,CERTIFIED_NO_NEGATIVE,True,b2b_r2_true_dual_final_judge_closure,BPC_NODE_LP_CERTIFIED,1310.952686,1310.952686,True,True,5,2,39,39,0,0,0,0,0,39,39,True,19,19,0,,0,0,True,True,0,,0,,False,0,0.001953,LOCAL_NO_COLUMN_UNCERTIFIED,0.131062,0.056909,0.015789,0.015789,2625,64170,4710,277,199,64170,0,0,0,0,0.0,0.0,137,31,0,466,5,4,4,1,0,3,FINAL_JUDGE_CERTIFIED_NO_NEGATIVE,False,2625,0,False,True,0.196709,,False,False,"final_judge_call_count_lower,final_judge_wall_time_lower,time_to_first_addable_negative_available,worker_found_addable_negative"
5-scale full,5,lunar_ice_sp50_005_002_seed679002,B1B_seeded_root_CG,B2B_R2_worker_before_final_judge,b2b_r2_lightweight_no_full_universe_enumeration,6,,False,BPC_GAP_AVAILABLE,BPC_NODE_LP_CERTIFIED,CERTIFIED_NO_NEGATIVE,True,b2b_r2_true_dual_final_judge_closure,BPC_NODE_LP_CERTIFIED,1349.525425,1349.525425,True,True,6,2,44,44,0,0,0,0,0,44,44,True,21,21,0,,0,0,True,True,0,,0,,False,0,0.002253,LOCAL_NO_COLUMN_UNCERTIFIED,0.172083,0.051805,0.010457,0.010457,2107,179540,4269,339,230,179540,0,0,0,0,0.0,0.0,168,31,0,315,6,5,5,1,0,4,FINAL_JUDGE_CERTIFIED_NO_NEGATIVE,False,2107,0,False,True,0.232403,,False,False,"final_judge_call_count_lower,final_judge_wall_time_lower,time_to_first_addable_negative_available,worker_found_addable_negative"
5-scale full,5,lunar_ice_sp50_005_003_seed679005,B1B_seeded_root_CG,B2B_R2_worker_before_final_judge,b2b_r2_lightweight_no_full_universe_enumeration,6,,False,BPC_GAP_AVAILABLE,BPC_NODE_LP_CERTIFIED,CERTIFIED_NO_NEGATIVE,True,b2b_r2_true_dual_final_judge_closure,BPC_NODE_LP_CERTIFIED,1316.47124,1316.47124,True,True,6,2,36,36,0,0,0,0,0,36,36,True,19,19,0,,0,0,True,True,0,,0,,False,0,0.002282,LOCAL_NO_COLUMN_UNCERTIFIED,0.240919,0.078792,0.016921,0.016921,2288,181649,8608,339,230,181649,0,0,0,0,0.0,0.0,168,31,0,342,6,5,5,1,0,4,FINAL_JUDGE_CERTIFIED_NO_NEGATIVE,False,2288,0,False,True,0.330224,,False,False,"final_judge_call_count_lower,final_judge_wall_time_lower,time_to_first_addable_negative_available,worker_found_addable_negative"
5-scale full,5,lunar_ice_sp50_005_005_seed679011,B1B_seeded_root_CG,B2B_R2_worker_before_final_judge,b2b_r2_lightweight_no_full_universe_enumeration,6,,False,BPC_GAP_AVAILABLE,BPC_NODE_LP_CERTIFIED,CERTIFIED_NO_NEGATIVE,True,b2b_r2_true_dual_final_judge_closure,BPC_NODE_LP_CERTIFIED,1182.368403,1182.368403,True,True,6,2,44,44,0,0,0,0,0,44,44,True,21,21,0,,0,0,True,True,0,,0,,False,0,0.002328,LOCAL_NO_COLUMN_UNCERTIFIED,0.254378,0.085701,0.01768,0.01768,2654,217392,8200,339,230,217392,0,0,0,0,0.0,0.0,168,31,0,400,6,5,5,1,0,4,FINAL_JUDGE_CERTIFIED_NO_NEGATIVE,False,2654,0,False,True,0.350177,,False,False,"final_judge_call_count_lower,final_judge_wall_time_lower,time_to_first_addable_negative_available,worker_found_addable_negative"
5-scale full,5,lunar_ice_sp50_005_007_seed679013,B1B_seeded_root_CG,B2B_R2_worker_before_final_judge,b2b_r2_lightweight_no_full_universe_enumeration,6,,False,BPC_GAP_AVAILABLE,BPC_NODE_LP_CERTIFIED,CERTIFIED_NO_NEGATIVE,True,b2b_r2_true_dual_final_judge_closure,BPC_NODE_LP_CERTIFIED,1400.622149,1400.622149,True,True,6,2,60,60,0,0,0,0,0,60,60,True,23,23,0,,0,0,True,True,0,,0,,False,0,0.002521,LOCAL_NO_COLUMN_UNCERTIFIED,0.307644,0.103609,0.015964,0.015964,1850,361432,8106,339,228,361432,0,0,0,0,0.0,0.0,166,31,0,283,6,5,5,1,0,4,FINAL_JUDGE_CERTIFIED_NO_NEGATIVE,False,1850,0,False,True,0.420136,,False,False,"final_judge_call_count_lower,final_judge_wall_time_lower,time_to_first_addable_negative_available,worker_found_addable_negative,added_to_master_count_higher"
5-scale full,5,lunar_ice_sp50_005_006_seed679032,B1B_seeded_root_CG,B2B_R2_worker_before_final_judge,b2b_r2_lightweight_no_full_universe_enumeration,6,,False,BPC_GAP_AVAILABLE,BPC_NODE_LP_CERTIFIED,CERTIFIED_NO_NEGATIVE,True,b2b_r2_true_dual_final_judge_closure,BPC_NODE_LP_CERTIFIED,1244.612406,1244.612406,True,True,5,2,43,43,0,0,0,0,0,43,43,True,20,20,0,,0,0,True,True,0,,0,,False,0,0.001924,LOCAL_NO_COLUMN_UNCERTIFIED,0.197488,0.086644,0.019896,0.019896,2330,124259,7732,277,199,124259,0,0,0,0,0.0,0.0,137,31,0,409,5,4,4,1,0,3,FINAL_JUDGE_CERTIFIED_NO_NEGATIVE,False,2330,0,False,True,0.292172,,False,False,"final_judge_call_count_lower,final_judge_wall_time_lower,time_to_first_addable_negative_available,worker_found_addable_negative"
5-scale full,5,lunar_ice_sp50_005_008_seed679014,B1B_seeded_root_CG,B2B_R2_worker_before_final_judge,b2b_r2_lightweight_no_full_universe_enumeration,6,,False,BPC_GAP_AVAILABLE,BPC_NODE_LP_CERTIFIED,CERTIFIED_NO_NEGATIVE,True,b2b_r2_true_dual_final_judge_closure,BPC_NODE_LP_CERTIFIED,1579.649799,1579.649799,True,True,6,2,48,48,0,0,0,0,0,48,48,True,21,21,0,,0,0,True,True,0,,0,,False,0,0.002175,LOCAL_NO_COLUMN_UNCERTIFIED,0.352295,0.123602,0.022833,0.022833,2372,314839,10128,337,228,314839,0,0,0,0,0.0,0.0,166,31,0,363,6,5,5,1,0,4,FINAL_JUDGE_CERTIFIED_NO_NEGATIVE,False,2372,0,False,True,0.486646,,False,False,"final_judge_call_count_lower,final_judge_wall_time_lower,time_to_first_addable_negative_available,worker_found_addable_negative"
5-scale full,5,lunar_ice_sp50_005_004_seed679030,B1B_seeded_root_CG,B2B_R2_worker_before_final_judge,b2b_r2_lightweight_no_full_universe_enumeration,6,,False,BPC_GAP_AVAILABLE,BPC_NODE_LP_CERTIFIED,CERTIFIED_NO_NEGATIVE,True,b2b_r2_true_dual_final_judge_closure,BPC_NODE_LP_CERTIFIED,1233.389303,1233.389303,True,True,5,2,51,51,0,0,0,0,0,51,51,True,21,21,0,,0,0,True,True,0,,0,,False,0,0.001996,LOCAL_NO_COLUMN_UNCERTIFIED,0.195905,0.101638,0.021735,0.021735,2088,117751,9809,275,197,117751,0,0,0,0,0.0,0.0,135,31,0,380,5,4,4,1,0,3,FINAL_JUDGE_CERTIFIED_NO_NEGATIVE,False,2088,0,False,True,0.307588,,False,False,"final_judge_call_count_lower,final_judge_wall_time_lower,time_to_first_addable_negative_available,worker_found_addable_negative,added_to_master_count_higher"
5-scale full,5,lunar_ice_sp50_005_009_seed679015,B1B_seeded_root_CG,B2B_R2_worker_before_final_judge,b2b_r2_lightweight_no_full_universe_enumeration,6,,False,BPC_GAP_AVAILABLE,BPC_NODE_LP_CERTIFIED,CERTIFIED_NO_NEGATIVE,True,b2b_r2_true_dual_final_judge_closure,BPC_NODE_LP_CERTIFIED,1513.217855,1513.217855,True,True,4,1,46,46,0,0,0,0,0,46,46,True,21,21,0,,0,0,True,True,0,,0,,False,0,0.001385,FOUND_NEGATIVE,0.23628,0.054885,0.017518,0.017518,1353,167325,3826,214,138,167325,0,0,0,0,0.0,0.0,79,28,0,356,4,4,4,0,0,3,FINAL_JUDGE_CERTIFIED_NO_NEGATIVE,False,1353,0,False,True,0.299194,,False,False,"final_judge_call_count_lower,final_judge_wall_time_lower,time_to_first_addable_negative_available,worker_found_addable_negative,added_to_master_count_higher"
5-scale full,5,lunar_ice_sp50_005_012_seed679018,B1B_seeded_root_CG,B2B_R2_worker_before_final_judge,b2b_r2_lightweight_no_full_universe_enumeration,6,,False,BPC_GAP_AVAILABLE,BPC_NODE_LP_CERTIFIED,CERTIFIED_NO_NEGATIVE,True,b2b_r2_true_dual_final_judge_closure,BPC_NODE_LP_CERTIFIED,1431.520203,1431.520203,True,True,6,2,39,39,0,0,0,0,0,39,39,True,19,19,0,,0,0,True,True,0,,0,,False,0,0.002692,LOCAL_NO_COLUMN_UNCERTIFIED,0.424612,0.14339,0.033812,0.033812,2663,263977,13611,339,230,263977,0,0,0,0,0.0,0.0,168,31,0,401,6,5,5,1,0,4,FINAL_JUDGE_CERTIFIED_NO_NEGATIVE,False,2663,0,False,True,0.585388,,False,False,"final_judge_call_count_lower,final_judge_wall_time_lower,time_to_first_addable_negative_available,worker_found_addable_negative"
5-scale full,5,lunar_ice_sp50_005_010_seed679016,B1B_seeded_root_CG,B2B_R2_worker_before_final_judge,b2b_r2_lightweight_no_full_universe_enumeration,6,,False,BPC_GAP_AVAILABLE,BPC_NODE_LP_CERTIFIED,CERTIFIED_NO_NEGATIVE,True,b2b_r2_true_dual_final_judge_closure,BPC_NODE_LP_CERTIFIED,1340.689732,1340.689732,True,True,6,2,36,36,0,0,0,0,0,36,36,True,18,18,0,,0,0,True,True,0,,0,,False,0,0.002315,LOCAL_NO_COLUMN_UNCERTIFIED,0.287416,0.093694,0.020104,0.020104,2287,199708,11444,339,230,199708,0,0,0,0,0.0,0.0,168,31,0,343,6,5,5,1,0,4,FINAL_JUDGE_CERTIFIED_NO_NEGATIVE,False,2287,0,False,True,0.394091,,False,False,"final_judge_call_count_lower,final_judge_wall_time_lower,time_to_first_addable_negative_available,worker_found_addable_negative"
5-scale full,5,lunar_ice_sp50_005_011_seed679017,B1B_seeded_root_CG,B2B_R2_worker_before_final_judge,b2b_r2_lightweight_no_full_universe_enumeration,6,,False,BPC_GAP_AVAILABLE,BPC_NODE_LP_CERTIFIED,CERTIFIED_NO_NEGATIVE,True,b2b_r2_true_dual_final_judge_closure,BPC_NODE_LP_CERTIFIED,1432.954994,1432.954994,True,True,5,2,41,41,0,0,0,0,0,41,41,True,20,20,0,,0,0,True,True,0,,0,,False,0,0.003497,LOCAL_NO_COLUMN_UNCERTIFIED,0.38802,0.129631,0.025275,0.025275,2417,346417,9066,281,200,346417,0,0,0,0,0.0,0.0,138,31,0,420,5,4,4,1,0,3,FINAL_JUDGE_CERTIFIED_NO_NEGATIVE,False,2417,0,False,True,0.529203,,False,False,"final_judge_call_count_lower,final_judge_wall_time_lower,time_to_first_addable_negative_available,worker_found_addable_negative"
5-scale full,5,lunar_ice_sp50_005_013_seed679019,B1B_seeded_root_CG,B2B_R2_worker_before_final_judge,b2b_r2_lightweight_no_full_universe_enumeration,6,,False,BPC_GAP_AVAILABLE,BPC_NODE_LP_CERTIFIED,CERTIFIED_NO_NEGATIVE,True,b2b_r2_true_dual_final_judge_closure,BPC_NODE_LP_CERTIFIED,1573.234918,1573.234918,True,True,6,2,30,30,0,0,0,0,0,30,30,True,15,15,0,,0,0,True,True,0,,0,,False,0,0.001809,LOCAL_NO_COLUMN_UNCERTIFIED,0.357509,0.114212,0.023942,0.023942,2034,293676,12831,339,230,293676,0,0,0,0,0.0,0.0,168,31,0,307,6,5,5,1,0,4,FINAL_JUDGE_CERTIFIED_NO_NEGATIVE,False,2034,0,False,True,0.481016,,False,False,"final_judge_call_count_lower,final_judge_wall_time_lower,time_to_first_addable_negative_available,worker_found_addable_negative"
5-scale full,5,lunar_ice_sp50_005_014_seed679020,B1B_seeded_root_CG,B2B_R2_worker_before_final_judge,b2b_r2_lightweight_no_full_universe_enumeration,6,,False,BPC_GAP_AVAILABLE,BPC_NODE_LP_CERTIFIED,CERTIFIED_NO_NEGATIVE,True,b2b_r2_true_dual_final_judge_closure,BPC_NODE_LP_CERTIFIED,1544.987555,1544.987555,True,True,5,2,45,45,0,0,0,0,0,45,45,True,20,20,0,,0,0,True,True,0,,0,,False,0,0.001633,LOCAL_NO_COLUMN_UNCERTIFIED,0.354298,0.107312,0.021154,0.021154,2065,332114,7985,277,199,332114,0,0,0,0,0.0,0.0,137,31,0,366,5,4,4,1,0,3,FINAL_JUDGE_CERTIFIED_NO_NEGATIVE,False,2065,0,False,True,0.473105,,False,False,"final_judge_call_count_lower,final_judge_wall_time_lower,time_to_first_addable_negative_available,worker_found_addable_negative"
5-scale full,5,lunar_ice_sp50_005_015_seed679021,B1B_seeded_root_CG,B2B_R2_worker_before_final_judge,b2b_r2_lightweight_no_full_universe_enumeration,6,,False,BPC_GAP_AVAILABLE,BPC_NODE_LP_CERTIFIED,CERTIFIED_NO_NEGATIVE,True,b2b_r2_true_dual_final_judge_closure,BPC_NODE_LP_CERTIFIED,1529.573117,1529.573117,True,True,6,2,56,56,0,0,0,0,0,56,56,True,22,22,0,,0,0,True,True,0,,0,,False,0,0.002075,LOCAL_NO_COLUMN_UNCERTIFIED,0.202626,0.073553,0.012594,0.012594,1888,193301,6427,354,228,193301,0,0,0,0,0.0,0.0,166,31,0,291,6,5,5,1,0,4,FINAL_JUDGE_CERTIFIED_NO_NEGATIVE,False,1888,0,False,True,0.285675,,False,False,"final_judge_call_count_lower,final_judge_wall_time_lower,time_to_first_addable_negative_available,worker_found_addable_negative,added_to_master_count_higher"
5-scale full,5,lunar_ice_sp50_005_019_seed679025,B1B_seeded_root_CG,B2B_R2_worker_before_final_judge,b2b_r2_lightweight_no_full_universe_enumeration,6,,False,BPC_GAP_AVAILABLE,BPC_NODE_LP_CERTIFIED,CERTIFIED_NO_NEGATIVE,True,b2b_r2_true_dual_final_judge_closure,BPC_NODE_LP_CERTIFIED,1158.248056,1158.248056,True,True,6,2,40,40,0,0,0,0,0,40,40,True,20,20,0,,0,0,True,True,0,,0,,False,0,0.002406,LOCAL_NO_COLUMN_UNCERTIFIED,0.256707,0.086243,0.019631,0.019631,2523,192007,8561,339,230,192007,0,0,0,0,0.0,0.0,168,31,0,375,6,5,5,1,0,4,FINAL_JUDGE_CERTIFIED_NO_NEGATIVE,False,2523,0,False,True,0.352178,,False,False,"final_judge_call_count_lower,final_judge_wall_time_lower,time_to_first_addable_negative_available,worker_found_addable_negative"
5-scale full,5,lunar_ice_sp50_005_016_seed679062,B1B_seeded_root_CG,B2B_R2_worker_before_final_judge,b2b_r2_lightweight_no_full_universe_enumeration,6,,False,BPC_GAP_AVAILABLE,BPC_NODE_LP_CERTIFIED,CERTIFIED_NO_NEGATIVE,True,b2b_r2_true_dual_final_judge_closure,BPC_NODE_LP_CERTIFIED,1071.627935,1071.627935,True,True,6,2,47,47,0,0,0,0,0,47,47,True,21,21,0,,0,0,True,True,0,,0,,False,0,0.002341,LOCAL_NO_COLUMN_UNCERTIFIED,0.182625,0.077311,0.015915,0.015915,2433,101699,8606,339,229,101699,0,0,0,0,0.0,0.0,167,31,0,372,6,5,5,1,0,4,FINAL_JUDGE_CERTIFIED_NO_NEGATIVE,False,2433,0,False,True,0.269881,,False,False,"final_judge_call_count_lower,final_judge_wall_time_lower,time_to_first_addable_negative_available,worker_found_addable_negative"
5-scale full,5,lunar_ice_sp50_005_020_seed679026,B1B_seeded_root_CG,B2B_R2_worker_before_final_judge,b2b_r2_lightweight_no_full_universe_enumeration,6,,False,BPC_GAP_AVAILABLE,BPC_NODE_LP_CERTIFIED,CERTIFIED_NO_NEGATIVE,True,b2b_r2_true_dual_final_judge_closure,BPC_NODE_LP_CERTIFIED,1330.682244,1330.682244,True,True,6,2,44,44,0,0,0,0,0,44,44,True,21,21,0,,0,0,True,True,0,,0,,False,0,0.002498,LOCAL_NO_COLUMN_UNCERTIFIED,0.266536,0.08842,0.020554,0.020554,3194,175360,9545,339,230,175360,0,0,0,0,0.0,0.0,168,31,0,476,6,5,5,1,0,4,FINAL_JUDGE_CERTIFIED_NO_NEGATIVE,False,3194,0,False,True,0.365811,,False,False,"final_judge_call_count_lower,final_judge_wall_time_lower,time_to_first_addable_negative_available,worker_found_addable_negative"
5-scale full,5,lunar_ice_sp50_005_018_seed679064,B1B_seeded_root_CG,B2B_R2_worker_before_final_judge,b2b_r2_lightweight_no_full_universe_enumeration,6,,False,BPC_GAP_AVAILABLE,BPC_NODE_LP_CERTIFIED,CERTIFIED_NO_NEGATIVE,True,b2b_r2_true_dual_final_judge_closure,BPC_NODE_LP_CERTIFIED,956.173707,956.173707,True,True,6,2,41,41,0,0,0,0,0,41,41,True,19,19,0,,0,0,True,True,0,,0,,False,0,0.002441,LOCAL_NO_COLUMN_UNCERTIFIED,0.321711,0.105445,0.025638,0.025638,2227,197173,15510,339,230,197173,0,0,0,0,0.0,0.0,168,31,0,335,6,5,5,1,0,4,FINAL_JUDGE_CERTIFIED_NO_NEGATIVE,False,2227,0,False,True,0.437989,,False,False,"final_judge_call_count_lower,final_judge_wall_time_lower,time_to_first_addable_negative_available,worker_found_addable_negative,added_to_master_count_higher"
5-scale full,5,lunar_ice_sp50_005_017_seed679123,B1B_seeded_root_CG,B2B_R2_worker_before_final_judge,b2b_r2_lightweight_no_full_universe_enumeration,6,,False,BPC_GAP_AVAILABLE,BPC_NODE_LP_CERTIFIED,CERTIFIED_NO_NEGATIVE,True,b2b_r2_true_dual_final_judge_closure,BPC_NODE_LP_CERTIFIED,1255.420499,1255.420499,True,True,4,1,36,36,0,0,0,0,0,36,36,True,18,18,0,,0,0,True,True,0,,0,,False,0,0.001481,FOUND_NEGATIVE,0.316519,0.084858,0.036771,0.036771,3063,142306,7101,214,138,142306,0,0,0,0,0.0,0.0,79,28,0,823,4,4,4,0,0,3,FINAL_JUDGE_CERTIFIED_NO_NEGATIVE,False,3063,0,False,True,0.412628,,False,False,"final_judge_call_count_lower,final_judge_wall_time_lower,time_to_first_addable_negative_available,worker_found_addable_negative"
10-scale selected5,10,lunar_ice_sp50_010_004_seed729004,B1B_seeded_root_CG,B2B_R2_worker_before_final_judge,,0,,False,BPC_INCOMPLETE_PRICING,FEASIBLE_INCUMBENT_ONLY,INCOMPLETE_LIMIT,False,,,,,False,,0,0,0,0,0,0,0,0,0,0,0,True,0,0,0,,0,0,,,0,,0,,False,0,,,,,,,0,0,0,0,0,0,0,0,0,0,,,0,0,0,0,0,0,0,0,0,0,ROW_TIME_LIMIT,False,0,0,False,False,10.0,row_time_limit_sec=10.0 exceeded at max_direct_tasks=10,False,False,
10-scale selected5,10,lunar_ice_sp50_010_002_seed729002,B1B_seeded_root_CG,B2B_R2_worker_before_final_judge,,0,,False,BPC_INCOMPLETE_PRICING,FEASIBLE_INCUMBENT_ONLY,INCOMPLETE_LIMIT,False,,,,,False,,0,0,0,0,0,0,0,0,0,0,0,True,0,0,0,,0,0,,,0,,0,,False,0,,,,,,,0,0,0,0,0,0,0,0,0,0,,,0,0,0,0,0,0,0,0,0,0,ROW_TIME_LIMIT,False,0,0,False,False,10.0,row_time_limit_sec=10.0 exceeded at max_direct_tasks=10,False,False,
10-scale selected5,10,lunar_ice_sp50_010_001_seed729001,B1B_seeded_root_CG,B2B_R2_worker_before_final_judge,,0,,False,BPC_INCOMPLETE_PRICING,FEASIBLE_INCUMBENT_ONLY,INCOMPLETE_LIMIT,False,,,,,False,,0,0,0,0,0,0,0,0,0,0,0,True,0,0,0,,0,0,,,0,,0,,False,0,,,,,,,0,0,0,0,0,0,0,0,0,0,,,0,0,0,0,0,0,0,0,0,0,ROW_TIME_LIMIT,False,0,0,False,False,10.0,row_time_limit_sec=10.0 exceeded at max_direct_tasks=10,False,False,
10-scale selected5,10,lunar_ice_sp50_010_007_seed729007,B1B_seeded_root_CG,B2B_R2_worker_before_final_judge,,0,,False,BPC_INCOMPLETE_PRICING,FEASIBLE_INCUMBENT_ONLY,INCOMPLETE_LIMIT,False,,,,,False,,0,0,0,0,0,0,0,0,0,0,0,True,0,0,0,,0,0,,,0,,0,,False,0,,,,,,,0,0,0,0,0,0,0,0,0,0,,,0,0,0,0,0,0,0,0,0,0,ROW_TIME_LIMIT,False,0,0,False,False,10.0,row_time_limit_sec=10.0 exceeded at max_direct_tasks=10,False,False,
10-scale selected5,10,lunar_ice_sp50_010_003_seed729023,B1B_seeded_root_CG,B2B_R2_worker_before_final_judge,,0,,False,BPC_INCOMPLETE_PRICING,FEASIBLE_INCUMBENT_ONLY,INCOMPLETE_LIMIT,False,,,,,False,,0,0,0,0,0,0,0,0,0,0,0,True,0,0,0,,0,0,,,0,,0,,False,0,,,,,,,0,0,0,0,0,0,0,0,0,0,,,0,0,0,0,0,0,0,0,0,0,ROW_TIME_LIMIT,False,0,0,False,False,10.0,row_time_limit_sec=10.0 exceeded at max_direct_tasks=10,False,False,
20-scale fail-closed guard,20,lunar_ice_sp50_020_004_seed829004,B1B_seeded_root_CG,B2B_R2_worker_before_final_judge,,0,0,False,BPC_INCOMPLETE_PRICING,FEASIBLE_INCUMBENT_ONLY,INCOMPLETE_LIMIT,False,,,,,False,,0,0,0,0,0,0,0,0,0,0,0,True,0,0,0,,0,0,False,False,0,,0,,False,0,0.0,,0.0,0.0,,,0,0,0,0,0,0,0,0,0,0,0.0,0.0,0,0,0,0,0,0,0,0,0,0,,False,0,0,False,False,0.000692,task_count=20 exceeds B2 max_direct_tasks=10,False,False,final_judge_wall_time_lower
20-scale fail-closed guard,20,lunar_ice_sp50_020_002_seed829002,B1B_seeded_root_CG,B2B_R2_worker_before_final_judge,,0,0,False,BPC_INCOMPLETE_PRICING,FEASIBLE_INCUMBENT_ONLY,INCOMPLETE_LIMIT,False,,,,,False,,0,0,0,0,0,0,0,0,0,0,0,True,0,0,0,,0,0,False,False,0,,0,,False,0,0.0,,0.0,0.0,,,0,0,0,0,0,0,0,0,0,0,0.0,0.0,0,0,0,0,0,0,0,0,0,0,,False,0,0,False,False,0.000618,task_count=20 exceeds B2 max_direct_tasks=10,False,False,final_judge_wall_time_lower
20-scale fail-closed guard,20,lunar_ice_sp50_020_001_seed829001,B1B_seeded_root_CG,B2B_R2_worker_before_final_judge,,0,0,False,BPC_INCOMPLETE_PRICING,FEASIBLE_INCUMBENT_ONLY,INCOMPLETE_LIMIT,False,,,,,False,,0,0,0,0,0,0,0,0,0,0,0,True,0,0,0,,0,0,False,False,0,,0,,False,0,0.0,,0.0,0.0,,,0,0,0,0,0,0,0,0,0,0,0.0,0.0,0,0,0,0,0,0,0,0,0,0,,False,0,0,False,False,0.000622,task_count=20 exceeds B2 max_direct_tasks=10,False,False,"wall_time_lower,final_judge_wall_time_lower"
20-scale fail-closed guard,20,lunar_ice_sp50_020_003_seed829003,B1B_seeded_root_CG,B2B_R2_worker_before_final_judge,,0,0,False,BPC_INCOMPLETE_PRICING,FEASIBLE_INCUMBENT_ONLY,INCOMPLETE_LIMIT,False,,,,,False,,0,0,0,0,0,0,0,0,0,0,0,True,0,0,0,,0,0,False,False,0,,0,,False,0,0.0,,0.0,0.0,,,0,0,0,0,0,0,0,0,0,0,0.0,0.0,0,0,0,0,0,0,0,0,0,0,,False,0,0,False,False,0.000687,task_count=20 exceeds B2 max_direct_tasks=10,False,False,"wall_time_lower,final_judge_wall_time_lower"
20-scale fail-closed guard,20,lunar_ice_sp50_020_005_seed829005,B1B_seeded_root_CG,B2B_R2_worker_before_final_judge,,0,0,False,BPC_INCOMPLETE_PRICING,FEASIBLE_INCUMBENT_ONLY,INCOMPLETE_LIMIT,False,,,,,False,,0,0,0,0,0,0,0,0,0,0,0,True,0,0,0,,0,0,False,False,0,,0,,False,0,0.0,,0.0,0.0,,,0,0,0,0,0,0,0,0,0,0,0.0,0.0,0,0,0,0,0,0,0,0,0,0,,False,0,0,False,False,0.00067,task_count=20 exceeds B2 max_direct_tasks=10,False,False,final_judge_wall_time_lower
20-scale fail-closed guard,20,lunar_ice_sp50_020_008_seed829008,B1B_seeded_root_CG,B2B_R2_worker_before_final_judge,,0,0,False,BPC_INCOMPLETE_PRICING,FEASIBLE_INCUMBENT_ONLY,INCOMPLETE_LIMIT,False,,,,,False,,0,0,0,0,0,0,0,0,0,0,0,True,0,0,0,,0,0,False,False,0,,0,,False,0,0.0,,0.0,0.0,,,0,0,0,0,0,0,0,0,0,0,0.0,0.0,0,0,0,0,0,0,0,0,0,0,,False,0,0,False,False,0.000782,task_count=20 exceeds B2 max_direct_tasks=10,False,False,final_judge_wall_time_lower
20-scale fail-closed guard,20,lunar_ice_sp50_020_006_seed829006,B1B_seeded_root_CG,B2B_R2_worker_before_final_judge,,0,0,False,BPC_INCOMPLETE_PRICING,FEASIBLE_INCUMBENT_ONLY,INCOMPLETE_LIMIT,False,,,,,False,,0,0,0,0,0,0,0,0,0,0,0,True,0,0,0,,0,0,False,False,0,,0,,False,0,0.0,,0.0,0.0,,,0,0,0,0,0,0,0,0,0,0,0.0,0.0,0,0,0,0,0,0,0,0,0,0,,False,0,0,False,False,0.000839,task_count=20 exceeds B2 max_direct_tasks=10,False,False,final_judge_wall_time_lower
20-scale fail-closed guard,20,lunar_ice_sp50_020_009_seed829009,B1B_seeded_root_CG,B2B_R2_worker_before_final_judge,,0,0,False,BPC_INCOMPLETE_PRICING,FEASIBLE_INCUMBENT_ONLY,INCOMPLETE_LIMIT,False,,,,,False,,0,0,0,0,0,0,0,0,0,0,0,True,0,0,0,,0,0,False,False,0,,0,,False,0,0.0,,0.0,0.0,,,0,0,0,0,0,0,0,0,0,0,0.0,0.0,0,0,0,0,0,0,0,0,0,0,,False,0,0,False,False,0.000696,task_count=20 exceeds B2 max_direct_tasks=10,False,False,final_judge_wall_time_lower
20-scale fail-closed guard,20,lunar_ice_sp50_020_010_seed829010,B1B_seeded_root_CG,B2B_R2_worker_before_final_judge,,0,0,False,BPC_INCOMPLETE_PRICING,FEASIBLE_INCUMBENT_ONLY,INCOMPLETE_LIMIT,False,,,,,False,,0,0,0,0,0,0,0,0,0,0,0,True,0,0,0,,0,0,False,False,0,,0,,False,0,0.0,,0.0,0.0,,,0,0,0,0,0,0,0,0,0,0,0.0,0.0,0,0,0,0,0,0,0,0,0,0,,False,0,0,False,False,0.002503,task_count=20 exceeds B2 max_direct_tasks=10,False,False,final_judge_wall_time_lower
20-scale fail-closed guard,20,lunar_ice_sp50_020_007_seed829027,B1B_seeded_root_CG,B2B_R2_worker_before_final_judge,,0,0,False,BPC_INCOMPLETE_PRICING,FEASIBLE_INCUMBENT_ONLY,INCOMPLETE_LIMIT,False,,,,,False,,0,0,0,0,0,0,0,0,0,0,0,True,0,0,0,,0,0,False,False,0,,0,,False,0,0.0,,0.0,0.0,,,0,0,0,0,0,0,0,0,0,0,0.0,0.0,0,0,0,0,0,0,0,0,0,0,,False,0,0,False,False,0.000588,task_count=20 exceeds B2 max_direct_tasks=10,False,False,"wall_time_lower,final_judge_wall_time_lower"
20-scale fail-closed guard,20,lunar_ice_sp50_020_011_seed829011,B1B_seeded_root_CG,B2B_R2_worker_before_final_judge,,0,0,False,BPC_INCOMPLETE_PRICING,FEASIBLE_INCUMBENT_ONLY,INCOMPLETE_LIMIT,False,,,,,False,,0,0,0,0,0,0,0,0,0,0,0,True,0,0,0,,0,0,False,False,0,,0,,False,0,0.0,,0.0,0.0,,,0,0,0,0,0,0,0,0,0,0,0.0,0.0,0,0,0,0,0,0,0,0,0,0,,False,0,0,False,False,0.000695,task_count=20 exceeds B2 max_direct_tasks=10,False,False,final_judge_wall_time_lower
20-scale fail-closed guard,20,lunar_ice_sp50_020_012_seed829012,B1B_seeded_root_CG,B2B_R2_worker_before_final_judge,,0,0,False,BPC_INCOMPLETE_PRICING,FEASIBLE_INCUMBENT_ONLY,INCOMPLETE_LIMIT,False,,,,,False,,0,0,0,0,0,0,0,0,0,0,0,True,0,0,0,,0,0,False,False,0,,0,,False,0,0.0,,0.0,0.0,,,0,0,0,0,0,0,0,0,0,0,0.0,0.0,0,0,0,0,0,0,0,0,0,0,,False,0,0,False,False,0.000825,task_count=20 exceeds B2 max_direct_tasks=10,False,False,final_judge_wall_time_lower
20-scale fail-closed guard,20,lunar_ice_sp50_020_013_seed829013,B1B_seeded_root_CG,B2B_R2_worker_before_final_judge,,0,0,False,BPC_INCOMPLETE_PRICING,FEASIBLE_INCUMBENT_ONLY,INCOMPLETE_LIMIT,False,,,,,False,,0,0,0,0,0,0,0,0,0,0,0,True,0,0,0,,0,0,False,False,0,,0,,False,0,0.0,,0.0,0.0,,,0,0,0,0,0,0,0,0,0,0,0.0,0.0,0,0,0,0,0,0,0,0,0,0,,False,0,0,False,False,0.000608,task_count=20 exceeds B2 max_direct_tasks=10,False,False,"wall_time_lower,final_judge_wall_time_lower"
20-scale fail-closed guard,20,lunar_ice_sp50_020_014_seed829014,B1B_seeded_root_CG,B2B_R2_worker_before_final_judge,,0,0,False,BPC_INCOMPLETE_PRICING,FEASIBLE_INCUMBENT_ONLY,INCOMPLETE_LIMIT,False,,,,,False,,0,0,0,0,0,0,0,0,0,0,0,True,0,0,0,,0,0,False,False,0,,0,,False,0,0.0,,0.0,0.0,,,0,0,0,0,0,0,0,0,0,0,0.0,0.0,0,0,0,0,0,0,0,0,0,0,,False,0,0,False,False,0.000611,task_count=20 exceeds B2 max_direct_tasks=10,False,False,final_judge_wall_time_lower
20-scale fail-closed guard,20,lunar_ice_sp50_020_015_seed829015,B1B_seeded_root_CG,B2B_R2_worker_before_final_judge,,0,0,False,BPC_INCOMPLETE_PRICING,FEASIBLE_INCUMBENT_ONLY,INCOMPLETE_LIMIT,False,,,,,False,,0,0,0,0,0,0,0,0,0,0,0,True,0,0,0,,0,0,False,False,0,,0,,False,0,0.0,,0.0,0.0,,,0,0,0,0,0,0,0,0,0,0,0.0,0.0,0,0,0,0,0,0,0,0,0,0,,False,0,0,False,False,0.000882,task_count=20 exceeds B2 max_direct_tasks=10,False,False,final_judge_wall_time_lower
20-scale fail-closed guard,20,lunar_ice_sp50_020_016_seed829016,B1B_seeded_root_CG,B2B_R2_worker_before_final_judge,,0,0,False,BPC_INCOMPLETE_PRICING,FEASIBLE_INCUMBENT_ONLY,INCOMPLETE_LIMIT,False,,,,,False,,0,0,0,0,0,0,0,0,0,0,0,True,0,0,0,,0,0,False,False,0,,0,,False,0,0.0,,0.0,0.0,,,0,0,0,0,0,0,0,0,0,0,0.0,0.0,0,0,0,0,0,0,0,0,0,0,,False,0,0,False,False,0.000869,task_count=20 exceeds B2 max_direct_tasks=10,False,False,final_judge_wall_time_lower
20-scale fail-closed guard,20,lunar_ice_sp50_020_017_seed829017,B1B_seeded_root_CG,B2B_R2_worker_before_final_judge,,0,0,False,BPC_INCOMPLETE_PRICING,FEASIBLE_INCUMBENT_ONLY,INCOMPLETE_LIMIT,False,,,,,False,,0,0,0,0,0,0,0,0,0,0,0,True,0,0,0,,0,0,False,False,0,,0,,False,0,0.0,,0.0,0.0,,,0,0,0,0,0,0,0,0,0,0,0.0,0.0,0,0,0,0,0,0,0,0,0,0,,False,0,0,False,False,0.000642,task_count=20 exceeds B2 max_direct_tasks=10,False,False,final_judge_wall_time_lower
20-scale fail-closed guard,20,lunar_ice_sp50_020_018_seed829018,B1B_seeded_root_CG,B2B_R2_worker_before_final_judge,,0,0,False,BPC_INCOMPLETE_PRICING,FEASIBLE_INCUMBENT_ONLY,INCOMPLETE_LIMIT,False,,,,,False,,0,0,0,0,0,0,0,0,0,0,0,True,0,0,0,,0,0,False,False,0,,0,,False,0,0.0,,0.0,0.0,,,0,0,0,0,0,0,0,0,0,0,0.0,0.0,0,0,0,0,0,0,0,0,0,0,,False,0,0,False,False,0.000678,task_count=20 exceeds B2 max_direct_tasks=10,False,False,final_judge_wall_time_lower
20-scale fail-closed guard,20,lunar_ice_sp50_020_019_seed829019,B1B_seeded_root_CG,B2B_R2_worker_before_final_judge,,0,0,False,BPC_INCOMPLETE_PRICING,FEASIBLE_INCUMBENT_ONLY,INCOMPLETE_LIMIT,False,,,,,False,,0,0,0,0,0,0,0,0,0,0,0,True,0,0,0,,0,0,False,False,0,,0,,False,0,0.0,,0.0,0.0,,,0,0,0,0,0,0,0,0,0,0,0.0,0.0,0,0,0,0,0,0,0,0,0,0,,False,0,0,False,False,0.000699,task_count=20 exceeds B2 max_direct_tasks=10,False,False,"wall_time_lower,final_judge_wall_time_lower"
20-scale fail-closed guard,20,lunar_ice_sp50_020_020_seed829020,B1B_seeded_root_CG,B2B_R2_worker_before_final_judge,,0,0,False,BPC_INCOMPLETE_PRICING,FEASIBLE_INCUMBENT_ONLY,INCOMPLETE_LIMIT,False,,,,,False,,0,0,0,0,0,0,0,0,0,0,0,True,0,0,0,,0,0,False,False,0,,0,,False,0,0.0,,0.0,0.0,,,0,0,0,0,0,0,0,0,0,0,0.0,0.0,0,0,0,0,0,0,0,0,0,0,,False,0,0,False,False,0.000716,task_count=20 exceeds B2 max_direct_tasks=10,False,False,final_judge_wall_time_lower
30-scale fail-closed diagnostic,30,lunar_ice_sp50_030_001_seed929001,B1B_seeded_root_CG,B2B_R2_worker_before_final_judge,,0,0,False,BPC_INCOMPLETE_PRICING,FEASIBLE_INCUMBENT_ONLY,INCOMPLETE_LIMIT,False,,,,,False,,0,0,0,0,0,0,0,0,0,0,0,True,0,0,0,,0,0,False,False,0,,0,,False,0,0.0,,0.0,0.0,,,0,0,0,0,0,0,0,0,0,0,0.0,0.0,0,0,0,0,0,0,0,0,0,0,,False,0,0,False,False,0.00183,task_count=30 exceeds B2 max_direct_tasks=10,False,False,final_judge_wall_time_lower
30-scale fail-closed diagnostic,30,lunar_ice_sp50_030_004_seed929004,B1B_seeded_root_CG,B2B_R2_worker_before_final_judge,,0,0,False,BPC_INCOMPLETE_PRICING,FEASIBLE_INCUMBENT_ONLY,INCOMPLETE_LIMIT,False,,,,,False,,0,0,0,0,0,0,0,0,0,0,0,True,0,0,0,,0,0,False,False,0,,0,,False,0,0.0,,0.0,0.0,,,0,0,0,0,0,0,0,0,0,0,0.0,0.0,0,0,0,0,0,0,0,0,0,0,,False,0,0,False,False,0.001382,task_count=30 exceeds B2 max_direct_tasks=10,False,False,final_judge_wall_time_lower
30-scale fail-closed diagnostic,30,lunar_ice_sp50_030_002_seed929002,B1B_seeded_root_CG,B2B_R2_worker_before_final_judge,,0,0,False,BPC_INCOMPLETE_PRICING,FEASIBLE_INCUMBENT_ONLY,INCOMPLETE_LIMIT,False,,,,,False,,0,0,0,0,0,0,0,0,0,0,0,True,0,0,0,,0,0,False,False,0,,0,,False,0,0.0,,0.0,0.0,,,0,0,0,0,0,0,0,0,0,0,0.0,0.0,0,0,0,0,0,0,0,0,0,0,,False,0,0,False,False,0.001637,task_count=30 exceeds B2 max_direct_tasks=10,False,False,"wall_time_lower,final_judge_wall_time_lower"
30-scale fail-closed diagnostic,30,lunar_ice_sp50_030_003_seed929003,B1B_seeded_root_CG,B2B_R2_worker_before_final_judge,,0,0,False,BPC_INCOMPLETE_PRICING,FEASIBLE_INCUMBENT_ONLY,INCOMPLETE_LIMIT,False,,,,,False,,0,0,0,0,0,0,0,0,0,0,0,True,0,0,0,,0,0,False,False,0,,0,,False,0,0.0,,0.0,0.0,,,0,0,0,0,0,0,0,0,0,0,0.0,0.0,0,0,0,0,0,0,0,0,0,0,,False,0,0,False,False,0.001774,task_count=30 exceeds B2 max_direct_tasks=10,False,False,final_judge_wall_time_lower
30-scale fail-closed diagnostic,30,lunar_ice_sp50_030_006_seed929006,B1B_seeded_root_CG,B2B_R2_worker_before_final_judge,,0,0,False,BPC_INCOMPLETE_PRICING,FEASIBLE_INCUMBENT_ONLY,INCOMPLETE_LIMIT,False,,,,,False,,0,0,0,0,0,0,0,0,0,0,0,True,0,0,0,,0,0,False,False,0,,0,,False,0,0.0,,0.0,0.0,,,0,0,0,0,0,0,0,0,0,0,0.0,0.0,0,0,0,0,0,0,0,0,0,0,,False,0,0,False,False,0.003734,task_count=30 exceeds B2 max_direct_tasks=10,False,False,final_judge_wall_time_lower
30-scale fail-closed diagnostic,30,lunar_ice_sp50_030_008_seed929008,B1B_seeded_root_CG,B2B_R2_worker_before_final_judge,,0,0,False,BPC_INCOMPLETE_PRICING,FEASIBLE_INCUMBENT_ONLY,INCOMPLETE_LIMIT,False,,,,,False,,0,0,0,0,0,0,0,0,0,0,0,True,0,0,0,,0,0,False,False,0,,0,,False,0,0.0,,0.0,0.0,,,0,0,0,0,0,0,0,0,0,0,0.0,0.0,0,0,0,0,0,0,0,0,0,0,,False,0,0,False,False,0.001447,task_count=30 exceeds B2 max_direct_tasks=10,False,False,final_judge_wall_time_lower
30-scale fail-closed diagnostic,30,lunar_ice_sp50_030_005_seed929005,B1B_seeded_root_CG,B2B_R2_worker_before_final_judge,,0,0,False,BPC_INCOMPLETE_PRICING,FEASIBLE_INCUMBENT_ONLY,INCOMPLETE_LIMIT,False,,,,,False,,0,0,0,0,0,0,0,0,0,0,0,True,0,0,0,,0,0,False,False,0,,0,,False,0,0.0,,0.0,0.0,,,0,0,0,0,0,0,0,0,0,0,0.0,0.0,0,0,0,0,0,0,0,0,0,0,,False,0,0,False,False,0.001781,task_count=30 exceeds B2 max_direct_tasks=10,False,False,final_judge_wall_time_lower
30-scale fail-closed diagnostic,30,lunar_ice_sp50_030_007_seed929007,B1B_seeded_root_CG,B2B_R2_worker_before_final_judge,,0,0,False,BPC_INCOMPLETE_PRICING,FEASIBLE_INCUMBENT_ONLY,INCOMPLETE_LIMIT,False,,,,,False,,0,0,0,0,0,0,0,0,0,0,0,True,0,0,0,,0,0,False,False,0,,0,,False,0,0.0,,0.0,0.0,,,0,0,0,0,0,0,0,0,0,0,0.0,0.0,0,0,0,0,0,0,0,0,0,0,,False,0,0,False,False,0.00139,task_count=30 exceeds B2 max_direct_tasks=10,False,False,"wall_time_lower,final_judge_wall_time_lower"
30-scale fail-closed diagnostic,30,lunar_ice_sp50_030_009_seed929009,B1B_seeded_root_CG,B2B_R2_worker_before_final_judge,,0,0,False,BPC_INCOMPLETE_PRICING,FEASIBLE_INCUMBENT_ONLY,INCOMPLETE_LIMIT,False,,,,,False,,0,0,0,0,0,0,0,0,0,0,0,True,0,0,0,,0,0,False,False,0,,0,,False,0,0.0,,0.0,0.0,,,0,0,0,0,0,0,0,0,0,0,0.0,0.0,0,0,0,0,0,0,0,0,0,0,,False,0,0,False,False,0.001474,task_count=30 exceeds B2 max_direct_tasks=10,False,False,final_judge_wall_time_lower
30-scale fail-closed diagnostic,30,lunar_ice_sp50_030_011_seed929011,B1B_seeded_root_CG,B2B_R2_worker_before_final_judge,,0,0,False,BPC_INCOMPLETE_PRICING,FEASIBLE_INCUMBENT_ONLY,INCOMPLETE_LIMIT,False,,,,,False,,0,0,0,0,0,0,0,0,0,0,0,True,0,0,0,,0,0,False,False,0,,0,,False,0,0.0,,0.0,0.0,,,0,0,0,0,0,0,0,0,0,0,0.0,0.0,0,0,0,0,0,0,0,0,0,0,,False,0,0,False,False,0.001515,task_count=30 exceeds B2 max_direct_tasks=10,False,False,"wall_time_lower,final_judge_wall_time_lower"
30-scale fail-closed diagnostic,30,lunar_ice_sp50_030_010_seed929010,B1B_seeded_root_CG,B2B_R2_worker_before_final_judge,,0,0,False,BPC_INCOMPLETE_PRICING,FEASIBLE_INCUMBENT_ONLY,INCOMPLETE_LIMIT,False,,,,,False,,0,0,0,0,0,0,0,0,0,0,0,True,0,0,0,,0,0,False,False,0,,0,,False,0,0.0,,0.0,0.0,,,0,0,0,0,0,0,0,0,0,0,0.0,0.0,0,0,0,0,0,0,0,0,0,0,,False,0,0,False,False,0.001508,task_count=30 exceeds B2 max_direct_tasks=10,False,False,"wall_time_lower,final_judge_wall_time_lower"
30-scale fail-closed diagnostic,30,lunar_ice_sp50_030_012_seed929012,B1B_seeded_root_CG,B2B_R2_worker_before_final_judge,,0,0,False,BPC_INCOMPLETE_PRICING,FEASIBLE_INCUMBENT_ONLY,INCOMPLETE_LIMIT,False,,,,,False,,0,0,0,0,0,0,0,0,0,0,0,True,0,0,0,,0,0,False,False,0,,0,,False,0,0.0,,0.0,0.0,,,0,0,0,0,0,0,0,0,0,0,0.0,0.0,0,0,0,0,0,0,0,0,0,0,,False,0,0,False,False,0.00191,task_count=30 exceeds B2 max_direct_tasks=10,False,False,final_judge_wall_time_lower
30-scale fail-closed diagnostic,30,lunar_ice_sp50_030_013_seed929013,B1B_seeded_root_CG,B2B_R2_worker_before_final_judge,,0,0,False,BPC_INCOMPLETE_PRICING,FEASIBLE_INCUMBENT_ONLY,INCOMPLETE_LIMIT,False,,,,,False,,0,0,0,0,0,0,0,0,0,0,0,True,0,0,0,,0,0,False,False,0,,0,,False,0,0.0,,0.0,0.0,,,0,0,0,0,0,0,0,0,0,0,0.0,0.0,0,0,0,0,0,0,0,0,0,0,,False,0,0,False,False,0.001579,task_count=30 exceeds B2 max_direct_tasks=10,False,False,final_judge_wall_time_lower
30-scale fail-closed diagnostic,30,lunar_ice_sp50_030_014_seed929014,B1B_seeded_root_CG,B2B_R2_worker_before_final_judge,,0,0,False,BPC_INCOMPLETE_PRICING,FEASIBLE_INCUMBENT_ONLY,INCOMPLETE_LIMIT,False,,,,,False,,0,0,0,0,0,0,0,0,0,0,0,True,0,0,0,,0,0,False,False,0,,0,,False,0,0.0,,0.0,0.0,,,0,0,0,0,0,0,0,0,0,0,0.0,0.0,0,0,0,0,0,0,0,0,0,0,,False,0,0,False,False,0.001491,task_count=30 exceeds B2 max_direct_tasks=10,False,False,"wall_time_lower,final_judge_wall_time_lower"
30-scale fail-closed diagnostic,30,lunar_ice_sp50_030_016_seed929016,B1B_seeded_root_CG,B2B_R2_worker_before_final_judge,,0,0,False,BPC_INCOMPLETE_PRICING,FEASIBLE_INCUMBENT_ONLY,INCOMPLETE_LIMIT,False,,,,,False,,0,0,0,0,0,0,0,0,0,0,0,True,0,0,0,,0,0,False,False,0,,0,,False,0,0.0,,0.0,0.0,,,0,0,0,0,0,0,0,0,0,0,0.0,0.0,0,0,0,0,0,0,0,0,0,0,,False,0,0,False,False,0.001742,task_count=30 exceeds B2 max_direct_tasks=10,False,False,final_judge_wall_time_lower
30-scale fail-closed diagnostic,30,lunar_ice_sp50_030_015_seed929015,B1B_seeded_root_CG,B2B_R2_worker_before_final_judge,,0,0,False,BPC_INCOMPLETE_PRICING,FEASIBLE_INCUMBENT_ONLY,INCOMPLETE_LIMIT,False,,,,,False,,0,0,0,0,0,0,0,0,0,0,0,True,0,0,0,,0,0,False,False,0,,0,,False,0,0.0,,0.0,0.0,,,0,0,0,0,0,0,0,0,0,0,0.0,0.0,0,0,0,0,0,0,0,0,0,0,,False,0,0,False,False,0.00161,task_count=30 exceeds B2 max_direct_tasks=10,False,False,final_judge_wall_time_lower
30-scale fail-closed diagnostic,30,lunar_ice_sp50_030_017_seed929017,B1B_seeded_root_CG,B2B_R2_worker_before_final_judge,,0,0,False,BPC_INCOMPLETE_PRICING,FEASIBLE_INCUMBENT_ONLY,INCOMPLETE_LIMIT,False,,,,,False,,0,0,0,0,0,0,0,0,0,0,0,True,0,0,0,,0,0,False,False,0,,0,,False,0,0.0,,0.0,0.0,,,0,0,0,0,0,0,0,0,0,0,0.0,0.0,0,0,0,0,0,0,0,0,0,0,,False,0,0,False,False,0.001678,task_count=30 exceeds B2 max_direct_tasks=10,False,False,final_judge_wall_time_lower
30-scale fail-closed diagnostic,30,lunar_ice_sp50_030_019_seed929019,B1B_seeded_root_CG,B2B_R2_worker_before_final_judge,,0,0,False,BPC_INCOMPLETE_PRICING,FEASIBLE_INCUMBENT_ONLY,INCOMPLETE_LIMIT,False,,,,,False,,0,0,0,0,0,0,0,0,0,0,0,True,0,0,0,,0,0,False,False,0,,0,,False,0,0.0,,0.0,0.0,,,0,0,0,0,0,0,0,0,0,0,0.0,0.0,0,0,0,0,0,0,0,0,0,0,,False,0,0,False,False,0.00178,task_count=30 exceeds B2 max_direct_tasks=10,False,False,final_judge_wall_time_lower
30-scale fail-closed diagnostic,30,lunar_ice_sp50_030_020_seed929020,B1B_seeded_root_CG,B2B_R2_worker_before_final_judge,,0,0,False,BPC_INCOMPLETE_PRICING,FEASIBLE_INCUMBENT_ONLY,INCOMPLETE_LIMIT,False,,,,,False,,0,0,0,0,0,0,0,0,0,0,0,True,0,0,0,,0,0,False,False,0,,0,,False,0,0.0,,0.0,0.0,,,0,0,0,0,0,0,0,0,0,0,0.0,0.0,0,0,0,0,0,0,0,0,0,0,,False,0,0,False,False,0.001504,task_count=30 exceeds B2 max_direct_tasks=10,False,False,"wall_time_lower,final_judge_wall_time_lower"
30-scale fail-closed diagnostic,30,lunar_ice_sp50_030_018_seed929018,B1B_seeded_root_CG,B2B_R2_worker_before_final_judge,,0,0,False,BPC_INCOMPLETE_PRICING,FEASIBLE_INCUMBENT_ONLY,INCOMPLETE_LIMIT,False,,,,,False,,0,0,0,0,0,0,0,0,0,0,0,True,0,0,0,,0,0,False,False,0,,0,,False,0,0.0,,0.0,0.0,,,0,0,0,0,0,0,0,0,0,0,0.0,0.0,0,0,0,0,0,0,0,0,0,0,,False,0,0,False,False,0.001622,task_count=30 exceeds B2 max_direct_tasks=10,False,False,final_judge_wall_time_lower
20-scale selected direct20 probe,20,lunar_ice_sp50_020_004_seed829004,B1B_seeded_root_CG,B2B_R2_worker_before_final_judge,,0,,False,BPC_INCOMPLETE_PRICING,FEASIBLE_INCUMBENT_ONLY,INCOMPLETE_LIMIT,False,,,,,False,,0,0,0,0,0,0,0,0,0,0,0,True,0,0,0,,0,0,,,0,,0,,False,0,,,,,,,0,0,0,0,0,0,0,0,0,0,,,0,0,0,0,0,0,0,0,0,0,ROW_TIME_LIMIT,False,0,0,False,False,20.0,row_time_limit_sec=20.0 exceeded at max_direct_tasks=20,False,False,
20-scale selected direct20 probe,20,lunar_ice_sp50_020_002_seed829002,B1B_seeded_root_CG,B2B_R2_worker_before_final_judge,,0,,False,BPC_INCOMPLETE_PRICING,FEASIBLE_INCUMBENT_ONLY,INCOMPLETE_LIMIT,False,,,,,False,,0,0,0,0,0,0,0,0,0,0,0,True,0,0,0,,0,0,,,0,,0,,False,0,,,,,,,0,0,0,0,0,0,0,0,0,0,,,0,0,0,0,0,0,0,0,0,0,ROW_TIME_LIMIT,False,0,0,False,False,20.0,row_time_limit_sec=20.0 exceeded at max_direct_tasks=20,False,False,
20-scale selected direct20 probe,20,lunar_ice_sp50_020_001_seed829001,B1B_seeded_root_CG,B2B_R2_worker_before_final_judge,,0,,False,BPC_INCOMPLETE_PRICING,FEASIBLE_INCUMBENT_ONLY,INCOMPLETE_LIMIT,False,,,,,False,,0,0,0,0,0,0,0,0,0,0,0,True,0,0,0,,0,0,,,0,,0,,False,0,,,,,,,0,0,0,0,0,0,0,0,0,0,,,0,0,0,0,0,0,0,0,0,0,ROW_TIME_LIMIT,False,0,0,False,False,20.0,row_time_limit_sec=20.0 exceeded at max_direct_tasks=20,False,False,
20-scale selected direct20 probe,20,lunar_ice_sp50_020_003_seed829003,B1B_seeded_root_CG,B2B_R2_worker_before_final_judge,,0,,False,BPC_INCOMPLETE_PRICING,FEASIBLE_INCUMBENT_ONLY,INCOMPLETE_LIMIT,False,,,,,False,,0,0,0,0,0,0,0,0,0,0,0,True,0,0,0,,0,0,,,0,,0,,False,0,,,,,,,0,0,0,0,0,0,0,0,0,0,,,0,0,0,0,0,0,0,0,0,0,ROW_TIME_LIMIT,False,0,0,False,False,20.0,row_time_limit_sec=20.0 exceeded at max_direct_tasks=20,False,False,
20-scale selected direct20 probe,20,lunar_ice_sp50_020_005_seed829005,B1B_seeded_root_CG,B2B_R2_worker_before_final_judge,,0,,False,BPC_INCOMPLETE_PRICING,FEASIBLE_INCUMBENT_ONLY,INCOMPLETE_LIMIT,False,,,,,False,,0,0,0,0,0,0,0,0,0,0,0,True,0,0,0,,0,0,,,0,,0,,False,0,,,,,,,0,0,0,0,0,0,0,0,0,0,,,0,0,0,0,0,0,0,0,0,0,ROW_TIME_LIMIT,False,0,0,False,False,20.0,row_time_limit_sec=20.0 exceeded at max_direct_tasks=20,False,False,
