开始 clean BPC: instance=bench_20_06, tasks=20, vehicles=2, time_limit=3600s, max_nodes=100000, log=/home/kai/work/gnn_bb/branchpricecut/results/logs/20260522_restore_best_356s_10_all_20_01_05/bench_20_06.jsonl
[clean-BPC     0.01s] incumbent node 0: obj=261.707205
[clean-BPC     3.35s] incumbent node 0: obj=235.004178
[clean-BPC     3.35s] start: {'time': 3.352939, 'event': 'start', 'instance': 'bench_20_06', 'tasks': 20, 'vehicles': 2, 'initial_routes': 30, 'initial_incumbent': 235.004178, 'task_vehicle_linking_enabled': True, 'schedule_capacity_cuts_enabled': True, 'schedule_capacity_separation_enabled': False, 'schedule_pack_diagnostic_enabled': False, 'schedule_pack_relaxation_enabled': False, 'schedule_pack_full_pricing_enabled': False, 'schedule_pack_adaptive_enabled': False, 'route_enumeration_adaptive_enabled': False}
[clean-BPC     3.35s] node 0 d=0 lb=0.0 open=0
[clean-BPC     5.08s] node 0 cg=1 phase=phase1 obj=0.0 artificial=0.0 cols=30
[clean-BPC     5.09s] node 0 cg=2 phase=phase2 obj=235.004178 artificial=0.0 cols=30
[clean-BPC    10.14s] node 0 cg=2 phase=phase2 kind=heuristic best_rc=-27.139344 found=95887 added=600 exhausted=False cert=False
[clean-BPC    10.17s] node 0 cg=3 phase=phase2 obj=235.004178 artificial=0.0 cols=630
[clean-BPC    13.52s] node 0 cg=3 phase=phase2 kind=heuristic best_rc=-14.0417275 found=23885 added=600 exhausted=False cert=False
[clean-BPC    13.57s] node 0 cg=4 phase=phase2 obj=228.919792 artificial=0.0 cols=1230
[clean-BPC    16.40s] node 0 cg=4 phase=phase2 kind=heuristic best_rc=-5.837198333 found=962 added=600 exhausted=False cert=False
[clean-BPC    16.47s] node 0 cg=5 phase=phase2 obj=226.338127 artificial=0.0 cols=1830
[clean-BPC    19.35s] node 0 cg=5 phase=phase2 kind=heuristic best_rc=-2.680766667 found=140 added=140 exhausted=False cert=False
[clean-BPC    19.43s] node 0 cg=6 phase=phase2 obj=225.719982 artificial=0.0 cols=1970
[clean-BPC    22.29s] node 0 cg=6 phase=phase2 kind=heuristic best_rc=-0.444367 found=10 added=10 exhausted=False cert=False
[clean-BPC    22.38s] node 0 cg=7 phase=phase2 obj=225.719982 artificial=0.0 cols=1980
[clean-BPC    25.24s] node 0 cg=7 phase=phase2 kind=heuristic best_rc=-0.078774 found=2 added=2 exhausted=False cert=False
[clean-BPC    25.33s] node 0 cg=8 phase=phase2 obj=225.719982 artificial=0.0 cols=1982
[clean-BPC    28.17s] node 0 cg=8 phase=phase2 kind=heuristic best_rc=0.0 found=0 added=0 exhausted=False cert=False
[clean-BPC    34.43s] node 0 cg=8 phase=phase2 kind=exact best_rc=0.0 found=0 added=0 exhausted=True cert=True
[clean-BPC    35.71s] cut_added family=crossing_cut node=0 added=2 upgraded=0 first={'id': 0, 'tasks': [16, 17, 19, 20], 'demand': 10.0, 'capacity_bound': 2, 'resource_bound': 1, 'k_bound': 2, 'rhs': 4.0, 'source': 'capacity', 'violation': 0.666666667, 'action': 'add'}
[clean-BPC    35.81s] node 0 cg=9 phase=phase2 obj=226.056711 artificial=0.0 cols=1982
[clean-BPC    39.07s] node 0 cg=9 phase=phase2 kind=heuristic best_rc=-5.445142667 found=1069 added=600 exhausted=False cert=False
[clean-BPC    39.20s] node 0 cg=10 phase=phase2 obj=226.056711 artificial=0.0 cols=2582
[clean-BPC    42.55s] node 0 cg=10 phase=phase2 kind=heuristic best_rc=-0.200707667 found=4 added=4 exhausted=False cert=False
[clean-BPC    42.68s] node 0 cg=11 phase=phase2 obj=226.056711 artificial=0.0 cols=2586
[clean-BPC    46.05s] node 0 cg=11 phase=phase2 kind=heuristic best_rc=0.0 found=0 added=0 exhausted=False cert=False
[clean-BPC    54.50s] node 0 cg=11 phase=phase2 kind=exact best_rc=0.0 found=0 added=0 exhausted=True cert=True
[clean-BPC    55.16s] cut_added family=crossing_cut node=0 added=5 upgraded=0 first={'id': 2, 'tasks': [2, 5, 8, 14], 'demand': 12.0, 'capacity_bound': 2, 'resource_bound': 1, 'k_bound': 2, 'rhs': 4.0, 'source': 'capacity', 'violation': 0.666666667, 'action': 'add'}
[clean-BPC    55.32s] node 0 cg=12 phase=phase2 obj=226.363568 artificial=0.0 cols=2586
[clean-BPC    58.73s] node 0 cg=12 phase=phase2 kind=heuristic best_rc=-1.387888583 found=16 added=16 exhausted=False cert=False
[clean-BPC    58.89s] node 0 cg=13 phase=phase2 obj=226.347161 artificial=0.0 cols=2602
[clean-BPC    62.43s] node 0 cg=13 phase=phase2 kind=heuristic best_rc=-0.0 found=0 added=0 exhausted=False cert=False
[clean-BPC    71.18s] node 0 cg=13 phase=phase2 kind=exact best_rc=-0.0 found=0 added=0 exhausted=True cert=True
[clean-BPC    72.02s] cut_added family=crossing_cut node=0 added=6 upgraded=0 first={'id': 7, 'tasks': [2, 5, 7, 14], 'demand': 11.0, 'capacity_bound': 2, 'resource_bound': 1, 'k_bound': 2, 'rhs': 4.0, 'source': 'capacity', 'violation': 0.333333333, 'action': 'add'}
[clean-BPC    72.22s] node 0 cg=14 phase=phase2 obj=226.472968 artificial=0.0 cols=2602
[clean-BPC    76.16s] node 0 cg=14 phase=phase2 kind=heuristic best_rc=-0.0 found=0 added=0 exhausted=False cert=False
[clean-BPC    89.01s] node 0 cg=14 phase=phase2 kind=exact best_rc=-0.0 found=0 added=0 exhausted=True cert=True
[clean-BPC    89.01s] subset-row diag node 0 round=1 cand=164 k=2 dup=0 not_viol=325 violated=3 added=3 max_viol=0.16666666666666674
[clean-BPC    89.01s] cut_added family=subset_row node=0 added=3 first(|S|=5, k=3, viol=0.166666667)
[clean-BPC    89.23s] node 0 cg=15 phase=phase2 obj=226.707379 artificial=0.0 cols=2602
[clean-BPC    93.11s] node 0 cg=15 phase=phase2 kind=heuristic best_rc=-0.009133 found=2 added=2 exhausted=False cert=False
[clean-BPC    93.33s] node 0 cg=16 phase=phase2 obj=226.707379 artificial=0.0 cols=2604
[clean-BPC    97.29s] node 0 cg=16 phase=phase2 kind=heuristic best_rc=0.0 found=0 added=0 exhausted=False cert=False
[clean-BPC   108.61s] node 0 cg=16 phase=phase2 kind=exact best_rc=-0.0 found=0 added=0 exhausted=True cert=True
[clean-BPC   108.62s] subset-row diag node 0 round=2 cand=250 k=2 dup=2 not_viol=490 violated=8 added=8 max_viol=0.25
[clean-BPC   108.62s] cut_added family=subset_row node=0 added=8 first(|S|=5, k=3, viol=0.25)
[clean-BPC   108.87s] node 0 cg=17 phase=phase2 obj=226.929624 artificial=0.0 cols=2604
[clean-BPC   112.84s] node 0 cg=17 phase=phase2 kind=heuristic best_rc=-0.466952 found=4 added=4 exhausted=False cert=False
[clean-BPC   113.09s] node 0 cg=18 phase=phase2 obj=226.929624 artificial=0.0 cols=2608
[clean-BPC   117.13s] node 0 cg=18 phase=phase2 kind=heuristic best_rc=0.0 found=0 added=0 exhausted=False cert=False
[clean-BPC   129.51s] node 0 cg=18 phase=phase2 kind=exact best_rc=0.0 found=0 added=0 exhausted=True cert=True
[clean-BPC   129.52s] subset-row diag node 0 round=3 cand=209 k=2 dup=7 not_viol=399 violated=12 added=12 max_viol=0.07692307692307665
[clean-BPC   129.52s] cut_added family=subset_row node=0 added=12 first(|S|=7, k=2, viol=0.076923077)
[clean-BPC   129.84s] node 0 cg=19 phase=phase2 obj=226.969238 artificial=0.0 cols=2608
[clean-BPC   133.98s] node 0 cg=19 phase=phase2 kind=heuristic best_rc=-0.5470485 found=23 added=23 exhausted=False cert=False
[clean-BPC   134.29s] node 0 cg=20 phase=phase2 obj=226.969238 artificial=0.0 cols=2631
[clean-BPC   138.46s] node 0 cg=20 phase=phase2 kind=heuristic best_rc=-0.3505045 found=14 added=14 exhausted=False cert=False
[clean-BPC   138.78s] node 0 cg=21 phase=phase2 obj=226.969238 artificial=0.0 cols=2645
[clean-BPC   143.14s] node 0 cg=21 phase=phase2 kind=heuristic best_rc=-0.4241845 found=8 added=8 exhausted=False cert=False
[clean-BPC   143.46s] node 0 cg=22 phase=phase2 obj=226.969238 artificial=0.0 cols=2653
[clean-BPC   147.49s] node 0 cg=22 phase=phase2 kind=heuristic best_rc=-0.152847 found=4 added=4 exhausted=False cert=False
[clean-BPC   147.81s] node 0 cg=23 phase=phase2 obj=226.969238 artificial=0.0 cols=2657
[clean-BPC   151.98s] node 0 cg=23 phase=phase2 kind=heuristic best_rc=-0.0 found=0 added=0 exhausted=False cert=False
[clean-BPC   165.19s] node 0 cg=23 phase=phase2 kind=exact best_rc=-0.0 found=0 added=0 exhausted=True cert=True
[clean-BPC   165.23s] lm-rank1 diag node 0 round=1 cand=148 denom=2 patterns=3237 dup=0 not_viol=3150 violated=24 added=20 max_viol=0.25
[clean-BPC   165.23s] cut_added family=limited_memory_rank1 node=0 added=20 first(|S|=7, d=3, mem=[4, 9, 16, 19], viol=0.25)
[clean-BPC   165.70s] node 0 cg=24 phase=phase2 obj=227.082326 artificial=0.0 cols=2657
[clean-BPC   170.88s] node 0 cg=24 phase=phase2 kind=heuristic best_rc=-0.156612 found=4 added=4 exhausted=False cert=False
[clean-BPC   171.34s] node 0 cg=25 phase=phase2 obj=227.082326 artificial=0.0 cols=2661
[clean-BPC   176.66s] node 0 cg=25 phase=phase2 kind=heuristic best_rc=-0.0 found=0 added=0 exhausted=False cert=False
[clean-BPC   189.52s] node 0 cg=25 phase=phase2 kind=exact best_rc=-0.066892 found=2 added=2 exhausted=True cert=True
[clean-BPC   189.98s] node 0 cg=26 phase=phase2 obj=227.082326 artificial=0.0 cols=2663
[clean-BPC   195.25s] node 0 cg=26 phase=phase2 kind=heuristic best_rc=-0.0 found=0 added=0 exhausted=False cert=False
[clean-BPC   210.53s] node 0 cg=26 phase=phase2 kind=exact best_rc=-0.0 found=0 added=0 exhausted=True cert=True
[clean-BPC   210.54s] lm-rank1 diag node 0 round=2 cand=39 denom=2 patterns=821 dup=0 not_viol=798 violated=0 added=0 max_viol=0.0
[clean-BPC   210.54s] route-pack diag node 0 round=1 vehicles=2/2 support_max=5 cand=14 oracle=14 incomplete=0 not_tight=8 not_viol=0 dup=0 violated=6 added=5 max_viol=0.5 states_max=110
[clean-BPC   210.54s] cut_added family=schedule_route_set_packing node=0 added=5 first(vehicle=1, routes=5, U=4, y=0.5, viol=0.5, states=110)
[clean-BPC   211.02s] node 0 cg=27 phase=phase2 obj=227.082326 artificial=0.0 cols=2663
[clean-BPC   216.41s] node 0 cg=27 phase=phase2 kind=heuristic best_rc=-0.0 found=0 added=0 exhausted=False cert=False
[clean-BPC   235.65s] node 0 cg=27 phase=phase2 kind=exact best_rc=-0.078285 found=6 added=6 exhausted=True cert=True
[clean-BPC   236.14s] node 0 cg=28 phase=phase2 obj=227.082326 artificial=0.0 cols=2669
[clean-BPC   241.17s] node 0 cg=28 phase=phase2 kind=heuristic best_rc=-0.351421667 found=6 added=6 exhausted=False cert=False
[clean-BPC   241.63s] node 0 cg=29 phase=phase2 obj=227.082326 artificial=0.0 cols=2675
[clean-BPC   246.95s] node 0 cg=29 phase=phase2 kind=heuristic best_rc=0.0 found=0 added=0 exhausted=False cert=False
[clean-BPC   262.66s] node 0 cg=29 phase=phase2 kind=exact best_rc=-0.0 found=0 added=0 exhausted=True cert=True
[clean-BPC   262.67s] lm-rank1 diag node 0 round=3 cand=39 denom=2 patterns=821 dup=0 not_viol=798 violated=0 added=0 max_viol=0.0
[clean-BPC   262.67s] route-pack diag node 0 round=2 vehicles=2/2 support_max=5 cand=14 oracle=14 incomplete=0 not_tight=8 not_viol=0 dup=0 violated=6 added=5 max_viol=0.5 states_max=110
[clean-BPC   262.67s] cut_added family=schedule_route_set_packing node=0 added=5 first(vehicle=1, routes=5, U=4, y=0.5, viol=0.5, states=98)
[clean-BPC   263.14s] node 0 cg=30 phase=phase2 obj=227.082326 artificial=0.0 cols=2675
[clean-BPC   268.81s] node 0 cg=30 phase=phase2 kind=heuristic best_rc=-0.0702334 found=2 added=2 exhausted=False cert=False
[clean-BPC   269.29s] node 0 cg=31 phase=phase2 obj=227.082326 artificial=0.0 cols=2677
[clean-BPC   274.76s] node 0 cg=31 phase=phase2 kind=heuristic best_rc=-0.068762 found=4 added=4 exhausted=False cert=False
[clean-BPC   275.25s] node 0 cg=32 phase=phase2 obj=227.082326 artificial=0.0 cols=2681
[clean-BPC   280.57s] node 0 cg=32 phase=phase2 kind=heuristic best_rc=-0.0 found=0 added=0 exhausted=False cert=False
[clean-BPC   297.65s] node 0 cg=32 phase=phase2 kind=exact best_rc=-0.0 found=0 added=0 exhausted=True cert=True
[clean-BPC   318.18s] route-pack-conflict diag node 0 source_vehicle=1 routes=5 U=3 complete=True cache_hit=False states=99 added=2
[clean-BPC   318.18s] cut_added family=schedule_route_set_packing node=0 added=2 source=schedule_conflict first(vehicle=1, routes=5, U=3, states=99, cache_hit=False)
[clean-BPC   318.18s] route-pack-conflict diag node 0 source_vehicle=1 routes=5 U=3 complete=True cache_hit=False states=107 added=2
[clean-BPC   318.18s] cut_added family=schedule_route_set_packing node=0 added=2 source=schedule_conflict first(vehicle=1, routes=5, U=3, states=107, cache_hit=False)
[clean-BPC   321.93s] cut_added family=schedule_pair_conflict node=0 added=2 source_vehicle=1 route_count=2 signatures=[[10, 12, 13, 11, 3], [17, 20, 18, 1]]
[clean-BPC   326.25s] cut_added family=schedule_pair_conflict node=0 added=2 source_vehicle=1 route_count=2 signatures=[[10, 12, 11, 13, 3], [17, 20, 18, 1]]
[clean-BPC   330.59s] rim-conflict diag node 0 conflicts=15 pair_events=2 pair_cuts=4 schedcap_events=0 schedcap_cuts=0 routepack_events=2 routepack_cuts=4 routepack_cache=0 routepack_states_max=107 routepack_budget_skip=11 nogood_events=0 nogood_cuts=0 weak_skip=11
[clean-BPC    20.53s] restricted-MIP node 0 status=TIME_LIMIT obj=None accepted=False routes=2681 rejected=15 pair=4 ng=10 route_pack=16 sched_cap=0 added_cuts=8 time=20.526871
[clean-BPC   330.59s] node 0 d=0 lb=227.082326 open=0
[clean-BPC   331.06s] node 0 cg=1 phase=phase1 obj=0.0 artificial=0.0 cols=2681
[clean-BPC   331.55s] node 0 cg=2 phase=phase2 obj=227.082326 artificial=0.0 cols=2681
[clean-BPC   336.96s] node 0 cg=2 phase=phase2 kind=heuristic best_rc=0.0 found=0 added=0 exhausted=False cert=False
[clean-BPC   355.67s] node 0 cg=2 phase=phase2 kind=exact best_rc=0.0 found=0 added=0 exhausted=True cert=True
[clean-BPC   376.23s] route-pack-conflict diag node 0 source_vehicle=1 routes=5 U=3 complete=True cache_hit=False states=95 added=2
[clean-BPC   376.23s] cut_added family=schedule_route_set_packing node=0 added=2 source=schedule_conflict first(vehicle=1, routes=5, U=3, states=95, cache_hit=False)
[clean-BPC   376.23s] route-pack-conflict diag node 0 source_vehicle=1 routes=5 U=3 complete=True cache_hit=False states=85 added=2
[clean-BPC   376.23s] cut_added family=schedule_route_set_packing node=0 added=2 source=schedule_conflict first(vehicle=1, routes=5, U=3, states=85, cache_hit=False)
[clean-BPC   377.19s] cut_added family=schedule_nogood_core node=0 added=1 source_vehicle=1 route_count=3 signatures=[[11, 13, 3], [1, 18, 20, 17], [9, 15, 19, 16, 4]]
[clean-BPC   388.18s] rim-conflict diag node 0 conflicts=14 pair_events=0 pair_cuts=0 schedcap_events=0 schedcap_cuts=0 routepack_events=2 routepack_cuts=4 routepack_cache=0 routepack_states_max=95 routepack_budget_skip=12 nogood_events=1 nogood_cuts=1 weak_skip=11
[clean-BPC    20.56s] restricted-MIP node 0 status=TIME_LIMIT obj=None accepted=False routes=2681 rejected=14 pair=0 ng=12 route_pack=16 sched_cap=0 added_cuts=5 time=20.555586
[clean-BPC   388.18s] node 0 d=0 lb=227.082326 open=0
[clean-BPC   388.65s] node 0 cg=1 phase=phase1 obj=0.0 artificial=0.0 cols=2681
[clean-BPC   389.13s] node 0 cg=2 phase=phase2 obj=227.082326 artificial=0.0 cols=2681
[clean-BPC   389.13s] cut_purged node=0 removed=1 by_kind={'crossing_cut': 1} remaining=78
[clean-BPC   389.63s] node 0 cg=3 phase=phase2 obj=227.082326 artificial=0.0 cols=2681
[clean-BPC   395.10s] node 0 cg=3 phase=phase2 kind=heuristic best_rc=-0.0 found=0 added=0 exhausted=False cert=False
[clean-BPC   412.04s] node 0 cg=3 phase=phase2 kind=exact best_rc=-0.0 found=0 added=0 exhausted=True cert=True
[clean-BPC   432.10s] route-pack-conflict diag node 0 source_vehicle=1 routes=5 U=3 complete=True cache_hit=False states=87 added=2
[clean-BPC   432.10s] cut_added family=schedule_route_set_packing node=0 added=2 source=schedule_conflict first(vehicle=1, routes=5, U=3, states=87, cache_hit=False)
[clean-BPC   432.10s] route-pack-conflict diag node 0 source_vehicle=1 routes=5 U=3 complete=True cache_hit=False states=97 added=2
[clean-BPC   432.10s] cut_added family=schedule_route_set_packing node=0 added=2 source=schedule_conflict first(vehicle=1, routes=5, U=3, states=97, cache_hit=False)
[clean-BPC   443.61s] rim-conflict diag node 0 conflicts=12 pair_events=0 pair_cuts=0 schedcap_events=0 schedcap_cuts=0 routepack_events=2 routepack_cuts=4 routepack_cache=0 routepack_states_max=97 routepack_budget_skip=10 nogood_events=0 nogood_cuts=0 weak_skip=10
[clean-BPC   443.61s] incumbent node 0: obj=227.363742
[clean-BPC    20.05s] restricted-MIP node 0 status=TIME_LIMIT obj=227.363742 accepted=True routes=2681 rejected=12 pair=0 ng=12 route_pack=12 sched_cap=0 added_cuts=4 time=20.051148
[clean-BPC   443.61s] node 0 d=0 lb=227.082326 open=0
[clean-BPC   444.08s] node 0 cg=1 phase=phase1 obj=0.0 artificial=0.0 cols=2681
[clean-BPC   444.57s] node 0 cg=2 phase=phase2 obj=227.082326 artificial=0.0 cols=2681
[clean-BPC   450.08s] node 0 cg=2 phase=phase2 kind=heuristic best_rc=-0.055942 found=3 added=3 exhausted=False cert=False
[clean-BPC   450.56s] node 0 cg=3 phase=phase2 obj=227.082326 artificial=0.0 cols=2684
[clean-BPC   455.72s] node 0 cg=3 phase=phase2 kind=heuristic best_rc=-0.05575075 found=4 added=4 exhausted=False cert=False
[clean-BPC   456.21s] node 0 cg=4 phase=phase2 obj=227.082326 artificial=0.0 cols=2688
[clean-BPC   461.75s] node 0 cg=4 phase=phase2 kind=heuristic best_rc=-0.0 found=0 added=0 exhausted=False cert=False
[clean-BPC   480.37s] node 0 cg=4 phase=phase2 kind=exact best_rc=-0.0 found=0 added=0 exhausted=True cert=True
[clean-BPC   500.38s] route-pack-conflict diag node 0 source_vehicle=1 routes=5 U=3 complete=True cache_hit=False states=101 added=2
[clean-BPC   500.38s] cut_added family=schedule_route_set_packing node=0 added=2 source=schedule_conflict first(vehicle=1, routes=5, U=3, states=101, cache_hit=False)
[clean-BPC   500.38s] route-pack-conflict diag node 0 source_vehicle=1 routes=5 U=4 complete=True cache_hit=False states=100 added=0
[clean-BPC   512.41s] rim-conflict diag node 0 conflicts=12 pair_events=0 pair_cuts=0 schedcap_events=0 schedcap_cuts=0 routepack_events=2 routepack_cuts=2 routepack_cache=0 routepack_states_max=101 routepack_budget_skip=10 nogood_events=0 nogood_cuts=0 weak_skip=11
[clean-BPC    20.00s] restricted-MIP node 0 status=TIME_LIMIT obj=None accepted=False routes=2688 rejected=12 pair=0 ng=14 route_pack=10 sched_cap=0 added_cuts=2 time=20.000241
[clean-BPC   512.41s] node 0 d=0 lb=227.082326 open=0
[clean-BPC   512.88s] node 0 cg=1 phase=phase1 obj=0.0 artificial=0.0 cols=2688
[clean-BPC   513.37s] node 0 cg=2 phase=phase2 obj=227.082326 artificial=0.0 cols=2688
[clean-BPC   519.15s] node 0 cg=2 phase=phase2 kind=heuristic best_rc=-0.0549365 found=2 added=2 exhausted=False cert=False
[clean-BPC   519.63s] node 0 cg=3 phase=phase2 obj=227.082326 artificial=0.0 cols=2690
[clean-BPC   524.73s] node 0 cg=3 phase=phase2 kind=heuristic best_rc=-0.193217 found=4 added=4 exhausted=False cert=False
[clean-BPC   525.22s] node 0 cg=4 phase=phase2 obj=227.082326 artificial=0.0 cols=2694
[clean-BPC   530.47s] node 0 cg=4 phase=phase2 kind=heuristic best_rc=-0.0 found=0 added=0 exhausted=False cert=False
[clean-BPC   546.98s] node 0 cg=4 phase=phase2 kind=exact best_rc=-0.0 found=0 added=0 exhausted=True cert=True
[clean-BPC   567.44s] route-pack-conflict diag node 0 source_vehicle=1 routes=5 U=4 complete=True cache_hit=False states=102 added=0
[clean-BPC   568.90s] route-pack-conflict diag node 0 source_vehicle=1 routes=5 U=4 complete=True cache_hit=True states=100 added=0
[clean-BPC   579.91s] rim-conflict diag node 0 conflicts=12 pair_events=0 pair_cuts=0 schedcap_events=0 schedcap_cuts=0 routepack_events=2 routepack_cuts=0 routepack_cache=1 routepack_states_max=102 routepack_budget_skip=10 nogood_events=0 nogood_cuts=0 weak_skip=12
[clean-BPC    20.46s] restricted-MIP node 0 status=TIME_LIMIT obj=None accepted=False routes=2694 rejected=12 pair=0 ng=16 route_pack=8 sched_cap=0 added_cuts=0 time=20.456891
[clean-BPC   590.51s] branch node 0: left=arc(19,16)=off right=arc(19,16)=on
[clean-BPC   590.51s] node 1 d=1 lb=227.082326 open=1
[clean-BPC   590.97s] node 1 cg=1 phase=phase1 obj=0.0 artificial=0.0 cols=2694
[clean-BPC   591.46s] node 1 cg=2 phase=phase2 obj=227.082326 artificial=0.0 cols=2694
[clean-BPC   597.04s] node 1 cg=2 phase=phase2 kind=heuristic best_rc=0.0 found=0 added=0 exhausted=False cert=False
[clean-BPC   614.71s] node 1 cg=2 phase=phase2 kind=heuristic_boost best_rc=0.0 found=0 added=0 exhausted=True cert=True
[clean-BPC   614.71s] route-pack diag node 1 round=1 vehicles=2/2 support_max=7 cand=18 oracle=18 incomplete=0 not_tight=9 not_viol=3 dup=0 violated=6 added=5 max_viol=0.5 states_max=428
[clean-BPC   614.71s] cut_added family=schedule_route_set_packing node=1 added=5 first(vehicle=1, routes=7, U=4, y=0.5, viol=0.5, states=428)
[clean-BPC   615.19s] node 1 cg=3 phase=phase2 obj=227.082326 artificial=0.0 cols=2694
[clean-BPC   620.50s] node 1 cg=3 phase=phase2 kind=heuristic best_rc=-0.0 found=0 added=0 exhausted=False cert=False
[clean-BPC   636.56s] node 1 cg=3 phase=phase2 kind=heuristic_boost best_rc=-0.0 found=0 added=0 exhausted=True cert=True
[clean-BPC   636.56s] route-pack diag node 1 round=2 vehicles=2/2 support_max=7 cand=23 oracle=23 incomplete=0 not_tight=11 not_viol=4 dup=0 violated=8 added=5 max_viol=0.5000000000000049 states_max=428
[clean-BPC   636.56s] cut_added family=schedule_route_set_packing node=1 added=5 first(vehicle=2, routes=5, U=3, y=0.5, viol=0.5, states=109)
[clean-BPC   637.07s] node 1 cg=4 phase=phase2 obj=227.09337 artificial=0.0 cols=2694
[clean-BPC   642.77s] node 1 cg=4 phase=phase2 kind=heuristic best_rc=-0.379663 found=5 added=5 exhausted=False cert=False
[clean-BPC   643.29s] node 1 cg=5 phase=phase2 obj=227.082326 artificial=0.0 cols=2699
[clean-BPC   648.48s] node 1 cg=5 phase=phase2 kind=heuristic best_rc=0.110911 found=0 added=0 exhausted=False cert=False
[clean-BPC   664.72s] node 1 cg=5 phase=phase2 kind=heuristic_boost best_rc=0.110911 found=0 added=0 exhausted=True cert=True
[clean-BPC   684.83s] route-pack-conflict diag node 1 source_vehicle=1 routes=5 U=4 complete=True cache_hit=False states=102 added=0
[clean-BPC   685.94s] cut_added family=schedule_nogood_core node=1 added=2 source_vehicle=1 route_count=4 signatures=[[1, 18, 20, 17], [8, 14, 10, 12], [4, 16, 19, 15, 9], [6, 7, 5, 2]]
[clean-BPC   685.94s] route-pack-conflict diag node 1 source_vehicle=1 routes=5 U=3 complete=True cache_hit=False states=105 added=2
[clean-BPC   685.94s] cut_added family=schedule_route_set_packing node=1 added=2 source=schedule_conflict first(vehicle=1, routes=5, U=3, states=105, cache_hit=False)
[clean-BPC   685.94s] cut_added family=schedule_pair_conflict node=1 added=2 source_vehicle=1 route_count=2 signatures=[[17, 20, 18, 1], [6, 7, 5, 2]]
[clean-BPC   699.84s] rim-conflict diag node 1 conflicts=14 pair_events=1 pair_cuts=2 schedcap_events=0 schedcap_cuts=0 routepack_events=2 routepack_cuts=2 routepack_cache=0 routepack_states_max=105 routepack_budget_skip=11 nogood_events=1 nogood_cuts=2 weak_skip=11
[clean-BPC    20.10s] restricted-MIP node 1 status=TIME_LIMIT obj=None accepted=False routes=2699 rejected=14 pair=2 ng=12 route_pack=14 sched_cap=0 added_cuts=6 time=20.104189
[clean-BPC   699.84s] node 1 d=1 lb=227.082326 open=1
[clean-BPC   700.31s] node 1 cg=1 phase=phase1 obj=0.0 artificial=0.0 cols=2699
[clean-BPC   700.81s] node 1 cg=2 phase=phase2 obj=227.082326 artificial=0.0 cols=2699
[clean-BPC   706.00s] node 1 cg=2 phase=phase2 kind=heuristic best_rc=0.072333 found=0 added=0 exhausted=False cert=False
[clean-BPC   721.88s] node 1 cg=2 phase=phase2 kind=heuristic_boost best_rc=0.072333 found=0 added=0 exhausted=True cert=True
[clean-BPC   743.03s] route-pack-conflict diag node 1 source_vehicle=1 routes=5 U=4 complete=True cache_hit=True states=100 added=0
[clean-BPC   744.48s] route-pack-conflict diag node 1 source_vehicle=1 routes=5 U=3 complete=True cache_hit=False states=111 added=2
[clean-BPC   744.48s] cut_added family=schedule_route_set_packing node=1 added=2 source=schedule_conflict first(vehicle=1, routes=5, U=3, states=111, cache_hit=False)
[clean-BPC   758.08s] rim-conflict diag node 1 conflicts=13 pair_events=0 pair_cuts=0 schedcap_events=0 schedcap_cuts=0 routepack_events=2 routepack_cuts=2 routepack_cache=1 routepack_states_max=111 routepack_budget_skip=11 nogood_events=0 nogood_cuts=0 weak_skip=12
[clean-BPC    21.15s] restricted-MIP node 1 status=TIME_LIMIT obj=None accepted=False routes=2699 rejected=13 pair=0 ng=12 route_pack=14 sched_cap=0 added_cuts=2 time=21.151581
[clean-BPC   758.08s] node 1 d=1 lb=227.082326 open=1
[clean-BPC   758.55s] node 1 cg=1 phase=phase1 obj=0.0 artificial=0.0 cols=2699
[clean-BPC   759.04s] node 1 cg=2 phase=phase2 obj=227.082326 artificial=0.0 cols=2699
[clean-BPC   764.43s] node 1 cg=2 phase=phase2 kind=heuristic best_rc=0.0 found=0 added=0 exhausted=False cert=False
[clean-BPC   781.10s] node 1 cg=2 phase=phase2 kind=heuristic_boost best_rc=0.0 found=0 added=0 exhausted=True cert=True
[clean-BPC   801.54s] route-pack-conflict diag node 1 source_vehicle=1 routes=5 U=3 complete=True cache_hit=False states=94 added=2
[clean-BPC   801.54s] cut_added family=schedule_route_set_packing node=1 added=2 source=schedule_conflict first(vehicle=1, routes=5, U=3, states=94, cache_hit=False)
[clean-BPC   801.54s] route-pack-conflict diag node 1 source_vehicle=1 routes=5 U=4 complete=True cache_hit=True states=100 added=0
[clean-BPC   812.41s] rim-conflict diag node 1 conflicts=11 pair_events=0 pair_cuts=0 schedcap_events=0 schedcap_cuts=0 routepack_events=2 routepack_cuts=2 routepack_cache=1 routepack_states_max=100 routepack_budget_skip=9 nogood_events=0 nogood_cuts=0 weak_skip=10
[clean-BPC    20.44s] restricted-MIP node 1 status=TIME_LIMIT obj=None accepted=False routes=2699 rejected=11 pair=0 ng=14 route_pack=8 sched_cap=0 added_cuts=2 time=20.441221
[clean-BPC   812.41s] node 1 d=1 lb=227.082326 open=1
[clean-BPC   812.88s] node 1 cg=1 phase=phase1 obj=0.0 artificial=0.0 cols=2699
[clean-BPC   813.38s] node 1 cg=2 phase=phase2 obj=227.082326 artificial=0.0 cols=2699
[clean-BPC   818.77s] node 1 cg=2 phase=phase2 kind=heuristic best_rc=0.0 found=0 added=0 exhausted=False cert=False
[clean-BPC   835.46s] node 1 cg=2 phase=phase2 kind=heuristic_boost best_rc=0.0 found=0 added=0 exhausted=True cert=True
[clean-BPC   856.61s] route-pack-conflict diag node 1 source_vehicle=1 routes=5 U=4 complete=True cache_hit=False states=105 added=0
[clean-BPC   857.25s] route-pack-conflict diag node 1 source_vehicle=1 routes=5 U=3 complete=True cache_hit=False states=99 added=2
[clean-BPC   857.25s] cut_added family=schedule_route_set_packing node=1 added=2 source=schedule_conflict first(vehicle=1, routes=5, U=3, states=99, cache_hit=False)
[clean-BPC   871.46s] rim-conflict diag node 1 conflicts=12 pair_events=0 pair_cuts=0 schedcap_events=0 schedcap_cuts=0 routepack_events=2 routepack_cuts=2 routepack_cache=0 routepack_states_max=105 routepack_budget_skip=10 nogood_events=0 nogood_cuts=0 weak_skip=11
[clean-BPC    21.14s] restricted-MIP node 1 status=TIME_LIMIT obj=None accepted=False routes=2699 rejected=12 pair=0 ng=12 route_pack=12 sched_cap=0 added_cuts=2 time=21.144639
[clean-BPC   871.46s] node 1 d=1 lb=227.082326 open=1
[clean-BPC   871.93s] node 1 cg=1 phase=phase1 obj=0.0 artificial=0.0 cols=2699
[clean-BPC   872.42s] node 1 cg=2 phase=phase2 obj=227.082326 artificial=0.0 cols=2699
[clean-BPC   877.76s] node 1 cg=2 phase=phase2 kind=heuristic best_rc=0.0 found=0 added=0 exhausted=False cert=False
[clean-BPC   894.35s] node 1 cg=2 phase=phase2 kind=heuristic_boost best_rc=0.0 found=0 added=0 exhausted=True cert=True
[clean-BPC   914.75s] route-pack-conflict diag node 1 source_vehicle=1 routes=5 U=4 complete=True cache_hit=True states=105 added=0
[clean-BPC   915.37s] route-pack-conflict diag node 1 source_vehicle=1 routes=5 U=3 complete=True cache_hit=False states=82 added=2
[clean-BPC   915.37s] cut_added family=schedule_route_set_packing node=1 added=2 source=schedule_conflict first(vehicle=1, routes=5, U=3, states=82, cache_hit=False)
[clean-BPC   927.22s] rim-conflict diag node 1 conflicts=12 pair_events=0 pair_cuts=0 schedcap_events=0 schedcap_cuts=0 routepack_events=2 routepack_cuts=2 routepack_cache=1 routepack_states_max=105 routepack_budget_skip=10 nogood_events=0 nogood_cuts=0 weak_skip=11
[clean-BPC    20.40s] restricted-MIP node 1 status=TIME_LIMIT obj=None accepted=False routes=2699 rejected=12 pair=0 ng=14 route_pack=10 sched_cap=0 added_cuts=2 time=20.39679
[clean-BPC   927.22s] node 1 d=1 lb=227.082326 open=1
[clean-BPC   927.68s] node 1 cg=1 phase=phase1 obj=0.0 artificial=0.0 cols=2699
[clean-BPC   928.17s] node 1 cg=2 phase=phase2 obj=227.082326 artificial=0.0 cols=2699
[clean-BPC   933.51s] node 1 cg=2 phase=phase2 kind=heuristic best_rc=0.0 found=0 added=0 exhausted=False cert=False
[clean-BPC   949.91s] node 1 cg=2 phase=phase2 kind=heuristic_boost best_rc=-0.0 found=0 added=0 exhausted=True cert=True
[clean-BPC   970.76s] route-pack-conflict diag node 1 source_vehicle=1 routes=5 U=4 complete=True cache_hit=True states=100 added=0
[clean-BPC   972.21s] route-pack-conflict diag node 1 source_vehicle=1 routes=5 U=4 complete=True cache_hit=True states=102 added=0
[clean-BPC   985.50s] rim-conflict diag node 1 conflicts=12 pair_events=0 pair_cuts=0 schedcap_events=0 schedcap_cuts=0 routepack_events=2 routepack_cuts=0 routepack_cache=2 routepack_states_max=102 routepack_budget_skip=10 nogood_events=0 nogood_cuts=0 weak_skip=12
[clean-BPC    20.85s] restricted-MIP node 1 status=TIME_LIMIT obj=None accepted=False routes=2699 rejected=12 pair=0 ng=14 route_pack=10 sched_cap=0 added_cuts=0 time=20.847875
[clean-BPC   994.64s] branch node 1: left=task_vehicle(11,1)=off right=task_vehicle(11,1)=on
[clean-BPC   994.64s] node 3 d=2 lb=227.082326 open=2
[clean-BPC   995.07s] node 3 cg=1 phase=phase1 obj=0.0 artificial=0.0 cols=2699
[clean-BPC   995.52s] node 3 cg=2 phase=phase2 obj=327.082326 artificial=0.0 cols=2699
[clean-BPC  1000.57s] node 3 cg=2 phase=phase2 kind=heuristic best_rc=0.00214975 found=0 added=0 exhausted=False cert=False
[clean-BPC  1014.85s] node 3 cg=2 phase=phase2 kind=heuristic_boost best_rc=0.00214975 found=0 added=0 exhausted=True cert=True
[clean-BPC  1014.85s] route-pack diag node 3 round=1 vehicles=2/2 support_max=3 cand=4 oracle=4 incomplete=0 not_tight=4 not_viol=0 dup=0 violated=0 added=0 max_viol=0.0 states_max=10
[clean-BPC  1014.85s] fathom node 3: reason=bound_after_schedule_pack bound=327.082326
[clean-BPC  1014.85s] node 4 d=2 lb=227.082326 open=1
[clean-BPC  1015.29s] node 4 cg=1 phase=phase1 obj=0.0 artificial=0.0 cols=2699
[clean-BPC  1015.72s] node 4 cg=2 phase=phase2 obj=227.082326 artificial=0.0 cols=2699
[clean-BPC  1020.92s] node 4 cg=2 phase=phase2 kind=heuristic best_rc=0.0 found=0 added=0 exhausted=False cert=False
[clean-BPC  1036.52s] node 4 cg=2 phase=phase2 kind=heuristic_boost best_rc=-2.148187241 found=70 added=70 exhausted=True cert=True
[clean-BPC  1036.97s] node 4 cg=3 phase=phase2 obj=227.082326 artificial=0.0 cols=2769
[clean-BPC  1041.81s] node 4 cg=3 phase=phase2 kind=heuristic best_rc=0.110911 found=0 added=0 exhausted=False cert=False
[clean-BPC  1054.82s] node 4 cg=3 phase=phase2 kind=heuristic_boost best_rc=-0.485247 found=6 added=6 exhausted=True cert=True
[clean-BPC  1055.26s] node 4 cg=4 phase=phase2 obj=227.082326 artificial=0.0 cols=2775
[clean-BPC  1059.89s] node 4 cg=4 phase=phase2 kind=heuristic best_rc=0.003012 found=0 added=0 exhausted=False cert=False
[clean-BPC  1072.31s] node 4 cg=4 phase=phase2 kind=heuristic_boost best_rc=-1.002466 found=26 added=26 exhausted=True cert=True
[clean-BPC  1072.76s] node 4 cg=5 phase=phase2 obj=227.082326 artificial=0.0 cols=2801
[clean-BPC  1077.66s] node 4 cg=5 phase=phase2 kind=heuristic best_rc=0.0 found=0 added=0 exhausted=False cert=False
[clean-BPC  1090.64s] node 4 cg=5 phase=phase2 kind=heuristic_boost best_rc=0.0 found=0 added=0 exhausted=True cert=True
[clean-BPC  1090.65s] route-pack diag node 4 round=1 vehicles=1/2 support_max=8 cand=13 oracle=13 incomplete=0 not_tight=5 not_viol=6 dup=0 violated=2 added=2 max_viol=1.0 states_max=645
[clean-BPC  1090.65s] cut_added family=schedule_route_set_packing node=4 added=2 first(vehicle=1, routes=8, U=4, y=1.0, viol=1.0, states=645)
[clean-BPC  1091.10s] node 4 cg=6 phase=phase2 obj=227.082326 artificial=0.0 cols=2801
[clean-BPC  1096.01s] node 4 cg=6 phase=phase2 kind=heuristic best_rc=-0.0 found=0 added=0 exhausted=False cert=False
[clean-BPC  1109.05s] node 4 cg=6 phase=phase2 kind=heuristic_boost best_rc=-0.0 found=0 added=0 exhausted=True cert=True
[clean-BPC  1109.05s] route-pack diag node 4 round=2 vehicles=1/2 support_max=7 cand=11 oracle=11 incomplete=0 not_tight=6 not_viol=3 dup=0 violated=2 added=2 max_viol=1.0 states_max=330
[clean-BPC  1109.05s] cut_added family=schedule_route_set_packing node=4 added=2 first(vehicle=1, routes=7, U=4, y=1.0, viol=1.0, states=330)
[clean-BPC  1109.51s] node 4 cg=7 phase=phase2 obj=227.082326 artificial=0.0 cols=2801
[clean-BPC  1114.39s] node 4 cg=7 phase=phase2 kind=heuristic best_rc=-0.0 found=0 added=0 exhausted=False cert=False
[clean-BPC  1127.34s] node 4 cg=7 phase=phase2 kind=heuristic_boost best_rc=-0.0 found=0 added=0 exhausted=True cert=True
[clean-BPC  1148.17s] route-pack-conflict diag node 4 source_vehicle=1 routes=5 U=3 complete=True cache_hit=False states=99 added=2
[clean-BPC  1148.17s] cut_added family=schedule_route_set_packing node=4 added=2 source=schedule_conflict first(vehicle=1, routes=5, U=3, states=99, cache_hit=False)
[clean-BPC  1148.17s] route-pack-conflict diag node 4 source_vehicle=1 routes=5 U=4 complete=True cache_hit=True states=100 added=0
[clean-BPC  1161.13s] rim-conflict diag node 4 conflicts=13 pair_events=0 pair_cuts=0 schedcap_events=0 schedcap_cuts=0 routepack_events=2 routepack_cuts=2 routepack_cache=1 routepack_states_max=100 routepack_budget_skip=11 nogood_events=0 nogood_cuts=0 weak_skip=12
[clean-BPC    20.83s] restricted-MIP node 4 status=TIME_LIMIT obj=None accepted=False routes=2801 rejected=13 pair=0 ng=12 route_pack=14 sched_cap=0 added_cuts=2 time=20.828628
[clean-BPC  1161.13s] node 4 d=2 lb=227.082326 open=1
[clean-BPC  1161.58s] node 4 cg=1 phase=phase1 obj=0.0 artificial=0.0 cols=2801
[clean-BPC  1162.05s] node 4 cg=2 phase=phase2 obj=227.082326 artificial=0.0 cols=2801
[clean-BPC  1166.95s] node 4 cg=2 phase=phase2 kind=heuristic best_rc=-0.0 found=0 added=0 exhausted=False cert=False
[clean-BPC  1179.97s] node 4 cg=2 phase=phase2 kind=heuristic_boost best_rc=-0.0 found=0 added=0 exhausted=True cert=True
[clean-BPC  1200.78s] route-pack-conflict diag node 4 source_vehicle=1 routes=5 U=4 complete=True cache_hit=True states=100 added=0
[clean-BPC  1202.24s] route-pack-conflict diag node 4 source_vehicle=1 routes=5 U=4 complete=True cache_hit=True states=102 added=0
[clean-BPC  1213.99s] rim-conflict diag node 4 conflicts=12 pair_events=0 pair_cuts=0 schedcap_events=0 schedcap_cuts=0 routepack_events=2 routepack_cuts=0 routepack_cache=2 routepack_states_max=102 routepack_budget_skip=10 nogood_events=0 nogood_cuts=0 weak_skip=12
[clean-BPC    20.82s] restricted-MIP node 4 status=TIME_LIMIT obj=None accepted=False routes=2801 rejected=12 pair=0 ng=16 route_pack=8 sched_cap=0 added_cuts=0 time=20.815234
[clean-BPC  1225.36s] branch node 4: left=arc(13,3)=off right=arc(13,3)=on
[clean-BPC  1225.36s] node 5 d=3 lb=227.082326 open=2
[clean-BPC  1225.80s] node 5 cg=1 phase=phase1 obj=0.0 artificial=0.0 cols=2801
[clean-BPC  1226.25s] node 5 cg=2 phase=phase2 obj=227.082326 artificial=0.0 cols=2801
[clean-BPC  1231.04s] node 5 cg=2 phase=phase2 kind=heuristic best_rc=0.110911 found=0 added=0 exhausted=False cert=False
[clean-BPC  1243.71s] node 5 cg=2 phase=phase2 kind=heuristic_boost best_rc=-0.0 found=0 added=0 exhausted=True cert=True
[clean-BPC  1264.21s] route-pack-conflict diag node 5 source_vehicle=1 routes=5 U=4 complete=True cache_hit=True states=105 added=0
[clean-BPC  1264.84s] route-pack-conflict diag node 5 source_vehicle=1 routes=5 U=3 complete=True cache_hit=False states=95 added=2
[clean-BPC  1264.84s] cut_added family=schedule_route_set_packing node=5 added=2 source=schedule_conflict first(vehicle=1, routes=5, U=3, states=95, cache_hit=False)
[clean-BPC  1275.37s] rim-conflict diag node 5 conflicts=11 pair_events=0 pair_cuts=0 schedcap_events=0 schedcap_cuts=0 routepack_events=2 routepack_cuts=2 routepack_cache=1 routepack_states_max=105 routepack_budget_skip=9 nogood_events=0 nogood_cuts=0 weak_skip=10
[clean-BPC    20.50s] restricted-MIP node 5 status=TIME_LIMIT obj=None accepted=False routes=2801 rejected=11 pair=0 ng=16 route_pack=6 sched_cap=0 added_cuts=2 time=20.499867
[clean-BPC  1275.37s] node 6 d=3 lb=227.082326 open=2
[clean-BPC  1275.83s] node 6 cg=1 phase=phase1 obj=0.0 artificial=0.0 cols=2801
[clean-BPC  1276.29s] node 6 cg=2 phase=phase2 obj=227.12687 artificial=0.0 cols=2801
[clean-BPC  1281.13s] node 6 cg=2 phase=phase2 kind=heuristic best_rc=-0.8098497 found=28 added=28 exhausted=False cert=False
[clean-BPC  1281.59s] node 6 cg=3 phase=phase2 obj=227.12687 artificial=0.0 cols=2829
[clean-BPC  1286.68s] node 6 cg=3 phase=phase2 kind=heuristic best_rc=-0.0 found=0 added=0 exhausted=False cert=False
[clean-BPC  1302.58s] node 6 cg=3 phase=phase2 kind=heuristic_boost best_rc=-0.4086838 found=4 added=4 exhausted=True cert=True
[clean-BPC  1303.04s] node 6 cg=4 phase=phase2 obj=227.12687 artificial=0.0 cols=2833
[clean-BPC  1308.16s] node 6 cg=4 phase=phase2 kind=heuristic best_rc=0.0 found=0 added=0 exhausted=False cert=False
[clean-BPC  1324.15s] node 6 cg=4 phase=phase2 kind=heuristic_boost best_rc=0.0 found=0 added=0 exhausted=True cert=True
[clean-BPC  1339.59s] route-pack-conflict diag node 6 source_vehicle=1 routes=5 U=3 complete=True cache_hit=False states=95 added=2
[clean-BPC  1339.59s] cut_added family=schedule_route_set_packing node=6 added=2 source=schedule_conflict first(vehicle=1, routes=5, U=3, states=95, cache_hit=False)
[clean-BPC  1339.59s] route-pack-conflict diag node 6 source_vehicle=1 routes=5 U=4 complete=True cache_hit=False states=96 added=0
[clean-BPC  1346.50s] cut_added family=schedule_pair_conflict node=6 added=2 source_vehicle=1 route_count=2 signatures=[[9, 15, 16, 4, 1], [6, 7, 5, 2]]
[clean-BPC  1347.01s] rim-conflict diag node 6 conflicts=11 pair_events=1 pair_cuts=2 schedcap_events=0 schedcap_cuts=0 routepack_events=2 routepack_cuts=2 routepack_cache=0 routepack_states_max=96 routepack_budget_skip=8 nogood_events=0 nogood_cuts=0 weak_skip=9
[clean-BPC    15.42s] restricted-MIP node 6 status=INFEASIBLE obj=None accepted=False routes=2833 rejected=11 pair=2 ng=14 route_pack=6 sched_cap=0 added_cuts=4 time=15.423349
[clean-BPC  1347.01s] node 5 d=3 lb=227.082326 open=2
[clean-BPC  1347.45s] node 5 cg=1 phase=phase1 obj=0.0 artificial=0.0 cols=2833
[clean-BPC  1347.92s] node 5 cg=2 phase=phase2 obj=227.082326 artificial=0.0 cols=2833
[clean-BPC  1352.74s] node 5 cg=2 phase=phase2 kind=heuristic best_rc=0.110911 found=0 added=0 exhausted=False cert=False
[clean-BPC  1365.55s] node 5 cg=2 phase=phase2 kind=heuristic_boost best_rc=-0.0 found=0 added=0 exhausted=True cert=True
[clean-BPC  1385.58s] route-pack-conflict diag node 5 source_vehicle=1 routes=5 U=4 complete=True cache_hit=True states=100 added=0
[clean-BPC  1387.03s] route-pack-conflict diag node 5 source_vehicle=1 routes=5 U=4 complete=True cache_hit=True states=102 added=0
[clean-BPC  1398.54s] rim-conflict diag node 5 conflicts=11 pair_events=0 pair_cuts=0 schedcap_events=0 schedcap_cuts=0 routepack_events=2 routepack_cuts=0 routepack_cache=2 routepack_states_max=102 routepack_budget_skip=9 nogood_events=0 nogood_cuts=0 weak_skip=11
[clean-BPC    20.03s] restricted-MIP node 5 status=TIME_LIMIT obj=None accepted=False routes=2833 rejected=11 pair=0 ng=14 route_pack=8 sched_cap=0 added_cuts=0 time=20.031322
[clean-BPC  1408.07s] branch node 5: left=arc(20,17)=off right=arc(20,17)=on
[clean-BPC  1408.07s] node 7 d=4 lb=227.082326 open=3
[clean-BPC  1408.52s] node 7 cg=1 phase=phase1 obj=0.0 artificial=0.0 cols=2833
[clean-BPC  1408.99s] node 7 cg=2 phase=phase2 obj=227.119296 artificial=0.0 cols=2833
[clean-BPC  1414.61s] node 7 cg=2 phase=phase2 kind=heuristic best_rc=0.0 found=0 added=0 exhausted=False cert=False
[clean-BPC  1430.89s] node 7 cg=2 phase=phase2 kind=heuristic_boost best_rc=0.0 found=0 added=0 exhausted=True cert=True
[clean-BPC  1444.87s] branch node 7: left=RF(10,14)=separate right=RF(10,14)=same
[clean-BPC  1444.87s] node 8 d=4 lb=227.082326 open=4
[clean-BPC  1445.33s] node 8 cg=1 phase=phase1 obj=0.0 artificial=0.0 cols=2833
[clean-BPC  1445.80s] node 8 cg=2 phase=phase2 obj=227.082326 artificial=0.0 cols=2833
[clean-BPC  1450.49s] node 8 cg=2 phase=phase2 kind=heuristic best_rc=-0.466952 found=6 added=6 exhausted=False cert=False
[clean-BPC  1450.94s] node 8 cg=3 phase=phase2 obj=227.082326 artificial=0.0 cols=2839
[clean-BPC  1455.94s] node 8 cg=3 phase=phase2 kind=heuristic best_rc=-0.0 found=0 added=0 exhausted=False cert=False
[clean-BPC  1470.90s] node 8 cg=3 phase=phase2 kind=heuristic_boost best_rc=-0.0 found=0 added=0 exhausted=True cert=True
[clean-BPC  1485.49s] branch node 8: left=arc(2,5)=off right=arc(2,5)=on
[clean-BPC  1485.49s] node 11 d=5 lb=227.082326 open=5
[clean-BPC  1485.95s] node 11 cg=1 phase=phase1 obj=0.0 artificial=0.0 cols=2839
[clean-BPC  1486.41s] node 11 cg=2 phase=phase2 obj=227.119296 artificial=0.0 cols=2839
[clean-BPC  1491.09s] node 11 cg=2 phase=phase2 kind=heuristic best_rc=-0.0 found=0 added=0 exhausted=False cert=False
[clean-BPC  1505.14s] node 11 cg=2 phase=phase2 kind=heuristic_boost best_rc=-0.138571 found=2 added=2 exhausted=True cert=True
[clean-BPC  1505.60s] node 11 cg=3 phase=phase2 obj=227.119296 artificial=0.0 cols=2841
[clean-BPC  1510.55s] node 11 cg=3 phase=phase2 kind=heuristic best_rc=0.0 found=0 added=0 exhausted=False cert=False
[clean-BPC  1525.45s] node 11 cg=3 phase=phase2 kind=heuristic_boost best_rc=0.0 found=0 added=0 exhausted=True cert=True
[clean-BPC  1542.21s] branch node 11: left=arc(5,2)=off right=arc(5,2)=on
[clean-BPC  1542.21s] node 12 d=5 lb=227.082326 open=6
[clean-BPC  1542.68s] node 12 cg=1 phase=phase1 obj=0.0 artificial=0.0 cols=2841
[clean-BPC  1543.14s] node 12 cg=2 phase=phase2 obj=227.15268 artificial=0.0 cols=2841
[clean-BPC  1548.01s] node 12 cg=2 phase=phase2 kind=heuristic best_rc=0.0165534 found=0 added=0 exhausted=False cert=False
[clean-BPC  1562.59s] node 12 cg=2 phase=phase2 kind=heuristic_boost best_rc=0.0 found=0 added=0 exhausted=True cert=True
[clean-BPC  1579.72s] branch node 12: left=arc(14,10)=off right=arc(14,10)=on
[clean-BPC  1579.72s] node 2 d=1 lb=227.082326 open=7
[clean-BPC  1580.23s] node 2 cg=1 phase=phase1 obj=0.0 artificial=0.0 cols=2841
[clean-BPC  1580.77s] node 2 cg=2 phase=phase2 obj=227.082326 artificial=0.0 cols=2841
[clean-BPC  1586.04s] node 2 cg=2 phase=phase2 kind=heuristic best_rc=-0.160666 found=3 added=3 exhausted=False cert=False
[clean-BPC  1586.56s] node 2 cg=3 phase=phase2 obj=227.082326 artificial=0.0 cols=2844
[clean-BPC  1591.77s] node 2 cg=3 phase=phase2 kind=heuristic best_rc=0.0959848 found=0 added=0 exhausted=False cert=False
[clean-BPC  1608.44s] node 2 cg=3 phase=phase2 kind=heuristic_boost best_rc=0.0959848 found=0 added=0 exhausted=True cert=True
[clean-BPC  1608.45s] route-pack diag node 2 round=1 vehicles=2/2 support_max=7 cand=19 oracle=19 incomplete=0 not_tight=13 not_viol=1 dup=0 violated=5 added=5 max_viol=1.0 states_max=296
[clean-BPC  1608.45s] cut_added family=schedule_route_set_packing node=2 added=5 first(vehicle=1, routes=5, U=3, y=0.5, viol=1.0, states=95)
[clean-BPC  1608.98s] node 2 cg=4 phase=phase2 obj=227.082326 artificial=0.0 cols=2844
[clean-BPC  1614.50s] node 2 cg=4 phase=phase2 kind=heuristic best_rc=0.0959848 found=0 added=0 exhausted=False cert=False
[clean-BPC  1632.19s] node 2 cg=4 phase=phase2 kind=heuristic_boost best_rc=0.0959848 found=0 added=0 exhausted=True cert=True
[clean-BPC  1632.22s] route-pack diag node 2 round=2 vehicles=2/2 support_max=9 cand=37 oracle=37 incomplete=0 not_tight=8 not_viol=15 dup=0 violated=14 added=5 max_viol=0.5000000000000004 states_max=1141
[clean-BPC  1632.22s] cut_added family=schedule_route_set_packing node=2 added=5 first(vehicle=2, routes=4, U=2, y=0.5, viol=0.5, states=34)
[clean-BPC  1632.75s] node 2 cg=5 phase=phase2 obj=227.082326 artificial=0.0 cols=2844
[clean-BPC  1637.96s] node 2 cg=5 phase=phase2 kind=heuristic best_rc=-0.0 found=0 added=0 exhausted=False cert=False
[clean-BPC  1653.45s] node 2 cg=5 phase=phase2 kind=heuristic_boost best_rc=-0.03887225 found=2 added=2 exhausted=True cert=True
[clean-BPC  1653.98s] node 2 cg=6 phase=phase2 obj=227.082326 artificial=0.0 cols=2846
[clean-BPC  1659.27s] node 2 cg=6 phase=phase2 kind=heuristic best_rc=-0.0 found=0 added=0 exhausted=False cert=False
[clean-BPC  1674.93s] node 2 cg=6 phase=phase2 kind=heuristic_boost best_rc=-0.0 found=0 added=0 exhausted=True cert=True
[clean-BPC  1694.98s] route-pack-conflict diag node 2 source_vehicle=1 routes=5 U=3 complete=True cache_hit=False states=91 added=2
[clean-BPC  1694.98s] cut_added family=schedule_route_set_packing node=2 added=2 source=schedule_conflict first(vehicle=1, routes=5, U=3, states=91, cache_hit=False)
[clean-BPC  1694.98s] route-pack-conflict diag node 2 source_vehicle=1 routes=5 U=3 complete=True cache_hit=False states=89 added=2
[clean-BPC  1694.98s] cut_added family=schedule_route_set_packing node=2 added=2 source=schedule_conflict first(vehicle=1, routes=5, U=3, states=89, cache_hit=False)
[clean-BPC  1703.16s] cut_added family=schedule_nogood_core node=2 added=1 source_vehicle=1 route_count=3 signatures=[[11, 13, 3], [17, 20, 18, 1], [9, 15, 19, 16, 4]]
[clean-BPC  1704.54s] rim-conflict diag node 2 conflicts=18 pair_events=0 pair_cuts=0 schedcap_events=0 schedcap_cuts=0 routepack_events=2 routepack_cuts=4 routepack_cache=0 routepack_states_max=91 routepack_budget_skip=16 nogood_events=1 nogood_cuts=1 weak_skip=15
[clean-BPC    20.05s] restricted-MIP node 2 status=TIME_LIMIT obj=None accepted=False routes=2846 rejected=18 pair=0 ng=0 route_pack=36 sched_cap=0 added_cuts=5 time=20.045997
[clean-BPC  1704.54s] node 2 d=1 lb=227.082326 open=7
[clean-BPC  1705.09s] node 2 cg=1 phase=phase1 obj=0.0 artificial=0.0 cols=2846
[clean-BPC  1705.64s] node 2 cg=2 phase=phase2 obj=227.082326 artificial=0.0 cols=2846
[clean-BPC  1711.02s] node 2 cg=2 phase=phase2 kind=heuristic best_rc=0.0 found=0 added=0 exhausted=False cert=False
[clean-BPC  1727.07s] node 2 cg=2 phase=phase2 kind=heuristic_boost best_rc=-0.0 found=0 added=0 exhausted=True cert=True
[clean-BPC  1747.08s] route-pack-conflict diag node 2 source_vehicle=1 routes=5 U=3 complete=True cache_hit=False states=89 added=2
[clean-BPC  1747.08s] cut_added family=schedule_route_set_packing node=2 added=2 source=schedule_conflict first(vehicle=1, routes=5, U=3, states=89, cache_hit=False)
[clean-BPC  1747.08s] route-pack-conflict diag node 2 source_vehicle=1 routes=5 U=3 complete=True cache_hit=False states=85 added=2
[clean-BPC  1747.08s] cut_added family=schedule_route_set_packing node=2 added=2 source=schedule_conflict first(vehicle=1, routes=5, U=3, states=85, cache_hit=False)
[clean-BPC  1754.91s] cut_added family=schedule_nogood_core node=2 added=1 source_vehicle=1 route_count=3 signatures=[[3, 11, 13], [1, 18, 20, 17], [9, 15, 19, 16, 4]]
[clean-BPC  1755.40s] rim-conflict diag node 2 conflicts=16 pair_events=0 pair_cuts=0 schedcap_events=0 schedcap_cuts=0 routepack_events=2 routepack_cuts=4 routepack_cache=0 routepack_states_max=89 routepack_budget_skip=14 nogood_events=1 nogood_cuts=1 weak_skip=13
[clean-BPC    20.00s] restricted-MIP node 2 status=TIME_LIMIT obj=None accepted=False routes=2846 rejected=16 pair=0 ng=2 route_pack=30 sched_cap=0 added_cuts=5 time=20.000124
[clean-BPC  1755.40s] node 2 d=1 lb=227.082326 open=7
[clean-BPC  1755.95s] node 2 cg=1 phase=phase1 obj=0.0 artificial=0.0 cols=2846
[clean-BPC  1756.52s] node 2 cg=2 phase=phase2 obj=227.082326 artificial=0.0 cols=2846
[clean-BPC  1756.52s] cut_purged node=2 removed=1 by_kind={'schedule_nogood_core': 1} remaining=139
[clean-BPC  1757.07s] node 2 cg=3 phase=phase2 obj=227.082326 artificial=0.0 cols=2846
[clean-BPC  1762.52s] node 2 cg=3 phase=phase2 kind=heuristic best_rc=-0.0 found=0 added=0 exhausted=False cert=False
[clean-BPC  1778.55s] node 2 cg=3 phase=phase2 kind=heuristic_boost best_rc=-0.0 found=0 added=0 exhausted=True cert=True
[clean-BPC  1797.90s] route-pack-conflict diag node 2 source_vehicle=1 routes=5 U=3 complete=True cache_hit=False states=85 added=2
[clean-BPC  1797.90s] cut_added family=schedule_route_set_packing node=2 added=2 source=schedule_conflict first(vehicle=1, routes=5, U=3, states=85, cache_hit=False)
[clean-BPC  1797.90s] route-pack-conflict diag node 2 source_vehicle=1 routes=5 U=3 complete=True cache_hit=False states=101 added=2
[clean-BPC  1797.90s] cut_added family=schedule_route_set_packing node=2 added=2 source=schedule_conflict first(vehicle=1, routes=5, U=3, states=101, cache_hit=False)
[clean-BPC  1805.46s] rim-conflict diag node 2 conflicts=15 pair_events=0 pair_cuts=0 schedcap_events=0 schedcap_cuts=0 routepack_events=2 routepack_cuts=4 routepack_cache=0 routepack_states_max=101 routepack_budget_skip=13 nogood_events=0 nogood_cuts=0 weak_skip=13
[clean-BPC    19.33s] restricted-MIP node 2 status=INFEASIBLE obj=None accepted=False routes=2846 rejected=15 pair=0 ng=2 route_pack=28 sched_cap=0 added_cuts=4 time=19.334987
[clean-BPC  1805.46s] node 2 d=1 lb=227.082326 open=7
[clean-BPC  1805.99s] node 2 cg=1 phase=phase1 obj=0.0 artificial=0.0 cols=2846
[clean-BPC  1806.55s] node 2 cg=2 phase=phase2 obj=227.082326 artificial=0.0 cols=2846
[clean-BPC  1806.55s] cut_purged node=2 removed=1 by_kind={'schedule_nogood_core': 1} remaining=142
[clean-BPC  1807.11s] node 2 cg=3 phase=phase2 obj=227.082326 artificial=0.0 cols=2846
[clean-BPC  1812.39s] node 2 cg=3 phase=phase2 kind=heuristic best_rc=-0.0 found=0 added=0 exhausted=False cert=False
[clean-BPC  1830.02s] node 2 cg=3 phase=phase2 kind=heuristic_boost best_rc=-0.0 found=0 added=0 exhausted=True cert=True
[clean-BPC  1847.76s] route-pack-conflict diag node 2 source_vehicle=1 routes=5 U=3 complete=True cache_hit=False states=97 added=2
[clean-BPC  1847.76s] cut_added family=schedule_route_set_packing node=2 added=2 source=schedule_conflict first(vehicle=1, routes=5, U=3, states=97, cache_hit=False)
[clean-BPC  1847.76s] route-pack-conflict diag node 2 source_vehicle=1 routes=5 U=3 complete=True cache_hit=False states=85 added=2
[clean-BPC  1847.76s] cut_added family=schedule_route_set_packing node=2 added=2 source=schedule_conflict first(vehicle=1, routes=5, U=3, states=85, cache_hit=False)
[clean-BPC  1854.34s] cut_added family=schedule_nogood_core node=2 added=1 source_vehicle=1 route_count=3 signatures=[[1, 18, 20, 17], [9, 15, 19, 16, 4], [6, 7, 5, 2]]
[clean-BPC  1855.02s] rim-conflict diag node 2 conflicts=14 pair_events=0 pair_cuts=0 schedcap_events=0 schedcap_cuts=0 routepack_events=2 routepack_cuts=4 routepack_cache=0 routepack_states_max=97 routepack_budget_skip=12 nogood_events=1 nogood_cuts=1 weak_skip=10
[clean-BPC    17.73s] restricted-MIP node 2 status=INFEASIBLE obj=None accepted=False routes=2846 rejected=14 pair=0 ng=0 route_pack=28 sched_cap=0 added_cuts=5 time=17.729802
[clean-BPC  1855.02s] node 2 d=1 lb=227.082326 open=7
[clean-BPC  1855.55s] node 2 cg=1 phase=phase1 obj=0.0 artificial=0.0 cols=2846
[clean-BPC  1856.11s] node 2 cg=2 phase=phase2 obj=227.082326 artificial=0.0 cols=2846
[clean-BPC  1856.12s] cut_purged node=2 removed=1 by_kind={'schedule_nogood_core': 1} remaining=146
[clean-BPC  1856.68s] node 2 cg=3 phase=phase2 obj=227.082326 artificial=0.0 cols=2846
[clean-BPC  1861.98s] node 2 cg=3 phase=phase2 kind=heuristic best_rc=0.0 found=0 added=0 exhausted=False cert=False
[clean-BPC  1879.36s] node 2 cg=3 phase=phase2 kind=heuristic_boost best_rc=-0.0 found=0 added=0 exhausted=True cert=True
[clean-BPC  1896.96s] branch node 2: left=task_vehicle(10,2)=off right=task_vehicle(10,2)=on
[clean-BPC  1896.96s] node 17 d=2 lb=227.082326 open=8
[clean-BPC  1897.46s] node 17 cg=1 phase=phase1 obj=0.0 artificial=0.0 cols=2846
[clean-BPC  1897.95s] node 17 cg=2 phase=phase2 obj=227.082326 artificial=0.0 cols=2846
[clean-BPC  1903.17s] node 17 cg=2 phase=phase2 kind=heuristic best_rc=-0.110973 found=2 added=2 exhausted=False cert=False
[clean-BPC  1903.69s] node 17 cg=3 phase=phase2 obj=227.082326 artificial=0.0 cols=2848
[clean-BPC  1908.97s] node 17 cg=3 phase=phase2 kind=heuristic best_rc=0.110911 found=0 added=0 exhausted=False cert=False
[clean-BPC  1922.57s] node 17 cg=3 phase=phase2 kind=heuristic_boost best_rc=-0.226153 found=4 added=4 exhausted=True cert=True
[clean-BPC  1923.06s] node 17 cg=4 phase=phase2 obj=227.082326 artificial=0.0 cols=2852
[clean-BPC  1928.45s] node 17 cg=4 phase=phase2 kind=heuristic best_rc=0.0870575 found=0 added=0 exhausted=False cert=False
[clean-BPC  1942.34s] node 17 cg=4 phase=phase2 kind=heuristic_boost best_rc=-0.092833 found=2 added=2 exhausted=True cert=True
[clean-BPC  1942.83s] node 17 cg=5 phase=phase2 obj=227.082326 artificial=0.0 cols=2854
[clean-BPC  1948.07s] node 17 cg=5 phase=phase2 kind=heuristic best_rc=0.110911 found=0 added=0 exhausted=False cert=False
[clean-BPC  1961.66s] node 17 cg=5 phase=phase2 kind=heuristic_boost best_rc=0.110911 found=0 added=0 exhausted=True cert=True
[clean-BPC  1961.68s] route-pack diag node 17 round=1 vehicles=1/2 support_max=9 cand=17 oracle=17 incomplete=0 not_tight=4 not_viol=8 dup=0 violated=5 added=5 max_viol=0.9999999999999964 states_max=995
[clean-BPC  1961.68s] cut_added family=schedule_route_set_packing node=17 added=5 first(vehicle=1, routes=9, U=4, y=1.0, viol=1.0, states=995)
[clean-BPC  1962.17s] node 17 cg=6 phase=phase2 obj=227.104508 artificial=0.0 cols=2854
[clean-BPC  1967.43s] node 17 cg=6 phase=phase2 kind=heuristic best_rc=0.0443644 found=0 added=0 exhausted=False cert=False
[clean-BPC  1980.88s] node 17 cg=6 phase=phase2 kind=heuristic_boost best_rc=0.0213636 found=0 added=0 exhausted=True cert=True
[clean-BPC  1980.95s] route-pack diag node 17 round=2 vehicles=1/2 support_max=12 cand=23 oracle=23 incomplete=0 not_tight=4 not_viol=14 dup=0 violated=5 added=5 max_viol=0.7999999999999998 states_max=4718
[clean-BPC  1980.95s] cut_added family=schedule_route_set_packing node=17 added=5 first(vehicle=1, routes=11, U=4, y=1.0, viol=0.8, states=2606)
[clean-BPC  1981.45s] node 17 cg=7 phase=phase2 obj=227.104508 artificial=0.0 cols=2854
[clean-BPC  1986.77s] node 17 cg=7 phase=phase2 kind=heuristic best_rc=0.0443644 found=0 added=0 exhausted=False cert=False
[clean-BPC  2000.42s] node 17 cg=7 phase=phase2 kind=heuristic_boost best_rc=0.0213636 found=0 added=0 exhausted=True cert=True
[clean-BPC  2016.23s] branch node 17: left=RF(11,12)=separate right=RF(11,12)=same
[clean-BPC  2016.23s] node 18 d=2 lb=227.082326 open=9
[clean-BPC  2016.73s] node 18 cg=1 phase=phase1 obj=0.0 artificial=0.0 cols=2854
[clean-BPC  2017.23s] node 18 cg=2 phase=phase2 obj=327.082326 artificial=0.0 cols=2854
[clean-BPC  2021.47s] node 18 cg=2 phase=phase2 kind=heuristic best_rc=-0.464614 found=5 added=5 exhausted=False cert=False
[clean-BPC  2021.98s] node 18 cg=3 phase=phase2 obj=327.082326 artificial=0.0 cols=2859
[clean-BPC  2026.91s] node 18 cg=3 phase=phase2 kind=heuristic best_rc=-0.173675 found=2 added=2 exhausted=False cert=False
[clean-BPC  2027.42s] node 18 cg=4 phase=phase2 obj=327.082326 artificial=0.0 cols=2861
[clean-BPC  2032.17s] node 18 cg=4 phase=phase2 kind=heuristic best_rc=-0.052463 found=4 added=4 exhausted=False cert=False
[clean-BPC  2032.69s] node 18 cg=5 phase=phase2 obj=327.082326 artificial=0.0 cols=2865
[clean-BPC  2037.49s] node 18 cg=5 phase=phase2 kind=heuristic best_rc=-0.0 found=0 added=0 exhausted=False cert=False
[clean-BPC  2051.68s] node 18 cg=5 phase=phase2 kind=heuristic_boost best_rc=-0.4413015 found=2 added=2 exhausted=True cert=True
[clean-BPC  2052.19s] node 18 cg=6 phase=phase2 obj=327.082326 artificial=0.0 cols=2867
[clean-BPC  2056.72s] node 18 cg=6 phase=phase2 kind=heuristic best_rc=0.110911 found=0 added=0 exhausted=False cert=False
[clean-BPC  2067.96s] node 18 cg=6 phase=phase2 kind=heuristic_boost best_rc=0.110911 found=0 added=0 exhausted=True cert=True
[clean-BPC  2067.96s] route-pack diag node 18 round=1 vehicles=2/2 support_max=3 cand=4 oracle=4 incomplete=0 not_tight=4 not_viol=0 dup=0 violated=0 added=0 max_viol=0.0 states_max=10
[clean-BPC  2067.96s] fathom node 18: reason=bound_after_schedule_pack bound=327.082326
[clean-BPC  2067.96s] node 19 d=3 lb=227.104508 open=8
[clean-BPC  2068.43s] node 19 cg=1 phase=phase1 obj=0.0 artificial=0.0 cols=2867
[clean-BPC  2068.91s] node 19 cg=2 phase=phase2 obj=227.1957 artificial=0.0 cols=2867
[clean-BPC  2068.91s] cut_purged node=19 removed=1 by_kind={'schedule_nogood_core': 1} remaining=155
[clean-BPC  2069.39s] node 19 cg=3 phase=phase2 obj=227.1957 artificial=0.0 cols=2867
[clean-BPC  2074.63s] node 19 cg=3 phase=phase2 kind=heuristic best_rc=-0.799232 found=7 added=7 exhausted=False cert=False
[clean-BPC  2075.12s] node 19 cg=4 phase=phase2 obj=227.1957 artificial=0.0 cols=2874
[clean-BPC  2080.17s] node 19 cg=4 phase=phase2 kind=heuristic best_rc=-0.305561 found=4 added=4 exhausted=False cert=False
[clean-BPC  2080.65s] node 19 cg=5 phase=phase2 obj=227.1957 artificial=0.0 cols=2878
[clean-BPC  2085.91s] node 19 cg=5 phase=phase2 kind=heuristic best_rc=-0.227922 found=3 added=3 exhausted=False cert=False
[clean-BPC  2086.40s] node 19 cg=6 phase=phase2 obj=227.1957 artificial=0.0 cols=2881
[clean-BPC  2091.92s] node 19 cg=6 phase=phase2 kind=heuristic best_rc=-0.0 found=0 added=0 exhausted=False cert=False
[clean-BPC  2104.95s] node 19 cg=6 phase=phase2 kind=heuristic_boost best_rc=-0.0 found=0 added=0 exhausted=True cert=True
[clean-BPC  2118.70s] branch node 19: left=arc(5,2)=off right=arc(5,2)=on
[clean-BPC  2118.70s] node 20 d=3 lb=227.104508 open=9
[clean-BPC  2119.07s] node 20 cg=1 phase=phase1 obj=0.0 artificial=0.0 cols=2881
[clean-BPC  2119.44s] node 20 cg=2 phase=phase2 obj=227.193237 artificial=0.0 cols=2881
[clean-BPC  2123.59s] node 20 cg=2 phase=phase2 kind=heuristic best_rc=-0.0 found=0 added=0 exhausted=False cert=False
[clean-BPC  2132.58s] node 20 cg=2 phase=phase2 kind=heuristic_boost best_rc=-0.0 found=0 added=0 exhausted=True cert=True
[clean-BPC  2139.60s] branch node 20: left=arc(2,5)=off right=arc(2,5)=on
[clean-BPC  2139.60s] node 13 d=6 lb=227.119296 open=10
[clean-BPC  2140.09s] node 13 cg=1 phase=phase1 obj=0.0 artificial=0.0 cols=2881
[clean-BPC  2140.59s] node 13 cg=2 phase=phase2 obj=227.193237 artificial=0.0 cols=2881
[clean-BPC  2145.32s] node 13 cg=2 phase=phase2 kind=heuristic best_rc=-0.913152 found=14 added=14 exhausted=False cert=False
[clean-BPC  2145.81s] node 13 cg=3 phase=phase2 obj=227.193237 artificial=0.0 cols=2895
[clean-BPC  2150.49s] node 13 cg=3 phase=phase2 kind=heuristic best_rc=-0.319115 found=2 added=2 exhausted=False cert=False
[clean-BPC  2150.99s] node 13 cg=4 phase=phase2 obj=227.193237 artificial=0.0 cols=2897
[clean-BPC  2155.42s] node 13 cg=4 phase=phase2 kind=heuristic best_rc=0.180564 found=0 added=0 exhausted=False cert=False
[clean-BPC  2169.04s] node 13 cg=4 phase=phase2 kind=heuristic_boost best_rc=-0.295788333 found=5 added=5 exhausted=True cert=True
[clean-BPC  2169.53s] node 13 cg=5 phase=phase2 obj=227.193237 artificial=0.0 cols=2902
[clean-BPC  2174.21s] node 13 cg=5 phase=phase2 kind=heuristic best_rc=0.0 found=0 added=0 exhausted=False cert=False
[clean-BPC  2185.34s] node 13 cg=5 phase=phase2 kind=heuristic_boost best_rc=0.0 found=0 added=0 exhausted=True cert=True
[clean-BPC  2194.70s] branch node 13: left=arc(7,5)=off right=arc(7,5)=on
[clean-BPC  2194.70s] node 14 d=6 lb=227.119296 open=11
[clean-BPC  2195.19s] node 14 cg=1 phase=phase1 obj=0.0 artificial=0.0 cols=2902
[clean-BPC  2195.69s] node 14 cg=2 phase=phase2 obj=227.119296 artificial=0.0 cols=2902
[clean-BPC  2200.97s] node 14 cg=2 phase=phase2 kind=heuristic best_rc=-0.386716 found=5 added=5 exhausted=False cert=False
[clean-BPC  2201.47s] node 14 cg=3 phase=phase2 obj=227.119296 artificial=0.0 cols=2907
[clean-BPC  2206.94s] node 14 cg=3 phase=phase2 kind=heuristic best_rc=-0.0 found=0 added=0 exhausted=False cert=False
[clean-BPC  2222.54s] node 14 cg=3 phase=phase2 kind=heuristic_boost best_rc=-1.986496 found=30 added=30 exhausted=True cert=True
[clean-BPC  2223.04s] node 14 cg=4 phase=phase2 obj=227.119296 artificial=0.0 cols=2937
[clean-BPC  2228.15s] node 14 cg=4 phase=phase2 kind=heuristic best_rc=-0.106125889 found=2 added=2 exhausted=False cert=False
[clean-BPC  2228.65s] node 14 cg=5 phase=phase2 obj=227.119296 artificial=0.0 cols=2939
[clean-BPC  2233.90s] node 14 cg=5 phase=phase2 kind=heuristic best_rc=-0.237313889 found=2 added=2 exhausted=False cert=False
[clean-BPC  2234.41s] node 14 cg=6 phase=phase2 obj=227.119296 artificial=0.0 cols=2941
[clean-BPC  2240.00s] node 14 cg=6 phase=phase2 kind=heuristic best_rc=-0.0 found=0 added=0 exhausted=False cert=False
[clean-BPC  2254.92s] node 14 cg=6 phase=phase2 kind=heuristic_boost best_rc=-0.0 found=0 added=0 exhausted=True cert=True
[clean-BPC  2266.92s] branch node 14: left=RF(11,12)=separate right=RF(11,12)=same
[clean-BPC  2266.92s] node 10 d=5 lb=227.119296 open=12
[clean-BPC  2267.31s] node 10 cg=1 phase=phase1 obj=0.0 artificial=0.0 cols=2941
[clean-BPC  2267.68s] node 10 cg=2 phase=phase2 obj=227.138609 artificial=0.0 cols=2941
[clean-BPC  2271.91s] node 10 cg=2 phase=phase2 kind=heuristic best_rc=-0.0 found=0 added=0 exhausted=False cert=False
[clean-BPC  2285.09s] node 10 cg=2 phase=phase2 kind=heuristic_boost best_rc=-0.0 found=0 added=0 exhausted=True cert=True
[clean-BPC  2294.90s] branch node 10: left=RF(4,19)=separate right=RF(4,19)=same
[clean-BPC  2294.90s] node 9 d=5 lb=227.119296 open=13
[clean-BPC  2295.36s] node 9 cg=1 phase=phase1 obj=0.0 artificial=0.0 cols=2941
[clean-BPC  2295.85s] node 9 cg=2 phase=phase2 obj=227.193237 artificial=0.0 cols=2941
[clean-BPC  2301.01s] node 9 cg=2 phase=phase2 kind=heuristic best_rc=-0.0 found=0 added=0 exhausted=False cert=False
[clean-BPC  2313.57s] node 9 cg=2 phase=phase2 kind=heuristic_boost best_rc=-0.8945455 found=10 added=10 exhausted=True cert=True
[clean-BPC  2314.05s] node 9 cg=3 phase=phase2 obj=227.193237 artificial=0.0 cols=2951
[clean-BPC  2319.21s] node 9 cg=3 phase=phase2 kind=heuristic best_rc=0.0 found=0 added=0 exhausted=False cert=False
[clean-BPC  2333.42s] node 9 cg=3 phase=phase2 kind=heuristic_boost best_rc=-0.0 found=0 added=0 exhausted=True cert=True
[clean-BPC  2333.42s] route-pack-conflict diag node 9 source_vehicle=1 routes=5 U=4 complete=True cache_hit=True states=100 added=0
[clean-BPC  2334.88s] cut_added family=schedule_nogood_core node=9 added=2 source_vehicle=1 route_count=3 signatures=[[3, 11, 13, 12, 10], [17, 20, 18, 1], [4, 16, 19, 15, 9]]
[clean-BPC  2334.88s] node 27 d=7 lb=227.119296 open=13
[clean-BPC  2335.38s] node 27 cg=1 phase=phase1 obj=0.0 artificial=0.0 cols=2951
[clean-BPC  2335.87s] node 27 cg=2 phase=phase2 obj=227.122528 artificial=0.0 cols=2951
[clean-BPC  2339.80s] node 27 cg=2 phase=phase2 kind=heuristic best_rc=0.379663 found=0 added=0 exhausted=False cert=False
[clean-BPC  2348.05s] node 27 cg=2 phase=phase2 kind=heuristic_boost best_rc=-0.13151 found=3 added=3 exhausted=True cert=True
[clean-BPC  2348.55s] node 27 cg=3 phase=phase2 obj=227.122528 artificial=0.0 cols=2954
[clean-BPC  2353.30s] node 27 cg=3 phase=phase2 kind=heuristic best_rc=0.018372214 found=0 added=0 exhausted=False cert=False
[clean-BPC  2365.58s] node 27 cg=3 phase=phase2 kind=heuristic_boost best_rc=0.0 found=0 added=0 exhausted=True cert=True
[clean-BPC  2379.13s] branch node 27: left=RF(1,15)=separate right=RF(1,15)=same
[clean-BPC  2379.13s] node 28 d=7 lb=227.119296 open=14
[clean-BPC  2379.50s] node 28 cg=1 phase=phase1 obj=0.0 artificial=0.0 cols=2954
[clean-BPC  2379.89s] node 28 cg=2 phase=phase2 obj=227.193237 artificial=0.0 cols=2954
[clean-BPC  2383.96s] node 28 cg=2 phase=phase2 kind=heuristic best_rc=-0.105591 found=4 added=4 exhausted=False cert=False
[clean-BPC  2384.36s] node 28 cg=3 phase=phase2 obj=227.193237 artificial=0.0 cols=2958
[clean-BPC  2388.46s] node 28 cg=3 phase=phase2 kind=heuristic best_rc=0.0 found=0 added=0 exhausted=False cert=False
[clean-BPC  2397.41s] node 28 cg=3 phase=phase2 kind=heuristic_boost best_rc=-0.05043375 found=1 added=1 exhausted=True cert=True
[clean-BPC  2397.81s] node 28 cg=4 phase=phase2 obj=227.193237 artificial=0.0 cols=2959
[clean-BPC  2401.58s] node 28 cg=4 phase=phase2 kind=heuristic best_rc=0.184103 found=0 added=0 exhausted=False cert=False
[clean-BPC  2409.41s] node 28 cg=4 phase=phase2 kind=heuristic_boost best_rc=0.184103 found=0 added=0 exhausted=True cert=True
[clean-BPC  2409.41s] route-pack-conflict diag node 28 source_vehicle=1 routes=5 U=4 complete=True cache_hit=True states=105 added=0
[clean-BPC  2410.04s] cut_added family=schedule_nogood_core node=28 added=2 source_vehicle=1 route_count=3 signatures=[[3, 11, 13, 12, 10], [1, 18, 20, 17], [6, 7, 5, 2]]
[clean-BPC  2410.04s] node 31 d=8 lb=227.122528 open=14
[clean-BPC  2410.49s] node 31 cg=1 phase=phase1 obj=0.0 artificial=0.0 cols=2959
[clean-BPC  2410.95s] node 31 cg=2 phase=phase2 obj=227.1957 artificial=0.0 cols=2959
[clean-BPC  2416.43s] node 31 cg=2 phase=phase2 kind=heuristic best_rc=-0.964374273 found=23 added=23 exhausted=False cert=False
[clean-BPC  2416.88s] node 31 cg=3 phase=phase2 obj=227.1957 artificial=0.0 cols=2982
[clean-BPC  2421.88s] node 31 cg=3 phase=phase2 kind=heuristic best_rc=-1.106342 found=3 added=3 exhausted=False cert=False
[clean-BPC  2422.33s] node 31 cg=4 phase=phase2 obj=227.1957 artificial=0.0 cols=2985
[clean-BPC  2427.20s] node 31 cg=4 phase=phase2 kind=heuristic best_rc=0.127343 found=0 added=0 exhausted=False cert=False
[clean-BPC  2438.68s] node 31 cg=4 phase=phase2 kind=heuristic_boost best_rc=-1.647346 found=13 added=13 exhausted=True cert=True
[clean-BPC  2439.15s] node 31 cg=5 phase=phase2 obj=227.1957 artificial=0.0 cols=2998
[clean-BPC  2444.09s] node 31 cg=5 phase=phase2 kind=heuristic best_rc=0.113269 found=0 added=0 exhausted=False cert=False
[clean-BPC  2455.52s] node 31 cg=5 phase=phase2 kind=heuristic_boost best_rc=0.0 found=0 added=0 exhausted=True cert=True
[clean-BPC  2466.08s] branch node 31: left=arc(14,10)=off right=arc(14,10)=on
[clean-BPC  2466.08s] node 32 d=8 lb=227.122528 open=15
[clean-BPC  2466.35s] node 32 cg=1 phase=phase1 obj=0.0 artificial=0.0 cols=2998
[clean-BPC  2466.62s] node 32 cg=2 phase=phase2 obj=227.363742 artificial=0.0 cols=2998
[clean-BPC  2470.51s] node 32 cg=2 phase=phase2 kind=heuristic best_rc=-0.462432667 found=10 added=10 exhausted=False cert=False
[clean-BPC  2470.78s] node 32 cg=3 phase=phase2 obj=227.363742 artificial=0.0 cols=3008
[clean-BPC  2474.47s] node 32 cg=3 phase=phase2 kind=heuristic best_rc=0.0 found=0 added=0 exhausted=False cert=False
[clean-BPC  2484.45s] node 32 cg=3 phase=phase2 kind=heuristic_boost best_rc=-0.0 found=0 added=0 exhausted=True cert=True
[clean-BPC  2484.45s] fathom node 32: reason=bound_after_schedule_pack bound=227.363742
[clean-BPC  2484.45s] node 6 d=3 lb=227.12687 open=14
[clean-BPC  2484.97s] node 6 cg=1 phase=phase1 obj=0.0 artificial=0.0 cols=3008
[clean-BPC  2485.51s] node 6 cg=2 phase=phase2 obj=227.12687 artificial=0.0 cols=3008
[clean-BPC  2490.77s] node 6 cg=2 phase=phase2 kind=heuristic best_rc=0.088692 found=0 added=0 exhausted=False cert=False
[clean-BPC  2508.39s] node 6 cg=2 phase=phase2 kind=heuristic_boost best_rc=-0.0 found=0 added=0 exhausted=True cert=True
[clean-BPC  2519.32s] branch node 6: left=RF(11,12)=separate right=RF(11,12)=same
[clean-BPC  2519.32s] node 35 d=4 lb=227.12687 open=15
[clean-BPC  2519.83s] node 35 cg=1 phase=phase1 obj=0.0 artificial=0.0 cols=3008
[clean-BPC  2520.34s] node 35 cg=2 phase=phase2 obj=227.15268 artificial=0.0 cols=3008
[clean-BPC  2520.34s] cut_purged node=35 removed=1 by_kind={'schedule_nogood_core': 1} remaining=158
[clean-BPC  2520.87s] node 35 cg=3 phase=phase2 obj=227.15268 artificial=0.0 cols=3008
[clean-BPC  2525.69s] node 35 cg=3 phase=phase2 kind=heuristic best_rc=0.0 found=0 added=0 exhausted=False cert=False
[clean-BPC  2538.67s] node 35 cg=3 phase=phase2 kind=heuristic_boost best_rc=-0.0 found=0 added=0 exhausted=True cert=True
[clean-BPC  2551.76s] branch node 35: left=RF(1,17)=separate right=RF(1,17)=same
[clean-BPC  2551.76s] node 36 d=4 lb=227.12687 open=16
[clean-BPC  2552.15s] node 36 cg=1 phase=phase1 obj=0.0 artificial=0.0 cols=3008
[clean-BPC  2552.57s] node 36 cg=2 phase=phase2 obj=227.305047 artificial=0.0 cols=3008
[clean-BPC  2557.15s] node 36 cg=2 phase=phase2 kind=heuristic best_rc=-0.0 found=0 added=0 exhausted=False cert=False
[clean-BPC  2568.03s] node 36 cg=2 phase=phase2 kind=heuristic_boost best_rc=-0.0 found=0 added=0 exhausted=True cert=True
[clean-BPC  2568.04s] route-pack-conflict diag node 36 source_vehicle=1 routes=5 U=4 complete=True cache_hit=False states=102 added=0
[clean-BPC  2569.55s] cut_added family=schedule_nogood_core node=36 added=2 source_vehicle=1 route_count=3 signatures=[[10, 12, 11, 13, 3], [1, 18, 20, 17], [4, 16, 19, 15, 9]]
[clean-BPC  2569.55s] node 30 d=6 lb=227.138609 open=16
[clean-BPC  2569.76s] node 30 cg=1 phase=phase1 obj=0.0 artificial=0.0 cols=3008
[clean-BPC  2569.97s] node 30 cg=2 phase=phase2 obj=227.308627 artificial=0.0 cols=3008
[clean-BPC  2573.57s] node 30 cg=2 phase=phase2 kind=heuristic best_rc=-0.1576612 found=1 added=1 exhausted=False cert=False
[clean-BPC  2573.77s] node 30 cg=3 phase=phase2 obj=227.256074 artificial=0.0 cols=3009
[clean-BPC  2573.77s] cut_purged node=30 removed=2 by_kind={'schedule_nogood_core': 2} remaining=158
[clean-BPC  2573.99s] node 30 cg=4 phase=phase2 obj=227.256074 artificial=0.0 cols=3009
[clean-BPC  2577.56s] node 30 cg=4 phase=phase2 kind=heuristic best_rc=-0.067372997 found=2 added=2 exhausted=False cert=False
[clean-BPC  2577.77s] node 30 cg=5 phase=phase2 obj=227.256074 artificial=0.0 cols=3011
[clean-BPC  2581.30s] node 30 cg=5 phase=phase2 kind=heuristic best_rc=-0.0 found=0 added=0 exhausted=False cert=False
[clean-BPC  2592.17s] node 30 cg=5 phase=phase2 kind=heuristic_boost best_rc=-0.0 found=0 added=0 exhausted=True cert=True
[clean-BPC  2596.68s] branch node 30: left=arc(5,2)=off right=arc(5,2)=on
[clean-BPC  2596.68s] node 29 d=6 lb=227.138609 open=17
[clean-BPC  2597.00s] node 29 cg=1 phase=phase1 obj=0.0 artificial=0.0 cols=3011
[clean-BPC  2597.32s] node 29 cg=2 phase=phase2 obj=227.363742 artificial=0.0 cols=3011
[clean-BPC  2601.46s] node 29 cg=2 phase=phase2 kind=heuristic best_rc=0.0 found=0 added=0 exhausted=False cert=False
[clean-BPC  2611.95s] node 29 cg=2 phase=phase2 kind=heuristic_boost best_rc=0.0 found=0 added=0 exhausted=True cert=True
[clean-BPC  2611.95s] fathom node 29: reason=bound_after_schedule_pack bound=227.363742
[clean-BPC  2611.95s] node 16 d=6 lb=227.15268 open=16
[clean-BPC  2612.47s] node 16 cg=1 phase=phase1 obj=0.0 artificial=0.0 cols=3011
[clean-BPC  2613.01s] node 16 cg=2 phase=phase2 obj=227.223034 artificial=0.0 cols=3011
[clean-BPC  2618.08s] node 16 cg=2 phase=phase2 kind=heuristic best_rc=-0.428598417 found=7 added=7 exhausted=False cert=False
[clean-BPC  2618.62s] node 16 cg=3 phase=phase2 obj=227.223034 artificial=0.0 cols=3018
[clean-BPC  2623.97s] node 16 cg=3 phase=phase2 kind=heuristic best_rc=0.140708 found=0 added=0 exhausted=False cert=False
[clean-BPC  2638.65s] node 16 cg=3 phase=phase2 kind=heuristic_boost best_rc=0.140708 found=0 added=0 exhausted=True cert=True
[clean-BPC  2645.82s] branch node 16: left=RF(1,9)=separate right=RF(1,9)=same
[clean-BPC  2645.82s] node 15 d=6 lb=227.15268 open=17
[clean-BPC  2646.33s] node 15 cg=1 phase=phase1 obj=0.0 artificial=0.0 cols=3018
[clean-BPC  2646.84s] node 15 cg=2 phase=phase2 obj=227.193237 artificial=0.0 cols=3018
[clean-BPC  2651.81s] node 15 cg=2 phase=phase2 kind=heuristic best_rc=-0.346229667 found=5 added=5 exhausted=False cert=False
[clean-BPC  2652.33s] node 15 cg=3 phase=phase2 obj=227.193237 artificial=0.0 cols=3023
[clean-BPC  2657.36s] node 15 cg=3 phase=phase2 kind=heuristic best_rc=-0.0 found=0 added=0 exhausted=False cert=False
[clean-BPC  2670.71s] node 15 cg=3 phase=phase2 kind=heuristic_boost best_rc=-0.1948425 found=3 added=3 exhausted=True cert=True
[clean-BPC  2671.24s] node 15 cg=4 phase=phase2 obj=227.193237 artificial=0.0 cols=3026
[clean-BPC  2676.27s] node 15 cg=4 phase=phase2 kind=heuristic best_rc=-0.0 found=0 added=0 exhausted=False cert=False
[clean-BPC  2689.76s] node 15 cg=4 phase=phase2 kind=heuristic_boost best_rc=-0.0 found=0 added=0 exhausted=True cert=True
[clean-BPC  2689.76s] route-pack-conflict diag node 15 source_vehicle=1 routes=5 U=4 complete=True cache_hit=True states=102 added=0
[clean-BPC  2691.23s] cut_added family=schedule_nogood_core node=15 added=2 source_vehicle=1 route_count=3 signatures=[[10, 12, 13, 11, 3], [1, 18, 20, 17], [4, 16, 19, 15, 9]]
[clean-BPC  2691.23s] node 37 d=5 lb=227.15268 open=17
[clean-BPC  2691.71s] node 37 cg=1 phase=phase1 obj=0.0 artificial=0.0 cols=3026
[clean-BPC  2692.19s] node 37 cg=2 phase=phase2 obj=227.363742 artificial=0.0 cols=3026
[clean-BPC  2696.47s] node 37 cg=2 phase=phase2 kind=heuristic best_rc=0.226748 found=0 added=0 exhausted=False cert=False
[clean-BPC  2707.54s] node 37 cg=2 phase=phase2 kind=heuristic_boost best_rc=0.226748 found=0 added=0 exhausted=True cert=True
[clean-BPC  2707.54s] fathom node 37: reason=bound_after_schedule_pack bound=227.363742
[clean-BPC  2707.54s] node 38 d=5 lb=227.15268 open=16
[clean-BPC  2707.83s] node 38 cg=1 phase=phase1 obj=0.0 artificial=0.0 cols=3026
[clean-BPC  2708.12s] node 38 cg=2 phase=phase2 obj=227.309074 artificial=0.0 cols=3026
[clean-BPC  2712.15s] node 38 cg=2 phase=phase2 kind=heuristic best_rc=0.0 found=0 added=0 exhausted=False cert=False
[clean-BPC  2723.46s] node 38 cg=2 phase=phase2 kind=heuristic_boost best_rc=-0.0 found=0 added=0 exhausted=True cert=True
[clean-BPC  2723.47s] route-pack-conflict diag node 38 source_vehicle=1 routes=5 U=4 complete=True cache_hit=False states=102 added=0
[clean-BPC  2724.60s] cut_added family=schedule_nogood_core node=38 added=2 source_vehicle=1 route_count=4 signatures=[[1, 18, 20, 17], [8, 14, 12, 10], [4, 16, 19, 15, 9], [6, 7, 5, 2]]
[clean-BPC  2724.60s] node 9 d=5 lb=227.193237 open=16
[clean-BPC  2725.10s] node 9 cg=1 phase=phase1 obj=0.0 artificial=0.0 cols=3026
[clean-BPC  2725.60s] node 9 cg=2 phase=phase2 obj=227.193237 artificial=0.0 cols=3026
[clean-BPC  2730.83s] node 9 cg=2 phase=phase2 kind=heuristic best_rc=0.0 found=0 added=0 exhausted=False cert=False
[clean-BPC  2745.07s] node 9 cg=2 phase=phase2 kind=heuristic_boost best_rc=-0.709433 found=8 added=8 exhausted=True cert=True
[clean-BPC  2745.57s] node 9 cg=3 phase=phase2 obj=227.193237 artificial=0.0 cols=3034
[clean-BPC  2750.40s] node 9 cg=3 phase=phase2 kind=heuristic best_rc=0.0 found=0 added=0 exhausted=False cert=False
[clean-BPC  2764.09s] node 9 cg=3 phase=phase2 kind=heuristic_boost best_rc=-0.0 found=0 added=0 exhausted=True cert=True
[clean-BPC  2764.09s] route-pack-conflict diag node 9 source_vehicle=1 routes=5 U=4 complete=True cache_hit=True states=100 added=0
[clean-BPC  2765.58s] cut_added family=schedule_nogood_core node=9 added=1 source_vehicle=1 route_count=3 signatures=[[3, 11, 13, 12, 10], [17, 20, 18, 1], [4, 16, 19, 15, 9]]
[clean-BPC  2765.58s] node 28 d=7 lb=227.193237 open=16
[clean-BPC  2765.98s] node 28 cg=1 phase=phase1 obj=0.0 artificial=0.0 cols=3034
[clean-BPC  2766.39s] node 28 cg=2 phase=phase2 obj=227.193237 artificial=0.0 cols=3034
[clean-BPC  2770.10s] node 28 cg=2 phase=phase2 kind=heuristic best_rc=0.184103 found=0 added=0 exhausted=False cert=False
[clean-BPC  2777.82s] node 28 cg=2 phase=phase2 kind=heuristic_boost best_rc=0.184103 found=0 added=0 exhausted=True cert=True
[clean-BPC  2777.83s] route-pack-conflict diag node 28 source_vehicle=1 routes=5 U=4 complete=True cache_hit=True states=105 added=0
[clean-BPC  2778.46s] cut_added family=schedule_nogood_core node=28 added=1 source_vehicle=1 route_count=3 signatures=[[3, 11, 13, 12, 10], [1, 18, 20, 17], [6, 7, 5, 2]]
[clean-BPC  2778.46s] node 26 d=7 lb=227.193237 open=16
[clean-BPC  2778.98s] node 26 cg=1 phase=phase1 obj=0.0 artificial=0.0 cols=3034
[clean-BPC  2779.53s] node 26 cg=2 phase=phase2 obj=227.263591 artificial=0.0 cols=3034
[clean-BPC  2784.51s] node 26 cg=2 phase=phase2 kind=heuristic best_rc=-0.0 found=0 added=0 exhausted=False cert=False
[clean-BPC  2799.44s] node 26 cg=2 phase=phase2 kind=heuristic_boost best_rc=-0.0 found=0 added=0 exhausted=True cert=True
[clean-BPC  2809.24s] branch node 26: left=RF(1,18)=separate right=RF(1,18)=same
[clean-BPC  2809.24s] node 23 d=4 lb=227.193237 open=17
[clean-BPC  2809.63s] node 23 cg=1 phase=phase1 obj=0.0 artificial=0.0 cols=3034
[clean-BPC  2810.03s] node 23 cg=2 phase=phase2 obj=227.193237 artificial=0.0 cols=3034
[clean-BPC  2814.41s] node 23 cg=2 phase=phase2 kind=heuristic best_rc=0.314111 found=0 added=0 exhausted=False cert=False
[clean-BPC  2824.54s] node 23 cg=2 phase=phase2 kind=heuristic_boost best_rc=0.1826695 found=0 added=0 exhausted=True cert=True
[clean-BPC  2831.82s] branch node 23: left=arc(5,2)=off right=arc(5,2)=on
[clean-BPC  2831.82s] node 25 d=7 lb=227.193237 open=18
[clean-BPC  2832.34s] node 25 cg=1 phase=phase1 obj=0.0 artificial=0.0 cols=3034
[clean-BPC  2832.88s] node 25 cg=2 phase=phase2 obj=227.263591 artificial=0.0 cols=3034
[clean-BPC  2838.19s] node 25 cg=2 phase=phase2 kind=heuristic best_rc=0.117945 found=0 added=0 exhausted=False cert=False
[clean-BPC  2854.66s] node 25 cg=2 phase=phase2 kind=heuristic_boost best_rc=0.117945 found=0 added=0 exhausted=True cert=True
[clean-BPC  2861.86s] branch node 25: left=RF(1,9)=separate right=RF(1,9)=same
[clean-BPC  2861.86s] node 24 d=4 lb=227.193237 open=19
[clean-BPC  2862.26s] node 24 cg=1 phase=phase1 obj=0.0 artificial=0.0 cols=3034
[clean-BPC  2862.65s] node 24 cg=2 phase=phase2 obj=227.193237 artificial=0.0 cols=3034
[clean-BPC  2866.65s] node 24 cg=2 phase=phase2 kind=heuristic best_rc=0.206536769 found=0 added=0 exhausted=False cert=False
[clean-BPC  2874.27s] node 24 cg=2 phase=phase2 kind=heuristic_boost best_rc=0.0 found=0 added=0 exhausted=True cert=True
[clean-BPC  2874.27s] route-pack-conflict diag node 24 source_vehicle=1 routes=5 U=3 complete=True cache_hit=False states=89 added=2
[clean-BPC  2874.27s] cut_added family=schedule_route_set_packing node=24 added=2 source=schedule_conflict first(vehicle=1, routes=5, U=3, states=89, cache_hit=False)
[clean-BPC  2874.27s] node 28 d=7 lb=227.193237 open=19
[clean-BPC  2874.67s] node 28 cg=1 phase=phase1 obj=0.0 artificial=0.0 cols=3034
[clean-BPC  2875.07s] node 28 cg=2 phase=phase2 obj=227.287042 artificial=0.0 cols=3034
[clean-BPC  2878.97s] node 28 cg=2 phase=phase2 kind=heuristic best_rc=0.223356333 found=0 added=0 exhausted=False cert=False
[clean-BPC  2887.49s] node 28 cg=2 phase=phase2 kind=heuristic_boost best_rc=0.223356333 found=0 added=0 exhausted=True cert=True
[clean-BPC  2893.89s] branch node 28: left=RF(1,9)=separate right=RF(1,9)=same
[clean-BPC  2893.89s] node 46 d=5 lb=227.193237 open=20
[clean-BPC  2894.28s] node 46 cg=1 phase=phase1 obj=0.0 artificial=0.0 cols=3034
[clean-BPC  2894.67s] node 46 cg=2 phase=phase2 obj=227.305047 artificial=0.0 cols=3034
[clean-BPC  2898.83s] node 46 cg=2 phase=phase2 kind=heuristic best_rc=-0.0500335 found=2 added=2 exhausted=False cert=False
[clean-BPC  2899.23s] node 46 cg=3 phase=phase2 obj=227.305047 artificial=0.0 cols=3036
[clean-BPC  2903.35s] node 46 cg=3 phase=phase2 kind=heuristic best_rc=0.095876 found=0 added=0 exhausted=False cert=False
[clean-BPC  2912.06s] node 46 cg=3 phase=phase2 kind=heuristic_boost best_rc=0.095876 found=0 added=0 exhausted=True cert=True
[clean-BPC  2912.07s] route-pack-conflict diag node 46 source_vehicle=1 routes=5 U=3 complete=True cache_hit=False states=94 added=2
[clean-BPC  2912.07s] cut_added family=schedule_route_set_packing node=46 added=2 source=schedule_conflict first(vehicle=1, routes=5, U=3, states=94, cache_hit=False)
[clean-BPC  2912.07s] node 24 d=4 lb=227.193237 open=20
[clean-BPC  2912.46s] node 24 cg=1 phase=phase1 obj=0.0 artificial=0.0 cols=3036
[clean-BPC  2912.86s] node 24 cg=2 phase=phase2 obj=227.305047 artificial=0.0 cols=3036
[clean-BPC  2912.86s] cut_purged node=24 removed=2 by_kind={'schedule_nogood_core': 2} remaining=166
[clean-BPC  2913.26s] node 24 cg=3 phase=phase2 obj=227.305047 artificial=0.0 cols=3036
[clean-BPC  2917.41s] node 24 cg=3 phase=phase2 kind=heuristic best_rc=0.049786 found=0 added=0 exhausted=False cert=False
[clean-BPC  2926.55s] node 24 cg=3 phase=phase2 kind=heuristic_boost best_rc=0.049786 found=0 added=0 exhausted=True cert=True
[clean-BPC  2926.56s] route-pack-conflict diag node 24 source_vehicle=1 routes=5 U=3 complete=True cache_hit=False states=89 added=2
[clean-BPC  2926.56s] cut_added family=schedule_route_set_packing node=24 added=2 source=schedule_conflict first(vehicle=1, routes=5, U=3, states=89, cache_hit=False)
[clean-BPC  2926.56s] node 15 d=6 lb=227.193237 open=20
[clean-BPC  2927.07s] node 15 cg=1 phase=phase1 obj=0.0 artificial=0.0 cols=3036
[clean-BPC  2927.60s] node 15 cg=2 phase=phase2 obj=227.193237 artificial=0.0 cols=3036
[clean-BPC  2932.81s] node 15 cg=2 phase=phase2 kind=heuristic best_rc=0.0 found=0 added=0 exhausted=False cert=False
[clean-BPC  2946.60s] node 15 cg=2 phase=phase2 kind=heuristic_boost best_rc=-0.423966357 found=2 added=2 exhausted=True cert=True
[clean-BPC  2947.12s] node 15 cg=3 phase=phase2 obj=227.193237 artificial=0.0 cols=3038
[clean-BPC  2952.36s] node 15 cg=3 phase=phase2 kind=heuristic best_rc=-0.0 found=0 added=0 exhausted=False cert=False
[clean-BPC  2966.27s] node 15 cg=3 phase=phase2 kind=heuristic_boost best_rc=-0.003253611 found=2 added=2 exhausted=True cert=True
[clean-BPC  2966.80s] node 15 cg=4 phase=phase2 obj=227.193237 artificial=0.0 cols=3040
[clean-BPC  2972.07s] node 15 cg=4 phase=phase2 kind=heuristic best_rc=-0.0 found=0 added=0 exhausted=False cert=False
[clean-BPC  2986.12s] node 15 cg=4 phase=phase2 kind=heuristic_boost best_rc=-0.0 found=0 added=0 exhausted=True cert=True
[clean-BPC  2986.13s] route-pack-conflict diag node 15 source_vehicle=1 routes=5 U=3 complete=True cache_hit=False states=111 added=2
[clean-BPC  2986.13s] cut_added family=schedule_route_set_packing node=15 added=2 source=schedule_conflict first(vehicle=1, routes=5, U=3, states=111, cache_hit=False)
[clean-BPC  2986.13s] node 45 d=5 lb=227.193237 open=20
[clean-BPC  2986.52s] node 45 cg=1 phase=phase1 obj=0.0 artificial=0.0 cols=3040
[clean-BPC  2986.91s] node 45 cg=2 phase=phase2 obj=227.193237 artificial=0.0 cols=3040
[clean-BPC  2991.05s] node 45 cg=2 phase=phase2 kind=heuristic best_rc=-1.039837 found=14 added=14 exhausted=False cert=False
[clean-BPC  2991.46s] node 45 cg=3 phase=phase2 obj=227.193237 artificial=0.0 cols=3054
[clean-BPC  2995.99s] node 45 cg=3 phase=phase2 kind=heuristic best_rc=-0.134159 found=2 added=2 exhausted=False cert=False
[clean-BPC  2996.40s] node 45 cg=4 phase=phase2 obj=227.193237 artificial=0.0 cols=3056
[clean-BPC  3000.88s] node 45 cg=4 phase=phase2 kind=heuristic best_rc=0.434318 found=0 added=0 exhausted=False cert=False
[clean-BPC  3012.30s] node 45 cg=4 phase=phase2 kind=heuristic_boost best_rc=0.335673565 found=0 added=0 exhausted=True cert=True
[clean-BPC  3019.74s] branch node 45: left=arc(3,11)=off right=arc(3,11)=on
[clean-BPC  3019.74s] node 51 d=6 lb=227.193237 open=21
[clean-BPC  3020.14s] node 51 cg=1 phase=phase1 obj=0.0 artificial=0.0 cols=3056
[clean-BPC  3020.54s] node 51 cg=2 phase=phase2 obj=227.22119 artificial=0.0 cols=3056
[clean-BPC  3024.76s] node 51 cg=2 phase=phase2 kind=heuristic best_rc=0.21395525 found=0 added=0 exhausted=False cert=False
[clean-BPC  3034.48s] node 51 cg=2 phase=phase2 kind=heuristic_boost best_rc=0.0 found=0 added=0 exhausted=True cert=True
[clean-BPC  3042.71s] branch node 51: left=arc(7,5)=off right=arc(7,5)=on
[clean-BPC  3042.71s] node 52 d=6 lb=227.193237 open=22
[clean-BPC  3043.11s] node 52 cg=1 phase=phase1 obj=0.0 artificial=0.0 cols=3056
[clean-BPC  3043.52s] node 52 cg=2 phase=phase2 obj=227.193237 artificial=0.0 cols=3056
[clean-BPC  3047.82s] node 52 cg=2 phase=phase2 kind=heuristic best_rc=-0.0 found=0 added=0 exhausted=False cert=False
[clean-BPC  3057.46s] node 52 cg=2 phase=phase2 kind=heuristic_boost best_rc=-0.0 found=0 added=0 exhausted=True cert=True
[clean-BPC  3065.07s] branch node 52: left=arc(7,6)=off right=arc(7,6)=on
[clean-BPC  3065.07s] node 9 d=5 lb=227.193237 open=23
[clean-BPC  3065.57s] node 9 cg=1 phase=phase1 obj=0.0 artificial=0.0 cols=3056
[clean-BPC  3066.07s] node 9 cg=2 phase=phase2 obj=227.287042 artificial=0.0 cols=3056
[clean-BPC  3071.54s] node 9 cg=2 phase=phase2 kind=heuristic best_rc=-0.245914755 found=2 added=2 exhausted=False cert=False
[clean-BPC  3072.04s] node 9 cg=3 phase=phase2 obj=227.287042 artificial=0.0 cols=3058
[clean-BPC  3077.77s] node 9 cg=3 phase=phase2 kind=heuristic best_rc=0.223085227 found=0 added=0 exhausted=False cert=False
[clean-BPC  3094.24s] node 9 cg=3 phase=phase2 kind=heuristic_boost best_rc=-0.0 found=0 added=0 exhausted=True cert=True
[clean-BPC  3101.55s] branch node 9: left=RF(1,9)=separate right=RF(1,9)=same
[clean-BPC  3101.55s] node 56 d=7 lb=227.193237 open=24
[clean-BPC  3101.96s] node 56 cg=1 phase=phase1 obj=0.0 artificial=0.0 cols=3058
[clean-BPC  3102.37s] node 56 cg=2 phase=phase2 obj=227.399594 artificial=0.0 cols=3058
[clean-BPC  3102.37s] cut_purged node=56 removed=2 by_kind={'schedule_nogood_core': 2} remaining=168
[clean-BPC  3102.79s] node 56 cg=3 phase=phase2 obj=227.399594 artificial=0.0 cols=3058
[clean-BPC  3107.50s] node 56 cg=3 phase=phase2 kind=heuristic best_rc=-0.2933695 found=1 added=1 exhausted=False cert=False
[clean-BPC  3107.91s] node 56 cg=4 phase=phase2 obj=227.399594 artificial=0.0 cols=3059
[clean-BPC  3112.55s] node 56 cg=4 phase=phase2 kind=heuristic best_rc=-0.030701667 found=1 added=1 exhausted=False cert=False
[clean-BPC  3112.97s] node 56 cg=5 phase=phase2 obj=227.399594 artificial=0.0 cols=3060
[clean-BPC  3117.67s] node 56 cg=5 phase=phase2 kind=heuristic best_rc=0.0 found=0 added=0 exhausted=False cert=False
[clean-BPC  3128.58s] node 56 cg=5 phase=phase2 kind=heuristic_boost best_rc=-0.384160667 found=2 added=2 exhausted=True cert=True
[clean-BPC  3128.99s] node 56 cg=6 phase=phase2 obj=227.399594 artificial=0.0 cols=3062
[clean-BPC  3133.61s] node 56 cg=6 phase=phase2 kind=heuristic best_rc=-0.0 found=0 added=0 exhausted=False cert=False
[clean-BPC  3145.44s] node 56 cg=6 phase=phase2 kind=heuristic_boost best_rc=-1.233356333 found=22 added=22 exhausted=True cert=True
[clean-BPC  3145.86s] node 56 cg=7 phase=phase2 obj=227.399594 artificial=0.0 cols=3084
[clean-BPC  3150.17s] node 56 cg=7 phase=phase2 kind=heuristic best_rc=-0.236311542 found=4 added=4 exhausted=False cert=False
[clean-BPC  3150.58s] node 56 cg=8 phase=phase2 obj=227.399594 artificial=0.0 cols=3088
[clean-BPC  3154.93s] node 56 cg=8 phase=phase2 kind=heuristic best_rc=-0.215954333 found=1 added=1 exhausted=False cert=False
[clean-BPC  3155.33s] node 56 cg=9 phase=phase2 obj=227.399594 artificial=0.0 cols=3089
[clean-BPC  3155.33s] cut_purged node=56 removed=1 by_kind={'schedule_nogood_core': 1} remaining=167
[clean-BPC  3155.74s] node 56 cg=10 phase=phase2 obj=227.399594 artificial=0.0 cols=3089
[clean-BPC  3160.16s] node 56 cg=10 phase=phase2 kind=heuristic best_rc=-0.0 found=0 added=0 exhausted=False cert=False
[clean-BPC  3170.73s] node 56 cg=10 phase=phase2 kind=heuristic_boost best_rc=-0.108403333 found=4 added=4 exhausted=True cert=True
[clean-BPC  3171.14s] node 56 cg=11 phase=phase2 obj=227.399594 artificial=0.0 cols=3093
[clean-BPC  3175.54s] node 56 cg=11 phase=phase2 kind=heuristic best_rc=0.0 found=0 added=0 exhausted=False cert=False
[clean-BPC  3186.12s] node 56 cg=11 phase=phase2 kind=heuristic_boost best_rc=0.0 found=0 added=0 exhausted=True cert=True
[clean-BPC  3186.12s] fathom node 56: reason=bound_after_schedule_pack bound=227.399594
[clean-BPC  3186.12s] node 15 d=6 lb=227.193237 open=23
[clean-BPC  3186.66s] node 15 cg=1 phase=phase1 obj=0.0 artificial=0.0 cols=3093
[clean-BPC  3187.20s] node 15 cg=2 phase=phase2 obj=227.193237 artificial=0.0 cols=3093
[clean-BPC  3192.39s] node 15 cg=2 phase=phase2 kind=heuristic best_rc=0.0 found=0 added=0 exhausted=False cert=False
[clean-BPC  3206.68s] node 15 cg=2 phase=phase2 kind=heuristic_boost best_rc=-0.724636 found=4 added=4 exhausted=True cert=True
[clean-BPC  3207.22s] node 15 cg=3 phase=phase2 obj=227.193237 artificial=0.0 cols=3097
[clean-BPC  3212.51s] node 15 cg=3 phase=phase2 kind=heuristic best_rc=0.1264925 found=0 added=0 exhausted=False cert=False
[clean-BPC  3226.97s] node 15 cg=3 phase=phase2 kind=heuristic_boost best_rc=0.1264925 found=0 added=0 exhausted=True cert=True
[clean-BPC  3226.97s] route-pack-conflict diag node 15 source_vehicle=1 routes=5 U=4 complete=True cache_hit=True states=102 added=0
[clean-BPC  3228.44s] cut_added family=schedule_nogood_core node=15 added=1 source_vehicle=1 route_count=3 signatures=[[10, 12, 13, 11, 3], [1, 18, 20, 17], [4, 16, 19, 15, 9]]
[clean-BPC  3228.45s] node 55 d=7 lb=227.193237 open=23
[clean-BPC  3228.83s] node 55 cg=1 phase=phase1 obj=0.0 artificial=0.0 cols=3097
[clean-BPC  3229.24s] node 55 cg=2 phase=phase2 obj=227.399594 artificial=0.0 cols=3097
[clean-BPC  3233.70s] node 55 cg=2 phase=phase2 kind=heuristic best_rc=0.034611333 found=0 added=0 exhausted=False cert=False
[clean-BPC  3242.86s] node 55 cg=2 phase=phase2 kind=heuristic_boost best_rc=-0.7715105 found=11 added=11 exhausted=True cert=True
[clean-BPC  3243.28s] node 55 cg=3 phase=phase2 obj=227.399594 artificial=0.0 cols=3108
[clean-BPC  3247.88s] node 55 cg=3 phase=phase2 kind=heuristic best_rc=0.0 found=0 added=0 exhausted=False cert=False
[clean-BPC  3257.20s] node 55 cg=3 phase=phase2 kind=heuristic_boost best_rc=0.0 found=0 added=0 exhausted=True cert=True
[clean-BPC  3257.20s] fathom node 55: reason=bound_after_schedule_pack bound=227.399594
[clean-BPC  3257.20s] node 15 d=6 lb=227.193237 open=22
[clean-BPC  3257.73s] node 15 cg=1 phase=phase1 obj=0.0 artificial=0.0 cols=3108
[clean-BPC  3258.29s] node 15 cg=2 phase=phase2 obj=227.203169 artificial=0.0 cols=3108
[clean-BPC  3263.56s] node 15 cg=2 phase=phase2 kind=heuristic best_rc=0.144432 found=0 added=0 exhausted=False cert=False
[clean-BPC  3277.95s] node 15 cg=2 phase=phase2 kind=heuristic_boost best_rc=0.144432 found=0 added=0 exhausted=True cert=True
[clean-BPC  3285.90s] branch node 15: left=RF(1,20)=separate right=RF(1,20)=same
[clean-BPC  3285.90s] node 21 d=4 lb=227.1957 open=23
[clean-BPC  3286.45s] node 21 cg=1 phase=phase1 obj=0.0 artificial=0.0 cols=3108
[clean-BPC  3286.99s] node 21 cg=2 phase=phase2 obj=227.216397 artificial=0.0 cols=3108
[clean-BPC  3292.01s] node 21 cg=2 phase=phase2 kind=heuristic best_rc=-0.0 found=0 added=0 exhausted=False cert=False
[clean-BPC  3305.16s] node 21 cg=2 phase=phase2 kind=heuristic_boost best_rc=-0.8143665 found=5 added=5 exhausted=True cert=True
[clean-BPC  3305.69s] node 21 cg=3 phase=phase2 obj=227.216397 artificial=0.0 cols=3113
[clean-BPC  3310.73s] node 21 cg=3 phase=phase2 kind=heuristic best_rc=0.079852 found=0 added=0 exhausted=False cert=False
[clean-BPC  3323.23s] node 21 cg=3 phase=phase2 kind=heuristic_boost best_rc=0.079852 found=0 added=0 exhausted=True cert=True
[clean-BPC  3336.31s] branch node 21: left=RF(4,17)=separate right=RF(4,17)=same
[clean-BPC  3336.31s] node 34 d=9 lb=227.1957 open=24
[clean-BPC  3336.78s] node 34 cg=1 phase=phase1 obj=0.0 artificial=0.0 cols=3113
[clean-BPC  3337.28s] node 34 cg=2 phase=phase2 obj=227.342948 artificial=0.0 cols=3113
[clean-BPC  3342.27s] node 34 cg=2 phase=phase2 kind=heuristic best_rc=-0.414103 found=7 added=7 exhausted=False cert=False
[clean-BPC  3342.76s] node 34 cg=3 phase=phase2 obj=227.342948 artificial=0.0 cols=3120
[clean-BPC  3347.42s] node 34 cg=3 phase=phase2 kind=heuristic best_rc=-0.1062805 found=3 added=3 exhausted=False cert=False
[clean-BPC  3347.90s] node 34 cg=4 phase=phase2 obj=227.342948 artificial=0.0 cols=3123
[clean-BPC  3352.88s] node 34 cg=4 phase=phase2 kind=heuristic best_rc=0.0 found=0 added=0 exhausted=False cert=False
[clean-BPC  3365.09s] node 34 cg=4 phase=phase2 kind=heuristic_boost best_rc=0.0 found=0 added=0 exhausted=True cert=True
[clean-BPC  3376.72s] branch node 34: left=arc(11,3)=off right=arc(11,3)=on
[clean-BPC  3376.72s] node 33 d=9 lb=227.1957 open=25
[clean-BPC  3377.19s] node 33 cg=1 phase=phase1 obj=0.0 artificial=0.0 cols=3123
[clean-BPC  3377.67s] node 33 cg=2 phase=phase2 obj=227.309074 artificial=0.0 cols=3123
[clean-BPC  3382.54s] node 33 cg=2 phase=phase2 kind=heuristic best_rc=-0.482187 found=2 added=2 exhausted=False cert=False
[clean-BPC  3383.01s] node 33 cg=3 phase=phase2 obj=227.309074 artificial=0.0 cols=3125
[clean-BPC  3387.75s] node 33 cg=3 phase=phase2 kind=heuristic best_rc=0.272827 found=0 added=0 exhausted=False cert=False
[clean-BPC  3399.54s] node 33 cg=3 phase=phase2 kind=heuristic_boost best_rc=0.272827 found=0 added=0 exhausted=True cert=True
[clean-BPC  3399.55s] route-pack-conflict diag node 33 source_vehicle=1 routes=5 U=4 complete=True cache_hit=False states=106 added=0
[clean-BPC  3400.66s] cut_added family=schedule_nogood_core node=33 added=1 source_vehicle=1 route_count=4 signatures=[[1, 18, 20, 17], [8, 14, 12, 10], [4, 16, 19, 15, 9], [6, 7, 5, 2]]
[clean-BPC  3400.66s] node 22 d=4 lb=227.1957 open=25
[clean-BPC  3401.21s] node 22 cg=1 phase=phase1 obj=0.0 artificial=0.0 cols=3125
[clean-BPC  3401.76s] node 22 cg=2 phase=phase2 obj=227.237093 artificial=0.0 cols=3125
[clean-BPC  3406.33s] node 22 cg=2 phase=phase2 kind=heuristic best_rc=-0.6808735 found=4 added=4 exhausted=False cert=False
[clean-BPC  3406.87s] node 22 cg=3 phase=phase2 obj=227.237093 artificial=0.0 cols=3129
[clean-BPC  3411.83s] node 22 cg=3 phase=phase2 kind=heuristic best_rc=0.255056667 found=0 added=0 exhausted=False cert=False
[clean-BPC  3423.13s] node 22 cg=3 phase=phase2 kind=heuristic_boost best_rc=0.0 found=0 added=0 exhausted=True cert=True
[clean-BPC  3435.91s] branch node 22: left=RF(4,9)=separate right=RF(4,9)=same
[clean-BPC  3435.92s] node 60 d=7 lb=227.203169 open=26
[clean-BPC  3436.24s] node 60 cg=1 phase=phase1 obj=0.0 artificial=0.0 cols=3129
[clean-BPC  3436.56s] node 60 cg=2 phase=phase2 obj=227.305047 artificial=0.0 cols=3129
[clean-BPC  3440.87s] node 60 cg=2 phase=phase2 kind=heuristic best_rc=-0.6715505 found=13 added=13 exhausted=False cert=False
[clean-BPC  3441.20s] node 60 cg=3 phase=phase2 obj=227.305047 artificial=0.0 cols=3142
[clean-BPC  3445.19s] node 60 cg=3 phase=phase2 kind=heuristic best_rc=-0.227560667 found=1 added=1 exhausted=False cert=False
[clean-BPC  3445.51s] node 60 cg=4 phase=phase2 obj=227.305047 artificial=0.0 cols=3143
[clean-BPC  3449.35s] node 60 cg=4 phase=phase2 kind=heuristic best_rc=0.178373667 found=0 added=0 exhausted=False cert=False
[clean-BPC  3459.64s] node 60 cg=4 phase=phase2 kind=heuristic_boost best_rc=-0.0754335 found=1 added=1 exhausted=True cert=True
[clean-BPC  3459.98s] node 60 cg=5 phase=phase2 obj=227.305047 artificial=0.0 cols=3144
[clean-BPC  3463.85s] node 60 cg=5 phase=phase2 kind=heuristic best_rc=-1.1015865 found=7 added=7 exhausted=False cert=False
[clean-BPC  3464.18s] node 60 cg=6 phase=phase2 obj=227.305047 artificial=0.0 cols=3151
[clean-BPC  3468.07s] node 60 cg=6 phase=phase2 kind=heuristic best_rc=0.152847 found=0 added=0 exhausted=False cert=False
[clean-BPC  3478.72s] node 60 cg=6 phase=phase2 kind=heuristic_boost best_rc=-0.0 found=0 added=0 exhausted=True cert=True
[clean-BPC  3478.73s] route-pack-conflict diag node 60 source_vehicle=1 routes=5 U=4 complete=True cache_hit=False states=112 added=0
[clean-BPC  3480.17s] cut_added family=schedule_nogood_core node=60 added=2 source_vehicle=1 route_count=3 signatures=[[3, 13, 11, 12, 10], [1, 18, 20, 17], [4, 16, 19, 15, 9]]
[clean-BPC  3480.17s] node 59 d=7 lb=227.203169 open=26
[clean-BPC  3480.68s] node 59 cg=1 phase=phase1 obj=0.0 artificial=0.0 cols=3151
[clean-BPC  3481.22s] node 59 cg=2 phase=phase2 obj=227.363742 artificial=0.0 cols=3151
[clean-BPC  3481.22s] cut_purged node=59 removed=1 by_kind={'schedule_nogood_core': 1} remaining=170
[clean-BPC  3481.73s] node 59 cg=3 phase=phase2 obj=227.363742 artificial=0.0 cols=3151
[clean-BPC  3486.86s] node 59 cg=3 phase=phase2 kind=heuristic best_rc=-0.0 found=0 added=0 exhausted=False cert=False
[clean-BPC  3500.61s] node 59 cg=3 phase=phase2 kind=heuristic_boost best_rc=-0.0 found=0 added=0 exhausted=True cert=True
[clean-BPC  3500.61s] fathom node 59: reason=bound_after_schedule_pack bound=227.363742
[clean-BPC  3500.61s] node 61 d=5 lb=227.216397 open=25
[clean-BPC  3501.10s] node 61 cg=1 phase=phase1 obj=0.0 artificial=0.0 cols=3151
[clean-BPC  3501.61s] node 61 cg=2 phase=phase2 obj=227.244695 artificial=0.0 cols=3151
[clean-BPC  3506.79s] node 61 cg=2 phase=phase2 kind=heuristic best_rc=-0.703796147 found=14 added=14 exhausted=False cert=False
[clean-BPC  3507.31s] node 61 cg=3 phase=phase2 obj=227.244695 artificial=0.0 cols=3165
[clean-BPC  3512.53s] node 61 cg=3 phase=phase2 kind=heuristic best_rc=0.0 found=0 added=0 exhausted=False cert=False
[clean-BPC  3526.23s] node 61 cg=3 phase=phase2 kind=heuristic_boost best_rc=-0.082127833 found=7 added=7 exhausted=True cert=True
[clean-BPC  3526.74s] node 61 cg=4 phase=phase2 obj=227.244695 artificial=0.0 cols=3172
[clean-BPC  3531.87s] node 61 cg=4 phase=phase2 kind=heuristic best_rc=0.271291708 found=0 added=0 exhausted=False cert=False
[clean-BPC  3545.20s] node 61 cg=4 phase=phase2 kind=heuristic_boost best_rc=-0.0 found=0 added=0 exhausted=True cert=True
[clean-BPC  3559.20s] branch node 61: left=arc(1,18)=off right=arc(1,18)=on
[clean-BPC  3559.20s] node 62 d=5 lb=227.216397 open=26
[clean-BPC  3559.47s] node 62 cg=1 phase=phase1 obj=0.0 artificial=0.0 cols=3172
[clean-BPC  3559.74s] node 62 cg=2 phase=phase2 obj=227.701396 artificial=0.0 cols=3172
[clean-BPC  3563.10s] node 62 cg=2 phase=phase2 kind=heuristic best_rc=0.0 found=0 added=0 exhausted=False cert=False
[clean-BPC  3571.85s] node 62 cg=2 phase=phase2 kind=heuristic_boost best_rc=0.0 found=0 added=0 exhausted=True cert=True
[clean-BPC  3571.85s] fathom node 62: reason=bound_after_schedule_pack bound=227.701396
[clean-BPC  3571.85s] node 53 d=7 lb=227.22119 open=25
[clean-BPC  3572.25s] node 53 cg=1 phase=phase1 obj=0.0 artificial=0.0 cols=3172
[clean-BPC  3572.66s] node 53 cg=2 phase=phase2 obj=227.249142 artificial=0.0 cols=3172
[clean-BPC  3577.04s] node 53 cg=2 phase=phase2 kind=heuristic best_rc=0.135604 found=0 added=0 exhausted=False cert=False
[clean-BPC  3587.12s] node 53 cg=2 phase=phase2 kind=heuristic_boost best_rc=0.135604 found=0 added=0 exhausted=True cert=True
[clean-BPC  3594.61s] branch node 53: left=arc(12,13)=off right=arc(12,13)=on
[clean-BPC  3594.61s] node 54 d=7 lb=227.22119 open=26
[clean-BPC  3595.00s] node 54 cg=1 phase=phase1 obj=0.0 artificial=0.0 cols=3172
[clean-BPC  3595.43s] node 54 cg=2 phase=phase2 obj=227.249142 artificial=0.0 cols=3172
[clean-BPC  3595.43s] cut_purged node=54 removed=2 by_kind={'schedule_nogood_core': 2} remaining=168
[clean-BPC  3595.84s] node 54 cg=3 phase=phase2 obj=227.249142 artificial=0.0 cols=3172
[clean-BPC  3600.25s] node 54 cg=3 phase=phase2 kind=heuristic best_rc=0.118732 found=0 added=0 exhausted=False cert=False
[clean-BPC  3609.94s] node 54 cg=3 phase=phase2 kind=heuristic_boost best_rc=-0.132303333 found=2 added=2 exhausted=True cert=True
[clean-BPC  3609.94s] fathom node 54: reason=time_limit_before_node_certificate bound=None
[clean-BPC  3609.94s] finish status=TIME_LIMIT primal=227.363742 dual=None gap=None cuts=168 diag_dual=227.22119 diag_gap=0.000627 crossing=13 crossing_upgraded=0 subset_row=23 lm_rank1=20 sched_cost=0 pair=8 clique=0 route_pack=98 nogood=22 sched_cap=0 sched_pack_adapt=0/0 route_enum_adapt=0/0
bench_20_06: status=TIME_LIMIT, primal=227.363742, dual=None, gap=None, diag_dual=227.22119, diag_gap=0.000627, time=3609.938901s, nodes=75, rmp=271, pricing=305, routes=3174, cuts=168, crossing=13, crossing_upgraded=0, rci=13, kpath=0, pair=8, subset_row=23, lm_rank1=20, sched_cost=0, clique=0, route_pack=98, nogood=22, sched_cap=0, rim_calls=20, rim_feasible=1, rim_rejected=260, rim_pair=8, rim_route_pack=294, rim_ng=218, rim_sched_cap=0, sched_pack_status=None, sched_pack_obj=None, sched_pack_gap_root=None, sched_pack_cols=0, sched_pack_relax_calls=0, sched_pack_relax_best=None, sched_pack_full_exact=0, sched_pack_adapt=0/0, sched_pack_adapt_skip=0, route_enum_adapt=0/0, route_enum_adapt_skip=0, cuts_purged=16, branch_test_time=376.451081s
开始 clean BPC: instance=bench_20_07, tasks=20, vehicles=2, time_limit=3600s, max_nodes=100000, log=/home/kai/work/gnn_bb/branchpricecut/results/logs/20260522_restore_best_356s_10_all_20_01_05/bench_20_07.jsonl
[clean-BPC     7.63s] incumbent node 0: obj=244.396062
[clean-BPC     7.63s] start: {'time': 7.625475, 'event': 'start', 'instance': 'bench_20_07', 'tasks': 20, 'vehicles': 2, 'initial_routes': 25, 'initial_incumbent': 244.396062, 'task_vehicle_linking_enabled': True, 'schedule_capacity_cuts_enabled': True, 'schedule_capacity_separation_enabled': False, 'schedule_pack_diagnostic_enabled': False, 'schedule_pack_relaxation_enabled': False, 'schedule_pack_full_pricing_enabled': False, 'schedule_pack_adaptive_enabled': False, 'route_enumeration_adaptive_enabled': False}
[clean-BPC     7.63s] node 0 d=0 lb=0.0 open=0
[clean-BPC     7.63s] node 0 cg=1 phase=phase1 obj=0.0 artificial=0.0 cols=25
[clean-BPC     7.63s] node 0 cg=2 phase=phase2 obj=244.396062 artificial=0.0 cols=25
[clean-BPC    13.10s] node 0 cg=2 phase=phase2 kind=heuristic best_rc=-38.640636 found=114262 added=600 exhausted=False cert=False
[clean-BPC    13.13s] node 0 cg=3 phase=phase2 obj=244.396062 artificial=0.0 cols=625
[clean-BPC    17.00s] node 0 cg=3 phase=phase2 kind=heuristic best_rc=-24.7645725 found=45775 added=600 exhausted=False cert=False
[clean-BPC    17.05s] node 0 cg=4 phase=phase2 obj=240.643452 artificial=0.0 cols=1225
[clean-BPC    20.05s] node 0 cg=4 phase=phase2 kind=heuristic best_rc=-12.0769102 found=10092 added=600 exhausted=False cert=False
[clean-BPC    20.12s] node 0 cg=5 phase=phase2 obj=232.310541 artificial=0.0 cols=1825
[clean-BPC    22.93s] node 0 cg=5 phase=phase2 kind=heuristic best_rc=-4.07698 found=294 added=294 exhausted=False cert=False
[clean-BPC    23.02s] node 0 cg=6 phase=phase2 obj=227.865445 artificial=0.0 cols=2119
[clean-BPC    25.86s] node 0 cg=6 phase=phase2 kind=heuristic best_rc=-1.7659158 found=143 added=143 exhausted=False cert=False
[clean-BPC    25.96s] node 0 cg=7 phase=phase2 obj=227.865445 artificial=0.0 cols=2262
[clean-BPC    28.79s] node 0 cg=7 phase=phase2 kind=heuristic best_rc=-0.083143733 found=2 added=2 exhausted=False cert=False
[clean-BPC    28.88s] node 0 cg=8 phase=phase2 obj=227.865445 artificial=0.0 cols=2264
[clean-BPC    31.71s] node 0 cg=8 phase=phase2 kind=heuristic best_rc=0.29950635 found=0 added=0 exhausted=False cert=False
[clean-BPC    37.49s] node 0 cg=8 phase=phase2 kind=exact best_rc=0.29950635 found=0 added=0 exhausted=True cert=True
[clean-BPC    38.66s] cut_added family=crossing_cut node=0 added=3 upgraded=0 first={'id': 0, 'tasks': [11, 15, 16, 18, 20], 'demand': 10.0, 'capacity_bound': 2, 'resource_bound': 1, 'k_bound': 2, 'rhs': 4.0, 'source': 'capacity', 'violation': 0.8, 'action': 'add'}
[clean-BPC    38.79s] node 0 cg=9 phase=phase2 obj=228.783152 artificial=0.0 cols=2264
[clean-BPC    42.10s] node 0 cg=9 phase=phase2 kind=heuristic best_rc=-0.0329372 found=2 added=2 exhausted=False cert=False
[clean-BPC    42.22s] node 0 cg=10 phase=phase2 obj=228.783152 artificial=0.0 cols=2266
[clean-BPC    45.59s] node 0 cg=10 phase=phase2 kind=heuristic best_rc=0.1029952 found=0 added=0 exhausted=False cert=False
[clean-BPC    57.85s] node 0 cg=10 phase=phase2 kind=exact best_rc=0.1029952 found=0 added=0 exhausted=True cert=True
[clean-BPC    58.86s] cut_added family=crossing_cut node=0 added=2 upgraded=0 first={'id': 3, 'tasks': [3, 4, 11, 12, 17], 'demand': 10.0, 'capacity_bound': 2, 'resource_bound': 1, 'k_bound': 2, 'rhs': 4.0, 'source': 'capacity', 'violation': 0.4, 'action': 'add'}
[clean-BPC    59.01s] node 0 cg=11 phase=phase2 obj=228.801788 artificial=0.0 cols=2266
[clean-BPC    62.44s] node 0 cg=11 phase=phase2 kind=heuristic best_rc=0.106194333 found=0 added=0 exhausted=False cert=False
[clean-BPC    78.77s] node 0 cg=11 phase=phase2 kind=exact best_rc=0.106194333 found=0 added=0 exhausted=True cert=True
[clean-BPC    79.73s] subset-row diag node 0 round=1 cand=146 k=2 dup=0 not_viol=287 violated=5 added=5 max_viol=0.3333333333333335
[clean-BPC    79.73s] cut_added family=subset_row node=0 added=5 first(|S|=5, k=3, viol=0.333333333)
[clean-BPC    79.87s] node 0 cg=12 phase=phase2 obj=228.979889 artificial=0.0 cols=2266
[clean-BPC    83.44s] node 0 cg=12 phase=phase2 kind=heuristic best_rc=-0.544295444 found=8 added=8 exhausted=False cert=False
[clean-BPC    83.61s] node 0 cg=13 phase=phase2 obj=228.979889 artificial=0.0 cols=2274
[clean-BPC    87.28s] node 0 cg=13 phase=phase2 kind=heuristic best_rc=-0.181066333 found=2 added=2 exhausted=False cert=False
[clean-BPC    87.45s] node 0 cg=14 phase=phase2 obj=228.979889 artificial=0.0 cols=2276
[clean-BPC    91.14s] node 0 cg=14 phase=phase2 kind=heuristic best_rc=0.0 found=0 added=0 exhausted=False cert=False
[clean-BPC   109.33s] node 0 cg=14 phase=phase2 kind=exact best_rc=0.0 found=0 added=0 exhausted=True cert=True
[clean-BPC   110.36s] cut_added family=crossing_cut node=0 added=4 upgraded=0 first={'id': 10, 'tasks': [2, 13, 14, 19], 'demand': 10.0, 'capacity_bound': 2, 'resource_bound': 1, 'k_bound': 2, 'rhs': 4.0, 'source': 'capacity', 'violation': 0.222222222, 'action': 'add'}
[clean-BPC   110.53s] node 0 cg=15 phase=phase2 obj=229.047251 artificial=0.0 cols=2276
[clean-BPC   114.39s] node 0 cg=15 phase=phase2 kind=heuristic best_rc=-0.0 found=0 added=0 exhausted=False cert=False
[clean-BPC   134.77s] node 0 cg=15 phase=phase2 kind=exact best_rc=-0.0 found=0 added=0 exhausted=True cert=True
[clean-BPC   134.78s] subset-row diag node 0 round=2 cand=230 k=2 dup=5 not_viol=430 violated=25 added=20 max_viol=0.4285714285714288
[clean-BPC   134.78s] cut_added family=subset_row node=0 added=20 first(|S|=8, k=3, viol=0.428571429)
[clean-BPC   135.06s] node 0 cg=16 phase=phase2 obj=229.279679 artificial=0.0 cols=2276
[clean-BPC   139.04s] node 0 cg=16 phase=phase2 kind=heuristic best_rc=-0.15755 found=2 added=2 exhausted=False cert=False
[clean-BPC   139.32s] node 0 cg=17 phase=phase2 obj=229.279679 artificial=0.0 cols=2278
[clean-BPC   143.23s] node 0 cg=17 phase=phase2 kind=heuristic best_rc=0.0 found=0 added=0 exhausted=False cert=False
[clean-BPC   163.58s] node 0 cg=17 phase=phase2 kind=exact best_rc=0.0 found=0 added=0 exhausted=True cert=True
[clean-BPC   163.58s] subset-row diag node 0 round=3 cand=138 k=2 dup=10 not_viol=264 violated=2 added=2 max_viol=0.33333333333333304
[clean-BPC   163.58s] cut_added family=subset_row node=0 added=2 first(|S|=7, k=2, viol=0.333333333)
[clean-BPC   163.87s] node 0 cg=18 phase=phase2 obj=229.290249 artificial=0.0 cols=2278
[clean-BPC   167.81s] node 0 cg=18 phase=phase2 kind=heuristic best_rc=-0.022184545 found=2 added=2 exhausted=False cert=False
[clean-BPC   168.10s] node 0 cg=19 phase=phase2 obj=229.289648 artificial=0.0 cols=2280
[clean-BPC   172.03s] node 0 cg=19 phase=phase2 kind=heuristic best_rc=-0.0 found=0 added=0 exhausted=False cert=False
[clean-BPC   192.37s] node 0 cg=19 phase=phase2 kind=exact best_rc=-0.0 found=0 added=0 exhausted=True cert=True
[clean-BPC   192.46s] lm-rank1 diag node 0 round=1 cand=286 denom=2 patterns=6409 dup=0 not_viol=6266 violated=52 added=20 max_viol=0.125
[clean-BPC   192.46s] cut_added family=limited_memory_rank1 node=0 added=20 first(|S|=7, d=3, mem=[1, 3, 4, 16], viol=0.125)
[clean-BPC   192.93s] node 0 cg=20 phase=phase2 obj=229.296041 artificial=0.0 cols=2280
[clean-BPC   197.46s] node 0 cg=20 phase=phase2 kind=heuristic best_rc=-0.167868625 found=12 added=12 exhausted=False cert=False
[clean-BPC   197.91s] node 0 cg=21 phase=phase2 obj=229.296041 artificial=0.0 cols=2292
[clean-BPC   202.64s] node 0 cg=21 phase=phase2 kind=heuristic best_rc=-0.110922625 found=2 added=2 exhausted=False cert=False
[clean-BPC   203.10s] node 0 cg=22 phase=phase2 obj=229.296041 artificial=0.0 cols=2294
[clean-BPC   208.07s] node 0 cg=22 phase=phase2 kind=heuristic best_rc=0.0 found=0 added=0 exhausted=False cert=False
[clean-BPC   234.30s] node 0 cg=22 phase=phase2 kind=exact best_rc=-0.0 found=0 added=0 exhausted=True cert=True
[clean-BPC   234.38s] lm-rank1 diag node 0 round=2 cand=226 denom=2 patterns=5039 dup=8 not_viol=4950 violated=4 added=4 max_viol=0.1666666666666674
[clean-BPC   234.38s] cut_added family=limited_memory_rank1 node=0 added=4 first(|S|=6, d=3, mem=[13, 19], viol=0.166666667)
[clean-BPC   234.84s] node 0 cg=23 phase=phase2 obj=229.312403 artificial=0.0 cols=2294
[clean-BPC   239.87s] node 0 cg=23 phase=phase2 kind=heuristic best_rc=-0.390624 found=12 added=12 exhausted=False cert=False
[clean-BPC   240.36s] node 0 cg=24 phase=phase2 obj=229.312403 artificial=0.0 cols=2306
[clean-BPC   245.31s] node 0 cg=24 phase=phase2 kind=heuristic best_rc=-0.546700444 found=12 added=12 exhausted=False cert=False
[clean-BPC   245.79s] node 0 cg=25 phase=phase2 obj=229.312403 artificial=0.0 cols=2318
[clean-BPC   250.39s] node 0 cg=25 phase=phase2 kind=heuristic best_rc=-1.196304667 found=38 added=38 exhausted=False cert=False
[clean-BPC   250.88s] node 0 cg=26 phase=phase2 obj=229.312403 artificial=0.0 cols=2356
[clean-BPC   255.68s] node 0 cg=26 phase=phase2 kind=heuristic best_rc=0.0 found=0 added=0 exhausted=False cert=False
[clean-BPC   282.11s] node 0 cg=26 phase=phase2 kind=exact best_rc=0.0 found=0 added=0 exhausted=True cert=True
[clean-BPC   282.18s] lm-rank1 diag node 0 round=3 cand=185 denom=2 patterns=4090 dup=7 not_viol=4013 violated=0 added=0 max_viol=0.0
[clean-BPC   282.43s] route-pack diag node 0 round=1 vehicles=2/2 support_max=13 cand=63 oracle=63 incomplete=0 not_tight=12 not_viol=45 dup=0 violated=6 added=5 max_viol=0.3333333333333335 states_max=11918
[clean-BPC   282.43s] cut_added family=schedule_route_set_packing node=0 added=5 first(vehicle=1, routes=13, U=4, y=0.5, viol=0.333333333, states=9433)
[clean-BPC   282.92s] node 0 cg=27 phase=phase2 obj=229.312403 artificial=0.0 cols=2356
[clean-BPC   287.79s] node 0 cg=27 phase=phase2 kind=heuristic best_rc=-0.235086458 found=2 added=2 exhausted=False cert=False
[clean-BPC   288.27s] node 0 cg=28 phase=phase2 obj=229.312403 artificial=0.0 cols=2358
[clean-BPC   293.53s] node 0 cg=28 phase=phase2 kind=heuristic best_rc=0.0 found=0 added=0 exhausted=False cert=False
[clean-BPC   321.97s] node 0 cg=28 phase=phase2 kind=exact best_rc=-0.0 found=0 added=0 exhausted=True cert=True
[clean-BPC   322.27s] route-pack diag node 0 round=2 vehicles=2/2 support_max=13 cand=68 oracle=68 incomplete=0 not_tight=10 not_viol=50 dup=0 violated=8 added=5 max_viol=0.3333333333333335 states_max=11064
[clean-BPC   322.27s] cut_added family=schedule_route_set_packing node=0 added=5 first(vehicle=1, routes=13, U=4, y=0.5, viol=0.333333333, states=10877)
[clean-BPC   322.76s] node 0 cg=29 phase=phase2 obj=229.312403 artificial=0.0 cols=2358
[clean-BPC   327.62s] node 0 cg=29 phase=phase2 kind=heuristic best_rc=-0.041374176 found=7 added=7 exhausted=False cert=False
[clean-BPC   328.11s] node 0 cg=30 phase=phase2 obj=229.312403 artificial=0.0 cols=2365
[clean-BPC   332.98s] node 0 cg=30 phase=phase2 kind=heuristic best_rc=-0.070619515 found=2 added=2 exhausted=False cert=False
[clean-BPC   333.47s] node 0 cg=31 phase=phase2 obj=229.312403 artificial=0.0 cols=2367
[clean-BPC   338.47s] node 0 cg=31 phase=phase2 kind=heuristic best_rc=0.0 found=0 added=0 exhausted=False cert=False
[clean-BPC   366.05s] node 0 cg=31 phase=phase2 kind=exact best_rc=-0.0 found=0 added=0 exhausted=True cert=True
[clean-BPC   386.09s] route-pack-conflict diag node 0 source_vehicle=1 routes=5 U=4 complete=True cache_hit=False states=118 added=0
[clean-BPC   387.65s] route-pack-conflict diag node 0 source_vehicle=1 routes=5 U=4 complete=True cache_hit=False states=106 added=0
[clean-BPC   397.16s] rim-conflict diag node 0 conflicts=7 pair_events=0 pair_cuts=0 schedcap_events=0 schedcap_cuts=0 routepack_events=2 routepack_cuts=0 routepack_cache=0 routepack_states_max=118 routepack_budget_skip=5 nogood_events=0 nogood_cuts=0 weak_skip=7
[clean-BPC    20.03s] restricted-MIP node 0 status=TIME_LIMIT obj=None accepted=False routes=2367 rejected=7 pair=0 ng=14 route_pack=0 sched_cap=0 added_cuts=0 time=20.029852
[clean-BPC   406.39s] branch node 0: left=task_vehicle(10,2)=off right=task_vehicle(10,2)=on
[clean-BPC   406.39s] node 1 d=1 lb=229.312403 open=1
[clean-BPC   406.74s] node 1 cg=1 phase=phase1 obj=0.0 artificial=0.0 cols=2367
[clean-BPC   407.12s] node 1 cg=2 phase=phase2 obj=229.312403 artificial=0.0 cols=2367
[clean-BPC   411.87s] node 1 cg=2 phase=phase2 kind=heuristic best_rc=-0.502930733 found=14 added=14 exhausted=False cert=False
[clean-BPC   412.24s] node 1 cg=3 phase=phase2 obj=229.312403 artificial=0.0 cols=2381
[clean-BPC   417.01s] node 1 cg=3 phase=phase2 kind=heuristic best_rc=-0.0 found=0 added=0 exhausted=False cert=False
[clean-BPC   440.55s] node 1 cg=3 phase=phase2 kind=heuristic_boost best_rc=-1.303169852 found=25 added=25 exhausted=True cert=True
[clean-BPC   440.94s] node 1 cg=4 phase=phase2 obj=229.312403 artificial=0.0 cols=2406
[clean-BPC   446.00s] node 1 cg=4 phase=phase2 kind=heuristic best_rc=-0.0 found=0 added=0 exhausted=False cert=False
[clean-BPC   469.39s] node 1 cg=4 phase=phase2 kind=heuristic_boost best_rc=-0.446257 found=4 added=4 exhausted=True cert=True
[clean-BPC   469.77s] node 1 cg=5 phase=phase2 obj=229.312403 artificial=0.0 cols=2410
[clean-BPC   474.84s] node 1 cg=5 phase=phase2 kind=heuristic best_rc=-0.0 found=0 added=0 exhausted=False cert=False
[clean-BPC   497.73s] node 1 cg=5 phase=phase2 kind=heuristic_boost best_rc=-0.0 found=0 added=0 exhausted=True cert=True
[clean-BPC   497.86s] route-pack diag node 1 round=1 vehicles=1/2 support_max=13 cand=33 oracle=33 incomplete=0 not_tight=7 not_viol=23 dup=0 violated=3 added=3 max_viol=0.6666666666666679 states_max=9939
[clean-BPC   497.86s] cut_added family=schedule_route_set_packing node=1 added=3 first(vehicle=1, routes=13, U=4, y=1.0, viol=0.666666667, states=9939)
[clean-BPC   498.25s] node 1 cg=6 phase=phase2 obj=229.312403 artificial=0.0 cols=2410
[clean-BPC   503.20s] node 1 cg=6 phase=phase2 kind=heuristic best_rc=-0.087268667 found=2 added=2 exhausted=False cert=False
[clean-BPC   503.59s] node 1 cg=7 phase=phase2 obj=229.312403 artificial=0.0 cols=2412
[clean-BPC   503.59s] cut_purged node=1 removed=1 by_kind={'crossing_cut': 1} remaining=72
[clean-BPC   503.97s] node 1 cg=8 phase=phase2 obj=229.312403 artificial=0.0 cols=2412
[clean-BPC   508.88s] node 1 cg=8 phase=phase2 kind=heuristic best_rc=-0.0 found=0 added=0 exhausted=False cert=False
[clean-BPC   531.12s] node 1 cg=8 phase=phase2 kind=heuristic_boost best_rc=-0.0 found=0 added=0 exhausted=True cert=True
[clean-BPC   531.26s] route-pack diag node 1 round=2 vehicles=1/2 support_max=13 cand=31 oracle=31 incomplete=0 not_tight=4 not_viol=23 dup=0 violated=4 added=4 max_viol=0.666666666666667 states_max=11334
[clean-BPC   531.26s] cut_added family=schedule_route_set_packing node=1 added=4 first(vehicle=1, routes=13, U=4, y=1.0, viol=0.666666667, states=11334)
[clean-BPC   531.64s] node 1 cg=9 phase=phase2 obj=229.312403 artificial=0.0 cols=2412
[clean-BPC   536.52s] node 1 cg=9 phase=phase2 kind=heuristic best_rc=-0.0 found=0 added=0 exhausted=False cert=False
[clean-BPC   558.79s] node 1 cg=9 phase=phase2 kind=heuristic_boost best_rc=-0.0 found=0 added=0 exhausted=True cert=True
[clean-BPC   581.79s] route-pack-conflict diag node 1 source_vehicle=1 routes=5 U=4 complete=True cache_hit=False states=104 added=0
[clean-BPC   583.23s] route-pack-conflict diag node 1 source_vehicle=1 routes=5 U=4 complete=True cache_hit=False states=109 added=0
[clean-BPC   598.42s] rim-conflict diag node 1 conflicts=10 pair_events=0 pair_cuts=0 schedcap_events=0 schedcap_cuts=0 routepack_events=2 routepack_cuts=0 routepack_cache=0 routepack_states_max=109 routepack_budget_skip=8 nogood_events=0 nogood_cuts=0 weak_skip=10
[clean-BPC    22.99s] restricted-MIP node 1 status=TIME_LIMIT obj=None accepted=False routes=2412 rejected=10 pair=0 ng=20 route_pack=0 sched_cap=0 added_cuts=0 time=22.98971
[clean-BPC   607.02s] branch node 1: left=RF(3,4)=separate right=RF(3,4)=same
[clean-BPC   607.02s] node 3 d=2 lb=229.312403 open=2
[clean-BPC   607.39s] node 3 cg=1 phase=phase1 obj=0.0 artificial=0.0 cols=2412
[clean-BPC   607.76s] node 3 cg=2 phase=phase2 obj=229.865249 artificial=0.0 cols=2412
[clean-BPC   612.04s] node 3 cg=2 phase=phase2 kind=heuristic best_rc=-0.028025557 found=2 added=2 exhausted=False cert=False
[clean-BPC   612.41s] node 3 cg=3 phase=phase2 obj=229.865249 artificial=0.0 cols=2414
[clean-BPC   616.64s] node 3 cg=3 phase=phase2 kind=heuristic best_rc=-0.219882922 found=4 added=4 exhausted=False cert=False
[clean-BPC   617.01s] node 3 cg=4 phase=phase2 obj=229.865249 artificial=0.0 cols=2418
[clean-BPC   620.99s] node 3 cg=4 phase=phase2 kind=heuristic best_rc=-0.436918333 found=13 added=13 exhausted=False cert=False
[clean-BPC   621.36s] node 3 cg=5 phase=phase2 obj=229.865249 artificial=0.0 cols=2431
[clean-BPC   625.35s] node 3 cg=5 phase=phase2 kind=heuristic best_rc=-1.8508135 found=44 added=44 exhausted=False cert=False
[clean-BPC   625.75s] node 3 cg=6 phase=phase2 obj=229.865249 artificial=0.0 cols=2475
[clean-BPC   629.53s] node 3 cg=6 phase=phase2 kind=heuristic best_rc=-0.655456667 found=20 added=20 exhausted=False cert=False
[clean-BPC   629.92s] node 3 cg=7 phase=phase2 obj=229.865249 artificial=0.0 cols=2495
[clean-BPC   633.37s] node 3 cg=7 phase=phase2 kind=heuristic best_rc=-0.294041333 found=3 added=3 exhausted=False cert=False
[clean-BPC   633.75s] node 3 cg=8 phase=phase2 obj=229.865249 artificial=0.0 cols=2498
[clean-BPC   637.52s] node 3 cg=8 phase=phase2 kind=heuristic best_rc=-0.487072429 found=1 added=1 exhausted=False cert=False
[clean-BPC   637.91s] node 3 cg=9 phase=phase2 obj=229.865249 artificial=0.0 cols=2499
[clean-BPC   641.82s] node 3 cg=9 phase=phase2 kind=heuristic best_rc=-0.206404333 found=2 added=2 exhausted=False cert=False
[clean-BPC   642.23s] node 3 cg=10 phase=phase2 obj=229.865249 artificial=0.0 cols=2501
[clean-BPC   646.04s] node 3 cg=10 phase=phase2 kind=heuristic best_rc=-0.193320786 found=2 added=2 exhausted=False cert=False
[clean-BPC   646.44s] node 3 cg=11 phase=phase2 obj=229.865249 artificial=0.0 cols=2503
[clean-BPC   650.33s] node 3 cg=11 phase=phase2 kind=heuristic best_rc=0.1755585 found=0 added=0 exhausted=False cert=False
[clean-BPC   658.37s] node 3 cg=11 phase=phase2 kind=heuristic_boost best_rc=0.0 found=0 added=0 exhausted=True cert=True
[clean-BPC   658.38s] route-pack diag node 3 round=1 vehicles=1/2 support_max=8 cand=16 oracle=16 incomplete=0 not_tight=6 not_viol=7 dup=0 violated=3 added=3 max_viol=0.6666666666666661 states_max=980
[clean-BPC   658.38s] cut_added family=schedule_route_set_packing node=3 added=3 first(vehicle=1, routes=8, U=4, y=1.0, viol=0.666666667, states=980)
[clean-BPC   658.76s] node 3 cg=12 phase=phase2 obj=229.865249 artificial=0.0 cols=2503
[clean-BPC   662.90s] node 3 cg=12 phase=phase2 kind=heuristic best_rc=0.301177051 found=0 added=0 exhausted=False cert=False
[clean-BPC   673.92s] node 3 cg=12 phase=phase2 kind=heuristic_boost best_rc=-0.0 found=0 added=0 exhausted=True cert=True
[clean-BPC   673.93s] route-pack diag node 3 round=2 vehicles=1/2 support_max=8 cand=13 oracle=13 incomplete=0 not_tight=6 not_viol=5 dup=0 violated=2 added=2 max_viol=0.6666666666666727 states_max=931
[clean-BPC   673.93s] cut_added family=schedule_route_set_packing node=3 added=2 first(vehicle=1, routes=8, U=4, y=1.0, viol=0.666666667, states=931)
[clean-BPC   674.31s] node 3 cg=13 phase=phase2 obj=229.865249 artificial=0.0 cols=2503
[clean-BPC   678.48s] node 3 cg=13 phase=phase2 kind=heuristic best_rc=0.301177051 found=0 added=0 exhausted=False cert=False
[clean-BPC   689.49s] node 3 cg=13 phase=phase2 kind=heuristic_boost best_rc=-0.0 found=0 added=0 exhausted=True cert=True
[clean-BPC   709.64s] route-pack-conflict diag node 3 source_vehicle=1 routes=5 U=4 complete=True cache_hit=False states=118 added=0
[clean-BPC   710.94s] route-pack-conflict diag node 3 source_vehicle=1 routes=5 U=4 complete=True cache_hit=False states=98 added=0
[clean-BPC   720.40s] rim-conflict diag node 3 conflicts=13 pair_events=0 pair_cuts=0 schedcap_events=0 schedcap_cuts=0 routepack_events=2 routepack_cuts=0 routepack_cache=0 routepack_states_max=118 routepack_budget_skip=11 nogood_events=0 nogood_cuts=0 weak_skip=13
[clean-BPC    20.14s] restricted-MIP node 3 status=TIME_LIMIT obj=None accepted=False routes=2503 rejected=13 pair=0 ng=26 route_pack=0 sched_cap=0 added_cuts=0 time=20.14115
[clean-BPC   729.38s] branch node 3: left=arc(2,5)=off right=arc(2,5)=on
[clean-BPC   729.38s] node 4 d=2 lb=229.312403 open=3
[clean-BPC   729.54s] node 4 cg=1 phase=phase1 obj=0.0 artificial=0.0 cols=2503
[clean-BPC   729.71s] node 4 cg=2 phase=phase2 obj=229.451883 artificial=0.0 cols=2503
[clean-BPC   733.00s] node 4 cg=2 phase=phase2 kind=heuristic best_rc=-0.707681167 found=28 added=28 exhausted=False cert=False
[clean-BPC   733.17s] node 4 cg=3 phase=phase2 obj=229.451883 artificial=0.0 cols=2531
[clean-BPC   736.52s] node 4 cg=3 phase=phase2 kind=heuristic best_rc=0.0 found=0 added=0 exhausted=False cert=False
[clean-BPC   753.99s] node 4 cg=3 phase=phase2 kind=heuristic_boost best_rc=0.0 found=0 added=0 exhausted=True cert=True
[clean-BPC   754.04s] route-pack diag node 4 round=1 vehicles=1/2 support_max=11 cand=26 oracle=26 incomplete=0 not_tight=5 not_viol=18 dup=0 violated=3 added=3 max_viol=0.666666666666667 states_max=4644
[clean-BPC   754.04s] cut_added family=schedule_route_set_packing node=4 added=3 first(vehicle=1, routes=11, U=4, y=1.0, viol=0.666666667, states=4644)
[clean-BPC   754.21s] node 4 cg=4 phase=phase2 obj=229.451883 artificial=0.0 cols=2531
[clean-BPC   757.68s] node 4 cg=4 phase=phase2 kind=heuristic best_rc=-0.709116267 found=4 added=4 exhausted=False cert=False
[clean-BPC   757.84s] node 4 cg=5 phase=phase2 obj=229.451883 artificial=0.0 cols=2535
[clean-BPC   761.34s] node 4 cg=5 phase=phase2 kind=heuristic best_rc=-0.0 found=0 added=0 exhausted=False cert=False
[clean-BPC   778.70s] node 4 cg=5 phase=phase2 kind=heuristic_boost best_rc=-0.0 found=0 added=0 exhausted=True cert=True
[clean-BPC   778.75s] route-pack diag node 4 round=2 vehicles=1/2 support_max=11 cand=26 oracle=26 incomplete=0 not_tight=6 not_viol=17 dup=0 violated=3 added=3 max_viol=0.666666666666667 states_max=4558
[clean-BPC   778.75s] cut_added family=schedule_route_set_packing node=4 added=3 first(vehicle=1, routes=11, U=4, y=1.0, viol=0.666666667, states=4558)
[clean-BPC   778.93s] node 4 cg=6 phase=phase2 obj=229.451883 artificial=0.0 cols=2535
[clean-BPC   782.39s] node 4 cg=6 phase=phase2 kind=heuristic best_rc=0.0 found=0 added=0 exhausted=False cert=False
[clean-BPC   799.75s] node 4 cg=6 phase=phase2 kind=heuristic_boost best_rc=0.0 found=0 added=0 exhausted=True cert=True
[clean-BPC   820.01s] route-pack-conflict diag node 4 source_vehicle=1 routes=5 U=4 complete=True cache_hit=False states=109 added=0
[clean-BPC   821.56s] route-pack-conflict diag node 4 source_vehicle=1 routes=5 U=4 complete=True cache_hit=False states=113 added=0
[clean-BPC   836.92s] rim-conflict diag node 4 conflicts=11 pair_events=0 pair_cuts=0 schedcap_events=0 schedcap_cuts=0 routepack_events=2 routepack_cuts=0 routepack_cache=0 routepack_states_max=113 routepack_budget_skip=9 nogood_events=0 nogood_cuts=0 weak_skip=11
[clean-BPC    20.26s] restricted-MIP node 4 status=TIME_LIMIT obj=None accepted=False routes=2535 rejected=11 pair=0 ng=22 route_pack=0 sched_cap=0 added_cuts=0 time=20.256144
[clean-BPC   841.90s] branch node 4: left=RF(5,7)=separate right=RF(5,7)=same
[clean-BPC   841.90s] node 2 d=1 lb=229.312403 open=4
[clean-BPC   842.30s] node 2 cg=1 phase=phase1 obj=0.0 artificial=0.0 cols=2535
[clean-BPC   842.71s] node 2 cg=2 phase=phase2 obj=329.312403 artificial=0.0 cols=2535
[clean-BPC   847.49s] node 2 cg=2 phase=phase2 kind=heuristic best_rc=0.089432667 found=0 added=0 exhausted=False cert=False
[clean-BPC   868.74s] node 2 cg=2 phase=phase2 kind=heuristic_boost best_rc=-0.0 found=0 added=0 exhausted=True cert=True
[clean-BPC   868.76s] route-pack diag node 2 round=1 vehicles=2/2 support_max=8 cand=27 oracle=27 incomplete=0 not_tight=10 not_viol=17 dup=0 violated=0 added=0 max_viol=0.0 states_max=1127
[clean-BPC   868.76s] fathom node 2: reason=bound_after_schedule_pack bound=329.312403
[clean-BPC   868.76s] node 7 d=3 lb=229.451883 open=3
[clean-BPC   868.91s] node 7 cg=1 phase=phase1 obj=0.0 artificial=0.0 cols=2535
[clean-BPC   869.06s] node 7 cg=2 phase=phase2 obj=230.437644 artificial=0.0 cols=2535
[clean-BPC   872.46s] node 7 cg=2 phase=phase2 kind=heuristic best_rc=-1.27302019 found=56 added=56 exhausted=False cert=False
[clean-BPC   872.63s] node 7 cg=3 phase=phase2 obj=230.437644 artificial=0.0 cols=2591
[clean-BPC   876.03s] node 7 cg=3 phase=phase2 kind=heuristic best_rc=-0.621220667 found=10 added=10 exhausted=False cert=False
[clean-BPC   876.19s] node 7 cg=4 phase=phase2 obj=230.437644 artificial=0.0 cols=2601
[clean-BPC   879.33s] node 7 cg=4 phase=phase2 kind=heuristic best_rc=0.015085 found=0 added=0 exhausted=False cert=False
[clean-BPC   885.70s] node 7 cg=4 phase=phase2 kind=heuristic_boost best_rc=0.015085 found=0 added=0 exhausted=True cert=True
[clean-BPC   905.79s] route-pack-conflict diag node 7 source_vehicle=1 routes=5 U=4 complete=True cache_hit=False states=113 added=0
[clean-BPC   907.67s] route-pack-conflict diag node 7 source_vehicle=1 routes=5 U=4 complete=True cache_hit=False states=118 added=0
[clean-BPC   922.06s] rim-conflict diag node 7 conflicts=10 pair_events=0 pair_cuts=0 schedcap_events=0 schedcap_cuts=0 routepack_events=2 routepack_cuts=0 routepack_cache=0 routepack_states_max=118 routepack_budget_skip=8 nogood_events=0 nogood_cuts=0 weak_skip=10
[clean-BPC    20.08s] restricted-MIP node 7 status=TIME_LIMIT obj=None accepted=False routes=2601 rejected=10 pair=0 ng=20 route_pack=0 sched_cap=0 added_cuts=0 time=20.083084
[clean-BPC   925.95s] branch node 7: left=RF(13,14)=separate right=RF(13,14)=same
[clean-BPC   925.95s] node 8 d=3 lb=229.451883 open=4
[clean-BPC   926.10s] node 8 cg=1 phase=phase1 obj=0.0 artificial=0.0 cols=2601
[clean-BPC   926.24s] node 8 cg=2 phase=phase2 obj=229.597104 artificial=0.0 cols=2601
[clean-BPC   929.49s] node 8 cg=2 phase=phase2 kind=heuristic best_rc=-0.54365125 found=7 added=7 exhausted=False cert=False
[clean-BPC   929.63s] node 8 cg=3 phase=phase2 obj=229.597104 artificial=0.0 cols=2608
[clean-BPC   932.82s] node 8 cg=3 phase=phase2 kind=heuristic best_rc=-0.0 found=0 added=0 exhausted=False cert=False
[clean-BPC   945.06s] node 8 cg=3 phase=phase2 kind=heuristic_boost best_rc=-0.0 found=0 added=0 exhausted=True cert=True
[clean-BPC   966.34s] route-pack-conflict diag node 8 source_vehicle=1 routes=5 U=4 complete=True cache_hit=False states=104 added=0
[clean-BPC   967.76s] route-pack-conflict diag node 8 source_vehicle=1 routes=5 U=4 complete=True cache_hit=False states=116 added=0
[clean-BPC   984.74s] rim-conflict diag node 8 conflicts=12 pair_events=0 pair_cuts=0 schedcap_events=0 schedcap_cuts=0 routepack_events=2 routepack_cuts=0 routepack_cache=0 routepack_states_max=116 routepack_budget_skip=10 nogood_events=0 nogood_cuts=0 weak_skip=12
[clean-BPC    21.28s] restricted-MIP node 8 status=TIME_LIMIT obj=None accepted=False routes=2608 rejected=12 pair=0 ng=24 route_pack=0 sched_cap=0 added_cuts=0 time=21.278177
[clean-BPC   984.76s] route-pack-conflict diag node 8 source_vehicle=1 routes=5 U=4 complete=True cache_hit=False states=116 added=0
[clean-BPC   986.28s] cut_added family=schedule_nogood_core node=8 added=2 source_vehicle=1 route_count=4 signatures=[[1, 4, 12, 17, 3], [15, 18, 10, 9, 6, 8], [2, 14], [5, 7, 13, 19]]
[clean-BPC   986.28s] node 8 d=3 lb=229.597104 open=4
[clean-BPC   986.43s] node 8 cg=1 phase=phase1 obj=0.0 artificial=0.0 cols=2608
[clean-BPC   986.57s] node 8 cg=2 phase=phase2 obj=229.597104 artificial=0.0 cols=2608
[clean-BPC   989.84s] node 8 cg=2 phase=phase2 kind=heuristic best_rc=-0.0 found=0 added=0 exhausted=False cert=False
[clean-BPC  1002.21s] node 8 cg=2 phase=phase2 kind=heuristic_boost best_rc=-0.0 found=0 added=0 exhausted=True cert=True
[clean-BPC  1023.67s] route-pack-conflict diag node 8 source_vehicle=1 routes=5 U=4 complete=True cache_hit=False states=101 added=0
[clean-BPC  1025.11s] route-pack-conflict diag node 8 source_vehicle=1 routes=5 U=4 complete=True cache_hit=True states=113 added=0
[clean-BPC  1042.03s] rim-conflict diag node 8 conflicts=12 pair_events=0 pair_cuts=0 schedcap_events=0 schedcap_cuts=0 routepack_events=2 routepack_cuts=0 routepack_cache=1 routepack_states_max=113 routepack_budget_skip=10 nogood_events=0 nogood_cuts=0 weak_skip=12
[clean-BPC    21.45s] restricted-MIP node 8 status=TIME_LIMIT obj=None accepted=False routes=2608 rejected=12 pair=0 ng=24 route_pack=0 sched_cap=0 added_cuts=0 time=21.450823
[clean-BPC  1042.04s] route-pack-conflict diag node 8 source_vehicle=1 routes=5 U=4 complete=True cache_hit=False states=116 added=0
[clean-BPC  1043.57s] cut_added family=schedule_nogood_core node=8 added=2 source_vehicle=1 route_count=4 signatures=[[1, 4, 12, 17, 3], [15, 18, 10, 9, 6, 8], [2, 14], [5, 7, 19, 13]]
[clean-BPC  1043.57s] node 8 d=3 lb=229.597104 open=4
[clean-BPC  1043.71s] node 8 cg=1 phase=phase1 obj=0.0 artificial=0.0 cols=2608
[clean-BPC  1043.86s] node 8 cg=2 phase=phase2 obj=229.597104 artificial=0.0 cols=2608
[clean-BPC  1047.11s] node 8 cg=2 phase=phase2 kind=heuristic best_rc=0.0 found=0 added=0 exhausted=False cert=False
[clean-BPC  1059.28s] node 8 cg=2 phase=phase2 kind=heuristic_boost best_rc=0.0 found=0 added=0 exhausted=True cert=True
[clean-BPC  1080.65s] route-pack-conflict diag node 8 source_vehicle=1 routes=5 U=4 complete=True cache_hit=True states=101 added=0
[clean-BPC  1082.07s] route-pack-conflict diag node 8 source_vehicle=1 routes=5 U=4 complete=True cache_hit=True states=113 added=0
[clean-BPC  1099.06s] rim-conflict diag node 8 conflicts=12 pair_events=0 pair_cuts=0 schedcap_events=0 schedcap_cuts=0 routepack_events=2 routepack_cuts=0 routepack_cache=2 routepack_states_max=113 routepack_budget_skip=10 nogood_events=0 nogood_cuts=0 weak_skip=12
[clean-BPC    21.36s] restricted-MIP node 8 status=TIME_LIMIT obj=None accepted=False routes=2608 rejected=12 pair=0 ng=24 route_pack=0 sched_cap=0 added_cuts=0 time=21.364484
[clean-BPC  1101.83s] branch node 8: left=arc(19,13)=off right=arc(19,13)=on
[clean-BPC  1101.83s] node 11 d=4 lb=229.597104 open=5
[clean-BPC  1101.96s] node 11 cg=1 phase=phase1 obj=0.0 artificial=0.0 cols=2608
[clean-BPC  1102.11s] node 11 cg=2 phase=phase2 obj=229.597104 artificial=0.0 cols=2608
[clean-BPC  1105.41s] node 11 cg=2 phase=phase2 kind=heuristic best_rc=0.0 found=0 added=0 exhausted=False cert=False
[clean-BPC  1119.11s] node 11 cg=2 phase=phase2 kind=heuristic_boost best_rc=0.0 found=0 added=0 exhausted=True cert=True
[clean-BPC  1119.12s] route-pack-conflict diag node 11 source_vehicle=1 routes=5 U=4 complete=True cache_hit=False states=118 added=0
[clean-BPC  1120.66s] cut_added family=schedule_nogood_core node=11 added=2 source_vehicle=1 route_count=4 signatures=[[1, 4, 12, 17, 3], [8, 6, 9, 10, 18, 15], [2, 14], [5, 7, 13, 19]]
[clean-BPC  1120.66s] node 12 d=4 lb=229.597104 open=5
[clean-BPC  1120.80s] node 12 cg=1 phase=phase1 obj=0.0 artificial=0.0 cols=2608
[clean-BPC  1120.95s] node 12 cg=2 phase=phase2 obj=229.597104 artificial=0.0 cols=2608
[clean-BPC  1124.25s] node 12 cg=2 phase=phase2 kind=heuristic best_rc=-0.0299415 found=2 added=2 exhausted=False cert=False
[clean-BPC  1124.40s] node 12 cg=3 phase=phase2 obj=229.597104 artificial=0.0 cols=2610
[clean-BPC  1127.81s] node 12 cg=3 phase=phase2 kind=heuristic best_rc=-0.0 found=0 added=0 exhausted=False cert=False
[clean-BPC  1144.40s] node 12 cg=3 phase=phase2 kind=heuristic_boost best_rc=-0.0 found=0 added=0 exhausted=True cert=True
[clean-BPC  1144.41s] route-pack-conflict diag node 12 source_vehicle=1 routes=5 U=4 complete=True cache_hit=False states=118 added=0
[clean-BPC  1145.96s] cut_added family=schedule_nogood_core node=12 added=2 source_vehicle=1 route_count=4 signatures=[[1, 4, 12, 17, 3], [8, 6, 9, 10, 18, 15], [2, 14], [5, 7, 19, 13]]
[clean-BPC  1145.96s] node 11 d=4 lb=229.597104 open=5
[clean-BPC  1146.11s] node 11 cg=1 phase=phase1 obj=0.0 artificial=0.0 cols=2610
[clean-BPC  1146.25s] node 11 cg=2 phase=phase2 obj=229.597104 artificial=0.0 cols=2610
[clean-BPC  1149.61s] node 11 cg=2 phase=phase2 kind=heuristic best_rc=-0.0 found=0 added=0 exhausted=False cert=False
[clean-BPC  1163.42s] node 11 cg=2 phase=phase2 kind=heuristic_boost best_rc=-0.0 found=0 added=0 exhausted=True cert=True
[clean-BPC  1166.69s] branch node 11: left=arc(15,18)=off right=arc(15,18)=on
[clean-BPC  1166.69s] node 12 d=4 lb=229.597104 open=6
[clean-BPC  1166.83s] node 12 cg=1 phase=phase1 obj=0.0 artificial=0.0 cols=2610
[clean-BPC  1166.98s] node 12 cg=2 phase=phase2 obj=229.597104 artificial=0.0 cols=2610
[clean-BPC  1170.43s] node 12 cg=2 phase=phase2 kind=heuristic best_rc=0.0 found=0 added=0 exhausted=False cert=False
[clean-BPC  1187.06s] node 12 cg=2 phase=phase2 kind=heuristic_boost best_rc=0.0 found=0 added=0 exhausted=True cert=True
[clean-BPC  1191.25s] branch node 12: left=arc(13,7)=off right=arc(13,7)=on
[clean-BPC  1191.25s] node 13 d=5 lb=229.597104 open=7
[clean-BPC  1191.38s] node 13 cg=1 phase=phase1 obj=0.0 artificial=0.0 cols=2610
[clean-BPC  1191.51s] node 13 cg=2 phase=phase2 obj=229.597104 artificial=0.0 cols=2610
[clean-BPC  1194.93s] node 13 cg=2 phase=phase2 kind=heuristic best_rc=-0.0 found=0 added=0 exhausted=False cert=False
[clean-BPC  1210.64s] node 13 cg=2 phase=phase2 kind=heuristic_boost best_rc=-0.0 found=0 added=0 exhausted=True cert=True
[clean-BPC  1210.65s] route-pack-conflict diag node 13 source_vehicle=1 routes=5 U=4 complete=True cache_hit=False states=115 added=0
[clean-BPC  1212.23s] cut_added family=schedule_nogood_core node=13 added=2 source_vehicle=1 route_count=4 signatures=[[1, 4, 12, 17, 3], [8, 6, 9, 10, 18, 15], [14, 2], [5, 7, 13, 19]]
[clean-BPC  1212.23s] node 14 d=5 lb=229.597104 open=7
[clean-BPC  1212.38s] node 14 cg=1 phase=phase1 obj=0.0 artificial=0.0 cols=2610
[clean-BPC  1212.52s] node 14 cg=2 phase=phase2 obj=229.597104 artificial=0.0 cols=2610
[clean-BPC  1215.55s] node 14 cg=2 phase=phase2 kind=heuristic best_rc=-1.998626 found=81 added=81 exhausted=False cert=False
[clean-BPC  1215.72s] node 14 cg=3 phase=phase2 obj=229.597104 artificial=0.0 cols=2691
[clean-BPC  1218.80s] node 14 cg=3 phase=phase2 kind=heuristic best_rc=0.100709542 found=0 added=0 exhausted=False cert=False
[clean-BPC  1232.88s] node 14 cg=3 phase=phase2 kind=heuristic_boost best_rc=-1.676357677 found=25 added=25 exhausted=True cert=True
[clean-BPC  1233.05s] node 14 cg=4 phase=phase2 obj=229.597104 artificial=0.0 cols=2716
[clean-BPC  1236.16s] node 14 cg=4 phase=phase2 kind=heuristic best_rc=0.0 found=0 added=0 exhausted=False cert=False
[clean-BPC  1248.83s] node 14 cg=4 phase=phase2 kind=heuristic_boost best_rc=-2.209519 found=64 added=64 exhausted=True cert=True
[clean-BPC  1249.01s] node 14 cg=5 phase=phase2 obj=229.597104 artificial=0.0 cols=2780
[clean-BPC  1252.15s] node 14 cg=5 phase=phase2 kind=heuristic best_rc=0.101016 found=0 added=0 exhausted=False cert=False
[clean-BPC  1264.42s] node 14 cg=5 phase=phase2 kind=heuristic_boost best_rc=-0.2577985 found=4 added=4 exhausted=True cert=True
[clean-BPC  1264.61s] node 14 cg=6 phase=phase2 obj=229.597104 artificial=0.0 cols=2784
[clean-BPC  1267.89s] node 14 cg=6 phase=phase2 kind=heuristic best_rc=-0.010806 found=2 added=2 exhausted=False cert=False
[clean-BPC  1268.06s] node 14 cg=7 phase=phase2 obj=229.597104 artificial=0.0 cols=2786
[clean-BPC  1271.35s] node 14 cg=7 phase=phase2 kind=heuristic best_rc=0.096638789 found=0 added=0 exhausted=False cert=False
[clean-BPC  1283.83s] node 14 cg=7 phase=phase2 kind=heuristic_boost best_rc=-0.393883789 found=10 added=10 exhausted=True cert=True
[clean-BPC  1284.01s] node 14 cg=8 phase=phase2 obj=229.597104 artificial=0.0 cols=2796
[clean-BPC  1284.01s] cut_purged node=14 removed=1 by_kind={'schedule_nogood_core': 1} remaining=96
[clean-BPC  1284.20s] node 14 cg=9 phase=phase2 obj=229.597104 artificial=0.0 cols=2796
[clean-BPC  1284.20s] cut_purged node=14 removed=1 by_kind={'schedule_nogood_core': 1} remaining=95
[clean-BPC  1284.39s] node 14 cg=10 phase=phase2 obj=229.597104 artificial=0.0 cols=2796
[clean-BPC  1287.63s] node 14 cg=10 phase=phase2 kind=heuristic best_rc=-0.0 found=0 added=0 exhausted=False cert=False
[clean-BPC  1301.55s] node 14 cg=10 phase=phase2 kind=heuristic_boost best_rc=-0.119065498 found=8 added=8 exhausted=True cert=True
[clean-BPC  1301.74s] node 14 cg=11 phase=phase2 obj=229.597104 artificial=0.0 cols=2804
[clean-BPC  1304.73s] node 14 cg=11 phase=phase2 kind=heuristic best_rc=-0.010622 found=2 added=2 exhausted=False cert=False
[clean-BPC  1304.92s] node 14 cg=12 phase=phase2 obj=229.597104 artificial=0.0 cols=2806
[clean-BPC  1307.98s] node 14 cg=12 phase=phase2 kind=heuristic best_rc=0.0 found=0 added=0 exhausted=False cert=False
[clean-BPC  1319.83s] node 14 cg=12 phase=phase2 kind=heuristic_boost best_rc=0.0 found=0 added=0 exhausted=True cert=True
[clean-BPC  1319.84s] route-pack-conflict diag node 14 source_vehicle=1 routes=5 U=4 complete=True cache_hit=False states=113 added=0
[clean-BPC  1321.38s] cut_added family=schedule_nogood_core node=14 added=2 source_vehicle=1 route_count=4 signatures=[[1, 4, 12, 17, 3], [15, 18, 10, 9, 6, 8], [14, 2], [5, 7, 13, 19]]
[clean-BPC  1321.38s] node 15 d=5 lb=229.597104 open=7
[clean-BPC  1321.58s] node 15 cg=1 phase=phase1 obj=0.0 artificial=0.0 cols=2806
[clean-BPC  1321.77s] node 15 cg=2 phase=phase2 obj=229.597104 artificial=0.0 cols=2806
[clean-BPC  1325.01s] node 15 cg=2 phase=phase2 kind=heuristic best_rc=-0.0 found=0 added=0 exhausted=False cert=False
[clean-BPC  1336.94s] node 15 cg=2 phase=phase2 kind=heuristic_boost best_rc=-0.0 found=0 added=0 exhausted=True cert=True
[clean-BPC  1336.95s] route-pack-conflict diag node 15 source_vehicle=1 routes=5 U=4 complete=True cache_hit=False states=115 added=0
[clean-BPC  1338.49s] cut_added family=schedule_nogood_core node=15 added=2 source_vehicle=1 route_count=4 signatures=[[1, 4, 12, 17, 3], [8, 6, 9, 10, 18, 15], [14, 2], [5, 7, 19, 13]]
[clean-BPC  1338.49s] node 16 d=5 lb=229.597104 open=7
[clean-BPC  1338.68s] node 16 cg=1 phase=phase1 obj=0.0 artificial=0.0 cols=2806
[clean-BPC  1338.88s] node 16 cg=2 phase=phase2 obj=229.597104 artificial=0.0 cols=2806
[clean-BPC  1342.14s] node 16 cg=2 phase=phase2 kind=heuristic best_rc=0.107448 found=0 added=0 exhausted=False cert=False
[clean-BPC  1353.46s] node 16 cg=2 phase=phase2 kind=heuristic_boost best_rc=-1.169345 found=23 added=23 exhausted=True cert=True
[clean-BPC  1353.66s] node 16 cg=3 phase=phase2 obj=229.597104 artificial=0.0 cols=2829
[clean-BPC  1353.66s] cut_purged node=16 removed=1 by_kind={'schedule_nogood_core': 1} remaining=98
[clean-BPC  1353.86s] node 16 cg=4 phase=phase2 obj=229.597104 artificial=0.0 cols=2829
[clean-BPC  1357.10s] node 16 cg=4 phase=phase2 kind=heuristic best_rc=0.0 found=0 added=0 exhausted=False cert=False
[clean-BPC  1369.82s] node 16 cg=4 phase=phase2 kind=heuristic_boost best_rc=0.0 found=0 added=0 exhausted=True cert=True
[clean-BPC  1369.84s] route-pack-conflict diag node 16 source_vehicle=1 routes=5 U=4 complete=True cache_hit=False states=118 added=0
[clean-BPC  1371.38s] cut_added family=schedule_nogood_core node=16 added=2 source_vehicle=1 route_count=4 signatures=[[1, 4, 12, 17, 3], [8, 6, 9, 10, 18, 15], [2, 14], [5, 19, 13, 7]]
[clean-BPC  1371.38s] node 13 d=5 lb=229.597104 open=7
[clean-BPC  1371.55s] node 13 cg=1 phase=phase1 obj=0.0 artificial=0.0 cols=2829
[clean-BPC  1371.72s] node 13 cg=2 phase=phase2 obj=229.597104 artificial=0.0 cols=2829
[clean-BPC  1374.93s] node 13 cg=2 phase=phase2 kind=heuristic best_rc=-0.017139 found=2 added=2 exhausted=False cert=False
[clean-BPC  1375.10s] node 13 cg=3 phase=phase2 obj=229.597104 artificial=0.0 cols=2831
[clean-BPC  1378.32s] node 13 cg=3 phase=phase2 kind=heuristic best_rc=0.014919 found=0 added=0 exhausted=False cert=False
[clean-BPC  1393.11s] node 13 cg=3 phase=phase2 kind=heuristic_boost best_rc=0.014919 found=0 added=0 exhausted=True cert=True
[clean-BPC  1393.12s] route-pack-conflict diag node 13 source_vehicle=1 routes=5 U=4 complete=True cache_hit=True states=118 added=0
[clean-BPC  1394.67s] cut_added family=schedule_nogood_core node=13 added=1 source_vehicle=1 route_count=4 signatures=[[1, 4, 12, 17, 3], [8, 6, 9, 10, 18, 15], [2, 14], [5, 7, 13, 19]]
[clean-BPC  1394.67s] node 14 d=5 lb=229.597104 open=7
[clean-BPC  1394.86s] node 14 cg=1 phase=phase1 obj=0.0 artificial=0.0 cols=2831
[clean-BPC  1395.05s] node 14 cg=2 phase=phase2 obj=229.597104 artificial=0.0 cols=2831
[clean-BPC  1398.14s] node 14 cg=2 phase=phase2 kind=heuristic best_rc=-0.064970333 found=1 added=1 exhausted=False cert=False
[clean-BPC  1398.34s] node 14 cg=3 phase=phase2 obj=229.597104 artificial=0.0 cols=2832
[clean-BPC  1398.34s] cut_purged node=14 removed=1 by_kind={'schedule_nogood_core': 1} remaining=100
[clean-BPC  1398.53s] node 14 cg=4 phase=phase2 obj=229.597104 artificial=0.0 cols=2832
[clean-BPC  1401.67s] node 14 cg=4 phase=phase2 kind=heuristic best_rc=0.014919 found=0 added=0 exhausted=False cert=False
[clean-BPC  1415.76s] node 14 cg=4 phase=phase2 kind=heuristic_boost best_rc=-0.0 found=0 added=0 exhausted=True cert=True
[clean-BPC  1415.77s] route-pack-conflict diag node 14 source_vehicle=1 routes=5 U=4 complete=True cache_hit=False states=116 added=0
[clean-BPC  1417.32s] cut_added family=schedule_nogood_core node=14 added=2 source_vehicle=1 route_count=4 signatures=[[1, 4, 17, 12, 3], [15, 18, 10, 9, 6, 8], [2, 14], [5, 7, 13, 19]]
[clean-BPC  1417.32s] node 15 d=5 lb=229.597104 open=7
[clean-BPC  1417.52s] node 15 cg=1 phase=phase1 obj=0.0 artificial=0.0 cols=2832
[clean-BPC  1417.72s] node 15 cg=2 phase=phase2 obj=229.597104 artificial=0.0 cols=2832
[clean-BPC  1420.76s] node 15 cg=2 phase=phase2 kind=heuristic best_rc=-0.020202 found=2 added=2 exhausted=False cert=False
[clean-BPC  1420.97s] node 15 cg=3 phase=phase2 obj=229.597104 artificial=0.0 cols=2834
[clean-BPC  1424.06s] node 15 cg=3 phase=phase2 kind=heuristic best_rc=0.06588 found=0 added=0 exhausted=False cert=False
[clean-BPC  1438.83s] node 15 cg=3 phase=phase2 kind=heuristic_boost best_rc=0.0 found=0 added=0 exhausted=True cert=True
[clean-BPC  1438.85s] route-pack-conflict diag node 15 source_vehicle=1 routes=5 U=4 complete=True cache_hit=False states=118 added=0
[clean-BPC  1440.39s] cut_added family=schedule_nogood_core node=15 added=1 source_vehicle=1 route_count=4 signatures=[[1, 4, 12, 17, 3], [8, 6, 9, 10, 18, 15], [2, 14], [5, 7, 19, 13]]
[clean-BPC  1440.39s] node 16 d=5 lb=229.597104 open=7
[clean-BPC  1440.57s] node 16 cg=1 phase=phase1 obj=0.0 artificial=0.0 cols=2834
[clean-BPC  1440.77s] node 16 cg=2 phase=phase2 obj=229.597104 artificial=0.0 cols=2834
[clean-BPC  1443.97s] node 16 cg=2 phase=phase2 kind=heuristic best_rc=0.06588 found=0 added=0 exhausted=False cert=False
[clean-BPC  1459.06s] node 16 cg=2 phase=phase2 kind=heuristic_boost best_rc=0.035121 found=0 added=0 exhausted=True cert=True
[clean-BPC  1459.07s] route-pack-conflict diag node 16 source_vehicle=1 routes=5 U=4 complete=True cache_hit=False states=115 added=0
[clean-BPC  1460.63s] cut_added family=schedule_nogood_core node=16 added=2 source_vehicle=1 route_count=4 signatures=[[1, 4, 12, 17, 3], [8, 6, 9, 10, 18, 15], [14, 2], [5, 19, 13, 7]]
[clean-BPC  1460.63s] node 13 d=5 lb=229.597104 open=7
[clean-BPC  1460.79s] node 13 cg=1 phase=phase1 obj=0.0 artificial=0.0 cols=2834
[clean-BPC  1460.97s] node 13 cg=2 phase=phase2 obj=229.597104 artificial=0.0 cols=2834
[clean-BPC  1464.21s] node 13 cg=2 phase=phase2 kind=heuristic best_rc=0.1694995 found=0 added=0 exhausted=False cert=False
[clean-BPC  1479.07s] node 13 cg=2 phase=phase2 kind=heuristic_boost best_rc=0.0 found=0 added=0 exhausted=True cert=True
[clean-BPC  1479.08s] route-pack-conflict diag node 13 source_vehicle=1 routes=5 U=4 complete=True cache_hit=False states=118 added=0
[clean-BPC  1480.62s] cut_added family=schedule_nogood_core node=13 added=2 source_vehicle=1 route_count=4 signatures=[[1, 4, 12, 17, 3], [8, 6, 9, 10, 18, 15], [2, 14], [5, 13, 19, 7]]
[clean-BPC  1480.62s] node 14 d=5 lb=229.597104 open=7
[clean-BPC  1480.81s] node 14 cg=1 phase=phase1 obj=0.0 artificial=0.0 cols=2834
[clean-BPC  1481.01s] node 14 cg=2 phase=phase2 obj=229.597104 artificial=0.0 cols=2834
[clean-BPC  1484.09s] node 14 cg=2 phase=phase2 kind=heuristic best_rc=0.098058 found=0 added=0 exhausted=False cert=False
[clean-BPC  1499.96s] node 14 cg=2 phase=phase2 kind=heuristic_boost best_rc=0.035121 found=0 added=0 exhausted=True cert=True
[clean-BPC  1499.97s] route-pack-conflict diag node 14 source_vehicle=1 routes=5 U=4 complete=True cache_hit=False states=116 added=0
[clean-BPC  1501.49s] cut_added family=schedule_nogood_core node=14 added=2 source_vehicle=1 route_count=4 signatures=[[1, 4, 12, 17, 3], [15, 18, 10, 9, 6, 8], [2, 14], [5, 13, 19, 7]]
[clean-BPC  1501.49s] node 15 d=5 lb=229.597104 open=7
[clean-BPC  1501.69s] node 15 cg=1 phase=phase1 obj=0.0 artificial=0.0 cols=2834
[clean-BPC  1501.89s] node 15 cg=2 phase=phase2 obj=229.597104 artificial=0.0 cols=2834
[clean-BPC  1505.03s] node 15 cg=2 phase=phase2 kind=heuristic best_rc=0.0 found=0 added=0 exhausted=False cert=False
[clean-BPC  1519.76s] node 15 cg=2 phase=phase2 kind=heuristic_boost best_rc=0.0 found=0 added=0 exhausted=True cert=True
[clean-BPC  1523.37s] branch node 15: left=arc(14,2)=off right=arc(14,2)=on
[clean-BPC  1523.37s] node 16 d=5 lb=229.597104 open=8
[clean-BPC  1523.57s] node 16 cg=1 phase=phase1 obj=0.0 artificial=0.0 cols=2834
[clean-BPC  1523.76s] node 16 cg=2 phase=phase2 obj=229.597104 artificial=0.0 cols=2834
[clean-BPC  1526.98s] node 16 cg=2 phase=phase2 kind=heuristic best_rc=-0.0 found=0 added=0 exhausted=False cert=False
[clean-BPC  1538.59s] node 16 cg=2 phase=phase2 kind=heuristic_boost best_rc=-0.0 found=0 added=0 exhausted=True cert=True
[clean-BPC  1538.60s] route-pack-conflict diag node 16 source_vehicle=1 routes=5 U=4 complete=True cache_hit=True states=116 added=0
[clean-BPC  1540.15s] cut_added family=schedule_nogood_core node=16 added=2 source_vehicle=1 route_count=4 signatures=[[1, 4, 12, 17, 3], [15, 18, 10, 9, 6, 8], [2, 14], [5, 19, 13, 7]]
[clean-BPC  1540.15s] node 13 d=5 lb=229.597104 open=8
[clean-BPC  1540.32s] node 13 cg=1 phase=phase1 obj=0.0 artificial=0.0 cols=2834
[clean-BPC  1540.50s] node 13 cg=2 phase=phase2 obj=229.597104 artificial=0.0 cols=2834
[clean-BPC  1543.67s] node 13 cg=2 phase=phase2 kind=heuristic best_rc=-0.057206 found=2 added=2 exhausted=False cert=False
[clean-BPC  1543.85s] node 13 cg=3 phase=phase2 obj=229.597104 artificial=0.0 cols=2836
[clean-BPC  1547.05s] node 13 cg=3 phase=phase2 kind=heuristic best_rc=0.098058 found=0 added=0 exhausted=False cert=False
[clean-BPC  1561.71s] node 13 cg=3 phase=phase2 kind=heuristic_boost best_rc=0.0 found=0 added=0 exhausted=True cert=True
[clean-BPC  1561.72s] route-pack-conflict diag node 13 source_vehicle=1 routes=5 U=4 complete=True cache_hit=False states=118 added=0
[clean-BPC  1563.27s] cut_added family=schedule_nogood_core node=13 added=2 source_vehicle=1 route_count=4 signatures=[[1, 4, 17, 12, 3], [8, 6, 9, 10, 18, 15], [2, 14], [5, 7, 13, 19]]
[clean-BPC  1563.27s] node 14 d=5 lb=229.597104 open=8
[clean-BPC  1563.47s] node 14 cg=1 phase=phase1 obj=0.0 artificial=0.0 cols=2836
[clean-BPC  1563.67s] node 14 cg=2 phase=phase2 obj=229.597104 artificial=0.0 cols=2836
[clean-BPC  1566.83s] node 14 cg=2 phase=phase2 kind=heuristic best_rc=0.098058 found=0 added=0 exhausted=False cert=False
[clean-BPC  1582.81s] node 14 cg=2 phase=phase2 kind=heuristic_boost best_rc=0.035121 found=0 added=0 exhausted=True cert=True
[clean-BPC  1586.47s] branch node 14: left=arc(2,14)=off right=arc(2,14)=on
[clean-BPC  1586.47s] node 17 d=6 lb=229.597104 open=9
[clean-BPC  1586.66s] node 17 cg=1 phase=phase1 obj=0.0 artificial=0.0 cols=2836
[clean-BPC  1586.87s] node 17 cg=2 phase=phase2 obj=229.597104 artificial=0.0 cols=2836
[clean-BPC  1586.87s] cut_purged node=17 removed=2 by_kind={'schedule_nogood_core': 2} remaining=111
[clean-BPC  1587.06s] node 17 cg=3 phase=phase2 obj=229.597104 artificial=0.0 cols=2836
[clean-BPC  1590.26s] node 17 cg=3 phase=phase2 kind=heuristic best_rc=-0.0 found=0 added=0 exhausted=False cert=False
[clean-BPC  1605.07s] node 17 cg=3 phase=phase2 kind=heuristic_boost best_rc=-0.375198667 found=10 added=10 exhausted=True cert=True
[clean-BPC  1605.28s] node 17 cg=4 phase=phase2 obj=229.597104 artificial=0.0 cols=2846
[clean-BPC  1608.53s] node 17 cg=4 phase=phase2 kind=heuristic best_rc=0.06588 found=0 added=0 exhausted=False cert=False
[clean-BPC  1623.99s] node 17 cg=4 phase=phase2 kind=heuristic_boost best_rc=-0.0 found=0 added=0 exhausted=True cert=True
[clean-BPC  1624.00s] route-pack-conflict diag node 17 source_vehicle=1 routes=5 U=4 complete=True cache_hit=False states=118 added=0
[clean-BPC  1625.55s] cut_added family=schedule_nogood_core node=17 added=2 source_vehicle=1 route_count=4 signatures=[[1, 4, 17, 12, 3], [8, 6, 9, 10, 18, 15], [2, 14], [5, 7, 19, 13]]
[clean-BPC  1625.55s] node 18 d=6 lb=229.597104 open=9
[clean-BPC  1625.75s] node 18 cg=1 phase=phase1 obj=0.0 artificial=0.0 cols=2846
[clean-BPC  1625.95s] node 18 cg=2 phase=phase2 obj=229.597104 artificial=0.0 cols=2846
[clean-BPC  1629.40s] node 18 cg=2 phase=phase2 kind=heuristic best_rc=-0.070335375 found=2 added=2 exhausted=False cert=False
[clean-BPC  1629.60s] node 18 cg=3 phase=phase2 obj=229.597104 artificial=0.0 cols=2848
[clean-BPC  1629.60s] cut_purged node=18 removed=1 by_kind={'schedule_nogood_core': 1} remaining=112
[clean-BPC  1629.80s] node 18 cg=4 phase=phase2 obj=229.597104 artificial=0.0 cols=2848
[clean-BPC  1633.24s] node 18 cg=4 phase=phase2 kind=heuristic best_rc=-0.0 found=0 added=0 exhausted=False cert=False
[clean-BPC  1649.94s] node 18 cg=4 phase=phase2 kind=heuristic_boost best_rc=-0.0 found=0 added=0 exhausted=True cert=True
[clean-BPC  1649.95s] route-pack-conflict diag node 18 source_vehicle=1 routes=5 U=4 complete=True cache_hit=False states=115 added=0
[clean-BPC  1651.52s] cut_added family=schedule_nogood_core node=18 added=2 source_vehicle=1 route_count=4 signatures=[[1, 4, 17, 12, 3], [8, 6, 9, 10, 18, 15], [14, 2], [5, 7, 19, 13]]
[clean-BPC  1651.52s] node 20 d=6 lb=229.597104 open=9
[clean-BPC  1651.70s] node 20 cg=1 phase=phase1 obj=0.0 artificial=0.0 cols=2848
[clean-BPC  1651.91s] node 20 cg=2 phase=phase2 obj=229.597104 artificial=0.0 cols=2848
[clean-BPC  1655.08s] node 20 cg=2 phase=phase2 kind=heuristic best_rc=-0.16722625 found=2 added=2 exhausted=False cert=False
[clean-BPC  1655.29s] node 20 cg=3 phase=phase2 obj=229.597104 artificial=0.0 cols=2850
[clean-BPC  1658.47s] node 20 cg=3 phase=phase2 kind=heuristic best_rc=0.0 found=0 added=0 exhausted=False cert=False
[clean-BPC  1670.95s] node 20 cg=3 phase=phase2 kind=heuristic_boost best_rc=0.0 found=0 added=0 exhausted=True cert=True
[clean-BPC  1676.23s] branch node 20: left=arc(17,12)=off right=arc(17,12)=on
[clean-BPC  1676.23s] node 17 d=6 lb=229.597104 open=10
[clean-BPC  1676.44s] node 17 cg=1 phase=phase1 obj=0.0 artificial=0.0 cols=2850
[clean-BPC  1676.63s] node 17 cg=2 phase=phase2 obj=229.597104 artificial=0.0 cols=2850
[clean-BPC  1679.81s] node 17 cg=2 phase=phase2 kind=heuristic best_rc=0.06588 found=0 added=0 exhausted=False cert=False
[clean-BPC  1694.96s] node 17 cg=2 phase=phase2 kind=heuristic_boost best_rc=0.0 found=0 added=0 exhausted=True cert=True
[clean-BPC  1699.03s] branch node 17: left=arc(13,5)=off right=arc(13,5)=on
[clean-BPC  1699.03s] node 18 d=6 lb=229.597104 open=11
[clean-BPC  1699.24s] node 18 cg=1 phase=phase1 obj=0.0 artificial=0.0 cols=2850
[clean-BPC  1699.45s] node 18 cg=2 phase=phase2 obj=229.597104 artificial=0.0 cols=2850
[clean-BPC  1699.45s] cut_purged node=18 removed=3 by_kind={'schedule_nogood_core': 3} remaining=111
[clean-BPC  1699.64s] node 18 cg=3 phase=phase2 obj=229.597104 artificial=0.0 cols=2850
[clean-BPC  1699.64s] cut_purged node=18 removed=1 by_kind={'schedule_nogood_core': 1} remaining=110
[clean-BPC  1699.84s] node 18 cg=4 phase=phase2 obj=229.597104 artificial=0.0 cols=2850
[clean-BPC  1702.96s] node 18 cg=4 phase=phase2 kind=heuristic best_rc=0.06588 found=0 added=0 exhausted=False cert=False
[clean-BPC  1718.19s] node 18 cg=4 phase=phase2 kind=heuristic_boost best_rc=-0.0 found=0 added=0 exhausted=True cert=True
[clean-BPC  1718.20s] route-pack-conflict diag node 18 source_vehicle=1 routes=5 U=4 complete=True cache_hit=False states=111 added=0
[clean-BPC  1719.76s] cut_added family=schedule_nogood_core node=18 added=2 source_vehicle=1 route_count=4 signatures=[[1, 4, 12, 17, 3], [8, 6, 9, 10, 18, 15], [14, 2], [7, 19, 13, 5]]
[clean-BPC  1719.76s] node 24 d=7 lb=229.597104 open=11
[clean-BPC  1719.94s] node 24 cg=1 phase=phase1 obj=0.0 artificial=0.0 cols=2850
[clean-BPC  1720.15s] node 24 cg=2 phase=phase2 obj=229.597104 artificial=0.0 cols=2850
[clean-BPC  1723.31s] node 24 cg=2 phase=phase2 kind=heuristic best_rc=-0.0 found=0 added=0 exhausted=False cert=False
[clean-BPC  1734.92s] node 24 cg=2 phase=phase2 kind=heuristic_boost best_rc=-0.0 found=0 added=0 exhausted=True cert=True
[clean-BPC  1734.94s] route-pack-conflict diag node 24 source_vehicle=1 routes=5 U=4 complete=True cache_hit=False states=114 added=0
[clean-BPC  1736.48s] cut_added family=schedule_nogood_core node=24 added=2 source_vehicle=1 route_count=4 signatures=[[1, 4, 12, 17, 3], [8, 6, 9, 10, 18, 15], [2, 14], [7, 19, 13, 5]]
[clean-BPC  1736.48s] node 18 d=6 lb=229.597104 open=11
[clean-BPC  1736.68s] node 18 cg=1 phase=phase1 obj=0.0 artificial=0.0 cols=2850
[clean-BPC  1736.88s] node 18 cg=2 phase=phase2 obj=229.597104 artificial=0.0 cols=2850
[clean-BPC  1740.07s] node 18 cg=2 phase=phase2 kind=heuristic best_rc=0.06588 found=0 added=0 exhausted=False cert=False
[clean-BPC  1755.58s] node 18 cg=2 phase=phase2 kind=heuristic_boost best_rc=-0.0 found=0 added=0 exhausted=True cert=True
[clean-BPC  1759.32s] branch node 18: left=arc(13,5)=off right=arc(13,5)=on
[clean-BPC  1759.32s] node 24 d=7 lb=229.597104 open=12
[clean-BPC  1759.53s] node 24 cg=1 phase=phase1 obj=0.0 artificial=0.0 cols=2850
[clean-BPC  1759.72s] node 24 cg=2 phase=phase2 obj=229.597104 artificial=0.0 cols=2850
[clean-BPC  1762.94s] node 24 cg=2 phase=phase2 kind=heuristic best_rc=0.0 found=0 added=0 exhausted=False cert=False
[clean-BPC  1774.75s] node 24 cg=2 phase=phase2 kind=heuristic_boost best_rc=-0.0 found=0 added=0 exhausted=True cert=True
[clean-BPC  1774.77s] route-pack-conflict diag node 24 source_vehicle=1 routes=5 U=4 complete=True cache_hit=False states=112 added=0
[clean-BPC  1776.30s] cut_added family=schedule_nogood_core node=24 added=2 source_vehicle=1 route_count=4 signatures=[[1, 4, 12, 17, 3], [15, 18, 10, 9, 6, 8], [2, 14], [7, 19, 13, 5]]
[clean-BPC  1776.30s] node 24 d=7 lb=229.597104 open=12
[clean-BPC  1776.51s] node 24 cg=1 phase=phase1 obj=0.0 artificial=0.0 cols=2850
[clean-BPC  1776.71s] node 24 cg=2 phase=phase2 obj=229.597104 artificial=0.0 cols=2850
[clean-BPC  1776.71s] cut_purged node=24 removed=1 by_kind={'schedule_nogood_core': 1} remaining=115
[clean-BPC  1776.90s] node 24 cg=3 phase=phase2 obj=229.597104 artificial=0.0 cols=2850
[clean-BPC  1776.90s] cut_purged node=24 removed=1 by_kind={'schedule_nogood_core': 1} remaining=114
[clean-BPC  1777.11s] node 24 cg=4 phase=phase2 obj=229.597104 artificial=0.0 cols=2850
[clean-BPC  1780.32s] node 24 cg=4 phase=phase2 kind=heuristic best_rc=-0.0 found=0 added=0 exhausted=False cert=False
[clean-BPC  1791.97s] node 24 cg=4 phase=phase2 kind=heuristic_boost best_rc=-0.0 found=0 added=0 exhausted=True cert=True
[clean-BPC  1795.64s] branch node 24: left=arc(4,12)=off right=arc(4,12)=on
[clean-BPC  1795.64s] node 25 d=7 lb=229.597104 open=13
[clean-BPC  1795.84s] node 25 cg=1 phase=phase1 obj=0.0 artificial=0.0 cols=2850
[clean-BPC  1796.04s] node 25 cg=2 phase=phase2 obj=229.597104 artificial=0.0 cols=2850
[clean-BPC  1799.30s] node 25 cg=2 phase=phase2 kind=heuristic best_rc=0.06588 found=0 added=0 exhausted=False cert=False
[clean-BPC  1814.90s] node 25 cg=2 phase=phase2 kind=heuristic_boost best_rc=-0.0 found=0 added=0 exhausted=True cert=True
[clean-BPC  1818.58s] branch node 25: left=arc(17,12)=off right=arc(17,12)=on
[clean-BPC  1818.58s] node 26 d=7 lb=229.597104 open=14
[clean-BPC  1818.78s] node 26 cg=1 phase=phase1 obj=0.0 artificial=0.0 cols=2850
[clean-BPC  1818.99s] node 26 cg=2 phase=phase2 obj=229.597104 artificial=0.0 cols=2850
[clean-BPC  1822.24s] node 26 cg=2 phase=phase2 kind=heuristic best_rc=-0.0 found=0 added=0 exhausted=False cert=False
[clean-BPC  1834.21s] node 26 cg=2 phase=phase2 kind=heuristic_boost best_rc=-0.0 found=0 added=0 exhausted=True cert=True
[clean-BPC  1834.22s] route-pack-conflict diag node 26 source_vehicle=1 routes=5 U=4 complete=True cache_hit=False states=109 added=0
[clean-BPC  1835.78s] cut_added family=schedule_nogood_core node=26 added=2 source_vehicle=1 route_count=4 signatures=[[1, 4, 12, 17, 3], [15, 18, 10, 9, 6, 8], [14, 2], [7, 19, 13, 5]]
[clean-BPC  1835.78s] node 28 d=8 lb=229.597104 open=14
[clean-BPC  1835.98s] node 28 cg=1 phase=phase1 obj=0.0 artificial=0.0 cols=2850
[clean-BPC  1836.17s] node 28 cg=2 phase=phase2 obj=229.65445 artificial=0.0 cols=2850
[clean-BPC  1836.17s] cut_purged node=28 removed=1 by_kind={'schedule_nogood_core': 1} remaining=115
[clean-BPC  1836.38s] node 28 cg=3 phase=phase2 obj=229.65445 artificial=0.0 cols=2850
[clean-BPC  1839.87s] node 28 cg=3 phase=phase2 kind=heuristic best_rc=-0.545085747 found=17 added=17 exhausted=False cert=False
[clean-BPC  1840.08s] node 28 cg=4 phase=phase2 obj=229.649053 artificial=0.0 cols=2867
[clean-BPC  1840.08s] cut_purged node=28 removed=2 by_kind={'schedule_nogood_core': 2} remaining=113
[clean-BPC  1840.29s] node 28 cg=5 phase=phase2 obj=229.649053 artificial=0.0 cols=2867
[clean-BPC  1843.78s] node 28 cg=5 phase=phase2 kind=heuristic best_rc=-0.753742287 found=2 added=2 exhausted=False cert=False
[clean-BPC  1843.98s] node 28 cg=6 phase=phase2 obj=229.649053 artificial=0.0 cols=2869
[clean-BPC  1847.56s] node 28 cg=6 phase=phase2 kind=heuristic best_rc=-0.151126139 found=1 added=1 exhausted=False cert=False
[clean-BPC  1847.77s] node 28 cg=7 phase=phase2 obj=229.649053 artificial=0.0 cols=2870
[clean-BPC  1851.22s] node 28 cg=7 phase=phase2 kind=heuristic best_rc=0.004269683 found=0 added=0 exhausted=False cert=False
[clean-BPC  1863.64s] node 28 cg=7 phase=phase2 kind=heuristic_boost best_rc=0.004269683 found=0 added=0 exhausted=True cert=True
[clean-BPC  1869.44s] branch node 28: left=RF(1,4)=separate right=RF(1,4)=same
[clean-BPC  1869.44s] node 29 d=8 lb=229.597104 open=15
[clean-BPC  1869.63s] node 29 cg=1 phase=phase1 obj=0.0 artificial=0.0 cols=2870
[clean-BPC  1869.83s] node 29 cg=2 phase=phase2 obj=229.597104 artificial=0.0 cols=2870
[clean-BPC  1869.83s] cut_purged node=29 removed=1 by_kind={'schedule_nogood_core': 1} remaining=112
[clean-BPC  1870.02s] node 29 cg=3 phase=phase2 obj=229.597104 artificial=0.0 cols=2870
[clean-BPC  1870.02s] cut_purged node=29 removed=1 by_kind={'schedule_nogood_core': 1} remaining=111
[clean-BPC  1870.21s] node 29 cg=4 phase=phase2 obj=229.597104 artificial=0.0 cols=2870
[clean-BPC  1873.38s] node 29 cg=4 phase=phase2 kind=heuristic best_rc=0.0 found=0 added=0 exhausted=False cert=False
[clean-BPC  1888.73s] node 29 cg=4 phase=phase2 kind=heuristic_boost best_rc=0.0 found=0 added=0 exhausted=True cert=True
[clean-BPC  1888.75s] route-pack-conflict diag node 29 source_vehicle=1 routes=5 U=4 complete=True cache_hit=False states=113 added=0
[clean-BPC  1890.29s] cut_added family=schedule_nogood_core node=29 added=2 source_vehicle=1 route_count=4 signatures=[[1, 4, 12, 17, 3], [15, 18, 10, 9, 6, 8], [14, 2], [5, 7, 19, 13]]
[clean-BPC  1890.29s] node 30 d=8 lb=229.597104 open=15
[clean-BPC  1890.48s] node 30 cg=1 phase=phase1 obj=0.0 artificial=0.0 cols=2870
[clean-BPC  1890.69s] node 30 cg=2 phase=phase2 obj=229.597104 artificial=0.0 cols=2870
[clean-BPC  1893.93s] node 30 cg=2 phase=phase2 kind=heuristic best_rc=0.0 found=0 added=0 exhausted=False cert=False
[clean-BPC  1909.99s] node 30 cg=2 phase=phase2 kind=heuristic_boost best_rc=0.0 found=0 added=0 exhausted=True cert=True
[clean-BPC  1910.00s] route-pack-conflict diag node 30 source_vehicle=1 routes=5 U=4 complete=True cache_hit=False states=115 added=0
[clean-BPC  1911.56s] cut_added family=schedule_nogood_core node=30 added=1 source_vehicle=1 route_count=4 signatures=[[1, 4, 17, 12, 3], [8, 6, 9, 10, 18, 15], [14, 2], [5, 7, 19, 13]]
[clean-BPC  1911.56s] node 26 d=7 lb=229.597104 open=15
[clean-BPC  1911.77s] node 26 cg=1 phase=phase1 obj=0.0 artificial=0.0 cols=2870
[clean-BPC  1911.97s] node 26 cg=2 phase=phase2 obj=229.597104 artificial=0.0 cols=2870
[clean-BPC  1915.32s] node 26 cg=2 phase=phase2 kind=heuristic best_rc=0.06588 found=0 added=0 exhausted=False cert=False
[clean-BPC  1931.19s] node 26 cg=2 phase=phase2 kind=heuristic_boost best_rc=0.06588 found=0 added=0 exhausted=True cert=True
[clean-BPC  1931.20s] route-pack-conflict diag node 26 source_vehicle=1 routes=5 U=4 complete=True cache_hit=True states=111 added=0
[clean-BPC  1932.75s] cut_added family=schedule_nogood_core node=26 added=1 source_vehicle=1 route_count=4 signatures=[[1, 4, 12, 17, 3], [8, 6, 9, 10, 18, 15], [14, 2], [7, 19, 13, 5]]
[clean-BPC  1932.75s] node 27 d=8 lb=229.597104 open=15
[clean-BPC  1932.94s] node 27 cg=1 phase=phase1 obj=0.0 artificial=0.0 cols=2870
[clean-BPC  1933.13s] node 27 cg=2 phase=phase2 obj=229.597104 artificial=0.0 cols=2870
[clean-BPC  1936.35s] node 27 cg=2 phase=phase2 kind=heuristic best_rc=0.0 found=0 added=0 exhausted=False cert=False
[clean-BPC  1951.43s] node 27 cg=2 phase=phase2 kind=heuristic_boost best_rc=0.0 found=0 added=0 exhausted=True cert=True
[clean-BPC  1951.45s] route-pack-conflict diag node 27 source_vehicle=1 routes=5 U=4 complete=True cache_hit=False states=114 added=0
[clean-BPC  1953.01s] cut_added family=schedule_nogood_core node=27 added=2 source_vehicle=1 route_count=4 signatures=[[1, 4, 17, 12, 3], [8, 6, 9, 10, 18, 15], [2, 14], [7, 19, 13, 5]]
[clean-BPC  1953.01s] node 29 d=8 lb=229.597104 open=15
[clean-BPC  1953.21s] node 29 cg=1 phase=phase1 obj=0.0 artificial=0.0 cols=2870
[clean-BPC  1953.40s] node 29 cg=2 phase=phase2 obj=229.610824 artificial=0.0 cols=2870
[clean-BPC  1956.63s] node 29 cg=2 phase=phase2 kind=heuristic best_rc=-0.0274396 found=1 added=1 exhausted=False cert=False
[clean-BPC  1956.83s] node 29 cg=3 phase=phase2 obj=229.597104 artificial=0.0 cols=2871
[clean-BPC  1956.83s] cut_purged node=29 removed=1 by_kind={'schedule_nogood_core': 1} remaining=116
[clean-BPC  1957.02s] node 29 cg=4 phase=phase2 obj=229.597104 artificial=0.0 cols=2871
[clean-BPC  1960.21s] node 29 cg=4 phase=phase2 kind=heuristic best_rc=0.06588 found=0 added=0 exhausted=False cert=False
[clean-BPC  1975.80s] node 29 cg=4 phase=phase2 kind=heuristic_boost best_rc=0.0 found=0 added=0 exhausted=True cert=True
[clean-BPC  1975.81s] route-pack-conflict diag node 29 source_vehicle=1 routes=5 U=4 complete=True cache_hit=False states=106 added=0
[clean-BPC  1977.37s] cut_added family=schedule_nogood_core node=29 added=2 source_vehicle=1 route_count=4 signatures=[[8, 6, 9, 10, 18, 15], [14, 2], [5, 7, 19, 13], [3, 12, 17, 4, 1]]
[clean-BPC  1977.37s] node 30 d=8 lb=229.597104 open=15
[clean-BPC  1977.57s] node 30 cg=1 phase=phase1 obj=0.0 artificial=0.0 cols=2871
[clean-BPC  1977.79s] node 30 cg=2 phase=phase2 obj=229.597104 artificial=0.0 cols=2871
[clean-BPC  1981.16s] node 30 cg=2 phase=phase2 kind=heuristic best_rc=0.0 found=0 added=0 exhausted=False cert=False
[clean-BPC  1997.57s] node 30 cg=2 phase=phase2 kind=heuristic_boost best_rc=-0.105516602 found=2 added=2 exhausted=True cert=True
[clean-BPC  1997.79s] node 30 cg=3 phase=phase2 obj=229.597104 artificial=0.0 cols=2873
[clean-BPC  2001.06s] node 30 cg=3 phase=phase2 kind=heuristic best_rc=-0.0 found=0 added=0 exhausted=False cert=False
[clean-BPC  2013.35s] node 30 cg=3 phase=phase2 kind=heuristic_boost best_rc=-0.0 found=0 added=0 exhausted=True cert=True
[clean-BPC  2013.37s] route-pack-conflict diag node 30 source_vehicle=1 routes=5 U=4 complete=True cache_hit=False states=106 added=0
[clean-BPC  2014.92s] cut_added family=schedule_nogood_core node=30 added=2 source_vehicle=1 route_count=4 signatures=[[3, 17, 12, 4, 1], [8, 6, 9, 10, 18, 15], [14, 2], [5, 7, 19, 13]]
[clean-BPC  2014.92s] node 26 d=7 lb=229.597104 open=15
[clean-BPC  2015.13s] node 26 cg=1 phase=phase1 obj=0.0 artificial=0.0 cols=2873
[clean-BPC  2015.34s] node 26 cg=2 phase=phase2 obj=229.597104 artificial=0.0 cols=2873
[clean-BPC  2018.70s] node 26 cg=2 phase=phase2 kind=heuristic best_rc=0.06588 found=0 added=0 exhausted=False cert=False
[clean-BPC  2034.79s] node 26 cg=2 phase=phase2 kind=heuristic_boost best_rc=0.06588 found=0 added=0 exhausted=True cert=True
[clean-BPC  2038.61s] branch node 26: left=arc(4,12)=off right=arc(4,12)=on
[clean-BPC  2038.61s] node 27 d=8 lb=229.597104 open=16
[clean-BPC  2038.81s] node 27 cg=1 phase=phase1 obj=0.0 artificial=0.0 cols=2873
[clean-BPC  2039.00s] node 27 cg=2 phase=phase2 obj=229.597104 artificial=0.0 cols=2873
[clean-BPC  2042.26s] node 27 cg=2 phase=phase2 kind=heuristic best_rc=-0.0 found=0 added=0 exhausted=False cert=False
[clean-BPC  2057.34s] node 27 cg=2 phase=phase2 kind=heuristic_boost best_rc=-0.0 found=0 added=0 exhausted=True cert=True
[clean-BPC  2057.36s] route-pack-conflict diag node 27 source_vehicle=1 routes=5 U=4 complete=True cache_hit=False states=105 added=0
[clean-BPC  2058.92s] cut_added family=schedule_nogood_core node=27 added=2 source_vehicle=1 route_count=4 signatures=[[3, 17, 12, 4, 1], [8, 6, 9, 10, 18, 15], [2, 14], [7, 19, 13, 5]]
[clean-BPC  2058.92s] node 29 d=8 lb=229.597104 open=16
[clean-BPC  2059.11s] node 29 cg=1 phase=phase1 obj=0.0 artificial=0.0 cols=2873
[clean-BPC  2059.31s] node 29 cg=2 phase=phase2 obj=229.597104 artificial=0.0 cols=2873
[clean-BPC  2062.51s] node 29 cg=2 phase=phase2 kind=heuristic best_rc=0.06588 found=0 added=0 exhausted=False cert=False
[clean-BPC  2078.16s] node 29 cg=2 phase=phase2 kind=heuristic_boost best_rc=0.025779067 found=0 added=0 exhausted=True cert=True
[clean-BPC  2083.31s] branch node 29: left=arc(8,6)=off right=arc(8,6)=on
[clean-BPC  2083.31s] node 30 d=8 lb=229.597104 open=17
[clean-BPC  2083.51s] node 30 cg=1 phase=phase1 obj=0.0 artificial=0.0 cols=2873
[clean-BPC  2083.73s] node 30 cg=2 phase=phase2 obj=229.597104 artificial=0.0 cols=2873
[clean-BPC  2086.94s] node 30 cg=2 phase=phase2 kind=heuristic best_rc=0.0 found=0 added=0 exhausted=False cert=False
[clean-BPC  2099.18s] node 30 cg=2 phase=phase2 kind=heuristic_boost best_rc=0.0 found=0 added=0 exhausted=True cert=True
[clean-BPC  2103.83s] branch node 30: left=arc(8,6)=off right=arc(8,6)=on
[clean-BPC  2103.83s] node 34 d=8 lb=229.597104 open=18
[clean-BPC  2104.03s] node 34 cg=1 phase=phase1 obj=0.0 artificial=0.0 cols=2873
[clean-BPC  2104.25s] node 34 cg=2 phase=phase2 obj=229.650482 artificial=0.0 cols=2873
[clean-BPC  2107.80s] node 34 cg=2 phase=phase2 kind=heuristic best_rc=-0.190221 found=4 added=4 exhausted=False cert=False
[clean-BPC  2108.00s] node 34 cg=3 phase=phase2 obj=229.650482 artificial=0.0 cols=2877
[clean-BPC  2111.41s] node 34 cg=3 phase=phase2 kind=heuristic best_rc=-0.145554692 found=2 added=2 exhausted=False cert=False
[clean-BPC  2111.62s] node 34 cg=4 phase=phase2 obj=229.650482 artificial=0.0 cols=2879
[clean-BPC  2115.05s] node 34 cg=4 phase=phase2 kind=heuristic best_rc=0.0 found=0 added=0 exhausted=False cert=False
[clean-BPC  2127.50s] node 34 cg=4 phase=phase2 kind=heuristic_boost best_rc=0.0 found=0 added=0 exhausted=True cert=True
[clean-BPC  2131.38s] branch node 34: left=arc(1,4)=off right=arc(1,4)=on
[clean-BPC  2131.38s] node 27 d=8 lb=229.597104 open=19
[clean-BPC  2131.58s] node 27 cg=1 phase=phase1 obj=0.0 artificial=0.0 cols=2879
[clean-BPC  2131.77s] node 27 cg=2 phase=phase2 obj=229.597104 artificial=0.0 cols=2879
[clean-BPC  2135.01s] node 27 cg=2 phase=phase2 kind=heuristic best_rc=0.0 found=0 added=0 exhausted=False cert=False
[clean-BPC  2146.32s] node 27 cg=2 phase=phase2 kind=heuristic_boost best_rc=0.0 found=0 added=0 exhausted=True cert=True
[clean-BPC  2146.33s] route-pack-conflict diag node 27 source_vehicle=1 routes=5 U=4 complete=True cache_hit=False states=105 added=0
[clean-BPC  2147.85s] cut_added family=schedule_nogood_core node=27 added=2 source_vehicle=1 route_count=4 signatures=[[8, 6, 9, 10, 18, 15], [2, 14], [7, 19, 13, 5], [3, 12, 17, 4, 1]]
[clean-BPC  2147.85s] node 36 d=9 lb=229.597104 open=19
[clean-BPC  2148.05s] node 36 cg=1 phase=phase1 obj=0.0 artificial=0.0 cols=2879
[clean-BPC  2148.25s] node 36 cg=2 phase=phase2 obj=229.703859 artificial=0.0 cols=2879
[clean-BPC  2151.59s] node 36 cg=2 phase=phase2 kind=heuristic best_rc=-0.3222975 found=4 added=4 exhausted=False cert=False
[clean-BPC  2151.78s] node 36 cg=3 phase=phase2 obj=229.703859 artificial=0.0 cols=2883
[clean-BPC  2155.04s] node 36 cg=3 phase=phase2 kind=heuristic best_rc=-0.21351 found=5 added=5 exhausted=False cert=False
[clean-BPC  2155.24s] node 36 cg=4 phase=phase2 obj=229.703859 artificial=0.0 cols=2888
[clean-BPC  2155.24s] cut_purged node=36 removed=1 by_kind={'schedule_nogood_core': 1} remaining=123
[clean-BPC  2155.44s] node 36 cg=5 phase=phase2 obj=229.703859 artificial=0.0 cols=2888
[clean-BPC  2158.68s] node 36 cg=5 phase=phase2 kind=heuristic best_rc=0.0 found=0 added=0 exhausted=False cert=False
[clean-BPC  2170.03s] node 36 cg=5 phase=phase2 kind=heuristic_boost best_rc=0.0 found=0 added=0 exhausted=True cert=True
[clean-BPC  2170.05s] route-pack-conflict diag node 36 source_vehicle=1 routes=5 U=4 complete=True cache_hit=False states=118 added=0
[clean-BPC  2171.59s] cut_added family=schedule_nogood_core node=36 added=2 source_vehicle=1 route_count=4 signatures=[[1, 3, 12, 17, 4], [8, 6, 9, 10, 18, 15], [14, 2], [5, 7, 19, 13]]
[clean-BPC  2171.59s] node 38 d=9 lb=229.597104 open=19
[clean-BPC  2171.81s] node 38 cg=1 phase=phase1 obj=0.0 artificial=0.0 cols=2888
[clean-BPC  2172.03s] node 38 cg=2 phase=phase2 obj=229.703859 artificial=0.0 cols=2888
[clean-BPC  2175.24s] node 38 cg=2 phase=phase2 kind=heuristic best_rc=-0.028180429 found=2 added=2 exhausted=False cert=False
[clean-BPC  2175.44s] node 38 cg=3 phase=phase2 obj=229.703859 artificial=0.0 cols=2890
[clean-BPC  2178.72s] node 38 cg=3 phase=phase2 kind=heuristic best_rc=-0.0 found=0 added=0 exhausted=False cert=False
[clean-BPC  2190.62s] node 38 cg=3 phase=phase2 kind=heuristic_boost best_rc=-0.0 found=0 added=0 exhausted=True cert=True
[clean-BPC  2190.64s] route-pack-conflict diag node 38 source_vehicle=1 routes=5 U=4 complete=True cache_hit=False states=118 added=0
[clean-BPC  2192.18s] cut_added family=schedule_nogood_core node=38 added=2 source_vehicle=1 route_count=4 signatures=[[1, 3, 17, 12, 4], [8, 6, 9, 10, 18, 15], [14, 2], [5, 7, 19, 13]]
[clean-BPC  2192.18s] node 21 d=7 lb=229.597104 open=19
[clean-BPC  2192.38s] node 21 cg=1 phase=phase1 obj=0.0 artificial=0.0 cols=2890
[clean-BPC  2192.59s] node 21 cg=2 phase=phase2 obj=229.597104 artificial=0.0 cols=2890
[clean-BPC  2192.59s] cut_purged node=21 removed=2 by_kind={'schedule_nogood_core': 2} remaining=125
[clean-BPC  2192.78s] node 21 cg=3 phase=phase2 obj=229.597104 artificial=0.0 cols=2890
[clean-BPC  2192.78s] cut_purged node=21 removed=4 by_kind={'schedule_nogood_core': 4} remaining=121
[clean-BPC  2192.98s] node 21 cg=4 phase=phase2 obj=229.597104 artificial=0.0 cols=2890
[clean-BPC  2196.13s] node 21 cg=4 phase=phase2 kind=heuristic best_rc=0.0 found=0 added=0 exhausted=False cert=False
[clean-BPC  2208.25s] node 21 cg=4 phase=phase2 kind=heuristic_boost best_rc=0.0 found=0 added=0 exhausted=True cert=True
[clean-BPC  2208.26s] route-pack-conflict diag node 21 source_vehicle=1 routes=5 U=4 complete=True cache_hit=True states=116 added=0
[clean-BPC  2209.79s] cut_added family=schedule_nogood_core node=21 added=1 source_vehicle=1 route_count=4 signatures=[[1, 4, 12, 17, 3], [15, 18, 10, 9, 6, 8], [2, 14], [5, 13, 19, 7]]
[clean-BPC  2209.79s] node 22 d=7 lb=229.597104 open=19
[clean-BPC  2210.01s] node 22 cg=1 phase=phase1 obj=0.0 artificial=0.0 cols=2890
[clean-BPC  2210.22s] node 22 cg=2 phase=phase2 obj=229.597104 artificial=0.0 cols=2890
[clean-BPC  2213.38s] node 22 cg=2 phase=phase2 kind=heuristic best_rc=0.098058 found=0 added=0 exhausted=False cert=False
[clean-BPC  2226.14s] node 22 cg=2 phase=phase2 kind=heuristic_boost best_rc=0.0 found=0 added=0 exhausted=True cert=True
[clean-BPC  2226.16s] route-pack-conflict diag node 22 source_vehicle=1 routes=5 U=4 complete=True cache_hit=False states=116 added=0
[clean-BPC  2227.70s] cut_added family=schedule_nogood_core node=22 added=1 source_vehicle=1 route_count=4 signatures=[[1, 4, 17, 12, 3], [15, 18, 10, 9, 6, 8], [2, 14], [5, 7, 13, 19]]
[clean-BPC  2227.70s] node 23 d=7 lb=229.597104 open=19
[clean-BPC  2227.91s] node 23 cg=1 phase=phase1 obj=0.0 artificial=0.0 cols=2890
[clean-BPC  2228.13s] node 23 cg=2 phase=phase2 obj=229.597104 artificial=0.0 cols=2890
[clean-BPC  2231.32s] node 23 cg=2 phase=phase2 kind=heuristic best_rc=0.0 found=0 added=0 exhausted=False cert=False
[clean-BPC  2243.14s] node 23 cg=2 phase=phase2 kind=heuristic_boost best_rc=-0.290002 found=6 added=6 exhausted=True cert=True
[clean-BPC  2243.36s] node 23 cg=3 phase=phase2 obj=229.597104 artificial=0.0 cols=2896
[clean-BPC  2246.54s] node 23 cg=3 phase=phase2 kind=heuristic best_rc=0.0 found=0 added=0 exhausted=False cert=False
[clean-BPC  2257.91s] node 23 cg=3 phase=phase2 kind=heuristic_boost best_rc=0.0 found=0 added=0 exhausted=True cert=True
[clean-BPC  2257.92s] route-pack-conflict diag node 23 source_vehicle=1 routes=5 U=4 complete=True cache_hit=False states=109 added=0
[clean-BPC  2259.49s] cut_added family=schedule_nogood_core node=23 added=2 source_vehicle=1 route_count=4 signatures=[[8, 6, 9, 10, 18, 15], [2, 14], [5, 7, 19, 13], [3, 12, 17, 4, 1]]
[clean-BPC  2259.49s] node 27 d=8 lb=229.597104 open=19
[clean-BPC  2259.69s] node 27 cg=1 phase=phase1 obj=0.0 artificial=0.0 cols=2896
[clean-BPC  2259.89s] node 27 cg=2 phase=phase2 obj=229.597104 artificial=0.0 cols=2896
[clean-BPC  2263.06s] node 27 cg=2 phase=phase2 kind=heuristic best_rc=0.169870615 found=0 added=0 exhausted=False cert=False
[clean-BPC  2274.33s] node 27 cg=2 phase=phase2 kind=heuristic_boost best_rc=0.169870615 found=0 added=0 exhausted=True cert=True
[clean-BPC  2274.34s] route-pack-conflict diag node 27 source_vehicle=1 routes=5 U=4 complete=True cache_hit=True states=105 added=0
[clean-BPC  2275.89s] cut_added family=schedule_nogood_core node=27 added=1 source_vehicle=1 route_count=4 signatures=[[3, 17, 12, 4, 1], [8, 6, 9, 10, 18, 15], [2, 14], [7, 19, 13, 5]]
[clean-BPC  2275.89s] node 21 d=7 lb=229.597104 open=19
[clean-BPC  2276.08s] node 21 cg=1 phase=phase1 obj=0.0 artificial=0.0 cols=2896
[clean-BPC  2276.28s] node 21 cg=2 phase=phase2 obj=229.597104 artificial=0.0 cols=2896
[clean-BPC  2276.28s] cut_purged node=21 removed=5 by_kind={'schedule_nogood_core': 5} remaining=121
[clean-BPC  2276.47s] node 21 cg=3 phase=phase2 obj=229.597104 artificial=0.0 cols=2896
[clean-BPC  2279.59s] node 21 cg=3 phase=phase2 kind=heuristic best_rc=0.0 found=0 added=0 exhausted=False cert=False
[clean-BPC  2291.77s] node 21 cg=3 phase=phase2 kind=heuristic_boost best_rc=0.0 found=0 added=0 exhausted=True cert=True
[clean-BPC  2291.78s] route-pack-conflict diag node 21 source_vehicle=1 routes=5 U=4 complete=True cache_hit=False states=112 added=0
[clean-BPC  2293.33s] cut_added family=schedule_nogood_core node=21 added=2 source_vehicle=1 route_count=4 signatures=[[1, 4, 12, 17, 3], [15, 18, 10, 9, 6, 8], [2, 14], [7, 13, 19, 5]]
[clean-BPC  2293.33s] node 22 d=7 lb=229.597104 open=19
[clean-BPC  2293.54s] node 22 cg=1 phase=phase1 obj=0.0 artificial=0.0 cols=2896
[clean-BPC  2293.75s] node 22 cg=2 phase=phase2 obj=229.597104 artificial=0.0 cols=2896
[clean-BPC  2296.91s] node 22 cg=2 phase=phase2 kind=heuristic best_rc=0.0 found=0 added=0 exhausted=False cert=False
[clean-BPC  2309.60s] node 22 cg=2 phase=phase2 kind=heuristic_boost best_rc=-0.0 found=0 added=0 exhausted=True cert=True
[clean-BPC  2309.61s] route-pack-conflict diag node 22 source_vehicle=1 routes=5 U=4 complete=True cache_hit=False states=104 added=0
[clean-BPC  2311.05s] cut_added family=schedule_nogood_core node=22 added=2 source_vehicle=1 route_count=3 signatures=[[3, 17, 12, 4, 1], [15, 18, 10, 9, 6, 8], [5, 7, 13, 19]]
[clean-BPC  2311.05s] node 23 d=7 lb=229.597104 open=19
[clean-BPC  2311.26s] node 23 cg=1 phase=phase1 obj=0.0 artificial=0.0 cols=2896
[clean-BPC  2311.48s] node 23 cg=2 phase=phase2 obj=229.597104 artificial=0.0 cols=2896
[clean-BPC  2314.71s] node 23 cg=2 phase=phase2 kind=heuristic best_rc=0.1307015 found=0 added=0 exhausted=False cert=False
[clean-BPC  2329.28s] node 23 cg=2 phase=phase2 kind=heuristic_boost best_rc=0.1307015 found=0 added=0 exhausted=True cert=True
[clean-BPC  2329.28s] route-pack-conflict diag node 23 source_vehicle=1 routes=5 U=4 complete=True cache_hit=True states=118 added=0
[clean-BPC  2330.83s] cut_added family=schedule_nogood_core node=23 added=1 source_vehicle=1 route_count=4 signatures=[[1, 4, 12, 17, 3], [8, 6, 9, 10, 18, 15], [2, 14], [5, 7, 19, 13]]
[clean-BPC  2330.83s] node 27 d=8 lb=229.597104 open=19
[clean-BPC  2331.04s] node 27 cg=1 phase=phase1 obj=0.0 artificial=0.0 cols=2896
[clean-BPC  2331.25s] node 27 cg=2 phase=phase2 obj=229.597104 artificial=0.0 cols=2896
[clean-BPC  2334.32s] node 27 cg=2 phase=phase2 kind=heuristic best_rc=-0.0 found=0 added=0 exhausted=False cert=False
[clean-BPC  2349.21s] node 27 cg=2 phase=phase2 kind=heuristic_boost best_rc=-0.478079354 found=7 added=7 exhausted=True cert=True
[clean-BPC  2349.42s] node 27 cg=3 phase=phase2 obj=229.597104 artificial=0.0 cols=2903
[clean-BPC  2352.60s] node 27 cg=3 phase=phase2 kind=heuristic best_rc=-0.0 found=0 added=0 exhausted=False cert=False
[clean-BPC  2364.16s] node 27 cg=3 phase=phase2 kind=heuristic_boost best_rc=-0.0 found=0 added=0 exhausted=True cert=True
[clean-BPC  2364.17s] route-pack-conflict diag node 27 source_vehicle=1 routes=5 U=4 complete=True cache_hit=True states=105 added=0
[clean-BPC  2365.73s] cut_added family=schedule_nogood_core node=27 added=1 source_vehicle=1 route_count=4 signatures=[[8, 6, 9, 10, 18, 15], [2, 14], [7, 19, 13, 5], [3, 12, 17, 4, 1]]
[clean-BPC  2365.73s] node 21 d=7 lb=229.597104 open=19
[clean-BPC  2365.93s] node 21 cg=1 phase=phase1 obj=0.0 artificial=0.0 cols=2903
[clean-BPC  2366.12s] node 21 cg=2 phase=phase2 obj=229.597104 artificial=0.0 cols=2903
[clean-BPC  2366.12s] cut_purged node=21 removed=1 by_kind={'schedule_nogood_core': 1} remaining=126
[clean-BPC  2366.32s] node 21 cg=3 phase=phase2 obj=229.597104 artificial=0.0 cols=2903
[clean-BPC  2369.45s] node 21 cg=3 phase=phase2 kind=heuristic best_rc=0.098058 found=0 added=0 exhausted=False cert=False
[clean-BPC  2382.32s] node 21 cg=3 phase=phase2 kind=heuristic_boost best_rc=0.098058 found=0 added=0 exhausted=True cert=True
[clean-BPC  2382.33s] route-pack-conflict diag node 21 source_vehicle=1 routes=5 U=4 complete=True cache_hit=True states=116 added=0
[clean-BPC  2383.89s] cut_added family=schedule_nogood_core node=21 added=1 source_vehicle=1 route_count=4 signatures=[[1, 4, 12, 17, 3], [15, 18, 10, 9, 6, 8], [2, 14], [5, 7, 13, 19]]
[clean-BPC  2383.89s] node 22 d=7 lb=229.597104 open=19
[clean-BPC  2384.11s] node 22 cg=1 phase=phase1 obj=0.0 artificial=0.0 cols=2903
[clean-BPC  2384.33s] node 22 cg=2 phase=phase2 obj=229.597104 artificial=0.0 cols=2903
[clean-BPC  2387.39s] node 22 cg=2 phase=phase2 kind=heuristic best_rc=-0.6540065 found=2 added=2 exhausted=False cert=False
[clean-BPC  2387.59s] node 22 cg=3 phase=phase2 obj=229.597104 artificial=0.0 cols=2905
[clean-BPC  2390.79s] node 22 cg=3 phase=phase2 kind=heuristic best_rc=0.0 found=0 added=0 exhausted=False cert=False
[clean-BPC  2403.10s] node 22 cg=3 phase=phase2 kind=heuristic_boost best_rc=0.0 found=0 added=0 exhausted=True cert=True
[clean-BPC  2403.12s] route-pack-conflict diag node 22 source_vehicle=1 routes=5 U=4 complete=True cache_hit=False states=116 added=0
[clean-BPC  2404.69s] cut_added family=schedule_nogood_core node=22 added=2 source_vehicle=1 route_count=4 signatures=[[1, 4, 17, 12, 3], [15, 18, 10, 9, 6, 8], [2, 14], [5, 13, 19, 7]]
[clean-BPC  2404.69s] node 23 d=7 lb=229.597104 open=19
[clean-BPC  2404.91s] node 23 cg=1 phase=phase1 obj=0.0 artificial=0.0 cols=2905
[clean-BPC  2405.11s] node 23 cg=2 phase=phase2 obj=229.597104 artificial=0.0 cols=2905
[clean-BPC  2408.32s] node 23 cg=2 phase=phase2 kind=heuristic best_rc=0.0 found=0 added=0 exhausted=False cert=False
[clean-BPC  2423.06s] node 23 cg=2 phase=phase2 kind=heuristic_boost best_rc=-0.0 found=0 added=0 exhausted=True cert=True
[clean-BPC  2423.07s] route-pack-conflict diag node 23 source_vehicle=1 routes=5 U=4 complete=True cache_hit=False states=109 added=0
[clean-BPC  2424.61s] cut_added family=schedule_nogood_core node=23 added=2 source_vehicle=1 route_count=4 signatures=[[3, 17, 12, 4, 1], [8, 6, 9, 10, 18, 15], [2, 14], [5, 7, 19, 13]]
[clean-BPC  2424.61s] node 27 d=8 lb=229.597104 open=19
[clean-BPC  2424.80s] node 27 cg=1 phase=phase1 obj=0.0 artificial=0.0 cols=2905
[clean-BPC  2425.02s] node 27 cg=2 phase=phase2 obj=229.597104 artificial=0.0 cols=2905
[clean-BPC  2428.18s] node 27 cg=2 phase=phase2 kind=heuristic best_rc=0.0 found=0 added=0 exhausted=False cert=False
[clean-BPC  2439.62s] node 27 cg=2 phase=phase2 kind=heuristic_boost best_rc=-0.0 found=0 added=0 exhausted=True cert=True
[clean-BPC  2439.63s] route-pack-conflict diag node 27 source_vehicle=1 routes=5 U=4 complete=True cache_hit=True states=114 added=0
[clean-BPC  2441.15s] cut_added family=schedule_nogood_core node=27 added=1 source_vehicle=1 route_count=4 signatures=[[1, 4, 17, 12, 3], [8, 6, 9, 10, 18, 15], [2, 14], [7, 19, 13, 5]]
[clean-BPC  2441.15s] node 21 d=7 lb=229.597104 open=19
[clean-BPC  2441.35s] node 21 cg=1 phase=phase1 obj=0.0 artificial=0.0 cols=2905
[clean-BPC  2441.56s] node 21 cg=2 phase=phase2 obj=229.597104 artificial=0.0 cols=2905
[clean-BPC  2444.63s] node 21 cg=2 phase=phase2 kind=heuristic best_rc=0.098058 found=0 added=0 exhausted=False cert=False
[clean-BPC  2457.44s] node 21 cg=2 phase=phase2 kind=heuristic_boost best_rc=0.098058 found=0 added=0 exhausted=True cert=True
[clean-BPC  2461.14s] branch node 21: left=arc(1,4)=off right=arc(1,4)=on
[clean-BPC  2461.14s] node 22 d=7 lb=229.597104 open=20
[clean-BPC  2461.36s] node 22 cg=1 phase=phase1 obj=0.0 artificial=0.0 cols=2905
[clean-BPC  2461.56s] node 22 cg=2 phase=phase2 obj=229.597104 artificial=0.0 cols=2905
[clean-BPC  2464.81s] node 22 cg=2 phase=phase2 kind=heuristic best_rc=0.0 found=0 added=0 exhausted=False cert=False
[clean-BPC  2477.40s] node 22 cg=2 phase=phase2 kind=heuristic_boost best_rc=0.0 found=0 added=0 exhausted=True cert=True
[clean-BPC  2477.41s] route-pack-conflict diag node 22 source_vehicle=1 routes=5 U=4 complete=True cache_hit=True states=104 added=0
[clean-BPC  2478.82s] cut_added family=schedule_nogood_core node=22 added=2 source_vehicle=1 route_count=3 signatures=[[3, 17, 12, 4, 1], [15, 18, 10, 9, 6, 8], [5, 13, 19, 7]]
[clean-BPC  2478.82s] node 23 d=7 lb=229.597104 open=20
[clean-BPC  2479.04s] node 23 cg=1 phase=phase1 obj=0.0 artificial=0.0 cols=2905
[clean-BPC  2479.26s] node 23 cg=2 phase=phase2 obj=229.597104 artificial=0.0 cols=2905
[clean-BPC  2482.41s] node 23 cg=2 phase=phase2 kind=heuristic best_rc=0.0 found=0 added=0 exhausted=False cert=False
[clean-BPC  2494.44s] node 23 cg=2 phase=phase2 kind=heuristic_boost best_rc=-0.007489 found=2 added=2 exhausted=True cert=True
[clean-BPC  2494.66s] node 23 cg=3 phase=phase2 obj=229.597104 artificial=0.0 cols=2907
[clean-BPC  2494.66s] cut_purged node=23 removed=1 by_kind={'schedule_nogood_core': 1} remaining=133
[clean-BPC  2494.88s] node 23 cg=4 phase=phase2 obj=229.597104 artificial=0.0 cols=2907
[clean-BPC  2498.15s] node 23 cg=4 phase=phase2 kind=heuristic best_rc=0.0 found=0 added=0 exhausted=False cert=False
[clean-BPC  2513.28s] node 23 cg=4 phase=phase2 kind=heuristic_boost best_rc=-0.126668294 found=1 added=1 exhausted=True cert=True
[clean-BPC  2513.51s] node 23 cg=5 phase=phase2 obj=229.597104 artificial=0.0 cols=2908
[clean-BPC  2513.51s] cut_purged node=23 removed=1 by_kind={'schedule_nogood_core': 1} remaining=132
[clean-BPC  2513.72s] node 23 cg=6 phase=phase2 obj=229.597104 artificial=0.0 cols=2908
[clean-BPC  2513.72s] cut_purged node=23 removed=1 by_kind={'schedule_nogood_core': 1} remaining=131
[clean-BPC  2513.94s] node 23 cg=7 phase=phase2 obj=229.597104 artificial=0.0 cols=2908
[clean-BPC  2513.94s] cut_purged node=23 removed=3 by_kind={'schedule_nogood_core': 3} remaining=128
[clean-BPC  2514.15s] node 23 cg=8 phase=phase2 obj=229.597104 artificial=0.0 cols=2908
[clean-BPC  2514.15s] cut_purged node=23 removed=1 by_kind={'schedule_nogood_core': 1} remaining=127
[clean-BPC  2514.37s] node 23 cg=9 phase=phase2 obj=229.597104 artificial=0.0 cols=2908
[clean-BPC  2514.37s] cut_purged node=23 removed=2 by_kind={'schedule_nogood_core': 2} remaining=125
[clean-BPC  2514.59s] node 23 cg=10 phase=phase2 obj=229.597104 artificial=0.0 cols=2908
[clean-BPC  2517.67s] node 23 cg=10 phase=phase2 kind=heuristic best_rc=0.0 found=0 added=0 exhausted=False cert=False
[clean-BPC  2529.03s] node 23 cg=10 phase=phase2 kind=heuristic_boost best_rc=-0.04999675 found=2 added=2 exhausted=True cert=True
[clean-BPC  2529.25s] node 23 cg=11 phase=phase2 obj=229.597104 artificial=0.0 cols=2910
[clean-BPC  2532.35s] node 23 cg=11 phase=phase2 kind=heuristic best_rc=0.0 found=0 added=0 exhausted=False cert=False
[clean-BPC  2543.78s] node 23 cg=11 phase=phase2 kind=heuristic_boost best_rc=0.0 found=0 added=0 exhausted=True cert=True
[clean-BPC  2543.79s] route-pack-conflict diag node 23 source_vehicle=1 routes=5 U=4 complete=True cache_hit=False states=104 added=0
[clean-BPC  2545.20s] cut_added family=schedule_nogood_core node=23 added=2 source_vehicle=1 route_count=3 signatures=[[15, 18, 10, 9, 6, 8], [5, 7, 19, 13], [3, 12, 17, 4, 1]]
[clean-BPC  2545.20s] node 27 d=8 lb=229.597104 open=20
[clean-BPC  2545.42s] node 27 cg=1 phase=phase1 obj=0.0 artificial=0.0 cols=2910
[clean-BPC  2545.63s] node 27 cg=2 phase=phase2 obj=229.597104 artificial=0.0 cols=2910
[clean-BPC  2548.78s] node 27 cg=2 phase=phase2 kind=heuristic best_rc=0.0 found=0 added=0 exhausted=False cert=False
[clean-BPC  2560.29s] node 27 cg=2 phase=phase2 kind=heuristic_boost best_rc=-0.0 found=0 added=0 exhausted=True cert=True
[clean-BPC  2560.30s] route-pack-conflict diag node 27 source_vehicle=1 routes=5 U=4 complete=True cache_hit=True states=114 added=0
[clean-BPC  2561.85s] cut_added family=schedule_nogood_core node=27 added=1 source_vehicle=1 route_count=4 signatures=[[1, 4, 17, 12, 3], [8, 6, 9, 10, 18, 15], [2, 14], [7, 19, 13, 5]]
[clean-BPC  2561.85s] node 41 d=8 lb=229.597104 open=20
[clean-BPC  2562.05s] node 41 cg=1 phase=phase1 obj=0.0 artificial=0.0 cols=2910
[clean-BPC  2562.25s] node 41 cg=2 phase=phase2 obj=229.597104 artificial=0.0 cols=2910
[clean-BPC  2562.25s] cut_purged node=41 removed=1 by_kind={'schedule_nogood_core': 1} remaining=127
[clean-BPC  2562.43s] node 41 cg=3 phase=phase2 obj=229.597104 artificial=0.0 cols=2910
[clean-BPC  2565.60s] node 41 cg=3 phase=phase2 kind=heuristic best_rc=0.098058 found=0 added=0 exhausted=False cert=False
[clean-BPC  2577.77s] node 41 cg=3 phase=phase2 kind=heuristic_boost best_rc=0.098058 found=0 added=0 exhausted=True cert=True
[clean-BPC  2577.78s] route-pack-conflict diag node 41 source_vehicle=1 routes=5 U=4 complete=True cache_hit=False states=104 added=0
[clean-BPC  2579.21s] cut_added family=schedule_nogood_core node=41 added=2 source_vehicle=1 route_count=3 signatures=[[15, 18, 10, 9, 6, 8], [5, 7, 13, 19], [3, 12, 17, 4, 1]]
[clean-BPC  2579.21s] node 42 d=8 lb=229.597104 open=20
[clean-BPC  2579.40s] node 42 cg=1 phase=phase1 obj=0.0 artificial=0.0 cols=2910
[clean-BPC  2579.61s] node 42 cg=2 phase=phase2 obj=229.597104 artificial=0.0 cols=2910
[clean-BPC  2582.68s] node 42 cg=2 phase=phase2 kind=heuristic best_rc=-0.2964945 found=10 added=10 exhausted=False cert=False
[clean-BPC  2582.88s] node 42 cg=3 phase=phase2 obj=229.597104 artificial=0.0 cols=2920
[clean-BPC  2586.06s] node 42 cg=3 phase=phase2 kind=heuristic best_rc=0.098058 found=0 added=0 exhausted=False cert=False
[clean-BPC  2601.29s] node 42 cg=3 phase=phase2 kind=heuristic_boost best_rc=0.0 found=0 added=0 exhausted=True cert=True
[clean-BPC  2601.30s] route-pack-conflict diag node 42 source_vehicle=1 routes=5 U=4 complete=True cache_hit=True states=116 added=0
[clean-BPC  2602.86s] cut_added family=schedule_nogood_core node=42 added=1 source_vehicle=1 route_count=4 signatures=[[1, 4, 12, 17, 3], [15, 18, 10, 9, 6, 8], [2, 14], [5, 13, 19, 7]]
[clean-BPC  2602.86s] node 22 d=7 lb=229.597104 open=20
[clean-BPC  2603.06s] node 22 cg=1 phase=phase1 obj=0.0 artificial=0.0 cols=2920
[clean-BPC  2603.28s] node 22 cg=2 phase=phase2 obj=229.597104 artificial=0.0 cols=2920
[clean-BPC  2603.28s] cut_purged node=22 removed=2 by_kind={'schedule_nogood_core': 2} remaining=128
[clean-BPC  2603.50s] node 22 cg=3 phase=phase2 obj=229.597104 artificial=0.0 cols=2920
[clean-BPC  2606.61s] node 22 cg=3 phase=phase2 kind=heuristic best_rc=0.1667415 found=0 added=0 exhausted=False cert=False
[clean-BPC  2622.08s] node 22 cg=3 phase=phase2 kind=heuristic_boost best_rc=0.0 found=0 added=0 exhausted=True cert=True
[clean-BPC  2622.09s] route-pack-conflict diag node 22 source_vehicle=1 routes=5 U=4 complete=True cache_hit=True states=116 added=0
[clean-BPC  2623.68s] cut_added family=schedule_nogood_core node=22 added=1 source_vehicle=1 route_count=4 signatures=[[1, 4, 17, 12, 3], [15, 18, 10, 9, 6, 8], [2, 14], [5, 13, 19, 7]]
[clean-BPC  2623.68s] node 23 d=7 lb=229.597104 open=20
[clean-BPC  2623.90s] node 23 cg=1 phase=phase1 obj=0.0 artificial=0.0 cols=2920
[clean-BPC  2624.11s] node 23 cg=2 phase=phase2 obj=229.597104 artificial=0.0 cols=2920
[clean-BPC  2627.38s] node 23 cg=2 phase=phase2 kind=heuristic best_rc=-0.1299115 found=2 added=2 exhausted=False cert=False
[clean-BPC  2627.58s] node 23 cg=3 phase=phase2 obj=229.597104 artificial=0.0 cols=2922
[clean-BPC  2627.58s] cut_purged node=23 removed=1 by_kind={'schedule_nogood_core': 1} remaining=128
[clean-BPC  2627.81s] node 23 cg=4 phase=phase2 obj=229.597104 artificial=0.0 cols=2922
[clean-BPC  2631.16s] node 23 cg=4 phase=phase2 kind=heuristic best_rc=0.098058 found=0 added=0 exhausted=False cert=False
[clean-BPC  2645.80s] node 23 cg=4 phase=phase2 kind=heuristic_boost best_rc=-0.0 found=0 added=0 exhausted=True cert=True
[clean-BPC  2645.81s] route-pack-conflict diag node 23 source_vehicle=1 routes=5 U=4 complete=True cache_hit=True states=109 added=0
[clean-BPC  2647.38s] cut_added family=schedule_nogood_core node=23 added=1 source_vehicle=1 route_count=4 signatures=[[8, 6, 9, 10, 18, 15], [2, 14], [5, 7, 19, 13], [3, 12, 17, 4, 1]]
[clean-BPC  2647.38s] node 27 d=8 lb=229.597104 open=20
[clean-BPC  2647.58s] node 27 cg=1 phase=phase1 obj=0.0 artificial=0.0 cols=2922
[clean-BPC  2647.80s] node 27 cg=2 phase=phase2 obj=229.597104 artificial=0.0 cols=2922
[clean-BPC  2651.02s] node 27 cg=2 phase=phase2 kind=heuristic best_rc=0.0 found=0 added=0 exhausted=False cert=False
[clean-BPC  2662.22s] node 27 cg=2 phase=phase2 kind=heuristic_boost best_rc=0.0 found=0 added=0 exhausted=True cert=True
[clean-BPC  2662.22s] route-pack-conflict diag node 27 source_vehicle=1 routes=5 U=4 complete=True cache_hit=False states=100 added=0
[clean-BPC  2663.65s] cut_added family=schedule_nogood_core node=27 added=2 source_vehicle=1 route_count=3 signatures=[[3, 17, 12, 4, 1], [15, 18, 10, 9, 6, 8], [7, 19, 13, 5]]
[clean-BPC  2663.65s] node 41 d=8 lb=229.597104 open=20
[clean-BPC  2663.85s] node 41 cg=1 phase=phase1 obj=0.0 artificial=0.0 cols=2922
[clean-BPC  2664.04s] node 41 cg=2 phase=phase2 obj=229.597104 artificial=0.0 cols=2922
[clean-BPC  2667.16s] node 41 cg=2 phase=phase2 kind=heuristic best_rc=0.0292105 found=0 added=0 exhausted=False cert=False
[clean-BPC  2679.18s] node 41 cg=2 phase=phase2 kind=heuristic_boost best_rc=0.0292105 found=0 added=0 exhausted=True cert=True
[clean-BPC  2679.19s] route-pack-conflict diag node 41 source_vehicle=1 routes=5 U=4 complete=True cache_hit=False states=100 added=0
[clean-BPC  2680.62s] cut_added family=schedule_nogood_core node=41 added=2 source_vehicle=1 route_count=3 signatures=[[15, 18, 10, 9, 6, 8], [7, 13, 19, 5], [3, 12, 17, 4, 1]]
[clean-BPC  2680.62s] node 42 d=8 lb=229.597104 open=20
[clean-BPC  2680.83s] node 42 cg=1 phase=phase1 obj=0.0 artificial=0.0 cols=2922
[clean-BPC  2681.04s] node 42 cg=2 phase=phase2 obj=229.597104 artificial=0.0 cols=2922
[clean-BPC  2684.14s] node 42 cg=2 phase=phase2 kind=heuristic best_rc=0.098058 found=0 added=0 exhausted=False cert=False
[clean-BPC  2699.39s] node 42 cg=2 phase=phase2 kind=heuristic_boost best_rc=0.0 found=0 added=0 exhausted=True cert=True
[clean-BPC  2699.40s] route-pack-conflict diag node 42 source_vehicle=1 routes=5 U=4 complete=True cache_hit=True states=116 added=0
[clean-BPC  2700.95s] cut_added family=schedule_nogood_core node=42 added=1 source_vehicle=1 route_count=4 signatures=[[1, 4, 12, 17, 3], [15, 18, 10, 9, 6, 8], [2, 14], [5, 7, 13, 19]]
[clean-BPC  2700.95s] node 22 d=7 lb=229.597104 open=20
[clean-BPC  2701.17s] node 22 cg=1 phase=phase1 obj=0.0 artificial=0.0 cols=2922
[clean-BPC  2701.39s] node 22 cg=2 phase=phase2 obj=229.597104 artificial=0.0 cols=2922
[clean-BPC  2704.54s] node 22 cg=2 phase=phase2 kind=heuristic best_rc=0.1667415 found=0 added=0 exhausted=False cert=False
[clean-BPC  2720.00s] node 22 cg=2 phase=phase2 kind=heuristic_boost best_rc=0.0 found=0 added=0 exhausted=True cert=True
[clean-BPC  2720.01s] route-pack-conflict diag node 22 source_vehicle=1 routes=5 U=4 complete=True cache_hit=True states=116 added=0
[clean-BPC  2721.58s] cut_added family=schedule_nogood_core node=22 added=1 source_vehicle=1 route_count=4 signatures=[[1, 4, 17, 12, 3], [15, 18, 10, 9, 6, 8], [2, 14], [5, 7, 13, 19]]
[clean-BPC  2721.58s] node 23 d=7 lb=229.597104 open=20
[clean-BPC  2721.79s] node 23 cg=1 phase=phase1 obj=0.0 artificial=0.0 cols=2922
[clean-BPC  2722.01s] node 23 cg=2 phase=phase2 obj=229.597104 artificial=0.0 cols=2922
[clean-BPC  2725.23s] node 23 cg=2 phase=phase2 kind=heuristic best_rc=-0.0 found=0 added=0 exhausted=False cert=False
[clean-BPC  2736.86s] node 23 cg=2 phase=phase2 kind=heuristic_boost best_rc=-0.085075375 found=2 added=2 exhausted=True cert=True
[clean-BPC  2737.08s] node 23 cg=3 phase=phase2 obj=229.597104 artificial=0.0 cols=2924
[clean-BPC  2740.32s] node 23 cg=3 phase=phase2 kind=heuristic best_rc=0.036789351 found=0 added=0 exhausted=False cert=False
[clean-BPC  2751.94s] node 23 cg=3 phase=phase2 kind=heuristic_boost best_rc=0.036789351 found=0 added=0 exhausted=True cert=True
[clean-BPC  2751.95s] route-pack-conflict diag node 23 source_vehicle=1 routes=5 U=4 complete=True cache_hit=True states=116 added=0
[clean-BPC  2753.50s] cut_added family=schedule_nogood_core node=23 added=1 source_vehicle=1 route_count=4 signatures=[[1, 4, 12, 17, 3], [15, 18, 10, 9, 6, 8], [2, 14], [5, 7, 19, 13]]
[clean-BPC  2753.50s] node 27 d=8 lb=229.597104 open=20
[clean-BPC  2753.70s] node 27 cg=1 phase=phase1 obj=0.0 artificial=0.0 cols=2924
[clean-BPC  2753.91s] node 27 cg=2 phase=phase2 obj=229.597104 artificial=0.0 cols=2924
[clean-BPC  2757.05s] node 27 cg=2 phase=phase2 kind=heuristic best_rc=0.098058 found=0 added=0 exhausted=False cert=False
[clean-BPC  2768.36s] node 27 cg=2 phase=phase2 kind=heuristic_boost best_rc=-0.0 found=0 added=0 exhausted=True cert=True
[clean-BPC  2768.37s] route-pack-conflict diag node 27 source_vehicle=1 routes=5 U=4 complete=True cache_hit=True states=105 added=0
[clean-BPC  2769.93s] cut_added family=schedule_nogood_core node=27 added=1 source_vehicle=1 route_count=4 signatures=[[8, 6, 9, 10, 18, 15], [2, 14], [7, 19, 13, 5], [3, 12, 17, 4, 1]]
[clean-BPC  2769.93s] node 41 d=8 lb=229.597104 open=20
[clean-BPC  2770.12s] node 41 cg=1 phase=phase1 obj=0.0 artificial=0.0 cols=2924
[clean-BPC  2770.32s] node 41 cg=2 phase=phase2 obj=229.597104 artificial=0.0 cols=2924
[clean-BPC  2773.49s] node 41 cg=2 phase=phase2 kind=heuristic best_rc=0.265021625 found=0 added=0 exhausted=False cert=False
[clean-BPC  2785.68s] node 41 cg=2 phase=phase2 kind=heuristic_boost best_rc=0.265021625 found=0 added=0 exhausted=True cert=True
[clean-BPC  2785.69s] route-pack-conflict diag node 41 source_vehicle=1 routes=5 U=4 complete=True cache_hit=False states=104 added=0
[clean-BPC  2787.10s] cut_added family=schedule_nogood_core node=41 added=2 source_vehicle=1 route_count=3 signatures=[[15, 18, 10, 9, 6, 8], [5, 13, 19, 7], [3, 12, 17, 4, 1]]
[clean-BPC  2787.10s] node 42 d=8 lb=229.597104 open=20
[clean-BPC  2787.30s] node 42 cg=1 phase=phase1 obj=0.0 artificial=0.0 cols=2924
[clean-BPC  2787.51s] node 42 cg=2 phase=phase2 obj=229.597104 artificial=0.0 cols=2924
[clean-BPC  2787.51s] cut_purged node=42 removed=1 by_kind={'schedule_nogood_core': 1} remaining=138
[clean-BPC  2787.71s] node 42 cg=3 phase=phase2 obj=229.597104 artificial=0.0 cols=2924
[clean-BPC  2790.84s] node 42 cg=3 phase=phase2 kind=heuristic best_rc=0.098058 found=0 added=0 exhausted=False cert=False
[clean-BPC  2806.03s] node 42 cg=3 phase=phase2 kind=heuristic_boost best_rc=0.0 found=0 added=0 exhausted=True cert=True
[clean-BPC  2806.04s] route-pack-conflict diag node 42 source_vehicle=1 routes=5 U=4 complete=True cache_hit=True states=112 added=0
[clean-BPC  2807.58s] cut_added family=schedule_nogood_core node=42 added=1 source_vehicle=1 route_count=4 signatures=[[1, 4, 12, 17, 3], [15, 18, 10, 9, 6, 8], [2, 14], [7, 13, 19, 5]]
[clean-BPC  2807.58s] node 22 d=7 lb=229.597104 open=20
[clean-BPC  2807.80s] node 22 cg=1 phase=phase1 obj=0.0 artificial=0.0 cols=2924
[clean-BPC  2808.00s] node 22 cg=2 phase=phase2 obj=229.597104 artificial=0.0 cols=2924
[clean-BPC  2811.15s] node 22 cg=2 phase=phase2 kind=heuristic best_rc=0.1667415 found=0 added=0 exhausted=False cert=False
[clean-BPC  2826.58s] node 22 cg=2 phase=phase2 kind=heuristic_boost best_rc=0.0 found=0 added=0 exhausted=True cert=True
[clean-BPC  2830.60s] branch node 22: left=arc(5,7)=off right=arc(5,7)=on
[clean-BPC  2830.60s] node 23 d=7 lb=229.597104 open=21
[clean-BPC  2830.81s] node 23 cg=1 phase=phase1 obj=0.0 artificial=0.0 cols=2924
[clean-BPC  2831.03s] node 23 cg=2 phase=phase2 obj=229.597104 artificial=0.0 cols=2924
[clean-BPC  2834.29s] node 23 cg=2 phase=phase2 kind=heuristic best_rc=0.0 found=0 added=0 exhausted=False cert=False
[clean-BPC  2846.25s] node 23 cg=2 phase=phase2 kind=heuristic_boost best_rc=0.0 found=0 added=0 exhausted=True cert=True
[clean-BPC  2850.21s] branch node 23: left=arc(18,10)=off right=arc(18,10)=on
[clean-BPC  2850.21s] node 27 d=8 lb=229.597104 open=22
[clean-BPC  2850.42s] node 27 cg=1 phase=phase1 obj=0.0 artificial=0.0 cols=2924
[clean-BPC  2850.63s] node 27 cg=2 phase=phase2 obj=229.597104 artificial=0.0 cols=2924
[clean-BPC  2853.81s] node 27 cg=2 phase=phase2 kind=heuristic best_rc=0.169870615 found=0 added=0 exhausted=False cert=False
[clean-BPC  2865.04s] node 27 cg=2 phase=phase2 kind=heuristic_boost best_rc=0.169870615 found=0 added=0 exhausted=True cert=True
[clean-BPC  2865.04s] route-pack-conflict diag node 27 source_vehicle=1 routes=5 U=4 complete=True cache_hit=True states=100 added=0
[clean-BPC  2866.47s] cut_added family=schedule_nogood_core node=27 added=1 source_vehicle=1 route_count=3 signatures=[[3, 17, 12, 4, 1], [15, 18, 10, 9, 6, 8], [7, 19, 13, 5]]
[clean-BPC  2866.47s] node 41 d=8 lb=229.597104 open=22
[clean-BPC  2866.66s] node 41 cg=1 phase=phase1 obj=0.0 artificial=0.0 cols=2924
[clean-BPC  2866.86s] node 41 cg=2 phase=phase2 obj=229.597104 artificial=0.0 cols=2924
[clean-BPC  2869.90s] node 41 cg=2 phase=phase2 kind=heuristic best_rc=0.098058 found=0 added=0 exhausted=False cert=False
[clean-BPC  2881.09s] node 41 cg=2 phase=phase2 kind=heuristic_boost best_rc=-0.00542 found=1 added=1 exhausted=True cert=True
[clean-BPC  2881.29s] node 41 cg=3 phase=phase2 obj=229.597104 artificial=0.0 cols=2925
[clean-BPC  2881.29s] cut_purged node=41 removed=1 by_kind={'schedule_nogood_core': 1} remaining=139
[clean-BPC  2881.48s] node 41 cg=4 phase=phase2 obj=229.597104 artificial=0.0 cols=2925
[clean-BPC  2884.60s] node 41 cg=4 phase=phase2 kind=heuristic best_rc=0.098058 found=0 added=0 exhausted=False cert=False
[clean-BPC  2895.99s] node 41 cg=4 phase=phase2 kind=heuristic_boost best_rc=0.098058 found=0 added=0 exhausted=True cert=True
[clean-BPC  2896.00s] route-pack-conflict diag node 41 source_vehicle=1 routes=5 U=4 complete=True cache_hit=False states=100 added=0
[clean-BPC  2897.44s] cut_added family=schedule_nogood_core node=41 added=2 source_vehicle=1 route_count=3 signatures=[[15, 18, 10, 9, 6, 8], [13, 19, 7, 5], [3, 12, 17, 4, 1]]
[clean-BPC  2897.44s] node 44 d=8 lb=229.597104 open=22
[clean-BPC  2897.66s] node 44 cg=1 phase=phase1 obj=0.0 artificial=0.0 cols=2925
[clean-BPC  2897.89s] node 44 cg=2 phase=phase2 obj=229.614254 artificial=0.0 cols=2925
[clean-BPC  2901.10s] node 44 cg=2 phase=phase2 kind=heuristic best_rc=0.098058 found=0 added=0 exhausted=False cert=False
[clean-BPC  2918.44s] node 44 cg=2 phase=phase2 kind=heuristic_boost best_rc=0.0342995 found=0 added=0 exhausted=True cert=True
[clean-BPC  2924.49s] branch node 44: left=RF(11,12)=separate right=RF(11,12)=same
[clean-BPC  2924.49s] node 45 d=8 lb=229.597104 open=23
[clean-BPC  2924.70s] node 45 cg=1 phase=phase1 obj=0.0 artificial=0.0 cols=2925
[clean-BPC  2924.92s] node 45 cg=2 phase=phase2 obj=229.597104 artificial=0.0 cols=2925
[clean-BPC  2924.92s] cut_purged node=45 removed=3 by_kind={'schedule_nogood_core': 3} remaining=138
[clean-BPC  2925.13s] node 45 cg=3 phase=phase2 obj=229.597104 artificial=0.0 cols=2925
[clean-BPC  2925.13s] cut_purged node=45 removed=1 by_kind={'schedule_nogood_core': 1} remaining=137
[clean-BPC  2925.33s] node 45 cg=4 phase=phase2 obj=229.597104 artificial=0.0 cols=2925
[clean-BPC  2928.55s] node 45 cg=4 phase=phase2 kind=heuristic best_rc=-0.048086 found=2 added=2 exhausted=False cert=False
[clean-BPC  2928.76s] node 45 cg=5 phase=phase2 obj=229.597104 artificial=0.0 cols=2927
[clean-BPC  2928.76s] cut_purged node=45 removed=1 by_kind={'schedule_nogood_core': 1} remaining=136
[clean-BPC  2928.97s] node 45 cg=6 phase=phase2 obj=229.597104 artificial=0.0 cols=2927
[clean-BPC  2932.26s] node 45 cg=6 phase=phase2 kind=heuristic best_rc=0.161754 found=0 added=0 exhausted=False cert=False
[clean-BPC  2944.16s] node 45 cg=6 phase=phase2 kind=heuristic_boost best_rc=-0.0 found=0 added=0 exhausted=True cert=True
[clean-BPC  2944.17s] route-pack-conflict diag node 45 source_vehicle=1 routes=5 U=4 complete=True cache_hit=True states=118 added=0
[clean-BPC  2945.73s] cut_added family=schedule_nogood_core node=45 added=1 source_vehicle=1 route_count=4 signatures=[[1, 4, 12, 17, 3], [8, 6, 9, 10, 18, 15], [2, 14], [5, 7, 19, 13]]
[clean-BPC  2945.73s] node 46 d=8 lb=229.597104 open=23
[clean-BPC  2945.94s] node 46 cg=1 phase=phase1 obj=0.0 artificial=0.0 cols=2927
[clean-BPC  2946.16s] node 46 cg=2 phase=phase2 obj=229.597104 artificial=0.0 cols=2927
[clean-BPC  2949.44s] node 46 cg=2 phase=phase2 kind=heuristic best_rc=0.039523333 found=0 added=0 exhausted=False cert=False
[clean-BPC  2960.99s] node 46 cg=2 phase=phase2 kind=heuristic_boost best_rc=0.039523333 found=0 added=0 exhausted=True cert=True
[clean-BPC  2961.00s] route-pack-conflict diag node 46 source_vehicle=1 routes=5 U=4 complete=True cache_hit=False states=116 added=0
[clean-BPC  2962.56s] cut_added family=schedule_nogood_core node=46 added=2 source_vehicle=1 route_count=4 signatures=[[1, 4, 17, 12, 3], [15, 18, 10, 9, 6, 8], [2, 14], [5, 7, 19, 13]]
[clean-BPC  2962.56s] node 45 d=8 lb=229.597104 open=23
[clean-BPC  2962.78s] node 45 cg=1 phase=phase1 obj=0.0 artificial=0.0 cols=2927
[clean-BPC  2962.99s] node 45 cg=2 phase=phase2 obj=229.597104 artificial=0.0 cols=2927
[clean-BPC  2962.99s] cut_purged node=45 removed=4 by_kind={'schedule_nogood_core': 4} remaining=135
[clean-BPC  2963.19s] node 45 cg=3 phase=phase2 obj=229.597104 artificial=0.0 cols=2927
[clean-BPC  2963.20s] cut_purged node=45 removed=1 by_kind={'schedule_nogood_core': 1} remaining=134
[clean-BPC  2963.41s] node 45 cg=4 phase=phase2 obj=229.597104 artificial=0.0 cols=2927
[clean-BPC  2966.57s] node 45 cg=4 phase=phase2 kind=heuristic best_rc=0.161754 found=0 added=0 exhausted=False cert=False
[clean-BPC  2981.64s] node 45 cg=4 phase=phase2 kind=heuristic_boost best_rc=-0.0 found=0 added=0 exhausted=True cert=True
[clean-BPC  2981.65s] route-pack-conflict diag node 45 source_vehicle=1 routes=5 U=4 complete=True cache_hit=True states=118 added=0
[clean-BPC  2983.19s] cut_added family=schedule_nogood_core node=45 added=1 source_vehicle=1 route_count=4 signatures=[[1, 4, 17, 12, 3], [8, 6, 9, 10, 18, 15], [2, 14], [5, 7, 19, 13]]
[clean-BPC  2983.19s] node 46 d=8 lb=229.597104 open=23
[clean-BPC  2983.41s] node 46 cg=1 phase=phase1 obj=0.0 artificial=0.0 cols=2927
[clean-BPC  2983.63s] node 46 cg=2 phase=phase2 obj=229.597104 artificial=0.0 cols=2927
[clean-BPC  2986.72s] node 46 cg=2 phase=phase2 kind=heuristic best_rc=0.0 found=0 added=0 exhausted=False cert=False
[clean-BPC  2999.21s] node 46 cg=2 phase=phase2 kind=heuristic_boost best_rc=0.0 found=0 added=0 exhausted=True cert=True
[clean-BPC  2999.22s] route-pack-conflict diag node 46 source_vehicle=1 routes=5 U=4 complete=True cache_hit=False states=104 added=0
[clean-BPC  3000.64s] cut_added family=schedule_nogood_core node=46 added=2 source_vehicle=1 route_count=3 signatures=[[3, 17, 12, 4, 1], [15, 18, 10, 9, 6, 8], [5, 7, 19, 13]]
[clean-BPC  3000.64s] node 45 d=8 lb=229.597104 open=23
[clean-BPC  3000.85s] node 45 cg=1 phase=phase1 obj=0.0 artificial=0.0 cols=2927
[clean-BPC  3001.06s] node 45 cg=2 phase=phase2 obj=229.597104 artificial=0.0 cols=2927
[clean-BPC  3004.30s] node 45 cg=2 phase=phase2 kind=heuristic best_rc=-0.0 found=0 added=0 exhausted=False cert=False
[clean-BPC  3016.16s] node 45 cg=2 phase=phase2 kind=heuristic_boost best_rc=-0.0 found=0 added=0 exhausted=True cert=True
[clean-BPC  3016.16s] route-pack-conflict diag node 45 source_vehicle=1 routes=5 U=4 complete=True cache_hit=True states=109 added=0
[clean-BPC  3017.71s] cut_added family=schedule_nogood_core node=45 added=1 source_vehicle=1 route_count=4 signatures=[[3, 17, 12, 4, 1], [8, 6, 9, 10, 18, 15], [2, 14], [5, 7, 19, 13]]
[clean-BPC  3017.71s] node 46 d=8 lb=229.597104 open=23
[clean-BPC  3017.93s] node 46 cg=1 phase=phase1 obj=0.0 artificial=0.0 cols=2927
[clean-BPC  3018.16s] node 46 cg=2 phase=phase2 obj=229.606904 artificial=0.0 cols=2927
[clean-BPC  3021.28s] node 46 cg=2 phase=phase2 kind=heuristic best_rc=0.039199429 found=0 added=0 exhausted=False cert=False
[clean-BPC  3033.92s] node 46 cg=2 phase=phase2 kind=heuristic_boost best_rc=-0.0 found=0 added=0 exhausted=True cert=True
[clean-BPC  3039.34s] branch node 46: left=RF(2,8)=separate right=RF(2,8)=same
[clean-BPC  3039.34s] node 45 d=8 lb=229.597104 open=24
[clean-BPC  3039.55s] node 45 cg=1 phase=phase1 obj=0.0 artificial=0.0 cols=2927
[clean-BPC  3039.76s] node 45 cg=2 phase=phase2 obj=229.604726 artificial=0.0 cols=2927
[clean-BPC  3043.01s] node 45 cg=2 phase=phase2 kind=heuristic best_rc=-0.030488444 found=1 added=1 exhausted=False cert=False
[clean-BPC  3043.21s] node 45 cg=3 phase=phase2 obj=229.604726 artificial=0.0 cols=2928
[clean-BPC  3043.21s] cut_purged node=45 removed=1 by_kind={'schedule_nogood_core': 1} remaining=137
[clean-BPC  3043.42s] node 45 cg=4 phase=phase2 obj=229.604726 artificial=0.0 cols=2928
[clean-BPC  3046.77s] node 45 cg=4 phase=phase2 kind=heuristic best_rc=0.0 found=0 added=0 exhausted=False cert=False
[clean-BPC  3058.82s] node 45 cg=4 phase=phase2 kind=heuristic_boost best_rc=0.0 found=0 added=0 exhausted=True cert=True
[clean-BPC  3063.86s] branch node 45: left=RF(2,8)=separate right=RF(2,8)=same
[clean-BPC  3063.86s] node 27 d=8 lb=229.597104 open=25
[clean-BPC  3064.07s] node 27 cg=1 phase=phase1 obj=0.0 artificial=0.0 cols=2928
[clean-BPC  3064.26s] node 27 cg=2 phase=phase2 obj=229.597104 artificial=0.0 cols=2928
[clean-BPC  3067.46s] node 27 cg=2 phase=phase2 kind=heuristic best_rc=0.0 found=0 added=0 exhausted=False cert=False
[clean-BPC  3079.08s] node 27 cg=2 phase=phase2 kind=heuristic_boost best_rc=0.0 found=0 added=0 exhausted=True cert=True
[clean-BPC  3079.08s] route-pack-conflict diag node 27 source_vehicle=1 routes=5 U=4 complete=True cache_hit=False states=100 added=0
[clean-BPC  3080.50s] cut_added family=schedule_nogood_core node=27 added=2 source_vehicle=1 route_count=3 signatures=[[15, 18, 10, 9, 6, 8], [7, 19, 13, 5], [3, 12, 17, 4, 1]]
[clean-BPC  3080.50s] node 41 d=8 lb=229.597104 open=25
[clean-BPC  3080.70s] node 41 cg=1 phase=phase1 obj=0.0 artificial=0.0 cols=2928
[clean-BPC  3080.89s] node 41 cg=2 phase=phase2 obj=229.597104 artificial=0.0 cols=2928
[clean-BPC  3084.01s] node 41 cg=2 phase=phase2 kind=heuristic best_rc=0.087586364 found=0 added=0 exhausted=False cert=False
[clean-BPC  3095.51s] node 41 cg=2 phase=phase2 kind=heuristic_boost best_rc=0.087586364 found=0 added=0 exhausted=True cert=True
[clean-BPC  3095.52s] route-pack-conflict diag node 41 source_vehicle=1 routes=5 U=4 complete=True cache_hit=False states=104 added=0
[clean-BPC  3096.95s] cut_added family=schedule_nogood_core node=41 added=1 source_vehicle=1 route_count=3 signatures=[[15, 18, 10, 9, 6, 8], [5, 7, 13, 19], [3, 12, 17, 4, 1]]
[clean-BPC  3096.95s] node 27 d=8 lb=229.597104 open=25
[clean-BPC  3097.17s] node 27 cg=1 phase=phase1 obj=0.0 artificial=0.0 cols=2928
[clean-BPC  3097.38s] node 27 cg=2 phase=phase2 obj=229.597104 artificial=0.0 cols=2928
[clean-BPC  3100.55s] node 27 cg=2 phase=phase2 kind=heuristic best_rc=0.0 found=0 added=0 exhausted=False cert=False
[clean-BPC  3112.04s] node 27 cg=2 phase=phase2 kind=heuristic_boost best_rc=0.0 found=0 added=0 exhausted=True cert=True
[clean-BPC  3112.05s] route-pack-conflict diag node 27 source_vehicle=1 routes=5 U=4 complete=True cache_hit=True states=105 added=0
[clean-BPC  3113.59s] cut_added family=schedule_nogood_core node=27 added=1 source_vehicle=1 route_count=4 signatures=[[3, 17, 12, 4, 1], [8, 6, 9, 10, 18, 15], [2, 14], [7, 19, 13, 5]]
[clean-BPC  3113.59s] node 41 d=8 lb=229.597104 open=25
[clean-BPC  3113.79s] node 41 cg=1 phase=phase1 obj=0.0 artificial=0.0 cols=2928
[clean-BPC  3113.98s] node 41 cg=2 phase=phase2 obj=229.597104 artificial=0.0 cols=2928
[clean-BPC  3117.16s] node 41 cg=2 phase=phase2 kind=heuristic best_rc=0.098058 found=0 added=0 exhausted=False cert=False
[clean-BPC  3129.36s] node 41 cg=2 phase=phase2 kind=heuristic_boost best_rc=0.098058 found=0 added=0 exhausted=True cert=True
[clean-BPC  3129.36s] route-pack-conflict diag node 41 source_vehicle=1 routes=5 U=4 complete=True cache_hit=True states=104 added=0
[clean-BPC  3130.79s] cut_added family=schedule_nogood_core node=41 added=1 source_vehicle=1 route_count=3 signatures=[[15, 18, 10, 9, 6, 8], [5, 13, 19, 7], [3, 12, 17, 4, 1]]
[clean-BPC  3130.79s] node 27 d=8 lb=229.597104 open=25
[clean-BPC  3131.01s] node 27 cg=1 phase=phase1 obj=0.0 artificial=0.0 cols=2928
[clean-BPC  3131.22s] node 27 cg=2 phase=phase2 obj=229.597104 artificial=0.0 cols=2928
[clean-BPC  3131.22s] cut_purged node=27 removed=3 by_kind={'schedule_nogood_core': 3} remaining=139
[clean-BPC  3131.44s] node 27 cg=3 phase=phase2 obj=229.597104 artificial=0.0 cols=2928
[clean-BPC  3134.56s] node 27 cg=3 phase=phase2 kind=heuristic best_rc=0.016560875 found=0 added=0 exhausted=False cert=False
[clean-BPC  3145.84s] node 27 cg=3 phase=phase2 kind=heuristic_boost best_rc=0.0 found=0 added=0 exhausted=True cert=True
[clean-BPC  3145.85s] route-pack-conflict diag node 27 source_vehicle=1 routes=5 U=4 complete=True cache_hit=True states=105 added=0
[clean-BPC  3147.38s] cut_added family=schedule_nogood_core node=27 added=1 source_vehicle=1 route_count=4 signatures=[[8, 6, 9, 10, 18, 15], [2, 14], [7, 19, 13, 5], [3, 12, 17, 4, 1]]
[clean-BPC  3147.38s] node 41 d=8 lb=229.597104 open=25
[clean-BPC  3147.58s] node 41 cg=1 phase=phase1 obj=0.0 artificial=0.0 cols=2928
[clean-BPC  3147.78s] node 41 cg=2 phase=phase2 obj=229.597104 artificial=0.0 cols=2928
[clean-BPC  3150.89s] node 41 cg=2 phase=phase2 kind=heuristic best_rc=0.098058 found=0 added=0 exhausted=False cert=False
[clean-BPC  3162.83s] node 41 cg=2 phase=phase2 kind=heuristic_boost best_rc=0.098058 found=0 added=0 exhausted=True cert=True
[clean-BPC  3162.84s] route-pack-conflict diag node 41 source_vehicle=1 routes=5 U=4 complete=True cache_hit=True states=100 added=0
[clean-BPC  3164.28s] cut_added family=schedule_nogood_core node=41 added=1 source_vehicle=1 route_count=3 signatures=[[15, 18, 10, 9, 6, 8], [7, 13, 19, 5], [3, 12, 17, 4, 1]]
[clean-BPC  3164.28s] node 27 d=8 lb=229.597104 open=25
[clean-BPC  3164.48s] node 27 cg=1 phase=phase1 obj=0.0 artificial=0.0 cols=2928
[clean-BPC  3164.70s] node 27 cg=2 phase=phase2 obj=229.597104 artificial=0.0 cols=2928
[clean-BPC  3164.70s] cut_purged node=27 removed=2 by_kind={'schedule_nogood_core': 2} remaining=139
[clean-BPC  3164.91s] node 27 cg=3 phase=phase2 obj=229.597104 artificial=0.0 cols=2928
[clean-BPC  3168.04s] node 27 cg=3 phase=phase2 kind=heuristic best_rc=0.070836 found=0 added=0 exhausted=False cert=False
[clean-BPC  3179.35s] node 27 cg=3 phase=phase2 kind=heuristic_boost best_rc=-0.0 found=0 added=0 exhausted=True cert=True
[clean-BPC  3183.15s] branch node 27: left=arc(15,18)=off right=arc(15,18)=on
[clean-BPC  3183.15s] node 41 d=8 lb=229.597104 open=26
[clean-BPC  3183.35s] node 41 cg=1 phase=phase1 obj=0.0 artificial=0.0 cols=2928
[clean-BPC  3183.56s] node 41 cg=2 phase=phase2 obj=229.597104 artificial=0.0 cols=2928
[clean-BPC  3186.74s] node 41 cg=2 phase=phase2 kind=heuristic best_rc=0.0 found=0 added=0 exhausted=False cert=False
[clean-BPC  3198.94s] node 41 cg=2 phase=phase2 kind=heuristic_boost best_rc=0.0 found=0 added=0 exhausted=True cert=True
[clean-BPC  3198.95s] route-pack-conflict diag node 41 source_vehicle=1 routes=5 U=4 complete=True cache_hit=True states=100 added=0
[clean-BPC  3200.40s] cut_added family=schedule_nogood_core node=41 added=1 source_vehicle=1 route_count=3 signatures=[[15, 18, 10, 9, 6, 8], [13, 19, 7, 5], [3, 12, 17, 4, 1]]
[clean-BPC  3200.40s] node 53 d=9 lb=229.597104 open=26
[clean-BPC  3200.58s] node 53 cg=1 phase=phase1 obj=0.0 artificial=0.0 cols=2928
[clean-BPC  3200.78s] node 53 cg=2 phase=phase2 obj=229.597104 artificial=0.0 cols=2928
[clean-BPC  3200.78s] cut_purged node=53 removed=1 by_kind={'schedule_nogood_core': 1} remaining=139
[clean-BPC  3200.98s] node 53 cg=3 phase=phase2 obj=229.597104 artificial=0.0 cols=2928
[clean-BPC  3204.18s] node 53 cg=3 phase=phase2 kind=heuristic best_rc=0.070836 found=0 added=0 exhausted=False cert=False
[clean-BPC  3215.26s] node 53 cg=3 phase=phase2 kind=heuristic_boost best_rc=0.0 found=0 added=0 exhausted=True cert=True
[clean-BPC  3215.27s] route-pack-conflict diag node 53 source_vehicle=1 routes=5 U=4 complete=True cache_hit=False states=114 added=0
[clean-BPC  3216.81s] cut_added family=schedule_nogood_core node=53 added=1 source_vehicle=1 route_count=4 signatures=[[1, 4, 17, 12, 3], [8, 6, 9, 10, 18, 15], [2, 14], [7, 19, 13, 5]]
[clean-BPC  3216.81s] node 54 d=9 lb=229.597104 open=26
[clean-BPC  3217.01s] node 54 cg=1 phase=phase1 obj=0.0 artificial=0.0 cols=2928
[clean-BPC  3217.23s] node 54 cg=2 phase=phase2 obj=229.597104 artificial=0.0 cols=2928
[clean-BPC  3220.31s] node 54 cg=2 phase=phase2 kind=heuristic best_rc=0.098058 found=0 added=0 exhausted=False cert=False
[clean-BPC  3231.78s] node 54 cg=2 phase=phase2 kind=heuristic_boost best_rc=0.098058 found=0 added=0 exhausted=True cert=True
[clean-BPC  3231.79s] route-pack-conflict diag node 54 source_vehicle=1 routes=5 U=4 complete=True cache_hit=False states=112 added=0
[clean-BPC  3233.33s] cut_added family=schedule_nogood_core node=54 added=2 source_vehicle=1 route_count=4 signatures=[[1, 4, 17, 12, 3], [15, 18, 10, 9, 6, 8], [2, 14], [7, 19, 13, 5]]
[clean-BPC  3233.33s] node 41 d=8 lb=229.597104 open=26
[clean-BPC  3233.53s] node 41 cg=1 phase=phase1 obj=0.0 artificial=0.0 cols=2928
[clean-BPC  3233.73s] node 41 cg=2 phase=phase2 obj=229.605679 artificial=0.0 cols=2928
[clean-BPC  3233.73s] cut_purged node=41 removed=1 by_kind={'schedule_nogood_core': 1} remaining=141
[clean-BPC  3233.94s] node 41 cg=3 phase=phase2 obj=229.605679 artificial=0.0 cols=2928
[clean-BPC  3237.19s] node 41 cg=3 phase=phase2 kind=heuristic best_rc=0.1323575 found=0 added=0 exhausted=False cert=False
[clean-BPC  3250.47s] node 41 cg=3 phase=phase2 kind=heuristic_boost best_rc=0.098058 found=0 added=0 exhausted=True cert=True
[clean-BPC  3255.86s] branch node 41: left=arc(20,15)=off right=arc(20,15)=on
[clean-BPC  3255.86s] node 53 d=9 lb=229.597104 open=27
[clean-BPC  3256.06s] node 53 cg=1 phase=phase1 obj=0.0 artificial=0.0 cols=2928
[clean-BPC  3256.24s] node 53 cg=2 phase=phase2 obj=229.606904 artificial=0.0 cols=2928
[clean-BPC  3259.50s] node 53 cg=2 phase=phase2 kind=heuristic best_rc=0.267933114 found=0 added=0 exhausted=False cert=False
[clean-BPC  3273.81s] node 53 cg=2 phase=phase2 kind=heuristic_boost best_rc=0.267933114 found=0 added=0 exhausted=True cert=True
[clean-BPC  3278.46s] branch node 53: left=RF(2,8)=separate right=RF(2,8)=same
[clean-BPC  3278.46s] node 54 d=9 lb=229.597104 open=28
[clean-BPC  3278.67s] node 54 cg=1 phase=phase1 obj=0.0 artificial=0.0 cols=2928
[clean-BPC  3278.89s] node 54 cg=2 phase=phase2 obj=229.597104 artificial=0.0 cols=2928
[clean-BPC  3282.18s] node 54 cg=2 phase=phase2 kind=heuristic best_rc=-0.0 found=0 added=0 exhausted=False cert=False
[clean-BPC  3294.76s] node 54 cg=2 phase=phase2 kind=heuristic_boost best_rc=-0.0 found=0 added=0 exhausted=True cert=True
[clean-BPC  3294.76s] route-pack-conflict diag node 54 source_vehicle=1 routes=5 U=4 complete=True cache_hit=True states=100 added=0
[clean-BPC  3296.19s] cut_added family=schedule_nogood_core node=54 added=1 source_vehicle=1 route_count=3 signatures=[[3, 17, 12, 4, 1], [15, 18, 10, 9, 6, 8], [7, 19, 13, 5]]
[clean-BPC  3296.19s] node 42 d=8 lb=229.597104 open=28
[clean-BPC  3296.40s] node 42 cg=1 phase=phase1 obj=0.0 artificial=0.0 cols=2928
[clean-BPC  3296.61s] node 42 cg=2 phase=phase2 obj=229.597104 artificial=0.0 cols=2928
[clean-BPC  3296.61s] cut_purged node=42 removed=1 by_kind={'schedule_nogood_core': 1} remaining=141
[clean-BPC  3296.82s] node 42 cg=3 phase=phase2 obj=229.597104 artificial=0.0 cols=2928
[clean-BPC  3300.00s] node 42 cg=3 phase=phase2 kind=heuristic best_rc=0.1667415 found=0 added=0 exhausted=False cert=False
[clean-BPC  3315.34s] node 42 cg=3 phase=phase2 kind=heuristic_boost best_rc=0.0 found=0 added=0 exhausted=True cert=True
[clean-BPC  3315.35s] route-pack-conflict diag node 42 source_vehicle=1 routes=5 U=4 complete=True cache_hit=True states=116 added=0
[clean-BPC  3316.91s] cut_added family=schedule_nogood_core node=42 added=1 source_vehicle=1 route_count=4 signatures=[[1, 4, 12, 17, 3], [15, 18, 10, 9, 6, 8], [2, 14], [5, 7, 13, 19]]
[clean-BPC  3316.91s] node 54 d=9 lb=229.597104 open=28
[clean-BPC  3317.12s] node 54 cg=1 phase=phase1 obj=0.0 artificial=0.0 cols=2928
[clean-BPC  3317.34s] node 54 cg=2 phase=phase2 obj=229.610824 artificial=0.0 cols=2928
[clean-BPC  3320.56s] node 54 cg=2 phase=phase2 kind=heuristic best_rc=0.0 found=0 added=0 exhausted=False cert=False
[clean-BPC  3336.55s] node 54 cg=2 phase=phase2 kind=heuristic_boost best_rc=0.0 found=0 added=0 exhausted=True cert=True
[clean-BPC  3339.66s] branch node 54: left=RF(2,8)=separate right=RF(2,8)=same
[clean-BPC  3339.66s] node 42 d=8 lb=229.597104 open=29
[clean-BPC  3339.88s] node 42 cg=1 phase=phase1 obj=0.0 artificial=0.0 cols=2928
[clean-BPC  3340.09s] node 42 cg=2 phase=phase2 obj=229.597104 artificial=0.0 cols=2928
[clean-BPC  3343.22s] node 42 cg=2 phase=phase2 kind=heuristic best_rc=0.1667415 found=0 added=0 exhausted=False cert=False
[clean-BPC  3358.46s] node 42 cg=2 phase=phase2 kind=heuristic_boost best_rc=0.0 found=0 added=0 exhausted=True cert=True
[clean-BPC  3358.47s] route-pack-conflict diag node 42 source_vehicle=1 routes=5 U=4 complete=True cache_hit=True states=116 added=0
[clean-BPC  3360.02s] cut_added family=schedule_nogood_core node=42 added=1 source_vehicle=1 route_count=4 signatures=[[1, 4, 12, 17, 3], [15, 18, 10, 9, 6, 8], [2, 14], [5, 13, 19, 7]]
[clean-BPC  3360.02s] node 43 d=8 lb=229.597104 open=29
[clean-BPC  3360.22s] node 43 cg=1 phase=phase1 obj=0.0 artificial=0.0 cols=2928
[clean-BPC  3360.44s] node 43 cg=2 phase=phase2 obj=229.597104 artificial=0.0 cols=2928
[clean-BPC  3363.53s] node 43 cg=2 phase=phase2 kind=heuristic best_rc=0.098058 found=0 added=0 exhausted=False cert=False
[clean-BPC  3380.20s] node 43 cg=2 phase=phase2 kind=heuristic_boost best_rc=-0.1373 found=1 added=1 exhausted=True cert=True
[clean-BPC  3380.42s] node 43 cg=3 phase=phase2 obj=229.597104 artificial=0.0 cols=2929
[clean-BPC  3380.42s] cut_purged node=43 removed=2 by_kind={'schedule_nogood_core': 2} remaining=141
[clean-BPC  3380.64s] node 43 cg=4 phase=phase2 obj=229.597104 artificial=0.0 cols=2929
[clean-BPC  3380.64s] cut_purged node=43 removed=2 by_kind={'schedule_nogood_core': 2} remaining=139
[clean-BPC  3380.85s] node 43 cg=5 phase=phase2 obj=229.597104 artificial=0.0 cols=2929
[clean-BPC  3380.85s] cut_purged node=43 removed=1 by_kind={'schedule_nogood_core': 1} remaining=138
[clean-BPC  3381.07s] node 43 cg=6 phase=phase2 obj=229.597104 artificial=0.0 cols=2929
[clean-BPC  3384.17s] node 43 cg=6 phase=phase2 kind=heuristic best_rc=0.1667415 found=0 added=0 exhausted=False cert=False
[clean-BPC  3399.38s] node 43 cg=6 phase=phase2 kind=heuristic_boost best_rc=0.15755 found=0 added=0 exhausted=True cert=True
[clean-BPC  3399.39s] route-pack-conflict diag node 43 source_vehicle=1 routes=5 U=4 complete=True cache_hit=True states=116 added=0
[clean-BPC  3400.95s] cut_added family=schedule_nogood_core node=43 added=1 source_vehicle=1 route_count=4 signatures=[[1, 4, 17, 12, 3], [15, 18, 10, 9, 6, 8], [2, 14], [5, 13, 19, 7]]
[clean-BPC  3400.95s] node 42 d=8 lb=229.597104 open=29
[clean-BPC  3401.16s] node 42 cg=1 phase=phase1 obj=0.0 artificial=0.0 cols=2929
[clean-BPC  3401.35s] node 42 cg=2 phase=phase2 obj=229.597104 artificial=0.0 cols=2929
[clean-BPC  3401.35s] cut_purged node=42 removed=1 by_kind={'schedule_nogood_core': 1} remaining=138
[clean-BPC  3401.56s] node 42 cg=3 phase=phase2 obj=229.597104 artificial=0.0 cols=2929
[clean-BPC  3401.56s] cut_purged node=42 removed=2 by_kind={'schedule_nogood_core': 2} remaining=136
[clean-BPC  3401.77s] node 42 cg=4 phase=phase2 obj=229.597104 artificial=0.0 cols=2929
[clean-BPC  3404.93s] node 42 cg=4 phase=phase2 kind=heuristic best_rc=-0.0 found=0 added=0 exhausted=False cert=False
[clean-BPC  3415.08s] node 42 cg=4 phase=phase2 kind=heuristic_boost best_rc=-0.0 found=0 added=0 exhausted=True cert=True
[clean-BPC  3415.10s] route-pack-conflict diag node 42 source_vehicle=1 routes=5 U=4 complete=True cache_hit=False states=112 added=0
[clean-BPC  3416.64s] cut_added family=schedule_nogood_core node=42 added=2 source_vehicle=1 route_count=4 signatures=[[1, 4, 12, 17, 3], [15, 18, 10, 9, 6, 8], [2, 14], [13, 19, 7, 5]]
[clean-BPC  3416.64s] node 43 d=8 lb=229.597104 open=29
[clean-BPC  3416.86s] node 43 cg=1 phase=phase1 obj=0.0 artificial=0.0 cols=2929
[clean-BPC  3417.08s] node 43 cg=2 phase=phase2 obj=229.597104 artificial=0.0 cols=2929
[clean-BPC  3420.20s] node 43 cg=2 phase=phase2 kind=heuristic best_rc=0.1667415 found=0 added=0 exhausted=False cert=False
[clean-BPC  3435.57s] node 43 cg=2 phase=phase2 kind=heuristic_boost best_rc=0.15755 found=0 added=0 exhausted=True cert=True
[clean-BPC  3435.58s] route-pack-conflict diag node 43 source_vehicle=1 routes=5 U=4 complete=True cache_hit=False states=112 added=0
[clean-BPC  3437.11s] cut_added family=schedule_nogood_core node=43 added=2 source_vehicle=1 route_count=4 signatures=[[1, 4, 17, 12, 3], [15, 18, 10, 9, 6, 8], [2, 14], [7, 13, 19, 5]]
[clean-BPC  3437.11s] node 42 d=8 lb=229.597104 open=29
[clean-BPC  3437.32s] node 42 cg=1 phase=phase1 obj=0.0 artificial=0.0 cols=2929
[clean-BPC  3437.53s] node 42 cg=2 phase=phase2 obj=229.597104 artificial=0.0 cols=2929
[clean-BPC  3440.68s] node 42 cg=2 phase=phase2 kind=heuristic best_rc=-0.192308 found=3 added=3 exhausted=False cert=False
[clean-BPC  3440.89s] node 42 cg=3 phase=phase2 obj=229.597104 artificial=0.0 cols=2932
[clean-BPC  3444.09s] node 42 cg=3 phase=phase2 kind=heuristic best_rc=0.1667415 found=0 added=0 exhausted=False cert=False
[clean-BPC  3459.32s] node 42 cg=3 phase=phase2 kind=heuristic_boost best_rc=0.15755 found=0 added=0 exhausted=True cert=True
[clean-BPC  3459.33s] route-pack-conflict diag node 42 source_vehicle=1 routes=5 U=4 complete=True cache_hit=True states=112 added=0
[clean-BPC  3460.88s] cut_added family=schedule_nogood_core node=42 added=1 source_vehicle=1 route_count=4 signatures=[[1, 4, 12, 17, 3], [15, 18, 10, 9, 6, 8], [2, 14], [7, 13, 19, 5]]
[clean-BPC  3460.88s] node 43 d=8 lb=229.597104 open=29
[clean-BPC  3461.08s] node 43 cg=1 phase=phase1 obj=0.0 artificial=0.0 cols=2932
[clean-BPC  3461.29s] node 43 cg=2 phase=phase2 obj=229.597104 artificial=0.0 cols=2932
[clean-BPC  3464.38s] node 43 cg=2 phase=phase2 kind=heuristic best_rc=0.1667415 found=0 added=0 exhausted=False cert=False
[clean-BPC  3479.71s] node 43 cg=2 phase=phase2 kind=heuristic_boost best_rc=0.15755 found=0 added=0 exhausted=True cert=True
[clean-BPC  3483.71s] branch node 43: left=arc(19,5)=off right=arc(19,5)=on
[clean-BPC  3483.71s] node 42 d=8 lb=229.597104 open=30
[clean-BPC  3483.92s] node 42 cg=1 phase=phase1 obj=0.0 artificial=0.0 cols=2932
[clean-BPC  3484.12s] node 42 cg=2 phase=phase2 obj=229.602821 artificial=0.0 cols=2932
[clean-BPC  3484.12s] cut_purged node=42 removed=1 by_kind={'schedule_nogood_core': 1} remaining=140
[clean-BPC  3484.33s] node 42 cg=3 phase=phase2 obj=229.602821 artificial=0.0 cols=2932
[clean-BPC  3487.71s] node 42 cg=3 phase=phase2 kind=heuristic best_rc=0.177448286 found=0 added=0 exhausted=False cert=False
[clean-BPC  3501.30s] node 42 cg=3 phase=phase2 kind=heuristic_boost best_rc=0.177448286 found=0 added=0 exhausted=True cert=True
[clean-BPC  3504.37s] branch node 42: left=RF(8,9)=separate right=RF(8,9)=same
[clean-BPC  3504.37s] node 61 d=9 lb=229.597104 open=31
[clean-BPC  3504.59s] node 61 cg=1 phase=phase1 obj=0.0 artificial=0.0 cols=2932
[clean-BPC  3504.81s] node 61 cg=2 phase=phase2 obj=229.597104 artificial=0.0 cols=2932
[clean-BPC  3508.04s] node 61 cg=2 phase=phase2 kind=heuristic best_rc=0.098058 found=0 added=0 exhausted=False cert=False
[clean-BPC  3520.55s] node 61 cg=2 phase=phase2 kind=heuristic_boost best_rc=0.098058 found=0 added=0 exhausted=True cert=True
[clean-BPC  3520.56s] route-pack-conflict diag node 61 source_vehicle=1 routes=5 U=4 complete=True cache_hit=False states=112 added=0
[clean-BPC  3522.11s] cut_added family=schedule_nogood_core node=61 added=2 source_vehicle=1 route_count=4 signatures=[[1, 4, 17, 12, 3], [15, 18, 10, 9, 6, 8], [2, 14], [13, 19, 7, 5]]
[clean-BPC  3522.11s] node 62 d=9 lb=229.597104 open=31
[clean-BPC  3522.34s] node 62 cg=1 phase=phase1 obj=0.0 artificial=0.0 cols=2932
[clean-BPC  3522.56s] node 62 cg=2 phase=phase2 obj=229.597104 artificial=0.0 cols=2932
[clean-BPC  3525.76s] node 62 cg=2 phase=phase2 kind=heuristic best_rc=-0.0133945 found=2 added=2 exhausted=False cert=False
[clean-BPC  3525.97s] node 62 cg=3 phase=phase2 obj=229.597104 artificial=0.0 cols=2934
[clean-BPC  3529.31s] node 62 cg=3 phase=phase2 kind=heuristic best_rc=0.098058 found=0 added=0 exhausted=False cert=False
[clean-BPC  3543.21s] node 62 cg=3 phase=phase2 kind=heuristic_boost best_rc=0.098058 found=0 added=0 exhausted=True cert=True
[clean-BPC  3543.22s] route-pack-conflict diag node 62 source_vehicle=1 routes=5 U=4 complete=True cache_hit=False states=100 added=0
[clean-BPC  3544.65s] cut_added family=schedule_nogood_core node=62 added=2 source_vehicle=1 route_count=3 signatures=[[3, 17, 12, 4, 1], [15, 18, 10, 9, 6, 8], [7, 13, 19, 5]]
[clean-BPC  3544.65s] node 16 d=5 lb=229.597104 open=31
[clean-BPC  3544.87s] node 16 cg=1 phase=phase1 obj=0.0 artificial=0.0 cols=2934
[clean-BPC  3545.09s] node 16 cg=2 phase=phase2 obj=229.597104 artificial=0.0 cols=2934
[clean-BPC  3548.22s] node 16 cg=2 phase=phase2 kind=heuristic best_rc=0.098058 found=0 added=0 exhausted=False cert=False
[clean-BPC  3559.65s] node 16 cg=2 phase=phase2 kind=heuristic_boost best_rc=0.037251 found=0 added=0 exhausted=True cert=True
[clean-BPC  3559.66s] route-pack-conflict diag node 16 source_vehicle=1 routes=5 U=4 complete=True cache_hit=True states=118 added=0
[clean-BPC  3561.21s] cut_added family=schedule_nogood_core node=16 added=1 source_vehicle=1 route_count=4 signatures=[[1, 4, 12, 17, 3], [8, 6, 9, 10, 18, 15], [2, 14], [5, 19, 13, 7]]
[clean-BPC  3561.21s] node 19 d=6 lb=229.597104 open=31
[clean-BPC  3561.43s] node 19 cg=1 phase=phase1 obj=0.0 artificial=0.0 cols=2934
[clean-BPC  3561.64s] node 19 cg=2 phase=phase2 obj=229.597104 artificial=0.0 cols=2934
[clean-BPC  3564.71s] node 19 cg=2 phase=phase2 kind=heuristic best_rc=0.094297 found=0 added=0 exhausted=False cert=False
[clean-BPC  3576.39s] node 19 cg=2 phase=phase2 kind=heuristic_boost best_rc=0.094297 found=0 added=0 exhausted=True cert=True
[clean-BPC  3576.40s] route-pack-conflict diag node 19 source_vehicle=1 routes=5 U=4 complete=True cache_hit=True states=113 added=0
[clean-BPC  3577.94s] cut_added family=schedule_nogood_core node=19 added=1 source_vehicle=1 route_count=4 signatures=[[1, 4, 12, 17, 3], [15, 18, 10, 9, 6, 8], [14, 2], [5, 7, 13, 19]]
[clean-BPC  3577.94s] node 37 d=9 lb=229.597104 open=31
[clean-BPC  3578.16s] node 37 cg=1 phase=phase1 obj=0.0 artificial=0.0 cols=2934
[clean-BPC  3578.38s] node 37 cg=2 phase=phase2 obj=229.597104 artificial=0.0 cols=2934
[clean-BPC  3581.63s] node 37 cg=2 phase=phase2 kind=heuristic best_rc=0.221661 found=0 added=0 exhausted=False cert=False
[clean-BPC  3593.61s] node 37 cg=2 phase=phase2 kind=heuristic_boost best_rc=0.15755 found=0 added=0 exhausted=True cert=True
[clean-BPC  3593.62s] route-pack-conflict diag node 37 source_vehicle=1 routes=5 U=4 complete=True cache_hit=False states=113 added=0
[clean-BPC  3595.17s] cut_added family=schedule_nogood_core node=37 added=2 source_vehicle=1 route_count=4 signatures=[[1, 4, 17, 12, 3], [15, 18, 10, 9, 6, 8], [14, 2], [5, 7, 19, 13]]
[clean-BPC  3595.17s] node 61 d=9 lb=229.597104 open=31
[clean-BPC  3595.39s] node 61 cg=1 phase=phase1 obj=0.0 artificial=0.0 cols=2934
[clean-BPC  3595.61s] node 61 cg=2 phase=phase2 obj=229.597104 artificial=0.0 cols=2934
[clean-BPC  3598.80s] node 61 cg=2 phase=phase2 kind=heuristic best_rc=0.098058 found=0 added=0 exhausted=False cert=False
[clean-BPC  3610.78s] node 61 cg=2 phase=phase2 kind=heuristic_boost best_rc=0.098058 found=0 added=0 exhausted=True cert=True
[clean-BPC  3610.78s] fathom node 61: reason=time_limit_after_node_certificate bound=229.597104
[clean-BPC  3610.78s] finish status=TIME_LIMIT primal=244.396062 dual=None gap=None cuts=148 diag_dual=229.597104 diag_gap=0.060553 crossing=9 crossing_upgraded=0 subset_row=27 lm_rank1=24 sched_cost=0 pair=0 clique=0 route_pack=28 nogood=136 sched_cap=0 sched_pack_adapt=0/0 route_enum_adapt=0/0
bench_20_07: status=TIME_LIMIT, primal=244.396062, dual=None, gap=None, diag_dual=229.597104, diag_gap=0.060553, time=3610.783204s, nodes=121, rmp=386, pricing=371, routes=2934, cuts=148, crossing=9, crossing_upgraded=0, rci=9, kpath=0, pair=0, subset_row=27, lm_rank1=24, sched_cost=0, clique=0, route_pack=28, nogood=136, sched_cap=0, rim_calls=8, rim_feasible=0, rim_rejected=87, rim_pair=0, rim_route_pack=0, rim_ng=174, rim_sched_cap=0, sched_pack_status=None, sched_pack_obj=None, sched_pack_gap_root=None, sched_pack_cols=0, sched_pack_relax_calls=0, sched_pack_relax_best=None, sched_pack_full_exact=0, sched_pack_adapt=0/0, sched_pack_adapt_skip=0, route_enum_adapt=0/0, route_enum_adapt_skip=0, cuts_purged=76, branch_test_time=149.086566s
开始 clean BPC: instance=bench_20_08, tasks=20, vehicles=2, time_limit=3600s, max_nodes=100000, log=/home/kai/work/gnn_bb/branchpricecut/results/logs/20260522_restore_best_356s_10_all_20_01_05/bench_20_08.jsonl
[clean-BPC     0.86s] incumbent node 0: obj=252.910679
[clean-BPC     0.86s] start: {'time': 0.855414, 'event': 'start', 'instance': 'bench_20_08', 'tasks': 20, 'vehicles': 2, 'initial_routes': 25, 'initial_incumbent': 252.910679, 'task_vehicle_linking_enabled': True, 'schedule_capacity_cuts_enabled': True, 'schedule_capacity_separation_enabled': False, 'schedule_pack_diagnostic_enabled': False, 'schedule_pack_relaxation_enabled': False, 'schedule_pack_full_pricing_enabled': False, 'schedule_pack_adaptive_enabled': False, 'route_enumeration_adaptive_enabled': False}
[clean-BPC     0.86s] node 0 d=0 lb=0.0 open=0
[clean-BPC     0.86s] node 0 cg=1 phase=phase1 obj=0.0 artificial=0.0 cols=25
[clean-BPC     0.86s] node 0 cg=2 phase=phase2 obj=252.910679 artificial=0.0 cols=25
[clean-BPC     4.64s] node 0 cg=2 phase=phase2 kind=heuristic best_rc=-24.522183 found=40066 added=600 exhausted=False cert=False
[clean-BPC     4.66s] node 0 cg=3 phase=phase2 obj=252.910679 artificial=0.0 cols=625
[clean-BPC     9.56s] node 0 cg=3 phase=phase2 kind=heuristic best_rc=-23.435868 found=90214 added=600 exhausted=False cert=False
[clean-BPC     9.60s] node 0 cg=4 phase=phase2 obj=245.321043 artificial=0.0 cols=1225
[clean-BPC    12.57s] node 0 cg=4 phase=phase2 kind=heuristic best_rc=-7.951699 found=8750 added=600 exhausted=False cert=False
[clean-BPC    12.64s] node 0 cg=5 phase=phase2 obj=235.439497 artificial=0.0 cols=1825
[clean-BPC    15.48s] node 0 cg=5 phase=phase2 kind=heuristic best_rc=-2.65611825 found=235 added=235 exhausted=False cert=False
[clean-BPC    15.56s] node 0 cg=6 phase=phase2 obj=234.473169 artificial=0.0 cols=2060
[clean-BPC    18.45s] node 0 cg=6 phase=phase2 kind=heuristic best_rc=-1.198507882 found=40 added=40 exhausted=False cert=False
[clean-BPC    18.53s] node 0 cg=7 phase=phase2 obj=234.202371 artificial=0.0 cols=2100
[clean-BPC    21.42s] node 0 cg=7 phase=phase2 kind=heuristic best_rc=0.42587415 found=0 added=0 exhausted=False cert=False
[clean-BPC    27.87s] node 0 cg=7 phase=phase2 kind=exact best_rc=0.42587415 found=0 added=0 exhausted=True cert=True
[clean-BPC    29.33s] cut_added family=crossing_cut node=0 added=3 upgraded=0 first={'id': 0, 'tasks': [10, 12, 14, 15, 17], 'demand': 10.0, 'capacity_bound': 2, 'resource_bound': 1, 'k_bound': 2, 'rhs': 4.0, 'source': 'capacity', 'violation': 0.6, 'action': 'add'}
[clean-BPC    29.44s] node 0 cg=8 phase=phase2 obj=234.465437 artificial=0.0 cols=2100
[clean-BPC    32.79s] node 0 cg=8 phase=phase2 kind=heuristic best_rc=0.2493925 found=0 added=0 exhausted=False cert=False
[clean-BPC    42.82s] node 0 cg=8 phase=phase2 kind=exact best_rc=0.2493925 found=0 added=0 exhausted=True cert=True
[clean-BPC    43.45s] cut_added family=crossing_cut node=0 added=1 upgraded=0 first={'id': 3, 'tasks': [7, 11, 14, 17], 'demand': 11.0, 'capacity_bound': 2, 'resource_bound': 1, 'k_bound': 2, 'rhs': 4.0, 'source': 'capacity', 'violation': 0.666666667, 'action': 'add'}
[clean-BPC    43.56s] node 0 cg=9 phase=phase2 obj=234.499114 artificial=0.0 cols=2100
[clean-BPC    47.16s] node 0 cg=9 phase=phase2 kind=heuristic best_rc=-0.18884 found=6 added=6 exhausted=False cert=False
[clean-BPC    47.28s] node 0 cg=10 phase=phase2 obj=234.499114 artificial=0.0 cols=2106
[clean-BPC    50.71s] node 0 cg=10 phase=phase2 kind=heuristic best_rc=0.260194 found=0 added=0 exhausted=False cert=False
[clean-BPC    61.65s] node 0 cg=10 phase=phase2 kind=exact best_rc=0.260194 found=0 added=0 exhausted=True cert=True
[clean-BPC    62.38s] cut_added family=crossing_cut node=0 added=1 upgraded=0 first={'id': 4, 'tasks': [4, 8, 18, 19, 20], 'demand': 11.0, 'capacity_bound': 2, 'resource_bound': 1, 'k_bound': 2, 'rhs': 4.0, 'source': 'capacity', 'violation': 0.285714286, 'action': 'add'}
[clean-BPC    62.49s] node 0 cg=11 phase=phase2 obj=234.519741 artificial=0.0 cols=2106
[clean-BPC    66.05s] node 0 cg=11 phase=phase2 kind=heuristic best_rc=-0.025223 found=2 added=2 exhausted=False cert=False
[clean-BPC    66.17s] node 0 cg=12 phase=phase2 obj=234.519741 artificial=0.0 cols=2108
[clean-BPC    69.84s] node 0 cg=12 phase=phase2 kind=heuristic best_rc=0.095682 found=0 added=0 exhausted=False cert=False
[clean-BPC    84.24s] node 0 cg=12 phase=phase2 kind=exact best_rc=0.095682 found=0 added=0 exhausted=True cert=True
[clean-BPC    84.24s] subset-row diag node 0 round=1 cand=137 k=2 dup=0 not_viol=272 violated=2 added=2 max_viol=0.33333333333333304
[clean-BPC    84.24s] cut_added family=subset_row node=0 added=2 first(|S|=8, k=3, viol=0.333333333)
[clean-BPC    84.37s] node 0 cg=13 phase=phase2 obj=234.71532 artificial=0.0 cols=2108
[clean-BPC    87.98s] node 0 cg=13 phase=phase2 kind=heuristic best_rc=-0.040870091 found=4 added=4 exhausted=False cert=False
[clean-BPC    88.11s] node 0 cg=14 phase=phase2 obj=234.71532 artificial=0.0 cols=2112
[clean-BPC    91.82s] node 0 cg=14 phase=phase2 kind=heuristic best_rc=0.0 found=0 added=0 exhausted=False cert=False
[clean-BPC   105.67s] node 0 cg=14 phase=phase2 kind=exact best_rc=0.0 found=0 added=0 exhausted=True cert=True
[clean-BPC   105.68s] subset-row diag node 0 round=2 cand=278 k=2 dup=2 not_viol=547 violated=7 added=7 max_viol=0.18181818181818188
[clean-BPC   105.68s] cut_added family=subset_row node=0 added=7 first(|S|=3, k=2, viol=0.181818182)
[clean-BPC   105.84s] node 0 cg=15 phase=phase2 obj=234.792078 artificial=0.0 cols=2112
[clean-BPC   109.61s] node 0 cg=15 phase=phase2 kind=heuristic best_rc=-0.13893 found=2 added=2 exhausted=False cert=False
[clean-BPC   109.77s] node 0 cg=16 phase=phase2 obj=234.792078 artificial=0.0 cols=2114
[clean-BPC   113.53s] node 0 cg=16 phase=phase2 kind=heuristic best_rc=-0.0 found=0 added=0 exhausted=False cert=False
[clean-BPC   127.91s] node 0 cg=16 phase=phase2 kind=exact best_rc=-0.0 found=0 added=0 exhausted=True cert=True
[clean-BPC   127.91s] subset-row diag node 0 round=3 cand=200 k=2 dup=9 not_viol=391 violated=0 added=0 max_viol=0.0
[clean-BPC   127.96s] lm-rank1 diag node 0 round=1 cand=200 denom=2 patterns=4380 dup=0 not_viol=4296 violated=0 added=0 max_viol=0.0
[clean-BPC   128.00s] route-pack diag node 0 round=1 vehicles=2/2 support_max=10 cand=39 oracle=39 incomplete=0 not_tight=10 not_viol=26 dup=0 violated=3 added=3 max_viol=0.3333333333333335 states_max=2269
[clean-BPC   128.00s] cut_added family=schedule_route_set_packing node=0 added=3 first(vehicle=1, routes=9, U=4, y=0.5, viol=0.333333333, states=1291)
[clean-BPC   128.16s] node 0 cg=17 phase=phase2 obj=234.792078 artificial=0.0 cols=2114
[clean-BPC   131.99s] node 0 cg=17 phase=phase2 kind=heuristic best_rc=-0.0 found=0 added=0 exhausted=False cert=False
[clean-BPC   146.45s] node 0 cg=17 phase=phase2 kind=exact best_rc=-0.0 found=0 added=0 exhausted=True cert=True
[clean-BPC   146.50s] lm-rank1 diag node 0 round=2 cand=200 denom=2 patterns=4380 dup=0 not_viol=4296 violated=0 added=0 max_viol=0.0
[clean-BPC   146.54s] route-pack diag node 0 round=2 vehicles=2/2 support_max=10 cand=35 oracle=35 incomplete=0 not_tight=8 not_viol=23 dup=0 violated=4 added=4 max_viol=0.3333333333333335 states_max=1973
[clean-BPC   146.54s] cut_added family=schedule_route_set_packing node=0 added=4 first(vehicle=1, routes=9, U=4, y=0.5, viol=0.333333333, states=1043)
[clean-BPC   146.69s] node 0 cg=18 phase=phase2 obj=234.792078 artificial=0.0 cols=2114
[clean-BPC   150.56s] node 0 cg=18 phase=phase2 kind=heuristic best_rc=-0.012895 found=2 added=2 exhausted=False cert=False
[clean-BPC   150.73s] node 0 cg=19 phase=phase2 obj=234.792078 artificial=0.0 cols=2116
[clean-BPC   154.50s] node 0 cg=19 phase=phase2 kind=heuristic best_rc=-0.2364755 found=14 added=14 exhausted=False cert=False
[clean-BPC   154.67s] node 0 cg=20 phase=phase2 obj=234.792078 artificial=0.0 cols=2130
[clean-BPC   158.47s] node 0 cg=20 phase=phase2 kind=heuristic best_rc=0.059903 found=0 added=0 exhausted=False cert=False
[clean-BPC   172.95s] node 0 cg=20 phase=phase2 kind=exact best_rc=0.0 found=0 added=0 exhausted=True cert=True
[clean-BPC   173.00s] lm-rank1 diag node 0 round=3 cand=200 denom=2 patterns=4380 dup=0 not_viol=4296 violated=0 added=0 max_viol=0.0
[clean-BPC   194.27s] route-pack-conflict diag node 0 source_vehicle=1 routes=5 U=4 complete=True cache_hit=False states=110 added=0
[clean-BPC   195.73s] route-pack-conflict diag node 0 source_vehicle=1 routes=5 U=4 complete=True cache_hit=False states=99 added=0
[clean-BPC   211.14s] rim-conflict diag node 0 conflicts=14 pair_events=0 pair_cuts=0 schedcap_events=0 schedcap_cuts=0 routepack_events=2 routepack_cuts=0 routepack_cache=0 routepack_states_max=110 routepack_budget_skip=12 nogood_events=0 nogood_cuts=0 weak_skip=14
[clean-BPC    21.26s] restricted-MIP node 0 status=TIME_LIMIT obj=None accepted=False routes=2130 rejected=14 pair=0 ng=28 route_pack=0 sched_cap=0 added_cuts=0 time=21.258825
[clean-BPC   214.57s] branch node 0: left=task_vehicle(10,2)=off right=task_vehicle(10,2)=on
[clean-BPC   214.57s] node 1 d=1 lb=234.792078 open=1
[clean-BPC   214.69s] node 1 cg=1 phase=phase1 obj=0.0 artificial=0.0 cols=2130
[clean-BPC   214.81s] node 1 cg=2 phase=phase2 obj=234.792078 artificial=0.0 cols=2130
[clean-BPC   218.39s] node 1 cg=2 phase=phase2 kind=heuristic best_rc=-0.225814 found=4 added=4 exhausted=False cert=False
[clean-BPC   218.52s] node 1 cg=3 phase=phase2 obj=234.792078 artificial=0.0 cols=2134
[clean-BPC   222.22s] node 1 cg=3 phase=phase2 kind=heuristic best_rc=0.293208 found=0 added=0 exhausted=False cert=False
[clean-BPC   233.22s] node 1 cg=3 phase=phase2 kind=heuristic_boost best_rc=-1.052219 found=18 added=18 exhausted=True cert=True
[clean-BPC   233.35s] node 1 cg=4 phase=phase2 obj=234.792078 artificial=0.0 cols=2152
[clean-BPC   237.03s] node 1 cg=4 phase=phase2 kind=heuristic best_rc=-0.057154 found=2 added=2 exhausted=False cert=False
[clean-BPC   237.16s] node 1 cg=5 phase=phase2 obj=234.792078 artificial=0.0 cols=2154
[clean-BPC   240.90s] node 1 cg=5 phase=phase2 kind=heuristic best_rc=0.03731 found=0 added=0 exhausted=False cert=False
[clean-BPC   250.04s] node 1 cg=5 phase=phase2 kind=heuristic_boost best_rc=-1.525092571 found=29 added=29 exhausted=True cert=True
[clean-BPC   250.17s] node 1 cg=6 phase=phase2 obj=234.792078 artificial=0.0 cols=2183
[clean-BPC   253.85s] node 1 cg=6 phase=phase2 kind=heuristic best_rc=0.293208 found=0 added=0 exhausted=False cert=False
[clean-BPC   264.50s] node 1 cg=6 phase=phase2 kind=heuristic_boost best_rc=0.0 found=0 added=0 exhausted=True cert=True
[clean-BPC   264.58s] route-pack diag node 1 round=1 vehicles=1/2 support_max=13 cand=30 oracle=30 incomplete=0 not_tight=7 not_viol=22 dup=0 violated=1 added=1 max_viol=0.33333333333333304 states_max=8103
[clean-BPC   264.58s] cut_added family=schedule_route_set_packing node=1 added=1 first(vehicle=1, routes=12, U=4, y=1.0, viol=0.333333333, states=4437)
[clean-BPC   264.71s] node 1 cg=7 phase=phase2 obj=234.792078 artificial=0.0 cols=2183
[clean-BPC   268.47s] node 1 cg=7 phase=phase2 kind=heuristic best_rc=0.244134 found=0 added=0 exhausted=False cert=False
[clean-BPC   280.60s] node 1 cg=7 phase=phase2 kind=heuristic_boost best_rc=-0.0 found=0 added=0 exhausted=True cert=True
[clean-BPC   280.65s] route-pack diag node 1 round=2 vehicles=1/2 support_max=13 cand=29 oracle=29 incomplete=0 not_tight=7 not_viol=21 dup=0 violated=1 added=1 max_viol=0.33333333333333304 states_max=7154
[clean-BPC   280.65s] cut_added family=schedule_route_set_packing node=1 added=1 first(vehicle=1, routes=12, U=4, y=1.0, viol=0.333333333, states=3822)
[clean-BPC   280.78s] node 1 cg=8 phase=phase2 obj=234.792078 artificial=0.0 cols=2183
[clean-BPC   284.53s] node 1 cg=8 phase=phase2 kind=heuristic best_rc=0.244134 found=0 added=0 exhausted=False cert=False
[clean-BPC   296.63s] node 1 cg=8 phase=phase2 kind=heuristic_boost best_rc=0.0 found=0 added=0 exhausted=True cert=True
[clean-BPC   316.82s] route-pack-conflict diag node 1 source_vehicle=1 routes=5 U=4 complete=True cache_hit=False states=104 added=0
[clean-BPC   317.27s] route-pack-conflict diag node 1 source_vehicle=1 routes=5 U=4 complete=True cache_hit=False states=92 added=0
[clean-BPC   334.15s] rim-conflict diag node 1 conflicts=14 pair_events=0 pair_cuts=0 schedcap_events=0 schedcap_cuts=0 routepack_events=2 routepack_cuts=0 routepack_cache=0 routepack_states_max=104 routepack_budget_skip=12 nogood_events=0 nogood_cuts=0 weak_skip=14
[clean-BPC    20.18s] restricted-MIP node 1 status=TIME_LIMIT obj=None accepted=False routes=2183 rejected=14 pair=0 ng=28 route_pack=0 sched_cap=0 added_cuts=0 time=20.179778
[clean-BPC   337.64s] branch node 1: left=RF(12,19)=separate right=RF(12,19)=same
[clean-BPC   337.64s] node 2 d=1 lb=234.792078 open=2
[clean-BPC   337.76s] node 2 cg=1 phase=phase1 obj=0.0 artificial=0.0 cols=2183
[clean-BPC   337.90s] node 2 cg=2 phase=phase2 obj=334.792078 artificial=0.0 cols=2183
[clean-BPC   341.44s] node 2 cg=2 phase=phase2 kind=heuristic best_rc=0.0 found=0 added=0 exhausted=False cert=False
[clean-BPC   352.51s] node 2 cg=2 phase=phase2 kind=heuristic_boost best_rc=-0.0 found=0 added=0 exhausted=True cert=True
[clean-BPC   352.54s] route-pack diag node 2 round=1 vehicles=2/2 support_max=11 cand=26 oracle=26 incomplete=0 not_tight=6 not_viol=20 dup=0 violated=0 added=0 max_viol=0.0 states_max=3055
[clean-BPC   352.54s] fathom node 2: reason=bound_after_schedule_pack bound=334.792078
[clean-BPC   352.54s] node 3 d=2 lb=234.792078 open=1
[clean-BPC   352.67s] node 3 cg=1 phase=phase1 obj=0.0 artificial=0.0 cols=2183
[clean-BPC   352.79s] node 3 cg=2 phase=phase2 obj=234.875324 artificial=0.0 cols=2183
[clean-BPC   356.56s] node 3 cg=2 phase=phase2 kind=heuristic best_rc=0.0 found=0 added=0 exhausted=False cert=False
[clean-BPC   366.59s] node 3 cg=2 phase=phase2 kind=heuristic_boost best_rc=-0.640940333 found=10 added=10 exhausted=True cert=True
[clean-BPC   366.73s] node 3 cg=3 phase=phase2 obj=234.875324 artificial=0.0 cols=2193
[clean-BPC   370.31s] node 3 cg=3 phase=phase2 kind=heuristic best_rc=0.099141 found=0 added=0 exhausted=False cert=False
[clean-BPC   378.33s] node 3 cg=3 phase=phase2 kind=heuristic_boost best_rc=-0.28146881 found=8 added=8 exhausted=True cert=True
[clean-BPC   378.47s] node 3 cg=4 phase=phase2 obj=234.875324 artificial=0.0 cols=2201
[clean-BPC   382.13s] node 3 cg=4 phase=phase2 kind=heuristic best_rc=0.099141 found=0 added=0 exhausted=False cert=False
[clean-BPC   390.25s] node 3 cg=4 phase=phase2 kind=heuristic_boost best_rc=-0.0 found=0 added=0 exhausted=True cert=True
[clean-BPC   390.32s] route-pack diag node 3 round=1 vehicles=1/2 support_max=13 cand=33 oracle=33 incomplete=0 not_tight=5 not_viol=27 dup=0 violated=1 added=1 max_viol=0.3333333333333339 states_max=6212
[clean-BPC   390.32s] cut_added family=schedule_route_set_packing node=3 added=1 first(vehicle=1, routes=12, U=4, y=1.0, viol=0.333333333, states=3158)
[clean-BPC   390.45s] node 3 cg=5 phase=phase2 obj=234.875324 artificial=0.0 cols=2201
[clean-BPC   390.45s] cut_purged node=3 removed=1 by_kind={'crossing_cut': 1} remaining=23
[clean-BPC   390.56s] node 3 cg=6 phase=phase2 obj=234.875324 artificial=0.0 cols=2201
[clean-BPC   394.26s] node 3 cg=6 phase=phase2 kind=heuristic best_rc=0.086659333 found=0 added=0 exhausted=False cert=False
[clean-BPC   402.55s] node 3 cg=6 phase=phase2 kind=heuristic_boost best_rc=0.086659333 found=0 added=0 exhausted=True cert=True
[clean-BPC   402.62s] route-pack diag node 3 round=2 vehicles=1/2 support_max=13 cand=30 oracle=30 incomplete=0 not_tight=5 not_viol=20 dup=0 violated=5 added=5 max_viol=0.666666666666667 states_max=6581
[clean-BPC   402.62s] cut_added family=schedule_route_set_packing node=3 added=5 first(vehicle=1, routes=13, U=4, y=1.0, viol=0.666666667, states=6581)
[clean-BPC   402.73s] node 3 cg=7 phase=phase2 obj=234.875324 artificial=0.0 cols=2201
[clean-BPC   406.60s] node 3 cg=7 phase=phase2 kind=heuristic best_rc=0.0 found=0 added=0 exhausted=False cert=False
[clean-BPC   416.82s] node 3 cg=7 phase=phase2 kind=heuristic_boost best_rc=0.0 found=0 added=0 exhausted=True cert=True
[clean-BPC   436.84s] route-pack-conflict diag node 3 source_vehicle=1 routes=5 U=4 complete=True cache_hit=False states=99 added=0
[clean-BPC   437.31s] route-pack-conflict diag node 3 source_vehicle=1 routes=5 U=4 complete=True cache_hit=False states=87 added=0
[clean-BPC   454.09s] cut_added family=schedule_pair_conflict node=3 added=2 source_vehicle=1 route_count=2 signatures=[[14, 17, 2], [6, 10, 15, 12, 13, 1]]
[clean-BPC   454.09s] rim-conflict diag node 3 conflicts=15 pair_events=1 pair_cuts=2 schedcap_events=0 schedcap_cuts=0 routepack_events=2 routepack_cuts=0 routepack_cache=0 routepack_states_max=99 routepack_budget_skip=12 nogood_events=0 nogood_cuts=0 weak_skip=14
[clean-BPC    20.01s] restricted-MIP node 3 status=TIME_LIMIT obj=None accepted=False routes=2201 rejected=15 pair=1 ng=28 route_pack=0 sched_cap=0 added_cuts=2 time=20.01389
[clean-BPC   454.09s] node 4 d=2 lb=234.792078 open=1
[clean-BPC   454.14s] node 4 cg=1 phase=phase1 obj=0.0 artificial=0.0 cols=2201
[clean-BPC   454.19s] node 4 cg=2 phase=phase2 obj=235.592924 artificial=0.0 cols=2201
[clean-BPC   456.76s] node 4 cg=2 phase=phase2 kind=heuristic best_rc=-1.602439 found=13 added=13 exhausted=False cert=False
[clean-BPC   456.81s] node 4 cg=3 phase=phase2 obj=235.592924 artificial=0.0 cols=2214
[clean-BPC   459.29s] node 4 cg=3 phase=phase2 kind=heuristic best_rc=-0.0 found=0 added=0 exhausted=False cert=False
[clean-BPC   465.18s] node 4 cg=3 phase=phase2 kind=heuristic_boost best_rc=-1.055115 found=12 added=12 exhausted=True cert=True
[clean-BPC   465.24s] node 4 cg=4 phase=phase2 obj=235.592924 artificial=0.0 cols=2226
[clean-BPC   467.96s] node 4 cg=4 phase=phase2 kind=heuristic best_rc=-1.165579 found=34 added=34 exhausted=False cert=False
[clean-BPC   468.02s] node 4 cg=5 phase=phase2 obj=235.592924 artificial=0.0 cols=2260
[clean-BPC   470.52s] node 4 cg=5 phase=phase2 kind=heuristic best_rc=-0.159172 found=6 added=6 exhausted=False cert=False
[clean-BPC   470.58s] node 4 cg=6 phase=phase2 obj=235.592924 artificial=0.0 cols=2266
[clean-BPC   473.05s] node 4 cg=6 phase=phase2 kind=heuristic best_rc=0.0 found=0 added=0 exhausted=False cert=False
[clean-BPC   478.98s] node 4 cg=6 phase=phase2 kind=heuristic_boost best_rc=-0.71187 found=2 added=2 exhausted=True cert=True
[clean-BPC   479.03s] node 4 cg=7 phase=phase2 obj=235.592924 artificial=0.0 cols=2268
[clean-BPC   481.52s] node 4 cg=7 phase=phase2 kind=heuristic best_rc=0.0 found=0 added=0 exhausted=False cert=False
[clean-BPC   487.45s] node 4 cg=7 phase=phase2 kind=heuristic_boost best_rc=-0.0 found=0 added=0 exhausted=True cert=True
[clean-BPC   487.46s] route-pack diag node 4 round=1 vehicles=1/2 support_max=9 cand=15 oracle=15 incomplete=0 not_tight=5 not_viol=10 dup=0 violated=0 added=0 max_viol=0.0 states_max=1479
[clean-BPC   505.91s] route-pack-conflict diag node 4 source_vehicle=1 routes=5 U=4 complete=True cache_hit=False states=101 added=0
[clean-BPC   507.07s] route-pack-conflict diag node 4 source_vehicle=1 routes=5 U=4 complete=True cache_hit=False states=85 added=0
[clean-BPC   523.39s] rim-conflict diag node 4 conflicts=21 pair_events=0 pair_cuts=0 schedcap_events=0 schedcap_cuts=0 routepack_events=2 routepack_cuts=0 routepack_cache=0 routepack_states_max=101 routepack_budget_skip=19 nogood_events=0 nogood_cuts=0 weak_skip=21
[clean-BPC    18.44s] restricted-MIP node 4 status=SCHEDULE_REJECTED_LIMIT obj=None accepted=False routes=2268 rejected=21 pair=0 ng=40 route_pack=0 sched_cap=0 added_cuts=0 time=18.443014
[clean-BPC   525.12s] branch node 4: left=arc(1,8)=off right=arc(1,8)=on
[clean-BPC   525.13s] node 3 d=2 lb=234.875324 open=2
[clean-BPC   525.24s] node 3 cg=1 phase=phase1 obj=0.0 artificial=0.0 cols=2268
[clean-BPC   525.38s] node 3 cg=2 phase=phase2 obj=234.875324 artificial=0.0 cols=2268
[clean-BPC   529.09s] node 3 cg=2 phase=phase2 kind=heuristic best_rc=-0.0 found=0 added=0 exhausted=False cert=False
[clean-BPC   539.87s] node 3 cg=2 phase=phase2 kind=heuristic_boost best_rc=-1.492212667 found=37 added=37 exhausted=True cert=True
[clean-BPC   540.00s] node 3 cg=3 phase=phase2 obj=234.875324 artificial=0.0 cols=2305
[clean-BPC   543.71s] node 3 cg=3 phase=phase2 kind=heuristic best_rc=0.0 found=0 added=0 exhausted=False cert=False
[clean-BPC   554.31s] node 3 cg=3 phase=phase2 kind=heuristic_boost best_rc=0.0 found=0 added=0 exhausted=True cert=True
[clean-BPC   575.74s] route-pack-conflict diag node 3 source_vehicle=1 routes=5 U=4 complete=True cache_hit=True states=99 added=0
[clean-BPC   576.19s] route-pack-conflict diag node 3 source_vehicle=1 routes=5 U=4 complete=True cache_hit=True states=87 added=0
[clean-BPC   594.22s] rim-conflict diag node 3 conflicts=15 pair_events=0 pair_cuts=0 schedcap_events=0 schedcap_cuts=0 routepack_events=2 routepack_cuts=0 routepack_cache=2 routepack_states_max=99 routepack_budget_skip=13 nogood_events=0 nogood_cuts=0 weak_skip=15
[clean-BPC    21.43s] restricted-MIP node 3 status=TIME_LIMIT obj=None accepted=False routes=2305 rejected=15 pair=0 ng=30 route_pack=0 sched_cap=0 added_cuts=0 time=21.431612
[clean-BPC   598.73s] branch node 3: left=RF(1,13)=separate right=RF(1,13)=same
[clean-BPC   598.73s] node 7 d=3 lb=234.875324 open=3
[clean-BPC   598.84s] node 7 cg=1 phase=phase1 obj=0.0 artificial=0.0 cols=2305
[clean-BPC   598.96s] node 7 cg=2 phase=phase2 obj=234.994749 artificial=0.0 cols=2305
[clean-BPC   602.48s] node 7 cg=2 phase=phase2 kind=heuristic best_rc=-0.251713 found=6 added=6 exhausted=False cert=False
[clean-BPC   602.61s] node 7 cg=3 phase=phase2 obj=234.994749 artificial=0.0 cols=2311
[clean-BPC   606.32s] node 7 cg=3 phase=phase2 kind=heuristic best_rc=-0.121777 found=2 added=2 exhausted=False cert=False
[clean-BPC   606.43s] node 7 cg=4 phase=phase2 obj=234.994749 artificial=0.0 cols=2313
[clean-BPC   610.11s] node 7 cg=4 phase=phase2 kind=heuristic best_rc=0.05904575 found=0 added=0 exhausted=False cert=False
[clean-BPC   619.54s] node 7 cg=4 phase=phase2 kind=heuristic_boost best_rc=0.0 found=0 added=0 exhausted=True cert=True
[clean-BPC   640.98s] route-pack-conflict diag node 7 source_vehicle=1 routes=5 U=4 complete=True cache_hit=False states=108 added=0
[clean-BPC   642.47s] route-pack-conflict diag node 7 source_vehicle=1 routes=5 U=4 complete=True cache_hit=False states=103 added=0
[clean-BPC   659.80s] rim-conflict diag node 7 conflicts=15 pair_events=0 pair_cuts=0 schedcap_events=0 schedcap_cuts=0 routepack_events=2 routepack_cuts=0 routepack_cache=0 routepack_states_max=108 routepack_budget_skip=13 nogood_events=0 nogood_cuts=0 weak_skip=15
[clean-BPC    21.44s] restricted-MIP node 7 status=TIME_LIMIT obj=None accepted=False routes=2313 rejected=15 pair=0 ng=30 route_pack=0 sched_cap=0 added_cuts=0 time=21.435975
[clean-BPC   663.22s] branch node 7: left=RF(2,14)=separate right=RF(2,14)=same
[clean-BPC   663.22s] node 8 d=3 lb=234.875324 open=4
[clean-BPC   663.28s] node 8 cg=1 phase=phase1 obj=0.0 artificial=0.0 cols=2313
[clean-BPC   663.36s] node 8 cg=2 phase=phase2 obj=235.221088 artificial=0.0 cols=2313
[clean-BPC   666.60s] node 8 cg=2 phase=phase2 kind=heuristic best_rc=-1.377639333 found=67 added=67 exhausted=False cert=False
[clean-BPC   666.68s] node 8 cg=3 phase=phase2 obj=235.179527 artificial=0.0 cols=2380
[clean-BPC   669.87s] node 8 cg=3 phase=phase2 kind=heuristic best_rc=-1.000404375 found=34 added=34 exhausted=False cert=False
[clean-BPC   669.95s] node 8 cg=4 phase=phase2 obj=235.179527 artificial=0.0 cols=2414
[clean-BPC   669.95s] cut_purged node=8 removed=1 by_kind={'subset_row': 1} remaining=29
[clean-BPC   670.02s] node 8 cg=5 phase=phase2 obj=235.179527 artificial=0.0 cols=2414
[clean-BPC   673.28s] node 8 cg=5 phase=phase2 kind=heuristic best_rc=0.120802 found=0 added=0 exhausted=False cert=False
[clean-BPC   682.11s] node 8 cg=5 phase=phase2 kind=heuristic_boost best_rc=-0.633543312 found=4 added=4 exhausted=True cert=True
[clean-BPC   682.18s] node 8 cg=6 phase=phase2 obj=235.179527 artificial=0.0 cols=2418
[clean-BPC   685.47s] node 8 cg=6 phase=phase2 kind=heuristic best_rc=0.049438 found=0 added=0 exhausted=False cert=False
[clean-BPC   694.31s] node 8 cg=6 phase=phase2 kind=heuristic_boost best_rc=0.049438 found=0 added=0 exhausted=True cert=True
[clean-BPC   705.05s] route-pack-conflict diag node 8 source_vehicle=1 routes=5 U=3 complete=True cache_hit=False states=97 added=2
[clean-BPC   705.05s] cut_added family=schedule_route_set_packing node=8 added=2 source=schedule_conflict first(vehicle=1, routes=5, U=3, states=97, cache_hit=False)
[clean-BPC   705.06s] route-pack-conflict diag node 8 source_vehicle=1 routes=5 U=4 complete=True cache_hit=False states=95 added=0
[clean-BPC   711.97s] cut_added family=schedule_pair_conflict node=8 added=2 source_vehicle=1 route_count=2 signatures=[[17, 14, 2], [6, 10, 15, 12, 13, 1]]
[clean-BPC   714.46s] cut_added family=schedule_pair_conflict node=8 added=2 source_vehicle=1 route_count=2 signatures=[[13, 19, 20, 1], [17, 14, 2]]
[clean-BPC   716.67s] cut_added family=schedule_nogood_core node=8 added=1 source_vehicle=1 route_count=3 signatures=[[1, 13, 19, 20], [2, 14, 17], [5, 3, 12, 15, 10, 6]]
[clean-BPC   716.67s] cut_added family=schedule_pair_conflict node=8 added=2 source_vehicle=1 route_count=2 signatures=[[20, 19, 13, 1], [17, 14, 2]]
[clean-BPC   718.89s] rim-conflict diag node 8 conflicts=21 pair_events=3 pair_cuts=6 schedcap_events=0 schedcap_cuts=0 routepack_events=2 routepack_cuts=2 routepack_cache=0 routepack_states_max=97 routepack_budget_skip=16 nogood_events=1 nogood_cuts=1 weak_skip=16
[clean-BPC    10.74s] restricted-MIP node 8 status=SCHEDULE_REJECTED_LIMIT obj=None accepted=False routes=2418 rejected=21 pair=5 ng=24 route_pack=10 sched_cap=0 added_cuts=9 time=10.741614
[clean-BPC   718.89s] node 9 d=4 lb=234.994749 open=4
[clean-BPC   719.01s] node 9 cg=1 phase=phase1 obj=0.0 artificial=0.0 cols=2418
[clean-BPC   719.13s] node 9 cg=2 phase=phase2 obj=235.538576 artificial=0.0 cols=2418
[clean-BPC   722.74s] node 9 cg=2 phase=phase2 kind=heuristic best_rc=-0.132069 found=2 added=2 exhausted=False cert=False
[clean-BPC   722.86s] node 9 cg=3 phase=phase2 obj=235.538576 artificial=0.0 cols=2420
[clean-BPC   726.49s] node 9 cg=3 phase=phase2 kind=heuristic best_rc=0.006275 found=0 added=0 exhausted=False cert=False
[clean-BPC   735.54s] node 9 cg=3 phase=phase2 kind=heuristic_boost best_rc=0.006275 found=0 added=0 exhausted=True cert=True
[clean-BPC   739.50s] branch node 9: left=RF(2,17)=separate right=RF(2,17)=same
[clean-BPC   739.50s] node 10 d=4 lb=234.994749 open=5
[clean-BPC   739.60s] node 10 cg=1 phase=phase1 obj=0.0 artificial=0.0 cols=2420
[clean-BPC   739.68s] node 10 cg=2 phase=phase2 obj=235.946288 artificial=0.0 cols=2420
[clean-BPC   742.44s] node 10 cg=2 phase=phase2 kind=heuristic best_rc=-0.944563833 found=25 added=25 exhausted=False cert=False
[clean-BPC   742.52s] node 10 cg=3 phase=phase2 obj=235.627776 artificial=0.0 cols=2445
[clean-BPC   745.23s] node 10 cg=3 phase=phase2 kind=heuristic best_rc=0.0 found=0 added=0 exhausted=False cert=False
[clean-BPC   749.90s] node 10 cg=3 phase=phase2 kind=heuristic_boost best_rc=0.0 found=0 added=0 exhausted=True cert=True
[clean-BPC   752.50s] branch node 10: left=RF(5,10)=separate right=RF(5,10)=same
[clean-BPC   752.50s] node 8 d=3 lb=235.179527 open=6
[clean-BPC   752.57s] node 8 cg=1 phase=phase1 obj=0.0 artificial=0.0 cols=2445
[clean-BPC   752.65s] node 8 cg=2 phase=phase2 obj=235.179527 artificial=0.0 cols=2445
[clean-BPC   755.86s] node 8 cg=2 phase=phase2 kind=heuristic best_rc=-0.099525 found=2 added=2 exhausted=False cert=False
[clean-BPC   755.93s] node 8 cg=3 phase=phase2 obj=235.179527 artificial=0.0 cols=2447
[clean-BPC   759.19s] node 8 cg=3 phase=phase2 kind=heuristic best_rc=0.233916125 found=0 added=0 exhausted=False cert=False
[clean-BPC   768.18s] node 8 cg=3 phase=phase2 kind=heuristic_boost best_rc=0.233916125 found=0 added=0 exhausted=True cert=True
[clean-BPC   779.22s] route-pack-conflict diag node 8 source_vehicle=1 routes=5 U=4 complete=True cache_hit=False states=104 added=0
[clean-BPC   779.91s] route-pack-conflict diag node 8 source_vehicle=1 routes=5 U=4 complete=True cache_hit=False states=104 added=0
[clean-BPC   797.35s] rim-conflict diag node 8 conflicts=21 pair_events=0 pair_cuts=0 schedcap_events=0 schedcap_cuts=0 routepack_events=2 routepack_cuts=0 routepack_cache=0 routepack_states_max=104 routepack_budget_skip=19 nogood_events=0 nogood_cuts=0 weak_skip=21
[clean-BPC    11.04s] restricted-MIP node 8 status=SCHEDULE_REJECTED_LIMIT obj=None accepted=False routes=2447 rejected=21 pair=0 ng=24 route_pack=16 sched_cap=0 added_cuts=0 time=11.039802
[clean-BPC   799.39s] branch node 8: left=RF(5,10)=separate right=RF(5,10)=same
[clean-BPC   799.39s] node 15 d=4 lb=235.179527 open=7
[clean-BPC   799.46s] node 15 cg=1 phase=phase1 obj=0.0 artificial=0.0 cols=2447
[clean-BPC   799.54s] node 15 cg=2 phase=phase2 obj=235.714775 artificial=0.0 cols=2447
[clean-BPC   802.80s] node 15 cg=2 phase=phase2 kind=heuristic best_rc=0.060579 found=0 added=0 exhausted=False cert=False
[clean-BPC   811.66s] node 15 cg=2 phase=phase2 kind=heuristic_boost best_rc=0.060579 found=0 added=0 exhausted=True cert=True
[clean-BPC   813.66s] branch node 15: left=RF(10,14)=separate right=RF(10,14)=same
[clean-BPC   813.66s] node 16 d=4 lb=235.179527 open=8
[clean-BPC   813.70s] node 16 cg=1 phase=phase1 obj=0.0 artificial=0.0 cols=2447
[clean-BPC   813.76s] node 16 cg=2 phase=phase2 obj=235.533871 artificial=0.0 cols=2447
[clean-BPC   813.76s] cut_purged node=16 removed=1 by_kind={'schedule_nogood_core': 1} remaining=37
[clean-BPC   813.80s] node 16 cg=3 phase=phase2 obj=235.533871 artificial=0.0 cols=2447
[clean-BPC   816.69s] node 16 cg=3 phase=phase2 kind=heuristic best_rc=-2.217103875 found=64 added=64 exhausted=False cert=False
[clean-BPC   816.74s] node 16 cg=4 phase=phase2 obj=235.507362 artificial=0.0 cols=2511
[clean-BPC   819.76s] node 16 cg=4 phase=phase2 kind=heuristic best_rc=-3.860573813 found=114 added=114 exhausted=False cert=False
[clean-BPC   819.81s] node 16 cg=5 phase=phase2 obj=235.507362 artificial=0.0 cols=2625
[clean-BPC   822.85s] node 16 cg=5 phase=phase2 kind=heuristic best_rc=0.337013125 found=0 added=0 exhausted=False cert=False
[clean-BPC   829.83s] node 16 cg=5 phase=phase2 kind=heuristic_boost best_rc=-1.169402875 found=11 added=11 exhausted=True cert=True
[clean-BPC   829.88s] node 16 cg=6 phase=phase2 obj=235.507362 artificial=0.0 cols=2636
[clean-BPC   832.79s] node 16 cg=6 phase=phase2 kind=heuristic best_rc=0.337013125 found=0 added=0 exhausted=False cert=False
[clean-BPC   838.30s] node 16 cg=6 phase=phase2 kind=heuristic_boost best_rc=-1.365219 found=28 added=28 exhausted=True cert=True
[clean-BPC   838.35s] node 16 cg=7 phase=phase2 obj=235.507362 artificial=0.0 cols=2664
[clean-BPC   841.28s] node 16 cg=7 phase=phase2 kind=heuristic best_rc=0.337013125 found=0 added=0 exhausted=False cert=False
[clean-BPC   846.78s] node 16 cg=7 phase=phase2 kind=heuristic_boost best_rc=0.337013125 found=0 added=0 exhausted=True cert=True
[clean-BPC   848.26s] branch node 16: left=RF(11,14)=separate right=RF(11,14)=same
[clean-BPC   848.26s] node 19 d=5 lb=235.507362 open=9
[clean-BPC   848.31s] node 19 cg=1 phase=phase1 obj=0.0 artificial=0.0 cols=2664
[clean-BPC   848.36s] node 19 cg=2 phase=phase2 obj=236.01379 artificial=0.0 cols=2664
[clean-BPC   851.23s] node 19 cg=2 phase=phase2 kind=heuristic best_rc=-0.057529 found=2 added=2 exhausted=False cert=False
[clean-BPC   851.28s] node 19 cg=3 phase=phase2 obj=236.01379 artificial=0.0 cols=2666
[clean-BPC   854.13s] node 19 cg=3 phase=phase2 kind=heuristic best_rc=0.0 found=0 added=0 exhausted=False cert=False
[clean-BPC   861.23s] node 19 cg=3 phase=phase2 kind=heuristic_boost best_rc=0.0 found=0 added=0 exhausted=True cert=True
[clean-BPC   861.23s] route-pack-conflict diag node 19 source_vehicle=1 routes=5 U=3 complete=True cache_hit=False states=104 added=2
[clean-BPC   861.23s] cut_added family=schedule_route_set_packing node=19 added=2 source=schedule_conflict first(vehicle=1, routes=5, U=3, states=104, cache_hit=False)
[clean-BPC   861.24s] node 20 d=5 lb=235.507362 open=9
[clean-BPC   861.29s] node 20 cg=1 phase=phase1 obj=0.0 artificial=0.0 cols=2666
[clean-BPC   861.32s] node 20 cg=2 phase=phase2 obj=237.868089 artificial=0.0 cols=2666
[clean-BPC   864.12s] node 20 cg=2 phase=phase2 kind=heuristic best_rc=-1.519366 found=20 added=20 exhausted=False cert=False
[clean-BPC   864.16s] node 20 cg=3 phase=phase2 obj=237.868089 artificial=0.0 cols=2686
[clean-BPC   866.95s] node 20 cg=3 phase=phase2 kind=heuristic best_rc=0.139907 found=0 added=0 exhausted=False cert=False
[clean-BPC   872.20s] node 20 cg=3 phase=phase2 kind=heuristic_boost best_rc=0.139907 found=0 added=0 exhausted=True cert=True
[clean-BPC   872.21s] route-pack-conflict diag node 20 source_vehicle=1 routes=5 U=4 complete=True cache_hit=False states=104 added=0
[clean-BPC   873.21s] cut_added family=schedule_nogood_core node=20 added=2 source_vehicle=1 route_count=3 signatures=[[4, 8, 18, 16, 9], [1, 13, 19, 20], [5, 3, 12, 15, 10, 6]]
[clean-BPC   873.21s] node 12 d=5 lb=235.538576 open=9
[clean-BPC   873.32s] node 12 cg=1 phase=phase1 obj=0.0 artificial=0.0 cols=2686
[clean-BPC   873.41s] node 12 cg=2 phase=phase2 obj=237.80248 artificial=0.0 cols=2686
[clean-BPC   876.15s] node 12 cg=2 phase=phase2 kind=heuristic best_rc=-1.178288857 found=6 added=6 exhausted=False cert=False
[clean-BPC   876.24s] node 12 cg=3 phase=phase2 obj=237.745913 artificial=0.0 cols=2692
[clean-BPC   878.97s] node 12 cg=3 phase=phase2 kind=heuristic best_rc=0.124216286 found=0 added=0 exhausted=False cert=False
[clean-BPC   883.64s] node 12 cg=3 phase=phase2 kind=heuristic_boost best_rc=-1.509462 found=12 added=12 exhausted=True cert=True
[clean-BPC   883.75s] node 12 cg=4 phase=phase2 obj=237.745913 artificial=0.0 cols=2704
[clean-BPC   886.54s] node 12 cg=4 phase=phase2 kind=heuristic best_rc=-0.332255857 found=1 added=1 exhausted=False cert=False
[clean-BPC   886.63s] node 12 cg=5 phase=phase2 obj=237.745913 artificial=0.0 cols=2705
[clean-BPC   889.41s] node 12 cg=5 phase=phase2 kind=heuristic best_rc=0.171139143 found=0 added=0 exhausted=False cert=False
[clean-BPC   894.09s] node 12 cg=5 phase=phase2 kind=heuristic_boost best_rc=0.0 found=0 added=0 exhausted=True cert=True
[clean-BPC   896.92s] branch node 12: left=RF(10,15)=separate right=RF(10,15)=same
[clean-BPC   896.92s] node 11 d=5 lb=235.538576 open=10
[clean-BPC   897.06s] node 11 cg=1 phase=phase1 obj=0.0 artificial=0.0 cols=2705
[clean-BPC   897.19s] node 11 cg=2 phase=phase2 obj=235.57499 artificial=0.0 cols=2705
[clean-BPC   900.87s] node 11 cg=2 phase=phase2 kind=heuristic best_rc=-0.298851 found=6 added=6 exhausted=False cert=False
[clean-BPC   901.00s] node 11 cg=3 phase=phase2 obj=235.57499 artificial=0.0 cols=2711
[clean-BPC   904.61s] node 11 cg=3 phase=phase2 kind=heuristic best_rc=0.108823 found=0 added=0 exhausted=False cert=False
[clean-BPC   913.41s] node 11 cg=3 phase=phase2 kind=heuristic_boost best_rc=0.108823 found=0 added=0 exhausted=True cert=True
[clean-BPC   916.99s] branch node 11: left=RF(5,10)=separate right=RF(5,10)=same
[clean-BPC   916.99s] node 23 d=6 lb=235.57499 open=11
[clean-BPC   917.11s] node 23 cg=1 phase=phase1 obj=0.0 artificial=0.0 cols=2711
[clean-BPC   917.24s] node 23 cg=2 phase=phase2 obj=235.700699 artificial=0.0 cols=2711
[clean-BPC   920.90s] node 23 cg=2 phase=phase2 kind=heuristic best_rc=0.027409 found=0 added=0 exhausted=False cert=False
[clean-BPC   929.79s] node 23 cg=2 phase=phase2 kind=heuristic_boost best_rc=0.027409 found=0 added=0 exhausted=True cert=True
[clean-BPC   929.79s] route-pack-conflict diag node 23 source_vehicle=1 routes=5 U=4 complete=True cache_hit=True states=99 added=0
[clean-BPC   931.26s] cut_added family=schedule_nogood_core node=23 added=2 source_vehicle=1 route_count=3 signatures=[[4, 20, 19, 13], [8, 18, 16, 9, 7], [12, 15, 10, 6, 2]]
[clean-BPC   931.26s] node 24 d=6 lb=235.57499 open=11
[clean-BPC   931.33s] node 24 cg=1 phase=phase1 obj=0.0 artificial=0.0 cols=2711
[clean-BPC   931.41s] node 24 cg=2 phase=phase2 obj=236.276944 artificial=0.0 cols=2711
[clean-BPC   931.41s] cut_purged node=24 removed=1 by_kind={'schedule_nogood_core': 1} remaining=42
[clean-BPC   931.50s] node 24 cg=3 phase=phase2 obj=236.276944 artificial=0.0 cols=2711
[clean-BPC   934.70s] node 24 cg=3 phase=phase2 kind=heuristic best_rc=-0.670184 found=4 added=4 exhausted=False cert=False
[clean-BPC   934.79s] node 24 cg=4 phase=phase2 obj=236.276944 artificial=0.0 cols=2715
[clean-BPC   937.97s] node 24 cg=4 phase=phase2 kind=heuristic best_rc=-0.301800333 found=2 added=2 exhausted=False cert=False
[clean-BPC   938.05s] node 24 cg=5 phase=phase2 obj=236.276944 artificial=0.0 cols=2717
[clean-BPC   941.35s] node 24 cg=5 phase=phase2 kind=heuristic best_rc=0.0 found=0 added=0 exhausted=False cert=False
[clean-BPC   949.68s] node 24 cg=5 phase=phase2 kind=heuristic_boost best_rc=0.0 found=0 added=0 exhausted=True cert=True
[clean-BPC   952.05s] branch node 24: left=RF(2,7)=separate right=RF(2,7)=same
[clean-BPC   952.05s] node 5 d=3 lb=235.592924 open=12
[clean-BPC   952.13s] node 5 cg=1 phase=phase1 obj=0.0 artificial=0.0 cols=2717
[clean-BPC   952.21s] node 5 cg=2 phase=phase2 obj=235.592924 artificial=0.0 cols=2717
[clean-BPC   954.78s] node 5 cg=2 phase=phase2 kind=heuristic best_rc=-0.0 found=0 added=0 exhausted=False cert=False
[clean-BPC   962.72s] node 5 cg=2 phase=phase2 kind=heuristic_boost best_rc=-0.0 found=0 added=0 exhausted=True cert=True
[clean-BPC   984.67s] route-pack-conflict diag node 5 source_vehicle=1 routes=5 U=4 complete=True cache_hit=False states=88 added=0
[clean-BPC   984.97s] route-pack-conflict diag node 5 source_vehicle=1 routes=5 U=4 complete=True cache_hit=True states=85 added=0
[clean-BPC  1003.49s] rim-conflict diag node 5 conflicts=20 pair_events=0 pair_cuts=0 schedcap_events=0 schedcap_cuts=0 routepack_events=2 routepack_cuts=0 routepack_cache=1 routepack_states_max=88 routepack_budget_skip=18 nogood_events=0 nogood_cuts=0 weak_skip=20
[clean-BPC    21.94s] restricted-MIP node 5 status=TIME_LIMIT obj=None accepted=False routes=2717 rejected=20 pair=0 ng=40 route_pack=0 sched_cap=0 added_cuts=0 time=21.940591
[clean-BPC  1005.49s] branch node 5: left=RF(2,5)=separate right=RF(2,5)=same
[clean-BPC  1005.49s] node 6 d=3 lb=235.592924 open=13
[clean-BPC  1005.56s] node 6 cg=1 phase=phase1 obj=0.0 artificial=0.0 cols=2717
[clean-BPC  1005.64s] node 6 cg=2 phase=phase2 obj=236.754255 artificial=0.0 cols=2717
[clean-BPC  1008.32s] node 6 cg=2 phase=phase2 kind=heuristic best_rc=-0.423617333 found=4 added=4 exhausted=False cert=False
[clean-BPC  1008.40s] node 6 cg=3 phase=phase2 obj=236.754255 artificial=0.0 cols=2721
[clean-BPC  1010.92s] node 6 cg=3 phase=phase2 kind=heuristic best_rc=-1.7210135 found=6 added=6 exhausted=False cert=False
[clean-BPC  1011.01s] node 6 cg=4 phase=phase2 obj=236.754255 artificial=0.0 cols=2727
[clean-BPC  1011.01s] cut_purged node=6 removed=1 by_kind={'schedule_nogood_core': 1} remaining=41
[clean-BPC  1011.08s] node 6 cg=5 phase=phase2 obj=236.754255 artificial=0.0 cols=2727
[clean-BPC  1013.90s] node 6 cg=5 phase=phase2 kind=heuristic best_rc=-0.175968 found=2 added=2 exhausted=False cert=False
[clean-BPC  1013.97s] node 6 cg=6 phase=phase2 obj=236.754255 artificial=0.0 cols=2729
[clean-BPC  1016.79s] node 6 cg=6 phase=phase2 kind=heuristic best_rc=0.0186065 found=0 added=0 exhausted=False cert=False
[clean-BPC  1023.74s] node 6 cg=6 phase=phase2 kind=heuristic_boost best_rc=0.0186065 found=0 added=0 exhausted=True cert=True
[clean-BPC  1035.45s] route-pack-conflict diag node 6 source_vehicle=1 routes=5 U=4 complete=True cache_hit=False states=94 added=0
[clean-BPC  1035.76s] route-pack-conflict diag node 6 source_vehicle=1 routes=5 U=4 complete=True cache_hit=False states=100 added=0
[clean-BPC  1036.07s] cut_added family=schedule_nogood_core node=6 added=1 source_vehicle=1 route_count=3 signatures=[[2, 11, 7], [1, 8, 18, 16, 9], [3, 5, 4]]
[clean-BPC  1045.75s] rim-conflict diag node 6 conflicts=21 pair_events=0 pair_cuts=0 schedcap_events=0 schedcap_cuts=0 routepack_events=2 routepack_cuts=0 routepack_cache=0 routepack_states_max=100 routepack_budget_skip=19 nogood_events=1 nogood_cuts=1 weak_skip=20
[clean-BPC    11.70s] restricted-MIP node 6 status=SCHEDULE_REJECTED_LIMIT obj=None accepted=False routes=2729 rejected=21 pair=0 ng=40 route_pack=0 sched_cap=0 added_cuts=1 time=11.698931
[clean-BPC  1045.75s] node 27 d=4 lb=235.592924 open=13
[clean-BPC  1045.82s] node 27 cg=1 phase=phase1 obj=0.0 artificial=0.0 cols=2729
[clean-BPC  1045.88s] node 27 cg=2 phase=phase2 obj=235.980063 artificial=0.0 cols=2729
[clean-BPC  1048.43s] node 27 cg=2 phase=phase2 kind=heuristic best_rc=-0.018459 found=2 added=2 exhausted=False cert=False
[clean-BPC  1048.50s] node 27 cg=3 phase=phase2 obj=235.961604 artificial=0.0 cols=2731
[clean-BPC  1050.99s] node 27 cg=3 phase=phase2 kind=heuristic best_rc=0.138193 found=0 added=0 exhausted=False cert=False
[clean-BPC  1056.77s] node 27 cg=3 phase=phase2 kind=heuristic_boost best_rc=-0.671102 found=10 added=10 exhausted=True cert=True
[clean-BPC  1056.84s] node 27 cg=4 phase=phase2 obj=235.961604 artificial=0.0 cols=2741
[clean-BPC  1059.61s] node 27 cg=4 phase=phase2 kind=heuristic best_rc=-0.288151 found=9 added=9 exhausted=False cert=False
[clean-BPC  1059.68s] node 27 cg=5 phase=phase2 obj=235.961604 artificial=0.0 cols=2750
[clean-BPC  1062.21s] node 27 cg=5 phase=phase2 kind=heuristic best_rc=-0.441898 found=5 added=5 exhausted=False cert=False
[clean-BPC  1062.28s] node 27 cg=6 phase=phase2 obj=235.961604 artificial=0.0 cols=2755
[clean-BPC  1064.82s] node 27 cg=6 phase=phase2 kind=heuristic best_rc=0.049438 found=0 added=0 exhausted=False cert=False
[clean-BPC  1070.64s] node 27 cg=6 phase=phase2 kind=heuristic_boost best_rc=0.0 found=0 added=0 exhausted=True cert=True
[clean-BPC  1070.64s] incumbent node 27: obj=235.961604
[clean-BPC  1070.64s] fathom node 27: reason=integral bound=235.961604
[clean-BPC  1070.64s] node 28 d=4 lb=235.592924 open=12
[clean-BPC  1070.69s] node 28 cg=1 phase=phase1 obj=0.0 artificial=0.0 cols=2755
[clean-BPC  1070.73s] node 28 cg=2 phase=phase2 obj=237.024052 artificial=0.0 cols=2755
[clean-BPC  1073.31s] node 28 cg=2 phase=phase2 kind=heuristic best_rc=-0.8581945 found=4 added=4 exhausted=False cert=False
[clean-BPC  1073.37s] node 28 cg=3 phase=phase2 obj=237.024052 artificial=0.0 cols=2759
[clean-BPC  1076.00s] node 28 cg=3 phase=phase2 kind=heuristic best_rc=0.0 found=0 added=0 exhausted=False cert=False
[clean-BPC  1084.27s] node 28 cg=3 phase=phase2 kind=heuristic_boost best_rc=-0.0 found=0 added=0 exhausted=True cert=True
[clean-BPC  1084.27s] fathom node 28: reason=bound_after_schedule_pack bound=237.024052
[clean-BPC  1084.27s] node 13 d=5 lb=235.627776 open=11
[clean-BPC  1084.36s] node 13 cg=1 phase=phase1 obj=0.0 artificial=0.0 cols=2759
[clean-BPC  1084.44s] node 13 cg=2 phase=phase2 obj=235.926174 artificial=0.0 cols=2759
[clean-BPC  1084.44s] cut_purged node=13 removed=1 by_kind={'schedule_nogood_core': 1} remaining=41
[clean-BPC  1084.52s] node 13 cg=3 phase=phase2 obj=235.926174 artificial=0.0 cols=2759
[clean-BPC  1087.21s] node 13 cg=3 phase=phase2 kind=heuristic best_rc=-2.375582 found=90 added=90 exhausted=False cert=False
[clean-BPC  1087.31s] node 13 cg=4 phase=phase2 obj=235.926174 artificial=0.0 cols=2849
[clean-BPC  1090.43s] node 13 cg=4 phase=phase2 kind=heuristic best_rc=0.088454 found=0 added=0 exhausted=False cert=False
[clean-BPC  1096.96s] node 13 cg=4 phase=phase2 kind=heuristic_boost best_rc=0.088454 found=0 added=0 exhausted=True cert=True
[clean-BPC  1096.97s] route-pack-conflict diag node 13 source_vehicle=1 routes=5 U=4 complete=True cache_hit=False states=114 added=0
[clean-BPC  1099.19s] cut_added family=schedule_nogood_core node=13 added=2 source_vehicle=1 route_count=4 signatures=[[2, 14, 17], [7, 11, 16, 9], [8, 18, 20, 19], [3, 13, 12, 15, 10, 6]]
[clean-BPC  1099.19s] node 14 d=5 lb=235.627776 open=11
[clean-BPC  1099.25s] node 14 cg=1 phase=phase1 obj=0.0 artificial=0.0 cols=2849
[clean-BPC  1099.31s] node 14 cg=2 phase=phase2 obj=235.946288 artificial=0.0 cols=2849
[clean-BPC  1101.86s] node 14 cg=2 phase=phase2 kind=heuristic best_rc=0.0 found=0 added=0 exhausted=False cert=False
[clean-BPC  1106.33s] node 14 cg=2 phase=phase2 kind=heuristic_boost best_rc=-1.750861 found=17 added=17 exhausted=True cert=True
[clean-BPC  1106.39s] node 14 cg=3 phase=phase2 obj=235.946288 artificial=0.0 cols=2866
[clean-BPC  1109.22s] node 14 cg=3 phase=phase2 kind=heuristic best_rc=-0.8010275 found=6 added=6 exhausted=False cert=False
[clean-BPC  1109.28s] node 14 cg=4 phase=phase2 obj=235.946288 artificial=0.0 cols=2872
[clean-BPC  1112.13s] node 14 cg=4 phase=phase2 kind=heuristic best_rc=-0.0 found=0 added=0 exhausted=False cert=False
[clean-BPC  1117.26s] node 14 cg=4 phase=phase2 kind=heuristic_boost best_rc=-0.0 found=0 added=0 exhausted=True cert=True
[clean-BPC  1117.27s] route-pack-conflict diag node 14 source_vehicle=1 routes=5 U=3 complete=True cache_hit=False states=96 added=2
[clean-BPC  1117.27s] cut_added family=schedule_route_set_packing node=14 added=2 source=schedule_conflict first(vehicle=1, routes=5, U=3, states=96, cache_hit=False)
[clean-BPC  1117.27s] node 23 d=6 lb=235.700699 open=11
[clean-BPC  1117.40s] node 23 cg=1 phase=phase1 obj=0.0 artificial=0.0 cols=2872
[clean-BPC  1117.54s] node 23 cg=2 phase=phase2 obj=235.700699 artificial=0.0 cols=2872
[clean-BPC  1121.01s] node 23 cg=2 phase=phase2 kind=heuristic best_rc=0.130657 found=0 added=0 exhausted=False cert=False
[clean-BPC  1128.25s] node 23 cg=2 phase=phase2 kind=heuristic_boost best_rc=0.040118 found=0 added=0 exhausted=True cert=True
[clean-BPC  1128.25s] route-pack-conflict diag node 23 source_vehicle=1 routes=5 U=4 complete=True cache_hit=False states=110 added=0
[clean-BPC  1129.70s] cut_added family=schedule_nogood_core node=23 added=2 source_vehicle=1 route_count=3 signatures=[[4, 20, 19, 13], [7, 9, 16, 18, 8], [2, 6, 10, 15, 12]]
[clean-BPC  1129.70s] node 23 d=6 lb=235.700699 open=11
[clean-BPC  1129.83s] node 23 cg=1 phase=phase1 obj=0.0 artificial=0.0 cols=2872
[clean-BPC  1129.96s] node 23 cg=2 phase=phase2 obj=235.700699 artificial=0.0 cols=2872
[clean-BPC  1133.70s] node 23 cg=2 phase=phase2 kind=heuristic best_rc=-0.2307465 found=6 added=6 exhausted=False cert=False
[clean-BPC  1133.82s] node 23 cg=3 phase=phase2 obj=235.700699 artificial=0.0 cols=2878
[clean-BPC  1137.42s] node 23 cg=3 phase=phase2 kind=heuristic best_rc=-0.042664 found=2 added=2 exhausted=False cert=False
[clean-BPC  1137.56s] node 23 cg=4 phase=phase2 obj=235.700699 artificial=0.0 cols=2880
[clean-BPC  1141.14s] node 23 cg=4 phase=phase2 kind=heuristic best_rc=0.130657 found=0 added=0 exhausted=False cert=False
[clean-BPC  1150.07s] node 23 cg=4 phase=phase2 kind=heuristic_boost best_rc=0.130657 found=0 added=0 exhausted=True cert=True
[clean-BPC  1150.08s] route-pack-conflict diag node 23 source_vehicle=1 routes=5 U=4 complete=True cache_hit=False states=104 added=0
[clean-BPC  1151.69s] cut_added family=schedule_nogood_core node=23 added=2 source_vehicle=1 route_count=4 signatures=[[4, 20, 19, 13], [7, 9, 16, 18, 8], [1, 5, 3], [12, 15, 10, 6, 2]]
[clean-BPC  1151.69s] node 23 d=6 lb=235.700699 open=11
[clean-BPC  1151.82s] node 23 cg=1 phase=phase1 obj=0.0 artificial=0.0 cols=2880
[clean-BPC  1151.95s] node 23 cg=2 phase=phase2 obj=235.700699 artificial=0.0 cols=2880
[clean-BPC  1151.95s] cut_purged node=23 removed=1 by_kind={'schedule_nogood_core': 1} remaining=48
[clean-BPC  1152.09s] node 23 cg=3 phase=phase2 obj=235.700699 artificial=0.0 cols=2880
[clean-BPC  1155.77s] node 23 cg=3 phase=phase2 kind=heuristic best_rc=0.130657 found=0 added=0 exhausted=False cert=False
[clean-BPC  1164.85s] node 23 cg=3 phase=phase2 kind=heuristic_boost best_rc=0.130657 found=0 added=0 exhausted=True cert=True
[clean-BPC  1168.24s] branch node 23: left=arc(19,13)=off right=arc(19,13)=on
[clean-BPC  1168.24s] node 29 d=7 lb=235.700699 open=12
[clean-BPC  1168.37s] node 29 cg=1 phase=phase1 obj=0.0 artificial=0.0 cols=2880
[clean-BPC  1168.50s] node 29 cg=2 phase=phase2 obj=235.700699 artificial=0.0 cols=2880
[clean-BPC  1172.20s] node 29 cg=2 phase=phase2 kind=heuristic best_rc=0.130657 found=0 added=0 exhausted=False cert=False
[clean-BPC  1181.34s] node 29 cg=2 phase=phase2 kind=heuristic_boost best_rc=-0.0 found=0 added=0 exhausted=True cert=True
[clean-BPC  1181.35s] route-pack-conflict diag node 29 source_vehicle=1 routes=5 U=4 complete=True cache_hit=False states=103 added=0
[clean-BPC  1181.80s] cut_added family=schedule_nogood_core node=29 added=2 source_vehicle=1 route_count=3 signatures=[[13, 19, 20, 4], [1, 5, 3], [2, 6, 10, 15, 12]]
[clean-BPC  1181.80s] node 30 d=7 lb=235.700699 open=12
[clean-BPC  1181.93s] node 30 cg=1 phase=phase1 obj=0.0 artificial=0.0 cols=2880
[clean-BPC  1182.07s] node 30 cg=2 phase=phase2 obj=235.700699 artificial=0.0 cols=2880
[clean-BPC  1185.77s] node 30 cg=2 phase=phase2 kind=heuristic best_rc=0.256773 found=0 added=0 exhausted=False cert=False
[clean-BPC  1194.91s] node 30 cg=2 phase=phase2 kind=heuristic_boost best_rc=-0.0 found=0 added=0 exhausted=True cert=True
[clean-BPC  1194.92s] route-pack-conflict diag node 30 source_vehicle=1 routes=5 U=4 complete=True cache_hit=False states=108 added=0
[clean-BPC  1196.37s] cut_added family=schedule_nogood_core node=30 added=2 source_vehicle=1 route_count=3 signatures=[[4, 20, 19, 13], [8, 18, 16, 9, 7], [2, 6, 10, 15, 12]]
[clean-BPC  1196.37s] node 29 d=7 lb=235.700699 open=12
[clean-BPC  1196.49s] node 29 cg=1 phase=phase1 obj=0.0 artificial=0.0 cols=2880
[clean-BPC  1196.63s] node 29 cg=2 phase=phase2 obj=235.700699 artificial=0.0 cols=2880
[clean-BPC  1200.36s] node 29 cg=2 phase=phase2 kind=heuristic best_rc=0.0 found=0 added=0 exhausted=False cert=False
[clean-BPC  1209.44s] node 29 cg=2 phase=phase2 kind=heuristic_boost best_rc=0.0 found=0 added=0 exhausted=True cert=True
[clean-BPC  1209.45s] route-pack-conflict diag node 29 source_vehicle=1 routes=5 U=4 complete=True cache_hit=False states=101 added=0
[clean-BPC  1209.90s] cut_added family=schedule_nogood_core node=29 added=2 source_vehicle=1 route_count=3 signatures=[[13, 19, 20, 4], [3, 5, 1], [2, 6, 10, 15, 12]]
[clean-BPC  1209.90s] node 30 d=7 lb=235.700699 open=12
[clean-BPC  1210.04s] node 30 cg=1 phase=phase1 obj=0.0 artificial=0.0 cols=2880
[clean-BPC  1210.17s] node 30 cg=2 phase=phase2 obj=235.700699 artificial=0.0 cols=2880
[clean-BPC  1213.67s] node 30 cg=2 phase=phase2 kind=heuristic best_rc=0.256773 found=0 added=0 exhausted=False cert=False
[clean-BPC  1220.97s] node 30 cg=2 phase=phase2 kind=heuristic_boost best_rc=-1.579672 found=10 added=10 exhausted=True cert=True
[clean-BPC  1221.10s] node 30 cg=3 phase=phase2 obj=235.700699 artificial=0.0 cols=2890
[clean-BPC  1224.67s] node 30 cg=3 phase=phase2 kind=heuristic best_rc=0.256773 found=0 added=0 exhausted=False cert=False
[clean-BPC  1232.14s] node 30 cg=3 phase=phase2 kind=heuristic_boost best_rc=-0.7269475 found=2 added=2 exhausted=True cert=True
[clean-BPC  1232.29s] node 30 cg=4 phase=phase2 obj=235.700699 artificial=0.0 cols=2892
[clean-BPC  1235.83s] node 30 cg=4 phase=phase2 kind=heuristic best_rc=0.256773 found=0 added=0 exhausted=False cert=False
[clean-BPC  1243.17s] node 30 cg=4 phase=phase2 kind=heuristic_boost best_rc=-0.0 found=0 added=0 exhausted=True cert=True
[clean-BPC  1247.08s] branch node 30: left=arc(12,15)=off right=arc(12,15)=on
[clean-BPC  1247.08s] node 29 d=7 lb=235.700699 open=13
[clean-BPC  1247.21s] node 29 cg=1 phase=phase1 obj=0.0 artificial=0.0 cols=2892
[clean-BPC  1247.34s] node 29 cg=2 phase=phase2 obj=235.700699 artificial=0.0 cols=2892
[clean-BPC  1251.09s] node 29 cg=2 phase=phase2 kind=heuristic best_rc=0.027409 found=0 added=0 exhausted=False cert=False
[clean-BPC  1260.27s] node 29 cg=2 phase=phase2 kind=heuristic_boost best_rc=0.0 found=0 added=0 exhausted=True cert=True
[clean-BPC  1260.28s] route-pack-conflict diag node 29 source_vehicle=1 routes=5 U=4 complete=True cache_hit=False states=94 added=0
[clean-BPC  1260.73s] cut_added family=schedule_nogood_core node=29 added=2 source_vehicle=1 route_count=3 signatures=[[13, 19, 20, 4], [1, 5, 3], [12, 15, 10, 6, 2]]
[clean-BPC  1260.73s] node 31 d=8 lb=235.700699 open=13
[clean-BPC  1260.86s] node 31 cg=1 phase=phase1 obj=0.0 artificial=0.0 cols=2892
[clean-BPC  1261.01s] node 31 cg=2 phase=phase2 obj=235.703003 artificial=0.0 cols=2892
[clean-BPC  1264.54s] node 31 cg=2 phase=phase2 kind=heuristic best_rc=-0.188626 found=1 added=1 exhausted=False cert=False
[clean-BPC  1264.67s] node 31 cg=3 phase=phase2 obj=235.703003 artificial=0.0 cols=2893
[clean-BPC  1268.42s] node 31 cg=3 phase=phase2 kind=heuristic best_rc=0.169419 found=0 added=0 exhausted=False cert=False
[clean-BPC  1277.88s] node 31 cg=3 phase=phase2 kind=heuristic_boost best_rc=0.169419 found=0 added=0 exhausted=True cert=True
[clean-BPC  1277.88s] route-pack-conflict diag node 31 source_vehicle=1 routes=5 U=4 complete=True cache_hit=False states=113 added=0
[clean-BPC  1279.50s] cut_added family=schedule_nogood_core node=31 added=2 source_vehicle=1 route_count=4 signatures=[[4, 20, 19, 13], [7, 16, 9, 18, 8], [1, 5, 3], [2, 6, 10, 15, 12]]
[clean-BPC  1279.50s] node 32 d=8 lb=235.700699 open=13
[clean-BPC  1279.65s] node 32 cg=1 phase=phase1 obj=0.0 artificial=0.0 cols=2893
[clean-BPC  1279.79s] node 32 cg=2 phase=phase2 obj=235.700699 artificial=0.0 cols=2893
[clean-BPC  1283.50s] node 32 cg=2 phase=phase2 kind=heuristic best_rc=0.088759 found=0 added=0 exhausted=False cert=False
[clean-BPC  1294.00s] node 32 cg=2 phase=phase2 kind=heuristic_boost best_rc=0.0 found=0 added=0 exhausted=True cert=True
[clean-BPC  1294.01s] route-pack-conflict diag node 32 source_vehicle=1 routes=5 U=4 complete=True cache_hit=False states=104 added=0
[clean-BPC  1295.63s] cut_added family=schedule_nogood_core node=32 added=2 source_vehicle=1 route_count=4 signatures=[[4, 20, 19, 13], [7, 9, 16, 18, 8], [3, 5, 1], [12, 15, 10, 6, 2]]
[clean-BPC  1295.63s] node 29 d=7 lb=235.700699 open=13
[clean-BPC  1295.77s] node 29 cg=1 phase=phase1 obj=0.0 artificial=0.0 cols=2893
[clean-BPC  1295.90s] node 29 cg=2 phase=phase2 obj=235.700699 artificial=0.0 cols=2893
[clean-BPC  1299.75s] node 29 cg=2 phase=phase2 kind=heuristic best_rc=-0.0 found=0 added=0 exhausted=False cert=False
[clean-BPC  1309.11s] node 29 cg=2 phase=phase2 kind=heuristic_boost best_rc=-0.0 found=0 added=0 exhausted=True cert=True
[clean-BPC  1312.30s] branch node 29: left=arc(1,5)=off right=arc(1,5)=on
[clean-BPC  1312.30s] node 32 d=8 lb=235.700699 open=14
[clean-BPC  1312.43s] node 32 cg=1 phase=phase1 obj=0.0 artificial=0.0 cols=2893
[clean-BPC  1312.59s] node 32 cg=2 phase=phase2 obj=235.700699 artificial=0.0 cols=2893
[clean-BPC  1316.29s] node 32 cg=2 phase=phase2 kind=heuristic best_rc=0.088759 found=0 added=0 exhausted=False cert=False
[clean-BPC  1326.63s] node 32 cg=2 phase=phase2 kind=heuristic_boost best_rc=0.0 found=0 added=0 exhausted=True cert=True
[clean-BPC  1330.00s] branch node 32: left=arc(16,18)=off right=arc(16,18)=on
[clean-BPC  1330.00s] node 33 d=8 lb=235.700699 open=15
[clean-BPC  1330.13s] node 33 cg=1 phase=phase1 obj=0.0 artificial=0.0 cols=2893
[clean-BPC  1330.28s] node 33 cg=2 phase=phase2 obj=235.700699 artificial=0.0 cols=2893
[clean-BPC  1334.08s] node 33 cg=2 phase=phase2 kind=heuristic best_rc=0.0 found=0 added=0 exhausted=False cert=False
[clean-BPC  1343.30s] node 33 cg=2 phase=phase2 kind=heuristic_boost best_rc=0.0 found=0 added=0 exhausted=True cert=True
[clean-BPC  1343.31s] route-pack-conflict diag node 33 source_vehicle=1 routes=5 U=4 complete=True cache_hit=True states=92 added=0
[clean-BPC  1343.77s] cut_added family=schedule_nogood_core node=33 added=2 source_vehicle=1 route_count=3 signatures=[[13, 19, 20, 4], [3, 5, 1], [12, 15, 10, 6, 2]]
[clean-BPC  1343.78s] node 34 d=8 lb=235.700699 open=15
[clean-BPC  1343.90s] node 34 cg=1 phase=phase1 obj=0.0 artificial=0.0 cols=2893
[clean-BPC  1344.04s] node 34 cg=2 phase=phase2 obj=235.814652 artificial=0.0 cols=2893
[clean-BPC  1347.71s] node 34 cg=2 phase=phase2 kind=heuristic best_rc=0.026649545 found=0 added=0 exhausted=False cert=False
[clean-BPC  1355.21s] node 34 cg=2 phase=phase2 kind=heuristic_boost best_rc=0.026649545 found=0 added=0 exhausted=True cert=True
[clean-BPC  1359.45s] branch node 34: left=RF(10,15)=separate right=RF(10,15)=same
[clean-BPC  1359.45s] node 35 d=9 lb=235.700699 open=16
[clean-BPC  1359.59s] node 35 cg=1 phase=phase1 obj=0.0 artificial=0.0 cols=2893
[clean-BPC  1359.73s] node 35 cg=2 phase=phase2 obj=235.700699 artificial=0.0 cols=2893
[clean-BPC  1363.47s] node 35 cg=2 phase=phase2 kind=heuristic best_rc=-0.027409 found=1 added=1 exhausted=False cert=False
[clean-BPC  1363.60s] node 35 cg=3 phase=phase2 obj=235.700699 artificial=0.0 cols=2894
[clean-BPC  1367.30s] node 35 cg=3 phase=phase2 kind=heuristic best_rc=0.027409 found=0 added=0 exhausted=False cert=False
[clean-BPC  1377.12s] node 35 cg=3 phase=phase2 kind=heuristic_boost best_rc=-0.0 found=0 added=0 exhausted=True cert=True
[clean-BPC  1377.12s] route-pack-conflict diag node 35 source_vehicle=1 routes=5 U=4 complete=True cache_hit=True states=99 added=0
[clean-BPC  1378.58s] cut_added family=schedule_nogood_core node=35 added=1 source_vehicle=1 route_count=3 signatures=[[4, 20, 19, 13], [8, 18, 16, 9, 7], [12, 15, 10, 6, 2]]
[clean-BPC  1378.58s] node 36 d=9 lb=235.700699 open=16
[clean-BPC  1378.71s] node 36 cg=1 phase=phase1 obj=0.0 artificial=0.0 cols=2894
[clean-BPC  1378.85s] node 36 cg=2 phase=phase2 obj=235.771988 artificial=0.0 cols=2894
[clean-BPC  1378.85s] cut_purged node=36 removed=1 by_kind={'schedule_nogood_core': 1} remaining=62
[clean-BPC  1379.01s] node 36 cg=3 phase=phase2 obj=235.771988 artificial=0.0 cols=2894
[clean-BPC  1382.53s] node 36 cg=3 phase=phase2 kind=heuristic best_rc=-0.449958 found=6 added=6 exhausted=False cert=False
[clean-BPC  1382.68s] node 36 cg=4 phase=phase2 obj=235.771988 artificial=0.0 cols=2900
[clean-BPC  1386.39s] node 36 cg=4 phase=phase2 kind=heuristic best_rc=0.0 found=0 added=0 exhausted=False cert=False
[clean-BPC  1396.65s] node 36 cg=4 phase=phase2 kind=heuristic_boost best_rc=-0.0 found=0 added=0 exhausted=True cert=True
[clean-BPC  1396.66s] route-pack-conflict diag node 36 source_vehicle=1 routes=5 U=4 complete=True cache_hit=False states=103 added=0
[clean-BPC  1398.29s] cut_added family=schedule_nogood_core node=36 added=2 source_vehicle=1 route_count=4 signatures=[[4, 20, 19, 13], [7, 9, 16, 18, 8], [1, 3, 5], [12, 15, 10, 6, 2]]
[clean-BPC  1398.29s] node 33 d=8 lb=235.700699 open=16
[clean-BPC  1398.41s] node 33 cg=1 phase=phase1 obj=0.0 artificial=0.0 cols=2900
[clean-BPC  1398.55s] node 33 cg=2 phase=phase2 obj=235.707952 artificial=0.0 cols=2900
[clean-BPC  1402.25s] node 33 cg=2 phase=phase2 kind=heuristic best_rc=0.034662353 found=0 added=0 exhausted=False cert=False
[clean-BPC  1411.16s] node 33 cg=2 phase=phase2 kind=heuristic_boost best_rc=-0.101468176 found=2 added=2 exhausted=True cert=True
[clean-BPC  1411.30s] node 33 cg=3 phase=phase2 obj=235.707952 artificial=0.0 cols=2902
[clean-BPC  1415.04s] node 33 cg=3 phase=phase2 kind=heuristic best_rc=0.034662353 found=0 added=0 exhausted=False cert=False
[clean-BPC  1423.95s] node 33 cg=3 phase=phase2 kind=heuristic_boost best_rc=0.0 found=0 added=0 exhausted=True cert=True
[clean-BPC  1427.75s] branch node 33: left=RF(12,17)=separate right=RF(12,17)=same
[clean-BPC  1427.75s] node 35 d=9 lb=235.700699 open=17
[clean-BPC  1427.88s] node 35 cg=1 phase=phase1 obj=0.0 artificial=0.0 cols=2902
[clean-BPC  1428.02s] node 35 cg=2 phase=phase2 obj=235.703003 artificial=0.0 cols=2902
[clean-BPC  1428.02s] cut_purged node=35 removed=1 by_kind={'schedule_nogood_core': 1} remaining=63
[clean-BPC  1428.16s] node 35 cg=3 phase=phase2 obj=235.703003 artificial=0.0 cols=2902
[clean-BPC  1431.95s] node 35 cg=3 phase=phase2 kind=heuristic best_rc=-0.275136 found=2 added=2 exhausted=False cert=False
[clean-BPC  1432.08s] node 35 cg=4 phase=phase2 obj=235.703003 artificial=0.0 cols=2904
[clean-BPC  1432.08s] cut_purged node=35 removed=1 by_kind={'schedule_nogood_core': 1} remaining=62
[clean-BPC  1432.22s] node 35 cg=5 phase=phase2 obj=235.703003 artificial=0.0 cols=2904
[clean-BPC  1436.12s] node 35 cg=5 phase=phase2 kind=heuristic best_rc=0.032017 found=0 added=0 exhausted=False cert=False
[clean-BPC  1447.04s] node 35 cg=5 phase=phase2 kind=heuristic_boost best_rc=-0.0 found=0 added=0 exhausted=True cert=True
[clean-BPC  1447.05s] route-pack-conflict diag node 35 source_vehicle=1 routes=5 U=4 complete=True cache_hit=False states=104 added=0
[clean-BPC  1448.65s] cut_added family=schedule_nogood_core node=35 added=2 source_vehicle=1 route_count=4 signatures=[[4, 20, 19, 13], [7, 16, 9, 18, 8], [1, 5, 3], [12, 15, 10, 6, 2]]
[clean-BPC  1448.65s] node 31 d=8 lb=235.703003 open=17
[clean-BPC  1448.78s] node 31 cg=1 phase=phase1 obj=0.0 artificial=0.0 cols=2904
[clean-BPC  1448.93s] node 31 cg=2 phase=phase2 obj=235.700699 artificial=0.0 cols=2904
[clean-BPC  1452.65s] node 31 cg=2 phase=phase2 kind=heuristic best_rc=0.12648375 found=0 added=0 exhausted=False cert=False
[clean-BPC  1462.15s] node 31 cg=2 phase=phase2 kind=heuristic_boost best_rc=-0.0 found=0 added=0 exhausted=True cert=True
[clean-BPC  1462.15s] route-pack-conflict diag node 31 source_vehicle=1 routes=5 U=4 complete=True cache_hit=True states=108 added=0
[clean-BPC  1463.62s] cut_added family=schedule_nogood_core node=31 added=1 source_vehicle=1 route_count=3 signatures=[[4, 20, 19, 13], [8, 18, 16, 9, 7], [2, 6, 10, 15, 12]]
[clean-BPC  1463.62s] node 31 d=8 lb=235.700699 open=17
[clean-BPC  1463.75s] node 31 cg=1 phase=phase1 obj=0.0 artificial=0.0 cols=2904
[clean-BPC  1463.90s] node 31 cg=2 phase=phase2 obj=235.703003 artificial=0.0 cols=2904
[clean-BPC  1463.90s] cut_purged node=31 removed=2 by_kind={'schedule_nogood_core': 2} remaining=63
[clean-BPC  1464.04s] node 31 cg=3 phase=phase2 obj=235.703003 artificial=0.0 cols=2904
[clean-BPC  1467.83s] node 31 cg=3 phase=phase2 kind=heuristic best_rc=0.11726775 found=0 added=0 exhausted=False cert=False
[clean-BPC  1477.59s] node 31 cg=3 phase=phase2 kind=heuristic_boost best_rc=-0.0 found=0 added=0 exhausted=True cert=True
[clean-BPC  1477.60s] route-pack-conflict diag node 31 source_vehicle=1 routes=5 U=4 complete=True cache_hit=True states=113 added=0
[clean-BPC  1479.22s] cut_added family=schedule_nogood_core node=31 added=1 source_vehicle=1 route_count=4 signatures=[[4, 20, 19, 13], [7, 16, 9, 18, 8], [1, 5, 3], [2, 6, 10, 15, 12]]
[clean-BPC  1479.22s] node 35 d=9 lb=235.703003 open=17
[clean-BPC  1479.36s] node 35 cg=1 phase=phase1 obj=0.0 artificial=0.0 cols=2904
[clean-BPC  1479.51s] node 35 cg=2 phase=phase2 obj=235.703003 artificial=0.0 cols=2904
[clean-BPC  1479.51s] cut_purged node=35 removed=2 by_kind={'schedule_nogood_core': 2} remaining=62
[clean-BPC  1479.65s] node 35 cg=3 phase=phase2 obj=235.703003 artificial=0.0 cols=2904
[clean-BPC  1483.54s] node 35 cg=3 phase=phase2 kind=heuristic best_rc=0.127639 found=0 added=0 exhausted=False cert=False
[clean-BPC  1493.50s] node 35 cg=3 phase=phase2 kind=heuristic_boost best_rc=0.0 found=0 added=0 exhausted=True cert=True
[clean-BPC  1493.51s] route-pack-conflict diag node 35 source_vehicle=1 routes=5 U=4 complete=True cache_hit=False states=104 added=0
[clean-BPC  1495.12s] cut_added family=schedule_nogood_core node=35 added=2 source_vehicle=1 route_count=4 signatures=[[4, 20, 19, 13], [7, 16, 9, 18, 8], [3, 5, 1], [12, 15, 10, 6, 2]]
[clean-BPC  1495.12s] node 31 d=8 lb=235.703003 open=17
[clean-BPC  1495.26s] node 31 cg=1 phase=phase1 obj=0.0 artificial=0.0 cols=2904
[clean-BPC  1495.41s] node 31 cg=2 phase=phase2 obj=235.703003 artificial=0.0 cols=2904
[clean-BPC  1499.23s] node 31 cg=2 phase=phase2 kind=heuristic best_rc=0.11726775 found=0 added=0 exhausted=False cert=False
[clean-BPC  1509.10s] node 31 cg=2 phase=phase2 kind=heuristic_boost best_rc=-0.0 found=0 added=0 exhausted=True cert=True
[clean-BPC  1509.11s] route-pack-conflict diag node 31 source_vehicle=1 routes=5 U=4 complete=True cache_hit=False states=113 added=0
[clean-BPC  1510.70s] cut_added family=schedule_nogood_core node=31 added=2 source_vehicle=1 route_count=4 signatures=[[4, 20, 19, 13], [7, 16, 9, 18, 8], [3, 5, 1], [2, 6, 10, 15, 12]]
[clean-BPC  1510.70s] node 35 d=9 lb=235.703003 open=17
[clean-BPC  1510.85s] node 35 cg=1 phase=phase1 obj=0.0 artificial=0.0 cols=2904
[clean-BPC  1510.99s] node 35 cg=2 phase=phase2 obj=235.703003 artificial=0.0 cols=2904
[clean-BPC  1514.95s] node 35 cg=2 phase=phase2 kind=heuristic best_rc=0.1325045 found=0 added=0 exhausted=False cert=False
[clean-BPC  1526.13s] node 35 cg=2 phase=phase2 kind=heuristic_boost best_rc=0.0 found=0 added=0 exhausted=True cert=True
[clean-BPC  1526.14s] route-pack-conflict diag node 35 source_vehicle=1 routes=5 U=4 complete=True cache_hit=False states=99 added=0
[clean-BPC  1527.62s] cut_added family=schedule_nogood_core node=35 added=2 source_vehicle=1 route_count=3 signatures=[[4, 20, 19, 13], [8, 18, 9, 16, 7], [12, 15, 10, 6, 2]]
[clean-BPC  1527.62s] node 35 d=9 lb=235.703003 open=17
[clean-BPC  1527.77s] node 35 cg=1 phase=phase1 obj=0.0 artificial=0.0 cols=2904
[clean-BPC  1527.91s] node 35 cg=2 phase=phase2 obj=235.727885 artificial=0.0 cols=2904
[clean-BPC  1531.87s] node 35 cg=2 phase=phase2 kind=heuristic best_rc=0.032872462 found=0 added=0 exhausted=False cert=False
[clean-BPC  1542.02s] node 35 cg=2 phase=phase2 kind=heuristic_boost best_rc=0.032872462 found=0 added=0 exhausted=True cert=True
[clean-BPC  1546.58s] branch node 35: left=RF(12,17)=separate right=RF(12,17)=same
[clean-BPC  1546.58s] node 31 d=8 lb=235.703003 open=18
[clean-BPC  1546.71s] node 31 cg=1 phase=phase1 obj=0.0 artificial=0.0 cols=2904
[clean-BPC  1546.86s] node 31 cg=2 phase=phase2 obj=235.703003 artificial=0.0 cols=2904
[clean-BPC  1550.68s] node 31 cg=2 phase=phase2 kind=heuristic best_rc=0.11726775 found=0 added=0 exhausted=False cert=False
[clean-BPC  1560.43s] node 31 cg=2 phase=phase2 kind=heuristic_boost best_rc=-0.0 found=0 added=0 exhausted=True cert=True
[clean-BPC  1564.11s] branch node 31: left=arc(7,16)=off right=arc(7,16)=on
[clean-BPC  1564.11s] node 43 d=9 lb=235.703003 open=19
[clean-BPC  1564.24s] node 43 cg=1 phase=phase1 obj=0.0 artificial=0.0 cols=2904
[clean-BPC  1564.40s] node 43 cg=2 phase=phase2 obj=235.703003 artificial=0.0 cols=2904
[clean-BPC  1568.17s] node 43 cg=2 phase=phase2 kind=heuristic best_rc=0.11726775 found=0 added=0 exhausted=False cert=False
[clean-BPC  1577.74s] node 43 cg=2 phase=phase2 kind=heuristic_boost best_rc=0.0 found=0 added=0 exhausted=True cert=True
[clean-BPC  1577.75s] route-pack-conflict diag node 43 source_vehicle=1 routes=5 U=4 complete=True cache_hit=False states=108 added=0
[clean-BPC  1579.22s] cut_added family=schedule_nogood_core node=43 added=2 source_vehicle=1 route_count=3 signatures=[[4, 20, 19, 13], [8, 18, 9, 16, 7], [2, 6, 10, 15, 12]]
[clean-BPC  1579.22s] node 44 d=9 lb=235.703003 open=19
[clean-BPC  1579.38s] node 44 cg=1 phase=phase1 obj=0.0 artificial=0.0 cols=2904
[clean-BPC  1579.52s] node 44 cg=2 phase=phase2 obj=235.774292 artificial=0.0 cols=2904
[clean-BPC  1583.28s] node 44 cg=2 phase=phase2 kind=heuristic best_rc=-1.453821 found=3 added=3 exhausted=False cert=False
[clean-BPC  1583.43s] node 44 cg=3 phase=phase2 obj=235.774292 artificial=0.0 cols=2907
[clean-BPC  1587.09s] node 44 cg=3 phase=phase2 kind=heuristic best_rc=0.0 found=0 added=0 exhausted=False cert=False
[clean-BPC  1594.67s] node 44 cg=3 phase=phase2 kind=heuristic_boost best_rc=0.0 found=0 added=0 exhausted=True cert=True
[clean-BPC  1594.68s] route-pack-conflict diag node 44 source_vehicle=1 routes=5 U=4 complete=True cache_hit=False states=113 added=0
[clean-BPC  1596.30s] cut_added family=schedule_nogood_core node=44 added=2 source_vehicle=1 route_count=4 signatures=[[4, 20, 19, 13], [7, 16, 9, 18, 8], [1, 3, 5], [2, 6, 10, 15, 12]]
[clean-BPC  1596.30s] node 43 d=9 lb=235.703003 open=19
[clean-BPC  1596.44s] node 43 cg=1 phase=phase1 obj=0.0 artificial=0.0 cols=2907
[clean-BPC  1596.57s] node 43 cg=2 phase=phase2 obj=235.767235 artificial=0.0 cols=2907
[clean-BPC  1600.45s] node 43 cg=2 phase=phase2 kind=heuristic best_rc=0.2704894 found=0 added=0 exhausted=False cert=False
[clean-BPC  1609.41s] node 43 cg=2 phase=phase2 kind=heuristic_boost best_rc=0.2704894 found=0 added=0 exhausted=True cert=True
[clean-BPC  1613.49s] branch node 43: left=RF(5,17)=separate right=RF(5,17)=same
[clean-BPC  1613.49s] node 39 d=9 lb=235.707952 open=20
[clean-BPC  1613.61s] node 39 cg=1 phase=phase1 obj=0.0 artificial=0.0 cols=2907
[clean-BPC  1613.75s] node 39 cg=2 phase=phase2 obj=235.700699 artificial=0.0 cols=2907
[clean-BPC  1617.30s] node 39 cg=2 phase=phase2 kind=heuristic best_rc=0.303368 found=0 added=0 exhausted=False cert=False
[clean-BPC  1625.68s] node 39 cg=2 phase=phase2 kind=heuristic_boost best_rc=-0.433193714 found=7 added=7 exhausted=True cert=True
[clean-BPC  1625.82s] node 39 cg=3 phase=phase2 obj=235.700699 artificial=0.0 cols=2914
[clean-BPC  1625.82s] cut_purged node=39 removed=1 by_kind={'schedule_nogood_core': 1} remaining=71
[clean-BPC  1625.94s] node 39 cg=4 phase=phase2 obj=235.700699 artificial=0.0 cols=2914
[clean-BPC  1625.94s] cut_purged node=39 removed=3 by_kind={'schedule_nogood_core': 3} remaining=68
[clean-BPC  1626.08s] node 39 cg=5 phase=phase2 obj=235.700699 artificial=0.0 cols=2914
[clean-BPC  1629.72s] node 39 cg=5 phase=phase2 kind=heuristic best_rc=0.303368 found=0 added=0 exhausted=False cert=False
[clean-BPC  1638.77s] node 39 cg=5 phase=phase2 kind=heuristic_boost best_rc=0.0 found=0 added=0 exhausted=True cert=True
[clean-BPC  1638.78s] route-pack-conflict diag node 39 source_vehicle=1 routes=5 U=4 complete=True cache_hit=True states=92 added=0
[clean-BPC  1639.23s] cut_added family=schedule_nogood_core node=39 added=1 source_vehicle=1 route_count=3 signatures=[[13, 19, 20, 4], [3, 5, 1], [12, 15, 10, 6, 2]]
[clean-BPC  1639.23s] node 39 d=9 lb=235.700699 open=20
[clean-BPC  1639.35s] node 39 cg=1 phase=phase1 obj=0.0 artificial=0.0 cols=2914
[clean-BPC  1639.48s] node 39 cg=2 phase=phase2 obj=235.700699 artificial=0.0 cols=2914
[clean-BPC  1639.49s] cut_purged node=39 removed=1 by_kind={'schedule_nogood_core': 1} remaining=68
[clean-BPC  1639.61s] node 39 cg=3 phase=phase2 obj=235.700699 artificial=0.0 cols=2914
[clean-BPC  1643.26s] node 39 cg=3 phase=phase2 kind=heuristic best_rc=0.303368 found=0 added=0 exhausted=False cert=False
[clean-BPC  1652.39s] node 39 cg=3 phase=phase2 kind=heuristic_boost best_rc=0.0 found=0 added=0 exhausted=True cert=True
[clean-BPC  1652.39s] route-pack-conflict diag node 39 source_vehicle=1 routes=5 U=4 complete=True cache_hit=True states=101 added=0
[clean-BPC  1652.84s] cut_added family=schedule_nogood_core node=39 added=1 source_vehicle=1 route_count=3 signatures=[[13, 19, 20, 4], [3, 5, 1], [2, 6, 10, 15, 12]]
[clean-BPC  1652.84s] node 39 d=9 lb=235.700699 open=20
[clean-BPC  1652.97s] node 39 cg=1 phase=phase1 obj=0.0 artificial=0.0 cols=2914
[clean-BPC  1653.10s] node 39 cg=2 phase=phase2 obj=235.736344 artificial=0.0 cols=2914
[clean-BPC  1653.10s] cut_purged node=39 removed=3 by_kind={'schedule_nogood_core': 3} remaining=66
[clean-BPC  1653.22s] node 39 cg=3 phase=phase2 obj=235.736344 artificial=0.0 cols=2914
[clean-BPC  1653.22s] cut_purged node=39 removed=2 by_kind={'schedule_nogood_core': 2} remaining=64
[clean-BPC  1653.36s] node 39 cg=4 phase=phase2 obj=235.736344 artificial=0.0 cols=2914
[clean-BPC  1656.96s] node 39 cg=4 phase=phase2 kind=heuristic best_rc=0.2397865 found=0 added=0 exhausted=False cert=False
[clean-BPC  1665.07s] node 39 cg=4 phase=phase2 kind=heuristic_boost best_rc=-0.0277445 found=2 added=2 exhausted=True cert=True
[clean-BPC  1665.20s] node 39 cg=5 phase=phase2 obj=235.736344 artificial=0.0 cols=2916
[clean-BPC  1668.83s] node 39 cg=5 phase=phase2 kind=heuristic best_rc=0.2397865 found=0 added=0 exhausted=False cert=False
[clean-BPC  1676.87s] node 39 cg=5 phase=phase2 kind=heuristic_boost best_rc=0.0 found=0 added=0 exhausted=True cert=True
[clean-BPC  1679.55s] branch node 39: left=arc(5,1)=off right=arc(5,1)=on
[clean-BPC  1679.55s] node 40 d=9 lb=235.707952 open=21
[clean-BPC  1679.63s] node 40 cg=1 phase=phase1 obj=0.0 artificial=0.0 cols=2916
[clean-BPC  1679.74s] node 40 cg=2 phase=phase2 obj=237.124207 artificial=0.0 cols=2916
[clean-BPC  1682.53s] node 40 cg=2 phase=phase2 kind=heuristic best_rc=-0.0 found=0 added=0 exhausted=False cert=False
[clean-BPC  1689.30s] node 40 cg=2 phase=phase2 kind=heuristic_boost best_rc=-0.149745667 found=1 added=1 exhausted=True cert=True
[clean-BPC  1689.40s] node 40 cg=3 phase=phase2 obj=237.124207 artificial=0.0 cols=2917
[clean-BPC  1689.40s] cut_purged node=40 removed=1 by_kind={'schedule_nogood_core': 1} remaining=63
[clean-BPC  1689.50s] node 40 cg=4 phase=phase2 obj=237.124207 artificial=0.0 cols=2917
[clean-BPC  1692.25s] node 40 cg=4 phase=phase2 kind=heuristic best_rc=-0.0 found=0 added=0 exhausted=False cert=False
[clean-BPC  1699.04s] node 40 cg=4 phase=phase2 kind=heuristic_boost best_rc=-0.0 found=0 added=0 exhausted=True cert=True
[clean-BPC  1699.04s] fathom node 40: reason=bound_after_schedule_pack bound=237.124207
[clean-BPC  1699.04s] node 18 d=5 lb=235.714775 open=20
[clean-BPC  1699.11s] node 18 cg=1 phase=phase1 obj=0.0 artificial=0.0 cols=2917
[clean-BPC  1699.18s] node 18 cg=2 phase=phase2 obj=236.618533 artificial=0.0 cols=2917
[clean-BPC  1699.18s] cut_purged node=18 removed=1 by_kind={'schedule_nogood_core': 1} remaining=62
[clean-BPC  1699.24s] node 18 cg=3 phase=phase2 obj=236.618533 artificial=0.0 cols=2917
[clean-BPC  1702.22s] node 18 cg=3 phase=phase2 kind=heuristic best_rc=-0.80881 found=7 added=7 exhausted=False cert=False
[clean-BPC  1702.28s] node 18 cg=4 phase=phase2 obj=236.571754 artificial=0.0 cols=2924
[clean-BPC  1705.28s] node 18 cg=4 phase=phase2 kind=heuristic best_rc=-0.179128875 found=1 added=1 exhausted=False cert=False
[clean-BPC  1705.34s] node 18 cg=5 phase=phase2 obj=236.571754 artificial=0.0 cols=2925
[clean-BPC  1708.33s] node 18 cg=5 phase=phase2 kind=heuristic best_rc=-0.0 found=0 added=0 exhausted=False cert=False
[clean-BPC  1717.63s] node 18 cg=5 phase=phase2 kind=heuristic_boost best_rc=-3.0660395 found=88 added=88 exhausted=True cert=True
[clean-BPC  1717.71s] node 18 cg=6 phase=phase2 obj=236.571754 artificial=0.0 cols=3013
[clean-BPC  1717.71s] cut_purged node=18 removed=2 by_kind={'schedule_nogood_core': 2} remaining=60
[clean-BPC  1717.79s] node 18 cg=7 phase=phase2 obj=236.571754 artificial=0.0 cols=3013
[clean-BPC  1720.80s] node 18 cg=7 phase=phase2 kind=heuristic best_rc=-0.0 found=0 added=0 exhausted=False cert=False
[clean-BPC  1730.06s] node 18 cg=7 phase=phase2 kind=heuristic_boost best_rc=-1.854938792 found=49 added=49 exhausted=True cert=True
[clean-BPC  1730.14s] node 18 cg=8 phase=phase2 obj=236.571754 artificial=0.0 cols=3062
[clean-BPC  1733.10s] node 18 cg=8 phase=phase2 kind=heuristic best_rc=-0.0 found=0 added=0 exhausted=False cert=False
[clean-BPC  1742.25s] node 18 cg=8 phase=phase2 kind=heuristic_boost best_rc=-0.387309208 found=2 added=2 exhausted=True cert=True
[clean-BPC  1742.34s] node 18 cg=9 phase=phase2 obj=236.571754 artificial=0.0 cols=3064
[clean-BPC  1745.30s] node 18 cg=9 phase=phase2 kind=heuristic best_rc=-0.0 found=0 added=0 exhausted=False cert=False
[clean-BPC  1754.57s] node 18 cg=9 phase=phase2 kind=heuristic_boost best_rc=-0.278904688 found=2 added=2 exhausted=True cert=True
[clean-BPC  1754.65s] node 18 cg=10 phase=phase2 obj=236.571754 artificial=0.0 cols=3066
[clean-BPC  1757.65s] node 18 cg=10 phase=phase2 kind=heuristic best_rc=-0.0 found=0 added=0 exhausted=False cert=False
[clean-BPC  1767.00s] node 18 cg=10 phase=phase2 kind=heuristic_boost best_rc=-1.893073875 found=22 added=22 exhausted=True cert=True
[clean-BPC  1767.09s] node 18 cg=11 phase=phase2 obj=236.571754 artificial=0.0 cols=3088
[clean-BPC  1770.04s] node 18 cg=11 phase=phase2 kind=heuristic best_rc=0.0 found=0 added=0 exhausted=False cert=False
[clean-BPC  1779.25s] node 18 cg=11 phase=phase2 kind=heuristic_boost best_rc=-0.0 found=0 added=0 exhausted=True cert=True
[clean-BPC  1779.25s] fathom node 18: reason=bound_after_schedule_pack bound=236.571754
[clean-BPC  1779.25s] node 17 d=5 lb=235.714775 open=19
[clean-BPC  1779.35s] node 17 cg=1 phase=phase1 obj=0.0 artificial=0.0 cols=3088
[clean-BPC  1779.46s] node 17 cg=2 phase=phase2 obj=235.75369 artificial=0.0 cols=3088
[clean-BPC  1782.76s] node 17 cg=2 phase=phase2 kind=heuristic best_rc=-0.305879 found=8 added=8 exhausted=False cert=False
[clean-BPC  1782.87s] node 17 cg=3 phase=phase2 obj=235.75369 artificial=0.0 cols=3096
[clean-BPC  1786.08s] node 17 cg=3 phase=phase2 kind=heuristic best_rc=0.188626 found=0 added=0 exhausted=False cert=False
[clean-BPC  1794.75s] node 17 cg=3 phase=phase2 kind=heuristic_boost best_rc=-0.002304 found=2 added=2 exhausted=True cert=True
[clean-BPC  1794.86s] node 17 cg=4 phase=phase2 obj=235.75369 artificial=0.0 cols=3098
[clean-BPC  1798.13s] node 17 cg=4 phase=phase2 kind=heuristic best_rc=0.2406955 found=0 added=0 exhausted=False cert=False
[clean-BPC  1806.93s] node 17 cg=4 phase=phase2 kind=heuristic_boost best_rc=0.014958049 found=0 added=0 exhausted=True cert=True
[clean-BPC  1809.73s] branch node 17: left=RF(11,18)=separate right=RF(11,18)=same
[clean-BPC  1809.73s] node 41 d=10 lb=235.727885 open=20
[clean-BPC  1809.86s] node 41 cg=1 phase=phase1 obj=0.0 artificial=0.0 cols=3098
[clean-BPC  1810.00s] node 41 cg=2 phase=phase2 obj=235.700699 artificial=0.0 cols=3098
[clean-BPC  1813.43s] node 41 cg=2 phase=phase2 kind=heuristic best_rc=-0.093197 found=2 added=2 exhausted=False cert=False
[clean-BPC  1813.58s] node 41 cg=3 phase=phase2 obj=235.700699 artificial=0.0 cols=3100
[clean-BPC  1817.20s] node 41 cg=3 phase=phase2 kind=heuristic best_rc=0.303368 found=0 added=0 exhausted=False cert=False
[clean-BPC  1826.11s] node 41 cg=3 phase=phase2 kind=heuristic_boost best_rc=-0.7700722 found=20 added=20 exhausted=True cert=True
[clean-BPC  1826.25s] node 41 cg=4 phase=phase2 obj=235.700699 artificial=0.0 cols=3120
[clean-BPC  1829.80s] node 41 cg=4 phase=phase2 kind=heuristic best_rc=0.303368 found=0 added=0 exhausted=False cert=False
[clean-BPC  1838.62s] node 41 cg=4 phase=phase2 kind=heuristic_boost best_rc=0.293208 found=0 added=0 exhausted=True cert=True
[clean-BPC  1838.62s] route-pack-conflict diag node 41 source_vehicle=1 routes=5 U=4 complete=True cache_hit=True states=99 added=0
[clean-BPC  1840.06s] cut_added family=schedule_nogood_core node=41 added=1 source_vehicle=1 route_count=3 signatures=[[4, 20, 19, 13], [8, 18, 16, 9, 7], [12, 15, 10, 6, 2]]
[clean-BPC  1840.06s] node 41 d=10 lb=235.700699 open=20
[clean-BPC  1840.20s] node 41 cg=1 phase=phase1 obj=0.0 artificial=0.0 cols=3120
[clean-BPC  1840.33s] node 41 cg=2 phase=phase2 obj=235.703003 artificial=0.0 cols=3120
[clean-BPC  1843.95s] node 41 cg=2 phase=phase2 kind=heuristic best_rc=-0.0 found=0 added=0 exhausted=False cert=False
[clean-BPC  1852.48s] node 41 cg=2 phase=phase2 kind=heuristic_boost best_rc=-0.37490275 found=2 added=2 exhausted=True cert=True
[clean-BPC  1852.61s] node 41 cg=3 phase=phase2 obj=235.703003 artificial=0.0 cols=3122
[clean-BPC  1856.20s] node 41 cg=3 phase=phase2 kind=heuristic best_rc=0.303368 found=0 added=0 exhausted=False cert=False
[clean-BPC  1864.73s] node 41 cg=3 phase=phase2 kind=heuristic_boost best_rc=0.0 found=0 added=0 exhausted=True cert=True
[clean-BPC  1864.74s] route-pack-conflict diag node 41 source_vehicle=1 routes=5 U=4 complete=True cache_hit=True states=104 added=0
[clean-BPC  1866.36s] cut_added family=schedule_nogood_core node=41 added=1 source_vehicle=1 route_count=4 signatures=[[4, 20, 19, 13], [7, 16, 9, 18, 8], [1, 5, 3], [12, 15, 10, 6, 2]]
[clean-BPC  1866.36s] node 41 d=10 lb=235.703003 open=20
[clean-BPC  1866.49s] node 41 cg=1 phase=phase1 obj=0.0 artificial=0.0 cols=3122
[clean-BPC  1866.64s] node 41 cg=2 phase=phase2 obj=235.703003 artificial=0.0 cols=3122
[clean-BPC  1870.19s] node 41 cg=2 phase=phase2 kind=heuristic best_rc=0.303368 found=0 added=0 exhausted=False cert=False
[clean-BPC  1878.74s] node 41 cg=2 phase=phase2 kind=heuristic_boost best_rc=0.0 found=0 added=0 exhausted=True cert=True
[clean-BPC  1878.75s] route-pack-conflict diag node 41 source_vehicle=1 routes=5 U=4 complete=True cache_hit=True states=99 added=0
[clean-BPC  1880.18s] cut_added family=schedule_nogood_core node=41 added=1 source_vehicle=1 route_count=3 signatures=[[4, 20, 19, 13], [8, 18, 9, 16, 7], [12, 15, 10, 6, 2]]
[clean-BPC  1880.18s] node 41 d=10 lb=235.703003 open=20
[clean-BPC  1880.31s] node 41 cg=1 phase=phase1 obj=0.0 artificial=0.0 cols=3122
[clean-BPC  1880.46s] node 41 cg=2 phase=phase2 obj=235.703003 artificial=0.0 cols=3122
[clean-BPC  1884.02s] node 41 cg=2 phase=phase2 kind=heuristic best_rc=0.303368 found=0 added=0 exhausted=False cert=False
[clean-BPC  1892.57s] node 41 cg=2 phase=phase2 kind=heuristic_boost best_rc=0.0 found=0 added=0 exhausted=True cert=True
[clean-BPC  1892.58s] route-pack-conflict diag node 41 source_vehicle=1 routes=5 U=4 complete=True cache_hit=True states=104 added=0
[clean-BPC  1894.20s] cut_added family=schedule_nogood_core node=41 added=1 source_vehicle=1 route_count=4 signatures=[[4, 20, 19, 13], [7, 16, 9, 18, 8], [3, 5, 1], [12, 15, 10, 6, 2]]
[clean-BPC  1894.20s] node 41 d=10 lb=235.703003 open=20
[clean-BPC  1894.34s] node 41 cg=1 phase=phase1 obj=0.0 artificial=0.0 cols=3122
[clean-BPC  1894.49s] node 41 cg=2 phase=phase2 obj=235.768617 artificial=0.0 cols=3122
[clean-BPC  1898.12s] node 41 cg=2 phase=phase2 kind=heuristic best_rc=-0.118609786 found=2 added=2 exhausted=False cert=False
[clean-BPC  1898.27s] node 41 cg=3 phase=phase2 obj=235.768617 artificial=0.0 cols=3124
[clean-BPC  1901.90s] node 41 cg=3 phase=phase2 kind=heuristic best_rc=0.007477667 found=0 added=0 exhausted=False cert=False
[clean-BPC  1909.75s] node 41 cg=3 phase=phase2 kind=heuristic_boost best_rc=0.007477667 found=0 added=0 exhausted=True cert=True
[clean-BPC  1912.37s] branch node 41: left=RF(1,3)=separate right=RF(1,3)=same
[clean-BPC  1912.37s] node 42 d=10 lb=235.727885 open=21
[clean-BPC  1912.48s] node 42 cg=1 phase=phase1 obj=0.0 artificial=0.0 cols=3124
[clean-BPC  1912.58s] node 42 cg=2 phase=phase2 obj=238.035528 artificial=0.0 cols=3124
[clean-BPC  1915.55s] node 42 cg=2 phase=phase2 kind=heuristic best_rc=0.035084 found=0 added=0 exhausted=False cert=False
[clean-BPC  1922.99s] node 42 cg=2 phase=phase2 kind=heuristic_boost best_rc=-1.288694 found=13 added=13 exhausted=True cert=True
[clean-BPC  1923.10s] node 42 cg=3 phase=phase2 obj=238.035528 artificial=0.0 cols=3137
[clean-BPC  1926.08s] node 42 cg=3 phase=phase2 kind=heuristic best_rc=0.148074 found=0 added=0 exhausted=False cert=False
[clean-BPC  1935.24s] node 42 cg=3 phase=phase2 kind=heuristic_boost best_rc=-0.081888 found=2 added=2 exhausted=True cert=True
[clean-BPC  1935.36s] node 42 cg=4 phase=phase2 obj=238.035528 artificial=0.0 cols=3139
[clean-BPC  1938.37s] node 42 cg=4 phase=phase2 kind=heuristic best_rc=0.148074 found=0 added=0 exhausted=False cert=False
[clean-BPC  1947.46s] node 42 cg=4 phase=phase2 kind=heuristic_boost best_rc=-0.0 found=0 added=0 exhausted=True cert=True
[clean-BPC  1947.46s] fathom node 42: reason=bound_after_schedule_pack bound=238.035528
[clean-BPC  1947.46s] node 47 d=10 lb=235.736344 open=20
[clean-BPC  1947.58s] node 47 cg=1 phase=phase1 obj=0.0 artificial=0.0 cols=3139
[clean-BPC  1947.72s] node 47 cg=2 phase=phase2 obj=235.771988 artificial=0.0 cols=3139
[clean-BPC  1950.96s] node 47 cg=2 phase=phase2 kind=heuristic best_rc=0.209612 found=0 added=0 exhausted=False cert=False
[clean-BPC  1956.45s] node 47 cg=2 phase=phase2 kind=heuristic_boost best_rc=0.209612 found=0 added=0 exhausted=True cert=True
[clean-BPC  1956.46s] route-pack-conflict diag node 47 source_vehicle=1 routes=5 U=4 complete=True cache_hit=False states=104 added=0
[clean-BPC  1956.93s] cut_added family=schedule_nogood_core node=47 added=2 source_vehicle=1 route_count=3 signatures=[[13, 19, 20, 4], [1, 3, 5], [2, 6, 10, 15, 12]]
[clean-BPC  1956.93s] node 48 d=10 lb=235.736344 open=20
[clean-BPC  1957.06s] node 48 cg=1 phase=phase1 obj=0.0 artificial=0.0 cols=3139
[clean-BPC  1957.20s] node 48 cg=2 phase=phase2 obj=235.700699 artificial=0.0 cols=3139
[clean-BPC  1960.70s] node 48 cg=2 phase=phase2 kind=heuristic best_rc=-0.3625916 found=1 added=1 exhausted=False cert=False
[clean-BPC  1960.83s] node 48 cg=3 phase=phase2 obj=235.700699 artificial=0.0 cols=3140
[clean-BPC  1964.31s] node 48 cg=3 phase=phase2 kind=heuristic best_rc=0.461599 found=0 added=0 exhausted=False cert=False
[clean-BPC  1972.01s] node 48 cg=3 phase=phase2 kind=heuristic_boost best_rc=0.1511404 found=0 added=0 exhausted=True cert=True
[clean-BPC  1972.02s] route-pack-conflict diag node 48 source_vehicle=1 routes=5 U=4 complete=True cache_hit=True states=101 added=0
[clean-BPC  1972.48s] cut_added family=schedule_nogood_core node=48 added=1 source_vehicle=1 route_count=3 signatures=[[13, 19, 20, 4], [3, 5, 1], [2, 6, 10, 15, 12]]
[clean-BPC  1972.48s] node 48 d=10 lb=235.700699 open=20
[clean-BPC  1972.60s] node 48 cg=1 phase=phase1 obj=0.0 artificial=0.0 cols=3140
[clean-BPC  1972.75s] node 48 cg=2 phase=phase2 obj=235.700699 artificial=0.0 cols=3140
[clean-BPC  1976.26s] node 48 cg=2 phase=phase2 kind=heuristic best_rc=0.461599 found=0 added=0 exhausted=False cert=False
[clean-BPC  1984.01s] node 48 cg=2 phase=phase2 kind=heuristic_boost best_rc=0.1511404 found=0 added=0 exhausted=True cert=True
[clean-BPC  1984.02s] route-pack-conflict diag node 48 source_vehicle=1 routes=5 U=4 complete=True cache_hit=True states=92 added=0
[clean-BPC  1984.49s] cut_added family=schedule_nogood_core node=48 added=1 source_vehicle=1 route_count=3 signatures=[[13, 19, 20, 4], [3, 5, 1], [12, 15, 10, 6, 2]]
[clean-BPC  1984.49s] node 48 d=10 lb=235.700699 open=20
[clean-BPC  1984.61s] node 48 cg=1 phase=phase1 obj=0.0 artificial=0.0 cols=3140
[clean-BPC  1984.75s] node 48 cg=2 phase=phase2 obj=235.844283 artificial=0.0 cols=3140
[clean-BPC  1984.75s] cut_purged node=48 removed=4 by_kind={'schedule_nogood_core': 4} remaining=64
[clean-BPC  1984.89s] node 48 cg=3 phase=phase2 obj=235.844283 artificial=0.0 cols=3140
[clean-BPC  1988.28s] node 48 cg=3 phase=phase2 kind=heuristic best_rc=-0.123528 found=2 added=2 exhausted=False cert=False
[clean-BPC  1988.42s] node 48 cg=4 phase=phase2 obj=235.844283 artificial=0.0 cols=3142
[clean-BPC  1991.86s] node 48 cg=4 phase=phase2 kind=heuristic best_rc=0.123528 found=0 added=0 exhausted=False cert=False
[clean-BPC  1997.56s] node 48 cg=4 phase=phase2 kind=heuristic_boost best_rc=0.123528 found=0 added=0 exhausted=True cert=True
[clean-BPC  2002.16s] branch node 48: left=arc(6,5)=off right=arc(6,5)=on
[clean-BPC  2002.16s] node 50 d=6 lb=235.75369 open=21
[clean-BPC  2002.24s] node 50 cg=1 phase=phase1 obj=0.0 artificial=0.0 cols=3142
[clean-BPC  2002.31s] node 50 cg=2 phase=phase2 obj=236.259158 artificial=0.0 cols=3142
[clean-BPC  2005.15s] node 50 cg=2 phase=phase2 kind=heuristic best_rc=-3.082585333 found=46 added=46 exhausted=False cert=False
[clean-BPC  2005.21s] node 50 cg=3 phase=phase2 obj=236.259158 artificial=0.0 cols=3188
[clean-BPC  2008.03s] node 50 cg=3 phase=phase2 kind=heuristic best_rc=-0.0811675 found=2 added=2 exhausted=False cert=False
[clean-BPC  2008.09s] node 50 cg=4 phase=phase2 obj=236.259158 artificial=0.0 cols=3190
[clean-BPC  2010.91s] node 50 cg=4 phase=phase2 kind=heuristic best_rc=0.0 found=0 added=0 exhausted=False cert=False
[clean-BPC  2016.21s] node 50 cg=4 phase=phase2 kind=heuristic_boost best_rc=-2.120431 found=27 added=27 exhausted=True cert=True
[clean-BPC  2016.28s] node 50 cg=5 phase=phase2 obj=236.259158 artificial=0.0 cols=3217
[clean-BPC  2016.28s] cut_purged node=50 removed=1 by_kind={'schedule_nogood_core': 1} remaining=63
[clean-BPC  2016.36s] node 50 cg=6 phase=phase2 obj=236.259158 artificial=0.0 cols=3217
[clean-BPC  2019.17s] node 50 cg=6 phase=phase2 kind=heuristic best_rc=-0.0 found=0 added=0 exhausted=False cert=False
[clean-BPC  2024.44s] node 50 cg=6 phase=phase2 kind=heuristic_boost best_rc=-0.0 found=0 added=0 exhausted=True cert=True
[clean-BPC  2024.45s] fathom node 50: reason=bound_after_schedule_pack bound=236.259158
[clean-BPC  2024.45s] node 49 d=6 lb=235.75369 open=20
[clean-BPC  2024.55s] node 49 cg=1 phase=phase1 obj=0.0 artificial=0.0 cols=3217
[clean-BPC  2024.67s] node 49 cg=2 phase=phase2 obj=235.937245 artificial=0.0 cols=3217
[clean-BPC  2027.57s] node 49 cg=2 phase=phase2 kind=heuristic best_rc=0.177009 found=0 added=0 exhausted=False cert=False
[clean-BPC  2032.79s] node 49 cg=2 phase=phase2 kind=heuristic_boost best_rc=-0.619624 found=9 added=9 exhausted=True cert=True
[clean-BPC  2032.90s] node 49 cg=3 phase=phase2 obj=235.937245 artificial=0.0 cols=3226
[clean-BPC  2035.81s] node 49 cg=3 phase=phase2 kind=heuristic best_rc=0.177009 found=0 added=0 exhausted=False cert=False
[clean-BPC  2041.03s] node 49 cg=3 phase=phase2 kind=heuristic_boost best_rc=-0.0 found=0 added=0 exhausted=True cert=True
[clean-BPC  2041.04s] route-pack-conflict diag node 49 source_vehicle=1 routes=5 U=4 complete=True cache_hit=False states=99 added=0
[clean-BPC  2041.73s] cut_added family=schedule_nogood_core node=49 added=2 source_vehicle=1 route_count=3 signatures=[[14, 17, 2], [1, 13, 12, 15, 10, 6], [4, 5, 3]]
[clean-BPC  2041.73s] node 45 d=10 lb=235.767235 open=20
[clean-BPC  2041.89s] node 45 cg=1 phase=phase1 obj=0.0 artificial=0.0 cols=3226
[clean-BPC  2042.03s] node 45 cg=2 phase=phase2 obj=235.700699 artificial=0.0 cols=3226
[clean-BPC  2042.03s] cut_purged node=45 removed=2 by_kind={'schedule_nogood_core': 2} remaining=63
[clean-BPC  2042.19s] node 45 cg=3 phase=phase2 obj=235.700699 artificial=0.0 cols=3226
[clean-BPC  2045.91s] node 45 cg=3 phase=phase2 kind=heuristic best_rc=0.121777 found=0 added=0 exhausted=False cert=False
[clean-BPC  2054.70s] node 45 cg=3 phase=phase2 kind=heuristic_boost best_rc=0.121777 found=0 added=0 exhausted=True cert=True
[clean-BPC  2054.70s] route-pack-conflict diag node 45 source_vehicle=1 routes=5 U=4 complete=True cache_hit=True states=110 added=0
[clean-BPC  2056.15s] cut_added family=schedule_nogood_core node=45 added=1 source_vehicle=1 route_count=3 signatures=[[4, 20, 19, 13], [7, 9, 16, 18, 8], [2, 6, 10, 15, 12]]
[clean-BPC  2056.15s] node 45 d=10 lb=235.700699 open=20
[clean-BPC  2056.30s] node 45 cg=1 phase=phase1 obj=0.0 artificial=0.0 cols=3226
[clean-BPC  2056.45s] node 45 cg=2 phase=phase2 obj=235.700699 artificial=0.0 cols=3226
[clean-BPC  2060.22s] node 45 cg=2 phase=phase2 kind=heuristic best_rc=0.14591025 found=0 added=0 exhausted=False cert=False
[clean-BPC  2069.06s] node 45 cg=2 phase=phase2 kind=heuristic_boost best_rc=0.14591025 found=0 added=0 exhausted=True cert=True
[clean-BPC  2069.07s] route-pack-conflict diag node 45 source_vehicle=1 routes=5 U=4 complete=True cache_hit=True states=108 added=0
[clean-BPC  2070.54s] cut_added family=schedule_nogood_core node=45 added=1 source_vehicle=1 route_count=3 signatures=[[4, 20, 19, 13], [8, 18, 16, 9, 7], [2, 6, 10, 15, 12]]
[clean-BPC  2070.54s] node 45 d=10 lb=235.700699 open=20
[clean-BPC  2070.69s] node 45 cg=1 phase=phase1 obj=0.0 artificial=0.0 cols=3226
[clean-BPC  2070.83s] node 45 cg=2 phase=phase2 obj=235.703003 artificial=0.0 cols=3226
[clean-BPC  2074.63s] node 45 cg=2 phase=phase2 kind=heuristic best_rc=0.14591025 found=0 added=0 exhausted=False cert=False
[clean-BPC  2083.61s] node 45 cg=2 phase=phase2 kind=heuristic_boost best_rc=0.14591025 found=0 added=0 exhausted=True cert=True
[clean-BPC  2083.62s] route-pack-conflict diag node 45 source_vehicle=1 routes=5 U=4 complete=True cache_hit=True states=108 added=0
[clean-BPC  2085.05s] cut_added family=schedule_nogood_core node=45 added=1 source_vehicle=1 route_count=3 signatures=[[4, 20, 19, 13], [8, 18, 9, 16, 7], [2, 6, 10, 15, 12]]
[clean-BPC  2085.05s] node 45 d=10 lb=235.703003 open=20
[clean-BPC  2085.20s] node 45 cg=1 phase=phase1 obj=0.0 artificial=0.0 cols=3226
[clean-BPC  2085.35s] node 45 cg=2 phase=phase2 obj=235.778838 artificial=0.0 cols=3226
[clean-BPC  2089.14s] node 45 cg=2 phase=phase2 kind=heuristic best_rc=0.2356804 found=0 added=0 exhausted=False cert=False
[clean-BPC  2097.97s] node 45 cg=2 phase=phase2 kind=heuristic_boost best_rc=0.2356804 found=0 added=0 exhausted=True cert=True
[clean-BPC  2102.67s] branch node 45: left=RF(5,8)=separate right=RF(5,8)=same
[clean-BPC  2102.67s] node 46 d=10 lb=235.767235 open=21
[clean-BPC  2102.77s] node 46 cg=1 phase=phase1 obj=0.0 artificial=0.0 cols=3226
[clean-BPC  2102.89s] node 46 cg=2 phase=phase2 obj=241.201517 artificial=0.0 cols=3226
[clean-BPC  2105.49s] node 46 cg=2 phase=phase2 kind=heuristic best_rc=-5.8159605 found=22 added=22 exhausted=False cert=False
[clean-BPC  2105.60s] node 46 cg=3 phase=phase2 obj=238.04082 artificial=0.0 cols=3248
[clean-BPC  2108.62s] node 46 cg=3 phase=phase2 kind=heuristic best_rc=0.0 found=0 added=0 exhausted=False cert=False
[clean-BPC  2115.32s] node 46 cg=3 phase=phase2 kind=heuristic_boost best_rc=-0.244975 found=2 added=2 exhausted=True cert=True
[clean-BPC  2115.43s] node 46 cg=4 phase=phase2 obj=238.04082 artificial=0.0 cols=3250
[clean-BPC  2115.43s] cut_purged node=46 removed=1 by_kind={'schedule_nogood_core': 1} remaining=65
[clean-BPC  2115.55s] node 46 cg=5 phase=phase2 obj=238.04082 artificial=0.0 cols=3250
[clean-BPC  2118.61s] node 46 cg=5 phase=phase2 kind=heuristic best_rc=0.0 found=0 added=0 exhausted=False cert=False
[clean-BPC  2125.53s] node 46 cg=5 phase=phase2 kind=heuristic_boost best_rc=0.0 found=0 added=0 exhausted=True cert=True
[clean-BPC  2125.53s] fathom node 46: reason=bound_after_schedule_pack bound=238.04082
[clean-BPC  2125.53s] node 52 d=11 lb=235.768617 open=20
[clean-BPC  2125.61s] node 52 cg=1 phase=phase1 obj=0.0 artificial=0.0 cols=3250
[clean-BPC  2125.68s] node 52 cg=2 phase=phase2 obj=235.700699 artificial=0.0 cols=3250
[clean-BPC  2128.77s] node 52 cg=2 phase=phase2 kind=heuristic best_rc=-0.0 found=0 added=0 exhausted=False cert=False
[clean-BPC  2135.13s] node 52 cg=2 phase=phase2 kind=heuristic_boost best_rc=-0.0 found=0 added=0 exhausted=True cert=True
[clean-BPC  2135.13s] route-pack-conflict diag node 52 source_vehicle=1 routes=5 U=4 complete=True cache_hit=True states=99 added=0
[clean-BPC  2136.58s] cut_added family=schedule_nogood_core node=52 added=1 source_vehicle=1 route_count=3 signatures=[[4, 20, 19, 13], [8, 18, 16, 9, 7], [12, 15, 10, 6, 2]]
[clean-BPC  2136.58s] node 52 d=11 lb=235.700699 open=20
[clean-BPC  2136.66s] node 52 cg=1 phase=phase1 obj=0.0 artificial=0.0 cols=3250
[clean-BPC  2136.73s] node 52 cg=2 phase=phase2 obj=235.703003 artificial=0.0 cols=3250
[clean-BPC  2139.93s] node 52 cg=2 phase=phase2 kind=heuristic best_rc=0.0 found=0 added=0 exhausted=False cert=False
[clean-BPC  2146.53s] node 52 cg=2 phase=phase2 kind=heuristic_boost best_rc=0.0 found=0 added=0 exhausted=True cert=True
[clean-BPC  2146.53s] route-pack-conflict diag node 52 source_vehicle=1 routes=5 U=4 complete=True cache_hit=True states=104 added=0
[clean-BPC  2148.16s] cut_added family=schedule_nogood_core node=52 added=1 source_vehicle=1 route_count=4 signatures=[[4, 20, 19, 13], [7, 16, 9, 18, 8], [1, 5, 3], [12, 15, 10, 6, 2]]
[clean-BPC  2148.16s] node 52 d=11 lb=235.703003 open=20
[clean-BPC  2148.23s] node 52 cg=1 phase=phase1 obj=0.0 artificial=0.0 cols=3250
[clean-BPC  2148.30s] node 52 cg=2 phase=phase2 obj=235.703003 artificial=0.0 cols=3250
[clean-BPC  2151.50s] node 52 cg=2 phase=phase2 kind=heuristic best_rc=-0.022694 found=2 added=2 exhausted=False cert=False
[clean-BPC  2151.58s] node 52 cg=3 phase=phase2 obj=235.703003 artificial=0.0 cols=3252
[clean-BPC  2151.58s] cut_purged node=52 removed=1 by_kind={'schedule_nogood_core': 1} remaining=66
[clean-BPC  2151.66s] node 52 cg=4 phase=phase2 obj=235.703003 artificial=0.0 cols=3252
[clean-BPC  2154.88s] node 52 cg=4 phase=phase2 kind=heuristic best_rc=0.0 found=0 added=0 exhausted=False cert=False
[clean-BPC  2161.53s] node 52 cg=4 phase=phase2 kind=heuristic_boost best_rc=0.0 found=0 added=0 exhausted=True cert=True
[clean-BPC  2161.53s] route-pack-conflict diag node 52 source_vehicle=1 routes=5 U=4 complete=True cache_hit=True states=99 added=0
[clean-BPC  2162.99s] cut_added family=schedule_nogood_core node=52 added=1 source_vehicle=1 route_count=3 signatures=[[4, 20, 19, 13], [8, 18, 9, 16, 7], [12, 15, 10, 6, 2]]
[clean-BPC  2162.99s] node 52 d=11 lb=235.703003 open=20
[clean-BPC  2163.06s] node 52 cg=1 phase=phase1 obj=0.0 artificial=0.0 cols=3252
[clean-BPC  2163.13s] node 52 cg=2 phase=phase2 obj=235.703003 artificial=0.0 cols=3252
[clean-BPC  2166.34s] node 52 cg=2 phase=phase2 kind=heuristic best_rc=0.0 found=0 added=0 exhausted=False cert=False
[clean-BPC  2172.92s] node 52 cg=2 phase=phase2 kind=heuristic_boost best_rc=0.0 found=0 added=0 exhausted=True cert=True
[clean-BPC  2172.93s] route-pack-conflict diag node 52 source_vehicle=1 routes=5 U=4 complete=True cache_hit=True states=104 added=0
[clean-BPC  2174.53s] cut_added family=schedule_nogood_core node=52 added=1 source_vehicle=1 route_count=4 signatures=[[4, 20, 19, 13], [7, 16, 9, 18, 8], [3, 5, 1], [12, 15, 10, 6, 2]]
[clean-BPC  2174.53s] node 52 d=11 lb=235.703003 open=20
[clean-BPC  2174.61s] node 52 cg=1 phase=phase1 obj=0.0 artificial=0.0 cols=3252
[clean-BPC  2174.68s] node 52 cg=2 phase=phase2 obj=235.774292 artificial=0.0 cols=3252
[clean-BPC  2177.95s] node 52 cg=2 phase=phase2 kind=heuristic best_rc=0.0 found=0 added=0 exhausted=False cert=False
[clean-BPC  2184.66s] node 52 cg=2 phase=phase2 kind=heuristic_boost best_rc=0.0 found=0 added=0 exhausted=True cert=True
[clean-BPC  2184.68s] route-pack-conflict diag node 52 source_vehicle=1 routes=5 U=4 complete=True cache_hit=False states=104 added=0
[clean-BPC  2186.32s] cut_added family=schedule_nogood_core node=52 added=2 source_vehicle=1 route_count=4 signatures=[[4, 20, 19, 13], [7, 16, 9, 18, 8], [1, 3, 5], [12, 15, 10, 6, 2]]
[clean-BPC  2186.32s] node 51 d=11 lb=235.768617 open=20
[clean-BPC  2186.44s] node 51 cg=1 phase=phase1 obj=0.0 artificial=0.0 cols=3252
[clean-BPC  2186.59s] node 51 cg=2 phase=phase2 obj=236.162298 artificial=0.0 cols=3252
[clean-BPC  2189.90s] node 51 cg=2 phase=phase2 kind=heuristic best_rc=-0.150111417 found=6 added=6 exhausted=False cert=False
[clean-BPC  2190.04s] node 51 cg=3 phase=phase2 obj=236.162298 artificial=0.0 cols=3258
[clean-BPC  2193.54s] node 51 cg=3 phase=phase2 kind=heuristic best_rc=-0.456750333 found=4 added=4 exhausted=False cert=False
[clean-BPC  2193.68s] node 51 cg=4 phase=phase2 obj=236.162298 artificial=0.0 cols=3262
[clean-BPC  2196.99s] node 51 cg=4 phase=phase2 kind=heuristic best_rc=0.177009 found=0 added=0 exhausted=False cert=False
[clean-BPC  2204.09s] node 51 cg=4 phase=phase2 kind=heuristic_boost best_rc=-0.057442 found=1 added=1 exhausted=True cert=True
[clean-BPC  2204.24s] node 51 cg=5 phase=phase2 obj=236.162298 artificial=0.0 cols=3263
[clean-BPC  2207.75s] node 51 cg=5 phase=phase2 kind=heuristic best_rc=0.102515 found=0 added=0 exhausted=False cert=False
[clean-BPC  2215.55s] node 51 cg=5 phase=phase2 kind=heuristic_boost best_rc=-0.593947375 found=2 added=2 exhausted=True cert=True
[clean-BPC  2215.69s] node 51 cg=6 phase=phase2 obj=236.162298 artificial=0.0 cols=3265
[clean-BPC  2219.21s] node 51 cg=6 phase=phase2 kind=heuristic best_rc=0.303368 found=0 added=0 exhausted=False cert=False
[clean-BPC  2227.17s] node 51 cg=6 phase=phase2 kind=heuristic_boost best_rc=0.303368 found=0 added=0 exhausted=True cert=True
[clean-BPC  2227.17s] fathom node 51: reason=bound_after_schedule_pack bound=236.162298
[clean-BPC  2227.17s] node 47 d=10 lb=235.771988 open=19
[clean-BPC  2227.32s] node 47 cg=1 phase=phase1 obj=0.0 artificial=0.0 cols=3265
[clean-BPC  2227.46s] node 47 cg=2 phase=phase2 obj=235.771988 artificial=0.0 cols=3265
[clean-BPC  2227.46s] cut_purged node=47 removed=1 by_kind={'schedule_nogood_core': 1} remaining=69
[clean-BPC  2227.61s] node 47 cg=3 phase=phase2 obj=235.771988 artificial=0.0 cols=3265
[clean-BPC  2231.12s] node 47 cg=3 phase=phase2 kind=heuristic best_rc=0.196526 found=0 added=0 exhausted=False cert=False
[clean-BPC  2238.75s] node 47 cg=3 phase=phase2 kind=heuristic_boost best_rc=0.196526 found=0 added=0 exhausted=True cert=True
[clean-BPC  2238.76s] route-pack-conflict diag node 47 source_vehicle=1 routes=5 U=4 complete=True cache_hit=True states=104 added=0
[clean-BPC  2239.23s] cut_added family=schedule_nogood_core node=47 added=1 source_vehicle=1 route_count=3 signatures=[[13, 19, 20, 4], [1, 3, 5], [2, 6, 10, 15, 12]]
[clean-BPC  2239.23s] node 36 d=9 lb=235.771988 open=19
[clean-BPC  2239.38s] node 36 cg=1 phase=phase1 obj=0.0 artificial=0.0 cols=3265
[clean-BPC  2239.56s] node 36 cg=2 phase=phase2 obj=235.700699 artificial=0.0 cols=3265
[clean-BPC  2239.56s] cut_purged node=36 removed=2 by_kind={'schedule_nogood_core': 2} remaining=68
[clean-BPC  2239.72s] node 36 cg=3 phase=phase2 obj=235.700699 artificial=0.0 cols=3265
[clean-BPC  2243.36s] node 36 cg=3 phase=phase2 kind=heuristic best_rc=0.059127667 found=0 added=0 exhausted=False cert=False
[clean-BPC  2251.61s] node 36 cg=3 phase=phase2 kind=heuristic_boost best_rc=-1.372666 found=6 added=6 exhausted=True cert=True
[clean-BPC  2251.78s] node 36 cg=4 phase=phase2 obj=235.700699 artificial=0.0 cols=3271
[clean-BPC  2255.48s] node 36 cg=4 phase=phase2 kind=heuristic best_rc=0.184114 found=0 added=0 exhausted=False cert=False
[clean-BPC  2264.11s] node 36 cg=4 phase=phase2 kind=heuristic_boost best_rc=-0.0 found=0 added=0 exhausted=True cert=True
[clean-BPC  2264.12s] route-pack-conflict diag node 36 source_vehicle=1 routes=5 U=4 complete=True cache_hit=True states=104 added=0
[clean-BPC  2265.78s] cut_added family=schedule_nogood_core node=36 added=1 source_vehicle=1 route_count=4 signatures=[[4, 20, 19, 13], [7, 9, 16, 18, 8], [1, 5, 3], [12, 15, 10, 6, 2]]
[clean-BPC  2265.78s] node 36 d=9 lb=235.700699 open=19
[clean-BPC  2265.93s] node 36 cg=1 phase=phase1 obj=0.0 artificial=0.0 cols=3271
[clean-BPC  2266.11s] node 36 cg=2 phase=phase2 obj=235.700699 artificial=0.0 cols=3271
[clean-BPC  2269.83s] node 36 cg=2 phase=phase2 kind=heuristic best_rc=0.184114 found=0 added=0 exhausted=False cert=False
[clean-BPC  2277.93s] node 36 cg=2 phase=phase2 kind=heuristic_boost best_rc=-0.332705333 found=6 added=6 exhausted=True cert=True
[clean-BPC  2278.11s] node 36 cg=3 phase=phase2 obj=235.700699 artificial=0.0 cols=3277
[clean-BPC  2281.87s] node 36 cg=3 phase=phase2 kind=heuristic best_rc=0.149297 found=0 added=0 exhausted=False cert=False
[clean-BPC  2290.65s] node 36 cg=3 phase=phase2 kind=heuristic_boost best_rc=0.0 found=0 added=0 exhausted=True cert=True
[clean-BPC  2290.66s] route-pack-conflict diag node 36 source_vehicle=1 routes=5 U=4 complete=True cache_hit=True states=104 added=0
[clean-BPC  2292.28s] cut_added family=schedule_nogood_core node=36 added=1 source_vehicle=1 route_count=4 signatures=[[4, 20, 19, 13], [7, 9, 16, 18, 8], [3, 5, 1], [12, 15, 10, 6, 2]]
[clean-BPC  2292.28s] node 36 d=9 lb=235.700699 open=19
[clean-BPC  2292.45s] node 36 cg=1 phase=phase1 obj=0.0 artificial=0.0 cols=3277
[clean-BPC  2292.62s] node 36 cg=2 phase=phase2 obj=235.771988 artificial=0.0 cols=3277
[clean-BPC  2292.62s] cut_purged node=36 removed=1 by_kind={'schedule_nogood_core': 1} remaining=69
[clean-BPC  2292.79s] node 36 cg=3 phase=phase2 obj=235.771988 artificial=0.0 cols=3277
[clean-BPC  2296.54s] node 36 cg=3 phase=phase2 kind=heuristic best_rc=0.1140785 found=0 added=0 exhausted=False cert=False
[clean-BPC  2305.25s] node 36 cg=3 phase=phase2 kind=heuristic_boost best_rc=0.033191 found=0 added=0 exhausted=True cert=True
[clean-BPC  2305.26s] route-pack-conflict diag node 36 source_vehicle=1 routes=5 U=4 complete=True cache_hit=False states=104 added=0
[clean-BPC  2306.94s] cut_added family=schedule_nogood_core node=36 added=1 source_vehicle=1 route_count=4 signatures=[[4, 20, 19, 13], [7, 9, 16, 18, 8], [1, 3, 5], [12, 15, 10, 6, 2]]
[clean-BPC  2306.94s] node 47 d=10 lb=235.771988 open=19
[clean-BPC  2307.08s] node 47 cg=1 phase=phase1 obj=0.0 artificial=0.0 cols=3277
[clean-BPC  2307.24s] node 47 cg=2 phase=phase2 obj=235.771988 artificial=0.0 cols=3277
[clean-BPC  2310.86s] node 47 cg=2 phase=phase2 kind=heuristic best_rc=0.219032 found=0 added=0 exhausted=False cert=False
[clean-BPC  2318.77s] node 47 cg=2 phase=phase2 kind=heuristic_boost best_rc=0.0 found=0 added=0 exhausted=True cert=True
[clean-BPC  2318.78s] route-pack-conflict diag node 47 source_vehicle=1 routes=5 U=4 complete=True cache_hit=False states=90 added=0
[clean-BPC  2319.25s] cut_added family=schedule_nogood_core node=47 added=2 source_vehicle=1 route_count=3 signatures=[[13, 19, 20, 4], [1, 3, 5], [12, 15, 10, 6, 2]]
[clean-BPC  2319.25s] node 47 d=10 lb=235.771988 open=19
[clean-BPC  2319.39s] node 47 cg=1 phase=phase1 obj=0.0 artificial=0.0 cols=3277
[clean-BPC  2319.55s] node 47 cg=2 phase=phase2 obj=235.771988 artificial=0.0 cols=3277
[clean-BPC  2323.21s] node 47 cg=2 phase=phase2 kind=heuristic best_rc=0.0239595 found=0 added=0 exhausted=False cert=False
[clean-BPC  2331.09s] node 47 cg=2 phase=phase2 kind=heuristic_boost best_rc=0.0239595 found=0 added=0 exhausted=True cert=True
[clean-BPC  2331.10s] route-pack-conflict diag node 47 source_vehicle=1 routes=5 U=4 complete=True cache_hit=False states=98 added=0
[clean-BPC  2331.57s] cut_added family=schedule_nogood_core node=47 added=2 source_vehicle=1 route_count=3 signatures=[[13, 19, 20, 4], [5, 3, 1], [2, 6, 10, 15, 12]]
[clean-BPC  2331.57s] node 47 d=10 lb=235.771988 open=19
[clean-BPC  2331.73s] node 47 cg=1 phase=phase1 obj=0.0 artificial=0.0 cols=3277
[clean-BPC  2331.87s] node 47 cg=2 phase=phase2 obj=235.771988 artificial=0.0 cols=3277
[clean-BPC  2335.54s] node 47 cg=2 phase=phase2 kind=heuristic best_rc=0.0239595 found=0 added=0 exhausted=False cert=False
[clean-BPC  2343.48s] node 47 cg=2 phase=phase2 kind=heuristic_boost best_rc=0.0239595 found=0 added=0 exhausted=True cert=True
[clean-BPC  2346.91s] branch node 47: left=arc(1,3)=off right=arc(1,3)=on
[clean-BPC  2346.91s] node 36 d=9 lb=235.771988 open=20
[clean-BPC  2347.09s] node 36 cg=1 phase=phase1 obj=0.0 artificial=0.0 cols=3277
[clean-BPC  2347.26s] node 36 cg=2 phase=phase2 obj=235.771988 artificial=0.0 cols=3277
[clean-BPC  2347.26s] cut_purged node=36 removed=1 by_kind={'schedule_nogood_core': 1} remaining=73
[clean-BPC  2347.45s] node 36 cg=3 phase=phase2 obj=235.771988 artificial=0.0 cols=3277
[clean-BPC  2351.28s] node 36 cg=3 phase=phase2 kind=heuristic best_rc=0.184114 found=0 added=0 exhausted=False cert=False
[clean-BPC  2360.18s] node 36 cg=3 phase=phase2 kind=heuristic_boost best_rc=0.0 found=0 added=0 exhausted=True cert=True
[clean-BPC  2360.20s] route-pack-conflict diag node 36 source_vehicle=1 routes=5 U=4 complete=True cache_hit=False states=101 added=0
[clean-BPC  2361.83s] cut_added family=schedule_nogood_core node=36 added=2 source_vehicle=1 route_count=4 signatures=[[4, 20, 19, 13], [7, 9, 16, 18, 8], [5, 3, 1], [12, 15, 10, 6, 2]]
[clean-BPC  2361.83s] node 36 d=9 lb=235.771988 open=20
[clean-BPC  2362.00s] node 36 cg=1 phase=phase1 obj=0.0 artificial=0.0 cols=3277
[clean-BPC  2362.17s] node 36 cg=2 phase=phase2 obj=235.80721 artificial=0.0 cols=3277
[clean-BPC  2366.10s] node 36 cg=2 phase=phase2 kind=heuristic best_rc=0.0 found=0 added=0 exhausted=False cert=False
[clean-BPC  2375.01s] node 36 cg=2 phase=phase2 kind=heuristic_boost best_rc=-0.339872174 found=2 added=2 exhausted=True cert=True
[clean-BPC  2375.18s] node 36 cg=3 phase=phase2 obj=235.80721 artificial=0.0 cols=3279
[clean-BPC  2379.09s] node 36 cg=3 phase=phase2 kind=heuristic best_rc=0.234887283 found=0 added=0 exhausted=False cert=False
[clean-BPC  2388.10s] node 36 cg=3 phase=phase2 kind=heuristic_boost best_rc=0.209627254 found=0 added=0 exhausted=True cert=True
[clean-BPC  2393.05s] branch node 36: left=RF(5,17)=separate right=RF(5,17)=same
[clean-BPC  2393.05s] node 57 d=11 lb=235.771988 open=21
[clean-BPC  2393.20s] node 57 cg=1 phase=phase1 obj=0.0 artificial=0.0 cols=3279
[clean-BPC  2393.34s] node 57 cg=2 phase=phase2 obj=235.771988 artificial=0.0 cols=3279
[clean-BPC  2397.04s] node 57 cg=2 phase=phase2 kind=heuristic best_rc=0.28533 found=0 added=0 exhausted=False cert=False
[clean-BPC  2405.49s] node 57 cg=2 phase=phase2 kind=heuristic_boost best_rc=0.132003667 found=0 added=0 exhausted=True cert=True
[clean-BPC  2405.50s] route-pack-conflict diag node 57 source_vehicle=1 routes=5 U=4 complete=True cache_hit=False states=88 added=0
[clean-BPC  2405.97s] cut_added family=schedule_nogood_core node=57 added=2 source_vehicle=1 route_count=3 signatures=[[13, 19, 20, 4], [5, 3, 1], [12, 15, 10, 6, 2]]
[clean-BPC  2405.97s] node 57 d=11 lb=235.771988 open=21
[clean-BPC  2406.10s] node 57 cg=1 phase=phase1 obj=0.0 artificial=0.0 cols=3279
[clean-BPC  2406.25s] node 57 cg=2 phase=phase2 obj=235.82638 artificial=0.0 cols=3279
[clean-BPC  2410.04s] node 57 cg=2 phase=phase2 kind=heuristic best_rc=0.0217075 found=0 added=0 exhausted=False cert=False
[clean-BPC  2419.32s] node 57 cg=2 phase=phase2 kind=heuristic_boost best_rc=-0.096062143 found=1 added=1 exhausted=True cert=True
[clean-BPC  2419.47s] node 57 cg=3 phase=phase2 obj=235.82638 artificial=0.0 cols=3280
[clean-BPC  2423.23s] node 57 cg=3 phase=phase2 kind=heuristic best_rc=0.0217075 found=0 added=0 exhausted=False cert=False
[clean-BPC  2431.83s] node 57 cg=3 phase=phase2 kind=heuristic_boost best_rc=0.0 found=0 added=0 exhausted=True cert=True
[clean-BPC  2435.88s] branch node 57: left=RF(7,11)=separate right=RF(7,11)=same
[clean-BPC  2435.88s] node 58 d=11 lb=235.771988 open=22
[clean-BPC  2436.02s] node 58 cg=1 phase=phase1 obj=0.0 artificial=0.0 cols=3280
[clean-BPC  2436.19s] node 58 cg=2 phase=phase2 obj=235.982412 artificial=0.0 cols=3280
[clean-BPC  2439.98s] node 58 cg=2 phase=phase2 kind=heuristic best_rc=-0.2640845 found=2 added=2 exhausted=False cert=False
[clean-BPC  2440.13s] node 58 cg=3 phase=phase2 obj=235.982412 artificial=0.0 cols=3282
[clean-BPC  2444.07s] node 58 cg=3 phase=phase2 kind=heuristic best_rc=-1.045550007 found=4 added=4 exhausted=False cert=False
[clean-BPC  2444.23s] node 58 cg=4 phase=phase2 obj=235.982412 artificial=0.0 cols=3286
[clean-BPC  2444.23s] cut_purged node=58 removed=2 by_kind={'schedule_nogood_core': 2} remaining=75
[clean-BPC  2444.38s] node 58 cg=5 phase=phase2 obj=235.982412 artificial=0.0 cols=3286
[clean-BPC  2448.17s] node 58 cg=5 phase=phase2 kind=heuristic best_rc=0.101855 found=0 added=0 exhausted=False cert=False
[clean-BPC  2457.27s] node 58 cg=5 phase=phase2 kind=heuristic_boost best_rc=0.0196325 found=0 added=0 exhausted=True cert=True
[clean-BPC  2457.27s] fathom node 58: reason=bound_after_schedule_pack bound=235.982412
[clean-BPC  2457.27s] node 52 d=11 lb=235.774292 open=21
[clean-BPC  2457.37s] node 52 cg=1 phase=phase1 obj=0.0 artificial=0.0 cols=3286
[clean-BPC  2457.45s] node 52 cg=2 phase=phase2 obj=235.700699 artificial=0.0 cols=3286
[clean-BPC  2457.45s] cut_purged node=52 removed=2 by_kind={'schedule_nogood_core': 2} remaining=73
[clean-BPC  2457.53s] node 52 cg=3 phase=phase2 obj=235.700699 artificial=0.0 cols=3286
[clean-BPC  2457.53s] cut_purged node=52 removed=1 by_kind={'schedule_nogood_core': 1} remaining=72
[clean-BPC  2457.61s] node 52 cg=4 phase=phase2 obj=235.700699 artificial=0.0 cols=3286
[clean-BPC  2460.77s] node 52 cg=4 phase=phase2 kind=heuristic best_rc=0.0 found=0 added=0 exhausted=False cert=False
[clean-BPC  2467.26s] node 52 cg=4 phase=phase2 kind=heuristic_boost best_rc=-0.0 found=0 added=0 exhausted=True cert=True
[clean-BPC  2467.27s] route-pack-conflict diag node 52 source_vehicle=1 routes=5 U=4 complete=True cache_hit=True states=99 added=0
[clean-BPC  2468.73s] cut_added family=schedule_nogood_core node=52 added=1 source_vehicle=1 route_count=3 signatures=[[4, 20, 19, 13], [8, 18, 16, 9, 7], [12, 15, 10, 6, 2]]
[clean-BPC  2468.73s] node 52 d=11 lb=235.700699 open=21
[clean-BPC  2468.81s] node 52 cg=1 phase=phase1 obj=0.0 artificial=0.0 cols=3286
[clean-BPC  2468.90s] node 52 cg=2 phase=phase2 obj=235.703003 artificial=0.0 cols=3286
[clean-BPC  2468.90s] cut_purged node=52 removed=2 by_kind={'schedule_nogood_core': 2} remaining=71
[clean-BPC  2468.97s] node 52 cg=3 phase=phase2 obj=235.703003 artificial=0.0 cols=3286
[clean-BPC  2472.18s] node 52 cg=3 phase=phase2 kind=heuristic best_rc=-0.0 found=0 added=0 exhausted=False cert=False
[clean-BPC  2478.79s] node 52 cg=3 phase=phase2 kind=heuristic_boost best_rc=-0.0 found=0 added=0 exhausted=True cert=True
[clean-BPC  2478.81s] route-pack-conflict diag node 52 source_vehicle=1 routes=5 U=4 complete=True cache_hit=True states=104 added=0
[clean-BPC  2480.47s] cut_added family=schedule_nogood_core node=52 added=1 source_vehicle=1 route_count=4 signatures=[[4, 20, 19, 13], [7, 16, 9, 18, 8], [1, 5, 3], [12, 15, 10, 6, 2]]
[clean-BPC  2480.47s] node 52 d=11 lb=235.703003 open=21
[clean-BPC  2480.55s] node 52 cg=1 phase=phase1 obj=0.0 artificial=0.0 cols=3286
[clean-BPC  2480.63s] node 52 cg=2 phase=phase2 obj=235.703003 artificial=0.0 cols=3286
[clean-BPC  2483.84s] node 52 cg=2 phase=phase2 kind=heuristic best_rc=0.0 found=0 added=0 exhausted=False cert=False
[clean-BPC  2490.54s] node 52 cg=2 phase=phase2 kind=heuristic_boost best_rc=0.0 found=0 added=0 exhausted=True cert=True
[clean-BPC  2490.55s] route-pack-conflict diag node 52 source_vehicle=1 routes=5 U=4 complete=True cache_hit=True states=104 added=0
[clean-BPC  2492.21s] cut_added family=schedule_nogood_core node=52 added=1 source_vehicle=1 route_count=4 signatures=[[4, 20, 19, 13], [7, 16, 9, 18, 8], [3, 5, 1], [12, 15, 10, 6, 2]]
[clean-BPC  2492.21s] node 52 d=11 lb=235.703003 open=21
[clean-BPC  2492.29s] node 52 cg=1 phase=phase1 obj=0.0 artificial=0.0 cols=3286
[clean-BPC  2492.37s] node 52 cg=2 phase=phase2 obj=235.703003 artificial=0.0 cols=3286
[clean-BPC  2495.59s] node 52 cg=2 phase=phase2 kind=heuristic best_rc=-0.0 found=0 added=0 exhausted=False cert=False
[clean-BPC  2502.31s] node 52 cg=2 phase=phase2 kind=heuristic_boost best_rc=-0.0 found=0 added=0 exhausted=True cert=True
[clean-BPC  2502.31s] route-pack-conflict diag node 52 source_vehicle=1 routes=5 U=4 complete=True cache_hit=True states=99 added=0
[clean-BPC  2503.75s] cut_added family=schedule_nogood_core node=52 added=1 source_vehicle=1 route_count=3 signatures=[[4, 20, 19, 13], [8, 18, 9, 16, 7], [12, 15, 10, 6, 2]]
[clean-BPC  2503.75s] node 52 d=11 lb=235.703003 open=21
[clean-BPC  2503.85s] node 52 cg=1 phase=phase1 obj=0.0 artificial=0.0 cols=3286
[clean-BPC  2503.93s] node 52 cg=2 phase=phase2 obj=235.774292 artificial=0.0 cols=3286
[clean-BPC  2503.93s] cut_purged node=52 removed=1 by_kind={'schedule_nogood_core': 1} remaining=73
[clean-BPC  2504.01s] node 52 cg=3 phase=phase2 obj=235.774292 artificial=0.0 cols=3286
[clean-BPC  2507.24s] node 52 cg=3 phase=phase2 kind=heuristic best_rc=0.0 found=0 added=0 exhausted=False cert=False
[clean-BPC  2513.95s] node 52 cg=3 phase=phase2 kind=heuristic_boost best_rc=0.0 found=0 added=0 exhausted=True cert=True
[clean-BPC  2513.96s] route-pack-conflict diag node 52 source_vehicle=1 routes=5 U=4 complete=True cache_hit=True states=104 added=0
[clean-BPC  2515.59s] cut_added family=schedule_nogood_core node=52 added=1 source_vehicle=1 route_count=4 signatures=[[4, 20, 19, 13], [7, 16, 9, 18, 8], [1, 3, 5], [12, 15, 10, 6, 2]]
[clean-BPC  2515.59s] node 44 d=9 lb=235.774292 open=21
[clean-BPC  2515.75s] node 44 cg=1 phase=phase1 obj=0.0 artificial=0.0 cols=3286
[clean-BPC  2515.93s] node 44 cg=2 phase=phase2 obj=235.703003 artificial=0.0 cols=3286
[clean-BPC  2519.71s] node 44 cg=2 phase=phase2 kind=heuristic best_rc=0.149297 found=0 added=0 exhausted=False cert=False
[clean-BPC  2528.82s] node 44 cg=2 phase=phase2 kind=heuristic_boost best_rc=-0.0 found=0 added=0 exhausted=True cert=True
[clean-BPC  2528.83s] route-pack-conflict diag node 44 source_vehicle=1 routes=5 U=4 complete=True cache_hit=True states=113 added=0
[clean-BPC  2530.48s] cut_added family=schedule_nogood_core node=44 added=1 source_vehicle=1 route_count=4 signatures=[[4, 20, 19, 13], [7, 16, 9, 18, 8], [1, 5, 3], [2, 6, 10, 15, 12]]
[clean-BPC  2530.48s] node 44 d=9 lb=235.703003 open=21
[clean-BPC  2530.64s] node 44 cg=1 phase=phase1 obj=0.0 artificial=0.0 cols=3286
[clean-BPC  2530.81s] node 44 cg=2 phase=phase2 obj=235.703003 artificial=0.0 cols=3286
[clean-BPC  2534.61s] node 44 cg=2 phase=phase2 kind=heuristic best_rc=0.149297 found=0 added=0 exhausted=False cert=False
[clean-BPC  2543.91s] node 44 cg=2 phase=phase2 kind=heuristic_boost best_rc=0.0 found=0 added=0 exhausted=True cert=True
[clean-BPC  2543.92s] route-pack-conflict diag node 44 source_vehicle=1 routes=5 U=4 complete=True cache_hit=True states=113 added=0
[clean-BPC  2545.58s] cut_added family=schedule_nogood_core node=44 added=1 source_vehicle=1 route_count=4 signatures=[[4, 20, 19, 13], [7, 16, 9, 18, 8], [3, 5, 1], [2, 6, 10, 15, 12]]
[clean-BPC  2545.58s] node 44 d=9 lb=235.703003 open=21
[clean-BPC  2545.75s] node 44 cg=1 phase=phase1 obj=0.0 artificial=0.0 cols=3286
[clean-BPC  2545.92s] node 44 cg=2 phase=phase2 obj=235.774292 artificial=0.0 cols=3286
[clean-BPC  2549.65s] node 44 cg=2 phase=phase2 kind=heuristic best_rc=0.1393815 found=0 added=0 exhausted=False cert=False
[clean-BPC  2557.53s] node 44 cg=2 phase=phase2 kind=heuristic_boost best_rc=0.033191 found=0 added=0 exhausted=True cert=True
[clean-BPC  2557.54s] route-pack-conflict diag node 44 source_vehicle=1 routes=5 U=4 complete=True cache_hit=True states=113 added=0
[clean-BPC  2559.21s] cut_added family=schedule_nogood_core node=44 added=1 source_vehicle=1 route_count=4 signatures=[[4, 20, 19, 13], [7, 16, 9, 18, 8], [1, 3, 5], [2, 6, 10, 15, 12]]
[clean-BPC  2559.21s] node 52 d=11 lb=235.774292 open=21
[clean-BPC  2559.29s] node 52 cg=1 phase=phase1 obj=0.0 artificial=0.0 cols=3286
[clean-BPC  2559.38s] node 52 cg=2 phase=phase2 obj=235.774292 artificial=0.0 cols=3286
[clean-BPC  2562.69s] node 52 cg=2 phase=phase2 kind=heuristic best_rc=-0.0 found=0 added=0 exhausted=False cert=False
[clean-BPC  2571.04s] node 52 cg=2 phase=phase2 kind=heuristic_boost best_rc=-0.0 found=0 added=0 exhausted=True cert=True
[clean-BPC  2571.05s] route-pack-conflict diag node 52 source_vehicle=1 routes=5 U=4 complete=True cache_hit=False states=101 added=0
[clean-BPC  2572.70s] cut_added family=schedule_nogood_core node=52 added=2 source_vehicle=1 route_count=4 signatures=[[4, 20, 19, 13], [7, 16, 9, 18, 8], [5, 3, 1], [12, 15, 10, 6, 2]]
[clean-BPC  2572.70s] node 44 d=9 lb=235.774292 open=21
[clean-BPC  2572.86s] node 44 cg=1 phase=phase1 obj=0.0 artificial=0.0 cols=3286
[clean-BPC  2573.03s] node 44 cg=2 phase=phase2 obj=235.774292 artificial=0.0 cols=3286
[clean-BPC  2576.78s] node 44 cg=2 phase=phase2 kind=heuristic best_rc=0.1393815 found=0 added=0 exhausted=False cert=False
[clean-BPC  2584.69s] node 44 cg=2 phase=phase2 kind=heuristic_boost best_rc=0.033191 found=0 added=0 exhausted=True cert=True
[clean-BPC  2584.71s] route-pack-conflict diag node 44 source_vehicle=1 routes=5 U=4 complete=True cache_hit=False states=110 added=0
[clean-BPC  2586.39s] cut_added family=schedule_nogood_core node=44 added=2 source_vehicle=1 route_count=4 signatures=[[4, 20, 19, 13], [7, 16, 9, 18, 8], [5, 3, 1], [2, 6, 10, 15, 12]]
[clean-BPC  2586.39s] node 44 d=9 lb=235.774292 open=21
[clean-BPC  2586.54s] node 44 cg=1 phase=phase1 obj=0.0 artificial=0.0 cols=3286
[clean-BPC  2586.72s] node 44 cg=2 phase=phase2 obj=235.823838 artificial=0.0 cols=3286
[clean-BPC  2586.72s] cut_purged node=44 removed=1 by_kind={'schedule_nogood_core': 1} remaining=80
[clean-BPC  2586.89s] node 44 cg=3 phase=phase2 obj=235.823838 artificial=0.0 cols=3286
[clean-BPC  2590.74s] node 44 cg=3 phase=phase2 kind=heuristic best_rc=0.1009329 found=0 added=0 exhausted=False cert=False
[clean-BPC  2598.69s] node 44 cg=3 phase=phase2 kind=heuristic_boost best_rc=0.1009329 found=0 added=0 exhausted=True cert=True
[clean-BPC  2601.44s] branch node 44: left=RF(1,3)=separate right=RF(1,3)=same
[clean-BPC  2601.44s] node 52 d=11 lb=235.774292 open=22
[clean-BPC  2601.52s] node 52 cg=1 phase=phase1 obj=0.0 artificial=0.0 cols=3286
[clean-BPC  2601.61s] node 52 cg=2 phase=phase2 obj=235.785402 artificial=0.0 cols=3286
[clean-BPC  2601.61s] cut_purged node=52 removed=1 by_kind={'schedule_nogood_core': 1} remaining=79
[clean-BPC  2601.69s] node 52 cg=3 phase=phase2 obj=235.785402 artificial=0.0 cols=3286
[clean-BPC  2605.04s] node 52 cg=3 phase=phase2 kind=heuristic best_rc=0.0 found=0 added=0 exhausted=False cert=False
[clean-BPC  2613.33s] node 52 cg=3 phase=phase2 kind=heuristic_boost best_rc=0.0 found=0 added=0 exhausted=True cert=True
[clean-BPC  2615.14s] branch node 52: left=RF(1,2)=separate right=RF(1,2)=same
[clean-BPC  2615.14s] node 56 d=11 lb=235.778838 open=23
[clean-BPC  2615.26s] node 56 cg=1 phase=phase1 obj=0.0 artificial=0.0 cols=3286
[clean-BPC  2615.37s] node 56 cg=2 phase=phase2 obj=237.499733 artificial=0.0 cols=3286
[clean-BPC  2618.95s] node 56 cg=2 phase=phase2 kind=heuristic best_rc=-1.241489455 found=90 added=90 exhausted=False cert=False
[clean-BPC  2619.08s] node 56 cg=3 phase=phase2 obj=237.226584 artificial=0.0 cols=3376
[clean-BPC  2622.67s] node 56 cg=3 phase=phase2 kind=heuristic best_rc=0.002304 found=0 added=0 exhausted=False cert=False
[clean-BPC  2631.56s] node 56 cg=3 phase=phase2 kind=heuristic_boost best_rc=-0.132861042 found=5 added=5 exhausted=True cert=True
[clean-BPC  2631.68s] node 56 cg=4 phase=phase2 obj=237.226584 artificial=0.0 cols=3381
[clean-BPC  2635.30s] node 56 cg=4 phase=phase2 kind=heuristic best_rc=0.002304 found=0 added=0 exhausted=False cert=False
[clean-BPC  2644.31s] node 56 cg=4 phase=phase2 kind=heuristic_boost best_rc=-0.0 found=0 added=0 exhausted=True cert=True
[clean-BPC  2644.31s] fathom node 56: reason=bound_after_schedule_pack bound=237.226584
[clean-BPC  2644.31s] node 55 d=11 lb=235.778838 open=22
[clean-BPC  2644.46s] node 55 cg=1 phase=phase1 obj=0.0 artificial=0.0 cols=3381
[clean-BPC  2644.64s] node 55 cg=2 phase=phase2 obj=235.700699 artificial=0.0 cols=3381
[clean-BPC  2648.33s] node 55 cg=2 phase=phase2 kind=heuristic best_rc=0.035679 found=0 added=0 exhausted=False cert=False
[clean-BPC  2657.11s] node 55 cg=2 phase=phase2 kind=heuristic_boost best_rc=0.035679 found=0 added=0 exhausted=True cert=True
[clean-BPC  2657.11s] route-pack-conflict diag node 55 source_vehicle=1 routes=5 U=4 complete=True cache_hit=True states=110 added=0
[clean-BPC  2658.59s] cut_added family=schedule_nogood_core node=55 added=1 source_vehicle=1 route_count=3 signatures=[[4, 20, 19, 13], [7, 9, 16, 18, 8], [2, 6, 10, 15, 12]]
[clean-BPC  2658.59s] node 55 d=11 lb=235.700699 open=22
[clean-BPC  2658.74s] node 55 cg=1 phase=phase1 obj=0.0 artificial=0.0 cols=3381
[clean-BPC  2658.91s] node 55 cg=2 phase=phase2 obj=235.700699 artificial=0.0 cols=3381
[clean-BPC  2662.62s] node 55 cg=2 phase=phase2 kind=heuristic best_rc=0.035679 found=0 added=0 exhausted=False cert=False
[clean-BPC  2671.23s] node 55 cg=2 phase=phase2 kind=heuristic_boost best_rc=0.035679 found=0 added=0 exhausted=True cert=True
[clean-BPC  2671.23s] route-pack-conflict diag node 55 source_vehicle=1 routes=5 U=4 complete=True cache_hit=True states=108 added=0
[clean-BPC  2672.69s] cut_added family=schedule_nogood_core node=55 added=1 source_vehicle=1 route_count=3 signatures=[[4, 20, 19, 13], [8, 18, 16, 9, 7], [2, 6, 10, 15, 12]]
[clean-BPC  2672.69s] node 55 d=11 lb=235.700699 open=22
[clean-BPC  2672.85s] node 55 cg=1 phase=phase1 obj=0.0 artificial=0.0 cols=3381
[clean-BPC  2673.03s] node 55 cg=2 phase=phase2 obj=235.703003 artificial=0.0 cols=3381
[clean-BPC  2673.03s] cut_purged node=55 removed=3 by_kind={'schedule_nogood_core': 3} remaining=78
[clean-BPC  2673.19s] node 55 cg=3 phase=phase2 obj=235.703003 artificial=0.0 cols=3381
[clean-BPC  2676.98s] node 55 cg=3 phase=phase2 kind=heuristic best_rc=0.037983 found=0 added=0 exhausted=False cert=False
[clean-BPC  2685.78s] node 55 cg=3 phase=phase2 kind=heuristic_boost best_rc=0.037983 found=0 added=0 exhausted=True cert=True
[clean-BPC  2685.79s] route-pack-conflict diag node 55 source_vehicle=1 routes=5 U=4 complete=True cache_hit=True states=108 added=0
[clean-BPC  2687.26s] cut_added family=schedule_nogood_core node=55 added=1 source_vehicle=1 route_count=3 signatures=[[4, 20, 19, 13], [8, 18, 9, 16, 7], [2, 6, 10, 15, 12]]
[clean-BPC  2687.26s] node 55 d=11 lb=235.703003 open=22
[clean-BPC  2687.42s] node 55 cg=1 phase=phase1 obj=0.0 artificial=0.0 cols=3381
[clean-BPC  2687.58s] node 55 cg=2 phase=phase2 obj=235.848046 artificial=0.0 cols=3381
[clean-BPC  2687.59s] cut_purged node=55 removed=4 by_kind={'schedule_nogood_core': 4} remaining=75
[clean-BPC  2687.76s] node 55 cg=3 phase=phase2 obj=235.848046 artificial=0.0 cols=3381
[clean-BPC  2691.44s] node 55 cg=3 phase=phase2 kind=heuristic best_rc=0.115148091 found=0 added=0 exhausted=False cert=False
[clean-BPC  2698.85s] node 55 cg=3 phase=phase2 kind=heuristic_boost best_rc=-0.0 found=0 added=0 exhausted=True cert=True
[clean-BPC  2703.61s] branch node 55: left=RF(12,17)=separate right=RF(12,17)=same
[clean-BPC  2703.61s] node 66 d=12 lb=235.785402 open=23
[clean-BPC  2703.68s] node 66 cg=1 phase=phase1 obj=0.0 artificial=0.0 cols=3381
[clean-BPC  2703.74s] node 66 cg=2 phase=phase2 obj=238.856024 artificial=0.0 cols=3381
[clean-BPC  2706.62s] node 66 cg=2 phase=phase2 kind=heuristic best_rc=-0.709405 found=3 added=3 exhausted=False cert=False
[clean-BPC  2706.68s] node 66 cg=3 phase=phase2 obj=238.146619 artificial=0.0 cols=3384
[clean-BPC  2709.56s] node 66 cg=3 phase=phase2 kind=heuristic best_rc=-0.0 found=0 added=0 exhausted=False cert=False
[clean-BPC  2714.82s] node 66 cg=3 phase=phase2 kind=heuristic_boost best_rc=-0.0 found=0 added=0 exhausted=True cert=True
[clean-BPC  2714.82s] fathom node 66: reason=bound_after_schedule_pack bound=238.146619
[clean-BPC  2714.82s] node 65 d=12 lb=235.785402 open=22
[clean-BPC  2714.90s] node 65 cg=1 phase=phase1 obj=0.0 artificial=0.0 cols=3384
[clean-BPC  2715.00s] node 65 cg=2 phase=phase2 obj=235.703003 artificial=0.0 cols=3384
[clean-BPC  2718.39s] node 65 cg=2 phase=phase2 kind=heuristic best_rc=-1.096708893 found=42 added=42 exhausted=False cert=False
[clean-BPC  2718.48s] node 65 cg=3 phase=phase2 obj=235.703003 artificial=0.0 cols=3426
[clean-BPC  2721.98s] node 65 cg=3 phase=phase2 kind=heuristic best_rc=-0.323182 found=1 added=1 exhausted=False cert=False
[clean-BPC  2722.06s] node 65 cg=4 phase=phase2 obj=235.703003 artificial=0.0 cols=3427
[clean-BPC  2725.45s] node 65 cg=4 phase=phase2 kind=heuristic best_rc=0.049438 found=0 added=0 exhausted=False cert=False
[clean-BPC  2733.46s] node 65 cg=4 phase=phase2 kind=heuristic_boost best_rc=0.049438 found=0 added=0 exhausted=True cert=True
[clean-BPC  2733.47s] route-pack-conflict diag node 65 source_vehicle=1 routes=5 U=4 complete=True cache_hit=True states=104 added=0
[clean-BPC  2735.12s] cut_added family=schedule_nogood_core node=65 added=1 source_vehicle=1 route_count=4 signatures=[[4, 20, 19, 13], [7, 16, 9, 18, 8], [1, 5, 3], [12, 15, 10, 6, 2]]
[clean-BPC  2735.12s] node 65 d=12 lb=235.703003 open=22
[clean-BPC  2735.21s] node 65 cg=1 phase=phase1 obj=0.0 artificial=0.0 cols=3427
[clean-BPC  2735.29s] node 65 cg=2 phase=phase2 obj=235.703003 artificial=0.0 cols=3427
[clean-BPC  2738.62s] node 65 cg=2 phase=phase2 kind=heuristic best_rc=0.049438 found=0 added=0 exhausted=False cert=False
[clean-BPC  2746.62s] node 65 cg=2 phase=phase2 kind=heuristic_boost best_rc=0.049438 found=0 added=0 exhausted=True cert=True
[clean-BPC  2746.62s] route-pack-conflict diag node 65 source_vehicle=1 routes=5 U=4 complete=True cache_hit=True states=104 added=0
[clean-BPC  2748.23s] cut_added family=schedule_nogood_core node=65 added=1 source_vehicle=1 route_count=4 signatures=[[4, 20, 19, 13], [7, 16, 9, 18, 8], [3, 5, 1], [12, 15, 10, 6, 2]]
[clean-BPC  2748.23s] node 65 d=12 lb=235.703003 open=22
[clean-BPC  2748.32s] node 65 cg=1 phase=phase1 obj=0.0 artificial=0.0 cols=3427
[clean-BPC  2748.41s] node 65 cg=2 phase=phase2 obj=235.774292 artificial=0.0 cols=3427
[clean-BPC  2751.91s] node 65 cg=2 phase=phase2 kind=heuristic best_rc=0.04937425 found=0 added=0 exhausted=False cert=False
[clean-BPC  2760.95s] node 65 cg=2 phase=phase2 kind=heuristic_boost best_rc=0.04937425 found=0 added=0 exhausted=True cert=True
[clean-BPC  2760.95s] route-pack-conflict diag node 65 source_vehicle=1 routes=5 U=4 complete=True cache_hit=True states=104 added=0
[clean-BPC  2762.58s] cut_added family=schedule_nogood_core node=65 added=1 source_vehicle=1 route_count=4 signatures=[[4, 20, 19, 13], [7, 16, 9, 18, 8], [1, 3, 5], [12, 15, 10, 6, 2]]
[clean-BPC  2762.58s] node 65 d=12 lb=235.774292 open=22
[clean-BPC  2762.68s] node 65 cg=1 phase=phase1 obj=0.0 artificial=0.0 cols=3427
[clean-BPC  2762.76s] node 65 cg=2 phase=phase2 obj=235.774292 artificial=0.0 cols=3427
[clean-BPC  2762.76s] cut_purged node=65 removed=2 by_kind={'schedule_nogood_core': 2} remaining=76
[clean-BPC  2762.84s] node 65 cg=3 phase=phase2 obj=235.774292 artificial=0.0 cols=3427
[clean-BPC  2766.35s] node 65 cg=3 phase=phase2 kind=heuristic best_rc=0.04937425 found=0 added=0 exhausted=False cert=False
[clean-BPC  2775.43s] node 65 cg=3 phase=phase2 kind=heuristic_boost best_rc=0.04937425 found=0 added=0 exhausted=True cert=True
[clean-BPC  2775.44s] route-pack-conflict diag node 65 source_vehicle=1 routes=5 U=4 complete=True cache_hit=True states=101 added=0
[clean-BPC  2777.08s] cut_added family=schedule_nogood_core node=65 added=1 source_vehicle=1 route_count=4 signatures=[[4, 20, 19, 13], [7, 16, 9, 18, 8], [5, 3, 1], [12, 15, 10, 6, 2]]
[clean-BPC  2777.08s] node 65 d=12 lb=235.774292 open=22
[clean-BPC  2777.16s] node 65 cg=1 phase=phase1 obj=0.0 artificial=0.0 cols=3427
[clean-BPC  2777.25s] node 65 cg=2 phase=phase2 obj=235.800474 artificial=0.0 cols=3427
[clean-BPC  2777.25s] cut_purged node=65 removed=1 by_kind={'schedule_nogood_core': 1} remaining=76
[clean-BPC  2777.33s] node 65 cg=3 phase=phase2 obj=235.800474 artificial=0.0 cols=3427
[clean-BPC  2780.90s] node 65 cg=3 phase=phase2 kind=heuristic best_rc=-0.301129692 found=2 added=2 exhausted=False cert=False
[clean-BPC  2780.98s] node 65 cg=4 phase=phase2 obj=235.800474 artificial=0.0 cols=3429
[clean-BPC  2784.57s] node 65 cg=4 phase=phase2 kind=heuristic best_rc=-0.0 found=0 added=0 exhausted=False cert=False
[clean-BPC  2793.62s] node 65 cg=4 phase=phase2 kind=heuristic_boost best_rc=-0.0 found=0 added=0 exhausted=True cert=True
[clean-BPC  2795.23s] branch node 65: left=RF(4,20)=separate right=RF(4,20)=same
[clean-BPC  2795.23s] node 69 d=13 lb=235.800474 open=23
[clean-BPC  2795.31s] node 69 cg=1 phase=phase1 obj=0.0 artificial=0.0 cols=3429
[clean-BPC  2795.39s] node 69 cg=2 phase=phase2 obj=236.542393 artificial=0.0 cols=3429
[clean-BPC  2795.39s] cut_purged node=69 removed=1 by_kind={'schedule_nogood_core': 1} remaining=75
[clean-BPC  2795.47s] node 69 cg=3 phase=phase2 obj=236.542393 artificial=0.0 cols=3429
[clean-BPC  2798.78s] node 69 cg=3 phase=phase2 kind=heuristic best_rc=0.039084276 found=0 added=0 exhausted=False cert=False
[clean-BPC  2806.56s] node 69 cg=3 phase=phase2 kind=heuristic_boost best_rc=-0.768865768 found=19 added=19 exhausted=True cert=True
[clean-BPC  2806.66s] node 69 cg=4 phase=phase2 obj=236.542393 artificial=0.0 cols=3448
[clean-BPC  2809.94s] node 69 cg=4 phase=phase2 kind=heuristic best_rc=-0.45015 found=3 added=3 exhausted=False cert=False
[clean-BPC  2810.03s] node 69 cg=5 phase=phase2 obj=236.542393 artificial=0.0 cols=3451
[clean-BPC  2813.42s] node 69 cg=5 phase=phase2 kind=heuristic best_rc=0.175009583 found=0 added=0 exhausted=False cert=False
[clean-BPC  2822.15s] node 69 cg=5 phase=phase2 kind=heuristic_boost best_rc=-0.344583583 found=2 added=2 exhausted=True cert=True
[clean-BPC  2822.24s] node 69 cg=6 phase=phase2 obj=236.542393 artificial=0.0 cols=3453
[clean-BPC  2825.73s] node 69 cg=6 phase=phase2 kind=heuristic best_rc=0.238431 found=0 added=0 exhausted=False cert=False
[clean-BPC  2834.40s] node 69 cg=6 phase=phase2 kind=heuristic_boost best_rc=0.002304 found=0 added=0 exhausted=True cert=True
[clean-BPC  2834.40s] fathom node 69: reason=bound_after_schedule_pack bound=236.542393
[clean-BPC  2834.40s] node 70 d=13 lb=235.800474 open=22
[clean-BPC  2834.46s] node 70 cg=1 phase=phase1 obj=0.0 artificial=0.0 cols=3453
[clean-BPC  2834.53s] node 70 cg=2 phase=phase2 obj=235.808597 artificial=0.0 cols=3453
[clean-BPC  2837.34s] node 70 cg=2 phase=phase2 kind=heuristic best_rc=-1.676136 found=5 added=5 exhausted=False cert=False
[clean-BPC  2837.40s] node 70 cg=3 phase=phase2 obj=235.808597 artificial=0.0 cols=3458
[clean-BPC  2840.23s] node 70 cg=3 phase=phase2 kind=heuristic best_rc=-0.0 found=0 added=0 exhausted=False cert=False
[clean-BPC  2848.92s] node 70 cg=3 phase=phase2 kind=heuristic_boost best_rc=-0.0 found=0 added=0 exhausted=True cert=True
[clean-BPC  2850.37s] branch node 70: left=arc(7,16)=off right=arc(7,16)=on
[clean-BPC  2850.37s] node 60 d=10 lb=235.80721 open=23
[clean-BPC  2850.50s] node 60 cg=1 phase=phase1 obj=0.0 artificial=0.0 cols=3458
[clean-BPC  2850.63s] node 60 cg=2 phase=phase2 obj=238.216771 artificial=0.0 cols=3458
[clean-BPC  2853.46s] node 60 cg=2 phase=phase2 kind=heuristic best_rc=0.0 found=0 added=0 exhausted=False cert=False
[clean-BPC  2858.68s] node 60 cg=2 phase=phase2 kind=heuristic_boost best_rc=0.0 found=0 added=0 exhausted=True cert=True
[clean-BPC  2858.68s] fathom node 60: reason=bound_after_schedule_pack bound=238.216771
[clean-BPC  2858.68s] node 59 d=10 lb=235.80721 open=22
[clean-BPC  2858.86s] node 59 cg=1 phase=phase1 obj=0.0 artificial=0.0 cols=3458
[clean-BPC  2859.05s] node 59 cg=2 phase=phase2 obj=235.700699 artificial=0.0 cols=3458
[clean-BPC  2862.62s] node 59 cg=2 phase=phase2 kind=heuristic best_rc=0.0 found=0 added=0 exhausted=False cert=False
[clean-BPC  2870.60s] node 59 cg=2 phase=phase2 kind=heuristic_boost best_rc=0.0 found=0 added=0 exhausted=True cert=True
[clean-BPC  2870.61s] route-pack-conflict diag node 59 source_vehicle=1 routes=5 U=4 complete=True cache_hit=True states=104 added=0
[clean-BPC  2872.26s] cut_added family=schedule_nogood_core node=59 added=1 source_vehicle=1 route_count=4 signatures=[[4, 20, 19, 13], [7, 9, 16, 18, 8], [1, 5, 3], [12, 15, 10, 6, 2]]
[clean-BPC  2872.26s] node 59 d=10 lb=235.700699 open=22
[clean-BPC  2872.43s] node 59 cg=1 phase=phase1 obj=0.0 artificial=0.0 cols=3458
[clean-BPC  2872.62s] node 59 cg=2 phase=phase2 obj=235.700699 artificial=0.0 cols=3458
[clean-BPC  2876.15s] node 59 cg=2 phase=phase2 kind=heuristic best_rc=0.0 found=0 added=0 exhausted=False cert=False
[clean-BPC  2884.12s] node 59 cg=2 phase=phase2 kind=heuristic_boost best_rc=0.0 found=0 added=0 exhausted=True cert=True
[clean-BPC  2884.14s] route-pack-conflict diag node 59 source_vehicle=1 routes=5 U=4 complete=True cache_hit=True states=104 added=0
[clean-BPC  2885.81s] cut_added family=schedule_nogood_core node=59 added=1 source_vehicle=1 route_count=4 signatures=[[4, 20, 19, 13], [7, 9, 16, 18, 8], [3, 5, 1], [12, 15, 10, 6, 2]]
[clean-BPC  2885.81s] node 59 d=10 lb=235.700699 open=22
[clean-BPC  2886.00s] node 59 cg=1 phase=phase1 obj=0.0 artificial=0.0 cols=3458
[clean-BPC  2886.17s] node 59 cg=2 phase=phase2 obj=235.771988 artificial=0.0 cols=3458
[clean-BPC  2889.85s] node 59 cg=2 phase=phase2 kind=heuristic best_rc=0.130847 found=0 added=0 exhausted=False cert=False
[clean-BPC  2897.99s] node 59 cg=2 phase=phase2 kind=heuristic_boost best_rc=0.033191 found=0 added=0 exhausted=True cert=True
[clean-BPC  2897.99s] route-pack-conflict diag node 59 source_vehicle=1 routes=5 U=4 complete=True cache_hit=True states=104 added=0
[clean-BPC  2899.64s] cut_added family=schedule_nogood_core node=59 added=1 source_vehicle=1 route_count=4 signatures=[[4, 20, 19, 13], [7, 9, 16, 18, 8], [1, 3, 5], [12, 15, 10, 6, 2]]
[clean-BPC  2899.64s] node 59 d=10 lb=235.771988 open=22
[clean-BPC  2899.81s] node 59 cg=1 phase=phase1 obj=0.0 artificial=0.0 cols=3458
[clean-BPC  2900.00s] node 59 cg=2 phase=phase2 obj=235.771988 artificial=0.0 cols=3458
[clean-BPC  2903.70s] node 59 cg=2 phase=phase2 kind=heuristic best_rc=0.130847 found=0 added=0 exhausted=False cert=False
[clean-BPC  2911.83s] node 59 cg=2 phase=phase2 kind=heuristic_boost best_rc=0.033191 found=0 added=0 exhausted=True cert=True
[clean-BPC  2911.83s] route-pack-conflict diag node 59 source_vehicle=1 routes=5 U=4 complete=True cache_hit=True states=101 added=0
[clean-BPC  2913.47s] cut_added family=schedule_nogood_core node=59 added=1 source_vehicle=1 route_count=4 signatures=[[4, 20, 19, 13], [7, 9, 16, 18, 8], [5, 3, 1], [12, 15, 10, 6, 2]]
[clean-BPC  2913.47s] node 59 d=10 lb=235.771988 open=22
[clean-BPC  2913.66s] node 59 cg=1 phase=phase1 obj=0.0 artificial=0.0 cols=3458
[clean-BPC  2913.83s] node 59 cg=2 phase=phase2 obj=235.821534 artificial=0.0 cols=3458
[clean-BPC  2917.65s] node 59 cg=2 phase=phase2 kind=heuristic best_rc=0.0 found=0 added=0 exhausted=False cert=False
[clean-BPC  2926.31s] node 59 cg=2 phase=phase2 kind=heuristic_boost best_rc=0.0 found=0 added=0 exhausted=True cert=True
[clean-BPC  2928.88s] branch node 59: left=RF(1,3)=separate right=RF(1,3)=same
[clean-BPC  2928.88s] node 72 d=14 lb=235.808597 open=23
[clean-BPC  2928.95s] node 72 cg=1 phase=phase1 obj=0.0 artificial=0.0 cols=3458
[clean-BPC  2929.01s] node 72 cg=2 phase=phase2 obj=235.949071 artificial=0.0 cols=3458
[clean-BPC  2931.88s] node 72 cg=2 phase=phase2 kind=heuristic best_rc=-0.709294 found=15 added=15 exhausted=False cert=False
[clean-BPC  2931.94s] node 72 cg=3 phase=phase2 obj=235.949071 artificial=0.0 cols=3473
[clean-BPC  2934.78s] node 72 cg=3 phase=phase2 kind=heuristic best_rc=-0.329250667 found=2 added=2 exhausted=False cert=False
[clean-BPC  2934.84s] node 72 cg=4 phase=phase2 obj=235.949071 artificial=0.0 cols=3475
[clean-BPC  2937.64s] node 72 cg=4 phase=phase2 kind=heuristic best_rc=0.101043 found=0 added=0 exhausted=False cert=False
[clean-BPC  2946.68s] node 72 cg=4 phase=phase2 kind=heuristic_boost best_rc=0.015191 found=0 added=0 exhausted=True cert=True
[clean-BPC  2948.08s] branch node 72: left=arc(5,3)=off right=arc(5,3)=on
[clean-BPC  2948.08s] node 71 d=14 lb=235.808597 open=24
[clean-BPC  2948.16s] node 71 cg=1 phase=phase1 obj=0.0 artificial=0.0 cols=3475
[clean-BPC  2948.22s] node 71 cg=2 phase=phase2 obj=236.122698 artificial=0.0 cols=3475
[clean-BPC  2951.01s] node 71 cg=2 phase=phase2 kind=heuristic best_rc=0.049438 found=0 added=0 exhausted=False cert=False
[clean-BPC  2959.57s] node 71 cg=2 phase=phase2 kind=heuristic_boost best_rc=-0.139303 found=6 added=6 exhausted=True cert=True
[clean-BPC  2959.63s] node 71 cg=3 phase=phase2 obj=236.122698 artificial=0.0 cols=3481
[clean-BPC  2962.46s] node 71 cg=3 phase=phase2 kind=heuristic best_rc=0.184114 found=0 added=0 exhausted=False cert=False
[clean-BPC  2971.06s] node 71 cg=3 phase=phase2 kind=heuristic_boost best_rc=-0.080303 found=1 added=1 exhausted=True cert=True
[clean-BPC  2971.15s] node 71 cg=4 phase=phase2 obj=236.122698 artificial=0.0 cols=3482
[clean-BPC  2973.94s] node 71 cg=4 phase=phase2 kind=heuristic best_rc=0.254091286 found=0 added=0 exhausted=False cert=False
[clean-BPC  2982.50s] node 71 cg=4 phase=phase2 kind=heuristic_boost best_rc=0.049438 found=0 added=0 exhausted=True cert=True
[clean-BPC  2982.50s] fathom node 71: reason=bound_after_schedule_pack bound=236.122698
[clean-BPC  2982.50s] node 37 d=9 lb=235.814652 open=23
[clean-BPC  2982.66s] node 37 cg=1 phase=phase1 obj=0.0 artificial=0.0 cols=3482
[clean-BPC  2982.82s] node 37 cg=2 phase=phase2 obj=237.327339 artificial=0.0 cols=3482
[clean-BPC  2986.25s] node 37 cg=2 phase=phase2 kind=heuristic best_rc=-0.594018 found=9 added=9 exhausted=False cert=False
[clean-BPC  2986.42s] node 37 cg=3 phase=phase2 obj=237.273965 artificial=0.0 cols=3491
[clean-BPC  2986.42s] cut_purged node=37 removed=4 by_kind={'schedule_nogood_core': 4} remaining=75
[clean-BPC  2986.57s] node 37 cg=4 phase=phase2 obj=237.273965 artificial=0.0 cols=3491
[clean-BPC  2990.00s] node 37 cg=4 phase=phase2 kind=heuristic best_rc=0.293208 found=0 added=0 exhausted=False cert=False
[clean-BPC  2996.80s] node 37 cg=4 phase=phase2 kind=heuristic_boost best_rc=0.0 found=0 added=0 exhausted=True cert=True
[clean-BPC  2996.80s] fathom node 37: reason=bound_after_schedule_pack bound=237.273965
[clean-BPC  2996.80s] node 38 d=9 lb=235.814652 open=22
[clean-BPC  2996.93s] node 38 cg=1 phase=phase1 obj=0.0 artificial=0.0 cols=3491
[clean-BPC  2997.04s] node 38 cg=2 phase=phase2 obj=235.700699 artificial=0.0 cols=3491
[clean-BPC  3000.26s] node 38 cg=2 phase=phase2 kind=heuristic best_rc=0.0 found=0 added=0 exhausted=False cert=False
[clean-BPC  3007.00s] node 38 cg=2 phase=phase2 kind=heuristic_boost best_rc=-0.0 found=0 added=0 exhausted=True cert=True
[clean-BPC  3007.01s] route-pack-conflict diag node 38 source_vehicle=1 routes=5 U=4 complete=True cache_hit=True states=104 added=0
[clean-BPC  3007.47s] cut_added family=schedule_nogood_core node=38 added=1 source_vehicle=1 route_count=3 signatures=[[13, 19, 20, 4], [1, 5, 3], [2, 6, 10, 15, 12]]
[clean-BPC  3007.47s] node 38 d=9 lb=235.700699 open=22
[clean-BPC  3007.59s] node 38 cg=1 phase=phase1 obj=0.0 artificial=0.0 cols=3491
[clean-BPC  3007.70s] node 38 cg=2 phase=phase2 obj=235.700699 artificial=0.0 cols=3491
[clean-BPC  3007.71s] cut_purged node=38 removed=4 by_kind={'schedule_nogood_core': 4} remaining=72
[clean-BPC  3007.82s] node 38 cg=3 phase=phase2 obj=235.700699 artificial=0.0 cols=3491
[clean-BPC  3011.09s] node 38 cg=3 phase=phase2 kind=heuristic best_rc=0.0 found=0 added=0 exhausted=False cert=False
[clean-BPC  3017.93s] node 38 cg=3 phase=phase2 kind=heuristic_boost best_rc=-0.0 found=0 added=0 exhausted=True cert=True
[clean-BPC  3017.94s] route-pack-conflict diag node 38 source_vehicle=1 routes=5 U=4 complete=True cache_hit=False states=95 added=0
[clean-BPC  3018.40s] cut_added family=schedule_nogood_core node=38 added=1 source_vehicle=1 route_count=3 signatures=[[13, 19, 20, 4], [1, 5, 3], [12, 15, 10, 6, 2]]
[clean-BPC  3018.40s] node 38 d=9 lb=235.700699 open=22
[clean-BPC  3018.51s] node 38 cg=1 phase=phase1 obj=0.0 artificial=0.0 cols=3491
[clean-BPC  3018.63s] node 38 cg=2 phase=phase2 obj=235.854565 artificial=0.0 cols=3491
[clean-BPC  3021.88s] node 38 cg=2 phase=phase2 kind=heuristic best_rc=-0.0887655 found=2 added=2 exhausted=False cert=False
[clean-BPC  3022.01s] node 38 cg=3 phase=phase2 obj=235.854565 artificial=0.0 cols=3493
[clean-BPC  3022.01s] cut_purged node=38 removed=2 by_kind={'schedule_nogood_core': 2} remaining=71
[clean-BPC  3022.11s] node 38 cg=4 phase=phase2 obj=235.854565 artificial=0.0 cols=3493
[clean-BPC  3025.38s] node 38 cg=4 phase=phase2 kind=heuristic best_rc=-0.0887655 found=2 added=2 exhausted=False cert=False
[clean-BPC  3025.50s] node 38 cg=5 phase=phase2 obj=235.854565 artificial=0.0 cols=3495
[clean-BPC  3028.80s] node 38 cg=5 phase=phase2 kind=heuristic best_rc=0.010227 found=0 added=0 exhausted=False cert=False
[clean-BPC  3035.69s] node 38 cg=5 phase=phase2 kind=heuristic_boost best_rc=0.0 found=0 added=0 exhausted=True cert=True
[clean-BPC  3037.65s] branch node 38: left=RF(3,6)=separate right=RF(3,6)=same
[clean-BPC  3037.65s] node 74 d=11 lb=235.821534 open=23
[clean-BPC  3037.74s] node 74 cg=1 phase=phase1 obj=0.0 artificial=0.0 cols=3495
[clean-BPC  3037.85s] node 74 cg=2 phase=phase2 obj=235.700699 artificial=0.0 cols=3495
[clean-BPC  3040.95s] node 74 cg=2 phase=phase2 kind=heuristic best_rc=0.197928 found=0 added=0 exhausted=False cert=False
[clean-BPC  3048.01s] node 74 cg=2 phase=phase2 kind=heuristic_boost best_rc=0.197928 found=0 added=0 exhausted=True cert=True
[clean-BPC  3048.02s] route-pack-conflict diag node 74 source_vehicle=1 routes=5 U=4 complete=True cache_hit=True states=104 added=0
[clean-BPC  3049.64s] cut_added family=schedule_nogood_core node=74 added=1 source_vehicle=1 route_count=4 signatures=[[4, 20, 19, 13], [7, 9, 16, 18, 8], [3, 5, 1], [12, 15, 10, 6, 2]]
[clean-BPC  3049.64s] node 74 d=11 lb=235.700699 open=23
[clean-BPC  3049.75s] node 74 cg=1 phase=phase1 obj=0.0 artificial=0.0 cols=3495
[clean-BPC  3049.85s] node 74 cg=2 phase=phase2 obj=235.700699 artificial=0.0 cols=3495
[clean-BPC  3052.99s] node 74 cg=2 phase=phase2 kind=heuristic best_rc=0.197928 found=0 added=0 exhausted=False cert=False
[clean-BPC  3060.17s] node 74 cg=2 phase=phase2 kind=heuristic_boost best_rc=0.197928 found=0 added=0 exhausted=True cert=True
[clean-BPC  3060.18s] route-pack-conflict diag node 74 source_vehicle=1 routes=5 U=4 complete=True cache_hit=True states=104 added=0
[clean-BPC  3061.82s] cut_added family=schedule_nogood_core node=74 added=1 source_vehicle=1 route_count=4 signatures=[[4, 20, 19, 13], [7, 9, 16, 18, 8], [1, 5, 3], [12, 15, 10, 6, 2]]
[clean-BPC  3061.82s] node 74 d=11 lb=235.700699 open=23
[clean-BPC  3061.92s] node 74 cg=1 phase=phase1 obj=0.0 artificial=0.0 cols=3495
[clean-BPC  3062.01s] node 74 cg=2 phase=phase2 obj=235.771988 artificial=0.0 cols=3495
[clean-BPC  3065.38s] node 74 cg=2 phase=phase2 kind=heuristic best_rc=0.0 found=0 added=0 exhausted=False cert=False
[clean-BPC  3073.25s] node 74 cg=2 phase=phase2 kind=heuristic_boost best_rc=0.0 found=0 added=0 exhausted=True cert=True
[clean-BPC  3073.26s] route-pack-conflict diag node 74 source_vehicle=1 routes=5 U=4 complete=True cache_hit=True states=104 added=0
[clean-BPC  3074.93s] cut_added family=schedule_nogood_core node=74 added=1 source_vehicle=1 route_count=4 signatures=[[4, 20, 19, 13], [7, 9, 16, 18, 8], [1, 3, 5], [12, 15, 10, 6, 2]]
[clean-BPC  3074.93s] node 74 d=11 lb=235.771988 open=23
[clean-BPC  3075.03s] node 74 cg=1 phase=phase1 obj=0.0 artificial=0.0 cols=3495
[clean-BPC  3075.14s] node 74 cg=2 phase=phase2 obj=235.771988 artificial=0.0 cols=3495
[clean-BPC  3078.52s] node 74 cg=2 phase=phase2 kind=heuristic best_rc=0.0 found=0 added=0 exhausted=False cert=False
[clean-BPC  3086.43s] node 74 cg=2 phase=phase2 kind=heuristic_boost best_rc=0.0 found=0 added=0 exhausted=True cert=True
[clean-BPC  3086.43s] route-pack-conflict diag node 74 source_vehicle=1 routes=5 U=4 complete=True cache_hit=True states=101 added=0
[clean-BPC  3088.07s] cut_added family=schedule_nogood_core node=74 added=1 source_vehicle=1 route_count=4 signatures=[[4, 20, 19, 13], [7, 9, 16, 18, 8], [5, 3, 1], [12, 15, 10, 6, 2]]
[clean-BPC  3088.07s] node 74 d=11 lb=235.771988 open=23
[clean-BPC  3088.17s] node 74 cg=1 phase=phase1 obj=0.0 artificial=0.0 cols=3495
[clean-BPC  3088.28s] node 74 cg=2 phase=phase2 obj=235.878528 artificial=0.0 cols=3495
[clean-BPC  3091.76s] node 74 cg=2 phase=phase2 kind=heuristic best_rc=-0.0 found=0 added=0 exhausted=False cert=False
[clean-BPC  3101.19s] node 74 cg=2 phase=phase2 kind=heuristic_boost best_rc=-0.439688615 found=2 added=2 exhausted=True cert=True
[clean-BPC  3101.29s] node 74 cg=3 phase=phase2 obj=235.878528 artificial=0.0 cols=3497
[clean-BPC  3104.82s] node 74 cg=3 phase=phase2 kind=heuristic best_rc=-0.0 found=0 added=0 exhausted=False cert=False
[clean-BPC  3114.30s] node 74 cg=3 phase=phase2 kind=heuristic_boost best_rc=-0.0 found=0 added=0 exhausted=True cert=True
[clean-BPC  3117.14s] branch node 74: left=RF(10,20)=separate right=RF(10,20)=same
[clean-BPC  3117.14s] node 73 d=11 lb=235.821534 open=24
[clean-BPC  3117.32s] node 73 cg=1 phase=phase1 obj=0.0 artificial=0.0 cols=3497
[clean-BPC  3117.48s] node 73 cg=2 phase=phase2 obj=236.162298 artificial=0.0 cols=3497
[clean-BPC  3121.18s] node 73 cg=2 phase=phase2 kind=heuristic best_rc=0.0 found=0 added=0 exhausted=False cert=False
[clean-BPC  3128.94s] node 73 cg=2 phase=phase2 kind=heuristic_boost best_rc=0.0 found=0 added=0 exhausted=True cert=True
[clean-BPC  3128.94s] fathom node 73: reason=bound_after_schedule_pack bound=236.162298
[clean-BPC  3128.94s] node 63 d=10 lb=235.823838 open=23
[clean-BPC  3129.11s] node 63 cg=1 phase=phase1 obj=0.0 artificial=0.0 cols=3497
[clean-BPC  3129.27s] node 63 cg=2 phase=phase2 obj=236.164602 artificial=0.0 cols=3497
[clean-BPC  3129.27s] cut_purged node=63 removed=1 by_kind={'schedule_nogood_core': 1} remaining=74
[clean-BPC  3129.45s] node 63 cg=3 phase=phase2 obj=236.164602 artificial=0.0 cols=3497
[clean-BPC  3132.84s] node 63 cg=3 phase=phase2 kind=heuristic best_rc=-0.0 found=0 added=0 exhausted=False cert=False
[clean-BPC  3139.45s] node 63 cg=3 phase=phase2 kind=heuristic_boost best_rc=-1.068203667 found=51 added=51 exhausted=True cert=True
[clean-BPC  3139.62s] node 63 cg=4 phase=phase2 obj=236.164602 artificial=0.0 cols=3548
[clean-BPC  3139.62s] cut_purged node=63 removed=1 by_kind={'schedule_nogood_core': 1} remaining=73
[clean-BPC  3139.80s] node 63 cg=5 phase=phase2 obj=236.164602 artificial=0.0 cols=3548
[clean-BPC  3143.46s] node 63 cg=5 phase=phase2 kind=heuristic best_rc=-0.088145 found=1 added=1 exhausted=False cert=False
[clean-BPC  3143.64s] node 63 cg=6 phase=phase2 obj=236.164602 artificial=0.0 cols=3549
[clean-BPC  3147.22s] node 63 cg=6 phase=phase2 kind=heuristic best_rc=0.188626 found=0 added=0 exhausted=False cert=False
[clean-BPC  3155.28s] node 63 cg=6 phase=phase2 kind=heuristic_boost best_rc=-0.750366167 found=9 added=9 exhausted=True cert=True
[clean-BPC  3155.46s] node 63 cg=7 phase=phase2 obj=236.164602 artificial=0.0 cols=3558
[clean-BPC  3158.86s] node 63 cg=7 phase=phase2 kind=heuristic best_rc=0.0 found=0 added=0 exhausted=False cert=False
[clean-BPC  3165.47s] node 63 cg=7 phase=phase2 kind=heuristic_boost best_rc=0.0 found=0 added=0 exhausted=True cert=True
[clean-BPC  3165.47s] fathom node 63: reason=bound_after_schedule_pack bound=236.164602
[clean-BPC  3165.47s] node 64 d=10 lb=235.823838 open=22
[clean-BPC  3165.57s] node 64 cg=1 phase=phase1 obj=0.0 artificial=0.0 cols=3558
[clean-BPC  3165.68s] node 64 cg=2 phase=phase2 obj=235.703003 artificial=0.0 cols=3558
[clean-BPC  3165.68s] cut_purged node=64 removed=4 by_kind={'schedule_nogood_core': 4} remaining=69
[clean-BPC  3165.77s] node 64 cg=3 phase=phase2 obj=235.703003 artificial=0.0 cols=3558
[clean-BPC  3168.47s] node 64 cg=3 phase=phase2 kind=heuristic best_rc=0.0 found=0 added=0 exhausted=False cert=False
[clean-BPC  3172.97s] node 64 cg=3 phase=phase2 kind=heuristic_boost best_rc=0.0 found=0 added=0 exhausted=True cert=True
[clean-BPC  3172.97s] route-pack-conflict diag node 64 source_vehicle=1 routes=5 U=4 complete=True cache_hit=True states=113 added=0
[clean-BPC  3174.62s] cut_added family=schedule_nogood_core node=64 added=1 source_vehicle=1 route_count=4 signatures=[[4, 20, 19, 13], [7, 16, 9, 18, 8], [1, 5, 3], [2, 6, 10, 15, 12]]
[clean-BPC  3174.62s] node 64 d=10 lb=235.703003 open=22
[clean-BPC  3174.71s] node 64 cg=1 phase=phase1 obj=0.0 artificial=0.0 cols=3558
[clean-BPC  3174.81s] node 64 cg=2 phase=phase2 obj=235.703003 artificial=0.0 cols=3558
[clean-BPC  3177.55s] node 64 cg=2 phase=phase2 kind=heuristic best_rc=0.0 found=0 added=0 exhausted=False cert=False
[clean-BPC  3182.09s] node 64 cg=2 phase=phase2 kind=heuristic_boost best_rc=0.0 found=0 added=0 exhausted=True cert=True
[clean-BPC  3182.10s] route-pack-conflict diag node 64 source_vehicle=1 routes=5 U=4 complete=True cache_hit=True states=113 added=0
[clean-BPC  3183.73s] cut_added family=schedule_nogood_core node=64 added=1 source_vehicle=1 route_count=4 signatures=[[4, 20, 19, 13], [7, 16, 9, 18, 8], [3, 5, 1], [2, 6, 10, 15, 12]]
[clean-BPC  3183.73s] node 64 d=10 lb=235.703003 open=22
[clean-BPC  3183.84s] node 64 cg=1 phase=phase1 obj=0.0 artificial=0.0 cols=3558
[clean-BPC  3183.94s] node 64 cg=2 phase=phase2 obj=235.774292 artificial=0.0 cols=3558
[clean-BPC  3187.17s] node 64 cg=2 phase=phase2 kind=heuristic best_rc=0.0 found=0 added=0 exhausted=False cert=False
[clean-BPC  3193.70s] node 64 cg=2 phase=phase2 kind=heuristic_boost best_rc=0.0 found=0 added=0 exhausted=True cert=True
[clean-BPC  3193.71s] route-pack-conflict diag node 64 source_vehicle=1 routes=5 U=4 complete=True cache_hit=True states=113 added=0
[clean-BPC  3195.35s] cut_added family=schedule_nogood_core node=64 added=1 source_vehicle=1 route_count=4 signatures=[[4, 20, 19, 13], [7, 16, 9, 18, 8], [1, 3, 5], [2, 6, 10, 15, 12]]
[clean-BPC  3195.35s] node 64 d=10 lb=235.774292 open=22
[clean-BPC  3195.45s] node 64 cg=1 phase=phase1 obj=0.0 artificial=0.0 cols=3558
[clean-BPC  3195.56s] node 64 cg=2 phase=phase2 obj=235.774292 artificial=0.0 cols=3558
[clean-BPC  3198.75s] node 64 cg=2 phase=phase2 kind=heuristic best_rc=0.0 found=0 added=0 exhausted=False cert=False
[clean-BPC  3205.32s] node 64 cg=2 phase=phase2 kind=heuristic_boost best_rc=0.0 found=0 added=0 exhausted=True cert=True
[clean-BPC  3205.32s] route-pack-conflict diag node 64 source_vehicle=1 routes=5 U=4 complete=True cache_hit=True states=110 added=0
[clean-BPC  3206.95s] cut_added family=schedule_nogood_core node=64 added=1 source_vehicle=1 route_count=4 signatures=[[4, 20, 19, 13], [7, 16, 9, 18, 8], [5, 3, 1], [2, 6, 10, 15, 12]]
[clean-BPC  3206.95s] node 64 d=10 lb=235.774292 open=22
[clean-BPC  3207.06s] node 64 cg=1 phase=phase1 obj=0.0 artificial=0.0 cols=3558
[clean-BPC  3207.16s] node 64 cg=2 phase=phase2 obj=235.88029 artificial=0.0 cols=3558
[clean-BPC  3210.56s] node 64 cg=2 phase=phase2 kind=heuristic best_rc=0.0 found=0 added=0 exhausted=False cert=False
[clean-BPC  3217.68s] node 64 cg=2 phase=phase2 kind=heuristic_boost best_rc=0.0 found=0 added=0 exhausted=True cert=True
[clean-BPC  3220.42s] branch node 64: left=RF(15,19)=separate right=RF(15,19)=same
[clean-BPC  3220.42s] node 61 d=12 lb=235.82638 open=23
[clean-BPC  3220.55s] node 61 cg=1 phase=phase1 obj=0.0 artificial=0.0 cols=3558
[clean-BPC  3220.71s] node 61 cg=2 phase=phase2 obj=235.771988 artificial=0.0 cols=3558
[clean-BPC  3223.69s] node 61 cg=2 phase=phase2 kind=heuristic best_rc=-0.203965 found=1 added=1 exhausted=False cert=False
[clean-BPC  3223.83s] node 61 cg=3 phase=phase2 obj=235.771988 artificial=0.0 cols=3559
[clean-BPC  3227.11s] node 61 cg=3 phase=phase2 kind=heuristic best_rc=0.0 found=0 added=0 exhausted=False cert=False
[clean-BPC  3234.28s] node 61 cg=3 phase=phase2 kind=heuristic_boost best_rc=0.0 found=0 added=0 exhausted=True cert=True
[clean-BPC  3234.28s] route-pack-conflict diag node 61 source_vehicle=1 routes=5 U=4 complete=True cache_hit=True states=98 added=0
[clean-BPC  3234.76s] cut_added family=schedule_nogood_core node=61 added=1 source_vehicle=1 route_count=3 signatures=[[13, 19, 20, 4], [5, 3, 1], [2, 6, 10, 15, 12]]
[clean-BPC  3234.76s] node 61 d=12 lb=235.771988 open=23
[clean-BPC  3234.91s] node 61 cg=1 phase=phase1 obj=0.0 artificial=0.0 cols=3559
[clean-BPC  3235.07s] node 61 cg=2 phase=phase2 obj=235.771988 artificial=0.0 cols=3559
[clean-BPC  3238.43s] node 61 cg=2 phase=phase2 kind=heuristic best_rc=0.0 found=0 added=0 exhausted=False cert=False
[clean-BPC  3245.67s] node 61 cg=2 phase=phase2 kind=heuristic_boost best_rc=0.0 found=0 added=0 exhausted=True cert=True
[clean-BPC  3245.68s] route-pack-conflict diag node 61 source_vehicle=1 routes=5 U=4 complete=True cache_hit=False states=89 added=0
[clean-BPC  3246.14s] cut_added family=schedule_nogood_core node=61 added=1 source_vehicle=1 route_count=3 signatures=[[13, 19, 20, 4], [5, 3, 1], [12, 15, 10, 6, 2]]
[clean-BPC  3246.14s] node 61 d=12 lb=235.771988 open=23
[clean-BPC  3246.31s] node 61 cg=1 phase=phase1 obj=0.0 artificial=0.0 cols=3559
[clean-BPC  3246.45s] node 61 cg=2 phase=phase2 obj=235.961822 artificial=0.0 cols=3559
[clean-BPC  3249.82s] node 61 cg=2 phase=phase2 kind=heuristic best_rc=-0.4255016 found=4 added=4 exhausted=False cert=False
[clean-BPC  3249.97s] node 61 cg=3 phase=phase2 obj=235.961822 artificial=0.0 cols=3563
[clean-BPC  3253.48s] node 61 cg=3 phase=phase2 kind=heuristic best_rc=-0.0 found=0 added=0 exhausted=False cert=False
[clean-BPC  3261.23s] node 61 cg=3 phase=phase2 kind=heuristic_boost best_rc=-0.0 found=0 added=0 exhausted=True cert=True
[clean-BPC  3261.23s] fathom node 61: reason=bound_after_schedule_pack bound=235.961822
[clean-BPC  3261.23s] node 62 d=12 lb=235.82638 open=22
[clean-BPC  3261.36s] node 62 cg=1 phase=phase1 obj=0.0 artificial=0.0 cols=3563
[clean-BPC  3261.48s] node 62 cg=2 phase=phase2 obj=236.390064 artificial=0.0 cols=3563
[clean-BPC  3264.83s] node 62 cg=2 phase=phase2 kind=heuristic best_rc=-0.131421 found=2 added=2 exhausted=False cert=False
[clean-BPC  3264.95s] node 62 cg=3 phase=phase2 obj=236.390064 artificial=0.0 cols=3565
[clean-BPC  3268.34s] node 62 cg=3 phase=phase2 kind=heuristic best_rc=-0.0 found=0 added=0 exhausted=False cert=False
[clean-BPC  3277.09s] node 62 cg=3 phase=phase2 kind=heuristic_boost best_rc=-0.0 found=0 added=0 exhausted=True cert=True
[clean-BPC  3277.09s] fathom node 62: reason=bound_after_schedule_pack bound=236.390064
[clean-BPC  3277.09s] node 54 d=11 lb=235.844283 open=21
[clean-BPC  3277.27s] node 54 cg=1 phase=phase1 obj=0.0 artificial=0.0 cols=3565
[clean-BPC  3277.44s] node 54 cg=2 phase=phase2 obj=239.437763 artificial=0.0 cols=3565
[clean-BPC  3277.44s] cut_purged node=54 removed=4 by_kind={'schedule_nogood_core': 4} remaining=71
[clean-BPC  3277.62s] node 54 cg=3 phase=phase2 obj=239.437763 artificial=0.0 cols=3565
[clean-BPC  3281.19s] node 54 cg=3 phase=phase2 kind=heuristic best_rc=-3.500174167 found=79 added=79 exhausted=False cert=False
[clean-BPC  3281.35s] node 54 cg=4 phase=phase2 obj=237.798912 artificial=0.0 cols=3644
[clean-BPC  3284.89s] node 54 cg=4 phase=phase2 kind=heuristic best_rc=0.321967 found=0 added=0 exhausted=False cert=False
[clean-BPC  3292.07s] node 54 cg=4 phase=phase2 kind=heuristic_boost best_rc=0.2655024 found=0 added=0 exhausted=True cert=True
[clean-BPC  3292.07s] fathom node 54: reason=bound_after_schedule_pack bound=237.798912
[clean-BPC  3292.07s] node 53 d=11 lb=235.844283 open=20
[clean-BPC  3292.23s] node 53 cg=1 phase=phase1 obj=0.0 artificial=0.0 cols=3644
[clean-BPC  3292.41s] node 53 cg=2 phase=phase2 obj=235.700699 artificial=0.0 cols=3644
[clean-BPC  3296.02s] node 53 cg=2 phase=phase2 kind=heuristic best_rc=-0.172521 found=1 added=1 exhausted=False cert=False
[clean-BPC  3296.20s] node 53 cg=3 phase=phase2 obj=235.700699 artificial=0.0 cols=3645
[clean-BPC  3299.87s] node 53 cg=3 phase=phase2 kind=heuristic best_rc=-0.280879 found=2 added=2 exhausted=False cert=False
[clean-BPC  3300.03s] node 53 cg=4 phase=phase2 obj=235.700699 artificial=0.0 cols=3647
[clean-BPC  3300.03s] cut_purged node=53 removed=1 by_kind={'schedule_nogood_core': 1} remaining=70
[clean-BPC  3300.21s] node 53 cg=5 phase=phase2 obj=235.700699 artificial=0.0 cols=3647
[clean-BPC  3303.77s] node 53 cg=5 phase=phase2 kind=heuristic best_rc=-0.0 found=0 added=0 exhausted=False cert=False
[clean-BPC  3310.94s] node 53 cg=5 phase=phase2 kind=heuristic_boost best_rc=-0.0 found=0 added=0 exhausted=True cert=True
[clean-BPC  3310.94s] route-pack-conflict diag node 53 source_vehicle=1 routes=5 U=4 complete=True cache_hit=False states=100 added=0
[clean-BPC  3311.41s] cut_added family=schedule_nogood_core node=53 added=1 source_vehicle=1 route_count=3 signatures=[[13, 19, 20, 4], [3, 5, 1], [2, 6, 10, 15, 12]]
[clean-BPC  3311.41s] node 53 d=11 lb=235.700699 open=20
[clean-BPC  3311.60s] node 53 cg=1 phase=phase1 obj=0.0 artificial=0.0 cols=3647
[clean-BPC  3311.76s] node 53 cg=2 phase=phase2 obj=235.700699 artificial=0.0 cols=3647
[clean-BPC  3315.42s] node 53 cg=2 phase=phase2 kind=heuristic best_rc=0.0 found=0 added=0 exhausted=False cert=False
[clean-BPC  3322.79s] node 53 cg=2 phase=phase2 kind=heuristic_boost best_rc=0.0 found=0 added=0 exhausted=True cert=True
[clean-BPC  3322.80s] route-pack-conflict diag node 53 source_vehicle=1 routes=5 U=4 complete=True cache_hit=True states=92 added=0
[clean-BPC  3323.27s] cut_added family=schedule_nogood_core node=53 added=1 source_vehicle=1 route_count=3 signatures=[[13, 19, 20, 4], [3, 5, 1], [12, 15, 10, 6, 2]]
[clean-BPC  3323.27s] node 53 d=11 lb=235.700699 open=20
[clean-BPC  3323.43s] node 53 cg=1 phase=phase1 obj=0.0 artificial=0.0 cols=3647
[clean-BPC  3323.61s] node 53 cg=2 phase=phase2 obj=235.854565 artificial=0.0 cols=3647
[clean-BPC  3327.33s] node 53 cg=2 phase=phase2 kind=heuristic best_rc=0.0 found=0 added=0 exhausted=False cert=False
[clean-BPC  3334.82s] node 53 cg=2 phase=phase2 kind=heuristic_boost best_rc=0.0 found=0 added=0 exhausted=True cert=True
[clean-BPC  3337.25s] branch node 53: left=RF(3,15)=separate right=RF(3,15)=same
[clean-BPC  3337.25s] node 68 d=12 lb=235.848046 open=21
[clean-BPC  3337.38s] node 68 cg=1 phase=phase1 obj=0.0 artificial=0.0 cols=3647
[clean-BPC  3337.50s] node 68 cg=2 phase=phase2 obj=237.606248 artificial=0.0 cols=3647
[clean-BPC  3340.31s] node 68 cg=2 phase=phase2 kind=heuristic best_rc=-0.0 found=0 added=0 exhausted=False cert=False
[clean-BPC  3346.41s] node 68 cg=2 phase=phase2 kind=heuristic_boost best_rc=-0.0 found=0 added=0 exhausted=True cert=True
[clean-BPC  3346.41s] fathom node 68: reason=bound_after_schedule_pack bound=237.606248
[clean-BPC  3346.41s] node 67 d=12 lb=235.848046 open=20
[clean-BPC  3346.58s] node 67 cg=1 phase=phase1 obj=0.0 artificial=0.0 cols=3647
[clean-BPC  3346.74s] node 67 cg=2 phase=phase2 obj=235.700699 artificial=0.0 cols=3647
[clean-BPC  3350.07s] node 67 cg=2 phase=phase2 kind=heuristic best_rc=0.0 found=0 added=0 exhausted=False cert=False
[clean-BPC  3355.51s] node 67 cg=2 phase=phase2 kind=heuristic_boost best_rc=0.0 found=0 added=0 exhausted=True cert=True
[clean-BPC  3355.52s] route-pack-conflict diag node 67 source_vehicle=1 routes=5 U=4 complete=True cache_hit=True states=108 added=0
[clean-BPC  3357.00s] cut_added family=schedule_nogood_core node=67 added=1 source_vehicle=1 route_count=3 signatures=[[4, 20, 19, 13], [8, 18, 16, 9, 7], [2, 6, 10, 15, 12]]
[clean-BPC  3357.00s] node 67 d=12 lb=235.700699 open=20
[clean-BPC  3357.15s] node 67 cg=1 phase=phase1 obj=0.0 artificial=0.0 cols=3647
[clean-BPC  3357.33s] node 67 cg=2 phase=phase2 obj=235.700699 artificial=0.0 cols=3647
[clean-BPC  3360.67s] node 67 cg=2 phase=phase2 kind=heuristic best_rc=0.0 found=0 added=0 exhausted=False cert=False
[clean-BPC  3366.26s] node 67 cg=2 phase=phase2 kind=heuristic_boost best_rc=0.0 found=0 added=0 exhausted=True cert=True
[clean-BPC  3366.27s] route-pack-conflict diag node 67 source_vehicle=1 routes=5 U=4 complete=True cache_hit=True states=110 added=0
[clean-BPC  3367.75s] cut_added family=schedule_nogood_core node=67 added=1 source_vehicle=1 route_count=3 signatures=[[4, 20, 19, 13], [7, 9, 16, 18, 8], [2, 6, 10, 15, 12]]
[clean-BPC  3367.75s] node 67 d=12 lb=235.700699 open=20
[clean-BPC  3367.93s] node 67 cg=1 phase=phase1 obj=0.0 artificial=0.0 cols=3647
[clean-BPC  3368.09s] node 67 cg=2 phase=phase2 obj=235.703003 artificial=0.0 cols=3647
[clean-BPC  3371.51s] node 67 cg=2 phase=phase2 kind=heuristic best_rc=0.0 found=0 added=0 exhausted=False cert=False
[clean-BPC  3377.26s] node 67 cg=2 phase=phase2 kind=heuristic_boost best_rc=0.0 found=0 added=0 exhausted=True cert=True
[clean-BPC  3377.26s] route-pack-conflict diag node 67 source_vehicle=1 routes=5 U=4 complete=True cache_hit=True states=108 added=0
[clean-BPC  3378.74s] cut_added family=schedule_nogood_core node=67 added=1 source_vehicle=1 route_count=3 signatures=[[4, 20, 19, 13], [8, 18, 9, 16, 7], [2, 6, 10, 15, 12]]
[clean-BPC  3378.75s] node 67 d=12 lb=235.703003 open=20
[clean-BPC  3378.90s] node 67 cg=1 phase=phase1 obj=0.0 artificial=0.0 cols=3647
[clean-BPC  3379.08s] node 67 cg=2 phase=phase2 obj=235.855333 artificial=0.0 cols=3647
[clean-BPC  3382.50s] node 67 cg=2 phase=phase2 kind=heuristic best_rc=-0.0 found=0 added=0 exhausted=False cert=False
[clean-BPC  3388.25s] node 67 cg=2 phase=phase2 kind=heuristic_boost best_rc=-0.0 found=0 added=0 exhausted=True cert=True
[clean-BPC  3391.69s] branch node 67: left=RF(1,3)=separate right=RF(1,3)=same
[clean-BPC  3391.69s] node 83 d=12 lb=235.854565 open=21
[clean-BPC  3391.83s] node 83 cg=1 phase=phase1 obj=0.0 artificial=0.0 cols=3647
[clean-BPC  3392.00s] node 83 cg=2 phase=phase2 obj=235.908355 artificial=0.0 cols=3647
[clean-BPC  3392.00s] cut_purged node=83 removed=1 by_kind={'schedule_nogood_core': 1} remaining=74
[clean-BPC  3392.15s] node 83 cg=3 phase=phase2 obj=235.908355 artificial=0.0 cols=3647
[clean-BPC  3395.58s] node 83 cg=3 phase=phase2 kind=heuristic best_rc=-0.44545525 found=5 added=5 exhausted=False cert=False
[clean-BPC  3395.74s] node 83 cg=4 phase=phase2 obj=235.890169 artificial=0.0 cols=3652
[clean-BPC  3399.16s] node 83 cg=4 phase=phase2 kind=heuristic best_rc=0.123528 found=0 added=0 exhausted=False cert=False
[clean-BPC  3405.34s] node 83 cg=4 phase=phase2 kind=heuristic_boost best_rc=-0.0 found=0 added=0 exhausted=True cert=True
[clean-BPC  3410.03s] branch node 83: left=RF(3,18)=separate right=RF(3,18)=same
[clean-BPC  3410.03s] node 84 d=12 lb=235.854565 open=22
[clean-BPC  3410.13s] node 84 cg=1 phase=phase1 obj=0.0 artificial=0.0 cols=3652
[clean-BPC  3410.21s] node 84 cg=2 phase=phase2 obj=236.162298 artificial=0.0 cols=3652
[clean-BPC  3413.21s] node 84 cg=2 phase=phase2 kind=heuristic best_rc=0.0 found=0 added=0 exhausted=False cert=False
[clean-BPC  3419.63s] node 84 cg=2 phase=phase2 kind=heuristic_boost best_rc=0.0 found=0 added=0 exhausted=True cert=True
[clean-BPC  3419.63s] fathom node 84: reason=bound_after_schedule_pack bound=236.162298
[clean-BPC  3419.63s] node 78 d=10 lb=235.854565 open=21
[clean-BPC  3419.70s] node 78 cg=1 phase=phase1 obj=0.0 artificial=0.0 cols=3652
[clean-BPC  3419.78s] node 78 cg=2 phase=phase2 obj=236.162298 artificial=0.0 cols=3652
[clean-BPC  3422.85s] node 78 cg=2 phase=phase2 kind=heuristic best_rc=-0.0 found=0 added=0 exhausted=False cert=False
[clean-BPC  3430.98s] node 78 cg=2 phase=phase2 kind=heuristic_boost best_rc=-0.0 found=0 added=0 exhausted=True cert=True
[clean-BPC  3430.99s] fathom node 78: reason=bound_after_schedule_pack bound=236.162298
[clean-BPC  3430.99s] node 77 d=10 lb=235.854565 open=20
[clean-BPC  3431.10s] node 77 cg=1 phase=phase1 obj=0.0 artificial=0.0 cols=3652
[clean-BPC  3431.21s] node 77 cg=2 phase=phase2 obj=235.700699 artificial=0.0 cols=3652
[clean-BPC  3434.21s] node 77 cg=2 phase=phase2 kind=heuristic best_rc=-0.022445 found=2 added=2 exhausted=False cert=False
[clean-BPC  3434.32s] node 77 cg=3 phase=phase2 obj=235.700699 artificial=0.0 cols=3654
[clean-BPC  3437.31s] node 77 cg=3 phase=phase2 kind=heuristic best_rc=-0.2712235 found=2 added=2 exhausted=False cert=False
[clean-BPC  3437.42s] node 77 cg=4 phase=phase2 obj=235.700699 artificial=0.0 cols=3656
[clean-BPC  3437.42s] cut_purged node=77 removed=2 by_kind={'schedule_nogood_core': 2} remaining=72
[clean-BPC  3437.54s] node 77 cg=5 phase=phase2 obj=235.700699 artificial=0.0 cols=3656
[clean-BPC  3440.53s] node 77 cg=5 phase=phase2 kind=heuristic best_rc=0.049438 found=0 added=0 exhausted=False cert=False
[clean-BPC  3446.58s] node 77 cg=5 phase=phase2 kind=heuristic_boost best_rc=0.049438 found=0 added=0 exhausted=True cert=True
[clean-BPC  3446.59s] route-pack-conflict diag node 77 source_vehicle=1 routes=5 U=4 complete=True cache_hit=True states=104 added=0
[clean-BPC  3447.06s] cut_added family=schedule_nogood_core node=77 added=1 source_vehicle=1 route_count=3 signatures=[[13, 19, 20, 4], [1, 5, 3], [2, 6, 10, 15, 12]]
[clean-BPC  3447.06s] node 77 d=10 lb=235.700699 open=20
[clean-BPC  3447.18s] node 77 cg=1 phase=phase1 obj=0.0 artificial=0.0 cols=3656
[clean-BPC  3447.28s] node 77 cg=2 phase=phase2 obj=235.700699 artificial=0.0 cols=3656
[clean-BPC  3450.36s] node 77 cg=2 phase=phase2 kind=heuristic best_rc=0.049438 found=0 added=0 exhausted=False cert=False
[clean-BPC  3456.43s] node 77 cg=2 phase=phase2 kind=heuristic_boost best_rc=0.049438 found=0 added=0 exhausted=True cert=True
[clean-BPC  3456.44s] route-pack-conflict diag node 77 source_vehicle=1 routes=5 U=4 complete=True cache_hit=True states=95 added=0
[clean-BPC  3456.90s] cut_added family=schedule_nogood_core node=77 added=1 source_vehicle=1 route_count=3 signatures=[[13, 19, 20, 4], [1, 5, 3], [12, 15, 10, 6, 2]]
[clean-BPC  3456.90s] node 77 d=10 lb=235.700699 open=20
[clean-BPC  3457.02s] node 77 cg=1 phase=phase1 obj=0.0 artificial=0.0 cols=3656
[clean-BPC  3457.13s] node 77 cg=2 phase=phase2 obj=235.908355 artificial=0.0 cols=3656
[clean-BPC  3460.26s] node 77 cg=2 phase=phase2 kind=heuristic best_rc=0.09576425 found=0 added=0 exhausted=False cert=False
[clean-BPC  3466.43s] node 77 cg=2 phase=phase2 kind=heuristic_boost best_rc=0.09576425 found=0 added=0 exhausted=True cert=True
[clean-BPC  3468.47s] branch node 77: left=RF(4,20)=separate right=RF(4,20)=same
[clean-BPC  3468.47s] node 85 d=13 lb=235.855333 open=21
[clean-BPC  3468.63s] node 85 cg=1 phase=phase1 obj=0.0 artificial=0.0 cols=3656
[clean-BPC  3468.77s] node 85 cg=2 phase=phase2 obj=236.162298 artificial=0.0 cols=3656
[clean-BPC  3472.30s] node 85 cg=2 phase=phase2 kind=heuristic best_rc=-0.116363 found=1 added=1 exhausted=False cert=False
[clean-BPC  3472.44s] node 85 cg=3 phase=phase2 obj=236.162298 artificial=0.0 cols=3657
[clean-BPC  3475.95s] node 85 cg=3 phase=phase2 kind=heuristic best_rc=0.102515 found=0 added=0 exhausted=False cert=False
[clean-BPC  3483.25s] node 85 cg=3 phase=phase2 kind=heuristic_boost best_rc=-0.07036 found=4 added=4 exhausted=True cert=True
[clean-BPC  3483.40s] node 85 cg=4 phase=phase2 obj=236.162298 artificial=0.0 cols=3661
[clean-BPC  3486.87s] node 85 cg=4 phase=phase2 kind=heuristic best_rc=-0.0 found=0 added=0 exhausted=False cert=False
[clean-BPC  3494.09s] node 85 cg=4 phase=phase2 kind=heuristic_boost best_rc=-0.0 found=0 added=0 exhausted=True cert=True
[clean-BPC  3494.09s] fathom node 85: reason=bound_after_schedule_pack bound=236.162298
[clean-BPC  3494.09s] node 86 d=13 lb=235.855333 open=20
[clean-BPC  3494.19s] node 86 cg=1 phase=phase1 obj=0.0 artificial=0.0 cols=3661
[clean-BPC  3494.27s] node 86 cg=2 phase=phase2 obj=235.700699 artificial=0.0 cols=3661
[clean-BPC  3497.33s] node 86 cg=2 phase=phase2 kind=heuristic best_rc=0.0 found=0 added=0 exhausted=False cert=False
[clean-BPC  3503.10s] node 86 cg=2 phase=phase2 kind=heuristic_boost best_rc=0.0 found=0 added=0 exhausted=True cert=True
[clean-BPC  3503.11s] route-pack-conflict diag node 86 source_vehicle=1 routes=5 U=4 complete=True cache_hit=True states=108 added=0
[clean-BPC  3504.58s] cut_added family=schedule_nogood_core node=86 added=1 source_vehicle=1 route_count=3 signatures=[[4, 20, 19, 13], [8, 18, 16, 9, 7], [2, 6, 10, 15, 12]]
[clean-BPC  3504.58s] node 86 d=13 lb=235.700699 open=20
[clean-BPC  3504.66s] node 86 cg=1 phase=phase1 obj=0.0 artificial=0.0 cols=3661
[clean-BPC  3504.76s] node 86 cg=2 phase=phase2 obj=235.703003 artificial=0.0 cols=3661
[clean-BPC  3507.94s] node 86 cg=2 phase=phase2 kind=heuristic best_rc=0.0 found=0 added=0 exhausted=False cert=False
[clean-BPC  3514.01s] node 86 cg=2 phase=phase2 kind=heuristic_boost best_rc=0.0 found=0 added=0 exhausted=True cert=True
[clean-BPC  3514.01s] route-pack-conflict diag node 86 source_vehicle=1 routes=5 U=4 complete=True cache_hit=True states=108 added=0
[clean-BPC  3515.48s] cut_added family=schedule_nogood_core node=86 added=1 source_vehicle=1 route_count=3 signatures=[[4, 20, 19, 13], [8, 18, 9, 16, 7], [2, 6, 10, 15, 12]]
[clean-BPC  3515.48s] node 86 d=13 lb=235.703003 open=20
[clean-BPC  3515.56s] node 86 cg=1 phase=phase1 obj=0.0 artificial=0.0 cols=3661
[clean-BPC  3515.66s] node 86 cg=2 phase=phase2 obj=235.982032 artificial=0.0 cols=3661
[clean-BPC  3515.66s] cut_purged node=86 removed=1 by_kind={'schedule_nogood_core': 1} remaining=75
[clean-BPC  3515.76s] node 86 cg=3 phase=phase2 obj=235.982032 artificial=0.0 cols=3661
[clean-BPC  3515.76s] cut_purged node=86 removed=1 by_kind={'schedule_nogood_core': 1} remaining=74
[clean-BPC  3515.85s] node 86 cg=4 phase=phase2 obj=235.982032 artificial=0.0 cols=3661
[clean-BPC  3515.85s] cut_purged node=86 removed=1 by_kind={'schedule_nogood_core': 1} remaining=73
[clean-BPC  3515.94s] node 86 cg=5 phase=phase2 obj=235.982032 artificial=0.0 cols=3661
[clean-BPC  3519.25s] node 86 cg=5 phase=phase2 kind=heuristic best_rc=-0.274892 found=2 added=2 exhausted=False cert=False
[clean-BPC  3519.34s] node 86 cg=6 phase=phase2 obj=235.890401 artificial=0.0 cols=3663
[clean-BPC  3522.59s] node 86 cg=6 phase=phase2 kind=heuristic best_rc=0.0 found=0 added=0 exhausted=False cert=False
[clean-BPC  3528.86s] node 86 cg=6 phase=phase2 kind=heuristic_boost best_rc=-0.0 found=0 added=0 exhausted=True cert=True
[clean-BPC  3530.69s] branch node 86: left=arc(8,18)=off right=arc(8,18)=on
[clean-BPC  3530.69s] node 79 d=12 lb=235.878528 open=21
[clean-BPC  3530.79s] node 79 cg=1 phase=phase1 obj=0.0 artificial=0.0 cols=3663
[clean-BPC  3530.91s] node 79 cg=2 phase=phase2 obj=235.700699 artificial=0.0 cols=3663
[clean-BPC  3534.06s] node 79 cg=2 phase=phase2 kind=heuristic best_rc=0.0 found=0 added=0 exhausted=False cert=False
[clean-BPC  3540.94s] node 79 cg=2 phase=phase2 kind=heuristic_boost best_rc=0.0 found=0 added=0 exhausted=True cert=True
[clean-BPC  3540.95s] route-pack-conflict diag node 79 source_vehicle=1 routes=5 U=4 complete=True cache_hit=True states=104 added=0
[clean-BPC  3542.60s] cut_added family=schedule_nogood_core node=79 added=1 source_vehicle=1 route_count=4 signatures=[[4, 20, 19, 13], [7, 9, 16, 18, 8], [1, 5, 3], [12, 15, 10, 6, 2]]
[clean-BPC  3542.60s] node 79 d=12 lb=235.700699 open=21
[clean-BPC  3542.71s] node 79 cg=1 phase=phase1 obj=0.0 artificial=0.0 cols=3663
[clean-BPC  3542.81s] node 79 cg=2 phase=phase2 obj=235.700699 artificial=0.0 cols=3663
[clean-BPC  3545.99s] node 79 cg=2 phase=phase2 kind=heuristic best_rc=0.0 found=0 added=0 exhausted=False cert=False
[clean-BPC  3552.95s] node 79 cg=2 phase=phase2 kind=heuristic_boost best_rc=0.0 found=0 added=0 exhausted=True cert=True
[clean-BPC  3552.96s] route-pack-conflict diag node 79 source_vehicle=1 routes=5 U=4 complete=True cache_hit=True states=104 added=0
[clean-BPC  3554.62s] cut_added family=schedule_nogood_core node=79 added=1 source_vehicle=1 route_count=4 signatures=[[4, 20, 19, 13], [7, 9, 16, 18, 8], [3, 5, 1], [12, 15, 10, 6, 2]]
[clean-BPC  3554.62s] node 79 d=12 lb=235.700699 open=21
[clean-BPC  3554.73s] node 79 cg=1 phase=phase1 obj=0.0 artificial=0.0 cols=3663
[clean-BPC  3554.84s] node 79 cg=2 phase=phase2 obj=235.771988 artificial=0.0 cols=3663
[clean-BPC  3558.08s] node 79 cg=2 phase=phase2 kind=heuristic best_rc=-0.0 found=0 added=0 exhausted=False cert=False
[clean-BPC  3565.17s] node 79 cg=2 phase=phase2 kind=heuristic_boost best_rc=-0.0 found=0 added=0 exhausted=True cert=True
[clean-BPC  3565.18s] route-pack-conflict diag node 79 source_vehicle=1 routes=5 U=4 complete=True cache_hit=True states=104 added=0
[clean-BPC  3566.82s] cut_added family=schedule_nogood_core node=79 added=1 source_vehicle=1 route_count=4 signatures=[[4, 20, 19, 13], [7, 9, 16, 18, 8], [1, 3, 5], [12, 15, 10, 6, 2]]
[clean-BPC  3566.82s] node 79 d=12 lb=235.771988 open=21
[clean-BPC  3566.92s] node 79 cg=1 phase=phase1 obj=0.0 artificial=0.0 cols=3663
[clean-BPC  3567.02s] node 79 cg=2 phase=phase2 obj=235.771988 artificial=0.0 cols=3663
[clean-BPC  3570.32s] node 79 cg=2 phase=phase2 kind=heuristic best_rc=0.0 found=0 added=0 exhausted=False cert=False
[clean-BPC  3577.41s] node 79 cg=2 phase=phase2 kind=heuristic_boost best_rc=0.0 found=0 added=0 exhausted=True cert=True
[clean-BPC  3577.42s] route-pack-conflict diag node 79 source_vehicle=1 routes=5 U=4 complete=True cache_hit=True states=101 added=0
[clean-BPC  3579.08s] cut_added family=schedule_nogood_core node=79 added=1 source_vehicle=1 route_count=4 signatures=[[4, 20, 19, 13], [7, 9, 16, 18, 8], [5, 3, 1], [12, 15, 10, 6, 2]]
[clean-BPC  3579.08s] node 79 d=12 lb=235.771988 open=21
[clean-BPC  3579.20s] node 79 cg=1 phase=phase1 obj=0.0 artificial=0.0 cols=3663
[clean-BPC  3579.30s] node 79 cg=2 phase=phase2 obj=235.897553 artificial=0.0 cols=3663
[clean-BPC  3582.78s] node 79 cg=2 phase=phase2 kind=heuristic best_rc=-0.0 found=0 added=0 exhausted=False cert=False
[clean-BPC  3592.16s] node 79 cg=2 phase=phase2 kind=heuristic_boost best_rc=-0.0 found=0 added=0 exhausted=True cert=True
[clean-BPC  3593.99s] branch node 79: left=RF(4,5)=separate right=RF(4,5)=same
[clean-BPC  3593.99s] node 80 d=12 lb=235.878528 open=22
[clean-BPC  3594.06s] node 80 cg=1 phase=phase1 obj=0.0 artificial=0.0 cols=3663
[clean-BPC  3594.13s] node 80 cg=2 phase=phase2 obj=238.876228 artificial=0.0 cols=3663
[clean-BPC  3596.66s] node 80 cg=2 phase=phase2 kind=heuristic best_rc=-6.032413 found=318 added=318 exhausted=False cert=False
[clean-BPC  3596.75s] node 80 cg=3 phase=phase2 obj=238.876228 artificial=0.0 cols=3981
[clean-BPC  3596.75s] cut_purged node=80 removed=1 by_kind={'schedule_nogood_core': 1} remaining=76
[clean-BPC  3596.84s] node 80 cg=4 phase=phase2 obj=238.876228 artificial=0.0 cols=3981
[clean-BPC  3596.84s] cut_purged node=80 removed=2 by_kind={'schedule_nogood_core': 2} remaining=74
[clean-BPC  3596.92s] node 80 cg=5 phase=phase2 obj=238.876228 artificial=0.0 cols=3981
[clean-BPC  3599.43s] node 80 cg=5 phase=phase2 kind=heuristic best_rc=-0.329211 found=2 added=2 exhausted=False cert=False
[clean-BPC  3599.52s] node 80 cg=6 phase=phase2 obj=238.876228 artificial=0.0 cols=3983
[clean-BPC  3602.01s] node 80 cg=6 phase=phase2 kind=heuristic best_rc=0.071289 found=0 added=0 exhausted=False cert=False
[clean-BPC  3606.94s] node 80 cg=6 phase=phase2 kind=heuristic_boost best_rc=0.071289 found=0 added=0 exhausted=True cert=True
[clean-BPC  3606.94s] fathom node 80: reason=time_limit_after_node_certificate bound=238.876228
[clean-BPC  3606.94s] finish status=TIME_LIMIT primal=235.961604 dual=None gap=None cuts=74 diag_dual=235.88029 diag_gap=0.000345 crossing=5 crossing_upgraded=0 subset_row=9 lm_rank1=0 sched_cost=0 pair=8 clique=0 route_pack=21 nogood=124 sched_cap=0 sched_pack_adapt=0/0 route_enum_adapt=0/0
bench_20_08: status=TIME_LIMIT, primal=235.961604, dual=None, gap=None, diag_dual=235.88029, diag_gap=0.000345, time=3606.940321s, nodes=172, rmp=547, pricing=549, routes=3983, cuts=74, crossing=5, crossing_upgraded=0, rci=5, kpath=0, pair=8, subset_row=9, lm_rank1=0, sched_cost=0, clique=0, route_pack=21, nogood=124, sched_cap=0, rim_calls=10, rim_feasible=0, rim_rejected=177, rim_pair=6, rim_route_pack=26, rim_ng=312, rim_sched_cap=0, sched_pack_status=None, sched_pack_obj=None, sched_pack_gap_root=None, sched_pack_cols=0, sched_pack_relax_calls=0, sched_pack_relax_best=None, sched_pack_full_exact=0, sched_pack_adapt=0/0, sched_pack_adapt_skip=0, route_enum_adapt=0/0, route_enum_adapt_skip=0, cuts_purged=93, branch_test_time=143.60296s
开始 clean BPC: instance=bench_20_09, tasks=20, vehicles=2, time_limit=3600s, max_nodes=100000, log=/home/kai/work/gnn_bb/branchpricecut/results/logs/20260522_restore_best_356s_10_all_20_01_05/bench_20_09.jsonl
[clean-BPC     3.72s] incumbent node 0: obj=254.120967
[clean-BPC     3.72s] start: {'time': 3.717163, 'event': 'start', 'instance': 'bench_20_09', 'tasks': 20, 'vehicles': 2, 'initial_routes': 25, 'initial_incumbent': 254.120967, 'task_vehicle_linking_enabled': True, 'schedule_capacity_cuts_enabled': True, 'schedule_capacity_separation_enabled': False, 'schedule_pack_diagnostic_enabled': False, 'schedule_pack_relaxation_enabled': False, 'schedule_pack_full_pricing_enabled': False, 'schedule_pack_adaptive_enabled': False, 'route_enumeration_adaptive_enabled': False}
[clean-BPC     3.72s] node 0 d=0 lb=0.0 open=0
[clean-BPC     3.72s] node 0 cg=1 phase=phase1 obj=0.0 artificial=0.0 cols=25
[clean-BPC     3.72s] node 0 cg=2 phase=phase2 obj=254.120967 artificial=0.0 cols=25
[clean-BPC     8.33s] node 0 cg=2 phase=phase2 kind=heuristic best_rc=-32.336936 found=78338 added=600 exhausted=False cert=False
[clean-BPC     8.36s] node 0 cg=3 phase=phase2 obj=254.120967 artificial=0.0 cols=625
[clean-BPC    12.06s] node 0 cg=3 phase=phase2 kind=heuristic best_rc=-19.149822 found=41097 added=600 exhausted=False cert=False
[clean-BPC    12.11s] node 0 cg=4 phase=phase2 obj=254.120967 artificial=0.0 cols=1225
[clean-BPC    14.90s] node 0 cg=4 phase=phase2 kind=heuristic best_rc=-9.118959 found=3791 added=600 exhausted=False cert=False
[clean-BPC    14.97s] node 0 cg=5 phase=phase2 obj=244.614279 artificial=0.0 cols=1825
[clean-BPC    17.74s] node 0 cg=5 phase=phase2 kind=heuristic best_rc=-3.22464 found=145 added=145 exhausted=False cert=False
[clean-BPC    17.82s] node 0 cg=6 phase=phase2 obj=241.217908 artificial=0.0 cols=1970
[clean-BPC    20.57s] node 0 cg=6 phase=phase2 kind=heuristic best_rc=-1.5973975 found=27 added=27 exhausted=False cert=False
[clean-BPC    20.65s] node 0 cg=7 phase=phase2 obj=241.180322 artificial=0.0 cols=1997
[clean-BPC    23.42s] node 0 cg=7 phase=phase2 kind=heuristic best_rc=-0.395290606 found=4 added=4 exhausted=False cert=False
[clean-BPC    23.51s] node 0 cg=8 phase=phase2 obj=241.144477 artificial=0.0 cols=2001
[clean-BPC    26.25s] node 0 cg=8 phase=phase2 kind=heuristic best_rc=0.377245 found=0 added=0 exhausted=False cert=False
[clean-BPC    31.75s] node 0 cg=8 phase=phase2 kind=exact best_rc=0.377245 found=0 added=0 exhausted=True cert=True
[clean-BPC    33.34s] cut_added family=crossing_cut node=0 added=3 upgraded=0 first={'id': 0, 'tasks': [4, 9, 11, 12, 14], 'demand': 10.0, 'capacity_bound': 2, 'resource_bound': 1, 'k_bound': 2, 'rhs': 4.0, 'source': 'capacity', 'violation': 1.0, 'action': 'add'}
[clean-BPC    33.45s] node 0 cg=9 phase=phase2 obj=241.527111 artificial=0.0 cols=2001
[clean-BPC    36.86s] node 0 cg=9 phase=phase2 kind=heuristic best_rc=-0.228269231 found=4 added=4 exhausted=False cert=False
[clean-BPC    36.97s] node 0 cg=10 phase=phase2 obj=241.527111 artificial=0.0 cols=2005
[clean-BPC    40.24s] node 0 cg=10 phase=phase2 kind=heuristic best_rc=-0.0 found=0 added=0 exhausted=False cert=False
[clean-BPC    50.35s] node 0 cg=10 phase=phase2 kind=exact best_rc=-0.0 found=0 added=0 exhausted=True cert=True
[clean-BPC    51.51s] cut_added family=crossing_cut node=0 added=4 upgraded=0 first={'id': 3, 'tasks': [3, 8, 11, 13, 15], 'demand': 10.0, 'capacity_bound': 2, 'resource_bound': 1, 'k_bound': 2, 'rhs': 4.0, 'source': 'capacity', 'violation': 0.461538462, 'action': 'add'}
[clean-BPC    51.64s] node 0 cg=11 phase=phase2 obj=241.94235 artificial=0.0 cols=2005
[clean-BPC    55.47s] node 0 cg=11 phase=phase2 kind=heuristic best_rc=-1.021855333 found=20 added=20 exhausted=False cert=False
[clean-BPC    55.61s] node 0 cg=12 phase=phase2 obj=241.824983 artificial=0.0 cols=2025
[clean-BPC    59.37s] node 0 cg=12 phase=phase2 kind=heuristic best_rc=-0.0 found=0 added=0 exhausted=False cert=False
[clean-BPC    74.82s] node 0 cg=12 phase=phase2 kind=exact best_rc=-0.0 found=0 added=0 exhausted=True cert=True
[clean-BPC    75.97s] cut_added family=crossing_cut node=0 added=1 upgraded=0 first={'id': 7, 'tasks': [1, 6, 16, 19, 20], 'demand': 10.0, 'capacity_bound': 2, 'resource_bound': 1, 'k_bound': 2, 'rhs': 4.0, 'source': 'capacity', 'violation': 0.25, 'action': 'add'}
[clean-BPC    76.13s] node 0 cg=13 phase=phase2 obj=241.848149 artificial=0.0 cols=2025
[clean-BPC    80.04s] node 0 cg=13 phase=phase2 kind=heuristic best_rc=-0.0 found=0 added=0 exhausted=False cert=False
[clean-BPC    98.12s] node 0 cg=13 phase=phase2 kind=exact best_rc=-0.0 found=0 added=0 exhausted=True cert=True
[clean-BPC    98.13s] subset-row diag node 0 round=1 cand=263 k=2 dup=0 not_viol=521 violated=5 added=5 max_viol=0.25
[clean-BPC    98.13s] cut_added family=subset_row node=0 added=5 first(|S|=7, k=2, viol=0.25)
[clean-BPC    98.31s] node 0 cg=14 phase=phase2 obj=242.13229 artificial=0.0 cols=2025
[clean-BPC   102.18s] node 0 cg=14 phase=phase2 kind=heuristic best_rc=-0.119051667 found=2 added=2 exhausted=False cert=False
[clean-BPC   102.35s] node 0 cg=15 phase=phase2 obj=242.118284 artificial=0.0 cols=2027
[clean-BPC   106.26s] node 0 cg=15 phase=phase2 kind=heuristic best_rc=-0.0 found=0 added=0 exhausted=False cert=False
[clean-BPC   122.72s] node 0 cg=15 phase=phase2 kind=exact best_rc=-0.0 found=0 added=0 exhausted=True cert=True
[clean-BPC   122.73s] subset-row diag node 0 round=2 cand=247 k=2 dup=2 not_viol=479 violated=13 added=13 max_viol=0.23529411764705843
[clean-BPC   122.73s] cut_added family=subset_row node=0 added=13 first(|S|=7, k=2, viol=0.235294118)
[clean-BPC   122.97s] node 0 cg=16 phase=phase2 obj=242.160818 artificial=0.0 cols=2027
[clean-BPC   126.88s] node 0 cg=16 phase=phase2 kind=heuristic best_rc=-0.355638 found=12 added=12 exhausted=False cert=False
[clean-BPC   127.12s] node 0 cg=17 phase=phase2 obj=242.160818 artificial=0.0 cols=2039
[clean-BPC   130.87s] node 0 cg=17 phase=phase2 kind=heuristic best_rc=-1.163288 found=22 added=22 exhausted=False cert=False
[clean-BPC   131.11s] node 0 cg=18 phase=phase2 obj=242.160818 artificial=0.0 cols=2061
[clean-BPC   134.93s] node 0 cg=18 phase=phase2 kind=heuristic best_rc=0.0 found=0 added=0 exhausted=False cert=False
[clean-BPC   149.36s] node 0 cg=18 phase=phase2 kind=exact best_rc=-0.0 found=0 added=0 exhausted=True cert=True
[clean-BPC   149.36s] subset-row diag node 0 round=3 cand=150 k=2 dup=5 not_viol=295 violated=0 added=0 max_viol=0.0
[clean-BPC   149.42s] lm-rank1 diag node 0 round=1 cand=150 denom=2 patterns=3260 dup=0 not_viol=3192 violated=0 added=0 max_viol=0.0
[clean-BPC   149.50s] route-pack diag node 0 round=1 vehicles=2/2 support_max=12 cand=57 oracle=57 incomplete=0 not_tight=11 not_viol=33 dup=0 violated=13 added=5 max_viol=0.5000000000000004 states_max=3246
[clean-BPC   149.50s] cut_added family=schedule_route_set_packing node=0 added=5 first(vehicle=2, routes=10, U=3, y=0.5, viol=0.5, states=1624)
[clean-BPC   149.74s] node 0 cg=19 phase=phase2 obj=242.160818 artificial=0.0 cols=2061
[clean-BPC   153.75s] node 0 cg=19 phase=phase2 kind=heuristic best_rc=-0.345108 found=4 added=4 exhausted=False cert=False
[clean-BPC   153.99s] node 0 cg=20 phase=phase2 obj=242.160818 artificial=0.0 cols=2065
[clean-BPC   157.84s] node 0 cg=20 phase=phase2 kind=heuristic best_rc=-0.0 found=0 added=0 exhausted=False cert=False
[clean-BPC   174.90s] node 0 cg=20 phase=phase2 kind=exact best_rc=-0.0 found=0 added=0 exhausted=True cert=True
[clean-BPC   174.93s] lm-rank1 diag node 0 round=2 cand=150 denom=2 patterns=3260 dup=0 not_viol=3192 violated=0 added=0 max_viol=0.0
[clean-BPC   174.98s] route-pack diag node 0 round=2 vehicles=1/2 support_max=12 cand=30 oracle=30 incomplete=0 not_tight=6 not_viol=17 dup=0 violated=7 added=5 max_viol=1.0 states_max=3290
[clean-BPC   174.98s] cut_added family=schedule_route_set_packing node=0 added=5 first(vehicle=1, routes=10, U=3, y=1.0, viol=1.0, states=1532)
[clean-BPC   175.22s] node 0 cg=21 phase=phase2 obj=242.160818 artificial=0.0 cols=2065
[clean-BPC   179.12s] node 0 cg=21 phase=phase2 kind=heuristic best_rc=0.0 found=0 added=0 exhausted=False cert=False
[clean-BPC   196.06s] node 0 cg=21 phase=phase2 kind=exact best_rc=-0.0 found=0 added=0 exhausted=True cert=True
[clean-BPC   196.09s] lm-rank1 diag node 0 round=3 cand=150 denom=2 patterns=3260 dup=0 not_viol=3192 violated=0 added=0 max_viol=0.0
[clean-BPC   214.00s] route-pack-conflict diag node 0 source_vehicle=1 routes=5 U=3 complete=True cache_hit=False states=89 added=2
[clean-BPC   214.00s] cut_added family=schedule_route_set_packing node=0 added=2 source=schedule_conflict first(vehicle=1, routes=5, U=3, states=89, cache_hit=False)
[clean-BPC   214.01s] route-pack-conflict diag node 0 source_vehicle=1 routes=5 U=3 complete=True cache_hit=False states=81 added=2
[clean-BPC   214.01s] cut_added family=schedule_route_set_packing node=0 added=2 source=schedule_conflict first(vehicle=1, routes=5, U=3, states=81, cache_hit=False)
[clean-BPC   227.37s] cut_added family=schedule_pair_conflict node=0 added=2 source_vehicle=1 route_count=2 signatures=[[16, 19, 20, 1], [6, 17, 15, 13, 3]]
[clean-BPC   228.58s] cut_added family=schedule_pair_conflict node=0 added=2 source_vehicle=1 route_count=2 signatures=[[4, 9, 11, 13, 3], [16, 19, 20, 1]]
[clean-BPC   228.58s] cut_added family=schedule_pair_conflict node=0 added=2 source_vehicle=1 route_count=2 signatures=[[3, 13, 11, 9, 4], [16, 19, 20, 1]]
[clean-BPC   228.58s] cut_added family=schedule_pair_conflict node=0 added=2 source_vehicle=1 route_count=2 signatures=[[4, 9, 11, 13, 3], [1, 20, 19, 16]]
[clean-BPC   229.18s] rim-conflict diag node 0 conflicts=21 pair_events=4 pair_cuts=8 schedcap_events=0 schedcap_cuts=0 routepack_events=2 routepack_cuts=4 routepack_cache=0 routepack_states_max=89 routepack_budget_skip=15 nogood_events=0 nogood_cuts=0 weak_skip=15
[clean-BPC    17.91s] restricted-MIP node 0 status=SCHEDULE_REJECTED_LIMIT obj=None accepted=False routes=2065 rejected=21 pair=8 ng=8 route_pack=24 sched_cap=0 added_cuts=12 time=17.90657
[clean-BPC   229.18s] node 0 d=0 lb=242.160818 open=0
[clean-BPC   229.41s] node 0 cg=1 phase=phase1 obj=0.0 artificial=0.0 cols=2065
[clean-BPC   229.66s] node 0 cg=2 phase=phase2 obj=242.160818 artificial=0.0 cols=2065
[clean-BPC   233.60s] node 0 cg=2 phase=phase2 kind=heuristic best_rc=-0.0 found=0 added=0 exhausted=False cert=False
[clean-BPC   249.66s] node 0 cg=2 phase=phase2 kind=exact best_rc=-0.0 found=0 added=0 exhausted=True cert=True
[clean-BPC   249.66s] cut_added family=schedule_incompatibility node=0 added=1 pair=0 clique=1 first(kind=schedule_clique_conflict, vehicle=1, routes=4, U=1.0, y=0.5, viol=0.166666667)
[clean-BPC   249.92s] node 0 cg=3 phase=phase2 obj=242.160818 artificial=0.0 cols=2065
[clean-BPC   253.72s] node 0 cg=3 phase=phase2 kind=heuristic best_rc=-0.0 found=0 added=0 exhausted=False cert=False
[clean-BPC   267.96s] node 0 cg=3 phase=phase2 kind=exact best_rc=-0.0 found=0 added=0 exhausted=True cert=True
[clean-BPC   287.66s] route-pack-conflict diag node 0 source_vehicle=1 routes=5 U=4 complete=True cache_hit=False states=106 added=0
[clean-BPC   289.07s] route-pack-conflict diag node 0 source_vehicle=1 routes=5 U=4 complete=True cache_hit=False states=97 added=0
[clean-BPC   308.66s] rim-conflict diag node 0 conflicts=21 pair_events=0 pair_cuts=0 schedcap_events=0 schedcap_cuts=0 routepack_events=2 routepack_cuts=0 routepack_cache=0 routepack_states_max=106 routepack_budget_skip=19 nogood_events=0 nogood_cuts=0 weak_skip=21
[clean-BPC    19.69s] restricted-MIP node 0 status=SCHEDULE_REJECTED_LIMIT obj=None accepted=False routes=2065 rejected=21 pair=0 ng=8 route_pack=32 sched_cap=0 added_cuts=0 time=19.690679
[clean-BPC   312.83s] branch node 0: left=task_vehicle(12,2)=off right=task_vehicle(12,2)=on
[clean-BPC   312.83s] node 1 d=1 lb=242.160818 open=1
[clean-BPC   313.03s] node 1 cg=1 phase=phase1 obj=0.0 artificial=0.0 cols=2065
[clean-BPC   313.24s] node 1 cg=2 phase=phase2 obj=242.160818 artificial=0.0 cols=2065
[clean-BPC   317.11s] node 1 cg=2 phase=phase2 kind=heuristic best_rc=-0.0 found=0 added=0 exhausted=False cert=False
[clean-BPC   329.92s] node 1 cg=2 phase=phase2 kind=heuristic_boost best_rc=-0.525473 found=8 added=8 exhausted=True cert=True
[clean-BPC   330.13s] node 1 cg=3 phase=phase2 obj=242.160818 artificial=0.0 cols=2073
[clean-BPC   334.10s] node 1 cg=3 phase=phase2 kind=heuristic best_rc=-0.569444 found=10 added=10 exhausted=False cert=False
[clean-BPC   334.30s] node 1 cg=4 phase=phase2 obj=242.160818 artificial=0.0 cols=2083
[clean-BPC   338.32s] node 1 cg=4 phase=phase2 kind=heuristic best_rc=0.0 found=0 added=0 exhausted=False cert=False
[clean-BPC   352.94s] node 1 cg=4 phase=phase2 kind=heuristic_boost best_rc=-0.6803146 found=15 added=15 exhausted=True cert=True
[clean-BPC   353.14s] node 1 cg=5 phase=phase2 obj=242.160818 artificial=0.0 cols=2098
[clean-BPC   357.10s] node 1 cg=5 phase=phase2 kind=heuristic best_rc=0.0 found=0 added=0 exhausted=False cert=False
[clean-BPC   370.20s] node 1 cg=5 phase=phase2 kind=heuristic_boost best_rc=-1.66085 found=47 added=47 exhausted=True cert=True
[clean-BPC   370.42s] node 1 cg=6 phase=phase2 obj=242.160818 artificial=0.0 cols=2145
[clean-BPC   374.29s] node 1 cg=6 phase=phase2 kind=heuristic best_rc=-0.0 found=0 added=0 exhausted=False cert=False
[clean-BPC   386.93s] node 1 cg=6 phase=phase2 kind=heuristic_boost best_rc=-0.6452388 found=11 added=11 exhausted=True cert=True
[clean-BPC   387.15s] node 1 cg=7 phase=phase2 obj=242.160818 artificial=0.0 cols=2156
[clean-BPC   391.12s] node 1 cg=7 phase=phase2 kind=heuristic best_rc=-0.0074155 found=2 added=2 exhausted=False cert=False
[clean-BPC   391.33s] node 1 cg=8 phase=phase2 obj=242.160818 artificial=0.0 cols=2158
[clean-BPC   395.33s] node 1 cg=8 phase=phase2 kind=heuristic best_rc=0.0 found=0 added=0 exhausted=False cert=False
[clean-BPC   408.38s] node 1 cg=8 phase=phase2 kind=heuristic_boost best_rc=0.0 found=0 added=0 exhausted=True cert=True
[clean-BPC   408.43s] route-pack diag node 1 round=1 vehicles=1/2 support_max=12 cand=29 oracle=29 incomplete=0 not_tight=3 not_viol=16 dup=0 violated=10 added=5 max_viol=1.0 states_max=2348
[clean-BPC   408.43s] cut_added family=schedule_route_set_packing node=1 added=5 first(vehicle=1, routes=10, U=3, y=1.0, viol=1.0, states=1163)
[clean-BPC   408.65s] node 1 cg=9 phase=phase2 obj=242.160818 artificial=0.0 cols=2158
[clean-BPC   412.68s] node 1 cg=9 phase=phase2 kind=heuristic best_rc=-0.0 found=0 added=0 exhausted=False cert=False
[clean-BPC   424.05s] node 1 cg=9 phase=phase2 kind=heuristic_boost best_rc=-0.0 found=0 added=0 exhausted=True cert=True
[clean-BPC   424.11s] route-pack diag node 1 round=2 vehicles=1/2 support_max=13 cand=31 oracle=31 incomplete=0 not_tight=3 not_viol=18 dup=0 violated=10 added=5 max_viol=1.333333333333334 states_max=3188
[clean-BPC   424.11s] cut_added family=schedule_route_set_packing node=1 added=5 first(vehicle=1, routes=12, U=3, y=1.0, viol=1.333333333, states=2358)
[clean-BPC   424.34s] node 1 cg=10 phase=phase2 obj=242.160818 artificial=0.0 cols=2158
[clean-BPC   428.24s] node 1 cg=10 phase=phase2 kind=heuristic best_rc=0.0 found=0 added=0 exhausted=False cert=False
[clean-BPC   440.66s] node 1 cg=10 phase=phase2 kind=heuristic_boost best_rc=0.0 found=0 added=0 exhausted=True cert=True
[clean-BPC   455.80s] route-pack-conflict diag node 1 source_vehicle=1 routes=5 U=4 complete=True cache_hit=True states=106 added=0
[clean-BPC   457.19s] route-pack-conflict diag node 1 source_vehicle=1 routes=5 U=4 complete=True cache_hit=True states=97 added=0
[clean-BPC   479.13s] rim-conflict diag node 1 conflicts=21 pair_events=0 pair_cuts=0 schedcap_events=0 schedcap_cuts=0 routepack_events=2 routepack_cuts=0 routepack_cache=2 routepack_states_max=106 routepack_budget_skip=19 nogood_events=0 nogood_cuts=0 weak_skip=21
[clean-BPC    15.14s] restricted-MIP node 1 status=SCHEDULE_REJECTED_LIMIT obj=None accepted=False routes=2158 rejected=21 pair=0 ng=8 route_pack=32 sched_cap=0 added_cuts=0 time=15.140385
[clean-BPC   483.58s] branch node 1: left=arc(8,13)=off right=arc(8,13)=on
[clean-BPC   483.58s] node 2 d=1 lb=242.160818 open=2
[clean-BPC   483.79s] node 2 cg=1 phase=phase1 obj=0.0 artificial=0.0 cols=2158
[clean-BPC   484.02s] node 2 cg=2 phase=phase2 obj=342.160818 artificial=0.0 cols=2158
[clean-BPC   487.28s] node 2 cg=2 phase=phase2 kind=heuristic best_rc=0.2265505 found=0 added=0 exhausted=False cert=False
[clean-BPC   498.05s] node 2 cg=2 phase=phase2 kind=heuristic_boost best_rc=-0.0 found=0 added=0 exhausted=True cert=True
[clean-BPC   498.05s] route-pack diag node 2 round=1 vehicles=2/2 support_max=6 cand=23 oracle=23 incomplete=0 not_tight=11 not_viol=12 dup=0 violated=0 added=0 max_viol=0.0 states_max=183
[clean-BPC   498.05s] fathom node 2: reason=bound_after_schedule_pack bound=342.160818
[clean-BPC   498.05s] node 3 d=2 lb=242.160818 open=1
[clean-BPC   498.27s] node 3 cg=1 phase=phase1 obj=0.0 artificial=0.0 cols=2158
[clean-BPC   498.49s] node 3 cg=2 phase=phase2 obj=242.160818 artificial=0.0 cols=2158
[clean-BPC   502.35s] node 3 cg=2 phase=phase2 kind=heuristic best_rc=-0.0 found=0 added=0 exhausted=False cert=False
[clean-BPC   514.90s] node 3 cg=2 phase=phase2 kind=heuristic_boost best_rc=-0.195809 found=2 added=2 exhausted=True cert=True
[clean-BPC   515.12s] node 3 cg=3 phase=phase2 obj=242.160818 artificial=0.0 cols=2160
[clean-BPC   515.13s] cut_purged node=3 removed=1 by_kind={'subset_row': 1} remaining=58
[clean-BPC   515.34s] node 3 cg=4 phase=phase2 obj=242.160818 artificial=0.0 cols=2160
[clean-BPC   519.23s] node 3 cg=4 phase=phase2 kind=heuristic best_rc=-0.405470667 found=2 added=2 exhausted=False cert=False
[clean-BPC   519.45s] node 3 cg=5 phase=phase2 obj=242.160818 artificial=0.0 cols=2162
[clean-BPC   523.33s] node 3 cg=5 phase=phase2 kind=heuristic best_rc=-0.240705 found=2 added=2 exhausted=False cert=False
[clean-BPC   523.54s] node 3 cg=6 phase=phase2 obj=242.160818 artificial=0.0 cols=2164
[clean-BPC   527.41s] node 3 cg=6 phase=phase2 kind=heuristic best_rc=-0.0 found=0 added=0 exhausted=False cert=False
[clean-BPC   539.62s] node 3 cg=6 phase=phase2 kind=heuristic_boost best_rc=-0.0 found=0 added=0 exhausted=True cert=True
[clean-BPC   539.67s] route-pack diag node 3 round=1 vehicles=1/2 support_max=12 cand=26 oracle=26 incomplete=0 not_tight=2 not_viol=15 dup=0 violated=9 added=5 max_viol=1.0 states_max=2912
[clean-BPC   539.67s] cut_added family=schedule_route_set_packing node=3 added=5 first(vehicle=1, routes=10, U=3, y=1.0, viol=1.0, states=1364)
[clean-BPC   539.89s] node 3 cg=7 phase=phase2 obj=242.160818 artificial=0.0 cols=2164
[clean-BPC   543.72s] node 3 cg=7 phase=phase2 kind=heuristic best_rc=-0.0 found=0 added=0 exhausted=False cert=False
[clean-BPC   555.18s] node 3 cg=7 phase=phase2 kind=heuristic_boost best_rc=-0.5942425 found=5 added=5 exhausted=True cert=True
[clean-BPC   555.41s] node 3 cg=8 phase=phase2 obj=242.160818 artificial=0.0 cols=2169
[clean-BPC   559.10s] node 3 cg=8 phase=phase2 kind=heuristic best_rc=-0.138666333 found=2 added=2 exhausted=False cert=False
[clean-BPC   559.31s] node 3 cg=9 phase=phase2 obj=242.160818 artificial=0.0 cols=2171
[clean-BPC   563.19s] node 3 cg=9 phase=phase2 kind=heuristic best_rc=0.0 found=0 added=0 exhausted=False cert=False
[clean-BPC   575.35s] node 3 cg=9 phase=phase2 kind=heuristic_boost best_rc=-0.121627 found=2 added=2 exhausted=True cert=True
[clean-BPC   575.57s] node 3 cg=10 phase=phase2 obj=242.160818 artificial=0.0 cols=2173
[clean-BPC   579.52s] node 3 cg=10 phase=phase2 kind=heuristic best_rc=-0.0 found=0 added=0 exhausted=False cert=False
[clean-BPC   591.76s] node 3 cg=10 phase=phase2 kind=heuristic_boost best_rc=-0.0219165 found=2 added=2 exhausted=True cert=True
[clean-BPC   591.98s] node 3 cg=11 phase=phase2 obj=242.160818 artificial=0.0 cols=2175
[clean-BPC   595.91s] node 3 cg=11 phase=phase2 kind=heuristic best_rc=0.0 found=0 added=0 exhausted=False cert=False
[clean-BPC   608.06s] node 3 cg=11 phase=phase2 kind=heuristic_boost best_rc=0.0 found=0 added=0 exhausted=True cert=True
[clean-BPC   608.11s] route-pack diag node 3 round=2 vehicles=1/2 support_max=12 cand=29 oracle=29 incomplete=0 not_tight=4 not_viol=17 dup=0 violated=8 added=5 max_viol=1.333333333333334 states_max=3071
[clean-BPC   608.11s] cut_added family=schedule_route_set_packing node=3 added=5 first(vehicle=1, routes=11, U=3, y=1.0, viol=1.333333333, states=2214)
[clean-BPC   608.33s] node 3 cg=12 phase=phase2 obj=242.160818 artificial=0.0 cols=2175
[clean-BPC   612.34s] node 3 cg=12 phase=phase2 kind=heuristic best_rc=0.0 found=0 added=0 exhausted=False cert=False
[clean-BPC   625.58s] node 3 cg=12 phase=phase2 kind=heuristic_boost best_rc=0.0 found=0 added=0 exhausted=True cert=True
[clean-BPC   625.58s] cut_added family=schedule_incompatibility node=3 added=1 pair=0 clique=1 first(kind=schedule_clique_conflict, vehicle=1, routes=3, U=1.0, y=1.0, viol=0.333333333)
[clean-BPC   625.80s] node 3 cg=13 phase=phase2 obj=242.160818 artificial=0.0 cols=2175
[clean-BPC   629.64s] node 3 cg=13 phase=phase2 kind=heuristic best_rc=0.0 found=0 added=0 exhausted=False cert=False
[clean-BPC   642.52s] node 3 cg=13 phase=phase2 kind=heuristic_boost best_rc=-0.619418 found=4 added=4 exhausted=True cert=True
[clean-BPC   642.74s] node 3 cg=14 phase=phase2 obj=242.160818 artificial=0.0 cols=2179
[clean-BPC   646.67s] node 3 cg=14 phase=phase2 kind=heuristic best_rc=-0.2364825 found=2 added=2 exhausted=False cert=False
[clean-BPC   646.90s] node 3 cg=15 phase=phase2 obj=242.160818 artificial=0.0 cols=2181
[clean-BPC   650.83s] node 3 cg=15 phase=phase2 kind=heuristic best_rc=0.0 found=0 added=0 exhausted=False cert=False
[clean-BPC   663.44s] node 3 cg=15 phase=phase2 kind=heuristic_boost best_rc=-2.1725388 found=59 added=59 exhausted=True cert=True
[clean-BPC   663.68s] node 3 cg=16 phase=phase2 obj=242.160818 artificial=0.0 cols=2240
[clean-BPC   667.67s] node 3 cg=16 phase=phase2 kind=heuristic best_rc=0.0 found=0 added=0 exhausted=False cert=False
[clean-BPC   680.28s] node 3 cg=16 phase=phase2 kind=heuristic_boost best_rc=-3.5986175 found=198 added=198 exhausted=True cert=True
[clean-BPC   680.54s] node 3 cg=17 phase=phase2 obj=242.160818 artificial=0.0 cols=2438
[clean-BPC   684.82s] node 3 cg=17 phase=phase2 kind=heuristic best_rc=-0.229836286 found=6 added=6 exhausted=False cert=False
[clean-BPC   685.08s] node 3 cg=18 phase=phase2 obj=242.160818 artificial=0.0 cols=2444
[clean-BPC   689.28s] node 3 cg=18 phase=phase2 kind=heuristic best_rc=0.0 found=0 added=0 exhausted=False cert=False
[clean-BPC   703.07s] node 3 cg=18 phase=phase2 kind=heuristic_boost best_rc=-1.3116655 found=16 added=16 exhausted=True cert=True
[clean-BPC   703.32s] node 3 cg=19 phase=phase2 obj=242.160818 artificial=0.0 cols=2460
[clean-BPC   707.03s] node 3 cg=19 phase=phase2 kind=heuristic best_rc=-0.0 found=0 added=0 exhausted=False cert=False
[clean-BPC   715.39s] node 3 cg=19 phase=phase2 kind=heuristic_boost best_rc=-0.0 found=0 added=0 exhausted=True cert=True
[clean-BPC   715.39s] cut_added family=schedule_incompatibility node=3 added=1 pair=0 clique=1 first(kind=schedule_clique_conflict, vehicle=1, routes=4, U=1.0, y=1.0, viol=0.333333333)
[clean-BPC   715.64s] node 3 cg=20 phase=phase2 obj=242.160818 artificial=0.0 cols=2460
[clean-BPC   719.36s] node 3 cg=20 phase=phase2 kind=heuristic best_rc=0.0 found=0 added=0 exhausted=False cert=False
[clean-BPC   727.69s] node 3 cg=20 phase=phase2 kind=heuristic_boost best_rc=0.0 found=0 added=0 exhausted=True cert=True
[clean-BPC   741.31s] route-pack-conflict diag node 3 source_vehicle=1 routes=5 U=3 complete=True cache_hit=False states=89 added=2
[clean-BPC   741.31s] cut_added family=schedule_route_set_packing node=3 added=2 source=schedule_conflict first(vehicle=1, routes=5, U=3, states=89, cache_hit=False)
[clean-BPC   741.31s] route-pack-conflict diag node 3 source_vehicle=1 routes=5 U=3 complete=True cache_hit=False states=91 added=2
[clean-BPC   741.31s] cut_added family=schedule_route_set_packing node=3 added=2 source=schedule_conflict first(vehicle=1, routes=5, U=3, states=91, cache_hit=False)
[clean-BPC   756.51s] cut_added family=schedule_pair_conflict node=3 added=2 source_vehicle=1 route_count=2 signatures=[[16, 19, 20, 1], [13, 11, 9, 12, 4]]
[clean-BPC   759.67s] rim-conflict diag node 3 conflicts=21 pair_events=1 pair_cuts=2 schedcap_events=0 schedcap_cuts=0 routepack_events=2 routepack_cuts=4 routepack_cache=0 routepack_states_max=91 routepack_budget_skip=18 nogood_events=0 nogood_cuts=0 weak_skip=18
[clean-BPC    13.61s] restricted-MIP node 3 status=SCHEDULE_REJECTED_LIMIT obj=None accepted=False routes=2460 rejected=21 pair=1 ng=0 route_pack=38 sched_cap=0 added_cuts=6 time=13.613291
[clean-BPC   759.67s] node 4 d=2 lb=242.160818 open=1
[clean-BPC   759.92s] node 4 cg=1 phase=phase1 obj=0.0 artificial=0.0 cols=2460
[clean-BPC   760.18s] node 4 cg=2 phase=phase2 obj=242.453411 artificial=0.0 cols=2460
[clean-BPC   763.55s] node 4 cg=2 phase=phase2 kind=heuristic best_rc=-0.206425143 found=7 added=7 exhausted=False cert=False
[clean-BPC   763.82s] node 4 cg=3 phase=phase2 obj=242.453411 artificial=0.0 cols=2467
[clean-BPC   768.04s] node 4 cg=3 phase=phase2 kind=heuristic best_rc=-0.769627 found=6 added=6 exhausted=False cert=False
[clean-BPC   768.31s] node 4 cg=4 phase=phase2 obj=242.453411 artificial=0.0 cols=2473
[clean-BPC   772.42s] node 4 cg=4 phase=phase2 kind=heuristic best_rc=-0.0 found=0 added=0 exhausted=False cert=False
[clean-BPC   785.65s] node 4 cg=4 phase=phase2 kind=heuristic_boost best_rc=-0.0 found=0 added=0 exhausted=True cert=True
[clean-BPC   785.65s] route-pack diag node 4 round=1 vehicles=1/2 support_max=5 cand=8 oracle=8 incomplete=0 not_tight=6 not_viol=0 dup=0 violated=2 added=2 max_viol=1.0 states_max=106
[clean-BPC   785.65s] cut_added family=schedule_route_set_packing node=4 added=2 first(vehicle=1, routes=5, U=4, y=1.0, viol=1.0, states=106)
[clean-BPC   785.92s] node 4 cg=5 phase=phase2 obj=242.453411 artificial=0.0 cols=2473
[clean-BPC   790.14s] node 4 cg=5 phase=phase2 kind=heuristic best_rc=-0.0 found=0 added=0 exhausted=False cert=False
[clean-BPC   803.56s] node 4 cg=5 phase=phase2 kind=heuristic_boost best_rc=-0.0 found=0 added=0 exhausted=True cert=True
[clean-BPC   803.56s] route-pack diag node 4 round=2 vehicles=1/2 support_max=5 cand=7 oracle=7 incomplete=0 not_tight=5 not_viol=0 dup=0 violated=2 added=2 max_viol=1.0000000000000027 states_max=97
[clean-BPC   803.56s] cut_added family=schedule_route_set_packing node=4 added=2 first(vehicle=1, routes=5, U=4, y=1.0, viol=1.0, states=97)
[clean-BPC   803.84s] node 4 cg=6 phase=phase2 obj=242.453411 artificial=0.0 cols=2473
[clean-BPC   808.07s] node 4 cg=6 phase=phase2 kind=heuristic best_rc=0.0 found=0 added=0 exhausted=False cert=False
[clean-BPC   821.42s] node 4 cg=6 phase=phase2 kind=heuristic_boost best_rc=0.0 found=0 added=0 exhausted=True cert=True
[clean-BPC   842.81s] route-pack-conflict diag node 4 source_vehicle=1 routes=5 U=3 complete=True cache_hit=False states=97 added=2
[clean-BPC   842.81s] cut_added family=schedule_route_set_packing node=4 added=2 source=schedule_conflict first(vehicle=1, routes=5, U=3, states=97, cache_hit=False)
[clean-BPC   842.81s] route-pack-conflict diag node 4 source_vehicle=1 routes=5 U=4 complete=True cache_hit=False states=98 added=0
[clean-BPC   858.60s] rim-conflict diag node 4 conflicts=14 pair_events=0 pair_cuts=0 schedcap_events=0 schedcap_cuts=0 routepack_events=2 routepack_cuts=2 routepack_cache=0 routepack_states_max=98 routepack_budget_skip=12 nogood_events=0 nogood_cuts=0 weak_skip=13
[clean-BPC    21.38s] restricted-MIP node 4 status=TIME_LIMIT obj=None accepted=False routes=2473 rejected=14 pair=0 ng=12 route_pack=16 sched_cap=0 added_cuts=2 time=21.384337
[clean-BPC   858.60s] node 3 d=2 lb=242.160818 open=1
[clean-BPC   858.84s] node 3 cg=1 phase=phase1 obj=0.0 artificial=0.0 cols=2473
[clean-BPC   859.14s] node 3 cg=2 phase=phase2 obj=242.160818 artificial=0.0 cols=2473
[clean-BPC   863.08s] node 3 cg=2 phase=phase2 kind=heuristic best_rc=0.0 found=0 added=0 exhausted=False cert=False
[clean-BPC   875.54s] node 3 cg=2 phase=phase2 kind=heuristic_boost best_rc=-0.8459845 found=6 added=6 exhausted=True cert=True
[clean-BPC   875.81s] node 3 cg=3 phase=phase2 obj=242.160818 artificial=0.0 cols=2479
[clean-BPC   879.64s] node 3 cg=3 phase=phase2 kind=heuristic best_rc=0.0 found=0 added=0 exhausted=False cert=False
[clean-BPC   890.45s] node 3 cg=3 phase=phase2 kind=heuristic_boost best_rc=-1.7787555 found=29 added=29 exhausted=True cert=True
[clean-BPC   890.72s] node 3 cg=4 phase=phase2 obj=242.160818 artificial=0.0 cols=2508
[clean-BPC   894.75s] node 3 cg=4 phase=phase2 kind=heuristic best_rc=-0.0 found=0 added=0 exhausted=False cert=False
[clean-BPC   907.81s] node 3 cg=4 phase=phase2 kind=heuristic_boost best_rc=-0.710737288 found=11 added=11 exhausted=True cert=True
[clean-BPC   908.10s] node 3 cg=5 phase=phase2 obj=242.160818 artificial=0.0 cols=2519
[clean-BPC   912.44s] node 3 cg=5 phase=phase2 kind=heuristic best_rc=-0.0 found=0 added=0 exhausted=False cert=False
[clean-BPC   927.55s] node 3 cg=5 phase=phase2 kind=heuristic_boost best_rc=-1.171761485 found=24 added=24 exhausted=True cert=True
[clean-BPC   927.83s] node 3 cg=6 phase=phase2 obj=242.160818 artificial=0.0 cols=2543
[clean-BPC   931.88s] node 3 cg=6 phase=phase2 kind=heuristic best_rc=-0.137830991 found=2 added=2 exhausted=False cert=False
[clean-BPC   932.14s] node 3 cg=7 phase=phase2 obj=242.160818 artificial=0.0 cols=2545
[clean-BPC   936.16s] node 3 cg=7 phase=phase2 kind=heuristic best_rc=-0.0 found=0 added=0 exhausted=False cert=False
[clean-BPC   948.62s] node 3 cg=7 phase=phase2 kind=heuristic_boost best_rc=-0.499458 found=2 added=2 exhausted=True cert=True
[clean-BPC   948.88s] node 3 cg=8 phase=phase2 obj=242.160818 artificial=0.0 cols=2547
[clean-BPC   952.93s] node 3 cg=8 phase=phase2 kind=heuristic best_rc=-0.0 found=0 added=0 exhausted=False cert=False
[clean-BPC   966.80s] node 3 cg=8 phase=phase2 kind=heuristic_boost best_rc=-0.0 found=0 added=0 exhausted=True cert=True
[clean-BPC   982.69s] route-pack-conflict diag node 3 source_vehicle=1 routes=5 U=3 complete=True cache_hit=False states=93 added=2
[clean-BPC   982.69s] cut_added family=schedule_route_set_packing node=3 added=2 source=schedule_conflict first(vehicle=1, routes=5, U=3, states=93, cache_hit=False)
[clean-BPC   982.69s] route-pack-conflict diag node 3 source_vehicle=1 routes=5 U=3 complete=True cache_hit=False states=83 added=2
[clean-BPC   982.69s] cut_added family=schedule_route_set_packing node=3 added=2 source=schedule_conflict first(vehicle=1, routes=5, U=3, states=83, cache_hit=False)
[clean-BPC  1002.18s] cut_added family=schedule_pair_conflict node=3 added=2 source_vehicle=1 route_count=2 signatures=[[6, 17, 15, 8, 3], [16, 19, 20, 1]]
[clean-BPC  1002.18s] rim-conflict diag node 3 conflicts=21 pair_events=1 pair_cuts=2 schedcap_events=0 schedcap_cuts=0 routepack_events=2 routepack_cuts=4 routepack_cache=0 routepack_states_max=93 routepack_budget_skip=18 nogood_events=0 nogood_cuts=0 weak_skip=18
[clean-BPC    15.89s] restricted-MIP node 3 status=SCHEDULE_REJECTED_LIMIT obj=None accepted=False routes=2547 rejected=21 pair=0 ng=0 route_pack=40 sched_cap=0 added_cuts=6 time=15.886659
[clean-BPC  1002.18s] node 3 d=2 lb=242.160818 open=1
[clean-BPC  1002.44s] node 3 cg=1 phase=phase1 obj=0.0 artificial=0.0 cols=2547
[clean-BPC  1002.70s] node 3 cg=2 phase=phase2 obj=242.160818 artificial=0.0 cols=2547
[clean-BPC  1006.80s] node 3 cg=2 phase=phase2 kind=heuristic best_rc=0.0 found=0 added=0 exhausted=False cert=False
[clean-BPC  1020.56s] node 3 cg=2 phase=phase2 kind=heuristic_boost best_rc=0.0 found=0 added=0 exhausted=True cert=True
[clean-BPC  1036.09s] route-pack-conflict diag node 3 source_vehicle=1 routes=5 U=3 complete=True cache_hit=False states=97 added=2
[clean-BPC  1036.09s] cut_added family=schedule_route_set_packing node=3 added=2 source=schedule_conflict first(vehicle=1, routes=5, U=3, states=97, cache_hit=False)
[clean-BPC  1036.09s] route-pack-conflict diag node 3 source_vehicle=1 routes=5 U=3 complete=True cache_hit=False states=87 added=2
[clean-BPC  1036.09s] cut_added family=schedule_route_set_packing node=3 added=2 source=schedule_conflict first(vehicle=1, routes=5, U=3, states=87, cache_hit=False)
[clean-BPC  1056.44s] rim-conflict diag node 3 conflicts=21 pair_events=0 pair_cuts=0 schedcap_events=0 schedcap_cuts=0 routepack_events=2 routepack_cuts=4 routepack_cache=0 routepack_states_max=97 routepack_budget_skip=19 nogood_events=0 nogood_cuts=0 weak_skip=19
[clean-BPC    15.52s] restricted-MIP node 3 status=SCHEDULE_REJECTED_LIMIT obj=None accepted=False routes=2547 rejected=21 pair=0 ng=0 route_pack=40 sched_cap=0 added_cuts=4 time=15.523017
[clean-BPC  1056.44s] node 3 d=2 lb=242.160818 open=1
[clean-BPC  1056.69s] node 3 cg=1 phase=phase1 obj=0.0 artificial=0.0 cols=2547
[clean-BPC  1056.96s] node 3 cg=2 phase=phase2 obj=242.160818 artificial=0.0 cols=2547
[clean-BPC  1060.97s] node 3 cg=2 phase=phase2 kind=heuristic best_rc=0.0 found=0 added=0 exhausted=False cert=False
[clean-BPC  1073.62s] node 3 cg=2 phase=phase2 kind=heuristic_boost best_rc=-0.606024 found=8 added=8 exhausted=True cert=True
[clean-BPC  1073.89s] node 3 cg=3 phase=phase2 obj=242.160818 artificial=0.0 cols=2555
[clean-BPC  1077.78s] node 3 cg=3 phase=phase2 kind=heuristic best_rc=0.0 found=0 added=0 exhausted=False cert=False
[clean-BPC  1088.38s] node 3 cg=3 phase=phase2 kind=heuristic_boost best_rc=0.0 found=0 added=0 exhausted=True cert=True
[clean-BPC  1107.27s] route-pack-conflict diag node 3 source_vehicle=1 routes=5 U=3 complete=True cache_hit=False states=103 added=2
[clean-BPC  1107.27s] cut_added family=schedule_route_set_packing node=3 added=2 source=schedule_conflict first(vehicle=1, routes=5, U=3, states=103, cache_hit=False)
[clean-BPC  1107.27s] route-pack-conflict diag node 3 source_vehicle=1 routes=5 U=3 complete=True cache_hit=False states=83 added=2
[clean-BPC  1107.27s] cut_added family=schedule_route_set_packing node=3 added=2 source=schedule_conflict first(vehicle=1, routes=5, U=3, states=83, cache_hit=False)
[clean-BPC  1124.58s] cut_added family=schedule_pair_conflict node=3 added=2 source_vehicle=1 route_count=2 signatures=[[6, 17, 15, 13, 3], [20, 19, 16, 1]]
[clean-BPC  1126.34s] rim-conflict diag node 3 conflicts=21 pair_events=1 pair_cuts=2 schedcap_events=0 schedcap_cuts=0 routepack_events=2 routepack_cuts=4 routepack_cache=0 routepack_states_max=103 routepack_budget_skip=18 nogood_events=0 nogood_cuts=0 weak_skip=18
[clean-BPC    18.88s] restricted-MIP node 3 status=SCHEDULE_REJECTED_LIMIT obj=None accepted=False routes=2555 rejected=21 pair=2 ng=0 route_pack=38 sched_cap=0 added_cuts=6 time=18.881199
[clean-BPC  1126.34s] node 3 d=2 lb=242.160818 open=1
[clean-BPC  1126.60s] node 3 cg=1 phase=phase1 obj=0.0 artificial=0.0 cols=2555
[clean-BPC  1126.87s] node 3 cg=2 phase=phase2 obj=242.160818 artificial=0.0 cols=2555
[clean-BPC  1130.66s] node 3 cg=2 phase=phase2 kind=heuristic best_rc=0.0 found=0 added=0 exhausted=False cert=False
[clean-BPC  1141.78s] node 3 cg=2 phase=phase2 kind=heuristic_boost best_rc=0.0 found=0 added=0 exhausted=True cert=True
[clean-BPC  1161.79s] route-pack-conflict diag node 3 source_vehicle=1 routes=5 U=3 complete=True cache_hit=False states=87 added=2
[clean-BPC  1161.79s] cut_added family=schedule_route_set_packing node=3 added=2 source=schedule_conflict first(vehicle=1, routes=5, U=3, states=87, cache_hit=False)
[clean-BPC  1161.79s] route-pack-conflict diag node 3 source_vehicle=1 routes=5 U=3 complete=True cache_hit=False states=101 added=2
[clean-BPC  1161.79s] cut_added family=schedule_route_set_packing node=3 added=2 source=schedule_conflict first(vehicle=1, routes=5, U=3, states=101, cache_hit=False)
[clean-BPC  1176.42s] cut_added family=schedule_pair_conflict node=3 added=2 source_vehicle=1 route_count=2 signatures=[[6, 17, 15, 13, 3], [19, 16, 20, 1]]
[clean-BPC  1177.00s] rim-conflict diag node 3 conflicts=19 pair_events=1 pair_cuts=2 schedcap_events=0 schedcap_cuts=0 routepack_events=2 routepack_cuts=4 routepack_cache=0 routepack_states_max=101 routepack_budget_skip=16 nogood_events=0 nogood_cuts=0 weak_skip=16
[clean-BPC    20.01s] restricted-MIP node 3 status=TIME_LIMIT obj=None accepted=False routes=2555 rejected=19 pair=2 ng=0 route_pack=36 sched_cap=0 added_cuts=6 time=20.00661
[clean-BPC  1177.00s] node 3 d=2 lb=242.160818 open=1
[clean-BPC  1177.26s] node 3 cg=1 phase=phase1 obj=0.0 artificial=0.0 cols=2555
[clean-BPC  1177.55s] node 3 cg=2 phase=phase2 obj=242.160818 artificial=0.0 cols=2555
[clean-BPC  1181.39s] node 3 cg=2 phase=phase2 kind=heuristic best_rc=0.0 found=0 added=0 exhausted=False cert=False
[clean-BPC  1192.72s] node 3 cg=2 phase=phase2 kind=heuristic_boost best_rc=0.0 found=0 added=0 exhausted=True cert=True
[clean-BPC  1212.73s] route-pack-conflict diag node 3 source_vehicle=1 routes=5 U=3 complete=True cache_hit=False states=85 added=2
[clean-BPC  1212.73s] cut_added family=schedule_route_set_packing node=3 added=2 source=schedule_conflict first(vehicle=1, routes=5, U=3, states=85, cache_hit=False)
[clean-BPC  1212.73s] route-pack-conflict diag node 3 source_vehicle=1 routes=5 U=3 complete=True cache_hit=False states=74 added=2
[clean-BPC  1212.73s] cut_added family=schedule_route_set_packing node=3 added=2 source=schedule_conflict first(vehicle=1, routes=5, U=3, states=74, cache_hit=False)
[clean-BPC  1229.79s] rim-conflict diag node 3 conflicts=20 pair_events=0 pair_cuts=0 schedcap_events=0 schedcap_cuts=0 routepack_events=2 routepack_cuts=4 routepack_cache=0 routepack_states_max=85 routepack_budget_skip=18 nogood_events=0 nogood_cuts=0 weak_skip=18
[clean-BPC    20.01s] restricted-MIP node 3 status=TIME_LIMIT obj=None accepted=False routes=2555 rejected=20 pair=0 ng=0 route_pack=40 sched_cap=0 added_cuts=4 time=20.009954
[clean-BPC  1229.79s] node 3 d=2 lb=242.160818 open=1
[clean-BPC  1230.07s] node 3 cg=1 phase=phase1 obj=0.0 artificial=0.0 cols=2555
[clean-BPC  1230.34s] node 3 cg=2 phase=phase2 obj=242.160818 artificial=0.0 cols=2555
[clean-BPC  1234.14s] node 3 cg=2 phase=phase2 kind=heuristic best_rc=0.0 found=0 added=0 exhausted=False cert=False
[clean-BPC  1244.34s] node 3 cg=2 phase=phase2 kind=heuristic_boost best_rc=0.0 found=0 added=0 exhausted=True cert=True
[clean-BPC  1264.35s] route-pack-conflict diag node 3 source_vehicle=1 routes=5 U=3 complete=True cache_hit=False states=93 added=2
[clean-BPC  1264.35s] cut_added family=schedule_route_set_packing node=3 added=2 source=schedule_conflict first(vehicle=1, routes=5, U=3, states=93, cache_hit=False)
[clean-BPC  1264.35s] route-pack-conflict diag node 3 source_vehicle=1 routes=5 U=3 complete=True cache_hit=False states=81 added=2
[clean-BPC  1264.35s] cut_added family=schedule_route_set_packing node=3 added=2 source=schedule_conflict first(vehicle=1, routes=5, U=3, states=81, cache_hit=False)
[clean-BPC  1280.07s] rim-conflict diag node 3 conflicts=19 pair_events=0 pair_cuts=0 schedcap_events=0 schedcap_cuts=0 routepack_events=2 routepack_cuts=4 routepack_cache=0 routepack_states_max=93 routepack_budget_skip=17 nogood_events=0 nogood_cuts=0 weak_skip=17
[clean-BPC    20.01s] restricted-MIP node 3 status=TIME_LIMIT obj=None accepted=False routes=2555 rejected=19 pair=0 ng=0 route_pack=38 sched_cap=0 added_cuts=4 time=20.008041
[clean-BPC  1280.07s] node 3 d=2 lb=242.160818 open=1
[clean-BPC  1280.35s] node 3 cg=1 phase=phase1 obj=0.0 artificial=0.0 cols=2555
[clean-BPC  1280.62s] node 3 cg=2 phase=phase2 obj=242.160818 artificial=0.0 cols=2555
[clean-BPC  1284.47s] node 3 cg=2 phase=phase2 kind=heuristic best_rc=-0.0 found=0 added=0 exhausted=False cert=False
[clean-BPC  1295.80s] node 3 cg=2 phase=phase2 kind=heuristic_boost best_rc=-0.0 found=0 added=0 exhausted=True cert=True
[clean-BPC  1315.83s] route-pack-conflict diag node 3 source_vehicle=1 routes=5 U=3 complete=True cache_hit=False states=95 added=2
[clean-BPC  1315.83s] cut_added family=schedule_route_set_packing node=3 added=2 source=schedule_conflict first(vehicle=1, routes=5, U=3, states=95, cache_hit=False)
[clean-BPC  1315.83s] route-pack-conflict diag node 3 source_vehicle=1 routes=5 U=3 complete=True cache_hit=False states=86 added=2
[clean-BPC  1315.83s] cut_added family=schedule_route_set_packing node=3 added=2 source=schedule_conflict first(vehicle=1, routes=5, U=3, states=86, cache_hit=False)
[clean-BPC  1330.55s] rim-conflict diag node 3 conflicts=20 pair_events=0 pair_cuts=0 schedcap_events=0 schedcap_cuts=0 routepack_events=2 routepack_cuts=4 routepack_cache=0 routepack_states_max=95 routepack_budget_skip=18 nogood_events=0 nogood_cuts=0 weak_skip=18
[clean-BPC    20.03s] restricted-MIP node 3 status=TIME_LIMIT obj=None accepted=False routes=2555 rejected=20 pair=0 ng=0 route_pack=40 sched_cap=0 added_cuts=4 time=20.031023
[clean-BPC  1330.55s] node 3 d=2 lb=242.160818 open=1
[clean-BPC  1330.82s] node 3 cg=1 phase=phase1 obj=0.0 artificial=0.0 cols=2555
[clean-BPC  1331.10s] node 3 cg=2 phase=phase2 obj=242.160818 artificial=0.0 cols=2555
[clean-BPC  1334.98s] node 3 cg=2 phase=phase2 kind=heuristic best_rc=0.0 found=0 added=0 exhausted=False cert=False
[clean-BPC  1346.28s] node 3 cg=2 phase=phase2 kind=heuristic_boost best_rc=0.0 found=0 added=0 exhausted=True cert=True
[clean-BPC  1366.29s] route-pack-conflict diag node 3 source_vehicle=1 routes=5 U=3 complete=True cache_hit=False states=84 added=2
[clean-BPC  1366.29s] cut_added family=schedule_route_set_packing node=3 added=2 source=schedule_conflict first(vehicle=1, routes=5, U=3, states=84, cache_hit=False)
[clean-BPC  1366.30s] route-pack-conflict diag node 3 source_vehicle=1 routes=5 U=3 complete=True cache_hit=False states=93 added=2
[clean-BPC  1366.30s] cut_added family=schedule_route_set_packing node=3 added=2 source=schedule_conflict first(vehicle=1, routes=5, U=3, states=93, cache_hit=False)
[clean-BPC  1379.32s] rim-conflict diag node 3 conflicts=17 pair_events=0 pair_cuts=0 schedcap_events=0 schedcap_cuts=0 routepack_events=2 routepack_cuts=4 routepack_cache=0 routepack_states_max=93 routepack_budget_skip=15 nogood_events=0 nogood_cuts=0 weak_skip=15
[clean-BPC    20.01s] restricted-MIP node 3 status=TIME_LIMIT obj=None accepted=False routes=2555 rejected=17 pair=0 ng=0 route_pack=34 sched_cap=0 added_cuts=4 time=20.013463
[clean-BPC  1379.32s] node 3 d=2 lb=242.160818 open=1
[clean-BPC  1379.59s] node 3 cg=1 phase=phase1 obj=0.0 artificial=0.0 cols=2555
[clean-BPC  1379.87s] node 3 cg=2 phase=phase2 obj=242.160818 artificial=0.0 cols=2555
[clean-BPC  1383.73s] node 3 cg=2 phase=phase2 kind=heuristic best_rc=0.0 found=0 added=0 exhausted=False cert=False
[clean-BPC  1395.00s] node 3 cg=2 phase=phase2 kind=heuristic_boost best_rc=0.0 found=0 added=0 exhausted=True cert=True
[clean-BPC  1415.01s] route-pack-conflict diag node 3 source_vehicle=1 routes=5 U=3 complete=True cache_hit=False states=79 added=2
[clean-BPC  1415.01s] cut_added family=schedule_route_set_packing node=3 added=2 source=schedule_conflict first(vehicle=1, routes=5, U=3, states=79, cache_hit=False)
[clean-BPC  1415.01s] route-pack-conflict diag node 3 source_vehicle=1 routes=5 U=3 complete=True cache_hit=False states=76 added=2
[clean-BPC  1415.01s] cut_added family=schedule_route_set_packing node=3 added=2 source=schedule_conflict first(vehicle=1, routes=5, U=3, states=76, cache_hit=False)
[clean-BPC  1427.92s] rim-conflict diag node 3 conflicts=16 pair_events=0 pair_cuts=0 schedcap_events=0 schedcap_cuts=0 routepack_events=2 routepack_cuts=4 routepack_cache=0 routepack_states_max=79 routepack_budget_skip=14 nogood_events=0 nogood_cuts=0 weak_skip=14
[clean-BPC    20.01s] restricted-MIP node 3 status=TIME_LIMIT obj=None accepted=False routes=2555 rejected=16 pair=0 ng=0 route_pack=32 sched_cap=0 added_cuts=4 time=20.011246
[clean-BPC  1427.92s] node 3 d=2 lb=242.160818 open=1
[clean-BPC  1428.19s] node 3 cg=1 phase=phase1 obj=0.0 artificial=0.0 cols=2555
[clean-BPC  1428.48s] node 3 cg=2 phase=phase2 obj=242.160818 artificial=0.0 cols=2555
[clean-BPC  1432.30s] node 3 cg=2 phase=phase2 kind=heuristic best_rc=0.0 found=0 added=0 exhausted=False cert=False
[clean-BPC  1443.55s] node 3 cg=2 phase=phase2 kind=heuristic_boost best_rc=0.0 found=0 added=0 exhausted=True cert=True
[clean-BPC  1463.57s] route-pack-conflict diag node 3 source_vehicle=1 routes=5 U=3 complete=True cache_hit=False states=79 added=2
[clean-BPC  1463.57s] cut_added family=schedule_route_set_packing node=3 added=2 source=schedule_conflict first(vehicle=1, routes=5, U=3, states=79, cache_hit=False)
[clean-BPC  1463.57s] route-pack-conflict diag node 3 source_vehicle=1 routes=5 U=3 complete=True cache_hit=False states=93 added=2
[clean-BPC  1463.57s] cut_added family=schedule_route_set_packing node=3 added=2 source=schedule_conflict first(vehicle=1, routes=5, U=3, states=93, cache_hit=False)
[clean-BPC  1475.14s] rim-conflict diag node 3 conflicts=15 pair_events=0 pair_cuts=0 schedcap_events=0 schedcap_cuts=0 routepack_events=2 routepack_cuts=4 routepack_cache=0 routepack_states_max=93 routepack_budget_skip=13 nogood_events=0 nogood_cuts=0 weak_skip=13
[clean-BPC    20.01s] restricted-MIP node 3 status=TIME_LIMIT obj=None accepted=False routes=2555 rejected=15 pair=0 ng=0 route_pack=30 sched_cap=0 added_cuts=4 time=20.013394
[clean-BPC  1475.14s] node 3 d=2 lb=242.160818 open=1
[clean-BPC  1475.42s] node 3 cg=1 phase=phase1 obj=0.0 artificial=0.0 cols=2555
[clean-BPC  1475.71s] node 3 cg=2 phase=phase2 obj=242.160818 artificial=0.0 cols=2555
[clean-BPC  1479.53s] node 3 cg=2 phase=phase2 kind=heuristic best_rc=0.0 found=0 added=0 exhausted=False cert=False
[clean-BPC  1490.73s] node 3 cg=2 phase=phase2 kind=heuristic_boost best_rc=0.0 found=0 added=0 exhausted=True cert=True
[clean-BPC  1510.74s] route-pack-conflict diag node 3 source_vehicle=1 routes=5 U=3 complete=True cache_hit=False states=88 added=2
[clean-BPC  1510.74s] cut_added family=schedule_route_set_packing node=3 added=2 source=schedule_conflict first(vehicle=1, routes=5, U=3, states=88, cache_hit=False)
[clean-BPC  1510.74s] route-pack-conflict diag node 3 source_vehicle=1 routes=5 U=3 complete=True cache_hit=False states=99 added=2
[clean-BPC  1510.74s] cut_added family=schedule_route_set_packing node=3 added=2 source=schedule_conflict first(vehicle=1, routes=5, U=3, states=99, cache_hit=False)
[clean-BPC  1520.15s] cut_added family=schedule_pair_conflict node=3 added=2 source_vehicle=1 route_count=2 signatures=[[4, 9, 11, 13, 3], [1, 16, 19, 20]]
[clean-BPC  1520.15s] rim-conflict diag node 3 conflicts=14 pair_events=1 pair_cuts=2 schedcap_events=0 schedcap_cuts=0 routepack_events=2 routepack_cuts=4 routepack_cache=0 routepack_states_max=99 routepack_budget_skip=11 nogood_events=0 nogood_cuts=0 weak_skip=11
[clean-BPC    20.01s] restricted-MIP node 3 status=TIME_LIMIT obj=None accepted=False routes=2555 rejected=14 pair=2 ng=0 route_pack=26 sched_cap=0 added_cuts=6 time=20.006264
[clean-BPC  1520.15s] node 3 d=2 lb=242.160818 open=1
[clean-BPC  1520.44s] node 3 cg=1 phase=phase1 obj=0.0 artificial=0.0 cols=2555
[clean-BPC  1520.74s] node 3 cg=2 phase=phase2 obj=242.160818 artificial=0.0 cols=2555
[clean-BPC  1524.76s] node 3 cg=2 phase=phase2 kind=heuristic best_rc=-0.0 found=0 added=0 exhausted=False cert=False
[clean-BPC  1539.55s] node 3 cg=2 phase=phase2 kind=heuristic_boost best_rc=-0.2182685 found=2 added=2 exhausted=True cert=True
[clean-BPC  1539.85s] node 3 cg=3 phase=phase2 obj=242.160818 artificial=0.0 cols=2557
[clean-BPC  1543.89s] node 3 cg=3 phase=phase2 kind=heuristic best_rc=0.0 found=0 added=0 exhausted=False cert=False
[clean-BPC  1558.12s] node 3 cg=3 phase=phase2 kind=heuristic_boost best_rc=0.0 found=0 added=0 exhausted=True cert=True
[clean-BPC  1578.13s] route-pack-conflict diag node 3 source_vehicle=1 routes=5 U=3 complete=True cache_hit=False states=85 added=2
[clean-BPC  1578.13s] cut_added family=schedule_route_set_packing node=3 added=2 source=schedule_conflict first(vehicle=1, routes=5, U=3, states=85, cache_hit=False)
[clean-BPC  1578.13s] route-pack-conflict diag node 3 source_vehicle=1 routes=5 U=3 complete=True cache_hit=False states=87 added=2
[clean-BPC  1578.13s] cut_added family=schedule_route_set_packing node=3 added=2 source=schedule_conflict first(vehicle=1, routes=5, U=3, states=87, cache_hit=False)
[clean-BPC  1585.76s] cut_added family=schedule_pair_conflict node=3 added=2 source_vehicle=1 route_count=2 signatures=[[4, 9, 11, 13, 3], [20, 19, 16, 1]]
[clean-BPC  1587.75s] rim-conflict diag node 3 conflicts=13 pair_events=1 pair_cuts=2 schedcap_events=0 schedcap_cuts=0 routepack_events=2 routepack_cuts=4 routepack_cache=0 routepack_states_max=87 routepack_budget_skip=10 nogood_events=0 nogood_cuts=0 weak_skip=10
[clean-BPC    20.01s] restricted-MIP node 3 status=TIME_LIMIT obj=None accepted=False routes=2557 rejected=13 pair=2 ng=0 route_pack=24 sched_cap=0 added_cuts=6 time=20.011737
[clean-BPC  1587.75s] node 3 d=2 lb=242.160818 open=1
[clean-BPC  1588.03s] node 3 cg=1 phase=phase1 obj=0.0 artificial=0.0 cols=2557
[clean-BPC  1588.33s] node 3 cg=2 phase=phase2 obj=242.160818 artificial=0.0 cols=2557
[clean-BPC  1592.40s] node 3 cg=2 phase=phase2 kind=heuristic best_rc=0.0 found=0 added=0 exhausted=False cert=False
[clean-BPC  1606.86s] node 3 cg=2 phase=phase2 kind=heuristic_boost best_rc=0.0 found=0 added=0 exhausted=True cert=True
[clean-BPC  1626.87s] route-pack-conflict diag node 3 source_vehicle=1 routes=5 U=3 complete=True cache_hit=False states=85 added=2
[clean-BPC  1626.87s] cut_added family=schedule_route_set_packing node=3 added=2 source=schedule_conflict first(vehicle=1, routes=5, U=3, states=85, cache_hit=False)
[clean-BPC  1626.87s] route-pack-conflict diag node 3 source_vehicle=1 routes=5 U=3 complete=True cache_hit=False states=101 added=2
[clean-BPC  1626.87s] cut_added family=schedule_route_set_packing node=3 added=2 source=schedule_conflict first(vehicle=1, routes=5, U=3, states=101, cache_hit=False)
[clean-BPC  1636.23s] rim-conflict diag node 3 conflicts=12 pair_events=0 pair_cuts=0 schedcap_events=0 schedcap_cuts=0 routepack_events=2 routepack_cuts=4 routepack_cache=0 routepack_states_max=101 routepack_budget_skip=10 nogood_events=0 nogood_cuts=0 weak_skip=10
[clean-BPC    20.01s] restricted-MIP node 3 status=TIME_LIMIT obj=None accepted=False routes=2557 rejected=12 pair=0 ng=0 route_pack=24 sched_cap=0 added_cuts=4 time=20.010902
[clean-BPC  1636.23s] node 3 d=2 lb=242.160818 open=1
[clean-BPC  1636.53s] node 3 cg=1 phase=phase1 obj=0.0 artificial=0.0 cols=2557
[clean-BPC  1636.82s] node 3 cg=2 phase=phase2 obj=242.160818 artificial=0.0 cols=2557
[clean-BPC  1640.82s] node 3 cg=2 phase=phase2 kind=heuristic best_rc=0.0 found=0 added=0 exhausted=False cert=False
[clean-BPC  1653.08s] node 3 cg=2 phase=phase2 kind=heuristic_boost best_rc=0.0 found=0 added=0 exhausted=True cert=True
[clean-BPC  1673.10s] route-pack-conflict diag node 3 source_vehicle=1 routes=5 U=3 complete=True cache_hit=False states=89 added=2
[clean-BPC  1673.10s] cut_added family=schedule_route_set_packing node=3 added=2 source=schedule_conflict first(vehicle=1, routes=5, U=3, states=89, cache_hit=False)
[clean-BPC  1673.10s] route-pack-conflict diag node 3 source_vehicle=1 routes=5 U=3 complete=True cache_hit=False states=76 added=2
[clean-BPC  1673.10s] cut_added family=schedule_route_set_packing node=3 added=2 source=schedule_conflict first(vehicle=1, routes=5, U=3, states=76, cache_hit=False)
[clean-BPC  1681.37s] rim-conflict diag node 3 conflicts=10 pair_events=0 pair_cuts=0 schedcap_events=0 schedcap_cuts=0 routepack_events=2 routepack_cuts=4 routepack_cache=0 routepack_states_max=89 routepack_budget_skip=8 nogood_events=0 nogood_cuts=0 weak_skip=8
[clean-BPC    20.01s] restricted-MIP node 3 status=TIME_LIMIT obj=None accepted=False routes=2557 rejected=10 pair=0 ng=0 route_pack=20 sched_cap=0 added_cuts=4 time=20.012222
[clean-BPC  1681.37s] node 3 d=2 lb=242.160818 open=1
[clean-BPC  1681.65s] node 3 cg=1 phase=phase1 obj=0.0 artificial=0.0 cols=2557
[clean-BPC  1681.95s] node 3 cg=2 phase=phase2 obj=242.160818 artificial=0.0 cols=2557
[clean-BPC  1685.96s] node 3 cg=2 phase=phase2 kind=heuristic best_rc=0.0 found=0 added=0 exhausted=False cert=False
[clean-BPC  1698.21s] node 3 cg=2 phase=phase2 kind=heuristic_boost best_rc=0.0 found=0 added=0 exhausted=True cert=True
[clean-BPC  1718.23s] route-pack-conflict diag node 3 source_vehicle=1 routes=5 U=3 complete=True cache_hit=False states=87 added=2
[clean-BPC  1718.23s] cut_added family=schedule_route_set_packing node=3 added=2 source=schedule_conflict first(vehicle=1, routes=5, U=3, states=87, cache_hit=False)
[clean-BPC  1718.23s] route-pack-conflict diag node 3 source_vehicle=1 routes=5 U=3 complete=True cache_hit=False states=96 added=2
[clean-BPC  1718.23s] cut_added family=schedule_route_set_packing node=3 added=2 source=schedule_conflict first(vehicle=1, routes=5, U=3, states=96, cache_hit=False)
[clean-BPC  1724.39s] cut_added family=schedule_pair_conflict node=3 added=2 source_vehicle=1 route_count=2 signatures=[[4, 9, 11, 13, 3], [1, 20, 16, 19]]
[clean-BPC  1724.39s] rim-conflict diag node 3 conflicts=9 pair_events=1 pair_cuts=2 schedcap_events=0 schedcap_cuts=0 routepack_events=2 routepack_cuts=4 routepack_cache=0 routepack_states_max=96 routepack_budget_skip=6 nogood_events=0 nogood_cuts=0 weak_skip=6
[clean-BPC    20.01s] restricted-MIP node 3 status=TIME_LIMIT obj=None accepted=False routes=2557 rejected=9 pair=2 ng=0 route_pack=16 sched_cap=0 added_cuts=6 time=20.012688
[clean-BPC  1724.39s] node 3 d=2 lb=242.160818 open=1
[clean-BPC  1724.69s] node 3 cg=1 phase=phase1 obj=0.0 artificial=0.0 cols=2557
[clean-BPC  1724.99s] node 3 cg=2 phase=phase2 obj=242.160818 artificial=0.0 cols=2557
[clean-BPC  1728.96s] node 3 cg=2 phase=phase2 kind=heuristic best_rc=-0.0 found=0 added=0 exhausted=False cert=False
[clean-BPC  1741.77s] node 3 cg=2 phase=phase2 kind=heuristic_boost best_rc=-0.0 found=0 added=0 exhausted=True cert=True
[clean-BPC  1750.71s] branch node 3: left=RF(1,2)=separate right=RF(1,2)=same
[clean-BPC  1750.71s] node 5 d=3 lb=242.160818 open=2
[clean-BPC  1750.98s] node 5 cg=1 phase=phase1 obj=0.0 artificial=0.0 cols=2557
[clean-BPC  1751.28s] node 5 cg=2 phase=phase2 obj=242.453411 artificial=0.0 cols=2557
[clean-BPC  1755.19s] node 5 cg=2 phase=phase2 kind=heuristic best_rc=-0.4568904 found=6 added=6 exhausted=False cert=False
[clean-BPC  1755.47s] node 5 cg=3 phase=phase2 obj=242.453411 artificial=0.0 cols=2563
[clean-BPC  1759.22s] node 5 cg=3 phase=phase2 kind=heuristic best_rc=-0.02301 found=2 added=2 exhausted=False cert=False
[clean-BPC  1759.51s] node 5 cg=4 phase=phase2 obj=242.453411 artificial=0.0 cols=2565
[clean-BPC  1763.27s] node 5 cg=4 phase=phase2 kind=heuristic best_rc=0.185965 found=0 added=0 exhausted=False cert=False
[clean-BPC  1773.13s] node 5 cg=4 phase=phase2 kind=heuristic_boost best_rc=-1.80372 found=15 added=15 exhausted=True cert=True
[clean-BPC  1773.43s] node 5 cg=5 phase=phase2 obj=242.453411 artificial=0.0 cols=2580
[clean-BPC  1777.62s] node 5 cg=5 phase=phase2 kind=heuristic best_rc=-0.21313 found=4 added=4 exhausted=False cert=False
[clean-BPC  1777.90s] node 5 cg=6 phase=phase2 obj=242.453411 artificial=0.0 cols=2584
[clean-BPC  1781.73s] node 5 cg=6 phase=phase2 kind=heuristic best_rc=-0.063671 found=2 added=2 exhausted=False cert=False
[clean-BPC  1782.02s] node 5 cg=7 phase=phase2 obj=242.453411 artificial=0.0 cols=2586
[clean-BPC  1785.77s] node 5 cg=7 phase=phase2 kind=heuristic best_rc=-0.0 found=0 added=0 exhausted=False cert=False
[clean-BPC  1796.82s] node 5 cg=7 phase=phase2 kind=heuristic_boost best_rc=-0.372990667 found=15 added=15 exhausted=True cert=True
[clean-BPC  1797.10s] node 5 cg=8 phase=phase2 obj=242.453411 artificial=0.0 cols=2601
[clean-BPC  1801.12s] node 5 cg=8 phase=phase2 kind=heuristic best_rc=-0.0 found=0 added=0 exhausted=False cert=False
[clean-BPC  1814.87s] node 5 cg=8 phase=phase2 kind=heuristic_boost best_rc=-0.0 found=0 added=0 exhausted=True cert=True
[clean-BPC  1825.72s] branch node 5: left=arc(3,11)=off right=arc(3,11)=on
[clean-BPC  1825.72s] node 6 d=3 lb=242.160818 open=3
[clean-BPC  1825.90s] node 6 cg=1 phase=phase1 obj=0.0 artificial=0.0 cols=2601
[clean-BPC  1826.09s] node 6 cg=2 phase=phase2 obj=242.895602 artificial=0.0 cols=2601
[clean-BPC  1829.60s] node 6 cg=2 phase=phase2 kind=heuristic best_rc=-0.50241 found=9 added=9 exhausted=False cert=False
[clean-BPC  1829.78s] node 6 cg=3 phase=phase2 obj=242.799633 artificial=0.0 cols=2610
[clean-BPC  1833.12s] node 6 cg=3 phase=phase2 kind=heuristic best_rc=-0.0 found=0 added=0 exhausted=False cert=False
[clean-BPC  1841.89s] node 6 cg=3 phase=phase2 kind=heuristic_boost best_rc=-0.579755 found=4 added=4 exhausted=True cert=True
[clean-BPC  1842.06s] node 6 cg=4 phase=phase2 obj=242.799633 artificial=0.0 cols=2614
[clean-BPC  1845.65s] node 6 cg=4 phase=phase2 kind=heuristic best_rc=-0.569162333 found=13 added=13 exhausted=False cert=False
[clean-BPC  1845.83s] node 6 cg=5 phase=phase2 obj=242.799633 artificial=0.0 cols=2627
[clean-BPC  1849.36s] node 6 cg=5 phase=phase2 kind=heuristic best_rc=-0.4977965 found=10 added=10 exhausted=False cert=False
[clean-BPC  1849.53s] node 6 cg=6 phase=phase2 obj=242.799633 artificial=0.0 cols=2637
[clean-BPC  1852.92s] node 6 cg=6 phase=phase2 kind=heuristic best_rc=-0.242098333 found=2 added=2 exhausted=False cert=False
[clean-BPC  1853.10s] node 6 cg=7 phase=phase2 obj=242.799633 artificial=0.0 cols=2639
[clean-BPC  1856.53s] node 6 cg=7 phase=phase2 kind=heuristic best_rc=0.0 found=0 added=0 exhausted=False cert=False
[clean-BPC  1868.60s] node 6 cg=7 phase=phase2 kind=heuristic_boost best_rc=0.0 found=0 added=0 exhausted=True cert=True
[clean-BPC  1873.91s] branch node 6: left=RF(5,12)=separate right=RF(5,12)=same
[clean-BPC  1873.91s] node 7 d=4 lb=242.453411 open=4
[clean-BPC  1874.18s] node 7 cg=1 phase=phase1 obj=0.0 artificial=0.0 cols=2639
[clean-BPC  1874.47s] node 7 cg=2 phase=phase2 obj=242.485495 artificial=0.0 cols=2639
[clean-BPC  1878.58s] node 7 cg=2 phase=phase2 kind=heuristic best_rc=-0.0 found=0 added=0 exhausted=False cert=False
[clean-BPC  1892.74s] node 7 cg=2 phase=phase2 kind=heuristic_boost best_rc=-0.0 found=0 added=0 exhausted=True cert=True
[clean-BPC  1902.61s] branch node 7: left=RF(2,4)=separate right=RF(2,4)=same
[clean-BPC  1902.61s] node 8 d=4 lb=242.453411 open=5
[clean-BPC  1902.91s] node 8 cg=1 phase=phase1 obj=0.0 artificial=0.0 cols=2639
[clean-BPC  1903.21s] node 8 cg=2 phase=phase2 obj=242.620075 artificial=0.0 cols=2639
[clean-BPC  1907.17s] node 8 cg=2 phase=phase2 kind=heuristic best_rc=-0.76464075 found=9 added=9 exhausted=False cert=False
[clean-BPC  1907.47s] node 8 cg=3 phase=phase2 obj=242.620075 artificial=0.0 cols=2648
[clean-BPC  1911.22s] node 8 cg=3 phase=phase2 kind=heuristic best_rc=-0.192479 found=1 added=1 exhausted=False cert=False
[clean-BPC  1911.53s] node 8 cg=4 phase=phase2 obj=242.620075 artificial=0.0 cols=2649
[clean-BPC  1915.32s] node 8 cg=4 phase=phase2 kind=heuristic best_rc=0.136008615 found=0 added=0 exhausted=False cert=False
[clean-BPC  1925.07s] node 8 cg=4 phase=phase2 kind=heuristic_boost best_rc=0.136008615 found=0 added=0 exhausted=True cert=True
[clean-BPC  1935.08s] branch node 8: left=arc(5,4)=off right=arc(5,4)=on
[clean-BPC  1935.08s] node 4 d=2 lb=242.453411 open=6
[clean-BPC  1935.39s] node 4 cg=1 phase=phase1 obj=0.0 artificial=0.0 cols=2649
[clean-BPC  1935.73s] node 4 cg=2 phase=phase2 obj=242.453411 artificial=0.0 cols=2649
[clean-BPC  1939.80s] node 4 cg=2 phase=phase2 kind=heuristic best_rc=-0.471077214 found=1 added=1 exhausted=False cert=False
[clean-BPC  1940.12s] node 4 cg=3 phase=phase2 obj=242.453411 artificial=0.0 cols=2650
[clean-BPC  1944.38s] node 4 cg=3 phase=phase2 kind=heuristic best_rc=-0.0 found=0 added=0 exhausted=False cert=False
[clean-BPC  1959.75s] node 4 cg=3 phase=phase2 kind=heuristic_boost best_rc=-0.247617 found=2 added=2 exhausted=True cert=True
[clean-BPC  1960.08s] node 4 cg=4 phase=phase2 obj=242.453411 artificial=0.0 cols=2652
[clean-BPC  1964.28s] node 4 cg=4 phase=phase2 kind=heuristic best_rc=-0.0 found=0 added=0 exhausted=False cert=False
[clean-BPC  1979.45s] node 4 cg=4 phase=phase2 kind=heuristic_boost best_rc=-0.0 found=0 added=0 exhausted=True cert=True
[clean-BPC  1979.45s] route-pack-conflict diag node 4 source_vehicle=1 routes=5 U=4 complete=True cache_hit=True states=98 added=0
[clean-BPC  1980.40s] cut_added family=schedule_nogood_core node=4 added=2 source_vehicle=1 route_count=3 signatures=[[3, 11, 9, 12, 14], [19, 16, 18, 10, 7], [2, 5, 4]]
[clean-BPC  1980.40s] node 4 d=2 lb=242.453411 open=6
[clean-BPC  1980.70s] node 4 cg=1 phase=phase1 obj=0.0 artificial=0.0 cols=2652
[clean-BPC  1981.04s] node 4 cg=2 phase=phase2 obj=242.453411 artificial=0.0 cols=2652
[clean-BPC  1985.35s] node 4 cg=2 phase=phase2 kind=heuristic best_rc=-0.364615714 found=5 added=5 exhausted=False cert=False
[clean-BPC  1985.67s] node 4 cg=3 phase=phase2 obj=242.453411 artificial=0.0 cols=2657
[clean-BPC  1989.59s] node 4 cg=3 phase=phase2 kind=heuristic best_rc=0.183048556 found=0 added=0 exhausted=False cert=False
[clean-BPC  2000.66s] node 4 cg=3 phase=phase2 kind=heuristic_boost best_rc=0.183048556 found=0 added=0 exhausted=True cert=True
[clean-BPC  2000.66s] route-pack-conflict diag node 4 source_vehicle=1 routes=5 U=3 complete=True cache_hit=False states=82 added=2
[clean-BPC  2000.66s] cut_added family=schedule_route_set_packing node=4 added=2 source=schedule_conflict first(vehicle=1, routes=5, U=3, states=82, cache_hit=False)
[clean-BPC  2000.66s] node 4 d=2 lb=242.453411 open=6
[clean-BPC  2000.98s] node 4 cg=1 phase=phase1 obj=0.0 artificial=0.0 cols=2657
[clean-BPC  2001.30s] node 4 cg=2 phase=phase2 obj=242.453411 artificial=0.0 cols=2657
[clean-BPC  2005.23s] node 4 cg=2 phase=phase2 kind=heuristic best_rc=0.183048556 found=0 added=0 exhausted=False cert=False
[clean-BPC  2016.22s] node 4 cg=2 phase=phase2 kind=heuristic_boost best_rc=0.183048556 found=0 added=0 exhausted=True cert=True
[clean-BPC  2023.66s] branch node 4: left=arc(12,9)=off right=arc(12,9)=on
[clean-BPC  2023.66s] node 15 d=3 lb=242.453411 open=7
[clean-BPC  2023.97s] node 15 cg=1 phase=phase1 obj=0.0 artificial=0.0 cols=2657
[clean-BPC  2024.30s] node 15 cg=2 phase=phase2 obj=242.453411 artificial=0.0 cols=2657
[clean-BPC  2028.57s] node 15 cg=2 phase=phase2 kind=heuristic best_rc=-0.153887 found=1 added=1 exhausted=False cert=False
[clean-BPC  2028.88s] node 15 cg=3 phase=phase2 obj=242.453411 artificial=0.0 cols=2658
[clean-BPC  2033.08s] node 15 cg=3 phase=phase2 kind=heuristic best_rc=0.377245 found=0 added=0 exhausted=False cert=False
[clean-BPC  2047.15s] node 15 cg=3 phase=phase2 kind=heuristic_boost best_rc=0.377245 found=0 added=0 exhausted=True cert=True
[clean-BPC  2053.57s] branch node 15: left=arc(5,4)=off right=arc(5,4)=on
[clean-BPC  2053.57s] node 16 d=3 lb=242.453411 open=8
[clean-BPC  2053.88s] node 16 cg=1 phase=phase1 obj=0.0 artificial=0.0 cols=2658
[clean-BPC  2054.20s] node 16 cg=2 phase=phase2 obj=242.509525 artificial=0.0 cols=2658
[clean-BPC  2058.33s] node 16 cg=2 phase=phase2 kind=heuristic best_rc=0.121738607 found=0 added=0 exhausted=False cert=False
[clean-BPC  2070.22s] node 16 cg=2 phase=phase2 kind=heuristic_boost best_rc=-0.275358143 found=2 added=2 exhausted=True cert=True
[clean-BPC  2070.54s] node 16 cg=3 phase=phase2 obj=242.509525 artificial=0.0 cols=2660
[clean-BPC  2074.65s] node 16 cg=3 phase=phase2 kind=heuristic best_rc=0.10054077 found=0 added=0 exhausted=False cert=False
[clean-BPC  2086.49s] node 16 cg=3 phase=phase2 kind=heuristic_boost best_rc=-0.0 found=0 added=0 exhausted=True cert=True
[clean-BPC  2096.16s] branch node 16: left=RF(4,14)=separate right=RF(4,14)=same
[clean-BPC  2096.16s] node 17 d=4 lb=242.453411 open=9
[clean-BPC  2096.48s] node 17 cg=1 phase=phase1 obj=0.0 artificial=0.0 cols=2660
[clean-BPC  2096.80s] node 17 cg=2 phase=phase2 obj=242.453411 artificial=0.0 cols=2660
[clean-BPC  2100.66s] node 17 cg=2 phase=phase2 kind=heuristic best_rc=0.156243333 found=0 added=0 exhausted=False cert=False
[clean-BPC  2112.02s] node 17 cg=2 phase=phase2 kind=heuristic_boost best_rc=0.156243333 found=0 added=0 exhausted=True cert=True
[clean-BPC  2112.02s] route-pack-conflict diag node 17 source_vehicle=1 routes=5 U=4 complete=True cache_hit=False states=81 added=0
[clean-BPC  2112.96s] cut_added family=schedule_nogood_core node=17 added=2 source_vehicle=1 route_count=3 signatures=[[3, 11, 9, 12, 14], [19, 16, 18, 10, 7], [4, 5, 2]]
[clean-BPC  2112.96s] node 18 d=4 lb=242.453411 open=9
[clean-BPC  2113.27s] node 18 cg=1 phase=phase1 obj=0.0 artificial=0.0 cols=2660
[clean-BPC  2113.59s] node 18 cg=2 phase=phase2 obj=242.786739 artificial=0.0 cols=2660
[clean-BPC  2117.47s] node 18 cg=2 phase=phase2 kind=heuristic best_rc=-0.6680675 found=10 added=10 exhausted=False cert=False
[clean-BPC  2117.81s] node 18 cg=3 phase=phase2 obj=242.772737 artificial=0.0 cols=2670
[clean-BPC  2121.67s] node 18 cg=3 phase=phase2 kind=heuristic best_rc=0.028004 found=0 added=0 exhausted=False cert=False
[clean-BPC  2133.81s] node 18 cg=3 phase=phase2 kind=heuristic_boost best_rc=-0.201676 found=2 added=2 exhausted=True cert=True
[clean-BPC  2134.15s] node 18 cg=4 phase=phase2 obj=242.772737 artificial=0.0 cols=2672
[clean-BPC  2138.06s] node 18 cg=4 phase=phase2 kind=heuristic best_rc=0.028004 found=0 added=0 exhausted=False cert=False
[clean-BPC  2150.26s] node 18 cg=4 phase=phase2 kind=heuristic_boost best_rc=0.028004 found=0 added=0 exhausted=True cert=True
[clean-BPC  2159.50s] branch node 18: left=RF(4,14)=separate right=RF(4,14)=same
[clean-BPC  2159.50s] node 17 d=4 lb=242.453411 open=10
[clean-BPC  2159.80s] node 17 cg=1 phase=phase1 obj=0.0 artificial=0.0 cols=2672
[clean-BPC  2160.13s] node 17 cg=2 phase=phase2 obj=242.529739 artificial=0.0 cols=2672
[clean-BPC  2164.06s] node 17 cg=2 phase=phase2 kind=heuristic best_rc=0.269955238 found=0 added=0 exhausted=False cert=False
[clean-BPC  2176.63s] node 17 cg=2 phase=phase2 kind=heuristic_boost best_rc=-0.074373048 found=2 added=2 exhausted=True cert=True
[clean-BPC  2176.95s] node 17 cg=3 phase=phase2 obj=242.529739 artificial=0.0 cols=2674
[clean-BPC  2180.87s] node 17 cg=3 phase=phase2 kind=heuristic best_rc=0.269955238 found=0 added=0 exhausted=False cert=False
[clean-BPC  2193.35s] node 17 cg=3 phase=phase2 kind=heuristic_boost best_rc=-0.0 found=0 added=0 exhausted=True cert=True
[clean-BPC  2202.26s] branch node 17: left=RF(1,2)=separate right=RF(1,2)=same
[clean-BPC  2202.26s] node 12 d=5 lb=242.485495 open=11
[clean-BPC  2202.44s] node 12 cg=1 phase=phase1 obj=0.0 artificial=0.0 cols=2674
[clean-BPC  2202.64s] node 12 cg=2 phase=phase2 obj=242.745466 artificial=0.0 cols=2674
[clean-BPC  2206.03s] node 12 cg=2 phase=phase2 kind=heuristic best_rc=-0.53434075 found=4 added=4 exhausted=False cert=False
[clean-BPC  2206.24s] node 12 cg=3 phase=phase2 obj=242.74218 artificial=0.0 cols=2678
[clean-BPC  2209.68s] node 12 cg=3 phase=phase2 kind=heuristic best_rc=0.089117771 found=0 added=0 exhausted=False cert=False
[clean-BPC  2218.92s] node 12 cg=3 phase=phase2 kind=heuristic_boost best_rc=0.089117771 found=0 added=0 exhausted=True cert=True
[clean-BPC  2224.28s] branch node 12: left=RF(4,14)=separate right=RF(4,14)=same
[clean-BPC  2224.28s] node 11 d=5 lb=242.485495 open=12
[clean-BPC  2224.57s] node 11 cg=1 phase=phase1 obj=0.0 artificial=0.0 cols=2678
[clean-BPC  2224.87s] node 11 cg=2 phase=phase2 obj=242.678001 artificial=0.0 cols=2678
[clean-BPC  2228.85s] node 11 cg=2 phase=phase2 kind=heuristic best_rc=-0.0 found=0 added=0 exhausted=False cert=False
[clean-BPC  2240.79s] node 11 cg=2 phase=phase2 kind=heuristic_boost best_rc=-0.0 found=0 added=0 exhausted=True cert=True
[clean-BPC  2249.25s] branch node 11: left=arc(15,13)=off right=arc(15,13)=on
[clean-BPC  2249.25s] node 20 d=4 lb=242.509525 open=13
[clean-BPC  2249.47s] node 20 cg=1 phase=phase1 obj=0.0 artificial=0.0 cols=2678
[clean-BPC  2249.68s] node 20 cg=2 phase=phase2 obj=244.950446 artificial=0.0 cols=2678
[clean-BPC  2252.70s] node 20 cg=2 phase=phase2 kind=heuristic best_rc=-0.704521857 found=7 added=7 exhausted=False cert=False
[clean-BPC  2252.91s] node 20 cg=3 phase=phase2 obj=244.774315 artificial=0.0 cols=2685
[clean-BPC  2256.03s] node 20 cg=3 phase=phase2 kind=heuristic best_rc=-0.18710825 found=1 added=1 exhausted=False cert=False
[clean-BPC  2256.24s] node 20 cg=4 phase=phase2 obj=244.753756 artificial=0.0 cols=2686
[clean-BPC  2256.24s] cut_purged node=20 removed=1 by_kind={'schedule_nogood_core': 1} remaining=159
[clean-BPC  2256.46s] node 20 cg=5 phase=phase2 obj=244.753756 artificial=0.0 cols=2686
[clean-BPC  2259.60s] node 20 cg=5 phase=phase2 kind=heuristic best_rc=0.0 found=0 added=0 exhausted=False cert=False
[clean-BPC  2270.72s] node 20 cg=5 phase=phase2 kind=heuristic_boost best_rc=-0.0 found=0 added=0 exhausted=True cert=True
[clean-BPC  2276.22s] branch node 20: left=RF(15,20)=separate right=RF(15,20)=same
[clean-BPC  2276.22s] node 19 d=4 lb=242.509525 open=14
[clean-BPC  2276.54s] node 19 cg=1 phase=phase1 obj=0.0 artificial=0.0 cols=2686
[clean-BPC  2276.86s] node 19 cg=2 phase=phase2 obj=242.552757 artificial=0.0 cols=2686
[clean-BPC  2276.86s] cut_purged node=19 removed=1 by_kind={'schedule_nogood_core': 1} remaining=158
[clean-BPC  2277.18s] node 19 cg=3 phase=phase2 obj=242.552757 artificial=0.0 cols=2686
[clean-BPC  2281.30s] node 19 cg=3 phase=phase2 kind=heuristic best_rc=-0.18878818 found=2 added=2 exhausted=False cert=False
[clean-BPC  2281.62s] node 19 cg=4 phase=phase2 obj=242.552394 artificial=0.0 cols=2688
[clean-BPC  2285.74s] node 19 cg=4 phase=phase2 kind=heuristic best_rc=0.335177 found=0 added=0 exhausted=False cert=False
[clean-BPC  2296.80s] node 19 cg=4 phase=phase2 kind=heuristic_boost best_rc=0.335177 found=0 added=0 exhausted=True cert=True
[clean-BPC  2306.17s] branch node 19: left=RF(5,7)=separate right=RF(5,7)=same
[clean-BPC  2306.17s] node 24 d=5 lb=242.529739 open=15
[clean-BPC  2306.36s] node 24 cg=1 phase=phase1 obj=0.0 artificial=0.0 cols=2688
[clean-BPC  2306.54s] node 24 cg=2 phase=phase2 obj=243.032485 artificial=0.0 cols=2688
[clean-BPC  2310.19s] node 24 cg=2 phase=phase2 kind=heuristic best_rc=-0.240492 found=4 added=4 exhausted=False cert=False
[clean-BPC  2310.38s] node 24 cg=3 phase=phase2 obj=243.032485 artificial=0.0 cols=2692
[clean-BPC  2314.05s] node 24 cg=3 phase=phase2 kind=heuristic best_rc=0.0964315 found=0 added=0 exhausted=False cert=False
[clean-BPC  2326.32s] node 24 cg=3 phase=phase2 kind=heuristic_boost best_rc=-0.209712609 found=2 added=2 exhausted=True cert=True
[clean-BPC  2326.52s] node 24 cg=4 phase=phase2 obj=243.032485 artificial=0.0 cols=2694
[clean-BPC  2330.03s] node 24 cg=4 phase=phase2 kind=heuristic best_rc=-0.844161 found=5 added=5 exhausted=False cert=False
[clean-BPC  2330.23s] node 24 cg=5 phase=phase2 obj=243.032485 artificial=0.0 cols=2699
[clean-BPC  2333.61s] node 24 cg=5 phase=phase2 kind=heuristic best_rc=0.0 found=0 added=0 exhausted=False cert=False
[clean-BPC  2344.73s] node 24 cg=5 phase=phase2 kind=heuristic_boost best_rc=-0.0 found=0 added=0 exhausted=True cert=True
[clean-BPC  2350.29s] branch node 24: left=RF(4,5)=separate right=RF(4,5)=same
[clean-BPC  2350.29s] node 23 d=5 lb=242.529739 open=16
[clean-BPC  2350.59s] node 23 cg=1 phase=phase1 obj=0.0 artificial=0.0 cols=2699
[clean-BPC  2350.89s] node 23 cg=2 phase=phase2 obj=242.453411 artificial=0.0 cols=2699
[clean-BPC  2354.44s] node 23 cg=2 phase=phase2 kind=heuristic best_rc=0.153232714 found=0 added=0 exhausted=False cert=False
[clean-BPC  2361.97s] node 23 cg=2 phase=phase2 kind=heuristic_boost best_rc=0.153232714 found=0 added=0 exhausted=True cert=True
[clean-BPC  2361.97s] route-pack-conflict diag node 23 source_vehicle=1 routes=5 U=4 complete=True cache_hit=True states=81 added=0
[clean-BPC  2362.92s] cut_added family=schedule_nogood_core node=23 added=1 source_vehicle=1 route_count=3 signatures=[[3, 11, 9, 12, 14], [19, 16, 18, 10, 7], [4, 5, 2]]
[clean-BPC  2362.92s] node 23 d=5 lb=242.453411 open=16
[clean-BPC  2363.21s] node 23 cg=1 phase=phase1 obj=0.0 artificial=0.0 cols=2699
[clean-BPC  2363.52s] node 23 cg=2 phase=phase2 obj=242.786739 artificial=0.0 cols=2699
[clean-BPC  2367.40s] node 23 cg=2 phase=phase2 kind=heuristic best_rc=0.0 found=0 added=0 exhausted=False cert=False
[clean-BPC  2379.54s] node 23 cg=2 phase=phase2 kind=heuristic_boost best_rc=0.0 found=0 added=0 exhausted=True cert=True
[clean-BPC  2385.29s] branch node 23: left=arc(10,18)=off right=arc(10,18)=on
[clean-BPC  2385.29s] node 31 d=5 lb=242.552394 open=17
[clean-BPC  2385.59s] node 31 cg=1 phase=phase1 obj=0.0 artificial=0.0 cols=2699
[clean-BPC  2385.91s] node 31 cg=2 phase=phase2 obj=242.622595 artificial=0.0 cols=2699
[clean-BPC  2390.03s] node 31 cg=2 phase=phase2 kind=heuristic best_rc=0.0 found=0 added=0 exhausted=False cert=False
[clean-BPC  2401.55s] node 31 cg=2 phase=phase2 kind=heuristic_boost best_rc=0.0 found=0 added=0 exhausted=True cert=True
[clean-BPC  2410.65s] branch node 31: left=RF(5,12)=separate right=RF(5,12)=same
[clean-BPC  2410.65s] node 32 d=5 lb=242.552394 open=18
[clean-BPC  2410.89s] node 32 cg=1 phase=phase1 obj=0.0 artificial=0.0 cols=2699
[clean-BPC  2411.15s] node 32 cg=2 phase=phase2 obj=244.093261 artificial=0.0 cols=2699
[clean-BPC  2414.86s] node 32 cg=2 phase=phase2 kind=heuristic best_rc=-0.469979688 found=4 added=4 exhausted=False cert=False
[clean-BPC  2415.10s] node 32 cg=3 phase=phase2 obj=244.093261 artificial=0.0 cols=2703
[clean-BPC  2418.76s] node 32 cg=3 phase=phase2 kind=heuristic best_rc=0.174733875 found=0 added=0 exhausted=False cert=False
[clean-BPC  2429.05s] node 32 cg=3 phase=phase2 kind=heuristic_boost best_rc=-0.952020188 found=8 added=8 exhausted=True cert=True
[clean-BPC  2429.30s] node 32 cg=4 phase=phase2 obj=244.093261 artificial=0.0 cols=2711
[clean-BPC  2433.02s] node 32 cg=4 phase=phase2 kind=heuristic best_rc=0.174733875 found=0 added=0 exhausted=False cert=False
[clean-BPC  2443.50s] node 32 cg=4 phase=phase2 kind=heuristic_boost best_rc=0.174733875 found=0 added=0 exhausted=True cert=True
[clean-BPC  2450.57s] branch node 32: left=RF(1,2)=separate right=RF(1,2)=same
[clean-BPC  2450.57s] node 13 d=5 lb=242.620075 open=19
[clean-BPC  2450.88s] node 13 cg=1 phase=phase1 obj=0.0 artificial=0.0 cols=2711
[clean-BPC  2451.18s] node 13 cg=2 phase=phase2 obj=242.980879 artificial=0.0 cols=2711
[clean-BPC  2454.91s] node 13 cg=2 phase=phase2 kind=heuristic best_rc=-0.363028 found=2 added=2 exhausted=False cert=False
[clean-BPC  2455.22s] node 13 cg=3 phase=phase2 obj=242.980879 artificial=0.0 cols=2713
[clean-BPC  2459.37s] node 13 cg=3 phase=phase2 kind=heuristic best_rc=-0.152442214 found=1 added=1 exhausted=False cert=False
[clean-BPC  2459.68s] node 13 cg=4 phase=phase2 obj=242.980879 artificial=0.0 cols=2714
[clean-BPC  2463.78s] node 13 cg=4 phase=phase2 kind=heuristic best_rc=-0.0 found=0 added=0 exhausted=False cert=False
[clean-BPC  2478.73s] node 13 cg=4 phase=phase2 kind=heuristic_boost best_rc=-0.0 found=0 added=0 exhausted=True cert=True
[clean-BPC  2488.13s] branch node 13: left=RF(4,14)=separate right=RF(4,14)=same
[clean-BPC  2488.13s] node 14 d=5 lb=242.620075 open=20
[clean-BPC  2488.43s] node 14 cg=1 phase=phase1 obj=0.0 artificial=0.0 cols=2714
[clean-BPC  2488.74s] node 14 cg=2 phase=phase2 obj=242.871575 artificial=0.0 cols=2714
[clean-BPC  2488.74s] cut_purged node=14 removed=1 by_kind={'schedule_nogood_core': 1} remaining=158
[clean-BPC  2489.05s] node 14 cg=3 phase=phase2 obj=242.871575 artificial=0.0 cols=2714
[clean-BPC  2492.94s] node 14 cg=3 phase=phase2 kind=heuristic best_rc=-0.483989538 found=5 added=5 exhausted=False cert=False
[clean-BPC  2493.25s] node 14 cg=4 phase=phase2 obj=242.871575 artificial=0.0 cols=2719
[clean-BPC  2497.11s] node 14 cg=4 phase=phase2 kind=heuristic best_rc=0.118406667 found=0 added=0 exhausted=False cert=False
[clean-BPC  2507.09s] node 14 cg=4 phase=phase2 kind=heuristic_boost best_rc=-0.071694333 found=3 added=3 exhausted=True cert=True
[clean-BPC  2507.41s] node 14 cg=5 phase=phase2 obj=242.871575 artificial=0.0 cols=2722
[clean-BPC  2511.32s] node 14 cg=5 phase=phase2 kind=heuristic best_rc=-0.001246333 found=2 added=2 exhausted=False cert=False
[clean-BPC  2511.64s] node 14 cg=6 phase=phase2 obj=242.871575 artificial=0.0 cols=2724
[clean-BPC  2515.61s] node 14 cg=6 phase=phase2 kind=heuristic best_rc=-0.0 found=0 added=0 exhausted=False cert=False
[clean-BPC  2526.57s] node 14 cg=6 phase=phase2 kind=heuristic_boost best_rc=-0.0 found=0 added=0 exhausted=True cert=True
[clean-BPC  2533.42s] branch node 14: left=arc(9,14)=off right=arc(9,14)=on
[clean-BPC  2533.42s] node 37 d=6 lb=242.622595 open=21
[clean-BPC  2533.73s] node 37 cg=1 phase=phase1 obj=0.0 artificial=0.0 cols=2724
[clean-BPC  2534.06s] node 37 cg=2 phase=phase2 obj=242.638481 artificial=0.0 cols=2724
[clean-BPC  2537.90s] node 37 cg=2 phase=phase2 kind=heuristic best_rc=-0.0 found=0 added=0 exhausted=False cert=False
[clean-BPC  2547.29s] node 37 cg=2 phase=phase2 kind=heuristic_boost best_rc=-0.17745675 found=2 added=2 exhausted=True cert=True
[clean-BPC  2547.62s] node 37 cg=3 phase=phase2 obj=242.638481 artificial=0.0 cols=2726
[clean-BPC  2551.55s] node 37 cg=3 phase=phase2 kind=heuristic best_rc=-0.0 found=0 added=0 exhausted=False cert=False
[clean-BPC  2562.66s] node 37 cg=3 phase=phase2 kind=heuristic_boost best_rc=-0.409097583 found=4 added=4 exhausted=True cert=True
[clean-BPC  2562.97s] node 37 cg=4 phase=phase2 obj=242.638481 artificial=0.0 cols=2730
[clean-BPC  2566.79s] node 37 cg=4 phase=phase2 kind=heuristic best_rc=-0.0 found=0 added=0 exhausted=False cert=False
[clean-BPC  2576.22s] node 37 cg=4 phase=phase2 kind=heuristic_boost best_rc=-0.0 found=0 added=0 exhausted=True cert=True
[clean-BPC  2586.23s] branch node 37: left=arc(10,14)=off right=arc(10,14)=on
[clean-BPC  2586.23s] node 38 d=6 lb=242.622595 open=22
[clean-BPC  2586.49s] node 38 cg=1 phase=phase1 obj=0.0 artificial=0.0 cols=2730
[clean-BPC  2586.75s] node 38 cg=2 phase=phase2 obj=247.05319 artificial=0.0 cols=2730
[clean-BPC  2590.19s] node 38 cg=2 phase=phase2 kind=heuristic best_rc=-2.13649 found=35 added=35 exhausted=False cert=False
[clean-BPC  2590.45s] node 38 cg=3 phase=phase2 obj=246.726199 artificial=0.0 cols=2765
[clean-BPC  2593.99s] node 38 cg=3 phase=phase2 kind=heuristic best_rc=-0.0 found=0 added=0 exhausted=False cert=False
[clean-BPC  2602.73s] node 38 cg=3 phase=phase2 kind=heuristic_boost best_rc=-1.111039529 found=20 added=20 exhausted=True cert=True
[clean-BPC  2602.99s] node 38 cg=4 phase=phase2 obj=246.726199 artificial=0.0 cols=2785
[clean-BPC  2606.57s] node 38 cg=4 phase=phase2 kind=heuristic best_rc=-0.073067206 found=2 added=2 exhausted=False cert=False
[clean-BPC  2606.83s] node 38 cg=5 phase=phase2 obj=246.726199 artificial=0.0 cols=2787
[clean-BPC  2610.41s] node 38 cg=5 phase=phase2 kind=heuristic best_rc=-0.0 found=0 added=0 exhausted=False cert=False
[clean-BPC  2619.13s] node 38 cg=5 phase=phase2 kind=heuristic_boost best_rc=-0.031143294 found=2 added=2 exhausted=True cert=True
[clean-BPC  2619.41s] node 38 cg=6 phase=phase2 obj=246.726199 artificial=0.0 cols=2789
[clean-BPC  2622.97s] node 38 cg=6 phase=phase2 kind=heuristic best_rc=-0.0 found=0 added=0 exhausted=False cert=False
[clean-BPC  2631.80s] node 38 cg=6 phase=phase2 kind=heuristic_boost best_rc=-0.0 found=0 added=0 exhausted=True cert=True
[clean-BPC  2638.92s] branch node 38: left=RF(6,20)=separate right=RF(6,20)=same
[clean-BPC  2638.92s] node 45 d=7 lb=242.638481 open=23
[clean-BPC  2639.25s] node 45 cg=1 phase=phase1 obj=0.0 artificial=0.0 cols=2789
[clean-BPC  2639.59s] node 45 cg=2 phase=phase2 obj=242.644209 artificial=0.0 cols=2789
[clean-BPC  2643.47s] node 45 cg=2 phase=phase2 kind=heuristic best_rc=-0.741247462 found=4 added=4 exhausted=False cert=False
[clean-BPC  2643.81s] node 45 cg=3 phase=phase2 obj=242.644209 artificial=0.0 cols=2793
[clean-BPC  2648.01s] node 45 cg=3 phase=phase2 kind=heuristic best_rc=0.131516846 found=0 added=0 exhausted=False cert=False
[clean-BPC  2659.51s] node 45 cg=3 phase=phase2 kind=heuristic_boost best_rc=0.104736769 found=0 added=0 exhausted=True cert=True
[clean-BPC  2668.52s] branch node 45: left=RF(1,17)=separate right=RF(1,17)=same
[clean-BPC  2668.52s] node 46 d=7 lb=242.638481 open=24
[clean-BPC  2668.84s] node 46 cg=1 phase=phase1 obj=0.0 artificial=0.0 cols=2793
[clean-BPC  2669.18s] node 46 cg=2 phase=phase2 obj=246.750463 artificial=0.0 cols=2793
[clean-BPC  2672.91s] node 46 cg=2 phase=phase2 kind=heuristic best_rc=-6.690705 found=211 added=211 exhausted=False cert=False
[clean-BPC  2673.28s] node 46 cg=3 phase=phase2 obj=246.111539 artificial=0.0 cols=3004
[clean-BPC  2677.17s] node 46 cg=3 phase=phase2 kind=heuristic best_rc=-0.040204 found=3 added=3 exhausted=False cert=False
[clean-BPC  2677.53s] node 46 cg=4 phase=phase2 obj=246.111539 artificial=0.0 cols=3007
[clean-BPC  2681.38s] node 46 cg=4 phase=phase2 kind=heuristic best_rc=0.0 found=0 added=0 exhausted=False cert=False
[clean-BPC  2690.72s] node 46 cg=4 phase=phase2 kind=heuristic_boost best_rc=0.0 found=0 added=0 exhausted=True cert=True
[clean-BPC  2700.15s] branch node 46: left=RF(4,5)=separate right=RF(4,5)=same
[clean-BPC  2700.15s] node 49 d=8 lb=242.644209 open=25
[clean-BPC  2700.47s] node 49 cg=1 phase=phase1 obj=0.0 artificial=0.0 cols=3007
[clean-BPC  2700.80s] node 49 cg=2 phase=phase2 obj=242.660895 artificial=0.0 cols=3007
[clean-BPC  2704.74s] node 49 cg=2 phase=phase2 kind=heuristic best_rc=0.133308748 found=0 added=0 exhausted=False cert=False
[clean-BPC  2715.05s] node 49 cg=2 phase=phase2 kind=heuristic_boost best_rc=0.065633094 found=0 added=0 exhausted=True cert=True
[clean-BPC  2725.07s] branch node 49: left=RF(7,9)=separate right=RF(7,9)=same
[clean-BPC  2725.07s] node 50 d=8 lb=242.644209 open=26
[clean-BPC  2725.22s] node 50 cg=1 phase=phase1 obj=0.0 artificial=0.0 cols=3007
[clean-BPC  2725.38s] node 50 cg=2 phase=phase2 obj=246.279878 artificial=0.0 cols=3007
[clean-BPC  2728.28s] node 50 cg=2 phase=phase2 kind=heuristic best_rc=0.0 found=0 added=0 exhausted=False cert=False
[clean-BPC  2737.50s] node 50 cg=2 phase=phase2 kind=heuristic_boost best_rc=0.0 found=0 added=0 exhausted=True cert=True
[clean-BPC  2737.51s] route-pack-conflict diag node 50 source_vehicle=1 routes=5 U=4 complete=True cache_hit=False states=105 added=0
[clean-BPC  2737.77s] cut_added family=schedule_nogood_core node=50 added=2 source_vehicle=1 route_count=3 signatures=[[3, 8, 13, 11], [2, 5, 4], [1, 6, 17, 15]]
[clean-BPC  2737.77s] node 53 d=9 lb=242.660895 open=26
[clean-BPC  2738.07s] node 53 cg=1 phase=phase1 obj=0.0 artificial=0.0 cols=3007
[clean-BPC  2738.40s] node 53 cg=2 phase=phase2 obj=242.660895 artificial=0.0 cols=3007
[clean-BPC  2742.30s] node 53 cg=2 phase=phase2 kind=heuristic best_rc=0.133308748 found=0 added=0 exhausted=False cert=False
[clean-BPC  2750.57s] node 53 cg=2 phase=phase2 kind=heuristic_boost best_rc=-1.255786756 found=2 added=2 exhausted=True cert=True
[clean-BPC  2750.89s] node 53 cg=3 phase=phase2 obj=242.660895 artificial=0.0 cols=3009
[clean-BPC  2754.61s] node 53 cg=3 phase=phase2 kind=heuristic best_rc=0.133308748 found=0 added=0 exhausted=False cert=False
[clean-BPC  2762.42s] node 53 cg=3 phase=phase2 kind=heuristic_boost best_rc=-1.727552 found=10 added=10 exhausted=True cert=True
[clean-BPC  2762.74s] node 53 cg=4 phase=phase2 obj=242.660895 artificial=0.0 cols=3019
[clean-BPC  2766.56s] node 53 cg=4 phase=phase2 kind=heuristic best_rc=0.133308748 found=0 added=0 exhausted=False cert=False
[clean-BPC  2775.75s] node 53 cg=4 phase=phase2 kind=heuristic_boost best_rc=-0.717339783 found=10 added=10 exhausted=True cert=True
[clean-BPC  2776.07s] node 53 cg=5 phase=phase2 obj=242.660895 artificial=0.0 cols=3029
[clean-BPC  2779.77s] node 53 cg=5 phase=phase2 kind=heuristic best_rc=0.133308748 found=0 added=0 exhausted=False cert=False
[clean-BPC  2788.59s] node 53 cg=5 phase=phase2 kind=heuristic_boost best_rc=-1.069312016 found=5 added=5 exhausted=True cert=True
[clean-BPC  2788.94s] node 53 cg=6 phase=phase2 obj=242.660895 artificial=0.0 cols=3034
[clean-BPC  2792.81s] node 53 cg=6 phase=phase2 kind=heuristic best_rc=0.133308748 found=0 added=0 exhausted=False cert=False
[clean-BPC  2801.20s] node 53 cg=6 phase=phase2 kind=heuristic_boost best_rc=-0.643811541 found=9 added=9 exhausted=True cert=True
[clean-BPC  2801.53s] node 53 cg=7 phase=phase2 obj=242.660895 artificial=0.0 cols=3043
[clean-BPC  2805.50s] node 53 cg=7 phase=phase2 kind=heuristic best_rc=0.133308748 found=0 added=0 exhausted=False cert=False
[clean-BPC  2815.14s] node 53 cg=7 phase=phase2 kind=heuristic_boost best_rc=0.027877862 found=0 added=0 exhausted=True cert=True
[clean-BPC  2824.52s] branch node 53: left=RF(9,10)=separate right=RF(9,10)=same
[clean-BPC  2824.52s] node 54 d=9 lb=242.660895 open=27
[clean-BPC  2824.69s] node 54 cg=1 phase=phase1 obj=0.0 artificial=0.0 cols=3043
[clean-BPC  2824.87s] node 54 cg=2 phase=phase2 obj=248.100275 artificial=0.0 cols=3043
[clean-BPC  2828.10s] node 54 cg=2 phase=phase2 kind=heuristic best_rc=-5.05070175 found=126 added=126 exhausted=False cert=False
[clean-BPC  2828.29s] node 54 cg=3 phase=phase2 obj=247.413981 artificial=0.0 cols=3169
[clean-BPC  2828.29s] cut_purged node=54 removed=1 by_kind={'schedule_nogood_core': 1} remaining=159
[clean-BPC  2828.48s] node 54 cg=4 phase=phase2 obj=247.413981 artificial=0.0 cols=3169
[clean-BPC  2831.95s] node 54 cg=4 phase=phase2 kind=heuristic best_rc=-0.462351167 found=2 added=2 exhausted=False cert=False
[clean-BPC  2832.14s] node 54 cg=5 phase=phase2 obj=247.413981 artificial=0.0 cols=3171
[clean-BPC  2835.55s] node 54 cg=5 phase=phase2 kind=heuristic best_rc=0.081945294 found=0 added=0 exhausted=False cert=False
[clean-BPC  2843.92s] node 54 cg=5 phase=phase2 kind=heuristic_boost best_rc=-2.876372618 found=43 added=43 exhausted=True cert=True
[clean-BPC  2844.13s] node 54 cg=6 phase=phase2 obj=247.413981 artificial=0.0 cols=3214
[clean-BPC  2847.57s] node 54 cg=6 phase=phase2 kind=heuristic best_rc=-0.108653897 found=2 added=2 exhausted=False cert=False
[clean-BPC  2847.76s] node 54 cg=7 phase=phase2 obj=247.413981 artificial=0.0 cols=3216
[clean-BPC  2851.23s] node 54 cg=7 phase=phase2 kind=heuristic best_rc=0.081945294 found=0 added=0 exhausted=False cert=False
[clean-BPC  2859.64s] node 54 cg=7 phase=phase2 kind=heuristic_boost best_rc=-0.711961382 found=4 added=4 exhausted=True cert=True
[clean-BPC  2859.83s] node 54 cg=8 phase=phase2 obj=247.413981 artificial=0.0 cols=3220
[clean-BPC  2863.29s] node 54 cg=8 phase=phase2 kind=heuristic best_rc=0.081945294 found=0 added=0 exhausted=False cert=False
[clean-BPC  2871.74s] node 54 cg=8 phase=phase2 kind=heuristic_boost best_rc=-0.407283912 found=6 added=6 exhausted=True cert=True
[clean-BPC  2871.93s] node 54 cg=9 phase=phase2 obj=247.413981 artificial=0.0 cols=3226
[clean-BPC  2875.41s] node 54 cg=9 phase=phase2 kind=heuristic best_rc=0.04922 found=0 added=0 exhausted=False cert=False
[clean-BPC  2883.83s] node 54 cg=9 phase=phase2 kind=heuristic_boost best_rc=0.04922 found=0 added=0 exhausted=True cert=True
[clean-BPC  2889.17s] branch node 54: left=arc(7,18)=off right=arc(7,18)=on
[clean-BPC  2889.17s] node 55 d=10 lb=242.660895 open=28
[clean-BPC  2889.48s] node 55 cg=1 phase=phase1 obj=0.0 artificial=0.0 cols=3226
[clean-BPC  2889.80s] node 55 cg=2 phase=phase2 obj=242.661455 artificial=0.0 cols=3226
[clean-BPC  2893.36s] node 55 cg=2 phase=phase2 kind=heuristic best_rc=0.146763759 found=0 added=0 exhausted=False cert=False
[clean-BPC  2900.86s] node 55 cg=2 phase=phase2 kind=heuristic_boost best_rc=0.146763759 found=0 added=0 exhausted=True cert=True
[clean-BPC  2909.60s] branch node 55: left=RF(6,9)=separate right=RF(6,9)=same
[clean-BPC  2909.60s] node 56 d=10 lb=242.660895 open=29
[clean-BPC  2909.74s] node 56 cg=1 phase=phase1 obj=0.0 artificial=0.0 cols=3226
[clean-BPC  2909.89s] node 56 cg=2 phase=phase2 obj=247.550693 artificial=0.0 cols=3226
[clean-BPC  2912.81s] node 56 cg=2 phase=phase2 kind=heuristic best_rc=-2.875602125 found=69 added=69 exhausted=False cert=False
[clean-BPC  2912.97s] node 56 cg=3 phase=phase2 obj=247.550693 artificial=0.0 cols=3295
[clean-BPC  2916.02s] node 56 cg=3 phase=phase2 kind=heuristic best_rc=-0.20303375 found=3 added=3 exhausted=False cert=False
[clean-BPC  2916.19s] node 56 cg=4 phase=phase2 obj=247.550693 artificial=0.0 cols=3298
[clean-BPC  2919.20s] node 56 cg=4 phase=phase2 kind=heuristic best_rc=-0.24935235 found=2 added=2 exhausted=False cert=False
[clean-BPC  2919.38s] node 56 cg=5 phase=phase2 obj=247.550693 artificial=0.0 cols=3300
[clean-BPC  2922.46s] node 56 cg=5 phase=phase2 kind=heuristic best_rc=0.0 found=0 added=0 exhausted=False cert=False
[clean-BPC  2930.26s] node 56 cg=5 phase=phase2 kind=heuristic_boost best_rc=-0.206246687 found=2 added=2 exhausted=True cert=True
[clean-BPC  2930.44s] node 56 cg=6 phase=phase2 obj=247.550693 artificial=0.0 cols=3302
[clean-BPC  2933.48s] node 56 cg=6 phase=phase2 kind=heuristic best_rc=0.139096 found=0 added=0 exhausted=False cert=False
[clean-BPC  2941.27s] node 56 cg=6 phase=phase2 kind=heuristic_boost best_rc=0.139096 found=0 added=0 exhausted=True cert=True
[clean-BPC  2945.88s] branch node 56: left=RF(1,19)=separate right=RF(1,19)=same
[clean-BPC  2945.88s] node 59 d=11 lb=242.661455 open=30
[clean-BPC  2946.14s] node 59 cg=1 phase=phase1 obj=0.0 artificial=0.0 cols=3302
[clean-BPC  2946.42s] node 59 cg=2 phase=phase2 obj=242.664759 artificial=0.0 cols=3302
[clean-BPC  2949.86s] node 59 cg=2 phase=phase2 kind=heuristic best_rc=-0.515756775 found=1 added=1 exhausted=False cert=False
[clean-BPC  2950.14s] node 59 cg=3 phase=phase2 obj=242.664759 artificial=0.0 cols=3303
[clean-BPC  2953.34s] node 59 cg=3 phase=phase2 kind=heuristic best_rc=0.10409345 found=0 added=0 exhausted=False cert=False
[clean-BPC  2958.59s] node 59 cg=3 phase=phase2 kind=heuristic_boost best_rc=0.0 found=0 added=0 exhausted=True cert=True
[clean-BPC  2965.19s] branch node 59: left=RF(5,6)=separate right=RF(5,6)=same
[clean-BPC  2965.19s] node 60 d=11 lb=242.661455 open=31
[clean-BPC  2965.38s] node 60 cg=1 phase=phase1 obj=0.0 artificial=0.0 cols=3303
[clean-BPC  2965.58s] node 60 cg=2 phase=phase2 obj=246.703515 artificial=0.0 cols=3303
[clean-BPC  2968.25s] node 60 cg=2 phase=phase2 kind=heuristic best_rc=-0.6110555 found=11 added=11 exhausted=False cert=False
[clean-BPC  2968.43s] node 60 cg=3 phase=phase2 obj=246.625717 artificial=0.0 cols=3314
[clean-BPC  2971.14s] node 60 cg=3 phase=phase2 kind=heuristic best_rc=0.0 found=0 added=0 exhausted=False cert=False
[clean-BPC  2977.11s] node 60 cg=3 phase=phase2 kind=heuristic_boost best_rc=0.0 found=0 added=0 exhausted=True cert=True
[clean-BPC  2981.21s] branch node 60: left=RF(2,18)=separate right=RF(2,18)=same
[clean-BPC  2981.21s] node 63 d=12 lb=242.664759 open=32
[clean-BPC  2981.47s] node 63 cg=1 phase=phase1 obj=0.0 artificial=0.0 cols=3314
[clean-BPC  2981.75s] node 63 cg=2 phase=phase2 obj=242.665992 artificial=0.0 cols=3314
[clean-BPC  2985.25s] node 63 cg=2 phase=phase2 kind=heuristic best_rc=-0.0 found=0 added=0 exhausted=False cert=False
[clean-BPC  2991.84s] node 63 cg=2 phase=phase2 kind=heuristic_boost best_rc=-0.0 found=0 added=0 exhausted=True cert=True
[clean-BPC  2997.23s] branch node 63: left=arc(7,18)=off right=arc(7,18)=on
[clean-BPC  2997.23s] node 64 d=12 lb=242.664759 open=33
[clean-BPC  2997.40s] node 64 cg=1 phase=phase1 obj=0.0 artificial=0.0 cols=3314
[clean-BPC  2997.59s] node 64 cg=2 phase=phase2 obj=246.79816 artificial=0.0 cols=3314
[clean-BPC  3000.67s] node 64 cg=2 phase=phase2 kind=heuristic best_rc=-4.65526525 found=440 added=440 exhausted=False cert=False
[clean-BPC  3000.92s] node 64 cg=3 phase=phase2 obj=245.168549 artificial=0.0 cols=3754
[clean-BPC  3003.83s] node 64 cg=3 phase=phase2 kind=heuristic best_rc=0.29451 found=0 added=0 exhausted=False cert=False
[clean-BPC  3008.87s] node 64 cg=3 phase=phase2 kind=heuristic_boost best_rc=-0.6988928 found=12 added=12 exhausted=True cert=True
[clean-BPC  3009.11s] node 64 cg=4 phase=phase2 obj=245.168549 artificial=0.0 cols=3766
[clean-BPC  3012.28s] node 64 cg=4 phase=phase2 kind=heuristic best_rc=-0.0 found=0 added=0 exhausted=False cert=False
[clean-BPC  3018.70s] node 64 cg=4 phase=phase2 kind=heuristic_boost best_rc=-0.6935023 found=25 added=25 exhausted=True cert=True
[clean-BPC  3018.93s] node 64 cg=5 phase=phase2 obj=245.168549 artificial=0.0 cols=3791
[clean-BPC  3021.71s] node 64 cg=5 phase=phase2 kind=heuristic best_rc=-0.4993296 found=2 added=2 exhausted=False cert=False
[clean-BPC  3021.95s] node 64 cg=6 phase=phase2 obj=245.168549 artificial=0.0 cols=3793
[clean-BPC  3024.88s] node 64 cg=6 phase=phase2 kind=heuristic best_rc=-0.272935267 found=2 added=2 exhausted=False cert=False
[clean-BPC  3025.12s] node 64 cg=7 phase=phase2 obj=245.168549 artificial=0.0 cols=3795
[clean-BPC  3028.26s] node 64 cg=7 phase=phase2 kind=heuristic best_rc=0.105503119 found=0 added=0 exhausted=False cert=False
[clean-BPC  3034.23s] node 64 cg=7 phase=phase2 kind=heuristic_boost best_rc=-0.0 found=0 added=0 exhausted=True cert=True
[clean-BPC  3041.22s] branch node 64: left=RF(5,20)=separate right=RF(5,20)=same
[clean-BPC  3041.22s] node 67 d=13 lb=242.665992 open=34
[clean-BPC  3041.49s] node 67 cg=1 phase=phase1 obj=0.0 artificial=0.0 cols=3795
[clean-BPC  3041.79s] node 67 cg=2 phase=phase2 obj=242.665992 artificial=0.0 cols=3795
[clean-BPC  3045.36s] node 67 cg=2 phase=phase2 kind=heuristic best_rc=-0.0 found=0 added=0 exhausted=False cert=False
[clean-BPC  3052.51s] node 67 cg=2 phase=phase2 kind=heuristic_boost best_rc=-0.0 found=0 added=0 exhausted=True cert=True
[clean-BPC  3057.78s] branch node 67: left=arc(1,16)=off right=arc(1,16)=on
[clean-BPC  3057.78s] node 71 d=14 lb=242.665992 open=35
[clean-BPC  3058.04s] node 71 cg=1 phase=phase1 obj=0.0 artificial=0.0 cols=3795
[clean-BPC  3058.32s] node 71 cg=2 phase=phase2 obj=242.665992 artificial=0.0 cols=3795
[clean-BPC  3061.72s] node 71 cg=2 phase=phase2 kind=heuristic best_rc=0.0 found=0 added=0 exhausted=False cert=False
[clean-BPC  3068.04s] node 71 cg=2 phase=phase2 kind=heuristic_boost best_rc=0.0 found=0 added=0 exhausted=True cert=True
[clean-BPC  3074.63s] branch node 71: left=arc(16,1)=off right=arc(16,1)=on
[clean-BPC  3074.63s] node 72 d=14 lb=242.665992 open=36
[clean-BPC  3074.91s] node 72 cg=1 phase=phase1 obj=0.0 artificial=0.0 cols=3795
[clean-BPC  3075.21s] node 72 cg=2 phase=phase2 obj=245.67463 artificial=0.0 cols=3795
[clean-BPC  3078.48s] node 72 cg=2 phase=phase2 kind=heuristic best_rc=-1.772453 found=24 added=24 exhausted=False cert=False
[clean-BPC  3078.78s] node 72 cg=3 phase=phase2 obj=245.430474 artificial=0.0 cols=3819
[clean-BPC  3082.34s] node 72 cg=3 phase=phase2 kind=heuristic best_rc=-1.425965296 found=3 added=3 exhausted=False cert=False
[clean-BPC  3082.64s] node 72 cg=4 phase=phase2 obj=245.430474 artificial=0.0 cols=3822
[clean-BPC  3086.31s] node 72 cg=4 phase=phase2 kind=heuristic best_rc=0.0 found=0 added=0 exhausted=False cert=False
[clean-BPC  3094.78s] node 72 cg=4 phase=phase2 kind=heuristic_boost best_rc=-0.991747818 found=11 added=11 exhausted=True cert=True
[clean-BPC  3095.07s] node 72 cg=5 phase=phase2 obj=245.430474 artificial=0.0 cols=3833
[clean-BPC  3098.35s] node 72 cg=5 phase=phase2 kind=heuristic best_rc=0.0 found=0 added=0 exhausted=False cert=False
[clean-BPC  3104.15s] node 72 cg=5 phase=phase2 kind=heuristic_boost best_rc=-0.892072667 found=3 added=3 exhausted=True cert=True
[clean-BPC  3104.44s] node 72 cg=6 phase=phase2 obj=245.430474 artificial=0.0 cols=3836
[clean-BPC  3107.68s] node 72 cg=6 phase=phase2 kind=heuristic best_rc=0.0 found=0 added=0 exhausted=False cert=False
[clean-BPC  3113.49s] node 72 cg=6 phase=phase2 kind=heuristic_boost best_rc=0.0 found=0 added=0 exhausted=True cert=True
[clean-BPC  3122.33s] branch node 72: left=RF(1,18)=separate right=RF(1,18)=same
[clean-BPC  3122.33s] node 68 d=13 lb=242.665992 open=37
[clean-BPC  3122.62s] node 68 cg=1 phase=phase1 obj=0.0 artificial=0.0 cols=3836
[clean-BPC  3122.92s] node 68 cg=2 phase=phase2 obj=245.026186 artificial=0.0 cols=3836
[clean-BPC  3126.23s] node 68 cg=2 phase=phase2 kind=heuristic best_rc=-1.428011 found=13 added=13 exhausted=False cert=False
[clean-BPC  3126.52s] node 68 cg=3 phase=phase2 obj=244.157003 artificial=0.0 cols=3849
[clean-BPC  3130.07s] node 68 cg=3 phase=phase2 kind=heuristic best_rc=-0.0 found=0 added=0 exhausted=False cert=False
[clean-BPC  3136.79s] node 68 cg=3 phase=phase2 kind=heuristic_boost best_rc=-0.0 found=0 added=0 exhausted=True cert=True
[clean-BPC  3136.80s] route-pack-conflict diag node 68 source_vehicle=1 routes=5 U=3 complete=True cache_hit=False states=91 added=2
[clean-BPC  3136.80s] cut_added family=schedule_route_set_packing node=68 added=2 source=schedule_conflict first(vehicle=1, routes=5, U=3, states=91, cache_hit=False)
[clean-BPC  3136.80s] node 73 d=15 lb=242.665992 open=37
[clean-BPC  3137.06s] node 73 cg=1 phase=phase1 obj=0.0 artificial=0.0 cols=3849
[clean-BPC  3137.34s] node 73 cg=2 phase=phase2 obj=242.688545 artificial=0.0 cols=3849
[clean-BPC  3140.71s] node 73 cg=2 phase=phase2 kind=heuristic best_rc=0.0 found=0 added=0 exhausted=False cert=False
[clean-BPC  3146.73s] node 73 cg=2 phase=phase2 kind=heuristic_boost best_rc=-0.125613 found=1 added=1 exhausted=True cert=True
[clean-BPC  3147.01s] node 73 cg=3 phase=phase2 obj=242.688545 artificial=0.0 cols=3850
[clean-BPC  3150.40s] node 73 cg=3 phase=phase2 kind=heuristic best_rc=0.0 found=0 added=0 exhausted=False cert=False
[clean-BPC  3156.51s] node 73 cg=3 phase=phase2 kind=heuristic_boost best_rc=0.0 found=0 added=0 exhausted=True cert=True
[clean-BPC  3162.45s] branch node 73: left=arc(5,4)=off right=arc(5,4)=on
[clean-BPC  3162.45s] node 74 d=15 lb=242.665992 open=38
[clean-BPC  3162.72s] node 74 cg=1 phase=phase1 obj=0.0 artificial=0.0 cols=3850
[clean-BPC  3163.01s] node 74 cg=2 phase=phase2 obj=245.430474 artificial=0.0 cols=3850
[clean-BPC  3166.45s] node 74 cg=2 phase=phase2 kind=heuristic best_rc=-0.706281244 found=6 added=6 exhausted=False cert=False
[clean-BPC  3166.74s] node 74 cg=3 phase=phase2 obj=245.430474 artificial=0.0 cols=3856
[clean-BPC  3170.05s] node 74 cg=3 phase=phase2 kind=heuristic best_rc=-0.245199333 found=2 added=2 exhausted=False cert=False
[clean-BPC  3170.34s] node 74 cg=4 phase=phase2 obj=245.430474 artificial=0.0 cols=3858
[clean-BPC  3173.63s] node 74 cg=4 phase=phase2 kind=heuristic best_rc=0.221700833 found=0 added=0 exhausted=False cert=False
[clean-BPC  3179.92s] node 74 cg=4 phase=phase2 kind=heuristic_boost best_rc=-0.090298 found=2 added=2 exhausted=True cert=True
[clean-BPC  3180.20s] node 74 cg=5 phase=phase2 obj=245.430474 artificial=0.0 cols=3860
[clean-BPC  3183.54s] node 74 cg=5 phase=phase2 kind=heuristic best_rc=0.221700833 found=0 added=0 exhausted=False cert=False
[clean-BPC  3189.80s] node 74 cg=5 phase=phase2 kind=heuristic_boost best_rc=0.0 found=0 added=0 exhausted=True cert=True
[clean-BPC  3197.32s] branch node 74: left=RF(1,18)=separate right=RF(1,18)=same
[clean-BPC  3197.32s] node 28 d=6 lb=242.678001 open=39
[clean-BPC  3197.73s] node 28 cg=1 phase=phase1 obj=0.0 artificial=0.0 cols=3860
[clean-BPC  3198.17s] node 28 cg=2 phase=phase2 obj=242.678001 artificial=0.0 cols=3860
[clean-BPC  3201.85s] node 28 cg=2 phase=phase2 kind=heuristic best_rc=-0.0270219 found=4 added=4 exhausted=False cert=False
[clean-BPC  3202.29s] node 28 cg=3 phase=phase2 obj=242.678001 artificial=0.0 cols=3864
[clean-BPC  3206.45s] node 28 cg=3 phase=phase2 kind=heuristic best_rc=-0.044438177 found=1 added=1 exhausted=False cert=False
[clean-BPC  3206.90s] node 28 cg=4 phase=phase2 obj=242.678001 artificial=0.0 cols=3865
[clean-BPC  3210.97s] node 28 cg=4 phase=phase2 kind=heuristic best_rc=-0.011780788 found=1 added=1 exhausted=False cert=False
[clean-BPC  3211.42s] node 28 cg=5 phase=phase2 obj=242.678001 artificial=0.0 cols=3866
[clean-BPC  3215.45s] node 28 cg=5 phase=phase2 kind=heuristic best_rc=0.414182 found=0 added=0 exhausted=False cert=False
[clean-BPC  3227.84s] node 28 cg=5 phase=phase2 kind=heuristic_boost best_rc=0.414182 found=0 added=0 exhausted=True cert=True
[clean-BPC  3238.46s] branch node 28: left=arc(7,10)=off right=arc(7,10)=on
[clean-BPC  3238.46s] node 27 d=6 lb=242.678001 open=40
[clean-BPC  3238.88s] node 27 cg=1 phase=phase1 obj=0.0 artificial=0.0 cols=3866
[clean-BPC  3239.33s] node 27 cg=2 phase=phase2 obj=242.678001 artificial=0.0 cols=3866
[clean-BPC  3243.35s] node 27 cg=2 phase=phase2 kind=heuristic best_rc=0.0 found=0 added=0 exhausted=False cert=False
[clean-BPC  3254.89s] node 27 cg=2 phase=phase2 kind=heuristic_boost best_rc=0.0 found=0 added=0 exhausted=True cert=True
[clean-BPC  3254.89s] route-pack-conflict diag node 27 source_vehicle=1 routes=5 U=3 complete=True cache_hit=False states=91 added=2
[clean-BPC  3254.89s] cut_added family=schedule_route_set_packing node=27 added=2 source=schedule_conflict first(vehicle=1, routes=5, U=3, states=91, cache_hit=False)
[clean-BPC  3254.89s] node 81 d=7 lb=242.678001 open=40
[clean-BPC  3255.31s] node 81 cg=1 phase=phase1 obj=0.0 artificial=0.0 cols=3866
[clean-BPC  3255.75s] node 81 cg=2 phase=phase2 obj=242.678001 artificial=0.0 cols=3866
[clean-BPC  3259.91s] node 81 cg=2 phase=phase2 kind=heuristic best_rc=0.164472524 found=0 added=0 exhausted=False cert=False
[clean-BPC  3273.49s] node 81 cg=2 phase=phase2 kind=heuristic_boost best_rc=-0.182673857 found=4 added=4 exhausted=True cert=True
[clean-BPC  3273.92s] node 81 cg=3 phase=phase2 obj=242.678001 artificial=0.0 cols=3870
[clean-BPC  3277.96s] node 81 cg=3 phase=phase2 kind=heuristic best_rc=-0.35164 found=1 added=1 exhausted=False cert=False
[clean-BPC  3278.39s] node 81 cg=4 phase=phase2 obj=242.678001 artificial=0.0 cols=3871
[clean-BPC  3282.30s] node 81 cg=4 phase=phase2 kind=heuristic best_rc=-0.0 found=0 added=0 exhausted=False cert=False
[clean-BPC  3292.54s] node 81 cg=4 phase=phase2 kind=heuristic_boost best_rc=-0.0 found=0 added=0 exhausted=True cert=True
[clean-BPC  3292.54s] route-pack-conflict diag node 81 source_vehicle=1 routes=5 U=3 complete=True cache_hit=False states=71 added=2
[clean-BPC  3292.54s] cut_added family=schedule_route_set_packing node=81 added=2 source=schedule_conflict first(vehicle=1, routes=5, U=3, states=71, cache_hit=False)
[clean-BPC  3292.54s] node 82 d=7 lb=242.678001 open=40
[clean-BPC  3292.98s] node 82 cg=1 phase=phase1 obj=0.0 artificial=0.0 cols=3871
[clean-BPC  3293.44s] node 82 cg=2 phase=phase2 obj=242.931008 artificial=0.0 cols=3871
[clean-BPC  3297.49s] node 82 cg=2 phase=phase2 kind=heuristic best_rc=0.139003569 found=0 added=0 exhausted=False cert=False
[clean-BPC  3308.76s] node 82 cg=2 phase=phase2 kind=heuristic_boost best_rc=0.058589747 found=0 added=0 exhausted=True cert=True
[clean-BPC  3319.92s] branch node 82: left=RF(3,6)=separate right=RF(3,6)=same
[clean-BPC  3319.92s] node 27 d=6 lb=242.678001 open=41
[clean-BPC  3320.34s] node 27 cg=1 phase=phase1 obj=0.0 artificial=0.0 cols=3871
[clean-BPC  3320.79s] node 27 cg=2 phase=phase2 obj=242.678001 artificial=0.0 cols=3871
[clean-BPC  3324.72s] node 27 cg=2 phase=phase2 kind=heuristic best_rc=-0.0 found=0 added=0 exhausted=False cert=False
[clean-BPC  3338.33s] node 27 cg=2 phase=phase2 kind=heuristic_boost best_rc=-0.03756 found=1 added=1 exhausted=True cert=True
[clean-BPC  3338.76s] node 27 cg=3 phase=phase2 obj=242.678001 artificial=0.0 cols=3872
[clean-BPC  3342.69s] node 27 cg=3 phase=phase2 kind=heuristic best_rc=0.0154348 found=0 added=0 exhausted=False cert=False
[clean-BPC  3354.34s] node 27 cg=3 phase=phase2 kind=heuristic_boost best_rc=-0.2332632 found=2 added=2 exhausted=True cert=True
[clean-BPC  3354.77s] node 27 cg=4 phase=phase2 obj=242.678001 artificial=0.0 cols=3874
[clean-BPC  3358.91s] node 27 cg=4 phase=phase2 kind=heuristic best_rc=0.0 found=0 added=0 exhausted=False cert=False
[clean-BPC  3371.11s] node 27 cg=4 phase=phase2 kind=heuristic_boost best_rc=-0.0 found=0 added=0 exhausted=True cert=True
[clean-BPC  3379.82s] branch node 27: left=arc(7,10)=off right=arc(7,10)=on
[clean-BPC  3379.82s] node 81 d=7 lb=242.678001 open=42
[clean-BPC  3380.25s] node 81 cg=1 phase=phase1 obj=0.0 artificial=0.0 cols=3874
[clean-BPC  3380.70s] node 81 cg=2 phase=phase2 obj=242.838302 artificial=0.0 cols=3874
[clean-BPC  3384.95s] node 81 cg=2 phase=phase2 kind=heuristic best_rc=0.182822336 found=0 added=0 exhausted=False cert=False
[clean-BPC  3399.27s] node 81 cg=2 phase=phase2 kind=heuristic_boost best_rc=-0.633315109 found=8 added=8 exhausted=True cert=True
[clean-BPC  3399.71s] node 81 cg=3 phase=phase2 obj=242.838302 artificial=0.0 cols=3882
[clean-BPC  3403.90s] node 81 cg=3 phase=phase2 kind=heuristic best_rc=-0.0 found=0 added=0 exhausted=False cert=False
[clean-BPC  3416.91s] node 81 cg=3 phase=phase2 kind=heuristic_boost best_rc=-0.0 found=0 added=0 exhausted=True cert=True
[clean-BPC  3429.30s] branch node 81: left=RF(4,17)=separate right=RF(4,17)=same
[clean-BPC  3429.30s] node 85 d=7 lb=242.678001 open=43
[clean-BPC  3429.70s] node 85 cg=1 phase=phase1 obj=0.0 artificial=0.0 cols=3882
[clean-BPC  3430.13s] node 85 cg=2 phase=phase2 obj=242.678001 artificial=0.0 cols=3882
[clean-BPC  3433.86s] node 85 cg=2 phase=phase2 kind=heuristic best_rc=-1.184371262 found=4 added=4 exhausted=False cert=False
[clean-BPC  3434.27s] node 85 cg=3 phase=phase2 obj=242.678001 artificial=0.0 cols=3886
[clean-BPC  3438.41s] node 85 cg=3 phase=phase2 kind=heuristic best_rc=-0.0 found=0 added=0 exhausted=False cert=False
[clean-BPC  3451.57s] node 85 cg=3 phase=phase2 kind=heuristic_boost best_rc=-0.0 found=0 added=0 exhausted=True cert=True
[clean-BPC  3459.49s] branch node 85: left=arc(11,8)=off right=arc(11,8)=on
[clean-BPC  3459.49s] node 86 d=7 lb=242.678001 open=44
[clean-BPC  3459.91s] node 86 cg=1 phase=phase1 obj=0.0 artificial=0.0 cols=3886
[clean-BPC  3460.37s] node 86 cg=2 phase=phase2 obj=242.787393 artificial=0.0 cols=3886
[clean-BPC  3464.15s] node 86 cg=2 phase=phase2 kind=heuristic best_rc=0.031919 found=0 added=0 exhausted=False cert=False
[clean-BPC  3473.68s] node 86 cg=2 phase=phase2 kind=heuristic_boost best_rc=0.031919 found=0 added=0 exhausted=True cert=True
[clean-BPC  3484.09s] branch node 86: left=RF(4,8)=separate right=RF(4,8)=same
[clean-BPC  3484.09s] node 89 d=8 lb=242.678001 open=45
[clean-BPC  3484.51s] node 89 cg=1 phase=phase1 obj=0.0 artificial=0.0 cols=3886
[clean-BPC  3484.93s] node 89 cg=2 phase=phase2 obj=242.678001 artificial=0.0 cols=3886
[clean-BPC  3489.06s] node 89 cg=2 phase=phase2 kind=heuristic best_rc=-0.0 found=0 added=0 exhausted=False cert=False
[clean-BPC  3502.04s] node 89 cg=2 phase=phase2 kind=heuristic_boost best_rc=-0.0 found=0 added=0 exhausted=True cert=True
[clean-BPC  3509.98s] branch node 89: left=arc(20,1)=off right=arc(20,1)=on
[clean-BPC  3509.98s] node 90 d=8 lb=242.678001 open=46
[clean-BPC  3510.37s] node 90 cg=1 phase=phase1 obj=0.0 artificial=0.0 cols=3886
[clean-BPC  3510.80s] node 90 cg=2 phase=phase2 obj=242.911259 artificial=0.0 cols=3886
[clean-BPC  3514.68s] node 90 cg=2 phase=phase2 kind=heuristic best_rc=-0.017383286 found=2 added=2 exhausted=False cert=False
[clean-BPC  3515.11s] node 90 cg=3 phase=phase2 obj=242.911259 artificial=0.0 cols=3888
[clean-BPC  3518.99s] node 90 cg=3 phase=phase2 kind=heuristic best_rc=-0.0 found=0 added=0 exhausted=False cert=False
[clean-BPC  3529.57s] node 90 cg=3 phase=phase2 kind=heuristic_boost best_rc=-1.270956857 found=15 added=15 exhausted=True cert=True
[clean-BPC  3530.00s] node 90 cg=4 phase=phase2 obj=242.911259 artificial=0.0 cols=3903
[clean-BPC  3533.93s] node 90 cg=4 phase=phase2 kind=heuristic best_rc=-0.0 found=0 added=0 exhausted=False cert=False
[clean-BPC  3544.96s] node 90 cg=4 phase=phase2 kind=heuristic_boost best_rc=-0.0 found=0 added=0 exhausted=True cert=True
[clean-BPC  3556.78s] branch node 90: left=RF(2,9)=separate right=RF(2,9)=same
[clean-BPC  3556.79s] node 93 d=9 lb=242.678001 open=47
[clean-BPC  3557.19s] node 93 cg=1 phase=phase1 obj=0.0 artificial=0.0 cols=3903
[clean-BPC  3557.61s] node 93 cg=2 phase=phase2 obj=242.756153 artificial=0.0 cols=3903
[clean-BPC  3561.48s] node 93 cg=2 phase=phase2 kind=heuristic best_rc=0.335177 found=0 added=0 exhausted=False cert=False
[clean-BPC  3572.97s] node 93 cg=2 phase=phase2 kind=heuristic_boost best_rc=0.335177 found=0 added=0 exhausted=True cert=True
[clean-BPC  3581.66s] branch node 93: left=arc(2,10)=off right=arc(2,10)=on
[clean-BPC  3581.66s] node 94 d=9 lb=242.678001 open=48
[clean-BPC  3582.07s] node 94 cg=1 phase=phase1 obj=0.0 artificial=0.0 cols=3903
[clean-BPC  3582.51s] node 94 cg=2 phase=phase2 obj=242.678001 artificial=0.0 cols=3903
[clean-BPC  3586.56s] node 94 cg=2 phase=phase2 kind=heuristic best_rc=0.0 found=0 added=0 exhausted=False cert=False
[clean-BPC  3600.33s] node 94 cg=2 phase=phase2 kind=heuristic_boost best_rc=0.0 found=0 added=0 exhausted=True cert=True
[clean-BPC  3600.33s] fathom node 94: reason=time_limit_after_node_certificate bound=242.678001
[clean-BPC  3600.33s] finish status=TIME_LIMIT primal=254.120967 dual=None gap=None cuts=165 diag_dual=242.678001 diag_gap=0.04503 crossing=8 crossing_upgraded=0 subset_row=18 lm_rank1=0 sched_cost=0 pair=22 clique=3 route_pack=112 nogood=7 sched_cap=0 sched_pack_adapt=0/0 route_enum_adapt=0/0
bench_20_09: status=TIME_LIMIT, primal=254.120967, dual=None, gap=None, diag_dual=242.678001, diag_gap=0.04503, time=3600.329838s, nodes=77, rmp=302, pricing=366, routes=3903, cuts=165, crossing=8, crossing_upgraded=0, rci=8, kpath=0, pair=22, subset_row=18, lm_rank1=0, sched_cost=0, clique=3, route_pack=112, nogood=7, sched_cap=0, rim_calls=20, rim_feasible=0, rim_rejected=345, rim_pair=19, rim_route_pack=620, rim_ng=36, rim_sched_cap=0, sched_pack_status=None, sched_pack_obj=None, sched_pack_gap_root=None, sched_pack_cols=0, sched_pack_relax_calls=0, sched_pack_relax_best=None, sched_pack_full_exact=0, sched_pack_adapt=0/0, sched_pack_adapt_skip=0, route_enum_adapt=0/0, route_enum_adapt_skip=0, cuts_purged=5, branch_test_time=388.267774s
开始 clean BPC: instance=bench_20_10, tasks=20, vehicles=2, time_limit=3600s, max_nodes=100000, log=/home/kai/work/gnn_bb/branchpricecut/results/logs/20260522_restore_best_356s_10_all_20_01_05/bench_20_10.jsonl
[clean-BPC     0.00s] incumbent node 0: obj=275.155465
[clean-BPC     6.59s] incumbent node 0: obj=229.293258
[clean-BPC     6.60s] start: {'time': 6.595209, 'event': 'start', 'instance': 'bench_20_10', 'tasks': 20, 'vehicles': 2, 'initial_routes': 30, 'initial_incumbent': 229.293258, 'task_vehicle_linking_enabled': True, 'schedule_capacity_cuts_enabled': True, 'schedule_capacity_separation_enabled': False, 'schedule_pack_diagnostic_enabled': False, 'schedule_pack_relaxation_enabled': False, 'schedule_pack_full_pricing_enabled': False, 'schedule_pack_adaptive_enabled': False, 'route_enumeration_adaptive_enabled': False}
[clean-BPC     6.60s] node 0 d=0 lb=0.0 open=0
[clean-BPC     6.60s] node 0 cg=1 phase=phase1 obj=0.0 artificial=0.0 cols=30
[clean-BPC     6.60s] node 0 cg=2 phase=phase2 obj=229.293258 artificial=0.0 cols=30
[clean-BPC    11.96s] node 0 cg=2 phase=phase2 kind=heuristic best_rc=-22.654381 found=102559 added=600 exhausted=False cert=False
[clean-BPC    11.98s] node 0 cg=3 phase=phase2 obj=229.293258 artificial=0.0 cols=630
[clean-BPC    15.68s] node 0 cg=3 phase=phase2 kind=heuristic best_rc=-16.031159 found=31709 added=600 exhausted=False cert=False
[clean-BPC    15.72s] node 0 cg=4 phase=phase2 obj=229.293258 artificial=0.0 cols=1230
[clean-BPC    18.69s] node 0 cg=4 phase=phase2 kind=heuristic best_rc=-4.4347545 found=1541 added=600 exhausted=False cert=False
[clean-BPC    18.76s] node 0 cg=5 phase=phase2 obj=229.293258 artificial=0.0 cols=1830
[clean-BPC    21.67s] node 0 cg=5 phase=phase2 kind=heuristic best_rc=-4.5411525 found=969 added=600 exhausted=False cert=False
[clean-BPC    21.77s] node 0 cg=6 phase=phase2 obj=226.782157 artificial=0.0 cols=2430
[clean-BPC    24.74s] node 0 cg=6 phase=phase2 kind=heuristic best_rc=-0.7761065 found=19 added=19 exhausted=False cert=False
[clean-BPC    24.84s] node 0 cg=7 phase=phase2 obj=226.4837 artificial=0.0 cols=2449
[clean-BPC    27.78s] node 0 cg=7 phase=phase2 kind=heuristic best_rc=0.0 found=0 added=0 exhausted=False cert=False
[clean-BPC    34.70s] node 0 cg=7 phase=phase2 kind=exact best_rc=-0.0 found=0 added=0 exhausted=True cert=True
[clean-BPC    35.59s] cut_added family=crossing_cut node=0 added=3 upgraded=0 first={'id': 0, 'tasks': [2, 7, 10, 14, 15], 'demand': 11.0, 'capacity_bound': 2, 'resource_bound': 1, 'k_bound': 2, 'rhs': 4.0, 'source': 'capacity', 'violation': 0.666666667, 'action': 'add'}
[clean-BPC    35.73s] node 0 cg=8 phase=phase2 obj=227.278104 artificial=0.0 cols=2449
[clean-BPC    39.23s] node 0 cg=8 phase=phase2 kind=heuristic best_rc=-0.741786 found=4 added=4 exhausted=False cert=False
[clean-BPC    39.36s] node 0 cg=9 phase=phase2 obj=227.009878 artificial=0.0 cols=2453
[clean-BPC    42.91s] node 0 cg=9 phase=phase2 kind=heuristic best_rc=-0.753907 found=14 added=14 exhausted=False cert=False
[clean-BPC    43.04s] node 0 cg=10 phase=phase2 obj=227.009879 artificial=0.0 cols=2467
[clean-BPC    46.59s] node 0 cg=10 phase=phase2 kind=heuristic best_rc=0.0 found=0 added=0 exhausted=False cert=False
[clean-BPC    57.12s] node 0 cg=10 phase=phase2 kind=exact best_rc=0.0 found=0 added=0 exhausted=True cert=True
[clean-BPC    58.05s] cut_added family=crossing_cut node=0 added=2 upgraded=0 first={'id': 3, 'tasks': [2, 7, 14, 15, 17], 'demand': 12.0, 'capacity_bound': 2, 'resource_bound': 1, 'k_bound': 2, 'rhs': 4.0, 'source': 'capacity', 'violation': 1.0, 'action': 'add'}
[clean-BPC    58.20s] node 0 cg=11 phase=phase2 obj=227.321756 artificial=0.0 cols=2467
[clean-BPC    61.92s] node 0 cg=11 phase=phase2 kind=heuristic best_rc=-0.181559 found=2 added=2 exhausted=False cert=False
[clean-BPC    62.08s] node 0 cg=12 phase=phase2 obj=227.321756 artificial=0.0 cols=2469
[clean-BPC    65.79s] node 0 cg=12 phase=phase2 kind=heuristic best_rc=0.0 found=0 added=0 exhausted=False cert=False
[clean-BPC    81.82s] node 0 cg=12 phase=phase2 kind=exact best_rc=-0.26417005 found=6 added=6 exhausted=True cert=True
[clean-BPC    81.99s] node 0 cg=13 phase=phase2 obj=227.321756 artificial=0.0 cols=2475
[clean-BPC    85.75s] node 0 cg=13 phase=phase2 kind=heuristic best_rc=-0.0 found=0 added=0 exhausted=False cert=False
[clean-BPC   101.55s] node 0 cg=13 phase=phase2 kind=exact best_rc=-0.0 found=0 added=0 exhausted=True cert=True
[clean-BPC   102.70s] subset-row diag node 0 round=1 cand=256 k=2 dup=0 not_viol=509 violated=3 added=3 max_viol=0.30000000000000004
[clean-BPC   102.70s] cut_added family=subset_row node=0 added=3 first(|S|=5, k=3, viol=0.3)
[clean-BPC   102.87s] node 0 cg=14 phase=phase2 obj=227.615058 artificial=0.0 cols=2475
[clean-BPC   106.72s] node 0 cg=14 phase=phase2 kind=heuristic best_rc=-0.639715583 found=16 added=16 exhausted=False cert=False
[clean-BPC   106.90s] node 0 cg=15 phase=phase2 obj=227.574061 artificial=0.0 cols=2491
[clean-BPC   110.77s] node 0 cg=15 phase=phase2 kind=heuristic best_rc=-0.0 found=0 added=0 exhausted=False cert=False
[clean-BPC   126.98s] node 0 cg=15 phase=phase2 kind=exact best_rc=-0.0 found=0 added=0 exhausted=True cert=True
[clean-BPC   128.28s] subset-row diag node 0 round=2 cand=316 k=2 dup=2 not_viol=605 violated=25 added=20 max_viol=0.2857142857142856
[clean-BPC   128.28s] cut_added family=subset_row node=0 added=20 first(|S|=8, k=3, viol=0.285714286)
[clean-BPC   128.59s] node 0 cg=16 phase=phase2 obj=228.195632 artificial=0.0 cols=2491
[clean-BPC   132.47s] node 0 cg=16 phase=phase2 kind=heuristic best_rc=-0.625595395 found=26 added=26 exhausted=False cert=False
[clean-BPC   132.78s] node 0 cg=17 phase=phase2 obj=228.111683 artificial=0.0 cols=2517
[clean-BPC   136.79s] node 0 cg=17 phase=phase2 kind=heuristic best_rc=-0.0 found=0 added=0 exhausted=False cert=False
[clean-BPC   154.85s] node 0 cg=17 phase=phase2 kind=exact best_rc=-0.0 found=0 added=0 exhausted=True cert=True
[clean-BPC   155.64s] subset-row diag node 0 round=3 cand=200 k=2 dup=10 not_viol=380 violated=10 added=10 max_viol=0.25
[clean-BPC   155.64s] cut_added family=subset_row node=0 added=10 first(|S|=7, k=2, viol=0.25)
[clean-BPC   155.99s] node 0 cg=18 phase=phase2 obj=228.185935 artificial=0.0 cols=2517
[clean-BPC   160.15s] node 0 cg=18 phase=phase2 kind=heuristic best_rc=-0.525416167 found=39 added=39 exhausted=False cert=False
[clean-BPC   160.49s] node 0 cg=19 phase=phase2 obj=228.185935 artificial=0.0 cols=2556
[clean-BPC   164.66s] node 0 cg=19 phase=phase2 kind=heuristic best_rc=-0.150921 found=3 added=3 exhausted=False cert=False
[clean-BPC   165.01s] node 0 cg=20 phase=phase2 obj=228.185935 artificial=0.0 cols=2559
[clean-BPC   169.22s] node 0 cg=20 phase=phase2 kind=heuristic best_rc=-0.077274125 found=9 added=9 exhausted=False cert=False
[clean-BPC   169.58s] node 0 cg=21 phase=phase2 obj=228.185935 artificial=0.0 cols=2568
[clean-BPC   173.44s] node 0 cg=21 phase=phase2 kind=heuristic best_rc=-1.139684923 found=18 added=18 exhausted=False cert=False
[clean-BPC   173.80s] node 0 cg=22 phase=phase2 obj=228.185935 artificial=0.0 cols=2586
[clean-BPC   178.06s] node 0 cg=22 phase=phase2 kind=heuristic best_rc=-0.0 found=0 added=0 exhausted=False cert=False
[clean-BPC   191.84s] node 0 cg=22 phase=phase2 kind=exact best_rc=-0.0 found=0 added=0 exhausted=True cert=True
[clean-BPC   192.47s] lm-rank1 diag node 0 round=1 cand=46 denom=2 patterns=974 dup=0 not_viol=948 violated=0 added=0 max_viol=0.0
[clean-BPC   192.47s] route-pack diag node 0 round=1 vehicles=2/2 support_max=5 cand=14 oracle=14 incomplete=0 not_tight=8 not_viol=0 dup=0 violated=6 added=5 max_viol=0.5 states_max=105
[clean-BPC   192.47s] cut_added family=schedule_route_set_packing node=0 added=5 first(vehicle=1, routes=5, U=4, y=0.5, viol=0.5, states=105)
[clean-BPC   192.84s] node 0 cg=23 phase=phase2 obj=228.185935 artificial=0.0 cols=2586
[clean-BPC   197.04s] node 0 cg=23 phase=phase2 kind=heuristic best_rc=-0.0 found=0 added=0 exhausted=False cert=False
[clean-BPC   210.47s] node 0 cg=23 phase=phase2 kind=exact best_rc=-0.0 found=0 added=0 exhausted=True cert=True
[clean-BPC   211.10s] lm-rank1 diag node 0 round=2 cand=46 denom=2 patterns=974 dup=0 not_viol=948 violated=0 added=0 max_viol=0.0
[clean-BPC   211.10s] route-pack diag node 0 round=2 vehicles=2/2 support_max=5 cand=14 oracle=14 incomplete=0 not_tight=8 not_viol=0 dup=0 violated=6 added=5 max_viol=0.5 states_max=96
[clean-BPC   211.10s] cut_added family=schedule_route_set_packing node=0 added=5 first(vehicle=1, routes=5, U=4, y=0.5, viol=0.5, states=93)
[clean-BPC   211.47s] node 0 cg=24 phase=phase2 obj=228.185935 artificial=0.0 cols=2586
[clean-BPC   215.69s] node 0 cg=24 phase=phase2 kind=heuristic best_rc=-0.0681 found=4 added=4 exhausted=False cert=False
[clean-BPC   216.05s] node 0 cg=25 phase=phase2 obj=228.185935 artificial=0.0 cols=2590
[clean-BPC   220.04s] node 0 cg=25 phase=phase2 kind=heuristic best_rc=-0.0 found=0 added=0 exhausted=False cert=False
[clean-BPC   232.73s] node 0 cg=25 phase=phase2 kind=exact best_rc=-0.0 found=0 added=0 exhausted=True cert=True
[clean-BPC   233.37s] lm-rank1 diag node 0 round=3 cand=46 denom=2 patterns=974 dup=0 not_viol=948 violated=0 added=0 max_viol=0.0
[clean-BPC   255.21s] route-pack-conflict diag node 0 source_vehicle=1 routes=5 U=3 complete=True cache_hit=False states=88 added=2
[clean-BPC   255.21s] cut_added family=schedule_route_set_packing node=0 added=2 source=schedule_conflict first(vehicle=1, routes=5, U=3, states=88, cache_hit=False)
[clean-BPC   255.21s] cut_added family=schedule_pair_conflict node=0 added=2 source_vehicle=1 route_count=2 signatures=[[19, 20, 16, 1], [17, 7, 2]]
[clean-BPC   255.21s] route-pack-conflict diag node 0 source_vehicle=1 routes=5 U=4 complete=True cache_hit=True states=96 added=0
[clean-BPC   255.69s] cut_added family=schedule_nogood_core node=0 added=1 source_vehicle=1 route_count=3 signatures=[[1, 16, 20, 19], [4, 13, 12, 6, 11], [17, 7, 2]]
[clean-BPC   269.47s] rim-conflict diag node 0 conflicts=17 pair_events=1 pair_cuts=2 schedcap_events=0 schedcap_cuts=0 routepack_events=2 routepack_cuts=2 routepack_cache=1 routepack_states_max=96 routepack_budget_skip=14 nogood_events=1 nogood_cuts=1 weak_skip=14
[clean-BPC    21.83s] restricted-MIP node 0 status=TIME_LIMIT obj=None accepted=False routes=2590 rejected=17 pair=2 ng=22 route_pack=10 sched_cap=0 added_cuts=5 time=21.834667
[clean-BPC   269.47s] node 0 d=0 lb=228.185935 open=0
[clean-BPC   269.80s] node 0 cg=1 phase=phase1 obj=0.0 artificial=0.0 cols=2590
[clean-BPC   270.17s] node 0 cg=2 phase=phase2 obj=228.185935 artificial=0.0 cols=2590
[clean-BPC   274.15s] node 0 cg=2 phase=phase2 kind=heuristic best_rc=-0.0 found=0 added=0 exhausted=False cert=False
[clean-BPC   287.25s] node 0 cg=2 phase=phase2 kind=exact best_rc=-0.0 found=0 added=0 exhausted=True cert=True
[clean-BPC   308.37s] route-pack-conflict diag node 0 source_vehicle=1 routes=5 U=4 complete=True cache_hit=False states=96 added=0
[clean-BPC   308.86s] route-pack-conflict diag node 0 source_vehicle=1 routes=5 U=3 complete=True cache_hit=False states=88 added=2
[clean-BPC   308.86s] cut_added family=schedule_route_set_packing node=0 added=2 source=schedule_conflict first(vehicle=1, routes=5, U=3, states=88, cache_hit=False)
[clean-BPC   322.44s] rim-conflict diag node 0 conflicts=17 pair_events=0 pair_cuts=0 schedcap_events=0 schedcap_cuts=0 routepack_events=2 routepack_cuts=2 routepack_cache=0 routepack_states_max=96 routepack_budget_skip=15 nogood_events=0 nogood_cuts=0 weak_skip=16
[clean-BPC    20.34s] restricted-MIP node 0 status=TIME_LIMIT obj=None accepted=False routes=2590 rejected=17 pair=0 ng=20 route_pack=14 sched_cap=0 added_cuts=2 time=20.339191
[clean-BPC   322.45s] node 0 d=0 lb=228.185935 open=0
[clean-BPC   322.79s] node 0 cg=1 phase=phase1 obj=0.0 artificial=0.0 cols=2590
[clean-BPC   323.17s] node 0 cg=2 phase=phase2 obj=228.185935 artificial=0.0 cols=2590
[clean-BPC   327.18s] node 0 cg=2 phase=phase2 kind=heuristic best_rc=-0.0 found=0 added=0 exhausted=False cert=False
[clean-BPC   340.24s] node 0 cg=2 phase=phase2 kind=exact best_rc=-0.0 found=0 added=0 exhausted=True cert=True
[clean-BPC   361.11s] route-pack-conflict diag node 0 source_vehicle=1 routes=5 U=4 complete=True cache_hit=False states=98 added=0
[clean-BPC   362.23s] route-pack-conflict diag node 0 source_vehicle=1 routes=5 U=4 complete=True cache_hit=False states=110 added=0
[clean-BPC   372.86s] cut_added family=schedule_pair_conflict node=0 added=2 source_vehicle=1 route_count=2 signatures=[[19, 20, 16, 1], [9, 13, 18, 10, 2]]
[clean-BPC   373.18s] rim-conflict diag node 0 conflicts=14 pair_events=1 pair_cuts=2 schedcap_events=0 schedcap_cuts=0 routepack_events=2 routepack_cuts=0 routepack_cache=0 routepack_states_max=110 routepack_budget_skip=11 nogood_events=0 nogood_cuts=0 weak_skip=13
[clean-BPC    20.05s] restricted-MIP node 0 status=TIME_LIMIT obj=None accepted=False routes=2590 rejected=14 pair=2 ng=18 route_pack=8 sched_cap=0 added_cuts=2 time=20.047233
[clean-BPC   373.18s] node 0 d=0 lb=228.185935 open=0
[clean-BPC   373.53s] node 0 cg=1 phase=phase1 obj=0.0 artificial=0.0 cols=2590
[clean-BPC   373.92s] node 0 cg=2 phase=phase2 obj=228.185935 artificial=0.0 cols=2590
[clean-BPC   377.79s] node 0 cg=2 phase=phase2 kind=heuristic best_rc=0.0 found=0 added=0 exhausted=False cert=False
[clean-BPC   390.17s] node 0 cg=2 phase=phase2 kind=exact best_rc=0.0 found=0 added=0 exhausted=True cert=True
[clean-BPC   410.95s] route-pack-conflict diag node 0 source_vehicle=1 routes=5 U=4 complete=True cache_hit=False states=110 added=0
[clean-BPC   412.04s] route-pack-conflict diag node 0 source_vehicle=1 routes=5 U=4 complete=True cache_hit=True states=110 added=0
[clean-BPC   422.25s] cut_added family=schedule_pair_conflict node=0 added=2 source_vehicle=1 route_count=2 signatures=[[19, 20, 16, 1], [17, 15, 7, 2]]
[clean-BPC   422.58s] rim-conflict diag node 0 conflicts=14 pair_events=1 pair_cuts=2 schedcap_events=0 schedcap_cuts=0 routepack_events=2 routepack_cuts=0 routepack_cache=1 routepack_states_max=110 routepack_budget_skip=11 nogood_events=0 nogood_cuts=0 weak_skip=13
[clean-BPC    20.02s] restricted-MIP node 0 status=TIME_LIMIT obj=None accepted=False routes=2590 rejected=14 pair=2 ng=20 route_pack=6 sched_cap=0 added_cuts=2 time=20.01935
[clean-BPC   422.58s] node 0 d=0 lb=228.185935 open=0
[clean-BPC   422.93s] node 0 cg=1 phase=phase1 obj=0.0 artificial=0.0 cols=2590
[clean-BPC   423.31s] node 0 cg=2 phase=phase2 obj=228.185935 artificial=0.0 cols=2590
[clean-BPC   427.26s] node 0 cg=2 phase=phase2 kind=heuristic best_rc=-0.0 found=0 added=0 exhausted=False cert=False
[clean-BPC   439.83s] node 0 cg=2 phase=phase2 kind=exact best_rc=-0.0 found=0 added=0 exhausted=True cert=True
[clean-BPC   460.58s] route-pack-conflict diag node 0 source_vehicle=1 routes=5 U=4 complete=True cache_hit=True states=110 added=0
[clean-BPC   461.68s] route-pack-conflict diag node 0 source_vehicle=1 routes=5 U=4 complete=True cache_hit=True states=110 added=0
[clean-BPC   474.04s] rim-conflict diag node 0 conflicts=15 pair_events=0 pair_cuts=0 schedcap_events=0 schedcap_cuts=0 routepack_events=2 routepack_cuts=0 routepack_cache=2 routepack_states_max=110 routepack_budget_skip=13 nogood_events=0 nogood_cuts=0 weak_skip=15
[clean-BPC   474.04s] incumbent node 0: obj=228.922442
[clean-BPC    20.05s] restricted-MIP node 0 status=TIME_LIMIT obj=228.922442 accepted=True routes=2590 rejected=15 pair=0 ng=18 route_pack=12 sched_cap=0 added_cuts=0 time=20.051283
[clean-BPC   482.53s] branch node 0: left=arc(12,6)=off right=arc(12,6)=on
[clean-BPC   482.53s] node 1 d=1 lb=228.185935 open=1
[clean-BPC   482.87s] node 1 cg=1 phase=phase1 obj=0.0 artificial=0.0 cols=2590
[clean-BPC   483.25s] node 1 cg=2 phase=phase2 obj=228.185935 artificial=0.0 cols=2590
[clean-BPC   487.34s] node 1 cg=2 phase=phase2 kind=heuristic best_rc=-0.4902875 found=3 added=3 exhausted=False cert=False
[clean-BPC   487.70s] node 1 cg=3 phase=phase2 obj=228.185935 artificial=0.0 cols=2593
[clean-BPC   491.90s] node 1 cg=3 phase=phase2 kind=heuristic best_rc=-0.090607938 found=2 added=2 exhausted=False cert=False
[clean-BPC   492.28s] node 1 cg=4 phase=phase2 obj=228.185935 artificial=0.0 cols=2595
[clean-BPC   496.43s] node 1 cg=4 phase=phase2 kind=heuristic best_rc=-0.170096 found=3 added=3 exhausted=False cert=False
[clean-BPC   496.81s] node 1 cg=5 phase=phase2 obj=228.185935 artificial=0.0 cols=2598
[clean-BPC   500.92s] node 1 cg=5 phase=phase2 kind=heuristic best_rc=-0.29186 found=2 added=2 exhausted=False cert=False
[clean-BPC   501.30s] node 1 cg=6 phase=phase2 obj=228.185935 artificial=0.0 cols=2600
[clean-BPC   505.41s] node 1 cg=6 phase=phase2 kind=heuristic best_rc=-0.0 found=0 added=0 exhausted=False cert=False
[clean-BPC   518.19s] node 1 cg=6 phase=phase2 kind=heuristic_boost best_rc=-0.0 found=0 added=0 exhausted=True cert=True
[clean-BPC   518.20s] route-pack diag node 1 round=1 vehicles=1/2 support_max=7 cand=11 oracle=11 incomplete=0 not_tight=3 not_viol=0 dup=0 violated=8 added=5 max_viol=2.0 states_max=260
[clean-BPC   518.20s] cut_added family=schedule_route_set_packing node=1 added=5 first(vehicle=1, routes=7, U=3, y=1.0, viol=2.0, states=260)
[clean-BPC   518.59s] node 1 cg=7 phase=phase2 obj=228.29511 artificial=0.0 cols=2600
[clean-BPC   518.59s] cut_purged node=1 removed=8 by_kind={'subset_row': 8} remaining=56
[clean-BPC   518.96s] node 1 cg=8 phase=phase2 obj=228.29511 artificial=0.0 cols=2600
[clean-BPC   523.35s] node 1 cg=8 phase=phase2 kind=heuristic best_rc=-0.268980865 found=3 added=3 exhausted=False cert=False
[clean-BPC   523.70s] node 1 cg=9 phase=phase2 obj=228.266075 artificial=0.0 cols=2603
[clean-BPC   523.70s] cut_purged node=1 removed=3 by_kind={'subset_row': 2, 'schedule_nogood_core': 1} remaining=53
[clean-BPC   524.03s] node 1 cg=10 phase=phase2 obj=228.266075 artificial=0.0 cols=2603
[clean-BPC   528.44s] node 1 cg=10 phase=phase2 kind=heuristic best_rc=-0.0 found=0 added=0 exhausted=False cert=False
[clean-BPC   542.28s] node 1 cg=10 phase=phase2 kind=heuristic_boost best_rc=-0.0 found=0 added=0 exhausted=True cert=True
[clean-BPC   542.59s] route-pack diag node 1 round=2 vehicles=2/2 support_max=31 cand=47 oracle=47 incomplete=0 not_tight=7 not_viol=35 dup=0 violated=5 added=5 max_viol=1.0 states_max=14772
[clean-BPC   542.59s] cut_added family=schedule_route_set_packing node=1 added=5 first(vehicle=2, routes=5, U=3, y=0.5, viol=1.0, states=97)
[clean-BPC   542.95s] node 1 cg=11 phase=phase2 obj=228.266075 artificial=0.0 cols=2603
[clean-BPC   547.40s] node 1 cg=11 phase=phase2 kind=heuristic best_rc=-0.0 found=0 added=0 exhausted=False cert=False
[clean-BPC   561.56s] node 1 cg=11 phase=phase2 kind=heuristic_boost best_rc=-0.0 found=0 added=0 exhausted=True cert=True
[clean-BPC   581.58s] route-pack-conflict diag node 1 source_vehicle=1 routes=5 U=3 complete=True cache_hit=False states=91 added=2
[clean-BPC   581.58s] cut_added family=schedule_route_set_packing node=1 added=2 source=schedule_conflict first(vehicle=1, routes=5, U=3, states=91, cache_hit=False)
[clean-BPC   581.58s] route-pack-conflict diag node 1 source_vehicle=1 routes=5 U=3 complete=True cache_hit=False states=85 added=2
[clean-BPC   581.58s] cut_added family=schedule_route_set_packing node=1 added=2 source=schedule_conflict first(vehicle=1, routes=5, U=3, states=85, cache_hit=False)
[clean-BPC   594.64s] rim-conflict diag node 1 conflicts=15 pair_events=0 pair_cuts=0 schedcap_events=0 schedcap_cuts=0 routepack_events=2 routepack_cuts=4 routepack_cache=0 routepack_states_max=91 routepack_budget_skip=13 nogood_events=0 nogood_cuts=0 weak_skip=13
[clean-BPC    20.01s] restricted-MIP node 1 status=TIME_LIMIT obj=None accepted=False routes=2603 rejected=15 pair=0 ng=22 route_pack=8 sched_cap=0 added_cuts=4 time=20.00931
[clean-BPC   594.64s] node 2 d=1 lb=228.185935 open=1
[clean-BPC   594.96s] node 2 cg=1 phase=phase1 obj=0.0 artificial=0.0 cols=2603
[clean-BPC   595.28s] node 2 cg=2 phase=phase2 obj=228.185935 artificial=0.0 cols=2603
[clean-BPC   599.65s] node 2 cg=2 phase=phase2 kind=heuristic best_rc=-0.0 found=0 added=0 exhausted=False cert=False
[clean-BPC   620.18s] node 2 cg=2 phase=phase2 kind=heuristic_boost best_rc=-0.0 found=0 added=0 exhausted=True cert=True
[clean-BPC   620.19s] route-pack diag node 2 round=1 vehicles=2/2 support_max=7 cand=22 oracle=22 incomplete=0 not_tight=8 not_viol=4 dup=0 violated=10 added=5 max_viol=0.5 states_max=296
[clean-BPC   620.19s] cut_added family=schedule_route_set_packing node=2 added=5 first(vehicle=1, routes=7, U=4, y=0.5, viol=0.5, states=296)
[clean-BPC   620.53s] node 2 cg=3 phase=phase2 obj=228.274281 artificial=0.0 cols=2603
[clean-BPC   624.83s] node 2 cg=3 phase=phase2 kind=heuristic best_rc=-0.284895231 found=4 added=4 exhausted=False cert=False
[clean-BPC   625.17s] node 2 cg=4 phase=phase2 obj=228.274281 artificial=0.0 cols=2607
[clean-BPC   629.77s] node 2 cg=4 phase=phase2 kind=heuristic best_rc=-0.351703769 found=7 added=7 exhausted=False cert=False
[clean-BPC   630.11s] node 2 cg=5 phase=phase2 obj=228.274281 artificial=0.0 cols=2614
[clean-BPC   634.43s] node 2 cg=5 phase=phase2 kind=heuristic best_rc=-0.0 found=0 added=0 exhausted=False cert=False
[clean-BPC   655.09s] node 2 cg=5 phase=phase2 kind=heuristic_boost best_rc=-0.0 found=0 added=0 exhausted=True cert=True
[clean-BPC   655.31s] route-pack diag node 2 round=2 vehicles=2/2 support_max=20 cand=44 oracle=44 incomplete=0 not_tight=7 not_viol=18 dup=0 violated=19 added=5 max_viol=1.0 states_max=9956
[clean-BPC   655.31s] cut_added family=schedule_route_set_packing node=2 added=5 first(vehicle=2, routes=5, U=3, y=0.5, viol=1.0, states=103)
[clean-BPC   655.65s] node 2 cg=6 phase=phase2 obj=228.274281 artificial=0.0 cols=2614
[clean-BPC   660.06s] node 2 cg=6 phase=phase2 kind=heuristic best_rc=-0.0 found=0 added=0 exhausted=False cert=False
[clean-BPC   681.39s] node 2 cg=6 phase=phase2 kind=heuristic_boost best_rc=-0.0 found=0 added=0 exhausted=True cert=True
[clean-BPC   701.40s] route-pack-conflict diag node 2 source_vehicle=1 routes=5 U=4 complete=True cache_hit=False states=110 added=0
[clean-BPC   702.48s] route-pack-conflict diag node 2 source_vehicle=1 routes=5 U=4 complete=True cache_hit=False states=110 added=0
[clean-BPC   713.38s] rim-conflict diag node 2 conflicts=11 pair_events=0 pair_cuts=0 schedcap_events=0 schedcap_cuts=0 routepack_events=2 routepack_cuts=0 routepack_cache=0 routepack_states_max=110 routepack_budget_skip=9 nogood_events=0 nogood_cuts=0 weak_skip=11
[clean-BPC    20.00s] restricted-MIP node 2 status=TIME_LIMIT obj=None accepted=False routes=2614 rejected=11 pair=0 ng=22 route_pack=0 sched_cap=0 added_cuts=0 time=20.002826
[clean-BPC   720.58s] branch node 2: left=task_vehicle(1,2)=off right=task_vehicle(1,2)=on
[clean-BPC   720.58s] node 1 d=1 lb=228.266075 open=2
[clean-BPC   720.88s] node 1 cg=1 phase=phase1 obj=0.0 artificial=0.0 cols=2614
[clean-BPC   721.22s] node 1 cg=2 phase=phase2 obj=228.266075 artificial=0.0 cols=2614
[clean-BPC   725.65s] node 1 cg=2 phase=phase2 kind=heuristic best_rc=-0.011189 found=2 added=2 exhausted=False cert=False
[clean-BPC   726.00s] node 1 cg=3 phase=phase2 obj=228.266075 artificial=0.0 cols=2616
[clean-BPC   730.51s] node 1 cg=3 phase=phase2 kind=heuristic best_rc=-0.0 found=0 added=0 exhausted=False cert=False
[clean-BPC   744.76s] node 1 cg=3 phase=phase2 kind=heuristic_boost best_rc=-0.0 found=0 added=0 exhausted=True cert=True
[clean-BPC   761.98s] route-pack-conflict diag node 1 source_vehicle=1 routes=5 U=4 complete=True cache_hit=False states=112 added=0
[clean-BPC   763.08s] route-pack-conflict diag node 1 source_vehicle=1 routes=5 U=4 complete=True cache_hit=False states=112 added=0
[clean-BPC   770.78s] rim-conflict diag node 1 conflicts=8 pair_events=0 pair_cuts=0 schedcap_events=0 schedcap_cuts=0 routepack_events=2 routepack_cuts=0 routepack_cache=0 routepack_states_max=112 routepack_budget_skip=6 nogood_events=0 nogood_cuts=0 weak_skip=8
[clean-BPC    17.21s] restricted-MIP node 1 status=TIME_LIMIT obj=None accepted=False routes=2616 rejected=8 pair=0 ng=16 route_pack=0 sched_cap=0 added_cuts=0 time=17.210151
[clean-BPC   779.83s] branch node 1: left=task_vehicle(17,2)=off right=task_vehicle(17,2)=on
[clean-BPC   779.83s] node 5 d=2 lb=228.266075 open=3
[clean-BPC   780.11s] node 5 cg=1 phase=phase1 obj=0.0 artificial=0.0 cols=2616
[clean-BPC   780.45s] node 5 cg=2 phase=phase2 obj=228.346215 artificial=0.0 cols=2616
[clean-BPC   784.86s] node 5 cg=2 phase=phase2 kind=heuristic best_rc=-0.0 found=0 added=0 exhausted=False cert=False
[clean-BPC   797.98s] node 5 cg=2 phase=phase2 kind=heuristic_boost best_rc=-1.135744482 found=51 added=51 exhausted=True cert=True
[clean-BPC   798.29s] node 5 cg=3 phase=phase2 obj=228.346215 artificial=0.0 cols=2667
[clean-BPC   802.78s] node 5 cg=3 phase=phase2 kind=heuristic best_rc=-0.0 found=0 added=0 exhausted=False cert=False
[clean-BPC   815.95s] node 5 cg=3 phase=phase2 kind=heuristic_boost best_rc=-0.0 found=0 added=0 exhausted=True cert=True
[clean-BPC   816.22s] route-pack diag node 5 round=1 vehicles=1/2 support_max=32 cand=41 oracle=41 incomplete=0 not_tight=5 not_viol=35 dup=0 violated=1 added=1 max_viol=0.517857142857143 states_max=15167
[clean-BPC   816.22s] cut_added family=schedule_route_set_packing node=5 added=1 first(vehicle=1, routes=4, U=2, y=1.0, viol=0.517857143, states=40)
[clean-BPC   816.54s] node 5 cg=4 phase=phase2 obj=228.346215 artificial=0.0 cols=2667
[clean-BPC   820.91s] node 5 cg=4 phase=phase2 kind=heuristic best_rc=0.0 found=0 added=0 exhausted=False cert=False
[clean-BPC   833.83s] node 5 cg=4 phase=phase2 kind=heuristic_boost best_rc=-0.0 found=0 added=0 exhausted=True cert=True
[clean-BPC   834.09s] route-pack diag node 5 round=2 vehicles=1/2 support_max=33 cand=41 oracle=41 incomplete=0 not_tight=5 not_viol=35 dup=0 violated=1 added=1 max_viol=0.0714285714285714 states_max=13139
[clean-BPC   834.09s] cut_added family=schedule_route_set_packing node=5 added=1 first(vehicle=1, routes=4, U=2, y=1.0, viol=0.071428571, states=30)
[clean-BPC   834.42s] node 5 cg=5 phase=phase2 obj=228.346215 artificial=0.0 cols=2667
[clean-BPC   838.88s] node 5 cg=5 phase=phase2 kind=heuristic best_rc=-0.0 found=0 added=0 exhausted=False cert=False
[clean-BPC   852.29s] node 5 cg=5 phase=phase2 kind=heuristic_boost best_rc=-0.015108661 found=2 added=2 exhausted=True cert=True
[clean-BPC   852.60s] node 5 cg=6 phase=phase2 obj=228.346215 artificial=0.0 cols=2669
[clean-BPC   857.12s] node 5 cg=6 phase=phase2 kind=heuristic best_rc=0.0 found=0 added=0 exhausted=False cert=False
[clean-BPC   870.33s] node 5 cg=6 phase=phase2 kind=heuristic_boost best_rc=0.0 found=0 added=0 exhausted=True cert=True
[clean-BPC   890.35s] route-pack-conflict diag node 5 source_vehicle=1 routes=5 U=4 complete=True cache_hit=True states=112 added=0
[clean-BPC   891.44s] route-pack-conflict diag node 5 source_vehicle=1 routes=5 U=4 complete=True cache_hit=True states=112 added=0
[clean-BPC   902.22s] rim-conflict diag node 5 conflicts=11 pair_events=0 pair_cuts=0 schedcap_events=0 schedcap_cuts=0 routepack_events=2 routepack_cuts=0 routepack_cache=2 routepack_states_max=112 routepack_budget_skip=9 nogood_events=0 nogood_cuts=0 weak_skip=11
[clean-BPC    20.00s] restricted-MIP node 5 status=TIME_LIMIT obj=None accepted=False routes=2669 rejected=11 pair=0 ng=22 route_pack=0 sched_cap=0 added_cuts=0 time=20.001128
[clean-BPC   909.32s] branch node 5: left=RF(9,14)=separate right=RF(9,14)=same
[clean-BPC   909.32s] node 6 d=2 lb=228.266075 open=4
[clean-BPC   909.61s] node 6 cg=1 phase=phase1 obj=0.0 artificial=0.0 cols=2669
[clean-BPC   909.93s] node 6 cg=2 phase=phase2 obj=328.185935 artificial=0.0 cols=2669
[clean-BPC   913.70s] node 6 cg=2 phase=phase2 kind=heuristic best_rc=-0.0 found=0 added=0 exhausted=False cert=False
[clean-BPC   924.94s] node 6 cg=2 phase=phase2 kind=heuristic_boost best_rc=-0.1324075 found=2 added=2 exhausted=True cert=True
[clean-BPC   925.26s] node 6 cg=3 phase=phase2 obj=328.185935 artificial=0.0 cols=2671
[clean-BPC   929.20s] node 6 cg=3 phase=phase2 kind=heuristic best_rc=-0.0 found=0 added=0 exhausted=False cert=False
[clean-BPC   940.97s] node 6 cg=3 phase=phase2 kind=heuristic_boost best_rc=-0.0 found=0 added=0 exhausted=True cert=True
[clean-BPC   940.97s] route-pack diag node 6 round=1 vehicles=2/2 support_max=3 cand=4 oracle=4 incomplete=0 not_tight=4 not_viol=0 dup=0 violated=0 added=0 max_viol=0.0 states_max=10
[clean-BPC   940.97s] fathom node 6: reason=bound_after_schedule_pack bound=328.185935
[clean-BPC   940.97s] node 3 d=2 lb=228.274281 open=3
[clean-BPC   941.27s] node 3 cg=1 phase=phase1 obj=0.0 artificial=0.0 cols=2671
[clean-BPC   941.60s] node 3 cg=2 phase=phase2 obj=228.362626 artificial=0.0 cols=2671
[clean-BPC   946.01s] node 3 cg=2 phase=phase2 kind=heuristic best_rc=-0.259312026 found=2 added=2 exhausted=False cert=False
[clean-BPC   946.33s] node 3 cg=3 phase=phase2 obj=228.362626 artificial=0.0 cols=2673
[clean-BPC   950.75s] node 3 cg=3 phase=phase2 kind=heuristic best_rc=-0.0 found=0 added=0 exhausted=False cert=False
[clean-BPC   969.69s] node 3 cg=3 phase=phase2 kind=heuristic_boost best_rc=-2.227036212 found=44 added=44 exhausted=True cert=True
[clean-BPC   970.01s] node 3 cg=4 phase=phase2 obj=228.362626 artificial=0.0 cols=2717
[clean-BPC   974.35s] node 3 cg=4 phase=phase2 kind=heuristic best_rc=-0.0 found=0 added=0 exhausted=False cert=False
[clean-BPC   993.23s] node 3 cg=4 phase=phase2 kind=heuristic_boost best_rc=-0.270412077 found=6 added=6 exhausted=True cert=True
[clean-BPC   993.53s] node 3 cg=5 phase=phase2 obj=228.362626 artificial=0.0 cols=2723
[clean-BPC   997.96s] node 3 cg=5 phase=phase2 kind=heuristic best_rc=-0.187334538 found=1 added=1 exhausted=False cert=False
[clean-BPC   998.27s] node 3 cg=6 phase=phase2 obj=228.362626 artificial=0.0 cols=2724
[clean-BPC  1002.62s] node 3 cg=6 phase=phase2 kind=heuristic best_rc=-0.0 found=0 added=0 exhausted=False cert=False
[clean-BPC  1021.21s] node 3 cg=6 phase=phase2 kind=heuristic_boost best_rc=-0.396985026 found=6 added=6 exhausted=True cert=True
[clean-BPC  1021.53s] node 3 cg=7 phase=phase2 obj=228.362626 artificial=0.0 cols=2730
[clean-BPC  1025.83s] node 3 cg=7 phase=phase2 kind=heuristic best_rc=-0.0 found=0 added=0 exhausted=False cert=False
[clean-BPC  1044.63s] node 3 cg=7 phase=phase2 kind=heuristic_boost best_rc=-0.187090446 found=2 added=2 exhausted=True cert=True
[clean-BPC  1044.94s] node 3 cg=8 phase=phase2 obj=228.362626 artificial=0.0 cols=2732
[clean-BPC  1049.34s] node 3 cg=8 phase=phase2 kind=heuristic best_rc=-0.0 found=0 added=0 exhausted=False cert=False
[clean-BPC  1068.26s] node 3 cg=8 phase=phase2 kind=heuristic_boost best_rc=-0.0 found=0 added=0 exhausted=True cert=True
[clean-BPC  1068.48s] route-pack diag node 3 round=1 vehicles=1/2 support_max=22 cand=37 oracle=37 incomplete=0 not_tight=5 not_viol=22 dup=0 violated=10 added=5 max_viol=0.6538461538461382 states_max=13969
[clean-BPC  1068.48s] cut_added family=schedule_route_set_packing node=3 added=5 first(vehicle=1, routes=16, U=4, y=1.0, viol=0.653846154, states=8971)
[clean-BPC  1068.80s] node 3 cg=9 phase=phase2 obj=228.362626 artificial=0.0 cols=2732
[clean-BPC  1073.24s] node 3 cg=9 phase=phase2 kind=heuristic best_rc=-0.026804846 found=1 added=1 exhausted=False cert=False
[clean-BPC  1073.57s] node 3 cg=10 phase=phase2 obj=228.362626 artificial=0.0 cols=2733
[clean-BPC  1078.01s] node 3 cg=10 phase=phase2 kind=heuristic best_rc=-0.0 found=0 added=0 exhausted=False cert=False
[clean-BPC  1096.50s] node 3 cg=10 phase=phase2 kind=heuristic_boost best_rc=-0.150617319 found=4 added=4 exhausted=True cert=True
[clean-BPC  1096.83s] node 3 cg=11 phase=phase2 obj=228.362626 artificial=0.0 cols=2737
[clean-BPC  1101.25s] node 3 cg=11 phase=phase2 kind=heuristic best_rc=-0.0 found=0 added=0 exhausted=False cert=False
[clean-BPC  1119.79s] node 3 cg=11 phase=phase2 kind=heuristic_boost best_rc=-0.0 found=0 added=0 exhausted=True cert=True
[clean-BPC  1120.02s] route-pack diag node 3 round=2 vehicles=1/2 support_max=21 cand=37 oracle=37 incomplete=0 not_tight=3 not_viol=20 dup=0 violated=14 added=5 max_viol=0.6923076923076925 states_max=11111
[clean-BPC  1120.02s] cut_added family=schedule_route_set_packing node=3 added=5 first(vehicle=1, routes=16, U=4, y=1.0, viol=0.692307692, states=8608)
[clean-BPC  1120.36s] node 3 cg=12 phase=phase2 obj=228.362626 artificial=0.0 cols=2737
[clean-BPC  1124.73s] node 3 cg=12 phase=phase2 kind=heuristic best_rc=-0.0 found=0 added=0 exhausted=False cert=False
[clean-BPC  1143.20s] node 3 cg=12 phase=phase2 kind=heuristic_boost best_rc=-0.0 found=0 added=0 exhausted=True cert=True
[clean-BPC  1164.10s] route-pack-conflict diag node 3 source_vehicle=1 routes=5 U=4 complete=True cache_hit=True states=110 added=0
[clean-BPC  1165.19s] route-pack-conflict diag node 3 source_vehicle=1 routes=5 U=4 complete=True cache_hit=True states=110 added=0
[clean-BPC  1177.21s] rim-conflict diag node 3 conflicts=12 pair_events=0 pair_cuts=0 schedcap_events=0 schedcap_cuts=0 routepack_events=2 routepack_cuts=0 routepack_cache=2 routepack_states_max=110 routepack_budget_skip=10 nogood_events=0 nogood_cuts=0 weak_skip=12
[clean-BPC    20.90s] restricted-MIP node 3 status=TIME_LIMIT obj=None accepted=False routes=2737 rejected=12 pair=0 ng=24 route_pack=0 sched_cap=0 added_cuts=0 time=20.896424
[clean-BPC  1188.50s] branch node 3: left=arc(3,8)=off right=arc(3,8)=on
[clean-BPC  1188.50s] node 4 d=2 lb=228.274281 open=4
[clean-BPC  1188.80s] node 4 cg=1 phase=phase1 obj=0.0 artificial=0.0 cols=2737
[clean-BPC  1189.13s] node 4 cg=2 phase=phase2 obj=328.185935 artificial=0.0 cols=2737
[clean-BPC  1193.08s] node 4 cg=2 phase=phase2 kind=heuristic best_rc=0.0 found=0 added=0 exhausted=False cert=False
[clean-BPC  1205.64s] node 4 cg=2 phase=phase2 kind=heuristic_boost best_rc=-0.115085 found=1 added=1 exhausted=True cert=True
[clean-BPC  1205.96s] node 4 cg=3 phase=phase2 obj=328.185935 artificial=0.0 cols=2738
[clean-BPC  1209.94s] node 4 cg=3 phase=phase2 kind=heuristic best_rc=-0.046143 found=2 added=2 exhausted=False cert=False
[clean-BPC  1210.27s] node 4 cg=4 phase=phase2 obj=328.185935 artificial=0.0 cols=2740
[clean-BPC  1214.19s] node 4 cg=4 phase=phase2 kind=heuristic best_rc=0.0 found=0 added=0 exhausted=False cert=False
[clean-BPC  1226.64s] node 4 cg=4 phase=phase2 kind=heuristic_boost best_rc=0.0 found=0 added=0 exhausted=True cert=True
[clean-BPC  1226.65s] route-pack diag node 4 round=1 vehicles=1/2 support_max=4 cand=5 oracle=5 incomplete=0 not_tight=5 not_viol=0 dup=0 violated=0 added=0 max_viol=0.0 states_max=41
[clean-BPC  1226.65s] fathom node 4: reason=bound_after_schedule_pack bound=328.185935
[clean-BPC  1226.65s] node 8 d=3 lb=228.346215 open=3
[clean-BPC  1226.81s] node 8 cg=1 phase=phase1 obj=0.0 artificial=0.0 cols=2740
[clean-BPC  1226.97s] node 8 cg=2 phase=phase2 obj=228.60104 artificial=0.0 cols=2740
[clean-BPC  1229.86s] node 8 cg=2 phase=phase2 kind=heuristic best_rc=-0.236905 found=2 added=2 exhausted=False cert=False
[clean-BPC  1230.01s] node 8 cg=3 phase=phase2 obj=228.60104 artificial=0.0 cols=2742
[clean-BPC  1232.87s] node 8 cg=3 phase=phase2 kind=heuristic best_rc=0.0 found=0 added=0 exhausted=False cert=False
[clean-BPC  1244.12s] node 8 cg=3 phase=phase2 kind=heuristic_boost best_rc=-2.016730333 found=52 added=52 exhausted=True cert=True
[clean-BPC  1244.29s] node 8 cg=4 phase=phase2 obj=228.60104 artificial=0.0 cols=2794
[clean-BPC  1246.99s] node 8 cg=4 phase=phase2 kind=heuristic best_rc=-0.319140333 found=2 added=2 exhausted=False cert=False
[clean-BPC  1247.17s] node 8 cg=5 phase=phase2 obj=228.60104 artificial=0.0 cols=2796
[clean-BPC  1249.94s] node 8 cg=5 phase=phase2 kind=heuristic best_rc=0.0 found=0 added=0 exhausted=False cert=False
[clean-BPC  1261.94s] node 8 cg=5 phase=phase2 kind=heuristic_boost best_rc=-0.166846 found=2 added=2 exhausted=True cert=True
[clean-BPC  1262.11s] node 8 cg=6 phase=phase2 obj=228.60104 artificial=0.0 cols=2798
[clean-BPC  1264.89s] node 8 cg=6 phase=phase2 kind=heuristic best_rc=-0.015346167 found=1 added=1 exhausted=False cert=False
[clean-BPC  1265.07s] node 8 cg=7 phase=phase2 obj=228.60104 artificial=0.0 cols=2799
[clean-BPC  1267.92s] node 8 cg=7 phase=phase2 kind=heuristic best_rc=-0.0 found=0 added=0 exhausted=False cert=False
[clean-BPC  1279.63s] node 8 cg=7 phase=phase2 kind=heuristic_boost best_rc=-1.301086333 found=10 added=10 exhausted=True cert=True
[clean-BPC  1279.81s] node 8 cg=8 phase=phase2 obj=228.60104 artificial=0.0 cols=2809
[clean-BPC  1282.57s] node 8 cg=8 phase=phase2 kind=heuristic best_rc=0.0 found=0 added=0 exhausted=False cert=False
[clean-BPC  1293.41s] node 8 cg=8 phase=phase2 kind=heuristic_boost best_rc=-0.704926132 found=21 added=21 exhausted=True cert=True
[clean-BPC  1293.59s] node 8 cg=9 phase=phase2 obj=228.60104 artificial=0.0 cols=2830
[clean-BPC  1296.34s] node 8 cg=9 phase=phase2 kind=heuristic best_rc=-0.139786944 found=1 added=1 exhausted=False cert=False
[clean-BPC  1296.52s] node 8 cg=10 phase=phase2 obj=228.60104 artificial=0.0 cols=2831
[clean-BPC  1299.25s] node 8 cg=10 phase=phase2 kind=heuristic best_rc=0.0 found=0 added=0 exhausted=False cert=False
[clean-BPC  1315.17s] node 8 cg=10 phase=phase2 kind=heuristic_boost best_rc=-0.735695667 found=21 added=21 exhausted=True cert=True
[clean-BPC  1315.35s] node 8 cg=11 phase=phase2 obj=228.60104 artificial=0.0 cols=2852
[clean-BPC  1317.94s] node 8 cg=11 phase=phase2 kind=heuristic best_rc=0.0 found=0 added=0 exhausted=False cert=False
[clean-BPC  1333.72s] node 8 cg=11 phase=phase2 kind=heuristic_boost best_rc=-0.0 found=0 added=0 exhausted=True cert=True
[clean-BPC  1336.77s] route-pack-conflict diag node 8 source_vehicle=1 routes=5 U=4 complete=True cache_hit=False states=88 added=0
[clean-BPC  1337.02s] route-pack-conflict diag node 8 source_vehicle=1 routes=5 U=4 complete=True cache_hit=False states=100 added=0
[clean-BPC  1338.50s] rim-conflict diag node 8 conflicts=6 pair_events=0 pair_cuts=0 schedcap_events=0 schedcap_cuts=0 routepack_events=2 routepack_cuts=0 routepack_cache=0 routepack_states_max=100 routepack_budget_skip=4 nogood_events=0 nogood_cuts=0 weak_skip=6
[clean-BPC     3.04s] restricted-MIP node 8 status=INFEASIBLE obj=None accepted=False routes=2852 rejected=6 pair=0 ng=8 route_pack=4 sched_cap=0 added_cuts=0 time=3.036799
[clean-BPC  1343.12s] branch node 8: left=RF(1,19)=separate right=RF(1,19)=same
[clean-BPC  1343.12s] node 7 d=3 lb=228.346215 open=4
[clean-BPC  1343.39s] node 7 cg=1 phase=phase1 obj=0.0 artificial=0.0 cols=2852
[clean-BPC  1343.69s] node 7 cg=2 phase=phase2 obj=228.526507 artificial=0.0 cols=2852
[clean-BPC  1347.94s] node 7 cg=2 phase=phase2 kind=heuristic best_rc=-0.131426286 found=3 added=3 exhausted=False cert=False
[clean-BPC  1348.22s] node 7 cg=3 phase=phase2 obj=228.526507 artificial=0.0 cols=2855
[clean-BPC  1352.43s] node 7 cg=3 phase=phase2 kind=heuristic best_rc=-0.0 found=0 added=0 exhausted=False cert=False
[clean-BPC  1364.38s] node 7 cg=3 phase=phase2 kind=heuristic_boost best_rc=-0.561774 found=3 added=3 exhausted=True cert=True
[clean-BPC  1364.66s] node 7 cg=4 phase=phase2 obj=228.526507 artificial=0.0 cols=2858
[clean-BPC  1368.87s] node 7 cg=4 phase=phase2 kind=heuristic best_rc=0.0 found=0 added=0 exhausted=False cert=False
[clean-BPC  1381.05s] node 7 cg=4 phase=phase2 kind=heuristic_boost best_rc=0.0 found=0 added=0 exhausted=True cert=True
[clean-BPC  1401.76s] route-pack-conflict diag node 7 source_vehicle=1 routes=5 U=4 complete=True cache_hit=False states=112 added=0
[clean-BPC  1402.86s] route-pack-conflict diag node 7 source_vehicle=1 routes=5 U=4 complete=True cache_hit=False states=112 added=0
[clean-BPC  1415.88s] rim-conflict diag node 7 conflicts=13 pair_events=0 pair_cuts=0 schedcap_events=0 schedcap_cuts=0 routepack_events=2 routepack_cuts=0 routepack_cache=0 routepack_states_max=112 routepack_budget_skip=11 nogood_events=0 nogood_cuts=0 weak_skip=13
[clean-BPC    20.71s] restricted-MIP node 7 status=TIME_LIMIT obj=None accepted=False routes=2858 rejected=13 pair=0 ng=26 route_pack=0 sched_cap=0 added_cuts=0 time=20.707386
[clean-BPC  1424.12s] branch node 7: left=RF(6,18)=separate right=RF(6,18)=same
[clean-BPC  1424.12s] node 10 d=3 lb=228.362626 open=5
[clean-BPC  1424.45s] node 10 cg=1 phase=phase1 obj=0.0 artificial=0.0 cols=2858
[clean-BPC  1424.80s] node 10 cg=2 phase=phase2 obj=228.549442 artificial=0.0 cols=2858
[clean-BPC  1429.12s] node 10 cg=2 phase=phase2 kind=heuristic best_rc=-0.8568494 found=22 added=22 exhausted=False cert=False
[clean-BPC  1429.46s] node 10 cg=3 phase=phase2 obj=228.465959 artificial=0.0 cols=2880
[clean-BPC  1433.76s] node 10 cg=3 phase=phase2 kind=heuristic best_rc=0.0 found=0 added=0 exhausted=False cert=False
[clean-BPC  1446.56s] node 10 cg=3 phase=phase2 kind=heuristic_boost best_rc=-0.496291 found=3 added=3 exhausted=True cert=True
[clean-BPC  1446.91s] node 10 cg=4 phase=phase2 obj=228.465959 artificial=0.0 cols=2883
[clean-BPC  1451.39s] node 10 cg=4 phase=phase2 kind=heuristic best_rc=-0.14436 found=6 added=6 exhausted=False cert=False
[clean-BPC  1451.72s] node 10 cg=5 phase=phase2 obj=228.465959 artificial=0.0 cols=2889
[clean-BPC  1456.20s] node 10 cg=5 phase=phase2 kind=heuristic best_rc=-0.0 found=0 added=0 exhausted=False cert=False
[clean-BPC  1469.44s] node 10 cg=5 phase=phase2 kind=heuristic_boost best_rc=-0.058062 found=4 added=4 exhausted=True cert=True
[clean-BPC  1469.77s] node 10 cg=6 phase=phase2 obj=228.465959 artificial=0.0 cols=2893
[clean-BPC  1474.18s] node 10 cg=6 phase=phase2 kind=heuristic best_rc=0.0 found=0 added=0 exhausted=False cert=False
[clean-BPC  1487.27s] node 10 cg=6 phase=phase2 kind=heuristic_boost best_rc=0.0 found=0 added=0 exhausted=True cert=True
[clean-BPC  1507.30s] route-pack-conflict diag node 10 source_vehicle=1 routes=5 U=4 complete=True cache_hit=False states=105 added=0
[clean-BPC  1508.27s] route-pack-conflict diag node 10 source_vehicle=1 routes=5 U=4 complete=True cache_hit=False states=93 added=0
[clean-BPC  1509.26s] cut_added family=schedule_nogood_core node=10 added=1 source_vehicle=1 route_count=3 signatures=[[19, 20, 16, 1], [2, 7, 17], [3, 8, 5]]
[clean-BPC  1519.66s] rim-conflict diag node 10 conflicts=12 pair_events=0 pair_cuts=0 schedcap_events=0 schedcap_cuts=0 routepack_events=2 routepack_cuts=0 routepack_cache=0 routepack_states_max=105 routepack_budget_skip=10 nogood_events=1 nogood_cuts=1 weak_skip=11
[clean-BPC    20.02s] restricted-MIP node 10 status=TIME_LIMIT obj=None accepted=False routes=2893 rejected=12 pair=0 ng=22 route_pack=2 sched_cap=0 added_cuts=1 time=20.015343
[clean-BPC  1519.66s] node 9 d=3 lb=228.362626 open=5
[clean-BPC  1519.97s] node 9 cg=1 phase=phase1 obj=0.0 artificial=0.0 cols=2893
[clean-BPC  1520.32s] node 9 cg=2 phase=phase2 obj=228.473059 artificial=0.0 cols=2893
[clean-BPC  1524.58s] node 9 cg=2 phase=phase2 kind=heuristic best_rc=-0.0070995 found=1 added=1 exhausted=False cert=False
[clean-BPC  1524.93s] node 9 cg=3 phase=phase2 obj=228.465959 artificial=0.0 cols=2894
[clean-BPC  1529.16s] node 9 cg=3 phase=phase2 kind=heuristic best_rc=-0.0 found=0 added=0 exhausted=False cert=False
[clean-BPC  1547.31s] node 9 cg=3 phase=phase2 kind=heuristic_boost best_rc=-0.0 found=0 added=0 exhausted=True cert=True
[clean-BPC  1567.65s] route-pack-conflict diag node 9 source_vehicle=1 routes=5 U=4 complete=True cache_hit=False states=96 added=0
[clean-BPC  1568.66s] route-pack-conflict diag node 9 source_vehicle=1 routes=5 U=4 complete=True cache_hit=False states=105 added=0
[clean-BPC  1570.61s] cut_added family=schedule_nogood_core node=9 added=1 source_vehicle=1 route_count=3 signatures=[[19, 20, 16, 1], [2, 7, 17], [5, 8, 3]]
[clean-BPC  1579.35s] rim-conflict diag node 9 conflicts=11 pair_events=0 pair_cuts=0 schedcap_events=0 schedcap_cuts=0 routepack_events=2 routepack_cuts=0 routepack_cache=0 routepack_states_max=105 routepack_budget_skip=9 nogood_events=1 nogood_cuts=1 weak_skip=10
[clean-BPC    20.33s] restricted-MIP node 9 status=TIME_LIMIT obj=None accepted=False routes=2894 rejected=11 pair=0 ng=22 route_pack=0 sched_cap=0 added_cuts=1 time=20.33137
[clean-BPC  1579.35s] node 10 d=3 lb=228.465959 open=5
[clean-BPC  1579.67s] node 10 cg=1 phase=phase1 obj=0.0 artificial=0.0 cols=2894
[clean-BPC  1580.02s] node 10 cg=2 phase=phase2 obj=228.465959 artificial=0.0 cols=2894
[clean-BPC  1584.40s] node 10 cg=2 phase=phase2 kind=heuristic best_rc=-0.0 found=0 added=0 exhausted=False cert=False
[clean-BPC  1597.49s] node 10 cg=2 phase=phase2 kind=heuristic_boost best_rc=-0.0 found=0 added=0 exhausted=True cert=True
[clean-BPC  1617.52s] route-pack-conflict diag node 10 source_vehicle=1 routes=5 U=4 complete=True cache_hit=True states=105 added=0
[clean-BPC  1618.50s] route-pack-conflict diag node 10 source_vehicle=1 routes=5 U=4 complete=True cache_hit=False states=96 added=0
[clean-BPC  1629.69s] rim-conflict diag node 10 conflicts=12 pair_events=0 pair_cuts=0 schedcap_events=0 schedcap_cuts=0 routepack_events=2 routepack_cuts=0 routepack_cache=1 routepack_states_max=105 routepack_budget_skip=10 nogood_events=0 nogood_cuts=0 weak_skip=12
[clean-BPC    20.03s] restricted-MIP node 10 status=TIME_LIMIT obj=None accepted=False routes=2894 rejected=12 pair=0 ng=20 route_pack=4 sched_cap=0 added_cuts=0 time=20.025607
[clean-BPC  1639.59s] branch node 10: left=arc(16,20)=off right=arc(16,20)=on
[clean-BPC  1639.59s] node 9 d=3 lb=228.465959 open=6
[clean-BPC  1639.92s] node 9 cg=1 phase=phase1 obj=0.0 artificial=0.0 cols=2894
[clean-BPC  1640.28s] node 9 cg=2 phase=phase2 obj=228.465959 artificial=0.0 cols=2894
[clean-BPC  1644.62s] node 9 cg=2 phase=phase2 kind=heuristic best_rc=-0.0 found=0 added=0 exhausted=False cert=False
[clean-BPC  1663.13s] node 9 cg=2 phase=phase2 kind=heuristic_boost best_rc=-0.0 found=0 added=0 exhausted=True cert=True
[clean-BPC  1683.18s] route-pack-conflict diag node 9 source_vehicle=1 routes=5 U=4 complete=True cache_hit=True states=105 added=0
[clean-BPC  1684.17s] route-pack-conflict diag node 9 source_vehicle=1 routes=5 U=4 complete=True cache_hit=True states=96 added=0
[clean-BPC  1694.74s] rim-conflict diag node 9 conflicts=11 pair_events=0 pair_cuts=0 schedcap_events=0 schedcap_cuts=0 routepack_events=2 routepack_cuts=0 routepack_cache=2 routepack_states_max=105 routepack_budget_skip=9 nogood_events=0 nogood_cuts=0 weak_skip=11
[clean-BPC    20.05s] restricted-MIP node 9 status=TIME_LIMIT obj=None accepted=False routes=2894 rejected=11 pair=0 ng=20 route_pack=2 sched_cap=0 added_cuts=0 time=20.045528
[clean-BPC  1701.67s] branch node 9: left=arc(16,1)=off right=arc(16,1)=on
[clean-BPC  1701.67s] node 15 d=4 lb=228.465959 open=7
[clean-BPC  1702.01s] node 15 cg=1 phase=phase1 obj=0.0 artificial=0.0 cols=2894
[clean-BPC  1702.37s] node 15 cg=2 phase=phase2 obj=228.511055 artificial=0.0 cols=2894
[clean-BPC  1706.87s] node 15 cg=2 phase=phase2 kind=heuristic best_rc=-0.003925667 found=1 added=1 exhausted=False cert=False
[clean-BPC  1707.22s] node 15 cg=3 phase=phase2 obj=228.510074 artificial=0.0 cols=2895
[clean-BPC  1711.81s] node 15 cg=3 phase=phase2 kind=heuristic best_rc=-0.0 found=0 added=0 exhausted=False cert=False
[clean-BPC  1731.01s] node 15 cg=3 phase=phase2 kind=heuristic_boost best_rc=-0.0 found=0 added=0 exhausted=True cert=True
[clean-BPC  1741.11s] branch node 15: left=arc(8,5)=off right=arc(8,5)=on
[clean-BPC  1741.11s] node 16 d=4 lb=228.465959 open=8
[clean-BPC  1741.44s] node 16 cg=1 phase=phase1 obj=0.0 artificial=0.0 cols=2895
[clean-BPC  1741.79s] node 16 cg=2 phase=phase2 obj=228.465959 artificial=0.0 cols=2895
[clean-BPC  1745.99s] node 16 cg=2 phase=phase2 kind=heuristic best_rc=0.0 found=0 added=0 exhausted=False cert=False
[clean-BPC  1764.39s] node 16 cg=2 phase=phase2 kind=heuristic_boost best_rc=-0.113361667 found=1 added=1 exhausted=True cert=True
[clean-BPC  1764.74s] node 16 cg=3 phase=phase2 obj=228.465959 artificial=0.0 cols=2896
[clean-BPC  1769.05s] node 16 cg=3 phase=phase2 kind=heuristic best_rc=0.0 found=0 added=0 exhausted=False cert=False
[clean-BPC  1787.50s] node 16 cg=3 phase=phase2 kind=heuristic_boost best_rc=0.0 found=0 added=0 exhausted=True cert=True
[clean-BPC  1787.50s] route-pack-conflict diag node 16 source_vehicle=1 routes=5 U=4 complete=True cache_hit=True states=105 added=0
[clean-BPC  1788.49s] cut_added family=schedule_nogood_core node=16 added=2 source_vehicle=1 route_count=3 signatures=[[1, 16, 20, 19], [2, 7, 17], [3, 8, 5]]
[clean-BPC  1788.49s] node 17 d=4 lb=228.465959 open=8
[clean-BPC  1788.81s] node 17 cg=1 phase=phase1 obj=0.0 artificial=0.0 cols=2896
[clean-BPC  1789.17s] node 17 cg=2 phase=phase2 obj=228.465959 artificial=0.0 cols=2896
[clean-BPC  1793.48s] node 17 cg=2 phase=phase2 kind=heuristic best_rc=-0.0 found=0 added=0 exhausted=False cert=False
[clean-BPC  1811.80s] node 17 cg=2 phase=phase2 kind=heuristic_boost best_rc=-0.050882 found=2 added=2 exhausted=True cert=True
[clean-BPC  1812.16s] node 17 cg=3 phase=phase2 obj=228.465959 artificial=0.0 cols=2898
[clean-BPC  1816.49s] node 17 cg=3 phase=phase2 kind=heuristic best_rc=0.0 found=0 added=0 exhausted=False cert=False
[clean-BPC  1834.84s] node 17 cg=3 phase=phase2 kind=heuristic_boost best_rc=0.0 found=0 added=0 exhausted=True cert=True
[clean-BPC  1834.84s] route-pack-conflict diag node 17 source_vehicle=1 routes=5 U=4 complete=True cache_hit=True states=105 added=0
[clean-BPC  1835.83s] cut_added family=schedule_nogood_core node=17 added=2 source_vehicle=1 route_count=3 signatures=[[1, 16, 20, 19], [2, 7, 17], [5, 8, 3]]
[clean-BPC  1835.83s] node 18 d=4 lb=228.465959 open=8
[clean-BPC  1836.17s] node 18 cg=1 phase=phase1 obj=0.0 artificial=0.0 cols=2898
[clean-BPC  1836.54s] node 18 cg=2 phase=phase2 obj=228.511055 artificial=0.0 cols=2898
[clean-BPC  1840.97s] node 18 cg=2 phase=phase2 kind=heuristic best_rc=-0.108310833 found=3 added=3 exhausted=False cert=False
[clean-BPC  1841.32s] node 18 cg=3 phase=phase2 obj=228.511055 artificial=0.0 cols=2901
[clean-BPC  1845.75s] node 18 cg=3 phase=phase2 kind=heuristic best_rc=-0.088667194 found=2 added=2 exhausted=False cert=False
[clean-BPC  1846.11s] node 18 cg=4 phase=phase2 obj=228.511055 artificial=0.0 cols=2903
[clean-BPC  1850.54s] node 18 cg=4 phase=phase2 kind=heuristic best_rc=0.0 found=0 added=0 exhausted=False cert=False
[clean-BPC  1864.01s] node 18 cg=4 phase=phase2 kind=heuristic_boost best_rc=-0.0 found=0 added=0 exhausted=True cert=True
[clean-BPC  1872.37s] branch node 18: left=RF(4,13)=separate right=RF(4,13)=same
[clean-BPC  1872.37s] node 16 d=4 lb=228.465959 open=9
[clean-BPC  1872.71s] node 16 cg=1 phase=phase1 obj=0.0 artificial=0.0 cols=2903
[clean-BPC  1873.06s] node 16 cg=2 phase=phase2 obj=228.465959 artificial=0.0 cols=2903
[clean-BPC  1877.40s] node 16 cg=2 phase=phase2 kind=heuristic best_rc=-0.0 found=0 added=0 exhausted=False cert=False
[clean-BPC  1890.70s] node 16 cg=2 phase=phase2 kind=heuristic_boost best_rc=-0.0 found=0 added=0 exhausted=True cert=True
[clean-BPC  1890.70s] route-pack-conflict diag node 16 source_vehicle=1 routes=5 U=4 complete=True cache_hit=True states=96 added=0
[clean-BPC  1891.68s] cut_added family=schedule_nogood_core node=16 added=2 source_vehicle=1 route_count=3 signatures=[[1, 16, 20, 19], [17, 7, 2], [3, 8, 5]]
[clean-BPC  1891.68s] node 17 d=4 lb=228.465959 open=9
[clean-BPC  1892.02s] node 17 cg=1 phase=phase1 obj=0.0 artificial=0.0 cols=2903
[clean-BPC  1892.37s] node 17 cg=2 phase=phase2 obj=228.465959 artificial=0.0 cols=2903
[clean-BPC  1896.83s] node 17 cg=2 phase=phase2 kind=heuristic best_rc=-0.0 found=0 added=0 exhausted=False cert=False
[clean-BPC  1915.39s] node 17 cg=2 phase=phase2 kind=heuristic_boost best_rc=-0.0 found=0 added=0 exhausted=True cert=True
[clean-BPC  1915.39s] route-pack-conflict diag node 17 source_vehicle=1 routes=5 U=4 complete=True cache_hit=True states=96 added=0
[clean-BPC  1916.40s] cut_added family=schedule_nogood_core node=17 added=2 source_vehicle=1 route_count=3 signatures=[[1, 16, 20, 19], [17, 7, 2], [5, 8, 3]]
[clean-BPC  1916.40s] node 16 d=4 lb=228.465959 open=9
[clean-BPC  1916.75s] node 16 cg=1 phase=phase1 obj=0.0 artificial=0.0 cols=2903
[clean-BPC  1917.11s] node 16 cg=2 phase=phase2 obj=228.493017 artificial=0.0 cols=2903
[clean-BPC  1917.11s] cut_purged node=16 removed=1 by_kind={'schedule_nogood_core': 1} remaining=93
[clean-BPC  1917.48s] node 16 cg=3 phase=phase2 obj=228.493017 artificial=0.0 cols=2903
[clean-BPC  1921.99s] node 16 cg=3 phase=phase2 kind=heuristic best_rc=-0.0 found=0 added=0 exhausted=False cert=False
[clean-BPC  1935.73s] node 16 cg=3 phase=phase2 kind=heuristic_boost best_rc=-0.0 found=0 added=0 exhausted=True cert=True
[clean-BPC  1944.37s] branch node 16: left=RF(14,15)=separate right=RF(14,15)=same
[clean-BPC  1944.37s] node 17 d=4 lb=228.465959 open=10
[clean-BPC  1944.71s] node 17 cg=1 phase=phase1 obj=0.0 artificial=0.0 cols=2903
[clean-BPC  1945.07s] node 17 cg=2 phase=phase2 obj=228.468541 artificial=0.0 cols=2903
[clean-BPC  1949.51s] node 17 cg=2 phase=phase2 kind=heuristic best_rc=-0.0 found=0 added=0 exhausted=False cert=False
[clean-BPC  1968.14s] node 17 cg=2 phase=phase2 kind=heuristic_boost best_rc=-0.0 found=0 added=0 exhausted=True cert=True
[clean-BPC  1976.31s] branch node 17: left=RF(4,8)=separate right=RF(4,8)=same
[clean-BPC  1976.31s] node 25 d=5 lb=228.468541 open=11
[clean-BPC  1976.65s] node 25 cg=1 phase=phase1 obj=0.0 artificial=0.0 cols=2903
[clean-BPC  1977.00s] node 25 cg=2 phase=phase2 obj=228.482915 artificial=0.0 cols=2903
[clean-BPC  1981.40s] node 25 cg=2 phase=phase2 kind=heuristic best_rc=-0.0 found=0 added=0 exhausted=False cert=False
[clean-BPC  1999.59s] node 25 cg=2 phase=phase2 kind=heuristic_boost best_rc=-0.0 found=0 added=0 exhausted=True cert=True
[clean-BPC  2008.23s] branch node 25: left=arc(15,2)=off right=arc(15,2)=on
[clean-BPC  2008.23s] node 26 d=5 lb=228.468541 open=12
[clean-BPC  2008.42s] node 26 cg=1 phase=phase1 obj=0.0 artificial=0.0 cols=2903
[clean-BPC  2008.61s] node 26 cg=2 phase=phase2 obj=229.209398 artificial=0.0 cols=2903
[clean-BPC  2011.71s] node 26 cg=2 phase=phase2 kind=heuristic best_rc=-0.988683 found=10 added=10 exhausted=False cert=False
[clean-BPC  2011.90s] node 26 cg=3 phase=phase2 obj=229.209398 artificial=0.0 cols=2913
[clean-BPC  2011.90s] cut_purged node=26 removed=1 by_kind={'schedule_nogood_core': 1} remaining=92
[clean-BPC  2012.10s] node 26 cg=4 phase=phase2 obj=229.209398 artificial=0.0 cols=2913
[clean-BPC  2015.25s] node 26 cg=4 phase=phase2 kind=heuristic best_rc=-0.1043544 found=5 added=5 exhausted=False cert=False
[clean-BPC  2015.45s] node 26 cg=5 phase=phase2 obj=229.209398 artificial=0.0 cols=2918
[clean-BPC  2018.51s] node 26 cg=5 phase=phase2 kind=heuristic best_rc=-0.504354 found=12 added=12 exhausted=False cert=False
[clean-BPC  2018.70s] node 26 cg=6 phase=phase2 obj=229.209398 artificial=0.0 cols=2930
[clean-BPC  2021.84s] node 26 cg=6 phase=phase2 kind=heuristic best_rc=-0.014316 found=2 added=2 exhausted=False cert=False
[clean-BPC  2022.03s] node 26 cg=7 phase=phase2 obj=229.209398 artificial=0.0 cols=2932
[clean-BPC  2022.03s] cut_purged node=26 removed=2 by_kind={'schedule_nogood_core': 2} remaining=90
[clean-BPC  2022.24s] node 26 cg=8 phase=phase2 obj=229.209398 artificial=0.0 cols=2932
[clean-BPC  2025.46s] node 26 cg=8 phase=phase2 kind=heuristic best_rc=-0.0 found=0 added=0 exhausted=False cert=False
[clean-BPC  2037.05s] node 26 cg=8 phase=phase2 kind=heuristic_boost best_rc=-0.0 found=0 added=0 exhausted=True cert=True
[clean-BPC  2037.05s] fathom node 26: reason=bound_after_schedule_pack bound=229.209398
[clean-BPC  2037.05s] node 27 d=6 lb=228.482915 open=11
[clean-BPC  2037.35s] node 27 cg=1 phase=phase1 obj=0.0 artificial=0.0 cols=2932
[clean-BPC  2037.70s] node 27 cg=2 phase=phase2 obj=228.482915 artificial=0.0 cols=2932
[clean-BPC  2042.09s] node 27 cg=2 phase=phase2 kind=heuristic best_rc=-0.0 found=0 added=0 exhausted=False cert=False
[clean-BPC  2060.04s] node 27 cg=2 phase=phase2 kind=heuristic_boost best_rc=-0.0 found=0 added=0 exhausted=True cert=True
[clean-BPC  2068.50s] branch node 27: left=RF(10,14)=separate right=RF(10,14)=same
[clean-BPC  2068.50s] node 28 d=6 lb=228.482915 open=12
[clean-BPC  2068.84s] node 28 cg=1 phase=phase1 obj=0.0 artificial=0.0 cols=2932
[clean-BPC  2069.18s] node 28 cg=2 phase=phase2 obj=229.067198 artificial=0.0 cols=2932
[clean-BPC  2073.17s] node 28 cg=2 phase=phase2 kind=heuristic best_rc=-0.996253667 found=9 added=9 exhausted=False cert=False
[clean-BPC  2073.54s] node 28 cg=3 phase=phase2 obj=228.991961 artificial=0.0 cols=2941
[clean-BPC  2077.74s] node 28 cg=3 phase=phase2 kind=heuristic best_rc=0.0 found=0 added=0 exhausted=False cert=False
[clean-BPC  2090.00s] node 28 cg=3 phase=phase2 kind=heuristic_boost best_rc=-1.118714286 found=9 added=9 exhausted=True cert=True
[clean-BPC  2090.35s] node 28 cg=4 phase=phase2 obj=228.991961 artificial=0.0 cols=2950
[clean-BPC  2094.20s] node 28 cg=4 phase=phase2 kind=heuristic best_rc=-0.025011571 found=3 added=3 exhausted=False cert=False
[clean-BPC  2094.54s] node 28 cg=5 phase=phase2 obj=228.991961 artificial=0.0 cols=2953
[clean-BPC  2098.54s] node 28 cg=5 phase=phase2 kind=heuristic best_rc=-0.0 found=0 added=0 exhausted=False cert=False
[clean-BPC  2110.39s] node 28 cg=5 phase=phase2 kind=heuristic_boost best_rc=-0.0 found=0 added=0 exhausted=True cert=True
[clean-BPC  2110.39s] fathom node 28: reason=bound_after_schedule_pack bound=228.991961
[clean-BPC  2110.39s] node 29 d=7 lb=228.482915 open=11
[clean-BPC  2110.66s] node 29 cg=1 phase=phase1 obj=0.0 artificial=0.0 cols=2953
[clean-BPC  2110.94s] node 29 cg=2 phase=phase2 obj=228.792912 artificial=0.0 cols=2953
[clean-BPC  2114.94s] node 29 cg=2 phase=phase2 kind=heuristic best_rc=0.049591529 found=0 added=0 exhausted=False cert=False
[clean-BPC  2130.93s] node 29 cg=2 phase=phase2 kind=heuristic_boost best_rc=0.031072 found=0 added=0 exhausted=True cert=True
[clean-BPC  2130.93s] route-pack-conflict diag node 29 source_vehicle=1 routes=5 U=3 complete=True cache_hit=False states=105 added=2
[clean-BPC  2130.93s] cut_added family=schedule_route_set_packing node=29 added=2 source=schedule_conflict first(vehicle=1, routes=5, U=3, states=105, cache_hit=False)
[clean-BPC  2130.93s] node 30 d=7 lb=228.482915 open=11
[clean-BPC  2131.15s] node 30 cg=1 phase=phase1 obj=0.0 artificial=0.0 cols=2953
[clean-BPC  2131.38s] node 30 cg=2 phase=phase2 obj=228.494971 artificial=0.0 cols=2953
[clean-BPC  2134.82s] node 30 cg=2 phase=phase2 kind=heuristic best_rc=-0.075937214 found=2 added=2 exhausted=False cert=False
[clean-BPC  2135.04s] node 30 cg=3 phase=phase2 obj=228.494971 artificial=0.0 cols=2955
[clean-BPC  2138.61s] node 30 cg=3 phase=phase2 kind=heuristic best_rc=-0.0 found=0 added=0 exhausted=False cert=False
[clean-BPC  2149.64s] node 30 cg=3 phase=phase2 kind=heuristic_boost best_rc=-0.0 found=0 added=0 exhausted=True cert=True
[clean-BPC  2155.43s] branch node 30: left=RF(4,19)=separate right=RF(4,19)=same
[clean-BPC  2155.43s] node 23 d=5 lb=228.493017 open=12
[clean-BPC  2155.73s] node 23 cg=1 phase=phase1 obj=0.0 artificial=0.0 cols=2955
[clean-BPC  2156.05s] node 23 cg=2 phase=phase2 obj=228.917325 artificial=0.0 cols=2955
[clean-BPC  2159.51s] node 23 cg=2 phase=phase2 kind=heuristic best_rc=-0.340354556 found=11 added=11 exhausted=False cert=False
[clean-BPC  2159.84s] node 23 cg=3 phase=phase2 obj=228.917325 artificial=0.0 cols=2966
[clean-BPC  2163.59s] node 23 cg=3 phase=phase2 kind=heuristic best_rc=0.1708575 found=0 added=0 exhausted=False cert=False
[clean-BPC  2172.54s] node 23 cg=3 phase=phase2 kind=heuristic_boost best_rc=0.1708575 found=0 added=0 exhausted=True cert=True
[clean-BPC  2172.54s] route-pack-conflict diag node 23 source_vehicle=1 routes=5 U=4 complete=True cache_hit=False states=107 added=0
[clean-BPC  2172.88s] cut_added family=schedule_nogood_core node=23 added=2 source_vehicle=1 route_count=3 signatures=[[1, 16, 20, 19], [4, 12, 6, 11], [2, 7, 15, 17]]
[clean-BPC  2172.88s] node 24 d=5 lb=228.493017 open=12
[clean-BPC  2173.06s] node 24 cg=1 phase=phase1 obj=0.0 artificial=0.0 cols=2966
[clean-BPC  2173.26s] node 24 cg=2 phase=phase2 obj=228.465959 artificial=0.0 cols=2966
[clean-BPC  2177.11s] node 24 cg=2 phase=phase2 kind=heuristic best_rc=0.0 found=0 added=0 exhausted=False cert=False
[clean-BPC  2188.07s] node 24 cg=2 phase=phase2 kind=heuristic_boost best_rc=-0.0 found=0 added=0 exhausted=True cert=True
[clean-BPC  2188.07s] route-pack-conflict diag node 24 source_vehicle=1 routes=5 U=4 complete=True cache_hit=True states=105 added=0
[clean-BPC  2189.05s] cut_added family=schedule_nogood_core node=24 added=1 source_vehicle=1 route_count=3 signatures=[[1, 16, 20, 19], [2, 7, 17], [3, 8, 5]]
[clean-BPC  2189.05s] node 24 d=5 lb=228.465959 open=12
[clean-BPC  2189.24s] node 24 cg=1 phase=phase1 obj=0.0 artificial=0.0 cols=2966
[clean-BPC  2189.42s] node 24 cg=2 phase=phase2 obj=228.465959 artificial=0.0 cols=2966
[clean-BPC  2193.31s] node 24 cg=2 phase=phase2 kind=heuristic best_rc=-0.0 found=0 added=0 exhausted=False cert=False
[clean-BPC  2204.28s] node 24 cg=2 phase=phase2 kind=heuristic_boost best_rc=-0.0 found=0 added=0 exhausted=True cert=True
[clean-BPC  2204.29s] route-pack-conflict diag node 24 source_vehicle=1 routes=5 U=4 complete=True cache_hit=True states=96 added=0
[clean-BPC  2205.27s] cut_added family=schedule_nogood_core node=24 added=1 source_vehicle=1 route_count=3 signatures=[[1, 16, 20, 19], [17, 7, 2], [3, 8, 5]]
[clean-BPC  2205.27s] node 24 d=5 lb=228.465959 open=12
[clean-BPC  2205.46s] node 24 cg=1 phase=phase1 obj=0.0 artificial=0.0 cols=2966
[clean-BPC  2205.65s] node 24 cg=2 phase=phase2 obj=228.495369 artificial=0.0 cols=2966
[clean-BPC  2209.65s] node 24 cg=2 phase=phase2 kind=heuristic best_rc=-0.0 found=0 added=0 exhausted=False cert=False
[clean-BPC  2220.94s] node 24 cg=2 phase=phase2 kind=heuristic_boost best_rc=-0.0 found=0 added=0 exhausted=True cert=True
[clean-BPC  2224.56s] branch node 24: left=arc(5,3)=off right=arc(5,3)=on
[clean-BPC  2224.56s] node 31 d=8 lb=228.494971 open=13
[clean-BPC  2224.78s] node 31 cg=1 phase=phase1 obj=0.0 artificial=0.0 cols=2966
[clean-BPC  2225.00s] node 31 cg=2 phase=phase2 obj=228.495369 artificial=0.0 cols=2966
[clean-BPC  2228.52s] node 31 cg=2 phase=phase2 kind=heuristic best_rc=-0.162800833 found=2 added=2 exhausted=False cert=False
[clean-BPC  2228.75s] node 31 cg=3 phase=phase2 obj=228.495369 artificial=0.0 cols=2968
[clean-BPC  2232.40s] node 31 cg=3 phase=phase2 kind=heuristic best_rc=-0.0 found=0 added=0 exhausted=False cert=False
[clean-BPC  2242.88s] node 31 cg=3 phase=phase2 kind=heuristic_boost best_rc=-0.0 found=0 added=0 exhausted=True cert=True
[clean-BPC  2247.75s] branch node 31: left=RF(1,16)=separate right=RF(1,16)=same
[clean-BPC  2247.75s] node 32 d=8 lb=228.494971 open=14
[clean-BPC  2247.86s] node 32 cg=1 phase=phase1 obj=0.0 artificial=0.0 cols=2968
[clean-BPC  2248.00s] node 32 cg=2 phase=phase2 obj=229.269623 artificial=0.0 cols=2968
[clean-BPC  2250.80s] node 32 cg=2 phase=phase2 kind=heuristic best_rc=-4.675148 found=236 added=236 exhausted=False cert=False
[clean-BPC  2250.96s] node 32 cg=3 phase=phase2 obj=229.269623 artificial=0.0 cols=3204
[clean-BPC  2253.67s] node 32 cg=3 phase=phase2 kind=heuristic best_rc=-0.437251 found=4 added=4 exhausted=False cert=False
[clean-BPC  2253.82s] node 32 cg=4 phase=phase2 obj=229.269623 artificial=0.0 cols=3208
[clean-BPC  2253.82s] cut_purged node=32 removed=1 by_kind={'schedule_nogood_core': 1} remaining=95
[clean-BPC  2253.98s] node 32 cg=5 phase=phase2 obj=229.269623 artificial=0.0 cols=3208
[clean-BPC  2256.65s] node 32 cg=5 phase=phase2 kind=heuristic best_rc=0.0 found=0 added=0 exhausted=False cert=False
[clean-BPC  2265.97s] node 32 cg=5 phase=phase2 kind=heuristic_boost best_rc=0.0 found=0 added=0 exhausted=True cert=True
[clean-BPC  2265.97s] fathom node 32: reason=bound_after_schedule_pack bound=229.269623
[clean-BPC  2265.97s] node 35 d=9 lb=228.495369 open=13
[clean-BPC  2266.19s] node 35 cg=1 phase=phase1 obj=0.0 artificial=0.0 cols=3208
[clean-BPC  2266.41s] node 35 cg=2 phase=phase2 obj=228.922442 artificial=0.0 cols=3208
[clean-BPC  2269.78s] node 35 cg=2 phase=phase2 kind=heuristic best_rc=-0.03107525 found=2 added=2 exhausted=False cert=False
[clean-BPC  2270.00s] node 35 cg=3 phase=phase2 obj=228.922442 artificial=0.0 cols=3210
[clean-BPC  2270.00s] cut_purged node=35 removed=2 by_kind={'schedule_nogood_core': 2} remaining=93
[clean-BPC  2270.22s] node 35 cg=4 phase=phase2 obj=228.922442 artificial=0.0 cols=3210
[clean-BPC  2273.62s] node 35 cg=4 phase=phase2 kind=heuristic best_rc=-0.0 found=0 added=0 exhausted=False cert=False
[clean-BPC  2283.55s] node 35 cg=4 phase=phase2 kind=heuristic_boost best_rc=-0.0 found=0 added=0 exhausted=True cert=True
[clean-BPC  2283.55s] fathom node 35: reason=bound_after_schedule_pack bound=228.922442
[clean-BPC  2283.55s] node 36 d=9 lb=228.495369 open=12
[clean-BPC  2283.73s] node 36 cg=1 phase=phase1 obj=0.0 artificial=0.0 cols=3210
[clean-BPC  2283.90s] node 36 cg=2 phase=phase2 obj=228.543612 artificial=0.0 cols=3210
[clean-BPC  2287.19s] node 36 cg=2 phase=phase2 kind=heuristic best_rc=-1.034539899 found=2 added=2 exhausted=False cert=False
[clean-BPC  2287.38s] node 36 cg=3 phase=phase2 obj=228.543612 artificial=0.0 cols=3212
[clean-BPC  2290.62s] node 36 cg=3 phase=phase2 kind=heuristic best_rc=0.0 found=0 added=0 exhausted=False cert=False
[clean-BPC  2300.25s] node 36 cg=3 phase=phase2 kind=heuristic_boost best_rc=-0.0078805 found=1 added=1 exhausted=True cert=True
[clean-BPC  2300.43s] node 36 cg=4 phase=phase2 obj=228.543612 artificial=0.0 cols=3213
[clean-BPC  2303.69s] node 36 cg=4 phase=phase2 kind=heuristic best_rc=-0.0 found=0 added=0 exhausted=False cert=False
[clean-BPC  2313.27s] node 36 cg=4 phase=phase2 kind=heuristic_boost best_rc=-0.0 found=0 added=0 exhausted=True cert=True
[clean-BPC  2317.56s] branch node 36: left=RF(9,15)=separate right=RF(9,15)=same
[clean-BPC  2317.56s] node 34 d=6 lb=228.495369 open=13
[clean-BPC  2317.77s] node 34 cg=1 phase=phase1 obj=0.0 artificial=0.0 cols=3213
[clean-BPC  2317.99s] node 34 cg=2 phase=phase2 obj=228.554189 artificial=0.0 cols=3213
[clean-BPC  2321.78s] node 34 cg=2 phase=phase2 kind=heuristic best_rc=0.0 found=0 added=0 exhausted=False cert=False
[clean-BPC  2332.90s] node 34 cg=2 phase=phase2 kind=heuristic_boost best_rc=0.0 found=0 added=0 exhausted=True cert=True
[clean-BPC  2336.96s] branch node 34: left=RF(1,19)=separate right=RF(1,19)=same
[clean-BPC  2336.96s] node 33 d=6 lb=228.495369 open=14
[clean-BPC  2337.15s] node 33 cg=1 phase=phase1 obj=0.0 artificial=0.0 cols=3213
[clean-BPC  2337.37s] node 33 cg=2 phase=phase2 obj=228.465959 artificial=0.0 cols=3213
[clean-BPC  2341.23s] node 33 cg=2 phase=phase2 kind=heuristic best_rc=-0.490687 found=7 added=7 exhausted=False cert=False
[clean-BPC  2341.45s] node 33 cg=3 phase=phase2 obj=228.465959 artificial=0.0 cols=3220
[clean-BPC  2345.21s] node 33 cg=3 phase=phase2 kind=heuristic best_rc=-0.0 found=0 added=0 exhausted=False cert=False
[clean-BPC  2360.53s] node 33 cg=3 phase=phase2 kind=heuristic_boost best_rc=-0.0 found=0 added=0 exhausted=True cert=True
[clean-BPC  2360.54s] route-pack-conflict diag node 33 source_vehicle=1 routes=5 U=4 complete=True cache_hit=True states=105 added=0
[clean-BPC  2361.52s] cut_added family=schedule_nogood_core node=33 added=1 source_vehicle=1 route_count=3 signatures=[[1, 16, 20, 19], [2, 7, 17], [3, 8, 5]]
[clean-BPC  2361.53s] node 33 d=6 lb=228.465959 open=14
[clean-BPC  2361.72s] node 33 cg=1 phase=phase1 obj=0.0 artificial=0.0 cols=3220
[clean-BPC  2361.94s] node 33 cg=2 phase=phase2 obj=228.465959 artificial=0.0 cols=3220
[clean-BPC  2365.80s] node 33 cg=2 phase=phase2 kind=heuristic best_rc=-0.0 found=0 added=0 exhausted=False cert=False
[clean-BPC  2381.38s] node 33 cg=2 phase=phase2 kind=heuristic_boost best_rc=-0.0 found=0 added=0 exhausted=True cert=True
[clean-BPC  2381.38s] route-pack-conflict diag node 33 source_vehicle=1 routes=5 U=4 complete=True cache_hit=True states=96 added=0
[clean-BPC  2382.36s] cut_added family=schedule_nogood_core node=33 added=1 source_vehicle=1 route_count=3 signatures=[[1, 16, 20, 19], [17, 7, 2], [3, 8, 5]]
[clean-BPC  2382.36s] node 33 d=6 lb=228.465959 open=14
[clean-BPC  2382.57s] node 33 cg=1 phase=phase1 obj=0.0 artificial=0.0 cols=3220
[clean-BPC  2382.80s] node 33 cg=2 phase=phase2 obj=228.658148 artificial=0.0 cols=3220
[clean-BPC  2386.63s] node 33 cg=2 phase=phase2 kind=heuristic best_rc=0.0 found=0 added=0 exhausted=False cert=False
[clean-BPC  2397.80s] node 33 cg=2 phase=phase2 kind=heuristic_boost best_rc=0.0 found=0 added=0 exhausted=True cert=True
[clean-BPC  2403.44s] branch node 33: left=RF(4,5)=separate right=RF(4,5)=same
[clean-BPC  2403.44s] node 19 d=5 lb=228.510074 open=15
[clean-BPC  2403.82s] node 19 cg=1 phase=phase1 obj=0.0 artificial=0.0 cols=3220
[clean-BPC  2404.23s] node 19 cg=2 phase=phase2 obj=228.533603 artificial=0.0 cols=3220
[clean-BPC  2408.81s] node 19 cg=2 phase=phase2 kind=heuristic best_rc=-0.0 found=0 added=0 exhausted=False cert=False
[clean-BPC  2422.56s] node 19 cg=2 phase=phase2 kind=heuristic_boost best_rc=-1.816492 found=16 added=16 exhausted=True cert=True
[clean-BPC  2422.97s] node 19 cg=3 phase=phase2 obj=228.533603 artificial=0.0 cols=3236
[clean-BPC  2427.34s] node 19 cg=3 phase=phase2 kind=heuristic best_rc=-0.0 found=0 added=0 exhausted=False cert=False
[clean-BPC  2441.28s] node 19 cg=3 phase=phase2 kind=heuristic_boost best_rc=-1.60741916 found=19 added=19 exhausted=True cert=True
[clean-BPC  2441.68s] node 19 cg=4 phase=phase2 obj=228.533603 artificial=0.0 cols=3255
[clean-BPC  2446.03s] node 19 cg=4 phase=phase2 kind=heuristic best_rc=0.0 found=0 added=0 exhausted=False cert=False
[clean-BPC  2464.80s] node 19 cg=4 phase=phase2 kind=heuristic_boost best_rc=-1.10898125 found=6 added=6 exhausted=True cert=True
[clean-BPC  2465.22s] node 19 cg=5 phase=phase2 obj=228.533603 artificial=0.0 cols=3261
[clean-BPC  2469.45s] node 19 cg=5 phase=phase2 kind=heuristic best_rc=-0.0 found=0 added=0 exhausted=False cert=False
[clean-BPC  2482.77s] node 19 cg=5 phase=phase2 kind=heuristic_boost best_rc=-0.0 found=0 added=0 exhausted=True cert=True
[clean-BPC  2493.18s] branch node 19: left=RF(11,15)=separate right=RF(11,15)=same
[clean-BPC  2493.18s] node 20 d=5 lb=228.510074 open=16
[clean-BPC  2493.56s] node 20 cg=1 phase=phase1 obj=0.0 artificial=0.0 cols=3261
[clean-BPC  2493.98s] node 20 cg=2 phase=phase2 obj=228.465959 artificial=0.0 cols=3261
[clean-BPC  2498.19s] node 20 cg=2 phase=phase2 kind=heuristic best_rc=-0.0 found=0 added=0 exhausted=False cert=False
[clean-BPC  2511.79s] node 20 cg=2 phase=phase2 kind=heuristic_boost best_rc=-0.301067889 found=6 added=6 exhausted=True cert=True
[clean-BPC  2512.21s] node 20 cg=3 phase=phase2 obj=228.465959 artificial=0.0 cols=3267
[clean-BPC  2512.21s] cut_purged node=20 removed=1 by_kind={'schedule_nogood_core': 1} remaining=94
[clean-BPC  2512.64s] node 20 cg=4 phase=phase2 obj=228.465959 artificial=0.0 cols=3267
[clean-BPC  2512.64s] cut_purged node=20 removed=1 by_kind={'schedule_nogood_core': 1} remaining=93
[clean-BPC  2513.06s] node 20 cg=5 phase=phase2 obj=228.465959 artificial=0.0 cols=3267
[clean-BPC  2513.06s] cut_purged node=20 removed=1 by_kind={'schedule_nogood_core': 1} remaining=92
[clean-BPC  2513.46s] node 20 cg=6 phase=phase2 obj=228.465959 artificial=0.0 cols=3267
[clean-BPC  2517.58s] node 20 cg=6 phase=phase2 kind=heuristic best_rc=-0.0 found=0 added=0 exhausted=False cert=False
[clean-BPC  2529.94s] node 20 cg=6 phase=phase2 kind=heuristic_boost best_rc=-0.0 found=0 added=0 exhausted=True cert=True
[clean-BPC  2529.95s] route-pack-conflict diag node 20 source_vehicle=1 routes=5 U=4 complete=True cache_hit=True states=93 added=0
[clean-BPC  2530.94s] cut_added family=schedule_nogood_core node=20 added=2 source_vehicle=1 route_count=3 signatures=[[19, 20, 16, 1], [2, 7, 17], [3, 8, 5]]
[clean-BPC  2530.94s] node 20 d=5 lb=228.465959 open=16
[clean-BPC  2531.30s] node 20 cg=1 phase=phase1 obj=0.0 artificial=0.0 cols=3267
[clean-BPC  2531.73s] node 20 cg=2 phase=phase2 obj=228.79332 artificial=0.0 cols=3267
[clean-BPC  2536.11s] node 20 cg=2 phase=phase2 kind=heuristic best_rc=-0.0 found=0 added=0 exhausted=False cert=False
[clean-BPC  2554.79s] node 20 cg=2 phase=phase2 kind=heuristic_boost best_rc=-1.582441485 found=27 added=27 exhausted=True cert=True
[clean-BPC  2555.21s] node 20 cg=3 phase=phase2 obj=228.79332 artificial=0.0 cols=3294
[clean-BPC  2559.44s] node 20 cg=3 phase=phase2 kind=heuristic best_rc=-0.0 found=0 added=0 exhausted=False cert=False
[clean-BPC  2572.60s] node 20 cg=3 phase=phase2 kind=heuristic_boost best_rc=-0.134388417 found=2 added=2 exhausted=True cert=True
[clean-BPC  2573.01s] node 20 cg=4 phase=phase2 obj=228.79332 artificial=0.0 cols=3296
[clean-BPC  2577.28s] node 20 cg=4 phase=phase2 kind=heuristic best_rc=-0.0 found=0 added=0 exhausted=False cert=False
[clean-BPC  2590.60s] node 20 cg=4 phase=phase2 kind=heuristic_boost best_rc=-0.0 found=0 added=0 exhausted=True cert=True
[clean-BPC  2600.20s] branch node 20: left=RF(1,17)=separate right=RF(1,17)=same
[clean-BPC  2600.20s] node 22 d=5 lb=228.511055 open=17
[clean-BPC  2600.42s] node 22 cg=1 phase=phase1 obj=0.0 artificial=0.0 cols=3296
[clean-BPC  2600.65s] node 22 cg=2 phase=phase2 obj=228.465959 artificial=0.0 cols=3296
[clean-BPC  2604.16s] node 22 cg=2 phase=phase2 kind=heuristic best_rc=-0.0 found=0 added=0 exhausted=False cert=False
[clean-BPC  2616.08s] node 22 cg=2 phase=phase2 kind=heuristic_boost best_rc=-0.0 found=0 added=0 exhausted=True cert=True
[clean-BPC  2616.09s] route-pack-conflict diag node 22 source_vehicle=1 routes=5 U=3 complete=True cache_hit=False states=91 added=2
[clean-BPC  2616.09s] cut_added family=schedule_route_set_packing node=22 added=2 source=schedule_conflict first(vehicle=1, routes=5, U=3, states=91, cache_hit=False)
[clean-BPC  2616.09s] node 22 d=5 lb=228.465959 open=17
[clean-BPC  2616.31s] node 22 cg=1 phase=phase1 obj=0.0 artificial=0.0 cols=3296
[clean-BPC  2616.55s] node 22 cg=2 phase=phase2 obj=228.856717 artificial=0.0 cols=3296
[clean-BPC  2619.92s] node 22 cg=2 phase=phase2 kind=heuristic best_rc=-0.270834382 found=4 added=4 exhausted=False cert=False
[clean-BPC  2620.16s] node 22 cg=3 phase=phase2 obj=228.852614 artificial=0.0 cols=3300
[clean-BPC  2623.54s] node 22 cg=3 phase=phase2 kind=heuristic best_rc=-0.0 found=0 added=0 exhausted=False cert=False
[clean-BPC  2640.78s] node 22 cg=3 phase=phase2 kind=heuristic_boost best_rc=-0.0 found=0 added=0 exhausted=True cert=True
[clean-BPC  2646.92s] branch node 22: left=RF(4,18)=separate right=RF(4,18)=same
[clean-BPC  2646.92s] node 21 d=5 lb=228.511055 open=18
[clean-BPC  2647.23s] node 21 cg=1 phase=phase1 obj=0.0 artificial=0.0 cols=3300
[clean-BPC  2647.57s] node 21 cg=2 phase=phase2 obj=228.698918 artificial=0.0 cols=3300
[clean-BPC  2651.78s] node 21 cg=2 phase=phase2 kind=heuristic best_rc=-0.0 found=0 added=0 exhausted=False cert=False
[clean-BPC  2664.47s] node 21 cg=2 phase=phase2 kind=heuristic_boost best_rc=-0.0 found=0 added=0 exhausted=True cert=True
[clean-BPC  2664.48s] route-pack-conflict diag node 21 source_vehicle=1 routes=5 U=4 complete=True cache_hit=False states=98 added=0
[clean-BPC  2665.58s] cut_added family=schedule_nogood_core node=21 added=2 source_vehicle=1 route_count=3 signatures=[[19, 20, 16, 1], [2, 7, 4], [8, 3, 5]]
[clean-BPC  2665.58s] node 14 d=4 lb=228.526507 open=18
[clean-BPC  2665.74s] node 14 cg=1 phase=phase1 obj=0.0 artificial=0.0 cols=3300
[clean-BPC  2665.93s] node 14 cg=2 phase=phase2 obj=228.698918 artificial=0.0 cols=3300
[clean-BPC  2665.93s] cut_purged node=14 removed=1 by_kind={'schedule_nogood_core': 1} remaining=97
[clean-BPC  2666.11s] node 14 cg=3 phase=phase2 obj=228.698918 artificial=0.0 cols=3300
[clean-BPC  2669.30s] node 14 cg=3 phase=phase2 kind=heuristic best_rc=-1.10694175 found=17 added=17 exhausted=False cert=False
[clean-BPC  2669.46s] node 14 cg=4 phase=phase2 obj=228.698918 artificial=0.0 cols=3317
[clean-BPC  2672.59s] node 14 cg=4 phase=phase2 kind=heuristic best_rc=-0.0 found=0 added=0 exhausted=False cert=False
[clean-BPC  2681.70s] node 14 cg=4 phase=phase2 kind=heuristic_boost best_rc=-1.249922 found=29 added=29 exhausted=True cert=True
[clean-BPC  2681.87s] node 14 cg=5 phase=phase2 obj=228.698918 artificial=0.0 cols=3346
[clean-BPC  2685.00s] node 14 cg=5 phase=phase2 kind=heuristic best_rc=-0.308943556 found=14 added=14 exhausted=False cert=False
[clean-BPC  2685.19s] node 14 cg=6 phase=phase2 obj=228.698918 artificial=0.0 cols=3360
[clean-BPC  2685.19s] cut_purged node=14 removed=1 by_kind={'schedule_nogood_core': 1} remaining=96
[clean-BPC  2685.38s] node 14 cg=7 phase=phase2 obj=228.698918 artificial=0.0 cols=3360
[clean-BPC  2688.51s] node 14 cg=7 phase=phase2 kind=heuristic best_rc=-0.0 found=0 added=0 exhausted=False cert=False
[clean-BPC  2702.37s] node 14 cg=7 phase=phase2 kind=heuristic_boost best_rc=-1.076431667 found=8 added=8 exhausted=True cert=True
[clean-BPC  2702.57s] node 14 cg=8 phase=phase2 obj=228.698918 artificial=0.0 cols=3368
[clean-BPC  2705.69s] node 14 cg=8 phase=phase2 kind=heuristic best_rc=-0.132241333 found=1 added=1 exhausted=False cert=False
[clean-BPC  2705.87s] node 14 cg=9 phase=phase2 obj=228.698918 artificial=0.0 cols=3369
[clean-BPC  2705.87s] cut_purged node=14 removed=1 by_kind={'schedule_nogood_core': 1} remaining=95
[clean-BPC  2706.06s] node 14 cg=10 phase=phase2 obj=228.698918 artificial=0.0 cols=3369
[clean-BPC  2709.15s] node 14 cg=10 phase=phase2 kind=heuristic best_rc=-0.285992 found=2 added=2 exhausted=False cert=False
[clean-BPC  2709.34s] node 14 cg=11 phase=phase2 obj=228.698918 artificial=0.0 cols=3371
[clean-BPC  2712.38s] node 14 cg=11 phase=phase2 kind=heuristic best_rc=-0.0 found=0 added=0 exhausted=False cert=False
[clean-BPC  2725.91s] node 14 cg=11 phase=phase2 kind=heuristic_boost best_rc=-0.354518 found=4 added=4 exhausted=True cert=True
[clean-BPC  2726.10s] node 14 cg=12 phase=phase2 obj=228.698918 artificial=0.0 cols=3375
[clean-BPC  2729.22s] node 14 cg=12 phase=phase2 kind=heuristic best_rc=-0.0 found=0 added=0 exhausted=False cert=False
[clean-BPC  2743.11s] node 14 cg=12 phase=phase2 kind=heuristic_boost best_rc=-0.0 found=0 added=0 exhausted=True cert=True
[clean-BPC  2743.12s] route-pack-conflict diag node 14 source_vehicle=1 routes=5 U=4 complete=True cache_hit=True states=112 added=0
[clean-BPC  2744.23s] cut_added family=schedule_nogood_core node=14 added=2 source_vehicle=1 route_count=3 signatures=[[5, 3, 8], [1, 16, 20, 19], [2, 7, 4]]
[clean-BPC  2744.23s] node 13 d=4 lb=228.526507 open=18
[clean-BPC  2744.53s] node 13 cg=1 phase=phase1 obj=0.0 artificial=0.0 cols=3375
[clean-BPC  2744.85s] node 13 cg=2 phase=phase2 obj=228.792912 artificial=0.0 cols=3375
[clean-BPC  2748.59s] node 13 cg=2 phase=phase2 kind=heuristic best_rc=-0.01468375 found=1 added=1 exhausted=False cert=False
[clean-BPC  2748.92s] node 13 cg=3 phase=phase2 obj=228.792912 artificial=0.0 cols=3376
[clean-BPC  2752.75s] node 13 cg=3 phase=phase2 kind=heuristic best_rc=0.0 found=0 added=0 exhausted=False cert=False
[clean-BPC  2761.76s] node 13 cg=3 phase=phase2 kind=heuristic_boost best_rc=-0.0 found=0 added=0 exhausted=True cert=True
[clean-BPC  2761.76s] route-pack-conflict diag node 13 source_vehicle=1 routes=5 U=3 complete=True cache_hit=False states=99 added=2
[clean-BPC  2761.76s] cut_added family=schedule_route_set_packing node=13 added=2 source=schedule_conflict first(vehicle=1, routes=5, U=3, states=99, cache_hit=False)
[clean-BPC  2761.76s] node 44 d=6 lb=228.533603 open=18
[clean-BPC  2761.97s] node 44 cg=1 phase=phase1 obj=0.0 artificial=0.0 cols=3376
[clean-BPC  2762.19s] node 44 cg=2 phase=phase2 obj=232.201085 artificial=0.0 cols=3376
[clean-BPC  2765.14s] node 44 cg=2 phase=phase2 kind=heuristic best_rc=-1.540027 found=53 added=53 exhausted=False cert=False
[clean-BPC  2765.37s] node 44 cg=3 phase=phase2 obj=232.122604 artificial=0.0 cols=3429
[clean-BPC  2768.78s] node 44 cg=3 phase=phase2 kind=heuristic best_rc=-0.158992 found=2 added=2 exhausted=False cert=False
[clean-BPC  2769.01s] node 44 cg=4 phase=phase2 obj=232.122604 artificial=0.0 cols=3431
[clean-BPC  2772.10s] node 44 cg=4 phase=phase2 kind=heuristic best_rc=0.098275 found=0 added=0 exhausted=False cert=False
[clean-BPC  2779.09s] node 44 cg=4 phase=phase2 kind=heuristic_boost best_rc=-1.2890171 found=17 added=17 exhausted=True cert=True
[clean-BPC  2779.31s] node 44 cg=5 phase=phase2 obj=232.122604 artificial=0.0 cols=3448
[clean-BPC  2782.30s] node 44 cg=5 phase=phase2 kind=heuristic best_rc=0.154168 found=0 added=0 exhausted=False cert=False
[clean-BPC  2789.03s] node 44 cg=5 phase=phase2 kind=heuristic_boost best_rc=0.154168 found=0 added=0 exhausted=True cert=True
[clean-BPC  2789.03s] fathom node 44: reason=bound_after_schedule_pack bound=232.122604
[clean-BPC  2789.03s] node 43 d=6 lb=228.533603 open=17
[clean-BPC  2789.42s] node 43 cg=1 phase=phase1 obj=0.0 artificial=0.0 cols=3448
[clean-BPC  2789.83s] node 43 cg=2 phase=phase2 obj=228.549442 artificial=0.0 cols=3448
[clean-BPC  2794.22s] node 43 cg=2 phase=phase2 kind=heuristic best_rc=-0.01022292 found=3 added=3 exhausted=False cert=False
[clean-BPC  2794.63s] node 43 cg=3 phase=phase2 obj=228.549442 artificial=0.0 cols=3451
[clean-BPC  2798.93s] node 43 cg=3 phase=phase2 kind=heuristic best_rc=-0.0 found=0 added=0 exhausted=False cert=False
[clean-BPC  2816.16s] node 43 cg=3 phase=phase2 kind=heuristic_boost best_rc=-0.01865375 found=1 added=1 exhausted=True cert=True
[clean-BPC  2816.59s] node 43 cg=4 phase=phase2 obj=228.549442 artificial=0.0 cols=3452
[clean-BPC  2821.10s] node 43 cg=4 phase=phase2 kind=heuristic best_rc=-0.0 found=0 added=0 exhausted=False cert=False
[clean-BPC  2839.32s] node 43 cg=4 phase=phase2 kind=heuristic_boost best_rc=-0.15103776 found=3 added=3 exhausted=True cert=True
[clean-BPC  2839.74s] node 43 cg=5 phase=phase2 obj=228.549442 artificial=0.0 cols=3455
[clean-BPC  2839.74s] cut_purged node=43 removed=1 by_kind={'schedule_nogood_core': 1} remaining=98
[clean-BPC  2840.16s] node 43 cg=6 phase=phase2 obj=228.549442 artificial=0.0 cols=3455
[clean-BPC  2844.82s] node 43 cg=6 phase=phase2 kind=heuristic best_rc=-0.02188292 found=4 added=4 exhausted=False cert=False
[clean-BPC  2845.25s] node 43 cg=7 phase=phase2 obj=228.549442 artificial=0.0 cols=3459
[clean-BPC  2849.66s] node 43 cg=7 phase=phase2 kind=heuristic best_rc=-0.0 found=0 added=0 exhausted=False cert=False
[clean-BPC  2862.44s] node 43 cg=7 phase=phase2 kind=heuristic_boost best_rc=-0.0 found=0 added=0 exhausted=True cert=True
[clean-BPC  2873.17s] branch node 43: left=RF(3,7)=separate right=RF(3,7)=same
[clean-BPC  2873.17s] node 38 d=10 lb=228.543612 open=18
[clean-BPC  2873.26s] node 38 cg=1 phase=phase1 obj=0.0 artificial=0.0 cols=3459
[clean-BPC  2873.37s] node 38 cg=2 phase=phase2 obj=228.465959 artificial=0.0 cols=3459
[clean-BPC  2876.00s] node 38 cg=2 phase=phase2 kind=heuristic best_rc=-0.692457833 found=14 added=14 exhausted=False cert=False
[clean-BPC  2876.10s] node 38 cg=3 phase=phase2 obj=228.465959 artificial=0.0 cols=3473
[clean-BPC  2878.75s] node 38 cg=3 phase=phase2 kind=heuristic best_rc=-0.0 found=0 added=0 exhausted=False cert=False
[clean-BPC  2891.19s] node 38 cg=3 phase=phase2 kind=heuristic_boost best_rc=-0.0 found=0 added=0 exhausted=True cert=True
[clean-BPC  2891.20s] route-pack-conflict diag node 38 source_vehicle=1 routes=5 U=4 complete=True cache_hit=True states=96 added=0
[clean-BPC  2892.16s] cut_added family=schedule_nogood_core node=38 added=1 source_vehicle=1 route_count=3 signatures=[[1, 16, 20, 19], [17, 7, 2], [5, 8, 3]]
[clean-BPC  2892.16s] node 38 d=10 lb=228.465959 open=18
[clean-BPC  2892.26s] node 38 cg=1 phase=phase1 obj=0.0 artificial=0.0 cols=3473
[clean-BPC  2892.37s] node 38 cg=2 phase=phase2 obj=228.465959 artificial=0.0 cols=3473
[clean-BPC  2895.09s] node 38 cg=2 phase=phase2 kind=heuristic best_rc=-0.173023836 found=7 added=7 exhausted=False cert=False
[clean-BPC  2895.19s] node 38 cg=3 phase=phase2 obj=228.465959 artificial=0.0 cols=3480
[clean-BPC  2897.91s] node 38 cg=3 phase=phase2 kind=heuristic best_rc=0.0 found=0 added=0 exhausted=False cert=False
[clean-BPC  2911.46s] node 38 cg=3 phase=phase2 kind=heuristic_boost best_rc=0.0 found=0 added=0 exhausted=True cert=True
[clean-BPC  2911.46s] route-pack-conflict diag node 38 source_vehicle=1 routes=5 U=4 complete=True cache_hit=True states=105 added=0
[clean-BPC  2912.43s] cut_added family=schedule_nogood_core node=38 added=1 source_vehicle=1 route_count=3 signatures=[[1, 16, 20, 19], [2, 7, 17], [5, 8, 3]]
[clean-BPC  2912.43s] node 38 d=10 lb=228.465959 open=18
[clean-BPC  2912.53s] node 38 cg=1 phase=phase1 obj=0.0 artificial=0.0 cols=3480
[clean-BPC  2912.64s] node 38 cg=2 phase=phase2 obj=228.882731 artificial=0.0 cols=3480
[clean-BPC  2915.30s] node 38 cg=2 phase=phase2 kind=heuristic best_rc=-0.647444 found=3 added=3 exhausted=False cert=False
[clean-BPC  2915.41s] node 38 cg=3 phase=phase2 obj=228.740536 artificial=0.0 cols=3483
[clean-BPC  2918.07s] node 38 cg=3 phase=phase2 kind=heuristic best_rc=-0.3868928 found=1 added=1 exhausted=False cert=False
[clean-BPC  2918.16s] node 38 cg=4 phase=phase2 obj=228.740536 artificial=0.0 cols=3484
[clean-BPC  2920.85s] node 38 cg=4 phase=phase2 kind=heuristic best_rc=-0.050139733 found=1 added=1 exhausted=False cert=False
[clean-BPC  2920.96s] node 38 cg=5 phase=phase2 obj=228.740536 artificial=0.0 cols=3485
[clean-BPC  2923.65s] node 38 cg=5 phase=phase2 kind=heuristic best_rc=0.0 found=0 added=0 exhausted=False cert=False
[clean-BPC  2934.64s] node 38 cg=5 phase=phase2 kind=heuristic_boost best_rc=-0.0 found=0 added=0 exhausted=True cert=True
[clean-BPC  2936.61s] branch node 38: left=arc(7,2)=off right=arc(7,2)=on
[clean-BPC  2936.61s] node 37 d=10 lb=228.543612 open=19
[clean-BPC  2936.75s] node 37 cg=1 phase=phase1 obj=0.0 artificial=0.0 cols=3485
[clean-BPC  2936.92s] node 37 cg=2 phase=phase2 obj=228.698918 artificial=0.0 cols=3485
[clean-BPC  2939.81s] node 37 cg=2 phase=phase2 kind=heuristic best_rc=0.0 found=0 added=0 exhausted=False cert=False
[clean-BPC  2949.97s] node 37 cg=2 phase=phase2 kind=heuristic_boost best_rc=0.0 found=0 added=0 exhausted=True cert=True
[clean-BPC  2949.98s] route-pack-conflict diag node 37 source_vehicle=1 routes=5 U=4 complete=True cache_hit=True states=110 added=0
[clean-BPC  2951.07s] cut_added family=schedule_nogood_core node=37 added=2 source_vehicle=1 route_count=3 signatures=[[1, 16, 20, 19], [2, 7, 4], [8, 3, 5]]
[clean-BPC  2951.07s] node 49 d=7 lb=228.549442 open=19
[clean-BPC  2951.47s] node 49 cg=1 phase=phase1 obj=0.0 artificial=0.0 cols=3485
[clean-BPC  2951.89s] node 49 cg=2 phase=phase2 obj=228.554189 artificial=0.0 cols=3485
[clean-BPC  2956.21s] node 49 cg=2 phase=phase2 kind=heuristic best_rc=0.0 found=0 added=0 exhausted=False cert=False
[clean-BPC  2967.72s] node 49 cg=2 phase=phase2 kind=heuristic_boost best_rc=0.0 found=0 added=0 exhausted=True cert=True
[clean-BPC  2975.31s] branch node 49: left=RF(1,20)=separate right=RF(1,20)=same
[clean-BPC  2975.31s] node 50 d=7 lb=228.549442 open=20
[clean-BPC  2975.54s] node 50 cg=1 phase=phase1 obj=0.0 artificial=0.0 cols=3485
[clean-BPC  2975.79s] node 50 cg=2 phase=phase2 obj=230.24388 artificial=0.0 cols=3485
[clean-BPC  2978.61s] node 50 cg=2 phase=phase2 kind=heuristic best_rc=-0.71453575 found=8 added=8 exhausted=False cert=False
[clean-BPC  2978.85s] node 50 cg=3 phase=phase2 obj=230.24388 artificial=0.0 cols=3493
[clean-BPC  2981.58s] node 50 cg=3 phase=phase2 kind=heuristic best_rc=-1.2193005 found=19 added=19 exhausted=False cert=False
[clean-BPC  2981.82s] node 50 cg=4 phase=phase2 obj=230.24388 artificial=0.0 cols=3512
[clean-BPC  2984.65s] node 50 cg=4 phase=phase2 kind=heuristic best_rc=0.0 found=0 added=0 exhausted=False cert=False
[clean-BPC  2992.24s] node 50 cg=4 phase=phase2 kind=heuristic_boost best_rc=0.0 found=0 added=0 exhausted=True cert=True
[clean-BPC  2992.24s] fathom node 50: reason=bound_after_schedule_pack bound=230.24388
[clean-BPC  2992.24s] node 39 d=7 lb=228.554189 open=19
[clean-BPC  2992.48s] node 39 cg=1 phase=phase1 obj=0.0 artificial=0.0 cols=3512
[clean-BPC  2992.73s] node 39 cg=2 phase=phase2 obj=228.922442 artificial=0.0 cols=3512
[clean-BPC  2996.70s] node 39 cg=2 phase=phase2 kind=heuristic best_rc=-0.0 found=0 added=0 exhausted=False cert=False
[clean-BPC  3012.12s] node 39 cg=2 phase=phase2 kind=heuristic_boost best_rc=-0.410159 found=5 added=5 exhausted=True cert=True
[clean-BPC  3012.37s] node 39 cg=3 phase=phase2 obj=228.922442 artificial=0.0 cols=3517
[clean-BPC  3016.29s] node 39 cg=3 phase=phase2 kind=heuristic best_rc=-0.0 found=0 added=0 exhausted=False cert=False
[clean-BPC  3031.50s] node 39 cg=3 phase=phase2 kind=heuristic_boost best_rc=-0.0 found=0 added=0 exhausted=True cert=True
[clean-BPC  3031.50s] fathom node 39: reason=bound_after_schedule_pack bound=228.922442
[clean-BPC  3031.50s] node 40 d=7 lb=228.554189 open=18
[clean-BPC  3031.68s] node 40 cg=1 phase=phase1 obj=0.0 artificial=0.0 cols=3517
[clean-BPC  3031.88s] node 40 cg=2 phase=phase2 obj=228.697666 artificial=0.0 cols=3517
[clean-BPC  3031.88s] cut_purged node=40 removed=2 by_kind={'schedule_nogood_core': 2} remaining=100
[clean-BPC  3032.07s] node 40 cg=3 phase=phase2 obj=228.697666 artificial=0.0 cols=3517
[clean-BPC  3032.07s] cut_purged node=40 removed=1 by_kind={'schedule_nogood_core': 1} remaining=99
[clean-BPC  3032.23s] node 40 cg=4 phase=phase2 obj=228.697666 artificial=0.0 cols=3517
[clean-BPC  3035.59s] node 40 cg=4 phase=phase2 kind=heuristic best_rc=-0.2859765 found=8 added=8 exhausted=False cert=False
[clean-BPC  3035.78s] node 40 cg=5 phase=phase2 obj=228.697666 artificial=0.0 cols=3525
[clean-BPC  3039.31s] node 40 cg=5 phase=phase2 kind=heuristic best_rc=-1.17825875 found=20 added=20 exhausted=False cert=False
[clean-BPC  3039.49s] node 40 cg=6 phase=phase2 obj=228.697666 artificial=0.0 cols=3545
[clean-BPC  3042.95s] node 40 cg=6 phase=phase2 kind=heuristic best_rc=-0.0 found=0 added=0 exhausted=False cert=False
[clean-BPC  3053.56s] node 40 cg=6 phase=phase2 kind=heuristic_boost best_rc=-1.0149275 found=8 added=8 exhausted=True cert=True
[clean-BPC  3053.75s] node 40 cg=7 phase=phase2 obj=228.697666 artificial=0.0 cols=3553
[clean-BPC  3057.25s] node 40 cg=7 phase=phase2 kind=heuristic best_rc=-0.013890929 found=2 added=2 exhausted=False cert=False
[clean-BPC  3057.43s] node 40 cg=8 phase=phase2 obj=228.697666 artificial=0.0 cols=3555
[clean-BPC  3060.91s] node 40 cg=8 phase=phase2 kind=heuristic best_rc=-0.0 found=0 added=0 exhausted=False cert=False
[clean-BPC  3071.96s] node 40 cg=8 phase=phase2 kind=heuristic_boost best_rc=-0.117637167 found=1 added=1 exhausted=True cert=True
[clean-BPC  3072.15s] node 40 cg=9 phase=phase2 obj=228.697666 artificial=0.0 cols=3556
[clean-BPC  3075.61s] node 40 cg=9 phase=phase2 kind=heuristic best_rc=-0.0 found=0 added=0 exhausted=False cert=False
[clean-BPC  3086.70s] node 40 cg=9 phase=phase2 kind=heuristic_boost best_rc=-0.0 found=0 added=0 exhausted=True cert=True
[clean-BPC  3089.26s] branch node 40: left=RF(9,15)=separate right=RF(9,15)=same
[clean-BPC  3089.26s] node 53 d=8 lb=228.554189 open=19
[clean-BPC  3089.66s] node 53 cg=1 phase=phase1 obj=0.0 artificial=0.0 cols=3556
[clean-BPC  3090.08s] node 53 cg=2 phase=phase2 obj=228.922442 artificial=0.0 cols=3556
[clean-BPC  3094.23s] node 53 cg=2 phase=phase2 kind=heuristic best_rc=-0.0 found=0 added=0 exhausted=False cert=False
[clean-BPC  3104.70s] node 53 cg=2 phase=phase2 kind=heuristic_boost best_rc=-0.0 found=0 added=0 exhausted=True cert=True
[clean-BPC  3104.70s] fathom node 53: reason=bound_after_schedule_pack bound=228.922442
[clean-BPC  3104.70s] node 54 d=8 lb=228.554189 open=18
[clean-BPC  3105.04s] node 54 cg=1 phase=phase1 obj=0.0 artificial=0.0 cols=3556
[clean-BPC  3105.39s] node 54 cg=2 phase=phase2 obj=228.697666 artificial=0.0 cols=3556
[clean-BPC  3108.92s] node 54 cg=2 phase=phase2 kind=heuristic best_rc=-2.542515437 found=25 added=25 exhausted=False cert=False
[clean-BPC  3109.27s] node 54 cg=3 phase=phase2 obj=228.697666 artificial=0.0 cols=3581
[clean-BPC  3112.77s] node 54 cg=3 phase=phase2 kind=heuristic best_rc=0.0 found=0 added=0 exhausted=False cert=False
[clean-BPC  3127.46s] node 54 cg=3 phase=phase2 kind=heuristic_boost best_rc=-0.353331 found=3 added=3 exhausted=True cert=True
[clean-BPC  3127.81s] node 54 cg=4 phase=phase2 obj=228.697666 artificial=0.0 cols=3584
[clean-BPC  3131.48s] node 54 cg=4 phase=phase2 kind=heuristic best_rc=-0.009877667 found=1 added=1 exhausted=False cert=False
[clean-BPC  3131.82s] node 54 cg=5 phase=phase2 obj=228.697666 artificial=0.0 cols=3585
[clean-BPC  3135.57s] node 54 cg=5 phase=phase2 kind=heuristic best_rc=-0.0 found=0 added=0 exhausted=False cert=False
[clean-BPC  3145.98s] node 54 cg=5 phase=phase2 kind=heuristic_boost best_rc=-0.0 found=0 added=0 exhausted=True cert=True
[clean-BPC  3150.71s] branch node 54: left=RF(9,15)=separate right=RF(9,15)=same
[clean-BPC  3150.71s] node 12 d=4 lb=228.60104 open=19
[clean-BPC  3150.89s] node 12 cg=1 phase=phase1 obj=0.0 artificial=0.0 cols=3585
[clean-BPC  3151.08s] node 12 cg=2 phase=phase2 obj=228.635562 artificial=0.0 cols=3585
[clean-BPC  3154.05s] node 12 cg=2 phase=phase2 kind=heuristic best_rc=-0.374523 found=5 added=5 exhausted=False cert=False
[clean-BPC  3154.25s] node 12 cg=3 phase=phase2 obj=228.635562 artificial=0.0 cols=3590
[clean-BPC  3157.09s] node 12 cg=3 phase=phase2 kind=heuristic best_rc=0.0 found=0 added=0 exhausted=False cert=False
[clean-BPC  3172.06s] node 12 cg=3 phase=phase2 kind=heuristic_boost best_rc=-0.0 found=0 added=0 exhausted=True cert=True
[clean-BPC  3172.07s] route-pack-conflict diag node 12 source_vehicle=1 routes=5 U=4 complete=True cache_hit=False states=105 added=0
[clean-BPC  3173.04s] cut_added family=schedule_nogood_core node=12 added=1 source_vehicle=1 route_count=3 signatures=[[1, 16, 20, 19], [2, 7, 17], [3, 8, 5]]
[clean-BPC  3173.04s] node 11 d=4 lb=228.60104 open=19
[clean-BPC  3173.25s] node 11 cg=1 phase=phase1 obj=0.0 artificial=0.0 cols=3590
[clean-BPC  3173.48s] node 11 cg=2 phase=phase2 obj=228.922442 artificial=0.0 cols=3590
[clean-BPC  3176.41s] node 11 cg=2 phase=phase2 kind=heuristic best_rc=-0.0 found=0 added=0 exhausted=False cert=False
[clean-BPC  3186.60s] node 11 cg=2 phase=phase2 kind=heuristic_boost best_rc=-0.0 found=0 added=0 exhausted=True cert=True
[clean-BPC  3186.60s] fathom node 11: reason=bound_after_schedule_pack bound=228.922442
[clean-BPC  3186.60s] node 12 d=4 lb=228.635562 open=18
[clean-BPC  3186.76s] node 12 cg=1 phase=phase1 obj=0.0 artificial=0.0 cols=3590
[clean-BPC  3186.90s] node 12 cg=2 phase=phase2 obj=228.635562 artificial=0.0 cols=3590
[clean-BPC  3189.45s] node 12 cg=2 phase=phase2 kind=heuristic best_rc=0.0 found=0 added=0 exhausted=False cert=False
[clean-BPC  3204.29s] node 12 cg=2 phase=phase2 kind=heuristic_boost best_rc=-0.0 found=0 added=0 exhausted=True cert=True
[clean-BPC  3204.30s] route-pack-conflict diag node 12 source_vehicle=1 routes=5 U=4 complete=True cache_hit=False states=93 added=0
[clean-BPC  3205.27s] cut_added family=schedule_nogood_core node=12 added=1 source_vehicle=1 route_count=3 signatures=[[19, 20, 16, 1], [2, 7, 17], [3, 8, 5]]
[clean-BPC  3205.27s] node 12 d=4 lb=228.635562 open=18
[clean-BPC  3205.43s] node 12 cg=1 phase=phase1 obj=0.0 artificial=0.0 cols=3590
[clean-BPC  3205.60s] node 12 cg=2 phase=phase2 obj=228.635562 artificial=0.0 cols=3590
[clean-BPC  3208.16s] node 12 cg=2 phase=phase2 kind=heuristic best_rc=-0.0 found=0 added=0 exhausted=False cert=False
[clean-BPC  3222.92s] node 12 cg=2 phase=phase2 kind=heuristic_boost best_rc=-0.0 found=0 added=0 exhausted=True cert=True
[clean-BPC  3225.87s] branch node 12: left=arc(3,8)=off right=arc(3,8)=on
[clean-BPC  3225.87s] node 59 d=5 lb=228.635562 open=19
[clean-BPC  3226.01s] node 59 cg=1 phase=phase1 obj=0.0 artificial=0.0 cols=3590
[clean-BPC  3226.17s] node 59 cg=2 phase=phase2 obj=228.635562 artificial=0.0 cols=3590
[clean-BPC  3228.79s] node 59 cg=2 phase=phase2 kind=heuristic best_rc=-0.518082 found=1 added=1 exhausted=False cert=False
[clean-BPC  3228.95s] node 59 cg=3 phase=phase2 obj=228.635562 artificial=0.0 cols=3591
[clean-BPC  3231.72s] node 59 cg=3 phase=phase2 kind=heuristic best_rc=-0.0 found=0 added=0 exhausted=False cert=False
[clean-BPC  3241.79s] node 59 cg=3 phase=phase2 kind=heuristic_boost best_rc=-0.0 found=0 added=0 exhausted=True cert=True
[clean-BPC  3241.80s] route-pack-conflict diag node 59 source_vehicle=1 routes=5 U=4 complete=True cache_hit=False states=96 added=0
[clean-BPC  3242.79s] cut_added family=schedule_nogood_core node=59 added=1 source_vehicle=1 route_count=3 signatures=[[1, 16, 20, 19], [17, 7, 2], [5, 8, 3]]
[clean-BPC  3242.80s] node 60 d=5 lb=228.635562 open=19
[clean-BPC  3242.96s] node 60 cg=1 phase=phase1 obj=0.0 artificial=0.0 cols=3591
[clean-BPC  3243.10s] node 60 cg=2 phase=phase2 obj=228.635562 artificial=0.0 cols=3591
[clean-BPC  3245.68s] node 60 cg=2 phase=phase2 kind=heuristic best_rc=-0.59295825 found=2 added=2 exhausted=False cert=False
[clean-BPC  3245.85s] node 60 cg=3 phase=phase2 obj=228.635562 artificial=0.0 cols=3593
[clean-BPC  3248.62s] node 60 cg=3 phase=phase2 kind=heuristic best_rc=-0.264694 found=8 added=8 exhausted=False cert=False
[clean-BPC  3248.78s] node 60 cg=4 phase=phase2 obj=228.635562 artificial=0.0 cols=3601
[clean-BPC  3251.40s] node 60 cg=4 phase=phase2 kind=heuristic best_rc=-0.131985 found=1 added=1 exhausted=False cert=False
[clean-BPC  3251.57s] node 60 cg=5 phase=phase2 obj=228.635562 artificial=0.0 cols=3602
[clean-BPC  3254.47s] node 60 cg=5 phase=phase2 kind=heuristic best_rc=-0.179474 found=1 added=1 exhausted=False cert=False
[clean-BPC  3254.62s] node 60 cg=6 phase=phase2 obj=228.635562 artificial=0.0 cols=3603
[clean-BPC  3257.54s] node 60 cg=6 phase=phase2 kind=heuristic best_rc=0.0 found=0 added=0 exhausted=False cert=False
[clean-BPC  3268.63s] node 60 cg=6 phase=phase2 kind=heuristic_boost best_rc=-0.829792 found=2 added=2 exhausted=True cert=True
[clean-BPC  3268.79s] node 60 cg=7 phase=phase2 obj=228.635562 artificial=0.0 cols=3605
[clean-BPC  3271.52s] node 60 cg=7 phase=phase2 kind=heuristic best_rc=-0.0 found=0 added=0 exhausted=False cert=False
[clean-BPC  3282.96s] node 60 cg=7 phase=phase2 kind=heuristic_boost best_rc=-0.0 found=0 added=0 exhausted=True cert=True
[clean-BPC  3286.01s] branch node 60: left=arc(7,17)=off right=arc(7,17)=on
[clean-BPC  3286.01s] node 59 d=5 lb=228.635562 open=20
[clean-BPC  3286.15s] node 59 cg=1 phase=phase1 obj=0.0 artificial=0.0 cols=3605
[clean-BPC  3286.32s] node 59 cg=2 phase=phase2 obj=228.635562 artificial=0.0 cols=3605
[clean-BPC  3289.05s] node 59 cg=2 phase=phase2 kind=heuristic best_rc=0.0 found=0 added=0 exhausted=False cert=False
[clean-BPC  3299.38s] node 59 cg=2 phase=phase2 kind=heuristic_boost best_rc=-0.258596 found=4 added=4 exhausted=True cert=True
[clean-BPC  3299.55s] node 59 cg=3 phase=phase2 obj=228.635562 artificial=0.0 cols=3609
[clean-BPC  3302.31s] node 59 cg=3 phase=phase2 kind=heuristic best_rc=-0.0 found=0 added=0 exhausted=False cert=False
[clean-BPC  3313.30s] node 59 cg=3 phase=phase2 kind=heuristic_boost best_rc=-0.0 found=0 added=0 exhausted=True cert=True
[clean-BPC  3316.44s] branch node 59: left=arc(17,7)=off right=arc(17,7)=on
[clean-BPC  3316.44s] node 61 d=6 lb=228.635562 open=21
[clean-BPC  3316.59s] node 61 cg=1 phase=phase1 obj=0.0 artificial=0.0 cols=3609
[clean-BPC  3316.74s] node 61 cg=2 phase=phase2 obj=228.635562 artificial=0.0 cols=3609
[clean-BPC  3319.60s] node 61 cg=2 phase=phase2 kind=heuristic best_rc=0.0 found=0 added=0 exhausted=False cert=False
[clean-BPC  3330.64s] node 61 cg=2 phase=phase2 kind=heuristic_boost best_rc=-0.0 found=0 added=0 exhausted=True cert=True
[clean-BPC  3330.65s] route-pack-conflict diag node 61 source_vehicle=1 routes=5 U=4 complete=True cache_hit=False states=96 added=0
[clean-BPC  3331.64s] cut_added family=schedule_nogood_core node=61 added=1 source_vehicle=1 route_count=3 signatures=[[1, 16, 20, 19], [17, 7, 2], [3, 8, 5]]
[clean-BPC  3331.64s] node 62 d=6 lb=228.635562 open=21
[clean-BPC  3331.80s] node 62 cg=1 phase=phase1 obj=0.0 artificial=0.0 cols=3609
[clean-BPC  3331.96s] node 62 cg=2 phase=phase2 obj=228.861778 artificial=0.0 cols=3609
[clean-BPC  3334.66s] node 62 cg=2 phase=phase2 kind=heuristic best_rc=-0.125598 found=3 added=3 exhausted=False cert=False
[clean-BPC  3334.82s] node 62 cg=3 phase=phase2 obj=228.861778 artificial=0.0 cols=3612
[clean-BPC  3337.42s] node 62 cg=3 phase=phase2 kind=heuristic best_rc=0.0 found=0 added=0 exhausted=False cert=False
[clean-BPC  3345.01s] node 62 cg=3 phase=phase2 kind=heuristic_boost best_rc=0.0 found=0 added=0 exhausted=True cert=True
[clean-BPC  3349.33s] branch node 62: left=RF(4,13)=separate right=RF(4,13)=same
[clean-BPC  3349.33s] node 63 d=6 lb=228.635562 open=22
[clean-BPC  3349.48s] node 63 cg=1 phase=phase1 obj=0.0 artificial=0.0 cols=3612
[clean-BPC  3349.62s] node 63 cg=2 phase=phase2 obj=228.635562 artificial=0.0 cols=3612
[clean-BPC  3352.38s] node 63 cg=2 phase=phase2 kind=heuristic best_rc=-0.0 found=0 added=0 exhausted=False cert=False
[clean-BPC  3363.20s] node 63 cg=2 phase=phase2 kind=heuristic_boost best_rc=-0.0 found=0 added=0 exhausted=True cert=True
[clean-BPC  3363.21s] route-pack-conflict diag node 63 source_vehicle=1 routes=5 U=4 complete=True cache_hit=False states=93 added=0
[clean-BPC  3364.20s] cut_added family=schedule_nogood_core node=63 added=2 source_vehicle=1 route_count=3 signatures=[[19, 20, 16, 1], [2, 7, 17], [5, 8, 3]]
[clean-BPC  3364.20s] node 64 d=6 lb=228.635562 open=22
[clean-BPC  3364.35s] node 64 cg=1 phase=phase1 obj=0.0 artificial=0.0 cols=3612
[clean-BPC  3364.52s] node 64 cg=2 phase=phase2 obj=228.880649 artificial=0.0 cols=3612
[clean-BPC  3367.05s] node 64 cg=2 phase=phase2 kind=heuristic best_rc=0.0 found=0 added=0 exhausted=False cert=False
[clean-BPC  3381.76s] node 64 cg=2 phase=phase2 kind=heuristic_boost best_rc=-0.771359333 found=3 added=3 exhausted=True cert=True
[clean-BPC  3381.92s] node 64 cg=3 phase=phase2 obj=228.880649 artificial=0.0 cols=3615
[clean-BPC  3384.51s] node 64 cg=3 phase=phase2 kind=heuristic best_rc=-0.2839865 found=3 added=3 exhausted=False cert=False
[clean-BPC  3384.68s] node 64 cg=4 phase=phase2 obj=228.880649 artificial=0.0 cols=3618
[clean-BPC  3387.41s] node 64 cg=4 phase=phase2 kind=heuristic best_rc=-0.0 found=0 added=0 exhausted=False cert=False
[clean-BPC  3397.36s] node 64 cg=4 phase=phase2 kind=heuristic_boost best_rc=-0.127549833 found=2 added=2 exhausted=True cert=True
[clean-BPC  3397.52s] node 64 cg=5 phase=phase2 obj=228.880649 artificial=0.0 cols=3620
[clean-BPC  3400.33s] node 64 cg=5 phase=phase2 kind=heuristic best_rc=-0.0 found=0 added=0 exhausted=False cert=False
[clean-BPC  3410.42s] node 64 cg=5 phase=phase2 kind=heuristic_boost best_rc=-1.260214 found=29 added=29 exhausted=True cert=True
[clean-BPC  3410.57s] node 64 cg=6 phase=phase2 obj=228.880649 artificial=0.0 cols=3649
[clean-BPC  3410.57s] cut_purged node=64 removed=1 by_kind={'schedule_nogood_core': 1} remaining=104
[clean-BPC  3410.73s] node 64 cg=7 phase=phase2 obj=228.880649 artificial=0.0 cols=3649
[clean-BPC  3413.56s] node 64 cg=7 phase=phase2 kind=heuristic best_rc=-0.046866 found=1 added=1 exhausted=False cert=False
[clean-BPC  3413.71s] node 64 cg=8 phase=phase2 obj=228.880649 artificial=0.0 cols=3650
[clean-BPC  3413.71s] cut_purged node=64 removed=1 by_kind={'schedule_nogood_core': 1} remaining=103
[clean-BPC  3413.87s] node 64 cg=9 phase=phase2 obj=228.880649 artificial=0.0 cols=3650
[clean-BPC  3413.87s] cut_purged node=64 removed=2 by_kind={'schedule_nogood_core': 2} remaining=101
[clean-BPC  3414.04s] node 64 cg=10 phase=phase2 obj=228.880649 artificial=0.0 cols=3650
[clean-BPC  3416.88s] node 64 cg=10 phase=phase2 kind=heuristic best_rc=-0.049509833 found=1 added=1 exhausted=False cert=False
[clean-BPC  3417.06s] node 64 cg=11 phase=phase2 obj=228.880649 artificial=0.0 cols=3651
[clean-BPC  3419.91s] node 64 cg=11 phase=phase2 kind=heuristic best_rc=0.0 found=0 added=0 exhausted=False cert=False
[clean-BPC  3430.76s] node 64 cg=11 phase=phase2 kind=heuristic_boost best_rc=-0.459679238 found=3 added=3 exhausted=True cert=True
[clean-BPC  3430.93s] node 64 cg=12 phase=phase2 obj=228.880649 artificial=0.0 cols=3654
[clean-BPC  3433.50s] node 64 cg=12 phase=phase2 kind=heuristic best_rc=-0.0 found=0 added=0 exhausted=False cert=False
[clean-BPC  3440.65s] node 64 cg=12 phase=phase2 kind=heuristic_boost best_rc=-0.65912 found=1 added=1 exhausted=True cert=True
[clean-BPC  3440.81s] node 64 cg=13 phase=phase2 obj=228.880649 artificial=0.0 cols=3655
[clean-BPC  3443.57s] node 64 cg=13 phase=phase2 kind=heuristic best_rc=0.0 found=0 added=0 exhausted=False cert=False
[clean-BPC  3453.33s] node 64 cg=13 phase=phase2 kind=heuristic_boost best_rc=0.0 found=0 added=0 exhausted=True cert=True
[clean-BPC  3457.28s] branch node 64: left=RF(7,15)=separate right=RF(7,15)=same
[clean-BPC  3457.28s] node 61 d=6 lb=228.635562 open=23
[clean-BPC  3457.43s] node 61 cg=1 phase=phase1 obj=0.0 artificial=0.0 cols=3655
[clean-BPC  3457.60s] node 61 cg=2 phase=phase2 obj=228.635562 artificial=0.0 cols=3655
[clean-BPC  3460.37s] node 61 cg=2 phase=phase2 kind=heuristic best_rc=-0.2425515 found=2 added=2 exhausted=False cert=False
[clean-BPC  3460.54s] node 61 cg=3 phase=phase2 obj=228.635562 artificial=0.0 cols=3657
[clean-BPC  3463.36s] node 61 cg=3 phase=phase2 kind=heuristic best_rc=0.0 found=0 added=0 exhausted=False cert=False
[clean-BPC  3473.36s] node 61 cg=3 phase=phase2 kind=heuristic_boost best_rc=0.0 found=0 added=0 exhausted=True cert=True
[clean-BPC  3473.36s] route-pack-conflict diag node 61 source_vehicle=1 routes=5 U=4 complete=True cache_hit=True states=96 added=0
[clean-BPC  3474.34s] cut_added family=schedule_nogood_core node=61 added=1 source_vehicle=1 route_count=3 signatures=[[1, 16, 20, 19], [17, 7, 2], [3, 8, 5]]
[clean-BPC  3474.34s] node 63 d=6 lb=228.635562 open=23
[clean-BPC  3474.49s] node 63 cg=1 phase=phase1 obj=0.0 artificial=0.0 cols=3657
[clean-BPC  3474.65s] node 63 cg=2 phase=phase2 obj=228.635562 artificial=0.0 cols=3657
[clean-BPC  3477.42s] node 63 cg=2 phase=phase2 kind=heuristic best_rc=-0.075791556 found=2 added=2 exhausted=False cert=False
[clean-BPC  3477.59s] node 63 cg=3 phase=phase2 obj=228.635562 artificial=0.0 cols=3659
[clean-BPC  3480.33s] node 63 cg=3 phase=phase2 kind=heuristic best_rc=-0.03222075 found=1 added=1 exhausted=False cert=False
[clean-BPC  3480.50s] node 63 cg=4 phase=phase2 obj=228.635562 artificial=0.0 cols=3660
[clean-BPC  3483.23s] node 63 cg=4 phase=phase2 kind=heuristic best_rc=0.0 found=0 added=0 exhausted=False cert=False
[clean-BPC  3493.90s] node 63 cg=4 phase=phase2 kind=heuristic_boost best_rc=0.0 found=0 added=0 exhausted=True cert=True
[clean-BPC  3493.91s] route-pack-conflict diag node 63 source_vehicle=1 routes=5 U=4 complete=True cache_hit=False states=105 added=0
[clean-BPC  3494.88s] cut_added family=schedule_nogood_core node=63 added=1 source_vehicle=1 route_count=3 signatures=[[1, 16, 20, 19], [2, 7, 17], [5, 8, 3]]
[clean-BPC  3494.88s] node 61 d=6 lb=228.635562 open=23
[clean-BPC  3495.05s] node 61 cg=1 phase=phase1 obj=0.0 artificial=0.0 cols=3660
[clean-BPC  3495.20s] node 61 cg=2 phase=phase2 obj=228.729483 artificial=0.0 cols=3660
[clean-BPC  3497.99s] node 61 cg=2 phase=phase2 kind=heuristic best_rc=0.0 found=0 added=0 exhausted=False cert=False
[clean-BPC  3508.71s] node 61 cg=2 phase=phase2 kind=heuristic_boost best_rc=-0.049696 found=4 added=4 exhausted=True cert=True
[clean-BPC  3508.87s] node 61 cg=3 phase=phase2 obj=228.729483 artificial=0.0 cols=3664
[clean-BPC  3511.67s] node 61 cg=3 phase=phase2 kind=heuristic best_rc=0.0 found=0 added=0 exhausted=False cert=False
[clean-BPC  3522.42s] node 61 cg=3 phase=phase2 kind=heuristic_boost best_rc=0.0 found=0 added=0 exhausted=True cert=True
[clean-BPC  3526.56s] branch node 61: left=RF(7,15)=separate right=RF(7,15)=same
[clean-BPC  3526.56s] node 63 d=6 lb=228.635562 open=24
[clean-BPC  3526.72s] node 63 cg=1 phase=phase1 obj=0.0 artificial=0.0 cols=3664
[clean-BPC  3526.87s] node 63 cg=2 phase=phase2 obj=228.635562 artificial=0.0 cols=3664
[clean-BPC  3529.54s] node 63 cg=2 phase=phase2 kind=heuristic best_rc=0.0 found=0 added=0 exhausted=False cert=False
[clean-BPC  3540.16s] node 63 cg=2 phase=phase2 kind=heuristic_boost best_rc=0.0 found=0 added=0 exhausted=True cert=True
[clean-BPC  3540.16s] route-pack-conflict diag node 63 source_vehicle=1 routes=5 U=4 complete=True cache_hit=True states=93 added=0
[clean-BPC  3541.16s] cut_added family=schedule_nogood_core node=63 added=1 source_vehicle=1 route_count=3 signatures=[[19, 20, 16, 1], [2, 7, 17], [5, 8, 3]]
[clean-BPC  3541.16s] node 63 d=6 lb=228.635562 open=24
[clean-BPC  3541.30s] node 63 cg=1 phase=phase1 obj=0.0 artificial=0.0 cols=3664
[clean-BPC  3541.47s] node 63 cg=2 phase=phase2 obj=228.663602 artificial=0.0 cols=3664
[clean-BPC  3544.21s] node 63 cg=2 phase=phase2 kind=heuristic best_rc=-0.065648222 found=1 added=1 exhausted=False cert=False
[clean-BPC  3544.38s] node 63 cg=3 phase=phase2 obj=228.663602 artificial=0.0 cols=3665
[clean-BPC  3547.13s] node 63 cg=3 phase=phase2 kind=heuristic best_rc=0.0 found=0 added=0 exhausted=False cert=False
[clean-BPC  3557.89s] node 63 cg=3 phase=phase2 kind=heuristic_boost best_rc=0.0 found=0 added=0 exhausted=True cert=True
[clean-BPC  3560.47s] branch node 63: left=RF(7,15)=separate right=RF(7,15)=same
[clean-BPC  3560.47s] node 42 d=7 lb=228.658148 open=25
[clean-BPC  3560.60s] node 42 cg=1 phase=phase1 obj=0.0 artificial=0.0 cols=3665
[clean-BPC  3560.72s] node 42 cg=2 phase=phase2 obj=229.489422 artificial=0.0 cols=3665
[clean-BPC  3564.14s] node 42 cg=2 phase=phase2 kind=heuristic best_rc=-0.165448 found=2 added=2 exhausted=False cert=False
[clean-BPC  3564.28s] node 42 cg=3 phase=phase2 obj=229.489422 artificial=0.0 cols=3667
[clean-BPC  3567.69s] node 42 cg=3 phase=phase2 kind=heuristic best_rc=-0.0 found=0 added=0 exhausted=False cert=False
[clean-BPC  3578.70s] node 42 cg=3 phase=phase2 kind=heuristic_boost best_rc=-0.0 found=0 added=0 exhausted=True cert=True
[clean-BPC  3578.70s] fathom node 42: reason=bound_after_schedule_pack bound=229.489422
[clean-BPC  3578.70s] node 41 d=7 lb=228.658148 open=24
[clean-BPC  3578.94s] node 41 cg=1 phase=phase1 obj=0.0 artificial=0.0 cols=3667
[clean-BPC  3579.19s] node 41 cg=2 phase=phase2 obj=228.465959 artificial=0.0 cols=3667
[clean-BPC  3579.19s] cut_purged node=41 removed=1 by_kind={'schedule_nogood_core': 1} remaining=103
[clean-BPC  3579.44s] node 41 cg=3 phase=phase2 obj=228.465959 artificial=0.0 cols=3667
[clean-BPC  3583.13s] node 41 cg=3 phase=phase2 kind=heuristic best_rc=-0.1002595 found=8 added=8 exhausted=False cert=False
[clean-BPC  3583.38s] node 41 cg=4 phase=phase2 obj=228.465959 artificial=0.0 cols=3675
[clean-BPC  3587.28s] node 41 cg=4 phase=phase2 kind=heuristic best_rc=-0.0 found=0 added=0 exhausted=False cert=False
[clean-BPC  3602.63s] node 41 cg=4 phase=phase2 kind=heuristic_boost best_rc=-0.0 found=0 added=0 exhausted=True cert=True
[clean-BPC  3602.63s] fathom node 41: reason=time_limit_after_node_certificate bound=228.465959
[clean-BPC  3602.63s] finish status=TIME_LIMIT primal=228.922442 dual=None gap=None cuts=103 diag_dual=228.465959 diag_gap=0.001994 crossing=5 crossing_upgraded=0 subset_row=33 lm_rank1=0 sched_cost=0 pair=6 clique=0 route_pack=56 nogood=36 sched_cap=0 sched_pack_adapt=0/0 route_enum_adapt=0/0
bench_20_10: status=TIME_LIMIT, primal=228.922442, dual=None, gap=None, diag_dual=228.465959, diag_gap=0.001994, time=3602.625155s, nodes=82, rmp=335, pricing=376, routes=3675, cuts=103, crossing=5, crossing_upgraded=0, rci=5, kpath=0, pair=6, subset_row=33, lm_rank1=0, sched_cost=0, clique=0, route_pack=56, nogood=36, sched_cap=0, rim_calls=16, rim_feasible=1, rim_rejected=199, rim_pair=6, rim_route_pack=70, rim_ng=322, rim_sched_cap=0, sched_pack_status=None, sched_pack_obj=None, sched_pack_gap_root=None, sched_pack_cols=0, sched_pack_relax_calls=0, sched_pack_relax_best=None, sched_pack_full_exact=0, sched_pack_adapt=0/0, sched_pack_adapt_skip=0, route_enum_adapt=0/0, route_enum_adapt_skip=0, cuts_purged=33, branch_test_time=231.28708s
clean BPC CSV 已写入：/home/kai/work/gnn_bb/branchpricecut/results/20260522_restore_best_356s_20_06_10.csv
