开始 clean BPC: instance=bench_20_01, tasks=20, vehicles=2, time_limit=3600s, max_nodes=100000, log=/home/kai/work/gnn_bb/branchpricecut/results/logs/20260521_143906_bpc_clean_lmrank1_20_01_03/bench_20_01.jsonl
[clean-BPC     0.02s] incumbent node 0: obj=268.440576
[clean-BPC     4.50s] incumbent node 0: obj=231.861044
[clean-BPC     4.50s] start: {'time': 4.500421, 'event': 'start', 'instance': 'bench_20_01', 'tasks': 20, 'vehicles': 2, 'initial_routes': 29, 'initial_incumbent': 231.861044, 'task_vehicle_linking_enabled': True, 'schedule_capacity_cuts_enabled': True, 'schedule_capacity_separation_enabled': False}
[clean-BPC     4.50s] node 0 d=0 lb=0.0 open=0
[clean-BPC     6.40s] node 0 cg=1 phase=phase1 obj=0.0 artificial=0.0 cols=29
[clean-BPC     6.40s] node 0 cg=2 phase=phase2 obj=231.861044 artificial=0.0 cols=29
[clean-BPC    12.26s] node 0 cg=2 phase=phase2 kind=heuristic best_rc=-31.463176 found=135607 added=600 exhausted=False cert=False
[clean-BPC    12.28s] node 0 cg=3 phase=phase2 obj=231.861044 artificial=0.0 cols=629
[clean-BPC    16.20s] node 0 cg=3 phase=phase2 kind=heuristic best_rc=-15.13371 found=50082 added=600 exhausted=False cert=False
[clean-BPC    16.25s] node 0 cg=4 phase=phase2 obj=231.861044 artificial=0.0 cols=1229
[clean-BPC    19.17s] node 0 cg=4 phase=phase2 kind=heuristic best_rc=-13.957754 found=8885 added=600 exhausted=False cert=False
[clean-BPC    19.24s] node 0 cg=5 phase=phase2 obj=229.29788 artificial=0.0 cols=1829
[clean-BPC    22.03s] node 0 cg=5 phase=phase2 kind=heuristic best_rc=-4.306188 found=1051 added=600 exhausted=False cert=False
[clean-BPC    22.12s] node 0 cg=6 phase=phase2 obj=225.060126 artificial=0.0 cols=2429
[clean-BPC    24.91s] node 0 cg=6 phase=phase2 kind=heuristic best_rc=-1.376468474 found=29 added=29 exhausted=False cert=False
[clean-BPC    25.01s] node 0 cg=7 phase=phase2 obj=224.952684 artificial=0.0 cols=2458
[clean-BPC    27.81s] node 0 cg=7 phase=phase2 kind=heuristic best_rc=-0.463521167 found=4 added=4 exhausted=False cert=False
[clean-BPC    27.92s] node 0 cg=8 phase=phase2 obj=224.952684 artificial=0.0 cols=2462
[clean-BPC    30.77s] node 0 cg=8 phase=phase2 kind=heuristic best_rc=-0.0 found=0 added=0 exhausted=False cert=False
[clean-BPC    37.03s] node 0 cg=8 phase=phase2 kind=exact best_rc=-0.0 found=0 added=0 exhausted=True cert=True
[clean-BPC    38.46s] cut_added family=crossing_cut node=0 added=4 upgraded=0 first={'id': 0, 'tasks': [11, 16, 19, 20], 'demand': 10.0, 'capacity_bound': 2, 'resource_bound': 1, 'k_bound': 2, 'rhs': 4.0, 'source': 'capacity', 'violation': 1.0, 'action': 'add'}
[clean-BPC    38.60s] node 0 cg=9 phase=phase2 obj=225.494635 artificial=0.0 cols=2462
[clean-BPC    41.95s] node 0 cg=9 phase=phase2 kind=heuristic best_rc=-1.811430286 found=15 added=15 exhausted=False cert=False
[clean-BPC    42.09s] node 0 cg=10 phase=phase2 obj=225.406298 artificial=0.0 cols=2477
[clean-BPC    45.52s] node 0 cg=10 phase=phase2 kind=heuristic best_rc=-0.029692 found=2 added=2 exhausted=False cert=False
[clean-BPC    45.66s] node 0 cg=11 phase=phase2 obj=225.403174 artificial=0.0 cols=2479
[clean-BPC    49.08s] node 0 cg=11 phase=phase2 kind=heuristic best_rc=-0.0 found=0 added=0 exhausted=False cert=False
[clean-BPC    58.43s] node 0 cg=11 phase=phase2 kind=exact best_rc=-0.0 found=0 added=0 exhausted=True cert=True
[clean-BPC    59.68s] cut_added family=crossing_cut node=0 added=5 upgraded=0 first={'id': 4, 'tasks': [8, 14, 15, 17], 'demand': 10.0, 'capacity_bound': 2, 'resource_bound': 1, 'k_bound': 2, 'rhs': 4.0, 'source': 'capacity', 'violation': 0.857142857, 'action': 'add'}
[clean-BPC    59.87s] node 0 cg=12 phase=phase2 obj=225.616858 artificial=0.0 cols=2479
[clean-BPC    63.75s] node 0 cg=12 phase=phase2 kind=heuristic best_rc=-0.0 found=0 added=0 exhausted=False cert=False
[clean-BPC    78.03s] node 0 cg=12 phase=phase2 kind=exact best_rc=-0.0 found=0 added=0 exhausted=True cert=True
[clean-BPC    78.76s] cut_added family=crossing_cut node=0 added=3 upgraded=0 first={'id': 9, 'tasks': [3, 6, 16, 18, 19, 20], 'demand': 10.0, 'capacity_bound': 2, 'resource_bound': 1, 'k_bound': 2, 'rhs': 4.0, 'source': 'capacity', 'violation': 0.666666667, 'action': 'add'}
[clean-BPC    78.96s] node 0 cg=13 phase=phase2 obj=225.761901 artificial=0.0 cols=2479
[clean-BPC    83.17s] node 0 cg=13 phase=phase2 kind=heuristic best_rc=-0.123543667 found=2 added=2 exhausted=False cert=False
[clean-BPC    83.38s] node 0 cg=14 phase=phase2 obj=225.761901 artificial=0.0 cols=2481
[clean-BPC    87.66s] node 0 cg=14 phase=phase2 kind=heuristic best_rc=-0.0 found=0 added=0 exhausted=False cert=False
[clean-BPC   112.85s] node 0 cg=14 phase=phase2 kind=exact best_rc=-0.0 found=0 added=0 exhausted=True cert=True
[clean-BPC   112.85s] subset-row diag node 0 round=1 cand=75 k=2 dup=0 not_viol=149 violated=1 added=1 max_viol=0.3333333333333335
[clean-BPC   112.85s] cut_added family=subset_row node=0 added=1 first(|S|=5, k=2, viol=0.333333333)
[clean-BPC   113.06s] node 0 cg=15 phase=phase2 obj=225.825105 artificial=0.0 cols=2481
[clean-BPC   117.28s] node 0 cg=15 phase=phase2 kind=heuristic best_rc=-0.0 found=0 added=0 exhausted=False cert=False
[clean-BPC   139.36s] node 0 cg=15 phase=phase2 kind=exact best_rc=-0.0 found=0 added=0 exhausted=True cert=True
[clean-BPC   139.36s] subset-row diag node 0 round=2 cand=120 k=2 dup=1 not_viol=234 violated=5 added=5 max_viol=0.16666666666666696
[clean-BPC   139.36s] cut_added family=subset_row node=0 added=5 first(|S|=8, k=3, viol=0.166666667)
[clean-BPC   139.60s] node 0 cg=16 phase=phase2 obj=225.921253 artificial=0.0 cols=2481
[clean-BPC   143.85s] node 0 cg=16 phase=phase2 kind=heuristic best_rc=0.0 found=0 added=0 exhausted=False cert=False
[clean-BPC   164.47s] node 0 cg=16 phase=phase2 kind=exact best_rc=-0.0 found=0 added=0 exhausted=True cert=True
[clean-BPC   164.48s] subset-row diag node 0 round=3 cand=193 k=2 dup=2 not_viol=384 violated=0 added=0 max_viol=0.0
[clean-BPC   164.55s] lm-rank1 diag node 0 round=1 cand=193 denom=2 patterns=3930 dup=0 not_viol=3851 violated=0 added=0 max_viol=0.0
[clean-BPC   164.91s] route-pack diag node 0 round=1 vehicles=2/2 support_max=14 cand=60 oracle=60 incomplete=0 not_tight=14 not_viol=46 dup=0 violated=0 added=0 max_viol=0.0 states_max=16766
[clean-BPC   165.62s] incumbent node 0: obj=226.210886
[clean-BPC     0.69s] restricted-MIP node 0 status=OPTIMAL obj=226.210886 accepted=True routes=2481 rejected=0 pair=0 ng=0 route_pack=0 sched_cap=0 added_cuts=0 time=0.693198
[clean-BPC   169.78s] branch node 0: left=RF(7,10)=separate right=RF(7,10)=same
[clean-BPC   169.78s] node 1 d=1 lb=225.921253 open=1
[clean-BPC   169.99s] node 1 cg=1 phase=phase1 obj=0.0 artificial=0.0 cols=2481
[clean-BPC   170.23s] node 1 cg=2 phase=phase2 obj=226.029945 artificial=0.0 cols=2481
[clean-BPC   174.19s] node 1 cg=2 phase=phase2 kind=heuristic best_rc=-0.117228 found=4 added=4 exhausted=False cert=False
[clean-BPC   174.42s] node 1 cg=3 phase=phase2 obj=226.029945 artificial=0.0 cols=2485
[clean-BPC   178.43s] node 1 cg=3 phase=phase2 kind=heuristic best_rc=-0.0 found=0 added=0 exhausted=False cert=False
[clean-BPC   196.89s] node 1 cg=3 phase=phase2 kind=heuristic_boost best_rc=-0.0 found=0 added=0 exhausted=True cert=True
[clean-BPC   196.92s] route-pack diag node 1 round=1 vehicles=2/2 support_max=9 cand=36 oracle=36 incomplete=0 not_tight=12 not_viol=15 dup=0 violated=9 added=5 max_viol=0.3333333333333335 states_max=1554
[clean-BPC   196.92s] cut_added family=schedule_route_set_packing node=1 added=5 first(vehicle=1, routes=9, U=4, y=0.5, viol=0.333333333, states=1324)
[clean-BPC   197.17s] node 1 cg=4 phase=phase2 obj=226.029945 artificial=0.0 cols=2485
[clean-BPC   201.15s] node 1 cg=4 phase=phase2 kind=heuristic best_rc=0.0 found=0 added=0 exhausted=False cert=False
[clean-BPC   219.24s] node 1 cg=4 phase=phase2 kind=heuristic_boost best_rc=-0.0 found=0 added=0 exhausted=True cert=True
[clean-BPC   219.28s] route-pack diag node 1 round=2 vehicles=2/2 support_max=9 cand=38 oracle=38 incomplete=0 not_tight=12 not_viol=16 dup=0 violated=10 added=5 max_viol=0.5 states_max=1473
[clean-BPC   219.28s] cut_added family=schedule_route_set_packing node=1 added=5 first(vehicle=1, routes=7, U=3, y=0.5, viol=0.5, states=248)
[clean-BPC   219.52s] node 1 cg=5 phase=phase2 obj=226.029945 artificial=0.0 cols=2485
[clean-BPC   223.47s] node 1 cg=5 phase=phase2 kind=heuristic best_rc=-0.0 found=0 added=0 exhausted=False cert=False
[clean-BPC   240.83s] node 1 cg=5 phase=phase2 kind=heuristic_boost best_rc=-0.0 found=0 added=0 exhausted=True cert=True
[clean-BPC     0.63s] restricted-MIP node 1 status=OPTIMAL obj=226.210886 accepted=False routes=2485 rejected=0 pair=0 ng=0 route_pack=0 sched_cap=0 added_cuts=0 time=0.634599
[clean-BPC   246.27s] branch node 1: left=RF(2,8)=separate right=RF(2,8)=same
[clean-BPC   246.27s] node 2 d=1 lb=225.921253 open=2
[clean-BPC   246.41s] node 2 cg=1 phase=phase1 obj=0.0 artificial=0.0 cols=2485
[clean-BPC   246.54s] node 2 cg=2 phase=phase2 obj=226.50444 artificial=0.0 cols=2485
[clean-BPC   249.94s] node 2 cg=2 phase=phase2 kind=heuristic best_rc=-2.53010875 found=134 added=134 exhausted=False cert=False
[clean-BPC   250.09s] node 2 cg=3 phase=phase2 obj=226.340335 artificial=0.0 cols=2619
[clean-BPC   253.47s] node 2 cg=3 phase=phase2 kind=heuristic best_rc=-0.636112 found=4 added=4 exhausted=False cert=False
[clean-BPC   253.63s] node 2 cg=4 phase=phase2 obj=226.340335 artificial=0.0 cols=2623
[clean-BPC   257.02s] node 2 cg=4 phase=phase2 kind=heuristic best_rc=-0.0 found=0 added=0 exhausted=False cert=False
[clean-BPC   273.40s] node 2 cg=4 phase=phase2 kind=heuristic_boost best_rc=-0.0 found=0 added=0 exhausted=True cert=True
[clean-BPC   273.55s] route-pack diag node 2 round=1 vehicles=1/2 support_max=14 cand=29 oracle=29 incomplete=0 not_tight=6 not_viol=23 dup=0 violated=0 added=0 max_viol=0.0 states_max=16884
[clean-BPC   273.55s] fathom node 2: reason=bound bound=226.340335
[clean-BPC   273.55s] node 3 d=2 lb=226.029945 open=1
[clean-BPC   273.76s] node 3 cg=1 phase=phase1 obj=0.0 artificial=0.0 cols=2623
[clean-BPC   273.99s] node 3 cg=2 phase=phase2 obj=226.210886 artificial=0.0 cols=2623
[clean-BPC   278.08s] node 3 cg=2 phase=phase2 kind=heuristic best_rc=-0.30241875 found=8 added=8 exhausted=False cert=False
[clean-BPC   278.31s] node 3 cg=3 phase=phase2 obj=226.210886 artificial=0.0 cols=2631
[clean-BPC   282.32s] node 3 cg=3 phase=phase2 kind=heuristic best_rc=0.0 found=0 added=0 exhausted=False cert=False
[clean-BPC   300.67s] node 3 cg=3 phase=phase2 kind=heuristic_boost best_rc=-0.0 found=0 added=0 exhausted=True cert=True
[clean-BPC   300.67s] route-pack diag node 3 round=1 vehicles=1/2 support_max=5 cand=8 oracle=8 incomplete=0 not_tight=8 not_viol=0 dup=0 violated=0 added=0 max_viol=0.0 states_max=110
[clean-BPC   300.67s] fathom node 3: reason=bound bound=226.210886
[clean-BPC   300.67s] node 4 d=2 lb=226.029945 open=0
[clean-BPC   300.86s] node 4 cg=1 phase=phase1 obj=0.0 artificial=0.0 cols=2631
[clean-BPC   301.05s] node 4 cg=2 phase=phase2 obj=226.287543 artificial=0.0 cols=2631
[clean-BPC   304.70s] node 4 cg=2 phase=phase2 kind=heuristic best_rc=-0.0 found=0 added=0 exhausted=False cert=False
[clean-BPC   320.51s] node 4 cg=2 phase=phase2 kind=heuristic_boost best_rc=-0.0 found=0 added=0 exhausted=True cert=True
[clean-BPC   320.54s] route-pack diag node 4 round=1 vehicles=2/2 support_max=10 cand=35 oracle=35 incomplete=0 not_tight=8 not_viol=17 dup=0 violated=10 added=5 max_viol=0.5 states_max=1748
[clean-BPC   320.54s] cut_added family=schedule_route_set_packing node=4 added=5 first(vehicle=1, routes=8, U=3, y=0.5, viol=0.5, states=679)
[clean-BPC   320.74s] node 4 cg=3 phase=phase2 obj=226.287543 artificial=0.0 cols=2631
[clean-BPC   324.35s] node 4 cg=3 phase=phase2 kind=heuristic best_rc=-0.0 found=0 added=0 exhausted=False cert=False
[clean-BPC   340.12s] node 4 cg=3 phase=phase2 kind=heuristic_boost best_rc=-0.0 found=0 added=0 exhausted=True cert=True
[clean-BPC   340.23s] route-pack diag node 4 round=2 vehicles=2/2 support_max=12 cand=48 oracle=48 incomplete=0 not_tight=9 not_viol=33 dup=0 violated=6 added=5 max_viol=0.2916666666666665 states_max=6122
[clean-BPC   340.23s] cut_added family=schedule_route_set_packing node=4 added=5 first(vehicle=2, routes=11, U=4, y=0.5, viol=0.291666667, states=3662)
[clean-BPC   340.42s] node 4 cg=4 phase=phase2 obj=226.287543 artificial=0.0 cols=2631
[clean-BPC   343.82s] node 4 cg=4 phase=phase2 kind=heuristic best_rc=0.0 found=0 added=0 exhausted=False cert=False
[clean-BPC   356.93s] node 4 cg=4 phase=phase2 kind=heuristic_boost best_rc=-0.0 found=0 added=0 exhausted=True cert=True
[clean-BPC   356.93s] fathom node 4: reason=bound bound=226.287543
[clean-BPC   356.93s] finish status=OPTIMAL primal=226.210886 dual=226.210886 gap=0.0 cuts=38 diag_dual=226.210886 diag_gap=0.0 crossing=12 crossing_upgraded=0 subset_row=6 lm_rank1=0 sched_cost=0 pair=0 clique=0 route_pack=20 nogood=0 sched_cap=0
bench_20_01: status=OPTIMAL, primal=226.210886, dual=226.210886, gap=0.0, diag_dual=226.210886, diag_gap=0.0, time=356.919249s, nodes=5, rmp=32, pricing=41, routes=2631, cuts=38, crossing=12, crossing_upgraded=0, rci=12, kpath=0, pair=0, subset_row=6, lm_rank1=0, sched_cost=0, clique=0, route_pack=20, nogood=0, sched_cap=0, rim_calls=2, rim_feasible=1, rim_rejected=0, rim_pair=0, rim_route_pack=0, rim_ng=0, rim_sched_cap=0, cuts_purged=0, branch_test_time=8.955913s
开始 clean BPC: instance=bench_20_02, tasks=20, vehicles=2, time_limit=3600s, max_nodes=100000, log=/home/kai/work/gnn_bb/branchpricecut/results/logs/20260521_143906_bpc_clean_lmrank1_20_01_03/bench_20_02.jsonl
[clean-BPC     0.00s] incumbent node 0: obj=276.966512
[clean-BPC     6.56s] incumbent node 0: obj=237.436094
[clean-BPC     6.56s] start: {'time': 6.559079, 'event': 'start', 'instance': 'bench_20_02', 'tasks': 20, 'vehicles': 2, 'initial_routes': 30, 'initial_incumbent': 237.436094, 'task_vehicle_linking_enabled': True, 'schedule_capacity_cuts_enabled': True, 'schedule_capacity_separation_enabled': False}
[clean-BPC     6.56s] node 0 d=0 lb=0.0 open=0
[clean-BPC     6.56s] node 0 cg=1 phase=phase1 obj=0.0 artificial=0.0 cols=30
[clean-BPC     6.56s] node 0 cg=2 phase=phase2 obj=237.436094 artificial=0.0 cols=30
[clean-BPC    14.41s] node 0 cg=2 phase=phase2 kind=heuristic best_rc=-37.172232 found=211856 added=600 exhausted=False cert=False
[clean-BPC    14.44s] node 0 cg=3 phase=phase2 obj=237.436094 artificial=0.0 cols=630
[clean-BPC    17.96s] node 0 cg=3 phase=phase2 kind=heuristic best_rc=-12.004053 found=28142 added=600 exhausted=False cert=False
[clean-BPC    18.00s] node 0 cg=4 phase=phase2 obj=236.421558 artificial=0.0 cols=1230
[clean-BPC    21.03s] node 0 cg=4 phase=phase2 kind=heuristic best_rc=-12.86408 found=11576 added=600 exhausted=False cert=False
[clean-BPC    21.10s] node 0 cg=5 phase=phase2 obj=230.042712 artificial=0.0 cols=1830
[clean-BPC    24.10s] node 0 cg=5 phase=phase2 kind=heuristic best_rc=-3.429166 found=291 added=291 exhausted=False cert=False
[clean-BPC    24.19s] node 0 cg=6 phase=phase2 obj=227.883573 artificial=0.0 cols=2121
[clean-BPC    27.08s] node 0 cg=6 phase=phase2 kind=heuristic best_rc=-2.593093333 found=60 added=60 exhausted=False cert=False
[clean-BPC    27.18s] node 0 cg=7 phase=phase2 obj=227.883573 artificial=0.0 cols=2181
[clean-BPC    30.06s] node 0 cg=7 phase=phase2 kind=heuristic best_rc=-0.0 found=0 added=0 exhausted=False cert=False
[clean-BPC    36.50s] node 0 cg=7 phase=phase2 kind=exact best_rc=-0.0 found=0 added=0 exhausted=True cert=True
[clean-BPC    37.41s] cut_added family=crossing_cut node=0 added=2 upgraded=0 first={'id': 0, 'tasks': [8, 10, 14, 17], 'demand': 11.0, 'capacity_bound': 2, 'resource_bound': 1, 'k_bound': 2, 'rhs': 4.0, 'source': 'capacity', 'violation': 0.666666667, 'action': 'add'}
[clean-BPC    37.51s] node 0 cg=8 phase=phase2 obj=228.114658 artificial=0.0 cols=2181
[clean-BPC    40.86s] node 0 cg=8 phase=phase2 kind=heuristic best_rc=-0.122286 found=6 added=6 exhausted=False cert=False
[clean-BPC    40.96s] node 0 cg=9 phase=phase2 obj=228.114658 artificial=0.0 cols=2187
[clean-BPC    44.23s] node 0 cg=9 phase=phase2 kind=heuristic best_rc=0.0 found=0 added=0 exhausted=False cert=False
[clean-BPC    52.40s] node 0 cg=9 phase=phase2 kind=exact best_rc=0.0 found=0 added=0 exhausted=True cert=True
[clean-BPC    52.89s] cut_added family=crossing_cut node=0 added=5 upgraded=0 first={'id': 2, 'tasks': [2, 3, 8, 20], 'demand': 10.0, 'capacity_bound': 2, 'resource_bound': 1, 'k_bound': 2, 'rhs': 4.0, 'source': 'capacity', 'violation': 0.666666667, 'action': 'add'}
[clean-BPC    53.01s] node 0 cg=10 phase=phase2 obj=228.223964 artificial=0.0 cols=2187
[clean-BPC    56.56s] node 0 cg=10 phase=phase2 kind=heuristic best_rc=-0.686099333 found=134 added=134 exhausted=False cert=False
[clean-BPC    56.70s] node 0 cg=11 phase=phase2 obj=228.22371 artificial=0.0 cols=2321
[clean-BPC    60.16s] node 0 cg=11 phase=phase2 kind=heuristic best_rc=0.0 found=0 added=0 exhausted=False cert=False
[clean-BPC    69.91s] node 0 cg=11 phase=phase2 kind=exact best_rc=0.0 found=0 added=0 exhausted=True cert=True
[clean-BPC    71.10s] cut_added family=crossing_cut node=0 added=3 upgraded=0 first={'id': 7, 'tasks': [9, 11, 14, 17], 'demand': 10.0, 'capacity_bound': 2, 'resource_bound': 1, 'k_bound': 2, 'rhs': 4.0, 'source': 'capacity', 'violation': 0.526315789, 'action': 'add'}
[clean-BPC    71.26s] node 0 cg=12 phase=phase2 obj=228.39887 artificial=0.0 cols=2321
[clean-BPC    74.80s] node 0 cg=12 phase=phase2 kind=heuristic best_rc=-0.200393 found=2 added=2 exhausted=False cert=False
[clean-BPC    74.97s] node 0 cg=13 phase=phase2 obj=228.39887 artificial=0.0 cols=2323
[clean-BPC    78.60s] node 0 cg=13 phase=phase2 kind=heuristic best_rc=-0.0 found=0 added=0 exhausted=False cert=False
[clean-BPC    90.74s] node 0 cg=13 phase=phase2 kind=exact best_rc=-0.0 found=0 added=0 exhausted=True cert=True
[clean-BPC    90.74s] subset-row diag node 0 round=1 cand=134 k=2 dup=0 not_viol=260 violated=8 added=8 max_viol=0.3333333333333335
[clean-BPC    90.74s] cut_added family=subset_row node=0 added=8 first(|S|=5, k=2, viol=0.333333333)
[clean-BPC    90.94s] node 0 cg=14 phase=phase2 obj=228.457003 artificial=0.0 cols=2323
[clean-BPC    94.70s] node 0 cg=14 phase=phase2 kind=heuristic best_rc=-0.730043 found=13 added=13 exhausted=False cert=False
[clean-BPC    94.91s] node 0 cg=15 phase=phase2 obj=228.457003 artificial=0.0 cols=2336
[clean-BPC    98.96s] node 0 cg=15 phase=phase2 kind=heuristic best_rc=-0.84548175 found=26 added=26 exhausted=False cert=False
[clean-BPC    99.17s] node 0 cg=16 phase=phase2 obj=228.457003 artificial=0.0 cols=2362
[clean-BPC   102.93s] node 0 cg=16 phase=phase2 kind=heuristic best_rc=-0.157392 found=2 added=2 exhausted=False cert=False
[clean-BPC   103.14s] node 0 cg=17 phase=phase2 obj=228.457003 artificial=0.0 cols=2364
[clean-BPC   106.92s] node 0 cg=17 phase=phase2 kind=heuristic best_rc=0.0 found=0 added=0 exhausted=False cert=False
[clean-BPC   119.36s] node 0 cg=17 phase=phase2 kind=exact best_rc=-0.027135 found=2 added=2 exhausted=True cert=True
[clean-BPC   119.57s] node 0 cg=18 phase=phase2 obj=228.457003 artificial=0.0 cols=2366
[clean-BPC   123.31s] node 0 cg=18 phase=phase2 kind=heuristic best_rc=-0.0 found=0 added=0 exhausted=False cert=False
[clean-BPC   135.25s] node 0 cg=18 phase=phase2 kind=exact best_rc=-0.0 found=0 added=0 exhausted=True cert=True
[clean-BPC   135.25s] subset-row diag node 0 round=2 cand=75 k=2 dup=4 not_viol=145 violated=1 added=1 max_viol=0.3333333333333335
[clean-BPC   135.25s] cut_added family=subset_row node=0 added=1 first(|S|=5, k=2, viol=0.333333333)
[clean-BPC   135.47s] node 0 cg=19 phase=phase2 obj=228.513918 artificial=0.0 cols=2366
[clean-BPC   139.43s] node 0 cg=19 phase=phase2 kind=heuristic best_rc=-0.0 found=0 added=0 exhausted=False cert=False
[clean-BPC   152.78s] node 0 cg=19 phase=phase2 kind=exact best_rc=-0.0 found=0 added=0 exhausted=True cert=True
[clean-BPC   152.78s] subset-row diag node 0 round=3 cand=128 k=2 dup=8 not_viol=240 violated=8 added=8 max_viol=0.16666666666666696
[clean-BPC   152.78s] cut_added family=subset_row node=0 added=8 first(|S|=7, k=2, viol=0.166666667)
[clean-BPC   153.03s] node 0 cg=20 phase=phase2 obj=228.765777 artificial=0.0 cols=2366
[clean-BPC   157.14s] node 0 cg=20 phase=phase2 kind=heuristic best_rc=-0.346175 found=24 added=24 exhausted=False cert=False
[clean-BPC   157.37s] node 0 cg=21 phase=phase2 obj=228.655122 artificial=0.0 cols=2390
[clean-BPC   161.52s] node 0 cg=21 phase=phase2 kind=heuristic best_rc=0.0 found=0 added=0 exhausted=False cert=False
[clean-BPC   174.35s] node 0 cg=21 phase=phase2 kind=exact best_rc=-0.0 found=0 added=0 exhausted=True cert=True
[clean-BPC   174.36s] lm-rank1 diag node 0 round=1 cand=83 denom=2 patterns=1666 dup=0 not_viol=1618 violated=8 added=8 max_viol=0.3333333333333335
[clean-BPC   174.36s] cut_added family=limited_memory_rank1 node=0 added=8 first(|S|=6, d=3, mem=[2, 3], viol=0.333333333)
[clean-BPC   174.65s] node 0 cg=22 phase=phase2 obj=228.81323 artificial=0.0 cols=2390
[clean-BPC   178.70s] node 0 cg=22 phase=phase2 kind=heuristic best_rc=-0.235065 found=4 added=4 exhausted=False cert=False
[clean-BPC   178.99s] node 0 cg=23 phase=phase2 obj=228.81323 artificial=0.0 cols=2394
[clean-BPC   183.48s] node 0 cg=23 phase=phase2 kind=heuristic best_rc=-0.0 found=0 added=0 exhausted=False cert=False
[clean-BPC   196.36s] node 0 cg=23 phase=phase2 kind=exact best_rc=-0.0 found=0 added=0 exhausted=True cert=True
[clean-BPC   196.37s] lm-rank1 diag node 0 round=2 cand=90 denom=2 patterns=1804 dup=2 not_viol=1752 violated=6 added=6 max_viol=0.3333333333333339
[clean-BPC   196.37s] cut_added family=limited_memory_rank1 node=0 added=6 first(|S|=7, d=3, mem=[1], viol=0.333333333)
[clean-BPC   196.70s] node 0 cg=24 phase=phase2 obj=228.927859 artificial=0.0 cols=2394
[clean-BPC   200.95s] node 0 cg=24 phase=phase2 kind=heuristic best_rc=-0.412001714 found=6 added=6 exhausted=False cert=False
[clean-BPC   201.27s] node 0 cg=25 phase=phase2 obj=228.927859 artificial=0.0 cols=2400
[clean-BPC   205.37s] node 0 cg=25 phase=phase2 kind=heuristic best_rc=-0.220039143 found=6 added=6 exhausted=False cert=False
[clean-BPC   205.70s] node 0 cg=26 phase=phase2 obj=228.927859 artificial=0.0 cols=2406
[clean-BPC   209.97s] node 0 cg=26 phase=phase2 kind=heuristic best_rc=-0.0 found=0 added=0 exhausted=False cert=False
[clean-BPC   222.24s] node 0 cg=26 phase=phase2 kind=exact best_rc=-0.0 found=0 added=0 exhausted=True cert=True
[clean-BPC   222.30s] lm-rank1 diag node 0 round=3 cand=169 denom=2 patterns=3510 dup=5 not_viol=3441 violated=12 added=12 max_viol=0.2857142857142856
[clean-BPC   222.30s] cut_added family=limited_memory_rank1 node=0 added=12 first(|S|=7, d=3, mem=[13], viol=0.285714286)
[clean-BPC   222.70s] node 0 cg=27 phase=phase2 obj=229.007217 artificial=0.0 cols=2406
[clean-BPC   228.04s] node 0 cg=27 phase=phase2 kind=heuristic best_rc=-0.136293 found=4 added=4 exhausted=False cert=False
[clean-BPC   228.43s] node 0 cg=28 phase=phase2 obj=229.007217 artificial=0.0 cols=2410
[clean-BPC   233.30s] node 0 cg=28 phase=phase2 kind=heuristic best_rc=-0.152872714 found=7 added=7 exhausted=False cert=False
[clean-BPC   233.69s] node 0 cg=29 phase=phase2 obj=229.007217 artificial=0.0 cols=2417
[clean-BPC   233.69s] cut_purged node=0 removed=3 by_kind={'crossing_cut': 3} remaining=50
[clean-BPC   234.05s] node 0 cg=30 phase=phase2 obj=229.007217 artificial=0.0 cols=2417
[clean-BPC   239.63s] node 0 cg=30 phase=phase2 kind=heuristic best_rc=-0.09183625 found=4 added=4 exhausted=False cert=False
[clean-BPC   239.99s] node 0 cg=31 phase=phase2 obj=229.007217 artificial=0.0 cols=2421
[clean-BPC   245.31s] node 0 cg=31 phase=phase2 kind=heuristic best_rc=-0.05455575 found=2 added=2 exhausted=False cert=False
[clean-BPC   245.68s] node 0 cg=32 phase=phase2 obj=229.007217 artificial=0.0 cols=2423
[clean-BPC   250.98s] node 0 cg=32 phase=phase2 kind=heuristic best_rc=-0.0 found=0 added=0 exhausted=False cert=False
[clean-BPC   269.42s] node 0 cg=32 phase=phase2 kind=exact best_rc=-0.0 found=0 added=0 exhausted=True cert=True
[clean-BPC   269.44s] route-pack diag node 0 round=1 vehicles=2/2 support_max=8 cand=30 oracle=30 incomplete=0 not_tight=8 not_viol=9 dup=0 violated=13 added=5 max_viol=0.666666666666667 states_max=852
[clean-BPC   269.44s] cut_added family=schedule_route_set_packing node=0 added=5 first(vehicle=1, routes=7, U=3, y=0.5, viol=0.666666667, states=418)
[clean-BPC   269.80s] node 0 cg=33 phase=phase2 obj=229.007217 artificial=0.0 cols=2423
[clean-BPC   275.03s] node 0 cg=33 phase=phase2 kind=heuristic best_rc=-0.181452 found=2 added=2 exhausted=False cert=False
[clean-BPC   275.40s] node 0 cg=34 phase=phase2 obj=229.007217 artificial=0.0 cols=2425
[clean-BPC   280.64s] node 0 cg=34 phase=phase2 kind=heuristic best_rc=-0.000613 found=2 added=2 exhausted=False cert=False
[clean-BPC   280.99s] node 0 cg=35 phase=phase2 obj=229.007217 artificial=0.0 cols=2427
[clean-BPC   285.68s] node 0 cg=35 phase=phase2 kind=heuristic best_rc=-0.08411 found=2 added=2 exhausted=False cert=False
[clean-BPC   286.04s] node 0 cg=36 phase=phase2 obj=229.007217 artificial=0.0 cols=2429
[clean-BPC   291.09s] node 0 cg=36 phase=phase2 kind=heuristic best_rc=-0.0 found=0 added=0 exhausted=False cert=False
[clean-BPC   307.76s] node 0 cg=36 phase=phase2 kind=exact best_rc=-0.0 found=0 added=0 exhausted=True cert=True
[clean-BPC   307.78s] route-pack diag node 0 round=2 vehicles=2/2 support_max=8 cand=31 oracle=31 incomplete=0 not_tight=8 not_viol=9 dup=0 violated=14 added=5 max_viol=0.666666666666667 states_max=846
[clean-BPC   307.78s] cut_added family=schedule_route_set_packing node=0 added=5 first(vehicle=2, routes=7, U=3, y=0.5, viol=0.666666667, states=374)
[clean-BPC   308.14s] node 0 cg=37 phase=phase2 obj=229.007217 artificial=0.0 cols=2429
[clean-BPC   313.49s] node 0 cg=37 phase=phase2 kind=heuristic best_rc=-0.0 found=0 added=0 exhausted=False cert=False
[clean-BPC   331.97s] node 0 cg=37 phase=phase2 kind=exact best_rc=-0.0 found=0 added=0 exhausted=True cert=True
[clean-BPC   354.64s] route-pack-conflict diag node 0 source_vehicle=1 routes=5 U=4 complete=True cache_hit=False states=109 added=0
[clean-BPC   355.32s] route-pack-conflict diag node 0 source_vehicle=1 routes=5 U=4 complete=True cache_hit=False states=98 added=0
[clean-BPC   356.01s] route-pack-conflict diag node 0 source_vehicle=1 routes=5 U=4 complete=True cache_hit=False states=100 added=0
[clean-BPC   356.69s] route-pack-conflict diag node 0 source_vehicle=1 routes=5 U=4 complete=True cache_hit=False states=111 added=0
[clean-BPC   358.79s] route-pack-conflict diag node 0 source_vehicle=1 routes=5 U=4 complete=True cache_hit=False states=111 added=0
[clean-BPC   360.90s] route-pack-conflict diag node 0 source_vehicle=1 routes=5 U=4 complete=True cache_hit=False states=102 added=0
[clean-BPC   363.04s] route-pack-conflict diag node 0 source_vehicle=1 routes=5 U=4 complete=True cache_hit=False states=107 added=0
[clean-BPC   365.18s] route-pack-conflict diag node 0 source_vehicle=1 routes=5 U=4 complete=True cache_hit=False states=99 added=0
[clean-BPC   367.31s] route-pack-conflict diag node 0 source_vehicle=1 routes=5 U=3 complete=True cache_hit=False states=99 added=2
[clean-BPC   367.31s] cut_added family=schedule_route_set_packing node=0 added=2 source=schedule_conflict first(vehicle=1, routes=5, U=3, states=99, cache_hit=False)
[clean-BPC   367.31s] route-pack-conflict diag node 0 source_vehicle=1 routes=5 U=4 complete=True cache_hit=False states=108 added=0
[clean-BPC   369.47s] route-pack-conflict diag node 0 source_vehicle=1 routes=5 U=4 complete=True cache_hit=False states=104 added=0
[clean-BPC   370.14s] route-pack-conflict diag node 0 source_vehicle=1 routes=5 U=4 complete=True cache_hit=False states=128 added=0
[clean-BPC   372.79s] rim-conflict diag node 0 conflicts=12 pair_events=0 pair_cuts=0 schedcap_events=0 schedcap_cuts=0 routepack_events=12 routepack_cuts=2 routepack_cache=0 routepack_states_max=128 routepack_budget_skip=0 nogood_events=0 nogood_cuts=0 weak_skip=11
[clean-BPC    22.66s] restricted-MIP node 0 status=TIME_LIMIT obj=None accepted=False routes=2429 rejected=12 pair=0 ng=22 route_pack=2 sched_cap=0 added_cuts=2 time=22.664752
[clean-BPC   372.79s] node 0 d=0 lb=229.007217 open=0
[clean-BPC   373.15s] node 0 cg=1 phase=phase1 obj=0.0 artificial=0.0 cols=2429
[clean-BPC   373.52s] node 0 cg=2 phase=phase2 obj=229.007217 artificial=0.0 cols=2429
[clean-BPC   378.88s] node 0 cg=2 phase=phase2 kind=heuristic best_rc=-0.0 found=0 added=0 exhausted=False cert=False
[clean-BPC   397.10s] node 0 cg=2 phase=phase2 kind=exact best_rc=-0.0 found=0 added=0 exhausted=True cert=True
[clean-BPC   417.51s] route-pack-conflict diag node 0 source_vehicle=1 routes=5 U=4 complete=True cache_hit=False states=106 added=0
[clean-BPC   418.19s] route-pack-conflict diag node 0 source_vehicle=1 routes=5 U=4 complete=True cache_hit=False states=98 added=0
[clean-BPC   418.87s] route-pack-conflict diag node 0 source_vehicle=1 routes=5 U=4 complete=True cache_hit=False states=100 added=0
[clean-BPC   419.54s] route-pack-conflict diag node 0 source_vehicle=1 routes=5 U=4 complete=True cache_hit=False states=106 added=0
[clean-BPC   420.23s] route-pack-conflict diag node 0 source_vehicle=1 routes=5 U=4 complete=True cache_hit=True states=104 added=0
[clean-BPC   420.89s] route-pack-conflict diag node 0 source_vehicle=1 routes=5 U=4 complete=True cache_hit=False states=95 added=0
[clean-BPC   421.56s] route-pack-conflict diag node 0 source_vehicle=1 routes=5 U=4 complete=True cache_hit=False states=113 added=0
[clean-BPC   423.70s] route-pack-conflict diag node 0 source_vehicle=1 routes=5 U=4 complete=True cache_hit=False states=102 added=0
[clean-BPC   425.84s] route-pack-conflict diag node 0 source_vehicle=1 routes=5 U=4 complete=True cache_hit=False states=108 added=0
[clean-BPC   427.98s] route-pack-conflict diag node 0 source_vehicle=1 routes=5 U=3 complete=True cache_hit=False states=96 added=2
[clean-BPC   427.99s] cut_added family=schedule_route_set_packing node=0 added=2 source=schedule_conflict first(vehicle=1, routes=5, U=3, states=96, cache_hit=False)
[clean-BPC   427.99s] route-pack-conflict diag node 0 source_vehicle=1 routes=5 U=4 complete=True cache_hit=True states=107 added=0
[clean-BPC   430.11s] route-pack-conflict diag node 0 source_vehicle=1 routes=5 U=4 complete=True cache_hit=True states=102 added=0
[clean-BPC   432.26s] rim-conflict diag node 0 conflicts=12 pair_events=0 pair_cuts=0 schedcap_events=0 schedcap_cuts=0 routepack_events=12 routepack_cuts=2 routepack_cache=3 routepack_states_max=113 routepack_budget_skip=0 nogood_events=0 nogood_cuts=0 weak_skip=11
[clean-BPC    20.40s] restricted-MIP node 0 status=TIME_LIMIT obj=None accepted=False routes=2429 rejected=12 pair=0 ng=22 route_pack=2 sched_cap=0 added_cuts=2 time=20.403217
[clean-BPC   432.26s] node 0 d=0 lb=229.007217 open=0
[clean-BPC   432.62s] node 0 cg=1 phase=phase1 obj=0.0 artificial=0.0 cols=2429
[clean-BPC   432.99s] node 0 cg=2 phase=phase2 obj=229.007217 artificial=0.0 cols=2429
[clean-BPC   438.36s] node 0 cg=2 phase=phase2 kind=heuristic best_rc=-0.0 found=0 added=0 exhausted=False cert=False
[clean-BPC   456.76s] node 0 cg=2 phase=phase2 kind=exact best_rc=-0.0 found=0 added=0 exhausted=True cert=True
[clean-BPC   479.38s] route-pack-conflict diag node 0 source_vehicle=1 routes=5 U=4 complete=True cache_hit=True states=98 added=0
[clean-BPC   480.06s] route-pack-conflict diag node 0 source_vehicle=1 routes=5 U=4 complete=True cache_hit=True states=100 added=0
[clean-BPC   480.73s] route-pack-conflict diag node 0 source_vehicle=1 routes=5 U=3 complete=True cache_hit=False states=93 added=2
[clean-BPC   480.73s] cut_added family=schedule_route_set_packing node=0 added=2 source=schedule_conflict first(vehicle=1, routes=5, U=3, states=93, cache_hit=False)
[clean-BPC   480.73s] route-pack-conflict diag node 0 source_vehicle=1 routes=5 U=4 complete=True cache_hit=True states=111 added=0
[clean-BPC   482.84s] route-pack-conflict diag node 0 source_vehicle=1 routes=5 U=4 complete=True cache_hit=False states=116 added=0
[clean-BPC   484.96s] route-pack-conflict diag node 0 source_vehicle=1 routes=5 U=4 complete=True cache_hit=False states=111 added=0
[clean-BPC   487.08s] route-pack-conflict diag node 0 source_vehicle=1 routes=5 U=4 complete=True cache_hit=False states=109 added=0
[clean-BPC   487.74s] route-pack-conflict diag node 0 source_vehicle=1 routes=5 U=4 complete=True cache_hit=True states=104 added=0
[clean-BPC   488.42s] route-pack-conflict diag node 0 source_vehicle=1 routes=5 U=3 complete=True cache_hit=False states=104 added=2
[clean-BPC   488.42s] cut_added family=schedule_route_set_packing node=0 added=2 source=schedule_conflict first(vehicle=1, routes=5, U=3, states=104, cache_hit=False)
[clean-BPC   495.19s] rim-conflict diag node 0 conflicts=14 pair_events=0 pair_cuts=0 schedcap_events=0 schedcap_cuts=0 routepack_events=9 routepack_cuts=4 routepack_cache=4 routepack_states_max=116 routepack_budget_skip=5 nogood_events=0 nogood_cuts=0 weak_skip=12
[clean-BPC    22.62s] restricted-MIP node 0 status=TIME_LIMIT obj=None accepted=False routes=2429 rejected=14 pair=0 ng=24 route_pack=4 sched_cap=0 added_cuts=4 time=22.618345
[clean-BPC   495.19s] node 0 d=0 lb=229.007217 open=0
[clean-BPC   495.56s] node 0 cg=1 phase=phase1 obj=0.0 artificial=0.0 cols=2429
[clean-BPC   495.92s] node 0 cg=2 phase=phase2 obj=229.007217 artificial=0.0 cols=2429
[clean-BPC   501.28s] node 0 cg=2 phase=phase2 kind=heuristic best_rc=-0.0 found=0 added=0 exhausted=False cert=False
[clean-BPC   520.09s] node 0 cg=2 phase=phase2 kind=exact best_rc=-0.0 found=0 added=0 exhausted=True cert=True
[clean-BPC   542.73s] route-pack-conflict diag node 0 source_vehicle=1 routes=5 U=4 complete=True cache_hit=True states=107 added=0
[clean-BPC   544.84s] route-pack-conflict diag node 0 source_vehicle=1 routes=5 U=4 complete=True cache_hit=True states=111 added=0
[clean-BPC   546.92s] route-pack-conflict diag node 0 source_vehicle=1 routes=5 U=4 complete=True cache_hit=True states=111 added=0
[clean-BPC   549.01s] route-pack-conflict diag node 0 source_vehicle=1 routes=5 U=4 complete=True cache_hit=True states=116 added=0
[clean-BPC   551.12s] route-pack-conflict diag node 0 source_vehicle=1 routes=5 U=4 complete=True cache_hit=False states=104 added=0
[clean-BPC   553.24s] route-pack-conflict diag node 0 source_vehicle=1 routes=5 U=3 complete=True cache_hit=False states=101 added=2
[clean-BPC   553.24s] cut_added family=schedule_route_set_packing node=0 added=2 source=schedule_conflict first(vehicle=1, routes=5, U=3, states=101, cache_hit=False)
[clean-BPC   553.24s] route-pack-conflict diag node 0 source_vehicle=1 routes=5 U=4 complete=True cache_hit=True states=108 added=0
[clean-BPC   555.34s] route-pack-conflict diag node 0 source_vehicle=1 routes=5 U=4 complete=True cache_hit=True states=109 added=0
[clean-BPC   556.02s] route-pack-conflict diag node 0 source_vehicle=1 routes=5 U=4 complete=True cache_hit=True states=106 added=0
[clean-BPC   556.69s] route-pack-conflict diag node 0 source_vehicle=1 routes=5 U=4 complete=True cache_hit=True states=104 added=0
[clean-BPC   557.37s] route-pack-conflict diag node 0 source_vehicle=1 routes=5 U=4 complete=True cache_hit=True states=128 added=0
[clean-BPC   560.01s] rim-conflict diag node 0 conflicts=11 pair_events=0 pair_cuts=0 schedcap_events=0 schedcap_cuts=0 routepack_events=11 routepack_cuts=2 routepack_cache=9 routepack_states_max=128 routepack_budget_skip=0 nogood_events=0 nogood_cuts=0 weak_skip=10
[clean-BPC    22.63s] restricted-MIP node 0 status=TIME_LIMIT obj=None accepted=False routes=2429 rejected=11 pair=0 ng=20 route_pack=2 sched_cap=0 added_cuts=2 time=22.632386
[clean-BPC   560.01s] node 0 d=0 lb=229.007217 open=0
[clean-BPC   560.36s] node 0 cg=1 phase=phase1 obj=0.0 artificial=0.0 cols=2429
[clean-BPC   560.73s] node 0 cg=2 phase=phase2 obj=229.007217 artificial=0.0 cols=2429
[clean-BPC   560.73s] cut_purged node=0 removed=4 by_kind={'limited_memory_rank1': 4} remaining=66
[clean-BPC   561.06s] node 0 cg=3 phase=phase2 obj=229.007217 artificial=0.0 cols=2429
[clean-BPC   566.60s] node 0 cg=3 phase=phase2 kind=heuristic best_rc=-0.0 found=0 added=0 exhausted=False cert=False
[clean-BPC   585.20s] node 0 cg=3 phase=phase2 kind=exact best_rc=-0.0 found=0 added=0 exhausted=True cert=True
[clean-BPC   605.47s] route-pack-conflict diag node 0 source_vehicle=1 routes=5 U=4 complete=True cache_hit=True states=99 added=0
[clean-BPC   607.59s] route-pack-conflict diag node 0 source_vehicle=1 routes=5 U=4 complete=True cache_hit=True states=111 added=0
[clean-BPC   609.68s] route-pack-conflict diag node 0 source_vehicle=1 routes=5 U=4 complete=True cache_hit=True states=107 added=0
[clean-BPC   611.79s] route-pack-conflict diag node 0 source_vehicle=1 routes=5 U=4 complete=True cache_hit=True states=102 added=0
[clean-BPC   613.90s] route-pack-conflict diag node 0 source_vehicle=1 routes=5 U=4 complete=True cache_hit=False states=92 added=0
[clean-BPC   614.57s] route-pack-conflict diag node 0 source_vehicle=1 routes=5 U=4 complete=True cache_hit=True states=100 added=0
[clean-BPC   615.23s] route-pack-conflict diag node 0 source_vehicle=1 routes=5 U=4 complete=True cache_hit=True states=111 added=0
[clean-BPC   617.35s] route-pack-conflict diag node 0 source_vehicle=1 routes=5 U=4 complete=True cache_hit=False states=97 added=0
[clean-BPC   618.80s] route-pack-conflict diag node 0 source_vehicle=1 routes=5 U=4 complete=True cache_hit=False states=108 added=0
[clean-BPC   620.91s] route-pack-conflict diag node 0 source_vehicle=1 routes=5 U=4 complete=True cache_hit=True states=104 added=0
[clean-BPC   621.58s] rim-conflict diag node 0 conflicts=10 pair_events=0 pair_cuts=0 schedcap_events=0 schedcap_cuts=0 routepack_events=10 routepack_cuts=0 routepack_cache=7 routepack_states_max=111 routepack_budget_skip=0 nogood_events=0 nogood_cuts=0 weak_skip=10
[clean-BPC    20.28s] restricted-MIP node 0 status=TIME_LIMIT obj=None accepted=False routes=2429 rejected=10 pair=0 ng=20 route_pack=0 sched_cap=0 added_cuts=0 time=20.275762
[clean-BPC   628.05s] branch node 0: left=task_vehicle(18,2)=off right=task_vehicle(18,2)=on
[clean-BPC   628.05s] node 1 d=1 lb=229.007217 open=1
[clean-BPC   628.32s] node 1 cg=1 phase=phase1 obj=0.0 artificial=0.0 cols=2429
[clean-BPC   628.60s] node 1 cg=2 phase=phase2 obj=229.007217 artificial=0.0 cols=2429
[clean-BPC   633.39s] node 1 cg=2 phase=phase2 kind=heuristic best_rc=0.0 found=0 added=0 exhausted=False cert=False
[clean-BPC   645.71s] node 1 cg=2 phase=phase2 kind=heuristic_boost best_rc=-3.176841 found=226 added=226 exhausted=True cert=True
[clean-BPC   646.02s] node 1 cg=3 phase=phase2 obj=229.007217 artificial=0.0 cols=2655
[clean-BPC   651.21s] node 1 cg=3 phase=phase2 kind=heuristic best_rc=-0.0 found=0 added=0 exhausted=False cert=False
[clean-BPC   665.14s] node 1 cg=3 phase=phase2 kind=heuristic_boost best_rc=-2.1165315 found=89 added=89 exhausted=True cert=True
[clean-BPC   665.47s] node 1 cg=4 phase=phase2 obj=229.007217 artificial=0.0 cols=2744
[clean-BPC   670.96s] node 1 cg=4 phase=phase2 kind=heuristic best_rc=-0.0 found=0 added=0 exhausted=False cert=False
[clean-BPC   684.50s] node 1 cg=4 phase=phase2 kind=heuristic_boost best_rc=-0.0 found=0 added=0 exhausted=True cert=True
[clean-BPC   684.53s] route-pack diag node 1 round=1 vehicles=1/2 support_max=10 cand=23 oracle=23 incomplete=0 not_tight=5 not_viol=14 dup=0 violated=4 added=4 max_viol=0.6666666666666661 states_max=2245
[clean-BPC   684.53s] cut_added family=schedule_route_set_packing node=1 added=4 first(vehicle=1, routes=10, U=4, y=1.0, viol=0.666666667, states=2245)
[clean-BPC   684.86s] node 1 cg=5 phase=phase2 obj=229.007217 artificial=0.0 cols=2744
[clean-BPC   684.86s] cut_purged node=1 removed=3 by_kind={'subset_row': 2, 'limited_memory_rank1': 1} remaining=67
[clean-BPC   685.18s] node 1 cg=6 phase=phase2 obj=229.007217 artificial=0.0 cols=2744
[clean-BPC   690.75s] node 1 cg=6 phase=phase2 kind=heuristic best_rc=-0.0 found=0 added=0 exhausted=False cert=False
[clean-BPC   704.34s] node 1 cg=6 phase=phase2 kind=heuristic_boost best_rc=-0.0 found=0 added=0 exhausted=True cert=True
[clean-BPC   704.38s] route-pack diag node 1 round=2 vehicles=1/2 support_max=11 cand=27 oracle=27 incomplete=0 not_tight=4 not_viol=20 dup=0 violated=3 added=3 max_viol=0.666666666666667 states_max=3568
[clean-BPC   704.38s] cut_added family=schedule_route_set_packing node=1 added=3 first(vehicle=1, routes=11, U=4, y=1.0, viol=0.666666667, states=3568)
[clean-BPC   704.69s] node 1 cg=7 phase=phase2 obj=229.007217 artificial=0.0 cols=2744
[clean-BPC   710.30s] node 1 cg=7 phase=phase2 kind=heuristic best_rc=-0.0 found=0 added=0 exhausted=False cert=False
[clean-BPC   723.88s] node 1 cg=7 phase=phase2 kind=heuristic_boost best_rc=-0.0 found=0 added=0 exhausted=True cert=True
[clean-BPC   746.00s] route-pack-conflict diag node 1 source_vehicle=1 routes=5 U=4 complete=True cache_hit=False states=115 added=0
[clean-BPC   746.32s] route-pack-conflict diag node 1 source_vehicle=1 routes=5 U=4 complete=True cache_hit=False states=105 added=0
[clean-BPC   746.84s] route-pack-conflict diag node 1 source_vehicle=1 routes=5 U=4 complete=True cache_hit=False states=113 added=0
[clean-BPC   748.05s] route-pack-conflict diag node 1 source_vehicle=1 routes=5 U=4 complete=True cache_hit=False states=119 added=0
[clean-BPC   749.24s] route-pack-conflict diag node 1 source_vehicle=1 routes=5 U=4 complete=True cache_hit=False states=113 added=0
[clean-BPC   750.43s] route-pack-conflict diag node 1 source_vehicle=1 routes=5 U=3 complete=True cache_hit=False states=112 added=2
[clean-BPC   750.43s] cut_added family=schedule_route_set_packing node=1 added=2 source=schedule_conflict first(vehicle=1, routes=5, U=3, states=112, cache_hit=False)
[clean-BPC   750.43s] route-pack-conflict diag node 1 source_vehicle=1 routes=5 U=3 complete=True cache_hit=False states=95 added=2
[clean-BPC   750.43s] cut_added family=schedule_route_set_packing node=1 added=2 source=schedule_conflict first(vehicle=1, routes=5, U=3, states=95, cache_hit=False)
[clean-BPC   761.83s] rim-conflict diag node 1 conflicts=16 pair_events=0 pair_cuts=0 schedcap_events=0 schedcap_cuts=0 routepack_events=7 routepack_cuts=4 routepack_cache=0 routepack_states_max=119 routepack_budget_skip=9 nogood_events=0 nogood_cuts=0 weak_skip=14
[clean-BPC    22.12s] restricted-MIP node 1 status=TIME_LIMIT obj=None accepted=False routes=2744 rejected=16 pair=0 ng=28 route_pack=4 sched_cap=0 added_cuts=4 time=22.121107
[clean-BPC   761.83s] node 2 d=1 lb=229.007217 open=1
[clean-BPC   762.14s] node 2 cg=1 phase=phase1 obj=0.0 artificial=0.0 cols=2744
[clean-BPC   762.47s] node 2 cg=2 phase=phase2 obj=329.007217 artificial=0.0 cols=2744
[clean-BPC   766.99s] node 2 cg=2 phase=phase2 kind=heuristic best_rc=0.0 found=0 added=0 exhausted=False cert=False
[clean-BPC   780.79s] node 2 cg=2 phase=phase2 kind=heuristic_boost best_rc=0.0 found=0 added=0 exhausted=True cert=True
[clean-BPC   780.79s] route-pack diag node 2 round=1 vehicles=2/2 support_max=7 cand=15 oracle=15 incomplete=0 not_tight=9 not_viol=5 dup=0 violated=1 added=1 max_viol=0.3333333333333326 states_max=419
[clean-BPC   780.79s] cut_added family=schedule_route_set_packing node=2 added=1 first(vehicle=2, routes=6, U=3, y=1.0, viol=0.333333333, states=195)
[clean-BPC   781.12s] node 2 cg=3 phase=phase2 obj=329.007217 artificial=0.0 cols=2744
[clean-BPC   785.67s] node 2 cg=3 phase=phase2 kind=heuristic best_rc=-0.0 found=0 added=0 exhausted=False cert=False
[clean-BPC   799.73s] node 2 cg=3 phase=phase2 kind=heuristic_boost best_rc=-0.0 found=0 added=0 exhausted=True cert=True
[clean-BPC   799.73s] route-pack diag node 2 round=2 vehicles=2/2 support_max=6 cand=18 oracle=18 incomplete=0 not_tight=11 not_viol=7 dup=0 violated=0 added=0 max_viol=0.0 states_max=232
[clean-BPC   799.73s] fathom node 2: reason=bound bound=329.007217
[clean-BPC   799.73s] node 1 d=1 lb=229.007217 open=0
[clean-BPC   800.06s] node 1 cg=1 phase=phase1 obj=0.0 artificial=0.0 cols=2744
[clean-BPC   800.38s] node 1 cg=2 phase=phase2 obj=229.007217 artificial=0.0 cols=2744
[clean-BPC   805.80s] node 1 cg=2 phase=phase2 kind=heuristic best_rc=-0.337547 found=2 added=2 exhausted=False cert=False
[clean-BPC   806.12s] node 1 cg=3 phase=phase2 obj=229.007217 artificial=0.0 cols=2746
[clean-BPC   811.60s] node 1 cg=3 phase=phase2 kind=heuristic best_rc=-0.0 found=0 added=0 exhausted=False cert=False
[clean-BPC   825.22s] node 1 cg=3 phase=phase2 kind=heuristic_boost best_rc=-0.5230258 found=3 added=3 exhausted=True cert=True
[clean-BPC   825.53s] node 1 cg=4 phase=phase2 obj=229.007217 artificial=0.0 cols=2749
[clean-BPC   831.04s] node 1 cg=4 phase=phase2 kind=heuristic best_rc=-0.022945 found=2 added=2 exhausted=False cert=False
[clean-BPC   831.36s] node 1 cg=5 phase=phase2 obj=229.007217 artificial=0.0 cols=2751
[clean-BPC   836.88s] node 1 cg=5 phase=phase2 kind=heuristic best_rc=0.0 found=0 added=0 exhausted=False cert=False
[clean-BPC   851.74s] node 1 cg=5 phase=phase2 kind=heuristic_boost best_rc=0.0 found=0 added=0 exhausted=True cert=True
[clean-BPC   872.20s] route-pack-conflict diag node 1 source_vehicle=1 routes=5 U=4 complete=True cache_hit=False states=121 added=0
[clean-BPC   873.45s] route-pack-conflict diag node 1 source_vehicle=1 routes=5 U=4 complete=True cache_hit=True states=113 added=0
[clean-BPC   874.68s] route-pack-conflict diag node 1 source_vehicle=1 routes=5 U=4 complete=True cache_hit=False states=112 added=0
[clean-BPC   875.89s] route-pack-conflict diag node 1 source_vehicle=1 routes=5 U=4 complete=True cache_hit=False states=120 added=0
[clean-BPC   877.09s] route-pack-conflict diag node 1 source_vehicle=1 routes=5 U=4 complete=True cache_hit=True states=105 added=0
[clean-BPC   877.61s] route-pack-conflict diag node 1 source_vehicle=1 routes=5 U=4 complete=True cache_hit=False states=115 added=0
[clean-BPC   878.80s] route-pack-conflict diag node 1 source_vehicle=1 routes=5 U=4 complete=True cache_hit=True states=115 added=0
[clean-BPC   879.13s] route-pack-conflict diag node 1 source_vehicle=1 routes=5 U=3 complete=True cache_hit=False states=100 added=2
[clean-BPC   879.13s] cut_added family=schedule_route_set_packing node=1 added=2 source=schedule_conflict first(vehicle=1, routes=5, U=3, states=100, cache_hit=False)
[clean-BPC   879.13s] route-pack-conflict diag node 1 source_vehicle=1 routes=5 U=4 complete=True cache_hit=False states=114 added=0
[clean-BPC   879.66s] route-pack-conflict diag node 1 source_vehicle=1 routes=5 U=4 complete=True cache_hit=False states=97 added=0
[clean-BPC   879.98s] route-pack-conflict diag node 1 source_vehicle=1 routes=5 U=4 complete=True cache_hit=False states=107 added=0
[clean-BPC   882.11s] route-pack-conflict diag node 1 source_vehicle=1 routes=5 U=4 complete=True cache_hit=False states=108 added=0
[clean-BPC   884.26s] route-pack-conflict diag node 1 source_vehicle=1 routes=5 U=4 complete=True cache_hit=True states=116 added=0
[clean-BPC   886.37s] route-pack-conflict diag node 1 source_vehicle=1 routes=5 U=4 complete=True cache_hit=False states=98 added=0
[clean-BPC   886.81s] rim-conflict diag node 1 conflicts=14 pair_events=0 pair_cuts=0 schedcap_events=0 schedcap_cuts=0 routepack_events=14 routepack_cuts=2 routepack_cache=4 routepack_states_max=121 routepack_budget_skip=0 nogood_events=0 nogood_cuts=0 weak_skip=13
[clean-BPC    20.46s] restricted-MIP node 1 status=TIME_LIMIT obj=None accepted=False routes=2751 rejected=14 pair=0 ng=26 route_pack=2 sched_cap=0 added_cuts=2 time=20.455736
[clean-BPC   886.81s] node 1 d=1 lb=229.007217 open=0
[clean-BPC   887.12s] node 1 cg=1 phase=phase1 obj=0.0 artificial=0.0 cols=2751
[clean-BPC   887.43s] node 1 cg=2 phase=phase2 obj=229.007217 artificial=0.0 cols=2751
[clean-BPC   892.96s] node 1 cg=2 phase=phase2 kind=heuristic best_rc=0.0 found=0 added=0 exhausted=False cert=False
[clean-BPC   907.65s] node 1 cg=2 phase=phase2 kind=heuristic_boost best_rc=0.0 found=0 added=0 exhausted=True cert=True
[clean-BPC   927.66s] route-pack-conflict diag node 1 source_vehicle=1 routes=5 U=4 complete=True cache_hit=True states=113 added=0
[clean-BPC   928.88s] route-pack-conflict diag node 1 source_vehicle=1 routes=5 U=4 complete=True cache_hit=True states=115 added=0
[clean-BPC   930.07s] route-pack-conflict diag node 1 source_vehicle=1 routes=5 U=4 complete=True cache_hit=False states=116 added=0
[clean-BPC   931.25s] route-pack-conflict diag node 1 source_vehicle=1 routes=5 U=4 complete=True cache_hit=True states=120 added=0
[clean-BPC   932.44s] route-pack-conflict diag node 1 source_vehicle=1 routes=5 U=4 complete=True cache_hit=True states=114 added=0
[clean-BPC   932.95s] route-pack-conflict diag node 1 source_vehicle=1 routes=5 U=4 complete=True cache_hit=False states=113 added=0
[clean-BPC   933.46s] route-pack-conflict diag node 1 source_vehicle=1 routes=5 U=3 complete=True cache_hit=False states=103 added=2
[clean-BPC   933.46s] cut_added family=schedule_route_set_packing node=1 added=2 source=schedule_conflict first(vehicle=1, routes=5, U=3, states=103, cache_hit=False)
[clean-BPC   933.46s] route-pack-conflict diag node 1 source_vehicle=1 routes=5 U=4 complete=True cache_hit=True states=115 added=0
[clean-BPC   933.79s] route-pack-conflict diag node 1 source_vehicle=1 routes=5 U=4 complete=True cache_hit=True states=112 added=0
[clean-BPC   935.00s] route-pack-conflict diag node 1 source_vehicle=1 routes=5 U=4 complete=True cache_hit=True states=97 added=0
[clean-BPC   935.31s] route-pack-conflict diag node 1 source_vehicle=1 routes=5 U=4 complete=True cache_hit=True states=102 added=0
[clean-BPC   937.44s] route-pack-conflict diag node 1 source_vehicle=1 routes=5 U=4 complete=True cache_hit=True states=113 added=0
[clean-BPC   939.55s] route-pack-conflict diag node 1 source_vehicle=1 routes=5 U=4 complete=True cache_hit=True states=108 added=0
[clean-BPC   941.65s] route-pack-conflict diag node 1 source_vehicle=1 routes=5 U=3 complete=True cache_hit=False states=116 added=2
[clean-BPC   941.65s] cut_added family=schedule_route_set_packing node=1 added=2 source=schedule_conflict first(vehicle=1, routes=5, U=3, states=116, cache_hit=False)
[clean-BPC   941.65s] rim-conflict diag node 1 conflicts=14 pair_events=0 pair_cuts=0 schedcap_events=0 schedcap_cuts=0 routepack_events=14 routepack_cuts=4 routepack_cache=10 routepack_states_max=120 routepack_budget_skip=0 nogood_events=0 nogood_cuts=0 weak_skip=12
[clean-BPC    20.01s] restricted-MIP node 1 status=TIME_LIMIT obj=None accepted=False routes=2751 rejected=14 pair=0 ng=24 route_pack=4 sched_cap=0 added_cuts=4 time=20.014286
[clean-BPC   941.65s] node 1 d=1 lb=229.007217 open=0
[clean-BPC   941.96s] node 1 cg=1 phase=phase1 obj=0.0 artificial=0.0 cols=2751
[clean-BPC   942.28s] node 1 cg=2 phase=phase2 obj=229.007217 artificial=0.0 cols=2751
[clean-BPC   947.71s] node 1 cg=2 phase=phase2 kind=heuristic best_rc=0.0 found=0 added=0 exhausted=False cert=False
[clean-BPC   962.28s] node 1 cg=2 phase=phase2 kind=heuristic_boost best_rc=0.0 found=0 added=0 exhausted=True cert=True
[clean-BPC   983.16s] route-pack-conflict diag node 1 source_vehicle=1 routes=5 U=4 complete=True cache_hit=True states=116 added=0
[clean-BPC   984.36s] route-pack-conflict diag node 1 source_vehicle=1 routes=5 U=4 complete=True cache_hit=True states=113 added=0
[clean-BPC   985.58s] route-pack-conflict diag node 1 source_vehicle=1 routes=5 U=4 complete=True cache_hit=True states=112 added=0
[clean-BPC   986.80s] route-pack-conflict diag node 1 source_vehicle=1 routes=5 U=4 complete=True cache_hit=True states=120 added=0
[clean-BPC   988.01s] route-pack-conflict diag node 1 source_vehicle=1 routes=5 U=4 complete=True cache_hit=True states=115 added=0
[clean-BPC   988.33s] route-pack-conflict diag node 1 source_vehicle=1 routes=5 U=4 complete=True cache_hit=True states=115 added=0
[clean-BPC   989.54s] route-pack-conflict diag node 1 source_vehicle=1 routes=5 U=4 complete=True cache_hit=True states=114 added=0
[clean-BPC   990.05s] route-pack-conflict diag node 1 source_vehicle=1 routes=5 U=3 complete=True cache_hit=False states=95 added=2
[clean-BPC   990.05s] cut_added family=schedule_route_set_packing node=1 added=2 source=schedule_conflict first(vehicle=1, routes=5, U=3, states=95, cache_hit=False)
[clean-BPC   990.05s] route-pack-conflict diag node 1 source_vehicle=1 routes=5 U=4 complete=True cache_hit=True states=97 added=0
[clean-BPC   990.37s] route-pack-conflict diag node 1 source_vehicle=1 routes=5 U=4 complete=True cache_hit=True states=113 added=0
[clean-BPC   990.89s] route-pack-conflict diag node 1 source_vehicle=1 routes=5 U=4 complete=True cache_hit=True states=107 added=0
[clean-BPC   993.01s] route-pack-conflict diag node 1 source_vehicle=1 routes=5 U=4 complete=True cache_hit=True states=108 added=0
[clean-BPC   995.15s] route-pack-conflict diag node 1 source_vehicle=1 routes=5 U=4 complete=True cache_hit=True states=106 added=0
[clean-BPC   995.83s] route-pack-conflict diag node 1 source_vehicle=1 routes=5 U=4 complete=True cache_hit=True states=111 added=0
[clean-BPC   997.96s] rim-conflict diag node 1 conflicts=14 pair_events=0 pair_cuts=0 schedcap_events=0 schedcap_cuts=0 routepack_events=14 routepack_cuts=2 routepack_cache=13 routepack_states_max=120 routepack_budget_skip=0 nogood_events=0 nogood_cuts=0 weak_skip=13
[clean-BPC    20.87s] restricted-MIP node 1 status=TIME_LIMIT obj=None accepted=False routes=2751 rejected=14 pair=0 ng=26 route_pack=2 sched_cap=0 added_cuts=2 time=20.87177
[clean-BPC   997.96s] node 1 d=1 lb=229.007217 open=0
[clean-BPC   998.27s] node 1 cg=1 phase=phase1 obj=0.0 artificial=0.0 cols=2751
[clean-BPC   998.60s] node 1 cg=2 phase=phase2 obj=229.007217 artificial=0.0 cols=2751
[clean-BPC  1004.16s] node 1 cg=2 phase=phase2 kind=heuristic best_rc=0.0 found=0 added=0 exhausted=False cert=False
[clean-BPC  1018.86s] node 1 cg=2 phase=phase2 kind=heuristic_boost best_rc=0.0 found=0 added=0 exhausted=True cert=True
[clean-BPC  1040.49s] route-pack-conflict diag node 1 source_vehicle=1 routes=5 U=4 complete=True cache_hit=True states=116 added=0
[clean-BPC  1041.68s] route-pack-conflict diag node 1 source_vehicle=1 routes=5 U=4 complete=True cache_hit=True states=113 added=0
[clean-BPC  1042.86s] route-pack-conflict diag node 1 source_vehicle=1 routes=5 U=4 complete=True cache_hit=True states=120 added=0
[clean-BPC  1044.04s] route-pack-conflict diag node 1 source_vehicle=1 routes=5 U=4 complete=True cache_hit=True states=112 added=0
[clean-BPC  1045.23s] route-pack-conflict diag node 1 source_vehicle=1 routes=5 U=4 complete=True cache_hit=True states=115 added=0
[clean-BPC  1046.42s] route-pack-conflict diag node 1 source_vehicle=1 routes=5 U=4 complete=True cache_hit=True states=115 added=0
[clean-BPC  1046.73s] route-pack-conflict diag node 1 source_vehicle=1 routes=5 U=4 complete=True cache_hit=True states=113 added=0
[clean-BPC  1047.24s] route-pack-conflict diag node 1 source_vehicle=1 routes=5 U=4 complete=True cache_hit=True states=97 added=0
[clean-BPC  1047.55s] route-pack-conflict diag node 1 source_vehicle=1 routes=5 U=4 complete=True cache_hit=True states=114 added=0
[clean-BPC  1048.06s] route-pack-conflict diag node 1 source_vehicle=1 routes=5 U=4 complete=True cache_hit=True states=100 added=0
[clean-BPC  1048.75s] route-pack-conflict diag node 1 source_vehicle=1 routes=5 U=4 complete=True cache_hit=False states=111 added=0
[clean-BPC  1050.86s] route-pack-conflict diag node 1 source_vehicle=1 routes=5 U=4 complete=True cache_hit=False states=101 added=0
[clean-BPC  1051.54s] route-pack-conflict diag node 1 source_vehicle=1 routes=5 U=4 complete=True cache_hit=True states=107 added=0
[clean-BPC  1053.67s] route-pack-conflict diag node 1 source_vehicle=1 routes=5 U=4 complete=True cache_hit=True states=111 added=0
[clean-BPC  1055.77s] rim-conflict diag node 1 conflicts=14 pair_events=0 pair_cuts=0 schedcap_events=0 schedcap_cuts=0 routepack_events=14 routepack_cuts=0 routepack_cache=12 routepack_states_max=120 routepack_budget_skip=0 nogood_events=0 nogood_cuts=0 weak_skip=14
[clean-BPC    21.63s] restricted-MIP node 1 status=TIME_LIMIT obj=None accepted=False routes=2751 rejected=14 pair=0 ng=28 route_pack=0 sched_cap=0 added_cuts=0 time=21.625724
[clean-BPC  1061.90s] branch node 1: left=arc(3,6)=off right=arc(3,6)=on
[clean-BPC  1061.90s] node 3 d=2 lb=229.007217 open=1
[clean-BPC  1062.20s] node 3 cg=1 phase=phase1 obj=0.0 artificial=0.0 cols=2751
[clean-BPC  1062.52s] node 3 cg=2 phase=phase2 obj=229.007217 artificial=0.0 cols=2751
[clean-BPC  1067.79s] node 3 cg=2 phase=phase2 kind=heuristic best_rc=0.0 found=0 added=0 exhausted=False cert=False
[clean-BPC  1080.61s] node 3 cg=2 phase=phase2 kind=heuristic_boost best_rc=0.0 found=0 added=0 exhausted=True cert=True
[clean-BPC  1080.63s] route-pack diag node 3 round=1 vehicles=1/2 support_max=10 cand=19 oracle=19 incomplete=0 not_tight=4 not_viol=13 dup=0 violated=2 added=2 max_viol=0.6666666666666661 states_max=1938
[clean-BPC  1080.63s] cut_added family=schedule_route_set_packing node=3 added=2 first(vehicle=1, routes=10, U=4, y=1.0, viol=0.666666667, states=1938)
[clean-BPC  1080.93s] node 3 cg=3 phase=phase2 obj=229.007217 artificial=0.0 cols=2751
[clean-BPC  1086.20s] node 3 cg=3 phase=phase2 kind=heuristic best_rc=0.0 found=0 added=0 exhausted=False cert=False
[clean-BPC  1099.14s] node 3 cg=3 phase=phase2 kind=heuristic_boost best_rc=0.0 found=0 added=0 exhausted=True cert=True
[clean-BPC  1099.17s] route-pack diag node 3 round=2 vehicles=1/2 support_max=10 cand=21 oracle=21 incomplete=0 not_tight=4 not_viol=13 dup=0 violated=4 added=4 max_viol=0.666666666666667 states_max=2184
[clean-BPC  1099.17s] cut_added family=schedule_route_set_packing node=3 added=4 first(vehicle=1, routes=10, U=4, y=1.0, viol=0.666666667, states=2184)
[clean-BPC  1099.47s] node 3 cg=4 phase=phase2 obj=229.007217 artificial=0.0 cols=2751
[clean-BPC  1104.86s] node 3 cg=4 phase=phase2 kind=heuristic best_rc=0.0 found=0 added=0 exhausted=False cert=False
[clean-BPC  1117.82s] node 3 cg=4 phase=phase2 kind=heuristic_boost best_rc=0.0 found=0 added=0 exhausted=True cert=True
[clean-BPC  1138.48s] route-pack-conflict diag node 3 source_vehicle=1 routes=5 U=4 complete=True cache_hit=True states=120 added=0
[clean-BPC  1139.66s] route-pack-conflict diag node 3 source_vehicle=1 routes=5 U=4 complete=True cache_hit=True states=113 added=0
[clean-BPC  1140.81s] route-pack-conflict diag node 3 source_vehicle=1 routes=5 U=4 complete=True cache_hit=True states=114 added=0
[clean-BPC  1141.31s] route-pack-conflict diag node 3 source_vehicle=1 routes=5 U=4 complete=True cache_hit=True states=113 added=0
[clean-BPC  1141.83s] route-pack-conflict diag node 3 source_vehicle=1 routes=5 U=4 complete=True cache_hit=True states=116 added=0
[clean-BPC  1142.99s] route-pack-conflict diag node 3 source_vehicle=1 routes=5 U=4 complete=True cache_hit=True states=115 added=0
[clean-BPC  1144.17s] route-pack-conflict diag node 3 source_vehicle=1 routes=5 U=4 complete=True cache_hit=True states=115 added=0
[clean-BPC  1144.48s] route-pack-conflict diag node 3 source_vehicle=1 routes=5 U=4 complete=True cache_hit=True states=97 added=0
[clean-BPC  1144.79s] route-pack-conflict diag node 3 source_vehicle=1 routes=5 U=4 complete=True cache_hit=True states=112 added=0
[clean-BPC  1145.97s] route-pack-conflict diag node 3 source_vehicle=1 routes=5 U=4 complete=True cache_hit=True states=92 added=0
[clean-BPC  1146.63s] route-pack-conflict diag node 3 source_vehicle=1 routes=5 U=4 complete=True cache_hit=True states=104 added=0
[clean-BPC  1147.29s] route-pack-conflict diag node 3 source_vehicle=1 routes=5 U=4 complete=True cache_hit=True states=111 added=0
[clean-BPC  1149.37s] route-pack-conflict diag node 3 source_vehicle=1 routes=5 U=4 complete=True cache_hit=True states=102 added=0
[clean-BPC  1151.45s] route-pack-conflict diag node 3 source_vehicle=1 routes=5 U=4 complete=True cache_hit=True states=100 added=0
[clean-BPC  1152.11s] route-pack-conflict diag node 3 source_vehicle=1 routes=5 U=4 complete=True cache_hit=True states=98 added=0
[clean-BPC  1152.76s] rim-conflict diag node 3 conflicts=15 pair_events=0 pair_cuts=0 schedcap_events=0 schedcap_cuts=0 routepack_events=15 routepack_cuts=0 routepack_cache=15 routepack_states_max=120 routepack_budget_skip=0 nogood_events=0 nogood_cuts=0 weak_skip=15
[clean-BPC    20.65s] restricted-MIP node 3 status=TIME_LIMIT obj=None accepted=False routes=2751 rejected=15 pair=0 ng=30 route_pack=0 sched_cap=0 added_cuts=0 time=20.651247
[clean-BPC  1161.28s] branch node 3: left=RF(3,20)=separate right=RF(3,20)=same
[clean-BPC  1161.28s] node 4 d=2 lb=229.007217 open=2
[clean-BPC  1161.59s] node 4 cg=1 phase=phase1 obj=0.0 artificial=0.0 cols=2751
[clean-BPC  1161.93s] node 4 cg=2 phase=phase2 obj=230.452305 artificial=0.0 cols=2751
[clean-BPC  1165.82s] node 4 cg=2 phase=phase2 kind=heuristic best_rc=-0.541523 found=7 added=7 exhausted=False cert=False
[clean-BPC  1166.16s] node 4 cg=3 phase=phase2 obj=230.452305 artificial=0.0 cols=2758
[clean-BPC  1169.87s] node 4 cg=3 phase=phase2 kind=heuristic best_rc=-0.261559667 found=1 added=1 exhausted=False cert=False
[clean-BPC  1170.22s] node 4 cg=4 phase=phase2 obj=230.452305 artificial=0.0 cols=2759
[clean-BPC  1174.44s] node 4 cg=4 phase=phase2 kind=heuristic best_rc=-0.283239 found=1 added=1 exhausted=False cert=False
[clean-BPC  1174.78s] node 4 cg=5 phase=phase2 obj=230.452305 artificial=0.0 cols=2760
[clean-BPC  1178.80s] node 4 cg=5 phase=phase2 kind=heuristic best_rc=0.0 found=0 added=0 exhausted=False cert=False
[clean-BPC  1187.99s] node 4 cg=5 phase=phase2 kind=heuristic_boost best_rc=-2.890323 found=78 added=78 exhausted=True cert=True
[clean-BPC  1188.36s] node 4 cg=6 phase=phase2 obj=230.452305 artificial=0.0 cols=2838
[clean-BPC  1192.51s] node 4 cg=6 phase=phase2 kind=heuristic best_rc=-0.2840315 found=1 added=1 exhausted=False cert=False
[clean-BPC  1192.90s] node 4 cg=7 phase=phase2 obj=230.452305 artificial=0.0 cols=2839
[clean-BPC  1197.09s] node 4 cg=7 phase=phase2 kind=heuristic best_rc=0.0 found=0 added=0 exhausted=False cert=False
[clean-BPC  1206.69s] node 4 cg=7 phase=phase2 kind=heuristic_boost best_rc=0.0 found=0 added=0 exhausted=True cert=True
[clean-BPC  1206.72s] route-pack diag node 4 round=1 vehicles=1/2 support_max=10 cand=21 oracle=21 incomplete=0 not_tight=5 not_viol=13 dup=0 violated=3 added=3 max_viol=0.666666666666667 states_max=2533
[clean-BPC  1206.72s] cut_added family=schedule_route_set_packing node=4 added=3 first(vehicle=1, routes=10, U=4, y=1.0, viol=0.666666667, states=2533)
[clean-BPC  1207.11s] node 4 cg=8 phase=phase2 obj=230.452305 artificial=0.0 cols=2839
[clean-BPC  1211.33s] node 4 cg=8 phase=phase2 kind=heuristic best_rc=0.0 found=0 added=0 exhausted=False cert=False
[clean-BPC  1221.00s] node 4 cg=8 phase=phase2 kind=heuristic_boost best_rc=0.0 found=0 added=0 exhausted=True cert=True
[clean-BPC  1221.03s] route-pack diag node 4 round=2 vehicles=1/2 support_max=10 cand=21 oracle=21 incomplete=0 not_tight=4 not_viol=14 dup=0 violated=3 added=3 max_viol=0.6666666666666661 states_max=1974
[clean-BPC  1221.03s] cut_added family=schedule_route_set_packing node=4 added=3 first(vehicle=1, routes=10, U=4, y=1.0, viol=0.666666667, states=1974)
[clean-BPC  1221.40s] node 4 cg=9 phase=phase2 obj=230.452305 artificial=0.0 cols=2839
[clean-BPC  1225.48s] node 4 cg=9 phase=phase2 kind=heuristic best_rc=0.0 found=0 added=0 exhausted=False cert=False
[clean-BPC  1234.92s] node 4 cg=9 phase=phase2 kind=heuristic_boost best_rc=0.0 found=0 added=0 exhausted=True cert=True
[clean-BPC  1255.28s] route-pack-conflict diag node 4 source_vehicle=1 routes=5 U=3 complete=True cache_hit=False states=104 added=2
[clean-BPC  1255.28s] cut_added family=schedule_route_set_packing node=4 added=2 source=schedule_conflict first(vehicle=1, routes=5, U=3, states=104, cache_hit=False)
[clean-BPC  1255.29s] route-pack-conflict diag node 4 source_vehicle=1 routes=5 U=3 complete=True cache_hit=False states=98 added=2
[clean-BPC  1255.29s] cut_added family=schedule_route_set_packing node=4 added=2 source=schedule_conflict first(vehicle=1, routes=5, U=3, states=98, cache_hit=False)
[clean-BPC  1268.60s] rim-conflict diag node 4 conflicts=18 pair_events=0 pair_cuts=0 schedcap_events=0 schedcap_cuts=0 routepack_events=2 routepack_cuts=4 routepack_cache=0 routepack_states_max=104 routepack_budget_skip=16 nogood_events=0 nogood_cuts=0 weak_skip=16
[clean-BPC    20.35s] restricted-MIP node 4 status=TIME_LIMIT obj=None accepted=False routes=2839 rejected=18 pair=0 ng=26 route_pack=10 sched_cap=0 added_cuts=4 time=20.354751
[clean-BPC  1268.60s] node 5 d=3 lb=229.007217 open=2
[clean-BPC  1268.89s] node 5 cg=1 phase=phase1 obj=0.0 artificial=0.0 cols=2839
[clean-BPC  1269.20s] node 5 cg=2 phase=phase2 obj=229.28461 artificial=0.0 cols=2839
[clean-BPC  1273.78s] node 5 cg=2 phase=phase2 kind=heuristic best_rc=-0.0 found=0 added=0 exhausted=False cert=False
[clean-BPC  1283.25s] node 5 cg=2 phase=phase2 kind=heuristic_boost best_rc=-0.288305667 found=5 added=5 exhausted=True cert=True
[clean-BPC  1283.57s] node 5 cg=3 phase=phase2 obj=229.28461 artificial=0.0 cols=2844
[clean-BPC  1288.29s] node 5 cg=3 phase=phase2 kind=heuristic best_rc=-0.250216 found=4 added=4 exhausted=False cert=False
[clean-BPC  1288.61s] node 5 cg=4 phase=phase2 obj=229.28461 artificial=0.0 cols=2848
[clean-BPC  1293.49s] node 5 cg=4 phase=phase2 kind=heuristic best_rc=-0.2279935 found=6 added=6 exhausted=False cert=False
[clean-BPC  1293.81s] node 5 cg=5 phase=phase2 obj=229.28461 artificial=0.0 cols=2854
[clean-BPC  1298.55s] node 5 cg=5 phase=phase2 kind=heuristic best_rc=0.0 found=0 added=0 exhausted=False cert=False
[clean-BPC  1308.32s] node 5 cg=5 phase=phase2 kind=heuristic_boost best_rc=-0.272003 found=4 added=4 exhausted=True cert=True
[clean-BPC  1308.64s] node 5 cg=6 phase=phase2 obj=229.28461 artificial=0.0 cols=2858
[clean-BPC  1313.44s] node 5 cg=6 phase=phase2 kind=heuristic best_rc=-0.617542239 found=4 added=4 exhausted=False cert=False
[clean-BPC  1313.75s] node 5 cg=7 phase=phase2 obj=229.28461 artificial=0.0 cols=2862
[clean-BPC  1318.39s] node 5 cg=7 phase=phase2 kind=heuristic best_rc=-0.0 found=0 added=0 exhausted=False cert=False
[clean-BPC  1327.69s] node 5 cg=7 phase=phase2 kind=heuristic_boost best_rc=-0.0 found=0 added=0 exhausted=True cert=True
[clean-BPC  1347.80s] route-pack-conflict diag node 5 source_vehicle=1 routes=5 U=4 complete=True cache_hit=True states=120 added=0
[clean-BPC  1349.01s] route-pack-conflict diag node 5 source_vehicle=1 routes=5 U=4 complete=True cache_hit=True states=121 added=0
[clean-BPC  1350.21s] route-pack-conflict diag node 5 source_vehicle=1 routes=5 U=4 complete=True cache_hit=True states=115 added=0
[clean-BPC  1351.43s] route-pack-conflict diag node 5 source_vehicle=1 routes=5 U=4 complete=True cache_hit=True states=114 added=0
[clean-BPC  1351.95s] route-pack-conflict diag node 5 source_vehicle=1 routes=5 U=4 complete=True cache_hit=True states=113 added=0
[clean-BPC  1353.17s] route-pack-conflict diag node 5 source_vehicle=1 routes=5 U=4 complete=True cache_hit=True states=113 added=0
[clean-BPC  1353.69s] route-pack-conflict diag node 5 source_vehicle=1 routes=5 U=4 complete=True cache_hit=True states=112 added=0
[clean-BPC  1354.89s] route-pack-conflict diag node 5 source_vehicle=1 routes=5 U=4 complete=True cache_hit=True states=115 added=0
[clean-BPC  1355.20s] route-pack-conflict diag node 5 source_vehicle=1 routes=5 U=4 complete=True cache_hit=True states=97 added=0
[clean-BPC  1355.53s] route-pack-conflict diag node 5 source_vehicle=1 routes=5 U=4 complete=True cache_hit=False states=126 added=0
[clean-BPC  1356.71s] route-pack-conflict diag node 5 source_vehicle=1 routes=5 U=4 complete=True cache_hit=False states=116 added=0
[clean-BPC  1357.22s] route-pack-conflict diag node 5 source_vehicle=1 routes=5 U=4 complete=True cache_hit=False states=120 added=0
[clean-BPC  1358.42s] route-pack-conflict diag node 5 source_vehicle=1 routes=5 U=3 complete=True cache_hit=False states=108 added=2
[clean-BPC  1358.42s] cut_added family=schedule_route_set_packing node=5 added=2 source=schedule_conflict first(vehicle=1, routes=5, U=3, states=108, cache_hit=False)
[clean-BPC  1358.42s] route-pack-conflict diag node 5 source_vehicle=1 routes=5 U=4 complete=True cache_hit=False states=119 added=0
[clean-BPC  1359.63s] route-pack-conflict diag node 5 source_vehicle=1 routes=5 U=3 complete=True cache_hit=False states=106 added=2
[clean-BPC  1359.63s] cut_added family=schedule_route_set_packing node=5 added=2 source=schedule_conflict first(vehicle=1, routes=5, U=3, states=106, cache_hit=False)
[clean-BPC  1361.34s] rim-conflict diag node 5 conflicts=17 pair_events=0 pair_cuts=0 schedcap_events=0 schedcap_cuts=0 routepack_events=15 routepack_cuts=4 routepack_cache=9 routepack_states_max=126 routepack_budget_skip=2 nogood_events=0 nogood_cuts=0 weak_skip=15
[clean-BPC    20.11s] restricted-MIP node 5 status=TIME_LIMIT obj=None accepted=False routes=2862 rejected=17 pair=0 ng=30 route_pack=4 sched_cap=0 added_cuts=4 time=20.109623
[clean-BPC  1361.34s] node 6 d=3 lb=229.007217 open=2
[clean-BPC  1361.57s] node 6 cg=1 phase=phase1 obj=0.0 artificial=0.0 cols=2862
[clean-BPC  1361.82s] node 6 cg=2 phase=phase2 obj=229.273662 artificial=0.0 cols=2862
[clean-BPC  1364.99s] node 6 cg=2 phase=phase2 kind=heuristic best_rc=-0.019643 found=2 added=2 exhausted=False cert=False
[clean-BPC  1365.24s] node 6 cg=3 phase=phase2 obj=229.273662 artificial=0.0 cols=2864
[clean-BPC  1368.55s] node 6 cg=3 phase=phase2 kind=heuristic best_rc=-0.079793833 found=2 added=2 exhausted=False cert=False
[clean-BPC  1368.79s] node 6 cg=4 phase=phase2 obj=229.273662 artificial=0.0 cols=2866
[clean-BPC  1372.11s] node 6 cg=4 phase=phase2 kind=heuristic best_rc=-0.0 found=0 added=0 exhausted=False cert=False
[clean-BPC  1382.00s] node 6 cg=4 phase=phase2 kind=heuristic_boost best_rc=-0.0 found=0 added=0 exhausted=True cert=True
[clean-BPC  1402.85s] route-pack-conflict diag node 6 source_vehicle=1 routes=5 U=4 complete=True cache_hit=True states=107 added=0
[clean-BPC  1404.98s] route-pack-conflict diag node 6 source_vehicle=1 routes=5 U=4 complete=True cache_hit=True states=111 added=0
[clean-BPC  1407.09s] route-pack-conflict diag node 6 source_vehicle=1 routes=5 U=4 complete=True cache_hit=True states=111 added=0
[clean-BPC  1409.20s] route-pack-conflict diag node 6 source_vehicle=1 routes=5 U=4 complete=True cache_hit=True states=108 added=0
[clean-BPC  1411.32s] route-pack-conflict diag node 6 source_vehicle=1 routes=5 U=4 complete=True cache_hit=True states=106 added=0
[clean-BPC  1411.99s] route-pack-conflict diag node 6 source_vehicle=1 routes=5 U=4 complete=True cache_hit=False states=95 added=0
[clean-BPC  1412.66s] route-pack-conflict diag node 6 source_vehicle=1 routes=5 U=4 complete=True cache_hit=True states=101 added=0
[clean-BPC  1413.34s] route-pack-conflict diag node 6 source_vehicle=1 routes=5 U=4 complete=True cache_hit=True states=108 added=0
[clean-BPC  1415.46s] route-pack-conflict diag node 6 source_vehicle=1 routes=5 U=4 complete=True cache_hit=True states=98 added=0
[clean-BPC  1416.13s] route-pack-conflict diag node 6 source_vehicle=1 routes=5 U=4 complete=True cache_hit=False states=104 added=0
[clean-BPC  1418.24s] rim-conflict diag node 6 conflicts=10 pair_events=0 pair_cuts=0 schedcap_events=0 schedcap_cuts=0 routepack_events=10 routepack_cuts=0 routepack_cache=8 routepack_states_max=111 routepack_budget_skip=0 nogood_events=0 nogood_cuts=0 weak_skip=10
[clean-BPC    20.85s] restricted-MIP node 6 status=TIME_LIMIT obj=None accepted=False routes=2866 rejected=10 pair=0 ng=20 route_pack=0 sched_cap=0 added_cuts=0 time=20.849279
[clean-BPC  1423.09s] branch node 6: left=RF(2,6)=separate right=RF(2,6)=same
[clean-BPC  1423.09s] node 7 d=4 lb=229.273662 open=3
[clean-BPC  1423.32s] node 7 cg=1 phase=phase1 obj=0.0 artificial=0.0 cols=2866
[clean-BPC  1423.55s] node 7 cg=2 phase=phase2 obj=229.46075 artificial=0.0 cols=2866
[clean-BPC  1426.53s] node 7 cg=2 phase=phase2 kind=heuristic best_rc=-0.097656 found=4 added=4 exhausted=False cert=False
[clean-BPC  1426.77s] node 7 cg=3 phase=phase2 obj=229.46075 artificial=0.0 cols=2870
[clean-BPC  1429.78s] node 7 cg=3 phase=phase2 kind=heuristic best_rc=-0.0 found=0 added=0 exhausted=False cert=False
[clean-BPC  1439.41s] node 7 cg=3 phase=phase2 kind=heuristic_boost best_rc=-0.439230222 found=2 added=2 exhausted=True cert=True
[clean-BPC  1439.65s] node 7 cg=4 phase=phase2 obj=229.46075 artificial=0.0 cols=2872
[clean-BPC  1443.06s] node 7 cg=4 phase=phase2 kind=heuristic best_rc=-0.0 found=0 added=0 exhausted=False cert=False
[clean-BPC  1451.18s] node 7 cg=4 phase=phase2 kind=heuristic_boost best_rc=-0.0 found=0 added=0 exhausted=True cert=True
[clean-BPC  1451.19s] route-pack-conflict diag node 7 source_vehicle=1 routes=5 U=4 complete=True cache_hit=True states=111 added=0
[clean-BPC  1453.39s] cut_added family=schedule_nogood_core node=7 added=2 source_vehicle=1 route_count=4 signatures=[[9, 11, 13, 12, 7], [6, 14, 17, 10], [4, 19, 16, 15, 18], [1, 3, 20, 5]]
[clean-BPC  1453.39s] node 8 d=4 lb=229.273662 open=3
[clean-BPC  1453.52s] node 8 cg=1 phase=phase1 obj=0.0 artificial=0.0 cols=2872
[clean-BPC  1453.66s] node 8 cg=2 phase=phase2 obj=229.44096 artificial=0.0 cols=2872
[clean-BPC  1456.79s] node 8 cg=2 phase=phase2 kind=heuristic best_rc=-0.251729 found=10 added=10 exhausted=False cert=False
[clean-BPC  1456.94s] node 8 cg=3 phase=phase2 obj=229.39794 artificial=0.0 cols=2882
[clean-BPC  1460.07s] node 8 cg=3 phase=phase2 kind=heuristic best_rc=-0.47694175 found=6 added=6 exhausted=False cert=False
[clean-BPC  1460.21s] node 8 cg=4 phase=phase2 obj=229.39794 artificial=0.0 cols=2888
[clean-BPC  1463.28s] node 8 cg=4 phase=phase2 kind=heuristic best_rc=0.0 found=0 added=0 exhausted=False cert=False
[clean-BPC  1471.32s] node 8 cg=4 phase=phase2 kind=heuristic_boost best_rc=-0.253882 found=8 added=8 exhausted=True cert=True
[clean-BPC  1471.45s] node 8 cg=5 phase=phase2 obj=229.39794 artificial=0.0 cols=2896
[clean-BPC  1474.55s] node 8 cg=5 phase=phase2 kind=heuristic best_rc=0.0 found=0 added=0 exhausted=False cert=False
[clean-BPC  1482.59s] node 8 cg=5 phase=phase2 kind=heuristic_boost best_rc=-1.404337 found=36 added=36 exhausted=True cert=True
[clean-BPC  1482.72s] node 8 cg=6 phase=phase2 obj=229.39794 artificial=0.0 cols=2932
[clean-BPC  1485.66s] node 8 cg=6 phase=phase2 kind=heuristic best_rc=-0.0 found=0 added=0 exhausted=False cert=False
[clean-BPC  1493.86s] node 8 cg=6 phase=phase2 kind=heuristic_boost best_rc=-0.361286 found=2 added=2 exhausted=True cert=True
[clean-BPC  1493.99s] node 8 cg=7 phase=phase2 obj=229.39794 artificial=0.0 cols=2934
[clean-BPC  1496.92s] node 8 cg=7 phase=phase2 kind=heuristic best_rc=-0.0 found=0 added=0 exhausted=False cert=False
[clean-BPC  1505.05s] node 8 cg=7 phase=phase2 kind=heuristic_boost best_rc=-0.0 found=0 added=0 exhausted=True cert=True
[clean-BPC  1505.06s] route-pack-conflict diag node 8 source_vehicle=1 routes=5 U=4 complete=True cache_hit=False states=120 added=0
[clean-BPC  1506.13s] cut_added family=schedule_nogood_core node=8 added=2 source_vehicle=1 route_count=4 signatures=[[4, 19, 16, 15, 18], [2, 6, 10, 8], [1, 3, 20, 5], [7, 12, 13, 9]]
[clean-BPC  1506.13s] node 5 d=3 lb=229.28461 open=3
[clean-BPC  1506.44s] node 5 cg=1 phase=phase1 obj=0.0 artificial=0.0 cols=2934
[clean-BPC  1506.79s] node 5 cg=2 phase=phase2 obj=229.28461 artificial=0.0 cols=2934
[clean-BPC  1511.85s] node 5 cg=2 phase=phase2 kind=heuristic best_rc=-0.0 found=0 added=0 exhausted=False cert=False
[clean-BPC  1523.66s] node 5 cg=2 phase=phase2 kind=heuristic_boost best_rc=-0.0 found=0 added=0 exhausted=True cert=True
[clean-BPC  1544.88s] route-pack-conflict diag node 5 source_vehicle=1 routes=5 U=4 complete=True cache_hit=True states=120 added=0
[clean-BPC  1546.07s] route-pack-conflict diag node 5 source_vehicle=1 routes=5 U=4 complete=True cache_hit=True states=112 added=0
[clean-BPC  1547.27s] route-pack-conflict diag node 5 source_vehicle=1 routes=5 U=4 complete=True cache_hit=True states=121 added=0
[clean-BPC  1548.47s] route-pack-conflict diag node 5 source_vehicle=1 routes=5 U=4 complete=True cache_hit=True states=113 added=0
[clean-BPC  1548.98s] route-pack-conflict diag node 5 source_vehicle=1 routes=5 U=4 complete=True cache_hit=True states=115 added=0
[clean-BPC  1549.30s] route-pack-conflict diag node 5 source_vehicle=1 routes=5 U=4 complete=True cache_hit=True states=97 added=0
[clean-BPC  1549.62s] route-pack-conflict diag node 5 source_vehicle=1 routes=5 U=4 complete=True cache_hit=True states=114 added=0
[clean-BPC  1550.13s] route-pack-conflict diag node 5 source_vehicle=1 routes=5 U=4 complete=True cache_hit=True states=115 added=0
[clean-BPC  1551.33s] route-pack-conflict diag node 5 source_vehicle=1 routes=5 U=4 complete=True cache_hit=True states=126 added=0
[clean-BPC  1552.54s] route-pack-conflict diag node 5 source_vehicle=1 routes=5 U=4 complete=True cache_hit=True states=116 added=0
[clean-BPC  1553.05s] route-pack-conflict diag node 5 source_vehicle=1 routes=5 U=4 complete=True cache_hit=False states=123 added=0
[clean-BPC  1554.25s] route-pack-conflict diag node 5 source_vehicle=1 routes=5 U=4 complete=True cache_hit=False states=109 added=0
[clean-BPC  1554.90s] route-pack-conflict diag node 5 source_vehicle=1 routes=5 U=4 complete=True cache_hit=False states=117 added=0
[clean-BPC  1555.97s] route-pack-conflict diag node 5 source_vehicle=1 routes=5 U=4 complete=True cache_hit=False states=133 added=0
[clean-BPC  1557.04s] route-pack-conflict diag node 5 source_vehicle=1 routes=5 U=4 complete=True cache_hit=False states=133 added=0
[clean-BPC  1558.12s] route-pack-conflict diag node 5 source_vehicle=1 routes=5 U=4 complete=True cache_hit=False states=125 added=0
[clean-BPC  1559.32s] rim-conflict diag node 5 conflicts=16 pair_events=0 pair_cuts=0 schedcap_events=0 schedcap_cuts=0 routepack_events=16 routepack_cuts=0 routepack_cache=10 routepack_states_max=133 routepack_budget_skip=0 nogood_events=0 nogood_cuts=0 weak_skip=16
[clean-BPC    21.21s] restricted-MIP node 5 status=TIME_LIMIT obj=None accepted=False routes=2934 rejected=16 pair=0 ng=32 route_pack=0 sched_cap=0 added_cuts=0 time=21.214205
[clean-BPC  1568.89s] branch node 5: left=RF(2,6)=separate right=RF(2,6)=same
[clean-BPC  1568.89s] node 9 d=4 lb=229.28461 open=4
[clean-BPC  1569.17s] node 9 cg=1 phase=phase1 obj=0.0 artificial=0.0 cols=2934
[clean-BPC  1569.48s] node 9 cg=2 phase=phase2 obj=229.302433 artificial=0.0 cols=2934
[clean-BPC  1569.48s] cut_purged node=9 removed=1 by_kind={'schedule_nogood_core': 1} remaining=106
[clean-BPC  1569.78s] node 9 cg=3 phase=phase2 obj=229.302433 artificial=0.0 cols=2934
[clean-BPC  1574.30s] node 9 cg=3 phase=phase2 kind=heuristic best_rc=0.09981 found=0 added=0 exhausted=False cert=False
[clean-BPC  1584.03s] node 9 cg=3 phase=phase2 kind=heuristic_boost best_rc=-0.540666 found=7 added=7 exhausted=True cert=True
[clean-BPC  1584.33s] node 9 cg=4 phase=phase2 obj=229.302433 artificial=0.0 cols=2941
[clean-BPC  1589.11s] node 9 cg=4 phase=phase2 kind=heuristic best_rc=-0.017549429 found=2 added=2 exhausted=False cert=False
[clean-BPC  1589.41s] node 9 cg=5 phase=phase2 obj=229.302433 artificial=0.0 cols=2943
[clean-BPC  1593.87s] node 9 cg=5 phase=phase2 kind=heuristic best_rc=-0.0 found=0 added=0 exhausted=False cert=False
[clean-BPC  1602.87s] node 9 cg=5 phase=phase2 kind=heuristic_boost best_rc=-0.139270333 found=2 added=2 exhausted=True cert=True
[clean-BPC  1603.16s] node 9 cg=6 phase=phase2 obj=229.302433 artificial=0.0 cols=2945
[clean-BPC  1607.75s] node 9 cg=6 phase=phase2 kind=heuristic best_rc=0.0 found=0 added=0 exhausted=False cert=False
[clean-BPC  1617.53s] node 9 cg=6 phase=phase2 kind=heuristic_boost best_rc=0.0 found=0 added=0 exhausted=True cert=True
[clean-BPC  1626.01s] branch node 9: left=arc(17,20)=off right=arc(17,20)=on
[clean-BPC  1626.01s] node 10 d=4 lb=229.28461 open=5
[clean-BPC  1626.19s] node 10 cg=1 phase=phase1 obj=0.0 artificial=0.0 cols=2945
[clean-BPC  1626.34s] node 10 cg=2 phase=phase2 obj=230.539765 artificial=0.0 cols=2945
[clean-BPC  1629.85s] node 10 cg=2 phase=phase2 kind=heuristic best_rc=-0.374532619 found=3 added=3 exhausted=False cert=False
[clean-BPC  1630.01s] node 10 cg=3 phase=phase2 obj=230.539765 artificial=0.0 cols=2948
[clean-BPC  1630.01s] cut_purged node=10 removed=1 by_kind={'schedule_nogood_core': 1} remaining=105
[clean-BPC  1630.18s] node 10 cg=4 phase=phase2 obj=230.539765 artificial=0.0 cols=2948
[clean-BPC  1633.65s] node 10 cg=4 phase=phase2 kind=heuristic best_rc=-0.184533857 found=1 added=1 exhausted=False cert=False
[clean-BPC  1633.82s] node 10 cg=5 phase=phase2 obj=230.539765 artificial=0.0 cols=2949
[clean-BPC  1637.39s] node 10 cg=5 phase=phase2 kind=heuristic best_rc=0.0 found=0 added=0 exhausted=False cert=False
[clean-BPC  1644.54s] node 10 cg=5 phase=phase2 kind=heuristic_boost best_rc=-0.004037 found=1 added=1 exhausted=True cert=True
[clean-BPC  1644.70s] node 10 cg=6 phase=phase2 obj=230.539765 artificial=0.0 cols=2950
[clean-BPC  1648.22s] node 10 cg=6 phase=phase2 kind=heuristic best_rc=-0.0 found=0 added=0 exhausted=False cert=False
[clean-BPC  1655.43s] node 10 cg=6 phase=phase2 kind=heuristic_boost best_rc=-0.0 found=0 added=0 exhausted=True cert=True
[clean-BPC  1660.42s] branch node 10: left=RF(6,17)=separate right=RF(6,17)=same
[clean-BPC  1660.42s] node 12 d=5 lb=229.302433 open=6
[clean-BPC  1660.72s] node 12 cg=1 phase=phase1 obj=0.0 artificial=0.0 cols=2950
[clean-BPC  1661.04s] node 12 cg=2 phase=phase2 obj=231.117472 artificial=0.0 cols=2950
[clean-BPC  1664.56s] node 12 cg=2 phase=phase2 kind=heuristic best_rc=-0.120711 found=2 added=2 exhausted=False cert=False
[clean-BPC  1664.87s] node 12 cg=3 phase=phase2 obj=231.117472 artificial=0.0 cols=2952
[clean-BPC  1668.44s] node 12 cg=3 phase=phase2 kind=heuristic best_rc=0.0 found=0 added=0 exhausted=False cert=False
[clean-BPC  1674.37s] node 12 cg=3 phase=phase2 kind=heuristic_boost best_rc=-0.439978667 found=1 added=1 exhausted=True cert=True
[clean-BPC  1674.68s] node 12 cg=4 phase=phase2 obj=231.117472 artificial=0.0 cols=2953
[clean-BPC  1678.17s] node 12 cg=4 phase=phase2 kind=heuristic best_rc=-0.0 found=0 added=0 exhausted=False cert=False
[clean-BPC  1683.92s] node 12 cg=4 phase=phase2 kind=heuristic_boost best_rc=-0.973254833 found=15 added=15 exhausted=True cert=True
[clean-BPC  1684.24s] node 12 cg=5 phase=phase2 obj=231.117472 artificial=0.0 cols=2968
[clean-BPC  1687.82s] node 12 cg=5 phase=phase2 kind=heuristic best_rc=-0.0 found=0 added=0 exhausted=False cert=False
[clean-BPC  1693.60s] node 12 cg=5 phase=phase2 kind=heuristic_boost best_rc=-0.585448667 found=16 added=16 exhausted=True cert=True
[clean-BPC  1693.91s] node 12 cg=6 phase=phase2 obj=231.117472 artificial=0.0 cols=2984
[clean-BPC  1697.36s] node 12 cg=6 phase=phase2 kind=heuristic best_rc=0.222741 found=0 added=0 exhausted=False cert=False
[clean-BPC  1703.06s] node 12 cg=6 phase=phase2 kind=heuristic_boost best_rc=-0.2346595 found=4 added=4 exhausted=True cert=True
[clean-BPC  1703.37s] node 12 cg=7 phase=phase2 obj=231.117472 artificial=0.0 cols=2988
[clean-BPC  1707.00s] node 12 cg=7 phase=phase2 kind=heuristic best_rc=0.222741 found=0 added=0 exhausted=False cert=False
[clean-BPC  1712.83s] node 12 cg=7 phase=phase2 kind=heuristic_boost best_rc=0.222741 found=0 added=0 exhausted=True cert=True
[clean-BPC  1722.67s] branch node 12: left=RF(2,3)=separate right=RF(2,3)=same
[clean-BPC  1722.67s] node 11 d=5 lb=229.302433 open=7
[clean-BPC  1722.97s] node 11 cg=1 phase=phase1 obj=0.0 artificial=0.0 cols=2988
[clean-BPC  1723.29s] node 11 cg=2 phase=phase2 obj=229.302433 artificial=0.0 cols=2988
[clean-BPC  1727.85s] node 11 cg=2 phase=phase2 kind=heuristic best_rc=0.0 found=0 added=0 exhausted=False cert=False
[clean-BPC  1736.69s] node 11 cg=2 phase=phase2 kind=heuristic_boost best_rc=-0.0300025 found=2 added=2 exhausted=True cert=True
[clean-BPC  1737.00s] node 11 cg=3 phase=phase2 obj=229.302433 artificial=0.0 cols=2990
[clean-BPC  1741.63s] node 11 cg=3 phase=phase2 kind=heuristic best_rc=-0.0 found=0 added=0 exhausted=False cert=False
[clean-BPC  1750.78s] node 11 cg=3 phase=phase2 kind=heuristic_boost best_rc=-0.116747333 found=3 added=3 exhausted=True cert=True
[clean-BPC  1751.13s] node 11 cg=4 phase=phase2 obj=229.302433 artificial=0.0 cols=2993
[clean-BPC  1751.13s] cut_purged node=11 removed=3 by_kind={'crossing_cut': 1, 'limited_memory_rank1': 2} remaining=102
[clean-BPC  1751.42s] node 11 cg=5 phase=phase2 obj=229.302433 artificial=0.0 cols=2993
[clean-BPC  1756.28s] node 11 cg=5 phase=phase2 kind=heuristic best_rc=0.105263167 found=0 added=0 exhausted=False cert=False
[clean-BPC  1765.28s] node 11 cg=5 phase=phase2 kind=heuristic_boost best_rc=0.105263167 found=0 added=0 exhausted=True cert=True
[clean-BPC  1773.11s] branch node 11: left=arc(20,17)=off right=arc(20,17)=on
[clean-BPC  1773.11s] node 17 d=6 lb=229.302433 open=8
[clean-BPC  1773.40s] node 17 cg=1 phase=phase1 obj=0.0 artificial=0.0 cols=2993
[clean-BPC  1773.67s] node 17 cg=2 phase=phase2 obj=229.371345 artificial=0.0 cols=2993
[clean-BPC  1778.02s] node 17 cg=2 phase=phase2 kind=heuristic best_rc=0.0 found=0 added=0 exhausted=False cert=False
[clean-BPC  1786.41s] node 17 cg=2 phase=phase2 kind=heuristic_boost best_rc=0.0 found=0 added=0 exhausted=True cert=True
[clean-BPC  1786.42s] route-pack-conflict diag node 17 source_vehicle=1 routes=5 U=4 complete=True cache_hit=True states=115 added=0
[clean-BPC  1787.63s] cut_added family=schedule_nogood_core node=17 added=2 source_vehicle=1 route_count=4 signatures=[[6, 14, 17, 10], [18, 15, 16, 19, 4], [5, 20, 8], [2, 3, 1]]
[clean-BPC  1787.63s] node 18 d=6 lb=229.302433 open=8
[clean-BPC  1787.91s] node 18 cg=1 phase=phase1 obj=0.0 artificial=0.0 cols=2993
[clean-BPC  1788.20s] node 18 cg=2 phase=phase2 obj=231.117472 artificial=0.0 cols=2993
[clean-BPC  1791.62s] node 18 cg=2 phase=phase2 kind=heuristic best_rc=0.076280667 found=0 added=0 exhausted=False cert=False
[clean-BPC  1797.17s] node 18 cg=2 phase=phase2 kind=heuristic_boost best_rc=0.076280667 found=0 added=0 exhausted=True cert=True
[clean-BPC  1804.69s] branch node 18: left=RF(5,8)=separate right=RF(5,8)=same
[clean-BPC  1804.69s] node 17 d=6 lb=229.371345 open=9
[clean-BPC  1804.97s] node 17 cg=1 phase=phase1 obj=0.0 artificial=0.0 cols=2993
[clean-BPC  1805.27s] node 17 cg=2 phase=phase2 obj=229.371345 artificial=0.0 cols=2993
[clean-BPC  1809.65s] node 17 cg=2 phase=phase2 kind=heuristic best_rc=0.0 found=0 added=0 exhausted=False cert=False
[clean-BPC  1818.18s] node 17 cg=2 phase=phase2 kind=heuristic_boost best_rc=0.0 found=0 added=0 exhausted=True cert=True
[clean-BPC  1825.25s] branch node 17: left=arc(15,16)=off right=arc(15,16)=on
[clean-BPC  1825.25s] node 21 d=7 lb=229.371345 open=10
[clean-BPC  1825.50s] node 21 cg=1 phase=phase1 obj=0.0 artificial=0.0 cols=2993
[clean-BPC  1825.76s] node 21 cg=2 phase=phase2 obj=229.371345 artificial=0.0 cols=2993
[clean-BPC  1830.55s] node 21 cg=2 phase=phase2 kind=heuristic best_rc=-0.066205739 found=1 added=1 exhausted=False cert=False
[clean-BPC  1830.81s] node 21 cg=3 phase=phase2 obj=229.371345 artificial=0.0 cols=2994
[clean-BPC  1835.66s] node 21 cg=3 phase=phase2 kind=heuristic best_rc=-0.0 found=0 added=0 exhausted=False cert=False
[clean-BPC  1847.22s] node 21 cg=3 phase=phase2 kind=heuristic_boost best_rc=-0.358234333 found=4 added=4 exhausted=True cert=True
[clean-BPC  1847.48s] node 21 cg=4 phase=phase2 obj=229.371345 artificial=0.0 cols=2998
[clean-BPC  1852.25s] node 21 cg=4 phase=phase2 kind=heuristic best_rc=0.0 found=0 added=0 exhausted=False cert=False
[clean-BPC  1861.99s] node 21 cg=4 phase=phase2 kind=heuristic_boost best_rc=-0.594529 found=4 added=4 exhausted=True cert=True
[clean-BPC  1862.25s] node 21 cg=5 phase=phase2 obj=229.371345 artificial=0.0 cols=3002
[clean-BPC  1866.72s] node 21 cg=5 phase=phase2 kind=heuristic best_rc=-0.0 found=0 added=0 exhausted=False cert=False
[clean-BPC  1876.54s] node 21 cg=5 phase=phase2 kind=heuristic_boost best_rc=-0.0 found=0 added=0 exhausted=True cert=True
[clean-BPC  1876.55s] route-pack-conflict diag node 21 source_vehicle=1 routes=5 U=4 complete=True cache_hit=True states=120 added=0
[clean-BPC  1877.74s] cut_added family=schedule_nogood_core node=21 added=2 source_vehicle=1 route_count=4 signatures=[[6, 14, 17, 10], [4, 19, 16, 15, 18], [8, 20, 5], [1, 3, 2]]
[clean-BPC  1877.74s] node 21 d=7 lb=229.371345 open=10
[clean-BPC  1877.99s] node 21 cg=1 phase=phase1 obj=0.0 artificial=0.0 cols=3002
[clean-BPC  1878.25s] node 21 cg=2 phase=phase2 obj=229.371345 artificial=0.0 cols=3002
[clean-BPC  1882.68s] node 21 cg=2 phase=phase2 kind=heuristic best_rc=0.0 found=0 added=0 exhausted=False cert=False
[clean-BPC  1892.38s] node 21 cg=2 phase=phase2 kind=heuristic_boost best_rc=0.0 found=0 added=0 exhausted=True cert=True
[clean-BPC  1892.39s] route-pack-conflict diag node 21 source_vehicle=1 routes=5 U=4 complete=True cache_hit=True states=113 added=0
[clean-BPC  1892.90s] cut_added family=schedule_nogood_core node=21 added=2 source_vehicle=1 route_count=3 signatures=[[10, 17, 14, 6], [4, 19, 16, 15, 18], [8, 20, 5]]
[clean-BPC  1892.90s] node 21 d=7 lb=229.371345 open=10
[clean-BPC  1893.15s] node 21 cg=1 phase=phase1 obj=0.0 artificial=0.0 cols=3002
[clean-BPC  1893.42s] node 21 cg=2 phase=phase2 obj=229.371345 artificial=0.0 cols=3002
[clean-BPC  1897.89s] node 21 cg=2 phase=phase2 kind=heuristic best_rc=0.0 found=0 added=0 exhausted=False cert=False
[clean-BPC  1907.60s] node 21 cg=2 phase=phase2 kind=heuristic_boost best_rc=0.0 found=0 added=0 exhausted=True cert=True
[clean-BPC  1915.24s] branch node 21: left=arc(14,6)=off right=arc(14,6)=on
[clean-BPC  1915.24s] node 23 d=8 lb=229.371345 open=11
[clean-BPC  1915.48s] node 23 cg=1 phase=phase1 obj=0.0 artificial=0.0 cols=3002
[clean-BPC  1915.75s] node 23 cg=2 phase=phase2 obj=229.371345 artificial=0.0 cols=3002
[clean-BPC  1920.27s] node 23 cg=2 phase=phase2 kind=heuristic best_rc=-0.264366 found=1 added=1 exhausted=False cert=False
[clean-BPC  1920.52s] node 23 cg=3 phase=phase2 obj=229.371345 artificial=0.0 cols=3003
[clean-BPC  1920.52s] cut_purged node=23 removed=1 by_kind={'schedule_nogood_core': 1} remaining=107
[clean-BPC  1920.78s] node 23 cg=4 phase=phase2 obj=229.371345 artificial=0.0 cols=3003
[clean-BPC  1925.44s] node 23 cg=4 phase=phase2 kind=heuristic best_rc=0.009557 found=0 added=0 exhausted=False cert=False
[clean-BPC  1935.33s] node 23 cg=4 phase=phase2 kind=heuristic_boost best_rc=0.009557 found=0 added=0 exhausted=True cert=True
[clean-BPC  1935.34s] route-pack-conflict diag node 23 source_vehicle=1 routes=5 U=4 complete=True cache_hit=True states=112 added=0
[clean-BPC  1936.54s] cut_added family=schedule_nogood_core node=23 added=2 source_vehicle=1 route_count=4 signatures=[[6, 14, 17, 10], [4, 19, 16, 15, 18], [8, 20, 5], [2, 3, 1]]
[clean-BPC  1936.54s] node 24 d=8 lb=229.371345 open=11
[clean-BPC  1936.78s] node 24 cg=1 phase=phase1 obj=0.0 artificial=0.0 cols=3003
[clean-BPC  1937.04s] node 24 cg=2 phase=phase2 obj=229.511267 artificial=0.0 cols=3003
[clean-BPC  1941.62s] node 24 cg=2 phase=phase2 kind=heuristic best_rc=-0.901499143 found=9 added=9 exhausted=False cert=False
[clean-BPC  1941.88s] node 24 cg=3 phase=phase2 obj=229.439364 artificial=0.0 cols=3012
[clean-BPC  1946.88s] node 24 cg=3 phase=phase2 kind=heuristic best_rc=0.027292 found=0 added=0 exhausted=False cert=False
[clean-BPC  1956.67s] node 24 cg=3 phase=phase2 kind=heuristic_boost best_rc=0.027292 found=0 added=0 exhausted=True cert=True
[clean-BPC  1964.71s] branch node 24: left=RF(5,8)=separate right=RF(5,8)=same
[clean-BPC  1964.71s] node 23 d=8 lb=229.371345 open=12
[clean-BPC  1964.96s] node 23 cg=1 phase=phase1 obj=0.0 artificial=0.0 cols=3012
[clean-BPC  1965.21s] node 23 cg=2 phase=phase2 obj=229.371345 artificial=0.0 cols=3012
[clean-BPC  1969.82s] node 23 cg=2 phase=phase2 kind=heuristic best_rc=0.006485 found=0 added=0 exhausted=False cert=False
[clean-BPC  1979.34s] node 23 cg=2 phase=phase2 kind=heuristic_boost best_rc=0.006485 found=0 added=0 exhausted=True cert=True
[clean-BPC  1984.22s] branch node 23: left=arc(3,2)=off right=arc(3,2)=on
[clean-BPC  1984.22s] node 27 d=9 lb=229.371345 open=13
[clean-BPC  1984.47s] node 27 cg=1 phase=phase1 obj=0.0 artificial=0.0 cols=3012
[clean-BPC  1984.73s] node 27 cg=2 phase=phase2 obj=229.375802 artificial=0.0 cols=3012
[clean-BPC  1989.25s] node 27 cg=2 phase=phase2 kind=heuristic best_rc=0.264366 found=0 added=0 exhausted=False cert=False
[clean-BPC  1997.62s] node 27 cg=2 phase=phase2 kind=heuristic_boost best_rc=-0.662633147 found=4 added=4 exhausted=True cert=True
[clean-BPC  1997.88s] node 27 cg=3 phase=phase2 obj=229.375802 artificial=0.0 cols=3016
[clean-BPC  2002.44s] node 27 cg=3 phase=phase2 kind=heuristic best_rc=0.222741 found=0 added=0 exhausted=False cert=False
[clean-BPC  2012.20s] node 27 cg=3 phase=phase2 kind=heuristic_boost best_rc=-0.033452368 found=5 added=5 exhausted=True cert=True
[clean-BPC  2012.45s] node 27 cg=4 phase=phase2 obj=229.375802 artificial=0.0 cols=3021
[clean-BPC  2017.00s] node 27 cg=4 phase=phase2 kind=heuristic best_rc=0.200879132 found=0 added=0 exhausted=False cert=False
[clean-BPC  2026.50s] node 27 cg=4 phase=phase2 kind=heuristic_boost best_rc=0.120971084 found=0 added=0 exhausted=True cert=True
[clean-BPC  2034.04s] branch node 27: left=arc(3,17)=off right=arc(3,17)=on
[clean-BPC  2034.04s] node 28 d=9 lb=229.371345 open=14
[clean-BPC  2034.28s] node 28 cg=1 phase=phase1 obj=0.0 artificial=0.0 cols=3021
[clean-BPC  2034.56s] node 28 cg=2 phase=phase2 obj=229.403518 artificial=0.0 cols=3021
[clean-BPC  2039.45s] node 28 cg=2 phase=phase2 kind=heuristic best_rc=-0.556506583 found=4 added=4 exhausted=False cert=False
[clean-BPC  2039.71s] node 28 cg=3 phase=phase2 obj=229.403518 artificial=0.0 cols=3025
[clean-BPC  2044.17s] node 28 cg=3 phase=phase2 kind=heuristic best_rc=0.142401 found=0 added=0 exhausted=False cert=False
[clean-BPC  2053.69s] node 28 cg=3 phase=phase2 kind=heuristic_boost best_rc=-0.050276352 found=2 added=2 exhausted=True cert=True
[clean-BPC  2053.96s] node 28 cg=4 phase=phase2 obj=229.403518 artificial=0.0 cols=3027
[clean-BPC  2058.41s] node 28 cg=4 phase=phase2 kind=heuristic best_rc=0.122767148 found=0 added=0 exhausted=False cert=False
[clean-BPC  2067.03s] node 28 cg=4 phase=phase2 kind=heuristic_boost best_rc=0.029075994 found=0 added=0 exhausted=True cert=True
[clean-BPC  2074.40s] branch node 28: left=RF(5,8)=separate right=RF(5,8)=same
[clean-BPC  2074.40s] node 22 d=7 lb=229.371345 open=15
[clean-BPC  2074.68s] node 22 cg=1 phase=phase1 obj=0.0 artificial=0.0 cols=3027
[clean-BPC  2074.98s] node 22 cg=2 phase=phase2 obj=229.371345 artificial=0.0 cols=3027
[clean-BPC  2074.98s] cut_purged node=22 removed=2 by_kind={'subset_row': 1, 'schedule_nogood_core': 1} remaining=107
[clean-BPC  2075.27s] node 22 cg=3 phase=phase2 obj=229.371345 artificial=0.0 cols=3027
[clean-BPC  2079.73s] node 22 cg=3 phase=phase2 kind=heuristic best_rc=-0.043338 found=2 added=2 exhausted=False cert=False
[clean-BPC  2080.02s] node 22 cg=4 phase=phase2 obj=229.371345 artificial=0.0 cols=3029
[clean-BPC  2084.42s] node 22 cg=4 phase=phase2 kind=heuristic best_rc=0.050188 found=0 added=0 exhausted=False cert=False
[clean-BPC  2093.62s] node 22 cg=4 phase=phase2 kind=heuristic_boost best_rc=0.050188 found=0 added=0 exhausted=True cert=True
[clean-BPC  2093.62s] route-pack-conflict diag node 22 source_vehicle=1 routes=5 U=4 complete=True cache_hit=True states=115 added=0
[clean-BPC  2094.82s] cut_added family=schedule_nogood_core node=22 added=1 source_vehicle=1 route_count=4 signatures=[[6, 14, 17, 10], [18, 15, 16, 19, 4], [5, 20, 8], [2, 3, 1]]
[clean-BPC  2094.82s] node 22 d=7 lb=229.371345 open=15
[clean-BPC  2095.10s] node 22 cg=1 phase=phase1 obj=0.0 artificial=0.0 cols=3029
[clean-BPC  2095.40s] node 22 cg=2 phase=phase2 obj=229.371345 artificial=0.0 cols=3029
[clean-BPC  2099.80s] node 22 cg=2 phase=phase2 kind=heuristic best_rc=0.050188 found=0 added=0 exhausted=False cert=False
[clean-BPC  2109.14s] node 22 cg=2 phase=phase2 kind=heuristic_boost best_rc=0.050188 found=0 added=0 exhausted=True cert=True
[clean-BPC  2114.95s] branch node 22: left=arc(17,10)=off right=arc(17,10)=on
[clean-BPC  2114.95s] node 33 d=8 lb=229.371345 open=16
[clean-BPC  2115.24s] node 33 cg=1 phase=phase1 obj=0.0 artificial=0.0 cols=3029
[clean-BPC  2115.54s] node 33 cg=2 phase=phase2 obj=229.371345 artificial=0.0 cols=3029
[clean-BPC  2115.54s] cut_purged node=33 removed=1 by_kind={'schedule_nogood_core': 1} remaining=107
[clean-BPC  2115.82s] node 33 cg=3 phase=phase2 obj=229.371345 artificial=0.0 cols=3029
[clean-BPC  2120.13s] node 33 cg=3 phase=phase2 kind=heuristic best_rc=0.195934 found=0 added=0 exhausted=False cert=False
[clean-BPC  2130.08s] node 33 cg=3 phase=phase2 kind=heuristic_boost best_rc=-0.245995 found=4 added=4 exhausted=True cert=True
[clean-BPC  2130.38s] node 33 cg=4 phase=phase2 obj=229.371345 artificial=0.0 cols=3033
[clean-BPC  2134.67s] node 33 cg=4 phase=phase2 kind=heuristic best_rc=0.0 found=0 added=0 exhausted=False cert=False
[clean-BPC  2143.12s] node 33 cg=4 phase=phase2 kind=heuristic_boost best_rc=0.0 found=0 added=0 exhausted=True cert=True
[clean-BPC  2143.13s] route-pack-conflict diag node 33 source_vehicle=1 routes=5 U=4 complete=True cache_hit=True states=114 added=0
[clean-BPC  2143.65s] cut_added family=schedule_nogood_core node=33 added=2 source_vehicle=1 route_count=3 signatures=[[10, 17, 14, 6], [18, 15, 16, 19, 4], [5, 20, 8]]
[clean-BPC  2143.65s] node 34 d=8 lb=229.371345 open=16
[clean-BPC  2143.94s] node 34 cg=1 phase=phase1 obj=0.0 artificial=0.0 cols=3033
[clean-BPC  2144.23s] node 34 cg=2 phase=phase2 obj=229.371345 artificial=0.0 cols=3033
[clean-BPC  2148.82s] node 34 cg=2 phase=phase2 kind=heuristic best_rc=0.147422634 found=0 added=0 exhausted=False cert=False
[clean-BPC  2158.12s] node 34 cg=2 phase=phase2 kind=heuristic_boost best_rc=0.006788796 found=0 added=0 exhausted=True cert=True
[clean-BPC  2158.13s] route-pack-conflict diag node 34 source_vehicle=1 routes=5 U=4 complete=True cache_hit=True states=121 added=0
[clean-BPC  2159.33s] cut_added family=schedule_nogood_core node=34 added=2 source_vehicle=1 route_count=4 signatures=[[6, 14, 17, 10], [18, 15, 16, 19, 4], [5, 20, 8], [1, 3, 2]]
[clean-BPC  2159.33s] node 33 d=8 lb=229.371345 open=16
[clean-BPC  2159.62s] node 33 cg=1 phase=phase1 obj=0.0 artificial=0.0 cols=3033
[clean-BPC  2159.91s] node 33 cg=2 phase=phase2 obj=229.371345 artificial=0.0 cols=3033
[clean-BPC  2159.92s] cut_purged node=33 removed=1 by_kind={'schedule_nogood_core': 1} remaining=110
[clean-BPC  2160.20s] node 33 cg=3 phase=phase2 obj=229.371345 artificial=0.0 cols=3033
[clean-BPC  2164.72s] node 33 cg=3 phase=phase2 kind=heuristic best_rc=0.0 found=0 added=0 exhausted=False cert=False
[clean-BPC  2173.75s] node 33 cg=3 phase=phase2 kind=heuristic_boost best_rc=0.0 found=0 added=0 exhausted=True cert=True
[clean-BPC  2173.76s] route-pack-conflict diag node 33 source_vehicle=1 routes=5 U=4 complete=True cache_hit=True states=97 added=0
[clean-BPC  2174.08s] cut_added family=schedule_nogood_core node=33 added=2 source_vehicle=1 route_count=3 signatures=[[18, 15, 16, 19, 4], [8, 20, 5], [2, 3, 1]]
[clean-BPC  2174.08s] node 34 d=8 lb=229.371345 open=16
[clean-BPC  2174.37s] node 34 cg=1 phase=phase1 obj=0.0 artificial=0.0 cols=3033
[clean-BPC  2174.68s] node 34 cg=2 phase=phase2 obj=229.371345 artificial=0.0 cols=3033
[clean-BPC  2178.99s] node 34 cg=2 phase=phase2 kind=heuristic best_rc=0.148082 found=0 added=0 exhausted=False cert=False
[clean-BPC  2187.59s] node 34 cg=2 phase=phase2 kind=heuristic_boost best_rc=0.138694429 found=0 added=0 exhausted=True cert=True
[clean-BPC  2194.43s] branch node 34: left=arc(20,8)=off right=arc(20,8)=on
[clean-BPC  2194.43s] node 33 d=8 lb=229.371345 open=17
[clean-BPC  2194.72s] node 33 cg=1 phase=phase1 obj=0.0 artificial=0.0 cols=3033
[clean-BPC  2195.02s] node 33 cg=2 phase=phase2 obj=229.377859 artificial=0.0 cols=3033
[clean-BPC  2199.51s] node 33 cg=2 phase=phase2 kind=heuristic best_rc=0.0 found=0 added=0 exhausted=False cert=False
[clean-BPC  2208.59s] node 33 cg=2 phase=phase2 kind=heuristic_boost best_rc=0.0 found=0 added=0 exhausted=True cert=True
[clean-BPC  2215.50s] branch node 33: left=RF(2,17)=separate right=RF(2,17)=same
[clean-BPC  2215.50s] node 35 d=9 lb=229.371345 open=18
[clean-BPC  2215.79s] node 35 cg=1 phase=phase1 obj=0.0 artificial=0.0 cols=3033
[clean-BPC  2216.10s] node 35 cg=2 phase=phase2 obj=229.371345 artificial=0.0 cols=3033
[clean-BPC  2220.39s] node 35 cg=2 phase=phase2 kind=heuristic best_rc=0.148082 found=0 added=0 exhausted=False cert=False
[clean-BPC  2228.94s] node 35 cg=2 phase=phase2 kind=heuristic_boost best_rc=0.138694429 found=0 added=0 exhausted=True cert=True
[clean-BPC  2228.94s] route-pack-conflict diag node 35 source_vehicle=1 routes=5 U=4 complete=True cache_hit=True states=115 added=0
[clean-BPC  2229.26s] cut_added family=schedule_nogood_core node=35 added=2 source_vehicle=1 route_count=3 signatures=[[18, 15, 16, 19, 4], [8, 20, 5], [1, 3, 2]]
[clean-BPC  2229.26s] node 36 d=9 lb=229.371345 open=18
[clean-BPC  2229.56s] node 36 cg=1 phase=phase1 obj=0.0 artificial=0.0 cols=3033
[clean-BPC  2229.88s] node 36 cg=2 phase=phase2 obj=229.595134 artificial=0.0 cols=3033
[clean-BPC  2234.23s] node 36 cg=2 phase=phase2 kind=heuristic best_rc=-0.682525367 found=9 added=9 exhausted=False cert=False
[clean-BPC  2234.54s] node 36 cg=3 phase=phase2 obj=229.500721 artificial=0.0 cols=3042
[clean-BPC  2239.02s] node 36 cg=3 phase=phase2 kind=heuristic best_rc=-0.216708 found=11 added=11 exhausted=False cert=False
[clean-BPC  2239.33s] node 36 cg=4 phase=phase2 obj=229.500721 artificial=0.0 cols=3053
[clean-BPC  2243.63s] node 36 cg=4 phase=phase2 kind=heuristic best_rc=-0.0 found=0 added=0 exhausted=False cert=False
[clean-BPC  2251.30s] node 36 cg=4 phase=phase2 kind=heuristic_boost best_rc=-1.0393675 found=12 added=12 exhausted=True cert=True
[clean-BPC  2251.60s] node 36 cg=5 phase=phase2 obj=229.500721 artificial=0.0 cols=3065
[clean-BPC  2256.19s] node 36 cg=5 phase=phase2 kind=heuristic best_rc=0.0 found=0 added=0 exhausted=False cert=False
[clean-BPC  2266.95s] node 36 cg=5 phase=phase2 kind=heuristic_boost best_rc=0.0 found=0 added=0 exhausted=True cert=True
[clean-BPC  2273.83s] branch node 36: left=RF(5,8)=separate right=RF(5,8)=same
[clean-BPC  2273.83s] node 35 d=9 lb=229.371345 open=19
[clean-BPC  2274.14s] node 35 cg=1 phase=phase1 obj=0.0 artificial=0.0 cols=3065
[clean-BPC  2274.43s] node 35 cg=2 phase=phase2 obj=229.405631 artificial=0.0 cols=3065
[clean-BPC  2278.93s] node 35 cg=2 phase=phase2 kind=heuristic best_rc=-0.048083385 found=2 added=2 exhausted=False cert=False
[clean-BPC  2279.23s] node 35 cg=3 phase=phase2 obj=229.405631 artificial=0.0 cols=3067
[clean-BPC  2283.84s] node 35 cg=3 phase=phase2 kind=heuristic best_rc=0.025168385 found=0 added=0 exhausted=False cert=False
[clean-BPC  2293.51s] node 35 cg=3 phase=phase2 kind=heuristic_boost best_rc=0.025168385 found=0 added=0 exhausted=True cert=True
[clean-BPC  2301.70s] branch node 35: left=RF(4,18)=separate right=RF(4,18)=same
[clean-BPC  2301.70s] node 30 d=10 lb=229.375802 open=20
[clean-BPC  2301.96s] node 30 cg=1 phase=phase1 obj=0.0 artificial=0.0 cols=3067
[clean-BPC  2302.22s] node 30 cg=2 phase=phase2 obj=231.839445 artificial=0.0 cols=3067
[clean-BPC  2302.22s] cut_purged node=30 removed=1 by_kind={'schedule_nogood_core': 1} remaining=113
[clean-BPC  2302.47s] node 30 cg=3 phase=phase2 obj=231.839445 artificial=0.0 cols=3067
[clean-BPC  2305.72s] node 30 cg=3 phase=phase2 kind=heuristic best_rc=-2.134168667 found=36 added=36 exhausted=False cert=False
[clean-BPC  2306.00s] node 30 cg=4 phase=phase2 obj=231.79428 artificial=0.0 cols=3103
[clean-BPC  2309.34s] node 30 cg=4 phase=phase2 kind=heuristic best_rc=0.148082 found=0 added=0 exhausted=False cert=False
[clean-BPC  2314.74s] node 30 cg=4 phase=phase2 kind=heuristic_boost best_rc=-0.0 found=0 added=0 exhausted=True cert=True
[clean-BPC  2322.24s] branch node 30: left=RF(6,10)=separate right=RF(6,10)=same
[clean-BPC  2322.24s] node 29 d=10 lb=229.375802 open=21
[clean-BPC  2322.47s] node 29 cg=1 phase=phase1 obj=0.0 artificial=0.0 cols=3103
[clean-BPC  2322.74s] node 29 cg=2 phase=phase2 obj=229.371345 artificial=0.0 cols=3103
[clean-BPC  2327.47s] node 29 cg=2 phase=phase2 kind=heuristic best_rc=0.264366 found=0 added=0 exhausted=False cert=False
[clean-BPC  2337.74s] node 29 cg=2 phase=phase2 kind=heuristic_boost best_rc=0.264366 found=0 added=0 exhausted=True cert=True
[clean-BPC  2342.67s] branch node 29: left=arc(13,12)=off right=arc(13,12)=on
[clean-BPC  2342.67s] node 45 d=11 lb=229.371345 open=22
[clean-BPC  2342.93s] node 45 cg=1 phase=phase1 obj=0.0 artificial=0.0 cols=3103
[clean-BPC  2343.18s] node 45 cg=2 phase=phase2 obj=229.371345 artificial=0.0 cols=3103
[clean-BPC  2347.96s] node 45 cg=2 phase=phase2 kind=heuristic best_rc=0.222741 found=0 added=0 exhausted=False cert=False
[clean-BPC  2358.14s] node 45 cg=2 phase=phase2 kind=heuristic_boost best_rc=0.222741 found=0 added=0 exhausted=True cert=True
[clean-BPC  2358.14s] route-pack-conflict diag node 45 source_vehicle=1 routes=5 U=4 complete=True cache_hit=True states=112 added=0
[clean-BPC  2359.33s] cut_added family=schedule_nogood_core node=45 added=1 source_vehicle=1 route_count=4 signatures=[[6, 14, 17, 10], [4, 19, 16, 15, 18], [8, 20, 5], [2, 3, 1]]
[clean-BPC  2359.33s] node 46 d=11 lb=229.371345 open=22
[clean-BPC  2359.57s] node 46 cg=1 phase=phase1 obj=0.0 artificial=0.0 cols=3103
[clean-BPC  2359.85s] node 46 cg=2 phase=phase2 obj=229.381931 artificial=0.0 cols=3103
[clean-BPC  2359.85s] cut_purged node=46 removed=2 by_kind={'schedule_nogood_core': 2} remaining=112
[clean-BPC  2360.13s] node 46 cg=3 phase=phase2 obj=229.381931 artificial=0.0 cols=3103
[clean-BPC  2364.69s] node 46 cg=3 phase=phase2 kind=heuristic best_rc=0.237608625 found=0 added=0 exhausted=False cert=False
[clean-BPC  2374.81s] node 46 cg=3 phase=phase2 kind=heuristic_boost best_rc=0.186874281 found=0 added=0 exhausted=True cert=True
[clean-BPC  2381.00s] branch node 46: left=RF(5,8)=separate right=RF(5,8)=same
[clean-BPC  2381.00s] node 45 d=11 lb=229.371345 open=23
[clean-BPC  2381.26s] node 45 cg=1 phase=phase1 obj=0.0 artificial=0.0 cols=3103
[clean-BPC  2381.53s] node 45 cg=2 phase=phase2 obj=229.380754 artificial=0.0 cols=3103
[clean-BPC  2381.53s] cut_purged node=45 removed=1 by_kind={'schedule_nogood_core': 1} remaining=111
[clean-BPC  2381.78s] node 45 cg=3 phase=phase2 obj=229.380754 artificial=0.0 cols=3103
[clean-BPC  2386.68s] node 45 cg=3 phase=phase2 kind=heuristic best_rc=0.222741 found=0 added=0 exhausted=False cert=False
[clean-BPC  2396.92s] node 45 cg=3 phase=phase2 kind=heuristic_boost best_rc=0.222741 found=0 added=0 exhausted=True cert=True
[clean-BPC  2402.31s] branch node 45: left=arc(17,3)=off right=arc(17,3)=on
[clean-BPC  2402.31s] node 37 d=9 lb=229.377859 open=24
[clean-BPC  2402.60s] node 37 cg=1 phase=phase1 obj=0.0 artificial=0.0 cols=3103
[clean-BPC  2402.91s] node 37 cg=2 phase=phase2 obj=229.371345 artificial=0.0 cols=3103
[clean-BPC  2407.62s] node 37 cg=2 phase=phase2 kind=heuristic best_rc=0.148082 found=0 added=0 exhausted=False cert=False
[clean-BPC  2418.08s] node 37 cg=2 phase=phase2 kind=heuristic_boost best_rc=0.148082 found=0 added=0 exhausted=True cert=True
[clean-BPC  2418.09s] route-pack-conflict diag node 37 source_vehicle=1 routes=5 U=4 complete=True cache_hit=True states=114 added=0
[clean-BPC  2418.62s] cut_added family=schedule_nogood_core node=37 added=1 source_vehicle=1 route_count=3 signatures=[[10, 17, 14, 6], [18, 15, 16, 19, 4], [5, 20, 8]]
[clean-BPC  2418.62s] node 37 d=9 lb=229.371345 open=24
[clean-BPC  2418.91s] node 37 cg=1 phase=phase1 obj=0.0 artificial=0.0 cols=3103
[clean-BPC  2419.19s] node 37 cg=2 phase=phase2 obj=229.384356 artificial=0.0 cols=3103
[clean-BPC  2423.95s] node 37 cg=2 phase=phase2 kind=heuristic best_rc=0.142401 found=0 added=0 exhausted=False cert=False
[clean-BPC  2434.76s] node 37 cg=2 phase=phase2 kind=heuristic_boost best_rc=0.142401 found=0 added=0 exhausted=True cert=True
[clean-BPC  2443.04s] branch node 37: left=RF(18,20)=separate right=RF(18,20)=same
[clean-BPC  2443.04s] node 38 d=9 lb=229.377859 open=25
[clean-BPC  2443.29s] node 38 cg=1 phase=phase1 obj=0.0 artificial=0.0 cols=3103
[clean-BPC  2443.56s] node 38 cg=2 phase=phase2 obj=231.114366 artificial=0.0 cols=3103
[clean-BPC  2447.04s] node 38 cg=2 phase=phase2 kind=heuristic best_rc=-0.614813 found=5 added=5 exhausted=False cert=False
[clean-BPC  2447.29s] node 38 cg=3 phase=phase2 obj=231.114366 artificial=0.0 cols=3108
[clean-BPC  2450.84s] node 38 cg=3 phase=phase2 kind=heuristic best_rc=-0.0 found=0 added=0 exhausted=False cert=False
[clean-BPC  2456.67s] node 38 cg=3 phase=phase2 kind=heuristic_boost best_rc=-0.133607444 found=2 added=2 exhausted=True cert=True
[clean-BPC  2456.94s] node 38 cg=4 phase=phase2 obj=231.114366 artificial=0.0 cols=3110
[clean-BPC  2460.58s] node 38 cg=4 phase=phase2 kind=heuristic best_rc=-0.066522167 found=3 added=3 exhausted=False cert=False
[clean-BPC  2460.85s] node 38 cg=5 phase=phase2 obj=231.114366 artificial=0.0 cols=3113
[clean-BPC  2464.41s] node 38 cg=5 phase=phase2 kind=heuristic best_rc=0.0 found=0 added=0 exhausted=False cert=False
[clean-BPC  2470.58s] node 38 cg=5 phase=phase2 kind=heuristic_boost best_rc=0.0 found=0 added=0 exhausted=True cert=True
[clean-BPC  2477.43s] branch node 38: left=RF(5,8)=separate right=RF(5,8)=same
[clean-BPC  2477.43s] node 49 d=12 lb=229.380754 open=26
[clean-BPC  2477.70s] node 49 cg=1 phase=phase1 obj=0.0 artificial=0.0 cols=3113
[clean-BPC  2477.97s] node 49 cg=2 phase=phase2 obj=229.391585 artificial=0.0 cols=3113
[clean-BPC  2482.77s] node 49 cg=2 phase=phase2 kind=heuristic best_rc=0.222741 found=0 added=0 exhausted=False cert=False
[clean-BPC  2493.01s] node 49 cg=2 phase=phase2 kind=heuristic_boost best_rc=0.222741 found=0 added=0 exhausted=True cert=True
[clean-BPC  2500.42s] branch node 49: left=RF(18,20)=separate right=RF(18,20)=same
[clean-BPC  2500.42s] node 50 d=12 lb=229.380754 open=27
[clean-BPC  2500.67s] node 50 cg=1 phase=phase1 obj=0.0 artificial=0.0 cols=3113
[clean-BPC  2500.93s] node 50 cg=2 phase=phase2 obj=231.817945 artificial=0.0 cols=3113
[clean-BPC  2504.24s] node 50 cg=2 phase=phase2 kind=heuristic best_rc=-1.739610769 found=16 added=16 exhausted=False cert=False
[clean-BPC  2504.51s] node 50 cg=3 phase=phase2 obj=231.176721 artificial=0.0 cols=3129
[clean-BPC  2508.55s] node 50 cg=3 phase=phase2 kind=heuristic best_rc=-0.2891315 found=5 added=5 exhausted=False cert=False
[clean-BPC  2508.82s] node 50 cg=4 phase=phase2 obj=231.176721 artificial=0.0 cols=3134
[clean-BPC  2508.82s] cut_purged node=50 removed=2 by_kind={'schedule_nogood_core': 2} remaining=110
[clean-BPC  2509.08s] node 50 cg=5 phase=phase2 obj=231.176721 artificial=0.0 cols=3134
[clean-BPC  2513.14s] node 50 cg=5 phase=phase2 kind=heuristic best_rc=0.148082 found=0 added=0 exhausted=False cert=False
[clean-BPC  2520.71s] node 50 cg=5 phase=phase2 kind=heuristic_boost best_rc=0.135076368 found=0 added=0 exhausted=True cert=True
[clean-BPC  2520.72s] route-pack-conflict diag node 50 source_vehicle=1 routes=5 U=3 complete=True cache_hit=False states=99 added=2
[clean-BPC  2520.72s] cut_added family=schedule_route_set_packing node=50 added=2 source=schedule_conflict first(vehicle=1, routes=5, U=3, states=99, cache_hit=False)
[clean-BPC  2520.72s] node 48 d=12 lb=229.381931 open=27
[clean-BPC  2520.94s] node 48 cg=1 phase=phase1 obj=0.0 artificial=0.0 cols=3134
[clean-BPC  2521.14s] node 48 cg=2 phase=phase2 obj=229.750721 artificial=0.0 cols=3134
[clean-BPC  2524.96s] node 48 cg=2 phase=phase2 kind=heuristic best_rc=-0.0782388 found=2 added=2 exhausted=False cert=False
[clean-BPC  2525.17s] node 48 cg=3 phase=phase2 obj=229.745831 artificial=0.0 cols=3136
[clean-BPC  2529.00s] node 48 cg=3 phase=phase2 kind=heuristic best_rc=0.182808937 found=0 added=0 exhausted=False cert=False
[clean-BPC  2535.27s] node 48 cg=3 phase=phase2 kind=heuristic_boost best_rc=0.182808937 found=0 added=0 exhausted=True cert=True
[clean-BPC  2541.56s] branch node 48: left=RF(3,9)=separate right=RF(3,9)=same
[clean-BPC  2541.56s] node 47 d=12 lb=229.381931 open=28
[clean-BPC  2541.82s] node 47 cg=1 phase=phase1 obj=0.0 artificial=0.0 cols=3136
[clean-BPC  2542.11s] node 47 cg=2 phase=phase2 obj=229.61261 artificial=0.0 cols=3136
[clean-BPC  2546.73s] node 47 cg=2 phase=phase2 kind=heuristic best_rc=-0.0 found=0 added=0 exhausted=False cert=False
[clean-BPC  2555.95s] node 47 cg=2 phase=phase2 kind=heuristic_boost best_rc=-0.0 found=0 added=0 exhausted=True cert=True
[clean-BPC  2563.10s] branch node 47: left=RF(16,20)=separate right=RF(16,20)=same
[clean-BPC  2563.10s] node 52 d=10 lb=229.384356 open=29
[clean-BPC  2563.29s] node 52 cg=1 phase=phase1 obj=0.0 artificial=0.0 cols=3136
[clean-BPC  2563.50s] node 52 cg=2 phase=phase2 obj=231.409141 artificial=0.0 cols=3136
[clean-BPC  2566.14s] node 52 cg=2 phase=phase2 kind=heuristic best_rc=-1.689870306 found=9 added=9 exhausted=False cert=False
[clean-BPC  2566.35s] node 52 cg=3 phase=phase2 obj=231.409141 artificial=0.0 cols=3145
[clean-BPC  2569.32s] node 52 cg=3 phase=phase2 kind=heuristic best_rc=0.0 found=0 added=0 exhausted=False cert=False
[clean-BPC  2577.34s] node 52 cg=3 phase=phase2 kind=heuristic_boost best_rc=-0.0 found=0 added=0 exhausted=True cert=True
[clean-BPC  2581.98s] branch node 52: left=RF(2,4)=separate right=RF(2,4)=same
[clean-BPC  2581.98s] node 51 d=10 lb=229.384356 open=30
[clean-BPC  2582.28s] node 51 cg=1 phase=phase1 obj=0.0 artificial=0.0 cols=3145
[clean-BPC  2582.60s] node 51 cg=2 phase=phase2 obj=229.371345 artificial=0.0 cols=3145
[clean-BPC  2587.07s] node 51 cg=2 phase=phase2 kind=heuristic best_rc=0.148082 found=0 added=0 exhausted=False cert=False
[clean-BPC  2596.76s] node 51 cg=2 phase=phase2 kind=heuristic_boost best_rc=-0.0558435 found=2 added=2 exhausted=True cert=True
[clean-BPC  2597.07s] node 51 cg=3 phase=phase2 obj=229.371345 artificial=0.0 cols=3147
[clean-BPC  2601.90s] node 51 cg=3 phase=phase2 kind=heuristic best_rc=0.148082 found=0 added=0 exhausted=False cert=False
[clean-BPC  2611.91s] node 51 cg=3 phase=phase2 kind=heuristic_boost best_rc=-0.060467 found=2 added=2 exhausted=True cert=True
[clean-BPC  2612.23s] node 51 cg=4 phase=phase2 obj=229.371345 artificial=0.0 cols=3149
[clean-BPC  2617.13s] node 51 cg=4 phase=phase2 kind=heuristic best_rc=0.107641333 found=0 added=0 exhausted=False cert=False
[clean-BPC  2628.20s] node 51 cg=4 phase=phase2 kind=heuristic_boost best_rc=0.107641333 found=0 added=0 exhausted=True cert=True
[clean-BPC  2628.21s] route-pack-conflict diag node 51 source_vehicle=1 routes=5 U=4 complete=True cache_hit=True states=114 added=0
[clean-BPC  2628.72s] cut_added family=schedule_nogood_core node=51 added=1 source_vehicle=1 route_count=3 signatures=[[10, 17, 14, 6], [18, 15, 16, 19, 4], [5, 20, 8]]
[clean-BPC  2628.72s] node 51 d=10 lb=229.371345 open=30
[clean-BPC  2629.02s] node 51 cg=1 phase=phase1 obj=0.0 artificial=0.0 cols=3149
[clean-BPC  2629.34s] node 51 cg=2 phase=phase2 obj=229.371345 artificial=0.0 cols=3149
[clean-BPC  2633.71s] node 51 cg=2 phase=phase2 kind=heuristic best_rc=-0.050323596 found=2 added=2 exhausted=False cert=False
[clean-BPC  2634.00s] node 51 cg=3 phase=phase2 obj=229.371345 artificial=0.0 cols=3151
[clean-BPC  2634.00s] cut_purged node=51 removed=1 by_kind={'schedule_nogood_core': 1} remaining=112
[clean-BPC  2634.31s] node 51 cg=4 phase=phase2 obj=229.371345 artificial=0.0 cols=3151
[clean-BPC  2638.67s] node 51 cg=4 phase=phase2 kind=heuristic best_rc=0.222741 found=0 added=0 exhausted=False cert=False
[clean-BPC  2648.30s] node 51 cg=4 phase=phase2 kind=heuristic_boost best_rc=0.222741 found=0 added=0 exhausted=True cert=True
[clean-BPC  2648.30s] route-pack-conflict diag node 51 source_vehicle=1 routes=5 U=4 complete=True cache_hit=True states=97 added=0
[clean-BPC  2648.62s] cut_added family=schedule_nogood_core node=51 added=1 source_vehicle=1 route_count=3 signatures=[[18, 15, 16, 19, 4], [8, 20, 5], [2, 3, 1]]
[clean-BPC  2648.62s] node 51 d=10 lb=229.371345 open=30
[clean-BPC  2648.92s] node 51 cg=1 phase=phase1 obj=0.0 artificial=0.0 cols=3151
[clean-BPC  2649.24s] node 51 cg=2 phase=phase2 obj=229.408091 artificial=0.0 cols=3151
[clean-BPC  2654.01s] node 51 cg=2 phase=phase2 kind=heuristic best_rc=0.037503711 found=0 added=0 exhausted=False cert=False
[clean-BPC  2664.66s] node 51 cg=2 phase=phase2 kind=heuristic_boost best_rc=-0.12189618 found=2 added=2 exhausted=True cert=True
[clean-BPC  2664.98s] node 51 cg=3 phase=phase2 obj=229.408091 artificial=0.0 cols=3153
[clean-BPC  2670.02s] node 51 cg=3 phase=phase2 kind=heuristic best_rc=0.037503711 found=0 added=0 exhausted=False cert=False
[clean-BPC  2681.29s] node 51 cg=3 phase=phase2 kind=heuristic_boost best_rc=0.037503711 found=0 added=0 exhausted=True cert=True
[clean-BPC  2690.11s] branch node 51: left=RF(5,8)=separate right=RF(5,8)=same
[clean-BPC  2690.11s] node 56 d=13 lb=229.391585 open=31
[clean-BPC  2690.30s] node 56 cg=1 phase=phase1 obj=0.0 artificial=0.0 cols=3153
[clean-BPC  2690.48s] node 56 cg=2 phase=phase2 obj=231.409141 artificial=0.0 cols=3153
[clean-BPC  2693.32s] node 56 cg=2 phase=phase2 kind=heuristic best_rc=0.162480667 found=0 added=0 exhausted=False cert=False
[clean-BPC  2700.86s] node 56 cg=2 phase=phase2 kind=heuristic_boost best_rc=-0.855311 found=1 added=1 exhausted=True cert=True
[clean-BPC  2701.05s] node 56 cg=3 phase=phase2 obj=231.409141 artificial=0.0 cols=3154
[clean-BPC  2704.07s] node 56 cg=3 phase=phase2 kind=heuristic best_rc=0.0 found=0 added=0 exhausted=False cert=False
[clean-BPC  2710.11s] node 56 cg=3 phase=phase2 kind=heuristic_boost best_rc=-0.0 found=0 added=0 exhausted=True cert=True
[clean-BPC  2713.41s] branch node 56: left=RF(2,4)=separate right=RF(2,4)=same
[clean-BPC  2713.41s] node 55 d=13 lb=229.391585 open=32
[clean-BPC  2713.67s] node 55 cg=1 phase=phase1 obj=0.0 artificial=0.0 cols=3154
[clean-BPC  2713.93s] node 55 cg=2 phase=phase2 obj=229.371345 artificial=0.0 cols=3154
[clean-BPC  2718.81s] node 55 cg=2 phase=phase2 kind=heuristic best_rc=0.222741 found=0 added=0 exhausted=False cert=False
[clean-BPC  2729.03s] node 55 cg=2 phase=phase2 kind=heuristic_boost best_rc=0.222741 found=0 added=0 exhausted=True cert=True
[clean-BPC  2729.04s] route-pack-conflict diag node 55 source_vehicle=1 routes=5 U=4 complete=True cache_hit=True states=112 added=0
[clean-BPC  2730.28s] cut_added family=schedule_nogood_core node=55 added=1 source_vehicle=1 route_count=4 signatures=[[6, 14, 17, 10], [4, 19, 16, 15, 18], [8, 20, 5], [2, 3, 1]]
[clean-BPC  2730.28s] node 55 d=13 lb=229.371345 open=32
[clean-BPC  2730.59s] node 55 cg=1 phase=phase1 obj=0.0 artificial=0.0 cols=3154
[clean-BPC  2730.90s] node 55 cg=2 phase=phase2 obj=229.435369 artificial=0.0 cols=3154
[clean-BPC  2736.16s] node 55 cg=2 phase=phase2 kind=heuristic best_rc=-0.0 found=0 added=0 exhausted=False cert=False
[clean-BPC  2746.61s] node 55 cg=2 phase=phase2 kind=heuristic_boost best_rc=-0.0 found=0 added=0 exhausted=True cert=True
[clean-BPC  2753.61s] branch node 55: left=RF(5,8)=separate right=RF(5,8)=same
[clean-BPC  2753.61s] node 8 d=4 lb=229.39794 open=33
[clean-BPC  2753.74s] node 8 cg=1 phase=phase1 obj=0.0 artificial=0.0 cols=3154
[clean-BPC  2753.89s] node 8 cg=2 phase=phase2 obj=229.39794 artificial=0.0 cols=3154
[clean-BPC  2756.83s] node 8 cg=2 phase=phase2 kind=heuristic best_rc=-0.2697575 found=4 added=4 exhausted=False cert=False
[clean-BPC  2756.96s] node 8 cg=3 phase=phase2 obj=229.39794 artificial=0.0 cols=3158
[clean-BPC  2759.90s] node 8 cg=3 phase=phase2 kind=heuristic best_rc=-0.0 found=0 added=0 exhausted=False cert=False
[clean-BPC  2766.96s] node 8 cg=3 phase=phase2 kind=heuristic_boost best_rc=-0.0361285 found=2 added=2 exhausted=True cert=True
[clean-BPC  2767.10s] node 8 cg=4 phase=phase2 obj=229.39794 artificial=0.0 cols=3160
[clean-BPC  2770.07s] node 8 cg=4 phase=phase2 kind=heuristic best_rc=0.0 found=0 added=0 exhausted=False cert=False
[clean-BPC  2777.24s] node 8 cg=4 phase=phase2 kind=heuristic_boost best_rc=0.0 found=0 added=0 exhausted=True cert=True
[clean-BPC  2777.25s] route-pack-conflict diag node 8 source_vehicle=1 routes=5 U=4 complete=True cache_hit=False states=112 added=0
[clean-BPC  2777.90s] cut_added family=schedule_nogood_core node=8 added=2 source_vehicle=1 route_count=3 signatures=[[18, 15, 16, 19, 4], [2, 6, 10, 8], [1, 3, 20, 5]]
[clean-BPC  2777.90s] node 8 d=4 lb=229.39794 open=33
[clean-BPC  2778.04s] node 8 cg=1 phase=phase1 obj=0.0 artificial=0.0 cols=3160
[clean-BPC  2778.19s] node 8 cg=2 phase=phase2 obj=229.39794 artificial=0.0 cols=3160
[clean-BPC  2778.19s] cut_purged node=8 removed=1 by_kind={'schedule_nogood_core': 1} remaining=115
[clean-BPC  2778.33s] node 8 cg=3 phase=phase2 obj=229.39794 artificial=0.0 cols=3160
[clean-BPC  2781.27s] node 8 cg=3 phase=phase2 kind=heuristic best_rc=-0.0 found=0 added=0 exhausted=False cert=False
[clean-BPC  2788.35s] node 8 cg=3 phase=phase2 kind=heuristic_boost best_rc=-0.0 found=0 added=0 exhausted=True cert=True
[clean-BPC  2788.36s] route-pack-conflict diag node 8 source_vehicle=1 routes=5 U=4 complete=True cache_hit=False states=112 added=0
[clean-BPC  2789.01s] cut_added family=schedule_nogood_core node=8 added=2 source_vehicle=1 route_count=3 signatures=[[18, 15, 16, 19, 4], [2, 8, 10, 6], [1, 3, 20, 5]]
[clean-BPC  2789.01s] node 8 d=4 lb=229.39794 open=33
[clean-BPC  2789.14s] node 8 cg=1 phase=phase1 obj=0.0 artificial=0.0 cols=3160
[clean-BPC  2789.30s] node 8 cg=2 phase=phase2 obj=229.39794 artificial=0.0 cols=3160
[clean-BPC  2792.26s] node 8 cg=2 phase=phase2 kind=heuristic best_rc=0.0 found=0 added=0 exhausted=False cert=False
[clean-BPC  2799.36s] node 8 cg=2 phase=phase2 kind=heuristic_boost best_rc=0.0 found=0 added=0 exhausted=True cert=True
[clean-BPC  2799.37s] route-pack-conflict diag node 8 source_vehicle=1 routes=5 U=4 complete=True cache_hit=False states=120 added=0
[clean-BPC  2800.44s] cut_added family=schedule_nogood_core node=8 added=1 source_vehicle=1 route_count=4 signatures=[[4, 19, 16, 15, 18], [2, 6, 10, 8], [1, 3, 20, 5], [7, 12, 13, 9]]
[clean-BPC  2800.44s] node 8 d=4 lb=229.39794 open=33
[clean-BPC  2800.57s] node 8 cg=1 phase=phase1 obj=0.0 artificial=0.0 cols=3160
[clean-BPC  2800.72s] node 8 cg=2 phase=phase2 obj=229.39794 artificial=0.0 cols=3160
[clean-BPC  2800.72s] cut_purged node=8 removed=1 by_kind={'schedule_nogood_core': 1} remaining=117
[clean-BPC  2800.86s] node 8 cg=3 phase=phase2 obj=229.39794 artificial=0.0 cols=3160
[clean-BPC  2800.86s] cut_purged node=8 removed=1 by_kind={'schedule_nogood_core': 1} remaining=116
[clean-BPC  2800.99s] node 8 cg=4 phase=phase2 obj=229.39794 artificial=0.0 cols=3160
[clean-BPC  2803.99s] node 8 cg=4 phase=phase2 kind=heuristic best_rc=0.0 found=0 added=0 exhausted=False cert=False
[clean-BPC  2811.19s] node 8 cg=4 phase=phase2 kind=heuristic_boost best_rc=0.0 found=0 added=0 exhausted=True cert=True
[clean-BPC  2811.20s] route-pack-conflict diag node 8 source_vehicle=1 routes=5 U=4 complete=True cache_hit=False states=120 added=0
[clean-BPC  2812.28s] cut_added family=schedule_nogood_core node=8 added=2 source_vehicle=1 route_count=4 signatures=[[4, 19, 16, 15, 18], [2, 6, 10, 8], [1, 3, 20, 5], [9, 13, 12, 7]]
[clean-BPC  2812.28s] node 8 d=4 lb=229.39794 open=33
[clean-BPC  2812.42s] node 8 cg=1 phase=phase1 obj=0.0 artificial=0.0 cols=3160
[clean-BPC  2812.55s] node 8 cg=2 phase=phase2 obj=229.39794 artificial=0.0 cols=3160
[clean-BPC  2815.52s] node 8 cg=2 phase=phase2 kind=heuristic best_rc=-0.0 found=0 added=0 exhausted=False cert=False
[clean-BPC  2822.64s] node 8 cg=2 phase=phase2 kind=heuristic_boost best_rc=-0.0 found=0 added=0 exhausted=True cert=True
[clean-BPC  2825.20s] branch node 8: left=arc(13,9)=off right=arc(13,9)=on
[clean-BPC  2825.20s] node 69 d=5 lb=229.39794 open=34
[clean-BPC  2825.33s] node 69 cg=1 phase=phase1 obj=0.0 artificial=0.0 cols=3160
[clean-BPC  2825.46s] node 69 cg=2 phase=phase2 obj=229.39794 artificial=0.0 cols=3160
[clean-BPC  2828.28s] node 69 cg=2 phase=phase2 kind=heuristic best_rc=-0.0 found=0 added=0 exhausted=False cert=False
[clean-BPC  2834.92s] node 69 cg=2 phase=phase2 kind=heuristic_boost best_rc=-0.0 found=0 added=0 exhausted=True cert=True
[clean-BPC  2834.93s] route-pack-conflict diag node 69 source_vehicle=1 routes=5 U=4 complete=True cache_hit=False states=120 added=0
[clean-BPC  2835.97s] cut_added family=schedule_nogood_core node=69 added=2 source_vehicle=1 route_count=4 signatures=[[4, 19, 16, 15, 18], [2, 8, 10, 6], [1, 3, 20, 5], [9, 13, 12, 7]]
[clean-BPC  2835.97s] node 70 d=5 lb=229.39794 open=34
[clean-BPC  2836.12s] node 70 cg=1 phase=phase1 obj=0.0 artificial=0.0 cols=3160
[clean-BPC  2836.25s] node 70 cg=2 phase=phase2 obj=229.39794 artificial=0.0 cols=3160
[clean-BPC  2839.14s] node 70 cg=2 phase=phase2 kind=heuristic best_rc=-0.404681 found=4 added=4 exhausted=False cert=False
[clean-BPC  2839.27s] node 70 cg=3 phase=phase2 obj=229.39794 artificial=0.0 cols=3164
[clean-BPC  2842.19s] node 70 cg=3 phase=phase2 kind=heuristic best_rc=-0.023703 found=2 added=2 exhausted=False cert=False
[clean-BPC  2842.32s] node 70 cg=4 phase=phase2 obj=229.39794 artificial=0.0 cols=3166
[clean-BPC  2845.26s] node 70 cg=4 phase=phase2 kind=heuristic best_rc=0.0 found=0 added=0 exhausted=False cert=False
[clean-BPC  2852.47s] node 70 cg=4 phase=phase2 kind=heuristic_boost best_rc=0.0 found=0 added=0 exhausted=True cert=True
[clean-BPC  2852.48s] route-pack-conflict diag node 70 source_vehicle=1 routes=5 U=4 complete=True cache_hit=False states=120 added=0
[clean-BPC  2853.54s] cut_added family=schedule_nogood_core node=70 added=2 source_vehicle=1 route_count=4 signatures=[[4, 19, 16, 15, 18], [2, 6, 10, 8], [1, 5, 20, 3], [7, 12, 13, 9]]
[clean-BPC  2853.54s] node 69 d=5 lb=229.39794 open=34
[clean-BPC  2853.67s] node 69 cg=1 phase=phase1 obj=0.0 artificial=0.0 cols=3166
[clean-BPC  2853.80s] node 69 cg=2 phase=phase2 obj=229.39794 artificial=0.0 cols=3166
[clean-BPC  2856.73s] node 69 cg=2 phase=phase2 kind=heuristic best_rc=-0.225537 found=3 added=3 exhausted=False cert=False
[clean-BPC  2856.86s] node 69 cg=3 phase=phase2 obj=229.39794 artificial=0.0 cols=3169
[clean-BPC  2859.86s] node 69 cg=3 phase=phase2 kind=heuristic best_rc=-0.0918245 found=1 added=1 exhausted=False cert=False
[clean-BPC  2859.99s] node 69 cg=4 phase=phase2 obj=229.39794 artificial=0.0 cols=3170
[clean-BPC  2863.01s] node 69 cg=4 phase=phase2 kind=heuristic best_rc=-0.0 found=0 added=0 exhausted=False cert=False
[clean-BPC  2870.03s] node 69 cg=4 phase=phase2 kind=heuristic_boost best_rc=-0.786946333 found=4 added=4 exhausted=True cert=True
[clean-BPC  2870.16s] node 69 cg=5 phase=phase2 obj=229.39794 artificial=0.0 cols=3174
[clean-BPC  2873.16s] node 69 cg=5 phase=phase2 kind=heuristic best_rc=-0.0 found=0 added=0 exhausted=False cert=False
[clean-BPC  2880.24s] node 69 cg=5 phase=phase2 kind=heuristic_boost best_rc=-0.256754167 found=2 added=2 exhausted=True cert=True
[clean-BPC  2880.39s] node 69 cg=6 phase=phase2 obj=229.39794 artificial=0.0 cols=3176
[clean-BPC  2883.39s] node 69 cg=6 phase=phase2 kind=heuristic best_rc=-0.0 found=0 added=0 exhausted=False cert=False
[clean-BPC  2890.46s] node 69 cg=6 phase=phase2 kind=heuristic_boost best_rc=-0.0 found=0 added=0 exhausted=True cert=True
[clean-BPC  2890.47s] route-pack-conflict diag node 69 source_vehicle=1 routes=5 U=4 complete=True cache_hit=False states=117 added=0
[clean-BPC  2891.55s] cut_added family=schedule_nogood_core node=69 added=2 source_vehicle=1 route_count=4 signatures=[[4, 19, 16, 15, 18], [8, 10, 6, 2], [1, 3, 20, 5], [9, 13, 12, 7]]
[clean-BPC  2891.55s] node 70 d=5 lb=229.39794 open=34
[clean-BPC  2891.68s] node 70 cg=1 phase=phase1 obj=0.0 artificial=0.0 cols=3176
[clean-BPC  2891.84s] node 70 cg=2 phase=phase2 obj=229.39794 artificial=0.0 cols=3176
[clean-BPC  2894.68s] node 70 cg=2 phase=phase2 kind=heuristic best_rc=-0.003735 found=2 added=2 exhausted=False cert=False
[clean-BPC  2894.83s] node 70 cg=3 phase=phase2 obj=229.39794 artificial=0.0 cols=3178
[clean-BPC  2897.64s] node 70 cg=3 phase=phase2 kind=heuristic best_rc=0.0 found=0 added=0 exhausted=False cert=False
[clean-BPC  2904.51s] node 70 cg=3 phase=phase2 kind=heuristic_boost best_rc=0.0 found=0 added=0 exhausted=True cert=True
[clean-BPC  2908.03s] branch node 70: left=arc(1,3)=off right=arc(1,3)=on
[clean-BPC  2908.03s] node 69 d=5 lb=229.39794 open=35
[clean-BPC  2908.18s] node 69 cg=1 phase=phase1 obj=0.0 artificial=0.0 cols=3178
[clean-BPC  2908.31s] node 69 cg=2 phase=phase2 obj=229.39794 artificial=0.0 cols=3178
[clean-BPC  2911.29s] node 69 cg=2 phase=phase2 kind=heuristic best_rc=0.0 found=0 added=0 exhausted=False cert=False
[clean-BPC  2918.27s] node 69 cg=2 phase=phase2 kind=heuristic_boost best_rc=-0.273625 found=2 added=2 exhausted=True cert=True
[clean-BPC  2918.41s] node 69 cg=3 phase=phase2 obj=229.39794 artificial=0.0 cols=3180
[clean-BPC  2921.32s] node 69 cg=3 phase=phase2 kind=heuristic best_rc=-0.0 found=0 added=0 exhausted=False cert=False
[clean-BPC  2928.30s] node 69 cg=3 phase=phase2 kind=heuristic_boost best_rc=-0.0 found=0 added=0 exhausted=True cert=True
[clean-BPC  2928.31s] route-pack-conflict diag node 69 source_vehicle=1 routes=5 U=4 complete=True cache_hit=False states=120 added=0
[clean-BPC  2929.39s] cut_added family=schedule_nogood_core node=69 added=2 source_vehicle=1 route_count=4 signatures=[[4, 19, 16, 15, 18], [2, 6, 10, 8], [1, 5, 20, 3], [9, 13, 12, 7]]
[clean-BPC  2929.39s] node 71 d=6 lb=229.39794 open=35
[clean-BPC  2929.52s] node 71 cg=1 phase=phase1 obj=0.0 artificial=0.0 cols=3180
[clean-BPC  2929.67s] node 71 cg=2 phase=phase2 obj=229.39794 artificial=0.0 cols=3180
[clean-BPC  2929.67s] cut_purged node=71 removed=1 by_kind={'schedule_nogood_core': 1} remaining=125
[clean-BPC  2929.81s] node 71 cg=3 phase=phase2 obj=229.39794 artificial=0.0 cols=3180
[clean-BPC  2932.64s] node 71 cg=3 phase=phase2 kind=heuristic best_rc=0.0 found=0 added=0 exhausted=False cert=False
[clean-BPC  2939.35s] node 71 cg=3 phase=phase2 kind=heuristic_boost best_rc=0.0 found=0 added=0 exhausted=True cert=True
[clean-BPC  2939.36s] route-pack-conflict diag node 71 source_vehicle=1 routes=5 U=4 complete=True cache_hit=False states=109 added=0
[clean-BPC  2940.01s] cut_added family=schedule_nogood_core node=71 added=2 source_vehicle=1 route_count=3 signatures=[[18, 15, 16, 19, 4], [2, 6, 10, 8], [1, 5, 20, 3]]
[clean-BPC  2940.01s] node 72 d=6 lb=229.39794 open=35
[clean-BPC  2940.16s] node 72 cg=1 phase=phase1 obj=0.0 artificial=0.0 cols=3180
[clean-BPC  2940.30s] node 72 cg=2 phase=phase2 obj=229.39794 artificial=0.0 cols=3180
[clean-BPC  2943.21s] node 72 cg=2 phase=phase2 kind=heuristic best_rc=-0.004416667 found=2 added=2 exhausted=False cert=False
[clean-BPC  2943.35s] node 72 cg=3 phase=phase2 obj=229.39794 artificial=0.0 cols=3182
[clean-BPC  2943.35s] cut_purged node=72 removed=2 by_kind={'schedule_nogood_core': 2} remaining=125
[clean-BPC  2943.49s] node 72 cg=4 phase=phase2 obj=229.39794 artificial=0.0 cols=3182
[clean-BPC  2946.48s] node 72 cg=4 phase=phase2 kind=heuristic best_rc=-0.7965065 found=4 added=4 exhausted=False cert=False
[clean-BPC  2946.62s] node 72 cg=5 phase=phase2 obj=229.39794 artificial=0.0 cols=3186
[clean-BPC  2949.61s] node 72 cg=5 phase=phase2 kind=heuristic best_rc=0.0 found=0 added=0 exhausted=False cert=False
[clean-BPC  2957.10s] node 72 cg=5 phase=phase2 kind=heuristic_boost best_rc=-0.0 found=0 added=0 exhausted=True cert=True
[clean-BPC  2957.11s] route-pack-conflict diag node 72 source_vehicle=1 routes=5 U=4 complete=True cache_hit=False states=120 added=0
[clean-BPC  2958.18s] cut_added family=schedule_nogood_core node=72 added=2 source_vehicle=1 route_count=4 signatures=[[4, 19, 16, 15, 18], [2, 8, 10, 6], [1, 3, 20, 5], [7, 12, 13, 9]]
[clean-BPC  2958.18s] node 69 d=5 lb=229.39794 open=35
[clean-BPC  2958.32s] node 69 cg=1 phase=phase1 obj=0.0 artificial=0.0 cols=3186
[clean-BPC  2958.45s] node 69 cg=2 phase=phase2 obj=229.39794 artificial=0.0 cols=3186
[clean-BPC  2961.47s] node 69 cg=2 phase=phase2 kind=heuristic best_rc=0.0 found=0 added=0 exhausted=False cert=False
[clean-BPC  2968.51s] node 69 cg=2 phase=phase2 kind=heuristic_boost best_rc=-0.191748 found=2 added=2 exhausted=True cert=True
[clean-BPC  2968.64s] node 69 cg=3 phase=phase2 obj=229.39794 artificial=0.0 cols=3188
[clean-BPC  2968.64s] cut_purged node=69 removed=1 by_kind={'schedule_nogood_core': 1} remaining=126
[clean-BPC  2968.79s] node 69 cg=4 phase=phase2 obj=229.39794 artificial=0.0 cols=3188
[clean-BPC  2971.77s] node 69 cg=4 phase=phase2 kind=heuristic best_rc=0.0 found=0 added=0 exhausted=False cert=False
[clean-BPC  2978.86s] node 69 cg=4 phase=phase2 kind=heuristic_boost best_rc=-0.150079333 found=1 added=1 exhausted=True cert=True
[clean-BPC  2978.99s] node 69 cg=5 phase=phase2 obj=229.39794 artificial=0.0 cols=3189
[clean-BPC  2982.04s] node 69 cg=5 phase=phase2 kind=heuristic best_rc=0.0 found=0 added=0 exhausted=False cert=False
[clean-BPC  2989.14s] node 69 cg=5 phase=phase2 kind=heuristic_boost best_rc=0.0 found=0 added=0 exhausted=True cert=True
[clean-BPC  2989.14s] route-pack-conflict diag node 69 source_vehicle=1 routes=5 U=4 complete=True cache_hit=True states=120 added=0
[clean-BPC  2990.22s] cut_added family=schedule_nogood_core node=69 added=1 source_vehicle=1 route_count=4 signatures=[[4, 19, 16, 15, 18], [2, 6, 10, 8], [1, 5, 20, 3], [9, 13, 12, 7]]
[clean-BPC  2990.22s] node 71 d=6 lb=229.39794 open=35
[clean-BPC  2990.37s] node 71 cg=1 phase=phase1 obj=0.0 artificial=0.0 cols=3189
[clean-BPC  2990.51s] node 71 cg=2 phase=phase2 obj=229.39794 artificial=0.0 cols=3189
[clean-BPC  2993.52s] node 71 cg=2 phase=phase2 kind=heuristic best_rc=0.135415 found=0 added=0 exhausted=False cert=False
[clean-BPC  3000.92s] node 71 cg=2 phase=phase2 kind=heuristic_boost best_rc=0.0 found=0 added=0 exhausted=True cert=True
[clean-BPC  3000.93s] route-pack-conflict diag node 71 source_vehicle=1 routes=5 U=4 complete=True cache_hit=False states=120 added=0
[clean-BPC  3002.02s] cut_added family=schedule_nogood_core node=71 added=2 source_vehicle=1 route_count=4 signatures=[[4, 19, 16, 15, 18], [2, 8, 10, 6], [1, 5, 20, 3], [7, 12, 13, 9]]
[clean-BPC  3002.02s] node 72 d=6 lb=229.39794 open=35
[clean-BPC  3002.16s] node 72 cg=1 phase=phase1 obj=0.0 artificial=0.0 cols=3189
[clean-BPC  3002.30s] node 72 cg=2 phase=phase2 obj=229.39794 artificial=0.0 cols=3189
[clean-BPC  3005.27s] node 72 cg=2 phase=phase2 kind=heuristic best_rc=0.135415 found=0 added=0 exhausted=False cert=False
[clean-BPC  3012.92s] node 72 cg=2 phase=phase2 kind=heuristic_boost best_rc=0.0 found=0 added=0 exhausted=True cert=True
[clean-BPC  3015.68s] branch node 72: left=arc(2,6)=off right=arc(2,6)=on
[clean-BPC  3015.68s] node 69 d=5 lb=229.39794 open=36
[clean-BPC  3015.82s] node 69 cg=1 phase=phase1 obj=0.0 artificial=0.0 cols=3189
[clean-BPC  3015.97s] node 69 cg=2 phase=phase2 obj=229.39794 artificial=0.0 cols=3189
[clean-BPC  3018.94s] node 69 cg=2 phase=phase2 kind=heuristic best_rc=0.0 found=0 added=0 exhausted=False cert=False
[clean-BPC  3025.93s] node 69 cg=2 phase=phase2 kind=heuristic_boost best_rc=0.0 found=0 added=0 exhausted=True cert=True
[clean-BPC  3025.94s] route-pack-conflict diag node 69 source_vehicle=1 routes=5 U=4 complete=True cache_hit=True states=120 added=0
[clean-BPC  3026.99s] cut_added family=schedule_nogood_core node=69 added=1 source_vehicle=1 route_count=4 signatures=[[4, 19, 16, 15, 18], [2, 8, 10, 6], [1, 3, 20, 5], [9, 13, 12, 7]]
[clean-BPC  3026.99s] node 71 d=6 lb=229.39794 open=36
[clean-BPC  3027.13s] node 71 cg=1 phase=phase1 obj=0.0 artificial=0.0 cols=3189
[clean-BPC  3027.27s] node 71 cg=2 phase=phase2 obj=229.39794 artificial=0.0 cols=3189
[clean-BPC  3030.24s] node 71 cg=2 phase=phase2 kind=heuristic best_rc=0.135415 found=0 added=0 exhausted=False cert=False
[clean-BPC  3037.46s] node 71 cg=2 phase=phase2 kind=heuristic_boost best_rc=0.0 found=0 added=0 exhausted=True cert=True
[clean-BPC  3040.18s] branch node 71: left=arc(2,6)=off right=arc(2,6)=on
[clean-BPC  3040.18s] node 73 d=7 lb=229.39794 open=37
[clean-BPC  3040.31s] node 73 cg=1 phase=phase1 obj=0.0 artificial=0.0 cols=3189
[clean-BPC  3040.45s] node 73 cg=2 phase=phase2 obj=229.39794 artificial=0.0 cols=3189
[clean-BPC  3043.40s] node 73 cg=2 phase=phase2 kind=heuristic best_rc=0.135415 found=0 added=0 exhausted=False cert=False
[clean-BPC  3050.68s] node 73 cg=2 phase=phase2 kind=heuristic_boost best_rc=0.0 found=0 added=0 exhausted=True cert=True
[clean-BPC  3050.68s] route-pack-conflict diag node 73 source_vehicle=1 routes=5 U=4 complete=True cache_hit=True states=112 added=0
[clean-BPC  3051.32s] cut_added family=schedule_nogood_core node=73 added=1 source_vehicle=1 route_count=3 signatures=[[18, 15, 16, 19, 4], [2, 8, 10, 6], [1, 3, 20, 5]]
[clean-BPC  3051.32s] node 74 d=7 lb=229.39794 open=37
[clean-BPC  3051.47s] node 74 cg=1 phase=phase1 obj=0.0 artificial=0.0 cols=3189
[clean-BPC  3051.62s] node 74 cg=2 phase=phase2 obj=229.629485 artificial=0.0 cols=3189
[clean-BPC  3054.55s] node 74 cg=2 phase=phase2 kind=heuristic best_rc=-0.822735 found=3 added=3 exhausted=False cert=False
[clean-BPC  3054.70s] node 74 cg=3 phase=phase2 obj=229.629485 artificial=0.0 cols=3192
[clean-BPC  3057.66s] node 74 cg=3 phase=phase2 kind=heuristic best_rc=0.155222 found=0 added=0 exhausted=False cert=False
[clean-BPC  3065.25s] node 74 cg=3 phase=phase2 kind=heuristic_boost best_rc=-1.3939549 found=8 added=8 exhausted=True cert=True
[clean-BPC  3065.40s] node 74 cg=4 phase=phase2 obj=229.629485 artificial=0.0 cols=3200
[clean-BPC  3065.40s] cut_purged node=74 removed=1 by_kind={'schedule_nogood_core': 1} remaining=130
[clean-BPC  3065.56s] node 74 cg=5 phase=phase2 obj=229.629485 artificial=0.0 cols=3200
[clean-BPC  3068.52s] node 74 cg=5 phase=phase2 kind=heuristic best_rc=0.07540325 found=0 added=0 exhausted=False cert=False
[clean-BPC  3076.45s] node 74 cg=5 phase=phase2 kind=heuristic_boost best_rc=0.07540325 found=0 added=0 exhausted=True cert=True
[clean-BPC  3079.27s] branch node 74: left=arc(15,18)=off right=arc(15,18)=on
[clean-BPC  3079.27s] node 69 d=5 lb=229.39794 open=38
[clean-BPC  3079.40s] node 69 cg=1 phase=phase1 obj=0.0 artificial=0.0 cols=3200
[clean-BPC  3079.55s] node 69 cg=2 phase=phase2 obj=229.39794 artificial=0.0 cols=3200
[clean-BPC  3082.53s] node 69 cg=2 phase=phase2 kind=heuristic best_rc=-0.0 found=0 added=0 exhausted=False cert=False
[clean-BPC  3089.46s] node 69 cg=2 phase=phase2 kind=heuristic_boost best_rc=-0.0 found=0 added=0 exhausted=True cert=True
[clean-BPC  3089.46s] route-pack-conflict diag node 69 source_vehicle=1 routes=5 U=4 complete=True cache_hit=False states=120 added=0
[clean-BPC  3090.53s] cut_added family=schedule_nogood_core node=69 added=1 source_vehicle=1 route_count=4 signatures=[[4, 19, 16, 15, 18], [2, 6, 10, 8], [1, 5, 20, 3], [9, 13, 12, 7]]
[clean-BPC  3090.53s] node 75 d=7 lb=229.39794 open=38
[clean-BPC  3090.66s] node 75 cg=1 phase=phase1 obj=0.0 artificial=0.0 cols=3200
[clean-BPC  3090.80s] node 75 cg=2 phase=phase2 obj=229.39794 artificial=0.0 cols=3200
[clean-BPC  3090.80s] cut_purged node=75 removed=1 by_kind={'schedule_nogood_core': 1} remaining=130
[clean-BPC  3090.95s] node 75 cg=3 phase=phase2 obj=229.39794 artificial=0.0 cols=3200
[clean-BPC  3093.89s] node 75 cg=3 phase=phase2 kind=heuristic best_rc=-0.0 found=0 added=0 exhausted=False cert=False
[clean-BPC  3101.62s] node 75 cg=3 phase=phase2 kind=heuristic_boost best_rc=-0.0 found=0 added=0 exhausted=True cert=True
[clean-BPC  3101.63s] route-pack-conflict diag node 75 source_vehicle=1 routes=5 U=4 complete=True cache_hit=False states=117 added=0
[clean-BPC  3102.69s] cut_added family=schedule_nogood_core node=75 added=2 source_vehicle=1 route_count=4 signatures=[[4, 19, 16, 15, 18], [6, 10, 8, 2], [1, 5, 20, 3], [7, 12, 13, 9]]
[clean-BPC  3102.69s] node 76 d=7 lb=229.39794 open=38
[clean-BPC  3102.83s] node 76 cg=1 phase=phase1 obj=0.0 artificial=0.0 cols=3200
[clean-BPC  3102.99s] node 76 cg=2 phase=phase2 obj=229.39794 artificial=0.0 cols=3200
[clean-BPC  3102.99s] cut_purged node=76 removed=2 by_kind={'schedule_nogood_core': 2} remaining=130
[clean-BPC  3103.13s] node 76 cg=3 phase=phase2 obj=229.39794 artificial=0.0 cols=3200
[clean-BPC  3105.98s] node 76 cg=3 phase=phase2 kind=heuristic best_rc=0.155222 found=0 added=0 exhausted=False cert=False
[clean-BPC  3113.07s] node 76 cg=3 phase=phase2 kind=heuristic_boost best_rc=0.155222 found=0 added=0 exhausted=True cert=True
[clean-BPC  3113.08s] route-pack-conflict diag node 76 source_vehicle=1 routes=5 U=4 complete=True cache_hit=False states=111 added=0
[clean-BPC  3114.14s] cut_added family=schedule_nogood_core node=76 added=2 source_vehicle=1 route_count=4 signatures=[[4, 19, 16, 15, 18], [2, 6, 10, 8], [3, 20, 5, 1], [7, 12, 13, 9]]
[clean-BPC  3114.14s] node 73 d=7 lb=229.39794 open=38
[clean-BPC  3114.28s] node 73 cg=1 phase=phase1 obj=0.0 artificial=0.0 cols=3200
[clean-BPC  3114.43s] node 73 cg=2 phase=phase2 obj=229.39794 artificial=0.0 cols=3200
[clean-BPC  3117.23s] node 73 cg=2 phase=phase2 kind=heuristic best_rc=0.017577833 found=0 added=0 exhausted=False cert=False
[clean-BPC  3124.51s] node 73 cg=2 phase=phase2 kind=heuristic_boost best_rc=0.017577833 found=0 added=0 exhausted=True cert=True
[clean-BPC  3124.52s] route-pack-conflict diag node 73 source_vehicle=1 routes=5 U=4 complete=True cache_hit=False states=120 added=0
[clean-BPC  3125.59s] cut_added family=schedule_nogood_core node=73 added=1 source_vehicle=1 route_count=4 signatures=[[4, 19, 16, 15, 18], [2, 8, 10, 6], [1, 3, 20, 5], [7, 12, 13, 9]]
[clean-BPC  3125.59s] node 69 d=5 lb=229.39794 open=38
[clean-BPC  3125.72s] node 69 cg=1 phase=phase1 obj=0.0 artificial=0.0 cols=3200
[clean-BPC  3125.86s] node 69 cg=2 phase=phase2 obj=229.39794 artificial=0.0 cols=3200
[clean-BPC  3128.78s] node 69 cg=2 phase=phase2 kind=heuristic best_rc=-0.0 found=0 added=0 exhausted=False cert=False
[clean-BPC  3135.69s] node 69 cg=2 phase=phase2 kind=heuristic_boost best_rc=-0.0 found=0 added=0 exhausted=True cert=True
[clean-BPC  3138.32s] branch node 69: left=arc(1,5)=off right=arc(1,5)=on
[clean-BPC  3138.32s] node 75 d=7 lb=229.39794 open=39
[clean-BPC  3138.47s] node 75 cg=1 phase=phase1 obj=0.0 artificial=0.0 cols=3200
[clean-BPC  3138.60s] node 75 cg=2 phase=phase2 obj=229.39794 artificial=0.0 cols=3200
[clean-BPC  3141.58s] node 75 cg=2 phase=phase2 kind=heuristic best_rc=0.0 found=0 added=0 exhausted=False cert=False
[clean-BPC  3149.38s] node 75 cg=2 phase=phase2 kind=heuristic_boost best_rc=0.0 found=0 added=0 exhausted=True cert=True
[clean-BPC  3152.05s] branch node 75: left=arc(20,5)=off right=arc(20,5)=on
[clean-BPC  3152.05s] node 76 d=7 lb=229.39794 open=40
[clean-BPC  3152.19s] node 76 cg=1 phase=phase1 obj=0.0 artificial=0.0 cols=3200
[clean-BPC  3152.35s] node 76 cg=2 phase=phase2 obj=229.39794 artificial=0.0 cols=3200
[clean-BPC  3155.21s] node 76 cg=2 phase=phase2 kind=heuristic best_rc=0.155222 found=0 added=0 exhausted=False cert=False
[clean-BPC  3162.35s] node 76 cg=2 phase=phase2 kind=heuristic_boost best_rc=0.155222 found=0 added=0 exhausted=True cert=True
[clean-BPC  3165.11s] branch node 76: left=arc(1,5)=off right=arc(1,5)=on
[clean-BPC  3165.11s] node 80 d=6 lb=229.39794 open=41
[clean-BPC  3165.24s] node 80 cg=1 phase=phase1 obj=0.0 artificial=0.0 cols=3200
[clean-BPC  3165.39s] node 80 cg=2 phase=phase2 obj=229.39794 artificial=0.0 cols=3200
[clean-BPC  3168.46s] node 80 cg=2 phase=phase2 kind=heuristic best_rc=-0.0 found=0 added=0 exhausted=False cert=False
[clean-BPC  3175.72s] node 80 cg=2 phase=phase2 kind=heuristic_boost best_rc=-0.0 found=0 added=0 exhausted=True cert=True
[clean-BPC  3175.73s] route-pack-conflict diag node 80 source_vehicle=1 routes=5 U=4 complete=True cache_hit=False states=120 added=0
[clean-BPC  3176.81s] cut_added family=schedule_nogood_core node=80 added=2 source_vehicle=1 route_count=4 signatures=[[4, 19, 16, 15, 18], [2, 8, 10, 6], [1, 5, 20, 3], [9, 13, 12, 7]]
[clean-BPC  3176.81s] node 81 d=8 lb=229.39794 open=41
[clean-BPC  3176.95s] node 81 cg=1 phase=phase1 obj=0.0 artificial=0.0 cols=3200
[clean-BPC  3177.10s] node 81 cg=2 phase=phase2 obj=229.39794 artificial=0.0 cols=3200
[clean-BPC  3180.14s] node 81 cg=2 phase=phase2 kind=heuristic best_rc=0.0 found=0 added=0 exhausted=False cert=False
[clean-BPC  3188.01s] node 81 cg=2 phase=phase2 kind=heuristic_boost best_rc=0.0 found=0 added=0 exhausted=True cert=True
[clean-BPC  3190.70s] branch node 81: left=arc(2,8)=off right=arc(2,8)=on
[clean-BPC  3190.70s] node 82 d=8 lb=229.39794 open=42
[clean-BPC  3190.86s] node 82 cg=1 phase=phase1 obj=0.0 artificial=0.0 cols=3200
[clean-BPC  3191.00s] node 82 cg=2 phase=phase2 obj=229.39794 artificial=0.0 cols=3200
[clean-BPC  3194.00s] node 82 cg=2 phase=phase2 kind=heuristic best_rc=-0.1250949 found=1 added=1 exhausted=False cert=False
[clean-BPC  3194.14s] node 82 cg=3 phase=phase2 obj=229.39794 artificial=0.0 cols=3201
[clean-BPC  3197.14s] node 82 cg=3 phase=phase2 kind=heuristic best_rc=0.12376525 found=0 added=0 exhausted=False cert=False
[clean-BPC  3204.45s] node 82 cg=3 phase=phase2 kind=heuristic_boost best_rc=0.12376525 found=0 added=0 exhausted=True cert=True
[clean-BPC  3204.46s] route-pack-conflict diag node 82 source_vehicle=1 routes=5 U=4 complete=True cache_hit=False states=111 added=0
[clean-BPC  3205.54s] cut_added family=schedule_nogood_core node=82 added=2 source_vehicle=1 route_count=4 signatures=[[4, 19, 16, 15, 18], [2, 8, 10, 6], [3, 20, 5, 1], [7, 12, 13, 9]]
[clean-BPC  3205.54s] node 83 d=8 lb=229.39794 open=42
[clean-BPC  3205.68s] node 83 cg=1 phase=phase1 obj=0.0 artificial=0.0 cols=3201
[clean-BPC  3205.83s] node 83 cg=2 phase=phase2 obj=229.39794 artificial=0.0 cols=3201
[clean-BPC  3208.83s] node 83 cg=2 phase=phase2 kind=heuristic best_rc=0.135415 found=0 added=0 exhausted=False cert=False
[clean-BPC  3216.26s] node 83 cg=2 phase=phase2 kind=heuristic_boost best_rc=0.135415 found=0 added=0 exhausted=True cert=True
[clean-BPC  3216.27s] route-pack-conflict diag node 83 source_vehicle=1 routes=5 U=4 complete=True cache_hit=False states=111 added=0
[clean-BPC  3217.33s] cut_added family=schedule_nogood_core node=83 added=2 source_vehicle=1 route_count=4 signatures=[[4, 19, 16, 15, 18], [2, 6, 10, 8], [5, 20, 3, 1], [7, 12, 13, 9]]
[clean-BPC  3217.33s] node 84 d=8 lb=229.39794 open=42
[clean-BPC  3217.49s] node 84 cg=1 phase=phase1 obj=0.0 artificial=0.0 cols=3201
[clean-BPC  3217.64s] node 84 cg=2 phase=phase2 obj=229.705346 artificial=0.0 cols=3201
[clean-BPC  3217.64s] cut_purged node=84 removed=2 by_kind={'schedule_nogood_core': 2} remaining=137
[clean-BPC  3217.79s] node 84 cg=3 phase=phase2 obj=229.705346 artificial=0.0 cols=3201
[clean-BPC  3220.73s] node 84 cg=3 phase=phase2 kind=heuristic best_rc=-0.4745577 found=1 added=1 exhausted=False cert=False
[clean-BPC  3220.89s] node 84 cg=4 phase=phase2 obj=229.705346 artificial=0.0 cols=3202
[clean-BPC  3223.80s] node 84 cg=4 phase=phase2 kind=heuristic best_rc=0.056554 found=0 added=0 exhausted=False cert=False
[clean-BPC  3230.92s] node 84 cg=4 phase=phase2 kind=heuristic_boost best_rc=0.056554 found=0 added=0 exhausted=True cert=True
[clean-BPC  3234.35s] branch node 84: left=arc(10,8)=off right=arc(10,8)=on
[clean-BPC  3234.35s] node 80 d=6 lb=229.39794 open=43
[clean-BPC  3234.48s] node 80 cg=1 phase=phase1 obj=0.0 artificial=0.0 cols=3202
[clean-BPC  3234.63s] node 80 cg=2 phase=phase2 obj=229.39794 artificial=0.0 cols=3202
[clean-BPC  3237.70s] node 80 cg=2 phase=phase2 kind=heuristic best_rc=0.0 found=0 added=0 exhausted=False cert=False
[clean-BPC  3245.05s] node 80 cg=2 phase=phase2 kind=heuristic_boost best_rc=-0.0 found=0 added=0 exhausted=True cert=True
[clean-BPC  3247.70s] branch node 80: left=arc(10,8)=off right=arc(10,8)=on
[clean-BPC  3247.70s] node 85 d=9 lb=229.39794 open=44
[clean-BPC  3247.84s] node 85 cg=1 phase=phase1 obj=0.0 artificial=0.0 cols=3202
[clean-BPC  3247.98s] node 85 cg=2 phase=phase2 obj=229.39794 artificial=0.0 cols=3202
[clean-BPC  3250.94s] node 85 cg=2 phase=phase2 kind=heuristic best_rc=-0.0 found=0 added=0 exhausted=False cert=False
[clean-BPC  3258.81s] node 85 cg=2 phase=phase2 kind=heuristic_boost best_rc=-0.0 found=0 added=0 exhausted=True cert=True
[clean-BPC  3258.82s] route-pack-conflict diag node 85 source_vehicle=1 routes=5 U=4 complete=True cache_hit=False states=117 added=0
[clean-BPC  3259.90s] cut_added family=schedule_nogood_core node=85 added=2 source_vehicle=1 route_count=4 signatures=[[4, 19, 16, 15, 18], [8, 10, 6, 2], [1, 5, 20, 3], [7, 12, 13, 9]]
[clean-BPC  3259.90s] node 86 d=9 lb=229.39794 open=44
[clean-BPC  3260.03s] node 86 cg=1 phase=phase1 obj=0.0 artificial=0.0 cols=3202
[clean-BPC  3260.17s] node 86 cg=2 phase=phase2 obj=229.39794 artificial=0.0 cols=3202
[clean-BPC  3263.19s] node 86 cg=2 phase=phase2 kind=heuristic best_rc=0.167219667 found=0 added=0 exhausted=False cert=False
[clean-BPC  3270.45s] node 86 cg=2 phase=phase2 kind=heuristic_boost best_rc=0.167219667 found=0 added=0 exhausted=True cert=True
[clean-BPC  3270.46s] route-pack-conflict diag node 86 source_vehicle=1 routes=5 U=4 complete=True cache_hit=False states=111 added=0
[clean-BPC  3271.52s] cut_added family=schedule_nogood_core node=86 added=2 source_vehicle=1 route_count=4 signatures=[[4, 19, 16, 15, 18], [2, 8, 10, 6], [5, 20, 3, 1], [7, 12, 13, 9]]
[clean-BPC  3271.52s] node 82 d=8 lb=229.39794 open=44
[clean-BPC  3271.68s] node 82 cg=1 phase=phase1 obj=0.0 artificial=0.0 cols=3202
[clean-BPC  3271.82s] node 82 cg=2 phase=phase2 obj=229.39794 artificial=0.0 cols=3202
[clean-BPC  3274.84s] node 82 cg=2 phase=phase2 kind=heuristic best_rc=0.12376525 found=0 added=0 exhausted=False cert=False
[clean-BPC  3282.24s] node 82 cg=2 phase=phase2 kind=heuristic_boost best_rc=0.12376525 found=0 added=0 exhausted=True cert=True
[clean-BPC  3282.25s] route-pack-conflict diag node 82 source_vehicle=1 routes=5 U=4 complete=True cache_hit=False states=100 added=0
[clean-BPC  3282.88s] cut_added family=schedule_nogood_core node=82 added=2 source_vehicle=1 route_count=3 signatures=[[18, 15, 16, 19, 4], [2, 8, 10, 6], [3, 20, 5, 1]]
[clean-BPC  3282.88s] node 89 d=7 lb=229.39794 open=44
[clean-BPC  3283.03s] node 89 cg=1 phase=phase1 obj=0.0 artificial=0.0 cols=3202
[clean-BPC  3283.17s] node 89 cg=2 phase=phase2 obj=229.39794 artificial=0.0 cols=3202
[clean-BPC  3283.17s] cut_purged node=89 removed=2 by_kind={'schedule_nogood_core': 2} remaining=141
[clean-BPC  3283.31s] node 89 cg=3 phase=phase2 obj=229.39794 artificial=0.0 cols=3202
[clean-BPC  3286.44s] node 89 cg=3 phase=phase2 kind=heuristic best_rc=-0.0 found=0 added=0 exhausted=False cert=False
[clean-BPC  3293.86s] node 89 cg=3 phase=phase2 kind=heuristic_boost best_rc=-0.0 found=0 added=0 exhausted=True cert=True
[clean-BPC  3293.87s] route-pack-conflict diag node 89 source_vehicle=1 routes=5 U=4 complete=True cache_hit=False states=117 added=0
[clean-BPC  3294.92s] cut_added family=schedule_nogood_core node=89 added=2 source_vehicle=1 route_count=4 signatures=[[4, 19, 16, 15, 18], [8, 10, 6, 2], [1, 5, 20, 3], [9, 13, 12, 7]]
[clean-BPC  3294.92s] node 90 d=7 lb=229.39794 open=44
[clean-BPC  3295.07s] node 90 cg=1 phase=phase1 obj=0.0 artificial=0.0 cols=3202
[clean-BPC  3295.21s] node 90 cg=2 phase=phase2 obj=229.39794 artificial=0.0 cols=3202
[clean-BPC  3298.28s] node 90 cg=2 phase=phase2 kind=heuristic best_rc=-0.361807 found=4 added=4 exhausted=False cert=False
[clean-BPC  3298.42s] node 90 cg=3 phase=phase2 obj=229.39794 artificial=0.0 cols=3206
[clean-BPC  3301.52s] node 90 cg=3 phase=phase2 kind=heuristic best_rc=0.059259 found=0 added=0 exhausted=False cert=False
[clean-BPC  3308.81s] node 90 cg=3 phase=phase2 kind=heuristic_boost best_rc=0.059259 found=0 added=0 exhausted=True cert=True
[clean-BPC  3308.82s] route-pack-conflict diag node 90 source_vehicle=1 routes=5 U=4 complete=True cache_hit=False states=117 added=0
[clean-BPC  3309.88s] cut_added family=schedule_nogood_core node=90 added=2 source_vehicle=1 route_count=4 signatures=[[4, 19, 16, 15, 18], [6, 10, 8, 2], [1, 5, 20, 3], [9, 13, 12, 7]]
[clean-BPC  3309.88s] node 90 d=7 lb=229.39794 open=44
[clean-BPC  3310.03s] node 90 cg=1 phase=phase1 obj=0.0 artificial=0.0 cols=3206
[clean-BPC  3310.18s] node 90 cg=2 phase=phase2 obj=229.39794 artificial=0.0 cols=3206
[clean-BPC  3313.26s] node 90 cg=2 phase=phase2 kind=heuristic best_rc=0.059259 found=0 added=0 exhausted=False cert=False
[clean-BPC  3320.50s] node 90 cg=2 phase=phase2 kind=heuristic_boost best_rc=0.059259 found=0 added=0 exhausted=True cert=True
[clean-BPC  3320.51s] route-pack-conflict diag node 90 source_vehicle=1 routes=5 U=4 complete=True cache_hit=False states=106 added=0
[clean-BPC  3321.15s] cut_added family=schedule_nogood_core node=90 added=2 source_vehicle=1 route_count=3 signatures=[[18, 15, 16, 19, 4], [6, 10, 8, 2], [1, 5, 20, 3]]
[clean-BPC  3321.15s] node 85 d=9 lb=229.39794 open=44
[clean-BPC  3321.29s] node 85 cg=1 phase=phase1 obj=0.0 artificial=0.0 cols=3206
[clean-BPC  3321.44s] node 85 cg=2 phase=phase2 obj=229.39794 artificial=0.0 cols=3206
[clean-BPC  3321.44s] cut_purged node=85 removed=1 by_kind={'schedule_nogood_core': 1} remaining=146
[clean-BPC  3321.59s] node 85 cg=3 phase=phase2 obj=229.39794 artificial=0.0 cols=3206
[clean-BPC  3321.59s] cut_purged node=85 removed=2 by_kind={'schedule_nogood_core': 2} remaining=144
[clean-BPC  3321.73s] node 85 cg=4 phase=phase2 obj=229.39794 artificial=0.0 cols=3206
[clean-BPC  3321.73s] cut_purged node=85 removed=2 by_kind={'schedule_nogood_core': 2} remaining=142
[clean-BPC  3321.88s] node 85 cg=5 phase=phase2 obj=229.39794 artificial=0.0 cols=3206
[clean-BPC  3324.88s] node 85 cg=5 phase=phase2 kind=heuristic best_rc=0.231865 found=0 added=0 exhausted=False cert=False
[clean-BPC  3332.66s] node 85 cg=5 phase=phase2 kind=heuristic_boost best_rc=0.101944 found=0 added=0 exhausted=True cert=True
[clean-BPC  3335.70s] branch node 85: left=arc(1,5)=off right=arc(1,5)=on
[clean-BPC  3335.70s] node 86 d=9 lb=229.39794 open=45
[clean-BPC  3335.84s] node 86 cg=1 phase=phase1 obj=0.0 artificial=0.0 cols=3206
[clean-BPC  3336.03s] node 86 cg=2 phase=phase2 obj=229.39794 artificial=0.0 cols=3206
[clean-BPC  3339.26s] node 86 cg=2 phase=phase2 kind=heuristic best_rc=0.167219667 found=0 added=0 exhausted=False cert=False
[clean-BPC  3346.44s] node 86 cg=2 phase=phase2 kind=heuristic_boost best_rc=0.167219667 found=0 added=0 exhausted=True cert=True
[clean-BPC  3346.45s] route-pack-conflict diag node 86 source_vehicle=1 routes=5 U=4 complete=True cache_hit=True states=120 added=0
[clean-BPC  3347.52s] cut_added family=schedule_nogood_core node=86 added=1 source_vehicle=1 route_count=4 signatures=[[4, 19, 16, 15, 18], [2, 8, 10, 6], [1, 5, 20, 3], [7, 12, 13, 9]]
[clean-BPC  3347.52s] node 82 d=8 lb=229.39794 open=45
[clean-BPC  3347.67s] node 82 cg=1 phase=phase1 obj=0.0 artificial=0.0 cols=3206
[clean-BPC  3347.82s] node 82 cg=2 phase=phase2 obj=229.39794 artificial=0.0 cols=3206
[clean-BPC  3350.85s] node 82 cg=2 phase=phase2 kind=heuristic best_rc=0.086165333 found=0 added=0 exhausted=False cert=False
[clean-BPC  3358.65s] node 82 cg=2 phase=phase2 kind=heuristic_boost best_rc=-0.045271667 found=2 added=2 exhausted=True cert=True
[clean-BPC  3358.80s] node 82 cg=3 phase=phase2 obj=229.39794 artificial=0.0 cols=3208
[clean-BPC  3358.80s] cut_purged node=82 removed=2 by_kind={'schedule_nogood_core': 2} remaining=141
[clean-BPC  3358.95s] node 82 cg=4 phase=phase2 obj=229.39794 artificial=0.0 cols=3208
[clean-BPC  3358.95s] cut_purged node=82 removed=3 by_kind={'schedule_nogood_core': 3} remaining=138
[clean-BPC  3359.09s] node 82 cg=5 phase=phase2 obj=229.39794 artificial=0.0 cols=3208
[clean-BPC  3362.15s] node 82 cg=5 phase=phase2 kind=heuristic best_rc=0.155222 found=0 added=0 exhausted=False cert=False
[clean-BPC  3369.52s] node 82 cg=5 phase=phase2 kind=heuristic_boost best_rc=-0.035697 found=2 added=2 exhausted=True cert=True
[clean-BPC  3369.66s] node 82 cg=6 phase=phase2 obj=229.39794 artificial=0.0 cols=3210
[clean-BPC  3372.74s] node 82 cg=6 phase=phase2 kind=heuristic best_rc=0.0 found=0 added=0 exhausted=False cert=False
[clean-BPC  3380.11s] node 82 cg=6 phase=phase2 kind=heuristic_boost best_rc=0.0 found=0 added=0 exhausted=True cert=True
[clean-BPC  3380.12s] route-pack-conflict diag node 82 source_vehicle=1 routes=5 U=4 complete=True cache_hit=False states=111 added=0
[clean-BPC  3381.20s] cut_added family=schedule_nogood_core node=82 added=1 source_vehicle=1 route_count=4 signatures=[[4, 19, 16, 15, 18], [2, 8, 10, 6], [3, 20, 5, 1], [7, 12, 13, 9]]
[clean-BPC  3381.20s] node 89 d=7 lb=229.39794 open=45
[clean-BPC  3381.34s] node 89 cg=1 phase=phase1 obj=0.0 artificial=0.0 cols=3210
[clean-BPC  3381.49s] node 89 cg=2 phase=phase2 obj=229.39794 artificial=0.0 cols=3210
[clean-BPC  3381.49s] cut_purged node=89 removed=1 by_kind={'schedule_nogood_core': 1} remaining=138
[clean-BPC  3381.63s] node 89 cg=3 phase=phase2 obj=229.39794 artificial=0.0 cols=3210
[clean-BPC  3384.59s] node 89 cg=3 phase=phase2 kind=heuristic best_rc=-0.0130738 found=2 added=2 exhausted=False cert=False
[clean-BPC  3384.73s] node 89 cg=4 phase=phase2 obj=229.39794 artificial=0.0 cols=3212
[clean-BPC  3384.73s] cut_purged node=89 removed=2 by_kind={'schedule_nogood_core': 2} remaining=136
[clean-BPC  3384.87s] node 89 cg=5 phase=phase2 obj=229.39794 artificial=0.0 cols=3212
[clean-BPC  3387.92s] node 89 cg=5 phase=phase2 kind=heuristic best_rc=0.0 found=0 added=0 exhausted=False cert=False
[clean-BPC  3395.15s] node 89 cg=5 phase=phase2 kind=heuristic_boost best_rc=0.0 found=0 added=0 exhausted=True cert=True
[clean-BPC  3395.16s] route-pack-conflict diag node 89 source_vehicle=1 routes=5 U=4 complete=True cache_hit=False states=109 added=0
[clean-BPC  3395.81s] cut_added family=schedule_nogood_core node=89 added=2 source_vehicle=1 route_count=3 signatures=[[18, 15, 16, 19, 4], [2, 8, 10, 6], [1, 5, 20, 3]]
[clean-BPC  3395.81s] node 90 d=7 lb=229.39794 open=45
[clean-BPC  3395.97s] node 90 cg=1 phase=phase1 obj=0.0 artificial=0.0 cols=3212
[clean-BPC  3396.11s] node 90 cg=2 phase=phase2 obj=229.39794 artificial=0.0 cols=3212
[clean-BPC  3399.16s] node 90 cg=2 phase=phase2 kind=heuristic best_rc=0.2248815 found=0 added=0 exhausted=False cert=False
[clean-BPC  3406.34s] node 90 cg=2 phase=phase2 kind=heuristic_boost best_rc=0.189934 found=0 added=0 exhausted=True cert=True
[clean-BPC  3406.35s] route-pack-conflict diag node 90 source_vehicle=1 routes=5 U=4 complete=True cache_hit=True states=120 added=0
[clean-BPC  3407.41s] cut_added family=schedule_nogood_core node=90 added=1 source_vehicle=1 route_count=4 signatures=[[4, 19, 16, 15, 18], [2, 6, 10, 8], [1, 5, 20, 3], [9, 13, 12, 7]]
[clean-BPC  3407.41s] node 92 d=10 lb=229.39794 open=45
[clean-BPC  3407.56s] node 92 cg=1 phase=phase1 obj=0.0 artificial=0.0 cols=3212
[clean-BPC  3407.70s] node 92 cg=2 phase=phase2 obj=229.39794 artificial=0.0 cols=3212
[clean-BPC  3410.72s] node 92 cg=2 phase=phase2 kind=heuristic best_rc=0.129709 found=0 added=0 exhausted=False cert=False
[clean-BPC  3418.47s] node 92 cg=2 phase=phase2 kind=heuristic_boost best_rc=0.129709 found=0 added=0 exhausted=True cert=True
[clean-BPC  3418.47s] route-pack-conflict diag node 92 source_vehicle=1 routes=5 U=4 complete=True cache_hit=True states=117 added=0
[clean-BPC  3419.55s] cut_added family=schedule_nogood_core node=92 added=1 source_vehicle=1 route_count=4 signatures=[[4, 19, 16, 15, 18], [6, 10, 8, 2], [1, 5, 20, 3], [7, 12, 13, 9]]
[clean-BPC  3419.55s] node 86 d=9 lb=229.39794 open=45
[clean-BPC  3419.69s] node 86 cg=1 phase=phase1 obj=0.0 artificial=0.0 cols=3212
[clean-BPC  3419.83s] node 86 cg=2 phase=phase2 obj=229.39794 artificial=0.0 cols=3212
[clean-BPC  3422.79s] node 86 cg=2 phase=phase2 kind=heuristic best_rc=0.1690985 found=0 added=0 exhausted=False cert=False
[clean-BPC  3429.92s] node 86 cg=2 phase=phase2 kind=heuristic_boost best_rc=0.1690985 found=0 added=0 exhausted=True cert=True
[clean-BPC  3432.61s] branch node 86: left=arc(1,5)=off right=arc(1,5)=on
[clean-BPC  3432.61s] node 82 d=8 lb=229.39794 open=46
[clean-BPC  3432.76s] node 82 cg=1 phase=phase1 obj=0.0 artificial=0.0 cols=3212
[clean-BPC  3432.90s] node 82 cg=2 phase=phase2 obj=229.39794 artificial=0.0 cols=3212
[clean-BPC  3435.84s] node 82 cg=2 phase=phase2 kind=heuristic best_rc=0.11288 found=0 added=0 exhausted=False cert=False
[clean-BPC  3443.51s] node 82 cg=2 phase=phase2 kind=heuristic_boost best_rc=0.11288 found=0 added=0 exhausted=True cert=True
[clean-BPC  3443.52s] cut_added family=schedule_pair_conflict node=82 added=2 source_vehicle=1 route_count=2 signatures=[[6, 10, 8, 2], [3, 20, 5, 1]]
[clean-BPC  3443.52s] node 89 d=7 lb=229.39794 open=46
[clean-BPC  3443.65s] node 89 cg=1 phase=phase1 obj=0.0 artificial=0.0 cols=3212
[clean-BPC  3443.80s] node 89 cg=2 phase=phase2 obj=229.39794 artificial=0.0 cols=3212
[clean-BPC  3446.90s] node 89 cg=2 phase=phase2 kind=heuristic best_rc=0.0 found=0 added=0 exhausted=False cert=False
[clean-BPC  3454.18s] node 89 cg=2 phase=phase2 kind=heuristic_boost best_rc=0.0 found=0 added=0 exhausted=True cert=True
[clean-BPC  3456.85s] branch node 89: left=arc(2,8)=off right=arc(2,8)=on
[clean-BPC  3456.85s] node 90 d=7 lb=229.39794 open=47
[clean-BPC  3457.01s] node 90 cg=1 phase=phase1 obj=0.0 artificial=0.0 cols=3212
[clean-BPC  3457.15s] node 90 cg=2 phase=phase2 obj=229.39794 artificial=0.0 cols=3212
[clean-BPC  3460.24s] node 90 cg=2 phase=phase2 kind=heuristic best_rc=0.2248815 found=0 added=0 exhausted=False cert=False
[clean-BPC  3467.53s] node 90 cg=2 phase=phase2 kind=heuristic_boost best_rc=0.189934 found=0 added=0 exhausted=True cert=True
[clean-BPC  3467.53s] route-pack-conflict diag node 90 source_vehicle=1 routes=5 U=4 complete=True cache_hit=False states=109 added=0
[clean-BPC  3468.19s] cut_added family=schedule_nogood_core node=90 added=1 source_vehicle=1 route_count=3 signatures=[[18, 15, 16, 19, 4], [2, 6, 10, 8], [1, 5, 20, 3]]
[clean-BPC  3468.19s] node 96 d=8 lb=229.39794 open=47
[clean-BPC  3468.34s] node 96 cg=1 phase=phase1 obj=0.0 artificial=0.0 cols=3212
[clean-BPC  3468.48s] node 96 cg=2 phase=phase2 obj=229.567098 artificial=0.0 cols=3212
[clean-BPC  3471.57s] node 96 cg=2 phase=phase2 kind=heuristic best_rc=-0.018734 found=2 added=2 exhausted=False cert=False
[clean-BPC  3471.72s] node 96 cg=3 phase=phase2 obj=229.567098 artificial=0.0 cols=3214
[clean-BPC  3474.87s] node 96 cg=3 phase=phase2 kind=heuristic best_rc=-0.380748 found=7 added=7 exhausted=False cert=False
[clean-BPC  3475.02s] node 96 cg=4 phase=phase2 obj=229.567098 artificial=0.0 cols=3221
[clean-BPC  3478.12s] node 96 cg=4 phase=phase2 kind=heuristic best_rc=0.185929 found=0 added=0 exhausted=False cert=False
[clean-BPC  3485.32s] node 96 cg=4 phase=phase2 kind=heuristic_boost best_rc=0.107135 found=0 added=0 exhausted=True cert=True
[clean-BPC  3489.03s] branch node 96: left=RF(7,13)=separate right=RF(7,13)=same
[clean-BPC  3489.03s] node 90 d=7 lb=229.39794 open=48
[clean-BPC  3489.18s] node 90 cg=1 phase=phase1 obj=0.0 artificial=0.0 cols=3221
[clean-BPC  3489.32s] node 90 cg=2 phase=phase2 obj=229.39794 artificial=0.0 cols=3221
[clean-BPC  3492.45s] node 90 cg=2 phase=phase2 kind=heuristic best_rc=0.2248815 found=0 added=0 exhausted=False cert=False
[clean-BPC  3499.62s] node 90 cg=2 phase=phase2 kind=heuristic_boost best_rc=0.189934 found=0 added=0 exhausted=True cert=True
[clean-BPC  3502.36s] branch node 90: left=arc(8,2)=off right=arc(8,2)=on
[clean-BPC  3502.36s] node 92 d=10 lb=229.39794 open=49
[clean-BPC  3502.50s] node 92 cg=1 phase=phase1 obj=0.0 artificial=0.0 cols=3221
[clean-BPC  3502.64s] node 92 cg=2 phase=phase2 obj=229.39794 artificial=0.0 cols=3221
[clean-BPC  3502.64s] cut_purged node=92 removed=2 by_kind={'schedule_nogood_core': 2} remaining=141
[clean-BPC  3502.80s] node 92 cg=3 phase=phase2 obj=229.39794 artificial=0.0 cols=3221
[clean-BPC  3502.80s] cut_purged node=92 removed=1 by_kind={'schedule_nogood_core': 1} remaining=140
[clean-BPC  3502.94s] node 92 cg=4 phase=phase2 obj=229.39794 artificial=0.0 cols=3221
[clean-BPC  3505.84s] node 92 cg=4 phase=phase2 kind=heuristic best_rc=0.155222 found=0 added=0 exhausted=False cert=False
[clean-BPC  3513.52s] node 92 cg=4 phase=phase2 kind=heuristic_boost best_rc=0.155222 found=0 added=0 exhausted=True cert=True
[clean-BPC  3513.52s] route-pack-conflict diag node 92 source_vehicle=1 routes=5 U=4 complete=True cache_hit=True states=117 added=0
[clean-BPC  3514.58s] cut_added family=schedule_nogood_core node=92 added=1 source_vehicle=1 route_count=4 signatures=[[4, 19, 16, 15, 18], [8, 10, 6, 2], [1, 5, 20, 3], [7, 12, 13, 9]]
[clean-BPC  3514.59s] node 99 d=8 lb=229.39794 open=49
[clean-BPC  3514.73s] node 99 cg=1 phase=phase1 obj=0.0 artificial=0.0 cols=3221
[clean-BPC  3514.87s] node 99 cg=2 phase=phase2 obj=229.567098 artificial=0.0 cols=3221
[clean-BPC  3517.89s] node 99 cg=2 phase=phase2 kind=heuristic best_rc=-0.438041 found=2 added=2 exhausted=False cert=False
[clean-BPC  3518.04s] node 99 cg=3 phase=phase2 obj=229.517649 artificial=0.0 cols=3223
[clean-BPC  3521.07s] node 99 cg=3 phase=phase2 kind=heuristic best_rc=0.350116353 found=0 added=0 exhausted=False cert=False
[clean-BPC  3528.23s] node 99 cg=3 phase=phase2 kind=heuristic_boost best_rc=0.243716 found=0 added=0 exhausted=True cert=True
[clean-BPC  3531.84s] branch node 99: left=RF(7,13)=separate right=RF(7,13)=same
[clean-BPC  3531.84s] node 100 d=8 lb=229.39794 open=50
[clean-BPC  3531.98s] node 100 cg=1 phase=phase1 obj=0.0 artificial=0.0 cols=3223
[clean-BPC  3532.14s] node 100 cg=2 phase=phase2 obj=229.39794 artificial=0.0 cols=3223
[clean-BPC  3535.12s] node 100 cg=2 phase=phase2 kind=heuristic best_rc=0.222741 found=0 added=0 exhausted=False cert=False
[clean-BPC  3542.22s] node 100 cg=2 phase=phase2 kind=heuristic_boost best_rc=0.222741 found=0 added=0 exhausted=True cert=True
[clean-BPC  3542.23s] route-pack-conflict diag node 100 source_vehicle=1 routes=5 U=4 complete=True cache_hit=True states=117 added=0
[clean-BPC  3543.30s] cut_added family=schedule_nogood_core node=100 added=1 source_vehicle=1 route_count=4 signatures=[[4, 19, 16, 15, 18], [6, 10, 8, 2], [1, 5, 20, 3], [9, 13, 12, 7]]
[clean-BPC  3543.30s] node 92 d=10 lb=229.39794 open=50
[clean-BPC  3543.44s] node 92 cg=1 phase=phase1 obj=0.0 artificial=0.0 cols=3223
[clean-BPC  3543.59s] node 92 cg=2 phase=phase2 obj=229.39794 artificial=0.0 cols=3223
[clean-BPC  3546.55s] node 92 cg=2 phase=phase2 kind=heuristic best_rc=0.18864975 found=0 added=0 exhausted=False cert=False
[clean-BPC  3554.28s] node 92 cg=2 phase=phase2 kind=heuristic_boost best_rc=0.18864975 found=0 added=0 exhausted=True cert=True
[clean-BPC  3554.29s] route-pack-conflict diag node 92 source_vehicle=1 routes=5 U=4 complete=True cache_hit=False states=106 added=0
[clean-BPC  3554.94s] cut_added family=schedule_nogood_core node=92 added=1 source_vehicle=1 route_count=3 signatures=[[18, 15, 16, 19, 4], [6, 10, 8, 2], [1, 5, 20, 3]]
[clean-BPC  3554.94s] node 100 d=8 lb=229.39794 open=50
[clean-BPC  3555.09s] node 100 cg=1 phase=phase1 obj=0.0 artificial=0.0 cols=3223
[clean-BPC  3555.23s] node 100 cg=2 phase=phase2 obj=229.567098 artificial=0.0 cols=3223
[clean-BPC  3558.31s] node 100 cg=2 phase=phase2 kind=heuristic best_rc=0.107135 found=0 added=0 exhausted=False cert=False
[clean-BPC  3565.59s] node 100 cg=2 phase=phase2 kind=heuristic_boost best_rc=0.107135 found=0 added=0 exhausted=True cert=True
[clean-BPC  3569.60s] branch node 100: left=RF(7,13)=separate right=RF(7,13)=same
[clean-BPC  3569.60s] node 92 d=10 lb=229.39794 open=51
[clean-BPC  3569.74s] node 92 cg=1 phase=phase1 obj=0.0 artificial=0.0 cols=3223
[clean-BPC  3569.90s] node 92 cg=2 phase=phase2 obj=229.39794 artificial=0.0 cols=3223
[clean-BPC  3572.89s] node 92 cg=2 phase=phase2 kind=heuristic best_rc=0.18864975 found=0 added=0 exhausted=False cert=False
[clean-BPC  3580.60s] node 92 cg=2 phase=phase2 kind=heuristic_boost best_rc=0.18864975 found=0 added=0 exhausted=True cert=True
[clean-BPC  3583.36s] branch node 92: left=arc(8,2)=off right=arc(8,2)=on
[clean-BPC  3583.36s] node 93 d=10 lb=229.39794 open=52
[clean-BPC  3583.52s] node 93 cg=1 phase=phase1 obj=0.0 artificial=0.0 cols=3223
[clean-BPC  3583.66s] node 93 cg=2 phase=phase2 obj=229.39794 artificial=0.0 cols=3223
[clean-BPC  3586.54s] node 93 cg=2 phase=phase2 kind=heuristic best_rc=0.155222 found=0 added=0 exhausted=False cert=False
[clean-BPC  3593.52s] node 93 cg=2 phase=phase2 kind=heuristic_boost best_rc=0.155222 found=0 added=0 exhausted=True cert=True
[clean-BPC  3593.53s] route-pack-conflict diag node 93 source_vehicle=1 routes=5 U=4 complete=True cache_hit=False states=111 added=0
[clean-BPC  3594.62s] cut_added family=schedule_nogood_core node=93 added=1 source_vehicle=1 route_count=4 signatures=[[4, 19, 16, 15, 18], [2, 8, 10, 6], [5, 20, 3, 1], [7, 12, 13, 9]]
[clean-BPC  3594.62s] node 105 d=11 lb=229.39794 open=52
[clean-BPC  3594.76s] node 105 cg=1 phase=phase1 obj=0.0 artificial=0.0 cols=3223
[clean-BPC  3594.90s] node 105 cg=2 phase=phase2 obj=229.39794 artificial=0.0 cols=3223
[clean-BPC  3597.76s] node 105 cg=2 phase=phase2 kind=heuristic best_rc=0.155222 found=0 added=0 exhausted=False cert=False
[clean-BPC  3604.62s] node 105 cg=2 phase=phase2 kind=heuristic_boost best_rc=0.155222 found=0 added=0 exhausted=True cert=True
[clean-BPC  3604.62s] fathom node 105: reason=time_limit_after_node_certificate bound=229.39794
[clean-BPC  3604.62s] finish status=TIME_LIMIT primal=237.436094 dual=None gap=None cuts=144 diag_dual=229.39794 diag_gap=0.033854 crossing=10 crossing_upgraded=0 subset_row=17 lm_rank1=26 sched_cost=0 pair=2 clique=0 route_pack=62 nogood=85 sched_cap=0
bench_20_02: status=TIME_LIMIT, primal=237.436094, dual=None, gap=None, diag_dual=229.39794, diag_gap=0.033854, time=3604.623765s, nodes=120, rmp=406, pricing=430, routes=3223, cuts=144, crossing=10, crossing_upgraded=0, rci=10, kpath=0, pair=2, subset_row=17, lm_rank1=26, sched_cost=0, clique=0, route_pack=62, nogood=85, sched_cap=0, rim_calls=15, rim_feasible=0, rim_rejected=207, rim_pair=0, rim_route_pack=36, rim_ng=378, rim_sched_cap=0, cuts_purged=58, branch_test_time=291.501029s
开始 clean BPC: instance=bench_20_03, tasks=20, vehicles=2, time_limit=3600s, max_nodes=100000, log=/home/kai/work/gnn_bb/branchpricecut/results/logs/20260521_143906_bpc_clean_lmrank1_20_01_03/bench_20_03.jsonl
[clean-BPC     2.09s] incumbent node 0: obj=245.5914
[clean-BPC     2.09s] start: {'time': 2.094196, 'event': 'start', 'instance': 'bench_20_03', 'tasks': 20, 'vehicles': 2, 'initial_routes': 25, 'initial_incumbent': 245.5914, 'task_vehicle_linking_enabled': True, 'schedule_capacity_cuts_enabled': True, 'schedule_capacity_separation_enabled': False}
[clean-BPC     2.09s] node 0 d=0 lb=0.0 open=0
[clean-BPC     2.10s] node 0 cg=1 phase=phase1 obj=0.0 artificial=0.0 cols=25
[clean-BPC     2.10s] node 0 cg=2 phase=phase2 obj=245.5914 artificial=0.0 cols=25
[clean-BPC     7.44s] node 0 cg=2 phase=phase2 kind=heuristic best_rc=-25.938804 found=105554 added=600 exhausted=False cert=False
[clean-BPC     7.46s] node 0 cg=3 phase=phase2 obj=245.5914 artificial=0.0 cols=625
[clean-BPC    13.23s] node 0 cg=3 phase=phase2 kind=heuristic best_rc=-23.567444 found=125616 added=600 exhausted=False cert=False
[clean-BPC    13.27s] node 0 cg=4 phase=phase2 obj=243.129978 artificial=0.0 cols=1225
[clean-BPC    16.24s] node 0 cg=4 phase=phase2 kind=heuristic best_rc=-9.059792125 found=7828 added=600 exhausted=False cert=False
[clean-BPC    16.31s] node 0 cg=5 phase=phase2 obj=233.700945 artificial=0.0 cols=1825
[clean-BPC    19.15s] node 0 cg=5 phase=phase2 kind=heuristic best_rc=-3.78132425 found=840 added=600 exhausted=False cert=False
[clean-BPC    19.25s] node 0 cg=6 phase=phase2 obj=230.636741 artificial=0.0 cols=2425
[clean-BPC    22.13s] node 0 cg=6 phase=phase2 kind=heuristic best_rc=-0.418592 found=8 added=8 exhausted=False cert=False
[clean-BPC    22.23s] node 0 cg=7 phase=phase2 obj=230.523904 artificial=0.0 cols=2433
[clean-BPC    25.16s] node 0 cg=7 phase=phase2 kind=heuristic best_rc=0.0 found=0 added=0 exhausted=False cert=False
[clean-BPC    31.73s] node 0 cg=7 phase=phase2 kind=exact best_rc=0.0 found=0 added=0 exhausted=True cert=True
[clean-BPC    33.27s] cut_added family=crossing_cut node=0 added=3 upgraded=0 first={'id': 0, 'tasks': [7, 8, 10, 13, 18], 'demand': 10.0, 'capacity_bound': 2, 'resource_bound': 1, 'k_bound': 2, 'rhs': 4.0, 'source': 'capacity', 'violation': 0.888888889, 'action': 'add'}
[clean-BPC    33.42s] node 0 cg=8 phase=phase2 obj=230.528562 artificial=0.0 cols=2433
[clean-BPC    36.84s] node 0 cg=8 phase=phase2 kind=heuristic best_rc=-0.156613 found=3 added=3 exhausted=False cert=False
[clean-BPC    36.99s] node 0 cg=9 phase=phase2 obj=230.528562 artificial=0.0 cols=2436
[clean-BPC    40.42s] node 0 cg=9 phase=phase2 kind=heuristic best_rc=-0.0 found=0 added=0 exhausted=False cert=False
[clean-BPC    54.70s] node 0 cg=9 phase=phase2 kind=exact best_rc=-1.128763583 found=13 added=13 exhausted=True cert=True
[clean-BPC    54.84s] node 0 cg=10 phase=phase2 obj=230.528562 artificial=0.0 cols=2449
[clean-BPC    58.33s] node 0 cg=10 phase=phase2 kind=heuristic best_rc=0.0 found=0 added=0 exhausted=False cert=False
[clean-BPC    71.16s] node 0 cg=10 phase=phase2 kind=exact best_rc=0.0 found=0 added=0 exhausted=True cert=True
[clean-BPC    72.19s] cut_added family=crossing_cut node=0 added=5 upgraded=0 first={'id': 3, 'tasks': [1, 2, 4, 15, 20], 'demand': 11.0, 'capacity_bound': 2, 'resource_bound': 1, 'k_bound': 2, 'rhs': 4.0, 'source': 'capacity', 'violation': 1.0, 'action': 'add'}
[clean-BPC    72.39s] node 0 cg=11 phase=phase2 obj=230.590244 artificial=0.0 cols=2449
[clean-BPC    76.15s] node 0 cg=11 phase=phase2 kind=heuristic best_rc=-0.392026421 found=7 added=7 exhausted=False cert=False
[clean-BPC    76.34s] node 0 cg=12 phase=phase2 obj=230.564696 artificial=0.0 cols=2456
[clean-BPC    80.05s] node 0 cg=12 phase=phase2 kind=heuristic best_rc=-0.2785552 found=6 added=6 exhausted=False cert=False
[clean-BPC    80.25s] node 0 cg=13 phase=phase2 obj=230.564696 artificial=0.0 cols=2462
[clean-BPC    83.96s] node 0 cg=13 phase=phase2 kind=heuristic best_rc=-0.0 found=0 added=0 exhausted=False cert=False
[clean-BPC   105.93s] node 0 cg=13 phase=phase2 kind=exact best_rc=-0.0 found=0 added=0 exhausted=True cert=True
[clean-BPC   107.07s] subset-row diag node 0 round=1 cand=197 k=2 dup=0 not_viol=375 violated=19 added=19 max_viol=0.3999999999999999
[clean-BPC   107.07s] cut_added family=subset_row node=0 added=19 first(|S|=5, k=2, viol=0.4)
[clean-BPC   107.36s] node 0 cg=14 phase=phase2 obj=231.215543 artificial=0.0 cols=2462
[clean-BPC   111.08s] node 0 cg=14 phase=phase2 kind=heuristic best_rc=-0.348940526 found=21 added=21 exhausted=False cert=False
[clean-BPC   111.36s] node 0 cg=15 phase=phase2 obj=231.170385 artificial=0.0 cols=2483
[clean-BPC   115.30s] node 0 cg=15 phase=phase2 kind=heuristic best_rc=-0.012875769 found=2 added=2 exhausted=False cert=False
[clean-BPC   115.58s] node 0 cg=16 phase=phase2 obj=231.170385 artificial=0.0 cols=2485
[clean-BPC   119.50s] node 0 cg=16 phase=phase2 kind=heuristic best_rc=-0.0 found=0 added=0 exhausted=False cert=False
[clean-BPC   134.46s] node 0 cg=16 phase=phase2 kind=exact best_rc=-0.0 found=0 added=0 exhausted=True cert=True
[clean-BPC   136.31s] subset-row diag node 0 round=2 cand=464 k=2 dup=14 not_viol=898 violated=16 added=16 max_viol=0.33333333333333326
[clean-BPC   136.31s] cut_added family=subset_row node=0 added=16 first(|S|=3, k=2, viol=0.333333333)
[clean-BPC   136.69s] node 0 cg=17 phase=phase2 obj=231.595905 artificial=0.0 cols=2485
[clean-BPC   140.55s] node 0 cg=17 phase=phase2 kind=heuristic best_rc=-0.223215394 found=8 added=8 exhausted=False cert=False
[clean-BPC   140.94s] node 0 cg=18 phase=phase2 obj=231.588996 artificial=0.0 cols=2493
[clean-BPC   145.02s] node 0 cg=18 phase=phase2 kind=heuristic best_rc=-0.002428039 found=2 added=2 exhausted=False cert=False
[clean-BPC   145.40s] node 0 cg=19 phase=phase2 obj=231.588936 artificial=0.0 cols=2495
[clean-BPC   149.47s] node 0 cg=19 phase=phase2 kind=heuristic best_rc=-0.0 found=0 added=0 exhausted=False cert=False
[clean-BPC   162.77s] node 0 cg=19 phase=phase2 kind=exact best_rc=-0.0 found=0 added=0 exhausted=True cert=True
[clean-BPC   164.67s] cut_added family=crossing_cut node=0 added=3 upgraded=0 first={'id': 43, 'tasks': [2, 11, 15, 20], 'demand': 10.0, 'capacity_bound': 2, 'resource_bound': 1, 'k_bound': 2, 'rhs': 4.0, 'source': 'capacity', 'violation': 0.097560976, 'action': 'add'}
[clean-BPC   165.08s] node 0 cg=20 phase=phase2 obj=231.609479 artificial=0.0 cols=2495
[clean-BPC   169.16s] node 0 cg=20 phase=phase2 kind=heuristic best_rc=-0.0 found=0 added=0 exhausted=False cert=False
[clean-BPC   182.86s] node 0 cg=20 phase=phase2 kind=exact best_rc=-0.0 found=0 added=0 exhausted=True cert=True
[clean-BPC   182.88s] subset-row diag node 0 round=3 cand=500 k=2 dup=29 not_viol=963 violated=8 added=8 max_viol=0.15573770491803396
[clean-BPC   182.88s] cut_added family=subset_row node=0 added=8 first(|S|=5, k=2, viol=0.155737705)
[clean-BPC   183.35s] node 0 cg=21 phase=phase2 obj=231.743944 artificial=0.0 cols=2495
[clean-BPC   187.32s] node 0 cg=21 phase=phase2 kind=heuristic best_rc=-0.470776289 found=18 added=18 exhausted=False cert=False
[clean-BPC   187.79s] node 0 cg=22 phase=phase2 obj=231.701368 artificial=0.0 cols=2513
[clean-BPC   191.79s] node 0 cg=22 phase=phase2 kind=heuristic best_rc=-0.069195041 found=2 added=2 exhausted=False cert=False
[clean-BPC   192.26s] node 0 cg=23 phase=phase2 obj=231.701368 artificial=0.0 cols=2515
[clean-BPC   196.37s] node 0 cg=23 phase=phase2 kind=heuristic best_rc=-0.033855365 found=2 added=2 exhausted=False cert=False
[clean-BPC   196.86s] node 0 cg=24 phase=phase2 obj=231.701368 artificial=0.0 cols=2517
[clean-BPC   201.14s] node 0 cg=24 phase=phase2 kind=heuristic best_rc=-0.0 found=0 added=0 exhausted=False cert=False
[clean-BPC   215.64s] node 0 cg=24 phase=phase2 kind=exact best_rc=-0.0 found=0 added=0 exhausted=True cert=True
[clean-BPC   216.25s] lm-rank1 diag node 0 round=1 cand=604 denom=2 patterns=12668 dup=0 not_viol=12418 violated=95 added=20 max_viol=0.15595075239398115
[clean-BPC   216.25s] cut_added family=limited_memory_rank1 node=0 added=20 first(|S|=6, d=3, mem=[12, 17], viol=0.155950752)
[clean-BPC   216.87s] node 0 cg=25 phase=phase2 obj=231.753443 artificial=0.0 cols=2517
[clean-BPC   221.76s] node 0 cg=25 phase=phase2 kind=heuristic best_rc=-0.161575214 found=6 added=6 exhausted=False cert=False
[clean-BPC   222.37s] node 0 cg=26 phase=phase2 obj=231.753443 artificial=0.0 cols=2523
[clean-BPC   227.29s] node 0 cg=26 phase=phase2 kind=heuristic best_rc=-0.0 found=0 added=0 exhausted=False cert=False
[clean-BPC   240.99s] node 0 cg=26 phase=phase2 kind=exact best_rc=-0.0 found=0 added=0 exhausted=True cert=True
[clean-BPC   241.38s] lm-rank1 diag node 0 round=2 cand=482 denom=2 patterns=10052 dup=14 not_viol=9850 violated=50 added=20 max_viol=0.15384615384615707
[clean-BPC   241.38s] cut_added family=limited_memory_rank1 node=0 added=20 first(|S|=5, d=4, mem=[16], viol=0.153846154)
[clean-BPC   242.10s] node 0 cg=27 phase=phase2 obj=231.850838 artificial=0.0 cols=2523
[clean-BPC   247.80s] node 0 cg=27 phase=phase2 kind=heuristic best_rc=-0.594559 found=11 added=11 exhausted=False cert=False
[clean-BPC   248.53s] node 0 cg=28 phase=phase2 obj=231.809231 artificial=0.0 cols=2534
[clean-BPC   254.00s] node 0 cg=28 phase=phase2 kind=heuristic best_rc=-0.1822589 found=4 added=4 exhausted=False cert=False
[clean-BPC   254.73s] node 0 cg=29 phase=phase2 obj=231.806154 artificial=0.0 cols=2538
[clean-BPC   260.29s] node 0 cg=29 phase=phase2 kind=heuristic best_rc=0.0 found=0 added=0 exhausted=False cert=False
[clean-BPC   275.76s] node 0 cg=29 phase=phase2 kind=exact best_rc=0.0 found=0 added=0 exhausted=True cert=True
[clean-BPC   276.12s] lm-rank1 diag node 0 round=3 cand=700 denom=2 patterns=14672 dup=37 not_viol=14406 violated=47 added=20 max_viol=0.09150326797385588
[clean-BPC   276.12s] cut_added family=limited_memory_rank1 node=0 added=20 first(|S|=6, d=3, mem=[14, 17], viol=0.091503268)
[clean-BPC   276.97s] node 0 cg=30 phase=phase2 obj=231.874739 artificial=0.0 cols=2538
[clean-BPC   282.94s] node 0 cg=30 phase=phase2 kind=heuristic best_rc=-0.079587657 found=10 added=10 exhausted=False cert=False
[clean-BPC   283.80s] node 0 cg=31 phase=phase2 obj=231.872861 artificial=0.0 cols=2548
[clean-BPC   289.91s] node 0 cg=31 phase=phase2 kind=heuristic best_rc=0.0 found=0 added=0 exhausted=False cert=False
[clean-BPC   306.72s] node 0 cg=31 phase=phase2 kind=exact best_rc=-0.0 found=0 added=0 exhausted=True cert=True
[clean-BPC   307.70s] route-pack diag node 0 round=1 vehicles=2/2 support_max=34 cand=79 oracle=79 incomplete=0 not_tight=10 not_viol=69 dup=0 violated=0 added=0 max_viol=0.0 states_max=35735
[clean-BPC   327.74s] route-pack-conflict diag node 0 source_vehicle=1 routes=5 U=4 complete=True cache_hit=False states=117 added=0
[clean-BPC   329.65s] cut_added family=schedule_pair_conflict node=0 added=2 source_vehicle=1 route_count=2 signatures=[[4, 15, 20, 2], [6, 7, 13, 18, 3, 1]]
[clean-BPC   329.65s] route-pack-conflict diag node 0 source_vehicle=1 routes=5 U=4 complete=True cache_hit=False states=109 added=0
[clean-BPC   331.57s] route-pack-conflict diag node 0 source_vehicle=1 routes=5 U=4 complete=True cache_hit=False states=100 added=0
[clean-BPC   333.47s] cut_added family=schedule_pair_conflict node=0 added=2 source_vehicle=1 route_count=2 signatures=[[4, 15, 20, 2], [1, 3, 18, 13, 7, 6]]
[clean-BPC   333.47s] rim-conflict diag node 0 conflicts=5 pair_events=2 pair_cuts=4 schedcap_events=0 schedcap_cuts=0 routepack_events=3 routepack_cuts=0 routepack_cache=0 routepack_states_max=117 routepack_budget_skip=0 nogood_events=0 nogood_cuts=0 weak_skip=3
[clean-BPC    20.02s] restricted-MIP node 0 status=TIME_LIMIT obj=None accepted=False routes=2548 rejected=5 pair=4 ng=6 route_pack=0 sched_cap=0 added_cuts=4 time=20.015131
[clean-BPC   333.47s] node 0 d=0 lb=231.872861 open=0
[clean-BPC   334.24s] node 0 cg=1 phase=phase1 obj=0.0 artificial=0.0 cols=2548
[clean-BPC   335.08s] node 0 cg=2 phase=phase2 obj=231.872861 artificial=0.0 cols=2548
[clean-BPC   340.98s] node 0 cg=2 phase=phase2 kind=heuristic best_rc=-0.0 found=0 added=0 exhausted=False cert=False
[clean-BPC   357.18s] node 0 cg=2 phase=phase2 kind=exact best_rc=-0.0 found=0 added=0 exhausted=True cert=True
[clean-BPC   358.02s] route-pack diag node 0 round=1 vehicles=2/2 support_max=31 cand=77 oracle=77 incomplete=0 not_tight=12 not_viol=65 dup=0 violated=0 added=0 max_viol=0.0 states_max=41713
[clean-BPC   379.96s] route-pack-conflict diag node 0 source_vehicle=1 routes=5 U=4 complete=True cache_hit=True states=117 added=0
[clean-BPC   381.89s] route-pack-conflict diag node 0 source_vehicle=1 routes=5 U=4 complete=True cache_hit=True states=109 added=0
[clean-BPC   383.78s] route-pack-conflict diag node 0 source_vehicle=1 routes=5 U=4 complete=True cache_hit=True states=100 added=0
[clean-BPC   385.71s] route-pack-conflict diag node 0 source_vehicle=1 routes=5 U=4 complete=True cache_hit=False states=108 added=0
[clean-BPC   387.66s] rim-conflict diag node 0 conflicts=4 pair_events=0 pair_cuts=0 schedcap_events=0 schedcap_cuts=0 routepack_events=4 routepack_cuts=0 routepack_cache=3 routepack_states_max=117 routepack_budget_skip=0 nogood_events=0 nogood_cuts=0 weak_skip=4
[clean-BPC    21.92s] restricted-MIP node 0 status=TIME_LIMIT obj=None accepted=False routes=2548 rejected=4 pair=0 ng=8 route_pack=0 sched_cap=0 added_cuts=0 time=21.923876
[clean-BPC   403.73s] branch node 0: left=RF(8,14)=separate right=RF(8,14)=same
[clean-BPC   403.73s] node 1 d=1 lb=231.872861 open=1
[clean-BPC   404.48s] node 1 cg=1 phase=phase1 obj=0.0 artificial=0.0 cols=2548
[clean-BPC   405.28s] node 1 cg=2 phase=phase2 obj=232.140319 artificial=0.0 cols=2548
[clean-BPC   405.28s] cut_purged node=1 removed=2 by_kind={'crossing_cut': 2} remaining=116
[clean-BPC   406.06s] node 1 cg=3 phase=phase2 obj=232.140319 artificial=0.0 cols=2548
[clean-BPC   411.72s] node 1 cg=3 phase=phase2 kind=heuristic best_rc=-0.433905752 found=12 added=12 exhausted=False cert=False
[clean-BPC   412.53s] node 1 cg=4 phase=phase2 obj=232.140319 artificial=0.0 cols=2560
[clean-BPC   417.86s] node 1 cg=4 phase=phase2 kind=heuristic best_rc=-0.217990333 found=2 added=2 exhausted=False cert=False
[clean-BPC   418.64s] node 1 cg=5 phase=phase2 obj=232.140319 artificial=0.0 cols=2562
[clean-BPC   418.64s] cut_purged node=1 removed=4 by_kind={'crossing_cut': 1, 'subset_row': 3} remaining=112
[clean-BPC   419.43s] node 1 cg=6 phase=phase2 obj=232.140319 artificial=0.0 cols=2562
[clean-BPC   424.53s] node 1 cg=6 phase=phase2 kind=heuristic best_rc=-0.051266 found=2 added=2 exhausted=False cert=False
[clean-BPC   425.32s] node 1 cg=7 phase=phase2 obj=232.140319 artificial=0.0 cols=2564
[clean-BPC   430.08s] node 1 cg=7 phase=phase2 kind=heuristic best_rc=0.004394611 found=0 added=0 exhausted=False cert=False
[clean-BPC   451.45s] node 1 cg=7 phase=phase2 kind=heuristic_boost best_rc=0.004394611 found=0 added=0 exhausted=True cert=True
[clean-BPC   451.49s] route-pack diag node 1 round=1 vehicles=2/2 support_max=9 cand=39 oracle=39 incomplete=0 not_tight=11 not_viol=24 dup=0 violated=4 added=4 max_viol=0.3333333333333304 states_max=1599
[clean-BPC   451.49s] cut_added family=schedule_route_set_packing node=1 added=4 first(vehicle=1, routes=9, U=4, y=0.5, viol=0.333333333, states=1568)
[clean-BPC   452.25s] node 1 cg=8 phase=phase2 obj=232.140319 artificial=0.0 cols=2564
[clean-BPC   457.18s] node 1 cg=8 phase=phase2 kind=heuristic best_rc=-0.0 found=0 added=0 exhausted=False cert=False
[clean-BPC   475.28s] node 1 cg=8 phase=phase2 kind=heuristic_boost best_rc=-0.0 found=0 added=0 exhausted=True cert=True
[clean-BPC   475.32s] route-pack diag node 1 round=2 vehicles=2/2 support_max=9 cand=36 oracle=36 incomplete=0 not_tight=11 not_viol=23 dup=0 violated=2 added=2 max_viol=0.16666666666666696 states_max=1610
[clean-BPC   475.32s] cut_added family=schedule_route_set_packing node=1 added=2 first(vehicle=1, routes=8, U=4, y=0.5, viol=0.166666667, states=867)
[clean-BPC   476.06s] node 1 cg=9 phase=phase2 obj=232.140319 artificial=0.0 cols=2564
[clean-BPC   481.18s] node 1 cg=9 phase=phase2 kind=heuristic best_rc=-0.046646476 found=2 added=2 exhausted=False cert=False
[clean-BPC   481.94s] node 1 cg=10 phase=phase2 obj=232.140319 artificial=0.0 cols=2566
[clean-BPC   487.46s] node 1 cg=10 phase=phase2 kind=heuristic best_rc=0.0 found=0 added=0 exhausted=False cert=False
[clean-BPC   507.60s] node 1 cg=10 phase=phase2 kind=heuristic_boost best_rc=0.0 found=0 added=0 exhausted=True cert=True
[clean-BPC   527.90s] route-pack-conflict diag node 1 source_vehicle=1 routes=5 U=4 complete=True cache_hit=False states=109 added=0
[clean-BPC   529.84s] route-pack-conflict diag node 1 source_vehicle=1 routes=5 U=4 complete=True cache_hit=False states=117 added=0
[clean-BPC   531.78s] route-pack-conflict diag node 1 source_vehicle=1 routes=5 U=4 complete=True cache_hit=False states=100 added=0
[clean-BPC   533.75s] route-pack-conflict diag node 1 source_vehicle=1 routes=5 U=4 complete=True cache_hit=False states=108 added=0
[clean-BPC   535.70s] route-pack-conflict diag node 1 source_vehicle=1 routes=5 U=4 complete=True cache_hit=False states=112 added=0
[clean-BPC   535.96s] route-pack-conflict diag node 1 source_vehicle=1 routes=5 U=4 complete=True cache_hit=False states=91 added=0
[clean-BPC   536.23s] rim-conflict diag node 1 conflicts=6 pair_events=0 pair_cuts=0 schedcap_events=0 schedcap_cuts=0 routepack_events=6 routepack_cuts=0 routepack_cache=0 routepack_states_max=117 routepack_budget_skip=0 nogood_events=0 nogood_cuts=0 weak_skip=6
[clean-BPC    20.29s] restricted-MIP node 1 status=TIME_LIMIT obj=None accepted=False routes=2566 rejected=6 pair=0 ng=12 route_pack=0 sched_cap=0 added_cuts=0 time=20.289347
[clean-BPC   553.18s] branch node 1: left=task_vehicle(16,1)=off right=task_vehicle(16,1)=on
[clean-BPC   553.18s] node 2 d=1 lb=231.872861 open=2
[clean-BPC   553.68s] node 2 cg=1 phase=phase1 obj=0.0 artificial=0.0 cols=2566
[clean-BPC   554.22s] node 2 cg=2 phase=phase2 obj=232.458115 artificial=0.0 cols=2566
[clean-BPC   558.97s] node 2 cg=2 phase=phase2 kind=heuristic best_rc=-0.399214625 found=6 added=6 exhausted=False cert=False
[clean-BPC   559.51s] node 2 cg=3 phase=phase2 obj=232.325043 artificial=0.0 cols=2572
[clean-BPC   564.19s] node 2 cg=3 phase=phase2 kind=heuristic best_rc=-0.62423 found=11 added=11 exhausted=False cert=False
[clean-BPC   564.73s] node 2 cg=4 phase=phase2 obj=232.325043 artificial=0.0 cols=2583
[clean-BPC   569.42s] node 2 cg=4 phase=phase2 kind=heuristic best_rc=-0.137604 found=2 added=2 exhausted=False cert=False
[clean-BPC   569.97s] node 2 cg=5 phase=phase2 obj=232.325043 artificial=0.0 cols=2585
[clean-BPC   574.66s] node 2 cg=5 phase=phase2 kind=heuristic best_rc=-0.370545167 found=7 added=7 exhausted=False cert=False
[clean-BPC   575.19s] node 2 cg=6 phase=phase2 obj=232.325043 artificial=0.0 cols=2592
[clean-BPC   575.19s] cut_purged node=2 removed=2 by_kind={'crossing_cut': 1, 'subset_row': 1} remaining=116
[clean-BPC   575.73s] node 2 cg=7 phase=phase2 obj=232.325043 artificial=0.0 cols=2592
[clean-BPC   580.57s] node 2 cg=7 phase=phase2 kind=heuristic best_rc=-0.01673 found=2 added=2 exhausted=False cert=False
[clean-BPC   581.09s] node 2 cg=8 phase=phase2 obj=232.325043 artificial=0.0 cols=2594
[clean-BPC   585.46s] node 2 cg=8 phase=phase2 kind=heuristic best_rc=-0.349089333 found=2 added=2 exhausted=False cert=False
[clean-BPC   585.98s] node 2 cg=9 phase=phase2 obj=232.325043 artificial=0.0 cols=2596
[clean-BPC   590.39s] node 2 cg=9 phase=phase2 kind=heuristic best_rc=0.079609667 found=0 added=0 exhausted=False cert=False
[clean-BPC   602.04s] node 2 cg=9 phase=phase2 kind=heuristic_boost best_rc=-0.0 found=0 added=0 exhausted=True cert=True
[clean-BPC   602.16s] route-pack diag node 2 round=1 vehicles=2/2 support_max=12 cand=51 oracle=51 incomplete=0 not_tight=9 not_viol=37 dup=0 violated=5 added=5 max_viol=0.3333333333333335 states_max=4902
[clean-BPC   602.16s] cut_added family=schedule_route_set_packing node=2 added=5 first(vehicle=2, routes=12, U=4, y=0.5, viol=0.333333333, states=4902)
[clean-BPC   602.67s] node 2 cg=10 phase=phase2 obj=232.325043 artificial=0.0 cols=2596
[clean-BPC   607.39s] node 2 cg=10 phase=phase2 kind=heuristic best_rc=-0.073440778 found=3 added=3 exhausted=False cert=False
[clean-BPC   607.93s] node 2 cg=11 phase=phase2 obj=232.325043 artificial=0.0 cols=2599
[clean-BPC   612.64s] node 2 cg=11 phase=phase2 kind=heuristic best_rc=-0.0262688 found=2 added=2 exhausted=False cert=False
[clean-BPC   613.17s] node 2 cg=12 phase=phase2 obj=232.325043 artificial=0.0 cols=2601
[clean-BPC   617.79s] node 2 cg=12 phase=phase2 kind=heuristic best_rc=-0.0 found=0 added=0 exhausted=False cert=False
[clean-BPC   629.29s] node 2 cg=12 phase=phase2 kind=heuristic_boost best_rc=-0.0 found=0 added=0 exhausted=True cert=True
[clean-BPC   629.36s] route-pack diag node 2 round=2 vehicles=1/2 support_max=12 cand=30 oracle=30 incomplete=0 not_tight=5 not_viol=23 dup=0 violated=2 added=2 max_viol=0.3333333333333339 states_max=5376
[clean-BPC   629.36s] cut_added family=schedule_route_set_packing node=2 added=2 first(vehicle=1, routes=11, U=4, y=1.0, viol=0.333333333, states=3148)
[clean-BPC   629.91s] node 2 cg=13 phase=phase2 obj=232.325043 artificial=0.0 cols=2601
[clean-BPC   635.28s] node 2 cg=13 phase=phase2 kind=heuristic best_rc=0.0 found=0 added=0 exhausted=False cert=False
[clean-BPC   649.17s] node 2 cg=13 phase=phase2 kind=heuristic_boost best_rc=-0.0 found=0 added=0 exhausted=True cert=True
[clean-BPC   669.60s] route-pack-conflict diag node 2 source_vehicle=1 routes=5 U=3 complete=True cache_hit=False states=109 added=2
[clean-BPC   669.60s] cut_added family=schedule_route_set_packing node=2 added=2 source=schedule_conflict first(vehicle=1, routes=5, U=3, states=109, cache_hit=False)
[clean-BPC   669.60s] route-pack-conflict diag node 2 source_vehicle=1 routes=5 U=3 complete=True cache_hit=False states=101 added=2
[clean-BPC   669.60s] cut_added family=schedule_route_set_packing node=2 added=2 source=schedule_conflict first(vehicle=1, routes=5, U=3, states=101, cache_hit=False)
[clean-BPC   670.34s] cut_added family=schedule_pair_conflict node=2 added=2 source_vehicle=1 route_count=2 signatures=[[4, 15, 20, 2], [7, 13, 18, 3, 1]]
[clean-BPC   671.05s] cut_added family=schedule_pair_conflict node=2 added=2 source_vehicle=1 route_count=2 signatures=[[4, 15, 20, 2], [1, 3, 18, 13, 7]]
[clean-BPC   676.29s] rim-conflict diag node 2 conflicts=16 pair_events=2 pair_cuts=4 schedcap_events=0 schedcap_cuts=0 routepack_events=2 routepack_cuts=4 routepack_cache=0 routepack_states_max=109 routepack_budget_skip=12 nogood_events=0 nogood_cuts=0 weak_skip=12
[clean-BPC    20.42s] restricted-MIP node 2 status=TIME_LIMIT obj=None accepted=False routes=2601 rejected=16 pair=4 ng=12 route_pack=16 sched_cap=0 added_cuts=8 time=20.422663
[clean-BPC   676.29s] node 3 d=2 lb=232.140319 open=2
[clean-BPC   676.90s] node 3 cg=1 phase=phase1 obj=0.0 artificial=0.0 cols=2601
[clean-BPC   677.55s] node 3 cg=2 phase=phase2 obj=332.140319 artificial=0.0 cols=2601
[clean-BPC   682.81s] node 3 cg=2 phase=phase2 kind=heuristic best_rc=-0.007749222 found=2 added=2 exhausted=False cert=False
[clean-BPC   683.44s] node 3 cg=3 phase=phase2 obj=332.140319 artificial=0.0 cols=2603
[clean-BPC   688.59s] node 3 cg=3 phase=phase2 kind=heuristic best_rc=0.0 found=0 added=0 exhausted=False cert=False
[clean-BPC   709.03s] node 3 cg=3 phase=phase2 kind=heuristic_boost best_rc=0.0 found=0 added=0 exhausted=True cert=True
[clean-BPC   709.03s] route-pack diag node 3 round=1 vehicles=2/2 support_max=6 cand=13 oracle=13 incomplete=0 not_tight=9 not_viol=4 dup=0 violated=0 added=0 max_viol=0.0 states_max=204
[clean-BPC   709.03s] cut_added family=schedule_incompatibility node=3 added=2 pair=2 clique=0 first(kind=schedule_pair_conflict, vehicle=2, routes=2, U=1.0, y=1.0, viol=0.333333333)
[clean-BPC   709.67s] node 3 cg=4 phase=phase2 obj=332.140319 artificial=0.0 cols=2603
[clean-BPC   714.78s] node 3 cg=4 phase=phase2 kind=heuristic best_rc=0.0 found=0 added=0 exhausted=False cert=False
[clean-BPC   731.73s] node 3 cg=4 phase=phase2 kind=heuristic_boost best_rc=-0.353269833 found=6 added=6 exhausted=True cert=True
[clean-BPC   732.37s] node 3 cg=5 phase=phase2 obj=332.140319 artificial=0.0 cols=2609
[clean-BPC   737.48s] node 3 cg=5 phase=phase2 kind=heuristic best_rc=0.0 found=0 added=0 exhausted=False cert=False
[clean-BPC   757.95s] node 3 cg=5 phase=phase2 kind=heuristic_boost best_rc=0.0 found=0 added=0 exhausted=True cert=True
[clean-BPC   757.95s] route-pack diag node 3 round=1 vehicles=2/2 support_max=5 cand=13 oracle=13 incomplete=0 not_tight=9 not_viol=4 dup=0 violated=0 added=0 max_viol=0.0 states_max=87
[clean-BPC   757.95s] cut_added family=schedule_incompatibility node=3 added=1 pair=1 clique=0 first(kind=schedule_pair_conflict, vehicle=2, routes=2, U=1.0, y=1.0, viol=0.333333333)
[clean-BPC   758.59s] node 3 cg=6 phase=phase2 obj=332.140319 artificial=0.0 cols=2609
[clean-BPC   763.72s] node 3 cg=6 phase=phase2 kind=heuristic best_rc=-0.0 found=0 added=0 exhausted=False cert=False
[clean-BPC   783.95s] node 3 cg=6 phase=phase2 kind=heuristic_boost best_rc=-0.0 found=0 added=0 exhausted=True cert=True
[clean-BPC   783.95s] route-pack diag node 3 round=1 vehicles=2/2 support_max=7 cand=17 oracle=17 incomplete=0 not_tight=11 not_viol=6 dup=0 violated=0 added=0 max_viol=0.0 states_max=346
[clean-BPC   783.95s] fathom node 3: reason=bound bound=332.140319
[clean-BPC   783.95s] node 4 d=2 lb=232.140319 open=1
[clean-BPC   784.57s] node 4 cg=1 phase=phase1 obj=0.0 artificial=0.0 cols=2609
[clean-BPC   785.23s] node 4 cg=2 phase=phase2 obj=232.140319 artificial=0.0 cols=2609
[clean-BPC   790.02s] node 4 cg=2 phase=phase2 kind=heuristic best_rc=-0.0 found=0 added=0 exhausted=False cert=False
[clean-BPC   805.45s] node 4 cg=2 phase=phase2 kind=heuristic_boost best_rc=-0.0 found=0 added=0 exhausted=True cert=True
[clean-BPC   805.46s] route-pack diag node 4 round=1 vehicles=1/2 support_max=9 cand=15 oracle=15 incomplete=0 not_tight=6 not_viol=8 dup=0 violated=1 added=1 max_viol=0.33333333333333304 states_max=1523
[clean-BPC   805.46s] cut_added family=schedule_route_set_packing node=4 added=1 first(vehicle=1, routes=8, U=4, y=1.0, viol=0.333333333, states=805)
[clean-BPC   806.12s] node 4 cg=3 phase=phase2 obj=232.140319 artificial=0.0 cols=2609
[clean-BPC   811.16s] node 4 cg=3 phase=phase2 kind=heuristic best_rc=-0.0 found=0 added=0 exhausted=False cert=False
[clean-BPC   827.50s] node 4 cg=3 phase=phase2 kind=heuristic_boost best_rc=-0.0 found=0 added=0 exhausted=True cert=True
[clean-BPC   827.52s] route-pack diag node 4 round=2 vehicles=1/2 support_max=9 cand=17 oracle=17 incomplete=0 not_tight=5 not_viol=11 dup=0 violated=1 added=1 max_viol=0.3333333333333339 states_max=1408
[clean-BPC   827.52s] cut_added family=schedule_route_set_packing node=4 added=1 first(vehicle=1, routes=8, U=4, y=1.0, viol=0.333333333, states=731)
[clean-BPC   828.16s] node 4 cg=4 phase=phase2 obj=232.140319 artificial=0.0 cols=2609
[clean-BPC   833.51s] node 4 cg=4 phase=phase2 kind=heuristic best_rc=0.0 found=0 added=0 exhausted=False cert=False
[clean-BPC   851.13s] node 4 cg=4 phase=phase2 kind=heuristic_boost best_rc=0.0 found=0 added=0 exhausted=True cert=True
[clean-BPC   875.46s] route-pack-conflict diag node 4 source_vehicle=1 routes=5 U=4 complete=True cache_hit=True states=117 added=0
[clean-BPC   877.35s] route-pack-conflict diag node 4 source_vehicle=1 routes=5 U=4 complete=True cache_hit=True states=100 added=0
[clean-BPC   879.23s] route-pack-conflict diag node 4 source_vehicle=1 routes=5 U=4 complete=True cache_hit=True states=108 added=0
[clean-BPC   881.14s] route-pack-conflict diag node 4 source_vehicle=1 routes=5 U=4 complete=True cache_hit=True states=109 added=0
[clean-BPC   883.06s] route-pack-conflict diag node 4 source_vehicle=1 routes=5 U=4 complete=True cache_hit=False states=125 added=0
[clean-BPC   883.93s] route-pack-conflict diag node 4 source_vehicle=1 routes=5 U=4 complete=True cache_hit=False states=123 added=0
[clean-BPC   888.24s] rim-conflict diag node 4 conflicts=6 pair_events=0 pair_cuts=0 schedcap_events=0 schedcap_cuts=0 routepack_events=6 routepack_cuts=0 routepack_cache=4 routepack_states_max=125 routepack_budget_skip=0 nogood_events=0 nogood_cuts=0 weak_skip=6
[clean-BPC    24.33s] restricted-MIP node 4 status=TIME_LIMIT obj=None accepted=False routes=2609 rejected=6 pair=0 ng=12 route_pack=0 sched_cap=0 added_cuts=0 time=24.326444
[clean-BPC   901.45s] branch node 4: left=RF(1,8)=separate right=RF(1,8)=same
[clean-BPC   901.45s] node 5 d=3 lb=232.140319 open=2
[clean-BPC   902.06s] node 5 cg=1 phase=phase1 obj=0.0 artificial=0.0 cols=2609
[clean-BPC   902.69s] node 5 cg=2 phase=phase2 obj=232.332201 artificial=0.0 cols=2609
[clean-BPC   908.45s] node 5 cg=2 phase=phase2 kind=heuristic best_rc=-0.406639875 found=12 added=12 exhausted=False cert=False
[clean-BPC   909.09s] node 5 cg=3 phase=phase2 obj=232.318709 artificial=0.0 cols=2621
[clean-BPC   914.37s] node 5 cg=3 phase=phase2 kind=heuristic best_rc=-0.061612526 found=2 added=2 exhausted=False cert=False
[clean-BPC   915.00s] node 5 cg=4 phase=phase2 obj=232.318709 artificial=0.0 cols=2623
[clean-BPC   920.43s] node 5 cg=4 phase=phase2 kind=heuristic best_rc=0.0 found=0 added=0 exhausted=False cert=False
[clean-BPC   937.26s] node 5 cg=4 phase=phase2 kind=heuristic_boost best_rc=-2.059817789 found=80 added=80 exhausted=True cert=True
[clean-BPC   937.91s] node 5 cg=5 phase=phase2 obj=232.318709 artificial=0.0 cols=2703
[clean-BPC   942.99s] node 5 cg=5 phase=phase2 kind=heuristic best_rc=-0.039716404 found=2 added=2 exhausted=False cert=False
[clean-BPC   943.66s] node 5 cg=6 phase=phase2 obj=232.318709 artificial=0.0 cols=2705
[clean-BPC   949.32s] node 5 cg=6 phase=phase2 kind=heuristic best_rc=-0.0 found=0 added=0 exhausted=False cert=False
[clean-BPC   967.51s] node 5 cg=6 phase=phase2 kind=heuristic_boost best_rc=-1.211265315 found=36 added=36 exhausted=True cert=True
[clean-BPC   968.19s] node 5 cg=7 phase=phase2 obj=232.318709 artificial=0.0 cols=2741
[clean-BPC   973.72s] node 5 cg=7 phase=phase2 kind=heuristic best_rc=0.0 found=0 added=0 exhausted=False cert=False
[clean-BPC   991.30s] node 5 cg=7 phase=phase2 kind=heuristic_boost best_rc=-1.22305425 found=34 added=34 exhausted=True cert=True
[clean-BPC   991.99s] node 5 cg=8 phase=phase2 obj=232.318709 artificial=0.0 cols=2775
[clean-BPC   997.45s] node 5 cg=8 phase=phase2 kind=heuristic best_rc=-0.195701053 found=2 added=2 exhausted=False cert=False
[clean-BPC   998.14s] node 5 cg=9 phase=phase2 obj=232.318709 artificial=0.0 cols=2777
[clean-BPC  1003.69s] node 5 cg=9 phase=phase2 kind=heuristic best_rc=-0.0 found=0 added=0 exhausted=False cert=False
[clean-BPC  1020.91s] node 5 cg=9 phase=phase2 kind=heuristic_boost best_rc=-0.544473447 found=13 added=13 exhausted=True cert=True
[clean-BPC  1021.58s] node 5 cg=10 phase=phase2 obj=232.318709 artificial=0.0 cols=2790
[clean-BPC  1027.10s] node 5 cg=10 phase=phase2 kind=heuristic best_rc=0.0 found=0 added=0 exhausted=False cert=False
[clean-BPC  1039.56s] node 5 cg=10 phase=phase2 kind=heuristic_boost best_rc=-0.413102061 found=18 added=18 exhausted=True cert=True
[clean-BPC  1040.23s] node 5 cg=11 phase=phase2 obj=232.318709 artificial=0.0 cols=2808
[clean-BPC  1045.75s] node 5 cg=11 phase=phase2 kind=heuristic best_rc=0.0 found=0 added=0 exhausted=False cert=False
[clean-BPC  1063.02s] node 5 cg=11 phase=phase2 kind=heuristic_boost best_rc=-0.190358505 found=6 added=6 exhausted=True cert=True
[clean-BPC  1063.71s] node 5 cg=12 phase=phase2 obj=232.318709 artificial=0.0 cols=2814
[clean-BPC  1069.57s] node 5 cg=12 phase=phase2 kind=heuristic best_rc=-0.0 found=0 added=0 exhausted=False cert=False
[clean-BPC  1088.27s] node 5 cg=12 phase=phase2 kind=heuristic_boost best_rc=-0.075002255 found=2 added=2 exhausted=True cert=True
[clean-BPC  1088.96s] node 5 cg=13 phase=phase2 obj=232.318709 artificial=0.0 cols=2816
[clean-BPC  1088.97s] cut_purged node=5 removed=7 by_kind={'subset_row': 2, 'limited_memory_rank1': 5} remaining=129
[clean-BPC  1089.61s] node 5 cg=14 phase=phase2 obj=232.318709 artificial=0.0 cols=2816
[clean-BPC  1094.87s] node 5 cg=14 phase=phase2 kind=heuristic best_rc=0.0 found=0 added=0 exhausted=False cert=False
[clean-BPC  1112.02s] node 5 cg=14 phase=phase2 kind=heuristic_boost best_rc=0.0 found=0 added=0 exhausted=True cert=True
[clean-BPC  1132.91s] route-pack-conflict diag node 5 source_vehicle=1 routes=5 U=4 complete=True cache_hit=True states=117 added=0
[clean-BPC  1134.79s] route-pack-conflict diag node 5 source_vehicle=1 routes=5 U=4 complete=True cache_hit=True states=109 added=0
[clean-BPC  1136.70s] route-pack-conflict diag node 5 source_vehicle=1 routes=5 U=4 complete=True cache_hit=True states=108 added=0
[clean-BPC  1138.61s] route-pack-conflict diag node 5 source_vehicle=1 routes=5 U=4 complete=True cache_hit=True states=100 added=0
[clean-BPC  1140.52s] route-pack-conflict diag node 5 source_vehicle=1 routes=5 U=4 complete=True cache_hit=True states=112 added=0
[clean-BPC  1140.80s] route-pack-conflict diag node 5 source_vehicle=1 routes=5 U=4 complete=True cache_hit=False states=104 added=0
[clean-BPC  1141.65s] rim-conflict diag node 5 conflicts=6 pair_events=0 pair_cuts=0 schedcap_events=0 schedcap_cuts=0 routepack_events=6 routepack_cuts=0 routepack_cache=5 routepack_states_max=117 routepack_budget_skip=0 nogood_events=0 nogood_cuts=0 weak_skip=6
[clean-BPC    20.88s] restricted-MIP node 5 status=TIME_LIMIT obj=None accepted=False routes=2816 rejected=6 pair=0 ng=12 route_pack=0 sched_cap=0 added_cuts=0 time=20.884121
[clean-BPC  1157.50s] branch node 5: left=RF(1,13)=separate right=RF(1,13)=same
[clean-BPC  1157.50s] node 6 d=3 lb=232.140319 open=3
[clean-BPC  1157.96s] node 6 cg=1 phase=phase1 obj=0.0 artificial=0.0 cols=2816
[clean-BPC  1158.42s] node 6 cg=2 phase=phase2 obj=232.463148 artificial=0.0 cols=2816
[clean-BPC  1162.26s] node 6 cg=2 phase=phase2 kind=heuristic best_rc=-0.779405231 found=12 added=12 exhausted=False cert=False
[clean-BPC  1162.72s] node 6 cg=3 phase=phase2 obj=232.463148 artificial=0.0 cols=2828
[clean-BPC  1166.92s] node 6 cg=3 phase=phase2 kind=heuristic best_rc=-0.461393179 found=6 added=6 exhausted=False cert=False
[clean-BPC  1167.39s] node 6 cg=4 phase=phase2 obj=232.463148 artificial=0.0 cols=2834
[clean-BPC  1171.70s] node 6 cg=4 phase=phase2 kind=heuristic best_rc=0.046400667 found=0 added=0 exhausted=False cert=False
[clean-BPC  1185.65s] node 6 cg=4 phase=phase2 kind=heuristic_boost best_rc=-0.750642761 found=12 added=12 exhausted=True cert=True
[clean-BPC  1186.12s] node 6 cg=5 phase=phase2 obj=232.463148 artificial=0.0 cols=2846
[clean-BPC  1190.21s] node 6 cg=5 phase=phase2 kind=heuristic best_rc=-0.166767769 found=8 added=8 exhausted=False cert=False
[clean-BPC  1190.68s] node 6 cg=6 phase=phase2 obj=232.463148 artificial=0.0 cols=2854
[clean-BPC  1194.74s] node 6 cg=6 phase=phase2 kind=heuristic best_rc=0.071886 found=0 added=0 exhausted=False cert=False
[clean-BPC  1209.69s] node 6 cg=6 phase=phase2 kind=heuristic_boost best_rc=-2.337228453 found=124 added=124 exhausted=True cert=True
[clean-BPC  1210.20s] node 6 cg=7 phase=phase2 obj=232.463148 artificial=0.0 cols=2978
[clean-BPC  1214.29s] node 6 cg=7 phase=phase2 kind=heuristic best_rc=0.071886 found=0 added=0 exhausted=False cert=False
[clean-BPC  1227.34s] node 6 cg=7 phase=phase2 kind=heuristic_boost best_rc=-0.163970096 found=2 added=2 exhausted=True cert=True
[clean-BPC  1227.85s] node 6 cg=8 phase=phase2 obj=232.463148 artificial=0.0 cols=2980
[clean-BPC  1227.85s] cut_purged node=6 removed=12 by_kind={'crossing_cut': 2, 'subset_row': 4, 'limited_memory_rank1': 6} remaining=117
[clean-BPC  1228.33s] node 6 cg=9 phase=phase2 obj=232.463148 artificial=0.0 cols=2980
[clean-BPC  1232.47s] node 6 cg=9 phase=phase2 kind=heuristic best_rc=-0.184512654 found=2 added=2 exhausted=False cert=False
[clean-BPC  1232.93s] node 6 cg=10 phase=phase2 obj=232.463148 artificial=0.0 cols=2982
[clean-BPC  1237.10s] node 6 cg=10 phase=phase2 kind=heuristic best_rc=0.071886 found=0 added=0 exhausted=False cert=False
[clean-BPC  1251.07s] node 6 cg=10 phase=phase2 kind=heuristic_boost best_rc=-0.006255462 found=2 added=2 exhausted=True cert=True
[clean-BPC  1251.55s] node 6 cg=11 phase=phase2 obj=232.463148 artificial=0.0 cols=2984
[clean-BPC  1255.76s] node 6 cg=11 phase=phase2 kind=heuristic best_rc=-0.056397462 found=4 added=4 exhausted=False cert=False
[clean-BPC  1256.20s] node 6 cg=12 phase=phase2 obj=232.463148 artificial=0.0 cols=2988
[clean-BPC  1260.67s] node 6 cg=12 phase=phase2 kind=heuristic best_rc=0.044307 found=0 added=0 exhausted=False cert=False
[clean-BPC  1275.26s] node 6 cg=12 phase=phase2 kind=heuristic_boost best_rc=0.0 found=0 added=0 exhausted=True cert=True
[clean-BPC  1295.27s] route-pack-conflict diag node 6 source_vehicle=1 routes=5 U=4 complete=True cache_hit=False states=112 added=0
[clean-BPC  1295.74s] route-pack-conflict diag node 6 source_vehicle=1 routes=5 U=4 complete=True cache_hit=False states=100 added=0
[clean-BPC  1296.20s] route-pack-conflict diag node 6 source_vehicle=1 routes=5 U=4 complete=True cache_hit=False states=125 added=0
[clean-BPC  1297.02s] route-pack-conflict diag node 6 source_vehicle=1 routes=5 U=4 complete=True cache_hit=False states=125 added=0
[clean-BPC  1297.81s] route-pack-conflict diag node 6 source_vehicle=1 routes=5 U=4 complete=True cache_hit=False states=113 added=0
[clean-BPC  1298.61s] route-pack-conflict diag node 6 source_vehicle=1 routes=5 U=4 complete=True cache_hit=False states=112 added=0
[clean-BPC  1299.07s] route-pack-conflict diag node 6 source_vehicle=1 routes=5 U=4 complete=True cache_hit=False states=100 added=0
[clean-BPC  1299.53s] route-pack-conflict diag node 6 source_vehicle=1 routes=5 U=4 complete=True cache_hit=False states=113 added=0
[clean-BPC  1300.34s] route-pack-conflict diag node 6 source_vehicle=1 routes=5 U=4 complete=True cache_hit=False states=125 added=0
[clean-BPC  1301.15s] route-pack-conflict diag node 6 source_vehicle=1 routes=5 U=4 complete=True cache_hit=False states=125 added=0
[clean-BPC  1301.97s] route-pack-conflict diag node 6 source_vehicle=1 routes=5 U=3 complete=True cache_hit=False states=121 added=2
[clean-BPC  1301.97s] cut_added family=schedule_route_set_packing node=6 added=2 source=schedule_conflict first(vehicle=1, routes=5, U=3, states=121, cache_hit=False)
[clean-BPC  1301.97s] rim-conflict diag node 6 conflicts=11 pair_events=0 pair_cuts=0 schedcap_events=0 schedcap_cuts=0 routepack_events=11 routepack_cuts=2 routepack_cache=0 routepack_states_max=125 routepack_budget_skip=0 nogood_events=0 nogood_cuts=0 weak_skip=10
[clean-BPC    20.01s] restricted-MIP node 6 status=TIME_LIMIT obj=None accepted=False routes=2988 rejected=11 pair=0 ng=20 route_pack=2 sched_cap=0 added_cuts=2 time=20.011783
[clean-BPC  1301.97s] node 7 d=4 lb=232.318709 open=3
[clean-BPC  1302.54s] node 7 cg=1 phase=phase1 obj=0.0 artificial=0.0 cols=2988
[clean-BPC  1303.14s] node 7 cg=2 phase=phase2 obj=232.610885 artificial=0.0 cols=2988
[clean-BPC  1308.54s] node 7 cg=2 phase=phase2 kind=heuristic best_rc=-0.332258 found=8 added=8 exhausted=False cert=False
[clean-BPC  1309.12s] node 7 cg=3 phase=phase2 obj=232.588719 artificial=0.0 cols=2996
[clean-BPC  1314.29s] node 7 cg=3 phase=phase2 kind=heuristic best_rc=-0.068211195 found=4 added=4 exhausted=False cert=False
[clean-BPC  1314.88s] node 7 cg=4 phase=phase2 obj=232.588132 artificial=0.0 cols=3000
[clean-BPC  1319.99s] node 7 cg=4 phase=phase2 kind=heuristic best_rc=0.0 found=0 added=0 exhausted=False cert=False
[clean-BPC  1331.11s] node 7 cg=4 phase=phase2 kind=heuristic_boost best_rc=-0.655140766 found=18 added=18 exhausted=True cert=True
[clean-BPC  1331.71s] node 7 cg=5 phase=phase2 obj=232.588132 artificial=0.0 cols=3018
[clean-BPC  1336.73s] node 7 cg=5 phase=phase2 kind=heuristic best_rc=-0.0 found=0 added=0 exhausted=False cert=False
[clean-BPC  1348.37s] node 7 cg=5 phase=phase2 kind=heuristic_boost best_rc=-0.241695667 found=2 added=2 exhausted=True cert=True
[clean-BPC  1348.97s] node 7 cg=6 phase=phase2 obj=232.588132 artificial=0.0 cols=3020
[clean-BPC  1354.56s] node 7 cg=6 phase=phase2 kind=heuristic best_rc=-0.0 found=0 added=0 exhausted=False cert=False
[clean-BPC  1367.63s] node 7 cg=6 phase=phase2 kind=heuristic_boost best_rc=-0.129827421 found=4 added=4 exhausted=True cert=True
[clean-BPC  1368.26s] node 7 cg=7 phase=phase2 obj=232.588132 artificial=0.0 cols=3024
[clean-BPC  1373.39s] node 7 cg=7 phase=phase2 kind=heuristic best_rc=0.0 found=0 added=0 exhausted=False cert=False
[clean-BPC  1384.59s] node 7 cg=7 phase=phase2 kind=heuristic_boost best_rc=-0.203937859 found=2 added=2 exhausted=True cert=True
[clean-BPC  1385.19s] node 7 cg=8 phase=phase2 obj=232.588132 artificial=0.0 cols=3026
[clean-BPC  1390.17s] node 7 cg=8 phase=phase2 kind=heuristic best_rc=-0.0 found=0 added=0 exhausted=False cert=False
[clean-BPC  1400.86s] node 7 cg=8 phase=phase2 kind=heuristic_boost best_rc=-0.0 found=0 added=0 exhausted=True cert=True
[clean-BPC  1415.04s] branch node 7: left=RF(1,2)=separate right=RF(1,2)=same
[clean-BPC  1415.04s] node 8 d=4 lb=232.318709 open=4
[clean-BPC  1415.44s] node 8 cg=1 phase=phase1 obj=0.0 artificial=0.0 cols=3026
[clean-BPC  1415.84s] node 8 cg=2 phase=phase2 obj=232.752996 artificial=0.0 cols=3026
[clean-BPC  1419.58s] node 8 cg=2 phase=phase2 kind=heuristic best_rc=-0.784866214 found=30 added=30 exhausted=False cert=False
[clean-BPC  1419.99s] node 8 cg=3 phase=phase2 obj=232.730772 artificial=0.0 cols=3056
[clean-BPC  1420.00s] cut_purged node=8 removed=8 by_kind={'crossing_cut': 1, 'subset_row': 3, 'limited_memory_rank1': 4} remaining=111
[clean-BPC  1420.38s] node 8 cg=4 phase=phase2 obj=232.730772 artificial=0.0 cols=3056
[clean-BPC  1424.47s] node 8 cg=4 phase=phase2 kind=heuristic best_rc=0.059305227 found=0 added=0 exhausted=False cert=False
[clean-BPC  1436.73s] node 8 cg=4 phase=phase2 kind=heuristic_boost best_rc=0.059305227 found=0 added=0 exhausted=True cert=True
[clean-BPC  1446.51s] branch node 8: left=RF(1,14)=separate right=RF(1,14)=same
[clean-BPC  1446.51s] node 2 d=1 lb=232.325043 open=5
[clean-BPC  1446.97s] node 2 cg=1 phase=phase1 obj=0.0 artificial=0.0 cols=3056
[clean-BPC  1447.45s] node 2 cg=2 phase=phase2 obj=232.325043 artificial=0.0 cols=3056
[clean-BPC  1452.01s] node 2 cg=2 phase=phase2 kind=heuristic best_rc=0.0 found=0 added=0 exhausted=False cert=False
[clean-BPC  1463.46s] node 2 cg=2 phase=phase2 kind=heuristic_boost best_rc=0.0 found=0 added=0 exhausted=True cert=True
[clean-BPC  1483.95s] route-pack-conflict diag node 2 source_vehicle=1 routes=5 U=3 complete=True cache_hit=False states=101 added=2
[clean-BPC  1483.95s] cut_added family=schedule_route_set_packing node=2 added=2 source=schedule_conflict first(vehicle=1, routes=5, U=3, states=101, cache_hit=False)
[clean-BPC  1483.95s] route-pack-conflict diag node 2 source_vehicle=1 routes=5 U=3 complete=True cache_hit=False states=97 added=2
[clean-BPC  1483.95s] cut_added family=schedule_route_set_packing node=2 added=2 source=schedule_conflict first(vehicle=1, routes=5, U=3, states=97, cache_hit=False)
[clean-BPC  1490.73s] rim-conflict diag node 2 conflicts=16 pair_events=0 pair_cuts=0 schedcap_events=0 schedcap_cuts=0 routepack_events=2 routepack_cuts=4 routepack_cache=0 routepack_states_max=101 routepack_budget_skip=14 nogood_events=0 nogood_cuts=0 weak_skip=14
[clean-BPC    20.48s] restricted-MIP node 2 status=TIME_LIMIT obj=None accepted=False routes=3056 rejected=16 pair=0 ng=20 route_pack=12 sched_cap=0 added_cuts=4 time=20.479279
[clean-BPC  1490.73s] node 2 d=1 lb=232.325043 open=5
[clean-BPC  1491.20s] node 2 cg=1 phase=phase1 obj=0.0 artificial=0.0 cols=3056
[clean-BPC  1491.69s] node 2 cg=2 phase=phase2 obj=232.325043 artificial=0.0 cols=3056
[clean-BPC  1496.01s] node 2 cg=2 phase=phase2 kind=heuristic best_rc=-0.104911316 found=2 added=2 exhausted=False cert=False
[clean-BPC  1496.48s] node 2 cg=3 phase=phase2 obj=232.325043 artificial=0.0 cols=3058
[clean-BPC  1500.85s] node 2 cg=3 phase=phase2 kind=heuristic best_rc=-0.0 found=0 added=0 exhausted=False cert=False
[clean-BPC  1516.16s] node 2 cg=3 phase=phase2 kind=heuristic_boost best_rc=-0.0 found=0 added=0 exhausted=True cert=True
[clean-BPC  1516.16s] cut_added family=schedule_incompatibility node=2 added=1 pair=0 clique=1 first(kind=schedule_clique_conflict, vehicle=1, routes=3, U=1.0, y=0.5, viol=0.166666667)
[clean-BPC  1516.65s] node 2 cg=4 phase=phase2 obj=232.325043 artificial=0.0 cols=3058
[clean-BPC  1520.89s] node 2 cg=4 phase=phase2 kind=heuristic best_rc=-0.0 found=0 added=0 exhausted=False cert=False
[clean-BPC  1535.86s] node 2 cg=4 phase=phase2 kind=heuristic_boost best_rc=-0.0 found=0 added=0 exhausted=True cert=True
[clean-BPC  1556.23s] route-pack-conflict diag node 2 source_vehicle=1 routes=5 U=3 complete=True cache_hit=False states=119 added=2
[clean-BPC  1556.23s] cut_added family=schedule_route_set_packing node=2 added=2 source=schedule_conflict first(vehicle=1, routes=5, U=3, states=119, cache_hit=False)
[clean-BPC  1556.23s] route-pack-conflict diag node 2 source_vehicle=1 routes=5 U=3 complete=True cache_hit=False states=109 added=2
[clean-BPC  1556.23s] cut_added family=schedule_route_set_packing node=2 added=2 source=schedule_conflict first(vehicle=1, routes=5, U=3, states=109, cache_hit=False)
[clean-BPC  1561.13s] rim-conflict diag node 2 conflicts=14 pair_events=0 pair_cuts=0 schedcap_events=0 schedcap_cuts=0 routepack_events=2 routepack_cuts=4 routepack_cache=0 routepack_states_max=119 routepack_budget_skip=12 nogood_events=0 nogood_cuts=0 weak_skip=12
[clean-BPC    20.37s] restricted-MIP node 2 status=TIME_LIMIT obj=None accepted=False routes=3058 rejected=14 pair=0 ng=20 route_pack=8 sched_cap=0 added_cuts=4 time=20.367018
[clean-BPC  1561.13s] node 2 d=1 lb=232.325043 open=5
[clean-BPC  1561.57s] node 2 cg=1 phase=phase1 obj=0.0 artificial=0.0 cols=3058
[clean-BPC  1562.05s] node 2 cg=2 phase=phase2 obj=232.325043 artificial=0.0 cols=3058
[clean-BPC  1566.20s] node 2 cg=2 phase=phase2 kind=heuristic best_rc=-0.0 found=0 added=0 exhausted=False cert=False
[clean-BPC  1580.46s] node 2 cg=2 phase=phase2 kind=heuristic_boost best_rc=-0.0 found=0 added=0 exhausted=True cert=True
[clean-BPC  1600.59s] route-pack-conflict diag node 2 source_vehicle=1 routes=5 U=3 complete=True cache_hit=False states=111 added=2
[clean-BPC  1600.59s] cut_added family=schedule_route_set_packing node=2 added=2 source=schedule_conflict first(vehicle=1, routes=5, U=3, states=111, cache_hit=False)
[clean-BPC  1600.59s] route-pack-conflict diag node 2 source_vehicle=1 routes=5 U=3 complete=True cache_hit=False states=89 added=2
[clean-BPC  1600.59s] cut_added family=schedule_route_set_packing node=2 added=2 source=schedule_conflict first(vehicle=1, routes=5, U=3, states=89, cache_hit=False)
[clean-BPC  1604.71s] rim-conflict diag node 2 conflicts=14 pair_events=0 pair_cuts=0 schedcap_events=0 schedcap_cuts=0 routepack_events=2 routepack_cuts=4 routepack_cache=0 routepack_states_max=111 routepack_budget_skip=12 nogood_events=0 nogood_cuts=0 weak_skip=12
[clean-BPC    20.12s] restricted-MIP node 2 status=TIME_LIMIT obj=None accepted=False routes=3058 rejected=14 pair=0 ng=24 route_pack=4 sched_cap=0 added_cuts=4 time=20.124749
[clean-BPC  1604.71s] node 2 d=1 lb=232.325043 open=5
[clean-BPC  1605.18s] node 2 cg=1 phase=phase1 obj=0.0 artificial=0.0 cols=3058
[clean-BPC  1605.65s] node 2 cg=2 phase=phase2 obj=232.325043 artificial=0.0 cols=3058
[clean-BPC  1610.37s] node 2 cg=2 phase=phase2 kind=heuristic best_rc=0.0 found=0 added=0 exhausted=False cert=False
[clean-BPC  1621.59s] node 2 cg=2 phase=phase2 kind=heuristic_boost best_rc=-0.0 found=0 added=0 exhausted=True cert=True
[clean-BPC  1642.05s] route-pack-conflict diag node 2 source_vehicle=1 routes=5 U=4 complete=True cache_hit=False states=123 added=0
[clean-BPC  1642.42s] route-pack-conflict diag node 2 source_vehicle=1 routes=5 U=4 complete=True cache_hit=False states=93 added=0
[clean-BPC  1642.69s] route-pack-conflict diag node 2 source_vehicle=1 routes=5 U=4 complete=True cache_hit=False states=114 added=0
[clean-BPC  1642.96s] route-pack-conflict diag node 2 source_vehicle=1 routes=5 U=4 complete=True cache_hit=False states=102 added=0
[clean-BPC  1643.22s] route-pack-conflict diag node 2 source_vehicle=1 routes=5 U=4 complete=True cache_hit=False states=123 added=0
[clean-BPC  1643.60s] route-pack-conflict diag node 2 source_vehicle=1 routes=5 U=4 complete=True cache_hit=False states=102 added=0
[clean-BPC  1643.86s] route-pack-conflict diag node 2 source_vehicle=1 routes=5 U=4 complete=True cache_hit=False states=111 added=0
[clean-BPC  1644.22s] route-pack-conflict diag node 2 source_vehicle=1 routes=5 U=4 complete=True cache_hit=False states=123 added=0
[clean-BPC  1644.58s] route-pack-conflict diag node 2 source_vehicle=1 routes=5 U=4 complete=True cache_hit=False states=117 added=0
[clean-BPC  1644.94s] route-pack-conflict diag node 2 source_vehicle=1 routes=5 U=4 complete=True cache_hit=False states=117 added=0
[clean-BPC  1645.32s] route-pack-conflict diag node 2 source_vehicle=1 routes=5 U=4 complete=True cache_hit=False states=117 added=0
[clean-BPC  1645.68s] route-pack-conflict diag node 2 source_vehicle=1 routes=5 U=4 complete=True cache_hit=False states=100 added=0
[clean-BPC  1646.14s] rim-conflict diag node 2 conflicts=12 pair_events=0 pair_cuts=0 schedcap_events=0 schedcap_cuts=0 routepack_events=12 routepack_cuts=0 routepack_cache=0 routepack_states_max=123 routepack_budget_skip=0 nogood_events=0 nogood_cuts=0 weak_skip=12
[clean-BPC    20.46s] restricted-MIP node 2 status=TIME_LIMIT obj=None accepted=False routes=3058 rejected=12 pair=0 ng=24 route_pack=0 sched_cap=0 added_cuts=0 time=20.463496
[clean-BPC  1658.47s] branch node 2: left=task_vehicle(13,2)=off right=task_vehicle(13,2)=on
[clean-BPC  1658.47s] node 13 d=2 lb=232.325043 open=6
[clean-BPC  1658.91s] node 13 cg=1 phase=phase1 obj=0.0 artificial=0.0 cols=3058
[clean-BPC  1659.36s] node 13 cg=2 phase=phase2 obj=232.325043 artificial=0.0 cols=3058
[clean-BPC  1663.35s] node 13 cg=2 phase=phase2 kind=heuristic best_rc=0.0 found=0 added=0 exhausted=False cert=False
[clean-BPC  1671.79s] node 13 cg=2 phase=phase2 kind=heuristic_boost best_rc=-0.0 found=0 added=0 exhausted=True cert=True
[clean-BPC  1671.86s] route-pack diag node 13 round=1 vehicles=1/2 support_max=12 cand=29 oracle=29 incomplete=0 not_tight=7 not_viol=21 dup=0 violated=1 added=1 max_viol=0.3333333333333339 states_max=5649
[clean-BPC  1671.86s] cut_added family=schedule_route_set_packing node=13 added=1 first(vehicle=1, routes=11, U=4, y=1.0, viol=0.333333333, states=3251)
[clean-BPC  1672.31s] node 13 cg=3 phase=phase2 obj=232.325043 artificial=0.0 cols=3058
[clean-BPC  1676.39s] node 13 cg=3 phase=phase2 kind=heuristic best_rc=-0.0 found=0 added=0 exhausted=False cert=False
[clean-BPC  1684.82s] node 13 cg=3 phase=phase2 kind=heuristic_boost best_rc=-0.0 found=0 added=0 exhausted=True cert=True
[clean-BPC  1684.89s] route-pack diag node 13 round=2 vehicles=1/2 support_max=12 cand=30 oracle=30 incomplete=0 not_tight=5 not_viol=23 dup=0 violated=2 added=2 max_viol=0.3333333333333339 states_max=5278
[clean-BPC  1684.89s] cut_added family=schedule_route_set_packing node=13 added=2 first(vehicle=1, routes=11, U=4, y=1.0, viol=0.333333333, states=2994)
[clean-BPC  1685.35s] node 13 cg=4 phase=phase2 obj=232.325043 artificial=0.0 cols=3058
[clean-BPC  1689.50s] node 13 cg=4 phase=phase2 kind=heuristic best_rc=0.0 found=0 added=0 exhausted=False cert=False
[clean-BPC  1698.02s] node 13 cg=4 phase=phase2 kind=heuristic_boost best_rc=0.0 found=0 added=0 exhausted=True cert=True
[clean-BPC  1718.30s] route-pack-conflict diag node 13 source_vehicle=1 routes=5 U=4 complete=True cache_hit=False states=114 added=0
[clean-BPC  1718.57s] route-pack-conflict diag node 13 source_vehicle=1 routes=5 U=4 complete=True cache_hit=False states=102 added=0
[clean-BPC  1718.93s] route-pack-conflict diag node 13 source_vehicle=1 routes=5 U=4 complete=True cache_hit=False states=102 added=0
[clean-BPC  1719.32s] route-pack-conflict diag node 13 source_vehicle=1 routes=5 U=4 complete=True cache_hit=False states=102 added=0
[clean-BPC  1719.68s] route-pack-conflict diag node 13 source_vehicle=1 routes=5 U=4 complete=True cache_hit=False states=86 added=0
[clean-BPC  1719.95s] route-pack-conflict diag node 13 source_vehicle=1 routes=5 U=4 complete=True cache_hit=False states=96 added=0
[clean-BPC  1720.31s] route-pack-conflict diag node 13 source_vehicle=1 routes=5 U=4 complete=True cache_hit=True states=117 added=0
[clean-BPC  1720.68s] route-pack-conflict diag node 13 source_vehicle=1 routes=5 U=4 complete=True cache_hit=False states=105 added=0
[clean-BPC  1721.05s] route-pack-conflict diag node 13 source_vehicle=1 routes=5 U=4 complete=True cache_hit=False states=96 added=0
[clean-BPC  1721.42s] route-pack-conflict diag node 13 source_vehicle=1 routes=5 U=4 complete=True cache_hit=False states=95 added=0
[clean-BPC  1721.68s] route-pack-conflict diag node 13 source_vehicle=1 routes=5 U=4 complete=True cache_hit=False states=117 added=0
[clean-BPC  1722.05s] route-pack-conflict diag node 13 source_vehicle=1 routes=5 U=4 complete=True cache_hit=False states=105 added=0
[clean-BPC  1722.41s] route-pack-conflict diag node 13 source_vehicle=1 routes=5 U=4 complete=True cache_hit=False states=93 added=0
[clean-BPC  1722.67s] rim-conflict diag node 13 conflicts=13 pair_events=0 pair_cuts=0 schedcap_events=0 schedcap_cuts=0 routepack_events=13 routepack_cuts=0 routepack_cache=1 routepack_states_max=117 routepack_budget_skip=0 nogood_events=0 nogood_cuts=0 weak_skip=13
[clean-BPC    20.28s] restricted-MIP node 13 status=TIME_LIMIT obj=None accepted=False routes=3058 rejected=13 pair=0 ng=26 route_pack=0 sched_cap=0 added_cuts=0 time=20.276662
[clean-BPC  1734.56s] branch node 13: left=RF(8,10)=separate right=RF(8,10)=same
[clean-BPC  1734.56s] node 15 d=3 lb=232.325043 open=7
[clean-BPC  1735.00s] node 15 cg=1 phase=phase1 obj=0.0 artificial=0.0 cols=3058
[clean-BPC  1735.44s] node 15 cg=2 phase=phase2 obj=232.957202 artificial=0.0 cols=3058
[clean-BPC  1735.44s] cut_purged node=15 removed=1 by_kind={'subset_row': 1} remaining=126
[clean-BPC  1735.87s] node 15 cg=3 phase=phase2 obj=232.957202 artificial=0.0 cols=3058
[clean-BPC  1740.01s] node 15 cg=3 phase=phase2 kind=heuristic best_rc=-0.040725619 found=7 added=7 exhausted=False cert=False
[clean-BPC  1740.46s] node 15 cg=4 phase=phase2 obj=232.957202 artificial=0.0 cols=3065
[clean-BPC  1740.46s] cut_purged node=15 removed=1 by_kind={'subset_row': 1} remaining=125
[clean-BPC  1740.90s] node 15 cg=5 phase=phase2 obj=232.957202 artificial=0.0 cols=3065
[clean-BPC  1744.76s] node 15 cg=5 phase=phase2 kind=heuristic best_rc=0.0 found=0 added=0 exhausted=False cert=False
[clean-BPC  1752.62s] node 15 cg=5 phase=phase2 kind=heuristic_boost best_rc=0.0 found=0 added=0 exhausted=True cert=True
[clean-BPC  1773.50s] route-pack-conflict diag node 15 source_vehicle=1 routes=5 U=4 complete=True cache_hit=False states=102 added=0
[clean-BPC  1774.19s] route-pack-conflict diag node 15 source_vehicle=1 routes=5 U=4 complete=True cache_hit=False states=111 added=0
[clean-BPC  1774.88s] route-pack-conflict diag node 15 source_vehicle=1 routes=5 U=4 complete=True cache_hit=False states=111 added=0
[clean-BPC  1776.32s] route-pack-conflict diag node 15 source_vehicle=1 routes=5 U=4 complete=True cache_hit=False states=111 added=0
[clean-BPC  1777.75s] route-pack-conflict diag node 15 source_vehicle=1 routes=5 U=4 complete=True cache_hit=False states=120 added=0
[clean-BPC  1779.19s] route-pack-conflict diag node 15 source_vehicle=1 routes=5 U=4 complete=True cache_hit=False states=120 added=0
[clean-BPC  1780.64s] cut_added family=schedule_pair_conflict node=15 added=2 source_vehicle=1 route_count=2 signatures=[[4, 15, 20, 2], [6, 10, 7, 3, 1]]
[clean-BPC  1780.64s] cut_added family=schedule_pair_conflict node=15 added=2 source_vehicle=1 route_count=2 signatures=[[4, 15, 20, 2], [1, 3, 7, 10, 6]]
[clean-BPC  1780.65s] route-pack-conflict diag node 15 source_vehicle=1 routes=5 U=4 complete=True cache_hit=False states=111 added=0
[clean-BPC  1782.08s] route-pack-conflict diag node 15 source_vehicle=1 routes=5 U=4 complete=True cache_hit=False states=99 added=0
[clean-BPC  1782.76s] route-pack-conflict diag node 15 source_vehicle=1 routes=5 U=4 complete=True cache_hit=False states=111 added=0
[clean-BPC  1784.20s] route-pack-conflict diag node 15 source_vehicle=1 routes=5 U=4 complete=True cache_hit=False states=120 added=0
[clean-BPC  1785.63s] rim-conflict diag node 15 conflicts=12 pair_events=2 pair_cuts=4 schedcap_events=0 schedcap_cuts=0 routepack_events=10 routepack_cuts=0 routepack_cache=0 routepack_states_max=120 routepack_budget_skip=0 nogood_events=0 nogood_cuts=0 weak_skip=10
[clean-BPC    20.87s] restricted-MIP node 15 status=TIME_LIMIT obj=None accepted=False routes=3065 rejected=12 pair=4 ng=20 route_pack=0 sched_cap=0 added_cuts=4 time=20.865064
[clean-BPC  1785.63s] node 16 d=3 lb=232.325043 open=7
[clean-BPC  1785.95s] node 16 cg=1 phase=phase1 obj=0.0 artificial=0.0 cols=3065
[clean-BPC  1786.27s] node 16 cg=2 phase=phase2 obj=232.805827 artificial=0.0 cols=3065
[clean-BPC  1790.13s] node 16 cg=2 phase=phase2 kind=heuristic best_rc=-0.593757333 found=8 added=8 exhausted=False cert=False
[clean-BPC  1790.46s] node 16 cg=3 phase=phase2 obj=232.657388 artificial=0.0 cols=3073
[clean-BPC  1794.28s] node 16 cg=3 phase=phase2 kind=heuristic best_rc=0.120256 found=0 added=0 exhausted=False cert=False
[clean-BPC  1802.02s] node 16 cg=3 phase=phase2 kind=heuristic_boost best_rc=0.099326 found=0 added=0 exhausted=True cert=True
[clean-BPC  1818.97s] route-pack-conflict diag node 16 source_vehicle=1 routes=5 U=4 complete=True cache_hit=True states=123 added=0
[clean-BPC  1819.33s] route-pack-conflict diag node 16 source_vehicle=1 routes=5 U=4 complete=True cache_hit=True states=102 added=0
[clean-BPC  1819.71s] route-pack-conflict diag node 16 source_vehicle=1 routes=5 U=4 complete=True cache_hit=True states=123 added=0
[clean-BPC  1820.07s] route-pack-conflict diag node 16 source_vehicle=1 routes=5 U=4 complete=True cache_hit=False states=105 added=0
[clean-BPC  1820.34s] route-pack-conflict diag node 16 source_vehicle=1 routes=5 U=4 complete=True cache_hit=True states=86 added=0
[clean-BPC  1820.60s] route-pack-conflict diag node 16 source_vehicle=1 routes=5 U=4 complete=True cache_hit=True states=117 added=0
[clean-BPC  1820.97s] route-pack-conflict diag node 16 source_vehicle=1 routes=5 U=4 complete=True cache_hit=True states=117 added=0
[clean-BPC  1821.34s] route-pack-conflict diag node 16 source_vehicle=1 routes=5 U=4 complete=True cache_hit=True states=96 added=0
[clean-BPC  1821.69s] route-pack-conflict diag node 16 source_vehicle=1 routes=5 U=4 complete=True cache_hit=True states=117 added=0
[clean-BPC  1822.05s] route-pack-conflict diag node 16 source_vehicle=1 routes=5 U=4 complete=True cache_hit=False states=96 added=0
[clean-BPC  1822.43s] route-pack-conflict diag node 16 source_vehicle=1 routes=5 U=4 complete=True cache_hit=False states=102 added=0
[clean-BPC  1822.70s] route-pack-conflict diag node 16 source_vehicle=1 routes=5 U=4 complete=True cache_hit=False states=111 added=0
[clean-BPC  1823.08s] route-pack-conflict diag node 16 source_vehicle=1 routes=5 U=4 complete=True cache_hit=False states=123 added=0
[clean-BPC  1823.45s] route-pack-conflict diag node 16 source_vehicle=1 routes=5 U=4 complete=True cache_hit=False states=102 added=0
[clean-BPC  1823.72s] route-pack-conflict diag node 16 source_vehicle=1 routes=5 U=4 complete=True cache_hit=False states=111 added=0
[clean-BPC  1824.08s] route-pack-conflict diag node 16 source_vehicle=1 routes=5 U=4 complete=True cache_hit=True states=102 added=0
[clean-BPC  1824.45s] route-pack-conflict diag node 16 source_vehicle=1 routes=5 U=4 complete=True cache_hit=False states=102 added=0
[clean-BPC  1824.82s] route-pack-conflict diag node 16 source_vehicle=1 routes=5 U=4 complete=True cache_hit=True states=123 added=0
[clean-BPC  1825.19s] route-pack-conflict diag node 16 source_vehicle=1 routes=5 U=4 complete=True cache_hit=False states=111 added=0
[clean-BPC  1825.56s] route-pack-conflict diag node 16 source_vehicle=1 routes=5 U=4 complete=True cache_hit=False states=111 added=0
[clean-BPC  1825.92s] route-pack-conflict diag node 16 source_vehicle=1 routes=5 U=4 complete=True cache_hit=False states=111 added=0
[clean-BPC  1826.30s] rim-conflict diag node 16 conflicts=21 pair_events=0 pair_cuts=0 schedcap_events=0 schedcap_cuts=0 routepack_events=21 routepack_cuts=0 routepack_cache=10 routepack_states_max=123 routepack_budget_skip=0 nogood_events=0 nogood_cuts=0 weak_skip=21
[clean-BPC    16.95s] restricted-MIP node 16 status=SCHEDULE_REJECTED_LIMIT obj=None accepted=False routes=3073 rejected=21 pair=0 ng=40 route_pack=0 sched_cap=0 added_cuts=0 time=16.949547
[clean-BPC  1835.29s] branch node 16: left=RF(1,7)=separate right=RF(1,7)=same
[clean-BPC  1835.29s] node 14 d=2 lb=232.325043 open=8
[clean-BPC  1835.73s] node 14 cg=1 phase=phase1 obj=0.0 artificial=0.0 cols=3073
[clean-BPC  1836.18s] node 14 cg=2 phase=phase2 obj=332.325043 artificial=0.0 cols=3073
[clean-BPC  1840.11s] node 14 cg=2 phase=phase2 kind=heuristic best_rc=0.0 found=0 added=0 exhausted=False cert=False
[clean-BPC  1849.26s] node 14 cg=2 phase=phase2 kind=heuristic_boost best_rc=0.0 found=0 added=0 exhausted=True cert=True
[clean-BPC  1849.31s] route-pack diag node 14 round=1 vehicles=1/2 support_max=11 cand=26 oracle=26 incomplete=0 not_tight=7 not_viol=19 dup=0 violated=0 added=0 max_viol=0.0 states_max=3902
[clean-BPC  1849.31s] fathom node 14: reason=bound bound=332.325043
[clean-BPC  1849.31s] node 6 d=3 lb=232.463148 open=7
[clean-BPC  1849.73s] node 6 cg=1 phase=phase1 obj=0.0 artificial=0.0 cols=3073
[clean-BPC  1850.15s] node 6 cg=2 phase=phase2 obj=232.463148 artificial=0.0 cols=3073
[clean-BPC  1854.15s] node 6 cg=2 phase=phase2 kind=heuristic best_rc=-0.050793692 found=4 added=4 exhausted=False cert=False
[clean-BPC  1854.59s] node 6 cg=3 phase=phase2 obj=232.463148 artificial=0.0 cols=3077
[clean-BPC  1858.91s] node 6 cg=3 phase=phase2 kind=heuristic best_rc=0.071886 found=0 added=0 exhausted=False cert=False
[clean-BPC  1873.78s] node 6 cg=3 phase=phase2 kind=heuristic_boost best_rc=-0.275509769 found=3 added=3 exhausted=True cert=True
[clean-BPC  1874.20s] node 6 cg=4 phase=phase2 obj=232.463148 artificial=0.0 cols=3080
[clean-BPC  1878.24s] node 6 cg=4 phase=phase2 kind=heuristic best_rc=0.011166731 found=0 added=0 exhausted=False cert=False
[clean-BPC  1891.17s] node 6 cg=4 phase=phase2 kind=heuristic_boost best_rc=-1.963900577 found=91 added=91 exhausted=True cert=True
[clean-BPC  1891.61s] node 6 cg=5 phase=phase2 obj=232.463148 artificial=0.0 cols=3171
[clean-BPC  1895.57s] node 6 cg=5 phase=phase2 kind=heuristic best_rc=0.071886 found=0 added=0 exhausted=False cert=False
[clean-BPC  1908.43s] node 6 cg=5 phase=phase2 kind=heuristic_boost best_rc=-0.871663385 found=6 added=6 exhausted=True cert=True
[clean-BPC  1908.88s] node 6 cg=6 phase=phase2 obj=232.463148 artificial=0.0 cols=3177
[clean-BPC  1913.00s] node 6 cg=6 phase=phase2 kind=heuristic best_rc=0.071886 found=0 added=0 exhausted=False cert=False
[clean-BPC  1926.54s] node 6 cg=6 phase=phase2 kind=heuristic_boost best_rc=-0.498869923 found=4 added=4 exhausted=True cert=True
[clean-BPC  1926.97s] node 6 cg=7 phase=phase2 obj=232.463148 artificial=0.0 cols=3181
[clean-BPC  1931.08s] node 6 cg=7 phase=phase2 kind=heuristic best_rc=0.071886 found=0 added=0 exhausted=False cert=False
[clean-BPC  1944.60s] node 6 cg=7 phase=phase2 kind=heuristic_boost best_rc=0.0 found=0 added=0 exhausted=True cert=True
[clean-BPC  1964.65s] route-pack-conflict diag node 6 source_vehicle=1 routes=5 U=4 complete=True cache_hit=False states=110 added=0
[clean-BPC  1964.91s] route-pack-conflict diag node 6 source_vehicle=1 routes=5 U=4 complete=True cache_hit=True states=112 added=0
[clean-BPC  1965.39s] cut_added family=schedule_pair_conflict node=6 added=2 source_vehicle=1 route_count=2 signatures=[[15, 20, 2], [8, 3, 4, 1]]
[clean-BPC  1965.39s] route-pack-conflict diag node 6 source_vehicle=1 routes=5 U=4 complete=True cache_hit=True states=100 added=0
[clean-BPC  1965.84s] route-pack-conflict diag node 6 source_vehicle=1 routes=5 U=4 complete=True cache_hit=True states=125 added=0
[clean-BPC  1966.65s] route-pack-conflict diag node 6 source_vehicle=1 routes=5 U=4 complete=True cache_hit=False states=123 added=0
[clean-BPC  1967.57s] route-pack-conflict diag node 6 source_vehicle=1 routes=5 U=4 complete=True cache_hit=True states=125 added=0
[clean-BPC  1968.36s] route-pack-conflict diag node 6 source_vehicle=1 routes=5 U=4 complete=True cache_hit=True states=125 added=0
[clean-BPC  1969.16s] route-pack-conflict diag node 6 source_vehicle=1 routes=5 U=4 complete=True cache_hit=True states=125 added=0
[clean-BPC  1969.96s] route-pack-conflict diag node 6 source_vehicle=1 routes=5 U=4 complete=True cache_hit=False states=102 added=0
[clean-BPC  1970.50s] cut_added family=schedule_pair_conflict node=6 added=2 source_vehicle=1 route_count=2 signatures=[[4, 15, 20, 2], [8, 10, 3, 1]]
[clean-BPC  1970.50s] rim-conflict diag node 6 conflicts=11 pair_events=2 pair_cuts=4 schedcap_events=0 schedcap_cuts=0 routepack_events=9 routepack_cuts=0 routepack_cache=6 routepack_states_max=125 routepack_budget_skip=0 nogood_events=0 nogood_cuts=0 weak_skip=9
[clean-BPC    20.04s] restricted-MIP node 6 status=TIME_LIMIT obj=None accepted=False routes=3181 rejected=11 pair=4 ng=18 route_pack=0 sched_cap=0 added_cuts=4 time=20.044508
[clean-BPC  1970.50s] node 6 d=3 lb=232.463148 open=7
[clean-BPC  1970.95s] node 6 cg=1 phase=phase1 obj=0.0 artificial=0.0 cols=3181
[clean-BPC  1971.39s] node 6 cg=2 phase=phase2 obj=232.463148 artificial=0.0 cols=3181
[clean-BPC  1975.55s] node 6 cg=2 phase=phase2 kind=heuristic best_rc=0.071886 found=0 added=0 exhausted=False cert=False
[clean-BPC  1989.53s] node 6 cg=2 phase=phase2 kind=heuristic_boost best_rc=-0.0 found=0 added=0 exhausted=True cert=True
[clean-BPC  2010.01s] route-pack-conflict diag node 6 source_vehicle=1 routes=5 U=4 complete=True cache_hit=True states=110 added=0
[clean-BPC  2010.29s] route-pack-conflict diag node 6 source_vehicle=1 routes=5 U=4 complete=True cache_hit=True states=123 added=0
[clean-BPC  2011.21s] route-pack-conflict diag node 6 source_vehicle=1 routes=5 U=4 complete=True cache_hit=False states=114 added=0
[clean-BPC  2011.78s] route-pack-conflict diag node 6 source_vehicle=1 routes=5 U=4 complete=True cache_hit=True states=125 added=0
[clean-BPC  2012.62s] route-pack-conflict diag node 6 source_vehicle=1 routes=5 U=4 complete=True cache_hit=False states=111 added=0
[clean-BPC  2013.53s] route-pack-conflict diag node 6 source_vehicle=1 routes=5 U=4 complete=True cache_hit=True states=125 added=0
[clean-BPC  2014.35s] route-pack-conflict diag node 6 source_vehicle=1 routes=5 U=4 complete=True cache_hit=True states=125 added=0
[clean-BPC  2015.16s] route-pack-conflict diag node 6 source_vehicle=1 routes=5 U=4 complete=True cache_hit=True states=113 added=0
[clean-BPC  2015.98s] route-pack-conflict diag node 6 source_vehicle=1 routes=5 U=4 complete=True cache_hit=True states=113 added=0
[clean-BPC  2016.79s] route-pack-conflict diag node 6 source_vehicle=1 routes=5 U=4 complete=True cache_hit=True states=112 added=0
[clean-BPC  2017.25s] rim-conflict diag node 6 conflicts=10 pair_events=0 pair_cuts=0 schedcap_events=0 schedcap_cuts=0 routepack_events=10 routepack_cuts=0 routepack_cache=8 routepack_states_max=125 routepack_budget_skip=0 nogood_events=0 nogood_cuts=0 weak_skip=10
[clean-BPC    20.48s] restricted-MIP node 6 status=TIME_LIMIT obj=None accepted=False routes=3181 rejected=10 pair=0 ng=20 route_pack=0 sched_cap=0 added_cuts=0 time=20.481982
[clean-BPC  2029.34s] branch node 6: left=RF(14,17)=separate right=RF(14,17)=same
[clean-BPC  2029.34s] node 19 d=4 lb=232.463148 open=8
[clean-BPC  2029.77s] node 19 cg=1 phase=phase1 obj=0.0 artificial=0.0 cols=3181
[clean-BPC  2030.20s] node 19 cg=2 phase=phase2 obj=234.018687 artificial=0.0 cols=3181
[clean-BPC  2034.26s] node 19 cg=2 phase=phase2 kind=heuristic best_rc=-0.931071278 found=8 added=8 exhausted=False cert=False
[clean-BPC  2034.69s] node 19 cg=3 phase=phase2 obj=233.956928 artificial=0.0 cols=3189
[clean-BPC  2038.65s] node 19 cg=3 phase=phase2 kind=heuristic best_rc=-0.230431333 found=8 added=8 exhausted=False cert=False
[clean-BPC  2039.08s] node 19 cg=4 phase=phase2 obj=233.94995 artificial=0.0 cols=3197
[clean-BPC  2043.06s] node 19 cg=4 phase=phase2 kind=heuristic best_rc=0.0 found=0 added=0 exhausted=False cert=False
[clean-BPC  2055.09s] node 19 cg=4 phase=phase2 kind=heuristic_boost best_rc=-0.0 found=0 added=0 exhausted=True cert=True
[clean-BPC  2066.14s] branch node 19: left=RF(14,16)=separate right=RF(14,16)=same
[clean-BPC  2066.14s] node 20 d=4 lb=232.463148 open=9
[clean-BPC  2066.44s] node 20 cg=1 phase=phase1 obj=0.0 artificial=0.0 cols=3197
[clean-BPC  2066.74s] node 20 cg=2 phase=phase2 obj=233.626688 artificial=0.0 cols=3197
[clean-BPC  2070.32s] node 20 cg=2 phase=phase2 kind=heuristic best_rc=-1.130195923 found=75 added=75 exhausted=False cert=False
[clean-BPC  2070.64s] node 20 cg=3 phase=phase2 obj=233.525889 artificial=0.0 cols=3272
[clean-BPC  2074.13s] node 20 cg=3 phase=phase2 kind=heuristic best_rc=0.071886 found=0 added=0 exhausted=False cert=False
[clean-BPC  2086.32s] node 20 cg=3 phase=phase2 kind=heuristic_boost best_rc=-0.0 found=0 added=0 exhausted=True cert=True
[clean-BPC  2093.98s] branch node 20: left=RF(12,14)=separate right=RF(12,14)=same
[clean-BPC  2093.98s] node 10 d=5 lb=232.588132 open=10
[clean-BPC  2094.48s] node 10 cg=1 phase=phase1 obj=0.0 artificial=0.0 cols=3272
[clean-BPC  2094.97s] node 10 cg=2 phase=phase2 obj=232.758152 artificial=0.0 cols=3272
[clean-BPC  2099.33s] node 10 cg=2 phase=phase2 kind=heuristic best_rc=-0.200886676 found=10 added=10 exhausted=False cert=False
[clean-BPC  2099.81s] node 10 cg=3 phase=phase2 obj=232.727891 artificial=0.0 cols=3282
[clean-BPC  2104.01s] node 10 cg=3 phase=phase2 kind=heuristic best_rc=-0.0 found=0 added=0 exhausted=False cert=False
[clean-BPC  2112.76s] node 10 cg=3 phase=phase2 kind=heuristic_boost best_rc=-0.0 found=0 added=0 exhausted=True cert=True
[clean-BPC  2124.10s] branch node 10: left=RF(12,14)=separate right=RF(12,14)=same
[clean-BPC  2124.10s] node 9 d=5 lb=232.588132 open=11
[clean-BPC  2124.66s] node 9 cg=1 phase=phase1 obj=0.0 artificial=0.0 cols=3282
[clean-BPC  2125.24s] node 9 cg=2 phase=phase2 obj=232.766619 artificial=0.0 cols=3282
[clean-BPC  2129.83s] node 9 cg=2 phase=phase2 kind=heuristic best_rc=0.0 found=0 added=0 exhausted=False cert=False
[clean-BPC  2143.07s] node 9 cg=2 phase=phase2 kind=heuristic_boost best_rc=0.0 found=0 added=0 exhausted=True cert=True
[clean-BPC  2159.94s] branch node 9: left=RF(1,14)=separate right=RF(1,14)=same
[clean-BPC  2159.94s] node 18 d=4 lb=232.657388 open=12
[clean-BPC  2160.15s] node 18 cg=1 phase=phase1 obj=0.0 artificial=0.0 cols=3282
[clean-BPC  2160.36s] node 18 cg=2 phase=phase2 obj=233.288151 artificial=0.0 cols=3282
[clean-BPC  2163.59s] node 18 cg=2 phase=phase2 kind=heuristic best_rc=-2.683200333 found=98 added=98 exhausted=False cert=False
[clean-BPC  2163.80s] node 18 cg=3 phase=phase2 obj=233.007621 artificial=0.0 cols=3380
[clean-BPC  2166.83s] node 18 cg=3 phase=phase2 kind=heuristic best_rc=-0.3168545 found=2 added=2 exhausted=False cert=False
[clean-BPC  2167.05s] node 18 cg=4 phase=phase2 obj=233.007621 artificial=0.0 cols=3382
[clean-BPC  2170.06s] node 18 cg=4 phase=phase2 kind=heuristic best_rc=-0.0 found=0 added=0 exhausted=False cert=False
[clean-BPC  2176.19s] node 18 cg=4 phase=phase2 kind=heuristic_boost best_rc=-0.099747083 found=2 added=2 exhausted=True cert=True
[clean-BPC  2176.41s] node 18 cg=5 phase=phase2 obj=233.007621 artificial=0.0 cols=3384
[clean-BPC  2179.45s] node 18 cg=5 phase=phase2 kind=heuristic best_rc=-0.0 found=0 added=0 exhausted=False cert=False
[clean-BPC  2185.56s] node 18 cg=5 phase=phase2 kind=heuristic_boost best_rc=-0.0 found=0 added=0 exhausted=True cert=True
[clean-BPC  2185.57s] route-pack-conflict diag node 18 source_vehicle=1 routes=5 U=4 complete=True cache_hit=False states=120 added=0
[clean-BPC  2185.95s] cut_added family=schedule_nogood_core node=18 added=2 source_vehicle=1 route_count=4 signatures=[[6, 8, 14, 10], [5, 9, 19, 11], [2, 20, 15, 4], [1, 3, 7]]
[clean-BPC  2185.95s] node 17 d=4 lb=232.657388 open=12
[clean-BPC  2186.26s] node 17 cg=1 phase=phase1 obj=0.0 artificial=0.0 cols=3384
[clean-BPC  2186.59s] node 17 cg=2 phase=phase2 obj=233.167365 artificial=0.0 cols=3384
[clean-BPC  2190.07s] node 17 cg=2 phase=phase2 kind=heuristic best_rc=0.0 found=0 added=0 exhausted=False cert=False
[clean-BPC  2196.84s] node 17 cg=2 phase=phase2 kind=heuristic_boost best_rc=0.0 found=0 added=0 exhausted=True cert=True
[clean-BPC  2204.74s] branch node 17: left=RF(16,18)=separate right=RF(16,18)=same
[clean-BPC  2204.74s] node 26 d=6 lb=232.727891 open=13
[clean-BPC  2204.93s] node 26 cg=1 phase=phase1 obj=0.0 artificial=0.0 cols=3384
[clean-BPC  2205.15s] node 26 cg=2 phase=phase2 obj=233.099254 artificial=0.0 cols=3384
[clean-BPC  2208.12s] node 26 cg=2 phase=phase2 kind=heuristic best_rc=-1.367645571 found=30 added=30 exhausted=False cert=False
[clean-BPC  2208.34s] node 26 cg=3 phase=phase2 obj=233.096962 artificial=0.0 cols=3414
[clean-BPC  2211.13s] node 26 cg=3 phase=phase2 kind=heuristic best_rc=0.0 found=0 added=0 exhausted=False cert=False
[clean-BPC  2220.20s] node 26 cg=3 phase=phase2 kind=heuristic_boost best_rc=-0.4298715 found=2 added=2 exhausted=True cert=True
[clean-BPC  2220.42s] node 26 cg=4 phase=phase2 obj=233.096962 artificial=0.0 cols=3416
[clean-BPC  2223.26s] node 26 cg=4 phase=phase2 kind=heuristic best_rc=-0.150643167 found=1 added=1 exhausted=False cert=False
[clean-BPC  2223.47s] node 26 cg=5 phase=phase2 obj=233.096962 artificial=0.0 cols=3417
[clean-BPC  2226.39s] node 26 cg=5 phase=phase2 kind=heuristic best_rc=-0.0 found=0 added=0 exhausted=False cert=False
[clean-BPC  2232.88s] node 26 cg=5 phase=phase2 kind=heuristic_boost best_rc=-0.178530339 found=2 added=2 exhausted=True cert=True
[clean-BPC  2233.10s] node 26 cg=6 phase=phase2 obj=233.096962 artificial=0.0 cols=3419
[clean-BPC  2235.98s] node 26 cg=6 phase=phase2 kind=heuristic best_rc=-0.0 found=0 added=0 exhausted=False cert=False
[clean-BPC  2242.45s] node 26 cg=6 phase=phase2 kind=heuristic_boost best_rc=-0.0 found=0 added=0 exhausted=True cert=True
[clean-BPC  2247.85s] branch node 26: left=RF(4,8)=separate right=RF(4,8)=same
[clean-BPC  2247.85s] node 25 d=6 lb=232.727891 open=14
[clean-BPC  2248.33s] node 25 cg=1 phase=phase1 obj=0.0 artificial=0.0 cols=3419
[clean-BPC  2248.81s] node 25 cg=2 phase=phase2 obj=233.260533 artificial=0.0 cols=3419
[clean-BPC  2252.82s] node 25 cg=2 phase=phase2 kind=heuristic best_rc=-0.493503727 found=6 added=6 exhausted=False cert=False
[clean-BPC  2253.31s] node 25 cg=3 phase=phase2 obj=233.145343 artificial=0.0 cols=3425
[clean-BPC  2253.31s] cut_purged node=25 removed=1 by_kind={'schedule_nogood_core': 1} remaining=134
[clean-BPC  2253.81s] node 25 cg=4 phase=phase2 obj=233.145343 artificial=0.0 cols=3425
[clean-BPC  2257.58s] node 25 cg=4 phase=phase2 kind=heuristic best_rc=-0.0 found=0 added=0 exhausted=False cert=False
[clean-BPC  2267.49s] node 25 cg=4 phase=phase2 kind=heuristic_boost best_rc=-0.0 found=0 added=0 exhausted=True cert=True
[clean-BPC  2279.13s] branch node 25: left=RF(4,13)=separate right=RF(4,13)=same
[clean-BPC  2279.13s] node 12 d=5 lb=232.730772 open=15
[clean-BPC  2279.47s] node 12 cg=1 phase=phase1 obj=0.0 artificial=0.0 cols=3425
[clean-BPC  2279.81s] node 12 cg=2 phase=phase2 obj=233.571315 artificial=0.0 cols=3425
[clean-BPC  2283.30s] node 12 cg=2 phase=phase2 kind=heuristic best_rc=0.1701665 found=0 added=0 exhausted=False cert=False
[clean-BPC  2293.28s] node 12 cg=2 phase=phase2 kind=heuristic_boost best_rc=0.1701665 found=0 added=0 exhausted=True cert=True
[clean-BPC  2302.35s] branch node 12: left=RF(8,10)=separate right=RF(8,10)=same
[clean-BPC  2302.35s] node 11 d=5 lb=232.730772 open=16
[clean-BPC  2302.74s] node 11 cg=1 phase=phase1 obj=0.0 artificial=0.0 cols=3425
[clean-BPC  2303.14s] node 11 cg=2 phase=phase2 obj=233.520372 artificial=0.0 cols=3425
[clean-BPC  2307.32s] node 11 cg=2 phase=phase2 kind=heuristic best_rc=-1.078574143 found=42 added=42 exhausted=False cert=False
[clean-BPC  2307.72s] node 11 cg=3 phase=phase2 obj=233.448486 artificial=0.0 cols=3467
[clean-BPC  2311.84s] node 11 cg=3 phase=phase2 kind=heuristic best_rc=-0.73764225 found=12 added=12 exhausted=False cert=False
[clean-BPC  2312.24s] node 11 cg=4 phase=phase2 obj=233.448486 artificial=0.0 cols=3479
[clean-BPC  2316.18s] node 11 cg=4 phase=phase2 kind=heuristic best_rc=-0.357031 found=8 added=8 exhausted=False cert=False
[clean-BPC  2316.58s] node 11 cg=5 phase=phase2 obj=233.448486 artificial=0.0 cols=3487
[clean-BPC  2320.51s] node 11 cg=5 phase=phase2 kind=heuristic best_rc=-0.0118465 found=2 added=2 exhausted=False cert=False
[clean-BPC  2320.92s] node 11 cg=6 phase=phase2 obj=233.448486 artificial=0.0 cols=3489
[clean-BPC  2324.94s] node 11 cg=6 phase=phase2 kind=heuristic best_rc=0.0 found=0 added=0 exhausted=False cert=False
[clean-BPC  2332.92s] node 11 cg=6 phase=phase2 kind=heuristic_boost best_rc=-0.0036788 found=2 added=2 exhausted=True cert=True
[clean-BPC  2333.33s] node 11 cg=7 phase=phase2 obj=233.448486 artificial=0.0 cols=3491
[clean-BPC  2337.26s] node 11 cg=7 phase=phase2 kind=heuristic best_rc=0.0 found=0 added=0 exhausted=False cert=False
[clean-BPC  2345.13s] node 11 cg=7 phase=phase2 kind=heuristic_boost best_rc=0.0 found=0 added=0 exhausted=True cert=True
[clean-BPC  2345.14s] route-pack-conflict diag node 11 source_vehicle=1 routes=5 U=4 complete=True cache_hit=False states=120 added=0
[clean-BPC  2345.84s] cut_added family=schedule_nogood_core node=11 added=2 source_vehicle=1 route_count=3 signatures=[[5, 9, 19, 11], [2, 20, 15, 4], [1, 3, 18, 13, 7]]
[clean-BPC  2345.84s] node 27 d=6 lb=232.766619 open=16
[clean-BPC  2346.43s] node 27 cg=1 phase=phase1 obj=0.0 artificial=0.0 cols=3491
[clean-BPC  2347.03s] node 27 cg=2 phase=phase2 obj=233.044218 artificial=0.0 cols=3491
[clean-BPC  2351.31s] node 27 cg=2 phase=phase2 kind=heuristic best_rc=-0.210194091 found=2 added=2 exhausted=False cert=False
[clean-BPC  2351.91s] node 27 cg=3 phase=phase2 obj=233.044218 artificial=0.0 cols=3493
[clean-BPC  2356.48s] node 27 cg=3 phase=phase2 kind=heuristic best_rc=-0.022893818 found=2 added=2 exhausted=False cert=False
[clean-BPC  2357.07s] node 27 cg=4 phase=phase2 obj=233.044218 artificial=0.0 cols=3495
[clean-BPC  2361.40s] node 27 cg=4 phase=phase2 kind=heuristic best_rc=0.009236 found=0 added=0 exhausted=False cert=False
[clean-BPC  2370.17s] node 27 cg=4 phase=phase2 kind=heuristic_boost best_rc=-0.225707773 found=4 added=4 exhausted=True cert=True
[clean-BPC  2370.79s] node 27 cg=5 phase=phase2 obj=233.044218 artificial=0.0 cols=3499
[clean-BPC  2375.53s] node 27 cg=5 phase=phase2 kind=heuristic best_rc=0.009236 found=0 added=0 exhausted=False cert=False
[clean-BPC  2384.94s] node 27 cg=5 phase=phase2 kind=heuristic_boost best_rc=0.009236 found=0 added=0 exhausted=True cert=True
[clean-BPC  2400.93s] branch node 27: left=RF(2,19)=separate right=RF(2,19)=same
[clean-BPC  2400.93s] node 28 d=6 lb=232.766619 open=17
[clean-BPC  2401.40s] node 28 cg=1 phase=phase1 obj=0.0 artificial=0.0 cols=3499
[clean-BPC  2401.87s] node 28 cg=2 phase=phase2 obj=233.114823 artificial=0.0 cols=3499
[clean-BPC  2405.50s] node 28 cg=2 phase=phase2 kind=heuristic best_rc=-0.134892429 found=9 added=9 exhausted=False cert=False
[clean-BPC  2405.95s] node 28 cg=3 phase=phase2 obj=233.114823 artificial=0.0 cols=3508
[clean-BPC  2409.72s] node 28 cg=3 phase=phase2 kind=heuristic best_rc=0.0 found=0 added=0 exhausted=False cert=False
[clean-BPC  2420.67s] node 28 cg=3 phase=phase2 kind=heuristic_boost best_rc=-0.0 found=0 added=0 exhausted=True cert=True
[clean-BPC  2435.41s] branch node 28: left=RF(13,16)=separate right=RF(13,16)=same
[clean-BPC  2435.41s] node 15 d=3 lb=232.957202 open=18
[clean-BPC  2435.91s] node 15 cg=1 phase=phase1 obj=0.0 artificial=0.0 cols=3508
[clean-BPC  2436.41s] node 15 cg=2 phase=phase2 obj=232.957202 artificial=0.0 cols=3508
[clean-BPC  2440.46s] node 15 cg=2 phase=phase2 kind=heuristic best_rc=-0.193369667 found=2 added=2 exhausted=False cert=False
[clean-BPC  2440.95s] node 15 cg=3 phase=phase2 obj=232.957202 artificial=0.0 cols=3510
[clean-BPC  2445.48s] node 15 cg=3 phase=phase2 kind=heuristic best_rc=0.009236 found=0 added=0 exhausted=False cert=False
[clean-BPC  2454.59s] node 15 cg=3 phase=phase2 kind=heuristic_boost best_rc=-0.0 found=0 added=0 exhausted=True cert=True
[clean-BPC  2474.99s] route-pack-conflict diag node 15 source_vehicle=1 routes=5 U=4 complete=True cache_hit=False states=111 added=0
[clean-BPC  2475.34s] route-pack-conflict diag node 15 source_vehicle=1 routes=5 U=4 complete=True cache_hit=False states=102 added=0
[clean-BPC  2475.68s] route-pack-conflict diag node 15 source_vehicle=1 routes=5 U=4 complete=True cache_hit=True states=120 added=0
[clean-BPC  2477.11s] route-pack-conflict diag node 15 source_vehicle=1 routes=5 U=4 complete=True cache_hit=False states=102 added=0
[clean-BPC  2477.77s] cut_added family=schedule_pair_conflict node=15 added=2 source_vehicle=1 route_count=2 signatures=[[4, 15, 20, 2], [1, 3, 7, 10]]
[clean-BPC  2477.77s] route-pack-conflict diag node 15 source_vehicle=1 routes=5 U=4 complete=True cache_hit=False states=111 added=0
[clean-BPC  2478.45s] route-pack-conflict diag node 15 source_vehicle=1 routes=5 U=4 complete=True cache_hit=False states=120 added=0
[clean-BPC  2478.82s] route-pack-conflict diag node 15 source_vehicle=1 routes=5 U=4 complete=True cache_hit=False states=120 added=0
[clean-BPC  2479.17s] cut_added family=schedule_pair_conflict node=15 added=2 source_vehicle=1 route_count=2 signatures=[[4, 15, 20, 2], [10, 7, 3, 1]]
[clean-BPC  2479.17s] route-pack-conflict diag node 15 source_vehicle=1 routes=5 U=4 complete=True cache_hit=True states=120 added=0
[clean-BPC  2480.61s] route-pack-conflict diag node 15 source_vehicle=1 routes=5 U=4 complete=True cache_hit=False states=114 added=0
[clean-BPC  2480.95s] route-pack-conflict diag node 15 source_vehicle=1 routes=5 U=4 complete=True cache_hit=False states=114 added=0
[clean-BPC  2481.30s] route-pack-conflict diag node 15 source_vehicle=1 routes=5 U=4 complete=True cache_hit=False states=111 added=0
[clean-BPC  2481.64s] route-pack-conflict diag node 15 source_vehicle=1 routes=5 U=4 complete=True cache_hit=True states=111 added=0
[clean-BPC  2483.08s] rim-conflict diag node 15 conflicts=14 pair_events=2 pair_cuts=4 schedcap_events=0 schedcap_cuts=0 routepack_events=12 routepack_cuts=0 routepack_cache=3 routepack_states_max=120 routepack_budget_skip=0 nogood_events=0 nogood_cuts=0 weak_skip=12
[clean-BPC    20.39s] restricted-MIP node 15 status=TIME_LIMIT obj=None accepted=False routes=3510 rejected=14 pair=4 ng=24 route_pack=0 sched_cap=0 added_cuts=4 time=20.394583
[clean-BPC  2483.08s] node 15 d=3 lb=232.957202 open=18
[clean-BPC  2483.57s] node 15 cg=1 phase=phase1 obj=0.0 artificial=0.0 cols=3510
[clean-BPC  2484.06s] node 15 cg=2 phase=phase2 obj=232.957202 artificial=0.0 cols=3510
[clean-BPC  2488.48s] node 15 cg=2 phase=phase2 kind=heuristic best_rc=0.009236 found=0 added=0 exhausted=False cert=False
[clean-BPC  2497.53s] node 15 cg=2 phase=phase2 kind=heuristic_boost best_rc=0.0 found=0 added=0 exhausted=True cert=True
[clean-BPC  2517.61s] route-pack-conflict diag node 15 source_vehicle=1 routes=5 U=4 complete=True cache_hit=True states=111 added=0
[clean-BPC  2518.29s] route-pack-conflict diag node 15 source_vehicle=1 routes=5 U=4 complete=True cache_hit=True states=120 added=0
[clean-BPC  2518.66s] route-pack-conflict diag node 15 source_vehicle=1 routes=5 U=4 complete=True cache_hit=True states=120 added=0
[clean-BPC  2519.01s] route-pack-conflict diag node 15 source_vehicle=1 routes=5 U=4 complete=True cache_hit=True states=114 added=0
[clean-BPC  2519.35s] route-pack-conflict diag node 15 source_vehicle=1 routes=5 U=4 complete=True cache_hit=True states=114 added=0
[clean-BPC  2519.71s] route-pack-conflict diag node 15 source_vehicle=1 routes=5 U=4 complete=True cache_hit=False states=104 added=0
[clean-BPC  2520.06s] route-pack-conflict diag node 15 source_vehicle=1 routes=5 U=4 complete=True cache_hit=False states=105 added=0
[clean-BPC  2520.43s] route-pack-conflict diag node 15 source_vehicle=1 routes=5 U=4 complete=True cache_hit=True states=102 added=0
[clean-BPC  2521.09s] route-pack-conflict diag node 15 source_vehicle=1 routes=5 U=4 complete=True cache_hit=True states=111 added=0
[clean-BPC  2522.52s] route-pack-conflict diag node 15 source_vehicle=1 routes=5 U=4 complete=True cache_hit=True states=120 added=0
[clean-BPC  2523.94s] route-pack-conflict diag node 15 source_vehicle=1 routes=5 U=4 complete=True cache_hit=False states=102 added=0
[clean-BPC  2524.30s] route-pack-conflict diag node 15 source_vehicle=1 routes=5 U=4 complete=True cache_hit=True states=120 added=0
[clean-BPC  2525.70s] route-pack-conflict diag node 15 source_vehicle=1 routes=5 U=4 complete=True cache_hit=False states=111 added=0
[clean-BPC  2526.06s] route-pack-conflict diag node 15 source_vehicle=1 routes=5 U=4 complete=True cache_hit=True states=111 added=0
[clean-BPC  2526.41s] rim-conflict diag node 15 conflicts=14 pair_events=0 pair_cuts=0 schedcap_events=0 schedcap_cuts=0 routepack_events=14 routepack_cuts=0 routepack_cache=10 routepack_states_max=120 routepack_budget_skip=0 nogood_events=0 nogood_cuts=0 weak_skip=14
[clean-BPC    20.08s] restricted-MIP node 15 status=TIME_LIMIT obj=None accepted=False routes=3510 rejected=14 pair=0 ng=28 route_pack=0 sched_cap=0 added_cuts=0 time=20.082068
[clean-BPC  2539.23s] branch node 15: left=RF(12,14)=separate right=RF(12,14)=same
[clean-BPC  2539.23s] node 41 d=4 lb=232.957202 open=19
[clean-BPC  2539.70s] node 41 cg=1 phase=phase1 obj=0.0 artificial=0.0 cols=3510
[clean-BPC  2540.19s] node 41 cg=2 phase=phase2 obj=233.154394 artificial=0.0 cols=3510
[clean-BPC  2544.43s] node 41 cg=2 phase=phase2 kind=heuristic best_rc=-0.0 found=0 added=0 exhausted=False cert=False
[clean-BPC  2557.61s] node 41 cg=2 phase=phase2 kind=heuristic_boost best_rc=-0.0 found=0 added=0 exhausted=True cert=True
[clean-BPC  2571.57s] branch node 41: left=RF(14,16)=separate right=RF(14,16)=same
[clean-BPC  2571.57s] node 42 d=4 lb=232.957202 open=20
[clean-BPC  2571.80s] node 42 cg=1 phase=phase1 obj=0.0 artificial=0.0 cols=3510
[clean-BPC  2572.05s] node 42 cg=2 phase=phase2 obj=234.304152 artificial=0.0 cols=3510
[clean-BPC  2575.22s] node 42 cg=2 phase=phase2 kind=heuristic best_rc=-3.418075815 found=80 added=80 exhausted=False cert=False
[clean-BPC  2575.47s] node 42 cg=3 phase=phase2 obj=234.284072 artificial=0.0 cols=3590
[clean-BPC  2579.30s] node 42 cg=3 phase=phase2 kind=heuristic best_rc=-0.364441125 found=8 added=8 exhausted=False cert=False
[clean-BPC  2579.54s] node 42 cg=4 phase=phase2 obj=234.189119 artificial=0.0 cols=3598
[clean-BPC  2583.56s] node 42 cg=4 phase=phase2 kind=heuristic best_rc=0.0 found=0 added=0 exhausted=False cert=False
[clean-BPC  2592.11s] node 42 cg=4 phase=phase2 kind=heuristic_boost best_rc=-0.0 found=0 added=0 exhausted=True cert=True
[clean-BPC  2598.41s] branch node 42: left=RF(7,14)=separate right=RF(7,14)=same
[clean-BPC  2598.41s] node 18 d=4 lb=233.007621 open=21
[clean-BPC  2598.64s] node 18 cg=1 phase=phase1 obj=0.0 artificial=0.0 cols=3598
[clean-BPC  2598.85s] node 18 cg=2 phase=phase2 obj=233.007621 artificial=0.0 cols=3598
[clean-BPC  2602.22s] node 18 cg=2 phase=phase2 kind=heuristic best_rc=0.120256 found=0 added=0 exhausted=False cert=False
[clean-BPC  2609.52s] node 18 cg=2 phase=phase2 kind=heuristic_boost best_rc=0.120256 found=0 added=0 exhausted=True cert=True
[clean-BPC  2609.53s] route-pack-conflict diag node 18 source_vehicle=1 routes=5 U=4 complete=True cache_hit=False states=109 added=0
[clean-BPC  2609.91s] cut_added family=schedule_nogood_core node=18 added=2 source_vehicle=1 route_count=4 signatures=[[6, 8, 10, 14], [5, 9, 19, 11], [4, 15, 20, 2], [1, 3, 7]]
[clean-BPC  2609.91s] node 18 d=4 lb=233.007621 open=21
[clean-BPC  2610.13s] node 18 cg=1 phase=phase1 obj=0.0 artificial=0.0 cols=3598
[clean-BPC  2610.35s] node 18 cg=2 phase=phase2 obj=233.007621 artificial=0.0 cols=3598
[clean-BPC  2613.75s] node 18 cg=2 phase=phase2 kind=heuristic best_rc=0.120256 found=0 added=0 exhausted=False cert=False
[clean-BPC  2621.20s] node 18 cg=2 phase=phase2 kind=heuristic_boost best_rc=0.120256 found=0 added=0 exhausted=True cert=True
[clean-BPC  2621.22s] route-pack-conflict diag node 18 source_vehicle=1 routes=5 U=4 complete=True cache_hit=False states=109 added=0
[clean-BPC  2621.58s] cut_added family=schedule_nogood_core node=18 added=2 source_vehicle=1 route_count=4 signatures=[[6, 8, 14, 10], [5, 9, 19, 11], [4, 15, 20, 2], [1, 3, 7]]
[clean-BPC  2621.58s] node 18 d=4 lb=233.007621 open=21
[clean-BPC  2621.80s] node 18 cg=1 phase=phase1 obj=0.0 artificial=0.0 cols=3598
[clean-BPC  2622.02s] node 18 cg=2 phase=phase2 obj=233.007621 artificial=0.0 cols=3598
[clean-BPC  2625.41s] node 18 cg=2 phase=phase2 kind=heuristic best_rc=0.120256 found=0 added=0 exhausted=False cert=False
[clean-BPC  2632.76s] node 18 cg=2 phase=phase2 kind=heuristic_boost best_rc=0.120256 found=0 added=0 exhausted=True cert=True
[clean-BPC  2632.77s] route-pack-conflict diag node 18 source_vehicle=1 routes=5 U=4 complete=True cache_hit=False states=100 added=0
[clean-BPC  2633.05s] cut_added family=schedule_nogood_core node=18 added=2 source_vehicle=1 route_count=3 signatures=[[11, 19, 9, 5], [4, 15, 20, 2], [1, 3, 7]]
[clean-BPC  2633.05s] node 18 d=4 lb=233.007621 open=21
[clean-BPC  2633.28s] node 18 cg=1 phase=phase1 obj=0.0 artificial=0.0 cols=3598
[clean-BPC  2633.50s] node 18 cg=2 phase=phase2 obj=233.007621 artificial=0.0 cols=3598
[clean-BPC  2636.87s] node 18 cg=2 phase=phase2 kind=heuristic best_rc=0.120256 found=0 added=0 exhausted=False cert=False
[clean-BPC  2644.18s] node 18 cg=2 phase=phase2 kind=heuristic_boost best_rc=0.120256 found=0 added=0 exhausted=True cert=True
[clean-BPC  2649.21s] branch node 18: left=arc(14,10)=off right=arc(14,10)=on
[clean-BPC  2649.21s] node 47 d=5 lb=233.007621 open=22
[clean-BPC  2649.44s] node 47 cg=1 phase=phase1 obj=0.0 artificial=0.0 cols=3598
[clean-BPC  2649.65s] node 47 cg=2 phase=phase2 obj=233.007621 artificial=0.0 cols=3598
[clean-BPC  2653.08s] node 47 cg=2 phase=phase2 kind=heuristic best_rc=0.120256 found=0 added=0 exhausted=False cert=False
[clean-BPC  2660.55s] node 47 cg=2 phase=phase2 kind=heuristic_boost best_rc=0.120256 found=0 added=0 exhausted=True cert=True
[clean-BPC  2660.57s] route-pack-conflict diag node 47 source_vehicle=1 routes=5 U=4 complete=True cache_hit=False states=109 added=0
[clean-BPC  2660.94s] cut_added family=schedule_nogood_core node=47 added=2 source_vehicle=1 route_count=4 signatures=[[6, 10, 14, 8], [5, 9, 19, 11], [4, 15, 20, 2], [1, 3, 7]]
[clean-BPC  2660.94s] node 48 d=5 lb=233.007621 open=22
[clean-BPC  2661.17s] node 48 cg=1 phase=phase1 obj=0.0 artificial=0.0 cols=3598
[clean-BPC  2661.38s] node 48 cg=2 phase=phase2 obj=233.007621 artificial=0.0 cols=3598
[clean-BPC  2664.89s] node 48 cg=2 phase=phase2 kind=heuristic best_rc=0.038154667 found=0 added=0 exhausted=False cert=False
[clean-BPC  2672.29s] node 48 cg=2 phase=phase2 kind=heuristic_boost best_rc=0.038154667 found=0 added=0 exhausted=True cert=True
[clean-BPC  2676.47s] branch node 48: left=arc(3,1)=off right=arc(3,1)=on
[clean-BPC  2676.47s] node 47 d=5 lb=233.007621 open=23
[clean-BPC  2676.70s] node 47 cg=1 phase=phase1 obj=0.0 artificial=0.0 cols=3598
[clean-BPC  2676.94s] node 47 cg=2 phase=phase2 obj=233.007621 artificial=0.0 cols=3598
[clean-BPC  2680.36s] node 47 cg=2 phase=phase2 kind=heuristic best_rc=0.120256 found=0 added=0 exhausted=False cert=False
[clean-BPC  2687.79s] node 47 cg=2 phase=phase2 kind=heuristic_boost best_rc=0.120256 found=0 added=0 exhausted=True cert=True
[clean-BPC  2691.96s] branch node 47: left=arc(3,7)=off right=arc(3,7)=on
[clean-BPC  2691.96s] node 50 d=6 lb=233.007621 open=24
[clean-BPC  2692.19s] node 50 cg=1 phase=phase1 obj=0.0 artificial=0.0 cols=3598
[clean-BPC  2692.42s] node 50 cg=2 phase=phase2 obj=233.007621 artificial=0.0 cols=3598
[clean-BPC  2692.42s] cut_purged node=50 removed=1 by_kind={'schedule_nogood_core': 1} remaining=147
[clean-BPC  2692.65s] node 50 cg=3 phase=phase2 obj=233.007621 artificial=0.0 cols=3598
[clean-BPC  2696.08s] node 50 cg=3 phase=phase2 kind=heuristic best_rc=-0.071886 found=1 added=1 exhausted=False cert=False
[clean-BPC  2696.29s] node 50 cg=4 phase=phase2 obj=233.007621 artificial=0.0 cols=3599
[clean-BPC  2699.43s] node 50 cg=4 phase=phase2 kind=heuristic best_rc=0.099326 found=0 added=0 exhausted=False cert=False
[clean-BPC  2708.97s] node 50 cg=4 phase=phase2 kind=heuristic_boost best_rc=-0.0 found=0 added=0 exhausted=True cert=True
[clean-BPC  2708.98s] route-pack-conflict diag node 50 source_vehicle=1 routes=5 U=4 complete=True cache_hit=False states=103 added=0
[clean-BPC  2709.37s] cut_added family=schedule_nogood_core node=50 added=2 source_vehicle=1 route_count=4 signatures=[[6, 8, 14, 10], [5, 9, 19, 11], [4, 15, 20, 2], [7, 3, 1]]
[clean-BPC  2709.37s] node 51 d=6 lb=233.007621 open=24
[clean-BPC  2709.58s] node 51 cg=1 phase=phase1 obj=0.0 artificial=0.0 cols=3599
[clean-BPC  2709.80s] node 51 cg=2 phase=phase2 obj=233.007621 artificial=0.0 cols=3599
[clean-BPC  2713.20s] node 51 cg=2 phase=phase2 kind=heuristic best_rc=0.0 found=0 added=0 exhausted=False cert=False
[clean-BPC  2723.16s] node 51 cg=2 phase=phase2 kind=heuristic_boost best_rc=0.0 found=0 added=0 exhausted=True cert=True
[clean-BPC  2723.17s] route-pack-conflict diag node 51 source_vehicle=1 routes=5 U=4 complete=True cache_hit=False states=103 added=0
[clean-BPC  2723.54s] cut_added family=schedule_nogood_core node=51 added=2 source_vehicle=1 route_count=4 signatures=[[6, 8, 10, 14], [5, 9, 19, 11], [4, 15, 20, 2], [7, 3, 1]]
[clean-BPC  2723.54s] node 52 d=6 lb=233.007621 open=24
[clean-BPC  2723.78s] node 52 cg=1 phase=phase1 obj=0.0 artificial=0.0 cols=3599
[clean-BPC  2724.00s] node 52 cg=2 phase=phase2 obj=233.007621 artificial=0.0 cols=3599
[clean-BPC  2727.55s] node 52 cg=2 phase=phase2 kind=heuristic best_rc=0.0 found=0 added=0 exhausted=False cert=False
[clean-BPC  2738.05s] node 52 cg=2 phase=phase2 kind=heuristic_boost best_rc=0.0 found=0 added=0 exhausted=True cert=True
[clean-BPC  2742.22s] branch node 52: left=arc(19,11)=off right=arc(19,11)=on
[clean-BPC  2742.22s] node 50 d=6 lb=233.007621 open=25
[clean-BPC  2742.43s] node 50 cg=1 phase=phase1 obj=0.0 artificial=0.0 cols=3599
[clean-BPC  2742.67s] node 50 cg=2 phase=phase2 obj=233.007621 artificial=0.0 cols=3599
[clean-BPC  2745.67s] node 50 cg=2 phase=phase2 kind=heuristic best_rc=0.0892105 found=0 added=0 exhausted=False cert=False
[clean-BPC  2752.20s] node 50 cg=2 phase=phase2 kind=heuristic_boost best_rc=-0.276073 found=10 added=10 exhausted=True cert=True
[clean-BPC  2752.42s] node 50 cg=3 phase=phase2 obj=233.007621 artificial=0.0 cols=3609
[clean-BPC  2755.86s] node 50 cg=3 phase=phase2 kind=heuristic best_rc=0.120919 found=0 added=0 exhausted=False cert=False
[clean-BPC  2764.05s] node 50 cg=3 phase=phase2 kind=heuristic_boost best_rc=0.051046833 found=0 added=0 exhausted=True cert=True
[clean-BPC  2764.06s] route-pack-conflict diag node 50 source_vehicle=1 routes=5 U=4 complete=True cache_hit=False states=94 added=0
[clean-BPC  2764.34s] cut_added family=schedule_nogood_core node=50 added=2 source_vehicle=1 route_count=3 signatures=[[11, 19, 9, 5], [4, 15, 20, 2], [7, 3, 1]]
[clean-BPC  2764.34s] node 51 d=6 lb=233.007621 open=25
[clean-BPC  2764.58s] node 51 cg=1 phase=phase1 obj=0.0 artificial=0.0 cols=3609
[clean-BPC  2764.80s] node 51 cg=2 phase=phase2 obj=233.007621 artificial=0.0 cols=3609
[clean-BPC  2767.96s] node 51 cg=2 phase=phase2 kind=heuristic best_rc=-0.0 found=0 added=0 exhausted=False cert=False
[clean-BPC  2774.29s] node 51 cg=2 phase=phase2 kind=heuristic_boost best_rc=-0.0 found=0 added=0 exhausted=True cert=True
[clean-BPC  2774.30s] route-pack-conflict diag node 51 source_vehicle=1 routes=5 U=4 complete=True cache_hit=False states=103 added=0
[clean-BPC  2774.67s] cut_added family=schedule_nogood_core node=51 added=2 source_vehicle=1 route_count=4 signatures=[[6, 10, 14, 8], [5, 9, 19, 11], [4, 15, 20, 2], [7, 3, 1]]
[clean-BPC  2774.67s] node 53 d=7 lb=233.007621 open=25
[clean-BPC  2774.89s] node 53 cg=1 phase=phase1 obj=0.0 artificial=0.0 cols=3609
[clean-BPC  2775.12s] node 53 cg=2 phase=phase2 obj=233.007621 artificial=0.0 cols=3609
[clean-BPC  2778.41s] node 53 cg=2 phase=phase2 kind=heuristic best_rc=-0.642470667 found=26 added=26 exhausted=False cert=False
[clean-BPC  2778.65s] node 53 cg=3 phase=phase2 obj=233.007621 artificial=0.0 cols=3635
[clean-BPC  2781.75s] node 53 cg=3 phase=phase2 kind=heuristic best_rc=0.193084 found=0 added=0 exhausted=False cert=False
[clean-BPC  2788.27s] node 53 cg=3 phase=phase2 kind=heuristic_boost best_rc=0.193084 found=0 added=0 exhausted=True cert=True
[clean-BPC  2788.28s] route-pack-conflict diag node 53 source_vehicle=1 routes=5 U=4 complete=True cache_hit=False states=104 added=0
[clean-BPC  2788.56s] cut_added family=schedule_nogood_core node=53 added=2 source_vehicle=1 route_count=3 signatures=[[11, 19, 9, 5], [2, 20, 15, 4], [1, 3, 7]]
[clean-BPC  2788.56s] node 53 d=7 lb=233.007621 open=25
[clean-BPC  2788.77s] node 53 cg=1 phase=phase1 obj=0.0 artificial=0.0 cols=3635
[clean-BPC  2789.01s] node 53 cg=2 phase=phase2 obj=233.043564 artificial=0.0 cols=3635
[clean-BPC  2789.01s] cut_purged node=53 removed=1 by_kind={'schedule_nogood_core': 1} remaining=156
[clean-BPC  2789.25s] node 53 cg=3 phase=phase2 obj=233.043564 artificial=0.0 cols=3635
[clean-BPC  2792.41s] node 53 cg=3 phase=phase2 kind=heuristic best_rc=0.099326 found=0 added=0 exhausted=False cert=False
[clean-BPC  2799.03s] node 53 cg=3 phase=phase2 kind=heuristic_boost best_rc=0.099326 found=0 added=0 exhausted=True cert=True
[clean-BPC  2802.23s] branch node 53: left=RF(6,8)=separate right=RF(6,8)=same
[clean-BPC  2802.23s] node 54 d=7 lb=233.007621 open=26
[clean-BPC  2802.47s] node 54 cg=1 phase=phase1 obj=0.0 artificial=0.0 cols=3635
[clean-BPC  2802.70s] node 54 cg=2 phase=phase2 obj=233.007621 artificial=0.0 cols=3635
[clean-BPC  2802.70s] cut_purged node=54 removed=3 by_kind={'subset_row': 3} remaining=153
[clean-BPC  2802.94s] node 54 cg=3 phase=phase2 obj=233.007621 artificial=0.0 cols=3635
[clean-BPC  2806.15s] node 54 cg=3 phase=phase2 kind=heuristic best_rc=-0.0 found=0 added=0 exhausted=False cert=False
[clean-BPC  2813.31s] node 54 cg=3 phase=phase2 kind=heuristic_boost best_rc=-0.0 found=0 added=0 exhausted=True cert=True
[clean-BPC  2817.58s] branch node 54: left=arc(20,2)=off right=arc(20,2)=on
[clean-BPC  2817.58s] node 50 d=6 lb=233.007621 open=27
[clean-BPC  2817.79s] node 50 cg=1 phase=phase1 obj=0.0 artificial=0.0 cols=3635
[clean-BPC  2818.03s] node 50 cg=2 phase=phase2 obj=233.007621 artificial=0.0 cols=3635
[clean-BPC  2821.12s] node 50 cg=2 phase=phase2 kind=heuristic best_rc=0.0 found=0 added=0 exhausted=False cert=False
[clean-BPC  2827.69s] node 50 cg=2 phase=phase2 kind=heuristic_boost best_rc=0.0 found=0 added=0 exhausted=True cert=True
[clean-BPC  2831.91s] branch node 50: left=arc(19,11)=off right=arc(19,11)=on
[clean-BPC  2831.91s] node 51 d=6 lb=233.007621 open=28
[clean-BPC  2832.13s] node 51 cg=1 phase=phase1 obj=0.0 artificial=0.0 cols=3635
[clean-BPC  2832.35s] node 51 cg=2 phase=phase2 obj=233.007621 artificial=0.0 cols=3635
[clean-BPC  2832.35s] cut_purged node=51 removed=1 by_kind={'schedule_nogood_core': 1} remaining=152
[clean-BPC  2832.58s] node 51 cg=3 phase=phase2 obj=233.007621 artificial=0.0 cols=3635
[clean-BPC  2835.73s] node 51 cg=3 phase=phase2 kind=heuristic best_rc=0.0 found=0 added=0 exhausted=False cert=False
[clean-BPC  2842.01s] node 51 cg=3 phase=phase2 kind=heuristic_boost best_rc=0.0 found=0 added=0 exhausted=True cert=True
[clean-BPC  2846.09s] branch node 51: left=arc(19,11)=off right=arc(19,11)=on
[clean-BPC  2846.09s] node 58 d=8 lb=233.007621 open=29
[clean-BPC  2846.32s] node 58 cg=1 phase=phase1 obj=0.0 artificial=0.0 cols=3635
[clean-BPC  2846.54s] node 58 cg=2 phase=phase2 obj=233.007621 artificial=0.0 cols=3635
[clean-BPC  2849.88s] node 58 cg=2 phase=phase2 kind=heuristic best_rc=-0.0538265 found=2 added=2 exhausted=False cert=False
[clean-BPC  2850.11s] node 58 cg=3 phase=phase2 obj=233.007621 artificial=0.0 cols=3637
[clean-BPC  2853.43s] node 58 cg=3 phase=phase2 kind=heuristic best_rc=0.0 found=0 added=0 exhausted=False cert=False
[clean-BPC  2863.55s] node 58 cg=3 phase=phase2 kind=heuristic_boost best_rc=-0.369508 found=6 added=6 exhausted=True cert=True
[clean-BPC  2863.80s] node 58 cg=4 phase=phase2 obj=233.007621 artificial=0.0 cols=3643
[clean-BPC  2863.80s] cut_purged node=58 removed=1 by_kind={'schedule_nogood_core': 1} remaining=151
[clean-BPC  2864.02s] node 58 cg=5 phase=phase2 obj=233.007621 artificial=0.0 cols=3643
[clean-BPC  2867.38s] node 58 cg=5 phase=phase2 kind=heuristic best_rc=0.093711 found=0 added=0 exhausted=False cert=False
[clean-BPC  2877.42s] node 58 cg=5 phase=phase2 kind=heuristic_boost best_rc=-0.018895 found=1 added=1 exhausted=True cert=True
[clean-BPC  2877.65s] node 58 cg=6 phase=phase2 obj=233.007621 artificial=0.0 cols=3644
[clean-BPC  2881.01s] node 58 cg=6 phase=phase2 kind=heuristic best_rc=-0.028119333 found=2 added=2 exhausted=False cert=False
[clean-BPC  2881.25s] node 58 cg=7 phase=phase2 obj=233.007621 artificial=0.0 cols=3646
[clean-BPC  2881.25s] cut_purged node=58 removed=1 by_kind={'schedule_nogood_core': 1} remaining=150
[clean-BPC  2881.49s] node 58 cg=8 phase=phase2 obj=233.007621 artificial=0.0 cols=3646
[clean-BPC  2884.90s] node 58 cg=8 phase=phase2 kind=heuristic best_rc=0.0 found=0 added=0 exhausted=False cert=False
[clean-BPC  2895.02s] node 58 cg=8 phase=phase2 kind=heuristic_boost best_rc=-0.0 found=0 added=0 exhausted=True cert=True
[clean-BPC  2895.04s] route-pack-conflict diag node 58 source_vehicle=1 routes=5 U=4 complete=True cache_hit=False states=105 added=0
[clean-BPC  2895.40s] cut_added family=schedule_nogood_core node=58 added=2 source_vehicle=1 route_count=4 signatures=[[8, 10, 14, 6], [5, 9, 19, 11], [4, 15, 20, 2], [1, 3, 7]]
[clean-BPC  2895.40s] node 59 d=7 lb=233.007621 open=29
[clean-BPC  2895.63s] node 59 cg=1 phase=phase1 obj=0.0 artificial=0.0 cols=3646
[clean-BPC  2895.85s] node 59 cg=2 phase=phase2 obj=233.007621 artificial=0.0 cols=3646
[clean-BPC  2895.85s] cut_purged node=59 removed=1 by_kind={'schedule_nogood_core': 1} remaining=151
[clean-BPC  2896.08s] node 59 cg=3 phase=phase2 obj=233.007621 artificial=0.0 cols=3646
[clean-BPC  2899.07s] node 59 cg=3 phase=phase2 kind=heuristic best_rc=0.0 found=0 added=0 exhausted=False cert=False
[clean-BPC  2905.50s] node 59 cg=3 phase=phase2 kind=heuristic_boost best_rc=0.0 found=0 added=0 exhausted=True cert=True
[clean-BPC  2905.51s] route-pack-conflict diag node 59 source_vehicle=1 routes=5 U=4 complete=True cache_hit=False states=102 added=0
[clean-BPC  2905.78s] cut_added family=schedule_nogood_core node=59 added=2 source_vehicle=1 route_count=3 signatures=[[11, 19, 9, 5], [2, 20, 15, 4], [7, 3, 1]]
[clean-BPC  2905.79s] node 60 d=7 lb=233.007621 open=29
[clean-BPC  2906.00s] node 60 cg=1 phase=phase1 obj=0.0 artificial=0.0 cols=3646
[clean-BPC  2906.24s] node 60 cg=2 phase=phase2 obj=233.007621 artificial=0.0 cols=3646
[clean-BPC  2909.32s] node 60 cg=2 phase=phase2 kind=heuristic best_rc=0.0 found=0 added=0 exhausted=False cert=False
[clean-BPC  2915.87s] node 60 cg=2 phase=phase2 kind=heuristic_boost best_rc=0.0 found=0 added=0 exhausted=True cert=True
[clean-BPC  2915.88s] route-pack-conflict diag node 60 source_vehicle=1 routes=5 U=4 complete=True cache_hit=False states=111 added=0
[clean-BPC  2916.24s] cut_added family=schedule_nogood_core node=60 added=2 source_vehicle=1 route_count=4 signatures=[[6, 8, 14, 10], [5, 9, 19, 11], [2, 20, 15, 4], [7, 3, 1]]
[clean-BPC  2916.24s] node 62 d=7 lb=233.007621 open=29
[clean-BPC  2916.47s] node 62 cg=1 phase=phase1 obj=0.0 artificial=0.0 cols=3646
[clean-BPC  2916.69s] node 62 cg=2 phase=phase2 obj=233.007621 artificial=0.0 cols=3646
[clean-BPC  2919.86s] node 62 cg=2 phase=phase2 kind=heuristic best_rc=0.0 found=0 added=0 exhausted=False cert=False
[clean-BPC  2926.42s] node 62 cg=2 phase=phase2 kind=heuristic_boost best_rc=0.0 found=0 added=0 exhausted=True cert=True
[clean-BPC  2926.42s] route-pack-conflict diag node 62 source_vehicle=1 routes=5 U=4 complete=True cache_hit=True states=103 added=0
[clean-BPC  2926.79s] cut_added family=schedule_nogood_core node=62 added=1 source_vehicle=1 route_count=4 signatures=[[6, 8, 10, 14], [5, 9, 19, 11], [4, 15, 20, 2], [7, 3, 1]]
[clean-BPC  2926.79s] node 58 d=8 lb=233.007621 open=29
[clean-BPC  2927.03s] node 58 cg=1 phase=phase1 obj=0.0 artificial=0.0 cols=3646
[clean-BPC  2927.26s] node 58 cg=2 phase=phase2 obj=233.007621 artificial=0.0 cols=3646
[clean-BPC  2930.71s] node 58 cg=2 phase=phase2 kind=heuristic best_rc=0.0 found=0 added=0 exhausted=False cert=False
[clean-BPC  2941.02s] node 58 cg=2 phase=phase2 kind=heuristic_boost best_rc=-0.0 found=0 added=0 exhausted=True cert=True
[clean-BPC  2941.03s] route-pack-conflict diag node 58 source_vehicle=1 routes=5 U=4 complete=True cache_hit=False states=105 added=0
[clean-BPC  2941.41s] cut_added family=schedule_nogood_core node=58 added=2 source_vehicle=1 route_count=4 signatures=[[10, 14, 8, 6], [5, 9, 19, 11], [4, 15, 20, 2], [1, 3, 7]]
[clean-BPC  2941.41s] node 59 d=7 lb=233.007621 open=29
[clean-BPC  2941.63s] node 59 cg=1 phase=phase1 obj=0.0 artificial=0.0 cols=3646
[clean-BPC  2941.87s] node 59 cg=2 phase=phase2 obj=233.043564 artificial=0.0 cols=3646
[clean-BPC  2944.92s] node 59 cg=2 phase=phase2 kind=heuristic best_rc=-0.011008 found=2 added=2 exhausted=False cert=False
[clean-BPC  2945.15s] node 59 cg=3 phase=phase2 obj=233.043564 artificial=0.0 cols=3648
[clean-BPC  2948.18s] node 59 cg=3 phase=phase2 kind=heuristic best_rc=0.0 found=0 added=0 exhausted=False cert=False
[clean-BPC  2954.75s] node 59 cg=3 phase=phase2 kind=heuristic_boost best_rc=0.0 found=0 added=0 exhausted=True cert=True
[clean-BPC  2958.44s] branch node 59: left=RF(6,8)=separate right=RF(6,8)=same
[clean-BPC  2958.44s] node 60 d=7 lb=233.007621 open=30
[clean-BPC  2958.66s] node 60 cg=1 phase=phase1 obj=0.0 artificial=0.0 cols=3648
[clean-BPC  2958.90s] node 60 cg=2 phase=phase2 obj=233.007621 artificial=0.0 cols=3648
[clean-BPC  2961.88s] node 60 cg=2 phase=phase2 kind=heuristic best_rc=0.10761075 found=0 added=0 exhausted=False cert=False
[clean-BPC  2968.06s] node 60 cg=2 phase=phase2 kind=heuristic_boost best_rc=0.10761075 found=0 added=0 exhausted=True cert=True
[clean-BPC  2968.07s] route-pack-conflict diag node 60 source_vehicle=1 routes=5 U=4 complete=True cache_hit=False states=111 added=0
[clean-BPC  2968.45s] cut_added family=schedule_nogood_core node=60 added=2 source_vehicle=1 route_count=4 signatures=[[6, 14, 10, 8], [5, 9, 19, 11], [2, 20, 15, 4], [7, 3, 1]]
[clean-BPC  2968.45s] node 60 d=7 lb=233.007621 open=30
[clean-BPC  2968.67s] node 60 cg=1 phase=phase1 obj=0.0 artificial=0.0 cols=3648
[clean-BPC  2968.91s] node 60 cg=2 phase=phase2 obj=233.007621 artificial=0.0 cols=3648
[clean-BPC  2971.91s] node 60 cg=2 phase=phase2 kind=heuristic best_rc=0.10761075 found=0 added=0 exhausted=False cert=False
[clean-BPC  2978.10s] node 60 cg=2 phase=phase2 kind=heuristic_boost best_rc=0.10761075 found=0 added=0 exhausted=True cert=True
[clean-BPC  2978.11s] route-pack-conflict diag node 60 source_vehicle=1 routes=5 U=4 complete=True cache_hit=False states=103 added=0
[clean-BPC  2978.49s] cut_added family=schedule_nogood_core node=60 added=2 source_vehicle=1 route_count=4 signatures=[[6, 14, 10, 8], [5, 9, 19, 11], [4, 15, 20, 2], [7, 3, 1]]
[clean-BPC  2978.49s] node 60 d=7 lb=233.007621 open=30
[clean-BPC  2978.73s] node 60 cg=1 phase=phase1 obj=0.0 artificial=0.0 cols=3648
[clean-BPC  2978.96s] node 60 cg=2 phase=phase2 obj=233.007621 artificial=0.0 cols=3648
[clean-BPC  2981.95s] node 60 cg=2 phase=phase2 kind=heuristic best_rc=0.10761075 found=0 added=0 exhausted=False cert=False
[clean-BPC  2988.07s] node 60 cg=2 phase=phase2 kind=heuristic_boost best_rc=0.10761075 found=0 added=0 exhausted=True cert=True
[clean-BPC  2992.87s] branch node 60: left=arc(6,14)=off right=arc(6,14)=on
[clean-BPC  2992.87s] node 62 d=7 lb=233.007621 open=31
[clean-BPC  2993.10s] node 62 cg=1 phase=phase1 obj=0.0 artificial=0.0 cols=3648
[clean-BPC  2993.34s] node 62 cg=2 phase=phase2 obj=233.007621 artificial=0.0 cols=3648
[clean-BPC  2996.42s] node 62 cg=2 phase=phase2 kind=heuristic best_rc=-0.0 found=0 added=0 exhausted=False cert=False
[clean-BPC  3002.78s] node 62 cg=2 phase=phase2 kind=heuristic_boost best_rc=-0.0889729 found=2 added=2 exhausted=True cert=True
[clean-BPC  3003.01s] node 62 cg=3 phase=phase2 obj=233.007621 artificial=0.0 cols=3650
[clean-BPC  3006.11s] node 62 cg=3 phase=phase2 kind=heuristic best_rc=0.0 found=0 added=0 exhausted=False cert=False
[clean-BPC  3012.38s] node 62 cg=3 phase=phase2 kind=heuristic_boost best_rc=0.0 found=0 added=0 exhausted=True cert=True
[clean-BPC  3012.40s] route-pack-conflict diag node 62 source_vehicle=1 routes=5 U=4 complete=True cache_hit=False states=111 added=0
[clean-BPC  3012.76s] cut_added family=schedule_nogood_core node=62 added=2 source_vehicle=1 route_count=4 signatures=[[6, 8, 10, 14], [5, 9, 19, 11], [2, 20, 15, 4], [7, 3, 1]]
[clean-BPC  3012.76s] node 58 d=8 lb=233.007621 open=31
[clean-BPC  3013.00s] node 58 cg=1 phase=phase1 obj=0.0 artificial=0.0 cols=3650
[clean-BPC  3013.24s] node 58 cg=2 phase=phase2 obj=233.021998 artificial=0.0 cols=3650
[clean-BPC  3013.24s] cut_purged node=58 removed=1 by_kind={'schedule_nogood_core': 1} remaining=163
[clean-BPC  3013.47s] node 58 cg=3 phase=phase2 obj=233.021998 artificial=0.0 cols=3650
[clean-BPC  3016.69s] node 58 cg=3 phase=phase2 kind=heuristic best_rc=-0.0575088 found=1 added=1 exhausted=False cert=False
[clean-BPC  3016.92s] node 58 cg=4 phase=phase2 obj=233.021998 artificial=0.0 cols=3651
[clean-BPC  3020.22s] node 58 cg=4 phase=phase2 kind=heuristic best_rc=0.058687333 found=0 added=0 exhausted=False cert=False
[clean-BPC  3029.99s] node 58 cg=4 phase=phase2 kind=heuristic_boost best_rc=0.058687333 found=0 added=0 exhausted=True cert=True
[clean-BPC  3033.43s] branch node 58: left=RF(6,7)=separate right=RF(6,7)=same
[clean-BPC  3033.43s] node 61 d=7 lb=233.007621 open=32
[clean-BPC  3033.65s] node 61 cg=1 phase=phase1 obj=0.0 artificial=0.0 cols=3651
[clean-BPC  3033.87s] node 61 cg=2 phase=phase2 obj=233.043564 artificial=0.0 cols=3651
[clean-BPC  3037.10s] node 61 cg=2 phase=phase2 kind=heuristic best_rc=-0.396372571 found=1 added=1 exhausted=False cert=False
[clean-BPC  3037.32s] node 61 cg=3 phase=phase2 obj=233.043564 artificial=0.0 cols=3652
[clean-BPC  3040.46s] node 61 cg=3 phase=phase2 kind=heuristic best_rc=-0.024961 found=1 added=1 exhausted=False cert=False
[clean-BPC  3040.67s] node 61 cg=4 phase=phase2 obj=233.043564 artificial=0.0 cols=3653
[clean-BPC  3043.80s] node 61 cg=4 phase=phase2 kind=heuristic best_rc=0.091849 found=0 added=0 exhausted=False cert=False
[clean-BPC  3050.08s] node 61 cg=4 phase=phase2 kind=heuristic_boost best_rc=0.091849 found=0 added=0 exhausted=True cert=True
[clean-BPC  3053.23s] branch node 61: left=RF(6,8)=separate right=RF(6,8)=same
[clean-BPC  3053.23s] node 65 d=8 lb=233.007621 open=33
[clean-BPC  3053.48s] node 65 cg=1 phase=phase1 obj=0.0 artificial=0.0 cols=3653
[clean-BPC  3053.71s] node 65 cg=2 phase=phase2 obj=233.007621 artificial=0.0 cols=3653
[clean-BPC  3053.71s] cut_purged node=65 removed=1 by_kind={'schedule_nogood_core': 1} remaining=162
[clean-BPC  3053.95s] node 65 cg=3 phase=phase2 obj=233.007621 artificial=0.0 cols=3653
[clean-BPC  3053.95s] cut_purged node=65 removed=1 by_kind={'schedule_nogood_core': 1} remaining=161
[clean-BPC  3054.20s] node 65 cg=4 phase=phase2 obj=233.007621 artificial=0.0 cols=3653
[clean-BPC  3057.53s] node 65 cg=4 phase=phase2 kind=heuristic best_rc=0.0722495 found=0 added=0 exhausted=False cert=False
[clean-BPC  3064.55s] node 65 cg=4 phase=phase2 kind=heuristic_boost best_rc=0.0722495 found=0 added=0 exhausted=True cert=True
[clean-BPC  3064.57s] route-pack-conflict diag node 65 source_vehicle=1 routes=5 U=4 complete=True cache_hit=False states=105 added=0
[clean-BPC  3064.94s] cut_added family=schedule_nogood_core node=65 added=2 source_vehicle=1 route_count=4 signatures=[[8, 14, 10, 6], [5, 9, 19, 11], [2, 20, 15, 4], [7, 3, 1]]
[clean-BPC  3064.94s] node 57 d=8 lb=233.007621 open=33
[clean-BPC  3065.18s] node 57 cg=1 phase=phase1 obj=0.0 artificial=0.0 cols=3653
[clean-BPC  3065.41s] node 57 cg=2 phase=phase2 obj=233.007621 artificial=0.0 cols=3653
[clean-BPC  3068.68s] node 57 cg=2 phase=phase2 kind=heuristic best_rc=0.120919 found=0 added=0 exhausted=False cert=False
[clean-BPC  3079.22s] node 57 cg=2 phase=phase2 kind=heuristic_boost best_rc=0.029975 found=0 added=0 exhausted=True cert=True
[clean-BPC  3079.23s] route-pack-conflict diag node 57 source_vehicle=1 routes=5 U=4 complete=True cache_hit=False states=120 added=0
[clean-BPC  3079.62s] cut_added family=schedule_nogood_core node=57 added=2 source_vehicle=1 route_count=4 signatures=[[6, 10, 14, 8], [5, 9, 19, 11], [2, 20, 15, 4], [1, 3, 7]]
[clean-BPC  3079.62s] node 49 d=6 lb=233.007621 open=33
[clean-BPC  3079.84s] node 49 cg=1 phase=phase1 obj=0.0 artificial=0.0 cols=3653
[clean-BPC  3080.07s] node 49 cg=2 phase=phase2 obj=233.007621 artificial=0.0 cols=3653
[clean-BPC  3080.07s] cut_purged node=49 removed=3 by_kind={'schedule_nogood_core': 3} remaining=162
[clean-BPC  3080.29s] node 49 cg=3 phase=phase2 obj=233.007621 artificial=0.0 cols=3653
[clean-BPC  3083.36s] node 49 cg=3 phase=phase2 kind=heuristic best_rc=0.099326 found=0 added=0 exhausted=False cert=False
[clean-BPC  3089.55s] node 49 cg=3 phase=phase2 kind=heuristic_boost best_rc=0.099326 found=0 added=0 exhausted=True cert=True
[clean-BPC  3089.56s] route-pack-conflict diag node 49 source_vehicle=1 routes=5 U=4 complete=True cache_hit=True states=120 added=0
[clean-BPC  3089.93s] cut_added family=schedule_nogood_core node=49 added=1 source_vehicle=1 route_count=4 signatures=[[6, 8, 14, 10], [5, 9, 19, 11], [2, 20, 15, 4], [1, 3, 7]]
[clean-BPC  3089.93s] node 66 d=8 lb=233.007621 open=33
[clean-BPC  3090.17s] node 66 cg=1 phase=phase1 obj=0.0 artificial=0.0 cols=3653
[clean-BPC  3090.40s] node 66 cg=2 phase=phase2 obj=233.007621 artificial=0.0 cols=3653
[clean-BPC  3093.62s] node 66 cg=2 phase=phase2 kind=heuristic best_rc=0.240512 found=0 added=0 exhausted=False cert=False
[clean-BPC  3100.96s] node 66 cg=2 phase=phase2 kind=heuristic_boost best_rc=0.120256 found=0 added=0 exhausted=True cert=True
[clean-BPC  3100.97s] route-pack-conflict diag node 66 source_vehicle=1 routes=5 U=4 complete=True cache_hit=True states=103 added=0
[clean-BPC  3101.33s] cut_added family=schedule_nogood_core node=66 added=1 source_vehicle=1 route_count=4 signatures=[[6, 14, 10, 8], [5, 9, 19, 11], [4, 15, 20, 2], [7, 3, 1]]
[clean-BPC  3101.33s] node 62 d=7 lb=233.007621 open=33
[clean-BPC  3101.57s] node 62 cg=1 phase=phase1 obj=0.0 artificial=0.0 cols=3653
[clean-BPC  3101.80s] node 62 cg=2 phase=phase2 obj=233.007621 artificial=0.0 cols=3653
[clean-BPC  3104.89s] node 62 cg=2 phase=phase2 kind=heuristic best_rc=0.120919 found=0 added=0 exhausted=False cert=False
[clean-BPC  3111.17s] node 62 cg=2 phase=phase2 kind=heuristic_boost best_rc=0.120919 found=0 added=0 exhausted=True cert=True
[clean-BPC  3111.17s] route-pack-conflict diag node 62 source_vehicle=1 routes=5 U=4 complete=True cache_hit=True states=103 added=0
[clean-BPC  3111.54s] cut_added family=schedule_nogood_core node=62 added=1 source_vehicle=1 route_count=4 signatures=[[6, 8, 10, 14], [5, 9, 19, 11], [4, 15, 20, 2], [7, 3, 1]]
[clean-BPC  3111.54s] node 65 d=8 lb=233.007621 open=33
[clean-BPC  3111.80s] node 65 cg=1 phase=phase1 obj=0.0 artificial=0.0 cols=3653
[clean-BPC  3112.05s] node 65 cg=2 phase=phase2 obj=233.007621 artificial=0.0 cols=3653
[clean-BPC  3115.38s] node 65 cg=2 phase=phase2 kind=heuristic best_rc=0.0722495 found=0 added=0 exhausted=False cert=False
[clean-BPC  3122.40s] node 65 cg=2 phase=phase2 kind=heuristic_boost best_rc=0.0722495 found=0 added=0 exhausted=True cert=True
[clean-BPC  3126.81s] branch node 65: left=arc(15,4)=off right=arc(15,4)=on
[clean-BPC  3126.81s] node 57 d=8 lb=233.007621 open=34
[clean-BPC  3127.05s] node 57 cg=1 phase=phase1 obj=0.0 artificial=0.0 cols=3653
[clean-BPC  3127.28s] node 57 cg=2 phase=phase2 obj=233.007621 artificial=0.0 cols=3653
[clean-BPC  3130.63s] node 57 cg=2 phase=phase2 kind=heuristic best_rc=0.14497925 found=0 added=0 exhausted=False cert=False
[clean-BPC  3140.76s] node 57 cg=2 phase=phase2 kind=heuristic_boost best_rc=0.07309325 found=0 added=0 exhausted=True cert=True
[clean-BPC  3140.78s] route-pack-conflict diag node 57 source_vehicle=1 routes=5 U=4 complete=True cache_hit=False states=114 added=0
[clean-BPC  3141.15s] cut_added family=schedule_nogood_core node=57 added=2 source_vehicle=1 route_count=4 signatures=[[10, 14, 8, 6], [5, 9, 19, 11], [2, 20, 15, 4], [1, 3, 7]]
[clean-BPC  3141.15s] node 49 d=6 lb=233.007621 open=34
[clean-BPC  3141.37s] node 49 cg=1 phase=phase1 obj=0.0 artificial=0.0 cols=3653
[clean-BPC  3141.61s] node 49 cg=2 phase=phase2 obj=233.007621 artificial=0.0 cols=3653
[clean-BPC  3141.61s] cut_purged node=49 removed=1 by_kind={'schedule_nogood_core': 1} remaining=166
[clean-BPC  3141.84s] node 49 cg=3 phase=phase2 obj=233.007621 artificial=0.0 cols=3653
[clean-BPC  3145.19s] node 49 cg=3 phase=phase2 kind=heuristic best_rc=-0.0 found=0 added=0 exhausted=False cert=False
[clean-BPC  3152.44s] node 49 cg=3 phase=phase2 kind=heuristic_boost best_rc=-0.0 found=0 added=0 exhausted=True cert=True
[clean-BPC  3152.44s] route-pack-conflict diag node 49 source_vehicle=1 routes=5 U=4 complete=True cache_hit=True states=109 added=0
[clean-BPC  3152.81s] cut_added family=schedule_nogood_core node=49 added=1 source_vehicle=1 route_count=4 signatures=[[6, 8, 14, 10], [5, 9, 19, 11], [4, 15, 20, 2], [1, 3, 7]]
[clean-BPC  3152.81s] node 66 d=8 lb=233.007621 open=34
[clean-BPC  3153.06s] node 66 cg=1 phase=phase1 obj=0.0 artificial=0.0 cols=3653
[clean-BPC  3153.31s] node 66 cg=2 phase=phase2 obj=233.207032 artificial=0.0 cols=3653
[clean-BPC  3156.34s] node 66 cg=2 phase=phase2 kind=heuristic best_rc=-0.323891286 found=1 added=1 exhausted=False cert=False
[clean-BPC  3156.58s] node 66 cg=3 phase=phase2 obj=233.207032 artificial=0.0 cols=3654
[clean-BPC  3159.64s] node 66 cg=3 phase=phase2 kind=heuristic best_rc=0.018061429 found=0 added=0 exhausted=False cert=False
[clean-BPC  3166.23s] node 66 cg=3 phase=phase2 kind=heuristic_boost best_rc=0.018061429 found=0 added=0 exhausted=True cert=True
[clean-BPC  3172.61s] branch node 66: left=RF(2,17)=separate right=RF(2,17)=same
[clean-BPC  3172.61s] node 62 d=7 lb=233.007621 open=35
[clean-BPC  3172.85s] node 62 cg=1 phase=phase1 obj=0.0 artificial=0.0 cols=3654
[clean-BPC  3173.07s] node 62 cg=2 phase=phase2 obj=233.007621 artificial=0.0 cols=3654
[clean-BPC  3176.16s] node 62 cg=2 phase=phase2 kind=heuristic best_rc=0.120919 found=0 added=0 exhausted=False cert=False
[clean-BPC  3182.42s] node 62 cg=2 phase=phase2 kind=heuristic_boost best_rc=0.120919 found=0 added=0 exhausted=True cert=True
[clean-BPC  3182.43s] route-pack-conflict diag node 62 source_vehicle=1 routes=5 U=4 complete=True cache_hit=True states=103 added=0
[clean-BPC  3182.79s] cut_added family=schedule_nogood_core node=62 added=1 source_vehicle=1 route_count=4 signatures=[[6, 10, 14, 8], [5, 9, 19, 11], [4, 15, 20, 2], [7, 3, 1]]
[clean-BPC  3182.79s] node 71 d=9 lb=233.007621 open=35
[clean-BPC  3183.02s] node 71 cg=1 phase=phase1 obj=0.0 artificial=0.0 cols=3654
[clean-BPC  3183.24s] node 71 cg=2 phase=phase2 obj=233.007621 artificial=0.0 cols=3654
[clean-BPC  3183.24s] cut_purged node=71 removed=1 by_kind={'schedule_nogood_core': 1} remaining=167
[clean-BPC  3183.49s] node 71 cg=3 phase=phase2 obj=233.007621 artificial=0.0 cols=3654
[clean-BPC  3186.77s] node 71 cg=3 phase=phase2 kind=heuristic best_rc=0.204534 found=0 added=0 exhausted=False cert=False
[clean-BPC  3196.85s] node 71 cg=3 phase=phase2 kind=heuristic_boost best_rc=0.120256 found=0 added=0 exhausted=True cert=True
[clean-BPC  3196.86s] route-pack-conflict diag node 71 source_vehicle=1 routes=5 U=4 complete=True cache_hit=True states=103 added=0
[clean-BPC  3197.22s] cut_added family=schedule_nogood_core node=71 added=1 source_vehicle=1 route_count=4 signatures=[[6, 8, 14, 10], [5, 9, 19, 11], [4, 15, 20, 2], [7, 3, 1]]
[clean-BPC  3197.22s] node 72 d=9 lb=233.007621 open=35
[clean-BPC  3197.47s] node 72 cg=1 phase=phase1 obj=0.0 artificial=0.0 cols=3654
[clean-BPC  3197.70s] node 72 cg=2 phase=phase2 obj=233.007621 artificial=0.0 cols=3654
[clean-BPC  3200.61s] node 72 cg=2 phase=phase2 kind=heuristic best_rc=0.0 found=0 added=0 exhausted=False cert=False
[clean-BPC  3207.19s] node 72 cg=2 phase=phase2 kind=heuristic_boost best_rc=-0.0 found=0 added=0 exhausted=True cert=True
[clean-BPC  3207.21s] route-pack-conflict diag node 72 source_vehicle=1 routes=5 U=4 complete=True cache_hit=False states=105 added=0
[clean-BPC  3207.59s] cut_added family=schedule_nogood_core node=72 added=2 source_vehicle=1 route_count=4 signatures=[[14, 10, 8, 6], [5, 9, 19, 11], [2, 20, 15, 4], [7, 3, 1]]
[clean-BPC  3207.59s] node 57 d=8 lb=233.007621 open=35
[clean-BPC  3207.81s] node 57 cg=1 phase=phase1 obj=0.0 artificial=0.0 cols=3654
[clean-BPC  3208.06s] node 57 cg=2 phase=phase2 obj=233.007621 artificial=0.0 cols=3654
[clean-BPC  3211.41s] node 57 cg=2 phase=phase2 kind=heuristic best_rc=0.120919 found=0 added=0 exhausted=False cert=False
[clean-BPC  3221.14s] node 57 cg=2 phase=phase2 kind=heuristic_boost best_rc=0.120919 found=0 added=0 exhausted=True cert=True
[clean-BPC  3221.15s] route-pack-conflict diag node 57 source_vehicle=1 routes=5 U=4 complete=True cache_hit=False states=114 added=0
[clean-BPC  3221.53s] cut_added family=schedule_nogood_core node=57 added=2 source_vehicle=1 route_count=4 signatures=[[8, 10, 14, 6], [5, 9, 19, 11], [2, 20, 15, 4], [1, 3, 7]]
[clean-BPC  3221.53s] node 62 d=7 lb=233.007621 open=35
[clean-BPC  3221.75s] node 62 cg=1 phase=phase1 obj=0.0 artificial=0.0 cols=3654
[clean-BPC  3221.98s] node 62 cg=2 phase=phase2 obj=233.007621 artificial=0.0 cols=3654
[clean-BPC  3225.06s] node 62 cg=2 phase=phase2 kind=heuristic best_rc=0.120919 found=0 added=0 exhausted=False cert=False
[clean-BPC  3231.30s] node 62 cg=2 phase=phase2 kind=heuristic_boost best_rc=0.120919 found=0 added=0 exhausted=True cert=True
[clean-BPC  3235.50s] branch node 62: left=arc(20,2)=off right=arc(20,2)=on
[clean-BPC  3235.50s] node 71 d=9 lb=233.007621 open=36
[clean-BPC  3235.73s] node 71 cg=1 phase=phase1 obj=0.0 artificial=0.0 cols=3654
[clean-BPC  3235.96s] node 71 cg=2 phase=phase2 obj=233.007621 artificial=0.0 cols=3654
[clean-BPC  3239.17s] node 71 cg=2 phase=phase2 kind=heuristic best_rc=-0.258610333 found=3 added=3 exhausted=False cert=False
[clean-BPC  3239.40s] node 71 cg=3 phase=phase2 obj=233.007621 artificial=0.0 cols=3657
[clean-BPC  3242.61s] node 71 cg=3 phase=phase2 kind=heuristic best_rc=0.173481 found=0 added=0 exhausted=False cert=False
[clean-BPC  3249.98s] node 71 cg=3 phase=phase2 kind=heuristic_boost best_rc=0.120919 found=0 added=0 exhausted=True cert=True
[clean-BPC  3250.00s] route-pack-conflict diag node 71 source_vehicle=1 routes=5 U=4 complete=True cache_hit=False states=99 added=0
[clean-BPC  3250.37s] cut_added family=schedule_nogood_core node=71 added=2 source_vehicle=1 route_count=4 signatures=[[8, 14, 10, 6], [5, 9, 19, 11], [4, 15, 20, 2], [7, 3, 1]]
[clean-BPC  3250.37s] node 72 d=9 lb=233.007621 open=36
[clean-BPC  3250.61s] node 72 cg=1 phase=phase1 obj=0.0 artificial=0.0 cols=3657
[clean-BPC  3250.86s] node 72 cg=2 phase=phase2 obj=233.025592 artificial=0.0 cols=3657
[clean-BPC  3250.86s] cut_purged node=72 removed=1 by_kind={'schedule_nogood_core': 1} remaining=173
[clean-BPC  3251.10s] node 72 cg=3 phase=phase2 obj=233.025592 artificial=0.0 cols=3657
[clean-BPC  3254.41s] node 72 cg=3 phase=phase2 kind=heuristic best_rc=0.099326 found=0 added=0 exhausted=False cert=False
[clean-BPC  3262.59s] node 72 cg=3 phase=phase2 kind=heuristic_boost best_rc=0.099326 found=0 added=0 exhausted=True cert=True
[clean-BPC  3266.15s] branch node 72: left=RF(6,8)=separate right=RF(6,8)=same
[clean-BPC  3266.15s] node 57 d=8 lb=233.007621 open=37
[clean-BPC  3266.38s] node 57 cg=1 phase=phase1 obj=0.0 artificial=0.0 cols=3657
[clean-BPC  3266.62s] node 57 cg=2 phase=phase2 obj=233.007621 artificial=0.0 cols=3657
[clean-BPC  3266.62s] cut_purged node=57 removed=1 by_kind={'schedule_nogood_core': 1} remaining=172
[clean-BPC  3266.87s] node 57 cg=3 phase=phase2 obj=233.007621 artificial=0.0 cols=3657
[clean-BPC  3266.87s] cut_purged node=57 removed=1 by_kind={'schedule_nogood_core': 1} remaining=171
[clean-BPC  3267.09s] node 57 cg=4 phase=phase2 obj=233.007621 artificial=0.0 cols=3657
[clean-BPC  3270.41s] node 57 cg=4 phase=phase2 kind=heuristic best_rc=-0.32479 found=1 added=1 exhausted=False cert=False
[clean-BPC  3270.64s] node 57 cg=5 phase=phase2 obj=233.007621 artificial=0.0 cols=3658
[clean-BPC  3273.93s] node 57 cg=5 phase=phase2 kind=heuristic best_rc=0.193084 found=0 added=0 exhausted=False cert=False
[clean-BPC  3284.43s] node 57 cg=5 phase=phase2 kind=heuristic_boost best_rc=0.120919 found=0 added=0 exhausted=True cert=True
[clean-BPC  3284.45s] route-pack-conflict diag node 57 source_vehicle=1 routes=5 U=4 complete=True cache_hit=False states=120 added=0
[clean-BPC  3284.83s] cut_added family=schedule_nogood_core node=57 added=2 source_vehicle=1 route_count=4 signatures=[[6, 8, 10, 14], [5, 9, 19, 11], [2, 20, 15, 4], [1, 3, 7]]
[clean-BPC  3284.83s] node 75 d=8 lb=233.007621 open=37
[clean-BPC  3285.05s] node 75 cg=1 phase=phase1 obj=0.0 artificial=0.0 cols=3658
[clean-BPC  3285.29s] node 75 cg=2 phase=phase2 obj=233.007621 artificial=0.0 cols=3658
[clean-BPC  3288.63s] node 75 cg=2 phase=phase2 kind=heuristic best_rc=-0.0 found=0 added=0 exhausted=False cert=False
[clean-BPC  3298.25s] node 75 cg=2 phase=phase2 kind=heuristic_boost best_rc=-0.0 found=0 added=0 exhausted=True cert=True
[clean-BPC  3298.26s] route-pack-conflict diag node 75 source_vehicle=1 routes=5 U=4 complete=True cache_hit=True states=111 added=0
[clean-BPC  3298.64s] cut_added family=schedule_nogood_core node=75 added=1 source_vehicle=1 route_count=4 signatures=[[6, 8, 10, 14], [5, 9, 19, 11], [2, 20, 15, 4], [7, 3, 1]]
[clean-BPC  3298.64s] node 76 d=8 lb=233.007621 open=37
[clean-BPC  3298.86s] node 76 cg=1 phase=phase1 obj=0.0 artificial=0.0 cols=3658
[clean-BPC  3299.10s] node 76 cg=2 phase=phase2 obj=233.007621 artificial=0.0 cols=3658
[clean-BPC  3302.17s] node 76 cg=2 phase=phase2 kind=heuristic best_rc=-0.0 found=0 added=0 exhausted=False cert=False
[clean-BPC  3308.36s] node 76 cg=2 phase=phase2 kind=heuristic_boost best_rc=-0.0 found=0 added=0 exhausted=True cert=True
[clean-BPC  3308.37s] route-pack-conflict diag node 76 source_vehicle=1 routes=5 U=4 complete=True cache_hit=False states=99 added=0
[clean-BPC  3308.76s] cut_added family=schedule_nogood_core node=76 added=2 source_vehicle=1 route_count=4 signatures=[[8, 10, 14, 6], [5, 9, 19, 11], [4, 15, 20, 2], [7, 3, 1]]
[clean-BPC  3308.76s] node 71 d=9 lb=233.007621 open=37
[clean-BPC  3308.97s] node 71 cg=1 phase=phase1 obj=0.0 artificial=0.0 cols=3658
[clean-BPC  3309.21s] node 71 cg=2 phase=phase2 obj=233.007621 artificial=0.0 cols=3658
[clean-BPC  3312.25s] node 71 cg=2 phase=phase2 kind=heuristic best_rc=0.202793125 found=0 added=0 exhausted=False cert=False
[clean-BPC  3318.75s] node 71 cg=2 phase=phase2 kind=heuristic_boost best_rc=0.120919 found=0 added=0 exhausted=True cert=True
[clean-BPC  3318.76s] route-pack-conflict diag node 71 source_vehicle=1 routes=5 U=4 complete=True cache_hit=False states=99 added=0
[clean-BPC  3319.13s] cut_added family=schedule_nogood_core node=71 added=2 source_vehicle=1 route_count=4 signatures=[[14, 10, 8, 6], [5, 9, 19, 11], [4, 15, 20, 2], [7, 3, 1]]
[clean-BPC  3319.13s] node 57 d=8 lb=233.007621 open=37
[clean-BPC  3319.37s] node 57 cg=1 phase=phase1 obj=0.0 artificial=0.0 cols=3658
[clean-BPC  3319.61s] node 57 cg=2 phase=phase2 obj=233.021998 artificial=0.0 cols=3658
[clean-BPC  3323.02s] node 57 cg=2 phase=phase2 kind=heuristic best_rc=0.120919 found=0 added=0 exhausted=False cert=False
[clean-BPC  3330.67s] node 57 cg=2 phase=phase2 kind=heuristic_boost best_rc=0.120919 found=0 added=0 exhausted=True cert=True
[clean-BPC  3334.18s] branch node 57: left=RF(1,6)=separate right=RF(1,6)=same
[clean-BPC  3334.18s] node 75 d=8 lb=233.007621 open=38
[clean-BPC  3334.40s] node 75 cg=1 phase=phase1 obj=0.0 artificial=0.0 cols=3658
[clean-BPC  3334.64s] node 75 cg=2 phase=phase2 obj=233.007621 artificial=0.0 cols=3658
[clean-BPC  3338.07s] node 75 cg=2 phase=phase2 kind=heuristic best_rc=-0.0 found=0 added=0 exhausted=False cert=False
[clean-BPC  3347.77s] node 75 cg=2 phase=phase2 kind=heuristic_boost best_rc=-0.0 found=0 added=0 exhausted=True cert=True
[clean-BPC  3347.78s] route-pack-conflict diag node 75 source_vehicle=1 routes=5 U=4 complete=True cache_hit=False states=111 added=0
[clean-BPC  3348.16s] cut_added family=schedule_nogood_core node=75 added=2 source_vehicle=1 route_count=4 signatures=[[6, 10, 14, 8], [5, 9, 19, 11], [2, 20, 15, 4], [7, 3, 1]]
[clean-BPC  3348.17s] node 76 d=8 lb=233.007621 open=38
[clean-BPC  3348.40s] node 76 cg=1 phase=phase1 obj=0.0 artificial=0.0 cols=3658
[clean-BPC  3348.64s] node 76 cg=2 phase=phase2 obj=233.007621 artificial=0.0 cols=3658
[clean-BPC  3351.90s] node 76 cg=2 phase=phase2 kind=heuristic best_rc=0.0 found=0 added=0 exhausted=False cert=False
[clean-BPC  3359.02s] node 76 cg=2 phase=phase2 kind=heuristic_boost best_rc=-0.095541475 found=1 added=1 exhausted=True cert=True
[clean-BPC  3359.26s] node 76 cg=3 phase=phase2 obj=233.007621 artificial=0.0 cols=3659
[clean-BPC  3362.55s] node 76 cg=3 phase=phase2 kind=heuristic best_rc=-0.0 found=0 added=0 exhausted=False cert=False
[clean-BPC  3369.72s] node 76 cg=3 phase=phase2 kind=heuristic_boost best_rc=-0.0 found=0 added=0 exhausted=True cert=True
[clean-BPC  3369.74s] route-pack-conflict diag node 76 source_vehicle=1 routes=5 U=4 complete=True cache_hit=False states=99 added=0
[clean-BPC  3370.11s] cut_added family=schedule_nogood_core node=76 added=2 source_vehicle=1 route_count=4 signatures=[[10, 14, 8, 6], [5, 9, 19, 11], [4, 15, 20, 2], [7, 3, 1]]
[clean-BPC  3370.11s] node 71 d=9 lb=233.007621 open=38
[clean-BPC  3370.34s] node 71 cg=1 phase=phase1 obj=0.0 artificial=0.0 cols=3659
[clean-BPC  3370.57s] node 71 cg=2 phase=phase2 obj=233.025592 artificial=0.0 cols=3659
[clean-BPC  3370.58s] cut_purged node=71 removed=1 by_kind={'schedule_nogood_core': 1} remaining=181
[clean-BPC  3370.82s] node 71 cg=3 phase=phase2 obj=233.025592 artificial=0.0 cols=3659
[clean-BPC  3374.00s] node 71 cg=3 phase=phase2 kind=heuristic best_rc=0.099326 found=0 added=0 exhausted=False cert=False
[clean-BPC  3380.82s] node 71 cg=3 phase=phase2 kind=heuristic_boost best_rc=0.099326 found=0 added=0 exhausted=True cert=True
[clean-BPC  3384.26s] branch node 71: left=RF(6,8)=separate right=RF(6,8)=same
[clean-BPC  3384.26s] node 49 d=6 lb=233.007621 open=39
[clean-BPC  3384.49s] node 49 cg=1 phase=phase1 obj=0.0 artificial=0.0 cols=3659
[clean-BPC  3384.73s] node 49 cg=2 phase=phase2 obj=233.007621 artificial=0.0 cols=3659
[clean-BPC  3387.73s] node 49 cg=2 phase=phase2 kind=heuristic best_rc=0.099326 found=0 added=0 exhausted=False cert=False
[clean-BPC  3393.76s] node 49 cg=2 phase=phase2 kind=heuristic_boost best_rc=0.099326 found=0 added=0 exhausted=True cert=True
[clean-BPC  3393.76s] route-pack-conflict diag node 49 source_vehicle=1 routes=5 U=4 complete=True cache_hit=True states=109 added=0
[clean-BPC  3394.15s] cut_added family=schedule_nogood_core node=49 added=1 source_vehicle=1 route_count=4 signatures=[[6, 8, 14, 10], [5, 9, 19, 11], [4, 15, 20, 2], [1, 3, 7]]
[clean-BPC  3394.15s] node 75 d=8 lb=233.007621 open=39
[clean-BPC  3394.37s] node 75 cg=1 phase=phase1 obj=0.0 artificial=0.0 cols=3659
[clean-BPC  3394.61s] node 75 cg=2 phase=phase2 obj=233.007621 artificial=0.0 cols=3659
[clean-BPC  3397.94s] node 75 cg=2 phase=phase2 kind=heuristic best_rc=-0.0 found=0 added=0 exhausted=False cert=False
[clean-BPC  3407.40s] node 75 cg=2 phase=phase2 kind=heuristic_boost best_rc=-0.0 found=0 added=0 exhausted=True cert=True
[clean-BPC  3407.42s] route-pack-conflict diag node 75 source_vehicle=1 routes=5 U=4 complete=True cache_hit=False states=105 added=0
[clean-BPC  3407.80s] cut_added family=schedule_nogood_core node=75 added=2 source_vehicle=1 route_count=4 signatures=[[8, 10, 14, 6], [5, 9, 19, 11], [2, 20, 15, 4], [7, 3, 1]]
[clean-BPC  3407.80s] node 76 d=8 lb=233.007621 open=39
[clean-BPC  3408.03s] node 76 cg=1 phase=phase1 obj=0.0 artificial=0.0 cols=3659
[clean-BPC  3408.27s] node 76 cg=2 phase=phase2 obj=233.021998 artificial=0.0 cols=3659
[clean-BPC  3408.27s] cut_purged node=76 removed=2 by_kind={'schedule_nogood_core': 2} remaining=182
[clean-BPC  3408.50s] node 76 cg=3 phase=phase2 obj=233.021998 artificial=0.0 cols=3659
[clean-BPC  3408.50s] cut_purged node=76 removed=1 by_kind={'schedule_nogood_core': 1} remaining=181
[clean-BPC  3408.74s] node 76 cg=4 phase=phase2 obj=233.021998 artificial=0.0 cols=3659
[clean-BPC  3412.23s] node 76 cg=4 phase=phase2 kind=heuristic best_rc=0.0139921 found=0 added=0 exhausted=False cert=False
[clean-BPC  3419.91s] node 76 cg=4 phase=phase2 kind=heuristic_boost best_rc=0.0139921 found=0 added=0 exhausted=True cert=True
[clean-BPC  3423.36s] branch node 76: left=RF(1,6)=separate right=RF(1,6)=same
[clean-BPC  3423.36s] node 49 d=6 lb=233.007621 open=40
[clean-BPC  3423.58s] node 49 cg=1 phase=phase1 obj=0.0 artificial=0.0 cols=3659
[clean-BPC  3423.82s] node 49 cg=2 phase=phase2 obj=233.007621 artificial=0.0 cols=3659
[clean-BPC  3423.82s] cut_purged node=49 removed=1 by_kind={'schedule_nogood_core': 1} remaining=180
[clean-BPC  3424.06s] node 49 cg=3 phase=phase2 obj=233.007621 artificial=0.0 cols=3659
[clean-BPC  3427.08s] node 49 cg=3 phase=phase2 kind=heuristic best_rc=0.099326 found=0 added=0 exhausted=False cert=False
[clean-BPC  3433.18s] node 49 cg=3 phase=phase2 kind=heuristic_boost best_rc=0.099326 found=0 added=0 exhausted=True cert=True
[clean-BPC  3433.19s] route-pack-conflict diag node 49 source_vehicle=1 routes=5 U=4 complete=True cache_hit=False states=109 added=0
[clean-BPC  3433.56s] cut_added family=schedule_nogood_core node=49 added=2 source_vehicle=1 route_count=4 signatures=[[6, 14, 10, 8], [5, 9, 19, 11], [4, 15, 20, 2], [1, 3, 7]]
[clean-BPC  3433.56s] node 49 d=6 lb=233.007621 open=40
[clean-BPC  3433.81s] node 49 cg=1 phase=phase1 obj=0.0 artificial=0.0 cols=3659
[clean-BPC  3434.05s] node 49 cg=2 phase=phase2 obj=233.007621 artificial=0.0 cols=3659
[clean-BPC  3434.05s] cut_purged node=49 removed=2 by_kind={'schedule_nogood_core': 2} remaining=180
[clean-BPC  3434.27s] node 49 cg=3 phase=phase2 obj=233.007621 artificial=0.0 cols=3659
[clean-BPC  3434.27s] cut_purged node=49 removed=1 by_kind={'schedule_nogood_core': 1} remaining=179
[clean-BPC  3434.51s] node 49 cg=4 phase=phase2 obj=233.007621 artificial=0.0 cols=3659
[clean-BPC  3434.52s] cut_purged node=49 removed=7 by_kind={'schedule_nogood_core': 7} remaining=172
[clean-BPC  3434.75s] node 49 cg=5 phase=phase2 obj=233.007621 artificial=0.0 cols=3659
[clean-BPC  3437.81s] node 49 cg=5 phase=phase2 kind=heuristic best_rc=0.099326 found=0 added=0 exhausted=False cert=False
[clean-BPC  3444.01s] node 49 cg=5 phase=phase2 kind=heuristic_boost best_rc=0.099326 found=0 added=0 exhausted=True cert=True
[clean-BPC  3448.29s] branch node 49: left=arc(10,8)=off right=arc(10,8)=on
[clean-BPC  3448.29s] node 75 d=8 lb=233.007621 open=41
[clean-BPC  3448.52s] node 75 cg=1 phase=phase1 obj=0.0 artificial=0.0 cols=3659
[clean-BPC  3448.74s] node 75 cg=2 phase=phase2 obj=233.007621 artificial=0.0 cols=3659
[clean-BPC  3452.09s] node 75 cg=2 phase=phase2 kind=heuristic best_rc=-0.0 found=0 added=0 exhausted=False cert=False
[clean-BPC  3461.78s] node 75 cg=2 phase=phase2 kind=heuristic_boost best_rc=-0.0 found=0 added=0 exhausted=True cert=True
[clean-BPC  3461.78s] route-pack-conflict diag node 75 source_vehicle=1 routes=5 U=4 complete=True cache_hit=True states=111 added=0
[clean-BPC  3462.15s] cut_added family=schedule_nogood_core node=75 added=1 source_vehicle=1 route_count=4 signatures=[[6, 8, 10, 14], [5, 9, 19, 11], [2, 20, 15, 4], [7, 3, 1]]
[clean-BPC  3462.15s] node 85 d=7 lb=233.007621 open=41
[clean-BPC  3462.39s] node 85 cg=1 phase=phase1 obj=0.0 artificial=0.0 cols=3659
[clean-BPC  3462.61s] node 85 cg=2 phase=phase2 obj=233.007621 artificial=0.0 cols=3659
[clean-BPC  3462.61s] cut_purged node=85 removed=3 by_kind={'schedule_nogood_core': 3} remaining=170
[clean-BPC  3462.85s] node 85 cg=3 phase=phase2 obj=233.007621 artificial=0.0 cols=3659
[clean-BPC  3466.01s] node 85 cg=3 phase=phase2 kind=heuristic best_rc=0.099326 found=0 added=0 exhausted=False cert=False
[clean-BPC  3472.34s] node 85 cg=3 phase=phase2 kind=heuristic_boost best_rc=0.099326 found=0 added=0 exhausted=True cert=True
[clean-BPC  3472.35s] route-pack-conflict diag node 85 source_vehicle=1 routes=5 U=4 complete=True cache_hit=False states=95 added=0
[clean-BPC  3472.62s] cut_added family=schedule_nogood_core node=85 added=1 source_vehicle=1 route_count=3 signatures=[[11, 19, 9, 5], [4, 15, 20, 2], [1, 3, 7]]
[clean-BPC  3472.62s] node 86 d=7 lb=233.007621 open=41
[clean-BPC  3472.86s] node 86 cg=1 phase=phase1 obj=0.0 artificial=0.0 cols=3659
[clean-BPC  3473.09s] node 86 cg=2 phase=phase2 obj=233.007621 artificial=0.0 cols=3659
[clean-BPC  3473.09s] cut_purged node=86 removed=1 by_kind={'schedule_nogood_core': 1} remaining=170
[clean-BPC  3473.33s] node 86 cg=3 phase=phase2 obj=233.007621 artificial=0.0 cols=3659
[clean-BPC  3476.38s] node 86 cg=3 phase=phase2 kind=heuristic best_rc=-0.0580705 found=2 added=2 exhausted=False cert=False
[clean-BPC  3476.63s] node 86 cg=4 phase=phase2 obj=233.007621 artificial=0.0 cols=3661
[clean-BPC  3480.07s] node 86 cg=4 phase=phase2 kind=heuristic best_rc=0.0 found=0 added=0 exhausted=False cert=False
[clean-BPC  3489.60s] node 86 cg=4 phase=phase2 kind=heuristic_boost best_rc=0.0 found=0 added=0 exhausted=True cert=True
[clean-BPC  3493.89s] branch node 86: left=arc(19,11)=off right=arc(19,11)=on
[clean-BPC  3493.89s] node 75 d=8 lb=233.007621 open=42
[clean-BPC  3494.11s] node 75 cg=1 phase=phase1 obj=0.0 artificial=0.0 cols=3661
[clean-BPC  3494.35s] node 75 cg=2 phase=phase2 obj=233.007621 artificial=0.0 cols=3661
[clean-BPC  3497.80s] node 75 cg=2 phase=phase2 kind=heuristic best_rc=-0.0 found=0 added=0 exhausted=False cert=False
[clean-BPC  3507.65s] node 75 cg=2 phase=phase2 kind=heuristic_boost best_rc=-0.0 found=0 added=0 exhausted=True cert=True
[clean-BPC  3507.66s] route-pack-conflict diag node 75 source_vehicle=1 routes=5 U=4 complete=True cache_hit=True states=111 added=0
[clean-BPC  3508.02s] cut_added family=schedule_nogood_core node=75 added=1 source_vehicle=1 route_count=4 signatures=[[6, 10, 14, 8], [5, 9, 19, 11], [2, 20, 15, 4], [7, 3, 1]]
[clean-BPC  3508.02s] node 85 d=7 lb=233.007621 open=42
[clean-BPC  3508.24s] node 85 cg=1 phase=phase1 obj=0.0 artificial=0.0 cols=3661
[clean-BPC  3508.48s] node 85 cg=2 phase=phase2 obj=233.007621 artificial=0.0 cols=3661
[clean-BPC  3511.70s] node 85 cg=2 phase=phase2 kind=heuristic best_rc=0.099326 found=0 added=0 exhausted=False cert=False
[clean-BPC  3518.16s] node 85 cg=2 phase=phase2 kind=heuristic_boost best_rc=0.099326 found=0 added=0 exhausted=True cert=True
[clean-BPC  3522.43s] branch node 85: left=arc(19,11)=off right=arc(19,11)=on
[clean-BPC  3522.43s] node 87 d=8 lb=233.007621 open=43
[clean-BPC  3522.67s] node 87 cg=1 phase=phase1 obj=0.0 artificial=0.0 cols=3661
[clean-BPC  3522.88s] node 87 cg=2 phase=phase2 obj=233.007621 artificial=0.0 cols=3661
[clean-BPC  3522.89s] cut_purged node=87 removed=1 by_kind={'schedule_nogood_core': 1} remaining=170
[clean-BPC  3523.12s] node 87 cg=3 phase=phase2 obj=233.007621 artificial=0.0 cols=3661
[clean-BPC  3526.22s] node 87 cg=3 phase=phase2 kind=heuristic best_rc=-0.0 found=0 added=0 exhausted=False cert=False
[clean-BPC  3532.47s] node 87 cg=3 phase=phase2 kind=heuristic_boost best_rc=-0.0 found=0 added=0 exhausted=True cert=True
[clean-BPC  3532.48s] route-pack-conflict diag node 87 source_vehicle=1 routes=5 U=4 complete=True cache_hit=False states=111 added=0
[clean-BPC  3532.76s] cut_added family=schedule_nogood_core node=87 added=1 source_vehicle=1 route_count=3 signatures=[[11, 19, 9, 5], [2, 20, 15, 4], [1, 3, 7]]
[clean-BPC  3532.76s] node 88 d=8 lb=233.007621 open=43
[clean-BPC  3533.00s] node 88 cg=1 phase=phase1 obj=0.0 artificial=0.0 cols=3661
[clean-BPC  3533.24s] node 88 cg=2 phase=phase2 obj=233.007621 artificial=0.0 cols=3661
[clean-BPC  3536.26s] node 88 cg=2 phase=phase2 kind=heuristic best_rc=0.0 found=0 added=0 exhausted=False cert=False
[clean-BPC  3542.38s] node 88 cg=2 phase=phase2 kind=heuristic_boost best_rc=-0.325737 found=2 added=2 exhausted=True cert=True
[clean-BPC  3542.62s] node 88 cg=3 phase=phase2 obj=233.007621 artificial=0.0 cols=3663
[clean-BPC  3545.57s] node 88 cg=3 phase=phase2 kind=heuristic best_rc=0.0 found=0 added=0 exhausted=False cert=False
[clean-BPC  3551.53s] node 88 cg=3 phase=phase2 kind=heuristic_boost best_rc=-0.0070235 found=1 added=1 exhausted=True cert=True
[clean-BPC  3551.77s] node 88 cg=4 phase=phase2 obj=233.007621 artificial=0.0 cols=3664
[clean-BPC  3554.81s] node 88 cg=4 phase=phase2 kind=heuristic best_rc=0.0 found=0 added=0 exhausted=False cert=False
[clean-BPC  3560.98s] node 88 cg=4 phase=phase2 kind=heuristic_boost best_rc=0.0 found=0 added=0 exhausted=True cert=True
[clean-BPC  3561.00s] route-pack-conflict diag node 88 source_vehicle=1 routes=5 U=4 complete=True cache_hit=False states=120 added=0
[clean-BPC  3561.38s] cut_added family=schedule_nogood_core node=88 added=2 source_vehicle=1 route_count=4 signatures=[[6, 14, 10, 8], [5, 9, 19, 11], [2, 20, 15, 4], [1, 3, 7]]
[clean-BPC  3561.38s] node 75 d=8 lb=233.007621 open=43
[clean-BPC  3561.60s] node 75 cg=1 phase=phase1 obj=0.0 artificial=0.0 cols=3664
[clean-BPC  3561.84s] node 75 cg=2 phase=phase2 obj=233.007621 artificial=0.0 cols=3664
[clean-BPC  3565.30s] node 75 cg=2 phase=phase2 kind=heuristic best_rc=0.0 found=0 added=0 exhausted=False cert=False
[clean-BPC  3575.18s] node 75 cg=2 phase=phase2 kind=heuristic_boost best_rc=-0.0 found=0 added=0 exhausted=True cert=True
[clean-BPC  3575.19s] route-pack-conflict diag node 75 source_vehicle=1 routes=5 U=4 complete=True cache_hit=True states=105 added=0
[clean-BPC  3575.56s] cut_added family=schedule_nogood_core node=75 added=1 source_vehicle=1 route_count=4 signatures=[[8, 10, 14, 6], [5, 9, 19, 11], [2, 20, 15, 4], [7, 3, 1]]
[clean-BPC  3575.56s] node 90 d=8 lb=233.007621 open=43
[clean-BPC  3575.78s] node 90 cg=1 phase=phase1 obj=0.0 artificial=0.0 cols=3664
[clean-BPC  3576.03s] node 90 cg=2 phase=phase2 obj=233.007621 artificial=0.0 cols=3664
[clean-BPC  3579.10s] node 90 cg=2 phase=phase2 kind=heuristic best_rc=0.0 found=0 added=0 exhausted=False cert=False
[clean-BPC  3585.35s] node 90 cg=2 phase=phase2 kind=heuristic_boost best_rc=0.0 found=0 added=0 exhausted=True cert=True
[clean-BPC  3585.37s] route-pack-conflict diag node 90 source_vehicle=1 routes=5 U=4 complete=True cache_hit=False states=105 added=0
[clean-BPC  3585.75s] cut_added family=schedule_nogood_core node=90 added=2 source_vehicle=1 route_count=4 signatures=[[8, 14, 10, 6], [5, 9, 19, 11], [4, 15, 20, 2], [1, 3, 7]]
[clean-BPC  3585.75s] node 87 d=8 lb=233.007621 open=43
[clean-BPC  3585.97s] node 87 cg=1 phase=phase1 obj=0.0 artificial=0.0 cols=3664
[clean-BPC  3586.21s] node 87 cg=2 phase=phase2 obj=233.043564 artificial=0.0 cols=3664
[clean-BPC  3589.35s] node 87 cg=2 phase=phase2 kind=heuristic best_rc=0.0 found=0 added=0 exhausted=False cert=False
[clean-BPC  3595.77s] node 87 cg=2 phase=phase2 kind=heuristic_boost best_rc=0.0 found=0 added=0 exhausted=True cert=True
[clean-BPC  3599.10s] branch node 87: left=RF(6,8)=separate right=RF(6,8)=same
[clean-BPC  3599.10s] node 88 d=8 lb=233.007621 open=44
[clean-BPC  3599.34s] node 88 cg=1 phase=phase1 obj=0.0 artificial=0.0 cols=3664
[clean-BPC  3599.57s] node 88 cg=2 phase=phase2 obj=233.007621 artificial=0.0 cols=3664
[clean-BPC  3602.91s] node 88 cg=2 phase=phase2 kind=heuristic best_rc=0.0 found=0 added=0 exhausted=False cert=False
[clean-BPC  3609.58s] node 88 cg=2 phase=phase2 kind=heuristic_boost best_rc=0.0 found=0 added=0 exhausted=True cert=True
[clean-BPC  3609.58s] fathom node 88: reason=time_limit_after_node_certificate bound=233.007621
[clean-BPC  3609.58s] finish status=TIME_LIMIT primal=245.5914 dual=None gap=None cuts=176 diag_dual=233.007621 diag_gap=0.051239 crossing=11 crossing_upgraded=0 subset_row=43 lm_rank1=60 sched_cost=0 pair=23 clique=1 route_pack=36 nogood=80 sched_cap=0
bench_20_03: status=TIME_LIMIT, primal=245.5914, dual=None, gap=None, diag_dual=233.007621, diag_gap=0.051239, time=3609.581855s, nodes=105, rmp=377, pricing=395, routes=3664, cuts=176, crossing=11, crossing_upgraded=0, rci=11, kpath=0, pair=23, subset_row=43, lm_rank1=60, sched_cost=0, clique=1, route_pack=36, nogood=80, sched_cap=0, rim_calls=18, rim_feasible=0, rim_rejected=205, rim_pair=20, rim_route_pack=42, rim_ng=346, rim_sched_cap=0, cuts_purged=78, branch_test_time=369.594983s
clean BPC CSV 已写入：/home/kai/work/gnn_bb/branchpricecut/results/20260521_143906_bpc_clean_lmrank1_20_01_03.csv
