开始 clean BPC: instance=bench_20_02, tasks=20, vehicles=2, time_limit=3600s, max_nodes=100000, log=/home/kai/work/gnn_bb/branchpricecut/results/logs/20260521_112737_bpc_clean_subsetrow_only_20_02_03/bench_20_02.jsonl
[clean-BPC     0.00s] incumbent node 0: obj=276.966512
[clean-BPC     6.16s] incumbent node 0: obj=237.436094
[clean-BPC     6.16s] start: {'time': 6.164998, 'event': 'start', 'instance': 'bench_20_02', 'tasks': 20, 'vehicles': 2, 'initial_routes': 30, 'initial_incumbent': 237.436094, 'task_vehicle_linking_enabled': True, 'schedule_capacity_cuts_enabled': True}
[clean-BPC     6.17s] node 0 d=0 lb=0.0 open=0
[clean-BPC     6.25s] node 0 cg=1 phase=phase1 obj=0.0 artificial=0.0 cols=30
[clean-BPC     6.25s] node 0 cg=2 phase=phase2 obj=237.436094 artificial=0.0 cols=30
[clean-BPC    14.13s] node 0 cg=2 phase=phase2 kind=heuristic best_rc=-37.172232 found=211856 added=600 exhausted=False cert=False
[clean-BPC    14.16s] node 0 cg=3 phase=phase2 obj=237.436094 artificial=0.0 cols=630
[clean-BPC    17.67s] node 0 cg=3 phase=phase2 kind=heuristic best_rc=-12.004053 found=28142 added=600 exhausted=False cert=False
[clean-BPC    17.72s] node 0 cg=4 phase=phase2 obj=236.421558 artificial=0.0 cols=1230
[clean-BPC    20.83s] node 0 cg=4 phase=phase2 kind=heuristic best_rc=-12.86408 found=11576 added=600 exhausted=False cert=False
[clean-BPC    20.90s] node 0 cg=5 phase=phase2 obj=230.042712 artificial=0.0 cols=1830
[clean-BPC    23.80s] node 0 cg=5 phase=phase2 kind=heuristic best_rc=-3.429166 found=291 added=291 exhausted=False cert=False
[clean-BPC    23.88s] node 0 cg=6 phase=phase2 obj=227.883573 artificial=0.0 cols=2121
[clean-BPC    26.88s] node 0 cg=6 phase=phase2 kind=heuristic best_rc=-2.593093333 found=60 added=60 exhausted=False cert=False
[clean-BPC    26.96s] node 0 cg=7 phase=phase2 obj=227.883573 artificial=0.0 cols=2181
[clean-BPC    29.95s] node 0 cg=7 phase=phase2 kind=heuristic best_rc=-0.0 found=0 added=0 exhausted=False cert=False
[clean-BPC    37.06s] node 0 cg=7 phase=phase2 kind=exact best_rc=-0.0 found=0 added=0 exhausted=True cert=True
[clean-BPC    37.98s] cut_added family=crossing_cut node=0 added=2 upgraded=0 first={'id': 0, 'tasks': [8, 10, 14, 17], 'demand': 11.0, 'capacity_bound': 2, 'resource_bound': 1, 'k_bound': 2, 'rhs': 4.0, 'source': 'capacity', 'violation': 0.666666667, 'action': 'add'}
[clean-BPC    38.09s] node 0 cg=8 phase=phase2 obj=228.114658 artificial=0.0 cols=2181
[clean-BPC    41.64s] node 0 cg=8 phase=phase2 kind=heuristic best_rc=-0.122286 found=6 added=6 exhausted=False cert=False
[clean-BPC    41.73s] node 0 cg=9 phase=phase2 obj=228.114658 artificial=0.0 cols=2187
[clean-BPC    45.07s] node 0 cg=9 phase=phase2 kind=heuristic best_rc=0.0 found=0 added=0 exhausted=False cert=False
[clean-BPC    53.48s] node 0 cg=9 phase=phase2 kind=exact best_rc=0.0 found=0 added=0 exhausted=True cert=True
[clean-BPC    53.97s] cut_added family=crossing_cut node=0 added=5 upgraded=0 first={'id': 2, 'tasks': [2, 3, 8, 20], 'demand': 10.0, 'capacity_bound': 2, 'resource_bound': 1, 'k_bound': 2, 'rhs': 4.0, 'source': 'capacity', 'violation': 0.666666667, 'action': 'add'}
[clean-BPC    54.11s] node 0 cg=10 phase=phase2 obj=228.223964 artificial=0.0 cols=2187
[clean-BPC    57.87s] node 0 cg=10 phase=phase2 kind=heuristic best_rc=-0.686099333 found=134 added=134 exhausted=False cert=False
[clean-BPC    58.02s] node 0 cg=11 phase=phase2 obj=228.22371 artificial=0.0 cols=2321
[clean-BPC    61.64s] node 0 cg=11 phase=phase2 kind=heuristic best_rc=0.0 found=0 added=0 exhausted=False cert=False
[clean-BPC    71.70s] node 0 cg=11 phase=phase2 kind=exact best_rc=0.0 found=0 added=0 exhausted=True cert=True
[clean-BPC    72.92s] cut_added family=crossing_cut node=0 added=3 upgraded=0 first={'id': 7, 'tasks': [9, 11, 14, 17], 'demand': 10.0, 'capacity_bound': 2, 'resource_bound': 1, 'k_bound': 2, 'rhs': 4.0, 'source': 'capacity', 'violation': 0.526315789, 'action': 'add'}
[clean-BPC    73.10s] node 0 cg=12 phase=phase2 obj=228.39887 artificial=0.0 cols=2321
[clean-BPC    76.77s] node 0 cg=12 phase=phase2 kind=heuristic best_rc=-0.200393 found=2 added=2 exhausted=False cert=False
[clean-BPC    76.94s] node 0 cg=13 phase=phase2 obj=228.39887 artificial=0.0 cols=2323
[clean-BPC    80.71s] node 0 cg=13 phase=phase2 kind=heuristic best_rc=-0.0 found=0 added=0 exhausted=False cert=False
[clean-BPC    93.02s] node 0 cg=13 phase=phase2 kind=exact best_rc=-0.0 found=0 added=0 exhausted=True cert=True
[clean-BPC    93.03s] subset-row diag node 0 round=1 cand=134 k=2 dup=0 not_viol=260 violated=8 added=8 max_viol=0.3333333333333335
[clean-BPC    93.03s] cut_added family=subset_row node=0 added=8 first(|S|=5, k=2, viol=0.333333333)
[clean-BPC    93.23s] node 0 cg=14 phase=phase2 obj=228.457003 artificial=0.0 cols=2323
[clean-BPC    97.09s] node 0 cg=14 phase=phase2 kind=heuristic best_rc=-0.730043 found=13 added=13 exhausted=False cert=False
[clean-BPC    97.29s] node 0 cg=15 phase=phase2 obj=228.457003 artificial=0.0 cols=2336
[clean-BPC   101.27s] node 0 cg=15 phase=phase2 kind=heuristic best_rc=-0.84548175 found=26 added=26 exhausted=False cert=False
[clean-BPC   101.48s] node 0 cg=16 phase=phase2 obj=228.457003 artificial=0.0 cols=2362
[clean-BPC   105.31s] node 0 cg=16 phase=phase2 kind=heuristic best_rc=-0.157392 found=2 added=2 exhausted=False cert=False
[clean-BPC   105.51s] node 0 cg=17 phase=phase2 obj=228.457003 artificial=0.0 cols=2364
[clean-BPC   109.33s] node 0 cg=17 phase=phase2 kind=heuristic best_rc=0.0 found=0 added=0 exhausted=False cert=False
[clean-BPC   122.12s] node 0 cg=17 phase=phase2 kind=exact best_rc=-0.027135 found=2 added=2 exhausted=True cert=True
[clean-BPC   122.35s] node 0 cg=18 phase=phase2 obj=228.457003 artificial=0.0 cols=2366
[clean-BPC   126.22s] node 0 cg=18 phase=phase2 kind=heuristic best_rc=-0.0 found=0 added=0 exhausted=False cert=False
[clean-BPC   138.47s] node 0 cg=18 phase=phase2 kind=exact best_rc=-0.0 found=0 added=0 exhausted=True cert=True
[clean-BPC   138.47s] subset-row diag node 0 round=2 cand=75 k=2 dup=4 not_viol=145 violated=1 added=1 max_viol=0.3333333333333335
[clean-BPC   138.47s] cut_added family=subset_row node=0 added=1 first(|S|=5, k=2, viol=0.333333333)
[clean-BPC   138.68s] node 0 cg=19 phase=phase2 obj=228.513918 artificial=0.0 cols=2366
[clean-BPC   142.77s] node 0 cg=19 phase=phase2 kind=heuristic best_rc=-0.0 found=0 added=0 exhausted=False cert=False
[clean-BPC   156.53s] node 0 cg=19 phase=phase2 kind=exact best_rc=-0.0 found=0 added=0 exhausted=True cert=True
[clean-BPC   156.53s] subset-row diag node 0 round=3 cand=128 k=2 dup=8 not_viol=240 violated=8 added=8 max_viol=0.16666666666666696
[clean-BPC   156.53s] cut_added family=subset_row node=0 added=8 first(|S|=7, k=2, viol=0.166666667)
[clean-BPC   156.84s] node 0 cg=20 phase=phase2 obj=228.765777 artificial=0.0 cols=2366
[clean-BPC   161.20s] node 0 cg=20 phase=phase2 kind=heuristic best_rc=-0.346175 found=24 added=24 exhausted=False cert=False
[clean-BPC   161.45s] node 0 cg=21 phase=phase2 obj=228.655122 artificial=0.0 cols=2390
[clean-BPC   165.69s] node 0 cg=21 phase=phase2 kind=heuristic best_rc=0.0 found=0 added=0 exhausted=False cert=False
[clean-BPC   178.77s] node 0 cg=21 phase=phase2 kind=exact best_rc=-0.0 found=0 added=0 exhausted=True cert=True
[clean-BPC   178.79s] route-pack diag node 0 round=1 vehicles=1/2 support_max=9 cand=18 oracle=18 incomplete=0 not_tight=5 not_viol=11 dup=0 violated=2 added=2 max_viol=0.3333333333333339 states_max=1577
[clean-BPC   178.79s] cut_added family=schedule_route_set_packing node=0 added=2 first(vehicle=1, routes=8, U=4, y=1.0, viol=0.333333333, states=778)
[clean-BPC   179.03s] node 0 cg=22 phase=phase2 obj=228.655122 artificial=0.0 cols=2390
[clean-BPC   183.09s] node 0 cg=22 phase=phase2 kind=heuristic best_rc=0.0 found=0 added=0 exhausted=False cert=False
[clean-BPC   195.22s] node 0 cg=22 phase=phase2 kind=exact best_rc=0.0 found=0 added=0 exhausted=True cert=True
[clean-BPC   195.25s] route-pack diag node 0 round=2 vehicles=2/2 support_max=9 cand=34 oracle=34 incomplete=0 not_tight=8 not_viol=24 dup=0 violated=2 added=2 max_viol=0.16666666666666652 states_max=1461
[clean-BPC   195.25s] cut_added family=schedule_route_set_packing node=0 added=2 first(vehicle=1, routes=8, U=4, y=0.5, viol=0.166666667, states=705)
[clean-BPC   195.49s] node 0 cg=23 phase=phase2 obj=228.655122 artificial=0.0 cols=2390
[clean-BPC   199.60s] node 0 cg=23 phase=phase2 kind=heuristic best_rc=-0.0 found=0 added=0 exhausted=False cert=False
[clean-BPC   212.39s] node 0 cg=23 phase=phase2 kind=exact best_rc=-0.0 found=0 added=0 exhausted=True cert=True
[clean-BPC   212.40s] node 0 schedule-cap candidates={'1': 335, '2': 343}
[clean-BPC   224.60s] schedule-cap diag node 0 round=1 vehicles=2/2 cand=678 oracle=678 incomplete=0 not_tight=678 not_viol=0 dup=0 violated=0 added=0 max_viol=0.0 states_max=93409
[clean-BPC   245.30s] route-pack-conflict diag node 0 source_vehicle=1 routes=5 U=4 complete=True cache_hit=False states=106 added=0
[clean-BPC   246.75s] route-pack-conflict diag node 0 source_vehicle=1 routes=5 U=4 complete=True cache_hit=False states=103 added=0
[clean-BPC   248.19s] route-pack-conflict diag node 0 source_vehicle=1 routes=5 U=3 complete=True cache_hit=False states=87 added=2
[clean-BPC   248.19s] cut_added family=schedule_route_set_packing node=0 added=2 source=schedule_conflict first(vehicle=1, routes=5, U=3, states=87, cache_hit=False)
[clean-BPC   248.20s] route-pack-conflict diag node 0 source_vehicle=1 routes=5 U=4 complete=True cache_hit=False states=104 added=0
[clean-BPC   250.29s] route-pack-conflict diag node 0 source_vehicle=1 routes=5 U=4 complete=True cache_hit=False states=113 added=0
[clean-BPC   252.38s] route-pack-conflict diag node 0 source_vehicle=1 routes=5 U=4 complete=True cache_hit=False states=107 added=0
[clean-BPC   254.46s] route-pack-conflict diag node 0 source_vehicle=1 routes=5 U=4 complete=True cache_hit=False states=113 added=0
[clean-BPC   256.55s] route-pack-conflict diag node 0 source_vehicle=1 routes=5 U=3 complete=True cache_hit=False states=99 added=2
[clean-BPC   256.55s] cut_added family=schedule_route_set_packing node=0 added=2 source=schedule_conflict first(vehicle=1, routes=5, U=3, states=99, cache_hit=False)
[clean-BPC   260.73s] rim-conflict diag node 0 conflicts=10 pair_events=0 pair_cuts=0 schedcap_events=0 schedcap_cuts=0 routepack_events=8 routepack_cuts=4 routepack_cache=0 routepack_states_max=113 routepack_budget_skip=2 nogood_events=0 nogood_cuts=0 weak_skip=8
[clean-BPC    20.69s] restricted-MIP node 0 status=TIME_LIMIT obj=None accepted=False routes=2390 rejected=10 pair=0 ng=16 route_pack=4 sched_cap=0 added_cuts=4 time=20.686943
[clean-BPC   260.73s] node 0 d=0 lb=228.655122 open=0
[clean-BPC   260.96s] node 0 cg=1 phase=phase1 obj=0.0 artificial=0.0 cols=2390
[clean-BPC   261.20s] node 0 cg=2 phase=phase2 obj=228.655122 artificial=0.0 cols=2390
[clean-BPC   265.25s] node 0 cg=2 phase=phase2 kind=heuristic best_rc=-0.002625 found=2 added=2 exhausted=False cert=False
[clean-BPC   265.49s] node 0 cg=3 phase=phase2 obj=228.655122 artificial=0.0 cols=2392
[clean-BPC   269.65s] node 0 cg=3 phase=phase2 kind=heuristic best_rc=-0.021752 found=2 added=2 exhausted=False cert=False
[clean-BPC   269.88s] node 0 cg=4 phase=phase2 obj=228.655122 artificial=0.0 cols=2394
[clean-BPC   273.92s] node 0 cg=4 phase=phase2 kind=heuristic best_rc=0.0 found=0 added=0 exhausted=False cert=False
[clean-BPC   286.53s] node 0 cg=4 phase=phase2 kind=exact best_rc=0.0 found=0 added=0 exhausted=True cert=True
[clean-BPC   286.54s] node 0 schedule-cap candidates={'1': 338, '2': 343}
[clean-BPC   326.49s] schedule-cap diag node 0 round=1 vehicles=2/2 cand=681 oracle=681 incomplete=0 not_tight=681 not_viol=0 dup=0 violated=0 added=0 max_viol=0.0 states_max=104311
[clean-BPC   346.50s] route-pack-conflict diag node 0 source_vehicle=1 routes=5 U=4 complete=True cache_hit=False states=116 added=0
[clean-BPC   348.57s] route-pack-conflict diag node 0 source_vehicle=1 routes=5 U=4 complete=True cache_hit=False states=108 added=0
[clean-BPC   350.64s] route-pack-conflict diag node 0 source_vehicle=1 routes=5 U=4 complete=True cache_hit=False states=111 added=0
[clean-BPC   352.71s] route-pack-conflict diag node 0 source_vehicle=1 routes=5 U=4 complete=True cache_hit=False states=111 added=0
[clean-BPC   354.78s] route-pack-conflict diag node 0 source_vehicle=1 routes=5 U=4 complete=True cache_hit=False states=102 added=0
[clean-BPC   356.86s] route-pack-conflict diag node 0 source_vehicle=1 routes=5 U=4 complete=True cache_hit=False states=101 added=0
[clean-BPC   357.53s] route-pack-conflict diag node 0 source_vehicle=1 routes=5 U=4 complete=True cache_hit=False states=107 added=0
[clean-BPC   359.60s] route-pack-conflict diag node 0 source_vehicle=1 routes=5 U=4 complete=True cache_hit=False states=111 added=0
[clean-BPC   361.66s] rim-conflict diag node 0 conflicts=8 pair_events=0 pair_cuts=0 schedcap_events=0 schedcap_cuts=0 routepack_events=8 routepack_cuts=0 routepack_cache=0 routepack_states_max=116 routepack_budget_skip=0 nogood_events=0 nogood_cuts=0 weak_skip=8
[clean-BPC    20.00s] restricted-MIP node 0 status=TIME_LIMIT obj=None accepted=False routes=2394 rejected=8 pair=0 ng=16 route_pack=0 sched_cap=0 added_cuts=0 time=20.00012
[clean-BPC   365.85s] branch node 0: left=arc(16,15)=off right=arc(16,15)=on
[clean-BPC   365.85s] node 1 d=1 lb=228.655122 open=1
[clean-BPC   366.06s] node 1 cg=1 phase=phase1 obj=0.0 artificial=0.0 cols=2394
[clean-BPC   366.27s] node 1 cg=2 phase=phase2 obj=228.655122 artificial=0.0 cols=2394
[clean-BPC   370.33s] node 1 cg=2 phase=phase2 kind=heuristic best_rc=-0.0 found=0 added=0 exhausted=False cert=False
[clean-BPC   383.07s] node 1 cg=2 phase=phase2 kind=heuristic_boost best_rc=-0.0 found=0 added=0 exhausted=True cert=True
[clean-BPC   383.08s] route-pack diag node 1 round=1 vehicles=1/2 support_max=9 cand=16 oracle=16 incomplete=0 not_tight=5 not_viol=10 dup=0 violated=1 added=1 max_viol=0.33333333333333304 states_max=1532
[clean-BPC   383.08s] cut_added family=schedule_route_set_packing node=1 added=1 first(vehicle=1, routes=8, U=4, y=1.0, viol=0.333333333, states=758)
[clean-BPC   383.29s] node 1 cg=3 phase=phase2 obj=228.655122 artificial=0.0 cols=2394
[clean-BPC   387.38s] node 1 cg=3 phase=phase2 kind=heuristic best_rc=0.0 found=0 added=0 exhausted=False cert=False
[clean-BPC   400.20s] node 1 cg=3 phase=phase2 kind=heuristic_boost best_rc=0.0 found=0 added=0 exhausted=True cert=True
[clean-BPC   400.21s] route-pack diag node 1 round=2 vehicles=1/2 support_max=9 cand=16 oracle=16 incomplete=0 not_tight=5 not_viol=10 dup=0 violated=1 added=1 max_viol=0.3333333333333348 states_max=1495
[clean-BPC   400.21s] cut_added family=schedule_route_set_packing node=1 added=1 first(vehicle=1, routes=8, U=4, y=1.0, viol=0.333333333, states=730)
[clean-BPC   400.42s] node 1 cg=4 phase=phase2 obj=228.655122 artificial=0.0 cols=2394
[clean-BPC   400.42s] cut_purged node=1 removed=3 by_kind={'crossing_cut': 3} remaining=34
[clean-BPC   400.61s] node 1 cg=5 phase=phase2 obj=228.655122 artificial=0.0 cols=2394
[clean-BPC   404.59s] node 1 cg=5 phase=phase2 kind=heuristic best_rc=-0.082775 found=2 added=2 exhausted=False cert=False
[clean-BPC   404.78s] node 1 cg=6 phase=phase2 obj=228.655122 artificial=0.0 cols=2396
[clean-BPC   408.75s] node 1 cg=6 phase=phase2 kind=heuristic best_rc=-0.0 found=0 added=0 exhausted=False cert=False
[clean-BPC   421.12s] node 1 cg=6 phase=phase2 kind=heuristic_boost best_rc=-0.0 found=0 added=0 exhausted=True cert=True
[clean-BPC   441.14s] route-pack-conflict diag node 1 source_vehicle=1 routes=5 U=4 complete=True cache_hit=False states=108 added=0
[clean-BPC   443.28s] route-pack-conflict diag node 1 source_vehicle=1 routes=5 U=4 complete=True cache_hit=True states=111 added=0
[clean-BPC   445.40s] route-pack-conflict diag node 1 source_vehicle=1 routes=5 U=4 complete=True cache_hit=False states=106 added=0
[clean-BPC   446.85s] cut_added family=schedule_nogood_core node=1 added=1 source_vehicle=1 route_count=3 signatures=[[9, 11, 13, 12, 7], [18, 15, 16, 19, 4], [1, 3, 20, 5]]
[clean-BPC   446.85s] route-pack-conflict diag node 1 source_vehicle=1 routes=5 U=4 complete=True cache_hit=False states=98 added=0
[clean-BPC   448.95s] route-pack-conflict diag node 1 source_vehicle=1 routes=5 U=3 complete=True cache_hit=False states=93 added=2
[clean-BPC   448.95s] cut_added family=schedule_route_set_packing node=1 added=2 source=schedule_conflict first(vehicle=1, routes=5, U=3, states=93, cache_hit=False)
[clean-BPC   448.96s] route-pack-conflict diag node 1 source_vehicle=1 routes=5 U=4 complete=True cache_hit=False states=102 added=0
[clean-BPC   451.10s] route-pack-conflict diag node 1 source_vehicle=1 routes=5 U=4 complete=True cache_hit=False states=104 added=0
[clean-BPC   451.76s] route-pack-conflict diag node 1 source_vehicle=1 routes=5 U=4 complete=True cache_hit=True states=101 added=0
[clean-BPC   452.44s] route-pack-conflict diag node 1 source_vehicle=1 routes=5 U=4 complete=True cache_hit=False states=92 added=0
[clean-BPC   453.12s] route-pack-conflict diag node 1 source_vehicle=1 routes=5 U=4 complete=True cache_hit=False states=95 added=0
[clean-BPC   453.79s] route-pack-conflict diag node 1 source_vehicle=1 routes=5 U=4 complete=True cache_hit=False states=97 added=0
[clean-BPC   455.25s] route-pack-conflict diag node 1 source_vehicle=1 routes=6 U=4 complete=True cache_hit=False states=302 added=2
[clean-BPC   455.25s] cut_added family=schedule_route_set_packing node=1 added=2 source=schedule_conflict first(vehicle=1, routes=6, U=4, states=302, cache_hit=False)
[clean-BPC   455.25s] rim-conflict diag node 1 conflicts=12 pair_events=0 pair_cuts=0 schedcap_events=0 schedcap_cuts=0 routepack_events=12 routepack_cuts=4 routepack_cache=2 routepack_states_max=302 routepack_budget_skip=0 nogood_events=1 nogood_cuts=1 weak_skip=9
[clean-BPC    20.01s] restricted-MIP node 1 status=TIME_LIMIT obj=None accepted=False routes=2396 rejected=12 pair=0 ng=20 route_pack=4 sched_cap=0 added_cuts=5 time=20.013303
[clean-BPC   455.25s] node 2 d=1 lb=228.655122 open=1
[clean-BPC   455.46s] node 2 cg=1 phase=phase1 obj=0.0 artificial=0.0 cols=2396
[clean-BPC   455.69s] node 2 cg=2 phase=phase2 obj=228.655122 artificial=0.0 cols=2396
[clean-BPC   459.87s] node 2 cg=2 phase=phase2 kind=heuristic best_rc=-0.235755 found=10 added=10 exhausted=False cert=False
[clean-BPC   460.11s] node 2 cg=3 phase=phase2 obj=228.655122 artificial=0.0 cols=2406
[clean-BPC   464.49s] node 2 cg=3 phase=phase2 kind=heuristic best_rc=-0.0 found=0 added=0 exhausted=False cert=False
[clean-BPC   478.27s] node 2 cg=3 phase=phase2 kind=heuristic_boost best_rc=-0.0 found=0 added=0 exhausted=True cert=True
[clean-BPC   478.29s] route-pack diag node 2 round=1 vehicles=1/2 support_max=9 cand=19 oracle=19 incomplete=0 not_tight=5 not_viol=13 dup=0 violated=1 added=1 max_viol=0.3333333333333357 states_max=1489
[clean-BPC   478.29s] cut_added family=schedule_route_set_packing node=2 added=1 first(vehicle=1, routes=8, U=4, y=1.0, viol=0.333333333, states=736)
[clean-BPC   478.54s] node 2 cg=4 phase=phase2 obj=228.655122 artificial=0.0 cols=2406
[clean-BPC   482.66s] node 2 cg=4 phase=phase2 kind=heuristic best_rc=-0.169538 found=8 added=8 exhausted=False cert=False
[clean-BPC   482.90s] node 2 cg=5 phase=phase2 obj=228.655122 artificial=0.0 cols=2414
[clean-BPC   487.12s] node 2 cg=5 phase=phase2 kind=heuristic best_rc=-0.0 found=0 added=0 exhausted=False cert=False
[clean-BPC   501.67s] node 2 cg=5 phase=phase2 kind=heuristic_boost best_rc=-0.0 found=0 added=0 exhausted=True cert=True
[clean-BPC   501.71s] route-pack diag node 2 round=2 vehicles=2/2 support_max=10 cand=38 oracle=38 incomplete=0 not_tight=10 not_viol=26 dup=0 violated=2 added=2 max_viol=0.16666666666666652 states_max=2850
[clean-BPC   501.71s] cut_added family=schedule_route_set_packing node=2 added=2 first(vehicle=1, routes=9, U=4, y=0.5, viol=0.166666667, states=1476)
[clean-BPC   501.94s] node 2 cg=6 phase=phase2 obj=228.655122 artificial=0.0 cols=2414
[clean-BPC   506.14s] node 2 cg=6 phase=phase2 kind=heuristic best_rc=-0.0 found=0 added=0 exhausted=False cert=False
[clean-BPC   520.55s] node 2 cg=6 phase=phase2 kind=heuristic_boost best_rc=-0.0 found=0 added=0 exhausted=True cert=True
[clean-BPC   540.93s] route-pack-conflict diag node 2 source_vehicle=1 routes=5 U=4 complete=True cache_hit=False states=109 added=0
[clean-BPC   541.64s] route-pack-conflict diag node 2 source_vehicle=1 routes=5 U=4 complete=True cache_hit=True states=113 added=0
[clean-BPC   543.76s] route-pack-conflict diag node 2 source_vehicle=1 routes=5 U=4 complete=True cache_hit=True states=111 added=0
[clean-BPC   545.88s] route-pack-conflict diag node 2 source_vehicle=1 routes=5 U=4 complete=True cache_hit=True states=107 added=0
[clean-BPC   548.00s] route-pack-conflict diag node 2 source_vehicle=1 routes=5 U=4 complete=True cache_hit=True states=102 added=0
[clean-BPC   550.12s] route-pack-conflict diag node 2 source_vehicle=1 routes=5 U=4 complete=True cache_hit=True states=111 added=0
[clean-BPC   552.24s] route-pack-conflict diag node 2 source_vehicle=1 routes=5 U=4 complete=True cache_hit=False states=116 added=0
[clean-BPC   554.38s] route-pack-conflict diag node 2 source_vehicle=1 routes=5 U=3 complete=True cache_hit=False states=104 added=2
[clean-BPC   554.38s] cut_added family=schedule_route_set_packing node=2 added=2 source=schedule_conflict first(vehicle=1, routes=5, U=3, states=104, cache_hit=False)
[clean-BPC   554.38s] route-pack-conflict diag node 2 source_vehicle=1 routes=5 U=4 complete=True cache_hit=False states=106 added=0
[clean-BPC   555.05s] route-pack-conflict diag node 2 source_vehicle=1 routes=5 U=4 complete=True cache_hit=False states=98 added=0
[clean-BPC   555.73s] route-pack-conflict diag node 2 source_vehicle=1 routes=5 U=3 complete=True cache_hit=False states=95 added=2
[clean-BPC   555.73s] cut_added family=schedule_route_set_packing node=2 added=2 source=schedule_conflict first(vehicle=1, routes=5, U=3, states=95, cache_hit=False)
[clean-BPC   556.41s] rim-conflict diag node 2 conflicts=12 pair_events=0 pair_cuts=0 schedcap_events=0 schedcap_cuts=0 routepack_events=11 routepack_cuts=4 routepack_cache=5 routepack_states_max=116 routepack_budget_skip=1 nogood_events=0 nogood_cuts=0 weak_skip=10
[clean-BPC    20.36s] restricted-MIP node 2 status=TIME_LIMIT obj=None accepted=False routes=2414 rejected=12 pair=0 ng=20 route_pack=4 sched_cap=0 added_cuts=4 time=20.359902
[clean-BPC   556.41s] node 1 d=1 lb=228.655122 open=1
[clean-BPC   556.60s] node 1 cg=1 phase=phase1 obj=0.0 artificial=0.0 cols=2414
[clean-BPC   556.79s] node 1 cg=2 phase=phase2 obj=228.655122 artificial=0.0 cols=2414
[clean-BPC   560.99s] node 1 cg=2 phase=phase2 kind=heuristic best_rc=-0.116791333 found=4 added=4 exhausted=False cert=False
[clean-BPC   561.20s] node 1 cg=3 phase=phase2 obj=228.655122 artificial=0.0 cols=2418
[clean-BPC   565.52s] node 1 cg=3 phase=phase2 kind=heuristic best_rc=-0.236434 found=6 added=6 exhausted=False cert=False
[clean-BPC   565.73s] node 1 cg=4 phase=phase2 obj=228.655122 artificial=0.0 cols=2424
[clean-BPC   570.12s] node 1 cg=4 phase=phase2 kind=heuristic best_rc=-0.0 found=0 added=0 exhausted=False cert=False
[clean-BPC   585.18s] node 1 cg=4 phase=phase2 kind=heuristic_boost best_rc=-0.0 found=0 added=0 exhausted=True cert=True
[clean-BPC   605.20s] route-pack-conflict diag node 1 source_vehicle=1 routes=5 U=3 complete=True cache_hit=False states=96 added=2
[clean-BPC   605.20s] cut_added family=schedule_route_set_packing node=1 added=2 source=schedule_conflict first(vehicle=1, routes=5, U=3, states=96, cache_hit=False)
[clean-BPC   605.20s] route-pack-conflict diag node 1 source_vehicle=1 routes=5 U=4 complete=True cache_hit=True states=108 added=0
[clean-BPC   607.34s] route-pack-conflict diag node 1 source_vehicle=1 routes=5 U=4 complete=True cache_hit=False states=111 added=0
[clean-BPC   609.52s] route-pack-conflict diag node 1 source_vehicle=1 routes=5 U=4 complete=True cache_hit=True states=92 added=0
[clean-BPC   610.20s] route-pack-conflict diag node 1 source_vehicle=1 routes=5 U=4 complete=True cache_hit=False states=101 added=0
[clean-BPC   612.31s] route-pack-conflict diag node 1 source_vehicle=1 routes=5 U=4 complete=True cache_hit=False states=104 added=0
[clean-BPC   612.97s] route-pack-conflict diag node 1 source_vehicle=1 routes=5 U=4 complete=True cache_hit=True states=101 added=0
[clean-BPC   613.65s] route-pack-conflict diag node 1 source_vehicle=1 routes=5 U=4 complete=True cache_hit=True states=95 added=0
[clean-BPC   614.33s] route-pack-conflict diag node 1 source_vehicle=1 routes=5 U=4 complete=True cache_hit=True states=102 added=0
[clean-BPC   616.43s] route-pack-conflict diag node 1 source_vehicle=1 routes=5 U=4 complete=True cache_hit=True states=97 added=0
[clean-BPC   617.91s] route-pack-conflict diag node 1 source_vehicle=1 routes=5 U=4 complete=True cache_hit=False states=98 added=0
[clean-BPC   618.36s] route-pack-conflict diag node 1 source_vehicle=1 routes=6 U=4 complete=True cache_hit=False states=266 added=2
[clean-BPC   618.36s] cut_added family=schedule_route_set_packing node=1 added=2 source=schedule_conflict first(vehicle=1, routes=6, U=4, states=266, cache_hit=False)
[clean-BPC   618.36s] rim-conflict diag node 1 conflicts=12 pair_events=0 pair_cuts=0 schedcap_events=0 schedcap_cuts=0 routepack_events=12 routepack_cuts=4 routepack_cache=6 routepack_states_max=266 routepack_budget_skip=0 nogood_events=0 nogood_cuts=0 weak_skip=10
[clean-BPC    20.01s] restricted-MIP node 1 status=TIME_LIMIT obj=None accepted=False routes=2424 rejected=12 pair=0 ng=20 route_pack=4 sched_cap=0 added_cuts=4 time=20.013865
[clean-BPC   618.36s] node 2 d=1 lb=228.655122 open=1
[clean-BPC   618.58s] node 2 cg=1 phase=phase1 obj=0.0 artificial=0.0 cols=2424
[clean-BPC   618.83s] node 2 cg=2 phase=phase2 obj=228.655122 artificial=0.0 cols=2424
[clean-BPC   618.83s] cut_purged node=2 removed=1 by_kind={'subset_row': 1} remaining=49
[clean-BPC   619.06s] node 2 cg=3 phase=phase2 obj=228.655122 artificial=0.0 cols=2424
[clean-BPC   623.33s] node 2 cg=3 phase=phase2 kind=heuristic best_rc=-0.0 found=0 added=0 exhausted=False cert=False
[clean-BPC   637.79s] node 2 cg=3 phase=phase2 kind=heuristic_boost best_rc=-0.0 found=0 added=0 exhausted=True cert=True
[clean-BPC   658.92s] route-pack-conflict diag node 2 source_vehicle=1 routes=5 U=4 complete=True cache_hit=True states=116 added=0
[clean-BPC   661.05s] route-pack-conflict diag node 2 source_vehicle=1 routes=5 U=4 complete=True cache_hit=True states=107 added=0
[clean-BPC   663.15s] route-pack-conflict diag node 2 source_vehicle=1 routes=5 U=4 complete=True cache_hit=False states=104 added=0
[clean-BPC   665.27s] route-pack-conflict diag node 2 source_vehicle=1 routes=5 U=4 complete=True cache_hit=True states=116 added=0
[clean-BPC   667.39s] route-pack-conflict diag node 2 source_vehicle=1 routes=5 U=4 complete=True cache_hit=True states=102 added=0
[clean-BPC   669.50s] route-pack-conflict diag node 2 source_vehicle=1 routes=5 U=4 complete=True cache_hit=True states=106 added=0
[clean-BPC   670.17s] route-pack-conflict diag node 2 source_vehicle=1 routes=5 U=4 complete=True cache_hit=True states=109 added=0
[clean-BPC   670.85s] route-pack-conflict diag node 2 source_vehicle=1 routes=5 U=4 complete=True cache_hit=False states=98 added=0
[clean-BPC   671.51s] route-pack-conflict diag node 2 source_vehicle=1 routes=5 U=4 complete=True cache_hit=True states=111 added=0
[clean-BPC   673.62s] route-pack-conflict diag node 2 source_vehicle=1 routes=5 U=4 complete=True cache_hit=False states=100 added=0
[clean-BPC   674.30s] route-pack-conflict diag node 2 source_vehicle=1 routes=5 U=4 complete=True cache_hit=False states=119 added=0
[clean-BPC   675.44s] rim-conflict diag node 2 conflicts=11 pair_events=0 pair_cuts=0 schedcap_events=0 schedcap_cuts=0 routepack_events=11 routepack_cuts=0 routepack_cache=7 routepack_states_max=119 routepack_budget_skip=0 nogood_events=0 nogood_cuts=0 weak_skip=11
[clean-BPC    21.14s] restricted-MIP node 2 status=TIME_LIMIT obj=None accepted=False routes=2424 rejected=11 pair=0 ng=22 route_pack=0 sched_cap=0 added_cuts=0 time=21.136297
[clean-BPC   680.32s] branch node 2: left=RF(1,2)=separate right=RF(1,2)=same
[clean-BPC   680.32s] node 1 d=1 lb=228.655122 open=2
[clean-BPC   680.52s] node 1 cg=1 phase=phase1 obj=0.0 artificial=0.0 cols=2424
[clean-BPC   680.74s] node 1 cg=2 phase=phase2 obj=228.655122 artificial=0.0 cols=2424
[clean-BPC   685.27s] node 1 cg=2 phase=phase2 kind=heuristic best_rc=0.0 found=0 added=0 exhausted=False cert=False
[clean-BPC   699.27s] node 1 cg=2 phase=phase2 kind=heuristic_boost best_rc=0.0 found=0 added=0 exhausted=True cert=True
[clean-BPC   719.28s] route-pack-conflict diag node 1 source_vehicle=1 routes=5 U=4 complete=True cache_hit=True states=102 added=0
[clean-BPC   721.40s] route-pack-conflict diag node 1 source_vehicle=1 routes=5 U=4 complete=True cache_hit=True states=111 added=0
[clean-BPC   723.53s] route-pack-conflict diag node 1 source_vehicle=1 routes=5 U=4 complete=True cache_hit=True states=108 added=0
[clean-BPC   725.67s] route-pack-conflict diag node 1 source_vehicle=1 routes=5 U=4 complete=True cache_hit=True states=101 added=0
[clean-BPC   727.82s] route-pack-conflict diag node 1 source_vehicle=1 routes=5 U=4 complete=True cache_hit=True states=104 added=0
[clean-BPC   728.50s] route-pack-conflict diag node 1 source_vehicle=1 routes=5 U=4 complete=True cache_hit=True states=92 added=0
[clean-BPC   729.17s] route-pack-conflict diag node 1 source_vehicle=1 routes=5 U=4 complete=True cache_hit=True states=97 added=0
[clean-BPC   730.65s] route-pack-conflict diag node 1 source_vehicle=1 routes=5 U=4 complete=True cache_hit=True states=101 added=0
[clean-BPC   731.32s] route-pack-conflict diag node 1 source_vehicle=1 routes=5 U=4 complete=True cache_hit=True states=95 added=0
[clean-BPC   732.01s] route-pack-conflict diag node 1 source_vehicle=1 routes=5 U=4 complete=True cache_hit=False states=107 added=0
[clean-BPC   732.46s] rim-conflict diag node 1 conflicts=10 pair_events=0 pair_cuts=0 schedcap_events=0 schedcap_cuts=0 routepack_events=10 routepack_cuts=0 routepack_cache=9 routepack_states_max=111 routepack_budget_skip=0 nogood_events=0 nogood_cuts=0 weak_skip=10
[clean-BPC    20.00s] restricted-MIP node 1 status=TIME_LIMIT obj=None accepted=False routes=2424 rejected=10 pair=0 ng=20 route_pack=0 sched_cap=0 added_cuts=0 time=20.000098
[clean-BPC   739.19s] branch node 1: left=RF(2,3)=separate right=RF(2,3)=same
[clean-BPC   739.19s] node 3 d=2 lb=228.655122 open=3
[clean-BPC   739.41s] node 3 cg=1 phase=phase1 obj=0.0 artificial=0.0 cols=2424
[clean-BPC   739.62s] node 3 cg=2 phase=phase2 obj=228.871068 artificial=0.0 cols=2424
[clean-BPC   743.55s] node 3 cg=2 phase=phase2 kind=heuristic best_rc=-0.122286 found=3 added=3 exhausted=False cert=False
[clean-BPC   743.78s] node 3 cg=3 phase=phase2 obj=228.871068 artificial=0.0 cols=2427
[clean-BPC   747.65s] node 3 cg=3 phase=phase2 kind=heuristic best_rc=-0.163217 found=2 added=2 exhausted=False cert=False
[clean-BPC   747.90s] node 3 cg=4 phase=phase2 obj=228.871068 artificial=0.0 cols=2429
[clean-BPC   751.98s] node 3 cg=4 phase=phase2 kind=heuristic best_rc=-0.2025 found=9 added=9 exhausted=False cert=False
[clean-BPC   752.21s] node 3 cg=5 phase=phase2 obj=228.871068 artificial=0.0 cols=2438
[clean-BPC   752.21s] cut_purged node=3 removed=1 by_kind={'schedule_nogood_core': 1} remaining=48
[clean-BPC   752.44s] node 3 cg=6 phase=phase2 obj=228.871068 artificial=0.0 cols=2438
[clean-BPC   756.50s] node 3 cg=6 phase=phase2 kind=heuristic best_rc=0.052943 found=0 added=0 exhausted=False cert=False
[clean-BPC   769.80s] node 3 cg=6 phase=phase2 kind=heuristic_boost best_rc=0.052943 found=0 added=0 exhausted=True cert=True
[clean-BPC   769.89s] route-pack diag node 3 round=1 vehicles=2/2 support_max=11 cand=47 oracle=47 incomplete=0 not_tight=10 not_viol=30 dup=0 violated=7 added=5 max_viol=0.3333333333333335 states_max=3332
[clean-BPC   769.89s] cut_added family=schedule_route_set_packing node=3 added=5 first(vehicle=1, routes=11, U=4, y=0.5, viol=0.333333333, states=2500)
[clean-BPC   770.13s] node 3 cg=7 phase=phase2 obj=228.871068 artificial=0.0 cols=2438
[clean-BPC   774.28s] node 3 cg=7 phase=phase2 kind=heuristic best_rc=-0.029545 found=2 added=2 exhausted=False cert=False
[clean-BPC   774.52s] node 3 cg=8 phase=phase2 obj=228.871068 artificial=0.0 cols=2440
[clean-BPC   778.72s] node 3 cg=8 phase=phase2 kind=heuristic best_rc=0.163217 found=0 added=0 exhausted=False cert=False
[clean-BPC   792.27s] node 3 cg=8 phase=phase2 kind=heuristic_boost best_rc=0.163217 found=0 added=0 exhausted=True cert=True
[clean-BPC   792.37s] route-pack diag node 3 round=2 vehicles=2/2 support_max=11 cand=49 oracle=49 incomplete=0 not_tight=10 not_viol=27 dup=0 violated=12 added=5 max_viol=0.5000000000000004 states_max=3571
[clean-BPC   792.37s] cut_added family=schedule_route_set_packing node=3 added=5 first(vehicle=2, routes=9, U=3, y=0.5, viol=0.5, states=1163)
[clean-BPC   792.61s] node 3 cg=9 phase=phase2 obj=228.871068 artificial=0.0 cols=2440
[clean-BPC   796.69s] node 3 cg=9 phase=phase2 kind=heuristic best_rc=0.052943 found=0 added=0 exhausted=False cert=False
[clean-BPC   809.86s] node 3 cg=9 phase=phase2 kind=heuristic_boost best_rc=0.052943 found=0 added=0 exhausted=True cert=True
[clean-BPC   809.86s] cut_added family=schedule_incompatibility node=3 added=1 pair=0 clique=1 first(kind=schedule_clique_conflict, vehicle=1, routes=3, U=1.0, y=0.5, viol=0.166666667)
[clean-BPC   810.10s] node 3 cg=10 phase=phase2 obj=228.871068 artificial=0.0 cols=2440
[clean-BPC   814.21s] node 3 cg=10 phase=phase2 kind=heuristic best_rc=0.052943 found=0 added=0 exhausted=False cert=False
[clean-BPC   828.11s] node 3 cg=10 phase=phase2 kind=heuristic_boost best_rc=0.052943 found=0 added=0 exhausted=True cert=True
[clean-BPC   849.22s] route-pack-conflict diag node 3 source_vehicle=1 routes=5 U=4 complete=True cache_hit=True states=116 added=0
[clean-BPC   851.38s] route-pack-conflict diag node 3 source_vehicle=1 routes=5 U=4 complete=True cache_hit=True states=106 added=0
[clean-BPC   852.05s] route-pack-conflict diag node 3 source_vehicle=1 routes=5 U=4 complete=True cache_hit=True states=116 added=0
[clean-BPC   854.18s] route-pack-conflict diag node 3 source_vehicle=1 routes=5 U=4 complete=True cache_hit=True states=107 added=0
[clean-BPC   856.32s] route-pack-conflict diag node 3 source_vehicle=1 routes=5 U=4 complete=True cache_hit=True states=111 added=0
[clean-BPC   858.45s] route-pack-conflict diag node 3 source_vehicle=1 routes=5 U=4 complete=True cache_hit=True states=109 added=0
[clean-BPC   859.12s] route-pack-conflict diag node 3 source_vehicle=1 routes=5 U=4 complete=True cache_hit=True states=100 added=0
[clean-BPC   859.80s] route-pack-conflict diag node 3 source_vehicle=1 routes=5 U=4 complete=True cache_hit=True states=102 added=0
[clean-BPC   861.92s] route-pack-conflict diag node 3 source_vehicle=1 routes=5 U=4 complete=True cache_hit=True states=98 added=0
[clean-BPC   862.60s] route-pack-conflict diag node 3 source_vehicle=1 routes=5 U=4 complete=True cache_hit=True states=104 added=0
[clean-BPC   864.74s] route-pack-conflict diag node 3 source_vehicle=1 routes=5 U=4 complete=True cache_hit=False states=119 added=0
[clean-BPC   865.86s] rim-conflict diag node 3 conflicts=11 pair_events=0 pair_cuts=0 schedcap_events=0 schedcap_cuts=0 routepack_events=11 routepack_cuts=0 routepack_cache=10 routepack_states_max=119 routepack_budget_skip=0 nogood_events=0 nogood_cuts=0 weak_skip=11
[clean-BPC    21.10s] restricted-MIP node 3 status=TIME_LIMIT obj=None accepted=False routes=2440 rejected=11 pair=0 ng=22 route_pack=0 sched_cap=0 added_cuts=0 time=21.103201
[clean-BPC   872.99s] branch node 3: left=task_vehicle(11,2)=off right=task_vehicle(11,2)=on
[clean-BPC   872.99s] node 5 d=2 lb=228.655122 open=4
[clean-BPC   873.19s] node 5 cg=1 phase=phase1 obj=0.0 artificial=0.0 cols=2440
[clean-BPC   873.41s] node 5 cg=2 phase=phase2 obj=228.871068 artificial=0.0 cols=2440
[clean-BPC   877.68s] node 5 cg=2 phase=phase2 kind=heuristic best_rc=-0.0 found=0 added=0 exhausted=False cert=False
[clean-BPC   891.34s] node 5 cg=2 phase=phase2 kind=heuristic_boost best_rc=-0.0 found=0 added=0 exhausted=True cert=True
[clean-BPC   891.44s] route-pack diag node 5 round=1 vehicles=2/2 support_max=11 cand=48 oracle=48 incomplete=0 not_tight=11 not_viol=30 dup=0 violated=7 added=5 max_viol=0.3333333333333335 states_max=3531
[clean-BPC   891.44s] cut_added family=schedule_route_set_packing node=5 added=5 first(vehicle=1, routes=11, U=4, y=0.5, viol=0.333333333, states=3029)
[clean-BPC   891.65s] node 5 cg=3 phase=phase2 obj=228.871068 artificial=0.0 cols=2440
[clean-BPC   895.74s] node 5 cg=3 phase=phase2 kind=heuristic best_rc=-0.0 found=0 added=0 exhausted=False cert=False
[clean-BPC   907.07s] node 5 cg=3 phase=phase2 kind=heuristic_boost best_rc=-0.0 found=0 added=0 exhausted=True cert=True
[clean-BPC   907.18s] route-pack diag node 5 round=2 vehicles=2/2 support_max=11 cand=44 oracle=44 incomplete=0 not_tight=9 not_viol=28 dup=0 violated=7 added=5 max_viol=0.3333333333333335 states_max=3532
[clean-BPC   907.18s] cut_added family=schedule_route_set_packing node=5 added=5 first(vehicle=1, routes=11, U=4, y=0.5, viol=0.333333333, states=3532)
[clean-BPC   907.38s] node 5 cg=4 phase=phase2 obj=228.871068 artificial=0.0 cols=2440
[clean-BPC   911.40s] node 5 cg=4 phase=phase2 kind=heuristic best_rc=-0.0 found=0 added=0 exhausted=False cert=False
[clean-BPC   924.20s] node 5 cg=4 phase=phase2 kind=heuristic_boost best_rc=-0.0 found=0 added=0 exhausted=True cert=True
[clean-BPC   944.25s] route-pack-conflict diag node 5 source_vehicle=1 routes=5 U=4 complete=True cache_hit=True states=111 added=0
[clean-BPC   946.41s] route-pack-conflict diag node 5 source_vehicle=1 routes=5 U=4 complete=True cache_hit=True states=104 added=0
[clean-BPC   947.08s] route-pack-conflict diag node 5 source_vehicle=1 routes=5 U=4 complete=True cache_hit=True states=106 added=0
[clean-BPC   948.54s] route-pack-conflict diag node 5 source_vehicle=1 routes=5 U=4 complete=True cache_hit=True states=92 added=0
[clean-BPC   949.22s] route-pack-conflict diag node 5 source_vehicle=1 routes=5 U=4 complete=True cache_hit=False states=99 added=0
[clean-BPC   951.35s] route-pack-conflict diag node 5 source_vehicle=1 routes=5 U=4 complete=True cache_hit=True states=97 added=0
[clean-BPC   952.82s] route-pack-conflict diag node 5 source_vehicle=1 routes=5 U=4 complete=True cache_hit=True states=108 added=0
[clean-BPC   954.94s] route-pack-conflict diag node 5 source_vehicle=1 routes=5 U=4 complete=True cache_hit=True states=101 added=0
[clean-BPC   957.08s] route-pack-conflict diag node 5 source_vehicle=1 routes=5 U=4 complete=True cache_hit=True states=101 added=0
[clean-BPC   957.75s] route-pack-conflict diag node 5 source_vehicle=1 routes=5 U=4 complete=True cache_hit=True states=95 added=0
[clean-BPC   958.43s] route-pack-conflict diag node 5 source_vehicle=1 routes=5 U=3 complete=True cache_hit=False states=95 added=2
[clean-BPC   958.43s] cut_added family=schedule_route_set_packing node=5 added=2 source=schedule_conflict first(vehicle=1, routes=5, U=3, states=95, cache_hit=False)
[clean-BPC   958.43s] route-pack-conflict diag node 5 source_vehicle=1 routes=5 U=4 complete=True cache_hit=False states=106 added=0
[clean-BPC   958.87s] rim-conflict diag node 5 conflicts=12 pair_events=0 pair_cuts=0 schedcap_events=0 schedcap_cuts=0 routepack_events=12 routepack_cuts=2 routepack_cache=9 routepack_states_max=111 routepack_budget_skip=0 nogood_events=0 nogood_cuts=0 weak_skip=11
[clean-BPC    20.05s] restricted-MIP node 5 status=TIME_LIMIT obj=None accepted=False routes=2440 rejected=12 pair=0 ng=22 route_pack=2 sched_cap=0 added_cuts=2 time=20.054762
[clean-BPC   958.87s] node 6 d=2 lb=228.655122 open=4
[clean-BPC   959.04s] node 6 cg=1 phase=phase1 obj=0.0 artificial=0.0 cols=2440
[clean-BPC   959.19s] node 6 cg=2 phase=phase2 obj=228.849109 artificial=0.0 cols=2440
[clean-BPC   962.70s] node 6 cg=2 phase=phase2 kind=heuristic best_rc=-0.033048167 found=2 added=2 exhausted=False cert=False
[clean-BPC   962.87s] node 6 cg=3 phase=phase2 obj=228.849109 artificial=0.0 cols=2442
[clean-BPC   966.40s] node 6 cg=3 phase=phase2 kind=heuristic best_rc=-0.026165833 found=2 added=2 exhausted=False cert=False
[clean-BPC   966.56s] node 6 cg=4 phase=phase2 obj=228.849109 artificial=0.0 cols=2444
[clean-BPC   970.28s] node 6 cg=4 phase=phase2 kind=heuristic best_rc=-0.0 found=0 added=0 exhausted=False cert=False
[clean-BPC   981.42s] node 6 cg=4 phase=phase2 kind=heuristic_boost best_rc=-0.0 found=0 added=0 exhausted=True cert=True
[clean-BPC   981.44s] route-pack diag node 6 round=1 vehicles=2/2 support_max=8 cand=27 oracle=27 incomplete=0 not_tight=10 not_viol=9 dup=0 violated=8 added=5 max_viol=0.5 states_max=1039
[clean-BPC   981.44s] cut_added family=schedule_route_set_packing node=6 added=5 first(vehicle=1, routes=6, U=3, y=0.5, viol=0.5, states=266)
[clean-BPC   981.61s] node 6 cg=5 phase=phase2 obj=228.849109 artificial=0.0 cols=2444
[clean-BPC   985.35s] node 6 cg=5 phase=phase2 kind=heuristic best_rc=0.0 found=0 added=0 exhausted=False cert=False
[clean-BPC   996.21s] node 6 cg=5 phase=phase2 kind=heuristic_boost best_rc=0.0 found=0 added=0 exhausted=True cert=True
[clean-BPC   996.23s] route-pack diag node 6 round=2 vehicles=2/2 support_max=8 cand=29 oracle=29 incomplete=0 not_tight=9 not_viol=10 dup=0 violated=10 added=5 max_viol=0.666666666666667 states_max=848
[clean-BPC   996.23s] cut_added family=schedule_route_set_packing node=6 added=5 first(vehicle=1, routes=7, U=3, y=0.5, viol=0.666666667, states=342)
[clean-BPC   996.40s] node 6 cg=6 phase=phase2 obj=228.849109 artificial=0.0 cols=2444
[clean-BPC  1000.19s] node 6 cg=6 phase=phase2 kind=heuristic best_rc=-0.249958833 found=2 added=2 exhausted=False cert=False
[clean-BPC  1000.35s] node 6 cg=7 phase=phase2 obj=228.849109 artificial=0.0 cols=2446
[clean-BPC  1004.13s] node 6 cg=7 phase=phase2 kind=heuristic best_rc=-0.022078 found=2 added=2 exhausted=False cert=False
[clean-BPC  1004.31s] node 6 cg=8 phase=phase2 obj=228.849109 artificial=0.0 cols=2448
[clean-BPC  1007.98s] node 6 cg=8 phase=phase2 kind=heuristic best_rc=-0.0 found=0 added=0 exhausted=False cert=False
[clean-BPC  1020.15s] node 6 cg=8 phase=phase2 kind=heuristic_boost best_rc=-0.0 found=0 added=0 exhausted=True cert=True
[clean-BPC  1040.16s] route-pack-conflict diag node 6 source_vehicle=1 routes=5 U=4 complete=True cache_hit=False states=111 added=0
[clean-BPC  1040.46s] route-pack-conflict diag node 6 source_vehicle=1 routes=5 U=4 complete=True cache_hit=False states=112 added=0
[clean-BPC  1041.82s] route-pack-conflict diag node 6 source_vehicle=1 routes=5 U=3 complete=True cache_hit=False states=91 added=2
[clean-BPC  1041.82s] cut_added family=schedule_route_set_packing node=6 added=2 source=schedule_conflict first(vehicle=1, routes=5, U=3, states=91, cache_hit=False)
[clean-BPC  1041.82s] route-pack-conflict diag node 6 source_vehicle=1 routes=5 U=4 complete=True cache_hit=False states=105 added=0
[clean-BPC  1042.13s] route-pack-conflict diag node 6 source_vehicle=1 routes=5 U=4 complete=True cache_hit=False states=99 added=0
[clean-BPC  1042.44s] route-pack-conflict diag node 6 source_vehicle=1 routes=5 U=4 complete=True cache_hit=False states=110 added=0
[clean-BPC  1042.86s] route-pack-conflict diag node 6 source_vehicle=1 routes=5 U=4 complete=True cache_hit=False states=99 added=0
[clean-BPC  1043.17s] route-pack-conflict diag node 6 source_vehicle=1 routes=5 U=4 complete=True cache_hit=False states=111 added=0
[clean-BPC  1043.47s] route-pack-conflict diag node 6 source_vehicle=1 routes=5 U=3 complete=True cache_hit=False states=107 added=2
[clean-BPC  1043.47s] cut_added family=schedule_route_set_packing node=6 added=2 source=schedule_conflict first(vehicle=1, routes=5, U=3, states=107, cache_hit=False)
[clean-BPC  1053.14s] rim-conflict diag node 6 conflicts=20 pair_events=0 pair_cuts=0 schedcap_events=0 schedcap_cuts=0 routepack_events=9 routepack_cuts=4 routepack_cache=0 routepack_states_max=112 routepack_budget_skip=11 nogood_events=0 nogood_cuts=0 weak_skip=18
[clean-BPC    20.00s] restricted-MIP node 6 status=TIME_LIMIT obj=None accepted=False routes=2448 rejected=20 pair=0 ng=32 route_pack=8 sched_cap=0 added_cuts=4 time=20.001379
[clean-BPC  1053.14s] node 4 d=2 lb=228.655122 open=4
[clean-BPC  1053.34s] node 4 cg=1 phase=phase1 obj=0.0 artificial=0.0 cols=2448
[clean-BPC  1053.55s] node 4 cg=2 phase=phase2 obj=228.849109 artificial=0.0 cols=2448
[clean-BPC  1057.17s] node 4 cg=2 phase=phase2 kind=heuristic best_rc=-0.586106 found=22 added=22 exhausted=False cert=False
[clean-BPC  1057.37s] node 4 cg=3 phase=phase2 obj=228.849109 artificial=0.0 cols=2470
[clean-BPC  1060.95s] node 4 cg=3 phase=phase2 kind=heuristic best_rc=-0.243902 found=7 added=7 exhausted=False cert=False
[clean-BPC  1061.16s] node 4 cg=4 phase=phase2 obj=228.849109 artificial=0.0 cols=2477
[clean-BPC  1064.94s] node 4 cg=4 phase=phase2 kind=heuristic best_rc=-0.393512667 found=6 added=6 exhausted=False cert=False
[clean-BPC  1065.15s] node 4 cg=5 phase=phase2 obj=228.849109 artificial=0.0 cols=2483
[clean-BPC  1068.78s] node 4 cg=5 phase=phase2 kind=heuristic best_rc=-0.0 found=0 added=0 exhausted=False cert=False
[clean-BPC  1080.14s] node 4 cg=5 phase=phase2 kind=heuristic_boost best_rc=-0.0 found=0 added=0 exhausted=True cert=True
[clean-BPC  1080.16s] route-pack diag node 4 round=1 vehicles=2/2 support_max=8 cand=29 oracle=29 incomplete=0 not_tight=10 not_viol=11 dup=0 violated=8 added=5 max_viol=0.5 states_max=1030
[clean-BPC  1080.16s] cut_added family=schedule_route_set_packing node=4 added=5 first(vehicle=1, routes=6, U=3, y=0.5, viol=0.5, states=245)
[clean-BPC  1080.36s] node 4 cg=6 phase=phase2 obj=228.849109 artificial=0.0 cols=2483
[clean-BPC  1084.01s] node 4 cg=6 phase=phase2 kind=heuristic best_rc=-0.434779889 found=6 added=6 exhausted=False cert=False
[clean-BPC  1084.21s] node 4 cg=7 phase=phase2 obj=228.849109 artificial=0.0 cols=2489
[clean-BPC  1087.86s] node 4 cg=7 phase=phase2 kind=heuristic best_rc=-0.0 found=0 added=0 exhausted=False cert=False
[clean-BPC  1098.48s] node 4 cg=7 phase=phase2 kind=heuristic_boost best_rc=-0.0 found=0 added=0 exhausted=True cert=True
[clean-BPC  1098.51s] route-pack diag node 4 round=2 vehicles=2/2 support_max=9 cand=33 oracle=33 incomplete=0 not_tight=11 not_viol=19 dup=0 violated=3 added=3 max_viol=0.16666666666666674 states_max=1836
[clean-BPC  1098.51s] cut_added family=schedule_route_set_packing node=4 added=3 first(vehicle=1, routes=5, U=3, y=0.5, viol=0.166666667, states=112)
[clean-BPC  1098.71s] node 4 cg=8 phase=phase2 obj=228.849109 artificial=0.0 cols=2489
[clean-BPC  1102.32s] node 4 cg=8 phase=phase2 kind=heuristic best_rc=0.0 found=0 added=0 exhausted=False cert=False
[clean-BPC  1113.90s] node 4 cg=8 phase=phase2 kind=heuristic_boost best_rc=-0.0 found=0 added=0 exhausted=True cert=True
[clean-BPC  1134.76s] route-pack-conflict diag node 4 source_vehicle=1 routes=5 U=4 complete=True cache_hit=False states=119 added=0
[clean-BPC  1135.97s] route-pack-conflict diag node 4 source_vehicle=1 routes=5 U=4 complete=True cache_hit=False states=112 added=0
[clean-BPC  1137.17s] route-pack-conflict diag node 4 source_vehicle=1 routes=5 U=4 complete=True cache_hit=False states=113 added=0
[clean-BPC  1138.41s] route-pack-conflict diag node 4 source_vehicle=1 routes=5 U=3 complete=True cache_hit=False states=95 added=2
[clean-BPC  1138.41s] cut_added family=schedule_route_set_packing node=4 added=2 source=schedule_conflict first(vehicle=1, routes=5, U=3, states=95, cache_hit=False)
[clean-BPC  1138.42s] route-pack-conflict diag node 4 source_vehicle=1 routes=5 U=4 complete=True cache_hit=False states=120 added=0
[clean-BPC  1139.63s] route-pack-conflict diag node 4 source_vehicle=1 routes=5 U=4 complete=True cache_hit=False states=113 added=0
[clean-BPC  1140.15s] route-pack-conflict diag node 4 source_vehicle=1 routes=5 U=4 complete=True cache_hit=False states=119 added=0
[clean-BPC  1140.66s] route-pack-conflict diag node 4 source_vehicle=1 routes=5 U=3 complete=True cache_hit=False states=118 added=2
[clean-BPC  1140.66s] cut_added family=schedule_route_set_packing node=4 added=2 source=schedule_conflict first(vehicle=1, routes=5, U=3, states=118, cache_hit=False)
[clean-BPC  1153.44s] rim-conflict diag node 4 conflicts=19 pair_events=0 pair_cuts=0 schedcap_events=0 schedcap_cuts=0 routepack_events=8 routepack_cuts=4 routepack_cache=0 routepack_states_max=120 routepack_budget_skip=11 nogood_events=0 nogood_cuts=0 weak_skip=17
[clean-BPC    20.85s] restricted-MIP node 4 status=TIME_LIMIT obj=None accepted=False routes=2489 rejected=19 pair=0 ng=28 route_pack=10 sched_cap=0 added_cuts=4 time=20.847758
[clean-BPC  1153.44s] node 6 d=2 lb=228.849109 open=4
[clean-BPC  1153.62s] node 6 cg=1 phase=phase1 obj=0.0 artificial=0.0 cols=2489
[clean-BPC  1153.79s] node 6 cg=2 phase=phase2 obj=228.849109 artificial=0.0 cols=2489
[clean-BPC  1157.39s] node 6 cg=2 phase=phase2 kind=heuristic best_rc=0.0 found=0 added=0 exhausted=False cert=False
[clean-BPC  1168.06s] node 6 cg=2 phase=phase2 kind=heuristic_boost best_rc=-0.038763 found=2 added=2 exhausted=True cert=True
[clean-BPC  1168.24s] node 6 cg=3 phase=phase2 obj=228.849109 artificial=0.0 cols=2491
[clean-BPC  1171.90s] node 6 cg=3 phase=phase2 kind=heuristic best_rc=-0.0 found=0 added=0 exhausted=False cert=False
[clean-BPC  1181.82s] node 6 cg=3 phase=phase2 kind=heuristic_boost best_rc=-0.0 found=0 added=0 exhausted=True cert=True
[clean-BPC  1202.03s] route-pack-conflict diag node 6 source_vehicle=1 routes=5 U=4 complete=True cache_hit=False states=116 added=0
[clean-BPC  1203.27s] route-pack-conflict diag node 6 source_vehicle=1 routes=5 U=4 complete=True cache_hit=False states=110 added=0
[clean-BPC  1203.60s] route-pack-conflict diag node 6 source_vehicle=1 routes=5 U=4 complete=True cache_hit=False states=97 added=0
[clean-BPC  1203.93s] route-pack-conflict diag node 6 source_vehicle=1 routes=5 U=4 complete=True cache_hit=False states=107 added=0
[clean-BPC  1205.14s] route-pack-conflict diag node 6 source_vehicle=1 routes=5 U=4 complete=True cache_hit=False states=114 added=0
[clean-BPC  1205.66s] route-pack-conflict diag node 6 source_vehicle=1 routes=5 U=4 complete=True cache_hit=False states=116 added=0
[clean-BPC  1206.18s] route-pack-conflict diag node 6 source_vehicle=1 routes=5 U=4 complete=True cache_hit=False states=114 added=0
[clean-BPC  1207.39s] route-pack-conflict diag node 6 source_vehicle=1 routes=5 U=4 complete=True cache_hit=False states=120 added=0
[clean-BPC  1208.60s] route-pack-conflict diag node 6 source_vehicle=1 routes=5 U=4 complete=True cache_hit=True states=111 added=0
[clean-BPC  1208.91s] route-pack-conflict diag node 6 source_vehicle=1 routes=5 U=3 complete=True cache_hit=False states=96 added=2
[clean-BPC  1208.91s] cut_added family=schedule_route_set_packing node=6 added=2 source=schedule_conflict first(vehicle=1, routes=5, U=3, states=96, cache_hit=False)
[clean-BPC  1208.91s] route-pack-conflict diag node 6 source_vehicle=1 routes=5 U=4 complete=True cache_hit=False states=90 added=0
[clean-BPC  1209.43s] route-pack-conflict diag node 6 source_vehicle=1 routes=5 U=4 complete=True cache_hit=True states=112 added=0
[clean-BPC  1210.77s] route-pack-conflict diag node 6 source_vehicle=1 routes=5 U=4 complete=True cache_hit=False states=103 added=0
[clean-BPC  1211.46s] route-pack-conflict diag node 6 source_vehicle=1 routes=5 U=4 complete=True cache_hit=False states=87 added=0
[clean-BPC  1211.97s] route-pack-conflict diag node 6 source_vehicle=1 routes=5 U=4 complete=True cache_hit=False states=104 added=0
[clean-BPC  1212.40s] route-pack-conflict diag node 6 source_vehicle=1 routes=5 U=4 complete=True cache_hit=False states=119 added=0
[clean-BPC  1214.01s] route-pack-conflict diag node 6 source_vehicle=1 routes=5 U=4 complete=True cache_hit=True states=99 added=0
[clean-BPC  1214.32s] route-pack-conflict diag node 6 source_vehicle=1 routes=5 U=4 complete=True cache_hit=False states=96 added=0
[clean-BPC  1214.63s] rim-conflict diag node 6 conflicts=18 pair_events=0 pair_cuts=0 schedcap_events=0 schedcap_cuts=0 routepack_events=18 routepack_cuts=2 routepack_cache=3 routepack_states_max=120 routepack_budget_skip=0 nogood_events=0 nogood_cuts=0 weak_skip=17
[clean-BPC    20.21s] restricted-MIP node 6 status=TIME_LIMIT obj=None accepted=False routes=2491 rejected=18 pair=0 ng=34 route_pack=2 sched_cap=0 added_cuts=2 time=20.211434
[clean-BPC  1214.63s] node 4 d=2 lb=228.849109 open=4
[clean-BPC  1214.83s] node 4 cg=1 phase=phase1 obj=0.0 artificial=0.0 cols=2491
[clean-BPC  1215.04s] node 4 cg=2 phase=phase2 obj=228.849109 artificial=0.0 cols=2491
[clean-BPC  1218.78s] node 4 cg=2 phase=phase2 kind=heuristic best_rc=-0.0 found=0 added=0 exhausted=False cert=False
[clean-BPC  1230.45s] node 4 cg=2 phase=phase2 kind=heuristic_boost best_rc=-0.0 found=0 added=0 exhausted=True cert=True
[clean-BPC  1251.46s] route-pack-conflict diag node 4 source_vehicle=1 routes=5 U=4 complete=True cache_hit=True states=120 added=0
[clean-BPC  1252.66s] route-pack-conflict diag node 4 source_vehicle=1 routes=5 U=4 complete=True cache_hit=True states=113 added=0
[clean-BPC  1253.87s] route-pack-conflict diag node 4 source_vehicle=1 routes=5 U=4 complete=True cache_hit=True states=112 added=0
[clean-BPC  1255.07s] route-pack-conflict diag node 4 source_vehicle=1 routes=5 U=4 complete=True cache_hit=True states=113 added=0
[clean-BPC  1255.58s] route-pack-conflict diag node 4 source_vehicle=1 routes=5 U=4 complete=True cache_hit=True states=119 added=0
[clean-BPC  1256.09s] route-pack-conflict diag node 4 source_vehicle=1 routes=5 U=4 complete=True cache_hit=False states=126 added=0
[clean-BPC  1257.30s] route-pack-conflict diag node 4 source_vehicle=1 routes=5 U=4 complete=True cache_hit=False states=105 added=0
[clean-BPC  1257.81s] route-pack-conflict diag node 4 source_vehicle=1 routes=5 U=4 complete=True cache_hit=False states=111 added=0
[clean-BPC  1259.01s] route-pack-conflict diag node 4 source_vehicle=1 routes=5 U=4 complete=True cache_hit=False states=119 added=0
[clean-BPC  1260.20s] route-pack-conflict diag node 4 source_vehicle=1 routes=5 U=4 complete=True cache_hit=False states=121 added=0
[clean-BPC  1260.72s] route-pack-conflict diag node 4 source_vehicle=1 routes=5 U=4 complete=True cache_hit=False states=122 added=0
[clean-BPC  1261.92s] route-pack-conflict diag node 4 source_vehicle=1 routes=5 U=3 complete=True cache_hit=False states=113 added=2
[clean-BPC  1261.92s] cut_added family=schedule_route_set_packing node=4 added=2 source=schedule_conflict first(vehicle=1, routes=5, U=3, states=113, cache_hit=False)
[clean-BPC  1261.92s] route-pack-conflict diag node 4 source_vehicle=1 routes=5 U=4 complete=True cache_hit=False states=114 added=0
[clean-BPC  1263.26s] route-pack-conflict diag node 4 source_vehicle=1 routes=5 U=3 complete=True cache_hit=False states=111 added=2
[clean-BPC  1263.26s] cut_added family=schedule_route_set_packing node=4 added=2 source=schedule_conflict first(vehicle=1, routes=5, U=3, states=111, cache_hit=False)
[clean-BPC  1269.14s] rim-conflict diag node 4 conflicts=18 pair_events=0 pair_cuts=0 schedcap_events=0 schedcap_cuts=0 routepack_events=14 routepack_cuts=4 routepack_cache=5 routepack_states_max=126 routepack_budget_skip=4 nogood_events=0 nogood_cuts=0 weak_skip=16
[clean-BPC    21.01s] restricted-MIP node 4 status=TIME_LIMIT obj=None accepted=False routes=2491 rejected=18 pair=0 ng=28 route_pack=8 sched_cap=0 added_cuts=4 time=21.013253
[clean-BPC  1269.15s] node 6 d=2 lb=228.849109 open=4
[clean-BPC  1269.32s] node 6 cg=1 phase=phase1 obj=0.0 artificial=0.0 cols=2491
[clean-BPC  1269.49s] node 6 cg=2 phase=phase2 obj=228.849109 artificial=0.0 cols=2491
[clean-BPC  1273.12s] node 6 cg=2 phase=phase2 kind=heuristic best_rc=0.0 found=0 added=0 exhausted=False cert=False
[clean-BPC  1284.02s] node 6 cg=2 phase=phase2 kind=heuristic_boost best_rc=0.0 found=0 added=0 exhausted=True cert=True
[clean-BPC  1304.04s] route-pack-conflict diag node 6 source_vehicle=1 routes=5 U=4 complete=True cache_hit=True states=110 added=0
[clean-BPC  1304.36s] route-pack-conflict diag node 6 source_vehicle=1 routes=5 U=3 complete=True cache_hit=False states=95 added=2
[clean-BPC  1304.36s] cut_added family=schedule_route_set_packing node=6 added=2 source=schedule_conflict first(vehicle=1, routes=5, U=3, states=95, cache_hit=False)
[clean-BPC  1304.36s] route-pack-conflict diag node 6 source_vehicle=1 routes=5 U=4 complete=True cache_hit=True states=97 added=0
[clean-BPC  1304.69s] route-pack-conflict diag node 6 source_vehicle=1 routes=5 U=4 complete=True cache_hit=True states=114 added=0
[clean-BPC  1305.20s] route-pack-conflict diag node 6 source_vehicle=1 routes=5 U=4 complete=True cache_hit=True states=116 added=0
[clean-BPC  1306.39s] route-pack-conflict diag node 6 source_vehicle=1 routes=5 U=4 complete=True cache_hit=False states=115 added=0
[clean-BPC  1307.61s] route-pack-conflict diag node 6 source_vehicle=1 routes=5 U=3 complete=True cache_hit=False states=102 added=2
[clean-BPC  1307.61s] cut_added family=schedule_route_set_packing node=6 added=2 source=schedule_conflict first(vehicle=1, routes=5, U=3, states=102, cache_hit=False)
[clean-BPC  1314.95s] rim-conflict diag node 6 conflicts=21 pair_events=0 pair_cuts=0 schedcap_events=0 schedcap_cuts=0 routepack_events=7 routepack_cuts=4 routepack_cache=4 routepack_states_max=116 routepack_budget_skip=14 nogood_events=0 nogood_cuts=0 weak_skip=19
[clean-BPC    20.01s] restricted-MIP node 6 status=SCHEDULE_REJECTED_LIMIT obj=None accepted=False routes=2491 rejected=21 pair=0 ng=36 route_pack=4 sched_cap=0 added_cuts=4 time=20.006635
[clean-BPC  1314.95s] node 4 d=2 lb=228.849109 open=4
[clean-BPC  1315.15s] node 4 cg=1 phase=phase1 obj=0.0 artificial=0.0 cols=2491
[clean-BPC  1315.36s] node 4 cg=2 phase=phase2 obj=228.849109 artificial=0.0 cols=2491
[clean-BPC  1319.01s] node 4 cg=2 phase=phase2 kind=heuristic best_rc=-0.0 found=0 added=0 exhausted=False cert=False
[clean-BPC  1331.20s] node 4 cg=2 phase=phase2 kind=heuristic_boost best_rc=-0.053299667 found=2 added=2 exhausted=True cert=True
[clean-BPC  1331.42s] node 4 cg=3 phase=phase2 obj=228.849109 artificial=0.0 cols=2493
[clean-BPC  1335.11s] node 4 cg=3 phase=phase2 kind=heuristic best_rc=-0.375905333 found=6 added=6 exhausted=False cert=False
[clean-BPC  1335.33s] node 4 cg=4 phase=phase2 obj=228.849109 artificial=0.0 cols=2499
[clean-BPC  1339.06s] node 4 cg=4 phase=phase2 kind=heuristic best_rc=-0.241012333 found=4 added=4 exhausted=False cert=False
[clean-BPC  1339.27s] node 4 cg=5 phase=phase2 obj=228.849109 artificial=0.0 cols=2503
[clean-BPC  1342.95s] node 4 cg=5 phase=phase2 kind=heuristic best_rc=-0.0 found=0 added=0 exhausted=False cert=False
[clean-BPC  1355.67s] node 4 cg=5 phase=phase2 kind=heuristic_boost best_rc=-0.0 found=0 added=0 exhausted=True cert=True
[clean-BPC  1376.32s] route-pack-conflict diag node 4 source_vehicle=1 routes=5 U=4 complete=True cache_hit=True states=120 added=0
[clean-BPC  1377.54s] route-pack-conflict diag node 4 source_vehicle=1 routes=5 U=4 complete=True cache_hit=True states=112 added=0
[clean-BPC  1378.75s] route-pack-conflict diag node 4 source_vehicle=1 routes=5 U=4 complete=True cache_hit=True states=113 added=0
[clean-BPC  1379.93s] route-pack-conflict diag node 4 source_vehicle=1 routes=5 U=4 complete=True cache_hit=True states=113 added=0
[clean-BPC  1380.46s] route-pack-conflict diag node 4 source_vehicle=1 routes=5 U=4 complete=True cache_hit=True states=119 added=0
[clean-BPC  1380.97s] route-pack-conflict diag node 4 source_vehicle=1 routes=5 U=4 complete=True cache_hit=True states=126 added=0
[clean-BPC  1382.17s] route-pack-conflict diag node 4 source_vehicle=1 routes=5 U=4 complete=True cache_hit=True states=122 added=0
[clean-BPC  1383.35s] route-pack-conflict diag node 4 source_vehicle=1 routes=5 U=4 complete=True cache_hit=True states=121 added=0
[clean-BPC  1383.87s] route-pack-conflict diag node 4 source_vehicle=1 routes=5 U=4 complete=True cache_hit=False states=113 added=0
[clean-BPC  1384.39s] route-pack-conflict diag node 4 source_vehicle=1 routes=5 U=4 complete=True cache_hit=True states=119 added=0
[clean-BPC  1385.58s] route-pack-conflict diag node 4 source_vehicle=1 routes=5 U=4 complete=True cache_hit=True states=111 added=0
[clean-BPC  1386.78s] route-pack-conflict diag node 4 source_vehicle=1 routes=5 U=3 complete=True cache_hit=False states=109 added=2
[clean-BPC  1386.78s] cut_added family=schedule_route_set_packing node=4 added=2 source=schedule_conflict first(vehicle=1, routes=5, U=3, states=109, cache_hit=False)
[clean-BPC  1386.78s] route-pack-conflict diag node 4 source_vehicle=1 routes=5 U=4 complete=True cache_hit=True states=114 added=0
[clean-BPC  1388.12s] route-pack-conflict diag node 4 source_vehicle=1 routes=5 U=3 complete=True cache_hit=False states=107 added=2
[clean-BPC  1388.12s] cut_added family=schedule_route_set_packing node=4 added=2 source=schedule_conflict first(vehicle=1, routes=5, U=3, states=107, cache_hit=False)
[clean-BPC  1391.36s] rim-conflict diag node 4 conflicts=16 pair_events=0 pair_cuts=0 schedcap_events=0 schedcap_cuts=0 routepack_events=14 routepack_cuts=4 routepack_cache=11 routepack_states_max=126 routepack_budget_skip=2 nogood_events=0 nogood_cuts=0 weak_skip=14
[clean-BPC    20.65s] restricted-MIP node 4 status=TIME_LIMIT obj=None accepted=False routes=2503 rejected=16 pair=0 ng=28 route_pack=4 sched_cap=0 added_cuts=4 time=20.648531
[clean-BPC  1391.36s] node 6 d=2 lb=228.849109 open=4
[clean-BPC  1391.54s] node 6 cg=1 phase=phase1 obj=0.0 artificial=0.0 cols=2503
[clean-BPC  1391.71s] node 6 cg=2 phase=phase2 obj=228.849109 artificial=0.0 cols=2503
[clean-BPC  1395.31s] node 6 cg=2 phase=phase2 kind=heuristic best_rc=0.0 found=0 added=0 exhausted=False cert=False
[clean-BPC  1406.18s] node 6 cg=2 phase=phase2 kind=heuristic_boost best_rc=0.0 found=0 added=0 exhausted=True cert=True
[clean-BPC  1427.82s] route-pack-conflict diag node 6 source_vehicle=1 routes=5 U=4 complete=True cache_hit=False states=115 added=0
[clean-BPC  1428.14s] route-pack-conflict diag node 6 source_vehicle=1 routes=5 U=4 complete=True cache_hit=True states=114 added=0
[clean-BPC  1428.66s] route-pack-conflict diag node 6 source_vehicle=1 routes=5 U=4 complete=True cache_hit=True states=116 added=0
[clean-BPC  1429.88s] route-pack-conflict diag node 6 source_vehicle=1 routes=5 U=4 complete=True cache_hit=True states=97 added=0
[clean-BPC  1430.20s] route-pack-conflict diag node 6 source_vehicle=1 routes=5 U=4 complete=True cache_hit=True states=115 added=0
[clean-BPC  1431.40s] route-pack-conflict diag node 6 source_vehicle=1 routes=5 U=4 complete=True cache_hit=True states=120 added=0
[clean-BPC  1432.62s] route-pack-conflict diag node 6 source_vehicle=1 routes=5 U=4 complete=True cache_hit=True states=116 added=0
[clean-BPC  1433.15s] route-pack-conflict diag node 6 source_vehicle=1 routes=5 U=4 complete=True cache_hit=True states=114 added=0
[clean-BPC  1434.37s] route-pack-conflict diag node 6 source_vehicle=1 routes=5 U=4 complete=True cache_hit=False states=108 added=0
[clean-BPC  1434.67s] route-pack-conflict diag node 6 source_vehicle=1 routes=5 U=3 complete=True cache_hit=False states=87 added=2
[clean-BPC  1434.67s] cut_added family=schedule_route_set_packing node=6 added=2 source=schedule_conflict first(vehicle=1, routes=5, U=3, states=87, cache_hit=False)
[clean-BPC  1434.67s] route-pack-conflict diag node 6 source_vehicle=1 routes=5 U=4 complete=True cache_hit=True states=104 added=0
[clean-BPC  1435.09s] route-pack-conflict diag node 6 source_vehicle=1 routes=5 U=4 complete=True cache_hit=True states=112 added=0
[clean-BPC  1436.43s] route-pack-conflict diag node 6 source_vehicle=1 routes=5 U=4 complete=True cache_hit=False states=87 added=0
[clean-BPC  1436.95s] route-pack-conflict diag node 6 source_vehicle=1 routes=5 U=4 complete=True cache_hit=False states=96 added=0
[clean-BPC  1437.26s] route-pack-conflict diag node 6 source_vehicle=1 routes=5 U=4 complete=True cache_hit=False states=90 added=0
[clean-BPC  1437.77s] route-pack-conflict diag node 6 source_vehicle=1 routes=5 U=4 complete=True cache_hit=False states=108 added=0
[clean-BPC  1438.08s] route-pack-conflict diag node 6 source_vehicle=1 routes=5 U=4 complete=True cache_hit=False states=93 added=0
[clean-BPC  1438.39s] route-pack-conflict diag node 6 source_vehicle=1 routes=5 U=4 complete=True cache_hit=False states=108 added=0
[clean-BPC  1438.69s] route-pack-conflict diag node 6 source_vehicle=1 routes=5 U=4 complete=True cache_hit=False states=113 added=0
[clean-BPC  1440.33s] rim-conflict diag node 6 conflicts=19 pair_events=0 pair_cuts=0 schedcap_events=0 schedcap_cuts=0 routepack_events=19 routepack_cuts=2 routepack_cache=9 routepack_states_max=120 routepack_budget_skip=0 nogood_events=0 nogood_cuts=0 weak_skip=18
[clean-BPC    21.64s] restricted-MIP node 6 status=TIME_LIMIT obj=None accepted=False routes=2503 rejected=19 pair=0 ng=36 route_pack=2 sched_cap=0 added_cuts=2 time=21.63678
[clean-BPC  1440.33s] node 4 d=2 lb=228.849109 open=4
[clean-BPC  1440.53s] node 4 cg=1 phase=phase1 obj=0.0 artificial=0.0 cols=2503
[clean-BPC  1440.75s] node 4 cg=2 phase=phase2 obj=228.849109 artificial=0.0 cols=2503
[clean-BPC  1444.45s] node 4 cg=2 phase=phase2 kind=heuristic best_rc=0.0 found=0 added=0 exhausted=False cert=False
[clean-BPC  1457.49s] node 4 cg=2 phase=phase2 kind=heuristic_boost best_rc=0.0 found=0 added=0 exhausted=True cert=True
[clean-BPC  1477.92s] route-pack-conflict diag node 4 source_vehicle=1 routes=5 U=4 complete=True cache_hit=True states=120 added=0
[clean-BPC  1479.13s] route-pack-conflict diag node 4 source_vehicle=1 routes=5 U=4 complete=True cache_hit=True states=113 added=0
[clean-BPC  1480.34s] route-pack-conflict diag node 4 source_vehicle=1 routes=5 U=4 complete=True cache_hit=True states=112 added=0
[clean-BPC  1481.55s] route-pack-conflict diag node 4 source_vehicle=1 routes=5 U=4 complete=True cache_hit=False states=116 added=0
[clean-BPC  1482.07s] route-pack-conflict diag node 4 source_vehicle=1 routes=5 U=4 complete=True cache_hit=True states=113 added=0
[clean-BPC  1482.59s] route-pack-conflict diag node 4 source_vehicle=1 routes=5 U=4 complete=True cache_hit=True states=126 added=0
[clean-BPC  1483.80s] route-pack-conflict diag node 4 source_vehicle=1 routes=5 U=4 complete=True cache_hit=True states=119 added=0
[clean-BPC  1485.01s] route-pack-conflict diag node 4 source_vehicle=1 routes=5 U=4 complete=True cache_hit=True states=122 added=0
[clean-BPC  1486.23s] route-pack-conflict diag node 4 source_vehicle=1 routes=5 U=4 complete=True cache_hit=True states=111 added=0
[clean-BPC  1487.45s] route-pack-conflict diag node 4 source_vehicle=1 routes=5 U=4 complete=True cache_hit=True states=113 added=0
[clean-BPC  1487.97s] route-pack-conflict diag node 4 source_vehicle=1 routes=5 U=4 complete=True cache_hit=False states=118 added=0
[clean-BPC  1488.49s] route-pack-conflict diag node 4 source_vehicle=1 routes=5 U=4 complete=True cache_hit=False states=132 added=0
[clean-BPC  1490.12s] route-pack-conflict diag node 4 source_vehicle=1 routes=5 U=4 complete=True cache_hit=False states=130 added=0
[clean-BPC  1491.77s] route-pack-conflict diag node 4 source_vehicle=1 routes=5 U=4 complete=True cache_hit=False states=123 added=0
[clean-BPC  1493.40s] rim-conflict diag node 4 conflicts=14 pair_events=0 pair_cuts=0 schedcap_events=0 schedcap_cuts=0 routepack_events=14 routepack_cuts=0 routepack_cache=9 routepack_states_max=132 routepack_budget_skip=0 nogood_events=0 nogood_cuts=0 weak_skip=14
[clean-BPC    20.43s] restricted-MIP node 4 status=TIME_LIMIT obj=None accepted=False routes=2503 rejected=14 pair=0 ng=28 route_pack=0 sched_cap=0 added_cuts=0 time=20.432079
[clean-BPC  1499.54s] branch node 4: left=task_vehicle(12,2)=off right=task_vehicle(12,2)=on
[clean-BPC  1499.54s] node 6 d=2 lb=228.849109 open=5
[clean-BPC  1499.72s] node 6 cg=1 phase=phase1 obj=0.0 artificial=0.0 cols=2503
[clean-BPC  1499.89s] node 6 cg=2 phase=phase2 obj=228.849109 artificial=0.0 cols=2503
[clean-BPC  1503.55s] node 6 cg=2 phase=phase2 kind=heuristic best_rc=0.0 found=0 added=0 exhausted=False cert=False
[clean-BPC  1514.50s] node 6 cg=2 phase=phase2 kind=heuristic_boost best_rc=0.0 found=0 added=0 exhausted=True cert=True
[clean-BPC  1535.05s] route-pack-conflict diag node 6 source_vehicle=1 routes=5 U=4 complete=True cache_hit=True states=115 added=0
[clean-BPC  1535.37s] route-pack-conflict diag node 6 source_vehicle=1 routes=5 U=4 complete=True cache_hit=True states=97 added=0
[clean-BPC  1535.70s] route-pack-conflict diag node 6 source_vehicle=1 routes=5 U=4 complete=True cache_hit=False states=108 added=0
[clean-BPC  1536.23s] route-pack-conflict diag node 6 source_vehicle=1 routes=5 U=4 complete=True cache_hit=True states=116 added=0
[clean-BPC  1537.42s] route-pack-conflict diag node 6 source_vehicle=1 routes=5 U=4 complete=True cache_hit=True states=115 added=0
[clean-BPC  1538.63s] route-pack-conflict diag node 6 source_vehicle=1 routes=5 U=4 complete=True cache_hit=True states=120 added=0
[clean-BPC  1539.84s] route-pack-conflict diag node 6 source_vehicle=1 routes=5 U=4 complete=True cache_hit=True states=114 added=0
[clean-BPC  1541.06s] route-pack-conflict diag node 6 source_vehicle=1 routes=5 U=4 complete=True cache_hit=True states=116 added=0
[clean-BPC  1541.60s] route-pack-conflict diag node 6 source_vehicle=1 routes=5 U=4 complete=True cache_hit=False states=105 added=0
[clean-BPC  1541.90s] route-pack-conflict diag node 6 source_vehicle=1 routes=5 U=4 complete=True cache_hit=False states=111 added=0
[clean-BPC  1542.60s] route-pack-conflict diag node 6 source_vehicle=1 routes=5 U=4 complete=True cache_hit=True states=104 added=0
[clean-BPC  1543.02s] route-pack-conflict diag node 6 source_vehicle=1 routes=5 U=4 complete=True cache_hit=True states=87 added=0
[clean-BPC  1543.54s] route-pack-conflict diag node 6 source_vehicle=1 routes=5 U=4 complete=True cache_hit=False states=93 added=0
[clean-BPC  1543.85s] route-pack-conflict diag node 6 source_vehicle=1 routes=5 U=4 complete=True cache_hit=True states=99 added=0
[clean-BPC  1544.15s] route-pack-conflict diag node 6 source_vehicle=1 routes=5 U=4 complete=True cache_hit=True states=99 added=0
[clean-BPC  1544.45s] route-pack-conflict diag node 6 source_vehicle=1 routes=5 U=4 complete=True cache_hit=True states=111 added=0
[clean-BPC  1544.76s] route-pack-conflict diag node 6 source_vehicle=1 routes=5 U=4 complete=True cache_hit=False states=102 added=0
[clean-BPC  1545.27s] route-pack-conflict diag node 6 source_vehicle=1 routes=5 U=4 complete=True cache_hit=True states=112 added=0
[clean-BPC  1546.61s] rim-conflict diag node 6 conflicts=18 pair_events=0 pair_cuts=0 schedcap_events=0 schedcap_cuts=0 routepack_events=18 routepack_cuts=0 routepack_cache=13 routepack_states_max=120 routepack_budget_skip=0 nogood_events=0 nogood_cuts=0 weak_skip=18
[clean-BPC    20.55s] restricted-MIP node 6 status=TIME_LIMIT obj=None accepted=False routes=2503 rejected=18 pair=0 ng=36 route_pack=0 sched_cap=0 added_cuts=0 time=20.547488
[clean-BPC  1551.24s] branch node 6: left=RF(3,8)=separate right=RF(3,8)=same
[clean-BPC  1551.24s] node 10 d=3 lb=228.849109 open=6
[clean-BPC  1551.42s] node 10 cg=1 phase=phase1 obj=0.0 artificial=0.0 cols=2503
[clean-BPC  1551.58s] node 10 cg=2 phase=phase2 obj=328.849109 artificial=0.0 cols=2503
[clean-BPC  1554.73s] node 10 cg=2 phase=phase2 kind=heuristic best_rc=0.0 found=0 added=0 exhausted=False cert=False
[clean-BPC  1563.03s] node 10 cg=2 phase=phase2 kind=heuristic_boost best_rc=0.0 found=0 added=0 exhausted=True cert=True
[clean-BPC  1563.03s] fathom node 10: reason=bound bound=328.849109
[clean-BPC  1563.03s] node 11 d=3 lb=228.849109 open=5
[clean-BPC  1563.21s] node 11 cg=1 phase=phase1 obj=0.0 artificial=0.0 cols=2503
[clean-BPC  1563.38s] node 11 cg=2 phase=phase2 obj=229.28461 artificial=0.0 cols=2503
[clean-BPC  1567.08s] node 11 cg=2 phase=phase2 kind=heuristic best_rc=-0.250216 found=2 added=2 exhausted=False cert=False
[clean-BPC  1567.25s] node 11 cg=3 phase=phase2 obj=229.28461 artificial=0.0 cols=2505
[clean-BPC  1571.00s] node 11 cg=3 phase=phase2 kind=heuristic best_rc=0.0 found=0 added=0 exhausted=False cert=False
[clean-BPC  1581.88s] node 11 cg=3 phase=phase2 kind=heuristic_boost best_rc=-0.0 found=0 added=0 exhausted=True cert=True
[clean-BPC  1602.31s] route-pack-conflict diag node 11 source_vehicle=1 routes=5 U=4 complete=True cache_hit=True states=116 added=0
[clean-BPC  1603.51s] route-pack-conflict diag node 11 source_vehicle=1 routes=5 U=4 complete=True cache_hit=True states=97 added=0
[clean-BPC  1603.83s] route-pack-conflict diag node 11 source_vehicle=1 routes=5 U=4 complete=True cache_hit=True states=114 added=0
[clean-BPC  1604.34s] route-pack-conflict diag node 11 source_vehicle=1 routes=5 U=4 complete=True cache_hit=True states=115 added=0
[clean-BPC  1604.66s] route-pack-conflict diag node 11 source_vehicle=1 routes=5 U=4 complete=True cache_hit=True states=115 added=0
[clean-BPC  1605.85s] route-pack-conflict diag node 11 source_vehicle=1 routes=5 U=4 complete=True cache_hit=True states=114 added=0
[clean-BPC  1607.05s] route-pack-conflict diag node 11 source_vehicle=1 routes=5 U=4 complete=True cache_hit=True states=120 added=0
[clean-BPC  1608.24s] route-pack-conflict diag node 11 source_vehicle=1 routes=5 U=4 complete=True cache_hit=True states=116 added=0
[clean-BPC  1608.75s] route-pack-conflict diag node 11 source_vehicle=1 routes=5 U=4 complete=True cache_hit=True states=119 added=0
[clean-BPC  1610.37s] route-pack-conflict diag node 11 source_vehicle=1 routes=5 U=4 complete=True cache_hit=False states=113 added=0
[clean-BPC  1611.99s] route-pack-conflict diag node 11 source_vehicle=1 routes=5 U=4 complete=True cache_hit=True states=113 added=0
[clean-BPC  1613.62s] route-pack-conflict diag node 11 source_vehicle=1 routes=5 U=4 complete=True cache_hit=False states=117 added=0
[clean-BPC  1615.23s] route-pack-conflict diag node 11 source_vehicle=1 routes=5 U=4 complete=True cache_hit=False states=114 added=0
[clean-BPC  1616.54s] rim-conflict diag node 11 conflicts=13 pair_events=0 pair_cuts=0 schedcap_events=0 schedcap_cuts=0 routepack_events=13 routepack_cuts=0 routepack_cache=10 routepack_states_max=120 routepack_budget_skip=0 nogood_events=0 nogood_cuts=0 weak_skip=13
[clean-BPC    20.43s] restricted-MIP node 11 status=TIME_LIMIT obj=None accepted=False routes=2505 rejected=13 pair=0 ng=26 route_pack=0 sched_cap=0 added_cuts=0 time=20.426158
[clean-BPC  1621.50s] branch node 11: left=task_vehicle(12,2)=off right=task_vehicle(12,2)=on
[clean-BPC  1621.50s] node 12 d=3 lb=228.849109 open=6
[clean-BPC  1621.66s] node 12 cg=1 phase=phase1 obj=0.0 artificial=0.0 cols=2505
[clean-BPC  1621.82s] node 12 cg=2 phase=phase2 obj=230.031476 artificial=0.0 cols=2505
[clean-BPC  1625.11s] node 12 cg=2 phase=phase2 kind=heuristic best_rc=0.0 found=0 added=0 exhausted=False cert=False
[clean-BPC  1633.97s] node 12 cg=2 phase=phase2 kind=heuristic_boost best_rc=0.0 found=0 added=0 exhausted=True cert=True
[clean-BPC  1647.99s] route-pack-conflict diag node 12 source_vehicle=1 routes=5 U=4 complete=True cache_hit=True states=108 added=0
[clean-BPC  1648.30s] route-pack-conflict diag node 12 source_vehicle=1 routes=5 U=4 complete=True cache_hit=True states=112 added=0
[clean-BPC  1649.65s] route-pack-conflict diag node 12 source_vehicle=1 routes=5 U=4 complete=True cache_hit=True states=110 added=0
[clean-BPC  1650.07s] route-pack-conflict diag node 12 source_vehicle=1 routes=5 U=4 complete=True cache_hit=True states=96 added=0
[clean-BPC  1650.37s] route-pack-conflict diag node 12 source_vehicle=1 routes=5 U=4 complete=True cache_hit=True states=111 added=0
[clean-BPC  1650.67s] route-pack-conflict diag node 12 source_vehicle=1 routes=5 U=4 complete=True cache_hit=True states=108 added=0
[clean-BPC  1650.97s] route-pack-conflict diag node 12 source_vehicle=1 routes=5 U=4 complete=True cache_hit=False states=96 added=0
[clean-BPC  1651.29s] route-pack-conflict diag node 12 source_vehicle=1 routes=5 U=4 complete=True cache_hit=True states=111 added=0
[clean-BPC  1651.59s] cut_added family=schedule_nogood_core node=12 added=1 source_vehicle=1 route_count=3 signatures=[[1, 20, 5], [18, 15, 16, 19, 4], [2, 8, 3]]
[clean-BPC  1651.59s] route-pack-conflict diag node 12 source_vehicle=1 routes=5 U=4 complete=True cache_hit=True states=111 added=0
[clean-BPC  1652.30s] cut_added family=schedule_nogood_core node=12 added=1 source_vehicle=1 route_count=3 signatures=[[10, 17, 14, 6], [18, 15, 16, 19, 4], [1, 3, 8, 2]]
[clean-BPC  1652.30s] route-pack-conflict diag node 12 source_vehicle=1 routes=5 U=4 complete=True cache_hit=True states=99 added=0
[clean-BPC  1652.61s] route-pack-conflict diag node 12 source_vehicle=1 routes=5 U=4 complete=True cache_hit=True states=90 added=0
[clean-BPC  1653.12s] route-pack-conflict diag node 12 source_vehicle=1 routes=5 U=4 complete=True cache_hit=True states=96 added=0
[clean-BPC  1653.43s] route-pack-conflict diag node 12 source_vehicle=1 routes=5 U=4 complete=True cache_hit=False states=92 added=0
[clean-BPC  1653.91s] route-pack-conflict diag node 12 source_vehicle=1 routes=5 U=3 complete=True cache_hit=False states=97 added=2
[clean-BPC  1653.91s] cut_added family=schedule_route_set_packing node=12 added=2 source=schedule_conflict first(vehicle=1, routes=5, U=3, states=97, cache_hit=False)
[clean-BPC  1653.92s] route-pack-conflict diag node 12 source_vehicle=1 routes=5 U=4 complete=True cache_hit=False states=110 added=0
[clean-BPC  1654.39s] route-pack-conflict diag node 12 source_vehicle=1 routes=5 U=4 complete=True cache_hit=False states=98 added=0
[clean-BPC  1654.85s] route-pack-conflict diag node 12 source_vehicle=1 routes=5 U=4 complete=True cache_hit=False states=98 added=0
[clean-BPC  1655.31s] route-pack-conflict diag node 12 source_vehicle=1 routes=5 U=4 complete=True cache_hit=False states=110 added=0
[clean-BPC  1655.77s] route-pack-conflict diag node 12 source_vehicle=1 routes=5 U=4 complete=True cache_hit=False states=107 added=0
[clean-BPC  1656.24s] route-pack-conflict diag node 12 source_vehicle=1 routes=5 U=3 complete=True cache_hit=False states=91 added=2
[clean-BPC  1656.24s] cut_added family=schedule_route_set_packing node=12 added=2 source=schedule_conflict first(vehicle=1, routes=5, U=3, states=91, cache_hit=False)
[clean-BPC  1656.71s] rim-conflict diag node 12 conflicts=21 pair_events=0 pair_cuts=0 schedcap_events=0 schedcap_cuts=0 routepack_events=20 routepack_cuts=4 routepack_cache=11 routepack_states_max=112 routepack_budget_skip=1 nogood_events=2 nogood_cuts=2 weak_skip=17
[clean-BPC    14.01s] restricted-MIP node 12 status=SCHEDULE_REJECTED_LIMIT obj=None accepted=False routes=2505 rejected=21 pair=0 ng=36 route_pack=4 sched_cap=0 added_cuts=6 time=14.012341
[clean-BPC  1656.71s] node 9 d=3 lb=228.849109 open=6
[clean-BPC  1656.88s] node 9 cg=1 phase=phase1 obj=0.0 artificial=0.0 cols=2505
[clean-BPC  1657.06s] node 9 cg=2 phase=phase2 obj=228.849109 artificial=0.0 cols=2505
[clean-BPC  1660.71s] node 9 cg=2 phase=phase2 kind=heuristic best_rc=0.0 found=0 added=0 exhausted=False cert=False
[clean-BPC  1668.49s] node 9 cg=2 phase=phase2 kind=heuristic_boost best_rc=-0.329502667 found=2 added=2 exhausted=True cert=True
[clean-BPC  1668.65s] node 9 cg=3 phase=phase2 obj=228.849109 artificial=0.0 cols=2507
[clean-BPC  1672.25s] node 9 cg=3 phase=phase2 kind=heuristic best_rc=-0.0 found=0 added=0 exhausted=False cert=False
[clean-BPC  1679.88s] node 9 cg=3 phase=phase2 kind=heuristic_boost best_rc=-0.497163 found=10 added=10 exhausted=True cert=True
[clean-BPC  1680.05s] node 9 cg=4 phase=phase2 obj=228.849109 artificial=0.0 cols=2517
[clean-BPC  1683.93s] node 9 cg=4 phase=phase2 kind=heuristic best_rc=-0.524442 found=1 added=1 exhausted=False cert=False
[clean-BPC  1684.12s] node 9 cg=5 phase=phase2 obj=228.849109 artificial=0.0 cols=2518
[clean-BPC  1687.94s] node 9 cg=5 phase=phase2 kind=heuristic best_rc=0.0 found=0 added=0 exhausted=False cert=False
[clean-BPC  1697.22s] node 9 cg=5 phase=phase2 kind=heuristic_boost best_rc=0.0 found=0 added=0 exhausted=True cert=True
[clean-BPC  1702.59s] branch node 9: left=RF(3,8)=separate right=RF(3,8)=same
[clean-BPC  1702.59s] node 15 d=4 lb=228.849109 open=7
[clean-BPC  1702.74s] node 15 cg=1 phase=phase1 obj=0.0 artificial=0.0 cols=2518
[clean-BPC  1702.92s] node 15 cg=2 phase=phase2 obj=229.28461 artificial=0.0 cols=2518
[clean-BPC  1706.49s] node 15 cg=2 phase=phase2 kind=heuristic best_rc=-0.209775222 found=6 added=6 exhausted=False cert=False
[clean-BPC  1706.66s] node 15 cg=3 phase=phase2 obj=229.28461 artificial=0.0 cols=2524
[clean-BPC  1710.33s] node 15 cg=3 phase=phase2 kind=heuristic best_rc=-0.0 found=0 added=0 exhausted=False cert=False
[clean-BPC  1718.44s] node 15 cg=3 phase=phase2 kind=heuristic_boost best_rc=-0.439227 found=6 added=6 exhausted=True cert=True
[clean-BPC  1718.61s] node 15 cg=4 phase=phase2 obj=229.28461 artificial=0.0 cols=2530
[clean-BPC  1722.28s] node 15 cg=4 phase=phase2 kind=heuristic best_rc=-0.0 found=0 added=0 exhausted=False cert=False
[clean-BPC  1730.35s] node 15 cg=4 phase=phase2 kind=heuristic_boost best_rc=-0.283239 found=2 added=2 exhausted=True cert=True
[clean-BPC  1730.52s] node 15 cg=5 phase=phase2 obj=229.28461 artificial=0.0 cols=2532
[clean-BPC  1730.52s] cut_purged node=15 removed=1 by_kind={'schedule_nogood_core': 1} remaining=118
[clean-BPC  1730.69s] node 15 cg=6 phase=phase2 obj=229.28461 artificial=0.0 cols=2532
[clean-BPC  1734.37s] node 15 cg=6 phase=phase2 kind=heuristic best_rc=-0.0 found=0 added=0 exhausted=False cert=False
[clean-BPC  1742.32s] node 15 cg=6 phase=phase2 kind=heuristic_boost best_rc=-0.0 found=0 added=0 exhausted=True cert=True
[clean-BPC  1747.35s] branch node 15: left=RF(14,20)=separate right=RF(14,20)=same
[clean-BPC  1747.35s] node 16 d=4 lb=228.849109 open=8
[clean-BPC  1747.47s] node 16 cg=1 phase=phase1 obj=0.0 artificial=0.0 cols=2532
[clean-BPC  1747.60s] node 16 cg=2 phase=phase2 obj=230.031476 artificial=0.0 cols=2532
[clean-BPC  1750.72s] node 16 cg=2 phase=phase2 kind=heuristic best_rc=-1.558837957 found=14 added=14 exhausted=False cert=False
[clean-BPC  1750.85s] node 16 cg=3 phase=phase2 obj=230.031476 artificial=0.0 cols=2546
[clean-BPC  1753.91s] node 16 cg=3 phase=phase2 kind=heuristic best_rc=-0.0 found=0 added=0 exhausted=False cert=False
[clean-BPC  1761.69s] node 16 cg=3 phase=phase2 kind=heuristic_boost best_rc=-2.239271 found=49 added=49 exhausted=True cert=True
[clean-BPC  1761.83s] node 16 cg=4 phase=phase2 obj=230.031476 artificial=0.0 cols=2595
[clean-BPC  1764.80s] node 16 cg=4 phase=phase2 kind=heuristic best_rc=0.190901 found=0 added=0 exhausted=False cert=False
[clean-BPC  1772.50s] node 16 cg=4 phase=phase2 kind=heuristic_boost best_rc=-0.0 found=0 added=0 exhausted=True cert=True
[clean-BPC  1776.18s] branch node 16: left=arc(11,9)=off right=arc(11,9)=on
[clean-BPC  1776.18s] node 8 d=3 lb=228.871068 open=9
[clean-BPC  1776.42s] node 8 cg=1 phase=phase1 obj=0.0 artificial=0.0 cols=2595
[clean-BPC  1776.65s] node 8 cg=2 phase=phase2 obj=328.871068 artificial=0.0 cols=2595
[clean-BPC  1780.64s] node 8 cg=2 phase=phase2 kind=heuristic best_rc=0.073379 found=0 added=0 exhausted=False cert=False
[clean-BPC  1793.45s] node 8 cg=2 phase=phase2 kind=heuristic_boost best_rc=0.073379 found=0 added=0 exhausted=True cert=True
[clean-BPC  1793.45s] fathom node 8: reason=bound bound=328.871068
[clean-BPC  1793.45s] node 5 d=2 lb=228.871068 open=8
[clean-BPC  1793.69s] node 5 cg=1 phase=phase1 obj=0.0 artificial=0.0 cols=2595
[clean-BPC  1793.96s] node 5 cg=2 phase=phase2 obj=228.871068 artificial=0.0 cols=2595
[clean-BPC  1798.19s] node 5 cg=2 phase=phase2 kind=heuristic best_rc=-0.0 found=0 added=0 exhausted=False cert=False
[clean-BPC  1812.17s] node 5 cg=2 phase=phase2 kind=heuristic_boost best_rc=-0.0 found=0 added=0 exhausted=True cert=True
[clean-BPC  1819.48s] branch node 5: left=task_vehicle(10,2)=off right=task_vehicle(10,2)=on
[clean-BPC  1819.48s] node 7 d=3 lb=228.871068 open=9
[clean-BPC  1819.72s] node 7 cg=1 phase=phase1 obj=0.0 artificial=0.0 cols=2595
[clean-BPC  1819.97s] node 7 cg=2 phase=phase2 obj=228.871068 artificial=0.0 cols=2595
[clean-BPC  1824.08s] node 7 cg=2 phase=phase2 kind=heuristic best_rc=0.143319 found=0 added=0 exhausted=False cert=False
[clean-BPC  1835.30s] node 7 cg=2 phase=phase2 kind=heuristic_boost best_rc=-1.685144 found=105 added=105 exhausted=True cert=True
[clean-BPC  1835.56s] node 7 cg=3 phase=phase2 obj=228.871068 artificial=0.0 cols=2700
[clean-BPC  1839.71s] node 7 cg=3 phase=phase2 kind=heuristic best_rc=0.114002 found=0 added=0 exhausted=False cert=False
[clean-BPC  1852.28s] node 7 cg=3 phase=phase2 kind=heuristic_boost best_rc=0.114002 found=0 added=0 exhausted=True cert=True
[clean-BPC  1859.72s] branch node 7: left=RF(10,17)=separate right=RF(10,17)=same
[clean-BPC  1859.72s] node 21 d=3 lb=228.871068 open=10
[clean-BPC  1859.96s] node 21 cg=1 phase=phase1 obj=0.0 artificial=0.0 cols=2700
[clean-BPC  1860.20s] node 21 cg=2 phase=phase2 obj=228.871068 artificial=0.0 cols=2700
[clean-BPC  1864.40s] node 21 cg=2 phase=phase2 kind=heuristic best_rc=-0.236243 found=3 added=3 exhausted=False cert=False
[clean-BPC  1864.65s] node 21 cg=3 phase=phase2 obj=228.871068 artificial=0.0 cols=2703
[clean-BPC  1868.85s] node 21 cg=3 phase=phase2 kind=heuristic best_rc=0.0 found=0 added=0 exhausted=False cert=False
[clean-BPC  1880.89s] node 21 cg=3 phase=phase2 kind=heuristic_boost best_rc=-3.500915 found=361 added=361 exhausted=True cert=True
[clean-BPC  1881.19s] node 21 cg=4 phase=phase2 obj=228.871068 artificial=0.0 cols=3064
[clean-BPC  1885.41s] node 21 cg=4 phase=phase2 kind=heuristic best_rc=0.0 found=0 added=0 exhausted=False cert=False
[clean-BPC  1896.26s] node 21 cg=4 phase=phase2 kind=heuristic_boost best_rc=-0.694274 found=3 added=3 exhausted=True cert=True
[clean-BPC  1896.56s] node 21 cg=5 phase=phase2 obj=228.871068 artificial=0.0 cols=3067
[clean-BPC  1900.79s] node 21 cg=5 phase=phase2 kind=heuristic best_rc=0.0 found=0 added=0 exhausted=False cert=False
[clean-BPC  1912.67s] node 21 cg=5 phase=phase2 kind=heuristic_boost best_rc=-0.051801 found=2 added=2 exhausted=True cert=True
[clean-BPC  1912.96s] node 21 cg=6 phase=phase2 obj=228.871068 artificial=0.0 cols=3069
[clean-BPC  1917.25s] node 21 cg=6 phase=phase2 kind=heuristic best_rc=0.0 found=0 added=0 exhausted=False cert=False
[clean-BPC  1928.04s] node 21 cg=6 phase=phase2 kind=heuristic_boost best_rc=0.0 found=0 added=0 exhausted=True cert=True
[clean-BPC  1936.41s] branch node 21: left=RF(2,8)=separate right=RF(2,8)=same
[clean-BPC  1936.41s] node 22 d=3 lb=228.871068 open=11
[clean-BPC  1936.69s] node 22 cg=1 phase=phase1 obj=0.0 artificial=0.0 cols=3069
[clean-BPC  1936.99s] node 22 cg=2 phase=phase2 obj=328.871068 artificial=0.0 cols=3069
[clean-BPC  1940.90s] node 22 cg=2 phase=phase2 kind=heuristic best_rc=0.0 found=0 added=0 exhausted=False cert=False
[clean-BPC  1952.68s] node 22 cg=2 phase=phase2 kind=heuristic_boost best_rc=-0.0 found=0 added=0 exhausted=True cert=True
[clean-BPC  1952.68s] fathom node 22: reason=bound bound=328.871068
[clean-BPC  1952.68s] node 26 d=4 lb=228.871068 open=10
[clean-BPC  1952.91s] node 26 cg=1 phase=phase1 obj=0.0 artificial=0.0 cols=3069
[clean-BPC  1953.16s] node 26 cg=2 phase=phase2 obj=229.110313 artificial=0.0 cols=3069
[clean-BPC  1957.01s] node 26 cg=2 phase=phase2 kind=heuristic best_rc=0.109225 found=0 added=0 exhausted=False cert=False
[clean-BPC  1967.64s] node 26 cg=2 phase=phase2 kind=heuristic_boost best_rc=-1.052004 found=6 added=6 exhausted=True cert=True
[clean-BPC  1967.89s] node 26 cg=3 phase=phase2 obj=229.110313 artificial=0.0 cols=3075
[clean-BPC  1971.72s] node 26 cg=3 phase=phase2 kind=heuristic best_rc=0.1373265 found=0 added=0 exhausted=False cert=False
[clean-BPC  1980.38s] node 26 cg=3 phase=phase2 kind=heuristic_boost best_rc=0.1373265 found=0 added=0 exhausted=True cert=True
[clean-BPC  1987.11s] branch node 26: left=arc(9,18)=off right=arc(9,18)=on
[clean-BPC  1987.11s] node 23 d=4 lb=228.871068 open=11
[clean-BPC  1987.40s] node 23 cg=1 phase=phase1 obj=0.0 artificial=0.0 cols=3075
[clean-BPC  1987.71s] node 23 cg=2 phase=phase2 obj=229.110313 artificial=0.0 cols=3075
[clean-BPC  1991.51s] node 23 cg=2 phase=phase2 kind=heuristic best_rc=-0.28092 found=2 added=2 exhausted=False cert=False
[clean-BPC  1991.82s] node 23 cg=3 phase=phase2 obj=229.110313 artificial=0.0 cols=3077
[clean-BPC  1995.61s] node 23 cg=3 phase=phase2 kind=heuristic best_rc=-0.0605345 found=2 added=2 exhausted=False cert=False
[clean-BPC  1995.91s] node 23 cg=4 phase=phase2 obj=229.110313 artificial=0.0 cols=3079
[clean-BPC  1999.65s] node 23 cg=4 phase=phase2 kind=heuristic best_rc=0.0 found=0 added=0 exhausted=False cert=False
[clean-BPC  2008.58s] node 23 cg=4 phase=phase2 kind=heuristic_boost best_rc=-0.533813625 found=6 added=6 exhausted=True cert=True
[clean-BPC  2008.88s] node 23 cg=5 phase=phase2 obj=229.110313 artificial=0.0 cols=3085
[clean-BPC  2012.59s] node 23 cg=5 phase=phase2 kind=heuristic best_rc=-0.0 found=0 added=0 exhausted=False cert=False
[clean-BPC  2021.90s] node 23 cg=5 phase=phase2 kind=heuristic_boost best_rc=-0.0 found=0 added=0 exhausted=True cert=True
[clean-BPC  2030.25s] branch node 23: left=RF(4,9)=separate right=RF(4,9)=same
[clean-BPC  2030.25s] node 24 d=4 lb=228.871068 open=12
[clean-BPC  2030.49s] node 24 cg=1 phase=phase1 obj=0.0 artificial=0.0 cols=3085
[clean-BPC  2030.72s] node 24 cg=2 phase=phase2 obj=229.330604 artificial=0.0 cols=3085
[clean-BPC  2034.22s] node 24 cg=2 phase=phase2 kind=heuristic best_rc=-0.025074 found=2 added=2 exhausted=False cert=False
[clean-BPC  2034.46s] node 24 cg=3 phase=phase2 obj=229.330604 artificial=0.0 cols=3087
[clean-BPC  2037.92s] node 24 cg=3 phase=phase2 kind=heuristic best_rc=-0.0 found=0 added=0 exhausted=False cert=False
[clean-BPC  2047.93s] node 24 cg=3 phase=phase2 kind=heuristic_boost best_rc=-0.0 found=0 added=0 exhausted=True cert=True
[clean-BPC  2054.13s] branch node 24: left=RF(2,10)=separate right=RF(2,10)=same
[clean-BPC  2054.13s] node 25 d=4 lb=228.871068 open=13
[clean-BPC  2054.41s] node 25 cg=1 phase=phase1 obj=0.0 artificial=0.0 cols=3087
[clean-BPC  2054.70s] node 25 cg=2 phase=phase2 obj=229.38635 artificial=0.0 cols=3087
[clean-BPC  2058.80s] node 25 cg=2 phase=phase2 kind=heuristic best_rc=-0.19889 found=2 added=2 exhausted=False cert=False
[clean-BPC  2059.09s] node 25 cg=3 phase=phase2 obj=229.38635 artificial=0.0 cols=3089
[clean-BPC  2063.17s] node 25 cg=3 phase=phase2 kind=heuristic best_rc=-0.0 found=0 added=0 exhausted=False cert=False
[clean-BPC  2072.26s] node 25 cg=3 phase=phase2 kind=heuristic_boost best_rc=-0.0 found=0 added=0 exhausted=True cert=True
[clean-BPC  2080.02s] branch node 25: left=RF(3,6)=separate right=RF(3,6)=same
[clean-BPC  2080.02s] node 28 d=5 lb=229.110313 open=14
[clean-BPC  2080.26s] node 28 cg=1 phase=phase1 obj=0.0 artificial=0.0 cols=3089
[clean-BPC  2080.51s] node 28 cg=2 phase=phase2 obj=232.006436 artificial=0.0 cols=3089
[clean-BPC  2084.30s] node 28 cg=2 phase=phase2 kind=heuristic best_rc=-2.342922 found=70 added=70 exhausted=False cert=False
[clean-BPC  2084.57s] node 28 cg=3 phase=phase2 obj=231.961938 artificial=0.0 cols=3159
[clean-BPC  2088.28s] node 28 cg=3 phase=phase2 kind=heuristic best_rc=0.133494 found=0 added=0 exhausted=False cert=False
[clean-BPC  2095.95s] node 28 cg=3 phase=phase2 kind=heuristic_boost best_rc=-0.786651 found=11 added=11 exhausted=True cert=True
[clean-BPC  2096.22s] node 28 cg=4 phase=phase2 obj=231.961938 artificial=0.0 cols=3170
[clean-BPC  2100.06s] node 28 cg=4 phase=phase2 kind=heuristic best_rc=-0.015316 found=2 added=2 exhausted=False cert=False
[clean-BPC  2100.31s] node 28 cg=5 phase=phase2 obj=231.961938 artificial=0.0 cols=3172
[clean-BPC  2104.18s] node 28 cg=5 phase=phase2 kind=heuristic best_rc=0.133494 found=0 added=0 exhausted=False cert=False
[clean-BPC  2113.18s] node 28 cg=5 phase=phase2 kind=heuristic_boost best_rc=0.133494 found=0 added=0 exhausted=True cert=True
[clean-BPC  2119.31s] branch node 28: left=RF(7,14)=separate right=RF(7,14)=same
[clean-BPC  2119.31s] node 29 d=5 lb=229.110313 open=15
[clean-BPC  2119.61s] node 29 cg=1 phase=phase1 obj=0.0 artificial=0.0 cols=3172
[clean-BPC  2119.90s] node 29 cg=2 phase=phase2 obj=229.205929 artificial=0.0 cols=3172
[clean-BPC  2123.89s] node 29 cg=2 phase=phase2 kind=heuristic best_rc=-0.0 found=0 added=0 exhausted=False cert=False
[clean-BPC  2133.64s] node 29 cg=2 phase=phase2 kind=heuristic_boost best_rc=-0.0454139 found=2 added=2 exhausted=True cert=True
[clean-BPC  2133.93s] node 29 cg=3 phase=phase2 obj=229.205929 artificial=0.0 cols=3174
[clean-BPC  2137.96s] node 29 cg=3 phase=phase2 kind=heuristic best_rc=-0.0 found=0 added=0 exhausted=False cert=False
[clean-BPC  2148.31s] node 29 cg=3 phase=phase2 kind=heuristic_boost best_rc=-0.0 found=0 added=0 exhausted=True cert=True
[clean-BPC  2157.03s] branch node 29: left=RF(2,9)=separate right=RF(2,9)=same
[clean-BPC  2157.03s] node 27 d=5 lb=229.110313 open=16
[clean-BPC  2157.27s] node 27 cg=1 phase=phase1 obj=0.0 artificial=0.0 cols=3174
[clean-BPC  2157.51s] node 27 cg=2 phase=phase2 obj=229.261729 artificial=0.0 cols=3174
[clean-BPC  2161.40s] node 27 cg=2 phase=phase2 kind=heuristic best_rc=0.04961875 found=0 added=0 exhausted=False cert=False
[clean-BPC  2170.23s] node 27 cg=2 phase=phase2 kind=heuristic_boost best_rc=0.04961875 found=0 added=0 exhausted=True cert=True
[clean-BPC  2177.22s] branch node 27: left=arc(8,5)=off right=arc(8,5)=on
[clean-BPC  2177.22s] node 30 d=5 lb=229.110313 open=17
[clean-BPC  2177.33s] node 30 cg=1 phase=phase1 obj=0.0 artificial=0.0 cols=3174
[clean-BPC  2177.46s] node 30 cg=2 phase=phase2 obj=231.961938 artificial=0.0 cols=3174
[clean-BPC  2180.78s] node 30 cg=2 phase=phase2 kind=heuristic best_rc=-1.065305 found=48 added=48 exhausted=False cert=False
[clean-BPC  2180.91s] node 30 cg=3 phase=phase2 obj=231.793536 artificial=0.0 cols=3222
[clean-BPC  2184.34s] node 30 cg=3 phase=phase2 kind=heuristic best_rc=-0.513995 found=5 added=5 exhausted=False cert=False
[clean-BPC  2184.46s] node 30 cg=4 phase=phase2 obj=231.749038 artificial=0.0 cols=3227
[clean-BPC  2187.65s] node 30 cg=4 phase=phase2 kind=heuristic best_rc=0.073536 found=0 added=0 exhausted=False cert=False
[clean-BPC  2194.48s] node 30 cg=4 phase=phase2 kind=heuristic_boost best_rc=-2.191622 found=109 added=109 exhausted=True cert=True
[clean-BPC  2194.62s] node 30 cg=5 phase=phase2 obj=231.749038 artificial=0.0 cols=3336
[clean-BPC  2197.96s] node 30 cg=5 phase=phase2 kind=heuristic best_rc=0.10284 found=0 added=0 exhausted=False cert=False
[clean-BPC  2205.59s] node 30 cg=5 phase=phase2 kind=heuristic_boost best_rc=-0.107635 found=4 added=4 exhausted=True cert=True
[clean-BPC  2205.73s] node 30 cg=6 phase=phase2 obj=231.749038 artificial=0.0 cols=3340
[clean-BPC  2209.07s] node 30 cg=6 phase=phase2 kind=heuristic best_rc=0.0 found=0 added=0 exhausted=False cert=False
[clean-BPC  2217.09s] node 30 cg=6 phase=phase2 kind=heuristic_boost best_rc=-0.24255 found=8 added=8 exhausted=True cert=True
[clean-BPC  2217.23s] node 30 cg=7 phase=phase2 obj=231.749038 artificial=0.0 cols=3348
[clean-BPC  2220.61s] node 30 cg=7 phase=phase2 kind=heuristic best_rc=-0.0 found=0 added=0 exhausted=False cert=False
[clean-BPC  2228.75s] node 30 cg=7 phase=phase2 kind=heuristic_boost best_rc=-0.735875 found=8 added=8 exhausted=True cert=True
[clean-BPC  2228.90s] node 30 cg=8 phase=phase2 obj=231.749038 artificial=0.0 cols=3356
[clean-BPC  2232.23s] node 30 cg=8 phase=phase2 kind=heuristic best_rc=-0.0 found=0 added=0 exhausted=False cert=False
[clean-BPC  2239.88s] node 30 cg=8 phase=phase2 kind=heuristic_boost best_rc=-0.290637 found=6 added=6 exhausted=True cert=True
[clean-BPC  2240.01s] node 30 cg=9 phase=phase2 obj=231.749038 artificial=0.0 cols=3362
[clean-BPC  2243.38s] node 30 cg=9 phase=phase2 kind=heuristic best_rc=0.0 found=0 added=0 exhausted=False cert=False
[clean-BPC  2251.23s] node 30 cg=9 phase=phase2 kind=heuristic_boost best_rc=-1.779031 found=24 added=24 exhausted=True cert=True
[clean-BPC  2251.38s] node 30 cg=10 phase=phase2 obj=231.749038 artificial=0.0 cols=3386
[clean-BPC  2254.73s] node 30 cg=10 phase=phase2 kind=heuristic best_rc=-0.528708 found=6 added=6 exhausted=False cert=False
[clean-BPC  2254.87s] node 30 cg=11 phase=phase2 obj=231.749038 artificial=0.0 cols=3392
[clean-BPC  2258.15s] node 30 cg=11 phase=phase2 kind=heuristic best_rc=0.038012 found=0 added=0 exhausted=False cert=False
[clean-BPC  2265.74s] node 30 cg=11 phase=phase2 kind=heuristic_boost best_rc=-0.294815 found=2 added=2 exhausted=True cert=True
[clean-BPC  2265.88s] node 30 cg=12 phase=phase2 obj=231.749038 artificial=0.0 cols=3394
[clean-BPC  2269.18s] node 30 cg=12 phase=phase2 kind=heuristic best_rc=0.038012 found=0 added=0 exhausted=False cert=False
[clean-BPC  2276.73s] node 30 cg=12 phase=phase2 kind=heuristic_boost best_rc=0.038012 found=0 added=0 exhausted=True cert=True
[clean-BPC  2280.90s] branch node 30: left=RF(13,15)=separate right=RF(13,15)=same
[clean-BPC  2280.90s] node 37 d=6 lb=229.205929 open=18
[clean-BPC  2281.19s] node 37 cg=1 phase=phase1 obj=0.0 artificial=0.0 cols=3394
[clean-BPC  2281.48s] node 37 cg=2 phase=phase2 obj=229.29926 artificial=0.0 cols=3394
[clean-BPC  2285.30s] node 37 cg=2 phase=phase2 kind=heuristic best_rc=-0.0 found=0 added=0 exhausted=False cert=False
[clean-BPC  2293.62s] node 37 cg=2 phase=phase2 kind=heuristic_boost best_rc=-0.403089008 found=4 added=4 exhausted=True cert=True
[clean-BPC  2293.91s] node 37 cg=3 phase=phase2 obj=229.29926 artificial=0.0 cols=3398
[clean-BPC  2293.91s] cut_purged node=37 removed=1 by_kind={'subset_row': 1} remaining=117
[clean-BPC  2294.19s] node 37 cg=4 phase=phase2 obj=229.29926 artificial=0.0 cols=3398
[clean-BPC  2297.91s] node 37 cg=4 phase=phase2 kind=heuristic best_rc=0.0 found=0 added=0 exhausted=False cert=False
[clean-BPC  2306.24s] node 37 cg=4 phase=phase2 kind=heuristic_boost best_rc=-0.521963667 found=17 added=17 exhausted=True cert=True
[clean-BPC  2306.53s] node 37 cg=5 phase=phase2 obj=229.29926 artificial=0.0 cols=3415
[clean-BPC  2310.30s] node 37 cg=5 phase=phase2 kind=heuristic best_rc=-0.0 found=0 added=0 exhausted=False cert=False
[clean-BPC  2318.59s] node 37 cg=5 phase=phase2 kind=heuristic_boost best_rc=-0.0 found=0 added=0 exhausted=True cert=True
[clean-BPC  2326.72s] branch node 37: left=arc(6,13)=off right=arc(6,13)=on
[clean-BPC  2326.72s] node 38 d=6 lb=229.205929 open=19
[clean-BPC  2326.86s] node 38 cg=1 phase=phase1 obj=0.0 artificial=0.0 cols=3415
[clean-BPC  2327.03s] node 38 cg=2 phase=phase2 obj=231.445023 artificial=0.0 cols=3415
[clean-BPC  2330.24s] node 38 cg=2 phase=phase2 kind=heuristic best_rc=-0.108867667 found=2 added=2 exhausted=False cert=False
[clean-BPC  2330.40s] node 38 cg=3 phase=phase2 obj=231.445023 artificial=0.0 cols=3417
[clean-BPC  2333.72s] node 38 cg=3 phase=phase2 kind=heuristic best_rc=-0.0 found=0 added=0 exhausted=False cert=False
[clean-BPC  2341.15s] node 38 cg=3 phase=phase2 kind=heuristic_boost best_rc=-4.585058667 found=140 added=140 exhausted=True cert=True
[clean-BPC  2341.32s] node 38 cg=4 phase=phase2 obj=231.445023 artificial=0.0 cols=3557
[clean-BPC  2344.63s] node 38 cg=4 phase=phase2 kind=heuristic best_rc=-0.179593833 found=2 added=2 exhausted=False cert=False
[clean-BPC  2344.79s] node 38 cg=5 phase=phase2 obj=231.445023 artificial=0.0 cols=3559
[clean-BPC  2348.08s] node 38 cg=5 phase=phase2 kind=heuristic best_rc=-0.0 found=0 added=0 exhausted=False cert=False
[clean-BPC  2355.05s] node 38 cg=5 phase=phase2 kind=heuristic_boost best_rc=-0.704176333 found=6 added=6 exhausted=True cert=True
[clean-BPC  2355.21s] node 38 cg=6 phase=phase2 obj=231.445023 artificial=0.0 cols=3565
[clean-BPC  2358.56s] node 38 cg=6 phase=phase2 kind=heuristic best_rc=0.0 found=0 added=0 exhausted=False cert=False
[clean-BPC  2365.40s] node 38 cg=6 phase=phase2 kind=heuristic_boost best_rc=-0.086019333 found=4 added=4 exhausted=True cert=True
[clean-BPC  2365.59s] node 38 cg=7 phase=phase2 obj=231.445023 artificial=0.0 cols=3569
[clean-BPC  2368.84s] node 38 cg=7 phase=phase2 kind=heuristic best_rc=-0.0 found=0 added=0 exhausted=False cert=False
[clean-BPC  2376.00s] node 38 cg=7 phase=phase2 kind=heuristic_boost best_rc=-1.023193167 found=14 added=14 exhausted=True cert=True
[clean-BPC  2376.17s] node 38 cg=8 phase=phase2 obj=231.445023 artificial=0.0 cols=3583
[clean-BPC  2379.40s] node 38 cg=8 phase=phase2 kind=heuristic best_rc=-0.0 found=0 added=0 exhausted=False cert=False
[clean-BPC  2386.10s] node 38 cg=8 phase=phase2 kind=heuristic_boost best_rc=-0.122598 found=2 added=2 exhausted=True cert=True
[clean-BPC  2386.29s] node 38 cg=9 phase=phase2 obj=231.445023 artificial=0.0 cols=3585
[clean-BPC  2389.57s] node 38 cg=9 phase=phase2 kind=heuristic best_rc=-0.0 found=0 added=0 exhausted=False cert=False
[clean-BPC  2396.74s] node 38 cg=9 phase=phase2 kind=heuristic_boost best_rc=-0.0 found=0 added=0 exhausted=True cert=True
[clean-BPC  2401.57s] branch node 38: left=RF(8,20)=separate right=RF(8,20)=same
[clean-BPC  2401.57s] node 40 d=6 lb=229.261729 open=20
[clean-BPC  2401.84s] node 40 cg=1 phase=phase1 obj=0.0 artificial=0.0 cols=3585
[clean-BPC  2402.12s] node 40 cg=2 phase=phase2 obj=231.148508 artificial=0.0 cols=3585
[clean-BPC  2405.35s] node 40 cg=2 phase=phase2 kind=heuristic best_rc=-0.3438615 found=5 added=5 exhausted=False cert=False
[clean-BPC  2405.62s] node 40 cg=3 phase=phase2 obj=231.148508 artificial=0.0 cols=3590
[clean-BPC  2409.28s] node 40 cg=3 phase=phase2 kind=heuristic best_rc=-0.094071333 found=2 added=2 exhausted=False cert=False
[clean-BPC  2409.56s] node 40 cg=4 phase=phase2 obj=231.148508 artificial=0.0 cols=3592
[clean-BPC  2413.19s] node 40 cg=4 phase=phase2 kind=heuristic best_rc=0.128759 found=0 added=0 exhausted=False cert=False
[clean-BPC  2421.28s] node 40 cg=4 phase=phase2 kind=heuristic_boost best_rc=0.128759 found=0 added=0 exhausted=True cert=True
[clean-BPC  2421.29s] route-pack-conflict diag node 40 source_vehicle=1 routes=5 U=4 complete=True cache_hit=False states=110 added=0
[clean-BPC  2421.59s] cut_added family=schedule_nogood_core node=40 added=2 source_vehicle=1 route_count=3 signatures=[[18, 15, 16, 19, 4], [2, 8, 5], [1, 3, 20]]
[clean-BPC  2421.59s] node 39 d=6 lb=229.261729 open=20
[clean-BPC  2421.87s] node 39 cg=1 phase=phase1 obj=0.0 artificial=0.0 cols=3592
[clean-BPC  2422.15s] node 39 cg=2 phase=phase2 obj=229.261729 artificial=0.0 cols=3592
[clean-BPC  2426.13s] node 39 cg=2 phase=phase2 kind=heuristic best_rc=0.04961875 found=0 added=0 exhausted=False cert=False
[clean-BPC  2435.33s] node 39 cg=2 phase=phase2 kind=heuristic_boost best_rc=-0.25271675 found=9 added=9 exhausted=True cert=True
[clean-BPC  2435.61s] node 39 cg=3 phase=phase2 obj=229.261729 artificial=0.0 cols=3601
[clean-BPC  2439.61s] node 39 cg=3 phase=phase2 kind=heuristic best_rc=0.04961875 found=0 added=0 exhausted=False cert=False
[clean-BPC  2448.80s] node 39 cg=3 phase=phase2 kind=heuristic_boost best_rc=0.04961875 found=0 added=0 exhausted=True cert=True
[clean-BPC  2456.01s] branch node 39: left=RF(5,8)=separate right=RF(5,8)=same
[clean-BPC  2456.01s] node 47 d=7 lb=229.261729 open=21
[clean-BPC  2456.28s] node 47 cg=1 phase=phase1 obj=0.0 artificial=0.0 cols=3601
[clean-BPC  2456.57s] node 47 cg=2 phase=phase2 obj=229.278678 artificial=0.0 cols=3601
[clean-BPC  2460.49s] node 47 cg=2 phase=phase2 kind=heuristic best_rc=0.0 found=0 added=0 exhausted=False cert=False
[clean-BPC  2470.30s] node 47 cg=2 phase=phase2 kind=heuristic_boost best_rc=0.0 found=0 added=0 exhausted=True cert=True
[clean-BPC  2477.25s] branch node 47: left=arc(7,18)=off right=arc(7,18)=on
[clean-BPC  2477.25s] node 48 d=7 lb=229.261729 open=22
[clean-BPC  2477.49s] node 48 cg=1 phase=phase1 obj=0.0 artificial=0.0 cols=3601
[clean-BPC  2477.73s] node 48 cg=2 phase=phase2 obj=231.148508 artificial=0.0 cols=3601
[clean-BPC  2481.21s] node 48 cg=2 phase=phase2 kind=heuristic best_rc=-0.326683 found=2 added=2 exhausted=False cert=False
[clean-BPC  2481.44s] node 48 cg=3 phase=phase2 obj=231.148508 artificial=0.0 cols=3603
[clean-BPC  2484.96s] node 48 cg=3 phase=phase2 kind=heuristic best_rc=0.222741 found=0 added=0 exhausted=False cert=False
[clean-BPC  2491.68s] node 48 cg=3 phase=phase2 kind=heuristic_boost best_rc=0.222741 found=0 added=0 exhausted=True cert=True
[clean-BPC  2491.69s] route-pack-conflict diag node 48 source_vehicle=1 routes=5 U=4 complete=True cache_hit=False states=104 added=0
[clean-BPC  2492.00s] cut_added family=schedule_nogood_core node=48 added=2 source_vehicle=1 route_count=3 signatures=[[18, 15, 16, 19, 4], [5, 8, 2], [1, 3, 20]]
[clean-BPC  2492.00s] node 49 d=8 lb=229.278678 open=22
[clean-BPC  2492.26s] node 49 cg=1 phase=phase1 obj=0.0 artificial=0.0 cols=3603
[clean-BPC  2492.52s] node 49 cg=2 phase=phase2 obj=229.299151 artificial=0.0 cols=3603
[clean-BPC  2496.31s] node 49 cg=2 phase=phase2 kind=heuristic best_rc=-0.103085857 found=1 added=1 exhausted=False cert=False
[clean-BPC  2496.58s] node 49 cg=3 phase=phase2 obj=229.299151 artificial=0.0 cols=3604
[clean-BPC  2500.38s] node 49 cg=3 phase=phase2 kind=heuristic best_rc=-0.0 found=0 added=0 exhausted=False cert=False
[clean-BPC  2510.62s] node 49 cg=3 phase=phase2 kind=heuristic_boost best_rc=-0.035168857 found=1 added=1 exhausted=True cert=True
[clean-BPC  2510.88s] node 49 cg=4 phase=phase2 obj=229.299151 artificial=0.0 cols=3605
[clean-BPC  2514.74s] node 49 cg=4 phase=phase2 kind=heuristic best_rc=-0.0 found=0 added=0 exhausted=False cert=False
[clean-BPC  2524.91s] node 49 cg=4 phase=phase2 kind=heuristic_boost best_rc=-0.0 found=0 added=0 exhausted=True cert=True
[clean-BPC  2531.29s] branch node 49: left=RF(2,9)=separate right=RF(2,9)=same
[clean-BPC  2531.29s] node 50 d=8 lb=229.278678 open=23
[clean-BPC  2531.57s] node 50 cg=1 phase=phase1 obj=0.0 artificial=0.0 cols=3605
[clean-BPC  2531.85s] node 50 cg=2 phase=phase2 obj=232.793899 artificial=0.0 cols=3605
[clean-BPC  2535.58s] node 50 cg=2 phase=phase2 kind=heuristic best_rc=-1.55362 found=57 added=57 exhausted=False cert=False
[clean-BPC  2535.87s] node 50 cg=3 phase=phase2 obj=232.242482 artificial=0.0 cols=3662
[clean-BPC  2539.50s] node 50 cg=3 phase=phase2 kind=heuristic best_rc=-0.650521857 found=4 added=4 exhausted=False cert=False
[clean-BPC  2539.79s] node 50 cg=4 phase=phase2 obj=232.242482 artificial=0.0 cols=3666
[clean-BPC  2543.54s] node 50 cg=4 phase=phase2 kind=heuristic best_rc=-0.271125714 found=4 added=4 exhausted=False cert=False
[clean-BPC  2543.82s] node 50 cg=5 phase=phase2 obj=232.242482 artificial=0.0 cols=3670
[clean-BPC  2547.63s] node 50 cg=5 phase=phase2 kind=heuristic best_rc=0.0 found=0 added=0 exhausted=False cert=False
[clean-BPC  2556.19s] node 50 cg=5 phase=phase2 kind=heuristic_boost best_rc=0.0 found=0 added=0 exhausted=True cert=True
[clean-BPC  2563.91s] branch node 50: left=arc(18,16)=off right=arc(18,16)=on
[clean-BPC  2563.91s] node 18 d=5 lb=229.28461 open=24
[clean-BPC  2564.07s] node 18 cg=1 phase=phase1 obj=0.0 artificial=0.0 cols=3670
[clean-BPC  2564.21s] node 18 cg=2 phase=phase2 obj=231.664103 artificial=0.0 cols=3670
[clean-BPC  2564.21s] cut_purged node=18 removed=2 by_kind={'schedule_nogood_core': 2} remaining=119
[clean-BPC  2564.36s] node 18 cg=3 phase=phase2 obj=231.664103 artificial=0.0 cols=3670
[clean-BPC  2567.15s] node 18 cg=3 phase=phase2 kind=heuristic best_rc=-4.927092 found=150 added=150 exhausted=False cert=False
[clean-BPC  2567.31s] node 18 cg=4 phase=phase2 obj=231.664103 artificial=0.0 cols=3820
[clean-BPC  2570.54s] node 18 cg=4 phase=phase2 kind=heuristic best_rc=-0.06432305 found=2 added=2 exhausted=False cert=False
[clean-BPC  2570.69s] node 18 cg=5 phase=phase2 obj=231.664103 artificial=0.0 cols=3822
[clean-BPC  2573.89s] node 18 cg=5 phase=phase2 kind=heuristic best_rc=-0.0 found=0 added=0 exhausted=False cert=False
[clean-BPC  2579.62s] node 18 cg=5 phase=phase2 kind=heuristic_boost best_rc=-0.0 found=0 added=0 exhausted=True cert=True
[clean-BPC  2579.63s] incumbent node 18: obj=231.664103
[clean-BPC  2579.63s] fathom node 18: reason=integral bound=231.664103
[clean-BPC  2579.63s] node 17 d=5 lb=229.28461 open=23
[clean-BPC  2579.85s] node 17 cg=1 phase=phase1 obj=0.0 artificial=0.0 cols=3822
[clean-BPC  2580.05s] node 17 cg=2 phase=phase2 obj=229.371345 artificial=0.0 cols=3822
[clean-BPC  2583.50s] node 17 cg=2 phase=phase2 kind=heuristic best_rc=0.0 found=0 added=0 exhausted=False cert=False
[clean-BPC  2590.79s] node 17 cg=2 phase=phase2 kind=heuristic_boost best_rc=0.0 found=0 added=0 exhausted=True cert=True
[clean-BPC  2590.79s] route-pack-conflict diag node 17 source_vehicle=1 routes=5 U=4 complete=True cache_hit=True states=113 added=0
[clean-BPC  2591.31s] cut_added family=schedule_nogood_core node=17 added=2 source_vehicle=1 route_count=3 signatures=[[10, 17, 14, 6], [4, 19, 16, 15, 18], [8, 20, 5]]
[clean-BPC  2591.31s] node 13 d=4 lb=229.28461 open=23
[clean-BPC  2591.52s] node 13 cg=1 phase=phase1 obj=0.0 artificial=0.0 cols=3822
[clean-BPC  2591.71s] node 13 cg=2 phase=phase2 obj=229.28461 artificial=0.0 cols=3822
[clean-BPC  2595.35s] node 13 cg=2 phase=phase2 kind=heuristic best_rc=-0.0 found=0 added=0 exhausted=False cert=False
[clean-BPC  2602.80s] node 13 cg=2 phase=phase2 kind=heuristic_boost best_rc=-0.0 found=0 added=0 exhausted=True cert=True
[clean-BPC  2607.99s] branch node 13: left=RF(14,20)=separate right=RF(14,20)=same
[clean-BPC  2607.99s] node 55 d=5 lb=229.28461 open=24
[clean-BPC  2608.18s] node 55 cg=1 phase=phase1 obj=0.0 artificial=0.0 cols=3822
[clean-BPC  2608.37s] node 55 cg=2 phase=phase2 obj=229.371345 artificial=0.0 cols=3822
[clean-BPC  2612.06s] node 55 cg=2 phase=phase2 kind=heuristic best_rc=0.0 found=0 added=0 exhausted=False cert=False
[clean-BPC  2619.49s] node 55 cg=2 phase=phase2 kind=heuristic_boost best_rc=0.0 found=0 added=0 exhausted=True cert=True
[clean-BPC  2619.50s] route-pack-conflict diag node 55 source_vehicle=1 routes=5 U=4 complete=True cache_hit=True states=114 added=0
[clean-BPC  2620.01s] cut_added family=schedule_nogood_core node=55 added=2 source_vehicle=1 route_count=3 signatures=[[10, 17, 14, 6], [18, 15, 16, 19, 4], [5, 20, 8]]
[clean-BPC  2620.01s] node 56 d=5 lb=229.28461 open=24
[clean-BPC  2620.15s] node 56 cg=1 phase=phase1 obj=0.0 artificial=0.0 cols=3822
[clean-BPC  2620.28s] node 56 cg=2 phase=phase2 obj=231.664103 artificial=0.0 cols=3822
[clean-BPC  2623.38s] node 56 cg=2 phase=phase2 kind=heuristic best_rc=-0.260804 found=2 added=2 exhausted=False cert=False
[clean-BPC  2623.51s] node 56 cg=3 phase=phase2 obj=231.664103 artificial=0.0 cols=3824
[clean-BPC  2626.61s] node 56 cg=3 phase=phase2 kind=heuristic best_rc=-0.111222 found=8 added=8 exhausted=False cert=False
[clean-BPC  2626.74s] node 56 cg=4 phase=phase2 obj=231.664103 artificial=0.0 cols=3832
[clean-BPC  2629.79s] node 56 cg=4 phase=phase2 kind=heuristic best_rc=-0.020858 found=2 added=2 exhausted=False cert=False
[clean-BPC  2629.94s] node 56 cg=5 phase=phase2 obj=231.664103 artificial=0.0 cols=3834
[clean-BPC  2632.98s] node 56 cg=5 phase=phase2 kind=heuristic best_rc=0.0 found=0 added=0 exhausted=False cert=False
[clean-BPC  2639.24s] node 56 cg=5 phase=phase2 kind=heuristic_boost best_rc=-0.097432 found=2 added=2 exhausted=True cert=True
[clean-BPC  2639.37s] node 56 cg=6 phase=phase2 obj=231.664103 artificial=0.0 cols=3836
[clean-BPC  2642.52s] node 56 cg=6 phase=phase2 kind=heuristic best_rc=0.0 found=0 added=0 exhausted=False cert=False
[clean-BPC  2649.00s] node 56 cg=6 phase=phase2 kind=heuristic_boost best_rc=-0.260804 found=2 added=2 exhausted=True cert=True
[clean-BPC  2649.13s] node 56 cg=7 phase=phase2 obj=231.664103 artificial=0.0 cols=3838
[clean-BPC  2649.13s] cut_purged node=56 removed=1 by_kind={'schedule_nogood_core': 1} remaining=122
[clean-BPC  2649.28s] node 56 cg=8 phase=phase2 obj=231.664103 artificial=0.0 cols=3838
[clean-BPC  2652.37s] node 56 cg=8 phase=phase2 kind=heuristic best_rc=-0.266773 found=2 added=2 exhausted=False cert=False
[clean-BPC  2652.50s] node 56 cg=9 phase=phase2 obj=231.664103 artificial=0.0 cols=3840
[clean-BPC  2652.50s] cut_purged node=56 removed=1 by_kind={'schedule_nogood_core': 1} remaining=121
[clean-BPC  2652.64s] node 56 cg=10 phase=phase2 obj=231.664103 artificial=0.0 cols=3840
[clean-BPC  2655.87s] node 56 cg=10 phase=phase2 kind=heuristic best_rc=-0.0 found=0 added=0 exhausted=False cert=False
[clean-BPC  2663.07s] node 56 cg=10 phase=phase2 kind=heuristic_boost best_rc=-0.0 found=0 added=0 exhausted=True cert=True
[clean-BPC  2663.07s] fathom node 56: reason=bound bound=231.664103
[clean-BPC  2663.07s] node 14 d=4 lb=229.28461 open=23
[clean-BPC  2663.26s] node 14 cg=1 phase=phase1 obj=0.0 artificial=0.0 cols=3840
[clean-BPC  2663.48s] node 14 cg=2 phase=phase2 obj=329.28461 artificial=0.0 cols=3840
[clean-BPC  2666.54s] node 14 cg=2 phase=phase2 kind=heuristic best_rc=0.0 found=0 added=0 exhausted=False cert=False
[clean-BPC  2674.93s] node 14 cg=2 phase=phase2 kind=heuristic_boost best_rc=0.0 found=0 added=0 exhausted=True cert=True
[clean-BPC  2674.93s] fathom node 14: reason=bound bound=329.28461
[clean-BPC  2674.93s] node 52 d=9 lb=229.299151 open=22
[clean-BPC  2675.06s] node 52 cg=1 phase=phase1 obj=0.0 artificial=0.0 cols=3840
[clean-BPC  2675.20s] node 52 cg=2 phase=phase2 obj=232.9018 artificial=0.0 cols=3840
[clean-BPC  2678.37s] node 52 cg=2 phase=phase2 kind=heuristic best_rc=0.205985 found=0 added=0 exhausted=False cert=False
[clean-BPC  2684.25s] node 52 cg=2 phase=phase2 kind=heuristic_boost best_rc=0.205985 found=0 added=0 exhausted=True cert=True
[clean-BPC  2684.25s] fathom node 52: reason=bound bound=232.9018
[clean-BPC  2684.25s] node 51 d=9 lb=229.299151 open=21
[clean-BPC  2684.52s] node 51 cg=1 phase=phase1 obj=0.0 artificial=0.0 cols=3840
[clean-BPC  2684.82s] node 51 cg=2 phase=phase2 obj=229.307193 artificial=0.0 cols=3840
[clean-BPC  2688.68s] node 51 cg=2 phase=phase2 kind=heuristic best_rc=-0.442484 found=5 added=5 exhausted=False cert=False
[clean-BPC  2688.97s] node 51 cg=3 phase=phase2 obj=229.300192 artificial=0.0 cols=3845
[clean-BPC  2692.79s] node 51 cg=3 phase=phase2 kind=heuristic best_rc=0.021004 found=0 added=0 exhausted=False cert=False
[clean-BPC  2701.42s] node 51 cg=3 phase=phase2 kind=heuristic_boost best_rc=0.021004 found=0 added=0 exhausted=True cert=True
[clean-BPC  2708.29s] branch node 51: left=RF(7,16)=separate right=RF(7,16)=same
[clean-BPC  2708.29s] node 44 d=7 lb=229.29926 open=22
[clean-BPC  2708.61s] node 44 cg=1 phase=phase1 obj=0.0 artificial=0.0 cols=3845
[clean-BPC  2708.94s] node 44 cg=2 phase=phase2 obj=232.141581 artificial=0.0 cols=3845
[clean-BPC  2712.54s] node 44 cg=2 phase=phase2 kind=heuristic best_rc=-1.2125384 found=4 added=4 exhausted=False cert=False
[clean-BPC  2712.86s] node 44 cg=3 phase=phase2 obj=231.746588 artificial=0.0 cols=3849
[clean-BPC  2716.40s] node 44 cg=3 phase=phase2 kind=heuristic best_rc=-0.040474 found=1 added=1 exhausted=False cert=False
[clean-BPC  2716.72s] node 44 cg=4 phase=phase2 obj=231.746588 artificial=0.0 cols=3850
[clean-BPC  2720.29s] node 44 cg=4 phase=phase2 kind=heuristic best_rc=0.0583206 found=0 added=0 exhausted=False cert=False
[clean-BPC  2728.02s] node 44 cg=4 phase=phase2 kind=heuristic_boost best_rc=0.0583206 found=0 added=0 exhausted=True cert=True
[clean-BPC  2728.02s] fathom node 44: reason=bound bound=231.746588
[clean-BPC  2728.02s] node 43 d=7 lb=229.29926 open=21
[clean-BPC  2728.34s] node 43 cg=1 phase=phase1 obj=0.0 artificial=0.0 cols=3850
[clean-BPC  2728.67s] node 43 cg=2 phase=phase2 obj=229.29926 artificial=0.0 cols=3850
[clean-BPC  2732.40s] node 43 cg=2 phase=phase2 kind=heuristic best_rc=0.0 found=0 added=0 exhausted=False cert=False
[clean-BPC  2740.73s] node 43 cg=2 phase=phase2 kind=heuristic_boost best_rc=-0.179783667 found=8 added=8 exhausted=True cert=True
[clean-BPC  2741.06s] node 43 cg=3 phase=phase2 obj=229.29926 artificial=0.0 cols=3858
[clean-BPC  2744.91s] node 43 cg=3 phase=phase2 kind=heuristic best_rc=0.0 found=0 added=0 exhausted=False cert=False
[clean-BPC  2753.25s] node 43 cg=3 phase=phase2 kind=heuristic_boost best_rc=0.0 found=0 added=0 exhausted=True cert=True
[clean-BPC  2761.69s] branch node 43: left=RF(2,13)=separate right=RF(2,13)=same
[clean-BPC  2761.69s] node 59 d=8 lb=229.29926 open=22
[clean-BPC  2762.00s] node 59 cg=1 phase=phase1 obj=0.0 artificial=0.0 cols=3858
[clean-BPC  2762.34s] node 59 cg=2 phase=phase2 obj=229.31731 artificial=0.0 cols=3858
[clean-BPC  2766.16s] node 59 cg=2 phase=phase2 kind=heuristic best_rc=-0.149323647 found=2 added=2 exhausted=False cert=False
[clean-BPC  2766.48s] node 59 cg=3 phase=phase2 obj=229.306339 artificial=0.0 cols=3860
[clean-BPC  2770.29s] node 59 cg=3 phase=phase2 kind=heuristic best_rc=-0.0 found=0 added=0 exhausted=False cert=False
[clean-BPC  2778.65s] node 59 cg=3 phase=phase2 kind=heuristic_boost best_rc=-0.0 found=0 added=0 exhausted=True cert=True
[clean-BPC  2787.50s] branch node 59: left=RF(10,12)=separate right=RF(10,12)=same
[clean-BPC  2787.50s] node 60 d=8 lb=229.29926 open=23
[clean-BPC  2787.76s] node 60 cg=1 phase=phase1 obj=0.0 artificial=0.0 cols=3860
[clean-BPC  2788.03s] node 60 cg=2 phase=phase2 obj=234.173208 artificial=0.0 cols=3860
[clean-BPC  2791.57s] node 60 cg=2 phase=phase2 kind=heuristic best_rc=-1.474429667 found=23 added=23 exhausted=False cert=False
[clean-BPC  2791.87s] node 60 cg=3 phase=phase2 obj=233.040127 artificial=0.0 cols=3883
[clean-BPC  2795.19s] node 60 cg=3 phase=phase2 kind=heuristic best_rc=-0.170006 found=4 added=4 exhausted=False cert=False
[clean-BPC  2795.45s] node 60 cg=4 phase=phase2 obj=233.040127 artificial=0.0 cols=3887
[clean-BPC  2798.86s] node 60 cg=4 phase=phase2 kind=heuristic best_rc=0.0 found=0 added=0 exhausted=False cert=False
[clean-BPC  2805.73s] node 60 cg=4 phase=phase2 kind=heuristic_boost best_rc=-0.3917385 found=6 added=6 exhausted=True cert=True
[clean-BPC  2806.00s] node 60 cg=5 phase=phase2 obj=233.040127 artificial=0.0 cols=3893
[clean-BPC  2809.20s] node 60 cg=5 phase=phase2 kind=heuristic best_rc=0.0 found=0 added=0 exhausted=False cert=False
[clean-BPC  2815.86s] node 60 cg=5 phase=phase2 kind=heuristic_boost best_rc=-0.516091167 found=3 added=3 exhausted=True cert=True
[clean-BPC  2816.12s] node 60 cg=6 phase=phase2 obj=233.040127 artificial=0.0 cols=3896
[clean-BPC  2819.40s] node 60 cg=6 phase=phase2 kind=heuristic best_rc=-0.0 found=0 added=0 exhausted=False cert=False
[clean-BPC  2826.06s] node 60 cg=6 phase=phase2 kind=heuristic_boost best_rc=-0.0 found=0 added=0 exhausted=True cert=True
[clean-BPC  2826.06s] fathom node 60: reason=bound bound=233.040127
[clean-BPC  2826.06s] node 57 d=10 lb=229.300192 open=22
[clean-BPC  2826.32s] node 57 cg=1 phase=phase1 obj=0.0 artificial=0.0 cols=3896
[clean-BPC  2826.60s] node 57 cg=2 phase=phase2 obj=229.39794 artificial=0.0 cols=3896
[clean-BPC  2830.23s] node 57 cg=2 phase=phase2 kind=heuristic best_rc=-0.757492 found=4 added=4 exhausted=False cert=False
[clean-BPC  2830.49s] node 57 cg=3 phase=phase2 obj=229.353739 artificial=0.0 cols=3900
[clean-BPC  2834.15s] node 57 cg=3 phase=phase2 kind=heuristic best_rc=0.158207 found=0 added=0 exhausted=False cert=False
[clean-BPC  2841.73s] node 57 cg=3 phase=phase2 kind=heuristic_boost best_rc=0.1359012 found=0 added=0 exhausted=True cert=True
[clean-BPC  2849.03s] branch node 57: left=arc(13,6)=off right=arc(13,6)=on
[clean-BPC  2849.03s] node 58 d=10 lb=229.300192 open=23
[clean-BPC  2849.17s] node 58 cg=1 phase=phase1 obj=0.0 artificial=0.0 cols=3900
[clean-BPC  2849.30s] node 58 cg=2 phase=phase2 obj=231.287442 artificial=0.0 cols=3900
[clean-BPC  2852.47s] node 58 cg=2 phase=phase2 kind=heuristic best_rc=-0.0 found=0 added=0 exhausted=False cert=False
[clean-BPC  2859.37s] node 58 cg=2 phase=phase2 kind=heuristic_boost best_rc=-0.0 found=0 added=0 exhausted=True cert=True
[clean-BPC  2862.86s] branch node 58: left=arc(11,6)=off right=arc(11,6)=on
[clean-BPC  2862.86s] node 62 d=9 lb=229.306339 open=24
[clean-BPC  2863.03s] node 62 cg=1 phase=phase1 obj=0.0 artificial=0.0 cols=3900
[clean-BPC  2863.19s] node 62 cg=2 phase=phase2 obj=231.956545 artificial=0.0 cols=3900
[clean-BPC  2866.31s] node 62 cg=2 phase=phase2 kind=heuristic best_rc=-0.6947915 found=6 added=6 exhausted=False cert=False
[clean-BPC  2866.47s] node 62 cg=3 phase=phase2 obj=231.724947 artificial=0.0 cols=3906
[clean-BPC  2869.45s] node 62 cg=3 phase=phase2 kind=heuristic best_rc=-0.207969 found=2 added=2 exhausted=False cert=False
[clean-BPC  2869.62s] node 62 cg=4 phase=phase2 obj=231.724947 artificial=0.0 cols=3908
[clean-BPC  2872.51s] node 62 cg=4 phase=phase2 kind=heuristic best_rc=0.0 found=0 added=0 exhausted=False cert=False
[clean-BPC  2878.04s] node 62 cg=4 phase=phase2 kind=heuristic_boost best_rc=0.0 found=0 added=0 exhausted=True cert=True
[clean-BPC  2878.04s] fathom node 62: reason=bound bound=231.724947
[clean-BPC  2878.04s] node 61 d=9 lb=229.306339 open=23
[clean-BPC  2878.33s] node 61 cg=1 phase=phase1 obj=0.0 artificial=0.0 cols=3908
[clean-BPC  2878.64s] node 61 cg=2 phase=phase2 obj=229.39794 artificial=0.0 cols=3908
[clean-BPC  2882.26s] node 61 cg=2 phase=phase2 kind=heuristic best_rc=0.0 found=0 added=0 exhausted=False cert=False
[clean-BPC  2889.63s] node 61 cg=2 phase=phase2 kind=heuristic_boost best_rc=-0.218647 found=2 added=2 exhausted=True cert=True
[clean-BPC  2889.94s] node 61 cg=3 phase=phase2 obj=229.39794 artificial=0.0 cols=3910
[clean-BPC  2893.56s] node 61 cg=3 phase=phase2 kind=heuristic best_rc=-0.0 found=0 added=0 exhausted=False cert=False
[clean-BPC  2900.92s] node 61 cg=3 phase=phase2 kind=heuristic_boost best_rc=-0.0 found=0 added=0 exhausted=True cert=True
[clean-BPC  2900.93s] route-pack-conflict diag node 61 source_vehicle=1 routes=5 U=4 complete=True cache_hit=False states=120 added=0
[clean-BPC  2901.99s] cut_added family=schedule_nogood_core node=61 added=2 source_vehicle=1 route_count=4 signatures=[[4, 19, 16, 15, 18], [2, 6, 10, 8], [1, 3, 20, 5], [7, 12, 13, 9]]
[clean-BPC  2901.99s] node 31 d=5 lb=229.330604 open=23
[clean-BPC  2902.29s] node 31 cg=1 phase=phase1 obj=0.0 artificial=0.0 cols=3910
[clean-BPC  2902.60s] node 31 cg=2 phase=phase2 obj=229.46075 artificial=0.0 cols=3910
[clean-BPC  2905.80s] node 31 cg=2 phase=phase2 kind=heuristic best_rc=0.222741 found=0 added=0 exhausted=False cert=False
[clean-BPC  2914.62s] node 31 cg=2 phase=phase2 kind=heuristic_boost best_rc=0.06444 found=0 added=0 exhausted=True cert=True
[clean-BPC  2914.63s] route-pack-conflict diag node 31 source_vehicle=1 routes=5 U=4 complete=True cache_hit=True states=116 added=0
[clean-BPC  2916.75s] cut_added family=schedule_nogood_core node=31 added=2 source_vehicle=1 route_count=4 signatures=[[7, 12, 13, 11, 9], [6, 14, 17, 10], [4, 19, 16, 15, 18], [1, 3, 20, 5]]
[clean-BPC  2916.75s] node 32 d=5 lb=229.330604 open=23
[clean-BPC  2917.01s] node 32 cg=1 phase=phase1 obj=0.0 artificial=0.0 cols=3910
[clean-BPC  2917.27s] node 32 cg=2 phase=phase2 obj=231.600135 artificial=0.0 cols=3910
[clean-BPC  2920.68s] node 32 cg=2 phase=phase2 kind=heuristic best_rc=-1.100171 found=17 added=17 exhausted=False cert=False
[clean-BPC  2920.95s] node 32 cg=3 phase=phase2 obj=231.534747 artificial=0.0 cols=3927
[clean-BPC  2924.43s] node 32 cg=3 phase=phase2 kind=heuristic best_rc=0.125954857 found=0 added=0 exhausted=False cert=False
[clean-BPC  2932.33s] node 32 cg=3 phase=phase2 kind=heuristic_boost best_rc=0.0 found=0 added=0 exhausted=True cert=True
[clean-BPC  2938.54s] branch node 32: left=RF(8,13)=separate right=RF(8,13)=same
[clean-BPC  2938.54s] node 64 d=11 lb=229.353739 open=24
[clean-BPC  2938.79s] node 64 cg=1 phase=phase1 obj=0.0 artificial=0.0 cols=3927
[clean-BPC  2939.06s] node 64 cg=2 phase=phase2 obj=234.488119 artificial=0.0 cols=3927
[clean-BPC  2942.43s] node 64 cg=2 phase=phase2 kind=heuristic best_rc=-3.5983165 found=220 added=220 exhausted=False cert=False
[clean-BPC  2942.72s] node 64 cg=3 phase=phase2 obj=232.268602 artificial=0.0 cols=4147
[clean-BPC  2946.14s] node 64 cg=3 phase=phase2 kind=heuristic best_rc=0.222741 found=0 added=0 exhausted=False cert=False
[clean-BPC  2953.29s] node 64 cg=3 phase=phase2 kind=heuristic_boost best_rc=0.222741 found=0 added=0 exhausted=True cert=True
[clean-BPC  2953.29s] fathom node 64: reason=bound bound=232.268602
[clean-BPC  2953.29s] node 63 d=11 lb=229.353739 open=23
[clean-BPC  2953.55s] node 63 cg=1 phase=phase1 obj=0.0 artificial=0.0 cols=4147
[clean-BPC  2953.81s] node 63 cg=2 phase=phase2 obj=229.353739 artificial=0.0 cols=4147
[clean-BPC  2957.55s] node 63 cg=2 phase=phase2 kind=heuristic best_rc=0.1420696 found=0 added=0 exhausted=False cert=False
[clean-BPC  2965.94s] node 63 cg=2 phase=phase2 kind=heuristic_boost best_rc=0.1420696 found=0 added=0 exhausted=True cert=True
[clean-BPC  2971.51s] branch node 63: left=arc(8,14)=off right=arc(8,14)=on
[clean-BPC  2971.51s] node 69 d=12 lb=229.353739 open=24
[clean-BPC  2971.78s] node 69 cg=1 phase=phase1 obj=0.0 artificial=0.0 cols=4147
[clean-BPC  2972.06s] node 69 cg=2 phase=phase2 obj=229.353739 artificial=0.0 cols=4147
[clean-BPC  2975.81s] node 69 cg=2 phase=phase2 kind=heuristic best_rc=0.1420696 found=0 added=0 exhausted=False cert=False
[clean-BPC  2984.17s] node 69 cg=2 phase=phase2 kind=heuristic_boost best_rc=0.1420696 found=0 added=0 exhausted=True cert=True
[clean-BPC  2989.21s] branch node 69: left=arc(14,8)=off right=arc(14,8)=on
[clean-BPC  2989.21s] node 70 d=12 lb=229.353739 open=25
[clean-BPC  2989.48s] node 70 cg=1 phase=phase1 obj=0.0 artificial=0.0 cols=4147
[clean-BPC  2989.75s] node 70 cg=2 phase=phase2 obj=234.136628 artificial=0.0 cols=4147
[clean-BPC  2989.75s] cut_purged node=70 removed=1 by_kind={'schedule_nogood_core': 1} remaining=124
[clean-BPC  2990.02s] node 70 cg=3 phase=phase2 obj=234.136628 artificial=0.0 cols=4147
[clean-BPC  2990.02s] cut_purged node=70 removed=1 by_kind={'schedule_nogood_core': 1} remaining=123
[clean-BPC  2990.30s] node 70 cg=4 phase=phase2 obj=234.136628 artificial=0.0 cols=4147
[clean-BPC  2993.45s] node 70 cg=4 phase=phase2 kind=heuristic best_rc=-1.630121 found=44 added=44 exhausted=False cert=False
[clean-BPC  2993.72s] node 70 cg=5 phase=phase2 obj=234.136628 artificial=0.0 cols=4191
[clean-BPC  2996.73s] node 70 cg=5 phase=phase2 kind=heuristic best_rc=-0.313106 found=7 added=7 exhausted=False cert=False
[clean-BPC  2997.01s] node 70 cg=6 phase=phase2 obj=234.136628 artificial=0.0 cols=4198
[clean-BPC  2999.98s] node 70 cg=6 phase=phase2 kind=heuristic best_rc=0.023119 found=0 added=0 exhausted=False cert=False
[clean-BPC  3005.08s] node 70 cg=6 phase=phase2 kind=heuristic_boost best_rc=0.023119 found=0 added=0 exhausted=True cert=True
[clean-BPC  3005.08s] fathom node 70: reason=bound bound=234.136628
[clean-BPC  3005.08s] node 71 d=13 lb=229.353739 open=24
[clean-BPC  3005.35s] node 71 cg=1 phase=phase1 obj=0.0 artificial=0.0 cols=4198
[clean-BPC  3005.63s] node 71 cg=2 phase=phase2 obj=229.366587 artificial=0.0 cols=4198
[clean-BPC  3009.36s] node 71 cg=2 phase=phase2 kind=heuristic best_rc=0.090674545 found=0 added=0 exhausted=False cert=False
[clean-BPC  3017.58s] node 71 cg=2 phase=phase2 kind=heuristic_boost best_rc=-0.43449 found=7 added=7 exhausted=True cert=True
[clean-BPC  3017.86s] node 71 cg=3 phase=phase2 obj=229.366587 artificial=0.0 cols=4205
[clean-BPC  3021.55s] node 71 cg=3 phase=phase2 kind=heuristic best_rc=0.090674545 found=0 added=0 exhausted=False cert=False
[clean-BPC  3029.83s] node 71 cg=3 phase=phase2 kind=heuristic_boost best_rc=-0.38351 found=2 added=2 exhausted=True cert=True
[clean-BPC  3030.11s] node 71 cg=4 phase=phase2 obj=229.366587 artificial=0.0 cols=4207
[clean-BPC  3033.84s] node 71 cg=4 phase=phase2 kind=heuristic best_rc=0.090674545 found=0 added=0 exhausted=False cert=False
[clean-BPC  3042.12s] node 71 cg=4 phase=phase2 kind=heuristic_boost best_rc=0.082515818 found=0 added=0 exhausted=True cert=True
[clean-BPC  3047.42s] branch node 71: left=arc(6,13)=off right=arc(6,13)=on
[clean-BPC  3047.42s] node 72 d=13 lb=229.353739 open=25
[clean-BPC  3047.70s] node 72 cg=1 phase=phase1 obj=0.0 artificial=0.0 cols=4207
[clean-BPC  3047.96s] node 72 cg=2 phase=phase2 obj=234.136628 artificial=0.0 cols=4207
[clean-BPC  3051.24s] node 72 cg=2 phase=phase2 kind=heuristic best_rc=-0.438626 found=4 added=4 exhausted=False cert=False
[clean-BPC  3051.53s] node 72 cg=3 phase=phase2 obj=234.136628 artificial=0.0 cols=4211
[clean-BPC  3054.79s] node 72 cg=3 phase=phase2 kind=heuristic best_rc=0.013231 found=0 added=0 exhausted=False cert=False
[clean-BPC  3061.09s] node 72 cg=3 phase=phase2 kind=heuristic_boost best_rc=0.013231 found=0 added=0 exhausted=True cert=True
[clean-BPC  3061.09s] fathom node 72: reason=bound bound=234.136628
[clean-BPC  3061.09s] node 73 d=14 lb=229.366587 open=24
[clean-BPC  3061.36s] node 73 cg=1 phase=phase1 obj=0.0 artificial=0.0 cols=4211
[clean-BPC  3061.65s] node 73 cg=2 phase=phase2 obj=229.387575 artificial=0.0 cols=4211
[clean-BPC  3065.31s] node 73 cg=2 phase=phase2 kind=heuristic best_rc=-0.148941091 found=2 added=2 exhausted=False cert=False
[clean-BPC  3065.59s] node 73 cg=3 phase=phase2 obj=229.38097 artificial=0.0 cols=4213
[clean-BPC  3069.25s] node 73 cg=3 phase=phase2 kind=heuristic best_rc=0.033144727 found=0 added=0 exhausted=False cert=False
[clean-BPC  3076.57s] node 73 cg=3 phase=phase2 kind=heuristic_boost best_rc=-0.662802 found=17 added=17 exhausted=True cert=True
[clean-BPC  3076.87s] node 73 cg=4 phase=phase2 obj=229.38097 artificial=0.0 cols=4230
[clean-BPC  3080.60s] node 73 cg=4 phase=phase2 kind=heuristic best_rc=0.033144727 found=0 added=0 exhausted=False cert=False
[clean-BPC  3088.77s] node 73 cg=4 phase=phase2 kind=heuristic_boost best_rc=0.033144727 found=0 added=0 exhausted=True cert=True
[clean-BPC  3093.80s] branch node 73: left=RF(9,19)=separate right=RF(9,19)=same
[clean-BPC  3093.80s] node 74 d=14 lb=229.366587 open=25
[clean-BPC  3094.08s] node 74 cg=1 phase=phase1 obj=0.0 artificial=0.0 cols=4230
[clean-BPC  3094.37s] node 74 cg=2 phase=phase2 obj=232.822199 artificial=0.0 cols=4230
[clean-BPC  3097.63s] node 74 cg=2 phase=phase2 kind=heuristic best_rc=-1.3892195 found=14 added=14 exhausted=False cert=False
[clean-BPC  3097.92s] node 74 cg=3 phase=phase2 obj=232.268602 artificial=0.0 cols=4244
[clean-BPC  3101.30s] node 74 cg=3 phase=phase2 kind=heuristic best_rc=0.0804295 found=0 added=0 exhausted=False cert=False
[clean-BPC  3108.49s] node 74 cg=3 phase=phase2 kind=heuristic_boost best_rc=0.0804295 found=0 added=0 exhausted=True cert=True
[clean-BPC  3108.49s] fathom node 74: reason=bound bound=232.268602
[clean-BPC  3108.49s] node 17 d=5 lb=229.371345 open=24
[clean-BPC  3108.74s] node 17 cg=1 phase=phase1 obj=0.0 artificial=0.0 cols=4244
[clean-BPC  3109.00s] node 17 cg=2 phase=phase2 obj=229.371345 artificial=0.0 cols=4244
[clean-BPC  3112.46s] node 17 cg=2 phase=phase2 kind=heuristic best_rc=-0.0 found=0 added=0 exhausted=False cert=False
[clean-BPC  3120.39s] node 17 cg=2 phase=phase2 kind=heuristic_boost best_rc=-0.0 found=0 added=0 exhausted=True cert=True
[clean-BPC  3125.17s] branch node 17: left=arc(12,7)=off right=arc(12,7)=on
[clean-BPC  3125.17s] node 55 d=5 lb=229.371345 open=25
[clean-BPC  3125.40s] node 55 cg=1 phase=phase1 obj=0.0 artificial=0.0 cols=4244
[clean-BPC  3125.63s] node 55 cg=2 phase=phase2 obj=229.371345 artificial=0.0 cols=4244
[clean-BPC  3129.25s] node 55 cg=2 phase=phase2 kind=heuristic best_rc=0.0 found=0 added=0 exhausted=False cert=False
[clean-BPC  3137.28s] node 55 cg=2 phase=phase2 kind=heuristic_boost best_rc=-0.0 found=0 added=0 exhausted=True cert=True
[clean-BPC  3137.29s] route-pack-conflict diag node 55 source_vehicle=1 routes=5 U=4 complete=True cache_hit=True states=97 added=0
[clean-BPC  3137.60s] cut_added family=schedule_nogood_core node=55 added=2 source_vehicle=1 route_count=3 signatures=[[18, 15, 16, 19, 4], [8, 20, 5], [2, 3, 1]]
[clean-BPC  3137.60s] node 77 d=6 lb=229.371345 open=25
[clean-BPC  3137.84s] node 77 cg=1 phase=phase1 obj=0.0 artificial=0.0 cols=4244
[clean-BPC  3138.07s] node 77 cg=2 phase=phase2 obj=229.371345 artificial=0.0 cols=4244
[clean-BPC  3141.44s] node 77 cg=2 phase=phase2 kind=heuristic best_rc=0.0 found=0 added=0 exhausted=False cert=False
[clean-BPC  3148.84s] node 77 cg=2 phase=phase2 kind=heuristic_boost best_rc=-0.702506 found=12 added=12 exhausted=True cert=True
[clean-BPC  3149.09s] node 77 cg=3 phase=phase2 obj=229.371345 artificial=0.0 cols=4256
[clean-BPC  3152.49s] node 77 cg=3 phase=phase2 kind=heuristic best_rc=-0.0 found=0 added=0 exhausted=False cert=False
[clean-BPC  3159.74s] node 77 cg=3 phase=phase2 kind=heuristic_boost best_rc=-0.0 found=0 added=0 exhausted=True cert=True
[clean-BPC  3159.75s] route-pack-conflict diag node 77 source_vehicle=1 routes=5 U=4 complete=True cache_hit=True states=119 added=0
[clean-BPC  3160.28s] cut_added family=schedule_nogood_core node=77 added=2 source_vehicle=1 route_count=3 signatures=[[10, 17, 14, 6], [4, 19, 16, 15, 18], [5, 20, 8]]
[clean-BPC  3160.28s] node 78 d=6 lb=229.371345 open=25
[clean-BPC  3160.51s] node 78 cg=1 phase=phase1 obj=0.0 artificial=0.0 cols=4256
[clean-BPC  3160.78s] node 78 cg=2 phase=phase2 obj=229.371345 artificial=0.0 cols=4256
[clean-BPC  3164.46s] node 78 cg=2 phase=phase2 kind=heuristic best_rc=-0.0 found=0 added=0 exhausted=False cert=False
[clean-BPC  3173.59s] node 78 cg=2 phase=phase2 kind=heuristic_boost best_rc=-0.0 found=0 added=0 exhausted=True cert=True
[clean-BPC  3173.60s] route-pack-conflict diag node 78 source_vehicle=1 routes=5 U=4 complete=True cache_hit=True states=113 added=0
[clean-BPC  3174.78s] cut_added family=schedule_nogood_core node=78 added=2 source_vehicle=1 route_count=4 signatures=[[6, 14, 17, 10], [4, 19, 16, 15, 18], [5, 20, 8], [2, 3, 1]]
[clean-BPC  3174.78s] node 55 d=5 lb=229.371345 open=25
[clean-BPC  3175.01s] node 55 cg=1 phase=phase1 obj=0.0 artificial=0.0 cols=4256
[clean-BPC  3175.23s] node 55 cg=2 phase=phase2 obj=229.371345 artificial=0.0 cols=4256
[clean-BPC  3178.73s] node 55 cg=2 phase=phase2 kind=heuristic best_rc=-0.0 found=0 added=0 exhausted=False cert=False
[clean-BPC  3186.57s] node 55 cg=2 phase=phase2 kind=heuristic_boost best_rc=-0.0 found=0 added=0 exhausted=True cert=True
[clean-BPC  3186.57s] route-pack-conflict diag node 55 source_vehicle=1 routes=5 U=4 complete=True cache_hit=True states=116 added=0
[clean-BPC  3187.76s] cut_added family=schedule_nogood_core node=55 added=2 source_vehicle=1 route_count=4 signatures=[[6, 14, 17, 10], [18, 15, 16, 19, 4], [5, 20, 8], [1, 3, 2]]
[clean-BPC  3187.76s] node 77 d=6 lb=229.371345 open=25
[clean-BPC  3188.00s] node 77 cg=1 phase=phase1 obj=0.0 artificial=0.0 cols=4256
[clean-BPC  3188.25s] node 77 cg=2 phase=phase2 obj=229.371345 artificial=0.0 cols=4256
[clean-BPC  3191.59s] node 77 cg=2 phase=phase2 kind=heuristic best_rc=-0.0 found=0 added=0 exhausted=False cert=False
[clean-BPC  3198.50s] node 77 cg=2 phase=phase2 kind=heuristic_boost best_rc=-0.0 found=0 added=0 exhausted=True cert=True
[clean-BPC  3198.51s] route-pack-conflict diag node 77 source_vehicle=1 routes=5 U=4 complete=True cache_hit=True states=120 added=0
[clean-BPC  3199.69s] cut_added family=schedule_nogood_core node=77 added=2 source_vehicle=1 route_count=4 signatures=[[6, 14, 17, 10], [4, 19, 16, 15, 18], [8, 20, 5], [1, 3, 2]]
[clean-BPC  3199.69s] node 78 d=6 lb=229.371345 open=25
[clean-BPC  3199.93s] node 78 cg=1 phase=phase1 obj=0.0 artificial=0.0 cols=4256
[clean-BPC  3200.20s] node 78 cg=2 phase=phase2 obj=229.391237 artificial=0.0 cols=4256
[clean-BPC  3203.81s] node 78 cg=2 phase=phase2 kind=heuristic best_rc=-0.039784114 found=1 added=1 exhausted=False cert=False
[clean-BPC  3204.06s] node 78 cg=3 phase=phase2 obj=229.389489 artificial=0.0 cols=4257
[clean-BPC  3207.66s] node 78 cg=3 phase=phase2 kind=heuristic best_rc=0.187103806 found=0 added=0 exhausted=False cert=False
[clean-BPC  3215.73s] node 78 cg=3 phase=phase2 kind=heuristic_boost best_rc=0.0 found=0 added=0 exhausted=True cert=True
[clean-BPC  3222.79s] branch node 78: left=arc(14,12)=off right=arc(14,12)=on
[clean-BPC  3222.79s] node 55 d=5 lb=229.371345 open=26
[clean-BPC  3223.02s] node 55 cg=1 phase=phase1 obj=0.0 artificial=0.0 cols=4257
[clean-BPC  3223.26s] node 55 cg=2 phase=phase2 obj=229.371345 artificial=0.0 cols=4257
[clean-BPC  3223.26s] cut_purged node=55 removed=1 by_kind={'schedule_nogood_core': 1} remaining=132
[clean-BPC  3223.48s] node 55 cg=3 phase=phase2 obj=229.371345 artificial=0.0 cols=4257
[clean-BPC  3227.24s] node 55 cg=3 phase=phase2 kind=heuristic best_rc=0.0 found=0 added=0 exhausted=False cert=False
[clean-BPC  3235.95s] node 55 cg=3 phase=phase2 kind=heuristic_boost best_rc=0.0 found=0 added=0 exhausted=True cert=True
[clean-BPC  3235.95s] route-pack-conflict diag node 55 source_vehicle=1 routes=5 U=4 complete=True cache_hit=True states=114 added=0
[clean-BPC  3236.46s] cut_added family=schedule_nogood_core node=55 added=1 source_vehicle=1 route_count=3 signatures=[[10, 17, 14, 6], [18, 15, 16, 19, 4], [5, 20, 8]]
[clean-BPC  3236.46s] node 77 d=6 lb=229.371345 open=26
[clean-BPC  3236.70s] node 77 cg=1 phase=phase1 obj=0.0 artificial=0.0 cols=4257
[clean-BPC  3236.95s] node 77 cg=2 phase=phase2 obj=229.371345 artificial=0.0 cols=4257
[clean-BPC  3240.29s] node 77 cg=2 phase=phase2 kind=heuristic best_rc=-0.0 found=0 added=0 exhausted=False cert=False
[clean-BPC  3247.14s] node 77 cg=2 phase=phase2 kind=heuristic_boost best_rc=-0.0 found=0 added=0 exhausted=True cert=True
[clean-BPC  3251.82s] branch node 77: left=arc(8,20)=off right=arc(8,20)=on
[clean-BPC  3251.82s] node 55 d=5 lb=229.371345 open=27
[clean-BPC  3252.04s] node 55 cg=1 phase=phase1 obj=0.0 artificial=0.0 cols=4257
[clean-BPC  3252.28s] node 55 cg=2 phase=phase2 obj=229.371345 artificial=0.0 cols=4257
[clean-BPC  3255.96s] node 55 cg=2 phase=phase2 kind=heuristic best_rc=0.0 found=0 added=0 exhausted=False cert=False
[clean-BPC  3263.83s] node 55 cg=2 phase=phase2 kind=heuristic_boost best_rc=0.0 found=0 added=0 exhausted=True cert=True
[clean-BPC  3263.84s] route-pack-conflict diag node 55 source_vehicle=1 routes=5 U=4 complete=True cache_hit=True states=115 added=0
[clean-BPC  3264.15s] cut_added family=schedule_nogood_core node=55 added=2 source_vehicle=1 route_count=3 signatures=[[18, 15, 16, 19, 4], [8, 20, 5], [1, 3, 2]]
[clean-BPC  3264.15s] node 81 d=7 lb=229.371345 open=27
[clean-BPC  3264.40s] node 81 cg=1 phase=phase1 obj=0.0 artificial=0.0 cols=4257
[clean-BPC  3264.64s] node 81 cg=2 phase=phase2 obj=229.435531 artificial=0.0 cols=4257
[clean-BPC  3268.30s] node 81 cg=2 phase=phase2 kind=heuristic best_rc=0.209847 found=0 added=0 exhausted=False cert=False
[clean-BPC  3276.10s] node 81 cg=2 phase=phase2 kind=heuristic_boost best_rc=-0.19231175 found=11 added=11 exhausted=True cert=True
[clean-BPC  3276.35s] node 81 cg=3 phase=phase2 obj=229.435531 artificial=0.0 cols=4268
[clean-BPC  3279.89s] node 81 cg=3 phase=phase2 kind=heuristic best_rc=0.100028 found=0 added=0 exhausted=False cert=False
[clean-BPC  3287.49s] node 81 cg=3 phase=phase2 kind=heuristic_boost best_rc=0.100028 found=0 added=0 exhausted=True cert=True
[clean-BPC  3291.16s] branch node 81: left=RF(9,18)=separate right=RF(9,18)=same
[clean-BPC  3291.16s] node 82 d=7 lb=229.371345 open=28
[clean-BPC  3291.39s] node 82 cg=1 phase=phase1 obj=0.0 artificial=0.0 cols=4268
[clean-BPC  3291.64s] node 82 cg=2 phase=phase2 obj=229.371345 artificial=0.0 cols=4268
[clean-BPC  3295.28s] node 82 cg=2 phase=phase2 kind=heuristic best_rc=0.0 found=0 added=0 exhausted=False cert=False
[clean-BPC  3304.75s] node 82 cg=2 phase=phase2 kind=heuristic_boost best_rc=0.0 found=0 added=0 exhausted=True cert=True
[clean-BPC  3304.75s] route-pack-conflict diag node 82 source_vehicle=1 routes=5 U=4 complete=True cache_hit=True states=113 added=0
[clean-BPC  3305.29s] cut_added family=schedule_nogood_core node=82 added=1 source_vehicle=1 route_count=3 signatures=[[10, 17, 14, 6], [4, 19, 16, 15, 18], [8, 20, 5]]
[clean-BPC  3305.29s] node 55 d=5 lb=229.371345 open=28
[clean-BPC  3305.54s] node 55 cg=1 phase=phase1 obj=0.0 artificial=0.0 cols=4268
[clean-BPC  3305.80s] node 55 cg=2 phase=phase2 obj=229.371345 artificial=0.0 cols=4268
[clean-BPC  3305.80s] cut_purged node=55 removed=1 by_kind={'schedule_nogood_core': 1} remaining=135
[clean-BPC  3306.05s] node 55 cg=3 phase=phase2 obj=229.371345 artificial=0.0 cols=4268
[clean-BPC  3310.01s] node 55 cg=3 phase=phase2 kind=heuristic best_rc=0.0 found=0 added=0 exhausted=False cert=False
[clean-BPC  3317.81s] node 55 cg=3 phase=phase2 kind=heuristic_boost best_rc=0.0 found=0 added=0 exhausted=True cert=True
[clean-BPC  3322.78s] branch node 55: left=arc(1,3)=off right=arc(1,3)=on
[clean-BPC  3322.78s] node 82 d=7 lb=229.371345 open=29
[clean-BPC  3323.03s] node 82 cg=1 phase=phase1 obj=0.0 artificial=0.0 cols=4268
[clean-BPC  3323.29s] node 82 cg=2 phase=phase2 obj=229.371345 artificial=0.0 cols=4268
[clean-BPC  3323.29s] cut_purged node=82 removed=1 by_kind={'subset_row': 1} remaining=134
[clean-BPC  3323.54s] node 82 cg=3 phase=phase2 obj=229.371345 artificial=0.0 cols=4268
[clean-BPC  3327.28s] node 82 cg=3 phase=phase2 kind=heuristic best_rc=-0.0 found=0 added=0 exhausted=False cert=False
[clean-BPC  3336.17s] node 82 cg=3 phase=phase2 kind=heuristic_boost best_rc=-0.156529 found=2 added=2 exhausted=True cert=True
[clean-BPC  3336.42s] node 82 cg=4 phase=phase2 obj=229.371345 artificial=0.0 cols=4270
[clean-BPC  3336.42s] cut_purged node=82 removed=1 by_kind={'schedule_nogood_core': 1} remaining=133
[clean-BPC  3336.69s] node 82 cg=5 phase=phase2 obj=229.371345 artificial=0.0 cols=4270
[clean-BPC  3340.37s] node 82 cg=5 phase=phase2 kind=heuristic best_rc=-0.007662714 found=1 added=1 exhausted=False cert=False
[clean-BPC  3340.62s] node 82 cg=6 phase=phase2 obj=229.371345 artificial=0.0 cols=4271
[clean-BPC  3344.31s] node 82 cg=6 phase=phase2 kind=heuristic best_rc=0.057594 found=0 added=0 exhausted=False cert=False
[clean-BPC  3352.63s] node 82 cg=6 phase=phase2 kind=heuristic_boost best_rc=0.0 found=0 added=0 exhausted=True cert=True
[clean-BPC  3352.63s] route-pack-conflict diag node 82 source_vehicle=1 routes=5 U=4 complete=True cache_hit=True states=112 added=0
[clean-BPC  3353.85s] cut_added family=schedule_nogood_core node=82 added=2 source_vehicle=1 route_count=4 signatures=[[6, 14, 17, 10], [4, 19, 16, 15, 18], [8, 20, 5], [2, 3, 1]]
[clean-BPC  3353.85s] node 85 d=6 lb=229.371345 open=29
[clean-BPC  3354.08s] node 85 cg=1 phase=phase1 obj=0.0 artificial=0.0 cols=4271
[clean-BPC  3354.32s] node 85 cg=2 phase=phase2 obj=229.371345 artificial=0.0 cols=4271
[clean-BPC  3354.32s] cut_purged node=85 removed=1 by_kind={'schedule_nogood_core': 1} remaining=134
[clean-BPC  3354.55s] node 85 cg=3 phase=phase2 obj=229.371345 artificial=0.0 cols=4271
[clean-BPC  3358.17s] node 85 cg=3 phase=phase2 kind=heuristic best_rc=-0.062660444 found=2 added=2 exhausted=False cert=False
[clean-BPC  3358.41s] node 85 cg=4 phase=phase2 obj=229.371345 artificial=0.0 cols=4273
[clean-BPC  3361.95s] node 85 cg=4 phase=phase2 kind=heuristic best_rc=0.0 found=0 added=0 exhausted=False cert=False
[clean-BPC  3369.97s] node 85 cg=4 phase=phase2 kind=heuristic_boost best_rc=0.0 found=0 added=0 exhausted=True cert=True
[clean-BPC  3369.97s] route-pack-conflict diag node 85 source_vehicle=1 routes=5 U=4 complete=True cache_hit=True states=97 added=0
[clean-BPC  3370.30s] cut_added family=schedule_nogood_core node=85 added=1 source_vehicle=1 route_count=3 signatures=[[18, 15, 16, 19, 4], [8, 20, 5], [2, 3, 1]]
[clean-BPC  3370.30s] node 86 d=6 lb=229.371345 open=29
[clean-BPC  3370.52s] node 86 cg=1 phase=phase1 obj=0.0 artificial=0.0 cols=4273
[clean-BPC  3370.74s] node 86 cg=2 phase=phase2 obj=229.371345 artificial=0.0 cols=4273
[clean-BPC  3374.03s] node 86 cg=2 phase=phase2 kind=heuristic best_rc=0.0 found=0 added=0 exhausted=False cert=False
[clean-BPC  3380.04s] node 86 cg=2 phase=phase2 kind=heuristic_boost best_rc=0.0 found=0 added=0 exhausted=True cert=True
[clean-BPC  3380.05s] route-pack-conflict diag node 86 source_vehicle=1 routes=5 U=4 complete=True cache_hit=True states=116 added=0
[clean-BPC  3381.24s] cut_added family=schedule_nogood_core node=86 added=1 source_vehicle=1 route_count=4 signatures=[[6, 14, 17, 10], [18, 15, 16, 19, 4], [5, 20, 8], [1, 3, 2]]
[clean-BPC  3381.24s] node 82 d=7 lb=229.371345 open=29
[clean-BPC  3381.49s] node 82 cg=1 phase=phase1 obj=0.0 artificial=0.0 cols=4273
[clean-BPC  3381.75s] node 82 cg=2 phase=phase2 obj=229.404545 artificial=0.0 cols=4273
[clean-BPC  3385.46s] node 82 cg=2 phase=phase2 kind=heuristic best_rc=0.155222 found=0 added=0 exhausted=False cert=False
[clean-BPC  3393.37s] node 82 cg=2 phase=phase2 kind=heuristic_boost best_rc=0.0 found=0 added=0 exhausted=True cert=True
[clean-BPC  3396.88s] branch node 82: left=RF(9,19)=separate right=RF(9,19)=same
[clean-BPC  3396.88s] node 85 d=6 lb=229.371345 open=30
[clean-BPC  3397.10s] node 85 cg=1 phase=phase1 obj=0.0 artificial=0.0 cols=4273
[clean-BPC  3397.34s] node 85 cg=2 phase=phase2 obj=229.389255 artificial=0.0 cols=4273
[clean-BPC  3401.14s] node 85 cg=2 phase=phase2 kind=heuristic best_rc=0.0 found=0 added=0 exhausted=False cert=False
[clean-BPC  3409.52s] node 85 cg=2 phase=phase2 kind=heuristic_boost best_rc=0.0 found=0 added=0 exhausted=True cert=True
[clean-BPC  3415.96s] branch node 85: left=RF(15,20)=separate right=RF(15,20)=same
[clean-BPC  3415.96s] node 86 d=6 lb=229.371345 open=31
[clean-BPC  3416.20s] node 86 cg=1 phase=phase1 obj=0.0 artificial=0.0 cols=4273
[clean-BPC  3416.45s] node 86 cg=2 phase=phase2 obj=229.511572 artificial=0.0 cols=4273
[clean-BPC  3420.16s] node 86 cg=2 phase=phase2 kind=heuristic best_rc=-0.255932 found=2 added=2 exhausted=False cert=False
[clean-BPC  3420.39s] node 86 cg=3 phase=phase2 obj=229.508568 artificial=0.0 cols=4275
[clean-BPC  3424.08s] node 86 cg=3 phase=phase2 kind=heuristic best_rc=-0.0 found=0 added=0 exhausted=False cert=False
[clean-BPC  3431.53s] node 86 cg=3 phase=phase2 kind=heuristic_boost best_rc=-0.0 found=0 added=0 exhausted=True cert=True
[clean-BPC  3437.81s] branch node 86: left=RF(19,20)=separate right=RF(19,20)=same
[clean-BPC  3437.81s] node 75 d=15 lb=229.38097 open=32
[clean-BPC  3438.08s] node 75 cg=1 phase=phase1 obj=0.0 artificial=0.0 cols=4275
[clean-BPC  3438.36s] node 75 cg=2 phase=phase2 obj=229.39794 artificial=0.0 cols=4275
[clean-BPC  3441.86s] node 75 cg=2 phase=phase2 kind=heuristic best_rc=0.199491 found=0 added=0 exhausted=False cert=False
[clean-BPC  3448.39s] node 75 cg=2 phase=phase2 kind=heuristic_boost best_rc=0.199491 found=0 added=0 exhausted=True cert=True
[clean-BPC  3448.40s] route-pack-conflict diag node 75 source_vehicle=1 routes=5 U=4 complete=True cache_hit=False states=112 added=0
[clean-BPC  3449.06s] cut_added family=schedule_nogood_core node=75 added=2 source_vehicle=1 route_count=3 signatures=[[18, 15, 16, 19, 4], [2, 6, 10, 8], [1, 3, 20, 5]]
[clean-BPC  3449.06s] node 76 d=15 lb=229.38097 open=32
[clean-BPC  3449.18s] node 76 cg=1 phase=phase1 obj=0.0 artificial=0.0 cols=4275
[clean-BPC  3449.29s] node 76 cg=2 phase=phase2 obj=232.465819 artificial=0.0 cols=4275
[clean-BPC  3452.13s] node 76 cg=2 phase=phase2 kind=heuristic best_rc=0.011889 found=0 added=0 exhausted=False cert=False
[clean-BPC  3458.70s] node 76 cg=2 phase=phase2 kind=heuristic_boost best_rc=0.011889 found=0 added=0 exhausted=True cert=True
[clean-BPC  3458.70s] fathom node 76: reason=bound bound=232.465819
[clean-BPC  3458.70s] node 33 d=5 lb=229.38635 open=31
[clean-BPC  3459.04s] node 33 cg=1 phase=phase1 obj=0.0 artificial=0.0 cols=4275
[clean-BPC  3459.40s] node 33 cg=2 phase=phase2 obj=229.8576 artificial=0.0 cols=4275
[clean-BPC  3462.94s] node 33 cg=2 phase=phase2 kind=heuristic best_rc=0.0 found=0 added=0 exhausted=False cert=False
[clean-BPC  3469.31s] node 33 cg=2 phase=phase2 kind=heuristic_boost best_rc=-0.052005929 found=2 added=2 exhausted=True cert=True
[clean-BPC  3469.65s] node 33 cg=3 phase=phase2 obj=229.8576 artificial=0.0 cols=4277
[clean-BPC  3473.16s] node 33 cg=3 phase=phase2 kind=heuristic best_rc=-0.0 found=0 added=0 exhausted=False cert=False
[clean-BPC  3479.61s] node 33 cg=3 phase=phase2 kind=heuristic_boost best_rc=-0.0 found=0 added=0 exhausted=True cert=True
[clean-BPC  3488.12s] branch node 33: left=RF(3,8)=separate right=RF(3,8)=same
[clean-BPC  3488.12s] node 34 d=5 lb=229.38635 open=32
[clean-BPC  3488.33s] node 34 cg=1 phase=phase1 obj=0.0 artificial=0.0 cols=4277
[clean-BPC  3488.53s] node 34 cg=2 phase=phase2 obj=230.100773 artificial=0.0 cols=4277
[clean-BPC  3488.53s] cut_purged node=34 removed=3 by_kind={'schedule_nogood_core': 3} remaining=135
[clean-BPC  3488.74s] node 34 cg=3 phase=phase2 obj=230.100773 artificial=0.0 cols=4277
[clean-BPC  3488.74s] cut_purged node=34 removed=1 by_kind={'schedule_nogood_core': 1} remaining=134
[clean-BPC  3488.95s] node 34 cg=4 phase=phase2 obj=230.100773 artificial=0.0 cols=4277
[clean-BPC  3492.33s] node 34 cg=4 phase=phase2 kind=heuristic best_rc=-0.435199667 found=10 added=10 exhausted=False cert=False
[clean-BPC  3492.54s] node 34 cg=5 phase=phase2 obj=230.100773 artificial=0.0 cols=4287
[clean-BPC  3492.54s] cut_purged node=34 removed=3 by_kind={'schedule_nogood_core': 3} remaining=131
[clean-BPC  3492.75s] node 34 cg=6 phase=phase2 obj=230.100773 artificial=0.0 cols=4287
[clean-BPC  3492.75s] cut_purged node=34 removed=1 by_kind={'schedule_nogood_core': 1} remaining=130
[clean-BPC  3492.94s] node 34 cg=7 phase=phase2 obj=230.100773 artificial=0.0 cols=4287
[clean-BPC  3496.43s] node 34 cg=7 phase=phase2 kind=heuristic best_rc=0.020783 found=0 added=0 exhausted=False cert=False
[clean-BPC  3505.72s] node 34 cg=7 phase=phase2 kind=heuristic_boost best_rc=-0.022106444 found=2 added=2 exhausted=True cert=True
[clean-BPC  3505.92s] node 34 cg=8 phase=phase2 obj=230.100773 artificial=0.0 cols=4289
[clean-BPC  3509.32s] node 34 cg=8 phase=phase2 kind=heuristic best_rc=0.0 found=0 added=0 exhausted=False cert=False
[clean-BPC  3518.49s] node 34 cg=8 phase=phase2 kind=heuristic_boost best_rc=-0.585441333 found=4 added=4 exhausted=True cert=True
[clean-BPC  3518.69s] node 34 cg=9 phase=phase2 obj=230.100773 artificial=0.0 cols=4293
[clean-BPC  3522.16s] node 34 cg=9 phase=phase2 kind=heuristic best_rc=-0.067519 found=2 added=2 exhausted=False cert=False
[clean-BPC  3522.35s] node 34 cg=10 phase=phase2 obj=230.100773 artificial=0.0 cols=4295
[clean-BPC  3525.76s] node 34 cg=10 phase=phase2 kind=heuristic best_rc=-0.0 found=0 added=0 exhausted=False cert=False
[clean-BPC  3534.78s] node 34 cg=10 phase=phase2 kind=heuristic_boost best_rc=-0.0 found=0 added=0 exhausted=True cert=True
[clean-BPC  3538.71s] branch node 34: left=RF(3,8)=separate right=RF(3,8)=same
[clean-BPC  3538.71s] node 89 d=7 lb=229.389255 open=33
[clean-BPC  3538.92s] node 89 cg=1 phase=phase1 obj=0.0 artificial=0.0 cols=4295
[clean-BPC  3539.15s] node 89 cg=2 phase=phase2 obj=229.371345 artificial=0.0 cols=4295
[clean-BPC  3542.76s] node 89 cg=2 phase=phase2 kind=heuristic best_rc=0.042166 found=0 added=0 exhausted=False cert=False
[clean-BPC  3549.91s] node 89 cg=2 phase=phase2 kind=heuristic_boost best_rc=0.042166 found=0 added=0 exhausted=True cert=True
[clean-BPC  3549.92s] route-pack-conflict diag node 89 source_vehicle=1 routes=5 U=4 complete=True cache_hit=True states=108 added=0
[clean-BPC  3550.43s] cut_added family=schedule_nogood_core node=89 added=1 source_vehicle=1 route_count=3 signatures=[[10, 17, 14, 6], [18, 15, 16, 19, 4], [5, 20, 8]]
[clean-BPC  3550.43s] node 89 d=7 lb=229.371345 open=33
[clean-BPC  3550.65s] node 89 cg=1 phase=phase1 obj=0.0 artificial=0.0 cols=4295
[clean-BPC  3550.87s] node 89 cg=2 phase=phase2 obj=229.371345 artificial=0.0 cols=4295
[clean-BPC  3554.46s] node 89 cg=2 phase=phase2 kind=heuristic best_rc=0.0 found=0 added=0 exhausted=False cert=False
[clean-BPC  3562.16s] node 89 cg=2 phase=phase2 kind=heuristic_boost best_rc=0.0 found=0 added=0 exhausted=True cert=True
[clean-BPC  3566.33s] branch node 89: left=arc(6,14)=off right=arc(6,14)=on
[clean-BPC  3566.33s] node 97 d=8 lb=229.371345 open=34
[clean-BPC  3566.55s] node 97 cg=1 phase=phase1 obj=0.0 artificial=0.0 cols=4295
[clean-BPC  3566.76s] node 97 cg=2 phase=phase2 obj=229.371345 artificial=0.0 cols=4295
[clean-BPC  3570.30s] node 97 cg=2 phase=phase2 kind=heuristic best_rc=0.06032225 found=0 added=0 exhausted=False cert=False
[clean-BPC  3577.31s] node 97 cg=2 phase=phase2 kind=heuristic_boost best_rc=0.06032225 found=0 added=0 exhausted=True cert=True
[clean-BPC  3577.32s] route-pack-conflict diag node 97 source_vehicle=1 routes=5 U=4 complete=True cache_hit=True states=97 added=0
[clean-BPC  3577.64s] cut_added family=schedule_nogood_core node=97 added=1 source_vehicle=1 route_count=3 signatures=[[18, 15, 16, 19, 4], [8, 20, 5], [2, 3, 1]]
[clean-BPC  3577.64s] node 98 d=8 lb=229.371345 open=34
[clean-BPC  3577.86s] node 98 cg=1 phase=phase1 obj=0.0 artificial=0.0 cols=4295
[clean-BPC  3578.08s] node 98 cg=2 phase=phase2 obj=229.66315 artificial=0.0 cols=4295
[clean-BPC  3581.46s] node 98 cg=2 phase=phase2 kind=heuristic best_rc=-0.888103621 found=2 added=2 exhausted=False cert=False
[clean-BPC  3581.69s] node 98 cg=3 phase=phase2 obj=229.66315 artificial=0.0 cols=4297
[clean-BPC  3585.12s] node 98 cg=3 phase=phase2 kind=heuristic best_rc=0.006734483 found=0 added=0 exhausted=False cert=False
[clean-BPC  3591.01s] node 98 cg=3 phase=phase2 kind=heuristic_boost best_rc=-2.377003 found=36 added=36 exhausted=True cert=True
[clean-BPC  3591.25s] node 98 cg=4 phase=phase2 obj=229.66315 artificial=0.0 cols=4333
[clean-BPC  3594.58s] node 98 cg=4 phase=phase2 kind=heuristic best_rc=0.006734483 found=0 added=0 exhausted=False cert=False
[clean-BPC  3600.36s] node 98 cg=4 phase=phase2 kind=heuristic_boost best_rc=-0.410293517 found=2 added=2 exhausted=True cert=True
[clean-BPC  3600.36s] fathom node 98: reason=time_limit_before_node_certificate bound=None
[clean-BPC  3600.36s] finish status=TIME_LIMIT primal=231.664103 dual=None gap=None cuts=132 diag_dual=229.371345 diag_gap=0.009897 crossing=10 crossing_upgraded=0 subset_row=17 sched_cost=0 pair=0 clique=1 route_pack=93 nogood=37 sched_cap=0
bench_20_02: status=TIME_LIMIT, primal=231.664103, dual=None, gap=None, diag_dual=229.371345, diag_gap=0.009897, time=3600.356702s, nodes=98, rmp=369, pricing=419, routes=4335, cuts=132, crossing=10, crossing_upgraded=0, rci=10, kpath=0, pair=0, subset_row=17, sched_cost=0, clique=1, route_pack=93, nogood=37, sched_cap=0, rim_calls=20, rim_feasible=0, rim_rejected=295, rim_pair=0, rim_route_pack=60, rim_ng=526, rim_sched_cap=0, cuts_purged=26, branch_test_time=297.412711s
开始 clean BPC: instance=bench_20_03, tasks=20, vehicles=2, time_limit=3600s, max_nodes=100000, log=/home/kai/work/gnn_bb/branchpricecut/results/logs/20260521_112737_bpc_clean_subsetrow_only_20_02_03/bench_20_03.jsonl
[clean-BPC     2.11s] incumbent node 0: obj=245.5914
[clean-BPC     2.11s] start: {'time': 2.107392, 'event': 'start', 'instance': 'bench_20_03', 'tasks': 20, 'vehicles': 2, 'initial_routes': 25, 'initial_incumbent': 245.5914, 'task_vehicle_linking_enabled': True, 'schedule_capacity_cuts_enabled': True}
[clean-BPC     2.11s] node 0 d=0 lb=0.0 open=0
[clean-BPC     2.11s] node 0 cg=1 phase=phase1 obj=0.0 artificial=0.0 cols=25
[clean-BPC     2.11s] node 0 cg=2 phase=phase2 obj=245.5914 artificial=0.0 cols=25
[clean-BPC     7.47s] node 0 cg=2 phase=phase2 kind=heuristic best_rc=-25.938804 found=105554 added=600 exhausted=False cert=False
[clean-BPC     7.50s] node 0 cg=3 phase=phase2 obj=245.5914 artificial=0.0 cols=625
[clean-BPC    13.27s] node 0 cg=3 phase=phase2 kind=heuristic best_rc=-23.567444 found=125616 added=600 exhausted=False cert=False
[clean-BPC    13.32s] node 0 cg=4 phase=phase2 obj=243.129978 artificial=0.0 cols=1225
[clean-BPC    16.25s] node 0 cg=4 phase=phase2 kind=heuristic best_rc=-9.059792125 found=7828 added=600 exhausted=False cert=False
[clean-BPC    16.33s] node 0 cg=5 phase=phase2 obj=233.700945 artificial=0.0 cols=1825
[clean-BPC    19.15s] node 0 cg=5 phase=phase2 kind=heuristic best_rc=-3.78132425 found=840 added=600 exhausted=False cert=False
[clean-BPC    19.26s] node 0 cg=6 phase=phase2 obj=230.636741 artificial=0.0 cols=2425
[clean-BPC    22.12s] node 0 cg=6 phase=phase2 kind=heuristic best_rc=-0.418592 found=8 added=8 exhausted=False cert=False
[clean-BPC    22.22s] node 0 cg=7 phase=phase2 obj=230.523904 artificial=0.0 cols=2433
[clean-BPC    25.09s] node 0 cg=7 phase=phase2 kind=heuristic best_rc=0.0 found=0 added=0 exhausted=False cert=False
[clean-BPC    31.60s] node 0 cg=7 phase=phase2 kind=exact best_rc=0.0 found=0 added=0 exhausted=True cert=True
[clean-BPC    33.14s] cut_added family=crossing_cut node=0 added=3 upgraded=0 first={'id': 0, 'tasks': [7, 8, 10, 13, 18], 'demand': 10.0, 'capacity_bound': 2, 'resource_bound': 1, 'k_bound': 2, 'rhs': 4.0, 'source': 'capacity', 'violation': 0.888888889, 'action': 'add'}
[clean-BPC    33.28s] node 0 cg=8 phase=phase2 obj=230.528562 artificial=0.0 cols=2433
[clean-BPC    36.73s] node 0 cg=8 phase=phase2 kind=heuristic best_rc=-0.156613 found=3 added=3 exhausted=False cert=False
[clean-BPC    36.87s] node 0 cg=9 phase=phase2 obj=230.528562 artificial=0.0 cols=2436
[clean-BPC    40.31s] node 0 cg=9 phase=phase2 kind=heuristic best_rc=-0.0 found=0 added=0 exhausted=False cert=False
[clean-BPC    54.59s] node 0 cg=9 phase=phase2 kind=exact best_rc=-1.128763583 found=13 added=13 exhausted=True cert=True
[clean-BPC    54.75s] node 0 cg=10 phase=phase2 obj=230.528562 artificial=0.0 cols=2449
[clean-BPC    58.21s] node 0 cg=10 phase=phase2 kind=heuristic best_rc=0.0 found=0 added=0 exhausted=False cert=False
[clean-BPC    71.02s] node 0 cg=10 phase=phase2 kind=exact best_rc=0.0 found=0 added=0 exhausted=True cert=True
[clean-BPC    72.07s] cut_added family=crossing_cut node=0 added=5 upgraded=0 first={'id': 3, 'tasks': [1, 2, 4, 15, 20], 'demand': 11.0, 'capacity_bound': 2, 'resource_bound': 1, 'k_bound': 2, 'rhs': 4.0, 'source': 'capacity', 'violation': 1.0, 'action': 'add'}
[clean-BPC    72.26s] node 0 cg=11 phase=phase2 obj=230.590244 artificial=0.0 cols=2449
[clean-BPC    75.96s] node 0 cg=11 phase=phase2 kind=heuristic best_rc=-0.392026421 found=7 added=7 exhausted=False cert=False
[clean-BPC    76.17s] node 0 cg=12 phase=phase2 obj=230.564696 artificial=0.0 cols=2456
[clean-BPC    79.83s] node 0 cg=12 phase=phase2 kind=heuristic best_rc=-0.2785552 found=6 added=6 exhausted=False cert=False
[clean-BPC    80.04s] node 0 cg=13 phase=phase2 obj=230.564696 artificial=0.0 cols=2462
[clean-BPC    83.77s] node 0 cg=13 phase=phase2 kind=heuristic best_rc=-0.0 found=0 added=0 exhausted=False cert=False
[clean-BPC   105.71s] node 0 cg=13 phase=phase2 kind=exact best_rc=-0.0 found=0 added=0 exhausted=True cert=True
[clean-BPC   106.87s] subset-row diag node 0 round=1 cand=197 k=2 dup=0 not_viol=375 violated=19 added=19 max_viol=0.3999999999999999
[clean-BPC   106.87s] cut_added family=subset_row node=0 added=19 first(|S|=5, k=2, viol=0.4)
[clean-BPC   107.17s] node 0 cg=14 phase=phase2 obj=231.215543 artificial=0.0 cols=2462
[clean-BPC   110.89s] node 0 cg=14 phase=phase2 kind=heuristic best_rc=-0.348940526 found=21 added=21 exhausted=False cert=False
[clean-BPC   111.18s] node 0 cg=15 phase=phase2 obj=231.170385 artificial=0.0 cols=2483
[clean-BPC   115.15s] node 0 cg=15 phase=phase2 kind=heuristic best_rc=-0.012875769 found=2 added=2 exhausted=False cert=False
[clean-BPC   115.44s] node 0 cg=16 phase=phase2 obj=231.170385 artificial=0.0 cols=2485
[clean-BPC   119.38s] node 0 cg=16 phase=phase2 kind=heuristic best_rc=-0.0 found=0 added=0 exhausted=False cert=False
[clean-BPC   134.37s] node 0 cg=16 phase=phase2 kind=exact best_rc=-0.0 found=0 added=0 exhausted=True cert=True
[clean-BPC   136.15s] subset-row diag node 0 round=2 cand=464 k=2 dup=14 not_viol=898 violated=16 added=16 max_viol=0.33333333333333326
[clean-BPC   136.15s] cut_added family=subset_row node=0 added=16 first(|S|=3, k=2, viol=0.333333333)
[clean-BPC   136.54s] node 0 cg=17 phase=phase2 obj=231.595905 artificial=0.0 cols=2485
[clean-BPC   140.45s] node 0 cg=17 phase=phase2 kind=heuristic best_rc=-0.223215394 found=8 added=8 exhausted=False cert=False
[clean-BPC   140.84s] node 0 cg=18 phase=phase2 obj=231.588996 artificial=0.0 cols=2493
[clean-BPC   144.91s] node 0 cg=18 phase=phase2 kind=heuristic best_rc=-0.002428039 found=2 added=2 exhausted=False cert=False
[clean-BPC   145.29s] node 0 cg=19 phase=phase2 obj=231.588936 artificial=0.0 cols=2495
[clean-BPC   149.34s] node 0 cg=19 phase=phase2 kind=heuristic best_rc=-0.0 found=0 added=0 exhausted=False cert=False
[clean-BPC   162.73s] node 0 cg=19 phase=phase2 kind=exact best_rc=-0.0 found=0 added=0 exhausted=True cert=True
[clean-BPC   164.63s] cut_added family=crossing_cut node=0 added=3 upgraded=0 first={'id': 43, 'tasks': [2, 11, 15, 20], 'demand': 10.0, 'capacity_bound': 2, 'resource_bound': 1, 'k_bound': 2, 'rhs': 4.0, 'source': 'capacity', 'violation': 0.097560976, 'action': 'add'}
[clean-BPC   165.04s] node 0 cg=20 phase=phase2 obj=231.609479 artificial=0.0 cols=2495
[clean-BPC   169.17s] node 0 cg=20 phase=phase2 kind=heuristic best_rc=-0.0 found=0 added=0 exhausted=False cert=False
[clean-BPC   182.98s] node 0 cg=20 phase=phase2 kind=exact best_rc=-0.0 found=0 added=0 exhausted=True cert=True
[clean-BPC   182.99s] subset-row diag node 0 round=3 cand=500 k=2 dup=29 not_viol=963 violated=8 added=8 max_viol=0.15573770491803396
[clean-BPC   182.99s] cut_added family=subset_row node=0 added=8 first(|S|=5, k=2, viol=0.155737705)
[clean-BPC   183.44s] node 0 cg=21 phase=phase2 obj=231.743944 artificial=0.0 cols=2495
[clean-BPC   187.34s] node 0 cg=21 phase=phase2 kind=heuristic best_rc=-0.470776289 found=18 added=18 exhausted=False cert=False
[clean-BPC   187.79s] node 0 cg=22 phase=phase2 obj=231.701368 artificial=0.0 cols=2513
[clean-BPC   191.76s] node 0 cg=22 phase=phase2 kind=heuristic best_rc=-0.069195041 found=2 added=2 exhausted=False cert=False
[clean-BPC   192.23s] node 0 cg=23 phase=phase2 obj=231.701368 artificial=0.0 cols=2515
[clean-BPC   196.14s] node 0 cg=23 phase=phase2 kind=heuristic best_rc=-0.033855365 found=2 added=2 exhausted=False cert=False
[clean-BPC   196.60s] node 0 cg=24 phase=phase2 obj=231.701368 artificial=0.0 cols=2517
[clean-BPC   200.54s] node 0 cg=24 phase=phase2 kind=heuristic best_rc=-0.0 found=0 added=0 exhausted=False cert=False
[clean-BPC   214.42s] node 0 cg=24 phase=phase2 kind=exact best_rc=-0.0 found=0 added=0 exhausted=True cert=True
[clean-BPC   215.10s] route-pack diag node 0 round=1 vehicles=2/2 support_max=27 cand=75 oracle=75 incomplete=0 not_tight=10 not_viol=65 dup=0 violated=0 added=0 max_viol=0.0 states_max=32689
[clean-BPC   215.11s] cut_added family=schedule_incompatibility node=0 added=1 pair=1 clique=0 first(kind=schedule_pair_conflict, vehicle=2, routes=2, U=1.0, y=0.351846785, viol=0.086456908)
[clean-BPC   215.58s] node 0 cg=25 phase=phase2 obj=231.701368 artificial=0.0 cols=2517
[clean-BPC   219.45s] node 0 cg=25 phase=phase2 kind=heuristic best_rc=-0.0 found=0 added=0 exhausted=False cert=False
[clean-BPC   233.21s] node 0 cg=25 phase=phase2 kind=exact best_rc=-0.0 found=0 added=0 exhausted=True cert=True
[clean-BPC   233.79s] route-pack diag node 0 round=1 vehicles=2/2 support_max=28 cand=71 oracle=71 incomplete=0 not_tight=11 not_viol=59 dup=0 violated=1 added=1 max_viol=0.0637580613640818 states_max=26208
[clean-BPC   233.79s] cut_added family=schedule_route_set_packing node=0 added=1 first(vehicle=2, routes=12, U=4, y=0.5, viol=0.063758061, states=4780)
[clean-BPC   234.24s] node 0 cg=26 phase=phase2 obj=231.701368 artificial=0.0 cols=2517
[clean-BPC   238.12s] node 0 cg=26 phase=phase2 kind=heuristic best_rc=-0.0 found=0 added=0 exhausted=False cert=False
[clean-BPC   251.83s] node 0 cg=26 phase=phase2 kind=exact best_rc=-0.0 found=0 added=0 exhausted=True cert=True
[clean-BPC   252.48s] route-pack diag node 0 round=2 vehicles=2/2 support_max=27 cand=72 oracle=72 incomplete=0 not_tight=12 not_viol=56 dup=0 violated=4 added=4 max_viol=0.14432284541723295 states_max=24004
[clean-BPC   252.48s] cut_added family=schedule_route_set_packing node=0 added=4 first(vehicle=2, routes=16, U=4, y=0.5, viol=0.144322845, states=23540)
[clean-BPC   252.94s] node 0 cg=27 phase=phase2 obj=231.701368 artificial=0.0 cols=2517
[clean-BPC   256.87s] node 0 cg=27 phase=phase2 kind=heuristic best_rc=-0.0 found=0 added=0 exhausted=False cert=False
[clean-BPC   270.84s] node 0 cg=27 phase=phase2 kind=exact best_rc=-0.0 found=0 added=0 exhausted=True cert=True
[clean-BPC   270.86s] node 0 schedule-cap candidates={'1': 343, '2': 344}
[clean-BPC   316.05s] schedule-cap diag node 0 round=1 vehicles=2/2 cand=687 oracle=687 incomplete=0 not_tight=687 not_viol=0 dup=0 violated=0 added=0 max_viol=0.0 states_max=124511
[clean-BPC   336.07s] route-pack-conflict diag node 0 source_vehicle=1 routes=5 U=4 complete=True cache_hit=False states=117 added=0
[clean-BPC   337.89s] cut_added family=schedule_pair_conflict node=0 added=2 source_vehicle=1 route_count=2 signatures=[[4, 15, 20, 2], [6, 7, 13, 18, 3, 1]]
[clean-BPC   337.90s] route-pack-conflict diag node 0 source_vehicle=1 routes=5 U=4 complete=True cache_hit=False states=109 added=0
[clean-BPC   339.69s] route-pack-conflict diag node 0 source_vehicle=1 routes=5 U=4 complete=True cache_hit=False states=108 added=0
[clean-BPC   341.50s] route-pack-conflict diag node 0 source_vehicle=1 routes=5 U=4 complete=True cache_hit=False states=100 added=0
[clean-BPC   343.31s] cut_added family=schedule_pair_conflict node=0 added=2 source_vehicle=1 route_count=2 signatures=[[4, 15, 20, 2], [1, 3, 18, 13, 7]]
[clean-BPC   343.31s] rim-conflict diag node 0 conflicts=6 pair_events=2 pair_cuts=4 schedcap_events=0 schedcap_cuts=0 routepack_events=4 routepack_cuts=0 routepack_cache=0 routepack_states_max=117 routepack_budget_skip=0 nogood_events=0 nogood_cuts=0 weak_skip=4
[clean-BPC    20.01s] restricted-MIP node 0 status=TIME_LIMIT obj=None accepted=False routes=2517 rejected=6 pair=4 ng=8 route_pack=0 sched_cap=0 added_cuts=4 time=20.009909
[clean-BPC   343.31s] node 0 d=0 lb=231.701368 open=0
[clean-BPC   343.71s] node 0 cg=1 phase=phase1 obj=0.0 artificial=0.0 cols=2517
[clean-BPC   344.17s] node 0 cg=2 phase=phase2 obj=231.701368 artificial=0.0 cols=2517
[clean-BPC   347.97s] node 0 cg=2 phase=phase2 kind=heuristic best_rc=0.0 found=0 added=0 exhausted=False cert=False
[clean-BPC   361.48s] node 0 cg=2 phase=phase2 kind=exact best_rc=-0.0 found=0 added=0 exhausted=True cert=True
[clean-BPC   361.49s] cut_added family=schedule_incompatibility node=0 added=1 pair=0 clique=1 first(kind=schedule_clique_conflict, vehicle=2, routes=4, U=1.0, y=0.5, viol=0.141501368)
[clean-BPC   361.94s] node 0 cg=3 phase=phase2 obj=231.701368 artificial=0.0 cols=2517
[clean-BPC   365.75s] node 0 cg=3 phase=phase2 kind=heuristic best_rc=-0.0 found=0 added=0 exhausted=False cert=False
[clean-BPC   379.26s] node 0 cg=3 phase=phase2 kind=exact best_rc=-0.0 found=0 added=0 exhausted=True cert=True
[clean-BPC   379.27s] node 0 schedule-cap candidates={'1': 340, '2': 346}
[clean-BPC   413.18s] schedule-cap diag node 0 round=1 vehicles=2/2 cand=686 oracle=686 incomplete=0 not_tight=686 not_viol=0 dup=0 violated=0 added=0 max_viol=0.0 states_max=124265
[clean-BPC   433.28s] route-pack-conflict diag node 0 source_vehicle=1 routes=5 U=4 complete=True cache_hit=True states=117 added=0
[clean-BPC   435.13s] cut_added family=schedule_nogood_core node=0 added=1 source_vehicle=1 route_count=3 signatures=[[5, 9, 19, 11], [2, 20, 15, 4], [1, 3, 18, 13, 7, 6]]
[clean-BPC   435.13s] route-pack-conflict diag node 0 source_vehicle=1 routes=5 U=4 complete=True cache_hit=True states=109 added=0
[clean-BPC   436.97s] cut_added family=schedule_pair_conflict node=0 added=1 source_vehicle=1 route_count=2 signatures=[[4, 15, 20, 2], [1, 3, 18, 13, 7, 6]]
[clean-BPC   436.97s] route-pack-conflict diag node 0 source_vehicle=1 routes=5 U=4 complete=True cache_hit=True states=108 added=0
[clean-BPC   438.80s] route-pack-conflict diag node 0 source_vehicle=1 routes=5 U=4 complete=True cache_hit=True states=100 added=0
[clean-BPC   440.63s] rim-conflict diag node 0 conflicts=5 pair_events=1 pair_cuts=1 schedcap_events=0 schedcap_cuts=0 routepack_events=4 routepack_cuts=0 routepack_cache=4 routepack_states_max=117 routepack_budget_skip=0 nogood_events=1 nogood_cuts=1 weak_skip=3
[clean-BPC    20.10s] restricted-MIP node 0 status=TIME_LIMIT obj=None accepted=False routes=2517 rejected=5 pair=2 ng=8 route_pack=0 sched_cap=0 added_cuts=2 time=20.097662
[clean-BPC   440.63s] node 0 d=0 lb=231.701368 open=0
[clean-BPC   441.05s] node 0 cg=1 phase=phase1 obj=0.0 artificial=0.0 cols=2517
[clean-BPC   441.52s] node 0 cg=2 phase=phase2 obj=231.701368 artificial=0.0 cols=2517
[clean-BPC   445.41s] node 0 cg=2 phase=phase2 kind=heuristic best_rc=-0.0 found=0 added=0 exhausted=False cert=False
[clean-BPC   459.31s] node 0 cg=2 phase=phase2 kind=exact best_rc=-0.0 found=0 added=0 exhausted=True cert=True
[clean-BPC   459.32s] node 0 schedule-cap candidates={'1': 338, '2': 339}
[clean-BPC   465.41s] schedule-cap diag node 0 round=1 vehicles=2/2 cand=677 oracle=677 incomplete=0 not_tight=677 not_viol=0 dup=0 violated=0 added=0 max_viol=0.0 states_max=124265
[clean-BPC   485.69s] route-pack-conflict diag node 0 source_vehicle=1 routes=5 U=4 complete=True cache_hit=True states=109 added=0
[clean-BPC   487.53s] route-pack-conflict diag node 0 source_vehicle=1 routes=5 U=4 complete=True cache_hit=True states=108 added=0
[clean-BPC   489.38s] route-pack-conflict diag node 0 source_vehicle=1 routes=5 U=4 complete=True cache_hit=True states=100 added=0
[clean-BPC   491.20s] route-pack-conflict diag node 0 source_vehicle=1 routes=5 U=3 complete=True cache_hit=False states=97 added=2
[clean-BPC   491.20s] cut_added family=schedule_route_set_packing node=0 added=2 source=schedule_conflict first(vehicle=1, routes=5, U=3, states=97, cache_hit=False)
[clean-BPC   491.20s] cut_added family=schedule_pair_conflict node=0 added=2 source_vehicle=1 route_count=2 signatures=[[4, 15, 20, 2], [7, 13, 18, 3, 1]]
[clean-BPC   491.21s] route-pack-conflict diag node 0 source_vehicle=1 routes=5 U=4 complete=True cache_hit=False states=114 added=0
[clean-BPC   491.48s] rim-conflict diag node 0 conflicts=6 pair_events=1 pair_cuts=2 schedcap_events=0 schedcap_cuts=0 routepack_events=5 routepack_cuts=2 routepack_cache=3 routepack_states_max=114 routepack_budget_skip=0 nogood_events=0 nogood_cuts=0 weak_skip=4
[clean-BPC    20.27s] restricted-MIP node 0 status=TIME_LIMIT obj=None accepted=False routes=2517 rejected=6 pair=2 ng=8 route_pack=2 sched_cap=0 added_cuts=4 time=20.272615
[clean-BPC   491.48s] node 0 d=0 lb=231.701368 open=0
[clean-BPC   491.90s] node 0 cg=1 phase=phase1 obj=0.0 artificial=0.0 cols=2517
[clean-BPC   492.36s] node 0 cg=2 phase=phase2 obj=231.701368 artificial=0.0 cols=2517
[clean-BPC   496.25s] node 0 cg=2 phase=phase2 kind=heuristic best_rc=-0.0 found=0 added=0 exhausted=False cert=False
[clean-BPC   510.04s] node 0 cg=2 phase=phase2 kind=exact best_rc=-0.0 found=0 added=0 exhausted=True cert=True
[clean-BPC   510.05s] node 0 schedule-cap candidates={'1': 341, '2': 340}
[clean-BPC   614.83s] schedule-cap diag node 0 round=1 vehicles=2/2 cand=681 oracle=681 incomplete=0 not_tight=681 not_viol=0 dup=0 violated=0 added=0 max_viol=0.0 states_max=119231
[clean-BPC   635.24s] route-pack-conflict diag node 0 source_vehicle=1 routes=5 U=4 complete=True cache_hit=True states=109 added=0
[clean-BPC   637.07s] route-pack-conflict diag node 0 source_vehicle=1 routes=5 U=4 complete=True cache_hit=True states=108 added=0
[clean-BPC   638.92s] route-pack-conflict diag node 0 source_vehicle=1 routes=5 U=4 complete=True cache_hit=True states=100 added=0
[clean-BPC   640.78s] route-pack-conflict diag node 0 source_vehicle=1 routes=5 U=3 complete=True cache_hit=False states=111 added=2
[clean-BPC   640.78s] cut_added family=schedule_route_set_packing node=0 added=2 source=schedule_conflict first(vehicle=1, routes=5, U=3, states=111, cache_hit=False)
[clean-BPC   640.78s] route-pack-conflict diag node 0 source_vehicle=1 routes=5 U=3 complete=True cache_hit=False states=119 added=2
[clean-BPC   640.78s] cut_added family=schedule_route_set_packing node=0 added=2 source=schedule_conflict first(vehicle=1, routes=5, U=3, states=119, cache_hit=False)
[clean-BPC   641.14s] rim-conflict diag node 0 conflicts=6 pair_events=0 pair_cuts=0 schedcap_events=0 schedcap_cuts=0 routepack_events=5 routepack_cuts=4 routepack_cache=3 routepack_states_max=119 routepack_budget_skip=1 nogood_events=0 nogood_cuts=0 weak_skip=4
[clean-BPC    20.41s] restricted-MIP node 0 status=TIME_LIMIT obj=None accepted=False routes=2517 rejected=6 pair=0 ng=8 route_pack=4 sched_cap=0 added_cuts=4 time=20.408536
[clean-BPC   641.14s] node 0 d=0 lb=231.701368 open=0
[clean-BPC   641.57s] node 0 cg=1 phase=phase1 obj=0.0 artificial=0.0 cols=2517
[clean-BPC   642.03s] node 0 cg=2 phase=phase2 obj=231.701368 artificial=0.0 cols=2517
[clean-BPC   645.90s] node 0 cg=2 phase=phase2 kind=heuristic best_rc=0.0 found=0 added=0 exhausted=False cert=False
[clean-BPC   659.70s] node 0 cg=2 phase=phase2 kind=exact best_rc=0.0 found=0 added=0 exhausted=True cert=True
[clean-BPC   659.71s] node 0 schedule-cap candidates={'1': 339, '2': 341}
[clean-BPC   709.67s] schedule-cap diag node 0 round=1 vehicles=2/2 cand=680 oracle=680 incomplete=0 not_tight=680 not_viol=0 dup=0 violated=0 added=0 max_viol=0.0 states_max=110755
[clean-BPC   729.72s] route-pack-conflict diag node 0 source_vehicle=1 routes=5 U=4 complete=True cache_hit=True states=109 added=0
[clean-BPC   731.57s] route-pack-conflict diag node 0 source_vehicle=1 routes=5 U=4 complete=True cache_hit=True states=108 added=0
[clean-BPC   733.39s] route-pack-conflict diag node 0 source_vehicle=1 routes=5 U=4 complete=True cache_hit=True states=100 added=0
[clean-BPC   735.24s] route-pack-conflict diag node 0 source_vehicle=1 routes=5 U=3 complete=True cache_hit=False states=109 added=2
[clean-BPC   735.24s] cut_added family=schedule_route_set_packing node=0 added=2 source=schedule_conflict first(vehicle=1, routes=5, U=3, states=109, cache_hit=False)
[clean-BPC   735.25s] route-pack-conflict diag node 0 source_vehicle=1 routes=5 U=3 complete=True cache_hit=False states=109 added=2
[clean-BPC   735.25s] cut_added family=schedule_route_set_packing node=0 added=2 source=schedule_conflict first(vehicle=1, routes=5, U=3, states=109, cache_hit=False)
[clean-BPC   735.25s] rim-conflict diag node 0 conflicts=5 pair_events=0 pair_cuts=0 schedcap_events=0 schedcap_cuts=0 routepack_events=5 routepack_cuts=4 routepack_cache=3 routepack_states_max=109 routepack_budget_skip=0 nogood_events=0 nogood_cuts=0 weak_skip=3
[clean-BPC    20.04s] restricted-MIP node 0 status=TIME_LIMIT obj=None accepted=False routes=2517 rejected=5 pair=0 ng=6 route_pack=4 sched_cap=0 added_cuts=4 time=20.043109
[clean-BPC   735.25s] node 0 d=0 lb=231.701368 open=0
[clean-BPC   735.68s] node 0 cg=1 phase=phase1 obj=0.0 artificial=0.0 cols=2517
[clean-BPC   736.14s] node 0 cg=2 phase=phase2 obj=231.701368 artificial=0.0 cols=2517
[clean-BPC   736.14s] cut_purged node=0 removed=9 by_kind={'crossing_cut': 5, 'subset_row': 4} remaining=70
[clean-BPC   736.57s] node 0 cg=3 phase=phase2 obj=231.701368 artificial=0.0 cols=2517
[clean-BPC   740.67s] node 0 cg=3 phase=phase2 kind=heuristic best_rc=-0.0 found=0 added=0 exhausted=False cert=False
[clean-BPC   755.46s] node 0 cg=3 phase=phase2 kind=exact best_rc=-0.0 found=0 added=0 exhausted=True cert=True
[clean-BPC   755.49s] node 0 schedule-cap candidates={'1': 327, '2': 342}
[clean-BPC   789.70s] schedule-cap diag node 0 round=1 vehicles=2/2 cand=669 oracle=669 incomplete=0 not_tight=669 not_viol=0 dup=0 violated=0 added=0 max_viol=0.0 states_max=124511
[clean-BPC   809.72s] route-pack-conflict diag node 0 source_vehicle=1 routes=5 U=4 complete=True cache_hit=True states=108 added=0
[clean-BPC   811.64s] route-pack-conflict diag node 0 source_vehicle=1 routes=5 U=4 complete=True cache_hit=True states=109 added=0
[clean-BPC   813.54s] route-pack-conflict diag node 0 source_vehicle=1 routes=5 U=4 complete=True cache_hit=True states=100 added=0
[clean-BPC   815.46s] route-pack-conflict diag node 0 source_vehicle=1 routes=5 U=3 complete=True cache_hit=False states=101 added=2
[clean-BPC   815.46s] cut_added family=schedule_route_set_packing node=0 added=2 source=schedule_conflict first(vehicle=1, routes=5, U=3, states=101, cache_hit=False)
[clean-BPC   815.47s] route-pack-conflict diag node 0 source_vehicle=1 routes=5 U=3 complete=True cache_hit=False states=89 added=2
[clean-BPC   815.47s] cut_added family=schedule_route_set_packing node=0 added=2 source=schedule_conflict first(vehicle=1, routes=5, U=3, states=89, cache_hit=False)
[clean-BPC   815.47s] rim-conflict diag node 0 conflicts=5 pair_events=0 pair_cuts=0 schedcap_events=0 schedcap_cuts=0 routepack_events=5 routepack_cuts=4 routepack_cache=3 routepack_states_max=109 routepack_budget_skip=0 nogood_events=0 nogood_cuts=0 weak_skip=3
[clean-BPC    20.01s] restricted-MIP node 0 status=TIME_LIMIT obj=None accepted=False routes=2517 rejected=5 pair=0 ng=6 route_pack=4 sched_cap=0 added_cuts=4 time=20.012166
[clean-BPC   815.47s] node 0 d=0 lb=231.701368 open=0
[clean-BPC   815.84s] node 0 cg=1 phase=phase1 obj=0.0 artificial=0.0 cols=2517
[clean-BPC   816.29s] node 0 cg=2 phase=phase2 obj=231.701368 artificial=0.0 cols=2517
[clean-BPC   820.42s] node 0 cg=2 phase=phase2 kind=heuristic best_rc=-0.0 found=0 added=0 exhausted=False cert=False
[clean-BPC   835.11s] node 0 cg=2 phase=phase2 kind=exact best_rc=-0.0 found=0 added=0 exhausted=True cert=True
[clean-BPC   835.12s] node 0 schedule-cap candidates={'1': 339, '2': 340}
[clean-BPC   837.86s] schedule-cap diag node 0 round=1 vehicles=2/2 cand=679 oracle=679 incomplete=0 not_tight=679 not_viol=0 dup=0 violated=0 added=0 max_viol=0.0 states_max=124511
[clean-BPC   858.24s] route-pack-conflict diag node 0 source_vehicle=1 routes=5 U=4 complete=True cache_hit=True states=108 added=0
[clean-BPC   860.14s] route-pack-conflict diag node 0 source_vehicle=1 routes=5 U=4 complete=True cache_hit=True states=109 added=0
[clean-BPC   862.00s] route-pack-conflict diag node 0 source_vehicle=1 routes=5 U=4 complete=True cache_hit=True states=100 added=0
[clean-BPC   863.89s] route-pack-conflict diag node 0 source_vehicle=1 routes=5 U=3 complete=True cache_hit=False states=101 added=2
[clean-BPC   863.89s] cut_added family=schedule_route_set_packing node=0 added=2 source=schedule_conflict first(vehicle=1, routes=5, U=3, states=101, cache_hit=False)
[clean-BPC   863.89s] route-pack-conflict diag node 0 source_vehicle=1 routes=5 U=4 complete=True cache_hit=False states=123 added=0
[clean-BPC   864.25s] rim-conflict diag node 0 conflicts=5 pair_events=0 pair_cuts=0 schedcap_events=0 schedcap_cuts=0 routepack_events=5 routepack_cuts=2 routepack_cache=3 routepack_states_max=123 routepack_budget_skip=0 nogood_events=0 nogood_cuts=0 weak_skip=4
[clean-BPC    20.37s] restricted-MIP node 0 status=TIME_LIMIT obj=None accepted=False routes=2517 rejected=5 pair=0 ng=8 route_pack=2 sched_cap=0 added_cuts=2 time=20.372767
[clean-BPC   864.25s] node 0 d=0 lb=231.701368 open=0
[clean-BPC   864.63s] node 0 cg=1 phase=phase1 obj=0.0 artificial=0.0 cols=2517
[clean-BPC   865.08s] node 0 cg=2 phase=phase2 obj=231.701368 artificial=0.0 cols=2517
[clean-BPC   865.08s] cut_purged node=0 removed=9 by_kind={'crossing_cut': 1, 'subset_row': 8} remaining=67
[clean-BPC   865.45s] node 0 cg=3 phase=phase2 obj=231.701368 artificial=0.0 cols=2517
[clean-BPC   865.45s] cut_purged node=0 removed=1 by_kind={'schedule_nogood_core': 1} remaining=66
[clean-BPC   865.80s] node 0 cg=4 phase=phase2 obj=231.701368 artificial=0.0 cols=2517
[clean-BPC   865.80s] cut_purged node=0 removed=2 by_kind={'subset_row': 2} remaining=64
[clean-BPC   866.16s] node 0 cg=5 phase=phase2 obj=231.701368 artificial=0.0 cols=2517
[clean-BPC   866.16s] cut_purged node=0 removed=1 by_kind={'crossing_cut': 1} remaining=63
[clean-BPC   866.49s] node 0 cg=6 phase=phase2 obj=231.701368 artificial=0.0 cols=2517
[clean-BPC   866.49s] cut_purged node=0 removed=7 by_kind={'subset_row': 6, 'crossing_cut': 1} remaining=56
[clean-BPC   866.81s] node 0 cg=7 phase=phase2 obj=231.701368 artificial=0.0 cols=2517
[clean-BPC   866.81s] cut_purged node=0 removed=3 by_kind={'subset_row': 3} remaining=53
[clean-BPC   867.09s] node 0 cg=8 phase=phase2 obj=231.701368 artificial=0.0 cols=2517
[clean-BPC   871.18s] node 0 cg=8 phase=phase2 kind=heuristic best_rc=-0.0 found=0 added=0 exhausted=False cert=False
[clean-BPC   885.42s] node 0 cg=8 phase=phase2 kind=exact best_rc=-0.0 found=0 added=0 exhausted=True cert=True
[clean-BPC   885.45s] node 0 schedule-cap candidates={'1': 339, '2': 339}
[clean-BPC   888.79s] schedule-cap diag node 0 round=1 vehicles=2/2 cand=678 oracle=678 incomplete=0 not_tight=678 not_viol=0 dup=0 violated=0 added=0 max_viol=0.0 states_max=124265
[clean-BPC   909.07s] route-pack-conflict diag node 0 source_vehicle=1 routes=5 U=4 complete=True cache_hit=True states=117 added=0
[clean-BPC   910.99s] route-pack-conflict diag node 0 source_vehicle=1 routes=5 U=4 complete=True cache_hit=True states=108 added=0
[clean-BPC   912.89s] route-pack-conflict diag node 0 source_vehicle=1 routes=5 U=4 complete=True cache_hit=True states=109 added=0
[clean-BPC   914.76s] route-pack-conflict diag node 0 source_vehicle=1 routes=5 U=4 complete=True cache_hit=True states=100 added=0
[clean-BPC   916.65s] route-pack-conflict diag node 0 source_vehicle=1 routes=5 U=4 complete=True cache_hit=True states=123 added=0
[clean-BPC   917.01s] route-pack-conflict diag node 0 source_vehicle=1 routes=5 U=4 complete=True cache_hit=False states=102 added=0
[clean-BPC   917.39s] route-pack-conflict diag node 0 source_vehicle=1 routes=5 U=4 complete=True cache_hit=False states=93 added=0
[clean-BPC   917.65s] rim-conflict diag node 0 conflicts=7 pair_events=0 pair_cuts=0 schedcap_events=0 schedcap_cuts=0 routepack_events=7 routepack_cuts=0 routepack_cache=5 routepack_states_max=123 routepack_budget_skip=0 nogood_events=0 nogood_cuts=0 weak_skip=7
[clean-BPC    20.28s] restricted-MIP node 0 status=TIME_LIMIT obj=None accepted=False routes=2517 rejected=7 pair=0 ng=14 route_pack=0 sched_cap=0 added_cuts=0 time=20.27603
[clean-BPC   922.04s] branch node 0: left=task_vehicle(14,2)=off right=task_vehicle(14,2)=on
[clean-BPC   922.04s] node 1 d=1 lb=231.701368 open=1
[clean-BPC   922.27s] node 1 cg=1 phase=phase1 obj=0.0 artificial=0.0 cols=2517
[clean-BPC   922.52s] node 1 cg=2 phase=phase2 obj=231.701368 artificial=0.0 cols=2517
[clean-BPC   926.58s] node 1 cg=2 phase=phase2 kind=heuristic best_rc=-0.0 found=0 added=0 exhausted=False cert=False
[clean-BPC   940.66s] node 1 cg=2 phase=phase2 kind=heuristic_boost best_rc=-3.941864874 found=249 added=249 exhausted=True cert=True
[clean-BPC   940.94s] node 1 cg=3 phase=phase2 obj=231.701368 artificial=0.0 cols=2766
[clean-BPC   944.94s] node 1 cg=3 phase=phase2 kind=heuristic best_rc=-0.0 found=0 added=0 exhausted=False cert=False
[clean-BPC   958.25s] node 1 cg=3 phase=phase2 kind=heuristic_boost best_rc=-0.689020937 found=6 added=6 exhausted=True cert=True
[clean-BPC   958.54s] node 1 cg=4 phase=phase2 obj=231.701368 artificial=0.0 cols=2772
[clean-BPC   962.68s] node 1 cg=4 phase=phase2 kind=heuristic best_rc=-0.0 found=0 added=0 exhausted=False cert=False
[clean-BPC   976.77s] node 1 cg=4 phase=phase2 kind=heuristic_boost best_rc=-1.5956277 found=55 added=55 exhausted=True cert=True
[clean-BPC   977.05s] node 1 cg=5 phase=phase2 obj=231.701368 artificial=0.0 cols=2827
[clean-BPC   981.08s] node 1 cg=5 phase=phase2 kind=heuristic best_rc=-0.0 found=0 added=0 exhausted=False cert=False
[clean-BPC   994.75s] node 1 cg=5 phase=phase2 kind=heuristic_boost best_rc=-0.451769752 found=20 added=20 exhausted=True cert=True
[clean-BPC   995.03s] node 1 cg=6 phase=phase2 obj=231.701368 artificial=0.0 cols=2847
[clean-BPC   999.05s] node 1 cg=6 phase=phase2 kind=heuristic best_rc=-0.0 found=0 added=0 exhausted=False cert=False
[clean-BPC  1012.82s] node 1 cg=6 phase=phase2 kind=heuristic_boost best_rc=-0.504776231 found=9 added=9 exhausted=True cert=True
[clean-BPC  1013.10s] node 1 cg=7 phase=phase2 obj=231.701368 artificial=0.0 cols=2856
[clean-BPC  1017.16s] node 1 cg=7 phase=phase2 kind=heuristic best_rc=0.0 found=0 added=0 exhausted=False cert=False
[clean-BPC  1030.73s] node 1 cg=7 phase=phase2 kind=heuristic_boost best_rc=-0.172133882 found=3 added=3 exhausted=True cert=True
[clean-BPC  1031.03s] node 1 cg=8 phase=phase2 obj=231.701368 artificial=0.0 cols=2859
[clean-BPC  1035.23s] node 1 cg=8 phase=phase2 kind=heuristic best_rc=-0.0 found=0 added=0 exhausted=False cert=False
[clean-BPC  1048.88s] node 1 cg=8 phase=phase2 kind=heuristic_boost best_rc=-0.172187247 found=4 added=4 exhausted=True cert=True
[clean-BPC  1049.16s] node 1 cg=9 phase=phase2 obj=231.701368 artificial=0.0 cols=2863
[clean-BPC  1053.20s] node 1 cg=9 phase=phase2 kind=heuristic best_rc=0.0 found=0 added=0 exhausted=False cert=False
[clean-BPC  1066.76s] node 1 cg=9 phase=phase2 kind=heuristic_boost best_rc=-0.883613685 found=2 added=2 exhausted=True cert=True
[clean-BPC  1067.04s] node 1 cg=10 phase=phase2 obj=231.701368 artificial=0.0 cols=2865
[clean-BPC  1071.07s] node 1 cg=10 phase=phase2 kind=heuristic best_rc=0.0 found=0 added=0 exhausted=False cert=False
[clean-BPC  1084.43s] node 1 cg=10 phase=phase2 kind=heuristic_boost best_rc=-0.174598094 found=2 added=2 exhausted=True cert=True
[clean-BPC  1084.72s] node 1 cg=11 phase=phase2 obj=231.701368 artificial=0.0 cols=2867
[clean-BPC  1088.73s] node 1 cg=11 phase=phase2 kind=heuristic best_rc=-0.0 found=0 added=0 exhausted=False cert=False
[clean-BPC  1102.16s] node 1 cg=11 phase=phase2 kind=heuristic_boost best_rc=-0.297382593 found=11 added=11 exhausted=True cert=True
[clean-BPC  1102.43s] node 1 cg=12 phase=phase2 obj=231.701368 artificial=0.0 cols=2878
[clean-BPC  1106.50s] node 1 cg=12 phase=phase2 kind=heuristic best_rc=-0.0 found=0 added=0 exhausted=False cert=False
[clean-BPC  1120.02s] node 1 cg=12 phase=phase2 kind=heuristic_boost best_rc=-0.0 found=0 added=0 exhausted=True cert=True
[clean-BPC  1120.41s] route-pack diag node 1 round=1 vehicles=1/2 support_max=35 cand=39 oracle=39 incomplete=0 not_tight=6 not_viol=33 dup=0 violated=0 added=0 max_viol=0.0 states_max=26139
[clean-BPC  1140.78s] route-pack-conflict diag node 1 source_vehicle=1 routes=5 U=4 complete=True cache_hit=False states=120 added=0
[clean-BPC  1141.14s] route-pack-conflict diag node 1 source_vehicle=1 routes=5 U=4 complete=True cache_hit=False states=111 added=0
[clean-BPC  1141.49s] cut_added family=schedule_pair_conflict node=1 added=2 source_vehicle=1 route_count=2 signatures=[[4, 15, 20, 2], [1, 3, 7, 6]]
[clean-BPC  1141.49s] route-pack-conflict diag node 1 source_vehicle=1 routes=5 U=4 complete=True cache_hit=False states=102 added=0
[clean-BPC  1141.87s] route-pack-conflict diag node 1 source_vehicle=1 routes=5 U=4 complete=True cache_hit=False states=120 added=0
[clean-BPC  1142.23s] route-pack-conflict diag node 1 source_vehicle=1 routes=5 U=4 complete=True cache_hit=False states=111 added=0
[clean-BPC  1142.59s] route-pack-conflict diag node 1 source_vehicle=1 routes=5 U=4 complete=True cache_hit=False states=120 added=0
[clean-BPC  1142.95s] route-pack-conflict diag node 1 source_vehicle=1 routes=5 U=4 complete=True cache_hit=False states=111 added=0
[clean-BPC  1143.32s] route-pack-conflict diag node 1 source_vehicle=1 routes=5 U=4 complete=True cache_hit=False states=120 added=0
[clean-BPC  1143.68s] cut_added family=schedule_pair_conflict node=1 added=2 source_vehicle=1 route_count=2 signatures=[[4, 15, 20, 2], [6, 7, 3, 1]]
[clean-BPC  1143.68s] route-pack-conflict diag node 1 source_vehicle=1 routes=5 U=4 complete=True cache_hit=False states=111 added=0
[clean-BPC  1144.04s] route-pack-conflict diag node 1 source_vehicle=1 routes=5 U=4 complete=True cache_hit=False states=108 added=0
[clean-BPC  1144.39s] route-pack-conflict diag node 1 source_vehicle=1 routes=5 U=4 complete=True cache_hit=False states=124 added=0
[clean-BPC  1144.95s] route-pack-conflict diag node 1 source_vehicle=1 routes=5 U=4 complete=True cache_hit=False states=123 added=0
[clean-BPC  1145.49s] route-pack-conflict diag node 1 source_vehicle=1 routes=5 U=4 complete=True cache_hit=False states=111 added=0
[clean-BPC  1145.84s] rim-conflict diag node 1 conflicts=15 pair_events=2 pair_cuts=4 schedcap_events=0 schedcap_cuts=0 routepack_events=13 routepack_cuts=0 routepack_cache=0 routepack_states_max=124 routepack_budget_skip=0 nogood_events=0 nogood_cuts=0 weak_skip=13
[clean-BPC    20.36s] restricted-MIP node 1 status=TIME_LIMIT obj=None accepted=False routes=2878 rejected=15 pair=4 ng=26 route_pack=0 sched_cap=0 added_cuts=4 time=20.361553
[clean-BPC  1145.84s] node 2 d=1 lb=231.701368 open=1
[clean-BPC  1146.09s] node 2 cg=1 phase=phase1 obj=0.0 artificial=0.0 cols=2878
[clean-BPC  1146.37s] node 2 cg=2 phase=phase2 obj=331.701368 artificial=0.0 cols=2878
[clean-BPC  1150.31s] node 2 cg=2 phase=phase2 kind=heuristic best_rc=0.0 found=0 added=0 exhausted=False cert=False
[clean-BPC  1163.49s] node 2 cg=2 phase=phase2 kind=heuristic_boost best_rc=0.0 found=0 added=0 exhausted=True cert=True
[clean-BPC  1163.83s] route-pack diag node 2 round=1 vehicles=2/2 support_max=22 cand=62 oracle=62 incomplete=0 not_tight=11 not_viol=51 dup=0 violated=0 added=0 max_viol=0.0 states_max=19476
[clean-BPC  1163.84s] fathom node 2: reason=bound bound=331.701368
[clean-BPC  1163.84s] node 1 d=1 lb=231.701368 open=0
[clean-BPC  1164.09s] node 1 cg=1 phase=phase1 obj=0.0 artificial=0.0 cols=2878
[clean-BPC  1164.38s] node 1 cg=2 phase=phase2 obj=231.701368 artificial=0.0 cols=2878
[clean-BPC  1168.41s] node 1 cg=2 phase=phase2 kind=heuristic best_rc=-0.033855365 found=2 added=2 exhausted=False cert=False
[clean-BPC  1168.68s] node 1 cg=3 phase=phase2 obj=231.701368 artificial=0.0 cols=2880
[clean-BPC  1172.66s] node 1 cg=3 phase=phase2 kind=heuristic best_rc=0.0 found=0 added=0 exhausted=False cert=False
[clean-BPC  1185.95s] node 1 cg=3 phase=phase2 kind=heuristic_boost best_rc=-0.366641256 found=4 added=4 exhausted=True cert=True
[clean-BPC  1186.24s] node 1 cg=4 phase=phase2 obj=231.701368 artificial=0.0 cols=2884
[clean-BPC  1190.34s] node 1 cg=4 phase=phase2 kind=heuristic best_rc=-0.0 found=0 added=0 exhausted=False cert=False
[clean-BPC  1203.80s] node 1 cg=4 phase=phase2 kind=heuristic_boost best_rc=-0.0 found=0 added=0 exhausted=True cert=True
[clean-BPC  1204.21s] route-pack diag node 1 round=1 vehicles=1/2 support_max=35 cand=39 oracle=39 incomplete=0 not_tight=6 not_viol=33 dup=0 violated=0 added=0 max_viol=0.0 states_max=23137
[clean-BPC  1224.78s] route-pack-conflict diag node 1 source_vehicle=1 routes=5 U=4 complete=True cache_hit=True states=102 added=0
[clean-BPC  1225.14s] route-pack-conflict diag node 1 source_vehicle=1 routes=5 U=4 complete=True cache_hit=True states=120 added=0
[clean-BPC  1225.49s] route-pack-conflict diag node 1 source_vehicle=1 routes=5 U=4 complete=True cache_hit=True states=111 added=0
[clean-BPC  1225.85s] route-pack-conflict diag node 1 source_vehicle=1 routes=5 U=4 complete=True cache_hit=True states=111 added=0
[clean-BPC  1226.22s] route-pack-conflict diag node 1 source_vehicle=1 routes=5 U=4 complete=True cache_hit=True states=108 added=0
[clean-BPC  1226.57s] route-pack-conflict diag node 1 source_vehicle=1 routes=5 U=4 complete=True cache_hit=True states=120 added=0
[clean-BPC  1226.92s] route-pack-conflict diag node 1 source_vehicle=1 routes=5 U=4 complete=True cache_hit=True states=111 added=0
[clean-BPC  1227.27s] route-pack-conflict diag node 1 source_vehicle=1 routes=5 U=4 complete=True cache_hit=True states=120 added=0
[clean-BPC  1227.62s] route-pack-conflict diag node 1 source_vehicle=1 routes=5 U=4 complete=True cache_hit=True states=120 added=0
[clean-BPC  1227.99s] route-pack-conflict diag node 1 source_vehicle=1 routes=5 U=4 complete=True cache_hit=True states=111 added=0
[clean-BPC  1228.35s] route-pack-conflict diag node 1 source_vehicle=1 routes=5 U=4 complete=True cache_hit=False states=112 added=0
[clean-BPC  1228.89s] route-pack-conflict diag node 1 source_vehicle=1 routes=5 U=4 complete=True cache_hit=False states=111 added=0
[clean-BPC  1229.44s] route-pack-conflict diag node 1 source_vehicle=1 routes=5 U=4 complete=True cache_hit=True states=124 added=0
[clean-BPC  1229.98s] route-pack-conflict diag node 1 source_vehicle=1 routes=5 U=4 complete=True cache_hit=True states=123 added=0
[clean-BPC  1230.52s] route-pack-conflict diag node 1 source_vehicle=1 routes=5 U=4 complete=True cache_hit=False states=110 added=0
[clean-BPC  1231.08s] rim-conflict diag node 1 conflicts=15 pair_events=0 pair_cuts=0 schedcap_events=0 schedcap_cuts=0 routepack_events=15 routepack_cuts=0 routepack_cache=12 routepack_states_max=124 routepack_budget_skip=0 nogood_events=0 nogood_cuts=0 weak_skip=15
[clean-BPC    20.56s] restricted-MIP node 1 status=TIME_LIMIT obj=None accepted=False routes=2884 rejected=15 pair=0 ng=30 route_pack=0 sched_cap=0 added_cuts=0 time=20.563097
[clean-BPC  1236.91s] branch node 1: left=RF(10,14)=separate right=RF(10,14)=same
[clean-BPC  1236.91s] node 3 d=2 lb=231.701368 open=1
[clean-BPC  1237.16s] node 3 cg=1 phase=phase1 obj=0.0 artificial=0.0 cols=2884
[clean-BPC  1237.43s] node 3 cg=2 phase=phase2 obj=231.937617 artificial=0.0 cols=2884
[clean-BPC  1241.22s] node 3 cg=2 phase=phase2 kind=heuristic best_rc=-0.497334469 found=12 added=12 exhausted=False cert=False
[clean-BPC  1241.48s] node 3 cg=3 phase=phase2 obj=231.932432 artificial=0.0 cols=2896
[clean-BPC  1245.52s] node 3 cg=3 phase=phase2 kind=heuristic best_rc=-0.0 found=0 added=0 exhausted=False cert=False
[clean-BPC  1258.63s] node 3 cg=3 phase=phase2 kind=heuristic_boost best_rc=-0.206526899 found=3 added=3 exhausted=True cert=True
[clean-BPC  1258.89s] node 3 cg=4 phase=phase2 obj=231.932432 artificial=0.0 cols=2899
[clean-BPC  1262.89s] node 3 cg=4 phase=phase2 kind=heuristic best_rc=-0.0 found=0 added=0 exhausted=False cert=False
[clean-BPC  1275.76s] node 3 cg=4 phase=phase2 kind=heuristic_boost best_rc=-0.0 found=0 added=0 exhausted=True cert=True
[clean-BPC  1276.11s] route-pack diag node 3 round=1 vehicles=1/2 support_max=19 cand=40 oracle=40 incomplete=0 not_tight=6 not_viol=34 dup=0 violated=0 added=0 max_viol=0.0 states_max=20776
[clean-BPC  1298.00s] route-pack-conflict diag node 3 source_vehicle=1 routes=5 U=4 complete=True cache_hit=True states=124 added=0
[clean-BPC  1298.54s] route-pack-conflict diag node 3 source_vehicle=1 routes=5 U=4 complete=True cache_hit=True states=123 added=0
[clean-BPC  1299.09s] route-pack-conflict diag node 3 source_vehicle=1 routes=5 U=4 complete=True cache_hit=False states=112 added=0
[clean-BPC  1299.47s] route-pack-conflict diag node 3 source_vehicle=1 routes=5 U=4 complete=True cache_hit=True states=111 added=0
[clean-BPC  1300.02s] route-pack-conflict diag node 3 source_vehicle=1 routes=5 U=4 complete=True cache_hit=False states=100 added=0
[clean-BPC  1300.38s] route-pack-conflict diag node 3 source_vehicle=1 routes=5 U=4 complete=True cache_hit=True states=112 added=0
[clean-BPC  1300.93s] route-pack-conflict diag node 3 source_vehicle=1 routes=5 U=4 complete=True cache_hit=False states=122 added=0
[clean-BPC  1301.50s] route-pack-conflict diag node 3 source_vehicle=1 routes=5 U=4 complete=True cache_hit=False states=122 added=0
[clean-BPC  1302.06s] route-pack-conflict diag node 3 source_vehicle=1 routes=5 U=4 complete=True cache_hit=False states=122 added=0
[clean-BPC  1302.61s] route-pack-conflict diag node 3 source_vehicle=1 routes=5 U=4 complete=True cache_hit=False states=123 added=0
[clean-BPC  1303.17s] route-pack-conflict diag node 3 source_vehicle=1 routes=5 U=4 complete=True cache_hit=False states=123 added=0
[clean-BPC  1303.72s] route-pack-conflict diag node 3 source_vehicle=1 routes=5 U=4 complete=True cache_hit=True states=109 added=0
[clean-BPC  1305.62s] rim-conflict diag node 3 conflicts=12 pair_events=0 pair_cuts=0 schedcap_events=0 schedcap_cuts=0 routepack_events=12 routepack_cuts=0 routepack_cache=5 routepack_states_max=124 routepack_budget_skip=0 nogood_events=0 nogood_cuts=0 weak_skip=12
[clean-BPC    21.88s] restricted-MIP node 3 status=TIME_LIMIT obj=None accepted=False routes=2899 rejected=12 pair=0 ng=24 route_pack=0 sched_cap=0 added_cuts=0 time=21.882832
[clean-BPC  1311.48s] branch node 3: left=RF(6,8)=separate right=RF(6,8)=same
[clean-BPC  1311.48s] node 4 d=2 lb=231.701368 open=2
[clean-BPC  1311.68s] node 4 cg=1 phase=phase1 obj=0.0 artificial=0.0 cols=2899
[clean-BPC  1311.87s] node 4 cg=2 phase=phase2 obj=232.37292 artificial=0.0 cols=2899
[clean-BPC  1315.10s] node 4 cg=2 phase=phase2 kind=heuristic best_rc=-1.091098862 found=17 added=17 exhausted=False cert=False
[clean-BPC  1315.31s] node 4 cg=3 phase=phase2 obj=232.272445 artificial=0.0 cols=2916
[clean-BPC  1318.57s] node 4 cg=3 phase=phase2 kind=heuristic best_rc=-0.0 found=0 added=0 exhausted=False cert=False
[clean-BPC  1326.97s] node 4 cg=3 phase=phase2 kind=heuristic_boost best_rc=-0.0 found=0 added=0 exhausted=True cert=True
[clean-BPC  1327.26s] route-pack diag node 4 round=1 vehicles=1/2 support_max=26 cand=40 oracle=40 incomplete=0 not_tight=4 not_viol=36 dup=0 violated=0 added=0 max_viol=0.0 states_max=22052
[clean-BPC  1347.28s] route-pack-conflict diag node 4 source_vehicle=1 routes=5 U=4 complete=True cache_hit=True states=120 added=0
[clean-BPC  1347.64s] route-pack-conflict diag node 4 source_vehicle=1 routes=5 U=4 complete=True cache_hit=True states=111 added=0
[clean-BPC  1348.00s] route-pack-conflict diag node 4 source_vehicle=1 routes=5 U=4 complete=True cache_hit=True states=120 added=0
[clean-BPC  1348.35s] route-pack-conflict diag node 4 source_vehicle=1 routes=5 U=4 complete=True cache_hit=True states=111 added=0
[clean-BPC  1348.70s] route-pack-conflict diag node 4 source_vehicle=1 routes=5 U=4 complete=True cache_hit=True states=120 added=0
[clean-BPC  1349.07s] route-pack-conflict diag node 4 source_vehicle=1 routes=5 U=4 complete=True cache_hit=True states=111 added=0
[clean-BPC  1349.43s] route-pack-conflict diag node 4 source_vehicle=1 routes=5 U=4 complete=True cache_hit=True states=111 added=0
[clean-BPC  1349.78s] route-pack-conflict diag node 4 source_vehicle=1 routes=5 U=4 complete=True cache_hit=True states=108 added=0
[clean-BPC  1350.13s] route-pack-conflict diag node 4 source_vehicle=1 routes=5 U=4 complete=True cache_hit=True states=120 added=0
[clean-BPC  1350.50s] route-pack-conflict diag node 4 source_vehicle=1 routes=5 U=4 complete=True cache_hit=True states=102 added=0
[clean-BPC  1350.86s] route-pack-conflict diag node 4 source_vehicle=1 routes=5 U=4 complete=True cache_hit=False states=120 added=0
[clean-BPC  1351.22s] route-pack-conflict diag node 4 source_vehicle=1 routes=5 U=4 complete=True cache_hit=False states=108 added=0
[clean-BPC  1351.59s] route-pack-conflict diag node 4 source_vehicle=1 routes=5 U=4 complete=True cache_hit=False states=111 added=0
[clean-BPC  1351.94s] route-pack-conflict diag node 4 source_vehicle=1 routes=5 U=4 complete=True cache_hit=False states=120 added=0
[clean-BPC  1352.31s] route-pack-conflict diag node 4 source_vehicle=1 routes=5 U=4 complete=True cache_hit=False states=99 added=0
[clean-BPC  1352.67s] route-pack-conflict diag node 4 source_vehicle=1 routes=5 U=4 complete=True cache_hit=False states=108 added=0
[clean-BPC  1353.03s] route-pack-conflict diag node 4 source_vehicle=1 routes=5 U=4 complete=True cache_hit=False states=120 added=0
[clean-BPC  1353.39s] route-pack-conflict diag node 4 source_vehicle=1 routes=5 U=4 complete=True cache_hit=False states=111 added=0
[clean-BPC  1353.76s] route-pack-conflict diag node 4 source_vehicle=1 routes=5 U=4 complete=True cache_hit=False states=111 added=0
[clean-BPC  1354.12s] route-pack-conflict diag node 4 source_vehicle=1 routes=5 U=4 complete=True cache_hit=False states=120 added=0
[clean-BPC  1354.48s] rim-conflict diag node 4 conflicts=20 pair_events=0 pair_cuts=0 schedcap_events=0 schedcap_cuts=0 routepack_events=20 routepack_cuts=0 routepack_cache=10 routepack_states_max=120 routepack_budget_skip=0 nogood_events=0 nogood_cuts=0 weak_skip=20
[clean-BPC    20.02s] restricted-MIP node 4 status=TIME_LIMIT obj=None accepted=False routes=2916 rejected=20 pair=0 ng=40 route_pack=0 sched_cap=0 added_cuts=0 time=20.020531
[clean-BPC  1359.35s] branch node 4: left=RF(8,14)=separate right=RF(8,14)=same
[clean-BPC  1359.35s] node 5 d=3 lb=231.932432 open=3
[clean-BPC  1359.58s] node 5 cg=1 phase=phase1 obj=0.0 artificial=0.0 cols=2916
[clean-BPC  1359.81s] node 5 cg=2 phase=phase2 obj=232.151422 artificial=0.0 cols=2916
[clean-BPC  1363.42s] node 5 cg=2 phase=phase2 kind=heuristic best_rc=0.009236 found=0 added=0 exhausted=False cert=False
[clean-BPC  1371.18s] node 5 cg=2 phase=phase2 kind=heuristic_boost best_rc=0.009236 found=0 added=0 exhausted=True cert=True
[clean-BPC  1393.06s] route-pack-conflict diag node 5 source_vehicle=1 routes=5 U=4 complete=True cache_hit=True states=124 added=0
[clean-BPC  1393.60s] route-pack-conflict diag node 5 source_vehicle=1 routes=5 U=4 complete=True cache_hit=True states=112 added=0
[clean-BPC  1393.97s] route-pack-conflict diag node 5 source_vehicle=1 routes=5 U=4 complete=True cache_hit=True states=123 added=0
[clean-BPC  1394.53s] route-pack-conflict diag node 5 source_vehicle=1 routes=5 U=4 complete=True cache_hit=True states=100 added=0
[clean-BPC  1394.89s] route-pack-conflict diag node 5 source_vehicle=1 routes=5 U=4 complete=True cache_hit=True states=111 added=0
[clean-BPC  1395.43s] route-pack-conflict diag node 5 source_vehicle=1 routes=5 U=4 complete=True cache_hit=True states=112 added=0
[clean-BPC  1395.98s] route-pack-conflict diag node 5 source_vehicle=1 routes=5 U=4 complete=True cache_hit=True states=110 added=0
[clean-BPC  1396.53s] route-pack-conflict diag node 5 source_vehicle=1 routes=5 U=4 complete=True cache_hit=False states=110 added=0
[clean-BPC  1397.10s] route-pack-conflict diag node 5 source_vehicle=1 routes=5 U=4 complete=True cache_hit=False states=110 added=0
[clean-BPC  1397.65s] route-pack-conflict diag node 5 source_vehicle=1 routes=5 U=4 complete=True cache_hit=False states=111 added=0
[clean-BPC  1398.19s] route-pack-conflict diag node 5 source_vehicle=1 routes=5 U=4 complete=True cache_hit=False states=111 added=0
[clean-BPC  1398.76s] route-pack-conflict diag node 5 source_vehicle=1 routes=5 U=4 complete=True cache_hit=True states=122 added=0
[clean-BPC  1399.30s] route-pack-conflict diag node 5 source_vehicle=1 routes=5 U=4 complete=True cache_hit=True states=122 added=0
[clean-BPC  1399.85s] route-pack-conflict diag node 5 source_vehicle=1 routes=5 U=4 complete=True cache_hit=True states=123 added=0
[clean-BPC  1400.40s] route-pack-conflict diag node 5 source_vehicle=1 routes=5 U=4 complete=True cache_hit=True states=123 added=0
[clean-BPC  1400.94s] route-pack-conflict diag node 5 source_vehicle=1 routes=5 U=4 complete=True cache_hit=True states=108 added=0
[clean-BPC  1402.82s] rim-conflict diag node 5 conflicts=16 pair_events=0 pair_cuts=0 schedcap_events=0 schedcap_cuts=0 routepack_events=16 routepack_cuts=0 routepack_cache=12 routepack_states_max=124 routepack_budget_skip=0 nogood_events=0 nogood_cuts=0 weak_skip=16
[clean-BPC    21.87s] restricted-MIP node 5 status=TIME_LIMIT obj=None accepted=False routes=2916 rejected=16 pair=0 ng=32 route_pack=0 sched_cap=0 added_cuts=0 time=21.869052
[clean-BPC  1409.27s] branch node 5: left=RF(6,7)=separate right=RF(6,7)=same
[clean-BPC  1409.27s] node 6 d=3 lb=231.932432 open=4
[clean-BPC  1409.39s] node 6 cg=1 phase=phase1 obj=0.0 artificial=0.0 cols=2916
[clean-BPC  1409.51s] node 6 cg=2 phase=phase2 obj=232.248272 artificial=0.0 cols=2916
[clean-BPC  1412.18s] node 6 cg=2 phase=phase2 kind=heuristic best_rc=-0.335848267 found=13 added=13 exhausted=False cert=False
[clean-BPC  1412.30s] node 6 cg=3 phase=phase2 obj=232.248272 artificial=0.0 cols=2929
[clean-BPC  1415.00s] node 6 cg=3 phase=phase2 kind=heuristic best_rc=0.0 found=0 added=0 exhausted=False cert=False
[clean-BPC  1425.79s] node 6 cg=3 phase=phase2 kind=heuristic_boost best_rc=0.0 found=0 added=0 exhausted=True cert=True
[clean-BPC  1446.27s] route-pack-conflict diag node 6 source_vehicle=1 routes=5 U=4 complete=True cache_hit=False states=125 added=0
[clean-BPC  1447.13s] route-pack-conflict diag node 6 source_vehicle=1 routes=5 U=4 complete=True cache_hit=False states=95 added=0
[clean-BPC  1447.67s] route-pack-conflict diag node 6 source_vehicle=1 routes=5 U=4 complete=True cache_hit=False states=112 added=0
[clean-BPC  1447.94s] route-pack-conflict diag node 6 source_vehicle=1 routes=5 U=4 complete=True cache_hit=False states=100 added=0
[clean-BPC  1448.22s] route-pack-conflict diag node 6 source_vehicle=1 routes=5 U=4 complete=True cache_hit=False states=113 added=0
[clean-BPC  1449.08s] route-pack-conflict diag node 6 source_vehicle=1 routes=5 U=4 complete=True cache_hit=False states=100 added=0
[clean-BPC  1449.36s] route-pack-conflict diag node 6 source_vehicle=1 routes=5 U=4 complete=True cache_hit=False states=116 added=0
[clean-BPC  1449.90s] route-pack-conflict diag node 6 source_vehicle=1 routes=5 U=4 complete=True cache_hit=False states=104 added=0
[clean-BPC  1450.44s] route-pack-conflict diag node 6 source_vehicle=1 routes=5 U=4 complete=True cache_hit=False states=104 added=0
[clean-BPC  1451.30s] route-pack-conflict diag node 6 source_vehicle=1 routes=5 U=4 complete=True cache_hit=False states=113 added=0
[clean-BPC  1452.18s] route-pack-conflict diag node 6 source_vehicle=1 routes=5 U=4 complete=True cache_hit=False states=104 added=0
[clean-BPC  1452.72s] route-pack-conflict diag node 6 source_vehicle=1 routes=5 U=4 complete=True cache_hit=False states=91 added=0
[clean-BPC  1453.00s] route-pack-conflict diag node 6 source_vehicle=1 routes=5 U=4 complete=True cache_hit=False states=125 added=0
[clean-BPC  1453.87s] route-pack-conflict diag node 6 source_vehicle=1 routes=5 U=4 complete=True cache_hit=False states=113 added=0
[clean-BPC  1454.41s] route-pack-conflict diag node 6 source_vehicle=1 routes=5 U=4 complete=True cache_hit=False states=104 added=0
[clean-BPC  1454.94s] route-pack-conflict diag node 6 source_vehicle=1 routes=5 U=4 complete=True cache_hit=False states=95 added=0
[clean-BPC  1455.48s] route-pack-conflict diag node 6 source_vehicle=1 routes=5 U=4 complete=True cache_hit=False states=104 added=0
[clean-BPC  1456.35s] route-pack-conflict diag node 6 source_vehicle=1 routes=5 U=4 complete=True cache_hit=False states=113 added=0
[clean-BPC  1457.21s] route-pack-conflict diag node 6 source_vehicle=1 routes=5 U=4 complete=True cache_hit=False states=113 added=0
[clean-BPC  1458.07s] rim-conflict diag node 6 conflicts=19 pair_events=0 pair_cuts=0 schedcap_events=0 schedcap_cuts=0 routepack_events=19 routepack_cuts=0 routepack_cache=0 routepack_states_max=125 routepack_budget_skip=0 nogood_events=0 nogood_cuts=0 weak_skip=19
[clean-BPC    20.47s] restricted-MIP node 6 status=TIME_LIMIT obj=None accepted=False routes=2929 rejected=19 pair=0 ng=38 route_pack=0 sched_cap=0 added_cuts=0 time=20.473766
[clean-BPC  1461.54s] branch node 6: left=RF(6,7)=separate right=RF(6,7)=same
[clean-BPC  1461.55s] node 9 d=4 lb=232.151422 open=5
[clean-BPC  1461.74s] node 9 cg=1 phase=phase1 obj=0.0 artificial=0.0 cols=2929
[clean-BPC  1461.94s] node 9 cg=2 phase=phase2 obj=232.549721 artificial=0.0 cols=2929
[clean-BPC  1465.60s] node 9 cg=2 phase=phase2 kind=heuristic best_rc=-0.234232838 found=4 added=4 exhausted=False cert=False
[clean-BPC  1465.79s] node 9 cg=3 phase=phase2 obj=232.54074 artificial=0.0 cols=2933
[clean-BPC  1469.46s] node 9 cg=3 phase=phase2 kind=heuristic best_rc=-0.118425173 found=2 added=2 exhausted=False cert=False
[clean-BPC  1469.67s] node 9 cg=4 phase=phase2 obj=232.53544 artificial=0.0 cols=2935
[clean-BPC  1473.29s] node 9 cg=4 phase=phase2 kind=heuristic best_rc=-0.0 found=0 added=0 exhausted=False cert=False
[clean-BPC  1483.01s] node 9 cg=4 phase=phase2 kind=heuristic_boost best_rc=-0.0 found=0 added=0 exhausted=True cert=True
[clean-BPC  1488.71s] branch node 9: left=RF(1,7)=separate right=RF(1,7)=same
[clean-BPC  1488.71s] node 10 d=4 lb=232.151422 open=6
[clean-BPC  1488.83s] node 10 cg=1 phase=phase1 obj=0.0 artificial=0.0 cols=2935
[clean-BPC  1488.96s] node 10 cg=2 phase=phase2 obj=232.442339 artificial=0.0 cols=2935
[clean-BPC  1492.04s] node 10 cg=2 phase=phase2 kind=heuristic best_rc=-0.563144667 found=12 added=12 exhausted=False cert=False
[clean-BPC  1492.16s] node 10 cg=3 phase=phase2 obj=232.442339 artificial=0.0 cols=2947
[clean-BPC  1495.28s] node 10 cg=3 phase=phase2 kind=heuristic best_rc=0.009236 found=0 added=0 exhausted=False cert=False
[clean-BPC  1502.77s] node 10 cg=3 phase=phase2 kind=heuristic_boost best_rc=-0.644481267 found=6 added=6 exhausted=True cert=True
[clean-BPC  1502.90s] node 10 cg=4 phase=phase2 obj=232.442339 artificial=0.0 cols=2953
[clean-BPC  1506.01s] node 10 cg=4 phase=phase2 kind=heuristic best_rc=0.009236 found=0 added=0 exhausted=False cert=False
[clean-BPC  1513.53s] node 10 cg=4 phase=phase2 kind=heuristic_boost best_rc=-0.021649472 found=6 added=6 exhausted=True cert=True
[clean-BPC  1513.66s] node 10 cg=5 phase=phase2 obj=232.442339 artificial=0.0 cols=2959
[clean-BPC  1516.79s] node 10 cg=5 phase=phase2 kind=heuristic best_rc=0.004718778 found=0 added=0 exhausted=False cert=False
[clean-BPC  1524.14s] node 10 cg=5 phase=phase2 kind=heuristic_boost best_rc=0.0 found=0 added=0 exhausted=True cert=True
[clean-BPC  1527.51s] branch node 10: left=RF(14,16)=separate right=RF(14,16)=same
[clean-BPC  1527.51s] node 12 d=4 lb=232.248272 open=7
[clean-BPC  1527.59s] node 12 cg=1 phase=phase1 obj=0.0 artificial=0.0 cols=2959
[clean-BPC  1527.65s] node 12 cg=2 phase=phase2 obj=232.939146 artificial=0.0 cols=2959
[clean-BPC  1530.06s] node 12 cg=2 phase=phase2 kind=heuristic best_rc=-1.177357333 found=21 added=21 exhausted=False cert=False
[clean-BPC  1530.13s] node 12 cg=3 phase=phase2 obj=232.640523 artificial=0.0 cols=2980
[clean-BPC  1532.70s] node 12 cg=3 phase=phase2 kind=heuristic best_rc=0.0 found=0 added=0 exhausted=False cert=False
[clean-BPC  1542.70s] node 12 cg=3 phase=phase2 kind=heuristic_boost best_rc=-0.11343165 found=10 added=10 exhausted=True cert=True
[clean-BPC  1542.77s] node 12 cg=4 phase=phase2 obj=232.640523 artificial=0.0 cols=2990
[clean-BPC  1545.29s] node 12 cg=4 phase=phase2 kind=heuristic best_rc=0.0 found=0 added=0 exhausted=False cert=False
[clean-BPC  1555.32s] node 12 cg=4 phase=phase2 kind=heuristic_boost best_rc=-0.120256 found=2 added=2 exhausted=True cert=True
[clean-BPC  1555.39s] node 12 cg=5 phase=phase2 obj=232.640523 artificial=0.0 cols=2992
[clean-BPC  1557.93s] node 12 cg=5 phase=phase2 kind=heuristic best_rc=0.0 found=0 added=0 exhausted=False cert=False
[clean-BPC  1567.99s] node 12 cg=5 phase=phase2 kind=heuristic_boost best_rc=-0.38432235 found=2 added=2 exhausted=True cert=True
[clean-BPC  1568.06s] node 12 cg=6 phase=phase2 obj=232.640523 artificial=0.0 cols=2994
[clean-BPC  1570.62s] node 12 cg=6 phase=phase2 kind=heuristic best_rc=0.0 found=0 added=0 exhausted=False cert=False
[clean-BPC  1580.64s] node 12 cg=6 phase=phase2 kind=heuristic_boost best_rc=-0.0 found=0 added=0 exhausted=True cert=True
[clean-BPC  1582.67s] branch node 12: left=RF(12,14)=separate right=RF(12,14)=same
[clean-BPC  1582.67s] node 11 d=4 lb=232.248272 open=8
[clean-BPC  1582.78s] node 11 cg=1 phase=phase1 obj=0.0 artificial=0.0 cols=2994
[clean-BPC  1582.90s] node 11 cg=2 phase=phase2 obj=232.729981 artificial=0.0 cols=2994
[clean-BPC  1585.71s] node 11 cg=2 phase=phase2 kind=heuristic best_rc=-0.652224 found=20 added=20 exhausted=False cert=False
[clean-BPC  1585.84s] node 11 cg=3 phase=phase2 obj=232.507766 artificial=0.0 cols=3014
[clean-BPC  1588.76s] node 11 cg=3 phase=phase2 kind=heuristic best_rc=-0.121891 found=2 added=2 exhausted=False cert=False
[clean-BPC  1588.89s] node 11 cg=4 phase=phase2 obj=232.507766 artificial=0.0 cols=3016
[clean-BPC  1591.76s] node 11 cg=4 phase=phase2 kind=heuristic best_rc=0.0 found=0 added=0 exhausted=False cert=False
[clean-BPC  1601.24s] node 11 cg=4 phase=phase2 kind=heuristic_boost best_rc=-0.440994333 found=10 added=10 exhausted=True cert=True
[clean-BPC  1601.37s] node 11 cg=5 phase=phase2 obj=232.507766 artificial=0.0 cols=3026
[clean-BPC  1604.26s] node 11 cg=5 phase=phase2 kind=heuristic best_rc=0.002130333 found=0 added=0 exhausted=False cert=False
[clean-BPC  1613.97s] node 11 cg=5 phase=phase2 kind=heuristic_boost best_rc=-1.585762167 found=53 added=53 exhausted=True cert=True
[clean-BPC  1614.10s] node 11 cg=6 phase=phase2 obj=232.507766 artificial=0.0 cols=3079
[clean-BPC  1616.95s] node 11 cg=6 phase=phase2 kind=heuristic best_rc=-0.081213667 found=1 added=1 exhausted=False cert=False
[clean-BPC  1617.08s] node 11 cg=7 phase=phase2 obj=232.507766 artificial=0.0 cols=3080
[clean-BPC  1619.94s] node 11 cg=7 phase=phase2 kind=heuristic best_rc=-0.174714667 found=4 added=4 exhausted=False cert=False
[clean-BPC  1620.07s] node 11 cg=8 phase=phase2 obj=232.507766 artificial=0.0 cols=3084
[clean-BPC  1622.97s] node 11 cg=8 phase=phase2 kind=heuristic best_rc=0.009236 found=0 added=0 exhausted=False cert=False
[clean-BPC  1632.63s] node 11 cg=8 phase=phase2 kind=heuristic_boost best_rc=-0.270665333 found=4 added=4 exhausted=True cert=True
[clean-BPC  1632.77s] node 11 cg=9 phase=phase2 obj=232.507766 artificial=0.0 cols=3088
[clean-BPC  1635.61s] node 11 cg=9 phase=phase2 kind=heuristic best_rc=0.0 found=0 added=0 exhausted=False cert=False
[clean-BPC  1645.16s] node 11 cg=9 phase=phase2 kind=heuristic_boost best_rc=-0.0 found=0 added=0 exhausted=True cert=True
[clean-BPC  1648.69s] branch node 11: left=RF(12,14)=separate right=RF(12,14)=same
[clean-BPC  1648.69s] node 7 d=3 lb=232.272445 open=9
[clean-BPC  1648.89s] node 7 cg=1 phase=phase1 obj=0.0 artificial=0.0 cols=3088
[clean-BPC  1649.10s] node 7 cg=2 phase=phase2 obj=232.663303 artificial=0.0 cols=3088
[clean-BPC  1652.21s] node 7 cg=2 phase=phase2 kind=heuristic best_rc=0.0 found=0 added=0 exhausted=False cert=False
[clean-BPC  1663.85s] node 7 cg=2 phase=phase2 kind=heuristic_boost best_rc=-0.0 found=0 added=0 exhausted=True cert=True
[clean-BPC  1684.56s] route-pack-conflict diag node 7 source_vehicle=1 routes=5 U=4 complete=True cache_hit=False states=110 added=0
[clean-BPC  1685.10s] route-pack-conflict diag node 7 source_vehicle=1 routes=5 U=4 complete=True cache_hit=False states=109 added=0
[clean-BPC  1685.62s] route-pack-conflict diag node 7 source_vehicle=1 routes=5 U=4 complete=True cache_hit=False states=112 added=0
[clean-BPC  1685.99s] route-pack-conflict diag node 7 source_vehicle=1 routes=5 U=4 complete=True cache_hit=False states=100 added=0
[clean-BPC  1686.35s] route-pack-conflict diag node 7 source_vehicle=1 routes=5 U=4 complete=True cache_hit=False states=121 added=0
[clean-BPC  1686.89s] route-pack-conflict diag node 7 source_vehicle=1 routes=5 U=4 complete=True cache_hit=False states=122 added=0
[clean-BPC  1687.42s] route-pack-conflict diag node 7 source_vehicle=1 routes=5 U=4 complete=True cache_hit=False states=110 added=0
[clean-BPC  1687.94s] route-pack-conflict diag node 7 source_vehicle=1 routes=5 U=4 complete=True cache_hit=False states=97 added=0
[clean-BPC  1688.30s] route-pack-conflict diag node 7 source_vehicle=1 routes=5 U=4 complete=True cache_hit=False states=121 added=0
[clean-BPC  1688.82s] route-pack-conflict diag node 7 source_vehicle=1 routes=5 U=4 complete=True cache_hit=False states=122 added=0
[clean-BPC  1689.34s] route-pack-conflict diag node 7 source_vehicle=1 routes=5 U=4 complete=True cache_hit=False states=110 added=0
[clean-BPC  1689.71s] route-pack-conflict diag node 7 source_vehicle=1 routes=5 U=4 complete=True cache_hit=False states=109 added=0
[clean-BPC  1690.23s] route-pack-conflict diag node 7 source_vehicle=1 routes=5 U=3 complete=True cache_hit=False states=121 added=2
[clean-BPC  1690.23s] cut_added family=schedule_route_set_packing node=7 added=2 source=schedule_conflict first(vehicle=1, routes=5, U=3, states=121, cache_hit=False)
[clean-BPC  1690.23s] route-pack-conflict diag node 7 source_vehicle=1 routes=5 U=4 complete=True cache_hit=False states=126 added=0
[clean-BPC  1690.95s] rim-conflict diag node 7 conflicts=14 pair_events=0 pair_cuts=0 schedcap_events=0 schedcap_cuts=0 routepack_events=14 routepack_cuts=2 routepack_cache=0 routepack_states_max=126 routepack_budget_skip=0 nogood_events=0 nogood_cuts=0 weak_skip=13
[clean-BPC    20.71s] restricted-MIP node 7 status=TIME_LIMIT obj=None accepted=False routes=3088 rejected=14 pair=0 ng=26 route_pack=2 sched_cap=0 added_cuts=2 time=20.710104
[clean-BPC  1690.95s] node 8 d=3 lb=232.272445 open=9
[clean-BPC  1691.11s] node 8 cg=1 phase=phase1 obj=0.0 artificial=0.0 cols=3088
[clean-BPC  1691.27s] node 8 cg=2 phase=phase2 obj=232.57303 artificial=0.0 cols=3088
[clean-BPC  1694.68s] node 8 cg=2 phase=phase2 kind=heuristic best_rc=-1.217123556 found=2 added=2 exhausted=False cert=False
[clean-BPC  1694.84s] node 8 cg=3 phase=phase2 obj=232.559564 artificial=0.0 cols=3090
[clean-BPC  1698.23s] node 8 cg=3 phase=phase2 kind=heuristic best_rc=-0.0 found=0 added=0 exhausted=False cert=False
[clean-BPC  1706.03s] node 8 cg=3 phase=phase2 kind=heuristic_boost best_rc=-0.0458795 found=2 added=2 exhausted=True cert=True
[clean-BPC  1706.20s] node 8 cg=4 phase=phase2 obj=232.559564 artificial=0.0 cols=3092
[clean-BPC  1709.52s] node 8 cg=4 phase=phase2 kind=heuristic best_rc=0.0 found=0 added=0 exhausted=False cert=False
[clean-BPC  1717.12s] node 8 cg=4 phase=phase2 kind=heuristic_boost best_rc=-0.0 found=0 added=0 exhausted=True cert=True
[clean-BPC  1731.41s] route-pack-conflict diag node 8 source_vehicle=1 routes=5 U=4 complete=True cache_hit=True states=120 added=0
[clean-BPC  1731.76s] route-pack-conflict diag node 8 source_vehicle=1 routes=5 U=4 complete=True cache_hit=True states=120 added=0
[clean-BPC  1732.11s] route-pack-conflict diag node 8 source_vehicle=1 routes=5 U=4 complete=True cache_hit=True states=120 added=0
[clean-BPC  1732.47s] route-pack-conflict diag node 8 source_vehicle=1 routes=5 U=4 complete=True cache_hit=True states=111 added=0
[clean-BPC  1732.83s] route-pack-conflict diag node 8 source_vehicle=1 routes=5 U=4 complete=True cache_hit=True states=102 added=0
[clean-BPC  1733.20s] route-pack-conflict diag node 8 source_vehicle=1 routes=5 U=4 complete=True cache_hit=True states=111 added=0
[clean-BPC  1733.56s] route-pack-conflict diag node 8 source_vehicle=1 routes=5 U=4 complete=True cache_hit=True states=120 added=0
[clean-BPC  1733.91s] route-pack-conflict diag node 8 source_vehicle=1 routes=5 U=4 complete=True cache_hit=True states=111 added=0
[clean-BPC  1734.27s] route-pack-conflict diag node 8 source_vehicle=1 routes=5 U=4 complete=True cache_hit=True states=108 added=0
[clean-BPC  1734.63s] route-pack-conflict diag node 8 source_vehicle=1 routes=5 U=4 complete=True cache_hit=True states=111 added=0
[clean-BPC  1734.99s] route-pack-conflict diag node 8 source_vehicle=1 routes=5 U=4 complete=True cache_hit=True states=120 added=0
[clean-BPC  1735.35s] route-pack-conflict diag node 8 source_vehicle=1 routes=5 U=4 complete=True cache_hit=True states=108 added=0
[clean-BPC  1735.71s] route-pack-conflict diag node 8 source_vehicle=1 routes=5 U=4 complete=True cache_hit=True states=111 added=0
[clean-BPC  1736.06s] route-pack-conflict diag node 8 source_vehicle=1 routes=5 U=4 complete=True cache_hit=True states=120 added=0
[clean-BPC  1736.43s] route-pack-conflict diag node 8 source_vehicle=1 routes=5 U=4 complete=True cache_hit=True states=120 added=0
[clean-BPC  1736.78s] route-pack-conflict diag node 8 source_vehicle=1 routes=5 U=4 complete=True cache_hit=True states=120 added=0
[clean-BPC  1737.14s] route-pack-conflict diag node 8 source_vehicle=1 routes=5 U=4 complete=True cache_hit=True states=99 added=0
[clean-BPC  1737.49s] route-pack-conflict diag node 8 source_vehicle=1 routes=5 U=4 complete=True cache_hit=True states=111 added=0
[clean-BPC  1737.86s] route-pack-conflict diag node 8 source_vehicle=1 routes=5 U=4 complete=True cache_hit=True states=111 added=0
[clean-BPC  1738.21s] route-pack-conflict diag node 8 source_vehicle=1 routes=5 U=4 complete=True cache_hit=True states=108 added=0
[clean-BPC  1738.57s] route-pack-conflict diag node 8 source_vehicle=1 routes=5 U=4 complete=True cache_hit=False states=93 added=0
[clean-BPC  1738.83s] rim-conflict diag node 8 conflicts=21 pair_events=0 pair_cuts=0 schedcap_events=0 schedcap_cuts=0 routepack_events=21 routepack_cuts=0 routepack_cache=20 routepack_states_max=120 routepack_budget_skip=0 nogood_events=0 nogood_cuts=0 weak_skip=21
[clean-BPC    14.28s] restricted-MIP node 8 status=SCHEDULE_REJECTED_LIMIT obj=None accepted=False routes=3092 rejected=21 pair=0 ng=40 route_pack=0 sched_cap=0 added_cuts=0 time=14.277515
[clean-BPC  1742.78s] branch node 8: left=RF(16,18)=separate right=RF(16,18)=same
[clean-BPC  1742.78s] node 15 d=5 lb=232.442339 open=10
[clean-BPC  1742.90s] node 15 cg=1 phase=phase1 obj=0.0 artificial=0.0 cols=3092
[clean-BPC  1743.03s] node 15 cg=2 phase=phase2 obj=233.310346 artificial=0.0 cols=3092
[clean-BPC  1746.11s] node 15 cg=2 phase=phase2 kind=heuristic best_rc=-0.547341 found=14 added=14 exhausted=False cert=False
[clean-BPC  1746.23s] node 15 cg=3 phase=phase2 obj=233.226542 artificial=0.0 cols=3106
[clean-BPC  1749.35s] node 15 cg=3 phase=phase2 kind=heuristic best_rc=-0.0 found=0 added=0 exhausted=False cert=False
[clean-BPC  1756.80s] node 15 cg=3 phase=phase2 kind=heuristic_boost best_rc=-0.0 found=0 added=0 exhausted=True cert=True
[clean-BPC  1760.27s] branch node 15: left=RF(12,17)=separate right=RF(12,17)=same
[clean-BPC  1760.27s] node 16 d=5 lb=232.442339 open=11
[clean-BPC  1760.36s] node 16 cg=1 phase=phase1 obj=0.0 artificial=0.0 cols=3106
[clean-BPC  1760.47s] node 16 cg=2 phase=phase2 obj=233.184702 artificial=0.0 cols=3106
[clean-BPC  1763.26s] node 16 cg=2 phase=phase2 kind=heuristic best_rc=-0.746663714 found=19 added=19 exhausted=False cert=False
[clean-BPC  1763.35s] node 16 cg=3 phase=phase2 obj=233.079966 artificial=0.0 cols=3125
[clean-BPC  1766.26s] node 16 cg=3 phase=phase2 kind=heuristic best_rc=-0.114246 found=2 added=2 exhausted=False cert=False
[clean-BPC  1766.35s] node 16 cg=4 phase=phase2 obj=233.079966 artificial=0.0 cols=3127
[clean-BPC  1769.27s] node 16 cg=4 phase=phase2 kind=heuristic best_rc=-0.260788667 found=2 added=2 exhausted=False cert=False
[clean-BPC  1769.37s] node 16 cg=5 phase=phase2 obj=233.079966 artificial=0.0 cols=3129
[clean-BPC  1772.30s] node 16 cg=5 phase=phase2 kind=heuristic best_rc=-0.0 found=0 added=0 exhausted=False cert=False
[clean-BPC  1779.40s] node 16 cg=5 phase=phase2 kind=heuristic_boost best_rc=-0.434009833 found=13 added=13 exhausted=True cert=True
[clean-BPC  1779.51s] node 16 cg=6 phase=phase2 obj=233.079966 artificial=0.0 cols=3142
[clean-BPC  1782.45s] node 16 cg=6 phase=phase2 kind=heuristic best_rc=-0.0 found=0 added=0 exhausted=False cert=False
[clean-BPC  1789.55s] node 16 cg=6 phase=phase2 kind=heuristic_boost best_rc=-0.0 found=0 added=0 exhausted=True cert=True
[clean-BPC  1792.08s] branch node 16: left=RF(16,17)=separate right=RF(16,17)=same
[clean-BPC  1792.08s] node 20 d=5 lb=232.507766 open=12
[clean-BPC  1792.15s] node 20 cg=1 phase=phase1 obj=0.0 artificial=0.0 cols=3142
[clean-BPC  1792.21s] node 20 cg=2 phase=phase2 obj=233.059288 artificial=0.0 cols=3142
[clean-BPC  1794.74s] node 20 cg=2 phase=phase2 kind=heuristic best_rc=-2.074218182 found=45 added=45 exhausted=False cert=False
[clean-BPC  1794.81s] node 20 cg=3 phase=phase2 obj=232.864786 artificial=0.0 cols=3187
[clean-BPC  1797.29s] node 20 cg=3 phase=phase2 kind=heuristic best_rc=-0.783397889 found=4 added=4 exhausted=False cert=False
[clean-BPC  1797.35s] node 20 cg=4 phase=phase2 obj=232.864786 artificial=0.0 cols=3191
[clean-BPC  1799.83s] node 20 cg=4 phase=phase2 kind=heuristic best_rc=0.072761 found=0 added=0 exhausted=False cert=False
[clean-BPC  1808.35s] node 20 cg=4 phase=phase2 kind=heuristic_boost best_rc=-0.670670067 found=15 added=15 exhausted=True cert=True
[clean-BPC  1808.42s] node 20 cg=5 phase=phase2 obj=232.864786 artificial=0.0 cols=3206
[clean-BPC  1810.89s] node 20 cg=5 phase=phase2 kind=heuristic best_rc=0.072761 found=0 added=0 exhausted=False cert=False
[clean-BPC  1819.23s] node 20 cg=5 phase=phase2 kind=heuristic_boost best_rc=-0.0 found=0 added=0 exhausted=True cert=True
[clean-BPC  1821.21s] branch node 20: left=RF(3,12)=separate right=RF(3,12)=same
[clean-BPC  1821.21s] node 19 d=5 lb=232.507766 open=13
[clean-BPC  1821.34s] node 19 cg=1 phase=phase1 obj=0.0 artificial=0.0 cols=3206
[clean-BPC  1821.47s] node 19 cg=2 phase=phase2 obj=232.999811 artificial=0.0 cols=3206
[clean-BPC  1824.38s] node 19 cg=2 phase=phase2 kind=heuristic best_rc=0.0 found=0 added=0 exhausted=False cert=False
[clean-BPC  1833.62s] node 19 cg=2 phase=phase2 kind=heuristic_boost best_rc=-0.0 found=0 added=0 exhausted=True cert=True
[clean-BPC  1837.06s] branch node 19: left=RF(6,14)=separate right=RF(6,14)=same
[clean-BPC  1837.06s] node 13 d=5 lb=232.53544 open=14
[clean-BPC  1837.25s] node 13 cg=1 phase=phase1 obj=0.0 artificial=0.0 cols=3206
[clean-BPC  1837.47s] node 13 cg=2 phase=phase2 obj=232.805738 artificial=0.0 cols=3206
[clean-BPC  1841.23s] node 13 cg=2 phase=phase2 kind=heuristic best_rc=-0.343056216 found=6 added=6 exhausted=False cert=False
[clean-BPC  1841.43s] node 13 cg=3 phase=phase2 obj=232.763657 artificial=0.0 cols=3212
[clean-BPC  1845.08s] node 13 cg=3 phase=phase2 kind=heuristic best_rc=0.0 found=0 added=0 exhausted=False cert=False
[clean-BPC  1854.53s] node 13 cg=3 phase=phase2 kind=heuristic_boost best_rc=-0.337267656 found=2 added=2 exhausted=True cert=True
[clean-BPC  1854.74s] node 13 cg=4 phase=phase2 obj=232.763657 artificial=0.0 cols=3214
[clean-BPC  1858.46s] node 13 cg=4 phase=phase2 kind=heuristic best_rc=-0.0 found=0 added=0 exhausted=False cert=False
[clean-BPC  1868.06s] node 13 cg=4 phase=phase2 kind=heuristic_boost best_rc=-0.87911704 found=12 added=12 exhausted=True cert=True
[clean-BPC  1868.28s] node 13 cg=5 phase=phase2 obj=232.763657 artificial=0.0 cols=3226
[clean-BPC  1871.90s] node 13 cg=5 phase=phase2 kind=heuristic best_rc=0.009236 found=0 added=0 exhausted=False cert=False
[clean-BPC  1881.40s] node 13 cg=5 phase=phase2 kind=heuristic_boost best_rc=0.009236 found=0 added=0 exhausted=True cert=True
[clean-BPC  1887.28s] branch node 13: left=RF(6,16)=separate right=RF(6,16)=same
[clean-BPC  1887.28s] node 14 d=5 lb=232.53544 open=15
[clean-BPC  1887.43s] node 14 cg=1 phase=phase1 obj=0.0 artificial=0.0 cols=3226
[clean-BPC  1887.56s] node 14 cg=2 phase=phase2 obj=232.847896 artificial=0.0 cols=3226
[clean-BPC  1890.78s] node 14 cg=2 phase=phase2 kind=heuristic best_rc=-0.180590375 found=6 added=6 exhausted=False cert=False
[clean-BPC  1890.93s] node 14 cg=3 phase=phase2 obj=232.847896 artificial=0.0 cols=3232
[clean-BPC  1894.14s] node 14 cg=3 phase=phase2 kind=heuristic best_rc=0.120256 found=0 added=0 exhausted=False cert=False
[clean-BPC  1902.79s] node 14 cg=3 phase=phase2 kind=heuristic_boost best_rc=0.120256 found=0 added=0 exhausted=True cert=True
[clean-BPC  1906.53s] branch node 14: left=RF(6,16)=separate right=RF(6,16)=same
[clean-BPC  1906.53s] node 21 d=4 lb=232.559564 open=16
[clean-BPC  1906.68s] node 21 cg=1 phase=phase1 obj=0.0 artificial=0.0 cols=3232
[clean-BPC  1906.84s] node 21 cg=2 phase=phase2 obj=233.208086 artificial=0.0 cols=3232
[clean-BPC  1910.01s] node 21 cg=2 phase=phase2 kind=heuristic best_rc=-0.086053 found=2 added=2 exhausted=False cert=False
[clean-BPC  1910.17s] node 21 cg=3 phase=phase2 obj=233.208086 artificial=0.0 cols=3234
[clean-BPC  1913.34s] node 21 cg=3 phase=phase2 kind=heuristic best_rc=0.0 found=0 added=0 exhausted=False cert=False
[clean-BPC  1922.38s] node 21 cg=3 phase=phase2 kind=heuristic_boost best_rc=-0.0 found=0 added=0 exhausted=True cert=True
[clean-BPC  1926.37s] branch node 21: left=RF(1,20)=separate right=RF(1,20)=same
[clean-BPC  1926.37s] node 22 d=4 lb=232.559564 open=17
[clean-BPC  1926.45s] node 22 cg=1 phase=phase1 obj=0.0 artificial=0.0 cols=3234
[clean-BPC  1926.54s] node 22 cg=2 phase=phase2 obj=233.007621 artificial=0.0 cols=3234
[clean-BPC  1929.47s] node 22 cg=2 phase=phase2 kind=heuristic best_rc=-2.017449 found=32 added=32 exhausted=False cert=False
[clean-BPC  1929.58s] node 22 cg=3 phase=phase2 obj=233.007621 artificial=0.0 cols=3266
[clean-BPC  1932.52s] node 22 cg=3 phase=phase2 kind=heuristic best_rc=-1.053626 found=6 added=6 exhausted=False cert=False
[clean-BPC  1932.62s] node 22 cg=4 phase=phase2 obj=233.007621 artificial=0.0 cols=3272
[clean-BPC  1935.52s] node 22 cg=4 phase=phase2 kind=heuristic best_rc=0.0 found=0 added=0 exhausted=False cert=False
[clean-BPC  1942.71s] node 22 cg=4 phase=phase2 kind=heuristic_boost best_rc=-0.0 found=0 added=0 exhausted=True cert=True
[clean-BPC  1942.72s] route-pack-conflict diag node 22 source_vehicle=1 routes=5 U=4 complete=True cache_hit=False states=111 added=0
[clean-BPC  1943.09s] cut_added family=schedule_nogood_core node=22 added=2 source_vehicle=1 route_count=4 signatures=[[6, 8, 10, 14], [5, 9, 19, 11], [2, 20, 15, 4], [7, 3, 1]]
[clean-BPC  1943.09s] node 17 d=5 lb=232.640523 open=17
[clean-BPC  1943.16s] node 17 cg=1 phase=phase1 obj=0.0 artificial=0.0 cols=3272
[clean-BPC  1943.24s] node 17 cg=2 phase=phase2 obj=233.599411 artificial=0.0 cols=3272
[clean-BPC  1945.78s] node 17 cg=2 phase=phase2 kind=heuristic best_rc=0.009236 found=0 added=0 exhausted=False cert=False
[clean-BPC  1955.31s] node 17 cg=2 phase=phase2 kind=heuristic_boost best_rc=-0.0 found=0 added=0 exhausted=True cert=True
[clean-BPC  1957.43s] branch node 17: left=RF(16,18)=separate right=RF(16,18)=same
[clean-BPC  1957.43s] node 18 d=5 lb=232.640523 open=18
[clean-BPC  1957.47s] node 18 cg=1 phase=phase1 obj=0.0 artificial=0.0 cols=3272
[clean-BPC  1957.52s] node 18 cg=2 phase=phase2 obj=233.47927 artificial=0.0 cols=3272
[clean-BPC  1959.86s] node 18 cg=2 phase=phase2 kind=heuristic best_rc=-1.688997545 found=15 added=15 exhausted=False cert=False
[clean-BPC  1959.90s] node 18 cg=3 phase=phase2 obj=233.379728 artificial=0.0 cols=3287
[clean-BPC  1962.21s] node 18 cg=3 phase=phase2 kind=heuristic best_rc=-0.294775992 found=2 added=2 exhausted=False cert=False
[clean-BPC  1962.25s] node 18 cg=4 phase=phase2 obj=233.379728 artificial=0.0 cols=3289
[clean-BPC  1964.51s] node 18 cg=4 phase=phase2 kind=heuristic best_rc=0.0 found=0 added=0 exhausted=False cert=False
[clean-BPC  1972.22s] node 18 cg=4 phase=phase2 kind=heuristic_boost best_rc=-1.198147658 found=8 added=8 exhausted=True cert=True
[clean-BPC  1972.26s] node 18 cg=5 phase=phase2 obj=233.379728 artificial=0.0 cols=3297
[clean-BPC  1974.65s] node 18 cg=5 phase=phase2 kind=heuristic best_rc=-0.0 found=0 added=0 exhausted=False cert=False
[clean-BPC  1981.57s] node 18 cg=5 phase=phase2 kind=heuristic_boost best_rc=-0.0 found=0 added=0 exhausted=True cert=True
[clean-BPC  1982.77s] branch node 18: left=RF(3,8)=separate right=RF(3,8)=same
[clean-BPC  1982.77s] node 7 d=3 lb=232.663303 open=19
[clean-BPC  1982.99s] node 7 cg=1 phase=phase1 obj=0.0 artificial=0.0 cols=3297
[clean-BPC  1983.20s] node 7 cg=2 phase=phase2 obj=232.663303 artificial=0.0 cols=3297
[clean-BPC  1986.28s] node 7 cg=2 phase=phase2 kind=heuristic best_rc=-0.0 found=0 added=0 exhausted=False cert=False
[clean-BPC  1997.81s] node 7 cg=2 phase=phase2 kind=heuristic_boost best_rc=-0.0 found=0 added=0 exhausted=True cert=True
[clean-BPC  2018.21s] route-pack-conflict diag node 7 source_vehicle=1 routes=5 U=4 complete=True cache_hit=False states=120 added=0
[clean-BPC  2019.12s] route-pack-conflict diag node 7 source_vehicle=1 routes=5 U=4 complete=True cache_hit=False states=111 added=0
[clean-BPC  2019.68s] route-pack-conflict diag node 7 source_vehicle=1 routes=5 U=4 complete=True cache_hit=False states=106 added=0
[clean-BPC  2020.23s] route-pack-conflict diag node 7 source_vehicle=1 routes=5 U=4 complete=True cache_hit=False states=99 added=0
[clean-BPC  2020.51s] route-pack-conflict diag node 7 source_vehicle=1 routes=5 U=4 complete=True cache_hit=False states=111 added=0
[clean-BPC  2020.79s] route-pack-conflict diag node 7 source_vehicle=1 routes=5 U=4 complete=True cache_hit=False states=99 added=0
[clean-BPC  2021.08s] route-pack-conflict diag node 7 source_vehicle=1 routes=5 U=4 complete=True cache_hit=False states=120 added=0
[clean-BPC  2021.98s] route-pack-conflict diag node 7 source_vehicle=1 routes=5 U=4 complete=True cache_hit=False states=90 added=0
[clean-BPC  2022.26s] route-pack-conflict diag node 7 source_vehicle=1 routes=5 U=4 complete=True cache_hit=False states=108 added=0
[clean-BPC  2023.20s] route-pack-conflict diag node 7 source_vehicle=1 routes=5 U=4 complete=True cache_hit=False states=108 added=0
[clean-BPC  2024.10s] route-pack-conflict diag node 7 source_vehicle=1 routes=5 U=4 complete=True cache_hit=False states=99 added=0
[clean-BPC  2025.01s] route-pack-conflict diag node 7 source_vehicle=1 routes=5 U=4 complete=True cache_hit=False states=108 added=0
[clean-BPC  2025.92s] route-pack-conflict diag node 7 source_vehicle=1 routes=5 U=4 complete=True cache_hit=False states=99 added=0
[clean-BPC  2026.48s] route-pack-conflict diag node 7 source_vehicle=1 routes=5 U=4 complete=True cache_hit=False states=113 added=0
[clean-BPC  2026.84s] rim-conflict diag node 7 conflicts=14 pair_events=0 pair_cuts=0 schedcap_events=0 schedcap_cuts=0 routepack_events=14 routepack_cuts=0 routepack_cache=0 routepack_states_max=120 routepack_budget_skip=0 nogood_events=0 nogood_cuts=0 weak_skip=14
[clean-BPC    20.39s] restricted-MIP node 7 status=TIME_LIMIT obj=None accepted=False routes=3297 rejected=14 pair=0 ng=28 route_pack=0 sched_cap=0 added_cuts=0 time=20.387632
[clean-BPC  2032.45s] branch node 7: left=RF(14,18)=separate right=RF(14,18)=same
[clean-BPC  2032.45s] node 41 d=4 lb=232.663303 open=20
[clean-BPC  2032.67s] node 41 cg=1 phase=phase1 obj=0.0 artificial=0.0 cols=3297
[clean-BPC  2032.91s] node 41 cg=2 phase=phase2 obj=232.93544 artificial=0.0 cols=3297
[clean-BPC  2036.04s] node 41 cg=2 phase=phase2 kind=heuristic best_rc=-0.400352571 found=8 added=8 exhausted=False cert=False
[clean-BPC  2036.25s] node 41 cg=3 phase=phase2 obj=232.918513 artificial=0.0 cols=3305
[clean-BPC  2036.25s] cut_purged node=41 removed=1 by_kind={'schedule_nogood_core': 1} remaining=60
[clean-BPC  2036.47s] node 41 cg=4 phase=phase2 obj=232.918513 artificial=0.0 cols=3305
[clean-BPC  2039.58s] node 41 cg=4 phase=phase2 kind=heuristic best_rc=-0.118011565 found=1 added=1 exhausted=False cert=False
[clean-BPC  2039.81s] node 41 cg=5 phase=phase2 obj=232.918513 artificial=0.0 cols=3306
[clean-BPC  2042.91s] node 41 cg=5 phase=phase2 kind=heuristic best_rc=0.0 found=0 added=0 exhausted=False cert=False
[clean-BPC  2054.46s] node 41 cg=5 phase=phase2 kind=heuristic_boost best_rc=-0.0 found=0 added=0 exhausted=True cert=True
[clean-BPC  2060.08s] branch node 41: left=RF(12,14)=separate right=RF(12,14)=same
[clean-BPC  2060.08s] node 42 d=4 lb=232.663303 open=21
[clean-BPC  2060.23s] node 42 cg=1 phase=phase1 obj=0.0 artificial=0.0 cols=3306
[clean-BPC  2060.36s] node 42 cg=2 phase=phase2 obj=233.394686 artificial=0.0 cols=3306
[clean-BPC  2063.35s] node 42 cg=2 phase=phase2 kind=heuristic best_rc=-0.500877539 found=8 added=8 exhausted=False cert=False
[clean-BPC  2063.51s] node 42 cg=3 phase=phase2 obj=233.394686 artificial=0.0 cols=3314
[clean-BPC  2066.47s] node 42 cg=3 phase=phase2 kind=heuristic best_rc=-0.0 found=0 added=0 exhausted=False cert=False
[clean-BPC  2073.69s] node 42 cg=3 phase=phase2 kind=heuristic_boost best_rc=-0.0 found=0 added=0 exhausted=True cert=True
[clean-BPC  2077.50s] branch node 42: left=RF(14,16)=separate right=RF(14,16)=same
[clean-BPC  2077.50s] node 31 d=6 lb=232.763657 open=22
[clean-BPC  2077.67s] node 31 cg=1 phase=phase1 obj=0.0 artificial=0.0 cols=3314
[clean-BPC  2077.86s] node 31 cg=2 phase=phase2 obj=233.141232 artificial=0.0 cols=3314
[clean-BPC  2081.57s] node 31 cg=2 phase=phase2 kind=heuristic best_rc=-0.450712333 found=12 added=12 exhausted=False cert=False
[clean-BPC  2081.77s] node 31 cg=3 phase=phase2 obj=233.133628 artificial=0.0 cols=3326
[clean-BPC  2085.49s] node 31 cg=3 phase=phase2 kind=heuristic best_rc=-0.0 found=0 added=0 exhausted=False cert=False
[clean-BPC  2094.71s] node 31 cg=3 phase=phase2 kind=heuristic_boost best_rc=-0.067839151 found=2 added=2 exhausted=True cert=True
[clean-BPC  2094.88s] node 31 cg=4 phase=phase2 obj=233.133628 artificial=0.0 cols=3328
[clean-BPC  2098.58s] node 31 cg=4 phase=phase2 kind=heuristic best_rc=-0.0 found=0 added=0 exhausted=False cert=False
[clean-BPC  2107.80s] node 31 cg=4 phase=phase2 kind=heuristic_boost best_rc=-0.0 found=0 added=0 exhausted=True cert=True
[clean-BPC  2113.23s] branch node 31: left=RF(12,14)=separate right=RF(12,14)=same
[clean-BPC  2113.23s] node 32 d=6 lb=232.763657 open=23
[clean-BPC  2113.36s] node 32 cg=1 phase=phase1 obj=0.0 artificial=0.0 cols=3328
[clean-BPC  2113.52s] node 32 cg=2 phase=phase2 obj=233.11224 artificial=0.0 cols=3328
[clean-BPC  2116.37s] node 32 cg=2 phase=phase2 kind=heuristic best_rc=-0.172087 found=6 added=6 exhausted=False cert=False
[clean-BPC  2116.50s] node 32 cg=3 phase=phase2 obj=233.080174 artificial=0.0 cols=3334
[clean-BPC  2119.32s] node 32 cg=3 phase=phase2 kind=heuristic best_rc=-0.0 found=0 added=0 exhausted=False cert=False
[clean-BPC  2124.78s] node 32 cg=3 phase=phase2 kind=heuristic_boost best_rc=-0.0 found=0 added=0 exhausted=True cert=True
[clean-BPC  2128.38s] branch node 32: left=RF(14,18)=separate right=RF(14,18)=same
[clean-BPC  2128.38s] node 33 d=6 lb=232.847896 open=24
[clean-BPC  2128.50s] node 33 cg=1 phase=phase1 obj=0.0 artificial=0.0 cols=3334
[clean-BPC  2128.61s] node 33 cg=2 phase=phase2 obj=233.496822 artificial=0.0 cols=3334
[clean-BPC  2131.70s] node 33 cg=2 phase=phase2 kind=heuristic best_rc=-0.391526 found=6 added=6 exhausted=False cert=False
[clean-BPC  2131.82s] node 33 cg=3 phase=phase2 obj=233.496822 artificial=0.0 cols=3340
[clean-BPC  2134.95s] node 33 cg=3 phase=phase2 kind=heuristic best_rc=-0.240541 found=4 added=4 exhausted=False cert=False
[clean-BPC  2135.06s] node 33 cg=4 phase=phase2 obj=233.496822 artificial=0.0 cols=3344
[clean-BPC  2138.34s] node 33 cg=4 phase=phase2 kind=heuristic best_rc=0.0 found=0 added=0 exhausted=False cert=False
[clean-BPC  2146.73s] node 33 cg=4 phase=phase2 kind=heuristic_boost best_rc=-0.3302065 found=4 added=4 exhausted=True cert=True
[clean-BPC  2146.84s] node 33 cg=5 phase=phase2 obj=233.496822 artificial=0.0 cols=3348
[clean-BPC  2150.06s] node 33 cg=5 phase=phase2 kind=heuristic best_rc=-0.0 found=0 added=0 exhausted=False cert=False
[clean-BPC  2158.15s] node 33 cg=5 phase=phase2 kind=heuristic_boost best_rc=-0.0 found=0 added=0 exhausted=True cert=True
[clean-BPC  2161.16s] branch node 33: left=RF(7,10)=separate right=RF(7,10)=same
[clean-BPC  2161.16s] node 34 d=6 lb=232.847896 open=25
[clean-BPC  2161.26s] node 34 cg=1 phase=phase1 obj=0.0 artificial=0.0 cols=3348
[clean-BPC  2161.35s] node 34 cg=2 phase=phase2 obj=233.214995 artificial=0.0 cols=3348
[clean-BPC  2164.17s] node 34 cg=2 phase=phase2 kind=heuristic best_rc=-0.530763 found=2 added=2 exhausted=False cert=False
[clean-BPC  2164.25s] node 34 cg=3 phase=phase2 obj=233.214995 artificial=0.0 cols=3350
[clean-BPC  2167.04s] node 34 cg=3 phase=phase2 kind=heuristic best_rc=-0.149903 found=2 added=2 exhausted=False cert=False
[clean-BPC  2167.13s] node 34 cg=4 phase=phase2 obj=233.214995 artificial=0.0 cols=3352
[clean-BPC  2169.87s] node 34 cg=4 phase=phase2 kind=heuristic best_rc=0.099326 found=0 added=0 exhausted=False cert=False
[clean-BPC  2178.01s] node 34 cg=4 phase=phase2 kind=heuristic_boost best_rc=0.099326 found=0 added=0 exhausted=True cert=True
[clean-BPC  2180.60s] branch node 34: left=RF(14,18)=separate right=RF(14,18)=same
[clean-BPC  2180.60s] node 27 d=6 lb=232.864786 open=26
[clean-BPC  2180.67s] node 27 cg=1 phase=phase1 obj=0.0 artificial=0.0 cols=3352
[clean-BPC  2180.75s] node 27 cg=2 phase=phase2 obj=232.892876 artificial=0.0 cols=3352
[clean-BPC  2180.75s] cut_purged node=27 removed=1 by_kind={'subset_row': 1} remaining=59
[clean-BPC  2180.82s] node 27 cg=3 phase=phase2 obj=232.892876 artificial=0.0 cols=3352
[clean-BPC  2183.43s] node 27 cg=3 phase=phase2 kind=heuristic best_rc=-0.140798 found=2 added=2 exhausted=False cert=False
[clean-BPC  2183.50s] node 27 cg=4 phase=phase2 obj=232.892876 artificial=0.0 cols=3354
[clean-BPC  2186.00s] node 27 cg=4 phase=phase2 kind=heuristic best_rc=0.0 found=0 added=0 exhausted=False cert=False
[clean-BPC  2192.46s] node 27 cg=4 phase=phase2 kind=heuristic_boost best_rc=-0.0 found=0 added=0 exhausted=True cert=True
[clean-BPC  2194.46s] branch node 27: left=RF(6,16)=separate right=RF(6,16)=same
[clean-BPC  2194.46s] node 28 d=6 lb=232.864786 open=27
[clean-BPC  2194.49s] node 28 cg=1 phase=phase1 obj=0.0 artificial=0.0 cols=3354
[clean-BPC  2194.52s] node 28 cg=2 phase=phase2 obj=236.075453 artificial=0.0 cols=3354
[clean-BPC  2197.00s] node 28 cg=2 phase=phase2 kind=heuristic best_rc=-5.0976652 found=183 added=183 exhausted=False cert=False
[clean-BPC  2197.04s] node 28 cg=3 phase=phase2 obj=235.344106 artificial=0.0 cols=3537
[clean-BPC  2199.54s] node 28 cg=3 phase=phase2 kind=heuristic best_rc=-0.921953 found=4 added=4 exhausted=False cert=False
[clean-BPC  2199.58s] node 28 cg=4 phase=phase2 obj=235.344106 artificial=0.0 cols=3541
[clean-BPC  2202.07s] node 28 cg=4 phase=phase2 kind=heuristic best_rc=0.075351 found=0 added=0 exhausted=False cert=False
[clean-BPC  2207.88s] node 28 cg=4 phase=phase2 kind=heuristic_boost best_rc=0.0 found=0 added=0 exhausted=True cert=True
[clean-BPC  2209.08s] branch node 28: left=RF(6,16)=separate right=RF(6,16)=same
[clean-BPC  2209.08s] node 55 d=7 lb=232.892876 open=28
[clean-BPC  2209.15s] node 55 cg=1 phase=phase1 obj=0.0 artificial=0.0 cols=3541
[clean-BPC  2209.24s] node 55 cg=2 phase=phase2 obj=233.060787 artificial=0.0 cols=3541
[clean-BPC  2211.81s] node 55 cg=2 phase=phase2 kind=heuristic best_rc=-0.555755 found=4 added=4 exhausted=False cert=False
[clean-BPC  2211.88s] node 55 cg=3 phase=phase2 obj=233.060787 artificial=0.0 cols=3545
[clean-BPC  2214.47s] node 55 cg=3 phase=phase2 kind=heuristic best_rc=-0.0 found=0 added=0 exhausted=False cert=False
[clean-BPC  2219.02s] node 55 cg=3 phase=phase2 kind=heuristic_boost best_rc=-0.467616833 found=8 added=8 exhausted=True cert=True
[clean-BPC  2219.09s] node 55 cg=4 phase=phase2 obj=233.060787 artificial=0.0 cols=3553
[clean-BPC  2221.67s] node 55 cg=4 phase=phase2 kind=heuristic best_rc=-0.0 found=0 added=0 exhausted=False cert=False
[clean-BPC  2226.30s] node 55 cg=4 phase=phase2 kind=heuristic_boost best_rc=-0.0 found=0 added=0 exhausted=True cert=True
[clean-BPC  2227.44s] branch node 55: left=RF(3,8)=separate right=RF(3,8)=same
[clean-BPC  2227.44s] node 56 d=7 lb=232.892876 open=29
[clean-BPC  2227.48s] node 56 cg=1 phase=phase1 obj=0.0 artificial=0.0 cols=3553
[clean-BPC  2227.53s] node 56 cg=2 phase=phase2 obj=236.038861 artificial=0.0 cols=3553
[clean-BPC  2230.02s] node 56 cg=2 phase=phase2 kind=heuristic best_rc=-0.997784909 found=10 added=10 exhausted=False cert=False
[clean-BPC  2230.06s] node 56 cg=3 phase=phase2 obj=235.706266 artificial=0.0 cols=3563
[clean-BPC  2232.55s] node 56 cg=3 phase=phase2 kind=heuristic best_rc=-0.4638085 found=7 added=7 exhausted=False cert=False
[clean-BPC  2232.60s] node 56 cg=4 phase=phase2 obj=235.706266 artificial=0.0 cols=3570
[clean-BPC  2234.82s] node 56 cg=4 phase=phase2 kind=heuristic best_rc=-0.0 found=0 added=0 exhausted=False cert=False
[clean-BPC  2238.94s] node 56 cg=4 phase=phase2 kind=heuristic_boost best_rc=-0.0 found=0 added=0 exhausted=True cert=True
[clean-BPC  2240.30s] branch node 56: left=RF(10,16)=separate right=RF(10,16)=same
[clean-BPC  2240.30s] node 44 d=5 lb=232.918513 open=30
[clean-BPC  2240.40s] node 44 cg=1 phase=phase1 obj=0.0 artificial=0.0 cols=3570
[clean-BPC  2240.49s] node 44 cg=2 phase=phase2 obj=234.041433 artificial=0.0 cols=3570
[clean-BPC  2243.44s] node 44 cg=2 phase=phase2 kind=heuristic best_rc=-0.979605333 found=8 added=8 exhausted=False cert=False
[clean-BPC  2243.56s] node 44 cg=3 phase=phase2 obj=234.035467 artificial=0.0 cols=3578
[clean-BPC  2246.31s] node 44 cg=3 phase=phase2 kind=heuristic best_rc=-0.008204879 found=1 added=1 exhausted=False cert=False
[clean-BPC  2246.40s] node 44 cg=4 phase=phase2 obj=234.035467 artificial=0.0 cols=3579
[clean-BPC  2249.44s] node 44 cg=4 phase=phase2 kind=heuristic best_rc=-0.0 found=0 added=0 exhausted=False cert=False
[clean-BPC  2256.65s] node 44 cg=4 phase=phase2 kind=heuristic_boost best_rc=-0.0 found=0 added=0 exhausted=True cert=True
[clean-BPC  2259.20s] branch node 44: left=RF(1,16)=separate right=RF(1,16)=same
[clean-BPC  2259.20s] node 43 d=5 lb=232.918513 open=31
[clean-BPC  2259.42s] node 43 cg=1 phase=phase1 obj=0.0 artificial=0.0 cols=3579
[clean-BPC  2259.65s] node 43 cg=2 phase=phase2 obj=232.993497 artificial=0.0 cols=3579
[clean-BPC  2262.68s] node 43 cg=2 phase=phase2 kind=heuristic best_rc=0.051266 found=0 added=0 exhausted=False cert=False
[clean-BPC  2273.62s] node 43 cg=2 phase=phase2 kind=heuristic_boost best_rc=-0.0 found=0 added=0 exhausted=True cert=True
[clean-BPC  2279.20s] branch node 43: left=RF(12,18)=separate right=RF(12,18)=same
[clean-BPC  2279.20s] node 65 d=6 lb=232.993497 open=32
[clean-BPC  2279.37s] node 65 cg=1 phase=phase1 obj=0.0 artificial=0.0 cols=3579
[clean-BPC  2279.54s] node 65 cg=2 phase=phase2 obj=233.419097 artificial=0.0 cols=3579
[clean-BPC  2282.53s] node 65 cg=2 phase=phase2 kind=heuristic best_rc=-0.0 found=0 added=0 exhausted=False cert=False
[clean-BPC  2290.72s] node 65 cg=2 phase=phase2 kind=heuristic_boost best_rc=-0.784883507 found=2 added=2 exhausted=True cert=True
[clean-BPC  2290.89s] node 65 cg=3 phase=phase2 obj=233.419097 artificial=0.0 cols=3581
[clean-BPC  2293.91s] node 65 cg=3 phase=phase2 kind=heuristic best_rc=-0.0 found=0 added=0 exhausted=False cert=False
[clean-BPC  2302.03s] node 65 cg=3 phase=phase2 kind=heuristic_boost best_rc=-0.522615571 found=6 added=6 exhausted=True cert=True
[clean-BPC  2302.22s] node 65 cg=4 phase=phase2 obj=233.419097 artificial=0.0 cols=3587
[clean-BPC  2305.28s] node 65 cg=4 phase=phase2 kind=heuristic best_rc=0.0 found=0 added=0 exhausted=False cert=False
[clean-BPC  2313.64s] node 65 cg=4 phase=phase2 kind=heuristic_boost best_rc=-0.0 found=0 added=0 exhausted=True cert=True
[clean-BPC  2317.90s] branch node 65: left=RF(12,17)=separate right=RF(12,17)=same
[clean-BPC  2317.90s] node 66 d=6 lb=232.993497 open=33
[clean-BPC  2318.04s] node 66 cg=1 phase=phase1 obj=0.0 artificial=0.0 cols=3587
[clean-BPC  2318.17s] node 66 cg=2 phase=phase2 obj=234.093771 artificial=0.0 cols=3587
[clean-BPC  2320.97s] node 66 cg=2 phase=phase2 kind=heuristic best_rc=-2.5960856 found=131 added=131 exhausted=False cert=False
[clean-BPC  2321.12s] node 66 cg=3 phase=phase2 obj=233.638813 artificial=0.0 cols=3718
[clean-BPC  2323.90s] node 66 cg=3 phase=phase2 kind=heuristic best_rc=0.0 found=0 added=0 exhausted=False cert=False
[clean-BPC  2331.00s] node 66 cg=3 phase=phase2 kind=heuristic_boost best_rc=-0.158825667 found=2 added=2 exhausted=True cert=True
[clean-BPC  2331.15s] node 66 cg=4 phase=phase2 obj=233.638813 artificial=0.0 cols=3720
[clean-BPC  2333.93s] node 66 cg=4 phase=phase2 kind=heuristic best_rc=-0.325888 found=3 added=3 exhausted=False cert=False
[clean-BPC  2334.08s] node 66 cg=5 phase=phase2 obj=233.638813 artificial=0.0 cols=3723
[clean-BPC  2336.94s] node 66 cg=5 phase=phase2 kind=heuristic best_rc=-0.0 found=0 added=0 exhausted=False cert=False
[clean-BPC  2344.15s] node 66 cg=5 phase=phase2 kind=heuristic_boost best_rc=-0.275986444 found=4 added=4 exhausted=True cert=True
[clean-BPC  2344.31s] node 66 cg=6 phase=phase2 obj=233.638813 artificial=0.0 cols=3727
[clean-BPC  2347.08s] node 66 cg=6 phase=phase2 kind=heuristic best_rc=0.0 found=0 added=0 exhausted=False cert=False
[clean-BPC  2356.51s] node 66 cg=6 phase=phase2 kind=heuristic_boost best_rc=0.0 found=0 added=0 exhausted=True cert=True
[clean-BPC  2359.05s] branch node 66: left=RF(16,18)=separate right=RF(16,18)=same
[clean-BPC  2359.05s] node 29 d=6 lb=232.999811 open=34
[clean-BPC  2359.21s] node 29 cg=1 phase=phase1 obj=0.0 artificial=0.0 cols=3727
[clean-BPC  2359.35s] node 29 cg=2 phase=phase2 obj=233.417087 artificial=0.0 cols=3727
[clean-BPC  2362.23s] node 29 cg=2 phase=phase2 kind=heuristic best_rc=0.009236 found=0 added=0 exhausted=False cert=False
[clean-BPC  2372.07s] node 29 cg=2 phase=phase2 kind=heuristic_boost best_rc=0.009236 found=0 added=0 exhausted=True cert=True
[clean-BPC  2375.87s] branch node 29: left=RF(9,14)=separate right=RF(9,14)=same
[clean-BPC  2375.87s] node 30 d=6 lb=232.999811 open=35
[clean-BPC  2375.98s] node 30 cg=1 phase=phase1 obj=0.0 artificial=0.0 cols=3727
[clean-BPC  2376.11s] node 30 cg=2 phase=phase2 obj=233.802083 artificial=0.0 cols=3727
[clean-BPC  2379.07s] node 30 cg=2 phase=phase2 kind=heuristic best_rc=-0.333621667 found=6 added=6 exhausted=False cert=False
[clean-BPC  2379.19s] node 30 cg=3 phase=phase2 obj=233.745463 artificial=0.0 cols=3733
[clean-BPC  2382.13s] node 30 cg=3 phase=phase2 kind=heuristic best_rc=-0.0 found=0 added=0 exhausted=False cert=False
[clean-BPC  2388.58s] node 30 cg=3 phase=phase2 kind=heuristic_boost best_rc=-0.0 found=0 added=0 exhausted=True cert=True
[clean-BPC  2391.68s] branch node 30: left=RF(1,12)=separate right=RF(1,12)=same
[clean-BPC  2391.68s] node 22 d=4 lb=233.007621 open=36
[clean-BPC  2391.78s] node 22 cg=1 phase=phase1 obj=0.0 artificial=0.0 cols=3733
[clean-BPC  2391.87s] node 22 cg=2 phase=phase2 obj=233.007621 artificial=0.0 cols=3733
[clean-BPC  2394.80s] node 22 cg=2 phase=phase2 kind=heuristic best_rc=0.120256 found=0 added=0 exhausted=False cert=False
[clean-BPC  2402.11s] node 22 cg=2 phase=phase2 kind=heuristic_boost best_rc=-0.1544205 found=4 added=4 exhausted=True cert=True
[clean-BPC  2402.24s] node 22 cg=3 phase=phase2 obj=233.007621 artificial=0.0 cols=3737
[clean-BPC  2405.22s] node 22 cg=3 phase=phase2 kind=heuristic best_rc=0.0 found=0 added=0 exhausted=False cert=False
[clean-BPC  2412.66s] node 22 cg=3 phase=phase2 kind=heuristic_boost best_rc=-0.015965375 found=2 added=2 exhausted=True cert=True
[clean-BPC  2412.75s] node 22 cg=4 phase=phase2 obj=233.007621 artificial=0.0 cols=3739
[clean-BPC  2415.72s] node 22 cg=4 phase=phase2 kind=heuristic best_rc=0.0 found=0 added=0 exhausted=False cert=False
[clean-BPC  2423.29s] node 22 cg=4 phase=phase2 kind=heuristic_boost best_rc=0.0 found=0 added=0 exhausted=True cert=True
[clean-BPC  2423.31s] route-pack-conflict diag node 22 source_vehicle=1 routes=5 U=4 complete=True cache_hit=False states=120 added=0
[clean-BPC  2423.67s] cut_added family=schedule_nogood_core node=22 added=2 source_vehicle=1 route_count=4 signatures=[[6, 8, 10, 14], [5, 9, 19, 11], [2, 20, 15, 4], [1, 3, 7]]
[clean-BPC  2423.67s] node 22 d=4 lb=233.007621 open=36
[clean-BPC  2423.77s] node 22 cg=1 phase=phase1 obj=0.0 artificial=0.0 cols=3739
[clean-BPC  2423.89s] node 22 cg=2 phase=phase2 obj=233.007621 artificial=0.0 cols=3739
[clean-BPC  2426.89s] node 22 cg=2 phase=phase2 kind=heuristic best_rc=-0.1833885 found=6 added=6 exhausted=False cert=False
[clean-BPC  2426.99s] node 22 cg=3 phase=phase2 obj=233.007621 artificial=0.0 cols=3745
[clean-BPC  2429.63s] node 22 cg=3 phase=phase2 kind=heuristic best_rc=-0.0 found=0 added=0 exhausted=False cert=False
[clean-BPC  2435.93s] node 22 cg=3 phase=phase2 kind=heuristic_boost best_rc=-0.0004895 found=2 added=2 exhausted=True cert=True
[clean-BPC  2436.04s] node 22 cg=4 phase=phase2 obj=233.007621 artificial=0.0 cols=3747
[clean-BPC  2438.69s] node 22 cg=4 phase=phase2 kind=heuristic best_rc=0.120256 found=0 added=0 exhausted=False cert=False
[clean-BPC  2444.96s] node 22 cg=4 phase=phase2 kind=heuristic_boost best_rc=-0.015099 found=2 added=2 exhausted=True cert=True
[clean-BPC  2445.08s] node 22 cg=5 phase=phase2 obj=233.007621 artificial=0.0 cols=3749
[clean-BPC  2447.75s] node 22 cg=5 phase=phase2 kind=heuristic best_rc=0.120256 found=0 added=0 exhausted=False cert=False
[clean-BPC  2454.00s] node 22 cg=5 phase=phase2 kind=heuristic_boost best_rc=0.0 found=0 added=0 exhausted=True cert=True
[clean-BPC  2454.01s] route-pack-conflict diag node 22 source_vehicle=1 routes=5 U=4 complete=True cache_hit=True states=111 added=0
[clean-BPC  2454.39s] cut_added family=schedule_nogood_core node=22 added=1 source_vehicle=1 route_count=4 signatures=[[6, 8, 10, 14], [5, 9, 19, 11], [2, 20, 15, 4], [7, 3, 1]]
[clean-BPC  2454.39s] node 22 d=4 lb=233.007621 open=36
[clean-BPC  2454.49s] node 22 cg=1 phase=phase1 obj=0.0 artificial=0.0 cols=3749
[clean-BPC  2454.59s] node 22 cg=2 phase=phase2 obj=233.007621 artificial=0.0 cols=3749
[clean-BPC  2457.24s] node 22 cg=2 phase=phase2 kind=heuristic best_rc=0.120256 found=0 added=0 exhausted=False cert=False
[clean-BPC  2463.53s] node 22 cg=2 phase=phase2 kind=heuristic_boost best_rc=0.0 found=0 added=0 exhausted=True cert=True
[clean-BPC  2465.56s] branch node 22: left=arc(3,7)=off right=arc(3,7)=on
[clean-BPC  2465.56s] node 75 d=5 lb=233.007621 open=37
[clean-BPC  2465.65s] node 75 cg=1 phase=phase1 obj=0.0 artificial=0.0 cols=3749
[clean-BPC  2465.76s] node 75 cg=2 phase=phase2 obj=233.007621 artificial=0.0 cols=3749
[clean-BPC  2468.75s] node 75 cg=2 phase=phase2 kind=heuristic best_rc=0.0 found=0 added=0 exhausted=False cert=False
[clean-BPC  2478.74s] node 75 cg=2 phase=phase2 kind=heuristic_boost best_rc=-0.04379075 found=2 added=2 exhausted=True cert=True
[clean-BPC  2478.84s] node 75 cg=3 phase=phase2 obj=233.007621 artificial=0.0 cols=3751
[clean-BPC  2481.88s] node 75 cg=3 phase=phase2 kind=heuristic best_rc=-0.0 found=0 added=0 exhausted=False cert=False
[clean-BPC  2491.89s] node 75 cg=3 phase=phase2 kind=heuristic_boost best_rc=-0.0 found=0 added=0 exhausted=True cert=True
[clean-BPC  2491.91s] route-pack-conflict diag node 75 source_vehicle=1 routes=5 U=4 complete=True cache_hit=False states=111 added=0
[clean-BPC  2492.29s] cut_added family=schedule_nogood_core node=75 added=2 source_vehicle=1 route_count=4 signatures=[[6, 8, 14, 10], [5, 9, 19, 11], [2, 20, 15, 4], [7, 3, 1]]
[clean-BPC  2492.29s] node 76 d=5 lb=233.007621 open=37
[clean-BPC  2492.39s] node 76 cg=1 phase=phase1 obj=0.0 artificial=0.0 cols=3751
[clean-BPC  2492.49s] node 76 cg=2 phase=phase2 obj=233.007621 artificial=0.0 cols=3751
[clean-BPC  2495.51s] node 76 cg=2 phase=phase2 kind=heuristic best_rc=0.2618294 found=0 added=0 exhausted=False cert=False
[clean-BPC  2503.04s] node 76 cg=2 phase=phase2 kind=heuristic_boost best_rc=0.0 found=0 added=0 exhausted=True cert=True
[clean-BPC  2503.05s] route-pack-conflict diag node 76 source_vehicle=1 routes=5 U=4 complete=True cache_hit=False states=111 added=0
[clean-BPC  2503.32s] cut_added family=schedule_nogood_core node=76 added=2 source_vehicle=1 route_count=3 signatures=[[11, 19, 9, 5], [2, 20, 15, 4], [1, 3, 7]]
[clean-BPC  2503.32s] node 75 d=5 lb=233.007621 open=37
[clean-BPC  2503.41s] node 75 cg=1 phase=phase1 obj=0.0 artificial=0.0 cols=3751
[clean-BPC  2503.53s] node 75 cg=2 phase=phase2 obj=233.007621 artificial=0.0 cols=3751
[clean-BPC  2506.42s] node 75 cg=2 phase=phase2 kind=heuristic best_rc=0.0 found=0 added=0 exhausted=False cert=False
[clean-BPC  2513.53s] node 75 cg=2 phase=phase2 kind=heuristic_boost best_rc=0.0 found=0 added=0 exhausted=True cert=True
[clean-BPC  2513.54s] route-pack-conflict diag node 75 source_vehicle=1 routes=5 U=4 complete=True cache_hit=False states=102 added=0
[clean-BPC  2513.81s] cut_added family=schedule_nogood_core node=75 added=2 source_vehicle=1 route_count=3 signatures=[[11, 19, 9, 5], [2, 20, 15, 4], [7, 3, 1]]
[clean-BPC  2513.81s] node 76 d=5 lb=233.007621 open=37
[clean-BPC  2513.91s] node 76 cg=1 phase=phase1 obj=0.0 artificial=0.0 cols=3751
[clean-BPC  2514.03s] node 76 cg=2 phase=phase2 obj=233.007621 artificial=0.0 cols=3751
[clean-BPC  2516.96s] node 76 cg=2 phase=phase2 kind=heuristic best_rc=0.120919 found=0 added=0 exhausted=False cert=False
[clean-BPC  2524.37s] node 76 cg=2 phase=phase2 kind=heuristic_boost best_rc=0.0 found=0 added=0 exhausted=True cert=True
[clean-BPC  2526.81s] branch node 76: left=arc(15,4)=off right=arc(15,4)=on
[clean-BPC  2526.81s] node 75 d=5 lb=233.007621 open=38
[clean-BPC  2526.91s] node 75 cg=1 phase=phase1 obj=0.0 artificial=0.0 cols=3751
[clean-BPC  2527.02s] node 75 cg=2 phase=phase2 obj=233.007621 artificial=0.0 cols=3751
[clean-BPC  2529.86s] node 75 cg=2 phase=phase2 kind=heuristic best_rc=0.0 found=0 added=0 exhausted=False cert=False
[clean-BPC  2536.84s] node 75 cg=2 phase=phase2 kind=heuristic_boost best_rc=0.0 found=0 added=0 exhausted=True cert=True
[clean-BPC  2536.85s] route-pack-conflict diag node 75 source_vehicle=1 routes=5 U=4 complete=True cache_hit=False states=103 added=0
[clean-BPC  2537.21s] cut_added family=schedule_nogood_core node=75 added=2 source_vehicle=1 route_count=4 signatures=[[6, 8, 10, 14], [5, 9, 19, 11], [4, 15, 20, 2], [7, 3, 1]]
[clean-BPC  2537.21s] node 77 d=6 lb=233.007621 open=38
[clean-BPC  2537.31s] node 77 cg=1 phase=phase1 obj=0.0 artificial=0.0 cols=3751
[clean-BPC  2537.41s] node 77 cg=2 phase=phase2 obj=233.007621 artificial=0.0 cols=3751
[clean-BPC  2540.31s] node 77 cg=2 phase=phase2 kind=heuristic best_rc=0.0 found=0 added=0 exhausted=False cert=False
[clean-BPC  2547.63s] node 77 cg=2 phase=phase2 kind=heuristic_boost best_rc=0.0 found=0 added=0 exhausted=True cert=True
[clean-BPC  2547.64s] route-pack-conflict diag node 77 source_vehicle=1 routes=5 U=4 complete=True cache_hit=False states=109 added=0
[clean-BPC  2548.01s] cut_added family=schedule_nogood_core node=77 added=2 source_vehicle=1 route_count=4 signatures=[[6, 8, 10, 14], [5, 9, 19, 11], [4, 15, 20, 2], [1, 3, 7]]
[clean-BPC  2548.01s] node 78 d=6 lb=233.007621 open=38
[clean-BPC  2548.12s] node 78 cg=1 phase=phase1 obj=0.0 artificial=0.0 cols=3751
[clean-BPC  2548.22s] node 78 cg=2 phase=phase2 obj=233.007621 artificial=0.0 cols=3751
[clean-BPC  2550.96s] node 78 cg=2 phase=phase2 kind=heuristic best_rc=0.0 found=0 added=0 exhausted=False cert=False
[clean-BPC  2557.82s] node 78 cg=2 phase=phase2 kind=heuristic_boost best_rc=0.0 found=0 added=0 exhausted=True cert=True
[clean-BPC  2557.83s] route-pack-conflict diag node 78 source_vehicle=1 routes=5 U=4 complete=True cache_hit=False states=120 added=0
[clean-BPC  2558.19s] cut_added family=schedule_nogood_core node=78 added=2 source_vehicle=1 route_count=4 signatures=[[6, 8, 14, 10], [5, 9, 19, 11], [2, 20, 15, 4], [1, 3, 7]]
[clean-BPC  2558.19s] node 75 d=5 lb=233.007621 open=38
[clean-BPC  2558.28s] node 75 cg=1 phase=phase1 obj=0.0 artificial=0.0 cols=3751
[clean-BPC  2558.37s] node 75 cg=2 phase=phase2 obj=233.007621 artificial=0.0 cols=3751
[clean-BPC  2561.25s] node 75 cg=2 phase=phase2 kind=heuristic best_rc=0.0 found=0 added=0 exhausted=False cert=False
[clean-BPC  2568.45s] node 75 cg=2 phase=phase2 kind=heuristic_boost best_rc=-0.252581 found=2 added=2 exhausted=True cert=True
[clean-BPC  2568.55s] node 75 cg=3 phase=phase2 obj=233.007621 artificial=0.0 cols=3753
[clean-BPC  2571.46s] node 75 cg=3 phase=phase2 kind=heuristic best_rc=0.0 found=0 added=0 exhausted=False cert=False
[clean-BPC  2578.63s] node 75 cg=3 phase=phase2 kind=heuristic_boost best_rc=-0.0 found=0 added=0 exhausted=True cert=True
[clean-BPC  2580.60s] branch node 75: left=arc(20,2)=off right=arc(20,2)=on
[clean-BPC  2580.60s] node 78 d=6 lb=233.007621 open=39
[clean-BPC  2580.70s] node 78 cg=1 phase=phase1 obj=0.0 artificial=0.0 cols=3753
[clean-BPC  2580.80s] node 78 cg=2 phase=phase2 obj=233.007621 artificial=0.0 cols=3753
[clean-BPC  2583.51s] node 78 cg=2 phase=phase2 kind=heuristic best_rc=0.0 found=0 added=0 exhausted=False cert=False
[clean-BPC  2590.36s] node 78 cg=2 phase=phase2 kind=heuristic_boost best_rc=0.0 found=0 added=0 exhausted=True cert=True
[clean-BPC  2590.38s] route-pack-conflict diag node 78 source_vehicle=1 routes=5 U=4 complete=True cache_hit=False states=120 added=0
[clean-BPC  2590.74s] cut_added family=schedule_nogood_core node=78 added=2 source_vehicle=1 route_count=4 signatures=[[6, 10, 14, 8], [5, 9, 19, 11], [2, 20, 15, 4], [1, 3, 7]]
[clean-BPC  2590.74s] node 79 d=6 lb=233.007621 open=39
[clean-BPC  2590.83s] node 79 cg=1 phase=phase1 obj=0.0 artificial=0.0 cols=3753
[clean-BPC  2590.95s] node 79 cg=2 phase=phase2 obj=233.007621 artificial=0.0 cols=3753
[clean-BPC  2590.95s] cut_purged node=79 removed=1 by_kind={'subset_row': 1} remaining=75
[clean-BPC  2591.04s] node 79 cg=3 phase=phase2 obj=233.007621 artificial=0.0 cols=3753
[clean-BPC  2593.91s] node 79 cg=3 phase=phase2 kind=heuristic best_rc=0.0 found=0 added=0 exhausted=False cert=False
[clean-BPC  2600.91s] node 79 cg=3 phase=phase2 kind=heuristic_boost best_rc=-0.0 found=0 added=0 exhausted=True cert=True
[clean-BPC  2600.92s] route-pack-conflict diag node 79 source_vehicle=1 routes=5 U=4 complete=True cache_hit=False states=111 added=0
[clean-BPC  2601.28s] cut_added family=schedule_nogood_core node=79 added=2 source_vehicle=1 route_count=4 signatures=[[6, 10, 14, 8], [5, 9, 19, 11], [2, 20, 15, 4], [7, 3, 1]]
[clean-BPC  2601.28s] node 80 d=6 lb=233.007621 open=39
[clean-BPC  2601.39s] node 80 cg=1 phase=phase1 obj=0.0 artificial=0.0 cols=3753
[clean-BPC  2601.49s] node 80 cg=2 phase=phase2 obj=233.007621 artificial=0.0 cols=3753
[clean-BPC  2604.48s] node 80 cg=2 phase=phase2 kind=heuristic best_rc=0.0 found=0 added=0 exhausted=False cert=False
[clean-BPC  2611.92s] node 80 cg=2 phase=phase2 kind=heuristic_boost best_rc=-0.468484 found=2 added=2 exhausted=True cert=True
[clean-BPC  2612.01s] node 80 cg=3 phase=phase2 obj=233.007621 artificial=0.0 cols=3755
[clean-BPC  2612.01s] cut_purged node=80 removed=1 by_kind={'schedule_nogood_core': 1} remaining=76
[clean-BPC  2612.12s] node 80 cg=4 phase=phase2 obj=233.007621 artificial=0.0 cols=3755
[clean-BPC  2614.76s] node 80 cg=4 phase=phase2 kind=heuristic best_rc=0.0 found=0 added=0 exhausted=False cert=False
[clean-BPC  2621.14s] node 80 cg=4 phase=phase2 kind=heuristic_boost best_rc=-0.225487 found=10 added=10 exhausted=True cert=True
[clean-BPC  2621.25s] node 80 cg=5 phase=phase2 obj=233.007621 artificial=0.0 cols=3765
[clean-BPC  2623.85s] node 80 cg=5 phase=phase2 kind=heuristic best_rc=0.0 found=0 added=0 exhausted=False cert=False
[clean-BPC  2630.05s] node 80 cg=5 phase=phase2 kind=heuristic_boost best_rc=0.0 found=0 added=0 exhausted=True cert=True
[clean-BPC  2630.07s] route-pack-conflict diag node 80 source_vehicle=1 routes=5 U=4 complete=True cache_hit=False states=103 added=0
[clean-BPC  2630.43s] cut_added family=schedule_nogood_core node=80 added=2 source_vehicle=1 route_count=4 signatures=[[6, 8, 14, 10], [5, 9, 19, 11], [4, 15, 20, 2], [7, 3, 1]]
[clean-BPC  2630.43s] node 78 d=6 lb=233.007621 open=39
[clean-BPC  2630.54s] node 78 cg=1 phase=phase1 obj=0.0 artificial=0.0 cols=3765
[clean-BPC  2630.64s] node 78 cg=2 phase=phase2 obj=233.007621 artificial=0.0 cols=3765
[clean-BPC  2633.67s] node 78 cg=2 phase=phase2 kind=heuristic best_rc=0.0 found=0 added=0 exhausted=False cert=False
[clean-BPC  2644.12s] node 78 cg=2 phase=phase2 kind=heuristic_boost best_rc=0.0 found=0 added=0 exhausted=True cert=True
[clean-BPC  2644.14s] route-pack-conflict diag node 78 source_vehicle=1 routes=5 U=4 complete=True cache_hit=False states=120 added=0
[clean-BPC  2644.51s] cut_added family=schedule_nogood_core node=78 added=2 source_vehicle=1 route_count=4 signatures=[[6, 14, 10, 8], [5, 9, 19, 11], [2, 20, 15, 4], [1, 3, 7]]
[clean-BPC  2644.51s] node 79 d=6 lb=233.007621 open=39
[clean-BPC  2644.61s] node 79 cg=1 phase=phase1 obj=0.0 artificial=0.0 cols=3765
[clean-BPC  2644.70s] node 79 cg=2 phase=phase2 obj=233.007621 artificial=0.0 cols=3765
[clean-BPC  2647.54s] node 79 cg=2 phase=phase2 kind=heuristic best_rc=0.0 found=0 added=0 exhausted=False cert=False
[clean-BPC  2654.61s] node 79 cg=2 phase=phase2 kind=heuristic_boost best_rc=0.0 found=0 added=0 exhausted=True cert=True
[clean-BPC  2654.63s] route-pack-conflict diag node 79 source_vehicle=1 routes=5 U=4 complete=True cache_hit=False states=111 added=0
[clean-BPC  2655.00s] cut_added family=schedule_nogood_core node=79 added=2 source_vehicle=1 route_count=4 signatures=[[6, 14, 10, 8], [5, 9, 19, 11], [2, 20, 15, 4], [7, 3, 1]]
[clean-BPC  2655.00s] node 80 d=6 lb=233.007621 open=39
[clean-BPC  2655.09s] node 80 cg=1 phase=phase1 obj=0.0 artificial=0.0 cols=3765
[clean-BPC  2655.19s] node 80 cg=2 phase=phase2 obj=233.007621 artificial=0.0 cols=3765
[clean-BPC  2657.75s] node 80 cg=2 phase=phase2 kind=heuristic best_rc=-0.0 found=0 added=0 exhausted=False cert=False
[clean-BPC  2663.91s] node 80 cg=2 phase=phase2 kind=heuristic_boost best_rc=-0.0 found=0 added=0 exhausted=True cert=True
[clean-BPC  2665.91s] branch node 80: left=arc(14,10)=off right=arc(14,10)=on
[clean-BPC  2665.91s] node 78 d=6 lb=233.007621 open=40
[clean-BPC  2666.01s] node 78 cg=1 phase=phase1 obj=0.0 artificial=0.0 cols=3765
[clean-BPC  2666.11s] node 78 cg=2 phase=phase2 obj=233.007621 artificial=0.0 cols=3765
[clean-BPC  2669.11s] node 78 cg=2 phase=phase2 kind=heuristic best_rc=-0.0 found=0 added=0 exhausted=False cert=False
[clean-BPC  2679.53s] node 78 cg=2 phase=phase2 kind=heuristic_boost best_rc=-0.0 found=0 added=0 exhausted=True cert=True
[clean-BPC  2679.55s] route-pack-conflict diag node 78 source_vehicle=1 routes=5 U=4 complete=True cache_hit=False states=114 added=0
[clean-BPC  2679.92s] cut_added family=schedule_nogood_core node=78 added=2 source_vehicle=1 route_count=4 signatures=[[8, 10, 14, 6], [5, 9, 19, 11], [2, 20, 15, 4], [1, 3, 7]]
[clean-BPC  2679.92s] node 79 d=6 lb=233.007621 open=40
[clean-BPC  2680.02s] node 79 cg=1 phase=phase1 obj=0.0 artificial=0.0 cols=3765
[clean-BPC  2680.11s] node 79 cg=2 phase=phase2 obj=233.007621 artificial=0.0 cols=3765
[clean-BPC  2682.97s] node 79 cg=2 phase=phase2 kind=heuristic best_rc=0.0 found=0 added=0 exhausted=False cert=False
[clean-BPC  2690.15s] node 79 cg=2 phase=phase2 kind=heuristic_boost best_rc=0.0 found=0 added=0 exhausted=True cert=True
[clean-BPC  2690.16s] route-pack-conflict diag node 79 source_vehicle=1 routes=5 U=4 complete=True cache_hit=False states=105 added=0
[clean-BPC  2690.53s] cut_added family=schedule_nogood_core node=79 added=2 source_vehicle=1 route_count=4 signatures=[[8, 10, 14, 6], [5, 9, 19, 11], [2, 20, 15, 4], [7, 3, 1]]
[clean-BPC  2690.53s] node 81 d=7 lb=233.007621 open=40
[clean-BPC  2690.63s] node 81 cg=1 phase=phase1 obj=0.0 artificial=0.0 cols=3765
[clean-BPC  2690.73s] node 81 cg=2 phase=phase2 obj=233.007621 artificial=0.0 cols=3765
[clean-BPC  2693.36s] node 81 cg=2 phase=phase2 kind=heuristic best_rc=0.0 found=0 added=0 exhausted=False cert=False
[clean-BPC  2699.55s] node 81 cg=2 phase=phase2 kind=heuristic_boost best_rc=0.0 found=0 added=0 exhausted=True cert=True
[clean-BPC  2699.56s] route-pack-conflict diag node 81 source_vehicle=1 routes=5 U=4 complete=True cache_hit=False states=103 added=0
[clean-BPC  2699.92s] cut_added family=schedule_nogood_core node=81 added=2 source_vehicle=1 route_count=4 signatures=[[6, 10, 14, 8], [5, 9, 19, 11], [4, 15, 20, 2], [7, 3, 1]]
[clean-BPC  2699.92s] node 82 d=7 lb=233.007621 open=40
[clean-BPC  2700.02s] node 82 cg=1 phase=phase1 obj=0.0 artificial=0.0 cols=3765
[clean-BPC  2700.13s] node 82 cg=2 phase=phase2 obj=233.007621 artificial=0.0 cols=3765
[clean-BPC  2702.76s] node 82 cg=2 phase=phase2 kind=heuristic best_rc=0.0 found=0 added=0 exhausted=False cert=False
[clean-BPC  2708.94s] node 82 cg=2 phase=phase2 kind=heuristic_boost best_rc=0.0 found=0 added=0 exhausted=True cert=True
[clean-BPC  2708.95s] route-pack-conflict diag node 82 source_vehicle=1 routes=5 U=4 complete=True cache_hit=False states=103 added=0
[clean-BPC  2709.32s] cut_added family=schedule_nogood_core node=82 added=2 source_vehicle=1 route_count=4 signatures=[[6, 14, 10, 8], [5, 9, 19, 11], [4, 15, 20, 2], [7, 3, 1]]
[clean-BPC  2709.32s] node 78 d=6 lb=233.007621 open=40
[clean-BPC  2709.43s] node 78 cg=1 phase=phase1 obj=0.0 artificial=0.0 cols=3765
[clean-BPC  2709.53s] node 78 cg=2 phase=phase2 obj=233.007621 artificial=0.0 cols=3765
[clean-BPC  2712.54s] node 78 cg=2 phase=phase2 kind=heuristic best_rc=-0.0 found=0 added=0 exhausted=False cert=False
[clean-BPC  2722.96s] node 78 cg=2 phase=phase2 kind=heuristic_boost best_rc=-0.0 found=0 added=0 exhausted=True cert=True
[clean-BPC  2722.97s] route-pack-conflict diag node 78 source_vehicle=1 routes=5 U=4 complete=True cache_hit=False states=114 added=0
[clean-BPC  2723.34s] cut_added family=schedule_nogood_core node=78 added=2 source_vehicle=1 route_count=4 signatures=[[8, 14, 10, 6], [5, 9, 19, 11], [2, 20, 15, 4], [1, 3, 7]]
[clean-BPC  2723.34s] node 79 d=6 lb=233.007621 open=40
[clean-BPC  2723.43s] node 79 cg=1 phase=phase1 obj=0.0 artificial=0.0 cols=3765
[clean-BPC  2723.55s] node 79 cg=2 phase=phase2 obj=233.007621 artificial=0.0 cols=3765
[clean-BPC  2726.42s] node 79 cg=2 phase=phase2 kind=heuristic best_rc=0.0 found=0 added=0 exhausted=False cert=False
[clean-BPC  2733.54s] node 79 cg=2 phase=phase2 kind=heuristic_boost best_rc=-0.0 found=0 added=0 exhausted=True cert=True
[clean-BPC  2733.56s] route-pack-conflict diag node 79 source_vehicle=1 routes=5 U=4 complete=True cache_hit=False states=105 added=0
[clean-BPC  2733.92s] cut_added family=schedule_nogood_core node=79 added=2 source_vehicle=1 route_count=4 signatures=[[8, 14, 10, 6], [5, 9, 19, 11], [2, 20, 15, 4], [7, 3, 1]]
[clean-BPC  2733.92s] node 81 d=7 lb=233.007621 open=40
[clean-BPC  2734.02s] node 81 cg=1 phase=phase1 obj=0.0 artificial=0.0 cols=3765
[clean-BPC  2734.12s] node 81 cg=2 phase=phase2 obj=233.007621 artificial=0.0 cols=3765
[clean-BPC  2736.74s] node 81 cg=2 phase=phase2 kind=heuristic best_rc=-0.0 found=0 added=0 exhausted=False cert=False
[clean-BPC  2742.91s] node 81 cg=2 phase=phase2 kind=heuristic_boost best_rc=-0.0 found=0 added=0 exhausted=True cert=True
[clean-BPC  2744.96s] branch node 81: left=arc(5,9)=off right=arc(5,9)=on
[clean-BPC  2744.96s] node 82 d=7 lb=233.007621 open=41
[clean-BPC  2745.06s] node 82 cg=1 phase=phase1 obj=0.0 artificial=0.0 cols=3765
[clean-BPC  2745.16s] node 82 cg=2 phase=phase2 obj=233.007621 artificial=0.0 cols=3765
[clean-BPC  2747.83s] node 82 cg=2 phase=phase2 kind=heuristic best_rc=0.0 found=0 added=0 exhausted=False cert=False
[clean-BPC  2754.11s] node 82 cg=2 phase=phase2 kind=heuristic_boost best_rc=0.0 found=0 added=0 exhausted=True cert=True
[clean-BPC  2756.16s] branch node 82: left=arc(5,9)=off right=arc(5,9)=on
[clean-BPC  2756.16s] node 78 d=6 lb=233.007621 open=42
[clean-BPC  2756.27s] node 78 cg=1 phase=phase1 obj=0.0 artificial=0.0 cols=3765
[clean-BPC  2756.38s] node 78 cg=2 phase=phase2 obj=233.007621 artificial=0.0 cols=3765
[clean-BPC  2759.36s] node 78 cg=2 phase=phase2 kind=heuristic best_rc=0.0 found=0 added=0 exhausted=False cert=False
[clean-BPC  2769.83s] node 78 cg=2 phase=phase2 kind=heuristic_boost best_rc=0.0 found=0 added=0 exhausted=True cert=True
[clean-BPC  2769.84s] route-pack-conflict diag node 78 source_vehicle=1 routes=5 U=4 complete=True cache_hit=False states=114 added=0
[clean-BPC  2770.21s] cut_added family=schedule_nogood_core node=78 added=2 source_vehicle=1 route_count=4 signatures=[[10, 14, 8, 6], [5, 9, 19, 11], [2, 20, 15, 4], [1, 3, 7]]
[clean-BPC  2770.21s] node 79 d=6 lb=233.007621 open=42
[clean-BPC  2770.30s] node 79 cg=1 phase=phase1 obj=0.0 artificial=0.0 cols=3765
[clean-BPC  2770.41s] node 79 cg=2 phase=phase2 obj=233.007621 artificial=0.0 cols=3765
[clean-BPC  2773.28s] node 79 cg=2 phase=phase2 kind=heuristic best_rc=0.0 found=0 added=0 exhausted=False cert=False
[clean-BPC  2780.43s] node 79 cg=2 phase=phase2 kind=heuristic_boost best_rc=0.0 found=0 added=0 exhausted=True cert=True
[clean-BPC  2780.45s] route-pack-conflict diag node 79 source_vehicle=1 routes=5 U=4 complete=True cache_hit=False states=105 added=0
[clean-BPC  2780.82s] cut_added family=schedule_nogood_core node=79 added=2 source_vehicle=1 route_count=4 signatures=[[10, 14, 8, 6], [5, 9, 19, 11], [2, 20, 15, 4], [7, 3, 1]]
[clean-BPC  2780.82s] node 83 d=8 lb=233.007621 open=42
[clean-BPC  2780.92s] node 83 cg=1 phase=phase1 obj=0.0 artificial=0.0 cols=3765
[clean-BPC  2781.01s] node 83 cg=2 phase=phase2 obj=233.007621 artificial=0.0 cols=3765
[clean-BPC  2783.92s] node 83 cg=2 phase=phase2 kind=heuristic best_rc=0.0 found=0 added=0 exhausted=False cert=False
[clean-BPC  2791.13s] node 83 cg=2 phase=phase2 kind=heuristic_boost best_rc=-0.036056 found=2 added=2 exhausted=True cert=True
[clean-BPC  2791.24s] node 83 cg=3 phase=phase2 obj=233.007621 artificial=0.0 cols=3767
[clean-BPC  2794.16s] node 83 cg=3 phase=phase2 kind=heuristic best_rc=0.0 found=0 added=0 exhausted=False cert=False
[clean-BPC  2801.38s] node 83 cg=3 phase=phase2 kind=heuristic_boost best_rc=0.0 found=0 added=0 exhausted=True cert=True
[clean-BPC  2801.39s] route-pack-conflict diag node 83 source_vehicle=1 routes=5 U=4 complete=True cache_hit=False states=94 added=0
[clean-BPC  2801.66s] cut_added family=schedule_nogood_core node=83 added=2 source_vehicle=1 route_count=3 signatures=[[11, 19, 9, 5], [4, 15, 20, 2], [7, 3, 1]]
[clean-BPC  2801.66s] node 84 d=8 lb=233.007621 open=42
[clean-BPC  2801.77s] node 84 cg=1 phase=phase1 obj=0.0 artificial=0.0 cols=3767
[clean-BPC  2801.89s] node 84 cg=2 phase=phase2 obj=233.007621 artificial=0.0 cols=3767
[clean-BPC  2804.51s] node 84 cg=2 phase=phase2 kind=heuristic best_rc=0.0 found=0 added=0 exhausted=False cert=False
[clean-BPC  2810.73s] node 84 cg=2 phase=phase2 kind=heuristic_boost best_rc=0.0 found=0 added=0 exhausted=True cert=True
[clean-BPC  2810.74s] route-pack-conflict diag node 84 source_vehicle=1 routes=5 U=4 complete=True cache_hit=False states=99 added=0
[clean-BPC  2811.10s] cut_added family=schedule_nogood_core node=84 added=2 source_vehicle=1 route_count=4 signatures=[[8, 10, 14, 6], [5, 9, 19, 11], [4, 15, 20, 2], [7, 3, 1]]
[clean-BPC  2811.10s] node 85 d=8 lb=233.007621 open=42
[clean-BPC  2811.21s] node 85 cg=1 phase=phase1 obj=0.0 artificial=0.0 cols=3767
[clean-BPC  2811.31s] node 85 cg=2 phase=phase2 obj=233.248991 artificial=0.0 cols=3767
[clean-BPC  2814.27s] node 85 cg=2 phase=phase2 kind=heuristic best_rc=-0.90918125 found=30 added=30 exhausted=False cert=False
[clean-BPC  2814.39s] node 85 cg=3 phase=phase2 obj=233.248991 artificial=0.0 cols=3797
[clean-BPC  2817.31s] node 85 cg=3 phase=phase2 kind=heuristic best_rc=0.120256 found=0 added=0 exhausted=False cert=False
[clean-BPC  2824.65s] node 85 cg=3 phase=phase2 kind=heuristic_boost best_rc=-0.644977 found=2 added=2 exhausted=True cert=True
[clean-BPC  2824.76s] node 85 cg=4 phase=phase2 obj=233.248991 artificial=0.0 cols=3799
[clean-BPC  2827.71s] node 85 cg=4 phase=phase2 kind=heuristic best_rc=0.120256 found=0 added=0 exhausted=False cert=False
[clean-BPC  2835.11s] node 85 cg=4 phase=phase2 kind=heuristic_boost best_rc=0.120256 found=0 added=0 exhausted=True cert=True
[clean-BPC  2837.11s] branch node 85: left=RF(4,20)=separate right=RF(4,20)=same
[clean-BPC  2837.11s] node 86 d=8 lb=233.007621 open=43
[clean-BPC  2837.24s] node 86 cg=1 phase=phase1 obj=0.0 artificial=0.0 cols=3799
[clean-BPC  2837.35s] node 86 cg=2 phase=phase2 obj=233.007621 artificial=0.0 cols=3799
[clean-BPC  2837.35s] cut_purged node=86 removed=7 by_kind={'schedule_nogood_core': 7} remaining=95
[clean-BPC  2837.46s] node 86 cg=3 phase=phase2 obj=233.007621 artificial=0.0 cols=3799
[clean-BPC  2837.46s] cut_purged node=86 removed=6 by_kind={'schedule_nogood_core': 6} remaining=89
[clean-BPC  2837.58s] node 86 cg=4 phase=phase2 obj=233.007621 artificial=0.0 cols=3799
[clean-BPC  2840.20s] node 86 cg=4 phase=phase2 kind=heuristic best_rc=0.0 found=0 added=0 exhausted=False cert=False
[clean-BPC  2846.45s] node 86 cg=4 phase=phase2 kind=heuristic_boost best_rc=0.0 found=0 added=0 exhausted=True cert=True
[clean-BPC  2846.46s] route-pack-conflict diag node 86 source_vehicle=1 routes=5 U=4 complete=True cache_hit=False states=99 added=0
[clean-BPC  2846.83s] cut_added family=schedule_nogood_core node=86 added=2 source_vehicle=1 route_count=4 signatures=[[8, 14, 10, 6], [5, 9, 19, 11], [4, 15, 20, 2], [7, 3, 1]]
[clean-BPC  2846.83s] node 78 d=6 lb=233.007621 open=43
[clean-BPC  2846.96s] node 78 cg=1 phase=phase1 obj=0.0 artificial=0.0 cols=3799
[clean-BPC  2847.06s] node 78 cg=2 phase=phase2 obj=233.007621 artificial=0.0 cols=3799
[clean-BPC  2847.07s] cut_purged node=78 removed=1 by_kind={'schedule_nogood_core': 1} remaining=90
[clean-BPC  2847.20s] node 78 cg=3 phase=phase2 obj=233.007621 artificial=0.0 cols=3799
[clean-BPC  2847.20s] cut_purged node=78 removed=1 by_kind={'schedule_nogood_core': 1} remaining=89
[clean-BPC  2847.30s] node 78 cg=4 phase=phase2 obj=233.007621 artificial=0.0 cols=3799
[clean-BPC  2850.27s] node 78 cg=4 phase=phase2 kind=heuristic best_rc=-0.0 found=0 added=0 exhausted=False cert=False
[clean-BPC  2860.50s] node 78 cg=4 phase=phase2 kind=heuristic_boost best_rc=-0.0 found=0 added=0 exhausted=True cert=True
[clean-BPC  2860.51s] route-pack-conflict diag node 78 source_vehicle=1 routes=5 U=4 complete=True cache_hit=True states=120 added=0
[clean-BPC  2860.87s] cut_added family=schedule_nogood_core node=78 added=1 source_vehicle=1 route_count=4 signatures=[[6, 8, 10, 14], [5, 9, 19, 11], [2, 20, 15, 4], [1, 3, 7]]
[clean-BPC  2860.87s] node 79 d=6 lb=233.007621 open=43
[clean-BPC  2860.98s] node 79 cg=1 phase=phase1 obj=0.0 artificial=0.0 cols=3799
[clean-BPC  2861.08s] node 79 cg=2 phase=phase2 obj=233.007621 artificial=0.0 cols=3799
[clean-BPC  2863.95s] node 79 cg=2 phase=phase2 kind=heuristic best_rc=0.0 found=0 added=0 exhausted=False cert=False
[clean-BPC  2871.13s] node 79 cg=2 phase=phase2 kind=heuristic_boost best_rc=0.0 found=0 added=0 exhausted=True cert=True
[clean-BPC  2871.13s] route-pack-conflict diag node 79 source_vehicle=1 routes=5 U=4 complete=True cache_hit=True states=111 added=0
[clean-BPC  2871.50s] cut_added family=schedule_nogood_core node=79 added=1 source_vehicle=1 route_count=4 signatures=[[6, 8, 10, 14], [5, 9, 19, 11], [2, 20, 15, 4], [7, 3, 1]]
[clean-BPC  2871.50s] node 83 d=8 lb=233.007621 open=43
[clean-BPC  2871.61s] node 83 cg=1 phase=phase1 obj=0.0 artificial=0.0 cols=3799
[clean-BPC  2871.72s] node 83 cg=2 phase=phase2 obj=233.248991 artificial=0.0 cols=3799
[clean-BPC  2874.68s] node 83 cg=2 phase=phase2 kind=heuristic best_rc=-0.043838 found=1 added=1 exhausted=False cert=False
[clean-BPC  2874.78s] node 83 cg=3 phase=phase2 obj=233.248991 artificial=0.0 cols=3800
[clean-BPC  2877.72s] node 83 cg=3 phase=phase2 kind=heuristic best_rc=0.120256 found=0 added=0 exhausted=False cert=False
[clean-BPC  2885.21s] node 83 cg=3 phase=phase2 kind=heuristic_boost best_rc=0.0 found=0 added=0 exhausted=True cert=True
[clean-BPC  2886.76s] branch node 83: left=RF(3,4)=separate right=RF(3,4)=same
[clean-BPC  2886.76s] node 86 d=8 lb=233.007621 open=44
[clean-BPC  2886.88s] node 86 cg=1 phase=phase1 obj=0.0 artificial=0.0 cols=3800
[clean-BPC  2886.99s] node 86 cg=2 phase=phase2 obj=233.007621 artificial=0.0 cols=3800
[clean-BPC  2890.02s] node 86 cg=2 phase=phase2 kind=heuristic best_rc=0.0 found=0 added=0 exhausted=False cert=False
[clean-BPC  2900.33s] node 86 cg=2 phase=phase2 kind=heuristic_boost best_rc=0.0 found=0 added=0 exhausted=True cert=True
[clean-BPC  2900.35s] route-pack-conflict diag node 86 source_vehicle=1 routes=5 U=4 complete=True cache_hit=False states=99 added=0
[clean-BPC  2900.73s] cut_added family=schedule_nogood_core node=86 added=2 source_vehicle=1 route_count=4 signatures=[[14, 10, 8, 6], [5, 9, 19, 11], [4, 15, 20, 2], [7, 3, 1]]
[clean-BPC  2900.73s] node 78 d=6 lb=233.007621 open=44
[clean-BPC  2900.84s] node 78 cg=1 phase=phase1 obj=0.0 artificial=0.0 cols=3800
[clean-BPC  2900.95s] node 78 cg=2 phase=phase2 obj=233.007621 artificial=0.0 cols=3800
[clean-BPC  2903.92s] node 78 cg=2 phase=phase2 kind=heuristic best_rc=0.0 found=0 added=0 exhausted=False cert=False
[clean-BPC  2914.27s] node 78 cg=2 phase=phase2 kind=heuristic_boost best_rc=0.0 found=0 added=0 exhausted=True cert=True
[clean-BPC  2914.28s] route-pack-conflict diag node 78 source_vehicle=1 routes=5 U=4 complete=True cache_hit=True states=111 added=0
[clean-BPC  2914.56s] cut_added family=schedule_nogood_core node=78 added=1 source_vehicle=1 route_count=3 signatures=[[11, 19, 9, 5], [2, 20, 15, 4], [1, 3, 7]]
[clean-BPC  2914.56s] node 79 d=6 lb=233.007621 open=44
[clean-BPC  2914.66s] node 79 cg=1 phase=phase1 obj=0.0 artificial=0.0 cols=3800
[clean-BPC  2914.76s] node 79 cg=2 phase=phase2 obj=233.007621 artificial=0.0 cols=3800
[clean-BPC  2917.63s] node 79 cg=2 phase=phase2 kind=heuristic best_rc=0.0 found=0 added=0 exhausted=False cert=False
[clean-BPC  2924.79s] node 79 cg=2 phase=phase2 kind=heuristic_boost best_rc=-0.0843595 found=2 added=2 exhausted=True cert=True
[clean-BPC  2924.91s] node 79 cg=3 phase=phase2 obj=233.007621 artificial=0.0 cols=3802
[clean-BPC  2927.84s] node 79 cg=3 phase=phase2 kind=heuristic best_rc=-0.0 found=0 added=0 exhausted=False cert=False
[clean-BPC  2937.82s] node 79 cg=3 phase=phase2 kind=heuristic_boost best_rc=-0.0 found=0 added=0 exhausted=True cert=True
[clean-BPC  2937.83s] route-pack-conflict diag node 79 source_vehicle=1 routes=5 U=4 complete=True cache_hit=True states=111 added=0
[clean-BPC  2938.19s] cut_added family=schedule_nogood_core node=79 added=1 source_vehicle=1 route_count=4 signatures=[[6, 8, 14, 10], [5, 9, 19, 11], [2, 20, 15, 4], [7, 3, 1]]
[clean-BPC  2938.19s] node 84 d=8 lb=233.007621 open=44
[clean-BPC  2938.30s] node 84 cg=1 phase=phase1 obj=0.0 artificial=0.0 cols=3802
[clean-BPC  2938.42s] node 84 cg=2 phase=phase2 obj=233.007621 artificial=0.0 cols=3802
[clean-BPC  2941.06s] node 84 cg=2 phase=phase2 kind=heuristic best_rc=0.0 found=0 added=0 exhausted=False cert=False
[clean-BPC  2947.28s] node 84 cg=2 phase=phase2 kind=heuristic_boost best_rc=0.0 found=0 added=0 exhausted=True cert=True
[clean-BPC  2947.30s] route-pack-conflict diag node 84 source_vehicle=1 routes=5 U=4 complete=True cache_hit=False states=99 added=0
[clean-BPC  2947.67s] cut_added family=schedule_nogood_core node=84 added=2 source_vehicle=1 route_count=4 signatures=[[10, 14, 8, 6], [5, 9, 19, 11], [4, 15, 20, 2], [7, 3, 1]]
[clean-BPC  2947.67s] node 86 d=8 lb=233.007621 open=44
[clean-BPC  2947.78s] node 86 cg=1 phase=phase1 obj=0.0 artificial=0.0 cols=3802
[clean-BPC  2947.89s] node 86 cg=2 phase=phase2 obj=233.063322 artificial=0.0 cols=3802
[clean-BPC  2950.61s] node 86 cg=2 phase=phase2 kind=heuristic best_rc=0.120256 found=0 added=0 exhausted=False cert=False
[clean-BPC  2957.27s] node 86 cg=2 phase=phase2 kind=heuristic_boost best_rc=-1.015899359 found=25 added=25 exhausted=True cert=True
[clean-BPC  2957.38s] node 86 cg=3 phase=phase2 obj=233.063322 artificial=0.0 cols=3827
[clean-BPC  2960.34s] node 86 cg=3 phase=phase2 kind=heuristic best_rc=0.120256 found=0 added=0 exhausted=False cert=False
[clean-BPC  2970.25s] node 86 cg=3 phase=phase2 kind=heuristic_boost best_rc=0.0 found=0 added=0 exhausted=True cert=True
[clean-BPC  2972.16s] branch node 86: left=RF(4,20)=separate right=RF(4,20)=same
[clean-BPC  2972.16s] node 78 d=6 lb=233.007621 open=45
[clean-BPC  2972.29s] node 78 cg=1 phase=phase1 obj=0.0 artificial=0.0 cols=3827
[clean-BPC  2972.40s] node 78 cg=2 phase=phase2 obj=233.007621 artificial=0.0 cols=3827
[clean-BPC  2975.36s] node 78 cg=2 phase=phase2 kind=heuristic best_rc=-0.0 found=0 added=0 exhausted=False cert=False
[clean-BPC  2985.62s] node 78 cg=2 phase=phase2 kind=heuristic_boost best_rc=-0.0 found=0 added=0 exhausted=True cert=True
[clean-BPC  2985.63s] route-pack-conflict diag node 78 source_vehicle=1 routes=5 U=4 complete=True cache_hit=True states=120 added=0
[clean-BPC  2985.98s] cut_added family=schedule_nogood_core node=78 added=1 source_vehicle=1 route_count=4 signatures=[[6, 8, 14, 10], [5, 9, 19, 11], [2, 20, 15, 4], [1, 3, 7]]
[clean-BPC  2985.98s] node 79 d=6 lb=233.007621 open=45
[clean-BPC  2986.10s] node 79 cg=1 phase=phase1 obj=0.0 artificial=0.0 cols=3827
[clean-BPC  2986.21s] node 79 cg=2 phase=phase2 obj=233.007621 artificial=0.0 cols=3827
[clean-BPC  2989.14s] node 79 cg=2 phase=phase2 kind=heuristic best_rc=0.0 found=0 added=0 exhausted=False cert=False
[clean-BPC  2999.10s] node 79 cg=2 phase=phase2 kind=heuristic_boost best_rc=0.0 found=0 added=0 exhausted=True cert=True
[clean-BPC  3001.26s] branch node 79: left=arc(14,10)=off right=arc(14,10)=on
[clean-BPC  3001.26s] node 84 d=8 lb=233.007621 open=46
[clean-BPC  3001.38s] node 84 cg=1 phase=phase1 obj=0.0 artificial=0.0 cols=3827
[clean-BPC  3001.49s] node 84 cg=2 phase=phase2 obj=233.063322 artificial=0.0 cols=3827
[clean-BPC  3004.55s] node 84 cg=2 phase=phase2 kind=heuristic best_rc=0.120256 found=0 added=0 exhausted=False cert=False
[clean-BPC  3015.15s] node 84 cg=2 phase=phase2 kind=heuristic_boost best_rc=0.089325231 found=0 added=0 exhausted=True cert=True
[clean-BPC  3016.84s] branch node 84: left=RF(2,4)=separate right=RF(2,4)=same
[clean-BPC  3016.84s] node 78 d=6 lb=233.007621 open=47
[clean-BPC  3016.95s] node 78 cg=1 phase=phase1 obj=0.0 artificial=0.0 cols=3827
[clean-BPC  3017.09s] node 78 cg=2 phase=phase2 obj=233.007621 artificial=0.0 cols=3827
[clean-BPC  3020.06s] node 78 cg=2 phase=phase2 kind=heuristic best_rc=0.0 found=0 added=0 exhausted=False cert=False
[clean-BPC  3030.29s] node 78 cg=2 phase=phase2 kind=heuristic_boost best_rc=0.0 found=0 added=0 exhausted=True cert=True
[clean-BPC  3030.30s] route-pack-conflict diag node 78 source_vehicle=1 routes=5 U=4 complete=True cache_hit=True states=120 added=0
[clean-BPC  3030.66s] cut_added family=schedule_nogood_core node=78 added=1 source_vehicle=1 route_count=4 signatures=[[6, 10, 14, 8], [5, 9, 19, 11], [2, 20, 15, 4], [1, 3, 7]]
[clean-BPC  3030.66s] node 93 d=7 lb=233.007621 open=47
[clean-BPC  3030.76s] node 93 cg=1 phase=phase1 obj=0.0 artificial=0.0 cols=3827
[clean-BPC  3030.89s] node 93 cg=2 phase=phase2 obj=233.007621 artificial=0.0 cols=3827
[clean-BPC  3030.89s] cut_purged node=93 removed=1 by_kind={'schedule_nogood_core': 1} remaining=98
[clean-BPC  3031.00s] node 93 cg=3 phase=phase2 obj=233.007621 artificial=0.0 cols=3827
[clean-BPC  3033.88s] node 93 cg=3 phase=phase2 kind=heuristic best_rc=0.0 found=0 added=0 exhausted=False cert=False
[clean-BPC  3041.02s] node 93 cg=3 phase=phase2 kind=heuristic_boost best_rc=0.0 found=0 added=0 exhausted=True cert=True
[clean-BPC  3041.03s] route-pack-conflict diag node 93 source_vehicle=1 routes=5 U=4 complete=True cache_hit=True states=102 added=0
[clean-BPC  3041.31s] cut_added family=schedule_nogood_core node=93 added=1 source_vehicle=1 route_count=3 signatures=[[11, 19, 9, 5], [2, 20, 15, 4], [7, 3, 1]]
[clean-BPC  3041.31s] node 78 d=6 lb=233.007621 open=47
[clean-BPC  3041.44s] node 78 cg=1 phase=phase1 obj=0.0 artificial=0.0 cols=3827
[clean-BPC  3041.55s] node 78 cg=2 phase=phase2 obj=233.007621 artificial=0.0 cols=3827
[clean-BPC  3044.59s] node 78 cg=2 phase=phase2 kind=heuristic best_rc=-0.0 found=0 added=0 exhausted=False cert=False
[clean-BPC  3055.02s] node 78 cg=2 phase=phase2 kind=heuristic_boost best_rc=-0.0 found=0 added=0 exhausted=True cert=True
[clean-BPC  3055.03s] route-pack-conflict diag node 78 source_vehicle=1 routes=5 U=4 complete=True cache_hit=True states=120 added=0
[clean-BPC  3055.40s] cut_added family=schedule_nogood_core node=78 added=1 source_vehicle=1 route_count=4 signatures=[[6, 14, 10, 8], [5, 9, 19, 11], [2, 20, 15, 4], [1, 3, 7]]
[clean-BPC  3055.40s] node 93 d=7 lb=233.007621 open=47
[clean-BPC  3055.51s] node 93 cg=1 phase=phase1 obj=0.0 artificial=0.0 cols=3827
[clean-BPC  3055.61s] node 93 cg=2 phase=phase2 obj=233.007621 artificial=0.0 cols=3827
[clean-BPC  3055.61s] cut_purged node=93 removed=4 by_kind={'schedule_nogood_core': 4} remaining=96
[clean-BPC  3055.73s] node 93 cg=3 phase=phase2 obj=233.007621 artificial=0.0 cols=3827
[clean-BPC  3058.60s] node 93 cg=3 phase=phase2 kind=heuristic best_rc=0.0 found=0 added=0 exhausted=False cert=False
[clean-BPC  3065.68s] node 93 cg=3 phase=phase2 kind=heuristic_boost best_rc=0.0 found=0 added=0 exhausted=True cert=True
[clean-BPC  3065.69s] route-pack-conflict diag node 93 source_vehicle=1 routes=5 U=4 complete=True cache_hit=True states=111 added=0
[clean-BPC  3066.05s] cut_added family=schedule_nogood_core node=93 added=1 source_vehicle=1 route_count=4 signatures=[[6, 10, 14, 8], [5, 9, 19, 11], [2, 20, 15, 4], [7, 3, 1]]
[clean-BPC  3066.05s] node 78 d=6 lb=233.007621 open=47
[clean-BPC  3066.16s] node 78 cg=1 phase=phase1 obj=0.0 artificial=0.0 cols=3827
[clean-BPC  3066.29s] node 78 cg=2 phase=phase2 obj=233.007621 artificial=0.0 cols=3827
[clean-BPC  3069.35s] node 78 cg=2 phase=phase2 kind=heuristic best_rc=-0.0 found=0 added=0 exhausted=False cert=False
[clean-BPC  3079.88s] node 78 cg=2 phase=phase2 kind=heuristic_boost best_rc=-0.0 found=0 added=0 exhausted=True cert=True
[clean-BPC  3079.89s] route-pack-conflict diag node 78 source_vehicle=1 routes=5 U=4 complete=True cache_hit=True states=114 added=0
[clean-BPC  3080.25s] cut_added family=schedule_nogood_core node=78 added=1 source_vehicle=1 route_count=4 signatures=[[8, 10, 14, 6], [5, 9, 19, 11], [2, 20, 15, 4], [1, 3, 7]]
[clean-BPC  3080.25s] node 93 d=7 lb=233.007621 open=47
[clean-BPC  3080.36s] node 93 cg=1 phase=phase1 obj=0.0 artificial=0.0 cols=3827
[clean-BPC  3080.48s] node 93 cg=2 phase=phase2 obj=233.007621 artificial=0.0 cols=3827
[clean-BPC  3080.48s] cut_purged node=93 removed=2 by_kind={'schedule_nogood_core': 2} remaining=96
[clean-BPC  3080.59s] node 93 cg=3 phase=phase2 obj=233.007621 artificial=0.0 cols=3827
[clean-BPC  3083.49s] node 93 cg=3 phase=phase2 kind=heuristic best_rc=-0.0 found=0 added=0 exhausted=False cert=False
[clean-BPC  3090.64s] node 93 cg=3 phase=phase2 kind=heuristic_boost best_rc=-0.561870333 found=2 added=2 exhausted=True cert=True
[clean-BPC  3090.75s] node 93 cg=4 phase=phase2 obj=233.007621 artificial=0.0 cols=3829
[clean-BPC  3093.64s] node 93 cg=4 phase=phase2 kind=heuristic best_rc=-0.0 found=0 added=0 exhausted=False cert=False
[clean-BPC  3100.81s] node 93 cg=4 phase=phase2 kind=heuristic_boost best_rc=-0.0 found=0 added=0 exhausted=True cert=True
[clean-BPC  3100.82s] route-pack-conflict diag node 93 source_vehicle=1 routes=5 U=4 complete=True cache_hit=True states=105 added=0
[clean-BPC  3101.20s] cut_added family=schedule_nogood_core node=93 added=1 source_vehicle=1 route_count=4 signatures=[[8, 10, 14, 6], [5, 9, 19, 11], [2, 20, 15, 4], [7, 3, 1]]
[clean-BPC  3101.20s] node 78 d=6 lb=233.007621 open=47
[clean-BPC  3101.31s] node 78 cg=1 phase=phase1 obj=0.0 artificial=0.0 cols=3829
[clean-BPC  3101.43s] node 78 cg=2 phase=phase2 obj=233.007621 artificial=0.0 cols=3829
[clean-BPC  3101.44s] cut_purged node=78 removed=1 by_kind={'schedule_nogood_core': 1} remaining=96
[clean-BPC  3101.57s] node 78 cg=3 phase=phase2 obj=233.007621 artificial=0.0 cols=3829
[clean-BPC  3104.58s] node 78 cg=3 phase=phase2 kind=heuristic best_rc=-0.0 found=0 added=0 exhausted=False cert=False
[clean-BPC  3115.02s] node 78 cg=3 phase=phase2 kind=heuristic_boost best_rc=-0.0 found=0 added=0 exhausted=True cert=True
[clean-BPC  3115.03s] route-pack-conflict diag node 78 source_vehicle=1 routes=5 U=4 complete=True cache_hit=True states=114 added=0
[clean-BPC  3115.39s] cut_added family=schedule_nogood_core node=78 added=1 source_vehicle=1 route_count=4 signatures=[[8, 14, 10, 6], [5, 9, 19, 11], [2, 20, 15, 4], [1, 3, 7]]
[clean-BPC  3115.39s] node 93 d=7 lb=233.007621 open=47
[clean-BPC  3115.51s] node 93 cg=1 phase=phase1 obj=0.0 artificial=0.0 cols=3829
[clean-BPC  3115.62s] node 93 cg=2 phase=phase2 obj=233.007621 artificial=0.0 cols=3829
[clean-BPC  3118.49s] node 93 cg=2 phase=phase2 kind=heuristic best_rc=0.0 found=0 added=0 exhausted=False cert=False
[clean-BPC  3125.62s] node 93 cg=2 phase=phase2 kind=heuristic_boost best_rc=0.0 found=0 added=0 exhausted=True cert=True
[clean-BPC  3125.63s] route-pack-conflict diag node 93 source_vehicle=1 routes=5 U=4 complete=True cache_hit=True states=105 added=0
[clean-BPC  3125.98s] cut_added family=schedule_nogood_core node=93 added=1 source_vehicle=1 route_count=4 signatures=[[10, 14, 8, 6], [5, 9, 19, 11], [2, 20, 15, 4], [7, 3, 1]]
[clean-BPC  3125.99s] node 78 d=6 lb=233.007621 open=47
[clean-BPC  3126.12s] node 78 cg=1 phase=phase1 obj=0.0 artificial=0.0 cols=3829
[clean-BPC  3126.23s] node 78 cg=2 phase=phase2 obj=233.007621 artificial=0.0 cols=3829
[clean-BPC  3126.23s] cut_purged node=78 removed=1 by_kind={'schedule_nogood_core': 1} remaining=97
[clean-BPC  3126.34s] node 78 cg=3 phase=phase2 obj=233.007621 artificial=0.0 cols=3829
[clean-BPC  3129.34s] node 78 cg=3 phase=phase2 kind=heuristic best_rc=-0.0 found=0 added=0 exhausted=False cert=False
[clean-BPC  3139.73s] node 78 cg=3 phase=phase2 kind=heuristic_boost best_rc=-0.0 found=0 added=0 exhausted=True cert=True
[clean-BPC  3139.74s] route-pack-conflict diag node 78 source_vehicle=1 routes=5 U=4 complete=True cache_hit=True states=114 added=0
[clean-BPC  3140.12s] cut_added family=schedule_nogood_core node=78 added=1 source_vehicle=1 route_count=4 signatures=[[10, 14, 8, 6], [5, 9, 19, 11], [2, 20, 15, 4], [1, 3, 7]]
[clean-BPC  3140.12s] node 93 d=7 lb=233.007621 open=47
[clean-BPC  3140.23s] node 93 cg=1 phase=phase1 obj=0.0 artificial=0.0 cols=3829
[clean-BPC  3140.34s] node 93 cg=2 phase=phase2 obj=233.013121 artificial=0.0 cols=3829
[clean-BPC  3143.26s] node 93 cg=2 phase=phase2 kind=heuristic best_rc=0.117017489 found=0 added=0 exhausted=False cert=False
[clean-BPC  3150.52s] node 93 cg=2 phase=phase2 kind=heuristic_boost best_rc=0.056294289 found=0 added=0 exhausted=True cert=True
[clean-BPC  3153.35s] branch node 93: left=RF(2,19)=separate right=RF(2,19)=same
[clean-BPC  3153.35s] node 78 d=6 lb=233.007621 open=48
[clean-BPC  3153.48s] node 78 cg=1 phase=phase1 obj=0.0 artificial=0.0 cols=3829
[clean-BPC  3153.60s] node 78 cg=2 phase=phase2 obj=233.007621 artificial=0.0 cols=3829
[clean-BPC  3156.59s] node 78 cg=2 phase=phase2 kind=heuristic best_rc=0.0 found=0 added=0 exhausted=False cert=False
[clean-BPC  3167.00s] node 78 cg=2 phase=phase2 kind=heuristic_boost best_rc=0.0 found=0 added=0 exhausted=True cert=True
[clean-BPC  3167.01s] route-pack-conflict diag node 78 source_vehicle=1 routes=5 U=4 complete=True cache_hit=False states=114 added=0
[clean-BPC  3167.37s] cut_added family=schedule_nogood_core node=78 added=2 source_vehicle=1 route_count=4 signatures=[[14, 10, 8, 6], [5, 9, 19, 11], [2, 20, 15, 4], [1, 3, 7]]
[clean-BPC  3167.37s] node 94 d=7 lb=233.007621 open=48
[clean-BPC  3167.49s] node 94 cg=1 phase=phase1 obj=0.0 artificial=0.0 cols=3829
[clean-BPC  3167.60s] node 94 cg=2 phase=phase2 obj=233.007621 artificial=0.0 cols=3829
[clean-BPC  3167.60s] cut_purged node=94 removed=1 by_kind={'schedule_nogood_core': 1} remaining=99
[clean-BPC  3167.71s] node 94 cg=3 phase=phase2 obj=233.007621 artificial=0.0 cols=3829
[clean-BPC  3170.60s] node 94 cg=3 phase=phase2 kind=heuristic best_rc=0.0 found=0 added=0 exhausted=False cert=False
[clean-BPC  3177.69s] node 94 cg=3 phase=phase2 kind=heuristic_boost best_rc=-0.24045225 found=2 added=2 exhausted=True cert=True
[clean-BPC  3177.81s] node 94 cg=4 phase=phase2 obj=233.007621 artificial=0.0 cols=3831
[clean-BPC  3180.65s] node 94 cg=4 phase=phase2 kind=heuristic best_rc=0.0 found=0 added=0 exhausted=False cert=False
[clean-BPC  3187.69s] node 94 cg=4 phase=phase2 kind=heuristic_boost best_rc=0.0 found=0 added=0 exhausted=True cert=True
[clean-BPC  3187.70s] route-pack-conflict diag node 94 source_vehicle=1 routes=5 U=4 complete=True cache_hit=True states=111 added=0
[clean-BPC  3188.06s] cut_added family=schedule_nogood_core node=94 added=1 source_vehicle=1 route_count=4 signatures=[[6, 14, 10, 8], [5, 9, 19, 11], [2, 20, 15, 4], [7, 3, 1]]
[clean-BPC  3188.06s] node 78 d=6 lb=233.007621 open=48
[clean-BPC  3188.19s] node 78 cg=1 phase=phase1 obj=0.0 artificial=0.0 cols=3831
[clean-BPC  3188.31s] node 78 cg=2 phase=phase2 obj=233.01185 artificial=0.0 cols=3831
[clean-BPC  3191.09s] node 78 cg=2 phase=phase2 kind=heuristic best_rc=-0.0 found=0 added=0 exhausted=False cert=False
[clean-BPC  3198.15s] node 78 cg=2 phase=phase2 kind=heuristic_boost best_rc=-0.0 found=0 added=0 exhausted=True cert=True
[clean-BPC  3199.93s] branch node 78: left=RF(6,7)=separate right=RF(6,7)=same
[clean-BPC  3199.93s] node 94 d=7 lb=233.007621 open=49
[clean-BPC  3200.03s] node 94 cg=1 phase=phase1 obj=0.0 artificial=0.0 cols=3831
[clean-BPC  3200.15s] node 94 cg=2 phase=phase2 obj=233.007621 artificial=0.0 cols=3831
[clean-BPC  3203.00s] node 94 cg=2 phase=phase2 kind=heuristic best_rc=0.0 found=0 added=0 exhausted=False cert=False
[clean-BPC  3210.09s] node 94 cg=2 phase=phase2 kind=heuristic_boost best_rc=0.0 found=0 added=0 exhausted=True cert=True
[clean-BPC  3210.09s] route-pack-conflict diag node 94 source_vehicle=1 routes=5 U=4 complete=True cache_hit=True states=105 added=0
[clean-BPC  3210.45s] cut_added family=schedule_nogood_core node=94 added=1 source_vehicle=1 route_count=4 signatures=[[8, 14, 10, 6], [5, 9, 19, 11], [2, 20, 15, 4], [7, 3, 1]]
[clean-BPC  3210.45s] node 94 d=7 lb=233.007621 open=49
[clean-BPC  3210.56s] node 94 cg=1 phase=phase1 obj=0.0 artificial=0.0 cols=3831
[clean-BPC  3210.68s] node 94 cg=2 phase=phase2 obj=233.007621 artificial=0.0 cols=3831
[clean-BPC  3213.55s] node 94 cg=2 phase=phase2 kind=heuristic best_rc=-0.0 found=0 added=0 exhausted=False cert=False
[clean-BPC  3220.65s] node 94 cg=2 phase=phase2 kind=heuristic_boost best_rc=-0.0 found=0 added=0 exhausted=True cert=True
[clean-BPC  3220.66s] route-pack-conflict diag node 94 source_vehicle=1 routes=5 U=4 complete=True cache_hit=False states=105 added=0
[clean-BPC  3221.02s] cut_added family=schedule_nogood_core node=94 added=2 source_vehicle=1 route_count=4 signatures=[[14, 10, 8, 6], [5, 9, 19, 11], [2, 20, 15, 4], [7, 3, 1]]
[clean-BPC  3221.02s] node 94 d=7 lb=233.007621 open=49
[clean-BPC  3221.13s] node 94 cg=1 phase=phase1 obj=0.0 artificial=0.0 cols=3831
[clean-BPC  3221.25s] node 94 cg=2 phase=phase2 obj=233.013121 artificial=0.0 cols=3831
[clean-BPC  3224.20s] node 94 cg=2 phase=phase2 kind=heuristic best_rc=0.117017489 found=0 added=0 exhausted=False cert=False
[clean-BPC  3231.54s] node 94 cg=2 phase=phase2 kind=heuristic_boost best_rc=0.0223864 found=0 added=0 exhausted=True cert=True
[clean-BPC  3234.03s] branch node 94: left=RF(7,15)=separate right=RF(7,15)=same
[clean-BPC  3234.03s] node 77 d=6 lb=233.007621 open=50
[clean-BPC  3234.13s] node 77 cg=1 phase=phase1 obj=0.0 artificial=0.0 cols=3831
[clean-BPC  3234.24s] node 77 cg=2 phase=phase2 obj=233.007621 artificial=0.0 cols=3831
[clean-BPC  3237.17s] node 77 cg=2 phase=phase2 kind=heuristic best_rc=-0.0 found=0 added=0 exhausted=False cert=False
[clean-BPC  3247.37s] node 77 cg=2 phase=phase2 kind=heuristic_boost best_rc=-0.0 found=0 added=0 exhausted=True cert=True
[clean-BPC  3247.38s] route-pack-conflict diag node 77 source_vehicle=1 routes=5 U=4 complete=True cache_hit=True states=109 added=0
[clean-BPC  3247.74s] cut_added family=schedule_nogood_core node=77 added=1 source_vehicle=1 route_count=4 signatures=[[6, 8, 10, 14], [5, 9, 19, 11], [4, 15, 20, 2], [1, 3, 7]]
[clean-BPC  3247.74s] node 77 d=6 lb=233.007621 open=50
[clean-BPC  3247.86s] node 77 cg=1 phase=phase1 obj=0.0 artificial=0.0 cols=3831
[clean-BPC  3247.98s] node 77 cg=2 phase=phase2 obj=233.007621 artificial=0.0 cols=3831
[clean-BPC  3250.94s] node 77 cg=2 phase=phase2 kind=heuristic best_rc=-0.0 found=0 added=0 exhausted=False cert=False
[clean-BPC  3261.13s] node 77 cg=2 phase=phase2 kind=heuristic_boost best_rc=-0.0 found=0 added=0 exhausted=True cert=True
[clean-BPC  3261.15s] route-pack-conflict diag node 77 source_vehicle=1 routes=5 U=4 complete=True cache_hit=False states=109 added=0
[clean-BPC  3261.51s] cut_added family=schedule_nogood_core node=77 added=2 source_vehicle=1 route_count=4 signatures=[[6, 8, 14, 10], [5, 9, 19, 11], [4, 15, 20, 2], [1, 3, 7]]
[clean-BPC  3261.51s] node 77 d=6 lb=233.007621 open=50
[clean-BPC  3261.62s] node 77 cg=1 phase=phase1 obj=0.0 artificial=0.0 cols=3831
[clean-BPC  3261.74s] node 77 cg=2 phase=phase2 obj=233.007621 artificial=0.0 cols=3831
[clean-BPC  3264.65s] node 77 cg=2 phase=phase2 kind=heuristic best_rc=0.207299 found=0 added=0 exhausted=False cert=False
[clean-BPC  3271.95s] node 77 cg=2 phase=phase2 kind=heuristic_boost best_rc=0.1922075 found=0 added=0 exhausted=True cert=True
[clean-BPC  3274.11s] branch node 77: left=arc(14,10)=off right=arc(14,10)=on
[clean-BPC  3274.11s] node 103 d=7 lb=233.007621 open=51
[clean-BPC  3274.24s] node 103 cg=1 phase=phase1 obj=0.0 artificial=0.0 cols=3831
[clean-BPC  3274.35s] node 103 cg=2 phase=phase2 obj=233.007621 artificial=0.0 cols=3831
[clean-BPC  3277.21s] node 103 cg=2 phase=phase2 kind=heuristic best_rc=0.207299 found=0 added=0 exhausted=False cert=False
[clean-BPC  3284.56s] node 103 cg=2 phase=phase2 kind=heuristic_boost best_rc=0.1922075 found=0 added=0 exhausted=True cert=True
[clean-BPC  3284.57s] route-pack-conflict diag node 103 source_vehicle=1 routes=5 U=4 complete=True cache_hit=False states=109 added=0
[clean-BPC  3284.94s] cut_added family=schedule_nogood_core node=103 added=2 source_vehicle=1 route_count=4 signatures=[[6, 10, 14, 8], [5, 9, 19, 11], [4, 15, 20, 2], [1, 3, 7]]
[clean-BPC  3284.94s] node 104 d=7 lb=233.007621 open=51
[clean-BPC  3285.05s] node 104 cg=1 phase=phase1 obj=0.0 artificial=0.0 cols=3831
[clean-BPC  3285.17s] node 104 cg=2 phase=phase2 obj=233.007621 artificial=0.0 cols=3831
[clean-BPC  3285.17s] cut_purged node=104 removed=3 by_kind={'schedule_nogood_core': 3} remaining=105
[clean-BPC  3285.28s] node 104 cg=3 phase=phase2 obj=233.007621 artificial=0.0 cols=3831
[clean-BPC  3285.28s] cut_purged node=104 removed=1 by_kind={'schedule_nogood_core': 1} remaining=104
[clean-BPC  3285.41s] node 104 cg=4 phase=phase2 obj=233.007621 artificial=0.0 cols=3831
[clean-BPC  3285.41s] cut_purged node=104 removed=5 by_kind={'schedule_nogood_core': 5} remaining=99
[clean-BPC  3285.52s] node 104 cg=5 phase=phase2 obj=233.007621 artificial=0.0 cols=3831
[clean-BPC  3285.52s] cut_purged node=104 removed=5 by_kind={'schedule_nogood_core': 5} remaining=94
[clean-BPC  3285.62s] node 104 cg=6 phase=phase2 obj=233.007621 artificial=0.0 cols=3831
[clean-BPC  3285.62s] cut_purged node=104 removed=1 by_kind={'schedule_nogood_core': 1} remaining=93
[clean-BPC  3285.75s] node 104 cg=7 phase=phase2 obj=233.007621 artificial=0.0 cols=3831
[clean-BPC  3285.75s] cut_purged node=104 removed=1 by_kind={'schedule_nogood_core': 1} remaining=92
[clean-BPC  3285.85s] node 104 cg=8 phase=phase2 obj=233.007621 artificial=0.0 cols=3831
[clean-BPC  3288.71s] node 104 cg=8 phase=phase2 kind=heuristic best_rc=0.0 found=0 added=0 exhausted=False cert=False
[clean-BPC  3296.02s] node 104 cg=8 phase=phase2 kind=heuristic_boost best_rc=0.0 found=0 added=0 exhausted=True cert=True
[clean-BPC  3296.03s] route-pack-conflict diag node 104 source_vehicle=1 routes=5 U=4 complete=True cache_hit=False states=100 added=0
[clean-BPC  3296.30s] cut_added family=schedule_nogood_core node=104 added=2 source_vehicle=1 route_count=3 signatures=[[11, 19, 9, 5], [4, 15, 20, 2], [1, 3, 7]]
[clean-BPC  3296.31s] node 103 d=7 lb=233.007621 open=51
[clean-BPC  3296.41s] node 103 cg=1 phase=phase1 obj=0.0 artificial=0.0 cols=3831
[clean-BPC  3296.54s] node 103 cg=2 phase=phase2 obj=233.007621 artificial=0.0 cols=3831
[clean-BPC  3296.54s] cut_purged node=103 removed=1 by_kind={'schedule_nogood_core': 1} remaining=93
[clean-BPC  3296.64s] node 103 cg=3 phase=phase2 obj=233.007621 artificial=0.0 cols=3831
[clean-BPC  3299.63s] node 103 cg=3 phase=phase2 kind=heuristic best_rc=-0.0 found=0 added=0 exhausted=False cert=False
[clean-BPC  3309.90s] node 103 cg=3 phase=phase2 kind=heuristic_boost best_rc=-0.0 found=0 added=0 exhausted=True cert=True
[clean-BPC  3309.92s] route-pack-conflict diag node 103 source_vehicle=1 routes=5 U=4 complete=True cache_hit=False states=105 added=0
[clean-BPC  3310.28s] cut_added family=schedule_nogood_core node=103 added=2 source_vehicle=1 route_count=4 signatures=[[8, 10, 14, 6], [5, 9, 19, 11], [4, 15, 20, 2], [1, 3, 7]]
[clean-BPC  3310.28s] node 104 d=7 lb=233.007621 open=51
[clean-BPC  3310.39s] node 104 cg=1 phase=phase1 obj=0.0 artificial=0.0 cols=3831
[clean-BPC  3310.51s] node 104 cg=2 phase=phase2 obj=233.007621 artificial=0.0 cols=3831
[clean-BPC  3313.43s] node 104 cg=2 phase=phase2 kind=heuristic best_rc=0.0 found=0 added=0 exhausted=False cert=False
[clean-BPC  3320.93s] node 104 cg=2 phase=phase2 kind=heuristic_boost best_rc=0.0 found=0 added=0 exhausted=True cert=True
[clean-BPC  3320.94s] route-pack-conflict diag node 104 source_vehicle=1 routes=5 U=4 complete=True cache_hit=False states=109 added=0
[clean-BPC  3321.30s] cut_added family=schedule_nogood_core node=104 added=2 source_vehicle=1 route_count=4 signatures=[[6, 14, 10, 8], [5, 9, 19, 11], [4, 15, 20, 2], [1, 3, 7]]
[clean-BPC  3321.30s] node 103 d=7 lb=233.007621 open=51
[clean-BPC  3321.40s] node 103 cg=1 phase=phase1 obj=0.0 artificial=0.0 cols=3831
[clean-BPC  3321.51s] node 103 cg=2 phase=phase2 obj=233.007621 artificial=0.0 cols=3831
[clean-BPC  3324.50s] node 103 cg=2 phase=phase2 kind=heuristic best_rc=0.0 found=0 added=0 exhausted=False cert=False
[clean-BPC  3334.78s] node 103 cg=2 phase=phase2 kind=heuristic_boost best_rc=0.0 found=0 added=0 exhausted=True cert=True
[clean-BPC  3334.79s] route-pack-conflict diag node 103 source_vehicle=1 routes=5 U=4 complete=True cache_hit=False states=105 added=0
[clean-BPC  3335.18s] cut_added family=schedule_nogood_core node=103 added=2 source_vehicle=1 route_count=4 signatures=[[10, 14, 8, 6], [5, 9, 19, 11], [4, 15, 20, 2], [1, 3, 7]]
[clean-BPC  3335.18s] node 104 d=7 lb=233.007621 open=51
[clean-BPC  3335.28s] node 104 cg=1 phase=phase1 obj=0.0 artificial=0.0 cols=3831
[clean-BPC  3335.39s] node 104 cg=2 phase=phase2 obj=233.007621 artificial=0.0 cols=3831
[clean-BPC  3338.32s] node 104 cg=2 phase=phase2 kind=heuristic best_rc=-0.0 found=0 added=0 exhausted=False cert=False
[clean-BPC  3345.69s] node 104 cg=2 phase=phase2 kind=heuristic_boost best_rc=-0.0 found=0 added=0 exhausted=True cert=True
[clean-BPC  3345.71s] route-pack-conflict diag node 104 source_vehicle=1 routes=5 U=4 complete=True cache_hit=False states=105 added=0
[clean-BPC  3346.06s] cut_added family=schedule_nogood_core node=104 added=2 source_vehicle=1 route_count=4 signatures=[[8, 14, 10, 6], [5, 9, 19, 11], [4, 15, 20, 2], [1, 3, 7]]
[clean-BPC  3346.06s] node 103 d=7 lb=233.007621 open=51
[clean-BPC  3346.19s] node 103 cg=1 phase=phase1 obj=0.0 artificial=0.0 cols=3831
[clean-BPC  3346.29s] node 103 cg=2 phase=phase2 obj=233.017532 artificial=0.0 cols=3831
[clean-BPC  3349.28s] node 103 cg=2 phase=phase2 kind=heuristic best_rc=-0.01626381 found=1 added=1 exhausted=False cert=False
[clean-BPC  3349.38s] node 103 cg=3 phase=phase2 obj=233.017178 artificial=0.0 cols=3832
[clean-BPC  3352.36s] node 103 cg=3 phase=phase2 kind=heuristic best_rc=0.120919 found=0 added=0 exhausted=False cert=False
[clean-BPC  3359.92s] node 103 cg=3 phase=phase2 kind=heuristic_boost best_rc=0.0 found=0 added=0 exhausted=True cert=True
[clean-BPC  3361.96s] branch node 103: left=RF(7,20)=separate right=RF(7,20)=same
[clean-BPC  3361.96s] node 104 d=7 lb=233.007621 open=52
[clean-BPC  3362.08s] node 104 cg=1 phase=phase1 obj=0.0 artificial=0.0 cols=3832
[clean-BPC  3362.19s] node 104 cg=2 phase=phase2 obj=233.007621 artificial=0.0 cols=3832
[clean-BPC  3365.12s] node 104 cg=2 phase=phase2 kind=heuristic best_rc=0.0 found=0 added=0 exhausted=False cert=False
[clean-BPC  3372.58s] node 104 cg=2 phase=phase2 kind=heuristic_boost best_rc=0.0 found=0 added=0 exhausted=True cert=True
[clean-BPC  3372.59s] route-pack-conflict diag node 104 source_vehicle=1 routes=5 U=4 complete=True cache_hit=False states=105 added=0
[clean-BPC  3372.95s] cut_added family=schedule_nogood_core node=104 added=2 source_vehicle=1 route_count=4 signatures=[[14, 10, 8, 6], [5, 9, 19, 11], [4, 15, 20, 2], [1, 3, 7]]
[clean-BPC  3372.95s] node 104 d=7 lb=233.007621 open=52
[clean-BPC  3373.05s] node 104 cg=1 phase=phase1 obj=0.0 artificial=0.0 cols=3832
[clean-BPC  3373.18s] node 104 cg=2 phase=phase2 obj=233.017178 artificial=0.0 cols=3832
[clean-BPC  3376.19s] node 104 cg=2 phase=phase2 kind=heuristic best_rc=0.120919 found=0 added=0 exhausted=False cert=False
[clean-BPC  3383.74s] node 104 cg=2 phase=phase2 kind=heuristic_boost best_rc=0.075351 found=0 added=0 exhausted=True cert=True
[clean-BPC  3385.51s] branch node 104: left=RF(7,20)=separate right=RF(7,20)=same
[clean-BPC  3385.51s] node 99 d=7 lb=233.01185 open=53
[clean-BPC  3385.61s] node 99 cg=1 phase=phase1 obj=0.0 artificial=0.0 cols=3832
[clean-BPC  3385.74s] node 99 cg=2 phase=phase2 obj=233.007621 artificial=0.0 cols=3832
[clean-BPC  3388.29s] node 99 cg=2 phase=phase2 kind=heuristic best_rc=-0.163866833 found=2 added=2 exhausted=False cert=False
[clean-BPC  3388.40s] node 99 cg=3 phase=phase2 obj=233.007621 artificial=0.0 cols=3834
[clean-BPC  3388.40s] cut_purged node=99 removed=1 by_kind={'schedule_nogood_core': 1} remaining=102
[clean-BPC  3388.52s] node 99 cg=4 phase=phase2 obj=233.007621 artificial=0.0 cols=3834
[clean-BPC  3391.29s] node 99 cg=4 phase=phase2 kind=heuristic best_rc=0.245399 found=0 added=0 exhausted=False cert=False
[clean-BPC  3400.25s] node 99 cg=4 phase=phase2 kind=heuristic_boost best_rc=0.0 found=0 added=0 exhausted=True cert=True
[clean-BPC  3400.26s] route-pack-conflict diag node 99 source_vehicle=1 routes=5 U=4 complete=True cache_hit=False states=104 added=0
[clean-BPC  3400.53s] cut_added family=schedule_nogood_core node=99 added=1 source_vehicle=1 route_count=3 signatures=[[11, 19, 9, 5], [2, 20, 15, 4], [1, 3, 7]]
[clean-BPC  3400.53s] node 99 d=7 lb=233.007621 open=53
[clean-BPC  3400.64s] node 99 cg=1 phase=phase1 obj=0.0 artificial=0.0 cols=3834
[clean-BPC  3400.74s] node 99 cg=2 phase=phase2 obj=233.007621 artificial=0.0 cols=3834
[clean-BPC  3403.56s] node 99 cg=2 phase=phase2 kind=heuristic best_rc=0.187992 found=0 added=0 exhausted=False cert=False
[clean-BPC  3412.59s] node 99 cg=2 phase=phase2 kind=heuristic_boost best_rc=0.0 found=0 added=0 exhausted=True cert=True
[clean-BPC  3412.60s] route-pack-conflict diag node 99 source_vehicle=1 routes=5 U=4 complete=True cache_hit=True states=120 added=0
[clean-BPC  3412.96s] cut_added family=schedule_nogood_core node=99 added=1 source_vehicle=1 route_count=4 signatures=[[6, 8, 10, 14], [5, 9, 19, 11], [2, 20, 15, 4], [1, 3, 7]]
[clean-BPC  3412.96s] node 99 d=7 lb=233.007621 open=53
[clean-BPC  3413.06s] node 99 cg=1 phase=phase1 obj=0.0 artificial=0.0 cols=3834
[clean-BPC  3413.18s] node 99 cg=2 phase=phase2 obj=233.007621 artificial=0.0 cols=3834
[clean-BPC  3415.99s] node 99 cg=2 phase=phase2 kind=heuristic best_rc=0.245399 found=0 added=0 exhausted=False cert=False
[clean-BPC  3425.05s] node 99 cg=2 phase=phase2 kind=heuristic_boost best_rc=-0.0 found=0 added=0 exhausted=True cert=True
[clean-BPC  3425.06s] route-pack-conflict diag node 99 source_vehicle=1 routes=5 U=4 complete=True cache_hit=True states=114 added=0
[clean-BPC  3425.43s] cut_added family=schedule_nogood_core node=99 added=1 source_vehicle=1 route_count=4 signatures=[[14, 10, 8, 6], [5, 9, 19, 11], [2, 20, 15, 4], [1, 3, 7]]
[clean-BPC  3425.43s] node 99 d=7 lb=233.007621 open=53
[clean-BPC  3425.54s] node 99 cg=1 phase=phase1 obj=0.0 artificial=0.0 cols=3834
[clean-BPC  3425.64s] node 99 cg=2 phase=phase2 obj=233.007621 artificial=0.0 cols=3834
[clean-BPC  3428.51s] node 99 cg=2 phase=phase2 kind=heuristic best_rc=0.245399 found=0 added=0 exhausted=False cert=False
[clean-BPC  3437.63s] node 99 cg=2 phase=phase2 kind=heuristic_boost best_rc=0.0 found=0 added=0 exhausted=True cert=True
[clean-BPC  3437.64s] route-pack-conflict diag node 99 source_vehicle=1 routes=5 U=4 complete=True cache_hit=True states=120 added=0
[clean-BPC  3437.99s] cut_added family=schedule_nogood_core node=99 added=1 source_vehicle=1 route_count=4 signatures=[[6, 8, 14, 10], [5, 9, 19, 11], [2, 20, 15, 4], [1, 3, 7]]
[clean-BPC  3437.99s] node 99 d=7 lb=233.007621 open=53
[clean-BPC  3438.11s] node 99 cg=1 phase=phase1 obj=0.0 artificial=0.0 cols=3834
[clean-BPC  3438.22s] node 99 cg=2 phase=phase2 obj=233.007621 artificial=0.0 cols=3834
[clean-BPC  3438.22s] cut_purged node=99 removed=2 by_kind={'schedule_nogood_core': 2} remaining=104
[clean-BPC  3438.32s] node 99 cg=3 phase=phase2 obj=233.007621 artificial=0.0 cols=3834
[clean-BPC  3438.32s] cut_purged node=99 removed=2 by_kind={'schedule_nogood_core': 2} remaining=102
[clean-BPC  3438.44s] node 99 cg=4 phase=phase2 obj=233.007621 artificial=0.0 cols=3834
[clean-BPC  3441.28s] node 99 cg=4 phase=phase2 kind=heuristic best_rc=0.040021375 found=0 added=0 exhausted=False cert=False
[clean-BPC  3450.45s] node 99 cg=4 phase=phase2 kind=heuristic_boost best_rc=0.040021375 found=0 added=0 exhausted=True cert=True
[clean-BPC  3450.46s] route-pack-conflict diag node 99 source_vehicle=1 routes=5 U=4 complete=True cache_hit=True states=120 added=0
[clean-BPC  3450.82s] cut_added family=schedule_nogood_core node=99 added=1 source_vehicle=1 route_count=4 signatures=[[6, 10, 14, 8], [5, 9, 19, 11], [2, 20, 15, 4], [1, 3, 7]]
[clean-BPC  3450.82s] node 99 d=7 lb=233.007621 open=53
[clean-BPC  3450.93s] node 99 cg=1 phase=phase1 obj=0.0 artificial=0.0 cols=3834
[clean-BPC  3451.05s] node 99 cg=2 phase=phase2 obj=233.007621 artificial=0.0 cols=3834
[clean-BPC  3453.86s] node 99 cg=2 phase=phase2 kind=heuristic best_rc=0.245399 found=0 added=0 exhausted=False cert=False
[clean-BPC  3462.92s] node 99 cg=2 phase=phase2 kind=heuristic_boost best_rc=-0.0 found=0 added=0 exhausted=True cert=True
[clean-BPC  3462.93s] route-pack-conflict diag node 99 source_vehicle=1 routes=5 U=4 complete=True cache_hit=True states=120 added=0
[clean-BPC  3463.29s] cut_added family=schedule_nogood_core node=99 added=1 source_vehicle=1 route_count=4 signatures=[[6, 14, 10, 8], [5, 9, 19, 11], [2, 20, 15, 4], [1, 3, 7]]
[clean-BPC  3463.29s] node 99 d=7 lb=233.007621 open=53
[clean-BPC  3463.41s] node 99 cg=1 phase=phase1 obj=0.0 artificial=0.0 cols=3834
[clean-BPC  3463.52s] node 99 cg=2 phase=phase2 obj=233.007621 artificial=0.0 cols=3834
[clean-BPC  3463.52s] cut_purged node=99 removed=1 by_kind={'schedule_nogood_core': 1} remaining=103
[clean-BPC  3463.62s] node 99 cg=3 phase=phase2 obj=233.007621 artificial=0.0 cols=3834
[clean-BPC  3463.63s] cut_purged node=99 removed=1 by_kind={'schedule_nogood_core': 1} remaining=102
[clean-BPC  3463.75s] node 99 cg=4 phase=phase2 obj=233.007621 artificial=0.0 cols=3834
[clean-BPC  3463.75s] cut_purged node=99 removed=1 by_kind={'schedule_nogood_core': 1} remaining=101
[clean-BPC  3463.85s] node 99 cg=5 phase=phase2 obj=233.007621 artificial=0.0 cols=3834
[clean-BPC  3463.85s] cut_purged node=99 removed=1 by_kind={'schedule_nogood_core': 1} remaining=100
[clean-BPC  3463.97s] node 99 cg=6 phase=phase2 obj=233.007621 artificial=0.0 cols=3834
[clean-BPC  3466.87s] node 99 cg=6 phase=phase2 kind=heuristic best_rc=0.187992 found=0 added=0 exhausted=False cert=False
[clean-BPC  3476.07s] node 99 cg=6 phase=phase2 kind=heuristic_boost best_rc=0.0 found=0 added=0 exhausted=True cert=True
[clean-BPC  3476.08s] route-pack-conflict diag node 99 source_vehicle=1 routes=5 U=4 complete=True cache_hit=True states=114 added=0
[clean-BPC  3476.46s] cut_added family=schedule_nogood_core node=99 added=1 source_vehicle=1 route_count=4 signatures=[[8, 10, 14, 6], [5, 9, 19, 11], [2, 20, 15, 4], [1, 3, 7]]
[clean-BPC  3476.46s] node 99 d=7 lb=233.007621 open=53
[clean-BPC  3476.56s] node 99 cg=1 phase=phase1 obj=0.0 artificial=0.0 cols=3834
[clean-BPC  3476.66s] node 99 cg=2 phase=phase2 obj=233.007621 artificial=0.0 cols=3834
[clean-BPC  3479.61s] node 99 cg=2 phase=phase2 kind=heuristic best_rc=0.187992 found=0 added=0 exhausted=False cert=False
[clean-BPC  3488.88s] node 99 cg=2 phase=phase2 kind=heuristic_boost best_rc=0.0 found=0 added=0 exhausted=True cert=True
[clean-BPC  3488.89s] route-pack-conflict diag node 99 source_vehicle=1 routes=5 U=4 complete=True cache_hit=True states=114 added=0
[clean-BPC  3489.24s] cut_added family=schedule_nogood_core node=99 added=1 source_vehicle=1 route_count=4 signatures=[[8, 14, 10, 6], [5, 9, 19, 11], [2, 20, 15, 4], [1, 3, 7]]
[clean-BPC  3489.24s] node 99 d=7 lb=233.007621 open=53
[clean-BPC  3489.36s] node 99 cg=1 phase=phase1 obj=0.0 artificial=0.0 cols=3834
[clean-BPC  3489.46s] node 99 cg=2 phase=phase2 obj=233.007621 artificial=0.0 cols=3834
[clean-BPC  3489.47s] cut_purged node=99 removed=1 by_kind={'schedule_nogood_core': 1} remaining=101
[clean-BPC  3489.57s] node 99 cg=3 phase=phase2 obj=233.007621 artificial=0.0 cols=3834
[clean-BPC  3492.51s] node 99 cg=3 phase=phase2 kind=heuristic best_rc=0.187992 found=0 added=0 exhausted=False cert=False
[clean-BPC  3501.75s] node 99 cg=3 phase=phase2 kind=heuristic_boost best_rc=0.0 found=0 added=0 exhausted=True cert=True
[clean-BPC  3501.76s] route-pack-conflict diag node 99 source_vehicle=1 routes=5 U=4 complete=True cache_hit=True states=114 added=0
[clean-BPC  3502.12s] cut_added family=schedule_nogood_core node=99 added=1 source_vehicle=1 route_count=4 signatures=[[10, 14, 8, 6], [5, 9, 19, 11], [2, 20, 15, 4], [1, 3, 7]]
[clean-BPC  3502.12s] node 99 d=7 lb=233.007621 open=53
[clean-BPC  3502.24s] node 99 cg=1 phase=phase1 obj=0.0 artificial=0.0 cols=3834
[clean-BPC  3502.35s] node 99 cg=2 phase=phase2 obj=233.047849 artificial=0.0 cols=3834
[clean-BPC  3505.00s] node 99 cg=2 phase=phase2 kind=heuristic best_rc=-0.872284318 found=1 added=1 exhausted=False cert=False
[clean-BPC  3505.13s] node 99 cg=3 phase=phase2 obj=233.047849 artificial=0.0 cols=3835
[clean-BPC  3507.77s] node 99 cg=3 phase=phase2 kind=heuristic best_rc=-0.238821818 found=1 added=1 exhausted=False cert=False
[clean-BPC  3507.88s] node 99 cg=4 phase=phase2 obj=233.047849 artificial=0.0 cols=3836
[clean-BPC  3510.54s] node 99 cg=4 phase=phase2 kind=heuristic best_rc=0.380821 found=0 added=0 exhausted=False cert=False
[clean-BPC  3516.77s] node 99 cg=4 phase=phase2 kind=heuristic_boost best_rc=0.120256 found=0 added=0 exhausted=True cert=True
[clean-BPC  3519.11s] branch node 99: left=RF(7,20)=separate right=RF(7,20)=same
[clean-BPC  3519.11s] node 100 d=7 lb=233.01185 open=54
[clean-BPC  3519.18s] node 100 cg=1 phase=phase1 obj=0.0 artificial=0.0 cols=3836
[clean-BPC  3519.26s] node 100 cg=2 phase=phase2 obj=233.079507 artificial=0.0 cols=3836
[clean-BPC  3521.95s] node 100 cg=2 phase=phase2 kind=heuristic best_rc=-0.717719 found=2 added=2 exhausted=False cert=False
[clean-BPC  3522.02s] node 100 cg=3 phase=phase2 obj=233.079507 artificial=0.0 cols=3838
[clean-BPC  3524.48s] node 100 cg=3 phase=phase2 kind=heuristic best_rc=-0.0 found=0 added=0 exhausted=False cert=False
[clean-BPC  3530.89s] node 100 cg=3 phase=phase2 kind=heuristic_boost best_rc=-0.0 found=0 added=0 exhausted=True cert=True
[clean-BPC  3530.89s] route-pack-conflict diag node 100 source_vehicle=1 routes=5 U=4 complete=True cache_hit=True states=120 added=0
[clean-BPC  3531.24s] cut_added family=schedule_nogood_core node=100 added=2 source_vehicle=1 route_count=4 signatures=[[8, 10, 14], [5, 9, 19, 11], [2, 20, 15, 4], [1, 3, 7, 6]]
[clean-BPC  3531.24s] node 97 d=8 lb=233.013121 open=54
[clean-BPC  3531.34s] node 97 cg=1 phase=phase1 obj=0.0 artificial=0.0 cols=3838
[clean-BPC  3531.46s] node 97 cg=2 phase=phase2 obj=233.007621 artificial=0.0 cols=3838
[clean-BPC  3534.25s] node 97 cg=2 phase=phase2 kind=heuristic best_rc=-0.008261429 found=1 added=1 exhausted=False cert=False
[clean-BPC  3534.35s] node 97 cg=3 phase=phase2 obj=233.007621 artificial=0.0 cols=3839
[clean-BPC  3537.20s] node 97 cg=3 phase=phase2 kind=heuristic best_rc=0.0 found=0 added=0 exhausted=False cert=False
[clean-BPC  3546.30s] node 97 cg=3 phase=phase2 kind=heuristic_boost best_rc=0.0 found=0 added=0 exhausted=True cert=True
[clean-BPC  3546.31s] route-pack-conflict diag node 97 source_vehicle=1 routes=5 U=4 complete=True cache_hit=True states=111 added=0
[clean-BPC  3546.69s] cut_added family=schedule_nogood_core node=97 added=1 source_vehicle=1 route_count=4 signatures=[[6, 8, 10, 14], [5, 9, 19, 11], [2, 20, 15, 4], [7, 3, 1]]
[clean-BPC  3546.69s] node 97 d=8 lb=233.007621 open=54
[clean-BPC  3546.79s] node 97 cg=1 phase=phase1 obj=0.0 artificial=0.0 cols=3839
[clean-BPC  3546.90s] node 97 cg=2 phase=phase2 obj=233.007621 artificial=0.0 cols=3839
[clean-BPC  3549.80s] node 97 cg=2 phase=phase2 kind=heuristic best_rc=-0.0 found=0 added=0 exhausted=False cert=False
[clean-BPC  3559.02s] node 97 cg=2 phase=phase2 kind=heuristic_boost best_rc=-0.0 found=0 added=0 exhausted=True cert=True
[clean-BPC  3559.02s] route-pack-conflict diag node 97 source_vehicle=1 routes=5 U=4 complete=True cache_hit=True states=111 added=0
[clean-BPC  3559.39s] cut_added family=schedule_nogood_core node=97 added=1 source_vehicle=1 route_count=4 signatures=[[6, 10, 14, 8], [5, 9, 19, 11], [2, 20, 15, 4], [7, 3, 1]]
[clean-BPC  3559.39s] node 97 d=8 lb=233.007621 open=54
[clean-BPC  3559.49s] node 97 cg=1 phase=phase1 obj=0.0 artificial=0.0 cols=3839
[clean-BPC  3559.60s] node 97 cg=2 phase=phase2 obj=233.007621 artificial=0.0 cols=3839
[clean-BPC  3562.47s] node 97 cg=2 phase=phase2 kind=heuristic best_rc=0.0 found=0 added=0 exhausted=False cert=False
[clean-BPC  3571.65s] node 97 cg=2 phase=phase2 kind=heuristic_boost best_rc=0.0 found=0 added=0 exhausted=True cert=True
[clean-BPC  3571.66s] route-pack-conflict diag node 97 source_vehicle=1 routes=5 U=4 complete=True cache_hit=False states=102 added=0
[clean-BPC  3571.93s] cut_added family=schedule_nogood_core node=97 added=1 source_vehicle=1 route_count=3 signatures=[[11, 19, 9, 5], [2, 20, 15, 4], [7, 3, 1]]
[clean-BPC  3571.93s] node 97 d=8 lb=233.007621 open=54
[clean-BPC  3572.03s] node 97 cg=1 phase=phase1 obj=0.0 artificial=0.0 cols=3839
[clean-BPC  3572.14s] node 97 cg=2 phase=phase2 obj=233.007621 artificial=0.0 cols=3839
[clean-BPC  3575.04s] node 97 cg=2 phase=phase2 kind=heuristic best_rc=-0.0 found=0 added=0 exhausted=False cert=False
[clean-BPC  3584.25s] node 97 cg=2 phase=phase2 kind=heuristic_boost best_rc=-0.0 found=0 added=0 exhausted=True cert=True
[clean-BPC  3584.25s] route-pack-conflict diag node 97 source_vehicle=1 routes=5 U=4 complete=True cache_hit=True states=105 added=0
[clean-BPC  3584.63s] cut_added family=schedule_nogood_core node=97 added=1 source_vehicle=1 route_count=4 signatures=[[8, 10, 14, 6], [5, 9, 19, 11], [2, 20, 15, 4], [7, 3, 1]]
[clean-BPC  3584.63s] node 97 d=8 lb=233.007621 open=54
[clean-BPC  3584.73s] node 97 cg=1 phase=phase1 obj=0.0 artificial=0.0 cols=3839
[clean-BPC  3584.84s] node 97 cg=2 phase=phase2 obj=233.007621 artificial=0.0 cols=3839
[clean-BPC  3584.84s] cut_purged node=97 removed=4 by_kind={'schedule_nogood_core': 4} remaining=104
[clean-BPC  3584.96s] node 97 cg=3 phase=phase2 obj=233.007621 artificial=0.0 cols=3839
[clean-BPC  3587.81s] node 97 cg=3 phase=phase2 kind=heuristic best_rc=-0.0 found=0 added=0 exhausted=False cert=False
[clean-BPC  3597.01s] node 97 cg=3 phase=phase2 kind=heuristic_boost best_rc=-0.0 found=0 added=0 exhausted=True cert=True
[clean-BPC  3597.02s] route-pack-conflict diag node 97 source_vehicle=1 routes=5 U=4 complete=True cache_hit=True states=105 added=0
[clean-BPC  3597.38s] cut_added family=schedule_nogood_core node=97 added=1 source_vehicle=1 route_count=4 signatures=[[10, 14, 8, 6], [5, 9, 19, 11], [2, 20, 15, 4], [7, 3, 1]]
[clean-BPC  3597.38s] node 97 d=8 lb=233.007621 open=54
[clean-BPC  3597.50s] node 97 cg=1 phase=phase1 obj=0.0 artificial=0.0 cols=3839
[clean-BPC  3597.61s] node 97 cg=2 phase=phase2 obj=233.015608 artificial=0.0 cols=3839
[clean-BPC  3597.61s] cut_purged node=97 removed=1 by_kind={'schedule_nogood_core': 1} remaining=104
[clean-BPC  3597.72s] node 97 cg=3 phase=phase2 obj=233.015608 artificial=0.0 cols=3839
[clean-BPC  3600.65s] node 97 cg=3 phase=phase2 kind=heuristic best_rc=0.075351 found=0 added=0 exhausted=False cert=False
[clean-BPC  3609.95s] node 97 cg=3 phase=phase2 kind=heuristic_boost best_rc=0.075351 found=0 added=0 exhausted=True cert=True
[clean-BPC  3609.95s] fathom node 97: reason=time_limit_after_node_certificate bound=233.015608
[clean-BPC  3609.95s] finish status=TIME_LIMIT primal=245.5914 dual=None gap=None cuts=104 diag_dual=233.013121 diag_gap=0.051216 crossing=11 crossing_upgraded=0 subset_row=43 sched_cost=0 pair=12 clique=1 route_pack=23 nogood=107 sched_cap=0
bench_20_03: status=TIME_LIMIT, primal=245.5914, dual=None, gap=None, diag_dual=233.013121, diag_gap=0.051216, time=3609.951427s, nodes=135, rmp=436, pricing=456, routes=3839, cuts=104, crossing=11, crossing_upgraded=0, rci=11, kpath=0, pair=12, subset_row=43, sched_cost=0, clique=1, route_pack=23, nogood=107, sched_cap=0, rim_calls=17, rim_feasible=0, rim_rejected=191, rim_pair=12, rim_route_pack=18, rim_ng=350, rim_sched_cap=0, cuts_purged=93, branch_test_time=172.17623s
clean BPC CSV 已写入：/home/kai/work/gnn_bb/branchpricecut/results/20260521_112737_bpc_clean_subsetrow_only_20_02_03.csv
