slot_id,scale,instance_key,repetition,order,order_index,mode,status,returncode,cold_start_total_sec,exact,redlines_zero,engine_hash_valid,engine_build_hash,objective,certificate_scope,live_sri_policy_name,live_cut_policy_hash,max_active_cut_count,launcher_termination_reason,peak_process_tree_rss_gb,minimum_available_memory_gb,run_dir
s005:instance_001:r01:o1:no_cut,5,instance_001,1,no_cut/live,1,no_cut,EXACT_CLOSED,0,0.38285,True,True,True,dfaedf6d273c5c56,2.191915,BPC_TREE_OPTIMAL,no_cut,37c44c29594e0b8b0ba429e5dd3cf7422c07ae17222bb31e16e31e57030d5e63,0,,0.005993,12.660484,/home/kai/work/GAT_BPC_moonTerk/runs/native_live_sri_v1_p0_frozen_paired_promotion_20260722/raw/scale_005/instance_001_logical_graph/repeat_01/1_no_cut/attempt_01
s005:instance_001:r01:o2:live,5,instance_001,1,no_cut/live,2,live,EXACT_CLOSED,0,0.377015,True,True,True,dfaedf6d273c5c56,2.191915,BPC_TREE_OPTIMAL,P0,9f0e7c4f7e2cab50267e197d55a17950aeee35aad388e47448f24873a7e92ba1,0,,0.004597,12.653427,/home/kai/work/GAT_BPC_moonTerk/runs/native_live_sri_v1_p0_frozen_paired_promotion_20260722/raw/scale_005/instance_001_logical_graph/repeat_01/2_live/attempt_01
s005:instance_001:r02:o1:live,5,instance_001,2,live/no_cut,1,live,EXACT_CLOSED,0,0.371713,True,True,True,dfaedf6d273c5c56,2.191915,BPC_TREE_OPTIMAL,P0,9f0e7c4f7e2cab50267e197d55a17950aeee35aad388e47448f24873a7e92ba1,0,,0.00473,12.659195,/home/kai/work/GAT_BPC_moonTerk/runs/native_live_sri_v1_p0_frozen_paired_promotion_20260722/raw/scale_005/instance_001_logical_graph/repeat_02/1_live/attempt_01
s005:instance_001:r02:o2:no_cut,5,instance_001,2,live/no_cut,2,no_cut,EXACT_CLOSED,0,0.391074,True,True,True,dfaedf6d273c5c56,2.191915,BPC_TREE_OPTIMAL,no_cut,37c44c29594e0b8b0ba429e5dd3cf7422c07ae17222bb31e16e31e57030d5e63,0,,0.004856,12.659584,/home/kai/work/GAT_BPC_moonTerk/runs/native_live_sri_v1_p0_frozen_paired_promotion_20260722/raw/scale_005/instance_001_logical_graph/repeat_02/2_no_cut/attempt_01
s005:instance_001:r03:o1:no_cut,5,instance_001,3,no_cut/live,1,no_cut,EXACT_CLOSED,0,0.365017,True,True,True,dfaedf6d273c5c56,2.191915,BPC_TREE_OPTIMAL,no_cut,37c44c29594e0b8b0ba429e5dd3cf7422c07ae17222bb31e16e31e57030d5e63,0,,0.006214,12.659275,/home/kai/work/GAT_BPC_moonTerk/runs/native_live_sri_v1_p0_frozen_paired_promotion_20260722/raw/scale_005/instance_001_logical_graph/repeat_03/1_no_cut/attempt_01
s005:instance_001:r03:o2:live,5,instance_001,3,no_cut/live,2,live,EXACT_CLOSED,0,0.390909,True,True,True,dfaedf6d273c5c56,2.191915,BPC_TREE_OPTIMAL,P0,9f0e7c4f7e2cab50267e197d55a17950aeee35aad388e47448f24873a7e92ba1,0,,0.004356,12.663311,/home/kai/work/GAT_BPC_moonTerk/runs/native_live_sri_v1_p0_frozen_paired_promotion_20260722/raw/scale_005/instance_001_logical_graph/repeat_03/2_live/attempt_01
s005:instance_001:r04:o1:live,5,instance_001,4,live/no_cut,1,live,EXACT_CLOSED,0,0.378506,True,True,True,dfaedf6d273c5c56,2.191915,BPC_TREE_OPTIMAL,P0,9f0e7c4f7e2cab50267e197d55a17950aeee35aad388e47448f24873a7e92ba1,0,,0.004833,12.663044,/home/kai/work/GAT_BPC_moonTerk/runs/native_live_sri_v1_p0_frozen_paired_promotion_20260722/raw/scale_005/instance_001_logical_graph/repeat_04/1_live/attempt_01
s005:instance_001:r04:o2:no_cut,5,instance_001,4,live/no_cut,2,no_cut,EXACT_CLOSED,0,0.364899,True,True,True,dfaedf6d273c5c56,2.191915,BPC_TREE_OPTIMAL,no_cut,37c44c29594e0b8b0ba429e5dd3cf7422c07ae17222bb31e16e31e57030d5e63,0,,0.005978,12.659569,/home/kai/work/GAT_BPC_moonTerk/runs/native_live_sri_v1_p0_frozen_paired_promotion_20260722/raw/scale_005/instance_001_logical_graph/repeat_04/2_no_cut/attempt_01
s005:instance_001:r05:o1:no_cut,5,instance_001,5,no_cut/live,1,no_cut,EXACT_CLOSED,0,0.362717,True,True,True,dfaedf6d273c5c56,2.191915,BPC_TREE_OPTIMAL,no_cut,37c44c29594e0b8b0ba429e5dd3cf7422c07ae17222bb31e16e31e57030d5e63,0,,0.006184,12.659298,/home/kai/work/GAT_BPC_moonTerk/runs/native_live_sri_v1_p0_frozen_paired_promotion_20260722/raw/scale_005/instance_001_logical_graph/repeat_05/1_no_cut/attempt_01
s005:instance_001:r05:o2:live,5,instance_001,5,no_cut/live,2,live,EXACT_CLOSED,0,0.389077,True,True,True,dfaedf6d273c5c56,2.191915,BPC_TREE_OPTIMAL,P0,9f0e7c4f7e2cab50267e197d55a17950aeee35aad388e47448f24873a7e92ba1,0,,0.006397,12.65731,/home/kai/work/GAT_BPC_moonTerk/runs/native_live_sri_v1_p0_frozen_paired_promotion_20260722/raw/scale_005/instance_001_logical_graph/repeat_05/2_live/attempt_01
s005:instance_001:r06:o1:live,5,instance_001,6,live/no_cut,1,live,EXACT_CLOSED,0,0.355791,True,True,True,dfaedf6d273c5c56,2.191915,BPC_TREE_OPTIMAL,P0,9f0e7c4f7e2cab50267e197d55a17950aeee35aad388e47448f24873a7e92ba1,0,,0.004738,12.655636,/home/kai/work/GAT_BPC_moonTerk/runs/native_live_sri_v1_p0_frozen_paired_promotion_20260722/raw/scale_005/instance_001_logical_graph/repeat_06/1_live/attempt_01
s005:instance_001:r06:o2:no_cut,5,instance_001,6,live/no_cut,2,no_cut,EXACT_CLOSED,0,0.368196,True,True,True,dfaedf6d273c5c56,2.191915,BPC_TREE_OPTIMAL,no_cut,37c44c29594e0b8b0ba429e5dd3cf7422c07ae17222bb31e16e31e57030d5e63,0,,0.006493,12.660625,/home/kai/work/GAT_BPC_moonTerk/runs/native_live_sri_v1_p0_frozen_paired_promotion_20260722/raw/scale_005/instance_001_logical_graph/repeat_06/2_no_cut/attempt_01
s005:instance_001:r07:o1:no_cut,5,instance_001,7,no_cut/live,1,no_cut,EXACT_CLOSED,0,0.370815,True,True,True,dfaedf6d273c5c56,2.191915,BPC_TREE_OPTIMAL,no_cut,37c44c29594e0b8b0ba429e5dd3cf7422c07ae17222bb31e16e31e57030d5e63,0,,0.005928,12.661106,/home/kai/work/GAT_BPC_moonTerk/runs/native_live_sri_v1_p0_frozen_paired_promotion_20260722/raw/scale_005/instance_001_logical_graph/repeat_07/1_no_cut/attempt_01
s005:instance_001:r07:o2:live,5,instance_001,7,no_cut/live,2,live,EXACT_CLOSED,0,0.382165,True,True,True,dfaedf6d273c5c56,2.191915,BPC_TREE_OPTIMAL,P0,9f0e7c4f7e2cab50267e197d55a17950aeee35aad388e47448f24873a7e92ba1,0,,0.006233,12.660728,/home/kai/work/GAT_BPC_moonTerk/runs/native_live_sri_v1_p0_frozen_paired_promotion_20260722/raw/scale_005/instance_001_logical_graph/repeat_07/2_live/attempt_01
s005:instance_001:r08:o1:live,5,instance_001,8,live/no_cut,1,live,EXACT_CLOSED,0,0.374935,True,True,True,dfaedf6d273c5c56,2.191915,BPC_TREE_OPTIMAL,P0,9f0e7c4f7e2cab50267e197d55a17950aeee35aad388e47448f24873a7e92ba1,0,,0.004349,12.66288,/home/kai/work/GAT_BPC_moonTerk/runs/native_live_sri_v1_p0_frozen_paired_promotion_20260722/raw/scale_005/instance_001_logical_graph/repeat_08/1_live/attempt_01
s005:instance_001:r08:o2:no_cut,5,instance_001,8,live/no_cut,2,no_cut,EXACT_CLOSED,0,0.389192,True,True,True,dfaedf6d273c5c56,2.191915,BPC_TREE_OPTIMAL,no_cut,37c44c29594e0b8b0ba429e5dd3cf7422c07ae17222bb31e16e31e57030d5e63,0,,0.004421,12.658615,/home/kai/work/GAT_BPC_moonTerk/runs/native_live_sri_v1_p0_frozen_paired_promotion_20260722/raw/scale_005/instance_001_logical_graph/repeat_08/2_no_cut/attempt_01
s005:instance_001:r09:o1:no_cut,5,instance_001,9,no_cut/live,1,no_cut,EXACT_CLOSED,0,0.371357,True,True,True,dfaedf6d273c5c56,2.191915,BPC_TREE_OPTIMAL,no_cut,37c44c29594e0b8b0ba429e5dd3cf7422c07ae17222bb31e16e31e57030d5e63,0,,0.004532,12.65799,/home/kai/work/GAT_BPC_moonTerk/runs/native_live_sri_v1_p0_frozen_paired_promotion_20260722/raw/scale_005/instance_001_logical_graph/repeat_09/1_no_cut/attempt_01
s005:instance_001:r09:o2:live,5,instance_001,9,no_cut/live,2,live,EXACT_CLOSED,0,0.37061,True,True,True,dfaedf6d273c5c56,2.191915,BPC_TREE_OPTIMAL,P0,9f0e7c4f7e2cab50267e197d55a17950aeee35aad388e47448f24873a7e92ba1,0,,0.004494,12.663769,/home/kai/work/GAT_BPC_moonTerk/runs/native_live_sri_v1_p0_frozen_paired_promotion_20260722/raw/scale_005/instance_001_logical_graph/repeat_09/2_live/attempt_01
s005:instance_001:r10:o1:live,5,instance_001,10,live/no_cut,1,live,EXACT_CLOSED,0,0.372351,True,True,True,dfaedf6d273c5c56,2.191915,BPC_TREE_OPTIMAL,P0,9f0e7c4f7e2cab50267e197d55a17950aeee35aad388e47448f24873a7e92ba1,0,,0.004482,12.659279,/home/kai/work/GAT_BPC_moonTerk/runs/native_live_sri_v1_p0_frozen_paired_promotion_20260722/raw/scale_005/instance_001_logical_graph/repeat_10/1_live/attempt_01
s005:instance_001:r10:o2:no_cut,5,instance_001,10,live/no_cut,2,no_cut,EXACT_CLOSED,0,0.373587,True,True,True,dfaedf6d273c5c56,2.191915,BPC_TREE_OPTIMAL,no_cut,37c44c29594e0b8b0ba429e5dd3cf7422c07ae17222bb31e16e31e57030d5e63,0,,0.004425,12.65921,/home/kai/work/GAT_BPC_moonTerk/runs/native_live_sri_v1_p0_frozen_paired_promotion_20260722/raw/scale_005/instance_001_logical_graph/repeat_10/2_no_cut/attempt_01
s005:instance_002:r01:o1:live,5,instance_002,1,live/no_cut,1,live,EXACT_CLOSED,0,0.38798,True,True,True,dfaedf6d273c5c56,2.363709,BPC_TREE_OPTIMAL,P0,9f0e7c4f7e2cab50267e197d55a17950aeee35aad388e47448f24873a7e92ba1,0,,0.004482,12.658112,/home/kai/work/GAT_BPC_moonTerk/runs/native_live_sri_v1_p0_frozen_paired_promotion_20260722/raw/scale_005/instance_002_logical_graph/repeat_01/1_live/attempt_01
s005:instance_002:r01:o2:no_cut,5,instance_002,1,live/no_cut,2,no_cut,EXACT_CLOSED,0,0.372747,True,True,True,dfaedf6d273c5c56,2.363709,BPC_TREE_OPTIMAL,no_cut,37c44c29594e0b8b0ba429e5dd3cf7422c07ae17222bb31e16e31e57030d5e63,0,,0.005009,12.660809,/home/kai/work/GAT_BPC_moonTerk/runs/native_live_sri_v1_p0_frozen_paired_promotion_20260722/raw/scale_005/instance_002_logical_graph/repeat_01/2_no_cut/attempt_01
s005:instance_002:r02:o1:no_cut,5,instance_002,2,no_cut/live,1,no_cut,EXACT_CLOSED,0,0.383356,True,True,True,dfaedf6d273c5c56,2.363709,BPC_TREE_OPTIMAL,no_cut,37c44c29594e0b8b0ba429e5dd3cf7422c07ae17222bb31e16e31e57030d5e63,0,,0.004501,12.663013,/home/kai/work/GAT_BPC_moonTerk/runs/native_live_sri_v1_p0_frozen_paired_promotion_20260722/raw/scale_005/instance_002_logical_graph/repeat_02/1_no_cut/attempt_01
s005:instance_002:r02:o2:live,5,instance_002,2,no_cut/live,2,live,EXACT_CLOSED,0,0.382304,True,True,True,dfaedf6d273c5c56,2.363709,BPC_TREE_OPTIMAL,P0,9f0e7c4f7e2cab50267e197d55a17950aeee35aad388e47448f24873a7e92ba1,0,,0.004612,12.656849,/home/kai/work/GAT_BPC_moonTerk/runs/native_live_sri_v1_p0_frozen_paired_promotion_20260722/raw/scale_005/instance_002_logical_graph/repeat_02/2_live/attempt_01
s005:instance_002:r03:o1:live,5,instance_002,3,live/no_cut,1,live,EXACT_CLOSED,0,0.379839,True,True,True,dfaedf6d273c5c56,2.363709,BPC_TREE_OPTIMAL,P0,9f0e7c4f7e2cab50267e197d55a17950aeee35aad388e47448f24873a7e92ba1,0,,0.004326,12.659924,/home/kai/work/GAT_BPC_moonTerk/runs/native_live_sri_v1_p0_frozen_paired_promotion_20260722/raw/scale_005/instance_002_logical_graph/repeat_03/1_live/attempt_01
s005:instance_002:r03:o2:no_cut,5,instance_002,3,live/no_cut,2,no_cut,EXACT_CLOSED,0,0.387581,True,True,True,dfaedf6d273c5c56,2.363709,BPC_TREE_OPTIMAL,no_cut,37c44c29594e0b8b0ba429e5dd3cf7422c07ae17222bb31e16e31e57030d5e63,0,,0.004627,12.661064,/home/kai/work/GAT_BPC_moonTerk/runs/native_live_sri_v1_p0_frozen_paired_promotion_20260722/raw/scale_005/instance_002_logical_graph/repeat_03/2_no_cut/attempt_01
s005:instance_002:r04:o1:no_cut,5,instance_002,4,no_cut/live,1,no_cut,EXACT_CLOSED,0,0.386471,True,True,True,dfaedf6d273c5c56,2.363709,BPC_TREE_OPTIMAL,no_cut,37c44c29594e0b8b0ba429e5dd3cf7422c07ae17222bb31e16e31e57030d5e63,0,,0.004536,12.656582,/home/kai/work/GAT_BPC_moonTerk/runs/native_live_sri_v1_p0_frozen_paired_promotion_20260722/raw/scale_005/instance_002_logical_graph/repeat_04/1_no_cut/attempt_01
s005:instance_002:r04:o2:live,5,instance_002,4,no_cut/live,2,live,EXACT_CLOSED,0,0.394204,True,True,True,dfaedf6d273c5c56,2.363709,BPC_TREE_OPTIMAL,P0,9f0e7c4f7e2cab50267e197d55a17950aeee35aad388e47448f24873a7e92ba1,0,,0.00449,12.66095,/home/kai/work/GAT_BPC_moonTerk/runs/native_live_sri_v1_p0_frozen_paired_promotion_20260722/raw/scale_005/instance_002_logical_graph/repeat_04/2_live/attempt_01
s005:instance_002:r05:o1:live,5,instance_002,5,live/no_cut,1,live,EXACT_CLOSED,0,0.385054,True,True,True,dfaedf6d273c5c56,2.363709,BPC_TREE_OPTIMAL,P0,9f0e7c4f7e2cab50267e197d55a17950aeee35aad388e47448f24873a7e92ba1,0,,0.004299,12.655266,/home/kai/work/GAT_BPC_moonTerk/runs/native_live_sri_v1_p0_frozen_paired_promotion_20260722/raw/scale_005/instance_002_logical_graph/repeat_05/1_live/attempt_01
s005:instance_002:r05:o2:no_cut,5,instance_002,5,live/no_cut,2,no_cut,EXACT_CLOSED,0,0.368,True,True,True,dfaedf6d273c5c56,2.363709,BPC_TREE_OPTIMAL,no_cut,37c44c29594e0b8b0ba429e5dd3cf7422c07ae17222bb31e16e31e57030d5e63,0,,0.004402,12.653481,/home/kai/work/GAT_BPC_moonTerk/runs/native_live_sri_v1_p0_frozen_paired_promotion_20260722/raw/scale_005/instance_002_logical_graph/repeat_05/2_no_cut/attempt_01
s005:instance_002:r06:o1:no_cut,5,instance_002,6,no_cut/live,1,no_cut,EXACT_CLOSED,0,0.39148,True,True,True,dfaedf6d273c5c56,2.363709,BPC_TREE_OPTIMAL,no_cut,37c44c29594e0b8b0ba429e5dd3cf7422c07ae17222bb31e16e31e57030d5e63,0,,0.006229,12.659702,/home/kai/work/GAT_BPC_moonTerk/runs/native_live_sri_v1_p0_frozen_paired_promotion_20260722/raw/scale_005/instance_002_logical_graph/repeat_06/1_no_cut/attempt_01
s005:instance_002:r06:o2:live,5,instance_002,6,no_cut/live,2,live,EXACT_CLOSED,0,0.37564,True,True,True,dfaedf6d273c5c56,2.363709,BPC_TREE_OPTIMAL,P0,9f0e7c4f7e2cab50267e197d55a17950aeee35aad388e47448f24873a7e92ba1,0,,0.004604,12.660637,/home/kai/work/GAT_BPC_moonTerk/runs/native_live_sri_v1_p0_frozen_paired_promotion_20260722/raw/scale_005/instance_002_logical_graph/repeat_06/2_live/attempt_01
s005:instance_002:r07:o1:live,5,instance_002,7,live/no_cut,1,live,EXACT_CLOSED,0,0.399081,True,True,True,dfaedf6d273c5c56,2.363709,BPC_TREE_OPTIMAL,P0,9f0e7c4f7e2cab50267e197d55a17950aeee35aad388e47448f24873a7e92ba1,0,,0.004547,12.655708,/home/kai/work/GAT_BPC_moonTerk/runs/native_live_sri_v1_p0_frozen_paired_promotion_20260722/raw/scale_005/instance_002_logical_graph/repeat_07/1_live/attempt_01
s005:instance_002:r07:o2:no_cut,5,instance_002,7,live/no_cut,2,no_cut,EXACT_CLOSED,0,0.366168,True,True,True,dfaedf6d273c5c56,2.363709,BPC_TREE_OPTIMAL,no_cut,37c44c29594e0b8b0ba429e5dd3cf7422c07ae17222bb31e16e31e57030d5e63,0,,0.004402,12.655731,/home/kai/work/GAT_BPC_moonTerk/runs/native_live_sri_v1_p0_frozen_paired_promotion_20260722/raw/scale_005/instance_002_logical_graph/repeat_07/2_no_cut/attempt_01
s005:instance_002:r08:o1:no_cut,5,instance_002,8,no_cut/live,1,no_cut,EXACT_CLOSED,0,0.386567,True,True,True,dfaedf6d273c5c56,2.363709,BPC_TREE_OPTIMAL,no_cut,37c44c29594e0b8b0ba429e5dd3cf7422c07ae17222bb31e16e31e57030d5e63,0,,0.004448,12.659214,/home/kai/work/GAT_BPC_moonTerk/runs/native_live_sri_v1_p0_frozen_paired_promotion_20260722/raw/scale_005/instance_002_logical_graph/repeat_08/1_no_cut/attempt_01
s005:instance_002:r08:o2:live,5,instance_002,8,no_cut/live,2,live,EXACT_CLOSED,0,0.398553,True,True,True,dfaedf6d273c5c56,2.363709,BPC_TREE_OPTIMAL,P0,9f0e7c4f7e2cab50267e197d55a17950aeee35aad388e47448f24873a7e92ba1,0,,0.004539,12.659359,/home/kai/work/GAT_BPC_moonTerk/runs/native_live_sri_v1_p0_frozen_paired_promotion_20260722/raw/scale_005/instance_002_logical_graph/repeat_08/2_live/attempt_01
s005:instance_002:r09:o1:live,5,instance_002,9,live/no_cut,1,live,EXACT_CLOSED,0,0.373316,True,True,True,dfaedf6d273c5c56,2.363709,BPC_TREE_OPTIMAL,P0,9f0e7c4f7e2cab50267e197d55a17950aeee35aad388e47448f24873a7e92ba1,0,,0.004898,12.658974,/home/kai/work/GAT_BPC_moonTerk/runs/native_live_sri_v1_p0_frozen_paired_promotion_20260722/raw/scale_005/instance_002_logical_graph/repeat_09/1_live/attempt_01
s005:instance_002:r09:o2:no_cut,5,instance_002,9,live/no_cut,2,no_cut,EXACT_CLOSED,0,0.371545,True,True,True,dfaedf6d273c5c56,2.363709,BPC_TREE_OPTIMAL,no_cut,37c44c29594e0b8b0ba429e5dd3cf7422c07ae17222bb31e16e31e57030d5e63,0,,0.004417,12.661388,/home/kai/work/GAT_BPC_moonTerk/runs/native_live_sri_v1_p0_frozen_paired_promotion_20260722/raw/scale_005/instance_002_logical_graph/repeat_09/2_no_cut/attempt_01
s005:instance_002:r10:o1:no_cut,5,instance_002,10,no_cut/live,1,no_cut,EXACT_CLOSED,0,0.387839,True,True,True,dfaedf6d273c5c56,2.363709,BPC_TREE_OPTIMAL,no_cut,37c44c29594e0b8b0ba429e5dd3cf7422c07ae17222bb31e16e31e57030d5e63,0,,0.004597,12.653198,/home/kai/work/GAT_BPC_moonTerk/runs/native_live_sri_v1_p0_frozen_paired_promotion_20260722/raw/scale_005/instance_002_logical_graph/repeat_10/1_no_cut/attempt_01
s005:instance_002:r10:o2:live,5,instance_002,10,no_cut/live,2,live,EXACT_CLOSED,0,0.376567,True,True,True,dfaedf6d273c5c56,2.363709,BPC_TREE_OPTIMAL,P0,9f0e7c4f7e2cab50267e197d55a17950aeee35aad388e47448f24873a7e92ba1,0,,0.004299,12.655945,/home/kai/work/GAT_BPC_moonTerk/runs/native_live_sri_v1_p0_frozen_paired_promotion_20260722/raw/scale_005/instance_002_logical_graph/repeat_10/2_live/attempt_01
s005:instance_003:r01:o1:no_cut,5,instance_003,1,no_cut/live,1,no_cut,EXACT_CLOSED,0,0.370737,True,True,True,dfaedf6d273c5c56,2.202702,BPC_TREE_OPTIMAL,no_cut,37c44c29594e0b8b0ba429e5dd3cf7422c07ae17222bb31e16e31e57030d5e63,0,,0.004868,12.658733,/home/kai/work/GAT_BPC_moonTerk/runs/native_live_sri_v1_p0_frozen_paired_promotion_20260722/raw/scale_005/instance_003_logical_graph/repeat_01/1_no_cut/attempt_01
s005:instance_003:r01:o2:live,5,instance_003,1,no_cut/live,2,live,EXACT_CLOSED,0,0.388356,True,True,True,dfaedf6d273c5c56,2.202702,BPC_TREE_OPTIMAL,P0,9f0e7c4f7e2cab50267e197d55a17950aeee35aad388e47448f24873a7e92ba1,0,,0.005287,12.656021,/home/kai/work/GAT_BPC_moonTerk/runs/native_live_sri_v1_p0_frozen_paired_promotion_20260722/raw/scale_005/instance_003_logical_graph/repeat_01/2_live/attempt_01
s005:instance_003:r02:o1:live,5,instance_003,2,live/no_cut,1,live,EXACT_CLOSED,0,0.393053,True,True,True,dfaedf6d273c5c56,2.202702,BPC_TREE_OPTIMAL,P0,9f0e7c4f7e2cab50267e197d55a17950aeee35aad388e47448f24873a7e92ba1,0,,0.004475,12.65625,/home/kai/work/GAT_BPC_moonTerk/runs/native_live_sri_v1_p0_frozen_paired_promotion_20260722/raw/scale_005/instance_003_logical_graph/repeat_02/1_live/attempt_01
s005:instance_003:r02:o2:no_cut,5,instance_003,2,live/no_cut,2,no_cut,EXACT_CLOSED,0,0.386814,True,True,True,dfaedf6d273c5c56,2.202702,BPC_TREE_OPTIMAL,no_cut,37c44c29594e0b8b0ba429e5dd3cf7422c07ae17222bb31e16e31e57030d5e63,0,,0.004803,12.650253,/home/kai/work/GAT_BPC_moonTerk/runs/native_live_sri_v1_p0_frozen_paired_promotion_20260722/raw/scale_005/instance_003_logical_graph/repeat_02/2_no_cut/attempt_01
s005:instance_003:r03:o1:no_cut,5,instance_003,3,no_cut/live,1,no_cut,EXACT_CLOSED,0,0.392619,True,True,True,dfaedf6d273c5c56,2.202702,BPC_TREE_OPTIMAL,no_cut,37c44c29594e0b8b0ba429e5dd3cf7422c07ae17222bb31e16e31e57030d5e63,0,,0.004349,12.654835,/home/kai/work/GAT_BPC_moonTerk/runs/native_live_sri_v1_p0_frozen_paired_promotion_20260722/raw/scale_005/instance_003_logical_graph/repeat_03/1_no_cut/attempt_01
s005:instance_003:r03:o2:live,5,instance_003,3,no_cut/live,2,live,EXACT_CLOSED,0,0.401195,True,True,True,dfaedf6d273c5c56,2.202702,BPC_TREE_OPTIMAL,P0,9f0e7c4f7e2cab50267e197d55a17950aeee35aad388e47448f24873a7e92ba1,0,,0.004719,12.653625,/home/kai/work/GAT_BPC_moonTerk/runs/native_live_sri_v1_p0_frozen_paired_promotion_20260722/raw/scale_005/instance_003_logical_graph/repeat_03/2_live/attempt_01
s005:instance_003:r04:o1:live,5,instance_003,4,live/no_cut,1,live,EXACT_CLOSED,0,0.376207,True,True,True,dfaedf6d273c5c56,2.202702,BPC_TREE_OPTIMAL,P0,9f0e7c4f7e2cab50267e197d55a17950aeee35aad388e47448f24873a7e92ba1,0,,0.004261,12.653702,/home/kai/work/GAT_BPC_moonTerk/runs/native_live_sri_v1_p0_frozen_paired_promotion_20260722/raw/scale_005/instance_003_logical_graph/repeat_04/1_live/attempt_01
s005:instance_003:r04:o2:no_cut,5,instance_003,4,live/no_cut,2,no_cut,EXACT_CLOSED,0,0.376552,True,True,True,dfaedf6d273c5c56,2.202702,BPC_TREE_OPTIMAL,no_cut,37c44c29594e0b8b0ba429e5dd3cf7422c07ae17222bb31e16e31e57030d5e63,0,,0.004822,12.655659,/home/kai/work/GAT_BPC_moonTerk/runs/native_live_sri_v1_p0_frozen_paired_promotion_20260722/raw/scale_005/instance_003_logical_graph/repeat_04/2_no_cut/attempt_01
s005:instance_003:r05:o1:no_cut,5,instance_003,5,no_cut/live,1,no_cut,EXACT_CLOSED,0,0.399941,True,True,True,dfaedf6d273c5c56,2.202702,BPC_TREE_OPTIMAL,no_cut,37c44c29594e0b8b0ba429e5dd3cf7422c07ae17222bb31e16e31e57030d5e63,0,,0.004623,12.652767,/home/kai/work/GAT_BPC_moonTerk/runs/native_live_sri_v1_p0_frozen_paired_promotion_20260722/raw/scale_005/instance_003_logical_graph/repeat_05/1_no_cut/attempt_01
s005:instance_003:r05:o2:live,5,instance_003,5,no_cut/live,2,live,EXACT_CLOSED,0,0.38741,True,True,True,dfaedf6d273c5c56,2.202702,BPC_TREE_OPTIMAL,P0,9f0e7c4f7e2cab50267e197d55a17950aeee35aad388e47448f24873a7e92ba1,0,,0.004662,12.656559,/home/kai/work/GAT_BPC_moonTerk/runs/native_live_sri_v1_p0_frozen_paired_promotion_20260722/raw/scale_005/instance_003_logical_graph/repeat_05/2_live/attempt_01
s005:instance_003:r06:o1:live,5,instance_003,6,live/no_cut,1,live,EXACT_CLOSED,0,0.402609,True,True,True,dfaedf6d273c5c56,2.202702,BPC_TREE_OPTIMAL,P0,9f0e7c4f7e2cab50267e197d55a17950aeee35aad388e47448f24873a7e92ba1,0,,0.004364,12.65107,/home/kai/work/GAT_BPC_moonTerk/runs/native_live_sri_v1_p0_frozen_paired_promotion_20260722/raw/scale_005/instance_003_logical_graph/repeat_06/1_live/attempt_01
s005:instance_003:r06:o2:no_cut,5,instance_003,6,live/no_cut,2,no_cut,EXACT_CLOSED,0,0.396442,True,True,True,dfaedf6d273c5c56,2.202702,BPC_TREE_OPTIMAL,no_cut,37c44c29594e0b8b0ba429e5dd3cf7422c07ae17222bb31e16e31e57030d5e63,0,,0.004467,12.656883,/home/kai/work/GAT_BPC_moonTerk/runs/native_live_sri_v1_p0_frozen_paired_promotion_20260722/raw/scale_005/instance_003_logical_graph/repeat_06/2_no_cut/attempt_01
s005:instance_003:r07:o1:no_cut,5,instance_003,7,no_cut/live,1,no_cut,EXACT_CLOSED,0,0.373377,True,True,True,dfaedf6d273c5c56,2.202702,BPC_TREE_OPTIMAL,no_cut,37c44c29594e0b8b0ba429e5dd3cf7422c07ae17222bb31e16e31e57030d5e63,0,,0.004536,12.657726,/home/kai/work/GAT_BPC_moonTerk/runs/native_live_sri_v1_p0_frozen_paired_promotion_20260722/raw/scale_005/instance_003_logical_graph/repeat_07/1_no_cut/attempt_01
s005:instance_003:r07:o2:live,5,instance_003,7,no_cut/live,2,live,EXACT_CLOSED,0,0.390295,True,True,True,dfaedf6d273c5c56,2.202702,BPC_TREE_OPTIMAL,P0,9f0e7c4f7e2cab50267e197d55a17950aeee35aad388e47448f24873a7e92ba1,0,,0.00444,12.65992,/home/kai/work/GAT_BPC_moonTerk/runs/native_live_sri_v1_p0_frozen_paired_promotion_20260722/raw/scale_005/instance_003_logical_graph/repeat_07/2_live/attempt_01
s005:instance_003:r08:o1:live,5,instance_003,8,live/no_cut,1,live,EXACT_CLOSED,0,0.40268,True,True,True,dfaedf6d273c5c56,2.202702,BPC_TREE_OPTIMAL,P0,9f0e7c4f7e2cab50267e197d55a17950aeee35aad388e47448f24873a7e92ba1,0,,0.004299,12.66077,/home/kai/work/GAT_BPC_moonTerk/runs/native_live_sri_v1_p0_frozen_paired_promotion_20260722/raw/scale_005/instance_003_logical_graph/repeat_08/1_live/attempt_01
s005:instance_003:r08:o2:no_cut,5,instance_003,8,live/no_cut,2,no_cut,EXACT_CLOSED,0,0.417888,True,True,True,dfaedf6d273c5c56,2.202702,BPC_TREE_OPTIMAL,no_cut,37c44c29594e0b8b0ba429e5dd3cf7422c07ae17222bb31e16e31e57030d5e63,0,,0.00452,12.659008,/home/kai/work/GAT_BPC_moonTerk/runs/native_live_sri_v1_p0_frozen_paired_promotion_20260722/raw/scale_005/instance_003_logical_graph/repeat_08/2_no_cut/attempt_01
s005:instance_003:r09:o1:no_cut,5,instance_003,9,no_cut/live,1,no_cut,EXACT_CLOSED,0,0.375309,True,True,True,dfaedf6d273c5c56,2.202702,BPC_TREE_OPTIMAL,no_cut,37c44c29594e0b8b0ba429e5dd3cf7422c07ae17222bb31e16e31e57030d5e63,0,,0.004173,12.658039,/home/kai/work/GAT_BPC_moonTerk/runs/native_live_sri_v1_p0_frozen_paired_promotion_20260722/raw/scale_005/instance_003_logical_graph/repeat_09/1_no_cut/attempt_01
s005:instance_003:r09:o2:live,5,instance_003,9,no_cut/live,2,live,EXACT_CLOSED,0,0.402482,True,True,True,dfaedf6d273c5c56,2.202702,BPC_TREE_OPTIMAL,P0,9f0e7c4f7e2cab50267e197d55a17950aeee35aad388e47448f24873a7e92ba1,0,,0.004753,12.655254,/home/kai/work/GAT_BPC_moonTerk/runs/native_live_sri_v1_p0_frozen_paired_promotion_20260722/raw/scale_005/instance_003_logical_graph/repeat_09/2_live/attempt_01
s005:instance_003:r10:o1:live,5,instance_003,10,live/no_cut,1,live,EXACT_CLOSED,0,0.408712,True,True,True,dfaedf6d273c5c56,2.202702,BPC_TREE_OPTIMAL,P0,9f0e7c4f7e2cab50267e197d55a17950aeee35aad388e47448f24873a7e92ba1,0,,0.004562,12.656216,/home/kai/work/GAT_BPC_moonTerk/runs/native_live_sri_v1_p0_frozen_paired_promotion_20260722/raw/scale_005/instance_003_logical_graph/repeat_10/1_live/attempt_01
s005:instance_003:r10:o2:no_cut,5,instance_003,10,live/no_cut,2,no_cut,EXACT_CLOSED,0,0.406179,True,True,True,dfaedf6d273c5c56,2.202702,BPC_TREE_OPTIMAL,no_cut,37c44c29594e0b8b0ba429e5dd3cf7422c07ae17222bb31e16e31e57030d5e63,0,,0.004448,12.661053,/home/kai/work/GAT_BPC_moonTerk/runs/native_live_sri_v1_p0_frozen_paired_promotion_20260722/raw/scale_005/instance_003_logical_graph/repeat_10/2_no_cut/attempt_01
s005:instance_004:r01:o1:live,5,instance_004,1,live/no_cut,1,live,EXACT_CLOSED,0,0.409943,True,True,True,dfaedf6d273c5c56,2.068163,BPC_TREE_OPTIMAL,P0,9f0e7c4f7e2cab50267e197d55a17950aeee35aad388e47448f24873a7e92ba1,0,,0.00502,12.657375,/home/kai/work/GAT_BPC_moonTerk/runs/native_live_sri_v1_p0_frozen_paired_promotion_20260722/raw/scale_005/instance_004_logical_graph/repeat_01/1_live/attempt_01
s005:instance_004:r01:o2:no_cut,5,instance_004,1,live/no_cut,2,no_cut,EXACT_CLOSED,0,0.386858,True,True,True,dfaedf6d273c5c56,2.068163,BPC_TREE_OPTIMAL,no_cut,37c44c29594e0b8b0ba429e5dd3cf7422c07ae17222bb31e16e31e57030d5e63,0,,0.006424,12.655842,/home/kai/work/GAT_BPC_moonTerk/runs/native_live_sri_v1_p0_frozen_paired_promotion_20260722/raw/scale_005/instance_004_logical_graph/repeat_01/2_no_cut/attempt_01
s005:instance_004:r02:o1:no_cut,5,instance_004,2,no_cut/live,1,no_cut,EXACT_CLOSED,0,0.3708,True,True,True,dfaedf6d273c5c56,2.068163,BPC_TREE_OPTIMAL,no_cut,37c44c29594e0b8b0ba429e5dd3cf7422c07ae17222bb31e16e31e57030d5e63,0,,0.004387,12.654728,/home/kai/work/GAT_BPC_moonTerk/runs/native_live_sri_v1_p0_frozen_paired_promotion_20260722/raw/scale_005/instance_004_logical_graph/repeat_02/1_no_cut/attempt_01
s005:instance_004:r02:o2:live,5,instance_004,2,no_cut/live,2,live,EXACT_CLOSED,0,0.394343,True,True,True,dfaedf6d273c5c56,2.068163,BPC_TREE_OPTIMAL,P0,9f0e7c4f7e2cab50267e197d55a17950aeee35aad388e47448f24873a7e92ba1,0,,0.004562,12.65654,/home/kai/work/GAT_BPC_moonTerk/runs/native_live_sri_v1_p0_frozen_paired_promotion_20260722/raw/scale_005/instance_004_logical_graph/repeat_02/2_live/attempt_01
s005:instance_004:r03:o1:live,5,instance_004,3,live/no_cut,1,live,EXACT_CLOSED,0,0.386836,True,True,True,dfaedf6d273c5c56,2.068163,BPC_TREE_OPTIMAL,P0,9f0e7c4f7e2cab50267e197d55a17950aeee35aad388e47448f24873a7e92ba1,0,,0.004482,12.658783,/home/kai/work/GAT_BPC_moonTerk/runs/native_live_sri_v1_p0_frozen_paired_promotion_20260722/raw/scale_005/instance_004_logical_graph/repeat_03/1_live/attempt_01
s005:instance_004:r03:o2:no_cut,5,instance_004,3,live/no_cut,2,no_cut,EXACT_CLOSED,0,0.36941,True,True,True,dfaedf6d273c5c56,2.068163,BPC_TREE_OPTIMAL,no_cut,37c44c29594e0b8b0ba429e5dd3cf7422c07ae17222bb31e16e31e57030d5e63,0,,0.004608,12.652203,/home/kai/work/GAT_BPC_moonTerk/runs/native_live_sri_v1_p0_frozen_paired_promotion_20260722/raw/scale_005/instance_004_logical_graph/repeat_03/2_no_cut/attempt_01
s005:instance_004:r04:o1:no_cut,5,instance_004,4,no_cut/live,1,no_cut,EXACT_CLOSED,0,0.389355,True,True,True,dfaedf6d273c5c56,2.068163,BPC_TREE_OPTIMAL,no_cut,37c44c29594e0b8b0ba429e5dd3cf7422c07ae17222bb31e16e31e57030d5e63,0,,0.004871,12.653427,/home/kai/work/GAT_BPC_moonTerk/runs/native_live_sri_v1_p0_frozen_paired_promotion_20260722/raw/scale_005/instance_004_logical_graph/repeat_04/1_no_cut/attempt_01
s005:instance_004:r04:o2:live,5,instance_004,4,no_cut/live,2,live,EXACT_CLOSED,0,0.383176,True,True,True,dfaedf6d273c5c56,2.068163,BPC_TREE_OPTIMAL,P0,9f0e7c4f7e2cab50267e197d55a17950aeee35aad388e47448f24873a7e92ba1,0,,0.004089,12.64872,/home/kai/work/GAT_BPC_moonTerk/runs/native_live_sri_v1_p0_frozen_paired_promotion_20260722/raw/scale_005/instance_004_logical_graph/repeat_04/2_live/attempt_01
s005:instance_004:r05:o1:live,5,instance_004,5,live/no_cut,1,live,EXACT_CLOSED,0,0.381834,True,True,True,dfaedf6d273c5c56,2.068163,BPC_TREE_OPTIMAL,P0,9f0e7c4f7e2cab50267e197d55a17950aeee35aad388e47448f24873a7e92ba1,0,,0.004677,12.658646,/home/kai/work/GAT_BPC_moonTerk/runs/native_live_sri_v1_p0_frozen_paired_promotion_20260722/raw/scale_005/instance_004_logical_graph/repeat_05/1_live/attempt_01
s005:instance_004:r05:o2:no_cut,5,instance_004,5,live/no_cut,2,no_cut,EXACT_CLOSED,0,0.389931,True,True,True,dfaedf6d273c5c56,2.068163,BPC_TREE_OPTIMAL,no_cut,37c44c29594e0b8b0ba429e5dd3cf7422c07ae17222bb31e16e31e57030d5e63,0,,0.004391,12.660206,/home/kai/work/GAT_BPC_moonTerk/runs/native_live_sri_v1_p0_frozen_paired_promotion_20260722/raw/scale_005/instance_004_logical_graph/repeat_05/2_no_cut/attempt_01
s005:instance_004:r06:o1:no_cut,5,instance_004,6,no_cut/live,1,no_cut,EXACT_CLOSED,0,0.380885,True,True,True,dfaedf6d273c5c56,2.068163,BPC_TREE_OPTIMAL,no_cut,37c44c29594e0b8b0ba429e5dd3cf7422c07ae17222bb31e16e31e57030d5e63,0,,0.00465,12.657471,/home/kai/work/GAT_BPC_moonTerk/runs/native_live_sri_v1_p0_frozen_paired_promotion_20260722/raw/scale_005/instance_004_logical_graph/repeat_06/1_no_cut/attempt_01
s005:instance_004:r06:o2:live,5,instance_004,6,no_cut/live,2,live,EXACT_CLOSED,0,0.37058,True,True,True,dfaedf6d273c5c56,2.068163,BPC_TREE_OPTIMAL,P0,9f0e7c4f7e2cab50267e197d55a17950aeee35aad388e47448f24873a7e92ba1,0,,0.004215,12.657566,/home/kai/work/GAT_BPC_moonTerk/runs/native_live_sri_v1_p0_frozen_paired_promotion_20260722/raw/scale_005/instance_004_logical_graph/repeat_06/2_live/attempt_01
s005:instance_004:r07:o1:live,5,instance_004,7,live/no_cut,1,live,EXACT_CLOSED,0,0.378792,True,True,True,dfaedf6d273c5c56,2.068163,BPC_TREE_OPTIMAL,P0,9f0e7c4f7e2cab50267e197d55a17950aeee35aad388e47448f24873a7e92ba1,0,,0.005322,12.656982,/home/kai/work/GAT_BPC_moonTerk/runs/native_live_sri_v1_p0_frozen_paired_promotion_20260722/raw/scale_005/instance_004_logical_graph/repeat_07/1_live/attempt_01
s005:instance_004:r07:o2:no_cut,5,instance_004,7,live/no_cut,2,no_cut,EXACT_CLOSED,0,0.398227,True,True,True,dfaedf6d273c5c56,2.068163,BPC_TREE_OPTIMAL,no_cut,37c44c29594e0b8b0ba429e5dd3cf7422c07ae17222bb31e16e31e57030d5e63,0,,0.004517,12.656055,/home/kai/work/GAT_BPC_moonTerk/runs/native_live_sri_v1_p0_frozen_paired_promotion_20260722/raw/scale_005/instance_004_logical_graph/repeat_07/2_no_cut/attempt_01
s005:instance_004:r08:o1:no_cut,5,instance_004,8,no_cut/live,1,no_cut,EXACT_CLOSED,0,0.3844,True,True,True,dfaedf6d273c5c56,2.068163,BPC_TREE_OPTIMAL,no_cut,37c44c29594e0b8b0ba429e5dd3cf7422c07ae17222bb31e16e31e57030d5e63,0,,0.005222,12.654812,/home/kai/work/GAT_BPC_moonTerk/runs/native_live_sri_v1_p0_frozen_paired_promotion_20260722/raw/scale_005/instance_004_logical_graph/repeat_08/1_no_cut/attempt_01
s005:instance_004:r08:o2:live,5,instance_004,8,no_cut/live,2,live,EXACT_CLOSED,0,0.374384,True,True,True,dfaedf6d273c5c56,2.068163,BPC_TREE_OPTIMAL,P0,9f0e7c4f7e2cab50267e197d55a17950aeee35aad388e47448f24873a7e92ba1,0,,0.004459,12.65794,/home/kai/work/GAT_BPC_moonTerk/runs/native_live_sri_v1_p0_frozen_paired_promotion_20260722/raw/scale_005/instance_004_logical_graph/repeat_08/2_live/attempt_01
s005:instance_004:r09:o1:live,5,instance_004,9,live/no_cut,1,live,EXACT_CLOSED,0,0.383375,True,True,True,dfaedf6d273c5c56,2.068163,BPC_TREE_OPTIMAL,P0,9f0e7c4f7e2cab50267e197d55a17950aeee35aad388e47448f24873a7e92ba1,0,,0.004375,12.657032,/home/kai/work/GAT_BPC_moonTerk/runs/native_live_sri_v1_p0_frozen_paired_promotion_20260722/raw/scale_005/instance_004_logical_graph/repeat_09/1_live/attempt_01
s005:instance_004:r09:o2:no_cut,5,instance_004,9,live/no_cut,2,no_cut,EXACT_CLOSED,0,0.369391,True,True,True,dfaedf6d273c5c56,2.068163,BPC_TREE_OPTIMAL,no_cut,37c44c29594e0b8b0ba429e5dd3cf7422c07ae17222bb31e16e31e57030d5e63,0,,0.004536,12.660618,/home/kai/work/GAT_BPC_moonTerk/runs/native_live_sri_v1_p0_frozen_paired_promotion_20260722/raw/scale_005/instance_004_logical_graph/repeat_09/2_no_cut/attempt_01
s005:instance_004:r10:o1:no_cut,5,instance_004,10,no_cut/live,1,no_cut,EXACT_CLOSED,0,0.388525,True,True,True,dfaedf6d273c5c56,2.068163,BPC_TREE_OPTIMAL,no_cut,37c44c29594e0b8b0ba429e5dd3cf7422c07ae17222bb31e16e31e57030d5e63,0,,0.004467,12.655899,/home/kai/work/GAT_BPC_moonTerk/runs/native_live_sri_v1_p0_frozen_paired_promotion_20260722/raw/scale_005/instance_004_logical_graph/repeat_10/1_no_cut/attempt_01
s005:instance_004:r10:o2:live,5,instance_004,10,no_cut/live,2,live,EXACT_CLOSED,0,0.392377,True,True,True,dfaedf6d273c5c56,2.068163,BPC_TREE_OPTIMAL,P0,9f0e7c4f7e2cab50267e197d55a17950aeee35aad388e47448f24873a7e92ba1,0,,0.004379,12.659477,/home/kai/work/GAT_BPC_moonTerk/runs/native_live_sri_v1_p0_frozen_paired_promotion_20260722/raw/scale_005/instance_004_logical_graph/repeat_10/2_live/attempt_01
s005:instance_005:r01:o1:no_cut,5,instance_005,1,no_cut/live,1,no_cut,EXACT_CLOSED,0,0.396344,True,True,True,dfaedf6d273c5c56,2.155459,BPC_TREE_OPTIMAL,no_cut,37c44c29594e0b8b0ba429e5dd3cf7422c07ae17222bb31e16e31e57030d5e63,0,,0.004749,12.663563,/home/kai/work/GAT_BPC_moonTerk/runs/native_live_sri_v1_p0_frozen_paired_promotion_20260722/raw/scale_005/instance_005_logical_graph/repeat_01/1_no_cut/attempt_01
s005:instance_005:r01:o2:live,5,instance_005,1,no_cut/live,2,live,EXACT_CLOSED,0,0.406938,True,True,True,dfaedf6d273c5c56,2.155459,BPC_TREE_OPTIMAL,P0,9f0e7c4f7e2cab50267e197d55a17950aeee35aad388e47448f24873a7e92ba1,0,,0.00478,12.656013,/home/kai/work/GAT_BPC_moonTerk/runs/native_live_sri_v1_p0_frozen_paired_promotion_20260722/raw/scale_005/instance_005_logical_graph/repeat_01/2_live/attempt_01
s005:instance_005:r02:o1:live,5,instance_005,2,live/no_cut,1,live,EXACT_CLOSED,0,0.391192,True,True,True,dfaedf6d273c5c56,2.155459,BPC_TREE_OPTIMAL,P0,9f0e7c4f7e2cab50267e197d55a17950aeee35aad388e47448f24873a7e92ba1,0,,0.004707,12.659195,/home/kai/work/GAT_BPC_moonTerk/runs/native_live_sri_v1_p0_frozen_paired_promotion_20260722/raw/scale_005/instance_005_logical_graph/repeat_02/1_live/attempt_01
s005:instance_005:r02:o2:no_cut,5,instance_005,2,live/no_cut,2,no_cut,EXACT_CLOSED,0,0.387037,True,True,True,dfaedf6d273c5c56,2.155459,BPC_TREE_OPTIMAL,no_cut,37c44c29594e0b8b0ba429e5dd3cf7422c07ae17222bb31e16e31e57030d5e63,0,,0.004425,12.655136,/home/kai/work/GAT_BPC_moonTerk/runs/native_live_sri_v1_p0_frozen_paired_promotion_20260722/raw/scale_005/instance_005_logical_graph/repeat_02/2_no_cut/attempt_01
s005:instance_005:r03:o1:no_cut,5,instance_005,3,no_cut/live,1,no_cut,EXACT_CLOSED,0,0.403986,True,True,True,dfaedf6d273c5c56,2.155459,BPC_TREE_OPTIMAL,no_cut,37c44c29594e0b8b0ba429e5dd3cf7422c07ae17222bb31e16e31e57030d5e63,0,,0.005348,12.660728,/home/kai/work/GAT_BPC_moonTerk/runs/native_live_sri_v1_p0_frozen_paired_promotion_20260722/raw/scale_005/instance_005_logical_graph/repeat_03/1_no_cut/attempt_01
s005:instance_005:r03:o2:live,5,instance_005,3,no_cut/live,2,live,EXACT_CLOSED,0,0.409752,True,True,True,dfaedf6d273c5c56,2.155459,BPC_TREE_OPTIMAL,P0,9f0e7c4f7e2cab50267e197d55a17950aeee35aad388e47448f24873a7e92ba1,0,,0.005451,12.659531,/home/kai/work/GAT_BPC_moonTerk/runs/native_live_sri_v1_p0_frozen_paired_promotion_20260722/raw/scale_005/instance_005_logical_graph/repeat_03/2_live/attempt_01
s005:instance_005:r04:o1:live,5,instance_005,4,live/no_cut,1,live,EXACT_CLOSED,0,0.381717,True,True,True,dfaedf6d273c5c56,2.155459,BPC_TREE_OPTIMAL,P0,9f0e7c4f7e2cab50267e197d55a17950aeee35aad388e47448f24873a7e92ba1,0,,0.004524,12.658085,/home/kai/work/GAT_BPC_moonTerk/runs/native_live_sri_v1_p0_frozen_paired_promotion_20260722/raw/scale_005/instance_005_logical_graph/repeat_04/1_live/attempt_01
s005:instance_005:r04:o2:no_cut,5,instance_005,4,live/no_cut,2,no_cut,EXACT_CLOSED,0,0.424794,True,True,True,dfaedf6d273c5c56,2.155459,BPC_TREE_OPTIMAL,no_cut,37c44c29594e0b8b0ba429e5dd3cf7422c07ae17222bb31e16e31e57030d5e63,0,,0.004536,12.654831,/home/kai/work/GAT_BPC_moonTerk/runs/native_live_sri_v1_p0_frozen_paired_promotion_20260722/raw/scale_005/instance_005_logical_graph/repeat_04/2_no_cut/attempt_01
s005:instance_005:r05:o1:no_cut,5,instance_005,5,no_cut/live,1,no_cut,EXACT_CLOSED,0,0.40289,True,True,True,dfaedf6d273c5c56,2.155459,BPC_TREE_OPTIMAL,no_cut,37c44c29594e0b8b0ba429e5dd3cf7422c07ae17222bb31e16e31e57030d5e63,0,,0.004433,12.66243,/home/kai/work/GAT_BPC_moonTerk/runs/native_live_sri_v1_p0_frozen_paired_promotion_20260722/raw/scale_005/instance_005_logical_graph/repeat_05/1_no_cut/attempt_01
s005:instance_005:r05:o2:live,5,instance_005,5,no_cut/live,2,live,EXACT_CLOSED,0,0.376873,True,True,True,dfaedf6d273c5c56,2.155459,BPC_TREE_OPTIMAL,P0,9f0e7c4f7e2cab50267e197d55a17950aeee35aad388e47448f24873a7e92ba1,0,,0.004589,12.656738,/home/kai/work/GAT_BPC_moonTerk/runs/native_live_sri_v1_p0_frozen_paired_promotion_20260722/raw/scale_005/instance_005_logical_graph/repeat_05/2_live/attempt_01
s005:instance_005:r06:o1:live,5,instance_005,6,live/no_cut,1,live,EXACT_CLOSED,0,0.384037,True,True,True,dfaedf6d273c5c56,2.155459,BPC_TREE_OPTIMAL,P0,9f0e7c4f7e2cab50267e197d55a17950aeee35aad388e47448f24873a7e92ba1,0,,0.004589,12.651051,/home/kai/work/GAT_BPC_moonTerk/runs/native_live_sri_v1_p0_frozen_paired_promotion_20260722/raw/scale_005/instance_005_logical_graph/repeat_06/1_live/attempt_01
s005:instance_005:r06:o2:no_cut,5,instance_005,6,live/no_cut,2,no_cut,EXACT_CLOSED,0,0.390537,True,True,True,dfaedf6d273c5c56,2.155459,BPC_TREE_OPTIMAL,no_cut,37c44c29594e0b8b0ba429e5dd3cf7422c07ae17222bb31e16e31e57030d5e63,0,,0.004372,12.654751,/home/kai/work/GAT_BPC_moonTerk/runs/native_live_sri_v1_p0_frozen_paired_promotion_20260722/raw/scale_005/instance_005_logical_graph/repeat_06/2_no_cut/attempt_01
s005:instance_005:r07:o1:no_cut,5,instance_005,7,no_cut/live,1,no_cut,EXACT_CLOSED,0,0.393838,True,True,True,dfaedf6d273c5c56,2.155459,BPC_TREE_OPTIMAL,no_cut,37c44c29594e0b8b0ba429e5dd3cf7422c07ae17222bb31e16e31e57030d5e63,0,,0.004482,12.654869,/home/kai/work/GAT_BPC_moonTerk/runs/native_live_sri_v1_p0_frozen_paired_promotion_20260722/raw/scale_005/instance_005_logical_graph/repeat_07/1_no_cut/attempt_01
s005:instance_005:r07:o2:live,5,instance_005,7,no_cut/live,2,live,EXACT_CLOSED,0,0.391181,True,True,True,dfaedf6d273c5c56,2.155459,BPC_TREE_OPTIMAL,P0,9f0e7c4f7e2cab50267e197d55a17950aeee35aad388e47448f24873a7e92ba1,0,,0.00436,12.654991,/home/kai/work/GAT_BPC_moonTerk/runs/native_live_sri_v1_p0_frozen_paired_promotion_20260722/raw/scale_005/instance_005_logical_graph/repeat_07/2_live/attempt_01
s005:instance_005:r08:o1:live,5,instance_005,8,live/no_cut,1,live,EXACT_CLOSED,0,0.411131,True,True,True,dfaedf6d273c5c56,2.155459,BPC_TREE_OPTIMAL,P0,9f0e7c4f7e2cab50267e197d55a17950aeee35aad388e47448f24873a7e92ba1,0,,0.004414,12.655777,/home/kai/work/GAT_BPC_moonTerk/runs/native_live_sri_v1_p0_frozen_paired_promotion_20260722/raw/scale_005/instance_005_logical_graph/repeat_08/1_live/attempt_01
s005:instance_005:r08:o2:no_cut,5,instance_005,8,live/no_cut,2,no_cut,EXACT_CLOSED,0,0.387979,True,True,True,dfaedf6d273c5c56,2.155459,BPC_TREE_OPTIMAL,no_cut,37c44c29594e0b8b0ba429e5dd3cf7422c07ae17222bb31e16e31e57030d5e63,0,,0.005146,12.657806,/home/kai/work/GAT_BPC_moonTerk/runs/native_live_sri_v1_p0_frozen_paired_promotion_20260722/raw/scale_005/instance_005_logical_graph/repeat_08/2_no_cut/attempt_01
s005:instance_005:r09:o1:no_cut,5,instance_005,9,no_cut/live,1,no_cut,EXACT_CLOSED,0,0.398283,True,True,True,dfaedf6d273c5c56,2.155459,BPC_TREE_OPTIMAL,no_cut,37c44c29594e0b8b0ba429e5dd3cf7422c07ae17222bb31e16e31e57030d5e63,0,,0.004398,12.655247,/home/kai/work/GAT_BPC_moonTerk/runs/native_live_sri_v1_p0_frozen_paired_promotion_20260722/raw/scale_005/instance_005_logical_graph/repeat_09/1_no_cut/attempt_01
s005:instance_005:r09:o2:live,5,instance_005,9,no_cut/live,2,live,EXACT_CLOSED,0,0.405796,True,True,True,dfaedf6d273c5c56,2.155459,BPC_TREE_OPTIMAL,P0,9f0e7c4f7e2cab50267e197d55a17950aeee35aad388e47448f24873a7e92ba1,0,,0.004494,12.660656,/home/kai/work/GAT_BPC_moonTerk/runs/native_live_sri_v1_p0_frozen_paired_promotion_20260722/raw/scale_005/instance_005_logical_graph/repeat_09/2_live/attempt_01
s005:instance_005:r10:o1:live,5,instance_005,10,live/no_cut,1,live,EXACT_CLOSED,0,0.383908,True,True,True,dfaedf6d273c5c56,2.155459,BPC_TREE_OPTIMAL,P0,9f0e7c4f7e2cab50267e197d55a17950aeee35aad388e47448f24873a7e92ba1,0,,0.004398,12.655155,/home/kai/work/GAT_BPC_moonTerk/runs/native_live_sri_v1_p0_frozen_paired_promotion_20260722/raw/scale_005/instance_005_logical_graph/repeat_10/1_live/attempt_01
s005:instance_005:r10:o2:no_cut,5,instance_005,10,live/no_cut,2,no_cut,EXACT_CLOSED,0,0.390625,True,True,True,dfaedf6d273c5c56,2.155459,BPC_TREE_OPTIMAL,no_cut,37c44c29594e0b8b0ba429e5dd3cf7422c07ae17222bb31e16e31e57030d5e63,0,,0.00444,12.654305,/home/kai/work/GAT_BPC_moonTerk/runs/native_live_sri_v1_p0_frozen_paired_promotion_20260722/raw/scale_005/instance_005_logical_graph/repeat_10/2_no_cut/attempt_01
s005:instance_006:r01:o1:live,5,instance_006,1,live/no_cut,1,live,EXACT_CLOSED,0,0.373059,True,True,True,dfaedf6d273c5c56,2.114233,BPC_TREE_OPTIMAL,P0,9f0e7c4f7e2cab50267e197d55a17950aeee35aad388e47448f24873a7e92ba1,0,,0.004471,12.656151,/home/kai/work/GAT_BPC_moonTerk/runs/native_live_sri_v1_p0_frozen_paired_promotion_20260722/raw/scale_005/instance_006_logical_graph/repeat_01/1_live/attempt_01
s005:instance_006:r01:o2:no_cut,5,instance_006,1,live/no_cut,2,no_cut,EXACT_CLOSED,0,0.394025,True,True,True,dfaedf6d273c5c56,2.114233,BPC_TREE_OPTIMAL,no_cut,37c44c29594e0b8b0ba429e5dd3cf7422c07ae17222bb31e16e31e57030d5e63,0,,0.004448,12.660976,/home/kai/work/GAT_BPC_moonTerk/runs/native_live_sri_v1_p0_frozen_paired_promotion_20260722/raw/scale_005/instance_006_logical_graph/repeat_01/2_no_cut/attempt_01
s005:instance_006:r02:o1:no_cut,5,instance_006,2,no_cut/live,1,no_cut,EXACT_CLOSED,0,0.40541,True,True,True,dfaedf6d273c5c56,2.114233,BPC_TREE_OPTIMAL,no_cut,37c44c29594e0b8b0ba429e5dd3cf7422c07ae17222bb31e16e31e57030d5e63,0,,0.004581,12.658192,/home/kai/work/GAT_BPC_moonTerk/runs/native_live_sri_v1_p0_frozen_paired_promotion_20260722/raw/scale_005/instance_006_logical_graph/repeat_02/1_no_cut/attempt_01
s005:instance_006:r02:o2:live,5,instance_006,2,no_cut/live,2,live,EXACT_CLOSED,0,0.373693,True,True,True,dfaedf6d273c5c56,2.114233,BPC_TREE_OPTIMAL,P0,9f0e7c4f7e2cab50267e197d55a17950aeee35aad388e47448f24873a7e92ba1,0,,0.006615,12.654892,/home/kai/work/GAT_BPC_moonTerk/runs/native_live_sri_v1_p0_frozen_paired_promotion_20260722/raw/scale_005/instance_006_logical_graph/repeat_02/2_live/attempt_01
s005:instance_006:r03:o1:live,5,instance_006,3,live/no_cut,1,live,EXACT_CLOSED,0,0.394838,True,True,True,dfaedf6d273c5c56,2.114233,BPC_TREE_OPTIMAL,P0,9f0e7c4f7e2cab50267e197d55a17950aeee35aad388e47448f24873a7e92ba1,0,,0.004517,12.660511,/home/kai/work/GAT_BPC_moonTerk/runs/native_live_sri_v1_p0_frozen_paired_promotion_20260722/raw/scale_005/instance_006_logical_graph/repeat_03/1_live/attempt_01
s005:instance_006:r03:o2:no_cut,5,instance_006,3,live/no_cut,2,no_cut,EXACT_CLOSED,0,0.403133,True,True,True,dfaedf6d273c5c56,2.114233,BPC_TREE_OPTIMAL,no_cut,37c44c29594e0b8b0ba429e5dd3cf7422c07ae17222bb31e16e31e57030d5e63,0,,0.004601,12.659328,/home/kai/work/GAT_BPC_moonTerk/runs/native_live_sri_v1_p0_frozen_paired_promotion_20260722/raw/scale_005/instance_006_logical_graph/repeat_03/2_no_cut/attempt_01
s005:instance_006:r04:o1:no_cut,5,instance_006,4,no_cut/live,1,no_cut,EXACT_CLOSED,0,0.393389,True,True,True,dfaedf6d273c5c56,2.114233,BPC_TREE_OPTIMAL,no_cut,37c44c29594e0b8b0ba429e5dd3cf7422c07ae17222bb31e16e31e57030d5e63,0,,0.00478,12.650303,/home/kai/work/GAT_BPC_moonTerk/runs/native_live_sri_v1_p0_frozen_paired_promotion_20260722/raw/scale_005/instance_006_logical_graph/repeat_04/1_no_cut/attempt_01
s005:instance_006:r04:o2:live,5,instance_006,4,no_cut/live,2,live,EXACT_CLOSED,0,0.384342,True,True,True,dfaedf6d273c5c56,2.114233,BPC_TREE_OPTIMAL,P0,9f0e7c4f7e2cab50267e197d55a17950aeee35aad388e47448f24873a7e92ba1,0,,0.004387,12.651718,/home/kai/work/GAT_BPC_moonTerk/runs/native_live_sri_v1_p0_frozen_paired_promotion_20260722/raw/scale_005/instance_006_logical_graph/repeat_04/2_live/attempt_01
s005:instance_006:r05:o1:live,5,instance_006,5,live/no_cut,1,live,EXACT_CLOSED,0,0.390926,True,True,True,dfaedf6d273c5c56,2.114233,BPC_TREE_OPTIMAL,P0,9f0e7c4f7e2cab50267e197d55a17950aeee35aad388e47448f24873a7e92ba1,0,,0.004593,12.651104,/home/kai/work/GAT_BPC_moonTerk/runs/native_live_sri_v1_p0_frozen_paired_promotion_20260722/raw/scale_005/instance_006_logical_graph/repeat_05/1_live/attempt_01
s005:instance_006:r05:o2:no_cut,5,instance_006,5,live/no_cut,2,no_cut,EXACT_CLOSED,0,0.412287,True,True,True,dfaedf6d273c5c56,2.114233,BPC_TREE_OPTIMAL,no_cut,37c44c29594e0b8b0ba429e5dd3cf7422c07ae17222bb31e16e31e57030d5e63,0,,0.004471,12.648678,/home/kai/work/GAT_BPC_moonTerk/runs/native_live_sri_v1_p0_frozen_paired_promotion_20260722/raw/scale_005/instance_006_logical_graph/repeat_05/2_no_cut/attempt_01
s005:instance_006:r06:o1:no_cut,5,instance_006,6,no_cut/live,1,no_cut,EXACT_CLOSED,0,0.377641,True,True,True,dfaedf6d273c5c56,2.114233,BPC_TREE_OPTIMAL,no_cut,37c44c29594e0b8b0ba429e5dd3cf7422c07ae17222bb31e16e31e57030d5e63,0,,0.004803,12.65303,/home/kai/work/GAT_BPC_moonTerk/runs/native_live_sri_v1_p0_frozen_paired_promotion_20260722/raw/scale_005/instance_006_logical_graph/repeat_06/1_no_cut/attempt_01
s005:instance_006:r06:o2:live,5,instance_006,6,no_cut/live,2,live,EXACT_CLOSED,0,0.387751,True,True,True,dfaedf6d273c5c56,2.114233,BPC_TREE_OPTIMAL,P0,9f0e7c4f7e2cab50267e197d55a17950aeee35aad388e47448f24873a7e92ba1,0,,0.005863,12.656185,/home/kai/work/GAT_BPC_moonTerk/runs/native_live_sri_v1_p0_frozen_paired_promotion_20260722/raw/scale_005/instance_006_logical_graph/repeat_06/2_live/attempt_01
s005:instance_006:r07:o1:live,5,instance_006,7,live/no_cut,1,live,EXACT_CLOSED,0,0.388135,True,True,True,dfaedf6d273c5c56,2.114233,BPC_TREE_OPTIMAL,P0,9f0e7c4f7e2cab50267e197d55a17950aeee35aad388e47448f24873a7e92ba1,0,,0.004368,12.658783,/home/kai/work/GAT_BPC_moonTerk/runs/native_live_sri_v1_p0_frozen_paired_promotion_20260722/raw/scale_005/instance_006_logical_graph/repeat_07/1_live/attempt_01
s005:instance_006:r07:o2:no_cut,5,instance_006,7,live/no_cut,2,no_cut,EXACT_CLOSED,0,0.405244,True,True,True,dfaedf6d273c5c56,2.114233,BPC_TREE_OPTIMAL,no_cut,37c44c29594e0b8b0ba429e5dd3cf7422c07ae17222bb31e16e31e57030d5e63,0,,0.004711,12.652832,/home/kai/work/GAT_BPC_moonTerk/runs/native_live_sri_v1_p0_frozen_paired_promotion_20260722/raw/scale_005/instance_006_logical_graph/repeat_07/2_no_cut/attempt_01
s005:instance_006:r08:o1:no_cut,5,instance_006,8,no_cut/live,1,no_cut,EXACT_CLOSED,0,0.413647,True,True,True,dfaedf6d273c5c56,2.114233,BPC_TREE_OPTIMAL,no_cut,37c44c29594e0b8b0ba429e5dd3cf7422c07ae17222bb31e16e31e57030d5e63,0,,0.004551,12.652908,/home/kai/work/GAT_BPC_moonTerk/runs/native_live_sri_v1_p0_frozen_paired_promotion_20260722/raw/scale_005/instance_006_logical_graph/repeat_08/1_no_cut/attempt_01
s005:instance_006:r08:o2:live,5,instance_006,8,no_cut/live,2,live,EXACT_CLOSED,0,0.365855,True,True,True,dfaedf6d273c5c56,2.114233,BPC_TREE_OPTIMAL,P0,9f0e7c4f7e2cab50267e197d55a17950aeee35aad388e47448f24873a7e92ba1,0,,0.004551,12.651699,/home/kai/work/GAT_BPC_moonTerk/runs/native_live_sri_v1_p0_frozen_paired_promotion_20260722/raw/scale_005/instance_006_logical_graph/repeat_08/2_live/attempt_01
s005:instance_006:r09:o1:live,5,instance_006,9,live/no_cut,1,live,EXACT_CLOSED,0,0.390483,True,True,True,dfaedf6d273c5c56,2.114233,BPC_TREE_OPTIMAL,P0,9f0e7c4f7e2cab50267e197d55a17950aeee35aad388e47448f24873a7e92ba1,0,,0.004738,12.65007,/home/kai/work/GAT_BPC_moonTerk/runs/native_live_sri_v1_p0_frozen_paired_promotion_20260722/raw/scale_005/instance_006_logical_graph/repeat_09/1_live/attempt_01
s005:instance_006:r09:o2:no_cut,5,instance_006,9,live/no_cut,2,no_cut,EXACT_CLOSED,0,0.402749,True,True,True,dfaedf6d273c5c56,2.114233,BPC_TREE_OPTIMAL,no_cut,37c44c29594e0b8b0ba429e5dd3cf7422c07ae17222bb31e16e31e57030d5e63,0,,0.004528,12.655148,/home/kai/work/GAT_BPC_moonTerk/runs/native_live_sri_v1_p0_frozen_paired_promotion_20260722/raw/scale_005/instance_006_logical_graph/repeat_09/2_no_cut/attempt_01
s005:instance_006:r10:o1:no_cut,5,instance_006,10,no_cut/live,1,no_cut,EXACT_CLOSED,0,0.361394,True,True,True,dfaedf6d273c5c56,2.114233,BPC_TREE_OPTIMAL,no_cut,37c44c29594e0b8b0ba429e5dd3cf7422c07ae17222bb31e16e31e57030d5e63,0,,0.004581,12.65522,/home/kai/work/GAT_BPC_moonTerk/runs/native_live_sri_v1_p0_frozen_paired_promotion_20260722/raw/scale_005/instance_006_logical_graph/repeat_10/1_no_cut/attempt_01
s005:instance_006:r10:o2:live,5,instance_006,10,no_cut/live,2,live,EXACT_CLOSED,0,0.377784,True,True,True,dfaedf6d273c5c56,2.114233,BPC_TREE_OPTIMAL,P0,9f0e7c4f7e2cab50267e197d55a17950aeee35aad388e47448f24873a7e92ba1,0,,0.004642,12.655144,/home/kai/work/GAT_BPC_moonTerk/runs/native_live_sri_v1_p0_frozen_paired_promotion_20260722/raw/scale_005/instance_006_logical_graph/repeat_10/2_live/attempt_01
s005:instance_007:r01:o1:no_cut,5,instance_007,1,no_cut/live,1,no_cut,EXACT_CLOSED,0,0.376207,True,True,True,dfaedf6d273c5c56,2.140463,BPC_TREE_OPTIMAL,no_cut,37c44c29594e0b8b0ba429e5dd3cf7422c07ae17222bb31e16e31e57030d5e63,0,,0.004581,12.650639,/home/kai/work/GAT_BPC_moonTerk/runs/native_live_sri_v1_p0_frozen_paired_promotion_20260722/raw/scale_005/instance_007_logical_graph/repeat_01/1_no_cut/attempt_01
s005:instance_007:r01:o2:live,5,instance_007,1,no_cut/live,2,live,EXACT_CLOSED,0,0.389048,True,True,True,dfaedf6d273c5c56,2.140463,BPC_TREE_OPTIMAL,P0,9f0e7c4f7e2cab50267e197d55a17950aeee35aad388e47448f24873a7e92ba1,0,,0.004768,12.64896,/home/kai/work/GAT_BPC_moonTerk/runs/native_live_sri_v1_p0_frozen_paired_promotion_20260722/raw/scale_005/instance_007_logical_graph/repeat_01/2_live/attempt_01
s005:instance_007:r02:o1:live,5,instance_007,2,live/no_cut,1,live,EXACT_CLOSED,0,0.42262,True,True,True,dfaedf6d273c5c56,2.140463,BPC_TREE_OPTIMAL,P0,9f0e7c4f7e2cab50267e197d55a17950aeee35aad388e47448f24873a7e92ba1,0,,0.004498,12.652485,/home/kai/work/GAT_BPC_moonTerk/runs/native_live_sri_v1_p0_frozen_paired_promotion_20260722/raw/scale_005/instance_007_logical_graph/repeat_02/1_live/attempt_01
s005:instance_007:r02:o2:no_cut,5,instance_007,2,live/no_cut,2,no_cut,EXACT_CLOSED,0,0.387074,True,True,True,dfaedf6d273c5c56,2.140463,BPC_TREE_OPTIMAL,no_cut,37c44c29594e0b8b0ba429e5dd3cf7422c07ae17222bb31e16e31e57030d5e63,0,,0.004894,12.656437,/home/kai/work/GAT_BPC_moonTerk/runs/native_live_sri_v1_p0_frozen_paired_promotion_20260722/raw/scale_005/instance_007_logical_graph/repeat_02/2_no_cut/attempt_01
s005:instance_007:r03:o1:no_cut,5,instance_007,3,no_cut/live,1,no_cut,EXACT_CLOSED,0,0.369646,True,True,True,dfaedf6d273c5c56,2.140463,BPC_TREE_OPTIMAL,no_cut,37c44c29594e0b8b0ba429e5dd3cf7422c07ae17222bb31e16e31e57030d5e63,0,,0.004864,12.647923,/home/kai/work/GAT_BPC_moonTerk/runs/native_live_sri_v1_p0_frozen_paired_promotion_20260722/raw/scale_005/instance_007_logical_graph/repeat_03/1_no_cut/attempt_01
s005:instance_007:r03:o2:live,5,instance_007,3,no_cut/live,2,live,EXACT_CLOSED,0,0.39525,True,True,True,dfaedf6d273c5c56,2.140463,BPC_TREE_OPTIMAL,P0,9f0e7c4f7e2cab50267e197d55a17950aeee35aad388e47448f24873a7e92ba1,0,,0.004486,12.650387,/home/kai/work/GAT_BPC_moonTerk/runs/native_live_sri_v1_p0_frozen_paired_promotion_20260722/raw/scale_005/instance_007_logical_graph/repeat_03/2_live/attempt_01
s005:instance_007:r04:o1:live,5,instance_007,4,live/no_cut,1,live,EXACT_CLOSED,0,0.421562,True,True,True,dfaedf6d273c5c56,2.140463,BPC_TREE_OPTIMAL,P0,9f0e7c4f7e2cab50267e197d55a17950aeee35aad388e47448f24873a7e92ba1,0,,0.006191,12.651131,/home/kai/work/GAT_BPC_moonTerk/runs/native_live_sri_v1_p0_frozen_paired_promotion_20260722/raw/scale_005/instance_007_logical_graph/repeat_04/1_live/attempt_01
s005:instance_007:r04:o2:no_cut,5,instance_007,4,live/no_cut,2,no_cut,EXACT_CLOSED,0,0.413789,True,True,True,dfaedf6d273c5c56,2.140463,BPC_TREE_OPTIMAL,no_cut,37c44c29594e0b8b0ba429e5dd3cf7422c07ae17222bb31e16e31e57030d5e63,0,,0.004589,12.647621,/home/kai/work/GAT_BPC_moonTerk/runs/native_live_sri_v1_p0_frozen_paired_promotion_20260722/raw/scale_005/instance_007_logical_graph/repeat_04/2_no_cut/attempt_01
s005:instance_007:r05:o1:no_cut,5,instance_007,5,no_cut/live,1,no_cut,EXACT_CLOSED,0,0.428389,True,True,True,dfaedf6d273c5c56,2.140463,BPC_TREE_OPTIMAL,no_cut,37c44c29594e0b8b0ba429e5dd3cf7422c07ae17222bb31e16e31e57030d5e63,0,,0.005272,12.657131,/home/kai/work/GAT_BPC_moonTerk/runs/native_live_sri_v1_p0_frozen_paired_promotion_20260722/raw/scale_005/instance_007_logical_graph/repeat_05/1_no_cut/attempt_01
s005:instance_007:r05:o2:live,5,instance_007,5,no_cut/live,2,live,EXACT_CLOSED,0,0.415053,True,True,True,dfaedf6d273c5c56,2.140463,BPC_TREE_OPTIMAL,P0,9f0e7c4f7e2cab50267e197d55a17950aeee35aad388e47448f24873a7e92ba1,0,,0.004475,12.651684,/home/kai/work/GAT_BPC_moonTerk/runs/native_live_sri_v1_p0_frozen_paired_promotion_20260722/raw/scale_005/instance_007_logical_graph/repeat_05/2_live/attempt_01
s005:instance_007:r06:o1:live,5,instance_007,6,live/no_cut,1,live,EXACT_CLOSED,0,0.40464,True,True,True,dfaedf6d273c5c56,2.140463,BPC_TREE_OPTIMAL,P0,9f0e7c4f7e2cab50267e197d55a17950aeee35aad388e47448f24873a7e92ba1,0,,0.005024,12.655499,/home/kai/work/GAT_BPC_moonTerk/runs/native_live_sri_v1_p0_frozen_paired_promotion_20260722/raw/scale_005/instance_007_logical_graph/repeat_06/1_live/attempt_01
s005:instance_007:r06:o2:no_cut,5,instance_007,6,live/no_cut,2,no_cut,EXACT_CLOSED,0,0.400227,True,True,True,dfaedf6d273c5c56,2.140463,BPC_TREE_OPTIMAL,no_cut,37c44c29594e0b8b0ba429e5dd3cf7422c07ae17222bb31e16e31e57030d5e63,0,,0.004353,12.651356,/home/kai/work/GAT_BPC_moonTerk/runs/native_live_sri_v1_p0_frozen_paired_promotion_20260722/raw/scale_005/instance_007_logical_graph/repeat_06/2_no_cut/attempt_01
s005:instance_007:r07:o1:no_cut,5,instance_007,7,no_cut/live,1,no_cut,EXACT_CLOSED,0,0.400305,True,True,True,dfaedf6d273c5c56,2.140463,BPC_TREE_OPTIMAL,no_cut,37c44c29594e0b8b0ba429e5dd3cf7422c07ae17222bb31e16e31e57030d5e63,0,,0.004604,12.6549,/home/kai/work/GAT_BPC_moonTerk/runs/native_live_sri_v1_p0_frozen_paired_promotion_20260722/raw/scale_005/instance_007_logical_graph/repeat_07/1_no_cut/attempt_01
s005:instance_007:r07:o2:live,5,instance_007,7,no_cut/live,2,live,EXACT_CLOSED,0,0.383351,True,True,True,dfaedf6d273c5c56,2.140463,BPC_TREE_OPTIMAL,P0,9f0e7c4f7e2cab50267e197d55a17950aeee35aad388e47448f24873a7e92ba1,0,,0.00449,12.648411,/home/kai/work/GAT_BPC_moonTerk/runs/native_live_sri_v1_p0_frozen_paired_promotion_20260722/raw/scale_005/instance_007_logical_graph/repeat_07/2_live/attempt_01
s005:instance_007:r08:o1:live,5,instance_007,8,live/no_cut,1,live,EXACT_CLOSED,0,0.397309,True,True,True,dfaedf6d273c5c56,2.140463,BPC_TREE_OPTIMAL,P0,9f0e7c4f7e2cab50267e197d55a17950aeee35aad388e47448f24873a7e92ba1,0,,0.004757,12.651108,/home/kai/work/GAT_BPC_moonTerk/runs/native_live_sri_v1_p0_frozen_paired_promotion_20260722/raw/scale_005/instance_007_logical_graph/repeat_08/1_live/attempt_01
s005:instance_007:r08:o2:no_cut,5,instance_007,8,live/no_cut,2,no_cut,EXACT_CLOSED,0,0.402208,True,True,True,dfaedf6d273c5c56,2.140463,BPC_TREE_OPTIMAL,no_cut,37c44c29594e0b8b0ba429e5dd3cf7422c07ae17222bb31e16e31e57030d5e63,0,,0.00523,12.652412,/home/kai/work/GAT_BPC_moonTerk/runs/native_live_sri_v1_p0_frozen_paired_promotion_20260722/raw/scale_005/instance_007_logical_graph/repeat_08/2_no_cut/attempt_01
s005:instance_007:r09:o1:no_cut,5,instance_007,9,no_cut/live,1,no_cut,EXACT_CLOSED,0,0.39855,True,True,True,dfaedf6d273c5c56,2.140463,BPC_TREE_OPTIMAL,no_cut,37c44c29594e0b8b0ba429e5dd3cf7422c07ae17222bb31e16e31e57030d5e63,0,,0.004349,12.648994,/home/kai/work/GAT_BPC_moonTerk/runs/native_live_sri_v1_p0_frozen_paired_promotion_20260722/raw/scale_005/instance_007_logical_graph/repeat_09/1_no_cut/attempt_01
s005:instance_007:r09:o2:live,5,instance_007,9,no_cut/live,2,live,EXACT_CLOSED,0,0.399018,True,True,True,dfaedf6d273c5c56,2.140463,BPC_TREE_OPTIMAL,P0,9f0e7c4f7e2cab50267e197d55a17950aeee35aad388e47448f24873a7e92ba1,0,,0.004776,12.647758,/home/kai/work/GAT_BPC_moonTerk/runs/native_live_sri_v1_p0_frozen_paired_promotion_20260722/raw/scale_005/instance_007_logical_graph/repeat_09/2_live/attempt_01
s005:instance_007:r10:o1:live,5,instance_007,10,live/no_cut,1,live,EXACT_CLOSED,0,0.400866,True,True,True,dfaedf6d273c5c56,2.140463,BPC_TREE_OPTIMAL,P0,9f0e7c4f7e2cab50267e197d55a17950aeee35aad388e47448f24873a7e92ba1,0,,0.004776,12.651249,/home/kai/work/GAT_BPC_moonTerk/runs/native_live_sri_v1_p0_frozen_paired_promotion_20260722/raw/scale_005/instance_007_logical_graph/repeat_10/1_live/attempt_01
s005:instance_007:r10:o2:no_cut,5,instance_007,10,live/no_cut,2,no_cut,EXACT_CLOSED,0,0.379958,True,True,True,dfaedf6d273c5c56,2.140463,BPC_TREE_OPTIMAL,no_cut,37c44c29594e0b8b0ba429e5dd3cf7422c07ae17222bb31e16e31e57030d5e63,0,,0.004284,12.651176,/home/kai/work/GAT_BPC_moonTerk/runs/native_live_sri_v1_p0_frozen_paired_promotion_20260722/raw/scale_005/instance_007_logical_graph/repeat_10/2_no_cut/attempt_01
s005:instance_008:r01:o1:live,5,instance_008,1,live/no_cut,1,live,EXACT_CLOSED,0,0.411499,True,True,True,dfaedf6d273c5c56,2.100262,BPC_TREE_OPTIMAL,P0,9f0e7c4f7e2cab50267e197d55a17950aeee35aad388e47448f24873a7e92ba1,0,,0.005978,12.648567,/home/kai/work/GAT_BPC_moonTerk/runs/native_live_sri_v1_p0_frozen_paired_promotion_20260722/raw/scale_005/instance_008_logical_graph/repeat_01/1_live/attempt_01
s005:instance_008:r01:o2:no_cut,5,instance_008,1,live/no_cut,2,no_cut,EXACT_CLOSED,0,0.418653,True,True,True,dfaedf6d273c5c56,2.100262,BPC_TREE_OPTIMAL,no_cut,37c44c29594e0b8b0ba429e5dd3cf7422c07ae17222bb31e16e31e57030d5e63,0,,0.004772,12.65839,/home/kai/work/GAT_BPC_moonTerk/runs/native_live_sri_v1_p0_frozen_paired_promotion_20260722/raw/scale_005/instance_008_logical_graph/repeat_01/2_no_cut/attempt_01
s005:instance_008:r02:o1:no_cut,5,instance_008,2,no_cut/live,1,no_cut,EXACT_CLOSED,0,0.411944,True,True,True,dfaedf6d273c5c56,2.100262,BPC_TREE_OPTIMAL,no_cut,37c44c29594e0b8b0ba429e5dd3cf7422c07ae17222bb31e16e31e57030d5e63,0,,0.004482,12.649933,/home/kai/work/GAT_BPC_moonTerk/runs/native_live_sri_v1_p0_frozen_paired_promotion_20260722/raw/scale_005/instance_008_logical_graph/repeat_02/1_no_cut/attempt_01
s005:instance_008:r02:o2:live,5,instance_008,2,no_cut/live,2,live,EXACT_CLOSED,0,0.43573,True,True,True,dfaedf6d273c5c56,2.100262,BPC_TREE_OPTIMAL,P0,9f0e7c4f7e2cab50267e197d55a17950aeee35aad388e47448f24873a7e92ba1,0,,0.004818,12.651154,/home/kai/work/GAT_BPC_moonTerk/runs/native_live_sri_v1_p0_frozen_paired_promotion_20260722/raw/scale_005/instance_008_logical_graph/repeat_02/2_live/attempt_01
s005:instance_008:r03:o1:live,5,instance_008,3,live/no_cut,1,live,EXACT_CLOSED,0,0.425383,True,True,True,dfaedf6d273c5c56,2.100262,BPC_TREE_OPTIMAL,P0,9f0e7c4f7e2cab50267e197d55a17950aeee35aad388e47448f24873a7e92ba1,0,,0.004635,12.650463,/home/kai/work/GAT_BPC_moonTerk/runs/native_live_sri_v1_p0_frozen_paired_promotion_20260722/raw/scale_005/instance_008_logical_graph/repeat_03/1_live/attempt_01
s005:instance_008:r03:o2:no_cut,5,instance_008,3,live/no_cut,2,no_cut,EXACT_CLOSED,0,0.415421,True,True,True,dfaedf6d273c5c56,2.100262,BPC_TREE_OPTIMAL,no_cut,37c44c29594e0b8b0ba429e5dd3cf7422c07ae17222bb31e16e31e57030d5e63,0,,0.004486,12.649292,/home/kai/work/GAT_BPC_moonTerk/runs/native_live_sri_v1_p0_frozen_paired_promotion_20260722/raw/scale_005/instance_008_logical_graph/repeat_03/2_no_cut/attempt_01
s005:instance_008:r04:o1:no_cut,5,instance_008,4,no_cut/live,1,no_cut,EXACT_CLOSED,0,0.385711,True,True,True,dfaedf6d273c5c56,2.100262,BPC_TREE_OPTIMAL,no_cut,37c44c29594e0b8b0ba429e5dd3cf7422c07ae17222bb31e16e31e57030d5e63,0,,0.004528,12.652431,/home/kai/work/GAT_BPC_moonTerk/runs/native_live_sri_v1_p0_frozen_paired_promotion_20260722/raw/scale_005/instance_008_logical_graph/repeat_04/1_no_cut/attempt_01
s005:instance_008:r04:o2:live,5,instance_008,4,no_cut/live,2,live,EXACT_CLOSED,0,0.395047,True,True,True,dfaedf6d273c5c56,2.100262,BPC_TREE_OPTIMAL,P0,9f0e7c4f7e2cab50267e197d55a17950aeee35aad388e47448f24873a7e92ba1,0,,0.004372,12.653351,/home/kai/work/GAT_BPC_moonTerk/runs/native_live_sri_v1_p0_frozen_paired_promotion_20260722/raw/scale_005/instance_008_logical_graph/repeat_04/2_live/attempt_01
s005:instance_008:r05:o1:live,5,instance_008,5,live/no_cut,1,live,EXACT_CLOSED,0,0.418342,True,True,True,dfaedf6d273c5c56,2.100262,BPC_TREE_OPTIMAL,P0,9f0e7c4f7e2cab50267e197d55a17950aeee35aad388e47448f24873a7e92ba1,0,,0.00457,12.653759,/home/kai/work/GAT_BPC_moonTerk/runs/native_live_sri_v1_p0_frozen_paired_promotion_20260722/raw/scale_005/instance_008_logical_graph/repeat_05/1_live/attempt_01
s005:instance_008:r05:o2:no_cut,5,instance_008,5,live/no_cut,2,no_cut,EXACT_CLOSED,0,0.444243,True,True,True,dfaedf6d273c5c56,2.100262,BPC_TREE_OPTIMAL,no_cut,37c44c29594e0b8b0ba429e5dd3cf7422c07ae17222bb31e16e31e57030d5e63,0,,0.004486,12.652328,/home/kai/work/GAT_BPC_moonTerk/runs/native_live_sri_v1_p0_frozen_paired_promotion_20260722/raw/scale_005/instance_008_logical_graph/repeat_05/2_no_cut/attempt_01
s005:instance_008:r06:o1:no_cut,5,instance_008,6,no_cut/live,1,no_cut,EXACT_CLOSED,0,0.424356,True,True,True,dfaedf6d273c5c56,2.100262,BPC_TREE_OPTIMAL,no_cut,37c44c29594e0b8b0ba429e5dd3cf7422c07ae17222bb31e16e31e57030d5e63,0,,0.004322,12.6553,/home/kai/work/GAT_BPC_moonTerk/runs/native_live_sri_v1_p0_frozen_paired_promotion_20260722/raw/scale_005/instance_008_logical_graph/repeat_06/1_no_cut/attempt_01
s005:instance_008:r06:o2:live,5,instance_008,6,no_cut/live,2,live,EXACT_CLOSED,0,0.408473,True,True,True,dfaedf6d273c5c56,2.100262,BPC_TREE_OPTIMAL,P0,9f0e7c4f7e2cab50267e197d55a17950aeee35aad388e47448f24873a7e92ba1,0,,0.004665,12.65517,/home/kai/work/GAT_BPC_moonTerk/runs/native_live_sri_v1_p0_frozen_paired_promotion_20260722/raw/scale_005/instance_008_logical_graph/repeat_06/2_live/attempt_01
s005:instance_008:r07:o1:live,5,instance_008,7,live/no_cut,1,live,EXACT_CLOSED,0,0.389562,True,True,True,dfaedf6d273c5c56,2.100262,BPC_TREE_OPTIMAL,P0,9f0e7c4f7e2cab50267e197d55a17950aeee35aad388e47448f24873a7e92ba1,0,,0.004368,12.656582,/home/kai/work/GAT_BPC_moonTerk/runs/native_live_sri_v1_p0_frozen_paired_promotion_20260722/raw/scale_005/instance_008_logical_graph/repeat_07/1_live/attempt_01
s005:instance_008:r07:o2:no_cut,5,instance_008,7,live/no_cut,2,no_cut,EXACT_CLOSED,0,0.400827,True,True,True,dfaedf6d273c5c56,2.100262,BPC_TREE_OPTIMAL,no_cut,37c44c29594e0b8b0ba429e5dd3cf7422c07ae17222bb31e16e31e57030d5e63,0,,0.004562,12.653095,/home/kai/work/GAT_BPC_moonTerk/runs/native_live_sri_v1_p0_frozen_paired_promotion_20260722/raw/scale_005/instance_008_logical_graph/repeat_07/2_no_cut/attempt_01
s005:instance_008:r08:o1:no_cut,5,instance_008,8,no_cut/live,1,no_cut,EXACT_CLOSED,0,0.410695,True,True,True,dfaedf6d273c5c56,2.100262,BPC_TREE_OPTIMAL,no_cut,37c44c29594e0b8b0ba429e5dd3cf7422c07ae17222bb31e16e31e57030d5e63,0,,0.004631,12.655979,/home/kai/work/GAT_BPC_moonTerk/runs/native_live_sri_v1_p0_frozen_paired_promotion_20260722/raw/scale_005/instance_008_logical_graph/repeat_08/1_no_cut/attempt_01
s005:instance_008:r08:o2:live,5,instance_008,8,no_cut/live,2,live,EXACT_CLOSED,0,0.398805,True,True,True,dfaedf6d273c5c56,2.100262,BPC_TREE_OPTIMAL,P0,9f0e7c4f7e2cab50267e197d55a17950aeee35aad388e47448f24873a7e92ba1,0,,0.004501,12.655849,/home/kai/work/GAT_BPC_moonTerk/runs/native_live_sri_v1_p0_frozen_paired_promotion_20260722/raw/scale_005/instance_008_logical_graph/repeat_08/2_live/attempt_01
s005:instance_008:r09:o1:live,5,instance_008,9,live/no_cut,1,live,EXACT_CLOSED,0,0.418461,True,True,True,dfaedf6d273c5c56,2.100262,BPC_TREE_OPTIMAL,P0,9f0e7c4f7e2cab50267e197d55a17950aeee35aad388e47448f24873a7e92ba1,0,,0.007019,12.65815,/home/kai/work/GAT_BPC_moonTerk/runs/native_live_sri_v1_p0_frozen_paired_promotion_20260722/raw/scale_005/instance_008_logical_graph/repeat_09/1_live/attempt_01
s005:instance_008:r09:o2:no_cut,5,instance_008,9,live/no_cut,2,no_cut,EXACT_CLOSED,0,0.386743,True,True,True,dfaedf6d273c5c56,2.100262,BPC_TREE_OPTIMAL,no_cut,37c44c29594e0b8b0ba429e5dd3cf7422c07ae17222bb31e16e31e57030d5e63,0,,0.004997,12.654266,/home/kai/work/GAT_BPC_moonTerk/runs/native_live_sri_v1_p0_frozen_paired_promotion_20260722/raw/scale_005/instance_008_logical_graph/repeat_09/2_no_cut/attempt_01
s005:instance_008:r10:o1:no_cut,5,instance_008,10,no_cut/live,1,no_cut,EXACT_CLOSED,0,0.401093,True,True,True,dfaedf6d273c5c56,2.100262,BPC_TREE_OPTIMAL,no_cut,37c44c29594e0b8b0ba429e5dd3cf7422c07ae17222bb31e16e31e57030d5e63,0,,0.004471,12.656338,/home/kai/work/GAT_BPC_moonTerk/runs/native_live_sri_v1_p0_frozen_paired_promotion_20260722/raw/scale_005/instance_008_logical_graph/repeat_10/1_no_cut/attempt_01
s005:instance_008:r10:o2:live,5,instance_008,10,no_cut/live,2,live,EXACT_CLOSED,0,0.426415,True,True,True,dfaedf6d273c5c56,2.100262,BPC_TREE_OPTIMAL,P0,9f0e7c4f7e2cab50267e197d55a17950aeee35aad388e47448f24873a7e92ba1,0,,0.004528,12.652626,/home/kai/work/GAT_BPC_moonTerk/runs/native_live_sri_v1_p0_frozen_paired_promotion_20260722/raw/scale_005/instance_008_logical_graph/repeat_10/2_live/attempt_01
s005:instance_009:r01:o1:no_cut,5,instance_009,1,no_cut/live,1,no_cut,EXACT_CLOSED,0,0.385798,True,True,True,dfaedf6d273c5c56,2.096863,BPC_TREE_OPTIMAL,no_cut,37c44c29594e0b8b0ba429e5dd3cf7422c07ae17222bb31e16e31e57030d5e63,0,,0.004654,12.6497,/home/kai/work/GAT_BPC_moonTerk/runs/native_live_sri_v1_p0_frozen_paired_promotion_20260722/raw/scale_005/instance_009_logical_graph/repeat_01/1_no_cut/attempt_01
s005:instance_009:r01:o2:live,5,instance_009,1,no_cut/live,2,live,EXACT_CLOSED,0,0.395954,True,True,True,dfaedf6d273c5c56,2.096863,BPC_TREE_OPTIMAL,P0,9f0e7c4f7e2cab50267e197d55a17950aeee35aad388e47448f24873a7e92ba1,0,,0.004574,12.652985,/home/kai/work/GAT_BPC_moonTerk/runs/native_live_sri_v1_p0_frozen_paired_promotion_20260722/raw/scale_005/instance_009_logical_graph/repeat_01/2_live/attempt_01
s005:instance_009:r02:o1:live,5,instance_009,2,live/no_cut,1,live,EXACT_CLOSED,0,0.374896,True,True,True,dfaedf6d273c5c56,2.096863,BPC_TREE_OPTIMAL,P0,9f0e7c4f7e2cab50267e197d55a17950aeee35aad388e47448f24873a7e92ba1,0,,0.006622,12.65453,/home/kai/work/GAT_BPC_moonTerk/runs/native_live_sri_v1_p0_frozen_paired_promotion_20260722/raw/scale_005/instance_009_logical_graph/repeat_02/1_live/attempt_01
s005:instance_009:r02:o2:no_cut,5,instance_009,2,live/no_cut,2,no_cut,EXACT_CLOSED,0,0.376481,True,True,True,dfaedf6d273c5c56,2.096863,BPC_TREE_OPTIMAL,no_cut,37c44c29594e0b8b0ba429e5dd3cf7422c07ae17222bb31e16e31e57030d5e63,0,,0.004299,12.651867,/home/kai/work/GAT_BPC_moonTerk/runs/native_live_sri_v1_p0_frozen_paired_promotion_20260722/raw/scale_005/instance_009_logical_graph/repeat_02/2_no_cut/attempt_01
s005:instance_009:r03:o1:no_cut,5,instance_009,3,no_cut/live,1,no_cut,EXACT_CLOSED,0,0.402979,True,True,True,dfaedf6d273c5c56,2.096863,BPC_TREE_OPTIMAL,no_cut,37c44c29594e0b8b0ba429e5dd3cf7422c07ae17222bb31e16e31e57030d5e63,0,,0.004501,12.651291,/home/kai/work/GAT_BPC_moonTerk/runs/native_live_sri_v1_p0_frozen_paired_promotion_20260722/raw/scale_005/instance_009_logical_graph/repeat_03/1_no_cut/attempt_01
s005:instance_009:r03:o2:live,5,instance_009,3,no_cut/live,2,live,EXACT_CLOSED,0,0.361525,True,True,True,dfaedf6d273c5c56,2.096863,BPC_TREE_OPTIMAL,P0,9f0e7c4f7e2cab50267e197d55a17950aeee35aad388e47448f24873a7e92ba1,0,,0.004635,12.645477,/home/kai/work/GAT_BPC_moonTerk/runs/native_live_sri_v1_p0_frozen_paired_promotion_20260722/raw/scale_005/instance_009_logical_graph/repeat_03/2_live/attempt_01
s005:instance_009:r04:o1:live,5,instance_009,4,live/no_cut,1,live,EXACT_CLOSED,0,0.389285,True,True,True,dfaedf6d273c5c56,2.096863,BPC_TREE_OPTIMAL,P0,9f0e7c4f7e2cab50267e197d55a17950aeee35aad388e47448f24873a7e92ba1,0,,0.004391,12.65501,/home/kai/work/GAT_BPC_moonTerk/runs/native_live_sri_v1_p0_frozen_paired_promotion_20260722/raw/scale_005/instance_009_logical_graph/repeat_04/1_live/attempt_01
s005:instance_009:r04:o2:no_cut,5,instance_009,4,live/no_cut,2,no_cut,EXACT_CLOSED,0,0.394633,True,True,True,dfaedf6d273c5c56,2.096863,BPC_TREE_OPTIMAL,no_cut,37c44c29594e0b8b0ba429e5dd3cf7422c07ae17222bb31e16e31e57030d5e63,0,,0.004292,12.657303,/home/kai/work/GAT_BPC_moonTerk/runs/native_live_sri_v1_p0_frozen_paired_promotion_20260722/raw/scale_005/instance_009_logical_graph/repeat_04/2_no_cut/attempt_01
s005:instance_009:r05:o1:no_cut,5,instance_009,5,no_cut/live,1,no_cut,EXACT_CLOSED,0,0.363647,True,True,True,dfaedf6d273c5c56,2.096863,BPC_TREE_OPTIMAL,no_cut,37c44c29594e0b8b0ba429e5dd3cf7422c07ae17222bb31e16e31e57030d5e63,0,,0.004852,12.648758,/home/kai/work/GAT_BPC_moonTerk/runs/native_live_sri_v1_p0_frozen_paired_promotion_20260722/raw/scale_005/instance_009_logical_graph/repeat_05/1_no_cut/attempt_01
s005:instance_009:r05:o2:live,5,instance_009,5,no_cut/live,2,live,EXACT_CLOSED,0,0.391578,True,True,True,dfaedf6d273c5c56,2.096863,BPC_TREE_OPTIMAL,P0,9f0e7c4f7e2cab50267e197d55a17950aeee35aad388e47448f24873a7e92ba1,0,,0.004757,12.649319,/home/kai/work/GAT_BPC_moonTerk/runs/native_live_sri_v1_p0_frozen_paired_promotion_20260722/raw/scale_005/instance_009_logical_graph/repeat_05/2_live/attempt_01
s005:instance_009:r06:o1:live,5,instance_009,6,live/no_cut,1,live,EXACT_CLOSED,0,0.393344,True,True,True,dfaedf6d273c5c56,2.096863,BPC_TREE_OPTIMAL,P0,9f0e7c4f7e2cab50267e197d55a17950aeee35aad388e47448f24873a7e92ba1,0,,0.004593,12.647285,/home/kai/work/GAT_BPC_moonTerk/runs/native_live_sri_v1_p0_frozen_paired_promotion_20260722/raw/scale_005/instance_009_logical_graph/repeat_06/1_live/attempt_01
s005:instance_009:r06:o2:no_cut,5,instance_009,6,live/no_cut,2,no_cut,EXACT_CLOSED,0,0.379551,True,True,True,dfaedf6d273c5c56,2.096863,BPC_TREE_OPTIMAL,no_cut,37c44c29594e0b8b0ba429e5dd3cf7422c07ae17222bb31e16e31e57030d5e63,0,,0.00452,12.651844,/home/kai/work/GAT_BPC_moonTerk/runs/native_live_sri_v1_p0_frozen_paired_promotion_20260722/raw/scale_005/instance_009_logical_graph/repeat_06/2_no_cut/attempt_01
s005:instance_009:r07:o1:no_cut,5,instance_009,7,no_cut/live,1,no_cut,EXACT_CLOSED,0,0.385451,True,True,True,dfaedf6d273c5c56,2.096863,BPC_TREE_OPTIMAL,no_cut,37c44c29594e0b8b0ba429e5dd3cf7422c07ae17222bb31e16e31e57030d5e63,0,,0.004429,12.649258,/home/kai/work/GAT_BPC_moonTerk/runs/native_live_sri_v1_p0_frozen_paired_promotion_20260722/raw/scale_005/instance_009_logical_graph/repeat_07/1_no_cut/attempt_01
s005:instance_009:r07:o2:live,5,instance_009,7,no_cut/live,2,live,EXACT_CLOSED,0,0.391113,True,True,True,dfaedf6d273c5c56,2.096863,BPC_TREE_OPTIMAL,P0,9f0e7c4f7e2cab50267e197d55a17950aeee35aad388e47448f24873a7e92ba1,0,,0.004501,12.649555,/home/kai/work/GAT_BPC_moonTerk/runs/native_live_sri_v1_p0_frozen_paired_promotion_20260722/raw/scale_005/instance_009_logical_graph/repeat_07/2_live/attempt_01
s005:instance_009:r08:o1:live,5,instance_009,8,live/no_cut,1,live,EXACT_CLOSED,0,0.380837,True,True,True,dfaedf6d273c5c56,2.096863,BPC_TREE_OPTIMAL,P0,9f0e7c4f7e2cab50267e197d55a17950aeee35aad388e47448f24873a7e92ba1,0,,0.004501,12.651001,/home/kai/work/GAT_BPC_moonTerk/runs/native_live_sri_v1_p0_frozen_paired_promotion_20260722/raw/scale_005/instance_009_logical_graph/repeat_08/1_live/attempt_01
s005:instance_009:r08:o2:no_cut,5,instance_009,8,live/no_cut,2,no_cut,EXACT_CLOSED,0,0.375607,True,True,True,dfaedf6d273c5c56,2.096863,BPC_TREE_OPTIMAL,no_cut,37c44c29594e0b8b0ba429e5dd3cf7422c07ae17222bb31e16e31e57030d5e63,0,,0.004448,12.644722,/home/kai/work/GAT_BPC_moonTerk/runs/native_live_sri_v1_p0_frozen_paired_promotion_20260722/raw/scale_005/instance_009_logical_graph/repeat_08/2_no_cut/attempt_01
s005:instance_009:r09:o1:no_cut,5,instance_009,9,no_cut/live,1,no_cut,EXACT_CLOSED,0,0.387785,True,True,True,dfaedf6d273c5c56,2.096863,BPC_TREE_OPTIMAL,no_cut,37c44c29594e0b8b0ba429e5dd3cf7422c07ae17222bb31e16e31e57030d5e63,0,,0.004353,12.650696,/home/kai/work/GAT_BPC_moonTerk/runs/native_live_sri_v1_p0_frozen_paired_promotion_20260722/raw/scale_005/instance_009_logical_graph/repeat_09/1_no_cut/attempt_01
s005:instance_009:r09:o2:live,5,instance_009,9,no_cut/live,2,live,EXACT_CLOSED,0,0.377534,True,True,True,dfaedf6d273c5c56,2.096863,BPC_TREE_OPTIMAL,P0,9f0e7c4f7e2cab50267e197d55a17950aeee35aad388e47448f24873a7e92ba1,0,,0.004616,12.648174,/home/kai/work/GAT_BPC_moonTerk/runs/native_live_sri_v1_p0_frozen_paired_promotion_20260722/raw/scale_005/instance_009_logical_graph/repeat_09/2_live/attempt_01
s005:instance_009:r10:o1:live,5,instance_009,10,live/no_cut,1,live,EXACT_CLOSED,0,0.392243,True,True,True,dfaedf6d273c5c56,2.096863,BPC_TREE_OPTIMAL,P0,9f0e7c4f7e2cab50267e197d55a17950aeee35aad388e47448f24873a7e92ba1,0,,0.004723,12.652878,/home/kai/work/GAT_BPC_moonTerk/runs/native_live_sri_v1_p0_frozen_paired_promotion_20260722/raw/scale_005/instance_009_logical_graph/repeat_10/1_live/attempt_01
s005:instance_009:r10:o2:no_cut,5,instance_009,10,live/no_cut,2,no_cut,EXACT_CLOSED,0,0.388748,True,True,True,dfaedf6d273c5c56,2.096863,BPC_TREE_OPTIMAL,no_cut,37c44c29594e0b8b0ba429e5dd3cf7422c07ae17222bb31e16e31e57030d5e63,0,,0.004852,12.650982,/home/kai/work/GAT_BPC_moonTerk/runs/native_live_sri_v1_p0_frozen_paired_promotion_20260722/raw/scale_005/instance_009_logical_graph/repeat_10/2_no_cut/attempt_01
s005:instance_010:r01:o1:live,5,instance_010,1,live/no_cut,1,live,EXACT_CLOSED,0,0.417861,True,True,True,dfaedf6d273c5c56,2.204695,BPC_TREE_OPTIMAL,P0,9f0e7c4f7e2cab50267e197d55a17950aeee35aad388e47448f24873a7e92ba1,0,,0.004562,12.6497,/home/kai/work/GAT_BPC_moonTerk/runs/native_live_sri_v1_p0_frozen_paired_promotion_20260722/raw/scale_005/instance_010_logical_graph/repeat_01/1_live/attempt_01
s005:instance_010:r01:o2:no_cut,5,instance_010,1,live/no_cut,2,no_cut,EXACT_CLOSED,0,0.40019,True,True,True,dfaedf6d273c5c56,2.204695,BPC_TREE_OPTIMAL,no_cut,37c44c29594e0b8b0ba429e5dd3cf7422c07ae17222bb31e16e31e57030d5e63,0,,0.004375,12.649044,/home/kai/work/GAT_BPC_moonTerk/runs/native_live_sri_v1_p0_frozen_paired_promotion_20260722/raw/scale_005/instance_010_logical_graph/repeat_01/2_no_cut/attempt_01
s005:instance_010:r02:o1:no_cut,5,instance_010,2,no_cut/live,1,no_cut,EXACT_CLOSED,0,0.394723,True,True,True,dfaedf6d273c5c56,2.204695,BPC_TREE_OPTIMAL,no_cut,37c44c29594e0b8b0ba429e5dd3cf7422c07ae17222bb31e16e31e57030d5e63,0,,0.004478,12.652431,/home/kai/work/GAT_BPC_moonTerk/runs/native_live_sri_v1_p0_frozen_paired_promotion_20260722/raw/scale_005/instance_010_logical_graph/repeat_02/1_no_cut/attempt_01
s005:instance_010:r02:o2:live,5,instance_010,2,no_cut/live,2,live,EXACT_CLOSED,0,0.411127,True,True,True,dfaedf6d273c5c56,2.204695,BPC_TREE_OPTIMAL,P0,9f0e7c4f7e2cab50267e197d55a17950aeee35aad388e47448f24873a7e92ba1,0,,0.004593,12.647717,/home/kai/work/GAT_BPC_moonTerk/runs/native_live_sri_v1_p0_frozen_paired_promotion_20260722/raw/scale_005/instance_010_logical_graph/repeat_02/2_live/attempt_01
s005:instance_010:r03:o1:live,5,instance_010,3,live/no_cut,1,live,EXACT_CLOSED,0,0.407508,True,True,True,dfaedf6d273c5c56,2.204695,BPC_TREE_OPTIMAL,P0,9f0e7c4f7e2cab50267e197d55a17950aeee35aad388e47448f24873a7e92ba1,0,,0.005013,12.649998,/home/kai/work/GAT_BPC_moonTerk/runs/native_live_sri_v1_p0_frozen_paired_promotion_20260722/raw/scale_005/instance_010_logical_graph/repeat_03/1_live/attempt_01
s005:instance_010:r03:o2:no_cut,5,instance_010,3,live/no_cut,2,no_cut,EXACT_CLOSED,0,0.40618,True,True,True,dfaedf6d273c5c56,2.204695,BPC_TREE_OPTIMAL,no_cut,37c44c29594e0b8b0ba429e5dd3cf7422c07ae17222bb31e16e31e57030d5e63,0,,0.004772,12.64933,/home/kai/work/GAT_BPC_moonTerk/runs/native_live_sri_v1_p0_frozen_paired_promotion_20260722/raw/scale_005/instance_010_logical_graph/repeat_03/2_no_cut/attempt_01
s005:instance_010:r04:o1:no_cut,5,instance_010,4,no_cut/live,1,no_cut,EXACT_CLOSED,0,0.390528,True,True,True,dfaedf6d273c5c56,2.204695,BPC_TREE_OPTIMAL,no_cut,37c44c29594e0b8b0ba429e5dd3cf7422c07ae17222bb31e16e31e57030d5e63,0,,0.004524,12.647263,/home/kai/work/GAT_BPC_moonTerk/runs/native_live_sri_v1_p0_frozen_paired_promotion_20260722/raw/scale_005/instance_010_logical_graph/repeat_04/1_no_cut/attempt_01
s005:instance_010:r04:o2:live,5,instance_010,4,no_cut/live,2,live,EXACT_CLOSED,0,0.419444,True,True,True,dfaedf6d273c5c56,2.204695,BPC_TREE_OPTIMAL,P0,9f0e7c4f7e2cab50267e197d55a17950aeee35aad388e47448f24873a7e92ba1,0,,0.004642,12.646656,/home/kai/work/GAT_BPC_moonTerk/runs/native_live_sri_v1_p0_frozen_paired_promotion_20260722/raw/scale_005/instance_010_logical_graph/repeat_04/2_live/attempt_01
s005:instance_010:r05:o1:live,5,instance_010,5,live/no_cut,1,live,EXACT_CLOSED,0,0.376981,True,True,True,dfaedf6d273c5c56,2.204695,BPC_TREE_OPTIMAL,P0,9f0e7c4f7e2cab50267e197d55a17950aeee35aad388e47448f24873a7e92ba1,0,,0.004559,12.654163,/home/kai/work/GAT_BPC_moonTerk/runs/native_live_sri_v1_p0_frozen_paired_promotion_20260722/raw/scale_005/instance_010_logical_graph/repeat_05/1_live/attempt_01
s005:instance_010:r05:o2:no_cut,5,instance_010,5,live/no_cut,2,no_cut,EXACT_CLOSED,0,0.409652,True,True,True,dfaedf6d273c5c56,2.204695,BPC_TREE_OPTIMAL,no_cut,37c44c29594e0b8b0ba429e5dd3cf7422c07ae17222bb31e16e31e57030d5e63,0,,0.004551,12.647861,/home/kai/work/GAT_BPC_moonTerk/runs/native_live_sri_v1_p0_frozen_paired_promotion_20260722/raw/scale_005/instance_010_logical_graph/repeat_05/2_no_cut/attempt_01
s005:instance_010:r06:o1:no_cut,5,instance_010,6,no_cut/live,1,no_cut,EXACT_CLOSED,0,0.422852,True,True,True,dfaedf6d273c5c56,2.204695,BPC_TREE_OPTIMAL,no_cut,37c44c29594e0b8b0ba429e5dd3cf7422c07ae17222bb31e16e31e57030d5e63,0,,0.004532,12.646427,/home/kai/work/GAT_BPC_moonTerk/runs/native_live_sri_v1_p0_frozen_paired_promotion_20260722/raw/scale_005/instance_010_logical_graph/repeat_06/1_no_cut/attempt_01
s005:instance_010:r06:o2:live,5,instance_010,6,no_cut/live,2,live,EXACT_CLOSED,0,0.421814,True,True,True,dfaedf6d273c5c56,2.204695,BPC_TREE_OPTIMAL,P0,9f0e7c4f7e2cab50267e197d55a17950aeee35aad388e47448f24873a7e92ba1,0,,0.004585,12.649239,/home/kai/work/GAT_BPC_moonTerk/runs/native_live_sri_v1_p0_frozen_paired_promotion_20260722/raw/scale_005/instance_010_logical_graph/repeat_06/2_live/attempt_01
s005:instance_010:r07:o1:live,5,instance_010,7,live/no_cut,1,live,EXACT_CLOSED,0,0.40133,True,True,True,dfaedf6d273c5c56,2.204695,BPC_TREE_OPTIMAL,P0,9f0e7c4f7e2cab50267e197d55a17950aeee35aad388e47448f24873a7e92ba1,0,,0.00449,12.65213,/home/kai/work/GAT_BPC_moonTerk/runs/native_live_sri_v1_p0_frozen_paired_promotion_20260722/raw/scale_005/instance_010_logical_graph/repeat_07/1_live/attempt_01
s005:instance_010:r07:o2:no_cut,5,instance_010,7,live/no_cut,2,no_cut,EXACT_CLOSED,0,0.426114,True,True,True,dfaedf6d273c5c56,2.204695,BPC_TREE_OPTIMAL,no_cut,37c44c29594e0b8b0ba429e5dd3cf7422c07ae17222bb31e16e31e57030d5e63,0,,0.005573,12.648186,/home/kai/work/GAT_BPC_moonTerk/runs/native_live_sri_v1_p0_frozen_paired_promotion_20260722/raw/scale_005/instance_010_logical_graph/repeat_07/2_no_cut/attempt_01
s005:instance_010:r08:o1:no_cut,5,instance_010,8,no_cut/live,1,no_cut,EXACT_CLOSED,0,0.412587,True,True,True,dfaedf6d273c5c56,2.204695,BPC_TREE_OPTIMAL,no_cut,37c44c29594e0b8b0ba429e5dd3cf7422c07ae17222bb31e16e31e57030d5e63,0,,0.004532,12.641754,/home/kai/work/GAT_BPC_moonTerk/runs/native_live_sri_v1_p0_frozen_paired_promotion_20260722/raw/scale_005/instance_010_logical_graph/repeat_08/1_no_cut/attempt_01
s005:instance_010:r08:o2:live,5,instance_010,8,no_cut/live,2,live,EXACT_CLOSED,0,0.421767,True,True,True,dfaedf6d273c5c56,2.204695,BPC_TREE_OPTIMAL,P0,9f0e7c4f7e2cab50267e197d55a17950aeee35aad388e47448f24873a7e92ba1,0,,0.004402,12.650169,/home/kai/work/GAT_BPC_moonTerk/runs/native_live_sri_v1_p0_frozen_paired_promotion_20260722/raw/scale_005/instance_010_logical_graph/repeat_08/2_live/attempt_01
s005:instance_010:r09:o1:live,5,instance_010,9,live/no_cut,1,live,EXACT_CLOSED,0,0.428296,True,True,True,dfaedf6d273c5c56,2.204695,BPC_TREE_OPTIMAL,P0,9f0e7c4f7e2cab50267e197d55a17950aeee35aad388e47448f24873a7e92ba1,0,,0.004627,12.653584,/home/kai/work/GAT_BPC_moonTerk/runs/native_live_sri_v1_p0_frozen_paired_promotion_20260722/raw/scale_005/instance_010_logical_graph/repeat_09/1_live/attempt_01
s005:instance_010:r09:o2:no_cut,5,instance_010,9,live/no_cut,2,no_cut,EXACT_CLOSED,0,0.380957,True,True,True,dfaedf6d273c5c56,2.204695,BPC_TREE_OPTIMAL,no_cut,37c44c29594e0b8b0ba429e5dd3cf7422c07ae17222bb31e16e31e57030d5e63,0,,0.00449,12.650188,/home/kai/work/GAT_BPC_moonTerk/runs/native_live_sri_v1_p0_frozen_paired_promotion_20260722/raw/scale_005/instance_010_logical_graph/repeat_09/2_no_cut/attempt_01
s005:instance_010:r10:o1:no_cut,5,instance_010,10,no_cut/live,1,no_cut,EXACT_CLOSED,0,0.391318,True,True,True,dfaedf6d273c5c56,2.204695,BPC_TREE_OPTIMAL,no_cut,37c44c29594e0b8b0ba429e5dd3cf7422c07ae17222bb31e16e31e57030d5e63,0,,0.004536,12.648567,/home/kai/work/GAT_BPC_moonTerk/runs/native_live_sri_v1_p0_frozen_paired_promotion_20260722/raw/scale_005/instance_010_logical_graph/repeat_10/1_no_cut/attempt_01
s005:instance_010:r10:o2:live,5,instance_010,10,no_cut/live,2,live,EXACT_CLOSED,0,0.418788,True,True,True,dfaedf6d273c5c56,2.204695,BPC_TREE_OPTIMAL,P0,9f0e7c4f7e2cab50267e197d55a17950aeee35aad388e47448f24873a7e92ba1,0,,0.004555,12.648705,/home/kai/work/GAT_BPC_moonTerk/runs/native_live_sri_v1_p0_frozen_paired_promotion_20260722/raw/scale_005/instance_010_logical_graph/repeat_10/2_live/attempt_01
s005:instance_011:r01:o1:no_cut,5,instance_011,1,no_cut/live,1,no_cut,EXACT_CLOSED,0,0.378421,True,True,True,dfaedf6d273c5c56,2.087922,BPC_TREE_OPTIMAL,no_cut,37c44c29594e0b8b0ba429e5dd3cf7422c07ae17222bb31e16e31e57030d5e63,0,,0.004478,12.643314,/home/kai/work/GAT_BPC_moonTerk/runs/native_live_sri_v1_p0_frozen_paired_promotion_20260722/raw/scale_005/instance_011_logical_graph/repeat_01/1_no_cut/attempt_01
s005:instance_011:r01:o2:live,5,instance_011,1,no_cut/live,2,live,EXACT_CLOSED,0,0.373881,True,True,True,dfaedf6d273c5c56,2.087922,BPC_TREE_OPTIMAL,P0,9f0e7c4f7e2cab50267e197d55a17950aeee35aad388e47448f24873a7e92ba1,0,,0.005219,12.645615,/home/kai/work/GAT_BPC_moonTerk/runs/native_live_sri_v1_p0_frozen_paired_promotion_20260722/raw/scale_005/instance_011_logical_graph/repeat_01/2_live/attempt_01
s005:instance_011:r02:o1:live,5,instance_011,2,live/no_cut,1,live,EXACT_CLOSED,0,0.398944,True,True,True,dfaedf6d273c5c56,2.087922,BPC_TREE_OPTIMAL,P0,9f0e7c4f7e2cab50267e197d55a17950aeee35aad388e47448f24873a7e92ba1,0,,0.00457,12.64867,/home/kai/work/GAT_BPC_moonTerk/runs/native_live_sri_v1_p0_frozen_paired_promotion_20260722/raw/scale_005/instance_011_logical_graph/repeat_02/1_live/attempt_01
s005:instance_011:r02:o2:no_cut,5,instance_011,2,live/no_cut,2,no_cut,EXACT_CLOSED,0,0.368857,True,True,True,dfaedf6d273c5c56,2.087922,BPC_TREE_OPTIMAL,no_cut,37c44c29594e0b8b0ba429e5dd3cf7422c07ae17222bb31e16e31e57030d5e63,0,,0.00457,12.648521,/home/kai/work/GAT_BPC_moonTerk/runs/native_live_sri_v1_p0_frozen_paired_promotion_20260722/raw/scale_005/instance_011_logical_graph/repeat_02/2_no_cut/attempt_01
s005:instance_011:r03:o1:no_cut,5,instance_011,3,no_cut/live,1,no_cut,EXACT_CLOSED,0,0.382871,True,True,True,dfaedf6d273c5c56,2.087922,BPC_TREE_OPTIMAL,no_cut,37c44c29594e0b8b0ba429e5dd3cf7422c07ae17222bb31e16e31e57030d5e63,0,,0.00449,12.646973,/home/kai/work/GAT_BPC_moonTerk/runs/native_live_sri_v1_p0_frozen_paired_promotion_20260722/raw/scale_005/instance_011_logical_graph/repeat_03/1_no_cut/attempt_01
s005:instance_011:r03:o2:live,5,instance_011,3,no_cut/live,2,live,EXACT_CLOSED,0,0.400954,True,True,True,dfaedf6d273c5c56,2.087922,BPC_TREE_OPTIMAL,P0,9f0e7c4f7e2cab50267e197d55a17950aeee35aad388e47448f24873a7e92ba1,0,,0.004543,12.647305,/home/kai/work/GAT_BPC_moonTerk/runs/native_live_sri_v1_p0_frozen_paired_promotion_20260722/raw/scale_005/instance_011_logical_graph/repeat_03/2_live/attempt_01
s005:instance_011:r04:o1:live,5,instance_011,4,live/no_cut,1,live,EXACT_CLOSED,0,0.417,True,True,True,dfaedf6d273c5c56,2.087922,BPC_TREE_OPTIMAL,P0,9f0e7c4f7e2cab50267e197d55a17950aeee35aad388e47448f24873a7e92ba1,0,,0.004623,12.651051,/home/kai/work/GAT_BPC_moonTerk/runs/native_live_sri_v1_p0_frozen_paired_promotion_20260722/raw/scale_005/instance_011_logical_graph/repeat_04/1_live/attempt_01
s005:instance_011:r04:o2:no_cut,5,instance_011,4,live/no_cut,2,no_cut,EXACT_CLOSED,0,0.411511,True,True,True,dfaedf6d273c5c56,2.087922,BPC_TREE_OPTIMAL,no_cut,37c44c29594e0b8b0ba429e5dd3cf7422c07ae17222bb31e16e31e57030d5e63,0,,0.004654,12.640373,/home/kai/work/GAT_BPC_moonTerk/runs/native_live_sri_v1_p0_frozen_paired_promotion_20260722/raw/scale_005/instance_011_logical_graph/repeat_04/2_no_cut/attempt_01
s005:instance_011:r05:o1:no_cut,5,instance_011,5,no_cut/live,1,no_cut,EXACT_CLOSED,0,0.387256,True,True,True,dfaedf6d273c5c56,2.087922,BPC_TREE_OPTIMAL,no_cut,37c44c29594e0b8b0ba429e5dd3cf7422c07ae17222bb31e16e31e57030d5e63,0,,0.004372,12.647366,/home/kai/work/GAT_BPC_moonTerk/runs/native_live_sri_v1_p0_frozen_paired_promotion_20260722/raw/scale_005/instance_011_logical_graph/repeat_05/1_no_cut/attempt_01
s005:instance_011:r05:o2:live,5,instance_011,5,no_cut/live,2,live,EXACT_CLOSED,0,0.414368,True,True,True,dfaedf6d273c5c56,2.087922,BPC_TREE_OPTIMAL,P0,9f0e7c4f7e2cab50267e197d55a17950aeee35aad388e47448f24873a7e92ba1,0,,0.004547,12.646095,/home/kai/work/GAT_BPC_moonTerk/runs/native_live_sri_v1_p0_frozen_paired_promotion_20260722/raw/scale_005/instance_011_logical_graph/repeat_05/2_live/attempt_01
s005:instance_011:r06:o1:live,5,instance_011,6,live/no_cut,1,live,EXACT_CLOSED,0,0.411245,True,True,True,dfaedf6d273c5c56,2.087922,BPC_TREE_OPTIMAL,P0,9f0e7c4f7e2cab50267e197d55a17950aeee35aad388e47448f24873a7e92ba1,0,,0.004585,12.646957,/home/kai/work/GAT_BPC_moonTerk/runs/native_live_sri_v1_p0_frozen_paired_promotion_20260722/raw/scale_005/instance_011_logical_graph/repeat_06/1_live/attempt_01
s005:instance_011:r06:o2:no_cut,5,instance_011,6,live/no_cut,2,no_cut,EXACT_CLOSED,0,0.394058,True,True,True,dfaedf6d273c5c56,2.087922,BPC_TREE_OPTIMAL,no_cut,37c44c29594e0b8b0ba429e5dd3cf7422c07ae17222bb31e16e31e57030d5e63,0,,0.004368,12.645462,/home/kai/work/GAT_BPC_moonTerk/runs/native_live_sri_v1_p0_frozen_paired_promotion_20260722/raw/scale_005/instance_011_logical_graph/repeat_06/2_no_cut/attempt_01
s005:instance_011:r07:o1:no_cut,5,instance_011,7,no_cut/live,1,no_cut,EXACT_CLOSED,0,0.389845,True,True,True,dfaedf6d273c5c56,2.087922,BPC_TREE_OPTIMAL,no_cut,37c44c29594e0b8b0ba429e5dd3cf7422c07ae17222bb31e16e31e57030d5e63,0,,0.004379,12.646214,/home/kai/work/GAT_BPC_moonTerk/runs/native_live_sri_v1_p0_frozen_paired_promotion_20260722/raw/scale_005/instance_011_logical_graph/repeat_07/1_no_cut/attempt_01
s005:instance_011:r07:o2:live,5,instance_011,7,no_cut/live,2,live,EXACT_CLOSED,0,0.408825,True,True,True,dfaedf6d273c5c56,2.087922,BPC_TREE_OPTIMAL,P0,9f0e7c4f7e2cab50267e197d55a17950aeee35aad388e47448f24873a7e92ba1,0,,0.004391,12.646584,/home/kai/work/GAT_BPC_moonTerk/runs/native_live_sri_v1_p0_frozen_paired_promotion_20260722/raw/scale_005/instance_011_logical_graph/repeat_07/2_live/attempt_01
s005:instance_011:r08:o1:live,5,instance_011,8,live/no_cut,1,live,EXACT_CLOSED,0,0.399235,True,True,True,dfaedf6d273c5c56,2.087922,BPC_TREE_OPTIMAL,P0,9f0e7c4f7e2cab50267e197d55a17950aeee35aad388e47448f24873a7e92ba1,0,,0.004402,12.648949,/home/kai/work/GAT_BPC_moonTerk/runs/native_live_sri_v1_p0_frozen_paired_promotion_20260722/raw/scale_005/instance_011_logical_graph/repeat_08/1_live/attempt_01
s005:instance_011:r08:o2:no_cut,5,instance_011,8,live/no_cut,2,no_cut,EXACT_CLOSED,0,0.385062,True,True,True,dfaedf6d273c5c56,2.087922,BPC_TREE_OPTIMAL,no_cut,37c44c29594e0b8b0ba429e5dd3cf7422c07ae17222bb31e16e31e57030d5e63,0,,0.004387,12.643799,/home/kai/work/GAT_BPC_moonTerk/runs/native_live_sri_v1_p0_frozen_paired_promotion_20260722/raw/scale_005/instance_011_logical_graph/repeat_08/2_no_cut/attempt_01
s005:instance_011:r09:o1:no_cut,5,instance_011,9,no_cut/live,1,no_cut,EXACT_CLOSED,0,0.390413,True,True,True,dfaedf6d273c5c56,2.087922,BPC_TREE_OPTIMAL,no_cut,37c44c29594e0b8b0ba429e5dd3cf7422c07ae17222bb31e16e31e57030d5e63,0,,0.004417,12.649265,/home/kai/work/GAT_BPC_moonTerk/runs/native_live_sri_v1_p0_frozen_paired_promotion_20260722/raw/scale_005/instance_011_logical_graph/repeat_09/1_no_cut/attempt_01
s005:instance_011:r09:o2:live,5,instance_011,9,no_cut/live,2,live,EXACT_CLOSED,0,0.404299,True,True,True,dfaedf6d273c5c56,2.087922,BPC_TREE_OPTIMAL,P0,9f0e7c4f7e2cab50267e197d55a17950aeee35aad388e47448f24873a7e92ba1,0,,0.004337,12.648426,/home/kai/work/GAT_BPC_moonTerk/runs/native_live_sri_v1_p0_frozen_paired_promotion_20260722/raw/scale_005/instance_011_logical_graph/repeat_09/2_live/attempt_01
s005:instance_011:r10:o1:live,5,instance_011,10,live/no_cut,1,live,EXACT_CLOSED,0,0.397211,True,True,True,dfaedf6d273c5c56,2.087922,BPC_TREE_OPTIMAL,P0,9f0e7c4f7e2cab50267e197d55a17950aeee35aad388e47448f24873a7e92ba1,0,,0.004368,12.650696,/home/kai/work/GAT_BPC_moonTerk/runs/native_live_sri_v1_p0_frozen_paired_promotion_20260722/raw/scale_005/instance_011_logical_graph/repeat_10/1_live/attempt_01
s005:instance_011:r10:o2:no_cut,5,instance_011,10,live/no_cut,2,no_cut,EXACT_CLOSED,0,0.399007,True,True,True,dfaedf6d273c5c56,2.087922,BPC_TREE_OPTIMAL,no_cut,37c44c29594e0b8b0ba429e5dd3cf7422c07ae17222bb31e16e31e57030d5e63,0,,0.004452,12.649399,/home/kai/work/GAT_BPC_moonTerk/runs/native_live_sri_v1_p0_frozen_paired_promotion_20260722/raw/scale_005/instance_011_logical_graph/repeat_10/2_no_cut/attempt_01
s005:instance_012:r01:o1:live,5,instance_012,1,live/no_cut,1,live,EXACT_CLOSED,0,0.408724,True,True,True,dfaedf6d273c5c56,2.195034,BPC_TREE_OPTIMAL,P0,9f0e7c4f7e2cab50267e197d55a17950aeee35aad388e47448f24873a7e92ba1,0,,0.004364,12.651348,/home/kai/work/GAT_BPC_moonTerk/runs/native_live_sri_v1_p0_frozen_paired_promotion_20260722/raw/scale_005/instance_012_logical_graph/repeat_01/1_live/attempt_01
s005:instance_012:r01:o2:no_cut,5,instance_012,1,live/no_cut,2,no_cut,EXACT_CLOSED,0,0.411861,True,True,True,dfaedf6d273c5c56,2.195034,BPC_TREE_OPTIMAL,no_cut,37c44c29594e0b8b0ba429e5dd3cf7422c07ae17222bb31e16e31e57030d5e63,0,,0.004421,12.653732,/home/kai/work/GAT_BPC_moonTerk/runs/native_live_sri_v1_p0_frozen_paired_promotion_20260722/raw/scale_005/instance_012_logical_graph/repeat_01/2_no_cut/attempt_01
s005:instance_012:r02:o1:no_cut,5,instance_012,2,no_cut/live,1,no_cut,EXACT_CLOSED,0,0.407484,True,True,True,dfaedf6d273c5c56,2.195034,BPC_TREE_OPTIMAL,no_cut,37c44c29594e0b8b0ba429e5dd3cf7422c07ae17222bb31e16e31e57030d5e63,0,,0.004669,12.65213,/home/kai/work/GAT_BPC_moonTerk/runs/native_live_sri_v1_p0_frozen_paired_promotion_20260722/raw/scale_005/instance_012_logical_graph/repeat_02/1_no_cut/attempt_01
s005:instance_012:r02:o2:live,5,instance_012,2,no_cut/live,2,live,EXACT_CLOSED,0,0.403386,True,True,True,dfaedf6d273c5c56,2.195034,BPC_TREE_OPTIMAL,P0,9f0e7c4f7e2cab50267e197d55a17950aeee35aad388e47448f24873a7e92ba1,0,,0.004303,12.647861,/home/kai/work/GAT_BPC_moonTerk/runs/native_live_sri_v1_p0_frozen_paired_promotion_20260722/raw/scale_005/instance_012_logical_graph/repeat_02/2_live/attempt_01
s005:instance_012:r03:o1:live,5,instance_012,3,live/no_cut,1,live,EXACT_CLOSED,0,0.386666,True,True,True,dfaedf6d273c5c56,2.195034,BPC_TREE_OPTIMAL,P0,9f0e7c4f7e2cab50267e197d55a17950aeee35aad388e47448f24873a7e92ba1,0,,0.004475,12.646351,/home/kai/work/GAT_BPC_moonTerk/runs/native_live_sri_v1_p0_frozen_paired_promotion_20260722/raw/scale_005/instance_012_logical_graph/repeat_03/1_live/attempt_01
s005:instance_012:r03:o2:no_cut,5,instance_012,3,live/no_cut,2,no_cut,EXACT_CLOSED,0,0.399171,True,True,True,dfaedf6d273c5c56,2.195034,BPC_TREE_OPTIMAL,no_cut,37c44c29594e0b8b0ba429e5dd3cf7422c07ae17222bb31e16e31e57030d5e63,0,,0.004375,12.652393,/home/kai/work/GAT_BPC_moonTerk/runs/native_live_sri_v1_p0_frozen_paired_promotion_20260722/raw/scale_005/instance_012_logical_graph/repeat_03/2_no_cut/attempt_01
s005:instance_012:r04:o1:no_cut,5,instance_012,4,no_cut/live,1,no_cut,EXACT_CLOSED,0,0.380672,True,True,True,dfaedf6d273c5c56,2.195034,BPC_TREE_OPTIMAL,no_cut,37c44c29594e0b8b0ba429e5dd3cf7422c07ae17222bb31e16e31e57030d5e63,0,,0.004417,12.659344,/home/kai/work/GAT_BPC_moonTerk/runs/native_live_sri_v1_p0_frozen_paired_promotion_20260722/raw/scale_005/instance_012_logical_graph/repeat_04/1_no_cut/attempt_01
s005:instance_012:r04:o2:live,5,instance_012,4,no_cut/live,2,live,EXACT_CLOSED,0,0.422422,True,True,True,dfaedf6d273c5c56,2.195034,BPC_TREE_OPTIMAL,P0,9f0e7c4f7e2cab50267e197d55a17950aeee35aad388e47448f24873a7e92ba1,0,,0.004753,12.64941,/home/kai/work/GAT_BPC_moonTerk/runs/native_live_sri_v1_p0_frozen_paired_promotion_20260722/raw/scale_005/instance_012_logical_graph/repeat_04/2_live/attempt_01
s005:instance_012:r05:o1:live,5,instance_012,5,live/no_cut,1,live,EXACT_CLOSED,0,0.391167,True,True,True,dfaedf6d273c5c56,2.195034,BPC_TREE_OPTIMAL,P0,9f0e7c4f7e2cab50267e197d55a17950aeee35aad388e47448f24873a7e92ba1,0,,0.004604,12.644035,/home/kai/work/GAT_BPC_moonTerk/runs/native_live_sri_v1_p0_frozen_paired_promotion_20260722/raw/scale_005/instance_012_logical_graph/repeat_05/1_live/attempt_01
s005:instance_012:r05:o2:no_cut,5,instance_012,5,live/no_cut,2,no_cut,EXACT_CLOSED,0,0.40071,True,True,True,dfaedf6d273c5c56,2.195034,BPC_TREE_OPTIMAL,no_cut,37c44c29594e0b8b0ba429e5dd3cf7422c07ae17222bb31e16e31e57030d5e63,0,,0.004494,12.649586,/home/kai/work/GAT_BPC_moonTerk/runs/native_live_sri_v1_p0_frozen_paired_promotion_20260722/raw/scale_005/instance_012_logical_graph/repeat_05/2_no_cut/attempt_01
s005:instance_012:r06:o1:no_cut,5,instance_012,6,no_cut/live,1,no_cut,EXACT_CLOSED,0,0.411169,True,True,True,dfaedf6d273c5c56,2.195034,BPC_TREE_OPTIMAL,no_cut,37c44c29594e0b8b0ba429e5dd3cf7422c07ae17222bb31e16e31e57030d5e63,0,,0.004452,12.653934,/home/kai/work/GAT_BPC_moonTerk/runs/native_live_sri_v1_p0_frozen_paired_promotion_20260722/raw/scale_005/instance_012_logical_graph/repeat_06/1_no_cut/attempt_01
s005:instance_012:r06:o2:live,5,instance_012,6,no_cut/live,2,live,EXACT_CLOSED,0,0.433058,True,True,True,dfaedf6d273c5c56,2.195034,BPC_TREE_OPTIMAL,P0,9f0e7c4f7e2cab50267e197d55a17950aeee35aad388e47448f24873a7e92ba1,0,,0.004604,12.645714,/home/kai/work/GAT_BPC_moonTerk/runs/native_live_sri_v1_p0_frozen_paired_promotion_20260722/raw/scale_005/instance_012_logical_graph/repeat_06/2_live/attempt_01
s005:instance_012:r07:o1:live,5,instance_012,7,live/no_cut,1,live,EXACT_CLOSED,0,0.410387,True,True,True,dfaedf6d273c5c56,2.195034,BPC_TREE_OPTIMAL,P0,9f0e7c4f7e2cab50267e197d55a17950aeee35aad388e47448f24873a7e92ba1,0,,0.004417,12.651402,/home/kai/work/GAT_BPC_moonTerk/runs/native_live_sri_v1_p0_frozen_paired_promotion_20260722/raw/scale_005/instance_012_logical_graph/repeat_07/1_live/attempt_01
s005:instance_012:r07:o2:no_cut,5,instance_012,7,live/no_cut,2,no_cut,EXACT_CLOSED,0,0.397816,True,True,True,dfaedf6d273c5c56,2.195034,BPC_TREE_OPTIMAL,no_cut,37c44c29594e0b8b0ba429e5dd3cf7422c07ae17222bb31e16e31e57030d5e63,0,,0.004616,12.656311,/home/kai/work/GAT_BPC_moonTerk/runs/native_live_sri_v1_p0_frozen_paired_promotion_20260722/raw/scale_005/instance_012_logical_graph/repeat_07/2_no_cut/attempt_01
s005:instance_012:r08:o1:no_cut,5,instance_012,8,no_cut/live,1,no_cut,EXACT_CLOSED,0,0.425121,True,True,True,dfaedf6d273c5c56,2.195034,BPC_TREE_OPTIMAL,no_cut,37c44c29594e0b8b0ba429e5dd3cf7422c07ae17222bb31e16e31e57030d5e63,0,,0.004292,12.651295,/home/kai/work/GAT_BPC_moonTerk/runs/native_live_sri_v1_p0_frozen_paired_promotion_20260722/raw/scale_005/instance_012_logical_graph/repeat_08/1_no_cut/attempt_01
s005:instance_012:r08:o2:live,5,instance_012,8,no_cut/live,2,live,EXACT_CLOSED,0,0.41719,True,True,True,dfaedf6d273c5c56,2.195034,BPC_TREE_OPTIMAL,P0,9f0e7c4f7e2cab50267e197d55a17950aeee35aad388e47448f24873a7e92ba1,0,,0.004414,12.650208,/home/kai/work/GAT_BPC_moonTerk/runs/native_live_sri_v1_p0_frozen_paired_promotion_20260722/raw/scale_005/instance_012_logical_graph/repeat_08/2_live/attempt_01
s005:instance_012:r09:o1:live,5,instance_012,9,live/no_cut,1,live,EXACT_CLOSED,0,0.394714,True,True,True,dfaedf6d273c5c56,2.195034,BPC_TREE_OPTIMAL,P0,9f0e7c4f7e2cab50267e197d55a17950aeee35aad388e47448f24873a7e92ba1,0,,0.004555,12.650669,/home/kai/work/GAT_BPC_moonTerk/runs/native_live_sri_v1_p0_frozen_paired_promotion_20260722/raw/scale_005/instance_012_logical_graph/repeat_09/1_live/attempt_01
s005:instance_012:r09:o2:no_cut,5,instance_012,9,live/no_cut,2,no_cut,EXACT_CLOSED,0,0.405307,True,True,True,dfaedf6d273c5c56,2.195034,BPC_TREE_OPTIMAL,no_cut,37c44c29594e0b8b0ba429e5dd3cf7422c07ae17222bb31e16e31e57030d5e63,0,,0.004578,12.653416,/home/kai/work/GAT_BPC_moonTerk/runs/native_live_sri_v1_p0_frozen_paired_promotion_20260722/raw/scale_005/instance_012_logical_graph/repeat_09/2_no_cut/attempt_01
s005:instance_012:r10:o1:no_cut,5,instance_012,10,no_cut/live,1,no_cut,EXACT_CLOSED,0,0.386638,True,True,True,dfaedf6d273c5c56,2.195034,BPC_TREE_OPTIMAL,no_cut,37c44c29594e0b8b0ba429e5dd3cf7422c07ae17222bb31e16e31e57030d5e63,0,,0.00457,12.650536,/home/kai/work/GAT_BPC_moonTerk/runs/native_live_sri_v1_p0_frozen_paired_promotion_20260722/raw/scale_005/instance_012_logical_graph/repeat_10/1_no_cut/attempt_01
s005:instance_012:r10:o2:live,5,instance_012,10,no_cut/live,2,live,EXACT_CLOSED,0,0.401618,True,True,True,dfaedf6d273c5c56,2.195034,BPC_TREE_OPTIMAL,P0,9f0e7c4f7e2cab50267e197d55a17950aeee35aad388e47448f24873a7e92ba1,0,,0.004566,12.652515,/home/kai/work/GAT_BPC_moonTerk/runs/native_live_sri_v1_p0_frozen_paired_promotion_20260722/raw/scale_005/instance_012_logical_graph/repeat_10/2_live/attempt_01
s005:instance_013:r01:o1:no_cut,5,instance_013,1,no_cut/live,1,no_cut,EXACT_CLOSED,0,0.413956,True,True,True,dfaedf6d273c5c56,2.231707,BPC_TREE_OPTIMAL,no_cut,37c44c29594e0b8b0ba429e5dd3cf7422c07ae17222bb31e16e31e57030d5e63,0,,0.004528,12.648178,/home/kai/work/GAT_BPC_moonTerk/runs/native_live_sri_v1_p0_frozen_paired_promotion_20260722/raw/scale_005/instance_013_logical_graph/repeat_01/1_no_cut/attempt_01
s005:instance_013:r01:o2:live,5,instance_013,1,no_cut/live,2,live,EXACT_CLOSED,0,0.390222,True,True,True,dfaedf6d273c5c56,2.231707,BPC_TREE_OPTIMAL,P0,9f0e7c4f7e2cab50267e197d55a17950aeee35aad388e47448f24873a7e92ba1,0,,0.004456,12.653614,/home/kai/work/GAT_BPC_moonTerk/runs/native_live_sri_v1_p0_frozen_paired_promotion_20260722/raw/scale_005/instance_013_logical_graph/repeat_01/2_live/attempt_01
s005:instance_013:r02:o1:live,5,instance_013,2,live/no_cut,1,live,EXACT_CLOSED,0,0.384929,True,True,True,dfaedf6d273c5c56,2.231707,BPC_TREE_OPTIMAL,P0,9f0e7c4f7e2cab50267e197d55a17950aeee35aad388e47448f24873a7e92ba1,0,,0.00441,12.650654,/home/kai/work/GAT_BPC_moonTerk/runs/native_live_sri_v1_p0_frozen_paired_promotion_20260722/raw/scale_005/instance_013_logical_graph/repeat_02/1_live/attempt_01
s005:instance_013:r02:o2:no_cut,5,instance_013,2,live/no_cut,2,no_cut,EXACT_CLOSED,0,0.400529,True,True,True,dfaedf6d273c5c56,2.231707,BPC_TREE_OPTIMAL,no_cut,37c44c29594e0b8b0ba429e5dd3cf7422c07ae17222bb31e16e31e57030d5e63,0,,0.004498,12.648106,/home/kai/work/GAT_BPC_moonTerk/runs/native_live_sri_v1_p0_frozen_paired_promotion_20260722/raw/scale_005/instance_013_logical_graph/repeat_02/2_no_cut/attempt_01
s005:instance_013:r03:o1:no_cut,5,instance_013,3,no_cut/live,1,no_cut,EXACT_CLOSED,0,0.424711,True,True,True,dfaedf6d273c5c56,2.231707,BPC_TREE_OPTIMAL,no_cut,37c44c29594e0b8b0ba429e5dd3cf7422c07ae17222bb31e16e31e57030d5e63,0,,0.004543,12.649658,/home/kai/work/GAT_BPC_moonTerk/runs/native_live_sri_v1_p0_frozen_paired_promotion_20260722/raw/scale_005/instance_013_logical_graph/repeat_03/1_no_cut/attempt_01
s005:instance_013:r03:o2:live,5,instance_013,3,no_cut/live,2,live,EXACT_CLOSED,0,0.392147,True,True,True,dfaedf6d273c5c56,2.231707,BPC_TREE_OPTIMAL,P0,9f0e7c4f7e2cab50267e197d55a17950aeee35aad388e47448f24873a7e92ba1,0,,0.004265,12.657124,/home/kai/work/GAT_BPC_moonTerk/runs/native_live_sri_v1_p0_frozen_paired_promotion_20260722/raw/scale_005/instance_013_logical_graph/repeat_03/2_live/attempt_01
s005:instance_013:r04:o1:live,5,instance_013,4,live/no_cut,1,live,EXACT_CLOSED,0,0.420095,True,True,True,dfaedf6d273c5c56,2.231707,BPC_TREE_OPTIMAL,P0,9f0e7c4f7e2cab50267e197d55a17950aeee35aad388e47448f24873a7e92ba1,0,,0.004532,12.648479,/home/kai/work/GAT_BPC_moonTerk/runs/native_live_sri_v1_p0_frozen_paired_promotion_20260722/raw/scale_005/instance_013_logical_graph/repeat_04/1_live/attempt_01
s005:instance_013:r04:o2:no_cut,5,instance_013,4,live/no_cut,2,no_cut,EXACT_CLOSED,0,0.395849,True,True,True,dfaedf6d273c5c56,2.231707,BPC_TREE_OPTIMAL,no_cut,37c44c29594e0b8b0ba429e5dd3cf7422c07ae17222bb31e16e31e57030d5e63,0,,0.004673,12.65353,/home/kai/work/GAT_BPC_moonTerk/runs/native_live_sri_v1_p0_frozen_paired_promotion_20260722/raw/scale_005/instance_013_logical_graph/repeat_04/2_no_cut/attempt_01
s005:instance_013:r05:o1:no_cut,5,instance_013,5,no_cut/live,1,no_cut,EXACT_CLOSED,0,0.372305,True,True,True,dfaedf6d273c5c56,2.231707,BPC_TREE_OPTIMAL,no_cut,37c44c29594e0b8b0ba429e5dd3cf7422c07ae17222bb31e16e31e57030d5e63,0,,0.004662,12.651115,/home/kai/work/GAT_BPC_moonTerk/runs/native_live_sri_v1_p0_frozen_paired_promotion_20260722/raw/scale_005/instance_013_logical_graph/repeat_05/1_no_cut/attempt_01
s005:instance_013:r05:o2:live,5,instance_013,5,no_cut/live,2,live,EXACT_CLOSED,0,0.391237,True,True,True,dfaedf6d273c5c56,2.231707,BPC_TREE_OPTIMAL,P0,9f0e7c4f7e2cab50267e197d55a17950aeee35aad388e47448f24873a7e92ba1,0,,0.00462,12.649612,/home/kai/work/GAT_BPC_moonTerk/runs/native_live_sri_v1_p0_frozen_paired_promotion_20260722/raw/scale_005/instance_013_logical_graph/repeat_05/2_live/attempt_01
s005:instance_013:r06:o1:live,5,instance_013,6,live/no_cut,1,live,EXACT_CLOSED,0,0.381779,True,True,True,dfaedf6d273c5c56,2.231707,BPC_TREE_OPTIMAL,P0,9f0e7c4f7e2cab50267e197d55a17950aeee35aad388e47448f24873a7e92ba1,0,,0.004456,12.649864,/home/kai/work/GAT_BPC_moonTerk/runs/native_live_sri_v1_p0_frozen_paired_promotion_20260722/raw/scale_005/instance_013_logical_graph/repeat_06/1_live/attempt_01
s005:instance_013:r06:o2:no_cut,5,instance_013,6,live/no_cut,2,no_cut,EXACT_CLOSED,0,0.379244,True,True,True,dfaedf6d273c5c56,2.231707,BPC_TREE_OPTIMAL,no_cut,37c44c29594e0b8b0ba429e5dd3cf7422c07ae17222bb31e16e31e57030d5e63,0,,0.00444,12.655102,/home/kai/work/GAT_BPC_moonTerk/runs/native_live_sri_v1_p0_frozen_paired_promotion_20260722/raw/scale_005/instance_013_logical_graph/repeat_06/2_no_cut/attempt_01
s005:instance_013:r07:o1:no_cut,5,instance_013,7,no_cut/live,1,no_cut,EXACT_CLOSED,0,0.388904,True,True,True,dfaedf6d273c5c56,2.231707,BPC_TREE_OPTIMAL,no_cut,37c44c29594e0b8b0ba429e5dd3cf7422c07ae17222bb31e16e31e57030d5e63,0,,0.004547,12.644039,/home/kai/work/GAT_BPC_moonTerk/runs/native_live_sri_v1_p0_frozen_paired_promotion_20260722/raw/scale_005/instance_013_logical_graph/repeat_07/1_no_cut/attempt_01
s005:instance_013:r07:o2:live,5,instance_013,7,no_cut/live,2,live,EXACT_CLOSED,0,0.393145,True,True,True,dfaedf6d273c5c56,2.231707,BPC_TREE_OPTIMAL,P0,9f0e7c4f7e2cab50267e197d55a17950aeee35aad388e47448f24873a7e92ba1,0,,0.004845,12.650654,/home/kai/work/GAT_BPC_moonTerk/runs/native_live_sri_v1_p0_frozen_paired_promotion_20260722/raw/scale_005/instance_013_logical_graph/repeat_07/2_live/attempt_01
s005:instance_013:r08:o1:live,5,instance_013,8,live/no_cut,1,live,EXACT_CLOSED,0,0.397398,True,True,True,dfaedf6d273c5c56,2.231707,BPC_TREE_OPTIMAL,P0,9f0e7c4f7e2cab50267e197d55a17950aeee35aad388e47448f24873a7e92ba1,0,,0.004517,12.649139,/home/kai/work/GAT_BPC_moonTerk/runs/native_live_sri_v1_p0_frozen_paired_promotion_20260722/raw/scale_005/instance_013_logical_graph/repeat_08/1_live/attempt_01
s005:instance_013:r08:o2:no_cut,5,instance_013,8,live/no_cut,2,no_cut,EXACT_CLOSED,0,0.392175,True,True,True,dfaedf6d273c5c56,2.231707,BPC_TREE_OPTIMAL,no_cut,37c44c29594e0b8b0ba429e5dd3cf7422c07ae17222bb31e16e31e57030d5e63,0,,0.004604,12.657787,/home/kai/work/GAT_BPC_moonTerk/runs/native_live_sri_v1_p0_frozen_paired_promotion_20260722/raw/scale_005/instance_013_logical_graph/repeat_08/2_no_cut/attempt_01
s005:instance_013:r09:o1:no_cut,5,instance_013,9,no_cut/live,1,no_cut,EXACT_CLOSED,0,0.40585,True,True,True,dfaedf6d273c5c56,2.231707,BPC_TREE_OPTIMAL,no_cut,37c44c29594e0b8b0ba429e5dd3cf7422c07ae17222bb31e16e31e57030d5e63,0,,0.004387,12.655453,/home/kai/work/GAT_BPC_moonTerk/runs/native_live_sri_v1_p0_frozen_paired_promotion_20260722/raw/scale_005/instance_013_logical_graph/repeat_09/1_no_cut/attempt_01
s005:instance_013:r09:o2:live,5,instance_013,9,no_cut/live,2,live,EXACT_CLOSED,0,0.367385,True,True,True,dfaedf6d273c5c56,2.231707,BPC_TREE_OPTIMAL,P0,9f0e7c4f7e2cab50267e197d55a17950aeee35aad388e47448f24873a7e92ba1,0,,0.004841,12.646542,/home/kai/work/GAT_BPC_moonTerk/runs/native_live_sri_v1_p0_frozen_paired_promotion_20260722/raw/scale_005/instance_013_logical_graph/repeat_09/2_live/attempt_01
s005:instance_013:r10:o1:live,5,instance_013,10,live/no_cut,1,live,EXACT_CLOSED,0,0.376496,True,True,True,dfaedf6d273c5c56,2.231707,BPC_TREE_OPTIMAL,P0,9f0e7c4f7e2cab50267e197d55a17950aeee35aad388e47448f24873a7e92ba1,0,,0.004395,12.649704,/home/kai/work/GAT_BPC_moonTerk/runs/native_live_sri_v1_p0_frozen_paired_promotion_20260722/raw/scale_005/instance_013_logical_graph/repeat_10/1_live/attempt_01
s005:instance_013:r10:o2:no_cut,5,instance_013,10,live/no_cut,2,no_cut,EXACT_CLOSED,0,0.403073,True,True,True,dfaedf6d273c5c56,2.231707,BPC_TREE_OPTIMAL,no_cut,37c44c29594e0b8b0ba429e5dd3cf7422c07ae17222bb31e16e31e57030d5e63,0,,0.004482,12.645649,/home/kai/work/GAT_BPC_moonTerk/runs/native_live_sri_v1_p0_frozen_paired_promotion_20260722/raw/scale_005/instance_013_logical_graph/repeat_10/2_no_cut/attempt_01
s005:instance_014:r01:o1:live,5,instance_014,1,live/no_cut,1,live,EXACT_CLOSED,0,0.40203,True,True,True,dfaedf6d273c5c56,2.117254,BPC_TREE_OPTIMAL,P0,9f0e7c4f7e2cab50267e197d55a17950aeee35aad388e47448f24873a7e92ba1,0,,0.004505,12.647907,/home/kai/work/GAT_BPC_moonTerk/runs/native_live_sri_v1_p0_frozen_paired_promotion_20260722/raw/scale_005/instance_014_logical_graph/repeat_01/1_live/attempt_01
s005:instance_014:r01:o2:no_cut,5,instance_014,1,live/no_cut,2,no_cut,EXACT_CLOSED,0,0.391433,True,True,True,dfaedf6d273c5c56,2.117254,BPC_TREE_OPTIMAL,no_cut,37c44c29594e0b8b0ba429e5dd3cf7422c07ae17222bb31e16e31e57030d5e63,0,,0.004612,12.647026,/home/kai/work/GAT_BPC_moonTerk/runs/native_live_sri_v1_p0_frozen_paired_promotion_20260722/raw/scale_005/instance_014_logical_graph/repeat_01/2_no_cut/attempt_01
s005:instance_014:r02:o1:no_cut,5,instance_014,2,no_cut/live,1,no_cut,EXACT_CLOSED,0,0.397491,True,True,True,dfaedf6d273c5c56,2.117254,BPC_TREE_OPTIMAL,no_cut,37c44c29594e0b8b0ba429e5dd3cf7422c07ae17222bb31e16e31e57030d5e63,0,,0.004452,12.646297,/home/kai/work/GAT_BPC_moonTerk/runs/native_live_sri_v1_p0_frozen_paired_promotion_20260722/raw/scale_005/instance_014_logical_graph/repeat_02/1_no_cut/attempt_01
s005:instance_014:r02:o2:live,5,instance_014,2,no_cut/live,2,live,EXACT_CLOSED,0,0.400614,True,True,True,dfaedf6d273c5c56,2.117254,BPC_TREE_OPTIMAL,P0,9f0e7c4f7e2cab50267e197d55a17950aeee35aad388e47448f24873a7e92ba1,0,,0.004799,12.644382,/home/kai/work/GAT_BPC_moonTerk/runs/native_live_sri_v1_p0_frozen_paired_promotion_20260722/raw/scale_005/instance_014_logical_graph/repeat_02/2_live/attempt_01
s005:instance_014:r03:o1:live,5,instance_014,3,live/no_cut,1,live,EXACT_CLOSED,0,0.408943,True,True,True,dfaedf6d273c5c56,2.117254,BPC_TREE_OPTIMAL,P0,9f0e7c4f7e2cab50267e197d55a17950aeee35aad388e47448f24873a7e92ba1,0,,0.004501,12.65118,/home/kai/work/GAT_BPC_moonTerk/runs/native_live_sri_v1_p0_frozen_paired_promotion_20260722/raw/scale_005/instance_014_logical_graph/repeat_03/1_live/attempt_01
s005:instance_014:r03:o2:no_cut,5,instance_014,3,live/no_cut,2,no_cut,EXACT_CLOSED,0,0.398484,True,True,True,dfaedf6d273c5c56,2.117254,BPC_TREE_OPTIMAL,no_cut,37c44c29594e0b8b0ba429e5dd3cf7422c07ae17222bb31e16e31e57030d5e63,0,,0.004601,12.649677,/home/kai/work/GAT_BPC_moonTerk/runs/native_live_sri_v1_p0_frozen_paired_promotion_20260722/raw/scale_005/instance_014_logical_graph/repeat_03/2_no_cut/attempt_01
s005:instance_014:r04:o1:no_cut,5,instance_014,4,no_cut/live,1,no_cut,EXACT_CLOSED,0,0.393007,True,True,True,dfaedf6d273c5c56,2.117254,BPC_TREE_OPTIMAL,no_cut,37c44c29594e0b8b0ba429e5dd3cf7422c07ae17222bb31e16e31e57030d5e63,0,,0.004543,12.6492,/home/kai/work/GAT_BPC_moonTerk/runs/native_live_sri_v1_p0_frozen_paired_promotion_20260722/raw/scale_005/instance_014_logical_graph/repeat_04/1_no_cut/attempt_01
s005:instance_014:r04:o2:live,5,instance_014,4,no_cut/live,2,live,EXACT_CLOSED,0,0.384675,True,True,True,dfaedf6d273c5c56,2.117254,BPC_TREE_OPTIMAL,P0,9f0e7c4f7e2cab50267e197d55a17950aeee35aad388e47448f24873a7e92ba1,0,,0.004295,12.645851,/home/kai/work/GAT_BPC_moonTerk/runs/native_live_sri_v1_p0_frozen_paired_promotion_20260722/raw/scale_005/instance_014_logical_graph/repeat_04/2_live/attempt_01
s005:instance_014:r05:o1:live,5,instance_014,5,live/no_cut,1,live,EXACT_CLOSED,0,0.400742,True,True,True,dfaedf6d273c5c56,2.117254,BPC_TREE_OPTIMAL,P0,9f0e7c4f7e2cab50267e197d55a17950aeee35aad388e47448f24873a7e92ba1,0,,0.004475,12.639629,/home/kai/work/GAT_BPC_moonTerk/runs/native_live_sri_v1_p0_frozen_paired_promotion_20260722/raw/scale_005/instance_014_logical_graph/repeat_05/1_live/attempt_01
s005:instance_014:r05:o2:no_cut,5,instance_014,5,live/no_cut,2,no_cut,EXACT_CLOSED,0,0.404632,True,True,True,dfaedf6d273c5c56,2.117254,BPC_TREE_OPTIMAL,no_cut,37c44c29594e0b8b0ba429e5dd3cf7422c07ae17222bb31e16e31e57030d5e63,0,,0.004509,12.646263,/home/kai/work/GAT_BPC_moonTerk/runs/native_live_sri_v1_p0_frozen_paired_promotion_20260722/raw/scale_005/instance_014_logical_graph/repeat_05/2_no_cut/attempt_01
s005:instance_014:r06:o1:no_cut,5,instance_014,6,no_cut/live,1,no_cut,EXACT_CLOSED,0,0.39478,True,True,True,dfaedf6d273c5c56,2.117254,BPC_TREE_OPTIMAL,no_cut,37c44c29594e0b8b0ba429e5dd3cf7422c07ae17222bb31e16e31e57030d5e63,0,,0.004463,12.649727,/home/kai/work/GAT_BPC_moonTerk/runs/native_live_sri_v1_p0_frozen_paired_promotion_20260722/raw/scale_005/instance_014_logical_graph/repeat_06/1_no_cut/attempt_01
s005:instance_014:r06:o2:live,5,instance_014,6,no_cut/live,2,live,EXACT_CLOSED,0,0.420326,True,True,True,dfaedf6d273c5c56,2.117254,BPC_TREE_OPTIMAL,P0,9f0e7c4f7e2cab50267e197d55a17950aeee35aad388e47448f24873a7e92ba1,0,,0.004654,12.644436,/home/kai/work/GAT_BPC_moonTerk/runs/native_live_sri_v1_p0_frozen_paired_promotion_20260722/raw/scale_005/instance_014_logical_graph/repeat_06/2_live/attempt_01
s005:instance_014:r07:o1:live,5,instance_014,7,live/no_cut,1,live,EXACT_CLOSED,0,0.375233,True,True,True,dfaedf6d273c5c56,2.117254,BPC_TREE_OPTIMAL,P0,9f0e7c4f7e2cab50267e197d55a17950aeee35aad388e47448f24873a7e92ba1,0,,0.004459,12.648914,/home/kai/work/GAT_BPC_moonTerk/runs/native_live_sri_v1_p0_frozen_paired_promotion_20260722/raw/scale_005/instance_014_logical_graph/repeat_07/1_live/attempt_01
s005:instance_014:r07:o2:no_cut,5,instance_014,7,live/no_cut,2,no_cut,EXACT_CLOSED,0,0.38669,True,True,True,dfaedf6d273c5c56,2.117254,BPC_TREE_OPTIMAL,no_cut,37c44c29594e0b8b0ba429e5dd3cf7422c07ae17222bb31e16e31e57030d5e63,0,,0.004612,12.642693,/home/kai/work/GAT_BPC_moonTerk/runs/native_live_sri_v1_p0_frozen_paired_promotion_20260722/raw/scale_005/instance_014_logical_graph/repeat_07/2_no_cut/attempt_01
s005:instance_014:r08:o1:no_cut,5,instance_014,8,no_cut/live,1,no_cut,EXACT_CLOSED,0,0.382913,True,True,True,dfaedf6d273c5c56,2.117254,BPC_TREE_OPTIMAL,no_cut,37c44c29594e0b8b0ba429e5dd3cf7422c07ae17222bb31e16e31e57030d5e63,0,,0.004387,12.648884,/home/kai/work/GAT_BPC_moonTerk/runs/native_live_sri_v1_p0_frozen_paired_promotion_20260722/raw/scale_005/instance_014_logical_graph/repeat_08/1_no_cut/attempt_01
s005:instance_014:r08:o2:live,5,instance_014,8,no_cut/live,2,live,EXACT_CLOSED,0,0.415921,True,True,True,dfaedf6d273c5c56,2.117254,BPC_TREE_OPTIMAL,P0,9f0e7c4f7e2cab50267e197d55a17950aeee35aad388e47448f24873a7e92ba1,0,,0.004498,12.643906,/home/kai/work/GAT_BPC_moonTerk/runs/native_live_sri_v1_p0_frozen_paired_promotion_20260722/raw/scale_005/instance_014_logical_graph/repeat_08/2_live/attempt_01
s005:instance_014:r09:o1:live,5,instance_014,9,live/no_cut,1,live,EXACT_CLOSED,0,0.390301,True,True,True,dfaedf6d273c5c56,2.117254,BPC_TREE_OPTIMAL,P0,9f0e7c4f7e2cab50267e197d55a17950aeee35aad388e47448f24873a7e92ba1,0,,0.004456,12.650448,/home/kai/work/GAT_BPC_moonTerk/runs/native_live_sri_v1_p0_frozen_paired_promotion_20260722/raw/scale_005/instance_014_logical_graph/repeat_09/1_live/attempt_01
s005:instance_014:r09:o2:no_cut,5,instance_014,9,live/no_cut,2,no_cut,EXACT_CLOSED,0,0.396219,True,True,True,dfaedf6d273c5c56,2.117254,BPC_TREE_OPTIMAL,no_cut,37c44c29594e0b8b0ba429e5dd3cf7422c07ae17222bb31e16e31e57030d5e63,0,,0.004791,12.643951,/home/kai/work/GAT_BPC_moonTerk/runs/native_live_sri_v1_p0_frozen_paired_promotion_20260722/raw/scale_005/instance_014_logical_graph/repeat_09/2_no_cut/attempt_01
s005:instance_014:r10:o1:no_cut,5,instance_014,10,no_cut/live,1,no_cut,EXACT_CLOSED,0,0.407096,True,True,True,dfaedf6d273c5c56,2.117254,BPC_TREE_OPTIMAL,no_cut,37c44c29594e0b8b0ba429e5dd3cf7422c07ae17222bb31e16e31e57030d5e63,0,,0.004601,12.647823,/home/kai/work/GAT_BPC_moonTerk/runs/native_live_sri_v1_p0_frozen_paired_promotion_20260722/raw/scale_005/instance_014_logical_graph/repeat_10/1_no_cut/attempt_01
s005:instance_014:r10:o2:live,5,instance_014,10,no_cut/live,2,live,EXACT_CLOSED,0,0.410391,True,True,True,dfaedf6d273c5c56,2.117254,BPC_TREE_OPTIMAL,P0,9f0e7c4f7e2cab50267e197d55a17950aeee35aad388e47448f24873a7e92ba1,0,,0.004478,12.64455,/home/kai/work/GAT_BPC_moonTerk/runs/native_live_sri_v1_p0_frozen_paired_promotion_20260722/raw/scale_005/instance_014_logical_graph/repeat_10/2_live/attempt_01
s005:instance_015:r01:o1:no_cut,5,instance_015,1,no_cut/live,1,no_cut,EXACT_CLOSED,0,0.404358,True,True,True,dfaedf6d273c5c56,2.081278,BPC_TREE_OPTIMAL,no_cut,37c44c29594e0b8b0ba429e5dd3cf7422c07ae17222bb31e16e31e57030d5e63,0,,0.004757,12.647133,/home/kai/work/GAT_BPC_moonTerk/runs/native_live_sri_v1_p0_frozen_paired_promotion_20260722/raw/scale_005/instance_015_logical_graph/repeat_01/1_no_cut/attempt_01
s005:instance_015:r01:o2:live,5,instance_015,1,no_cut/live,2,live,EXACT_CLOSED,0,0.417501,True,True,True,dfaedf6d273c5c56,2.081278,BPC_TREE_OPTIMAL,P0,9f0e7c4f7e2cab50267e197d55a17950aeee35aad388e47448f24873a7e92ba1,0,,0.004494,12.646503,/home/kai/work/GAT_BPC_moonTerk/runs/native_live_sri_v1_p0_frozen_paired_promotion_20260722/raw/scale_005/instance_015_logical_graph/repeat_01/2_live/attempt_01
s005:instance_015:r02:o1:live,5,instance_015,2,live/no_cut,1,live,EXACT_CLOSED,0,0.412933,True,True,True,dfaedf6d273c5c56,2.081278,BPC_TREE_OPTIMAL,P0,9f0e7c4f7e2cab50267e197d55a17950aeee35aad388e47448f24873a7e92ba1,0,,0.004333,12.641575,/home/kai/work/GAT_BPC_moonTerk/runs/native_live_sri_v1_p0_frozen_paired_promotion_20260722/raw/scale_005/instance_015_logical_graph/repeat_02/1_live/attempt_01
s005:instance_015:r02:o2:no_cut,5,instance_015,2,live/no_cut,2,no_cut,EXACT_CLOSED,0,0.401866,True,True,True,dfaedf6d273c5c56,2.081278,BPC_TREE_OPTIMAL,no_cut,37c44c29594e0b8b0ba429e5dd3cf7422c07ae17222bb31e16e31e57030d5e63,0,,0.004478,12.64653,/home/kai/work/GAT_BPC_moonTerk/runs/native_live_sri_v1_p0_frozen_paired_promotion_20260722/raw/scale_005/instance_015_logical_graph/repeat_02/2_no_cut/attempt_01
s005:instance_015:r03:o1:no_cut,5,instance_015,3,no_cut/live,1,no_cut,EXACT_CLOSED,0,0.388785,True,True,True,dfaedf6d273c5c56,2.081278,BPC_TREE_OPTIMAL,no_cut,37c44c29594e0b8b0ba429e5dd3cf7422c07ae17222bb31e16e31e57030d5e63,0,,0.00462,12.645798,/home/kai/work/GAT_BPC_moonTerk/runs/native_live_sri_v1_p0_frozen_paired_promotion_20260722/raw/scale_005/instance_015_logical_graph/repeat_03/1_no_cut/attempt_01
s005:instance_015:r03:o2:live,5,instance_015,3,no_cut/live,2,live,EXACT_CLOSED,0,0.411757,True,True,True,dfaedf6d273c5c56,2.081278,BPC_TREE_OPTIMAL,P0,9f0e7c4f7e2cab50267e197d55a17950aeee35aad388e47448f24873a7e92ba1,0,,0.004349,12.647568,/home/kai/work/GAT_BPC_moonTerk/runs/native_live_sri_v1_p0_frozen_paired_promotion_20260722/raw/scale_005/instance_015_logical_graph/repeat_03/2_live/attempt_01
s005:instance_015:r04:o1:live,5,instance_015,4,live/no_cut,1,live,EXACT_CLOSED,0,0.3841,True,True,True,dfaedf6d273c5c56,2.081278,BPC_TREE_OPTIMAL,P0,9f0e7c4f7e2cab50267e197d55a17950aeee35aad388e47448f24873a7e92ba1,0,,0.004822,12.643074,/home/kai/work/GAT_BPC_moonTerk/runs/native_live_sri_v1_p0_frozen_paired_promotion_20260722/raw/scale_005/instance_015_logical_graph/repeat_04/1_live/attempt_01
s005:instance_015:r04:o2:no_cut,5,instance_015,4,live/no_cut,2,no_cut,EXACT_CLOSED,0,0.388466,True,True,True,dfaedf6d273c5c56,2.081278,BPC_TREE_OPTIMAL,no_cut,37c44c29594e0b8b0ba429e5dd3cf7422c07ae17222bb31e16e31e57030d5e63,0,,0.004601,12.647831,/home/kai/work/GAT_BPC_moonTerk/runs/native_live_sri_v1_p0_frozen_paired_promotion_20260722/raw/scale_005/instance_015_logical_graph/repeat_04/2_no_cut/attempt_01
s005:instance_015:r05:o1:no_cut,5,instance_015,5,no_cut/live,1,no_cut,EXACT_CLOSED,0,0.396664,True,True,True,dfaedf6d273c5c56,2.081278,BPC_TREE_OPTIMAL,no_cut,37c44c29594e0b8b0ba429e5dd3cf7422c07ae17222bb31e16e31e57030d5e63,0,,0.004787,12.646717,/home/kai/work/GAT_BPC_moonTerk/runs/native_live_sri_v1_p0_frozen_paired_promotion_20260722/raw/scale_005/instance_015_logical_graph/repeat_05/1_no_cut/attempt_01
s005:instance_015:r05:o2:live,5,instance_015,5,no_cut/live,2,live,EXACT_CLOSED,0,0.398561,True,True,True,dfaedf6d273c5c56,2.081278,BPC_TREE_OPTIMAL,P0,9f0e7c4f7e2cab50267e197d55a17950aeee35aad388e47448f24873a7e92ba1,0,,0.004482,12.647099,/home/kai/work/GAT_BPC_moonTerk/runs/native_live_sri_v1_p0_frozen_paired_promotion_20260722/raw/scale_005/instance_015_logical_graph/repeat_05/2_live/attempt_01
s005:instance_015:r06:o1:live,5,instance_015,6,live/no_cut,1,live,EXACT_CLOSED,0,0.407895,True,True,True,dfaedf6d273c5c56,2.081278,BPC_TREE_OPTIMAL,P0,9f0e7c4f7e2cab50267e197d55a17950aeee35aad388e47448f24873a7e92ba1,0,,0.004505,12.646751,/home/kai/work/GAT_BPC_moonTerk/runs/native_live_sri_v1_p0_frozen_paired_promotion_20260722/raw/scale_005/instance_015_logical_graph/repeat_06/1_live/attempt_01
s005:instance_015:r06:o2:no_cut,5,instance_015,6,live/no_cut,2,no_cut,EXACT_CLOSED,0,0.412246,True,True,True,dfaedf6d273c5c56,2.081278,BPC_TREE_OPTIMAL,no_cut,37c44c29594e0b8b0ba429e5dd3cf7422c07ae17222bb31e16e31e57030d5e63,0,,0.004532,12.645824,/home/kai/work/GAT_BPC_moonTerk/runs/native_live_sri_v1_p0_frozen_paired_promotion_20260722/raw/scale_005/instance_015_logical_graph/repeat_06/2_no_cut/attempt_01
s005:instance_015:r07:o1:no_cut,5,instance_015,7,no_cut/live,1,no_cut,EXACT_CLOSED,0,0.405435,True,True,True,dfaedf6d273c5c56,2.081278,BPC_TREE_OPTIMAL,no_cut,37c44c29594e0b8b0ba429e5dd3cf7422c07ae17222bb31e16e31e57030d5e63,0,,0.004642,12.649155,/home/kai/work/GAT_BPC_moonTerk/runs/native_live_sri_v1_p0_frozen_paired_promotion_20260722/raw/scale_005/instance_015_logical_graph/repeat_07/1_no_cut/attempt_01
s005:instance_015:r07:o2:live,5,instance_015,7,no_cut/live,2,live,EXACT_CLOSED,0,0.40856,True,True,True,dfaedf6d273c5c56,2.081278,BPC_TREE_OPTIMAL,P0,9f0e7c4f7e2cab50267e197d55a17950aeee35aad388e47448f24873a7e92ba1,0,,0.004494,12.644642,/home/kai/work/GAT_BPC_moonTerk/runs/native_live_sri_v1_p0_frozen_paired_promotion_20260722/raw/scale_005/instance_015_logical_graph/repeat_07/2_live/attempt_01
s005:instance_015:r08:o1:live,5,instance_015,8,live/no_cut,1,live,EXACT_CLOSED,0,0.416451,True,True,True,dfaedf6d273c5c56,2.081278,BPC_TREE_OPTIMAL,P0,9f0e7c4f7e2cab50267e197d55a17950aeee35aad388e47448f24873a7e92ba1,0,,0.00462,12.654461,/home/kai/work/GAT_BPC_moonTerk/runs/native_live_sri_v1_p0_frozen_paired_promotion_20260722/raw/scale_005/instance_015_logical_graph/repeat_08/1_live/attempt_01
s005:instance_015:r08:o2:no_cut,5,instance_015,8,live/no_cut,2,no_cut,EXACT_CLOSED,0,0.382885,True,True,True,dfaedf6d273c5c56,2.081278,BPC_TREE_OPTIMAL,no_cut,37c44c29594e0b8b0ba429e5dd3cf7422c07ae17222bb31e16e31e57030d5e63,0,,0.004581,12.651443,/home/kai/work/GAT_BPC_moonTerk/runs/native_live_sri_v1_p0_frozen_paired_promotion_20260722/raw/scale_005/instance_015_logical_graph/repeat_08/2_no_cut/attempt_01
s005:instance_015:r09:o1:no_cut,5,instance_015,9,no_cut/live,1,no_cut,EXACT_CLOSED,0,0.399978,True,True,True,dfaedf6d273c5c56,2.081278,BPC_TREE_OPTIMAL,no_cut,37c44c29594e0b8b0ba429e5dd3cf7422c07ae17222bb31e16e31e57030d5e63,0,,0.004395,12.64875,/home/kai/work/GAT_BPC_moonTerk/runs/native_live_sri_v1_p0_frozen_paired_promotion_20260722/raw/scale_005/instance_015_logical_graph/repeat_09/1_no_cut/attempt_01
s005:instance_015:r09:o2:live,5,instance_015,9,no_cut/live,2,live,EXACT_CLOSED,0,0.395568,True,True,True,dfaedf6d273c5c56,2.081278,BPC_TREE_OPTIMAL,P0,9f0e7c4f7e2cab50267e197d55a17950aeee35aad388e47448f24873a7e92ba1,0,,0.004639,12.649181,/home/kai/work/GAT_BPC_moonTerk/runs/native_live_sri_v1_p0_frozen_paired_promotion_20260722/raw/scale_005/instance_015_logical_graph/repeat_09/2_live/attempt_01
s005:instance_015:r10:o1:live,5,instance_015,10,live/no_cut,1,live,EXACT_CLOSED,0,0.39553,True,True,True,dfaedf6d273c5c56,2.081278,BPC_TREE_OPTIMAL,P0,9f0e7c4f7e2cab50267e197d55a17950aeee35aad388e47448f24873a7e92ba1,0,,0.004513,12.651222,/home/kai/work/GAT_BPC_moonTerk/runs/native_live_sri_v1_p0_frozen_paired_promotion_20260722/raw/scale_005/instance_015_logical_graph/repeat_10/1_live/attempt_01
s005:instance_015:r10:o2:no_cut,5,instance_015,10,live/no_cut,2,no_cut,EXACT_CLOSED,0,0.388528,True,True,True,dfaedf6d273c5c56,2.081278,BPC_TREE_OPTIMAL,no_cut,37c44c29594e0b8b0ba429e5dd3cf7422c07ae17222bb31e16e31e57030d5e63,0,,0.004425,12.647621,/home/kai/work/GAT_BPC_moonTerk/runs/native_live_sri_v1_p0_frozen_paired_promotion_20260722/raw/scale_005/instance_015_logical_graph/repeat_10/2_no_cut/attempt_01
s005:instance_016:r01:o1:live,5,instance_016,1,live/no_cut,1,live,EXACT_CLOSED,0,0.392425,True,True,True,dfaedf6d273c5c56,2.158522,BPC_TREE_OPTIMAL,P0,9f0e7c4f7e2cab50267e197d55a17950aeee35aad388e47448f24873a7e92ba1,0,,0.004646,12.646442,/home/kai/work/GAT_BPC_moonTerk/runs/native_live_sri_v1_p0_frozen_paired_promotion_20260722/raw/scale_005/instance_016_logical_graph/repeat_01/1_live/attempt_01
s005:instance_016:r01:o2:no_cut,5,instance_016,1,live/no_cut,2,no_cut,EXACT_CLOSED,0,0.384325,True,True,True,dfaedf6d273c5c56,2.158522,BPC_TREE_OPTIMAL,no_cut,37c44c29594e0b8b0ba429e5dd3cf7422c07ae17222bb31e16e31e57030d5e63,0,,0.004395,12.644627,/home/kai/work/GAT_BPC_moonTerk/runs/native_live_sri_v1_p0_frozen_paired_promotion_20260722/raw/scale_005/instance_016_logical_graph/repeat_01/2_no_cut/attempt_01
s005:instance_016:r02:o1:no_cut,5,instance_016,2,no_cut/live,1,no_cut,EXACT_CLOSED,0,0.377195,True,True,True,dfaedf6d273c5c56,2.158522,BPC_TREE_OPTIMAL,no_cut,37c44c29594e0b8b0ba429e5dd3cf7422c07ae17222bb31e16e31e57030d5e63,0,,0.004452,12.644413,/home/kai/work/GAT_BPC_moonTerk/runs/native_live_sri_v1_p0_frozen_paired_promotion_20260722/raw/scale_005/instance_016_logical_graph/repeat_02/1_no_cut/attempt_01
s005:instance_016:r02:o2:live,5,instance_016,2,no_cut/live,2,live,EXACT_CLOSED,0,0.388597,True,True,True,dfaedf6d273c5c56,2.158522,BPC_TREE_OPTIMAL,P0,9f0e7c4f7e2cab50267e197d55a17950aeee35aad388e47448f24873a7e92ba1,0,,0.00473,12.653481,/home/kai/work/GAT_BPC_moonTerk/runs/native_live_sri_v1_p0_frozen_paired_promotion_20260722/raw/scale_005/instance_016_logical_graph/repeat_02/2_live/attempt_01
s005:instance_016:r03:o1:live,5,instance_016,3,live/no_cut,1,live,EXACT_CLOSED,0,0.384887,True,True,True,dfaedf6d273c5c56,2.158522,BPC_TREE_OPTIMAL,P0,9f0e7c4f7e2cab50267e197d55a17950aeee35aad388e47448f24873a7e92ba1,0,,0.004429,12.651859,/home/kai/work/GAT_BPC_moonTerk/runs/native_live_sri_v1_p0_frozen_paired_promotion_20260722/raw/scale_005/instance_016_logical_graph/repeat_03/1_live/attempt_01
s005:instance_016:r03:o2:no_cut,5,instance_016,3,live/no_cut,2,no_cut,EXACT_CLOSED,0,0.388447,True,True,True,dfaedf6d273c5c56,2.158522,BPC_TREE_OPTIMAL,no_cut,37c44c29594e0b8b0ba429e5dd3cf7422c07ae17222bb31e16e31e57030d5e63,0,,0.004959,12.648907,/home/kai/work/GAT_BPC_moonTerk/runs/native_live_sri_v1_p0_frozen_paired_promotion_20260722/raw/scale_005/instance_016_logical_graph/repeat_03/2_no_cut/attempt_01
s005:instance_016:r04:o1:no_cut,5,instance_016,4,no_cut/live,1,no_cut,EXACT_CLOSED,0,0.37327,True,True,True,dfaedf6d273c5c56,2.158522,BPC_TREE_OPTIMAL,no_cut,37c44c29594e0b8b0ba429e5dd3cf7422c07ae17222bb31e16e31e57030d5e63,0,,0.004574,12.647438,/home/kai/work/GAT_BPC_moonTerk/runs/native_live_sri_v1_p0_frozen_paired_promotion_20260722/raw/scale_005/instance_016_logical_graph/repeat_04/1_no_cut/attempt_01
s005:instance_016:r04:o2:live,5,instance_016,4,no_cut/live,2,live,EXACT_CLOSED,0,0.404365,True,True,True,dfaedf6d273c5c56,2.158522,BPC_TREE_OPTIMAL,P0,9f0e7c4f7e2cab50267e197d55a17950aeee35aad388e47448f24873a7e92ba1,0,,0.004505,12.648228,/home/kai/work/GAT_BPC_moonTerk/runs/native_live_sri_v1_p0_frozen_paired_promotion_20260722/raw/scale_005/instance_016_logical_graph/repeat_04/2_live/attempt_01
s005:instance_016:r05:o1:live,5,instance_016,5,live/no_cut,1,live,EXACT_CLOSED,0,0.403429,True,True,True,dfaedf6d273c5c56,2.158522,BPC_TREE_OPTIMAL,P0,9f0e7c4f7e2cab50267e197d55a17950aeee35aad388e47448f24873a7e92ba1,0,,0.004486,12.648262,/home/kai/work/GAT_BPC_moonTerk/runs/native_live_sri_v1_p0_frozen_paired_promotion_20260722/raw/scale_005/instance_016_logical_graph/repeat_05/1_live/attempt_01
s005:instance_016:r05:o2:no_cut,5,instance_016,5,live/no_cut,2,no_cut,EXACT_CLOSED,0,0.38063,True,True,True,dfaedf6d273c5c56,2.158522,BPC_TREE_OPTIMAL,no_cut,37c44c29594e0b8b0ba429e5dd3cf7422c07ae17222bb31e16e31e57030d5e63,0,,0.004559,12.647778,/home/kai/work/GAT_BPC_moonTerk/runs/native_live_sri_v1_p0_frozen_paired_promotion_20260722/raw/scale_005/instance_016_logical_graph/repeat_05/2_no_cut/attempt_01
s005:instance_016:r06:o1:no_cut,5,instance_016,6,no_cut/live,1,no_cut,EXACT_CLOSED,0,0.3869,True,True,True,dfaedf6d273c5c56,2.158522,BPC_TREE_OPTIMAL,no_cut,37c44c29594e0b8b0ba429e5dd3cf7422c07ae17222bb31e16e31e57030d5e63,0,,0.004341,12.648682,/home/kai/work/GAT_BPC_moonTerk/runs/native_live_sri_v1_p0_frozen_paired_promotion_20260722/raw/scale_005/instance_016_logical_graph/repeat_06/1_no_cut/attempt_01
s005:instance_016:r06:o2:live,5,instance_016,6,no_cut/live,2,live,EXACT_CLOSED,0,0.3831,True,True,True,dfaedf6d273c5c56,2.158522,BPC_TREE_OPTIMAL,P0,9f0e7c4f7e2cab50267e197d55a17950aeee35aad388e47448f24873a7e92ba1,0,,0.004475,12.647621,/home/kai/work/GAT_BPC_moonTerk/runs/native_live_sri_v1_p0_frozen_paired_promotion_20260722/raw/scale_005/instance_016_logical_graph/repeat_06/2_live/attempt_01
s005:instance_016:r07:o1:live,5,instance_016,7,live/no_cut,1,live,EXACT_CLOSED,0,0.379621,True,True,True,dfaedf6d273c5c56,2.158522,BPC_TREE_OPTIMAL,P0,9f0e7c4f7e2cab50267e197d55a17950aeee35aad388e47448f24873a7e92ba1,0,,0.004436,12.648655,/home/kai/work/GAT_BPC_moonTerk/runs/native_live_sri_v1_p0_frozen_paired_promotion_20260722/raw/scale_005/instance_016_logical_graph/repeat_07/1_live/attempt_01
s005:instance_016:r07:o2:no_cut,5,instance_016,7,live/no_cut,2,no_cut,EXACT_CLOSED,0,0.399881,True,True,True,dfaedf6d273c5c56,2.158522,BPC_TREE_OPTIMAL,no_cut,37c44c29594e0b8b0ba429e5dd3cf7422c07ae17222bb31e16e31e57030d5e63,0,,0.004192,12.648468,/home/kai/work/GAT_BPC_moonTerk/runs/native_live_sri_v1_p0_frozen_paired_promotion_20260722/raw/scale_005/instance_016_logical_graph/repeat_07/2_no_cut/attempt_01
s005:instance_016:r08:o1:no_cut,5,instance_016,8,no_cut/live,1,no_cut,EXACT_CLOSED,0,0.361457,True,True,True,dfaedf6d273c5c56,2.158522,BPC_TREE_OPTIMAL,no_cut,37c44c29594e0b8b0ba429e5dd3cf7422c07ae17222bb31e16e31e57030d5e63,0,,0.004482,12.641983,/home/kai/work/GAT_BPC_moonTerk/runs/native_live_sri_v1_p0_frozen_paired_promotion_20260722/raw/scale_005/instance_016_logical_graph/repeat_08/1_no_cut/attempt_01
s005:instance_016:r08:o2:live,5,instance_016,8,no_cut/live,2,live,EXACT_CLOSED,0,0.39177,True,True,True,dfaedf6d273c5c56,2.158522,BPC_TREE_OPTIMAL,P0,9f0e7c4f7e2cab50267e197d55a17950aeee35aad388e47448f24873a7e92ba1,0,,0.004532,12.651779,/home/kai/work/GAT_BPC_moonTerk/runs/native_live_sri_v1_p0_frozen_paired_promotion_20260722/raw/scale_005/instance_016_logical_graph/repeat_08/2_live/attempt_01
s005:instance_016:r09:o1:live,5,instance_016,9,live/no_cut,1,live,EXACT_CLOSED,0,0.381927,True,True,True,dfaedf6d273c5c56,2.158522,BPC_TREE_OPTIMAL,P0,9f0e7c4f7e2cab50267e197d55a17950aeee35aad388e47448f24873a7e92ba1,0,,0.004433,12.651459,/home/kai/work/GAT_BPC_moonTerk/runs/native_live_sri_v1_p0_frozen_paired_promotion_20260722/raw/scale_005/instance_016_logical_graph/repeat_09/1_live/attempt_01
s005:instance_016:r09:o2:no_cut,5,instance_016,9,live/no_cut,2,no_cut,EXACT_CLOSED,0,0.396135,True,True,True,dfaedf6d273c5c56,2.158522,BPC_TREE_OPTIMAL,no_cut,37c44c29594e0b8b0ba429e5dd3cf7422c07ae17222bb31e16e31e57030d5e63,0,,0.004642,12.649647,/home/kai/work/GAT_BPC_moonTerk/runs/native_live_sri_v1_p0_frozen_paired_promotion_20260722/raw/scale_005/instance_016_logical_graph/repeat_09/2_no_cut/attempt_01
s005:instance_016:r10:o1:no_cut,5,instance_016,10,no_cut/live,1,no_cut,EXACT_CLOSED,0,0.367013,True,True,True,dfaedf6d273c5c56,2.158522,BPC_TREE_OPTIMAL,no_cut,37c44c29594e0b8b0ba429e5dd3cf7422c07ae17222bb31e16e31e57030d5e63,0,,0.005955,12.64484,/home/kai/work/GAT_BPC_moonTerk/runs/native_live_sri_v1_p0_frozen_paired_promotion_20260722/raw/scale_005/instance_016_logical_graph/repeat_10/1_no_cut/attempt_01
s005:instance_016:r10:o2:live,5,instance_016,10,no_cut/live,2,live,EXACT_CLOSED,0,0.372616,True,True,True,dfaedf6d273c5c56,2.158522,BPC_TREE_OPTIMAL,P0,9f0e7c4f7e2cab50267e197d55a17950aeee35aad388e47448f24873a7e92ba1,0,,0.004646,12.65115,/home/kai/work/GAT_BPC_moonTerk/runs/native_live_sri_v1_p0_frozen_paired_promotion_20260722/raw/scale_005/instance_016_logical_graph/repeat_10/2_live/attempt_01
s005:instance_017:r01:o1:no_cut,5,instance_017,1,no_cut/live,1,no_cut,EXACT_CLOSED,0,0.388887,True,True,True,dfaedf6d273c5c56,2.219538,BPC_TREE_OPTIMAL,no_cut,37c44c29594e0b8b0ba429e5dd3cf7422c07ae17222bb31e16e31e57030d5e63,0,,0.004566,12.6511,/home/kai/work/GAT_BPC_moonTerk/runs/native_live_sri_v1_p0_frozen_paired_promotion_20260722/raw/scale_005/instance_017_logical_graph/repeat_01/1_no_cut/attempt_01
s005:instance_017:r01:o2:live,5,instance_017,1,no_cut/live,2,live,EXACT_CLOSED,0,0.40051,True,True,True,dfaedf6d273c5c56,2.219538,BPC_TREE_OPTIMAL,P0,9f0e7c4f7e2cab50267e197d55a17950aeee35aad388e47448f24873a7e92ba1,0,,0.004635,12.646629,/home/kai/work/GAT_BPC_moonTerk/runs/native_live_sri_v1_p0_frozen_paired_promotion_20260722/raw/scale_005/instance_017_logical_graph/repeat_01/2_live/attempt_01
s005:instance_017:r02:o1:live,5,instance_017,2,live/no_cut,1,live,EXACT_CLOSED,0,0.408998,True,True,True,dfaedf6d273c5c56,2.219538,BPC_TREE_OPTIMAL,P0,9f0e7c4f7e2cab50267e197d55a17950aeee35aad388e47448f24873a7e92ba1,0,,0.00478,12.64851,/home/kai/work/GAT_BPC_moonTerk/runs/native_live_sri_v1_p0_frozen_paired_promotion_20260722/raw/scale_005/instance_017_logical_graph/repeat_02/1_live/attempt_01
s005:instance_017:r02:o2:no_cut,5,instance_017,2,live/no_cut,2,no_cut,EXACT_CLOSED,0,0.423277,True,True,True,dfaedf6d273c5c56,2.219538,BPC_TREE_OPTIMAL,no_cut,37c44c29594e0b8b0ba429e5dd3cf7422c07ae17222bb31e16e31e57030d5e63,0,,0.004765,12.640804,/home/kai/work/GAT_BPC_moonTerk/runs/native_live_sri_v1_p0_frozen_paired_promotion_20260722/raw/scale_005/instance_017_logical_graph/repeat_02/2_no_cut/attempt_01
s005:instance_017:r03:o1:no_cut,5,instance_017,3,no_cut/live,1,no_cut,EXACT_CLOSED,0,0.396142,True,True,True,dfaedf6d273c5c56,2.219538,BPC_TREE_OPTIMAL,no_cut,37c44c29594e0b8b0ba429e5dd3cf7422c07ae17222bb31e16e31e57030d5e63,0,,0.004562,12.643261,/home/kai/work/GAT_BPC_moonTerk/runs/native_live_sri_v1_p0_frozen_paired_promotion_20260722/raw/scale_005/instance_017_logical_graph/repeat_03/1_no_cut/attempt_01
s005:instance_017:r03:o2:live,5,instance_017,3,no_cut/live,2,live,EXACT_CLOSED,0,0.396549,True,True,True,dfaedf6d273c5c56,2.219538,BPC_TREE_OPTIMAL,P0,9f0e7c4f7e2cab50267e197d55a17950aeee35aad388e47448f24873a7e92ba1,0,,0.004608,12.645664,/home/kai/work/GAT_BPC_moonTerk/runs/native_live_sri_v1_p0_frozen_paired_promotion_20260722/raw/scale_005/instance_017_logical_graph/repeat_03/2_live/attempt_01
s005:instance_017:r04:o1:live,5,instance_017,4,live/no_cut,1,live,EXACT_CLOSED,0,0.390211,True,True,True,dfaedf6d273c5c56,2.219538,BPC_TREE_OPTIMAL,P0,9f0e7c4f7e2cab50267e197d55a17950aeee35aad388e47448f24873a7e92ba1,0,,0.004799,12.647533,/home/kai/work/GAT_BPC_moonTerk/runs/native_live_sri_v1_p0_frozen_paired_promotion_20260722/raw/scale_005/instance_017_logical_graph/repeat_04/1_live/attempt_01
s005:instance_017:r04:o2:no_cut,5,instance_017,4,live/no_cut,2,no_cut,EXACT_CLOSED,0,0.403119,True,True,True,dfaedf6d273c5c56,2.219538,BPC_TREE_OPTIMAL,no_cut,37c44c29594e0b8b0ba429e5dd3cf7422c07ae17222bb31e16e31e57030d5e63,0,,0.004551,12.642036,/home/kai/work/GAT_BPC_moonTerk/runs/native_live_sri_v1_p0_frozen_paired_promotion_20260722/raw/scale_005/instance_017_logical_graph/repeat_04/2_no_cut/attempt_01
s005:instance_017:r05:o1:no_cut,5,instance_017,5,no_cut/live,1,no_cut,EXACT_CLOSED,0,0.388914,True,True,True,dfaedf6d273c5c56,2.219538,BPC_TREE_OPTIMAL,no_cut,37c44c29594e0b8b0ba429e5dd3cf7422c07ae17222bb31e16e31e57030d5e63,0,,0.004948,12.64666,/home/kai/work/GAT_BPC_moonTerk/runs/native_live_sri_v1_p0_frozen_paired_promotion_20260722/raw/scale_005/instance_017_logical_graph/repeat_05/1_no_cut/attempt_01
s005:instance_017:r05:o2:live,5,instance_017,5,no_cut/live,2,live,EXACT_CLOSED,0,0.404248,True,True,True,dfaedf6d273c5c56,2.219538,BPC_TREE_OPTIMAL,P0,9f0e7c4f7e2cab50267e197d55a17950aeee35aad388e47448f24873a7e92ba1,0,,0.004364,12.650879,/home/kai/work/GAT_BPC_moonTerk/runs/native_live_sri_v1_p0_frozen_paired_promotion_20260722/raw/scale_005/instance_017_logical_graph/repeat_05/2_live/attempt_01
s005:instance_017:r06:o1:live,5,instance_017,6,live/no_cut,1,live,EXACT_CLOSED,0,0.423448,True,True,True,dfaedf6d273c5c56,2.219538,BPC_TREE_OPTIMAL,P0,9f0e7c4f7e2cab50267e197d55a17950aeee35aad388e47448f24873a7e92ba1,0,,0.004642,12.643833,/home/kai/work/GAT_BPC_moonTerk/runs/native_live_sri_v1_p0_frozen_paired_promotion_20260722/raw/scale_005/instance_017_logical_graph/repeat_06/1_live/attempt_01
s005:instance_017:r06:o2:no_cut,5,instance_017,6,live/no_cut,2,no_cut,EXACT_CLOSED,0,0.421838,True,True,True,dfaedf6d273c5c56,2.219538,BPC_TREE_OPTIMAL,no_cut,37c44c29594e0b8b0ba429e5dd3cf7422c07ae17222bb31e16e31e57030d5e63,0,,0.004372,12.638443,/home/kai/work/GAT_BPC_moonTerk/runs/native_live_sri_v1_p0_frozen_paired_promotion_20260722/raw/scale_005/instance_017_logical_graph/repeat_06/2_no_cut/attempt_01
s005:instance_017:r07:o1:no_cut,5,instance_017,7,no_cut/live,1,no_cut,EXACT_CLOSED,0,0.393369,True,True,True,dfaedf6d273c5c56,2.219538,BPC_TREE_OPTIMAL,no_cut,37c44c29594e0b8b0ba429e5dd3cf7422c07ae17222bb31e16e31e57030d5e63,0,,0.004398,12.641487,/home/kai/work/GAT_BPC_moonTerk/runs/native_live_sri_v1_p0_frozen_paired_promotion_20260722/raw/scale_005/instance_017_logical_graph/repeat_07/1_no_cut/attempt_01
s005:instance_017:r07:o2:live,5,instance_017,7,no_cut/live,2,live,EXACT_CLOSED,0,0.413774,True,True,True,dfaedf6d273c5c56,2.219538,BPC_TREE_OPTIMAL,P0,9f0e7c4f7e2cab50267e197d55a17950aeee35aad388e47448f24873a7e92ba1,0,,0.004601,12.642361,/home/kai/work/GAT_BPC_moonTerk/runs/native_live_sri_v1_p0_frozen_paired_promotion_20260722/raw/scale_005/instance_017_logical_graph/repeat_07/2_live/attempt_01
s005:instance_017:r08:o1:live,5,instance_017,8,live/no_cut,1,live,EXACT_CLOSED,0,0.404724,True,True,True,dfaedf6d273c5c56,2.219538,BPC_TREE_OPTIMAL,P0,9f0e7c4f7e2cab50267e197d55a17950aeee35aad388e47448f24873a7e92ba1,0,,0.004528,12.641796,/home/kai/work/GAT_BPC_moonTerk/runs/native_live_sri_v1_p0_frozen_paired_promotion_20260722/raw/scale_005/instance_017_logical_graph/repeat_08/1_live/attempt_01
s005:instance_017:r08:o2:no_cut,5,instance_017,8,live/no_cut,2,no_cut,EXACT_CLOSED,0,0.411503,True,True,True,dfaedf6d273c5c56,2.219538,BPC_TREE_OPTIMAL,no_cut,37c44c29594e0b8b0ba429e5dd3cf7422c07ae17222bb31e16e31e57030d5e63,0,,0.004574,12.636681,/home/kai/work/GAT_BPC_moonTerk/runs/native_live_sri_v1_p0_frozen_paired_promotion_20260722/raw/scale_005/instance_017_logical_graph/repeat_08/2_no_cut/attempt_01
s005:instance_017:r09:o1:no_cut,5,instance_017,9,no_cut/live,1,no_cut,EXACT_CLOSED,0,0.409661,True,True,True,dfaedf6d273c5c56,2.219538,BPC_TREE_OPTIMAL,no_cut,37c44c29594e0b8b0ba429e5dd3cf7422c07ae17222bb31e16e31e57030d5e63,0,,0.004322,12.64439,/home/kai/work/GAT_BPC_moonTerk/runs/native_live_sri_v1_p0_frozen_paired_promotion_20260722/raw/scale_005/instance_017_logical_graph/repeat_09/1_no_cut/attempt_01
s005:instance_017:r09:o2:live,5,instance_017,9,no_cut/live,2,live,EXACT_CLOSED,0,0.410036,True,True,True,dfaedf6d273c5c56,2.219538,BPC_TREE_OPTIMAL,P0,9f0e7c4f7e2cab50267e197d55a17950aeee35aad388e47448f24873a7e92ba1,0,,0.004402,12.642147,/home/kai/work/GAT_BPC_moonTerk/runs/native_live_sri_v1_p0_frozen_paired_promotion_20260722/raw/scale_005/instance_017_logical_graph/repeat_09/2_live/attempt_01
s005:instance_017:r10:o1:live,5,instance_017,10,live/no_cut,1,live,EXACT_CLOSED,0,0.40114,True,True,True,dfaedf6d273c5c56,2.219538,BPC_TREE_OPTIMAL,P0,9f0e7c4f7e2cab50267e197d55a17950aeee35aad388e47448f24873a7e92ba1,0,,0.004459,12.64336,/home/kai/work/GAT_BPC_moonTerk/runs/native_live_sri_v1_p0_frozen_paired_promotion_20260722/raw/scale_005/instance_017_logical_graph/repeat_10/1_live/attempt_01
s005:instance_017:r10:o2:no_cut,5,instance_017,10,live/no_cut,2,no_cut,EXACT_CLOSED,0,0.415495,True,True,True,dfaedf6d273c5c56,2.219538,BPC_TREE_OPTIMAL,no_cut,37c44c29594e0b8b0ba429e5dd3cf7422c07ae17222bb31e16e31e57030d5e63,0,,0.004414,12.645466,/home/kai/work/GAT_BPC_moonTerk/runs/native_live_sri_v1_p0_frozen_paired_promotion_20260722/raw/scale_005/instance_017_logical_graph/repeat_10/2_no_cut/attempt_01
s005:instance_018:r01:o1:live,5,instance_018,1,live/no_cut,1,live,EXACT_CLOSED,0,0.402726,True,True,True,dfaedf6d273c5c56,1.941902,BPC_TREE_OPTIMAL,P0,9f0e7c4f7e2cab50267e197d55a17950aeee35aad388e47448f24873a7e92ba1,0,,0.004314,12.64439,/home/kai/work/GAT_BPC_moonTerk/runs/native_live_sri_v1_p0_frozen_paired_promotion_20260722/raw/scale_005/instance_018_logical_graph/repeat_01/1_live/attempt_01
s005:instance_018:r01:o2:no_cut,5,instance_018,1,live/no_cut,2,no_cut,EXACT_CLOSED,0,0.385318,True,True,True,dfaedf6d273c5c56,1.941902,BPC_TREE_OPTIMAL,no_cut,37c44c29594e0b8b0ba429e5dd3cf7422c07ae17222bb31e16e31e57030d5e63,0,,0.004581,12.637245,/home/kai/work/GAT_BPC_moonTerk/runs/native_live_sri_v1_p0_frozen_paired_promotion_20260722/raw/scale_005/instance_018_logical_graph/repeat_01/2_no_cut/attempt_01
s005:instance_018:r02:o1:no_cut,5,instance_018,2,no_cut/live,1,no_cut,EXACT_CLOSED,0,0.396776,True,True,True,dfaedf6d273c5c56,1.941902,BPC_TREE_OPTIMAL,no_cut,37c44c29594e0b8b0ba429e5dd3cf7422c07ae17222bb31e16e31e57030d5e63,0,,0.004433,12.643112,/home/kai/work/GAT_BPC_moonTerk/runs/native_live_sri_v1_p0_frozen_paired_promotion_20260722/raw/scale_005/instance_018_logical_graph/repeat_02/1_no_cut/attempt_01
s005:instance_018:r02:o2:live,5,instance_018,2,no_cut/live,2,live,EXACT_CLOSED,0,0.387048,True,True,True,dfaedf6d273c5c56,1.941902,BPC_TREE_OPTIMAL,P0,9f0e7c4f7e2cab50267e197d55a17950aeee35aad388e47448f24873a7e92ba1,0,,0.004513,12.642632,/home/kai/work/GAT_BPC_moonTerk/runs/native_live_sri_v1_p0_frozen_paired_promotion_20260722/raw/scale_005/instance_018_logical_graph/repeat_02/2_live/attempt_01
s005:instance_018:r03:o1:live,5,instance_018,3,live/no_cut,1,live,EXACT_CLOSED,0,0.398648,True,True,True,dfaedf6d273c5c56,1.941902,BPC_TREE_OPTIMAL,P0,9f0e7c4f7e2cab50267e197d55a17950aeee35aad388e47448f24873a7e92ba1,0,,0.00436,12.644127,/home/kai/work/GAT_BPC_moonTerk/runs/native_live_sri_v1_p0_frozen_paired_promotion_20260722/raw/scale_005/instance_018_logical_graph/repeat_03/1_live/attempt_01
s005:instance_018:r03:o2:no_cut,5,instance_018,3,live/no_cut,2,no_cut,EXACT_CLOSED,0,0.400422,True,True,True,dfaedf6d273c5c56,1.941902,BPC_TREE_OPTIMAL,no_cut,37c44c29594e0b8b0ba429e5dd3cf7422c07ae17222bb31e16e31e57030d5e63,0,,0.00452,12.644157,/home/kai/work/GAT_BPC_moonTerk/runs/native_live_sri_v1_p0_frozen_paired_promotion_20260722/raw/scale_005/instance_018_logical_graph/repeat_03/2_no_cut/attempt_01
s005:instance_018:r04:o1:no_cut,5,instance_018,4,no_cut/live,1,no_cut,EXACT_CLOSED,0,0.383247,True,True,True,dfaedf6d273c5c56,1.941902,BPC_TREE_OPTIMAL,no_cut,37c44c29594e0b8b0ba429e5dd3cf7422c07ae17222bb31e16e31e57030d5e63,0,,0.004581,12.63776,/home/kai/work/GAT_BPC_moonTerk/runs/native_live_sri_v1_p0_frozen_paired_promotion_20260722/raw/scale_005/instance_018_logical_graph/repeat_04/1_no_cut/attempt_01
s005:instance_018:r04:o2:live,5,instance_018,4,no_cut/live,2,live,EXACT_CLOSED,0,0.411522,True,True,True,dfaedf6d273c5c56,1.941902,BPC_TREE_OPTIMAL,P0,9f0e7c4f7e2cab50267e197d55a17950aeee35aad388e47448f24873a7e92ba1,0,,0.004448,12.64122,/home/kai/work/GAT_BPC_moonTerk/runs/native_live_sri_v1_p0_frozen_paired_promotion_20260722/raw/scale_005/instance_018_logical_graph/repeat_04/2_live/attempt_01
s005:instance_018:r05:o1:live,5,instance_018,5,live/no_cut,1,live,EXACT_CLOSED,0,0.394551,True,True,True,dfaedf6d273c5c56,1.941902,BPC_TREE_OPTIMAL,P0,9f0e7c4f7e2cab50267e197d55a17950aeee35aad388e47448f24873a7e92ba1,0,,0.004261,12.646404,/home/kai/work/GAT_BPC_moonTerk/runs/native_live_sri_v1_p0_frozen_paired_promotion_20260722/raw/scale_005/instance_018_logical_graph/repeat_05/1_live/attempt_01
s005:instance_018:r05:o2:no_cut,5,instance_018,5,live/no_cut,2,no_cut,EXACT_CLOSED,0,0.389384,True,True,True,dfaedf6d273c5c56,1.941902,BPC_TREE_OPTIMAL,no_cut,37c44c29594e0b8b0ba429e5dd3cf7422c07ae17222bb31e16e31e57030d5e63,0,,0.004642,12.640728,/home/kai/work/GAT_BPC_moonTerk/runs/native_live_sri_v1_p0_frozen_paired_promotion_20260722/raw/scale_005/instance_018_logical_graph/repeat_05/2_no_cut/attempt_01
s005:instance_018:r06:o1:no_cut,5,instance_018,6,no_cut/live,1,no_cut,EXACT_CLOSED,0,0.397079,True,True,True,dfaedf6d273c5c56,1.941902,BPC_TREE_OPTIMAL,no_cut,37c44c29594e0b8b0ba429e5dd3cf7422c07ae17222bb31e16e31e57030d5e63,0,,0.004585,12.642925,/home/kai/work/GAT_BPC_moonTerk/runs/native_live_sri_v1_p0_frozen_paired_promotion_20260722/raw/scale_005/instance_018_logical_graph/repeat_06/1_no_cut/attempt_01
s005:instance_018:r06:o2:live,5,instance_018,6,no_cut/live,2,live,EXACT_CLOSED,0,0.420723,True,True,True,dfaedf6d273c5c56,1.941902,BPC_TREE_OPTIMAL,P0,9f0e7c4f7e2cab50267e197d55a17950aeee35aad388e47448f24873a7e92ba1,0,,0.004482,12.642262,/home/kai/work/GAT_BPC_moonTerk/runs/native_live_sri_v1_p0_frozen_paired_promotion_20260722/raw/scale_005/instance_018_logical_graph/repeat_06/2_live/attempt_01
s005:instance_018:r07:o1:live,5,instance_018,7,live/no_cut,1,live,EXACT_CLOSED,0,0.402581,True,True,True,dfaedf6d273c5c56,1.941902,BPC_TREE_OPTIMAL,P0,9f0e7c4f7e2cab50267e197d55a17950aeee35aad388e47448f24873a7e92ba1,0,,0.004372,12.642612,/home/kai/work/GAT_BPC_moonTerk/runs/native_live_sri_v1_p0_frozen_paired_promotion_20260722/raw/scale_005/instance_018_logical_graph/repeat_07/1_live/attempt_01
s005:instance_018:r07:o2:no_cut,5,instance_018,7,live/no_cut,2,no_cut,EXACT_CLOSED,0,0.385576,True,True,True,dfaedf6d273c5c56,1.941902,BPC_TREE_OPTIMAL,no_cut,37c44c29594e0b8b0ba429e5dd3cf7422c07ae17222bb31e16e31e57030d5e63,0,,0.004528,12.645771,/home/kai/work/GAT_BPC_moonTerk/runs/native_live_sri_v1_p0_frozen_paired_promotion_20260722/raw/scale_005/instance_018_logical_graph/repeat_07/2_no_cut/attempt_01
s005:instance_018:r08:o1:no_cut,5,instance_018,8,no_cut/live,1,no_cut,EXACT_CLOSED,0,0.389635,True,True,True,dfaedf6d273c5c56,1.941902,BPC_TREE_OPTIMAL,no_cut,37c44c29594e0b8b0ba429e5dd3cf7422c07ae17222bb31e16e31e57030d5e63,0,,0.004627,12.639908,/home/kai/work/GAT_BPC_moonTerk/runs/native_live_sri_v1_p0_frozen_paired_promotion_20260722/raw/scale_005/instance_018_logical_graph/repeat_08/1_no_cut/attempt_01
s005:instance_018:r08:o2:live,5,instance_018,8,no_cut/live,2,live,EXACT_CLOSED,0,0.417035,True,True,True,dfaedf6d273c5c56,1.941902,BPC_TREE_OPTIMAL,P0,9f0e7c4f7e2cab50267e197d55a17950aeee35aad388e47448f24873a7e92ba1,0,,0.004448,12.650364,/home/kai/work/GAT_BPC_moonTerk/runs/native_live_sri_v1_p0_frozen_paired_promotion_20260722/raw/scale_005/instance_018_logical_graph/repeat_08/2_live/attempt_01
s005:instance_018:r09:o1:live,5,instance_018,9,live/no_cut,1,live,EXACT_CLOSED,0,0.404266,True,True,True,dfaedf6d273c5c56,1.941902,BPC_TREE_OPTIMAL,P0,9f0e7c4f7e2cab50267e197d55a17950aeee35aad388e47448f24873a7e92ba1,0,,0.004581,12.645416,/home/kai/work/GAT_BPC_moonTerk/runs/native_live_sri_v1_p0_frozen_paired_promotion_20260722/raw/scale_005/instance_018_logical_graph/repeat_09/1_live/attempt_01
s005:instance_018:r09:o2:no_cut,5,instance_018,9,live/no_cut,2,no_cut,EXACT_CLOSED,0,0.411364,True,True,True,dfaedf6d273c5c56,1.941902,BPC_TREE_OPTIMAL,no_cut,37c44c29594e0b8b0ba429e5dd3cf7422c07ae17222bb31e16e31e57030d5e63,0,,0.00462,12.641296,/home/kai/work/GAT_BPC_moonTerk/runs/native_live_sri_v1_p0_frozen_paired_promotion_20260722/raw/scale_005/instance_018_logical_graph/repeat_09/2_no_cut/attempt_01
s005:instance_018:r10:o1:no_cut,5,instance_018,10,no_cut/live,1,no_cut,EXACT_CLOSED,0,0.386545,True,True,True,dfaedf6d273c5c56,1.941902,BPC_TREE_OPTIMAL,no_cut,37c44c29594e0b8b0ba429e5dd3cf7422c07ae17222bb31e16e31e57030d5e63,0,,0.004375,12.648575,/home/kai/work/GAT_BPC_moonTerk/runs/native_live_sri_v1_p0_frozen_paired_promotion_20260722/raw/scale_005/instance_018_logical_graph/repeat_10/1_no_cut/attempt_01
s005:instance_018:r10:o2:live,5,instance_018,10,no_cut/live,2,live,EXACT_CLOSED,0,0.389021,True,True,True,dfaedf6d273c5c56,1.941902,BPC_TREE_OPTIMAL,P0,9f0e7c4f7e2cab50267e197d55a17950aeee35aad388e47448f24873a7e92ba1,0,,0.004478,12.64851,/home/kai/work/GAT_BPC_moonTerk/runs/native_live_sri_v1_p0_frozen_paired_promotion_20260722/raw/scale_005/instance_018_logical_graph/repeat_10/2_live/attempt_01
s005:instance_019:r01:o1:no_cut,5,instance_019,1,no_cut/live,1,no_cut,EXACT_CLOSED,0,0.394554,True,True,True,dfaedf6d273c5c56,2.165365,BPC_TREE_OPTIMAL,no_cut,37c44c29594e0b8b0ba429e5dd3cf7422c07ae17222bb31e16e31e57030d5e63,0,,0.004307,12.644726,/home/kai/work/GAT_BPC_moonTerk/runs/native_live_sri_v1_p0_frozen_paired_promotion_20260722/raw/scale_005/instance_019_logical_graph/repeat_01/1_no_cut/attempt_01
s005:instance_019:r01:o2:live,5,instance_019,1,no_cut/live,2,live,EXACT_CLOSED,0,0.38043,True,True,True,dfaedf6d273c5c56,2.165365,BPC_TREE_OPTIMAL,P0,9f0e7c4f7e2cab50267e197d55a17950aeee35aad388e47448f24873a7e92ba1,0,,0.003815,12.643093,/home/kai/work/GAT_BPC_moonTerk/runs/native_live_sri_v1_p0_frozen_paired_promotion_20260722/raw/scale_005/instance_019_logical_graph/repeat_01/2_live/attempt_01
s005:instance_019:r02:o1:live,5,instance_019,2,live/no_cut,1,live,EXACT_CLOSED,0,0.38913,True,True,True,dfaedf6d273c5c56,2.165365,BPC_TREE_OPTIMAL,P0,9f0e7c4f7e2cab50267e197d55a17950aeee35aad388e47448f24873a7e92ba1,0,,0.004856,12.644791,/home/kai/work/GAT_BPC_moonTerk/runs/native_live_sri_v1_p0_frozen_paired_promotion_20260722/raw/scale_005/instance_019_logical_graph/repeat_02/1_live/attempt_01
s005:instance_019:r02:o2:no_cut,5,instance_019,2,live/no_cut,2,no_cut,EXACT_CLOSED,0,0.401673,True,True,True,dfaedf6d273c5c56,2.165365,BPC_TREE_OPTIMAL,no_cut,37c44c29594e0b8b0ba429e5dd3cf7422c07ae17222bb31e16e31e57030d5e63,0,,0.004196,12.646389,/home/kai/work/GAT_BPC_moonTerk/runs/native_live_sri_v1_p0_frozen_paired_promotion_20260722/raw/scale_005/instance_019_logical_graph/repeat_02/2_no_cut/attempt_01
s005:instance_019:r03:o1:no_cut,5,instance_019,3,no_cut/live,1,no_cut,EXACT_CLOSED,0,0.370886,True,True,True,dfaedf6d273c5c56,2.165365,BPC_TREE_OPTIMAL,no_cut,37c44c29594e0b8b0ba429e5dd3cf7422c07ae17222bb31e16e31e57030d5e63,0,,0.00436,12.640759,/home/kai/work/GAT_BPC_moonTerk/runs/native_live_sri_v1_p0_frozen_paired_promotion_20260722/raw/scale_005/instance_019_logical_graph/repeat_03/1_no_cut/attempt_01
s005:instance_019:r03:o2:live,5,instance_019,3,no_cut/live,2,live,EXACT_CLOSED,0,0.402179,True,True,True,dfaedf6d273c5c56,2.165365,BPC_TREE_OPTIMAL,P0,9f0e7c4f7e2cab50267e197d55a17950aeee35aad388e47448f24873a7e92ba1,0,,0.00465,12.643707,/home/kai/work/GAT_BPC_moonTerk/runs/native_live_sri_v1_p0_frozen_paired_promotion_20260722/raw/scale_005/instance_019_logical_graph/repeat_03/2_live/attempt_01
s005:instance_019:r04:o1:live,5,instance_019,4,live/no_cut,1,live,EXACT_CLOSED,0,0.398061,True,True,True,dfaedf6d273c5c56,2.165365,BPC_TREE_OPTIMAL,P0,9f0e7c4f7e2cab50267e197d55a17950aeee35aad388e47448f24873a7e92ba1,0,,0.004745,12.644115,/home/kai/work/GAT_BPC_moonTerk/runs/native_live_sri_v1_p0_frozen_paired_promotion_20260722/raw/scale_005/instance_019_logical_graph/repeat_04/1_live/attempt_01
s005:instance_019:r04:o2:no_cut,5,instance_019,4,live/no_cut,2,no_cut,EXACT_CLOSED,0,0.381238,True,True,True,dfaedf6d273c5c56,2.165365,BPC_TREE_OPTIMAL,no_cut,37c44c29594e0b8b0ba429e5dd3cf7422c07ae17222bb31e16e31e57030d5e63,0,,0.00462,12.644852,/home/kai/work/GAT_BPC_moonTerk/runs/native_live_sri_v1_p0_frozen_paired_promotion_20260722/raw/scale_005/instance_019_logical_graph/repeat_04/2_no_cut/attempt_01
s005:instance_019:r05:o1:no_cut,5,instance_019,5,no_cut/live,1,no_cut,EXACT_CLOSED,0,0.417143,True,True,True,dfaedf6d273c5c56,2.165365,BPC_TREE_OPTIMAL,no_cut,37c44c29594e0b8b0ba429e5dd3cf7422c07ae17222bb31e16e31e57030d5e63,0,,0.004723,12.64423,/home/kai/work/GAT_BPC_moonTerk/runs/native_live_sri_v1_p0_frozen_paired_promotion_20260722/raw/scale_005/instance_019_logical_graph/repeat_05/1_no_cut/attempt_01
s005:instance_019:r05:o2:live,5,instance_019,5,no_cut/live,2,live,EXACT_CLOSED,0,0.391899,True,True,True,dfaedf6d273c5c56,2.165365,BPC_TREE_OPTIMAL,P0,9f0e7c4f7e2cab50267e197d55a17950aeee35aad388e47448f24873a7e92ba1,0,,0.004627,12.645626,/home/kai/work/GAT_BPC_moonTerk/runs/native_live_sri_v1_p0_frozen_paired_promotion_20260722/raw/scale_005/instance_019_logical_graph/repeat_05/2_live/attempt_01
s005:instance_019:r06:o1:live,5,instance_019,6,live/no_cut,1,live,EXACT_CLOSED,0,0.386706,True,True,True,dfaedf6d273c5c56,2.165365,BPC_TREE_OPTIMAL,P0,9f0e7c4f7e2cab50267e197d55a17950aeee35aad388e47448f24873a7e92ba1,0,,0.004944,12.650478,/home/kai/work/GAT_BPC_moonTerk/runs/native_live_sri_v1_p0_frozen_paired_promotion_20260722/raw/scale_005/instance_019_logical_graph/repeat_06/1_live/attempt_01
s005:instance_019:r06:o2:no_cut,5,instance_019,6,live/no_cut,2,no_cut,EXACT_CLOSED,0,0.363671,True,True,True,dfaedf6d273c5c56,2.165365,BPC_TREE_OPTIMAL,no_cut,37c44c29594e0b8b0ba429e5dd3cf7422c07ae17222bb31e16e31e57030d5e63,0,,0.004379,12.646038,/home/kai/work/GAT_BPC_moonTerk/runs/native_live_sri_v1_p0_frozen_paired_promotion_20260722/raw/scale_005/instance_019_logical_graph/repeat_06/2_no_cut/attempt_01
s005:instance_019:r07:o1:no_cut,5,instance_019,7,no_cut/live,1,no_cut,EXACT_CLOSED,0,0.369096,True,True,True,dfaedf6d273c5c56,2.165365,BPC_TREE_OPTIMAL,no_cut,37c44c29594e0b8b0ba429e5dd3cf7422c07ae17222bb31e16e31e57030d5e63,0,,0.004578,12.643127,/home/kai/work/GAT_BPC_moonTerk/runs/native_live_sri_v1_p0_frozen_paired_promotion_20260722/raw/scale_005/instance_019_logical_graph/repeat_07/1_no_cut/attempt_01
s005:instance_019:r07:o2:live,5,instance_019,7,no_cut/live,2,live,EXACT_CLOSED,0,0.393619,True,True,True,dfaedf6d273c5c56,2.165365,BPC_TREE_OPTIMAL,P0,9f0e7c4f7e2cab50267e197d55a17950aeee35aad388e47448f24873a7e92ba1,0,,0.004513,12.64867,/home/kai/work/GAT_BPC_moonTerk/runs/native_live_sri_v1_p0_frozen_paired_promotion_20260722/raw/scale_005/instance_019_logical_graph/repeat_07/2_live/attempt_01
s005:instance_019:r08:o1:live,5,instance_019,8,live/no_cut,1,live,EXACT_CLOSED,0,0.38229,True,True,True,dfaedf6d273c5c56,2.165365,BPC_TREE_OPTIMAL,P0,9f0e7c4f7e2cab50267e197d55a17950aeee35aad388e47448f24873a7e92ba1,0,,0.004581,12.647179,/home/kai/work/GAT_BPC_moonTerk/runs/native_live_sri_v1_p0_frozen_paired_promotion_20260722/raw/scale_005/instance_019_logical_graph/repeat_08/1_live/attempt_01
s005:instance_019:r08:o2:no_cut,5,instance_019,8,live/no_cut,2,no_cut,EXACT_CLOSED,0,0.402794,True,True,True,dfaedf6d273c5c56,2.165365,BPC_TREE_OPTIMAL,no_cut,37c44c29594e0b8b0ba429e5dd3cf7422c07ae17222bb31e16e31e57030d5e63,0,,0.004215,12.642899,/home/kai/work/GAT_BPC_moonTerk/runs/native_live_sri_v1_p0_frozen_paired_promotion_20260722/raw/scale_005/instance_019_logical_graph/repeat_08/2_no_cut/attempt_01
s005:instance_019:r09:o1:no_cut,5,instance_019,9,no_cut/live,1,no_cut,EXACT_CLOSED,0,0.379234,True,True,True,dfaedf6d273c5c56,2.165365,BPC_TREE_OPTIMAL,no_cut,37c44c29594e0b8b0ba429e5dd3cf7422c07ae17222bb31e16e31e57030d5e63,0,,0.004353,12.648529,/home/kai/work/GAT_BPC_moonTerk/runs/native_live_sri_v1_p0_frozen_paired_promotion_20260722/raw/scale_005/instance_019_logical_graph/repeat_09/1_no_cut/attempt_01
s005:instance_019:r09:o2:live,5,instance_019,9,no_cut/live,2,live,EXACT_CLOSED,0,0.383158,True,True,True,dfaedf6d273c5c56,2.165365,BPC_TREE_OPTIMAL,P0,9f0e7c4f7e2cab50267e197d55a17950aeee35aad388e47448f24873a7e92ba1,0,,0.004719,12.644421,/home/kai/work/GAT_BPC_moonTerk/runs/native_live_sri_v1_p0_frozen_paired_promotion_20260722/raw/scale_005/instance_019_logical_graph/repeat_09/2_live/attempt_01
s005:instance_019:r10:o1:live,5,instance_019,10,live/no_cut,1,live,EXACT_CLOSED,0,0.39451,True,True,True,dfaedf6d273c5c56,2.165365,BPC_TREE_OPTIMAL,P0,9f0e7c4f7e2cab50267e197d55a17950aeee35aad388e47448f24873a7e92ba1,0,,0.004593,12.646908,/home/kai/work/GAT_BPC_moonTerk/runs/native_live_sri_v1_p0_frozen_paired_promotion_20260722/raw/scale_005/instance_019_logical_graph/repeat_10/1_live/attempt_01
s005:instance_019:r10:o2:no_cut,5,instance_019,10,live/no_cut,2,no_cut,EXACT_CLOSED,0,0.39228,True,True,True,dfaedf6d273c5c56,2.165365,BPC_TREE_OPTIMAL,no_cut,37c44c29594e0b8b0ba429e5dd3cf7422c07ae17222bb31e16e31e57030d5e63,0,,0.004574,12.645039,/home/kai/work/GAT_BPC_moonTerk/runs/native_live_sri_v1_p0_frozen_paired_promotion_20260722/raw/scale_005/instance_019_logical_graph/repeat_10/2_no_cut/attempt_01
s005:instance_020:r01:o1:live,5,instance_020,1,live/no_cut,1,live,EXACT_CLOSED,0,0.413079,True,True,True,dfaedf6d273c5c56,2.170592,BPC_TREE_OPTIMAL,P0,9f0e7c4f7e2cab50267e197d55a17950aeee35aad388e47448f24873a7e92ba1,0,,0.004402,12.645107,/home/kai/work/GAT_BPC_moonTerk/runs/native_live_sri_v1_p0_frozen_paired_promotion_20260722/raw/scale_005/instance_020_logical_graph/repeat_01/1_live/attempt_01
s005:instance_020:r01:o2:no_cut,5,instance_020,1,live/no_cut,2,no_cut,EXACT_CLOSED,0,0.398968,True,True,True,dfaedf6d273c5c56,2.170592,BPC_TREE_OPTIMAL,no_cut,37c44c29594e0b8b0ba429e5dd3cf7422c07ae17222bb31e16e31e57030d5e63,0,,0.00433,12.642059,/home/kai/work/GAT_BPC_moonTerk/runs/native_live_sri_v1_p0_frozen_paired_promotion_20260722/raw/scale_005/instance_020_logical_graph/repeat_01/2_no_cut/attempt_01
s005:instance_020:r02:o1:no_cut,5,instance_020,2,no_cut/live,1,no_cut,EXACT_CLOSED,0,0.373366,True,True,True,dfaedf6d273c5c56,2.170592,BPC_TREE_OPTIMAL,no_cut,37c44c29594e0b8b0ba429e5dd3cf7422c07ae17222bb31e16e31e57030d5e63,0,,0.004654,12.640881,/home/kai/work/GAT_BPC_moonTerk/runs/native_live_sri_v1_p0_frozen_paired_promotion_20260722/raw/scale_005/instance_020_logical_graph/repeat_02/1_no_cut/attempt_01
s005:instance_020:r02:o2:live,5,instance_020,2,no_cut/live,2,live,EXACT_CLOSED,0,0.38477,True,True,True,dfaedf6d273c5c56,2.170592,BPC_TREE_OPTIMAL,P0,9f0e7c4f7e2cab50267e197d55a17950aeee35aad388e47448f24873a7e92ba1,0,,0.004486,12.640842,/home/kai/work/GAT_BPC_moonTerk/runs/native_live_sri_v1_p0_frozen_paired_promotion_20260722/raw/scale_005/instance_020_logical_graph/repeat_02/2_live/attempt_01
s005:instance_020:r03:o1:live,5,instance_020,3,live/no_cut,1,live,EXACT_CLOSED,0,0.375373,True,True,True,dfaedf6d273c5c56,2.170592,BPC_TREE_OPTIMAL,P0,9f0e7c4f7e2cab50267e197d55a17950aeee35aad388e47448f24873a7e92ba1,0,,0.004826,12.643059,/home/kai/work/GAT_BPC_moonTerk/runs/native_live_sri_v1_p0_frozen_paired_promotion_20260722/raw/scale_005/instance_020_logical_graph/repeat_03/1_live/attempt_01
s005:instance_020:r03:o2:no_cut,5,instance_020,3,live/no_cut,2,no_cut,EXACT_CLOSED,0,0.378608,True,True,True,dfaedf6d273c5c56,2.170592,BPC_TREE_OPTIMAL,no_cut,37c44c29594e0b8b0ba429e5dd3cf7422c07ae17222bb31e16e31e57030d5e63,0,,0.004841,12.641571,/home/kai/work/GAT_BPC_moonTerk/runs/native_live_sri_v1_p0_frozen_paired_promotion_20260722/raw/scale_005/instance_020_logical_graph/repeat_03/2_no_cut/attempt_01
s005:instance_020:r04:o1:no_cut,5,instance_020,4,no_cut/live,1,no_cut,EXACT_CLOSED,0,0.390807,True,True,True,dfaedf6d273c5c56,2.170592,BPC_TREE_OPTIMAL,no_cut,37c44c29594e0b8b0ba429e5dd3cf7422c07ae17222bb31e16e31e57030d5e63,0,,0.004574,12.64262,/home/kai/work/GAT_BPC_moonTerk/runs/native_live_sri_v1_p0_frozen_paired_promotion_20260722/raw/scale_005/instance_020_logical_graph/repeat_04/1_no_cut/attempt_01
s005:instance_020:r04:o2:live,5,instance_020,4,no_cut/live,2,live,EXACT_CLOSED,0,0.383648,True,True,True,dfaedf6d273c5c56,2.170592,BPC_TREE_OPTIMAL,P0,9f0e7c4f7e2cab50267e197d55a17950aeee35aad388e47448f24873a7e92ba1,0,,0.004547,12.646603,/home/kai/work/GAT_BPC_moonTerk/runs/native_live_sri_v1_p0_frozen_paired_promotion_20260722/raw/scale_005/instance_020_logical_graph/repeat_04/2_live/attempt_01
s005:instance_020:r05:o1:live,5,instance_020,5,live/no_cut,1,live,EXACT_CLOSED,0,0.391891,True,True,True,dfaedf6d273c5c56,2.170592,BPC_TREE_OPTIMAL,P0,9f0e7c4f7e2cab50267e197d55a17950aeee35aad388e47448f24873a7e92ba1,0,,0.004295,12.644928,/home/kai/work/GAT_BPC_moonTerk/runs/native_live_sri_v1_p0_frozen_paired_promotion_20260722/raw/scale_005/instance_020_logical_graph/repeat_05/1_live/attempt_01
s005:instance_020:r05:o2:no_cut,5,instance_020,5,live/no_cut,2,no_cut,EXACT_CLOSED,0,0.398569,True,True,True,dfaedf6d273c5c56,2.170592,BPC_TREE_OPTIMAL,no_cut,37c44c29594e0b8b0ba429e5dd3cf7422c07ae17222bb31e16e31e57030d5e63,0,,0.004986,12.639,/home/kai/work/GAT_BPC_moonTerk/runs/native_live_sri_v1_p0_frozen_paired_promotion_20260722/raw/scale_005/instance_020_logical_graph/repeat_05/2_no_cut/attempt_01
s005:instance_020:r06:o1:no_cut,5,instance_020,6,no_cut/live,1,no_cut,EXACT_CLOSED,0,0.412637,True,True,True,dfaedf6d273c5c56,2.170592,BPC_TREE_OPTIMAL,no_cut,37c44c29594e0b8b0ba429e5dd3cf7422c07ae17222bb31e16e31e57030d5e63,0,,0.004482,12.638645,/home/kai/work/GAT_BPC_moonTerk/runs/native_live_sri_v1_p0_frozen_paired_promotion_20260722/raw/scale_005/instance_020_logical_graph/repeat_06/1_no_cut/attempt_01
s005:instance_020:r06:o2:live,5,instance_020,6,no_cut/live,2,live,EXACT_CLOSED,0,0.387666,True,True,True,dfaedf6d273c5c56,2.170592,BPC_TREE_OPTIMAL,P0,9f0e7c4f7e2cab50267e197d55a17950aeee35aad388e47448f24873a7e92ba1,0,,0.00415,12.644413,/home/kai/work/GAT_BPC_moonTerk/runs/native_live_sri_v1_p0_frozen_paired_promotion_20260722/raw/scale_005/instance_020_logical_graph/repeat_06/2_live/attempt_01
s005:instance_020:r07:o1:live,5,instance_020,7,live/no_cut,1,live,EXACT_CLOSED,0,0.379459,True,True,True,dfaedf6d273c5c56,2.170592,BPC_TREE_OPTIMAL,P0,9f0e7c4f7e2cab50267e197d55a17950aeee35aad388e47448f24873a7e92ba1,0,,0.004341,12.639,/home/kai/work/GAT_BPC_moonTerk/runs/native_live_sri_v1_p0_frozen_paired_promotion_20260722/raw/scale_005/instance_020_logical_graph/repeat_07/1_live/attempt_01
s005:instance_020:r07:o2:no_cut,5,instance_020,7,live/no_cut,2,no_cut,EXACT_CLOSED,0,0.377889,True,True,True,dfaedf6d273c5c56,2.170592,BPC_TREE_OPTIMAL,no_cut,37c44c29594e0b8b0ba429e5dd3cf7422c07ae17222bb31e16e31e57030d5e63,0,,0.00465,12.63958,/home/kai/work/GAT_BPC_moonTerk/runs/native_live_sri_v1_p0_frozen_paired_promotion_20260722/raw/scale_005/instance_020_logical_graph/repeat_07/2_no_cut/attempt_01
s005:instance_020:r08:o1:no_cut,5,instance_020,8,no_cut/live,1,no_cut,EXACT_CLOSED,0,0.399922,True,True,True,dfaedf6d273c5c56,2.170592,BPC_TREE_OPTIMAL,no_cut,37c44c29594e0b8b0ba429e5dd3cf7422c07ae17222bb31e16e31e57030d5e63,0,,0.00428,12.640232,/home/kai/work/GAT_BPC_moonTerk/runs/native_live_sri_v1_p0_frozen_paired_promotion_20260722/raw/scale_005/instance_020_logical_graph/repeat_08/1_no_cut/attempt_01
s005:instance_020:r08:o2:live,5,instance_020,8,no_cut/live,2,live,EXACT_CLOSED,0,0.389764,True,True,True,dfaedf6d273c5c56,2.170592,BPC_TREE_OPTIMAL,P0,9f0e7c4f7e2cab50267e197d55a17950aeee35aad388e47448f24873a7e92ba1,0,,0.004555,12.642761,/home/kai/work/GAT_BPC_moonTerk/runs/native_live_sri_v1_p0_frozen_paired_promotion_20260722/raw/scale_005/instance_020_logical_graph/repeat_08/2_live/attempt_01
s005:instance_020:r09:o1:live,5,instance_020,9,live/no_cut,1,live,EXACT_CLOSED,0,0.429694,True,True,True,dfaedf6d273c5c56,2.170592,BPC_TREE_OPTIMAL,P0,9f0e7c4f7e2cab50267e197d55a17950aeee35aad388e47448f24873a7e92ba1,0,,0.004425,12.644066,/home/kai/work/GAT_BPC_moonTerk/runs/native_live_sri_v1_p0_frozen_paired_promotion_20260722/raw/scale_005/instance_020_logical_graph/repeat_09/1_live/attempt_01
s005:instance_020:r09:o2:no_cut,5,instance_020,9,live/no_cut,2,no_cut,EXACT_CLOSED,0,0.398461,True,True,True,dfaedf6d273c5c56,2.170592,BPC_TREE_OPTIMAL,no_cut,37c44c29594e0b8b0ba429e5dd3cf7422c07ae17222bb31e16e31e57030d5e63,0,,0.00441,12.638119,/home/kai/work/GAT_BPC_moonTerk/runs/native_live_sri_v1_p0_frozen_paired_promotion_20260722/raw/scale_005/instance_020_logical_graph/repeat_09/2_no_cut/attempt_01
s005:instance_020:r10:o1:no_cut,5,instance_020,10,no_cut/live,1,no_cut,EXACT_CLOSED,0,0.41442,True,True,True,dfaedf6d273c5c56,2.170592,BPC_TREE_OPTIMAL,no_cut,37c44c29594e0b8b0ba429e5dd3cf7422c07ae17222bb31e16e31e57030d5e63,0,,0.004593,12.638416,/home/kai/work/GAT_BPC_moonTerk/runs/native_live_sri_v1_p0_frozen_paired_promotion_20260722/raw/scale_005/instance_020_logical_graph/repeat_10/1_no_cut/attempt_01
s005:instance_020:r10:o2:live,5,instance_020,10,no_cut/live,2,live,EXACT_CLOSED,0,0.419538,True,True,True,dfaedf6d273c5c56,2.170592,BPC_TREE_OPTIMAL,P0,9f0e7c4f7e2cab50267e197d55a17950aeee35aad388e47448f24873a7e92ba1,0,,0.004642,12.638477,/home/kai/work/GAT_BPC_moonTerk/runs/native_live_sri_v1_p0_frozen_paired_promotion_20260722/raw/scale_005/instance_020_logical_graph/repeat_10/2_live/attempt_01
s010:instance_001:r01:o1:no_cut,10,instance_001,1,no_cut/live,1,no_cut,EXACT_CLOSED,0,0.671225,True,True,True,dfaedf6d273c5c56,2.014478,BPC_TREE_OPTIMAL,no_cut,37c44c29594e0b8b0ba429e5dd3cf7422c07ae17222bb31e16e31e57030d5e63,0,,0.004349,12.639671,/home/kai/work/GAT_BPC_moonTerk/runs/native_live_sri_v1_p0_frozen_paired_promotion_20260722/raw/scale_010/instance_001_logical_graph/repeat_01/1_no_cut/attempt_01
s010:instance_001:r01:o2:live,10,instance_001,1,no_cut/live,2,live,EXACT_CLOSED,0,0.675424,True,True,True,dfaedf6d273c5c56,2.014478,BPC_TREE_OPTIMAL,P0,9f0e7c4f7e2cab50267e197d55a17950aeee35aad388e47448f24873a7e92ba1,0,,0.004642,12.642334,/home/kai/work/GAT_BPC_moonTerk/runs/native_live_sri_v1_p0_frozen_paired_promotion_20260722/raw/scale_010/instance_001_logical_graph/repeat_01/2_live/attempt_01
s010:instance_001:r02:o1:live,10,instance_001,2,live/no_cut,1,live,EXACT_CLOSED,0,0.691251,True,True,True,dfaedf6d273c5c56,2.014478,BPC_TREE_OPTIMAL,P0,9f0e7c4f7e2cab50267e197d55a17950aeee35aad388e47448f24873a7e92ba1,0,,0.004295,12.637318,/home/kai/work/GAT_BPC_moonTerk/runs/native_live_sri_v1_p0_frozen_paired_promotion_20260722/raw/scale_010/instance_001_logical_graph/repeat_02/1_live/attempt_01
s010:instance_001:r02:o2:no_cut,10,instance_001,2,live/no_cut,2,no_cut,EXACT_CLOSED,0,0.678515,True,True,True,dfaedf6d273c5c56,2.014478,BPC_TREE_OPTIMAL,no_cut,37c44c29594e0b8b0ba429e5dd3cf7422c07ae17222bb31e16e31e57030d5e63,0,,0.004608,12.640663,/home/kai/work/GAT_BPC_moonTerk/runs/native_live_sri_v1_p0_frozen_paired_promotion_20260722/raw/scale_010/instance_001_logical_graph/repeat_02/2_no_cut/attempt_01
s010:instance_001:r03:o1:no_cut,10,instance_001,3,no_cut/live,1,no_cut,EXACT_CLOSED,0,0.665446,True,True,True,dfaedf6d273c5c56,2.014478,BPC_TREE_OPTIMAL,no_cut,37c44c29594e0b8b0ba429e5dd3cf7422c07ae17222bb31e16e31e57030d5e63,0,,0.004566,12.639027,/home/kai/work/GAT_BPC_moonTerk/runs/native_live_sri_v1_p0_frozen_paired_promotion_20260722/raw/scale_010/instance_001_logical_graph/repeat_03/1_no_cut/attempt_01
s010:instance_001:r03:o2:live,10,instance_001,3,no_cut/live,2,live,EXACT_CLOSED,0,0.66689,True,True,True,dfaedf6d273c5c56,2.014478,BPC_TREE_OPTIMAL,P0,9f0e7c4f7e2cab50267e197d55a17950aeee35aad388e47448f24873a7e92ba1,0,,0.004498,12.640564,/home/kai/work/GAT_BPC_moonTerk/runs/native_live_sri_v1_p0_frozen_paired_promotion_20260722/raw/scale_010/instance_001_logical_graph/repeat_03/2_live/attempt_01
s010:instance_001:r04:o1:live,10,instance_001,4,live/no_cut,1,live,EXACT_CLOSED,0,0.665289,True,True,True,dfaedf6d273c5c56,2.014478,BPC_TREE_OPTIMAL,P0,9f0e7c4f7e2cab50267e197d55a17950aeee35aad388e47448f24873a7e92ba1,0,,0.004581,12.643368,/home/kai/work/GAT_BPC_moonTerk/runs/native_live_sri_v1_p0_frozen_paired_promotion_20260722/raw/scale_010/instance_001_logical_graph/repeat_04/1_live/attempt_01
s010:instance_001:r04:o2:no_cut,10,instance_001,4,live/no_cut,2,no_cut,EXACT_CLOSED,0,0.660621,True,True,True,dfaedf6d273c5c56,2.014478,BPC_TREE_OPTIMAL,no_cut,37c44c29594e0b8b0ba429e5dd3cf7422c07ae17222bb31e16e31e57030d5e63,0,,0.005062,12.645805,/home/kai/work/GAT_BPC_moonTerk/runs/native_live_sri_v1_p0_frozen_paired_promotion_20260722/raw/scale_010/instance_001_logical_graph/repeat_04/2_no_cut/attempt_01
s010:instance_001:r05:o1:no_cut,10,instance_001,5,no_cut/live,1,no_cut,EXACT_CLOSED,0,0.673109,True,True,True,dfaedf6d273c5c56,2.014478,BPC_TREE_OPTIMAL,no_cut,37c44c29594e0b8b0ba429e5dd3cf7422c07ae17222bb31e16e31e57030d5e63,0,,0.004574,12.631641,/home/kai/work/GAT_BPC_moonTerk/runs/native_live_sri_v1_p0_frozen_paired_promotion_20260722/raw/scale_010/instance_001_logical_graph/repeat_05/1_no_cut/attempt_01
s010:instance_001:r05:o2:live,10,instance_001,5,no_cut/live,2,live,EXACT_CLOSED,0,0.666081,True,True,True,dfaedf6d273c5c56,2.014478,BPC_TREE_OPTIMAL,P0,9f0e7c4f7e2cab50267e197d55a17950aeee35aad388e47448f24873a7e92ba1,0,,0.00428,12.640331,/home/kai/work/GAT_BPC_moonTerk/runs/native_live_sri_v1_p0_frozen_paired_promotion_20260722/raw/scale_010/instance_001_logical_graph/repeat_05/2_live/attempt_01
s010:instance_001:r06:o1:live,10,instance_001,6,live/no_cut,1,live,EXACT_CLOSED,0,0.689753,True,True,True,dfaedf6d273c5c56,2.014478,BPC_TREE_OPTIMAL,P0,9f0e7c4f7e2cab50267e197d55a17950aeee35aad388e47448f24873a7e92ba1,0,,0.004696,12.644272,/home/kai/work/GAT_BPC_moonTerk/runs/native_live_sri_v1_p0_frozen_paired_promotion_20260722/raw/scale_010/instance_001_logical_graph/repeat_06/1_live/attempt_01
s010:instance_001:r06:o2:no_cut,10,instance_001,6,live/no_cut,2,no_cut,EXACT_CLOSED,0,0.654746,True,True,True,dfaedf6d273c5c56,2.014478,BPC_TREE_OPTIMAL,no_cut,37c44c29594e0b8b0ba429e5dd3cf7422c07ae17222bb31e16e31e57030d5e63,0,,0.004784,12.642719,/home/kai/work/GAT_BPC_moonTerk/runs/native_live_sri_v1_p0_frozen_paired_promotion_20260722/raw/scale_010/instance_001_logical_graph/repeat_06/2_no_cut/attempt_01
s010:instance_001:r07:o1:no_cut,10,instance_001,7,no_cut/live,1,no_cut,EXACT_CLOSED,0,0.670657,True,True,True,dfaedf6d273c5c56,2.014478,BPC_TREE_OPTIMAL,no_cut,37c44c29594e0b8b0ba429e5dd3cf7422c07ae17222bb31e16e31e57030d5e63,0,,0.004612,12.646553,/home/kai/work/GAT_BPC_moonTerk/runs/native_live_sri_v1_p0_frozen_paired_promotion_20260722/raw/scale_010/instance_001_logical_graph/repeat_07/1_no_cut/attempt_01
s010:instance_001:r07:o2:live,10,instance_001,7,no_cut/live,2,live,EXACT_CLOSED,0,0.676748,True,True,True,dfaedf6d273c5c56,2.014478,BPC_TREE_OPTIMAL,P0,9f0e7c4f7e2cab50267e197d55a17950aeee35aad388e47448f24873a7e92ba1,0,,0.004444,12.644802,/home/kai/work/GAT_BPC_moonTerk/runs/native_live_sri_v1_p0_frozen_paired_promotion_20260722/raw/scale_010/instance_001_logical_graph/repeat_07/2_live/attempt_01
s010:instance_001:r08:o1:live,10,instance_001,8,live/no_cut,1,live,EXACT_CLOSED,0,0.663248,True,True,True,dfaedf6d273c5c56,2.014478,BPC_TREE_OPTIMAL,P0,9f0e7c4f7e2cab50267e197d55a17950aeee35aad388e47448f24873a7e92ba1,0,,0.004585,12.649242,/home/kai/work/GAT_BPC_moonTerk/runs/native_live_sri_v1_p0_frozen_paired_promotion_20260722/raw/scale_010/instance_001_logical_graph/repeat_08/1_live/attempt_01
s010:instance_001:r08:o2:no_cut,10,instance_001,8,live/no_cut,2,no_cut,EXACT_CLOSED,0,0.666428,True,True,True,dfaedf6d273c5c56,2.014478,BPC_TREE_OPTIMAL,no_cut,37c44c29594e0b8b0ba429e5dd3cf7422c07ae17222bb31e16e31e57030d5e63,0,,0.004475,12.639545,/home/kai/work/GAT_BPC_moonTerk/runs/native_live_sri_v1_p0_frozen_paired_promotion_20260722/raw/scale_010/instance_001_logical_graph/repeat_08/2_no_cut/attempt_01
s010:instance_001:r09:o1:no_cut,10,instance_001,9,no_cut/live,1,no_cut,EXACT_CLOSED,0,0.657087,True,True,True,dfaedf6d273c5c56,2.014478,BPC_TREE_OPTIMAL,no_cut,37c44c29594e0b8b0ba429e5dd3cf7422c07ae17222bb31e16e31e57030d5e63,0,,0.004498,12.64666,/home/kai/work/GAT_BPC_moonTerk/runs/native_live_sri_v1_p0_frozen_paired_promotion_20260722/raw/scale_010/instance_001_logical_graph/repeat_09/1_no_cut/attempt_01
s010:instance_001:r09:o2:live,10,instance_001,9,no_cut/live,2,live,EXACT_CLOSED,0,0.666884,True,True,True,dfaedf6d273c5c56,2.014478,BPC_TREE_OPTIMAL,P0,9f0e7c4f7e2cab50267e197d55a17950aeee35aad388e47448f24873a7e92ba1,0,,0.004585,12.641365,/home/kai/work/GAT_BPC_moonTerk/runs/native_live_sri_v1_p0_frozen_paired_promotion_20260722/raw/scale_010/instance_001_logical_graph/repeat_09/2_live/attempt_01
s010:instance_001:r10:o1:live,10,instance_001,10,live/no_cut,1,live,EXACT_CLOSED,0,0.683013,True,True,True,dfaedf6d273c5c56,2.014478,BPC_TREE_OPTIMAL,P0,9f0e7c4f7e2cab50267e197d55a17950aeee35aad388e47448f24873a7e92ba1,0,,0.004581,12.642994,/home/kai/work/GAT_BPC_moonTerk/runs/native_live_sri_v1_p0_frozen_paired_promotion_20260722/raw/scale_010/instance_001_logical_graph/repeat_10/1_live/attempt_01
s010:instance_001:r10:o2:no_cut,10,instance_001,10,live/no_cut,2,no_cut,EXACT_CLOSED,0,0.657815,True,True,True,dfaedf6d273c5c56,2.014478,BPC_TREE_OPTIMAL,no_cut,37c44c29594e0b8b0ba429e5dd3cf7422c07ae17222bb31e16e31e57030d5e63,0,,0.004612,12.646286,/home/kai/work/GAT_BPC_moonTerk/runs/native_live_sri_v1_p0_frozen_paired_promotion_20260722/raw/scale_010/instance_001_logical_graph/repeat_10/2_no_cut/attempt_01
s010:instance_002:r01:o1:live,10,instance_002,1,live/no_cut,1,live,EXACT_CLOSED,0,0.592622,True,True,True,dfaedf6d273c5c56,1.825155,BPC_TREE_OPTIMAL,P0,9f0e7c4f7e2cab50267e197d55a17950aeee35aad388e47448f24873a7e92ba1,0,,0.004395,12.644363,/home/kai/work/GAT_BPC_moonTerk/runs/native_live_sri_v1_p0_frozen_paired_promotion_20260722/raw/scale_010/instance_002_logical_graph/repeat_01/1_live/attempt_01
s010:instance_002:r01:o2:no_cut,10,instance_002,1,live/no_cut,2,no_cut,EXACT_CLOSED,0,0.607662,True,True,True,dfaedf6d273c5c56,1.825155,BPC_TREE_OPTIMAL,no_cut,37c44c29594e0b8b0ba429e5dd3cf7422c07ae17222bb31e16e31e57030d5e63,0,,0.004459,12.647984,/home/kai/work/GAT_BPC_moonTerk/runs/native_live_sri_v1_p0_frozen_paired_promotion_20260722/raw/scale_010/instance_002_logical_graph/repeat_01/2_no_cut/attempt_01
s010:instance_002:r02:o1:no_cut,10,instance_002,2,no_cut/live,1,no_cut,EXACT_CLOSED,0,0.60593,True,True,True,dfaedf6d273c5c56,1.825155,BPC_TREE_OPTIMAL,no_cut,37c44c29594e0b8b0ba429e5dd3cf7422c07ae17222bb31e16e31e57030d5e63,0,,0.00441,12.643074,/home/kai/work/GAT_BPC_moonTerk/runs/native_live_sri_v1_p0_frozen_paired_promotion_20260722/raw/scale_010/instance_002_logical_graph/repeat_02/1_no_cut/attempt_01
s010:instance_002:r02:o2:live,10,instance_002,2,no_cut/live,2,live,EXACT_CLOSED,0,0.607031,True,True,True,dfaedf6d273c5c56,1.825155,BPC_TREE_OPTIMAL,P0,9f0e7c4f7e2cab50267e197d55a17950aeee35aad388e47448f24873a7e92ba1,0,,0.004581,12.639931,/home/kai/work/GAT_BPC_moonTerk/runs/native_live_sri_v1_p0_frozen_paired_promotion_20260722/raw/scale_010/instance_002_logical_graph/repeat_02/2_live/attempt_01
s010:instance_002:r03:o1:live,10,instance_002,3,live/no_cut,1,live,EXACT_CLOSED,0,0.59846,True,True,True,dfaedf6d273c5c56,1.825155,BPC_TREE_OPTIMAL,P0,9f0e7c4f7e2cab50267e197d55a17950aeee35aad388e47448f24873a7e92ba1,0,,0.004482,12.639603,/home/kai/work/GAT_BPC_moonTerk/runs/native_live_sri_v1_p0_frozen_paired_promotion_20260722/raw/scale_010/instance_002_logical_graph/repeat_03/1_live/attempt_01
s010:instance_002:r03:o2:no_cut,10,instance_002,3,live/no_cut,2,no_cut,EXACT_CLOSED,0,0.621689,True,True,True,dfaedf6d273c5c56,1.825155,BPC_TREE_OPTIMAL,no_cut,37c44c29594e0b8b0ba429e5dd3cf7422c07ae17222bb31e16e31e57030d5e63,0,,0.004501,12.641285,/home/kai/work/GAT_BPC_moonTerk/runs/native_live_sri_v1_p0_frozen_paired_promotion_20260722/raw/scale_010/instance_002_logical_graph/repeat_03/2_no_cut/attempt_01
s010:instance_002:r04:o1:no_cut,10,instance_002,4,no_cut/live,1,no_cut,EXACT_CLOSED,0,0.600314,True,True,True,dfaedf6d273c5c56,1.825155,BPC_TREE_OPTIMAL,no_cut,37c44c29594e0b8b0ba429e5dd3cf7422c07ae17222bb31e16e31e57030d5e63,0,,0.004627,12.646183,/home/kai/work/GAT_BPC_moonTerk/runs/native_live_sri_v1_p0_frozen_paired_promotion_20260722/raw/scale_010/instance_002_logical_graph/repeat_04/1_no_cut/attempt_01
s010:instance_002:r04:o2:live,10,instance_002,4,no_cut/live,2,live,EXACT_CLOSED,0,0.634592,True,True,True,dfaedf6d273c5c56,1.825155,BPC_TREE_OPTIMAL,P0,9f0e7c4f7e2cab50267e197d55a17950aeee35aad388e47448f24873a7e92ba1,0,,0.004784,12.641487,/home/kai/work/GAT_BPC_moonTerk/runs/native_live_sri_v1_p0_frozen_paired_promotion_20260722/raw/scale_010/instance_002_logical_graph/repeat_04/2_live/attempt_01
s010:instance_002:r05:o1:live,10,instance_002,5,live/no_cut,1,live,EXACT_CLOSED,0,0.604919,True,True,True,dfaedf6d273c5c56,1.825155,BPC_TREE_OPTIMAL,P0,9f0e7c4f7e2cab50267e197d55a17950aeee35aad388e47448f24873a7e92ba1,0,,0.004257,12.642651,/home/kai/work/GAT_BPC_moonTerk/runs/native_live_sri_v1_p0_frozen_paired_promotion_20260722/raw/scale_010/instance_002_logical_graph/repeat_05/1_live/attempt_01
s010:instance_002:r05:o2:no_cut,10,instance_002,5,live/no_cut,2,no_cut,EXACT_CLOSED,0,0.616008,True,True,True,dfaedf6d273c5c56,1.825155,BPC_TREE_OPTIMAL,no_cut,37c44c29594e0b8b0ba429e5dd3cf7422c07ae17222bb31e16e31e57030d5e63,0,,0.004551,12.637695,/home/kai/work/GAT_BPC_moonTerk/runs/native_live_sri_v1_p0_frozen_paired_promotion_20260722/raw/scale_010/instance_002_logical_graph/repeat_05/2_no_cut/attempt_01
s010:instance_002:r06:o1:no_cut,10,instance_002,6,no_cut/live,1,no_cut,EXACT_CLOSED,0,0.610546,True,True,True,dfaedf6d273c5c56,1.825155,BPC_TREE_OPTIMAL,no_cut,37c44c29594e0b8b0ba429e5dd3cf7422c07ae17222bb31e16e31e57030d5e63,0,,0.004585,12.637768,/home/kai/work/GAT_BPC_moonTerk/runs/native_live_sri_v1_p0_frozen_paired_promotion_20260722/raw/scale_010/instance_002_logical_graph/repeat_06/1_no_cut/attempt_01
s010:instance_002:r06:o2:live,10,instance_002,6,no_cut/live,2,live,EXACT_CLOSED,0,0.603503,True,True,True,dfaedf6d273c5c56,1.825155,BPC_TREE_OPTIMAL,P0,9f0e7c4f7e2cab50267e197d55a17950aeee35aad388e47448f24873a7e92ba1,0,,0.004524,12.643379,/home/kai/work/GAT_BPC_moonTerk/runs/native_live_sri_v1_p0_frozen_paired_promotion_20260722/raw/scale_010/instance_002_logical_graph/repeat_06/2_live/attempt_01
s010:instance_002:r07:o1:live,10,instance_002,7,live/no_cut,1,live,EXACT_CLOSED,0,0.604669,True,True,True,dfaedf6d273c5c56,1.825155,BPC_TREE_OPTIMAL,P0,9f0e7c4f7e2cab50267e197d55a17950aeee35aad388e47448f24873a7e92ba1,0,,0.004501,12.638004,/home/kai/work/GAT_BPC_moonTerk/runs/native_live_sri_v1_p0_frozen_paired_promotion_20260722/raw/scale_010/instance_002_logical_graph/repeat_07/1_live/attempt_01
s010:instance_002:r07:o2:no_cut,10,instance_002,7,live/no_cut,2,no_cut,EXACT_CLOSED,0,0.602956,True,True,True,dfaedf6d273c5c56,1.825155,BPC_TREE_OPTIMAL,no_cut,37c44c29594e0b8b0ba429e5dd3cf7422c07ae17222bb31e16e31e57030d5e63,0,,0.004688,12.644646,/home/kai/work/GAT_BPC_moonTerk/runs/native_live_sri_v1_p0_frozen_paired_promotion_20260722/raw/scale_010/instance_002_logical_graph/repeat_07/2_no_cut/attempt_01
s010:instance_002:r08:o1:no_cut,10,instance_002,8,no_cut/live,1,no_cut,EXACT_CLOSED,0,0.61629,True,True,True,dfaedf6d273c5c56,1.825155,BPC_TREE_OPTIMAL,no_cut,37c44c29594e0b8b0ba429e5dd3cf7422c07ae17222bb31e16e31e57030d5e63,0,,0.004486,12.636211,/home/kai/work/GAT_BPC_moonTerk/runs/native_live_sri_v1_p0_frozen_paired_promotion_20260722/raw/scale_010/instance_002_logical_graph/repeat_08/1_no_cut/attempt_01
s010:instance_002:r08:o2:live,10,instance_002,8,no_cut/live,2,live,EXACT_CLOSED,0,0.602477,True,True,True,dfaedf6d273c5c56,1.825155,BPC_TREE_OPTIMAL,P0,9f0e7c4f7e2cab50267e197d55a17950aeee35aad388e47448f24873a7e92ba1,0,,0.004749,12.632973,/home/kai/work/GAT_BPC_moonTerk/runs/native_live_sri_v1_p0_frozen_paired_promotion_20260722/raw/scale_010/instance_002_logical_graph/repeat_08/2_live/attempt_01
s010:instance_002:r09:o1:live,10,instance_002,9,live/no_cut,1,live,EXACT_CLOSED,0,0.610783,True,True,True,dfaedf6d273c5c56,1.825155,BPC_TREE_OPTIMAL,P0,9f0e7c4f7e2cab50267e197d55a17950aeee35aad388e47448f24873a7e92ba1,0,,0.004509,12.640148,/home/kai/work/GAT_BPC_moonTerk/runs/native_live_sri_v1_p0_frozen_paired_promotion_20260722/raw/scale_010/instance_002_logical_graph/repeat_09/1_live/attempt_01
s010:instance_002:r09:o2:no_cut,10,instance_002,9,live/no_cut,2,no_cut,EXACT_CLOSED,0,0.595632,True,True,True,dfaedf6d273c5c56,1.825155,BPC_TREE_OPTIMAL,no_cut,37c44c29594e0b8b0ba429e5dd3cf7422c07ae17222bb31e16e31e57030d5e63,0,,0.004387,12.636532,/home/kai/work/GAT_BPC_moonTerk/runs/native_live_sri_v1_p0_frozen_paired_promotion_20260722/raw/scale_010/instance_002_logical_graph/repeat_09/2_no_cut/attempt_01
s010:instance_002:r10:o1:no_cut,10,instance_002,10,no_cut/live,1,no_cut,EXACT_CLOSED,0,0.607986,True,True,True,dfaedf6d273c5c56,1.825155,BPC_TREE_OPTIMAL,no_cut,37c44c29594e0b8b0ba429e5dd3cf7422c07ae17222bb31e16e31e57030d5e63,0,,0.004559,12.628349,/home/kai/work/GAT_BPC_moonTerk/runs/native_live_sri_v1_p0_frozen_paired_promotion_20260722/raw/scale_010/instance_002_logical_graph/repeat_10/1_no_cut/attempt_01
s010:instance_002:r10:o2:live,10,instance_002,10,no_cut/live,2,live,EXACT_CLOSED,0,0.596532,True,True,True,dfaedf6d273c5c56,1.825155,BPC_TREE_OPTIMAL,P0,9f0e7c4f7e2cab50267e197d55a17950aeee35aad388e47448f24873a7e92ba1,0,,0.004356,12.636467,/home/kai/work/GAT_BPC_moonTerk/runs/native_live_sri_v1_p0_frozen_paired_promotion_20260722/raw/scale_010/instance_002_logical_graph/repeat_10/2_live/attempt_01
s010:instance_003:r01:o1:no_cut,10,instance_003,1,no_cut/live,1,no_cut,EXACT_CLOSED,0,0.738868,True,True,True,dfaedf6d273c5c56,1.641878,BPC_TREE_OPTIMAL,no_cut,37c44c29594e0b8b0ba429e5dd3cf7422c07ae17222bb31e16e31e57030d5e63,0,,0.004555,12.642841,/home/kai/work/GAT_BPC_moonTerk/runs/native_live_sri_v1_p0_frozen_paired_promotion_20260722/raw/scale_010/instance_003_logical_graph/repeat_01/1_no_cut/attempt_01
s010:instance_003:r01:o2:live,10,instance_003,1,no_cut/live,2,live,EXACT_CLOSED,0,0.715124,True,True,True,dfaedf6d273c5c56,1.641878,BPC_TREE_OPTIMAL,P0,9f0e7c4f7e2cab50267e197d55a17950aeee35aad388e47448f24873a7e92ba1,4,,0.004559,12.638565,/home/kai/work/GAT_BPC_moonTerk/runs/native_live_sri_v1_p0_frozen_paired_promotion_20260722/raw/scale_010/instance_003_logical_graph/repeat_01/2_live/attempt_01
s010:instance_003:r02:o1:live,10,instance_003,2,live/no_cut,1,live,EXACT_CLOSED,0,0.687981,True,True,True,dfaedf6d273c5c56,1.641878,BPC_TREE_OPTIMAL,P0,9f0e7c4f7e2cab50267e197d55a17950aeee35aad388e47448f24873a7e92ba1,4,,0.00478,12.63604,/home/kai/work/GAT_BPC_moonTerk/runs/native_live_sri_v1_p0_frozen_paired_promotion_20260722/raw/scale_010/instance_003_logical_graph/repeat_02/1_live/attempt_01
s010:instance_003:r02:o2:no_cut,10,instance_003,2,live/no_cut,2,no_cut,EXACT_CLOSED,0,0.734142,True,True,True,dfaedf6d273c5c56,1.641878,BPC_TREE_OPTIMAL,no_cut,37c44c29594e0b8b0ba429e5dd3cf7422c07ae17222bb31e16e31e57030d5e63,0,,0.004505,12.636555,/home/kai/work/GAT_BPC_moonTerk/runs/native_live_sri_v1_p0_frozen_paired_promotion_20260722/raw/scale_010/instance_003_logical_graph/repeat_02/2_no_cut/attempt_01
s010:instance_003:r03:o1:no_cut,10,instance_003,3,no_cut/live,1,no_cut,EXACT_CLOSED,0,0.748075,True,True,True,dfaedf6d273c5c56,1.641878,BPC_TREE_OPTIMAL,no_cut,37c44c29594e0b8b0ba429e5dd3cf7422c07ae17222bb31e16e31e57030d5e63,0,,0.004524,12.632828,/home/kai/work/GAT_BPC_moonTerk/runs/native_live_sri_v1_p0_frozen_paired_promotion_20260722/raw/scale_010/instance_003_logical_graph/repeat_03/1_no_cut/attempt_01
s010:instance_003:r03:o2:live,10,instance_003,3,no_cut/live,2,live,EXACT_CLOSED,0,0.6937,True,True,True,dfaedf6d273c5c56,1.641878,BPC_TREE_OPTIMAL,P0,9f0e7c4f7e2cab50267e197d55a17950aeee35aad388e47448f24873a7e92ba1,4,,0.004303,12.635647,/home/kai/work/GAT_BPC_moonTerk/runs/native_live_sri_v1_p0_frozen_paired_promotion_20260722/raw/scale_010/instance_003_logical_graph/repeat_03/2_live/attempt_01
s010:instance_003:r04:o1:live,10,instance_003,4,live/no_cut,1,live,EXACT_CLOSED,0,0.686748,True,True,True,dfaedf6d273c5c56,1.641878,BPC_TREE_OPTIMAL,P0,9f0e7c4f7e2cab50267e197d55a17950aeee35aad388e47448f24873a7e92ba1,4,,0.004501,12.630711,/home/kai/work/GAT_BPC_moonTerk/runs/native_live_sri_v1_p0_frozen_paired_promotion_20260722/raw/scale_010/instance_003_logical_graph/repeat_04/1_live/attempt_01
s010:instance_003:r04:o2:no_cut,10,instance_003,4,live/no_cut,2,no_cut,EXACT_CLOSED,0,0.743079,True,True,True,dfaedf6d273c5c56,1.641878,BPC_TREE_OPTIMAL,no_cut,37c44c29594e0b8b0ba429e5dd3cf7422c07ae17222bb31e16e31e57030d5e63,0,,0.004856,12.626915,/home/kai/work/GAT_BPC_moonTerk/runs/native_live_sri_v1_p0_frozen_paired_promotion_20260722/raw/scale_010/instance_003_logical_graph/repeat_04/2_no_cut/attempt_01
s010:instance_003:r05:o1:no_cut,10,instance_003,5,no_cut/live,1,no_cut,EXACT_CLOSED,0,0.739125,True,True,True,dfaedf6d273c5c56,1.641878,BPC_TREE_OPTIMAL,no_cut,37c44c29594e0b8b0ba429e5dd3cf7422c07ae17222bb31e16e31e57030d5e63,0,,0.004524,12.627254,/home/kai/work/GAT_BPC_moonTerk/runs/native_live_sri_v1_p0_frozen_paired_promotion_20260722/raw/scale_010/instance_003_logical_graph/repeat_05/1_no_cut/attempt_01
s010:instance_003:r05:o2:live,10,instance_003,5,no_cut/live,2,live,EXACT_CLOSED,0,0.712965,True,True,True,dfaedf6d273c5c56,1.641878,BPC_TREE_OPTIMAL,P0,9f0e7c4f7e2cab50267e197d55a17950aeee35aad388e47448f24873a7e92ba1,4,,0.004341,12.628082,/home/kai/work/GAT_BPC_moonTerk/runs/native_live_sri_v1_p0_frozen_paired_promotion_20260722/raw/scale_010/instance_003_logical_graph/repeat_05/2_live/attempt_01
s010:instance_003:r06:o1:live,10,instance_003,6,live/no_cut,1,live,EXACT_CLOSED,0,0.713473,True,True,True,dfaedf6d273c5c56,1.641878,BPC_TREE_OPTIMAL,P0,9f0e7c4f7e2cab50267e197d55a17950aeee35aad388e47448f24873a7e92ba1,4,,0.00457,12.635006,/home/kai/work/GAT_BPC_moonTerk/runs/native_live_sri_v1_p0_frozen_paired_promotion_20260722/raw/scale_010/instance_003_logical_graph/repeat_06/1_live/attempt_01
s010:instance_003:r06:o2:no_cut,10,instance_003,6,live/no_cut,2,no_cut,EXACT_CLOSED,0,0.76377,True,True,True,dfaedf6d273c5c56,1.641878,BPC_TREE_OPTIMAL,no_cut,37c44c29594e0b8b0ba429e5dd3cf7422c07ae17222bb31e16e31e57030d5e63,0,,0.004593,12.630871,/home/kai/work/GAT_BPC_moonTerk/runs/native_live_sri_v1_p0_frozen_paired_promotion_20260722/raw/scale_010/instance_003_logical_graph/repeat_06/2_no_cut/attempt_01
s010:instance_003:r07:o1:no_cut,10,instance_003,7,no_cut/live,1,no_cut,EXACT_CLOSED,0,0.743986,True,True,True,dfaedf6d273c5c56,1.641878,BPC_TREE_OPTIMAL,no_cut,37c44c29594e0b8b0ba429e5dd3cf7422c07ae17222bb31e16e31e57030d5e63,0,,0.005207,12.62431,/home/kai/work/GAT_BPC_moonTerk/runs/native_live_sri_v1_p0_frozen_paired_promotion_20260722/raw/scale_010/instance_003_logical_graph/repeat_07/1_no_cut/attempt_01
s010:instance_003:r07:o2:live,10,instance_003,7,no_cut/live,2,live,EXACT_CLOSED,0,0.693747,True,True,True,dfaedf6d273c5c56,1.641878,BPC_TREE_OPTIMAL,P0,9f0e7c4f7e2cab50267e197d55a17950aeee35aad388e47448f24873a7e92ba1,4,,0.004421,12.629921,/home/kai/work/GAT_BPC_moonTerk/runs/native_live_sri_v1_p0_frozen_paired_promotion_20260722/raw/scale_010/instance_003_logical_graph/repeat_07/2_live/attempt_01
s010:instance_003:r08:o1:live,10,instance_003,8,live/no_cut,1,live,EXACT_CLOSED,0,0.68276,True,True,True,dfaedf6d273c5c56,1.641878,BPC_TREE_OPTIMAL,P0,9f0e7c4f7e2cab50267e197d55a17950aeee35aad388e47448f24873a7e92ba1,4,,0.004387,12.623093,/home/kai/work/GAT_BPC_moonTerk/runs/native_live_sri_v1_p0_frozen_paired_promotion_20260722/raw/scale_010/instance_003_logical_graph/repeat_08/1_live/attempt_01
s010:instance_003:r08:o2:no_cut,10,instance_003,8,live/no_cut,2,no_cut,EXACT_CLOSED,0,0.738065,True,True,True,dfaedf6d273c5c56,1.641878,BPC_TREE_OPTIMAL,no_cut,37c44c29594e0b8b0ba429e5dd3cf7422c07ae17222bb31e16e31e57030d5e63,0,,0.005135,12.628784,/home/kai/work/GAT_BPC_moonTerk/runs/native_live_sri_v1_p0_frozen_paired_promotion_20260722/raw/scale_010/instance_003_logical_graph/repeat_08/2_no_cut/attempt_01
s010:instance_003:r09:o1:no_cut,10,instance_003,9,no_cut/live,1,no_cut,EXACT_CLOSED,0,0.76649,True,True,True,dfaedf6d273c5c56,1.641878,BPC_TREE_OPTIMAL,no_cut,37c44c29594e0b8b0ba429e5dd3cf7422c07ae17222bb31e16e31e57030d5e63,0,,0.004467,12.628189,/home/kai/work/GAT_BPC_moonTerk/runs/native_live_sri_v1_p0_frozen_paired_promotion_20260722/raw/scale_010/instance_003_logical_graph/repeat_09/1_no_cut/attempt_01
s010:instance_003:r09:o2:live,10,instance_003,9,no_cut/live,2,live,EXACT_CLOSED,0,0.721517,True,True,True,dfaedf6d273c5c56,1.641878,BPC_TREE_OPTIMAL,P0,9f0e7c4f7e2cab50267e197d55a17950aeee35aad388e47448f24873a7e92ba1,4,,0.004669,12.627819,/home/kai/work/GAT_BPC_moonTerk/runs/native_live_sri_v1_p0_frozen_paired_promotion_20260722/raw/scale_010/instance_003_logical_graph/repeat_09/2_live/attempt_01
s010:instance_003:r10:o1:live,10,instance_003,10,live/no_cut,1,live,EXACT_CLOSED,0,0.687188,True,True,True,dfaedf6d273c5c56,1.641878,BPC_TREE_OPTIMAL,P0,9f0e7c4f7e2cab50267e197d55a17950aeee35aad388e47448f24873a7e92ba1,4,,0.004547,12.616879,/home/kai/work/GAT_BPC_moonTerk/runs/native_live_sri_v1_p0_frozen_paired_promotion_20260722/raw/scale_010/instance_003_logical_graph/repeat_10/1_live/attempt_01
s010:instance_003:r10:o2:no_cut,10,instance_003,10,live/no_cut,2,no_cut,EXACT_CLOSED,0,0.739316,True,True,True,dfaedf6d273c5c56,1.641878,BPC_TREE_OPTIMAL,no_cut,37c44c29594e0b8b0ba429e5dd3cf7422c07ae17222bb31e16e31e57030d5e63,0,,0.004272,12.622559,/home/kai/work/GAT_BPC_moonTerk/runs/native_live_sri_v1_p0_frozen_paired_promotion_20260722/raw/scale_010/instance_003_logical_graph/repeat_10/2_no_cut/attempt_01
s010:instance_004:r01:o1:live,10,instance_004,1,live/no_cut,1,live,EXACT_CLOSED,0,0.716544,True,True,True,dfaedf6d273c5c56,1.943638,BPC_TREE_OPTIMAL,P0,9f0e7c4f7e2cab50267e197d55a17950aeee35aad388e47448f24873a7e92ba1,0,,0.004543,12.623051,/home/kai/work/GAT_BPC_moonTerk/runs/native_live_sri_v1_p0_frozen_paired_promotion_20260722/raw/scale_010/instance_004_logical_graph/repeat_01/1_live/attempt_01
s010:instance_004:r01:o2:no_cut,10,instance_004,1,live/no_cut,2,no_cut,EXACT_CLOSED,0,0.703519,True,True,True,dfaedf6d273c5c56,1.943638,BPC_TREE_OPTIMAL,no_cut,37c44c29594e0b8b0ba429e5dd3cf7422c07ae17222bb31e16e31e57030d5e63,0,,0.004391,12.618942,/home/kai/work/GAT_BPC_moonTerk/runs/native_live_sri_v1_p0_frozen_paired_promotion_20260722/raw/scale_010/instance_004_logical_graph/repeat_01/2_no_cut/attempt_01
s010:instance_004:r02:o1:no_cut,10,instance_004,2,no_cut/live,1,no_cut,EXACT_CLOSED,0,0.69763,True,True,True,dfaedf6d273c5c56,1.943638,BPC_TREE_OPTIMAL,no_cut,37c44c29594e0b8b0ba429e5dd3cf7422c07ae17222bb31e16e31e57030d5e63,0,,0.004456,12.623318,/home/kai/work/GAT_BPC_moonTerk/runs/native_live_sri_v1_p0_frozen_paired_promotion_20260722/raw/scale_010/instance_004_logical_graph/repeat_02/1_no_cut/attempt_01
s010:instance_004:r02:o2:live,10,instance_004,2,no_cut/live,2,live,EXACT_CLOSED,0,0.69885,True,True,True,dfaedf6d273c5c56,1.943638,BPC_TREE_OPTIMAL,P0,9f0e7c4f7e2cab50267e197d55a17950aeee35aad388e47448f24873a7e92ba1,0,,0.004406,12.619926,/home/kai/work/GAT_BPC_moonTerk/runs/native_live_sri_v1_p0_frozen_paired_promotion_20260722/raw/scale_010/instance_004_logical_graph/repeat_02/2_live/attempt_01
s010:instance_004:r03:o1:live,10,instance_004,3,live/no_cut,1,live,EXACT_CLOSED,0,0.711816,True,True,True,dfaedf6d273c5c56,1.943638,BPC_TREE_OPTIMAL,P0,9f0e7c4f7e2cab50267e197d55a17950aeee35aad388e47448f24873a7e92ba1,0,,0.004356,12.617451,/home/kai/work/GAT_BPC_moonTerk/runs/native_live_sri_v1_p0_frozen_paired_promotion_20260722/raw/scale_010/instance_004_logical_graph/repeat_03/1_live/attempt_01
s010:instance_004:r03:o2:no_cut,10,instance_004,3,live/no_cut,2,no_cut,EXACT_CLOSED,0,0.703993,True,True,True,dfaedf6d273c5c56,1.943638,BPC_TREE_OPTIMAL,no_cut,37c44c29594e0b8b0ba429e5dd3cf7422c07ae17222bb31e16e31e57030d5e63,0,,0.004353,12.616871,/home/kai/work/GAT_BPC_moonTerk/runs/native_live_sri_v1_p0_frozen_paired_promotion_20260722/raw/scale_010/instance_004_logical_graph/repeat_03/2_no_cut/attempt_01
s010:instance_004:r04:o1:no_cut,10,instance_004,4,no_cut/live,1,no_cut,EXACT_CLOSED,0,0.702972,True,True,True,dfaedf6d273c5c56,1.943638,BPC_TREE_OPTIMAL,no_cut,37c44c29594e0b8b0ba429e5dd3cf7422c07ae17222bb31e16e31e57030d5e63,0,,0.004356,12.618023,/home/kai/work/GAT_BPC_moonTerk/runs/native_live_sri_v1_p0_frozen_paired_promotion_20260722/raw/scale_010/instance_004_logical_graph/repeat_04/1_no_cut/attempt_01
s010:instance_004:r04:o2:live,10,instance_004,4,no_cut/live,2,live,EXACT_CLOSED,0,0.717493,True,True,True,dfaedf6d273c5c56,1.943638,BPC_TREE_OPTIMAL,P0,9f0e7c4f7e2cab50267e197d55a17950aeee35aad388e47448f24873a7e92ba1,0,,0.004498,12.619537,/home/kai/work/GAT_BPC_moonTerk/runs/native_live_sri_v1_p0_frozen_paired_promotion_20260722/raw/scale_010/instance_004_logical_graph/repeat_04/2_live/attempt_01
s010:instance_004:r05:o1:live,10,instance_004,5,live/no_cut,1,live,EXACT_CLOSED,0,0.735529,True,True,True,dfaedf6d273c5c56,1.943638,BPC_TREE_OPTIMAL,P0,9f0e7c4f7e2cab50267e197d55a17950aeee35aad388e47448f24873a7e92ba1,0,,0.004299,12.616631,/home/kai/work/GAT_BPC_moonTerk/runs/native_live_sri_v1_p0_frozen_paired_promotion_20260722/raw/scale_010/instance_004_logical_graph/repeat_05/1_live/attempt_01
s010:instance_004:r05:o2:no_cut,10,instance_004,5,live/no_cut,2,no_cut,EXACT_CLOSED,0,0.718914,True,True,True,dfaedf6d273c5c56,1.943638,BPC_TREE_OPTIMAL,no_cut,37c44c29594e0b8b0ba429e5dd3cf7422c07ae17222bb31e16e31e57030d5e63,0,,0.004471,12.622692,/home/kai/work/GAT_BPC_moonTerk/runs/native_live_sri_v1_p0_frozen_paired_promotion_20260722/raw/scale_010/instance_004_logical_graph/repeat_05/2_no_cut/attempt_01
s010:instance_004:r06:o1:no_cut,10,instance_004,6,no_cut/live,1,no_cut,EXACT_CLOSED,0,0.698461,True,True,True,dfaedf6d273c5c56,1.943638,BPC_TREE_OPTIMAL,no_cut,37c44c29594e0b8b0ba429e5dd3cf7422c07ae17222bb31e16e31e57030d5e63,0,,0.004486,12.623066,/home/kai/work/GAT_BPC_moonTerk/runs/native_live_sri_v1_p0_frozen_paired_promotion_20260722/raw/scale_010/instance_004_logical_graph/repeat_06/1_no_cut/attempt_01
s010:instance_004:r06:o2:live,10,instance_004,6,no_cut/live,2,live,EXACT_CLOSED,0,0.724089,True,True,True,dfaedf6d273c5c56,1.943638,BPC_TREE_OPTIMAL,P0,9f0e7c4f7e2cab50267e197d55a17950aeee35aad388e47448f24873a7e92ba1,0,,0.004368,12.620888,/home/kai/work/GAT_BPC_moonTerk/runs/native_live_sri_v1_p0_frozen_paired_promotion_20260722/raw/scale_010/instance_004_logical_graph/repeat_06/2_live/attempt_01
s010:instance_004:r07:o1:live,10,instance_004,7,live/no_cut,1,live,EXACT_CLOSED,0,0.699781,True,True,True,dfaedf6d273c5c56,1.943638,BPC_TREE_OPTIMAL,P0,9f0e7c4f7e2cab50267e197d55a17950aeee35aad388e47448f24873a7e92ba1,0,,0.004776,12.613968,/home/kai/work/GAT_BPC_moonTerk/runs/native_live_sri_v1_p0_frozen_paired_promotion_20260722/raw/scale_010/instance_004_logical_graph/repeat_07/1_live/attempt_01
s010:instance_004:r07:o2:no_cut,10,instance_004,7,live/no_cut,2,no_cut,EXACT_CLOSED,0,0.71945,True,True,True,dfaedf6d273c5c56,1.943638,BPC_TREE_OPTIMAL,no_cut,37c44c29594e0b8b0ba429e5dd3cf7422c07ae17222bb31e16e31e57030d5e63,0,,0.004303,12.617474,/home/kai/work/GAT_BPC_moonTerk/runs/native_live_sri_v1_p0_frozen_paired_promotion_20260722/raw/scale_010/instance_004_logical_graph/repeat_07/2_no_cut/attempt_01
s010:instance_004:r08:o1:no_cut,10,instance_004,8,no_cut/live,1,no_cut,EXACT_CLOSED,0,0.719218,True,True,True,dfaedf6d273c5c56,1.943638,BPC_TREE_OPTIMAL,no_cut,37c44c29594e0b8b0ba429e5dd3cf7422c07ae17222bb31e16e31e57030d5e63,0,,0.004517,12.620327,/home/kai/work/GAT_BPC_moonTerk/runs/native_live_sri_v1_p0_frozen_paired_promotion_20260722/raw/scale_010/instance_004_logical_graph/repeat_08/1_no_cut/attempt_01
s010:instance_004:r08:o2:live,10,instance_004,8,no_cut/live,2,live,EXACT_CLOSED,0,0.722671,True,True,True,dfaedf6d273c5c56,1.943638,BPC_TREE_OPTIMAL,P0,9f0e7c4f7e2cab50267e197d55a17950aeee35aad388e47448f24873a7e92ba1,0,,0.005558,12.621681,/home/kai/work/GAT_BPC_moonTerk/runs/native_live_sri_v1_p0_frozen_paired_promotion_20260722/raw/scale_010/instance_004_logical_graph/repeat_08/2_live/attempt_01
s010:instance_004:r09:o1:live,10,instance_004,9,live/no_cut,1,live,EXACT_CLOSED,0,0.727964,True,True,True,dfaedf6d273c5c56,1.943638,BPC_TREE_OPTIMAL,P0,9f0e7c4f7e2cab50267e197d55a17950aeee35aad388e47448f24873a7e92ba1,0,,0.004589,12.619267,/home/kai/work/GAT_BPC_moonTerk/runs/native_live_sri_v1_p0_frozen_paired_promotion_20260722/raw/scale_010/instance_004_logical_graph/repeat_09/1_live/attempt_01
s010:instance_004:r09:o2:no_cut,10,instance_004,9,live/no_cut,2,no_cut,EXACT_CLOSED,0,0.715178,True,True,True,dfaedf6d273c5c56,1.943638,BPC_TREE_OPTIMAL,no_cut,37c44c29594e0b8b0ba429e5dd3cf7422c07ae17222bb31e16e31e57030d5e63,0,,0.004589,12.62059,/home/kai/work/GAT_BPC_moonTerk/runs/native_live_sri_v1_p0_frozen_paired_promotion_20260722/raw/scale_010/instance_004_logical_graph/repeat_09/2_no_cut/attempt_01
s010:instance_004:r10:o1:no_cut,10,instance_004,10,no_cut/live,1,no_cut,EXACT_CLOSED,0,0.706633,True,True,True,dfaedf6d273c5c56,1.943638,BPC_TREE_OPTIMAL,no_cut,37c44c29594e0b8b0ba429e5dd3cf7422c07ae17222bb31e16e31e57030d5e63,0,,0.004379,12.621769,/home/kai/work/GAT_BPC_moonTerk/runs/native_live_sri_v1_p0_frozen_paired_promotion_20260722/raw/scale_010/instance_004_logical_graph/repeat_10/1_no_cut/attempt_01
s010:instance_004:r10:o2:live,10,instance_004,10,no_cut/live,2,live,EXACT_CLOSED,0,0.740323,True,True,True,dfaedf6d273c5c56,1.943638,BPC_TREE_OPTIMAL,P0,9f0e7c4f7e2cab50267e197d55a17950aeee35aad388e47448f24873a7e92ba1,0,,0.004536,12.622169,/home/kai/work/GAT_BPC_moonTerk/runs/native_live_sri_v1_p0_frozen_paired_promotion_20260722/raw/scale_010/instance_004_logical_graph/repeat_10/2_live/attempt_01
s010:instance_005:r01:o1:no_cut,10,instance_005,1,no_cut/live,1,no_cut,EXACT_CLOSED,0,1.260587,True,True,True,dfaedf6d273c5c56,1.856248,BPC_TREE_OPTIMAL,no_cut,37c44c29594e0b8b0ba429e5dd3cf7422c07ae17222bb31e16e31e57030d5e63,0,,0.003532,12.625084,/home/kai/work/GAT_BPC_moonTerk/runs/native_live_sri_v1_p0_frozen_paired_promotion_20260722/raw/scale_010/instance_005_logical_graph/repeat_01/1_no_cut/attempt_01
s010:instance_005:r01:o2:live,10,instance_005,1,no_cut/live,2,live,EXACT_CLOSED,0,1.289846,True,True,True,dfaedf6d273c5c56,1.856248,BPC_TREE_OPTIMAL,P0,9f0e7c4f7e2cab50267e197d55a17950aeee35aad388e47448f24873a7e92ba1,0,,0.004581,12.625099,/home/kai/work/GAT_BPC_moonTerk/runs/native_live_sri_v1_p0_frozen_paired_promotion_20260722/raw/scale_010/instance_005_logical_graph/repeat_01/2_live/attempt_01
s010:instance_005:r02:o1:live,10,instance_005,2,live/no_cut,1,live,EXACT_CLOSED,0,1.26174,True,True,True,dfaedf6d273c5c56,1.856248,BPC_TREE_OPTIMAL,P0,9f0e7c4f7e2cab50267e197d55a17950aeee35aad388e47448f24873a7e92ba1,0,,0.004578,12.621262,/home/kai/work/GAT_BPC_moonTerk/runs/native_live_sri_v1_p0_frozen_paired_promotion_20260722/raw/scale_010/instance_005_logical_graph/repeat_02/1_live/attempt_01
s010:instance_005:r02:o2:no_cut,10,instance_005,2,live/no_cut,2,no_cut,EXACT_CLOSED,0,1.2709,True,True,True,dfaedf6d273c5c56,1.856248,BPC_TREE_OPTIMAL,no_cut,37c44c29594e0b8b0ba429e5dd3cf7422c07ae17222bb31e16e31e57030d5e63,0,,0.004818,12.619385,/home/kai/work/GAT_BPC_moonTerk/runs/native_live_sri_v1_p0_frozen_paired_promotion_20260722/raw/scale_010/instance_005_logical_graph/repeat_02/2_no_cut/attempt_01
s010:instance_005:r03:o1:no_cut,10,instance_005,3,no_cut/live,1,no_cut,EXACT_CLOSED,0,1.247593,True,True,True,dfaedf6d273c5c56,1.856248,BPC_TREE_OPTIMAL,no_cut,37c44c29594e0b8b0ba429e5dd3cf7422c07ae17222bb31e16e31e57030d5e63,0,,0.004425,12.62278,/home/kai/work/GAT_BPC_moonTerk/runs/native_live_sri_v1_p0_frozen_paired_promotion_20260722/raw/scale_010/instance_005_logical_graph/repeat_03/1_no_cut/attempt_01
s010:instance_005:r03:o2:live,10,instance_005,3,no_cut/live,2,live,EXACT_CLOSED,0,1.265991,True,True,True,dfaedf6d273c5c56,1.856248,BPC_TREE_OPTIMAL,P0,9f0e7c4f7e2cab50267e197d55a17950aeee35aad388e47448f24873a7e92ba1,0,,0.004574,12.611618,/home/kai/work/GAT_BPC_moonTerk/runs/native_live_sri_v1_p0_frozen_paired_promotion_20260722/raw/scale_010/instance_005_logical_graph/repeat_03/2_live/attempt_01
s010:instance_005:r04:o1:live,10,instance_005,4,live/no_cut,1,live,EXACT_CLOSED,0,1.255671,True,True,True,dfaedf6d273c5c56,1.856248,BPC_TREE_OPTIMAL,P0,9f0e7c4f7e2cab50267e197d55a17950aeee35aad388e47448f24873a7e92ba1,0,,0.004532,12.620224,/home/kai/work/GAT_BPC_moonTerk/runs/native_live_sri_v1_p0_frozen_paired_promotion_20260722/raw/scale_010/instance_005_logical_graph/repeat_04/1_live/attempt_01
s010:instance_005:r04:o2:no_cut,10,instance_005,4,live/no_cut,2,no_cut,EXACT_CLOSED,0,1.25245,True,True,True,dfaedf6d273c5c56,1.856248,BPC_TREE_OPTIMAL,no_cut,37c44c29594e0b8b0ba429e5dd3cf7422c07ae17222bb31e16e31e57030d5e63,0,,0.004375,12.620678,/home/kai/work/GAT_BPC_moonTerk/runs/native_live_sri_v1_p0_frozen_paired_promotion_20260722/raw/scale_010/instance_005_logical_graph/repeat_04/2_no_cut/attempt_01
s010:instance_005:r05:o1:no_cut,10,instance_005,5,no_cut/live,1,no_cut,EXACT_CLOSED,0,1.256085,True,True,True,dfaedf6d273c5c56,1.856248,BPC_TREE_OPTIMAL,no_cut,37c44c29594e0b8b0ba429e5dd3cf7422c07ae17222bb31e16e31e57030d5e63,0,,0.004974,12.617558,/home/kai/work/GAT_BPC_moonTerk/runs/native_live_sri_v1_p0_frozen_paired_promotion_20260722/raw/scale_010/instance_005_logical_graph/repeat_05/1_no_cut/attempt_01
s010:instance_005:r05:o2:live,10,instance_005,5,no_cut/live,2,live,EXACT_CLOSED,0,1.258802,True,True,True,dfaedf6d273c5c56,1.856248,BPC_TREE_OPTIMAL,P0,9f0e7c4f7e2cab50267e197d55a17950aeee35aad388e47448f24873a7e92ba1,0,,0.004524,12.617626,/home/kai/work/GAT_BPC_moonTerk/runs/native_live_sri_v1_p0_frozen_paired_promotion_20260722/raw/scale_010/instance_005_logical_graph/repeat_05/2_live/attempt_01
s010:instance_005:r06:o1:live,10,instance_005,6,live/no_cut,1,live,EXACT_CLOSED,0,1.259117,True,True,True,dfaedf6d273c5c56,1.856248,BPC_TREE_OPTIMAL,P0,9f0e7c4f7e2cab50267e197d55a17950aeee35aad388e47448f24873a7e92ba1,0,,0.004448,12.622791,/home/kai/work/GAT_BPC_moonTerk/runs/native_live_sri_v1_p0_frozen_paired_promotion_20260722/raw/scale_010/instance_005_logical_graph/repeat_06/1_live/attempt_01
s010:instance_005:r06:o2:no_cut,10,instance_005,6,live/no_cut,2,no_cut,EXACT_CLOSED,0,1.241874,True,True,True,dfaedf6d273c5c56,1.856248,BPC_TREE_OPTIMAL,no_cut,37c44c29594e0b8b0ba429e5dd3cf7422c07ae17222bb31e16e31e57030d5e63,0,,0.004475,12.613064,/home/kai/work/GAT_BPC_moonTerk/runs/native_live_sri_v1_p0_frozen_paired_promotion_20260722/raw/scale_010/instance_005_logical_graph/repeat_06/2_no_cut/attempt_01
s010:instance_005:r07:o1:no_cut,10,instance_005,7,no_cut/live,1,no_cut,EXACT_CLOSED,0,1.301332,True,True,True,dfaedf6d273c5c56,1.856248,BPC_TREE_OPTIMAL,no_cut,37c44c29594e0b8b0ba429e5dd3cf7422c07ae17222bb31e16e31e57030d5e63,0,,0.004311,12.617256,/home/kai/work/GAT_BPC_moonTerk/runs/native_live_sri_v1_p0_frozen_paired_promotion_20260722/raw/scale_010/instance_005_logical_graph/repeat_07/1_no_cut/attempt_01
s010:instance_005:r07:o2:live,10,instance_005,7,no_cut/live,2,live,EXACT_CLOSED,0,1.235056,True,True,True,dfaedf6d273c5c56,1.856248,BPC_TREE_OPTIMAL,P0,9f0e7c4f7e2cab50267e197d55a17950aeee35aad388e47448f24873a7e92ba1,0,,0.004452,12.620144,/home/kai/work/GAT_BPC_moonTerk/runs/native_live_sri_v1_p0_frozen_paired_promotion_20260722/raw/scale_010/instance_005_logical_graph/repeat_07/2_live/attempt_01
s010:instance_005:r08:o1:live,10,instance_005,8,live/no_cut,1,live,EXACT_CLOSED,0,1.246235,True,True,True,dfaedf6d273c5c56,1.856248,BPC_TREE_OPTIMAL,P0,9f0e7c4f7e2cab50267e197d55a17950aeee35aad388e47448f24873a7e92ba1,0,,0.005539,12.615929,/home/kai/work/GAT_BPC_moonTerk/runs/native_live_sri_v1_p0_frozen_paired_promotion_20260722/raw/scale_010/instance_005_logical_graph/repeat_08/1_live/attempt_01
s010:instance_005:r08:o2:no_cut,10,instance_005,8,live/no_cut,2,no_cut,EXACT_CLOSED,0,1.248465,True,True,True,dfaedf6d273c5c56,1.856248,BPC_TREE_OPTIMAL,no_cut,37c44c29594e0b8b0ba429e5dd3cf7422c07ae17222bb31e16e31e57030d5e63,0,,0.004475,12.617016,/home/kai/work/GAT_BPC_moonTerk/runs/native_live_sri_v1_p0_frozen_paired_promotion_20260722/raw/scale_010/instance_005_logical_graph/repeat_08/2_no_cut/attempt_01
s010:instance_005:r09:o1:no_cut,10,instance_005,9,no_cut/live,1,no_cut,EXACT_CLOSED,0,1.256257,True,True,True,dfaedf6d273c5c56,1.856248,BPC_TREE_OPTIMAL,no_cut,37c44c29594e0b8b0ba429e5dd3cf7422c07ae17222bb31e16e31e57030d5e63,0,,0.0042,12.615871,/home/kai/work/GAT_BPC_moonTerk/runs/native_live_sri_v1_p0_frozen_paired_promotion_20260722/raw/scale_010/instance_005_logical_graph/repeat_09/1_no_cut/attempt_01
s010:instance_005:r09:o2:live,10,instance_005,9,no_cut/live,2,live,EXACT_CLOSED,0,1.260488,True,True,True,dfaedf6d273c5c56,1.856248,BPC_TREE_OPTIMAL,P0,9f0e7c4f7e2cab50267e197d55a17950aeee35aad388e47448f24873a7e92ba1,0,,0.004665,12.621109,/home/kai/work/GAT_BPC_moonTerk/runs/native_live_sri_v1_p0_frozen_paired_promotion_20260722/raw/scale_010/instance_005_logical_graph/repeat_09/2_live/attempt_01
s010:instance_005:r10:o1:live,10,instance_005,10,live/no_cut,1,live,EXACT_CLOSED,0,1.273437,True,True,True,dfaedf6d273c5c56,1.856248,BPC_TREE_OPTIMAL,P0,9f0e7c4f7e2cab50267e197d55a17950aeee35aad388e47448f24873a7e92ba1,0,,0.004566,12.617676,/home/kai/work/GAT_BPC_moonTerk/runs/native_live_sri_v1_p0_frozen_paired_promotion_20260722/raw/scale_010/instance_005_logical_graph/repeat_10/1_live/attempt_01
s010:instance_005:r10:o2:no_cut,10,instance_005,10,live/no_cut,2,no_cut,EXACT_CLOSED,0,1.244408,True,True,True,dfaedf6d273c5c56,1.856248,BPC_TREE_OPTIMAL,no_cut,37c44c29594e0b8b0ba429e5dd3cf7422c07ae17222bb31e16e31e57030d5e63,0,,0.00441,12.622189,/home/kai/work/GAT_BPC_moonTerk/runs/native_live_sri_v1_p0_frozen_paired_promotion_20260722/raw/scale_010/instance_005_logical_graph/repeat_10/2_no_cut/attempt_01
s010:instance_006:r01:o1:live,10,instance_006,1,live/no_cut,1,live,EXACT_CLOSED,0,0.664605,True,True,True,dfaedf6d273c5c56,2.070818,BPC_TREE_OPTIMAL,P0,9f0e7c4f7e2cab50267e197d55a17950aeee35aad388e47448f24873a7e92ba1,0,,0.004574,12.610218,/home/kai/work/GAT_BPC_moonTerk/runs/native_live_sri_v1_p0_frozen_paired_promotion_20260722/raw/scale_010/instance_006_logical_graph/repeat_01/1_live/attempt_01
s010:instance_006:r01:o2:no_cut,10,instance_006,1,live/no_cut,2,no_cut,EXACT_CLOSED,0,0.675172,True,True,True,dfaedf6d273c5c56,2.070818,BPC_TREE_OPTIMAL,no_cut,37c44c29594e0b8b0ba429e5dd3cf7422c07ae17222bb31e16e31e57030d5e63,0,,0.004406,12.617073,/home/kai/work/GAT_BPC_moonTerk/runs/native_live_sri_v1_p0_frozen_paired_promotion_20260722/raw/scale_010/instance_006_logical_graph/repeat_01/2_no_cut/attempt_01
s010:instance_006:r02:o1:no_cut,10,instance_006,2,no_cut/live,1,no_cut,EXACT_CLOSED,0,0.670376,True,True,True,dfaedf6d273c5c56,2.070818,BPC_TREE_OPTIMAL,no_cut,37c44c29594e0b8b0ba429e5dd3cf7422c07ae17222bb31e16e31e57030d5e63,0,,0.004589,12.611996,/home/kai/work/GAT_BPC_moonTerk/runs/native_live_sri_v1_p0_frozen_paired_promotion_20260722/raw/scale_010/instance_006_logical_graph/repeat_02/1_no_cut/attempt_01
s010:instance_006:r02:o2:live,10,instance_006,2,no_cut/live,2,live,EXACT_CLOSED,0,0.681653,True,True,True,dfaedf6d273c5c56,2.070818,BPC_TREE_OPTIMAL,P0,9f0e7c4f7e2cab50267e197d55a17950aeee35aad388e47448f24873a7e92ba1,0,,0.004601,12.613056,/home/kai/work/GAT_BPC_moonTerk/runs/native_live_sri_v1_p0_frozen_paired_promotion_20260722/raw/scale_010/instance_006_logical_graph/repeat_02/2_live/attempt_01
s010:instance_006:r03:o1:live,10,instance_006,3,live/no_cut,1,live,EXACT_CLOSED,0,0.664202,True,True,True,dfaedf6d273c5c56,2.070818,BPC_TREE_OPTIMAL,P0,9f0e7c4f7e2cab50267e197d55a17950aeee35aad388e47448f24873a7e92ba1,0,,0.004585,12.615166,/home/kai/work/GAT_BPC_moonTerk/runs/native_live_sri_v1_p0_frozen_paired_promotion_20260722/raw/scale_010/instance_006_logical_graph/repeat_03/1_live/attempt_01
s010:instance_006:r03:o2:no_cut,10,instance_006,3,live/no_cut,2,no_cut,EXACT_CLOSED,0,0.684573,True,True,True,dfaedf6d273c5c56,2.070818,BPC_TREE_OPTIMAL,no_cut,37c44c29594e0b8b0ba429e5dd3cf7422c07ae17222bb31e16e31e57030d5e63,0,,0.00473,12.613094,/home/kai/work/GAT_BPC_moonTerk/runs/native_live_sri_v1_p0_frozen_paired_promotion_20260722/raw/scale_010/instance_006_logical_graph/repeat_03/2_no_cut/attempt_01
s010:instance_006:r04:o1:no_cut,10,instance_006,4,no_cut/live,1,no_cut,EXACT_CLOSED,0,0.682693,True,True,True,dfaedf6d273c5c56,2.070818,BPC_TREE_OPTIMAL,no_cut,37c44c29594e0b8b0ba429e5dd3cf7422c07ae17222bb31e16e31e57030d5e63,0,,0.004467,12.619026,/home/kai/work/GAT_BPC_moonTerk/runs/native_live_sri_v1_p0_frozen_paired_promotion_20260722/raw/scale_010/instance_006_logical_graph/repeat_04/1_no_cut/attempt_01
s010:instance_006:r04:o2:live,10,instance_006,4,no_cut/live,2,live,EXACT_CLOSED,0,0.671273,True,True,True,dfaedf6d273c5c56,2.070818,BPC_TREE_OPTIMAL,P0,9f0e7c4f7e2cab50267e197d55a17950aeee35aad388e47448f24873a7e92ba1,0,,0.004406,12.607666,/home/kai/work/GAT_BPC_moonTerk/runs/native_live_sri_v1_p0_frozen_paired_promotion_20260722/raw/scale_010/instance_006_logical_graph/repeat_04/2_live/attempt_01
s010:instance_006:r05:o1:live,10,instance_006,5,live/no_cut,1,live,EXACT_CLOSED,0,0.679338,True,True,True,dfaedf6d273c5c56,2.070818,BPC_TREE_OPTIMAL,P0,9f0e7c4f7e2cab50267e197d55a17950aeee35aad388e47448f24873a7e92ba1,0,,0.004292,12.582176,/home/kai/work/GAT_BPC_moonTerk/runs/native_live_sri_v1_p0_frozen_paired_promotion_20260722/raw/scale_010/instance_006_logical_graph/repeat_05/1_live/attempt_01
s010:instance_006:r05:o2:no_cut,10,instance_006,5,live/no_cut,2,no_cut,EXACT_CLOSED,0,0.667542,True,True,True,dfaedf6d273c5c56,2.070818,BPC_TREE_OPTIMAL,no_cut,37c44c29594e0b8b0ba429e5dd3cf7422c07ae17222bb31e16e31e57030d5e63,0,,0.004398,12.58992,/home/kai/work/GAT_BPC_moonTerk/runs/native_live_sri_v1_p0_frozen_paired_promotion_20260722/raw/scale_010/instance_006_logical_graph/repeat_05/2_no_cut/attempt_01
s010:instance_006:r06:o1:no_cut,10,instance_006,6,no_cut/live,1,no_cut,EXACT_CLOSED,0,0.687733,True,True,True,dfaedf6d273c5c56,2.070818,BPC_TREE_OPTIMAL,no_cut,37c44c29594e0b8b0ba429e5dd3cf7422c07ae17222bb31e16e31e57030d5e63,0,,0.004387,12.594467,/home/kai/work/GAT_BPC_moonTerk/runs/native_live_sri_v1_p0_frozen_paired_promotion_20260722/raw/scale_010/instance_006_logical_graph/repeat_06/1_no_cut/attempt_01
s010:instance_006:r06:o2:live,10,instance_006,6,no_cut/live,2,live,EXACT_CLOSED,0,0.675139,True,True,True,dfaedf6d273c5c56,2.070818,BPC_TREE_OPTIMAL,P0,9f0e7c4f7e2cab50267e197d55a17950aeee35aad388e47448f24873a7e92ba1,0,,0.005817,12.601704,/home/kai/work/GAT_BPC_moonTerk/runs/native_live_sri_v1_p0_frozen_paired_promotion_20260722/raw/scale_010/instance_006_logical_graph/repeat_06/2_live/attempt_01
s010:instance_006:r07:o1:live,10,instance_006,7,live/no_cut,1,live,EXACT_CLOSED,0,0.666723,True,True,True,dfaedf6d273c5c56,2.070818,BPC_TREE_OPTIMAL,P0,9f0e7c4f7e2cab50267e197d55a17950aeee35aad388e47448f24873a7e92ba1,0,,0.004627,12.598331,/home/kai/work/GAT_BPC_moonTerk/runs/native_live_sri_v1_p0_frozen_paired_promotion_20260722/raw/scale_010/instance_006_logical_graph/repeat_07/1_live/attempt_01
s010:instance_006:r07:o2:no_cut,10,instance_006,7,live/no_cut,2,no_cut,EXACT_CLOSED,0,0.672498,True,True,True,dfaedf6d273c5c56,2.070818,BPC_TREE_OPTIMAL,no_cut,37c44c29594e0b8b0ba429e5dd3cf7422c07ae17222bb31e16e31e57030d5e63,0,,0.00452,12.58601,/home/kai/work/GAT_BPC_moonTerk/runs/native_live_sri_v1_p0_frozen_paired_promotion_20260722/raw/scale_010/instance_006_logical_graph/repeat_07/2_no_cut/attempt_01
s010:instance_006:r08:o1:no_cut,10,instance_006,8,no_cut/live,1,no_cut,EXACT_CLOSED,0,0.675295,True,True,True,dfaedf6d273c5c56,2.070818,BPC_TREE_OPTIMAL,no_cut,37c44c29594e0b8b0ba429e5dd3cf7422c07ae17222bb31e16e31e57030d5e63,0,,0.00658,12.602535,/home/kai/work/GAT_BPC_moonTerk/runs/native_live_sri_v1_p0_frozen_paired_promotion_20260722/raw/scale_010/instance_006_logical_graph/repeat_08/1_no_cut/attempt_01
s010:instance_006:r08:o2:live,10,instance_006,8,no_cut/live,2,live,EXACT_CLOSED,0,0.691795,True,True,True,dfaedf6d273c5c56,2.070818,BPC_TREE_OPTIMAL,P0,9f0e7c4f7e2cab50267e197d55a17950aeee35aad388e47448f24873a7e92ba1,0,,0.004585,12.592396,/home/kai/work/GAT_BPC_moonTerk/runs/native_live_sri_v1_p0_frozen_paired_promotion_20260722/raw/scale_010/instance_006_logical_graph/repeat_08/2_live/attempt_01
s010:instance_006:r09:o1:live,10,instance_006,9,live/no_cut,1,live,EXACT_CLOSED,0,0.67844,True,True,True,dfaedf6d273c5c56,2.070818,BPC_TREE_OPTIMAL,P0,9f0e7c4f7e2cab50267e197d55a17950aeee35aad388e47448f24873a7e92ba1,0,,0.004612,12.597221,/home/kai/work/GAT_BPC_moonTerk/runs/native_live_sri_v1_p0_frozen_paired_promotion_20260722/raw/scale_010/instance_006_logical_graph/repeat_09/1_live/attempt_01
s010:instance_006:r09:o2:no_cut,10,instance_006,9,live/no_cut,2,no_cut,EXACT_CLOSED,0,0.663291,True,True,True,dfaedf6d273c5c56,2.070818,BPC_TREE_OPTIMAL,no_cut,37c44c29594e0b8b0ba429e5dd3cf7422c07ae17222bb31e16e31e57030d5e63,0,,0.004593,12.590824,/home/kai/work/GAT_BPC_moonTerk/runs/native_live_sri_v1_p0_frozen_paired_promotion_20260722/raw/scale_010/instance_006_logical_graph/repeat_09/2_no_cut/attempt_01
s010:instance_006:r10:o1:no_cut,10,instance_006,10,no_cut/live,1,no_cut,EXACT_CLOSED,0,0.668485,True,True,True,dfaedf6d273c5c56,2.070818,BPC_TREE_OPTIMAL,no_cut,37c44c29594e0b8b0ba429e5dd3cf7422c07ae17222bb31e16e31e57030d5e63,0,,0.005375,12.592403,/home/kai/work/GAT_BPC_moonTerk/runs/native_live_sri_v1_p0_frozen_paired_promotion_20260722/raw/scale_010/instance_006_logical_graph/repeat_10/1_no_cut/attempt_01
s010:instance_006:r10:o2:live,10,instance_006,10,no_cut/live,2,live,EXACT_CLOSED,0,0.691441,True,True,True,dfaedf6d273c5c56,2.070818,BPC_TREE_OPTIMAL,P0,9f0e7c4f7e2cab50267e197d55a17950aeee35aad388e47448f24873a7e92ba1,0,,0.004387,12.588257,/home/kai/work/GAT_BPC_moonTerk/runs/native_live_sri_v1_p0_frozen_paired_promotion_20260722/raw/scale_010/instance_006_logical_graph/repeat_10/2_live/attempt_01
s010:instance_007:r01:o1:no_cut,10,instance_007,1,no_cut/live,1,no_cut,EXACT_CLOSED,0,0.74646,True,True,True,dfaedf6d273c5c56,1.988918,BPC_TREE_OPTIMAL,no_cut,37c44c29594e0b8b0ba429e5dd3cf7422c07ae17222bb31e16e31e57030d5e63,0,,0.005016,12.585381,/home/kai/work/GAT_BPC_moonTerk/runs/native_live_sri_v1_p0_frozen_paired_promotion_20260722/raw/scale_010/instance_007_logical_graph/repeat_01/1_no_cut/attempt_01
s010:instance_007:r01:o2:live,10,instance_007,1,no_cut/live,2,live,EXACT_CLOSED,0,0.743149,True,True,True,dfaedf6d273c5c56,1.988918,BPC_TREE_OPTIMAL,P0,9f0e7c4f7e2cab50267e197d55a17950aeee35aad388e47448f24873a7e92ba1,0,,0.004761,12.584099,/home/kai/work/GAT_BPC_moonTerk/runs/native_live_sri_v1_p0_frozen_paired_promotion_20260722/raw/scale_010/instance_007_logical_graph/repeat_01/2_live/attempt_01
s010:instance_007:r02:o1:live,10,instance_007,2,live/no_cut,1,live,EXACT_CLOSED,0,0.735356,True,True,True,dfaedf6d273c5c56,1.988918,BPC_TREE_OPTIMAL,P0,9f0e7c4f7e2cab50267e197d55a17950aeee35aad388e47448f24873a7e92ba1,0,,0.004299,12.589031,/home/kai/work/GAT_BPC_moonTerk/runs/native_live_sri_v1_p0_frozen_paired_promotion_20260722/raw/scale_010/instance_007_logical_graph/repeat_02/1_live/attempt_01
s010:instance_007:r02:o2:no_cut,10,instance_007,2,live/no_cut,2,no_cut,EXACT_CLOSED,0,0.736425,True,True,True,dfaedf6d273c5c56,1.988918,BPC_TREE_OPTIMAL,no_cut,37c44c29594e0b8b0ba429e5dd3cf7422c07ae17222bb31e16e31e57030d5e63,0,,0.004612,12.590511,/home/kai/work/GAT_BPC_moonTerk/runs/native_live_sri_v1_p0_frozen_paired_promotion_20260722/raw/scale_010/instance_007_logical_graph/repeat_02/2_no_cut/attempt_01
s010:instance_007:r03:o1:no_cut,10,instance_007,3,no_cut/live,1,no_cut,EXACT_CLOSED,0,0.746939,True,True,True,dfaedf6d273c5c56,1.988918,BPC_TREE_OPTIMAL,no_cut,37c44c29594e0b8b0ba429e5dd3cf7422c07ae17222bb31e16e31e57030d5e63,0,,0.004772,12.588615,/home/kai/work/GAT_BPC_moonTerk/runs/native_live_sri_v1_p0_frozen_paired_promotion_20260722/raw/scale_010/instance_007_logical_graph/repeat_03/1_no_cut/attempt_01
s010:instance_007:r03:o2:live,10,instance_007,3,no_cut/live,2,live,EXACT_CLOSED,0,0.727883,True,True,True,dfaedf6d273c5c56,1.988918,BPC_TREE_OPTIMAL,P0,9f0e7c4f7e2cab50267e197d55a17950aeee35aad388e47448f24873a7e92ba1,0,,0.004433,12.592712,/home/kai/work/GAT_BPC_moonTerk/runs/native_live_sri_v1_p0_frozen_paired_promotion_20260722/raw/scale_010/instance_007_logical_graph/repeat_03/2_live/attempt_01
s010:instance_007:r04:o1:live,10,instance_007,4,live/no_cut,1,live,EXACT_CLOSED,0,0.771893,True,True,True,dfaedf6d273c5c56,1.988918,BPC_TREE_OPTIMAL,P0,9f0e7c4f7e2cab50267e197d55a17950aeee35aad388e47448f24873a7e92ba1,0,,0.004585,12.581528,/home/kai/work/GAT_BPC_moonTerk/runs/native_live_sri_v1_p0_frozen_paired_promotion_20260722/raw/scale_010/instance_007_logical_graph/repeat_04/1_live/attempt_01
s010:instance_007:r04:o2:no_cut,10,instance_007,4,live/no_cut,2,no_cut,EXACT_CLOSED,0,0.747882,True,True,True,dfaedf6d273c5c56,1.988918,BPC_TREE_OPTIMAL,no_cut,37c44c29594e0b8b0ba429e5dd3cf7422c07ae17222bb31e16e31e57030d5e63,0,,0.004528,12.580444,/home/kai/work/GAT_BPC_moonTerk/runs/native_live_sri_v1_p0_frozen_paired_promotion_20260722/raw/scale_010/instance_007_logical_graph/repeat_04/2_no_cut/attempt_01
s010:instance_007:r05:o1:no_cut,10,instance_007,5,no_cut/live,1,no_cut,EXACT_CLOSED,0,0.759102,True,True,True,dfaedf6d273c5c56,1.988918,BPC_TREE_OPTIMAL,no_cut,37c44c29594e0b8b0ba429e5dd3cf7422c07ae17222bb31e16e31e57030d5e63,0,,0.004177,12.589752,/home/kai/work/GAT_BPC_moonTerk/runs/native_live_sri_v1_p0_frozen_paired_promotion_20260722/raw/scale_010/instance_007_logical_graph/repeat_05/1_no_cut/attempt_01
s010:instance_007:r05:o2:live,10,instance_007,5,no_cut/live,2,live,EXACT_CLOSED,0,0.72373,True,True,True,dfaedf6d273c5c56,1.988918,BPC_TREE_OPTIMAL,P0,9f0e7c4f7e2cab50267e197d55a17950aeee35aad388e47448f24873a7e92ba1,0,,0.004402,12.46254,/home/kai/work/GAT_BPC_moonTerk/runs/native_live_sri_v1_p0_frozen_paired_promotion_20260722/raw/scale_010/instance_007_logical_graph/repeat_05/2_live/attempt_01
s010:instance_007:r06:o1:live,10,instance_007,6,live/no_cut,1,live,EXACT_CLOSED,0,0.73589,True,True,True,dfaedf6d273c5c56,1.988918,BPC_TREE_OPTIMAL,P0,9f0e7c4f7e2cab50267e197d55a17950aeee35aad388e47448f24873a7e92ba1,0,,0.005558,12.338345,/home/kai/work/GAT_BPC_moonTerk/runs/native_live_sri_v1_p0_frozen_paired_promotion_20260722/raw/scale_010/instance_007_logical_graph/repeat_06/1_live/attempt_01
s010:instance_007:r06:o2:no_cut,10,instance_007,6,live/no_cut,2,no_cut,EXACT_CLOSED,0,0.767682,True,True,True,dfaedf6d273c5c56,1.988918,BPC_TREE_OPTIMAL,no_cut,37c44c29594e0b8b0ba429e5dd3cf7422c07ae17222bb31e16e31e57030d5e63,0,,0.004768,12.256237,/home/kai/work/GAT_BPC_moonTerk/runs/native_live_sri_v1_p0_frozen_paired_promotion_20260722/raw/scale_010/instance_007_logical_graph/repeat_06/2_no_cut/attempt_01
s010:instance_007:r07:o1:no_cut,10,instance_007,7,no_cut/live,1,no_cut,EXACT_CLOSED,0,0.726133,True,True,True,dfaedf6d273c5c56,1.988918,BPC_TREE_OPTIMAL,no_cut,37c44c29594e0b8b0ba429e5dd3cf7422c07ae17222bb31e16e31e57030d5e63,0,,0.004616,12.188831,/home/kai/work/GAT_BPC_moonTerk/runs/native_live_sri_v1_p0_frozen_paired_promotion_20260722/raw/scale_010/instance_007_logical_graph/repeat_07/1_no_cut/attempt_01
s010:instance_007:r07:o2:live,10,instance_007,7,no_cut/live,2,live,EXACT_CLOSED,0,0.72413,True,True,True,dfaedf6d273c5c56,1.988918,BPC_TREE_OPTIMAL,P0,9f0e7c4f7e2cab50267e197d55a17950aeee35aad388e47448f24873a7e92ba1,0,,0.004505,12.189415,/home/kai/work/GAT_BPC_moonTerk/runs/native_live_sri_v1_p0_frozen_paired_promotion_20260722/raw/scale_010/instance_007_logical_graph/repeat_07/2_live/attempt_01
s010:instance_007:r08:o1:live,10,instance_007,8,live/no_cut,1,live,EXACT_CLOSED,0,0.728235,True,True,True,dfaedf6d273c5c56,1.988918,BPC_TREE_OPTIMAL,P0,9f0e7c4f7e2cab50267e197d55a17950aeee35aad388e47448f24873a7e92ba1,0,,0.004528,12.185787,/home/kai/work/GAT_BPC_moonTerk/runs/native_live_sri_v1_p0_frozen_paired_promotion_20260722/raw/scale_010/instance_007_logical_graph/repeat_08/1_live/attempt_01
s010:instance_007:r08:o2:no_cut,10,instance_007,8,live/no_cut,2,no_cut,EXACT_CLOSED,0,0.742436,True,True,True,dfaedf6d273c5c56,1.988918,BPC_TREE_OPTIMAL,no_cut,37c44c29594e0b8b0ba429e5dd3cf7422c07ae17222bb31e16e31e57030d5e63,0,,0.004482,12.18396,/home/kai/work/GAT_BPC_moonTerk/runs/native_live_sri_v1_p0_frozen_paired_promotion_20260722/raw/scale_010/instance_007_logical_graph/repeat_08/2_no_cut/attempt_01
s010:instance_007:r09:o1:no_cut,10,instance_007,9,no_cut/live,1,no_cut,EXACT_CLOSED,0,0.752087,True,True,True,dfaedf6d273c5c56,1.988918,BPC_TREE_OPTIMAL,no_cut,37c44c29594e0b8b0ba429e5dd3cf7422c07ae17222bb31e16e31e57030d5e63,0,,0.004452,12.249096,/home/kai/work/GAT_BPC_moonTerk/runs/native_live_sri_v1_p0_frozen_paired_promotion_20260722/raw/scale_010/instance_007_logical_graph/repeat_09/1_no_cut/attempt_01
s010:instance_007:r09:o2:live,10,instance_007,9,no_cut/live,2,live,EXACT_CLOSED,0,0.750515,True,True,True,dfaedf6d273c5c56,1.988918,BPC_TREE_OPTIMAL,P0,9f0e7c4f7e2cab50267e197d55a17950aeee35aad388e47448f24873a7e92ba1,0,,0.005283,12.238995,/home/kai/work/GAT_BPC_moonTerk/runs/native_live_sri_v1_p0_frozen_paired_promotion_20260722/raw/scale_010/instance_007_logical_graph/repeat_09/2_live/attempt_01
s010:instance_007:r10:o1:live,10,instance_007,10,live/no_cut,1,live,EXACT_CLOSED,0,0.735759,True,True,True,dfaedf6d273c5c56,1.988918,BPC_TREE_OPTIMAL,P0,9f0e7c4f7e2cab50267e197d55a17950aeee35aad388e47448f24873a7e92ba1,0,,0.005375,12.242226,/home/kai/work/GAT_BPC_moonTerk/runs/native_live_sri_v1_p0_frozen_paired_promotion_20260722/raw/scale_010/instance_007_logical_graph/repeat_10/1_live/attempt_01
s010:instance_007:r10:o2:no_cut,10,instance_007,10,live/no_cut,2,no_cut,EXACT_CLOSED,0,0.768379,True,True,True,dfaedf6d273c5c56,1.988918,BPC_TREE_OPTIMAL,no_cut,37c44c29594e0b8b0ba429e5dd3cf7422c07ae17222bb31e16e31e57030d5e63,0,,0.004623,12.246304,/home/kai/work/GAT_BPC_moonTerk/runs/native_live_sri_v1_p0_frozen_paired_promotion_20260722/raw/scale_010/instance_007_logical_graph/repeat_10/2_no_cut/attempt_01
s010:instance_008:r01:o1:live,10,instance_008,1,live/no_cut,1,live,EXACT_CLOSED,0,0.818422,True,True,True,dfaedf6d273c5c56,1.82381,BPC_TREE_OPTIMAL,P0,9f0e7c4f7e2cab50267e197d55a17950aeee35aad388e47448f24873a7e92ba1,0,,0.004921,12.239334,/home/kai/work/GAT_BPC_moonTerk/runs/native_live_sri_v1_p0_frozen_paired_promotion_20260722/raw/scale_010/instance_008_logical_graph/repeat_01/1_live/attempt_01
s010:instance_008:r01:o2:no_cut,10,instance_008,1,live/no_cut,2,no_cut,EXACT_CLOSED,0,0.820183,True,True,True,dfaedf6d273c5c56,1.82381,BPC_TREE_OPTIMAL,no_cut,37c44c29594e0b8b0ba429e5dd3cf7422c07ae17222bb31e16e31e57030d5e63,0,,0.004772,12.244812,/home/kai/work/GAT_BPC_moonTerk/runs/native_live_sri_v1_p0_frozen_paired_promotion_20260722/raw/scale_010/instance_008_logical_graph/repeat_01/2_no_cut/attempt_01
s010:instance_008:r02:o1:no_cut,10,instance_008,2,no_cut/live,1,no_cut,EXACT_CLOSED,0,0.820147,True,True,True,dfaedf6d273c5c56,1.82381,BPC_TREE_OPTIMAL,no_cut,37c44c29594e0b8b0ba429e5dd3cf7422c07ae17222bb31e16e31e57030d5e63,0,,0.005215,12.244392,/home/kai/work/GAT_BPC_moonTerk/runs/native_live_sri_v1_p0_frozen_paired_promotion_20260722/raw/scale_010/instance_008_logical_graph/repeat_02/1_no_cut/attempt_01
s010:instance_008:r02:o2:live,10,instance_008,2,no_cut/live,2,live,EXACT_CLOSED,0,0.825931,True,True,True,dfaedf6d273c5c56,1.82381,BPC_TREE_OPTIMAL,P0,9f0e7c4f7e2cab50267e197d55a17950aeee35aad388e47448f24873a7e92ba1,0,,0.00449,12.241261,/home/kai/work/GAT_BPC_moonTerk/runs/native_live_sri_v1_p0_frozen_paired_promotion_20260722/raw/scale_010/instance_008_logical_graph/repeat_02/2_live/attempt_01
s010:instance_008:r03:o1:live,10,instance_008,3,live/no_cut,1,live,EXACT_CLOSED,0,0.813236,True,True,True,dfaedf6d273c5c56,1.82381,BPC_TREE_OPTIMAL,P0,9f0e7c4f7e2cab50267e197d55a17950aeee35aad388e47448f24873a7e92ba1,0,,0.004852,12.246193,/home/kai/work/GAT_BPC_moonTerk/runs/native_live_sri_v1_p0_frozen_paired_promotion_20260722/raw/scale_010/instance_008_logical_graph/repeat_03/1_live/attempt_01
s010:instance_008:r03:o2:no_cut,10,instance_008,3,live/no_cut,2,no_cut,EXACT_CLOSED,0,0.825806,True,True,True,dfaedf6d273c5c56,1.82381,BPC_TREE_OPTIMAL,no_cut,37c44c29594e0b8b0ba429e5dd3cf7422c07ae17222bb31e16e31e57030d5e63,0,,0.005638,12.31815,/home/kai/work/GAT_BPC_moonTerk/runs/native_live_sri_v1_p0_frozen_paired_promotion_20260722/raw/scale_010/instance_008_logical_graph/repeat_03/2_no_cut/attempt_01
s010:instance_008:r04:o1:no_cut,10,instance_008,4,no_cut/live,1,no_cut,EXACT_CLOSED,0,0.830555,True,True,True,dfaedf6d273c5c56,1.82381,BPC_TREE_OPTIMAL,no_cut,37c44c29594e0b8b0ba429e5dd3cf7422c07ae17222bb31e16e31e57030d5e63,0,,0.004448,12.316162,/home/kai/work/GAT_BPC_moonTerk/runs/native_live_sri_v1_p0_frozen_paired_promotion_20260722/raw/scale_010/instance_008_logical_graph/repeat_04/1_no_cut/attempt_01
s010:instance_008:r04:o2:live,10,instance_008,4,no_cut/live,2,live,EXACT_CLOSED,0,0.800236,True,True,True,dfaedf6d273c5c56,1.82381,BPC_TREE_OPTIMAL,P0,9f0e7c4f7e2cab50267e197d55a17950aeee35aad388e47448f24873a7e92ba1,0,,0.004543,12.324677,/home/kai/work/GAT_BPC_moonTerk/runs/native_live_sri_v1_p0_frozen_paired_promotion_20260722/raw/scale_010/instance_008_logical_graph/repeat_04/2_live/attempt_01
s010:instance_008:r05:o1:live,10,instance_008,5,live/no_cut,1,live,EXACT_CLOSED,0,0.824584,True,True,True,dfaedf6d273c5c56,1.82381,BPC_TREE_OPTIMAL,P0,9f0e7c4f7e2cab50267e197d55a17950aeee35aad388e47448f24873a7e92ba1,0,,0.004608,12.525276,/home/kai/work/GAT_BPC_moonTerk/runs/native_live_sri_v1_p0_frozen_paired_promotion_20260722/raw/scale_010/instance_008_logical_graph/repeat_05/1_live/attempt_01
s010:instance_008:r05:o2:no_cut,10,instance_008,5,live/no_cut,2,no_cut,EXACT_CLOSED,0,0.839882,True,True,True,dfaedf6d273c5c56,1.82381,BPC_TREE_OPTIMAL,no_cut,37c44c29594e0b8b0ba429e5dd3cf7422c07ae17222bb31e16e31e57030d5e63,0,,0.005272,12.560814,/home/kai/work/GAT_BPC_moonTerk/runs/native_live_sri_v1_p0_frozen_paired_promotion_20260722/raw/scale_010/instance_008_logical_graph/repeat_05/2_no_cut/attempt_01
s010:instance_008:r06:o1:no_cut,10,instance_008,6,no_cut/live,1,no_cut,EXACT_CLOSED,0,0.813407,True,True,True,dfaedf6d273c5c56,1.82381,BPC_TREE_OPTIMAL,no_cut,37c44c29594e0b8b0ba429e5dd3cf7422c07ae17222bb31e16e31e57030d5e63,0,,0.004517,12.543736,/home/kai/work/GAT_BPC_moonTerk/runs/native_live_sri_v1_p0_frozen_paired_promotion_20260722/raw/scale_010/instance_008_logical_graph/repeat_06/1_no_cut/attempt_01
s010:instance_008:r06:o2:live,10,instance_008,6,no_cut/live,2,live,EXACT_CLOSED,0,0.830812,True,True,True,dfaedf6d273c5c56,1.82381,BPC_TREE_OPTIMAL,P0,9f0e7c4f7e2cab50267e197d55a17950aeee35aad388e47448f24873a7e92ba1,0,,0.004524,12.565472,/home/kai/work/GAT_BPC_moonTerk/runs/native_live_sri_v1_p0_frozen_paired_promotion_20260722/raw/scale_010/instance_008_logical_graph/repeat_06/2_live/attempt_01
s010:instance_008:r07:o1:live,10,instance_008,7,live/no_cut,1,live,EXACT_CLOSED,0,0.824156,True,True,True,dfaedf6d273c5c56,1.82381,BPC_TREE_OPTIMAL,P0,9f0e7c4f7e2cab50267e197d55a17950aeee35aad388e47448f24873a7e92ba1,0,,0.004646,12.527466,/home/kai/work/GAT_BPC_moonTerk/runs/native_live_sri_v1_p0_frozen_paired_promotion_20260722/raw/scale_010/instance_008_logical_graph/repeat_07/1_live/attempt_01
s010:instance_008:r07:o2:no_cut,10,instance_008,7,live/no_cut,2,no_cut,EXACT_CLOSED,0,0.828305,True,True,True,dfaedf6d273c5c56,1.82381,BPC_TREE_OPTIMAL,no_cut,37c44c29594e0b8b0ba429e5dd3cf7422c07ae17222bb31e16e31e57030d5e63,0,,0.004372,12.547199,/home/kai/work/GAT_BPC_moonTerk/runs/native_live_sri_v1_p0_frozen_paired_promotion_20260722/raw/scale_010/instance_008_logical_graph/repeat_07/2_no_cut/attempt_01
s010:instance_008:r08:o1:no_cut,10,instance_008,8,no_cut/live,1,no_cut,EXACT_CLOSED,0,0.815906,True,True,True,dfaedf6d273c5c56,1.82381,BPC_TREE_OPTIMAL,no_cut,37c44c29594e0b8b0ba429e5dd3cf7422c07ae17222bb31e16e31e57030d5e63,0,,0.005203,12.473541,/home/kai/work/GAT_BPC_moonTerk/runs/native_live_sri_v1_p0_frozen_paired_promotion_20260722/raw/scale_010/instance_008_logical_graph/repeat_08/1_no_cut/attempt_01
s010:instance_008:r08:o2:live,10,instance_008,8,no_cut/live,2,live,EXACT_CLOSED,0,0.796425,True,True,True,dfaedf6d273c5c56,1.82381,BPC_TREE_OPTIMAL,P0,9f0e7c4f7e2cab50267e197d55a17950aeee35aad388e47448f24873a7e92ba1,0,,0.004723,12.405201,/home/kai/work/GAT_BPC_moonTerk/runs/native_live_sri_v1_p0_frozen_paired_promotion_20260722/raw/scale_010/instance_008_logical_graph/repeat_08/2_live/attempt_01
s010:instance_008:r09:o1:live,10,instance_008,9,live/no_cut,1,live,EXACT_CLOSED,0,0.813619,True,True,True,dfaedf6d273c5c56,1.82381,BPC_TREE_OPTIMAL,P0,9f0e7c4f7e2cab50267e197d55a17950aeee35aad388e47448f24873a7e92ba1,0,,0.004608,12.353477,/home/kai/work/GAT_BPC_moonTerk/runs/native_live_sri_v1_p0_frozen_paired_promotion_20260722/raw/scale_010/instance_008_logical_graph/repeat_09/1_live/attempt_01
s010:instance_008:r09:o2:no_cut,10,instance_008,9,live/no_cut,2,no_cut,EXACT_CLOSED,0,0.795641,True,True,True,dfaedf6d273c5c56,1.82381,BPC_TREE_OPTIMAL,no_cut,37c44c29594e0b8b0ba429e5dd3cf7422c07ae17222bb31e16e31e57030d5e63,0,,0.004543,12.313187,/home/kai/work/GAT_BPC_moonTerk/runs/native_live_sri_v1_p0_frozen_paired_promotion_20260722/raw/scale_010/instance_008_logical_graph/repeat_09/2_no_cut/attempt_01
s010:instance_008:r10:o1:no_cut,10,instance_008,10,no_cut/live,1,no_cut,EXACT_CLOSED,0,0.814677,True,True,True,dfaedf6d273c5c56,1.82381,BPC_TREE_OPTIMAL,no_cut,37c44c29594e0b8b0ba429e5dd3cf7422c07ae17222bb31e16e31e57030d5e63,0,,0.005318,12.316174,/home/kai/work/GAT_BPC_moonTerk/runs/native_live_sri_v1_p0_frozen_paired_promotion_20260722/raw/scale_010/instance_008_logical_graph/repeat_10/1_no_cut/attempt_01
s010:instance_008:r10:o2:live,10,instance_008,10,no_cut/live,2,live,EXACT_CLOSED,0,0.81516,True,True,True,dfaedf6d273c5c56,1.82381,BPC_TREE_OPTIMAL,P0,9f0e7c4f7e2cab50267e197d55a17950aeee35aad388e47448f24873a7e92ba1,0,,0.004635,12.314068,/home/kai/work/GAT_BPC_moonTerk/runs/native_live_sri_v1_p0_frozen_paired_promotion_20260722/raw/scale_010/instance_008_logical_graph/repeat_10/2_live/attempt_01
s010:instance_009:r01:o1:no_cut,10,instance_009,1,no_cut/live,1,no_cut,EXACT_CLOSED,0,0.839219,True,True,True,dfaedf6d273c5c56,1.83376,BPC_TREE_OPTIMAL,no_cut,37c44c29594e0b8b0ba429e5dd3cf7422c07ae17222bb31e16e31e57030d5e63,0,,0.006248,12.279968,/home/kai/work/GAT_BPC_moonTerk/runs/native_live_sri_v1_p0_frozen_paired_promotion_20260722/raw/scale_010/instance_009_logical_graph/repeat_01/1_no_cut/attempt_01
s010:instance_009:r01:o2:live,10,instance_009,1,no_cut/live,2,live,EXACT_CLOSED,0,0.836975,True,True,True,dfaedf6d273c5c56,1.83376,BPC_TREE_OPTIMAL,P0,9f0e7c4f7e2cab50267e197d55a17950aeee35aad388e47448f24873a7e92ba1,0,,0.004486,12.312874,/home/kai/work/GAT_BPC_moonTerk/runs/native_live_sri_v1_p0_frozen_paired_promotion_20260722/raw/scale_010/instance_009_logical_graph/repeat_01/2_live/attempt_01
s010:instance_009:r02:o1:live,10,instance_009,2,live/no_cut,1,live,EXACT_CLOSED,0,0.825409,True,True,True,dfaedf6d273c5c56,1.83376,BPC_TREE_OPTIMAL,P0,9f0e7c4f7e2cab50267e197d55a17950aeee35aad388e47448f24873a7e92ba1,0,,0.004555,12.337685,/home/kai/work/GAT_BPC_moonTerk/runs/native_live_sri_v1_p0_frozen_paired_promotion_20260722/raw/scale_010/instance_009_logical_graph/repeat_02/1_live/attempt_01
s010:instance_009:r02:o2:no_cut,10,instance_009,2,live/no_cut,2,no_cut,EXACT_CLOSED,0,0.814335,True,True,True,dfaedf6d273c5c56,1.83376,BPC_TREE_OPTIMAL,no_cut,37c44c29594e0b8b0ba429e5dd3cf7422c07ae17222bb31e16e31e57030d5e63,0,,0.004631,12.27446,/home/kai/work/GAT_BPC_moonTerk/runs/native_live_sri_v1_p0_frozen_paired_promotion_20260722/raw/scale_010/instance_009_logical_graph/repeat_02/2_no_cut/attempt_01
s010:instance_009:r03:o1:no_cut,10,instance_009,3,no_cut/live,1,no_cut,EXACT_CLOSED,0,0.838795,True,True,True,dfaedf6d273c5c56,1.83376,BPC_TREE_OPTIMAL,no_cut,37c44c29594e0b8b0ba429e5dd3cf7422c07ae17222bb31e16e31e57030d5e63,0,,0.004513,12.276737,/home/kai/work/GAT_BPC_moonTerk/runs/native_live_sri_v1_p0_frozen_paired_promotion_20260722/raw/scale_010/instance_009_logical_graph/repeat_03/1_no_cut/attempt_01
s010:instance_009:r03:o2:live,10,instance_009,3,no_cut/live,2,live,EXACT_CLOSED,0,0.811143,True,True,True,dfaedf6d273c5c56,1.83376,BPC_TREE_OPTIMAL,P0,9f0e7c4f7e2cab50267e197d55a17950aeee35aad388e47448f24873a7e92ba1,0,,0.004379,12.271542,/home/kai/work/GAT_BPC_moonTerk/runs/native_live_sri_v1_p0_frozen_paired_promotion_20260722/raw/scale_010/instance_009_logical_graph/repeat_03/2_live/attempt_01
s010:instance_009:r04:o1:live,10,instance_009,4,live/no_cut,1,live,EXACT_CLOSED,0,0.824254,True,True,True,dfaedf6d273c5c56,1.83376,BPC_TREE_OPTIMAL,P0,9f0e7c4f7e2cab50267e197d55a17950aeee35aad388e47448f24873a7e92ba1,0,,0.004772,12.369255,/home/kai/work/GAT_BPC_moonTerk/runs/native_live_sri_v1_p0_frozen_paired_promotion_20260722/raw/scale_010/instance_009_logical_graph/repeat_04/1_live/attempt_01
s010:instance_009:r04:o2:no_cut,10,instance_009,4,live/no_cut,2,no_cut,EXACT_CLOSED,0,0.821605,True,True,True,dfaedf6d273c5c56,1.83376,BPC_TREE_OPTIMAL,no_cut,37c44c29594e0b8b0ba429e5dd3cf7422c07ae17222bb31e16e31e57030d5e63,0,,0.00441,12.354752,/home/kai/work/GAT_BPC_moonTerk/runs/native_live_sri_v1_p0_frozen_paired_promotion_20260722/raw/scale_010/instance_009_logical_graph/repeat_04/2_no_cut/attempt_01
s010:instance_009:r05:o1:no_cut,10,instance_009,5,no_cut/live,1,no_cut,EXACT_CLOSED,0,0.836773,True,True,True,dfaedf6d273c5c56,1.83376,BPC_TREE_OPTIMAL,no_cut,37c44c29594e0b8b0ba429e5dd3cf7422c07ae17222bb31e16e31e57030d5e63,0,,0.005669,12.447018,/home/kai/work/GAT_BPC_moonTerk/runs/native_live_sri_v1_p0_frozen_paired_promotion_20260722/raw/scale_010/instance_009_logical_graph/repeat_05/1_no_cut/attempt_01
s010:instance_009:r05:o2:live,10,instance_009,5,no_cut/live,2,live,EXACT_CLOSED,0,0.814234,True,True,True,dfaedf6d273c5c56,1.83376,BPC_TREE_OPTIMAL,P0,9f0e7c4f7e2cab50267e197d55a17950aeee35aad388e47448f24873a7e92ba1,0,,0.00449,12.578079,/home/kai/work/GAT_BPC_moonTerk/runs/native_live_sri_v1_p0_frozen_paired_promotion_20260722/raw/scale_010/instance_009_logical_graph/repeat_05/2_live/attempt_01
s010:instance_009:r06:o1:live,10,instance_009,6,live/no_cut,1,live,EXACT_CLOSED,0,0.851871,True,True,True,dfaedf6d273c5c56,1.83376,BPC_TREE_OPTIMAL,P0,9f0e7c4f7e2cab50267e197d55a17950aeee35aad388e47448f24873a7e92ba1,0,,0.004292,12.484913,/home/kai/work/GAT_BPC_moonTerk/runs/native_live_sri_v1_p0_frozen_paired_promotion_20260722/raw/scale_010/instance_009_logical_graph/repeat_06/1_live/attempt_01
s010:instance_009:r06:o2:no_cut,10,instance_009,6,live/no_cut,2,no_cut,EXACT_CLOSED,0,0.815879,True,True,True,dfaedf6d273c5c56,1.83376,BPC_TREE_OPTIMAL,no_cut,37c44c29594e0b8b0ba429e5dd3cf7422c07ae17222bb31e16e31e57030d5e63,0,,0.004654,12.500656,/home/kai/work/GAT_BPC_moonTerk/runs/native_live_sri_v1_p0_frozen_paired_promotion_20260722/raw/scale_010/instance_009_logical_graph/repeat_06/2_no_cut/attempt_01
s010:instance_009:r07:o1:no_cut,10,instance_009,7,no_cut/live,1,no_cut,EXACT_CLOSED,0,0.836311,True,True,True,dfaedf6d273c5c56,1.83376,BPC_TREE_OPTIMAL,no_cut,37c44c29594e0b8b0ba429e5dd3cf7422c07ae17222bb31e16e31e57030d5e63,0,,0.006161,12.233429,/home/kai/work/GAT_BPC_moonTerk/runs/native_live_sri_v1_p0_frozen_paired_promotion_20260722/raw/scale_010/instance_009_logical_graph/repeat_07/1_no_cut/attempt_01
s010:instance_009:r07:o2:live,10,instance_009,7,no_cut/live,2,live,EXACT_CLOSED,0,0.813726,True,True,True,dfaedf6d273c5c56,1.83376,BPC_TREE_OPTIMAL,P0,9f0e7c4f7e2cab50267e197d55a17950aeee35aad388e47448f24873a7e92ba1,0,,0.004547,12.246796,/home/kai/work/GAT_BPC_moonTerk/runs/native_live_sri_v1_p0_frozen_paired_promotion_20260722/raw/scale_010/instance_009_logical_graph/repeat_07/2_live/attempt_01
s010:instance_009:r08:o1:live,10,instance_009,8,live/no_cut,1,live,EXACT_CLOSED,0,0.820483,True,True,True,dfaedf6d273c5c56,1.83376,BPC_TREE_OPTIMAL,P0,9f0e7c4f7e2cab50267e197d55a17950aeee35aad388e47448f24873a7e92ba1,0,,0.004528,12.2379,/home/kai/work/GAT_BPC_moonTerk/runs/native_live_sri_v1_p0_frozen_paired_promotion_20260722/raw/scale_010/instance_009_logical_graph/repeat_08/1_live/attempt_01
s010:instance_009:r08:o2:no_cut,10,instance_009,8,live/no_cut,2,no_cut,EXACT_CLOSED,0,0.840898,True,True,True,dfaedf6d273c5c56,1.83376,BPC_TREE_OPTIMAL,no_cut,37c44c29594e0b8b0ba429e5dd3cf7422c07ae17222bb31e16e31e57030d5e63,0,,0.004585,12.239277,/home/kai/work/GAT_BPC_moonTerk/runs/native_live_sri_v1_p0_frozen_paired_promotion_20260722/raw/scale_010/instance_009_logical_graph/repeat_08/2_no_cut/attempt_01
s010:instance_009:r09:o1:no_cut,10,instance_009,9,no_cut/live,1,no_cut,EXACT_CLOSED,0,0.83402,True,True,True,dfaedf6d273c5c56,1.83376,BPC_TREE_OPTIMAL,no_cut,37c44c29594e0b8b0ba429e5dd3cf7422c07ae17222bb31e16e31e57030d5e63,0,,0.004635,12.242855,/home/kai/work/GAT_BPC_moonTerk/runs/native_live_sri_v1_p0_frozen_paired_promotion_20260722/raw/scale_010/instance_009_logical_graph/repeat_09/1_no_cut/attempt_01
s010:instance_009:r09:o2:live,10,instance_009,9,no_cut/live,2,live,EXACT_CLOSED,0,0.815938,True,True,True,dfaedf6d273c5c56,1.83376,BPC_TREE_OPTIMAL,P0,9f0e7c4f7e2cab50267e197d55a17950aeee35aad388e47448f24873a7e92ba1,0,,0.004623,12.242256,/home/kai/work/GAT_BPC_moonTerk/runs/native_live_sri_v1_p0_frozen_paired_promotion_20260722/raw/scale_010/instance_009_logical_graph/repeat_09/2_live/attempt_01
s010:instance_009:r10:o1:live,10,instance_009,10,live/no_cut,1,live,EXACT_CLOSED,0,0.847744,True,True,True,dfaedf6d273c5c56,1.83376,BPC_TREE_OPTIMAL,P0,9f0e7c4f7e2cab50267e197d55a17950aeee35aad388e47448f24873a7e92ba1,0,,0.004551,12.240276,/home/kai/work/GAT_BPC_moonTerk/runs/native_live_sri_v1_p0_frozen_paired_promotion_20260722/raw/scale_010/instance_009_logical_graph/repeat_10/1_live/attempt_01
s010:instance_009:r10:o2:no_cut,10,instance_009,10,live/no_cut,2,no_cut,EXACT_CLOSED,0,0.82435,True,True,True,dfaedf6d273c5c56,1.83376,BPC_TREE_OPTIMAL,no_cut,37c44c29594e0b8b0ba429e5dd3cf7422c07ae17222bb31e16e31e57030d5e63,0,,0.004826,12.238781,/home/kai/work/GAT_BPC_moonTerk/runs/native_live_sri_v1_p0_frozen_paired_promotion_20260722/raw/scale_010/instance_009_logical_graph/repeat_10/2_no_cut/attempt_01
s010:instance_010:r01:o1:live,10,instance_010,1,live/no_cut,1,live,EXACT_CLOSED,0,1.10114,True,True,True,dfaedf6d273c5c56,1.767861,BPC_TREE_OPTIMAL,P0,9f0e7c4f7e2cab50267e197d55a17950aeee35aad388e47448f24873a7e92ba1,0,,0.004532,12.241646,/home/kai/work/GAT_BPC_moonTerk/runs/native_live_sri_v1_p0_frozen_paired_promotion_20260722/raw/scale_010/instance_010_logical_graph/repeat_01/1_live/attempt_01
s010:instance_010:r01:o2:no_cut,10,instance_010,1,live/no_cut,2,no_cut,EXACT_CLOSED,0,1.076823,True,True,True,dfaedf6d273c5c56,1.767861,BPC_TREE_OPTIMAL,no_cut,37c44c29594e0b8b0ba429e5dd3cf7422c07ae17222bb31e16e31e57030d5e63,0,,0.004627,12.236217,/home/kai/work/GAT_BPC_moonTerk/runs/native_live_sri_v1_p0_frozen_paired_promotion_20260722/raw/scale_010/instance_010_logical_graph/repeat_01/2_no_cut/attempt_01
s010:instance_010:r02:o1:no_cut,10,instance_010,2,no_cut/live,1,no_cut,EXACT_CLOSED,0,1.107694,True,True,True,dfaedf6d273c5c56,1.767861,BPC_TREE_OPTIMAL,no_cut,37c44c29594e0b8b0ba429e5dd3cf7422c07ae17222bb31e16e31e57030d5e63,0,,0.004364,12.198833,/home/kai/work/GAT_BPC_moonTerk/runs/native_live_sri_v1_p0_frozen_paired_promotion_20260722/raw/scale_010/instance_010_logical_graph/repeat_02/1_no_cut/attempt_01
s010:instance_010:r02:o2:live,10,instance_010,2,no_cut/live,2,live,EXACT_CLOSED,0,1.239975,True,True,True,dfaedf6d273c5c56,1.767861,BPC_TREE_OPTIMAL,P0,9f0e7c4f7e2cab50267e197d55a17950aeee35aad388e47448f24873a7e92ba1,0,,0.004387,12.02195,/home/kai/work/GAT_BPC_moonTerk/runs/native_live_sri_v1_p0_frozen_paired_promotion_20260722/raw/scale_010/instance_010_logical_graph/repeat_02/2_live/attempt_01
s010:instance_010:r03:o1:live,10,instance_010,3,live/no_cut,1,live,EXACT_CLOSED,0,1.178086,True,True,True,dfaedf6d273c5c56,1.767861,BPC_TREE_OPTIMAL,P0,9f0e7c4f7e2cab50267e197d55a17950aeee35aad388e47448f24873a7e92ba1,0,,0.004845,12.03896,/home/kai/work/GAT_BPC_moonTerk/runs/native_live_sri_v1_p0_frozen_paired_promotion_20260722/raw/scale_010/instance_010_logical_graph/repeat_03/1_live/attempt_01
s010:instance_010:r03:o2:no_cut,10,instance_010,3,live/no_cut,2,no_cut,EXACT_CLOSED,0,1.114587,True,True,True,dfaedf6d273c5c56,1.767861,BPC_TREE_OPTIMAL,no_cut,37c44c29594e0b8b0ba429e5dd3cf7422c07ae17222bb31e16e31e57030d5e63,0,,0.004379,12.058529,/home/kai/work/GAT_BPC_moonTerk/runs/native_live_sri_v1_p0_frozen_paired_promotion_20260722/raw/scale_010/instance_010_logical_graph/repeat_03/2_no_cut/attempt_01
s010:instance_010:r04:o1:no_cut,10,instance_010,4,no_cut/live,1,no_cut,EXACT_CLOSED,0,1.083295,True,True,True,dfaedf6d273c5c56,1.767861,BPC_TREE_OPTIMAL,no_cut,37c44c29594e0b8b0ba429e5dd3cf7422c07ae17222bb31e16e31e57030d5e63,0,,0.004593,12.176586,/home/kai/work/GAT_BPC_moonTerk/runs/native_live_sri_v1_p0_frozen_paired_promotion_20260722/raw/scale_010/instance_010_logical_graph/repeat_04/1_no_cut/attempt_01
s010:instance_010:r04:o2:live,10,instance_010,4,no_cut/live,2,live,EXACT_CLOSED,0,1.127544,True,True,True,dfaedf6d273c5c56,1.767861,BPC_TREE_OPTIMAL,P0,9f0e7c4f7e2cab50267e197d55a17950aeee35aad388e47448f24873a7e92ba1,0,,0.004498,12.275425,/home/kai/work/GAT_BPC_moonTerk/runs/native_live_sri_v1_p0_frozen_paired_promotion_20260722/raw/scale_010/instance_010_logical_graph/repeat_04/2_live/attempt_01
s010:instance_010:r05:o1:live,10,instance_010,5,live/no_cut,1,live,EXACT_CLOSED,0,1.095543,True,True,True,dfaedf6d273c5c56,1.767861,BPC_TREE_OPTIMAL,P0,9f0e7c4f7e2cab50267e197d55a17950aeee35aad388e47448f24873a7e92ba1,0,,0.004532,12.287373,/home/kai/work/GAT_BPC_moonTerk/runs/native_live_sri_v1_p0_frozen_paired_promotion_20260722/raw/scale_010/instance_010_logical_graph/repeat_05/1_live/attempt_01
s010:instance_010:r05:o2:no_cut,10,instance_010,5,live/no_cut,2,no_cut,EXACT_CLOSED,0,1.106909,True,True,True,dfaedf6d273c5c56,1.767861,BPC_TREE_OPTIMAL,no_cut,37c44c29594e0b8b0ba429e5dd3cf7422c07ae17222bb31e16e31e57030d5e63,0,,0.004272,12.273018,/home/kai/work/GAT_BPC_moonTerk/runs/native_live_sri_v1_p0_frozen_paired_promotion_20260722/raw/scale_010/instance_010_logical_graph/repeat_05/2_no_cut/attempt_01
s010:instance_010:r06:o1:no_cut,10,instance_010,6,no_cut/live,1,no_cut,EXACT_CLOSED,0,1.111123,True,True,True,dfaedf6d273c5c56,1.767861,BPC_TREE_OPTIMAL,no_cut,37c44c29594e0b8b0ba429e5dd3cf7422c07ae17222bb31e16e31e57030d5e63,0,,0.004101,12.255451,/home/kai/work/GAT_BPC_moonTerk/runs/native_live_sri_v1_p0_frozen_paired_promotion_20260722/raw/scale_010/instance_010_logical_graph/repeat_06/1_no_cut/attempt_01
s010:instance_010:r06:o2:live,10,instance_010,6,no_cut/live,2,live,EXACT_CLOSED,0,1.105857,True,True,True,dfaedf6d273c5c56,1.767861,BPC_TREE_OPTIMAL,P0,9f0e7c4f7e2cab50267e197d55a17950aeee35aad388e47448f24873a7e92ba1,0,,0.005283,12.196079,/home/kai/work/GAT_BPC_moonTerk/runs/native_live_sri_v1_p0_frozen_paired_promotion_20260722/raw/scale_010/instance_010_logical_graph/repeat_06/2_live/attempt_01
s010:instance_010:r07:o1:live,10,instance_010,7,live/no_cut,1,live,EXACT_CLOSED,0,1.100217,True,True,True,dfaedf6d273c5c56,1.767861,BPC_TREE_OPTIMAL,P0,9f0e7c4f7e2cab50267e197d55a17950aeee35aad388e47448f24873a7e92ba1,0,,0.004406,12.073879,/home/kai/work/GAT_BPC_moonTerk/runs/native_live_sri_v1_p0_frozen_paired_promotion_20260722/raw/scale_010/instance_010_logical_graph/repeat_07/1_live/attempt_01
s010:instance_010:r07:o2:no_cut,10,instance_010,7,live/no_cut,2,no_cut,EXACT_CLOSED,0,1.084643,True,True,True,dfaedf6d273c5c56,1.767861,BPC_TREE_OPTIMAL,no_cut,37c44c29594e0b8b0ba429e5dd3cf7422c07ae17222bb31e16e31e57030d5e63,0,,0.00428,12.036446,/home/kai/work/GAT_BPC_moonTerk/runs/native_live_sri_v1_p0_frozen_paired_promotion_20260722/raw/scale_010/instance_010_logical_graph/repeat_07/2_no_cut/attempt_01
s010:instance_010:r08:o1:no_cut,10,instance_010,8,no_cut/live,1,no_cut,EXACT_CLOSED,0,1.139909,True,True,True,dfaedf6d273c5c56,1.767861,BPC_TREE_OPTIMAL,no_cut,37c44c29594e0b8b0ba429e5dd3cf7422c07ae17222bb31e16e31e57030d5e63,0,,0.004375,12.037247,/home/kai/work/GAT_BPC_moonTerk/runs/native_live_sri_v1_p0_frozen_paired_promotion_20260722/raw/scale_010/instance_010_logical_graph/repeat_08/1_no_cut/attempt_01
s010:instance_010:r08:o2:live,10,instance_010,8,no_cut/live,2,live,EXACT_CLOSED,0,1.128956,True,True,True,dfaedf6d273c5c56,1.767861,BPC_TREE_OPTIMAL,P0,9f0e7c4f7e2cab50267e197d55a17950aeee35aad388e47448f24873a7e92ba1,0,,0.004807,12.014637,/home/kai/work/GAT_BPC_moonTerk/runs/native_live_sri_v1_p0_frozen_paired_promotion_20260722/raw/scale_010/instance_010_logical_graph/repeat_08/2_live/attempt_01
s010:instance_010:r09:o1:live,10,instance_010,9,live/no_cut,1,live,EXACT_CLOSED,0,1.149407,True,True,True,dfaedf6d273c5c56,1.767861,BPC_TREE_OPTIMAL,P0,9f0e7c4f7e2cab50267e197d55a17950aeee35aad388e47448f24873a7e92ba1,0,,0.004036,11.920544,/home/kai/work/GAT_BPC_moonTerk/runs/native_live_sri_v1_p0_frozen_paired_promotion_20260722/raw/scale_010/instance_010_logical_graph/repeat_09/1_live/attempt_01
s010:instance_010:r09:o2:no_cut,10,instance_010,9,live/no_cut,2,no_cut,EXACT_CLOSED,0,1.110367,True,True,True,dfaedf6d273c5c56,1.767861,BPC_TREE_OPTIMAL,no_cut,37c44c29594e0b8b0ba429e5dd3cf7422c07ae17222bb31e16e31e57030d5e63,0,,0.004326,11.944672,/home/kai/work/GAT_BPC_moonTerk/runs/native_live_sri_v1_p0_frozen_paired_promotion_20260722/raw/scale_010/instance_010_logical_graph/repeat_09/2_no_cut/attempt_01
s010:instance_010:r10:o1:no_cut,10,instance_010,10,no_cut/live,1,no_cut,EXACT_CLOSED,0,1.098578,True,True,True,dfaedf6d273c5c56,1.767861,BPC_TREE_OPTIMAL,no_cut,37c44c29594e0b8b0ba429e5dd3cf7422c07ae17222bb31e16e31e57030d5e63,0,,0.004467,11.896404,/home/kai/work/GAT_BPC_moonTerk/runs/native_live_sri_v1_p0_frozen_paired_promotion_20260722/raw/scale_010/instance_010_logical_graph/repeat_10/1_no_cut/attempt_01
s010:instance_010:r10:o2:live,10,instance_010,10,no_cut/live,2,live,EXACT_CLOSED,0,1.102255,True,True,True,dfaedf6d273c5c56,1.767861,BPC_TREE_OPTIMAL,P0,9f0e7c4f7e2cab50267e197d55a17950aeee35aad388e47448f24873a7e92ba1,0,,0.004494,11.846317,/home/kai/work/GAT_BPC_moonTerk/runs/native_live_sri_v1_p0_frozen_paired_promotion_20260722/raw/scale_010/instance_010_logical_graph/repeat_10/2_live/attempt_01
s010:instance_011:r01:o1:no_cut,10,instance_011,1,no_cut/live,1,no_cut,EXACT_CLOSED,0,1.188406,True,True,True,dfaedf6d273c5c56,1.782366,BPC_TREE_OPTIMAL,no_cut,37c44c29594e0b8b0ba429e5dd3cf7422c07ae17222bb31e16e31e57030d5e63,0,,0.00428,11.972904,/home/kai/work/GAT_BPC_moonTerk/runs/native_live_sri_v1_p0_frozen_paired_promotion_20260722/raw/scale_010/instance_011_logical_graph/repeat_01/1_no_cut/attempt_01
s010:instance_011:r01:o2:live,10,instance_011,1,no_cut/live,2,live,EXACT_CLOSED,0,1.195137,True,True,True,dfaedf6d273c5c56,1.782366,BPC_TREE_OPTIMAL,P0,9f0e7c4f7e2cab50267e197d55a17950aeee35aad388e47448f24873a7e92ba1,0,,0.004375,11.961033,/home/kai/work/GAT_BPC_moonTerk/runs/native_live_sri_v1_p0_frozen_paired_promotion_20260722/raw/scale_010/instance_011_logical_graph/repeat_01/2_live/attempt_01
s010:instance_011:r02:o1:live,10,instance_011,2,live/no_cut,1,live,EXACT_CLOSED,0,1.199457,True,True,True,dfaedf6d273c5c56,1.782366,BPC_TREE_OPTIMAL,P0,9f0e7c4f7e2cab50267e197d55a17950aeee35aad388e47448f24873a7e92ba1,0,,0.004646,12.149704,/home/kai/work/GAT_BPC_moonTerk/runs/native_live_sri_v1_p0_frozen_paired_promotion_20260722/raw/scale_010/instance_011_logical_graph/repeat_02/1_live/attempt_01
s010:instance_011:r02:o2:no_cut,10,instance_011,2,live/no_cut,2,no_cut,EXACT_CLOSED,0,1.193627,True,True,True,dfaedf6d273c5c56,1.782366,BPC_TREE_OPTIMAL,no_cut,37c44c29594e0b8b0ba429e5dd3cf7422c07ae17222bb31e16e31e57030d5e63,0,,0.005772,12.145466,/home/kai/work/GAT_BPC_moonTerk/runs/native_live_sri_v1_p0_frozen_paired_promotion_20260722/raw/scale_010/instance_011_logical_graph/repeat_02/2_no_cut/attempt_01
s010:instance_011:r03:o1:no_cut,10,instance_011,3,no_cut/live,1,no_cut,EXACT_CLOSED,0,1.186494,True,True,True,dfaedf6d273c5c56,1.782366,BPC_TREE_OPTIMAL,no_cut,37c44c29594e0b8b0ba429e5dd3cf7422c07ae17222bb31e16e31e57030d5e63,0,,0.004505,12.138908,/home/kai/work/GAT_BPC_moonTerk/runs/native_live_sri_v1_p0_frozen_paired_promotion_20260722/raw/scale_010/instance_011_logical_graph/repeat_03/1_no_cut/attempt_01
s010:instance_011:r03:o2:live,10,instance_011,3,no_cut/live,2,live,EXACT_CLOSED,0,1.181169,True,True,True,dfaedf6d273c5c56,1.782366,BPC_TREE_OPTIMAL,P0,9f0e7c4f7e2cab50267e197d55a17950aeee35aad388e47448f24873a7e92ba1,0,,0.005512,12.135159,/home/kai/work/GAT_BPC_moonTerk/runs/native_live_sri_v1_p0_frozen_paired_promotion_20260722/raw/scale_010/instance_011_logical_graph/repeat_03/2_live/attempt_01
s010:instance_011:r04:o1:live,10,instance_011,4,live/no_cut,1,live,EXACT_CLOSED,0,1.195333,True,True,True,dfaedf6d273c5c56,1.782366,BPC_TREE_OPTIMAL,P0,9f0e7c4f7e2cab50267e197d55a17950aeee35aad388e47448f24873a7e92ba1,0,,0.004395,12.134071,/home/kai/work/GAT_BPC_moonTerk/runs/native_live_sri_v1_p0_frozen_paired_promotion_20260722/raw/scale_010/instance_011_logical_graph/repeat_04/1_live/attempt_01
s010:instance_011:r04:o2:no_cut,10,instance_011,4,live/no_cut,2,no_cut,EXACT_CLOSED,0,1.179121,True,True,True,dfaedf6d273c5c56,1.782366,BPC_TREE_OPTIMAL,no_cut,37c44c29594e0b8b0ba429e5dd3cf7422c07ae17222bb31e16e31e57030d5e63,0,,0.004601,12.125648,/home/kai/work/GAT_BPC_moonTerk/runs/native_live_sri_v1_p0_frozen_paired_promotion_20260722/raw/scale_010/instance_011_logical_graph/repeat_04/2_no_cut/attempt_01
s010:instance_011:r05:o1:no_cut,10,instance_011,5,no_cut/live,1,no_cut,EXACT_CLOSED,0,1.166999,True,True,True,dfaedf6d273c5c56,1.782366,BPC_TREE_OPTIMAL,no_cut,37c44c29594e0b8b0ba429e5dd3cf7422c07ae17222bb31e16e31e57030d5e63,0,,0.004379,12.113861,/home/kai/work/GAT_BPC_moonTerk/runs/native_live_sri_v1_p0_frozen_paired_promotion_20260722/raw/scale_010/instance_011_logical_graph/repeat_05/1_no_cut/attempt_01
s010:instance_011:r05:o2:live,10,instance_011,5,no_cut/live,2,live,EXACT_CLOSED,0,1.14878,True,True,True,dfaedf6d273c5c56,1.782366,BPC_TREE_OPTIMAL,P0,9f0e7c4f7e2cab50267e197d55a17950aeee35aad388e47448f24873a7e92ba1,0,,0.004509,12.108994,/home/kai/work/GAT_BPC_moonTerk/runs/native_live_sri_v1_p0_frozen_paired_promotion_20260722/raw/scale_010/instance_011_logical_graph/repeat_05/2_live/attempt_01
s010:instance_011:r06:o1:live,10,instance_011,6,live/no_cut,1,live,EXACT_CLOSED,0,1.150021,True,True,True,dfaedf6d273c5c56,1.782366,BPC_TREE_OPTIMAL,P0,9f0e7c4f7e2cab50267e197d55a17950aeee35aad388e47448f24873a7e92ba1,0,,0.004307,12.109531,/home/kai/work/GAT_BPC_moonTerk/runs/native_live_sri_v1_p0_frozen_paired_promotion_20260722/raw/scale_010/instance_011_logical_graph/repeat_06/1_live/attempt_01
s010:instance_011:r06:o2:no_cut,10,instance_011,6,live/no_cut,2,no_cut,EXACT_CLOSED,0,1.156432,True,True,True,dfaedf6d273c5c56,1.782366,BPC_TREE_OPTIMAL,no_cut,37c44c29594e0b8b0ba429e5dd3cf7422c07ae17222bb31e16e31e57030d5e63,0,,0.004593,12.103474,/home/kai/work/GAT_BPC_moonTerk/runs/native_live_sri_v1_p0_frozen_paired_promotion_20260722/raw/scale_010/instance_011_logical_graph/repeat_06/2_no_cut/attempt_01
s010:instance_011:r07:o1:no_cut,10,instance_011,7,no_cut/live,1,no_cut,EXACT_CLOSED,0,1.177971,True,True,True,dfaedf6d273c5c56,1.782366,BPC_TREE_OPTIMAL,no_cut,37c44c29594e0b8b0ba429e5dd3cf7422c07ae17222bb31e16e31e57030d5e63,0,,0.004711,12.164375,/home/kai/work/GAT_BPC_moonTerk/runs/native_live_sri_v1_p0_frozen_paired_promotion_20260722/raw/scale_010/instance_011_logical_graph/repeat_07/1_no_cut/attempt_01
s010:instance_011:r07:o2:live,10,instance_011,7,no_cut/live,2,live,EXACT_CLOSED,0,1.170832,True,True,True,dfaedf6d273c5c56,1.782366,BPC_TREE_OPTIMAL,P0,9f0e7c4f7e2cab50267e197d55a17950aeee35aad388e47448f24873a7e92ba1,0,,0.00449,12.168678,/home/kai/work/GAT_BPC_moonTerk/runs/native_live_sri_v1_p0_frozen_paired_promotion_20260722/raw/scale_010/instance_011_logical_graph/repeat_07/2_live/attempt_01
s010:instance_011:r08:o1:live,10,instance_011,8,live/no_cut,1,live,EXACT_CLOSED,0,1.156563,True,True,True,dfaedf6d273c5c56,1.782366,BPC_TREE_OPTIMAL,P0,9f0e7c4f7e2cab50267e197d55a17950aeee35aad388e47448f24873a7e92ba1,0,,0.004601,12.166759,/home/kai/work/GAT_BPC_moonTerk/runs/native_live_sri_v1_p0_frozen_paired_promotion_20260722/raw/scale_010/instance_011_logical_graph/repeat_08/1_live/attempt_01
s010:instance_011:r08:o2:no_cut,10,instance_011,8,live/no_cut,2,no_cut,EXACT_CLOSED,0,1.212699,True,True,True,dfaedf6d273c5c56,1.782366,BPC_TREE_OPTIMAL,no_cut,37c44c29594e0b8b0ba429e5dd3cf7422c07ae17222bb31e16e31e57030d5e63,0,,0.005276,12.169827,/home/kai/work/GAT_BPC_moonTerk/runs/native_live_sri_v1_p0_frozen_paired_promotion_20260722/raw/scale_010/instance_011_logical_graph/repeat_08/2_no_cut/attempt_01
s010:instance_011:r09:o1:no_cut,10,instance_011,9,no_cut/live,1,no_cut,EXACT_CLOSED,0,1.157218,True,True,True,dfaedf6d273c5c56,1.782366,BPC_TREE_OPTIMAL,no_cut,37c44c29594e0b8b0ba429e5dd3cf7422c07ae17222bb31e16e31e57030d5e63,0,,0.004398,12.173336,/home/kai/work/GAT_BPC_moonTerk/runs/native_live_sri_v1_p0_frozen_paired_promotion_20260722/raw/scale_010/instance_011_logical_graph/repeat_09/1_no_cut/attempt_01
s010:instance_011:r09:o2:live,10,instance_011,9,no_cut/live,2,live,EXACT_CLOSED,0,1.166202,True,True,True,dfaedf6d273c5c56,1.782366,BPC_TREE_OPTIMAL,P0,9f0e7c4f7e2cab50267e197d55a17950aeee35aad388e47448f24873a7e92ba1,0,,0.004639,12.165833,/home/kai/work/GAT_BPC_moonTerk/runs/native_live_sri_v1_p0_frozen_paired_promotion_20260722/raw/scale_010/instance_011_logical_graph/repeat_09/2_live/attempt_01
s010:instance_011:r10:o1:live,10,instance_011,10,live/no_cut,1,live,EXACT_CLOSED,0,1.201348,True,True,True,dfaedf6d273c5c56,1.782366,BPC_TREE_OPTIMAL,P0,9f0e7c4f7e2cab50267e197d55a17950aeee35aad388e47448f24873a7e92ba1,0,,0.004978,12.166748,/home/kai/work/GAT_BPC_moonTerk/runs/native_live_sri_v1_p0_frozen_paired_promotion_20260722/raw/scale_010/instance_011_logical_graph/repeat_10/1_live/attempt_01
s010:instance_011:r10:o2:no_cut,10,instance_011,10,live/no_cut,2,no_cut,EXACT_CLOSED,0,1.175641,True,True,True,dfaedf6d273c5c56,1.782366,BPC_TREE_OPTIMAL,no_cut,37c44c29594e0b8b0ba429e5dd3cf7422c07ae17222bb31e16e31e57030d5e63,0,,0.004734,12.151432,/home/kai/work/GAT_BPC_moonTerk/runs/native_live_sri_v1_p0_frozen_paired_promotion_20260722/raw/scale_010/instance_011_logical_graph/repeat_10/2_no_cut/attempt_01
s010:instance_012:r01:o1:live,10,instance_012,1,live/no_cut,1,live,EXACT_CLOSED,0,0.73813,True,True,True,dfaedf6d273c5c56,1.999817,BPC_TREE_OPTIMAL,P0,9f0e7c4f7e2cab50267e197d55a17950aeee35aad388e47448f24873a7e92ba1,0,,0.006184,12.173603,/home/kai/work/GAT_BPC_moonTerk/runs/native_live_sri_v1_p0_frozen_paired_promotion_20260722/raw/scale_010/instance_012_logical_graph/repeat_01/1_live/attempt_01
s010:instance_012:r01:o2:no_cut,10,instance_012,1,live/no_cut,2,no_cut,EXACT_CLOSED,0,0.745866,True,True,True,dfaedf6d273c5c56,1.999817,BPC_TREE_OPTIMAL,no_cut,37c44c29594e0b8b0ba429e5dd3cf7422c07ae17222bb31e16e31e57030d5e63,0,,0.004608,12.175377,/home/kai/work/GAT_BPC_moonTerk/runs/native_live_sri_v1_p0_frozen_paired_promotion_20260722/raw/scale_010/instance_012_logical_graph/repeat_01/2_no_cut/attempt_01
s010:instance_012:r02:o1:no_cut,10,instance_012,2,no_cut/live,1,no_cut,EXACT_CLOSED,0,0.750176,True,True,True,dfaedf6d273c5c56,1.999817,BPC_TREE_OPTIMAL,no_cut,37c44c29594e0b8b0ba429e5dd3cf7422c07ae17222bb31e16e31e57030d5e63,0,,0.004257,12.176891,/home/kai/work/GAT_BPC_moonTerk/runs/native_live_sri_v1_p0_frozen_paired_promotion_20260722/raw/scale_010/instance_012_logical_graph/repeat_02/1_no_cut/attempt_01
s010:instance_012:r02:o2:live,10,instance_012,2,no_cut/live,2,live,EXACT_CLOSED,0,0.733159,True,True,True,dfaedf6d273c5c56,1.999817,BPC_TREE_OPTIMAL,P0,9f0e7c4f7e2cab50267e197d55a17950aeee35aad388e47448f24873a7e92ba1,0,,0.004448,12.174335,/home/kai/work/GAT_BPC_moonTerk/runs/native_live_sri_v1_p0_frozen_paired_promotion_20260722/raw/scale_010/instance_012_logical_graph/repeat_02/2_live/attempt_01
s010:instance_012:r03:o1:live,10,instance_012,3,live/no_cut,1,live,EXACT_CLOSED,0,0.746548,True,True,True,dfaedf6d273c5c56,1.999817,BPC_TREE_OPTIMAL,P0,9f0e7c4f7e2cab50267e197d55a17950aeee35aad388e47448f24873a7e92ba1,0,,0.004555,12.170757,/home/kai/work/GAT_BPC_moonTerk/runs/native_live_sri_v1_p0_frozen_paired_promotion_20260722/raw/scale_010/instance_012_logical_graph/repeat_03/1_live/attempt_01
s010:instance_012:r03:o2:no_cut,10,instance_012,3,live/no_cut,2,no_cut,EXACT_CLOSED,0,0.730843,True,True,True,dfaedf6d273c5c56,1.999817,BPC_TREE_OPTIMAL,no_cut,37c44c29594e0b8b0ba429e5dd3cf7422c07ae17222bb31e16e31e57030d5e63,0,,0.004772,12.167896,/home/kai/work/GAT_BPC_moonTerk/runs/native_live_sri_v1_p0_frozen_paired_promotion_20260722/raw/scale_010/instance_012_logical_graph/repeat_03/2_no_cut/attempt_01
s010:instance_012:r04:o1:no_cut,10,instance_012,4,no_cut/live,1,no_cut,EXACT_CLOSED,0,0.738782,True,True,True,dfaedf6d273c5c56,1.999817,BPC_TREE_OPTIMAL,no_cut,37c44c29594e0b8b0ba429e5dd3cf7422c07ae17222bb31e16e31e57030d5e63,0,,0.004414,12.177448,/home/kai/work/GAT_BPC_moonTerk/runs/native_live_sri_v1_p0_frozen_paired_promotion_20260722/raw/scale_010/instance_012_logical_graph/repeat_04/1_no_cut/attempt_01
s010:instance_012:r04:o2:live,10,instance_012,4,no_cut/live,2,live,EXACT_CLOSED,0,0.729861,True,True,True,dfaedf6d273c5c56,1.999817,BPC_TREE_OPTIMAL,P0,9f0e7c4f7e2cab50267e197d55a17950aeee35aad388e47448f24873a7e92ba1,0,,0.004692,12.175434,/home/kai/work/GAT_BPC_moonTerk/runs/native_live_sri_v1_p0_frozen_paired_promotion_20260722/raw/scale_010/instance_012_logical_graph/repeat_04/2_live/attempt_01
s010:instance_012:r05:o1:live,10,instance_012,5,live/no_cut,1,live,EXACT_CLOSED,0,0.75001,True,True,True,dfaedf6d273c5c56,1.999817,BPC_TREE_OPTIMAL,P0,9f0e7c4f7e2cab50267e197d55a17950aeee35aad388e47448f24873a7e92ba1,0,,0.004505,12.172939,/home/kai/work/GAT_BPC_moonTerk/runs/native_live_sri_v1_p0_frozen_paired_promotion_20260722/raw/scale_010/instance_012_logical_graph/repeat_05/1_live/attempt_01
s010:instance_012:r05:o2:no_cut,10,instance_012,5,live/no_cut,2,no_cut,EXACT_CLOSED,0,0.753162,True,True,True,dfaedf6d273c5c56,1.999817,BPC_TREE_OPTIMAL,no_cut,37c44c29594e0b8b0ba429e5dd3cf7422c07ae17222bb31e16e31e57030d5e63,0,,0.004715,12.171749,/home/kai/work/GAT_BPC_moonTerk/runs/native_live_sri_v1_p0_frozen_paired_promotion_20260722/raw/scale_010/instance_012_logical_graph/repeat_05/2_no_cut/attempt_01
s010:instance_012:r06:o1:no_cut,10,instance_012,6,no_cut/live,1,no_cut,EXACT_CLOSED,0,0.737507,True,True,True,dfaedf6d273c5c56,1.999817,BPC_TREE_OPTIMAL,no_cut,37c44c29594e0b8b0ba429e5dd3cf7422c07ae17222bb31e16e31e57030d5e63,0,,0.004387,12.172134,/home/kai/work/GAT_BPC_moonTerk/runs/native_live_sri_v1_p0_frozen_paired_promotion_20260722/raw/scale_010/instance_012_logical_graph/repeat_06/1_no_cut/attempt_01
s010:instance_012:r06:o2:live,10,instance_012,6,no_cut/live,2,live,EXACT_CLOSED,0,0.740741,True,True,True,dfaedf6d273c5c56,1.999817,BPC_TREE_OPTIMAL,P0,9f0e7c4f7e2cab50267e197d55a17950aeee35aad388e47448f24873a7e92ba1,0,,0.004414,12.175518,/home/kai/work/GAT_BPC_moonTerk/runs/native_live_sri_v1_p0_frozen_paired_promotion_20260722/raw/scale_010/instance_012_logical_graph/repeat_06/2_live/attempt_01
s010:instance_012:r07:o1:live,10,instance_012,7,live/no_cut,1,live,EXACT_CLOSED,0,0.75429,True,True,True,dfaedf6d273c5c56,1.999817,BPC_TREE_OPTIMAL,P0,9f0e7c4f7e2cab50267e197d55a17950aeee35aad388e47448f24873a7e92ba1,0,,0.004627,12.168442,/home/kai/work/GAT_BPC_moonTerk/runs/native_live_sri_v1_p0_frozen_paired_promotion_20260722/raw/scale_010/instance_012_logical_graph/repeat_07/1_live/attempt_01
s010:instance_012:r07:o2:no_cut,10,instance_012,7,live/no_cut,2,no_cut,EXACT_CLOSED,0,0.731927,True,True,True,dfaedf6d273c5c56,1.999817,BPC_TREE_OPTIMAL,no_cut,37c44c29594e0b8b0ba429e5dd3cf7422c07ae17222bb31e16e31e57030d5e63,0,,0.00539,12.166908,/home/kai/work/GAT_BPC_moonTerk/runs/native_live_sri_v1_p0_frozen_paired_promotion_20260722/raw/scale_010/instance_012_logical_graph/repeat_07/2_no_cut/attempt_01
s010:instance_012:r08:o1:no_cut,10,instance_012,8,no_cut/live,1,no_cut,EXACT_CLOSED,0,0.739397,True,True,True,dfaedf6d273c5c56,1.999817,BPC_TREE_OPTIMAL,no_cut,37c44c29594e0b8b0ba429e5dd3cf7422c07ae17222bb31e16e31e57030d5e63,0,,0.006454,12.162418,/home/kai/work/GAT_BPC_moonTerk/runs/native_live_sri_v1_p0_frozen_paired_promotion_20260722/raw/scale_010/instance_012_logical_graph/repeat_08/1_no_cut/attempt_01
s010:instance_012:r08:o2:live,10,instance_012,8,no_cut/live,2,live,EXACT_CLOSED,0,0.782221,True,True,True,dfaedf6d273c5c56,1.999817,BPC_TREE_OPTIMAL,P0,9f0e7c4f7e2cab50267e197d55a17950aeee35aad388e47448f24873a7e92ba1,0,,0.00457,12.16827,/home/kai/work/GAT_BPC_moonTerk/runs/native_live_sri_v1_p0_frozen_paired_promotion_20260722/raw/scale_010/instance_012_logical_graph/repeat_08/2_live/attempt_01
s010:instance_012:r09:o1:live,10,instance_012,9,live/no_cut,1,live,EXACT_CLOSED,0,0.735189,True,True,True,dfaedf6d273c5c56,1.999817,BPC_TREE_OPTIMAL,P0,9f0e7c4f7e2cab50267e197d55a17950aeee35aad388e47448f24873a7e92ba1,0,,0.004459,12.167721,/home/kai/work/GAT_BPC_moonTerk/runs/native_live_sri_v1_p0_frozen_paired_promotion_20260722/raw/scale_010/instance_012_logical_graph/repeat_09/1_live/attempt_01
s010:instance_012:r09:o2:no_cut,10,instance_012,9,live/no_cut,2,no_cut,EXACT_CLOSED,0,0.7404,True,True,True,dfaedf6d273c5c56,1.999817,BPC_TREE_OPTIMAL,no_cut,37c44c29594e0b8b0ba429e5dd3cf7422c07ae17222bb31e16e31e57030d5e63,0,,0.004505,12.164818,/home/kai/work/GAT_BPC_moonTerk/runs/native_live_sri_v1_p0_frozen_paired_promotion_20260722/raw/scale_010/instance_012_logical_graph/repeat_09/2_no_cut/attempt_01
s010:instance_012:r10:o1:no_cut,10,instance_012,10,no_cut/live,1,no_cut,EXACT_CLOSED,0,0.736777,True,True,True,dfaedf6d273c5c56,1.999817,BPC_TREE_OPTIMAL,no_cut,37c44c29594e0b8b0ba429e5dd3cf7422c07ae17222bb31e16e31e57030d5e63,0,,0.004631,12.169399,/home/kai/work/GAT_BPC_moonTerk/runs/native_live_sri_v1_p0_frozen_paired_promotion_20260722/raw/scale_010/instance_012_logical_graph/repeat_10/1_no_cut/attempt_01
s010:instance_012:r10:o2:live,10,instance_012,10,no_cut/live,2,live,EXACT_CLOSED,0,0.722915,True,True,True,dfaedf6d273c5c56,1.999817,BPC_TREE_OPTIMAL,P0,9f0e7c4f7e2cab50267e197d55a17950aeee35aad388e47448f24873a7e92ba1,0,,0.004536,12.172821,/home/kai/work/GAT_BPC_moonTerk/runs/native_live_sri_v1_p0_frozen_paired_promotion_20260722/raw/scale_010/instance_012_logical_graph/repeat_10/2_live/attempt_01
s010:instance_013:r01:o1:no_cut,10,instance_013,1,no_cut/live,1,no_cut,EXACT_CLOSED,0,1.061461,True,True,True,dfaedf6d273c5c56,2.01605,BPC_TREE_OPTIMAL,no_cut,37c44c29594e0b8b0ba429e5dd3cf7422c07ae17222bb31e16e31e57030d5e63,0,,0.006256,12.238457,/home/kai/work/GAT_BPC_moonTerk/runs/native_live_sri_v1_p0_frozen_paired_promotion_20260722/raw/scale_010/instance_013_logical_graph/repeat_01/1_no_cut/attempt_01
s010:instance_013:r01:o2:live,10,instance_013,1,no_cut/live,2,live,EXACT_CLOSED,0,1.056296,True,True,True,dfaedf6d273c5c56,2.01605,BPC_TREE_OPTIMAL,P0,9f0e7c4f7e2cab50267e197d55a17950aeee35aad388e47448f24873a7e92ba1,0,,0.00436,12.237099,/home/kai/work/GAT_BPC_moonTerk/runs/native_live_sri_v1_p0_frozen_paired_promotion_20260722/raw/scale_010/instance_013_logical_graph/repeat_01/2_live/attempt_01
s010:instance_013:r02:o1:live,10,instance_013,2,live/no_cut,1,live,EXACT_CLOSED,0,1.053606,True,True,True,dfaedf6d273c5c56,2.01605,BPC_TREE_OPTIMAL,P0,9f0e7c4f7e2cab50267e197d55a17950aeee35aad388e47448f24873a7e92ba1,0,,0.004513,12.239937,/home/kai/work/GAT_BPC_moonTerk/runs/native_live_sri_v1_p0_frozen_paired_promotion_20260722/raw/scale_010/instance_013_logical_graph/repeat_02/1_live/attempt_01
s010:instance_013:r02:o2:no_cut,10,instance_013,2,live/no_cut,2,no_cut,EXACT_CLOSED,0,1.06819,True,True,True,dfaedf6d273c5c56,2.01605,BPC_TREE_OPTIMAL,no_cut,37c44c29594e0b8b0ba429e5dd3cf7422c07ae17222bb31e16e31e57030d5e63,0,,0.006039,12.243893,/home/kai/work/GAT_BPC_moonTerk/runs/native_live_sri_v1_p0_frozen_paired_promotion_20260722/raw/scale_010/instance_013_logical_graph/repeat_02/2_no_cut/attempt_01
s010:instance_013:r03:o1:no_cut,10,instance_013,3,no_cut/live,1,no_cut,EXACT_CLOSED,0,1.053712,True,True,True,dfaedf6d273c5c56,2.01605,BPC_TREE_OPTIMAL,no_cut,37c44c29594e0b8b0ba429e5dd3cf7422c07ae17222bb31e16e31e57030d5e63,0,,0.004848,12.243359,/home/kai/work/GAT_BPC_moonTerk/runs/native_live_sri_v1_p0_frozen_paired_promotion_20260722/raw/scale_010/instance_013_logical_graph/repeat_03/1_no_cut/attempt_01
s010:instance_013:r03:o2:live,10,instance_013,3,no_cut/live,2,live,EXACT_CLOSED,0,1.073639,True,True,True,dfaedf6d273c5c56,2.01605,BPC_TREE_OPTIMAL,P0,9f0e7c4f7e2cab50267e197d55a17950aeee35aad388e47448f24873a7e92ba1,0,,0.004681,12.243942,/home/kai/work/GAT_BPC_moonTerk/runs/native_live_sri_v1_p0_frozen_paired_promotion_20260722/raw/scale_010/instance_013_logical_graph/repeat_03/2_live/attempt_01
s010:instance_013:r04:o1:live,10,instance_013,4,live/no_cut,1,live,EXACT_CLOSED,0,1.0634,True,True,True,dfaedf6d273c5c56,2.01605,BPC_TREE_OPTIMAL,P0,9f0e7c4f7e2cab50267e197d55a17950aeee35aad388e47448f24873a7e92ba1,0,,0.00473,12.231258,/home/kai/work/GAT_BPC_moonTerk/runs/native_live_sri_v1_p0_frozen_paired_promotion_20260722/raw/scale_010/instance_013_logical_graph/repeat_04/1_live/attempt_01
s010:instance_013:r04:o2:no_cut,10,instance_013,4,live/no_cut,2,no_cut,EXACT_CLOSED,0,1.090961,True,True,True,dfaedf6d273c5c56,2.01605,BPC_TREE_OPTIMAL,no_cut,37c44c29594e0b8b0ba429e5dd3cf7422c07ae17222bb31e16e31e57030d5e63,0,,0.004772,12.237888,/home/kai/work/GAT_BPC_moonTerk/runs/native_live_sri_v1_p0_frozen_paired_promotion_20260722/raw/scale_010/instance_013_logical_graph/repeat_04/2_no_cut/attempt_01
s010:instance_013:r05:o1:no_cut,10,instance_013,5,no_cut/live,1,no_cut,EXACT_CLOSED,0,1.107026,True,True,True,dfaedf6d273c5c56,2.01605,BPC_TREE_OPTIMAL,no_cut,37c44c29594e0b8b0ba429e5dd3cf7422c07ae17222bb31e16e31e57030d5e63,0,,0.006634,12.246521,/home/kai/work/GAT_BPC_moonTerk/runs/native_live_sri_v1_p0_frozen_paired_promotion_20260722/raw/scale_010/instance_013_logical_graph/repeat_05/1_no_cut/attempt_01
s010:instance_013:r05:o2:live,10,instance_013,5,no_cut/live,2,live,EXACT_CLOSED,0,1.071094,True,True,True,dfaedf6d273c5c56,2.01605,BPC_TREE_OPTIMAL,P0,9f0e7c4f7e2cab50267e197d55a17950aeee35aad388e47448f24873a7e92ba1,0,,0.004498,12.245941,/home/kai/work/GAT_BPC_moonTerk/runs/native_live_sri_v1_p0_frozen_paired_promotion_20260722/raw/scale_010/instance_013_logical_graph/repeat_05/2_live/attempt_01
s010:instance_013:r06:o1:live,10,instance_013,6,live/no_cut,1,live,EXACT_CLOSED,0,1.068235,True,True,True,dfaedf6d273c5c56,2.01605,BPC_TREE_OPTIMAL,P0,9f0e7c4f7e2cab50267e197d55a17950aeee35aad388e47448f24873a7e92ba1,0,,0.00441,12.236504,/home/kai/work/GAT_BPC_moonTerk/runs/native_live_sri_v1_p0_frozen_paired_promotion_20260722/raw/scale_010/instance_013_logical_graph/repeat_06/1_live/attempt_01
s010:instance_013:r06:o2:no_cut,10,instance_013,6,live/no_cut,2,no_cut,EXACT_CLOSED,0,1.080058,True,True,True,dfaedf6d273c5c56,2.01605,BPC_TREE_OPTIMAL,no_cut,37c44c29594e0b8b0ba429e5dd3cf7422c07ae17222bb31e16e31e57030d5e63,0,,0.004601,12.232693,/home/kai/work/GAT_BPC_moonTerk/runs/native_live_sri_v1_p0_frozen_paired_promotion_20260722/raw/scale_010/instance_013_logical_graph/repeat_06/2_no_cut/attempt_01
s010:instance_013:r07:o1:no_cut,10,instance_013,7,no_cut/live,1,no_cut,EXACT_CLOSED,0,1.074447,True,True,True,dfaedf6d273c5c56,2.01605,BPC_TREE_OPTIMAL,no_cut,37c44c29594e0b8b0ba429e5dd3cf7422c07ae17222bb31e16e31e57030d5e63,0,,0.00708,12.2384,/home/kai/work/GAT_BPC_moonTerk/runs/native_live_sri_v1_p0_frozen_paired_promotion_20260722/raw/scale_010/instance_013_logical_graph/repeat_07/1_no_cut/attempt_01
s010:instance_013:r07:o2:live,10,instance_013,7,no_cut/live,2,live,EXACT_CLOSED,0,1.066806,True,True,True,dfaedf6d273c5c56,2.01605,BPC_TREE_OPTIMAL,P0,9f0e7c4f7e2cab50267e197d55a17950aeee35aad388e47448f24873a7e92ba1,0,,0.004539,12.24654,/home/kai/work/GAT_BPC_moonTerk/runs/native_live_sri_v1_p0_frozen_paired_promotion_20260722/raw/scale_010/instance_013_logical_graph/repeat_07/2_live/attempt_01
s010:instance_013:r08:o1:live,10,instance_013,8,live/no_cut,1,live,EXACT_CLOSED,0,1.0327,True,True,True,dfaedf6d273c5c56,2.01605,BPC_TREE_OPTIMAL,P0,9f0e7c4f7e2cab50267e197d55a17950aeee35aad388e47448f24873a7e92ba1,0,,0.004528,12.246277,/home/kai/work/GAT_BPC_moonTerk/runs/native_live_sri_v1_p0_frozen_paired_promotion_20260722/raw/scale_010/instance_013_logical_graph/repeat_08/1_live/attempt_01
s010:instance_013:r08:o2:no_cut,10,instance_013,8,live/no_cut,2,no_cut,EXACT_CLOSED,0,1.03311,True,True,True,dfaedf6d273c5c56,2.01605,BPC_TREE_OPTIMAL,no_cut,37c44c29594e0b8b0ba429e5dd3cf7422c07ae17222bb31e16e31e57030d5e63,0,,0.004593,12.247147,/home/kai/work/GAT_BPC_moonTerk/runs/native_live_sri_v1_p0_frozen_paired_promotion_20260722/raw/scale_010/instance_013_logical_graph/repeat_08/2_no_cut/attempt_01
s010:instance_013:r09:o1:no_cut,10,instance_013,9,no_cut/live,1,no_cut,EXACT_CLOSED,0,1.064867,True,True,True,dfaedf6d273c5c56,2.01605,BPC_TREE_OPTIMAL,no_cut,37c44c29594e0b8b0ba429e5dd3cf7422c07ae17222bb31e16e31e57030d5e63,0,,0.004623,12.239212,/home/kai/work/GAT_BPC_moonTerk/runs/native_live_sri_v1_p0_frozen_paired_promotion_20260722/raw/scale_010/instance_013_logical_graph/repeat_09/1_no_cut/attempt_01
s010:instance_013:r09:o2:live,10,instance_013,9,no_cut/live,2,live,EXACT_CLOSED,0,1.033543,True,True,True,dfaedf6d273c5c56,2.01605,BPC_TREE_OPTIMAL,P0,9f0e7c4f7e2cab50267e197d55a17950aeee35aad388e47448f24873a7e92ba1,0,,0.004498,12.247944,/home/kai/work/GAT_BPC_moonTerk/runs/native_live_sri_v1_p0_frozen_paired_promotion_20260722/raw/scale_010/instance_013_logical_graph/repeat_09/2_live/attempt_01
s010:instance_013:r10:o1:live,10,instance_013,10,live/no_cut,1,live,EXACT_CLOSED,0,1.03784,True,True,True,dfaedf6d273c5c56,2.01605,BPC_TREE_OPTIMAL,P0,9f0e7c4f7e2cab50267e197d55a17950aeee35aad388e47448f24873a7e92ba1,0,,0.004536,12.247562,/home/kai/work/GAT_BPC_moonTerk/runs/native_live_sri_v1_p0_frozen_paired_promotion_20260722/raw/scale_010/instance_013_logical_graph/repeat_10/1_live/attempt_01
s010:instance_013:r10:o2:no_cut,10,instance_013,10,live/no_cut,2,no_cut,EXACT_CLOSED,0,1.048815,True,True,True,dfaedf6d273c5c56,2.01605,BPC_TREE_OPTIMAL,no_cut,37c44c29594e0b8b0ba429e5dd3cf7422c07ae17222bb31e16e31e57030d5e63,0,,0.004314,12.246006,/home/kai/work/GAT_BPC_moonTerk/runs/native_live_sri_v1_p0_frozen_paired_promotion_20260722/raw/scale_010/instance_013_logical_graph/repeat_10/2_no_cut/attempt_01
s010:instance_014:r01:o1:live,10,instance_014,1,live/no_cut,1,live,EXACT_CLOSED,0,0.81899,True,True,True,dfaedf6d273c5c56,2.088113,BPC_TREE_OPTIMAL,P0,9f0e7c4f7e2cab50267e197d55a17950aeee35aad388e47448f24873a7e92ba1,4,,0.004433,12.240955,/home/kai/work/GAT_BPC_moonTerk/runs/native_live_sri_v1_p0_frozen_paired_promotion_20260722/raw/scale_010/instance_014_logical_graph/repeat_01/1_live/attempt_01
s010:instance_014:r01:o2:no_cut,10,instance_014,1,live/no_cut,2,no_cut,EXACT_CLOSED,0,0.84119,True,True,True,dfaedf6d273c5c56,2.088113,BPC_TREE_OPTIMAL,no_cut,37c44c29594e0b8b0ba429e5dd3cf7422c07ae17222bb31e16e31e57030d5e63,0,,0.004169,12.242828,/home/kai/work/GAT_BPC_moonTerk/runs/native_live_sri_v1_p0_frozen_paired_promotion_20260722/raw/scale_010/instance_014_logical_graph/repeat_01/2_no_cut/attempt_01
s010:instance_014:r02:o1:no_cut,10,instance_014,2,no_cut/live,1,no_cut,EXACT_CLOSED,0,0.855179,True,True,True,dfaedf6d273c5c56,2.088113,BPC_TREE_OPTIMAL,no_cut,37c44c29594e0b8b0ba429e5dd3cf7422c07ae17222bb31e16e31e57030d5e63,0,,0.004467,12.241512,/home/kai/work/GAT_BPC_moonTerk/runs/native_live_sri_v1_p0_frozen_paired_promotion_20260722/raw/scale_010/instance_014_logical_graph/repeat_02/1_no_cut/attempt_01
s010:instance_014:r02:o2:live,10,instance_014,2,no_cut/live,2,live,EXACT_CLOSED,0,0.937954,True,True,True,dfaedf6d273c5c56,2.088113,BPC_TREE_OPTIMAL,P0,9f0e7c4f7e2cab50267e197d55a17950aeee35aad388e47448f24873a7e92ba1,4,,0.00441,12.244446,/home/kai/work/GAT_BPC_moonTerk/runs/native_live_sri_v1_p0_frozen_paired_promotion_20260722/raw/scale_010/instance_014_logical_graph/repeat_02/2_live/attempt_01
s010:instance_014:r03:o1:live,10,instance_014,3,live/no_cut,1,live,EXACT_CLOSED,0,0.81702,True,True,True,dfaedf6d273c5c56,2.088113,BPC_TREE_OPTIMAL,P0,9f0e7c4f7e2cab50267e197d55a17950aeee35aad388e47448f24873a7e92ba1,4,,0.004429,12.069714,/home/kai/work/GAT_BPC_moonTerk/runs/native_live_sri_v1_p0_frozen_paired_promotion_20260722/raw/scale_010/instance_014_logical_graph/repeat_03/1_live/attempt_01
s010:instance_014:r03:o2:no_cut,10,instance_014,3,live/no_cut,2,no_cut,EXACT_CLOSED,0,0.898532,True,True,True,dfaedf6d273c5c56,2.088113,BPC_TREE_OPTIMAL,no_cut,37c44c29594e0b8b0ba429e5dd3cf7422c07ae17222bb31e16e31e57030d5e63,0,,0.004578,12.074402,/home/kai/work/GAT_BPC_moonTerk/runs/native_live_sri_v1_p0_frozen_paired_promotion_20260722/raw/scale_010/instance_014_logical_graph/repeat_03/2_no_cut/attempt_01
s010:instance_014:r04:o1:no_cut,10,instance_014,4,no_cut/live,1,no_cut,EXACT_CLOSED,0,0.84995,True,True,True,dfaedf6d273c5c56,2.088113,BPC_TREE_OPTIMAL,no_cut,37c44c29594e0b8b0ba429e5dd3cf7422c07ae17222bb31e16e31e57030d5e63,0,,0.004597,12.072075,/home/kai/work/GAT_BPC_moonTerk/runs/native_live_sri_v1_p0_frozen_paired_promotion_20260722/raw/scale_010/instance_014_logical_graph/repeat_04/1_no_cut/attempt_01
s010:instance_014:r04:o2:live,10,instance_014,4,no_cut/live,2,live,EXACT_CLOSED,0,0.846725,True,True,True,dfaedf6d273c5c56,2.088113,BPC_TREE_OPTIMAL,P0,9f0e7c4f7e2cab50267e197d55a17950aeee35aad388e47448f24873a7e92ba1,4,,0.004993,12.071823,/home/kai/work/GAT_BPC_moonTerk/runs/native_live_sri_v1_p0_frozen_paired_promotion_20260722/raw/scale_010/instance_014_logical_graph/repeat_04/2_live/attempt_01
s010:instance_014:r05:o1:live,10,instance_014,5,live/no_cut,1,live,EXACT_CLOSED,0,0.831216,True,True,True,dfaedf6d273c5c56,2.088113,BPC_TREE_OPTIMAL,P0,9f0e7c4f7e2cab50267e197d55a17950aeee35aad388e47448f24873a7e92ba1,4,,0.004383,12.080208,/home/kai/work/GAT_BPC_moonTerk/runs/native_live_sri_v1_p0_frozen_paired_promotion_20260722/raw/scale_010/instance_014_logical_graph/repeat_05/1_live/attempt_01
s010:instance_014:r05:o2:no_cut,10,instance_014,5,live/no_cut,2,no_cut,EXACT_CLOSED,0,0.831142,True,True,True,dfaedf6d273c5c56,2.088113,BPC_TREE_OPTIMAL,no_cut,37c44c29594e0b8b0ba429e5dd3cf7422c07ae17222bb31e16e31e57030d5e63,0,,0.004585,12.075718,/home/kai/work/GAT_BPC_moonTerk/runs/native_live_sri_v1_p0_frozen_paired_promotion_20260722/raw/scale_010/instance_014_logical_graph/repeat_05/2_no_cut/attempt_01
