timestamp_utc,slot_id,root_pid,elapsed_sec,process_count,tree_rss_gb,tree_swap_gb,effective_memory_limit_gb,available_memory_gb,system_swap_used_gb,disk_free_gb
2026-07-22T07:33:32.059504+00:00,s005:instance_001:r01:o1:no_cut,1247161,0.002289,1,0.005992889404296875,0.0,2.0,12.660484313964844,0.012287139892578125,820.5473899841309
2026-07-22T07:33:32.642727+00:00,s005:instance_001:r01:o2:live,1247338,0.001377,1,0.004596710205078125,0.0,2.0,12.653427124023438,0.012287139892578125,820.5469932556152
2026-07-22T07:33:33.237414+00:00,s005:instance_001:r02:o1:live,1247505,0.001541,1,0.004730224609375,0.0,2.0,12.659194946289062,0.012287139892578125,820.5466079711914
2026-07-22T07:33:33.817662+00:00,s005:instance_001:r02:o2:no_cut,1247670,0.00234,1,0.004856109619140625,0.0,2.0,12.659584045410156,0.012287139892578125,820.5462265014648
2026-07-22T07:33:34.447575+00:00,s005:instance_001:r03:o1:no_cut,1247859,0.002511,1,0.006214141845703125,0.0,2.0,12.65927505493164,0.012287139892578125,820.5458488464355
2026-07-22T07:33:35.030253+00:00,s005:instance_001:r03:o2:live,1248039,0.001326,1,0.00435638427734375,0.0,2.0,12.663311004638672,0.012287139892578125,820.5454711914062
2026-07-22T07:33:35.614939+00:00,s005:instance_001:r04:o1:live,1248209,0.0015,1,0.004833221435546875,0.0,2.0,12.663043975830078,0.012287139892578125,820.5450859069824
2026-07-22T07:33:36.201481+00:00,s005:instance_001:r04:o2:no_cut,1248380,0.002121,1,0.005977630615234375,0.0,2.0,12.659568786621094,0.012287139892578125,820.5447044372559
2026-07-22T07:33:36.787559+00:00,s005:instance_001:r05:o1:no_cut,1248549,0.002265,1,0.006183624267578125,0.0,2.0,12.659297943115234,0.012287139892578125,820.5443267822266
2026-07-22T07:33:37.372127+00:00,s005:instance_001:r05:o2:live,1248720,0.002401,1,0.006397247314453125,0.0,2.0,12.657310485839844,0.012287139892578125,820.5439491271973
2026-07-22T07:33:37.956747+00:00,s005:instance_001:r06:o1:live,1248882,0.001627,1,0.00473785400390625,0.0,2.0,12.655635833740234,0.012287139892578125,820.5435600280762
2026-07-22T07:33:38.542308+00:00,s005:instance_001:r06:o2:no_cut,1249061,0.002548,1,0.00649261474609375,0.0,2.0,12.660625457763672,0.012287139892578125,820.5431785583496
2026-07-22T07:33:39.127510+00:00,s005:instance_001:r07:o1:no_cut,1249242,0.002224,1,0.00592803955078125,0.0,2.0,12.66110610961914,0.012287139892578125,820.5428009033203
2026-07-22T07:33:39.712407+00:00,s005:instance_001:r07:o2:live,1249414,0.002486,1,0.00623321533203125,0.0,2.0,12.660728454589844,0.012287139892578125,820.542423248291
2026-07-22T07:33:40.295104+00:00,s005:instance_001:r08:o1:live,1249580,0.001419,1,0.0043487548828125,0.0,2.0,12.662879943847656,0.012287139892578125,820.5420379638672
2026-07-22T07:33:40.879025+00:00,s005:instance_001:r08:o2:no_cut,1249761,0.001348,1,0.004421234130859375,0.0,2.0,12.658615112304688,0.012287139892578125,820.5416603088379
2026-07-22T07:33:41.462590+00:00,s005:instance_001:r09:o1:no_cut,1249934,0.001318,1,0.0045318603515625,0.0,2.0,12.657989501953125,0.012287139892578125,820.5412788391113
2026-07-22T07:33:42.047784+00:00,s005:instance_001:r09:o2:live,1250110,0.001496,1,0.00449371337890625,0.0,2.0,12.663768768310547,0.012287139892578125,820.540901184082
2026-07-22T07:33:42.634772+00:00,s005:instance_001:r10:o1:live,1250281,0.001354,1,0.004482269287109375,0.0,2.0,12.659278869628906,0.012287139892578125,820.5405158996582
2026-07-22T07:33:43.227289+00:00,s005:instance_001:r10:o2:no_cut,1250456,0.001395,1,0.004425048828125,0.0,2.0,12.659210205078125,0.012287139892578125,820.5401382446289
2026-07-22T07:33:43.814029+00:00,s005:instance_002:r01:o1:live,1250630,0.001362,1,0.004482269287109375,0.0,2.0,12.658111572265625,0.012287139892578125,820.5397491455078
2026-07-22T07:33:44.404987+00:00,s005:instance_002:r01:o2:no_cut,1250802,0.001545,1,0.005008697509765625,0.0,2.0,12.660808563232422,0.012287139892578125,820.5393447875977
2026-07-22T07:33:44.987526+00:00,s005:instance_002:r02:o1:no_cut,1250971,0.001343,1,0.0045013427734375,0.0,2.0,12.663013458251953,0.012287139892578125,820.5389404296875
2026-07-22T07:33:45.571607+00:00,s005:instance_002:r02:o2:live,1251145,0.001443,1,0.004611968994140625,0.0,2.0,12.656848907470703,0.012287139892578125,820.5385437011719
2026-07-22T07:33:46.160590+00:00,s005:instance_002:r03:o1:live,1251319,0.001847,1,0.00432586669921875,0.0,2.0,12.659923553466797,0.012287139892578125,820.5381317138672
2026-07-22T07:33:46.745037+00:00,s005:instance_002:r03:o2:no_cut,1251490,0.001601,1,0.004627227783203125,0.0,2.0,12.661064147949219,0.012287139892578125,820.537727355957
2026-07-22T07:33:47.334137+00:00,s005:instance_002:r04:o1:no_cut,1251664,0.001453,1,0.004535675048828125,0.0,2.0,12.65658187866211,0.012287139892578125,820.5373268127441
2026-07-22T07:33:47.925346+00:00,s005:instance_002:r04:o2:live,1251835,0.001419,1,0.004489898681640625,0.0,2.0,12.66094970703125,0.012287139892578125,820.5369262695312
2026-07-22T07:33:48.563579+00:00,s005:instance_002:r05:o1:live,1252007,0.001499,1,0.004299163818359375,0.0,2.0,12.655265808105469,0.012287139892578125,820.5365180969238
2026-07-22T07:33:49.149595+00:00,s005:instance_002:r05:o2:no_cut,1252175,0.001415,1,0.00440216064453125,0.0,2.0,12.653480529785156,0.012287139892578125,820.5361137390137
2026-07-22T07:33:49.731964+00:00,s005:instance_002:r06:o1:no_cut,1252342,0.002331,1,0.006229400634765625,0.0,2.0,12.65970230102539,0.012287139892578125,820.5357093811035
2026-07-22T07:33:50.335012+00:00,s005:instance_002:r06:o2:live,1252510,0.001933,1,0.004604339599609375,0.0,2.0,12.660636901855469,0.012287139892578125,820.5353088378906
2026-07-22T07:33:50.919509+00:00,s005:instance_002:r07:o1:live,1252676,0.001545,1,0.004547119140625,0.0,2.0,12.655708312988281,0.012287139892578125,820.5349006652832
2026-07-22T07:33:51.555164+00:00,s005:instance_002:r07:o2:no_cut,1252846,0.001338,1,0.00440216064453125,0.0,2.0,12.655731201171875,0.012287139892578125,820.5344924926758
2026-07-22T07:33:55.701943+00:00,s005:instance_002:r08:o1:no_cut,1253038,0.001332,1,0.00444793701171875,0.0,2.0,12.65921401977539,0.012287139892578125,820.5340881347656
2026-07-22T07:33:56.337732+00:00,s005:instance_002:r08:o2:live,1253210,0.001429,1,0.00453948974609375,0.0,2.0,12.659358978271484,0.012287139892578125,820.5336875915527
2026-07-22T07:33:56.974977+00:00,s005:instance_002:r09:o1:live,1253391,0.001554,1,0.0048980712890625,0.0,2.0,12.658973693847656,0.012287139892578125,820.5332794189453
2026-07-22T07:33:57.557827+00:00,s005:instance_002:r09:o2:no_cut,1253556,0.001412,1,0.00441741943359375,0.0,2.0,12.661388397216797,0.012287139892578125,820.5328788757324
2026-07-22T07:33:58.145696+00:00,s005:instance_002:r10:o1:no_cut,1253724,0.001453,1,0.004596710205078125,0.0,2.0,12.6531982421875,0.012287139892578125,820.5324745178223
2026-07-22T07:33:58.732166+00:00,s005:instance_002:r10:o2:live,1253902,0.001382,1,0.004299163818359375,0.0,2.0,12.65594482421875,0.012287139892578125,820.5320739746094
2026-07-22T07:33:59.319948+00:00,s005:instance_003:r01:o1:no_cut,1254065,0.001695,1,0.0048675537109375,0.0,2.0,12.658733367919922,0.012287139892578125,820.5316543579102
2026-07-22T07:33:59.910434+00:00,s005:instance_003:r01:o2:live,1254235,0.002656,1,0.00528717041015625,0.0,2.0,12.656021118164062,0.012287139892578125,820.5312843322754
2026-07-22T07:34:00.505094+00:00,s005:instance_003:r02:o1:live,1254410,0.001385,1,0.004474639892578125,0.0,2.0,12.65625,0.012287139892578125,820.5309028625488
2026-07-22T07:34:01.096076+00:00,s005:instance_003:r02:o2:no_cut,1254575,0.001864,1,0.004802703857421875,0.0,2.0,12.650253295898438,0.012287139892578125,820.5305252075195
2026-07-22T07:34:01.684519+00:00,s005:instance_003:r03:o1:no_cut,1254736,0.001374,1,0.0043487548828125,0.0,2.0,12.654834747314453,0.012287139892578125,820.5301475524902
2026-07-22T07:34:02.272445+00:00,s005:instance_003:r03:o2:live,1254910,0.001577,1,0.004718780517578125,0.0,2.0,12.65362548828125,0.012287139892578125,820.5297775268555
2026-07-22T07:34:02.905899+00:00,s005:instance_003:r04:o1:live,1255080,0.001348,1,0.004261016845703125,0.0,2.0,12.653701782226562,0.012287139892578125,820.5293960571289
2026-07-22T07:34:03.491815+00:00,s005:instance_003:r04:o2:no_cut,1255253,0.001553,1,0.00482177734375,0.0,2.0,12.655658721923828,0.012287139892578125,820.5290184020996
2026-07-22T07:34:04.075666+00:00,s005:instance_003:r05:o1:no_cut,1255415,0.001387,1,0.0046234130859375,0.0,2.0,12.652767181396484,0.012287139892578125,820.5286407470703
2026-07-22T07:34:04.663855+00:00,s005:instance_003:r05:o2:live,1255599,0.001679,1,0.00466156005859375,0.0,2.0,12.656558990478516,0.012287139892578125,820.5282669067383
2026-07-22T07:34:05.256698+00:00,s005:instance_003:r06:o1:live,1255766,0.001422,1,0.004364013671875,0.0,2.0,12.651069641113281,0.012287139892578125,820.5278816223145
2026-07-22T07:34:05.898333+00:00,s005:instance_003:r06:o2:no_cut,1255947,0.001372,1,0.004467010498046875,0.0,2.0,12.656883239746094,0.012287139892578125,820.5275039672852
2026-07-22T07:34:06.531337+00:00,s005:instance_003:r07:o1:no_cut,1256126,0.001444,1,0.004535675048828125,0.0,2.0,12.657726287841797,0.012287139892578125,820.5271301269531
2026-07-22T07:34:07.113954+00:00,s005:instance_003:r07:o2:live,1256301,0.001293,1,0.0044403076171875,0.0,2.0,12.659919738769531,0.012287139892578125,820.5267562866211
2026-07-22T07:34:07.711287+00:00,s005:instance_003:r08:o1:live,1256471,0.001508,1,0.004299163818359375,0.0,2.0,12.660770416259766,0.012287139892578125,820.5263748168945
2026-07-22T07:34:08.346105+00:00,s005:instance_003:r08:o2:no_cut,1256652,0.001366,1,0.004520416259765625,0.0,2.0,12.659008026123047,0.012287139892578125,820.5259971618652
2026-07-22T07:34:08.982658+00:00,s005:instance_003:r09:o1:no_cut,1256825,0.001564,1,0.00417327880859375,0.0,2.0,12.658039093017578,0.012287139892578125,820.5256233215332
2026-07-22T07:34:09.568534+00:00,s005:instance_003:r09:o2:live,1256993,0.001696,1,0.00475311279296875,0.0,2.0,12.655254364013672,0.012287139892578125,820.5252494812012
2026-07-22T07:34:10.208668+00:00,s005:instance_003:r10:o1:live,1257156,0.001447,1,0.0045623779296875,0.0,2.0,12.65621566772461,0.012287139892578125,820.5248680114746
2026-07-22T07:34:10.846251+00:00,s005:instance_003:r10:o2:no_cut,1257331,0.001387,1,0.00444793701171875,0.0,2.0,12.661052703857422,0.012287139892578125,820.5244903564453
2026-07-22T07:34:11.482253+00:00,s005:instance_004:r01:o1:live,1257533,0.001683,1,0.0050201416015625,0.0,2.0,12.65737533569336,0.012287139892578125,820.5241088867188
2026-07-22T07:34:12.119460+00:00,s005:instance_004:r01:o2:no_cut,1257715,0.002543,1,0.0064239501953125,0.0,2.0,12.655841827392578,0.012287139892578125,820.5237503051758
2026-07-22T07:34:12.714085+00:00,s005:instance_004:r02:o1:no_cut,1257879,0.001543,1,0.00438690185546875,0.0,2.0,12.654727935791016,0.012287139892578125,820.5233917236328
2026-07-22T07:34:13.307898+00:00,s005:instance_004:r02:o2:live,1258047,0.001412,1,0.0045623779296875,0.0,2.0,12.656539916992188,0.012287139892578125,820.5230407714844
2026-07-22T07:34:13.899751+00:00,s005:instance_004:r03:o1:live,1258218,0.001386,1,0.004482269287109375,0.0,2.0,12.658782958984375,0.012287139892578125,820.5226783752441
2026-07-22T07:34:14.483694+00:00,s005:instance_004:r03:o2:no_cut,1258387,0.001379,1,0.004608154296875,0.0,2.0,12.652202606201172,0.012287139892578125,820.5223197937012
2026-07-22T07:34:15.070457+00:00,s005:instance_004:r04:o1:no_cut,1258566,0.001524,1,0.004871368408203125,0.0,2.0,12.653427124023438,0.012287139892578125,820.5219612121582
2026-07-22T07:34:15.667097+00:00,s005:instance_004:r04:o2:live,1258766,0.001472,1,0.00408935546875,0.0,2.0,12.648719787597656,0.012287139892578125,820.5216064453125
2026-07-22T07:34:16.255630+00:00,s005:instance_004:r05:o1:live,1258951,0.001407,1,0.00467681884765625,0.0,2.0,12.658645629882812,0.012287139892578125,820.5212440490723
2026-07-22T07:34:16.845099+00:00,s005:instance_004:r05:o2:no_cut,1259127,0.001421,1,0.004390716552734375,0.0,2.0,12.660205841064453,0.012287139892578125,820.5208854675293
2026-07-22T07:34:17.430494+00:00,s005:instance_004:r06:o1:no_cut,1259296,0.001482,1,0.004650115966796875,0.0,2.0,12.657470703125,0.012287139892578125,820.5205268859863
2026-07-22T07:34:18.020547+00:00,s005:instance_004:r06:o2:live,1259473,0.00134,1,0.004215240478515625,0.0,2.0,12.65756607055664,0.012287139892578125,820.5201721191406
2026-07-22T07:34:18.606155+00:00,s005:instance_004:r07:o1:live,1259651,0.00167,1,0.005321502685546875,0.0,2.0,12.656982421875,0.012287139892578125,820.5198059082031
2026-07-22T07:34:19.194128+00:00,s005:instance_004:r07:o2:no_cut,1259824,0.001333,1,0.0045166015625,0.0,2.0,12.656055450439453,0.012287139892578125,820.5194473266602
2026-07-22T07:34:19.830962+00:00,s005:instance_004:r08:o1:no_cut,1260015,0.001984,1,0.005222320556640625,0.0,2.0,12.65481185913086,0.012287139892578125,820.5190925598145
2026-07-22T07:34:20.417722+00:00,s005:instance_004:r08:o2:live,1260190,0.001435,1,0.004459381103515625,0.0,2.0,12.657939910888672,0.012287139892578125,820.5187377929688
2026-07-22T07:34:21.004805+00:00,s005:instance_004:r09:o1:live,1260377,0.001309,1,0.004375457763671875,0.0,2.0,12.657032012939453,0.012287139892578125,820.5183753967285
2026-07-22T07:34:21.588687+00:00,s005:instance_004:r09:o2:no_cut,1260547,0.001442,1,0.004535675048828125,0.0,2.0,12.66061782836914,0.012287139892578125,820.5180168151855
2026-07-22T07:34:22.178491+00:00,s005:instance_004:r10:o1:no_cut,1260714,0.001324,1,0.004467010498046875,0.0,2.0,12.655899047851562,0.012287139892578125,820.5176620483398
2026-07-22T07:34:22.765308+00:00,s005:instance_004:r10:o2:live,1260889,0.001888,1,0.0043792724609375,0.0,2.0,12.659477233886719,0.012287139892578125,820.5173072814941
2026-07-22T07:34:23.402890+00:00,s005:instance_005:r01:o1:no_cut,1261059,0.001574,1,0.004749298095703125,0.0,2.0,12.663562774658203,0.012287139892578125,820.5169410705566
2026-07-22T07:34:24.037832+00:00,s005:instance_005:r01:o2:live,1261242,0.001507,1,0.004779815673828125,0.0,2.0,12.656013488769531,0.012287139892578125,820.5165557861328
2026-07-22T07:34:24.675300+00:00,s005:instance_005:r02:o1:live,1261416,0.00163,1,0.00470733642578125,0.0,2.0,12.659194946289062,0.012287139892578125,820.516170501709
2026-07-22T07:34:25.309832+00:00,s005:instance_005:r02:o2:no_cut,1261591,0.001288,1,0.004425048828125,0.0,2.0,12.655136108398438,0.012287139892578125,820.5157852172852
2026-07-22T07:34:25.948027+00:00,s005:instance_005:r03:o1:no_cut,1261818,0.001797,1,0.00534820556640625,0.0,2.0,12.660728454589844,0.012287139892578125,820.5153846740723
2026-07-22T07:34:26.583239+00:00,s005:instance_005:r03:o2:live,1262005,0.001785,1,0.005451202392578125,0.0,2.0,12.659530639648438,0.012287139892578125,820.515007019043
2026-07-22T07:34:27.220565+00:00,s005:instance_005:r04:o1:live,1262193,0.001331,1,0.00452423095703125,0.0,2.0,12.658084869384766,0.012287139892578125,820.5146179199219
2026-07-22T07:34:27.806370+00:00,s005:instance_005:r04:o2:no_cut,1262365,0.001387,1,0.004535675048828125,0.0,2.0,12.654830932617188,0.012287139892578125,820.514232635498
2026-07-22T07:34:32.067390+00:00,s005:instance_005:r05:o1:no_cut,1262522,0.001458,1,0.00443267822265625,0.0,2.0,12.662429809570312,0.012287139892578125,820.513843536377
2026-07-22T07:34:32.702314+00:00,s005:instance_005:r05:o2:live,1262691,0.001324,1,0.004589080810546875,0.0,2.0,12.65673828125,0.012287139892578125,820.5134620666504
2026-07-22T07:34:33.299029+00:00,s005:instance_005:r06:o1:live,1262862,0.001427,1,0.004589080810546875,0.0,2.0,12.651050567626953,0.012287139892578125,820.5130729675293
2026-07-22T07:34:33.886476+00:00,s005:instance_005:r06:o2:no_cut,1263027,0.001322,1,0.00437164306640625,0.0,2.0,12.65475082397461,0.012287139892578125,820.5126838684082
2026-07-22T07:34:34.470802+00:00,s005:instance_005:r07:o1:no_cut,1263192,0.001386,1,0.004482269287109375,0.0,2.0,12.654869079589844,0.012287139892578125,820.5122985839844
2026-07-22T07:34:35.058677+00:00,s005:instance_005:r07:o2:live,1263358,0.001345,1,0.004360198974609375,0.0,2.0,12.654991149902344,0.012287139892578125,820.5119209289551
2026-07-22T07:34:35.640916+00:00,s005:instance_005:r08:o1:live,1263524,0.001442,1,0.004413604736328125,0.0,2.0,12.655776977539062,0.012287139892578125,820.511531829834
2026-07-22T07:34:36.277673+00:00,s005:instance_005:r08:o2:no_cut,1263694,0.002086,1,0.005146026611328125,0.0,2.0,12.657806396484375,0.012287139892578125,820.5111465454102
2026-07-22T07:34:36.863287+00:00,s005:instance_005:r09:o1:no_cut,1263852,0.001445,1,0.004398345947265625,0.0,2.0,12.65524673461914,0.012287139892578125,820.5107612609863
2026-07-22T07:34:37.500522+00:00,s005:instance_005:r09:o2:live,1264031,0.001402,1,0.00449371337890625,0.0,2.0,12.660655975341797,0.012287139892578125,820.5103797912598
2026-07-22T07:34:38.138502+00:00,s005:instance_005:r10:o1:live,1264209,0.001319,1,0.004398345947265625,0.0,2.0,12.655155181884766,0.012287139892578125,820.5099906921387
2026-07-22T07:34:38.723412+00:00,s005:instance_005:r10:o2:no_cut,1264375,0.001395,1,0.0044403076171875,0.0,2.0,12.654304504394531,0.012287139892578125,820.5096054077148
2026-07-22T07:34:39.315616+00:00,s005:instance_006:r01:o1:live,1264541,0.001362,1,0.0044708251953125,0.0,2.0,12.656150817871094,0.012287139892578125,820.509220123291
2026-07-22T07:34:39.903274+00:00,s005:instance_006:r01:o2:no_cut,1264703,0.001391,1,0.00444793701171875,0.0,2.0,12.66097640991211,0.012287139892578125,820.5088195800781
2026-07-22T07:34:40.539938+00:00,s005:instance_006:r02:o1:no_cut,1264877,0.001421,1,0.004581451416015625,0.0,2.0,12.658191680908203,0.012287139892578125,820.5084228515625
2026-07-22T07:34:41.179280+00:00,s005:instance_006:r02:o2:live,1265045,0.002777,1,0.00661468505859375,0.0,2.0,12.654891967773438,0.012287139892578125,820.5080299377441
2026-07-22T07:34:41.770979+00:00,s005:instance_006:r03:o1:live,1265205,0.001397,1,0.0045166015625,0.0,2.0,12.660511016845703,0.012287139892578125,820.5076332092285
2026-07-22T07:34:42.408757+00:00,s005:instance_006:r03:o2:no_cut,1265392,0.001522,1,0.00460052490234375,0.0,2.0,12.65932846069336,0.012287139892578125,820.5072364807129
2026-07-22T07:34:43.045418+00:00,s005:instance_006:r04:o1:no_cut,1265565,0.001581,1,0.004779815673828125,0.0,2.0,12.65030288696289,0.012287139892578125,820.5068397521973
2026-07-22T07:34:43.646990+00:00,s005:instance_006:r04:o2:live,1265735,0.001455,1,0.00438690185546875,0.0,2.0,12.651718139648438,0.012287139892578125,820.5064468383789
2026-07-22T07:34:44.234894+00:00,s005:instance_006:r05:o1:live,1265912,0.001349,1,0.0045928955078125,0.0,2.0,12.651103973388672,0.012287139892578125,820.5060424804688
2026-07-22T07:34:44.822522+00:00,s005:instance_006:r05:o2:no_cut,1266080,0.001298,1,0.0044708251953125,0.0,2.0,12.648677825927734,0.012287139892578125,820.5056457519531
2026-07-22T07:34:45.462953+00:00,s005:instance_006:r06:o1:no_cut,1266258,0.001676,1,0.004802703857421875,0.0,2.0,12.653030395507812,0.012287139892578125,820.5052490234375
2026-07-22T07:34:46.057507+00:00,s005:instance_006:r06:o2:live,1266433,0.001951,1,0.005863189697265625,0.0,2.0,12.656185150146484,0.012287139892578125,820.5048561096191
2026-07-22T07:34:46.643059+00:00,s005:instance_006:r07:o1:live,1266591,0.001372,1,0.004367828369140625,0.0,2.0,12.658782958984375,0.012287139892578125,820.5044555664062
2026-07-22T07:34:47.229560+00:00,s005:instance_006:r07:o2:no_cut,1266759,0.001508,1,0.004711151123046875,0.0,2.0,12.65283203125,0.012287139892578125,820.5040588378906
2026-07-22T07:34:47.865629+00:00,s005:instance_006:r08:o1:no_cut,1266946,0.001486,1,0.004550933837890625,0.0,2.0,12.652908325195312,0.012287139892578125,820.503662109375
2026-07-22T07:34:48.501067+00:00,s005:instance_006:r08:o2:live,1267141,0.001472,1,0.004550933837890625,0.0,2.0,12.65169906616211,0.012287139892578125,820.5032730102539
2026-07-22T07:34:49.085084+00:00,s005:instance_006:r09:o1:live,1267325,0.001817,1,0.00473785400390625,0.0,2.0,12.650070190429688,0.012287139892578125,820.502872467041
2026-07-22T07:34:49.673033+00:00,s005:instance_006:r09:o2:no_cut,1267508,0.00154,1,0.004528045654296875,0.0,2.0,12.655147552490234,0.012287139892578125,820.5024757385254
2026-07-22T07:34:50.278338+00:00,s005:instance_006:r10:o1:no_cut,1267685,0.001327,1,0.004581451416015625,0.0,2.0,12.655220031738281,0.012287139892578125,820.5020790100098
2026-07-22T07:34:50.873192+00:00,s005:instance_006:r10:o2:live,1267874,0.001498,1,0.004642486572265625,0.0,2.0,12.655143737792969,0.012287139892578125,820.5016899108887
2026-07-22T07:34:51.465666+00:00,s005:instance_007:r01:o1:no_cut,1268049,0.001494,1,0.004581451416015625,0.0,2.0,12.650638580322266,0.012287139892578125,820.5012817382812
2026-07-22T07:34:52.053235+00:00,s005:instance_007:r01:o2:live,1268235,0.001471,1,0.00476837158203125,0.0,2.0,12.64896011352539,0.012287139892578125,820.5008773803711
2026-07-22T07:34:52.651198+00:00,s005:instance_007:r02:o1:live,1268417,0.001351,1,0.004497528076171875,0.0,2.0,12.652484893798828,0.012287139892578125,820.5004730224609
2026-07-22T07:34:53.296989+00:00,s005:instance_007:r02:o2:no_cut,1268615,0.001644,1,0.004894256591796875,0.0,2.0,12.656436920166016,0.012287139892578125,820.5000686645508
2026-07-22T07:34:53.881174+00:00,s005:instance_007:r03:o1:no_cut,1268790,0.001575,1,0.004863739013671875,0.0,2.0,12.64792251586914,0.012287139892578125,820.4996643066406
2026-07-22T07:34:54.466818+00:00,s005:instance_007:r03:o2:live,1268973,0.001405,1,0.004486083984375,0.0,2.0,12.650386810302734,0.012287139892578125,820.4992637634277
2026-07-22T07:34:55.070044+00:00,s005:instance_007:r04:o1:live,1269155,0.002219,1,0.006191253662109375,0.0,2.0,12.651130676269531,0.012287139892578125,820.4988594055176
2026-07-22T07:34:55.707477+00:00,s005:instance_007:r04:o2:no_cut,1269339,0.001395,1,0.004589080810546875,0.0,2.0,12.647621154785156,0.012287139892578125,820.4984550476074
2026-07-22T07:34:56.353219+00:00,s005:instance_007:r05:o1:no_cut,1269529,0.001587,1,0.00527191162109375,0.0,2.0,12.65713119506836,0.012287139892578125,820.4980506896973
2026-07-22T07:34:57.002050+00:00,s005:instance_007:r05:o2:live,1269723,0.001482,1,0.004474639892578125,0.0,2.0,12.651683807373047,0.012287139892578125,820.4976501464844
2026-07-22T07:34:57.653440+00:00,s005:instance_007:r06:o1:live,1269918,0.001645,1,0.005023956298828125,0.0,2.0,12.655498504638672,0.012287139892578125,820.4972457885742
2026-07-22T07:34:58.301602+00:00,s005:instance_007:r06:o2:no_cut,1270103,0.00145,1,0.004352569580078125,0.0,2.0,12.651355743408203,0.012287139892578125,820.4968376159668
2026-07-22T07:34:58.902906+00:00,s005:instance_007:r07:o1:no_cut,1270282,0.001353,1,0.004604339599609375,0.0,2.0,12.654899597167969,0.012287139892578125,820.4964332580566
2026-07-22T07:34:59.535963+00:00,s005:instance_007:r07:o2:live,1270474,0.001315,1,0.004489898681640625,0.0,2.0,12.64841079711914,0.012287139892578125,820.496036529541
2026-07-22T07:35:00.129335+00:00,s005:instance_007:r08:o1:live,1270652,0.001476,1,0.004756927490234375,0.0,2.0,12.651107788085938,0.012287139892578125,820.4956283569336
2026-07-22T07:35:00.761517+00:00,s005:instance_007:r08:o2:no_cut,1270850,0.001773,1,0.005229949951171875,0.0,2.0,12.652412414550781,0.012287139892578125,820.4952239990234
2026-07-22T07:35:01.359939+00:00,s005:instance_007:r09:o1:no_cut,1271029,0.00131,1,0.0043487548828125,0.0,2.0,12.648994445800781,0.012287139892578125,820.4948196411133
2026-07-22T07:35:01.961114+00:00,s005:instance_007:r09:o2:live,1271222,0.00149,1,0.0047760009765625,0.0,2.0,12.647758483886719,0.012287139892578125,820.4944229125977
2026-07-22T07:35:02.597135+00:00,s005:instance_007:r10:o1:live,1271415,0.001523,1,0.0047760009765625,0.0,2.0,12.651248931884766,0.012287139892578125,820.4940147399902
2026-07-22T07:35:03.232240+00:00,s005:instance_007:r10:o2:no_cut,1271610,0.001328,1,0.004283905029296875,0.0,2.0,12.651176452636719,0.012287139892578125,820.4936103820801
2026-07-22T07:35:03.829840+00:00,s005:instance_008:r01:o1:live,1271801,0.001965,1,0.005977630615234375,0.0,2.0,12.648567199707031,0.012287139892578125,820.4932022094727
2026-07-22T07:35:08.094534+00:00,s005:instance_008:r01:o2:no_cut,1272019,0.00152,1,0.004772186279296875,0.0,2.0,12.658390045166016,0.012287139892578125,820.4928131103516
2026-07-22T07:35:08.731105+00:00,s005:instance_008:r02:o1:no_cut,1272218,0.00139,1,0.004482269287109375,0.0,2.0,12.649932861328125,0.012287139892578125,820.4924278259277
2026-07-22T07:35:09.365850+00:00,s005:instance_008:r02:o2:live,1272412,0.001493,1,0.004817962646484375,0.0,2.0,12.651153564453125,0.012287139892578125,820.4920463562012
2026-07-22T07:35:10.005471+00:00,s005:instance_008:r03:o1:live,1272610,0.001569,1,0.004634857177734375,0.0,2.0,12.650463104248047,0.012287139892578125,820.4916572570801
2026-07-22T07:35:10.643961+00:00,s005:instance_008:r03:o2:no_cut,1272804,0.00136,1,0.004486083984375,0.0,2.0,12.6492919921875,0.012287139892578125,820.4912719726562
2026-07-22T07:35:11.292116+00:00,s005:instance_008:r04:o1:no_cut,1272995,0.0014,1,0.004528045654296875,0.0,2.0,12.65243148803711,0.012287139892578125,820.4908866882324
2026-07-22T07:35:11.879997+00:00,s005:instance_008:r04:o2:live,1273181,0.001417,1,0.00437164306640625,0.0,2.0,12.653350830078125,0.012287139892578125,820.4905052185059
2026-07-22T07:35:12.489563+00:00,s005:instance_008:r05:o1:live,1273377,0.001405,1,0.00457000732421875,0.0,2.0,12.653759002685547,0.012287139892578125,820.490119934082
2026-07-22T07:35:13.139969+00:00,s005:instance_008:r05:o2:no_cut,1273578,0.001535,1,0.004486083984375,0.0,2.0,12.652328491210938,0.012287139892578125,820.4897346496582
2026-07-22T07:35:13.786096+00:00,s005:instance_008:r06:o1:no_cut,1273778,0.001457,1,0.004322052001953125,0.0,2.0,12.65530014038086,0.012287139892578125,820.4893493652344
2026-07-22T07:35:14.422147+00:00,s005:instance_008:r06:o2:live,1273975,0.00147,1,0.004665374755859375,0.0,2.0,12.655170440673828,0.012287139892578125,820.4889640808105
2026-07-22T07:35:15.062572+00:00,s005:instance_008:r07:o1:live,1274173,0.001443,1,0.004367828369140625,0.0,2.0,12.65658187866211,0.012287139892578125,820.4885787963867
2026-07-22T07:35:15.652543+00:00,s005:instance_008:r07:o2:no_cut,1274355,0.00134,1,0.0045623779296875,0.0,2.0,12.653095245361328,0.012287139892578125,820.4881935119629
2026-07-22T07:35:16.240744+00:00,s005:instance_008:r08:o1:no_cut,1274546,0.001514,1,0.00463104248046875,0.0,2.0,12.65597915649414,0.012287139892578125,820.4878082275391
2026-07-22T07:35:16.879360+00:00,s005:instance_008:r08:o2:live,1274736,0.001369,1,0.0045013427734375,0.0,2.0,12.65584945678711,0.012287139892578125,820.4874267578125
2026-07-22T07:35:17.519079+00:00,s005:instance_008:r09:o1:live,1274943,0.00354,1,0.00701904296875,0.0,2.0,12.658149719238281,0.012287139892578125,820.4870338439941
2026-07-22T07:35:18.162199+00:00,s005:instance_008:r09:o2:no_cut,1275142,0.001601,1,0.00499725341796875,0.0,2.0,12.654266357421875,0.012287139892578125,820.4866485595703
2026-07-22T07:35:18.756714+00:00,s005:instance_008:r10:o1:no_cut,1275322,0.00136,1,0.0044708251953125,0.0,2.0,12.65633773803711,0.012287139892578125,820.4862594604492
2026-07-22T07:35:19.348205+00:00,s005:instance_008:r10:o2:live,1275498,0.001361,1,0.004528045654296875,0.0,2.0,12.652626037597656,0.012287139892578125,820.4858818054199
2026-07-22T07:35:19.990375+00:00,s005:instance_009:r01:o1:no_cut,1275691,0.001466,1,0.0046539306640625,0.0,2.0,12.649700164794922,0.012287139892578125,820.4854888916016
2026-07-22T07:35:20.578136+00:00,s005:instance_009:r01:o2:live,1275880,0.001509,1,0.004573822021484375,0.0,2.0,12.652984619140625,0.012287139892578125,820.4851226806641
2026-07-22T07:35:21.167782+00:00,s005:instance_009:r02:o1:live,1276061,0.002654,1,0.006622314453125,0.0,2.0,12.654529571533203,0.012287139892578125,820.4847450256348
2026-07-22T07:35:21.760627+00:00,s005:instance_009:r02:o2:no_cut,1276241,0.001322,1,0.004299163818359375,0.0,2.0,12.651866912841797,0.012287139892578125,820.4843788146973
2026-07-22T07:35:22.344426+00:00,s005:instance_009:r03:o1:no_cut,1276421,0.001362,1,0.0045013427734375,0.0,2.0,12.651290893554688,0.012287139892578125,820.4840087890625
2026-07-22T07:35:22.950380+00:00,s005:instance_009:r03:o2:live,1276605,0.001586,1,0.004634857177734375,0.0,2.0,12.645477294921875,0.012287139892578125,820.483642578125
2026-07-22T07:35:23.536126+00:00,s005:instance_009:r04:o1:live,1276787,0.001388,1,0.004390716552734375,0.0,2.0,12.655010223388672,0.012287139892578125,820.483268737793
2026-07-22T07:35:24.128061+00:00,s005:instance_009:r04:o2:no_cut,1276963,0.001344,1,0.004291534423828125,0.0,2.0,12.657302856445312,0.012287139892578125,820.4829025268555
2026-07-22T07:35:24.722711+00:00,s005:instance_009:r05:o1:no_cut,1277139,0.001637,1,0.004852294921875,0.0,2.0,12.648757934570312,0.012287139892578125,820.4825325012207
2026-07-22T07:35:25.310627+00:00,s005:instance_009:r05:o2:live,1277316,0.001496,1,0.004756927490234375,0.0,2.0,12.64931869506836,0.012287139892578125,820.4821624755859
2026-07-22T07:35:25.896263+00:00,s005:instance_009:r06:o1:live,1277499,0.001421,1,0.0045928955078125,0.0,2.0,12.647285461425781,0.012287139892578125,820.4817924499512
2026-07-22T07:35:26.487866+00:00,s005:instance_009:r06:o2:no_cut,1277672,0.001406,1,0.004520416259765625,0.0,2.0,12.651844024658203,0.012287139892578125,820.4814224243164
2026-07-22T07:35:27.075625+00:00,s005:instance_009:r07:o1:no_cut,1277851,0.001442,1,0.004428863525390625,0.0,2.0,12.64925765991211,0.012287139892578125,820.4810485839844
2026-07-22T07:35:27.662906+00:00,s005:instance_009:r07:o2:live,1278034,0.001377,1,0.0045013427734375,0.0,2.0,12.649555206298828,0.012287139892578125,820.4806823730469
2026-07-22T07:35:28.256424+00:00,s005:instance_009:r08:o1:live,1278219,0.001377,1,0.0045013427734375,0.0,2.0,12.6510009765625,0.012287139892578125,820.4803123474121
2026-07-22T07:35:28.859582+00:00,s005:instance_009:r08:o2:no_cut,1278401,0.001471,1,0.00444793701171875,0.0,2.0,12.644721984863281,0.012287139892578125,820.4799423217773
2026-07-22T07:35:29.447168+00:00,s005:instance_009:r09:o1:no_cut,1278583,0.001327,1,0.004352569580078125,0.0,2.0,12.65069580078125,0.012287139892578125,820.4795722961426
2026-07-22T07:35:30.038961+00:00,s005:instance_009:r09:o2:live,1278763,0.001355,1,0.00461578369140625,0.0,2.0,12.648174285888672,0.012287139892578125,820.4792060852051
2026-07-22T07:35:30.631750+00:00,s005:instance_009:r10:o1:live,1278942,0.001543,1,0.00472259521484375,0.0,2.0,12.652877807617188,0.012287139892578125,820.4788360595703
2026-07-22T07:35:31.221636+00:00,s005:instance_009:r10:o2:no_cut,1279118,0.001553,1,0.004852294921875,0.0,2.0,12.650981903076172,0.012287139892578125,820.4784660339355
2026-07-22T07:35:31.818768+00:00,s005:instance_010:r01:o1:live,1279314,0.001443,1,0.0045623779296875,0.0,2.0,12.649700164794922,0.012287139892578125,820.4780921936035
2026-07-22T07:35:32.455493+00:00,s005:instance_010:r01:o2:no_cut,1279512,0.001363,1,0.004375457763671875,0.0,2.0,12.649044036865234,0.012287139892578125,820.477710723877
2026-07-22T07:35:33.091877+00:00,s005:instance_010:r02:o1:no_cut,1279707,0.001351,1,0.00447845458984375,0.0,2.0,12.65243148803711,0.012287139892578125,820.4773216247559
2026-07-22T07:35:33.680586+00:00,s005:instance_010:r02:o2:live,1279899,0.00134,1,0.0045928955078125,0.0,2.0,12.647716522216797,0.012287139892578125,820.4769401550293
2026-07-22T07:35:34.318865+00:00,s005:instance_010:r03:o1:live,1280104,0.001694,1,0.00501251220703125,0.0,2.0,12.64999771118164,0.012287139892578125,820.4765434265137
2026-07-22T07:35:34.962298+00:00,s005:instance_010:r03:o2:no_cut,1280296,0.001553,1,0.004772186279296875,0.0,2.0,12.649330139160156,0.012287139892578125,820.4761619567871
2026-07-22T07:35:35.598986+00:00,s005:instance_010:r04:o1:no_cut,1280499,0.001345,1,0.00452423095703125,0.0,2.0,12.647262573242188,0.012287139892578125,820.4757766723633
2026-07-22T07:35:36.192866+00:00,s005:instance_010:r04:o2:live,1280688,0.001405,1,0.004642486572265625,0.0,2.0,12.646656036376953,0.012287139892578125,820.4753952026367
2026-07-22T07:35:36.835068+00:00,s005:instance_010:r05:o1:live,1280877,0.001347,1,0.004558563232421875,0.0,2.0,12.654163360595703,0.012287139892578125,820.4750061035156
2026-07-22T07:35:37.424830+00:00,s005:instance_010:r05:o2:no_cut,1281066,0.001398,1,0.004550933837890625,0.0,2.0,12.64786148071289,0.012287139892578125,820.4746246337891
2026-07-22T07:35:38.066922+00:00,s005:instance_010:r06:o1:no_cut,1281273,0.001354,1,0.0045318603515625,0.0,2.0,12.646427154541016,0.012287139892578125,820.4742393493652
2026-07-22T07:35:38.706703+00:00,s005:instance_010:r06:o2:live,1281469,0.001417,1,0.00458526611328125,0.0,2.0,12.649238586425781,0.012287139892578125,820.4738578796387
2026-07-22T07:35:39.346841+00:00,s005:instance_010:r07:o1:live,1281663,0.001381,1,0.004489898681640625,0.0,2.0,12.652130126953125,0.012287139892578125,820.4734687805176
2026-07-22T07:35:39.986349+00:00,s005:instance_010:r07:o2:no_cut,1281863,0.001971,1,0.005573272705078125,0.0,2.0,12.648185729980469,0.012287139892578125,820.4730796813965
2026-07-22T07:35:44.197674+00:00,s005:instance_010:r08:o1:no_cut,1282057,0.001312,1,0.0045318603515625,0.0,2.0,12.641754150390625,0.012287139892578125,820.4726943969727
2026-07-22T07:35:44.837505+00:00,s005:instance_010:r08:o2:live,1282252,0.001404,1,0.00440216064453125,0.0,2.0,12.650169372558594,0.012287139892578125,820.4723129272461
2026-07-22T07:35:45.489490+00:00,s005:instance_010:r09:o1:live,1282444,0.001397,1,0.004627227783203125,0.0,2.0,12.653583526611328,0.012287139892578125,820.4719276428223
2026-07-22T07:35:46.122712+00:00,s005:instance_010:r09:o2:no_cut,1282638,0.001463,1,0.004489898681640625,0.0,2.0,12.650188446044922,0.012287139892578125,820.4715423583984
2026-07-22T07:35:46.711288+00:00,s005:instance_010:r10:o1:no_cut,1282806,0.001407,1,0.004535675048828125,0.0,2.0,12.648567199707031,0.012287139892578125,820.4711570739746
2026-07-22T07:35:47.304412+00:00,s005:instance_010:r10:o2:live,1282974,0.001557,1,0.00455474853515625,0.0,2.0,12.648704528808594,0.012287139892578125,820.470775604248
2026-07-22T07:35:47.941636+00:00,s005:instance_011:r01:o1:no_cut,1283147,0.001337,1,0.00447845458984375,0.0,2.0,12.643314361572266,0.012287139892578125,820.470386505127
2026-07-22T07:35:48.532890+00:00,s005:instance_011:r01:o2:live,1283336,0.001734,1,0.005218505859375,0.0,2.0,12.645614624023438,0.012287139892578125,820.4699935913086
2026-07-22T07:35:49.125506+00:00,s005:instance_011:r02:o1:live,1283521,0.001354,1,0.00457000732421875,0.0,2.0,12.648670196533203,0.012287139892578125,820.4695892333984
2026-07-22T07:35:49.719124+00:00,s005:instance_011:r02:o2:no_cut,1283704,0.001337,1,0.00457000732421875,0.0,2.0,12.648521423339844,0.012287139892578125,820.4691963195801
2026-07-22T07:35:50.304103+00:00,s005:instance_011:r03:o1:no_cut,1283885,0.001443,1,0.004489898681640625,0.0,2.0,12.64697265625,0.012287139892578125,820.4687995910645
2026-07-22T07:35:50.893378+00:00,s005:instance_011:r03:o2:live,1284065,0.001431,1,0.004543304443359375,0.0,2.0,12.64730453491211,0.012287139892578125,820.4684066772461
2026-07-22T07:35:51.529554+00:00,s005:instance_011:r04:o1:live,1284249,0.00152,1,0.0046234130859375,0.0,2.0,12.651050567626953,0.012287139892578125,820.4680061340332
2026-07-22T07:35:52.180905+00:00,s005:instance_011:r04:o2:no_cut,1284438,0.001612,1,0.0046539306640625,0.0,2.0,12.640373229980469,0.012287139892578125,820.4676132202148
2026-07-22T07:35:52.818249+00:00,s005:instance_011:r05:o1:no_cut,1284640,0.001333,1,0.00437164306640625,0.0,2.0,12.64736557006836,0.012287139892578125,820.4672164916992
2026-07-22T07:35:53.405431+00:00,s005:instance_011:r05:o2:live,1284822,0.001475,1,0.004547119140625,0.0,2.0,12.646095275878906,0.012287139892578125,820.4668235778809
2026-07-22T07:35:54.049947+00:00,s005:instance_011:r06:o1:live,1285012,0.001358,1,0.00458526611328125,0.0,2.0,12.646957397460938,0.012287139892578125,820.466423034668
2026-07-22T07:35:54.689466+00:00,s005:instance_011:r06:o2:no_cut,1285205,0.001429,1,0.004367828369140625,0.0,2.0,12.645462036132812,0.012287139892578125,820.4660301208496
2026-07-22T07:35:55.285494+00:00,s005:instance_011:r07:o1:no_cut,1285383,0.0013,1,0.0043792724609375,0.0,2.0,12.64621353149414,0.012287139892578125,820.4656295776367
2026-07-22T07:35:55.885557+00:00,s005:instance_011:r07:o2:live,1285563,0.001358,1,0.004390716552734375,0.0,2.0,12.646583557128906,0.012287139892578125,820.4652366638184
2026-07-22T07:35:56.521417+00:00,s005:instance_011:r08:o1:live,1285757,0.001354,1,0.00440216064453125,0.0,2.0,12.648948669433594,0.012287139892578125,820.4648361206055
2026-07-22T07:35:57.157792+00:00,s005:instance_011:r08:o2:no_cut,1285965,0.001292,1,0.00438690185546875,0.0,2.0,12.643798828125,0.012287139892578125,820.4644432067871
2026-07-22T07:35:57.741452+00:00,s005:instance_011:r09:o1:no_cut,1286155,0.001301,1,0.00441741943359375,0.0,2.0,12.64926528930664,0.012287139892578125,820.4640426635742
2026-07-22T07:35:58.330843+00:00,s005:instance_011:r09:o2:live,1286321,0.001303,1,0.004337310791015625,0.0,2.0,12.648426055908203,0.012287139892578125,820.4636459350586
2026-07-22T07:35:58.969932+00:00,s005:instance_011:r10:o1:live,1286491,0.001317,1,0.004367828369140625,0.0,2.0,12.65069580078125,0.012287139892578125,820.463249206543
2026-07-22T07:35:59.609495+00:00,s005:instance_011:r10:o2:no_cut,1286677,0.00149,1,0.004451751708984375,0.0,2.0,12.649398803710938,0.012287139892578125,820.4628524780273
2026-07-22T07:36:00.202390+00:00,s005:instance_012:r01:o1:live,1286847,0.001298,1,0.004364013671875,0.0,2.0,12.651348114013672,0.012287139892578125,820.4624519348145
2026-07-22T07:36:00.846718+00:00,s005:instance_012:r01:o2:no_cut,1287041,0.001396,1,0.004421234130859375,0.0,2.0,12.653732299804688,0.012287139892578125,820.4620628356934
2026-07-22T07:36:01.479480+00:00,s005:instance_012:r02:o1:no_cut,1287228,0.001415,1,0.004669189453125,0.0,2.0,12.652130126953125,0.012287139892578125,820.461669921875
2026-07-22T07:36:02.118637+00:00,s005:instance_012:r02:o2:live,1287415,0.00142,1,0.004302978515625,0.0,2.0,12.64786148071289,0.012287139892578125,820.4612846374512
2026-07-22T07:36:02.758020+00:00,s005:instance_012:r03:o1:live,1287599,0.001454,1,0.004474639892578125,0.0,2.0,12.646350860595703,0.012287139892578125,820.4608917236328
2026-07-22T07:36:03.349516+00:00,s005:instance_012:r03:o2:no_cut,1287787,0.001386,1,0.004375457763671875,0.0,2.0,12.652393341064453,0.012287139892578125,820.4605026245117
2026-07-22T07:36:03.986065+00:00,s005:instance_012:r04:o1:no_cut,1287986,0.001315,1,0.00441741943359375,0.0,2.0,12.659343719482422,0.012287139892578125,820.4601173400879
2026-07-22T07:36:04.576275+00:00,s005:instance_012:r04:o2:live,1288165,0.001677,1,0.00475311279296875,0.0,2.0,12.649410247802734,0.012287139892578125,820.4597320556641
2026-07-22T07:36:05.213971+00:00,s005:instance_012:r05:o1:live,1288338,0.001409,1,0.004604339599609375,0.0,2.0,12.644035339355469,0.012287139892578125,820.4593391418457
2026-07-22T07:36:05.804961+00:00,s005:instance_012:r05:o2:no_cut,1288521,0.001442,1,0.00449371337890625,0.0,2.0,12.649585723876953,0.012287139892578125,820.4589538574219
2026-07-22T07:36:06.446277+00:00,s005:instance_012:r06:o1:no_cut,1288698,0.001299,1,0.004451751708984375,0.0,2.0,12.653934478759766,0.012287139892578125,820.4585647583008
2026-07-22T07:36:07.086220+00:00,s005:instance_012:r06:o2:live,1288889,0.001359,1,0.004604339599609375,0.0,2.0,12.645713806152344,0.012287139892578125,820.458179473877
2026-07-22T07:36:07.726423+00:00,s005:instance_012:r07:o1:live,1289092,0.001428,1,0.00441741943359375,0.0,2.0,12.65140151977539,0.012287139892578125,820.4577751159668
2026-07-22T07:36:08.367761+00:00,s005:instance_012:r07:o2:no_cut,1289299,0.001537,1,0.00461578369140625,0.0,2.0,12.65631103515625,0.012287139892578125,820.457389831543
2026-07-22T07:36:09.017563+00:00,s005:instance_012:r08:o1:no_cut,1289475,0.001322,1,0.004291534423828125,0.0,2.0,12.651294708251953,0.012287139892578125,820.4570007324219
2026-07-22T07:36:09.668146+00:00,s005:instance_012:r08:o2:live,1289649,0.001475,1,0.004413604736328125,0.0,2.0,12.65020751953125,0.012287139892578125,820.4566116333008
2026-07-22T07:36:10.306363+00:00,s005:instance_012:r09:o1:live,1289816,0.001418,1,0.00455474853515625,0.0,2.0,12.65066909790039,0.012287139892578125,820.4562187194824
2026-07-22T07:36:10.898299+00:00,s005:instance_012:r09:o2:no_cut,1289989,0.001361,1,0.00457763671875,0.0,2.0,12.65341567993164,0.012287139892578125,820.4558296203613
2026-07-22T07:36:11.539976+00:00,s005:instance_012:r10:o1:no_cut,1290160,0.001509,1,0.00457000732421875,0.0,2.0,12.650535583496094,0.012287139892578125,820.4554405212402
2026-07-22T07:36:12.125592+00:00,s005:instance_012:r10:o2:live,1290334,0.001338,1,0.004566192626953125,0.0,2.0,12.652515411376953,0.012287139892578125,820.4550514221191
2026-07-22T07:36:12.766118+00:00,s005:instance_013:r01:o1:no_cut,1290531,0.001435,1,0.004528045654296875,0.0,2.0,12.648178100585938,0.012287139892578125,820.4546585083008
2026-07-22T07:36:13.408974+00:00,s005:instance_013:r01:o2:live,1290711,0.001867,1,0.00445556640625,0.0,2.0,12.653614044189453,0.012287139892578125,820.4542770385742
2026-07-22T07:36:14.046446+00:00,s005:instance_013:r02:o1:live,1290889,0.001335,1,0.0044097900390625,0.0,2.0,12.650653839111328,0.012287139892578125,820.4538917541504
2026-07-22T07:36:14.635298+00:00,s005:instance_013:r02:o2:no_cut,1291069,0.001355,1,0.004497528076171875,0.0,2.0,12.64810562133789,0.012287139892578125,820.4535064697266
2026-07-22T07:36:15.230367+00:00,s005:instance_013:r03:o1:no_cut,1291248,0.001324,1,0.004543304443359375,0.0,2.0,12.649658203125,0.012287139892578125,820.4531288146973
2026-07-22T07:36:15.867584+00:00,s005:instance_013:r03:o2:live,1291425,0.00143,1,0.00426483154296875,0.0,2.0,12.657123565673828,0.012287139892578125,820.452751159668
2026-07-22T07:36:20.057489+00:00,s005:instance_013:r04:o1:live,1291607,0.001444,1,0.0045318603515625,0.0,2.0,12.648479461669922,0.012287139892578125,820.4523658752441
2026-07-22T07:36:20.705734+00:00,s005:instance_013:r04:o2:no_cut,1291784,0.001521,1,0.004673004150390625,0.0,2.0,12.65353012084961,0.012287139892578125,820.4519844055176
2026-07-22T07:36:21.298065+00:00,s005:instance_013:r05:o1:no_cut,1291954,0.001496,1,0.00466156005859375,0.0,2.0,12.651115417480469,0.012287139892578125,820.4516067504883
2026-07-22T07:36:21.889240+00:00,s005:instance_013:r05:o2:live,1292126,0.00141,1,0.004619598388671875,0.0,2.0,12.649612426757812,0.012287139892578125,820.451229095459
2026-07-22T07:36:22.493957+00:00,s005:instance_013:r06:o1:live,1292302,0.001395,1,0.00445556640625,0.0,2.0,12.649864196777344,0.012287139892578125,820.4508438110352
2026-07-22T07:36:23.093026+00:00,s005:instance_013:r06:o2:no_cut,1292489,0.001369,1,0.0044403076171875,0.0,2.0,12.655101776123047,0.012287139892578125,820.4504661560059
2026-07-22T07:36:23.693300+00:00,s005:instance_013:r07:o1:no_cut,1292666,0.001397,1,0.004547119140625,0.0,2.0,12.644039154052734,0.012287139892578125,820.4500846862793
2026-07-22T07:36:24.281317+00:00,s005:instance_013:r07:o2:live,1292849,0.00151,1,0.00484466552734375,0.0,2.0,12.650653839111328,0.012287139892578125,820.4497032165527
2026-07-22T07:36:24.867619+00:00,s005:instance_013:r08:o1:live,1293031,0.001487,1,0.0045166015625,0.0,2.0,12.649139404296875,0.012287139892578125,820.4493179321289
2026-07-22T07:36:25.507885+00:00,s005:instance_013:r08:o2:no_cut,1293209,0.001377,1,0.004604339599609375,0.0,2.0,12.657787322998047,0.012287139892578125,820.4489402770996
2026-07-22T07:36:26.097688+00:00,s005:instance_013:r09:o1:no_cut,1293383,0.001472,1,0.00438690185546875,0.0,2.0,12.655452728271484,0.012287139892578125,820.448558807373
2026-07-22T07:36:26.740201+00:00,s005:instance_013:r09:o2:live,1293585,0.001627,1,0.004840850830078125,0.0,2.0,12.646541595458984,0.012287139892578125,820.4481773376465
2026-07-22T07:36:27.336404+00:00,s005:instance_013:r10:o1:live,1293768,0.001451,1,0.00439453125,0.0,2.0,12.649703979492188,0.012287139892578125,820.4477920532227
2026-07-22T07:36:27.925464+00:00,s005:instance_013:r10:o2:no_cut,1293942,0.001477,1,0.004482269287109375,0.0,2.0,12.645648956298828,0.012287139892578125,820.4474143981934
2026-07-22T07:36:28.535878+00:00,s005:instance_014:r01:o1:live,1294129,0.001361,1,0.004505157470703125,0.0,2.0,12.647907257080078,0.012287139892578125,820.4470291137695
2026-07-22T07:36:29.171808+00:00,s005:instance_014:r01:o2:no_cut,1294327,0.001378,1,0.004611968994140625,0.0,2.0,12.647026062011719,0.012287139892578125,820.4466590881348
2026-07-22T07:36:29.806948+00:00,s005:instance_014:r02:o1:no_cut,1294527,0.001344,1,0.004451751708984375,0.0,2.0,12.646297454833984,0.012287139892578125,820.4462890625
2026-07-22T07:36:30.445329+00:00,s005:instance_014:r02:o2:live,1294720,0.001512,1,0.00479888916015625,0.0,2.0,12.64438247680664,0.012287139892578125,820.4459228515625
2026-07-22T07:36:31.084435+00:00,s005:instance_014:r03:o1:live,1294906,0.001402,1,0.0045013427734375,0.0,2.0,12.651180267333984,0.012287139892578125,820.4455490112305
2026-07-22T07:36:31.723859+00:00,s005:instance_014:r03:o2:no_cut,1295108,0.001429,1,0.00460052490234375,0.0,2.0,12.649677276611328,0.012287139892578125,820.4451751708984
2026-07-22T07:36:32.313534+00:00,s005:instance_014:r04:o1:no_cut,1295288,0.001418,1,0.004543304443359375,0.0,2.0,12.649200439453125,0.012287139892578125,820.4448089599609
2026-07-22T07:36:32.901334+00:00,s005:instance_014:r04:o2:live,1295461,0.001443,1,0.00429534912109375,0.0,2.0,12.645851135253906,0.012287139892578125,820.4444427490234
2026-07-22T07:36:33.488381+00:00,s005:instance_014:r05:o1:live,1295640,0.001329,1,0.004474639892578125,0.0,2.0,12.639629364013672,0.012287139892578125,820.4440689086914
2026-07-22T07:36:34.083996+00:00,s005:instance_014:r05:o2:no_cut,1295829,0.001376,1,0.00450897216796875,0.0,2.0,12.646263122558594,0.012287139892578125,820.4436988830566
2026-07-22T07:36:34.724223+00:00,s005:instance_014:r06:o1:no_cut,1296024,0.001546,1,0.00446319580078125,0.0,2.0,12.649726867675781,0.012287139892578125,820.4433326721191
2026-07-22T07:36:35.368164+00:00,s005:instance_014:r06:o2:live,1296218,0.001411,1,0.0046539306640625,0.0,2.0,12.64443588256836,0.012287139892578125,820.4429664611816
2026-07-22T07:36:36.008136+00:00,s005:instance_014:r07:o1:live,1296411,0.001343,1,0.004459381103515625,0.0,2.0,12.648914337158203,0.012287139892578125,820.4425926208496
2026-07-22T07:36:36.594482+00:00,s005:instance_014:r07:o2:no_cut,1296591,0.001366,1,0.004611968994140625,0.0,2.0,12.642692565917969,0.012287139892578125,820.4422187805176
2026-07-22T07:36:37.190417+00:00,s005:instance_014:r08:o1:no_cut,1296776,0.001352,1,0.00438690185546875,0.0,2.0,12.648883819580078,0.012287139892578125,820.4418525695801
2026-07-22T07:36:37.779938+00:00,s005:instance_014:r08:o2:live,1296954,0.001366,1,0.004497528076171875,0.0,2.0,12.643905639648438,0.012287139892578125,820.4414863586426
2026-07-22T07:36:38.432761+00:00,s005:instance_014:r09:o1:live,1297157,0.001424,1,0.00445556640625,0.0,2.0,12.650447845458984,0.012287139892578125,820.4411125183105
2026-07-22T07:36:39.029694+00:00,s005:instance_014:r09:o2:no_cut,1297348,0.001625,1,0.004791259765625,0.0,2.0,12.643951416015625,0.012287139892578125,820.440746307373
2026-07-22T07:36:39.667697+00:00,s005:instance_014:r10:o1:no_cut,1297531,0.001433,1,0.00460052490234375,0.0,2.0,12.647823333740234,0.012287139892578125,820.4403762817383
2026-07-22T07:36:40.306739+00:00,s005:instance_014:r10:o2:live,1297721,0.001361,1,0.00447845458984375,0.0,2.0,12.644550323486328,0.012287139892578125,820.4400100708008
2026-07-22T07:36:40.948064+00:00,s005:instance_015:r01:o1:no_cut,1297927,0.001457,1,0.004756927490234375,0.0,2.0,12.647132873535156,0.012287139892578125,820.4396324157715
2026-07-22T07:36:41.588137+00:00,s005:instance_015:r01:o2:live,1298111,0.001338,1,0.00449371337890625,0.0,2.0,12.646503448486328,0.012287139892578125,820.4392547607422
2026-07-22T07:36:42.234428+00:00,s005:instance_015:r02:o1:live,1298302,0.001324,1,0.00433349609375,0.0,2.0,12.64157485961914,0.012287139892578125,820.4388656616211
2026-07-22T07:36:42.881200+00:00,s005:instance_015:r02:o2:no_cut,1298488,0.001438,1,0.00447845458984375,0.0,2.0,12.646530151367188,0.012287139892578125,820.4384765625
2026-07-22T07:36:43.520596+00:00,s005:instance_015:r03:o1:no_cut,1298682,0.001426,1,0.004619598388671875,0.0,2.0,12.645797729492188,0.012287139892578125,820.4380912780762
2026-07-22T07:36:44.105997+00:00,s005:instance_015:r03:o2:live,1298862,0.001586,1,0.0043487548828125,0.0,2.0,12.647567749023438,0.012287139892578125,820.4377136230469
2026-07-22T07:36:44.744789+00:00,s005:instance_015:r04:o1:live,1299049,0.001772,1,0.00482177734375,0.0,2.0,12.643074035644531,0.012287139892578125,820.4373245239258
2026-07-22T07:36:45.334228+00:00,s005:instance_015:r04:o2:no_cut,1299239,0.001398,1,0.00460052490234375,0.0,2.0,12.647830963134766,0.012287139892578125,820.436939239502
2026-07-22T07:36:45.926080+00:00,s005:instance_015:r05:o1:no_cut,1299421,0.001485,1,0.004787445068359375,0.0,2.0,12.646717071533203,0.012287139892578125,820.4365577697754
2026-07-22T07:36:46.522154+00:00,s005:instance_015:r05:o2:live,1299623,0.001393,1,0.004482269287109375,0.0,2.0,12.647098541259766,0.012287139892578125,820.436164855957
2026-07-22T07:36:47.119834+00:00,s005:instance_015:r06:o1:live,1299805,0.001386,1,0.004505157470703125,0.0,2.0,12.646751403808594,0.012287139892578125,820.4357757568359
2026-07-22T07:36:47.720330+00:00,s005:instance_015:r06:o2:no_cut,1299984,0.001391,1,0.0045318603515625,0.0,2.0,12.645824432373047,0.012287139892578125,820.4353904724121
2026-07-22T07:36:48.361161+00:00,s005:instance_015:r07:o1:no_cut,1300172,0.001521,1,0.004642486572265625,0.0,2.0,12.649154663085938,0.012287139892578125,820.4350090026855
2026-07-22T07:36:49.000799+00:00,s005:instance_015:r07:o2:live,1300356,0.001445,1,0.00449371337890625,0.0,2.0,12.644641876220703,0.012287139892578125,820.4346237182617
2026-07-22T07:36:49.648464+00:00,s005:instance_015:r08:o1:live,1300556,0.00163,1,0.004619598388671875,0.0,2.0,12.654460906982422,0.012287139892578125,820.4342346191406
2026-07-22T07:36:50.286522+00:00,s005:instance_015:r08:o2:no_cut,1300754,0.001375,1,0.004581451416015625,0.0,2.0,12.651443481445312,0.012287139892578125,820.4338493347168
2026-07-22T07:36:50.870983+00:00,s005:instance_015:r09:o1:no_cut,1300929,0.001315,1,0.00439453125,0.0,2.0,12.648750305175781,0.012287139892578125,820.4334678649902
2026-07-22T07:36:51.512357+00:00,s005:instance_015:r09:o2:live,1301140,0.001484,1,0.004638671875,0.0,2.0,12.649181365966797,0.012287139892578125,820.4329605102539
2026-07-22T07:36:52.148676+00:00,s005:instance_015:r10:o1:live,1301356,0.001401,1,0.004512786865234375,0.0,2.0,12.651222229003906,0.012287139892578125,820.4326934814453
2026-07-22T07:36:56.361058+00:00,s005:instance_015:r10:o2:no_cut,1301541,0.001382,1,0.004425048828125,0.0,2.0,12.647621154785156,0.012287139892578125,820.4323120117188
2026-07-22T07:36:56.949732+00:00,s005:instance_016:r01:o1:live,1301723,0.001468,1,0.00464630126953125,0.0,2.0,12.646442413330078,0.012287139892578125,820.4319229125977
2026-07-22T07:36:57.535353+00:00,s005:instance_016:r01:o2:no_cut,1301904,0.001504,1,0.00439453125,0.0,2.0,12.64462661743164,0.012287139892578125,820.4315452575684
2026-07-22T07:36:58.131315+00:00,s005:instance_016:r02:o1:no_cut,1302083,0.001425,1,0.004451751708984375,0.0,2.0,12.644412994384766,0.012287139892578125,820.4311676025391
2026-07-22T07:36:58.731401+00:00,s005:instance_016:r02:o2:live,1302266,0.001486,1,0.004730224609375,0.0,2.0,12.653480529785156,0.012287139892578125,820.430793762207
2026-07-22T07:36:59.323834+00:00,s005:instance_016:r03:o1:live,1302446,0.001343,1,0.004428863525390625,0.0,2.0,12.651859283447266,0.012287139892578125,820.4304122924805
2026-07-22T07:36:59.926788+00:00,s005:instance_016:r03:o2:no_cut,1302632,0.00167,1,0.0049591064453125,0.0,2.0,12.648906707763672,0.012287139892578125,820.4300346374512
2026-07-22T07:37:00.517300+00:00,s005:instance_016:r04:o1:no_cut,1302817,0.001329,1,0.004573822021484375,0.0,2.0,12.647438049316406,0.012287139892578125,820.4296569824219
2026-07-22T07:37:01.113669+00:00,s005:instance_016:r04:o2:live,1303001,0.001432,1,0.004505157470703125,0.0,2.0,12.64822769165039,0.012287139892578125,820.4292869567871
2026-07-22T07:37:01.715743+00:00,s005:instance_016:r05:o1:live,1303188,0.001379,1,0.004486083984375,0.0,2.0,12.648262023925781,0.012287139892578125,820.4289054870605
2026-07-22T07:37:02.357740+00:00,s005:instance_016:r05:o2:no_cut,1303377,0.001504,1,0.004558563232421875,0.0,2.0,12.647777557373047,0.012287139892578125,820.4285278320312
2026-07-22T07:37:02.945343+00:00,s005:instance_016:r06:o1:no_cut,1303548,0.001344,1,0.00434112548828125,0.0,2.0,12.648681640625,0.012287139892578125,820.428150177002
2026-07-22T07:37:03.537000+00:00,s005:instance_016:r06:o2:live,1303717,0.001352,1,0.004474639892578125,0.0,2.0,12.647621154785156,0.012287139892578125,820.4277801513672
2026-07-22T07:37:04.125844+00:00,s005:instance_016:r07:o1:live,1303903,0.001498,1,0.004436492919921875,0.0,2.0,12.64865493774414,0.012287139892578125,820.4273986816406
2026-07-22T07:37:04.719519+00:00,s005:instance_016:r07:o2:no_cut,1304085,0.001416,1,0.004192352294921875,0.0,2.0,12.648468017578125,0.012287139892578125,820.4270172119141
2026-07-22T07:37:05.361166+00:00,s005:instance_016:r08:o1:no_cut,1304278,0.001325,1,0.004482269287109375,0.0,2.0,12.641983032226562,0.012287139892578125,820.4266395568848
2026-07-22T07:37:05.951723+00:00,s005:instance_016:r08:o2:live,1304456,0.001458,1,0.0045318603515625,0.0,2.0,12.651779174804688,0.012287139892578125,820.4262657165527
2026-07-22T07:37:06.588736+00:00,s005:instance_016:r09:o1:live,1304649,0.00139,1,0.00443267822265625,0.0,2.0,12.651458740234375,0.012287139892578125,820.4258842468262
2026-07-22T07:37:07.180278+00:00,s005:instance_016:r09:o2:no_cut,1304832,0.001466,1,0.004642486572265625,0.0,2.0,12.649646759033203,0.012287139892578125,820.4255065917969
2026-07-22T07:37:07.770769+00:00,s005:instance_016:r10:o1:no_cut,1305012,0.002175,1,0.005954742431640625,0.0,2.0,12.644840240478516,0.012287139892578125,820.4251327514648
2026-07-22T07:37:08.366132+00:00,s005:instance_016:r10:o2:live,1305204,0.001467,1,0.00464630126953125,0.0,2.0,12.65114974975586,0.012287139892578125,820.4247589111328
2026-07-22T07:37:08.961842+00:00,s005:instance_017:r01:o1:no_cut,1305386,0.001427,1,0.004566192626953125,0.0,2.0,12.651100158691406,0.012287139892578125,820.424373626709
2026-07-22T07:37:09.555690+00:00,s005:instance_017:r01:o2:live,1305566,0.001568,1,0.004634857177734375,0.0,2.0,12.646629333496094,0.012287139892578125,820.423999786377
2026-07-22T07:37:10.195929+00:00,s005:instance_017:r02:o1:live,1305758,0.001503,1,0.004779815673828125,0.0,2.0,12.648509979248047,0.012287139892578125,820.4236221313477
2026-07-22T07:37:10.836949+00:00,s005:instance_017:r02:o2:no_cut,1305946,0.001505,1,0.004764556884765625,0.0,2.0,12.640804290771484,0.012287139892578125,820.4232444763184
2026-07-22T07:37:11.478526+00:00,s005:instance_017:r03:o1:no_cut,1306128,0.00178,1,0.0045623779296875,0.0,2.0,12.643260955810547,0.012287139892578125,820.4228630065918
2026-07-22T07:37:12.119036+00:00,s005:instance_017:r03:o2:live,1306315,0.001374,1,0.004608154296875,0.0,2.0,12.64566421508789,0.012287139892578125,820.422492980957
2026-07-22T07:37:12.758232+00:00,s005:instance_017:r04:o1:live,1306509,0.00155,1,0.00479888916015625,0.0,2.0,12.647533416748047,0.012287139892578125,820.4221115112305
2026-07-22T07:37:13.376203+00:00,s005:instance_017:r04:o2:no_cut,1306695,0.001405,1,0.004550933837890625,0.0,2.0,12.642036437988281,0.012287139892578125,820.4217338562012
2026-07-22T07:37:14.044426+00:00,s005:instance_017:r05:o1:no_cut,1306888,0.001636,1,0.004947662353515625,0.0,2.0,12.646659851074219,0.012287139892578125,820.4213562011719
2026-07-22T07:37:14.635967+00:00,s005:instance_017:r05:o2:live,1307074,0.001398,1,0.004364013671875,0.0,2.0,12.65087890625,0.012287139892578125,820.4209861755371
2026-07-22T07:37:15.278907+00:00,s005:instance_017:r06:o1:live,1307275,0.00147,1,0.004642486572265625,0.0,2.0,12.64383316040039,0.012287139892578125,820.420597076416
2026-07-22T07:37:15.924494+00:00,s005:instance_017:r06:o2:no_cut,1307457,0.001339,1,0.00437164306640625,0.0,2.0,12.638442993164062,0.012287139892578125,820.4202194213867
2026-07-22T07:37:16.572899+00:00,s005:instance_017:r07:o1:no_cut,1307652,0.001314,1,0.004398345947265625,0.0,2.0,12.641487121582031,0.012287139892578125,820.4198417663574
2026-07-22T07:37:17.161363+00:00,s005:instance_017:r07:o2:live,1307829,0.001399,1,0.00460052490234375,0.0,2.0,12.64236068725586,0.012287139892578125,820.4194717407227
2026-07-22T07:37:17.800809+00:00,s005:instance_017:r08:o1:live,1308015,0.00138,1,0.004528045654296875,0.0,2.0,12.641796112060547,0.012287139892578125,820.4190864562988
2026-07-22T07:37:18.441798+00:00,s005:instance_017:r08:o2:no_cut,1308201,0.001406,1,0.004573822021484375,0.0,2.0,12.636680603027344,0.012287139892578125,820.4187088012695
2026-07-22T07:37:19.081521+00:00,s005:instance_017:r09:o1:no_cut,1308385,0.00148,1,0.004322052001953125,0.0,2.0,12.644390106201172,0.012287139892578125,820.4183349609375
2026-07-22T07:37:19.723019+00:00,s005:instance_017:r09:o2:live,1308578,0.0014,1,0.00440216064453125,0.0,2.0,12.642147064208984,0.012287139892578125,820.4179611206055
2026-07-22T07:37:20.365910+00:00,s005:instance_017:r10:o1:live,1308758,0.001396,1,0.004459381103515625,0.0,2.0,12.643360137939453,0.012287139892578125,820.4175758361816
2026-07-22T07:37:21.006176+00:00,s005:instance_017:r10:o2:no_cut,1308941,0.001422,1,0.004413604736328125,0.0,2.0,12.645465850830078,0.012287139892578125,820.4171981811523
2026-07-22T07:37:21.641336+00:00,s005:instance_018:r01:o1:live,1309128,0.001418,1,0.004314422607421875,0.0,2.0,12.644390106201172,0.012287139892578125,820.416820526123
2026-07-22T07:37:22.285771+00:00,s005:instance_018:r01:o2:no_cut,1309318,0.001467,1,0.004581451416015625,0.0,2.0,12.637245178222656,0.012287139892578125,820.4164428710938
2026-07-22T07:37:22.875366+00:00,s005:instance_018:r02:o1:no_cut,1309490,0.00155,1,0.00443267822265625,0.0,2.0,12.643112182617188,0.012287139892578125,820.4160652160645
2026-07-22T07:37:23.469420+00:00,s005:instance_018:r02:o2:live,1309668,0.001353,1,0.004512786865234375,0.0,2.0,12.642631530761719,0.012287139892578125,820.4156913757324
2026-07-22T07:37:24.061656+00:00,s005:instance_018:r03:o1:live,1309853,0.001405,1,0.004360198974609375,0.0,2.0,12.644126892089844,0.012287139892578125,820.4153099060059
2026-07-22T07:37:24.670951+00:00,s005:instance_018:r03:o2:no_cut,1310033,0.001418,1,0.004520416259765625,0.0,2.0,12.644157409667969,0.012287139892578125,820.4149322509766
2026-07-22T07:37:25.313192+00:00,s005:instance_018:r04:o1:no_cut,1310230,0.001371,1,0.004581451416015625,0.0,2.0,12.637760162353516,0.012287139892578125,820.4145469665527
2026-07-22T07:37:25.917881+00:00,s005:instance_018:r04:o2:live,1310413,0.00142,1,0.00444793701171875,0.0,2.0,12.641220092773438,0.012287139892578125,820.4141731262207
2026-07-22T07:37:26.563331+00:00,s005:instance_018:r05:o1:live,1310614,0.001379,1,0.004261016845703125,0.0,2.0,12.646404266357422,0.012287139892578125,820.4137954711914
2026-07-22T07:37:27.157076+00:00,s005:instance_018:r05:o2:no_cut,1310794,0.001445,1,0.004642486572265625,0.0,2.0,12.640727996826172,0.012287139892578125,820.4134178161621
2026-07-22T07:37:27.750442+00:00,s005:instance_018:r06:o1:no_cut,1310972,0.001676,1,0.00458526611328125,0.0,2.0,12.642925262451172,0.012287139892578125,820.4130401611328
2026-07-22T07:37:28.357222+00:00,s005:instance_018:r06:o2:live,1311164,0.001379,1,0.004482269287109375,0.0,2.0,12.642261505126953,0.012287139892578125,820.412670135498
2026-07-22T07:37:32.609158+00:00,s005:instance_018:r07:o1:live,1311350,0.001343,1,0.00437164306640625,0.0,2.0,12.64261245727539,0.012287139892578125,820.4122886657715
2026-07-22T07:37:33.212628+00:00,s005:instance_018:r07:o2:no_cut,1311530,0.001416,1,0.004528045654296875,0.0,2.0,12.645771026611328,0.012287139892578125,820.4119110107422
2026-07-22T07:37:33.807526+00:00,s005:instance_018:r08:o1:no_cut,1311710,0.001486,1,0.004627227783203125,0.0,2.0,12.639907836914062,0.012287139892578125,820.4115295410156
2026-07-22T07:37:34.400671+00:00,s005:instance_018:r08:o2:live,1311891,0.001333,1,0.00444793701171875,0.0,2.0,12.65036392211914,0.012287139892578125,820.4111595153809
2026-07-22T07:37:35.035739+00:00,s005:instance_018:r09:o1:live,1312080,0.001445,1,0.004581451416015625,0.0,2.0,12.645416259765625,0.012287139892578125,820.4107780456543
2026-07-22T07:37:35.684380+00:00,s005:instance_018:r09:o2:no_cut,1312270,0.001373,1,0.004619598388671875,0.0,2.0,12.64129638671875,0.012287139892578125,820.410400390625
2026-07-22T07:37:36.328266+00:00,s005:instance_018:r10:o1:no_cut,1312491,0.001413,1,0.004375457763671875,0.0,2.0,12.648574829101562,0.012287139892578125,820.4100151062012
2026-07-22T07:37:36.919471+00:00,s005:instance_018:r10:o2:live,1312688,0.001441,1,0.00447845458984375,0.0,2.0,12.648509979248047,0.012287139892578125,820.4096450805664
2026-07-22T07:37:37.524274+00:00,s005:instance_019:r01:o1:no_cut,1312882,0.001419,1,0.004306793212890625,0.0,2.0,12.644725799560547,0.012287139892578125,820.4092597961426
2026-07-22T07:37:38.124881+00:00,s005:instance_019:r01:o2:live,1313067,0.001898,1,0.003814697265625,0.0,2.0,12.64309310913086,0.012287139892578125,820.408863067627
2026-07-22T07:37:38.724407+00:00,s005:instance_019:r02:o1:live,1313245,0.001716,1,0.004856109619140625,0.0,2.0,12.644790649414062,0.012287139892578125,820.4084587097168
2026-07-22T07:37:39.323412+00:00,s005:instance_019:r02:o2:no_cut,1313430,0.001525,1,0.0041961669921875,0.0,2.0,12.64638900756836,0.012287139892578125,820.4080581665039
2026-07-22T07:37:39.963926+00:00,s005:instance_019:r03:o1:no_cut,1313616,0.00137,1,0.004360198974609375,0.0,2.0,12.640758514404297,0.012287139892578125,820.4076538085938
2026-07-22T07:37:40.555660+00:00,s005:instance_019:r03:o2:live,1313787,0.001591,1,0.004650115966796875,0.0,2.0,12.643707275390625,0.012287139892578125,820.4072570800781
2026-07-22T07:37:41.195838+00:00,s005:instance_019:r04:o1:live,1313984,0.001436,1,0.0047454833984375,0.0,2.0,12.644115447998047,0.012287139892578125,820.406852722168
2026-07-22T07:37:41.787655+00:00,s005:instance_019:r04:o2:no_cut,1314163,0.001464,1,0.004619598388671875,0.0,2.0,12.644851684570312,0.012287139892578125,820.4064521789551
2026-07-22T07:37:42.382494+00:00,s005:instance_019:r05:o1:no_cut,1314336,0.00163,1,0.00472259521484375,0.0,2.0,12.644229888916016,0.012287139892578125,820.4060516357422
2026-07-22T07:37:43.027617+00:00,s005:instance_019:r05:o2:live,1314537,0.001485,1,0.004627227783203125,0.0,2.0,12.645626068115234,0.012287139892578125,820.4056549072266
2026-07-22T07:37:43.630812+00:00,s005:instance_019:r06:o1:live,1314721,0.00167,1,0.00494384765625,0.0,2.0,12.65047836303711,0.012287139892578125,820.4052543640137
2026-07-22T07:37:44.217264+00:00,s005:instance_019:r06:o2:no_cut,1314901,0.001362,1,0.0043792724609375,0.0,2.0,12.646038055419922,0.012287139892578125,820.4048538208008
2026-07-22T07:37:44.808366+00:00,s005:instance_019:r07:o1:no_cut,1315084,0.001402,1,0.00457763671875,0.0,2.0,12.64312744140625,0.012287139892578125,820.4044532775879
2026-07-22T07:37:45.395861+00:00,s005:instance_019:r07:o2:live,1315272,0.001419,1,0.004512786865234375,0.0,2.0,12.648670196533203,0.012287139892578125,820.4040603637695
2026-07-22T07:37:45.996003+00:00,s005:instance_019:r08:o1:live,1315457,0.001401,1,0.004581451416015625,0.0,2.0,12.647178649902344,0.012287139892578125,820.4036521911621
2026-07-22T07:37:46.586780+00:00,s005:instance_019:r08:o2:no_cut,1315633,0.001513,1,0.004215240478515625,0.0,2.0,12.642898559570312,0.012287139892578125,820.4032516479492
2026-07-22T07:37:47.232390+00:00,s005:instance_019:r09:o1:no_cut,1315822,0.001347,1,0.004352569580078125,0.0,2.0,12.648529052734375,0.012287139892578125,820.4028511047363
2026-07-22T07:37:47.823009+00:00,s005:instance_019:r09:o2:live,1316002,0.001522,1,0.004718780517578125,0.0,2.0,12.644420623779297,0.012287139892578125,820.402458190918
2026-07-22T07:37:48.419393+00:00,s005:instance_019:r10:o1:live,1316181,0.001386,1,0.0045928955078125,0.0,2.0,12.646907806396484,0.012287139892578125,820.4020538330078
2026-07-22T07:37:49.017374+00:00,s005:instance_019:r10:o2:no_cut,1316358,0.001544,1,0.004573822021484375,0.0,2.0,12.645038604736328,0.012287139892578125,820.4016532897949
2026-07-22T07:37:49.609379+00:00,s005:instance_020:r01:o1:live,1316535,0.001327,1,0.00440216064453125,0.0,2.0,12.64510726928711,0.012287139892578125,820.4012489318848
2026-07-22T07:37:50.259633+00:00,s005:instance_020:r01:o2:no_cut,1316722,0.001633,1,0.004329681396484375,0.0,2.0,12.642059326171875,0.012287139892578125,820.4008674621582
2026-07-22T07:37:50.899757+00:00,s005:instance_020:r02:o1:no_cut,1316914,0.001477,1,0.0046539306640625,0.0,2.0,12.640880584716797,0.012287139892578125,820.4004821777344
2026-07-22T07:37:51.491214+00:00,s005:instance_020:r02:o2:live,1317105,0.001488,1,0.004486083984375,0.0,2.0,12.64084243774414,0.012287139892578125,820.4000968933105
2026-07-22T07:37:52.112820+00:00,s005:instance_020:r03:o1:live,1317301,0.001462,1,0.004825592041015625,0.0,2.0,12.643058776855469,0.012287139892578125,820.3997077941895
2026-07-22T07:37:52.711302+00:00,s005:instance_020:r03:o2:no_cut,1317491,0.001546,1,0.004840850830078125,0.0,2.0,12.641571044921875,0.012287139892578125,820.3993225097656
2026-07-22T07:37:53.303325+00:00,s005:instance_020:r04:o1:no_cut,1317675,0.001537,1,0.004573822021484375,0.0,2.0,12.642620086669922,0.012287139892578125,820.3989334106445
2026-07-22T07:37:53.900698+00:00,s005:instance_020:r04:o2:live,1317864,0.001329,1,0.004547119140625,0.0,2.0,12.646602630615234,0.012287139892578125,820.398551940918
2026-07-22T07:37:54.489465+00:00,s005:instance_020:r05:o1:live,1318049,0.001397,1,0.00429534912109375,0.0,2.0,12.644927978515625,0.012287139892578125,820.3981666564941
2026-07-22T07:37:55.088364+00:00,s005:instance_020:r05:o2:no_cut,1318235,0.001709,1,0.004985809326171875,0.0,2.0,12.638999938964844,0.012287139892578125,820.3977813720703
2026-07-22T07:37:55.735499+00:00,s005:instance_020:r06:o1:no_cut,1318416,0.001439,1,0.004482269287109375,0.0,2.0,12.63864517211914,0.012287139892578125,820.3973960876465
2026-07-22T07:37:56.375726+00:00,s005:instance_020:r06:o2:live,1318619,0.001352,1,0.004150390625,0.0,2.0,12.644412994384766,0.012287139892578125,820.3970146179199
2026-07-22T07:37:56.965407+00:00,s005:instance_020:r07:o1:live,1318794,0.001324,1,0.00434112548828125,0.0,2.0,12.638999938964844,0.012287139892578125,820.3966293334961
2026-07-22T07:37:57.554424+00:00,s005:instance_020:r07:o2:no_cut,1318974,0.001517,1,0.004650115966796875,0.0,2.0,12.639579772949219,0.012287139892578125,820.396240234375
2026-07-22T07:37:58.158090+00:00,s005:instance_020:r08:o1:no_cut,1319164,0.001304,1,0.00428009033203125,0.0,2.0,12.64023208618164,0.012287139892578125,820.3958511352539
2026-07-22T07:37:58.800161+00:00,s005:instance_020:r08:o2:live,1319370,0.001389,1,0.00455474853515625,0.0,2.0,12.64276123046875,0.012287139892578125,820.3954696655273
2026-07-22T07:37:59.397861+00:00,s005:instance_020:r09:o1:live,1319552,0.001369,1,0.004425048828125,0.0,2.0,12.644065856933594,0.012287139892578125,820.3950843811035
2026-07-22T07:38:00.043722+00:00,s005:instance_020:r09:o2:no_cut,1319751,0.001336,1,0.0044097900390625,0.0,2.0,12.638118743896484,0.012287139892578125,820.3946990966797
2026-07-22T07:38:00.687481+00:00,s005:instance_020:r10:o1:no_cut,1319948,0.001421,1,0.0045928955078125,0.0,2.0,12.638416290283203,0.012287139892578125,820.3943138122559
2026-07-22T07:38:01.326411+00:00,s005:instance_020:r10:o2:live,1320142,0.001467,1,0.004642486572265625,0.0,2.0,12.638477325439453,0.012287139892578125,820.3939361572266
2026-07-22T07:38:01.982011+00:00,s010:instance_001:r01:o1:no_cut,1320334,0.001306,1,0.0043487548828125,0.0,4.0,12.639671325683594,0.012287139892578125,820.3935394287109
2026-07-22T07:38:02.879314+00:00,s010:instance_001:r01:o2:live,1320601,0.001446,1,0.004642486572265625,0.0,4.0,12.642333984375,0.012287139892578125,820.392936706543
2026-07-22T07:38:03.817729+00:00,s010:instance_001:r02:o1:live,1320870,0.0014,1,0.00429534912109375,0.0,4.0,12.637317657470703,0.012287139892578125,820.3923263549805
2026-07-22T07:38:08.362300+00:00,s010:instance_001:r02:o2:no_cut,1321133,0.001448,1,0.004608154296875,0.0,4.0,12.640663146972656,0.012287139892578125,820.3917236328125
2026-07-22T07:38:09.266647+00:00,s010:instance_001:r03:o1:no_cut,1321379,0.001536,1,0.004566192626953125,0.0,4.0,12.639026641845703,0.012287139892578125,820.39111328125
2026-07-22T07:38:10.166181+00:00,s010:instance_001:r03:o2:live,1321634,0.001612,1,0.004497528076171875,0.0,4.0,12.64056396484375,0.012287139892578125,820.390510559082
2026-07-22T07:38:11.059711+00:00,s010:instance_001:r04:o1:live,1321892,0.001355,1,0.004581451416015625,0.0,4.0,12.643367767333984,0.012287139892578125,820.3899002075195
2026-07-22T07:38:11.953135+00:00,s010:instance_001:r04:o2:no_cut,1322148,0.001968,1,0.005062103271484375,0.0,4.0,12.645805358886719,0.012287139892578125,820.3892974853516
2026-07-22T07:38:12.847747+00:00,s010:instance_001:r05:o1:no_cut,1322394,0.001386,1,0.004573822021484375,0.0,4.0,12.631641387939453,0.012287139892578125,820.3886909484863
2026-07-22T07:38:13.753452+00:00,s010:instance_001:r05:o2:live,1322656,0.00137,1,0.00428009033203125,0.0,4.0,12.640331268310547,0.012287139892578125,820.3880882263184
2026-07-22T07:38:14.665929+00:00,s010:instance_001:r06:o1:live,1322933,0.001712,1,0.004695892333984375,0.0,4.0,12.644271850585938,0.012287139892578125,820.3874702453613
2026-07-22T07:38:15.570631+00:00,s010:instance_001:r06:o2:no_cut,1323190,0.001621,1,0.00478363037109375,0.0,4.0,12.642719268798828,0.012287139892578125,820.3868637084961
2026-07-22T07:38:16.475018+00:00,s010:instance_001:r07:o1:no_cut,1323442,0.001508,1,0.004611968994140625,0.0,4.0,12.646553039550781,0.012287139892578125,820.3862571716309
2026-07-22T07:38:17.374880+00:00,s010:instance_001:r07:o2:live,1323684,0.001523,1,0.004444122314453125,0.0,4.0,12.64480209350586,0.012287139892578125,820.3856544494629
2026-07-22T07:38:18.268979+00:00,s010:instance_001:r08:o1:live,1323935,0.001379,1,0.00458526611328125,0.0,4.0,12.649242401123047,0.012287139892578125,820.3850479125977
2026-07-22T07:38:19.159299+00:00,s010:instance_001:r08:o2:no_cut,1324194,0.001436,1,0.004474639892578125,0.0,4.0,12.639545440673828,0.012287139892578125,820.3844375610352
2026-07-22T07:38:20.050991+00:00,s010:instance_001:r09:o1:no_cut,1324459,0.00151,1,0.004497528076171875,0.0,4.0,12.646659851074219,0.012287139892578125,820.3838310241699
2026-07-22T07:38:20.954769+00:00,s010:instance_001:r09:o2:live,1324726,0.001384,1,0.00458526611328125,0.0,4.0,12.641365051269531,0.012287139892578125,820.383228302002
2026-07-22T07:38:21.850202+00:00,s010:instance_001:r10:o1:live,1324988,0.001449,1,0.004581451416015625,0.0,4.0,12.642993927001953,0.012287139892578125,820.3826217651367
2026-07-22T07:38:22.758410+00:00,s010:instance_001:r10:o2:no_cut,1325264,0.001406,1,0.004611968994140625,0.0,4.0,12.646286010742188,0.012287139892578125,820.3820152282715
2026-07-22T07:38:23.667705+00:00,s010:instance_002:r01:o1:live,1325534,0.00138,1,0.00439453125,0.0,4.0,12.644363403320312,0.012287139892578125,820.381404876709
2026-07-22T07:38:24.477096+00:00,s010:instance_002:r01:o2:no_cut,1325777,0.001394,1,0.004459381103515625,0.0,4.0,12.64798355102539,0.012287139892578125,820.380859375
2026-07-22T07:38:25.338721+00:00,s010:instance_002:r02:o1:no_cut,1326022,0.00134,1,0.0044097900390625,0.0,4.0,12.643074035644531,0.012287139892578125,820.3803100585938
2026-07-22T07:38:26.188916+00:00,s010:instance_002:r02:o2:live,1326273,0.001395,1,0.004581451416015625,0.0,4.0,12.639930725097656,0.012287139892578125,820.3797645568848
2026-07-22T07:38:27.046004+00:00,s010:instance_002:r03:o1:live,1326529,0.001507,1,0.004482269287109375,0.0,4.0,12.639602661132812,0.012287139892578125,820.379207611084
2026-07-22T07:38:27.886667+00:00,s010:instance_002:r03:o2:no_cut,1326801,0.001427,1,0.0045013427734375,0.0,4.0,12.641284942626953,0.012287139892578125,820.3786544799805
2026-07-22T07:38:28.741768+00:00,s010:instance_002:r04:o1:no_cut,1327046,0.001442,1,0.004627227783203125,0.0,4.0,12.646183013916016,0.012287139892578125,820.3781051635742
2026-07-22T07:38:29.581993+00:00,s010:instance_002:r04:o2:live,1327279,0.001544,1,0.00478363037109375,0.0,4.0,12.641487121582031,0.012287139892578125,820.3775596618652
2026-07-22T07:38:30.471202+00:00,s010:instance_002:r05:o1:live,1327540,0.001521,1,0.0042572021484375,0.0,4.0,12.642650604248047,0.012287139892578125,820.3770065307617
2026-07-22T07:38:31.311380+00:00,s010:instance_002:r05:o2:no_cut,1327781,0.001389,1,0.004550933837890625,0.0,4.0,12.6376953125,0.012287139892578125,820.3764610290527
2026-07-22T07:38:32.173572+00:00,s010:instance_002:r06:o1:no_cut,1328026,0.001426,1,0.00458526611328125,0.0,4.0,12.637767791748047,0.012287139892578125,820.3759117126465
2026-07-22T07:38:33.015138+00:00,s010:instance_002:r06:o2:live,1328263,0.001416,1,0.00452423095703125,0.0,4.0,12.643379211425781,0.012287139892578125,820.3753662109375
2026-07-22T07:38:33.868989+00:00,s010:instance_002:r07:o1:live,1328511,0.001393,1,0.0045013427734375,0.0,4.0,12.638004302978516,0.012287139892578125,820.3748168945312
2026-07-22T07:38:34.730243+00:00,s010:instance_002:r07:o2:no_cut,1328765,0.001505,1,0.004688262939453125,0.0,4.0,12.644645690917969,0.012287139892578125,820.374267578125
2026-07-22T07:38:35.571059+00:00,s010:instance_002:r08:o1:no_cut,1329017,0.00135,1,0.004486083984375,0.0,4.0,12.636211395263672,0.012287139892578125,820.3737144470215
2026-07-22T07:38:36.438811+00:00,s010:instance_002:r08:o2:live,1329272,0.00159,1,0.004749298095703125,0.0,4.0,12.632972717285156,0.012287139892578125,820.3731651306152
2026-07-22T07:38:37.285925+00:00,s010:instance_002:r09:o1:live,1329530,0.001604,1,0.00450897216796875,0.0,4.0,12.640148162841797,0.012287139892578125,820.372615814209
2026-07-22T07:38:38.123884+00:00,s010:instance_002:r09:o2:no_cut,1329775,0.001346,1,0.00438690185546875,0.0,4.0,12.636531829833984,0.012287139892578125,820.3720664978027
2026-07-22T07:38:38.930769+00:00,s010:instance_002:r10:o1:no_cut,1330015,0.001383,1,0.004558563232421875,0.0,4.0,12.628349304199219,0.012287139892578125,820.3715171813965
2026-07-22T07:38:39.770698+00:00,s010:instance_002:r10:o2:live,1330270,0.001421,1,0.00435638427734375,0.0,4.0,12.636466979980469,0.012287139892578125,820.3709716796875
2026-07-22T07:38:40.579181+00:00,s010:instance_003:r01:o1:no_cut,1330508,0.001398,1,0.00455474853515625,0.0,4.0,12.642841339111328,0.012287139892578125,820.370418548584
2026-07-22T07:38:45.196665+00:00,s010:instance_003:r01:o2:live,1330803,0.001374,1,0.004558563232421875,0.0,4.0,12.638565063476562,0.012287139892578125,820.3696250915527
2026-07-22T07:38:46.147442+00:00,s010:instance_003:r02:o1:live,1331078,0.001579,1,0.004779815673828125,0.0,4.0,12.636039733886719,0.012287139892578125,820.3689422607422
2026-07-22T07:38:47.093088+00:00,s010:instance_003:r02:o2:no_cut,1331342,0.001443,1,0.004505157470703125,0.0,4.0,12.636554718017578,0.012287139892578125,820.3682632446289
2026-07-22T07:38:48.043832+00:00,s010:instance_003:r03:o1:no_cut,1331626,0.001451,1,0.00452423095703125,0.0,4.0,12.632827758789062,0.012287139892578125,820.3674697875977
2026-07-22T07:38:49.049853+00:00,s010:instance_003:r03:o2:live,1331925,0.001296,1,0.004302978515625,0.0,4.0,12.63564682006836,0.012287139892578125,820.3666725158691
2026-07-22T07:38:49.998898+00:00,s010:instance_003:r04:o1:live,1332206,0.001421,1,0.0045013427734375,0.0,4.0,12.63071060180664,0.012287139892578125,820.3659896850586
2026-07-22T07:38:50.943676+00:00,s010:instance_003:r04:o2:no_cut,1332475,0.001574,1,0.004856109619140625,0.0,4.0,12.626914978027344,0.012287139892578125,820.3653144836426
2026-07-22T07:38:51.937200+00:00,s010:instance_003:r05:o1:no_cut,1332773,0.001504,1,0.00452423095703125,0.0,4.0,12.627254486083984,0.012287139892578125,820.3645095825195
2026-07-22T07:38:52.930576+00:00,s010:instance_003:r05:o2:live,1333066,0.001311,1,0.00434112548828125,0.0,4.0,12.628082275390625,0.012287139892578125,820.3637161254883
2026-07-22T07:38:53.878696+00:00,s010:instance_003:r06:o1:live,1333333,0.001403,1,0.00457000732421875,0.0,4.0,12.635005950927734,0.012287139892578125,820.3630332946777
2026-07-22T07:38:54.838997+00:00,s010:instance_003:r06:o2:no_cut,1333617,0.001498,1,0.0045928955078125,0.0,4.0,12.630870819091797,0.012287139892578125,820.3623580932617
2026-07-22T07:38:55.835877+00:00,s010:instance_003:r07:o1:no_cut,1333905,0.001936,1,0.005207061767578125,0.0,4.0,12.624309539794922,0.012287139892578125,820.3615608215332
2026-07-22T07:38:56.832024+00:00,s010:instance_003:r07:o2:live,1334191,0.001383,1,0.004421234130859375,0.0,4.0,12.629920959472656,0.012287139892578125,820.360767364502
2026-07-22T07:38:57.783402+00:00,s010:instance_003:r08:o1:live,1334464,0.001425,1,0.00438690185546875,0.0,4.0,12.623092651367188,0.012287139892578125,820.3600845336914
2026-07-22T07:38:58.678080+00:00,s010:instance_003:r08:o2:no_cut,1334737,0.001733,1,0.00513458251953125,0.0,4.0,12.6287841796875,0.012287139892578125,820.3594055175781
2026-07-22T07:38:59.669351+00:00,s010:instance_003:r09:o1:no_cut,1335021,0.001417,1,0.004467010498046875,0.0,4.0,12.628189086914062,0.012287139892578125,820.3586082458496
2026-07-22T07:39:00.677505+00:00,s010:instance_003:r09:o2:live,1335312,0.001613,1,0.004669189453125,0.0,4.0,12.627819061279297,0.012287139892578125,820.3578147888184
2026-07-22T07:39:01.631132+00:00,s010:instance_003:r10:o1:live,1335587,0.001443,1,0.004547119140625,0.0,4.0,12.616878509521484,0.012287139892578125,820.3571357727051
2026-07-22T07:39:02.572054+00:00,s010:instance_003:r10:o2:no_cut,1335869,0.001495,1,0.0042724609375,0.0,4.0,12.62255859375,0.012287139892578125,820.3564529418945
2026-07-22T07:39:03.567680+00:00,s010:instance_004:r01:o1:live,1336149,0.001426,1,0.004543304443359375,0.0,4.0,12.623050689697266,0.012287139892578125,820.3556518554688
2026-07-22T07:39:04.512450+00:00,s010:instance_004:r01:o2:no_cut,1336425,0.001351,1,0.004390716552734375,0.0,4.0,12.618942260742188,0.012287139892578125,820.3550567626953
2026-07-22T07:39:05.457289+00:00,s010:instance_004:r02:o1:no_cut,1336700,0.001361,1,0.00445556640625,0.0,4.0,12.62331771850586,0.012287139892578125,820.3544654846191
2026-07-22T07:39:06.365217+00:00,s010:instance_004:r02:o2:live,1336966,0.001503,1,0.004405975341796875,0.0,4.0,12.619926452636719,0.012287139892578125,820.353874206543
2026-07-22T07:39:07.314920+00:00,s010:instance_004:r03:o1:live,1337246,0.001353,1,0.00435638427734375,0.0,4.0,12.617450714111328,0.012287139892578125,820.3532752990723
2026-07-22T07:39:08.252299+00:00,s010:instance_004:r03:o2:no_cut,1337523,0.00133,1,0.004352569580078125,0.0,4.0,12.616870880126953,0.012287139892578125,820.3526763916016
2026-07-22T07:39:09.202894+00:00,s010:instance_004:r04:o1:no_cut,1337803,0.001357,1,0.00435638427734375,0.0,4.0,12.618022918701172,0.012287139892578125,820.3520851135254
2026-07-22T07:39:10.141022+00:00,s010:instance_004:r04:o2:live,1338080,0.00142,1,0.004497528076171875,0.0,4.0,12.619537353515625,0.012287139892578125,820.3514938354492
2026-07-22T07:39:11.102770+00:00,s010:instance_004:r05:o1:live,1338359,0.001351,1,0.004299163818359375,0.0,4.0,12.616630554199219,0.012287139892578125,820.3508949279785
2026-07-22T07:39:12.096414+00:00,s010:instance_004:r05:o2:no_cut,1338669,0.001578,1,0.0044708251953125,0.0,4.0,12.622692108154297,0.012287139892578125,820.3502998352051
2026-07-22T07:39:13.040479+00:00,s010:instance_004:r06:o1:no_cut,1338947,0.001513,1,0.004486083984375,0.0,4.0,12.623065948486328,0.012287139892578125,820.3497047424316
2026-07-22T07:39:13.984815+00:00,s010:instance_004:r06:o2:live,1339218,0.001374,1,0.004367828369140625,0.0,4.0,12.620887756347656,0.012287139892578125,820.3491134643555
2026-07-22T07:39:14.925408+00:00,s010:instance_004:r07:o1:live,1339492,0.001536,1,0.0047760009765625,0.0,4.0,12.613967895507812,0.012287139892578125,820.3485145568848
2026-07-22T07:39:15.834859+00:00,s010:instance_004:r07:o2:no_cut,1339756,0.001358,1,0.004302978515625,0.0,4.0,12.617473602294922,0.012287139892578125,820.3479232788086
2026-07-22T07:39:16.776876+00:00,s010:instance_004:r08:o1:no_cut,1340037,0.001438,1,0.0045166015625,0.0,4.0,12.62032699584961,0.012287139892578125,820.3473281860352
2026-07-22T07:39:21.315718+00:00,s010:instance_004:r08:o2:live,1340315,0.00189,1,0.005558013916015625,0.0,4.0,12.621681213378906,0.012287139892578125,820.3467330932617
2026-07-22T07:39:22.265059+00:00,s010:instance_004:r09:o1:live,1340599,0.001399,1,0.004589080810546875,0.0,4.0,12.619266510009766,0.012287139892578125,820.346134185791
2026-07-22T07:39:23.206888+00:00,s010:instance_004:r09:o2:no_cut,1340875,0.001559,1,0.004589080810546875,0.0,4.0,12.620590209960938,0.012287139892578125,820.3455429077148
2026-07-22T07:39:24.149434+00:00,s010:instance_004:r10:o1:no_cut,1341161,0.001379,1,0.0043792724609375,0.0,4.0,12.621768951416016,0.012287139892578125,820.3449478149414
2026-07-22T07:39:25.093565+00:00,s010:instance_004:r10:o2:live,1341439,0.001404,1,0.004535675048828125,0.0,4.0,12.622169494628906,0.012287139892578125,820.3443565368652
2026-07-22T07:39:26.094402+00:00,s010:instance_005:r01:o1:no_cut,1341722,0.001516,1,0.00353240966796875,0.0,4.0,12.625083923339844,0.012287139892578125,820.3437538146973
2026-07-22T07:39:27.596217+00:00,s010:instance_005:r01:o2:live,1342159,0.001467,1,0.004581451416015625,0.0,4.0,12.625099182128906,0.012287139892578125,820.3431625366211
2026-07-22T07:39:29.139533+00:00,s010:instance_005:r02:o1:live,1342588,0.001513,1,0.00457763671875,0.0,4.0,12.621261596679688,0.012287139892578125,820.3425598144531
2026-07-22T07:39:30.639457+00:00,s010:instance_005:r02:o2:no_cut,1343040,0.001593,1,0.004817962646484375,0.0,4.0,12.619384765625,0.012287139892578125,820.3419570922852
2026-07-22T07:39:32.132759+00:00,s010:instance_005:r03:o1:no_cut,1343458,0.001475,1,0.004425048828125,0.0,4.0,12.622779846191406,0.012287139892578125,820.3413619995117
2026-07-22T07:39:33.637047+00:00,s010:instance_005:r03:o2:live,1343932,0.001352,1,0.004573822021484375,0.0,4.0,12.611618041992188,0.012287139892578125,820.3407516479492
2026-07-22T07:39:35.135808+00:00,s010:instance_005:r04:o1:live,1344355,0.001497,1,0.0045318603515625,0.0,4.0,12.620223999023438,0.012287139892578125,820.3401489257812
2026-07-22T07:39:36.633284+00:00,s010:instance_005:r04:o2:no_cut,1344778,0.001561,1,0.004375457763671875,0.0,4.0,12.620677947998047,0.012287139892578125,820.339542388916
2026-07-22T07:39:38.141421+00:00,s010:instance_005:r05:o1:no_cut,1345240,0.001641,1,0.004974365234375,0.0,4.0,12.617557525634766,0.012287139892578125,820.3389472961426
2026-07-22T07:39:39.633484+00:00,s010:instance_005:r05:o2:live,1345684,0.001377,1,0.00452423095703125,0.0,4.0,12.617626190185547,0.012287139892578125,820.3383522033691
2026-07-22T07:39:41.127869+00:00,s010:instance_005:r06:o1:live,1346119,0.001363,1,0.00444793701171875,0.0,4.0,12.622791290283203,0.012287139892578125,820.3377494812012
2026-07-22T07:39:42.616248+00:00,s010:instance_005:r06:o2:no_cut,1346555,0.001437,1,0.004474639892578125,0.0,4.0,12.61306381225586,0.012287139892578125,820.3371505737305
2026-07-22T07:39:44.115788+00:00,s010:instance_005:r07:o1:no_cut,1347003,0.001605,1,0.00431060791015625,0.0,4.0,12.617256164550781,0.012287139892578125,820.336555480957
2026-07-22T07:39:45.658998+00:00,s010:instance_005:r07:o2:live,1347413,0.00136,1,0.004451751708984375,0.0,4.0,12.62014389038086,0.012287139892578125,820.3359603881836
2026-07-22T07:39:47.151842+00:00,s010:instance_005:r08:o1:live,1347865,0.001789,1,0.0055389404296875,0.0,4.0,12.615928649902344,0.012287139892578125,820.3353538513184
2026-07-22T07:39:48.605203+00:00,s010:instance_005:r08:o2:no_cut,1348300,0.001357,1,0.004474639892578125,0.0,4.0,12.617015838623047,0.012287139892578125,820.3347549438477
2026-07-22T07:39:50.098647+00:00,s010:instance_005:r09:o1:no_cut,1348748,0.001441,1,0.004199981689453125,0.0,4.0,12.61587142944336,0.012287139892578125,820.334156036377
2026-07-22T07:39:51.604195+00:00,s010:instance_005:r09:o2:live,1349179,0.001526,1,0.004665374755859375,0.0,4.0,12.621109008789062,0.012287139892578125,820.3335609436035
2026-07-22T07:39:56.729342+00:00,s010:instance_005:r10:o1:live,1349614,0.0015,1,0.004566192626953125,0.0,4.0,12.61767578125,0.012287139892578125,820.3329582214355
2026-07-22T07:39:58.224977+00:00,s010:instance_005:r10:o2:no_cut,1350053,0.001359,1,0.0044097900390625,0.0,4.0,12.622188568115234,0.012287139892578125,820.3323631286621
2026-07-22T07:39:59.679165+00:00,s010:instance_006:r01:o1:live,1350466,0.001429,1,0.004573822021484375,0.0,4.0,12.610218048095703,0.012287139892578125,820.3317604064941
2026-07-22T07:40:00.578239+00:00,s010:instance_006:r01:o2:no_cut,1350733,0.001379,1,0.004405975341796875,0.0,4.0,12.617073059082031,0.012287139892578125,820.3311195373535
2026-07-22T07:40:01.471120+00:00,s010:instance_006:r02:o1:no_cut,1350996,0.00144,1,0.004589080810546875,0.0,4.0,12.611995697021484,0.012287139892578125,820.3304786682129
2026-07-22T07:40:02.367751+00:00,s010:instance_006:r02:o2:live,1351249,0.001482,1,0.00460052490234375,0.0,4.0,12.613056182861328,0.012287139892578125,820.3298454284668
2026-07-22T07:40:03.259792+00:00,s010:instance_006:r03:o1:live,1351516,0.001553,1,0.00458526611328125,0.0,4.0,12.615165710449219,0.012287139892578125,820.3292007446289
2026-07-22T07:40:04.152005+00:00,s010:instance_006:r03:o2:no_cut,1351759,0.001514,1,0.004730224609375,0.0,4.0,12.613094329833984,0.012287139892578125,820.328556060791
2026-07-22T07:40:05.095426+00:00,s010:instance_006:r04:o1:no_cut,1352029,0.001371,1,0.004467010498046875,0.0,4.0,12.619026184082031,0.012287139892578125,820.3279190063477
2026-07-22T07:40:06.041921+00:00,s010:instance_006:r04:o2:live,1352313,0.001438,1,0.004405975341796875,0.0,4.0,12.607666015625,0.012287139892578125,820.327278137207
2026-07-22T07:40:06.950326+00:00,s010:instance_006:r05:o1:live,1352433,0.001465,1,0.004291534423828125,0.0,4.0,12.582176208496094,0.012287139892578125,820.3266334533691
2026-07-22T07:40:07.895454+00:00,s010:instance_006:r05:o2:no_cut,1352660,0.001405,1,0.004398345947265625,0.0,4.0,12.589920043945312,0.012287139892578125,820.3259925842285
2026-07-22T07:40:08.787230+00:00,s010:instance_006:r06:o1:no_cut,1352891,0.001573,1,0.00438690185546875,0.0,4.0,12.594467163085938,0.012287139892578125,820.3253555297852
2026-07-22T07:40:09.737925+00:00,s010:instance_006:r06:o2:live,1353146,0.00224,1,0.005817413330078125,0.0,4.0,12.601703643798828,0.012287139892578125,820.3247184753418
2026-07-22T07:40:10.636058+00:00,s010:instance_006:r07:o1:live,1353399,0.001601,1,0.004627227783203125,0.0,4.0,12.598331451416016,0.012287139892578125,820.3240699768066
2026-07-22T07:40:11.531085+00:00,s010:instance_006:r07:o2:no_cut,1353650,0.001392,1,0.004520416259765625,0.0,4.0,12.586009979248047,0.012287139892578125,820.323429107666
2026-07-22T07:40:12.426557+00:00,s010:instance_006:r08:o1:no_cut,1353763,0.002966,1,0.006580352783203125,0.0,4.0,12.602535247802734,0.012287139892578125,820.3227920532227
2026-07-22T07:40:13.384574+00:00,s010:instance_006:r08:o2:live,1354002,0.001432,1,0.00458526611328125,0.0,4.0,12.592395782470703,0.012287139892578125,820.3221549987793
2026-07-22T07:40:14.331998+00:00,s010:instance_006:r09:o1:live,1354259,0.001494,1,0.004611968994140625,0.0,4.0,12.597221374511719,0.012287139892578125,820.3215065002441
2026-07-22T07:40:15.231883+00:00,s010:instance_006:r09:o2:no_cut,1354508,0.001399,1,0.0045928955078125,0.0,4.0,12.590824127197266,0.012287139892578125,820.3208694458008
2026-07-22T07:40:16.123890+00:00,s010:instance_006:r10:o1:no_cut,1354738,0.001822,1,0.005374908447265625,0.0,4.0,12.592403411865234,0.012287139892578125,820.3202285766602
2026-07-22T07:40:17.019495+00:00,s010:instance_006:r10:o2:live,1355010,0.001386,1,0.00438690185546875,0.0,4.0,12.5882568359375,0.012287139892578125,820.3195838928223
2026-07-22T07:40:17.970584+00:00,s010:instance_007:r01:o1:no_cut,1355263,0.001771,1,0.005016326904296875,0.0,4.0,12.585380554199219,0.012287139892578125,820.3189353942871
2026-07-22T07:40:18.971606+00:00,s010:instance_007:r01:o2:live,1355541,0.001666,1,0.0047607421875,0.0,4.0,12.584098815917969,0.012287139892578125,820.318229675293
2026-07-22T07:40:19.977980+00:00,s010:instance_007:r02:o1:live,1355827,0.001516,1,0.004299163818359375,0.0,4.0,12.589031219482422,0.012287139892578125,820.317512512207
2026-07-22T07:40:20.920759+00:00,s010:instance_007:r02:o2:no_cut,1356080,0.001485,1,0.004611968994140625,0.0,4.0,12.590511322021484,0.012287139892578125,820.3167991638184
2026-07-22T07:40:21.915842+00:00,s010:instance_007:r03:o1:no_cut,1356338,0.001527,1,0.004772186279296875,0.0,4.0,12.588615417480469,0.012287139892578125,820.3160858154297
2026-07-22T07:40:22.914296+00:00,s010:instance_007:r03:o2:live,1356610,0.001341,1,0.00443267822265625,0.0,4.0,12.59271240234375,0.012287139892578125,820.3153800964355
2026-07-22T07:40:23.863232+00:00,s010:instance_007:r04:o1:live,1356861,0.001411,1,0.00458526611328125,0.0,4.0,12.581527709960938,0.012287139892578125,820.3146591186523
2026-07-22T07:40:24.904566+00:00,s010:instance_007:r04:o2:no_cut,1357111,0.001383,1,0.004528045654296875,0.0,4.0,12.5804443359375,0.012287139892578125,820.3139381408691
2026-07-22T07:40:25.898730+00:00,s010:instance_007:r05:o1:no_cut,1357352,0.001579,1,0.004177093505859375,0.0,4.0,12.589752197265625,0.012287139892578125,820.3132209777832
2026-07-22T07:40:26.897515+00:00,s010:instance_007:r05:o2:live,1357589,0.00218,1,0.00440216064453125,0.0,4.0,12.462539672851562,0.012287139892578125,820.3125
2026-07-22T07:40:27.847299+00:00,s010:instance_007:r06:o1:live,1357807,0.001917,1,0.005558013916015625,0.0,4.0,12.33834457397461,0.012287139892578125,820.3117828369141
2026-07-22T07:40:28.841557+00:00,s010:instance_007:r06:o2:no_cut,1358037,0.001533,1,0.00476837158203125,0.0,4.0,12.256237030029297,0.012287139892578125,820.3110656738281
2026-07-22T07:40:33.434756+00:00,s010:instance_007:r07:o1:no_cut,1358279,0.001514,1,0.00461578369140625,0.0,4.0,12.188831329345703,0.012287139892578125,820.3103523254395
2026-07-22T07:40:34.429370+00:00,s010:instance_007:r07:o2:live,1358517,0.001559,1,0.004505157470703125,0.0,4.0,12.189414978027344,0.012287139892578125,820.309642791748
2026-07-22T07:40:35.375231+00:00,s010:instance_007:r08:o1:live,1358758,0.001417,1,0.004528045654296875,0.0,4.0,12.185787200927734,0.012287139892578125,820.3089256286621
2026-07-22T07:40:36.318767+00:00,s010:instance_007:r08:o2:no_cut,1358995,0.001405,1,0.004482269287109375,0.0,4.0,12.1839599609375,0.012287139892578125,820.3082122802734
2026-07-22T07:40:37.313137+00:00,s010:instance_007:r09:o1:no_cut,1359242,0.001362,1,0.004451751708984375,0.0,4.0,12.249095916748047,0.012287139892578125,820.3074989318848
2026-07-22T07:40:38.314828+00:00,s010:instance_007:r09:o2:live,1359519,0.001756,1,0.005283355712890625,0.0,4.0,12.238994598388672,0.012287139892578125,820.3067893981934
2026-07-22T07:40:39.310722+00:00,s010:instance_007:r10:o1:live,1359836,0.001749,1,0.005374908447265625,0.0,4.0,12.242225646972656,0.012287139892578125,820.3060607910156
2026-07-22T07:40:40.305661+00:00,s010:instance_007:r10:o2:no_cut,1360119,0.001546,1,0.0046234130859375,0.0,4.0,12.24630355834961,0.012287139892578125,820.305347442627
2026-07-22T07:40:41.306264+00:00,s010:instance_008:r01:o1:live,1360404,0.001551,1,0.00492095947265625,0.0,4.0,12.239334106445312,0.012287139892578125,820.3046340942383
2026-07-22T07:40:42.348089+00:00,s010:instance_008:r01:o2:no_cut,1360697,0.001696,1,0.004772186279296875,0.0,4.0,12.24481201171875,0.012287139892578125,820.303955078125
2026-07-22T07:40:43.392148+00:00,s010:instance_008:r02:o1:no_cut,1360991,0.00168,1,0.005214691162109375,0.0,4.0,12.244392395019531,0.012287139892578125,820.3032760620117
2026-07-22T07:40:44.435415+00:00,s010:instance_008:r02:o2:live,1361276,0.001466,1,0.004489898681640625,0.0,4.0,12.241260528564453,0.012287139892578125,820.302604675293
2026-07-22T07:40:45.480159+00:00,s010:instance_008:r03:o1:live,1361568,0.001685,1,0.004852294921875,0.0,4.0,12.246192932128906,0.012287139892578125,820.3019180297852
2026-07-22T07:40:46.537997+00:00,s010:instance_008:r03:o2:no_cut,1361864,0.002075,1,0.00563812255859375,0.0,4.0,12.31814956665039,0.012287139892578125,820.3012390136719
2026-07-22T07:40:47.629938+00:00,s010:instance_008:r04:o1:no_cut,1362145,0.001533,1,0.00444793701171875,0.0,4.0,12.316162109375,0.012287139892578125,820.3005561828613
2026-07-22T07:40:48.723165+00:00,s010:instance_008:r04:o2:live,1362417,0.001596,1,0.004543304443359375,0.0,4.0,12.324676513671875,0.012287139892578125,820.2998847961426
2026-07-22T07:40:49.775409+00:00,s010:instance_008:r05:o1:live,1362704,0.001436,1,0.004608154296875,0.0,4.0,12.525276184082031,0.012287139892578125,820.299201965332
2026-07-22T07:40:50.828717+00:00,s010:instance_008:r05:o2:no_cut,1362981,0.001756,1,0.00527191162109375,0.0,4.0,12.560813903808594,0.012287139892578125,820.2985229492188
2026-07-22T07:40:51.921703+00:00,s010:instance_008:r06:o1:no_cut,1363272,0.001458,1,0.0045166015625,0.0,4.0,12.54373550415039,0.012287139892578125,820.2978439331055
2026-07-22T07:40:52.976700+00:00,s010:instance_008:r06:o2:live,1363555,0.001549,1,0.00452423095703125,0.0,4.0,12.565471649169922,0.012287139892578125,820.2971725463867
2026-07-22T07:40:54.073569+00:00,s010:instance_008:r07:o1:live,1363847,0.00143,1,0.00464630126953125,0.0,4.0,12.5274658203125,0.012287139892578125,820.2964897155762
2026-07-22T07:40:55.114202+00:00,s010:instance_008:r07:o2:no_cut,1364117,0.001482,1,0.00437164306640625,0.0,4.0,12.547199249267578,0.012287139892578125,820.2958106994629
2026-07-22T07:40:56.156561+00:00,s010:instance_008:r08:o1:no_cut,1364418,0.001779,1,0.0052032470703125,0.0,4.0,12.473541259765625,0.012287139892578125,820.2951316833496
2026-07-22T07:40:57.203272+00:00,s010:instance_008:r08:o2:live,1364695,0.001661,1,0.00472259521484375,0.0,4.0,12.405200958251953,0.012287139892578125,820.2944526672363
2026-07-22T07:40:58.249633+00:00,s010:instance_008:r09:o1:live,1364999,0.001533,1,0.004608154296875,0.0,4.0,12.353477478027344,0.012287139892578125,820.2937660217285
2026-07-22T07:40:59.298880+00:00,s010:instance_008:r09:o2:no_cut,1365283,0.001607,1,0.004543304443359375,0.0,4.0,12.313186645507812,0.012287139892578125,820.2930870056152
2026-07-22T07:41:00.346505+00:00,s010:instance_008:r10:o1:no_cut,1365573,0.001906,1,0.00531768798828125,0.0,4.0,12.316173553466797,0.012287139892578125,820.2924118041992
2026-07-22T07:41:01.392451+00:00,s010:instance_008:r10:o2:live,1365857,0.001448,1,0.004634857177734375,0.0,4.0,12.314067840576172,0.012287139892578125,820.2917366027832
2026-07-22T07:41:02.448682+00:00,s010:instance_009:r01:o1:no_cut,1366144,0.002514,1,0.00624847412109375,0.0,4.0,12.27996826171875,0.012287139892578125,820.2910499572754
2026-07-22T07:41:03.545542+00:00,s010:instance_009:r01:o2:live,1366412,0.001384,1,0.004486083984375,0.0,4.0,12.312873840332031,0.012287139892578125,820.2904052734375
2026-07-22T07:41:04.642607+00:00,s010:instance_009:r02:o1:live,1366685,0.001497,1,0.00455474853515625,0.0,4.0,12.337684631347656,0.012287139892578125,820.2897567749023
2026-07-22T07:41:09.318352+00:00,s010:instance_009:r02:o2:no_cut,1366944,0.001621,1,0.00463104248046875,0.0,4.0,12.274459838867188,0.012287139892578125,820.2891082763672
2026-07-22T07:41:10.363640+00:00,s010:instance_009:r03:o1:no_cut,1367221,0.001381,1,0.004512786865234375,0.0,4.0,12.276737213134766,0.012287139892578125,820.288459777832
2026-07-22T07:41:11.456091+00:00,s010:instance_009:r03:o2:live,1367493,0.001408,1,0.0043792724609375,0.0,4.0,12.271541595458984,0.012287139892578125,820.2878150939941
2026-07-22T07:41:12.504398+00:00,s010:instance_009:r04:o1:live,1367768,0.001679,1,0.004772186279296875,0.0,4.0,12.369255065917969,0.012287139892578125,820.2871627807617
2026-07-22T07:41:13.549620+00:00,s010:instance_009:r04:o2:no_cut,1368046,0.001396,1,0.0044097900390625,0.0,4.0,12.354751586914062,0.012287139892578125,820.2865142822266
2026-07-22T07:41:14.597917+00:00,s010:instance_009:r05:o1:no_cut,1368309,0.002066,1,0.00566864013671875,0.0,4.0,12.447017669677734,0.012287139892578125,820.2858657836914
2026-07-22T07:41:15.696091+00:00,s010:instance_009:r05:o2:live,1368598,0.001407,1,0.004489898681640625,0.0,4.0,12.578079223632812,0.012287139892578125,820.2852210998535
2026-07-22T07:41:16.745415+00:00,s010:instance_009:r06:o1:live,1368889,0.001644,1,0.004291534423828125,0.0,4.0,12.484912872314453,0.012287139892578125,820.2845687866211
2026-07-22T07:41:17.843515+00:00,s010:instance_009:r06:o2:no_cut,1369178,0.001423,1,0.0046539306640625,0.0,4.0,12.500656127929688,0.012287139892578125,820.2839202880859
2026-07-22T07:41:18.902481+00:00,s010:instance_009:r07:o1:no_cut,1369460,0.002247,1,0.006160736083984375,0.0,4.0,12.233428955078125,0.012287139892578125,820.2832717895508
2026-07-22T07:41:19.952391+00:00,s010:instance_009:r07:o2:live,1369766,0.001513,1,0.004547119140625,0.0,4.0,12.246795654296875,0.012287139892578125,820.2826232910156
2026-07-22T07:41:20.997663+00:00,s010:instance_009:r08:o1:live,1370069,0.001422,1,0.004528045654296875,0.0,4.0,12.237899780273438,0.012287139892578125,820.2819709777832
2026-07-22T07:41:22.040848+00:00,s010:instance_009:r08:o2:no_cut,1370371,0.001375,1,0.00458526611328125,0.0,4.0,12.239276885986328,0.012287139892578125,820.281322479248
2026-07-22T07:41:23.097347+00:00,s010:instance_009:r09:o1:no_cut,1370652,0.001573,1,0.004634857177734375,0.0,4.0,12.242855072021484,0.012287139892578125,820.2806701660156
2026-07-22T07:41:24.155013+00:00,s010:instance_009:r09:o2:live,1370950,0.001604,1,0.0046234130859375,0.0,4.0,12.242256164550781,0.012287139892578125,820.280029296875
2026-07-22T07:41:25.197147+00:00,s010:instance_009:r10:o1:live,1371246,0.001439,1,0.004550933837890625,0.0,4.0,12.240276336669922,0.012287139892578125,820.2793769836426
2026-07-22T07:41:26.297158+00:00,s010:instance_009:r10:o2:no_cut,1371543,0.001685,1,0.004825592041015625,0.0,4.0,12.238780975341797,0.012287139892578125,820.2787284851074
2026-07-22T07:41:27.342312+00:00,s010:instance_010:r01:o1:live,1371847,0.001475,1,0.0045318603515625,0.0,4.0,12.241645812988281,0.012287139892578125,820.278076171875
2026-07-22T07:41:28.692608+00:00,s010:instance_010:r01:o2:no_cut,1372205,0.001529,1,0.004627227783203125,0.0,4.0,12.236217498779297,0.012287139892578125,820.2773399353027
2026-07-22T07:41:30.038624+00:00,s010:instance_010:r02:o1:no_cut,1372406,0.001404,1,0.004364013671875,0.0,4.0,12.198833465576172,0.012287139892578125,820.2766036987305
2026-07-22T07:41:31.383588+00:00,s010:instance_010:r02:o2:live,1372462,0.001614,1,0.00438690185546875,0.0,4.0,12.021949768066406,0.012287139892578125,820.2758674621582
2026-07-22T07:41:32.888128+00:00,s010:instance_010:r03:o1:live,1373135,0.001941,1,0.00484466552734375,0.0,4.0,12.038959503173828,0.012287139892578125,820.2751121520996
2026-07-22T07:41:34.295886+00:00,s010:instance_010:r03:o2:no_cut,1373445,0.001441,1,0.0043792724609375,0.0,4.0,12.058528900146484,0.012287139892578125,820.2743721008301
2026-07-22T07:41:35.653877+00:00,s010:instance_010:r04:o1:no_cut,1373755,0.001573,1,0.0045928955078125,0.0,4.0,12.176586151123047,0.012287139892578125,820.2732543945312
2026-07-22T07:41:36.999137+00:00,s010:instance_010:r04:o2:live,1374075,0.001477,1,0.004497528076171875,0.0,4.0,12.27542495727539,0.012287139892578125,820.2725219726562
2026-07-22T07:41:38.349720+00:00,s010:instance_010:r05:o1:live,1374376,0.001739,1,0.0045318603515625,0.0,4.0,12.287372589111328,0.012287139892578125,820.271785736084
2026-07-22T07:41:39.692113+00:00,s010:instance_010:r05:o2:no_cut,1374695,0.001429,1,0.0042724609375,0.0,4.0,12.273017883300781,0.012287139892578125,820.2710494995117
2026-07-22T07:41:44.636491+00:00,s010:instance_010:r06:o1:no_cut,1375007,0.001518,1,0.004100799560546875,0.0,4.0,12.255451202392578,0.012287139892578125,820.2703132629395
2026-07-22T07:41:45.984161+00:00,s010:instance_010:r06:o2:live,1375320,0.001945,1,0.005283355712890625,0.0,4.0,12.19607925415039,0.012287139892578125,820.2695732116699
2026-07-22T07:41:47.327741+00:00,s010:instance_010:r07:o1:live,1375631,0.001413,1,0.004405975341796875,0.0,4.0,12.07387924194336,0.012287139892578125,820.2688331604004
2026-07-22T07:41:48.672943+00:00,s010:instance_010:r07:o2:no_cut,1375950,0.001473,1,0.00428009033203125,0.0,4.0,12.036445617675781,0.012287139892578125,820.2680969238281
2026-07-22T07:41:49.968753+00:00,s010:instance_010:r08:o1:no_cut,1376265,0.001478,1,0.004375457763671875,0.0,4.0,12.037246704101562,0.012287139892578125,820.2673606872559
2026-07-22T07:41:51.371366+00:00,s010:instance_010:r08:o2:live,1376607,0.001917,1,0.0048065185546875,0.0,4.0,12.014636993408203,0.012287139892578125,820.2666091918945
2026-07-22T07:41:52.769111+00:00,s010:instance_010:r09:o1:live,1376966,0.001924,1,0.00403594970703125,0.0,4.0,11.920543670654297,0.012287139892578125,820.2658538818359
2026-07-22T07:41:54.165375+00:00,s010:instance_010:r09:o2:no_cut,1377289,0.001505,1,0.00432586669921875,0.0,4.0,11.944671630859375,0.012287139892578125,820.2651176452637
2026-07-22T07:41:55.516823+00:00,s010:instance_010:r10:o1:no_cut,1377573,0.001498,1,0.004467010498046875,0.0,4.0,11.896404266357422,0.012287139892578125,820.2643737792969
2026-07-22T07:41:56.869345+00:00,s010:instance_010:r10:o2:live,1377795,0.001444,1,0.00449371337890625,0.0,4.0,11.846317291259766,0.012287139892578125,820.2636451721191
2026-07-22T07:41:58.216836+00:00,s010:instance_011:r01:o1:no_cut,1378098,0.001489,1,0.00428009033203125,0.0,4.0,11.972904205322266,0.012287139892578125,820.2629013061523
2026-07-22T07:41:59.624639+00:00,s010:instance_011:r01:o2:live,1378412,0.00138,1,0.004375457763671875,0.0,4.0,11.96103286743164,0.012287139892578125,820.2622451782227
2026-07-22T07:42:01.072247+00:00,s010:instance_011:r02:o1:live,1378741,0.001419,1,0.00464630126953125,0.0,4.0,12.149703979492188,0.012287139892578125,820.2615852355957
2026-07-22T07:42:02.532504+00:00,s010:instance_011:r02:o2:no_cut,1379088,0.002074,1,0.005771636962890625,0.0,4.0,12.145465850830078,0.012287139892578125,820.2609176635742
2026-07-22T07:42:03.980125+00:00,s010:instance_011:r03:o1:no_cut,1379430,0.001393,1,0.004505157470703125,0.0,4.0,12.138908386230469,0.012287139892578125,820.26025390625
2026-07-22T07:42:05.430482+00:00,s010:instance_011:r03:o2:live,1379779,0.001991,1,0.005512237548828125,0.0,4.0,12.13515853881836,0.012287139892578125,820.2595977783203
2026-07-22T07:42:06.874702+00:00,s010:instance_011:r04:o1:live,1380138,0.001371,1,0.00439453125,0.0,4.0,12.134071350097656,0.012287139892578125,820.2589302062988
2026-07-22T07:42:08.328478+00:00,s010:instance_011:r04:o2:no_cut,1380503,0.001404,1,0.00460052490234375,0.0,4.0,12.125648498535156,0.012287139892578125,820.2582702636719
2026-07-22T07:42:09.732866+00:00,s010:instance_011:r05:o1:no_cut,1380921,0.001489,1,0.0043792724609375,0.0,4.0,12.113861083984375,0.012287139892578125,820.2575874328613
2026-07-22T07:42:11.130838+00:00,s010:instance_011:r05:o2:live,1381320,0.001456,1,0.00450897216796875,0.0,4.0,12.108993530273438,0.012287139892578125,820.2569313049316
2026-07-22T07:42:12.528237+00:00,s010:instance_011:r06:o1:live,1381680,0.001334,1,0.004306793212890625,0.0,4.0,12.10953140258789,0.012287139892578125,820.2562713623047
2026-07-22T07:42:13.929455+00:00,s010:instance_011:r06:o2:no_cut,1382030,0.001488,1,0.0045928955078125,0.0,4.0,12.103473663330078,0.012287139892578125,820.2556114196777
2026-07-22T07:42:15.330494+00:00,s010:instance_011:r07:o1:no_cut,1382400,0.001509,1,0.004711151123046875,0.0,4.0,12.164375305175781,0.012287139892578125,820.2549514770508
2026-07-22T07:42:16.728979+00:00,s010:instance_011:r07:o2:live,1382785,0.001378,1,0.004489898681640625,0.0,4.0,12.168678283691406,0.012287139892578125,820.2542953491211
2026-07-22T07:42:21.676678+00:00,s010:instance_011:r08:o1:live,1383160,0.001476,1,0.00460052490234375,0.0,4.0,12.166759490966797,0.012287139892578125,820.2536354064941
2026-07-22T07:42:23.070989+00:00,s010:instance_011:r08:o2:no_cut,1383543,0.001815,1,0.005275726318359375,0.0,4.0,12.16982650756836,0.012287139892578125,820.2529754638672
2026-07-22T07:42:24.516871+00:00,s010:instance_011:r09:o1:no_cut,1383924,0.001404,1,0.004398345947265625,0.0,4.0,12.173336029052734,0.012287139892578125,820.2523078918457
2026-07-22T07:42:25.916941+00:00,s010:instance_011:r09:o2:live,1384293,0.001493,1,0.004638671875,0.0,4.0,12.16583251953125,0.012287139892578125,820.2516479492188
2026-07-22T07:42:27.322553+00:00,s010:instance_011:r10:o1:live,1384684,0.00175,1,0.004978179931640625,0.0,4.0,12.166748046875,0.012287139892578125,820.2509841918945
2026-07-22T07:42:28.776062+00:00,s010:instance_011:r10:o2:no_cut,1385111,0.001722,1,0.004734039306640625,0.0,4.0,12.151432037353516,0.012287139892578125,820.2503242492676
2026-07-22T07:42:30.186185+00:00,s010:instance_012:r01:o1:live,1385517,0.002273,1,0.006183624267578125,0.0,4.0,12.173603057861328,0.012287139892578125,820.2496185302734
2026-07-22T07:42:31.184638+00:00,s010:instance_012:r01:o2:no_cut,1385757,0.00152,1,0.004608154296875,0.0,4.0,12.175376892089844,0.012287139892578125,820.2489814758301
2026-07-22T07:42:32.180176+00:00,s010:instance_012:r02:o1:no_cut,1386020,0.002223,1,0.0042572021484375,0.0,4.0,12.176891326904297,0.012287139892578125,820.2483406066895
2026-07-22T07:42:33.175345+00:00,s010:instance_012:r02:o2:live,1386262,0.001437,1,0.00444793701171875,0.0,4.0,12.174335479736328,0.012287139892578125,820.2477035522461
2026-07-22T07:42:34.169293+00:00,s010:instance_012:r03:o1:live,1386520,0.001401,1,0.00455474853515625,0.0,4.0,12.170757293701172,0.012287139892578125,820.2470588684082
2026-07-22T07:42:35.161858+00:00,s010:instance_012:r03:o2:no_cut,1386768,0.001621,1,0.004772186279296875,0.0,4.0,12.167896270751953,0.012287139892578125,820.2464218139648
2026-07-22T07:42:36.160907+00:00,s010:instance_012:r04:o1:no_cut,1387026,0.001446,1,0.004413604736328125,0.0,4.0,12.177448272705078,0.012287139892578125,820.2457809448242
2026-07-22T07:42:37.158762+00:00,s010:instance_012:r04:o2:live,1387283,0.001692,1,0.00469207763671875,0.0,4.0,12.175434112548828,0.012287139892578125,820.2451400756836
2026-07-22T07:42:38.107858+00:00,s010:instance_012:r05:o1:live,1387536,0.001429,1,0.004505157470703125,0.0,4.0,12.17293930053711,0.012287139892578125,820.2444953918457
2026-07-22T07:42:39.105900+00:00,s010:instance_012:r05:o2:no_cut,1387790,0.001602,1,0.0047149658203125,0.0,4.0,12.171749114990234,0.012287139892578125,820.2438545227051
2026-07-22T07:42:40.104776+00:00,s010:instance_012:r06:o1:no_cut,1388041,0.001357,1,0.00438690185546875,0.0,4.0,12.172134399414062,0.012287139892578125,820.2432136535645
2026-07-22T07:42:41.097056+00:00,s010:instance_012:r06:o2:live,1388307,0.001357,1,0.004413604736328125,0.0,4.0,12.175518035888672,0.012287139892578125,820.2425765991211
2026-07-22T07:42:42.090718+00:00,s010:instance_012:r07:o1:live,1388576,0.001511,1,0.004627227783203125,0.0,4.0,12.168441772460938,0.012287139892578125,820.2419357299805
2026-07-22T07:42:43.085713+00:00,s010:instance_012:r07:o2:no_cut,1388847,0.001994,1,0.005390167236328125,0.0,4.0,12.166908264160156,0.012287139892578125,820.2412910461426
2026-07-22T07:42:44.043771+00:00,s010:instance_012:r08:o1:no_cut,1389095,0.002564,1,0.0064544677734375,0.0,4.0,12.162418365478516,0.012287139892578125,820.240650177002
2026-07-22T07:42:45.044904+00:00,s010:instance_012:r08:o2:live,1389360,0.001364,1,0.00457000732421875,0.0,4.0,12.168270111083984,0.012287139892578125,820.2400131225586
2026-07-22T07:42:46.089092+00:00,s010:instance_012:r09:o1:live,1389615,0.001408,1,0.004459381103515625,0.0,4.0,12.167720794677734,0.012287139892578125,820.239372253418
2026-07-22T07:42:47.084088+00:00,s010:instance_012:r09:o2:no_cut,1389874,0.00139,1,0.004505157470703125,0.0,4.0,12.164817810058594,0.012287139892578125,820.2387275695801
2026-07-22T07:42:48.081050+00:00,s010:instance_012:r10:o1:no_cut,1390120,0.001533,1,0.00463104248046875,0.0,4.0,12.16939926147461,0.012287139892578125,820.2380790710449
2026-07-22T07:42:49.078777+00:00,s010:instance_012:r10:o2:live,1390380,0.001609,1,0.004535675048828125,0.0,4.0,12.172821044921875,0.012287139892578125,820.2374382019043
2026-07-22T07:42:50.030481+00:00,s010:instance_013:r01:o1:no_cut,1390690,0.00333,1,0.006256103515625,0.0,4.0,12.238456726074219,0.012287139892578125,820.236701965332
2026-07-22T07:42:51.337243+00:00,s010:instance_013:r01:o2:live,1391025,0.001346,1,0.004360198974609375,0.0,4.0,12.237098693847656,0.012287139892578125,820.236026763916
2026-07-22T07:42:52.650057+00:00,s010:instance_013:r02:o1:live,1391357,0.001444,1,0.004512786865234375,0.0,4.0,12.239936828613281,0.012287139892578125,820.2353401184082
2026-07-22T07:42:57.569349+00:00,s010:instance_013:r02:o2:no_cut,1391742,0.002028,1,0.006038665771484375,0.0,4.0,12.243892669677734,0.012287139892578125,820.2312889099121
2026-07-22T07:42:58.868598+00:00,s010:instance_013:r03:o1:no_cut,1393779,0.001594,1,0.004848480224609375,0.0,4.0,12.243358612060547,0.012287139892578125,820.2306060791016
2026-07-22T07:43:00.172432+00:00,s010:instance_013:r03:o2:live,1395868,0.001429,1,0.004680633544921875,0.0,4.0,12.243942260742188,0.012287139892578125,820.2299308776855
2026-07-22T07:43:01.492178+00:00,s010:instance_013:r04:o1:live,1397897,0.001543,1,0.004730224609375,0.0,4.0,12.231258392333984,0.012287139892578125,820.229248046875
2026-07-22T07:43:02.788198+00:00,s010:instance_013:r04:o2:no_cut,1399906,0.001588,1,0.004772186279296875,0.0,4.0,12.23788833618164,0.012287139892578125,820.2285690307617
2026-07-22T07:43:04.137705+00:00,s010:instance_013:r05:o1:no_cut,1401939,0.002958,1,0.006633758544921875,0.0,4.0,12.24652099609375,0.012287139892578125,820.2278900146484
2026-07-22T07:43:05.489479+00:00,s010:instance_013:r05:o2:live,1403888,0.001456,1,0.004497528076171875,0.0,4.0,12.245941162109375,0.012287139892578125,820.2272148132324
2026-07-22T07:43:06.792037+00:00,s010:instance_013:r06:o1:live,1405917,0.001609,1,0.0044097900390625,0.0,4.0,12.236503601074219,0.012287139892578125,820.2265319824219
2026-07-22T07:43:08.086889+00:00,s010:instance_013:r06:o2:no_cut,1407906,0.001438,1,0.00460052490234375,0.0,4.0,12.23269271850586,0.012287139892578125,820.2258567810059
2026-07-22T07:43:09.432944+00:00,s010:instance_013:r07:o1:no_cut,1410037,0.00357,1,0.007080078125,0.0,4.0,12.238399505615234,0.012287139892578125,820.2251663208008
2026-07-22T07:43:10.727000+00:00,s010:instance_013:r07:o2:live,1412101,0.001421,1,0.00453948974609375,0.0,4.0,12.246540069580078,0.012287139892578125,820.2244911193848
2026-07-22T07:43:12.029781+00:00,s010:instance_013:r08:o1:live,1413997,0.001494,1,0.004528045654296875,0.0,4.0,12.24627685546875,0.012287139892578125,820.2204399108887
2026-07-22T07:43:13.277668+00:00,s010:instance_013:r08:o2:no_cut,1414323,0.001441,1,0.0045928955078125,0.0,4.0,12.247146606445312,0.012287139892578125,820.2197608947754
2026-07-22T07:43:14.572729+00:00,s010:instance_013:r09:o1:no_cut,1414673,0.001492,1,0.0046234130859375,0.0,4.0,12.239212036132812,0.012287139892578125,820.2190818786621
2026-07-22T07:43:15.868284+00:00,s010:instance_013:r09:o2:live,1415014,0.00149,1,0.004497528076171875,0.0,4.0,12.247943878173828,0.012287139892578125,820.2184028625488
2026-07-22T07:43:17.114275+00:00,s010:instance_013:r10:o1:live,1415341,0.001452,1,0.004535675048828125,0.0,4.0,12.247562408447266,0.012287139892578125,820.2177200317383
2026-07-22T07:43:18.409236+00:00,s010:instance_013:r10:o2:no_cut,1415690,0.001449,1,0.004314422607421875,0.0,4.0,12.24600601196289,0.012287139892578125,820.217041015625
2026-07-22T07:43:19.704596+00:00,s010:instance_014:r01:o1:live,1416030,0.001419,1,0.00443267822265625,0.0,4.0,12.240955352783203,0.012287139892578125,820.2163581848145
2026-07-22T07:43:20.755765+00:00,s010:instance_014:r01:o2:no_cut,1416281,0.001561,1,0.004169464111328125,0.0,4.0,12.242828369140625,0.012287139892578125,820.2157173156738
2026-07-22T07:43:21.863554+00:00,s010:instance_014:r02:o1:no_cut,1416573,0.001439,1,0.004467010498046875,0.0,4.0,12.241512298583984,0.012287139892578125,820.2150001525879
2026-07-22T07:43:22.967559+00:00,s010:instance_014:r02:o2:live,1416837,0.00136,1,0.0044097900390625,0.0,4.0,12.24444580078125,0.012287139892578125,820.2142868041992
2026-07-22T07:43:24.167944+00:00,s010:instance_014:r03:o1:live,1417108,0.001414,1,0.004428863525390625,0.0,4.0,12.069713592529297,0.012287139892578125,820.2136459350586
2026-07-22T07:43:25.217601+00:00,s010:instance_014:r03:o2:no_cut,1417350,0.001486,1,0.00457763671875,0.0,4.0,12.07440185546875,0.012287139892578125,820.2130126953125
2026-07-22T07:43:26.373818+00:00,s010:instance_014:r04:o1:no_cut,1417600,0.001633,1,0.004596710205078125,0.0,4.0,12.072074890136719,0.012287139892578125,820.2122955322266
2026-07-22T07:43:27.473449+00:00,s010:instance_014:r04:o2:live,1417861,0.001785,1,0.004993438720703125,0.0,4.0,12.071823120117188,0.012287139892578125,820.2115745544434
2026-07-22T07:43:28.574337+00:00,s010:instance_014:r05:o1:live,1418105,0.00161,1,0.004383087158203125,0.0,4.0,12.080207824707031,0.012287139892578125,820.2109336853027
2026-07-22T07:43:33.283613+00:00,s010:instance_014:r05:o2:no_cut,1418349,0.001607,1,0.00458526611328125,0.0,4.0,12.07571792602539,0.012287139892578125,820.2103004455566
2026-07-22T07:43:34.384055+00:00,s010:instance_014:r06:o1:no_cut,1418606,0.001417,1,0.004413604736328125,0.0,4.0,12.069835662841797,0.012287139892578125,820.2095832824707
2026-07-22T07:43:35.481949+00:00,s010:instance_014:r06:o2:live,1418871,0.001534,1,0.003566741943359375,0.0,4.0,12.075260162353516,0.012287139892578125,820.1860580444336
2026-07-22T07:43:36.528492+00:00,s010:instance_014:r07:o1:live,1419131,0.001638,1,0.004779815673828125,0.0,4.0,12.080146789550781,0.012287139892578125,820.1515731811523
