matrix_group,scale,instance_id,mode,baseline_name,candidate_name,seed_builder,initial_column_count,full_universe_column_count,full_universe_preloaded,algorithm_status,certificate_scope,pricing_state,uses_true_dual_bpc_certificate,official_lower_bound_source,official_lower_bound_scope,B0_direct_objective,objective_schema_version,objective_mode,objective_reference_cost,objective_reference_risk,objective_reference_completion,objective_reference_makespan_metric,objective_makespan_enters_pricing_objective,solution_raw_operating_cost,solution_raw_risk,solution_raw_weighted_completion_time,solution_raw_makespan,solution_raw_objective_unscaled_weighted_sum,solution_normalized_operating_cost,solution_normalized_risk,solution_normalized_weighted_completion_time,solution_normalized_makespan_metric,solution_normalized_objective,solution_official_objective,solution_makespan_enters_pricing_objective,root_lp_bound,root_lp_bound_official,root_bound_le_B0_objective,pricing_round_count,final_judge_call_count,candidate_negative_count,addable_negative_count,duplicate_in_current_master_count,in_pool_not_master_count,forbidden_signature_count,branch_filtered_count,cut_filtered_count,selected_count,selected_would_enter_master_count,selected_all_would_enter_master,added_to_master_count,added_column_count,duplicate_only_count,duplicate_only_audit_status,hidden_negative_count,replacement_only_round_count,manual_rc_audit_pass,pricing_rc_audit_pass,proof_debt_unreleased_count,product_exact_solution_scope,product_exact_solution_count,product_exact_objective,direct_dp_fallback_used,direct_dp_fallback_count,rmp_wall_time,worker_status,diagnostic_dual_source,diagnostic_rmp_iteration_id,diagnostic_dual_fingerprint,worker_wall_time,final_judge_wall_time,time_to_first_negative,time_to_first_addable_negative,labels_generated,labels_generated_before_first_negative,labels_generated_total,labels_extended,sortie_templates,journey_labels,candidate_sequences,path_option_assignments,resource_prune_count,time_window_prune_count,dominance_prune_count,bound_prune_count,bound_check_time,dominance_time,cache_hit_count,cache_miss_count,max_queue_size,peak_label_count,worker_call_count,worker_found_negative_count,worker_found_addable_negative_count,worker_no_column_uncertified_count,worker_incomplete_count,final_judge_saved_by_worker_count,exit_reason,exact_first_step_bound_pruning_enabled,exact_first_step_bound_evaluated_count,would_prune_count_if_enabled,completion_bound_pruning_enabled,proof_tail_kernel_profile_enabled,wall_time,fail_closed_reason,attempted_exception_type,attempted_max_direct_tasks,rmp_memory_precheck_failed,rmp_memory_precheck_stage,rmp_memory_precheck_reason,rmp_memory_precheck_estimated_column_count,rmp_memory_precheck_estimated_tableau_cells,rmp_memory_precheck_cell_limit,certificate_scope_regression,objective_mismatch,improvement_reason
5-scale full normalized objective,5,lunar_ice_sp50_005_001_seed679001,B0_pure_direct_dp,fixed_graph_direct_dp_oracle,B0_pure_direct_dp,,0,,False,DIRECT_DP_BASELINE_OPTIMAL,DIRECT_DP_FIXED_GRAPH_OPTIMAL,,False,,,2.191915,lunar_ice_bpc.normalized_additive_objective.v1,normalized_operating_cost_risk_weighted_completion,1170.940804,35.987911342,1169.206943333,960.0,False,1070.328061,30.51144,1256.941483,683.026858,1603.616094,0.914075295,0.847824696,1.075037649,0.71148631,2.191915,2.191915,False,,False,,0,0,0,0,0,0,0,0,0,0,0,True,0,0,0,,0,0,,,0,,0,,False,0,,,,,,,,,,0,,0,0,0,0,0,0,0,0,0,0,,,0,0,0,0,0,0,0,0,0,0,,False,0,0,False,False,0.005444,,,,False,,,,,,False,False,
5-scale full normalized objective,5,lunar_ice_sp50_005_001_seed679001,B1A_full_universe_root_audit,accepted_B1,B1A_full_universe_root_audit,,31,31,True,BPC_GAP_AVAILABLE,BPC_NODE_LP_CERTIFIED,CERTIFIED_NO_NEGATIVE,True,b1_root_true_dual_pricing_closure,BPC_NODE_LP_CERTIFIED,2.191915,lunar_ice_bpc.normalized_additive_objective.v1,normalized_operating_cost_risk_weighted_completion,1170.940804,35.987911342,1169.206943333,960.0,False,1070.328061,30.51144,1256.941483,683.026858,1603.616094,0.914075295,0.847824696,1.075037649,0.71148631,2.191915,2.191915,False,2.191915,True,True,1,1,0,0,0,0,0,0,0,0,0,True,0,0,0,,0,0,True,True,0,,0,,False,0,,,,,,,,,,0,,0,0,0,0,0,0,0,0,0,0,,,0,0,0,0,0,0,0,0,0,0,,False,0,0,False,False,0.006723,,,,False,,,,,,False,False,
5-scale full normalized objective,5,lunar_ice_sp50_005_001_seed679001,B1B_seeded_root_CG,accepted_B1,B1B_seeded_root_CG,,6,31,False,BPC_GAP_AVAILABLE,BPC_NODE_LP_CERTIFIED,CERTIFIED_NO_NEGATIVE,True,b1_root_true_dual_pricing_closure,BPC_NODE_LP_CERTIFIED,2.191915,lunar_ice_bpc.normalized_additive_objective.v1,normalized_operating_cost_risk_weighted_completion,1170.940804,35.987911342,1169.206943333,960.0,False,1070.328061,30.51144,1256.941483,683.026858,1603.616094,0.914075295,0.847824696,1.075037649,0.71148631,2.191915,2.191915,False,2.191915,True,True,3,3,0,0,0,0,0,0,0,0,0,True,19,19,0,,0,0,True,True,0,,0,,False,0,,,,,,,,,,0,,0,0,0,0,0,0,0,0,0,0,,,0,0,0,0,0,0,0,0,0,0,,False,0,0,False,False,0.007001,,,,False,,,,,,False,False,
5-scale full normalized objective,5,lunar_ice_sp50_005_001_seed679001,B2_PRODUCT_EXACT_SOLVER,fixed_graph_direct_dp_product_exact,B2_PRODUCT_EXACT_SOLVER,,0,,False,DIRECT_DP_BASELINE_OPTIMAL,DIRECT_DP_FIXED_GRAPH_OPTIMAL,NOT_PRICED,False,,,2.191915,lunar_ice_bpc.normalized_additive_objective.v1,normalized_operating_cost_risk_weighted_completion,1170.940804,35.987911342,1169.206943333,960.0,False,1070.328061,30.51144,1256.941483,683.026858,1603.616094,0.914075295,0.847824696,1.075037649,0.71148631,2.191915,2.191915,False,,False,,0,0,0,0,0,0,0,0,0,0,0,True,0,0,0,,0,0,,,0,DIRECT_DP_FIXED_GRAPH_OPTIMAL,1,2.191915,True,1,,,,,,,,,,62,,62,0,0,31,0,267,0,0,0,0,,,0,0,0,0,0,0,0,0,0,0,,False,0,0,False,False,1.1e-05,,,,False,,,,,,False,False,
5-scale full normalized objective,5,lunar_ice_sp50_005_001_seed679001,B2A_full_universe_rc_audit_fast_path,B1A_full_universe_root_audit,B2A_full_universe_rc_audit_fast_path,,31,31,True,BPC_GAP_AVAILABLE,BPC_NODE_LP_CERTIFIED,CERTIFIED_NO_NEGATIVE,True,b2a_full_universe_membership_rc_audit,BPC_NODE_LP_CERTIFIED,2.191915,lunar_ice_bpc.normalized_additive_objective.v1,normalized_operating_cost_risk_weighted_completion,1170.940804,35.987911342,1169.206943333,960.0,False,1070.328061,30.51144,1256.941483,683.026858,1603.616094,0.914075295,0.847824696,1.075037649,0.71148631,2.191915,2.191915,False,2.191915,True,True,1,0,0,0,0,0,0,0,0,0,0,True,0,0,0,,0,0,True,True,0,,0,,False,0,0.0,,,,,0.0,0.0,,,0,,0,0,0,0,0,0,0,0,0,0,0.0,0.0,0,0,0,0,0,0,0,0,0,0,,False,0,0,False,False,0.007854,,,,False,,,,,,False,False,"final_judge_call_count_lower,final_judge_wall_time_lower"
5-scale full normalized objective,5,lunar_ice_sp50_005_001_seed679001,B2B_seeded_tail_CG,B1B_seeded_root_CG,B2B_seeded_tail_CG,,6,31,False,BPC_GAP_AVAILABLE,BPC_NODE_LP_CERTIFIED,CERTIFIED_NO_NEGATIVE,True,b2b_true_dual_pricing_closure,BPC_NODE_LP_CERTIFIED,2.191915,lunar_ice_bpc.normalized_additive_objective.v1,normalized_operating_cost_risk_weighted_completion,1170.940804,35.987911342,1169.206943333,960.0,False,1070.328061,30.51144,1256.941483,683.026858,1603.616094,0.914075295,0.847824696,1.075037649,0.71148631,2.191915,2.191915,False,2.191915,True,True,3,3,19,19,0,0,0,0,0,19,19,True,19,19,0,,0,0,True,True,0,,0,,False,0,0.0,,,,,0.0,0.005026,,,0,,0,0,0,0,0,0,0,0,0,0,0.0,0.0,0,0,0,0,0,0,0,0,0,0,,False,0,0,False,False,0.023038,,,,False,,,,,,False,False,final_judge_wall_time_lower
5-scale full normalized objective,5,lunar_ice_sp50_005_001_seed679001,B2B_R2_worker_before_final_judge,B1B_seeded_root_CG,B2B_R2_worker_before_final_judge,b2b_r2_lightweight_no_full_universe_enumeration,6,,False,BPC_GAP_AVAILABLE,BPC_NODE_LP_CERTIFIED,CERTIFIED_NO_NEGATIVE,True,b2b_r2_true_dual_final_judge_closure,BPC_NODE_LP_CERTIFIED,2.191915,lunar_ice_bpc.normalized_additive_objective.v1,normalized_operating_cost_risk_weighted_completion,1170.940804,35.987911342,1169.206943333,960.0,False,1070.328061,30.51144,1256.941483,683.026858,1603.616094,0.914075295,0.847824696,1.075037649,0.71148631,2.191915,2.191915,False,2.191915,True,True,5,2,42,42,0,0,0,0,0,42,42,True,18,18,0,,0,0,True,True,0,,0,,False,0,0.001746,LOCAL_NO_COLUMN_UNCERTIFIED,master.reduced_cost_context,B2B_R2_worker_before_final_judge-root-5,f5a044f2879eea1c81c3df21c510c566cb6a59e7d3c16aa512e2206f9f7f742a,0.152805,0.010412,0.016807,0.016807,1341,221,1341,53251,5539,269,196,53251,0,0,0,0,0.0,0.0,105,29,0,306,5,4,4,1,0,3,FINAL_JUDGE_CERTIFIED_NO_NEGATIVE,False,1341,0,False,True,0.167793,,,,False,,,,,,False,False,"final_judge_call_count_lower,time_to_first_addable_negative_available,worker_found_addable_negative"
5-scale full normalized objective,5,lunar_ice_sp50_005_001_seed679001,B2B_R3_true_dual_negative_search_worker,B1B_seeded_root_CG,B2B_R3_true_dual_negative_search_worker,b2b_r3_lightweight_no_full_universe_enumeration,6,,False,BPC_GAP_AVAILABLE,BPC_NODE_LP_CERTIFIED,CERTIFIED_NO_NEGATIVE,True,b2b_r3_true_dual_final_judge_closure,BPC_NODE_LP_CERTIFIED,2.191915,lunar_ice_bpc.normalized_additive_objective.v1,normalized_operating_cost_risk_weighted_completion,1170.940804,35.987911342,1169.206943333,960.0,False,1070.328061,30.51144,1256.941483,683.026858,1603.616094,0.914075295,0.847824696,1.075037649,0.71148631,2.191915,2.191915,False,2.191915,True,True,5,2,42,42,0,0,0,0,0,42,42,True,18,18,0,,0,0,True,True,0,,0,,False,0,0.001596,LOCAL_NO_COLUMN_UNCERTIFIED,master.reduced_cost_context,B2B_R3_true_dual_negative_search_worker-root-5,64b393e6d3f77ed86c598dbef5fe032e74f926d96d97c4fb8febbb511512b870,0.153381,0.010221,0.016283,0.016283,1341,221,1341,53251,5539,269,196,53251,0,0,0,0,0.0,0.0,105,29,0,306,5,4,4,1,0,3,FINAL_JUDGE_CERTIFIED_NO_NEGATIVE,False,1341,0,False,True,0.167737,,,,False,,,,,,False,False,"final_judge_call_count_lower,time_to_first_addable_negative_available,worker_found_addable_negative"
5-scale full normalized objective,5,lunar_ice_sp50_005_001_seed679001,B2C_limited_pricing_diagnostic,diagnostic_only_no_certificate,B2C_limited_pricing_diagnostic,,0,,False,BPC_INCOMPLETE_PRICING,DIAGNOSTIC_PRICING_FRONTIER,FOUND_NEGATIVE,False,,,2.191915,lunar_ice_bpc.normalized_additive_objective.v1,normalized_operating_cost_risk_weighted_completion,1170.940804,35.987911342,1169.206943333,960.0,False,1070.328061,30.51144,1256.941483,683.026858,1603.616094,0.914075295,0.847824696,1.075037649,0.71148631,2.191915,2.191915,False,,False,,0,0,1,0,0,0,0,0,0,0,0,True,0,0,0,,0,0,,,0,,0,,False,0,0.000105,,master.reduced_cost_context,B2C_limited_pricing_diagnostic-diagnostic-root,2b5df380cfd5191eff54a6bd5b7d229ebf24ab86d04590263439bc6be5f6675a,0.046582,0.0,0.046582,,62,62,62,0,128,2,1,8630,0,0,0,0,,,0,1,0,0,0,0,0,0,0,0,FOUND_NEGATIVE,False,0,0,False,False,0.047631,B2C_limited_pricing_diagnostic: limited pricing diagnostic cannot certify no-negative or provide an official bound.,,,False,,,,,,False,False,
5-scale full normalized objective,5,lunar_ice_sp50_005_001_seed679001,B2D_proof_tail_kernel_profile,diagnostic_only_no_certificate,B2D_proof_tail_kernel_profile,,0,,False,BPC_INCOMPLETE_PRICING,DIAGNOSTIC_PRICING_FRONTIER,FOUND_NEGATIVE,False,,,2.191915,lunar_ice_bpc.normalized_additive_objective.v1,normalized_operating_cost_risk_weighted_completion,1170.940804,35.987911342,1169.206943333,960.0,False,1070.328061,30.51144,1256.941483,683.026858,1603.616094,0.914075295,0.847824696,1.075037649,0.71148631,2.191915,2.191915,False,,False,,0,0,1,0,0,0,0,0,0,0,0,True,0,0,0,,0,0,,,0,,0,,False,0,0.000108,,master.reduced_cost_context,B2D_proof_tail_kernel_profile-diagnostic-root,ea7f04edf9974159c5e906b34f93f04da205e52086372cd1a81a2b2666a49773,0.049024,0.0,0.049024,,62,62,62,0,128,2,1,8630,0,0,0,0,,,0,1,0,0,0,0,0,0,0,0,FOUND_NEGATIVE,False,0,0,False,True,0.050065,B2D_proof_tail_kernel_profile: limited pricing diagnostic cannot certify no-negative or provide an official bound.,,,False,,,,,,False,False,
5-scale full normalized objective,5,lunar_ice_sp50_005_002_seed679002,B0_pure_direct_dp,fixed_graph_direct_dp_oracle,B0_pure_direct_dp,,0,,False,DIRECT_DP_BASELINE_OPTIMAL,DIRECT_DP_FIXED_GRAPH_OPTIMAL,,False,,,2.363709,lunar_ice_bpc.normalized_additive_objective.v1,normalized_operating_cost_risk_weighted_completion,1239.968705,45.559424359,1211.195510048,960.0,False,1209.807211,43.860077,1287.90292,783.251522,1768.828456,0.975675601,0.962700421,1.06333198,0.815887002,2.363709,2.363709,False,,False,,0,0,0,0,0,0,0,0,0,0,0,True,0,0,0,,0,0,,,0,,0,,False,0,,,,,,,,,,0,,0,0,0,0,0,0,0,0,0,0,,,0,0,0,0,0,0,0,0,0,0,,False,0,0,False,False,0.005439,,,,False,,,,,,False,False,
5-scale full normalized objective,5,lunar_ice_sp50_005_002_seed679002,B1A_full_universe_root_audit,accepted_B1,B1A_full_universe_root_audit,,31,31,True,BPC_GAP_AVAILABLE,BPC_NODE_LP_CERTIFIED,CERTIFIED_NO_NEGATIVE,True,b1_root_true_dual_pricing_closure,BPC_NODE_LP_CERTIFIED,2.363709,lunar_ice_bpc.normalized_additive_objective.v1,normalized_operating_cost_risk_weighted_completion,1239.968705,45.559424359,1211.195510048,960.0,False,1209.807211,43.860077,1287.90292,783.251522,1768.828456,0.975675601,0.962700421,1.06333198,0.815887002,2.363709,2.363709,False,2.363709,True,True,1,1,0,0,0,0,0,0,0,0,0,True,0,0,0,,0,0,True,True,0,,0,,False,0,,,,,,,,,,0,,0,0,0,0,0,0,0,0,0,0,,,0,0,0,0,0,0,0,0,0,0,,False,0,0,False,False,0.007042,,,,False,,,,,,False,False,
5-scale full normalized objective,5,lunar_ice_sp50_005_002_seed679002,B1B_seeded_root_CG,accepted_B1,B1B_seeded_root_CG,,6,31,False,BPC_GAP_AVAILABLE,BPC_NODE_LP_CERTIFIED,CERTIFIED_NO_NEGATIVE,True,b1_root_true_dual_pricing_closure,BPC_NODE_LP_CERTIFIED,2.363709,lunar_ice_bpc.normalized_additive_objective.v1,normalized_operating_cost_risk_weighted_completion,1239.968705,45.559424359,1211.195510048,960.0,False,1209.807211,43.860077,1287.90292,783.251522,1768.828456,0.975675601,0.962700421,1.06333198,0.815887002,2.363709,2.363709,False,2.363709,True,True,3,3,0,0,0,0,0,0,0,0,0,True,20,20,0,,0,0,True,True,0,,0,,False,0,,,,,,,,,,0,,0,0,0,0,0,0,0,0,0,0,,,0,0,0,0,0,0,0,0,0,0,,False,0,0,False,False,0.007001,,,,False,,,,,,False,False,
5-scale full normalized objective,5,lunar_ice_sp50_005_002_seed679002,B2_PRODUCT_EXACT_SOLVER,fixed_graph_direct_dp_product_exact,B2_PRODUCT_EXACT_SOLVER,,0,,False,DIRECT_DP_BASELINE_OPTIMAL,DIRECT_DP_FIXED_GRAPH_OPTIMAL,NOT_PRICED,False,,,2.363709,lunar_ice_bpc.normalized_additive_objective.v1,normalized_operating_cost_risk_weighted_completion,1239.968705,45.559424359,1211.195510048,960.0,False,1209.807211,43.860077,1287.90292,783.251522,1768.828456,0.975675601,0.962700421,1.06333198,0.815887002,2.363709,2.363709,False,,False,,0,0,0,0,0,0,0,0,0,0,0,True,0,0,0,,0,0,,,0,DIRECT_DP_FIXED_GRAPH_OPTIMAL,1,2.363709,True,1,,,,,,,,,,57,,57,0,0,31,0,229,0,0,0,0,,,0,0,0,0,0,0,0,0,0,0,,False,0,0,False,False,1e-05,,,,False,,,,,,False,False,
5-scale full normalized objective,5,lunar_ice_sp50_005_002_seed679002,B2A_full_universe_rc_audit_fast_path,B1A_full_universe_root_audit,B2A_full_universe_rc_audit_fast_path,,31,31,True,BPC_GAP_AVAILABLE,BPC_NODE_LP_CERTIFIED,CERTIFIED_NO_NEGATIVE,True,b2a_full_universe_membership_rc_audit,BPC_NODE_LP_CERTIFIED,2.363709,lunar_ice_bpc.normalized_additive_objective.v1,normalized_operating_cost_risk_weighted_completion,1239.968705,45.559424359,1211.195510048,960.0,False,1209.807211,43.860077,1287.90292,783.251522,1768.828456,0.975675601,0.962700421,1.06333198,0.815887002,2.363709,2.363709,False,2.363709,True,True,1,0,0,0,0,0,0,0,0,0,0,True,0,0,0,,0,0,True,True,0,,0,,False,0,0.0,,,,,0.0,0.0,,,0,,0,0,0,0,0,0,0,0,0,0,0.0,0.0,0,0,0,0,0,0,0,0,0,0,,False,0,0,False,False,0.007062,,,,False,,,,,,False,False,"final_judge_call_count_lower,final_judge_wall_time_lower"
5-scale full normalized objective,5,lunar_ice_sp50_005_002_seed679002,B2B_seeded_tail_CG,B1B_seeded_root_CG,B2B_seeded_tail_CG,,6,31,False,BPC_GAP_AVAILABLE,BPC_NODE_LP_CERTIFIED,CERTIFIED_NO_NEGATIVE,True,b2b_true_dual_pricing_closure,BPC_NODE_LP_CERTIFIED,2.363709,lunar_ice_bpc.normalized_additive_objective.v1,normalized_operating_cost_risk_weighted_completion,1239.968705,45.559424359,1211.195510048,960.0,False,1209.807211,43.860077,1287.90292,783.251522,1768.828456,0.975675601,0.962700421,1.06333198,0.815887002,2.363709,2.363709,False,2.363709,True,True,3,3,20,20,0,0,0,0,0,20,20,True,20,20,0,,0,0,True,True,0,,0,,False,0,0.0,,,,,0.0,0.005739,,,0,,0,0,0,0,0,0,0,0,0,0,0.0,0.0,0,0,0,0,0,0,0,0,0,0,,False,0,0,False,False,0.024327,,,,False,,,,,,False,False,final_judge_wall_time_lower
5-scale full normalized objective,5,lunar_ice_sp50_005_002_seed679002,B2B_R2_worker_before_final_judge,B1B_seeded_root_CG,B2B_R2_worker_before_final_judge,b2b_r2_lightweight_no_full_universe_enumeration,6,,False,BPC_GAP_AVAILABLE,BPC_NODE_LP_CERTIFIED,CERTIFIED_NO_NEGATIVE,True,b2b_r2_true_dual_final_judge_closure,BPC_NODE_LP_CERTIFIED,2.363709,lunar_ice_bpc.normalized_additive_objective.v1,normalized_operating_cost_risk_weighted_completion,1239.968705,45.559424359,1211.195510048,960.0,False,1209.807211,43.860077,1287.90292,783.251522,1768.828456,0.975675601,0.962700421,1.06333198,0.815887002,2.363709,2.363709,False,2.363709,True,True,5,2,42,42,0,0,0,0,0,42,42,True,18,18,0,,0,0,True,True,0,,0,,False,0,0.001677,LOCAL_NO_COLUMN_UNCERTIFIED,master.reduced_cost_context,B2B_R2_worker_before_final_judge-root-5,7229ba7675b5b894170f39f4ad80aa10beb7f9d6662f5899eb17e319e7a74dd7,0.189633,0.010824,0.014258,0.014258,1367,227,1367,101405,6155,271,197,101405,0,0,0,0,0.0,0.0,106,29,0,301,5,4,4,1,0,3,FINAL_JUDGE_CERTIFIED_NO_NEGATIVE,False,1367,0,False,True,0.204847,,,,False,,,,,,False,False,"final_judge_call_count_lower,time_to_first_addable_negative_available,worker_found_addable_negative"
5-scale full normalized objective,5,lunar_ice_sp50_005_002_seed679002,B2B_R3_true_dual_negative_search_worker,B1B_seeded_root_CG,B2B_R3_true_dual_negative_search_worker,b2b_r3_lightweight_no_full_universe_enumeration,6,,False,BPC_GAP_AVAILABLE,BPC_NODE_LP_CERTIFIED,CERTIFIED_NO_NEGATIVE,True,b2b_r3_true_dual_final_judge_closure,BPC_NODE_LP_CERTIFIED,2.363709,lunar_ice_bpc.normalized_additive_objective.v1,normalized_operating_cost_risk_weighted_completion,1239.968705,45.559424359,1211.195510048,960.0,False,1209.807211,43.860077,1287.90292,783.251522,1768.828456,0.975675601,0.962700421,1.06333198,0.815887002,2.363709,2.363709,False,2.363709,True,True,5,2,42,42,0,0,0,0,0,42,42,True,18,18,0,,0,0,True,True,0,,0,,False,0,0.001796,LOCAL_NO_COLUMN_UNCERTIFIED,master.reduced_cost_context,B2B_R3_true_dual_negative_search_worker-root-5,8e339c86a160f840e78ac4c90ebb16e0e664ee1e075e083a74886db4d0b58558,0.193416,0.013623,0.014098,0.014098,1367,227,1367,101405,6155,271,197,101405,0,0,0,0,0.0,0.0,106,29,0,301,5,4,4,1,0,3,FINAL_JUDGE_CERTIFIED_NO_NEGATIVE,False,1367,0,False,True,0.211721,,,,False,,,,,,False,False,"final_judge_call_count_lower,time_to_first_addable_negative_available,worker_found_addable_negative"
5-scale full normalized objective,5,lunar_ice_sp50_005_002_seed679002,B2C_limited_pricing_diagnostic,diagnostic_only_no_certificate,B2C_limited_pricing_diagnostic,,0,,False,BPC_INCOMPLETE_PRICING,DIAGNOSTIC_PRICING_FRONTIER,FOUND_NEGATIVE,False,,,2.363709,lunar_ice_bpc.normalized_additive_objective.v1,normalized_operating_cost_risk_weighted_completion,1239.968705,45.559424359,1211.195510048,960.0,False,1209.807211,43.860077,1287.90292,783.251522,1768.828456,0.975675601,0.962700421,1.06333198,0.815887002,2.363709,2.363709,False,,False,,0,0,1,0,0,0,0,0,0,0,0,True,0,0,0,,0,0,,,0,,0,,False,0,0.000108,,master.reduced_cost_context,B2C_limited_pricing_diagnostic-diagnostic-root,c1e132c3d49822bda23dd880675edde215208797178de39a124132ac72abca5a,0.084281,0.0,0.084281,,57,57,57,0,65,2,1,16798,0,0,0,0,,,0,1,0,0,0,0,0,0,0,0,FOUND_NEGATIVE,False,0,0,False,False,0.085454,B2C_limited_pricing_diagnostic: limited pricing diagnostic cannot certify no-negative or provide an official bound.,,,False,,,,,,False,False,
5-scale full normalized objective,5,lunar_ice_sp50_005_002_seed679002,B2D_proof_tail_kernel_profile,diagnostic_only_no_certificate,B2D_proof_tail_kernel_profile,,0,,False,BPC_INCOMPLETE_PRICING,DIAGNOSTIC_PRICING_FRONTIER,FOUND_NEGATIVE,False,,,2.363709,lunar_ice_bpc.normalized_additive_objective.v1,normalized_operating_cost_risk_weighted_completion,1239.968705,45.559424359,1211.195510048,960.0,False,1209.807211,43.860077,1287.90292,783.251522,1768.828456,0.975675601,0.962700421,1.06333198,0.815887002,2.363709,2.363709,False,,False,,0,0,1,0,0,0,0,0,0,0,0,True,0,0,0,,0,0,,,0,,0,,False,0,0.000102,,master.reduced_cost_context,B2D_proof_tail_kernel_profile-diagnostic-root,6c232d529c5eb123fd057c4ffaa36fdff48112c19e29aa8f2a1fdcfd9a7ce013,0.084248,0.0,0.084248,,57,57,57,0,65,2,1,16798,0,0,0,0,,,0,1,0,0,0,0,0,0,0,0,FOUND_NEGATIVE,False,0,0,False,True,0.085371,B2D_proof_tail_kernel_profile: limited pricing diagnostic cannot certify no-negative or provide an official bound.,,,False,,,,,,False,False,
5-scale full normalized objective,5,lunar_ice_sp50_005_003_seed679005,B0_pure_direct_dp,fixed_graph_direct_dp_oracle,B0_pure_direct_dp,,0,,False,DIRECT_DP_BASELINE_OPTIMAL,DIRECT_DP_FIXED_GRAPH_OPTIMAL,,False,,,2.202702,lunar_ice_bpc.normalized_additive_objective.v1,normalized_operating_cost_risk_weighted_completion,1269.378111,39.315689186,1179.181751243,960.0,False,1120.874421,35.027708,1263.954706,666.064613,1661.484011,0.883010674,0.890934605,1.071891339,0.693817305,2.202702,2.202702,False,,False,,0,0,0,0,0,0,0,0,0,0,0,True,0,0,0,,0,0,,,0,,0,,False,0,,,,,,,,,,0,,0,0,0,0,0,0,0,0,0,0,,,0,0,0,0,0,0,0,0,0,0,,False,0,0,False,False,0.012564,,,,False,,,,,,False,False,
5-scale full normalized objective,5,lunar_ice_sp50_005_003_seed679005,B1A_full_universe_root_audit,accepted_B1,B1A_full_universe_root_audit,,31,31,True,BPC_GAP_AVAILABLE,BPC_NODE_LP_CERTIFIED,CERTIFIED_NO_NEGATIVE,True,b1_root_true_dual_pricing_closure,BPC_NODE_LP_CERTIFIED,2.202702,lunar_ice_bpc.normalized_additive_objective.v1,normalized_operating_cost_risk_weighted_completion,1269.378111,39.315689186,1179.181751243,960.0,False,1120.874421,35.027708,1263.954706,666.064613,1661.484011,0.883010674,0.890934605,1.071891339,0.693817305,2.202702,2.202702,False,2.202702,True,True,1,1,0,0,0,0,0,0,0,0,0,True,0,0,0,,0,0,True,True,0,,0,,False,0,,,,,,,,,,0,,0,0,0,0,0,0,0,0,0,0,,,0,0,0,0,0,0,0,0,0,0,,False,0,0,False,False,0.01352,,,,False,,,,,,False,False,
5-scale full normalized objective,5,lunar_ice_sp50_005_003_seed679005,B1B_seeded_root_CG,accepted_B1,B1B_seeded_root_CG,,6,31,False,BPC_GAP_AVAILABLE,BPC_NODE_LP_CERTIFIED,CERTIFIED_NO_NEGATIVE,True,b1_root_true_dual_pricing_closure,BPC_NODE_LP_CERTIFIED,2.202702,lunar_ice_bpc.normalized_additive_objective.v1,normalized_operating_cost_risk_weighted_completion,1269.378111,39.315689186,1179.181751243,960.0,False,1120.874421,35.027708,1263.954706,666.064613,1661.484011,0.883010674,0.890934605,1.071891339,0.693817305,2.202702,2.202702,False,2.202702,True,True,3,3,0,0,0,0,0,0,0,0,0,True,18,18,0,,0,0,True,True,0,,0,,False,0,,,,,,,,,,0,,0,0,0,0,0,0,0,0,0,0,,,0,0,0,0,0,0,0,0,0,0,,False,0,0,False,False,0.014265,,,,False,,,,,,False,False,
5-scale full normalized objective,5,lunar_ice_sp50_005_003_seed679005,B2_PRODUCT_EXACT_SOLVER,fixed_graph_direct_dp_product_exact,B2_PRODUCT_EXACT_SOLVER,,0,,False,DIRECT_DP_BASELINE_OPTIMAL,DIRECT_DP_FIXED_GRAPH_OPTIMAL,NOT_PRICED,False,,,2.202702,lunar_ice_bpc.normalized_additive_objective.v1,normalized_operating_cost_risk_weighted_completion,1269.378111,39.315689186,1179.181751243,960.0,False,1120.874421,35.027708,1263.954706,666.064613,1661.484011,0.883010674,0.890934605,1.071891339,0.693817305,2.202702,2.202702,False,,False,,0,0,0,0,0,0,0,0,0,0,0,True,0,0,0,,0,0,,,0,DIRECT_DP_FIXED_GRAPH_OPTIMAL,1,2.202702,True,1,,,,,,,,,,76,,76,0,0,31,0,745,0,0,0,0,,,0,0,0,0,0,0,0,0,0,0,,False,0,0,False,False,1e-05,,,,False,,,,,,False,False,
5-scale full normalized objective,5,lunar_ice_sp50_005_003_seed679005,B2A_full_universe_rc_audit_fast_path,B1A_full_universe_root_audit,B2A_full_universe_rc_audit_fast_path,,31,31,True,BPC_GAP_AVAILABLE,BPC_NODE_LP_CERTIFIED,CERTIFIED_NO_NEGATIVE,True,b2a_full_universe_membership_rc_audit,BPC_NODE_LP_CERTIFIED,2.202702,lunar_ice_bpc.normalized_additive_objective.v1,normalized_operating_cost_risk_weighted_completion,1269.378111,39.315689186,1179.181751243,960.0,False,1120.874421,35.027708,1263.954706,666.064613,1661.484011,0.883010674,0.890934605,1.071891339,0.693817305,2.202702,2.202702,False,2.202702,True,True,1,0,0,0,0,0,0,0,0,0,0,True,0,0,0,,0,0,True,True,0,,0,,False,0,0.0,,,,,0.0,0.0,,,0,,0,0,0,0,0,0,0,0,0,0,0.0,0.0,0,0,0,0,0,0,0,0,0,0,,False,0,0,False,False,0.013641,,,,False,,,,,,False,False,"final_judge_call_count_lower,final_judge_wall_time_lower"
5-scale full normalized objective,5,lunar_ice_sp50_005_003_seed679005,B2B_seeded_tail_CG,B1B_seeded_root_CG,B2B_seeded_tail_CG,,6,31,False,BPC_GAP_AVAILABLE,BPC_NODE_LP_CERTIFIED,CERTIFIED_NO_NEGATIVE,True,b2b_true_dual_pricing_closure,BPC_NODE_LP_CERTIFIED,2.202702,lunar_ice_bpc.normalized_additive_objective.v1,normalized_operating_cost_risk_weighted_completion,1269.378111,39.315689186,1179.181751243,960.0,False,1120.874421,35.027708,1263.954706,666.064613,1661.484011,0.883010674,0.890934605,1.071891339,0.693817305,2.202702,2.202702,False,2.202702,True,True,3,3,18,18,0,0,0,0,0,18,18,True,18,18,0,,0,0,True,True,0,,0,,False,0,0.0,,,,,0.0,0.012044,,,0,,0,0,0,0,0,0,0,0,0,0,0.0,0.0,0,0,0,0,0,0,0,0,0,0,,False,0,0,False,False,0.050239,,,,False,,,,,,False,False,final_judge_wall_time_lower
5-scale full normalized objective,5,lunar_ice_sp50_005_003_seed679005,B2B_R2_worker_before_final_judge,B1B_seeded_root_CG,B2B_R2_worker_before_final_judge,b2b_r2_lightweight_no_full_universe_enumeration,6,,False,BPC_GAP_AVAILABLE,BPC_NODE_LP_CERTIFIED,CERTIFIED_NO_NEGATIVE,True,b2b_r2_true_dual_final_judge_closure,BPC_NODE_LP_CERTIFIED,2.202702,lunar_ice_bpc.normalized_additive_objective.v1,normalized_operating_cost_risk_weighted_completion,1269.378111,39.315689186,1179.181751243,960.0,False,1120.874421,35.027708,1263.954706,666.064613,1661.484011,0.883010674,0.890934605,1.071891339,0.693817305,2.202702,2.202702,False,2.202702,True,True,3,1,38,38,0,0,0,0,0,38,38,True,14,14,0,,0,0,True,True,0,,0,,False,0,0.000465,LOCAL_NO_COLUMN_UNCERTIFIED,master.reduced_cost_context,B2B_R2_worker_before_final_judge-root-3,7118a071afc1a5e6f98e5c2305f11e01e8e471739d37a3ae6a374522fa20c689,0.234131,0.011894,0.036654,0.036654,1039,321,1039,79150,5835,156,109,79150,0,0,0,0,0.0,0.0,52,26,0,321,3,2,2,1,0,2,FINAL_JUDGE_CERTIFIED_NO_NEGATIVE,False,1039,0,False,True,0.248533,,,,False,,,,,,False,False,"final_judge_call_count_lower,final_judge_wall_time_lower,time_to_first_addable_negative_available,worker_found_addable_negative"
5-scale full normalized objective,5,lunar_ice_sp50_005_003_seed679005,B2B_R3_true_dual_negative_search_worker,B1B_seeded_root_CG,B2B_R3_true_dual_negative_search_worker,b2b_r3_lightweight_no_full_universe_enumeration,6,,False,BPC_GAP_AVAILABLE,BPC_NODE_LP_CERTIFIED,CERTIFIED_NO_NEGATIVE,True,b2b_r3_true_dual_final_judge_closure,BPC_NODE_LP_CERTIFIED,2.202702,lunar_ice_bpc.normalized_additive_objective.v1,normalized_operating_cost_risk_weighted_completion,1269.378111,39.315689186,1179.181751243,960.0,False,1120.874421,35.027708,1263.954706,666.064613,1661.484011,0.883010674,0.890934605,1.071891339,0.693817305,2.202702,2.202702,False,2.202702,True,True,3,1,38,38,0,0,0,0,0,38,38,True,14,14,0,,0,0,True,True,0,,0,,False,0,0.000468,LOCAL_NO_COLUMN_UNCERTIFIED,master.reduced_cost_context,B2B_R3_true_dual_negative_search_worker-root-3,f812a842839899a756e3407dfb2aca4ebc64a51ea2d4bc4f4b49377308451339,0.236221,0.01199,0.03645,0.03645,1039,321,1039,79150,5835,156,109,79150,0,0,0,0,0.0,0.0,52,26,0,321,3,2,2,1,0,2,FINAL_JUDGE_CERTIFIED_NO_NEGATIVE,False,1039,0,False,True,0.250763,,,,False,,,,,,False,False,"final_judge_call_count_lower,final_judge_wall_time_lower,time_to_first_addable_negative_available,worker_found_addable_negative"
5-scale full normalized objective,5,lunar_ice_sp50_005_003_seed679005,B2C_limited_pricing_diagnostic,diagnostic_only_no_certificate,B2C_limited_pricing_diagnostic,,0,,False,BPC_INCOMPLETE_PRICING,DIAGNOSTIC_PRICING_FRONTIER,FOUND_NEGATIVE,False,,,2.202702,lunar_ice_bpc.normalized_additive_objective.v1,normalized_operating_cost_risk_weighted_completion,1269.378111,39.315689186,1179.181751243,960.0,False,1120.874421,35.027708,1263.954706,666.064613,1661.484011,0.883010674,0.890934605,1.071891339,0.693817305,2.202702,2.202702,False,,False,,0,0,1,0,0,0,0,0,0,0,0,True,0,0,0,,0,0,,,0,,0,,False,0,0.00011,,master.reduced_cost_context,B2C_limited_pricing_diagnostic-diagnostic-root,6eb48f432d15502fa9b9fac9fc5a8835df293f2048f82dc20413643f1e22d1b7,0.126666,0.0,0.126666,,76,76,76,0,209,2,1,23613,0,0,0,0,,,0,1,0,0,0,0,0,0,0,0,FOUND_NEGATIVE,False,0,0,False,False,0.127982,B2C_limited_pricing_diagnostic: limited pricing diagnostic cannot certify no-negative or provide an official bound.,,,False,,,,,,False,False,
5-scale full normalized objective,5,lunar_ice_sp50_005_003_seed679005,B2D_proof_tail_kernel_profile,diagnostic_only_no_certificate,B2D_proof_tail_kernel_profile,,0,,False,BPC_INCOMPLETE_PRICING,DIAGNOSTIC_PRICING_FRONTIER,FOUND_NEGATIVE,False,,,2.202702,lunar_ice_bpc.normalized_additive_objective.v1,normalized_operating_cost_risk_weighted_completion,1269.378111,39.315689186,1179.181751243,960.0,False,1120.874421,35.027708,1263.954706,666.064613,1661.484011,0.883010674,0.890934605,1.071891339,0.693817305,2.202702,2.202702,False,,False,,0,0,1,0,0,0,0,0,0,0,0,True,0,0,0,,0,0,,,0,,0,,False,0,0.000103,,master.reduced_cost_context,B2D_proof_tail_kernel_profile-diagnostic-root,60f6a495f1021fb0bbdde98978ffbb14a8e91a01064d6db7b169cfc0ae3a5c5d,0.129044,0.0,0.129044,,76,76,76,0,209,2,1,23613,0,0,0,0,,,0,1,0,0,0,0,0,0,0,0,FOUND_NEGATIVE,False,0,0,False,True,0.130244,B2D_proof_tail_kernel_profile: limited pricing diagnostic cannot certify no-negative or provide an official bound.,,,False,,,,,,False,False,
5-scale full normalized objective,5,lunar_ice_sp50_005_005_seed679011,B0_pure_direct_dp,fixed_graph_direct_dp_oracle,B0_pure_direct_dp,,0,,False,DIRECT_DP_BASELINE_OPTIMAL,DIRECT_DP_FIXED_GRAPH_OPTIMAL,,False,,,2.155459,lunar_ice_bpc.normalized_additive_objective.v1,normalized_operating_cost_risk_weighted_completion,1202.786599,40.265606886,1049.279719233,960.0,False,1062.776221,33.826583,1132.638348,686.383845,1549.658143,0.883594997,0.840086258,1.079443667,0.714983172,2.155459,2.155459,False,,False,,0,0,0,0,0,0,0,0,0,0,0,True,0,0,0,,0,0,,,0,,0,,False,0,,,,,,,,,,0,,0,0,0,0,0,0,0,0,0,0,,,0,0,0,0,0,0,0,0,0,0,,False,0,0,False,False,0.008428,,,,False,,,,,,False,False,
5-scale full normalized objective,5,lunar_ice_sp50_005_005_seed679011,B1A_full_universe_root_audit,accepted_B1,B1A_full_universe_root_audit,,31,31,True,BPC_GAP_AVAILABLE,BPC_NODE_LP_CERTIFIED,CERTIFIED_NO_NEGATIVE,True,b1_root_true_dual_pricing_closure,BPC_NODE_LP_CERTIFIED,2.155459,lunar_ice_bpc.normalized_additive_objective.v1,normalized_operating_cost_risk_weighted_completion,1202.786599,40.265606886,1049.279719233,960.0,False,1062.776221,33.826583,1132.638348,686.383845,1549.658143,0.883594997,0.840086258,1.079443667,0.714983172,2.155459,2.155459,False,2.155459,True,True,1,1,0,0,0,0,0,0,0,0,0,True,0,0,0,,0,0,True,True,0,,0,,False,0,,,,,,,,,,0,,0,0,0,0,0,0,0,0,0,0,,,0,0,0,0,0,0,0,0,0,0,,False,0,0,False,False,0.009183,,,,False,,,,,,False,False,
5-scale full normalized objective,5,lunar_ice_sp50_005_005_seed679011,B1B_seeded_root_CG,accepted_B1,B1B_seeded_root_CG,,6,31,False,BPC_GAP_AVAILABLE,BPC_NODE_LP_CERTIFIED,CERTIFIED_NO_NEGATIVE,True,b1_root_true_dual_pricing_closure,BPC_NODE_LP_CERTIFIED,2.155459,lunar_ice_bpc.normalized_additive_objective.v1,normalized_operating_cost_risk_weighted_completion,1202.786599,40.265606886,1049.279719233,960.0,False,1062.776221,33.826583,1132.638348,686.383845,1549.658143,0.883594997,0.840086258,1.079443667,0.714983172,2.155459,2.155459,False,2.155459,True,True,3,3,0,0,0,0,0,0,0,0,0,True,21,21,0,,0,0,True,True,0,,0,,False,0,,,,,,,,,,0,,0,0,0,0,0,0,0,0,0,0,,,0,0,0,0,0,0,0,0,0,0,,False,0,0,False,False,0.009425,,,,False,,,,,,False,False,
5-scale full normalized objective,5,lunar_ice_sp50_005_005_seed679011,B2_PRODUCT_EXACT_SOLVER,fixed_graph_direct_dp_product_exact,B2_PRODUCT_EXACT_SOLVER,,0,,False,DIRECT_DP_BASELINE_OPTIMAL,DIRECT_DP_FIXED_GRAPH_OPTIMAL,NOT_PRICED,False,,,2.155459,lunar_ice_bpc.normalized_additive_objective.v1,normalized_operating_cost_risk_weighted_completion,1202.786599,40.265606886,1049.279719233,960.0,False,1062.776221,33.826583,1132.638348,686.383845,1549.658143,0.883594997,0.840086258,1.079443667,0.714983172,2.155459,2.155459,False,,False,,0,0,0,0,0,0,0,0,0,0,0,True,0,0,0,,0,0,,,0,DIRECT_DP_FIXED_GRAPH_OPTIMAL,1,2.155459,True,1,,,,,,,,,,83,,83,0,0,31,0,392,0,0,0,0,,,0,0,0,0,0,0,0,0,0,0,,False,0,0,False,False,9e-06,,,,False,,,,,,False,False,
5-scale full normalized objective,5,lunar_ice_sp50_005_005_seed679011,B2A_full_universe_rc_audit_fast_path,B1A_full_universe_root_audit,B2A_full_universe_rc_audit_fast_path,,31,31,True,BPC_GAP_AVAILABLE,BPC_NODE_LP_CERTIFIED,CERTIFIED_NO_NEGATIVE,True,b2a_full_universe_membership_rc_audit,BPC_NODE_LP_CERTIFIED,2.155459,lunar_ice_bpc.normalized_additive_objective.v1,normalized_operating_cost_risk_weighted_completion,1202.786599,40.265606886,1049.279719233,960.0,False,1062.776221,33.826583,1132.638348,686.383845,1549.658143,0.883594997,0.840086258,1.079443667,0.714983172,2.155459,2.155459,False,2.155459,True,True,1,0,0,0,0,0,0,0,0,0,0,True,0,0,0,,0,0,True,True,0,,0,,False,0,0.0,,,,,0.0,0.0,,,0,,0,0,0,0,0,0,0,0,0,0,0.0,0.0,0,0,0,0,0,0,0,0,0,0,,False,0,0,False,False,0.009463,,,,False,,,,,,False,False,"final_judge_call_count_lower,final_judge_wall_time_lower"
5-scale full normalized objective,5,lunar_ice_sp50_005_005_seed679011,B2B_seeded_tail_CG,B1B_seeded_root_CG,B2B_seeded_tail_CG,,6,31,False,BPC_GAP_AVAILABLE,BPC_NODE_LP_CERTIFIED,CERTIFIED_NO_NEGATIVE,True,b2b_true_dual_pricing_closure,BPC_NODE_LP_CERTIFIED,2.155459,lunar_ice_bpc.normalized_additive_objective.v1,normalized_operating_cost_risk_weighted_completion,1202.786599,40.265606886,1049.279719233,960.0,False,1062.776221,33.826583,1132.638348,686.383845,1549.658143,0.883594997,0.840086258,1.079443667,0.714983172,2.155459,2.155459,False,2.155459,True,True,3,3,21,21,0,0,0,0,0,21,21,True,21,21,0,,0,0,True,True,0,,0,,False,0,0.0,,,,,0.0,0.007726,,,0,,0,0,0,0,0,0,0,0,0,0,0.0,0.0,0,0,0,0,0,0,0,0,0,0,,False,0,0,False,False,0.034453,,,,False,,,,,,False,False,final_judge_wall_time_lower
5-scale full normalized objective,5,lunar_ice_sp50_005_005_seed679011,B2B_R2_worker_before_final_judge,B1B_seeded_root_CG,B2B_R2_worker_before_final_judge,b2b_r2_lightweight_no_full_universe_enumeration,6,,False,BPC_GAP_AVAILABLE,BPC_NODE_LP_CERTIFIED,CERTIFIED_NO_NEGATIVE,True,b2b_r2_true_dual_final_judge_closure,BPC_NODE_LP_CERTIFIED,2.155459,lunar_ice_bpc.normalized_additive_objective.v1,normalized_operating_cost_risk_weighted_completion,1202.786599,40.265606886,1049.279719233,960.0,False,1062.776221,33.826583,1132.638348,686.383845,1549.658143,0.883594997,0.840086258,1.079443667,0.714983172,2.155459,2.155459,False,2.155459,True,True,5,2,46,46,0,0,0,0,0,46,46,True,20,20,0,,0,0,True,True,0,,0,,False,0,0.00168,LOCAL_NO_COLUMN_UNCERTIFIED,master.reduced_cost_context,B2B_R2_worker_before_final_judge-root-5,2791cdd42819b7d577fe71867968f51584787313d31c79f5bcf6b31292068af7,0.313124,0.016374,0.025444,0.025444,1689,277,1689,158892,9186,269,196,158892,0,0,0,0,0.0,0.0,105,29,0,384,5,4,4,1,0,3,FINAL_JUDGE_CERTIFIED_NO_NEGATIVE,False,1689,0,False,True,0.334017,,,,False,,,,,,False,False,"final_judge_call_count_lower,time_to_first_addable_negative_available,worker_found_addable_negative"
5-scale full normalized objective,5,lunar_ice_sp50_005_005_seed679011,B2B_R3_true_dual_negative_search_worker,B1B_seeded_root_CG,B2B_R3_true_dual_negative_search_worker,b2b_r3_lightweight_no_full_universe_enumeration,6,,False,BPC_GAP_AVAILABLE,BPC_NODE_LP_CERTIFIED,CERTIFIED_NO_NEGATIVE,True,b2b_r3_true_dual_final_judge_closure,BPC_NODE_LP_CERTIFIED,2.155459,lunar_ice_bpc.normalized_additive_objective.v1,normalized_operating_cost_risk_weighted_completion,1202.786599,40.265606886,1049.279719233,960.0,False,1062.776221,33.826583,1132.638348,686.383845,1549.658143,0.883594997,0.840086258,1.079443667,0.714983172,2.155459,2.155459,False,2.155459,True,True,5,2,46,46,0,0,0,0,0,46,46,True,20,20,0,,0,0,True,True,0,,0,,False,0,0.001709,LOCAL_NO_COLUMN_UNCERTIFIED,master.reduced_cost_context,B2B_R3_true_dual_negative_search_worker-root-5,f34c260dbc83a6da3e87698bf9ead9e68d5f18b462c19ae4f28909583affb15d,0.31587,0.016107,0.025422,0.025422,1689,277,1689,158892,9186,269,196,158892,0,0,0,0,0.0,0.0,105,29,0,384,5,4,4,1,0,3,FINAL_JUDGE_CERTIFIED_NO_NEGATIVE,False,1689,0,False,True,0.336531,,,,False,,,,,,False,False,"final_judge_call_count_lower,time_to_first_addable_negative_available,worker_found_addable_negative"
5-scale full normalized objective,5,lunar_ice_sp50_005_005_seed679011,B2C_limited_pricing_diagnostic,diagnostic_only_no_certificate,B2C_limited_pricing_diagnostic,,0,,False,BPC_INCOMPLETE_PRICING,DIAGNOSTIC_PRICING_FRONTIER,FOUND_NEGATIVE,False,,,2.155459,lunar_ice_bpc.normalized_additive_objective.v1,normalized_operating_cost_risk_weighted_completion,1202.786599,40.265606886,1049.279719233,960.0,False,1062.776221,33.826583,1132.638348,686.383845,1549.658143,0.883594997,0.840086258,1.079443667,0.714983172,2.155459,2.155459,False,,False,,0,0,1,0,0,0,0,0,0,0,0,True,0,0,0,,0,0,,,0,,0,,False,0,0.000106,,master.reduced_cost_context,B2C_limited_pricing_diagnostic-diagnostic-root,5520fb0d2a8f10c808fe1c73b5b651adf95244a37b5be8f8a046d0a162e6ff09,0.14311,0.0,0.14311,,83,83,83,0,213,2,1,27669,0,0,0,0,,,0,1,0,0,0,0,0,0,0,0,FOUND_NEGATIVE,False,0,0,False,False,0.144263,B2C_limited_pricing_diagnostic: limited pricing diagnostic cannot certify no-negative or provide an official bound.,,,False,,,,,,False,False,
5-scale full normalized objective,5,lunar_ice_sp50_005_005_seed679011,B2D_proof_tail_kernel_profile,diagnostic_only_no_certificate,B2D_proof_tail_kernel_profile,,0,,False,BPC_INCOMPLETE_PRICING,DIAGNOSTIC_PRICING_FRONTIER,FOUND_NEGATIVE,False,,,2.155459,lunar_ice_bpc.normalized_additive_objective.v1,normalized_operating_cost_risk_weighted_completion,1202.786599,40.265606886,1049.279719233,960.0,False,1062.776221,33.826583,1132.638348,686.383845,1549.658143,0.883594997,0.840086258,1.079443667,0.714983172,2.155459,2.155459,False,,False,,0,0,1,0,0,0,0,0,0,0,0,True,0,0,0,,0,0,,,0,,0,,False,0,0.000103,,master.reduced_cost_context,B2D_proof_tail_kernel_profile-diagnostic-root,ddb0c24fc2e633f5e3087331720db3579f0f05a3df6f5eb523d5717a892a6d60,0.141938,0.0,0.141938,,83,83,83,0,213,2,1,27669,0,0,0,0,,,0,1,0,0,0,0,0,0,0,0,FOUND_NEGATIVE,False,0,0,False,True,0.143123,B2D_proof_tail_kernel_profile: limited pricing diagnostic cannot certify no-negative or provide an official bound.,,,False,,,,,,False,False,
5-scale full normalized objective,5,lunar_ice_sp50_005_007_seed679013,B0_pure_direct_dp,fixed_graph_direct_dp_oracle,B0_pure_direct_dp,,0,,False,DIRECT_DP_BASELINE_OPTIMAL,DIRECT_DP_FIXED_GRAPH_OPTIMAL,,False,,,2.140463,lunar_ice_bpc.normalized_additive_objective.v1,normalized_operating_cost_risk_weighted_completion,1333.979087,48.336799552,1265.570346981,960.0,False,1140.865043,41.601061,1343.334187,770.97799,1719.799779,0.855234579,0.860649886,1.061445687,0.803102073,2.140463,2.140463,False,,False,,0,0,0,0,0,0,0,0,0,0,0,True,0,0,0,,0,0,,,0,,0,,False,0,,,,,,,,,,0,,0,0,0,0,0,0,0,0,0,0,,,0,0,0,0,0,0,0,0,0,0,,False,0,0,False,False,0.007643,,,,False,,,,,,False,False,
5-scale full normalized objective,5,lunar_ice_sp50_005_007_seed679013,B1A_full_universe_root_audit,accepted_B1,B1A_full_universe_root_audit,,31,31,True,BPC_GAP_AVAILABLE,BPC_NODE_LP_CERTIFIED,CERTIFIED_NO_NEGATIVE,True,b1_root_true_dual_pricing_closure,BPC_NODE_LP_CERTIFIED,2.140463,lunar_ice_bpc.normalized_additive_objective.v1,normalized_operating_cost_risk_weighted_completion,1333.979087,48.336799552,1265.570346981,960.0,False,1140.865043,41.601061,1343.334187,770.97799,1719.799779,0.855234579,0.860649886,1.061445687,0.803102073,2.140463,2.140463,False,2.140463,True,True,1,1,0,0,0,0,0,0,0,0,0,True,0,0,0,,0,0,True,True,0,,0,,False,0,,,,,,,,,,0,,0,0,0,0,0,0,0,0,0,0,,,0,0,0,0,0,0,0,0,0,0,,False,0,0,False,False,0.009228,,,,False,,,,,,False,False,
5-scale full normalized objective,5,lunar_ice_sp50_005_007_seed679013,B1B_seeded_root_CG,accepted_B1,B1B_seeded_root_CG,,6,31,False,BPC_GAP_AVAILABLE,BPC_NODE_LP_CERTIFIED,CERTIFIED_NO_NEGATIVE,True,b1_root_true_dual_pricing_closure,BPC_NODE_LP_CERTIFIED,2.140463,lunar_ice_bpc.normalized_additive_objective.v1,normalized_operating_cost_risk_weighted_completion,1333.979087,48.336799552,1265.570346981,960.0,False,1140.865043,41.601061,1343.334187,770.97799,1719.799779,0.855234579,0.860649886,1.061445687,0.803102073,2.140463,2.140463,False,2.140463,True,True,3,3,0,0,0,0,0,0,0,0,0,True,12,12,0,,0,0,True,True,0,,0,,False,0,,,,,,,,,,0,,0,0,0,0,0,0,0,0,0,0,,,0,0,0,0,0,0,0,0,0,0,,False,0,0,False,False,0.008847,,,,False,,,,,,False,False,
5-scale full normalized objective,5,lunar_ice_sp50_005_007_seed679013,B2_PRODUCT_EXACT_SOLVER,fixed_graph_direct_dp_product_exact,B2_PRODUCT_EXACT_SOLVER,,0,,False,DIRECT_DP_BASELINE_OPTIMAL,DIRECT_DP_FIXED_GRAPH_OPTIMAL,NOT_PRICED,False,,,2.140463,lunar_ice_bpc.normalized_additive_objective.v1,normalized_operating_cost_risk_weighted_completion,1333.979087,48.336799552,1265.570346981,960.0,False,1140.865043,41.601061,1343.334187,770.97799,1719.799779,0.855234579,0.860649886,1.061445687,0.803102073,2.140463,2.140463,False,,False,,0,0,0,0,0,0,0,0,0,0,0,True,0,0,0,,0,0,,,0,DIRECT_DP_FIXED_GRAPH_OPTIMAL,1,2.140463,True,1,,,,,,,,,,78,,78,0,0,31,0,379,0,0,0,0,,,0,0,0,0,0,0,0,0,0,0,,False,0,0,False,False,1e-05,,,,False,,,,,,False,False,
5-scale full normalized objective,5,lunar_ice_sp50_005_007_seed679013,B2A_full_universe_rc_audit_fast_path,B1A_full_universe_root_audit,B2A_full_universe_rc_audit_fast_path,,31,31,True,BPC_GAP_AVAILABLE,BPC_NODE_LP_CERTIFIED,CERTIFIED_NO_NEGATIVE,True,b2a_full_universe_membership_rc_audit,BPC_NODE_LP_CERTIFIED,2.140463,lunar_ice_bpc.normalized_additive_objective.v1,normalized_operating_cost_risk_weighted_completion,1333.979087,48.336799552,1265.570346981,960.0,False,1140.865043,41.601061,1343.334187,770.97799,1719.799779,0.855234579,0.860649886,1.061445687,0.803102073,2.140463,2.140463,False,2.140463,True,True,1,0,0,0,0,0,0,0,0,0,0,True,0,0,0,,0,0,True,True,0,,0,,False,0,0.0,,,,,0.0,0.0,,,0,,0,0,0,0,0,0,0,0,0,0,0.0,0.0,0,0,0,0,0,0,0,0,0,0,,False,0,0,False,False,0.008821,,,,False,,,,,,False,False,"wall_time_lower,final_judge_call_count_lower,final_judge_wall_time_lower"
5-scale full normalized objective,5,lunar_ice_sp50_005_007_seed679013,B2B_seeded_tail_CG,B1B_seeded_root_CG,B2B_seeded_tail_CG,,6,31,False,BPC_GAP_AVAILABLE,BPC_NODE_LP_CERTIFIED,CERTIFIED_NO_NEGATIVE,True,b2b_true_dual_pricing_closure,BPC_NODE_LP_CERTIFIED,2.140463,lunar_ice_bpc.normalized_additive_objective.v1,normalized_operating_cost_risk_weighted_completion,1333.979087,48.336799552,1265.570346981,960.0,False,1140.865043,41.601061,1343.334187,770.97799,1719.799779,0.855234579,0.860649886,1.061445687,0.803102073,2.140463,2.140463,False,2.140463,True,True,3,3,12,12,0,0,0,0,0,12,12,True,12,12,0,,0,0,True,True,0,,0,,False,0,0.0,,,,,0.0,0.007767,,,0,,0,0,0,0,0,0,0,0,0,0,0.0,0.0,0,0,0,0,0,0,0,0,0,0,,False,0,0,False,False,0.032363,,,,False,,,,,,False,False,final_judge_wall_time_lower
5-scale full normalized objective,5,lunar_ice_sp50_005_007_seed679013,B2B_R2_worker_before_final_judge,B1B_seeded_root_CG,B2B_R2_worker_before_final_judge,b2b_r2_lightweight_no_full_universe_enumeration,6,,False,BPC_GAP_AVAILABLE,BPC_NODE_LP_CERTIFIED,CERTIFIED_NO_NEGATIVE,True,b2b_r2_true_dual_final_judge_closure,BPC_NODE_LP_CERTIFIED,2.140463,lunar_ice_bpc.normalized_additive_objective.v1,normalized_operating_cost_risk_weighted_completion,1333.979087,48.336799552,1265.570346981,960.0,False,1140.865043,41.601061,1343.334187,770.97799,1719.799779,0.855234579,0.860649886,1.061445687,0.803102073,2.140463,2.140463,False,2.140463,True,True,4,1,31,31,0,0,0,0,0,31,31,True,12,12,0,,0,0,True,True,0,,0,,False,0,0.000897,FOUND_NEGATIVE,master.reduced_cost_context,B2B_R2_worker_before_final_judge-root-4,c441c9f4357bbfa49b935672daf97af1c8473222b7b420ba7ac6816c042054d0,0.371977,0.007444,0.028882,0.028882,1296,295,1296,204874,6254,210,136,204874,0,0,0,0,0.0,0.0,78,27,0,333,4,4,4,0,0,3,FINAL_JUDGE_CERTIFIED_NO_NEGATIVE,False,1296,0,False,True,0.382811,,,,False,,,,,,False,False,"final_judge_call_count_lower,final_judge_wall_time_lower,time_to_first_addable_negative_available,worker_found_addable_negative"
5-scale full normalized objective,5,lunar_ice_sp50_005_007_seed679013,B2B_R3_true_dual_negative_search_worker,B1B_seeded_root_CG,B2B_R3_true_dual_negative_search_worker,b2b_r3_lightweight_no_full_universe_enumeration,6,,False,BPC_GAP_AVAILABLE,BPC_NODE_LP_CERTIFIED,CERTIFIED_NO_NEGATIVE,True,b2b_r3_true_dual_final_judge_closure,BPC_NODE_LP_CERTIFIED,2.140463,lunar_ice_bpc.normalized_additive_objective.v1,normalized_operating_cost_risk_weighted_completion,1333.979087,48.336799552,1265.570346981,960.0,False,1140.865043,41.601061,1343.334187,770.97799,1719.799779,0.855234579,0.860649886,1.061445687,0.803102073,2.140463,2.140463,False,2.140463,True,True,4,1,31,31,0,0,0,0,0,31,31,True,12,12,0,,0,0,True,True,0,,0,,False,0,0.00094,FOUND_NEGATIVE,master.reduced_cost_context,B2B_R3_true_dual_negative_search_worker-root-4,b0d39e90403586209455cffeb54d83533b3cd16bce8f81027c11ed1471c0dce1,0.375217,0.00782,0.028776,0.028776,1296,295,1296,204874,6254,210,136,204874,0,0,0,0,0.0,0.0,78,27,0,333,4,4,4,0,0,3,FINAL_JUDGE_CERTIFIED_NO_NEGATIVE,False,1296,0,False,True,0.386946,,,,False,,,,,,False,False,"final_judge_call_count_lower,final_judge_wall_time_lower,time_to_first_addable_negative_available,worker_found_addable_negative"
5-scale full normalized objective,5,lunar_ice_sp50_005_007_seed679013,B2C_limited_pricing_diagnostic,diagnostic_only_no_certificate,B2C_limited_pricing_diagnostic,,0,,False,BPC_INCOMPLETE_PRICING,DIAGNOSTIC_PRICING_FRONTIER,FOUND_NEGATIVE,False,,,2.140463,lunar_ice_bpc.normalized_additive_objective.v1,normalized_operating_cost_risk_weighted_completion,1333.979087,48.336799552,1265.570346981,960.0,False,1140.865043,41.601061,1343.334187,770.97799,1719.799779,0.855234579,0.860649886,1.061445687,0.803102073,2.140463,2.140463,False,,False,,0,0,1,0,0,0,0,0,0,0,0,True,0,0,0,,0,0,,,0,,0,,False,0,0.0001,,master.reduced_cost_context,B2C_limited_pricing_diagnostic-diagnostic-root,a2d82b92e013438a4ba0a73a16c7c68e31690f9f4ad9cb1b481f9e1fc93a23fe,0.231295,0.0,0.231295,,78,78,78,0,150,2,1,46520,0,0,0,0,,,0,1,0,0,0,0,0,0,0,0,FOUND_NEGATIVE,False,0,0,False,False,0.232653,B2C_limited_pricing_diagnostic: limited pricing diagnostic cannot certify no-negative or provide an official bound.,,,False,,,,,,False,False,
5-scale full normalized objective,5,lunar_ice_sp50_005_007_seed679013,B2D_proof_tail_kernel_profile,diagnostic_only_no_certificate,B2D_proof_tail_kernel_profile,,0,,False,BPC_INCOMPLETE_PRICING,DIAGNOSTIC_PRICING_FRONTIER,FOUND_NEGATIVE,False,,,2.140463,lunar_ice_bpc.normalized_additive_objective.v1,normalized_operating_cost_risk_weighted_completion,1333.979087,48.336799552,1265.570346981,960.0,False,1140.865043,41.601061,1343.334187,770.97799,1719.799779,0.855234579,0.860649886,1.061445687,0.803102073,2.140463,2.140463,False,,False,,0,0,1,0,0,0,0,0,0,0,0,True,0,0,0,,0,0,,,0,,0,,False,0,0.000107,,master.reduced_cost_context,B2D_proof_tail_kernel_profile-diagnostic-root,af38df7cdb5cb7f0699e4a0384e6942152483eb49234c2dcca49444ff13a590b,0.232756,0.0,0.232756,,78,78,78,0,150,2,1,46520,0,0,0,0,,,0,1,0,0,0,0,0,0,0,0,FOUND_NEGATIVE,False,0,0,False,True,0.234055,B2D_proof_tail_kernel_profile: limited pricing diagnostic cannot certify no-negative or provide an official bound.,,,False,,,,,,False,False,
5-scale full normalized objective,5,lunar_ice_sp50_005_008_seed679014,B0_pure_direct_dp,fixed_graph_direct_dp_oracle,B0_pure_direct_dp,,0,,False,DIRECT_DP_BASELINE_OPTIMAL,DIRECT_DP_FIXED_GRAPH_OPTIMAL,,False,,,2.100262,lunar_ice_bpc.normalized_additive_objective.v1,normalized_operating_cost_risk_weighted_completion,1419.086468,47.876227855,1438.87651374,960.0,False,1183.208159,40.364345,1522.988579,755.306317,1832.767936,0.833781581,0.843097855,1.058456764,0.786777414,2.100262,2.100262,False,,False,,0,0,0,0,0,0,0,0,0,0,0,True,0,0,0,,0,0,,,0,,0,,False,0,,,,,,,,,,0,,0,0,0,0,0,0,0,0,0,0,,,0,0,0,0,0,0,0,0,0,0,,False,0,0,False,False,0.015939,,,,False,,,,,,False,False,
5-scale full normalized objective,5,lunar_ice_sp50_005_008_seed679014,B1A_full_universe_root_audit,accepted_B1,B1A_full_universe_root_audit,,31,31,True,BPC_GAP_AVAILABLE,BPC_NODE_LP_CERTIFIED,CERTIFIED_NO_NEGATIVE,True,b1_root_true_dual_pricing_closure,BPC_NODE_LP_CERTIFIED,2.100262,lunar_ice_bpc.normalized_additive_objective.v1,normalized_operating_cost_risk_weighted_completion,1419.086468,47.876227855,1438.87651374,960.0,False,1183.208159,40.364345,1522.988579,755.306317,1832.767936,0.833781581,0.843097855,1.058456764,0.786777414,2.100262,2.100262,False,2.100262,True,True,1,1,0,0,0,0,0,0,0,0,0,True,0,0,0,,0,0,True,True,0,,0,,False,0,,,,,,,,,,0,,0,0,0,0,0,0,0,0,0,0,,,0,0,0,0,0,0,0,0,0,0,,False,0,0,False,False,0.017594,,,,False,,,,,,False,False,
5-scale full normalized objective,5,lunar_ice_sp50_005_008_seed679014,B1B_seeded_root_CG,accepted_B1,B1B_seeded_root_CG,,6,31,False,BPC_GAP_AVAILABLE,BPC_NODE_LP_CERTIFIED,CERTIFIED_NO_NEGATIVE,True,b1_root_true_dual_pricing_closure,BPC_NODE_LP_CERTIFIED,2.100262,lunar_ice_bpc.normalized_additive_objective.v1,normalized_operating_cost_risk_weighted_completion,1419.086468,47.876227855,1438.87651374,960.0,False,1183.208159,40.364345,1522.988579,755.306317,1832.767936,0.833781581,0.843097855,1.058456764,0.786777414,2.100262,2.100262,False,2.100262,True,True,4,4,0,0,0,0,0,0,0,0,0,True,15,15,0,,0,0,True,True,0,,0,,False,0,,,,,,,,,,0,,0,0,0,0,0,0,0,0,0,0,,,0,0,0,0,0,0,0,0,0,0,,False,0,0,False,False,0.017994,,,,False,,,,,,False,False,
5-scale full normalized objective,5,lunar_ice_sp50_005_008_seed679014,B2_PRODUCT_EXACT_SOLVER,fixed_graph_direct_dp_product_exact,B2_PRODUCT_EXACT_SOLVER,,0,,False,DIRECT_DP_BASELINE_OPTIMAL,DIRECT_DP_FIXED_GRAPH_OPTIMAL,NOT_PRICED,False,,,2.100262,lunar_ice_bpc.normalized_additive_objective.v1,normalized_operating_cost_risk_weighted_completion,1419.086468,47.876227855,1438.87651374,960.0,False,1183.208159,40.364345,1522.988579,755.306317,1832.767936,0.833781581,0.843097855,1.058456764,0.786777414,2.100262,2.100262,False,,False,,0,0,0,0,0,0,0,0,0,0,0,True,0,0,0,,0,0,,,0,DIRECT_DP_FIXED_GRAPH_OPTIMAL,1,2.100262,True,1,,,,,,,,,,131,,131,0,0,31,0,1012,0,0,0,0,,,0,0,0,0,0,0,0,0,0,0,,False,0,0,False,False,9e-06,,,,False,,,,,,False,False,
5-scale full normalized objective,5,lunar_ice_sp50_005_008_seed679014,B2A_full_universe_rc_audit_fast_path,B1A_full_universe_root_audit,B2A_full_universe_rc_audit_fast_path,,31,31,True,BPC_GAP_AVAILABLE,BPC_NODE_LP_CERTIFIED,CERTIFIED_NO_NEGATIVE,True,b2a_full_universe_membership_rc_audit,BPC_NODE_LP_CERTIFIED,2.100262,lunar_ice_bpc.normalized_additive_objective.v1,normalized_operating_cost_risk_weighted_completion,1419.086468,47.876227855,1438.87651374,960.0,False,1183.208159,40.364345,1522.988579,755.306317,1832.767936,0.833781581,0.843097855,1.058456764,0.786777414,2.100262,2.100262,False,2.100262,True,True,1,0,0,0,0,0,0,0,0,0,0,True,0,0,0,,0,0,True,True,0,,0,,False,0,0.0,,,,,0.0,0.0,,,0,,0,0,0,0,0,0,0,0,0,0,0.0,0.0,0,0,0,0,0,0,0,0,0,0,,False,0,0,False,False,0.017515,,,,False,,,,,,False,False,"wall_time_lower,final_judge_call_count_lower,final_judge_wall_time_lower"
5-scale full normalized objective,5,lunar_ice_sp50_005_008_seed679014,B2B_seeded_tail_CG,B1B_seeded_root_CG,B2B_seeded_tail_CG,,6,31,False,BPC_GAP_AVAILABLE,BPC_NODE_LP_CERTIFIED,CERTIFIED_NO_NEGATIVE,True,b2b_true_dual_pricing_closure,BPC_NODE_LP_CERTIFIED,2.100262,lunar_ice_bpc.normalized_additive_objective.v1,normalized_operating_cost_risk_weighted_completion,1419.086468,47.876227855,1438.87651374,960.0,False,1183.208159,40.364345,1522.988579,755.306317,1832.767936,0.833781581,0.843097855,1.058456764,0.786777414,2.100262,2.100262,False,2.100262,True,True,4,4,15,15,0,0,0,0,0,15,15,True,15,15,0,,0,0,True,True,0,,0,,False,0,0.0,,,,,0.0,0.016468,,,0,,0,0,0,0,0,0,0,0,0,0,0.0,0.0,0,0,0,0,0,0,0,0,0,0,,False,0,0,False,False,0.084856,,,,False,,,,,,False,False,final_judge_wall_time_lower
5-scale full normalized objective,5,lunar_ice_sp50_005_008_seed679014,B2B_R2_worker_before_final_judge,B1B_seeded_root_CG,B2B_R2_worker_before_final_judge,b2b_r2_lightweight_no_full_universe_enumeration,6,,False,BPC_GAP_AVAILABLE,BPC_NODE_LP_CERTIFIED,CERTIFIED_NO_NEGATIVE,True,b2b_r2_true_dual_final_judge_closure,BPC_NODE_LP_CERTIFIED,2.100262,lunar_ice_bpc.normalized_additive_objective.v1,normalized_operating_cost_risk_weighted_completion,1419.086468,47.876227855,1438.87651374,960.0,False,1183.208159,40.364345,1522.988579,755.306317,1832.767936,0.833781581,0.843097855,1.058456764,0.786777414,2.100262,2.100262,False,2.100262,True,True,6,2,36,36,0,0,0,0,0,36,36,True,15,15,0,,0,0,True,True,0,,0,,False,0,0.001718,LOCAL_NO_COLUMN_UNCERTIFIED,master.reduced_cost_context,B2B_R2_worker_before_final_judge-root-6,7a1c899ae10d966b5adb5a7a5105081c375673992eb594f5487d4ec081b4e37d,0.639253,0.03297,0.056663,0.056663,3164,433,3164,269382,16349,325,224,269382,0,0,0,0,0.0,0.0,133,29,0,597,6,5,5,1,0,4,FINAL_JUDGE_CERTIFIED_NO_NEGATIVE,False,3164,0,False,True,0.677344,,,,False,,,,,,False,False,"final_judge_call_count_lower,time_to_first_addable_negative_available,worker_found_addable_negative"
5-scale full normalized objective,5,lunar_ice_sp50_005_008_seed679014,B2B_R3_true_dual_negative_search_worker,B1B_seeded_root_CG,B2B_R3_true_dual_negative_search_worker,b2b_r3_lightweight_no_full_universe_enumeration,6,,False,BPC_GAP_AVAILABLE,BPC_NODE_LP_CERTIFIED,CERTIFIED_NO_NEGATIVE,True,b2b_r3_true_dual_final_judge_closure,BPC_NODE_LP_CERTIFIED,2.100262,lunar_ice_bpc.normalized_additive_objective.v1,normalized_operating_cost_risk_weighted_completion,1419.086468,47.876227855,1438.87651374,960.0,False,1183.208159,40.364345,1522.988579,755.306317,1832.767936,0.833781581,0.843097855,1.058456764,0.786777414,2.100262,2.100262,False,2.100262,True,True,6,2,36,36,0,0,0,0,0,36,36,True,15,15,0,,0,0,True,True,0,,0,,False,0,0.001557,LOCAL_NO_COLUMN_UNCERTIFIED,master.reduced_cost_context,B2B_R3_true_dual_negative_search_worker-root-6,b42f82448bcca596b62b3ad435e137aee89b85cdbaefb30c3c77aaca201a40d9,0.636501,0.031831,0.057079,0.057079,3164,433,3164,269382,16349,325,224,269382,0,0,0,0,0.0,0.0,133,29,0,597,6,5,5,1,0,4,FINAL_JUDGE_CERTIFIED_NO_NEGATIVE,False,3164,0,False,True,0.673085,,,,False,,,,,,False,False,"final_judge_call_count_lower,time_to_first_addable_negative_available,worker_found_addable_negative"
5-scale full normalized objective,5,lunar_ice_sp50_005_008_seed679014,B2C_limited_pricing_diagnostic,diagnostic_only_no_certificate,B2C_limited_pricing_diagnostic,,0,,False,BPC_INCOMPLETE_PRICING,DIAGNOSTIC_PRICING_FRONTIER,FOUND_NEGATIVE,False,,,2.100262,lunar_ice_bpc.normalized_additive_objective.v1,normalized_operating_cost_risk_weighted_completion,1419.086468,47.876227855,1438.87651374,960.0,False,1183.208159,40.364345,1522.988579,755.306317,1832.767936,0.833781581,0.843097855,1.058456764,0.786777414,2.100262,2.100262,False,,False,,0,0,1,0,0,0,0,0,0,0,0,True,0,0,0,,0,0,,,0,,0,,False,0,0.000106,,master.reduced_cost_context,B2C_limited_pricing_diagnostic-diagnostic-root,57c81b78acd03b0256f8c7880d68d8cb56e567743c7489838e0a2d467b984542,0.205548,0.0,0.205548,,131,131,131,0,272,2,1,37174,0,0,0,0,,,0,1,0,0,0,0,0,0,0,0,FOUND_NEGATIVE,False,0,0,False,False,0.207514,B2C_limited_pricing_diagnostic: limited pricing diagnostic cannot certify no-negative or provide an official bound.,,,False,,,,,,False,False,
5-scale full normalized objective,5,lunar_ice_sp50_005_008_seed679014,B2D_proof_tail_kernel_profile,diagnostic_only_no_certificate,B2D_proof_tail_kernel_profile,,0,,False,BPC_INCOMPLETE_PRICING,DIAGNOSTIC_PRICING_FRONTIER,FOUND_NEGATIVE,False,,,2.100262,lunar_ice_bpc.normalized_additive_objective.v1,normalized_operating_cost_risk_weighted_completion,1419.086468,47.876227855,1438.87651374,960.0,False,1183.208159,40.364345,1522.988579,755.306317,1832.767936,0.833781581,0.843097855,1.058456764,0.786777414,2.100262,2.100262,False,,False,,0,0,1,0,0,0,0,0,0,0,0,True,0,0,0,,0,0,,,0,,0,,False,0,0.000114,,master.reduced_cost_context,B2D_proof_tail_kernel_profile-diagnostic-root,5852b32ac0c6c8481c2c2f8f30ca62375094db2e1efa508fbfa0d9e02c419b79,0.207565,0.0,0.207565,,131,131,131,0,272,2,1,37174,0,0,0,0,,,0,1,0,0,0,0,0,0,0,0,FOUND_NEGATIVE,False,0,0,False,True,0.20935,B2D_proof_tail_kernel_profile: limited pricing diagnostic cannot certify no-negative or provide an official bound.,,,False,,,,,,False,False,
5-scale full normalized objective,5,lunar_ice_sp50_005_009_seed679015,B0_pure_direct_dp,fixed_graph_direct_dp_oracle,B0_pure_direct_dp,,0,,False,DIRECT_DP_BASELINE_OPTIMAL,DIRECT_DP_FIXED_GRAPH_OPTIMAL,,False,,,2.096863,lunar_ice_bpc.normalized_additive_objective.v1,normalized_operating_cost_risk_weighted_completion,1341.626386,44.644753897,1370.857981598,960.0,False,1131.284704,37.02373,1454.301551,851.590374,1750.029054,0.843218884,0.829296317,1.060869594,0.887073306,2.096863,2.096863,False,,False,,0,0,0,0,0,0,0,0,0,0,0,True,0,0,0,,0,0,,,0,,0,,False,0,,,,,,,,,,0,,0,0,0,0,0,0,0,0,0,0,,,0,0,0,0,0,0,0,0,0,0,,False,0,0,False,False,0.008395,,,,False,,,,,,False,False,
5-scale full normalized objective,5,lunar_ice_sp50_005_009_seed679015,B1A_full_universe_root_audit,accepted_B1,B1A_full_universe_root_audit,,31,31,True,BPC_GAP_AVAILABLE,BPC_NODE_LP_CERTIFIED,CERTIFIED_NO_NEGATIVE,True,b1_root_true_dual_pricing_closure,BPC_NODE_LP_CERTIFIED,2.096863,lunar_ice_bpc.normalized_additive_objective.v1,normalized_operating_cost_risk_weighted_completion,1341.626386,44.644753897,1370.857981598,960.0,False,1131.284704,37.02373,1454.301551,851.590374,1750.029054,0.843218884,0.829296317,1.060869594,0.887073306,2.096863,2.096863,False,2.096863,True,True,1,1,0,0,0,0,0,0,0,0,0,True,0,0,0,,0,0,True,True,0,,0,,False,0,,,,,,,,,,0,,0,0,0,0,0,0,0,0,0,0,,,0,0,0,0,0,0,0,0,0,0,,False,0,0,False,False,0.008789,,,,False,,,,,,False,False,
5-scale full normalized objective,5,lunar_ice_sp50_005_009_seed679015,B1B_seeded_root_CG,accepted_B1,B1B_seeded_root_CG,,6,31,False,BPC_GAP_AVAILABLE,BPC_NODE_LP_CERTIFIED,CERTIFIED_NO_NEGATIVE,True,b1_root_true_dual_pricing_closure,BPC_NODE_LP_CERTIFIED,2.096863,lunar_ice_bpc.normalized_additive_objective.v1,normalized_operating_cost_risk_weighted_completion,1341.626386,44.644753897,1370.857981598,960.0,False,1131.284704,37.02373,1454.301551,851.590374,1750.029054,0.843218884,0.829296317,1.060869594,0.887073306,2.096863,2.096863,False,2.096863,True,True,4,4,0,0,0,0,0,0,0,0,0,True,19,19,0,,0,0,True,True,0,,0,,False,0,,,,,,,,,,0,,0,0,0,0,0,0,0,0,0,0,,,0,0,0,0,0,0,0,0,0,0,,False,0,0,False,False,0.009902,,,,False,,,,,,False,False,
5-scale full normalized objective,5,lunar_ice_sp50_005_009_seed679015,B2_PRODUCT_EXACT_SOLVER,fixed_graph_direct_dp_product_exact,B2_PRODUCT_EXACT_SOLVER,,0,,False,DIRECT_DP_BASELINE_OPTIMAL,DIRECT_DP_FIXED_GRAPH_OPTIMAL,NOT_PRICED,False,,,2.096863,lunar_ice_bpc.normalized_additive_objective.v1,normalized_operating_cost_risk_weighted_completion,1341.626386,44.644753897,1370.857981598,960.0,False,1131.284704,37.02373,1454.301551,851.590374,1750.029054,0.843218884,0.829296317,1.060869594,0.887073306,2.096863,2.096863,False,,False,,0,0,0,0,0,0,0,0,0,0,0,True,0,0,0,,0,0,,,0,DIRECT_DP_FIXED_GRAPH_OPTIMAL,1,2.096863,True,1,,,,,,,,,,47,,47,0,0,31,0,369,0,0,0,0,,,0,0,0,0,0,0,0,0,0,0,,False,0,0,False,False,9e-06,,,,False,,,,,,False,False,
5-scale full normalized objective,5,lunar_ice_sp50_005_009_seed679015,B2A_full_universe_rc_audit_fast_path,B1A_full_universe_root_audit,B2A_full_universe_rc_audit_fast_path,,31,31,True,BPC_GAP_AVAILABLE,BPC_NODE_LP_CERTIFIED,CERTIFIED_NO_NEGATIVE,True,b2a_full_universe_membership_rc_audit,BPC_NODE_LP_CERTIFIED,2.096863,lunar_ice_bpc.normalized_additive_objective.v1,normalized_operating_cost_risk_weighted_completion,1341.626386,44.644753897,1370.857981598,960.0,False,1131.284704,37.02373,1454.301551,851.590374,1750.029054,0.843218884,0.829296317,1.060869594,0.887073306,2.096863,2.096863,False,2.096863,True,True,1,0,0,0,0,0,0,0,0,0,0,True,0,0,0,,0,0,True,True,0,,0,,False,0,0.0,,,,,0.0,0.0,,,0,,0,0,0,0,0,0,0,0,0,0,0.0,0.0,0,0,0,0,0,0,0,0,0,0,,False,0,0,False,False,0.009215,,,,False,,,,,,False,False,"final_judge_call_count_lower,final_judge_wall_time_lower"
5-scale full normalized objective,5,lunar_ice_sp50_005_009_seed679015,B2B_seeded_tail_CG,B1B_seeded_root_CG,B2B_seeded_tail_CG,,6,31,False,BPC_GAP_AVAILABLE,BPC_NODE_LP_CERTIFIED,CERTIFIED_NO_NEGATIVE,True,b2b_true_dual_pricing_closure,BPC_NODE_LP_CERTIFIED,2.096863,lunar_ice_bpc.normalized_additive_objective.v1,normalized_operating_cost_risk_weighted_completion,1341.626386,44.644753897,1370.857981598,960.0,False,1131.284704,37.02373,1454.301551,851.590374,1750.029054,0.843218884,0.829296317,1.060869594,0.887073306,2.096863,2.096863,False,2.096863,True,True,4,4,19,19,0,0,0,0,0,19,19,True,19,19,0,,0,0,True,True,0,,0,,False,0,0.0,,,,,0.0,0.007576,,,0,,0,0,0,0,0,0,0,0,0,0,0.0,0.0,0,0,0,0,0,0,0,0,0,0,,False,0,0,False,False,0.040677,,,,False,,,,,,False,False,final_judge_wall_time_lower
5-scale full normalized objective,5,lunar_ice_sp50_005_009_seed679015,B2B_R2_worker_before_final_judge,B1B_seeded_root_CG,B2B_R2_worker_before_final_judge,b2b_r2_lightweight_no_full_universe_enumeration,6,,False,BPC_GAP_AVAILABLE,BPC_NODE_LP_CERTIFIED,CERTIFIED_NO_NEGATIVE,True,b2b_r2_true_dual_final_judge_closure,BPC_NODE_LP_CERTIFIED,2.096863,lunar_ice_bpc.normalized_additive_objective.v1,normalized_operating_cost_risk_weighted_completion,1341.626386,44.644753897,1370.857981598,960.0,False,1131.284704,37.02373,1454.301551,851.590374,1750.029054,0.843218884,0.829296317,1.060869594,0.887073306,2.096863,2.096863,False,2.096863,True,True,4,1,39,39,0,0,0,0,0,39,39,True,13,13,0,,0,0,True,True,0,,0,,False,0,0.000929,FOUND_NEGATIVE,master.reduced_cost_context,B2B_R2_worker_before_final_judge-root-4,f345382f4690308be56f6b38c03fc31f81b535a2162e8b002c6b61801cb9ace6,0.320496,0.007596,0.024477,0.024477,926,213,926,177228,5638,210,136,177228,0,0,0,0,0.0,0.0,78,27,0,240,4,4,4,0,0,3,FINAL_JUDGE_CERTIFIED_NO_NEGATIVE,False,926,0,False,True,0.331483,,,,False,,,,,,False,False,"final_judge_call_count_lower,final_judge_wall_time_lower,time_to_first_addable_negative_available,worker_found_addable_negative"
5-scale full normalized objective,5,lunar_ice_sp50_005_009_seed679015,B2B_R3_true_dual_negative_search_worker,B1B_seeded_root_CG,B2B_R3_true_dual_negative_search_worker,b2b_r3_lightweight_no_full_universe_enumeration,6,,False,BPC_GAP_AVAILABLE,BPC_NODE_LP_CERTIFIED,CERTIFIED_NO_NEGATIVE,True,b2b_r3_true_dual_final_judge_closure,BPC_NODE_LP_CERTIFIED,2.096863,lunar_ice_bpc.normalized_additive_objective.v1,normalized_operating_cost_risk_weighted_completion,1341.626386,44.644753897,1370.857981598,960.0,False,1131.284704,37.02373,1454.301551,851.590374,1750.029054,0.843218884,0.829296317,1.060869594,0.887073306,2.096863,2.096863,False,2.096863,True,True,4,1,39,39,0,0,0,0,0,39,39,True,13,13,0,,0,0,True,True,0,,0,,False,0,0.000997,FOUND_NEGATIVE,master.reduced_cost_context,B2B_R3_true_dual_negative_search_worker-root-4,7ba2840f349b671a3573f8e064a53a099defd8970b649e6ed0abadb31da74046,0.325528,0.007336,0.025172,0.025172,926,213,926,177228,5638,210,136,177228,0,0,0,0,0.0,0.0,78,27,0,240,4,4,4,0,0,3,FINAL_JUDGE_CERTIFIED_NO_NEGATIVE,False,926,0,False,True,0.337068,,,,False,,,,,,False,False,"final_judge_call_count_lower,final_judge_wall_time_lower,time_to_first_addable_negative_available,worker_found_addable_negative"
5-scale full normalized objective,5,lunar_ice_sp50_005_009_seed679015,B2C_limited_pricing_diagnostic,diagnostic_only_no_certificate,B2C_limited_pricing_diagnostic,,0,,False,BPC_INCOMPLETE_PRICING,DIAGNOSTIC_PRICING_FRONTIER,FOUND_NEGATIVE,False,,,2.096863,lunar_ice_bpc.normalized_additive_objective.v1,normalized_operating_cost_risk_weighted_completion,1341.626386,44.644753897,1370.857981598,960.0,False,1131.284704,37.02373,1454.301551,851.590374,1750.029054,0.843218884,0.829296317,1.060869594,0.887073306,2.096863,2.096863,False,,False,,0,0,1,0,0,0,0,0,0,0,0,True,0,0,0,,0,0,,,0,,0,,False,0,0.000101,,master.reduced_cost_context,B2C_limited_pricing_diagnostic-diagnostic-root,92c567abb4ab805e047c904774cc01d2e0ee505fea80d9f64578898a821aca3a,0.190406,0.0,0.190406,,47,47,47,0,108,2,1,39625,0,0,0,0,,,0,1,0,0,0,0,0,0,0,0,FOUND_NEGATIVE,False,0,0,False,False,0.191791,B2C_limited_pricing_diagnostic: limited pricing diagnostic cannot certify no-negative or provide an official bound.,,,False,,,,,,False,False,
5-scale full normalized objective,5,lunar_ice_sp50_005_009_seed679015,B2D_proof_tail_kernel_profile,diagnostic_only_no_certificate,B2D_proof_tail_kernel_profile,,0,,False,BPC_INCOMPLETE_PRICING,DIAGNOSTIC_PRICING_FRONTIER,FOUND_NEGATIVE,False,,,2.096863,lunar_ice_bpc.normalized_additive_objective.v1,normalized_operating_cost_risk_weighted_completion,1341.626386,44.644753897,1370.857981598,960.0,False,1131.284704,37.02373,1454.301551,851.590374,1750.029054,0.843218884,0.829296317,1.060869594,0.887073306,2.096863,2.096863,False,,False,,0,0,1,0,0,0,0,0,0,0,0,True,0,0,0,,0,0,,,0,,0,,False,0,9.9e-05,,master.reduced_cost_context,B2D_proof_tail_kernel_profile-diagnostic-root,d7b73b3d201e913b96ec4b5e2a7440c8b100e1bf5d7a1d5c1c8176b41283ba25,0.190044,0.0,0.190044,,47,47,47,0,108,2,1,39625,0,0,0,0,,,0,1,0,0,0,0,0,0,0,0,FOUND_NEGATIVE,False,0,0,False,True,0.19133,B2D_proof_tail_kernel_profile: limited pricing diagnostic cannot certify no-negative or provide an official bound.,,,False,,,,,,False,False,
5-scale full normalized objective,5,lunar_ice_sp50_005_010_seed679016,B0_pure_direct_dp,fixed_graph_direct_dp_oracle,B0_pure_direct_dp,,0,,False,DIRECT_DP_BASELINE_OPTIMAL,DIRECT_DP_FIXED_GRAPH_OPTIMAL,,False,,,2.204695,lunar_ice_bpc.normalized_additive_objective.v1,normalized_operating_cost_risk_weighted_completion,1118.676065,40.826546388,1182.201927245,960.0,False,966.565595,36.849574,1294.749056,630.029506,1521.314791,0.864026348,0.902588567,1.095201273,0.656280735,2.204695,2.204695,False,,False,,0,0,0,0,0,0,0,0,0,0,0,True,0,0,0,,0,0,,,0,,0,,False,0,,,,,,,,,,0,,0,0,0,0,0,0,0,0,0,0,,,0,0,0,0,0,0,0,0,0,0,,False,0,0,False,False,0.014206,,,,False,,,,,,False,False,
5-scale full normalized objective,5,lunar_ice_sp50_005_010_seed679016,B1A_full_universe_root_audit,accepted_B1,B1A_full_universe_root_audit,,31,31,True,BPC_GAP_AVAILABLE,BPC_NODE_LP_CERTIFIED,CERTIFIED_NO_NEGATIVE,True,b1_root_true_dual_pricing_closure,BPC_NODE_LP_CERTIFIED,2.204695,lunar_ice_bpc.normalized_additive_objective.v1,normalized_operating_cost_risk_weighted_completion,1118.676065,40.826546388,1182.201927245,960.0,False,966.565595,36.849574,1294.749056,630.029506,1521.314791,0.864026348,0.902588567,1.095201273,0.656280735,2.204695,2.204695,False,2.204695,True,True,1,1,0,0,0,0,0,0,0,0,0,True,0,0,0,,0,0,True,True,0,,0,,False,0,,,,,,,,,,0,,0,0,0,0,0,0,0,0,0,0,,,0,0,0,0,0,0,0,0,0,0,,False,0,0,False,False,0.015465,,,,False,,,,,,False,False,
5-scale full normalized objective,5,lunar_ice_sp50_005_010_seed679016,B1B_seeded_root_CG,accepted_B1,B1B_seeded_root_CG,,6,31,False,BPC_GAP_AVAILABLE,BPC_NODE_LP_CERTIFIED,CERTIFIED_NO_NEGATIVE,True,b1_root_true_dual_pricing_closure,BPC_NODE_LP_CERTIFIED,2.204695,lunar_ice_bpc.normalized_additive_objective.v1,normalized_operating_cost_risk_weighted_completion,1118.676065,40.826546388,1182.201927245,960.0,False,966.565595,36.849574,1294.749056,630.029506,1521.314791,0.864026348,0.902588567,1.095201273,0.656280735,2.204695,2.204695,False,2.204695,True,True,3,3,0,0,0,0,0,0,0,0,0,True,15,15,0,,0,0,True,True,0,,0,,False,0,,,,,,,,,,0,,0,0,0,0,0,0,0,0,0,0,,,0,0,0,0,0,0,0,0,0,0,,False,0,0,False,False,0.015302,,,,False,,,,,,False,False,
5-scale full normalized objective,5,lunar_ice_sp50_005_010_seed679016,B2_PRODUCT_EXACT_SOLVER,fixed_graph_direct_dp_product_exact,B2_PRODUCT_EXACT_SOLVER,,0,,False,DIRECT_DP_BASELINE_OPTIMAL,DIRECT_DP_FIXED_GRAPH_OPTIMAL,NOT_PRICED,False,,,2.204695,lunar_ice_bpc.normalized_additive_objective.v1,normalized_operating_cost_risk_weighted_completion,1118.676065,40.826546388,1182.201927245,960.0,False,966.565595,36.849574,1294.749056,630.029506,1521.314791,0.864026348,0.902588567,1.095201273,0.656280735,2.204695,2.204695,False,,False,,0,0,0,0,0,0,0,0,0,0,0,True,0,0,0,,0,0,,,0,DIRECT_DP_FIXED_GRAPH_OPTIMAL,1,2.204695,True,1,,,,,,,,,,131,,131,0,0,31,0,807,0,0,0,0,,,0,0,0,0,0,0,0,0,0,0,,False,0,0,False,False,1.6e-05,,,,False,,,,,,False,False,
5-scale full normalized objective,5,lunar_ice_sp50_005_010_seed679016,B2A_full_universe_rc_audit_fast_path,B1A_full_universe_root_audit,B2A_full_universe_rc_audit_fast_path,,31,31,True,BPC_GAP_AVAILABLE,BPC_NODE_LP_CERTIFIED,CERTIFIED_NO_NEGATIVE,True,b2a_full_universe_membership_rc_audit,BPC_NODE_LP_CERTIFIED,2.204695,lunar_ice_bpc.normalized_additive_objective.v1,normalized_operating_cost_risk_weighted_completion,1118.676065,40.826546388,1182.201927245,960.0,False,966.565595,36.849574,1294.749056,630.029506,1521.314791,0.864026348,0.902588567,1.095201273,0.656280735,2.204695,2.204695,False,2.204695,True,True,1,0,0,0,0,0,0,0,0,0,0,True,0,0,0,,0,0,True,True,0,,0,,False,0,0.0,,,,,0.0,0.0,,,0,,0,0,0,0,0,0,0,0,0,0,0.0,0.0,0,0,0,0,0,0,0,0,0,0,,False,0,0,False,False,0.014706,,,,False,,,,,,False,False,"wall_time_lower,final_judge_call_count_lower,final_judge_wall_time_lower"
5-scale full normalized objective,5,lunar_ice_sp50_005_010_seed679016,B2B_seeded_tail_CG,B1B_seeded_root_CG,B2B_seeded_tail_CG,,6,31,False,BPC_GAP_AVAILABLE,BPC_NODE_LP_CERTIFIED,CERTIFIED_NO_NEGATIVE,True,b2b_true_dual_pricing_closure,BPC_NODE_LP_CERTIFIED,2.204695,lunar_ice_bpc.normalized_additive_objective.v1,normalized_operating_cost_risk_weighted_completion,1118.676065,40.826546388,1182.201927245,960.0,False,966.565595,36.849574,1294.749056,630.029506,1521.314791,0.864026348,0.902588567,1.095201273,0.656280735,2.204695,2.204695,False,2.204695,True,True,3,3,15,15,0,0,0,0,0,15,15,True,15,15,0,,0,0,True,True,0,,0,,False,0,0.0,,,,,0.0,0.013822,,,0,,0,0,0,0,0,0,0,0,0,0,0.0,0.0,0,0,0,0,0,0,0,0,0,0,,False,0,0,False,False,0.057982,,,,False,,,,,,False,False,final_judge_wall_time_lower
5-scale full normalized objective,5,lunar_ice_sp50_005_010_seed679016,B2B_R2_worker_before_final_judge,B1B_seeded_root_CG,B2B_R2_worker_before_final_judge,b2b_r2_lightweight_no_full_universe_enumeration,6,,False,BPC_GAP_AVAILABLE,BPC_NODE_LP_CERTIFIED,CERTIFIED_NO_NEGATIVE,True,b2b_r2_true_dual_final_judge_closure,BPC_NODE_LP_CERTIFIED,2.204695,lunar_ice_bpc.normalized_additive_objective.v1,normalized_operating_cost_risk_weighted_completion,1118.676065,40.826546388,1182.201927245,960.0,False,966.565595,36.849574,1294.749056,630.029506,1521.314791,0.864026348,0.902588567,1.095201273,0.656280735,2.204695,2.204695,False,2.204695,True,True,6,2,36,36,0,0,0,0,0,36,36,True,16,16,0,,0,0,True,True,0,,0,,False,0,0.001662,LOCAL_NO_COLUMN_UNCERTIFIED,master.reduced_cost_context,B2B_R2_worker_before_final_judge-root-6,ef30d9d884fee812a1b037dd73ba2091c306fe1317d3abd65cdf7e5f0c23f10f,0.401834,0.028283,0.037277,0.037277,3088,403,3088,147602,13078,329,226,147602,0,0,0,0,0.0,0.0,134,30,0,610,6,5,5,1,0,4,FINAL_JUDGE_CERTIFIED_NO_NEGATIVE,False,3088,0,False,True,0.434615,,,,False,,,,,,False,False,"final_judge_call_count_lower,time_to_first_addable_negative_available,worker_found_addable_negative,added_to_master_count_higher"
5-scale full normalized objective,5,lunar_ice_sp50_005_010_seed679016,B2B_R3_true_dual_negative_search_worker,B1B_seeded_root_CG,B2B_R3_true_dual_negative_search_worker,b2b_r3_lightweight_no_full_universe_enumeration,6,,False,BPC_GAP_AVAILABLE,BPC_NODE_LP_CERTIFIED,CERTIFIED_NO_NEGATIVE,True,b2b_r3_true_dual_final_judge_closure,BPC_NODE_LP_CERTIFIED,2.204695,lunar_ice_bpc.normalized_additive_objective.v1,normalized_operating_cost_risk_weighted_completion,1118.676065,40.826546388,1182.201927245,960.0,False,966.565595,36.849574,1294.749056,630.029506,1521.314791,0.864026348,0.902588567,1.095201273,0.656280735,2.204695,2.204695,False,2.204695,True,True,6,2,36,36,0,0,0,0,0,36,36,True,16,16,0,,0,0,True,True,0,,0,,False,0,0.001682,LOCAL_NO_COLUMN_UNCERTIFIED,master.reduced_cost_context,B2B_R3_true_dual_negative_search_worker-root-6,bb644933c3cedb9f854ceb61fc429f05b3bb1de0be8302dec6df5cb267f80364,0.403352,0.028142,0.03729,0.03729,3088,403,3088,147602,13078,329,226,147602,0,0,0,0,0.0,0.0,134,30,0,610,6,5,5,1,0,4,FINAL_JUDGE_CERTIFIED_NO_NEGATIVE,False,3088,0,False,True,0.435914,,,,False,,,,,,False,False,"final_judge_call_count_lower,time_to_first_addable_negative_available,worker_found_addable_negative,added_to_master_count_higher"
5-scale full normalized objective,5,lunar_ice_sp50_005_010_seed679016,B2C_limited_pricing_diagnostic,diagnostic_only_no_certificate,B2C_limited_pricing_diagnostic,,0,,False,BPC_INCOMPLETE_PRICING,DIAGNOSTIC_PRICING_FRONTIER,FOUND_NEGATIVE,False,,,2.204695,lunar_ice_bpc.normalized_additive_objective.v1,normalized_operating_cost_risk_weighted_completion,1118.676065,40.826546388,1182.201927245,960.0,False,966.565595,36.849574,1294.749056,630.029506,1521.314791,0.864026348,0.902588567,1.095201273,0.656280735,2.204695,2.204695,False,,False,,0,0,1,0,0,0,0,0,0,0,0,True,0,0,0,,0,0,,,0,,0,,False,0,0.000102,,master.reduced_cost_context,B2C_limited_pricing_diagnostic-diagnostic-root,0bcd0e82f3cf1681d5de0c456ee72f0728caafcd3af4bdf4febe334c1f95d6ab,0.11561,0.0,0.11561,,131,131,131,0,331,2,1,19957,0,0,0,0,,,0,1,0,0,0,0,0,0,0,0,FOUND_NEGATIVE,False,0,0,False,False,0.116729,B2C_limited_pricing_diagnostic: limited pricing diagnostic cannot certify no-negative or provide an official bound.,,,False,,,,,,False,False,
5-scale full normalized objective,5,lunar_ice_sp50_005_010_seed679016,B2D_proof_tail_kernel_profile,diagnostic_only_no_certificate,B2D_proof_tail_kernel_profile,,0,,False,BPC_INCOMPLETE_PRICING,DIAGNOSTIC_PRICING_FRONTIER,FOUND_NEGATIVE,False,,,2.204695,lunar_ice_bpc.normalized_additive_objective.v1,normalized_operating_cost_risk_weighted_completion,1118.676065,40.826546388,1182.201927245,960.0,False,966.565595,36.849574,1294.749056,630.029506,1521.314791,0.864026348,0.902588567,1.095201273,0.656280735,2.204695,2.204695,False,,False,,0,0,1,0,0,0,0,0,0,0,0,True,0,0,0,,0,0,,,0,,0,,False,0,0.000115,,master.reduced_cost_context,B2D_proof_tail_kernel_profile-diagnostic-root,da657dd52bb3cca5690bacd3d36fc54f710f2a30c8f70c2e5fcad0d883111d15,0.115744,0.0,0.115744,,131,131,131,0,331,2,1,19957,0,0,0,0,,,0,1,0,0,0,0,0,0,0,0,FOUND_NEGATIVE,False,0,0,False,True,0.116872,B2D_proof_tail_kernel_profile: limited pricing diagnostic cannot certify no-negative or provide an official bound.,,,False,,,,,,False,False,
5-scale full normalized objective,5,lunar_ice_sp50_005_011_seed679017,B0_pure_direct_dp,fixed_graph_direct_dp_oracle,B0_pure_direct_dp,,0,,False,DIRECT_DP_BASELINE_OPTIMAL,DIRECT_DP_FIXED_GRAPH_OPTIMAL,,False,,,2.087922,lunar_ice_bpc.normalized_additive_objective.v1,normalized_operating_cost_risk_weighted_completion,1258.588425,45.038558922,1285.438416574,960.0,False,1048.257026,37.20217,1378.733287,727.580691,1636.952511,0.832883098,0.826007112,1.07257825,0.757896553,2.087922,2.087922,False,,False,,0,0,0,0,0,0,0,0,0,0,0,True,0,0,0,,0,0,,,0,,0,,False,0,,,,,,,,,,0,,0,0,0,0,0,0,0,0,0,0,,,0,0,0,0,0,0,0,0,0,0,,False,0,0,False,False,0.009392,,,,False,,,,,,False,False,
5-scale full normalized objective,5,lunar_ice_sp50_005_011_seed679017,B1A_full_universe_root_audit,accepted_B1,B1A_full_universe_root_audit,,31,31,True,BPC_GAP_AVAILABLE,BPC_NODE_LP_CERTIFIED,CERTIFIED_NO_NEGATIVE,True,b1_root_true_dual_pricing_closure,BPC_NODE_LP_CERTIFIED,2.087922,lunar_ice_bpc.normalized_additive_objective.v1,normalized_operating_cost_risk_weighted_completion,1258.588425,45.038558922,1285.438416574,960.0,False,1048.257026,37.20217,1378.733287,727.580691,1636.952511,0.832883098,0.826007112,1.07257825,0.757896553,2.087922,2.087922,False,2.087922,True,True,1,1,0,0,0,0,0,0,0,0,0,True,0,0,0,,0,0,True,True,0,,0,,False,0,,,,,,,,,,0,,0,0,0,0,0,0,0,0,0,0,,,0,0,0,0,0,0,0,0,0,0,,False,0,0,False,False,0.01053,,,,False,,,,,,False,False,
5-scale full normalized objective,5,lunar_ice_sp50_005_011_seed679017,B1B_seeded_root_CG,accepted_B1,B1B_seeded_root_CG,,6,31,False,BPC_GAP_AVAILABLE,BPC_NODE_LP_CERTIFIED,CERTIFIED_NO_NEGATIVE,True,b1_root_true_dual_pricing_closure,BPC_NODE_LP_CERTIFIED,2.087922,lunar_ice_bpc.normalized_additive_objective.v1,normalized_operating_cost_risk_weighted_completion,1258.588425,45.038558922,1285.438416574,960.0,False,1048.257026,37.20217,1378.733287,727.580691,1636.952511,0.832883098,0.826007112,1.07257825,0.757896553,2.087922,2.087922,False,2.087922,True,True,3,3,0,0,0,0,0,0,0,0,0,True,15,15,0,,0,0,True,True,0,,0,,False,0,,,,,,,,,,0,,0,0,0,0,0,0,0,0,0,0,,,0,0,0,0,0,0,0,0,0,0,,False,0,0,False,False,0.010423,,,,False,,,,,,False,False,
5-scale full normalized objective,5,lunar_ice_sp50_005_011_seed679017,B2_PRODUCT_EXACT_SOLVER,fixed_graph_direct_dp_product_exact,B2_PRODUCT_EXACT_SOLVER,,0,,False,DIRECT_DP_BASELINE_OPTIMAL,DIRECT_DP_FIXED_GRAPH_OPTIMAL,NOT_PRICED,False,,,2.087922,lunar_ice_bpc.normalized_additive_objective.v1,normalized_operating_cost_risk_weighted_completion,1258.588425,45.038558922,1285.438416574,960.0,False,1048.257026,37.20217,1378.733287,727.580691,1636.952511,0.832883098,0.826007112,1.07257825,0.757896553,2.087922,2.087922,False,,False,,0,0,0,0,0,0,0,0,0,0,0,True,0,0,0,,0,0,,,0,DIRECT_DP_FIXED_GRAPH_OPTIMAL,1,2.087922,True,1,,,,,,,,,,57,,57,0,0,31,0,535,0,0,0,0,,,0,0,0,0,0,0,0,0,0,0,,False,0,0,False,False,9e-06,,,,False,,,,,,False,False,
5-scale full normalized objective,5,lunar_ice_sp50_005_011_seed679017,B2A_full_universe_rc_audit_fast_path,B1A_full_universe_root_audit,B2A_full_universe_rc_audit_fast_path,,31,31,True,BPC_GAP_AVAILABLE,BPC_NODE_LP_CERTIFIED,CERTIFIED_NO_NEGATIVE,True,b2a_full_universe_membership_rc_audit,BPC_NODE_LP_CERTIFIED,2.087922,lunar_ice_bpc.normalized_additive_objective.v1,normalized_operating_cost_risk_weighted_completion,1258.588425,45.038558922,1285.438416574,960.0,False,1048.257026,37.20217,1378.733287,727.580691,1636.952511,0.832883098,0.826007112,1.07257825,0.757896553,2.087922,2.087922,False,2.087922,True,True,1,0,0,0,0,0,0,0,0,0,0,True,0,0,0,,0,0,True,True,0,,0,,False,0,0.0,,,,,0.0,0.0,,,0,,0,0,0,0,0,0,0,0,0,0,0.0,0.0,0,0,0,0,0,0,0,0,0,0,,False,0,0,False,False,0.010248,,,,False,,,,,,False,False,"wall_time_lower,final_judge_call_count_lower,final_judge_wall_time_lower"
5-scale full normalized objective,5,lunar_ice_sp50_005_011_seed679017,B2B_seeded_tail_CG,B1B_seeded_root_CG,B2B_seeded_tail_CG,,6,31,False,BPC_GAP_AVAILABLE,BPC_NODE_LP_CERTIFIED,CERTIFIED_NO_NEGATIVE,True,b2b_true_dual_pricing_closure,BPC_NODE_LP_CERTIFIED,2.087922,lunar_ice_bpc.normalized_additive_objective.v1,normalized_operating_cost_risk_weighted_completion,1258.588425,45.038558922,1285.438416574,960.0,False,1048.257026,37.20217,1378.733287,727.580691,1636.952511,0.832883098,0.826007112,1.07257825,0.757896553,2.087922,2.087922,False,2.087922,True,True,3,3,15,15,0,0,0,0,0,15,15,True,15,15,0,,0,0,True,True,0,,0,,False,0,0.0,,,,,0.0,0.009148,,,0,,0,0,0,0,0,0,0,0,0,0,0.0,0.0,0,0,0,0,0,0,0,0,0,0,,False,0,0,False,False,0.038683,,,,False,,,,,,False,False,final_judge_wall_time_lower
5-scale full normalized objective,5,lunar_ice_sp50_005_011_seed679017,B2B_R2_worker_before_final_judge,B1B_seeded_root_CG,B2B_R2_worker_before_final_judge,b2b_r2_lightweight_no_full_universe_enumeration,6,,False,BPC_GAP_AVAILABLE,BPC_NODE_LP_CERTIFIED,CERTIFIED_NO_NEGATIVE,True,b2b_r2_true_dual_final_judge_closure,BPC_NODE_LP_CERTIFIED,2.087922,lunar_ice_bpc.normalized_additive_objective.v1,normalized_operating_cost_risk_weighted_completion,1258.588425,45.038558922,1285.438416574,960.0,False,1048.257026,37.20217,1378.733287,727.580691,1636.952511,0.832883098,0.826007112,1.07257825,0.757896553,2.087922,2.087922,False,2.087922,True,True,4,1,36,36,0,0,0,0,0,36,36,True,14,14,0,,0,0,True,True,0,,0,,False,0,0.000959,FOUND_NEGATIVE,master.reduced_cost_context,B2B_R2_worker_before_final_judge-root-4,c002398cbb8efe0cddad1d227be9f5858713705e881a647288e6e858a862566d,0.398399,0.009513,0.036058,0.036058,1031,237,1031,204431,6666,210,136,204431,0,0,0,0,0.0,0.0,78,27,0,263,4,4,4,0,0,3,FINAL_JUDGE_CERTIFIED_NO_NEGATIVE,False,1031,0,False,True,0.411335,,,,False,,,,,,False,False,"final_judge_call_count_lower,final_judge_wall_time_lower,time_to_first_addable_negative_available,worker_found_addable_negative"
5-scale full normalized objective,5,lunar_ice_sp50_005_011_seed679017,B2B_R3_true_dual_negative_search_worker,B1B_seeded_root_CG,B2B_R3_true_dual_negative_search_worker,b2b_r3_lightweight_no_full_universe_enumeration,6,,False,BPC_GAP_AVAILABLE,BPC_NODE_LP_CERTIFIED,CERTIFIED_NO_NEGATIVE,True,b2b_r3_true_dual_final_judge_closure,BPC_NODE_LP_CERTIFIED,2.087922,lunar_ice_bpc.normalized_additive_objective.v1,normalized_operating_cost_risk_weighted_completion,1258.588425,45.038558922,1285.438416574,960.0,False,1048.257026,37.20217,1378.733287,727.580691,1636.952511,0.832883098,0.826007112,1.07257825,0.757896553,2.087922,2.087922,False,2.087922,True,True,4,1,36,36,0,0,0,0,0,36,36,True,14,14,0,,0,0,True,True,0,,0,,False,0,0.001321,FOUND_NEGATIVE,master.reduced_cost_context,B2B_R3_true_dual_negative_search_worker-root-4,14da85b4b73ee2fce17241c4fb3e9f1b71a211c0a14c7da6abeb5d7a185780b6,0.402335,0.009055,0.036263,0.036263,1031,237,1031,204431,6666,210,136,204431,0,0,0,0,0.0,0.0,78,27,0,263,4,4,4,0,0,3,FINAL_JUDGE_CERTIFIED_NO_NEGATIVE,False,1031,0,False,True,0.415349,,,,False,,,,,,False,False,"final_judge_call_count_lower,final_judge_wall_time_lower,time_to_first_addable_negative_available,worker_found_addable_negative"
5-scale full normalized objective,5,lunar_ice_sp50_005_011_seed679017,B2C_limited_pricing_diagnostic,diagnostic_only_no_certificate,B2C_limited_pricing_diagnostic,,0,,False,BPC_INCOMPLETE_PRICING,DIAGNOSTIC_PRICING_FRONTIER,FOUND_NEGATIVE,False,,,2.087922,lunar_ice_bpc.normalized_additive_objective.v1,normalized_operating_cost_risk_weighted_completion,1258.588425,45.038558922,1285.438416574,960.0,False,1048.257026,37.20217,1378.733287,727.580691,1636.952511,0.832883098,0.826007112,1.07257825,0.757896553,2.087922,2.087922,False,,False,,0,0,1,0,0,0,0,0,0,0,0,True,0,0,0,,0,0,,,0,,0,,False,0,0.000102,,master.reduced_cost_context,B2C_limited_pricing_diagnostic-diagnostic-root,3d5e8857134094024fa0749eac8733b8e6a985d143a548321bd34a513dd44b05,0.232203,0.0,0.232203,,57,57,57,0,225,2,1,46660,0,0,0,0,,,0,1,0,0,0,0,0,0,0,0,FOUND_NEGATIVE,False,0,0,False,False,0.233492,B2C_limited_pricing_diagnostic: limited pricing diagnostic cannot certify no-negative or provide an official bound.,,,False,,,,,,False,False,
5-scale full normalized objective,5,lunar_ice_sp50_005_011_seed679017,B2D_proof_tail_kernel_profile,diagnostic_only_no_certificate,B2D_proof_tail_kernel_profile,,0,,False,BPC_INCOMPLETE_PRICING,DIAGNOSTIC_PRICING_FRONTIER,FOUND_NEGATIVE,False,,,2.087922,lunar_ice_bpc.normalized_additive_objective.v1,normalized_operating_cost_risk_weighted_completion,1258.588425,45.038558922,1285.438416574,960.0,False,1048.257026,37.20217,1378.733287,727.580691,1636.952511,0.832883098,0.826007112,1.07257825,0.757896553,2.087922,2.087922,False,,False,,0,0,1,0,0,0,0,0,0,0,0,True,0,0,0,,0,0,,,0,,0,,False,0,0.000251,,master.reduced_cost_context,B2D_proof_tail_kernel_profile-diagnostic-root,22f048e3544d2cf633f898663ddef7cb134da83f9b3ac5078ce9642b2393acbc,0.236252,0.0,0.236252,,57,57,57,0,225,2,1,46660,0,0,0,0,,,0,1,0,0,0,0,0,0,0,0,FOUND_NEGATIVE,False,0,0,False,True,0.237824,B2D_proof_tail_kernel_profile: limited pricing diagnostic cannot certify no-negative or provide an official bound.,,,False,,,,,,False,False,
5-scale full normalized objective,5,lunar_ice_sp50_005_012_seed679018,B0_pure_direct_dp,fixed_graph_direct_dp_oracle,B0_pure_direct_dp,,0,,False,DIRECT_DP_BASELINE_OPTIMAL,DIRECT_DP_FIXED_GRAPH_OPTIMAL,,False,,,2.195034,lunar_ice_bpc.normalized_additive_objective.v1,normalized_operating_cost_risk_weighted_completion,1066.708433,34.974102965,1296.691293834,960.0,False,943.606952,30.921202,1382.015148,739.496604,1527.334213,0.88459688,0.884117086,1.065801208,0.770308963,2.195034,2.195034,False,,False,,0,0,0,0,0,0,0,0,0,0,0,True,0,0,0,,0,0,,,0,,0,,False,0,,,,,,,,,,0,,0,0,0,0,0,0,0,0,0,0,,,0,0,0,0,0,0,0,0,0,0,,False,0,0,False,False,0.016966,,,,False,,,,,,False,False,
5-scale full normalized objective,5,lunar_ice_sp50_005_012_seed679018,B1A_full_universe_root_audit,accepted_B1,B1A_full_universe_root_audit,,31,31,True,BPC_GAP_AVAILABLE,BPC_NODE_LP_CERTIFIED,CERTIFIED_NO_NEGATIVE,True,b1_root_true_dual_pricing_closure,BPC_NODE_LP_CERTIFIED,2.195034,lunar_ice_bpc.normalized_additive_objective.v1,normalized_operating_cost_risk_weighted_completion,1066.708433,34.974102965,1296.691293834,960.0,False,943.606952,30.921202,1382.015148,739.496604,1527.334213,0.88459688,0.884117086,1.065801208,0.770308963,2.195034,2.195034,False,2.195034,True,True,1,1,0,0,0,0,0,0,0,0,0,True,0,0,0,,0,0,True,True,0,,0,,False,0,,,,,,,,,,0,,0,0,0,0,0,0,0,0,0,0,,,0,0,0,0,0,0,0,0,0,0,,False,0,0,False,False,0.018515,,,,False,,,,,,False,False,
5-scale full normalized objective,5,lunar_ice_sp50_005_012_seed679018,B1B_seeded_root_CG,accepted_B1,B1B_seeded_root_CG,,6,31,False,BPC_GAP_AVAILABLE,BPC_NODE_LP_CERTIFIED,CERTIFIED_NO_NEGATIVE,True,b1_root_true_dual_pricing_closure,BPC_NODE_LP_CERTIFIED,2.195034,lunar_ice_bpc.normalized_additive_objective.v1,normalized_operating_cost_risk_weighted_completion,1066.708433,34.974102965,1296.691293834,960.0,False,943.606952,30.921202,1382.015148,739.496604,1527.334213,0.88459688,0.884117086,1.065801208,0.770308963,2.195034,2.195034,False,2.195034,True,True,3,3,0,0,0,0,0,0,0,0,0,True,16,16,0,,0,0,True,True,0,,0,,False,0,,,,,,,,,,0,,0,0,0,0,0,0,0,0,0,0,,,0,0,0,0,0,0,0,0,0,0,,False,0,0,False,False,0.019255,,,,False,,,,,,False,False,
5-scale full normalized objective,5,lunar_ice_sp50_005_012_seed679018,B2_PRODUCT_EXACT_SOLVER,fixed_graph_direct_dp_product_exact,B2_PRODUCT_EXACT_SOLVER,,0,,False,DIRECT_DP_BASELINE_OPTIMAL,DIRECT_DP_FIXED_GRAPH_OPTIMAL,NOT_PRICED,False,,,2.195034,lunar_ice_bpc.normalized_additive_objective.v1,normalized_operating_cost_risk_weighted_completion,1066.708433,34.974102965,1296.691293834,960.0,False,943.606952,30.921202,1382.015148,739.496604,1527.334213,0.88459688,0.884117086,1.065801208,0.770308963,2.195034,2.195034,False,,False,,0,0,0,0,0,0,0,0,0,0,0,True,0,0,0,,0,0,,,0,DIRECT_DP_FIXED_GRAPH_OPTIMAL,1,2.195034,True,1,,,,,,,,,,91,,91,0,0,31,0,1240,0,0,0,0,,,0,0,0,0,0,0,0,0,0,0,,False,0,0,False,False,8e-06,,,,False,,,,,,False,False,
5-scale full normalized objective,5,lunar_ice_sp50_005_012_seed679018,B2A_full_universe_rc_audit_fast_path,B1A_full_universe_root_audit,B2A_full_universe_rc_audit_fast_path,,31,31,True,BPC_GAP_AVAILABLE,BPC_NODE_LP_CERTIFIED,CERTIFIED_NO_NEGATIVE,True,b2a_full_universe_membership_rc_audit,BPC_NODE_LP_CERTIFIED,2.195034,lunar_ice_bpc.normalized_additive_objective.v1,normalized_operating_cost_risk_weighted_completion,1066.708433,34.974102965,1296.691293834,960.0,False,943.606952,30.921202,1382.015148,739.496604,1527.334213,0.88459688,0.884117086,1.065801208,0.770308963,2.195034,2.195034,False,2.195034,True,True,1,0,0,0,0,0,0,0,0,0,0,True,0,0,0,,0,0,True,True,0,,0,,False,0,0.0,,,,,0.0,0.0,,,0,,0,0,0,0,0,0,0,0,0,0,0.0,0.0,0,0,0,0,0,0,0,0,0,0,,False,0,0,False,False,0.018738,,,,False,,,,,,False,False,"final_judge_call_count_lower,final_judge_wall_time_lower"
5-scale full normalized objective,5,lunar_ice_sp50_005_012_seed679018,B2B_seeded_tail_CG,B1B_seeded_root_CG,B2B_seeded_tail_CG,,6,31,False,BPC_GAP_AVAILABLE,BPC_NODE_LP_CERTIFIED,CERTIFIED_NO_NEGATIVE,True,b2b_true_dual_pricing_closure,BPC_NODE_LP_CERTIFIED,2.195034,lunar_ice_bpc.normalized_additive_objective.v1,normalized_operating_cost_risk_weighted_completion,1066.708433,34.974102965,1296.691293834,960.0,False,943.606952,30.921202,1382.015148,739.496604,1527.334213,0.88459688,0.884117086,1.065801208,0.770308963,2.195034,2.195034,False,2.195034,True,True,3,3,16,16,0,0,0,0,0,16,16,True,16,16,0,,0,0,True,True,0,,0,,False,0,0.0,,,,,0.0,0.016995,,,0,,0,0,0,0,0,0,0,0,0,0,0.0,0.0,0,0,0,0,0,0,0,0,0,0,,False,0,0,False,False,0.071182,,,,False,,,,,,False,False,final_judge_wall_time_lower
5-scale full normalized objective,5,lunar_ice_sp50_005_012_seed679018,B2B_R2_worker_before_final_judge,B1B_seeded_root_CG,B2B_R2_worker_before_final_judge,b2b_r2_lightweight_no_full_universe_enumeration,6,,False,BPC_GAP_AVAILABLE,BPC_NODE_LP_CERTIFIED,CERTIFIED_NO_NEGATIVE,True,b2b_r2_true_dual_final_judge_closure,BPC_NODE_LP_CERTIFIED,2.195034,lunar_ice_bpc.normalized_additive_objective.v1,normalized_operating_cost_risk_weighted_completion,1066.708433,34.974102965,1296.691293834,960.0,False,943.606952,30.921202,1382.015148,739.496604,1527.334213,0.88459688,0.884117086,1.065801208,0.770308963,2.195034,2.195034,False,2.195034,True,True,6,2,37,37,0,0,0,0,0,37,37,True,17,17,0,,0,0,True,True,0,,0,,False,0,0.001758,LOCAL_NO_COLUMN_UNCERTIFIED,master.reduced_cost_context,B2B_R2_worker_before_final_judge-root-6,5c39ea5958cabebaf66d86ecebfaa49abd565b0886436d71cac0af552b723569,0.532029,0.035094,0.04744,0.04744,2312,304,2312,201240,16607,329,226,201240,0,0,0,0,0.0,0.0,134,30,0,462,6,5,5,1,0,4,FINAL_JUDGE_CERTIFIED_NO_NEGATIVE,False,2312,0,False,True,0.571838,,,,False,,,,,,False,False,"final_judge_call_count_lower,time_to_first_addable_negative_available,worker_found_addable_negative,added_to_master_count_higher"
5-scale full normalized objective,5,lunar_ice_sp50_005_012_seed679018,B2B_R3_true_dual_negative_search_worker,B1B_seeded_root_CG,B2B_R3_true_dual_negative_search_worker,b2b_r3_lightweight_no_full_universe_enumeration,6,,False,BPC_GAP_AVAILABLE,BPC_NODE_LP_CERTIFIED,CERTIFIED_NO_NEGATIVE,True,b2b_r3_true_dual_final_judge_closure,BPC_NODE_LP_CERTIFIED,2.195034,lunar_ice_bpc.normalized_additive_objective.v1,normalized_operating_cost_risk_weighted_completion,1066.708433,34.974102965,1296.691293834,960.0,False,943.606952,30.921202,1382.015148,739.496604,1527.334213,0.88459688,0.884117086,1.065801208,0.770308963,2.195034,2.195034,False,2.195034,True,True,6,2,37,37,0,0,0,0,0,37,37,True,17,17,0,,0,0,True,True,0,,0,,False,0,0.001972,LOCAL_NO_COLUMN_UNCERTIFIED,master.reduced_cost_context,B2B_R3_true_dual_negative_search_worker-root-6,1bb8683aff881bd41bd8f304cef044b71bc5f10be151e35f46ddb44714e5729d,0.532266,0.035105,0.048093,0.048093,2312,304,2312,201240,16607,329,226,201240,0,0,0,0,0.0,0.0,134,30,0,462,6,5,5,1,0,4,FINAL_JUDGE_CERTIFIED_NO_NEGATIVE,False,2312,0,False,True,0.572316,,,,False,,,,,,False,False,"final_judge_call_count_lower,time_to_first_addable_negative_available,worker_found_addable_negative,added_to_master_count_higher"
5-scale full normalized objective,5,lunar_ice_sp50_005_012_seed679018,B2C_limited_pricing_diagnostic,diagnostic_only_no_certificate,B2C_limited_pricing_diagnostic,,0,,False,BPC_INCOMPLETE_PRICING,DIAGNOSTIC_PRICING_FRONTIER,FOUND_NEGATIVE,False,,,2.195034,lunar_ice_bpc.normalized_additive_objective.v1,normalized_operating_cost_risk_weighted_completion,1066.708433,34.974102965,1296.691293834,960.0,False,943.606952,30.921202,1382.015148,739.496604,1527.334213,0.88459688,0.884117086,1.065801208,0.770308963,2.195034,2.195034,False,,False,,0,0,1,0,0,0,0,0,0,0,0,True,0,0,0,,0,0,,,0,,0,,False,0,0.000106,,master.reduced_cost_context,B2C_limited_pricing_diagnostic-diagnostic-root,7f0bd43227cc3be78c841eda0a74197b4806fe85132c07e43649cd0a5b5895cd,0.152226,0.0,0.152226,,91,91,91,0,312,2,1,26836,0,0,0,0,,,0,1,0,0,0,0,0,0,0,0,FOUND_NEGATIVE,False,0,0,False,False,0.153526,B2C_limited_pricing_diagnostic: limited pricing diagnostic cannot certify no-negative or provide an official bound.,,,False,,,,,,False,False,
5-scale full normalized objective,5,lunar_ice_sp50_005_012_seed679018,B2D_proof_tail_kernel_profile,diagnostic_only_no_certificate,B2D_proof_tail_kernel_profile,,0,,False,BPC_INCOMPLETE_PRICING,DIAGNOSTIC_PRICING_FRONTIER,FOUND_NEGATIVE,False,,,2.195034,lunar_ice_bpc.normalized_additive_objective.v1,normalized_operating_cost_risk_weighted_completion,1066.708433,34.974102965,1296.691293834,960.0,False,943.606952,30.921202,1382.015148,739.496604,1527.334213,0.88459688,0.884117086,1.065801208,0.770308963,2.195034,2.195034,False,,False,,0,0,1,0,0,0,0,0,0,0,0,True,0,0,0,,0,0,,,0,,0,,False,0,0.000107,,master.reduced_cost_context,B2D_proof_tail_kernel_profile-diagnostic-root,e4604794810c9b7f26fdb5609bc2d83683c025a1a90c9ae1e01906740520e9bd,0.156768,0.0,0.156768,,91,91,91,0,312,2,1,26836,0,0,0,0,,,0,1,0,0,0,0,0,0,0,0,FOUND_NEGATIVE,False,0,0,False,True,0.158092,B2D_proof_tail_kernel_profile: limited pricing diagnostic cannot certify no-negative or provide an official bound.,,,False,,,,,,False,False,
5-scale full normalized objective,5,lunar_ice_sp50_005_013_seed679019,B0_pure_direct_dp,fixed_graph_direct_dp_oracle,B0_pure_direct_dp,,0,,False,DIRECT_DP_BASELINE_OPTIMAL,DIRECT_DP_FIXED_GRAPH_OPTIMAL,,False,,,2.231707,lunar_ice_bpc.normalized_additive_objective.v1,normalized_operating_cost_risk_weighted_completion,1208.171706,46.968648286,1440.759942321,960.0,False,1124.14196,41.37047,1514.410933,781.712279,1771.276803,0.930448838,0.880810317,1.051119544,0.814283624,2.231707,2.231707,False,,False,,0,0,0,0,0,0,0,0,0,0,0,True,0,0,0,,0,0,,,0,,0,,False,0,,,,,,,,,,0,,0,0,0,0,0,0,0,0,0,0,,,0,0,0,0,0,0,0,0,0,0,,False,0,0,False,False,0.00838,,,,False,,,,,,False,False,
5-scale full normalized objective,5,lunar_ice_sp50_005_013_seed679019,B1A_full_universe_root_audit,accepted_B1,B1A_full_universe_root_audit,,31,31,True,BPC_GAP_AVAILABLE,BPC_NODE_LP_CERTIFIED,CERTIFIED_NO_NEGATIVE,True,b1_root_true_dual_pricing_closure,BPC_NODE_LP_CERTIFIED,2.231707,lunar_ice_bpc.normalized_additive_objective.v1,normalized_operating_cost_risk_weighted_completion,1208.171706,46.968648286,1440.759942321,960.0,False,1124.14196,41.37047,1514.410933,781.712279,1771.276803,0.930448838,0.880810317,1.051119544,0.814283624,2.231707,2.231707,False,2.231707,True,True,1,1,0,0,0,0,0,0,0,0,0,True,0,0,0,,0,0,True,True,0,,0,,False,0,,,,,,,,,,0,,0,0,0,0,0,0,0,0,0,0,,,0,0,0,0,0,0,0,0,0,0,,False,0,0,False,False,0.010814,,,,False,,,,,,False,False,
5-scale full normalized objective,5,lunar_ice_sp50_005_013_seed679019,B1B_seeded_root_CG,accepted_B1,B1B_seeded_root_CG,,6,31,False,BPC_GAP_AVAILABLE,BPC_NODE_LP_CERTIFIED,CERTIFIED_NO_NEGATIVE,True,b1_root_true_dual_pricing_closure,BPC_NODE_LP_CERTIFIED,2.231707,lunar_ice_bpc.normalized_additive_objective.v1,normalized_operating_cost_risk_weighted_completion,1208.171706,46.968648286,1440.759942321,960.0,False,1124.14196,41.37047,1514.410933,781.712279,1771.276803,0.930448838,0.880810317,1.051119544,0.814283624,2.231707,2.231707,False,2.231707,True,True,3,3,0,0,0,0,0,0,0,0,0,True,19,19,0,,0,0,True,True,0,,0,,False,0,,,,,,,,,,0,,0,0,0,0,0,0,0,0,0,0,,,0,0,0,0,0,0,0,0,0,0,,False,0,0,False,False,0.009681,,,,False,,,,,,False,False,
5-scale full normalized objective,5,lunar_ice_sp50_005_013_seed679019,B2_PRODUCT_EXACT_SOLVER,fixed_graph_direct_dp_product_exact,B2_PRODUCT_EXACT_SOLVER,,0,,False,DIRECT_DP_BASELINE_OPTIMAL,DIRECT_DP_FIXED_GRAPH_OPTIMAL,NOT_PRICED,False,,,2.231707,lunar_ice_bpc.normalized_additive_objective.v1,normalized_operating_cost_risk_weighted_completion,1208.171706,46.968648286,1440.759942321,960.0,False,1124.14196,41.37047,1514.410933,781.712279,1771.276803,0.930448838,0.880810317,1.051119544,0.814283624,2.231707,2.231707,False,,False,,0,0,0,0,0,0,0,0,0,0,0,True,0,0,0,,0,0,,,0,DIRECT_DP_FIXED_GRAPH_OPTIMAL,1,2.231707,True,1,,,,,,,,,,49,,49,0,0,31,0,506,0,0,0,0,,,0,0,0,0,0,0,0,0,0,0,,False,0,0,False,False,9e-06,,,,False,,,,,,False,False,
5-scale full normalized objective,5,lunar_ice_sp50_005_013_seed679019,B2A_full_universe_rc_audit_fast_path,B1A_full_universe_root_audit,B2A_full_universe_rc_audit_fast_path,,31,31,True,BPC_GAP_AVAILABLE,BPC_NODE_LP_CERTIFIED,CERTIFIED_NO_NEGATIVE,True,b2a_full_universe_membership_rc_audit,BPC_NODE_LP_CERTIFIED,2.231707,lunar_ice_bpc.normalized_additive_objective.v1,normalized_operating_cost_risk_weighted_completion,1208.171706,46.968648286,1440.759942321,960.0,False,1124.14196,41.37047,1514.410933,781.712279,1771.276803,0.930448838,0.880810317,1.051119544,0.814283624,2.231707,2.231707,False,2.231707,True,True,1,0,0,0,0,0,0,0,0,0,0,True,0,0,0,,0,0,True,True,0,,0,,False,0,0.0,,,,,0.0,0.0,,,0,,0,0,0,0,0,0,0,0,0,0,0.0,0.0,0,0,0,0,0,0,0,0,0,0,,False,0,0,False,False,0.010013,,,,False,,,,,,False,False,"wall_time_lower,final_judge_call_count_lower,final_judge_wall_time_lower"
5-scale full normalized objective,5,lunar_ice_sp50_005_013_seed679019,B2B_seeded_tail_CG,B1B_seeded_root_CG,B2B_seeded_tail_CG,,6,31,False,BPC_GAP_AVAILABLE,BPC_NODE_LP_CERTIFIED,CERTIFIED_NO_NEGATIVE,True,b2b_true_dual_pricing_closure,BPC_NODE_LP_CERTIFIED,2.231707,lunar_ice_bpc.normalized_additive_objective.v1,normalized_operating_cost_risk_weighted_completion,1208.171706,46.968648286,1440.759942321,960.0,False,1124.14196,41.37047,1514.410933,781.712279,1771.276803,0.930448838,0.880810317,1.051119544,0.814283624,2.231707,2.231707,False,2.231707,True,True,3,3,19,19,0,0,0,0,0,19,19,True,19,19,0,,0,0,True,True,0,,0,,False,0,0.0,,,,,0.0,0.008173,,,0,,0,0,0,0,0,0,0,0,0,0,0.0,0.0,0,0,0,0,0,0,0,0,0,0,,False,0,0,False,False,0.035313,,,,False,,,,,,False,False,final_judge_wall_time_lower
5-scale full normalized objective,5,lunar_ice_sp50_005_013_seed679019,B2B_R2_worker_before_final_judge,B1B_seeded_root_CG,B2B_R2_worker_before_final_judge,b2b_r2_lightweight_no_full_universe_enumeration,6,,False,BPC_GAP_AVAILABLE,BPC_NODE_LP_CERTIFIED,CERTIFIED_NO_NEGATIVE,True,b2b_r2_true_dual_final_judge_closure,BPC_NODE_LP_CERTIFIED,2.231707,lunar_ice_bpc.normalized_additive_objective.v1,normalized_operating_cost_risk_weighted_completion,1208.171706,46.968648286,1440.759942321,960.0,False,1124.14196,41.37047,1514.410933,781.712279,1771.276803,0.930448838,0.880810317,1.051119544,0.814283624,2.231707,2.231707,False,2.231707,True,True,4,1,41,41,0,0,0,0,0,41,41,True,17,17,0,,0,0,True,True,0,,0,,False,0,0.00113,FOUND_NEGATIVE,master.reduced_cost_context,B2B_R2_worker_before_final_judge-root-4,26f9abf9dd4b732f6500902c5ab7f74f3f2f5cd8b027550af6dc5d8566214de8,0.321654,0.008298,0.03201,0.03201,840,193,840,150507,7436,210,136,150507,0,0,0,0,0.0,0.0,78,27,0,212,4,4,4,0,0,3,FINAL_JUDGE_CERTIFIED_NO_NEGATIVE,False,840,0,False,True,0.333757,,,,False,,,,,,False,False,"final_judge_call_count_lower,final_judge_wall_time_lower,time_to_first_addable_negative_available,worker_found_addable_negative"
5-scale full normalized objective,5,lunar_ice_sp50_005_013_seed679019,B2B_R3_true_dual_negative_search_worker,B1B_seeded_root_CG,B2B_R3_true_dual_negative_search_worker,b2b_r3_lightweight_no_full_universe_enumeration,6,,False,BPC_GAP_AVAILABLE,BPC_NODE_LP_CERTIFIED,CERTIFIED_NO_NEGATIVE,True,b2b_r3_true_dual_final_judge_closure,BPC_NODE_LP_CERTIFIED,2.231707,lunar_ice_bpc.normalized_additive_objective.v1,normalized_operating_cost_risk_weighted_completion,1208.171706,46.968648286,1440.759942321,960.0,False,1124.14196,41.37047,1514.410933,781.712279,1771.276803,0.930448838,0.880810317,1.051119544,0.814283624,2.231707,2.231707,False,2.231707,True,True,4,1,41,41,0,0,0,0,0,41,41,True,17,17,0,,0,0,True,True,0,,0,,False,0,0.001102,FOUND_NEGATIVE,master.reduced_cost_context,B2B_R3_true_dual_negative_search_worker-root-4,b616e17efeffa43800e81ae5a9f6a6684ca68d98f1e304987c669838fec76f19,0.321964,0.008144,0.031887,0.031887,840,193,840,150507,7436,210,136,150507,0,0,0,0,0.0,0.0,78,27,0,212,4,4,4,0,0,3,FINAL_JUDGE_CERTIFIED_NO_NEGATIVE,False,840,0,False,True,0.333916,,,,False,,,,,,False,False,"final_judge_call_count_lower,final_judge_wall_time_lower,time_to_first_addable_negative_available,worker_found_addable_negative"
5-scale full normalized objective,5,lunar_ice_sp50_005_013_seed679019,B2C_limited_pricing_diagnostic,diagnostic_only_no_certificate,B2C_limited_pricing_diagnostic,,0,,False,BPC_INCOMPLETE_PRICING,DIAGNOSTIC_PRICING_FRONTIER,FOUND_NEGATIVE,False,,,2.231707,lunar_ice_bpc.normalized_additive_objective.v1,normalized_operating_cost_risk_weighted_completion,1208.171706,46.968648286,1440.759942321,960.0,False,1124.14196,41.37047,1514.410933,781.712279,1771.276803,0.930448838,0.880810317,1.051119544,0.814283624,2.231707,2.231707,False,,False,,0,0,1,0,0,0,0,0,0,0,0,True,0,0,0,,0,0,,,0,,0,,False,0,0.000105,,master.reduced_cost_context,B2C_limited_pricing_diagnostic-diagnostic-root,ad8269ea99ecaaeaf19c5b017703dd616a84f2ed39886cd336dde0d5ca771dc2,0.168529,0.0,0.168529,,49,49,49,0,251,2,1,33159,0,0,0,0,,,0,1,0,0,0,0,0,0,0,0,FOUND_NEGATIVE,False,0,0,False,False,0.169994,B2C_limited_pricing_diagnostic: limited pricing diagnostic cannot certify no-negative or provide an official bound.,,,False,,,,,,False,False,
5-scale full normalized objective,5,lunar_ice_sp50_005_013_seed679019,B2D_proof_tail_kernel_profile,diagnostic_only_no_certificate,B2D_proof_tail_kernel_profile,,0,,False,BPC_INCOMPLETE_PRICING,DIAGNOSTIC_PRICING_FRONTIER,FOUND_NEGATIVE,False,,,2.231707,lunar_ice_bpc.normalized_additive_objective.v1,normalized_operating_cost_risk_weighted_completion,1208.171706,46.968648286,1440.759942321,960.0,False,1124.14196,41.37047,1514.410933,781.712279,1771.276803,0.930448838,0.880810317,1.051119544,0.814283624,2.231707,2.231707,False,,False,,0,0,1,0,0,0,0,0,0,0,0,True,0,0,0,,0,0,,,0,,0,,False,0,0.000106,,master.reduced_cost_context,B2D_proof_tail_kernel_profile-diagnostic-root,9f4b1bff88c5ac828fdd2b3931c8af97946d3cf778621bf1d94aecec7e703128,0.16737,0.0,0.16737,,49,49,49,0,251,2,1,33159,0,0,0,0,,,0,1,0,0,0,0,0,0,0,0,FOUND_NEGATIVE,False,0,0,False,True,0.168744,B2D_proof_tail_kernel_profile: limited pricing diagnostic cannot certify no-negative or provide an official bound.,,,False,,,,,,False,False,
5-scale full normalized objective,5,lunar_ice_sp50_005_014_seed679020,B0_pure_direct_dp,fixed_graph_direct_dp_oracle,B0_pure_direct_dp,,0,,False,DIRECT_DP_BASELINE_OPTIMAL,DIRECT_DP_FIXED_GRAPH_OPTIMAL,,False,,,2.117254,lunar_ice_bpc.normalized_additive_objective.v1,normalized_operating_cost_risk_weighted_completion,1285.947064,40.721750296,1411.067121789,960.0,False,1058.99504,34.883467,1541.979742,843.346929,1710.670404,0.823513712,0.856629854,1.092775615,0.878486384,2.117254,2.117254,False,,False,,0,0,0,0,0,0,0,0,0,0,0,True,0,0,0,,0,0,,,0,,0,,False,0,,,,,,,,,,0,,0,0,0,0,0,0,0,0,0,0,,,0,0,0,0,0,0,0,0,0,0,,False,0,0,False,False,0.015686,,,,False,,,,,,False,False,
5-scale full normalized objective,5,lunar_ice_sp50_005_014_seed679020,B1A_full_universe_root_audit,accepted_B1,B1A_full_universe_root_audit,,31,31,True,BPC_GAP_AVAILABLE,BPC_NODE_LP_CERTIFIED,CERTIFIED_NO_NEGATIVE,True,b1_root_true_dual_pricing_closure,BPC_NODE_LP_CERTIFIED,2.117254,lunar_ice_bpc.normalized_additive_objective.v1,normalized_operating_cost_risk_weighted_completion,1285.947064,40.721750296,1411.067121789,960.0,False,1058.99504,34.883467,1541.979742,843.346929,1710.670404,0.823513712,0.856629854,1.092775615,0.878486384,2.117254,2.117254,False,2.117254,True,True,1,1,0,0,0,0,0,0,0,0,0,True,0,0,0,,0,0,True,True,0,,0,,False,0,,,,,,,,,,0,,0,0,0,0,0,0,0,0,0,0,,,0,0,0,0,0,0,0,0,0,0,,False,0,0,False,False,0.017155,,,,False,,,,,,False,False,
5-scale full normalized objective,5,lunar_ice_sp50_005_014_seed679020,B1B_seeded_root_CG,accepted_B1,B1B_seeded_root_CG,,6,31,False,BPC_GAP_AVAILABLE,BPC_NODE_LP_CERTIFIED,CERTIFIED_NO_NEGATIVE,True,b1_root_true_dual_pricing_closure,BPC_NODE_LP_CERTIFIED,2.117254,lunar_ice_bpc.normalized_additive_objective.v1,normalized_operating_cost_risk_weighted_completion,1285.947064,40.721750296,1411.067121789,960.0,False,1058.99504,34.883467,1541.979742,843.346929,1710.670404,0.823513712,0.856629854,1.092775615,0.878486384,2.117254,2.117254,False,2.117254,True,True,4,4,0,0,0,0,0,0,0,0,0,True,20,20,0,,0,0,True,True,0,,0,,False,0,,,,,,,,,,0,,0,0,0,0,0,0,0,0,0,0,,,0,0,0,0,0,0,0,0,0,0,,False,0,0,False,False,0.017554,,,,False,,,,,,False,False,
5-scale full normalized objective,5,lunar_ice_sp50_005_014_seed679020,B2_PRODUCT_EXACT_SOLVER,fixed_graph_direct_dp_product_exact,B2_PRODUCT_EXACT_SOLVER,,0,,False,DIRECT_DP_BASELINE_OPTIMAL,DIRECT_DP_FIXED_GRAPH_OPTIMAL,NOT_PRICED,False,,,2.117254,lunar_ice_bpc.normalized_additive_objective.v1,normalized_operating_cost_risk_weighted_completion,1285.947064,40.721750296,1411.067121789,960.0,False,1058.99504,34.883467,1541.979742,843.346929,1710.670404,0.823513712,0.856629854,1.092775615,0.878486384,2.117254,2.117254,False,,False,,0,0,0,0,0,0,0,0,0,0,0,True,0,0,0,,0,0,,,0,DIRECT_DP_FIXED_GRAPH_OPTIMAL,1,2.117254,True,1,,,,,,,,,,88,,88,0,0,31,0,874,0,0,0,0,,,0,0,0,0,0,0,0,0,0,0,,False,0,0,False,False,1.3e-05,,,,False,,,,,,False,False,
5-scale full normalized objective,5,lunar_ice_sp50_005_014_seed679020,B2A_full_universe_rc_audit_fast_path,B1A_full_universe_root_audit,B2A_full_universe_rc_audit_fast_path,,31,31,True,BPC_GAP_AVAILABLE,BPC_NODE_LP_CERTIFIED,CERTIFIED_NO_NEGATIVE,True,b2a_full_universe_membership_rc_audit,BPC_NODE_LP_CERTIFIED,2.117254,lunar_ice_bpc.normalized_additive_objective.v1,normalized_operating_cost_risk_weighted_completion,1285.947064,40.721750296,1411.067121789,960.0,False,1058.99504,34.883467,1541.979742,843.346929,1710.670404,0.823513712,0.856629854,1.092775615,0.878486384,2.117254,2.117254,False,2.117254,True,True,1,0,0,0,0,0,0,0,0,0,0,True,0,0,0,,0,0,True,True,0,,0,,False,0,0.0,,,,,0.0,0.0,,,0,,0,0,0,0,0,0,0,0,0,0,0.0,0.0,0,0,0,0,0,0,0,0,0,0,,False,0,0,False,False,0.017243,,,,False,,,,,,False,False,"final_judge_call_count_lower,final_judge_wall_time_lower"
5-scale full normalized objective,5,lunar_ice_sp50_005_014_seed679020,B2B_seeded_tail_CG,B1B_seeded_root_CG,B2B_seeded_tail_CG,,6,31,False,BPC_GAP_AVAILABLE,BPC_NODE_LP_CERTIFIED,CERTIFIED_NO_NEGATIVE,True,b2b_true_dual_pricing_closure,BPC_NODE_LP_CERTIFIED,2.117254,lunar_ice_bpc.normalized_additive_objective.v1,normalized_operating_cost_risk_weighted_completion,1285.947064,40.721750296,1411.067121789,960.0,False,1058.99504,34.883467,1541.979742,843.346929,1710.670404,0.823513712,0.856629854,1.092775615,0.878486384,2.117254,2.117254,False,2.117254,True,True,4,4,20,20,0,0,0,0,0,20,20,True,20,20,0,,0,0,True,True,0,,0,,False,0,0.0,,,,,0.0,0.016143,,,0,,0,0,0,0,0,0,0,0,0,0,0.0,0.0,0,0,0,0,0,0,0,0,0,0,,False,0,0,False,False,0.083043,,,,False,,,,,,False,False,final_judge_wall_time_lower
5-scale full normalized objective,5,lunar_ice_sp50_005_014_seed679020,B2B_R2_worker_before_final_judge,B1B_seeded_root_CG,B2B_R2_worker_before_final_judge,b2b_r2_lightweight_no_full_universe_enumeration,6,,False,BPC_GAP_AVAILABLE,BPC_NODE_LP_CERTIFIED,CERTIFIED_NO_NEGATIVE,True,b2b_r2_true_dual_final_judge_closure,BPC_NODE_LP_CERTIFIED,2.117254,lunar_ice_bpc.normalized_additive_objective.v1,normalized_operating_cost_risk_weighted_completion,1285.947064,40.721750296,1411.067121789,960.0,False,1058.99504,34.883467,1541.979742,843.346929,1710.670404,0.823513712,0.856629854,1.092775615,0.878486384,2.117254,2.117254,False,2.117254,True,True,4,1,52,52,0,0,0,0,0,52,52,True,18,18,0,,0,0,True,True,0,,0,,False,0,0.001095,FOUND_NEGATIVE,master.reduced_cost_context,B2B_R2_worker_before_final_judge-root-4,fdeebb917665ffc3573fe0a69de8e2a973504487b63b846e5e0de53ed0c59b8b,0.39718,0.015814,0.036021,0.036021,1292,292,1292,198644,8335,210,136,198644,0,0,0,0,0.0,0.0,78,27,0,328,4,4,4,0,0,3,FINAL_JUDGE_CERTIFIED_NO_NEGATIVE,False,1292,0,False,True,0.416893,,,,False,,,,,,False,False,"final_judge_call_count_lower,final_judge_wall_time_lower,time_to_first_addable_negative_available,worker_found_addable_negative"
5-scale full normalized objective,5,lunar_ice_sp50_005_014_seed679020,B2B_R3_true_dual_negative_search_worker,B1B_seeded_root_CG,B2B_R3_true_dual_negative_search_worker,b2b_r3_lightweight_no_full_universe_enumeration,6,,False,BPC_GAP_AVAILABLE,BPC_NODE_LP_CERTIFIED,CERTIFIED_NO_NEGATIVE,True,b2b_r3_true_dual_final_judge_closure,BPC_NODE_LP_CERTIFIED,2.117254,lunar_ice_bpc.normalized_additive_objective.v1,normalized_operating_cost_risk_weighted_completion,1285.947064,40.721750296,1411.067121789,960.0,False,1058.99504,34.883467,1541.979742,843.346929,1710.670404,0.823513712,0.856629854,1.092775615,0.878486384,2.117254,2.117254,False,2.117254,True,True,4,1,52,52,0,0,0,0,0,52,52,True,18,18,0,,0,0,True,True,0,,0,,False,0,0.001171,FOUND_NEGATIVE,master.reduced_cost_context,B2B_R3_true_dual_negative_search_worker-root-4,11c5dc1ac25d897dd5af2ee4ef96778a2ab7b4ad4191c979a85429a7340f074d,0.389978,0.015633,0.034951,0.034951,1292,292,1292,198644,8335,210,136,198644,0,0,0,0,0.0,0.0,78,27,0,328,4,4,4,0,0,3,FINAL_JUDGE_CERTIFIED_NO_NEGATIVE,False,1292,0,False,True,0.409411,,,,False,,,,,,False,False,"final_judge_call_count_lower,final_judge_wall_time_lower,time_to_first_addable_negative_available,worker_found_addable_negative"
5-scale full normalized objective,5,lunar_ice_sp50_005_014_seed679020,B2C_limited_pricing_diagnostic,diagnostic_only_no_certificate,B2C_limited_pricing_diagnostic,,0,,False,BPC_INCOMPLETE_PRICING,DIAGNOSTIC_PRICING_FRONTIER,FOUND_NEGATIVE,False,,,2.117254,lunar_ice_bpc.normalized_additive_objective.v1,normalized_operating_cost_risk_weighted_completion,1285.947064,40.721750296,1411.067121789,960.0,False,1058.99504,34.883467,1541.979742,843.346929,1710.670404,0.823513712,0.856629854,1.092775615,0.878486384,2.117254,2.117254,False,,False,,0,0,1,0,0,0,0,0,0,0,0,True,0,0,0,,0,0,,,0,,0,,False,0,0.000102,,master.reduced_cost_context,B2C_limited_pricing_diagnostic-diagnostic-root,2e431978d30e75aa2d5ea04f8045024c185df629b1dbc0b129667ef61e034eeb,0.238394,0.0,0.238394,,88,88,88,0,198,2,1,45257,0,0,0,0,,,0,1,0,0,0,0,0,0,0,0,FOUND_NEGATIVE,False,0,0,False,False,0.23963,B2C_limited_pricing_diagnostic: limited pricing diagnostic cannot certify no-negative or provide an official bound.,,,False,,,,,,False,False,
5-scale full normalized objective,5,lunar_ice_sp50_005_014_seed679020,B2D_proof_tail_kernel_profile,diagnostic_only_no_certificate,B2D_proof_tail_kernel_profile,,0,,False,BPC_INCOMPLETE_PRICING,DIAGNOSTIC_PRICING_FRONTIER,FOUND_NEGATIVE,False,,,2.117254,lunar_ice_bpc.normalized_additive_objective.v1,normalized_operating_cost_risk_weighted_completion,1285.947064,40.721750296,1411.067121789,960.0,False,1058.99504,34.883467,1541.979742,843.346929,1710.670404,0.823513712,0.856629854,1.092775615,0.878486384,2.117254,2.117254,False,,False,,0,0,1,0,0,0,0,0,0,0,0,True,0,0,0,,0,0,,,0,,0,,False,0,0.000105,,master.reduced_cost_context,B2D_proof_tail_kernel_profile-diagnostic-root,4c42c6fd0c58f0a5e852306845f2a0ce91aad90ce5d019f81045fea0f59c813a,0.233355,0.0,0.233355,,88,88,88,0,198,2,1,45257,0,0,0,0,,,0,1,0,0,0,0,0,0,0,0,FOUND_NEGATIVE,False,0,0,False,True,0.234576,B2D_proof_tail_kernel_profile: limited pricing diagnostic cannot certify no-negative or provide an official bound.,,,False,,,,,,False,False,
5-scale full normalized objective,5,lunar_ice_sp50_005_015_seed679021,B0_pure_direct_dp,fixed_graph_direct_dp_oracle,B0_pure_direct_dp,,0,,False,DIRECT_DP_BASELINE_OPTIMAL,DIRECT_DP_FIXED_GRAPH_OPTIMAL,,False,,,2.081278,lunar_ice_bpc.normalized_additive_objective.v1,normalized_operating_cost_risk_weighted_completion,1370.368099,51.644400893,1388.165263043,960.0,False,1125.695397,43.186996,1470.018022,765.205412,1756.889602,0.821454759,0.836237719,1.058964708,0.797088971,2.081278,2.081278,False,,False,,0,0,0,0,0,0,0,0,0,0,0,True,0,0,0,,0,0,,,0,,0,,False,0,,,,,,,,,,0,,0,0,0,0,0,0,0,0,0,0,,,0,0,0,0,0,0,0,0,0,0,,False,0,0,False,False,0.009988,,,,False,,,,,,False,False,
5-scale full normalized objective,5,lunar_ice_sp50_005_015_seed679021,B1A_full_universe_root_audit,accepted_B1,B1A_full_universe_root_audit,,31,31,True,BPC_GAP_AVAILABLE,BPC_NODE_LP_CERTIFIED,CERTIFIED_NO_NEGATIVE,True,b1_root_true_dual_pricing_closure,BPC_NODE_LP_CERTIFIED,2.081278,lunar_ice_bpc.normalized_additive_objective.v1,normalized_operating_cost_risk_weighted_completion,1370.368099,51.644400893,1388.165263043,960.0,False,1125.695397,43.186996,1470.018022,765.205412,1756.889602,0.821454759,0.836237719,1.058964708,0.797088971,2.081278,2.081278,False,2.081278,True,True,1,1,0,0,0,0,0,0,0,0,0,True,0,0,0,,0,0,True,True,0,,0,,False,0,,,,,,,,,,0,,0,0,0,0,0,0,0,0,0,0,,,0,0,0,0,0,0,0,0,0,0,,False,0,0,False,False,0.010536,,,,False,,,,,,False,False,
5-scale full normalized objective,5,lunar_ice_sp50_005_015_seed679021,B1B_seeded_root_CG,accepted_B1,B1B_seeded_root_CG,,6,31,False,BPC_GAP_AVAILABLE,BPC_NODE_LP_CERTIFIED,CERTIFIED_NO_NEGATIVE,True,b1_root_true_dual_pricing_closure,BPC_NODE_LP_CERTIFIED,2.081278,lunar_ice_bpc.normalized_additive_objective.v1,normalized_operating_cost_risk_weighted_completion,1370.368099,51.644400893,1388.165263043,960.0,False,1125.695397,43.186996,1470.018022,765.205412,1756.889602,0.821454759,0.836237719,1.058964708,0.797088971,2.081278,2.081278,False,2.081278,True,True,3,3,0,0,0,0,0,0,0,0,0,True,15,15,0,,0,0,True,True,0,,0,,False,0,,,,,,,,,,0,,0,0,0,0,0,0,0,0,0,0,,,0,0,0,0,0,0,0,0,0,0,,False,0,0,False,False,0.010724,,,,False,,,,,,False,False,
5-scale full normalized objective,5,lunar_ice_sp50_005_015_seed679021,B2_PRODUCT_EXACT_SOLVER,fixed_graph_direct_dp_product_exact,B2_PRODUCT_EXACT_SOLVER,,0,,False,DIRECT_DP_BASELINE_OPTIMAL,DIRECT_DP_FIXED_GRAPH_OPTIMAL,NOT_PRICED,False,,,2.081278,lunar_ice_bpc.normalized_additive_objective.v1,normalized_operating_cost_risk_weighted_completion,1370.368099,51.644400893,1388.165263043,960.0,False,1125.695397,43.186996,1470.018022,765.205412,1756.889602,0.821454759,0.836237719,1.058964708,0.797088971,2.081278,2.081278,False,,False,,0,0,0,0,0,0,0,0,0,0,0,True,0,0,0,,0,0,,,0,DIRECT_DP_FIXED_GRAPH_OPTIMAL,1,2.081278,True,1,,,,,,,,,,65,,65,0,0,31,0,355,0,0,0,0,,,0,0,0,0,0,0,0,0,0,0,,False,0,0,False,False,1e-05,,,,False,,,,,,False,False,
5-scale full normalized objective,5,lunar_ice_sp50_005_015_seed679021,B2A_full_universe_rc_audit_fast_path,B1A_full_universe_root_audit,B2A_full_universe_rc_audit_fast_path,,31,31,True,BPC_GAP_AVAILABLE,BPC_NODE_LP_CERTIFIED,CERTIFIED_NO_NEGATIVE,True,b2a_full_universe_membership_rc_audit,BPC_NODE_LP_CERTIFIED,2.081278,lunar_ice_bpc.normalized_additive_objective.v1,normalized_operating_cost_risk_weighted_completion,1370.368099,51.644400893,1388.165263043,960.0,False,1125.695397,43.186996,1470.018022,765.205412,1756.889602,0.821454759,0.836237719,1.058964708,0.797088971,2.081278,2.081278,False,2.081278,True,True,1,0,0,0,0,0,0,0,0,0,0,True,0,0,0,,0,0,True,True,0,,0,,False,0,0.0,,,,,0.0,0.0,,,0,,0,0,0,0,0,0,0,0,0,0,0.0,0.0,0,0,0,0,0,0,0,0,0,0,,False,0,0,False,False,0.010725,,,,False,,,,,,False,False,"final_judge_call_count_lower,final_judge_wall_time_lower"
5-scale full normalized objective,5,lunar_ice_sp50_005_015_seed679021,B2B_seeded_tail_CG,B1B_seeded_root_CG,B2B_seeded_tail_CG,,6,31,False,BPC_GAP_AVAILABLE,BPC_NODE_LP_CERTIFIED,CERTIFIED_NO_NEGATIVE,True,b2b_true_dual_pricing_closure,BPC_NODE_LP_CERTIFIED,2.081278,lunar_ice_bpc.normalized_additive_objective.v1,normalized_operating_cost_risk_weighted_completion,1370.368099,51.644400893,1388.165263043,960.0,False,1125.695397,43.186996,1470.018022,765.205412,1756.889602,0.821454759,0.836237719,1.058964708,0.797088971,2.081278,2.081278,False,2.081278,True,True,3,3,15,15,0,0,0,0,0,15,15,True,15,15,0,,0,0,True,True,0,,0,,False,0,0.0,,,,,0.0,0.00915,,,0,,0,0,0,0,0,0,0,0,0,0,0.0,0.0,0,0,0,0,0,0,0,0,0,0,,False,0,0,False,False,0.039376,,,,False,,,,,,False,False,final_judge_wall_time_lower
5-scale full normalized objective,5,lunar_ice_sp50_005_015_seed679021,B2B_R2_worker_before_final_judge,B1B_seeded_root_CG,B2B_R2_worker_before_final_judge,b2b_r2_lightweight_no_full_universe_enumeration,6,,False,BPC_GAP_AVAILABLE,BPC_NODE_LP_CERTIFIED,CERTIFIED_NO_NEGATIVE,True,b2b_r2_true_dual_final_judge_closure,BPC_NODE_LP_CERTIFIED,2.081278,lunar_ice_bpc.normalized_additive_objective.v1,normalized_operating_cost_risk_weighted_completion,1370.368099,51.644400893,1388.165263043,960.0,False,1125.695397,43.186996,1470.018022,765.205412,1756.889602,0.821454759,0.836237719,1.058964708,0.797088971,2.081278,2.081278,False,2.081278,True,True,5,2,31,31,0,0,0,0,0,31,31,True,15,15,0,,0,0,True,True,0,,0,,False,0,0.00125,LOCAL_NO_COLUMN_UNCERTIFIED,master.reduced_cost_context,B2B_R2_worker_before_final_judge-root-5,952e05c848057a1ed95caf8b0ad1bdea80995c4e046b5bafc9e3d2e6452235f0,0.25128,0.018493,0.021985,0.021985,1559,254,1559,107486,9513,272,197,107486,0,0,0,0,0.0,0.0,105,30,0,375,5,4,4,1,0,3,FINAL_JUDGE_CERTIFIED_NO_NEGATIVE,False,1559,0,False,True,0.273705,,,,False,,,,,,False,False,"final_judge_call_count_lower,time_to_first_addable_negative_available,worker_found_addable_negative"
5-scale full normalized objective,5,lunar_ice_sp50_005_015_seed679021,B2B_R3_true_dual_negative_search_worker,B1B_seeded_root_CG,B2B_R3_true_dual_negative_search_worker,b2b_r3_lightweight_no_full_universe_enumeration,6,,False,BPC_GAP_AVAILABLE,BPC_NODE_LP_CERTIFIED,CERTIFIED_NO_NEGATIVE,True,b2b_r3_true_dual_final_judge_closure,BPC_NODE_LP_CERTIFIED,2.081278,lunar_ice_bpc.normalized_additive_objective.v1,normalized_operating_cost_risk_weighted_completion,1370.368099,51.644400893,1388.165263043,960.0,False,1125.695397,43.186996,1470.018022,765.205412,1756.889602,0.821454759,0.836237719,1.058964708,0.797088971,2.081278,2.081278,False,2.081278,True,True,5,2,31,31,0,0,0,0,0,31,31,True,15,15,0,,0,0,True,True,0,,0,,False,0,0.001216,LOCAL_NO_COLUMN_UNCERTIFIED,master.reduced_cost_context,B2B_R3_true_dual_negative_search_worker-root-5,3a0d3f729e11fb51974fd8417a47027a87d9fb1f627c94bc8a76f5d835e435e5,0.253763,0.019374,0.021609,0.021609,1559,254,1559,107486,9513,272,197,107486,0,0,0,0,0.0,0.0,105,30,0,375,5,4,4,1,0,3,FINAL_JUDGE_CERTIFIED_NO_NEGATIVE,False,1559,0,False,True,0.277085,,,,False,,,,,,False,False,"final_judge_call_count_lower,time_to_first_addable_negative_available,worker_found_addable_negative"
5-scale full normalized objective,5,lunar_ice_sp50_005_015_seed679021,B2C_limited_pricing_diagnostic,diagnostic_only_no_certificate,B2C_limited_pricing_diagnostic,,0,,False,BPC_INCOMPLETE_PRICING,DIAGNOSTIC_PRICING_FRONTIER,FOUND_NEGATIVE,False,,,2.081278,lunar_ice_bpc.normalized_additive_objective.v1,normalized_operating_cost_risk_weighted_completion,1370.368099,51.644400893,1388.165263043,960.0,False,1125.695397,43.186996,1470.018022,765.205412,1756.889602,0.821454759,0.836237719,1.058964708,0.797088971,2.081278,2.081278,False,,False,,0,0,1,0,0,0,0,0,0,0,0,True,0,0,0,,0,0,,,0,,0,,False,0,0.000103,,master.reduced_cost_context,B2C_limited_pricing_diagnostic-diagnostic-root,32b81a550057004f1fdac9d549d24efadc151b3ef2c457549bac07683dca80f9,0.09678,0.0,0.09678,,65,65,65,0,116,2,1,17784,0,0,0,0,,,0,1,0,0,0,0,0,0,0,0,FOUND_NEGATIVE,False,0,0,False,False,0.097953,B2C_limited_pricing_diagnostic: limited pricing diagnostic cannot certify no-negative or provide an official bound.,,,False,,,,,,False,False,
5-scale full normalized objective,5,lunar_ice_sp50_005_015_seed679021,B2D_proof_tail_kernel_profile,diagnostic_only_no_certificate,B2D_proof_tail_kernel_profile,,0,,False,BPC_INCOMPLETE_PRICING,DIAGNOSTIC_PRICING_FRONTIER,FOUND_NEGATIVE,False,,,2.081278,lunar_ice_bpc.normalized_additive_objective.v1,normalized_operating_cost_risk_weighted_completion,1370.368099,51.644400893,1388.165263043,960.0,False,1125.695397,43.186996,1470.018022,765.205412,1756.889602,0.821454759,0.836237719,1.058964708,0.797088971,2.081278,2.081278,False,,False,,0,0,1,0,0,0,0,0,0,0,0,True,0,0,0,,0,0,,,0,,0,,False,0,0.000106,,master.reduced_cost_context,B2D_proof_tail_kernel_profile-diagnostic-root,1d4def68d0bbece529297e82c3ee28ee3b9e6e68dcb8a449217a0d4efefa280b,0.096745,0.0,0.096745,,65,65,65,0,116,2,1,17784,0,0,0,0,,,0,1,0,0,0,0,0,0,0,0,FOUND_NEGATIVE,False,0,0,False,True,0.097921,B2D_proof_tail_kernel_profile: limited pricing diagnostic cannot certify no-negative or provide an official bound.,,,False,,,,,,False,False,
5-scale full normalized objective,5,lunar_ice_sp50_005_019_seed679025,B0_pure_direct_dp,fixed_graph_direct_dp_oracle,B0_pure_direct_dp,,0,,False,DIRECT_DP_BASELINE_OPTIMAL,DIRECT_DP_FIXED_GRAPH_OPTIMAL,,False,,,2.165365,lunar_ice_bpc.normalized_additive_objective.v1,normalized_operating_cost_risk_weighted_completion,1264.853059,49.449687247,1028.213055683,960.0,False,1095.471984,43.059421,1101.490365,718.106514,1579.127551,0.866086362,0.870772363,1.071266659,0.748027619,2.165365,2.165365,False,,False,,0,0,0,0,0,0,0,0,0,0,0,True,0,0,0,,0,0,,,0,,0,,False,0,,,,,,,,,,0,,0,0,0,0,0,0,0,0,0,0,,,0,0,0,0,0,0,0,0,0,0,,False,0,0,False,False,0.007373,,,,False,,,,,,False,False,
5-scale full normalized objective,5,lunar_ice_sp50_005_019_seed679025,B1A_full_universe_root_audit,accepted_B1,B1A_full_universe_root_audit,,31,31,True,BPC_GAP_AVAILABLE,BPC_NODE_LP_CERTIFIED,CERTIFIED_NO_NEGATIVE,True,b1_root_true_dual_pricing_closure,BPC_NODE_LP_CERTIFIED,2.165365,lunar_ice_bpc.normalized_additive_objective.v1,normalized_operating_cost_risk_weighted_completion,1264.853059,49.449687247,1028.213055683,960.0,False,1095.471984,43.059421,1101.490365,718.106514,1579.127551,0.866086362,0.870772363,1.071266659,0.748027619,2.165365,2.165365,False,2.165365,True,True,1,1,0,0,0,0,0,0,0,0,0,True,0,0,0,,0,0,True,True,0,,0,,False,0,,,,,,,,,,0,,0,0,0,0,0,0,0,0,0,0,,,0,0,0,0,0,0,0,0,0,0,,False,0,0,False,False,0.008107,,,,False,,,,,,False,False,
5-scale full normalized objective,5,lunar_ice_sp50_005_019_seed679025,B1B_seeded_root_CG,accepted_B1,B1B_seeded_root_CG,,6,31,False,BPC_GAP_AVAILABLE,BPC_NODE_LP_CERTIFIED,CERTIFIED_NO_NEGATIVE,True,b1_root_true_dual_pricing_closure,BPC_NODE_LP_CERTIFIED,2.165365,lunar_ice_bpc.normalized_additive_objective.v1,normalized_operating_cost_risk_weighted_completion,1264.853059,49.449687247,1028.213055683,960.0,False,1095.471984,43.059421,1101.490365,718.106514,1579.127551,0.866086362,0.870772363,1.071266659,0.748027619,2.165365,2.165365,False,2.165365,True,True,3,3,0,0,0,0,0,0,0,0,0,True,14,14,0,,0,0,True,True,0,,0,,False,0,,,,,,,,,,0,,0,0,0,0,0,0,0,0,0,0,,,0,0,0,0,0,0,0,0,0,0,,False,0,0,False,False,0.008226,,,,False,,,,,,False,False,
5-scale full normalized objective,5,lunar_ice_sp50_005_019_seed679025,B2_PRODUCT_EXACT_SOLVER,fixed_graph_direct_dp_product_exact,B2_PRODUCT_EXACT_SOLVER,,0,,False,DIRECT_DP_BASELINE_OPTIMAL,DIRECT_DP_FIXED_GRAPH_OPTIMAL,NOT_PRICED,False,,,2.165365,lunar_ice_bpc.normalized_additive_objective.v1,normalized_operating_cost_risk_weighted_completion,1264.853059,49.449687247,1028.213055683,960.0,False,1095.471984,43.059421,1101.490365,718.106514,1579.127551,0.866086362,0.870772363,1.071266659,0.748027619,2.165365,2.165365,False,,False,,0,0,0,0,0,0,0,0,0,0,0,True,0,0,0,,0,0,,,0,DIRECT_DP_FIXED_GRAPH_OPTIMAL,1,2.165365,True,1,,,,,,,,,,64,,64,0,0,31,0,325,0,0,0,0,,,0,0,0,0,0,0,0,0,0,0,,False,0,0,False,False,8e-06,,,,False,,,,,,False,False,
5-scale full normalized objective,5,lunar_ice_sp50_005_019_seed679025,B2A_full_universe_rc_audit_fast_path,B1A_full_universe_root_audit,B2A_full_universe_rc_audit_fast_path,,31,31,True,BPC_GAP_AVAILABLE,BPC_NODE_LP_CERTIFIED,CERTIFIED_NO_NEGATIVE,True,b2a_full_universe_membership_rc_audit,BPC_NODE_LP_CERTIFIED,2.165365,lunar_ice_bpc.normalized_additive_objective.v1,normalized_operating_cost_risk_weighted_completion,1264.853059,49.449687247,1028.213055683,960.0,False,1095.471984,43.059421,1101.490365,718.106514,1579.127551,0.866086362,0.870772363,1.071266659,0.748027619,2.165365,2.165365,False,2.165365,True,True,1,0,0,0,0,0,0,0,0,0,0,True,0,0,0,,0,0,True,True,0,,0,,False,0,0.0,,,,,0.0,0.0,,,0,,0,0,0,0,0,0,0,0,0,0,0.0,0.0,0,0,0,0,0,0,0,0,0,0,,False,0,0,False,False,0.008004,,,,False,,,,,,False,False,"wall_time_lower,final_judge_call_count_lower,final_judge_wall_time_lower"
5-scale full normalized objective,5,lunar_ice_sp50_005_019_seed679025,B2B_seeded_tail_CG,B1B_seeded_root_CG,B2B_seeded_tail_CG,,6,31,False,BPC_GAP_AVAILABLE,BPC_NODE_LP_CERTIFIED,CERTIFIED_NO_NEGATIVE,True,b2b_true_dual_pricing_closure,BPC_NODE_LP_CERTIFIED,2.165365,lunar_ice_bpc.normalized_additive_objective.v1,normalized_operating_cost_risk_weighted_completion,1264.853059,49.449687247,1028.213055683,960.0,False,1095.471984,43.059421,1101.490365,718.106514,1579.127551,0.866086362,0.870772363,1.071266659,0.748027619,2.165365,2.165365,False,2.165365,True,True,3,3,14,14,0,0,0,0,0,14,14,True,14,14,0,,0,0,True,True,0,,0,,False,0,0.0,,,,,0.0,0.00724,,,0,,0,0,0,0,0,0,0,0,0,0,0.0,0.0,0,0,0,0,0,0,0,0,0,0,,False,0,0,False,False,0.028958,,,,False,,,,,,False,False,final_judge_wall_time_lower
5-scale full normalized objective,5,lunar_ice_sp50_005_019_seed679025,B2B_R2_worker_before_final_judge,B1B_seeded_root_CG,B2B_R2_worker_before_final_judge,b2b_r2_lightweight_no_full_universe_enumeration,6,,False,BPC_GAP_AVAILABLE,BPC_NODE_LP_CERTIFIED,CERTIFIED_NO_NEGATIVE,True,b2b_r2_true_dual_final_judge_closure,BPC_NODE_LP_CERTIFIED,2.165365,lunar_ice_bpc.normalized_additive_objective.v1,normalized_operating_cost_risk_weighted_completion,1264.853059,49.449687247,1028.213055683,960.0,False,1095.471984,43.059421,1101.490365,718.106514,1579.127551,0.866086362,0.870772363,1.071266659,0.748027619,2.165365,2.165365,False,2.165365,True,True,5,2,35,35,0,0,0,0,0,35,35,True,16,16,0,,0,0,True,True,0,,0,,False,0,0.001297,LOCAL_NO_COLUMN_UNCERTIFIED,master.reduced_cost_context,B2B_R2_worker_before_final_judge-root-5,c6a4c2970833cbcf7011c489c2a45fbca84d942809e13861deb4dbf5d51aaff9,0.272902,0.013208,0.025976,0.025976,1590,262,1590,107586,8548,273,197,107586,0,0,0,0,0.0,0.0,105,30,0,384,5,4,4,1,0,3,FINAL_JUDGE_CERTIFIED_NO_NEGATIVE,False,1590,0,False,True,0.290151,,,,False,,,,,,False,False,"final_judge_call_count_lower,time_to_first_addable_negative_available,worker_found_addable_negative,added_to_master_count_higher"
5-scale full normalized objective,5,lunar_ice_sp50_005_019_seed679025,B2B_R3_true_dual_negative_search_worker,B1B_seeded_root_CG,B2B_R3_true_dual_negative_search_worker,b2b_r3_lightweight_no_full_universe_enumeration,6,,False,BPC_GAP_AVAILABLE,BPC_NODE_LP_CERTIFIED,CERTIFIED_NO_NEGATIVE,True,b2b_r3_true_dual_final_judge_closure,BPC_NODE_LP_CERTIFIED,2.165365,lunar_ice_bpc.normalized_additive_objective.v1,normalized_operating_cost_risk_weighted_completion,1264.853059,49.449687247,1028.213055683,960.0,False,1095.471984,43.059421,1101.490365,718.106514,1579.127551,0.866086362,0.870772363,1.071266659,0.748027619,2.165365,2.165365,False,2.165365,True,True,5,2,35,35,0,0,0,0,0,35,35,True,16,16,0,,0,0,True,True,0,,0,,False,0,0.001333,LOCAL_NO_COLUMN_UNCERTIFIED,master.reduced_cost_context,B2B_R3_true_dual_negative_search_worker-root-5,64ec936be3b3a4fcded3ad66f32a313afaf84f58443343c04f4e7e7e0673d46d,0.274024,0.013678,0.026224,0.026224,1590,262,1590,107586,8548,273,197,107586,0,0,0,0,0.0,0.0,105,30,0,384,5,4,4,1,0,3,FINAL_JUDGE_CERTIFIED_NO_NEGATIVE,False,1590,0,False,True,0.29192,,,,False,,,,,,False,False,"final_judge_call_count_lower,time_to_first_addable_negative_available,worker_found_addable_negative,added_to_master_count_higher"
5-scale full normalized objective,5,lunar_ice_sp50_005_019_seed679025,B2C_limited_pricing_diagnostic,diagnostic_only_no_certificate,B2C_limited_pricing_diagnostic,,0,,False,BPC_INCOMPLETE_PRICING,DIAGNOSTIC_PRICING_FRONTIER,FOUND_NEGATIVE,False,,,2.165365,lunar_ice_bpc.normalized_additive_objective.v1,normalized_operating_cost_risk_weighted_completion,1264.853059,49.449687247,1028.213055683,960.0,False,1095.471984,43.059421,1101.490365,718.106514,1579.127551,0.866086362,0.870772363,1.071266659,0.748027619,2.165365,2.165365,False,,False,,0,0,1,0,0,0,0,0,0,0,0,True,0,0,0,,0,0,,,0,,0,,False,0,0.000102,,master.reduced_cost_context,B2C_limited_pricing_diagnostic-diagnostic-root,6fb50c9330cace501aeb478f0d48ed4305a47825d29e82980a556e80b7591f0b,0.092236,0.0,0.092236,,64,64,64,0,165,2,1,17295,0,0,0,0,,,0,1,0,0,0,0,0,0,0,0,FOUND_NEGATIVE,False,0,0,False,False,0.093496,B2C_limited_pricing_diagnostic: limited pricing diagnostic cannot certify no-negative or provide an official bound.,,,False,,,,,,False,False,
5-scale full normalized objective,5,lunar_ice_sp50_005_019_seed679025,B2D_proof_tail_kernel_profile,diagnostic_only_no_certificate,B2D_proof_tail_kernel_profile,,0,,False,BPC_INCOMPLETE_PRICING,DIAGNOSTIC_PRICING_FRONTIER,FOUND_NEGATIVE,False,,,2.165365,lunar_ice_bpc.normalized_additive_objective.v1,normalized_operating_cost_risk_weighted_completion,1264.853059,49.449687247,1028.213055683,960.0,False,1095.471984,43.059421,1101.490365,718.106514,1579.127551,0.866086362,0.870772363,1.071266659,0.748027619,2.165365,2.165365,False,,False,,0,0,1,0,0,0,0,0,0,0,0,True,0,0,0,,0,0,,,0,,0,,False,0,0.000115,,master.reduced_cost_context,B2D_proof_tail_kernel_profile-diagnostic-root,bfc884f30425febbaefa21fdb84adcc56b0ab41e2e0524b9d874a2a6fc9522b2,0.091941,0.0,0.091941,,64,64,64,0,165,2,1,17295,0,0,0,0,,,0,1,0,0,0,0,0,0,0,0,FOUND_NEGATIVE,False,0,0,False,True,0.093229,B2D_proof_tail_kernel_profile: limited pricing diagnostic cannot certify no-negative or provide an official bound.,,,False,,,,,,False,False,
5-scale full normalized objective,5,lunar_ice_sp50_005_020_seed679026,B0_pure_direct_dp,fixed_graph_direct_dp_oracle,B0_pure_direct_dp,,0,,False,DIRECT_DP_BASELINE_OPTIMAL,DIRECT_DP_FIXED_GRAPH_OPTIMAL,,False,,,2.170592,lunar_ice_bpc.normalized_additive_objective.v1,normalized_operating_cost_risk_weighted_completion,1337.000229,48.706332488,1186.1841625,960.0,False,1171.158459,42.080919,1277.105323,736.847337,1724.081507,0.875959804,0.863972236,1.076650122,0.767549309,2.170592,2.170592,False,,False,,0,0,0,0,0,0,0,0,0,0,0,True,0,0,0,,0,0,,,0,,0,,False,0,,,,,,,,,,0,,0,0,0,0,0,0,0,0,0,0,,,0,0,0,0,0,0,0,0,0,0,,False,0,0,False,False,0.008365,,,,False,,,,,,False,False,
5-scale full normalized objective,5,lunar_ice_sp50_005_020_seed679026,B1A_full_universe_root_audit,accepted_B1,B1A_full_universe_root_audit,,31,31,True,BPC_GAP_AVAILABLE,BPC_NODE_LP_CERTIFIED,CERTIFIED_NO_NEGATIVE,True,b1_root_true_dual_pricing_closure,BPC_NODE_LP_CERTIFIED,2.170592,lunar_ice_bpc.normalized_additive_objective.v1,normalized_operating_cost_risk_weighted_completion,1337.000229,48.706332488,1186.1841625,960.0,False,1171.158459,42.080919,1277.105323,736.847337,1724.081507,0.875959804,0.863972236,1.076650122,0.767549309,2.170592,2.170592,False,2.170592,True,True,1,1,0,0,0,0,0,0,0,0,0,True,0,0,0,,0,0,True,True,0,,0,,False,0,,,,,,,,,,0,,0,0,0,0,0,0,0,0,0,0,,,0,0,0,0,0,0,0,0,0,0,,False,0,0,False,False,0.00943,,,,False,,,,,,False,False,
5-scale full normalized objective,5,lunar_ice_sp50_005_020_seed679026,B1B_seeded_root_CG,accepted_B1,B1B_seeded_root_CG,,6,31,False,BPC_GAP_AVAILABLE,BPC_NODE_LP_CERTIFIED,CERTIFIED_NO_NEGATIVE,True,b1_root_true_dual_pricing_closure,BPC_NODE_LP_CERTIFIED,2.170592,lunar_ice_bpc.normalized_additive_objective.v1,normalized_operating_cost_risk_weighted_completion,1337.000229,48.706332488,1186.1841625,960.0,False,1171.158459,42.080919,1277.105323,736.847337,1724.081507,0.875959804,0.863972236,1.076650122,0.767549309,2.170592,2.170592,False,2.170592,True,True,3,3,0,0,0,0,0,0,0,0,0,True,15,15,0,,0,0,True,True,0,,0,,False,0,,,,,,,,,,0,,0,0,0,0,0,0,0,0,0,0,,,0,0,0,0,0,0,0,0,0,0,,False,0,0,False,False,0.008614,,,,False,,,,,,False,False,
5-scale full normalized objective,5,lunar_ice_sp50_005_020_seed679026,B2_PRODUCT_EXACT_SOLVER,fixed_graph_direct_dp_product_exact,B2_PRODUCT_EXACT_SOLVER,,0,,False,DIRECT_DP_BASELINE_OPTIMAL,DIRECT_DP_FIXED_GRAPH_OPTIMAL,NOT_PRICED,False,,,2.170592,lunar_ice_bpc.normalized_additive_objective.v1,normalized_operating_cost_risk_weighted_completion,1337.000229,48.706332488,1186.1841625,960.0,False,1171.158459,42.080919,1277.105323,736.847337,1724.081507,0.875959804,0.863972236,1.076650122,0.767549309,2.170592,2.170592,False,,False,,0,0,0,0,0,0,0,0,0,0,0,True,0,0,0,,0,0,,,0,DIRECT_DP_FIXED_GRAPH_OPTIMAL,1,2.170592,True,1,,,,,,,,,,90,,90,0,0,31,0,353,0,0,0,0,,,0,0,0,0,0,0,0,0,0,0,,False,0,0,False,False,8e-06,,,,False,,,,,,False,False,
5-scale full normalized objective,5,lunar_ice_sp50_005_020_seed679026,B2A_full_universe_rc_audit_fast_path,B1A_full_universe_root_audit,B2A_full_universe_rc_audit_fast_path,,31,31,True,BPC_GAP_AVAILABLE,BPC_NODE_LP_CERTIFIED,CERTIFIED_NO_NEGATIVE,True,b2a_full_universe_membership_rc_audit,BPC_NODE_LP_CERTIFIED,2.170592,lunar_ice_bpc.normalized_additive_objective.v1,normalized_operating_cost_risk_weighted_completion,1337.000229,48.706332488,1186.1841625,960.0,False,1171.158459,42.080919,1277.105323,736.847337,1724.081507,0.875959804,0.863972236,1.076650122,0.767549309,2.170592,2.170592,False,2.170592,True,True,1,0,0,0,0,0,0,0,0,0,0,True,0,0,0,,0,0,True,True,0,,0,,False,0,0.0,,,,,0.0,0.0,,,0,,0,0,0,0,0,0,0,0,0,0,0.0,0.0,0,0,0,0,0,0,0,0,0,0,,False,0,0,False,False,0.008647,,,,False,,,,,,False,False,"wall_time_lower,final_judge_call_count_lower,final_judge_wall_time_lower"
5-scale full normalized objective,5,lunar_ice_sp50_005_020_seed679026,B2B_seeded_tail_CG,B1B_seeded_root_CG,B2B_seeded_tail_CG,,6,31,False,BPC_GAP_AVAILABLE,BPC_NODE_LP_CERTIFIED,CERTIFIED_NO_NEGATIVE,True,b2b_true_dual_pricing_closure,BPC_NODE_LP_CERTIFIED,2.170592,lunar_ice_bpc.normalized_additive_objective.v1,normalized_operating_cost_risk_weighted_completion,1337.000229,48.706332488,1186.1841625,960.0,False,1171.158459,42.080919,1277.105323,736.847337,1724.081507,0.875959804,0.863972236,1.076650122,0.767549309,2.170592,2.170592,False,2.170592,True,True,3,3,15,15,0,0,0,0,0,15,15,True,15,15,0,,0,0,True,True,0,,0,,False,0,0.0,,,,,0.0,0.007254,,,0,,0,0,0,0,0,0,0,0,0,0,0.0,0.0,0,0,0,0,0,0,0,0,0,0,,False,0,0,False,False,0.031759,,,,False,,,,,,False,False,final_judge_wall_time_lower
5-scale full normalized objective,5,lunar_ice_sp50_005_020_seed679026,B2B_R2_worker_before_final_judge,B1B_seeded_root_CG,B2B_R2_worker_before_final_judge,b2b_r2_lightweight_no_full_universe_enumeration,6,,False,BPC_GAP_AVAILABLE,BPC_NODE_LP_CERTIFIED,CERTIFIED_NO_NEGATIVE,True,b2b_r2_true_dual_final_judge_closure,BPC_NODE_LP_CERTIFIED,2.170592,lunar_ice_bpc.normalized_additive_objective.v1,normalized_operating_cost_risk_weighted_completion,1337.000229,48.706332488,1186.1841625,960.0,False,1171.158459,42.080919,1277.105323,736.847337,1724.081507,0.875959804,0.863972236,1.076650122,0.767549309,2.170592,2.170592,False,2.170592,True,True,5,2,34,34,0,0,0,0,0,34,34,True,14,14,0,,0,0,True,True,0,,0,,False,0,0.001258,LOCAL_NO_COLUMN_UNCERTIFIED,master.reduced_cost_context,B2B_R2_worker_before_final_judge-root-5,f6cec68839664708cbcafeb245cdb49850577f1f3ecdb264bcb75a69ab9bf53b,0.263183,0.015001,0.026114,0.026114,1828,300,1828,106680,9654,269,196,106680,0,0,0,0,0.0,0.0,105,29,0,403,5,4,4,1,0,3,FINAL_JUDGE_CERTIFIED_NO_NEGATIVE,False,1828,0,False,True,0.282164,,,,False,,,,,,False,False,"final_judge_call_count_lower,time_to_first_addable_negative_available,worker_found_addable_negative"
5-scale full normalized objective,5,lunar_ice_sp50_005_020_seed679026,B2B_R3_true_dual_negative_search_worker,B1B_seeded_root_CG,B2B_R3_true_dual_negative_search_worker,b2b_r3_lightweight_no_full_universe_enumeration,6,,False,BPC_GAP_AVAILABLE,BPC_NODE_LP_CERTIFIED,CERTIFIED_NO_NEGATIVE,True,b2b_r3_true_dual_final_judge_closure,BPC_NODE_LP_CERTIFIED,2.170592,lunar_ice_bpc.normalized_additive_objective.v1,normalized_operating_cost_risk_weighted_completion,1337.000229,48.706332488,1186.1841625,960.0,False,1171.158459,42.080919,1277.105323,736.847337,1724.081507,0.875959804,0.863972236,1.076650122,0.767549309,2.170592,2.170592,False,2.170592,True,True,5,2,34,34,0,0,0,0,0,34,34,True,14,14,0,,0,0,True,True,0,,0,,False,0,0.001269,LOCAL_NO_COLUMN_UNCERTIFIED,master.reduced_cost_context,B2B_R3_true_dual_negative_search_worker-root-5,685e9488392117409c8f52a2951ebbfbf4bb628e8c2ff9c46a1a4f02f9fb0640,0.265194,0.014629,0.026434,0.026434,1828,300,1828,106680,9654,269,196,106680,0,0,0,0,0.0,0.0,105,29,0,403,5,4,4,1,0,3,FINAL_JUDGE_CERTIFIED_NO_NEGATIVE,False,1828,0,False,True,0.283804,,,,False,,,,,,False,False,"final_judge_call_count_lower,time_to_first_addable_negative_available,worker_found_addable_negative"
5-scale full normalized objective,5,lunar_ice_sp50_005_020_seed679026,B2C_limited_pricing_diagnostic,diagnostic_only_no_certificate,B2C_limited_pricing_diagnostic,,0,,False,BPC_INCOMPLETE_PRICING,DIAGNOSTIC_PRICING_FRONTIER,FOUND_NEGATIVE,False,,,2.170592,lunar_ice_bpc.normalized_additive_objective.v1,normalized_operating_cost_risk_weighted_completion,1337.000229,48.706332488,1186.1841625,960.0,False,1171.158459,42.080919,1277.105323,736.847337,1724.081507,0.875959804,0.863972236,1.076650122,0.767549309,2.170592,2.170592,False,,False,,0,0,1,0,0,0,0,0,0,0,0,True,0,0,0,,0,0,,,0,,0,,False,0,0.000102,,master.reduced_cost_context,B2C_limited_pricing_diagnostic-diagnostic-root,846d543592aec32d6892ac476f01580ff7247b15293986a868761e2ea7499138,0.091146,0.0,0.091146,,90,90,90,0,181,2,1,17203,0,0,0,0,,,0,1,0,0,0,0,0,0,0,0,FOUND_NEGATIVE,False,0,0,False,False,0.092362,B2C_limited_pricing_diagnostic: limited pricing diagnostic cannot certify no-negative or provide an official bound.,,,False,,,,,,False,False,
5-scale full normalized objective,5,lunar_ice_sp50_005_020_seed679026,B2D_proof_tail_kernel_profile,diagnostic_only_no_certificate,B2D_proof_tail_kernel_profile,,0,,False,BPC_INCOMPLETE_PRICING,DIAGNOSTIC_PRICING_FRONTIER,FOUND_NEGATIVE,False,,,2.170592,lunar_ice_bpc.normalized_additive_objective.v1,normalized_operating_cost_risk_weighted_completion,1337.000229,48.706332488,1186.1841625,960.0,False,1171.158459,42.080919,1277.105323,736.847337,1724.081507,0.875959804,0.863972236,1.076650122,0.767549309,2.170592,2.170592,False,,False,,0,0,1,0,0,0,0,0,0,0,0,True,0,0,0,,0,0,,,0,,0,,False,0,0.000104,,master.reduced_cost_context,B2D_proof_tail_kernel_profile-diagnostic-root,302b3315150da75803897fcf5d91250ebf6003ddff0a4ee046aab4ff7e22104a,0.09303,0.0,0.09303,,90,90,90,0,181,2,1,17203,0,0,0,0,,,0,1,0,0,0,0,0,0,0,0,FOUND_NEGATIVE,False,0,0,False,True,0.094328,B2D_proof_tail_kernel_profile: limited pricing diagnostic cannot certify no-negative or provide an official bound.,,,False,,,,,,False,False,
5-scale full normalized objective,5,lunar_ice_sp50_005_004_seed679030,B0_pure_direct_dp,fixed_graph_direct_dp_oracle,B0_pure_direct_dp,,0,,False,DIRECT_DP_BASELINE_OPTIMAL,DIRECT_DP_FIXED_GRAPH_OPTIMAL,,False,,,2.068163,lunar_ice_bpc.normalized_additive_objective.v1,normalized_operating_cost_risk_weighted_completion,1235.195416,41.296817397,1112.755055127,960.0,False,1001.631861,34.360486,1182.903525,646.191937,1509.153757,0.810909633,0.832037144,1.063040352,0.673116601,2.068163,2.068163,False,,False,,0,0,0,0,0,0,0,0,0,0,0,True,0,0,0,,0,0,,,0,,0,,False,0,,,,,,,,,,0,,0,0,0,0,0,0,0,0,0,0,,,0,0,0,0,0,0,0,0,0,0,,False,0,0,False,False,0.009497,,,,False,,,,,,False,False,
5-scale full normalized objective,5,lunar_ice_sp50_005_004_seed679030,B1A_full_universe_root_audit,accepted_B1,B1A_full_universe_root_audit,,31,31,True,BPC_GAP_AVAILABLE,BPC_NODE_LP_CERTIFIED,CERTIFIED_NO_NEGATIVE,True,b1_root_true_dual_pricing_closure,BPC_NODE_LP_CERTIFIED,2.068163,lunar_ice_bpc.normalized_additive_objective.v1,normalized_operating_cost_risk_weighted_completion,1235.195416,41.296817397,1112.755055127,960.0,False,1001.631861,34.360486,1182.903525,646.191937,1509.153757,0.810909633,0.832037144,1.063040352,0.673116601,2.068163,2.068163,False,2.068163,True,True,1,1,0,0,0,0,0,0,0,0,0,True,0,0,0,,0,0,True,True,0,,0,,False,0,,,,,,,,,,0,,0,0,0,0,0,0,0,0,0,0,,,0,0,0,0,0,0,0,0,0,0,,False,0,0,False,False,0.010306,,,,False,,,,,,False,False,
5-scale full normalized objective,5,lunar_ice_sp50_005_004_seed679030,B1B_seeded_root_CG,accepted_B1,B1B_seeded_root_CG,,6,31,False,BPC_GAP_AVAILABLE,BPC_NODE_LP_CERTIFIED,CERTIFIED_NO_NEGATIVE,True,b1_root_true_dual_pricing_closure,BPC_NODE_LP_CERTIFIED,2.068163,lunar_ice_bpc.normalized_additive_objective.v1,normalized_operating_cost_risk_weighted_completion,1235.195416,41.296817397,1112.755055127,960.0,False,1001.631861,34.360486,1182.903525,646.191937,1509.153757,0.810909633,0.832037144,1.063040352,0.673116601,2.068163,2.068163,False,2.068163,True,True,3,3,0,0,0,0,0,0,0,0,0,True,16,16,0,,0,0,True,True,0,,0,,False,0,,,,,,,,,,0,,0,0,0,0,0,0,0,0,0,0,,,0,0,0,0,0,0,0,0,0,0,,False,0,0,False,False,0.010773,,,,False,,,,,,False,False,
5-scale full normalized objective,5,lunar_ice_sp50_005_004_seed679030,B2_PRODUCT_EXACT_SOLVER,fixed_graph_direct_dp_product_exact,B2_PRODUCT_EXACT_SOLVER,,0,,False,DIRECT_DP_BASELINE_OPTIMAL,DIRECT_DP_FIXED_GRAPH_OPTIMAL,NOT_PRICED,False,,,2.068163,lunar_ice_bpc.normalized_additive_objective.v1,normalized_operating_cost_risk_weighted_completion,1235.195416,41.296817397,1112.755055127,960.0,False,1001.631861,34.360486,1182.903525,646.191937,1509.153757,0.810909633,0.832037144,1.063040352,0.673116601,2.068163,2.068163,False,,False,,0,0,0,0,0,0,0,0,0,0,0,True,0,0,0,,0,0,,,0,DIRECT_DP_FIXED_GRAPH_OPTIMAL,1,2.068163,True,1,,,,,,,,,,85,,85,0,0,31,0,484,0,0,0,0,,,0,0,0,0,0,0,0,0,0,0,,False,0,0,False,False,9e-06,,,,False,,,,,,False,False,
5-scale full normalized objective,5,lunar_ice_sp50_005_004_seed679030,B2A_full_universe_rc_audit_fast_path,B1A_full_universe_root_audit,B2A_full_universe_rc_audit_fast_path,,31,31,True,BPC_GAP_AVAILABLE,BPC_NODE_LP_CERTIFIED,CERTIFIED_NO_NEGATIVE,True,b2a_full_universe_membership_rc_audit,BPC_NODE_LP_CERTIFIED,2.068163,lunar_ice_bpc.normalized_additive_objective.v1,normalized_operating_cost_risk_weighted_completion,1235.195416,41.296817397,1112.755055127,960.0,False,1001.631861,34.360486,1182.903525,646.191937,1509.153757,0.810909633,0.832037144,1.063040352,0.673116601,2.068163,2.068163,False,2.068163,True,True,1,0,0,0,0,0,0,0,0,0,0,True,0,0,0,,0,0,True,True,0,,0,,False,0,0.0,,,,,0.0,0.0,,,0,,0,0,0,0,0,0,0,0,0,0,0.0,0.0,0,0,0,0,0,0,0,0,0,0,,False,0,0,False,False,0.010716,,,,False,,,,,,False,False,"final_judge_call_count_lower,final_judge_wall_time_lower"
5-scale full normalized objective,5,lunar_ice_sp50_005_004_seed679030,B2B_seeded_tail_CG,B1B_seeded_root_CG,B2B_seeded_tail_CG,,6,31,False,BPC_GAP_AVAILABLE,BPC_NODE_LP_CERTIFIED,CERTIFIED_NO_NEGATIVE,True,b2b_true_dual_pricing_closure,BPC_NODE_LP_CERTIFIED,2.068163,lunar_ice_bpc.normalized_additive_objective.v1,normalized_operating_cost_risk_weighted_completion,1235.195416,41.296817397,1112.755055127,960.0,False,1001.631861,34.360486,1182.903525,646.191937,1509.153757,0.810909633,0.832037144,1.063040352,0.673116601,2.068163,2.068163,False,2.068163,True,True,3,3,16,16,0,0,0,0,0,16,16,True,16,16,0,,0,0,True,True,0,,0,,False,0,0.0,,,,,0.0,0.009495,,,0,,0,0,0,0,0,0,0,0,0,0,0.0,0.0,0,0,0,0,0,0,0,0,0,0,,False,0,0,False,False,0.039809,,,,False,,,,,,False,False,final_judge_wall_time_lower
5-scale full normalized objective,5,lunar_ice_sp50_005_004_seed679030,B2B_R2_worker_before_final_judge,B1B_seeded_root_CG,B2B_R2_worker_before_final_judge,b2b_r2_lightweight_no_full_universe_enumeration,6,,False,BPC_GAP_AVAILABLE,BPC_NODE_LP_CERTIFIED,CERTIFIED_NO_NEGATIVE,True,b2b_r2_true_dual_final_judge_closure,BPC_NODE_LP_CERTIFIED,2.068163,lunar_ice_bpc.normalized_additive_objective.v1,normalized_operating_cost_risk_weighted_completion,1235.195416,41.296817397,1112.755055127,960.0,False,1001.631861,34.360486,1182.903525,646.191937,1509.153757,0.810909633,0.832037144,1.063040352,0.673116601,2.068163,2.068163,False,2.068163,True,True,4,1,36,36,0,0,0,0,0,36,36,True,14,14,0,,0,0,True,True,0,,0,,False,0,0.0008,LOCAL_NO_COLUMN_UNCERTIFIED,master.reduced_cost_context,B2B_R2_worker_before_final_judge-root-4,6da93e54f4d034e0501981ce1b4f5e9beb5b03b39131aee32c28d9ae57f86042,0.248196,0.009169,0.039104,0.039104,1463,334,1463,63557,7206,210,136,63557,0,0,0,0,0.0,0.0,78,27,0,376,4,3,3,1,0,3,FINAL_JUDGE_CERTIFIED_NO_NEGATIVE,False,1463,0,False,True,0.260639,,,,False,,,,,,False,False,"final_judge_call_count_lower,final_judge_wall_time_lower,time_to_first_addable_negative_available,worker_found_addable_negative"
5-scale full normalized objective,5,lunar_ice_sp50_005_004_seed679030,B2B_R3_true_dual_negative_search_worker,B1B_seeded_root_CG,B2B_R3_true_dual_negative_search_worker,b2b_r3_lightweight_no_full_universe_enumeration,6,,False,BPC_GAP_AVAILABLE,BPC_NODE_LP_CERTIFIED,CERTIFIED_NO_NEGATIVE,True,b2b_r3_true_dual_final_judge_closure,BPC_NODE_LP_CERTIFIED,2.068163,lunar_ice_bpc.normalized_additive_objective.v1,normalized_operating_cost_risk_weighted_completion,1235.195416,41.296817397,1112.755055127,960.0,False,1001.631861,34.360486,1182.903525,646.191937,1509.153757,0.810909633,0.832037144,1.063040352,0.673116601,2.068163,2.068163,False,2.068163,True,True,4,1,36,36,0,0,0,0,0,36,36,True,14,14,0,,0,0,True,True,0,,0,,False,0,0.000788,LOCAL_NO_COLUMN_UNCERTIFIED,master.reduced_cost_context,B2B_R3_true_dual_negative_search_worker-root-4,59beb27cc6a1ab81a3b897e1d3f5e2a8f8000eeeefeb578685b9b4660e731f05,0.245708,0.009253,0.038674,0.038674,1463,334,1463,63557,7206,210,136,63557,0,0,0,0,0.0,0.0,78,27,0,376,4,3,3,1,0,3,FINAL_JUDGE_CERTIFIED_NO_NEGATIVE,False,1463,0,False,True,0.258064,,,,False,,,,,,False,False,"final_judge_call_count_lower,final_judge_wall_time_lower,time_to_first_addable_negative_available,worker_found_addable_negative"
5-scale full normalized objective,5,lunar_ice_sp50_005_004_seed679030,B2C_limited_pricing_diagnostic,diagnostic_only_no_certificate,B2C_limited_pricing_diagnostic,,0,,False,BPC_INCOMPLETE_PRICING,DIAGNOSTIC_PRICING_FRONTIER,FOUND_NEGATIVE,False,,,2.068163,lunar_ice_bpc.normalized_additive_objective.v1,normalized_operating_cost_risk_weighted_completion,1235.195416,41.296817397,1112.755055127,960.0,False,1001.631861,34.360486,1182.903525,646.191937,1509.153757,0.810909633,0.832037144,1.063040352,0.673116601,2.068163,2.068163,False,,False,,0,0,1,0,0,0,0,0,0,0,0,True,0,0,0,,0,0,,,0,,0,,False,0,0.000106,,master.reduced_cost_context,B2C_limited_pricing_diagnostic-diagnostic-root,78898de34b33f8e2f9cbc8e66d320c2ceb1c3729e15cfe9afcb1fad465a72a99,0.083341,0.0,0.083341,,85,85,85,0,315,2,1,13353,0,0,0,0,,,0,1,0,0,0,0,0,0,0,0,FOUND_NEGATIVE,False,0,0,False,False,0.084591,B2C_limited_pricing_diagnostic: limited pricing diagnostic cannot certify no-negative or provide an official bound.,,,False,,,,,,False,False,
5-scale full normalized objective,5,lunar_ice_sp50_005_004_seed679030,B2D_proof_tail_kernel_profile,diagnostic_only_no_certificate,B2D_proof_tail_kernel_profile,,0,,False,BPC_INCOMPLETE_PRICING,DIAGNOSTIC_PRICING_FRONTIER,FOUND_NEGATIVE,False,,,2.068163,lunar_ice_bpc.normalized_additive_objective.v1,normalized_operating_cost_risk_weighted_completion,1235.195416,41.296817397,1112.755055127,960.0,False,1001.631861,34.360486,1182.903525,646.191937,1509.153757,0.810909633,0.832037144,1.063040352,0.673116601,2.068163,2.068163,False,,False,,0,0,1,0,0,0,0,0,0,0,0,True,0,0,0,,0,0,,,0,,0,,False,0,0.000104,,master.reduced_cost_context,B2D_proof_tail_kernel_profile-diagnostic-root,1d11f34a5089052260cfa98d8e0a954e2f82c060203f65e3d936e31928ac717e,0.083392,0.0,0.083392,,85,85,85,0,315,2,1,13353,0,0,0,0,,,0,1,0,0,0,0,0,0,0,0,FOUND_NEGATIVE,False,0,0,False,True,0.08474,B2D_proof_tail_kernel_profile: limited pricing diagnostic cannot certify no-negative or provide an official bound.,,,False,,,,,,False,False,
5-scale full normalized objective,5,lunar_ice_sp50_005_006_seed679032,B0_pure_direct_dp,fixed_graph_direct_dp_oracle,B0_pure_direct_dp,,0,,False,DIRECT_DP_BASELINE_OPTIMAL,DIRECT_DP_FIXED_GRAPH_OPTIMAL,,False,,,2.114233,lunar_ice_bpc.normalized_additive_objective.v1,normalized_operating_cost_risk_weighted_completion,1308.987687,42.799238153,1141.423738479,960.0,False,1105.002568,36.526003,1188.909182,692.7701,1617.092244,0.844165747,0.853426476,1.041601941,0.721635521,2.114233,2.114233,False,,False,,0,0,0,0,0,0,0,0,0,0,0,True,0,0,0,,0,0,,,0,,0,,False,0,,,,,,,,,,0,,0,0,0,0,0,0,0,0,0,0,,,0,0,0,0,0,0,0,0,0,0,,False,0,0,False,False,0.006919,,,,False,,,,,,False,False,
5-scale full normalized objective,5,lunar_ice_sp50_005_006_seed679032,B1A_full_universe_root_audit,accepted_B1,B1A_full_universe_root_audit,,31,31,True,BPC_GAP_AVAILABLE,BPC_NODE_LP_CERTIFIED,CERTIFIED_NO_NEGATIVE,True,b1_root_true_dual_pricing_closure,BPC_NODE_LP_CERTIFIED,2.114233,lunar_ice_bpc.normalized_additive_objective.v1,normalized_operating_cost_risk_weighted_completion,1308.987687,42.799238153,1141.423738479,960.0,False,1105.002568,36.526003,1188.909182,692.7701,1617.092244,0.844165747,0.853426476,1.041601941,0.721635521,2.114233,2.114233,False,2.114233,True,True,1,1,0,0,0,0,0,0,0,0,0,True,0,0,0,,0,0,True,True,0,,0,,False,0,,,,,,,,,,0,,0,0,0,0,0,0,0,0,0,0,,,0,0,0,0,0,0,0,0,0,0,,False,0,0,False,False,0.007354,,,,False,,,,,,False,False,
5-scale full normalized objective,5,lunar_ice_sp50_005_006_seed679032,B1B_seeded_root_CG,accepted_B1,B1B_seeded_root_CG,,6,31,False,BPC_GAP_AVAILABLE,BPC_NODE_LP_CERTIFIED,CERTIFIED_NO_NEGATIVE,True,b1_root_true_dual_pricing_closure,BPC_NODE_LP_CERTIFIED,2.114233,lunar_ice_bpc.normalized_additive_objective.v1,normalized_operating_cost_risk_weighted_completion,1308.987687,42.799238153,1141.423738479,960.0,False,1105.002568,36.526003,1188.909182,692.7701,1617.092244,0.844165747,0.853426476,1.041601941,0.721635521,2.114233,2.114233,False,2.114233,True,True,3,3,0,0,0,0,0,0,0,0,0,True,17,17,0,,0,0,True,True,0,,0,,False,0,,,,,,,,,,0,,0,0,0,0,0,0,0,0,0,0,,,0,0,0,0,0,0,0,0,0,0,,False,0,0,False,False,0.00773,,,,False,,,,,,False,False,
5-scale full normalized objective,5,lunar_ice_sp50_005_006_seed679032,B2_PRODUCT_EXACT_SOLVER,fixed_graph_direct_dp_product_exact,B2_PRODUCT_EXACT_SOLVER,,0,,False,DIRECT_DP_BASELINE_OPTIMAL,DIRECT_DP_FIXED_GRAPH_OPTIMAL,NOT_PRICED,False,,,2.114233,lunar_ice_bpc.normalized_additive_objective.v1,normalized_operating_cost_risk_weighted_completion,1308.987687,42.799238153,1141.423738479,960.0,False,1105.002568,36.526003,1188.909182,692.7701,1617.092244,0.844165747,0.853426476,1.041601941,0.721635521,2.114233,2.114233,False,,False,,0,0,0,0,0,0,0,0,0,0,0,True,0,0,0,,0,0,,,0,DIRECT_DP_FIXED_GRAPH_OPTIMAL,1,2.114233,True,1,,,,,,,,,,55,,55,0,0,31,0,260,0,0,0,0,,,0,0,0,0,0,0,0,0,0,0,,False,0,0,False,False,9e-06,,,,False,,,,,,False,False,
5-scale full normalized objective,5,lunar_ice_sp50_005_006_seed679032,B2A_full_universe_rc_audit_fast_path,B1A_full_universe_root_audit,B2A_full_universe_rc_audit_fast_path,,31,31,True,BPC_GAP_AVAILABLE,BPC_NODE_LP_CERTIFIED,CERTIFIED_NO_NEGATIVE,True,b2a_full_universe_membership_rc_audit,BPC_NODE_LP_CERTIFIED,2.114233,lunar_ice_bpc.normalized_additive_objective.v1,normalized_operating_cost_risk_weighted_completion,1308.987687,42.799238153,1141.423738479,960.0,False,1105.002568,36.526003,1188.909182,692.7701,1617.092244,0.844165747,0.853426476,1.041601941,0.721635521,2.114233,2.114233,False,2.114233,True,True,1,0,0,0,0,0,0,0,0,0,0,True,0,0,0,,0,0,True,True,0,,0,,False,0,0.0,,,,,0.0,0.0,,,0,,0,0,0,0,0,0,0,0,0,0,0.0,0.0,0,0,0,0,0,0,0,0,0,0,,False,0,0,False,False,0.007276,,,,False,,,,,,False,False,"wall_time_lower,final_judge_call_count_lower,final_judge_wall_time_lower"
5-scale full normalized objective,5,lunar_ice_sp50_005_006_seed679032,B2B_seeded_tail_CG,B1B_seeded_root_CG,B2B_seeded_tail_CG,,6,31,False,BPC_GAP_AVAILABLE,BPC_NODE_LP_CERTIFIED,CERTIFIED_NO_NEGATIVE,True,b2b_true_dual_pricing_closure,BPC_NODE_LP_CERTIFIED,2.114233,lunar_ice_bpc.normalized_additive_objective.v1,normalized_operating_cost_risk_weighted_completion,1308.987687,42.799238153,1141.423738479,960.0,False,1105.002568,36.526003,1188.909182,692.7701,1617.092244,0.844165747,0.853426476,1.041601941,0.721635521,2.114233,2.114233,False,2.114233,True,True,3,3,17,17,0,0,0,0,0,17,17,True,17,17,0,,0,0,True,True,0,,0,,False,0,0.0,,,,,0.0,0.006234,,,0,,0,0,0,0,0,0,0,0,0,0,0.0,0.0,0,0,0,0,0,0,0,0,0,0,,False,0,0,False,False,0.027171,,,,False,,,,,,False,False,final_judge_wall_time_lower
5-scale full normalized objective,5,lunar_ice_sp50_005_006_seed679032,B2B_R2_worker_before_final_judge,B1B_seeded_root_CG,B2B_R2_worker_before_final_judge,b2b_r2_lightweight_no_full_universe_enumeration,6,,False,BPC_GAP_AVAILABLE,BPC_NODE_LP_CERTIFIED,CERTIFIED_NO_NEGATIVE,True,b2b_r2_true_dual_final_judge_closure,BPC_NODE_LP_CERTIFIED,2.114233,lunar_ice_bpc.normalized_additive_objective.v1,normalized_operating_cost_risk_weighted_completion,1308.987687,42.799238153,1141.423738479,960.0,False,1105.002568,36.526003,1188.909182,692.7701,1617.092244,0.844165747,0.853426476,1.041601941,0.721635521,2.114233,2.114233,False,2.114233,True,True,4,1,36,36,0,0,0,0,0,36,36,True,15,15,0,,0,0,True,True,0,,0,,False,0,0.001044,FOUND_NEGATIVE,master.reduced_cost_context,B2B_R2_worker_before_final_judge-root-4,3ab81d98cc21819ccdf84d43e30c4ca2b7cf77bb7b519c0bdd8e8da35f4350a5,0.222088,0.006633,0.024324,0.024324,952,218,952,91927,5666,210,136,91927,0,0,0,0,0.0,0.0,78,27,0,243,4,4,4,0,0,3,FINAL_JUDGE_CERTIFIED_NO_NEGATIVE,False,952,0,False,True,0.232309,,,,False,,,,,,False,False,"final_judge_call_count_lower,final_judge_wall_time_lower,time_to_first_addable_negative_available,worker_found_addable_negative"
5-scale full normalized objective,5,lunar_ice_sp50_005_006_seed679032,B2B_R3_true_dual_negative_search_worker,B1B_seeded_root_CG,B2B_R3_true_dual_negative_search_worker,b2b_r3_lightweight_no_full_universe_enumeration,6,,False,BPC_GAP_AVAILABLE,BPC_NODE_LP_CERTIFIED,CERTIFIED_NO_NEGATIVE,True,b2b_r3_true_dual_final_judge_closure,BPC_NODE_LP_CERTIFIED,2.114233,lunar_ice_bpc.normalized_additive_objective.v1,normalized_operating_cost_risk_weighted_completion,1308.987687,42.799238153,1141.423738479,960.0,False,1105.002568,36.526003,1188.909182,692.7701,1617.092244,0.844165747,0.853426476,1.041601941,0.721635521,2.114233,2.114233,False,2.114233,True,True,4,1,36,36,0,0,0,0,0,36,36,True,15,15,0,,0,0,True,True,0,,0,,False,0,0.000994,FOUND_NEGATIVE,master.reduced_cost_context,B2B_R3_true_dual_negative_search_worker-root-4,e0bba1ab8867da9bbbd7d0703c9b77d3dac7e1f3430cc2e816e1fa360da8650a,0.222727,0.006128,0.024324,0.024324,952,218,952,91927,5666,210,136,91927,0,0,0,0,0.0,0.0,78,27,0,243,4,4,4,0,0,3,FINAL_JUDGE_CERTIFIED_NO_NEGATIVE,False,952,0,False,True,0.232214,,,,False,,,,,,False,False,"final_judge_call_count_lower,final_judge_wall_time_lower,time_to_first_addable_negative_available,worker_found_addable_negative"
5-scale full normalized objective,5,lunar_ice_sp50_005_006_seed679032,B2C_limited_pricing_diagnostic,diagnostic_only_no_certificate,B2C_limited_pricing_diagnostic,,0,,False,BPC_INCOMPLETE_PRICING,DIAGNOSTIC_PRICING_FRONTIER,FOUND_NEGATIVE,False,,,2.114233,lunar_ice_bpc.normalized_additive_objective.v1,normalized_operating_cost_risk_weighted_completion,1308.987687,42.799238153,1141.423738479,960.0,False,1105.002568,36.526003,1188.909182,692.7701,1617.092244,0.844165747,0.853426476,1.041601941,0.721635521,2.114233,2.114233,False,,False,,0,0,1,0,0,0,0,0,0,0,0,True,0,0,0,,0,0,,,0,,0,,False,0,0.000111,,master.reduced_cost_context,B2C_limited_pricing_diagnostic-diagnostic-root,291d5e71824f50940dfa563f96ea44891c3b83f36dee2dd502588556b06c9ac7,0.104762,0.0,0.104762,,55,55,55,0,209,2,1,19960,0,0,0,0,,,0,1,0,0,0,0,0,0,0,0,FOUND_NEGATIVE,False,0,0,False,False,0.105972,B2C_limited_pricing_diagnostic: limited pricing diagnostic cannot certify no-negative or provide an official bound.,,,False,,,,,,False,False,
5-scale full normalized objective,5,lunar_ice_sp50_005_006_seed679032,B2D_proof_tail_kernel_profile,diagnostic_only_no_certificate,B2D_proof_tail_kernel_profile,,0,,False,BPC_INCOMPLETE_PRICING,DIAGNOSTIC_PRICING_FRONTIER,FOUND_NEGATIVE,False,,,2.114233,lunar_ice_bpc.normalized_additive_objective.v1,normalized_operating_cost_risk_weighted_completion,1308.987687,42.799238153,1141.423738479,960.0,False,1105.002568,36.526003,1188.909182,692.7701,1617.092244,0.844165747,0.853426476,1.041601941,0.721635521,2.114233,2.114233,False,,False,,0,0,1,0,0,0,0,0,0,0,0,True,0,0,0,,0,0,,,0,,0,,False,0,0.000103,,master.reduced_cost_context,B2D_proof_tail_kernel_profile-diagnostic-root,bbb22555103c5d0a14ff4e053b0f55ac97b593fd715ce0735f663dcd2f4bf01d,0.106055,0.0,0.106055,,55,55,55,0,209,2,1,19960,0,0,0,0,,,0,1,0,0,0,0,0,0,0,0,FOUND_NEGATIVE,False,0,0,False,True,0.107315,B2D_proof_tail_kernel_profile: limited pricing diagnostic cannot certify no-negative or provide an official bound.,,,False,,,,,,False,False,
5-scale full normalized objective,5,lunar_ice_sp50_005_016_seed679062,B0_pure_direct_dp,fixed_graph_direct_dp_oracle,B0_pure_direct_dp,,0,,False,DIRECT_DP_BASELINE_OPTIMAL,DIRECT_DP_FIXED_GRAPH_OPTIMAL,,False,,,2.158522,lunar_ice_bpc.normalized_additive_objective.v1,normalized_operating_cost_risk_weighted_completion,1073.366479,39.628646643,959.137839721,960.0,False,900.452303,35.38704,1023.041854,575.189088,1345.056085,0.838904811,0.892966149,1.066626518,0.5991553,2.158522,2.158522,False,,False,,0,0,0,0,0,0,0,0,0,0,0,True,0,0,0,,0,0,,,0,,0,,False,0,,,,,,,,,,0,,0,0,0,0,0,0,0,0,0,0,,,0,0,0,0,0,0,0,0,0,0,,False,0,0,False,False,0.008132,,,,False,,,,,,False,False,
5-scale full normalized objective,5,lunar_ice_sp50_005_016_seed679062,B1A_full_universe_root_audit,accepted_B1,B1A_full_universe_root_audit,,31,31,True,BPC_GAP_AVAILABLE,BPC_NODE_LP_CERTIFIED,CERTIFIED_NO_NEGATIVE,True,b1_root_true_dual_pricing_closure,BPC_NODE_LP_CERTIFIED,2.158522,lunar_ice_bpc.normalized_additive_objective.v1,normalized_operating_cost_risk_weighted_completion,1073.366479,39.628646643,959.137839721,960.0,False,900.452303,35.38704,1023.041854,575.189088,1345.056085,0.838904811,0.892966149,1.066626518,0.5991553,2.158522,2.158522,False,2.158522,True,True,1,1,0,0,0,0,0,0,0,0,0,True,0,0,0,,0,0,True,True,0,,0,,False,0,,,,,,,,,,0,,0,0,0,0,0,0,0,0,0,0,,,0,0,0,0,0,0,0,0,0,0,,False,0,0,False,False,0.009738,,,,False,,,,,,False,False,
5-scale full normalized objective,5,lunar_ice_sp50_005_016_seed679062,B1B_seeded_root_CG,accepted_B1,B1B_seeded_root_CG,,6,31,False,BPC_GAP_AVAILABLE,BPC_NODE_LP_CERTIFIED,CERTIFIED_NO_NEGATIVE,True,b1_root_true_dual_pricing_closure,BPC_NODE_LP_CERTIFIED,2.158522,lunar_ice_bpc.normalized_additive_objective.v1,normalized_operating_cost_risk_weighted_completion,1073.366479,39.628646643,959.137839721,960.0,False,900.452303,35.38704,1023.041854,575.189088,1345.056085,0.838904811,0.892966149,1.066626518,0.5991553,2.158522,2.158522,False,2.158522,True,True,3,3,0,0,0,0,0,0,0,0,0,True,15,15,0,,0,0,True,True,0,,0,,False,0,,,,,,,,,,0,,0,0,0,0,0,0,0,0,0,0,,,0,0,0,0,0,0,0,0,0,0,,False,0,0,False,False,0.009659,,,,False,,,,,,False,False,
5-scale full normalized objective,5,lunar_ice_sp50_005_016_seed679062,B2_PRODUCT_EXACT_SOLVER,fixed_graph_direct_dp_product_exact,B2_PRODUCT_EXACT_SOLVER,,0,,False,DIRECT_DP_BASELINE_OPTIMAL,DIRECT_DP_FIXED_GRAPH_OPTIMAL,NOT_PRICED,False,,,2.158522,lunar_ice_bpc.normalized_additive_objective.v1,normalized_operating_cost_risk_weighted_completion,1073.366479,39.628646643,959.137839721,960.0,False,900.452303,35.38704,1023.041854,575.189088,1345.056085,0.838904811,0.892966149,1.066626518,0.5991553,2.158522,2.158522,False,,False,,0,0,0,0,0,0,0,0,0,0,0,True,0,0,0,,0,0,,,0,DIRECT_DP_FIXED_GRAPH_OPTIMAL,1,2.158522,True,1,,,,,,,,,,71,,71,0,0,31,0,400,0,0,0,0,,,0,0,0,0,0,0,0,0,0,0,,False,0,0,False,False,9e-06,,,,False,,,,,,False,False,
5-scale full normalized objective,5,lunar_ice_sp50_005_016_seed679062,B2A_full_universe_rc_audit_fast_path,B1A_full_universe_root_audit,B2A_full_universe_rc_audit_fast_path,,31,31,True,BPC_GAP_AVAILABLE,BPC_NODE_LP_CERTIFIED,CERTIFIED_NO_NEGATIVE,True,b2a_full_universe_membership_rc_audit,BPC_NODE_LP_CERTIFIED,2.158522,lunar_ice_bpc.normalized_additive_objective.v1,normalized_operating_cost_risk_weighted_completion,1073.366479,39.628646643,959.137839721,960.0,False,900.452303,35.38704,1023.041854,575.189088,1345.056085,0.838904811,0.892966149,1.066626518,0.5991553,2.158522,2.158522,False,2.158522,True,True,1,0,0,0,0,0,0,0,0,0,0,True,0,0,0,,0,0,True,True,0,,0,,False,0,0.0,,,,,0.0,0.0,,,0,,0,0,0,0,0,0,0,0,0,0,0.0,0.0,0,0,0,0,0,0,0,0,0,0,,False,0,0,False,False,0.012335,,,,False,,,,,,False,False,"final_judge_call_count_lower,final_judge_wall_time_lower"
5-scale full normalized objective,5,lunar_ice_sp50_005_016_seed679062,B2B_seeded_tail_CG,B1B_seeded_root_CG,B2B_seeded_tail_CG,,6,31,False,BPC_GAP_AVAILABLE,BPC_NODE_LP_CERTIFIED,CERTIFIED_NO_NEGATIVE,True,b2b_true_dual_pricing_closure,BPC_NODE_LP_CERTIFIED,2.158522,lunar_ice_bpc.normalized_additive_objective.v1,normalized_operating_cost_risk_weighted_completion,1073.366479,39.628646643,959.137839721,960.0,False,900.452303,35.38704,1023.041854,575.189088,1345.056085,0.838904811,0.892966149,1.066626518,0.5991553,2.158522,2.158522,False,2.158522,True,True,3,3,15,15,0,0,0,0,0,15,15,True,15,15,0,,0,0,True,True,0,,0,,False,0,0.0,,,,,0.0,0.007584,,,0,,0,0,0,0,0,0,0,0,0,0,0.0,0.0,0,0,0,0,0,0,0,0,0,0,,False,0,0,False,False,0.033252,,,,False,,,,,,False,False,final_judge_wall_time_lower
5-scale full normalized objective,5,lunar_ice_sp50_005_016_seed679062,B2B_R2_worker_before_final_judge,B1B_seeded_root_CG,B2B_R2_worker_before_final_judge,b2b_r2_lightweight_no_full_universe_enumeration,6,,False,BPC_GAP_AVAILABLE,BPC_NODE_LP_CERTIFIED,CERTIFIED_NO_NEGATIVE,True,b2b_r2_true_dual_final_judge_closure,BPC_NODE_LP_CERTIFIED,2.158522,lunar_ice_bpc.normalized_additive_objective.v1,normalized_operating_cost_risk_weighted_completion,1073.366479,39.628646643,959.137839721,960.0,False,900.452303,35.38704,1023.041854,575.189088,1345.056085,0.838904811,0.892966149,1.066626518,0.5991553,2.158522,2.158522,False,2.158522,True,True,4,1,29,29,0,0,0,0,0,29,29,True,13,13,0,,0,0,True,True,0,,0,,False,0,0.000816,LOCAL_NO_COLUMN_UNCERTIFIED,master.reduced_cost_context,B2B_R2_worker_before_final_judge-root-4,f7e497cb609e2a1cda9df56eed8d3bb7949fc14c0c17f60f36796152bd62befd,0.163022,0.008398,0.023911,0.023911,1104,250,1104,47850,5267,210,136,47850,0,0,0,0,0.0,0.0,78,27,0,283,4,3,3,1,0,3,FINAL_JUDGE_CERTIFIED_NO_NEGATIVE,False,1104,0,False,True,0.174267,,,,False,,,,,,False,False,"final_judge_call_count_lower,final_judge_wall_time_lower,time_to_first_addable_negative_available,worker_found_addable_negative"
5-scale full normalized objective,5,lunar_ice_sp50_005_016_seed679062,B2B_R3_true_dual_negative_search_worker,B1B_seeded_root_CG,B2B_R3_true_dual_negative_search_worker,b2b_r3_lightweight_no_full_universe_enumeration,6,,False,BPC_GAP_AVAILABLE,BPC_NODE_LP_CERTIFIED,CERTIFIED_NO_NEGATIVE,True,b2b_r3_true_dual_final_judge_closure,BPC_NODE_LP_CERTIFIED,2.158522,lunar_ice_bpc.normalized_additive_objective.v1,normalized_operating_cost_risk_weighted_completion,1073.366479,39.628646643,959.137839721,960.0,False,900.452303,35.38704,1023.041854,575.189088,1345.056085,0.838904811,0.892966149,1.066626518,0.5991553,2.158522,2.158522,False,2.158522,True,True,4,1,29,29,0,0,0,0,0,29,29,True,13,13,0,,0,0,True,True,0,,0,,False,0,0.000808,LOCAL_NO_COLUMN_UNCERTIFIED,master.reduced_cost_context,B2B_R3_true_dual_negative_search_worker-root-4,638b7566d197c679750d207f7884332b53538604b9a7b44f3166987d5e445746,0.161128,0.007491,0.024502,0.024502,1104,250,1104,47850,5267,210,136,47850,0,0,0,0,0.0,0.0,78,27,0,283,4,3,3,1,0,3,FINAL_JUDGE_CERTIFIED_NO_NEGATIVE,False,1104,0,False,True,0.171648,,,,False,,,,,,False,False,"final_judge_call_count_lower,final_judge_wall_time_lower,time_to_first_addable_negative_available,worker_found_addable_negative"
5-scale full normalized objective,5,lunar_ice_sp50_005_016_seed679062,B2C_limited_pricing_diagnostic,diagnostic_only_no_certificate,B2C_limited_pricing_diagnostic,,0,,False,BPC_INCOMPLETE_PRICING,DIAGNOSTIC_PRICING_FRONTIER,FOUND_NEGATIVE,False,,,2.158522,lunar_ice_bpc.normalized_additive_objective.v1,normalized_operating_cost_risk_weighted_completion,1073.366479,39.628646643,959.137839721,960.0,False,900.452303,35.38704,1023.041854,575.189088,1345.056085,0.838904811,0.892966149,1.066626518,0.5991553,2.158522,2.158522,False,,False,,0,0,1,0,0,0,0,0,0,0,0,True,0,0,0,,0,0,,,0,,0,,False,0,0.000104,,master.reduced_cost_context,B2C_limited_pricing_diagnostic-diagnostic-root,160d1dc350d9d5741f463045ce68ee33879ffd3d34d0decaae2582855507e74b,0.057477,0.0,0.057477,,71,71,71,0,204,2,1,9847,0,0,0,0,,,0,1,0,0,0,0,0,0,0,0,FOUND_NEGATIVE,False,0,0,False,False,0.058572,B2C_limited_pricing_diagnostic: limited pricing diagnostic cannot certify no-negative or provide an official bound.,,,False,,,,,,False,False,
5-scale full normalized objective,5,lunar_ice_sp50_005_016_seed679062,B2D_proof_tail_kernel_profile,diagnostic_only_no_certificate,B2D_proof_tail_kernel_profile,,0,,False,BPC_INCOMPLETE_PRICING,DIAGNOSTIC_PRICING_FRONTIER,FOUND_NEGATIVE,False,,,2.158522,lunar_ice_bpc.normalized_additive_objective.v1,normalized_operating_cost_risk_weighted_completion,1073.366479,39.628646643,959.137839721,960.0,False,900.452303,35.38704,1023.041854,575.189088,1345.056085,0.838904811,0.892966149,1.066626518,0.5991553,2.158522,2.158522,False,,False,,0,0,1,0,0,0,0,0,0,0,0,True,0,0,0,,0,0,,,0,,0,,False,0,0.000102,,master.reduced_cost_context,B2D_proof_tail_kernel_profile-diagnostic-root,2e62a71ada9fda5dab1dddfb7deadc892a5c394910bcfe2f25e7f3662f5fb01d,0.059448,0.0,0.059448,,71,71,71,0,204,2,1,9847,0,0,0,0,,,0,1,0,0,0,0,0,0,0,0,FOUND_NEGATIVE,False,0,0,False,True,0.060543,B2D_proof_tail_kernel_profile: limited pricing diagnostic cannot certify no-negative or provide an official bound.,,,False,,,,,,False,False,
5-scale full normalized objective,5,lunar_ice_sp50_005_018_seed679064,B0_pure_direct_dp,fixed_graph_direct_dp_oracle,B0_pure_direct_dp,,0,,False,DIRECT_DP_BASELINE_OPTIMAL,DIRECT_DP_FIXED_GRAPH_OPTIMAL,,False,,,1.941902,lunar_ice_bpc.normalized_additive_objective.v1,normalized_operating_cost_risk_weighted_completion,1088.793129,33.954647404,813.159571259,960.0,False,820.817806,25.11164,911.67198,580.27927,1210.598238,0.753878569,0.739564152,1.121147696,0.604457573,1.941902,1.941902,False,,False,,0,0,0,0,0,0,0,0,0,0,0,True,0,0,0,,0,0,,,0,,0,,False,0,,,,,,,,,,0,,0,0,0,0,0,0,0,0,0,0,,,0,0,0,0,0,0,0,0,0,0,,False,0,0,False,False,0.010264,,,,False,,,,,,False,False,
5-scale full normalized objective,5,lunar_ice_sp50_005_018_seed679064,B1A_full_universe_root_audit,accepted_B1,B1A_full_universe_root_audit,,31,31,True,BPC_GAP_AVAILABLE,BPC_NODE_LP_CERTIFIED,CERTIFIED_NO_NEGATIVE,True,b1_root_true_dual_pricing_closure,BPC_NODE_LP_CERTIFIED,1.941902,lunar_ice_bpc.normalized_additive_objective.v1,normalized_operating_cost_risk_weighted_completion,1088.793129,33.954647404,813.159571259,960.0,False,820.817806,25.11164,911.67198,580.27927,1210.598238,0.753878569,0.739564152,1.121147696,0.604457573,1.941902,1.941902,False,1.941902,True,True,1,1,0,0,0,0,0,0,0,0,0,True,0,0,0,,0,0,True,True,0,,0,,False,0,,,,,,,,,,0,,0,0,0,0,0,0,0,0,0,0,,,0,0,0,0,0,0,0,0,0,0,,False,0,0,False,False,0.011746,,,,False,,,,,,False,False,
5-scale full normalized objective,5,lunar_ice_sp50_005_018_seed679064,B1B_seeded_root_CG,accepted_B1,B1B_seeded_root_CG,,6,31,False,BPC_GAP_AVAILABLE,BPC_NODE_LP_CERTIFIED,CERTIFIED_NO_NEGATIVE,True,b1_root_true_dual_pricing_closure,BPC_NODE_LP_CERTIFIED,1.941902,lunar_ice_bpc.normalized_additive_objective.v1,normalized_operating_cost_risk_weighted_completion,1088.793129,33.954647404,813.159571259,960.0,False,820.817806,25.11164,911.67198,580.27927,1210.598238,0.753878569,0.739564152,1.121147696,0.604457573,1.941902,1.941902,False,1.941902,True,True,4,4,0,0,0,0,0,0,0,0,0,True,18,18,0,,0,0,True,True,0,,0,,False,0,,,,,,,,,,0,,0,0,0,0,0,0,0,0,0,0,,,0,0,0,0,0,0,0,0,0,0,,False,0,0,False,False,0.011386,,,,False,,,,,,False,False,
5-scale full normalized objective,5,lunar_ice_sp50_005_018_seed679064,B2_PRODUCT_EXACT_SOLVER,fixed_graph_direct_dp_product_exact,B2_PRODUCT_EXACT_SOLVER,,0,,False,DIRECT_DP_BASELINE_OPTIMAL,DIRECT_DP_FIXED_GRAPH_OPTIMAL,NOT_PRICED,False,,,1.941902,lunar_ice_bpc.normalized_additive_objective.v1,normalized_operating_cost_risk_weighted_completion,1088.793129,33.954647404,813.159571259,960.0,False,820.817806,25.11164,911.67198,580.27927,1210.598238,0.753878569,0.739564152,1.121147696,0.604457573,1.941902,1.941902,False,,False,,0,0,0,0,0,0,0,0,0,0,0,True,0,0,0,,0,0,,,0,DIRECT_DP_FIXED_GRAPH_OPTIMAL,1,1.941902,True,1,,,,,,,,,,65,,65,0,0,31,0,581,0,0,0,0,,,0,0,0,0,0,0,0,0,0,0,,False,0,0,False,False,1e-05,,,,False,,,,,,False,False,
5-scale full normalized objective,5,lunar_ice_sp50_005_018_seed679064,B2A_full_universe_rc_audit_fast_path,B1A_full_universe_root_audit,B2A_full_universe_rc_audit_fast_path,,31,31,True,BPC_GAP_AVAILABLE,BPC_NODE_LP_CERTIFIED,CERTIFIED_NO_NEGATIVE,True,b2a_full_universe_membership_rc_audit,BPC_NODE_LP_CERTIFIED,1.941902,lunar_ice_bpc.normalized_additive_objective.v1,normalized_operating_cost_risk_weighted_completion,1088.793129,33.954647404,813.159571259,960.0,False,820.817806,25.11164,911.67198,580.27927,1210.598238,0.753878569,0.739564152,1.121147696,0.604457573,1.941902,1.941902,False,1.941902,True,True,1,0,0,0,0,0,0,0,0,0,0,True,0,0,0,,0,0,True,True,0,,0,,False,0,0.0,,,,,0.0,0.0,,,0,,0,0,0,0,0,0,0,0,0,0,0.0,0.0,0,0,0,0,0,0,0,0,0,0,,False,0,0,False,False,0.011649,,,,False,,,,,,False,False,"wall_time_lower,final_judge_call_count_lower,final_judge_wall_time_lower"
5-scale full normalized objective,5,lunar_ice_sp50_005_018_seed679064,B2B_seeded_tail_CG,B1B_seeded_root_CG,B2B_seeded_tail_CG,,6,31,False,BPC_GAP_AVAILABLE,BPC_NODE_LP_CERTIFIED,CERTIFIED_NO_NEGATIVE,True,b2b_true_dual_pricing_closure,BPC_NODE_LP_CERTIFIED,1.941902,lunar_ice_bpc.normalized_additive_objective.v1,normalized_operating_cost_risk_weighted_completion,1088.793129,33.954647404,813.159571259,960.0,False,820.817806,25.11164,911.67198,580.27927,1210.598238,0.753878569,0.739564152,1.121147696,0.604457573,1.941902,1.941902,False,1.941902,True,True,4,4,18,18,0,0,0,0,0,18,18,True,18,18,0,,0,0,True,True,0,,0,,False,0,0.0,,,,,0.0,0.009907,,,0,,0,0,0,0,0,0,0,0,0,0,0.0,0.0,0,0,0,0,0,0,0,0,0,0,,False,0,0,False,False,0.052298,,,,False,,,,,,False,False,final_judge_wall_time_lower
5-scale full normalized objective,5,lunar_ice_sp50_005_018_seed679064,B2B_R2_worker_before_final_judge,B1B_seeded_root_CG,B2B_R2_worker_before_final_judge,b2b_r2_lightweight_no_full_universe_enumeration,6,,False,BPC_GAP_AVAILABLE,BPC_NODE_LP_CERTIFIED,CERTIFIED_NO_NEGATIVE,True,b2b_r2_true_dual_final_judge_closure,BPC_NODE_LP_CERTIFIED,1.941902,lunar_ice_bpc.normalized_additive_objective.v1,normalized_operating_cost_risk_weighted_completion,1088.793129,33.954647404,813.159571259,960.0,False,820.817806,25.11164,911.67198,580.27927,1210.598238,0.753878569,0.739564152,1.121147696,0.604457573,1.941902,1.941902,False,1.941902,True,True,5,2,37,37,0,0,0,0,0,37,37,True,16,16,0,,0,0,True,True,0,,0,,False,0,0.001311,LOCAL_NO_COLUMN_UNCERTIFIED,master.reduced_cost_context,B2B_R2_worker_before_final_judge-root-5,11e24e0881e9482caa876eb430f3406879d06a88dbaa1a7e88be83b26e37194d,0.343703,0.021016,0.041714,0.041714,1572,277,1572,114813,13002,265,194,114813,0,0,0,0,0.0,0.0,104,28,0,334,5,4,4,1,0,3,FINAL_JUDGE_CERTIFIED_NO_NEGATIVE,False,1572,0,False,True,0.369102,,,,False,,,,,,False,False,"final_judge_call_count_lower,time_to_first_addable_negative_available,worker_found_addable_negative"
5-scale full normalized objective,5,lunar_ice_sp50_005_018_seed679064,B2B_R3_true_dual_negative_search_worker,B1B_seeded_root_CG,B2B_R3_true_dual_negative_search_worker,b2b_r3_lightweight_no_full_universe_enumeration,6,,False,BPC_GAP_AVAILABLE,BPC_NODE_LP_CERTIFIED,CERTIFIED_NO_NEGATIVE,True,b2b_r3_true_dual_final_judge_closure,BPC_NODE_LP_CERTIFIED,1.941902,lunar_ice_bpc.normalized_additive_objective.v1,normalized_operating_cost_risk_weighted_completion,1088.793129,33.954647404,813.159571259,960.0,False,820.817806,25.11164,911.67198,580.27927,1210.598238,0.753878569,0.739564152,1.121147696,0.604457573,1.941902,1.941902,False,1.941902,True,True,5,2,37,37,0,0,0,0,0,37,37,True,16,16,0,,0,0,True,True,0,,0,,False,0,0.001286,LOCAL_NO_COLUMN_UNCERTIFIED,master.reduced_cost_context,B2B_R3_true_dual_negative_search_worker-root-5,9cc90dc88d59fb88ed5d0fdeddf7b227200625f7b6bbfb5c103f8d089810ea52,0.339864,0.020081,0.041906,0.041906,1572,277,1572,114813,13002,265,194,114813,0,0,0,0,0.0,0.0,104,28,0,334,5,4,4,1,0,3,FINAL_JUDGE_CERTIFIED_NO_NEGATIVE,False,1572,0,False,True,0.364144,,,,False,,,,,,False,False,"final_judge_call_count_lower,time_to_first_addable_negative_available,worker_found_addable_negative"
5-scale full normalized objective,5,lunar_ice_sp50_005_018_seed679064,B2C_limited_pricing_diagnostic,diagnostic_only_no_certificate,B2C_limited_pricing_diagnostic,,0,,False,BPC_INCOMPLETE_PRICING,DIAGNOSTIC_PRICING_FRONTIER,FOUND_NEGATIVE,False,,,1.941902,lunar_ice_bpc.normalized_additive_objective.v1,normalized_operating_cost_risk_weighted_completion,1088.793129,33.954647404,813.159571259,960.0,False,820.817806,25.11164,911.67198,580.27927,1210.598238,0.753878569,0.739564152,1.121147696,0.604457573,1.941902,1.941902,False,,False,,0,0,1,0,0,0,0,0,0,0,0,True,0,0,0,,0,0,,,0,,0,,False,0,0.000182,,master.reduced_cost_context,B2C_limited_pricing_diagnostic-diagnostic-root,123b4d53234a0038b5bbe589f0b7ecade2ee1ee9d82fe02214d68c36552c66d8,0.113977,0.0,0.113977,,65,65,65,0,431,2,1,19541,0,0,0,0,,,0,1,0,0,0,0,0,0,0,0,FOUND_NEGATIVE,False,0,0,False,False,0.115345,B2C_limited_pricing_diagnostic: limited pricing diagnostic cannot certify no-negative or provide an official bound.,,,False,,,,,,False,False,
5-scale full normalized objective,5,lunar_ice_sp50_005_018_seed679064,B2D_proof_tail_kernel_profile,diagnostic_only_no_certificate,B2D_proof_tail_kernel_profile,,0,,False,BPC_INCOMPLETE_PRICING,DIAGNOSTIC_PRICING_FRONTIER,FOUND_NEGATIVE,False,,,1.941902,lunar_ice_bpc.normalized_additive_objective.v1,normalized_operating_cost_risk_weighted_completion,1088.793129,33.954647404,813.159571259,960.0,False,820.817806,25.11164,911.67198,580.27927,1210.598238,0.753878569,0.739564152,1.121147696,0.604457573,1.941902,1.941902,False,,False,,0,0,1,0,0,0,0,0,0,0,0,True,0,0,0,,0,0,,,0,,0,,False,0,0.000119,,master.reduced_cost_context,B2D_proof_tail_kernel_profile-diagnostic-root,c46990e5b54341a176e8c46fa4cbb7390e523be2145f3e860ae83c7cac2217a0,0.11478,0.0,0.11478,,65,65,65,0,431,2,1,19541,0,0,0,0,,,0,1,0,0,0,0,0,0,0,0,FOUND_NEGATIVE,False,0,0,False,True,0.116041,B2D_proof_tail_kernel_profile: limited pricing diagnostic cannot certify no-negative or provide an official bound.,,,False,,,,,,False,False,
5-scale full normalized objective,5,lunar_ice_sp50_005_017_seed679123,B0_pure_direct_dp,fixed_graph_direct_dp_oracle,B0_pure_direct_dp,,0,,False,DIRECT_DP_BASELINE_OPTIMAL,DIRECT_DP_FIXED_GRAPH_OPTIMAL,,False,,,2.219538,lunar_ice_bpc.normalized_additive_objective.v1,normalized_operating_cost_risk_weighted_completion,1201.244832,38.105351084,1133.515717238,960.0,False,1090.705482,33.854176,1199.040021,680.52572,1604.175666,0.907979334,0.88843627,1.05780626,0.708880958,2.219538,2.219538,False,,False,,0,0,0,0,0,0,0,0,0,0,0,True,0,0,0,,0,0,,,0,,0,,False,0,,,,,,,,,,0,,0,0,0,0,0,0,0,0,0,0,,,0,0,0,0,0,0,0,0,0,0,,False,0,0,False,False,0.015562,,,,False,,,,,,False,False,
5-scale full normalized objective,5,lunar_ice_sp50_005_017_seed679123,B1A_full_universe_root_audit,accepted_B1,B1A_full_universe_root_audit,,31,31,True,BPC_GAP_AVAILABLE,BPC_NODE_LP_CERTIFIED,CERTIFIED_NO_NEGATIVE,True,b1_root_true_dual_pricing_closure,BPC_NODE_LP_CERTIFIED,2.219538,lunar_ice_bpc.normalized_additive_objective.v1,normalized_operating_cost_risk_weighted_completion,1201.244832,38.105351084,1133.515717238,960.0,False,1090.705482,33.854176,1199.040021,680.52572,1604.175666,0.907979334,0.88843627,1.05780626,0.708880958,2.219538,2.219538,False,2.219538,True,True,1,1,0,0,0,0,0,0,0,0,0,True,0,0,0,,0,0,True,True,0,,0,,False,0,,,,,,,,,,0,,0,0,0,0,0,0,0,0,0,0,,,0,0,0,0,0,0,0,0,0,0,,False,0,0,False,False,0.016719,,,,False,,,,,,False,False,
5-scale full normalized objective,5,lunar_ice_sp50_005_017_seed679123,B1B_seeded_root_CG,accepted_B1,B1B_seeded_root_CG,,6,31,False,BPC_GAP_AVAILABLE,BPC_NODE_LP_CERTIFIED,CERTIFIED_NO_NEGATIVE,True,b1_root_true_dual_pricing_closure,BPC_NODE_LP_CERTIFIED,2.219538,lunar_ice_bpc.normalized_additive_objective.v1,normalized_operating_cost_risk_weighted_completion,1201.244832,38.105351084,1133.515717238,960.0,False,1090.705482,33.854176,1199.040021,680.52572,1604.175666,0.907979334,0.88843627,1.05780626,0.708880958,2.219538,2.219538,False,2.219538,True,True,3,3,0,0,0,0,0,0,0,0,0,True,14,14,0,,0,0,True,True,0,,0,,False,0,,,,,,,,,,0,,0,0,0,0,0,0,0,0,0,0,,,0,0,0,0,0,0,0,0,0,0,,False,0,0,False,False,0.016957,,,,False,,,,,,False,False,
5-scale full normalized objective,5,lunar_ice_sp50_005_017_seed679123,B2_PRODUCT_EXACT_SOLVER,fixed_graph_direct_dp_product_exact,B2_PRODUCT_EXACT_SOLVER,,0,,False,DIRECT_DP_BASELINE_OPTIMAL,DIRECT_DP_FIXED_GRAPH_OPTIMAL,NOT_PRICED,False,,,2.219538,lunar_ice_bpc.normalized_additive_objective.v1,normalized_operating_cost_risk_weighted_completion,1201.244832,38.105351084,1133.515717238,960.0,False,1090.705482,33.854176,1199.040021,680.52572,1604.175666,0.907979334,0.88843627,1.05780626,0.708880958,2.219538,2.219538,False,,False,,0,0,0,0,0,0,0,0,0,0,0,True,0,0,0,,0,0,,,0,DIRECT_DP_FIXED_GRAPH_OPTIMAL,1,2.219538,True,1,,,,,,,,,,190,,190,0,0,31,0,841,0,0,0,0,,,0,0,0,0,0,0,0,0,0,0,,False,0,0,False,False,7.4e-05,,,,False,,,,,,False,False,
5-scale full normalized objective,5,lunar_ice_sp50_005_017_seed679123,B2A_full_universe_rc_audit_fast_path,B1A_full_universe_root_audit,B2A_full_universe_rc_audit_fast_path,,31,31,True,BPC_GAP_AVAILABLE,BPC_NODE_LP_CERTIFIED,CERTIFIED_NO_NEGATIVE,True,b2a_full_universe_membership_rc_audit,BPC_NODE_LP_CERTIFIED,2.219538,lunar_ice_bpc.normalized_additive_objective.v1,normalized_operating_cost_risk_weighted_completion,1201.244832,38.105351084,1133.515717238,960.0,False,1090.705482,33.854176,1199.040021,680.52572,1604.175666,0.907979334,0.88843627,1.05780626,0.708880958,2.219538,2.219538,False,2.219538,True,True,1,0,0,0,0,0,0,0,0,0,0,True,0,0,0,,0,0,True,True,0,,0,,False,0,0.0,,,,,0.0,0.0,,,0,,0,0,0,0,0,0,0,0,0,0,0.0,0.0,0,0,0,0,0,0,0,0,0,0,,False,0,0,False,False,0.016455,,,,False,,,,,,False,False,"wall_time_lower,final_judge_call_count_lower,final_judge_wall_time_lower"
5-scale full normalized objective,5,lunar_ice_sp50_005_017_seed679123,B2B_seeded_tail_CG,B1B_seeded_root_CG,B2B_seeded_tail_CG,,6,31,False,BPC_GAP_AVAILABLE,BPC_NODE_LP_CERTIFIED,CERTIFIED_NO_NEGATIVE,True,b2b_true_dual_pricing_closure,BPC_NODE_LP_CERTIFIED,2.219538,lunar_ice_bpc.normalized_additive_objective.v1,normalized_operating_cost_risk_weighted_completion,1201.244832,38.105351084,1133.515717238,960.0,False,1090.705482,33.854176,1199.040021,680.52572,1604.175666,0.907979334,0.88843627,1.05780626,0.708880958,2.219538,2.219538,False,2.219538,True,True,3,3,14,14,0,0,0,0,0,14,14,True,14,14,0,,0,0,True,True,0,,0,,False,0,0.0,,,,,0.0,0.01505,,,0,,0,0,0,0,0,0,0,0,0,0,0.0,0.0,0,0,0,0,0,0,0,0,0,0,,False,0,0,False,False,0.061639,,,,False,,,,,,False,False,final_judge_wall_time_lower
5-scale full normalized objective,5,lunar_ice_sp50_005_017_seed679123,B2B_R2_worker_before_final_judge,B1B_seeded_root_CG,B2B_R2_worker_before_final_judge,b2b_r2_lightweight_no_full_universe_enumeration,6,,False,BPC_GAP_AVAILABLE,BPC_NODE_LP_CERTIFIED,CERTIFIED_NO_NEGATIVE,True,b2b_r2_true_dual_final_judge_closure,BPC_NODE_LP_CERTIFIED,2.219538,lunar_ice_bpc.normalized_additive_objective.v1,normalized_operating_cost_risk_weighted_completion,1201.244832,38.105351084,1133.515717238,960.0,False,1090.705482,33.854176,1199.040021,680.52572,1604.175666,0.907979334,0.88843627,1.05780626,0.708880958,2.219538,2.219538,False,2.219538,True,True,4,1,29,29,0,0,0,0,0,29,29,True,13,13,0,,0,0,True,True,0,,0,,False,0,0.001017,FOUND_NEGATIVE,master.reduced_cost_context,B2B_R2_worker_before_final_judge-root-4,f9b5d287b0b5d8ab4e15f87b4fdddc525b970b4954d0251882938f5f4176bb27,0.340192,0.01486,0.050569,0.050569,2646,579,2646,102765,8207,212,137,102765,0,0,0,0,0.0,0.0,79,27,0,649,4,4,4,0,0,3,FINAL_JUDGE_CERTIFIED_NO_NEGATIVE,False,2646,0,False,True,0.358886,,,,False,,,,,,False,False,"final_judge_call_count_lower,final_judge_wall_time_lower,time_to_first_addable_negative_available,worker_found_addable_negative"
5-scale full normalized objective,5,lunar_ice_sp50_005_017_seed679123,B2B_R3_true_dual_negative_search_worker,B1B_seeded_root_CG,B2B_R3_true_dual_negative_search_worker,b2b_r3_lightweight_no_full_universe_enumeration,6,,False,BPC_GAP_AVAILABLE,BPC_NODE_LP_CERTIFIED,CERTIFIED_NO_NEGATIVE,True,b2b_r3_true_dual_final_judge_closure,BPC_NODE_LP_CERTIFIED,2.219538,lunar_ice_bpc.normalized_additive_objective.v1,normalized_operating_cost_risk_weighted_completion,1201.244832,38.105351084,1133.515717238,960.0,False,1090.705482,33.854176,1199.040021,680.52572,1604.175666,0.907979334,0.88843627,1.05780626,0.708880958,2.219538,2.219538,False,2.219538,True,True,4,1,29,29,0,0,0,0,0,29,29,True,13,13,0,,0,0,True,True,0,,0,,False,0,0.001005,FOUND_NEGATIVE,master.reduced_cost_context,B2B_R3_true_dual_negative_search_worker-root-4,5bac7c0b1bd2e73fb0925c9d642337138aac1c31f3a43d5546202a6c67ff83a3,0.335233,0.01698,0.049962,0.049962,2646,579,2646,102765,8207,212,137,102765,0,0,0,0,0.0,0.0,79,27,0,649,4,4,4,0,0,3,FINAL_JUDGE_CERTIFIED_NO_NEGATIVE,False,2646,0,False,True,0.355658,,,,False,,,,,,False,False,"final_judge_call_count_lower,time_to_first_addable_negative_available,worker_found_addable_negative"
5-scale full normalized objective,5,lunar_ice_sp50_005_017_seed679123,B2C_limited_pricing_diagnostic,diagnostic_only_no_certificate,B2C_limited_pricing_diagnostic,,0,,False,BPC_INCOMPLETE_PRICING,DIAGNOSTIC_PRICING_FRONTIER,FOUND_NEGATIVE,False,,,2.219538,lunar_ice_bpc.normalized_additive_objective.v1,normalized_operating_cost_risk_weighted_completion,1201.244832,38.105351084,1133.515717238,960.0,False,1090.705482,33.854176,1199.040021,680.52572,1604.175666,0.907979334,0.88843627,1.05780626,0.708880958,2.219538,2.219538,False,,False,,0,0,1,0,0,0,0,0,0,0,0,True,0,0,0,,0,0,,,0,,0,,False,0,0.000108,,master.reduced_cost_context,B2C_limited_pricing_diagnostic-diagnostic-root,3dcc2ad83f02bdd0daac0d6c4d4aaa11fca741d9c11b1534d2989b58fb97e319,0.132389,0.0,0.132389,,190,190,190,0,297,2,1,22217,0,0,0,0,,,0,1,0,0,0,0,0,0,0,0,FOUND_NEGATIVE,False,0,0,False,False,0.133882,B2C_limited_pricing_diagnostic: limited pricing diagnostic cannot certify no-negative or provide an official bound.,,,False,,,,,,False,False,
5-scale full normalized objective,5,lunar_ice_sp50_005_017_seed679123,B2D_proof_tail_kernel_profile,diagnostic_only_no_certificate,B2D_proof_tail_kernel_profile,,0,,False,BPC_INCOMPLETE_PRICING,DIAGNOSTIC_PRICING_FRONTIER,FOUND_NEGATIVE,False,,,2.219538,lunar_ice_bpc.normalized_additive_objective.v1,normalized_operating_cost_risk_weighted_completion,1201.244832,38.105351084,1133.515717238,960.0,False,1090.705482,33.854176,1199.040021,680.52572,1604.175666,0.907979334,0.88843627,1.05780626,0.708880958,2.219538,2.219538,False,,False,,0,0,1,0,0,0,0,0,0,0,0,True,0,0,0,,0,0,,,0,,0,,False,0,0.000493,,master.reduced_cost_context,B2D_proof_tail_kernel_profile-diagnostic-root,7ab05bf4b4fb3d7de488fe4ca2f7646aad20729be8ac9bbf6a4a847949193d6b,0.13081,0.0,0.13081,,190,190,190,0,297,2,1,22217,0,0,0,0,,,0,1,0,0,0,0,0,0,0,0,FOUND_NEGATIVE,False,0,0,False,True,0.132465,B2D_proof_tail_kernel_profile: limited pricing diagnostic cannot certify no-negative or provide an official bound.,,,False,,,,,,False,False,
