matrix_group,scale,instance_id,mode,baseline_name,candidate_name,seed_builder,initial_column_count,full_universe_column_count,full_universe_preloaded,algorithm_status,certificate_scope,pricing_state,uses_true_dual_bpc_certificate,official_lower_bound_source,official_lower_bound_scope,B0_direct_objective,objective_schema_version,objective_mode,objective_reference_cost,objective_reference_risk,objective_reference_completion,objective_reference_makespan_metric,objective_makespan_enters_pricing_objective,solution_raw_operating_cost,solution_raw_risk,solution_raw_weighted_completion_time,solution_raw_makespan,solution_raw_objective_unscaled_weighted_sum,solution_normalized_operating_cost,solution_normalized_risk,solution_normalized_weighted_completion_time,solution_normalized_makespan_metric,solution_normalized_objective,solution_official_objective,solution_makespan_enters_pricing_objective,root_lp_bound,root_lp_bound_official,root_bound_le_B0_objective,pricing_round_count,final_judge_call_count,candidate_negative_count,addable_negative_count,duplicate_in_current_master_count,in_pool_not_master_count,forbidden_signature_count,branch_filtered_count,cut_filtered_count,selected_count,selected_would_enter_master_count,selected_all_would_enter_master,added_to_master_count,added_column_count,duplicate_only_count,duplicate_only_audit_status,hidden_negative_count,replacement_only_round_count,manual_rc_audit_pass,pricing_rc_audit_pass,proof_debt_unreleased_count,product_exact_solution_scope,product_exact_solution_count,product_exact_objective,direct_dp_fallback_used,direct_dp_fallback_count,rmp_wall_time,worker_status,diagnostic_dual_source,diagnostic_rmp_iteration_id,diagnostic_dual_fingerprint,worker_wall_time,final_judge_wall_time,time_to_first_negative,time_to_first_addable_negative,labels_generated,labels_generated_before_first_negative,labels_generated_total,labels_extended,sortie_templates,journey_labels,candidate_sequences,path_option_assignments,resource_prune_count,time_window_prune_count,dominance_prune_count,bound_prune_count,bound_check_time,dominance_time,cache_hit_count,cache_miss_count,max_queue_size,peak_label_count,worker_call_count,worker_found_negative_count,worker_found_addable_negative_count,worker_no_column_uncertified_count,worker_incomplete_count,final_judge_saved_by_worker_count,exit_reason,exact_first_step_bound_pruning_enabled,exact_first_step_bound_evaluated_count,would_prune_count_if_enabled,completion_bound_pruning_enabled,proof_tail_kernel_profile_enabled,wall_time,fail_closed_reason,attempted_exception_type,attempted_max_direct_tasks,rmp_memory_precheck_failed,rmp_memory_precheck_stage,rmp_memory_precheck_reason,rmp_memory_precheck_estimated_column_count,rmp_memory_precheck_estimated_tableau_cells,rmp_memory_precheck_cell_limit,certificate_scope_regression,objective_mismatch,improvement_reason
20-scale full normalized objective,20,lunar_ice_sp50_020_001_seed829001,B0_pure_direct_dp,fixed_graph_direct_dp_oracle,B0_pure_direct_dp,,0,,False,DIRECT_DP_BASELINE_OPTIMAL,DIRECT_DP_FIXED_GRAPH_OPTIMAL,,False,,,1.581227,lunar_ice_bpc.normalized_additive_objective.v1,normalized_operating_cost_risk_weighted_completion,5128.143295,178.054779148,7173.538882897,1680.0,False,2978.425476,106.114498,7253.545286,1051.030769,5985.958088,0.580799971,0.595965458,1.011152989,0.625613553,1.581227,1.581227,False,,False,,0,0,0,0,0,0,0,0,0,0,0,True,0,0,0,,0,0,,,0,,0,,False,0,,,,,,,,,,0,,0,0,0,0,0,0,0,0,0,0,,,0,0,0,0,0,0,0,0,0,0,,False,0,0,False,False,16.613527,,,,False,,,,,,False,False,
20-scale full normalized objective,20,lunar_ice_sp50_020_001_seed829001,B1A_full_universe_root_audit,accepted_B1,B1A_full_universe_root_audit,,0,1048575,False,BPC_INCOMPLETE_PRICING,FEASIBLE_INCUMBENT_ONLY,INCOMPLETE_LIMIT,False,,,1.581227,lunar_ice_bpc.normalized_additive_objective.v1,normalized_operating_cost_risk_weighted_completion,5128.143295,178.054779148,7173.538882897,1680.0,False,2978.425476,106.114498,7253.545286,1051.030769,5985.958088,0.580799971,0.595965458,1.011152989,0.625613553,1.581227,1.581227,False,,False,,0,0,0,0,0,0,0,0,0,0,0,True,0,0,0,,0,0,False,False,0,,0,,False,0,,,,,,,,,,0,,0,0,0,0,0,0,0,0,0,0,,,0,0,0,0,0,0,0,0,0,0,,False,0,0,False,False,4.5e-05,dense RMP tableau precheck failed before loading active columns: estimated_cells=1099554619392 exceeds limit=50000000,,,True,b1a_full_universe_active_rmp,dense RMP tableau precheck failed before loading active columns: estimated_cells=1099554619392 exceeds limit=50000000,1048575,1099554619392,50000000,False,False,
20-scale full normalized objective,20,lunar_ice_sp50_020_001_seed829001,B1B_seeded_root_CG,accepted_B1,B1B_seeded_root_CG,,23,,False,BPC_GAP_AVAILABLE,BPC_NODE_LP_CERTIFIED,CERTIFIED_NO_NEGATIVE,True,b1_root_true_dual_pricing_closure,BPC_NODE_LP_CERTIFIED,1.581227,lunar_ice_bpc.normalized_additive_objective.v1,normalized_operating_cost_risk_weighted_completion,5128.143295,178.054779148,7173.538882897,1680.0,False,2978.425476,106.114498,7253.545286,1051.030769,5985.958088,0.580799971,0.595965458,1.011152989,0.625613553,1.581227,1.581227,False,1.581227,True,True,7,7,0,0,0,0,0,0,0,0,0,True,1162,1162,0,,0,0,True,True,0,,0,,False,0,,,,,,,,,,0,,0,0,0,0,0,0,0,0,0,0,,,0,0,0,0,0,0,0,0,0,0,,False,0,0,False,False,129.953575,,,,False,,,,,,False,False,
20-scale full normalized objective,20,lunar_ice_sp50_020_001_seed829001,B2_PRODUCT_EXACT_SOLVER,fixed_graph_direct_dp_product_exact,B2_PRODUCT_EXACT_SOLVER,,0,,False,DIRECT_DP_BASELINE_OPTIMAL,DIRECT_DP_FIXED_GRAPH_OPTIMAL,NOT_PRICED,False,,,1.581227,lunar_ice_bpc.normalized_additive_objective.v1,normalized_operating_cost_risk_weighted_completion,5128.143295,178.054779148,7173.538882897,1680.0,False,2978.425476,106.114498,7253.545286,1051.030769,5985.958088,0.580799971,0.595965458,1.011152989,0.625613553,1.581227,1.581227,False,,False,,0,0,0,0,0,0,0,0,0,0,0,True,0,0,0,,0,0,,,0,DIRECT_DP_FIXED_GRAPH_OPTIMAL,1,1.581227,True,1,,,,,,,,,,49419,,49419,0,0,16019,0,438679,0,0,0,0,,,0,0,0,0,0,0,0,0,0,0,,False,0,0,False,False,2.4e-05,,,,False,,,,,,False,False,
20-scale full normalized objective,20,lunar_ice_sp50_020_001_seed829001,B2A_full_universe_rc_audit_fast_path,B1A_full_universe_root_audit,B2A_full_universe_rc_audit_fast_path,,0,1048575,False,BPC_INCOMPLETE_PRICING,FEASIBLE_INCUMBENT_ONLY,INCOMPLETE_LIMIT,False,,,1.581227,lunar_ice_bpc.normalized_additive_objective.v1,normalized_operating_cost_risk_weighted_completion,5128.143295,178.054779148,7173.538882897,1680.0,False,2978.425476,106.114498,7253.545286,1051.030769,5985.958088,0.580799971,0.595965458,1.011152989,0.625613553,1.581227,1.581227,False,,False,,0,0,0,0,0,0,0,0,0,0,0,True,0,0,0,,0,0,False,False,0,,0,,False,0,0.0,,,,,0.0,0.0,,,0,,0,0,0,0,0,0,0,0,0,0,0.0,0.0,0,0,0,0,0,0,0,0,0,0,,False,0,0,False,False,8.4e-05,dense RMP tableau precheck failed before loading active columns: estimated_cells=1099554619392 exceeds limit=50000000,,,True,b2a_full_universe_active_rmp,dense RMP tableau precheck failed before loading active columns: estimated_cells=1099554619392 exceeds limit=50000000,1048575,1099554619392,50000000,False,False,final_judge_wall_time_lower
20-scale full normalized objective,20,lunar_ice_sp50_020_001_seed829001,B2B_seeded_tail_CG,B1B_seeded_root_CG,B2B_seeded_tail_CG,,23,,False,BPC_INCOMPLETE_PRICING,DIAGNOSTIC_PRICING_FRONTIER,INCOMPLETE_LIMIT,False,,,1.581227,lunar_ice_bpc.normalized_additive_objective.v1,normalized_operating_cost_risk_weighted_completion,5128.143295,178.054779148,7173.538882897,1680.0,False,2978.425476,106.114498,7253.545286,1051.030769,5985.958088,0.580799971,0.595965458,1.011152989,0.625613553,1.581227,1.581227,False,1.581227,False,True,8,8,8212,8212,0,0,0,0,0,423,423,True,423,423,0,,0,0,True,True,0,,0,,False,0,0.0,,,,,0.0,16.922167,,,0,,0,0,0,0,0,0,0,0,0,0,0.0,0.0,0,0,0,0,0,0,0,0,0,0,,False,0,0,False,False,135.551794,Stopped after max_rounds=8; B2B root no-negative proof is incomplete.,,,False,,,,,,True,False,final_judge_wall_time_lower
20-scale full normalized objective,20,lunar_ice_sp50_020_001_seed829001,B2B_R2_worker_before_final_judge,B1B_seeded_root_CG,B2B_R2_worker_before_final_judge,b2b_r2_lightweight_no_full_universe_enumeration,23,,False,BPC_INCOMPLETE_PRICING,DIAGNOSTIC_PRICING_FRONTIER,INCOMPLETE_LIMIT,False,,,1.581227,lunar_ice_bpc.normalized_additive_objective.v1,normalized_operating_cost_risk_weighted_completion,5128.143295,178.054779148,7173.538882897,1680.0,False,2978.425476,106.114498,7253.545286,1051.030769,5985.958088,0.580799971,0.595965458,1.011152989,0.625613553,1.581227,1.581227,False,1.581227,False,True,8,4,4382,4382,0,0,0,0,0,309,309,True,283,283,0,,2465,0,True,True,0,,0,,False,0,0.089282,LOCAL_NO_COLUMN_UNCERTIFIED,master.reduced_cost_context,B2B_R2_worker_before_final_judge-root-8,cb4f289c58aa1cf17849295220f620c4bad97b0bc24b01d320c3ffefaed1437d,0.554497,66.185898,0.051182,0.051182,201931,475,201931,1809447,65405455,5286,64588,1809447,0,0,0,0,0.0,0.0,389,123,0,49419,8,5,5,3,0,4,WORKER_INCOMPLETE_LIMIT,False,201931,0,False,True,67.232283,Stopped after max_rounds=8; B2B_R2_worker_before_final_judge worker/final-judge root proof is incomplete.,,,False,,,,,,True,False,"wall_time_lower,final_judge_call_count_lower,final_judge_wall_time_lower,time_to_first_addable_negative_available,worker_found_addable_negative"
20-scale full normalized objective,20,lunar_ice_sp50_020_001_seed829001,B2B_R3_true_dual_negative_search_worker,B1B_seeded_root_CG,B2B_R3_true_dual_negative_search_worker,b2b_r3_lightweight_no_full_universe_enumeration,23,,False,BPC_INCOMPLETE_PRICING,DIAGNOSTIC_PRICING_FRONTIER,INCOMPLETE_LIMIT,False,,,1.581227,lunar_ice_bpc.normalized_additive_objective.v1,normalized_operating_cost_risk_weighted_completion,5128.143295,178.054779148,7173.538882897,1680.0,False,2978.425476,106.114498,7253.545286,1051.030769,5985.958088,0.580799971,0.595965458,1.011152989,0.625613553,1.581227,1.581227,False,1.581227,False,True,8,4,4382,4382,0,0,0,0,0,309,309,True,283,283,0,,2465,0,True,True,0,,0,,False,0,0.08908,LOCAL_NO_COLUMN_UNCERTIFIED,master.reduced_cost_context,B2B_R3_true_dual_negative_search_worker-root-8,077e61fefc0a0f8d89289fe978208b65ee8b51218fc258a9628820f32f6bf756,0.565003,66.297763,0.050978,0.050978,201931,475,201931,1809447,65405455,5286,64588,1809447,0,0,0,0,0.0,0.0,389,123,0,49419,8,5,5,3,0,4,WORKER_INCOMPLETE_LIMIT,False,201931,0,False,True,67.288314,Stopped after max_rounds=8; B2B_R3_true_dual_negative_search_worker worker/final-judge root proof is incomplete.,,,False,,,,,,True,False,"wall_time_lower,final_judge_call_count_lower,final_judge_wall_time_lower,time_to_first_addable_negative_available,worker_found_addable_negative"
20-scale full normalized objective,20,lunar_ice_sp50_020_001_seed829001,B2C_limited_pricing_diagnostic,diagnostic_only_no_certificate,B2C_limited_pricing_diagnostic,,0,,False,BPC_INCOMPLETE_PRICING,DIAGNOSTIC_PRICING_FRONTIER,FOUND_NEGATIVE,False,,,1.581227,lunar_ice_bpc.normalized_additive_objective.v1,normalized_operating_cost_risk_weighted_completion,5128.143295,178.054779148,7173.538882897,1680.0,False,2978.425476,106.114498,7253.545286,1051.030769,5985.958088,0.580799971,0.595965458,1.011152989,0.625613553,1.581227,1.581227,False,,False,,0,0,3,0,0,0,0,0,0,0,0,True,0,0,0,,0,0,,,0,,0,,False,0,0.000305,,master.reduced_cost_context,B2C_limited_pricing_diagnostic-diagnostic-root,4a6aff45c408e82229caf669f029522dd9a2cfd1dc728819910c9397dcbf6bc8,1.670155,0.0,1.670155,,559,559,559,0,3746,10,8,292724,0,0,0,0,,,0,8,0,0,0,0,0,0,0,0,FOUND_NEGATIVE,False,0,0,False,False,1.685848,B2C_limited_pricing_diagnostic: limited pricing diagnostic cannot certify no-negative or provide an official bound.,,,False,,,,,,False,False,
20-scale full normalized objective,20,lunar_ice_sp50_020_001_seed829001,B2D_proof_tail_kernel_profile,diagnostic_only_no_certificate,B2D_proof_tail_kernel_profile,,0,,False,BPC_INCOMPLETE_PRICING,DIAGNOSTIC_PRICING_FRONTIER,FOUND_NEGATIVE,False,,,1.581227,lunar_ice_bpc.normalized_additive_objective.v1,normalized_operating_cost_risk_weighted_completion,5128.143295,178.054779148,7173.538882897,1680.0,False,2978.425476,106.114498,7253.545286,1051.030769,5985.958088,0.580799971,0.595965458,1.011152989,0.625613553,1.581227,1.581227,False,,False,,0,0,3,0,0,0,0,0,0,0,0,True,0,0,0,,0,0,,,0,,0,,False,0,0.000315,,master.reduced_cost_context,B2D_proof_tail_kernel_profile-diagnostic-root,d6cbfa05b88b57e4f1d6bfada3ef955516303da5c6b36e686ca52fdb0f5e87fb,1.654698,0.0,1.654698,,559,559,559,0,3746,10,8,292724,0,0,0,0,,,0,8,0,0,0,0,0,0,0,0,FOUND_NEGATIVE,False,0,0,False,True,1.671461,B2D_proof_tail_kernel_profile: limited pricing diagnostic cannot certify no-negative or provide an official bound.,,,False,,,,,,False,False,
20-scale full normalized objective,20,lunar_ice_sp50_020_002_seed829002,B0_pure_direct_dp,fixed_graph_direct_dp_oracle,B0_pure_direct_dp,,0,,False,DIRECT_DP_BASELINE_OPTIMAL,DIRECT_DP_FIXED_GRAPH_OPTIMAL,,False,,,1.774474,lunar_ice_bpc.normalized_additive_objective.v1,normalized_operating_cost_risk_weighted_completion,4889.684289,169.365642296,6553.932406733,1680.0,False,3237.5976,120.138313,6603.135838,1163.988732,5998.990248,0.662128147,0.709342883,1.007507467,0.692850436,1.774474,1.774474,False,,False,,0,0,0,0,0,0,0,0,0,0,0,True,0,0,0,,0,0,,,0,,0,,False,0,,,,,,,,,,0,,0,0,0,0,0,0,0,0,0,0,,,0,0,0,0,0,0,0,0,0,0,,False,0,0,False,False,8.760504,,,,False,,,,,,False,False,
20-scale full normalized objective,20,lunar_ice_sp50_020_002_seed829002,B1A_full_universe_root_audit,accepted_B1,B1A_full_universe_root_audit,,0,1048575,False,BPC_INCOMPLETE_PRICING,FEASIBLE_INCUMBENT_ONLY,INCOMPLETE_LIMIT,False,,,1.774474,lunar_ice_bpc.normalized_additive_objective.v1,normalized_operating_cost_risk_weighted_completion,4889.684289,169.365642296,6553.932406733,1680.0,False,3237.5976,120.138313,6603.135838,1163.988732,5998.990248,0.662128147,0.709342883,1.007507467,0.692850436,1.774474,1.774474,False,,False,,0,0,0,0,0,0,0,0,0,0,0,True,0,0,0,,0,0,False,False,0,,0,,False,0,,,,,,,,,,0,,0,0,0,0,0,0,0,0,0,0,,,0,0,0,0,0,0,0,0,0,0,,False,0,0,False,False,4.1e-05,dense RMP tableau precheck failed before loading active columns: estimated_cells=1099554619392 exceeds limit=50000000,,,True,b1a_full_universe_active_rmp,dense RMP tableau precheck failed before loading active columns: estimated_cells=1099554619392 exceeds limit=50000000,1048575,1099554619392,50000000,False,False,
20-scale full normalized objective,20,lunar_ice_sp50_020_002_seed829002,B1B_seeded_root_CG,accepted_B1,B1B_seeded_root_CG,,23,,False,BPC_GAP_AVAILABLE,BPC_NODE_LP_CERTIFIED,CERTIFIED_NO_NEGATIVE,True,b1_root_true_dual_pricing_closure,BPC_NODE_LP_CERTIFIED,1.774474,lunar_ice_bpc.normalized_additive_objective.v1,normalized_operating_cost_risk_weighted_completion,4889.684289,169.365642296,6553.932406733,1680.0,False,3237.5976,120.138313,6603.135838,1163.988732,5998.990248,0.662128147,0.709342883,1.007507467,0.692850436,1.774474,1.774474,False,1.774474,True,True,5,5,0,0,0,0,0,0,0,0,0,True,1172,1172,0,,0,0,True,True,0,,0,,False,0,,,,,,,,,,0,,0,0,0,0,0,0,0,0,0,0,,,0,0,0,0,0,0,0,0,0,0,,False,0,0,False,False,52.858839,,,,False,,,,,,False,False,
20-scale full normalized objective,20,lunar_ice_sp50_020_002_seed829002,B2_PRODUCT_EXACT_SOLVER,fixed_graph_direct_dp_product_exact,B2_PRODUCT_EXACT_SOLVER,,0,,False,DIRECT_DP_BASELINE_OPTIMAL,DIRECT_DP_FIXED_GRAPH_OPTIMAL,NOT_PRICED,False,,,1.774474,lunar_ice_bpc.normalized_additive_objective.v1,normalized_operating_cost_risk_weighted_completion,4889.684289,169.365642296,6553.932406733,1680.0,False,3237.5976,120.138313,6603.135838,1163.988732,5998.990248,0.662128147,0.709342883,1.007507467,0.692850436,1.774474,1.774474,False,,False,,0,0,0,0,0,0,0,0,0,0,0,True,0,0,0,,0,0,,,0,DIRECT_DP_FIXED_GRAPH_OPTIMAL,1,1.774474,True,1,,,,,,,,,,27404,,27404,0,0,7889,0,254198,0,0,0,0,,,0,0,0,0,0,0,0,0,0,0,,False,0,0,False,False,2.1e-05,,,,False,,,,,,False,False,
20-scale full normalized objective,20,lunar_ice_sp50_020_002_seed829002,B2A_full_universe_rc_audit_fast_path,B1A_full_universe_root_audit,B2A_full_universe_rc_audit_fast_path,,0,1048575,False,BPC_INCOMPLETE_PRICING,FEASIBLE_INCUMBENT_ONLY,INCOMPLETE_LIMIT,False,,,1.774474,lunar_ice_bpc.normalized_additive_objective.v1,normalized_operating_cost_risk_weighted_completion,4889.684289,169.365642296,6553.932406733,1680.0,False,3237.5976,120.138313,6603.135838,1163.988732,5998.990248,0.662128147,0.709342883,1.007507467,0.692850436,1.774474,1.774474,False,,False,,0,0,0,0,0,0,0,0,0,0,0,True,0,0,0,,0,0,False,False,0,,0,,False,0,0.0,,,,,0.0,0.0,,,0,,0,0,0,0,0,0,0,0,0,0,0.0,0.0,0,0,0,0,0,0,0,0,0,0,,False,0,0,False,False,9.2e-05,dense RMP tableau precheck failed before loading active columns: estimated_cells=1099554619392 exceeds limit=50000000,,,True,b2a_full_universe_active_rmp,dense RMP tableau precheck failed before loading active columns: estimated_cells=1099554619392 exceeds limit=50000000,1048575,1099554619392,50000000,False,False,final_judge_wall_time_lower
20-scale full normalized objective,20,lunar_ice_sp50_020_002_seed829002,B2B_seeded_tail_CG,B1B_seeded_root_CG,B2B_seeded_tail_CG,,23,,False,BPC_GAP_AVAILABLE,BPC_NODE_LP_CERTIFIED,CERTIFIED_NO_NEGATIVE,True,b2b_true_dual_pricing_closure,BPC_NODE_LP_CERTIFIED,1.774474,lunar_ice_bpc.normalized_additive_objective.v1,normalized_operating_cost_risk_weighted_completion,4889.684289,169.365642296,6553.932406733,1680.0,False,3237.5976,120.138313,6603.135838,1163.988732,5998.990248,0.662128147,0.709342883,1.007507467,0.692850436,1.774474,1.774474,False,1.774474,True,True,8,8,10138,10138,0,0,0,0,0,437,437,True,437,437,0,,0,0,True,True,0,,0,,False,0,0.0,,,,,0.0,8.742028,,,0,,0,0,0,0,0,0,0,0,0,0,0.0,0.0,0,0,0,0,0,0,0,0,0,0,,False,0,0,False,False,71.533602,,,,False,,,,,,False,False,final_judge_wall_time_lower
20-scale full normalized objective,20,lunar_ice_sp50_020_002_seed829002,B2B_R2_worker_before_final_judge,B1B_seeded_root_CG,B2B_R2_worker_before_final_judge,b2b_r2_lightweight_no_full_universe_enumeration,23,,False,BPC_INCOMPLETE_PRICING,DIAGNOSTIC_PRICING_FRONTIER,INCOMPLETE_LIMIT,False,,,1.774474,lunar_ice_bpc.normalized_additive_objective.v1,normalized_operating_cost_risk_weighted_completion,4889.684289,169.365642296,6553.932406733,1680.0,False,3237.5976,120.138313,6603.135838,1163.988732,5998.990248,0.662128147,0.709342883,1.007507467,0.692850436,1.774474,1.774474,False,1.774474,False,True,8,2,2495,2495,0,0,0,0,0,191,191,True,162,162,0,,806,0,True,True,0,,0,,False,0,0.052638,LOCAL_NO_COLUMN_UNCERTIFIED,master.reduced_cost_context,B2B_R2_worker_before_final_judge-root-8,bc0d5de9830cccee50487031b76c2568c48a6c49bc534265c0ab2dd75d435525,0.52355,16.751909,0.050163,0.050163,59120,496,59120,567084,19179879,3376,16290,567084,0,0,0,0,0.0,0.0,386,126,0,27404,8,7,7,1,0,6,WORKER_INCOMPLETE_LIMIT,False,59120,0,False,True,17.470144,Stopped after max_rounds=8; B2B_R2_worker_before_final_judge worker/final-judge root proof is incomplete.,,,False,,,,,,True,False,"wall_time_lower,final_judge_call_count_lower,final_judge_wall_time_lower,time_to_first_addable_negative_available,worker_found_addable_negative"
20-scale full normalized objective,20,lunar_ice_sp50_020_002_seed829002,B2B_R3_true_dual_negative_search_worker,B1B_seeded_root_CG,B2B_R3_true_dual_negative_search_worker,b2b_r3_lightweight_no_full_universe_enumeration,23,,False,BPC_INCOMPLETE_PRICING,DIAGNOSTIC_PRICING_FRONTIER,INCOMPLETE_LIMIT,False,,,1.774474,lunar_ice_bpc.normalized_additive_objective.v1,normalized_operating_cost_risk_weighted_completion,4889.684289,169.365642296,6553.932406733,1680.0,False,3237.5976,120.138313,6603.135838,1163.988732,5998.990248,0.662128147,0.709342883,1.007507467,0.692850436,1.774474,1.774474,False,1.774474,False,True,8,2,2495,2495,0,0,0,0,0,191,191,True,162,162,0,,806,0,True,True,0,,0,,False,0,0.055372,LOCAL_NO_COLUMN_UNCERTIFIED,master.reduced_cost_context,B2B_R3_true_dual_negative_search_worker-root-8,85e9900e30860f82a251a661edd21d1c9feaa5c40b34a4ee05fa9fc8795f6248,0.531237,17.330229,0.051251,0.051251,59120,496,59120,567084,19179879,3376,16290,567084,0,0,0,0,0.0,0.0,386,126,0,27404,8,7,7,1,0,6,WORKER_INCOMPLETE_LIMIT,False,59120,0,False,True,18.064654,Stopped after max_rounds=8; B2B_R3_true_dual_negative_search_worker worker/final-judge root proof is incomplete.,,,False,,,,,,True,False,"wall_time_lower,final_judge_call_count_lower,final_judge_wall_time_lower,time_to_first_addable_negative_available,worker_found_addable_negative"
20-scale full normalized objective,20,lunar_ice_sp50_020_002_seed829002,B2C_limited_pricing_diagnostic,diagnostic_only_no_certificate,B2C_limited_pricing_diagnostic,,0,,False,BPC_INCOMPLETE_PRICING,DIAGNOSTIC_PRICING_FRONTIER,FOUND_NEGATIVE,False,,,1.774474,lunar_ice_bpc.normalized_additive_objective.v1,normalized_operating_cost_risk_weighted_completion,4889.684289,169.365642296,6553.932406733,1680.0,False,3237.5976,120.138313,6603.135838,1163.988732,5998.990248,0.662128147,0.709342883,1.007507467,0.692850436,1.774474,1.774474,False,,False,,0,0,2,0,0,0,0,0,0,0,0,True,0,0,0,,0,0,,,0,,0,,False,0,0.000367,,master.reduced_cost_context,B2C_limited_pricing_diagnostic-diagnostic-root,be984dcc8263a9f4ad9cae0ba75920e70e0452e02b46745e82cdb56eb6b85c2f,1.153813,0.0,1.153813,,568,568,568,0,2355,9,8,200997,0,0,0,0,,,0,8,0,0,0,0,0,0,0,0,FOUND_NEGATIVE,False,0,0,False,False,1.169835,B2C_limited_pricing_diagnostic: limited pricing diagnostic cannot certify no-negative or provide an official bound.,,,False,,,,,,False,False,
20-scale full normalized objective,20,lunar_ice_sp50_020_002_seed829002,B2D_proof_tail_kernel_profile,diagnostic_only_no_certificate,B2D_proof_tail_kernel_profile,,0,,False,BPC_INCOMPLETE_PRICING,DIAGNOSTIC_PRICING_FRONTIER,FOUND_NEGATIVE,False,,,1.774474,lunar_ice_bpc.normalized_additive_objective.v1,normalized_operating_cost_risk_weighted_completion,4889.684289,169.365642296,6553.932406733,1680.0,False,3237.5976,120.138313,6603.135838,1163.988732,5998.990248,0.662128147,0.709342883,1.007507467,0.692850436,1.774474,1.774474,False,,False,,0,0,2,0,0,0,0,0,0,0,0,True,0,0,0,,0,0,,,0,,0,,False,0,0.000485,,master.reduced_cost_context,B2D_proof_tail_kernel_profile-diagnostic-root,b7342754e11e22bb59a7c4ac24d92b500811cefcb7a0239b75b97ebc69831e64,1.151305,0.0,1.151305,,568,568,568,0,2355,9,8,200997,0,0,0,0,,,0,8,0,0,0,0,0,0,0,0,FOUND_NEGATIVE,False,0,0,False,True,1.168228,B2D_proof_tail_kernel_profile: limited pricing diagnostic cannot certify no-negative or provide an official bound.,,,False,,,,,,False,False,
20-scale full normalized objective,20,lunar_ice_sp50_020_003_seed829003,B0_pure_direct_dp,fixed_graph_direct_dp_oracle,B0_pure_direct_dp,,0,,False,DIRECT_DP_BASELINE_OPTIMAL,DIRECT_DP_FIXED_GRAPH_OPTIMAL,,False,,,1.581185,lunar_ice_bpc.normalized_additive_objective.v1,normalized_operating_cost_risk_weighted_completion,5114.631224,179.732467728,7816.631558847,1680.0,False,2937.391256,108.128821,7919.488044,1183.472444,6213.315295,0.574311446,0.601609839,1.013158671,0.704447883,1.581185,1.581185,False,,False,,0,0,0,0,0,0,0,0,0,0,0,True,0,0,0,,0,0,,,0,,0,,False,0,,,,,,,,,,0,,0,0,0,0,0,0,0,0,0,0,,,0,0,0,0,0,0,0,0,0,0,,False,0,0,False,False,22.454545,,,,False,,,,,,False,False,
20-scale full normalized objective,20,lunar_ice_sp50_020_003_seed829003,B1A_full_universe_root_audit,accepted_B1,B1A_full_universe_root_audit,,0,1048575,False,BPC_INCOMPLETE_PRICING,FEASIBLE_INCUMBENT_ONLY,INCOMPLETE_LIMIT,False,,,1.581185,lunar_ice_bpc.normalized_additive_objective.v1,normalized_operating_cost_risk_weighted_completion,5114.631224,179.732467728,7816.631558847,1680.0,False,2937.391256,108.128821,7919.488044,1183.472444,6213.315295,0.574311446,0.601609839,1.013158671,0.704447883,1.581185,1.581185,False,,False,,0,0,0,0,0,0,0,0,0,0,0,True,0,0,0,,0,0,False,False,0,,0,,False,0,,,,,,,,,,0,,0,0,0,0,0,0,0,0,0,0,,,0,0,0,0,0,0,0,0,0,0,,False,0,0,False,False,3.7e-05,dense RMP tableau precheck failed before loading active columns: estimated_cells=1099554619392 exceeds limit=50000000,,,True,b1a_full_universe_active_rmp,dense RMP tableau precheck failed before loading active columns: estimated_cells=1099554619392 exceeds limit=50000000,1048575,1099554619392,50000000,False,False,
20-scale full normalized objective,20,lunar_ice_sp50_020_003_seed829003,B1B_seeded_root_CG,accepted_B1,B1B_seeded_root_CG,,23,,False,BPC_GAP_AVAILABLE,BPC_NODE_LP_CERTIFIED,CERTIFIED_NO_NEGATIVE,True,b1_root_true_dual_pricing_closure,BPC_NODE_LP_CERTIFIED,1.581185,lunar_ice_bpc.normalized_additive_objective.v1,normalized_operating_cost_risk_weighted_completion,5114.631224,179.732467728,7816.631558847,1680.0,False,2937.391256,108.128821,7919.488044,1183.472444,6213.315295,0.574311446,0.601609839,1.013158671,0.704447883,1.581185,1.581185,False,1.574544,True,True,6,6,0,0,0,0,0,0,0,0,0,True,1608,1608,0,,0,0,True,True,0,,0,,False,0,,,,,,,,,,0,,0,0,0,0,0,0,0,0,0,0,,,0,0,0,0,0,0,0,0,0,0,,False,0,0,False,False,144.413811,,,,False,,,,,,False,False,
20-scale full normalized objective,20,lunar_ice_sp50_020_003_seed829003,B2_PRODUCT_EXACT_SOLVER,fixed_graph_direct_dp_product_exact,B2_PRODUCT_EXACT_SOLVER,,0,,False,DIRECT_DP_BASELINE_OPTIMAL,DIRECT_DP_FIXED_GRAPH_OPTIMAL,NOT_PRICED,False,,,1.581185,lunar_ice_bpc.normalized_additive_objective.v1,normalized_operating_cost_risk_weighted_completion,5114.631224,179.732467728,7816.631558847,1680.0,False,2937.391256,108.128821,7919.488044,1183.472444,6213.315295,0.574311446,0.601609839,1.013158671,0.704447883,1.581185,1.581185,False,,False,,0,0,0,0,0,0,0,0,0,0,0,True,0,0,0,,0,0,,,0,DIRECT_DP_FIXED_GRAPH_OPTIMAL,1,1.581185,True,1,,,,,,,,,,51441,,51441,0,0,17647,0,779539,0,0,0,0,,,0,0,0,0,0,0,0,0,0,0,,False,0,0,False,False,1.9e-05,,,,False,,,,,,False,False,
20-scale full normalized objective,20,lunar_ice_sp50_020_003_seed829003,B2A_full_universe_rc_audit_fast_path,B1A_full_universe_root_audit,B2A_full_universe_rc_audit_fast_path,,0,1048575,False,BPC_INCOMPLETE_PRICING,FEASIBLE_INCUMBENT_ONLY,INCOMPLETE_LIMIT,False,,,1.581185,lunar_ice_bpc.normalized_additive_objective.v1,normalized_operating_cost_risk_weighted_completion,5114.631224,179.732467728,7816.631558847,1680.0,False,2937.391256,108.128821,7919.488044,1183.472444,6213.315295,0.574311446,0.601609839,1.013158671,0.704447883,1.581185,1.581185,False,,False,,0,0,0,0,0,0,0,0,0,0,0,True,0,0,0,,0,0,False,False,0,,0,,False,0,0.0,,,,,0.0,0.0,,,0,,0,0,0,0,0,0,0,0,0,0,0.0,0.0,0,0,0,0,0,0,0,0,0,0,,False,0,0,False,False,7.8e-05,dense RMP tableau precheck failed before loading active columns: estimated_cells=1099554619392 exceeds limit=50000000,,,True,b2a_full_universe_active_rmp,dense RMP tableau precheck failed before loading active columns: estimated_cells=1099554619392 exceeds limit=50000000,1048575,1099554619392,50000000,False,False,final_judge_wall_time_lower
20-scale full normalized objective,20,lunar_ice_sp50_020_003_seed829003,B2B_seeded_tail_CG,B1B_seeded_root_CG,B2B_seeded_tail_CG,,23,,False,BPC_INCOMPLETE_PRICING,DIAGNOSTIC_PRICING_FRONTIER,INCOMPLETE_LIMIT,False,,,1.581185,lunar_ice_bpc.normalized_additive_objective.v1,normalized_operating_cost_risk_weighted_completion,5114.631224,179.732467728,7816.631558847,1680.0,False,2937.391256,108.128821,7919.488044,1183.472444,6213.315295,0.574311446,0.601609839,1.013158671,0.704447883,1.581185,1.581185,False,1.574825,False,True,8,8,10955,10955,0,0,0,0,0,401,401,True,401,401,0,,0,0,True,True,0,,0,,False,0,0.0,,,,,0.0,22.159187,,,0,,0,0,0,0,0,0,0,0,0,0,0.0,0.0,0,0,0,0,0,0,0,0,0,0,,False,0,0,False,False,176.971488,Stopped after max_rounds=8; B2B root no-negative proof is incomplete.,,,False,,,,,,True,True,final_judge_wall_time_lower
20-scale full normalized objective,20,lunar_ice_sp50_020_003_seed829003,B2B_R2_worker_before_final_judge,B1B_seeded_root_CG,B2B_R2_worker_before_final_judge,b2b_r2_lightweight_no_full_universe_enumeration,23,,False,BPC_INCOMPLETE_PRICING,DIAGNOSTIC_PRICING_FRONTIER,INCOMPLETE_LIMIT,False,,,1.581185,lunar_ice_bpc.normalized_additive_objective.v1,normalized_operating_cost_risk_weighted_completion,5114.631224,179.732467728,7816.631558847,1680.0,False,2937.391256,108.128821,7919.488044,1183.472444,6213.315295,0.574311446,0.601609839,1.013158671,0.704447883,1.581185,1.581185,False,1.581185,False,True,8,2,3952,3952,0,0,0,0,0,200,200,True,168,168,0,,1238,0,True,True,0,,0,,False,0,0.035944,LOCAL_NO_COLUMN_UNCERTIFIED,master.reduced_cost_context,B2B_R2_worker_before_final_judge-root-8,c3de528f46fd48d8a5b60648542dd90a4600242b3a0393103f62196f9b3c7352,0.553981,43.20295,0.058873,0.058873,106831,473,106831,1622346,48538173,4830,35806,1622346,0,0,0,0,0.0,0.0,386,126,0,51441,8,7,7,1,0,6,WORKER_INCOMPLETE_LIMIT,False,106831,0,False,True,44.029007,Stopped after max_rounds=8; B2B_R2_worker_before_final_judge worker/final-judge root proof is incomplete.,,,False,,,,,,True,True,"wall_time_lower,final_judge_call_count_lower,final_judge_wall_time_lower,time_to_first_addable_negative_available,worker_found_addable_negative"
20-scale full normalized objective,20,lunar_ice_sp50_020_003_seed829003,B2B_R3_true_dual_negative_search_worker,B1B_seeded_root_CG,B2B_R3_true_dual_negative_search_worker,b2b_r3_lightweight_no_full_universe_enumeration,23,,False,BPC_INCOMPLETE_PRICING,DIAGNOSTIC_PRICING_FRONTIER,INCOMPLETE_LIMIT,False,,,1.581185,lunar_ice_bpc.normalized_additive_objective.v1,normalized_operating_cost_risk_weighted_completion,5114.631224,179.732467728,7816.631558847,1680.0,False,2937.391256,108.128821,7919.488044,1183.472444,6213.315295,0.574311446,0.601609839,1.013158671,0.704447883,1.581185,1.581185,False,1.581185,False,True,8,2,3952,3952,0,0,0,0,0,200,200,True,168,168,0,,1238,0,True,True,0,,0,,False,0,0.036079,LOCAL_NO_COLUMN_UNCERTIFIED,master.reduced_cost_context,B2B_R3_true_dual_negative_search_worker-root-8,91eec27a6a10ee0f7113a4f1c5553e6bde3e4de7d4eb86219777e94150963faa,0.549882,43.349396,0.060243,0.060243,106831,473,106831,1622346,48538173,4830,35806,1622346,0,0,0,0,0.0,0.0,386,126,0,51441,8,7,7,1,0,6,WORKER_INCOMPLETE_LIMIT,False,106831,0,False,True,44.175522,Stopped after max_rounds=8; B2B_R3_true_dual_negative_search_worker worker/final-judge root proof is incomplete.,,,False,,,,,,True,True,"wall_time_lower,final_judge_call_count_lower,final_judge_wall_time_lower,time_to_first_addable_negative_available,worker_found_addable_negative"
20-scale full normalized objective,20,lunar_ice_sp50_020_003_seed829003,B2C_limited_pricing_diagnostic,diagnostic_only_no_certificate,B2C_limited_pricing_diagnostic,,0,,False,BPC_INCOMPLETE_PRICING,DIAGNOSTIC_PRICING_FRONTIER,FOUND_NEGATIVE,False,,,1.581185,lunar_ice_bpc.normalized_additive_objective.v1,normalized_operating_cost_risk_weighted_completion,5114.631224,179.732467728,7816.631558847,1680.0,False,2937.391256,108.128821,7919.488044,1183.472444,6213.315295,0.574311446,0.601609839,1.013158671,0.704447883,1.581185,1.581185,False,,False,,0,0,4,0,0,0,0,0,0,0,0,True,0,0,0,,0,0,,,0,,0,,False,0,0.000298,,master.reduced_cost_context,B2C_limited_pricing_diagnostic-diagnostic-root,a80eb2c66c59f29edb53ac1360bbda832deec475dbd888908e44249fcf070ebe,1.541178,0.0,1.541178,,344,344,344,0,1762,9,8,302636,0,0,0,0,,,0,8,0,0,0,0,0,0,0,0,FOUND_NEGATIVE,False,0,0,False,False,1.558432,B2C_limited_pricing_diagnostic: limited pricing diagnostic cannot certify no-negative or provide an official bound.,,,False,,,,,,False,False,
20-scale full normalized objective,20,lunar_ice_sp50_020_003_seed829003,B2D_proof_tail_kernel_profile,diagnostic_only_no_certificate,B2D_proof_tail_kernel_profile,,0,,False,BPC_INCOMPLETE_PRICING,DIAGNOSTIC_PRICING_FRONTIER,FOUND_NEGATIVE,False,,,1.581185,lunar_ice_bpc.normalized_additive_objective.v1,normalized_operating_cost_risk_weighted_completion,5114.631224,179.732467728,7816.631558847,1680.0,False,2937.391256,108.128821,7919.488044,1183.472444,6213.315295,0.574311446,0.601609839,1.013158671,0.704447883,1.581185,1.581185,False,,False,,0,0,4,0,0,0,0,0,0,0,0,True,0,0,0,,0,0,,,0,,0,,False,0,0.000368,,master.reduced_cost_context,B2D_proof_tail_kernel_profile-diagnostic-root,1f2dc6b29fb039ed73c4c1eec2aa677ccee4525f9664edf97b09a3ab6a145b65,1.550522,0.0,1.550522,,344,344,344,0,1762,9,8,302636,0,0,0,0,,,0,8,0,0,0,0,0,0,0,0,FOUND_NEGATIVE,False,0,0,False,True,1.566648,B2D_proof_tail_kernel_profile: limited pricing diagnostic cannot certify no-negative or provide an official bound.,,,False,,,,,,False,False,
20-scale full normalized objective,20,lunar_ice_sp50_020_004_seed829004,B0_pure_direct_dp,fixed_graph_direct_dp_oracle,B0_pure_direct_dp,,0,,False,DIRECT_DP_BASELINE_OPTIMAL,DIRECT_DP_FIXED_GRAPH_OPTIMAL,,False,,,1.66182,lunar_ice_bpc.normalized_additive_objective.v1,normalized_operating_cost_risk_weighted_completion,4687.420219,159.188279337,6072.417077391,1680.0,False,2883.495814,102.19426,6143.655195,997.964164,5443.152152,0.615156244,0.641971007,1.011731427,0.594026288,1.66182,1.66182,False,,False,,0,0,0,0,0,0,0,0,0,0,0,True,0,0,0,,0,0,,,0,,0,,False,0,,,,,,,,,,0,,0,0,0,0,0,0,0,0,0,0,,,0,0,0,0,0,0,0,0,0,0,,False,0,0,False,False,14.244057,,,,False,,,,,,False,False,
20-scale full normalized objective,20,lunar_ice_sp50_020_004_seed829004,B1A_full_universe_root_audit,accepted_B1,B1A_full_universe_root_audit,,0,1048575,False,BPC_INCOMPLETE_PRICING,FEASIBLE_INCUMBENT_ONLY,INCOMPLETE_LIMIT,False,,,1.66182,lunar_ice_bpc.normalized_additive_objective.v1,normalized_operating_cost_risk_weighted_completion,4687.420219,159.188279337,6072.417077391,1680.0,False,2883.495814,102.19426,6143.655195,997.964164,5443.152152,0.615156244,0.641971007,1.011731427,0.594026288,1.66182,1.66182,False,,False,,0,0,0,0,0,0,0,0,0,0,0,True,0,0,0,,0,0,False,False,0,,0,,False,0,,,,,,,,,,0,,0,0,0,0,0,0,0,0,0,0,,,0,0,0,0,0,0,0,0,0,0,,False,0,0,False,False,4.1e-05,dense RMP tableau precheck failed before loading active columns: estimated_cells=1099554619392 exceeds limit=50000000,,,True,b1a_full_universe_active_rmp,dense RMP tableau precheck failed before loading active columns: estimated_cells=1099554619392 exceeds limit=50000000,1048575,1099554619392,50000000,False,False,
20-scale full normalized objective,20,lunar_ice_sp50_020_004_seed829004,B1B_seeded_root_CG,accepted_B1,B1B_seeded_root_CG,,23,,False,BPC_GAP_AVAILABLE,BPC_NODE_LP_CERTIFIED,CERTIFIED_NO_NEGATIVE,True,b1_root_true_dual_pricing_closure,BPC_NODE_LP_CERTIFIED,1.66182,lunar_ice_bpc.normalized_additive_objective.v1,normalized_operating_cost_risk_weighted_completion,4687.420219,159.188279337,6072.417077391,1680.0,False,2883.495814,102.19426,6143.655195,997.964164,5443.152152,0.615156244,0.641971007,1.011731427,0.594026288,1.66182,1.66182,False,1.660374,True,True,6,6,0,0,0,0,0,0,0,0,0,True,1434,1434,0,,0,0,True,True,0,,0,,False,0,,,,,,,,,,0,,0,0,0,0,0,0,0,0,0,0,,,0,0,0,0,0,0,0,0,0,0,,False,0,0,False,False,102.450406,,,,False,,,,,,False,False,
20-scale full normalized objective,20,lunar_ice_sp50_020_004_seed829004,B2_PRODUCT_EXACT_SOLVER,fixed_graph_direct_dp_product_exact,B2_PRODUCT_EXACT_SOLVER,,0,,False,DIRECT_DP_BASELINE_OPTIMAL,DIRECT_DP_FIXED_GRAPH_OPTIMAL,NOT_PRICED,False,,,1.66182,lunar_ice_bpc.normalized_additive_objective.v1,normalized_operating_cost_risk_weighted_completion,4687.420219,159.188279337,6072.417077391,1680.0,False,2883.495814,102.19426,6143.655195,997.964164,5443.152152,0.615156244,0.641971007,1.011731427,0.594026288,1.66182,1.66182,False,,False,,0,0,0,0,0,0,0,0,0,0,0,True,0,0,0,,0,0,,,0,DIRECT_DP_FIXED_GRAPH_OPTIMAL,1,1.66182,True,1,,,,,,,,,,39593,,39593,0,0,12705,0,412773,0,0,0,0,,,0,0,0,0,0,0,0,0,0,0,,False,0,0,False,False,2.1e-05,,,,False,,,,,,False,False,
20-scale full normalized objective,20,lunar_ice_sp50_020_004_seed829004,B2A_full_universe_rc_audit_fast_path,B1A_full_universe_root_audit,B2A_full_universe_rc_audit_fast_path,,0,1048575,False,BPC_INCOMPLETE_PRICING,FEASIBLE_INCUMBENT_ONLY,INCOMPLETE_LIMIT,False,,,1.66182,lunar_ice_bpc.normalized_additive_objective.v1,normalized_operating_cost_risk_weighted_completion,4687.420219,159.188279337,6072.417077391,1680.0,False,2883.495814,102.19426,6143.655195,997.964164,5443.152152,0.615156244,0.641971007,1.011731427,0.594026288,1.66182,1.66182,False,,False,,0,0,0,0,0,0,0,0,0,0,0,True,0,0,0,,0,0,False,False,0,,0,,False,0,0.0,,,,,0.0,0.0,,,0,,0,0,0,0,0,0,0,0,0,0,0.0,0.0,0,0,0,0,0,0,0,0,0,0,,False,0,0,False,False,7.1e-05,dense RMP tableau precheck failed before loading active columns: estimated_cells=1099554619392 exceeds limit=50000000,,,True,b2a_full_universe_active_rmp,dense RMP tableau precheck failed before loading active columns: estimated_cells=1099554619392 exceeds limit=50000000,1048575,1099554619392,50000000,False,False,final_judge_wall_time_lower
20-scale full normalized objective,20,lunar_ice_sp50_020_004_seed829004,B2B_seeded_tail_CG,B1B_seeded_root_CG,B2B_seeded_tail_CG,,23,,False,BPC_INCOMPLETE_PRICING,DIAGNOSTIC_PRICING_FRONTIER,INCOMPLETE_LIMIT,False,,,1.66182,lunar_ice_bpc.normalized_additive_objective.v1,normalized_operating_cost_risk_weighted_completion,4687.420219,159.188279337,6072.417077391,1680.0,False,2883.495814,102.19426,6143.655195,997.964164,5443.152152,0.615156244,0.641971007,1.011731427,0.594026288,1.66182,1.66182,False,1.66182,False,True,8,8,13649,13649,0,0,0,0,0,512,512,True,512,512,0,,0,0,True,True,0,,0,,False,0,0.0,,,,,0.0,14.569236,,,0,,0,0,0,0,0,0,0,0,0,0,0.0,0.0,0,0,0,0,0,0,0,0,0,0,,False,0,0,False,False,118.300367,Stopped after max_rounds=8; B2B root no-negative proof is incomplete.,,,False,,,,,,True,True,final_judge_wall_time_lower
20-scale full normalized objective,20,lunar_ice_sp50_020_004_seed829004,B2B_R2_worker_before_final_judge,B1B_seeded_root_CG,B2B_R2_worker_before_final_judge,b2b_r2_lightweight_no_full_universe_enumeration,23,,False,BPC_INCOMPLETE_PRICING,DIAGNOSTIC_PRICING_FRONTIER,INCOMPLETE_LIMIT,False,,,1.66182,lunar_ice_bpc.normalized_additive_objective.v1,normalized_operating_cost_risk_weighted_completion,4687.420219,159.188279337,6072.417077391,1680.0,False,2883.495814,102.19426,6143.655195,997.964164,5443.152152,0.615156244,0.641971007,1.011731427,0.594026288,1.66182,1.66182,False,1.66182,False,True,8,3,7517,7517,0,0,0,0,0,271,271,True,240,240,0,,1781,0,True,True,0,,0,,False,0,0.119138,FOUND_NEGATIVE,master.reduced_cost_context,B2B_R2_worker_before_final_judge-root-8,5d423807311896413647bddaf0fef59b9b9b7244a5fb70091f739d52009ad9df,0.682472,42.938852,0.07124,0.07124,123966,605,123966,1304463,46072879,8403,38627,1304463,0,0,0,0,0.0,0.0,392,120,0,39593,8,7,7,1,0,5,WORKER_INCOMPLETE_LIMIT,False,123966,0,False,True,44.212701,Stopped after max_rounds=8; B2B_R2_worker_before_final_judge worker/final-judge root proof is incomplete.,,,False,,,,,,True,True,"wall_time_lower,final_judge_call_count_lower,final_judge_wall_time_lower,time_to_first_addable_negative_available,worker_found_addable_negative"
20-scale full normalized objective,20,lunar_ice_sp50_020_004_seed829004,B2B_R3_true_dual_negative_search_worker,B1B_seeded_root_CG,B2B_R3_true_dual_negative_search_worker,b2b_r3_lightweight_no_full_universe_enumeration,23,,False,BPC_INCOMPLETE_PRICING,DIAGNOSTIC_PRICING_FRONTIER,INCOMPLETE_LIMIT,False,,,1.66182,lunar_ice_bpc.normalized_additive_objective.v1,normalized_operating_cost_risk_weighted_completion,4687.420219,159.188279337,6072.417077391,1680.0,False,2883.495814,102.19426,6143.655195,997.964164,5443.152152,0.615156244,0.641971007,1.011731427,0.594026288,1.66182,1.66182,False,1.66182,False,True,8,3,7517,7517,0,0,0,0,0,271,271,True,240,240,0,,1781,0,True,True,0,,0,,False,0,0.114802,FOUND_NEGATIVE,master.reduced_cost_context,B2B_R3_true_dual_negative_search_worker-root-8,5682c97e4b938cb4190abd06b60e23fa39193d6c6d779b70a0379257cc0807c2,0.674154,42.90344,0.071159,0.071159,123966,605,123966,1304463,46072879,8403,38627,1304463,0,0,0,0,0.0,0.0,392,120,0,39593,8,7,7,1,0,5,WORKER_INCOMPLETE_LIMIT,False,123966,0,False,True,44.230086,Stopped after max_rounds=8; B2B_R3_true_dual_negative_search_worker worker/final-judge root proof is incomplete.,,,False,,,,,,True,True,"wall_time_lower,final_judge_call_count_lower,final_judge_wall_time_lower,time_to_first_addable_negative_available,worker_found_addable_negative"
20-scale full normalized objective,20,lunar_ice_sp50_020_004_seed829004,B2C_limited_pricing_diagnostic,diagnostic_only_no_certificate,B2C_limited_pricing_diagnostic,,0,,False,BPC_INCOMPLETE_PRICING,DIAGNOSTIC_PRICING_FRONTIER,FOUND_NEGATIVE,False,,,1.66182,lunar_ice_bpc.normalized_additive_objective.v1,normalized_operating_cost_risk_weighted_completion,4687.420219,159.188279337,6072.417077391,1680.0,False,2883.495814,102.19426,6143.655195,997.964164,5443.152152,0.615156244,0.641971007,1.011731427,0.594026288,1.66182,1.66182,False,,False,,0,0,5,0,0,0,0,0,0,0,0,True,0,0,0,,0,0,,,0,,0,,False,0,0.000304,,master.reduced_cost_context,B2C_limited_pricing_diagnostic-diagnostic-root,824d5bc71dd65a8f4f85ae433acb427f32dd7477f2897ce39494738ae30d0600,1.512383,0.0,1.512383,,599,599,599,0,3980,9,8,262922,0,0,0,0,,,0,8,0,0,0,0,0,0,0,0,FOUND_NEGATIVE,False,0,0,False,False,1.530198,B2C_limited_pricing_diagnostic: limited pricing diagnostic cannot certify no-negative or provide an official bound.,,,False,,,,,,False,False,
20-scale full normalized objective,20,lunar_ice_sp50_020_004_seed829004,B2D_proof_tail_kernel_profile,diagnostic_only_no_certificate,B2D_proof_tail_kernel_profile,,0,,False,BPC_INCOMPLETE_PRICING,DIAGNOSTIC_PRICING_FRONTIER,FOUND_NEGATIVE,False,,,1.66182,lunar_ice_bpc.normalized_additive_objective.v1,normalized_operating_cost_risk_weighted_completion,4687.420219,159.188279337,6072.417077391,1680.0,False,2883.495814,102.19426,6143.655195,997.964164,5443.152152,0.615156244,0.641971007,1.011731427,0.594026288,1.66182,1.66182,False,,False,,0,0,5,0,0,0,0,0,0,0,0,True,0,0,0,,0,0,,,0,,0,,False,0,0.0003,,master.reduced_cost_context,B2D_proof_tail_kernel_profile-diagnostic-root,f7f007ed00cd6df4f188dd4c9701be3f817c689f3bd1b349df6a240f97f2242b,1.49814,0.0,1.49814,,599,599,599,0,3980,9,8,262922,0,0,0,0,,,0,8,0,0,0,0,0,0,0,0,FOUND_NEGATIVE,False,0,0,False,True,1.514957,B2D_proof_tail_kernel_profile: limited pricing diagnostic cannot certify no-negative or provide an official bound.,,,False,,,,,,False,False,
20-scale full normalized objective,20,lunar_ice_sp50_020_005_seed829005,B0_pure_direct_dp,fixed_graph_direct_dp_oracle,B0_pure_direct_dp,,0,,False,DIRECT_DP_BASELINE_OPTIMAL,DIRECT_DP_FIXED_GRAPH_OPTIMAL,,False,,,1.611249,lunar_ice_bpc.normalized_additive_objective.v1,normalized_operating_cost_risk_weighted_completion,4718.983366,175.138021846,5992.901006404,1680.0,False,2732.297314,108.673508,6168.869656,938.700212,5308.518684,0.57900126,0.620502087,1.029362849,0.558750126,1.611248,1.611249,False,,False,,0,0,0,0,0,0,0,0,0,0,0,True,0,0,0,,0,0,,,0,,0,,False,0,,,,,,,,,,0,,0,0,0,0,0,0,0,0,0,0,,,0,0,0,0,0,0,0,0,0,0,,False,0,0,False,False,35.087976,,,,False,,,,,,False,False,
20-scale full normalized objective,20,lunar_ice_sp50_020_005_seed829005,B1A_full_universe_root_audit,accepted_B1,B1A_full_universe_root_audit,,0,1048575,False,BPC_INCOMPLETE_PRICING,FEASIBLE_INCUMBENT_ONLY,INCOMPLETE_LIMIT,False,,,1.611249,lunar_ice_bpc.normalized_additive_objective.v1,normalized_operating_cost_risk_weighted_completion,4718.983366,175.138021846,5992.901006404,1680.0,False,2732.297314,108.673508,6168.869656,938.700212,5308.518684,0.57900126,0.620502087,1.029362849,0.558750126,1.611248,1.611249,False,,False,,0,0,0,0,0,0,0,0,0,0,0,True,0,0,0,,0,0,False,False,0,,0,,False,0,,,,,,,,,,0,,0,0,0,0,0,0,0,0,0,0,,,0,0,0,0,0,0,0,0,0,0,,False,0,0,False,False,3.7e-05,dense RMP tableau precheck failed before loading active columns: estimated_cells=1099554619392 exceeds limit=50000000,,,True,b1a_full_universe_active_rmp,dense RMP tableau precheck failed before loading active columns: estimated_cells=1099554619392 exceeds limit=50000000,1048575,1099554619392,50000000,False,False,
20-scale full normalized objective,20,lunar_ice_sp50_020_005_seed829005,B1B_seeded_root_CG,accepted_B1,B1B_seeded_root_CG,,23,,False,BPC_GAP_AVAILABLE,BPC_NODE_LP_CERTIFIED,CERTIFIED_NO_NEGATIVE,True,b1_root_true_dual_pricing_closure,BPC_NODE_LP_CERTIFIED,1.611249,lunar_ice_bpc.normalized_additive_objective.v1,normalized_operating_cost_risk_weighted_completion,4718.983366,175.138021846,5992.901006404,1680.0,False,2732.297314,108.673508,6168.869656,938.700212,5308.518684,0.57900126,0.620502087,1.029362849,0.558750126,1.611248,1.611249,False,1.611249,True,True,7,7,0,0,0,0,0,0,0,0,0,True,1601,1601,0,,0,0,True,True,0,,0,,False,0,,,,,,,,,,0,,0,0,0,0,0,0,0,0,0,0,,,0,0,0,0,0,0,0,0,0,0,,False,0,0,False,False,278.409355,,,,False,,,,,,False,False,
20-scale full normalized objective,20,lunar_ice_sp50_020_005_seed829005,B2_PRODUCT_EXACT_SOLVER,fixed_graph_direct_dp_product_exact,B2_PRODUCT_EXACT_SOLVER,,0,,False,DIRECT_DP_BASELINE_OPTIMAL,DIRECT_DP_FIXED_GRAPH_OPTIMAL,NOT_PRICED,False,,,1.611249,lunar_ice_bpc.normalized_additive_objective.v1,normalized_operating_cost_risk_weighted_completion,4718.983366,175.138021846,5992.901006404,1680.0,False,2732.297314,108.673508,6168.869656,938.700212,5308.518684,0.57900126,0.620502087,1.029362849,0.558750126,1.611248,1.611249,False,,False,,0,0,0,0,0,0,0,0,0,0,0,True,0,0,0,,0,0,,,0,DIRECT_DP_FIXED_GRAPH_OPTIMAL,1,1.611249,True,1,,,,,,,,,,79778,,79778,0,0,19130,0,1138547,0,0,0,0,,,0,0,0,0,0,0,0,0,0,0,,False,0,0,False,False,2e-05,,,,False,,,,,,False,False,
20-scale full normalized objective,20,lunar_ice_sp50_020_005_seed829005,B2A_full_universe_rc_audit_fast_path,B1A_full_universe_root_audit,B2A_full_universe_rc_audit_fast_path,,0,1048575,False,BPC_INCOMPLETE_PRICING,FEASIBLE_INCUMBENT_ONLY,INCOMPLETE_LIMIT,False,,,1.611249,lunar_ice_bpc.normalized_additive_objective.v1,normalized_operating_cost_risk_weighted_completion,4718.983366,175.138021846,5992.901006404,1680.0,False,2732.297314,108.673508,6168.869656,938.700212,5308.518684,0.57900126,0.620502087,1.029362849,0.558750126,1.611248,1.611249,False,,False,,0,0,0,0,0,0,0,0,0,0,0,True,0,0,0,,0,0,False,False,0,,0,,False,0,0.0,,,,,0.0,0.0,,,0,,0,0,0,0,0,0,0,0,0,0,0.0,0.0,0,0,0,0,0,0,0,0,0,0,,False,0,0,False,False,8e-05,dense RMP tableau precheck failed before loading active columns: estimated_cells=1099554619392 exceeds limit=50000000,,,True,b2a_full_universe_active_rmp,dense RMP tableau precheck failed before loading active columns: estimated_cells=1099554619392 exceeds limit=50000000,1048575,1099554619392,50000000,False,False,final_judge_wall_time_lower
20-scale full normalized objective,20,lunar_ice_sp50_020_005_seed829005,B2B_seeded_tail_CG,B1B_seeded_root_CG,B2B_seeded_tail_CG,,23,,False,BPC_INCOMPLETE_PRICING,DIAGNOSTIC_PRICING_FRONTIER,INCOMPLETE_LIMIT,False,,,1.611249,lunar_ice_bpc.normalized_additive_objective.v1,normalized_operating_cost_risk_weighted_completion,4718.983366,175.138021846,5992.901006404,1680.0,False,2732.297314,108.673508,6168.869656,938.700212,5308.518684,0.57900126,0.620502087,1.029362849,0.558750126,1.611248,1.611249,False,1.611249,False,True,8,8,17065,17065,0,0,0,0,0,485,485,True,485,485,0,,0,0,True,True,0,,0,,False,0,0.0,,,,,0.0,35.542373,,,0,,0,0,0,0,0,0,0,0,0,0,0.0,0.0,0,0,0,0,0,0,0,0,0,0,,False,0,0,False,False,282.903235,Stopped after max_rounds=8; B2B root no-negative proof is incomplete.,,,False,,,,,,True,False,final_judge_wall_time_lower
20-scale full normalized objective,20,lunar_ice_sp50_020_005_seed829005,B2B_R2_worker_before_final_judge,B1B_seeded_root_CG,B2B_R2_worker_before_final_judge,b2b_r2_lightweight_no_full_universe_enumeration,23,,False,BPC_INCOMPLETE_PRICING,DIAGNOSTIC_PRICING_FRONTIER,INCOMPLETE_LIMIT,False,,,1.611249,lunar_ice_bpc.normalized_additive_objective.v1,normalized_operating_cost_risk_weighted_completion,4718.983366,175.138021846,5992.901006404,1680.0,False,2732.297314,108.673508,6168.869656,938.700212,5308.518684,0.57900126,0.620502087,1.029362849,0.558750126,1.611248,1.611249,False,1.611249,False,True,8,2,5783,5783,0,0,0,0,0,194,194,True,167,167,0,,0,0,True,True,0,,0,,False,0,0.052953,FOUND_NEGATIVE,master.reduced_cost_context,B2B_R2_worker_before_final_judge-root-8,489d00721e6650fb6dfce8f814477bbf234f48706bc43c6496cfe9c3c4783e0a,0.633484,69.482924,0.061634,0.061634,163988,522,163988,2350559,77865277,6676,38772,2350559,0,0,0,0,0.0,0.0,389,123,0,79778,8,8,8,0,0,6,WORKER_INCOMPLETE_LIMIT,False,163988,0,False,True,70.478456,Stopped after max_rounds=8; B2B_R2_worker_before_final_judge worker/final-judge root proof is incomplete.,,,False,,,,,,True,False,"wall_time_lower,final_judge_call_count_lower,final_judge_wall_time_lower,time_to_first_addable_negative_available,worker_found_addable_negative"
20-scale full normalized objective,20,lunar_ice_sp50_020_005_seed829005,B2B_R3_true_dual_negative_search_worker,B1B_seeded_root_CG,B2B_R3_true_dual_negative_search_worker,b2b_r3_lightweight_no_full_universe_enumeration,23,,False,BPC_INCOMPLETE_PRICING,DIAGNOSTIC_PRICING_FRONTIER,INCOMPLETE_LIMIT,False,,,1.611249,lunar_ice_bpc.normalized_additive_objective.v1,normalized_operating_cost_risk_weighted_completion,4718.983366,175.138021846,5992.901006404,1680.0,False,2732.297314,108.673508,6168.869656,938.700212,5308.518684,0.57900126,0.620502087,1.029362849,0.558750126,1.611248,1.611249,False,1.611249,False,True,8,2,5783,5783,0,0,0,0,0,194,194,True,167,167,0,,0,0,True,True,0,,0,,False,0,0.054305,FOUND_NEGATIVE,master.reduced_cost_context,B2B_R3_true_dual_negative_search_worker-root-8,5bc371206138cceffcec3a7b146b86324c3d4e0d3b2a915fa549c5a0a286f306,0.642461,69.327044,0.061866,0.061866,163988,522,163988,2350559,77865277,6676,38772,2350559,0,0,0,0,0.0,0.0,389,123,0,79778,8,8,8,0,0,6,WORKER_INCOMPLETE_LIMIT,False,163988,0,False,True,70.327516,Stopped after max_rounds=8; B2B_R3_true_dual_negative_search_worker worker/final-judge root proof is incomplete.,,,False,,,,,,True,False,"wall_time_lower,final_judge_call_count_lower,final_judge_wall_time_lower,time_to_first_addable_negative_available,worker_found_addable_negative"
20-scale full normalized objective,20,lunar_ice_sp50_020_005_seed829005,B2C_limited_pricing_diagnostic,diagnostic_only_no_certificate,B2C_limited_pricing_diagnostic,,0,,False,BPC_INCOMPLETE_PRICING,DIAGNOSTIC_PRICING_FRONTIER,FOUND_NEGATIVE,False,,,1.611249,lunar_ice_bpc.normalized_additive_objective.v1,normalized_operating_cost_risk_weighted_completion,4718.983366,175.138021846,5992.901006404,1680.0,False,2732.297314,108.673508,6168.869656,938.700212,5308.518684,0.57900126,0.620502087,1.029362849,0.558750126,1.611248,1.611249,False,,False,,0,0,2,0,0,0,0,0,0,0,0,True,0,0,0,,0,0,,,0,,0,,False,0,0.000319,,master.reduced_cost_context,B2C_limited_pricing_diagnostic-diagnostic-root,2a1743e8a3008c8b7f940d497953a33e92d9da8915957867be593821faca1a73,1.794067,0.0,1.794067,,569,569,569,0,6436,11,8,316117,0,0,0,0,,,0,8,0,0,0,0,0,0,0,0,FOUND_NEGATIVE,False,0,0,False,False,1.811146,B2C_limited_pricing_diagnostic: limited pricing diagnostic cannot certify no-negative or provide an official bound.,,,False,,,,,,False,False,
20-scale full normalized objective,20,lunar_ice_sp50_020_005_seed829005,B2D_proof_tail_kernel_profile,diagnostic_only_no_certificate,B2D_proof_tail_kernel_profile,,0,,False,BPC_INCOMPLETE_PRICING,DIAGNOSTIC_PRICING_FRONTIER,FOUND_NEGATIVE,False,,,1.611249,lunar_ice_bpc.normalized_additive_objective.v1,normalized_operating_cost_risk_weighted_completion,4718.983366,175.138021846,5992.901006404,1680.0,False,2732.297314,108.673508,6168.869656,938.700212,5308.518684,0.57900126,0.620502087,1.029362849,0.558750126,1.611248,1.611249,False,,False,,0,0,2,0,0,0,0,0,0,0,0,True,0,0,0,,0,0,,,0,,0,,False,0,0.000315,,master.reduced_cost_context,B2D_proof_tail_kernel_profile-diagnostic-root,e6ff58de2d2c9a5b79849f540a0b48f0e57b946c7913f4c8222d630ec426c6a7,1.798308,0.0,1.798308,,569,569,569,0,6436,11,8,316117,0,0,0,0,,,0,8,0,0,0,0,0,0,0,0,FOUND_NEGATIVE,False,0,0,False,True,1.81469,B2D_proof_tail_kernel_profile: limited pricing diagnostic cannot certify no-negative or provide an official bound.,,,False,,,,,,False,False,
20-scale full normalized objective,20,lunar_ice_sp50_020_006_seed829006,B0_pure_direct_dp,fixed_graph_direct_dp_oracle,B0_pure_direct_dp,,0,,False,DIRECT_DP_BASELINE_OPTIMAL,DIRECT_DP_FIXED_GRAPH_OPTIMAL,,False,,,1.663893,lunar_ice_bpc.normalized_additive_objective.v1,normalized_operating_cost_risk_weighted_completion,5139.614546,192.035866967,7574.053405433,1680.0,False,3189.167339,122.228003,7704.718984,1156.158424,6393.282936,0.620507104,0.636485282,1.017251737,0.688189538,1.663893,1.663893,False,,False,,0,0,0,0,0,0,0,0,0,0,0,True,0,0,0,,0,0,,,0,,0,,False,0,,,,,,,,,,0,,0,0,0,0,0,0,0,0,0,0,,,0,0,0,0,0,0,0,0,0,0,,False,0,0,False,False,15.77868,,,,False,,,,,,False,False,
20-scale full normalized objective,20,lunar_ice_sp50_020_006_seed829006,B1A_full_universe_root_audit,accepted_B1,B1A_full_universe_root_audit,,0,1048575,False,BPC_INCOMPLETE_PRICING,FEASIBLE_INCUMBENT_ONLY,INCOMPLETE_LIMIT,False,,,1.663893,lunar_ice_bpc.normalized_additive_objective.v1,normalized_operating_cost_risk_weighted_completion,5139.614546,192.035866967,7574.053405433,1680.0,False,3189.167339,122.228003,7704.718984,1156.158424,6393.282936,0.620507104,0.636485282,1.017251737,0.688189538,1.663893,1.663893,False,,False,,0,0,0,0,0,0,0,0,0,0,0,True,0,0,0,,0,0,False,False,0,,0,,False,0,,,,,,,,,,0,,0,0,0,0,0,0,0,0,0,0,,,0,0,0,0,0,0,0,0,0,0,,False,0,0,False,False,3.3e-05,dense RMP tableau precheck failed before loading active columns: estimated_cells=1099554619392 exceeds limit=50000000,,,True,b1a_full_universe_active_rmp,dense RMP tableau precheck failed before loading active columns: estimated_cells=1099554619392 exceeds limit=50000000,1048575,1099554619392,50000000,False,False,
20-scale full normalized objective,20,lunar_ice_sp50_020_006_seed829006,B1B_seeded_root_CG,accepted_B1,B1B_seeded_root_CG,,23,,False,BPC_GAP_AVAILABLE,BPC_NODE_LP_CERTIFIED,CERTIFIED_NO_NEGATIVE,True,b1_root_true_dual_pricing_closure,BPC_NODE_LP_CERTIFIED,1.663893,lunar_ice_bpc.normalized_additive_objective.v1,normalized_operating_cost_risk_weighted_completion,5139.614546,192.035866967,7574.053405433,1680.0,False,3189.167339,122.228003,7704.718984,1156.158424,6393.282936,0.620507104,0.636485282,1.017251737,0.688189538,1.663893,1.663893,False,1.663893,True,True,5,5,0,0,0,0,0,0,0,0,0,True,1154,1154,0,,0,0,True,True,0,,0,,False,0,,,,,,,,,,0,,0,0,0,0,0,0,0,0,0,0,,,0,0,0,0,0,0,0,0,0,0,,False,0,0,False,False,85.431918,,,,False,,,,,,False,False,
20-scale full normalized objective,20,lunar_ice_sp50_020_006_seed829006,B2_PRODUCT_EXACT_SOLVER,fixed_graph_direct_dp_product_exact,B2_PRODUCT_EXACT_SOLVER,,0,,False,DIRECT_DP_BASELINE_OPTIMAL,DIRECT_DP_FIXED_GRAPH_OPTIMAL,NOT_PRICED,False,,,1.663893,lunar_ice_bpc.normalized_additive_objective.v1,normalized_operating_cost_risk_weighted_completion,5139.614546,192.035866967,7574.053405433,1680.0,False,3189.167339,122.228003,7704.718984,1156.158424,6393.282936,0.620507104,0.636485282,1.017251737,0.688189538,1.663893,1.663893,False,,False,,0,0,0,0,0,0,0,0,0,0,0,True,0,0,0,,0,0,,,0,DIRECT_DP_FIXED_GRAPH_OPTIMAL,1,1.663893,True,1,,,,,,,,,,42319,,42319,0,0,11906,0,516973,0,0,0,0,,,0,0,0,0,0,0,0,0,0,0,,False,0,0,False,False,3e-05,,,,False,,,,,,False,False,
20-scale full normalized objective,20,lunar_ice_sp50_020_006_seed829006,B2A_full_universe_rc_audit_fast_path,B1A_full_universe_root_audit,B2A_full_universe_rc_audit_fast_path,,0,1048575,False,BPC_INCOMPLETE_PRICING,FEASIBLE_INCUMBENT_ONLY,INCOMPLETE_LIMIT,False,,,1.663893,lunar_ice_bpc.normalized_additive_objective.v1,normalized_operating_cost_risk_weighted_completion,5139.614546,192.035866967,7574.053405433,1680.0,False,3189.167339,122.228003,7704.718984,1156.158424,6393.282936,0.620507104,0.636485282,1.017251737,0.688189538,1.663893,1.663893,False,,False,,0,0,0,0,0,0,0,0,0,0,0,True,0,0,0,,0,0,False,False,0,,0,,False,0,0.0,,,,,0.0,0.0,,,0,,0,0,0,0,0,0,0,0,0,0,0.0,0.0,0,0,0,0,0,0,0,0,0,0,,False,0,0,False,False,7.5e-05,dense RMP tableau precheck failed before loading active columns: estimated_cells=1099554619392 exceeds limit=50000000,,,True,b2a_full_universe_active_rmp,dense RMP tableau precheck failed before loading active columns: estimated_cells=1099554619392 exceeds limit=50000000,1048575,1099554619392,50000000,False,False,final_judge_wall_time_lower
20-scale full normalized objective,20,lunar_ice_sp50_020_006_seed829006,B2B_seeded_tail_CG,B1B_seeded_root_CG,B2B_seeded_tail_CG,,23,,False,BPC_INCOMPLETE_PRICING,DIAGNOSTIC_PRICING_FRONTIER,INCOMPLETE_LIMIT,False,,,1.663893,lunar_ice_bpc.normalized_additive_objective.v1,normalized_operating_cost_risk_weighted_completion,5139.614546,192.035866967,7574.053405433,1680.0,False,3189.167339,122.228003,7704.718984,1156.158424,6393.282936,0.620507104,0.636485282,1.017251737,0.688189538,1.663893,1.663893,False,1.663893,False,True,8,8,9584,9584,0,0,0,0,0,461,461,True,461,461,0,,0,0,True,True,0,,0,,False,0,0.0,,,,,0.0,15.814266,,,0,,0,0,0,0,0,0,0,0,0,0,0.0,0.0,0,0,0,0,0,0,0,0,0,0,,False,0,0,False,False,126.810989,Stopped after max_rounds=8; B2B root no-negative proof is incomplete.,,,False,,,,,,True,False,final_judge_wall_time_lower
20-scale full normalized objective,20,lunar_ice_sp50_020_006_seed829006,B2B_R2_worker_before_final_judge,B1B_seeded_root_CG,B2B_R2_worker_before_final_judge,b2b_r2_lightweight_no_full_universe_enumeration,23,,False,BPC_INCOMPLETE_PRICING,DIAGNOSTIC_PRICING_FRONTIER,INCOMPLETE_LIMIT,False,,,1.663893,lunar_ice_bpc.normalized_additive_objective.v1,normalized_operating_cost_risk_weighted_completion,5139.614546,192.035866967,7574.053405433,1680.0,False,3189.167339,122.228003,7704.718984,1156.158424,6393.282936,0.620507104,0.636485282,1.017251737,0.688189538,1.663893,1.663893,False,1.663893,False,True,8,3,4135,4135,0,0,0,0,0,260,260,True,230,230,0,,946,0,True,True,0,,0,,False,0,0.058649,FOUND_NEGATIVE,master.reduced_cost_context,B2B_R2_worker_before_final_judge-root-8,3214f7511c1a01d0989a47afa094ea72cfbe5a1f59c53410ffa9cdb6336485e7,0.54994,46.597374,0.055498,0.055498,131809,545,131809,1607071,49857678,4994,36230,1607071,0,0,0,0,0.0,0.0,390,122,0,42319,8,7,7,1,0,5,WORKER_INCOMPLETE_LIMIT,False,131809,0,False,True,47.603375,Stopped after max_rounds=8; B2B_R2_worker_before_final_judge worker/final-judge root proof is incomplete.,,,False,,,,,,True,False,"wall_time_lower,final_judge_call_count_lower,final_judge_wall_time_lower,time_to_first_addable_negative_available,worker_found_addable_negative"
20-scale full normalized objective,20,lunar_ice_sp50_020_006_seed829006,B2B_R3_true_dual_negative_search_worker,B1B_seeded_root_CG,B2B_R3_true_dual_negative_search_worker,b2b_r3_lightweight_no_full_universe_enumeration,23,,False,BPC_INCOMPLETE_PRICING,DIAGNOSTIC_PRICING_FRONTIER,INCOMPLETE_LIMIT,False,,,1.663893,lunar_ice_bpc.normalized_additive_objective.v1,normalized_operating_cost_risk_weighted_completion,5139.614546,192.035866967,7574.053405433,1680.0,False,3189.167339,122.228003,7704.718984,1156.158424,6393.282936,0.620507104,0.636485282,1.017251737,0.688189538,1.663893,1.663893,False,1.663893,False,True,8,3,4135,4135,0,0,0,0,0,260,260,True,230,230,0,,946,0,True,True,0,,0,,False,0,0.057166,FOUND_NEGATIVE,master.reduced_cost_context,B2B_R3_true_dual_negative_search_worker-root-8,abdf784d4f20d1e7f8fab0711aa8810e3612edd54486c49481e24d44e5bc051e,0.5568,46.869136,0.055123,0.055123,131809,545,131809,1607071,49857678,4994,36230,1607071,0,0,0,0,0.0,0.0,390,122,0,42319,8,7,7,1,0,5,WORKER_INCOMPLETE_LIMIT,False,131809,0,False,True,47.82292,Stopped after max_rounds=8; B2B_R3_true_dual_negative_search_worker worker/final-judge root proof is incomplete.,,,False,,,,,,True,False,"wall_time_lower,final_judge_call_count_lower,final_judge_wall_time_lower,time_to_first_addable_negative_available,worker_found_addable_negative"
20-scale full normalized objective,20,lunar_ice_sp50_020_006_seed829006,B2C_limited_pricing_diagnostic,diagnostic_only_no_certificate,B2C_limited_pricing_diagnostic,,0,,False,BPC_INCOMPLETE_PRICING,DIAGNOSTIC_PRICING_FRONTIER,FOUND_NEGATIVE,False,,,1.663893,lunar_ice_bpc.normalized_additive_objective.v1,normalized_operating_cost_risk_weighted_completion,5139.614546,192.035866967,7574.053405433,1680.0,False,3189.167339,122.228003,7704.718984,1156.158424,6393.282936,0.620507104,0.636485282,1.017251737,0.688189538,1.663893,1.663893,False,,False,,0,0,1,0,0,0,0,0,0,0,0,True,0,0,0,,0,0,,,0,,0,,False,0,0.000364,,master.reduced_cost_context,B2C_limited_pricing_diagnostic-diagnostic-root,72c157a74d07212f0b4aed3bc2be97f6cab3db78db54b405394542915bc2304b,1.514829,0.0,1.514829,,587,587,587,0,2635,9,8,280982,0,0,0,0,,,0,8,0,0,0,0,0,0,0,0,FOUND_NEGATIVE,False,0,0,False,False,1.532221,B2C_limited_pricing_diagnostic: limited pricing diagnostic cannot certify no-negative or provide an official bound.,,,False,,,,,,False,False,
20-scale full normalized objective,20,lunar_ice_sp50_020_006_seed829006,B2D_proof_tail_kernel_profile,diagnostic_only_no_certificate,B2D_proof_tail_kernel_profile,,0,,False,BPC_INCOMPLETE_PRICING,DIAGNOSTIC_PRICING_FRONTIER,FOUND_NEGATIVE,False,,,1.663893,lunar_ice_bpc.normalized_additive_objective.v1,normalized_operating_cost_risk_weighted_completion,5139.614546,192.035866967,7574.053405433,1680.0,False,3189.167339,122.228003,7704.718984,1156.158424,6393.282936,0.620507104,0.636485282,1.017251737,0.688189538,1.663893,1.663893,False,,False,,0,0,1,0,0,0,0,0,0,0,0,True,0,0,0,,0,0,,,0,,0,,False,0,0.000282,,master.reduced_cost_context,B2D_proof_tail_kernel_profile-diagnostic-root,28e077c561d2caadf8dfa12b059567c5522cb462fad2d16506f057af85a20846,1.507175,0.0,1.507175,,587,587,587,0,2635,9,8,280982,0,0,0,0,,,0,8,0,0,0,0,0,0,0,0,FOUND_NEGATIVE,False,0,0,False,True,1.523691,B2D_proof_tail_kernel_profile: limited pricing diagnostic cannot certify no-negative or provide an official bound.,,,False,,,,,,False,False,
20-scale full normalized objective,20,lunar_ice_sp50_020_008_seed829008,B0_pure_direct_dp,fixed_graph_direct_dp_oracle,B0_pure_direct_dp,,0,,False,DIRECT_DP_BASELINE_OPTIMAL,DIRECT_DP_FIXED_GRAPH_OPTIMAL,,False,,,1.632942,lunar_ice_bpc.normalized_additive_objective.v1,normalized_operating_cost_risk_weighted_completion,4966.000895,182.788358896,6252.834645989,1680.0,False,2965.364179,115.322716,6329.453819,1111.922762,5612.468423,0.597133235,0.630908427,1.01225351,0.661858787,1.632943,1.632942,False,,False,,0,0,0,0,0,0,0,0,0,0,0,True,0,0,0,,0,0,,,0,,0,,False,0,,,,,,,,,,0,,0,0,0,0,0,0,0,0,0,0,,,0,0,0,0,0,0,0,0,0,0,,False,0,0,False,False,61.174129,,,,False,,,,,,False,False,
20-scale full normalized objective,20,lunar_ice_sp50_020_008_seed829008,B1A_full_universe_root_audit,accepted_B1,B1A_full_universe_root_audit,,0,1048575,False,BPC_INCOMPLETE_PRICING,FEASIBLE_INCUMBENT_ONLY,INCOMPLETE_LIMIT,False,,,1.632942,lunar_ice_bpc.normalized_additive_objective.v1,normalized_operating_cost_risk_weighted_completion,4966.000895,182.788358896,6252.834645989,1680.0,False,2965.364179,115.322716,6329.453819,1111.922762,5612.468423,0.597133235,0.630908427,1.01225351,0.661858787,1.632943,1.632942,False,,False,,0,0,0,0,0,0,0,0,0,0,0,True,0,0,0,,0,0,False,False,0,,0,,False,0,,,,,,,,,,0,,0,0,0,0,0,0,0,0,0,0,,,0,0,0,0,0,0,0,0,0,0,,False,0,0,False,False,3.9e-05,dense RMP tableau precheck failed before loading active columns: estimated_cells=1099554619392 exceeds limit=50000000,,,True,b1a_full_universe_active_rmp,dense RMP tableau precheck failed before loading active columns: estimated_cells=1099554619392 exceeds limit=50000000,1048575,1099554619392,50000000,False,False,
20-scale full normalized objective,20,lunar_ice_sp50_020_008_seed829008,B1B_seeded_root_CG,accepted_B1,B1B_seeded_root_CG,,23,,False,BPC_GAP_AVAILABLE,BPC_NODE_LP_CERTIFIED,CERTIFIED_NO_NEGATIVE,True,b1_root_true_dual_pricing_closure,BPC_NODE_LP_CERTIFIED,1.632942,lunar_ice_bpc.normalized_additive_objective.v1,normalized_operating_cost_risk_weighted_completion,4966.000895,182.788358896,6252.834645989,1680.0,False,2965.364179,115.322716,6329.453819,1111.922762,5612.468423,0.597133235,0.630908427,1.01225351,0.661858787,1.632943,1.632942,False,1.632942,True,True,7,7,0,0,0,0,0,0,0,0,0,True,1624,1624,0,,0,0,True,True,0,,0,,False,0,,,,,,,,,,0,,0,0,0,0,0,0,0,0,0,0,,,0,0,0,0,0,0,0,0,0,0,,False,0,0,False,False,453.698161,,,,False,,,,,,False,False,
20-scale full normalized objective,20,lunar_ice_sp50_020_008_seed829008,B2_PRODUCT_EXACT_SOLVER,fixed_graph_direct_dp_product_exact,B2_PRODUCT_EXACT_SOLVER,,0,,False,DIRECT_DP_BASELINE_OPTIMAL,DIRECT_DP_FIXED_GRAPH_OPTIMAL,NOT_PRICED,False,,,1.632942,lunar_ice_bpc.normalized_additive_objective.v1,normalized_operating_cost_risk_weighted_completion,4966.000895,182.788358896,6252.834645989,1680.0,False,2965.364179,115.322716,6329.453819,1111.922762,5612.468423,0.597133235,0.630908427,1.01225351,0.661858787,1.632943,1.632942,False,,False,,0,0,0,0,0,0,0,0,0,0,0,True,0,0,0,,0,0,,,0,DIRECT_DP_FIXED_GRAPH_OPTIMAL,1,1.632942,True,1,,,,,,,,,,57994,,57994,0,0,18391,0,3031891,0,0,0,0,,,0,0,0,0,0,0,0,0,0,0,,False,0,0,False,False,1.9e-05,,,,False,,,,,,False,False,
20-scale full normalized objective,20,lunar_ice_sp50_020_008_seed829008,B2A_full_universe_rc_audit_fast_path,B1A_full_universe_root_audit,B2A_full_universe_rc_audit_fast_path,,0,1048575,False,BPC_INCOMPLETE_PRICING,FEASIBLE_INCUMBENT_ONLY,INCOMPLETE_LIMIT,False,,,1.632942,lunar_ice_bpc.normalized_additive_objective.v1,normalized_operating_cost_risk_weighted_completion,4966.000895,182.788358896,6252.834645989,1680.0,False,2965.364179,115.322716,6329.453819,1111.922762,5612.468423,0.597133235,0.630908427,1.01225351,0.661858787,1.632943,1.632942,False,,False,,0,0,0,0,0,0,0,0,0,0,0,True,0,0,0,,0,0,False,False,0,,0,,False,0,0.0,,,,,0.0,0.0,,,0,,0,0,0,0,0,0,0,0,0,0,0.0,0.0,0,0,0,0,0,0,0,0,0,0,,False,0,0,False,False,7.3e-05,dense RMP tableau precheck failed before loading active columns: estimated_cells=1099554619392 exceeds limit=50000000,,,True,b2a_full_universe_active_rmp,dense RMP tableau precheck failed before loading active columns: estimated_cells=1099554619392 exceeds limit=50000000,1048575,1099554619392,50000000,False,False,final_judge_wall_time_lower
20-scale full normalized objective,20,lunar_ice_sp50_020_008_seed829008,B2B_seeded_tail_CG,B1B_seeded_root_CG,B2B_seeded_tail_CG,,23,,False,BPC_INCOMPLETE_PRICING,DIAGNOSTIC_PRICING_FRONTIER,INCOMPLETE_LIMIT,False,,,1.632942,lunar_ice_bpc.normalized_additive_objective.v1,normalized_operating_cost_risk_weighted_completion,4966.000895,182.788358896,6252.834645989,1680.0,False,2965.364179,115.322716,6329.453819,1111.922762,5612.468423,0.597133235,0.630908427,1.01225351,0.661858787,1.632943,1.632942,False,1.632942,False,True,8,8,11695,11695,0,0,0,0,0,409,409,True,409,409,0,,0,0,True,True,0,,0,,False,0,0.0,,,,,0.0,62.39117,,,0,,0,0,0,0,0,0,0,0,0,0,0.0,0.0,0,0,0,0,0,0,0,0,0,0,,False,0,0,False,False,500.652864,Stopped after max_rounds=8; B2B root no-negative proof is incomplete.,,,False,,,,,,True,False,final_judge_wall_time_lower
20-scale full normalized objective,20,lunar_ice_sp50_020_008_seed829008,B2B_R2_worker_before_final_judge,B1B_seeded_root_CG,B2B_R2_worker_before_final_judge,b2b_r2_lightweight_no_full_universe_enumeration,23,,False,BPC_INCOMPLETE_PRICING,DIAGNOSTIC_PRICING_FRONTIER,INCOMPLETE_LIMIT,False,,,1.632942,lunar_ice_bpc.normalized_additive_objective.v1,normalized_operating_cost_risk_weighted_completion,4966.000895,182.788358896,6252.834645989,1680.0,False,2965.364179,115.322716,6329.453819,1111.922762,5612.468423,0.597133235,0.630908427,1.01225351,0.661858787,1.632943,1.632942,False,1.632942,False,True,8,3,4376,4376,0,0,0,0,0,249,249,True,225,225,0,,3423,0,True,True,0,,0,,False,0,0.073481,FOUND_NEGATIVE,master.reduced_cost_context,B2B_R2_worker_before_final_judge-root-8,8ecf2c3af5990b9a22929bdea3c1b67ad593c28e11ed22a77b576b4e7546f3d6,0.464129,187.74243,0.048943,0.048943,177489,397,177489,9139173,139032886,5255,55685,9139173,0,0,0,0,0.0,0.0,384,128,0,57994,8,6,6,2,0,5,WORKER_INCOMPLETE_LIMIT,False,177489,0,False,True,188.640757,Stopped after max_rounds=8; B2B_R2_worker_before_final_judge worker/final-judge root proof is incomplete.,,,False,,,,,,True,False,"wall_time_lower,final_judge_call_count_lower,final_judge_wall_time_lower,time_to_first_addable_negative_available,worker_found_addable_negative"
20-scale full normalized objective,20,lunar_ice_sp50_020_008_seed829008,B2B_R3_true_dual_negative_search_worker,B1B_seeded_root_CG,B2B_R3_true_dual_negative_search_worker,b2b_r3_lightweight_no_full_universe_enumeration,23,,False,BPC_INCOMPLETE_PRICING,DIAGNOSTIC_PRICING_FRONTIER,INCOMPLETE_LIMIT,False,,,1.632942,lunar_ice_bpc.normalized_additive_objective.v1,normalized_operating_cost_risk_weighted_completion,4966.000895,182.788358896,6252.834645989,1680.0,False,2965.364179,115.322716,6329.453819,1111.922762,5612.468423,0.597133235,0.630908427,1.01225351,0.661858787,1.632943,1.632942,False,1.632942,False,True,8,3,4376,4376,0,0,0,0,0,249,249,True,225,225,0,,3423,0,True,True,0,,0,,False,0,0.074551,FOUND_NEGATIVE,master.reduced_cost_context,B2B_R3_true_dual_negative_search_worker-root-8,cc32a4b2ac9457ef251db5f6b06f3d1873bd57f917da8909785321896d6e074e,0.46274,188.550365,0.046917,0.046917,177489,397,177489,9139173,139032886,5255,55685,9139173,0,0,0,0,0.0,0.0,384,128,0,57994,8,6,6,2,0,5,WORKER_INCOMPLETE_LIMIT,False,177489,0,False,True,189.442367,Stopped after max_rounds=8; B2B_R3_true_dual_negative_search_worker worker/final-judge root proof is incomplete.,,,False,,,,,,True,False,"wall_time_lower,final_judge_call_count_lower,final_judge_wall_time_lower,time_to_first_addable_negative_available,worker_found_addable_negative"
20-scale full normalized objective,20,lunar_ice_sp50_020_008_seed829008,B2C_limited_pricing_diagnostic,diagnostic_only_no_certificate,B2C_limited_pricing_diagnostic,,0,,False,BPC_INCOMPLETE_PRICING,DIAGNOSTIC_PRICING_FRONTIER,FOUND_NEGATIVE,False,,,1.632942,lunar_ice_bpc.normalized_additive_objective.v1,normalized_operating_cost_risk_weighted_completion,4966.000895,182.788358896,6252.834645989,1680.0,False,2965.364179,115.322716,6329.453819,1111.922762,5612.468423,0.597133235,0.630908427,1.01225351,0.661858787,1.632943,1.632942,False,,False,,0,0,4,0,0,0,0,0,0,0,0,True,0,0,0,,0,0,,,0,,0,,False,0,0.000339,,master.reduced_cost_context,B2C_limited_pricing_diagnostic-diagnostic-root,516f5fb515669eabab601a47c6bf4d9fefe30bf3d3dd3303592666a6d456f793,1.520042,0.0,1.520042,,498,498,498,0,4807,11,8,266628,0,0,0,0,,,0,8,0,0,0,0,0,0,0,0,FOUND_NEGATIVE,False,0,0,False,False,1.535573,B2C_limited_pricing_diagnostic: limited pricing diagnostic cannot certify no-negative or provide an official bound.,,,False,,,,,,False,False,
20-scale full normalized objective,20,lunar_ice_sp50_020_008_seed829008,B2D_proof_tail_kernel_profile,diagnostic_only_no_certificate,B2D_proof_tail_kernel_profile,,0,,False,BPC_INCOMPLETE_PRICING,DIAGNOSTIC_PRICING_FRONTIER,FOUND_NEGATIVE,False,,,1.632942,lunar_ice_bpc.normalized_additive_objective.v1,normalized_operating_cost_risk_weighted_completion,4966.000895,182.788358896,6252.834645989,1680.0,False,2965.364179,115.322716,6329.453819,1111.922762,5612.468423,0.597133235,0.630908427,1.01225351,0.661858787,1.632943,1.632942,False,,False,,0,0,4,0,0,0,0,0,0,0,0,True,0,0,0,,0,0,,,0,,0,,False,0,0.00033,,master.reduced_cost_context,B2D_proof_tail_kernel_profile-diagnostic-root,053e3d4a62b1555092267d5ffb1df11413e278f144b6f808f26593488ba64f10,1.538234,0.0,1.538234,,498,498,498,0,4807,11,8,266628,0,0,0,0,,,0,8,0,0,0,0,0,0,0,0,FOUND_NEGATIVE,False,0,0,False,True,1.554659,B2D_proof_tail_kernel_profile: limited pricing diagnostic cannot certify no-negative or provide an official bound.,,,False,,,,,,False,False,
20-scale full normalized objective,20,lunar_ice_sp50_020_009_seed829009,B0_pure_direct_dp,fixed_graph_direct_dp_oracle,B0_pure_direct_dp,,0,,False,DIRECT_DP_BASELINE_OPTIMAL,DIRECT_DP_FIXED_GRAPH_OPTIMAL,,False,,,1.893717,lunar_ice_bpc.normalized_additive_objective.v1,normalized_operating_cost_risk_weighted_completion,4873.801336,184.313377657,6704.362166051,1680.0,False,3588.029749,138.577524,6799.42464,1062.842533,6446.377129,0.736187116,0.751858198,1.014179197,0.632644365,1.893717,1.893717,False,,False,,0,0,0,0,0,0,0,0,0,0,0,True,0,0,0,,0,0,,,0,,0,,False,0,,,,,,,,,,0,,0,0,0,0,0,0,0,0,0,0,,,0,0,0,0,0,0,0,0,0,0,,False,0,0,False,False,19.034343,,,,False,,,,,,False,False,
20-scale full normalized objective,20,lunar_ice_sp50_020_009_seed829009,B1A_full_universe_root_audit,accepted_B1,B1A_full_universe_root_audit,,0,1048575,False,BPC_INCOMPLETE_PRICING,FEASIBLE_INCUMBENT_ONLY,INCOMPLETE_LIMIT,False,,,1.893717,lunar_ice_bpc.normalized_additive_objective.v1,normalized_operating_cost_risk_weighted_completion,4873.801336,184.313377657,6704.362166051,1680.0,False,3588.029749,138.577524,6799.42464,1062.842533,6446.377129,0.736187116,0.751858198,1.014179197,0.632644365,1.893717,1.893717,False,,False,,0,0,0,0,0,0,0,0,0,0,0,True,0,0,0,,0,0,False,False,0,,0,,False,0,,,,,,,,,,0,,0,0,0,0,0,0,0,0,0,0,,,0,0,0,0,0,0,0,0,0,0,,False,0,0,False,False,3.5e-05,dense RMP tableau precheck failed before loading active columns: estimated_cells=1099554619392 exceeds limit=50000000,,,True,b1a_full_universe_active_rmp,dense RMP tableau precheck failed before loading active columns: estimated_cells=1099554619392 exceeds limit=50000000,1048575,1099554619392,50000000,False,False,
20-scale full normalized objective,20,lunar_ice_sp50_020_009_seed829009,B1B_seeded_root_CG,accepted_B1,B1B_seeded_root_CG,,23,,False,BPC_GAP_AVAILABLE,BPC_NODE_LP_CERTIFIED,CERTIFIED_NO_NEGATIVE,True,b1_root_true_dual_pricing_closure,BPC_NODE_LP_CERTIFIED,1.893717,lunar_ice_bpc.normalized_additive_objective.v1,normalized_operating_cost_risk_weighted_completion,4873.801336,184.313377657,6704.362166051,1680.0,False,3588.029749,138.577524,6799.42464,1062.842533,6446.377129,0.736187116,0.751858198,1.014179197,0.632644365,1.893717,1.893717,False,1.891169,True,True,6,6,0,0,0,0,0,0,0,0,0,True,1281,1281,0,,0,0,True,True,0,,0,,False,0,,,,,,,,,,0,,0,0,0,0,0,0,0,0,0,0,,,0,0,0,0,0,0,0,0,0,0,,False,0,0,False,False,131.725468,,,,False,,,,,,False,False,
20-scale full normalized objective,20,lunar_ice_sp50_020_009_seed829009,B2_PRODUCT_EXACT_SOLVER,fixed_graph_direct_dp_product_exact,B2_PRODUCT_EXACT_SOLVER,,0,,False,DIRECT_DP_BASELINE_OPTIMAL,DIRECT_DP_FIXED_GRAPH_OPTIMAL,NOT_PRICED,False,,,1.893717,lunar_ice_bpc.normalized_additive_objective.v1,normalized_operating_cost_risk_weighted_completion,4873.801336,184.313377657,6704.362166051,1680.0,False,3588.029749,138.577524,6799.42464,1062.842533,6446.377129,0.736187116,0.751858198,1.014179197,0.632644365,1.893717,1.893717,False,,False,,0,0,0,0,0,0,0,0,0,0,0,True,0,0,0,,0,0,,,0,DIRECT_DP_FIXED_GRAPH_OPTIMAL,1,1.893717,True,1,,,,,,,,,,41776,,41776,0,0,12030,0,697591,0,0,0,0,,,0,0,0,0,0,0,0,0,0,0,,False,0,0,False,False,2e-05,,,,False,,,,,,False,False,
20-scale full normalized objective,20,lunar_ice_sp50_020_009_seed829009,B2A_full_universe_rc_audit_fast_path,B1A_full_universe_root_audit,B2A_full_universe_rc_audit_fast_path,,0,1048575,False,BPC_INCOMPLETE_PRICING,FEASIBLE_INCUMBENT_ONLY,INCOMPLETE_LIMIT,False,,,1.893717,lunar_ice_bpc.normalized_additive_objective.v1,normalized_operating_cost_risk_weighted_completion,4873.801336,184.313377657,6704.362166051,1680.0,False,3588.029749,138.577524,6799.42464,1062.842533,6446.377129,0.736187116,0.751858198,1.014179197,0.632644365,1.893717,1.893717,False,,False,,0,0,0,0,0,0,0,0,0,0,0,True,0,0,0,,0,0,False,False,0,,0,,False,0,0.0,,,,,0.0,0.0,,,0,,0,0,0,0,0,0,0,0,0,0,0.0,0.0,0,0,0,0,0,0,0,0,0,0,,False,0,0,False,False,7.5e-05,dense RMP tableau precheck failed before loading active columns: estimated_cells=1099554619392 exceeds limit=50000000,,,True,b2a_full_universe_active_rmp,dense RMP tableau precheck failed before loading active columns: estimated_cells=1099554619392 exceeds limit=50000000,1048575,1099554619392,50000000,False,False,final_judge_wall_time_lower
20-scale full normalized objective,20,lunar_ice_sp50_020_009_seed829009,B2B_seeded_tail_CG,B1B_seeded_root_CG,B2B_seeded_tail_CG,,23,,False,BPC_INCOMPLETE_PRICING,DIAGNOSTIC_PRICING_FRONTIER,INCOMPLETE_LIMIT,False,,,1.893717,lunar_ice_bpc.normalized_additive_objective.v1,normalized_operating_cost_risk_weighted_completion,4873.801336,184.313377657,6704.362166051,1680.0,False,3588.029749,138.577524,6799.42464,1062.842533,6446.377129,0.736187116,0.751858198,1.014179197,0.632644365,1.893717,1.893717,False,1.893717,False,True,8,8,15568,15568,0,0,0,0,0,512,512,True,512,512,0,,0,0,True,True,0,,0,,False,0,0.0,,,,,0.0,19.969753,,,0,,0,0,0,0,0,0,0,0,0,0,0.0,0.0,0,0,0,0,0,0,0,0,0,0,,False,0,0,False,False,161.140345,Stopped after max_rounds=8; B2B root no-negative proof is incomplete.,,,False,,,,,,True,True,final_judge_wall_time_lower
20-scale full normalized objective,20,lunar_ice_sp50_020_009_seed829009,B2B_R2_worker_before_final_judge,B1B_seeded_root_CG,B2B_R2_worker_before_final_judge,b2b_r2_lightweight_no_full_universe_enumeration,23,,False,BPC_INCOMPLETE_PRICING,DIAGNOSTIC_PRICING_FRONTIER,INCOMPLETE_LIMIT,False,,,1.893717,lunar_ice_bpc.normalized_additive_objective.v1,normalized_operating_cost_risk_weighted_completion,4873.801336,184.313377657,6704.362166051,1680.0,False,3588.029749,138.577524,6799.42464,1062.842533,6446.377129,0.736187116,0.751858198,1.014179197,0.632644365,1.893717,1.893717,False,1.893717,False,True,8,3,6272,6272,0,0,0,0,0,268,268,True,236,236,0,,3327,0,True,True,0,,0,,False,0,0.097375,LOCAL_NO_COLUMN_UNCERTIFIED,master.reduced_cost_context,B2B_R2_worker_before_final_judge-root-8,1012baabd7bf69b9313e1c871dd77a5927829be99c969ffc3e657407b65f0020,0.520422,58.765963,0.053873,0.053873,129040,420,129040,2152001,55869799,7148,36602,2152001,0,0,0,0,0.0,0.0,380,132,0,41776,8,6,6,2,0,5,WORKER_INCOMPLETE_LIMIT,False,129040,0,False,True,59.913469,Stopped after max_rounds=8; B2B_R2_worker_before_final_judge worker/final-judge root proof is incomplete.,,,False,,,,,,True,True,"wall_time_lower,final_judge_call_count_lower,final_judge_wall_time_lower,time_to_first_addable_negative_available,worker_found_addable_negative"
20-scale full normalized objective,20,lunar_ice_sp50_020_009_seed829009,B2B_R3_true_dual_negative_search_worker,B1B_seeded_root_CG,B2B_R3_true_dual_negative_search_worker,b2b_r3_lightweight_no_full_universe_enumeration,23,,False,BPC_INCOMPLETE_PRICING,DIAGNOSTIC_PRICING_FRONTIER,INCOMPLETE_LIMIT,False,,,1.893717,lunar_ice_bpc.normalized_additive_objective.v1,normalized_operating_cost_risk_weighted_completion,4873.801336,184.313377657,6704.362166051,1680.0,False,3588.029749,138.577524,6799.42464,1062.842533,6446.377129,0.736187116,0.751858198,1.014179197,0.632644365,1.893717,1.893717,False,1.893717,False,True,8,3,6272,6272,0,0,0,0,0,268,268,True,236,236,0,,3327,0,True,True,0,,0,,False,0,0.09956,LOCAL_NO_COLUMN_UNCERTIFIED,master.reduced_cost_context,B2B_R3_true_dual_negative_search_worker-root-8,eeaa7fd4f0252e1af1adb96c72dd4a78add39bfe7e895b73b48ea888187c8f75,0.526628,58.226137,0.054502,0.054502,129040,420,129040,2152001,55869799,7148,36602,2152001,0,0,0,0,0.0,0.0,380,132,0,41776,8,6,6,2,0,5,WORKER_INCOMPLETE_LIMIT,False,129040,0,False,True,59.256624,Stopped after max_rounds=8; B2B_R3_true_dual_negative_search_worker worker/final-judge root proof is incomplete.,,,False,,,,,,True,True,"wall_time_lower,final_judge_call_count_lower,final_judge_wall_time_lower,time_to_first_addable_negative_available,worker_found_addable_negative"
20-scale full normalized objective,20,lunar_ice_sp50_020_009_seed829009,B2C_limited_pricing_diagnostic,diagnostic_only_no_certificate,B2C_limited_pricing_diagnostic,,0,,False,BPC_INCOMPLETE_PRICING,DIAGNOSTIC_PRICING_FRONTIER,FOUND_NEGATIVE,False,,,1.893717,lunar_ice_bpc.normalized_additive_objective.v1,normalized_operating_cost_risk_weighted_completion,4873.801336,184.313377657,6704.362166051,1680.0,False,3588.029749,138.577524,6799.42464,1062.842533,6446.377129,0.736187116,0.751858198,1.014179197,0.632644365,1.893717,1.893717,False,,False,,0,0,1,0,0,0,0,0,0,0,0,True,0,0,0,,0,0,,,0,,0,,False,0,0.000327,,master.reduced_cost_context,B2C_limited_pricing_diagnostic-diagnostic-root,05f316d46a28ca649c5fc9f544218b358b18119e99c144c14fb96ddccff0b42c,1.275049,0.0,1.275049,,473,473,473,0,3531,11,8,230567,0,0,0,0,,,0,8,0,0,0,0,0,0,0,0,FOUND_NEGATIVE,False,0,0,False,False,1.291223,B2C_limited_pricing_diagnostic: limited pricing diagnostic cannot certify no-negative or provide an official bound.,,,False,,,,,,False,False,
20-scale full normalized objective,20,lunar_ice_sp50_020_009_seed829009,B2D_proof_tail_kernel_profile,diagnostic_only_no_certificate,B2D_proof_tail_kernel_profile,,0,,False,BPC_INCOMPLETE_PRICING,DIAGNOSTIC_PRICING_FRONTIER,FOUND_NEGATIVE,False,,,1.893717,lunar_ice_bpc.normalized_additive_objective.v1,normalized_operating_cost_risk_weighted_completion,4873.801336,184.313377657,6704.362166051,1680.0,False,3588.029749,138.577524,6799.42464,1062.842533,6446.377129,0.736187116,0.751858198,1.014179197,0.632644365,1.893717,1.893717,False,,False,,0,0,1,0,0,0,0,0,0,0,0,True,0,0,0,,0,0,,,0,,0,,False,0,0.000321,,master.reduced_cost_context,B2D_proof_tail_kernel_profile-diagnostic-root,3cce9ef10a4f034bad8a350665498d1df1387b52a8768554247e23f2bd75a8f3,1.270632,0.0,1.270632,,473,473,473,0,3531,11,8,230567,0,0,0,0,,,0,8,0,0,0,0,0,0,0,0,FOUND_NEGATIVE,False,0,0,False,True,1.287068,B2D_proof_tail_kernel_profile: limited pricing diagnostic cannot certify no-negative or provide an official bound.,,,False,,,,,,False,False,
20-scale full normalized objective,20,lunar_ice_sp50_020_010_seed829010,B0_pure_direct_dp,fixed_graph_direct_dp_oracle,B0_pure_direct_dp,,0,,False,DIRECT_DP_BASELINE_OPTIMAL,DIRECT_DP_FIXED_GRAPH_OPTIMAL,,False,,,1.63639,lunar_ice_bpc.normalized_additive_objective.v1,normalized_operating_cost_risk_weighted_completion,4842.59149,173.604532357,6510.555504182,1680.0,False,2912.410126,109.936597,6538.491152,1081.899833,5637.743184,0.601415612,0.633258795,1.004290824,0.643987996,1.636391,1.63639,False,,False,,0,0,0,0,0,0,0,0,0,0,0,True,0,0,0,,0,0,,,0,,0,,False,0,,,,,,,,,,0,,0,0,0,0,0,0,0,0,0,0,,,0,0,0,0,0,0,0,0,0,0,,False,0,0,False,False,44.280573,,,,False,,,,,,False,False,
20-scale full normalized objective,20,lunar_ice_sp50_020_010_seed829010,B1A_full_universe_root_audit,accepted_B1,B1A_full_universe_root_audit,,0,1048575,False,BPC_INCOMPLETE_PRICING,FEASIBLE_INCUMBENT_ONLY,INCOMPLETE_LIMIT,False,,,1.63639,lunar_ice_bpc.normalized_additive_objective.v1,normalized_operating_cost_risk_weighted_completion,4842.59149,173.604532357,6510.555504182,1680.0,False,2912.410126,109.936597,6538.491152,1081.899833,5637.743184,0.601415612,0.633258795,1.004290824,0.643987996,1.636391,1.63639,False,,False,,0,0,0,0,0,0,0,0,0,0,0,True,0,0,0,,0,0,False,False,0,,0,,False,0,,,,,,,,,,0,,0,0,0,0,0,0,0,0,0,0,,,0,0,0,0,0,0,0,0,0,0,,False,0,0,False,False,4e-05,dense RMP tableau precheck failed before loading active columns: estimated_cells=1099554619392 exceeds limit=50000000,,,True,b1a_full_universe_active_rmp,dense RMP tableau precheck failed before loading active columns: estimated_cells=1099554619392 exceeds limit=50000000,1048575,1099554619392,50000000,False,False,
20-scale full normalized objective,20,lunar_ice_sp50_020_010_seed829010,B1B_seeded_root_CG,accepted_B1,B1B_seeded_root_CG,,23,,False,BPC_GAP_AVAILABLE,BPC_NODE_LP_CERTIFIED,CERTIFIED_NO_NEGATIVE,True,b1_root_true_dual_pricing_closure,BPC_NODE_LP_CERTIFIED,1.63639,lunar_ice_bpc.normalized_additive_objective.v1,normalized_operating_cost_risk_weighted_completion,4842.59149,173.604532357,6510.555504182,1680.0,False,2912.410126,109.936597,6538.491152,1081.899833,5637.743184,0.601415612,0.633258795,1.004290824,0.643987996,1.636391,1.63639,False,1.625919,True,True,5,5,0,0,0,0,0,0,0,0,0,True,1318,1318,0,,0,0,True,True,0,,0,,False,0,,,,,,,,,,0,,0,0,0,0,0,0,0,0,0,0,,,0,0,0,0,0,0,0,0,0,0,,False,0,0,False,False,233.886766,,,,False,,,,,,False,False,
20-scale full normalized objective,20,lunar_ice_sp50_020_010_seed829010,B2_PRODUCT_EXACT_SOLVER,fixed_graph_direct_dp_product_exact,B2_PRODUCT_EXACT_SOLVER,,0,,False,DIRECT_DP_BASELINE_OPTIMAL,DIRECT_DP_FIXED_GRAPH_OPTIMAL,NOT_PRICED,False,,,1.63639,lunar_ice_bpc.normalized_additive_objective.v1,normalized_operating_cost_risk_weighted_completion,4842.59149,173.604532357,6510.555504182,1680.0,False,2912.410126,109.936597,6538.491152,1081.899833,5637.743184,0.601415612,0.633258795,1.004290824,0.643987996,1.636391,1.63639,False,,False,,0,0,0,0,0,0,0,0,0,0,0,True,0,0,0,,0,0,,,0,DIRECT_DP_FIXED_GRAPH_OPTIMAL,1,1.63639,True,1,,,,,,,,,,93184,,93184,0,0,22217,0,1718165,0,0,0,0,,,0,0,0,0,0,0,0,0,0,0,,False,0,0,False,False,1.7e-05,,,,False,,,,,,False,False,
20-scale full normalized objective,20,lunar_ice_sp50_020_010_seed829010,B2A_full_universe_rc_audit_fast_path,B1A_full_universe_root_audit,B2A_full_universe_rc_audit_fast_path,,0,1048575,False,BPC_INCOMPLETE_PRICING,FEASIBLE_INCUMBENT_ONLY,INCOMPLETE_LIMIT,False,,,1.63639,lunar_ice_bpc.normalized_additive_objective.v1,normalized_operating_cost_risk_weighted_completion,4842.59149,173.604532357,6510.555504182,1680.0,False,2912.410126,109.936597,6538.491152,1081.899833,5637.743184,0.601415612,0.633258795,1.004290824,0.643987996,1.636391,1.63639,False,,False,,0,0,0,0,0,0,0,0,0,0,0,True,0,0,0,,0,0,False,False,0,,0,,False,0,0.0,,,,,0.0,0.0,,,0,,0,0,0,0,0,0,0,0,0,0,0.0,0.0,0,0,0,0,0,0,0,0,0,0,,False,0,0,False,False,8e-05,dense RMP tableau precheck failed before loading active columns: estimated_cells=1099554619392 exceeds limit=50000000,,,True,b2a_full_universe_active_rmp,dense RMP tableau precheck failed before loading active columns: estimated_cells=1099554619392 exceeds limit=50000000,1048575,1099554619392,50000000,False,False,final_judge_wall_time_lower
20-scale full normalized objective,20,lunar_ice_sp50_020_010_seed829010,B2B_seeded_tail_CG,B1B_seeded_root_CG,B2B_seeded_tail_CG,,23,,False,BPC_INCOMPLETE_PRICING,DIAGNOSTIC_PRICING_FRONTIER,INCOMPLETE_LIMIT,False,,,1.63639,lunar_ice_bpc.normalized_additive_objective.v1,normalized_operating_cost_risk_weighted_completion,4842.59149,173.604532357,6510.555504182,1680.0,False,2912.410126,109.936597,6538.491152,1081.899833,5637.743184,0.601415612,0.633258795,1.004290824,0.643987996,1.636391,1.63639,False,1.632163,False,True,8,8,16650,16650,0,0,0,0,0,512,512,True,512,512,0,,0,0,True,True,0,,0,,False,0,0.0,,,,,0.0,45.798133,,,0,,0,0,0,0,0,0,0,0,0,0,0.0,0.0,0,0,0,0,0,0,0,0,0,0,,False,0,0,False,False,364.334535,Stopped after max_rounds=8; B2B root no-negative proof is incomplete.,,,False,,,,,,True,True,final_judge_wall_time_lower
20-scale full normalized objective,20,lunar_ice_sp50_020_010_seed829010,B2B_R2_worker_before_final_judge,B1B_seeded_root_CG,B2B_R2_worker_before_final_judge,b2b_r2_lightweight_no_full_universe_enumeration,23,,False,BPC_INCOMPLETE_PRICING,DIAGNOSTIC_PRICING_FRONTIER,INCOMPLETE_LIMIT,False,,,1.63639,lunar_ice_bpc.normalized_additive_objective.v1,normalized_operating_cost_risk_weighted_completion,4842.59149,173.604532357,6510.555504182,1680.0,False,2912.410126,109.936597,6538.491152,1081.899833,5637.743184,0.601415612,0.633258795,1.004290824,0.643987996,1.636391,1.63639,False,1.63639,False,True,8,2,6428,6428,0,0,0,0,0,201,201,True,170,170,0,,0,0,True,True,0,,0,,False,0,0.042703,FOUND_NEGATIVE,master.reduced_cost_context,B2B_R2_worker_before_final_judge-root-8,87dc393528bc4ed98f351adae281ca5ea2296c5d6616c834dbf31f5ef3effd16,0.651295,89.36939,0.066848,0.066848,190929,536,190929,3503733,89290260,7289,44946,3503733,0,0,0,0,0.0,0.0,386,126,0,93184,8,8,8,0,0,6,WORKER_INCOMPLETE_LIMIT,False,190929,0,False,True,90.406529,Stopped after max_rounds=8; B2B_R2_worker_before_final_judge worker/final-judge root proof is incomplete.,,,False,,,,,,True,True,"wall_time_lower,final_judge_call_count_lower,final_judge_wall_time_lower,time_to_first_addable_negative_available,worker_found_addable_negative"
20-scale full normalized objective,20,lunar_ice_sp50_020_010_seed829010,B2B_R3_true_dual_negative_search_worker,B1B_seeded_root_CG,B2B_R3_true_dual_negative_search_worker,b2b_r3_lightweight_no_full_universe_enumeration,23,,False,BPC_INCOMPLETE_PRICING,DIAGNOSTIC_PRICING_FRONTIER,INCOMPLETE_LIMIT,False,,,1.63639,lunar_ice_bpc.normalized_additive_objective.v1,normalized_operating_cost_risk_weighted_completion,4842.59149,173.604532357,6510.555504182,1680.0,False,2912.410126,109.936597,6538.491152,1081.899833,5637.743184,0.601415612,0.633258795,1.004290824,0.643987996,1.636391,1.63639,False,1.63639,False,True,8,2,6428,6428,0,0,0,0,0,201,201,True,170,170,0,,0,0,True,True,0,,0,,False,0,0.040214,FOUND_NEGATIVE,master.reduced_cost_context,B2B_R3_true_dual_negative_search_worker-root-8,88cc184c267bfc237f327100a5a667b0cf730a0c3166ffc2a7c6603f63b51c9e,0.652977,89.465552,0.068306,0.068306,190929,536,190929,3503733,89290260,7289,44946,3503733,0,0,0,0,0.0,0.0,386,126,0,93184,8,8,8,0,0,6,WORKER_INCOMPLETE_LIMIT,False,190929,0,False,True,90.496826,Stopped after max_rounds=8; B2B_R3_true_dual_negative_search_worker worker/final-judge root proof is incomplete.,,,False,,,,,,True,True,"wall_time_lower,final_judge_call_count_lower,final_judge_wall_time_lower,time_to_first_addable_negative_available,worker_found_addable_negative"
20-scale full normalized objective,20,lunar_ice_sp50_020_010_seed829010,B2C_limited_pricing_diagnostic,diagnostic_only_no_certificate,B2C_limited_pricing_diagnostic,,0,,False,BPC_INCOMPLETE_PRICING,DIAGNOSTIC_PRICING_FRONTIER,FOUND_NEGATIVE,False,,,1.63639,lunar_ice_bpc.normalized_additive_objective.v1,normalized_operating_cost_risk_weighted_completion,4842.59149,173.604532357,6510.555504182,1680.0,False,2912.410126,109.936597,6538.491152,1081.899833,5637.743184,0.601415612,0.633258795,1.004290824,0.643987996,1.636391,1.63639,False,,False,,0,0,3,0,0,0,0,0,0,0,0,True,0,0,0,,0,0,,,0,,0,,False,0,0.000431,,master.reduced_cost_context,B2C_limited_pricing_diagnostic-diagnostic-root,3f8b221c934de4f16b627fd4e3fb47b14416769dfdcdbdc32a6bbce5d4f65652,1.591212,0.0,1.591212,,527,527,527,0,2327,9,8,287818,0,0,0,0,,,0,8,0,0,0,0,0,0,0,0,FOUND_NEGATIVE,False,0,0,False,False,1.607513,B2C_limited_pricing_diagnostic: limited pricing diagnostic cannot certify no-negative or provide an official bound.,,,False,,,,,,False,False,
20-scale full normalized objective,20,lunar_ice_sp50_020_010_seed829010,B2D_proof_tail_kernel_profile,diagnostic_only_no_certificate,B2D_proof_tail_kernel_profile,,0,,False,BPC_INCOMPLETE_PRICING,DIAGNOSTIC_PRICING_FRONTIER,FOUND_NEGATIVE,False,,,1.63639,lunar_ice_bpc.normalized_additive_objective.v1,normalized_operating_cost_risk_weighted_completion,4842.59149,173.604532357,6510.555504182,1680.0,False,2912.410126,109.936597,6538.491152,1081.899833,5637.743184,0.601415612,0.633258795,1.004290824,0.643987996,1.636391,1.63639,False,,False,,0,0,3,0,0,0,0,0,0,0,0,True,0,0,0,,0,0,,,0,,0,,False,0,0.000337,,master.reduced_cost_context,B2D_proof_tail_kernel_profile-diagnostic-root,fc7337a001d7d0eda087b7e0d87cdb0b58cc33815f5a955901423214e7aa37b6,1.585407,0.0,1.585407,,527,527,527,0,2327,9,8,287818,0,0,0,0,,,0,8,0,0,0,0,0,0,0,0,FOUND_NEGATIVE,False,0,0,False,True,1.60195,B2D_proof_tail_kernel_profile: limited pricing diagnostic cannot certify no-negative or provide an official bound.,,,False,,,,,,False,False,
20-scale full normalized objective,20,lunar_ice_sp50_020_011_seed829011,B0_pure_direct_dp,fixed_graph_direct_dp_oracle,B0_pure_direct_dp,,0,,False,DIRECT_DP_BASELINE_OPTIMAL,DIRECT_DP_FIXED_GRAPH_OPTIMAL,,False,,,1.529607,lunar_ice_bpc.normalized_additive_objective.v1,normalized_operating_cost_risk_weighted_completion,4877.489791,179.998834072,6352.814339099,1680.0,False,2692.303313,103.186097,6422.096931,961.340266,5364.328182,0.551985433,0.573259808,1.010905811,0.572226349,1.529608,1.529607,False,,False,,0,0,0,0,0,0,0,0,0,0,0,True,0,0,0,,0,0,,,0,,0,,False,0,,,,,,,,,,0,,0,0,0,0,0,0,0,0,0,0,,,0,0,0,0,0,0,0,0,0,0,,False,0,0,False,False,67.564737,,,,False,,,,,,False,False,
20-scale full normalized objective,20,lunar_ice_sp50_020_011_seed829011,B1A_full_universe_root_audit,accepted_B1,B1A_full_universe_root_audit,,0,1048575,False,BPC_INCOMPLETE_PRICING,FEASIBLE_INCUMBENT_ONLY,INCOMPLETE_LIMIT,False,,,1.529607,lunar_ice_bpc.normalized_additive_objective.v1,normalized_operating_cost_risk_weighted_completion,4877.489791,179.998834072,6352.814339099,1680.0,False,2692.303313,103.186097,6422.096931,961.340266,5364.328182,0.551985433,0.573259808,1.010905811,0.572226349,1.529608,1.529607,False,,False,,0,0,0,0,0,0,0,0,0,0,0,True,0,0,0,,0,0,False,False,0,,0,,False,0,,,,,,,,,,0,,0,0,0,0,0,0,0,0,0,0,,,0,0,0,0,0,0,0,0,0,0,,False,0,0,False,False,3.9e-05,dense RMP tableau precheck failed before loading active columns: estimated_cells=1099554619392 exceeds limit=50000000,,,True,b1a_full_universe_active_rmp,dense RMP tableau precheck failed before loading active columns: estimated_cells=1099554619392 exceeds limit=50000000,1048575,1099554619392,50000000,False,False,
20-scale full normalized objective,20,lunar_ice_sp50_020_011_seed829011,B1B_seeded_root_CG,accepted_B1,B1B_seeded_root_CG,,23,,False,BPC_GAP_AVAILABLE,BPC_NODE_LP_CERTIFIED,CERTIFIED_NO_NEGATIVE,True,b1_root_true_dual_pricing_closure,BPC_NODE_LP_CERTIFIED,1.529607,lunar_ice_bpc.normalized_additive_objective.v1,normalized_operating_cost_risk_weighted_completion,4877.489791,179.998834072,6352.814339099,1680.0,False,2692.303313,103.186097,6422.096931,961.340266,5364.328182,0.551985433,0.573259808,1.010905811,0.572226349,1.529608,1.529607,False,1.529607,True,True,6,6,0,0,0,0,0,0,0,0,0,True,860,860,0,,0,0,True,True,0,,0,,False,0,,,,,,,,,,0,,0,0,0,0,0,0,0,0,0,0,,,0,0,0,0,0,0,0,0,0,0,,False,0,0,False,False,415.785078,,,,False,,,,,,False,False,
20-scale full normalized objective,20,lunar_ice_sp50_020_011_seed829011,B2_PRODUCT_EXACT_SOLVER,fixed_graph_direct_dp_product_exact,B2_PRODUCT_EXACT_SOLVER,,0,,False,DIRECT_DP_BASELINE_OPTIMAL,DIRECT_DP_FIXED_GRAPH_OPTIMAL,NOT_PRICED,False,,,1.529607,lunar_ice_bpc.normalized_additive_objective.v1,normalized_operating_cost_risk_weighted_completion,4877.489791,179.998834072,6352.814339099,1680.0,False,2692.303313,103.186097,6422.096931,961.340266,5364.328182,0.551985433,0.573259808,1.010905811,0.572226349,1.529608,1.529607,False,,False,,0,0,0,0,0,0,0,0,0,0,0,True,0,0,0,,0,0,,,0,DIRECT_DP_FIXED_GRAPH_OPTIMAL,1,1.529607,True,1,,,,,,,,,,86106,,86106,0,0,13187,0,3057708,0,0,0,0,,,0,0,0,0,0,0,0,0,0,0,,False,0,0,False,False,1.8e-05,,,,False,,,,,,False,False,
20-scale full normalized objective,20,lunar_ice_sp50_020_011_seed829011,B2A_full_universe_rc_audit_fast_path,B1A_full_universe_root_audit,B2A_full_universe_rc_audit_fast_path,,0,1048575,False,BPC_INCOMPLETE_PRICING,FEASIBLE_INCUMBENT_ONLY,INCOMPLETE_LIMIT,False,,,1.529607,lunar_ice_bpc.normalized_additive_objective.v1,normalized_operating_cost_risk_weighted_completion,4877.489791,179.998834072,6352.814339099,1680.0,False,2692.303313,103.186097,6422.096931,961.340266,5364.328182,0.551985433,0.573259808,1.010905811,0.572226349,1.529608,1.529607,False,,False,,0,0,0,0,0,0,0,0,0,0,0,True,0,0,0,,0,0,False,False,0,,0,,False,0,0.0,,,,,0.0,0.0,,,0,,0,0,0,0,0,0,0,0,0,0,0.0,0.0,0,0,0,0,0,0,0,0,0,0,,False,0,0,False,False,8.4e-05,dense RMP tableau precheck failed before loading active columns: estimated_cells=1099554619392 exceeds limit=50000000,,,True,b2a_full_universe_active_rmp,dense RMP tableau precheck failed before loading active columns: estimated_cells=1099554619392 exceeds limit=50000000,1048575,1099554619392,50000000,False,False,final_judge_wall_time_lower
20-scale full normalized objective,20,lunar_ice_sp50_020_011_seed829011,B2B_seeded_tail_CG,B1B_seeded_root_CG,B2B_seeded_tail_CG,,23,,False,BPC_GAP_AVAILABLE,BPC_NODE_LP_CERTIFIED,CERTIFIED_NO_NEGATIVE,True,b2b_true_dual_pricing_closure,BPC_NODE_LP_CERTIFIED,1.529607,lunar_ice_bpc.normalized_additive_objective.v1,normalized_operating_cost_risk_weighted_completion,4877.489791,179.998834072,6352.814339099,1680.0,False,2692.303313,103.186097,6422.096931,961.340266,5364.328182,0.551985433,0.573259808,1.010905811,0.572226349,1.529608,1.529607,False,1.529607,True,True,8,8,4824,4824,0,0,0,0,0,342,342,True,342,342,0,,0,0,True,True,0,,0,,False,0,0.0,,,,,0.0,68.850491,,,0,,0,0,0,0,0,0,0,0,0,0,0.0,0.0,0,0,0,0,0,0,0,0,0,0,,False,0,0,False,False,551.641555,,,,False,,,,,,False,False,final_judge_wall_time_lower
20-scale full normalized objective,20,lunar_ice_sp50_020_011_seed829011,B2B_R2_worker_before_final_judge,B1B_seeded_root_CG,B2B_R2_worker_before_final_judge,b2b_r2_lightweight_no_full_universe_enumeration,23,,False,BPC_INCOMPLETE_PRICING,DIAGNOSTIC_PRICING_FRONTIER,INCOMPLETE_LIMIT,False,,,1.529607,lunar_ice_bpc.normalized_additive_objective.v1,normalized_operating_cost_risk_weighted_completion,4877.489791,179.998834072,6352.814339099,1680.0,False,2692.303313,103.186097,6422.096931,961.340266,5364.328182,0.551985433,0.573259808,1.010905811,0.572226349,1.529608,1.529607,False,1.529607,False,True,8,3,2727,2727,0,0,0,0,0,253,253,True,227,227,0,,2666,0,True,True,0,,0,,False,0,0.059518,LOCAL_NO_COLUMN_UNCERTIFIED,master.reduced_cost_context,B2B_R2_worker_before_final_judge-root-8,41e9b8735c42c280411935a1708b665fbc7e74487e868fe2ef8df32bf1249f24,0.587824,204.782275,0.061667,0.061667,263308,600,263308,9231487,160452555,3633,40073,9231487,0,0,0,0,0.0,0.0,403,109,0,86106,8,5,5,3,0,5,WORKER_INCOMPLETE_LIMIT,False,263308,0,False,True,205.682611,Stopped after max_rounds=8; B2B_R2_worker_before_final_judge worker/final-judge root proof is incomplete.,,,False,,,,,,True,False,"wall_time_lower,final_judge_call_count_lower,final_judge_wall_time_lower,time_to_first_addable_negative_available,worker_found_addable_negative"
20-scale full normalized objective,20,lunar_ice_sp50_020_011_seed829011,B2B_R3_true_dual_negative_search_worker,B1B_seeded_root_CG,B2B_R3_true_dual_negative_search_worker,b2b_r3_lightweight_no_full_universe_enumeration,23,,False,BPC_INCOMPLETE_PRICING,DIAGNOSTIC_PRICING_FRONTIER,INCOMPLETE_LIMIT,False,,,1.529607,lunar_ice_bpc.normalized_additive_objective.v1,normalized_operating_cost_risk_weighted_completion,4877.489791,179.998834072,6352.814339099,1680.0,False,2692.303313,103.186097,6422.096931,961.340266,5364.328182,0.551985433,0.573259808,1.010905811,0.572226349,1.529608,1.529607,False,1.529607,False,True,8,3,2727,2727,0,0,0,0,0,253,253,True,227,227,0,,2666,0,True,True,0,,0,,False,0,0.058248,LOCAL_NO_COLUMN_UNCERTIFIED,master.reduced_cost_context,B2B_R3_true_dual_negative_search_worker-root-8,b2d38aefac4af1cf9678e07ac011c0c9dd21f2c47483f5ef3c836bc6c54e1bed,0.595211,204.479201,0.064108,0.064108,263308,600,263308,9231487,160452555,3633,40073,9231487,0,0,0,0,0.0,0.0,403,109,0,86106,8,5,5,3,0,5,WORKER_INCOMPLETE_LIMIT,False,263308,0,False,True,205.377497,Stopped after max_rounds=8; B2B_R3_true_dual_negative_search_worker worker/final-judge root proof is incomplete.,,,False,,,,,,True,False,"wall_time_lower,final_judge_call_count_lower,final_judge_wall_time_lower,time_to_first_addable_negative_available,worker_found_addable_negative"
20-scale full normalized objective,20,lunar_ice_sp50_020_011_seed829011,B2C_limited_pricing_diagnostic,diagnostic_only_no_certificate,B2C_limited_pricing_diagnostic,,0,,False,BPC_INCOMPLETE_PRICING,DIAGNOSTIC_PRICING_FRONTIER,FOUND_NEGATIVE,False,,,1.529607,lunar_ice_bpc.normalized_additive_objective.v1,normalized_operating_cost_risk_weighted_completion,4877.489791,179.998834072,6352.814339099,1680.0,False,2692.303313,103.186097,6422.096931,961.340266,5364.328182,0.551985433,0.573259808,1.010905811,0.572226349,1.529608,1.529607,False,,False,,0,0,4,0,0,0,0,0,0,0,0,True,0,0,0,,0,0,,,0,,0,,False,0,0.000753,,master.reduced_cost_context,B2C_limited_pricing_diagnostic-diagnostic-root,20a53f311d691978ffeeda7c88a9ea1e6112c2972aac481eb9e7b237cd5e4622,1.710328,0.0,1.710328,,823,823,823,0,4599,11,8,274641,0,0,0,0,,,0,8,0,0,0,0,0,0,0,0,FOUND_NEGATIVE,False,0,0,False,False,1.728509,B2C_limited_pricing_diagnostic: limited pricing diagnostic cannot certify no-negative or provide an official bound.,,,False,,,,,,False,False,
20-scale full normalized objective,20,lunar_ice_sp50_020_011_seed829011,B2D_proof_tail_kernel_profile,diagnostic_only_no_certificate,B2D_proof_tail_kernel_profile,,0,,False,BPC_INCOMPLETE_PRICING,DIAGNOSTIC_PRICING_FRONTIER,FOUND_NEGATIVE,False,,,1.529607,lunar_ice_bpc.normalized_additive_objective.v1,normalized_operating_cost_risk_weighted_completion,4877.489791,179.998834072,6352.814339099,1680.0,False,2692.303313,103.186097,6422.096931,961.340266,5364.328182,0.551985433,0.573259808,1.010905811,0.572226349,1.529608,1.529607,False,,False,,0,0,4,0,0,0,0,0,0,0,0,True,0,0,0,,0,0,,,0,,0,,False,0,0.000438,,master.reduced_cost_context,B2D_proof_tail_kernel_profile-diagnostic-root,390659cc309435b3b6cc6eaced409809bf8d347dfe41b4b398481a3f5db3ece4,1.67891,0.0,1.67891,,823,823,823,0,4599,11,8,274641,0,0,0,0,,,0,8,0,0,0,0,0,0,0,0,FOUND_NEGATIVE,False,0,0,False,True,1.696742,B2D_proof_tail_kernel_profile: limited pricing diagnostic cannot certify no-negative or provide an official bound.,,,False,,,,,,False,False,
20-scale full normalized objective,20,lunar_ice_sp50_020_012_seed829012,B0_pure_direct_dp,fixed_graph_direct_dp_oracle,B0_pure_direct_dp,,0,,False,DIRECT_DP_BASELINE_OPTIMAL,DIRECT_DP_FIXED_GRAPH_OPTIMAL,,False,,,1.558215,lunar_ice_bpc.normalized_additive_objective.v1,normalized_operating_cost_risk_weighted_completion,5015.822784,176.470193394,5765.469053699,1680.0,False,2810.229876,104.507948,5848.051938,928.173585,5253.958599,0.56027296,0.59221303,1.014323706,0.552484277,1.558215,1.558215,False,,False,,0,0,0,0,0,0,0,0,0,0,0,True,0,0,0,,0,0,,,0,,0,,False,0,,,,,,,,,,0,,0,0,0,0,0,0,0,0,0,0,,,0,0,0,0,0,0,0,0,0,0,,False,0,0,False,False,45.26782,,,,False,,,,,,False,False,
20-scale full normalized objective,20,lunar_ice_sp50_020_012_seed829012,B1A_full_universe_root_audit,accepted_B1,B1A_full_universe_root_audit,,0,1048575,False,BPC_INCOMPLETE_PRICING,FEASIBLE_INCUMBENT_ONLY,INCOMPLETE_LIMIT,False,,,1.558215,lunar_ice_bpc.normalized_additive_objective.v1,normalized_operating_cost_risk_weighted_completion,5015.822784,176.470193394,5765.469053699,1680.0,False,2810.229876,104.507948,5848.051938,928.173585,5253.958599,0.56027296,0.59221303,1.014323706,0.552484277,1.558215,1.558215,False,,False,,0,0,0,0,0,0,0,0,0,0,0,True,0,0,0,,0,0,False,False,0,,0,,False,0,,,,,,,,,,0,,0,0,0,0,0,0,0,0,0,0,,,0,0,0,0,0,0,0,0,0,0,,False,0,0,False,False,4.1e-05,dense RMP tableau precheck failed before loading active columns: estimated_cells=1099554619392 exceeds limit=50000000,,,True,b1a_full_universe_active_rmp,dense RMP tableau precheck failed before loading active columns: estimated_cells=1099554619392 exceeds limit=50000000,1048575,1099554619392,50000000,False,False,
20-scale full normalized objective,20,lunar_ice_sp50_020_012_seed829012,B1B_seeded_root_CG,accepted_B1,B1B_seeded_root_CG,,23,,False,BPC_GAP_AVAILABLE,BPC_NODE_LP_CERTIFIED,CERTIFIED_NO_NEGATIVE,True,b1_root_true_dual_pricing_closure,BPC_NODE_LP_CERTIFIED,1.558215,lunar_ice_bpc.normalized_additive_objective.v1,normalized_operating_cost_risk_weighted_completion,5015.822784,176.470193394,5765.469053699,1680.0,False,2810.229876,104.507948,5848.051938,928.173585,5253.958599,0.56027296,0.59221303,1.014323706,0.552484277,1.558215,1.558215,False,1.514204,True,True,5,5,0,0,0,0,0,0,0,0,0,True,1447,1447,0,,0,0,True,True,0,,0,,False,0,,,,,,,,,,0,,0,0,0,0,0,0,0,0,0,0,,,0,0,0,0,0,0,0,0,0,0,,False,0,0,False,False,241.225729,,,,False,,,,,,False,False,
20-scale full normalized objective,20,lunar_ice_sp50_020_012_seed829012,B2_PRODUCT_EXACT_SOLVER,fixed_graph_direct_dp_product_exact,B2_PRODUCT_EXACT_SOLVER,,0,,False,DIRECT_DP_BASELINE_OPTIMAL,DIRECT_DP_FIXED_GRAPH_OPTIMAL,NOT_PRICED,False,,,1.558215,lunar_ice_bpc.normalized_additive_objective.v1,normalized_operating_cost_risk_weighted_completion,5015.822784,176.470193394,5765.469053699,1680.0,False,2810.229876,104.507948,5848.051938,928.173585,5253.958599,0.56027296,0.59221303,1.014323706,0.552484277,1.558215,1.558215,False,,False,,0,0,0,0,0,0,0,0,0,0,0,True,0,0,0,,0,0,,,0,DIRECT_DP_FIXED_GRAPH_OPTIMAL,1,1.558215,True,1,,,,,,,,,,97598,,97598,0,0,15497,0,1909002,0,0,0,0,,,0,0,0,0,0,0,0,0,0,0,,False,0,0,False,False,1.9e-05,,,,False,,,,,,False,False,
20-scale full normalized objective,20,lunar_ice_sp50_020_012_seed829012,B2A_full_universe_rc_audit_fast_path,B1A_full_universe_root_audit,B2A_full_universe_rc_audit_fast_path,,0,1048575,False,BPC_INCOMPLETE_PRICING,FEASIBLE_INCUMBENT_ONLY,INCOMPLETE_LIMIT,False,,,1.558215,lunar_ice_bpc.normalized_additive_objective.v1,normalized_operating_cost_risk_weighted_completion,5015.822784,176.470193394,5765.469053699,1680.0,False,2810.229876,104.507948,5848.051938,928.173585,5253.958599,0.56027296,0.59221303,1.014323706,0.552484277,1.558215,1.558215,False,,False,,0,0,0,0,0,0,0,0,0,0,0,True,0,0,0,,0,0,False,False,0,,0,,False,0,0.0,,,,,0.0,0.0,,,0,,0,0,0,0,0,0,0,0,0,0,0.0,0.0,0,0,0,0,0,0,0,0,0,0,,False,0,0,False,False,7.3e-05,dense RMP tableau precheck failed before loading active columns: estimated_cells=1099554619392 exceeds limit=50000000,,,True,b2a_full_universe_active_rmp,dense RMP tableau precheck failed before loading active columns: estimated_cells=1099554619392 exceeds limit=50000000,1048575,1099554619392,50000000,False,False,final_judge_wall_time_lower
20-scale full normalized objective,20,lunar_ice_sp50_020_012_seed829012,B2B_seeded_tail_CG,B1B_seeded_root_CG,B2B_seeded_tail_CG,,23,,False,BPC_INCOMPLETE_PRICING,DIAGNOSTIC_PRICING_FRONTIER,INCOMPLETE_LIMIT,False,,,1.558215,lunar_ice_bpc.normalized_additive_objective.v1,normalized_operating_cost_risk_weighted_completion,5015.822784,176.470193394,5765.469053699,1680.0,False,2810.229876,104.507948,5848.051938,928.173585,5253.958599,0.56027296,0.59221303,1.014323706,0.552484277,1.558215,1.558215,False,1.514204,False,True,8,8,8577,8577,0,0,0,0,0,446,446,True,446,446,0,,0,0,True,True,0,,0,,False,0,0.0,,,,,0.0,46.406517,,,0,,0,0,0,0,0,0,0,0,0,0,0.0,0.0,0,0,0,0,0,0,0,0,0,0,,False,0,0,False,False,371.194163,Stopped after max_rounds=8; B2B root no-negative proof is incomplete.,,,False,,,,,,True,False,final_judge_wall_time_lower
20-scale full normalized objective,20,lunar_ice_sp50_020_012_seed829012,B2B_R2_worker_before_final_judge,B1B_seeded_root_CG,B2B_R2_worker_before_final_judge,b2b_r2_lightweight_no_full_universe_enumeration,23,,False,BPC_INCOMPLETE_PRICING,DIAGNOSTIC_PRICING_FRONTIER,INCOMPLETE_LIMIT,False,,,1.558215,lunar_ice_bpc.normalized_additive_objective.v1,normalized_operating_cost_risk_weighted_completion,5015.822784,176.470193394,5765.469053699,1680.0,False,2810.229876,104.507948,5848.051938,928.173585,5253.958599,0.56027296,0.59221303,1.014323706,0.552484277,1.558215,1.558215,False,1.558215,False,True,8,3,5339,5339,0,0,0,0,0,253,253,True,227,227,0,,1436,0,True,True,0,,0,,False,0,0.079177,LOCAL_NO_COLUMN_UNCERTIFIED,master.reduced_cost_context,B2B_R2_worker_before_final_judge-root-8,d2916d1dac1095edffc24765eb05cb14010b04548d546da06fdbc6746fa7698d,0.701646,137.7549,0.068919,0.068919,298246,584,298246,5796519,112121951,6214,47003,5796519,0,0,0,0,0.0,0.0,386,126,0,97598,8,6,6,2,0,5,WORKER_INCOMPLETE_LIMIT,False,298246,0,False,True,138.848032,Stopped after max_rounds=8; B2B_R2_worker_before_final_judge worker/final-judge root proof is incomplete.,,,False,,,,,,True,True,"wall_time_lower,final_judge_call_count_lower,final_judge_wall_time_lower,time_to_first_addable_negative_available,worker_found_addable_negative"
20-scale full normalized objective,20,lunar_ice_sp50_020_012_seed829012,B2B_R3_true_dual_negative_search_worker,B1B_seeded_root_CG,B2B_R3_true_dual_negative_search_worker,b2b_r3_lightweight_no_full_universe_enumeration,23,,False,BPC_INCOMPLETE_PRICING,DIAGNOSTIC_PRICING_FRONTIER,INCOMPLETE_LIMIT,False,,,1.558215,lunar_ice_bpc.normalized_additive_objective.v1,normalized_operating_cost_risk_weighted_completion,5015.822784,176.470193394,5765.469053699,1680.0,False,2810.229876,104.507948,5848.051938,928.173585,5253.958599,0.56027296,0.59221303,1.014323706,0.552484277,1.558215,1.558215,False,1.558215,False,True,8,3,5339,5339,0,0,0,0,0,253,253,True,227,227,0,,1436,0,True,True,0,,0,,False,0,0.078513,LOCAL_NO_COLUMN_UNCERTIFIED,master.reduced_cost_context,B2B_R3_true_dual_negative_search_worker-root-8,54d89f847ab44d9e1e3e9cfbe312872b6ac315bc5d3f952d16c499cf13a9b9a0,0.689252,137.783377,0.065583,0.065583,298246,584,298246,5796519,112121951,6214,47003,5796519,0,0,0,0,0.0,0.0,386,126,0,97598,8,6,6,2,0,5,WORKER_INCOMPLETE_LIMIT,False,298246,0,False,True,138.863144,Stopped after max_rounds=8; B2B_R3_true_dual_negative_search_worker worker/final-judge root proof is incomplete.,,,False,,,,,,True,True,"wall_time_lower,final_judge_call_count_lower,final_judge_wall_time_lower,time_to_first_addable_negative_available,worker_found_addable_negative"
20-scale full normalized objective,20,lunar_ice_sp50_020_012_seed829012,B2C_limited_pricing_diagnostic,diagnostic_only_no_certificate,B2C_limited_pricing_diagnostic,,0,,False,BPC_INCOMPLETE_PRICING,DIAGNOSTIC_PRICING_FRONTIER,FOUND_NEGATIVE,False,,,1.558215,lunar_ice_bpc.normalized_additive_objective.v1,normalized_operating_cost_risk_weighted_completion,5015.822784,176.470193394,5765.469053699,1680.0,False,2810.229876,104.507948,5848.051938,928.173585,5253.958599,0.56027296,0.59221303,1.014323706,0.552484277,1.558215,1.558215,False,,False,,0,0,4,0,0,0,0,0,0,0,0,True,0,0,0,,0,0,,,0,,0,,False,0,0.000961,,master.reduced_cost_context,B2C_limited_pricing_diagnostic-diagnostic-root,d4fd7110fcf7c64dac3a1633ffeaa562c031e618020883481400cb0eed160491,1.360492,0.0,1.360492,,720,720,720,0,5250,10,8,219835,0,0,0,0,,,0,8,0,0,0,0,0,0,0,0,FOUND_NEGATIVE,False,0,0,False,False,1.378266,B2C_limited_pricing_diagnostic: limited pricing diagnostic cannot certify no-negative or provide an official bound.,,,False,,,,,,False,False,
20-scale full normalized objective,20,lunar_ice_sp50_020_012_seed829012,B2D_proof_tail_kernel_profile,diagnostic_only_no_certificate,B2D_proof_tail_kernel_profile,,0,,False,BPC_INCOMPLETE_PRICING,DIAGNOSTIC_PRICING_FRONTIER,FOUND_NEGATIVE,False,,,1.558215,lunar_ice_bpc.normalized_additive_objective.v1,normalized_operating_cost_risk_weighted_completion,5015.822784,176.470193394,5765.469053699,1680.0,False,2810.229876,104.507948,5848.051938,928.173585,5253.958599,0.56027296,0.59221303,1.014323706,0.552484277,1.558215,1.558215,False,,False,,0,0,4,0,0,0,0,0,0,0,0,True,0,0,0,,0,0,,,0,,0,,False,0,0.000323,,master.reduced_cost_context,B2D_proof_tail_kernel_profile-diagnostic-root,bb73c3b9207fef465cd7d9498d5aaf0f19bc1807fb1071bedfefb22bea508168,1.372906,0.0,1.372906,,720,720,720,0,5250,10,8,219835,0,0,0,0,,,0,8,0,0,0,0,0,0,0,0,FOUND_NEGATIVE,False,0,0,False,True,1.39141,B2D_proof_tail_kernel_profile: limited pricing diagnostic cannot certify no-negative or provide an official bound.,,,False,,,,,,False,False,
20-scale full normalized objective,20,lunar_ice_sp50_020_013_seed829013,B0_pure_direct_dp,fixed_graph_direct_dp_oracle,B0_pure_direct_dp,,0,,False,DIRECT_DP_BASELINE_OPTIMAL,DIRECT_DP_FIXED_GRAPH_OPTIMAL,,False,,,1.587061,lunar_ice_bpc.normalized_additive_objective.v1,normalized_operating_cost_risk_weighted_completion,4829.980165,176.18723231,6077.110048576,1680.0,False,2767.120179,106.835479,6195.330302,966.726902,5352.087779,0.572905081,0.606374694,1.019453367,0.57543268,1.587061,1.587061,False,,False,,0,0,0,0,0,0,0,0,0,0,0,True,0,0,0,,0,0,,,0,,0,,False,0,,,,,,,,,,0,,0,0,0,0,0,0,0,0,0,0,,,0,0,0,0,0,0,0,0,0,0,,False,0,0,False,False,37.712741,,,,False,,,,,,False,False,
20-scale full normalized objective,20,lunar_ice_sp50_020_013_seed829013,B1A_full_universe_root_audit,accepted_B1,B1A_full_universe_root_audit,,0,1048575,False,BPC_INCOMPLETE_PRICING,FEASIBLE_INCUMBENT_ONLY,INCOMPLETE_LIMIT,False,,,1.587061,lunar_ice_bpc.normalized_additive_objective.v1,normalized_operating_cost_risk_weighted_completion,4829.980165,176.18723231,6077.110048576,1680.0,False,2767.120179,106.835479,6195.330302,966.726902,5352.087779,0.572905081,0.606374694,1.019453367,0.57543268,1.587061,1.587061,False,,False,,0,0,0,0,0,0,0,0,0,0,0,True,0,0,0,,0,0,False,False,0,,0,,False,0,,,,,,,,,,0,,0,0,0,0,0,0,0,0,0,0,,,0,0,0,0,0,0,0,0,0,0,,False,0,0,False,False,4.1e-05,dense RMP tableau precheck failed before loading active columns: estimated_cells=1099554619392 exceeds limit=50000000,,,True,b1a_full_universe_active_rmp,dense RMP tableau precheck failed before loading active columns: estimated_cells=1099554619392 exceeds limit=50000000,1048575,1099554619392,50000000,False,False,
20-scale full normalized objective,20,lunar_ice_sp50_020_013_seed829013,B1B_seeded_root_CG,accepted_B1,B1B_seeded_root_CG,,23,,False,BPC_GAP_AVAILABLE,BPC_NODE_LP_CERTIFIED,CERTIFIED_NO_NEGATIVE,True,b1_root_true_dual_pricing_closure,BPC_NODE_LP_CERTIFIED,1.587061,lunar_ice_bpc.normalized_additive_objective.v1,normalized_operating_cost_risk_weighted_completion,4829.980165,176.18723231,6077.110048576,1680.0,False,2767.120179,106.835479,6195.330302,966.726902,5352.087779,0.572905081,0.606374694,1.019453367,0.57543268,1.587061,1.587061,False,1.587061,True,True,6,6,0,0,0,0,0,0,0,0,0,True,1607,1607,0,,0,0,True,True,0,,0,,False,0,,,,,,,,,,0,,0,0,0,0,0,0,0,0,0,0,,,0,0,0,0,0,0,0,0,0,0,,False,0,0,False,False,244.157257,,,,False,,,,,,False,False,
20-scale full normalized objective,20,lunar_ice_sp50_020_013_seed829013,B2_PRODUCT_EXACT_SOLVER,fixed_graph_direct_dp_product_exact,B2_PRODUCT_EXACT_SOLVER,,0,,False,DIRECT_DP_BASELINE_OPTIMAL,DIRECT_DP_FIXED_GRAPH_OPTIMAL,NOT_PRICED,False,,,1.587061,lunar_ice_bpc.normalized_additive_objective.v1,normalized_operating_cost_risk_weighted_completion,4829.980165,176.18723231,6077.110048576,1680.0,False,2767.120179,106.835479,6195.330302,966.726902,5352.087779,0.572905081,0.606374694,1.019453367,0.57543268,1.587061,1.587061,False,,False,,0,0,0,0,0,0,0,0,0,0,0,True,0,0,0,,0,0,,,0,DIRECT_DP_FIXED_GRAPH_OPTIMAL,1,1.587061,True,1,,,,,,,,,,79582,,79582,0,0,19925,0,1606459,0,0,0,0,,,0,0,0,0,0,0,0,0,0,0,,False,0,0,False,False,1.7e-05,,,,False,,,,,,False,False,
20-scale full normalized objective,20,lunar_ice_sp50_020_013_seed829013,B2A_full_universe_rc_audit_fast_path,B1A_full_universe_root_audit,B2A_full_universe_rc_audit_fast_path,,0,1048575,False,BPC_INCOMPLETE_PRICING,FEASIBLE_INCUMBENT_ONLY,INCOMPLETE_LIMIT,False,,,1.587061,lunar_ice_bpc.normalized_additive_objective.v1,normalized_operating_cost_risk_weighted_completion,4829.980165,176.18723231,6077.110048576,1680.0,False,2767.120179,106.835479,6195.330302,966.726902,5352.087779,0.572905081,0.606374694,1.019453367,0.57543268,1.587061,1.587061,False,,False,,0,0,0,0,0,0,0,0,0,0,0,True,0,0,0,,0,0,False,False,0,,0,,False,0,0.0,,,,,0.0,0.0,,,0,,0,0,0,0,0,0,0,0,0,0,0.0,0.0,0,0,0,0,0,0,0,0,0,0,,False,0,0,False,False,7.4e-05,dense RMP tableau precheck failed before loading active columns: estimated_cells=1099554619392 exceeds limit=50000000,,,True,b2a_full_universe_active_rmp,dense RMP tableau precheck failed before loading active columns: estimated_cells=1099554619392 exceeds limit=50000000,1048575,1099554619392,50000000,False,False,final_judge_wall_time_lower
20-scale full normalized objective,20,lunar_ice_sp50_020_013_seed829013,B2B_seeded_tail_CG,B1B_seeded_root_CG,B2B_seeded_tail_CG,,23,,False,BPC_INCOMPLETE_PRICING,DIAGNOSTIC_PRICING_FRONTIER,INCOMPLETE_LIMIT,False,,,1.587061,lunar_ice_bpc.normalized_additive_objective.v1,normalized_operating_cost_risk_weighted_completion,4829.980165,176.18723231,6077.110048576,1680.0,False,2767.120179,106.835479,6195.330302,966.726902,5352.087779,0.572905081,0.606374694,1.019453367,0.57543268,1.587061,1.587061,False,1.587061,False,True,8,8,11951,11951,0,0,0,0,0,486,486,True,486,486,0,,0,0,True,True,0,,0,,False,0,0.0,,,,,0.0,38.275002,,,0,,0,0,0,0,0,0,0,0,0,0,0.0,0.0,0,0,0,0,0,0,0,0,0,0,,False,0,0,False,False,307.822997,Stopped after max_rounds=8; B2B root no-negative proof is incomplete.,,,False,,,,,,True,False,final_judge_wall_time_lower
20-scale full normalized objective,20,lunar_ice_sp50_020_013_seed829013,B2B_R2_worker_before_final_judge,B1B_seeded_root_CG,B2B_R2_worker_before_final_judge,b2b_r2_lightweight_no_full_universe_enumeration,23,,False,BPC_INCOMPLETE_PRICING,DIAGNOSTIC_PRICING_FRONTIER,INCOMPLETE_LIMIT,False,,,1.587061,lunar_ice_bpc.normalized_additive_objective.v1,normalized_operating_cost_risk_weighted_completion,4829.980165,176.18723231,6077.110048576,1680.0,False,2767.120179,106.835479,6195.330302,966.726902,5352.087779,0.572905081,0.606374694,1.019453367,0.57543268,1.587061,1.587061,False,1.587061,False,True,8,3,5247,5247,0,0,0,0,0,263,263,True,227,227,0,,2738,0,True,True,0,,0,,False,0,0.09331,FOUND_NEGATIVE,master.reduced_cost_context,B2B_R2_worker_before_final_judge-root-8,d58f28b18385390c1d75049f431a30fabe7f32d270a49a6c16bf59297650969f,0.546592,113.861396,0.055825,0.055825,243398,481,243398,4866967,111745932,6122,60287,4866967,0,0,0,0,0.0,0.0,377,135,0,79582,8,7,7,1,0,5,WORKER_INCOMPLETE_LIMIT,False,243398,0,False,True,114.913633,Stopped after max_rounds=8; B2B_R2_worker_before_final_judge worker/final-judge root proof is incomplete.,,,False,,,,,,True,False,"wall_time_lower,final_judge_call_count_lower,final_judge_wall_time_lower,time_to_first_addable_negative_available,worker_found_addable_negative"
20-scale full normalized objective,20,lunar_ice_sp50_020_013_seed829013,B2B_R3_true_dual_negative_search_worker,B1B_seeded_root_CG,B2B_R3_true_dual_negative_search_worker,b2b_r3_lightweight_no_full_universe_enumeration,23,,False,BPC_INCOMPLETE_PRICING,DIAGNOSTIC_PRICING_FRONTIER,INCOMPLETE_LIMIT,False,,,1.587061,lunar_ice_bpc.normalized_additive_objective.v1,normalized_operating_cost_risk_weighted_completion,4829.980165,176.18723231,6077.110048576,1680.0,False,2767.120179,106.835479,6195.330302,966.726902,5352.087779,0.572905081,0.606374694,1.019453367,0.57543268,1.587061,1.587061,False,1.587061,False,True,8,3,5247,5247,0,0,0,0,0,263,263,True,227,227,0,,2738,0,True,True,0,,0,,False,0,0.096857,FOUND_NEGATIVE,master.reduced_cost_context,B2B_R3_true_dual_negative_search_worker-root-8,6ce0bd0fcb0e013b5340f1e332647c33cbbe667de6a192f26b12eda4f5cff85d,0.55588,113.573992,0.055023,0.055023,243398,481,243398,4866967,111745932,6122,60287,4866967,0,0,0,0,0.0,0.0,377,135,0,79582,8,7,7,1,0,5,WORKER_INCOMPLETE_LIMIT,False,243398,0,False,True,114.725346,Stopped after max_rounds=8; B2B_R3_true_dual_negative_search_worker worker/final-judge root proof is incomplete.,,,False,,,,,,True,False,"wall_time_lower,final_judge_call_count_lower,final_judge_wall_time_lower,time_to_first_addable_negative_available,worker_found_addable_negative"
20-scale full normalized objective,20,lunar_ice_sp50_020_013_seed829013,B2C_limited_pricing_diagnostic,diagnostic_only_no_certificate,B2C_limited_pricing_diagnostic,,0,,False,BPC_INCOMPLETE_PRICING,DIAGNOSTIC_PRICING_FRONTIER,FOUND_NEGATIVE,False,,,1.587061,lunar_ice_bpc.normalized_additive_objective.v1,normalized_operating_cost_risk_weighted_completion,4829.980165,176.18723231,6077.110048576,1680.0,False,2767.120179,106.835479,6195.330302,966.726902,5352.087779,0.572905081,0.606374694,1.019453367,0.57543268,1.587061,1.587061,False,,False,,0,0,1,0,0,0,0,0,0,0,0,True,0,0,0,,0,0,,,0,,0,,False,0,0.000304,,master.reduced_cost_context,B2C_limited_pricing_diagnostic-diagnostic-root,b5baee2ff3e1a214bf1a4d87615f949f4ade96efbc24178ff8c165d98a7ccd22,1.017346,0.0,1.017346,,630,630,630,0,3702,11,8,164187,0,0,0,0,,,0,8,0,0,0,0,0,0,0,0,FOUND_NEGATIVE,False,0,0,False,False,1.03298,B2C_limited_pricing_diagnostic: limited pricing diagnostic cannot certify no-negative or provide an official bound.,,,False,,,,,,False,False,
20-scale full normalized objective,20,lunar_ice_sp50_020_013_seed829013,B2D_proof_tail_kernel_profile,diagnostic_only_no_certificate,B2D_proof_tail_kernel_profile,,0,,False,BPC_INCOMPLETE_PRICING,DIAGNOSTIC_PRICING_FRONTIER,FOUND_NEGATIVE,False,,,1.587061,lunar_ice_bpc.normalized_additive_objective.v1,normalized_operating_cost_risk_weighted_completion,4829.980165,176.18723231,6077.110048576,1680.0,False,2767.120179,106.835479,6195.330302,966.726902,5352.087779,0.572905081,0.606374694,1.019453367,0.57543268,1.587061,1.587061,False,,False,,0,0,1,0,0,0,0,0,0,0,0,True,0,0,0,,0,0,,,0,,0,,False,0,0.000289,,master.reduced_cost_context,B2D_proof_tail_kernel_profile-diagnostic-root,4da0742215ffb725c57a9aa4a1ba4e67485799e6896a949d6c8eb4e30ef79de3,1.006232,0.0,1.006232,,630,630,630,0,3702,11,8,164187,0,0,0,0,,,0,8,0,0,0,0,0,0,0,0,FOUND_NEGATIVE,False,0,0,False,True,1.023741,B2D_proof_tail_kernel_profile: limited pricing diagnostic cannot certify no-negative or provide an official bound.,,,False,,,,,,False,False,
20-scale full normalized objective,20,lunar_ice_sp50_020_014_seed829014,B0_pure_direct_dp,fixed_graph_direct_dp_oracle,B0_pure_direct_dp,,0,,False,DIRECT_DP_BASELINE_OPTIMAL,DIRECT_DP_FIXED_GRAPH_OPTIMAL,,False,,,1.664084,lunar_ice_bpc.normalized_additive_objective.v1,normalized_operating_cost_risk_weighted_completion,4903.721139,176.966553934,6179.294387923,1680.0,False,3072.143921,112.07398,6245.499386,1039.903552,5682.417655,0.626492379,0.633305998,1.010714006,0.61899021,1.664084,1.664084,False,,False,,0,0,0,0,0,0,0,0,0,0,0,True,0,0,0,,0,0,,,0,,0,,False,0,,,,,,,,,,0,,0,0,0,0,0,0,0,0,0,0,,,0,0,0,0,0,0,0,0,0,0,,False,0,0,False,False,38.699569,,,,False,,,,,,False,False,
20-scale full normalized objective,20,lunar_ice_sp50_020_014_seed829014,B1A_full_universe_root_audit,accepted_B1,B1A_full_universe_root_audit,,0,1048575,False,BPC_INCOMPLETE_PRICING,FEASIBLE_INCUMBENT_ONLY,INCOMPLETE_LIMIT,False,,,1.664084,lunar_ice_bpc.normalized_additive_objective.v1,normalized_operating_cost_risk_weighted_completion,4903.721139,176.966553934,6179.294387923,1680.0,False,3072.143921,112.07398,6245.499386,1039.903552,5682.417655,0.626492379,0.633305998,1.010714006,0.61899021,1.664084,1.664084,False,,False,,0,0,0,0,0,0,0,0,0,0,0,True,0,0,0,,0,0,False,False,0,,0,,False,0,,,,,,,,,,0,,0,0,0,0,0,0,0,0,0,0,,,0,0,0,0,0,0,0,0,0,0,,False,0,0,False,False,4.4e-05,dense RMP tableau precheck failed before loading active columns: estimated_cells=1099554619392 exceeds limit=50000000,,,True,b1a_full_universe_active_rmp,dense RMP tableau precheck failed before loading active columns: estimated_cells=1099554619392 exceeds limit=50000000,1048575,1099554619392,50000000,False,False,
20-scale full normalized objective,20,lunar_ice_sp50_020_014_seed829014,B1B_seeded_root_CG,accepted_B1,B1B_seeded_root_CG,,23,,False,BPC_GAP_AVAILABLE,BPC_NODE_LP_CERTIFIED,CERTIFIED_NO_NEGATIVE,True,b1_root_true_dual_pricing_closure,BPC_NODE_LP_CERTIFIED,1.664084,lunar_ice_bpc.normalized_additive_objective.v1,normalized_operating_cost_risk_weighted_completion,4903.721139,176.966553934,6179.294387923,1680.0,False,3072.143921,112.07398,6245.499386,1039.903552,5682.417655,0.626492379,0.633305998,1.010714006,0.61899021,1.664084,1.664084,False,1.664084,True,True,6,6,0,0,0,0,0,0,0,0,0,True,1548,1548,0,,0,0,True,True,0,,0,,False,0,,,,,,,,,,0,,0,0,0,0,0,0,0,0,0,0,,,0,0,0,0,0,0,0,0,0,0,,False,0,0,False,False,253.24933,,,,False,,,,,,False,False,
20-scale full normalized objective,20,lunar_ice_sp50_020_014_seed829014,B2_PRODUCT_EXACT_SOLVER,fixed_graph_direct_dp_product_exact,B2_PRODUCT_EXACT_SOLVER,,0,,False,DIRECT_DP_BASELINE_OPTIMAL,DIRECT_DP_FIXED_GRAPH_OPTIMAL,NOT_PRICED,False,,,1.664084,lunar_ice_bpc.normalized_additive_objective.v1,normalized_operating_cost_risk_weighted_completion,4903.721139,176.966553934,6179.294387923,1680.0,False,3072.143921,112.07398,6245.499386,1039.903552,5682.417655,0.626492379,0.633305998,1.010714006,0.61899021,1.664084,1.664084,False,,False,,0,0,0,0,0,0,0,0,0,0,0,True,0,0,0,,0,0,,,0,DIRECT_DP_FIXED_GRAPH_OPTIMAL,1,1.664084,True,1,,,,,,,,,,80441,,80441,0,0,14929,0,1502732,0,0,0,0,,,0,0,0,0,0,0,0,0,0,0,,False,0,0,False,False,1.6e-05,,,,False,,,,,,False,False,
20-scale full normalized objective,20,lunar_ice_sp50_020_014_seed829014,B2A_full_universe_rc_audit_fast_path,B1A_full_universe_root_audit,B2A_full_universe_rc_audit_fast_path,,0,1048575,False,BPC_INCOMPLETE_PRICING,FEASIBLE_INCUMBENT_ONLY,INCOMPLETE_LIMIT,False,,,1.664084,lunar_ice_bpc.normalized_additive_objective.v1,normalized_operating_cost_risk_weighted_completion,4903.721139,176.966553934,6179.294387923,1680.0,False,3072.143921,112.07398,6245.499386,1039.903552,5682.417655,0.626492379,0.633305998,1.010714006,0.61899021,1.664084,1.664084,False,,False,,0,0,0,0,0,0,0,0,0,0,0,True,0,0,0,,0,0,False,False,0,,0,,False,0,0.0,,,,,0.0,0.0,,,0,,0,0,0,0,0,0,0,0,0,0,0.0,0.0,0,0,0,0,0,0,0,0,0,0,,False,0,0,False,False,7.2e-05,dense RMP tableau precheck failed before loading active columns: estimated_cells=1099554619392 exceeds limit=50000000,,,True,b2a_full_universe_active_rmp,dense RMP tableau precheck failed before loading active columns: estimated_cells=1099554619392 exceeds limit=50000000,1048575,1099554619392,50000000,False,False,final_judge_wall_time_lower
20-scale full normalized objective,20,lunar_ice_sp50_020_014_seed829014,B2B_seeded_tail_CG,B1B_seeded_root_CG,B2B_seeded_tail_CG,,23,,False,BPC_INCOMPLETE_PRICING,DIAGNOSTIC_PRICING_FRONTIER,INCOMPLETE_LIMIT,False,,,1.664084,lunar_ice_bpc.normalized_additive_objective.v1,normalized_operating_cost_risk_weighted_completion,4903.721139,176.966553934,6179.294387923,1680.0,False,3072.143921,112.07398,6245.499386,1039.903552,5682.417655,0.626492379,0.633305998,1.010714006,0.61899021,1.664084,1.664084,False,1.664084,False,True,8,8,15314,15314,0,0,0,0,0,457,457,True,457,457,0,,0,0,True,True,0,,0,,False,0,0.0,,,,,0.0,39.478058,,,0,,0,0,0,0,0,0,0,0,0,0,0.0,0.0,0,0,0,0,0,0,0,0,0,0,,False,0,0,False,False,315.627591,Stopped after max_rounds=8; B2B root no-negative proof is incomplete.,,,False,,,,,,True,False,final_judge_wall_time_lower
20-scale full normalized objective,20,lunar_ice_sp50_020_014_seed829014,B2B_R2_worker_before_final_judge,B1B_seeded_root_CG,B2B_R2_worker_before_final_judge,b2b_r2_lightweight_no_full_universe_enumeration,23,,False,BPC_INCOMPLETE_PRICING,DIAGNOSTIC_PRICING_FRONTIER,INCOMPLETE_LIMIT,False,,,1.664084,lunar_ice_bpc.normalized_additive_objective.v1,normalized_operating_cost_risk_weighted_completion,4903.721139,176.966553934,6179.294387923,1680.0,False,3072.143921,112.07398,6245.499386,1039.903552,5682.417655,0.626492379,0.633305998,1.010714006,0.61899021,1.664084,1.664084,False,1.664084,False,True,8,2,5476,5476,0,0,0,0,0,199,199,True,167,167,0,,0,0,True,True,0,,0,,False,0,0.054921,FOUND_NEGATIVE,master.reduced_cost_context,B2B_R2_worker_before_final_judge-root-8,f7bec1d2a36a1766956494471f4a63c214991b943bb7079f76789e239724dc8b,0.681619,77.782381,0.073315,0.073315,165866,574,165866,3074743,67392783,6344,30370,3074743,0,0,0,0,0.0,0.0,383,129,0,80441,8,8,8,0,0,6,WORKER_INCOMPLETE_LIMIT,False,165866,0,False,True,78.777065,Stopped after max_rounds=8; B2B_R2_worker_before_final_judge worker/final-judge root proof is incomplete.,,,False,,,,,,True,False,"wall_time_lower,final_judge_call_count_lower,final_judge_wall_time_lower,time_to_first_addable_negative_available,worker_found_addable_negative"
20-scale full normalized objective,20,lunar_ice_sp50_020_014_seed829014,B2B_R3_true_dual_negative_search_worker,B1B_seeded_root_CG,B2B_R3_true_dual_negative_search_worker,b2b_r3_lightweight_no_full_universe_enumeration,23,,False,BPC_INCOMPLETE_PRICING,DIAGNOSTIC_PRICING_FRONTIER,INCOMPLETE_LIMIT,False,,,1.664084,lunar_ice_bpc.normalized_additive_objective.v1,normalized_operating_cost_risk_weighted_completion,4903.721139,176.966553934,6179.294387923,1680.0,False,3072.143921,112.07398,6245.499386,1039.903552,5682.417655,0.626492379,0.633305998,1.010714006,0.61899021,1.664084,1.664084,False,1.664084,False,True,8,2,5476,5476,0,0,0,0,0,199,199,True,167,167,0,,0,0,True,True,0,,0,,False,0,0.052879,FOUND_NEGATIVE,master.reduced_cost_context,B2B_R3_true_dual_negative_search_worker-root-8,abe057f1fcbf4763836b983c42fe079039a2d49c81c5898a47b76404a59b2673,0.701645,77.744762,0.070376,0.070376,165866,574,165866,3074743,67392783,6344,30370,3074743,0,0,0,0,0.0,0.0,383,129,0,80441,8,8,8,0,0,6,WORKER_INCOMPLETE_LIMIT,False,165866,0,False,True,78.821499,Stopped after max_rounds=8; B2B_R3_true_dual_negative_search_worker worker/final-judge root proof is incomplete.,,,False,,,,,,True,False,"wall_time_lower,final_judge_call_count_lower,final_judge_wall_time_lower,time_to_first_addable_negative_available,worker_found_addable_negative"
20-scale full normalized objective,20,lunar_ice_sp50_020_014_seed829014,B2C_limited_pricing_diagnostic,diagnostic_only_no_certificate,B2C_limited_pricing_diagnostic,,0,,False,BPC_INCOMPLETE_PRICING,DIAGNOSTIC_PRICING_FRONTIER,FOUND_NEGATIVE,False,,,1.664084,lunar_ice_bpc.normalized_additive_objective.v1,normalized_operating_cost_risk_weighted_completion,4903.721139,176.966553934,6179.294387923,1680.0,False,3072.143921,112.07398,6245.499386,1039.903552,5682.417655,0.626492379,0.633305998,1.010714006,0.61899021,1.664084,1.664084,False,,False,,0,0,3,0,0,0,0,0,0,0,0,True,0,0,0,,0,0,,,0,,0,,False,0,0.000301,,master.reduced_cost_context,B2C_limited_pricing_diagnostic-diagnostic-root,8588485163fb1bbf87fd99f5dc26ac92c520c15df820777ed693d8ae77744df3,1.820445,0.0,1.820445,,576,576,576,0,4273,10,8,323694,0,0,0,0,,,0,8,0,0,0,0,0,0,0,0,FOUND_NEGATIVE,False,0,0,False,False,1.836916,B2C_limited_pricing_diagnostic: limited pricing diagnostic cannot certify no-negative or provide an official bound.,,,False,,,,,,False,False,
20-scale full normalized objective,20,lunar_ice_sp50_020_014_seed829014,B2D_proof_tail_kernel_profile,diagnostic_only_no_certificate,B2D_proof_tail_kernel_profile,,0,,False,BPC_INCOMPLETE_PRICING,DIAGNOSTIC_PRICING_FRONTIER,FOUND_NEGATIVE,False,,,1.664084,lunar_ice_bpc.normalized_additive_objective.v1,normalized_operating_cost_risk_weighted_completion,4903.721139,176.966553934,6179.294387923,1680.0,False,3072.143921,112.07398,6245.499386,1039.903552,5682.417655,0.626492379,0.633305998,1.010714006,0.61899021,1.664084,1.664084,False,,False,,0,0,3,0,0,0,0,0,0,0,0,True,0,0,0,,0,0,,,0,,0,,False,0,0.000279,,master.reduced_cost_context,B2D_proof_tail_kernel_profile-diagnostic-root,c343646a98334a1fd8ebdfebf73660fa23eecaba675a44c51511ce13f177f8e7,1.827597,0.0,1.827597,,576,576,576,0,4273,10,8,323694,0,0,0,0,,,0,8,0,0,0,0,0,0,0,0,FOUND_NEGATIVE,False,0,0,False,True,1.845601,B2D_proof_tail_kernel_profile: limited pricing diagnostic cannot certify no-negative or provide an official bound.,,,False,,,,,,False,False,
20-scale full normalized objective,20,lunar_ice_sp50_020_015_seed829015,B0_pure_direct_dp,fixed_graph_direct_dp_oracle,B0_pure_direct_dp,,0,,False,DIRECT_DP_BASELINE_OPTIMAL,DIRECT_DP_FIXED_GRAPH_OPTIMAL,,False,,,1.599074,lunar_ice_bpc.normalized_additive_objective.v1,normalized_operating_cost_risk_weighted_completion,4954.841084,168.756659972,7177.321650271,1680.0,False,2966.114948,100.161537,7301.453615,1189.870854,5986.857931,0.598629683,0.593526424,1.017295026,0.708256461,1.599074,1.599074,False,,False,,0,0,0,0,0,0,0,0,0,0,0,True,0,0,0,,0,0,,,0,,0,,False,0,,,,,,,,,,0,,0,0,0,0,0,0,0,0,0,0,,,0,0,0,0,0,0,0,0,0,0,,False,0,0,False,False,29.357009,,,,False,,,,,,False,False,
20-scale full normalized objective,20,lunar_ice_sp50_020_015_seed829015,B1A_full_universe_root_audit,accepted_B1,B1A_full_universe_root_audit,,0,1048575,False,BPC_INCOMPLETE_PRICING,FEASIBLE_INCUMBENT_ONLY,INCOMPLETE_LIMIT,False,,,1.599074,lunar_ice_bpc.normalized_additive_objective.v1,normalized_operating_cost_risk_weighted_completion,4954.841084,168.756659972,7177.321650271,1680.0,False,2966.114948,100.161537,7301.453615,1189.870854,5986.857931,0.598629683,0.593526424,1.017295026,0.708256461,1.599074,1.599074,False,,False,,0,0,0,0,0,0,0,0,0,0,0,True,0,0,0,,0,0,False,False,0,,0,,False,0,,,,,,,,,,0,,0,0,0,0,0,0,0,0,0,0,,,0,0,0,0,0,0,0,0,0,0,,False,0,0,False,False,4.5e-05,dense RMP tableau precheck failed before loading active columns: estimated_cells=1099554619392 exceeds limit=50000000,,,True,b1a_full_universe_active_rmp,dense RMP tableau precheck failed before loading active columns: estimated_cells=1099554619392 exceeds limit=50000000,1048575,1099554619392,50000000,False,False,
20-scale full normalized objective,20,lunar_ice_sp50_020_015_seed829015,B1B_seeded_root_CG,accepted_B1,B1B_seeded_root_CG,,23,,False,BPC_GAP_AVAILABLE,BPC_NODE_LP_CERTIFIED,CERTIFIED_NO_NEGATIVE,True,b1_root_true_dual_pricing_closure,BPC_NODE_LP_CERTIFIED,1.599074,lunar_ice_bpc.normalized_additive_objective.v1,normalized_operating_cost_risk_weighted_completion,4954.841084,168.756659972,7177.321650271,1680.0,False,2966.114948,100.161537,7301.453615,1189.870854,5986.857931,0.598629683,0.593526424,1.017295026,0.708256461,1.599074,1.599074,False,1.585141,True,True,7,7,0,0,0,0,0,0,0,0,0,True,1636,1636,0,,0,0,True,True,0,,0,,False,0,,,,,,,,,,0,,0,0,0,0,0,0,0,0,0,0,,,0,0,0,0,0,0,0,0,0,0,,False,0,0,False,False,231.234615,,,,False,,,,,,False,False,
20-scale full normalized objective,20,lunar_ice_sp50_020_015_seed829015,B2_PRODUCT_EXACT_SOLVER,fixed_graph_direct_dp_product_exact,B2_PRODUCT_EXACT_SOLVER,,0,,False,DIRECT_DP_BASELINE_OPTIMAL,DIRECT_DP_FIXED_GRAPH_OPTIMAL,NOT_PRICED,False,,,1.599074,lunar_ice_bpc.normalized_additive_objective.v1,normalized_operating_cost_risk_weighted_completion,4954.841084,168.756659972,7177.321650271,1680.0,False,2966.114948,100.161537,7301.453615,1189.870854,5986.857931,0.598629683,0.593526424,1.017295026,0.708256461,1.599074,1.599074,False,,False,,0,0,0,0,0,0,0,0,0,0,0,True,0,0,0,,0,0,,,0,DIRECT_DP_FIXED_GRAPH_OPTIMAL,1,1.599074,True,1,,,,,,,,,,79813,,79813,0,0,26178,0,1031123,0,0,0,0,,,0,0,0,0,0,0,0,0,0,0,,False,0,0,False,False,1.9e-05,,,,False,,,,,,False,False,
20-scale full normalized objective,20,lunar_ice_sp50_020_015_seed829015,B2A_full_universe_rc_audit_fast_path,B1A_full_universe_root_audit,B2A_full_universe_rc_audit_fast_path,,0,1048575,False,BPC_INCOMPLETE_PRICING,FEASIBLE_INCUMBENT_ONLY,INCOMPLETE_LIMIT,False,,,1.599074,lunar_ice_bpc.normalized_additive_objective.v1,normalized_operating_cost_risk_weighted_completion,4954.841084,168.756659972,7177.321650271,1680.0,False,2966.114948,100.161537,7301.453615,1189.870854,5986.857931,0.598629683,0.593526424,1.017295026,0.708256461,1.599074,1.599074,False,,False,,0,0,0,0,0,0,0,0,0,0,0,True,0,0,0,,0,0,False,False,0,,0,,False,0,0.0,,,,,0.0,0.0,,,0,,0,0,0,0,0,0,0,0,0,0,0.0,0.0,0,0,0,0,0,0,0,0,0,0,,False,0,0,False,False,7.6e-05,dense RMP tableau precheck failed before loading active columns: estimated_cells=1099554619392 exceeds limit=50000000,,,True,b2a_full_universe_active_rmp,dense RMP tableau precheck failed before loading active columns: estimated_cells=1099554619392 exceeds limit=50000000,1048575,1099554619392,50000000,False,False,final_judge_wall_time_lower
20-scale full normalized objective,20,lunar_ice_sp50_020_015_seed829015,B2B_seeded_tail_CG,B1B_seeded_root_CG,B2B_seeded_tail_CG,,23,,False,BPC_INCOMPLETE_PRICING,DIAGNOSTIC_PRICING_FRONTIER,INCOMPLETE_LIMIT,False,,,1.599074,lunar_ice_bpc.normalized_additive_objective.v1,normalized_operating_cost_risk_weighted_completion,4954.841084,168.756659972,7177.321650271,1680.0,False,2966.114948,100.161537,7301.453615,1189.870854,5986.857931,0.598629683,0.593526424,1.017295026,0.708256461,1.599074,1.599074,False,1.594061,False,True,8,8,23325,23325,0,0,0,0,0,512,512,True,512,512,0,,0,0,True,True,0,,0,,False,0,0.0,,,,,0.0,29.059208,,,0,,0,0,0,0,0,0,0,0,0,0,0.0,0.0,0,0,0,0,0,0,0,0,0,0,,False,0,0,False,False,233.583971,Stopped after max_rounds=8; B2B root no-negative proof is incomplete.,,,False,,,,,,True,True,final_judge_wall_time_lower
20-scale full normalized objective,20,lunar_ice_sp50_020_015_seed829015,B2B_R2_worker_before_final_judge,B1B_seeded_root_CG,B2B_R2_worker_before_final_judge,b2b_r2_lightweight_no_full_universe_enumeration,23,,False,BPC_INCOMPLETE_PRICING,DIAGNOSTIC_PRICING_FRONTIER,INCOMPLETE_LIMIT,False,,,1.599074,lunar_ice_bpc.normalized_additive_objective.v1,normalized_operating_cost_risk_weighted_completion,4954.841084,168.756659972,7177.321650271,1680.0,False,2966.114948,100.161537,7301.453615,1189.870854,5986.857931,0.598629683,0.593526424,1.017295026,0.708256461,1.599074,1.599074,False,1.599074,False,True,8,3,12332,12332,0,0,0,0,0,268,268,True,240,240,0,,2720,0,True,True,0,,0,,False,0,0.10014,FOUND_NEGATIVE,master.reduced_cost_context,B2B_R2_worker_before_final_judge-root-8,5f34108c867ab2db81fd958a9ec42379781605d028ffdb9f78dbc767a23fef1b,0.642732,86.029909,0.072235,0.072235,244197,535,244197,3158770,85759389,13236,79046,3158770,0,0,0,0,0.0,0.0,387,125,0,79813,8,7,7,1,0,5,WORKER_INCOMPLETE_LIMIT,False,244197,0,False,True,87.532231,Stopped after max_rounds=8; B2B_R2_worker_before_final_judge worker/final-judge root proof is incomplete.,,,False,,,,,,True,True,"wall_time_lower,final_judge_call_count_lower,final_judge_wall_time_lower,time_to_first_addable_negative_available,worker_found_addable_negative"
20-scale full normalized objective,20,lunar_ice_sp50_020_015_seed829015,B2B_R3_true_dual_negative_search_worker,B1B_seeded_root_CG,B2B_R3_true_dual_negative_search_worker,b2b_r3_lightweight_no_full_universe_enumeration,23,,False,BPC_INCOMPLETE_PRICING,DIAGNOSTIC_PRICING_FRONTIER,INCOMPLETE_LIMIT,False,,,1.599074,lunar_ice_bpc.normalized_additive_objective.v1,normalized_operating_cost_risk_weighted_completion,4954.841084,168.756659972,7177.321650271,1680.0,False,2966.114948,100.161537,7301.453615,1189.870854,5986.857931,0.598629683,0.593526424,1.017295026,0.708256461,1.599074,1.599074,False,1.599074,False,True,8,3,12332,12332,0,0,0,0,0,268,268,True,240,240,0,,2720,0,True,True,0,,0,,False,0,0.09728,FOUND_NEGATIVE,master.reduced_cost_context,B2B_R3_true_dual_negative_search_worker-root-8,dcdda138b172da8ba7367ca9ed6b646805b23d99dad175c91c36e05d83a09464,0.648094,85.295807,0.072214,0.072214,244197,535,244197,3158770,85759389,13236,79046,3158770,0,0,0,0,0.0,0.0,387,125,0,79813,8,7,7,1,0,5,WORKER_INCOMPLETE_LIMIT,False,244197,0,False,True,86.783953,Stopped after max_rounds=8; B2B_R3_true_dual_negative_search_worker worker/final-judge root proof is incomplete.,,,False,,,,,,True,True,"wall_time_lower,final_judge_call_count_lower,final_judge_wall_time_lower,time_to_first_addable_negative_available,worker_found_addable_negative"
20-scale full normalized objective,20,lunar_ice_sp50_020_015_seed829015,B2C_limited_pricing_diagnostic,diagnostic_only_no_certificate,B2C_limited_pricing_diagnostic,,0,,False,BPC_INCOMPLETE_PRICING,DIAGNOSTIC_PRICING_FRONTIER,FOUND_NEGATIVE,False,,,1.599074,lunar_ice_bpc.normalized_additive_objective.v1,normalized_operating_cost_risk_weighted_completion,4954.841084,168.756659972,7177.321650271,1680.0,False,2966.114948,100.161537,7301.453615,1189.870854,5986.857931,0.598629683,0.593526424,1.017295026,0.708256461,1.599074,1.599074,False,,False,,0,0,6,0,0,0,0,0,0,0,0,True,0,0,0,,0,0,,,0,,0,,False,0,0.000304,,master.reduced_cost_context,B2C_limited_pricing_diagnostic-diagnostic-root,49fd75deb2735c48fe261012cb329362342b55cc60110c8f0599363a1b6e1879,1.329764,0.0,1.329764,,726,726,726,0,3264,11,8,224121,0,0,0,0,,,0,8,0,0,0,0,0,0,0,0,FOUND_NEGATIVE,False,0,0,False,False,1.346442,B2C_limited_pricing_diagnostic: limited pricing diagnostic cannot certify no-negative or provide an official bound.,,,False,,,,,,False,False,
20-scale full normalized objective,20,lunar_ice_sp50_020_015_seed829015,B2D_proof_tail_kernel_profile,diagnostic_only_no_certificate,B2D_proof_tail_kernel_profile,,0,,False,BPC_INCOMPLETE_PRICING,DIAGNOSTIC_PRICING_FRONTIER,FOUND_NEGATIVE,False,,,1.599074,lunar_ice_bpc.normalized_additive_objective.v1,normalized_operating_cost_risk_weighted_completion,4954.841084,168.756659972,7177.321650271,1680.0,False,2966.114948,100.161537,7301.453615,1189.870854,5986.857931,0.598629683,0.593526424,1.017295026,0.708256461,1.599074,1.599074,False,,False,,0,0,6,0,0,0,0,0,0,0,0,True,0,0,0,,0,0,,,0,,0,,False,0,0.000323,,master.reduced_cost_context,B2D_proof_tail_kernel_profile-diagnostic-root,7a2bf6ae281b5765682b5d7459b8c08e9fe27d379f154f66b34540d74337a4eb,1.335559,0.0,1.335559,,726,726,726,0,3264,11,8,224121,0,0,0,0,,,0,8,0,0,0,0,0,0,0,0,FOUND_NEGATIVE,False,0,0,False,True,1.351762,B2D_proof_tail_kernel_profile: limited pricing diagnostic cannot certify no-negative or provide an official bound.,,,False,,,,,,False,False,
20-scale full normalized objective,20,lunar_ice_sp50_020_016_seed829016,B0_pure_direct_dp,fixed_graph_direct_dp_oracle,B0_pure_direct_dp,,0,,False,DIRECT_DP_BASELINE_OPTIMAL,DIRECT_DP_FIXED_GRAPH_OPTIMAL,,False,,,1.633365,lunar_ice_bpc.normalized_additive_objective.v1,normalized_operating_cost_risk_weighted_completion,4899.979159,169.998674416,6598.580145695,1680.0,False,2938.664741,107.188268,6649.904551,1076.796218,5705.814829,0.599730049,0.63052414,1.007778098,0.64095013,1.633365,1.633365,False,,False,,0,0,0,0,0,0,0,0,0,0,0,True,0,0,0,,0,0,,,0,,0,,False,0,,,,,,,,,,0,,0,0,0,0,0,0,0,0,0,0,,,0,0,0,0,0,0,0,0,0,0,,False,0,0,False,False,22.954734,,,,False,,,,,,False,False,
20-scale full normalized objective,20,lunar_ice_sp50_020_016_seed829016,B1A_full_universe_root_audit,accepted_B1,B1A_full_universe_root_audit,,0,1048575,False,BPC_INCOMPLETE_PRICING,FEASIBLE_INCUMBENT_ONLY,INCOMPLETE_LIMIT,False,,,1.633365,lunar_ice_bpc.normalized_additive_objective.v1,normalized_operating_cost_risk_weighted_completion,4899.979159,169.998674416,6598.580145695,1680.0,False,2938.664741,107.188268,6649.904551,1076.796218,5705.814829,0.599730049,0.63052414,1.007778098,0.64095013,1.633365,1.633365,False,,False,,0,0,0,0,0,0,0,0,0,0,0,True,0,0,0,,0,0,False,False,0,,0,,False,0,,,,,,,,,,0,,0,0,0,0,0,0,0,0,0,0,,,0,0,0,0,0,0,0,0,0,0,,False,0,0,False,False,3.9e-05,dense RMP tableau precheck failed before loading active columns: estimated_cells=1099554619392 exceeds limit=50000000,,,True,b1a_full_universe_active_rmp,dense RMP tableau precheck failed before loading active columns: estimated_cells=1099554619392 exceeds limit=50000000,1048575,1099554619392,50000000,False,False,
20-scale full normalized objective,20,lunar_ice_sp50_020_016_seed829016,B1B_seeded_root_CG,accepted_B1,B1B_seeded_root_CG,,23,,False,BPC_GAP_AVAILABLE,BPC_NODE_LP_CERTIFIED,CERTIFIED_NO_NEGATIVE,True,b1_root_true_dual_pricing_closure,BPC_NODE_LP_CERTIFIED,1.633365,lunar_ice_bpc.normalized_additive_objective.v1,normalized_operating_cost_risk_weighted_completion,4899.979159,169.998674416,6598.580145695,1680.0,False,2938.664741,107.188268,6649.904551,1076.796218,5705.814829,0.599730049,0.63052414,1.007778098,0.64095013,1.633365,1.633365,False,1.606141,True,True,6,6,0,0,0,0,0,0,0,0,0,True,1543,1543,0,,0,0,True,True,0,,0,,False,0,,,,,,,,,,0,,0,0,0,0,0,0,0,0,0,0,,,0,0,0,0,0,0,0,0,0,0,,False,0,0,False,False,151.196301,,,,False,,,,,,False,False,
20-scale full normalized objective,20,lunar_ice_sp50_020_016_seed829016,B2_PRODUCT_EXACT_SOLVER,fixed_graph_direct_dp_product_exact,B2_PRODUCT_EXACT_SOLVER,,0,,False,DIRECT_DP_BASELINE_OPTIMAL,DIRECT_DP_FIXED_GRAPH_OPTIMAL,NOT_PRICED,False,,,1.633365,lunar_ice_bpc.normalized_additive_objective.v1,normalized_operating_cost_risk_weighted_completion,4899.979159,169.998674416,6598.580145695,1680.0,False,2938.664741,107.188268,6649.904551,1076.796218,5705.814829,0.599730049,0.63052414,1.007778098,0.64095013,1.633365,1.633365,False,,False,,0,0,0,0,0,0,0,0,0,0,0,True,0,0,0,,0,0,,,0,DIRECT_DP_FIXED_GRAPH_OPTIMAL,1,1.633365,True,1,,,,,,,,,,59454,,59454,0,0,13936,0,771778,0,0,0,0,,,0,0,0,0,0,0,0,0,0,0,,False,0,0,False,False,1.8e-05,,,,False,,,,,,False,False,
20-scale full normalized objective,20,lunar_ice_sp50_020_016_seed829016,B2A_full_universe_rc_audit_fast_path,B1A_full_universe_root_audit,B2A_full_universe_rc_audit_fast_path,,0,1048575,False,BPC_INCOMPLETE_PRICING,FEASIBLE_INCUMBENT_ONLY,INCOMPLETE_LIMIT,False,,,1.633365,lunar_ice_bpc.normalized_additive_objective.v1,normalized_operating_cost_risk_weighted_completion,4899.979159,169.998674416,6598.580145695,1680.0,False,2938.664741,107.188268,6649.904551,1076.796218,5705.814829,0.599730049,0.63052414,1.007778098,0.64095013,1.633365,1.633365,False,,False,,0,0,0,0,0,0,0,0,0,0,0,True,0,0,0,,0,0,False,False,0,,0,,False,0,0.0,,,,,0.0,0.0,,,0,,0,0,0,0,0,0,0,0,0,0,0.0,0.0,0,0,0,0,0,0,0,0,0,0,,False,0,0,False,False,7.3e-05,dense RMP tableau precheck failed before loading active columns: estimated_cells=1099554619392 exceeds limit=50000000,,,True,b2a_full_universe_active_rmp,dense RMP tableau precheck failed before loading active columns: estimated_cells=1099554619392 exceeds limit=50000000,1048575,1099554619392,50000000,False,False,final_judge_wall_time_lower
20-scale full normalized objective,20,lunar_ice_sp50_020_016_seed829016,B2B_seeded_tail_CG,B1B_seeded_root_CG,B2B_seeded_tail_CG,,23,,False,BPC_INCOMPLETE_PRICING,DIAGNOSTIC_PRICING_FRONTIER,INCOMPLETE_LIMIT,False,,,1.633365,lunar_ice_bpc.normalized_additive_objective.v1,normalized_operating_cost_risk_weighted_completion,4899.979159,169.998674416,6598.580145695,1680.0,False,2938.664741,107.188268,6649.904551,1076.796218,5705.814829,0.599730049,0.63052414,1.007778098,0.64095013,1.633365,1.633365,False,1.606141,False,True,8,8,7984,7984,0,0,0,0,0,420,420,True,420,420,0,,0,0,True,True,0,,0,,False,0,0.0,,,,,0.0,23.396342,,,0,,0,0,0,0,0,0,0,0,0,0,0.0,0.0,0,0,0,0,0,0,0,0,0,0,,False,0,0,False,False,188.906674,Stopped after max_rounds=8; B2B root no-negative proof is incomplete.,,,False,,,,,,True,False,final_judge_wall_time_lower
20-scale full normalized objective,20,lunar_ice_sp50_020_016_seed829016,B2B_R2_worker_before_final_judge,B1B_seeded_root_CG,B2B_R2_worker_before_final_judge,b2b_r2_lightweight_no_full_universe_enumeration,23,,False,BPC_INCOMPLETE_PRICING,DIAGNOSTIC_PRICING_FRONTIER,INCOMPLETE_LIMIT,False,,,1.633365,lunar_ice_bpc.normalized_additive_objective.v1,normalized_operating_cost_risk_weighted_completion,4899.979159,169.998674416,6598.580145695,1680.0,False,2938.664741,107.188268,6649.904551,1076.796218,5705.814829,0.599730049,0.63052414,1.007778098,0.64095013,1.633365,1.633365,False,1.633365,False,True,8,3,5085,5085,0,0,0,0,0,260,260,True,230,230,0,,1767,0,True,True,0,,0,,False,0,0.102054,FOUND_NEGATIVE,master.reduced_cost_context,B2B_R2_worker_before_final_judge-root-8,de749eb056986d928c3193cd45277c4b5057a25164e45afc4e87b77b45ef3773,0.50249,69.745054,0.047778,0.047778,182605,465,182605,2365313,69605916,5949,42320,2365313,0,0,0,0,0.0,0.0,387,125,0,59454,8,7,7,1,0,5,WORKER_INCOMPLETE_LIMIT,False,182605,0,False,True,70.690333,Stopped after max_rounds=8; B2B_R2_worker_before_final_judge worker/final-judge root proof is incomplete.,,,False,,,,,,True,True,"wall_time_lower,final_judge_call_count_lower,final_judge_wall_time_lower,time_to_first_addable_negative_available,worker_found_addable_negative"
20-scale full normalized objective,20,lunar_ice_sp50_020_016_seed829016,B2B_R3_true_dual_negative_search_worker,B1B_seeded_root_CG,B2B_R3_true_dual_negative_search_worker,b2b_r3_lightweight_no_full_universe_enumeration,23,,False,BPC_INCOMPLETE_PRICING,DIAGNOSTIC_PRICING_FRONTIER,INCOMPLETE_LIMIT,False,,,1.633365,lunar_ice_bpc.normalized_additive_objective.v1,normalized_operating_cost_risk_weighted_completion,4899.979159,169.998674416,6598.580145695,1680.0,False,2938.664741,107.188268,6649.904551,1076.796218,5705.814829,0.599730049,0.63052414,1.007778098,0.64095013,1.633365,1.633365,False,1.633365,False,True,8,3,5085,5085,0,0,0,0,0,260,260,True,230,230,0,,1767,0,True,True,0,,0,,False,0,0.107748,FOUND_NEGATIVE,master.reduced_cost_context,B2B_R3_true_dual_negative_search_worker-root-8,b311dcab02a8b6063037114750b8d0ce8516e51e8ceec3368a98a1bf2061dfc5,0.497382,69.618216,0.047189,0.047189,182605,465,182605,2365313,69605916,5949,42320,2365313,0,0,0,0,0.0,0.0,387,125,0,59454,8,7,7,1,0,5,WORKER_INCOMPLETE_LIMIT,False,182605,0,False,True,70.633157,Stopped after max_rounds=8; B2B_R3_true_dual_negative_search_worker worker/final-judge root proof is incomplete.,,,False,,,,,,True,True,"wall_time_lower,final_judge_call_count_lower,final_judge_wall_time_lower,time_to_first_addable_negative_available,worker_found_addable_negative"
20-scale full normalized objective,20,lunar_ice_sp50_020_016_seed829016,B2C_limited_pricing_diagnostic,diagnostic_only_no_certificate,B2C_limited_pricing_diagnostic,,0,,False,BPC_INCOMPLETE_PRICING,DIAGNOSTIC_PRICING_FRONTIER,FOUND_NEGATIVE,False,,,1.633365,lunar_ice_bpc.normalized_additive_objective.v1,normalized_operating_cost_risk_weighted_completion,4899.979159,169.998674416,6598.580145695,1680.0,False,2938.664741,107.188268,6649.904551,1076.796218,5705.814829,0.599730049,0.63052414,1.007778098,0.64095013,1.633365,1.633365,False,,False,,0,0,3,0,0,0,0,0,0,0,0,True,0,0,0,,0,0,,,0,,0,,False,0,0.000309,,master.reduced_cost_context,B2C_limited_pricing_diagnostic-diagnostic-root,f4104553ce4723c63f8df3d8c42ca494ce0a345e5959ea5b3b09b04e550b0a62,1.168791,0.0,1.168791,,669,669,669,0,2432,10,8,202369,0,0,0,0,,,0,8,0,0,0,0,0,0,0,0,FOUND_NEGATIVE,False,0,0,False,False,1.185437,B2C_limited_pricing_diagnostic: limited pricing diagnostic cannot certify no-negative or provide an official bound.,,,False,,,,,,False,False,
20-scale full normalized objective,20,lunar_ice_sp50_020_016_seed829016,B2D_proof_tail_kernel_profile,diagnostic_only_no_certificate,B2D_proof_tail_kernel_profile,,0,,False,BPC_INCOMPLETE_PRICING,DIAGNOSTIC_PRICING_FRONTIER,FOUND_NEGATIVE,False,,,1.633365,lunar_ice_bpc.normalized_additive_objective.v1,normalized_operating_cost_risk_weighted_completion,4899.979159,169.998674416,6598.580145695,1680.0,False,2938.664741,107.188268,6649.904551,1076.796218,5705.814829,0.599730049,0.63052414,1.007778098,0.64095013,1.633365,1.633365,False,,False,,0,0,3,0,0,0,0,0,0,0,0,True,0,0,0,,0,0,,,0,,0,,False,0,0.000299,,master.reduced_cost_context,B2D_proof_tail_kernel_profile-diagnostic-root,a809f66b6a7552e0c0947c933300ae4e80fbad8555f1aabe59318e6db5c9b8b8,1.182376,0.0,1.182376,,669,669,669,0,2432,10,8,202369,0,0,0,0,,,0,8,0,0,0,0,0,0,0,0,FOUND_NEGATIVE,False,0,0,False,True,1.199126,B2D_proof_tail_kernel_profile: limited pricing diagnostic cannot certify no-negative or provide an official bound.,,,False,,,,,,False,False,
20-scale full normalized objective,20,lunar_ice_sp50_020_017_seed829017,B0_pure_direct_dp,fixed_graph_direct_dp_oracle,B0_pure_direct_dp,,0,,False,DIRECT_DP_BASELINE_OPTIMAL,DIRECT_DP_FIXED_GRAPH_OPTIMAL,,False,,,1.573675,lunar_ice_bpc.normalized_additive_objective.v1,normalized_operating_cost_risk_weighted_completion,4560.457089,156.574768659,5853.955992438,1680.0,False,2596.693758,93.060094,5999.310377,1055.596784,5089.478003,0.56939331,0.594349235,1.024830112,0.628331419,1.573675,1.573675,False,,False,,0,0,0,0,0,0,0,0,0,0,0,True,0,0,0,,0,0,,,0,,0,,False,0,,,,,,,,,,0,,0,0,0,0,0,0,0,0,0,0,,,0,0,0,0,0,0,0,0,0,0,,False,0,0,False,False,47.625991,,,,False,,,,,,False,False,
20-scale full normalized objective,20,lunar_ice_sp50_020_017_seed829017,B1A_full_universe_root_audit,accepted_B1,B1A_full_universe_root_audit,,0,1048575,False,BPC_INCOMPLETE_PRICING,FEASIBLE_INCUMBENT_ONLY,INCOMPLETE_LIMIT,False,,,1.573675,lunar_ice_bpc.normalized_additive_objective.v1,normalized_operating_cost_risk_weighted_completion,4560.457089,156.574768659,5853.955992438,1680.0,False,2596.693758,93.060094,5999.310377,1055.596784,5089.478003,0.56939331,0.594349235,1.024830112,0.628331419,1.573675,1.573675,False,,False,,0,0,0,0,0,0,0,0,0,0,0,True,0,0,0,,0,0,False,False,0,,0,,False,0,,,,,,,,,,0,,0,0,0,0,0,0,0,0,0,0,,,0,0,0,0,0,0,0,0,0,0,,False,0,0,False,False,4e-05,dense RMP tableau precheck failed before loading active columns: estimated_cells=1099554619392 exceeds limit=50000000,,,True,b1a_full_universe_active_rmp,dense RMP tableau precheck failed before loading active columns: estimated_cells=1099554619392 exceeds limit=50000000,1048575,1099554619392,50000000,False,False,
20-scale full normalized objective,20,lunar_ice_sp50_020_017_seed829017,B1B_seeded_root_CG,accepted_B1,B1B_seeded_root_CG,,23,,False,BPC_GAP_AVAILABLE,BPC_NODE_LP_CERTIFIED,CERTIFIED_NO_NEGATIVE,True,b1_root_true_dual_pricing_closure,BPC_NODE_LP_CERTIFIED,1.573675,lunar_ice_bpc.normalized_additive_objective.v1,normalized_operating_cost_risk_weighted_completion,4560.457089,156.574768659,5853.955992438,1680.0,False,2596.693758,93.060094,5999.310377,1055.596784,5089.478003,0.56939331,0.594349235,1.024830112,0.628331419,1.573675,1.573675,False,1.57025,True,True,5,5,0,0,0,0,0,0,0,0,0,True,1106,1106,0,,0,0,True,True,0,,0,,False,0,,,,,,,,,,0,,0,0,0,0,0,0,0,0,0,0,,,0,0,0,0,0,0,0,0,0,0,,False,0,0,False,False,250.397233,,,,False,,,,,,False,False,
20-scale full normalized objective,20,lunar_ice_sp50_020_017_seed829017,B2_PRODUCT_EXACT_SOLVER,fixed_graph_direct_dp_product_exact,B2_PRODUCT_EXACT_SOLVER,,0,,False,DIRECT_DP_BASELINE_OPTIMAL,DIRECT_DP_FIXED_GRAPH_OPTIMAL,NOT_PRICED,False,,,1.573675,lunar_ice_bpc.normalized_additive_objective.v1,normalized_operating_cost_risk_weighted_completion,4560.457089,156.574768659,5853.955992438,1680.0,False,2596.693758,93.060094,5999.310377,1055.596784,5089.478003,0.56939331,0.594349235,1.024830112,0.628331419,1.573675,1.573675,False,,False,,0,0,0,0,0,0,0,0,0,0,0,True,0,0,0,,0,0,,,0,DIRECT_DP_FIXED_GRAPH_OPTIMAL,1,1.573675,True,1,,,,,,,,,,117478,,117478,0,0,26733,0,2015064,0,0,0,0,,,0,0,0,0,0,0,0,0,0,0,,False,0,0,False,False,1.8e-05,,,,False,,,,,,False,False,
20-scale full normalized objective,20,lunar_ice_sp50_020_017_seed829017,B2A_full_universe_rc_audit_fast_path,B1A_full_universe_root_audit,B2A_full_universe_rc_audit_fast_path,,0,1048575,False,BPC_INCOMPLETE_PRICING,FEASIBLE_INCUMBENT_ONLY,INCOMPLETE_LIMIT,False,,,1.573675,lunar_ice_bpc.normalized_additive_objective.v1,normalized_operating_cost_risk_weighted_completion,4560.457089,156.574768659,5853.955992438,1680.0,False,2596.693758,93.060094,5999.310377,1055.596784,5089.478003,0.56939331,0.594349235,1.024830112,0.628331419,1.573675,1.573675,False,,False,,0,0,0,0,0,0,0,0,0,0,0,True,0,0,0,,0,0,False,False,0,,0,,False,0,0.0,,,,,0.0,0.0,,,0,,0,0,0,0,0,0,0,0,0,0,0.0,0.0,0,0,0,0,0,0,0,0,0,0,,False,0,0,False,False,7.6e-05,dense RMP tableau precheck failed before loading active columns: estimated_cells=1099554619392 exceeds limit=50000000,,,True,b2a_full_universe_active_rmp,dense RMP tableau precheck failed before loading active columns: estimated_cells=1099554619392 exceeds limit=50000000,1048575,1099554619392,50000000,False,False,final_judge_wall_time_lower
20-scale full normalized objective,20,lunar_ice_sp50_020_017_seed829017,B2B_seeded_tail_CG,B1B_seeded_root_CG,B2B_seeded_tail_CG,,23,,False,BPC_INCOMPLETE_PRICING,DIAGNOSTIC_PRICING_FRONTIER,INCOMPLETE_LIMIT,False,,,1.573675,lunar_ice_bpc.normalized_additive_objective.v1,normalized_operating_cost_risk_weighted_completion,4560.457089,156.574768659,5853.955992438,1680.0,False,2596.693758,93.060094,5999.310377,1055.596784,5089.478003,0.56939331,0.594349235,1.024830112,0.628331419,1.573675,1.573675,False,1.573675,False,True,8,8,25884,25884,0,0,0,0,0,512,512,True,512,512,0,,0,0,True,True,0,,0,,False,0,0.0,,,,,0.0,47.372596,,,0,,0,0,0,0,0,0,0,0,0,0,0.0,0.0,0,0,0,0,0,0,0,0,0,0,,False,0,0,False,False,390.98251,Stopped after max_rounds=8; B2B root no-negative proof is incomplete.,,,False,,,,,,True,True,final_judge_wall_time_lower
20-scale full normalized objective,20,lunar_ice_sp50_020_017_seed829017,B2B_R2_worker_before_final_judge,B1B_seeded_root_CG,B2B_R2_worker_before_final_judge,b2b_r2_lightweight_no_full_universe_enumeration,23,,False,BPC_INCOMPLETE_PRICING,DIAGNOSTIC_PRICING_FRONTIER,INCOMPLETE_LIMIT,False,,,1.573675,lunar_ice_bpc.normalized_additive_objective.v1,normalized_operating_cost_risk_weighted_completion,4560.457089,156.574768659,5853.955992438,1680.0,False,2596.693758,93.060094,5999.310377,1055.596784,5089.478003,0.56939331,0.594349235,1.024830112,0.628331419,1.573675,1.573675,False,1.573675,False,True,8,3,10394,10394,0,0,0,0,0,263,263,True,234,234,0,,3545,0,True,True,0,,0,,False,0,0.07841,FOUND_NEGATIVE,master.reduced_cost_context,B2B_R2_worker_before_final_judge-root-8,4fe6fbb13aed487a11da215c05643c9470644b02eab069f52ab30af525a937d0,0.630898,141.673838,0.06546,0.06546,356627,482,356627,6109768,122350604,11309,80711,6109768,0,0,0,0,0.0,0.0,390,122,0,117478,8,7,7,1,0,5,WORKER_INCOMPLETE_LIMIT,False,356627,0,False,True,143.058953,Stopped after max_rounds=8; B2B_R2_worker_before_final_judge worker/final-judge root proof is incomplete.,,,False,,,,,,True,True,"wall_time_lower,final_judge_call_count_lower,final_judge_wall_time_lower,time_to_first_addable_negative_available,worker_found_addable_negative"
20-scale full normalized objective,20,lunar_ice_sp50_020_017_seed829017,B2B_R3_true_dual_negative_search_worker,B1B_seeded_root_CG,B2B_R3_true_dual_negative_search_worker,b2b_r3_lightweight_no_full_universe_enumeration,23,,False,BPC_INCOMPLETE_PRICING,DIAGNOSTIC_PRICING_FRONTIER,INCOMPLETE_LIMIT,False,,,1.573675,lunar_ice_bpc.normalized_additive_objective.v1,normalized_operating_cost_risk_weighted_completion,4560.457089,156.574768659,5853.955992438,1680.0,False,2596.693758,93.060094,5999.310377,1055.596784,5089.478003,0.56939331,0.594349235,1.024830112,0.628331419,1.573675,1.573675,False,1.573675,False,True,8,3,10394,10394,0,0,0,0,0,263,263,True,234,234,0,,3545,0,True,True,0,,0,,False,0,0.077361,FOUND_NEGATIVE,master.reduced_cost_context,B2B_R3_true_dual_negative_search_worker-root-8,b356069dc0908598dea50d25da52d5119c69cc8321d14f05d13309a22fc27a4b,0.633314,143.300141,0.066061,0.066061,356627,482,356627,6109768,122350604,11309,80711,6109768,0,0,0,0,0.0,0.0,390,122,0,117478,8,7,7,1,0,5,WORKER_INCOMPLETE_LIMIT,False,356627,0,False,True,144.687198,Stopped after max_rounds=8; B2B_R3_true_dual_negative_search_worker worker/final-judge root proof is incomplete.,,,False,,,,,,True,True,"wall_time_lower,final_judge_call_count_lower,final_judge_wall_time_lower,time_to_first_addable_negative_available,worker_found_addable_negative"
20-scale full normalized objective,20,lunar_ice_sp50_020_017_seed829017,B2C_limited_pricing_diagnostic,diagnostic_only_no_certificate,B2C_limited_pricing_diagnostic,,0,,False,BPC_INCOMPLETE_PRICING,DIAGNOSTIC_PRICING_FRONTIER,FOUND_NEGATIVE,False,,,1.573675,lunar_ice_bpc.normalized_additive_objective.v1,normalized_operating_cost_risk_weighted_completion,4560.457089,156.574768659,5853.955992438,1680.0,False,2596.693758,93.060094,5999.310377,1055.596784,5089.478003,0.56939331,0.594349235,1.024830112,0.628331419,1.573675,1.573675,False,,False,,0,0,2,0,0,0,0,0,0,0,0,True,0,0,0,,0,0,,,0,,0,,False,0,0.000315,,master.reduced_cost_context,B2C_limited_pricing_diagnostic-diagnostic-root,64da331649b910b7eccb4c90312bb9be038c8363068185ec0f69aa1efb020747,1.885036,0.0,1.885036,,686,686,686,0,6626,11,8,310889,0,0,0,0,,,0,8,0,0,0,0,0,0,0,0,FOUND_NEGATIVE,False,0,0,False,False,1.904178,B2C_limited_pricing_diagnostic: limited pricing diagnostic cannot certify no-negative or provide an official bound.,,,False,,,,,,False,False,
20-scale full normalized objective,20,lunar_ice_sp50_020_017_seed829017,B2D_proof_tail_kernel_profile,diagnostic_only_no_certificate,B2D_proof_tail_kernel_profile,,0,,False,BPC_INCOMPLETE_PRICING,DIAGNOSTIC_PRICING_FRONTIER,FOUND_NEGATIVE,False,,,1.573675,lunar_ice_bpc.normalized_additive_objective.v1,normalized_operating_cost_risk_weighted_completion,4560.457089,156.574768659,5853.955992438,1680.0,False,2596.693758,93.060094,5999.310377,1055.596784,5089.478003,0.56939331,0.594349235,1.024830112,0.628331419,1.573675,1.573675,False,,False,,0,0,2,0,0,0,0,0,0,0,0,True,0,0,0,,0,0,,,0,,0,,False,0,0.000338,,master.reduced_cost_context,B2D_proof_tail_kernel_profile-diagnostic-root,2446b9e96dd9f4d725572b13f23a22f028eba0721304f5701bbef6b2682745cb,1.849845,0.0,1.849845,,686,686,686,0,6626,11,8,310889,0,0,0,0,,,0,8,0,0,0,0,0,0,0,0,FOUND_NEGATIVE,False,0,0,False,True,1.867455,B2D_proof_tail_kernel_profile: limited pricing diagnostic cannot certify no-negative or provide an official bound.,,,False,,,,,,False,False,
20-scale full normalized objective,20,lunar_ice_sp50_020_018_seed829018,B0_pure_direct_dp,fixed_graph_direct_dp_oracle,B0_pure_direct_dp,,0,,False,DIRECT_DP_BASELINE_OPTIMAL,DIRECT_DP_FIXED_GRAPH_OPTIMAL,,False,,,1.431613,lunar_ice_bpc.normalized_additive_objective.v1,normalized_operating_cost_risk_weighted_completion,4786.747266,179.854046877,6346.541858805,1680.0,False,2429.90925,92.336873,6514.415005,1013.513787,5128.012125,0.507632661,0.513398918,1.026451121,0.603282016,1.431612,1.431613,False,,False,,0,0,0,0,0,0,0,0,0,0,0,True,0,0,0,,0,0,,,0,,0,,False,0,,,,,,,,,,0,,0,0,0,0,0,0,0,0,0,0,,,0,0,0,0,0,0,0,0,0,0,,False,0,0,False,False,25.206628,,,,False,,,,,,False,False,
20-scale full normalized objective,20,lunar_ice_sp50_020_018_seed829018,B1A_full_universe_root_audit,accepted_B1,B1A_full_universe_root_audit,,0,1048575,False,BPC_INCOMPLETE_PRICING,FEASIBLE_INCUMBENT_ONLY,INCOMPLETE_LIMIT,False,,,1.431613,lunar_ice_bpc.normalized_additive_objective.v1,normalized_operating_cost_risk_weighted_completion,4786.747266,179.854046877,6346.541858805,1680.0,False,2429.90925,92.336873,6514.415005,1013.513787,5128.012125,0.507632661,0.513398918,1.026451121,0.603282016,1.431612,1.431613,False,,False,,0,0,0,0,0,0,0,0,0,0,0,True,0,0,0,,0,0,False,False,0,,0,,False,0,,,,,,,,,,0,,0,0,0,0,0,0,0,0,0,0,,,0,0,0,0,0,0,0,0,0,0,,False,0,0,False,False,3.8e-05,dense RMP tableau precheck failed before loading active columns: estimated_cells=1099554619392 exceeds limit=50000000,,,True,b1a_full_universe_active_rmp,dense RMP tableau precheck failed before loading active columns: estimated_cells=1099554619392 exceeds limit=50000000,1048575,1099554619392,50000000,False,False,
20-scale full normalized objective,20,lunar_ice_sp50_020_018_seed829018,B1B_seeded_root_CG,accepted_B1,B1B_seeded_root_CG,,23,,False,BPC_GAP_AVAILABLE,BPC_NODE_LP_CERTIFIED,CERTIFIED_NO_NEGATIVE,True,b1_root_true_dual_pricing_closure,BPC_NODE_LP_CERTIFIED,1.431613,lunar_ice_bpc.normalized_additive_objective.v1,normalized_operating_cost_risk_weighted_completion,4786.747266,179.854046877,6346.541858805,1680.0,False,2429.90925,92.336873,6514.415005,1013.513787,5128.012125,0.507632661,0.513398918,1.026451121,0.603282016,1.431612,1.431613,False,1.431613,True,True,8,8,0,0,0,0,0,0,0,0,0,True,1579,1579,0,,0,0,True,True,0,,0,,False,0,,,,,,,,,,0,,0,0,0,0,0,0,0,0,0,0,,,0,0,0,0,0,0,0,0,0,0,,False,0,0,False,False,220.573411,,,,False,,,,,,False,False,
20-scale full normalized objective,20,lunar_ice_sp50_020_018_seed829018,B2_PRODUCT_EXACT_SOLVER,fixed_graph_direct_dp_product_exact,B2_PRODUCT_EXACT_SOLVER,,0,,False,DIRECT_DP_BASELINE_OPTIMAL,DIRECT_DP_FIXED_GRAPH_OPTIMAL,NOT_PRICED,False,,,1.431613,lunar_ice_bpc.normalized_additive_objective.v1,normalized_operating_cost_risk_weighted_completion,4786.747266,179.854046877,6346.541858805,1680.0,False,2429.90925,92.336873,6514.415005,1013.513787,5128.012125,0.507632661,0.513398918,1.026451121,0.603282016,1.431612,1.431613,False,,False,,0,0,0,0,0,0,0,0,0,0,0,True,0,0,0,,0,0,,,0,DIRECT_DP_FIXED_GRAPH_OPTIMAL,1,1.431613,True,1,,,,,,,,,,56200,,56200,0,0,15283,0,793471,0,0,0,0,,,0,0,0,0,0,0,0,0,0,0,,False,0,0,False,False,1.8e-05,,,,False,,,,,,False,False,
20-scale full normalized objective,20,lunar_ice_sp50_020_018_seed829018,B2A_full_universe_rc_audit_fast_path,B1A_full_universe_root_audit,B2A_full_universe_rc_audit_fast_path,,0,1048575,False,BPC_INCOMPLETE_PRICING,FEASIBLE_INCUMBENT_ONLY,INCOMPLETE_LIMIT,False,,,1.431613,lunar_ice_bpc.normalized_additive_objective.v1,normalized_operating_cost_risk_weighted_completion,4786.747266,179.854046877,6346.541858805,1680.0,False,2429.90925,92.336873,6514.415005,1013.513787,5128.012125,0.507632661,0.513398918,1.026451121,0.603282016,1.431612,1.431613,False,,False,,0,0,0,0,0,0,0,0,0,0,0,True,0,0,0,,0,0,False,False,0,,0,,False,0,0.0,,,,,0.0,0.0,,,0,,0,0,0,0,0,0,0,0,0,0,0.0,0.0,0,0,0,0,0,0,0,0,0,0,,False,0,0,False,False,7.7e-05,dense RMP tableau precheck failed before loading active columns: estimated_cells=1099554619392 exceeds limit=50000000,,,True,b2a_full_universe_active_rmp,dense RMP tableau precheck failed before loading active columns: estimated_cells=1099554619392 exceeds limit=50000000,1048575,1099554619392,50000000,False,False,final_judge_wall_time_lower
20-scale full normalized objective,20,lunar_ice_sp50_020_018_seed829018,B2B_seeded_tail_CG,B1B_seeded_root_CG,B2B_seeded_tail_CG,,23,,False,BPC_INCOMPLETE_PRICING,DIAGNOSTIC_PRICING_FRONTIER,INCOMPLETE_LIMIT,False,,,1.431613,lunar_ice_bpc.normalized_additive_objective.v1,normalized_operating_cost_risk_weighted_completion,4786.747266,179.854046877,6346.541858805,1680.0,False,2429.90925,92.336873,6514.415005,1013.513787,5128.012125,0.507632661,0.513398918,1.026451121,0.603282016,1.431612,1.431613,False,1.431613,False,True,8,8,12788,12788,0,0,0,0,0,399,399,True,399,399,0,,0,0,True,True,0,,0,,False,0,0.0,,,,,0.0,25.23871,,,0,,0,0,0,0,0,0,0,0,0,0,0.0,0.0,0,0,0,0,0,0,0,0,0,0,,False,0,0,False,False,203.246415,Stopped after max_rounds=8; B2B root no-negative proof is incomplete.,,,False,,,,,,True,False,"wall_time_lower,final_judge_wall_time_lower"
20-scale full normalized objective,20,lunar_ice_sp50_020_018_seed829018,B2B_R2_worker_before_final_judge,B1B_seeded_root_CG,B2B_R2_worker_before_final_judge,b2b_r2_lightweight_no_full_universe_enumeration,23,,False,BPC_INCOMPLETE_PRICING,DIAGNOSTIC_PRICING_FRONTIER,INCOMPLETE_LIMIT,False,,,1.431613,lunar_ice_bpc.normalized_additive_objective.v1,normalized_operating_cost_risk_weighted_completion,4786.747266,179.854046877,6346.541858805,1680.0,False,2429.90925,92.336873,6514.415005,1013.513787,5128.012125,0.507632661,0.513398918,1.026451121,0.603282016,1.431612,1.431613,False,1.431613,False,True,8,2,2875,2875,0,0,0,0,0,214,214,True,177,177,0,,0,0,True,True,0,,0,,False,0,0.070136,FOUND_NEGATIVE,master.reduced_cost_context,B2B_R2_worker_before_final_judge-root-8,f9966b04656540ddf5e50fe8ca58ad13461a081951647af28cf43b2ab1b23344,0.557418,49.474127,0.052565,0.052565,116727,491,116727,1647050,53893662,3733,31078,1647050,0,0,0,0,0.0,0.0,380,132,0,56200,8,8,8,0,0,6,WORKER_INCOMPLETE_LIMIT,False,116727,0,False,True,50.269852,Stopped after max_rounds=8; B2B_R2_worker_before_final_judge worker/final-judge root proof is incomplete.,,,False,,,,,,True,False,"wall_time_lower,final_judge_call_count_lower,final_judge_wall_time_lower,time_to_first_addable_negative_available,worker_found_addable_negative"
20-scale full normalized objective,20,lunar_ice_sp50_020_018_seed829018,B2B_R3_true_dual_negative_search_worker,B1B_seeded_root_CG,B2B_R3_true_dual_negative_search_worker,b2b_r3_lightweight_no_full_universe_enumeration,23,,False,BPC_INCOMPLETE_PRICING,DIAGNOSTIC_PRICING_FRONTIER,INCOMPLETE_LIMIT,False,,,1.431613,lunar_ice_bpc.normalized_additive_objective.v1,normalized_operating_cost_risk_weighted_completion,4786.747266,179.854046877,6346.541858805,1680.0,False,2429.90925,92.336873,6514.415005,1013.513787,5128.012125,0.507632661,0.513398918,1.026451121,0.603282016,1.431612,1.431613,False,1.431613,False,True,8,2,2875,2875,0,0,0,0,0,214,214,True,177,177,0,,0,0,True,True,0,,0,,False,0,0.072742,FOUND_NEGATIVE,master.reduced_cost_context,B2B_R3_true_dual_negative_search_worker-root-8,6142bcd07cea3a5e41981c3e53b74d8a012952fc43a42819a3c41d01d82f1120,0.555041,49.509162,0.056324,0.056324,116727,491,116727,1647050,53893662,3733,31078,1647050,0,0,0,0,0.0,0.0,380,132,0,56200,8,8,8,0,0,6,WORKER_INCOMPLETE_LIMIT,False,116727,0,False,True,50.30313,Stopped after max_rounds=8; B2B_R3_true_dual_negative_search_worker worker/final-judge root proof is incomplete.,,,False,,,,,,True,False,"wall_time_lower,final_judge_call_count_lower,final_judge_wall_time_lower,time_to_first_addable_negative_available,worker_found_addable_negative"
20-scale full normalized objective,20,lunar_ice_sp50_020_018_seed829018,B2C_limited_pricing_diagnostic,diagnostic_only_no_certificate,B2C_limited_pricing_diagnostic,,0,,False,BPC_INCOMPLETE_PRICING,DIAGNOSTIC_PRICING_FRONTIER,FOUND_NEGATIVE,False,,,1.431613,lunar_ice_bpc.normalized_additive_objective.v1,normalized_operating_cost_risk_weighted_completion,4786.747266,179.854046877,6346.541858805,1680.0,False,2429.90925,92.336873,6514.415005,1013.513787,5128.012125,0.507632661,0.513398918,1.026451121,0.603282016,1.431612,1.431613,False,,False,,0,0,2,0,0,0,0,0,0,0,0,True,0,0,0,,0,0,,,0,,0,,False,0,0.00033,,master.reduced_cost_context,B2C_limited_pricing_diagnostic-diagnostic-root,0a86bcf2a601119693e8e328075569d448e897e3a26b884009e8e5ff2530d40a,1.298508,0.0,1.298508,,828,828,828,0,4209,11,8,217935,0,0,0,0,,,0,8,0,0,0,0,0,0,0,0,FOUND_NEGATIVE,False,0,0,False,False,1.316315,B2C_limited_pricing_diagnostic: limited pricing diagnostic cannot certify no-negative or provide an official bound.,,,False,,,,,,False,False,
20-scale full normalized objective,20,lunar_ice_sp50_020_018_seed829018,B2D_proof_tail_kernel_profile,diagnostic_only_no_certificate,B2D_proof_tail_kernel_profile,,0,,False,BPC_INCOMPLETE_PRICING,DIAGNOSTIC_PRICING_FRONTIER,FOUND_NEGATIVE,False,,,1.431613,lunar_ice_bpc.normalized_additive_objective.v1,normalized_operating_cost_risk_weighted_completion,4786.747266,179.854046877,6346.541858805,1680.0,False,2429.90925,92.336873,6514.415005,1013.513787,5128.012125,0.507632661,0.513398918,1.026451121,0.603282016,1.431612,1.431613,False,,False,,0,0,2,0,0,0,0,0,0,0,0,True,0,0,0,,0,0,,,0,,0,,False,0,0.000323,,master.reduced_cost_context,B2D_proof_tail_kernel_profile-diagnostic-root,a52da3b882ce39040bf5dfe4c19d75947dadf85bbd5ce3dba9ee6a7868ad2a72,1.305575,0.0,1.305575,,828,828,828,0,4209,11,8,217935,0,0,0,0,,,0,8,0,0,0,0,0,0,0,0,FOUND_NEGATIVE,False,0,0,False,True,1.324843,B2D_proof_tail_kernel_profile: limited pricing diagnostic cannot certify no-negative or provide an official bound.,,,False,,,,,,False,False,
20-scale full normalized objective,20,lunar_ice_sp50_020_019_seed829019,B0_pure_direct_dp,fixed_graph_direct_dp_oracle,B0_pure_direct_dp,,0,,False,DIRECT_DP_BASELINE_OPTIMAL,DIRECT_DP_FIXED_GRAPH_OPTIMAL,,False,,,1.56868,lunar_ice_bpc.normalized_additive_objective.v1,normalized_operating_cost_risk_weighted_completion,4945.04863,178.242602788,6880.672689392,1680.0,False,2830.245154,104.805672,7024.248244,1003.014505,5744.750124,0.572339195,0.587994511,1.0208665,0.597032443,1.56868,1.56868,False,,False,,0,0,0,0,0,0,0,0,0,0,0,True,0,0,0,,0,0,,,0,,0,,False,0,,,,,,,,,,0,,0,0,0,0,0,0,0,0,0,0,,,0,0,0,0,0,0,0,0,0,0,,False,0,0,False,False,20.149274,,,,False,,,,,,False,False,
20-scale full normalized objective,20,lunar_ice_sp50_020_019_seed829019,B1A_full_universe_root_audit,accepted_B1,B1A_full_universe_root_audit,,0,1048575,False,BPC_INCOMPLETE_PRICING,FEASIBLE_INCUMBENT_ONLY,INCOMPLETE_LIMIT,False,,,1.56868,lunar_ice_bpc.normalized_additive_objective.v1,normalized_operating_cost_risk_weighted_completion,4945.04863,178.242602788,6880.672689392,1680.0,False,2830.245154,104.805672,7024.248244,1003.014505,5744.750124,0.572339195,0.587994511,1.0208665,0.597032443,1.56868,1.56868,False,,False,,0,0,0,0,0,0,0,0,0,0,0,True,0,0,0,,0,0,False,False,0,,0,,False,0,,,,,,,,,,0,,0,0,0,0,0,0,0,0,0,0,,,0,0,0,0,0,0,0,0,0,0,,False,0,0,False,False,4.1e-05,dense RMP tableau precheck failed before loading active columns: estimated_cells=1099554619392 exceeds limit=50000000,,,True,b1a_full_universe_active_rmp,dense RMP tableau precheck failed before loading active columns: estimated_cells=1099554619392 exceeds limit=50000000,1048575,1099554619392,50000000,False,False,
20-scale full normalized objective,20,lunar_ice_sp50_020_019_seed829019,B1B_seeded_root_CG,accepted_B1,B1B_seeded_root_CG,,23,,False,BPC_GAP_AVAILABLE,BPC_NODE_LP_CERTIFIED,CERTIFIED_NO_NEGATIVE,True,b1_root_true_dual_pricing_closure,BPC_NODE_LP_CERTIFIED,1.56868,lunar_ice_bpc.normalized_additive_objective.v1,normalized_operating_cost_risk_weighted_completion,4945.04863,178.242602788,6880.672689392,1680.0,False,2830.245154,104.805672,7024.248244,1003.014505,5744.750124,0.572339195,0.587994511,1.0208665,0.597032443,1.56868,1.56868,False,1.562536,True,True,5,5,0,0,0,0,0,0,0,0,0,True,1112,1112,0,,0,0,True,True,0,,0,,False,0,,,,,,,,,,0,,0,0,0,0,0,0,0,0,0,0,,,0,0,0,0,0,0,0,0,0,0,,False,0,0,False,False,111.132609,,,,False,,,,,,False,False,
20-scale full normalized objective,20,lunar_ice_sp50_020_019_seed829019,B2_PRODUCT_EXACT_SOLVER,fixed_graph_direct_dp_product_exact,B2_PRODUCT_EXACT_SOLVER,,0,,False,DIRECT_DP_BASELINE_OPTIMAL,DIRECT_DP_FIXED_GRAPH_OPTIMAL,NOT_PRICED,False,,,1.56868,lunar_ice_bpc.normalized_additive_objective.v1,normalized_operating_cost_risk_weighted_completion,4945.04863,178.242602788,6880.672689392,1680.0,False,2830.245154,104.805672,7024.248244,1003.014505,5744.750124,0.572339195,0.587994511,1.0208665,0.597032443,1.56868,1.56868,False,,False,,0,0,0,0,0,0,0,0,0,0,0,True,0,0,0,,0,0,,,0,DIRECT_DP_FIXED_GRAPH_OPTIMAL,1,1.56868,True,1,,,,,,,,,,44991,,44991,0,0,15143,0,739375,0,0,0,0,,,0,0,0,0,0,0,0,0,0,0,,False,0,0,False,False,1.8e-05,,,,False,,,,,,False,False,
20-scale full normalized objective,20,lunar_ice_sp50_020_019_seed829019,B2A_full_universe_rc_audit_fast_path,B1A_full_universe_root_audit,B2A_full_universe_rc_audit_fast_path,,0,1048575,False,BPC_INCOMPLETE_PRICING,FEASIBLE_INCUMBENT_ONLY,INCOMPLETE_LIMIT,False,,,1.56868,lunar_ice_bpc.normalized_additive_objective.v1,normalized_operating_cost_risk_weighted_completion,4945.04863,178.242602788,6880.672689392,1680.0,False,2830.245154,104.805672,7024.248244,1003.014505,5744.750124,0.572339195,0.587994511,1.0208665,0.597032443,1.56868,1.56868,False,,False,,0,0,0,0,0,0,0,0,0,0,0,True,0,0,0,,0,0,False,False,0,,0,,False,0,0.0,,,,,0.0,0.0,,,0,,0,0,0,0,0,0,0,0,0,0,0.0,0.0,0,0,0,0,0,0,0,0,0,0,,False,0,0,False,False,7.5e-05,dense RMP tableau precheck failed before loading active columns: estimated_cells=1099554619392 exceeds limit=50000000,,,True,b2a_full_universe_active_rmp,dense RMP tableau precheck failed before loading active columns: estimated_cells=1099554619392 exceeds limit=50000000,1048575,1099554619392,50000000,False,False,final_judge_wall_time_lower
20-scale full normalized objective,20,lunar_ice_sp50_020_019_seed829019,B2B_seeded_tail_CG,B1B_seeded_root_CG,B2B_seeded_tail_CG,,23,,False,BPC_INCOMPLETE_PRICING,DIAGNOSTIC_PRICING_FRONTIER,INCOMPLETE_LIMIT,False,,,1.56868,lunar_ice_bpc.normalized_additive_objective.v1,normalized_operating_cost_risk_weighted_completion,4945.04863,178.242602788,6880.672689392,1680.0,False,2830.245154,104.805672,7024.248244,1003.014505,5744.750124,0.572339195,0.587994511,1.0208665,0.597032443,1.56868,1.56868,False,1.562536,False,True,8,8,7556,7556,0,0,0,0,0,392,392,True,392,392,0,,0,0,True,True,0,,0,,False,0,0.0,,,,,0.0,20.490874,,,0,,0,0,0,0,0,0,0,0,0,0,0.0,0.0,0,0,0,0,0,0,0,0,0,0,,False,0,0,False,False,164.95215,Stopped after max_rounds=8; B2B root no-negative proof is incomplete.,,,False,,,,,,True,False,final_judge_wall_time_lower
20-scale full normalized objective,20,lunar_ice_sp50_020_019_seed829019,B2B_R2_worker_before_final_judge,B1B_seeded_root_CG,B2B_R2_worker_before_final_judge,b2b_r2_lightweight_no_full_universe_enumeration,23,,False,BPC_INCOMPLETE_PRICING,DIAGNOSTIC_PRICING_FRONTIER,INCOMPLETE_LIMIT,False,,,1.56868,lunar_ice_bpc.normalized_additive_objective.v1,normalized_operating_cost_risk_weighted_completion,4945.04863,178.242602788,6880.672689392,1680.0,False,2830.245154,104.805672,7024.248244,1003.014505,5744.750124,0.572339195,0.587994511,1.0208665,0.597032443,1.56868,1.56868,False,1.56868,False,True,8,3,4720,4720,0,0,0,0,0,254,254,True,225,225,0,,1392,0,True,True,0,,0,,False,0,0.048109,FOUND_NEGATIVE,master.reduced_cost_context,B2B_R2_worker_before_final_judge-root-8,20135de4b44f2ba9751f6c6568b87deacd63599b4ec0bf4cf754a84e7c850155,0.612383,60.789535,0.067978,0.067978,138828,425,138828,2285259,60921739,5589,45941,2285259,0,0,0,0,0.0,0.0,386,126,0,44991,8,7,7,1,0,5,WORKER_INCOMPLETE_LIMIT,False,138828,0,False,True,61.755279,Stopped after max_rounds=8; B2B_R2_worker_before_final_judge worker/final-judge root proof is incomplete.,,,False,,,,,,True,True,"wall_time_lower,final_judge_call_count_lower,final_judge_wall_time_lower,time_to_first_addable_negative_available,worker_found_addable_negative"
20-scale full normalized objective,20,lunar_ice_sp50_020_019_seed829019,B2B_R3_true_dual_negative_search_worker,B1B_seeded_root_CG,B2B_R3_true_dual_negative_search_worker,b2b_r3_lightweight_no_full_universe_enumeration,23,,False,BPC_INCOMPLETE_PRICING,DIAGNOSTIC_PRICING_FRONTIER,INCOMPLETE_LIMIT,False,,,1.56868,lunar_ice_bpc.normalized_additive_objective.v1,normalized_operating_cost_risk_weighted_completion,4945.04863,178.242602788,6880.672689392,1680.0,False,2830.245154,104.805672,7024.248244,1003.014505,5744.750124,0.572339195,0.587994511,1.0208665,0.597032443,1.56868,1.56868,False,1.56868,False,True,8,3,4720,4720,0,0,0,0,0,254,254,True,225,225,0,,1392,0,True,True,0,,0,,False,0,0.048348,FOUND_NEGATIVE,master.reduced_cost_context,B2B_R3_true_dual_negative_search_worker-root-8,ceca72028ada0485bce26bd522bc315d975295c16348bad20692a67e43dc7ea4,0.604286,61.004088,0.066494,0.066494,138828,425,138828,2285259,60921739,5589,45941,2285259,0,0,0,0,0.0,0.0,386,126,0,44991,8,7,7,1,0,5,WORKER_INCOMPLETE_LIMIT,False,138828,0,False,True,61.95066,Stopped after max_rounds=8; B2B_R3_true_dual_negative_search_worker worker/final-judge root proof is incomplete.,,,False,,,,,,True,True,"wall_time_lower,final_judge_call_count_lower,final_judge_wall_time_lower,time_to_first_addable_negative_available,worker_found_addable_negative"
20-scale full normalized objective,20,lunar_ice_sp50_020_019_seed829019,B2C_limited_pricing_diagnostic,diagnostic_only_no_certificate,B2C_limited_pricing_diagnostic,,0,,False,BPC_INCOMPLETE_PRICING,DIAGNOSTIC_PRICING_FRONTIER,FOUND_NEGATIVE,False,,,1.56868,lunar_ice_bpc.normalized_additive_objective.v1,normalized_operating_cost_risk_weighted_completion,4945.04863,178.242602788,6880.672689392,1680.0,False,2830.245154,104.805672,7024.248244,1003.014505,5744.750124,0.572339195,0.587994511,1.0208665,0.597032443,1.56868,1.56868,False,,False,,0,0,4,0,0,0,0,0,0,0,0,True,0,0,0,,0,0,,,0,,0,,False,0,0.000305,,master.reduced_cost_context,B2C_limited_pricing_diagnostic-diagnostic-root,bb8d1981dc82c07a95f128775ad301bf88b834c46451c286961a07af1a1c47e2,2.119067,0.0,2.119067,,476,476,476,0,5374,9,8,375787,0,0,0,0,,,0,8,0,0,0,0,0,0,0,0,FOUND_NEGATIVE,False,0,0,False,False,2.136498,B2C_limited_pricing_diagnostic: limited pricing diagnostic cannot certify no-negative or provide an official bound.,,,False,,,,,,False,False,
20-scale full normalized objective,20,lunar_ice_sp50_020_019_seed829019,B2D_proof_tail_kernel_profile,diagnostic_only_no_certificate,B2D_proof_tail_kernel_profile,,0,,False,BPC_INCOMPLETE_PRICING,DIAGNOSTIC_PRICING_FRONTIER,FOUND_NEGATIVE,False,,,1.56868,lunar_ice_bpc.normalized_additive_objective.v1,normalized_operating_cost_risk_weighted_completion,4945.04863,178.242602788,6880.672689392,1680.0,False,2830.245154,104.805672,7024.248244,1003.014505,5744.750124,0.572339195,0.587994511,1.0208665,0.597032443,1.56868,1.56868,False,,False,,0,0,4,0,0,0,0,0,0,0,0,True,0,0,0,,0,0,,,0,,0,,False,0,0.000308,,master.reduced_cost_context,B2D_proof_tail_kernel_profile-diagnostic-root,ca324a97b34c365fa88764f02326ca4f3e3d837ccea3c78bc1f5700d43fcab66,2.094985,0.0,2.094985,,476,476,476,0,5374,9,8,375787,0,0,0,0,,,0,8,0,0,0,0,0,0,0,0,FOUND_NEGATIVE,False,0,0,False,True,2.113522,B2D_proof_tail_kernel_profile: limited pricing diagnostic cannot certify no-negative or provide an official bound.,,,False,,,,,,False,False,
20-scale full normalized objective,20,lunar_ice_sp50_020_020_seed829020,B0_pure_direct_dp,fixed_graph_direct_dp_oracle,B0_pure_direct_dp,,0,,False,DIRECT_DP_BASELINE_OPTIMAL,DIRECT_DP_FIXED_GRAPH_OPTIMAL,,False,,,1.636286,lunar_ice_bpc.normalized_additive_objective.v1,normalized_operating_cost_risk_weighted_completion,5043.203801,184.699411743,6823.253645406,1680.0,False,3020.095915,115.987896,6984.615164,1112.314367,5929.929877,0.598844709,0.627981946,1.023648765,0.662091885,1.636286,1.636286,False,,False,,0,0,0,0,0,0,0,0,0,0,0,True,0,0,0,,0,0,,,0,,0,,False,0,,,,,,,,,,0,,0,0,0,0,0,0,0,0,0,0,,,0,0,0,0,0,0,0,0,0,0,,False,0,0,False,False,17.528062,,,,False,,,,,,False,False,
20-scale full normalized objective,20,lunar_ice_sp50_020_020_seed829020,B1A_full_universe_root_audit,accepted_B1,B1A_full_universe_root_audit,,0,1048575,False,BPC_INCOMPLETE_PRICING,FEASIBLE_INCUMBENT_ONLY,INCOMPLETE_LIMIT,False,,,1.636286,lunar_ice_bpc.normalized_additive_objective.v1,normalized_operating_cost_risk_weighted_completion,5043.203801,184.699411743,6823.253645406,1680.0,False,3020.095915,115.987896,6984.615164,1112.314367,5929.929877,0.598844709,0.627981946,1.023648765,0.662091885,1.636286,1.636286,False,,False,,0,0,0,0,0,0,0,0,0,0,0,True,0,0,0,,0,0,False,False,0,,0,,False,0,,,,,,,,,,0,,0,0,0,0,0,0,0,0,0,0,,,0,0,0,0,0,0,0,0,0,0,,False,0,0,False,False,3.8e-05,dense RMP tableau precheck failed before loading active columns: estimated_cells=1099554619392 exceeds limit=50000000,,,True,b1a_full_universe_active_rmp,dense RMP tableau precheck failed before loading active columns: estimated_cells=1099554619392 exceeds limit=50000000,1048575,1099554619392,50000000,False,False,
20-scale full normalized objective,20,lunar_ice_sp50_020_020_seed829020,B1B_seeded_root_CG,accepted_B1,B1B_seeded_root_CG,,23,,False,BPC_GAP_AVAILABLE,BPC_NODE_LP_CERTIFIED,CERTIFIED_NO_NEGATIVE,True,b1_root_true_dual_pricing_closure,BPC_NODE_LP_CERTIFIED,1.636286,lunar_ice_bpc.normalized_additive_objective.v1,normalized_operating_cost_risk_weighted_completion,5043.203801,184.699411743,6823.253645406,1680.0,False,3020.095915,115.987896,6984.615164,1112.314367,5929.929877,0.598844709,0.627981946,1.023648765,0.662091885,1.636286,1.636286,False,1.636286,True,True,5,5,0,0,0,0,0,0,0,0,0,True,1410,1410,0,,0,0,True,True,0,,0,,False,0,,,,,,,,,,0,,0,0,0,0,0,0,0,0,0,0,,,0,0,0,0,0,0,0,0,0,0,,False,0,0,False,False,98.320052,,,,False,,,,,,False,False,
20-scale full normalized objective,20,lunar_ice_sp50_020_020_seed829020,B2_PRODUCT_EXACT_SOLVER,fixed_graph_direct_dp_product_exact,B2_PRODUCT_EXACT_SOLVER,,0,,False,DIRECT_DP_BASELINE_OPTIMAL,DIRECT_DP_FIXED_GRAPH_OPTIMAL,NOT_PRICED,False,,,1.636286,lunar_ice_bpc.normalized_additive_objective.v1,normalized_operating_cost_risk_weighted_completion,5043.203801,184.699411743,6823.253645406,1680.0,False,3020.095915,115.987896,6984.615164,1112.314367,5929.929877,0.598844709,0.627981946,1.023648765,0.662091885,1.636286,1.636286,False,,False,,0,0,0,0,0,0,0,0,0,0,0,True,0,0,0,,0,0,,,0,DIRECT_DP_FIXED_GRAPH_OPTIMAL,1,1.636286,True,1,,,,,,,,,,52360,,52360,0,0,13178,0,515100,0,0,0,0,,,0,0,0,0,0,0,0,0,0,0,,False,0,0,False,False,1.8e-05,,,,False,,,,,,False,False,
20-scale full normalized objective,20,lunar_ice_sp50_020_020_seed829020,B2A_full_universe_rc_audit_fast_path,B1A_full_universe_root_audit,B2A_full_universe_rc_audit_fast_path,,0,1048575,False,BPC_INCOMPLETE_PRICING,FEASIBLE_INCUMBENT_ONLY,INCOMPLETE_LIMIT,False,,,1.636286,lunar_ice_bpc.normalized_additive_objective.v1,normalized_operating_cost_risk_weighted_completion,5043.203801,184.699411743,6823.253645406,1680.0,False,3020.095915,115.987896,6984.615164,1112.314367,5929.929877,0.598844709,0.627981946,1.023648765,0.662091885,1.636286,1.636286,False,,False,,0,0,0,0,0,0,0,0,0,0,0,True,0,0,0,,0,0,False,False,0,,0,,False,0,0.0,,,,,0.0,0.0,,,0,,0,0,0,0,0,0,0,0,0,0,0.0,0.0,0,0,0,0,0,0,0,0,0,0,,False,0,0,False,False,8e-05,dense RMP tableau precheck failed before loading active columns: estimated_cells=1099554619392 exceeds limit=50000000,,,True,b2a_full_universe_active_rmp,dense RMP tableau precheck failed before loading active columns: estimated_cells=1099554619392 exceeds limit=50000000,1048575,1099554619392,50000000,False,False,final_judge_wall_time_lower
20-scale full normalized objective,20,lunar_ice_sp50_020_020_seed829020,B2B_seeded_tail_CG,B1B_seeded_root_CG,B2B_seeded_tail_CG,,23,,False,BPC_GAP_AVAILABLE,BPC_NODE_LP_CERTIFIED,CERTIFIED_NO_NEGATIVE,True,b2b_true_dual_pricing_closure,BPC_NODE_LP_CERTIFIED,1.636286,lunar_ice_bpc.normalized_additive_objective.v1,normalized_operating_cost_risk_weighted_completion,5043.203801,184.699411743,6823.253645406,1680.0,False,3020.095915,115.987896,6984.615164,1112.314367,5929.929877,0.598844709,0.627981946,1.023648765,0.662091885,1.636286,1.636286,False,1.636286,True,True,8,8,9944,9944,0,0,0,0,0,448,448,True,448,448,0,,0,0,True,True,0,,0,,False,0,0.0,,,,,0.0,17.951364,,,0,,0,0,0,0,0,0,0,0,0,0,0.0,0.0,0,0,0,0,0,0,0,0,0,0,,False,0,0,False,False,144.027419,,,,False,,,,,,False,False,final_judge_wall_time_lower
20-scale full normalized objective,20,lunar_ice_sp50_020_020_seed829020,B2B_R2_worker_before_final_judge,B1B_seeded_root_CG,B2B_R2_worker_before_final_judge,b2b_r2_lightweight_no_full_universe_enumeration,23,,False,BPC_INCOMPLETE_PRICING,DIAGNOSTIC_PRICING_FRONTIER,INCOMPLETE_LIMIT,False,,,1.636286,lunar_ice_bpc.normalized_additive_objective.v1,normalized_operating_cost_risk_weighted_completion,5043.203801,184.699411743,6823.253645406,1680.0,False,3020.095915,115.987896,6984.615164,1112.314367,5929.929877,0.598844709,0.627981946,1.023648765,0.662091885,1.636286,1.636286,False,1.636286,False,True,8,2,3971,3971,0,0,0,0,0,198,198,True,167,167,0,,2239,0,True,True,0,,0,,False,0,0.053183,FOUND_NEGATIVE,master.reduced_cost_context,B2B_R2_worker_before_final_judge-root-8,a52262fddf4856a069f10b49c53efc89d901f3b35f356ae23e86676e1fe3a372,0.596581,35.494475,0.065818,0.065818,109494,515,109494,1095894,40407968,4855,26868,1095894,0,0,0,0,0.0,0.0,383,129,0,52360,8,7,7,1,0,6,WORKER_INCOMPLETE_LIMIT,False,109494,0,False,True,36.409076,Stopped after max_rounds=8; B2B_R2_worker_before_final_judge worker/final-judge root proof is incomplete.,,,False,,,,,,True,False,"wall_time_lower,final_judge_call_count_lower,final_judge_wall_time_lower,time_to_first_addable_negative_available,worker_found_addable_negative"
20-scale full normalized objective,20,lunar_ice_sp50_020_020_seed829020,B2B_R3_true_dual_negative_search_worker,B1B_seeded_root_CG,B2B_R3_true_dual_negative_search_worker,b2b_r3_lightweight_no_full_universe_enumeration,23,,False,BPC_INCOMPLETE_PRICING,DIAGNOSTIC_PRICING_FRONTIER,INCOMPLETE_LIMIT,False,,,1.636286,lunar_ice_bpc.normalized_additive_objective.v1,normalized_operating_cost_risk_weighted_completion,5043.203801,184.699411743,6823.253645406,1680.0,False,3020.095915,115.987896,6984.615164,1112.314367,5929.929877,0.598844709,0.627981946,1.023648765,0.662091885,1.636286,1.636286,False,1.636286,False,True,8,2,3971,3971,0,0,0,0,0,198,198,True,167,167,0,,2239,0,True,True,0,,0,,False,0,0.053698,FOUND_NEGATIVE,master.reduced_cost_context,B2B_R3_true_dual_negative_search_worker-root-8,25a9e06aa08f3b08a61e5ad29fe9f782d54e00a00d8a2dae814e86c9d6c74ecf,0.598535,35.228536,0.064607,0.064607,109494,515,109494,1095894,40407968,4855,26868,1095894,0,0,0,0,0.0,0.0,383,129,0,52360,8,7,7,1,0,6,WORKER_INCOMPLETE_LIMIT,False,109494,0,False,True,36.14252,Stopped after max_rounds=8; B2B_R3_true_dual_negative_search_worker worker/final-judge root proof is incomplete.,,,False,,,,,,True,False,"wall_time_lower,final_judge_call_count_lower,final_judge_wall_time_lower,time_to_first_addable_negative_available,worker_found_addable_negative"
20-scale full normalized objective,20,lunar_ice_sp50_020_020_seed829020,B2C_limited_pricing_diagnostic,diagnostic_only_no_certificate,B2C_limited_pricing_diagnostic,,0,,False,BPC_INCOMPLETE_PRICING,DIAGNOSTIC_PRICING_FRONTIER,FOUND_NEGATIVE,False,,,1.636286,lunar_ice_bpc.normalized_additive_objective.v1,normalized_operating_cost_risk_weighted_completion,5043.203801,184.699411743,6823.253645406,1680.0,False,3020.095915,115.987896,6984.615164,1112.314367,5929.929877,0.598844709,0.627981946,1.023648765,0.662091885,1.636286,1.636286,False,,False,,0,0,3,0,0,0,0,0,0,0,0,True,0,0,0,,0,0,,,0,,0,,False,0,0.00033,,master.reduced_cost_context,B2C_limited_pricing_diagnostic-diagnostic-root,40678bfc2c7cc328d92eca1e19cd7a44467f4a9e12b3a660a8f706e61a56b7fb,1.580009,0.0,1.580009,,596,596,596,0,3695,10,8,275574,0,0,0,0,,,0,8,0,0,0,0,0,0,0,0,FOUND_NEGATIVE,False,0,0,False,False,1.597169,B2C_limited_pricing_diagnostic: limited pricing diagnostic cannot certify no-negative or provide an official bound.,,,False,,,,,,False,False,
20-scale full normalized objective,20,lunar_ice_sp50_020_020_seed829020,B2D_proof_tail_kernel_profile,diagnostic_only_no_certificate,B2D_proof_tail_kernel_profile,,0,,False,BPC_INCOMPLETE_PRICING,DIAGNOSTIC_PRICING_FRONTIER,FOUND_NEGATIVE,False,,,1.636286,lunar_ice_bpc.normalized_additive_objective.v1,normalized_operating_cost_risk_weighted_completion,5043.203801,184.699411743,6823.253645406,1680.0,False,3020.095915,115.987896,6984.615164,1112.314367,5929.929877,0.598844709,0.627981946,1.023648765,0.662091885,1.636286,1.636286,False,,False,,0,0,3,0,0,0,0,0,0,0,0,True,0,0,0,,0,0,,,0,,0,,False,0,0.000317,,master.reduced_cost_context,B2D_proof_tail_kernel_profile-diagnostic-root,63523edcdf6b8548351535c62262ea2db4da68b496601e940a10215ee4859a9a,1.581104,0.0,1.581104,,596,596,596,0,3695,10,8,275574,0,0,0,0,,,0,8,0,0,0,0,0,0,0,0,FOUND_NEGATIVE,False,0,0,False,True,1.598755,B2D_proof_tail_kernel_profile: limited pricing diagnostic cannot certify no-negative or provide an official bound.,,,False,,,,,,False,False,
20-scale full normalized objective,20,lunar_ice_sp50_020_007_seed829027,B0_pure_direct_dp,fixed_graph_direct_dp_oracle,B0_pure_direct_dp,,0,,False,DIRECT_DP_BASELINE_OPTIMAL,DIRECT_DP_FIXED_GRAPH_OPTIMAL,,False,,,1.839652,lunar_ice_bpc.normalized_additive_objective.v1,normalized_operating_cost_risk_weighted_completion,4808.778993,185.563272044,7423.339193344,1680.0,False,3383.958872,135.712047,7508.635689,1086.09813,6523.125195,0.703704387,0.731351875,1.011490314,0.646486982,1.839652,1.839652,False,,False,,0,0,0,0,0,0,0,0,0,0,0,True,0,0,0,,0,0,,,0,,0,,False,0,,,,,,,,,,0,,0,0,0,0,0,0,0,0,0,0,,,0,0,0,0,0,0,0,0,0,0,,False,0,0,False,False,18.041558,,,,False,,,,,,False,False,
20-scale full normalized objective,20,lunar_ice_sp50_020_007_seed829027,B1A_full_universe_root_audit,accepted_B1,B1A_full_universe_root_audit,,0,1048575,False,BPC_INCOMPLETE_PRICING,FEASIBLE_INCUMBENT_ONLY,INCOMPLETE_LIMIT,False,,,1.839652,lunar_ice_bpc.normalized_additive_objective.v1,normalized_operating_cost_risk_weighted_completion,4808.778993,185.563272044,7423.339193344,1680.0,False,3383.958872,135.712047,7508.635689,1086.09813,6523.125195,0.703704387,0.731351875,1.011490314,0.646486982,1.839652,1.839652,False,,False,,0,0,0,0,0,0,0,0,0,0,0,True,0,0,0,,0,0,False,False,0,,0,,False,0,,,,,,,,,,0,,0,0,0,0,0,0,0,0,0,0,,,0,0,0,0,0,0,0,0,0,0,,False,0,0,False,False,4e-05,dense RMP tableau precheck failed before loading active columns: estimated_cells=1099554619392 exceeds limit=50000000,,,True,b1a_full_universe_active_rmp,dense RMP tableau precheck failed before loading active columns: estimated_cells=1099554619392 exceeds limit=50000000,1048575,1099554619392,50000000,False,False,
20-scale full normalized objective,20,lunar_ice_sp50_020_007_seed829027,B1B_seeded_root_CG,accepted_B1,B1B_seeded_root_CG,,23,,False,BPC_GAP_AVAILABLE,BPC_NODE_LP_CERTIFIED,CERTIFIED_NO_NEGATIVE,True,b1_root_true_dual_pricing_closure,BPC_NODE_LP_CERTIFIED,1.839652,lunar_ice_bpc.normalized_additive_objective.v1,normalized_operating_cost_risk_weighted_completion,4808.778993,185.563272044,7423.339193344,1680.0,False,3383.958872,135.712047,7508.635689,1086.09813,6523.125195,0.703704387,0.731351875,1.011490314,0.646486982,1.839652,1.839652,False,1.839652,True,True,6,6,0,0,0,0,0,0,0,0,0,True,1101,1101,0,,0,0,True,True,0,,0,,False,0,,,,,,,,,,0,,0,0,0,0,0,0,0,0,0,0,,,0,0,0,0,0,0,0,0,0,0,,False,0,0,False,False,120.799015,,,,False,,,,,,False,False,
20-scale full normalized objective,20,lunar_ice_sp50_020_007_seed829027,B2_PRODUCT_EXACT_SOLVER,fixed_graph_direct_dp_product_exact,B2_PRODUCT_EXACT_SOLVER,,0,,False,DIRECT_DP_BASELINE_OPTIMAL,DIRECT_DP_FIXED_GRAPH_OPTIMAL,NOT_PRICED,False,,,1.839652,lunar_ice_bpc.normalized_additive_objective.v1,normalized_operating_cost_risk_weighted_completion,4808.778993,185.563272044,7423.339193344,1680.0,False,3383.958872,135.712047,7508.635689,1086.09813,6523.125195,0.703704387,0.731351875,1.011490314,0.646486982,1.839652,1.839652,False,,False,,0,0,0,0,0,0,0,0,0,0,0,True,0,0,0,,0,0,,,0,DIRECT_DP_FIXED_GRAPH_OPTIMAL,1,1.839652,True,1,,,,,,,,,,39280,,39280,0,0,11741,0,555976,0,0,0,0,,,0,0,0,0,0,0,0,0,0,0,,False,0,0,False,False,1.9e-05,,,,False,,,,,,False,False,
20-scale full normalized objective,20,lunar_ice_sp50_020_007_seed829027,B2A_full_universe_rc_audit_fast_path,B1A_full_universe_root_audit,B2A_full_universe_rc_audit_fast_path,,0,1048575,False,BPC_INCOMPLETE_PRICING,FEASIBLE_INCUMBENT_ONLY,INCOMPLETE_LIMIT,False,,,1.839652,lunar_ice_bpc.normalized_additive_objective.v1,normalized_operating_cost_risk_weighted_completion,4808.778993,185.563272044,7423.339193344,1680.0,False,3383.958872,135.712047,7508.635689,1086.09813,6523.125195,0.703704387,0.731351875,1.011490314,0.646486982,1.839652,1.839652,False,,False,,0,0,0,0,0,0,0,0,0,0,0,True,0,0,0,,0,0,False,False,0,,0,,False,0,0.0,,,,,0.0,0.0,,,0,,0,0,0,0,0,0,0,0,0,0,0.0,0.0,0,0,0,0,0,0,0,0,0,0,,False,0,0,False,False,7.7e-05,dense RMP tableau precheck failed before loading active columns: estimated_cells=1099554619392 exceeds limit=50000000,,,True,b2a_full_universe_active_rmp,dense RMP tableau precheck failed before loading active columns: estimated_cells=1099554619392 exceeds limit=50000000,1048575,1099554619392,50000000,False,False,final_judge_wall_time_lower
20-scale full normalized objective,20,lunar_ice_sp50_020_007_seed829027,B2B_seeded_tail_CG,B1B_seeded_root_CG,B2B_seeded_tail_CG,,23,,False,BPC_INCOMPLETE_PRICING,DIAGNOSTIC_PRICING_FRONTIER,INCOMPLETE_LIMIT,False,,,1.839652,lunar_ice_bpc.normalized_additive_objective.v1,normalized_operating_cost_risk_weighted_completion,4808.778993,185.563272044,7423.339193344,1680.0,False,3383.958872,135.712047,7508.635689,1086.09813,6523.125195,0.703704387,0.731351875,1.011490314,0.646486982,1.839652,1.839652,False,1.839652,False,True,8,8,13793,13793,0,0,0,0,0,430,430,True,430,430,0,,0,0,True,True,0,,0,,False,0,0.0,,,,,0.0,18.435953,,,0,,0,0,0,0,0,0,0,0,0,0,0.0,0.0,0,0,0,0,0,0,0,0,0,0,,False,0,0,False,False,147.917809,Stopped after max_rounds=8; B2B root no-negative proof is incomplete.,,,False,,,,,,True,False,final_judge_wall_time_lower
20-scale full normalized objective,20,lunar_ice_sp50_020_007_seed829027,B2B_R2_worker_before_final_judge,B1B_seeded_root_CG,B2B_R2_worker_before_final_judge,b2b_r2_lightweight_no_full_universe_enumeration,23,,False,BPC_INCOMPLETE_PRICING,DIAGNOSTIC_PRICING_FRONTIER,INCOMPLETE_LIMIT,False,,,1.839652,lunar_ice_bpc.normalized_additive_objective.v1,normalized_operating_cost_risk_weighted_completion,4808.778993,185.563272044,7423.339193344,1680.0,False,3383.958872,135.712047,7508.635689,1086.09813,6523.125195,0.703704387,0.731351875,1.011490314,0.646486982,1.839652,1.839652,False,1.839652,False,True,8,2,6199,6199,0,0,0,0,0,204,204,True,172,172,0,,0,0,True,True,0,,0,,False,0,0.067948,FOUND_NEGATIVE,master.reduced_cost_context,B2B_R2_worker_before_final_judge-root-8,442b9c2b40ef3232f087a56961aeaeab63e5a4d2fd8bef7dceacb936ff76bd43,0.614317,36.241647,0.05848,0.05848,82594,429,82594,1182965,39898705,7061,23994,1182965,0,0,0,0,0.0,0.0,383,129,0,39280,8,8,8,0,0,6,WORKER_INCOMPLETE_LIMIT,False,82594,0,False,True,37.237784,Stopped after max_rounds=8; B2B_R2_worker_before_final_judge worker/final-judge root proof is incomplete.,,,False,,,,,,True,False,"wall_time_lower,final_judge_call_count_lower,final_judge_wall_time_lower,time_to_first_addable_negative_available,worker_found_addable_negative"
20-scale full normalized objective,20,lunar_ice_sp50_020_007_seed829027,B2B_R3_true_dual_negative_search_worker,B1B_seeded_root_CG,B2B_R3_true_dual_negative_search_worker,b2b_r3_lightweight_no_full_universe_enumeration,23,,False,BPC_INCOMPLETE_PRICING,DIAGNOSTIC_PRICING_FRONTIER,INCOMPLETE_LIMIT,False,,,1.839652,lunar_ice_bpc.normalized_additive_objective.v1,normalized_operating_cost_risk_weighted_completion,4808.778993,185.563272044,7423.339193344,1680.0,False,3383.958872,135.712047,7508.635689,1086.09813,6523.125195,0.703704387,0.731351875,1.011490314,0.646486982,1.839652,1.839652,False,1.839652,False,True,8,2,6199,6199,0,0,0,0,0,204,204,True,172,172,0,,0,0,True,True,0,,0,,False,0,0.070936,FOUND_NEGATIVE,master.reduced_cost_context,B2B_R3_true_dual_negative_search_worker-root-8,b59daaad5e562fa01f185bf93a1d26ec2df3d66e2e2dfdbb3371fdba7514b176,0.612504,36.356009,0.059241,0.059241,82594,429,82594,1182965,39898705,7061,23994,1182965,0,0,0,0,0.0,0.0,383,129,0,39280,8,8,8,0,0,6,WORKER_INCOMPLETE_LIMIT,False,82594,0,False,True,37.347931,Stopped after max_rounds=8; B2B_R3_true_dual_negative_search_worker worker/final-judge root proof is incomplete.,,,False,,,,,,True,False,"wall_time_lower,final_judge_call_count_lower,final_judge_wall_time_lower,time_to_first_addable_negative_available,worker_found_addable_negative"
20-scale full normalized objective,20,lunar_ice_sp50_020_007_seed829027,B2C_limited_pricing_diagnostic,diagnostic_only_no_certificate,B2C_limited_pricing_diagnostic,,0,,False,BPC_INCOMPLETE_PRICING,DIAGNOSTIC_PRICING_FRONTIER,FOUND_NEGATIVE,False,,,1.839652,lunar_ice_bpc.normalized_additive_objective.v1,normalized_operating_cost_risk_weighted_completion,4808.778993,185.563272044,7423.339193344,1680.0,False,3383.958872,135.712047,7508.635689,1086.09813,6523.125195,0.703704387,0.731351875,1.011490314,0.646486982,1.839652,1.839652,False,,False,,0,0,6,0,0,0,0,0,0,0,0,True,0,0,0,,0,0,,,0,,0,,False,0,0.000371,,master.reduced_cost_context,B2C_limited_pricing_diagnostic-diagnostic-root,2d34d7b5d8c8ab05b64bf3faf723593f5ae27a17d9ab81972902a002a5edfadf,1.665236,0.0,1.665236,,593,593,593,0,2785,9,8,303772,0,0,0,0,,,0,8,0,0,0,0,0,0,0,0,FOUND_NEGATIVE,False,0,0,False,False,1.682769,B2C_limited_pricing_diagnostic: limited pricing diagnostic cannot certify no-negative or provide an official bound.,,,False,,,,,,False,False,
20-scale full normalized objective,20,lunar_ice_sp50_020_007_seed829027,B2D_proof_tail_kernel_profile,diagnostic_only_no_certificate,B2D_proof_tail_kernel_profile,,0,,False,BPC_INCOMPLETE_PRICING,DIAGNOSTIC_PRICING_FRONTIER,FOUND_NEGATIVE,False,,,1.839652,lunar_ice_bpc.normalized_additive_objective.v1,normalized_operating_cost_risk_weighted_completion,4808.778993,185.563272044,7423.339193344,1680.0,False,3383.958872,135.712047,7508.635689,1086.09813,6523.125195,0.703704387,0.731351875,1.011490314,0.646486982,1.839652,1.839652,False,,False,,0,0,6,0,0,0,0,0,0,0,0,True,0,0,0,,0,0,,,0,,0,,False,0,0.000377,,master.reduced_cost_context,B2D_proof_tail_kernel_profile-diagnostic-root,0e1bb662f9f4e2dd15e96805ac83fc5d2de1da2d276c4138ff35b97b459eed7f,1.658604,0.0,1.658604,,593,593,593,0,2785,9,8,303772,0,0,0,0,,,0,8,0,0,0,0,0,0,0,0,FOUND_NEGATIVE,False,0,0,False,True,1.67494,B2D_proof_tail_kernel_profile: limited pricing diagnostic cannot certify no-negative or provide an official bound.,,,False,,,,,,False,False,
