matrix_group,scale,instance_id,mode,baseline_name,candidate_name,seed_builder,initial_column_count,full_universe_column_count,full_universe_preloaded,algorithm_status,certificate_scope,pricing_state,uses_true_dual_bpc_certificate,official_lower_bound_source,official_lower_bound_scope,B0_direct_objective,objective_schema_version,objective_mode,objective_reference_cost,objective_reference_risk,objective_reference_completion,objective_reference_makespan_metric,objective_makespan_enters_pricing_objective,solution_raw_operating_cost,solution_raw_risk,solution_raw_weighted_completion_time,solution_raw_makespan,solution_raw_objective_unscaled_weighted_sum,solution_normalized_operating_cost,solution_normalized_risk,solution_normalized_weighted_completion_time,solution_normalized_makespan_metric,solution_normalized_objective,solution_official_objective,solution_makespan_enters_pricing_objective,root_lp_bound,root_lp_bound_official,root_bound_le_B0_objective,pricing_round_count,final_judge_call_count,candidate_negative_count,addable_negative_count,duplicate_in_current_master_count,in_pool_not_master_count,forbidden_signature_count,branch_filtered_count,cut_filtered_count,selected_count,selected_would_enter_master_count,selected_all_would_enter_master,added_to_master_count,added_column_count,duplicate_only_count,duplicate_only_audit_status,hidden_negative_count,replacement_only_round_count,manual_rc_audit_pass,pricing_rc_audit_pass,proof_debt_unreleased_count,product_exact_solution_scope,product_exact_solution_count,product_exact_objective,direct_dp_fallback_used,direct_dp_fallback_count,rmp_wall_time,worker_status,diagnostic_dual_source,diagnostic_rmp_iteration_id,diagnostic_dual_fingerprint,worker_wall_time,final_judge_wall_time,time_to_first_negative,time_to_first_addable_negative,labels_generated,labels_generated_before_first_negative,labels_generated_total,labels_extended,sortie_templates,journey_labels,candidate_sequences,path_option_assignments,resource_prune_count,time_window_prune_count,dominance_prune_count,bound_prune_count,bound_check_time,dominance_time,cache_hit_count,cache_miss_count,max_queue_size,peak_label_count,worker_call_count,worker_found_negative_count,worker_found_addable_negative_count,worker_no_column_uncertified_count,worker_incomplete_count,final_judge_saved_by_worker_count,exit_reason,exact_first_step_bound_pruning_enabled,exact_first_step_bound_evaluated_count,would_prune_count_if_enabled,completion_bound_pruning_enabled,proof_tail_kernel_profile_enabled,wall_time,fail_closed_reason,attempted_exception_type,attempted_max_direct_tasks,rmp_memory_precheck_failed,rmp_memory_precheck_stage,rmp_memory_precheck_reason,rmp_memory_precheck_estimated_column_count,rmp_memory_precheck_estimated_tableau_cells,rmp_memory_precheck_cell_limit,certificate_scope_regression,objective_mismatch,improvement_reason
10-scale full normalized objective,10,lunar_ice_sp50_010_001_seed729001,B0_pure_direct_dp,fixed_graph_direct_dp_oracle,B0_pure_direct_dp,,0,,False,DIRECT_DP_BASELINE_OPTIMAL,DIRECT_DP_FIXED_GRAPH_OPTIMAL,,False,,,2.014478,lunar_ice_bpc.normalized_additive_objective.v1,normalized_operating_cost_risk_weighted_completion,2614.73482,95.312754722,2743.362534722,960.0,False,2080.962528,76.513612,2852.099104,779.299484,3298.315782,0.795859875,0.80276362,1.039636238,0.811770296,2.014478,2.014478,False,,False,,0,0,0,0,0,0,0,0,0,0,0,True,0,0,0,,0,0,,,0,,0,,False,0,,,,,,,,,,0,,0,0,0,0,0,0,0,0,0,0,,,0,0,0,0,0,0,0,0,0,0,,False,0,0,False,False,0.1518,,,,False,,,,,,False,False,
10-scale full normalized objective,10,lunar_ice_sp50_010_001_seed729001,B1A_full_universe_root_audit,accepted_B1,B1A_full_universe_root_audit,,232,232,True,BPC_GAP_AVAILABLE,BPC_NODE_LP_CERTIFIED,CERTIFIED_NO_NEGATIVE,True,b1_root_true_dual_pricing_closure,BPC_NODE_LP_CERTIFIED,2.014478,lunar_ice_bpc.normalized_additive_objective.v1,normalized_operating_cost_risk_weighted_completion,2614.73482,95.312754722,2743.362534722,960.0,False,2080.962528,76.513612,2852.099104,779.299484,3298.315782,0.795859875,0.80276362,1.039636238,0.811770296,2.014478,2.014478,False,2.014478,True,True,1,1,0,0,0,0,0,0,0,0,0,True,0,0,0,,0,0,True,True,0,,0,,False,0,,,,,,,,,,0,,0,0,0,0,0,0,0,0,0,0,,,0,0,0,0,0,0,0,0,0,0,,False,0,0,False,False,0.1805,,,,False,,,,,,False,False,
10-scale full normalized objective,10,lunar_ice_sp50_010_001_seed729001,B1B_seeded_root_CG,accepted_B1,B1B_seeded_root_CG,,12,232,False,BPC_GAP_AVAILABLE,BPC_NODE_LP_CERTIFIED,CERTIFIED_NO_NEGATIVE,True,b1_root_true_dual_pricing_closure,BPC_NODE_LP_CERTIFIED,2.014478,lunar_ice_bpc.normalized_additive_objective.v1,normalized_operating_cost_risk_weighted_completion,2614.73482,95.312754722,2743.362534722,960.0,False,2080.962528,76.513612,2852.099104,779.299484,3298.315782,0.795859875,0.80276362,1.039636238,0.811770296,2.014478,2.014478,False,2.014478,True,True,3,3,0,0,0,0,0,0,0,0,0,True,146,146,0,,0,0,True,True,0,,0,,False,0,,,,,,,,,,0,,0,0,0,0,0,0,0,0,0,0,,,0,0,0,0,0,0,0,0,0,0,,False,0,0,False,False,0.177965,,,,False,,,,,,False,False,
10-scale full normalized objective,10,lunar_ice_sp50_010_001_seed729001,B2_PRODUCT_EXACT_SOLVER,fixed_graph_direct_dp_product_exact,B2_PRODUCT_EXACT_SOLVER,,0,,False,DIRECT_DP_BASELINE_OPTIMAL,DIRECT_DP_FIXED_GRAPH_OPTIMAL,NOT_PRICED,False,,,2.014478,lunar_ice_bpc.normalized_additive_objective.v1,normalized_operating_cost_risk_weighted_completion,2614.73482,95.312754722,2743.362534722,960.0,False,2080.962528,76.513612,2852.099104,779.299484,3298.315782,0.795859875,0.80276362,1.039636238,0.811770296,2.014478,2.014478,False,,False,,0,0,0,0,0,0,0,0,0,0,0,True,0,0,0,,0,0,,,0,DIRECT_DP_FIXED_GRAPH_OPTIMAL,1,2.014478,True,1,,,,,,,,,,686,,686,0,0,232,0,7392,0,0,0,0,,,0,0,0,0,0,0,0,0,0,0,,False,0,0,False,False,1.4e-05,,,,False,,,,,,False,False,
10-scale full normalized objective,10,lunar_ice_sp50_010_001_seed729001,B2A_full_universe_rc_audit_fast_path,B1A_full_universe_root_audit,B2A_full_universe_rc_audit_fast_path,,232,232,True,BPC_GAP_AVAILABLE,BPC_NODE_LP_CERTIFIED,CERTIFIED_NO_NEGATIVE,True,b2a_full_universe_membership_rc_audit,BPC_NODE_LP_CERTIFIED,2.014478,lunar_ice_bpc.normalized_additive_objective.v1,normalized_operating_cost_risk_weighted_completion,2614.73482,95.312754722,2743.362534722,960.0,False,2080.962528,76.513612,2852.099104,779.299484,3298.315782,0.795859875,0.80276362,1.039636238,0.811770296,2.014478,2.014478,False,2.014478,True,True,1,0,0,0,0,0,0,0,0,0,0,True,0,0,0,,0,0,True,True,0,,0,,False,0,0.0,,,,,0.0,0.0,,,0,,0,0,0,0,0,0,0,0,0,0,0.0,0.0,0,0,0,0,0,0,0,0,0,0,,False,0,0,False,False,0.182003,,,,False,,,,,,False,False,"final_judge_call_count_lower,final_judge_wall_time_lower"
10-scale full normalized objective,10,lunar_ice_sp50_010_001_seed729001,B2B_seeded_tail_CG,B1B_seeded_root_CG,B2B_seeded_tail_CG,,12,232,False,BPC_GAP_AVAILABLE,BPC_NODE_LP_CERTIFIED,CERTIFIED_NO_NEGATIVE,True,b2b_true_dual_pricing_closure,BPC_NODE_LP_CERTIFIED,2.014478,lunar_ice_bpc.normalized_additive_objective.v1,normalized_operating_cost_risk_weighted_completion,2614.73482,95.312754722,2743.362534722,960.0,False,2080.962528,76.513612,2852.099104,779.299484,3298.315782,0.795859875,0.80276362,1.039636238,0.811770296,2.014478,2.014478,False,2.014478,True,True,3,3,151,151,0,0,0,0,0,127,127,True,127,127,0,,0,0,True,True,0,,0,,False,0,0.0,,,,,0.0,0.153484,,,0,,0,0,0,0,0,0,0,0,0,0,0.0,0.0,0,0,0,0,0,0,0,0,0,0,,False,0,0,False,False,0.635358,,,,False,,,,,,False,False,final_judge_wall_time_lower
10-scale full normalized objective,10,lunar_ice_sp50_010_001_seed729001,B2B_R2_worker_before_final_judge,B1B_seeded_root_CG,B2B_R2_worker_before_final_judge,b2b_r2_lightweight_no_full_universe_enumeration,12,,False,BPC_GAP_AVAILABLE,BPC_NODE_LP_CERTIFIED,CERTIFIED_NO_NEGATIVE,True,b2b_r2_true_dual_final_judge_closure,BPC_NODE_LP_CERTIFIED,2.014478,lunar_ice_bpc.normalized_additive_objective.v1,normalized_operating_cost_risk_weighted_completion,2614.73482,95.312754722,2743.362534722,960.0,False,2080.962528,76.513612,2852.099104,779.299484,3298.315782,0.795859875,0.80276362,1.039636238,0.811770296,2.014478,2.014478,False,2.014478,True,True,7,4,141,141,0,0,0,0,0,141,141,True,93,93,0,,58,0,True,True,0,,0,,False,0,0.014166,LOCAL_NO_COLUMN_UNCERTIFIED,master.reduced_cost_context,B2B_R2_worker_before_final_judge-root-7,acae76fb0277ee8aaf6de5a3eb3596b553fdf4a29918dbacbae808a6dc55a1d3,0.487671,0.620338,0.056922,0.056922,7163,478,7163,111794,436325,863,1363,111794,0,0,0,0,0.0,0.0,338,97,0,723,7,3,3,4,0,3,FINAL_JUDGE_CERTIFIED_NO_NEGATIVE,False,7163,0,False,True,1.134455,,,,False,,,,,,False,False,"time_to_first_addable_negative_available,worker_found_addable_negative"
10-scale full normalized objective,10,lunar_ice_sp50_010_001_seed729001,B2B_R3_true_dual_negative_search_worker,B1B_seeded_root_CG,B2B_R3_true_dual_negative_search_worker,b2b_r3_lightweight_no_full_universe_enumeration,12,,False,BPC_GAP_AVAILABLE,BPC_NODE_LP_CERTIFIED,CERTIFIED_NO_NEGATIVE,True,b2b_r3_true_dual_final_judge_closure,BPC_NODE_LP_CERTIFIED,2.014478,lunar_ice_bpc.normalized_additive_objective.v1,normalized_operating_cost_risk_weighted_completion,2614.73482,95.312754722,2743.362534722,960.0,False,2080.962528,76.513612,2852.099104,779.299484,3298.315782,0.795859875,0.80276362,1.039636238,0.811770296,2.014478,2.014478,False,2.014478,True,True,7,4,141,141,0,0,0,0,0,141,141,True,93,93,0,,58,0,True,True,0,,0,,False,0,0.015666,LOCAL_NO_COLUMN_UNCERTIFIED,master.reduced_cost_context,B2B_R3_true_dual_negative_search_worker-root-7,feabb48b90085689b01fdd99b0a566eba77f31ae4358816d89476eccad1b220d,0.482707,0.640307,0.057722,0.057722,7163,478,7163,111794,436325,863,1363,111794,0,0,0,0,0.0,0.0,338,97,0,723,7,3,3,4,0,3,FINAL_JUDGE_CERTIFIED_NO_NEGATIVE,False,7163,0,False,True,1.15016,,,,False,,,,,,False,False,"time_to_first_addable_negative_available,worker_found_addable_negative"
10-scale full normalized objective,10,lunar_ice_sp50_010_001_seed729001,B2C_limited_pricing_diagnostic,diagnostic_only_no_certificate,B2C_limited_pricing_diagnostic,,0,,False,BPC_INCOMPLETE_PRICING,DIAGNOSTIC_PRICING_FRONTIER,FOUND_NEGATIVE,False,,,2.014478,lunar_ice_bpc.normalized_additive_objective.v1,normalized_operating_cost_risk_weighted_completion,2614.73482,95.312754722,2743.362534722,960.0,False,2080.962528,76.513612,2852.099104,779.299484,3298.315782,0.795859875,0.80276362,1.039636238,0.811770296,2.014478,2.014478,False,,False,,0,0,5,0,0,0,0,0,0,0,0,True,0,0,0,,0,0,,,0,,0,,False,0,0.00016,,master.reduced_cost_context,B2C_limited_pricing_diagnostic-diagnostic-root,8558705b2ca8405d5e7d92ff51df6aab75d41bb5c9fa34ffe96193a82bec3d20,1.439103,0.0,1.439103,,366,366,366,0,1338,8,6,276358,0,0,0,0,,,0,6,0,0,0,0,0,0,0,0,FOUND_NEGATIVE,False,0,0,False,False,1.442598,B2C_limited_pricing_diagnostic: limited pricing diagnostic cannot certify no-negative or provide an official bound.,,,False,,,,,,False,False,
10-scale full normalized objective,10,lunar_ice_sp50_010_001_seed729001,B2D_proof_tail_kernel_profile,diagnostic_only_no_certificate,B2D_proof_tail_kernel_profile,,0,,False,BPC_INCOMPLETE_PRICING,DIAGNOSTIC_PRICING_FRONTIER,FOUND_NEGATIVE,False,,,2.014478,lunar_ice_bpc.normalized_additive_objective.v1,normalized_operating_cost_risk_weighted_completion,2614.73482,95.312754722,2743.362534722,960.0,False,2080.962528,76.513612,2852.099104,779.299484,3298.315782,0.795859875,0.80276362,1.039636238,0.811770296,2.014478,2.014478,False,,False,,0,0,5,0,0,0,0,0,0,0,0,True,0,0,0,,0,0,,,0,,0,,False,0,0.000163,,master.reduced_cost_context,B2D_proof_tail_kernel_profile-diagnostic-root,68d27874a932c8ec446adc46467b24b21f93c8145966a9868fbabc1923f313ca,1.421127,0.0,1.421127,,366,366,366,0,1338,8,6,276358,0,0,0,0,,,0,6,0,0,0,0,0,0,0,0,FOUND_NEGATIVE,False,0,0,False,True,1.424722,B2D_proof_tail_kernel_profile: limited pricing diagnostic cannot certify no-negative or provide an official bound.,,,False,,,,,,False,False,
10-scale full normalized objective,10,lunar_ice_sp50_010_002_seed729002,B0_pure_direct_dp,fixed_graph_direct_dp_oracle,B0_pure_direct_dp,,0,,False,DIRECT_DP_BASELINE_OPTIMAL,DIRECT_DP_FIXED_GRAPH_OPTIMAL,,False,,,1.825155,lunar_ice_bpc.normalized_additive_objective.v1,normalized_operating_cost_risk_weighted_completion,2579.267695,88.177938994,2326.358649407,960.0,False,1743.662965,65.552801,2359.564384,668.093986,2753.04152,0.676030242,0.743414983,1.014273695,0.695931235,1.825155,1.825155,False,,False,,0,0,0,0,0,0,0,0,0,0,0,True,0,0,0,,0,0,,,0,,0,,False,0,,,,,,,,,,0,,0,0,0,0,0,0,0,0,0,0,,,0,0,0,0,0,0,0,0,0,0,,False,0,0,False,False,0.097402,,,,False,,,,,,False,False,
10-scale full normalized objective,10,lunar_ice_sp50_010_002_seed729002,B1A_full_universe_root_audit,accepted_B1,B1A_full_universe_root_audit,,239,239,True,BPC_GAP_AVAILABLE,BPC_NODE_LP_CERTIFIED,CERTIFIED_NO_NEGATIVE,True,b1_root_true_dual_pricing_closure,BPC_NODE_LP_CERTIFIED,1.825155,lunar_ice_bpc.normalized_additive_objective.v1,normalized_operating_cost_risk_weighted_completion,2579.267695,88.177938994,2326.358649407,960.0,False,1743.662965,65.552801,2359.564384,668.093986,2753.04152,0.676030242,0.743414983,1.014273695,0.695931235,1.825155,1.825155,False,1.825155,True,True,1,1,0,0,0,0,0,0,0,0,0,True,0,0,0,,0,0,True,True,0,,0,,False,0,,,,,,,,,,0,,0,0,0,0,0,0,0,0,0,0,,,0,0,0,0,0,0,0,0,0,0,,False,0,0,False,False,0.127347,,,,False,,,,,,False,False,
10-scale full normalized objective,10,lunar_ice_sp50_010_002_seed729002,B1B_seeded_root_CG,accepted_B1,B1B_seeded_root_CG,,12,239,False,BPC_GAP_AVAILABLE,BPC_NODE_LP_CERTIFIED,CERTIFIED_NO_NEGATIVE,True,b1_root_true_dual_pricing_closure,BPC_NODE_LP_CERTIFIED,1.825155,lunar_ice_bpc.normalized_additive_objective.v1,normalized_operating_cost_risk_weighted_completion,2579.267695,88.177938994,2326.358649407,960.0,False,1743.662965,65.552801,2359.564384,668.093986,2753.04152,0.676030242,0.743414983,1.014273695,0.695931235,1.825155,1.825155,False,1.825155,True,True,3,3,0,0,0,0,0,0,0,0,0,True,80,80,0,,0,0,True,True,0,,0,,False,0,,,,,,,,,,0,,0,0,0,0,0,0,0,0,0,0,,,0,0,0,0,0,0,0,0,0,0,,False,0,0,False,False,0.109677,,,,False,,,,,,False,False,
10-scale full normalized objective,10,lunar_ice_sp50_010_002_seed729002,B2_PRODUCT_EXACT_SOLVER,fixed_graph_direct_dp_product_exact,B2_PRODUCT_EXACT_SOLVER,,0,,False,DIRECT_DP_BASELINE_OPTIMAL,DIRECT_DP_FIXED_GRAPH_OPTIMAL,NOT_PRICED,False,,,1.825155,lunar_ice_bpc.normalized_additive_objective.v1,normalized_operating_cost_risk_weighted_completion,2579.267695,88.177938994,2326.358649407,960.0,False,1743.662965,65.552801,2359.564384,668.093986,2753.04152,0.676030242,0.743414983,1.014273695,0.695931235,1.825155,1.825155,False,,False,,0,0,0,0,0,0,0,0,0,0,0,True,0,0,0,,0,0,,,0,DIRECT_DP_FIXED_GRAPH_OPTIMAL,1,1.825155,True,1,,,,,,,,,,763,,763,0,0,239,0,3699,0,0,0,0,,,0,0,0,0,0,0,0,0,0,0,,False,0,0,False,False,1.2e-05,,,,False,,,,,,False,False,
10-scale full normalized objective,10,lunar_ice_sp50_010_002_seed729002,B2A_full_universe_rc_audit_fast_path,B1A_full_universe_root_audit,B2A_full_universe_rc_audit_fast_path,,239,239,True,BPC_GAP_AVAILABLE,BPC_NODE_LP_CERTIFIED,CERTIFIED_NO_NEGATIVE,True,b2a_full_universe_membership_rc_audit,BPC_NODE_LP_CERTIFIED,1.825155,lunar_ice_bpc.normalized_additive_objective.v1,normalized_operating_cost_risk_weighted_completion,2579.267695,88.177938994,2326.358649407,960.0,False,1743.662965,65.552801,2359.564384,668.093986,2753.04152,0.676030242,0.743414983,1.014273695,0.695931235,1.825155,1.825155,False,1.825155,True,True,1,0,0,0,0,0,0,0,0,0,0,True,0,0,0,,0,0,True,True,0,,0,,False,0,0.0,,,,,0.0,0.0,,,0,,0,0,0,0,0,0,0,0,0,0,0.0,0.0,0,0,0,0,0,0,0,0,0,0,,False,0,0,False,False,0.125216,,,,False,,,,,,False,False,"wall_time_lower,final_judge_call_count_lower,final_judge_wall_time_lower"
10-scale full normalized objective,10,lunar_ice_sp50_010_002_seed729002,B2B_seeded_tail_CG,B1B_seeded_root_CG,B2B_seeded_tail_CG,,12,239,False,BPC_GAP_AVAILABLE,BPC_NODE_LP_CERTIFIED,CERTIFIED_NO_NEGATIVE,True,b2b_true_dual_pricing_closure,BPC_NODE_LP_CERTIFIED,1.825155,lunar_ice_bpc.normalized_additive_objective.v1,normalized_operating_cost_risk_weighted_completion,2579.267695,88.177938994,2326.358649407,960.0,False,1743.662965,65.552801,2359.564384,668.093986,2753.04152,0.676030242,0.743414983,1.014273695,0.695931235,1.825155,1.825155,False,1.825155,True,True,3,3,80,80,0,0,0,0,0,80,80,True,80,80,0,,0,0,True,True,0,,0,,False,0,0.0,,,,,0.0,0.099535,,,0,,0,0,0,0,0,0,0,0,0,0,0.0,0.0,0,0,0,0,0,0,0,0,0,0,,False,0,0,False,False,0.412994,,,,False,,,,,,False,False,final_judge_wall_time_lower
10-scale full normalized objective,10,lunar_ice_sp50_010_002_seed729002,B2B_R2_worker_before_final_judge,B1B_seeded_root_CG,B2B_R2_worker_before_final_judge,b2b_r2_lightweight_no_full_universe_enumeration,12,,False,BPC_GAP_AVAILABLE,BPC_NODE_LP_CERTIFIED,CERTIFIED_NO_NEGATIVE,True,b2b_r2_true_dual_final_judge_closure,BPC_NODE_LP_CERTIFIED,1.825155,lunar_ice_bpc.normalized_additive_objective.v1,normalized_operating_cost_risk_weighted_completion,2579.267695,88.177938994,2326.358649407,960.0,False,1743.662965,65.552801,2359.564384,668.093986,2753.04152,0.676030242,0.743414983,1.014273695,0.695931235,1.825155,1.825155,False,1.825155,True,True,6,3,96,96,0,0,0,0,0,96,96,True,57,57,0,,34,0,True,True,0,,0,,False,0,0.004259,LOCAL_NO_COLUMN_UNCERTIFIED,master.reduced_cost_context,B2B_R2_worker_before_final_judge-root-6,deea24c43a8dbfd20764caca7f02e08a37fbe32b21117e2ed466836e39ccd3e3,0.364895,0.307787,0.036878,0.036878,5886,484,5886,60864,223752,660,1065,60864,0,0,0,0,0.0,0.0,256,92,0,763,6,3,3,3,0,3,FINAL_JUDGE_CERTIFIED_NO_NEGATIVE,False,5886,0,False,True,0.685012,,,,False,,,,,,False,False,"time_to_first_addable_negative_available,worker_found_addable_negative"
10-scale full normalized objective,10,lunar_ice_sp50_010_002_seed729002,B2B_R3_true_dual_negative_search_worker,B1B_seeded_root_CG,B2B_R3_true_dual_negative_search_worker,b2b_r3_lightweight_no_full_universe_enumeration,12,,False,BPC_GAP_AVAILABLE,BPC_NODE_LP_CERTIFIED,CERTIFIED_NO_NEGATIVE,True,b2b_r3_true_dual_final_judge_closure,BPC_NODE_LP_CERTIFIED,1.825155,lunar_ice_bpc.normalized_additive_objective.v1,normalized_operating_cost_risk_weighted_completion,2579.267695,88.177938994,2326.358649407,960.0,False,1743.662965,65.552801,2359.564384,668.093986,2753.04152,0.676030242,0.743414983,1.014273695,0.695931235,1.825155,1.825155,False,1.825155,True,True,6,3,96,96,0,0,0,0,0,96,96,True,57,57,0,,34,0,True,True,0,,0,,False,0,0.004549,LOCAL_NO_COLUMN_UNCERTIFIED,master.reduced_cost_context,B2B_R3_true_dual_negative_search_worker-root-6,f893e7344a601e22b5530fbc23ec98e90010c17ac73c798501beb6499e28a9c8,0.363275,0.304439,0.039002,0.039002,5886,484,5886,60864,223752,660,1065,60864,0,0,0,0,0.0,0.0,256,92,0,763,6,3,3,3,0,3,FINAL_JUDGE_CERTIFIED_NO_NEGATIVE,False,5886,0,False,True,0.6825,,,,False,,,,,,False,False,"time_to_first_addable_negative_available,worker_found_addable_negative"
10-scale full normalized objective,10,lunar_ice_sp50_010_002_seed729002,B2C_limited_pricing_diagnostic,diagnostic_only_no_certificate,B2C_limited_pricing_diagnostic,,0,,False,BPC_INCOMPLETE_PRICING,DIAGNOSTIC_PRICING_FRONTIER,FOUND_NEGATIVE,False,,,1.825155,lunar_ice_bpc.normalized_additive_objective.v1,normalized_operating_cost_risk_weighted_completion,2579.267695,88.177938994,2326.358649407,960.0,False,1743.662965,65.552801,2359.564384,668.093986,2753.04152,0.676030242,0.743414983,1.014273695,0.695931235,1.825155,1.825155,False,,False,,0,0,4,0,0,0,0,0,0,0,0,True,0,0,0,,0,0,,,0,,0,,False,0,0.000159,,master.reduced_cost_context,B2C_limited_pricing_diagnostic-diagnostic-root,ccaf7eed01094c1298a27529a5675380367ab486a8a7fa0aeae5897a8d2e0478,0.943413,0.0,0.943413,,370,370,370,0,2396,8,6,167847,0,0,0,0,,,0,6,0,0,0,0,0,0,0,0,FOUND_NEGATIVE,False,0,0,False,False,0.947541,B2C_limited_pricing_diagnostic: limited pricing diagnostic cannot certify no-negative or provide an official bound.,,,False,,,,,,False,False,
10-scale full normalized objective,10,lunar_ice_sp50_010_002_seed729002,B2D_proof_tail_kernel_profile,diagnostic_only_no_certificate,B2D_proof_tail_kernel_profile,,0,,False,BPC_INCOMPLETE_PRICING,DIAGNOSTIC_PRICING_FRONTIER,FOUND_NEGATIVE,False,,,1.825155,lunar_ice_bpc.normalized_additive_objective.v1,normalized_operating_cost_risk_weighted_completion,2579.267695,88.177938994,2326.358649407,960.0,False,1743.662965,65.552801,2359.564384,668.093986,2753.04152,0.676030242,0.743414983,1.014273695,0.695931235,1.825155,1.825155,False,,False,,0,0,4,0,0,0,0,0,0,0,0,True,0,0,0,,0,0,,,0,,0,,False,0,0.000158,,master.reduced_cost_context,B2D_proof_tail_kernel_profile-diagnostic-root,507b4fa52f8fdd3901b3f346baece00ac560906431a11c888e813f24064f507c,0.918657,0.0,0.918657,,370,370,370,0,2396,8,6,167847,0,0,0,0,,,0,6,0,0,0,0,0,0,0,0,FOUND_NEGATIVE,False,0,0,False,True,0.922199,B2D_proof_tail_kernel_profile: limited pricing diagnostic cannot certify no-negative or provide an official bound.,,,False,,,,,,False,False,
10-scale full normalized objective,10,lunar_ice_sp50_010_004_seed729004,B0_pure_direct_dp,fixed_graph_direct_dp_oracle,B0_pure_direct_dp,,0,,False,DIRECT_DP_BASELINE_OPTIMAL,DIRECT_DP_FIXED_GRAPH_OPTIMAL,,False,,,1.943638,lunar_ice_bpc.normalized_additive_objective.v1,normalized_operating_cost_risk_weighted_completion,2368.053415,80.880256063,2299.295848928,960.0,False,1765.19261,64.038399,2336.376082,642.015298,2763.781442,0.745419254,0.791768005,1.016126778,0.668765935,1.943638,1.943638,False,,False,,0,0,0,0,0,0,0,0,0,0,0,True,0,0,0,,0,0,,,0,,0,,False,0,,,,,,,,,,0,,0,0,0,0,0,0,0,0,0,0,,,0,0,0,0,0,0,0,0,0,0,,False,0,0,False,False,0.187903,,,,False,,,,,,False,False,
10-scale full normalized objective,10,lunar_ice_sp50_010_004_seed729004,B1A_full_universe_root_audit,accepted_B1,B1A_full_universe_root_audit,,228,228,True,BPC_GAP_AVAILABLE,BPC_NODE_LP_CERTIFIED,CERTIFIED_NO_NEGATIVE,True,b1_root_true_dual_pricing_closure,BPC_NODE_LP_CERTIFIED,1.943638,lunar_ice_bpc.normalized_additive_objective.v1,normalized_operating_cost_risk_weighted_completion,2368.053415,80.880256063,2299.295848928,960.0,False,1765.19261,64.038399,2336.376082,642.015298,2763.781442,0.745419254,0.791768005,1.016126778,0.668765935,1.943638,1.943638,False,1.943638,True,True,1,1,0,0,0,0,0,0,0,0,0,True,0,0,0,,0,0,True,True,0,,0,,False,0,,,,,,,,,,0,,0,0,0,0,0,0,0,0,0,0,,,0,0,0,0,0,0,0,0,0,0,,False,0,0,False,False,0.214517,,,,False,,,,,,False,False,
10-scale full normalized objective,10,lunar_ice_sp50_010_004_seed729004,B1B_seeded_root_CG,accepted_B1,B1B_seeded_root_CG,,12,228,False,BPC_GAP_AVAILABLE,BPC_NODE_LP_CERTIFIED,CERTIFIED_NO_NEGATIVE,True,b1_root_true_dual_pricing_closure,BPC_NODE_LP_CERTIFIED,1.943638,lunar_ice_bpc.normalized_additive_objective.v1,normalized_operating_cost_risk_weighted_completion,2368.053415,80.880256063,2299.295848928,960.0,False,1765.19261,64.038399,2336.376082,642.015298,2763.781442,0.745419254,0.791768005,1.016126778,0.668765935,1.943638,1.943638,False,1.943638,True,True,3,3,0,0,0,0,0,0,0,0,0,True,90,90,0,,0,0,True,True,0,,0,,False,0,,,,,,,,,,0,,0,0,0,0,0,0,0,0,0,0,,,0,0,0,0,0,0,0,0,0,0,,False,0,0,False,False,0.201722,,,,False,,,,,,False,False,
10-scale full normalized objective,10,lunar_ice_sp50_010_004_seed729004,B2_PRODUCT_EXACT_SOLVER,fixed_graph_direct_dp_product_exact,B2_PRODUCT_EXACT_SOLVER,,0,,False,DIRECT_DP_BASELINE_OPTIMAL,DIRECT_DP_FIXED_GRAPH_OPTIMAL,NOT_PRICED,False,,,1.943638,lunar_ice_bpc.normalized_additive_objective.v1,normalized_operating_cost_risk_weighted_completion,2368.053415,80.880256063,2299.295848928,960.0,False,1765.19261,64.038399,2336.376082,642.015298,2763.781442,0.745419254,0.791768005,1.016126778,0.668765935,1.943638,1.943638,False,,False,,0,0,0,0,0,0,0,0,0,0,0,True,0,0,0,,0,0,,,0,DIRECT_DP_FIXED_GRAPH_OPTIMAL,1,1.943638,True,1,,,,,,,,,,904,,904,0,0,228,0,8140,0,0,0,0,,,0,0,0,0,0,0,0,0,0,0,,False,0,0,False,False,1.1e-05,,,,False,,,,,,False,False,
10-scale full normalized objective,10,lunar_ice_sp50_010_004_seed729004,B2A_full_universe_rc_audit_fast_path,B1A_full_universe_root_audit,B2A_full_universe_rc_audit_fast_path,,228,228,True,BPC_GAP_AVAILABLE,BPC_NODE_LP_CERTIFIED,CERTIFIED_NO_NEGATIVE,True,b2a_full_universe_membership_rc_audit,BPC_NODE_LP_CERTIFIED,1.943638,lunar_ice_bpc.normalized_additive_objective.v1,normalized_operating_cost_risk_weighted_completion,2368.053415,80.880256063,2299.295848928,960.0,False,1765.19261,64.038399,2336.376082,642.015298,2763.781442,0.745419254,0.791768005,1.016126778,0.668765935,1.943638,1.943638,False,1.943638,True,True,1,0,0,0,0,0,0,0,0,0,0,True,0,0,0,,0,0,True,True,0,,0,,False,0,0.0,,,,,0.0,0.0,,,0,,0,0,0,0,0,0,0,0,0,0,0.0,0.0,0,0,0,0,0,0,0,0,0,0,,False,0,0,False,False,0.211632,,,,False,,,,,,False,False,"wall_time_lower,final_judge_call_count_lower,final_judge_wall_time_lower"
10-scale full normalized objective,10,lunar_ice_sp50_010_004_seed729004,B2B_seeded_tail_CG,B1B_seeded_root_CG,B2B_seeded_tail_CG,,12,228,False,BPC_GAP_AVAILABLE,BPC_NODE_LP_CERTIFIED,CERTIFIED_NO_NEGATIVE,True,b2b_true_dual_pricing_closure,BPC_NODE_LP_CERTIFIED,1.943638,lunar_ice_bpc.normalized_additive_objective.v1,normalized_operating_cost_risk_weighted_completion,2368.053415,80.880256063,2299.295848928,960.0,False,1765.19261,64.038399,2336.376082,642.015298,2763.781442,0.745419254,0.791768005,1.016126778,0.668765935,1.943638,1.943638,False,1.943638,True,True,3,3,90,90,0,0,0,0,0,90,90,True,90,90,0,,0,0,True,True,0,,0,,False,0,0.0,,,,,0.0,0.186663,,,0,,0,0,0,0,0,0,0,0,0,0,0.0,0.0,0,0,0,0,0,0,0,0,0,0,,False,0,0,False,False,0.769069,,,,False,,,,,,False,False,final_judge_wall_time_lower
10-scale full normalized objective,10,lunar_ice_sp50_010_004_seed729004,B2B_R2_worker_before_final_judge,B1B_seeded_root_CG,B2B_R2_worker_before_final_judge,b2b_r2_lightweight_no_full_universe_enumeration,12,,False,BPC_GAP_AVAILABLE,BPC_NODE_LP_CERTIFIED,CERTIFIED_NO_NEGATIVE,True,b2b_r2_true_dual_final_judge_closure,BPC_NODE_LP_CERTIFIED,1.943638,lunar_ice_bpc.normalized_additive_objective.v1,normalized_operating_cost_risk_weighted_completion,2368.053415,80.880256063,2299.295848928,960.0,False,1765.19261,64.038399,2336.376082,642.015298,2763.781442,0.745419254,0.791768005,1.016126778,0.668765935,1.943638,1.943638,False,1.943638,True,True,6,4,107,107,0,0,0,0,0,107,107,True,62,62,0,,29,0,True,True,0,,0,,False,0,0.007246,LOCAL_NO_COLUMN_UNCERTIFIED,master.reduced_cost_context,B2B_R2_worker_before_final_judge-root-6,383b165063bc64dfc32bd4ce3cb7a8a435bfec237d4c1372326a3e24b3329265,0.501736,0.777015,0.097631,0.097631,8327,534,8327,103831,503729,701,1282,103831,0,0,0,0,0.0,0.0,282,88,0,904,6,2,2,4,0,2,FINAL_JUDGE_CERTIFIED_NO_NEGATIVE,False,8327,0,False,True,1.295285,,,,False,,,,,,False,False,"time_to_first_addable_negative_available,worker_found_addable_negative"
10-scale full normalized objective,10,lunar_ice_sp50_010_004_seed729004,B2B_R3_true_dual_negative_search_worker,B1B_seeded_root_CG,B2B_R3_true_dual_negative_search_worker,b2b_r3_lightweight_no_full_universe_enumeration,12,,False,BPC_GAP_AVAILABLE,BPC_NODE_LP_CERTIFIED,CERTIFIED_NO_NEGATIVE,True,b2b_r3_true_dual_final_judge_closure,BPC_NODE_LP_CERTIFIED,1.943638,lunar_ice_bpc.normalized_additive_objective.v1,normalized_operating_cost_risk_weighted_completion,2368.053415,80.880256063,2299.295848928,960.0,False,1765.19261,64.038399,2336.376082,642.015298,2763.781442,0.745419254,0.791768005,1.016126778,0.668765935,1.943638,1.943638,False,1.943638,True,True,6,4,107,107,0,0,0,0,0,107,107,True,62,62,0,,29,0,True,True,0,,0,,False,0,0.007285,LOCAL_NO_COLUMN_UNCERTIFIED,master.reduced_cost_context,B2B_R3_true_dual_negative_search_worker-root-6,52da3d8253237c5ab779994935263a529d1ea7727876bf300a648a9803347efc,0.497359,0.753634,0.092542,0.092542,8327,534,8327,103831,503729,701,1282,103831,0,0,0,0,0.0,0.0,282,88,0,904,6,2,2,4,0,2,FINAL_JUDGE_CERTIFIED_NO_NEGATIVE,False,8327,0,False,True,1.267974,,,,False,,,,,,False,False,"time_to_first_addable_negative_available,worker_found_addable_negative"
10-scale full normalized objective,10,lunar_ice_sp50_010_004_seed729004,B2C_limited_pricing_diagnostic,diagnostic_only_no_certificate,B2C_limited_pricing_diagnostic,,0,,False,BPC_INCOMPLETE_PRICING,DIAGNOSTIC_PRICING_FRONTIER,FOUND_NEGATIVE,False,,,1.943638,lunar_ice_bpc.normalized_additive_objective.v1,normalized_operating_cost_risk_weighted_completion,2368.053415,80.880256063,2299.295848928,960.0,False,1765.19261,64.038399,2336.376082,642.015298,2763.781442,0.745419254,0.791768005,1.016126778,0.668765935,1.943638,1.943638,False,,False,,0,0,3,0,0,0,0,0,0,0,0,True,0,0,0,,0,0,,,0,,0,,False,0,0.000172,,master.reduced_cost_context,B2C_limited_pricing_diagnostic-diagnostic-root,b3fe18e5350d70eb8bc849253e5425717f31bef0feaa74b79b236a5b77d2d34f,1.636181,0.0,1.636181,,424,424,424,0,3877,7,6,298644,0,0,0,0,,,0,6,0,0,0,0,0,0,0,0,FOUND_NEGATIVE,False,0,0,False,False,1.639888,B2C_limited_pricing_diagnostic: limited pricing diagnostic cannot certify no-negative or provide an official bound.,,,False,,,,,,False,False,
10-scale full normalized objective,10,lunar_ice_sp50_010_004_seed729004,B2D_proof_tail_kernel_profile,diagnostic_only_no_certificate,B2D_proof_tail_kernel_profile,,0,,False,BPC_INCOMPLETE_PRICING,DIAGNOSTIC_PRICING_FRONTIER,FOUND_NEGATIVE,False,,,1.943638,lunar_ice_bpc.normalized_additive_objective.v1,normalized_operating_cost_risk_weighted_completion,2368.053415,80.880256063,2299.295848928,960.0,False,1765.19261,64.038399,2336.376082,642.015298,2763.781442,0.745419254,0.791768005,1.016126778,0.668765935,1.943638,1.943638,False,,False,,0,0,3,0,0,0,0,0,0,0,0,True,0,0,0,,0,0,,,0,,0,,False,0,0.000176,,master.reduced_cost_context,B2D_proof_tail_kernel_profile-diagnostic-root,bf4ac4a739d69f07ba375af02b7d297aa0e7e0da7edc9990fa92affbf5be747d,1.636516,0.0,1.636516,,424,424,424,0,3877,7,6,298644,0,0,0,0,,,0,6,0,0,0,0,0,0,0,0,FOUND_NEGATIVE,False,0,0,False,True,1.640114,B2D_proof_tail_kernel_profile: limited pricing diagnostic cannot certify no-negative or provide an official bound.,,,False,,,,,,False,False,
10-scale full normalized objective,10,lunar_ice_sp50_010_007_seed729007,B0_pure_direct_dp,fixed_graph_direct_dp_oracle,B0_pure_direct_dp,,0,,False,DIRECT_DP_BASELINE_OPTIMAL,DIRECT_DP_FIXED_GRAPH_OPTIMAL,,False,,,1.988918,lunar_ice_bpc.normalized_additive_objective.v1,normalized_operating_cost_risk_weighted_completion,2198.67171,76.06298199,2095.317287176,960.0,False,1700.924798,59.655594,2257.761078,807.939788,2663.684823,0.773614719,0.784292075,1.077527061,0.841603946,1.988918,1.988918,False,,False,,0,0,0,0,0,0,0,0,0,0,0,True,0,0,0,,0,0,,,0,,0,,False,0,,,,,,,,,,0,,0,0,0,0,0,0,0,0,0,0,,,0,0,0,0,0,0,0,0,0,0,,False,0,0,False,False,0.167696,,,,False,,,,,,False,False,
10-scale full normalized objective,10,lunar_ice_sp50_010_007_seed729007,B1A_full_universe_root_audit,accepted_B1,B1A_full_universe_root_audit,,389,389,True,BPC_GAP_AVAILABLE,BPC_NODE_LP_CERTIFIED,CERTIFIED_NO_NEGATIVE,True,b1_root_true_dual_pricing_closure,BPC_NODE_LP_CERTIFIED,1.988918,lunar_ice_bpc.normalized_additive_objective.v1,normalized_operating_cost_risk_weighted_completion,2198.67171,76.06298199,2095.317287176,960.0,False,1700.924798,59.655594,2257.761078,807.939788,2663.684823,0.773614719,0.784292075,1.077527061,0.841603946,1.988918,1.988918,False,1.988918,True,True,1,1,0,0,0,0,0,0,0,0,0,True,0,0,0,,0,0,True,True,0,,0,,False,0,,,,,,,,,,0,,0,0,0,0,0,0,0,0,0,0,,,0,0,0,0,0,0,0,0,0,0,,False,0,0,False,False,0.267116,,,,False,,,,,,False,False,
10-scale full normalized objective,10,lunar_ice_sp50_010_007_seed729007,B1B_seeded_root_CG,accepted_B1,B1B_seeded_root_CG,,12,389,False,BPC_GAP_AVAILABLE,BPC_NODE_LP_CERTIFIED,CERTIFIED_NO_NEGATIVE,True,b1_root_true_dual_pricing_closure,BPC_NODE_LP_CERTIFIED,1.988918,lunar_ice_bpc.normalized_additive_objective.v1,normalized_operating_cost_risk_weighted_completion,2198.67171,76.06298199,2095.317287176,960.0,False,1700.924798,59.655594,2257.761078,807.939788,2663.684823,0.773614719,0.784292075,1.077527061,0.841603946,1.988918,1.988918,False,1.988918,True,True,4,4,0,0,0,0,0,0,0,0,0,True,150,150,0,,0,0,True,True,0,,0,,False,0,,,,,,,,,,0,,0,0,0,0,0,0,0,0,0,0,,,0,0,0,0,0,0,0,0,0,0,,False,0,0,False,False,0.211754,,,,False,,,,,,False,False,
10-scale full normalized objective,10,lunar_ice_sp50_010_007_seed729007,B2_PRODUCT_EXACT_SOLVER,fixed_graph_direct_dp_product_exact,B2_PRODUCT_EXACT_SOLVER,,0,,False,DIRECT_DP_BASELINE_OPTIMAL,DIRECT_DP_FIXED_GRAPH_OPTIMAL,NOT_PRICED,False,,,1.988918,lunar_ice_bpc.normalized_additive_objective.v1,normalized_operating_cost_risk_weighted_completion,2198.67171,76.06298199,2095.317287176,960.0,False,1700.924798,59.655594,2257.761078,807.939788,2663.684823,0.773614719,0.784292075,1.077527061,0.841603946,1.988918,1.988918,False,,False,,0,0,0,0,0,0,0,0,0,0,0,True,0,0,0,,0,0,,,0,DIRECT_DP_FIXED_GRAPH_OPTIMAL,1,1.988918,True,1,,,,,,,,,,819,,819,0,0,389,0,5401,0,0,0,0,,,0,0,0,0,0,0,0,0,0,0,,False,0,0,False,False,1.1e-05,,,,False,,,,,,False,False,
10-scale full normalized objective,10,lunar_ice_sp50_010_007_seed729007,B2A_full_universe_rc_audit_fast_path,B1A_full_universe_root_audit,B2A_full_universe_rc_audit_fast_path,,389,389,True,BPC_GAP_AVAILABLE,BPC_NODE_LP_CERTIFIED,CERTIFIED_NO_NEGATIVE,True,b2a_full_universe_membership_rc_audit,BPC_NODE_LP_CERTIFIED,1.988918,lunar_ice_bpc.normalized_additive_objective.v1,normalized_operating_cost_risk_weighted_completion,2198.67171,76.06298199,2095.317287176,960.0,False,1700.924798,59.655594,2257.761078,807.939788,2663.684823,0.773614719,0.784292075,1.077527061,0.841603946,1.988918,1.988918,False,1.988918,True,True,1,0,0,0,0,0,0,0,0,0,0,True,0,0,0,,0,0,True,True,0,,0,,False,0,0.0,,,,,0.0,0.0,,,0,,0,0,0,0,0,0,0,0,0,0,0.0,0.0,0,0,0,0,0,0,0,0,0,0,,False,0,0,False,False,0.260678,,,,False,,,,,,False,False,"wall_time_lower,final_judge_call_count_lower,final_judge_wall_time_lower"
10-scale full normalized objective,10,lunar_ice_sp50_010_007_seed729007,B2B_seeded_tail_CG,B1B_seeded_root_CG,B2B_seeded_tail_CG,,12,389,False,BPC_GAP_AVAILABLE,BPC_NODE_LP_CERTIFIED,CERTIFIED_NO_NEGATIVE,True,b2b_true_dual_pricing_closure,BPC_NODE_LP_CERTIFIED,1.988918,lunar_ice_bpc.normalized_additive_objective.v1,normalized_operating_cost_risk_weighted_completion,2198.67171,76.06298199,2095.317287176,960.0,False,1700.924798,59.655594,2257.761078,807.939788,2663.684823,0.773614719,0.784292075,1.077527061,0.841603946,1.988918,1.988918,False,1.988918,True,True,4,4,220,220,0,0,0,0,0,147,147,True,147,147,0,,0,0,True,True,0,,0,,False,0,0.0,,,,,0.0,0.172839,,,0,,0,0,0,0,0,0,0,0,0,0,0.0,0.0,0,0,0,0,0,0,0,0,0,0,,False,0,0,False,False,0.902066,,,,False,,,,,,False,False,final_judge_wall_time_lower
10-scale full normalized objective,10,lunar_ice_sp50_010_007_seed729007,B2B_R2_worker_before_final_judge,B1B_seeded_root_CG,B2B_R2_worker_before_final_judge,b2b_r2_lightweight_no_full_universe_enumeration,12,,False,BPC_GAP_AVAILABLE,BPC_NODE_LP_CERTIFIED,CERTIFIED_NO_NEGATIVE,True,b2b_r2_true_dual_final_judge_closure,BPC_NODE_LP_CERTIFIED,1.988918,lunar_ice_bpc.normalized_additive_objective.v1,normalized_operating_cost_risk_weighted_completion,2198.67171,76.06298199,2095.317287176,960.0,False,1700.924798,59.655594,2257.761078,807.939788,2663.684823,0.773614719,0.784292075,1.077527061,0.841603946,1.988918,1.988918,False,1.988918,True,True,7,4,151,151,0,0,0,0,0,151,151,True,95,95,0,,57,0,True,True,0,,0,,False,0,0.02594,LOCAL_NO_COLUMN_UNCERTIFIED,master.reduced_cost_context,B2B_R2_worker_before_final_judge-root-7,d81bcfc3f2f6569b91cadd2e696684acd0ac970a9c9ba9993fba5669c2a5ef78,0.331882,0.687426,0.039584,0.039584,6373,334,6373,62353,440131,882,1991,62353,0,0,0,0,0.0,0.0,346,89,0,819,7,3,3,4,0,3,FINAL_JUDGE_CERTIFIED_NO_NEGATIVE,False,6373,0,False,True,1.057412,,,,False,,,,,,False,False,"time_to_first_addable_negative_available,worker_found_addable_negative"
10-scale full normalized objective,10,lunar_ice_sp50_010_007_seed729007,B2B_R3_true_dual_negative_search_worker,B1B_seeded_root_CG,B2B_R3_true_dual_negative_search_worker,b2b_r3_lightweight_no_full_universe_enumeration,12,,False,BPC_GAP_AVAILABLE,BPC_NODE_LP_CERTIFIED,CERTIFIED_NO_NEGATIVE,True,b2b_r3_true_dual_final_judge_closure,BPC_NODE_LP_CERTIFIED,1.988918,lunar_ice_bpc.normalized_additive_objective.v1,normalized_operating_cost_risk_weighted_completion,2198.67171,76.06298199,2095.317287176,960.0,False,1700.924798,59.655594,2257.761078,807.939788,2663.684823,0.773614719,0.784292075,1.077527061,0.841603946,1.988918,1.988918,False,1.988918,True,True,7,4,151,151,0,0,0,0,0,151,151,True,95,95,0,,57,0,True,True,0,,0,,False,0,0.024022,LOCAL_NO_COLUMN_UNCERTIFIED,master.reduced_cost_context,B2B_R3_true_dual_negative_search_worker-root-7,7335abb0e261714ccf322b0cef9d933c38ea05caabcd91698d131f119f8b7638,0.331098,0.684805,0.038405,0.038405,6373,334,6373,62353,440131,882,1991,62353,0,0,0,0,0.0,0.0,346,89,0,819,7,3,3,4,0,3,FINAL_JUDGE_CERTIFIED_NO_NEGATIVE,False,6373,0,False,True,1.053878,,,,False,,,,,,False,False,"time_to_first_addable_negative_available,worker_found_addable_negative"
10-scale full normalized objective,10,lunar_ice_sp50_010_007_seed729007,B2C_limited_pricing_diagnostic,diagnostic_only_no_certificate,B2C_limited_pricing_diagnostic,,0,,False,BPC_INCOMPLETE_PRICING,DIAGNOSTIC_PRICING_FRONTIER,FOUND_NEGATIVE,False,,,1.988918,lunar_ice_bpc.normalized_additive_objective.v1,normalized_operating_cost_risk_weighted_completion,2198.67171,76.06298199,2095.317287176,960.0,False,1700.924798,59.655594,2257.761078,807.939788,2663.684823,0.773614719,0.784292075,1.077527061,0.841603946,1.988918,1.988918,False,,False,,0,0,1,0,0,0,0,0,0,0,0,True,0,0,0,,0,0,,,0,,0,,False,0,0.000167,,master.reduced_cost_context,B2C_limited_pricing_diagnostic-diagnostic-root,5c116508b63aae49c2ddca71441f75711942edb2cc1288c6783855e36f0c8bc4,0.139436,0.0,0.139436,,83,83,83,0,525,3,2,24586,0,0,0,0,,,0,2,0,0,0,0,0,0,0,0,FOUND_NEGATIVE,False,0,0,False,False,0.142587,B2C_limited_pricing_diagnostic: limited pricing diagnostic cannot certify no-negative or provide an official bound.,,,False,,,,,,False,False,
10-scale full normalized objective,10,lunar_ice_sp50_010_007_seed729007,B2D_proof_tail_kernel_profile,diagnostic_only_no_certificate,B2D_proof_tail_kernel_profile,,0,,False,BPC_INCOMPLETE_PRICING,DIAGNOSTIC_PRICING_FRONTIER,FOUND_NEGATIVE,False,,,1.988918,lunar_ice_bpc.normalized_additive_objective.v1,normalized_operating_cost_risk_weighted_completion,2198.67171,76.06298199,2095.317287176,960.0,False,1700.924798,59.655594,2257.761078,807.939788,2663.684823,0.773614719,0.784292075,1.077527061,0.841603946,1.988918,1.988918,False,,False,,0,0,1,0,0,0,0,0,0,0,0,True,0,0,0,,0,0,,,0,,0,,False,0,0.00016,,master.reduced_cost_context,B2D_proof_tail_kernel_profile-diagnostic-root,fc7c166ed1f7f12ccb0443233b3467df9aec6e56165d6c0f6e0fc4bde2dc6262,0.142932,0.0,0.142932,,83,83,83,0,525,3,2,24586,0,0,0,0,,,0,2,0,0,0,0,0,0,0,0,FOUND_NEGATIVE,False,0,0,False,True,0.146146,B2D_proof_tail_kernel_profile: limited pricing diagnostic cannot certify no-negative or provide an official bound.,,,False,,,,,,False,False,
10-scale full normalized objective,10,lunar_ice_sp50_010_010_seed729010,B0_pure_direct_dp,fixed_graph_direct_dp_oracle,B0_pure_direct_dp,,0,,False,DIRECT_DP_BASELINE_OPTIMAL,DIRECT_DP_FIXED_GRAPH_OPTIMAL,,False,,,1.767861,lunar_ice_bpc.normalized_additive_objective.v1,normalized_operating_cost_risk_weighted_completion,2635.098626,86.634707382,2805.3567327,960.0,False,1742.803528,59.834701,2916.342931,800.104946,2969.175401,0.661380759,0.690655083,1.039562241,0.833442652,1.767861,1.767861,False,,False,,0,0,0,0,0,0,0,0,0,0,0,True,0,0,0,,0,0,,,0,,0,,False,0,,,,,,,,,,0,,0,0,0,0,0,0,0,0,0,0,,,0,0,0,0,0,0,0,0,0,0,,False,0,0,False,False,0.55816,,,,False,,,,,,False,False,
10-scale full normalized objective,10,lunar_ice_sp50_010_010_seed729010,B1A_full_universe_root_audit,accepted_B1,B1A_full_universe_root_audit,,477,477,True,BPC_GAP_AVAILABLE,BPC_NODE_LP_CERTIFIED,CERTIFIED_NO_NEGATIVE,True,b1_root_true_dual_pricing_closure,BPC_NODE_LP_CERTIFIED,1.767861,lunar_ice_bpc.normalized_additive_objective.v1,normalized_operating_cost_risk_weighted_completion,2635.098626,86.634707382,2805.3567327,960.0,False,1742.803528,59.834701,2916.342931,800.104946,2969.175401,0.661380759,0.690655083,1.039562241,0.833442652,1.767861,1.767861,False,1.767861,True,True,1,1,0,0,0,0,0,0,0,0,0,True,0,0,0,,0,0,True,True,0,,0,,False,0,,,,,,,,,,0,,0,0,0,0,0,0,0,0,0,0,,,0,0,0,0,0,0,0,0,0,0,,False,0,0,False,False,0.713977,,,,False,,,,,,False,False,
10-scale full normalized objective,10,lunar_ice_sp50_010_010_seed729010,B1B_seeded_root_CG,accepted_B1,B1B_seeded_root_CG,,12,477,False,BPC_GAP_AVAILABLE,BPC_NODE_LP_CERTIFIED,CERTIFIED_NO_NEGATIVE,True,b1_root_true_dual_pricing_closure,BPC_NODE_LP_CERTIFIED,1.767861,lunar_ice_bpc.normalized_additive_objective.v1,normalized_operating_cost_risk_weighted_completion,2635.098626,86.634707382,2805.3567327,960.0,False,1742.803528,59.834701,2916.342931,800.104946,2969.175401,0.661380759,0.690655083,1.039562241,0.833442652,1.767861,1.767861,False,1.767861,True,True,4,4,0,0,0,0,0,0,0,0,0,True,140,140,0,,0,0,True,True,0,,0,,False,0,,,,,,,,,,0,,0,0,0,0,0,0,0,0,0,0,,,0,0,0,0,0,0,0,0,0,0,,False,0,0,False,False,0.598744,,,,False,,,,,,False,False,
10-scale full normalized objective,10,lunar_ice_sp50_010_010_seed729010,B2_PRODUCT_EXACT_SOLVER,fixed_graph_direct_dp_product_exact,B2_PRODUCT_EXACT_SOLVER,,0,,False,DIRECT_DP_BASELINE_OPTIMAL,DIRECT_DP_FIXED_GRAPH_OPTIMAL,NOT_PRICED,False,,,1.767861,lunar_ice_bpc.normalized_additive_objective.v1,normalized_operating_cost_risk_weighted_completion,2635.098626,86.634707382,2805.3567327,960.0,False,1742.803528,59.834701,2916.342931,800.104946,2969.175401,0.661380759,0.690655083,1.039562241,0.833442652,1.767861,1.767861,False,,False,,0,0,0,0,0,0,0,0,0,0,0,True,0,0,0,,0,0,,,0,DIRECT_DP_FIXED_GRAPH_OPTIMAL,1,1.767861,True,1,,,,,,,,,,1976,,1976,0,0,477,0,25386,0,0,0,0,,,0,0,0,0,0,0,0,0,0,0,,False,0,0,False,False,1.8e-05,,,,False,,,,,,False,False,
10-scale full normalized objective,10,lunar_ice_sp50_010_010_seed729010,B2A_full_universe_rc_audit_fast_path,B1A_full_universe_root_audit,B2A_full_universe_rc_audit_fast_path,,477,477,True,BPC_GAP_AVAILABLE,BPC_NODE_LP_CERTIFIED,CERTIFIED_NO_NEGATIVE,True,b2a_full_universe_membership_rc_audit,BPC_NODE_LP_CERTIFIED,1.767861,lunar_ice_bpc.normalized_additive_objective.v1,normalized_operating_cost_risk_weighted_completion,2635.098626,86.634707382,2805.3567327,960.0,False,1742.803528,59.834701,2916.342931,800.104946,2969.175401,0.661380759,0.690655083,1.039562241,0.833442652,1.767861,1.767861,False,1.767861,True,True,1,0,0,0,0,0,0,0,0,0,0,True,0,0,0,,0,0,True,True,0,,0,,False,0,0.0,,,,,0.0,0.0,,,0,,0,0,0,0,0,0,0,0,0,0,0.0,0.0,0,0,0,0,0,0,0,0,0,0,,False,0,0,False,False,0.69485,,,,False,,,,,,False,False,"wall_time_lower,final_judge_call_count_lower,final_judge_wall_time_lower"
10-scale full normalized objective,10,lunar_ice_sp50_010_010_seed729010,B2B_seeded_tail_CG,B1B_seeded_root_CG,B2B_seeded_tail_CG,,12,477,False,BPC_GAP_AVAILABLE,BPC_NODE_LP_CERTIFIED,CERTIFIED_NO_NEGATIVE,True,b2b_true_dual_pricing_closure,BPC_NODE_LP_CERTIFIED,1.767861,lunar_ice_bpc.normalized_additive_objective.v1,normalized_operating_cost_risk_weighted_completion,2635.098626,86.634707382,2805.3567327,960.0,False,1742.803528,59.834701,2916.342931,800.104946,2969.175401,0.661380759,0.690655083,1.039562241,0.833442652,1.767861,1.767861,False,1.767861,True,True,5,5,205,205,0,0,0,0,0,151,151,True,151,151,0,,0,0,True,True,0,,0,,False,0,0.0,,,,,0.0,0.56273,,,0,,0,0,0,0,0,0,0,0,0,0,0.0,0.0,0,0,0,0,0,0,0,0,0,0,,False,0,0,False,False,3.456532,,,,False,,,,,,False,False,"final_judge_wall_time_lower,added_to_master_count_higher"
10-scale full normalized objective,10,lunar_ice_sp50_010_010_seed729010,B2B_R2_worker_before_final_judge,B1B_seeded_root_CG,B2B_R2_worker_before_final_judge,b2b_r2_lightweight_no_full_universe_enumeration,12,,False,BPC_INCOMPLETE_PRICING,DIAGNOSTIC_PRICING_FRONTIER,INCOMPLETE_LIMIT,False,,,1.767861,lunar_ice_bpc.normalized_additive_objective.v1,normalized_operating_cost_risk_weighted_completion,2635.098626,86.634707382,2805.3567327,960.0,False,1742.803528,59.834701,2916.342931,800.104946,2969.175401,0.661380759,0.690655083,1.039562241,0.833442652,1.767861,1.767861,False,1.767861,False,True,8,4,148,148,0,0,0,0,0,148,148,True,100,100,0,,6,0,True,True,0,,0,,False,0,0.028774,LOCAL_NO_COLUMN_UNCERTIFIED,master.reduced_cost_context,B2B_R2_worker_before_final_judge-root-8,b6b9d0fb648d953c08762c1625328371adb62351a278f47fe7035da1c70f275d,0.699053,2.277417,0.065394,0.065394,13050,478,13050,205616,1129682,1003,2399,205616,0,0,0,0,0.0,0.0,391,100,0,1976,8,5,5,3,0,4,WORKER_INCOMPLETE_LIMIT,False,13050,0,False,True,3.018667,Stopped after max_rounds=8; B2B_R2_worker_before_final_judge worker/final-judge root proof is incomplete.,,,False,,,,,,True,False,"time_to_first_addable_negative_available,worker_found_addable_negative"
10-scale full normalized objective,10,lunar_ice_sp50_010_010_seed729010,B2B_R3_true_dual_negative_search_worker,B1B_seeded_root_CG,B2B_R3_true_dual_negative_search_worker,b2b_r3_lightweight_no_full_universe_enumeration,12,,False,BPC_INCOMPLETE_PRICING,DIAGNOSTIC_PRICING_FRONTIER,INCOMPLETE_LIMIT,False,,,1.767861,lunar_ice_bpc.normalized_additive_objective.v1,normalized_operating_cost_risk_weighted_completion,2635.098626,86.634707382,2805.3567327,960.0,False,1742.803528,59.834701,2916.342931,800.104946,2969.175401,0.661380759,0.690655083,1.039562241,0.833442652,1.767861,1.767861,False,1.767861,False,True,8,4,148,148,0,0,0,0,0,148,148,True,100,100,0,,6,0,True,True,0,,0,,False,0,0.028317,LOCAL_NO_COLUMN_UNCERTIFIED,master.reduced_cost_context,B2B_R3_true_dual_negative_search_worker-root-8,d3c74dd8169beb19ad499f2965a9d62f53b16efa842ab3e3419c31cfbe37cae8,0.694232,2.282459,0.065697,0.065697,13050,478,13050,205616,1129682,1003,2399,205616,0,0,0,0,0.0,0.0,391,100,0,1976,8,5,5,3,0,4,WORKER_INCOMPLETE_LIMIT,False,13050,0,False,True,3.01812,Stopped after max_rounds=8; B2B_R3_true_dual_negative_search_worker worker/final-judge root proof is incomplete.,,,False,,,,,,True,False,"time_to_first_addable_negative_available,worker_found_addable_negative"
10-scale full normalized objective,10,lunar_ice_sp50_010_010_seed729010,B2C_limited_pricing_diagnostic,diagnostic_only_no_certificate,B2C_limited_pricing_diagnostic,,0,,False,BPC_INCOMPLETE_PRICING,DIAGNOSTIC_PRICING_FRONTIER,FOUND_NEGATIVE,False,,,1.767861,lunar_ice_bpc.normalized_additive_objective.v1,normalized_operating_cost_risk_weighted_completion,2635.098626,86.634707382,2805.3567327,960.0,False,1742.803528,59.834701,2916.342931,800.104946,2969.175401,0.661380759,0.690655083,1.039562241,0.833442652,1.767861,1.767861,False,,False,,0,0,2,0,0,0,0,0,0,0,0,True,0,0,0,,0,0,,,0,,0,,False,0,0.000161,,master.reduced_cost_context,B2C_limited_pricing_diagnostic-diagnostic-root,529689110ab7f1e9a1e653803c24012559b3342a9dbd5b92b5d4894da54788f7,1.105489,0.0,1.105489,,341,341,341,0,1988,5,4,196040,0,0,0,0,,,0,4,0,0,0,0,0,0,0,0,FOUND_NEGATIVE,False,0,0,False,False,1.109021,B2C_limited_pricing_diagnostic: limited pricing diagnostic cannot certify no-negative or provide an official bound.,,,False,,,,,,False,False,
10-scale full normalized objective,10,lunar_ice_sp50_010_010_seed729010,B2D_proof_tail_kernel_profile,diagnostic_only_no_certificate,B2D_proof_tail_kernel_profile,,0,,False,BPC_INCOMPLETE_PRICING,DIAGNOSTIC_PRICING_FRONTIER,FOUND_NEGATIVE,False,,,1.767861,lunar_ice_bpc.normalized_additive_objective.v1,normalized_operating_cost_risk_weighted_completion,2635.098626,86.634707382,2805.3567327,960.0,False,1742.803528,59.834701,2916.342931,800.104946,2969.175401,0.661380759,0.690655083,1.039562241,0.833442652,1.767861,1.767861,False,,False,,0,0,2,0,0,0,0,0,0,0,0,True,0,0,0,,0,0,,,0,,0,,False,0,0.000169,,master.reduced_cost_context,B2D_proof_tail_kernel_profile-diagnostic-root,43e2947073d8bc46a70c2b57c3d9bc975f344fc49931d6645ca19c70473647c9,1.079375,0.0,1.079375,,341,341,341,0,1988,5,4,196040,0,0,0,0,,,0,4,0,0,0,0,0,0,0,0,FOUND_NEGATIVE,False,0,0,False,True,1.08294,B2D_proof_tail_kernel_profile: limited pricing diagnostic cannot certify no-negative or provide an official bound.,,,False,,,,,,False,False,
10-scale full normalized objective,10,lunar_ice_sp50_010_011_seed729011,B0_pure_direct_dp,fixed_graph_direct_dp_oracle,B0_pure_direct_dp,,0,,False,DIRECT_DP_BASELINE_OPTIMAL,DIRECT_DP_FIXED_GRAPH_OPTIMAL,,False,,,1.782366,lunar_ice_bpc.normalized_additive_objective.v1,normalized_operating_cost_risk_weighted_completion,2480.263255,95.956719157,2537.226505277,960.0,False,1675.624578,67.068396,2586.947149,776.752827,2777.471834,0.675583358,0.698944238,1.019596454,0.809117528,1.782366,1.782366,False,,False,,0,0,0,0,0,0,0,0,0,0,0,True,0,0,0,,0,0,,,0,,0,,False,0,,,,,,,,,,0,,0,0,0,0,0,0,0,0,0,0,,,0,0,0,0,0,0,0,0,0,0,,False,0,0,False,False,0.662954,,,,False,,,,,,False,False,
10-scale full normalized objective,10,lunar_ice_sp50_010_011_seed729011,B1A_full_universe_root_audit,accepted_B1,B1A_full_universe_root_audit,,449,449,True,BPC_GAP_AVAILABLE,BPC_NODE_LP_CERTIFIED,CERTIFIED_NO_NEGATIVE,True,b1_root_true_dual_pricing_closure,BPC_NODE_LP_CERTIFIED,1.782366,lunar_ice_bpc.normalized_additive_objective.v1,normalized_operating_cost_risk_weighted_completion,2480.263255,95.956719157,2537.226505277,960.0,False,1675.624578,67.068396,2586.947149,776.752827,2777.471834,0.675583358,0.698944238,1.019596454,0.809117528,1.782366,1.782366,False,1.782366,True,True,1,1,0,0,0,0,0,0,0,0,0,True,0,0,0,,0,0,True,True,0,,0,,False,0,,,,,,,,,,0,,0,0,0,0,0,0,0,0,0,0,,,0,0,0,0,0,0,0,0,0,0,,False,0,0,False,False,0.767678,,,,False,,,,,,False,False,
10-scale full normalized objective,10,lunar_ice_sp50_010_011_seed729011,B1B_seeded_root_CG,accepted_B1,B1B_seeded_root_CG,,12,449,False,BPC_GAP_AVAILABLE,BPC_NODE_LP_CERTIFIED,CERTIFIED_NO_NEGATIVE,True,b1_root_true_dual_pricing_closure,BPC_NODE_LP_CERTIFIED,1.782366,lunar_ice_bpc.normalized_additive_objective.v1,normalized_operating_cost_risk_weighted_completion,2480.263255,95.956719157,2537.226505277,960.0,False,1675.624578,67.068396,2586.947149,776.752827,2777.471834,0.675583358,0.698944238,1.019596454,0.809117528,1.782366,1.782366,False,1.782366,True,True,3,3,0,0,0,0,0,0,0,0,0,True,195,195,0,,0,0,True,True,0,,0,,False,0,,,,,,,,,,0,,0,0,0,0,0,0,0,0,0,0,,,0,0,0,0,0,0,0,0,0,0,,False,0,0,False,False,0.715187,,,,False,,,,,,False,False,
10-scale full normalized objective,10,lunar_ice_sp50_010_011_seed729011,B2_PRODUCT_EXACT_SOLVER,fixed_graph_direct_dp_product_exact,B2_PRODUCT_EXACT_SOLVER,,0,,False,DIRECT_DP_BASELINE_OPTIMAL,DIRECT_DP_FIXED_GRAPH_OPTIMAL,NOT_PRICED,False,,,1.782366,lunar_ice_bpc.normalized_additive_objective.v1,normalized_operating_cost_risk_weighted_completion,2480.263255,95.956719157,2537.226505277,960.0,False,1675.624578,67.068396,2586.947149,776.752827,2777.471834,0.675583358,0.698944238,1.019596454,0.809117528,1.782366,1.782366,False,,False,,0,0,0,0,0,0,0,0,0,0,0,True,0,0,0,,0,0,,,0,DIRECT_DP_FIXED_GRAPH_OPTIMAL,1,1.782366,True,1,,,,,,,,,,1893,,1893,0,0,449,0,29493,0,0,0,0,,,0,0,0,0,0,0,0,0,0,0,,False,0,0,False,False,1.2e-05,,,,False,,,,,,False,False,
10-scale full normalized objective,10,lunar_ice_sp50_010_011_seed729011,B2A_full_universe_rc_audit_fast_path,B1A_full_universe_root_audit,B2A_full_universe_rc_audit_fast_path,,449,449,True,BPC_GAP_AVAILABLE,BPC_NODE_LP_CERTIFIED,CERTIFIED_NO_NEGATIVE,True,b2a_full_universe_membership_rc_audit,BPC_NODE_LP_CERTIFIED,1.782366,lunar_ice_bpc.normalized_additive_objective.v1,normalized_operating_cost_risk_weighted_completion,2480.263255,95.956719157,2537.226505277,960.0,False,1675.624578,67.068396,2586.947149,776.752827,2777.471834,0.675583358,0.698944238,1.019596454,0.809117528,1.782366,1.782366,False,1.782366,True,True,1,0,0,0,0,0,0,0,0,0,0,True,0,0,0,,0,0,True,True,0,,0,,False,0,0.0,,,,,0.0,0.0,,,0,,0,0,0,0,0,0,0,0,0,0,0.0,0.0,0,0,0,0,0,0,0,0,0,0,,False,0,0,False,False,0.753657,,,,False,,,,,,False,False,"wall_time_lower,final_judge_call_count_lower,final_judge_wall_time_lower"
10-scale full normalized objective,10,lunar_ice_sp50_010_011_seed729011,B2B_seeded_tail_CG,B1B_seeded_root_CG,B2B_seeded_tail_CG,,12,449,False,BPC_GAP_AVAILABLE,BPC_NODE_LP_CERTIFIED,CERTIFIED_NO_NEGATIVE,True,b2b_true_dual_pricing_closure,BPC_NODE_LP_CERTIFIED,1.782366,lunar_ice_bpc.normalized_additive_objective.v1,normalized_operating_cost_risk_weighted_completion,2480.263255,95.956719157,2537.226505277,960.0,False,1675.624578,67.068396,2586.947149,776.752827,2777.471834,0.675583358,0.698944238,1.019596454,0.809117528,1.782366,1.782366,False,1.782366,True,True,5,5,237,237,0,0,0,0,0,130,130,True,130,130,0,,0,0,True,True,0,,0,,False,0,0.0,,,,,0.0,0.669634,,,0,,0,0,0,0,0,0,0,0,0,0,0.0,0.0,0,0,0,0,0,0,0,0,0,0,,False,0,0,False,False,4.07667,,,,False,,,,,,False,False,final_judge_wall_time_lower
10-scale full normalized objective,10,lunar_ice_sp50_010_011_seed729011,B2B_R2_worker_before_final_judge,B1B_seeded_root_CG,B2B_R2_worker_before_final_judge,b2b_r2_lightweight_no_full_universe_enumeration,12,,False,BPC_GAP_AVAILABLE,BPC_NODE_LP_CERTIFIED,CERTIFIED_NO_NEGATIVE,True,b2b_r2_true_dual_final_judge_closure,BPC_NODE_LP_CERTIFIED,1.782366,lunar_ice_bpc.normalized_additive_objective.v1,normalized_operating_cost_risk_weighted_completion,2480.263255,95.956719157,2537.226505277,960.0,False,1675.624578,67.068396,2586.947149,776.752827,2777.471834,0.675583358,0.698944238,1.019596454,0.809117528,1.782366,1.782366,False,1.782366,True,True,7,3,132,132,0,0,0,0,0,132,132,True,75,75,0,,33,0,True,True,0,,0,,False,0,0.011528,LOCAL_NO_COLUMN_UNCERTIFIED,master.reduced_cost_context,B2B_R2_worker_before_final_judge-root-7,5d89a429024de37130abf3f0abfd3c0373be7a5afb6f833da0cde4483fffb869,0.589159,1.995347,0.081383,0.081383,11060,586,11060,159142,1091432,863,1780,159142,0,0,0,0,0.0,0.0,347,86,0,1893,7,4,4,3,0,4,FINAL_JUDGE_CERTIFIED_NO_NEGATIVE,False,11060,0,False,True,2.607069,,,,False,,,,,,False,False,"time_to_first_addable_negative_available,worker_found_addable_negative"
10-scale full normalized objective,10,lunar_ice_sp50_010_011_seed729011,B2B_R3_true_dual_negative_search_worker,B1B_seeded_root_CG,B2B_R3_true_dual_negative_search_worker,b2b_r3_lightweight_no_full_universe_enumeration,12,,False,BPC_GAP_AVAILABLE,BPC_NODE_LP_CERTIFIED,CERTIFIED_NO_NEGATIVE,True,b2b_r3_true_dual_final_judge_closure,BPC_NODE_LP_CERTIFIED,1.782366,lunar_ice_bpc.normalized_additive_objective.v1,normalized_operating_cost_risk_weighted_completion,2480.263255,95.956719157,2537.226505277,960.0,False,1675.624578,67.068396,2586.947149,776.752827,2777.471834,0.675583358,0.698944238,1.019596454,0.809117528,1.782366,1.782366,False,1.782366,True,True,7,3,132,132,0,0,0,0,0,132,132,True,75,75,0,,33,0,True,True,0,,0,,False,0,0.009805,LOCAL_NO_COLUMN_UNCERTIFIED,master.reduced_cost_context,B2B_R3_true_dual_negative_search_worker-root-7,276270682ef916512da10820e190d70f84bc723887da16d8a4cd3b451b4dac01,0.591781,2.003913,0.082142,0.082142,11060,586,11060,159142,1091432,863,1780,159142,0,0,0,0,0.0,0.0,347,86,0,1893,7,4,4,3,0,4,FINAL_JUDGE_CERTIFIED_NO_NEGATIVE,False,11060,0,False,True,2.617062,,,,False,,,,,,False,False,"time_to_first_addable_negative_available,worker_found_addable_negative"
10-scale full normalized objective,10,lunar_ice_sp50_010_011_seed729011,B2C_limited_pricing_diagnostic,diagnostic_only_no_certificate,B2C_limited_pricing_diagnostic,,0,,False,BPC_INCOMPLETE_PRICING,DIAGNOSTIC_PRICING_FRONTIER,FOUND_NEGATIVE,False,,,1.782366,lunar_ice_bpc.normalized_additive_objective.v1,normalized_operating_cost_risk_weighted_completion,2480.263255,95.956719157,2537.226505277,960.0,False,1675.624578,67.068396,2586.947149,776.752827,2777.471834,0.675583358,0.698944238,1.019596454,0.809117528,1.782366,1.782366,False,,False,,0,0,6,0,0,0,0,0,0,0,0,True,0,0,0,,0,0,,,0,,0,,False,0,0.000164,,master.reduced_cost_context,B2C_limited_pricing_diagnostic-diagnostic-root,318d5d1ead771156c4fc06e4a182a4a433f7f5db10137aee8ef4db581b6ae66a,0.912319,0.0,0.912319,,547,547,547,0,2256,9,6,161712,0,0,0,0,,,0,6,0,0,0,0,0,0,0,0,FOUND_NEGATIVE,False,0,0,False,False,0.91728,B2C_limited_pricing_diagnostic: limited pricing diagnostic cannot certify no-negative or provide an official bound.,,,False,,,,,,False,False,
10-scale full normalized objective,10,lunar_ice_sp50_010_011_seed729011,B2D_proof_tail_kernel_profile,diagnostic_only_no_certificate,B2D_proof_tail_kernel_profile,,0,,False,BPC_INCOMPLETE_PRICING,DIAGNOSTIC_PRICING_FRONTIER,FOUND_NEGATIVE,False,,,1.782366,lunar_ice_bpc.normalized_additive_objective.v1,normalized_operating_cost_risk_weighted_completion,2480.263255,95.956719157,2537.226505277,960.0,False,1675.624578,67.068396,2586.947149,776.752827,2777.471834,0.675583358,0.698944238,1.019596454,0.809117528,1.782366,1.782366,False,,False,,0,0,6,0,0,0,0,0,0,0,0,True,0,0,0,,0,0,,,0,,0,,False,0,0.00016,,master.reduced_cost_context,B2D_proof_tail_kernel_profile-diagnostic-root,de17c0cfcdb2b56ead59eba6453c7a3eaa2b3e69506d304eab635c6dbfe1dd17,0.920957,0.0,0.920957,,547,547,547,0,2256,9,6,161712,0,0,0,0,,,0,6,0,0,0,0,0,0,0,0,FOUND_NEGATIVE,False,0,0,False,True,0.92461,B2D_proof_tail_kernel_profile: limited pricing diagnostic cannot certify no-negative or provide an official bound.,,,False,,,,,,False,False,
10-scale full normalized objective,10,lunar_ice_sp50_010_015_seed729015,B0_pure_direct_dp,fixed_graph_direct_dp_oracle,B0_pure_direct_dp,,0,,False,DIRECT_DP_BASELINE_OPTIMAL,DIRECT_DP_FIXED_GRAPH_OPTIMAL,,False,,,2.02493,lunar_ice_bpc.normalized_additive_objective.v1,normalized_operating_cost_risk_weighted_completion,2216.45963,76.354824446,2174.354121438,960.0,False,1761.655359,61.06623,2339.362999,718.933525,2758.466789,0.794805976,0.79976911,1.075888686,0.748889089,2.024931,2.02493,False,,False,,0,0,0,0,0,0,0,0,0,0,0,True,0,0,0,,0,0,,,0,,0,,False,0,,,,,,,,,,0,,0,0,0,0,0,0,0,0,0,0,,,0,0,0,0,0,0,0,0,0,0,,False,0,0,False,False,0.330986,,,,False,,,,,,False,False,
10-scale full normalized objective,10,lunar_ice_sp50_010_015_seed729015,B1A_full_universe_root_audit,accepted_B1,B1A_full_universe_root_audit,,430,430,True,BPC_GAP_AVAILABLE,BPC_NODE_LP_CERTIFIED,CERTIFIED_NO_NEGATIVE,True,b1_root_true_dual_pricing_closure,BPC_NODE_LP_CERTIFIED,2.02493,lunar_ice_bpc.normalized_additive_objective.v1,normalized_operating_cost_risk_weighted_completion,2216.45963,76.354824446,2174.354121438,960.0,False,1761.655359,61.06623,2339.362999,718.933525,2758.466789,0.794805976,0.79976911,1.075888686,0.748889089,2.024931,2.02493,False,2.02493,True,True,1,1,0,0,0,0,0,0,0,0,0,True,0,0,0,,0,0,True,True,0,,0,,False,0,,,,,,,,,,0,,0,0,0,0,0,0,0,0,0,0,,,0,0,0,0,0,0,0,0,0,0,,False,0,0,False,False,0.442667,,,,False,,,,,,False,False,
10-scale full normalized objective,10,lunar_ice_sp50_010_015_seed729015,B1B_seeded_root_CG,accepted_B1,B1B_seeded_root_CG,,12,430,False,BPC_GAP_AVAILABLE,BPC_NODE_LP_CERTIFIED,CERTIFIED_NO_NEGATIVE,True,b1_root_true_dual_pricing_closure,BPC_NODE_LP_CERTIFIED,2.02493,lunar_ice_bpc.normalized_additive_objective.v1,normalized_operating_cost_risk_weighted_completion,2216.45963,76.354824446,2174.354121438,960.0,False,1761.655359,61.06623,2339.362999,718.933525,2758.466789,0.794805976,0.79976911,1.075888686,0.748889089,2.024931,2.02493,False,2.02493,True,True,3,3,0,0,0,0,0,0,0,0,0,True,276,276,0,,0,0,True,True,0,,0,,False,0,,,,,,,,,,0,,0,0,0,0,0,0,0,0,0,0,,,0,0,0,0,0,0,0,0,0,0,,False,0,0,False,False,0.391857,,,,False,,,,,,False,False,
10-scale full normalized objective,10,lunar_ice_sp50_010_015_seed729015,B2_PRODUCT_EXACT_SOLVER,fixed_graph_direct_dp_product_exact,B2_PRODUCT_EXACT_SOLVER,,0,,False,DIRECT_DP_BASELINE_OPTIMAL,DIRECT_DP_FIXED_GRAPH_OPTIMAL,NOT_PRICED,False,,,2.02493,lunar_ice_bpc.normalized_additive_objective.v1,normalized_operating_cost_risk_weighted_completion,2216.45963,76.354824446,2174.354121438,960.0,False,1761.655359,61.06623,2339.362999,718.933525,2758.466789,0.794805976,0.79976911,1.075888686,0.748889089,2.024931,2.02493,False,,False,,0,0,0,0,0,0,0,0,0,0,0,True,0,0,0,,0,0,,,0,DIRECT_DP_FIXED_GRAPH_OPTIMAL,1,2.02493,True,1,,,,,,,,,,1845,,1845,0,0,430,0,13689,0,0,0,0,,,0,0,0,0,0,0,0,0,0,0,,False,0,0,False,False,1e-05,,,,False,,,,,,False,False,
10-scale full normalized objective,10,lunar_ice_sp50_010_015_seed729015,B2A_full_universe_rc_audit_fast_path,B1A_full_universe_root_audit,B2A_full_universe_rc_audit_fast_path,,430,430,True,BPC_GAP_AVAILABLE,BPC_NODE_LP_CERTIFIED,CERTIFIED_NO_NEGATIVE,True,b2a_full_universe_membership_rc_audit,BPC_NODE_LP_CERTIFIED,2.02493,lunar_ice_bpc.normalized_additive_objective.v1,normalized_operating_cost_risk_weighted_completion,2216.45963,76.354824446,2174.354121438,960.0,False,1761.655359,61.06623,2339.362999,718.933525,2758.466789,0.794805976,0.79976911,1.075888686,0.748889089,2.024931,2.02493,False,2.02493,True,True,1,0,0,0,0,0,0,0,0,0,0,True,0,0,0,,0,0,True,True,0,,0,,False,0,0.0,,,,,0.0,0.0,,,0,,0,0,0,0,0,0,0,0,0,0,0.0,0.0,0,0,0,0,0,0,0,0,0,0,,False,0,0,False,False,0.428938,,,,False,,,,,,False,False,"wall_time_lower,final_judge_call_count_lower,final_judge_wall_time_lower"
10-scale full normalized objective,10,lunar_ice_sp50_010_015_seed729015,B2B_seeded_tail_CG,B1B_seeded_root_CG,B2B_seeded_tail_CG,,12,430,False,BPC_GAP_AVAILABLE,BPC_NODE_LP_CERTIFIED,CERTIFIED_NO_NEGATIVE,True,b2b_true_dual_pricing_closure,BPC_NODE_LP_CERTIFIED,2.02493,lunar_ice_bpc.normalized_additive_objective.v1,normalized_operating_cost_risk_weighted_completion,2216.45963,76.354824446,2174.354121438,960.0,False,1761.655359,61.06623,2339.362999,718.933525,2758.466789,0.794805976,0.79976911,1.075888686,0.748889089,2.024931,2.02493,False,2.02493,True,True,4,4,245,245,0,0,0,0,0,133,133,True,133,133,0,,0,0,True,True,0,,0,,False,0,0.0,,,,,0.0,0.334546,,,0,,0,0,0,0,0,0,0,0,0,0,0.0,0.0,0,0,0,0,0,0,0,0,0,0,,False,0,0,False,False,1.679299,,,,False,,,,,,False,False,final_judge_wall_time_lower
10-scale full normalized objective,10,lunar_ice_sp50_010_015_seed729015,B2B_R2_worker_before_final_judge,B1B_seeded_root_CG,B2B_R2_worker_before_final_judge,b2b_r2_lightweight_no_full_universe_enumeration,12,,False,BPC_GAP_AVAILABLE,BPC_NODE_LP_CERTIFIED,CERTIFIED_NO_NEGATIVE,True,b2b_r2_true_dual_final_judge_closure,BPC_NODE_LP_CERTIFIED,2.02493,lunar_ice_bpc.normalized_additive_objective.v1,normalized_operating_cost_risk_weighted_completion,2216.45963,76.354824446,2174.354121438,960.0,False,1761.655359,61.06623,2339.362999,718.933525,2758.466789,0.794805976,0.79976911,1.075888686,0.748889089,2.024931,2.02493,False,2.02493,True,True,6,3,251,251,0,0,0,0,0,209,209,True,144,144,0,,28,0,True,True,0,,0,,False,0,0.023873,LOCAL_NO_COLUMN_UNCERTIFIED,master.reduced_cost_context,B2B_R2_worker_before_final_judge-root-6,2e8f4fa3e608447b837bbdd2a4ad9dc55b0e63378afead7930438ea1f5ae66cc,0.436287,0.99132,0.056186,0.056186,10010,680,10010,94087,610525,864,1663,94087,0,0,0,0,0.0,0.0,279,94,0,1845,6,4,4,2,0,3,FINAL_JUDGE_CERTIFIED_NO_NEGATIVE,False,10010,0,False,True,1.466954,,,,False,,,,,,False,False,"time_to_first_addable_negative_available,worker_found_addable_negative"
10-scale full normalized objective,10,lunar_ice_sp50_010_015_seed729015,B2B_R3_true_dual_negative_search_worker,B1B_seeded_root_CG,B2B_R3_true_dual_negative_search_worker,b2b_r3_lightweight_no_full_universe_enumeration,12,,False,BPC_GAP_AVAILABLE,BPC_NODE_LP_CERTIFIED,CERTIFIED_NO_NEGATIVE,True,b2b_r3_true_dual_final_judge_closure,BPC_NODE_LP_CERTIFIED,2.02493,lunar_ice_bpc.normalized_additive_objective.v1,normalized_operating_cost_risk_weighted_completion,2216.45963,76.354824446,2174.354121438,960.0,False,1761.655359,61.06623,2339.362999,718.933525,2758.466789,0.794805976,0.79976911,1.075888686,0.748889089,2.024931,2.02493,False,2.02493,True,True,6,3,251,251,0,0,0,0,0,209,209,True,144,144,0,,28,0,True,True,0,,0,,False,0,0.022942,LOCAL_NO_COLUMN_UNCERTIFIED,master.reduced_cost_context,B2B_R3_true_dual_negative_search_worker-root-6,874b1f77b7e3b2786acc5c7e61062961fc8d665015b2bbee8bfd91ebd955b62e,0.440997,1.006833,0.056768,0.056768,10010,680,10010,94087,610525,864,1663,94087,0,0,0,0,0.0,0.0,279,94,0,1845,6,4,4,2,0,3,FINAL_JUDGE_CERTIFIED_NO_NEGATIVE,False,10010,0,False,True,1.487792,,,,False,,,,,,False,False,"time_to_first_addable_negative_available,worker_found_addable_negative"
10-scale full normalized objective,10,lunar_ice_sp50_010_015_seed729015,B2C_limited_pricing_diagnostic,diagnostic_only_no_certificate,B2C_limited_pricing_diagnostic,,0,,False,BPC_INCOMPLETE_PRICING,DIAGNOSTIC_PRICING_FRONTIER,FOUND_NEGATIVE,False,,,2.02493,lunar_ice_bpc.normalized_additive_objective.v1,normalized_operating_cost_risk_weighted_completion,2216.45963,76.354824446,2174.354121438,960.0,False,1761.655359,61.06623,2339.362999,718.933525,2758.466789,0.794805976,0.79976911,1.075888686,0.748889089,2.024931,2.02493,False,,False,,0,0,5,0,0,0,0,0,0,0,0,True,0,0,0,,0,0,,,0,,0,,False,0,0.00016,,master.reduced_cost_context,B2C_limited_pricing_diagnostic-diagnostic-root,3027cbd32306a0856d388f0e061d100ce8d14e74ff04b7735d0aa8e1e541291c,1.203167,0.0,1.203167,,716,716,716,0,4168,9,6,205331,0,0,0,0,,,0,6,0,0,0,0,0,0,0,0,FOUND_NEGATIVE,False,0,0,False,False,1.206841,B2C_limited_pricing_diagnostic: limited pricing diagnostic cannot certify no-negative or provide an official bound.,,,False,,,,,,False,False,
10-scale full normalized objective,10,lunar_ice_sp50_010_015_seed729015,B2D_proof_tail_kernel_profile,diagnostic_only_no_certificate,B2D_proof_tail_kernel_profile,,0,,False,BPC_INCOMPLETE_PRICING,DIAGNOSTIC_PRICING_FRONTIER,FOUND_NEGATIVE,False,,,2.02493,lunar_ice_bpc.normalized_additive_objective.v1,normalized_operating_cost_risk_weighted_completion,2216.45963,76.354824446,2174.354121438,960.0,False,1761.655359,61.06623,2339.362999,718.933525,2758.466789,0.794805976,0.79976911,1.075888686,0.748889089,2.024931,2.02493,False,,False,,0,0,5,0,0,0,0,0,0,0,0,True,0,0,0,,0,0,,,0,,0,,False,0,0.000163,,master.reduced_cost_context,B2D_proof_tail_kernel_profile-diagnostic-root,e1bff0362281e857b9cf3813aa9cad502f88a900a0c181caa388b86ee7f61f97,1.212032,0.0,1.212032,,716,716,716,0,4168,9,6,205331,0,0,0,0,,,0,6,0,0,0,0,0,0,0,0,FOUND_NEGATIVE,False,0,0,False,True,1.215537,B2D_proof_tail_kernel_profile: limited pricing diagnostic cannot certify no-negative or provide an official bound.,,,False,,,,,,False,False,
10-scale full normalized objective,10,lunar_ice_sp50_010_016_seed729016,B0_pure_direct_dp,fixed_graph_direct_dp_oracle,B0_pure_direct_dp,,0,,False,DIRECT_DP_BASELINE_OPTIMAL,DIRECT_DP_FIXED_GRAPH_OPTIMAL,,False,,,1.9484,lunar_ice_bpc.normalized_additive_objective.v1,normalized_operating_cost_risk_weighted_completion,2715.026085,96.260742373,2371.78846289,960.0,False,2041.072746,74.457786,2508.934353,760.864474,3119.104273,0.751769111,0.773501057,1.057823829,0.79256716,1.9484,1.9484,False,,False,,0,0,0,0,0,0,0,0,0,0,0,True,0,0,0,,0,0,,,0,,0,,False,0,,,,,,,,,,0,,0,0,0,0,0,0,0,0,0,0,,,0,0,0,0,0,0,0,0,0,0,,False,0,0,False,False,0.158635,,,,False,,,,,,False,False,
10-scale full normalized objective,10,lunar_ice_sp50_010_016_seed729016,B1A_full_universe_root_audit,accepted_B1,B1A_full_universe_root_audit,,285,285,True,BPC_GAP_AVAILABLE,BPC_NODE_LP_CERTIFIED,CERTIFIED_NO_NEGATIVE,True,b1_root_true_dual_pricing_closure,BPC_NODE_LP_CERTIFIED,1.9484,lunar_ice_bpc.normalized_additive_objective.v1,normalized_operating_cost_risk_weighted_completion,2715.026085,96.260742373,2371.78846289,960.0,False,2041.072746,74.457786,2508.934353,760.864474,3119.104273,0.751769111,0.773501057,1.057823829,0.79256716,1.9484,1.9484,False,1.9484,True,True,1,1,0,0,0,0,0,0,0,0,0,True,0,0,0,,0,0,True,True,0,,0,,False,0,,,,,,,,,,0,,0,0,0,0,0,0,0,0,0,0,,,0,0,0,0,0,0,0,0,0,0,,False,0,0,False,False,0.195069,,,,False,,,,,,False,False,
10-scale full normalized objective,10,lunar_ice_sp50_010_016_seed729016,B1B_seeded_root_CG,accepted_B1,B1B_seeded_root_CG,,12,285,False,BPC_GAP_AVAILABLE,BPC_NODE_LP_CERTIFIED,CERTIFIED_NO_NEGATIVE,True,b1_root_true_dual_pricing_closure,BPC_NODE_LP_CERTIFIED,1.9484,lunar_ice_bpc.normalized_additive_objective.v1,normalized_operating_cost_risk_weighted_completion,2715.026085,96.260742373,2371.78846289,960.0,False,2041.072746,74.457786,2508.934353,760.864474,3119.104273,0.751769111,0.773501057,1.057823829,0.79256716,1.9484,1.9484,False,1.9484,True,True,4,4,0,0,0,0,0,0,0,0,0,True,129,129,0,,0,0,True,True,0,,0,,False,0,,,,,,,,,,0,,0,0,0,0,0,0,0,0,0,0,,,0,0,0,0,0,0,0,0,0,0,,False,0,0,False,False,0.187647,,,,False,,,,,,False,False,
10-scale full normalized objective,10,lunar_ice_sp50_010_016_seed729016,B2_PRODUCT_EXACT_SOLVER,fixed_graph_direct_dp_product_exact,B2_PRODUCT_EXACT_SOLVER,,0,,False,DIRECT_DP_BASELINE_OPTIMAL,DIRECT_DP_FIXED_GRAPH_OPTIMAL,NOT_PRICED,False,,,1.9484,lunar_ice_bpc.normalized_additive_objective.v1,normalized_operating_cost_risk_weighted_completion,2715.026085,96.260742373,2371.78846289,960.0,False,2041.072746,74.457786,2508.934353,760.864474,3119.104273,0.751769111,0.773501057,1.057823829,0.79256716,1.9484,1.9484,False,,False,,0,0,0,0,0,0,0,0,0,0,0,True,0,0,0,,0,0,,,0,DIRECT_DP_FIXED_GRAPH_OPTIMAL,1,1.9484,True,1,,,,,,,,,,1014,,1014,0,0,285,0,5943,0,0,0,0,,,0,0,0,0,0,0,0,0,0,0,,False,0,0,False,False,1.3e-05,,,,False,,,,,,False,False,
10-scale full normalized objective,10,lunar_ice_sp50_010_016_seed729016,B2A_full_universe_rc_audit_fast_path,B1A_full_universe_root_audit,B2A_full_universe_rc_audit_fast_path,,285,285,True,BPC_GAP_AVAILABLE,BPC_NODE_LP_CERTIFIED,CERTIFIED_NO_NEGATIVE,True,b2a_full_universe_membership_rc_audit,BPC_NODE_LP_CERTIFIED,1.9484,lunar_ice_bpc.normalized_additive_objective.v1,normalized_operating_cost_risk_weighted_completion,2715.026085,96.260742373,2371.78846289,960.0,False,2041.072746,74.457786,2508.934353,760.864474,3119.104273,0.751769111,0.773501057,1.057823829,0.79256716,1.9484,1.9484,False,1.9484,True,True,1,0,0,0,0,0,0,0,0,0,0,True,0,0,0,,0,0,True,True,0,,0,,False,0,0.0,,,,,0.0,0.0,,,0,,0,0,0,0,0,0,0,0,0,0,0.0,0.0,0,0,0,0,0,0,0,0,0,0,,False,0,0,False,False,0.200903,,,,False,,,,,,False,False,"final_judge_call_count_lower,final_judge_wall_time_lower"
10-scale full normalized objective,10,lunar_ice_sp50_010_016_seed729016,B2B_seeded_tail_CG,B1B_seeded_root_CG,B2B_seeded_tail_CG,,12,285,False,BPC_GAP_AVAILABLE,BPC_NODE_LP_CERTIFIED,CERTIFIED_NO_NEGATIVE,True,b2b_true_dual_pricing_closure,BPC_NODE_LP_CERTIFIED,1.9484,lunar_ice_bpc.normalized_additive_objective.v1,normalized_operating_cost_risk_weighted_completion,2715.026085,96.260742373,2371.78846289,960.0,False,2041.072746,74.457786,2508.934353,760.864474,3119.104273,0.751769111,0.773501057,1.057823829,0.79256716,1.9484,1.9484,False,1.9484,True,True,4,4,164,164,0,0,0,0,0,112,112,True,112,112,0,,0,0,True,True,0,,0,,False,0,0.0,,,,,0.0,0.152954,,,0,,0,0,0,0,0,0,0,0,0,0,0.0,0.0,0,0,0,0,0,0,0,0,0,0,,False,0,0,False,False,0.805546,,,,False,,,,,,False,False,final_judge_wall_time_lower
10-scale full normalized objective,10,lunar_ice_sp50_010_016_seed729016,B2B_R2_worker_before_final_judge,B1B_seeded_root_CG,B2B_R2_worker_before_final_judge,b2b_r2_lightweight_no_full_universe_enumeration,12,,False,BPC_GAP_AVAILABLE,BPC_NODE_LP_CERTIFIED,CERTIFIED_NO_NEGATIVE,True,b2b_r2_true_dual_final_judge_closure,BPC_NODE_LP_CERTIFIED,1.9484,lunar_ice_bpc.normalized_additive_objective.v1,normalized_operating_cost_risk_weighted_completion,2715.026085,96.260742373,2371.78846289,960.0,False,2041.072746,74.457786,2508.934353,760.864474,3119.104273,0.751769111,0.773501057,1.057823829,0.79256716,1.9484,1.9484,False,1.9484,True,True,6,3,129,129,0,0,0,0,0,129,129,True,78,78,0,,48,0,True,True,0,,0,,False,0,0.010478,LOCAL_NO_COLUMN_UNCERTIFIED,master.reduced_cost_context,B2B_R2_worker_before_final_judge-root-6,6239737c6d2560ea60929baa35633655cc5cb692475f832595b3b51a15f0da92,0.411828,0.469647,0.062449,0.062449,7362,587,7362,69719,339554,727,1223,69719,0,0,0,0,0.0,0.0,279,89,0,1014,6,3,3,3,0,3,FINAL_JUDGE_CERTIFIED_NO_NEGATIVE,False,7362,0,False,True,0.901941,,,,False,,,,,,False,False,"final_judge_call_count_lower,time_to_first_addable_negative_available,worker_found_addable_negative"
10-scale full normalized objective,10,lunar_ice_sp50_010_016_seed729016,B2B_R3_true_dual_negative_search_worker,B1B_seeded_root_CG,B2B_R3_true_dual_negative_search_worker,b2b_r3_lightweight_no_full_universe_enumeration,12,,False,BPC_GAP_AVAILABLE,BPC_NODE_LP_CERTIFIED,CERTIFIED_NO_NEGATIVE,True,b2b_r3_true_dual_final_judge_closure,BPC_NODE_LP_CERTIFIED,1.9484,lunar_ice_bpc.normalized_additive_objective.v1,normalized_operating_cost_risk_weighted_completion,2715.026085,96.260742373,2371.78846289,960.0,False,2041.072746,74.457786,2508.934353,760.864474,3119.104273,0.751769111,0.773501057,1.057823829,0.79256716,1.9484,1.9484,False,1.9484,True,True,6,3,129,129,0,0,0,0,0,129,129,True,78,78,0,,48,0,True,True,0,,0,,False,0,0.010461,LOCAL_NO_COLUMN_UNCERTIFIED,master.reduced_cost_context,B2B_R3_true_dual_negative_search_worker-root-6,3ba1bedef08325c371e6df48ab92fc50d799270e36337926f080a3348d60d71c,0.405272,0.470112,0.057224,0.057224,7362,587,7362,69719,339554,727,1223,69719,0,0,0,0,0.0,0.0,279,89,0,1014,6,3,3,3,0,3,FINAL_JUDGE_CERTIFIED_NO_NEGATIVE,False,7362,0,False,True,0.89614,,,,False,,,,,,False,False,"final_judge_call_count_lower,time_to_first_addable_negative_available,worker_found_addable_negative"
10-scale full normalized objective,10,lunar_ice_sp50_010_016_seed729016,B2C_limited_pricing_diagnostic,diagnostic_only_no_certificate,B2C_limited_pricing_diagnostic,,0,,False,BPC_INCOMPLETE_PRICING,DIAGNOSTIC_PRICING_FRONTIER,FOUND_NEGATIVE,False,,,1.9484,lunar_ice_bpc.normalized_additive_objective.v1,normalized_operating_cost_risk_weighted_completion,2715.026085,96.260742373,2371.78846289,960.0,False,2041.072746,74.457786,2508.934353,760.864474,3119.104273,0.751769111,0.773501057,1.057823829,0.79256716,1.9484,1.9484,False,,False,,0,0,4,0,0,0,0,0,0,0,0,True,0,0,0,,0,0,,,0,,0,,False,0,0.000162,,master.reduced_cost_context,B2C_limited_pricing_diagnostic-diagnostic-root,c457d0d7b014a501c4c9c0d2e4c57767d71282346f1f00f36d6a03dddd5773c8,0.803069,0.0,0.803069,,384,384,384,0,1096,6,6,148604,0,0,0,0,,,0,6,0,0,0,0,0,0,0,0,FOUND_NEGATIVE,False,0,0,False,False,0.806331,B2C_limited_pricing_diagnostic: limited pricing diagnostic cannot certify no-negative or provide an official bound.,,,False,,,,,,False,False,
10-scale full normalized objective,10,lunar_ice_sp50_010_016_seed729016,B2D_proof_tail_kernel_profile,diagnostic_only_no_certificate,B2D_proof_tail_kernel_profile,,0,,False,BPC_INCOMPLETE_PRICING,DIAGNOSTIC_PRICING_FRONTIER,FOUND_NEGATIVE,False,,,1.9484,lunar_ice_bpc.normalized_additive_objective.v1,normalized_operating_cost_risk_weighted_completion,2715.026085,96.260742373,2371.78846289,960.0,False,2041.072746,74.457786,2508.934353,760.864474,3119.104273,0.751769111,0.773501057,1.057823829,0.79256716,1.9484,1.9484,False,,False,,0,0,4,0,0,0,0,0,0,0,0,True,0,0,0,,0,0,,,0,,0,,False,0,0.000149,,master.reduced_cost_context,B2D_proof_tail_kernel_profile-diagnostic-root,01d0bc0e039df770f838a28c3e6f6393dbe56b6645d26c306b1e98b90b4b9ba5,0.786131,0.0,0.786131,,384,384,384,0,1096,6,6,148604,0,0,0,0,,,0,6,0,0,0,0,0,0,0,0,FOUND_NEGATIVE,False,0,0,False,True,0.78929,B2D_proof_tail_kernel_profile: limited pricing diagnostic cannot certify no-negative or provide an official bound.,,,False,,,,,,False,False,
10-scale full normalized objective,10,lunar_ice_sp50_010_003_seed729023,B0_pure_direct_dp,fixed_graph_direct_dp_oracle,B0_pure_direct_dp,,0,,False,DIRECT_DP_BASELINE_OPTIMAL,DIRECT_DP_FIXED_GRAPH_OPTIMAL,,False,,,1.641878,lunar_ice_bpc.normalized_additive_objective.v1,normalized_operating_cost_risk_weighted_completion,2682.277548,96.294294485,2691.923893536,960.0,False,1608.2107,60.111922,2813.440102,780.653107,2793.698663,0.599569087,0.624252167,1.045141027,0.81318032,1.641878,1.641878,False,,False,,0,0,0,0,0,0,0,0,0,0,0,True,0,0,0,,0,0,,,0,,0,,False,0,,,,,,,,,,0,,0,0,0,0,0,0,0,0,0,0,,,0,0,0,0,0,0,0,0,0,0,,False,0,0,False,False,0.140049,,,,False,,,,,,False,False,
10-scale full normalized objective,10,lunar_ice_sp50_010_003_seed729023,B1A_full_universe_root_audit,accepted_B1,B1A_full_universe_root_audit,,424,424,True,BPC_GAP_AVAILABLE,BPC_NODE_LP_CERTIFIED,CERTIFIED_NO_NEGATIVE,True,b1_root_true_dual_pricing_closure,BPC_NODE_LP_CERTIFIED,1.641878,lunar_ice_bpc.normalized_additive_objective.v1,normalized_operating_cost_risk_weighted_completion,2682.277548,96.294294485,2691.923893536,960.0,False,1608.2107,60.111922,2813.440102,780.653107,2793.698663,0.599569087,0.624252167,1.045141027,0.81318032,1.641878,1.641878,False,1.634203,True,True,1,1,0,0,0,0,0,0,0,0,0,True,0,0,0,,0,0,True,True,0,,0,,False,0,,,,,,,,,,0,,0,0,0,0,0,0,0,0,0,0,,,0,0,0,0,0,0,0,0,0,0,,False,0,0,False,False,0.227472,,,,False,,,,,,False,False,
10-scale full normalized objective,10,lunar_ice_sp50_010_003_seed729023,B1B_seeded_root_CG,accepted_B1,B1B_seeded_root_CG,,12,424,False,BPC_GAP_AVAILABLE,BPC_NODE_LP_CERTIFIED,CERTIFIED_NO_NEGATIVE,True,b1_root_true_dual_pricing_closure,BPC_NODE_LP_CERTIFIED,1.641878,lunar_ice_bpc.normalized_additive_objective.v1,normalized_operating_cost_risk_weighted_completion,2682.277548,96.294294485,2691.923893536,960.0,False,1608.2107,60.111922,2813.440102,780.653107,2793.698663,0.599569087,0.624252167,1.045141027,0.81318032,1.641878,1.641878,False,1.634203,True,True,3,3,0,0,0,0,0,0,0,0,0,True,162,162,0,,0,0,True,True,0,,0,,False,0,,,,,,,,,,0,,0,0,0,0,0,0,0,0,0,0,,,0,0,0,0,0,0,0,0,0,0,,False,0,0,False,False,0.166077,,,,False,,,,,,False,False,
10-scale full normalized objective,10,lunar_ice_sp50_010_003_seed729023,B2_PRODUCT_EXACT_SOLVER,fixed_graph_direct_dp_product_exact,B2_PRODUCT_EXACT_SOLVER,,0,,False,DIRECT_DP_BASELINE_OPTIMAL,DIRECT_DP_FIXED_GRAPH_OPTIMAL,NOT_PRICED,False,,,1.641878,lunar_ice_bpc.normalized_additive_objective.v1,normalized_operating_cost_risk_weighted_completion,2682.277548,96.294294485,2691.923893536,960.0,False,1608.2107,60.111922,2813.440102,780.653107,2793.698663,0.599569087,0.624252167,1.045141027,0.81318032,1.641878,1.641878,False,,False,,0,0,0,0,0,0,0,0,0,0,0,True,0,0,0,,0,0,,,0,DIRECT_DP_FIXED_GRAPH_OPTIMAL,1,1.641878,True,1,,,,,,,,,,863,,863,0,0,424,0,5583,0,0,0,0,,,0,0,0,0,0,0,0,0,0,0,,False,0,0,False,False,1.4e-05,,,,False,,,,,,False,False,
10-scale full normalized objective,10,lunar_ice_sp50_010_003_seed729023,B2A_full_universe_rc_audit_fast_path,B1A_full_universe_root_audit,B2A_full_universe_rc_audit_fast_path,,424,424,True,BPC_GAP_AVAILABLE,BPC_NODE_LP_CERTIFIED,CERTIFIED_NO_NEGATIVE,True,b2a_full_universe_membership_rc_audit,BPC_NODE_LP_CERTIFIED,1.641878,lunar_ice_bpc.normalized_additive_objective.v1,normalized_operating_cost_risk_weighted_completion,2682.277548,96.294294485,2691.923893536,960.0,False,1608.2107,60.111922,2813.440102,780.653107,2793.698663,0.599569087,0.624252167,1.045141027,0.81318032,1.641878,1.641878,False,1.634203,True,True,1,0,0,0,0,0,0,0,0,0,0,True,0,0,0,,0,0,True,True,0,,0,,False,0,0.0,,,,,0.0,0.0,,,0,,0,0,0,0,0,0,0,0,0,0,0.0,0.0,0,0,0,0,0,0,0,0,0,0,,False,0,0,False,False,0.223119,,,,False,,,,,,False,False,"wall_time_lower,final_judge_call_count_lower,final_judge_wall_time_lower"
10-scale full normalized objective,10,lunar_ice_sp50_010_003_seed729023,B2B_seeded_tail_CG,B1B_seeded_root_CG,B2B_seeded_tail_CG,,12,424,False,BPC_GAP_AVAILABLE,BPC_NODE_LP_CERTIFIED,CERTIFIED_NO_NEGATIVE,True,b2b_true_dual_pricing_closure,BPC_NODE_LP_CERTIFIED,1.641878,lunar_ice_bpc.normalized_additive_objective.v1,normalized_operating_cost_risk_weighted_completion,2682.277548,96.294294485,2691.923893536,960.0,False,1608.2107,60.111922,2813.440102,780.653107,2793.698663,0.599569087,0.624252167,1.045141027,0.81318032,1.641878,1.641878,False,1.634203,True,True,4,4,187,187,0,0,0,0,0,130,130,True,130,130,0,,0,0,True,True,0,,0,,False,0,0.0,,,,,0.0,0.138164,,,0,,0,0,0,0,0,0,0,0,0,0,0.0,0.0,0,0,0,0,0,0,0,0,0,0,,False,0,0,False,False,0.736934,,,,False,,,,,,False,False,final_judge_wall_time_lower
10-scale full normalized objective,10,lunar_ice_sp50_010_003_seed729023,B2B_R2_worker_before_final_judge,B1B_seeded_root_CG,B2B_R2_worker_before_final_judge,b2b_r2_lightweight_no_full_universe_enumeration,12,,False,BPC_GAP_AVAILABLE,BPC_NODE_LP_CERTIFIED,CERTIFIED_NO_NEGATIVE,True,b2b_r2_true_dual_final_judge_closure,BPC_NODE_LP_CERTIFIED,1.641878,lunar_ice_bpc.normalized_additive_objective.v1,normalized_operating_cost_risk_weighted_completion,2682.277548,96.294294485,2691.923893536,960.0,False,1608.2107,60.111922,2813.440102,780.653107,2793.698663,0.599569087,0.624252167,1.045141027,0.81318032,1.641878,1.641878,False,1.634203,True,True,6,3,133,133,0,0,0,0,0,133,133,True,88,88,0,,57,0,True,True,0,,0,,False,0,0.011444,LOCAL_NO_COLUMN_UNCERTIFIED,master.reduced_cost_context,B2B_R2_worker_before_final_judge-root-6,7b1928aa27f63f7ac3875c23db078026aec10390683661767f17a7159855b23e,0.365717,0.440375,0.057441,0.057441,5686,369,5686,60696,291203,762,1641,60696,0,0,0,0,0.0,0.0,261,108,0,863,6,3,3,3,0,3,FINAL_JUDGE_CERTIFIED_NO_NEGATIVE,False,5686,0,False,True,0.828457,,,,False,,,,,,False,False,"time_to_first_addable_negative_available,worker_found_addable_negative"
10-scale full normalized objective,10,lunar_ice_sp50_010_003_seed729023,B2B_R3_true_dual_negative_search_worker,B1B_seeded_root_CG,B2B_R3_true_dual_negative_search_worker,b2b_r3_lightweight_no_full_universe_enumeration,12,,False,BPC_GAP_AVAILABLE,BPC_NODE_LP_CERTIFIED,CERTIFIED_NO_NEGATIVE,True,b2b_r3_true_dual_final_judge_closure,BPC_NODE_LP_CERTIFIED,1.641878,lunar_ice_bpc.normalized_additive_objective.v1,normalized_operating_cost_risk_weighted_completion,2682.277548,96.294294485,2691.923893536,960.0,False,1608.2107,60.111922,2813.440102,780.653107,2793.698663,0.599569087,0.624252167,1.045141027,0.81318032,1.641878,1.641878,False,1.634203,True,True,6,3,133,133,0,0,0,0,0,133,133,True,88,88,0,,57,0,True,True,0,,0,,False,0,0.010001,LOCAL_NO_COLUMN_UNCERTIFIED,master.reduced_cost_context,B2B_R3_true_dual_negative_search_worker-root-6,efe5161bd53bb5d19cdc581a0dee362cb849cb4bd8752d31d013b41bffa0ff7c,0.36655,0.43017,0.058226,0.058226,5686,369,5686,60696,291203,762,1641,60696,0,0,0,0,0.0,0.0,261,108,0,863,6,3,3,3,0,3,FINAL_JUDGE_CERTIFIED_NO_NEGATIVE,False,5686,0,False,True,0.818153,,,,False,,,,,,False,False,"time_to_first_addable_negative_available,worker_found_addable_negative"
10-scale full normalized objective,10,lunar_ice_sp50_010_003_seed729023,B2C_limited_pricing_diagnostic,diagnostic_only_no_certificate,B2C_limited_pricing_diagnostic,,0,,False,BPC_INCOMPLETE_PRICING,DIAGNOSTIC_PRICING_FRONTIER,FOUND_NEGATIVE,False,,,1.641878,lunar_ice_bpc.normalized_additive_objective.v1,normalized_operating_cost_risk_weighted_completion,2682.277548,96.294294485,2691.923893536,960.0,False,1608.2107,60.111922,2813.440102,780.653107,2793.698663,0.599569087,0.624252167,1.045141027,0.81318032,1.641878,1.641878,False,,False,,0,0,2,0,0,0,0,0,0,0,0,True,0,0,0,,0,0,,,0,,0,,False,0,0.000156,,master.reduced_cost_context,B2C_limited_pricing_diagnostic-diagnostic-root,ccff55a5f6c0480df4be3419adcf9b986153360e58c84668764d0a0fdb716b14,0.681395,0.0,0.681395,,214,214,214,0,1346,5,4,127452,0,0,0,0,,,0,4,0,0,0,0,0,0,0,0,FOUND_NEGATIVE,False,0,0,False,False,0.684659,B2C_limited_pricing_diagnostic: limited pricing diagnostic cannot certify no-negative or provide an official bound.,,,False,,,,,,False,False,
10-scale full normalized objective,10,lunar_ice_sp50_010_003_seed729023,B2D_proof_tail_kernel_profile,diagnostic_only_no_certificate,B2D_proof_tail_kernel_profile,,0,,False,BPC_INCOMPLETE_PRICING,DIAGNOSTIC_PRICING_FRONTIER,FOUND_NEGATIVE,False,,,1.641878,lunar_ice_bpc.normalized_additive_objective.v1,normalized_operating_cost_risk_weighted_completion,2682.277548,96.294294485,2691.923893536,960.0,False,1608.2107,60.111922,2813.440102,780.653107,2793.698663,0.599569087,0.624252167,1.045141027,0.81318032,1.641878,1.641878,False,,False,,0,0,2,0,0,0,0,0,0,0,0,True,0,0,0,,0,0,,,0,,0,,False,0,0.000154,,master.reduced_cost_context,B2D_proof_tail_kernel_profile-diagnostic-root,7ea0b4e548c483de7bdf7af81251b9d49c93cf29d932c4dd8651cb11297a9694,0.684672,0.0,0.684672,,214,214,214,0,1346,5,4,127452,0,0,0,0,,,0,4,0,0,0,0,0,0,0,0,FOUND_NEGATIVE,False,0,0,False,True,0.688824,B2D_proof_tail_kernel_profile: limited pricing diagnostic cannot certify no-negative or provide an official bound.,,,False,,,,,,False,False,
10-scale full normalized objective,10,lunar_ice_sp50_010_014_seed729034,B0_pure_direct_dp,fixed_graph_direct_dp_oracle,B0_pure_direct_dp,,0,,False,DIRECT_DP_BASELINE_OPTIMAL,DIRECT_DP_FIXED_GRAPH_OPTIMAL,,False,,,2.088113,lunar_ice_bpc.normalized_additive_objective.v1,normalized_operating_cost_risk_weighted_completion,2491.850476,95.071146669,2763.920883921,960.0,False,2065.033193,81.366391,2788.457623,815.416176,3261.782633,0.828714729,0.855847372,1.008877511,0.84939185,2.088113,2.088113,False,,False,,0,0,0,0,0,0,0,0,0,0,0,True,0,0,0,,0,0,,,0,,0,,False,0,,,,,,,,,,0,,0,0,0,0,0,0,0,0,0,0,,,0,0,0,0,0,0,0,0,0,0,,False,0,0,False,False,0.27305,,,,False,,,,,,False,False,
10-scale full normalized objective,10,lunar_ice_sp50_010_014_seed729034,B1A_full_universe_root_audit,accepted_B1,B1A_full_universe_root_audit,,310,310,True,BPC_GAP_AVAILABLE,BPC_NODE_LP_CERTIFIED,CERTIFIED_NO_NEGATIVE,True,b1_root_true_dual_pricing_closure,BPC_NODE_LP_CERTIFIED,2.088113,lunar_ice_bpc.normalized_additive_objective.v1,normalized_operating_cost_risk_weighted_completion,2491.850476,95.071146669,2763.920883921,960.0,False,2065.033193,81.366391,2788.457623,815.416176,3261.782633,0.828714729,0.855847372,1.008877511,0.84939185,2.088113,2.088113,False,2.080522,True,True,1,1,0,0,0,0,0,0,0,0,0,True,0,0,0,,0,0,True,True,0,,0,,False,0,,,,,,,,,,0,,0,0,0,0,0,0,0,0,0,0,,,0,0,0,0,0,0,0,0,0,0,,False,0,0,False,False,0.359763,,,,False,,,,,,False,False,
10-scale full normalized objective,10,lunar_ice_sp50_010_014_seed729034,B1B_seeded_root_CG,accepted_B1,B1B_seeded_root_CG,,12,310,False,BPC_GAP_AVAILABLE,BPC_NODE_LP_CERTIFIED,CERTIFIED_NO_NEGATIVE,True,b1_root_true_dual_pricing_closure,BPC_NODE_LP_CERTIFIED,2.088113,lunar_ice_bpc.normalized_additive_objective.v1,normalized_operating_cost_risk_weighted_completion,2491.850476,95.071146669,2763.920883921,960.0,False,2065.033193,81.366391,2788.457623,815.416176,3261.782633,0.828714729,0.855847372,1.008877511,0.84939185,2.088113,2.088113,False,2.080522,True,True,4,4,0,0,0,0,0,0,0,0,0,True,181,181,0,,0,0,True,True,0,,0,,False,0,,,,,,,,,,0,,0,0,0,0,0,0,0,0,0,0,,,0,0,0,0,0,0,0,0,0,0,,False,0,0,False,False,0.356792,,,,False,,,,,,False,False,
10-scale full normalized objective,10,lunar_ice_sp50_010_014_seed729034,B2_PRODUCT_EXACT_SOLVER,fixed_graph_direct_dp_product_exact,B2_PRODUCT_EXACT_SOLVER,,0,,False,DIRECT_DP_BASELINE_OPTIMAL,DIRECT_DP_FIXED_GRAPH_OPTIMAL,NOT_PRICED,False,,,2.088113,lunar_ice_bpc.normalized_additive_objective.v1,normalized_operating_cost_risk_weighted_completion,2491.850476,95.071146669,2763.920883921,960.0,False,2065.033193,81.366391,2788.457623,815.416176,3261.782633,0.828714729,0.855847372,1.008877511,0.84939185,2.088113,2.088113,False,,False,,0,0,0,0,0,0,0,0,0,0,0,True,0,0,0,,0,0,,,0,DIRECT_DP_FIXED_GRAPH_OPTIMAL,1,2.088113,True,1,,,,,,,,,,848,,848,0,0,310,0,14659,0,0,0,0,,,0,0,0,0,0,0,0,0,0,0,,False,0,0,False,False,1.6e-05,,,,False,,,,,,False,False,
10-scale full normalized objective,10,lunar_ice_sp50_010_014_seed729034,B2A_full_universe_rc_audit_fast_path,B1A_full_universe_root_audit,B2A_full_universe_rc_audit_fast_path,,310,310,True,BPC_GAP_AVAILABLE,BPC_NODE_LP_CERTIFIED,CERTIFIED_NO_NEGATIVE,True,b2a_full_universe_membership_rc_audit,BPC_NODE_LP_CERTIFIED,2.088113,lunar_ice_bpc.normalized_additive_objective.v1,normalized_operating_cost_risk_weighted_completion,2491.850476,95.071146669,2763.920883921,960.0,False,2065.033193,81.366391,2788.457623,815.416176,3261.782633,0.828714729,0.855847372,1.008877511,0.84939185,2.088113,2.088113,False,2.080522,True,True,1,0,0,0,0,0,0,0,0,0,0,True,0,0,0,,0,0,True,True,0,,0,,False,0,0.0,,,,,0.0,0.0,,,0,,0,0,0,0,0,0,0,0,0,0,0.0,0.0,0,0,0,0,0,0,0,0,0,0,,False,0,0,False,False,0.369676,,,,False,,,,,,False,False,"final_judge_call_count_lower,final_judge_wall_time_lower"
10-scale full normalized objective,10,lunar_ice_sp50_010_014_seed729034,B2B_seeded_tail_CG,B1B_seeded_root_CG,B2B_seeded_tail_CG,,12,310,False,BPC_GAP_AVAILABLE,BPC_NODE_LP_CERTIFIED,CERTIFIED_NO_NEGATIVE,True,b2b_true_dual_pricing_closure,BPC_NODE_LP_CERTIFIED,2.088113,lunar_ice_bpc.normalized_additive_objective.v1,normalized_operating_cost_risk_weighted_completion,2491.850476,95.071146669,2763.920883921,960.0,False,2065.033193,81.366391,2788.457623,815.416176,3261.782633,0.828714729,0.855847372,1.008877511,0.84939185,2.088113,2.088113,False,2.080522,True,True,4,4,216,216,0,0,0,0,0,132,132,True,132,132,0,,0,0,True,True,0,,0,,False,0,0.0,,,,,0.0,0.274201,,,0,,0,0,0,0,0,0,0,0,0,0,0.0,0.0,0,0,0,0,0,0,0,0,0,0,,False,0,0,False,False,1.437527,,,,False,,,,,,False,False,final_judge_wall_time_lower
10-scale full normalized objective,10,lunar_ice_sp50_010_014_seed729034,B2B_R2_worker_before_final_judge,B1B_seeded_root_CG,B2B_R2_worker_before_final_judge,b2b_r2_lightweight_no_full_universe_enumeration,12,,False,BPC_GAP_AVAILABLE,BPC_NODE_LP_CERTIFIED,CERTIFIED_NO_NEGATIVE,True,b2b_r2_true_dual_final_judge_closure,BPC_NODE_LP_CERTIFIED,2.088113,lunar_ice_bpc.normalized_additive_objective.v1,normalized_operating_cost_risk_weighted_completion,2491.850476,95.071146669,2763.920883921,960.0,False,2065.033193,81.366391,2788.457623,815.416176,3261.782633,0.828714729,0.855847372,1.008877511,0.84939185,2.088113,2.088113,False,2.080522,True,True,7,4,189,189,0,0,0,0,0,189,189,True,121,121,0,,16,0,True,True,0,,0,,False,0,0.039516,LOCAL_NO_COLUMN_UNCERTIFIED,master.reduced_cost_context,B2B_R2_worker_before_final_judge-root-7,ef73fc0c9febbb678ed1eb8460d613e667f7f7984495784f4a666eb016eda2f7,0.487573,1.110239,0.055272,0.055272,7722,453,7722,132547,687066,887,1672,132547,0,0,0,0,0.0,0.0,320,112,0,848,7,4,4,3,0,3,FINAL_JUDGE_CERTIFIED_NO_NEGATIVE,False,7722,0,False,True,1.650507,,,,False,,,,,,False,False,"time_to_first_addable_negative_available,worker_found_addable_negative"
10-scale full normalized objective,10,lunar_ice_sp50_010_014_seed729034,B2B_R3_true_dual_negative_search_worker,B1B_seeded_root_CG,B2B_R3_true_dual_negative_search_worker,b2b_r3_lightweight_no_full_universe_enumeration,12,,False,BPC_GAP_AVAILABLE,BPC_NODE_LP_CERTIFIED,CERTIFIED_NO_NEGATIVE,True,b2b_r3_true_dual_final_judge_closure,BPC_NODE_LP_CERTIFIED,2.088113,lunar_ice_bpc.normalized_additive_objective.v1,normalized_operating_cost_risk_weighted_completion,2491.850476,95.071146669,2763.920883921,960.0,False,2065.033193,81.366391,2788.457623,815.416176,3261.782633,0.828714729,0.855847372,1.008877511,0.84939185,2.088113,2.088113,False,2.080522,True,True,7,4,189,189,0,0,0,0,0,189,189,True,121,121,0,,16,0,True,True,0,,0,,False,0,0.039298,LOCAL_NO_COLUMN_UNCERTIFIED,master.reduced_cost_context,B2B_R3_true_dual_negative_search_worker-root-7,98f155d394eb7f078489eeb358f809c5edf886f5ce3f4db643f29bde7e71c9b7,0.477473,1.103164,0.052881,0.052881,7722,453,7722,132547,687066,887,1672,132547,0,0,0,0,0.0,0.0,320,112,0,848,7,4,4,3,0,3,FINAL_JUDGE_CERTIFIED_NO_NEGATIVE,False,7722,0,False,True,1.633088,,,,False,,,,,,False,False,"time_to_first_addable_negative_available,worker_found_addable_negative"
10-scale full normalized objective,10,lunar_ice_sp50_010_014_seed729034,B2C_limited_pricing_diagnostic,diagnostic_only_no_certificate,B2C_limited_pricing_diagnostic,,0,,False,BPC_INCOMPLETE_PRICING,DIAGNOSTIC_PRICING_FRONTIER,FOUND_NEGATIVE,False,,,2.088113,lunar_ice_bpc.normalized_additive_objective.v1,normalized_operating_cost_risk_weighted_completion,2491.850476,95.071146669,2763.920883921,960.0,False,2065.033193,81.366391,2788.457623,815.416176,3261.782633,0.828714729,0.855847372,1.008877511,0.84939185,2.088113,2.088113,False,,False,,0,0,3,0,0,0,0,0,0,0,0,True,0,0,0,,0,0,,,0,,0,,False,0,0.000157,,master.reduced_cost_context,B2C_limited_pricing_diagnostic-diagnostic-root,8fd84402a454ef6498356c27719b314ccff12a944a05dea3a6512638946ed67b,1.273225,0.0,1.273225,,361,361,361,0,2030,7,6,240938,0,0,0,0,,,0,6,0,0,0,0,0,0,0,0,FOUND_NEGATIVE,False,0,0,False,False,1.276516,B2C_limited_pricing_diagnostic: limited pricing diagnostic cannot certify no-negative or provide an official bound.,,,False,,,,,,False,False,
10-scale full normalized objective,10,lunar_ice_sp50_010_014_seed729034,B2D_proof_tail_kernel_profile,diagnostic_only_no_certificate,B2D_proof_tail_kernel_profile,,0,,False,BPC_INCOMPLETE_PRICING,DIAGNOSTIC_PRICING_FRONTIER,FOUND_NEGATIVE,False,,,2.088113,lunar_ice_bpc.normalized_additive_objective.v1,normalized_operating_cost_risk_weighted_completion,2491.850476,95.071146669,2763.920883921,960.0,False,2065.033193,81.366391,2788.457623,815.416176,3261.782633,0.828714729,0.855847372,1.008877511,0.84939185,2.088113,2.088113,False,,False,,0,0,3,0,0,0,0,0,0,0,0,True,0,0,0,,0,0,,,0,,0,,False,0,0.000156,,master.reduced_cost_context,B2D_proof_tail_kernel_profile-diagnostic-root,3a25a932fdc062d853c74de27fdbbb863852d903e341407382f61b634286168c,1.269404,0.0,1.269404,,361,361,361,0,2030,7,6,240938,0,0,0,0,,,0,6,0,0,0,0,0,0,0,0,FOUND_NEGATIVE,False,0,0,False,True,1.272709,B2D_proof_tail_kernel_profile: limited pricing diagnostic cannot certify no-negative or provide an official bound.,,,False,,,,,,False,False,
10-scale full normalized objective,10,lunar_ice_sp50_010_017_seed729037,B0_pure_direct_dp,fixed_graph_direct_dp_oracle,B0_pure_direct_dp,,0,,False,DIRECT_DP_BASELINE_OPTIMAL,DIRECT_DP_FIXED_GRAPH_OPTIMAL,,False,,,1.859222,lunar_ice_bpc.normalized_additive_objective.v1,normalized_operating_cost_risk_weighted_completion,2494.751074,83.349105508,2203.8751543,960.0,False,1711.958048,63.092387,2292.210038,682.216516,2691.93445,0.686223995,0.756965376,1.040081619,0.710642204,1.859222,1.859222,False,,False,,0,0,0,0,0,0,0,0,0,0,0,True,0,0,0,,0,0,,,0,,0,,False,0,,,,,,,,,,0,,0,0,0,0,0,0,0,0,0,0,,,0,0,0,0,0,0,0,0,0,0,,False,0,0,False,False,0.195749,,,,False,,,,,,False,False,
10-scale full normalized objective,10,lunar_ice_sp50_010_017_seed729037,B1A_full_universe_root_audit,accepted_B1,B1A_full_universe_root_audit,,269,269,True,BPC_GAP_AVAILABLE,BPC_NODE_LP_CERTIFIED,CERTIFIED_NO_NEGATIVE,True,b1_root_true_dual_pricing_closure,BPC_NODE_LP_CERTIFIED,1.859222,lunar_ice_bpc.normalized_additive_objective.v1,normalized_operating_cost_risk_weighted_completion,2494.751074,83.349105508,2203.8751543,960.0,False,1711.958048,63.092387,2292.210038,682.216516,2691.93445,0.686223995,0.756965376,1.040081619,0.710642204,1.859222,1.859222,False,1.859222,True,True,1,1,0,0,0,0,0,0,0,0,0,True,0,0,0,,0,0,True,True,0,,0,,False,0,,,,,,,,,,0,,0,0,0,0,0,0,0,0,0,0,,,0,0,0,0,0,0,0,0,0,0,,False,0,0,False,False,0.243177,,,,False,,,,,,False,False,
10-scale full normalized objective,10,lunar_ice_sp50_010_017_seed729037,B1B_seeded_root_CG,accepted_B1,B1B_seeded_root_CG,,12,269,False,BPC_GAP_AVAILABLE,BPC_NODE_LP_CERTIFIED,CERTIFIED_NO_NEGATIVE,True,b1_root_true_dual_pricing_closure,BPC_NODE_LP_CERTIFIED,1.859222,lunar_ice_bpc.normalized_additive_objective.v1,normalized_operating_cost_risk_weighted_completion,2494.751074,83.349105508,2203.8751543,960.0,False,1711.958048,63.092387,2292.210038,682.216516,2691.93445,0.686223995,0.756965376,1.040081619,0.710642204,1.859222,1.859222,False,1.859222,True,True,3,3,0,0,0,0,0,0,0,0,0,True,115,115,0,,0,0,True,True,0,,0,,False,0,,,,,,,,,,0,,0,0,0,0,0,0,0,0,0,0,,,0,0,0,0,0,0,0,0,0,0,,False,0,0,False,False,0.211652,,,,False,,,,,,False,False,
10-scale full normalized objective,10,lunar_ice_sp50_010_017_seed729037,B2_PRODUCT_EXACT_SOLVER,fixed_graph_direct_dp_product_exact,B2_PRODUCT_EXACT_SOLVER,,0,,False,DIRECT_DP_BASELINE_OPTIMAL,DIRECT_DP_FIXED_GRAPH_OPTIMAL,NOT_PRICED,False,,,1.859222,lunar_ice_bpc.normalized_additive_objective.v1,normalized_operating_cost_risk_weighted_completion,2494.751074,83.349105508,2203.8751543,960.0,False,1711.958048,63.092387,2292.210038,682.216516,2691.93445,0.686223995,0.756965376,1.040081619,0.710642204,1.859222,1.859222,False,,False,,0,0,0,0,0,0,0,0,0,0,0,True,0,0,0,,0,0,,,0,DIRECT_DP_FIXED_GRAPH_OPTIMAL,1,1.859222,True,1,,,,,,,,,,974,,974,0,0,269,0,8444,0,0,0,0,,,0,0,0,0,0,0,0,0,0,0,,False,0,0,False,False,1.8e-05,,,,False,,,,,,False,False,
10-scale full normalized objective,10,lunar_ice_sp50_010_017_seed729037,B2A_full_universe_rc_audit_fast_path,B1A_full_universe_root_audit,B2A_full_universe_rc_audit_fast_path,,269,269,True,BPC_GAP_AVAILABLE,BPC_NODE_LP_CERTIFIED,CERTIFIED_NO_NEGATIVE,True,b2a_full_universe_membership_rc_audit,BPC_NODE_LP_CERTIFIED,1.859222,lunar_ice_bpc.normalized_additive_objective.v1,normalized_operating_cost_risk_weighted_completion,2494.751074,83.349105508,2203.8751543,960.0,False,1711.958048,63.092387,2292.210038,682.216516,2691.93445,0.686223995,0.756965376,1.040081619,0.710642204,1.859222,1.859222,False,1.859222,True,True,1,0,0,0,0,0,0,0,0,0,0,True,0,0,0,,0,0,True,True,0,,0,,False,0,0.0,,,,,0.0,0.0,,,0,,0,0,0,0,0,0,0,0,0,0,0.0,0.0,0,0,0,0,0,0,0,0,0,0,,False,0,0,False,False,0.236508,,,,False,,,,,,False,False,"wall_time_lower,final_judge_call_count_lower,final_judge_wall_time_lower"
10-scale full normalized objective,10,lunar_ice_sp50_010_017_seed729037,B2B_seeded_tail_CG,B1B_seeded_root_CG,B2B_seeded_tail_CG,,12,269,False,BPC_GAP_AVAILABLE,BPC_NODE_LP_CERTIFIED,CERTIFIED_NO_NEGATIVE,True,b2b_true_dual_pricing_closure,BPC_NODE_LP_CERTIFIED,1.859222,lunar_ice_bpc.normalized_additive_objective.v1,normalized_operating_cost_risk_weighted_completion,2494.751074,83.349105508,2203.8751543,960.0,False,1711.958048,63.092387,2292.210038,682.216516,2691.93445,0.686223995,0.756965376,1.040081619,0.710642204,1.859222,1.859222,False,1.859222,True,True,3,3,144,144,0,0,0,0,0,117,117,True,117,117,0,,0,0,True,True,0,,0,,False,0,0.0,,,,,0.0,0.198533,,,0,,0,0,0,0,0,0,0,0,0,0,0.0,0.0,0,0,0,0,0,0,0,0,0,0,,False,0,0,False,False,0.815533,,,,False,,,,,,False,False,"final_judge_wall_time_lower,added_to_master_count_higher"
10-scale full normalized objective,10,lunar_ice_sp50_010_017_seed729037,B2B_R2_worker_before_final_judge,B1B_seeded_root_CG,B2B_R2_worker_before_final_judge,b2b_r2_lightweight_no_full_universe_enumeration,12,,False,BPC_GAP_AVAILABLE,BPC_NODE_LP_CERTIFIED,CERTIFIED_NO_NEGATIVE,True,b2b_r2_true_dual_final_judge_closure,BPC_NODE_LP_CERTIFIED,1.859222,lunar_ice_bpc.normalized_additive_objective.v1,normalized_operating_cost_risk_weighted_completion,2494.751074,83.349105508,2203.8751543,960.0,False,1711.958048,63.092387,2292.210038,682.216516,2691.93445,0.686223995,0.756965376,1.040081619,0.710642204,1.859222,1.859222,False,1.859222,True,True,6,3,149,149,0,0,0,0,0,149,149,True,97,97,0,,24,0,True,True,0,,0,,False,0,0.013494,LOCAL_NO_COLUMN_UNCERTIFIED,master.reduced_cost_context,B2B_R2_worker_before_final_judge-root-6,5cba1afaaf81a95b054d7e131989fc8db01459b4d50c363bef6815a1c3a43d1e,0.457009,0.59865,0.052224,0.052224,6713,425,6713,80140,389005,746,1177,80140,0,0,0,0,0.0,0.0,264,106,0,974,6,4,4,2,0,3,FINAL_JUDGE_CERTIFIED_NO_NEGATIVE,False,6713,0,False,True,1.080804,,,,False,,,,,,False,False,"time_to_first_addable_negative_available,worker_found_addable_negative"
10-scale full normalized objective,10,lunar_ice_sp50_010_017_seed729037,B2B_R3_true_dual_negative_search_worker,B1B_seeded_root_CG,B2B_R3_true_dual_negative_search_worker,b2b_r3_lightweight_no_full_universe_enumeration,12,,False,BPC_GAP_AVAILABLE,BPC_NODE_LP_CERTIFIED,CERTIFIED_NO_NEGATIVE,True,b2b_r3_true_dual_final_judge_closure,BPC_NODE_LP_CERTIFIED,1.859222,lunar_ice_bpc.normalized_additive_objective.v1,normalized_operating_cost_risk_weighted_completion,2494.751074,83.349105508,2203.8751543,960.0,False,1711.958048,63.092387,2292.210038,682.216516,2691.93445,0.686223995,0.756965376,1.040081619,0.710642204,1.859222,1.859222,False,1.859222,True,True,6,3,149,149,0,0,0,0,0,149,149,True,97,97,0,,24,0,True,True,0,,0,,False,0,0.013721,LOCAL_NO_COLUMN_UNCERTIFIED,master.reduced_cost_context,B2B_R3_true_dual_negative_search_worker-root-6,99898f643d38efb2550287dd8b4e1fe9e9f20935a0d9fbe7611802fbdb2b1e94,0.453719,0.594211,0.050099,0.050099,6713,425,6713,80140,389005,746,1177,80140,0,0,0,0,0.0,0.0,264,106,0,974,6,4,4,2,0,3,FINAL_JUDGE_CERTIFIED_NO_NEGATIVE,False,6713,0,False,True,1.073214,,,,False,,,,,,False,False,"time_to_first_addable_negative_available,worker_found_addable_negative"
10-scale full normalized objective,10,lunar_ice_sp50_010_017_seed729037,B2C_limited_pricing_diagnostic,diagnostic_only_no_certificate,B2C_limited_pricing_diagnostic,,0,,False,BPC_INCOMPLETE_PRICING,DIAGNOSTIC_PRICING_FRONTIER,FOUND_NEGATIVE,False,,,1.859222,lunar_ice_bpc.normalized_additive_objective.v1,normalized_operating_cost_risk_weighted_completion,2494.751074,83.349105508,2203.8751543,960.0,False,1711.958048,63.092387,2292.210038,682.216516,2691.93445,0.686223995,0.756965376,1.040081619,0.710642204,1.859222,1.859222,False,,False,,0,0,5,0,0,0,0,0,0,0,0,True,0,0,0,,0,0,,,0,,0,,False,0,0.000162,,master.reduced_cost_context,B2C_limited_pricing_diagnostic-diagnostic-root,2696a47ffb18f037f2cf4e35ed7855c072fd567d6c2b089c2269affcff762b32,1.151856,0.0,1.151856,,466,466,466,0,1776,7,6,211337,0,0,0,0,,,0,6,0,0,0,0,0,0,0,0,FOUND_NEGATIVE,False,0,0,False,False,1.15543,B2C_limited_pricing_diagnostic: limited pricing diagnostic cannot certify no-negative or provide an official bound.,,,False,,,,,,False,False,
10-scale full normalized objective,10,lunar_ice_sp50_010_017_seed729037,B2D_proof_tail_kernel_profile,diagnostic_only_no_certificate,B2D_proof_tail_kernel_profile,,0,,False,BPC_INCOMPLETE_PRICING,DIAGNOSTIC_PRICING_FRONTIER,FOUND_NEGATIVE,False,,,1.859222,lunar_ice_bpc.normalized_additive_objective.v1,normalized_operating_cost_risk_weighted_completion,2494.751074,83.349105508,2203.8751543,960.0,False,1711.958048,63.092387,2292.210038,682.216516,2691.93445,0.686223995,0.756965376,1.040081619,0.710642204,1.859222,1.859222,False,,False,,0,0,5,0,0,0,0,0,0,0,0,True,0,0,0,,0,0,,,0,,0,,False,0,0.000169,,master.reduced_cost_context,B2D_proof_tail_kernel_profile-diagnostic-root,7f13cf0fc83f3486bad340b2298c2885e63f4cc0b3f98c55b7c007ea67e8a51c,1.173905,0.0,1.173905,,466,466,466,0,1776,7,6,211337,0,0,0,0,,,0,6,0,0,0,0,0,0,0,0,FOUND_NEGATIVE,False,0,0,False,True,1.178418,B2D_proof_tail_kernel_profile: limited pricing diagnostic cannot certify no-negative or provide an official bound.,,,False,,,,,,False,False,
10-scale full normalized objective,10,lunar_ice_sp50_010_019_seed729039,B0_pure_direct_dp,fixed_graph_direct_dp_oracle,B0_pure_direct_dp,,0,,False,DIRECT_DP_BASELINE_OPTIMAL,DIRECT_DP_FIXED_GRAPH_OPTIMAL,,False,,,1.856235,lunar_ice_bpc.normalized_additive_objective.v1,normalized_operating_cost_risk_weighted_completion,2517.413886,95.775102973,2513.52761044,960.0,False,1798.071538,71.036543,2515.286172,786.417521,2875.22255,0.714253444,0.741701557,1.000699639,0.819184918,1.856235,1.856235,False,,False,,0,0,0,0,0,0,0,0,0,0,0,True,0,0,0,,0,0,,,0,,0,,False,0,,,,,,,,,,0,,0,0,0,0,0,0,0,0,0,0,,,0,0,0,0,0,0,0,0,0,0,,False,0,0,False,False,0.152382,,,,False,,,,,,False,False,
10-scale full normalized objective,10,lunar_ice_sp50_010_019_seed729039,B1A_full_universe_root_audit,accepted_B1,B1A_full_universe_root_audit,,305,305,True,BPC_GAP_AVAILABLE,BPC_NODE_LP_CERTIFIED,CERTIFIED_NO_NEGATIVE,True,b1_root_true_dual_pricing_closure,BPC_NODE_LP_CERTIFIED,1.856235,lunar_ice_bpc.normalized_additive_objective.v1,normalized_operating_cost_risk_weighted_completion,2517.413886,95.775102973,2513.52761044,960.0,False,1798.071538,71.036543,2515.286172,786.417521,2875.22255,0.714253444,0.741701557,1.000699639,0.819184918,1.856235,1.856235,False,1.819162,True,True,1,1,0,0,0,0,0,0,0,0,0,True,0,0,0,,0,0,True,True,0,,0,,False,0,,,,,,,,,,0,,0,0,0,0,0,0,0,0,0,0,,,0,0,0,0,0,0,0,0,0,0,,False,0,0,False,False,0.207006,,,,False,,,,,,False,False,
10-scale full normalized objective,10,lunar_ice_sp50_010_019_seed729039,B1B_seeded_root_CG,accepted_B1,B1B_seeded_root_CG,,12,305,False,BPC_GAP_AVAILABLE,BPC_NODE_LP_CERTIFIED,CERTIFIED_NO_NEGATIVE,True,b1_root_true_dual_pricing_closure,BPC_NODE_LP_CERTIFIED,1.856235,lunar_ice_bpc.normalized_additive_objective.v1,normalized_operating_cost_risk_weighted_completion,2517.413886,95.775102973,2513.52761044,960.0,False,1798.071538,71.036543,2515.286172,786.417521,2875.22255,0.714253444,0.741701557,1.000699639,0.819184918,1.856235,1.856235,False,1.819162,True,True,3,3,0,0,0,0,0,0,0,0,0,True,178,178,0,,0,0,True,True,0,,0,,False,0,,,,,,,,,,0,,0,0,0,0,0,0,0,0,0,0,,,0,0,0,0,0,0,0,0,0,0,,False,0,0,False,False,0.184725,,,,False,,,,,,False,False,
10-scale full normalized objective,10,lunar_ice_sp50_010_019_seed729039,B2_PRODUCT_EXACT_SOLVER,fixed_graph_direct_dp_product_exact,B2_PRODUCT_EXACT_SOLVER,,0,,False,DIRECT_DP_BASELINE_OPTIMAL,DIRECT_DP_FIXED_GRAPH_OPTIMAL,NOT_PRICED,False,,,1.856235,lunar_ice_bpc.normalized_additive_objective.v1,normalized_operating_cost_risk_weighted_completion,2517.413886,95.775102973,2513.52761044,960.0,False,1798.071538,71.036543,2515.286172,786.417521,2875.22255,0.714253444,0.741701557,1.000699639,0.819184918,1.856235,1.856235,False,,False,,0,0,0,0,0,0,0,0,0,0,0,True,0,0,0,,0,0,,,0,DIRECT_DP_FIXED_GRAPH_OPTIMAL,1,1.856235,True,1,,,,,,,,,,614,,614,0,0,305,0,6032,0,0,0,0,,,0,0,0,0,0,0,0,0,0,0,,False,0,0,False,False,1.5e-05,,,,False,,,,,,False,False,
10-scale full normalized objective,10,lunar_ice_sp50_010_019_seed729039,B2A_full_universe_rc_audit_fast_path,B1A_full_universe_root_audit,B2A_full_universe_rc_audit_fast_path,,305,305,True,BPC_GAP_AVAILABLE,BPC_NODE_LP_CERTIFIED,CERTIFIED_NO_NEGATIVE,True,b2a_full_universe_membership_rc_audit,BPC_NODE_LP_CERTIFIED,1.856235,lunar_ice_bpc.normalized_additive_objective.v1,normalized_operating_cost_risk_weighted_completion,2517.413886,95.775102973,2513.52761044,960.0,False,1798.071538,71.036543,2515.286172,786.417521,2875.22255,0.714253444,0.741701557,1.000699639,0.819184918,1.856235,1.856235,False,1.819162,True,True,1,0,0,0,0,0,0,0,0,0,0,True,0,0,0,,0,0,True,True,0,,0,,False,0,0.0,,,,,0.0,0.0,,,0,,0,0,0,0,0,0,0,0,0,0,0.0,0.0,0,0,0,0,0,0,0,0,0,0,,False,0,0,False,False,0.196612,,,,False,,,,,,False,False,"wall_time_lower,final_judge_call_count_lower,final_judge_wall_time_lower"
10-scale full normalized objective,10,lunar_ice_sp50_010_019_seed729039,B2B_seeded_tail_CG,B1B_seeded_root_CG,B2B_seeded_tail_CG,,12,305,False,BPC_GAP_AVAILABLE,BPC_NODE_LP_CERTIFIED,CERTIFIED_NO_NEGATIVE,True,b2b_true_dual_pricing_closure,BPC_NODE_LP_CERTIFIED,1.856235,lunar_ice_bpc.normalized_additive_objective.v1,normalized_operating_cost_risk_weighted_completion,2517.413886,95.775102973,2513.52761044,960.0,False,1798.071538,71.036543,2515.286172,786.417521,2875.22255,0.714253444,0.741701557,1.000699639,0.819184918,1.856235,1.856235,False,1.819162,True,True,4,4,192,192,0,0,0,0,0,119,119,True,119,119,0,,0,0,True,True,0,,0,,False,0,0.0,,,,,0.0,0.153611,,,0,,0,0,0,0,0,0,0,0,0,0,0.0,0.0,0,0,0,0,0,0,0,0,0,0,,False,0,0,False,False,0.806471,,,,False,,,,,,False,False,final_judge_wall_time_lower
10-scale full normalized objective,10,lunar_ice_sp50_010_019_seed729039,B2B_R2_worker_before_final_judge,B1B_seeded_root_CG,B2B_R2_worker_before_final_judge,b2b_r2_lightweight_no_full_universe_enumeration,12,,False,BPC_GAP_AVAILABLE,BPC_NODE_LP_CERTIFIED,CERTIFIED_NO_NEGATIVE,True,b2b_r2_true_dual_final_judge_closure,BPC_NODE_LP_CERTIFIED,1.856235,lunar_ice_bpc.normalized_additive_objective.v1,normalized_operating_cost_risk_weighted_completion,2517.413886,95.775102973,2513.52761044,960.0,False,1798.071538,71.036543,2515.286172,786.417521,2875.22255,0.714253444,0.741701557,1.000699639,0.819184918,1.856235,1.856235,False,1.819162,True,True,6,3,151,151,0,0,0,0,0,138,138,True,91,91,0,,1,0,True,True,0,,0,,False,0,0.015525,LOCAL_NO_COLUMN_UNCERTIFIED,master.reduced_cost_context,B2B_R2_worker_before_final_judge-root-6,fe8ba735edce5ad9478a14da2e79bf267bfc09501ebfb6d4d73639dbf7dc931e,0.529725,0.466844,0.070328,0.070328,4850,419,4850,95821,342897,762,1287,95821,0,0,0,0,0.0,0.0,280,92,0,614,6,4,4,2,0,3,FINAL_JUDGE_CERTIFIED_NO_NEGATIVE,False,4850,0,False,True,1.022598,,,,False,,,,,,False,False,"time_to_first_addable_negative_available,worker_found_addable_negative"
10-scale full normalized objective,10,lunar_ice_sp50_010_019_seed729039,B2B_R3_true_dual_negative_search_worker,B1B_seeded_root_CG,B2B_R3_true_dual_negative_search_worker,b2b_r3_lightweight_no_full_universe_enumeration,12,,False,BPC_GAP_AVAILABLE,BPC_NODE_LP_CERTIFIED,CERTIFIED_NO_NEGATIVE,True,b2b_r3_true_dual_final_judge_closure,BPC_NODE_LP_CERTIFIED,1.856235,lunar_ice_bpc.normalized_additive_objective.v1,normalized_operating_cost_risk_weighted_completion,2517.413886,95.775102973,2513.52761044,960.0,False,1798.071538,71.036543,2515.286172,786.417521,2875.22255,0.714253444,0.741701557,1.000699639,0.819184918,1.856235,1.856235,False,1.819162,True,True,6,3,151,151,0,0,0,0,0,138,138,True,91,91,0,,1,0,True,True,0,,0,,False,0,0.01446,LOCAL_NO_COLUMN_UNCERTIFIED,master.reduced_cost_context,B2B_R3_true_dual_negative_search_worker-root-6,44ea3b00b657f3c17b11785f4583be18d2907c77188a0f81a53c8a1ddef07185,0.526045,0.454508,0.070388,0.070388,4850,419,4850,95821,342897,762,1287,95821,0,0,0,0,0.0,0.0,280,92,0,614,6,4,4,2,0,3,FINAL_JUDGE_CERTIFIED_NO_NEGATIVE,False,4850,0,False,True,1.005494,,,,False,,,,,,False,False,"time_to_first_addable_negative_available,worker_found_addable_negative"
10-scale full normalized objective,10,lunar_ice_sp50_010_019_seed729039,B2C_limited_pricing_diagnostic,diagnostic_only_no_certificate,B2C_limited_pricing_diagnostic,,0,,False,BPC_INCOMPLETE_PRICING,DIAGNOSTIC_PRICING_FRONTIER,FOUND_NEGATIVE,False,,,1.856235,lunar_ice_bpc.normalized_additive_objective.v1,normalized_operating_cost_risk_weighted_completion,2517.413886,95.775102973,2513.52761044,960.0,False,1798.071538,71.036543,2515.286172,786.417521,2875.22255,0.714253444,0.741701557,1.000699639,0.819184918,1.856235,1.856235,False,,False,,0,0,7,0,0,0,0,0,0,0,0,True,0,0,0,,0,0,,,0,,0,,False,0,0.000157,,master.reduced_cost_context,B2C_limited_pricing_diagnostic-diagnostic-root,72e52a1cabe75aa48e1290c4c7d44e865c18f0d6acd4258ff4d22093fb7fa94f,1.377671,0.0,1.377671,,368,368,368,0,3151,9,6,244330,0,0,0,0,,,0,6,0,0,0,0,0,0,0,0,FOUND_NEGATIVE,False,0,0,False,False,1.381209,B2C_limited_pricing_diagnostic: limited pricing diagnostic cannot certify no-negative or provide an official bound.,,,False,,,,,,False,False,
10-scale full normalized objective,10,lunar_ice_sp50_010_019_seed729039,B2D_proof_tail_kernel_profile,diagnostic_only_no_certificate,B2D_proof_tail_kernel_profile,,0,,False,BPC_INCOMPLETE_PRICING,DIAGNOSTIC_PRICING_FRONTIER,FOUND_NEGATIVE,False,,,1.856235,lunar_ice_bpc.normalized_additive_objective.v1,normalized_operating_cost_risk_weighted_completion,2517.413886,95.775102973,2513.52761044,960.0,False,1798.071538,71.036543,2515.286172,786.417521,2875.22255,0.714253444,0.741701557,1.000699639,0.819184918,1.856235,1.856235,False,,False,,0,0,7,0,0,0,0,0,0,0,0,True,0,0,0,,0,0,,,0,,0,,False,0,0.000248,,master.reduced_cost_context,B2D_proof_tail_kernel_profile-diagnostic-root,fce79038dd5773993639c84b22736038d673c2f68013a749a97f6f97d01997f7,1.347507,0.0,1.347507,,368,368,368,0,3151,9,6,244330,0,0,0,0,,,0,6,0,0,0,0,0,0,0,0,FOUND_NEGATIVE,False,0,0,False,True,1.353319,B2D_proof_tail_kernel_profile: limited pricing diagnostic cannot certify no-negative or provide an official bound.,,,False,,,,,,False,False,
10-scale full normalized objective,10,lunar_ice_sp50_010_020_seed729040,B0_pure_direct_dp,fixed_graph_direct_dp_oracle,B0_pure_direct_dp,,0,,False,DIRECT_DP_BASELINE_OPTIMAL,DIRECT_DP_FIXED_GRAPH_OPTIMAL,,False,,,1.968338,lunar_ice_bpc.normalized_additive_objective.v1,normalized_operating_cost_risk_weighted_completion,2423.790172,88.568823331,2303.27365185,960.0,False,1888.786964,69.185958,2348.834535,694.905188,2897.506736,0.779269999,0.781154761,1.019780925,0.723859571,1.968337,1.968338,False,,False,,0,0,0,0,0,0,0,0,0,0,0,True,0,0,0,,0,0,,,0,,0,,False,0,,,,,,,,,,0,,0,0,0,0,0,0,0,0,0,0,,,0,0,0,0,0,0,0,0,0,0,,False,0,0,False,False,0.190775,,,,False,,,,,,False,False,
10-scale full normalized objective,10,lunar_ice_sp50_010_020_seed729040,B1A_full_universe_root_audit,accepted_B1,B1A_full_universe_root_audit,,278,278,True,BPC_GAP_AVAILABLE,BPC_NODE_LP_CERTIFIED,CERTIFIED_NO_NEGATIVE,True,b1_root_true_dual_pricing_closure,BPC_NODE_LP_CERTIFIED,1.968338,lunar_ice_bpc.normalized_additive_objective.v1,normalized_operating_cost_risk_weighted_completion,2423.790172,88.568823331,2303.27365185,960.0,False,1888.786964,69.185958,2348.834535,694.905188,2897.506736,0.779269999,0.781154761,1.019780925,0.723859571,1.968337,1.968338,False,1.912607,True,True,1,1,0,0,0,0,0,0,0,0,0,True,0,0,0,,0,0,True,True,0,,0,,False,0,,,,,,,,,,0,,0,0,0,0,0,0,0,0,0,0,,,0,0,0,0,0,0,0,0,0,0,,False,0,0,False,False,0.230042,,,,False,,,,,,False,False,
10-scale full normalized objective,10,lunar_ice_sp50_010_020_seed729040,B1B_seeded_root_CG,accepted_B1,B1B_seeded_root_CG,,12,278,False,BPC_GAP_AVAILABLE,BPC_NODE_LP_CERTIFIED,CERTIFIED_NO_NEGATIVE,True,b1_root_true_dual_pricing_closure,BPC_NODE_LP_CERTIFIED,1.968338,lunar_ice_bpc.normalized_additive_objective.v1,normalized_operating_cost_risk_weighted_completion,2423.790172,88.568823331,2303.27365185,960.0,False,1888.786964,69.185958,2348.834535,694.905188,2897.506736,0.779269999,0.781154761,1.019780925,0.723859571,1.968337,1.968338,False,1.912607,True,True,4,4,0,0,0,0,0,0,0,0,0,True,139,139,0,,0,0,True,True,0,,0,,False,0,,,,,,,,,,0,,0,0,0,0,0,0,0,0,0,0,,,0,0,0,0,0,0,0,0,0,0,,False,0,0,False,False,0.223981,,,,False,,,,,,False,False,
10-scale full normalized objective,10,lunar_ice_sp50_010_020_seed729040,B2_PRODUCT_EXACT_SOLVER,fixed_graph_direct_dp_product_exact,B2_PRODUCT_EXACT_SOLVER,,0,,False,DIRECT_DP_BASELINE_OPTIMAL,DIRECT_DP_FIXED_GRAPH_OPTIMAL,NOT_PRICED,False,,,1.968338,lunar_ice_bpc.normalized_additive_objective.v1,normalized_operating_cost_risk_weighted_completion,2423.790172,88.568823331,2303.27365185,960.0,False,1888.786964,69.185958,2348.834535,694.905188,2897.506736,0.779269999,0.781154761,1.019780925,0.723859571,1.968337,1.968338,False,,False,,0,0,0,0,0,0,0,0,0,0,0,True,0,0,0,,0,0,,,0,DIRECT_DP_FIXED_GRAPH_OPTIMAL,1,1.968338,True,1,,,,,,,,,,922,,922,0,0,278,0,8383,0,0,0,0,,,0,0,0,0,0,0,0,0,0,0,,False,0,0,False,False,1.6e-05,,,,False,,,,,,False,False,
10-scale full normalized objective,10,lunar_ice_sp50_010_020_seed729040,B2A_full_universe_rc_audit_fast_path,B1A_full_universe_root_audit,B2A_full_universe_rc_audit_fast_path,,278,278,True,BPC_GAP_AVAILABLE,BPC_NODE_LP_CERTIFIED,CERTIFIED_NO_NEGATIVE,True,b2a_full_universe_membership_rc_audit,BPC_NODE_LP_CERTIFIED,1.968338,lunar_ice_bpc.normalized_additive_objective.v1,normalized_operating_cost_risk_weighted_completion,2423.790172,88.568823331,2303.27365185,960.0,False,1888.786964,69.185958,2348.834535,694.905188,2897.506736,0.779269999,0.781154761,1.019780925,0.723859571,1.968337,1.968338,False,1.912607,True,True,1,0,0,0,0,0,0,0,0,0,0,True,0,0,0,,0,0,True,True,0,,0,,False,0,0.0,,,,,0.0,0.0,,,0,,0,0,0,0,0,0,0,0,0,0,0.0,0.0,0,0,0,0,0,0,0,0,0,0,,False,0,0,False,False,0.224563,,,,False,,,,,,False,False,"wall_time_lower,final_judge_call_count_lower,final_judge_wall_time_lower"
10-scale full normalized objective,10,lunar_ice_sp50_010_020_seed729040,B2B_seeded_tail_CG,B1B_seeded_root_CG,B2B_seeded_tail_CG,,12,278,False,BPC_GAP_AVAILABLE,BPC_NODE_LP_CERTIFIED,CERTIFIED_NO_NEGATIVE,True,b2b_true_dual_pricing_closure,BPC_NODE_LP_CERTIFIED,1.968338,lunar_ice_bpc.normalized_additive_objective.v1,normalized_operating_cost_risk_weighted_completion,2423.790172,88.568823331,2303.27365185,960.0,False,1888.786964,69.185958,2348.834535,694.905188,2897.506736,0.779269999,0.781154761,1.019780925,0.723859571,1.968337,1.968338,False,1.912607,True,True,4,4,142,142,0,0,0,0,0,129,129,True,129,129,0,,0,0,True,True,0,,0,,False,0,0.0,,,,,0.0,0.184818,,,0,,0,0,0,0,0,0,0,0,0,0,0.0,0.0,0,0,0,0,0,0,0,0,0,0,,False,0,0,False,False,1.001927,,,,False,,,,,,False,False,final_judge_wall_time_lower
10-scale full normalized objective,10,lunar_ice_sp50_010_020_seed729040,B2B_R2_worker_before_final_judge,B1B_seeded_root_CG,B2B_R2_worker_before_final_judge,b2b_r2_lightweight_no_full_universe_enumeration,13,,False,BPC_GAP_AVAILABLE,BPC_NODE_LP_CERTIFIED,CERTIFIED_NO_NEGATIVE,True,b2b_r2_true_dual_final_judge_closure,BPC_NODE_LP_CERTIFIED,1.968338,lunar_ice_bpc.normalized_additive_objective.v1,normalized_operating_cost_risk_weighted_completion,2423.790172,88.568823331,2303.27365185,960.0,False,1888.786964,69.185958,2348.834535,694.905188,2897.506736,0.779269999,0.781154761,1.019780925,0.723859571,1.968337,1.968338,False,1.912607,True,True,6,3,179,179,0,0,0,0,0,164,164,True,111,111,0,,12,0,True,True,0,,0,,False,0,0.013886,LOCAL_NO_COLUMN_UNCERTIFIED,master.reduced_cost_context,B2B_R2_worker_before_final_judge-root-6,619f157b043c1ae9883a9e53c79e97e7726cc4c63c37a93ed6461d69652b5961,0.404985,0.564456,0.060569,0.060569,7070,502,7070,66375,261527,744,1196,66375,0,0,0,0,0.0,0.0,259,103,0,922,6,4,4,2,0,3,FINAL_JUDGE_CERTIFIED_NO_NEGATIVE,False,7070,0,False,True,0.997447,,,,False,,,,,,False,False,"final_judge_call_count_lower,time_to_first_addable_negative_available,worker_found_addable_negative"
10-scale full normalized objective,10,lunar_ice_sp50_010_020_seed729040,B2B_R3_true_dual_negative_search_worker,B1B_seeded_root_CG,B2B_R3_true_dual_negative_search_worker,b2b_r3_lightweight_no_full_universe_enumeration,13,,False,BPC_GAP_AVAILABLE,BPC_NODE_LP_CERTIFIED,CERTIFIED_NO_NEGATIVE,True,b2b_r3_true_dual_final_judge_closure,BPC_NODE_LP_CERTIFIED,1.968338,lunar_ice_bpc.normalized_additive_objective.v1,normalized_operating_cost_risk_weighted_completion,2423.790172,88.568823331,2303.27365185,960.0,False,1888.786964,69.185958,2348.834535,694.905188,2897.506736,0.779269999,0.781154761,1.019780925,0.723859571,1.968337,1.968338,False,1.912607,True,True,6,3,179,179,0,0,0,0,0,164,164,True,111,111,0,,12,0,True,True,0,,0,,False,0,0.015733,LOCAL_NO_COLUMN_UNCERTIFIED,master.reduced_cost_context,B2B_R3_true_dual_negative_search_worker-root-6,ea6d03194d352d8a64d223f746808177dbfcee1dcfd6c35bdbfb2b0835ae4f23,0.414122,0.565063,0.062487,0.062487,7070,502,7070,66375,261527,744,1196,66375,0,0,0,0,0.0,0.0,259,103,0,922,6,4,4,2,0,3,FINAL_JUDGE_CERTIFIED_NO_NEGATIVE,False,7070,0,False,True,1.006171,,,,False,,,,,,False,False,"final_judge_call_count_lower,time_to_first_addable_negative_available,worker_found_addable_negative"
10-scale full normalized objective,10,lunar_ice_sp50_010_020_seed729040,B2C_limited_pricing_diagnostic,diagnostic_only_no_certificate,B2C_limited_pricing_diagnostic,,0,,False,BPC_INCOMPLETE_PRICING,DIAGNOSTIC_PRICING_FRONTIER,FOUND_NEGATIVE,False,,,1.968338,lunar_ice_bpc.normalized_additive_objective.v1,normalized_operating_cost_risk_weighted_completion,2423.790172,88.568823331,2303.27365185,960.0,False,1888.786964,69.185958,2348.834535,694.905188,2897.506736,0.779269999,0.781154761,1.019780925,0.723859571,1.968337,1.968338,False,,False,,0,0,2,0,0,0,0,0,0,0,0,True,0,0,0,,0,0,,,0,,0,,False,0,0.000158,,master.reduced_cost_context,B2C_limited_pricing_diagnostic-diagnostic-root,ccdee304234b323b5443cadbcb76b80379ee9e51a7e482bc706d0036c02ce830,0.750422,0.0,0.750422,,340,340,340,0,2718,6,4,129246,0,0,0,0,,,0,4,0,0,0,0,0,0,0,0,FOUND_NEGATIVE,False,0,0,False,False,0.753677,B2C_limited_pricing_diagnostic: limited pricing diagnostic cannot certify no-negative or provide an official bound.,,,False,,,,,,False,False,
10-scale full normalized objective,10,lunar_ice_sp50_010_020_seed729040,B2D_proof_tail_kernel_profile,diagnostic_only_no_certificate,B2D_proof_tail_kernel_profile,,0,,False,BPC_INCOMPLETE_PRICING,DIAGNOSTIC_PRICING_FRONTIER,FOUND_NEGATIVE,False,,,1.968338,lunar_ice_bpc.normalized_additive_objective.v1,normalized_operating_cost_risk_weighted_completion,2423.790172,88.568823331,2303.27365185,960.0,False,1888.786964,69.185958,2348.834535,694.905188,2897.506736,0.779269999,0.781154761,1.019780925,0.723859571,1.968337,1.968338,False,,False,,0,0,2,0,0,0,0,0,0,0,0,True,0,0,0,,0,0,,,0,,0,,False,0,0.000198,,master.reduced_cost_context,B2D_proof_tail_kernel_profile-diagnostic-root,7fec5c41ac2d6e8cc95e942424aa6c5e91de38031671044db2b52d73cfcb9744,0.752537,0.0,0.752537,,340,340,340,0,2718,6,4,129246,0,0,0,0,,,0,4,0,0,0,0,0,0,0,0,FOUND_NEGATIVE,False,0,0,False,True,0.755991,B2D_proof_tail_kernel_profile: limited pricing diagnostic cannot certify no-negative or provide an official bound.,,,False,,,,,,False,False,
10-scale full normalized objective,10,lunar_ice_sp50_010_005_seed729045,B0_pure_direct_dp,fixed_graph_direct_dp_oracle,B0_pure_direct_dp,,0,,False,DIRECT_DP_BASELINE_OPTIMAL,DIRECT_DP_FIXED_GRAPH_OPTIMAL,,False,,,1.856248,lunar_ice_bpc.normalized_additive_objective.v1,normalized_operating_cost_risk_weighted_completion,2343.858448,78.567374474,2056.224836112,960.0,False,1692.277217,56.477285,2135.41034,706.836984,2602.918638,0.722004871,0.718838899,1.038510139,0.736288525,1.856248,1.856248,False,,False,,0,0,0,0,0,0,0,0,0,0,0,True,0,0,0,,0,0,,,0,,0,,False,0,,,,,,,,,,0,,0,0,0,0,0,0,0,0,0,0,,,0,0,0,0,0,0,0,0,0,0,,False,0,0,False,False,0.700705,,,,False,,,,,,False,False,
10-scale full normalized objective,10,lunar_ice_sp50_010_005_seed729045,B1A_full_universe_root_audit,accepted_B1,B1A_full_universe_root_audit,,379,379,True,BPC_GAP_AVAILABLE,BPC_NODE_LP_CERTIFIED,CERTIFIED_NO_NEGATIVE,True,b1_root_true_dual_pricing_closure,BPC_NODE_LP_CERTIFIED,1.856248,lunar_ice_bpc.normalized_additive_objective.v1,normalized_operating_cost_risk_weighted_completion,2343.858448,78.567374474,2056.224836112,960.0,False,1692.277217,56.477285,2135.41034,706.836984,2602.918638,0.722004871,0.718838899,1.038510139,0.736288525,1.856248,1.856248,False,1.856248,True,True,1,1,0,0,0,0,0,0,0,0,0,True,0,0,0,,0,0,True,True,0,,0,,False,0,,,,,,,,,,0,,0,0,0,0,0,0,0,0,0,0,,,0,0,0,0,0,0,0,0,0,0,,False,0,0,False,False,0.793536,,,,False,,,,,,False,False,
10-scale full normalized objective,10,lunar_ice_sp50_010_005_seed729045,B1B_seeded_root_CG,accepted_B1,B1B_seeded_root_CG,,12,379,False,BPC_GAP_AVAILABLE,BPC_NODE_LP_CERTIFIED,CERTIFIED_NO_NEGATIVE,True,b1_root_true_dual_pricing_closure,BPC_NODE_LP_CERTIFIED,1.856248,lunar_ice_bpc.normalized_additive_objective.v1,normalized_operating_cost_risk_weighted_completion,2343.858448,78.567374474,2056.224836112,960.0,False,1692.277217,56.477285,2135.41034,706.836984,2602.918638,0.722004871,0.718838899,1.038510139,0.736288525,1.856248,1.856248,False,1.856248,True,True,4,4,0,0,0,0,0,0,0,0,0,True,169,169,0,,0,0,True,True,0,,0,,False,0,,,,,,,,,,0,,0,0,0,0,0,0,0,0,0,0,,,0,0,0,0,0,0,0,0,0,0,,False,0,0,False,False,0.765786,,,,False,,,,,,False,False,
10-scale full normalized objective,10,lunar_ice_sp50_010_005_seed729045,B2_PRODUCT_EXACT_SOLVER,fixed_graph_direct_dp_product_exact,B2_PRODUCT_EXACT_SOLVER,,0,,False,DIRECT_DP_BASELINE_OPTIMAL,DIRECT_DP_FIXED_GRAPH_OPTIMAL,NOT_PRICED,False,,,1.856248,lunar_ice_bpc.normalized_additive_objective.v1,normalized_operating_cost_risk_weighted_completion,2343.858448,78.567374474,2056.224836112,960.0,False,1692.277217,56.477285,2135.41034,706.836984,2602.918638,0.722004871,0.718838899,1.038510139,0.736288525,1.856248,1.856248,False,,False,,0,0,0,0,0,0,0,0,0,0,0,True,0,0,0,,0,0,,,0,DIRECT_DP_FIXED_GRAPH_OPTIMAL,1,1.856248,True,1,,,,,,,,,,1611,,1611,0,0,379,0,28938,0,0,0,0,,,0,0,0,0,0,0,0,0,0,0,,False,0,0,False,False,1e-05,,,,False,,,,,,False,False,
10-scale full normalized objective,10,lunar_ice_sp50_010_005_seed729045,B2A_full_universe_rc_audit_fast_path,B1A_full_universe_root_audit,B2A_full_universe_rc_audit_fast_path,,379,379,True,BPC_GAP_AVAILABLE,BPC_NODE_LP_CERTIFIED,CERTIFIED_NO_NEGATIVE,True,b2a_full_universe_membership_rc_audit,BPC_NODE_LP_CERTIFIED,1.856248,lunar_ice_bpc.normalized_additive_objective.v1,normalized_operating_cost_risk_weighted_completion,2343.858448,78.567374474,2056.224836112,960.0,False,1692.277217,56.477285,2135.41034,706.836984,2602.918638,0.722004871,0.718838899,1.038510139,0.736288525,1.856248,1.856248,False,1.856248,True,True,1,0,0,0,0,0,0,0,0,0,0,True,0,0,0,,0,0,True,True,0,,0,,False,0,0.0,,,,,0.0,0.0,,,0,,0,0,0,0,0,0,0,0,0,0,0.0,0.0,0,0,0,0,0,0,0,0,0,0,,False,0,0,False,False,0.80134,,,,False,,,,,,False,False,"final_judge_call_count_lower,final_judge_wall_time_lower"
10-scale full normalized objective,10,lunar_ice_sp50_010_005_seed729045,B2B_seeded_tail_CG,B1B_seeded_root_CG,B2B_seeded_tail_CG,,12,379,False,BPC_GAP_AVAILABLE,BPC_NODE_LP_CERTIFIED,CERTIFIED_NO_NEGATIVE,True,b2b_true_dual_pricing_closure,BPC_NODE_LP_CERTIFIED,1.856248,lunar_ice_bpc.normalized_additive_objective.v1,normalized_operating_cost_risk_weighted_completion,2343.858448,78.567374474,2056.224836112,960.0,False,1692.277217,56.477285,2135.41034,706.836984,2602.918638,0.722004871,0.718838899,1.038510139,0.736288525,1.856248,1.856248,False,1.856248,True,True,4,4,173,173,0,0,0,0,0,121,121,True,121,121,0,,0,0,True,True,0,,0,,False,0,0.0,,,,,0.0,0.724206,,,0,,0,0,0,0,0,0,0,0,0,0,0.0,0.0,0,0,0,0,0,0,0,0,0,0,,False,0,0,False,False,3.599906,,,,False,,,,,,False,False,final_judge_wall_time_lower
10-scale full normalized objective,10,lunar_ice_sp50_010_005_seed729045,B2B_R2_worker_before_final_judge,B1B_seeded_root_CG,B2B_R2_worker_before_final_judge,b2b_r2_lightweight_no_full_universe_enumeration,12,,False,BPC_GAP_AVAILABLE,BPC_NODE_LP_CERTIFIED,CERTIFIED_NO_NEGATIVE,True,b2b_r2_true_dual_final_judge_closure,BPC_NODE_LP_CERTIFIED,1.856248,lunar_ice_bpc.normalized_additive_objective.v1,normalized_operating_cost_risk_weighted_completion,2343.858448,78.567374474,2056.224836112,960.0,False,1692.277217,56.477285,2135.41034,706.836984,2602.918638,0.722004871,0.718838899,1.038510139,0.736288525,1.856248,1.856248,False,1.856248,True,True,6,3,195,195,0,0,0,0,0,183,183,True,125,125,0,,25,0,True,True,0,,0,,False,0,0.018427,LOCAL_NO_COLUMN_UNCERTIFIED,master.reduced_cost_context,B2B_R2_worker_before_final_judge-root-6,c36f575d52a7c6da9581990df3b5d786b4cc69decdc3f737ef6e186046f69b03,0.569331,2.151721,0.075329,0.075329,9536,637,9536,153958,1248950,782,1502,153958,0,0,0,0,0.0,0.0,254,111,0,1611,6,4,4,2,0,3,FINAL_JUDGE_CERTIFIED_NO_NEGATIVE,False,9536,0,False,True,2.752764,,,,False,,,,,,False,False,"final_judge_call_count_lower,time_to_first_addable_negative_available,worker_found_addable_negative"
10-scale full normalized objective,10,lunar_ice_sp50_010_005_seed729045,B2B_R3_true_dual_negative_search_worker,B1B_seeded_root_CG,B2B_R3_true_dual_negative_search_worker,b2b_r3_lightweight_no_full_universe_enumeration,12,,False,BPC_GAP_AVAILABLE,BPC_NODE_LP_CERTIFIED,CERTIFIED_NO_NEGATIVE,True,b2b_r3_true_dual_final_judge_closure,BPC_NODE_LP_CERTIFIED,1.856248,lunar_ice_bpc.normalized_additive_objective.v1,normalized_operating_cost_risk_weighted_completion,2343.858448,78.567374474,2056.224836112,960.0,False,1692.277217,56.477285,2135.41034,706.836984,2602.918638,0.722004871,0.718838899,1.038510139,0.736288525,1.856248,1.856248,False,1.856248,True,True,6,3,195,195,0,0,0,0,0,183,183,True,125,125,0,,25,0,True,True,0,,0,,False,0,0.016762,LOCAL_NO_COLUMN_UNCERTIFIED,master.reduced_cost_context,B2B_R3_true_dual_negative_search_worker-root-6,14d8ce079554ed51c4fece85739183765b8dc58c2ce32954fc164709dccd1946,0.573828,2.140057,0.074119,0.074119,9536,637,9536,153958,1248950,782,1502,153958,0,0,0,0,0.0,0.0,254,111,0,1611,6,4,4,2,0,3,FINAL_JUDGE_CERTIFIED_NO_NEGATIVE,False,9536,0,False,True,2.745172,,,,False,,,,,,False,False,"final_judge_call_count_lower,time_to_first_addable_negative_available,worker_found_addable_negative"
10-scale full normalized objective,10,lunar_ice_sp50_010_005_seed729045,B2C_limited_pricing_diagnostic,diagnostic_only_no_certificate,B2C_limited_pricing_diagnostic,,0,,False,BPC_INCOMPLETE_PRICING,DIAGNOSTIC_PRICING_FRONTIER,FOUND_NEGATIVE,False,,,1.856248,lunar_ice_bpc.normalized_additive_objective.v1,normalized_operating_cost_risk_weighted_completion,2343.858448,78.567374474,2056.224836112,960.0,False,1692.277217,56.477285,2135.41034,706.836984,2602.918638,0.722004871,0.718838899,1.038510139,0.736288525,1.856248,1.856248,False,,False,,0,0,2,0,0,0,0,0,0,0,0,True,0,0,0,,0,0,,,0,,0,,False,0,0.000159,,master.reduced_cost_context,B2C_limited_pricing_diagnostic-diagnostic-root,ae5d1124839b152813d5da1a987b60ad83d80930954458efb9dc4a7d59bac1a9,1.077154,0.0,1.077154,,392,392,392,0,4289,6,4,171579,0,0,0,0,,,0,4,0,0,0,0,0,0,0,0,FOUND_NEGATIVE,False,0,0,False,False,1.080811,B2C_limited_pricing_diagnostic: limited pricing diagnostic cannot certify no-negative or provide an official bound.,,,False,,,,,,False,False,
10-scale full normalized objective,10,lunar_ice_sp50_010_005_seed729045,B2D_proof_tail_kernel_profile,diagnostic_only_no_certificate,B2D_proof_tail_kernel_profile,,0,,False,BPC_INCOMPLETE_PRICING,DIAGNOSTIC_PRICING_FRONTIER,FOUND_NEGATIVE,False,,,1.856248,lunar_ice_bpc.normalized_additive_objective.v1,normalized_operating_cost_risk_weighted_completion,2343.858448,78.567374474,2056.224836112,960.0,False,1692.277217,56.477285,2135.41034,706.836984,2602.918638,0.722004871,0.718838899,1.038510139,0.736288525,1.856248,1.856248,False,,False,,0,0,2,0,0,0,0,0,0,0,0,True,0,0,0,,0,0,,,0,,0,,False,0,0.000172,,master.reduced_cost_context,B2D_proof_tail_kernel_profile-diagnostic-root,76b24d97764a00393faee2569e9c22dc6baccc4b0028922c09291d18f2709904,1.077857,0.0,1.077857,,392,392,392,0,4289,6,4,171579,0,0,0,0,,,0,4,0,0,0,0,0,0,0,0,FOUND_NEGATIVE,False,0,0,False,True,1.082055,B2D_proof_tail_kernel_profile: limited pricing diagnostic cannot certify no-negative or provide an official bound.,,,False,,,,,,False,False,
10-scale full normalized objective,10,lunar_ice_sp50_010_013_seed729053,B0_pure_direct_dp,fixed_graph_direct_dp_oracle,B0_pure_direct_dp,,0,,False,DIRECT_DP_BASELINE_OPTIMAL,DIRECT_DP_FIXED_GRAPH_OPTIMAL,,False,,,2.01605,lunar_ice_bpc.normalized_additive_objective.v1,normalized_operating_cost_risk_weighted_completion,2423.035154,84.757304791,3017.006749159,960.0,False,1919.676496,68.680719,3118.574946,775.718313,3235.787193,0.7922611,0.810322121,1.03366522,0.808039909,2.016049,2.01605,False,,False,,0,0,0,0,0,0,0,0,0,0,0,True,0,0,0,,0,0,,,0,,0,,False,0,,,,,,,,,,0,,0,0,0,0,0,0,0,0,0,0,,,0,0,0,0,0,0,0,0,0,0,,False,0,0,False,False,0.586071,,,,False,,,,,,False,False,
10-scale full normalized objective,10,lunar_ice_sp50_010_013_seed729053,B1A_full_universe_root_audit,accepted_B1,B1A_full_universe_root_audit,,451,451,True,BPC_GAP_AVAILABLE,BPC_NODE_LP_CERTIFIED,CERTIFIED_NO_NEGATIVE,True,b1_root_true_dual_pricing_closure,BPC_NODE_LP_CERTIFIED,2.01605,lunar_ice_bpc.normalized_additive_objective.v1,normalized_operating_cost_risk_weighted_completion,2423.035154,84.757304791,3017.006749159,960.0,False,1919.676496,68.680719,3118.574946,775.718313,3235.787193,0.7922611,0.810322121,1.03366522,0.808039909,2.016049,2.01605,False,2.01605,True,True,1,1,0,0,0,0,0,0,0,0,0,True,0,0,0,,0,0,True,True,0,,0,,False,0,,,,,,,,,,0,,0,0,0,0,0,0,0,0,0,0,,,0,0,0,0,0,0,0,0,0,0,,False,0,0,False,False,0.673657,,,,False,,,,,,False,False,
10-scale full normalized objective,10,lunar_ice_sp50_010_013_seed729053,B1B_seeded_root_CG,accepted_B1,B1B_seeded_root_CG,,12,451,False,BPC_GAP_AVAILABLE,BPC_NODE_LP_CERTIFIED,CERTIFIED_NO_NEGATIVE,True,b1_root_true_dual_pricing_closure,BPC_NODE_LP_CERTIFIED,2.01605,lunar_ice_bpc.normalized_additive_objective.v1,normalized_operating_cost_risk_weighted_completion,2423.035154,84.757304791,3017.006749159,960.0,False,1919.676496,68.680719,3118.574946,775.718313,3235.787193,0.7922611,0.810322121,1.03366522,0.808039909,2.016049,2.01605,False,2.01605,True,True,3,3,0,0,0,0,0,0,0,0,0,True,114,114,0,,0,0,True,True,0,,0,,False,0,,,,,,,,,,0,,0,0,0,0,0,0,0,0,0,0,,,0,0,0,0,0,0,0,0,0,0,,False,0,0,False,False,0.592018,,,,False,,,,,,False,False,
10-scale full normalized objective,10,lunar_ice_sp50_010_013_seed729053,B2_PRODUCT_EXACT_SOLVER,fixed_graph_direct_dp_product_exact,B2_PRODUCT_EXACT_SOLVER,,0,,False,DIRECT_DP_BASELINE_OPTIMAL,DIRECT_DP_FIXED_GRAPH_OPTIMAL,NOT_PRICED,False,,,2.01605,lunar_ice_bpc.normalized_additive_objective.v1,normalized_operating_cost_risk_weighted_completion,2423.035154,84.757304791,3017.006749159,960.0,False,1919.676496,68.680719,3118.574946,775.718313,3235.787193,0.7922611,0.810322121,1.03366522,0.808039909,2.016049,2.01605,False,,False,,0,0,0,0,0,0,0,0,0,0,0,True,0,0,0,,0,0,,,0,DIRECT_DP_FIXED_GRAPH_OPTIMAL,1,2.01605,True,1,,,,,,,,,,1962,,1962,0,0,451,0,29204,0,0,0,0,,,0,0,0,0,0,0,0,0,0,0,,False,0,0,False,False,1.2e-05,,,,False,,,,,,False,False,
10-scale full normalized objective,10,lunar_ice_sp50_010_013_seed729053,B2A_full_universe_rc_audit_fast_path,B1A_full_universe_root_audit,B2A_full_universe_rc_audit_fast_path,,451,451,True,BPC_GAP_AVAILABLE,BPC_NODE_LP_CERTIFIED,CERTIFIED_NO_NEGATIVE,True,b2a_full_universe_membership_rc_audit,BPC_NODE_LP_CERTIFIED,2.01605,lunar_ice_bpc.normalized_additive_objective.v1,normalized_operating_cost_risk_weighted_completion,2423.035154,84.757304791,3017.006749159,960.0,False,1919.676496,68.680719,3118.574946,775.718313,3235.787193,0.7922611,0.810322121,1.03366522,0.808039909,2.016049,2.01605,False,2.01605,True,True,1,0,0,0,0,0,0,0,0,0,0,True,0,0,0,,0,0,True,True,0,,0,,False,0,0.0,,,,,0.0,0.0,,,0,,0,0,0,0,0,0,0,0,0,0,0.0,0.0,0,0,0,0,0,0,0,0,0,0,,False,0,0,False,False,0.672544,,,,False,,,,,,False,False,"wall_time_lower,final_judge_call_count_lower,final_judge_wall_time_lower"
10-scale full normalized objective,10,lunar_ice_sp50_010_013_seed729053,B2B_seeded_tail_CG,B1B_seeded_root_CG,B2B_seeded_tail_CG,,12,451,False,BPC_GAP_AVAILABLE,BPC_NODE_LP_CERTIFIED,CERTIFIED_NO_NEGATIVE,True,b2b_true_dual_pricing_closure,BPC_NODE_LP_CERTIFIED,2.01605,lunar_ice_bpc.normalized_additive_objective.v1,normalized_operating_cost_risk_weighted_completion,2423.035154,84.757304791,3017.006749159,960.0,False,1919.676496,68.680719,3118.574946,775.718313,3235.787193,0.7922611,0.810322121,1.03366522,0.808039909,2.016049,2.01605,False,2.01605,True,True,4,4,142,142,0,0,0,0,0,99,99,True,99,99,0,,0,0,True,True,0,,0,,False,0,0.0,,,,,0.0,0.576912,,,0,,0,0,0,0,0,0,0,0,0,0,0.0,0.0,0,0,0,0,0,0,0,0,0,0,,False,0,0,False,False,2.919375,,,,False,,,,,,False,False,final_judge_wall_time_lower
10-scale full normalized objective,10,lunar_ice_sp50_010_013_seed729053,B2B_R2_worker_before_final_judge,B1B_seeded_root_CG,B2B_R2_worker_before_final_judge,b2b_r2_lightweight_no_full_universe_enumeration,12,,False,BPC_GAP_AVAILABLE,BPC_NODE_LP_CERTIFIED,CERTIFIED_NO_NEGATIVE,True,b2b_r2_true_dual_final_judge_closure,BPC_NODE_LP_CERTIFIED,2.01605,lunar_ice_bpc.normalized_additive_objective.v1,normalized_operating_cost_risk_weighted_completion,2423.035154,84.757304791,3017.006749159,960.0,False,1919.676496,68.680719,3118.574946,775.718313,3235.787193,0.7922611,0.810322121,1.03366522,0.808039909,2.016049,2.01605,False,2.01605,True,True,7,3,221,221,0,0,0,0,0,169,169,True,112,112,0,,6,0,True,True,0,,0,,False,0,0.020681,LOCAL_NO_COLUMN_UNCERTIFIED,master.reduced_cost_context,B2B_R2_worker_before_final_judge-root-7,04a82593f20a51c3f29c39f743bd2e1fab315f6312f538a06ca83eb04f84c142,0.362103,1.760867,0.042963,0.042963,9542,424,9542,133283,814069,927,1779,133283,0,0,0,0,0.0,0.0,333,93,0,1962,7,5,5,2,0,4,FINAL_JUDGE_CERTIFIED_NO_NEGATIVE,False,9542,0,False,True,2.157373,,,,False,,,,,,False,False,"time_to_first_addable_negative_available,worker_found_addable_negative"
10-scale full normalized objective,10,lunar_ice_sp50_010_013_seed729053,B2B_R3_true_dual_negative_search_worker,B1B_seeded_root_CG,B2B_R3_true_dual_negative_search_worker,b2b_r3_lightweight_no_full_universe_enumeration,12,,False,BPC_GAP_AVAILABLE,BPC_NODE_LP_CERTIFIED,CERTIFIED_NO_NEGATIVE,True,b2b_r3_true_dual_final_judge_closure,BPC_NODE_LP_CERTIFIED,2.01605,lunar_ice_bpc.normalized_additive_objective.v1,normalized_operating_cost_risk_weighted_completion,2423.035154,84.757304791,3017.006749159,960.0,False,1919.676496,68.680719,3118.574946,775.718313,3235.787193,0.7922611,0.810322121,1.03366522,0.808039909,2.016049,2.01605,False,2.01605,True,True,7,3,221,221,0,0,0,0,0,169,169,True,112,112,0,,6,0,True,True,0,,0,,False,0,0.01853,LOCAL_NO_COLUMN_UNCERTIFIED,master.reduced_cost_context,B2B_R3_true_dual_negative_search_worker-root-7,7abb45f6eb9fd64e32fb12aec6bd325e4909d9158225f53830fd4120c62eb1c8,0.356539,1.74328,0.043865,0.043865,9542,424,9542,133283,814069,927,1779,133283,0,0,0,0,0.0,0.0,333,93,0,1962,7,5,5,2,0,4,FINAL_JUDGE_CERTIFIED_NO_NEGATIVE,False,9542,0,False,True,2.131979,,,,False,,,,,,False,False,"time_to_first_addable_negative_available,worker_found_addable_negative"
10-scale full normalized objective,10,lunar_ice_sp50_010_013_seed729053,B2C_limited_pricing_diagnostic,diagnostic_only_no_certificate,B2C_limited_pricing_diagnostic,,0,,False,BPC_INCOMPLETE_PRICING,DIAGNOSTIC_PRICING_FRONTIER,FOUND_NEGATIVE,False,,,2.01605,lunar_ice_bpc.normalized_additive_objective.v1,normalized_operating_cost_risk_weighted_completion,2423.035154,84.757304791,3017.006749159,960.0,False,1919.676496,68.680719,3118.574946,775.718313,3235.787193,0.7922611,0.810322121,1.03366522,0.808039909,2.016049,2.01605,False,,False,,0,0,2,0,0,0,0,0,0,0,0,True,0,0,0,,0,0,,,0,,0,,False,0,0.000156,,master.reduced_cost_context,B2C_limited_pricing_diagnostic-diagnostic-root,b2bf442bd71ac212159930f152644f612d23d83967073c2d472d96b6aa1871b9,0.737523,0.0,0.737523,,284,284,284,0,2101,5,4,133126,0,0,0,0,,,0,4,0,0,0,0,0,0,0,0,FOUND_NEGATIVE,False,0,0,False,False,0.740711,B2C_limited_pricing_diagnostic: limited pricing diagnostic cannot certify no-negative or provide an official bound.,,,False,,,,,,False,False,
10-scale full normalized objective,10,lunar_ice_sp50_010_013_seed729053,B2D_proof_tail_kernel_profile,diagnostic_only_no_certificate,B2D_proof_tail_kernel_profile,,0,,False,BPC_INCOMPLETE_PRICING,DIAGNOSTIC_PRICING_FRONTIER,FOUND_NEGATIVE,False,,,2.01605,lunar_ice_bpc.normalized_additive_objective.v1,normalized_operating_cost_risk_weighted_completion,2423.035154,84.757304791,3017.006749159,960.0,False,1919.676496,68.680719,3118.574946,775.718313,3235.787193,0.7922611,0.810322121,1.03366522,0.808039909,2.016049,2.01605,False,,False,,0,0,2,0,0,0,0,0,0,0,0,True,0,0,0,,0,0,,,0,,0,,False,0,0.000159,,master.reduced_cost_context,B2D_proof_tail_kernel_profile-diagnostic-root,c266564eefe62520615f5e89c892e8792e7a2b71be30ce0caa9ff35fb9e79beb,0.745761,0.0,0.745761,,284,284,284,0,2101,5,4,133126,0,0,0,0,,,0,4,0,0,0,0,0,0,0,0,FOUND_NEGATIVE,False,0,0,False,True,0.749098,B2D_proof_tail_kernel_profile: limited pricing diagnostic cannot certify no-negative or provide an official bound.,,,False,,,,,,False,False,
10-scale full normalized objective,10,lunar_ice_sp50_010_008_seed729068,B0_pure_direct_dp,fixed_graph_direct_dp_oracle,B0_pure_direct_dp,,0,,False,DIRECT_DP_BASELINE_OPTIMAL,DIRECT_DP_FIXED_GRAPH_OPTIMAL,,False,,,1.82381,lunar_ice_bpc.normalized_additive_objective.v1,normalized_operating_cost_risk_weighted_completion,2654.011784,93.062502608,2248.717193218,960.0,False,1814.818656,66.999236,2361.548366,757.098022,2826.437238,0.683802034,0.719938043,1.050175795,0.788643773,1.82381,1.82381,False,,False,,0,0,0,0,0,0,0,0,0,0,0,True,0,0,0,,0,0,,,0,,0,,False,0,,,,,,,,,,0,,0,0,0,0,0,0,0,0,0,0,,,0,0,0,0,0,0,0,0,0,0,,False,0,0,False,False,0.250206,,,,False,,,,,,False,False,
10-scale full normalized objective,10,lunar_ice_sp50_010_008_seed729068,B1A_full_universe_root_audit,accepted_B1,B1A_full_universe_root_audit,,343,343,True,BPC_GAP_AVAILABLE,BPC_NODE_LP_CERTIFIED,CERTIFIED_NO_NEGATIVE,True,b1_root_true_dual_pricing_closure,BPC_NODE_LP_CERTIFIED,1.82381,lunar_ice_bpc.normalized_additive_objective.v1,normalized_operating_cost_risk_weighted_completion,2654.011784,93.062502608,2248.717193218,960.0,False,1814.818656,66.999236,2361.548366,757.098022,2826.437238,0.683802034,0.719938043,1.050175795,0.788643773,1.82381,1.82381,False,1.82381,True,True,1,1,0,0,0,0,0,0,0,0,0,True,0,0,0,,0,0,True,True,0,,0,,False,0,,,,,,,,,,0,,0,0,0,0,0,0,0,0,0,0,,,0,0,0,0,0,0,0,0,0,0,,False,0,0,False,False,0.311535,,,,False,,,,,,False,False,
10-scale full normalized objective,10,lunar_ice_sp50_010_008_seed729068,B1B_seeded_root_CG,accepted_B1,B1B_seeded_root_CG,,12,343,False,BPC_GAP_AVAILABLE,BPC_NODE_LP_CERTIFIED,CERTIFIED_NO_NEGATIVE,True,b1_root_true_dual_pricing_closure,BPC_NODE_LP_CERTIFIED,1.82381,lunar_ice_bpc.normalized_additive_objective.v1,normalized_operating_cost_risk_weighted_completion,2654.011784,93.062502608,2248.717193218,960.0,False,1814.818656,66.999236,2361.548366,757.098022,2826.437238,0.683802034,0.719938043,1.050175795,0.788643773,1.82381,1.82381,False,1.82381,True,True,4,4,0,0,0,0,0,0,0,0,0,True,88,88,0,,0,0,True,True,0,,0,,False,0,,,,,,,,,,0,,0,0,0,0,0,0,0,0,0,0,,,0,0,0,0,0,0,0,0,0,0,,False,0,0,False,False,0.265761,,,,False,,,,,,False,False,
10-scale full normalized objective,10,lunar_ice_sp50_010_008_seed729068,B2_PRODUCT_EXACT_SOLVER,fixed_graph_direct_dp_product_exact,B2_PRODUCT_EXACT_SOLVER,,0,,False,DIRECT_DP_BASELINE_OPTIMAL,DIRECT_DP_FIXED_GRAPH_OPTIMAL,NOT_PRICED,False,,,1.82381,lunar_ice_bpc.normalized_additive_objective.v1,normalized_operating_cost_risk_weighted_completion,2654.011784,93.062502608,2248.717193218,960.0,False,1814.818656,66.999236,2361.548366,757.098022,2826.437238,0.683802034,0.719938043,1.050175795,0.788643773,1.82381,1.82381,False,,False,,0,0,0,0,0,0,0,0,0,0,0,True,0,0,0,,0,0,,,0,DIRECT_DP_FIXED_GRAPH_OPTIMAL,1,1.82381,True,1,,,,,,,,,,1349,,1349,0,0,343,0,13624,0,0,0,0,,,0,0,0,0,0,0,0,0,0,0,,False,0,0,False,False,1.2e-05,,,,False,,,,,,False,False,
10-scale full normalized objective,10,lunar_ice_sp50_010_008_seed729068,B2A_full_universe_rc_audit_fast_path,B1A_full_universe_root_audit,B2A_full_universe_rc_audit_fast_path,,343,343,True,BPC_GAP_AVAILABLE,BPC_NODE_LP_CERTIFIED,CERTIFIED_NO_NEGATIVE,True,b2a_full_universe_membership_rc_audit,BPC_NODE_LP_CERTIFIED,1.82381,lunar_ice_bpc.normalized_additive_objective.v1,normalized_operating_cost_risk_weighted_completion,2654.011784,93.062502608,2248.717193218,960.0,False,1814.818656,66.999236,2361.548366,757.098022,2826.437238,0.683802034,0.719938043,1.050175795,0.788643773,1.82381,1.82381,False,1.82381,True,True,1,0,0,0,0,0,0,0,0,0,0,True,0,0,0,,0,0,True,True,0,,0,,False,0,0.0,,,,,0.0,0.0,,,0,,0,0,0,0,0,0,0,0,0,0,0.0,0.0,0,0,0,0,0,0,0,0,0,0,,False,0,0,False,False,0.30907,,,,False,,,,,,False,False,"wall_time_lower,final_judge_call_count_lower,final_judge_wall_time_lower"
10-scale full normalized objective,10,lunar_ice_sp50_010_008_seed729068,B2B_seeded_tail_CG,B1B_seeded_root_CG,B2B_seeded_tail_CG,,12,343,False,BPC_GAP_AVAILABLE,BPC_NODE_LP_CERTIFIED,CERTIFIED_NO_NEGATIVE,True,b2b_true_dual_pricing_closure,BPC_NODE_LP_CERTIFIED,1.82381,lunar_ice_bpc.normalized_additive_objective.v1,normalized_operating_cost_risk_weighted_completion,2654.011784,93.062502608,2248.717193218,960.0,False,1814.818656,66.999236,2361.548366,757.098022,2826.437238,0.683802034,0.719938043,1.050175795,0.788643773,1.82381,1.82381,False,1.82381,True,True,4,4,88,88,0,0,0,0,0,88,88,True,88,88,0,,0,0,True,True,0,,0,,False,0,0.0,,,,,0.0,0.267189,,,0,,0,0,0,0,0,0,0,0,0,0,0.0,0.0,0,0,0,0,0,0,0,0,0,0,,False,0,0,False,False,1.312629,,,,False,,,,,,False,False,
10-scale full normalized objective,10,lunar_ice_sp50_010_008_seed729068,B2B_R2_worker_before_final_judge,B1B_seeded_root_CG,B2B_R2_worker_before_final_judge,b2b_r2_lightweight_no_full_universe_enumeration,12,,False,BPC_GAP_AVAILABLE,BPC_NODE_LP_CERTIFIED,CERTIFIED_NO_NEGATIVE,True,b2b_r2_true_dual_final_judge_closure,BPC_NODE_LP_CERTIFIED,1.82381,lunar_ice_bpc.normalized_additive_objective.v1,normalized_operating_cost_risk_weighted_completion,2654.011784,93.062502608,2248.717193218,960.0,False,1814.818656,66.999236,2361.548366,757.098022,2826.437238,0.683802034,0.719938043,1.050175795,0.788643773,1.82381,1.82381,False,1.82381,True,True,6,3,132,132,0,0,0,0,0,132,132,True,81,81,0,,10,0,True,True,0,,0,,False,0,0.009002,LOCAL_NO_COLUMN_UNCERTIFIED,master.reduced_cost_context,B2B_R2_worker_before_final_judge-root-6,3b19254cd8c49485cf07983c49def89cfcb240a3e2855f6e6260548bbdcc7dd7,0.508178,0.768494,0.056495,0.056495,7644,433,7644,112369,428367,713,1391,112369,0,0,0,0,0.0,0.0,249,113,0,1349,6,4,4,2,0,3,FINAL_JUDGE_CERTIFIED_NO_NEGATIVE,False,7644,0,False,True,1.295823,,,,False,,,,,,False,False,"final_judge_call_count_lower,time_to_first_addable_negative_available,worker_found_addable_negative"
10-scale full normalized objective,10,lunar_ice_sp50_010_008_seed729068,B2B_R3_true_dual_negative_search_worker,B1B_seeded_root_CG,B2B_R3_true_dual_negative_search_worker,b2b_r3_lightweight_no_full_universe_enumeration,12,,False,BPC_GAP_AVAILABLE,BPC_NODE_LP_CERTIFIED,CERTIFIED_NO_NEGATIVE,True,b2b_r3_true_dual_final_judge_closure,BPC_NODE_LP_CERTIFIED,1.82381,lunar_ice_bpc.normalized_additive_objective.v1,normalized_operating_cost_risk_weighted_completion,2654.011784,93.062502608,2248.717193218,960.0,False,1814.818656,66.999236,2361.548366,757.098022,2826.437238,0.683802034,0.719938043,1.050175795,0.788643773,1.82381,1.82381,False,1.82381,True,True,6,3,132,132,0,0,0,0,0,132,132,True,81,81,0,,10,0,True,True,0,,0,,False,0,0.009831,LOCAL_NO_COLUMN_UNCERTIFIED,master.reduced_cost_context,B2B_R3_true_dual_negative_search_worker-root-6,78216f751cce549e8303613faef6c79fa6adb7353e3bb56c6705018a16c79d96,0.519948,0.763911,0.058133,0.058133,7644,433,7644,112369,428367,713,1391,112369,0,0,0,0,0.0,0.0,249,113,0,1349,6,4,4,2,0,3,FINAL_JUDGE_CERTIFIED_NO_NEGATIVE,False,7644,0,False,True,1.304067,,,,False,,,,,,False,False,"final_judge_call_count_lower,time_to_first_addable_negative_available,worker_found_addable_negative"
10-scale full normalized objective,10,lunar_ice_sp50_010_008_seed729068,B2C_limited_pricing_diagnostic,diagnostic_only_no_certificate,B2C_limited_pricing_diagnostic,,0,,False,BPC_INCOMPLETE_PRICING,DIAGNOSTIC_PRICING_FRONTIER,FOUND_NEGATIVE,False,,,1.82381,lunar_ice_bpc.normalized_additive_objective.v1,normalized_operating_cost_risk_weighted_completion,2654.011784,93.062502608,2248.717193218,960.0,False,1814.818656,66.999236,2361.548366,757.098022,2826.437238,0.683802034,0.719938043,1.050175795,0.788643773,1.82381,1.82381,False,,False,,0,0,2,0,0,0,0,0,0,0,0,True,0,0,0,,0,0,,,0,,0,,False,0,0.000159,,master.reduced_cost_context,B2C_limited_pricing_diagnostic-diagnostic-root,68f1666e56b6d51fc180d811abf3fb6ad9620c13804b242a3761ce35e9ad40c9,0.574722,0.0,0.574722,,285,285,285,0,1507,4,4,98971,0,0,0,0,,,0,4,0,0,0,0,0,0,0,0,FOUND_NEGATIVE,False,0,0,False,False,0.578373,B2C_limited_pricing_diagnostic: limited pricing diagnostic cannot certify no-negative or provide an official bound.,,,False,,,,,,False,False,
10-scale full normalized objective,10,lunar_ice_sp50_010_008_seed729068,B2D_proof_tail_kernel_profile,diagnostic_only_no_certificate,B2D_proof_tail_kernel_profile,,0,,False,BPC_INCOMPLETE_PRICING,DIAGNOSTIC_PRICING_FRONTIER,FOUND_NEGATIVE,False,,,1.82381,lunar_ice_bpc.normalized_additive_objective.v1,normalized_operating_cost_risk_weighted_completion,2654.011784,93.062502608,2248.717193218,960.0,False,1814.818656,66.999236,2361.548366,757.098022,2826.437238,0.683802034,0.719938043,1.050175795,0.788643773,1.82381,1.82381,False,,False,,0,0,2,0,0,0,0,0,0,0,0,True,0,0,0,,0,0,,,0,,0,,False,0,0.000158,,master.reduced_cost_context,B2D_proof_tail_kernel_profile-diagnostic-root,4cb312dddc25d8d2c2144741dc36a9d09224b6aa419fdbb757c9ee5cd18231cb,0.567653,0.0,0.567653,,285,285,285,0,1507,4,4,98971,0,0,0,0,,,0,4,0,0,0,0,0,0,0,0,FOUND_NEGATIVE,False,0,0,False,True,0.571274,B2D_proof_tail_kernel_profile: limited pricing diagnostic cannot certify no-negative or provide an official bound.,,,False,,,,,,False,False,
10-scale full normalized objective,10,lunar_ice_sp50_010_009_seed729069,B0_pure_direct_dp,fixed_graph_direct_dp_oracle,B0_pure_direct_dp,,0,,False,DIRECT_DP_BASELINE_OPTIMAL,DIRECT_DP_FIXED_GRAPH_OPTIMAL,,False,,,1.83376,lunar_ice_bpc.normalized_additive_objective.v1,normalized_operating_cost_risk_weighted_completion,2387.54527,85.965897497,2391.179959609,960.0,False,1674.095328,61.053526,2524.939239,731.169705,2745.12455,0.701178465,0.710206347,1.055938608,0.761635109,1.83376,1.83376,False,,False,,0,0,0,0,0,0,0,0,0,0,0,True,0,0,0,,0,0,,,0,,0,,False,0,,,,,,,,,,0,,0,0,0,0,0,0,0,0,0,0,,,0,0,0,0,0,0,0,0,0,0,,False,0,0,False,False,0.293744,,,,False,,,,,,False,False,
10-scale full normalized objective,10,lunar_ice_sp50_010_009_seed729069,B1A_full_universe_root_audit,accepted_B1,B1A_full_universe_root_audit,,351,351,True,BPC_GAP_AVAILABLE,BPC_NODE_LP_CERTIFIED,CERTIFIED_NO_NEGATIVE,True,b1_root_true_dual_pricing_closure,BPC_NODE_LP_CERTIFIED,1.83376,lunar_ice_bpc.normalized_additive_objective.v1,normalized_operating_cost_risk_weighted_completion,2387.54527,85.965897497,2391.179959609,960.0,False,1674.095328,61.053526,2524.939239,731.169705,2745.12455,0.701178465,0.710206347,1.055938608,0.761635109,1.83376,1.83376,False,1.83376,True,True,1,1,0,0,0,0,0,0,0,0,0,True,0,0,0,,0,0,True,True,0,,0,,False,0,,,,,,,,,,0,,0,0,0,0,0,0,0,0,0,0,,,0,0,0,0,0,0,0,0,0,0,,False,0,0,False,False,0.353009,,,,False,,,,,,False,False,
10-scale full normalized objective,10,lunar_ice_sp50_010_009_seed729069,B1B_seeded_root_CG,accepted_B1,B1B_seeded_root_CG,,12,351,False,BPC_GAP_AVAILABLE,BPC_NODE_LP_CERTIFIED,CERTIFIED_NO_NEGATIVE,True,b1_root_true_dual_pricing_closure,BPC_NODE_LP_CERTIFIED,1.83376,lunar_ice_bpc.normalized_additive_objective.v1,normalized_operating_cost_risk_weighted_completion,2387.54527,85.965897497,2391.179959609,960.0,False,1674.095328,61.053526,2524.939239,731.169705,2745.12455,0.701178465,0.710206347,1.055938608,0.761635109,1.83376,1.83376,False,1.83376,True,True,3,3,0,0,0,0,0,0,0,0,0,True,123,123,0,,0,0,True,True,0,,0,,False,0,,,,,,,,,,0,,0,0,0,0,0,0,0,0,0,0,,,0,0,0,0,0,0,0,0,0,0,,False,0,0,False,False,0.315303,,,,False,,,,,,False,False,
10-scale full normalized objective,10,lunar_ice_sp50_010_009_seed729069,B2_PRODUCT_EXACT_SOLVER,fixed_graph_direct_dp_product_exact,B2_PRODUCT_EXACT_SOLVER,,0,,False,DIRECT_DP_BASELINE_OPTIMAL,DIRECT_DP_FIXED_GRAPH_OPTIMAL,NOT_PRICED,False,,,1.83376,lunar_ice_bpc.normalized_additive_objective.v1,normalized_operating_cost_risk_weighted_completion,2387.54527,85.965897497,2391.179959609,960.0,False,1674.095328,61.053526,2524.939239,731.169705,2745.12455,0.701178465,0.710206347,1.055938608,0.761635109,1.83376,1.83376,False,,False,,0,0,0,0,0,0,0,0,0,0,0,True,0,0,0,,0,0,,,0,DIRECT_DP_FIXED_GRAPH_OPTIMAL,1,1.83376,True,1,,,,,,,,,,1031,,1031,0,0,351,0,14193,0,0,0,0,,,0,0,0,0,0,0,0,0,0,0,,False,0,0,False,False,1e-05,,,,False,,,,,,False,False,
10-scale full normalized objective,10,lunar_ice_sp50_010_009_seed729069,B2A_full_universe_rc_audit_fast_path,B1A_full_universe_root_audit,B2A_full_universe_rc_audit_fast_path,,351,351,True,BPC_GAP_AVAILABLE,BPC_NODE_LP_CERTIFIED,CERTIFIED_NO_NEGATIVE,True,b2a_full_universe_membership_rc_audit,BPC_NODE_LP_CERTIFIED,1.83376,lunar_ice_bpc.normalized_additive_objective.v1,normalized_operating_cost_risk_weighted_completion,2387.54527,85.965897497,2391.179959609,960.0,False,1674.095328,61.053526,2524.939239,731.169705,2745.12455,0.701178465,0.710206347,1.055938608,0.761635109,1.83376,1.83376,False,1.83376,True,True,1,0,0,0,0,0,0,0,0,0,0,True,0,0,0,,0,0,True,True,0,,0,,False,0,0.0,,,,,0.0,0.0,,,0,,0,0,0,0,0,0,0,0,0,0,0.0,0.0,0,0,0,0,0,0,0,0,0,0,,False,0,0,False,False,0.357577,,,,False,,,,,,False,False,"final_judge_call_count_lower,final_judge_wall_time_lower"
10-scale full normalized objective,10,lunar_ice_sp50_010_009_seed729069,B2B_seeded_tail_CG,B1B_seeded_root_CG,B2B_seeded_tail_CG,,12,351,False,BPC_GAP_AVAILABLE,BPC_NODE_LP_CERTIFIED,CERTIFIED_NO_NEGATIVE,True,b2b_true_dual_pricing_closure,BPC_NODE_LP_CERTIFIED,1.83376,lunar_ice_bpc.normalized_additive_objective.v1,normalized_operating_cost_risk_weighted_completion,2387.54527,85.965897497,2391.179959609,960.0,False,1674.095328,61.053526,2524.939239,731.169705,2745.12455,0.701178465,0.710206347,1.055938608,0.761635109,1.83376,1.83376,False,1.83376,True,True,4,4,129,129,0,0,0,0,0,124,124,True,124,124,0,,0,0,True,True,0,,0,,False,0,0.0,,,,,0.0,0.290245,,,0,,0,0,0,0,0,0,0,0,0,0,0.0,0.0,0,0,0,0,0,0,0,0,0,0,,False,0,0,False,False,1.48603,,,,False,,,,,,False,False,"final_judge_wall_time_lower,added_to_master_count_higher"
10-scale full normalized objective,10,lunar_ice_sp50_010_009_seed729069,B2B_R2_worker_before_final_judge,B1B_seeded_root_CG,B2B_R2_worker_before_final_judge,b2b_r2_lightweight_no_full_universe_enumeration,12,,False,BPC_GAP_AVAILABLE,BPC_NODE_LP_CERTIFIED,CERTIFIED_NO_NEGATIVE,True,b2b_r2_true_dual_final_judge_closure,BPC_NODE_LP_CERTIFIED,1.83376,lunar_ice_bpc.normalized_additive_objective.v1,normalized_operating_cost_risk_weighted_completion,2387.54527,85.965897497,2391.179959609,960.0,False,1674.095328,61.053526,2524.939239,731.169705,2745.12455,0.701178465,0.710206347,1.055938608,0.761635109,1.83376,1.83376,False,1.83376,True,True,7,4,101,101,0,0,0,0,0,101,101,True,54,54,0,,28,0,True,True,0,,0,,False,0,0.006753,LOCAL_NO_COLUMN_UNCERTIFIED,master.reduced_cost_context,B2B_R2_worker_before_final_judge-root-7,8c1f34e478dbb7fa17e77be7ff1183f5e455fade0aa52cbf1d93eab7b60e0a6b,0.374235,1.186695,0.054632,0.054632,7452,362,7452,107018,635782,769,1827,107018,0,0,0,0,0.0,0.0,324,99,0,1031,7,3,3,4,0,3,FINAL_JUDGE_CERTIFIED_NO_NEGATIVE,False,7452,0,False,True,1.577035,,,,False,,,,,,False,False,"time_to_first_addable_negative_available,worker_found_addable_negative"
10-scale full normalized objective,10,lunar_ice_sp50_010_009_seed729069,B2B_R3_true_dual_negative_search_worker,B1B_seeded_root_CG,B2B_R3_true_dual_negative_search_worker,b2b_r3_lightweight_no_full_universe_enumeration,12,,False,BPC_GAP_AVAILABLE,BPC_NODE_LP_CERTIFIED,CERTIFIED_NO_NEGATIVE,True,b2b_r3_true_dual_final_judge_closure,BPC_NODE_LP_CERTIFIED,1.83376,lunar_ice_bpc.normalized_additive_objective.v1,normalized_operating_cost_risk_weighted_completion,2387.54527,85.965897497,2391.179959609,960.0,False,1674.095328,61.053526,2524.939239,731.169705,2745.12455,0.701178465,0.710206347,1.055938608,0.761635109,1.83376,1.83376,False,1.83376,True,True,7,4,101,101,0,0,0,0,0,101,101,True,54,54,0,,28,0,True,True,0,,0,,False,0,0.00755,LOCAL_NO_COLUMN_UNCERTIFIED,master.reduced_cost_context,B2B_R3_true_dual_negative_search_worker-root-7,4a8d92e4ab7085b9767de388a9e3ecca6710c800c6f1c0d50959814152a5b35d,0.363322,1.180807,0.054331,0.054331,7452,362,7452,107018,635782,769,1827,107018,0,0,0,0,0.0,0.0,324,99,0,1031,7,3,3,4,0,3,FINAL_JUDGE_CERTIFIED_NO_NEGATIVE,False,7452,0,False,True,1.561922,,,,False,,,,,,False,False,"time_to_first_addable_negative_available,worker_found_addable_negative"
10-scale full normalized objective,10,lunar_ice_sp50_010_009_seed729069,B2C_limited_pricing_diagnostic,diagnostic_only_no_certificate,B2C_limited_pricing_diagnostic,,0,,False,BPC_INCOMPLETE_PRICING,DIAGNOSTIC_PRICING_FRONTIER,FOUND_NEGATIVE,False,,,1.83376,lunar_ice_bpc.normalized_additive_objective.v1,normalized_operating_cost_risk_weighted_completion,2387.54527,85.965897497,2391.179959609,960.0,False,1674.095328,61.053526,2524.939239,731.169705,2745.12455,0.701178465,0.710206347,1.055938608,0.761635109,1.83376,1.83376,False,,False,,0,0,1,0,0,0,0,0,0,0,0,True,0,0,0,,0,0,,,0,,0,,False,0,0.000162,,master.reduced_cost_context,B2C_limited_pricing_diagnostic-diagnostic-root,97788ecb199d57c6ec39ee20d9c50d17f25239800cdf73d29d85ffa9915e8e92,0.262299,0.0,0.262299,,98,98,98,0,1342,3,2,42741,0,0,0,0,,,0,2,0,0,0,0,0,0,0,0,FOUND_NEGATIVE,False,0,0,False,False,0.265616,B2C_limited_pricing_diagnostic: limited pricing diagnostic cannot certify no-negative or provide an official bound.,,,False,,,,,,False,False,
10-scale full normalized objective,10,lunar_ice_sp50_010_009_seed729069,B2D_proof_tail_kernel_profile,diagnostic_only_no_certificate,B2D_proof_tail_kernel_profile,,0,,False,BPC_INCOMPLETE_PRICING,DIAGNOSTIC_PRICING_FRONTIER,FOUND_NEGATIVE,False,,,1.83376,lunar_ice_bpc.normalized_additive_objective.v1,normalized_operating_cost_risk_weighted_completion,2387.54527,85.965897497,2391.179959609,960.0,False,1674.095328,61.053526,2524.939239,731.169705,2745.12455,0.701178465,0.710206347,1.055938608,0.761635109,1.83376,1.83376,False,,False,,0,0,1,0,0,0,0,0,0,0,0,True,0,0,0,,0,0,,,0,,0,,False,0,0.000168,,master.reduced_cost_context,B2D_proof_tail_kernel_profile-diagnostic-root,74d127999e516f97167bfc105e0f5a6840032bce9ebfa593d8a92d834439feb6,0.26462,0.0,0.26462,,98,98,98,0,1342,3,2,42741,0,0,0,0,,,0,2,0,0,0,0,0,0,0,0,FOUND_NEGATIVE,False,0,0,False,True,0.268012,B2D_proof_tail_kernel_profile: limited pricing diagnostic cannot certify no-negative or provide an official bound.,,,False,,,,,,False,False,
10-scale full normalized objective,10,lunar_ice_sp50_010_012_seed729072,B0_pure_direct_dp,fixed_graph_direct_dp_oracle,B0_pure_direct_dp,,0,,False,DIRECT_DP_BASELINE_OPTIMAL,DIRECT_DP_FIXED_GRAPH_OPTIMAL,,False,,,1.999817,lunar_ice_bpc.normalized_additive_objective.v1,normalized_operating_cost_risk_weighted_completion,2525.615637,93.998385393,2462.792646717,960.0,False,1965.588464,75.571409,2571.098916,773.939998,3069.599439,0.778261124,0.803964969,1.043977015,0.806187498,1.999817,1.999817,False,,False,,0,0,0,0,0,0,0,0,0,0,0,True,0,0,0,,0,0,,,0,,0,,False,0,,,,,,,,,,0,,0,0,0,0,0,0,0,0,0,0,,,0,0,0,0,0,0,0,0,0,0,,False,0,0,False,False,0.250802,,,,False,,,,,,False,False,
10-scale full normalized objective,10,lunar_ice_sp50_010_012_seed729072,B1A_full_universe_root_audit,accepted_B1,B1A_full_universe_root_audit,,288,288,True,BPC_GAP_AVAILABLE,BPC_NODE_LP_CERTIFIED,CERTIFIED_NO_NEGATIVE,True,b1_root_true_dual_pricing_closure,BPC_NODE_LP_CERTIFIED,1.999817,lunar_ice_bpc.normalized_additive_objective.v1,normalized_operating_cost_risk_weighted_completion,2525.615637,93.998385393,2462.792646717,960.0,False,1965.588464,75.571409,2571.098916,773.939998,3069.599439,0.778261124,0.803964969,1.043977015,0.806187498,1.999817,1.999817,False,1.999817,True,True,1,1,0,0,0,0,0,0,0,0,0,True,0,0,0,,0,0,True,True,0,,0,,False,0,,,,,,,,,,0,,0,0,0,0,0,0,0,0,0,0,,,0,0,0,0,0,0,0,0,0,0,,False,0,0,False,False,0.302208,,,,False,,,,,,False,False,
10-scale full normalized objective,10,lunar_ice_sp50_010_012_seed729072,B1B_seeded_root_CG,accepted_B1,B1B_seeded_root_CG,,12,288,False,BPC_GAP_AVAILABLE,BPC_NODE_LP_CERTIFIED,CERTIFIED_NO_NEGATIVE,True,b1_root_true_dual_pricing_closure,BPC_NODE_LP_CERTIFIED,1.999817,lunar_ice_bpc.normalized_additive_objective.v1,normalized_operating_cost_risk_weighted_completion,2525.615637,93.998385393,2462.792646717,960.0,False,1965.588464,75.571409,2571.098916,773.939998,3069.599439,0.778261124,0.803964969,1.043977015,0.806187498,1.999817,1.999817,False,1.999817,True,True,4,4,0,0,0,0,0,0,0,0,0,True,178,178,0,,0,0,True,True,0,,0,,False,0,,,,,,,,,,0,,0,0,0,0,0,0,0,0,0,0,,,0,0,0,0,0,0,0,0,0,0,,False,0,0,False,False,0.312576,,,,False,,,,,,False,False,
10-scale full normalized objective,10,lunar_ice_sp50_010_012_seed729072,B2_PRODUCT_EXACT_SOLVER,fixed_graph_direct_dp_product_exact,B2_PRODUCT_EXACT_SOLVER,,0,,False,DIRECT_DP_BASELINE_OPTIMAL,DIRECT_DP_FIXED_GRAPH_OPTIMAL,NOT_PRICED,False,,,1.999817,lunar_ice_bpc.normalized_additive_objective.v1,normalized_operating_cost_risk_weighted_completion,2525.615637,93.998385393,2462.792646717,960.0,False,1965.588464,75.571409,2571.098916,773.939998,3069.599439,0.778261124,0.803964969,1.043977015,0.806187498,1.999817,1.999817,False,,False,,0,0,0,0,0,0,0,0,0,0,0,True,0,0,0,,0,0,,,0,DIRECT_DP_FIXED_GRAPH_OPTIMAL,1,1.999817,True,1,,,,,,,,,,1268,,1268,0,0,288,0,12244,0,0,0,0,,,0,0,0,0,0,0,0,0,0,0,,False,0,0,False,False,1.3e-05,,,,False,,,,,,False,False,
10-scale full normalized objective,10,lunar_ice_sp50_010_012_seed729072,B2A_full_universe_rc_audit_fast_path,B1A_full_universe_root_audit,B2A_full_universe_rc_audit_fast_path,,288,288,True,BPC_GAP_AVAILABLE,BPC_NODE_LP_CERTIFIED,CERTIFIED_NO_NEGATIVE,True,b2a_full_universe_membership_rc_audit,BPC_NODE_LP_CERTIFIED,1.999817,lunar_ice_bpc.normalized_additive_objective.v1,normalized_operating_cost_risk_weighted_completion,2525.615637,93.998385393,2462.792646717,960.0,False,1965.588464,75.571409,2571.098916,773.939998,3069.599439,0.778261124,0.803964969,1.043977015,0.806187498,1.999817,1.999817,False,1.999817,True,True,1,0,0,0,0,0,0,0,0,0,0,True,0,0,0,,0,0,True,True,0,,0,,False,0,0.0,,,,,0.0,0.0,,,0,,0,0,0,0,0,0,0,0,0,0,0.0,0.0,0,0,0,0,0,0,0,0,0,0,,False,0,0,False,False,0.305813,,,,False,,,,,,False,False,"final_judge_call_count_lower,final_judge_wall_time_lower"
10-scale full normalized objective,10,lunar_ice_sp50_010_012_seed729072,B2B_seeded_tail_CG,B1B_seeded_root_CG,B2B_seeded_tail_CG,,12,288,False,BPC_GAP_AVAILABLE,BPC_NODE_LP_CERTIFIED,CERTIFIED_NO_NEGATIVE,True,b2b_true_dual_pricing_closure,BPC_NODE_LP_CERTIFIED,1.999817,lunar_ice_bpc.normalized_additive_objective.v1,normalized_operating_cost_risk_weighted_completion,2525.615637,93.998385393,2462.792646717,960.0,False,1965.588464,75.571409,2571.098916,773.939998,3069.599439,0.778261124,0.803964969,1.043977015,0.806187498,1.999817,1.999817,False,1.999817,True,True,3,3,154,154,0,0,0,0,0,128,128,True,128,128,0,,0,0,True,True,0,,0,,False,0,0.0,,,,,0.0,0.243267,,,0,,0,0,0,0,0,0,0,0,0,0,0.0,0.0,0,0,0,0,0,0,0,0,0,0,,False,0,0,False,False,0.998402,,,,False,,,,,,False,False,"final_judge_call_count_lower,pricing_round_count_lower,final_judge_wall_time_lower"
10-scale full normalized objective,10,lunar_ice_sp50_010_012_seed729072,B2B_R2_worker_before_final_judge,B1B_seeded_root_CG,B2B_R2_worker_before_final_judge,b2b_r2_lightweight_no_full_universe_enumeration,12,,False,BPC_GAP_AVAILABLE,BPC_NODE_LP_CERTIFIED,CERTIFIED_NO_NEGATIVE,True,b2b_r2_true_dual_final_judge_closure,BPC_NODE_LP_CERTIFIED,1.999817,lunar_ice_bpc.normalized_additive_objective.v1,normalized_operating_cost_risk_weighted_completion,2525.615637,93.998385393,2462.792646717,960.0,False,1965.588464,75.571409,2571.098916,773.939998,3069.599439,0.778261124,0.803964969,1.043977015,0.806187498,1.999817,1.999817,False,1.999817,True,True,6,3,162,162,0,0,0,0,0,159,159,True,105,105,0,,7,0,True,True,0,,0,,False,0,0.017738,LOCAL_NO_COLUMN_UNCERTIFIED,master.reduced_cost_context,B2B_R2_worker_before_final_judge-root-6,0c1a6fefe2f3550fd709982c5558921da6c2d3154cbf414ffc061bb0eb6ac311,0.381456,0.727809,0.049275,0.049275,7321,428,7321,84804,443645,746,1229,84804,0,0,0,0,0.0,0.0,255,110,0,1268,6,4,4,2,0,3,FINAL_JUDGE_CERTIFIED_NO_NEGATIVE,False,7321,0,False,True,1.138948,,,,False,,,,,,False,False,"final_judge_call_count_lower,time_to_first_addable_negative_available,worker_found_addable_negative"
10-scale full normalized objective,10,lunar_ice_sp50_010_012_seed729072,B2B_R3_true_dual_negative_search_worker,B1B_seeded_root_CG,B2B_R3_true_dual_negative_search_worker,b2b_r3_lightweight_no_full_universe_enumeration,12,,False,BPC_GAP_AVAILABLE,BPC_NODE_LP_CERTIFIED,CERTIFIED_NO_NEGATIVE,True,b2b_r3_true_dual_final_judge_closure,BPC_NODE_LP_CERTIFIED,1.999817,lunar_ice_bpc.normalized_additive_objective.v1,normalized_operating_cost_risk_weighted_completion,2525.615637,93.998385393,2462.792646717,960.0,False,1965.588464,75.571409,2571.098916,773.939998,3069.599439,0.778261124,0.803964969,1.043977015,0.806187498,1.999817,1.999817,False,1.999817,True,True,6,3,162,162,0,0,0,0,0,159,159,True,105,105,0,,7,0,True,True,0,,0,,False,0,0.019075,LOCAL_NO_COLUMN_UNCERTIFIED,master.reduced_cost_context,B2B_R3_true_dual_negative_search_worker-root-6,5447587814f45b41e0fa181a9b274b4d6003ace6c0e5b0fbefdd8efbf5e9997d,0.386671,0.74129,0.048449,0.048449,7321,428,7321,84804,443645,746,1229,84804,0,0,0,0,0.0,0.0,255,110,0,1268,6,4,4,2,0,3,FINAL_JUDGE_CERTIFIED_NO_NEGATIVE,False,7321,0,False,True,1.159918,,,,False,,,,,,False,False,"final_judge_call_count_lower,time_to_first_addable_negative_available,worker_found_addable_negative"
10-scale full normalized objective,10,lunar_ice_sp50_010_012_seed729072,B2C_limited_pricing_diagnostic,diagnostic_only_no_certificate,B2C_limited_pricing_diagnostic,,0,,False,BPC_INCOMPLETE_PRICING,DIAGNOSTIC_PRICING_FRONTIER,FOUND_NEGATIVE,False,,,1.999817,lunar_ice_bpc.normalized_additive_objective.v1,normalized_operating_cost_risk_weighted_completion,2525.615637,93.998385393,2462.792646717,960.0,False,1965.588464,75.571409,2571.098916,773.939998,3069.599439,0.778261124,0.803964969,1.043977015,0.806187498,1.999817,1.999817,False,,False,,0,0,2,0,0,0,0,0,0,0,0,True,0,0,0,,0,0,,,0,,0,,False,0,0.000231,,master.reduced_cost_context,B2C_limited_pricing_diagnostic-diagnostic-root,bdb8fa558a5d3daf73220a3045c8af9dd72acebf4d323e5e7e1cd059325a676f,0.724676,0.0,0.724676,,197,197,197,0,1031,4,4,137215,0,0,0,0,,,0,4,0,0,0,0,0,0,0,0,FOUND_NEGATIVE,False,0,0,False,False,0.728112,B2C_limited_pricing_diagnostic: limited pricing diagnostic cannot certify no-negative or provide an official bound.,,,False,,,,,,False,False,
10-scale full normalized objective,10,lunar_ice_sp50_010_012_seed729072,B2D_proof_tail_kernel_profile,diagnostic_only_no_certificate,B2D_proof_tail_kernel_profile,,0,,False,BPC_INCOMPLETE_PRICING,DIAGNOSTIC_PRICING_FRONTIER,FOUND_NEGATIVE,False,,,1.999817,lunar_ice_bpc.normalized_additive_objective.v1,normalized_operating_cost_risk_weighted_completion,2525.615637,93.998385393,2462.792646717,960.0,False,1965.588464,75.571409,2571.098916,773.939998,3069.599439,0.778261124,0.803964969,1.043977015,0.806187498,1.999817,1.999817,False,,False,,0,0,2,0,0,0,0,0,0,0,0,True,0,0,0,,0,0,,,0,,0,,False,0,0.000155,,master.reduced_cost_context,B2D_proof_tail_kernel_profile-diagnostic-root,961ccf6aa69b0cdaf5c9a33f16569bba32688c621512ab88ba934adadd118a46,0.727779,0.0,0.727779,,197,197,197,0,1031,4,4,137215,0,0,0,0,,,0,4,0,0,0,0,0,0,0,0,FOUND_NEGATIVE,False,0,0,False,True,0.731334,B2D_proof_tail_kernel_profile: limited pricing diagnostic cannot certify no-negative or provide an official bound.,,,False,,,,,,False,False,
10-scale full normalized objective,10,lunar_ice_sp50_010_006_seed729086,B0_pure_direct_dp,fixed_graph_direct_dp_oracle,B0_pure_direct_dp,,0,,False,DIRECT_DP_BASELINE_OPTIMAL,DIRECT_DP_FIXED_GRAPH_OPTIMAL,,False,,,2.070818,lunar_ice_bpc.normalized_additive_objective.v1,normalized_operating_cost_risk_weighted_completion,2531.981504,83.89587278,2266.589150193,960.0,False,2056.620432,70.293452,2383.858656,769.77801,3080.457346,0.812257289,0.837865436,1.051738316,0.801852094,2.070818,2.070818,False,,False,,0,0,0,0,0,0,0,0,0,0,0,True,0,0,0,,0,0,,,0,,0,,False,0,,,,,,,,,,0,,0,0,0,0,0,0,0,0,0,0,,,0,0,0,0,0,0,0,0,0,0,,False,0,0,False,False,0.155731,,,,False,,,,,,False,False,
10-scale full normalized objective,10,lunar_ice_sp50_010_006_seed729086,B1A_full_universe_root_audit,accepted_B1,B1A_full_universe_root_audit,,303,303,True,BPC_GAP_AVAILABLE,BPC_NODE_LP_CERTIFIED,CERTIFIED_NO_NEGATIVE,True,b1_root_true_dual_pricing_closure,BPC_NODE_LP_CERTIFIED,2.070818,lunar_ice_bpc.normalized_additive_objective.v1,normalized_operating_cost_risk_weighted_completion,2531.981504,83.89587278,2266.589150193,960.0,False,2056.620432,70.293452,2383.858656,769.77801,3080.457346,0.812257289,0.837865436,1.051738316,0.801852094,2.070818,2.070818,False,2.070818,True,True,1,1,0,0,0,0,0,0,0,0,0,True,0,0,0,,0,0,True,True,0,,0,,False,0,,,,,,,,,,0,,0,0,0,0,0,0,0,0,0,0,,,0,0,0,0,0,0,0,0,0,0,,False,0,0,False,False,0.234744,,,,False,,,,,,False,False,
10-scale full normalized objective,10,lunar_ice_sp50_010_006_seed729086,B1B_seeded_root_CG,accepted_B1,B1B_seeded_root_CG,,12,303,False,BPC_GAP_AVAILABLE,BPC_NODE_LP_CERTIFIED,CERTIFIED_NO_NEGATIVE,True,b1_root_true_dual_pricing_closure,BPC_NODE_LP_CERTIFIED,2.070818,lunar_ice_bpc.normalized_additive_objective.v1,normalized_operating_cost_risk_weighted_completion,2531.981504,83.89587278,2266.589150193,960.0,False,2056.620432,70.293452,2383.858656,769.77801,3080.457346,0.812257289,0.837865436,1.051738316,0.801852094,2.070818,2.070818,False,2.070818,True,True,3,3,0,0,0,0,0,0,0,0,0,True,228,228,0,,0,0,True,True,0,,0,,False,0,,,,,,,,,,0,,0,0,0,0,0,0,0,0,0,0,,,0,0,0,0,0,0,0,0,0,0,,False,0,0,False,False,0.227566,,,,False,,,,,,False,False,
10-scale full normalized objective,10,lunar_ice_sp50_010_006_seed729086,B2_PRODUCT_EXACT_SOLVER,fixed_graph_direct_dp_product_exact,B2_PRODUCT_EXACT_SOLVER,,0,,False,DIRECT_DP_BASELINE_OPTIMAL,DIRECT_DP_FIXED_GRAPH_OPTIMAL,NOT_PRICED,False,,,2.070818,lunar_ice_bpc.normalized_additive_objective.v1,normalized_operating_cost_risk_weighted_completion,2531.981504,83.89587278,2266.589150193,960.0,False,2056.620432,70.293452,2383.858656,769.77801,3080.457346,0.812257289,0.837865436,1.051738316,0.801852094,2.070818,2.070818,False,,False,,0,0,0,0,0,0,0,0,0,0,0,True,0,0,0,,0,0,,,0,DIRECT_DP_FIXED_GRAPH_OPTIMAL,1,2.070818,True,1,,,,,,,,,,900,,900,0,0,303,0,5667,0,0,0,0,,,0,0,0,0,0,0,0,0,0,0,,False,0,0,False,False,1.5e-05,,,,False,,,,,,False,False,
10-scale full normalized objective,10,lunar_ice_sp50_010_006_seed729086,B2A_full_universe_rc_audit_fast_path,B1A_full_universe_root_audit,B2A_full_universe_rc_audit_fast_path,,303,303,True,BPC_GAP_AVAILABLE,BPC_NODE_LP_CERTIFIED,CERTIFIED_NO_NEGATIVE,True,b2a_full_universe_membership_rc_audit,BPC_NODE_LP_CERTIFIED,2.070818,lunar_ice_bpc.normalized_additive_objective.v1,normalized_operating_cost_risk_weighted_completion,2531.981504,83.89587278,2266.589150193,960.0,False,2056.620432,70.293452,2383.858656,769.77801,3080.457346,0.812257289,0.837865436,1.051738316,0.801852094,2.070818,2.070818,False,2.070818,True,True,1,0,0,0,0,0,0,0,0,0,0,True,0,0,0,,0,0,True,True,0,,0,,False,0,0.0,,,,,0.0,0.0,,,0,,0,0,0,0,0,0,0,0,0,0,0.0,0.0,0,0,0,0,0,0,0,0,0,0,,False,0,0,False,False,0.229123,,,,False,,,,,,False,False,"wall_time_lower,final_judge_call_count_lower,final_judge_wall_time_lower"
10-scale full normalized objective,10,lunar_ice_sp50_010_006_seed729086,B2B_seeded_tail_CG,B1B_seeded_root_CG,B2B_seeded_tail_CG,,12,303,False,BPC_GAP_AVAILABLE,BPC_NODE_LP_CERTIFIED,CERTIFIED_NO_NEGATIVE,True,b2b_true_dual_pricing_closure,BPC_NODE_LP_CERTIFIED,2.070818,lunar_ice_bpc.normalized_additive_objective.v1,normalized_operating_cost_risk_weighted_completion,2531.981504,83.89587278,2266.589150193,960.0,False,2056.620432,70.293452,2383.858656,769.77801,3080.457346,0.812257289,0.837865436,1.051738316,0.801852094,2.070818,2.070818,False,2.070818,True,True,5,5,207,207,0,0,0,0,0,137,137,True,137,137,0,,0,0,True,True,0,,0,,False,0,0.0,,,,,0.0,0.15914,,,0,,0,0,0,0,0,0,0,0,0,0,0.0,0.0,0,0,0,0,0,0,0,0,0,0,,False,0,0,False,False,1.008198,,,,False,,,,,,False,False,final_judge_wall_time_lower
10-scale full normalized objective,10,lunar_ice_sp50_010_006_seed729086,B2B_R2_worker_before_final_judge,B1B_seeded_root_CG,B2B_R2_worker_before_final_judge,b2b_r2_lightweight_no_full_universe_enumeration,12,,False,BPC_GAP_AVAILABLE,BPC_NODE_LP_CERTIFIED,CERTIFIED_NO_NEGATIVE,True,b2b_r2_true_dual_final_judge_closure,BPC_NODE_LP_CERTIFIED,2.070818,lunar_ice_bpc.normalized_additive_objective.v1,normalized_operating_cost_risk_weighted_completion,2531.981504,83.89587278,2266.589150193,960.0,False,2056.620432,70.293452,2383.858656,769.77801,3080.457346,0.812257289,0.837865436,1.051738316,0.801852094,2.070818,2.070818,False,2.070818,True,True,5,3,217,217,0,0,0,0,0,197,197,True,141,141,0,,118,0,True,True,0,,0,,False,0,0.034723,LOCAL_NO_COLUMN_UNCERTIFIED,master.reduced_cost_context,B2B_R2_worker_before_final_judge-root-5,94d44328f63bc7f4c89d038ebc54990927eb42aa7dc00550f48400cf858fc7ee,0.329984,0.469225,0.06594,0.06594,5989,467,5989,63856,355056,699,1214,63856,0,0,0,0,0.0,0.0,213,92,0,900,5,2,2,3,0,2,FINAL_JUDGE_CERTIFIED_NO_NEGATIVE,False,5989,0,False,True,0.848388,,,,False,,,,,,False,False,"time_to_first_addable_negative_available,worker_found_addable_negative"
10-scale full normalized objective,10,lunar_ice_sp50_010_006_seed729086,B2B_R3_true_dual_negative_search_worker,B1B_seeded_root_CG,B2B_R3_true_dual_negative_search_worker,b2b_r3_lightweight_no_full_universe_enumeration,12,,False,BPC_GAP_AVAILABLE,BPC_NODE_LP_CERTIFIED,CERTIFIED_NO_NEGATIVE,True,b2b_r3_true_dual_final_judge_closure,BPC_NODE_LP_CERTIFIED,2.070818,lunar_ice_bpc.normalized_additive_objective.v1,normalized_operating_cost_risk_weighted_completion,2531.981504,83.89587278,2266.589150193,960.0,False,2056.620432,70.293452,2383.858656,769.77801,3080.457346,0.812257289,0.837865436,1.051738316,0.801852094,2.070818,2.070818,False,2.070818,True,True,5,3,217,217,0,0,0,0,0,197,197,True,141,141,0,,118,0,True,True,0,,0,,False,0,0.036232,LOCAL_NO_COLUMN_UNCERTIFIED,master.reduced_cost_context,B2B_R3_true_dual_negative_search_worker-root-5,a3fc17dabf6a119c8fb5e3a86b0b0b417b4265699bdab098c48615614b5fb8be,0.337073,0.467659,0.0667,0.0667,5989,467,5989,63856,355056,699,1214,63856,0,0,0,0,0.0,0.0,213,92,0,900,5,2,2,3,0,2,FINAL_JUDGE_CERTIFIED_NO_NEGATIVE,False,5989,0,False,True,0.858972,,,,False,,,,,,False,False,"time_to_first_addable_negative_available,worker_found_addable_negative"
10-scale full normalized objective,10,lunar_ice_sp50_010_006_seed729086,B2C_limited_pricing_diagnostic,diagnostic_only_no_certificate,B2C_limited_pricing_diagnostic,,0,,False,BPC_INCOMPLETE_PRICING,DIAGNOSTIC_PRICING_FRONTIER,FOUND_NEGATIVE,False,,,2.070818,lunar_ice_bpc.normalized_additive_objective.v1,normalized_operating_cost_risk_weighted_completion,2531.981504,83.89587278,2266.589150193,960.0,False,2056.620432,70.293452,2383.858656,769.77801,3080.457346,0.812257289,0.837865436,1.051738316,0.801852094,2.070818,2.070818,False,,False,,0,0,2,0,0,0,0,0,0,0,0,True,0,0,0,,0,0,,,0,,0,,False,0,0.000166,,master.reduced_cost_context,B2C_limited_pricing_diagnostic-diagnostic-root,fc565123ed6c98b17673a7c5c9580566d2666af0b898fd1538680c5686e7860a,0.627412,0.0,0.627412,,209,209,209,0,1555,5,4,114108,0,0,0,0,,,0,4,0,0,0,0,0,0,0,0,FOUND_NEGATIVE,False,0,0,False,False,0.631017,B2C_limited_pricing_diagnostic: limited pricing diagnostic cannot certify no-negative or provide an official bound.,,,False,,,,,,False,False,
10-scale full normalized objective,10,lunar_ice_sp50_010_006_seed729086,B2D_proof_tail_kernel_profile,diagnostic_only_no_certificate,B2D_proof_tail_kernel_profile,,0,,False,BPC_INCOMPLETE_PRICING,DIAGNOSTIC_PRICING_FRONTIER,FOUND_NEGATIVE,False,,,2.070818,lunar_ice_bpc.normalized_additive_objective.v1,normalized_operating_cost_risk_weighted_completion,2531.981504,83.89587278,2266.589150193,960.0,False,2056.620432,70.293452,2383.858656,769.77801,3080.457346,0.812257289,0.837865436,1.051738316,0.801852094,2.070818,2.070818,False,,False,,0,0,2,0,0,0,0,0,0,0,0,True,0,0,0,,0,0,,,0,,0,,False,0,0.000155,,master.reduced_cost_context,B2D_proof_tail_kernel_profile-diagnostic-root,bffb09176657f61603b96c091d14925594d35ca6b5f117cf4037b7175dea2631,0.623385,0.0,0.623385,,209,209,209,0,1555,5,4,114108,0,0,0,0,,,0,4,0,0,0,0,0,0,0,0,FOUND_NEGATIVE,False,0,0,False,True,0.626793,B2D_proof_tail_kernel_profile: limited pricing diagnostic cannot certify no-negative or provide an official bound.,,,False,,,,,,False,False,
10-scale full normalized objective,10,lunar_ice_sp50_010_018_seed729118,B0_pure_direct_dp,fixed_graph_direct_dp_oracle,B0_pure_direct_dp,,0,,False,DIRECT_DP_BASELINE_OPTIMAL,DIRECT_DP_FIXED_GRAPH_OPTIMAL,,False,,,1.802011,lunar_ice_bpc.normalized_additive_objective.v1,normalized_operating_cost_risk_weighted_completion,2576.465136,93.169363757,2485.141811788,960.0,False,1754.553931,64.950092,2633.624977,779.099053,2872.954014,0.680992693,0.697118553,1.059748367,0.811561514,1.802011,1.802011,False,,False,,0,0,0,0,0,0,0,0,0,0,0,True,0,0,0,,0,0,,,0,,0,,False,0,,,,,,,,,,0,,0,0,0,0,0,0,0,0,0,0,,,0,0,0,0,0,0,0,0,0,0,,False,0,0,False,False,0.265344,,,,False,,,,,,False,False,
10-scale full normalized objective,10,lunar_ice_sp50_010_018_seed729118,B1A_full_universe_root_audit,accepted_B1,B1A_full_universe_root_audit,,318,318,True,BPC_GAP_AVAILABLE,BPC_NODE_LP_CERTIFIED,CERTIFIED_NO_NEGATIVE,True,b1_root_true_dual_pricing_closure,BPC_NODE_LP_CERTIFIED,1.802011,lunar_ice_bpc.normalized_additive_objective.v1,normalized_operating_cost_risk_weighted_completion,2576.465136,93.169363757,2485.141811788,960.0,False,1754.553931,64.950092,2633.624977,779.099053,2872.954014,0.680992693,0.697118553,1.059748367,0.811561514,1.802011,1.802011,False,1.802011,True,True,1,1,0,0,0,0,0,0,0,0,0,True,0,0,0,,0,0,True,True,0,,0,,False,0,,,,,,,,,,0,,0,0,0,0,0,0,0,0,0,0,,,0,0,0,0,0,0,0,0,0,0,,False,0,0,False,False,0.318207,,,,False,,,,,,False,False,
10-scale full normalized objective,10,lunar_ice_sp50_010_018_seed729118,B1B_seeded_root_CG,accepted_B1,B1B_seeded_root_CG,,12,318,False,BPC_GAP_AVAILABLE,BPC_NODE_LP_CERTIFIED,CERTIFIED_NO_NEGATIVE,True,b1_root_true_dual_pricing_closure,BPC_NODE_LP_CERTIFIED,1.802011,lunar_ice_bpc.normalized_additive_objective.v1,normalized_operating_cost_risk_weighted_completion,2576.465136,93.169363757,2485.141811788,960.0,False,1754.553931,64.950092,2633.624977,779.099053,2872.954014,0.680992693,0.697118553,1.059748367,0.811561514,1.802011,1.802011,False,1.802011,True,True,3,3,0,0,0,0,0,0,0,0,0,True,129,129,0,,0,0,True,True,0,,0,,False,0,,,,,,,,,,0,,0,0,0,0,0,0,0,0,0,0,,,0,0,0,0,0,0,0,0,0,0,,False,0,0,False,False,0.286022,,,,False,,,,,,False,False,
10-scale full normalized objective,10,lunar_ice_sp50_010_018_seed729118,B2_PRODUCT_EXACT_SOLVER,fixed_graph_direct_dp_product_exact,B2_PRODUCT_EXACT_SOLVER,,0,,False,DIRECT_DP_BASELINE_OPTIMAL,DIRECT_DP_FIXED_GRAPH_OPTIMAL,NOT_PRICED,False,,,1.802011,lunar_ice_bpc.normalized_additive_objective.v1,normalized_operating_cost_risk_weighted_completion,2576.465136,93.169363757,2485.141811788,960.0,False,1754.553931,64.950092,2633.624977,779.099053,2872.954014,0.680992693,0.697118553,1.059748367,0.811561514,1.802011,1.802011,False,,False,,0,0,0,0,0,0,0,0,0,0,0,True,0,0,0,,0,0,,,0,DIRECT_DP_FIXED_GRAPH_OPTIMAL,1,1.802011,True,1,,,,,,,,,,880,,880,0,0,318,0,11598,0,0,0,0,,,0,0,0,0,0,0,0,0,0,0,,False,0,0,False,False,1.1e-05,,,,False,,,,,,False,False,
10-scale full normalized objective,10,lunar_ice_sp50_010_018_seed729118,B2A_full_universe_rc_audit_fast_path,B1A_full_universe_root_audit,B2A_full_universe_rc_audit_fast_path,,318,318,True,BPC_GAP_AVAILABLE,BPC_NODE_LP_CERTIFIED,CERTIFIED_NO_NEGATIVE,True,b2a_full_universe_membership_rc_audit,BPC_NODE_LP_CERTIFIED,1.802011,lunar_ice_bpc.normalized_additive_objective.v1,normalized_operating_cost_risk_weighted_completion,2576.465136,93.169363757,2485.141811788,960.0,False,1754.553931,64.950092,2633.624977,779.099053,2872.954014,0.680992693,0.697118553,1.059748367,0.811561514,1.802011,1.802011,False,1.802011,True,True,1,0,0,0,0,0,0,0,0,0,0,True,0,0,0,,0,0,True,True,0,,0,,False,0,0.0,,,,,0.0,0.0,,,0,,0,0,0,0,0,0,0,0,0,0,0.0,0.0,0,0,0,0,0,0,0,0,0,0,,False,0,0,False,False,0.315535,,,,False,,,,,,False,False,"wall_time_lower,final_judge_call_count_lower,final_judge_wall_time_lower"
10-scale full normalized objective,10,lunar_ice_sp50_010_018_seed729118,B2B_seeded_tail_CG,B1B_seeded_root_CG,B2B_seeded_tail_CG,,12,318,False,BPC_GAP_AVAILABLE,BPC_NODE_LP_CERTIFIED,CERTIFIED_NO_NEGATIVE,True,b2b_true_dual_pricing_closure,BPC_NODE_LP_CERTIFIED,1.802011,lunar_ice_bpc.normalized_additive_objective.v1,normalized_operating_cost_risk_weighted_completion,2576.465136,93.169363757,2485.141811788,960.0,False,1754.553931,64.950092,2633.624977,779.099053,2872.954014,0.680992693,0.697118553,1.059748367,0.811561514,1.802011,1.802011,False,1.802011,True,True,4,4,135,135,0,0,0,0,0,117,117,True,117,117,0,,0,0,True,True,0,,0,,False,0,0.0,,,,,0.0,0.253586,,,0,,0,0,0,0,0,0,0,0,0,0,0.0,0.0,0,0,0,0,0,0,0,0,0,0,,False,0,0,False,False,1.317436,,,,False,,,,,,False,False,final_judge_wall_time_lower
10-scale full normalized objective,10,lunar_ice_sp50_010_018_seed729118,B2B_R2_worker_before_final_judge,B1B_seeded_root_CG,B2B_R2_worker_before_final_judge,b2b_r2_lightweight_no_full_universe_enumeration,12,,False,BPC_GAP_AVAILABLE,BPC_NODE_LP_CERTIFIED,CERTIFIED_NO_NEGATIVE,True,b2b_r2_true_dual_final_judge_closure,BPC_NODE_LP_CERTIFIED,1.802011,lunar_ice_bpc.normalized_additive_objective.v1,normalized_operating_cost_risk_weighted_completion,2576.465136,93.169363757,2485.141811788,960.0,False,1754.553931,64.950092,2633.624977,779.099053,2872.954014,0.680992693,0.697118553,1.059748367,0.811561514,1.802011,1.802011,False,1.802011,True,True,7,4,144,144,0,0,0,0,0,144,144,True,91,91,0,,50,0,True,True,0,,0,,False,0,0.015537,LOCAL_NO_COLUMN_UNCERTIFIED,master.reduced_cost_context,B2B_R2_worker_before_final_judge-root-7,18f4add91db2cf89c075839160dc2858f0ee246ed9a141afc6250f999b2d948c,0.575161,1.031931,0.073343,0.073343,8468,491,8468,116240,665455,877,1708,116240,0,0,0,0,0.0,0.0,331,105,0,880,7,3,3,4,0,3,FINAL_JUDGE_CERTIFIED_NO_NEGATIVE,False,8468,0,False,True,1.636027,,,,False,,,,,,False,False,"time_to_first_addable_negative_available,worker_found_addable_negative"
10-scale full normalized objective,10,lunar_ice_sp50_010_018_seed729118,B2B_R3_true_dual_negative_search_worker,B1B_seeded_root_CG,B2B_R3_true_dual_negative_search_worker,b2b_r3_lightweight_no_full_universe_enumeration,12,,False,BPC_GAP_AVAILABLE,BPC_NODE_LP_CERTIFIED,CERTIFIED_NO_NEGATIVE,True,b2b_r3_true_dual_final_judge_closure,BPC_NODE_LP_CERTIFIED,1.802011,lunar_ice_bpc.normalized_additive_objective.v1,normalized_operating_cost_risk_weighted_completion,2576.465136,93.169363757,2485.141811788,960.0,False,1754.553931,64.950092,2633.624977,779.099053,2872.954014,0.680992693,0.697118553,1.059748367,0.811561514,1.802011,1.802011,False,1.802011,True,True,7,4,144,144,0,0,0,0,0,144,144,True,91,91,0,,50,0,True,True,0,,0,,False,0,0.015862,LOCAL_NO_COLUMN_UNCERTIFIED,master.reduced_cost_context,B2B_R3_true_dual_negative_search_worker-root-7,2ec51ce2e0e8fd2dc33bc485fa264fef16fe8da4fceafc94c49e1f17383230ce,0.57715,1.05165,0.077408,0.077408,8468,491,8468,116240,665455,877,1708,116240,0,0,0,0,0.0,0.0,331,105,0,880,7,3,3,4,0,3,FINAL_JUDGE_CERTIFIED_NO_NEGATIVE,False,8468,0,False,True,1.656718,,,,False,,,,,,False,False,"time_to_first_addable_negative_available,worker_found_addable_negative"
10-scale full normalized objective,10,lunar_ice_sp50_010_018_seed729118,B2C_limited_pricing_diagnostic,diagnostic_only_no_certificate,B2C_limited_pricing_diagnostic,,0,,False,BPC_INCOMPLETE_PRICING,DIAGNOSTIC_PRICING_FRONTIER,FOUND_NEGATIVE,False,,,1.802011,lunar_ice_bpc.normalized_additive_objective.v1,normalized_operating_cost_risk_weighted_completion,2576.465136,93.169363757,2485.141811788,960.0,False,1754.553931,64.950092,2633.624977,779.099053,2872.954014,0.680992693,0.697118553,1.059748367,0.811561514,1.802011,1.802011,False,,False,,0,0,5,0,0,0,0,0,0,0,0,True,0,0,0,,0,0,,,0,,0,,False,0,0.000187,,master.reduced_cost_context,B2C_limited_pricing_diagnostic-diagnostic-root,eff02c91ee16e4122d9cb38ee733e1c2d9b42d64448536cf0f14d8fea4659e86,0.97505,0.0,0.97505,,384,384,384,0,1664,7,6,175493,0,0,0,0,,,0,6,0,0,0,0,0,0,0,0,FOUND_NEGATIVE,False,0,0,False,False,0.978654,B2C_limited_pricing_diagnostic: limited pricing diagnostic cannot certify no-negative or provide an official bound.,,,False,,,,,,False,False,
10-scale full normalized objective,10,lunar_ice_sp50_010_018_seed729118,B2D_proof_tail_kernel_profile,diagnostic_only_no_certificate,B2D_proof_tail_kernel_profile,,0,,False,BPC_INCOMPLETE_PRICING,DIAGNOSTIC_PRICING_FRONTIER,FOUND_NEGATIVE,False,,,1.802011,lunar_ice_bpc.normalized_additive_objective.v1,normalized_operating_cost_risk_weighted_completion,2576.465136,93.169363757,2485.141811788,960.0,False,1754.553931,64.950092,2633.624977,779.099053,2872.954014,0.680992693,0.697118553,1.059748367,0.811561514,1.802011,1.802011,False,,False,,0,0,5,0,0,0,0,0,0,0,0,True,0,0,0,,0,0,,,0,,0,,False,0,0.000164,,master.reduced_cost_context,B2D_proof_tail_kernel_profile-diagnostic-root,a69a0e0b56006acb9b1648d8d0553e77c5999870803d6f6a9cb3abc5aeedbf25,0.97593,0.0,0.97593,,384,384,384,0,1664,7,6,175493,0,0,0,0,,,0,6,0,0,0,0,0,0,0,0,FOUND_NEGATIVE,False,0,0,False,True,0.979427,B2D_proof_tail_kernel_profile: limited pricing diagnostic cannot certify no-negative or provide an official bound.,,,False,,,,,,False,False,
