开始 clean BPC: instance=bench_20_01, tasks=20, vehicles=2, time_limit=3600s, max_nodes=100000, log=/home/kai/work/gnn_bb/branchpricecut/results/benchmark/20260519_212238_bpc_clean_routepack_diag_20_01_03/logs/bpc_clean_full/bench_20_01.jsonl
[clean-BPC    19.81s] incumbent node 0: obj=328.04715
[clean-BPC    19.81s] start: {'time': 19.807788, 'event': 'start', 'instance': 'bench_20_01', 'tasks': 20, 'vehicles': 2, 'initial_routes': 25, 'initial_incumbent': 328.04715, 'task_vehicle_linking_enabled': True, 'schedule_capacity_cuts_enabled': True}
[clean-BPC    19.81s] node 0 d=0 lb=0.0 open=0
[clean-BPC    19.89s] node 0 cg=1 phase=phase1 obj=0.0 artificial=0.0 cols=25
[clean-BPC    19.89s] node 0 cg=2 phase=phase2 obj=228.04715 artificial=0.0 cols=25
[clean-BPC    29.82s] node 0 cg=2 phase=phase2 kind=heuristic best_rc=-46.414314 found=292519 added=600 exhausted=False cert=False
[clean-BPC    29.85s] node 0 cg=3 phase=phase2 obj=228.04715 artificial=0.0 cols=625
[clean-BPC    33.11s] node 0 cg=3 phase=phase2 kind=heuristic best_rc=-12.359809 found=23162 added=600 exhausted=False cert=False
[clean-BPC    33.16s] node 0 cg=4 phase=phase2 obj=228.04715 artificial=0.0 cols=1225
[clean-BPC    36.07s] node 0 cg=4 phase=phase2 kind=heuristic best_rc=-7.23514 found=1475 added=600 exhausted=False cert=False
[clean-BPC    36.14s] node 0 cg=5 phase=phase2 obj=225.644714 artificial=0.0 cols=1825
[clean-BPC    39.12s] node 0 cg=5 phase=phase2 kind=heuristic best_rc=-4.049383 found=123 added=123 exhausted=False cert=False
[clean-BPC    39.19s] node 0 cg=6 phase=phase2 obj=224.952684 artificial=0.0 cols=1948
[clean-BPC    42.19s] node 0 cg=6 phase=phase2 kind=heuristic best_rc=-0.0 found=0 added=0 exhausted=False cert=False
[clean-BPC    48.84s] node 0 cg=6 phase=phase2 kind=exact best_rc=-0.0 found=0 added=0 exhausted=True cert=True
[clean-BPC    49.92s] cut_added family=crossing_cut node=0 added=4 upgraded=0 first={'id': 0, 'tasks': [11, 16, 19, 20], 'demand': 10.0, 'capacity_bound': 2, 'resource_bound': 1, 'k_bound': 2, 'rhs': 4.0, 'source': 'capacity', 'violation': 1.0, 'action': 'add'}
[clean-BPC    50.04s] node 0 cg=7 phase=phase2 obj=225.501308 artificial=0.0 cols=1948
[clean-BPC    53.63s] node 0 cg=7 phase=phase2 kind=heuristic best_rc=-1.215356667 found=27 added=27 exhausted=False cert=False
[clean-BPC    53.74s] node 0 cg=8 phase=phase2 obj=225.403174 artificial=0.0 cols=1975
[clean-BPC    57.30s] node 0 cg=8 phase=phase2 kind=heuristic best_rc=-0.0 found=0 added=0 exhausted=False cert=False
[clean-BPC    66.94s] node 0 cg=8 phase=phase2 kind=exact best_rc=-0.0 found=0 added=0 exhausted=True cert=True
[clean-BPC    68.21s] cut_added family=crossing_cut node=0 added=5 upgraded=0 first={'id': 4, 'tasks': [8, 14, 15, 17], 'demand': 10.0, 'capacity_bound': 2, 'resource_bound': 1, 'k_bound': 2, 'rhs': 4.0, 'source': 'capacity', 'violation': 0.857142857, 'action': 'add'}
[clean-BPC    68.36s] node 0 cg=9 phase=phase2 obj=225.616858 artificial=0.0 cols=1975
[clean-BPC    72.36s] node 0 cg=9 phase=phase2 kind=heuristic best_rc=-0.0 found=0 added=0 exhausted=False cert=False
[clean-BPC    85.89s] node 0 cg=9 phase=phase2 kind=exact best_rc=-0.0 found=0 added=0 exhausted=True cert=True
[clean-BPC    87.04s] cut_added family=crossing_cut node=0 added=2 upgraded=0 first={'id': 9, 'tasks': [3, 6, 16, 18, 19, 20], 'demand': 10.0, 'capacity_bound': 2, 'resource_bound': 1, 'k_bound': 2, 'rhs': 4.0, 'source': 'capacity', 'violation': 0.666666667, 'action': 'add'}
[clean-BPC    87.19s] node 0 cg=10 phase=phase2 obj=225.761901 artificial=0.0 cols=1975
[clean-BPC    91.27s] node 0 cg=10 phase=phase2 kind=heuristic best_rc=-0.504441667 found=4 added=4 exhausted=False cert=False
[clean-BPC    91.43s] node 0 cg=11 phase=phase2 obj=225.761901 artificial=0.0 cols=1979
[clean-BPC    95.52s] node 0 cg=11 phase=phase2 kind=heuristic best_rc=-0.0 found=0 added=0 exhausted=False cert=False
[clean-BPC   117.40s] node 0 cg=11 phase=phase2 kind=exact best_rc=-0.0 found=0 added=0 exhausted=True cert=True
[clean-BPC   117.42s] route-pack diag node 0 round=1 vehicles=2/2 support_max=8 cand=30 oracle=30 incomplete=0 not_tight=12 not_viol=17 dup=0 violated=1 added=1 max_viol=0.1666666666666683 states_max=1112
[clean-BPC   117.42s] cut_added family=schedule_route_set_packing node=0 added=1 first(vehicle=2, routes=7, U=4, y=0.5, viol=0.166666667, states=507)
[clean-BPC   117.58s] node 0 cg=12 phase=phase2 obj=225.761901 artificial=0.0 cols=1979
[clean-BPC   121.69s] node 0 cg=12 phase=phase2 kind=heuristic best_rc=0.0 found=0 added=0 exhausted=False cert=False
[clean-BPC   145.08s] node 0 cg=12 phase=phase2 kind=exact best_rc=-0.0 found=0 added=0 exhausted=True cert=True
[clean-BPC   145.11s] route-pack diag node 0 round=2 vehicles=2/2 support_max=8 cand=30 oracle=30 incomplete=0 not_tight=11 not_viol=18 dup=0 violated=1 added=1 max_viol=0.16666666666666696 states_max=1138
[clean-BPC   145.11s] cut_added family=schedule_route_set_packing node=0 added=1 first(vehicle=2, routes=7, U=4, y=0.5, viol=0.166666667, states=548)
[clean-BPC   145.27s] node 0 cg=13 phase=phase2 obj=225.761901 artificial=0.0 cols=1979
[clean-BPC   149.43s] node 0 cg=13 phase=phase2 kind=heuristic best_rc=0.0 found=0 added=0 exhausted=False cert=False
[clean-BPC   172.72s] node 0 cg=13 phase=phase2 kind=exact best_rc=-0.0 found=0 added=0 exhausted=True cert=True
[clean-BPC   172.73s] node 0 schedule-cap candidates={'1': 340, '2': 343}
[clean-BPC   191.17s] incumbent node 0: obj=226.210886
[clean-BPC     0.45s] restricted-MIP node 0 status=OPTIMAL obj=226.210886 accepted=True routes=1979 rejected=0 pair=0 ng=0 sched_cap=0 added_cuts=0 time=0.453741
[clean-BPC   193.93s] branch node 0: left=task_vehicle(13,2)=off right=task_vehicle(13,2)=on
[clean-BPC   193.93s] node 1 d=1 lb=225.761901 open=1
[clean-BPC   194.06s] node 1 cg=1 phase=phase1 obj=0.0 artificial=0.0 cols=1979
[clean-BPC   194.21s] node 1 cg=2 phase=phase2 obj=225.761901 artificial=0.0 cols=1979
[clean-BPC   198.21s] node 1 cg=2 phase=phase2 kind=heuristic best_rc=0.0 found=0 added=0 exhausted=False cert=False
[clean-BPC   217.23s] node 1 cg=2 phase=phase2 kind=heuristic_boost best_rc=-0.131234333 found=4 added=4 exhausted=True cert=True
[clean-BPC   217.36s] node 1 cg=3 phase=phase2 obj=225.761901 artificial=0.0 cols=1983
[clean-BPC   221.48s] node 1 cg=3 phase=phase2 kind=heuristic best_rc=-0.0 found=0 added=0 exhausted=False cert=False
[clean-BPC   240.22s] node 1 cg=3 phase=phase2 kind=heuristic_boost best_rc=-1.374787333 found=17 added=17 exhausted=True cert=True
[clean-BPC   240.36s] node 1 cg=4 phase=phase2 obj=225.761901 artificial=0.0 cols=2000
[clean-BPC   244.48s] node 1 cg=4 phase=phase2 kind=heuristic best_rc=-0.0 found=0 added=0 exhausted=False cert=False
[clean-BPC   262.77s] node 1 cg=4 phase=phase2 kind=heuristic_boost best_rc=-0.213040222 found=2 added=2 exhausted=True cert=True
[clean-BPC   262.92s] node 1 cg=5 phase=phase2 obj=225.761901 artificial=0.0 cols=2002
[clean-BPC   267.05s] node 1 cg=5 phase=phase2 kind=heuristic best_rc=-0.0 found=0 added=0 exhausted=False cert=False
[clean-BPC   285.95s] node 1 cg=5 phase=phase2 kind=heuristic_boost best_rc=-0.005496833 found=2 added=2 exhausted=True cert=True
[clean-BPC   286.09s] node 1 cg=6 phase=phase2 obj=225.761901 artificial=0.0 cols=2004
[clean-BPC   290.28s] node 1 cg=6 phase=phase2 kind=heuristic best_rc=-0.0 found=0 added=0 exhausted=False cert=False
[clean-BPC   311.44s] node 1 cg=6 phase=phase2 kind=heuristic_boost best_rc=-0.0 found=0 added=0 exhausted=True cert=True
[clean-BPC   311.44s] route-pack diag node 1 round=1 vehicles=1/2 support_max=8 cand=16 oracle=16 incomplete=0 not_tight=6 not_viol=9 dup=0 violated=1 added=1 max_viol=0.33333333333333304 states_max=1138
[clean-BPC   311.44s] cut_added family=schedule_route_set_packing node=1 added=1 first(vehicle=1, routes=7, U=4, y=1.0, viol=0.333333333, states=548)
[clean-BPC   311.58s] node 1 cg=7 phase=phase2 obj=225.761901 artificial=0.0 cols=2004
[clean-BPC   315.67s] node 1 cg=7 phase=phase2 kind=heuristic best_rc=-0.0 found=0 added=0 exhausted=False cert=False
[clean-BPC   332.88s] node 1 cg=7 phase=phase2 kind=heuristic_boost best_rc=-0.0 found=0 added=0 exhausted=True cert=True
[clean-BPC   332.89s] route-pack diag node 1 round=2 vehicles=1/2 support_max=8 cand=16 oracle=16 incomplete=0 not_tight=6 not_viol=9 dup=0 violated=1 added=1 max_viol=0.3333333333333339 states_max=963
[clean-BPC   332.89s] cut_added family=schedule_route_set_packing node=1 added=1 first(vehicle=1, routes=7, U=4, y=1.0, viol=0.333333333, states=556)
[clean-BPC   333.03s] node 1 cg=8 phase=phase2 obj=225.761901 artificial=0.0 cols=2004
[clean-BPC   337.14s] node 1 cg=8 phase=phase2 kind=heuristic best_rc=-0.0 found=0 added=0 exhausted=False cert=False
[clean-BPC   354.20s] node 1 cg=8 phase=phase2 kind=heuristic_boost best_rc=-0.0 found=0 added=0 exhausted=True cert=True
[clean-BPC     0.38s] restricted-MIP node 1 status=OPTIMAL obj=226.210886 accepted=False routes=2004 rejected=0 pair=0 ng=0 sched_cap=0 added_cuts=0 time=0.381201
[clean-BPC   356.98s] branch node 1: left=RF(12,17)=separate right=RF(12,17)=same
[clean-BPC   356.98s] node 2 d=1 lb=225.761901 open=2
[clean-BPC   357.12s] node 2 cg=1 phase=phase1 obj=0.0 artificial=0.0 cols=2004
[clean-BPC   357.26s] node 2 cg=2 phase=phase2 obj=325.761901 artificial=0.0 cols=2004
[clean-BPC   361.14s] node 2 cg=2 phase=phase2 kind=heuristic best_rc=-0.0 found=0 added=0 exhausted=False cert=False
[clean-BPC   378.18s] node 2 cg=2 phase=phase2 kind=heuristic_boost best_rc=-0.0 found=0 added=0 exhausted=True cert=True
[clean-BPC   378.18s] route-pack diag node 2 round=1 vehicles=2/2 support_max=5 cand=10 oracle=10 incomplete=0 not_tight=6 not_viol=4 dup=0 violated=0 added=0 max_viol=0.0 states_max=109
[clean-BPC   378.18s] fathom node 2: reason=bound bound=325.761901
[clean-BPC   378.18s] node 3 d=2 lb=225.761901 open=1
[clean-BPC   378.30s] node 3 cg=1 phase=phase1 obj=0.0 artificial=0.0 cols=2004
[clean-BPC   378.43s] node 3 cg=2 phase=phase2 obj=225.958242 artificial=0.0 cols=2004
[clean-BPC   382.44s] node 3 cg=2 phase=phase2 kind=heuristic best_rc=-0.0 found=0 added=0 exhausted=False cert=False
[clean-BPC   398.26s] node 3 cg=2 phase=phase2 kind=heuristic_boost best_rc=-0.0 found=0 added=0 exhausted=True cert=True
[clean-BPC   398.31s] route-pack diag node 3 round=1 vehicles=1/2 support_max=11 cand=24 oracle=24 incomplete=0 not_tight=6 not_viol=18 dup=0 violated=0 added=0 max_viol=0.0 states_max=5760
[clean-BPC     0.34s] restricted-MIP node 3 status=INFEASIBLE obj=None accepted=False routes=2004 rejected=0 pair=0 ng=0 sched_cap=0 added_cuts=0 time=0.337033
[clean-BPC   401.54s] branch node 3: left=RF(7,8)=separate right=RF(7,8)=same
[clean-BPC   401.54s] node 4 d=2 lb=225.761901 open=2
[clean-BPC   401.65s] node 4 cg=1 phase=phase1 obj=0.0 artificial=0.0 cols=2004
[clean-BPC   401.75s] node 4 cg=2 phase=phase2 obj=226.730207 artificial=0.0 cols=2004
[clean-BPC   404.83s] node 4 cg=2 phase=phase2 kind=heuristic best_rc=-1.167003 found=20 added=20 exhausted=False cert=False
[clean-BPC   404.94s] node 4 cg=3 phase=phase2 obj=226.730207 artificial=0.0 cols=2024
[clean-BPC   408.01s] node 4 cg=3 phase=phase2 kind=heuristic best_rc=-0.0 found=0 added=0 exhausted=False cert=False
[clean-BPC   421.53s] node 4 cg=3 phase=phase2 kind=heuristic_boost best_rc=-0.505156 found=10 added=10 exhausted=True cert=True
[clean-BPC   421.65s] node 4 cg=4 phase=phase2 obj=226.730207 artificial=0.0 cols=2034
[clean-BPC   424.62s] node 4 cg=4 phase=phase2 kind=heuristic best_rc=-0.0 found=0 added=0 exhausted=False cert=False
[clean-BPC   436.64s] node 4 cg=4 phase=phase2 kind=heuristic_boost best_rc=-0.0 found=0 added=0 exhausted=True cert=True
[clean-BPC   436.65s] route-pack diag node 4 round=1 vehicles=1/2 support_max=8 cand=17 oracle=17 incomplete=0 not_tight=6 not_viol=11 dup=0 violated=0 added=0 max_viol=0.0 states_max=1116
[clean-BPC   436.65s] fathom node 4: reason=bound bound=226.730207
[clean-BPC   436.65s] node 5 d=3 lb=225.958242 open=1
[clean-BPC   436.77s] node 5 cg=1 phase=phase1 obj=0.0 artificial=0.0 cols=2034
[clean-BPC   436.91s] node 5 cg=2 phase=phase2 obj=226.029945 artificial=0.0 cols=2034
[clean-BPC   440.88s] node 5 cg=2 phase=phase2 kind=heuristic best_rc=-0.0 found=0 added=0 exhausted=False cert=False
[clean-BPC   458.08s] node 5 cg=2 phase=phase2 kind=heuristic_boost best_rc=-0.317838 found=8 added=8 exhausted=True cert=True
[clean-BPC   458.22s] node 5 cg=3 phase=phase2 obj=226.029945 artificial=0.0 cols=2042
[clean-BPC   462.02s] node 5 cg=3 phase=phase2 kind=heuristic best_rc=-0.0 found=0 added=0 exhausted=False cert=False
[clean-BPC   476.44s] node 5 cg=3 phase=phase2 kind=heuristic_boost best_rc=-0.016312 found=4 added=4 exhausted=True cert=True
[clean-BPC   476.56s] node 5 cg=4 phase=phase2 obj=226.029945 artificial=0.0 cols=2046
[clean-BPC   480.38s] node 5 cg=4 phase=phase2 kind=heuristic best_rc=-0.265609 found=8 added=8 exhausted=False cert=False
[clean-BPC   480.53s] node 5 cg=5 phase=phase2 obj=226.029945 artificial=0.0 cols=2054
[clean-BPC   484.37s] node 5 cg=5 phase=phase2 kind=heuristic best_rc=-0.0 found=0 added=0 exhausted=False cert=False
[clean-BPC   499.32s] node 5 cg=5 phase=phase2 kind=heuristic_boost best_rc=-0.0 found=0 added=0 exhausted=True cert=True
[clean-BPC     0.30s] restricted-MIP node 5 status=OPTIMAL obj=226.210886 accepted=False routes=2054 rejected=0 pair=0 ng=0 sched_cap=0 added_cuts=0 time=0.304556
[clean-BPC   502.31s] branch node 5: left=RF(8,11)=separate right=RF(8,11)=same
[clean-BPC   502.31s] node 6 d=3 lb=225.958242 open=2
[clean-BPC   502.42s] node 6 cg=1 phase=phase1 obj=0.0 artificial=0.0 cols=2054
[clean-BPC   502.52s] node 6 cg=2 phase=phase2 obj=227.87647 artificial=0.0 cols=2054
[clean-BPC   505.85s] node 6 cg=2 phase=phase2 kind=heuristic best_rc=-4.53752 found=368 added=368 exhausted=False cert=False
[clean-BPC   505.99s] node 6 cg=3 phase=phase2 obj=226.53572 artificial=0.0 cols=2422
[clean-BPC   509.48s] node 6 cg=3 phase=phase2 kind=heuristic best_rc=0.0 found=0 added=0 exhausted=False cert=False
[clean-BPC   524.57s] node 6 cg=3 phase=phase2 kind=heuristic_boost best_rc=-0.637146833 found=2 added=2 exhausted=True cert=True
[clean-BPC   524.71s] node 6 cg=4 phase=phase2 obj=226.53572 artificial=0.0 cols=2424
[clean-BPC   528.20s] node 6 cg=4 phase=phase2 kind=heuristic best_rc=-0.0 found=0 added=0 exhausted=False cert=False
[clean-BPC   544.37s] node 6 cg=4 phase=phase2 kind=heuristic_boost best_rc=-0.0 found=0 added=0 exhausted=True cert=True
[clean-BPC   544.37s] fathom node 6: reason=bound bound=226.53572
[clean-BPC   544.37s] node 7 d=4 lb=226.029945 open=1
[clean-BPC   544.53s] node 7 cg=1 phase=phase1 obj=0.0 artificial=0.0 cols=2424
[clean-BPC   544.69s] node 7 cg=2 phase=phase2 obj=226.210886 artificial=0.0 cols=2424
[clean-BPC   548.73s] node 7 cg=2 phase=phase2 kind=heuristic best_rc=-0.015724 found=2 added=2 exhausted=False cert=False
[clean-BPC   548.89s] node 7 cg=3 phase=phase2 obj=226.210886 artificial=0.0 cols=2426
[clean-BPC   552.67s] node 7 cg=3 phase=phase2 kind=heuristic best_rc=-0.0 found=0 added=0 exhausted=False cert=False
[clean-BPC   564.28s] node 7 cg=3 phase=phase2 kind=heuristic_boost best_rc=-3.345318 found=281 added=281 exhausted=True cert=True
[clean-BPC   564.47s] node 7 cg=4 phase=phase2 obj=226.210886 artificial=0.0 cols=2707
[clean-BPC   568.46s] node 7 cg=4 phase=phase2 kind=heuristic best_rc=-0.0 found=0 added=0 exhausted=False cert=False
[clean-BPC   584.07s] node 7 cg=4 phase=phase2 kind=heuristic_boost best_rc=-0.0 found=0 added=0 exhausted=True cert=True
[clean-BPC   584.07s] fathom node 7: reason=bound bound=226.210886
[clean-BPC   584.07s] node 8 d=4 lb=226.029945 open=0
[clean-BPC   584.20s] node 8 cg=1 phase=phase1 obj=0.0 artificial=0.0 cols=2707
[clean-BPC   584.31s] node 8 cg=2 phase=phase2 obj=227.310309 artificial=0.0 cols=2707
[clean-BPC   587.69s] node 8 cg=2 phase=phase2 kind=heuristic best_rc=-6.580685 found=777 added=600 exhausted=False cert=False
[clean-BPC   587.87s] node 8 cg=3 phase=phase2 obj=227.310309 artificial=0.0 cols=3307
[clean-BPC   591.27s] node 8 cg=3 phase=phase2 kind=heuristic best_rc=-0.066552 found=2 added=2 exhausted=False cert=False
[clean-BPC   591.45s] node 8 cg=4 phase=phase2 obj=227.310309 artificial=0.0 cols=3309
[clean-BPC   594.92s] node 8 cg=4 phase=phase2 kind=heuristic best_rc=-0.284062 found=5 added=5 exhausted=False cert=False
[clean-BPC   595.10s] node 8 cg=5 phase=phase2 obj=227.310309 artificial=0.0 cols=3314
[clean-BPC   598.56s] node 8 cg=5 phase=phase2 kind=heuristic best_rc=-0.0 found=0 added=0 exhausted=False cert=False
[clean-BPC   612.90s] node 8 cg=5 phase=phase2 kind=heuristic_boost best_rc=-0.0 found=0 added=0 exhausted=True cert=True
[clean-BPC   612.90s] fathom node 8: reason=bound bound=227.310309
[clean-BPC   612.90s] finish status=OPTIMAL primal=226.210886 dual=226.210886 gap=0.0 cuts=15 diag_dual=226.210886 diag_gap=0.0 crossing=11 crossing_upgraded=0 pair=0 clique=0 route_pack=4 nogood=0 sched_cap=0
bench_20_01: status=OPTIMAL, primal=226.210886, dual=226.210886, gap=0.0, diag_dual=226.210886, diag_gap=0.0, time=612.900017s, nodes=9, rmp=47, pricing=63, routes=3314, cuts=15, crossing=11, crossing_upgraded=0, rci=11, kpath=0, pair=0, clique=0, route_pack=4, nogood=0, sched_cap=0, rim_calls=4, rim_feasible=1, rim_rejected=0, rim_pair=0, rim_ng=0, rim_sched_cap=0, cuts_purged=0, branch_test_time=10.726941s
开始 clean BPC: instance=bench_20_02, tasks=20, vehicles=2, time_limit=3600s, max_nodes=100000, log=/home/kai/work/gnn_bb/branchpricecut/results/benchmark/20260519_212238_bpc_clean_routepack_diag_20_01_03/logs/bpc_clean_full/bench_20_02.jsonl
[clean-BPC    37.21s] incumbent node 0: obj=329.979902
[clean-BPC    37.21s] start: {'time': 37.208314, 'event': 'start', 'instance': 'bench_20_02', 'tasks': 20, 'vehicles': 2, 'initial_routes': 25, 'initial_incumbent': 329.979902, 'task_vehicle_linking_enabled': True, 'schedule_capacity_cuts_enabled': True}
[clean-BPC    37.21s] node 0 d=0 lb=0.0 open=0
[clean-BPC    37.21s] node 0 cg=1 phase=phase1 obj=0.0 artificial=0.0 cols=25
[clean-BPC    37.21s] node 0 cg=2 phase=phase2 obj=229.979902 artificial=0.0 cols=25
[clean-BPC    44.54s] node 0 cg=2 phase=phase2 kind=heuristic best_rc=-34.940065 found=177991 added=600 exhausted=False cert=False
[clean-BPC    44.57s] node 0 cg=3 phase=phase2 obj=229.979902 artificial=0.0 cols=625
[clean-BPC    48.06s] node 0 cg=3 phase=phase2 kind=heuristic best_rc=-14.050431 found=35682 added=600 exhausted=False cert=False
[clean-BPC    48.11s] node 0 cg=4 phase=phase2 obj=229.979902 artificial=0.0 cols=1225
[clean-BPC    50.99s] node 0 cg=4 phase=phase2 kind=heuristic best_rc=-4.68876 found=2130 added=600 exhausted=False cert=False
[clean-BPC    51.06s] node 0 cg=5 phase=phase2 obj=229.979902 artificial=0.0 cols=1825
[clean-BPC    53.93s] node 0 cg=5 phase=phase2 kind=heuristic best_rc=-7.559065 found=1740 added=600 exhausted=False cert=False
[clean-BPC    54.03s] node 0 cg=6 phase=phase2 obj=228.032257 artificial=0.0 cols=2425
[clean-BPC    56.95s] node 0 cg=6 phase=phase2 kind=heuristic best_rc=-0.345027 found=12 added=12 exhausted=False cert=False
[clean-BPC    57.04s] node 0 cg=7 phase=phase2 obj=227.883573 artificial=0.0 cols=2437
[clean-BPC    59.95s] node 0 cg=7 phase=phase2 kind=heuristic best_rc=-0.0 found=0 added=0 exhausted=False cert=False
[clean-BPC    66.53s] node 0 cg=7 phase=phase2 kind=exact best_rc=-0.0 found=0 added=0 exhausted=True cert=True
[clean-BPC    67.70s] cut_added family=crossing_cut node=0 added=2 upgraded=0 first={'id': 0, 'tasks': [8, 10, 14, 17], 'demand': 11.0, 'capacity_bound': 2, 'resource_bound': 1, 'k_bound': 2, 'rhs': 4.0, 'source': 'capacity', 'violation': 0.666666667, 'action': 'add'}
[clean-BPC    67.82s] node 0 cg=8 phase=phase2 obj=228.118404 artificial=0.0 cols=2437
[clean-BPC    71.09s] node 0 cg=8 phase=phase2 kind=heuristic best_rc=-0.064073 found=6 added=6 exhausted=False cert=False
[clean-BPC    71.21s] node 0 cg=9 phase=phase2 obj=228.114658 artificial=0.0 cols=2443
[clean-BPC    74.51s] node 0 cg=9 phase=phase2 kind=heuristic best_rc=0.0 found=0 added=0 exhausted=False cert=False
[clean-BPC    82.69s] node 0 cg=9 phase=phase2 kind=exact best_rc=0.0 found=0 added=0 exhausted=True cert=True
[clean-BPC    83.42s] cut_added family=crossing_cut node=0 added=5 upgraded=0 first={'id': 2, 'tasks': [2, 3, 8, 20], 'demand': 10.0, 'capacity_bound': 2, 'resource_bound': 1, 'k_bound': 2, 'rhs': 4.0, 'source': 'capacity', 'violation': 0.666666667, 'action': 'add'}
[clean-BPC    83.57s] node 0 cg=10 phase=phase2 obj=228.22371 artificial=0.0 cols=2443
[clean-BPC    87.07s] node 0 cg=10 phase=phase2 kind=heuristic best_rc=-0.064646579 found=6 added=6 exhausted=False cert=False
[clean-BPC    87.23s] node 0 cg=11 phase=phase2 obj=228.22371 artificial=0.0 cols=2449
[clean-BPC    90.71s] node 0 cg=11 phase=phase2 kind=heuristic best_rc=-0.0 found=0 added=0 exhausted=False cert=False
[clean-BPC   100.60s] node 0 cg=11 phase=phase2 kind=exact best_rc=-0.0 found=0 added=0 exhausted=True cert=True
[clean-BPC   101.82s] cut_added family=crossing_cut node=0 added=3 upgraded=0 first={'id': 7, 'tasks': [9, 11, 14, 17], 'demand': 10.0, 'capacity_bound': 2, 'resource_bound': 1, 'k_bound': 2, 'rhs': 4.0, 'source': 'capacity', 'violation': 0.526315789, 'action': 'add'}
[clean-BPC   102.00s] node 0 cg=12 phase=phase2 obj=228.39887 artificial=0.0 cols=2449
[clean-BPC   105.62s] node 0 cg=12 phase=phase2 kind=heuristic best_rc=-0.735136 found=16 added=16 exhausted=False cert=False
[clean-BPC   105.80s] node 0 cg=13 phase=phase2 obj=228.39887 artificial=0.0 cols=2465
[clean-BPC   109.38s] node 0 cg=13 phase=phase2 kind=heuristic best_rc=0.0 found=0 added=0 exhausted=False cert=False
[clean-BPC   121.09s] node 0 cg=13 phase=phase2 kind=exact best_rc=0.0 found=0 added=0 exhausted=True cert=True
[clean-BPC   121.14s] route-pack diag node 0 round=1 vehicles=2/2 support_max=10 cand=43 oracle=43 incomplete=0 not_tight=11 not_viol=30 dup=0 violated=2 added=2 max_viol=0.16666666666666674 states_max=2758
[clean-BPC   121.14s] cut_added family=schedule_route_set_packing node=0 added=2 first(vehicle=2, routes=6, U=3, y=0.5, viol=0.166666667, states=203)
[clean-BPC   121.33s] node 0 cg=14 phase=phase2 obj=228.39887 artificial=0.0 cols=2465
[clean-BPC   124.89s] node 0 cg=14 phase=phase2 kind=heuristic best_rc=-0.497152 found=8 added=8 exhausted=False cert=False
[clean-BPC   125.07s] node 0 cg=15 phase=phase2 obj=228.39887 artificial=0.0 cols=2473
[clean-BPC   128.74s] node 0 cg=15 phase=phase2 kind=heuristic best_rc=0.0 found=0 added=0 exhausted=False cert=False
[clean-BPC   140.91s] node 0 cg=15 phase=phase2 kind=exact best_rc=0.0 found=0 added=0 exhausted=True cert=True
[clean-BPC   140.97s] route-pack diag node 0 round=2 vehicles=2/2 support_max=10 cand=39 oracle=39 incomplete=0 not_tight=10 not_viol=26 dup=0 violated=3 added=3 max_viol=0.16666666666666696 states_max=2790
[clean-BPC   140.97s] cut_added family=schedule_route_set_packing node=0 added=3 first(vehicle=1, routes=9, U=4, y=0.5, viol=0.166666667, states=1368)
[clean-BPC   141.16s] node 0 cg=16 phase=phase2 obj=228.39887 artificial=0.0 cols=2473
[clean-BPC   144.75s] node 0 cg=16 phase=phase2 kind=heuristic best_rc=-0.0 found=0 added=0 exhausted=False cert=False
[clean-BPC   156.61s] node 0 cg=16 phase=phase2 kind=exact best_rc=-0.0 found=0 added=0 exhausted=True cert=True
[clean-BPC   156.62s] node 0 schedule-cap candidates={'1': 350, '2': 350}
[clean-BPC   202.37s] cut_added family=schedule_pair_conflict node=0 added=2 source_vehicle=1 route_count=2 signatures=[[8, 10, 6, 2], [3, 20, 5, 1]]
[clean-BPC    20.14s] restricted-MIP node 0 status=TIME_LIMIT obj=None accepted=False routes=2473 rejected=16 pair=2 ng=30 sched_cap=0 added_cuts=2 time=20.14324
[clean-BPC   206.92s] node 0 d=0 lb=228.39887 open=0
[clean-BPC   207.10s] node 0 cg=1 phase=phase1 obj=0.0 artificial=0.0 cols=2473
[clean-BPC   207.30s] node 0 cg=2 phase=phase2 obj=228.39887 artificial=0.0 cols=2473
[clean-BPC   210.88s] node 0 cg=2 phase=phase2 kind=heuristic best_rc=-0.0 found=0 added=0 exhausted=False cert=False
[clean-BPC   222.60s] node 0 cg=2 phase=phase2 kind=exact best_rc=-0.0 found=0 added=0 exhausted=True cert=True
[clean-BPC   222.61s] node 0 schedule-cap candidates={'1': 350, '2': 349}
[clean-BPC    21.02s] restricted-MIP node 0 status=TIME_LIMIT obj=None accepted=False routes=2473 rejected=16 pair=0 ng=32 sched_cap=0 added_cuts=0 time=21.024473
[clean-BPC   263.95s] branch node 0: left=task_vehicle(11,1)=off right=task_vehicle(11,1)=on
[clean-BPC   263.95s] node 1 d=1 lb=228.39887 open=1
[clean-BPC   264.13s] node 1 cg=1 phase=phase1 obj=0.0 artificial=0.0 cols=2473
[clean-BPC   264.30s] node 1 cg=2 phase=phase2 obj=328.39887 artificial=0.0 cols=2473
[clean-BPC   267.74s] node 1 cg=2 phase=phase2 kind=heuristic best_rc=0.0 found=0 added=0 exhausted=False cert=False
[clean-BPC   278.65s] node 1 cg=2 phase=phase2 kind=heuristic_boost best_rc=-0.0 found=0 added=0 exhausted=True cert=True
[clean-BPC   278.65s] route-pack diag node 1 round=1 vehicles=2/2 support_max=7 cand=15 oracle=15 incomplete=0 not_tight=10 not_viol=5 dup=0 violated=0 added=0 max_viol=0.0 states_max=513
[clean-BPC   279.04s] incumbent node 1: obj=329.371345
[clean-BPC     0.38s] restricted-MIP node 1 status=OPTIMAL obj=329.371345 accepted=True routes=2473 rejected=0 pair=0 ng=0 sched_cap=0 added_cuts=0 time=0.384082
[clean-BPC   284.31s] branch node 1: left=RF(6,17)=separate right=RF(6,17)=same
[clean-BPC   284.31s] node 2 d=1 lb=228.39887 open=2
[clean-BPC   284.49s] node 2 cg=1 phase=phase1 obj=0.0 artificial=0.0 cols=2473
[clean-BPC   284.67s] node 2 cg=2 phase=phase2 obj=228.39887 artificial=0.0 cols=2473
[clean-BPC   288.33s] node 2 cg=2 phase=phase2 kind=heuristic best_rc=-0.098656 found=1 added=1 exhausted=False cert=False
[clean-BPC   288.50s] node 2 cg=3 phase=phase2 obj=228.39887 artificial=0.0 cols=2474
[clean-BPC   292.15s] node 2 cg=3 phase=phase2 kind=heuristic best_rc=0.0 found=0 added=0 exhausted=False cert=False
[clean-BPC   303.43s] node 2 cg=3 phase=phase2 kind=heuristic_boost best_rc=-0.121868 found=4 added=4 exhausted=True cert=True
[clean-BPC   303.61s] node 2 cg=4 phase=phase2 obj=228.39887 artificial=0.0 cols=2478
[clean-BPC   307.25s] node 2 cg=4 phase=phase2 kind=heuristic best_rc=0.0 found=0 added=0 exhausted=False cert=False
[clean-BPC   318.54s] node 2 cg=4 phase=phase2 kind=heuristic_boost best_rc=-0.0 found=0 added=0 exhausted=True cert=True
[clean-BPC   318.58s] route-pack diag node 2 round=1 vehicles=1/2 support_max=10 cand=22 oracle=22 incomplete=0 not_tight=6 not_viol=14 dup=0 violated=2 added=2 max_viol=0.3333333333333339 states_max=2976
[clean-BPC   318.58s] cut_added family=schedule_route_set_packing node=2 added=2 first(vehicle=1, routes=6, U=3, y=1.0, viol=0.333333333, states=254)
[clean-BPC   318.76s] node 2 cg=5 phase=phase2 obj=228.39887 artificial=0.0 cols=2478
[clean-BPC   322.46s] node 2 cg=5 phase=phase2 kind=heuristic best_rc=0.0 found=0 added=0 exhausted=False cert=False
[clean-BPC   334.14s] node 2 cg=5 phase=phase2 kind=heuristic_boost best_rc=-0.553597 found=5 added=5 exhausted=True cert=True
[clean-BPC   334.32s] node 2 cg=6 phase=phase2 obj=228.39887 artificial=0.0 cols=2483
[clean-BPC   338.02s] node 2 cg=6 phase=phase2 kind=heuristic best_rc=0.0 found=0 added=0 exhausted=False cert=False
[clean-BPC   349.53s] node 2 cg=6 phase=phase2 kind=heuristic_boost best_rc=-0.6984615 found=24 added=24 exhausted=True cert=True
[clean-BPC   349.72s] node 2 cg=7 phase=phase2 obj=228.39887 artificial=0.0 cols=2507
[clean-BPC   353.31s] node 2 cg=7 phase=phase2 kind=heuristic best_rc=-0.0 found=0 added=0 exhausted=False cert=False
[clean-BPC   364.22s] node 2 cg=7 phase=phase2 kind=heuristic_boost best_rc=-0.0 found=0 added=0 exhausted=True cert=True
[clean-BPC   364.25s] route-pack diag node 2 round=2 vehicles=1/2 support_max=10 cand=22 oracle=22 incomplete=0 not_tight=5 not_viol=15 dup=0 violated=2 added=2 max_viol=0.3333333333333335 states_max=2727
[clean-BPC   364.25s] cut_added family=schedule_route_set_packing node=2 added=2 first(vehicle=1, routes=6, U=3, y=1.0, viol=0.333333333, states=242)
[clean-BPC   364.44s] node 2 cg=8 phase=phase2 obj=228.39887 artificial=0.0 cols=2507
[clean-BPC   368.09s] node 2 cg=8 phase=phase2 kind=heuristic best_rc=-0.0 found=0 added=0 exhausted=False cert=False
[clean-BPC   379.10s] node 2 cg=8 phase=phase2 kind=heuristic_boost best_rc=-0.0 found=0 added=0 exhausted=True cert=True
[clean-BPC    20.54s] restricted-MIP node 2 status=TIME_LIMIT obj=None accepted=False routes=2507 rejected=18 pair=0 ng=36 sched_cap=0 added_cuts=0 time=20.536262
[clean-BPC   421.99s] branch node 2: left=RF(5,20)=separate right=RF(5,20)=same
[clean-BPC   421.99s] node 5 d=2 lb=228.39887 open=3
[clean-BPC   422.17s] node 5 cg=1 phase=phase1 obj=0.0 artificial=0.0 cols=2507
[clean-BPC   422.34s] node 5 cg=2 phase=phase2 obj=229.133802 artificial=0.0 cols=2507
[clean-BPC   426.02s] node 5 cg=2 phase=phase2 kind=heuristic best_rc=-0.182712213 found=6 added=6 exhausted=False cert=False
[clean-BPC   426.19s] node 5 cg=3 phase=phase2 obj=229.072898 artificial=0.0 cols=2513
[clean-BPC   429.74s] node 5 cg=3 phase=phase2 kind=heuristic best_rc=-0.180561556 found=8 added=8 exhausted=False cert=False
[clean-BPC   429.92s] node 5 cg=4 phase=phase2 obj=229.072898 artificial=0.0 cols=2521
[clean-BPC   433.45s] node 5 cg=4 phase=phase2 kind=heuristic best_rc=-0.098722333 found=2 added=2 exhausted=False cert=False
[clean-BPC   433.64s] node 5 cg=5 phase=phase2 obj=229.072898 artificial=0.0 cols=2523
[clean-BPC   437.17s] node 5 cg=5 phase=phase2 kind=heuristic best_rc=0.0 found=0 added=0 exhausted=False cert=False
[clean-BPC   448.26s] node 5 cg=5 phase=phase2 kind=heuristic_boost best_rc=0.0 found=0 added=0 exhausted=True cert=True
[clean-BPC   448.29s] route-pack diag node 5 round=1 vehicles=1/2 support_max=9 cand=18 oracle=18 incomplete=0 not_tight=7 not_viol=10 dup=0 violated=1 added=1 max_viol=0.33333333333333304 states_max=1546
[clean-BPC   448.29s] cut_added family=schedule_route_set_packing node=5 added=1 first(vehicle=1, routes=8, U=4, y=1.0, viol=0.333333333, states=775)
[clean-BPC   448.46s] node 5 cg=6 phase=phase2 obj=229.072898 artificial=0.0 cols=2523
[clean-BPC   452.03s] node 5 cg=6 phase=phase2 kind=heuristic best_rc=0.0 found=0 added=0 exhausted=False cert=False
[clean-BPC   463.16s] node 5 cg=6 phase=phase2 kind=heuristic_boost best_rc=0.0 found=0 added=0 exhausted=True cert=True
[clean-BPC   463.18s] route-pack diag node 5 round=2 vehicles=1/2 support_max=9 cand=18 oracle=18 incomplete=0 not_tight=6 not_viol=11 dup=0 violated=1 added=1 max_viol=0.33333333333333304 states_max=1475
[clean-BPC   463.18s] cut_added family=schedule_route_set_packing node=5 added=1 first(vehicle=1, routes=8, U=4, y=1.0, viol=0.333333333, states=732)
[clean-BPC   463.35s] node 5 cg=7 phase=phase2 obj=229.072898 artificial=0.0 cols=2523
[clean-BPC   467.01s] node 5 cg=7 phase=phase2 kind=heuristic best_rc=-0.0 found=0 added=0 exhausted=False cert=False
[clean-BPC   478.38s] node 5 cg=7 phase=phase2 kind=heuristic_boost best_rc=-0.0 found=0 added=0 exhausted=True cert=True
[clean-BPC    20.98s] restricted-MIP node 5 status=TIME_LIMIT obj=None accepted=False routes=2523 rejected=14 pair=0 ng=28 sched_cap=0 added_cuts=0 time=20.975103
[clean-BPC   520.79s] branch node 5: left=RF(3,8)=separate right=RF(3,8)=same
[clean-BPC   520.79s] node 6 d=2 lb=228.39887 open=4
[clean-BPC   520.93s] node 6 cg=1 phase=phase1 obj=0.0 artificial=0.0 cols=2523
[clean-BPC   521.09s] node 6 cg=2 phase=phase2 obj=228.457003 artificial=0.0 cols=2523
[clean-BPC   524.48s] node 6 cg=2 phase=phase2 kind=heuristic best_rc=-0.030919 found=4 added=4 exhausted=False cert=False
[clean-BPC   524.63s] node 6 cg=3 phase=phase2 obj=228.457003 artificial=0.0 cols=2527
[clean-BPC   528.06s] node 6 cg=3 phase=phase2 kind=heuristic best_rc=-0.0 found=0 added=0 exhausted=False cert=False
[clean-BPC   538.84s] node 6 cg=3 phase=phase2 kind=heuristic_boost best_rc=-0.0 found=0 added=0 exhausted=True cert=True
[clean-BPC   538.85s] route-pack diag node 6 round=1 vehicles=1/2 support_max=8 cand=13 oracle=13 incomplete=0 not_tight=4 not_viol=4 dup=0 violated=5 added=5 max_viol=1.0 states_max=996
[clean-BPC   538.85s] cut_added family=schedule_route_set_packing node=6 added=5 first(vehicle=1, routes=6, U=3, y=1.0, viol=1.0, states=216)
[clean-BPC   539.00s] node 6 cg=4 phase=phase2 obj=228.457003 artificial=0.0 cols=2527
[clean-BPC   542.41s] node 6 cg=4 phase=phase2 kind=heuristic best_rc=-0.0 found=0 added=0 exhausted=False cert=False
[clean-BPC   553.26s] node 6 cg=4 phase=phase2 kind=heuristic_boost best_rc=-0.0 found=0 added=0 exhausted=True cert=True
[clean-BPC   553.28s] route-pack diag node 6 round=2 vehicles=1/2 support_max=9 cand=21 oracle=21 incomplete=0 not_tight=5 not_viol=9 dup=0 violated=7 added=5 max_viol=1.0 states_max=1565
[clean-BPC   553.28s] cut_added family=schedule_route_set_packing node=6 added=5 first(vehicle=1, routes=7, U=3, y=1.0, viol=1.0, states=374)
[clean-BPC   553.43s] node 6 cg=5 phase=phase2 obj=228.457003 artificial=0.0 cols=2527
[clean-BPC   556.77s] node 6 cg=5 phase=phase2 kind=heuristic best_rc=-0.0 found=0 added=0 exhausted=False cert=False
[clean-BPC   567.27s] node 6 cg=5 phase=phase2 kind=heuristic_boost best_rc=-0.0 found=0 added=0 exhausted=True cert=True
[clean-BPC   603.32s] cut_added family=schedule_nogood_core node=6 added=1 source_vehicle=1 route_count=3 signatures=[[18, 15, 16, 19, 4], [2, 6, 10, 8], [1, 3, 20, 5]]
[clean-BPC    20.07s] restricted-MIP node 6 status=TIME_LIMIT obj=None accepted=False routes=2527 rejected=19 pair=0 ng=38 sched_cap=0 added_cuts=1 time=20.069099
[clean-BPC   603.96s] node 6 d=2 lb=228.457003 open=4
[clean-BPC   604.11s] node 6 cg=1 phase=phase1 obj=0.0 artificial=0.0 cols=2527
[clean-BPC   604.27s] node 6 cg=2 phase=phase2 obj=228.457003 artificial=0.0 cols=2527
[clean-BPC   607.70s] node 6 cg=2 phase=phase2 kind=heuristic best_rc=0.0 found=0 added=0 exhausted=False cert=False
[clean-BPC   618.65s] node 6 cg=2 phase=phase2 kind=heuristic_boost best_rc=0.0 found=0 added=0 exhausted=True cert=True
[clean-BPC    20.52s] restricted-MIP node 6 status=TIME_LIMIT obj=None accepted=False routes=2527 rejected=20 pair=0 ng=40 sched_cap=0 added_cuts=0 time=20.515148
[clean-BPC   660.06s] branch node 6: left=RF(6,17)=separate right=RF(6,17)=same
[clean-BPC   660.06s] node 9 d=3 lb=228.457003 open=5
[clean-BPC   660.20s] node 9 cg=1 phase=phase1 obj=0.0 artificial=0.0 cols=2527
[clean-BPC   660.35s] node 9 cg=2 phase=phase2 obj=229.095391 artificial=0.0 cols=2527
[clean-BPC   663.72s] node 9 cg=2 phase=phase2 kind=heuristic best_rc=-1.383125333 found=39 added=39 exhausted=False cert=False
[clean-BPC   663.85s] node 9 cg=3 phase=phase2 obj=228.634349 artificial=0.0 cols=2566
[clean-BPC   667.11s] node 9 cg=3 phase=phase2 kind=heuristic best_rc=-0.336717 found=2 added=2 exhausted=False cert=False
[clean-BPC   667.25s] node 9 cg=4 phase=phase2 obj=228.634349 artificial=0.0 cols=2568
[clean-BPC   670.52s] node 9 cg=4 phase=phase2 kind=heuristic best_rc=-0.0 found=0 added=0 exhausted=False cert=False
[clean-BPC   679.20s] node 9 cg=4 phase=phase2 kind=heuristic_boost best_rc=-0.0 found=0 added=0 exhausted=True cert=True
[clean-BPC   714.04s] cut_added family=schedule_pair_conflict node=9 added=2 source_vehicle=1 route_count=2 signatures=[[6, 10, 8, 2], [3, 20, 5, 1]]
[clean-BPC    20.07s] restricted-MIP node 9 status=SCHEDULE_REJECTED_LIMIT obj=None accepted=False routes=2568 rejected=21 pair=2 ng=38 sched_cap=0 added_cuts=2 time=20.068913
[clean-BPC   723.19s] node 10 d=3 lb=228.457003 open=5
[clean-BPC   723.26s] node 10 cg=1 phase=phase1 obj=0.0 artificial=0.0 cols=2568
[clean-BPC   723.33s] node 10 cg=2 phase=phase2 obj=228.607849 artificial=0.0 cols=2568
[clean-BPC   726.09s] node 10 cg=2 phase=phase2 kind=heuristic best_rc=0.222741 found=0 added=0 exhausted=False cert=False
[clean-BPC   735.07s] node 10 cg=2 phase=phase2 kind=heuristic_boost best_rc=-0.698362667 found=14 added=14 exhausted=True cert=True
[clean-BPC   735.15s] node 10 cg=3 phase=phase2 obj=228.607849 artificial=0.0 cols=2582
[clean-BPC   737.96s] node 10 cg=3 phase=phase2 kind=heuristic best_rc=0.222741 found=0 added=0 exhausted=False cert=False
[clean-BPC   746.01s] node 10 cg=3 phase=phase2 kind=heuristic_boost best_rc=-0.411958333 found=11 added=11 exhausted=True cert=True
[clean-BPC   746.08s] node 10 cg=4 phase=phase2 obj=228.607849 artificial=0.0 cols=2593
[clean-BPC   748.88s] node 10 cg=4 phase=phase2 kind=heuristic best_rc=0.222741 found=0 added=0 exhausted=False cert=False
[clean-BPC   756.99s] node 10 cg=4 phase=phase2 kind=heuristic_boost best_rc=0.222741 found=0 added=0 exhausted=True cert=True
[clean-BPC    21.50s] restricted-MIP node 10 status=TIME_LIMIT obj=None accepted=False routes=2593 rejected=19 pair=0 ng=38 sched_cap=0 added_cuts=0 time=21.498522
[clean-BPC   800.31s] branch node 10: left=RF(1,8)=separate right=RF(1,8)=same
[clean-BPC   800.31s] node 11 d=4 lb=228.607849 open=6
[clean-BPC   800.37s] node 11 cg=1 phase=phase1 obj=0.0 artificial=0.0 cols=2593
[clean-BPC   800.44s] node 11 cg=2 phase=phase2 obj=228.901363 artificial=0.0 cols=2593
[clean-BPC   803.22s] node 11 cg=2 phase=phase2 kind=heuristic best_rc=-0.288314 found=2 added=2 exhausted=False cert=False
[clean-BPC   803.29s] node 11 cg=3 phase=phase2 obj=228.901363 artificial=0.0 cols=2595
[clean-BPC   806.12s] node 11 cg=3 phase=phase2 kind=heuristic best_rc=0.089405 found=0 added=0 exhausted=False cert=False
[clean-BPC   815.39s] node 11 cg=3 phase=phase2 kind=heuristic_boost best_rc=-1.316395 found=23 added=23 exhausted=True cert=True
[clean-BPC   815.47s] node 11 cg=4 phase=phase2 obj=228.901363 artificial=0.0 cols=2618
[clean-BPC   818.37s] node 11 cg=4 phase=phase2 kind=heuristic best_rc=0.0 found=0 added=0 exhausted=False cert=False
[clean-BPC   827.51s] node 11 cg=4 phase=phase2 kind=heuristic_boost best_rc=-0.0 found=0 added=0 exhausted=True cert=True
[clean-BPC   829.64s] branch node 11: left=arc(14,7)=off right=arc(14,7)=on
[clean-BPC   829.65s] node 12 d=4 lb=228.607849 open=7
[clean-BPC   829.69s] node 12 cg=1 phase=phase1 obj=0.0 artificial=0.0 cols=2618
[clean-BPC   829.74s] node 12 cg=2 phase=phase2 obj=229.464576 artificial=0.0 cols=2618
[clean-BPC   832.40s] node 12 cg=2 phase=phase2 kind=heuristic best_rc=-0.260804 found=3 added=3 exhausted=False cert=False
[clean-BPC   832.45s] node 12 cg=3 phase=phase2 obj=229.377642 artificial=0.0 cols=2621
[clean-BPC   835.14s] node 12 cg=3 phase=phase2 kind=heuristic best_rc=0.127953167 found=0 added=0 exhausted=False cert=False
[clean-BPC   844.61s] node 12 cg=3 phase=phase2 kind=heuristic_boost best_rc=-0.578856 found=4 added=4 exhausted=True cert=True
[clean-BPC   844.66s] node 12 cg=4 phase=phase2 obj=229.377642 artificial=0.0 cols=2625
[clean-BPC   847.27s] node 12 cg=4 phase=phase2 kind=heuristic best_rc=-0.255549833 found=1 added=1 exhausted=False cert=False
[clean-BPC   847.32s] node 12 cg=5 phase=phase2 obj=229.377642 artificial=0.0 cols=2626
[clean-BPC   849.92s] node 12 cg=5 phase=phase2 kind=heuristic best_rc=-0.152238667 found=2 added=2 exhausted=False cert=False
[clean-BPC   849.97s] node 12 cg=6 phase=phase2 obj=229.377642 artificial=0.0 cols=2628
[clean-BPC   852.61s] node 12 cg=6 phase=phase2 kind=heuristic best_rc=-0.0 found=0 added=0 exhausted=False cert=False
[clean-BPC   860.50s] node 12 cg=6 phase=phase2 kind=heuristic_boost best_rc=-4.461585889 found=579 added=579 exhausted=True cert=True
[clean-BPC   860.59s] node 12 cg=7 phase=phase2 obj=229.377642 artificial=0.0 cols=3207
[clean-BPC   863.34s] node 12 cg=7 phase=phase2 kind=heuristic best_rc=0.0 found=0 added=0 exhausted=False cert=False
[clean-BPC   873.41s] node 12 cg=7 phase=phase2 kind=heuristic_boost best_rc=0.0 found=0 added=0 exhausted=True cert=True
[clean-BPC   876.37s] branch node 12: left=RF(3,8)=separate right=RF(3,8)=same
[clean-BPC   876.37s] node 9 d=3 lb=228.634349 open=8
[clean-BPC   876.53s] node 9 cg=1 phase=phase1 obj=0.0 artificial=0.0 cols=3207
[clean-BPC   876.70s] node 9 cg=2 phase=phase2 obj=228.634349 artificial=0.0 cols=3207
[clean-BPC   879.85s] node 9 cg=2 phase=phase2 kind=heuristic best_rc=-0.0 found=0 added=0 exhausted=False cert=False
[clean-BPC   887.50s] node 9 cg=2 phase=phase2 kind=heuristic_boost best_rc=-0.331167667 found=2 added=2 exhausted=True cert=True
[clean-BPC   887.66s] node 9 cg=3 phase=phase2 obj=228.634349 artificial=0.0 cols=3209
[clean-BPC   890.90s] node 9 cg=3 phase=phase2 kind=heuristic best_rc=-0.0 found=0 added=0 exhausted=False cert=False
[clean-BPC   898.64s] node 9 cg=3 phase=phase2 kind=heuristic_boost best_rc=-0.0 found=0 added=0 exhausted=True cert=True
[clean-BPC    21.65s] restricted-MIP node 9 status=TIME_LIMIT obj=None accepted=False routes=3209 rejected=20 pair=0 ng=40 sched_cap=0 added_cuts=0 time=21.649104
[clean-BPC   943.04s] branch node 9: left=RF(11,12)=separate right=RF(11,12)=same
[clean-BPC   943.04s] node 17 d=4 lb=228.634349 open=9
[clean-BPC   943.21s] node 17 cg=1 phase=phase1 obj=0.0 artificial=0.0 cols=3209
[clean-BPC   943.38s] node 17 cg=2 phase=phase2 obj=229.39794 artificial=0.0 cols=3209
[clean-BPC   946.44s] node 17 cg=2 phase=phase2 kind=heuristic best_rc=-0.0 found=0 added=0 exhausted=False cert=False
[clean-BPC   953.52s] node 17 cg=2 phase=phase2 kind=heuristic_boost best_rc=-0.0 found=0 added=0 exhausted=True cert=True
[clean-BPC   957.67s] branch node 17: left=arc(15,16)=off right=arc(15,16)=on
[clean-BPC   957.67s] node 18 d=4 lb=228.634349 open=10
[clean-BPC   957.75s] node 18 cg=1 phase=phase1 obj=0.0 artificial=0.0 cols=3209
[clean-BPC   957.85s] node 18 cg=2 phase=phase2 obj=229.163171 artificial=0.0 cols=3209
[clean-BPC   960.95s] node 18 cg=2 phase=phase2 kind=heuristic best_rc=0.0 found=0 added=0 exhausted=False cert=False
[clean-BPC   969.42s] node 18 cg=2 phase=phase2 kind=heuristic_boost best_rc=0.0 found=0 added=0 exhausted=True cert=True
[clean-BPC   972.09s] branch node 18: left=RF(10,14)=separate right=RF(10,14)=same
[clean-BPC   972.09s] node 13 d=5 lb=228.901363 open=11
[clean-BPC   972.20s] node 13 cg=1 phase=phase1 obj=0.0 artificial=0.0 cols=3209
[clean-BPC   972.33s] node 13 cg=2 phase=phase2 obj=228.901363 artificial=0.0 cols=3209
[clean-BPC   975.04s] node 13 cg=2 phase=phase2 kind=heuristic best_rc=0.2231435 found=0 added=0 exhausted=False cert=False
[clean-BPC   981.64s] node 13 cg=2 phase=phase2 kind=heuristic_boost best_rc=0.0178845 found=0 added=0 exhausted=True cert=True
[clean-BPC   984.91s] branch node 13: left=RF(11,14)=separate right=RF(11,14)=same
[clean-BPC   984.91s] node 14 d=5 lb=228.901363 open=12
[clean-BPC   985.04s] node 14 cg=1 phase=phase1 obj=0.0 artificial=0.0 cols=3209
[clean-BPC   985.15s] node 14 cg=2 phase=phase2 obj=233.269167 artificial=0.0 cols=3209
[clean-BPC   987.94s] node 14 cg=2 phase=phase2 kind=heuristic best_rc=-4.430934 found=216 added=216 exhausted=False cert=False
[clean-BPC   988.08s] node 14 cg=3 phase=phase2 obj=231.399693 artificial=0.0 cols=3425
[clean-BPC   990.87s] node 14 cg=3 phase=phase2 kind=heuristic best_rc=-1.760539 found=24 added=24 exhausted=False cert=False
[clean-BPC   991.01s] node 14 cg=4 phase=phase2 obj=231.091814 artificial=0.0 cols=3449
[clean-BPC   993.51s] node 14 cg=4 phase=phase2 kind=heuristic best_rc=0.222741 found=0 added=0 exhausted=False cert=False
[clean-BPC   999.40s] node 14 cg=4 phase=phase2 kind=heuristic_boost best_rc=0.1440495 found=0 added=0 exhausted=True cert=True
[clean-BPC  1003.05s] branch node 14: left=arc(13,14)=off right=arc(13,14)=on
[clean-BPC  1003.05s] node 23 d=6 lb=228.901363 open=13
[clean-BPC  1003.19s] node 23 cg=1 phase=phase1 obj=0.0 artificial=0.0 cols=3449
[clean-BPC  1003.31s] node 23 cg=2 phase=phase2 obj=229.371345 artificial=0.0 cols=3449
[clean-BPC  1006.09s] node 23 cg=2 phase=phase2 kind=heuristic best_rc=0.089405 found=0 added=0 exhausted=False cert=False
[clean-BPC  1015.35s] node 23 cg=2 phase=phase2 kind=heuristic_boost best_rc=-0.02942875 found=2 added=2 exhausted=True cert=True
[clean-BPC  1015.47s] node 23 cg=3 phase=phase2 obj=229.371345 artificial=0.0 cols=3451
[clean-BPC  1018.32s] node 23 cg=3 phase=phase2 kind=heuristic best_rc=0.25445 found=0 added=0 exhausted=False cert=False
[clean-BPC  1027.61s] node 23 cg=3 phase=phase2 kind=heuristic_boost best_rc=0.25445 found=0 added=0 exhausted=True cert=True
[clean-BPC  1028.84s] cut_added family=schedule_nogood_core node=23 added=2 source_vehicle=1 route_count=4 signatures=[[18, 15, 16, 19, 4], [1, 3, 2], [5, 20, 8], [6, 14, 17, 10]]
[clean-BPC  1028.84s] node 24 d=6 lb=228.901363 open=13
[clean-BPC  1028.95s] node 24 cg=1 phase=phase1 obj=0.0 artificial=0.0 cols=3451
[clean-BPC  1029.05s] node 24 cg=2 phase=phase2 obj=230.310326 artificial=0.0 cols=3451
[clean-BPC  1031.71s] node 24 cg=2 phase=phase2 kind=heuristic best_rc=0.0 found=0 added=0 exhausted=False cert=False
[clean-BPC  1038.30s] node 24 cg=2 phase=phase2 kind=heuristic_boost best_rc=0.0 found=0 added=0 exhausted=True cert=True
[clean-BPC  1041.23s] branch node 24: left=RF(2,6)=separate right=RF(2,6)=same
[clean-BPC  1041.23s] node 8 d=3 lb=229.072898 open=14
[clean-BPC  1041.40s] node 8 cg=1 phase=phase1 obj=0.0 artificial=0.0 cols=3451
[clean-BPC  1041.56s] node 8 cg=2 phase=phase2 obj=230.65879 artificial=0.0 cols=3451
[clean-BPC  1044.64s] node 8 cg=2 phase=phase2 kind=heuristic best_rc=-0.730354 found=12 added=12 exhausted=False cert=False
[clean-BPC  1044.80s] node 8 cg=3 phase=phase2 obj=230.229134 artificial=0.0 cols=3463
[clean-BPC  1047.87s] node 8 cg=3 phase=phase2 kind=heuristic best_rc=-0.261641893 found=2 added=2 exhausted=False cert=False
[clean-BPC  1048.02s] node 8 cg=4 phase=phase2 obj=230.076346 artificial=0.0 cols=3465
[clean-BPC  1051.07s] node 8 cg=4 phase=phase2 kind=heuristic best_rc=-0.162619625 found=4 added=4 exhausted=False cert=False
[clean-BPC  1051.24s] node 8 cg=5 phase=phase2 obj=230.076346 artificial=0.0 cols=3469
[clean-BPC  1054.27s] node 8 cg=5 phase=phase2 kind=heuristic best_rc=-0.0 found=0 added=0 exhausted=False cert=False
[clean-BPC  1063.23s] node 8 cg=5 phase=phase2 kind=heuristic_boost best_rc=-0.189797 found=2 added=2 exhausted=True cert=True
[clean-BPC  1063.41s] node 8 cg=6 phase=phase2 obj=230.076346 artificial=0.0 cols=3471
[clean-BPC  1066.48s] node 8 cg=6 phase=phase2 kind=heuristic best_rc=-0.0 found=0 added=0 exhausted=False cert=False
[clean-BPC  1075.30s] node 8 cg=6 phase=phase2 kind=heuristic_boost best_rc=-0.0 found=0 added=0 exhausted=True cert=True
[clean-BPC    20.68s] restricted-MIP node 8 status=TIME_LIMIT obj=None accepted=False routes=3471 rejected=19 pair=0 ng=38 sched_cap=0 added_cuts=0 time=20.675915
[clean-BPC  1116.78s] branch node 8: left=RF(6,9)=separate right=RF(6,9)=same
[clean-BPC  1116.78s] node 7 d=3 lb=229.072898 open=15
[clean-BPC  1117.02s] node 7 cg=1 phase=phase1 obj=0.0 artificial=0.0 cols=3471
[clean-BPC  1117.27s] node 7 cg=2 phase=phase2 obj=229.216311 artificial=0.0 cols=3471
[clean-BPC  1120.75s] node 7 cg=2 phase=phase2 kind=heuristic best_rc=-0.438548549 found=16 added=16 exhausted=False cert=False
[clean-BPC  1121.00s] node 7 cg=3 phase=phase2 obj=229.216311 artificial=0.0 cols=3487
[clean-BPC  1124.56s] node 7 cg=3 phase=phase2 kind=heuristic best_rc=-0.0 found=0 added=0 exhausted=False cert=False
[clean-BPC  1134.70s] node 7 cg=3 phase=phase2 kind=heuristic_boost best_rc=-0.189266018 found=2 added=2 exhausted=True cert=True
[clean-BPC  1134.95s] node 7 cg=4 phase=phase2 obj=229.216311 artificial=0.0 cols=3489
[clean-BPC  1138.58s] node 7 cg=4 phase=phase2 kind=heuristic best_rc=-0.0 found=0 added=0 exhausted=False cert=False
[clean-BPC  1149.16s] node 7 cg=4 phase=phase2 kind=heuristic_boost best_rc=-0.02591554 found=2 added=2 exhausted=True cert=True
[clean-BPC  1149.41s] node 7 cg=5 phase=phase2 obj=229.216311 artificial=0.0 cols=3491
[clean-BPC  1152.95s] node 7 cg=5 phase=phase2 kind=heuristic best_rc=-0.0 found=0 added=0 exhausted=False cert=False
[clean-BPC  1163.16s] node 7 cg=5 phase=phase2 kind=heuristic_boost best_rc=-0.0 found=0 added=0 exhausted=True cert=True
[clean-BPC  1184.81s] cut_added family=schedule_nogood_core node=7 added=1 source_vehicle=1 route_count=3 signatures=[[18, 15, 16, 19, 4], [20, 8, 10, 6], [2, 3, 5, 1]]
[clean-BPC    20.99s] restricted-MIP node 7 status=TIME_LIMIT obj=None accepted=False routes=3491 rejected=14 pair=0 ng=28 sched_cap=0 added_cuts=1 time=20.988725
[clean-BPC  1200.75s] node 22 d=5 lb=229.163171 open=15
[clean-BPC  1200.80s] node 22 cg=1 phase=phase1 obj=0.0 artificial=0.0 cols=3491
[clean-BPC  1200.84s] node 22 cg=2 phase=phase2 obj=230.650369 artificial=0.0 cols=3491
[clean-BPC  1203.72s] node 22 cg=2 phase=phase2 kind=heuristic best_rc=-1.496904 found=18 added=18 exhausted=False cert=False
[clean-BPC  1203.77s] node 22 cg=3 phase=phase2 obj=230.473543 artificial=0.0 cols=3509
[clean-BPC  1206.61s] node 22 cg=3 phase=phase2 kind=heuristic best_rc=-0.0 found=0 added=0 exhausted=False cert=False
[clean-BPC  1213.83s] node 22 cg=3 phase=phase2 kind=heuristic_boost best_rc=-0.0 found=0 added=0 exhausted=True cert=True
[clean-BPC  1215.27s] branch node 22: left=RF(2,17)=separate right=RF(2,17)=same
[clean-BPC  1215.27s] node 21 d=5 lb=229.163171 open=16
[clean-BPC  1215.38s] node 21 cg=1 phase=phase1 obj=0.0 artificial=0.0 cols=3509
[clean-BPC  1215.46s] node 21 cg=2 phase=phase2 obj=229.361884 artificial=0.0 cols=3509
[clean-BPC  1218.54s] node 21 cg=2 phase=phase2 kind=heuristic best_rc=0.0 found=0 added=0 exhausted=False cert=False
[clean-BPC  1226.38s] node 21 cg=2 phase=phase2 kind=heuristic_boost best_rc=0.0 found=0 added=0 exhausted=True cert=True
[clean-BPC  1229.09s] branch node 21: left=RF(2,6)=separate right=RF(2,6)=same
[clean-BPC  1229.09s] node 7 d=3 lb=229.216311 open=17
[clean-BPC  1229.33s] node 7 cg=1 phase=phase1 obj=0.0 artificial=0.0 cols=3509
[clean-BPC  1229.58s] node 7 cg=2 phase=phase2 obj=229.216311 artificial=0.0 cols=3509
[clean-BPC  1233.14s] node 7 cg=2 phase=phase2 kind=heuristic best_rc=0.0 found=0 added=0 exhausted=False cert=False
[clean-BPC  1243.30s] node 7 cg=2 phase=phase2 kind=heuristic_boost best_rc=-0.0 found=0 added=0 exhausted=True cert=True
[clean-BPC  1266.37s] cut_added family=schedule_nogood_core node=7 added=1 source_vehicle=1 route_count=3 signatures=[[1, 5, 3, 2], [18, 15, 16, 19, 4], [20, 8, 10, 6]]
[clean-BPC    21.33s] restricted-MIP node 7 status=TIME_LIMIT obj=None accepted=False routes=3509 rejected=14 pair=0 ng=28 sched_cap=0 added_cuts=1 time=21.329326
[clean-BPC  1281.83s] node 7 d=3 lb=229.216311 open=17
[clean-BPC  1282.07s] node 7 cg=1 phase=phase1 obj=0.0 artificial=0.0 cols=3509
[clean-BPC  1282.33s] node 7 cg=2 phase=phase2 obj=229.216311 artificial=0.0 cols=3509
[clean-BPC  1285.88s] node 7 cg=2 phase=phase2 kind=heuristic best_rc=-0.0 found=0 added=0 exhausted=False cert=False
[clean-BPC  1296.10s] node 7 cg=2 phase=phase2 kind=heuristic_boost best_rc=-0.0 found=0 added=0 exhausted=True cert=True
[clean-BPC    20.83s] restricted-MIP node 7 status=TIME_LIMIT obj=None accepted=False routes=3509 rejected=13 pair=0 ng=26 sched_cap=0 added_cuts=0 time=20.833722
[clean-BPC  1341.23s] branch node 7: left=RF(17,20)=separate right=RF(17,20)=same
[clean-BPC  1341.23s] node 35 d=4 lb=229.216311 open=18
[clean-BPC  1341.47s] node 35 cg=1 phase=phase1 obj=0.0 artificial=0.0 cols=3509
[clean-BPC  1341.72s] node 35 cg=2 phase=phase2 obj=229.412336 artificial=0.0 cols=3509
[clean-BPC  1345.34s] node 35 cg=2 phase=phase2 kind=heuristic best_rc=-0.2046128 found=6 added=6 exhausted=False cert=False
[clean-BPC  1345.59s] node 35 cg=3 phase=phase2 obj=229.403145 artificial=0.0 cols=3515
[clean-BPC  1349.07s] node 35 cg=3 phase=phase2 kind=heuristic best_rc=-0.0 found=0 added=0 exhausted=False cert=False
[clean-BPC  1358.37s] node 35 cg=3 phase=phase2 kind=heuristic_boost best_rc=-0.0 found=0 added=0 exhausted=True cert=True
[clean-BPC  1365.23s] branch node 35: left=RF(3,6)=separate right=RF(3,6)=same
[clean-BPC  1365.23s] node 36 d=4 lb=229.216311 open=19
[clean-BPC  1365.41s] node 36 cg=1 phase=phase1 obj=0.0 artificial=0.0 cols=3515
[clean-BPC  1365.58s] node 36 cg=2 phase=phase2 obj=230.950081 artificial=0.0 cols=3515
[clean-BPC  1368.33s] node 36 cg=2 phase=phase2 kind=heuristic best_rc=-0.476537 found=2 added=2 exhausted=False cert=False
[clean-BPC  1368.51s] node 36 cg=3 phase=phase2 obj=230.950081 artificial=0.0 cols=3517
[clean-BPC  1371.24s] node 36 cg=3 phase=phase2 kind=heuristic best_rc=0.101929 found=0 added=0 exhausted=False cert=False
[clean-BPC  1376.87s] node 36 cg=3 phase=phase2 kind=heuristic_boost best_rc=0.0 found=0 added=0 exhausted=True cert=True
[clean-BPC  1381.37s] branch node 36: left=RF(2,8)=separate right=RF(2,8)=same
[clean-BPC  1381.37s] node 33 d=6 lb=229.361884 open=20
[clean-BPC  1381.46s] node 33 cg=1 phase=phase1 obj=0.0 artificial=0.0 cols=3517
[clean-BPC  1381.55s] node 33 cg=2 phase=phase2 obj=229.830861 artificial=0.0 cols=3517
[clean-BPC  1384.45s] node 33 cg=2 phase=phase2 kind=heuristic best_rc=-0.767006 found=6 added=6 exhausted=False cert=False
[clean-BPC  1384.55s] node 33 cg=3 phase=phase2 obj=229.830861 artificial=0.0 cols=3523
[clean-BPC  1387.41s] node 33 cg=3 phase=phase2 kind=heuristic best_rc=0.0 found=0 added=0 exhausted=False cert=False
[clean-BPC  1393.62s] node 33 cg=3 phase=phase2 kind=heuristic_boost best_rc=0.0 found=0 added=0 exhausted=True cert=True
[clean-BPC  1395.78s] branch node 33: left=RF(6,8)=separate right=RF(6,8)=same
[clean-BPC  1395.78s] node 34 d=6 lb=229.361884 open=21
[clean-BPC  1395.83s] node 34 cg=1 phase=phase1 obj=0.0 artificial=0.0 cols=3523
[clean-BPC  1395.88s] node 34 cg=2 phase=phase2 obj=229.965865 artificial=0.0 cols=3523
[clean-BPC  1398.77s] node 34 cg=2 phase=phase2 kind=heuristic best_rc=-0.0 found=0 added=0 exhausted=False cert=False
[clean-BPC  1405.51s] node 34 cg=2 phase=phase2 kind=heuristic_boost best_rc=-0.9714565 found=9 added=9 exhausted=True cert=True
[clean-BPC  1405.56s] node 34 cg=3 phase=phase2 obj=229.965865 artificial=0.0 cols=3532
[clean-BPC  1408.40s] node 34 cg=3 phase=phase2 kind=heuristic best_rc=-0.5344885 found=2 added=2 exhausted=False cert=False
[clean-BPC  1408.46s] node 34 cg=4 phase=phase2 obj=229.965865 artificial=0.0 cols=3534
[clean-BPC  1411.29s] node 34 cg=4 phase=phase2 kind=heuristic best_rc=0.0 found=0 added=0 exhausted=False cert=False
[clean-BPC  1417.88s] node 34 cg=4 phase=phase2 kind=heuristic_boost best_rc=-0.775842 found=12 added=12 exhausted=True cert=True
[clean-BPC  1417.94s] node 34 cg=5 phase=phase2 obj=229.965865 artificial=0.0 cols=3546
[clean-BPC  1420.75s] node 34 cg=5 phase=phase2 kind=heuristic best_rc=0.0 found=0 added=0 exhausted=False cert=False
[clean-BPC  1427.43s] node 34 cg=5 phase=phase2 kind=heuristic_boost best_rc=0.0 found=0 added=0 exhausted=True cert=True
[clean-BPC  1429.01s] branch node 34: left=RF(12,14)=separate right=RF(12,14)=same
[clean-BPC  1429.01s] node 23 d=6 lb=229.371345 open=22
[clean-BPC  1429.13s] node 23 cg=1 phase=phase1 obj=0.0 artificial=0.0 cols=3546
[clean-BPC  1429.27s] node 23 cg=2 phase=phase2 obj=229.371345 artificial=0.0 cols=3546
[clean-BPC  1432.09s] node 23 cg=2 phase=phase2 kind=heuristic best_rc=0.25445 found=0 added=0 exhausted=False cert=False
[clean-BPC  1441.41s] node 23 cg=2 phase=phase2 kind=heuristic_boost best_rc=0.25445 found=0 added=0 exhausted=True cert=True
[clean-BPC  1441.75s] cut_added family=schedule_nogood_core node=23 added=2 source_vehicle=1 route_count=3 signatures=[[18, 15, 16, 19, 4], [1, 3, 2], [8, 20, 5]]
[clean-BPC  1441.75s] node 23 d=6 lb=229.371345 open=22
[clean-BPC  1441.87s] node 23 cg=1 phase=phase1 obj=0.0 artificial=0.0 cols=3546
[clean-BPC  1442.01s] node 23 cg=2 phase=phase2 obj=229.371345 artificial=0.0 cols=3546
[clean-BPC  1444.85s] node 23 cg=2 phase=phase2 kind=heuristic best_rc=0.25445 found=0 added=0 exhausted=False cert=False
[clean-BPC  1454.11s] node 23 cg=2 phase=phase2 kind=heuristic_boost best_rc=0.25445 found=0 added=0 exhausted=True cert=True
[clean-BPC  1455.34s] cut_added family=schedule_nogood_core node=23 added=2 source_vehicle=1 route_count=4 signatures=[[1, 3, 2], [5, 20, 8], [6, 14, 17, 10], [4, 19, 16, 15, 18]]
[clean-BPC  1455.34s] node 23 d=6 lb=229.371345 open=22
[clean-BPC  1455.46s] node 23 cg=1 phase=phase1 obj=0.0 artificial=0.0 cols=3546
[clean-BPC  1455.60s] node 23 cg=2 phase=phase2 obj=229.371345 artificial=0.0 cols=3546
[clean-BPC  1458.41s] node 23 cg=2 phase=phase2 kind=heuristic best_rc=0.25445 found=0 added=0 exhausted=False cert=False
[clean-BPC  1467.71s] node 23 cg=2 phase=phase2 kind=heuristic_boost best_rc=0.25445 found=0 added=0 exhausted=True cert=True
[clean-BPC  1470.21s] branch node 23: left=arc(19,4)=off right=arc(19,4)=on
[clean-BPC  1470.21s] node 45 d=7 lb=229.371345 open=23
[clean-BPC  1470.35s] node 45 cg=1 phase=phase1 obj=0.0 artificial=0.0 cols=3546
[clean-BPC  1470.48s] node 45 cg=2 phase=phase2 obj=229.371345 artificial=0.0 cols=3546
[clean-BPC  1473.37s] node 45 cg=2 phase=phase2 kind=heuristic best_rc=-0.791335 found=7 added=7 exhausted=False cert=False
[clean-BPC  1473.50s] node 45 cg=3 phase=phase2 obj=229.371345 artificial=0.0 cols=3553
[clean-BPC  1476.34s] node 45 cg=3 phase=phase2 kind=heuristic best_rc=0.305516 found=0 added=0 exhausted=False cert=False
[clean-BPC  1485.44s] node 45 cg=3 phase=phase2 kind=heuristic_boost best_rc=0.283239 found=0 added=0 exhausted=True cert=True
[clean-BPC  1486.68s] cut_added family=schedule_nogood_core node=45 added=2 source_vehicle=1 route_count=4 signatures=[[1, 3, 2], [8, 20, 5], [6, 14, 17, 10], [4, 19, 16, 15, 18]]
[clean-BPC  1486.68s] node 46 d=7 lb=229.371345 open=23
[clean-BPC  1486.80s] node 46 cg=1 phase=phase1 obj=0.0 artificial=0.0 cols=3553
[clean-BPC  1486.95s] node 46 cg=2 phase=phase2 obj=229.371345 artificial=0.0 cols=3553
[clean-BPC  1489.77s] node 46 cg=2 phase=phase2 kind=heuristic best_rc=0.305516 found=0 added=0 exhausted=False cert=False
[clean-BPC  1499.05s] node 46 cg=2 phase=phase2 kind=heuristic_boost best_rc=0.283239 found=0 added=0 exhausted=True cert=True
[clean-BPC  1501.93s] branch node 46: left=arc(20,8)=off right=arc(20,8)=on
[clean-BPC  1501.93s] node 45 d=7 lb=229.371345 open=24
[clean-BPC  1502.07s] node 45 cg=1 phase=phase1 obj=0.0 artificial=0.0 cols=3553
[clean-BPC  1502.20s] node 45 cg=2 phase=phase2 obj=229.371345 artificial=0.0 cols=3553
[clean-BPC  1505.07s] node 45 cg=2 phase=phase2 kind=heuristic best_rc=0.305516 found=0 added=0 exhausted=False cert=False
[clean-BPC  1514.25s] node 45 cg=2 phase=phase2 kind=heuristic_boost best_rc=0.283239 found=0 added=0 exhausted=True cert=True
[clean-BPC  1517.04s] branch node 45: left=arc(14,6)=off right=arc(14,6)=on
[clean-BPC  1517.04s] node 47 d=8 lb=229.371345 open=25
[clean-BPC  1517.17s] node 47 cg=1 phase=phase1 obj=0.0 artificial=0.0 cols=3553
[clean-BPC  1517.32s] node 47 cg=2 phase=phase2 obj=229.371345 artificial=0.0 cols=3553
[clean-BPC  1520.13s] node 47 cg=2 phase=phase2 kind=heuristic best_rc=0.305516 found=0 added=0 exhausted=False cert=False
[clean-BPC  1529.40s] node 47 cg=2 phase=phase2 kind=heuristic_boost best_rc=0.283239 found=0 added=0 exhausted=True cert=True
[clean-BPC  1529.73s] cut_added family=schedule_nogood_core node=47 added=2 source_vehicle=1 route_count=3 signatures=[[18, 15, 16, 19, 4], [2, 3, 1], [8, 20, 5]]
[clean-BPC  1529.73s] node 48 d=8 lb=229.371345 open=25
[clean-BPC  1529.88s] node 48 cg=1 phase=phase1 obj=0.0 artificial=0.0 cols=3553
[clean-BPC  1530.01s] node 48 cg=2 phase=phase2 obj=229.371345 artificial=0.0 cols=3553
[clean-BPC  1532.57s] node 48 cg=2 phase=phase2 kind=heuristic best_rc=-0.389027 found=6 added=6 exhausted=False cert=False
[clean-BPC  1532.72s] node 48 cg=3 phase=phase2 obj=229.371345 artificial=0.0 cols=3559
[clean-BPC  1535.25s] node 48 cg=3 phase=phase2 kind=heuristic best_rc=0.3965195 found=0 added=0 exhausted=False cert=False
[clean-BPC  1541.16s] node 48 cg=3 phase=phase2 kind=heuristic_boost best_rc=-0.015363 found=2 added=2 exhausted=True cert=True
[clean-BPC  1541.30s] node 48 cg=4 phase=phase2 obj=229.371345 artificial=0.0 cols=3561
[clean-BPC  1543.83s] node 48 cg=4 phase=phase2 kind=heuristic best_rc=0.3965195 found=0 added=0 exhausted=False cert=False
[clean-BPC  1549.79s] node 48 cg=4 phase=phase2 kind=heuristic_boost best_rc=0.015363 found=0 added=0 exhausted=True cert=True
[clean-BPC  1550.32s] cut_added family=schedule_nogood_core node=48 added=2 source_vehicle=1 route_count=3 signatures=[[18, 15, 16, 19, 4], [5, 20, 8], [10, 17, 14, 6]]
[clean-BPC  1550.32s] node 49 d=8 lb=229.371345 open=25
[clean-BPC  1550.45s] node 49 cg=1 phase=phase1 obj=0.0 artificial=0.0 cols=3561
[clean-BPC  1550.59s] node 49 cg=2 phase=phase2 obj=229.371345 artificial=0.0 cols=3561
[clean-BPC  1553.36s] node 49 cg=2 phase=phase2 kind=heuristic best_rc=0.320361 found=0 added=0 exhausted=False cert=False
[clean-BPC  1560.44s] node 49 cg=2 phase=phase2 kind=heuristic_boost best_rc=0.320361 found=0 added=0 exhausted=True cert=True
[clean-BPC  1563.03s] branch node 49: left=arc(1,3)=off right=arc(1,3)=on
[clean-BPC  1563.03s] node 50 d=8 lb=229.371345 open=26
[clean-BPC  1563.16s] node 50 cg=1 phase=phase1 obj=0.0 artificial=0.0 cols=3561
[clean-BPC  1563.30s] node 50 cg=2 phase=phase2 obj=229.371345 artificial=0.0 cols=3561
[clean-BPC  1566.02s] node 50 cg=2 phase=phase2 kind=heuristic best_rc=-0.265051 found=1 added=1 exhausted=False cert=False
[clean-BPC  1566.15s] node 50 cg=3 phase=phase2 obj=229.371345 artificial=0.0 cols=3562
[clean-BPC  1568.89s] node 50 cg=3 phase=phase2 kind=heuristic best_rc=0.044092 found=0 added=0 exhausted=False cert=False
[clean-BPC  1577.01s] node 50 cg=3 phase=phase2 kind=heuristic_boost best_rc=-0.776867 found=4 added=4 exhausted=True cert=True
[clean-BPC  1577.15s] node 50 cg=4 phase=phase2 obj=229.371345 artificial=0.0 cols=3566
[clean-BPC  1579.91s] node 50 cg=4 phase=phase2 kind=heuristic best_rc=0.0 found=0 added=0 exhausted=False cert=False
[clean-BPC  1588.83s] node 50 cg=4 phase=phase2 kind=heuristic_boost best_rc=0.0 found=0 added=0 exhausted=True cert=True
[clean-BPC  1589.38s] cut_added family=schedule_nogood_core node=50 added=2 source_vehicle=1 route_count=3 signatures=[[5, 20, 8], [10, 17, 14, 6], [4, 19, 16, 15, 18]]
[clean-BPC  1589.38s] node 47 d=8 lb=229.371345 open=26
[clean-BPC  1589.52s] node 47 cg=1 phase=phase1 obj=0.0 artificial=0.0 cols=3566
[clean-BPC  1589.66s] node 47 cg=2 phase=phase2 obj=229.38952 artificial=0.0 cols=3566
[clean-BPC  1592.49s] node 47 cg=2 phase=phase2 kind=heuristic best_rc=0.117655 found=0 added=0 exhausted=False cert=False
[clean-BPC  1601.13s] node 47 cg=2 phase=phase2 kind=heuristic_boost best_rc=0.0 found=0 added=0 exhausted=True cert=True
[clean-BPC  1604.88s] branch node 47: left=arc(8,11)=off right=arc(8,11)=on
[clean-BPC  1604.88s] node 48 d=8 lb=229.371345 open=27
[clean-BPC  1605.03s] node 48 cg=1 phase=phase1 obj=0.0 artificial=0.0 cols=3566
[clean-BPC  1605.16s] node 48 cg=2 phase=phase2 obj=229.371345 artificial=0.0 cols=3566
[clean-BPC  1607.74s] node 48 cg=2 phase=phase2 kind=heuristic best_rc=0.3965195 found=0 added=0 exhausted=False cert=False
[clean-BPC  1613.65s] node 48 cg=2 phase=phase2 kind=heuristic_boost best_rc=0.015363 found=0 added=0 exhausted=True cert=True
[clean-BPC  1614.88s] cut_added family=schedule_nogood_core node=48 added=2 source_vehicle=1 route_count=4 signatures=[[18, 15, 16, 19, 4], [2, 3, 1], [5, 20, 8], [6, 14, 17, 10]]
[clean-BPC  1614.88s] node 51 d=9 lb=229.371345 open=27
[clean-BPC  1615.01s] node 51 cg=1 phase=phase1 obj=0.0 artificial=0.0 cols=3566
[clean-BPC  1615.15s] node 51 cg=2 phase=phase2 obj=229.371345 artificial=0.0 cols=3566
[clean-BPC  1617.98s] node 51 cg=2 phase=phase2 kind=heuristic best_rc=0.320361 found=0 added=0 exhausted=False cert=False
[clean-BPC  1625.12s] node 51 cg=2 phase=phase2 kind=heuristic_boost best_rc=0.320361 found=0 added=0 exhausted=True cert=True
[clean-BPC  1626.34s] cut_added family=schedule_nogood_core node=51 added=2 source_vehicle=1 route_count=4 signatures=[[2, 3, 1], [5, 20, 8], [6, 14, 17, 10], [4, 19, 16, 15, 18]]
[clean-BPC  1626.34s] node 52 d=9 lb=229.371345 open=27
[clean-BPC  1626.47s] node 52 cg=1 phase=phase1 obj=0.0 artificial=0.0 cols=3566
[clean-BPC  1626.62s] node 52 cg=2 phase=phase2 obj=229.384068 artificial=0.0 cols=3566
[clean-BPC  1629.46s] node 52 cg=2 phase=phase2 kind=heuristic best_rc=0.0134395 found=0 added=0 exhausted=False cert=False
[clean-BPC  1636.84s] node 52 cg=2 phase=phase2 kind=heuristic_boost best_rc=0.0134395 found=0 added=0 exhausted=True cert=True
[clean-BPC  1640.43s] branch node 52: left=RF(9,17)=separate right=RF(9,17)=same
[clean-BPC  1640.43s] node 48 d=8 lb=229.371345 open=28
[clean-BPC  1640.56s] node 48 cg=1 phase=phase1 obj=0.0 artificial=0.0 cols=3566
[clean-BPC  1640.71s] node 48 cg=2 phase=phase2 obj=229.689531 artificial=0.0 cols=3566
[clean-BPC  1643.30s] node 48 cg=2 phase=phase2 kind=heuristic best_rc=-0.199634 found=3 added=3 exhausted=False cert=False
[clean-BPC  1643.45s] node 48 cg=3 phase=phase2 obj=229.639623 artificial=0.0 cols=3569
[clean-BPC  1646.03s] node 48 cg=3 phase=phase2 kind=heuristic best_rc=-0.062230173 found=2 added=2 exhausted=False cert=False
[clean-BPC  1646.16s] node 48 cg=4 phase=phase2 obj=229.639623 artificial=0.0 cols=3571
[clean-BPC  1648.78s] node 48 cg=4 phase=phase2 kind=heuristic best_rc=0.212219014 found=0 added=0 exhausted=False cert=False
[clean-BPC  1654.79s] node 48 cg=4 phase=phase2 kind=heuristic_boost best_rc=0.212219014 found=0 added=0 exhausted=True cert=True
[clean-BPC  1657.72s] branch node 48: left=arc(6,14)=off right=arc(6,14)=on
[clean-BPC  1657.72s] node 51 d=9 lb=229.371345 open=29
[clean-BPC  1657.84s] node 51 cg=1 phase=phase1 obj=0.0 artificial=0.0 cols=3571
[clean-BPC  1657.99s] node 51 cg=2 phase=phase2 obj=229.371345 artificial=0.0 cols=3571
[clean-BPC  1660.77s] node 51 cg=2 phase=phase2 kind=heuristic best_rc=0.320361 found=0 added=0 exhausted=False cert=False
[clean-BPC  1667.87s] node 51 cg=2 phase=phase2 kind=heuristic_boost best_rc=0.320361 found=0 added=0 exhausted=True cert=True
[clean-BPC  1669.10s] cut_added family=schedule_nogood_core node=51 added=2 source_vehicle=1 route_count=4 signatures=[[2, 3, 1], [8, 20, 5], [6, 14, 17, 10], [4, 19, 16, 15, 18]]
[clean-BPC  1669.10s] node 50 d=8 lb=229.371345 open=29
[clean-BPC  1669.23s] node 50 cg=1 phase=phase1 obj=0.0 artificial=0.0 cols=3571
[clean-BPC  1669.38s] node 50 cg=2 phase=phase2 obj=229.371345 artificial=0.0 cols=3571
[clean-BPC  1672.16s] node 50 cg=2 phase=phase2 kind=heuristic best_rc=-0.0 found=0 added=0 exhausted=False cert=False
[clean-BPC  1681.17s] node 50 cg=2 phase=phase2 kind=heuristic_boost best_rc=-0.020488 found=2 added=2 exhausted=True cert=True
[clean-BPC  1681.30s] node 50 cg=3 phase=phase2 obj=229.371345 artificial=0.0 cols=3573
[clean-BPC  1684.10s] node 50 cg=3 phase=phase2 kind=heuristic best_rc=-0.068487 found=1 added=1 exhausted=False cert=False
[clean-BPC  1684.25s] node 50 cg=4 phase=phase2 obj=229.371345 artificial=0.0 cols=3574
[clean-BPC  1686.97s] node 50 cg=4 phase=phase2 kind=heuristic best_rc=0.0344585 found=0 added=0 exhausted=False cert=False
[clean-BPC  1695.40s] node 50 cg=4 phase=phase2 kind=heuristic_boost best_rc=0.0344585 found=0 added=0 exhausted=True cert=True
[clean-BPC  1695.92s] cut_added family=schedule_nogood_core node=50 added=2 source_vehicle=1 route_count=3 signatures=[[8, 20, 5], [10, 17, 14, 6], [4, 19, 16, 15, 18]]
[clean-BPC  1695.92s] node 51 d=9 lb=229.371345 open=29
[clean-BPC  1696.06s] node 51 cg=1 phase=phase1 obj=0.0 artificial=0.0 cols=3574
[clean-BPC  1696.20s] node 51 cg=2 phase=phase2 obj=229.383927 artificial=0.0 cols=3574
[clean-BPC  1699.04s] node 51 cg=2 phase=phase2 kind=heuristic best_rc=0.106463281 found=0 added=0 exhausted=False cert=False
[clean-BPC  1706.20s] node 51 cg=2 phase=phase2 kind=heuristic_boost best_rc=0.106463281 found=0 added=0 exhausted=True cert=True
[clean-BPC  1710.08s] branch node 51: left=arc(3,6)=off right=arc(3,6)=on
[clean-BPC  1710.08s] node 50 d=8 lb=229.371345 open=30
[clean-BPC  1710.23s] node 50 cg=1 phase=phase1 obj=0.0 artificial=0.0 cols=3574
[clean-BPC  1710.37s] node 50 cg=2 phase=phase2 obj=229.46075 artificial=0.0 cols=3574
[clean-BPC  1713.24s] node 50 cg=2 phase=phase2 kind=heuristic best_rc=0.158322 found=0 added=0 exhausted=False cert=False
[clean-BPC  1721.34s] node 50 cg=2 phase=phase2 kind=heuristic_boost best_rc=0.158322 found=0 added=0 exhausted=True cert=True
[clean-BPC  1722.03s] cut_added family=schedule_nogood_core node=50 added=2 source_vehicle=1 route_count=3 signatures=[[1, 3, 20, 5], [10, 17, 14, 6], [4, 19, 16, 15, 18]]
[clean-BPC  1722.03s] node 16 d=5 lb=229.377642 open=30
[clean-BPC  1722.14s] node 16 cg=1 phase=phase1 obj=0.0 artificial=0.0 cols=3574
[clean-BPC  1722.23s] node 16 cg=2 phase=phase2 obj=230.031476 artificial=0.0 cols=3574
[clean-BPC  1724.86s] node 16 cg=2 phase=phase2 kind=heuristic best_rc=-0.166669 found=2 added=2 exhausted=False cert=False
[clean-BPC  1724.97s] node 16 cg=3 phase=phase2 obj=230.031476 artificial=0.0 cols=3576
[clean-BPC  1727.59s] node 16 cg=3 phase=phase2 kind=heuristic best_rc=0.309297 found=0 added=0 exhausted=False cert=False
[clean-BPC  1735.50s] node 16 cg=3 phase=phase2 kind=heuristic_boost best_rc=0.0 found=0 added=0 exhausted=True cert=True
[clean-BPC  1736.86s] cut_added family=schedule_nogood_core node=16 added=2 source_vehicle=1 route_count=4 signatures=[[18, 15, 16, 19, 4], [5, 20], [6, 14, 17, 10], [1, 3, 8, 2]]
[clean-BPC  1736.86s] node 15 d=5 lb=229.377642 open=30
[clean-BPC  1736.97s] node 15 cg=1 phase=phase1 obj=0.0 artificial=0.0 cols=3576
[clean-BPC  1737.10s] node 15 cg=2 phase=phase2 obj=230.477141 artificial=0.0 cols=3576
[clean-BPC  1739.79s] node 15 cg=2 phase=phase2 kind=heuristic best_rc=-0.648952 found=10 added=10 exhausted=False cert=False
[clean-BPC  1739.90s] node 15 cg=3 phase=phase2 obj=230.477141 artificial=0.0 cols=3586
[clean-BPC  1742.25s] node 15 cg=3 phase=phase2 kind=heuristic best_rc=0.0 found=0 added=0 exhausted=False cert=False
[clean-BPC  1747.81s] node 15 cg=3 phase=phase2 kind=heuristic_boost best_rc=-0.372126 found=3 added=3 exhausted=True cert=True
[clean-BPC  1747.93s] node 15 cg=4 phase=phase2 obj=230.477141 artificial=0.0 cols=3589
[clean-BPC  1750.32s] node 15 cg=4 phase=phase2 kind=heuristic best_rc=-0.386255 found=2 added=2 exhausted=False cert=False
[clean-BPC  1750.44s] node 15 cg=5 phase=phase2 obj=230.477141 artificial=0.0 cols=3591
[clean-BPC  1753.06s] node 15 cg=5 phase=phase2 kind=heuristic best_rc=-0.015396 found=2 added=2 exhausted=False cert=False
[clean-BPC  1753.17s] node 15 cg=6 phase=phase2 obj=230.477141 artificial=0.0 cols=3593
[clean-BPC  1755.79s] node 15 cg=6 phase=phase2 kind=heuristic best_rc=0.0 found=0 added=0 exhausted=False cert=False
[clean-BPC  1762.44s] node 15 cg=6 phase=phase2 kind=heuristic_boost best_rc=-0.543834 found=14 added=14 exhausted=True cert=True
[clean-BPC  1762.56s] node 15 cg=7 phase=phase2 obj=230.477141 artificial=0.0 cols=3607
[clean-BPC  1765.17s] node 15 cg=7 phase=phase2 kind=heuristic best_rc=-0.0 found=0 added=0 exhausted=False cert=False
[clean-BPC  1772.67s] node 15 cg=7 phase=phase2 kind=heuristic_boost best_rc=-0.0 found=0 added=0 exhausted=True cert=True
[clean-BPC  1774.48s] cut_added family=schedule_nogood_core node=15 added=2 source_vehicle=1 route_count=4 signatures=[[18, 15, 16, 19, 4], [7, 12, 13, 11, 9], [3, 20, 5], [6, 14, 17, 10]]
[clean-BPC  1774.48s] node 59 d=10 lb=229.383927 open=30
[clean-BPC  1774.61s] node 59 cg=1 phase=phase1 obj=0.0 artificial=0.0 cols=3607
[clean-BPC  1774.77s] node 59 cg=2 phase=phase2 obj=229.383927 artificial=0.0 cols=3607
[clean-BPC  1777.57s] node 59 cg=2 phase=phase2 kind=heuristic best_rc=0.329204281 found=0 added=0 exhausted=False cert=False
[clean-BPC  1784.51s] node 59 cg=2 phase=phase2 kind=heuristic_boost best_rc=0.329204281 found=0 added=0 exhausted=True cert=True
[clean-BPC  1788.29s] branch node 59: left=RF(9,17)=separate right=RF(9,17)=same
[clean-BPC  1788.29s] node 60 d=10 lb=229.383927 open=31
[clean-BPC  1788.42s] node 60 cg=1 phase=phase1 obj=0.0 artificial=0.0 cols=3607
[clean-BPC  1788.57s] node 60 cg=2 phase=phase2 obj=230.8079 artificial=0.0 cols=3607
[clean-BPC  1791.01s] node 60 cg=2 phase=phase2 kind=heuristic best_rc=0.1393775 found=0 added=0 exhausted=False cert=False
[clean-BPC  1796.94s] node 60 cg=2 phase=phase2 kind=heuristic_boost best_rc=0.054867 found=0 added=0 exhausted=True cert=True
[clean-BPC  1797.43s] cut_added family=schedule_nogood_core node=60 added=2 source_vehicle=1 route_count=3 signatures=[[1, 5, 20], [4, 19, 16, 15, 18], [3, 6, 17, 14]]
[clean-BPC  1797.43s] node 61 d=11 lb=229.383927 open=31
[clean-BPC  1797.55s] node 61 cg=1 phase=phase1 obj=0.0 artificial=0.0 cols=3607
[clean-BPC  1797.68s] node 61 cg=2 phase=phase2 obj=229.39019 artificial=0.0 cols=3607
[clean-BPC  1800.39s] node 61 cg=2 phase=phase2 kind=heuristic best_rc=-0.071194941 found=2 added=2 exhausted=False cert=False
[clean-BPC  1800.52s] node 61 cg=3 phase=phase2 obj=229.39019 artificial=0.0 cols=3609
[clean-BPC  1803.26s] node 61 cg=3 phase=phase2 kind=heuristic best_rc=0.149151118 found=0 added=0 exhausted=False cert=False
[clean-BPC  1810.60s] node 61 cg=3 phase=phase2 kind=heuristic_boost best_rc=0.149151118 found=0 added=0 exhausted=True cert=True
[clean-BPC  1812.68s] branch node 61: left=RF(2,8)=separate right=RF(2,8)=same
[clean-BPC  1812.68s] node 62 d=11 lb=229.383927 open=32
[clean-BPC  1812.75s] node 62 cg=1 phase=phase1 obj=0.0 artificial=0.0 cols=3609
[clean-BPC  1812.82s] node 62 cg=2 phase=phase2 obj=233.477353 artificial=0.0 cols=3609
[clean-BPC  1815.38s] node 62 cg=2 phase=phase2 kind=heuristic best_rc=-3.783816 found=82 added=82 exhausted=False cert=False
[clean-BPC  1815.47s] node 62 cg=3 phase=phase2 obj=229.766266 artificial=0.0 cols=3691
[clean-BPC  1818.06s] node 62 cg=3 phase=phase2 kind=heuristic best_rc=0.0 found=0 added=0 exhausted=False cert=False
[clean-BPC  1825.51s] node 62 cg=3 phase=phase2 kind=heuristic_boost best_rc=0.0 found=0 added=0 exhausted=True cert=True
[clean-BPC  1826.61s] cut_added family=schedule_nogood_core node=62 added=2 source_vehicle=1 route_count=4 signatures=[[6, 17, 14, 9], [1, 5, 20, 3], [4, 19, 16, 15, 18], [7, 12, 13, 11]]
[clean-BPC  1826.62s] node 55 d=10 lb=229.384068 open=32
[clean-BPC  1826.74s] node 55 cg=1 phase=phase1 obj=0.0 artificial=0.0 cols=3691
[clean-BPC  1826.87s] node 55 cg=2 phase=phase2 obj=229.401147 artificial=0.0 cols=3691
[clean-BPC  1829.62s] node 55 cg=2 phase=phase2 kind=heuristic best_rc=0.023171667 found=0 added=0 exhausted=False cert=False
[clean-BPC  1836.25s] node 55 cg=2 phase=phase2 kind=heuristic_boost best_rc=0.023171667 found=0 added=0 exhausted=True cert=True
[clean-BPC  1838.46s] branch node 55: left=RF(3,20)=separate right=RF(3,20)=same
[clean-BPC  1838.46s] node 56 d=10 lb=229.384068 open=33
[clean-BPC  1838.54s] node 56 cg=1 phase=phase1 obj=0.0 artificial=0.0 cols=3691
[clean-BPC  1838.62s] node 56 cg=2 phase=phase2 obj=229.766266 artificial=0.0 cols=3691
[clean-BPC  1841.32s] node 56 cg=2 phase=phase2 kind=heuristic best_rc=-0.350214 found=4 added=4 exhausted=False cert=False
[clean-BPC  1841.40s] node 56 cg=3 phase=phase2 obj=229.766266 artificial=0.0 cols=3695
[clean-BPC  1844.01s] node 56 cg=3 phase=phase2 kind=heuristic best_rc=0.0 found=0 added=0 exhausted=False cert=False
[clean-BPC  1851.75s] node 56 cg=3 phase=phase2 kind=heuristic_boost best_rc=-0.849286 found=30 added=30 exhausted=True cert=True
[clean-BPC  1851.84s] node 56 cg=4 phase=phase2 obj=229.766266 artificial=0.0 cols=3725
[clean-BPC  1854.54s] node 56 cg=4 phase=phase2 kind=heuristic best_rc=0.0 found=0 added=0 exhausted=False cert=False
[clean-BPC  1862.14s] node 56 cg=4 phase=phase2 kind=heuristic_boost best_rc=-0.169538 found=2 added=2 exhausted=True cert=True
[clean-BPC  1862.23s] node 56 cg=5 phase=phase2 obj=229.766266 artificial=0.0 cols=3727
[clean-BPC  1864.82s] node 56 cg=5 phase=phase2 kind=heuristic best_rc=0.0 found=0 added=0 exhausted=False cert=False
[clean-BPC  1871.95s] node 56 cg=5 phase=phase2 kind=heuristic_boost best_rc=0.0 found=0 added=0 exhausted=True cert=True
[clean-BPC  1873.04s] cut_added family=schedule_nogood_core node=56 added=2 source_vehicle=1 route_count=4 signatures=[[6, 17, 14, 9], [1, 3, 20, 5], [4, 19, 16, 15, 18], [7, 12, 13, 11]]
[clean-BPC  1873.04s] node 53 d=9 lb=229.38952 open=33
[clean-BPC  1873.20s] node 53 cg=1 phase=phase1 obj=0.0 artificial=0.0 cols=3727
[clean-BPC  1873.35s] node 53 cg=2 phase=phase2 obj=229.38952 artificial=0.0 cols=3727
[clean-BPC  1876.22s] node 53 cg=2 phase=phase2 kind=heuristic best_rc=0.318119 found=0 added=0 exhausted=False cert=False
[clean-BPC  1884.03s] node 53 cg=2 phase=phase2 kind=heuristic_boost best_rc=0.1669595 found=0 added=0 exhausted=True cert=True
[clean-BPC  1886.98s] branch node 53: left=RF(8,11)=separate right=RF(8,11)=same
[clean-BPC  1886.98s] node 54 d=9 lb=229.38952 open=34
[clean-BPC  1887.13s] node 54 cg=1 phase=phase1 obj=0.0 artificial=0.0 cols=3727
[clean-BPC  1887.30s] node 54 cg=2 phase=phase2 obj=233.282772 artificial=0.0 cols=3727
[clean-BPC  1889.80s] node 54 cg=2 phase=phase2 kind=heuristic best_rc=-0.792632 found=2 added=2 exhausted=False cert=False
[clean-BPC  1889.96s] node 54 cg=3 phase=phase2 obj=233.282772 artificial=0.0 cols=3729
[clean-BPC  1892.50s] node 54 cg=3 phase=phase2 kind=heuristic best_rc=0.44366 found=0 added=0 exhausted=False cert=False
[clean-BPC  1898.16s] node 54 cg=3 phase=phase2 kind=heuristic_boost best_rc=0.194385 found=0 added=0 exhausted=True cert=True
[clean-BPC  1901.72s] branch node 54: left=arc(11,12)=off right=arc(11,12)=on
[clean-BPC  1901.72s] node 67 d=10 lb=229.38952 open=35
[clean-BPC  1901.87s] node 67 cg=1 phase=phase1 obj=0.0 artificial=0.0 cols=3729
[clean-BPC  1902.04s] node 67 cg=2 phase=phase2 obj=229.401147 artificial=0.0 cols=3729
[clean-BPC  1904.86s] node 67 cg=2 phase=phase2 kind=heuristic best_rc=0.245085333 found=0 added=0 exhausted=False cert=False
[clean-BPC  1912.67s] node 67 cg=2 phase=phase2 kind=heuristic_boost best_rc=0.172772833 found=0 added=0 exhausted=True cert=True
[clean-BPC  1915.41s] branch node 67: left=RF(5,8)=separate right=RF(5,8)=same
[clean-BPC  1915.41s] node 68 d=10 lb=229.38952 open=36
[clean-BPC  1915.56s] node 68 cg=1 phase=phase1 obj=0.0 artificial=0.0 cols=3729
[clean-BPC  1915.68s] node 68 cg=2 phase=phase2 obj=233.282772 artificial=0.0 cols=3729
[clean-BPC  1918.12s] node 68 cg=2 phase=phase2 kind=heuristic best_rc=-1.305027 found=4 added=4 exhausted=False cert=False
[clean-BPC  1918.26s] node 68 cg=3 phase=phase2 obj=233.128123 artificial=0.0 cols=3733
[clean-BPC  1920.71s] node 68 cg=3 phase=phase2 kind=heuristic best_rc=0.134363 found=0 added=0 exhausted=False cert=False
[clean-BPC  1926.44s] node 68 cg=3 phase=phase2 kind=heuristic_boost best_rc=0.134363 found=0 added=0 exhausted=True cert=True
[clean-BPC  1929.22s] branch node 68: left=RF(8,12)=separate right=RF(8,12)=same
[clean-BPC  1929.22s] node 63 d=12 lb=229.39019 open=37
[clean-BPC  1929.35s] node 63 cg=1 phase=phase1 obj=0.0 artificial=0.0 cols=3733
[clean-BPC  1929.47s] node 63 cg=2 phase=phase2 obj=229.689531 artificial=0.0 cols=3733
[clean-BPC  1932.12s] node 63 cg=2 phase=phase2 kind=heuristic best_rc=-1.065533 found=23 added=23 exhausted=False cert=False
[clean-BPC  1932.26s] node 63 cg=3 phase=phase2 obj=229.689531 artificial=0.0 cols=3756
[clean-BPC  1934.93s] node 63 cg=3 phase=phase2 kind=heuristic best_rc=0.11999 found=0 added=0 exhausted=False cert=False
[clean-BPC  1942.37s] node 63 cg=3 phase=phase2 kind=heuristic_boost best_rc=0.11999 found=0 added=0 exhausted=True cert=True
[clean-BPC  1944.86s] branch node 63: left=arc(8,20)=off right=arc(8,20)=on
[clean-BPC  1944.86s] node 64 d=12 lb=229.39019 open=38
[clean-BPC  1944.97s] node 64 cg=1 phase=phase1 obj=0.0 artificial=0.0 cols=3756
[clean-BPC  1945.07s] node 64 cg=2 phase=phase2 obj=229.46075 artificial=0.0 cols=3756
[clean-BPC  1947.79s] node 64 cg=2 phase=phase2 kind=heuristic best_rc=0.0 found=0 added=0 exhausted=False cert=False
[clean-BPC  1954.11s] node 64 cg=2 phase=phase2 kind=heuristic_boost best_rc=-1.103299 found=8 added=8 exhausted=True cert=True
[clean-BPC  1954.23s] node 64 cg=3 phase=phase2 obj=229.46075 artificial=0.0 cols=3764
[clean-BPC  1956.92s] node 64 cg=3 phase=phase2 kind=heuristic best_rc=0.0 found=0 added=0 exhausted=False cert=False
[clean-BPC  1963.28s] node 64 cg=3 phase=phase2 kind=heuristic_boost best_rc=0.0 found=0 added=0 exhausted=True cert=True
[clean-BPC  1965.42s] cut_added family=schedule_nogood_core node=64 added=2 source_vehicle=1 route_count=4 signatures=[[7, 12, 13, 11, 9], [1, 5, 20, 3], [6, 14, 17, 10], [4, 19, 16, 15, 18]]
[clean-BPC  1965.42s] node 19 d=5 lb=229.39794 open=38
[clean-BPC  1965.61s] node 19 cg=1 phase=phase1 obj=0.0 artificial=0.0 cols=3764
[clean-BPC  1965.81s] node 19 cg=2 phase=phase2 obj=229.39794 artificial=0.0 cols=3764
[clean-BPC  1968.87s] node 19 cg=2 phase=phase2 kind=heuristic best_rc=-0.0 found=0 added=0 exhausted=False cert=False
[clean-BPC  1975.76s] node 19 cg=2 phase=phase2 kind=heuristic_boost best_rc=-0.0 found=0 added=0 exhausted=True cert=True
[clean-BPC  1976.85s] cut_added family=schedule_nogood_core node=19 added=2 source_vehicle=1 route_count=4 signatures=[[7, 12, 13, 9], [2, 6, 10, 8], [1, 3, 20, 5], [4, 19, 16, 15, 18]]
[clean-BPC  1976.85s] node 20 d=5 lb=229.39794 open=38
[clean-BPC  1977.07s] node 20 cg=1 phase=phase1 obj=0.0 artificial=0.0 cols=3764
[clean-BPC  1977.28s] node 20 cg=2 phase=phase2 obj=229.39794 artificial=0.0 cols=3764
[clean-BPC  1980.39s] node 20 cg=2 phase=phase2 kind=heuristic best_rc=-0.0 found=0 added=0 exhausted=False cert=False
[clean-BPC  1987.47s] node 20 cg=2 phase=phase2 kind=heuristic_boost best_rc=-0.0 found=0 added=0 exhausted=True cert=True
[clean-BPC  1991.49s] branch node 20: left=arc(20,5)=off right=arc(20,5)=on
[clean-BPC  1991.49s] node 19 d=5 lb=229.39794 open=39
[clean-BPC  1991.67s] node 19 cg=1 phase=phase1 obj=0.0 artificial=0.0 cols=3764
[clean-BPC  1991.88s] node 19 cg=2 phase=phase2 obj=229.39794 artificial=0.0 cols=3764
[clean-BPC  1994.96s] node 19 cg=2 phase=phase2 kind=heuristic best_rc=-0.0 found=0 added=0 exhausted=False cert=False
[clean-BPC  2001.90s] node 19 cg=2 phase=phase2 kind=heuristic_boost best_rc=-0.0 found=0 added=0 exhausted=True cert=True
[clean-BPC  2002.99s] cut_added family=schedule_nogood_core node=19 added=2 source_vehicle=1 route_count=4 signatures=[[7, 12, 13, 9], [2, 8, 10, 6], [1, 3, 20, 5], [4, 19, 16, 15, 18]]
[clean-BPC  2002.99s] node 77 d=6 lb=229.39794 open=39
[clean-BPC  2003.18s] node 77 cg=1 phase=phase1 obj=0.0 artificial=0.0 cols=3764
[clean-BPC  2003.41s] node 77 cg=2 phase=phase2 obj=229.39794 artificial=0.0 cols=3764
[clean-BPC  2006.53s] node 77 cg=2 phase=phase2 kind=heuristic best_rc=-0.001794 found=2 added=2 exhausted=False cert=False
[clean-BPC  2006.73s] node 77 cg=3 phase=phase2 obj=229.39794 artificial=0.0 cols=3766
[clean-BPC  2009.84s] node 77 cg=3 phase=phase2 kind=heuristic best_rc=-0.037043143 found=1 added=1 exhausted=False cert=False
[clean-BPC  2010.06s] node 77 cg=4 phase=phase2 obj=229.39794 artificial=0.0 cols=3767
[clean-BPC  2013.07s] node 77 cg=4 phase=phase2 kind=heuristic best_rc=-0.021334 found=2 added=2 exhausted=False cert=False
[clean-BPC  2013.29s] node 77 cg=5 phase=phase2 obj=229.39794 artificial=0.0 cols=3769
[clean-BPC  2016.39s] node 77 cg=5 phase=phase2 kind=heuristic best_rc=-0.0 found=0 added=0 exhausted=False cert=False
[clean-BPC  2023.85s] node 77 cg=5 phase=phase2 kind=heuristic_boost best_rc=-0.0 found=0 added=0 exhausted=True cert=True
[clean-BPC  2024.53s] cut_added family=schedule_nogood_core node=77 added=2 source_vehicle=1 route_count=3 signatures=[[18, 15, 16, 19, 4], [2, 6, 10, 8], [1, 5, 20, 3]]
[clean-BPC  2024.53s] node 78 d=6 lb=229.39794 open=39
[clean-BPC  2024.74s] node 78 cg=1 phase=phase1 obj=0.0 artificial=0.0 cols=3769
[clean-BPC  2024.96s] node 78 cg=2 phase=phase2 obj=229.39794 artificial=0.0 cols=3769
[clean-BPC  2028.21s] node 78 cg=2 phase=phase2 kind=heuristic best_rc=-0.0 found=0 added=0 exhausted=False cert=False
[clean-BPC  2035.72s] node 78 cg=2 phase=phase2 kind=heuristic_boost best_rc=-0.6971165 found=2 added=2 exhausted=True cert=True
[clean-BPC  2035.94s] node 78 cg=3 phase=phase2 obj=229.39794 artificial=0.0 cols=3771
[clean-BPC  2039.17s] node 78 cg=3 phase=phase2 kind=heuristic best_rc=0.0 found=0 added=0 exhausted=False cert=False
[clean-BPC  2046.70s] node 78 cg=3 phase=phase2 kind=heuristic_boost best_rc=0.0 found=0 added=0 exhausted=True cert=True
[clean-BPC  2047.38s] cut_added family=schedule_nogood_core node=78 added=2 source_vehicle=1 route_count=3 signatures=[[18, 15, 16, 19, 4], [8, 10, 6, 2], [1, 3, 20, 5]]
[clean-BPC  2047.38s] node 19 d=5 lb=229.39794 open=39
[clean-BPC  2047.58s] node 19 cg=1 phase=phase1 obj=0.0 artificial=0.0 cols=3771
[clean-BPC  2047.78s] node 19 cg=2 phase=phase2 obj=229.39794 artificial=0.0 cols=3771
[clean-BPC  2050.94s] node 19 cg=2 phase=phase2 kind=heuristic best_rc=-0.0 found=0 added=0 exhausted=False cert=False
[clean-BPC  2058.07s] node 19 cg=2 phase=phase2 kind=heuristic_boost best_rc=-0.0 found=0 added=0 exhausted=True cert=True
[clean-BPC  2059.17s] cut_added family=schedule_nogood_core node=19 added=2 source_vehicle=1 route_count=4 signatures=[[7, 12, 13, 9], [2, 8, 10, 6], [5, 20, 3, 1], [4, 19, 16, 15, 18]]
[clean-BPC  2059.17s] node 77 d=6 lb=229.39794 open=39
[clean-BPC  2059.39s] node 77 cg=1 phase=phase1 obj=0.0 artificial=0.0 cols=3771
[clean-BPC  2059.62s] node 77 cg=2 phase=phase2 obj=229.39794 artificial=0.0 cols=3771
[clean-BPC  2062.80s] node 77 cg=2 phase=phase2 kind=heuristic best_rc=-0.104729083 found=1 added=1 exhausted=False cert=False
[clean-BPC  2063.03s] node 77 cg=3 phase=phase2 obj=229.39794 artificial=0.0 cols=3772
[clean-BPC  2066.18s] node 77 cg=3 phase=phase2 kind=heuristic best_rc=-0.0 found=0 added=0 exhausted=False cert=False
[clean-BPC  2073.34s] node 77 cg=3 phase=phase2 kind=heuristic_boost best_rc=-0.0 found=0 added=0 exhausted=True cert=True
[clean-BPC  2074.01s] cut_added family=schedule_nogood_core node=77 added=2 source_vehicle=1 route_count=3 signatures=[[18, 15, 16, 19, 4], [2, 8, 10, 6], [1, 5, 20, 3]]
[clean-BPC  2074.01s] node 78 d=6 lb=229.39794 open=39
[clean-BPC  2074.22s] node 78 cg=1 phase=phase1 obj=0.0 artificial=0.0 cols=3772
[clean-BPC  2074.45s] node 78 cg=2 phase=phase2 obj=229.39794 artificial=0.0 cols=3772
[clean-BPC  2077.59s] node 78 cg=2 phase=phase2 kind=heuristic best_rc=0.0 found=0 added=0 exhausted=False cert=False
[clean-BPC  2084.66s] node 78 cg=2 phase=phase2 kind=heuristic_boost best_rc=0.0 found=0 added=0 exhausted=True cert=True
[clean-BPC  2088.86s] branch node 78: left=arc(1,3)=off right=arc(1,3)=on
[clean-BPC  2088.86s] node 19 d=5 lb=229.39794 open=40
[clean-BPC  2089.07s] node 19 cg=1 phase=phase1 obj=0.0 artificial=0.0 cols=3772
[clean-BPC  2089.28s] node 19 cg=2 phase=phase2 obj=229.39794 artificial=0.0 cols=3772
[clean-BPC  2092.50s] node 19 cg=2 phase=phase2 kind=heuristic best_rc=0.0 found=0 added=0 exhausted=False cert=False
[clean-BPC  2100.29s] node 19 cg=2 phase=phase2 kind=heuristic_boost best_rc=-0.0 found=0 added=0 exhausted=True cert=True
[clean-BPC  2101.39s] cut_added family=schedule_nogood_core node=19 added=2 source_vehicle=1 route_count=4 signatures=[[7, 12, 13, 9], [2, 6, 10, 8], [3, 20, 5, 1], [4, 19, 16, 15, 18]]
[clean-BPC  2101.39s] node 77 d=6 lb=229.39794 open=40
[clean-BPC  2101.62s] node 77 cg=1 phase=phase1 obj=0.0 artificial=0.0 cols=3772
[clean-BPC  2101.84s] node 77 cg=2 phase=phase2 obj=229.39794 artificial=0.0 cols=3772
[clean-BPC  2105.06s] node 77 cg=2 phase=phase2 kind=heuristic best_rc=0.09568525 found=0 added=0 exhausted=False cert=False
[clean-BPC  2112.94s] node 77 cg=2 phase=phase2 kind=heuristic_boost best_rc=-0.0 found=0 added=0 exhausted=True cert=True
[clean-BPC  2117.06s] branch node 77: left=arc(1,5)=off right=arc(1,5)=on
[clean-BPC  2117.06s] node 79 d=7 lb=229.39794 open=41
[clean-BPC  2117.27s] node 79 cg=1 phase=phase1 obj=0.0 artificial=0.0 cols=3772
[clean-BPC  2117.50s] node 79 cg=2 phase=phase2 obj=229.39794 artificial=0.0 cols=3772
[clean-BPC  2120.58s] node 79 cg=2 phase=phase2 kind=heuristic best_rc=-0.0 found=0 added=0 exhausted=False cert=False
[clean-BPC  2127.58s] node 79 cg=2 phase=phase2 kind=heuristic_boost best_rc=-0.0 found=0 added=0 exhausted=True cert=True
[clean-BPC  2128.23s] cut_added family=schedule_nogood_core node=79 added=2 source_vehicle=1 route_count=3 signatures=[[18, 15, 16, 19, 4], [2, 8, 10, 6], [3, 20, 5, 1]]
[clean-BPC  2128.23s] node 80 d=7 lb=229.39794 open=41
[clean-BPC  2128.46s] node 80 cg=1 phase=phase1 obj=0.0 artificial=0.0 cols=3772
[clean-BPC  2128.70s] node 80 cg=2 phase=phase2 obj=229.39794 artificial=0.0 cols=3772
[clean-BPC  2132.05s] node 80 cg=2 phase=phase2 kind=heuristic best_rc=0.018352905 found=0 added=0 exhausted=False cert=False
[clean-BPC  2140.15s] node 80 cg=2 phase=phase2 kind=heuristic_boost best_rc=0.0 found=0 added=0 exhausted=True cert=True
[clean-BPC  2140.80s] cut_added family=schedule_nogood_core node=80 added=2 source_vehicle=1 route_count=3 signatures=[[18, 15, 16, 19, 4], [6, 10, 8, 2], [1, 3, 20, 5]]
[clean-BPC  2140.80s] node 19 d=5 lb=229.39794 open=41
[clean-BPC  2141.01s] node 19 cg=1 phase=phase1 obj=0.0 artificial=0.0 cols=3772
[clean-BPC  2141.22s] node 19 cg=2 phase=phase2 obj=229.39794 artificial=0.0 cols=3772
[clean-BPC  2144.38s] node 19 cg=2 phase=phase2 kind=heuristic best_rc=-0.0 found=0 added=0 exhausted=False cert=False
[clean-BPC  2151.51s] node 19 cg=2 phase=phase2 kind=heuristic_boost best_rc=-0.0 found=0 added=0 exhausted=True cert=True
[clean-BPC  2152.58s] cut_added family=schedule_nogood_core node=19 added=2 source_vehicle=1 route_count=4 signatures=[[7, 12, 13, 9], [6, 10, 8, 2], [1, 5, 20, 3], [4, 19, 16, 15, 18]]
[clean-BPC  2152.58s] node 81 d=7 lb=229.39794 open=41
[clean-BPC  2152.81s] node 81 cg=1 phase=phase1 obj=0.0 artificial=0.0 cols=3772
[clean-BPC  2153.04s] node 81 cg=2 phase=phase2 obj=229.39794 artificial=0.0 cols=3772
[clean-BPC  2156.26s] node 81 cg=2 phase=phase2 kind=heuristic best_rc=-0.0178615 found=2 added=2 exhausted=False cert=False
[clean-BPC  2156.49s] node 81 cg=3 phase=phase2 obj=229.39794 artificial=0.0 cols=3774
[clean-BPC  2159.68s] node 81 cg=3 phase=phase2 kind=heuristic best_rc=0.0 found=0 added=0 exhausted=False cert=False
[clean-BPC  2167.06s] node 81 cg=3 phase=phase2 kind=heuristic_boost best_rc=0.0 found=0 added=0 exhausted=True cert=True
[clean-BPC  2167.71s] cut_added family=schedule_nogood_core node=81 added=2 source_vehicle=1 route_count=3 signatures=[[18, 15, 16, 19, 4], [2, 6, 10, 8], [5, 20, 3, 1]]
[clean-BPC  2167.71s] node 82 d=7 lb=229.39794 open=41
[clean-BPC  2167.93s] node 82 cg=1 phase=phase1 obj=0.0 artificial=0.0 cols=3774
[clean-BPC  2168.16s] node 82 cg=2 phase=phase2 obj=229.39794 artificial=0.0 cols=3774
[clean-BPC  2171.32s] node 82 cg=2 phase=phase2 kind=heuristic best_rc=0.16497 found=0 added=0 exhausted=False cert=False
[clean-BPC  2179.06s] node 82 cg=2 phase=phase2 kind=heuristic_boost best_rc=0.16497 found=0 added=0 exhausted=True cert=True
[clean-BPC  2179.73s] cut_added family=schedule_nogood_core node=82 added=2 source_vehicle=1 route_count=3 signatures=[[18, 15, 16, 19, 4], [8, 10, 6, 2], [1, 5, 20, 3]]
[clean-BPC  2179.73s] node 79 d=7 lb=229.39794 open=41
[clean-BPC  2179.95s] node 79 cg=1 phase=phase1 obj=0.0 artificial=0.0 cols=3774
[clean-BPC  2180.16s] node 79 cg=2 phase=phase2 obj=229.39794 artificial=0.0 cols=3774
[clean-BPC  2183.30s] node 79 cg=2 phase=phase2 kind=heuristic best_rc=-0.0 found=0 added=0 exhausted=False cert=False
[clean-BPC  2190.38s] node 79 cg=2 phase=phase2 kind=heuristic_boost best_rc=-0.0 found=0 added=0 exhausted=True cert=True
[clean-BPC  2191.06s] cut_added family=schedule_nogood_core node=79 added=2 source_vehicle=1 route_count=3 signatures=[[18, 15, 16, 19, 4], [2, 6, 10, 8], [3, 20, 5, 1]]
[clean-BPC  2191.06s] node 80 d=7 lb=229.39794 open=41
[clean-BPC  2191.30s] node 80 cg=1 phase=phase1 obj=0.0 artificial=0.0 cols=3774
[clean-BPC  2191.52s] node 80 cg=2 phase=phase2 obj=229.449143 artificial=0.0 cols=3774
[clean-BPC  2194.99s] node 80 cg=2 phase=phase2 kind=heuristic best_rc=0.0 found=0 added=0 exhausted=False cert=False
[clean-BPC  2204.27s] node 80 cg=2 phase=phase2 kind=heuristic_boost best_rc=0.0 found=0 added=0 exhausted=True cert=True
[clean-BPC  2210.13s] branch node 80: left=RF(12,14)=separate right=RF(12,14)=same
[clean-BPC  2210.13s] node 19 d=5 lb=229.39794 open=42
[clean-BPC  2210.34s] node 19 cg=1 phase=phase1 obj=0.0 artificial=0.0 cols=3774
[clean-BPC  2210.57s] node 19 cg=2 phase=phase2 obj=229.39794 artificial=0.0 cols=3774
[clean-BPC  2213.67s] node 19 cg=2 phase=phase2 kind=heuristic best_rc=0.0 found=0 added=0 exhausted=False cert=False
[clean-BPC  2220.80s] node 19 cg=2 phase=phase2 kind=heuristic_boost best_rc=-0.0 found=0 added=0 exhausted=True cert=True
[clean-BPC  2221.88s] cut_added family=schedule_nogood_core node=19 added=2 source_vehicle=1 route_count=4 signatures=[[7, 12, 13, 9], [8, 10, 6, 2], [1, 3, 20, 5], [4, 19, 16, 15, 18]]
[clean-BPC  2221.88s] node 81 d=7 lb=229.39794 open=42
[clean-BPC  2222.09s] node 81 cg=1 phase=phase1 obj=0.0 artificial=0.0 cols=3774
[clean-BPC  2222.32s] node 81 cg=2 phase=phase2 obj=229.39794 artificial=0.0 cols=3774
[clean-BPC  2225.53s] node 81 cg=2 phase=phase2 kind=heuristic best_rc=0.0 found=0 added=0 exhausted=False cert=False
[clean-BPC  2232.97s] node 81 cg=2 phase=phase2 kind=heuristic_boost best_rc=0.0 found=0 added=0 exhausted=True cert=True
[clean-BPC  2233.63s] cut_added family=schedule_nogood_core node=81 added=2 source_vehicle=1 route_count=3 signatures=[[18, 15, 16, 19, 4], [2, 8, 10, 6], [5, 20, 3, 1]]
[clean-BPC  2233.63s] node 82 d=7 lb=229.39794 open=42
[clean-BPC  2233.86s] node 82 cg=1 phase=phase1 obj=0.0 artificial=0.0 cols=3774
[clean-BPC  2234.08s] node 82 cg=2 phase=phase2 obj=229.39794 artificial=0.0 cols=3774
[clean-BPC  2237.16s] node 82 cg=2 phase=phase2 kind=heuristic best_rc=-0.0 found=0 added=0 exhausted=False cert=False
[clean-BPC  2244.18s] node 82 cg=2 phase=phase2 kind=heuristic_boost best_rc=-0.0 found=0 added=0 exhausted=True cert=True
[clean-BPC  2244.85s] cut_added family=schedule_nogood_core node=82 added=2 source_vehicle=1 route_count=3 signatures=[[18, 15, 16, 19, 4], [6, 10, 8, 2], [1, 5, 20, 3]]
[clean-BPC  2244.85s] node 79 d=7 lb=229.39794 open=42
[clean-BPC  2245.06s] node 79 cg=1 phase=phase1 obj=0.0 artificial=0.0 cols=3774
[clean-BPC  2245.30s] node 79 cg=2 phase=phase2 obj=229.490106 artificial=0.0 cols=3774
[clean-BPC  2248.64s] node 79 cg=2 phase=phase2 kind=heuristic best_rc=-0.0703494 found=1 added=1 exhausted=False cert=False
[clean-BPC  2248.87s] node 79 cg=3 phase=phase2 obj=229.490106 artificial=0.0 cols=3775
[clean-BPC  2252.24s] node 79 cg=3 phase=phase2 kind=heuristic best_rc=0.0218162 found=0 added=0 exhausted=False cert=False
[clean-BPC  2260.19s] node 79 cg=3 phase=phase2 kind=heuristic_boost best_rc=-0.0 found=0 added=0 exhausted=True cert=True
[clean-BPC  2263.79s] branch node 79: left=RF(2,17)=separate right=RF(2,17)=same
[clean-BPC  2263.79s] node 19 d=5 lb=229.39794 open=43
[clean-BPC  2264.01s] node 19 cg=1 phase=phase1 obj=0.0 artificial=0.0 cols=3775
[clean-BPC  2264.21s] node 19 cg=2 phase=phase2 obj=229.39794 artificial=0.0 cols=3775
[clean-BPC  2267.33s] node 19 cg=2 phase=phase2 kind=heuristic best_rc=0.0 found=0 added=0 exhausted=False cert=False
[clean-BPC  2274.96s] node 19 cg=2 phase=phase2 kind=heuristic_boost best_rc=0.0 found=0 added=0 exhausted=True cert=True
[clean-BPC  2279.05s] branch node 19: left=arc(3,1)=off right=arc(3,1)=on
[clean-BPC  2279.05s] node 81 d=7 lb=229.39794 open=44
[clean-BPC  2279.28s] node 81 cg=1 phase=phase1 obj=0.0 artificial=0.0 cols=3775
[clean-BPC  2279.50s] node 81 cg=2 phase=phase2 obj=229.39794 artificial=0.0 cols=3775
[clean-BPC  2282.77s] node 81 cg=2 phase=phase2 kind=heuristic best_rc=-0.0 found=0 added=0 exhausted=False cert=False
[clean-BPC  2290.62s] node 81 cg=2 phase=phase2 kind=heuristic_boost best_rc=-0.0 found=0 added=0 exhausted=True cert=True
[clean-BPC  2291.29s] cut_added family=schedule_nogood_core node=81 added=2 source_vehicle=1 route_count=3 signatures=[[18, 15, 16, 19, 4], [8, 10, 6, 2], [5, 20, 3, 1]]
[clean-BPC  2291.29s] node 82 d=7 lb=229.39794 open=44
[clean-BPC  2291.51s] node 82 cg=1 phase=phase1 obj=0.0 artificial=0.0 cols=3775
[clean-BPC  2291.74s] node 82 cg=2 phase=phase2 obj=229.449143 artificial=0.0 cols=3775
[clean-BPC  2295.18s] node 82 cg=2 phase=phase2 kind=heuristic best_rc=0.042297444 found=0 added=0 exhausted=False cert=False
[clean-BPC  2303.57s] node 82 cg=2 phase=phase2 kind=heuristic_boost best_rc=0.042297444 found=0 added=0 exhausted=True cert=True
[clean-BPC  2307.36s] branch node 82: left=RF(2,17)=separate right=RF(2,17)=same
[clean-BPC  2307.36s] node 87 d=6 lb=229.39794 open=45
[clean-BPC  2307.58s] node 87 cg=1 phase=phase1 obj=0.0 artificial=0.0 cols=3775
[clean-BPC  2307.80s] node 87 cg=2 phase=phase2 obj=229.39794 artificial=0.0 cols=3775
[clean-BPC  2310.92s] node 87 cg=2 phase=phase2 kind=heuristic best_rc=-0.0 found=0 added=0 exhausted=False cert=False
[clean-BPC  2317.88s] node 87 cg=2 phase=phase2 kind=heuristic_boost best_rc=-0.0 found=0 added=0 exhausted=True cert=True
[clean-BPC  2321.88s] branch node 87: left=arc(20,5)=off right=arc(20,5)=on
[clean-BPC  2321.88s] node 88 d=6 lb=229.39794 open=46
[clean-BPC  2322.09s] node 88 cg=1 phase=phase1 obj=0.0 artificial=0.0 cols=3775
[clean-BPC  2322.31s] node 88 cg=2 phase=phase2 obj=229.39794 artificial=0.0 cols=3775
[clean-BPC  2325.56s] node 88 cg=2 phase=phase2 kind=heuristic best_rc=0.0 found=0 added=0 exhausted=False cert=False
[clean-BPC  2332.89s] node 88 cg=2 phase=phase2 kind=heuristic_boost best_rc=0.0 found=0 added=0 exhausted=True cert=True
[clean-BPC  2333.95s] cut_added family=schedule_nogood_core node=88 added=2 source_vehicle=1 route_count=4 signatures=[[7, 12, 13, 9], [2, 6, 10, 8], [5, 20, 3, 1], [4, 19, 16, 15, 18]]
[clean-BPC  2333.95s] node 81 d=7 lb=229.39794 open=46
[clean-BPC  2334.19s] node 81 cg=1 phase=phase1 obj=0.0 artificial=0.0 cols=3775
[clean-BPC  2334.42s] node 81 cg=2 phase=phase2 obj=229.39794 artificial=0.0 cols=3775
[clean-BPC  2337.58s] node 81 cg=2 phase=phase2 kind=heuristic best_rc=0.0 found=0 added=0 exhausted=False cert=False
[clean-BPC  2345.05s] node 81 cg=2 phase=phase2 kind=heuristic_boost best_rc=-0.0 found=0 added=0 exhausted=True cert=True
[clean-BPC  2345.73s] cut_added family=schedule_nogood_core node=81 added=2 source_vehicle=1 route_count=3 signatures=[[18, 15, 16, 19, 4], [6, 10, 8, 2], [5, 20, 3, 1]]
[clean-BPC  2345.73s] node 91 d=7 lb=229.39794 open=46
[clean-BPC  2345.93s] node 91 cg=1 phase=phase1 obj=0.0 artificial=0.0 cols=3775
[clean-BPC  2346.14s] node 91 cg=2 phase=phase2 obj=229.39794 artificial=0.0 cols=3775
[clean-BPC  2349.23s] node 91 cg=2 phase=phase2 kind=heuristic best_rc=-0.0 found=0 added=0 exhausted=False cert=False
[clean-BPC  2356.14s] node 91 cg=2 phase=phase2 kind=heuristic_boost best_rc=-0.0 found=0 added=0 exhausted=True cert=True
[clean-BPC  2357.24s] cut_added family=schedule_nogood_core node=91 added=2 source_vehicle=1 route_count=4 signatures=[[7, 12, 13, 9], [2, 8, 10, 6], [1, 5, 20, 3], [4, 19, 16, 15, 18]]
[clean-BPC  2357.24s] node 92 d=7 lb=229.39794 open=46
[clean-BPC  2357.46s] node 92 cg=1 phase=phase1 obj=0.0 artificial=0.0 cols=3775
[clean-BPC  2357.68s] node 92 cg=2 phase=phase2 obj=229.39794 artificial=0.0 cols=3775
[clean-BPC  2360.78s] node 92 cg=2 phase=phase2 kind=heuristic best_rc=0.0 found=0 added=0 exhausted=False cert=False
[clean-BPC  2367.62s] node 92 cg=2 phase=phase2 kind=heuristic_boost best_rc=0.0 found=0 added=0 exhausted=True cert=True
[clean-BPC  2371.63s] branch node 92: left=arc(13,9)=off right=arc(13,9)=on
[clean-BPC  2371.63s] node 88 d=6 lb=229.39794 open=47
[clean-BPC  2371.85s] node 88 cg=1 phase=phase1 obj=0.0 artificial=0.0 cols=3775
[clean-BPC  2372.09s] node 88 cg=2 phase=phase2 obj=229.39794 artificial=0.0 cols=3775
[clean-BPC  2375.27s] node 88 cg=2 phase=phase2 kind=heuristic best_rc=0.0 found=0 added=0 exhausted=False cert=False
[clean-BPC  2382.84s] node 88 cg=2 phase=phase2 kind=heuristic_boost best_rc=-0.0 found=0 added=0 exhausted=True cert=True
[clean-BPC  2383.92s] cut_added family=schedule_nogood_core node=88 added=2 source_vehicle=1 route_count=4 signatures=[[2, 8, 10, 6], [5, 20, 3, 1], [4, 19, 16, 15, 18], [9, 13, 12, 7]]
[clean-BPC  2383.92s] node 94 d=8 lb=229.39794 open=47
[clean-BPC  2384.15s] node 94 cg=1 phase=phase1 obj=0.0 artificial=0.0 cols=3775
[clean-BPC  2384.39s] node 94 cg=2 phase=phase2 obj=229.39794 artificial=0.0 cols=3775
[clean-BPC  2387.52s] node 94 cg=2 phase=phase2 kind=heuristic best_rc=0.0 found=0 added=0 exhausted=False cert=False
[clean-BPC  2394.80s] node 94 cg=2 phase=phase2 kind=heuristic_boost best_rc=0.0 found=0 added=0 exhausted=True cert=True
[clean-BPC  2398.98s] branch node 94: left=arc(2,6)=off right=arc(2,6)=on
[clean-BPC  2398.98s] node 88 d=6 lb=229.39794 open=48
[clean-BPC  2399.21s] node 88 cg=1 phase=phase1 obj=0.0 artificial=0.0 cols=3775
[clean-BPC  2399.44s] node 88 cg=2 phase=phase2 obj=229.39794 artificial=0.0 cols=3775
[clean-BPC  2402.60s] node 88 cg=2 phase=phase2 kind=heuristic best_rc=0.0 found=0 added=0 exhausted=False cert=False
[clean-BPC  2410.19s] node 88 cg=2 phase=phase2 kind=heuristic_boost best_rc=0.0 found=0 added=0 exhausted=True cert=True
[clean-BPC  2411.27s] cut_added family=schedule_nogood_core node=88 added=2 source_vehicle=1 route_count=4 signatures=[[8, 10, 6, 2], [5, 20, 3, 1], [4, 19, 16, 15, 18], [9, 13, 12, 7]]
[clean-BPC  2411.27s] node 88 d=6 lb=229.39794 open=48
[clean-BPC  2411.52s] node 88 cg=1 phase=phase1 obj=0.0 artificial=0.0 cols=3775
[clean-BPC  2411.76s] node 88 cg=2 phase=phase2 obj=229.39794 artificial=0.0 cols=3775
[clean-BPC  2414.82s] node 88 cg=2 phase=phase2 kind=heuristic best_rc=0.0 found=0 added=0 exhausted=False cert=False
[clean-BPC  2421.83s] node 88 cg=2 phase=phase2 kind=heuristic_boost best_rc=0.0 found=0 added=0 exhausted=True cert=True
[clean-BPC  2422.91s] cut_added family=schedule_nogood_core node=88 added=2 source_vehicle=1 route_count=4 signatures=[[7, 12, 13, 9], [8, 10, 6, 2], [5, 20, 3, 1], [4, 19, 16, 15, 18]]
[clean-BPC  2422.91s] node 88 d=6 lb=229.39794 open=48
[clean-BPC  2423.15s] node 88 cg=1 phase=phase1 obj=0.0 artificial=0.0 cols=3775
[clean-BPC  2423.39s] node 88 cg=2 phase=phase2 obj=229.39794 artificial=0.0 cols=3775
[clean-BPC  2426.49s] node 88 cg=2 phase=phase2 kind=heuristic best_rc=-0.0 found=0 added=0 exhausted=False cert=False
[clean-BPC  2433.88s] node 88 cg=2 phase=phase2 kind=heuristic_boost best_rc=-0.0 found=0 added=0 exhausted=True cert=True
[clean-BPC  2434.97s] cut_added family=schedule_nogood_core node=88 added=2 source_vehicle=1 route_count=4 signatures=[[7, 12, 13, 9], [6, 10, 8, 2], [5, 20, 3, 1], [4, 19, 16, 15, 18]]
[clean-BPC  2434.97s] node 95 d=9 lb=229.39794 open=48
[clean-BPC  2435.20s] node 95 cg=1 phase=phase1 obj=0.0 artificial=0.0 cols=3775
[clean-BPC  2435.42s] node 95 cg=2 phase=phase2 obj=229.39794 artificial=0.0 cols=3775
[clean-BPC  2438.52s] node 95 cg=2 phase=phase2 kind=heuristic best_rc=-0.0160725 found=1 added=1 exhausted=False cert=False
[clean-BPC  2438.75s] node 95 cg=3 phase=phase2 obj=229.39794 artificial=0.0 cols=3776
[clean-BPC  2441.82s] node 95 cg=3 phase=phase2 kind=heuristic best_rc=0.401923 found=0 added=0 exhausted=False cert=False
[clean-BPC  2448.94s] node 95 cg=3 phase=phase2 kind=heuristic_boost best_rc=0.401923 found=0 added=0 exhausted=True cert=True
[clean-BPC  2450.03s] cut_added family=schedule_nogood_core node=95 added=2 source_vehicle=1 route_count=4 signatures=[[7, 12, 13, 9], [6, 10, 8, 2], [1, 3, 20, 5], [4, 19, 16, 15, 18]]
[clean-BPC  2450.03s] node 96 d=9 lb=229.39794 open=48
[clean-BPC  2450.27s] node 96 cg=1 phase=phase1 obj=0.0 artificial=0.0 cols=3776
[clean-BPC  2450.49s] node 96 cg=2 phase=phase2 obj=229.613348 artificial=0.0 cols=3776
[clean-BPC  2453.88s] node 96 cg=2 phase=phase2 kind=heuristic best_rc=0.050576 found=0 added=0 exhausted=False cert=False
[clean-BPC  2462.76s] node 96 cg=2 phase=phase2 kind=heuristic_boost best_rc=-0.201083 found=2 added=2 exhausted=True cert=True
[clean-BPC  2462.98s] node 96 cg=3 phase=phase2 obj=229.613348 artificial=0.0 cols=3778
[clean-BPC  2466.36s] node 96 cg=3 phase=phase2 kind=heuristic best_rc=0.050576 found=0 added=0 exhausted=False cert=False
[clean-BPC  2475.20s] node 96 cg=3 phase=phase2 kind=heuristic_boost best_rc=0.050576 found=0 added=0 exhausted=True cert=True
[clean-BPC  2479.85s] branch node 96: left=RF(2,14)=separate right=RF(2,14)=same
[clean-BPC  2479.85s] node 88 d=6 lb=229.39794 open=49
[clean-BPC  2480.09s] node 88 cg=1 phase=phase1 obj=0.0 artificial=0.0 cols=3778
[clean-BPC  2480.32s] node 88 cg=2 phase=phase2 obj=229.39794 artificial=0.0 cols=3778
[clean-BPC  2483.46s] node 88 cg=2 phase=phase2 kind=heuristic best_rc=0.401923 found=0 added=0 exhausted=False cert=False
[clean-BPC  2491.11s] node 88 cg=2 phase=phase2 kind=heuristic_boost best_rc=0.401923 found=0 added=0 exhausted=True cert=True
[clean-BPC  2495.38s] branch node 88: left=arc(6,2)=off right=arc(6,2)=on
[clean-BPC  2495.38s] node 95 d=9 lb=229.39794 open=50
[clean-BPC  2495.61s] node 95 cg=1 phase=phase1 obj=0.0 artificial=0.0 cols=3778
[clean-BPC  2495.84s] node 95 cg=2 phase=phase2 obj=229.39794 artificial=0.0 cols=3778
[clean-BPC  2498.86s] node 95 cg=2 phase=phase2 kind=heuristic best_rc=0.4251 found=0 added=0 exhausted=False cert=False
[clean-BPC  2505.68s] node 95 cg=2 phase=phase2 kind=heuristic_boost best_rc=0.4251 found=0 added=0 exhausted=True cert=True
[clean-BPC  2509.87s] branch node 95: left=arc(6,10)=off right=arc(6,10)=on
[clean-BPC  2509.87s] node 99 d=7 lb=229.39794 open=51
[clean-BPC  2510.10s] node 99 cg=1 phase=phase1 obj=0.0 artificial=0.0 cols=3778
[clean-BPC  2510.32s] node 99 cg=2 phase=phase2 obj=229.39794 artificial=0.0 cols=3778
[clean-BPC  2513.56s] node 99 cg=2 phase=phase2 kind=heuristic best_rc=0.401923 found=0 added=0 exhausted=False cert=False
[clean-BPC  2521.28s] node 99 cg=2 phase=phase2 kind=heuristic_boost best_rc=0.401923 found=0 added=0 exhausted=True cert=True
[clean-BPC  2525.47s] branch node 99: left=arc(13,9)=off right=arc(13,9)=on
[clean-BPC  2525.47s] node 100 d=7 lb=229.39794 open=52
[clean-BPC  2525.70s] node 100 cg=1 phase=phase1 obj=0.0 artificial=0.0 cols=3778
[clean-BPC  2525.94s] node 100 cg=2 phase=phase2 obj=229.588327 artificial=0.0 cols=3778
[clean-BPC  2529.52s] node 100 cg=2 phase=phase2 kind=heuristic best_rc=-0.463091 found=1 added=1 exhausted=False cert=False
[clean-BPC  2529.76s] node 100 cg=3 phase=phase2 obj=229.588327 artificial=0.0 cols=3779
[clean-BPC  2533.24s] node 100 cg=3 phase=phase2 kind=heuristic best_rc=0.0 found=0 added=0 exhausted=False cert=False
[clean-BPC  2542.88s] node 100 cg=3 phase=phase2 kind=heuristic_boost best_rc=0.0 found=0 added=0 exhausted=True cert=True
[clean-BPC  2546.53s] branch node 100: left=RF(2,14)=separate right=RF(2,14)=same
[clean-BPC  2546.53s] node 101 d=10 lb=229.39794 open=53
[clean-BPC  2546.75s] node 101 cg=1 phase=phase1 obj=0.0 artificial=0.0 cols=3779
[clean-BPC  2546.98s] node 101 cg=2 phase=phase2 obj=229.39794 artificial=0.0 cols=3779
[clean-BPC  2550.05s] node 101 cg=2 phase=phase2 kind=heuristic best_rc=0.248846 found=0 added=0 exhausted=False cert=False
[clean-BPC  2557.07s] node 101 cg=2 phase=phase2 kind=heuristic_boost best_rc=0.248846 found=0 added=0 exhausted=True cert=True
[clean-BPC  2560.31s] branch node 101: left=arc(6,2)=off right=arc(6,2)=on
[clean-BPC  2560.31s] node 102 d=10 lb=229.39794 open=54
[clean-BPC  2560.52s] node 102 cg=1 phase=phase1 obj=0.0 artificial=0.0 cols=3779
[clean-BPC  2560.76s] node 102 cg=2 phase=phase2 obj=229.733301 artificial=0.0 cols=3779
[clean-BPC  2564.10s] node 102 cg=2 phase=phase2 kind=heuristic best_rc=0.107988 found=0 added=0 exhausted=False cert=False
[clean-BPC  2572.93s] node 102 cg=2 phase=phase2 kind=heuristic_boost best_rc=0.107988 found=0 added=0 exhausted=True cert=True
[clean-BPC  2578.02s] branch node 102: left=RF(10,13)=separate right=RF(10,13)=same
[clean-BPC  2578.02s] node 103 d=8 lb=229.39794 open=55
[clean-BPC  2578.23s] node 103 cg=1 phase=phase1 obj=0.0 artificial=0.0 cols=3779
[clean-BPC  2578.45s] node 103 cg=2 phase=phase2 obj=229.39794 artificial=0.0 cols=3779
[clean-BPC  2581.66s] node 103 cg=2 phase=phase2 kind=heuristic best_rc=0.401923 found=0 added=0 exhausted=False cert=False
[clean-BPC  2588.72s] node 103 cg=2 phase=phase2 kind=heuristic_boost best_rc=0.401923 found=0 added=0 exhausted=True cert=True
[clean-BPC  2589.80s] cut_added family=schedule_nogood_core node=103 added=2 source_vehicle=1 route_count=4 signatures=[[2, 6, 10, 8], [5, 20, 3, 1], [4, 19, 16, 15, 18], [9, 13, 12, 7]]
[clean-BPC  2589.80s] node 104 d=8 lb=229.39794 open=55
[clean-BPC  2590.03s] node 104 cg=1 phase=phase1 obj=0.0 artificial=0.0 cols=3779
[clean-BPC  2590.26s] node 104 cg=2 phase=phase2 obj=229.552304 artificial=0.0 cols=3779
[clean-BPC  2593.64s] node 104 cg=2 phase=phase2 kind=heuristic best_rc=0.205763277 found=0 added=0 exhausted=False cert=False
[clean-BPC  2602.57s] node 104 cg=2 phase=phase2 kind=heuristic_boost best_rc=-0.014655672 found=1 added=1 exhausted=True cert=True
[clean-BPC  2602.81s] node 104 cg=3 phase=phase2 obj=229.552304 artificial=0.0 cols=3780
[clean-BPC  2606.18s] node 104 cg=3 phase=phase2 kind=heuristic best_rc=0.213252466 found=0 added=0 exhausted=False cert=False
[clean-BPC  2615.21s] node 104 cg=3 phase=phase2 kind=heuristic_boost best_rc=0.144677389 found=0 added=0 exhausted=True cert=True
[clean-BPC  2619.52s] branch node 104: left=arc(10,8)=off right=arc(10,8)=on
[clean-BPC  2619.52s] node 107 d=11 lb=229.39794 open=56
[clean-BPC  2619.73s] node 107 cg=1 phase=phase1 obj=0.0 artificial=0.0 cols=3780
[clean-BPC  2619.96s] node 107 cg=2 phase=phase2 obj=229.39794 artificial=0.0 cols=3780
[clean-BPC  2623.25s] node 107 cg=2 phase=phase2 kind=heuristic best_rc=-0.053461722 found=3 added=3 exhausted=False cert=False
[clean-BPC  2623.47s] node 107 cg=3 phase=phase2 obj=229.39794 artificial=0.0 cols=3783
[clean-BPC  2626.74s] node 107 cg=3 phase=phase2 kind=heuristic best_rc=0.117689 found=0 added=0 exhausted=False cert=False
[clean-BPC  2635.50s] node 107 cg=3 phase=phase2 kind=heuristic_boost best_rc=-0.7223525 found=7 added=7 exhausted=True cert=True
[clean-BPC  2635.70s] node 107 cg=4 phase=phase2 obj=229.39794 artificial=0.0 cols=3790
[clean-BPC  2638.93s] node 107 cg=4 phase=phase2 kind=heuristic best_rc=0.216028 found=0 added=0 exhausted=False cert=False
[clean-BPC  2647.29s] node 107 cg=4 phase=phase2 kind=heuristic_boost best_rc=0.216028 found=0 added=0 exhausted=True cert=True
[clean-BPC  2648.40s] cut_added family=schedule_nogood_core node=107 added=2 source_vehicle=1 route_count=4 signatures=[[7, 12, 13, 9], [2, 8, 10, 6], [3, 20, 5, 1], [4, 19, 16, 15, 18]]
[clean-BPC  2648.40s] node 103 d=8 lb=229.39794 open=56
[clean-BPC  2648.60s] node 103 cg=1 phase=phase1 obj=0.0 artificial=0.0 cols=3790
[clean-BPC  2648.83s] node 103 cg=2 phase=phase2 obj=229.39794 artificial=0.0 cols=3790
[clean-BPC  2652.08s] node 103 cg=2 phase=phase2 kind=heuristic best_rc=0.401923 found=0 added=0 exhausted=False cert=False
[clean-BPC  2659.26s] node 103 cg=2 phase=phase2 kind=heuristic_boost best_rc=0.401923 found=0 added=0 exhausted=True cert=True
[clean-BPC  2660.37s] cut_added family=schedule_nogood_core node=103 added=2 source_vehicle=1 route_count=4 signatures=[[6, 10, 8, 2], [5, 20, 3, 1], [4, 19, 16, 15, 18], [9, 13, 12, 7]]
[clean-BPC  2660.37s] node 108 d=11 lb=229.39794 open=56
[clean-BPC  2660.58s] node 108 cg=1 phase=phase1 obj=0.0 artificial=0.0 cols=3790
[clean-BPC  2660.81s] node 108 cg=2 phase=phase2 obj=229.705346 artificial=0.0 cols=3790
[clean-BPC  2664.20s] node 108 cg=2 phase=phase2 kind=heuristic best_rc=-0.7848 found=1 added=1 exhausted=False cert=False
[clean-BPC  2664.43s] node 108 cg=3 phase=phase2 obj=229.705346 artificial=0.0 cols=3791
[clean-BPC  2667.74s] node 108 cg=3 phase=phase2 kind=heuristic best_rc=-0.000215 found=2 added=2 exhausted=False cert=False
[clean-BPC  2667.97s] node 108 cg=4 phase=phase2 obj=229.705346 artificial=0.0 cols=3793
[clean-BPC  2671.26s] node 108 cg=4 phase=phase2 kind=heuristic best_rc=0.136122964 found=0 added=0 exhausted=False cert=False
[clean-BPC  2679.81s] node 108 cg=4 phase=phase2 kind=heuristic_boost best_rc=0.136122964 found=0 added=0 exhausted=True cert=True
[clean-BPC  2684.02s] branch node 108: left=arc(10,6)=off right=arc(10,6)=on
[clean-BPC  2684.02s] node 107 d=11 lb=229.39794 open=57
[clean-BPC  2684.24s] node 107 cg=1 phase=phase1 obj=0.0 artificial=0.0 cols=3793
[clean-BPC  2684.45s] node 107 cg=2 phase=phase2 obj=229.607849 artificial=0.0 cols=3793
[clean-BPC  2687.79s] node 107 cg=2 phase=phase2 kind=heuristic best_rc=0.129299667 found=0 added=0 exhausted=False cert=False
[clean-BPC  2696.06s] node 107 cg=2 phase=phase2 kind=heuristic_boost best_rc=0.129299667 found=0 added=0 exhausted=True cert=True
[clean-BPC  2701.65s] branch node 107: left=RF(9,17)=separate right=RF(9,17)=same
[clean-BPC  2701.65s] node 103 d=8 lb=229.39794 open=58
[clean-BPC  2701.87s] node 103 cg=1 phase=phase1 obj=0.0 artificial=0.0 cols=3793
[clean-BPC  2702.07s] node 103 cg=2 phase=phase2 obj=229.426742 artificial=0.0 cols=3793
[clean-BPC  2705.50s] node 103 cg=2 phase=phase2 kind=heuristic best_rc=0.401923 found=0 added=0 exhausted=False cert=False
[clean-BPC  2713.92s] node 103 cg=2 phase=phase2 kind=heuristic_boost best_rc=0.401923 found=0 added=0 exhausted=True cert=True
[clean-BPC  2717.38s] branch node 103: left=RF(8,17)=separate right=RF(8,17)=same
[clean-BPC  2717.38s] node 81 d=7 lb=229.39794 open=59
[clean-BPC  2717.63s] node 81 cg=1 phase=phase1 obj=0.0 artificial=0.0 cols=3793
[clean-BPC  2717.88s] node 81 cg=2 phase=phase2 obj=229.449143 artificial=0.0 cols=3793
[clean-BPC  2721.33s] node 81 cg=2 phase=phase2 kind=heuristic best_rc=0.401923 found=0 added=0 exhausted=False cert=False
[clean-BPC  2729.50s] node 81 cg=2 phase=phase2 kind=heuristic_boost best_rc=0.401923 found=0 added=0 exhausted=True cert=True
[clean-BPC  2733.26s] branch node 81: left=RF(2,17)=separate right=RF(2,17)=same
[clean-BPC  2733.26s] node 91 d=7 lb=229.39794 open=60
[clean-BPC  2733.47s] node 91 cg=1 phase=phase1 obj=0.0 artificial=0.0 cols=3793
[clean-BPC  2733.69s] node 91 cg=2 phase=phase2 obj=229.39794 artificial=0.0 cols=3793
[clean-BPC  2736.77s] node 91 cg=2 phase=phase2 kind=heuristic best_rc=0.401923 found=0 added=0 exhausted=False cert=False
[clean-BPC  2743.64s] node 91 cg=2 phase=phase2 kind=heuristic_boost best_rc=0.401923 found=0 added=0 exhausted=True cert=True
[clean-BPC  2744.74s] cut_added family=schedule_nogood_core node=91 added=2 source_vehicle=1 route_count=4 signatures=[[7, 12, 13, 9], [2, 6, 10, 8], [1, 5, 20, 3], [4, 19, 16, 15, 18]]
[clean-BPC  2744.74s] node 93 d=8 lb=229.39794 open=60
[clean-BPC  2744.96s] node 93 cg=1 phase=phase1 obj=0.0 artificial=0.0 cols=3793
[clean-BPC  2745.16s] node 93 cg=2 phase=phase2 obj=229.39794 artificial=0.0 cols=3793
[clean-BPC  2748.25s] node 93 cg=2 phase=phase2 kind=heuristic best_rc=0.401923 found=0 added=0 exhausted=False cert=False
[clean-BPC  2754.94s] node 93 cg=2 phase=phase2 kind=heuristic_boost best_rc=0.401923 found=0 added=0 exhausted=True cert=True
[clean-BPC  2756.03s] cut_added family=schedule_nogood_core node=93 added=2 source_vehicle=1 route_count=4 signatures=[[2, 6, 10, 8], [1, 3, 20, 5], [4, 19, 16, 15, 18], [9, 13, 12, 7]]
[clean-BPC  2756.03s] node 91 d=7 lb=229.39794 open=60
[clean-BPC  2756.24s] node 91 cg=1 phase=phase1 obj=0.0 artificial=0.0 cols=3793
[clean-BPC  2756.47s] node 91 cg=2 phase=phase2 obj=229.39794 artificial=0.0 cols=3793
[clean-BPC  2759.53s] node 91 cg=2 phase=phase2 kind=heuristic best_rc=0.401923 found=0 added=0 exhausted=False cert=False
[clean-BPC  2766.43s] node 91 cg=2 phase=phase2 kind=heuristic_boost best_rc=0.401923 found=0 added=0 exhausted=True cert=True
[clean-BPC  2770.58s] branch node 91: left=arc(13,9)=off right=arc(13,9)=on
[clean-BPC  2770.58s] node 93 d=8 lb=229.39794 open=61
[clean-BPC  2770.81s] node 93 cg=1 phase=phase1 obj=0.0 artificial=0.0 cols=3793
[clean-BPC  2771.01s] node 93 cg=2 phase=phase2 obj=229.39794 artificial=0.0 cols=3793
[clean-BPC  2774.10s] node 93 cg=2 phase=phase2 kind=heuristic best_rc=0.401923 found=0 added=0 exhausted=False cert=False
[clean-BPC  2780.88s] node 93 cg=2 phase=phase2 kind=heuristic_boost best_rc=0.401923 found=0 added=0 exhausted=True cert=True
[clean-BPC  2781.98s] cut_added family=schedule_nogood_core node=93 added=2 source_vehicle=1 route_count=4 signatures=[[2, 8, 10, 6], [1, 3, 20, 5], [4, 19, 16, 15, 18], [9, 13, 12, 7]]
[clean-BPC  2781.98s] node 121 d=8 lb=229.39794 open=61
[clean-BPC  2782.18s] node 121 cg=1 phase=phase1 obj=0.0 artificial=0.0 cols=3793
[clean-BPC  2782.40s] node 121 cg=2 phase=phase2 obj=229.39794 artificial=0.0 cols=3793
[clean-BPC  2785.50s] node 121 cg=2 phase=phase2 kind=heuristic best_rc=0.401923 found=0 added=0 exhausted=False cert=False
[clean-BPC  2792.23s] node 121 cg=2 phase=phase2 kind=heuristic_boost best_rc=0.401923 found=0 added=0 exhausted=True cert=True
[clean-BPC  2793.32s] cut_added family=schedule_nogood_core node=121 added=2 source_vehicle=1 route_count=4 signatures=[[2, 8, 10, 6], [1, 5, 20, 3], [4, 19, 16, 15, 18], [9, 13, 12, 7]]
[clean-BPC  2793.32s] node 122 d=8 lb=229.39794 open=61
[clean-BPC  2793.53s] node 122 cg=1 phase=phase1 obj=0.0 artificial=0.0 cols=3793
[clean-BPC  2793.76s] node 122 cg=2 phase=phase2 obj=229.39794 artificial=0.0 cols=3793
[clean-BPC  2796.95s] node 122 cg=2 phase=phase2 kind=heuristic best_rc=0.401923 found=0 added=0 exhausted=False cert=False
[clean-BPC  2804.26s] node 122 cg=2 phase=phase2 kind=heuristic_boost best_rc=0.401923 found=0 added=0 exhausted=True cert=True
[clean-BPC  2805.33s] cut_added family=schedule_nogood_core node=122 added=2 source_vehicle=1 route_count=4 signatures=[[7, 12, 13, 9], [8, 10, 6, 2], [1, 5, 20, 3], [4, 19, 16, 15, 18]]
[clean-BPC  2805.33s] node 93 d=8 lb=229.39794 open=61
[clean-BPC  2805.56s] node 93 cg=1 phase=phase1 obj=0.0 artificial=0.0 cols=3793
[clean-BPC  2805.78s] node 93 cg=2 phase=phase2 obj=229.39794 artificial=0.0 cols=3793
[clean-BPC  2808.85s] node 93 cg=2 phase=phase2 kind=heuristic best_rc=0.401923 found=0 added=0 exhausted=False cert=False
[clean-BPC  2815.68s] node 93 cg=2 phase=phase2 kind=heuristic_boost best_rc=0.401923 found=0 added=0 exhausted=True cert=True
[clean-BPC  2819.76s] branch node 93: left=arc(1,3)=off right=arc(1,3)=on
[clean-BPC  2819.76s] node 121 d=8 lb=229.39794 open=62
[clean-BPC  2819.95s] node 121 cg=1 phase=phase1 obj=0.0 artificial=0.0 cols=3793
[clean-BPC  2820.17s] node 121 cg=2 phase=phase2 obj=229.39794 artificial=0.0 cols=3793
[clean-BPC  2823.27s] node 121 cg=2 phase=phase2 kind=heuristic best_rc=0.401923 found=0 added=0 exhausted=False cert=False
[clean-BPC  2830.01s] node 121 cg=2 phase=phase2 kind=heuristic_boost best_rc=0.401923 found=0 added=0 exhausted=True cert=True
[clean-BPC  2831.09s] cut_added family=schedule_nogood_core node=121 added=2 source_vehicle=1 route_count=4 signatures=[[2, 6, 10, 8], [1, 5, 20, 3], [4, 19, 16, 15, 18], [9, 13, 12, 7]]
[clean-BPC  2831.09s] node 122 d=8 lb=229.39794 open=62
[clean-BPC  2831.30s] node 122 cg=1 phase=phase1 obj=0.0 artificial=0.0 cols=3793
[clean-BPC  2831.54s] node 122 cg=2 phase=phase2 obj=229.513713 artificial=0.0 cols=3793
[clean-BPC  2834.97s] node 122 cg=2 phase=phase2 kind=heuristic best_rc=0.150776 found=0 added=0 exhausted=False cert=False
[clean-BPC  2843.82s] node 122 cg=2 phase=phase2 kind=heuristic_boost best_rc=0.150776 found=0 added=0 exhausted=True cert=True
[clean-BPC  2848.10s] branch node 122: left=arc(8,10)=off right=arc(8,10)=on
[clean-BPC  2848.10s] node 123 d=9 lb=229.39794 open=63
[clean-BPC  2848.31s] node 123 cg=1 phase=phase1 obj=0.0 artificial=0.0 cols=3793
[clean-BPC  2848.53s] node 123 cg=2 phase=phase2 obj=229.39794 artificial=0.0 cols=3793
[clean-BPC  2851.81s] node 123 cg=2 phase=phase2 kind=heuristic best_rc=0.110735 found=0 added=0 exhausted=False cert=False
[clean-BPC  2859.41s] node 123 cg=2 phase=phase2 kind=heuristic_boost best_rc=0.110735 found=0 added=0 exhausted=True cert=True
[clean-BPC  2860.51s] cut_added family=schedule_nogood_core node=123 added=2 source_vehicle=1 route_count=4 signatures=[[2, 6, 10, 8], [3, 20, 5, 1], [4, 19, 16, 15, 18], [9, 13, 12, 7]]
[clean-BPC  2860.51s] node 124 d=9 lb=229.39794 open=63
[clean-BPC  2860.73s] node 124 cg=1 phase=phase1 obj=0.0 artificial=0.0 cols=3793
[clean-BPC  2860.95s] node 124 cg=2 phase=phase2 obj=229.39794 artificial=0.0 cols=3793
[clean-BPC  2864.14s] node 124 cg=2 phase=phase2 kind=heuristic best_rc=0.401923 found=0 added=0 exhausted=False cert=False
[clean-BPC  2871.37s] node 124 cg=2 phase=phase2 kind=heuristic_boost best_rc=0.401923 found=0 added=0 exhausted=True cert=True
[clean-BPC  2872.46s] cut_added family=schedule_nogood_core node=124 added=2 source_vehicle=1 route_count=4 signatures=[[6, 10, 8, 2], [1, 3, 20, 5], [4, 19, 16, 15, 18], [9, 13, 12, 7]]
[clean-BPC  2872.46s] node 121 d=8 lb=229.39794 open=63
[clean-BPC  2872.68s] node 121 cg=1 phase=phase1 obj=0.0 artificial=0.0 cols=3793
[clean-BPC  2872.89s] node 121 cg=2 phase=phase2 obj=229.39794 artificial=0.0 cols=3793
[clean-BPC  2875.92s] node 121 cg=2 phase=phase2 kind=heuristic best_rc=0.401923 found=0 added=0 exhausted=False cert=False
[clean-BPC  2882.64s] node 121 cg=2 phase=phase2 kind=heuristic_boost best_rc=0.401923 found=0 added=0 exhausted=True cert=True
[clean-BPC  2883.73s] cut_added family=schedule_nogood_core node=121 added=2 source_vehicle=1 route_count=4 signatures=[[6, 10, 8, 2], [1, 5, 20, 3], [4, 19, 16, 15, 18], [9, 13, 12, 7]]
[clean-BPC  2883.73s] node 123 d=9 lb=229.39794 open=63
[clean-BPC  2883.95s] node 123 cg=1 phase=phase1 obj=0.0 artificial=0.0 cols=3793
[clean-BPC  2884.16s] node 123 cg=2 phase=phase2 obj=229.39794 artificial=0.0 cols=3793
[clean-BPC  2887.44s] node 123 cg=2 phase=phase2 kind=heuristic best_rc=0.15157875 found=0 added=0 exhausted=False cert=False
[clean-BPC  2895.09s] node 123 cg=2 phase=phase2 kind=heuristic_boost best_rc=-0.5212565 found=12 added=12 exhausted=True cert=True
[clean-BPC  2895.31s] node 123 cg=3 phase=phase2 obj=229.39794 artificial=0.0 cols=3805
[clean-BPC  2898.44s] node 123 cg=3 phase=phase2 kind=heuristic best_rc=0.283239 found=0 added=0 exhausted=False cert=False
[clean-BPC  2905.73s] node 123 cg=3 phase=phase2 kind=heuristic_boost best_rc=0.283239 found=0 added=0 exhausted=True cert=True
[clean-BPC  2906.82s] cut_added family=schedule_nogood_core node=123 added=2 source_vehicle=1 route_count=4 signatures=[[2, 8, 10, 6], [3, 20, 5, 1], [4, 19, 16, 15, 18], [9, 13, 12, 7]]
[clean-BPC  2906.82s] node 124 d=9 lb=229.39794 open=63
[clean-BPC  2907.06s] node 124 cg=1 phase=phase1 obj=0.0 artificial=0.0 cols=3805
[clean-BPC  2907.29s] node 124 cg=2 phase=phase2 obj=229.39794 artificial=0.0 cols=3805
[clean-BPC  2910.48s] node 124 cg=2 phase=phase2 kind=heuristic best_rc=0.401923 found=0 added=0 exhausted=False cert=False
[clean-BPC  2917.74s] node 124 cg=2 phase=phase2 kind=heuristic_boost best_rc=0.401923 found=0 added=0 exhausted=True cert=True
[clean-BPC  2918.84s] cut_added family=schedule_nogood_core node=124 added=2 source_vehicle=1 route_count=4 signatures=[[8, 10, 6, 2], [1, 3, 20, 5], [4, 19, 16, 15, 18], [9, 13, 12, 7]]
[clean-BPC  2918.84s] node 121 d=8 lb=229.39794 open=63
[clean-BPC  2919.06s] node 121 cg=1 phase=phase1 obj=0.0 artificial=0.0 cols=3805
[clean-BPC  2919.28s] node 121 cg=2 phase=phase2 obj=229.39794 artificial=0.0 cols=3805
[clean-BPC  2922.31s] node 121 cg=2 phase=phase2 kind=heuristic best_rc=0.401923 found=0 added=0 exhausted=False cert=False
[clean-BPC  2929.04s] node 121 cg=2 phase=phase2 kind=heuristic_boost best_rc=0.401923 found=0 added=0 exhausted=True cert=True
[clean-BPC  2930.12s] cut_added family=schedule_nogood_core node=121 added=2 source_vehicle=1 route_count=4 signatures=[[8, 10, 6, 2], [1, 5, 20, 3], [4, 19, 16, 15, 18], [9, 13, 12, 7]]
[clean-BPC  2930.12s] node 123 d=9 lb=229.39794 open=63
[clean-BPC  2930.33s] node 123 cg=1 phase=phase1 obj=0.0 artificial=0.0 cols=3805
[clean-BPC  2930.56s] node 123 cg=2 phase=phase2 obj=229.439833 artificial=0.0 cols=3805
[clean-BPC  2933.85s] node 123 cg=2 phase=phase2 kind=heuristic best_rc=0.300522 found=0 added=0 exhausted=False cert=False
[clean-BPC  2941.56s] node 123 cg=2 phase=phase2 kind=heuristic_boost best_rc=0.300522 found=0 added=0 exhausted=True cert=True
[clean-BPC  2944.99s] branch node 123: left=RF(2,17)=separate right=RF(2,17)=same
[clean-BPC  2944.99s] node 124 d=9 lb=229.39794 open=64
[clean-BPC  2945.20s] node 124 cg=1 phase=phase1 obj=0.0 artificial=0.0 cols=3805
[clean-BPC  2945.43s] node 124 cg=2 phase=phase2 obj=229.419884 artificial=0.0 cols=3805
[clean-BPC  2948.82s] node 124 cg=2 phase=phase2 kind=heuristic best_rc=0.188611032 found=0 added=0 exhausted=False cert=False
[clean-BPC  2956.53s] node 124 cg=2 phase=phase2 kind=heuristic_boost best_rc=0.188611032 found=0 added=0 exhausted=True cert=True
[clean-BPC  2960.12s] branch node 124: left=RF(2,17)=separate right=RF(2,17)=same
[clean-BPC  2960.12s] node 121 d=8 lb=229.39794 open=65
[clean-BPC  2960.35s] node 121 cg=1 phase=phase1 obj=0.0 artificial=0.0 cols=3805
[clean-BPC  2960.55s] node 121 cg=2 phase=phase2 obj=229.419884 artificial=0.0 cols=3805
[clean-BPC  2963.90s] node 121 cg=2 phase=phase2 kind=heuristic best_rc=0.188611032 found=0 added=0 exhausted=False cert=False
[clean-BPC  2971.27s] node 121 cg=2 phase=phase2 kind=heuristic_boost best_rc=0.188611032 found=0 added=0 exhausted=True cert=True
[clean-BPC  2974.80s] branch node 121: left=RF(2,17)=separate right=RF(2,17)=same
[clean-BPC  2974.80s] node 71 d=11 lb=229.401147 open=66
[clean-BPC  2975.00s] node 71 cg=1 phase=phase1 obj=0.0 artificial=0.0 cols=3805
[clean-BPC  2975.18s] node 71 cg=2 phase=phase2 obj=229.46075 artificial=0.0 cols=3805
[clean-BPC  2977.70s] node 71 cg=2 phase=phase2 kind=heuristic best_rc=0.283239 found=0 added=0 exhausted=False cert=False
[clean-BPC  2983.61s] node 71 cg=2 phase=phase2 kind=heuristic_boost best_rc=0.043602 found=0 added=0 exhausted=True cert=True
[clean-BPC  2985.09s] cut_added family=schedule_nogood_core node=71 added=2 source_vehicle=1 route_count=3 signatures=[[18, 15, 16, 19, 4], [9, 11, 13, 12, 7], [1, 3, 20, 5]]
[clean-BPC  2985.09s] node 72 d=11 lb=229.401147 open=66
[clean-BPC  2985.26s] node 72 cg=1 phase=phase1 obj=0.0 artificial=0.0 cols=3805
[clean-BPC  2985.41s] node 72 cg=2 phase=phase2 obj=229.9079 artificial=0.0 cols=3805
[clean-BPC  2988.23s] node 72 cg=2 phase=phase2 kind=heuristic best_rc=0.142963 found=0 added=0 exhausted=False cert=False
[clean-BPC  2995.13s] node 72 cg=2 phase=phase2 kind=heuristic_boost best_rc=-2.61699 found=13 added=13 exhausted=True cert=True
[clean-BPC  2995.30s] node 72 cg=3 phase=phase2 obj=229.9079 artificial=0.0 cols=3818
[clean-BPC  2998.13s] node 72 cg=3 phase=phase2 kind=heuristic best_rc=0.147137 found=0 added=0 exhausted=False cert=False
[clean-BPC  3005.04s] node 72 cg=3 phase=phase2 kind=heuristic_boost best_rc=-2.117904 found=32 added=32 exhausted=True cert=True
[clean-BPC  3005.21s] node 72 cg=4 phase=phase2 obj=229.9079 artificial=0.0 cols=3850
[clean-BPC  3008.04s] node 72 cg=4 phase=phase2 kind=heuristic best_rc=0.147137 found=0 added=0 exhausted=False cert=False
[clean-BPC  3014.99s] node 72 cg=4 phase=phase2 kind=heuristic_boost best_rc=0.147137 found=0 added=0 exhausted=True cert=True
[clean-BPC  3018.16s] branch node 72: left=arc(3,1)=off right=arc(3,1)=on
[clean-BPC  3018.16s] node 66 d=11 lb=229.401147 open=67
[clean-BPC  3018.29s] node 66 cg=1 phase=phase1 obj=0.0 artificial=0.0 cols=3850
[clean-BPC  3018.42s] node 66 cg=2 phase=phase2 obj=229.46075 artificial=0.0 cols=3850
[clean-BPC  3020.89s] node 66 cg=2 phase=phase2 kind=heuristic best_rc=-3.072302 found=9 added=9 exhausted=False cert=False
[clean-BPC  3021.02s] node 66 cg=3 phase=phase2 obj=229.46075 artificial=0.0 cols=3859
[clean-BPC  3023.21s] node 66 cg=3 phase=phase2 kind=heuristic best_rc=0.305516 found=0 added=0 exhausted=False cert=False
[clean-BPC  3028.89s] node 66 cg=3 phase=phase2 kind=heuristic_boost best_rc=0.290637 found=0 added=0 exhausted=True cert=True
[clean-BPC  3031.05s] cut_added family=schedule_nogood_core node=66 added=2 source_vehicle=1 route_count=4 signatures=[[9, 11, 13, 12, 7], [1, 3, 20, 5], [6, 14, 17, 10], [4, 19, 16, 15, 18]]
[clean-BPC  3031.05s] node 65 d=11 lb=229.401147 open=67
[clean-BPC  3031.21s] node 65 cg=1 phase=phase1 obj=0.0 artificial=0.0 cols=3859
[clean-BPC  3031.36s] node 65 cg=2 phase=phase2 obj=229.689531 artificial=0.0 cols=3859
[clean-BPC  3034.02s] node 65 cg=2 phase=phase2 kind=heuristic best_rc=0.11999 found=0 added=0 exhausted=False cert=False
[clean-BPC  3040.75s] node 65 cg=2 phase=phase2 kind=heuristic_boost best_rc=-0.187998667 found=1 added=1 exhausted=True cert=True
[clean-BPC  3040.90s] node 65 cg=3 phase=phase2 obj=229.689531 artificial=0.0 cols=3860
[clean-BPC  3043.52s] node 65 cg=3 phase=phase2 kind=heuristic best_rc=0.11999 found=0 added=0 exhausted=False cert=False
[clean-BPC  3050.29s] node 65 cg=3 phase=phase2 kind=heuristic_boost best_rc=0.067519 found=0 added=0 exhausted=True cert=True
[clean-BPC  3053.28s] branch node 65: left=arc(17,10)=off right=arc(17,10)=on
[clean-BPC  3053.28s] node 38 d=5 lb=229.403145 open=68
[clean-BPC  3053.49s] node 38 cg=1 phase=phase1 obj=0.0 artificial=0.0 cols=3860
[clean-BPC  3053.71s] node 38 cg=2 phase=phase2 obj=231.835527 artificial=0.0 cols=3860
[clean-BPC  3056.63s] node 38 cg=2 phase=phase2 kind=heuristic best_rc=-1.005193 found=19 added=19 exhausted=False cert=False
[clean-BPC  3056.85s] node 38 cg=3 phase=phase2 obj=231.473487 artificial=0.0 cols=3879
[clean-BPC  3059.91s] node 38 cg=3 phase=phase2 kind=heuristic best_rc=0.0 found=0 added=0 exhausted=False cert=False
[clean-BPC  3067.42s] node 38 cg=3 phase=phase2 kind=heuristic_boost best_rc=-0.6391474 found=9 added=9 exhausted=True cert=True
[clean-BPC  3067.64s] node 38 cg=4 phase=phase2 obj=231.473487 artificial=0.0 cols=3888
[clean-BPC  3070.72s] node 38 cg=4 phase=phase2 kind=heuristic best_rc=0.0 found=0 added=0 exhausted=False cert=False
[clean-BPC  3078.27s] node 38 cg=4 phase=phase2 kind=heuristic_boost best_rc=0.0 found=0 added=0 exhausted=True cert=True
[clean-BPC  3083.96s] branch node 38: left=RF(1,10)=separate right=RF(1,10)=same
[clean-BPC  3083.96s] node 37 d=5 lb=229.403145 open=69
[clean-BPC  3084.23s] node 37 cg=1 phase=phase1 obj=0.0 artificial=0.0 cols=3888
[clean-BPC  3084.53s] node 37 cg=2 phase=phase2 obj=229.412336 artificial=0.0 cols=3888
[clean-BPC  3087.98s] node 37 cg=2 phase=phase2 kind=heuristic best_rc=-0.0366478 found=2 added=2 exhausted=False cert=False
[clean-BPC  3088.26s] node 37 cg=3 phase=phase2 obj=229.412336 artificial=0.0 cols=3890
[clean-BPC  3091.75s] node 37 cg=3 phase=phase2 kind=heuristic best_rc=-0.0 found=0 added=0 exhausted=False cert=False
[clean-BPC  3099.58s] node 37 cg=3 phase=phase2 kind=heuristic_boost best_rc=-0.1079517 found=4 added=4 exhausted=True cert=True
[clean-BPC  3099.87s] node 37 cg=4 phase=phase2 obj=229.412336 artificial=0.0 cols=3894
[clean-BPC  3103.29s] node 37 cg=4 phase=phase2 kind=heuristic best_rc=-0.0 found=0 added=0 exhausted=False cert=False
[clean-BPC  3111.03s] node 37 cg=4 phase=phase2 kind=heuristic_boost best_rc=-0.0 found=0 added=0 exhausted=True cert=True
[clean-BPC  3119.15s] branch node 37: left=arc(3,17)=off right=arc(3,17)=on
[clean-BPC  3119.15s] node 139 d=6 lb=229.412336 open=70
[clean-BPC  3119.43s] node 139 cg=1 phase=phase1 obj=0.0 artificial=0.0 cols=3894
[clean-BPC  3119.73s] node 139 cg=2 phase=phase2 obj=229.412336 artificial=0.0 cols=3894
[clean-BPC  3123.17s] node 139 cg=2 phase=phase2 kind=heuristic best_rc=-0.0 found=0 added=0 exhausted=False cert=False
[clean-BPC  3130.94s] node 139 cg=2 phase=phase2 kind=heuristic_boost best_rc=-0.0 found=0 added=0 exhausted=True cert=True
[clean-BPC  3139.56s] branch node 139: left=RF(11,14)=separate right=RF(11,14)=same
[clean-BPC  3139.56s] node 140 d=6 lb=229.412336 open=71
[clean-BPC  3139.84s] node 140 cg=1 phase=phase1 obj=0.0 artificial=0.0 cols=3894
[clean-BPC  3140.12s] node 140 cg=2 phase=phase2 obj=232.500642 artificial=0.0 cols=3894
[clean-BPC  3143.33s] node 140 cg=2 phase=phase2 kind=heuristic best_rc=-1.442215833 found=5 added=5 exhausted=False cert=False
[clean-BPC  3143.61s] node 140 cg=3 phase=phase2 obj=232.005246 artificial=0.0 cols=3899
[clean-BPC  3146.69s] node 140 cg=3 phase=phase2 kind=heuristic best_rc=0.0 found=0 added=0 exhausted=False cert=False
[clean-BPC  3152.33s] node 140 cg=3 phase=phase2 kind=heuristic_boost best_rc=0.0 found=0 added=0 exhausted=True cert=True
[clean-BPC  3157.59s] branch node 140: left=RF(14,17)=separate right=RF(14,17)=same
[clean-BPC  3157.59s] node 141 d=7 lb=229.412336 open=72
[clean-BPC  3157.87s] node 141 cg=1 phase=phase1 obj=0.0 artificial=0.0 cols=3899
[clean-BPC  3158.15s] node 141 cg=2 phase=phase2 obj=229.677899 artificial=0.0 cols=3899
[clean-BPC  3161.45s] node 141 cg=2 phase=phase2 kind=heuristic best_rc=-0.18463175 found=4 added=4 exhausted=False cert=False
[clean-BPC  3161.74s] node 141 cg=3 phase=phase2 obj=229.616355 artificial=0.0 cols=3903
[clean-BPC  3164.98s] node 141 cg=3 phase=phase2 kind=heuristic best_rc=0.0 found=0 added=0 exhausted=False cert=False
[clean-BPC  3172.33s] node 141 cg=3 phase=phase2 kind=heuristic_boost best_rc=0.0 found=0 added=0 exhausted=True cert=True
[clean-BPC  3180.46s] branch node 141: left=RF(8,17)=separate right=RF(8,17)=same
[clean-BPC  3180.46s] node 142 d=7 lb=229.412336 open=73
[clean-BPC  3180.67s] node 142 cg=1 phase=phase1 obj=0.0 artificial=0.0 cols=3903
[clean-BPC  3180.90s] node 142 cg=2 phase=phase2 obj=229.979902 artificial=0.0 cols=3903
[clean-BPC  3183.91s] node 142 cg=2 phase=phase2 kind=heuristic best_rc=0.0 found=0 added=0 exhausted=False cert=False
[clean-BPC  3189.74s] node 142 cg=2 phase=phase2 kind=heuristic_boost best_rc=-0.116610778 found=2 added=2 exhausted=True cert=True
[clean-BPC  3189.97s] node 142 cg=3 phase=phase2 obj=229.979902 artificial=0.0 cols=3905
[clean-BPC  3192.85s] node 142 cg=3 phase=phase2 kind=heuristic best_rc=-0.0 found=0 added=0 exhausted=False cert=False
[clean-BPC  3198.21s] node 142 cg=3 phase=phase2 kind=heuristic_boost best_rc=-0.0 found=0 added=0 exhausted=True cert=True
[clean-BPC  3199.30s] cut_added family=schedule_nogood_core node=142 added=2 source_vehicle=1 route_count=4 signatures=[[1, 5, 3, 2], [7, 12, 13, 9], [20, 8, 10, 6], [4, 19, 16, 15, 18]]
[clean-BPC  3199.30s] node 132 d=9 lb=229.419884 open=73
[clean-BPC  3199.48s] node 132 cg=1 phase=phase1 obj=0.0 artificial=0.0 cols=3905
[clean-BPC  3199.67s] node 132 cg=2 phase=phase2 obj=231.630415 artificial=0.0 cols=3905
[clean-BPC  3202.56s] node 132 cg=2 phase=phase2 kind=heuristic best_rc=0.012843 found=0 added=0 exhausted=False cert=False
[clean-BPC  3208.84s] node 132 cg=2 phase=phase2 kind=heuristic_boost best_rc=0.012843 found=0 added=0 exhausted=True cert=True
[clean-BPC  3213.70s] branch node 132: left=RF(1,8)=separate right=RF(1,8)=same
[clean-BPC  3213.70s] node 130 d=10 lb=229.419884 open=74
[clean-BPC  3213.89s] node 130 cg=1 phase=phase1 obj=0.0 artificial=0.0 cols=3905
[clean-BPC  3214.09s] node 130 cg=2 phase=phase2 obj=231.748174 artificial=0.0 cols=3905
[clean-BPC  3217.02s] node 130 cg=2 phase=phase2 kind=heuristic best_rc=-0.353277 found=1 added=1 exhausted=False cert=False
[clean-BPC  3217.23s] node 130 cg=3 phase=phase2 obj=231.630415 artificial=0.0 cols=3906
[clean-BPC  3220.15s] node 130 cg=3 phase=phase2 kind=heuristic best_rc=0.012843 found=0 added=0 exhausted=False cert=False
[clean-BPC  3226.50s] node 130 cg=3 phase=phase2 kind=heuristic_boost best_rc=-0.320036625 found=2 added=2 exhausted=True cert=True
[clean-BPC  3226.69s] node 130 cg=4 phase=phase2 obj=231.630415 artificial=0.0 cols=3908
[clean-BPC  3229.61s] node 130 cg=4 phase=phase2 kind=heuristic best_rc=-0.158612 found=2 added=2 exhausted=False cert=False
[clean-BPC  3229.81s] node 130 cg=5 phase=phase2 obj=231.630415 artificial=0.0 cols=3910
[clean-BPC  3232.70s] node 130 cg=5 phase=phase2 kind=heuristic best_rc=0.201043 found=0 added=0 exhausted=False cert=False
[clean-BPC  3239.08s] node 130 cg=5 phase=phase2 kind=heuristic_boost best_rc=0.201043 found=0 added=0 exhausted=True cert=True
[clean-BPC  3242.60s] branch node 130: left=RF(1,8)=separate right=RF(1,8)=same
[clean-BPC  3242.60s] node 131 d=9 lb=229.419884 open=75
[clean-BPC  3242.82s] node 131 cg=1 phase=phase1 obj=0.0 artificial=0.0 cols=3910
[clean-BPC  3243.04s] node 131 cg=2 phase=phase2 obj=229.459838 artificial=0.0 cols=3910
[clean-BPC  3246.45s] node 131 cg=2 phase=phase2 kind=heuristic best_rc=0.24629468 found=0 added=0 exhausted=False cert=False
[clean-BPC  3255.01s] node 131 cg=2 phase=phase2 kind=heuristic_boost best_rc=0.24629468 found=0 added=0 exhausted=True cert=True
[clean-BPC  3259.13s] branch node 131: left=RF(8,17)=separate right=RF(8,17)=same
[clean-BPC  3259.13s] node 129 d=10 lb=229.419884 open=76
[clean-BPC  3259.37s] node 129 cg=1 phase=phase1 obj=0.0 artificial=0.0 cols=3910
[clean-BPC  3259.61s] node 129 cg=2 phase=phase2 obj=229.459838 artificial=0.0 cols=3910
[clean-BPC  3263.15s] node 129 cg=2 phase=phase2 kind=heuristic best_rc=0.24629468 found=0 added=0 exhausted=False cert=False
[clean-BPC  3271.93s] node 129 cg=2 phase=phase2 kind=heuristic_boost best_rc=0.08611104 found=0 added=0 exhausted=True cert=True
[clean-BPC  3275.78s] branch node 129: left=RF(8,17)=separate right=RF(8,17)=same
[clean-BPC  3275.78s] node 117 d=9 lb=229.426742 open=77
[clean-BPC  3276.02s] node 117 cg=1 phase=phase1 obj=0.0 artificial=0.0 cols=3910
[clean-BPC  3276.24s] node 117 cg=2 phase=phase2 obj=229.544018 artificial=0.0 cols=3910
[clean-BPC  3279.74s] node 117 cg=2 phase=phase2 kind=heuristic best_rc=-0.386974825 found=15 added=15 exhausted=False cert=False
[clean-BPC  3279.97s] node 117 cg=3 phase=phase2 obj=229.5411 artificial=0.0 cols=3925
[clean-BPC  3283.42s] node 117 cg=3 phase=phase2 kind=heuristic best_rc=0.040452 found=0 added=0 exhausted=False cert=False
[clean-BPC  3292.13s] node 117 cg=3 phase=phase2 kind=heuristic_boost best_rc=0.040452 found=0 added=0 exhausted=True cert=True
[clean-BPC  3296.79s] branch node 117: left=arc(13,14)=off right=arc(13,14)=on
[clean-BPC  3296.79s] node 118 d=9 lb=229.426742 open=78
[clean-BPC  3296.99s] node 118 cg=1 phase=phase1 obj=0.0 artificial=0.0 cols=3925
[clean-BPC  3297.17s] node 118 cg=2 phase=phase2 obj=231.011872 artificial=0.0 cols=3925
[clean-BPC  3300.06s] node 118 cg=2 phase=phase2 kind=heuristic best_rc=0.2272868 found=0 added=0 exhausted=False cert=False
[clean-BPC  3305.91s] node 118 cg=2 phase=phase2 kind=heuristic_boost best_rc=0.2272868 found=0 added=0 exhausted=True cert=True
[clean-BPC  3309.14s] branch node 118: left=RF(1,10)=separate right=RF(1,10)=same
[clean-BPC  3309.14s] node 127 d=10 lb=229.439833 open=79
[clean-BPC  3309.36s] node 127 cg=1 phase=phase1 obj=0.0 artificial=0.0 cols=3925
[clean-BPC  3309.59s] node 127 cg=2 phase=phase2 obj=229.513713 artificial=0.0 cols=3925
[clean-BPC  3313.15s] node 127 cg=2 phase=phase2 kind=heuristic best_rc=-0.271735 found=8 added=8 exhausted=False cert=False
[clean-BPC  3313.38s] node 127 cg=3 phase=phase2 obj=229.513713 artificial=0.0 cols=3933
[clean-BPC  3317.00s] node 127 cg=3 phase=phase2 kind=heuristic best_rc=-0.0 found=0 added=0 exhausted=False cert=False
[clean-BPC  3326.54s] node 127 cg=3 phase=phase2 kind=heuristic_boost best_rc=-0.0 found=0 added=0 exhausted=True cert=True
[clean-BPC  3330.84s] branch node 127: left=arc(8,10)=off right=arc(8,10)=on
[clean-BPC  3330.84s] node 128 d=10 lb=229.439833 open=80
[clean-BPC  3331.02s] node 128 cg=1 phase=phase1 obj=0.0 artificial=0.0 cols=3933
[clean-BPC  3331.22s] node 128 cg=2 phase=phase2 obj=231.752455 artificial=0.0 cols=3933
[clean-BPC  3334.22s] node 128 cg=2 phase=phase2 kind=heuristic best_rc=0.0 found=0 added=0 exhausted=False cert=False
[clean-BPC  3340.51s] node 128 cg=2 phase=phase2 kind=heuristic_boost best_rc=-0.2514435 found=2 added=2 exhausted=True cert=True
[clean-BPC  3340.71s] node 128 cg=3 phase=phase2 obj=231.752455 artificial=0.0 cols=3935
[clean-BPC  3343.72s] node 128 cg=3 phase=phase2 kind=heuristic best_rc=0.0 found=0 added=0 exhausted=False cert=False
[clean-BPC  3350.03s] node 128 cg=3 phase=phase2 kind=heuristic_boost best_rc=-0.0 found=0 added=0 exhausted=True cert=True
[clean-BPC  3353.01s] branch node 128: left=RF(6,9)=separate right=RF(6,9)=same
[clean-BPC  3353.01s] node 119 d=8 lb=229.449143 open=81
[clean-BPC  3353.28s] node 119 cg=1 phase=phase1 obj=0.0 artificial=0.0 cols=3935
[clean-BPC  3353.55s] node 119 cg=2 phase=phase2 obj=229.513713 artificial=0.0 cols=3935
[clean-BPC  3357.12s] node 119 cg=2 phase=phase2 kind=heuristic best_rc=0.0 found=0 added=0 exhausted=False cert=False
[clean-BPC  3367.02s] node 119 cg=2 phase=phase2 kind=heuristic_boost best_rc=0.0 found=0 added=0 exhausted=True cert=True
[clean-BPC  3371.98s] branch node 119: left=arc(8,10)=off right=arc(8,10)=on
[clean-BPC  3371.98s] node 120 d=8 lb=229.449143 open=82
[clean-BPC  3372.20s] node 120 cg=1 phase=phase1 obj=0.0 artificial=0.0 cols=3935
[clean-BPC  3372.44s] node 120 cg=2 phase=phase2 obj=231.630415 artificial=0.0 cols=3935
[clean-BPC  3375.40s] node 120 cg=2 phase=phase2 kind=heuristic best_rc=0.201043 found=0 added=0 exhausted=False cert=False
[clean-BPC  3381.84s] node 120 cg=2 phase=phase2 kind=heuristic_boost best_rc=-0.462501 found=7 added=7 exhausted=True cert=True
[clean-BPC  3382.08s] node 120 cg=3 phase=phase2 obj=231.630415 artificial=0.0 cols=3942
[clean-BPC  3385.03s] node 120 cg=3 phase=phase2 kind=heuristic best_rc=0.201043 found=0 added=0 exhausted=False cert=False
[clean-BPC  3391.57s] node 120 cg=3 phase=phase2 kind=heuristic_boost best_rc=0.201043 found=0 added=0 exhausted=True cert=True
[clean-BPC  3395.74s] branch node 120: left=RF(1,10)=separate right=RF(1,10)=same
[clean-BPC  3395.74s] node 90 d=8 lb=229.449143 open=83
[clean-BPC  3395.98s] node 90 cg=1 phase=phase1 obj=0.0 artificial=0.0 cols=3942
[clean-BPC  3396.19s] node 90 cg=2 phase=phase2 obj=231.752455 artificial=0.0 cols=3942
[clean-BPC  3399.21s] node 90 cg=2 phase=phase2 kind=heuristic best_rc=0.222741 found=0 added=0 exhausted=False cert=False
[clean-BPC  3406.23s] node 90 cg=2 phase=phase2 kind=heuristic_boost best_rc=-0.103121 found=2 added=2 exhausted=True cert=True
[clean-BPC  3406.45s] node 90 cg=3 phase=phase2 obj=231.752455 artificial=0.0 cols=3944
[clean-BPC  3409.44s] node 90 cg=3 phase=phase2 kind=heuristic best_rc=0.222741 found=0 added=0 exhausted=False cert=False
[clean-BPC  3416.06s] node 90 cg=3 phase=phase2 kind=heuristic_boost best_rc=0.0 found=0 added=0 exhausted=True cert=True
[clean-BPC  3419.43s] branch node 90: left=RF(6,9)=separate right=RF(6,9)=same
[clean-BPC  3419.43s] node 89 d=8 lb=229.449143 open=84
[clean-BPC  3419.69s] node 89 cg=1 phase=phase1 obj=0.0 artificial=0.0 cols=3944
[clean-BPC  3419.98s] node 89 cg=2 phase=phase2 obj=229.554704 artificial=0.0 cols=3944
[clean-BPC  3420.22s] node 89 cg=3 phase=phase2 obj=229.554704 artificial=0.0 cols=3944
[clean-BPC  3423.72s] node 89 cg=3 phase=phase2 kind=heuristic best_rc=0.0 found=0 added=0 exhausted=False cert=False
[clean-BPC  3433.27s] node 89 cg=3 phase=phase2 kind=heuristic_boost best_rc=0.0 found=0 added=0 exhausted=True cert=True
[clean-BPC  3437.18s] branch node 89: left=arc(14,7)=off right=arc(14,7)=on
[clean-BPC  3437.18s] node 83 d=8 lb=229.449143 open=85
[clean-BPC  3437.40s] node 83 cg=1 phase=phase1 obj=0.0 artificial=0.0 cols=3944
[clean-BPC  3437.66s] node 83 cg=2 phase=phase2 obj=229.539219 artificial=0.0 cols=3944
[clean-BPC  3441.14s] node 83 cg=2 phase=phase2 kind=heuristic best_rc=-0.079789692 found=2 added=2 exhausted=False cert=False
[clean-BPC  3441.37s] node 83 cg=3 phase=phase2 obj=229.539219 artificial=0.0 cols=3946
[clean-BPC  3444.84s] node 83 cg=3 phase=phase2 kind=heuristic best_rc=0.222741 found=0 added=0 exhausted=False cert=False
[clean-BPC  3454.26s] node 83 cg=3 phase=phase2 kind=heuristic_boost best_rc=0.099432692 found=0 added=0 exhausted=True cert=True
[clean-BPC  3458.11s] branch node 83: left=RF(2,17)=separate right=RF(2,17)=same
[clean-BPC  3458.11s] node 84 d=8 lb=229.449143 open=86
[clean-BPC  3458.24s] node 84 cg=1 phase=phase1 obj=0.0 artificial=0.0 cols=3946
[clean-BPC  3458.36s] node 84 cg=2 phase=phase2 obj=231.611907 artificial=0.0 cols=3946
[clean-BPC  3461.38s] node 84 cg=2 phase=phase2 kind=heuristic best_rc=-1.909254 found=23 added=23 exhausted=False cert=False
[clean-BPC  3461.51s] node 84 cg=3 phase=phase2 obj=231.195767 artificial=0.0 cols=3969
[clean-BPC  3464.36s] node 84 cg=3 phase=phase2 kind=heuristic best_rc=0.067519 found=0 added=0 exhausted=False cert=False
[clean-BPC  3473.45s] node 84 cg=3 phase=phase2 kind=heuristic_boost best_rc=-0.124872 found=6 added=6 exhausted=True cert=True
[clean-BPC  3473.58s] node 84 cg=4 phase=phase2 obj=231.195767 artificial=0.0 cols=3975
[clean-BPC  3476.52s] node 84 cg=4 phase=phase2 kind=heuristic best_rc=0.257643333 found=0 added=0 exhausted=False cert=False
[clean-BPC  3486.08s] node 84 cg=4 phase=phase2 kind=heuristic_boost best_rc=-0.365004 found=10 added=10 exhausted=True cert=True
[clean-BPC  3486.22s] node 84 cg=5 phase=phase2 obj=231.195767 artificial=0.0 cols=3985
[clean-BPC  3489.18s] node 84 cg=5 phase=phase2 kind=heuristic best_rc=0.174619667 found=0 added=0 exhausted=False cert=False
[clean-BPC  3498.98s] node 84 cg=5 phase=phase2 kind=heuristic_boost best_rc=0.006755667 found=0 added=0 exhausted=True cert=True
[clean-BPC  3501.99s] branch node 84: left=RF(8,11)=separate right=RF(8,11)=same
[clean-BPC  3501.99s] node 151 d=10 lb=229.459838 open=87
[clean-BPC  3502.19s] node 151 cg=1 phase=phase1 obj=0.0 artificial=0.0 cols=3985
[clean-BPC  3502.41s] node 151 cg=2 phase=phase2 obj=229.50531 artificial=0.0 cols=3985
[clean-BPC  3505.82s] node 151 cg=2 phase=phase2 kind=heuristic best_rc=0.0 found=0 added=0 exhausted=False cert=False
[clean-BPC  3514.03s] node 151 cg=2 phase=phase2 kind=heuristic_boost best_rc=0.0 found=0 added=0 exhausted=True cert=True
[clean-BPC  3517.23s] branch node 151: left=arc(13,14)=off right=arc(13,14)=on
[clean-BPC  3517.23s] node 152 d=10 lb=229.459838 open=88
[clean-BPC  3517.39s] node 152 cg=1 phase=phase1 obj=0.0 artificial=0.0 cols=3985
[clean-BPC  3517.58s] node 152 cg=2 phase=phase2 obj=231.011872 artificial=0.0 cols=3985
[clean-BPC  3520.15s] node 152 cg=2 phase=phase2 kind=heuristic best_rc=0.2272868 found=0 added=0 exhausted=False cert=False
[clean-BPC  3525.25s] node 152 cg=2 phase=phase2 kind=heuristic_boost best_rc=-0.5247585 found=4 added=4 exhausted=True cert=True
[clean-BPC  3525.43s] node 152 cg=3 phase=phase2 obj=231.011872 artificial=0.0 cols=3989
[clean-BPC  3528.00s] node 152 cg=3 phase=phase2 kind=heuristic best_rc=0.2272868 found=0 added=0 exhausted=False cert=False
[clean-BPC  3533.07s] node 152 cg=3 phase=phase2 kind=heuristic_boost best_rc=0.0276808 found=0 added=0 exhausted=True cert=True
[clean-BPC  3536.15s] branch node 152: left=RF(1,10)=separate right=RF(1,10)=same
[clean-BPC  3536.16s] node 154 d=11 lb=229.459838 open=89
[clean-BPC  3536.33s] node 154 cg=1 phase=phase1 obj=0.0 artificial=0.0 cols=3989
[clean-BPC  3536.50s] node 154 cg=2 phase=phase2 obj=231.011872 artificial=0.0 cols=3989
[clean-BPC  3539.09s] node 154 cg=2 phase=phase2 kind=heuristic best_rc=0.2272868 found=0 added=0 exhausted=False cert=False
[clean-BPC  3544.16s] node 154 cg=2 phase=phase2 kind=heuristic_boost best_rc=0.0276808 found=0 added=0 exhausted=True cert=True
[clean-BPC  3547.02s] branch node 154: left=RF(1,10)=separate right=RF(1,10)=same
[clean-BPC  3547.02s] node 153 d=11 lb=229.459838 open=90
[clean-BPC  3547.25s] node 153 cg=1 phase=phase1 obj=0.0 artificial=0.0 cols=3989
[clean-BPC  3547.48s] node 153 cg=2 phase=phase2 obj=229.50531 artificial=0.0 cols=3989
[clean-BPC  3550.87s] node 153 cg=2 phase=phase2 kind=heuristic best_rc=0.12304025 found=0 added=0 exhausted=False cert=False
[clean-BPC  3559.12s] node 153 cg=2 phase=phase2 kind=heuristic_boost best_rc=0.12304025 found=0 added=0 exhausted=True cert=True
[clean-BPC  3562.56s] branch node 153: left=RF(11,14)=separate right=RF(11,14)=same
[clean-BPC  3562.56s] node 50 d=8 lb=229.46075 open=91
[clean-BPC  3562.75s] node 50 cg=1 phase=phase1 obj=0.0 artificial=0.0 cols=3989
[clean-BPC  3562.92s] node 50 cg=2 phase=phase2 obj=229.46075 artificial=0.0 cols=3989
[clean-BPC  3565.74s] node 50 cg=2 phase=phase2 kind=heuristic best_rc=0.0 found=0 added=0 exhausted=False cert=False
[clean-BPC  3573.87s] node 50 cg=2 phase=phase2 kind=heuristic_boost best_rc=0.0 found=0 added=0 exhausted=True cert=True
[clean-BPC  3574.55s] cut_added family=schedule_nogood_core node=50 added=2 source_vehicle=1 route_count=3 signatures=[[3, 20, 5, 1], [10, 17, 14, 6], [4, 19, 16, 15, 18]]
[clean-BPC  3574.55s] node 64 d=12 lb=229.46075 open=91
[clean-BPC  3574.69s] node 64 cg=1 phase=phase1 obj=0.0 artificial=0.0 cols=3989
[clean-BPC  3574.82s] node 64 cg=2 phase=phase2 obj=229.46075 artificial=0.0 cols=3989
[clean-BPC  3577.46s] node 64 cg=2 phase=phase2 kind=heuristic best_rc=0.305516 found=0 added=0 exhausted=False cert=False
[clean-BPC  3583.88s] node 64 cg=2 phase=phase2 kind=heuristic_boost best_rc=-0.314165 found=9 added=9 exhausted=True cert=True
[clean-BPC  3584.01s] node 64 cg=3 phase=phase2 obj=229.46075 artificial=0.0 cols=3998
[clean-BPC  3586.69s] node 64 cg=3 phase=phase2 kind=heuristic best_rc=0.222741 found=0 added=0 exhausted=False cert=False
[clean-BPC  3593.14s] node 64 cg=3 phase=phase2 kind=heuristic_boost best_rc=-1.41159 found=12 added=12 exhausted=True cert=True
[clean-BPC  3593.29s] node 64 cg=4 phase=phase2 obj=229.46075 artificial=0.0 cols=4010
[clean-BPC  3595.91s] node 64 cg=4 phase=phase2 kind=heuristic best_rc=0.102418 found=0 added=0 exhausted=False cert=False
[clean-BPC  3601.82s] node 64 cg=4 phase=phase2 kind=heuristic_boost best_rc=-0.413614 found=10 added=10 exhausted=True cert=True
[clean-BPC  3601.82s] fathom node 64: reason=time_limit_before_node_certificate bound=None
[clean-BPC  3601.82s] finish status=TIME_LIMIT primal=329.371345 dual=None gap=None cuts=159 diag_dual=229.46075 diag_gap=0.303337 crossing=10 crossing_upgraded=0 pair=4 clique=0 route_pack=21 nogood=127 sched_cap=0
bench_20_02: status=TIME_LIMIT, primal=329.371345, dual=None, gap=None, diag_dual=229.46075, diag_gap=0.303337, time=3601.820671s, nodes=159, rmp=442, pricing=495, routes=4020, cuts=159, crossing=10, crossing_upgraded=0, rci=10, kpath=0, pair=4, clique=0, route_pack=21, nogood=127, sched_cap=0, rim_calls=14, rim_feasible=1, rim_rejected=223, rim_pair=4, rim_ng=440, rim_sched_cap=0, cuts_purged=3, branch_test_time=355.083364s
开始 clean BPC: instance=bench_20_03, tasks=20, vehicles=2, time_limit=3600s, max_nodes=100000, log=/home/kai/work/gnn_bb/branchpricecut/results/benchmark/20260519_212238_bpc_clean_routepack_diag_20_01_03/logs/bpc_clean_full/bench_20_03.jsonl
[clean-BPC    21.44s] incumbent node 0: obj=335.555995
[clean-BPC    21.44s] start: {'time': 21.441207, 'event': 'start', 'instance': 'bench_20_03', 'tasks': 20, 'vehicles': 2, 'initial_routes': 25, 'initial_incumbent': 335.555995, 'task_vehicle_linking_enabled': True, 'schedule_capacity_cuts_enabled': True}
[clean-BPC    21.44s] node 0 d=0 lb=0.0 open=0
[clean-BPC    21.44s] node 0 cg=1 phase=phase1 obj=0.0 artificial=0.0 cols=25
[clean-BPC    21.45s] node 0 cg=2 phase=phase2 obj=235.555995 artificial=0.0 cols=25
[clean-BPC    27.35s] node 0 cg=2 phase=phase2 kind=heuristic best_rc=-31.324605 found=128544 added=600 exhausted=False cert=False
[clean-BPC    27.37s] node 0 cg=3 phase=phase2 obj=235.555995 artificial=0.0 cols=625
[clean-BPC    30.83s] node 0 cg=3 phase=phase2 kind=heuristic best_rc=-12.811274 found=32028 added=600 exhausted=False cert=False
[clean-BPC    30.88s] node 0 cg=4 phase=phase2 obj=235.555995 artificial=0.0 cols=1225
[clean-BPC    33.76s] node 0 cg=4 phase=phase2 kind=heuristic best_rc=-5.803528 found=3755 added=600 exhausted=False cert=False
[clean-BPC    33.83s] node 0 cg=5 phase=phase2 obj=232.492628 artificial=0.0 cols=1825
[clean-BPC    36.64s] node 0 cg=5 phase=phase2 kind=heuristic best_rc=-4.386169667 found=464 added=464 exhausted=False cert=False
[clean-BPC    36.74s] node 0 cg=6 phase=phase2 obj=230.523904 artificial=0.0 cols=2289
[clean-BPC    39.60s] node 0 cg=6 phase=phase2 kind=heuristic best_rc=-0.745613444 found=16 added=16 exhausted=False cert=False
[clean-BPC    39.71s] node 0 cg=7 phase=phase2 obj=230.523904 artificial=0.0 cols=2305
[clean-BPC    42.54s] node 0 cg=7 phase=phase2 kind=heuristic best_rc=0.0 found=0 added=0 exhausted=False cert=False
[clean-BPC    48.96s] node 0 cg=7 phase=phase2 kind=exact best_rc=0.0 found=0 added=0 exhausted=True cert=True
[clean-BPC    50.10s] cut_added family=crossing_cut node=0 added=3 upgraded=0 first={'id': 0, 'tasks': [7, 8, 10, 13, 18], 'demand': 10.0, 'capacity_bound': 2, 'resource_bound': 1, 'k_bound': 2, 'rhs': 4.0, 'source': 'capacity', 'violation': 0.333333333, 'action': 'add'}
[clean-BPC    50.23s] node 0 cg=8 phase=phase2 obj=230.528562 artificial=0.0 cols=2305
[clean-BPC    53.57s] node 0 cg=8 phase=phase2 kind=heuristic best_rc=-0.54315525 found=6 added=6 exhausted=False cert=False
[clean-BPC    53.69s] node 0 cg=9 phase=phase2 obj=230.528562 artificial=0.0 cols=2311
[clean-BPC    57.04s] node 0 cg=9 phase=phase2 kind=heuristic best_rc=-0.0 found=0 added=0 exhausted=False cert=False
[clean-BPC    69.58s] node 0 cg=9 phase=phase2 kind=exact best_rc=-0.0 found=0 added=0 exhausted=True cert=True
[clean-BPC    70.61s] cut_added family=crossing_cut node=0 added=4 upgraded=0 first={'id': 3, 'tasks': [8, 14, 16, 17], 'demand': 11.0, 'capacity_bound': 2, 'resource_bound': 1, 'k_bound': 2, 'rhs': 4.0, 'source': 'capacity', 'violation': 0.222222222, 'action': 'add'}
[clean-BPC    70.79s] node 0 cg=10 phase=phase2 obj=230.564696 artificial=0.0 cols=2311
[clean-BPC    74.30s] node 0 cg=10 phase=phase2 kind=heuristic best_rc=-0.1135898 found=2 added=2 exhausted=False cert=False
[clean-BPC    74.46s] node 0 cg=11 phase=phase2 obj=230.564696 artificial=0.0 cols=2313
[clean-BPC    78.05s] node 0 cg=11 phase=phase2 kind=heuristic best_rc=0.0 found=0 added=0 exhausted=False cert=False
[clean-BPC    98.48s] node 0 cg=11 phase=phase2 kind=exact best_rc=-0.0 found=0 added=0 exhausted=True cert=True
[clean-BPC    99.60s] cut_added family=crossing_cut node=0 added=1 upgraded=0 first={'id': 7, 'tasks': [1, 2, 4, 15, 20], 'demand': 11.0, 'capacity_bound': 2, 'resource_bound': 1, 'k_bound': 2, 'rhs': 4.0, 'source': 'capacity', 'violation': 0.8, 'action': 'add'}
[clean-BPC    99.77s] node 0 cg=12 phase=phase2 obj=230.564696 artificial=0.0 cols=2313
[clean-BPC   103.34s] node 0 cg=12 phase=phase2 kind=heuristic best_rc=0.0 found=0 added=0 exhausted=False cert=False
[clean-BPC   126.88s] node 0 cg=12 phase=phase2 kind=exact best_rc=-0.0 found=0 added=0 exhausted=True cert=True
[clean-BPC   127.13s] route-pack diag node 0 round=1 vehicles=2/2 support_max=14 cand=53 oracle=53 incomplete=0 not_tight=10 not_viol=41 dup=0 violated=2 added=2 max_viol=0.15384615384615397 states_max=13347
[clean-BPC   127.13s] cut_added family=schedule_route_set_packing node=0 added=2 first(vehicle=1, routes=6, U=3, y=0.5, viol=0.153846154, states=158)
[clean-BPC   127.30s] node 0 cg=13 phase=phase2 obj=230.564696 artificial=0.0 cols=2313
[clean-BPC   130.93s] node 0 cg=13 phase=phase2 kind=heuristic best_rc=-0.0 found=0 added=0 exhausted=False cert=False
[clean-BPC   151.45s] node 0 cg=13 phase=phase2 kind=exact best_rc=-0.0 found=0 added=0 exhausted=True cert=True
[clean-BPC   151.67s] route-pack diag node 0 round=2 vehicles=2/2 support_max=14 cand=54 oracle=54 incomplete=0 not_tight=10 not_viol=43 dup=0 violated=1 added=1 max_viol=0.19230769230769207 states_max=12930
[clean-BPC   151.67s] cut_added family=schedule_route_set_packing node=0 added=1 first(vehicle=1, routes=6, U=3, y=0.5, viol=0.192307692, states=155)
[clean-BPC   151.83s] node 0 cg=14 phase=phase2 obj=230.564696 artificial=0.0 cols=2313
[clean-BPC   155.45s] node 0 cg=14 phase=phase2 kind=heuristic best_rc=0.0 found=0 added=0 exhausted=False cert=False
[clean-BPC   175.84s] node 0 cg=14 phase=phase2 kind=exact best_rc=-0.0 found=0 added=0 exhausted=True cert=True
[clean-BPC   175.85s] node 0 schedule-cap candidates={'1': 346, '2': 344}
[clean-BPC   220.58s] cut_added family=schedule_pair_conflict node=0 added=2 source_vehicle=1 route_count=2 signatures=[[4, 15, 20, 2], [1, 3, 7, 10]]
[clean-BPC   220.58s] cut_added family=schedule_pair_conflict node=0 added=2 source_vehicle=1 route_count=2 signatures=[[4, 15, 20, 2], [1, 3, 7, 10, 6]]
[clean-BPC   220.58s] cut_added family=schedule_pair_conflict node=0 added=2 source_vehicle=1 route_count=2 signatures=[[4, 15, 20, 2], [6, 10, 7, 3, 1]]
[clean-BPC    20.19s] restricted-MIP node 0 status=TIME_LIMIT obj=None accepted=False routes=2313 rejected=7 pair=6 ng=8 sched_cap=0 added_cuts=6 time=20.19026
[clean-BPC   224.16s] node 0 d=0 lb=230.564696 open=0
[clean-BPC   224.33s] node 0 cg=1 phase=phase1 obj=0.0 artificial=0.0 cols=2313
[clean-BPC   224.50s] node 0 cg=2 phase=phase2 obj=230.564696 artificial=0.0 cols=2313
[clean-BPC   228.19s] node 0 cg=2 phase=phase2 kind=heuristic best_rc=-0.0 found=0 added=0 exhausted=False cert=False
[clean-BPC   251.60s] node 0 cg=2 phase=phase2 kind=exact best_rc=-0.0 found=0 added=0 exhausted=True cert=True
[clean-BPC   251.61s] node 0 schedule-cap candidates={'1': 344, '2': 348}
[clean-BPC    20.36s] restricted-MIP node 0 status=TIME_LIMIT obj=None accepted=False routes=2313 rejected=7 pair=0 ng=14 sched_cap=0 added_cuts=0 time=20.359507
[clean-BPC   287.99s] branch node 0: left=task_vehicle(11,1)=off right=task_vehicle(11,1)=on
[clean-BPC   287.99s] node 1 d=1 lb=230.564696 open=1
[clean-BPC   288.15s] node 1 cg=1 phase=phase1 obj=0.0 artificial=0.0 cols=2313
[clean-BPC   288.32s] node 1 cg=2 phase=phase2 obj=330.564696 artificial=0.0 cols=2313
[clean-BPC   291.81s] node 1 cg=2 phase=phase2 kind=heuristic best_rc=0.0 found=0 added=0 exhausted=False cert=False
[clean-BPC   311.40s] node 1 cg=2 phase=phase2 kind=heuristic_boost best_rc=0.0 found=0 added=0 exhausted=True cert=True
[clean-BPC   311.44s] route-pack diag node 1 round=1 vehicles=2/2 support_max=10 cand=26 oracle=26 incomplete=0 not_tight=12 not_viol=14 dup=0 violated=0 added=0 max_viol=0.0 states_max=2992
[clean-BPC   315.30s] incumbent node 1: obj=333.802083
[clean-BPC     3.86s] restricted-MIP node 1 status=OPTIMAL obj=333.802083 accepted=True routes=2313 rejected=0 pair=0 ng=0 sched_cap=0 added_cuts=0 time=3.859072
[clean-BPC   318.97s] branch node 1: left=RF(7,10)=separate right=RF(7,10)=same
[clean-BPC   318.97s] node 2 d=1 lb=230.564696 open=2
[clean-BPC   319.13s] node 2 cg=1 phase=phase1 obj=0.0 artificial=0.0 cols=2313
[clean-BPC   319.29s] node 2 cg=2 phase=phase2 obj=230.564696 artificial=0.0 cols=2313
[clean-BPC   322.92s] node 2 cg=2 phase=phase2 kind=heuristic best_rc=-0.0 found=0 added=0 exhausted=False cert=False
[clean-BPC   344.83s] node 2 cg=2 phase=phase2 kind=heuristic_boost best_rc=-1.547339055 found=26 added=26 exhausted=True cert=True
[clean-BPC   344.99s] node 2 cg=3 phase=phase2 obj=230.564696 artificial=0.0 cols=2339
[clean-BPC   348.63s] node 2 cg=3 phase=phase2 kind=heuristic best_rc=-2.683789 found=123 added=123 exhausted=False cert=False
[clean-BPC   348.80s] node 2 cg=4 phase=phase2 obj=230.564696 artificial=0.0 cols=2462
[clean-BPC   352.41s] node 2 cg=4 phase=phase2 kind=heuristic best_rc=-0.0 found=0 added=0 exhausted=False cert=False
[clean-BPC   374.54s] node 2 cg=4 phase=phase2 kind=heuristic_boost best_rc=-0.1073888 found=6 added=6 exhausted=True cert=True
[clean-BPC   374.72s] node 2 cg=5 phase=phase2 obj=230.564696 artificial=0.0 cols=2468
[clean-BPC   378.38s] node 2 cg=5 phase=phase2 kind=heuristic best_rc=-0.0 found=0 added=0 exhausted=False cert=False
[clean-BPC   396.09s] node 2 cg=5 phase=phase2 kind=heuristic_boost best_rc=-0.0 found=0 added=0 exhausted=True cert=True
[clean-BPC   396.22s] route-pack diag node 2 round=1 vehicles=1/2 support_max=14 cand=30 oracle=30 incomplete=0 not_tight=5 not_viol=25 dup=0 violated=0 added=0 max_viol=0.0 states_max=13238
[clean-BPC   418.59s] cut_added family=schedule_pair_conflict node=2 added=2 source_vehicle=1 route_count=2 signatures=[[4, 15, 20, 2], [6, 7, 3, 1]]
[clean-BPC   419.33s] cut_added family=schedule_pair_conflict node=2 added=2 source_vehicle=1 route_count=2 signatures=[[4, 15, 20, 2], [1, 3, 7, 6]]
[clean-BPC    20.56s] restricted-MIP node 2 status=TIME_LIMIT obj=None accepted=False routes=2468 rejected=20 pair=4 ng=36 sched_cap=0 added_cuts=4 time=20.560594
[clean-BPC   424.26s] node 2 d=1 lb=230.564696 open=2
[clean-BPC   424.41s] node 2 cg=1 phase=phase1 obj=0.0 artificial=0.0 cols=2468
[clean-BPC   424.58s] node 2 cg=2 phase=phase2 obj=230.564696 artificial=0.0 cols=2468
[clean-BPC   428.21s] node 2 cg=2 phase=phase2 kind=heuristic best_rc=-0.0 found=0 added=0 exhausted=False cert=False
[clean-BPC   445.84s] node 2 cg=2 phase=phase2 kind=heuristic_boost best_rc=-0.0 found=0 added=0 exhausted=True cert=True
[clean-BPC   445.97s] route-pack diag node 2 round=1 vehicles=1/2 support_max=14 cand=32 oracle=32 incomplete=0 not_tight=5 not_viol=27 dup=0 violated=0 added=0 max_viol=0.0 states_max=14366
[clean-BPC    20.37s] restricted-MIP node 2 status=TIME_LIMIT obj=None accepted=False routes=2468 rejected=19 pair=0 ng=38 sched_cap=0 added_cuts=0 time=20.371789
[clean-BPC   478.43s] branch node 2: left=RF(7,10)=separate right=RF(7,10)=same
[clean-BPC   478.43s] node 5 d=2 lb=230.564696 open=3
[clean-BPC   478.58s] node 5 cg=1 phase=phase1 obj=0.0 artificial=0.0 cols=2468
[clean-BPC   478.74s] node 5 cg=2 phase=phase2 obj=231.360003 artificial=0.0 cols=2468
[clean-BPC   482.19s] node 5 cg=2 phase=phase2 kind=heuristic best_rc=-0.394722 found=4 added=4 exhausted=False cert=False
[clean-BPC   482.34s] node 5 cg=3 phase=phase2 obj=231.294592 artificial=0.0 cols=2472
[clean-BPC   485.84s] node 5 cg=3 phase=phase2 kind=heuristic best_rc=0.032268 found=0 added=0 exhausted=False cert=False
[clean-BPC   498.88s] node 5 cg=3 phase=phase2 kind=heuristic_boost best_rc=-0.536277808 found=10 added=10 exhausted=True cert=True
[clean-BPC   499.03s] node 5 cg=4 phase=phase2 obj=231.294592 artificial=0.0 cols=2482
[clean-BPC   502.52s] node 5 cg=4 phase=phase2 kind=heuristic best_rc=0.10894103 found=0 added=0 exhausted=False cert=False
[clean-BPC   515.48s] node 5 cg=4 phase=phase2 kind=heuristic_boost best_rc=-1.388728621 found=37 added=37 exhausted=True cert=True
[clean-BPC   515.65s] node 5 cg=5 phase=phase2 obj=231.294592 artificial=0.0 cols=2519
[clean-BPC   519.08s] node 5 cg=5 phase=phase2 kind=heuristic best_rc=0.10894103 found=0 added=0 exhausted=False cert=False
[clean-BPC   531.95s] node 5 cg=5 phase=phase2 kind=heuristic_boost best_rc=-0.442706 found=5 added=5 exhausted=True cert=True
[clean-BPC   532.12s] node 5 cg=6 phase=phase2 obj=231.294592 artificial=0.0 cols=2524
[clean-BPC   535.57s] node 5 cg=6 phase=phase2 kind=heuristic best_rc=0.032268 found=0 added=0 exhausted=False cert=False
[clean-BPC   548.50s] node 5 cg=6 phase=phase2 kind=heuristic_boost best_rc=-0.018348424 found=2 added=2 exhausted=True cert=True
[clean-BPC   548.67s] node 5 cg=7 phase=phase2 obj=231.294592 artificial=0.0 cols=2526
[clean-BPC   552.11s] node 5 cg=7 phase=phase2 kind=heuristic best_rc=0.10894103 found=0 added=0 exhausted=False cert=False
[clean-BPC   565.11s] node 5 cg=7 phase=phase2 kind=heuristic_boost best_rc=0.10894103 found=0 added=0 exhausted=True cert=True
[clean-BPC   565.41s] route-pack diag node 5 round=1 vehicles=1/2 support_max=19 cand=37 oracle=37 incomplete=0 not_tight=6 not_viol=31 dup=0 violated=0 added=0 max_viol=0.0 states_max=18603
[clean-BPC    15.92s] restricted-MIP node 5 status=SCHEDULE_REJECTED_LIMIT obj=None accepted=False routes=2526 rejected=21 pair=0 ng=40 sched_cap=0 added_cuts=0 time=15.919797
[clean-BPC   594.05s] branch node 5: left=RF(8,13)=separate right=RF(8,13)=same
[clean-BPC   594.05s] node 6 d=2 lb=230.564696 open=4
[clean-BPC   594.16s] node 6 cg=1 phase=phase1 obj=0.0 artificial=0.0 cols=2526
[clean-BPC   594.26s] node 6 cg=2 phase=phase2 obj=231.067872 artificial=0.0 cols=2526
[clean-BPC   597.41s] node 6 cg=2 phase=phase2 kind=heuristic best_rc=-0.461213963 found=10 added=10 exhausted=False cert=False
[clean-BPC   597.51s] node 6 cg=3 phase=phase2 obj=231.051296 artificial=0.0 cols=2536
[clean-BPC   600.71s] node 6 cg=3 phase=phase2 kind=heuristic best_rc=-0.38975741 found=4 added=4 exhausted=False cert=False
[clean-BPC   600.81s] node 6 cg=4 phase=phase2 obj=231.001766 artificial=0.0 cols=2540
[clean-BPC   603.99s] node 6 cg=4 phase=phase2 kind=heuristic best_rc=-0.0 found=0 added=0 exhausted=False cert=False
[clean-BPC   617.83s] node 6 cg=4 phase=phase2 kind=heuristic_boost best_rc=-0.089262115 found=2 added=2 exhausted=True cert=True
[clean-BPC   617.94s] node 6 cg=5 phase=phase2 obj=231.001766 artificial=0.0 cols=2542
[clean-BPC   621.15s] node 6 cg=5 phase=phase2 kind=heuristic best_rc=0.0 found=0 added=0 exhausted=False cert=False
[clean-BPC   635.01s] node 6 cg=5 phase=phase2 kind=heuristic_boost best_rc=-0.278418567 found=8 added=8 exhausted=True cert=True
[clean-BPC   635.12s] node 6 cg=6 phase=phase2 obj=231.001766 artificial=0.0 cols=2550
[clean-BPC   638.28s] node 6 cg=6 phase=phase2 kind=heuristic best_rc=-0.0 found=0 added=0 exhausted=False cert=False
[clean-BPC   652.23s] node 6 cg=6 phase=phase2 kind=heuristic_boost best_rc=-0.0 found=0 added=0 exhausted=True cert=True
[clean-BPC   652.64s] route-pack diag node 6 round=1 vehicles=1/2 support_max=20 cand=36 oracle=36 incomplete=0 not_tight=5 not_viol=31 dup=0 violated=0 added=0 max_viol=0.0 states_max=30784
[clean-BPC   680.43s] cut_added family=schedule_pair_conflict node=6 added=2 source_vehicle=1 route_count=2 signatures=[[4, 15, 20, 2], [10, 7, 3, 1]]
[clean-BPC    20.81s] restricted-MIP node 6 status=TIME_LIMIT obj=None accepted=False routes=2550 rejected=15 pair=2 ng=28 sched_cap=0 added_cuts=2 time=20.813432
[clean-BPC   681.58s] node 6 d=2 lb=231.001766 open=4
[clean-BPC   681.69s] node 6 cg=1 phase=phase1 obj=0.0 artificial=0.0 cols=2550
[clean-BPC   681.79s] node 6 cg=2 phase=phase2 obj=231.001766 artificial=0.0 cols=2550
[clean-BPC   684.98s] node 6 cg=2 phase=phase2 kind=heuristic best_rc=-0.0 found=0 added=0 exhausted=False cert=False
[clean-BPC   698.99s] node 6 cg=2 phase=phase2 kind=heuristic_boost best_rc=-0.0 found=0 added=0 exhausted=True cert=True
[clean-BPC   698.99s] route-pack diag node 6 round=1 vehicles=1/2 support_max=20 cand=36 oracle=36 incomplete=0 not_tight=5 not_viol=31 dup=0 violated=0 added=0 max_viol=0.0 states_max=30784
[clean-BPC    20.82s] restricted-MIP node 6 status=TIME_LIMIT obj=None accepted=False routes=2550 rejected=13 pair=0 ng=26 sched_cap=0 added_cuts=0 time=20.817262
[clean-BPC   732.45s] branch node 6: left=RF(1,20)=separate right=RF(1,20)=same
[clean-BPC   732.45s] node 9 d=3 lb=231.001766 open=5
[clean-BPC   732.56s] node 9 cg=1 phase=phase1 obj=0.0 artificial=0.0 cols=2550
[clean-BPC   732.66s] node 9 cg=2 phase=phase2 obj=231.484288 artificial=0.0 cols=2550
[clean-BPC   735.85s] node 9 cg=2 phase=phase2 kind=heuristic best_rc=-1.078579633 found=14 added=14 exhausted=False cert=False
[clean-BPC   735.95s] node 9 cg=3 phase=phase2 obj=231.329428 artificial=0.0 cols=2564
[clean-BPC   739.08s] node 9 cg=3 phase=phase2 kind=heuristic best_rc=0.086583778 found=0 added=0 exhausted=False cert=False
[clean-BPC   750.59s] node 9 cg=3 phase=phase2 kind=heuristic_boost best_rc=-0.022726167 found=2 added=2 exhausted=True cert=True
[clean-BPC   750.70s] node 9 cg=4 phase=phase2 obj=231.329428 artificial=0.0 cols=2566
[clean-BPC   753.84s] node 9 cg=4 phase=phase2 kind=heuristic best_rc=0.086583778 found=0 added=0 exhausted=False cert=False
[clean-BPC   765.37s] node 9 cg=4 phase=phase2 kind=heuristic_boost best_rc=0.0 found=0 added=0 exhausted=True cert=True
[clean-BPC    20.36s] restricted-MIP node 9 status=TIME_LIMIT obj=None accepted=False routes=2566 rejected=18 pair=0 ng=36 sched_cap=0 added_cuts=0 time=20.360547
[clean-BPC   800.82s] branch node 9: left=RF(10,13)=separate right=RF(10,13)=same
[clean-BPC   800.82s] node 10 d=3 lb=231.001766 open=6
[clean-BPC   800.89s] node 10 cg=1 phase=phase1 obj=0.0 artificial=0.0 cols=2566
[clean-BPC   800.96s] node 10 cg=2 phase=phase2 obj=231.924993 artificial=0.0 cols=2566
[clean-BPC   803.79s] node 10 cg=2 phase=phase2 kind=heuristic best_rc=-1.841335833 found=15 added=15 exhausted=False cert=False
[clean-BPC   803.87s] node 10 cg=3 phase=phase2 obj=231.669981 artificial=0.0 cols=2581
[clean-BPC   806.66s] node 10 cg=3 phase=phase2 kind=heuristic best_rc=0.029832 found=0 added=0 exhausted=False cert=False
[clean-BPC   817.56s] node 10 cg=3 phase=phase2 kind=heuristic_boost best_rc=-1.403714722 found=17 added=17 exhausted=True cert=True
[clean-BPC   817.64s] node 10 cg=4 phase=phase2 obj=231.669981 artificial=0.0 cols=2598
[clean-BPC   820.44s] node 10 cg=4 phase=phase2 kind=heuristic best_rc=0.029832 found=0 added=0 exhausted=False cert=False
[clean-BPC   831.32s] node 10 cg=4 phase=phase2 kind=heuristic_boost best_rc=-0.0 found=0 added=0 exhausted=True cert=True
[clean-BPC   856.29s] cut_added family=schedule_pair_conflict node=10 added=2 source_vehicle=1 route_count=2 signatures=[[5, 2], [20, 15, 4, 3, 1]]
[clean-BPC   858.79s] cut_added family=schedule_pair_conflict node=10 added=2 source_vehicle=1 route_count=2 signatures=[[9, 19, 11, 2], [6, 10, 18, 13, 7, 3]]
[clean-BPC    20.83s] restricted-MIP node 10 status=TIME_LIMIT obj=None accepted=False routes=2598 rejected=13 pair=3 ng=22 sched_cap=0 added_cuts=4 time=20.8312
[clean-BPC   866.38s] node 7 d=3 lb=231.294592 open=6
[clean-BPC   866.53s] node 7 cg=1 phase=phase1 obj=0.0 artificial=0.0 cols=2598
[clean-BPC   866.68s] node 7 cg=2 phase=phase2 obj=231.49092 artificial=0.0 cols=2598
[clean-BPC   870.10s] node 7 cg=2 phase=phase2 kind=heuristic best_rc=-0.01287875 found=2 added=2 exhausted=False cert=False
[clean-BPC   870.26s] node 7 cg=3 phase=phase2 obj=231.488344 artificial=0.0 cols=2600
[clean-BPC   870.41s] node 7 cg=4 phase=phase2 obj=231.488344 artificial=0.0 cols=2600
[clean-BPC   873.88s] node 7 cg=4 phase=phase2 kind=heuristic best_rc=0.132566 found=0 added=0 exhausted=False cert=False
[clean-BPC   886.57s] node 7 cg=4 phase=phase2 kind=heuristic_boost best_rc=0.099326 found=0 added=0 exhausted=True cert=True
[clean-BPC    14.38s] restricted-MIP node 7 status=SCHEDULE_REJECTED_LIMIT obj=None accepted=False routes=2600 rejected=21 pair=0 ng=40 sched_cap=0 added_cuts=0 time=14.377422
[clean-BPC   913.23s] branch node 7: left=RF(4,20)=separate right=RF(4,20)=same
[clean-BPC   913.23s] node 8 d=3 lb=231.294592 open=7
[clean-BPC   913.30s] node 8 cg=1 phase=phase1 obj=0.0 artificial=0.0 cols=2600
[clean-BPC   913.39s] node 8 cg=2 phase=phase2 obj=232.168237 artificial=0.0 cols=2600
[clean-BPC   916.54s] node 8 cg=2 phase=phase2 kind=heuristic best_rc=-0.0675298 found=4 added=4 exhausted=False cert=False
[clean-BPC   916.61s] node 8 cg=3 phase=phase2 obj=232.144707 artificial=0.0 cols=2604
[clean-BPC   919.73s] node 8 cg=3 phase=phase2 kind=heuristic best_rc=0.015731079 found=0 added=0 exhausted=False cert=False
[clean-BPC   930.00s] node 8 cg=3 phase=phase2 kind=heuristic_boost best_rc=-0.195683092 found=2 added=2 exhausted=True cert=True
[clean-BPC   930.08s] node 8 cg=4 phase=phase2 obj=232.144707 artificial=0.0 cols=2606
[clean-BPC   933.24s] node 8 cg=4 phase=phase2 kind=heuristic best_rc=0.015731079 found=0 added=0 exhausted=False cert=False
[clean-BPC   943.43s] node 8 cg=4 phase=phase2 kind=heuristic_boost best_rc=0.015731079 found=0 added=0 exhausted=True cert=True
[clean-BPC    14.07s] restricted-MIP node 8 status=SCHEDULE_REJECTED_LIMIT obj=None accepted=False routes=2606 rejected=21 pair=0 ng=40 sched_cap=0 added_cuts=0 time=14.068598
[clean-BPC   971.14s] branch node 8: left=RF(1,4)=separate right=RF(1,4)=same
[clean-BPC   971.14s] node 11 d=4 lb=231.329428 open=8
[clean-BPC   971.23s] node 11 cg=1 phase=phase1 obj=0.0 artificial=0.0 cols=2606
[clean-BPC   971.32s] node 11 cg=2 phase=phase2 obj=232.111692 artificial=0.0 cols=2606
[clean-BPC   973.94s] node 11 cg=2 phase=phase2 kind=heuristic best_rc=-1.04051 found=24 added=24 exhausted=False cert=False
[clean-BPC   974.03s] node 11 cg=3 phase=phase2 obj=231.948109 artificial=0.0 cols=2630
[clean-BPC   974.11s] node 11 cg=4 phase=phase2 obj=231.948109 artificial=0.0 cols=2630
[clean-BPC   977.07s] node 11 cg=4 phase=phase2 kind=heuristic best_rc=-0.0 found=0 added=0 exhausted=False cert=False
[clean-BPC   985.31s] node 11 cg=4 phase=phase2 kind=heuristic_boost best_rc=-0.0 found=0 added=0 exhausted=True cert=True
[clean-BPC   987.70s] branch node 11: left=RF(12,13)=separate right=RF(12,13)=same
[clean-BPC   987.70s] node 12 d=4 lb=231.329428 open=9
[clean-BPC   987.77s] node 12 cg=1 phase=phase1 obj=0.0 artificial=0.0 cols=2630
[clean-BPC   987.83s] node 12 cg=2 phase=phase2 obj=232.126501 artificial=0.0 cols=2630
[clean-BPC   990.64s] node 12 cg=2 phase=phase2 kind=heuristic best_rc=-0.1897125 found=4 added=4 exhausted=False cert=False
[clean-BPC   990.70s] node 12 cg=3 phase=phase2 obj=232.126501 artificial=0.0 cols=2634
[clean-BPC   993.49s] node 12 cg=3 phase=phase2 kind=heuristic best_rc=-0.0 found=0 added=0 exhausted=False cert=False
[clean-BPC  1004.14s] node 12 cg=3 phase=phase2 kind=heuristic_boost best_rc=-0.938814583 found=4 added=4 exhausted=True cert=True
[clean-BPC  1004.20s] node 12 cg=4 phase=phase2 obj=232.126501 artificial=0.0 cols=2638
[clean-BPC  1006.99s] node 12 cg=4 phase=phase2 kind=heuristic best_rc=-0.0 found=0 added=0 exhausted=False cert=False
[clean-BPC  1017.60s] node 12 cg=4 phase=phase2 kind=heuristic_boost best_rc=-0.0 found=0 added=0 exhausted=True cert=True
[clean-BPC  1019.41s] branch node 12: left=RF(10,18)=separate right=RF(10,18)=same
[clean-BPC  1019.41s] node 13 d=4 lb=231.488344 open=10
[clean-BPC  1019.53s] node 13 cg=1 phase=phase1 obj=0.0 artificial=0.0 cols=2638
[clean-BPC  1019.66s] node 13 cg=2 phase=phase2 obj=232.199313 artificial=0.0 cols=2638
[clean-BPC  1022.91s] node 13 cg=2 phase=phase2 kind=heuristic best_rc=-0.532956077 found=16 added=16 exhausted=False cert=False
[clean-BPC  1023.04s] node 13 cg=3 phase=phase2 obj=232.160229 artificial=0.0 cols=2654
[clean-BPC  1026.31s] node 13 cg=3 phase=phase2 kind=heuristic best_rc=0.090257222 found=0 added=0 exhausted=False cert=False
[clean-BPC  1036.69s] node 13 cg=3 phase=phase2 kind=heuristic_boost best_rc=0.090257222 found=0 added=0 exhausted=True cert=True
[clean-BPC  1040.55s] branch node 13: left=RF(10,14)=separate right=RF(10,14)=same
[clean-BPC  1040.55s] node 14 d=4 lb=231.488344 open=11
[clean-BPC  1040.66s] node 14 cg=1 phase=phase1 obj=0.0 artificial=0.0 cols=2654
[clean-BPC  1040.76s] node 14 cg=2 phase=phase2 obj=231.684751 artificial=0.0 cols=2654
[clean-BPC  1043.48s] node 14 cg=2 phase=phase2 kind=heuristic best_rc=0.0063946 found=0 added=0 exhausted=False cert=False
[clean-BPC  1053.67s] node 14 cg=2 phase=phase2 kind=heuristic_boost best_rc=-0.699462 found=2 added=2 exhausted=True cert=True
[clean-BPC  1053.78s] node 14 cg=3 phase=phase2 obj=231.684751 artificial=0.0 cols=2656
[clean-BPC  1056.50s] node 14 cg=3 phase=phase2 kind=heuristic best_rc=0.0063946 found=0 added=0 exhausted=False cert=False
[clean-BPC  1066.69s] node 14 cg=3 phase=phase2 kind=heuristic_boost best_rc=-0.0128426 found=2 added=2 exhausted=True cert=True
[clean-BPC  1066.79s] node 14 cg=4 phase=phase2 obj=231.684751 artificial=0.0 cols=2658
[clean-BPC  1069.51s] node 14 cg=4 phase=phase2 kind=heuristic best_rc=0.0063946 found=0 added=0 exhausted=False cert=False
[clean-BPC  1079.74s] node 14 cg=4 phase=phase2 kind=heuristic_boost best_rc=0.0 found=0 added=0 exhausted=True cert=True
[clean-BPC  1082.39s] branch node 14: left=RF(8,14)=separate right=RF(8,14)=same
[clean-BPC  1082.39s] node 10 d=3 lb=231.669981 open=12
[clean-BPC  1082.45s] node 10 cg=1 phase=phase1 obj=0.0 artificial=0.0 cols=2658
[clean-BPC  1082.51s] node 10 cg=2 phase=phase2 obj=231.669981 artificial=0.0 cols=2658
[clean-BPC  1085.25s] node 10 cg=2 phase=phase2 kind=heuristic best_rc=0.029832 found=0 added=0 exhausted=False cert=False
[clean-BPC  1096.19s] node 10 cg=2 phase=phase2 kind=heuristic_boost best_rc=0.0 found=0 added=0 exhausted=True cert=True
[clean-BPC    20.80s] restricted-MIP node 10 status=TIME_LIMIT obj=None accepted=False routes=2658 rejected=12 pair=0 ng=24 sched_cap=0 added_cuts=0 time=20.797062
[clean-BPC  1134.26s] branch node 10: left=RF(7,18)=separate right=RF(7,18)=same
[clean-BPC  1134.26s] node 25 d=4 lb=231.669981 open=13
[clean-BPC  1134.33s] node 25 cg=1 phase=phase1 obj=0.0 artificial=0.0 cols=2658
[clean-BPC  1134.39s] node 25 cg=2 phase=phase2 obj=232.38342 artificial=0.0 cols=2658
[clean-BPC  1137.15s] node 25 cg=2 phase=phase2 kind=heuristic best_rc=0.0 found=0 added=0 exhausted=False cert=False
[clean-BPC  1144.89s] node 25 cg=2 phase=phase2 kind=heuristic_boost best_rc=-0.448516 found=3 added=3 exhausted=True cert=True
[clean-BPC  1144.95s] node 25 cg=3 phase=phase2 obj=232.38342 artificial=0.0 cols=2661
[clean-BPC  1147.72s] node 25 cg=3 phase=phase2 kind=heuristic best_rc=-0.0 found=0 added=0 exhausted=False cert=False
[clean-BPC  1156.95s] node 25 cg=3 phase=phase2 kind=heuristic_boost best_rc=-0.422707 found=4 added=4 exhausted=True cert=True
[clean-BPC  1157.01s] node 25 cg=4 phase=phase2 obj=232.38342 artificial=0.0 cols=2665
[clean-BPC  1159.76s] node 25 cg=4 phase=phase2 kind=heuristic best_rc=0.0 found=0 added=0 exhausted=False cert=False
[clean-BPC  1168.97s] node 25 cg=4 phase=phase2 kind=heuristic_boost best_rc=-0.0 found=0 added=0 exhausted=True cert=True
[clean-BPC  1170.49s] branch node 25: left=RF(14,16)=separate right=RF(14,16)=same
[clean-BPC  1170.49s] node 26 d=4 lb=231.669981 open=14
[clean-BPC  1170.53s] node 26 cg=1 phase=phase1 obj=0.0 artificial=0.0 cols=2665
[clean-BPC  1170.58s] node 26 cg=2 phase=phase2 obj=233.034634 artificial=0.0 cols=2665
[clean-BPC  1173.30s] node 26 cg=2 phase=phase2 kind=heuristic best_rc=-0.513637686 found=22 added=22 exhausted=False cert=False
[clean-BPC  1173.35s] node 26 cg=3 phase=phase2 obj=232.911385 artificial=0.0 cols=2687
[clean-BPC  1176.10s] node 26 cg=3 phase=phase2 kind=heuristic best_rc=0.031705 found=0 added=0 exhausted=False cert=False
[clean-BPC  1184.46s] node 26 cg=3 phase=phase2 kind=heuristic_boost best_rc=0.031705 found=0 added=0 exhausted=True cert=True
[clean-BPC  1185.81s] branch node 26: left=RF(7,13)=separate right=RF(7,13)=same
[clean-BPC  1185.81s] node 23 d=5 lb=231.684751 open=15
[clean-BPC  1185.90s] node 23 cg=1 phase=phase1 obj=0.0 artificial=0.0 cols=2687
[clean-BPC  1186.01s] node 23 cg=2 phase=phase2 obj=232.313311 artificial=0.0 cols=2687
[clean-BPC  1188.73s] node 23 cg=2 phase=phase2 kind=heuristic best_rc=-0.111946 found=10 added=10 exhausted=False cert=False
[clean-BPC  1188.84s] node 23 cg=3 phase=phase2 obj=232.243367 artificial=0.0 cols=2697
[clean-BPC  1191.52s] node 23 cg=3 phase=phase2 kind=heuristic best_rc=-0.0 found=0 added=0 exhausted=False cert=False
[clean-BPC  1201.85s] node 23 cg=3 phase=phase2 kind=heuristic_boost best_rc=-1.013754373 found=27 added=27 exhausted=True cert=True
[clean-BPC  1201.95s] node 23 cg=4 phase=phase2 obj=232.243367 artificial=0.0 cols=2724
[clean-BPC  1204.67s] node 23 cg=4 phase=phase2 kind=heuristic best_rc=-0.0 found=0 added=0 exhausted=False cert=False
[clean-BPC  1214.94s] node 23 cg=4 phase=phase2 kind=heuristic_boost best_rc=-0.071886 found=5 added=5 exhausted=True cert=True
[clean-BPC  1215.04s] node 23 cg=5 phase=phase2 obj=232.243367 artificial=0.0 cols=2729
[clean-BPC  1217.72s] node 23 cg=5 phase=phase2 kind=heuristic best_rc=-0.0 found=0 added=0 exhausted=False cert=False
[clean-BPC  1227.99s] node 23 cg=5 phase=phase2 kind=heuristic_boost best_rc=-0.0 found=0 added=0 exhausted=True cert=True
[clean-BPC  1230.57s] branch node 23: left=RF(13,14)=separate right=RF(13,14)=same
[clean-BPC  1230.57s] node 24 d=5 lb=231.684751 open=16
[clean-BPC  1230.66s] node 24 cg=1 phase=phase1 obj=0.0 artificial=0.0 cols=2729
[clean-BPC  1230.74s] node 24 cg=2 phase=phase2 obj=232.245594 artificial=0.0 cols=2729
[clean-BPC  1233.31s] node 24 cg=2 phase=phase2 kind=heuristic best_rc=-0.55093075 found=2 added=2 exhausted=False cert=False
[clean-BPC  1233.40s] node 24 cg=3 phase=phase2 obj=232.245594 artificial=0.0 cols=2731
[clean-BPC  1235.98s] node 24 cg=3 phase=phase2 kind=heuristic best_rc=0.031705 found=0 added=0 exhausted=False cert=False
[clean-BPC  1246.08s] node 24 cg=3 phase=phase2 kind=heuristic_boost best_rc=-0.0 found=0 added=0 exhausted=True cert=True
[clean-BPC  1247.98s] branch node 24: left=RF(13,17)=separate right=RF(13,17)=same
[clean-BPC  1247.98s] node 18 d=5 lb=231.948109 open=17
[clean-BPC  1248.05s] node 18 cg=1 phase=phase1 obj=0.0 artificial=0.0 cols=2731
[clean-BPC  1248.10s] node 18 cg=2 phase=phase2 obj=232.885122 artificial=0.0 cols=2731
[clean-BPC  1250.66s] node 18 cg=2 phase=phase2 kind=heuristic best_rc=-1.35137 found=39 added=39 exhausted=False cert=False
[clean-BPC  1250.72s] node 18 cg=3 phase=phase2 obj=232.885122 artificial=0.0 cols=2770
[clean-BPC  1253.33s] node 18 cg=3 phase=phase2 kind=heuristic best_rc=-0.0 found=0 added=0 exhausted=False cert=False
[clean-BPC  1260.87s] node 18 cg=3 phase=phase2 kind=heuristic_boost best_rc=-0.90316 found=4 added=4 exhausted=True cert=True
[clean-BPC  1260.93s] node 18 cg=4 phase=phase2 obj=232.885122 artificial=0.0 cols=2774
[clean-BPC  1263.55s] node 18 cg=4 phase=phase2 kind=heuristic best_rc=-0.062603 found=2 added=2 exhausted=False cert=False
[clean-BPC  1263.61s] node 18 cg=5 phase=phase2 obj=232.885122 artificial=0.0 cols=2776
[clean-BPC  1266.04s] node 18 cg=5 phase=phase2 kind=heuristic best_rc=0.0 found=0 added=0 exhausted=False cert=False
[clean-BPC  1271.45s] node 18 cg=5 phase=phase2 kind=heuristic_boost best_rc=-0.0 found=0 added=0 exhausted=True cert=True
[clean-BPC  1273.22s] branch node 18: left=RF(8,10)=separate right=RF(8,10)=same
[clean-BPC  1273.22s] node 17 d=5 lb=231.948109 open=18
[clean-BPC  1273.29s] node 17 cg=1 phase=phase1 obj=0.0 artificial=0.0 cols=2776
[clean-BPC  1273.38s] node 17 cg=2 phase=phase2 obj=232.471565 artificial=0.0 cols=2776
[clean-BPC  1276.27s] node 17 cg=2 phase=phase2 kind=heuristic best_rc=0.122437972 found=0 added=0 exhausted=False cert=False
[clean-BPC  1283.56s] node 17 cg=2 phase=phase2 kind=heuristic_boost best_rc=-0.616143833 found=6 added=6 exhausted=True cert=True
[clean-BPC  1283.65s] node 17 cg=3 phase=phase2 obj=232.471565 artificial=0.0 cols=2782
[clean-BPC  1286.52s] node 17 cg=3 phase=phase2 kind=heuristic best_rc=0.122437972 found=0 added=0 exhausted=False cert=False
[clean-BPC  1293.82s] node 17 cg=3 phase=phase2 kind=heuristic_boost best_rc=0.122437972 found=0 added=0 exhausted=True cert=True
[clean-BPC  1296.03s] branch node 17: left=RF(12,17)=separate right=RF(12,17)=same
[clean-BPC  1296.03s] node 19 d=5 lb=232.126501 open=19
[clean-BPC  1296.08s] node 19 cg=1 phase=phase1 obj=0.0 artificial=0.0 cols=2782
[clean-BPC  1296.14s] node 19 cg=2 phase=phase2 obj=232.315099 artificial=0.0 cols=2782
[clean-BPC  1298.92s] node 19 cg=2 phase=phase2 kind=heuristic best_rc=0.0 found=0 added=0 exhausted=False cert=False
[clean-BPC  1306.60s] node 19 cg=2 phase=phase2 kind=heuristic_boost best_rc=0.0 found=0 added=0 exhausted=True cert=True
[clean-BPC  1308.17s] branch node 19: left=RF(9,12)=separate right=RF(9,12)=same
[clean-BPC  1308.17s] node 20 d=5 lb=232.126501 open=20
[clean-BPC  1308.22s] node 20 cg=1 phase=phase1 obj=0.0 artificial=0.0 cols=2782
[clean-BPC  1308.28s] node 20 cg=2 phase=phase2 obj=233.31779 artificial=0.0 cols=2782
[clean-BPC  1311.18s] node 20 cg=2 phase=phase2 kind=heuristic best_rc=-4.094799333 found=101 added=101 exhausted=False cert=False
[clean-BPC  1311.23s] node 20 cg=3 phase=phase2 obj=232.991568 artificial=0.0 cols=2883
[clean-BPC  1313.97s] node 20 cg=3 phase=phase2 kind=heuristic best_rc=0.0 found=0 added=0 exhausted=False cert=False
[clean-BPC  1322.60s] node 20 cg=3 phase=phase2 kind=heuristic_boost best_rc=-0.305034667 found=9 added=9 exhausted=True cert=True
[clean-BPC  1322.66s] node 20 cg=4 phase=phase2 obj=232.991568 artificial=0.0 cols=2892
[clean-BPC  1325.40s] node 20 cg=4 phase=phase2 kind=heuristic best_rc=-0.0 found=0 added=0 exhausted=False cert=False
[clean-BPC  1334.07s] node 20 cg=4 phase=phase2 kind=heuristic_boost best_rc=-0.0 found=0 added=0 exhausted=True cert=True
[clean-BPC  1335.72s] branch node 20: left=RF(1,8)=separate right=RF(1,8)=same
[clean-BPC  1335.72s] node 15 d=4 lb=232.144707 open=21
[clean-BPC  1335.78s] node 15 cg=1 phase=phase1 obj=0.0 artificial=0.0 cols=2892
[clean-BPC  1335.85s] node 15 cg=2 phase=phase2 obj=232.533098 artificial=0.0 cols=2892
[clean-BPC  1338.83s] node 15 cg=2 phase=phase2 kind=heuristic best_rc=-0.1331632 found=4 added=4 exhausted=False cert=False
[clean-BPC  1338.90s] node 15 cg=3 phase=phase2 obj=232.533098 artificial=0.0 cols=2896
[clean-BPC  1341.89s] node 15 cg=3 phase=phase2 kind=heuristic best_rc=-0.0 found=0 added=0 exhausted=False cert=False
[clean-BPC  1349.75s] node 15 cg=3 phase=phase2 kind=heuristic_boost best_rc=-0.495611 found=6 added=6 exhausted=True cert=True
[clean-BPC  1349.82s] node 15 cg=4 phase=phase2 obj=232.533098 artificial=0.0 cols=2902
[clean-BPC  1352.81s] node 15 cg=4 phase=phase2 kind=heuristic best_rc=-0.156613 found=3 added=3 exhausted=False cert=False
[clean-BPC  1352.87s] node 15 cg=5 phase=phase2 obj=232.533098 artificial=0.0 cols=2905
[clean-BPC  1355.86s] node 15 cg=5 phase=phase2 kind=heuristic best_rc=0.0 found=0 added=0 exhausted=False cert=False
[clean-BPC  1363.72s] node 15 cg=5 phase=phase2 kind=heuristic_boost best_rc=0.0 found=0 added=0 exhausted=True cert=True
[clean-BPC  1365.64s] branch node 15: left=RF(14,16)=separate right=RF(14,16)=same
[clean-BPC  1365.64s] node 16 d=4 lb=232.144707 open=22
[clean-BPC  1365.70s] node 16 cg=1 phase=phase1 obj=0.0 artificial=0.0 cols=2905
[clean-BPC  1365.77s] node 16 cg=2 phase=phase2 obj=233.114128 artificial=0.0 cols=2905
[clean-BPC  1368.80s] node 16 cg=2 phase=phase2 kind=heuristic best_rc=-0.0116368 found=2 added=2 exhausted=False cert=False
[clean-BPC  1368.85s] node 16 cg=3 phase=phase2 obj=233.112188 artificial=0.0 cols=2907
[clean-BPC  1371.90s] node 16 cg=3 phase=phase2 kind=heuristic best_rc=-0.0 found=0 added=0 exhausted=False cert=False
[clean-BPC  1383.76s] node 16 cg=3 phase=phase2 kind=heuristic_boost best_rc=-0.601460667 found=10 added=10 exhausted=True cert=True
[clean-BPC  1383.83s] node 16 cg=4 phase=phase2 obj=233.112188 artificial=0.0 cols=2917
[clean-BPC  1386.87s] node 16 cg=4 phase=phase2 kind=heuristic best_rc=-0.0 found=0 added=0 exhausted=False cert=False
[clean-BPC  1398.79s] node 16 cg=4 phase=phase2 kind=heuristic_boost best_rc=-0.761754333 found=4 added=4 exhausted=True cert=True
[clean-BPC  1398.85s] node 16 cg=5 phase=phase2 obj=233.112188 artificial=0.0 cols=2921
[clean-BPC  1401.96s] node 16 cg=5 phase=phase2 kind=heuristic best_rc=0.0 found=0 added=0 exhausted=False cert=False
[clean-BPC  1414.01s] node 16 cg=5 phase=phase2 kind=heuristic_boost best_rc=-0.004848667 found=2 added=2 exhausted=True cert=True
[clean-BPC  1414.08s] node 16 cg=6 phase=phase2 obj=233.112188 artificial=0.0 cols=2923
[clean-BPC  1417.13s] node 16 cg=6 phase=phase2 kind=heuristic best_rc=-0.0 found=0 added=0 exhausted=False cert=False
[clean-BPC  1429.03s] node 16 cg=6 phase=phase2 kind=heuristic_boost best_rc=-0.0 found=0 added=0 exhausted=True cert=True
[clean-BPC  1430.60s] branch node 16: left=RF(14,16)=separate right=RF(14,16)=same
[clean-BPC  1430.60s] node 22 d=5 lb=232.160229 open=23
[clean-BPC  1430.70s] node 22 cg=1 phase=phase1 obj=0.0 artificial=0.0 cols=2923
[clean-BPC  1430.81s] node 22 cg=2 phase=phase2 obj=232.596917 artificial=0.0 cols=2923
[clean-BPC  1433.76s] node 22 cg=2 phase=phase2 kind=heuristic best_rc=-0.2053226 found=2 added=2 exhausted=False cert=False
[clean-BPC  1433.85s] node 22 cg=3 phase=phase2 obj=232.596917 artificial=0.0 cols=2925
[clean-BPC  1436.88s] node 22 cg=3 phase=phase2 kind=heuristic best_rc=0.120256 found=0 added=0 exhausted=False cert=False
[clean-BPC  1446.18s] node 22 cg=3 phase=phase2 kind=heuristic_boost best_rc=0.120256 found=0 added=0 exhausted=True cert=True
[clean-BPC  1448.80s] branch node 22: left=RF(14,16)=separate right=RF(14,16)=same
[clean-BPC  1448.80s] node 21 d=5 lb=232.160229 open=24
[clean-BPC  1448.94s] node 21 cg=1 phase=phase1 obj=0.0 artificial=0.0 cols=2925
[clean-BPC  1449.07s] node 21 cg=2 phase=phase2 obj=232.728101 artificial=0.0 cols=2925
[clean-BPC  1452.33s] node 21 cg=2 phase=phase2 kind=heuristic best_rc=-0.457291 found=4 added=4 exhausted=False cert=False
[clean-BPC  1452.48s] node 21 cg=3 phase=phase2 obj=232.664188 artificial=0.0 cols=2929
[clean-BPC  1455.79s] node 21 cg=3 phase=phase2 kind=heuristic best_rc=0.009236 found=0 added=0 exhausted=False cert=False
[clean-BPC  1465.68s] node 21 cg=3 phase=phase2 kind=heuristic_boost best_rc=0.009236 found=0 added=0 exhausted=True cert=True
[clean-BPC  1469.82s] branch node 21: left=RF(14,17)=separate right=RF(14,17)=same
[clean-BPC  1469.82s] node 32 d=6 lb=232.243367 open=25
[clean-BPC  1469.87s] node 32 cg=1 phase=phase1 obj=0.0 artificial=0.0 cols=2929
[clean-BPC  1469.93s] node 32 cg=2 phase=phase2 obj=232.537028 artificial=0.0 cols=2929
[clean-BPC  1472.47s] node 32 cg=2 phase=phase2 kind=heuristic best_rc=-0.10614 found=2 added=2 exhausted=False cert=False
[clean-BPC  1472.53s] node 32 cg=3 phase=phase2 obj=232.537028 artificial=0.0 cols=2931
[clean-BPC  1475.04s] node 32 cg=3 phase=phase2 kind=heuristic best_rc=0.031705 found=0 added=0 exhausted=False cert=False
[clean-BPC  1483.29s] node 32 cg=3 phase=phase2 kind=heuristic_boost best_rc=0.0 found=0 added=0 exhausted=True cert=True
[clean-BPC  1485.01s] branch node 32: left=arc(1,13)=off right=arc(1,13)=on
[clean-BPC  1485.01s] node 31 d=6 lb=232.243367 open=26
[clean-BPC  1485.11s] node 31 cg=1 phase=phase1 obj=0.0 artificial=0.0 cols=2931
[clean-BPC  1485.21s] node 31 cg=2 phase=phase2 obj=233.566058 artificial=0.0 cols=2931
[clean-BPC  1487.89s] node 31 cg=2 phase=phase2 kind=heuristic best_rc=-0.560787 found=8 added=8 exhausted=False cert=False
[clean-BPC  1488.00s] node 31 cg=3 phase=phase2 obj=233.417974 artificial=0.0 cols=2939
[clean-BPC  1490.68s] node 31 cg=3 phase=phase2 kind=heuristic best_rc=0.0 found=0 added=0 exhausted=False cert=False
[clean-BPC  1498.82s] node 31 cg=3 phase=phase2 kind=heuristic_boost best_rc=-0.0 found=0 added=0 exhausted=True cert=True
[clean-BPC  1501.46s] branch node 31: left=arc(8,12)=off right=arc(8,12)=on
[clean-BPC  1501.46s] node 34 d=6 lb=232.245594 open=27
[clean-BPC  1501.50s] node 34 cg=1 phase=phase1 obj=0.0 artificial=0.0 cols=2939
[clean-BPC  1501.54s] node 34 cg=2 phase=phase2 obj=232.700138 artificial=0.0 cols=2939
[clean-BPC  1503.94s] node 34 cg=2 phase=phase2 kind=heuristic best_rc=-0.052526 found=2 added=2 exhausted=False cert=False
[clean-BPC  1503.98s] node 34 cg=3 phase=phase2 obj=232.700138 artificial=0.0 cols=2941
[clean-BPC  1506.42s] node 34 cg=3 phase=phase2 kind=heuristic best_rc=0.031705 found=0 added=0 exhausted=False cert=False
[clean-BPC  1514.07s] node 34 cg=3 phase=phase2 kind=heuristic_boost best_rc=0.031705 found=0 added=0 exhausted=True cert=True
[clean-BPC  1515.11s] branch node 34: left=RF(1,16)=separate right=RF(1,16)=same
[clean-BPC  1515.11s] node 33 d=6 lb=232.245594 open=28
[clean-BPC  1515.20s] node 33 cg=1 phase=phase1 obj=0.0 artificial=0.0 cols=2941
[clean-BPC  1515.27s] node 33 cg=2 phase=phase2 obj=232.642653 artificial=0.0 cols=2941
[clean-BPC  1517.89s] node 33 cg=2 phase=phase2 kind=heuristic best_rc=-0.0 found=0 added=0 exhausted=False cert=False
[clean-BPC  1526.02s] node 33 cg=2 phase=phase2 kind=heuristic_boost best_rc=-0.0 found=0 added=0 exhausted=True cert=True
[clean-BPC  1527.53s] branch node 33: left=RF(14,17)=separate right=RF(14,17)=same
[clean-BPC  1527.53s] node 39 d=6 lb=232.315099 open=29
[clean-BPC  1527.59s] node 39 cg=1 phase=phase1 obj=0.0 artificial=0.0 cols=2941
[clean-BPC  1527.64s] node 39 cg=2 phase=phase2 obj=233.139739 artificial=0.0 cols=2941
[clean-BPC  1530.24s] node 39 cg=2 phase=phase2 kind=heuristic best_rc=-1.854778 found=61 added=61 exhausted=False cert=False
[clean-BPC  1530.29s] node 39 cg=3 phase=phase2 obj=232.52148 artificial=0.0 cols=3002
[clean-BPC  1533.02s] node 39 cg=3 phase=phase2 kind=heuristic best_rc=0.041101333 found=0 added=0 exhausted=False cert=False
[clean-BPC  1539.41s] node 39 cg=3 phase=phase2 kind=heuristic_boost best_rc=0.041101333 found=0 added=0 exhausted=True cert=True
[clean-BPC  1540.55s] branch node 39: left=RF(6,12)=separate right=RF(6,12)=same
[clean-BPC  1540.55s] node 40 d=6 lb=232.315099 open=30
[clean-BPC  1540.60s] node 40 cg=1 phase=phase1 obj=0.0 artificial=0.0 cols=3002
[clean-BPC  1540.64s] node 40 cg=2 phase=phase2 obj=233.188797 artificial=0.0 cols=3002
[clean-BPC  1543.23s] node 40 cg=2 phase=phase2 kind=heuristic best_rc=-0.0 found=0 added=0 exhausted=False cert=False
[clean-BPC  1550.95s] node 40 cg=2 phase=phase2 kind=heuristic_boost best_rc=-0.0 found=0 added=0 exhausted=True cert=True
[clean-BPC  1552.15s] branch node 40: left=RF(5,19)=separate right=RF(5,19)=same
[clean-BPC  1552.15s] node 27 d=5 lb=232.38342 open=31
[clean-BPC  1552.21s] node 27 cg=1 phase=phase1 obj=0.0 artificial=0.0 cols=3002
[clean-BPC  1552.27s] node 27 cg=2 phase=phase2 obj=232.776218 artificial=0.0 cols=3002
[clean-BPC  1555.04s] node 27 cg=2 phase=phase2 kind=heuristic best_rc=-0.015765714 found=2 added=2 exhausted=False cert=False
[clean-BPC  1555.11s] node 27 cg=3 phase=phase2 obj=232.77513 artificial=0.0 cols=3004
[clean-BPC  1557.85s] node 27 cg=3 phase=phase2 kind=heuristic best_rc=-0.0 found=0 added=0 exhausted=False cert=False
[clean-BPC  1565.40s] node 27 cg=3 phase=phase2 kind=heuristic_boost best_rc=-0.0 found=0 added=0 exhausted=True cert=True
[clean-BPC  1567.20s] branch node 27: left=RF(2,5)=separate right=RF(2,5)=same
[clean-BPC  1567.20s] node 28 d=5 lb=232.38342 open=32
[clean-BPC  1567.23s] node 28 cg=1 phase=phase1 obj=0.0 artificial=0.0 cols=3004
[clean-BPC  1567.26s] node 28 cg=2 phase=phase2 obj=233.265133 artificial=0.0 cols=3004
[clean-BPC  1569.90s] node 28 cg=2 phase=phase2 kind=heuristic best_rc=-0.325520308 found=6 added=6 exhausted=False cert=False
[clean-BPC  1569.94s] node 28 cg=3 phase=phase2 obj=233.236667 artificial=0.0 cols=3010
[clean-BPC  1572.58s] node 28 cg=3 phase=phase2 kind=heuristic best_rc=-0.0 found=0 added=0 exhausted=False cert=False
[clean-BPC  1581.75s] node 28 cg=3 phase=phase2 kind=heuristic_boost best_rc=-0.969236 found=26 added=26 exhausted=True cert=True
[clean-BPC  1581.79s] node 28 cg=4 phase=phase2 obj=233.236667 artificial=0.0 cols=3036
[clean-BPC  1584.52s] node 28 cg=4 phase=phase2 kind=heuristic best_rc=0.0 found=0 added=0 exhausted=False cert=False
[clean-BPC  1595.64s] node 28 cg=4 phase=phase2 kind=heuristic_boost best_rc=-1.656471 found=8 added=8 exhausted=True cert=True
[clean-BPC  1595.68s] node 28 cg=5 phase=phase2 obj=233.236667 artificial=0.0 cols=3044
[clean-BPC  1598.35s] node 28 cg=5 phase=phase2 kind=heuristic best_rc=0.0 found=0 added=0 exhausted=False cert=False
[clean-BPC  1607.50s] node 28 cg=5 phase=phase2 kind=heuristic_boost best_rc=-0.1272625 found=2 added=2 exhausted=True cert=True
[clean-BPC  1607.54s] node 28 cg=6 phase=phase2 obj=233.236667 artificial=0.0 cols=3046
[clean-BPC  1610.23s] node 28 cg=6 phase=phase2 kind=heuristic best_rc=-0.0 found=0 added=0 exhausted=False cert=False
[clean-BPC  1621.16s] node 28 cg=6 phase=phase2 kind=heuristic_boost best_rc=-0.0 found=0 added=0 exhausted=True cert=True
[clean-BPC  1622.25s] branch node 28: left=RF(14,17)=separate right=RF(14,17)=same
[clean-BPC  1622.25s] node 38 d=6 lb=232.471565 open=33
[clean-BPC  1622.31s] node 38 cg=1 phase=phase1 obj=0.0 artificial=0.0 cols=3046
[clean-BPC  1622.38s] node 38 cg=2 phase=phase2 obj=233.381566 artificial=0.0 cols=3046
[clean-BPC  1624.88s] node 38 cg=2 phase=phase2 kind=heuristic best_rc=0.491417625 found=0 added=0 exhausted=False cert=False
[clean-BPC  1631.79s] node 38 cg=2 phase=phase2 kind=heuristic_boost best_rc=0.454682 found=0 added=0 exhausted=True cert=True
[clean-BPC  1633.65s] branch node 38: left=RF(7,17)=separate right=RF(7,17)=same
[clean-BPC  1633.65s] node 37 d=6 lb=232.471565 open=34
[clean-BPC  1633.72s] node 37 cg=1 phase=phase1 obj=0.0 artificial=0.0 cols=3046
[clean-BPC  1633.81s] node 37 cg=2 phase=phase2 obj=233.205212 artificial=0.0 cols=3046
[clean-BPC  1636.67s] node 37 cg=2 phase=phase2 kind=heuristic best_rc=0.0 found=0 added=0 exhausted=False cert=False
[clean-BPC  1643.69s] node 37 cg=2 phase=phase2 kind=heuristic_boost best_rc=-0.522426467 found=10 added=10 exhausted=True cert=True
[clean-BPC  1643.77s] node 37 cg=3 phase=phase2 obj=233.205212 artificial=0.0 cols=3056
[clean-BPC  1646.66s] node 37 cg=3 phase=phase2 kind=heuristic best_rc=0.0 found=0 added=0 exhausted=False cert=False
[clean-BPC  1653.59s] node 37 cg=3 phase=phase2 kind=heuristic_boost best_rc=-0.073262133 found=2 added=2 exhausted=True cert=True
[clean-BPC  1653.68s] node 37 cg=4 phase=phase2 obj=233.205212 artificial=0.0 cols=3058
[clean-BPC  1656.53s] node 37 cg=4 phase=phase2 kind=heuristic best_rc=-0.0 found=0 added=0 exhausted=False cert=False
[clean-BPC  1663.48s] node 37 cg=4 phase=phase2 kind=heuristic_boost best_rc=-0.0 found=0 added=0 exhausted=True cert=True
[clean-BPC  1665.67s] branch node 37: left=RF(14,16)=separate right=RF(14,16)=same
[clean-BPC  1665.67s] node 59 d=7 lb=232.52148 open=35
[clean-BPC  1665.72s] node 59 cg=1 phase=phase1 obj=0.0 artificial=0.0 cols=3058
[clean-BPC  1665.78s] node 59 cg=2 phase=phase2 obj=233.166645 artificial=0.0 cols=3058
[clean-BPC  1668.35s] node 59 cg=2 phase=phase2 kind=heuristic best_rc=0.0 found=0 added=0 exhausted=False cert=False
[clean-BPC  1674.66s] node 59 cg=2 phase=phase2 kind=heuristic_boost best_rc=0.0 found=0 added=0 exhausted=True cert=True
[clean-BPC  1675.91s] branch node 59: left=RF(14,17)=separate right=RF(14,17)=same
[clean-BPC  1675.91s] node 60 d=7 lb=232.52148 open=36
[clean-BPC  1675.94s] node 60 cg=1 phase=phase1 obj=0.0 artificial=0.0 cols=3058
[clean-BPC  1675.97s] node 60 cg=2 phase=phase2 obj=233.657931 artificial=0.0 cols=3058
[clean-BPC  1678.19s] node 60 cg=2 phase=phase2 kind=heuristic best_rc=-1.018185 found=14 added=14 exhausted=False cert=False
[clean-BPC  1678.22s] node 60 cg=3 phase=phase2 obj=233.643955 artificial=0.0 cols=3072
[clean-BPC  1680.67s] node 60 cg=3 phase=phase2 kind=heuristic best_rc=-0.136733818 found=2 added=2 exhausted=False cert=False
[clean-BPC  1680.70s] node 60 cg=4 phase=phase2 obj=233.643955 artificial=0.0 cols=3074
[clean-BPC  1683.20s] node 60 cg=4 phase=phase2 kind=heuristic best_rc=0.209494818 found=0 added=0 exhausted=False cert=False
[clean-BPC  1688.47s] node 60 cg=4 phase=phase2 kind=heuristic_boost best_rc=0.209494818 found=0 added=0 exhausted=True cert=True
[clean-BPC  1689.49s] branch node 60: left=RF(6,19)=separate right=RF(6,19)=same
[clean-BPC  1689.49s] node 44 d=5 lb=232.533098 open=37
[clean-BPC  1689.54s] node 44 cg=1 phase=phase1 obj=0.0 artificial=0.0 cols=3074
[clean-BPC  1689.58s] node 44 cg=2 phase=phase2 obj=233.184702 artificial=0.0 cols=3074
[clean-BPC  1692.47s] node 44 cg=2 phase=phase2 kind=heuristic best_rc=-0.4707055 found=6 added=6 exhausted=False cert=False
[clean-BPC  1692.52s] node 44 cg=3 phase=phase2 obj=233.112816 artificial=0.0 cols=3080
[clean-BPC  1695.46s] node 44 cg=3 phase=phase2 kind=heuristic best_rc=0.0 found=0 added=0 exhausted=False cert=False
[clean-BPC  1704.85s] node 44 cg=3 phase=phase2 kind=heuristic_boost best_rc=0.0 found=0 added=0 exhausted=True cert=True
[clean-BPC  1704.86s] incumbent node 44: obj=333.112816
[clean-BPC  1705.73s] cut_added family=schedule_nogood_core node=44 added=2 source_vehicle=1 route_count=4 signatures=[[5, 9, 19, 11], [2, 20, 15, 4], [6, 8, 10, 18, 13], [1, 3, 7]]
[clean-BPC  1705.73s] node 43 d=5 lb=232.533098 open=37
[clean-BPC  1705.80s] node 43 cg=1 phase=phase1 obj=0.0 artificial=0.0 cols=3080
[clean-BPC  1705.86s] node 43 cg=2 phase=phase2 obj=233.276169 artificial=0.0 cols=3080
[clean-BPC  1708.83s] node 43 cg=2 phase=phase2 kind=heuristic best_rc=-0.121198 found=4 added=4 exhausted=False cert=False
[clean-BPC  1708.89s] node 43 cg=3 phase=phase2 obj=233.262703 artificial=0.0 cols=3084
[clean-BPC  1711.86s] node 43 cg=3 phase=phase2 kind=heuristic best_rc=-0.0 found=0 added=0 exhausted=False cert=False
[clean-BPC  1719.56s] node 43 cg=3 phase=phase2 kind=heuristic_boost best_rc=-0.280544667 found=13 added=13 exhausted=True cert=True
[clean-BPC  1719.63s] node 43 cg=4 phase=phase2 obj=233.262703 artificial=0.0 cols=3097
[clean-BPC  1722.65s] node 43 cg=4 phase=phase2 kind=heuristic best_rc=-0.0 found=0 added=0 exhausted=False cert=False
[clean-BPC  1730.45s] node 43 cg=4 phase=phase2 kind=heuristic_boost best_rc=-0.0 found=0 added=0 exhausted=True cert=True
[clean-BPC  1731.93s] branch node 43: left=RF(13,14)=separate right=RF(13,14)=same
[clean-BPC  1731.93s] node 51 d=7 lb=232.537028 open=38
[clean-BPC  1731.99s] node 51 cg=1 phase=phase1 obj=0.0 artificial=0.0 cols=3097
[clean-BPC  1732.05s] node 51 cg=2 phase=phase2 obj=232.537028 artificial=0.0 cols=3097
[clean-BPC  1734.61s] node 51 cg=2 phase=phase2 kind=heuristic best_rc=0.031705 found=0 added=0 exhausted=False cert=False
[clean-BPC  1742.88s] node 51 cg=2 phase=phase2 kind=heuristic_boost best_rc=-0.194182444 found=2 added=2 exhausted=True cert=True
[clean-BPC  1742.94s] node 51 cg=3 phase=phase2 obj=232.537028 artificial=0.0 cols=3099
[clean-BPC  1745.47s] node 51 cg=3 phase=phase2 kind=heuristic best_rc=0.031705 found=0 added=0 exhausted=False cert=False
[clean-BPC  1753.78s] node 51 cg=3 phase=phase2 kind=heuristic_boost best_rc=0.0 found=0 added=0 exhausted=True cert=True
[clean-BPC  1755.62s] branch node 51: left=arc(13,1)=off right=arc(13,1)=on
[clean-BPC  1755.62s] node 52 d=7 lb=232.537028 open=39
[clean-BPC  1755.68s] node 52 cg=1 phase=phase1 obj=0.0 artificial=0.0 cols=3099
[clean-BPC  1755.75s] node 52 cg=2 phase=phase2 obj=238.100241 artificial=0.0 cols=3099
[clean-BPC  1758.37s] node 52 cg=2 phase=phase2 kind=heuristic best_rc=-5.3858606 found=405 added=405 exhausted=False cert=False
[clean-BPC  1758.47s] node 52 cg=3 phase=phase2 obj=235.797073 artificial=0.0 cols=3504
[clean-BPC  1761.06s] node 52 cg=3 phase=phase2 kind=heuristic best_rc=0.161578 found=0 added=0 exhausted=False cert=False
[clean-BPC  1769.53s] node 52 cg=3 phase=phase2 kind=heuristic_boost best_rc=-0.0 found=0 added=0 exhausted=True cert=True
[clean-BPC  1771.92s] branch node 52: left=RF(7,8)=separate right=RF(7,8)=same
[clean-BPC  1771.92s] node 77 d=8 lb=232.537028 open=40
[clean-BPC  1772.02s] node 77 cg=1 phase=phase1 obj=0.0 artificial=0.0 cols=3504
[clean-BPC  1772.11s] node 77 cg=2 phase=phase2 obj=232.590888 artificial=0.0 cols=3504
[clean-BPC  1774.65s] node 77 cg=2 phase=phase2 kind=heuristic best_rc=0.031705 found=0 added=0 exhausted=False cert=False
[clean-BPC  1783.02s] node 77 cg=2 phase=phase2 kind=heuristic_boost best_rc=0.0 found=0 added=0 exhausted=True cert=True
[clean-BPC  1784.62s] branch node 77: left=RF(9,17)=separate right=RF(9,17)=same
[clean-BPC  1784.62s] node 78 d=8 lb=232.537028 open=41
[clean-BPC  1784.70s] node 78 cg=1 phase=phase1 obj=0.0 artificial=0.0 cols=3504
[clean-BPC  1784.80s] node 78 cg=2 phase=phase2 obj=236.005142 artificial=0.0 cols=3504
[clean-BPC  1787.35s] node 78 cg=2 phase=phase2 kind=heuristic best_rc=-0.383188 found=2 added=2 exhausted=False cert=False
[clean-BPC  1787.44s] node 78 cg=3 phase=phase2 obj=235.891181 artificial=0.0 cols=3506
[clean-BPC  1790.01s] node 78 cg=3 phase=phase2 kind=heuristic best_rc=0.161578 found=0 added=0 exhausted=False cert=False
[clean-BPC  1798.56s] node 78 cg=3 phase=phase2 kind=heuristic_boost best_rc=-0.6368455 found=7 added=7 exhausted=True cert=True
[clean-BPC  1798.67s] node 78 cg=4 phase=phase2 obj=235.797073 artificial=0.0 cols=3513
[clean-BPC  1801.25s] node 78 cg=4 phase=phase2 kind=heuristic best_rc=0.161578 found=0 added=0 exhausted=False cert=False
[clean-BPC  1809.63s] node 78 cg=4 phase=phase2 kind=heuristic_boost best_rc=0.0 found=0 added=0 exhausted=True cert=True
[clean-BPC  1812.21s] branch node 78: left=RF(7,8)=separate right=RF(7,8)=same
[clean-BPC  1812.21s] node 81 d=9 lb=232.590888 open=42
[clean-BPC  1812.28s] node 81 cg=1 phase=phase1 obj=0.0 artificial=0.0 cols=3513
[clean-BPC  1812.38s] node 81 cg=2 phase=phase2 obj=232.620898 artificial=0.0 cols=3513
[clean-BPC  1814.74s] node 81 cg=2 phase=phase2 kind=heuristic best_rc=0.0 found=0 added=0 exhausted=False cert=False
[clean-BPC  1819.88s] node 81 cg=2 phase=phase2 kind=heuristic_boost best_rc=0.0 found=0 added=0 exhausted=True cert=True
[clean-BPC  1821.14s] branch node 81: left=RF(3,14)=separate right=RF(3,14)=same
[clean-BPC  1821.14s] node 82 d=9 lb=232.590888 open=43
[clean-BPC  1821.19s] node 82 cg=1 phase=phase1 obj=0.0 artificial=0.0 cols=3513
[clean-BPC  1821.24s] node 82 cg=2 phase=phase2 obj=234.498382 artificial=0.0 cols=3513
[clean-BPC  1823.39s] node 82 cg=2 phase=phase2 kind=heuristic best_rc=-3.323326444 found=20 added=20 exhausted=False cert=False
[clean-BPC  1823.44s] node 82 cg=3 phase=phase2 obj=233.612437 artificial=0.0 cols=3533
[clean-BPC  1825.59s] node 82 cg=3 phase=phase2 kind=heuristic best_rc=0.161578 found=0 added=0 exhausted=False cert=False
[clean-BPC  1831.40s] node 82 cg=3 phase=phase2 kind=heuristic_boost best_rc=-0.0 found=0 added=0 exhausted=True cert=True
[clean-BPC  1832.36s] branch node 82: left=RF(9,12)=separate right=RF(9,12)=same
[clean-BPC  1832.36s] node 48 d=6 lb=232.596917 open=44
[clean-BPC  1832.44s] node 48 cg=1 phase=phase1 obj=0.0 artificial=0.0 cols=3533
[clean-BPC  1832.53s] node 48 cg=2 phase=phase2 obj=235.056112 artificial=0.0 cols=3533
[clean-BPC  1835.06s] node 48 cg=2 phase=phase2 kind=heuristic best_rc=-0.910542 found=6 added=6 exhausted=False cert=False
[clean-BPC  1835.14s] node 48 cg=3 phase=phase2 obj=234.948281 artificial=0.0 cols=3539
[clean-BPC  1837.91s] node 48 cg=3 phase=phase2 kind=heuristic best_rc=0.0 found=0 added=0 exhausted=False cert=False
[clean-BPC  1845.79s] node 48 cg=3 phase=phase2 kind=heuristic_boost best_rc=-2.624130571 found=27 added=27 exhausted=True cert=True
[clean-BPC  1845.88s] node 48 cg=4 phase=phase2 obj=234.948281 artificial=0.0 cols=3566
[clean-BPC  1848.61s] node 48 cg=4 phase=phase2 kind=heuristic best_rc=0.120256 found=0 added=0 exhausted=False cert=False
[clean-BPC  1856.59s] node 48 cg=4 phase=phase2 kind=heuristic_boost best_rc=0.0 found=0 added=0 exhausted=True cert=True
[clean-BPC  1858.85s] branch node 48: left=RF(13,14)=separate right=RF(13,14)=same
[clean-BPC  1858.85s] node 47 d=6 lb=232.596917 open=45
[clean-BPC  1859.00s] node 47 cg=1 phase=phase1 obj=0.0 artificial=0.0 cols=3566
[clean-BPC  1859.14s] node 47 cg=2 phase=phase2 obj=232.759935 artificial=0.0 cols=3566
[clean-BPC  1862.08s] node 47 cg=2 phase=phase2 kind=heuristic best_rc=-0.18259125 found=2 added=2 exhausted=False cert=False
[clean-BPC  1862.21s] node 47 cg=3 phase=phase2 obj=232.733639 artificial=0.0 cols=3568
[clean-BPC  1865.19s] node 47 cg=3 phase=phase2 kind=heuristic best_rc=0.120256 found=0 added=0 exhausted=False cert=False
[clean-BPC  1874.28s] node 47 cg=3 phase=phase2 kind=heuristic_boost best_rc=-1.2617124 found=55 added=55 exhausted=True cert=True
[clean-BPC  1874.42s] node 47 cg=4 phase=phase2 obj=232.733639 artificial=0.0 cols=3623
[clean-BPC  1874.56s] node 47 cg=5 phase=phase2 obj=232.733639 artificial=0.0 cols=3623
[clean-BPC  1877.50s] node 47 cg=5 phase=phase2 kind=heuristic best_rc=0.0 found=0 added=0 exhausted=False cert=False
[clean-BPC  1887.74s] node 47 cg=5 phase=phase2 kind=heuristic_boost best_rc=-0.20596952 found=2 added=2 exhausted=True cert=True
[clean-BPC  1887.89s] node 47 cg=6 phase=phase2 obj=232.733639 artificial=0.0 cols=3625
[clean-BPC  1890.89s] node 47 cg=6 phase=phase2 kind=heuristic best_rc=0.0 found=0 added=0 exhausted=False cert=False
[clean-BPC  1901.09s] node 47 cg=6 phase=phase2 kind=heuristic_boost best_rc=-0.0 found=0 added=0 exhausted=True cert=True
[clean-BPC  1904.12s] branch node 47: left=RF(7,16)=separate right=RF(7,16)=same
[clean-BPC  1904.12s] node 85 d=10 lb=232.620898 open=46
[clean-BPC  1904.19s] node 85 cg=1 phase=phase1 obj=0.0 artificial=0.0 cols=3625
[clean-BPC  1904.26s] node 85 cg=2 phase=phase2 obj=232.835993 artificial=0.0 cols=3625
[clean-BPC  1906.61s] node 85 cg=2 phase=phase2 kind=heuristic best_rc=-0.161578 found=2 added=2 exhausted=False cert=False
[clean-BPC  1906.69s] node 85 cg=3 phase=phase2 obj=232.835993 artificial=0.0 cols=3627
[clean-BPC  1909.01s] node 85 cg=3 phase=phase2 kind=heuristic best_rc=-0.046006 found=4 added=4 exhausted=False cert=False
[clean-BPC  1909.09s] node 85 cg=4 phase=phase2 obj=232.835993 artificial=0.0 cols=3631
[clean-BPC  1911.42s] node 85 cg=4 phase=phase2 kind=heuristic best_rc=0.031705 found=0 added=0 exhausted=False cert=False
[clean-BPC  1916.24s] node 85 cg=4 phase=phase2 kind=heuristic_boost best_rc=0.031705 found=0 added=0 exhausted=True cert=True
[clean-BPC  1917.70s] branch node 85: left=RF(1,4)=separate right=RF(1,4)=same
[clean-BPC  1917.70s] node 86 d=10 lb=232.620898 open=47
[clean-BPC  1917.73s] node 86 cg=1 phase=phase1 obj=0.0 artificial=0.0 cols=3631
[clean-BPC  1917.77s] node 86 cg=2 phase=phase2 obj=233.982619 artificial=0.0 cols=3631
[clean-BPC  1920.15s] node 86 cg=2 phase=phase2 kind=heuristic best_rc=-0.155710833 found=4 added=4 exhausted=False cert=False
[clean-BPC  1920.19s] node 86 cg=3 phase=phase2 obj=233.982619 artificial=0.0 cols=3635
[clean-BPC  1922.57s] node 86 cg=3 phase=phase2 kind=heuristic best_rc=0.161578 found=0 added=0 exhausted=False cert=False
[clean-BPC  1929.39s] node 86 cg=3 phase=phase2 kind=heuristic_boost best_rc=0.0 found=0 added=0 exhausted=True cert=True
[clean-BPC  1930.20s] branch node 86: left=arc(16,8)=off right=arc(16,8)=on
[clean-BPC  1930.20s] node 58 d=7 lb=232.642653 open=48
[clean-BPC  1930.24s] node 58 cg=1 phase=phase1 obj=0.0 artificial=0.0 cols=3635
[clean-BPC  1930.30s] node 58 cg=2 phase=phase2 obj=236.041961 artificial=0.0 cols=3635
[clean-BPC  1932.85s] node 58 cg=2 phase=phase2 kind=heuristic best_rc=-2.376106333 found=16 added=16 exhausted=False cert=False
[clean-BPC  1932.90s] node 58 cg=3 phase=phase2 obj=235.628113 artificial=0.0 cols=3651
[clean-BPC  1935.44s] node 58 cg=3 phase=phase2 kind=heuristic best_rc=0.091699 found=0 added=0 exhausted=False cert=False
[clean-BPC  1943.53s] node 58 cg=3 phase=phase2 kind=heuristic_boost best_rc=0.0 found=0 added=0 exhausted=True cert=True
[clean-BPC  1944.85s] branch node 58: left=RF(16,19)=separate right=RF(16,19)=same
[clean-BPC  1944.85s] node 57 d=7 lb=232.642653 open=49
[clean-BPC  1944.93s] node 57 cg=1 phase=phase1 obj=0.0 artificial=0.0 cols=3651
[clean-BPC  1945.02s] node 57 cg=2 phase=phase2 obj=233.038737 artificial=0.0 cols=3651
[clean-BPC  1947.53s] node 57 cg=2 phase=phase2 kind=heuristic best_rc=0.0 found=0 added=0 exhausted=False cert=False
[clean-BPC  1957.51s] node 57 cg=2 phase=phase2 kind=heuristic_boost best_rc=-1.2109345 found=14 added=14 exhausted=True cert=True
[clean-BPC  1957.59s] node 57 cg=3 phase=phase2 obj=233.038737 artificial=0.0 cols=3665
[clean-BPC  1960.19s] node 57 cg=3 phase=phase2 kind=heuristic best_rc=0.0 found=0 added=0 exhausted=False cert=False
[clean-BPC  1970.32s] node 57 cg=3 phase=phase2 kind=heuristic_boost best_rc=0.0 found=0 added=0 exhausted=True cert=True
[clean-BPC  1971.56s] branch node 57: left=RF(11,15)=separate right=RF(11,15)=same
[clean-BPC  1971.56s] node 49 d=6 lb=232.664188 open=50
[clean-BPC  1971.72s] node 49 cg=1 phase=phase1 obj=0.0 artificial=0.0 cols=3665
[clean-BPC  1971.88s] node 49 cg=2 phase=phase2 obj=232.991765 artificial=0.0 cols=3665
[clean-BPC  1974.68s] node 49 cg=2 phase=phase2 kind=heuristic best_rc=0.019994727 found=0 added=0 exhausted=False cert=False
[clean-BPC  1979.93s] node 49 cg=2 phase=phase2 kind=heuristic_boost best_rc=0.0 found=0 added=0 exhausted=True cert=True
[clean-BPC  1984.14s] branch node 49: left=RF(11,15)=separate right=RF(11,15)=same
[clean-BPC  1984.14s] node 50 d=6 lb=232.664188 open=51
[clean-BPC  1984.23s] node 50 cg=1 phase=phase1 obj=0.0 artificial=0.0 cols=3665
[clean-BPC  1984.35s] node 50 cg=2 phase=phase2 obj=233.970088 artificial=0.0 cols=3665
[clean-BPC  1987.02s] node 50 cg=2 phase=phase2 kind=heuristic best_rc=-0.071886 found=3 added=3 exhausted=False cert=False
[clean-BPC  1987.12s] node 50 cg=3 phase=phase2 obj=233.955711 artificial=0.0 cols=3668
[clean-BPC  1989.77s] node 50 cg=3 phase=phase2 kind=heuristic best_rc=0.0 found=0 added=0 exhausted=False cert=False
[clean-BPC  1994.97s] node 50 cg=3 phase=phase2 kind=heuristic_boost best_rc=-0.6252123 found=22 added=22 exhausted=True cert=True
[clean-BPC  1995.09s] node 50 cg=4 phase=phase2 obj=233.955711 artificial=0.0 cols=3690
[clean-BPC  1997.78s] node 50 cg=4 phase=phase2 kind=heuristic best_rc=0.071886 found=0 added=0 exhausted=False cert=False
[clean-BPC  2003.11s] node 50 cg=4 phase=phase2 kind=heuristic_boost best_rc=0.051266 found=0 added=0 exhausted=True cert=True
[clean-BPC  2004.86s] branch node 50: left=RF(11,15)=separate right=RF(11,15)=same
[clean-BPC  2004.86s] node 55 d=7 lb=232.700138 open=52
[clean-BPC  2004.90s] node 55 cg=1 phase=phase1 obj=0.0 artificial=0.0 cols=3690
[clean-BPC  2004.94s] node 55 cg=2 phase=phase2 obj=232.9317 artificial=0.0 cols=3690
[clean-BPC  2007.26s] node 55 cg=2 phase=phase2 kind=heuristic best_rc=0.0 found=0 added=0 exhausted=False cert=False
[clean-BPC  2017.00s] node 55 cg=2 phase=phase2 kind=heuristic_boost best_rc=0.0 found=0 added=0 exhausted=True cert=True
[clean-BPC  2018.04s] branch node 55: left=RF(2,7)=separate right=RF(2,7)=same
[clean-BPC  2018.04s] node 56 d=7 lb=232.700138 open=53
[clean-BPC  2018.06s] node 56 cg=1 phase=phase1 obj=0.0 artificial=0.0 cols=3690
[clean-BPC  2018.09s] node 56 cg=2 phase=phase2 obj=236.723118 artificial=0.0 cols=3690
[clean-BPC  2020.35s] node 56 cg=2 phase=phase2 kind=heuristic best_rc=-11.11858 found=370 added=370 exhausted=False cert=False
[clean-BPC  2020.39s] node 56 cg=3 phase=phase2 obj=234.758093 artificial=0.0 cols=4060
[clean-BPC  2022.71s] node 56 cg=3 phase=phase2 kind=heuristic best_rc=0.0 found=0 added=0 exhausted=False cert=False
[clean-BPC  2030.94s] node 56 cg=3 phase=phase2 kind=heuristic_boost best_rc=0.0 found=0 added=0 exhausted=True cert=True
[clean-BPC  2031.91s] branch node 56: left=RF(7,16)=separate right=RF(7,16)=same
[clean-BPC  2031.91s] node 91 d=7 lb=232.733639 open=54
[clean-BPC  2032.06s] node 91 cg=1 phase=phase1 obj=0.0 artificial=0.0 cols=4060
[clean-BPC  2032.19s] node 91 cg=2 phase=phase2 obj=233.116398 artificial=0.0 cols=4060
[clean-BPC  2035.06s] node 91 cg=2 phase=phase2 kind=heuristic best_rc=0.053861 found=0 added=0 exhausted=False cert=False
[clean-BPC  2042.82s] node 91 cg=2 phase=phase2 kind=heuristic_boost best_rc=-0.140706167 found=2 added=2 exhausted=True cert=True
[clean-BPC  2042.97s] node 91 cg=3 phase=phase2 obj=233.116398 artificial=0.0 cols=4062
[clean-BPC  2045.86s] node 91 cg=3 phase=phase2 kind=heuristic best_rc=0.053861 found=0 added=0 exhausted=False cert=False
[clean-BPC  2053.65s] node 91 cg=3 phase=phase2 kind=heuristic_boost best_rc=-0.5898325 found=4 added=4 exhausted=True cert=True
[clean-BPC  2053.80s] node 91 cg=4 phase=phase2 obj=233.116398 artificial=0.0 cols=4066
[clean-BPC  2056.68s] node 91 cg=4 phase=phase2 kind=heuristic best_rc=0.053861 found=0 added=0 exhausted=False cert=False
[clean-BPC  2064.35s] node 91 cg=4 phase=phase2 kind=heuristic_boost best_rc=0.0 found=0 added=0 exhausted=True cert=True
[clean-BPC  2066.85s] branch node 91: left=RF(9,12)=separate right=RF(9,12)=same
[clean-BPC  2066.85s] node 92 d=7 lb=232.733639 open=55
[clean-BPC  2066.92s] node 92 cg=1 phase=phase1 obj=0.0 artificial=0.0 cols=4066
[clean-BPC  2066.99s] node 92 cg=2 phase=phase2 obj=233.973568 artificial=0.0 cols=4066
[clean-BPC  2069.75s] node 92 cg=2 phase=phase2 kind=heuristic best_rc=-1.408607333 found=11 added=11 exhausted=False cert=False
[clean-BPC  2069.82s] node 92 cg=3 phase=phase2 obj=233.836109 artificial=0.0 cols=4077
[clean-BPC  2072.63s] node 92 cg=3 phase=phase2 kind=heuristic best_rc=-0.0 found=0 added=0 exhausted=False cert=False
[clean-BPC  2082.51s] node 92 cg=3 phase=phase2 kind=heuristic_boost best_rc=-0.0 found=0 added=0 exhausted=True cert=True
[clean-BPC  2084.50s] branch node 92: left=RF(9,12)=separate right=RF(9,12)=same
[clean-BPC  2084.50s] node 64 d=6 lb=232.77513 open=56
[clean-BPC  2084.55s] node 64 cg=1 phase=phase1 obj=0.0 artificial=0.0 cols=4077
[clean-BPC  2084.60s] node 64 cg=2 phase=phase2 obj=234.147388 artificial=0.0 cols=4077
[clean-BPC  2087.24s] node 64 cg=2 phase=phase2 kind=heuristic best_rc=0.0 found=0 added=0 exhausted=False cert=False
[clean-BPC  2094.67s] node 64 cg=2 phase=phase2 kind=heuristic_boost best_rc=-0.0 found=0 added=0 exhausted=True cert=True
[clean-BPC  2096.06s] branch node 64: left=RF(9,12)=separate right=RF(9,12)=same
[clean-BPC  2096.06s] node 63 d=6 lb=232.77513 open=57
[clean-BPC  2096.12s] node 63 cg=1 phase=phase1 obj=0.0 artificial=0.0 cols=4077
[clean-BPC  2096.20s] node 63 cg=2 phase=phase2 obj=233.116774 artificial=0.0 cols=4077
[clean-BPC  2098.92s] node 63 cg=2 phase=phase2 kind=heuristic best_rc=-0.009236 found=2 added=2 exhausted=False cert=False
[clean-BPC  2098.98s] node 63 cg=3 phase=phase2 obj=233.116774 artificial=0.0 cols=4079
[clean-BPC  2101.71s] node 63 cg=3 phase=phase2 kind=heuristic best_rc=0.0 found=0 added=0 exhausted=False cert=False
[clean-BPC  2110.68s] node 63 cg=3 phase=phase2 kind=heuristic_boost best_rc=-0.0 found=0 added=0 exhausted=True cert=True
[clean-BPC  2111.78s] branch node 63: left=RF(14,18)=separate right=RF(14,18)=same
[clean-BPC  2111.78s] node 94 d=11 lb=232.835993 open=58
[clean-BPC  2111.83s] node 94 cg=1 phase=phase1 obj=0.0 artificial=0.0 cols=4079
[clean-BPC  2111.89s] node 94 cg=2 phase=phase2 obj=234.093679 artificial=0.0 cols=4079
[clean-BPC  2114.24s] node 94 cg=2 phase=phase2 kind=heuristic best_rc=0.0 found=0 added=0 exhausted=False cert=False
[clean-BPC  2118.80s] node 94 cg=2 phase=phase2 kind=heuristic_boost best_rc=0.0 found=0 added=0 exhausted=True cert=True
[clean-BPC  2119.85s] branch node 94: left=RF(8,10)=separate right=RF(8,10)=same
[clean-BPC  2119.85s] node 93 d=11 lb=232.835993 open=59
[clean-BPC  2119.94s] node 93 cg=1 phase=phase1 obj=0.0 artificial=0.0 cols=4079
[clean-BPC  2120.02s] node 93 cg=2 phase=phase2 obj=233.116701 artificial=0.0 cols=4079
[clean-BPC  2122.59s] node 93 cg=2 phase=phase2 kind=heuristic best_rc=0.0 found=0 added=0 exhausted=False cert=False
[clean-BPC  2129.47s] node 93 cg=2 phase=phase2 kind=heuristic_boost best_rc=0.0 found=0 added=0 exhausted=True cert=True
[clean-BPC  2131.03s] branch node 93: left=RF(10,17)=separate right=RF(10,17)=same
[clean-BPC  2131.03s] node 36 d=6 lb=232.885122 open=60
[clean-BPC  2131.08s] node 36 cg=1 phase=phase1 obj=0.0 artificial=0.0 cols=4079
[clean-BPC  2131.15s] node 36 cg=2 phase=phase2 obj=234.28848 artificial=0.0 cols=4079
[clean-BPC  2133.51s] node 36 cg=2 phase=phase2 kind=heuristic best_rc=-3.107693143 found=43 added=43 exhausted=False cert=False
[clean-BPC  2133.56s] node 36 cg=3 phase=phase2 obj=233.849421 artificial=0.0 cols=4122
[clean-BPC  2135.91s] node 36 cg=3 phase=phase2 kind=heuristic best_rc=-0.476034 found=5 added=5 exhausted=False cert=False
[clean-BPC  2135.97s] node 36 cg=4 phase=phase2 obj=233.784241 artificial=0.0 cols=4127
[clean-BPC  2138.34s] node 36 cg=4 phase=phase2 kind=heuristic best_rc=0.0 found=0 added=0 exhausted=False cert=False
[clean-BPC  2143.85s] node 36 cg=4 phase=phase2 kind=heuristic_boost best_rc=-1.486841571 found=24 added=24 exhausted=True cert=True
[clean-BPC  2143.91s] node 36 cg=5 phase=phase2 obj=233.784241 artificial=0.0 cols=4151
[clean-BPC  2146.44s] node 36 cg=5 phase=phase2 kind=heuristic best_rc=-0.0 found=0 added=0 exhausted=False cert=False
[clean-BPC  2154.37s] node 36 cg=5 phase=phase2 kind=heuristic_boost best_rc=-0.0 found=0 added=0 exhausted=True cert=True
[clean-BPC  2155.54s] branch node 36: left=RF(14,17)=separate right=RF(14,17)=same
[clean-BPC  2155.54s] node 35 d=6 lb=232.885122 open=61
[clean-BPC  2155.62s] node 35 cg=1 phase=phase1 obj=0.0 artificial=0.0 cols=4151
[clean-BPC  2155.70s] node 35 cg=2 phase=phase2 obj=233.802083 artificial=0.0 cols=4151
[clean-BPC  2158.12s] node 35 cg=2 phase=phase2 kind=heuristic best_rc=-0.879268667 found=14 added=14 exhausted=False cert=False
[clean-BPC  2158.20s] node 35 cg=3 phase=phase2 obj=233.761847 artificial=0.0 cols=4165
[clean-BPC  2160.58s] node 35 cg=3 phase=phase2 kind=heuristic best_rc=0.071886 found=0 added=0 exhausted=False cert=False
[clean-BPC  2165.90s] node 35 cg=3 phase=phase2 kind=heuristic_boost best_rc=0.071886 found=0 added=0 exhausted=True cert=True
[clean-BPC  2167.40s] branch node 35: left=RF(8,18)=separate right=RF(8,18)=same
[clean-BPC  2167.40s] node 30 d=5 lb=232.911385 open=62
[clean-BPC  2167.44s] node 30 cg=1 phase=phase1 obj=0.0 artificial=0.0 cols=4165
[clean-BPC  2167.48s] node 30 cg=2 phase=phase2 obj=232.673507 artificial=0.0 cols=4165
[clean-BPC  2170.05s] node 30 cg=2 phase=phase2 kind=heuristic best_rc=0.031705 found=0 added=0 exhausted=False cert=False
[clean-BPC  2177.56s] node 30 cg=2 phase=phase2 kind=heuristic_boost best_rc=-0.0 found=0 added=0 exhausted=True cert=True
[clean-BPC  2178.34s] branch node 30: left=RF(14,16)=separate right=RF(14,16)=same
[clean-BPC  2178.34s] node 125 d=6 lb=232.673507 open=63
[clean-BPC  2178.38s] node 125 cg=1 phase=phase1 obj=0.0 artificial=0.0 cols=4165
[clean-BPC  2178.42s] node 125 cg=2 phase=phase2 obj=234.523697 artificial=0.0 cols=4165
[clean-BPC  2180.94s] node 125 cg=2 phase=phase2 kind=heuristic best_rc=-0.3052168 found=2 added=2 exhausted=False cert=False
[clean-BPC  2180.98s] node 125 cg=3 phase=phase2 obj=234.421958 artificial=0.0 cols=4167
[clean-BPC  2183.49s] node 125 cg=3 phase=phase2 kind=heuristic best_rc=0.0 found=0 added=0 exhausted=False cert=False
[clean-BPC  2193.49s] node 125 cg=3 phase=phase2 kind=heuristic_boost best_rc=-1.161424333 found=4 added=4 exhausted=True cert=True
[clean-BPC  2193.53s] node 125 cg=4 phase=phase2 obj=234.421958 artificial=0.0 cols=4171
[clean-BPC  2196.09s] node 125 cg=4 phase=phase2 kind=heuristic best_rc=0.0 found=0 added=0 exhausted=False cert=False
[clean-BPC  2204.52s] node 125 cg=4 phase=phase2 kind=heuristic_boost best_rc=-0.0 found=0 added=0 exhausted=True cert=True
[clean-BPC  2205.47s] branch node 125: left=RF(11,16)=separate right=RF(11,16)=same
[clean-BPC  2205.47s] node 126 d=6 lb=232.673507 open=64
[clean-BPC  2205.52s] node 126 cg=1 phase=phase1 obj=0.0 artificial=0.0 cols=4171
[clean-BPC  2205.55s] node 126 cg=2 phase=phase2 obj=233.858731 artificial=0.0 cols=4171
[clean-BPC  2207.93s] node 126 cg=2 phase=phase2 kind=heuristic best_rc=-0.423589167 found=2 added=2 exhausted=False cert=False
[clean-BPC  2207.96s] node 126 cg=3 phase=phase2 obj=233.786671 artificial=0.0 cols=4173
[clean-BPC  2210.43s] node 126 cg=3 phase=phase2 kind=heuristic best_rc=0.023108643 found=0 added=0 exhausted=False cert=False
[clean-BPC  2218.95s] node 126 cg=3 phase=phase2 kind=heuristic_boost best_rc=-0.0 found=0 added=0 exhausted=True cert=True
[clean-BPC  2219.58s] branch node 126: left=RF(14,17)=separate right=RF(14,17)=same
[clean-BPC  2219.58s] node 29 d=5 lb=232.911385 open=65
[clean-BPC  2219.63s] node 29 cg=1 phase=phase1 obj=0.0 artificial=0.0 cols=4173
[clean-BPC  2219.68s] node 29 cg=2 phase=phase2 obj=234.141854 artificial=0.0 cols=4173
[clean-BPC  2222.33s] node 29 cg=2 phase=phase2 kind=heuristic best_rc=-0.071886 found=4 added=4 exhausted=False cert=False
[clean-BPC  2222.38s] node 29 cg=3 phase=phase2 obj=234.117892 artificial=0.0 cols=4177
[clean-BPC  2224.99s] node 29 cg=3 phase=phase2 kind=heuristic best_rc=-0.0 found=0 added=0 exhausted=False cert=False
[clean-BPC  2234.79s] node 29 cg=3 phase=phase2 kind=heuristic_boost best_rc=-0.0 found=0 added=0 exhausted=True cert=True
[clean-BPC  2235.81s] branch node 29: left=RF(14,17)=separate right=RF(14,17)=same
[clean-BPC  2235.81s] node 105 d=8 lb=232.9317 open=66
[clean-BPC  2235.85s] node 105 cg=1 phase=phase1 obj=0.0 artificial=0.0 cols=4177
[clean-BPC  2235.89s] node 105 cg=2 phase=phase2 obj=232.960685 artificial=0.0 cols=4177
[clean-BPC  2238.24s] node 105 cg=2 phase=phase2 kind=heuristic best_rc=0.0 found=0 added=0 exhausted=False cert=False
[clean-BPC  2247.75s] node 105 cg=2 phase=phase2 kind=heuristic_boost best_rc=0.0 found=0 added=0 exhausted=True cert=True
[clean-BPC  2248.52s] branch node 105: left=RF(7,16)=separate right=RF(7,16)=same
[clean-BPC  2248.52s] node 106 d=8 lb=232.9317 open=67
[clean-BPC  2248.55s] node 106 cg=1 phase=phase1 obj=0.0 artificial=0.0 cols=4177
[clean-BPC  2248.57s] node 106 cg=2 phase=phase2 obj=235.455169 artificial=0.0 cols=4177
[clean-BPC  2250.87s] node 106 cg=2 phase=phase2 kind=heuristic best_rc=-4.305908 found=96 added=96 exhausted=False cert=False
[clean-BPC  2250.90s] node 106 cg=3 phase=phase2 obj=234.867418 artificial=0.0 cols=4273
[clean-BPC  2253.26s] node 106 cg=3 phase=phase2 kind=heuristic best_rc=0.031705 found=0 added=0 exhausted=False cert=False
[clean-BPC  2260.26s] node 106 cg=3 phase=phase2 kind=heuristic_boost best_rc=-0.566568 found=2 added=2 exhausted=True cert=True
[clean-BPC  2260.29s] node 106 cg=4 phase=phase2 obj=234.867418 artificial=0.0 cols=4275
[clean-BPC  2262.66s] node 106 cg=4 phase=phase2 kind=heuristic best_rc=0.031705 found=0 added=0 exhausted=False cert=False
[clean-BPC  2269.64s] node 106 cg=4 phase=phase2 kind=heuristic_boost best_rc=0.0 found=0 added=0 exhausted=True cert=True
[clean-BPC  2270.45s] branch node 106: left=RF(5,19)=separate right=RF(5,19)=same
[clean-BPC  2270.45s] node 133 d=9 lb=232.960685 open=68
[clean-BPC  2270.49s] node 133 cg=1 phase=phase1 obj=0.0 artificial=0.0 cols=4275
[clean-BPC  2270.53s] node 133 cg=2 phase=phase2 obj=233.007621 artificial=0.0 cols=4275
[clean-BPC  2272.93s] node 133 cg=2 phase=phase2 kind=heuristic best_rc=-0.0 found=0 added=0 exhausted=False cert=False
[clean-BPC  2280.39s] node 133 cg=2 phase=phase2 kind=heuristic_boost best_rc=-0.0 found=0 added=0 exhausted=True cert=True
[clean-BPC  2280.40s] incumbent node 133: obj=333.007621
[clean-BPC  2280.79s] cut_added family=schedule_nogood_core node=133 added=2 source_vehicle=1 route_count=4 signatures=[[5, 9, 19, 11], [2, 20, 15, 4], [6, 8, 10, 14], [1, 3, 7]]
[clean-BPC  2280.79s] node 134 d=9 lb=232.960685 open=68
[clean-BPC  2280.82s] node 134 cg=1 phase=phase1 obj=0.0 artificial=0.0 cols=4275
[clean-BPC  2280.84s] node 134 cg=2 phase=phase2 obj=234.291494 artificial=0.0 cols=4275
[clean-BPC  2283.16s] node 134 cg=2 phase=phase2 kind=heuristic best_rc=0.031705 found=0 added=0 exhausted=False cert=False
[clean-BPC  2291.05s] node 134 cg=2 phase=phase2 kind=heuristic_boost best_rc=0.0 found=0 added=0 exhausted=True cert=True
[clean-BPC  2291.70s] branch node 134: left=RF(5,19)=separate right=RF(5,19)=same
[clean-BPC  2291.70s] node 42 d=6 lb=232.991568 open=69
[clean-BPC  2291.74s] node 42 cg=1 phase=phase1 obj=0.0 artificial=0.0 cols=4275
[clean-BPC  2291.78s] node 42 cg=2 phase=phase2 obj=233.890933 artificial=0.0 cols=4275
[clean-BPC  2294.38s] node 42 cg=2 phase=phase2 kind=heuristic best_rc=-1.5082915 found=38 added=38 exhausted=False cert=False
[clean-BPC  2294.42s] node 42 cg=3 phase=phase2 obj=233.777862 artificial=0.0 cols=4313
[clean-BPC  2297.00s] node 42 cg=3 phase=phase2 kind=heuristic best_rc=-0.827238 found=8 added=8 exhausted=False cert=False
[clean-BPC  2297.04s] node 42 cg=4 phase=phase2 obj=233.777862 artificial=0.0 cols=4321
[clean-BPC  2299.62s] node 42 cg=4 phase=phase2 kind=heuristic best_rc=-0.543321 found=2 added=2 exhausted=False cert=False
[clean-BPC  2299.67s] node 42 cg=5 phase=phase2 obj=233.777862 artificial=0.0 cols=4323
[clean-BPC  2302.24s] node 42 cg=5 phase=phase2 kind=heuristic best_rc=0.4634965 found=0 added=0 exhausted=False cert=False
[clean-BPC  2312.06s] node 42 cg=5 phase=phase2 kind=heuristic_boost best_rc=0.120919 found=0 added=0 exhausted=True cert=True
[clean-BPC  2312.65s] cut_added family=schedule_nogood_core node=42 added=2 source_vehicle=1 route_count=4 signatures=[[5, 9, 19, 11], [2, 20, 15, 4], [7, 13, 18, 10], [1, 3, 6, 8]]
[clean-BPC  2312.65s] node 41 d=6 lb=232.991568 open=69
[clean-BPC  2312.73s] node 41 cg=1 phase=phase1 obj=0.0 artificial=0.0 cols=4323
[clean-BPC  2312.83s] node 41 cg=2 phase=phase2 obj=232.466559 artificial=0.0 cols=4323
[clean-BPC  2315.46s] node 41 cg=2 phase=phase2 kind=heuristic best_rc=0.099326 found=0 added=0 exhausted=False cert=False
[clean-BPC  2323.48s] node 41 cg=2 phase=phase2 kind=heuristic_boost best_rc=0.099326 found=0 added=0 exhausted=True cert=True
[clean-BPC  2324.91s] branch node 41: left=RF(14,16)=separate right=RF(14,16)=same
[clean-BPC  2324.91s] node 139 d=7 lb=232.466559 open=70
[clean-BPC  2325.00s] node 139 cg=1 phase=phase1 obj=0.0 artificial=0.0 cols=4323
[clean-BPC  2325.08s] node 139 cg=2 phase=phase2 obj=234.140638 artificial=0.0 cols=4323
[clean-BPC  2327.71s] node 139 cg=2 phase=phase2 kind=heuristic best_rc=-0.0428608 found=4 added=4 exhausted=False cert=False
[clean-BPC  2327.79s] node 139 cg=3 phase=phase2 obj=234.140639 artificial=0.0 cols=4327
[clean-BPC  2330.39s] node 139 cg=3 phase=phase2 kind=heuristic best_rc=0.111952 found=0 added=0 exhausted=False cert=False
[clean-BPC  2338.27s] node 139 cg=3 phase=phase2 kind=heuristic_boost best_rc=0.111952 found=0 added=0 exhausted=True cert=True
[clean-BPC  2339.59s] branch node 139: left=RF(11,20)=separate right=RF(11,20)=same
[clean-BPC  2339.59s] node 140 d=7 lb=232.466559 open=71
[clean-BPC  2339.63s] node 140 cg=1 phase=phase1 obj=0.0 artificial=0.0 cols=4327
[clean-BPC  2339.68s] node 140 cg=2 phase=phase2 obj=233.482105 artificial=0.0 cols=4327
[clean-BPC  2342.28s] node 140 cg=2 phase=phase2 kind=heuristic best_rc=-0.303804667 found=2 added=2 exhausted=False cert=False
[clean-BPC  2342.33s] node 140 cg=3 phase=phase2 obj=233.482105 artificial=0.0 cols=4329
[clean-BPC  2344.97s] node 140 cg=3 phase=phase2 kind=heuristic best_rc=0.0 found=0 added=0 exhausted=False cert=False
[clean-BPC  2353.08s] node 140 cg=3 phase=phase2 kind=heuristic_boost best_rc=0.0 found=0 added=0 exhausted=True cert=True
[clean-BPC  2354.00s] branch node 140: left=RF(14,17)=separate right=RF(14,17)=same
[clean-BPC  2354.00s] node 101 d=7 lb=232.991765 open=72
[clean-BPC  2354.19s] node 101 cg=1 phase=phase1 obj=0.0 artificial=0.0 cols=4329
[clean-BPC  2354.40s] node 101 cg=2 phase=phase2 obj=233.281219 artificial=0.0 cols=4329
[clean-BPC  2357.58s] node 101 cg=2 phase=phase2 kind=heuristic best_rc=-0.495161071 found=10 added=10 exhausted=False cert=False
[clean-BPC  2357.78s] node 101 cg=3 phase=phase2 obj=233.17155 artificial=0.0 cols=4339
[clean-BPC  2361.06s] node 101 cg=3 phase=phase2 kind=heuristic best_rc=0.120256 found=0 added=0 exhausted=False cert=False
[clean-BPC  2370.66s] node 101 cg=3 phase=phase2 kind=heuristic_boost best_rc=0.120256 found=0 added=0 exhausted=True cert=True
[clean-BPC  2374.89s] branch node 101: left=RF(10,17)=separate right=RF(10,17)=same
[clean-BPC  2374.89s] node 102 d=7 lb=232.991765 open=73
[clean-BPC  2375.05s] node 102 cg=1 phase=phase1 obj=0.0 artificial=0.0 cols=4339
[clean-BPC  2375.20s] node 102 cg=2 phase=phase2 obj=234.319986 artificial=0.0 cols=4339
[clean-BPC  2377.80s] node 102 cg=2 phase=phase2 kind=heuristic best_rc=-0.688830125 found=8 added=8 exhausted=False cert=False
[clean-BPC  2377.95s] node 102 cg=3 phase=phase2 obj=234.319986 artificial=0.0 cols=4347
[clean-BPC  2380.47s] node 102 cg=3 phase=phase2 kind=heuristic best_rc=0.072067625 found=0 added=0 exhausted=False cert=False
[clean-BPC  2385.36s] node 102 cg=3 phase=phase2 kind=heuristic_boost best_rc=0.072067625 found=0 added=0 exhausted=True cert=True
[clean-BPC  2388.12s] branch node 102: left=RF(5,19)=separate right=RF(5,19)=same
[clean-BPC  2388.12s] node 133 d=9 lb=233.007621 open=74
[clean-BPC  2388.18s] node 133 cg=1 phase=phase1 obj=0.0 artificial=0.0 cols=4347
[clean-BPC  2388.22s] node 133 cg=2 phase=phase2 obj=233.007621 artificial=0.0 cols=4347
[clean-BPC  2390.58s] node 133 cg=2 phase=phase2 kind=heuristic best_rc=-0.0 found=0 added=0 exhausted=False cert=False
[clean-BPC  2398.01s] node 133 cg=2 phase=phase2 kind=heuristic_boost best_rc=-0.0 found=0 added=0 exhausted=True cert=True
[clean-BPC  2398.40s] cut_added family=schedule_nogood_core node=133 added=2 source_vehicle=1 route_count=4 signatures=[[5, 9, 19, 11], [2, 20, 15, 4], [6, 8, 14, 10], [1, 3, 7]]
[clean-BPC  2398.40s] node 133 d=9 lb=233.007621 open=74
[clean-BPC  2398.44s] node 133 cg=1 phase=phase1 obj=0.0 artificial=0.0 cols=4347
[clean-BPC  2398.50s] node 133 cg=2 phase=phase2 obj=233.007621 artificial=0.0 cols=4347
[clean-BPC  2400.85s] node 133 cg=2 phase=phase2 kind=heuristic best_rc=0.0 found=0 added=0 exhausted=False cert=False
[clean-BPC  2408.27s] node 133 cg=2 phase=phase2 kind=heuristic_boost best_rc=0.0 found=0 added=0 exhausted=True cert=True
[clean-BPC  2409.19s] branch node 133: left=arc(3,1)=off right=arc(3,1)=on
[clean-BPC  2409.19s] node 149 d=10 lb=233.007621 open=75
[clean-BPC  2409.23s] node 149 cg=1 phase=phase1 obj=0.0 artificial=0.0 cols=4347
[clean-BPC  2409.27s] node 149 cg=2 phase=phase2 obj=233.007621 artificial=0.0 cols=4347
[clean-BPC  2411.65s] node 149 cg=2 phase=phase2 kind=heuristic best_rc=0.0 found=0 added=0 exhausted=False cert=False
[clean-BPC  2419.04s] node 149 cg=2 phase=phase2 kind=heuristic_boost best_rc=0.0 found=0 added=0 exhausted=True cert=True
[clean-BPC  2419.34s] cut_added family=schedule_nogood_core node=149 added=2 source_vehicle=1 route_count=3 signatures=[[11, 19, 9, 5], [2, 20, 15, 4], [1, 3, 7]]
[clean-BPC  2419.34s] node 150 d=10 lb=233.007621 open=75
[clean-BPC  2419.39s] node 150 cg=1 phase=phase1 obj=0.0 artificial=0.0 cols=4347
[clean-BPC  2419.43s] node 150 cg=2 phase=phase2 obj=233.007621 artificial=0.0 cols=4347
[clean-BPC  2421.82s] node 150 cg=2 phase=phase2 kind=heuristic best_rc=-0.0 found=0 added=0 exhausted=False cert=False
[clean-BPC  2429.26s] node 150 cg=2 phase=phase2 kind=heuristic_boost best_rc=-0.0 found=0 added=0 exhausted=True cert=True
[clean-BPC  2429.67s] cut_added family=schedule_nogood_core node=150 added=2 source_vehicle=1 route_count=4 signatures=[[5, 9, 19, 11], [2, 20, 15, 4], [6, 8, 10, 14], [7, 3, 1]]
[clean-BPC  2429.67s] node 149 d=10 lb=233.007621 open=75
[clean-BPC  2429.71s] node 149 cg=1 phase=phase1 obj=0.0 artificial=0.0 cols=4347
[clean-BPC  2429.75s] node 149 cg=2 phase=phase2 obj=233.007621 artificial=0.0 cols=4347
[clean-BPC  2432.13s] node 149 cg=2 phase=phase2 kind=heuristic best_rc=0.0 found=0 added=0 exhausted=False cert=False
[clean-BPC  2439.61s] node 149 cg=2 phase=phase2 kind=heuristic_boost best_rc=0.0 found=0 added=0 exhausted=True cert=True
[clean-BPC  2440.54s] branch node 149: left=arc(15,4)=off right=arc(15,4)=on
[clean-BPC  2440.54s] node 150 d=10 lb=233.007621 open=76
[clean-BPC  2440.60s] node 150 cg=1 phase=phase1 obj=0.0 artificial=0.0 cols=4347
[clean-BPC  2440.65s] node 150 cg=2 phase=phase2 obj=233.007621 artificial=0.0 cols=4347
[clean-BPC  2443.05s] node 150 cg=2 phase=phase2 kind=heuristic best_rc=0.0 found=0 added=0 exhausted=False cert=False
[clean-BPC  2451.02s] node 150 cg=2 phase=phase2 kind=heuristic_boost best_rc=0.0 found=0 added=0 exhausted=True cert=True
[clean-BPC  2451.41s] cut_added family=schedule_nogood_core node=150 added=2 source_vehicle=1 route_count=4 signatures=[[5, 9, 19, 11], [2, 20, 15, 4], [10, 14, 8, 6], [7, 3, 1]]
[clean-BPC  2451.41s] node 151 d=11 lb=233.007621 open=76
[clean-BPC  2451.45s] node 151 cg=1 phase=phase1 obj=0.0 artificial=0.0 cols=4347
[clean-BPC  2451.49s] node 151 cg=2 phase=phase2 obj=233.007621 artificial=0.0 cols=4347
[clean-BPC  2453.90s] node 151 cg=2 phase=phase2 kind=heuristic best_rc=0.0 found=0 added=0 exhausted=False cert=False
[clean-BPC  2461.23s] node 151 cg=2 phase=phase2 kind=heuristic_boost best_rc=0.0 found=0 added=0 exhausted=True cert=True
[clean-BPC  2461.64s] cut_added family=schedule_nogood_core node=151 added=2 source_vehicle=1 route_count=4 signatures=[[5, 9, 19, 11], [4, 15, 20, 2], [6, 8, 10, 14], [1, 3, 7]]
[clean-BPC  2461.64s] node 152 d=11 lb=233.007621 open=76
[clean-BPC  2461.68s] node 152 cg=1 phase=phase1 obj=0.0 artificial=0.0 cols=4347
[clean-BPC  2461.72s] node 152 cg=2 phase=phase2 obj=233.007621 artificial=0.0 cols=4347
[clean-BPC  2464.03s] node 152 cg=2 phase=phase2 kind=heuristic best_rc=0.0 found=0 added=0 exhausted=False cert=False
[clean-BPC  2469.17s] node 152 cg=2 phase=phase2 kind=heuristic_boost best_rc=-0.5752595 found=2 added=2 exhausted=True cert=True
[clean-BPC  2469.21s] node 152 cg=3 phase=phase2 obj=233.007621 artificial=0.0 cols=4349
[clean-BPC  2471.56s] node 152 cg=3 phase=phase2 kind=heuristic best_rc=0.0 found=0 added=0 exhausted=False cert=False
[clean-BPC  2479.30s] node 152 cg=3 phase=phase2 kind=heuristic_boost best_rc=0.0 found=0 added=0 exhausted=True cert=True
[clean-BPC  2479.68s] cut_added family=schedule_nogood_core node=152 added=2 source_vehicle=1 route_count=4 signatures=[[5, 9, 19, 11], [2, 20, 15, 4], [6, 10, 14, 8], [1, 3, 7]]
[clean-BPC  2479.68s] node 150 d=10 lb=233.007621 open=76
[clean-BPC  2479.73s] node 150 cg=1 phase=phase1 obj=0.0 artificial=0.0 cols=4349
[clean-BPC  2479.77s] node 150 cg=2 phase=phase2 obj=233.007621 artificial=0.0 cols=4349
[clean-BPC  2482.16s] node 150 cg=2 phase=phase2 kind=heuristic best_rc=-0.0 found=0 added=0 exhausted=False cert=False
[clean-BPC  2490.18s] node 150 cg=2 phase=phase2 kind=heuristic_boost best_rc=-0.0 found=0 added=0 exhausted=True cert=True
[clean-BPC  2490.57s] cut_added family=schedule_nogood_core node=150 added=2 source_vehicle=1 route_count=4 signatures=[[5, 9, 19, 11], [2, 20, 15, 4], [6, 8, 14, 10], [7, 3, 1]]
[clean-BPC  2490.57s] node 151 d=11 lb=233.007621 open=76
[clean-BPC  2490.62s] node 151 cg=1 phase=phase1 obj=0.0 artificial=0.0 cols=4349
[clean-BPC  2490.68s] node 151 cg=2 phase=phase2 obj=233.007621 artificial=0.0 cols=4349
[clean-BPC  2493.07s] node 151 cg=2 phase=phase2 kind=heuristic best_rc=0.0 found=0 added=0 exhausted=False cert=False
[clean-BPC  2500.47s] node 151 cg=2 phase=phase2 kind=heuristic_boost best_rc=0.0 found=0 added=0 exhausted=True cert=True
[clean-BPC  2500.76s] cut_added family=schedule_nogood_core node=151 added=2 source_vehicle=1 route_count=3 signatures=[[11, 19, 9, 5], [4, 15, 20, 2], [1, 3, 7]]
[clean-BPC  2500.76s] node 152 d=11 lb=233.007621 open=76
[clean-BPC  2500.80s] node 152 cg=1 phase=phase1 obj=0.0 artificial=0.0 cols=4349
[clean-BPC  2500.85s] node 152 cg=2 phase=phase2 obj=233.007621 artificial=0.0 cols=4349
[clean-BPC  2503.22s] node 152 cg=2 phase=phase2 kind=heuristic best_rc=-0.0 found=0 added=0 exhausted=False cert=False
[clean-BPC  2511.07s] node 152 cg=2 phase=phase2 kind=heuristic_boost best_rc=-0.0 found=0 added=0 exhausted=True cert=True
[clean-BPC  2511.47s] cut_added family=schedule_nogood_core node=152 added=2 source_vehicle=1 route_count=4 signatures=[[5, 9, 19, 11], [2, 20, 15, 4], [6, 14, 10, 8], [1, 3, 7]]
[clean-BPC  2511.47s] node 150 d=10 lb=233.007621 open=76
[clean-BPC  2511.51s] node 150 cg=1 phase=phase1 obj=0.0 artificial=0.0 cols=4349
[clean-BPC  2511.56s] node 150 cg=2 phase=phase2 obj=233.007621 artificial=0.0 cols=4349
[clean-BPC  2513.99s] node 150 cg=2 phase=phase2 kind=heuristic best_rc=-0.0 found=0 added=0 exhausted=False cert=False
[clean-BPC  2522.05s] node 150 cg=2 phase=phase2 kind=heuristic_boost best_rc=-0.0 found=0 added=0 exhausted=True cert=True
[clean-BPC  2523.06s] branch node 150: left=arc(15,4)=off right=arc(15,4)=on
[clean-BPC  2523.06s] node 151 d=11 lb=233.007621 open=77
[clean-BPC  2523.10s] node 151 cg=1 phase=phase1 obj=0.0 artificial=0.0 cols=4349
[clean-BPC  2523.14s] node 151 cg=2 phase=phase2 obj=233.007621 artificial=0.0 cols=4349
[clean-BPC  2525.55s] node 151 cg=2 phase=phase2 kind=heuristic best_rc=-0.0 found=0 added=0 exhausted=False cert=False
[clean-BPC  2532.96s] node 151 cg=2 phase=phase2 kind=heuristic_boost best_rc=-0.0 found=0 added=0 exhausted=True cert=True
[clean-BPC  2533.35s] cut_added family=schedule_nogood_core node=151 added=2 source_vehicle=1 route_count=4 signatures=[[5, 9, 19, 11], [4, 15, 20, 2], [6, 8, 14, 10], [1, 3, 7]]
[clean-BPC  2533.35s] node 152 d=11 lb=233.007621 open=77
[clean-BPC  2533.40s] node 152 cg=1 phase=phase1 obj=0.0 artificial=0.0 cols=4349
[clean-BPC  2533.44s] node 152 cg=2 phase=phase2 obj=233.007621 artificial=0.0 cols=4349
[clean-BPC  2535.85s] node 152 cg=2 phase=phase2 kind=heuristic best_rc=0.0 found=0 added=0 exhausted=False cert=False
[clean-BPC  2543.70s] node 152 cg=2 phase=phase2 kind=heuristic_boost best_rc=0.0 found=0 added=0 exhausted=True cert=True
[clean-BPC  2544.09s] cut_added family=schedule_nogood_core node=152 added=2 source_vehicle=1 route_count=4 signatures=[[5, 9, 19, 11], [2, 20, 15, 4], [8, 10, 14, 6], [1, 3, 7]]
[clean-BPC  2544.09s] node 153 d=11 lb=233.007621 open=77
[clean-BPC  2544.13s] node 153 cg=1 phase=phase1 obj=0.0 artificial=0.0 cols=4349
[clean-BPC  2544.18s] node 153 cg=2 phase=phase2 obj=233.007621 artificial=0.0 cols=4349
[clean-BPC  2546.59s] node 153 cg=2 phase=phase2 kind=heuristic best_rc=0.0 found=0 added=0 exhausted=False cert=False
[clean-BPC  2554.44s] node 153 cg=2 phase=phase2 kind=heuristic_boost best_rc=0.0 found=0 added=0 exhausted=True cert=True
[clean-BPC  2554.73s] cut_added family=schedule_nogood_core node=153 added=2 source_vehicle=1 route_count=3 signatures=[[11, 19, 9, 5], [4, 15, 20, 2], [7, 3, 1]]
[clean-BPC  2554.73s] node 154 d=11 lb=233.007621 open=77
[clean-BPC  2554.79s] node 154 cg=1 phase=phase1 obj=0.0 artificial=0.0 cols=4349
[clean-BPC  2554.83s] node 154 cg=2 phase=phase2 obj=233.007621 artificial=0.0 cols=4349
[clean-BPC  2557.19s] node 154 cg=2 phase=phase2 kind=heuristic best_rc=-0.0 found=0 added=0 exhausted=False cert=False
[clean-BPC  2565.48s] node 154 cg=2 phase=phase2 kind=heuristic_boost best_rc=-0.0 found=0 added=0 exhausted=True cert=True
[clean-BPC  2565.76s] cut_added family=schedule_nogood_core node=154 added=2 source_vehicle=1 route_count=3 signatures=[[11, 19, 9, 5], [2, 20, 15, 4], [7, 3, 1]]
[clean-BPC  2565.76s] node 151 d=11 lb=233.007621 open=77
[clean-BPC  2565.81s] node 151 cg=1 phase=phase1 obj=0.0 artificial=0.0 cols=4349
[clean-BPC  2565.85s] node 151 cg=2 phase=phase2 obj=233.007621 artificial=0.0 cols=4349
[clean-BPC  2568.26s] node 151 cg=2 phase=phase2 kind=heuristic best_rc=-0.0 found=0 added=0 exhausted=False cert=False
[clean-BPC  2575.61s] node 151 cg=2 phase=phase2 kind=heuristic_boost best_rc=-0.0 found=0 added=0 exhausted=True cert=True
[clean-BPC  2576.00s] cut_added family=schedule_nogood_core node=151 added=2 source_vehicle=1 route_count=4 signatures=[[5, 9, 19, 11], [4, 15, 20, 2], [6, 10, 14, 8], [1, 3, 7]]
[clean-BPC  2576.00s] node 152 d=11 lb=233.007621 open=77
[clean-BPC  2576.05s] node 152 cg=1 phase=phase1 obj=0.0 artificial=0.0 cols=4349
[clean-BPC  2576.09s] node 152 cg=2 phase=phase2 obj=233.007621 artificial=0.0 cols=4349
[clean-BPC  2578.45s] node 152 cg=2 phase=phase2 kind=heuristic best_rc=0.0 found=0 added=0 exhausted=False cert=False
[clean-BPC  2586.17s] node 152 cg=2 phase=phase2 kind=heuristic_boost best_rc=0.0 found=0 added=0 exhausted=True cert=True
[clean-BPC  2586.56s] cut_added family=schedule_nogood_core node=152 added=2 source_vehicle=1 route_count=4 signatures=[[5, 9, 19, 11], [2, 20, 15, 4], [8, 14, 10, 6], [1, 3, 7]]
[clean-BPC  2586.56s] node 153 d=11 lb=233.007621 open=77
[clean-BPC  2586.61s] node 153 cg=1 phase=phase1 obj=0.0 artificial=0.0 cols=4349
[clean-BPC  2586.66s] node 153 cg=2 phase=phase2 obj=233.007621 artificial=0.0 cols=4349
[clean-BPC  2589.05s] node 153 cg=2 phase=phase2 kind=heuristic best_rc=-0.0 found=0 added=0 exhausted=False cert=False
[clean-BPC  2596.88s] node 153 cg=2 phase=phase2 kind=heuristic_boost best_rc=-0.0 found=0 added=0 exhausted=True cert=True
[clean-BPC  2597.26s] cut_added family=schedule_nogood_core node=153 added=2 source_vehicle=1 route_count=4 signatures=[[5, 9, 19, 11], [4, 15, 20, 2], [6, 8, 10, 14], [7, 3, 1]]
[clean-BPC  2597.26s] node 151 d=11 lb=233.007621 open=77
[clean-BPC  2597.30s] node 151 cg=1 phase=phase1 obj=0.0 artificial=0.0 cols=4349
[clean-BPC  2597.35s] node 151 cg=2 phase=phase2 obj=233.007621 artificial=0.0 cols=4349
[clean-BPC  2599.77s] node 151 cg=2 phase=phase2 kind=heuristic best_rc=-0.0 found=0 added=0 exhausted=False cert=False
[clean-BPC  2607.16s] node 151 cg=2 phase=phase2 kind=heuristic_boost best_rc=-0.0 found=0 added=0 exhausted=True cert=True
[clean-BPC  2607.54s] cut_added family=schedule_nogood_core node=151 added=2 source_vehicle=1 route_count=4 signatures=[[5, 9, 19, 11], [4, 15, 20, 2], [6, 14, 10, 8], [1, 3, 7]]
[clean-BPC  2607.54s] node 152 d=11 lb=233.007621 open=77
[clean-BPC  2607.58s] node 152 cg=1 phase=phase1 obj=0.0 artificial=0.0 cols=4349
[clean-BPC  2607.63s] node 152 cg=2 phase=phase2 obj=233.007621 artificial=0.0 cols=4349
[clean-BPC  2610.00s] node 152 cg=2 phase=phase2 kind=heuristic best_rc=0.0 found=0 added=0 exhausted=False cert=False
[clean-BPC  2617.79s] node 152 cg=2 phase=phase2 kind=heuristic_boost best_rc=0.0 found=0 added=0 exhausted=True cert=True
[clean-BPC  2618.18s] cut_added family=schedule_nogood_core node=152 added=2 source_vehicle=1 route_count=4 signatures=[[5, 9, 19, 11], [2, 20, 15, 4], [10, 14, 8, 6], [1, 3, 7]]
[clean-BPC  2618.18s] node 153 d=11 lb=233.007621 open=77
[clean-BPC  2618.22s] node 153 cg=1 phase=phase1 obj=0.0 artificial=0.0 cols=4349
[clean-BPC  2618.29s] node 153 cg=2 phase=phase2 obj=233.007621 artificial=0.0 cols=4349
[clean-BPC  2620.69s] node 153 cg=2 phase=phase2 kind=heuristic best_rc=-0.0 found=0 added=0 exhausted=False cert=False
[clean-BPC  2628.51s] node 153 cg=2 phase=phase2 kind=heuristic_boost best_rc=-0.0 found=0 added=0 exhausted=True cert=True
[clean-BPC  2628.89s] cut_added family=schedule_nogood_core node=153 added=2 source_vehicle=1 route_count=4 signatures=[[5, 9, 19, 11], [4, 15, 20, 2], [6, 8, 14, 10], [7, 3, 1]]
[clean-BPC  2628.89s] node 151 d=11 lb=233.007621 open=77
[clean-BPC  2628.93s] node 151 cg=1 phase=phase1 obj=0.0 artificial=0.0 cols=4349
[clean-BPC  2628.98s] node 151 cg=2 phase=phase2 obj=233.007621 artificial=0.0 cols=4349
[clean-BPC  2631.43s] node 151 cg=2 phase=phase2 kind=heuristic best_rc=-0.0 found=0 added=0 exhausted=False cert=False
[clean-BPC  2638.87s] node 151 cg=2 phase=phase2 kind=heuristic_boost best_rc=-0.0 found=0 added=0 exhausted=True cert=True
[clean-BPC  2639.26s] cut_added family=schedule_nogood_core node=151 added=2 source_vehicle=1 route_count=4 signatures=[[5, 9, 19, 11], [4, 15, 20, 2], [8, 10, 14, 6], [1, 3, 7]]
[clean-BPC  2639.26s] node 152 d=11 lb=233.007621 open=77
[clean-BPC  2639.30s] node 152 cg=1 phase=phase1 obj=0.0 artificial=0.0 cols=4349
[clean-BPC  2639.35s] node 152 cg=2 phase=phase2 obj=233.007621 artificial=0.0 cols=4349
[clean-BPC  2641.72s] node 152 cg=2 phase=phase2 kind=heuristic best_rc=0.0 found=0 added=0 exhausted=False cert=False
[clean-BPC  2649.50s] node 152 cg=2 phase=phase2 kind=heuristic_boost best_rc=0.0 found=0 added=0 exhausted=True cert=True
[clean-BPC  2649.89s] cut_added family=schedule_nogood_core node=152 added=2 source_vehicle=1 route_count=4 signatures=[[5, 9, 19, 11], [2, 20, 15, 4], [14, 10, 8, 6], [1, 3, 7]]
[clean-BPC  2649.89s] node 153 d=11 lb=233.007621 open=77
[clean-BPC  2649.93s] node 153 cg=1 phase=phase1 obj=0.0 artificial=0.0 cols=4349
[clean-BPC  2649.98s] node 153 cg=2 phase=phase2 obj=233.007621 artificial=0.0 cols=4349
[clean-BPC  2652.38s] node 153 cg=2 phase=phase2 kind=heuristic best_rc=-0.0 found=0 added=0 exhausted=False cert=False
[clean-BPC  2660.20s] node 153 cg=2 phase=phase2 kind=heuristic_boost best_rc=-0.0 found=0 added=0 exhausted=True cert=True
[clean-BPC  2660.59s] cut_added family=schedule_nogood_core node=153 added=2 source_vehicle=1 route_count=4 signatures=[[5, 9, 19, 11], [4, 15, 20, 2], [6, 10, 14, 8], [7, 3, 1]]
[clean-BPC  2660.59s] node 151 d=11 lb=233.007621 open=77
[clean-BPC  2660.64s] node 151 cg=1 phase=phase1 obj=0.0 artificial=0.0 cols=4349
[clean-BPC  2660.69s] node 151 cg=2 phase=phase2 obj=233.007621 artificial=0.0 cols=4349
[clean-BPC  2663.07s] node 151 cg=2 phase=phase2 kind=heuristic best_rc=-0.0 found=0 added=0 exhausted=False cert=False
[clean-BPC  2670.33s] node 151 cg=2 phase=phase2 kind=heuristic_boost best_rc=-0.0 found=0 added=0 exhausted=True cert=True
[clean-BPC  2670.74s] cut_added family=schedule_nogood_core node=151 added=2 source_vehicle=1 route_count=4 signatures=[[5, 9, 19, 11], [4, 15, 20, 2], [8, 14, 10, 6], [1, 3, 7]]
[clean-BPC  2670.74s] node 152 d=11 lb=233.007621 open=77
[clean-BPC  2670.78s] node 152 cg=1 phase=phase1 obj=0.0 artificial=0.0 cols=4349
[clean-BPC  2670.83s] node 152 cg=2 phase=phase2 obj=233.009487 artificial=0.0 cols=4349
[clean-BPC  2673.26s] node 152 cg=2 phase=phase2 kind=heuristic best_rc=0.0 found=0 added=0 exhausted=False cert=False
[clean-BPC  2681.17s] node 152 cg=2 phase=phase2 kind=heuristic_boost best_rc=0.0 found=0 added=0 exhausted=True cert=True
[clean-BPC  2682.04s] branch node 152: left=RF(3,4)=separate right=RF(3,4)=same
[clean-BPC  2682.04s] node 153 d=11 lb=233.007621 open=78
[clean-BPC  2682.09s] node 153 cg=1 phase=phase1 obj=0.0 artificial=0.0 cols=4349
[clean-BPC  2682.14s] node 153 cg=2 phase=phase2 obj=233.007621 artificial=0.0 cols=4349
[clean-BPC  2684.54s] node 153 cg=2 phase=phase2 kind=heuristic best_rc=-0.0 found=0 added=0 exhausted=False cert=False
[clean-BPC  2692.40s] node 153 cg=2 phase=phase2 kind=heuristic_boost best_rc=-0.0 found=0 added=0 exhausted=True cert=True
[clean-BPC  2692.78s] cut_added family=schedule_nogood_core node=153 added=2 source_vehicle=1 route_count=4 signatures=[[5, 9, 19, 11], [4, 15, 20, 2], [6, 14, 10, 8], [7, 3, 1]]
[clean-BPC  2692.78s] node 151 d=11 lb=233.007621 open=78
[clean-BPC  2692.85s] node 151 cg=1 phase=phase1 obj=0.0 artificial=0.0 cols=4349
[clean-BPC  2692.90s] node 151 cg=2 phase=phase2 obj=233.007621 artificial=0.0 cols=4349
[clean-BPC  2695.30s] node 151 cg=2 phase=phase2 kind=heuristic best_rc=-0.0 found=0 added=0 exhausted=False cert=False
[clean-BPC  2702.56s] node 151 cg=2 phase=phase2 kind=heuristic_boost best_rc=-0.0 found=0 added=0 exhausted=True cert=True
[clean-BPC  2702.95s] cut_added family=schedule_nogood_core node=151 added=2 source_vehicle=1 route_count=4 signatures=[[5, 9, 19, 11], [4, 15, 20, 2], [10, 14, 8, 6], [1, 3, 7]]
[clean-BPC  2702.95s] node 153 d=11 lb=233.007621 open=78
[clean-BPC  2703.00s] node 153 cg=1 phase=phase1 obj=0.0 artificial=0.0 cols=4349
[clean-BPC  2703.05s] node 153 cg=2 phase=phase2 obj=233.007621 artificial=0.0 cols=4349
[clean-BPC  2705.45s] node 153 cg=2 phase=phase2 kind=heuristic best_rc=-0.0 found=0 added=0 exhausted=False cert=False
[clean-BPC  2713.34s] node 153 cg=2 phase=phase2 kind=heuristic_boost best_rc=-0.0 found=0 added=0 exhausted=True cert=True
[clean-BPC  2713.73s] cut_added family=schedule_nogood_core node=153 added=2 source_vehicle=1 route_count=4 signatures=[[5, 9, 19, 11], [4, 15, 20, 2], [8, 10, 14, 6], [7, 3, 1]]
[clean-BPC  2713.73s] node 151 d=11 lb=233.007621 open=78
[clean-BPC  2713.78s] node 151 cg=1 phase=phase1 obj=0.0 artificial=0.0 cols=4349
[clean-BPC  2713.83s] node 151 cg=2 phase=phase2 obj=233.007621 artificial=0.0 cols=4349
[clean-BPC  2716.22s] node 151 cg=2 phase=phase2 kind=heuristic best_rc=-0.0 found=0 added=0 exhausted=False cert=False
[clean-BPC  2723.55s] node 151 cg=2 phase=phase2 kind=heuristic_boost best_rc=-0.0 found=0 added=0 exhausted=True cert=True
[clean-BPC  2723.93s] cut_added family=schedule_nogood_core node=151 added=2 source_vehicle=1 route_count=4 signatures=[[5, 9, 19, 11], [4, 15, 20, 2], [14, 10, 8, 6], [1, 3, 7]]
[clean-BPC  2723.93s] node 153 d=11 lb=233.007621 open=78
[clean-BPC  2723.98s] node 153 cg=1 phase=phase1 obj=0.0 artificial=0.0 cols=4349
[clean-BPC  2724.03s] node 153 cg=2 phase=phase2 obj=233.007621 artificial=0.0 cols=4349
[clean-BPC  2726.42s] node 153 cg=2 phase=phase2 kind=heuristic best_rc=-0.0 found=0 added=0 exhausted=False cert=False
[clean-BPC  2734.26s] node 153 cg=2 phase=phase2 kind=heuristic_boost best_rc=-0.0 found=0 added=0 exhausted=True cert=True
[clean-BPC  2734.64s] cut_added family=schedule_nogood_core node=153 added=2 source_vehicle=1 route_count=4 signatures=[[5, 9, 19, 11], [4, 15, 20, 2], [8, 14, 10, 6], [7, 3, 1]]
[clean-BPC  2734.64s] node 151 d=11 lb=233.007621 open=78
[clean-BPC  2734.69s] node 151 cg=1 phase=phase1 obj=0.0 artificial=0.0 cols=4349
[clean-BPC  2734.75s] node 151 cg=2 phase=phase2 obj=233.008038 artificial=0.0 cols=4349
[clean-BPC  2737.23s] node 151 cg=2 phase=phase2 kind=heuristic best_rc=0.0 found=0 added=0 exhausted=False cert=False
[clean-BPC  2744.77s] node 151 cg=2 phase=phase2 kind=heuristic_boost best_rc=0.0 found=0 added=0 exhausted=True cert=True
[clean-BPC  2745.66s] branch node 151: left=RF(2,5)=separate right=RF(2,5)=same
[clean-BPC  2745.66s] node 153 d=11 lb=233.007621 open=79
[clean-BPC  2745.71s] node 153 cg=1 phase=phase1 obj=0.0 artificial=0.0 cols=4349
[clean-BPC  2745.78s] node 153 cg=2 phase=phase2 obj=233.007621 artificial=0.0 cols=4349
[clean-BPC  2748.21s] node 153 cg=2 phase=phase2 kind=heuristic best_rc=-0.0 found=0 added=0 exhausted=False cert=False
[clean-BPC  2756.13s] node 153 cg=2 phase=phase2 kind=heuristic_boost best_rc=-0.0 found=0 added=0 exhausted=True cert=True
[clean-BPC  2756.51s] cut_added family=schedule_nogood_core node=153 added=2 source_vehicle=1 route_count=4 signatures=[[5, 9, 19, 11], [4, 15, 20, 2], [10, 14, 8, 6], [7, 3, 1]]
[clean-BPC  2756.51s] node 153 d=11 lb=233.007621 open=79
[clean-BPC  2756.56s] node 153 cg=1 phase=phase1 obj=0.0 artificial=0.0 cols=4349
[clean-BPC  2756.62s] node 153 cg=2 phase=phase2 obj=233.007621 artificial=0.0 cols=4349
[clean-BPC  2759.07s] node 153 cg=2 phase=phase2 kind=heuristic best_rc=-0.0 found=0 added=0 exhausted=False cert=False
[clean-BPC  2767.06s] node 153 cg=2 phase=phase2 kind=heuristic_boost best_rc=-0.0 found=0 added=0 exhausted=True cert=True
[clean-BPC  2767.44s] cut_added family=schedule_nogood_core node=153 added=2 source_vehicle=1 route_count=4 signatures=[[5, 9, 19, 11], [4, 15, 20, 2], [14, 10, 8, 6], [7, 3, 1]]
[clean-BPC  2767.44s] node 154 d=11 lb=233.007621 open=79
[clean-BPC  2767.49s] node 154 cg=1 phase=phase1 obj=0.0 artificial=0.0 cols=4349
[clean-BPC  2767.55s] node 154 cg=2 phase=phase2 obj=233.007621 artificial=0.0 cols=4349
[clean-BPC  2769.95s] node 154 cg=2 phase=phase2 kind=heuristic best_rc=-0.0 found=0 added=0 exhausted=False cert=False
[clean-BPC  2778.19s] node 154 cg=2 phase=phase2 kind=heuristic_boost best_rc=-0.0 found=0 added=0 exhausted=True cert=True
[clean-BPC  2778.59s] cut_added family=schedule_nogood_core node=154 added=2 source_vehicle=1 route_count=4 signatures=[[5, 9, 19, 11], [2, 20, 15, 4], [6, 10, 14, 8], [7, 3, 1]]
[clean-BPC  2778.59s] node 154 d=11 lb=233.007621 open=79
[clean-BPC  2778.64s] node 154 cg=1 phase=phase1 obj=0.0 artificial=0.0 cols=4349
[clean-BPC  2778.69s] node 154 cg=2 phase=phase2 obj=233.007621 artificial=0.0 cols=4349
[clean-BPC  2781.07s] node 154 cg=2 phase=phase2 kind=heuristic best_rc=-0.0 found=0 added=0 exhausted=False cert=False
[clean-BPC  2789.35s] node 154 cg=2 phase=phase2 kind=heuristic_boost best_rc=-0.0 found=0 added=0 exhausted=True cert=True
[clean-BPC  2789.73s] cut_added family=schedule_nogood_core node=154 added=2 source_vehicle=1 route_count=4 signatures=[[5, 9, 19, 11], [2, 20, 15, 4], [6, 14, 10, 8], [7, 3, 1]]
[clean-BPC  2789.73s] node 154 d=11 lb=233.007621 open=79
[clean-BPC  2789.79s] node 154 cg=1 phase=phase1 obj=0.0 artificial=0.0 cols=4349
[clean-BPC  2789.84s] node 154 cg=2 phase=phase2 obj=233.007621 artificial=0.0 cols=4349
[clean-BPC  2792.19s] node 154 cg=2 phase=phase2 kind=heuristic best_rc=-0.0 found=0 added=0 exhausted=False cert=False
[clean-BPC  2800.49s] node 154 cg=2 phase=phase2 kind=heuristic_boost best_rc=-0.0 found=0 added=0 exhausted=True cert=True
[clean-BPC  2800.88s] cut_added family=schedule_nogood_core node=154 added=2 source_vehicle=1 route_count=4 signatures=[[5, 9, 19, 11], [2, 20, 15, 4], [8, 10, 14, 6], [7, 3, 1]]
[clean-BPC  2800.88s] node 154 d=11 lb=233.007621 open=79
[clean-BPC  2800.93s] node 154 cg=1 phase=phase1 obj=0.0 artificial=0.0 cols=4349
[clean-BPC  2800.99s] node 154 cg=2 phase=phase2 obj=233.007621 artificial=0.0 cols=4349
[clean-BPC  2803.38s] node 154 cg=2 phase=phase2 kind=heuristic best_rc=-0.0 found=0 added=0 exhausted=False cert=False
[clean-BPC  2811.69s] node 154 cg=2 phase=phase2 kind=heuristic_boost best_rc=-0.0 found=0 added=0 exhausted=True cert=True
[clean-BPC  2812.08s] cut_added family=schedule_nogood_core node=154 added=2 source_vehicle=1 route_count=4 signatures=[[5, 9, 19, 11], [2, 20, 15, 4], [8, 14, 10, 6], [7, 3, 1]]
[clean-BPC  2812.08s] node 154 d=11 lb=233.007621 open=79
[clean-BPC  2812.13s] node 154 cg=1 phase=phase1 obj=0.0 artificial=0.0 cols=4349
[clean-BPC  2812.19s] node 154 cg=2 phase=phase2 obj=233.007621 artificial=0.0 cols=4349
[clean-BPC  2814.58s] node 154 cg=2 phase=phase2 kind=heuristic best_rc=-0.0 found=0 added=0 exhausted=False cert=False
[clean-BPC  2822.88s] node 154 cg=2 phase=phase2 kind=heuristic_boost best_rc=-0.0 found=0 added=0 exhausted=True cert=True
[clean-BPC  2823.27s] cut_added family=schedule_nogood_core node=154 added=2 source_vehicle=1 route_count=4 signatures=[[5, 9, 19, 11], [2, 20, 15, 4], [14, 10, 8, 6], [7, 3, 1]]
[clean-BPC  2823.27s] node 154 d=11 lb=233.007621 open=79
[clean-BPC  2823.33s] node 154 cg=1 phase=phase1 obj=0.0 artificial=0.0 cols=4349
[clean-BPC  2823.38s] node 154 cg=2 phase=phase2 obj=233.008038 artificial=0.0 cols=4349
[clean-BPC  2825.76s] node 154 cg=2 phase=phase2 kind=heuristic best_rc=0.0 found=0 added=0 exhausted=False cert=False
[clean-BPC  2834.15s] node 154 cg=2 phase=phase2 kind=heuristic_boost best_rc=0.0 found=0 added=0 exhausted=True cert=True
[clean-BPC  2835.12s] branch node 154: left=arc(2,3)=off right=arc(2,3)=on
[clean-BPC  2835.13s] node 153 d=11 lb=233.007621 open=80
[clean-BPC  2835.18s] node 153 cg=1 phase=phase1 obj=0.0 artificial=0.0 cols=4349
[clean-BPC  2835.23s] node 153 cg=2 phase=phase2 obj=233.023529 artificial=0.0 cols=4349
[clean-BPC  2837.66s] node 153 cg=2 phase=phase2 kind=heuristic best_rc=-1.364051 found=5 added=5 exhausted=False cert=False
[clean-BPC  2837.72s] node 153 cg=3 phase=phase2 obj=233.009487 artificial=0.0 cols=4354
[clean-BPC  2840.15s] node 153 cg=3 phase=phase2 kind=heuristic best_rc=-0.0 found=0 added=0 exhausted=False cert=False
[clean-BPC  2848.14s] node 153 cg=3 phase=phase2 kind=heuristic_boost best_rc=-0.0 found=0 added=0 exhausted=True cert=True
[clean-BPC  2849.07s] branch node 153: left=RF(11,16)=separate right=RF(11,16)=same
[clean-BPC  2849.07s] node 158 d=12 lb=233.008038 open=81
[clean-BPC  2849.12s] node 158 cg=1 phase=phase1 obj=0.0 artificial=0.0 cols=4354
[clean-BPC  2849.16s] node 158 cg=2 phase=phase2 obj=234.131897 artificial=0.0 cols=4354
[clean-BPC  2851.48s] node 158 cg=2 phase=phase2 kind=heuristic best_rc=0.0 found=0 added=0 exhausted=False cert=False
[clean-BPC  2858.83s] node 158 cg=2 phase=phase2 kind=heuristic_boost best_rc=0.0 found=0 added=0 exhausted=True cert=True
[clean-BPC  2859.63s] branch node 158: left=RF(9,12)=separate right=RF(9,12)=same
[clean-BPC  2859.63s] node 159 d=12 lb=233.008038 open=82
[clean-BPC  2859.69s] node 159 cg=1 phase=phase1 obj=0.0 artificial=0.0 cols=4354
[clean-BPC  2859.74s] node 159 cg=2 phase=phase2 obj=233.010795 artificial=0.0 cols=4354
[clean-BPC  2862.12s] node 159 cg=2 phase=phase2 kind=heuristic best_rc=-0.228803 found=1 added=1 exhausted=False cert=False
[clean-BPC  2862.17s] node 159 cg=3 phase=phase2 obj=233.008038 artificial=0.0 cols=4355
[clean-BPC  2864.60s] node 159 cg=3 phase=phase2 kind=heuristic best_rc=0.0 found=0 added=0 exhausted=False cert=False
[clean-BPC  2873.11s] node 159 cg=3 phase=phase2 kind=heuristic_boost best_rc=0.0 found=0 added=0 exhausted=True cert=True
[clean-BPC  2874.16s] branch node 159: left=arc(1,2)=off right=arc(1,2)=on
[clean-BPC  2874.16s] node 160 d=12 lb=233.008038 open=83
[clean-BPC  2874.22s] node 160 cg=1 phase=phase1 obj=0.0 artificial=0.0 cols=4355
[clean-BPC  2874.27s] node 160 cg=2 phase=phase2 obj=234.716583 artificial=0.0 cols=4355
[clean-BPC  2876.58s] node 160 cg=2 phase=phase2 kind=heuristic best_rc=0.0 found=0 added=0 exhausted=False cert=False
[clean-BPC  2881.62s] node 160 cg=2 phase=phase2 kind=heuristic_boost best_rc=0.0 found=0 added=0 exhausted=True cert=True
[clean-BPC  2882.65s] branch node 160: left=RF(4,11)=separate right=RF(4,11)=same
[clean-BPC  2882.65s] node 157 d=12 lb=233.008038 open=84
[clean-BPC  2882.70s] node 157 cg=1 phase=phase1 obj=0.0 artificial=0.0 cols=4355
[clean-BPC  2882.75s] node 157 cg=2 phase=phase2 obj=233.010795 artificial=0.0 cols=4355
[clean-BPC  2885.13s] node 157 cg=2 phase=phase2 kind=heuristic best_rc=0.0 found=0 added=0 exhausted=False cert=False
[clean-BPC  2889.96s] node 157 cg=2 phase=phase2 kind=heuristic_boost best_rc=-0.0971865 found=3 added=3 exhausted=True cert=True
[clean-BPC  2890.01s] node 157 cg=3 phase=phase2 obj=233.010795 artificial=0.0 cols=4358
[clean-BPC  2892.35s] node 157 cg=3 phase=phase2 kind=heuristic best_rc=0.0 found=0 added=0 exhausted=False cert=False
[clean-BPC  2897.20s] node 157 cg=3 phase=phase2 kind=heuristic_boost best_rc=0.0 found=0 added=0 exhausted=True cert=True
[clean-BPC  2898.10s] branch node 157: left=RF(9,12)=separate right=RF(9,12)=same
[clean-BPC  2898.10s] node 165 d=13 lb=233.008038 open=85
[clean-BPC  2898.17s] node 165 cg=1 phase=phase1 obj=0.0 artificial=0.0 cols=4358
[clean-BPC  2898.22s] node 165 cg=2 phase=phase2 obj=233.010795 artificial=0.0 cols=4358
[clean-BPC  2900.60s] node 165 cg=2 phase=phase2 kind=heuristic best_rc=-0.0 found=0 added=0 exhausted=False cert=False
[clean-BPC  2906.17s] node 165 cg=2 phase=phase2 kind=heuristic_boost best_rc=-0.0 found=0 added=0 exhausted=True cert=True
[clean-BPC  2907.11s] branch node 165: left=RF(9,12)=separate right=RF(9,12)=same
[clean-BPC  2907.11s] node 166 d=13 lb=233.008038 open=86
[clean-BPC  2907.16s] node 166 cg=1 phase=phase1 obj=0.0 artificial=0.0 cols=4358
[clean-BPC  2907.22s] node 166 cg=2 phase=phase2 obj=234.716582 artificial=0.0 cols=4358
[clean-BPC  2909.65s] node 166 cg=2 phase=phase2 kind=heuristic best_rc=-0.0 found=0 added=0 exhausted=False cert=False
[clean-BPC  2916.74s] node 166 cg=2 phase=phase2 kind=heuristic_boost best_rc=-0.081159 found=1 added=1 exhausted=True cert=True
[clean-BPC  2916.79s] node 166 cg=3 phase=phase2 obj=234.716582 artificial=0.0 cols=4359
[clean-BPC  2919.09s] node 166 cg=3 phase=phase2 kind=heuristic best_rc=0.0 found=0 added=0 exhausted=False cert=False
[clean-BPC  2924.03s] node 166 cg=3 phase=phase2 kind=heuristic_boost best_rc=0.0 found=0 added=0 exhausted=True cert=True
[clean-BPC  2925.09s] branch node 166: left=RF(4,11)=separate right=RF(4,11)=same
[clean-BPC  2925.09s] node 161 d=12 lb=233.009487 open=87
[clean-BPC  2925.14s] node 161 cg=1 phase=phase1 obj=0.0 artificial=0.0 cols=4359
[clean-BPC  2925.20s] node 161 cg=2 phase=phase2 obj=233.014045 artificial=0.0 cols=4359
[clean-BPC  2927.66s] node 161 cg=2 phase=phase2 kind=heuristic best_rc=0.119975647 found=0 added=0 exhausted=False cert=False
[clean-BPC  2935.66s] node 161 cg=2 phase=phase2 kind=heuristic_boost best_rc=-0.208526647 found=1 added=1 exhausted=True cert=True
[clean-BPC  2935.71s] node 161 cg=3 phase=phase2 obj=233.014045 artificial=0.0 cols=4360
[clean-BPC  2938.17s] node 161 cg=3 phase=phase2 kind=heuristic best_rc=0.031705 found=0 added=0 exhausted=False cert=False
[clean-BPC  2946.11s] node 161 cg=3 phase=phase2 kind=heuristic_boost best_rc=0.009384103 found=0 added=0 exhausted=True cert=True
[clean-BPC  2947.06s] branch node 161: left=RF(9,12)=separate right=RF(9,12)=same
[clean-BPC  2947.06s] node 162 d=12 lb=233.009487 open=88
[clean-BPC  2947.10s] node 162 cg=1 phase=phase1 obj=0.0 artificial=0.0 cols=4360
[clean-BPC  2947.14s] node 162 cg=2 phase=phase2 obj=234.056324 artificial=0.0 cols=4360
[clean-BPC  2949.43s] node 162 cg=2 phase=phase2 kind=heuristic best_rc=-5.188075 found=115 added=115 exhausted=False cert=False
[clean-BPC  2949.47s] node 162 cg=3 phase=phase2 obj=234.056324 artificial=0.0 cols=4475
[clean-BPC  2951.81s] node 162 cg=3 phase=phase2 kind=heuristic best_rc=-0.0 found=0 added=0 exhausted=False cert=False
[clean-BPC  2959.48s] node 162 cg=3 phase=phase2 kind=heuristic_boost best_rc=-0.0 found=0 added=0 exhausted=True cert=True
[clean-BPC  2960.50s] branch node 162: left=RF(1,2)=separate right=RF(1,2)=same
[clean-BPC  2960.50s] node 155 d=12 lb=233.009487 open=89
[clean-BPC  2960.57s] node 155 cg=1 phase=phase1 obj=0.0 artificial=0.0 cols=4475
[clean-BPC  2960.63s] node 155 cg=2 phase=phase2 obj=233.01185 artificial=0.0 cols=4475
[clean-BPC  2962.96s] node 155 cg=2 phase=phase2 kind=heuristic best_rc=-0.0 found=0 added=0 exhausted=False cert=False
[clean-BPC  2967.25s] node 155 cg=2 phase=phase2 kind=heuristic_boost best_rc=-0.0 found=0 added=0 exhausted=True cert=True
[clean-BPC  2968.21s] branch node 155: left=RF(6,10)=separate right=RF(6,10)=same
[clean-BPC  2968.21s] node 156 d=12 lb=233.009487 open=90
[clean-BPC  2968.25s] node 156 cg=1 phase=phase1 obj=0.0 artificial=0.0 cols=4475
[clean-BPC  2968.29s] node 156 cg=2 phase=phase2 obj=233.857308 artificial=0.0 cols=4475
[clean-BPC  2970.53s] node 156 cg=2 phase=phase2 kind=heuristic best_rc=0.019648889 found=0 added=0 exhausted=False cert=False
[clean-BPC  2979.63s] node 156 cg=2 phase=phase2 kind=heuristic_boost best_rc=-0.187044111 found=1 added=1 exhausted=True cert=True
[clean-BPC  2979.67s] node 156 cg=3 phase=phase2 obj=233.841681 artificial=0.0 cols=4476
[clean-BPC  2981.94s] node 156 cg=3 phase=phase2 kind=heuristic best_rc=0.0 found=0 added=0 exhausted=False cert=False
[clean-BPC  2991.17s] node 156 cg=3 phase=phase2 kind=heuristic_boost best_rc=0.0 found=0 added=0 exhausted=True cert=True
[clean-BPC  2991.97s] branch node 156: left=RF(10,14)=separate right=RF(10,14)=same
[clean-BPC  2991.97s] node 169 d=13 lb=233.010795 open=91
[clean-BPC  2992.02s] node 169 cg=1 phase=phase1 obj=0.0 artificial=0.0 cols=4476
[clean-BPC  2992.06s] node 169 cg=2 phase=phase2 obj=233.019093 artificial=0.0 cols=4476
[clean-BPC  2994.54s] node 169 cg=2 phase=phase2 kind=heuristic best_rc=-0.139701579 found=1 added=1 exhausted=False cert=False
[clean-BPC  2994.58s] node 169 cg=3 phase=phase2 obj=233.017179 artificial=0.0 cols=4477
[clean-BPC  2996.98s] node 169 cg=3 phase=phase2 kind=heuristic best_rc=0.031705 found=0 added=0 exhausted=False cert=False
[clean-BPC  3001.98s] node 169 cg=3 phase=phase2 kind=heuristic_boost best_rc=0.031705 found=0 added=0 exhausted=True cert=True
[clean-BPC  3002.93s] branch node 169: left=arc(7,12)=off right=arc(7,12)=on
[clean-BPC  3002.93s] node 170 d=13 lb=233.010795 open=92
[clean-BPC  3002.96s] node 170 cg=1 phase=phase1 obj=0.0 artificial=0.0 cols=4477
[clean-BPC  3003.01s] node 170 cg=2 phase=phase2 obj=234.482255 artificial=0.0 cols=4477
[clean-BPC  3005.33s] node 170 cg=2 phase=phase2 kind=heuristic best_rc=-0.287806286 found=3 added=3 exhausted=False cert=False
[clean-BPC  3005.37s] node 170 cg=3 phase=phase2 obj=234.395913 artificial=0.0 cols=4480
[clean-BPC  3007.68s] node 170 cg=3 phase=phase2 kind=heuristic best_rc=-0.0 found=0 added=0 exhausted=False cert=False
[clean-BPC  3015.02s] node 170 cg=3 phase=phase2 kind=heuristic_boost best_rc=-0.0 found=0 added=0 exhausted=True cert=True
[clean-BPC  3015.80s] branch node 170: left=RF(5,19)=separate right=RF(5,19)=same
[clean-BPC  3015.80s] node 171 d=14 lb=233.010795 open=93
[clean-BPC  3015.85s] node 171 cg=1 phase=phase1 obj=0.0 artificial=0.0 cols=4480
[clean-BPC  3015.90s] node 171 cg=2 phase=phase2 obj=233.01185 artificial=0.0 cols=4480
[clean-BPC  3018.15s] node 171 cg=2 phase=phase2 kind=heuristic best_rc=0.115398121 found=0 added=0 exhausted=False cert=False
[clean-BPC  3022.37s] node 171 cg=2 phase=phase2 kind=heuristic_boost best_rc=0.115398121 found=0 added=0 exhausted=True cert=True
[clean-BPC  3023.26s] branch node 171: left=RF(6,10)=separate right=RF(6,10)=same
[clean-BPC  3023.26s] node 172 d=14 lb=233.010795 open=94
[clean-BPC  3023.31s] node 172 cg=1 phase=phase1 obj=0.0 artificial=0.0 cols=4480
[clean-BPC  3023.35s] node 172 cg=2 phase=phase2 obj=234.299258 artificial=0.0 cols=4480
[clean-BPC  3025.67s] node 172 cg=2 phase=phase2 kind=heuristic best_rc=-0.33503 found=2 added=2 exhausted=False cert=False
[clean-BPC  3025.71s] node 172 cg=3 phase=phase2 obj=234.299258 artificial=0.0 cols=4482
[clean-BPC  3028.07s] node 172 cg=3 phase=phase2 kind=heuristic best_rc=0.0 found=0 added=0 exhausted=False cert=False
[clean-BPC  3036.03s] node 172 cg=3 phase=phase2 kind=heuristic_boost best_rc=0.0 found=0 added=0 exhausted=True cert=True
[clean-BPC  3036.77s] branch node 172: left=RF(5,19)=separate right=RF(5,19)=same
[clean-BPC  3036.77s] node 179 d=13 lb=233.01185 open=95
[clean-BPC  3036.83s] node 179 cg=1 phase=phase1 obj=0.0 artificial=0.0 cols=4482
[clean-BPC  3036.87s] node 179 cg=2 phase=phase2 obj=233.079507 artificial=0.0 cols=4482
[clean-BPC  3039.00s] node 179 cg=2 phase=phase2 kind=heuristic best_rc=0.0 found=0 added=0 exhausted=False cert=False
[clean-BPC  3042.54s] node 179 cg=2 phase=phase2 kind=heuristic_boost best_rc=0.0 found=0 added=0 exhausted=True cert=True
[clean-BPC  3042.91s] cut_added family=schedule_nogood_core node=179 added=2 source_vehicle=1 route_count=4 signatures=[[5, 9, 19, 11], [8, 10, 14], [2, 20, 15, 4], [1, 3, 7, 6]]
[clean-BPC  3042.91s] node 180 d=13 lb=233.01185 open=95
[clean-BPC  3042.94s] node 180 cg=1 phase=phase1 obj=0.0 artificial=0.0 cols=4482
[clean-BPC  3042.97s] node 180 cg=2 phase=phase2 obj=233.045328 artificial=0.0 cols=4482
[clean-BPC  3045.29s] node 180 cg=2 phase=phase2 kind=heuristic best_rc=-0.464652959 found=1 added=1 exhausted=False cert=False
[clean-BPC  3045.32s] node 180 cg=3 phase=phase2 obj=233.039519 artificial=0.0 cols=4483
[clean-BPC  3047.61s] node 180 cg=3 phase=phase2 kind=heuristic best_rc=0.0 found=0 added=0 exhausted=False cert=False
[clean-BPC  3055.45s] node 180 cg=3 phase=phase2 kind=heuristic_boost best_rc=-0.00692652 found=2 added=2 exhausted=True cert=True
[clean-BPC  3055.48s] node 180 cg=4 phase=phase2 obj=233.039519 artificial=0.0 cols=4485
[clean-BPC  3057.77s] node 180 cg=4 phase=phase2 kind=heuristic best_rc=-0.0 found=0 added=0 exhausted=False cert=False
[clean-BPC  3065.68s] node 180 cg=4 phase=phase2 kind=heuristic_boost best_rc=-0.0 found=0 added=0 exhausted=True cert=True
[clean-BPC  3066.37s] branch node 180: left=RF(2,3)=separate right=RF(2,3)=same
[clean-BPC  3066.37s] node 187 d=15 lb=233.01185 open=96
[clean-BPC  3066.41s] node 187 cg=1 phase=phase1 obj=0.0 artificial=0.0 cols=4485
[clean-BPC  3066.46s] node 187 cg=2 phase=phase2 obj=233.079507 artificial=0.0 cols=4485
[clean-BPC  3068.81s] node 187 cg=2 phase=phase2 kind=heuristic best_rc=0.031705 found=0 added=0 exhausted=False cert=False
[clean-BPC  3073.43s] node 187 cg=2 phase=phase2 kind=heuristic_boost best_rc=-0.0656415 found=1 added=1 exhausted=True cert=True
[clean-BPC  3073.47s] node 187 cg=3 phase=phase2 obj=233.079507 artificial=0.0 cols=4486
[clean-BPC  3075.51s] node 187 cg=3 phase=phase2 kind=heuristic best_rc=0.031705 found=0 added=0 exhausted=False cert=False
[clean-BPC  3078.77s] node 187 cg=3 phase=phase2 kind=heuristic_boost best_rc=0.031705 found=0 added=0 exhausted=True cert=True
[clean-BPC  3079.14s] cut_added family=schedule_nogood_core node=187 added=2 source_vehicle=1 route_count=4 signatures=[[5, 9, 19, 11], [8, 10, 14], [2, 20, 15, 4], [6, 7, 3, 1]]
[clean-BPC  3079.14s] node 188 d=15 lb=233.01185 open=96
[clean-BPC  3079.17s] node 188 cg=1 phase=phase1 obj=0.0 artificial=0.0 cols=4486
[clean-BPC  3079.20s] node 188 cg=2 phase=phase2 obj=233.061639 artificial=0.0 cols=4486
[clean-BPC  3081.35s] node 188 cg=2 phase=phase2 kind=heuristic best_rc=-0.731025834 found=4 added=4 exhausted=False cert=False
[clean-BPC  3081.38s] node 188 cg=3 phase=phase2 obj=233.04669 artificial=0.0 cols=4490
[clean-BPC  3083.55s] node 188 cg=3 phase=phase2 kind=heuristic best_rc=-0.46044 found=2 added=2 exhausted=False cert=False
[clean-BPC  3083.58s] node 188 cg=4 phase=phase2 obj=233.04669 artificial=0.0 cols=4492
[clean-BPC  3085.72s] node 188 cg=4 phase=phase2 kind=heuristic best_rc=0.46044 found=0 added=0 exhausted=False cert=False
[clean-BPC  3090.03s] node 188 cg=4 phase=phase2 kind=heuristic_boost best_rc=0.21531 found=0 added=0 exhausted=True cert=True
[clean-BPC  3090.73s] branch node 188: left=RF(6,12)=separate right=RF(6,12)=same
[clean-BPC  3090.73s] node 175 d=13 lb=233.014045 open=97
[clean-BPC  3090.77s] node 175 cg=1 phase=phase1 obj=0.0 artificial=0.0 cols=4492
[clean-BPC  3090.82s] node 175 cg=2 phase=phase2 obj=233.018826 artificial=0.0 cols=4492
[clean-BPC  3093.06s] node 175 cg=2 phase=phase2 kind=heuristic best_rc=0.090734041 found=0 added=0 exhausted=False cert=False
[clean-BPC  3097.08s] node 175 cg=2 phase=phase2 kind=heuristic_boost best_rc=0.090734041 found=0 added=0 exhausted=True cert=True
[clean-BPC  3098.05s] branch node 175: left=arc(12,7)=off right=arc(12,7)=on
[clean-BPC  3098.05s] node 176 d=13 lb=233.014045 open=98
[clean-BPC  3098.09s] node 176 cg=1 phase=phase1 obj=0.0 artificial=0.0 cols=4492
[clean-BPC  3098.12s] node 176 cg=2 phase=phase2 obj=234.730795 artificial=0.0 cols=4492
[clean-BPC  3100.50s] node 176 cg=2 phase=phase2 kind=heuristic best_rc=-0.362549 found=4 added=4 exhausted=False cert=False
[clean-BPC  3100.54s] node 176 cg=3 phase=phase2 obj=234.56041 artificial=0.0 cols=4496
[clean-BPC  3102.91s] node 176 cg=3 phase=phase2 kind=heuristic best_rc=0.061917857 found=0 added=0 exhausted=False cert=False
[clean-BPC  3110.68s] node 176 cg=3 phase=phase2 kind=heuristic_boost best_rc=-0.433572929 found=4 added=4 exhausted=True cert=True
[clean-BPC  3110.71s] node 176 cg=4 phase=phase2 obj=234.56041 artificial=0.0 cols=4500
[clean-BPC  3113.07s] node 176 cg=4 phase=phase2 kind=heuristic best_rc=0.061917857 found=0 added=0 exhausted=False cert=False
[clean-BPC  3120.82s] node 176 cg=4 phase=phase2 kind=heuristic_boost best_rc=0.0 found=0 added=0 exhausted=True cert=True
[clean-BPC  3121.52s] branch node 176: left=RF(2,3)=separate right=RF(2,3)=same
[clean-BPC  3121.52s] node 183 d=14 lb=233.017179 open=99
[clean-BPC  3121.57s] node 183 cg=1 phase=phase1 obj=0.0 artificial=0.0 cols=4500
[clean-BPC  3121.62s] node 183 cg=2 phase=phase2 obj=233.019093 artificial=0.0 cols=4500
[clean-BPC  3124.07s] node 183 cg=2 phase=phase2 kind=heuristic best_rc=0.031705 found=0 added=0 exhausted=False cert=False
[clean-BPC  3129.07s] node 183 cg=2 phase=phase2 kind=heuristic_boost best_rc=0.0 found=0 added=0 exhausted=True cert=True
[clean-BPC  3129.96s] branch node 183: left=arc(17,12)=off right=arc(17,12)=on
[clean-BPC  3129.96s] node 184 d=14 lb=233.017179 open=100
[clean-BPC  3130.01s] node 184 cg=1 phase=phase1 obj=0.0 artificial=0.0 cols=4500
[clean-BPC  3130.06s] node 184 cg=2 phase=phase2 obj=235.142012 artificial=0.0 cols=4500
[clean-BPC  3132.19s] node 184 cg=2 phase=phase2 kind=heuristic best_rc=-0.23435 found=1 added=1 exhausted=False cert=False
[clean-BPC  3132.24s] node 184 cg=3 phase=phase2 obj=235.063896 artificial=0.0 cols=4501
[clean-BPC  3134.66s] node 184 cg=3 phase=phase2 kind=heuristic best_rc=-0.0 found=0 added=0 exhausted=False cert=False
[clean-BPC  3139.66s] node 184 cg=3 phase=phase2 kind=heuristic_boost best_rc=-0.0 found=0 added=0 exhausted=True cert=True
[clean-BPC  3140.60s] branch node 184: left=RF(2,19)=separate right=RF(2,19)=same
[clean-BPC  3140.60s] node 195 d=14 lb=233.018826 open=101
[clean-BPC  3140.64s] node 195 cg=1 phase=phase1 obj=0.0 artificial=0.0 cols=4501
[clean-BPC  3140.69s] node 195 cg=2 phase=phase2 obj=233.020811 artificial=0.0 cols=4501
[clean-BPC  3142.85s] node 195 cg=2 phase=phase2 kind=heuristic best_rc=0.122483171 found=0 added=0 exhausted=False cert=False
[clean-BPC  3146.84s] node 195 cg=2 phase=phase2 kind=heuristic_boost best_rc=0.122483171 found=0 added=0 exhausted=True cert=True
[clean-BPC  3147.70s] branch node 195: left=RF(13,18)=separate right=RF(13,18)=same
[clean-BPC  3147.70s] node 196 d=14 lb=233.018826 open=102
[clean-BPC  3147.76s] node 196 cg=1 phase=phase1 obj=0.0 artificial=0.0 cols=4501
[clean-BPC  3147.81s] node 196 cg=2 phase=phase2 obj=235.142012 artificial=0.0 cols=4501
[clean-BPC  3149.95s] node 196 cg=2 phase=phase2 kind=heuristic best_rc=-0.23435 found=2 added=2 exhausted=False cert=False
[clean-BPC  3150.01s] node 196 cg=3 phase=phase2 obj=235.063896 artificial=0.0 cols=4503
[clean-BPC  3152.38s] node 196 cg=3 phase=phase2 kind=heuristic best_rc=-0.066352333 found=2 added=2 exhausted=False cert=False
[clean-BPC  3152.43s] node 196 cg=4 phase=phase2 obj=235.063896 artificial=0.0 cols=4505
[clean-BPC  3154.86s] node 196 cg=4 phase=phase2 kind=heuristic best_rc=0.031705 found=0 added=0 exhausted=False cert=False
[clean-BPC  3159.91s] node 196 cg=4 phase=phase2 kind=heuristic_boost best_rc=0.031705 found=0 added=0 exhausted=True cert=True
[clean-BPC  3160.85s] branch node 196: left=RF(2,19)=separate right=RF(2,19)=same
[clean-BPC  3160.85s] node 199 d=15 lb=233.019093 open=103
[clean-BPC  3160.90s] node 199 cg=1 phase=phase1 obj=0.0 artificial=0.0 cols=4505
[clean-BPC  3160.94s] node 199 cg=2 phase=phase2 obj=233.019093 artificial=0.0 cols=4505
[clean-BPC  3163.38s] node 199 cg=2 phase=phase2 kind=heuristic best_rc=0.031705 found=0 added=0 exhausted=False cert=False
[clean-BPC  3168.39s] node 199 cg=2 phase=phase2 kind=heuristic_boost best_rc=0.031705 found=0 added=0 exhausted=True cert=True
[clean-BPC  3169.24s] branch node 199: left=RF(2,19)=separate right=RF(2,19)=same
[clean-BPC  3169.24s] node 200 d=15 lb=233.019093 open=104
[clean-BPC  3169.29s] node 200 cg=1 phase=phase1 obj=0.0 artificial=0.0 cols=4505
[clean-BPC  3169.33s] node 200 cg=2 phase=phase2 obj=235.06499 artificial=0.0 cols=4505
[clean-BPC  3171.77s] node 200 cg=2 phase=phase2 kind=heuristic best_rc=-0.709318 found=7 added=7 exhausted=False cert=False
[clean-BPC  3171.82s] node 200 cg=3 phase=phase2 obj=235.06499 artificial=0.0 cols=4512
[clean-BPC  3173.95s] node 200 cg=3 phase=phase2 kind=heuristic best_rc=0.031705 found=0 added=0 exhausted=False cert=False
[clean-BPC  3177.65s] node 200 cg=3 phase=phase2 kind=heuristic_boost best_rc=-0.006299 found=1 added=1 exhausted=True cert=True
[clean-BPC  3177.70s] node 200 cg=4 phase=phase2 obj=235.06499 artificial=0.0 cols=4513
[clean-BPC  3179.87s] node 200 cg=4 phase=phase2 kind=heuristic best_rc=0.031705 found=0 added=0 exhausted=False cert=False
[clean-BPC  3183.56s] node 200 cg=4 phase=phase2 kind=heuristic_boost best_rc=0.031705 found=0 added=0 exhausted=True cert=True
[clean-BPC  3183.94s] cut_added family=schedule_nogood_core node=200 added=2 source_vehicle=1 route_count=4 signatures=[[5, 9, 19, 11], [6, 16, 14, 8], [4, 15, 20, 2], [1, 3, 7]]
[clean-BPC  3183.94s] node 207 d=16 lb=233.019093 open=104
[clean-BPC  3183.99s] node 207 cg=1 phase=phase1 obj=0.0 artificial=0.0 cols=4513
[clean-BPC  3184.03s] node 207 cg=2 phase=phase2 obj=233.0347 artificial=0.0 cols=4513
[clean-BPC  3186.47s] node 207 cg=2 phase=phase2 kind=heuristic best_rc=0.031705 found=0 added=0 exhausted=False cert=False
[clean-BPC  3191.36s] node 207 cg=2 phase=phase2 kind=heuristic_boost best_rc=0.031705 found=0 added=0 exhausted=True cert=True
[clean-BPC  3192.46s] branch node 207: left=RF(6,19)=separate right=RF(6,19)=same
[clean-BPC  3192.46s] node 208 d=16 lb=233.019093 open=105
[clean-BPC  3192.49s] node 208 cg=1 phase=phase1 obj=0.0 artificial=0.0 cols=4513
[clean-BPC  3192.53s] node 208 cg=2 phase=phase2 obj=234.685095 artificial=0.0 cols=4513
[clean-BPC  3194.58s] node 208 cg=2 phase=phase2 kind=heuristic best_rc=-1.382489 found=7 added=7 exhausted=False cert=False
[clean-BPC  3194.62s] node 208 cg=3 phase=phase2 obj=234.685094 artificial=0.0 cols=4520
[clean-BPC  3196.70s] node 208 cg=3 phase=phase2 kind=heuristic best_rc=0.031705 found=0 added=0 exhausted=False cert=False
[clean-BPC  3200.31s] node 208 cg=3 phase=phase2 kind=heuristic_boost best_rc=0.0 found=0 added=0 exhausted=True cert=True
[clean-BPC  3200.96s] branch node 208: left=RF(10,16)=separate right=RF(10,16)=same
[clean-BPC  3200.96s] node 203 d=15 lb=233.020811 open=106
[clean-BPC  3201.00s] node 203 cg=1 phase=phase1 obj=0.0 artificial=0.0 cols=4520
[clean-BPC  3201.05s] node 203 cg=2 phase=phase2 obj=235.261499 artificial=0.0 cols=4520
[clean-BPC  3203.11s] node 203 cg=2 phase=phase2 kind=heuristic best_rc=0.096944 found=0 added=0 exhausted=False cert=False
[clean-BPC  3206.42s] node 203 cg=2 phase=phase2 kind=heuristic_boost best_rc=0.096944 found=0 added=0 exhausted=True cert=True
[clean-BPC  3207.50s] branch node 203: left=RF(14,16)=separate right=RF(14,16)=same
[clean-BPC  3207.50s] node 204 d=15 lb=233.020811 open=107
[clean-BPC  3207.54s] node 204 cg=1 phase=phase1 obj=0.0 artificial=0.0 cols=4520
[clean-BPC  3207.58s] node 204 cg=2 phase=phase2 obj=233.025281 artificial=0.0 cols=4520
[clean-BPC  3209.70s] node 204 cg=2 phase=phase2 kind=heuristic best_rc=0.194010433 found=0 added=0 exhausted=False cert=False
[clean-BPC  3213.63s] node 204 cg=2 phase=phase2 kind=heuristic_boost best_rc=0.194010433 found=0 added=0 exhausted=True cert=True
[clean-BPC  3214.38s] branch node 204: left=RF(10,16)=separate right=RF(10,16)=same
[clean-BPC  3214.38s] node 215 d=16 lb=233.025281 open=108
[clean-BPC  3214.43s] node 215 cg=1 phase=phase1 obj=0.0 artificial=0.0 cols=4520
[clean-BPC  3214.47s] node 215 cg=2 phase=phase2 obj=233.034574 artificial=0.0 cols=4520
[clean-BPC  3216.56s] node 215 cg=2 phase=phase2 kind=heuristic best_rc=0.342704262 found=0 added=0 exhausted=False cert=False
[clean-BPC  3220.24s] node 215 cg=2 phase=phase2 kind=heuristic_boost best_rc=0.120256 found=0 added=0 exhausted=True cert=True
[clean-BPC  3220.97s] branch node 215: left=RF(4,11)=separate right=RF(4,11)=same
[clean-BPC  3220.97s] node 216 d=16 lb=233.025281 open=109
[clean-BPC  3221.00s] node 216 cg=1 phase=phase1 obj=0.0 artificial=0.0 cols=4520
[clean-BPC  3221.03s] node 216 cg=2 phase=phase2 obj=236.884757 artificial=0.0 cols=4520
[clean-BPC  3223.34s] node 216 cg=2 phase=phase2 kind=heuristic best_rc=-0.498482833 found=2 added=2 exhausted=False cert=False
[clean-BPC  3223.38s] node 216 cg=3 phase=phase2 obj=236.884757 artificial=0.0 cols=4522
[clean-BPC  3225.65s] node 216 cg=3 phase=phase2 kind=heuristic best_rc=0.0 found=0 added=0 exhausted=False cert=False
[clean-BPC  3230.81s] node 216 cg=3 phase=phase2 kind=heuristic_boost best_rc=-0.484712 found=12 added=12 exhausted=True cert=True
[clean-BPC  3230.86s] node 216 cg=4 phase=phase2 obj=236.884757 artificial=0.0 cols=4534
[clean-BPC  3233.13s] node 216 cg=4 phase=phase2 kind=heuristic best_rc=-0.022869 found=4 added=4 exhausted=False cert=False
[clean-BPC  3233.17s] node 216 cg=5 phase=phase2 obj=236.884757 artificial=0.0 cols=4538
[clean-BPC  3235.47s] node 216 cg=5 phase=phase2 kind=heuristic best_rc=0.0 found=0 added=0 exhausted=False cert=False
[clean-BPC  3240.67s] node 216 cg=5 phase=phase2 kind=heuristic_boost best_rc=0.0 found=0 added=0 exhausted=True cert=True
[clean-BPC  3241.33s] branch node 216: left=RF(4,11)=separate right=RF(4,11)=same
[clean-BPC  3241.33s] node 217 d=17 lb=233.034574 open=110
[clean-BPC  3241.38s] node 217 cg=1 phase=phase1 obj=0.0 artificial=0.0 cols=4538
[clean-BPC  3241.42s] node 217 cg=2 phase=phase2 obj=233.03646 artificial=0.0 cols=4538
[clean-BPC  3243.48s] node 217 cg=2 phase=phase2 kind=heuristic best_rc=0.366368 found=0 added=0 exhausted=False cert=False
[clean-BPC  3247.14s] node 217 cg=2 phase=phase2 kind=heuristic_boost best_rc=0.120256 found=0 added=0 exhausted=True cert=True
[clean-BPC  3247.85s] branch node 217: left=RF(1,4)=separate right=RF(1,4)=same
[clean-BPC  3247.85s] node 218 d=17 lb=233.034574 open=111
[clean-BPC  3247.88s] node 218 cg=1 phase=phase1 obj=0.0 artificial=0.0 cols=4538
[clean-BPC  3247.91s] node 218 cg=2 phase=phase2 obj=236.084891 artificial=0.0 cols=4538
[clean-BPC  3250.13s] node 218 cg=2 phase=phase2 kind=heuristic best_rc=-0.504261 found=1 added=1 exhausted=False cert=False
[clean-BPC  3250.16s] node 218 cg=3 phase=phase2 obj=236.084891 artificial=0.0 cols=4539
[clean-BPC  3252.41s] node 218 cg=3 phase=phase2 kind=heuristic best_rc=0.216752 found=0 added=0 exhausted=False cert=False
[clean-BPC  3257.04s] node 218 cg=3 phase=phase2 kind=heuristic_boost best_rc=0.145778 found=0 added=0 exhausted=True cert=True
[clean-BPC  3257.44s] cut_added family=schedule_nogood_core node=218 added=2 source_vehicle=1 route_count=4 signatures=[[2, 19, 9, 5], [6, 8, 10, 14], [4, 15, 20, 11], [7, 3, 1]]
[clean-BPC  3257.44s] node 209 d=17 lb=233.0347 open=111
[clean-BPC  3257.48s] node 209 cg=1 phase=phase1 obj=0.0 artificial=0.0 cols=4539
[clean-BPC  3257.52s] node 209 cg=2 phase=phase2 obj=233.037534 artificial=0.0 cols=4539
[clean-BPC  3259.79s] node 209 cg=2 phase=phase2 kind=heuristic best_rc=0.031705 found=0 added=0 exhausted=False cert=False
[clean-BPC  3264.00s] node 209 cg=2 phase=phase2 kind=heuristic_boost best_rc=0.031705 found=0 added=0 exhausted=True cert=True
[clean-BPC  3264.87s] branch node 209: left=RF(2,16)=separate right=RF(2,16)=same
[clean-BPC  3264.87s] node 210 d=17 lb=233.0347 open=112
[clean-BPC  3264.90s] node 210 cg=1 phase=phase1 obj=0.0 artificial=0.0 cols=4539
[clean-BPC  3264.94s] node 210 cg=2 phase=phase2 obj=236.17219 artificial=0.0 cols=4539
[clean-BPC  3266.97s] node 210 cg=2 phase=phase2 kind=heuristic best_rc=0.0 found=0 added=0 exhausted=False cert=False
[clean-BPC  3270.54s] node 210 cg=2 phase=phase2 kind=heuristic_boost best_rc=0.0 found=0 added=0 exhausted=True cert=True
[clean-BPC  3271.39s] branch node 210: left=RF(1,20)=separate right=RF(1,20)=same
[clean-BPC  3271.39s] node 222 d=18 lb=233.03646 open=113
[clean-BPC  3271.42s] node 222 cg=1 phase=phase1 obj=0.0 artificial=0.0 cols=4539
[clean-BPC  3271.45s] node 222 cg=2 phase=phase2 obj=235.517754 artificial=0.0 cols=4539
[clean-BPC  3273.73s] node 222 cg=2 phase=phase2 kind=heuristic best_rc=-2.192897 found=38 added=38 exhausted=False cert=False
[clean-BPC  3273.76s] node 222 cg=3 phase=phase2 obj=235.213515 artificial=0.0 cols=4577
[clean-BPC  3276.06s] node 222 cg=3 phase=phase2 kind=heuristic best_rc=0.031705 found=0 added=0 exhausted=False cert=False
[clean-BPC  3280.60s] node 222 cg=3 phase=phase2 kind=heuristic_boost best_rc=-0.009236 found=2 added=2 exhausted=True cert=True
[clean-BPC  3280.63s] node 222 cg=4 phase=phase2 obj=235.213515 artificial=0.0 cols=4579
[clean-BPC  3282.93s] node 222 cg=4 phase=phase2 kind=heuristic best_rc=0.036821667 found=0 added=0 exhausted=False cert=False
[clean-BPC  3287.47s] node 222 cg=4 phase=phase2 kind=heuristic_boost best_rc=0.018267 found=0 added=0 exhausted=True cert=True
[clean-BPC  3288.18s] branch node 222: left=RF(5,19)=separate right=RF(5,19)=same
[clean-BPC  3288.18s] node 221 d=18 lb=233.03646 open=114
[clean-BPC  3288.22s] node 221 cg=1 phase=phase1 obj=0.0 artificial=0.0 cols=4579
[clean-BPC  3288.26s] node 221 cg=2 phase=phase2 obj=233.059222 artificial=0.0 cols=4579
[clean-BPC  3290.29s] node 221 cg=2 phase=phase2 kind=heuristic best_rc=-0.073936171 found=1 added=1 exhausted=False cert=False
[clean-BPC  3290.33s] node 221 cg=3 phase=phase2 obj=233.058482 artificial=0.0 cols=4580
[clean-BPC  3292.38s] node 221 cg=3 phase=phase2 kind=heuristic best_rc=0.0 found=0 added=0 exhausted=False cert=False
[clean-BPC  3295.62s] node 221 cg=3 phase=phase2 kind=heuristic_boost best_rc=0.0 found=0 added=0 exhausted=True cert=True
[clean-BPC  3296.45s] branch node 221: left=arc(11,6)=off right=arc(11,6)=on
[clean-BPC  3296.45s] node 223 d=18 lb=233.037534 open=115
[clean-BPC  3296.49s] node 223 cg=1 phase=phase1 obj=0.0 artificial=0.0 cols=4580
[clean-BPC  3296.53s] node 223 cg=2 phase=phase2 obj=233.041422 artificial=0.0 cols=4580
[clean-BPC  3298.81s] node 223 cg=2 phase=phase2 kind=heuristic best_rc=-0.054005358 found=1 added=1 exhausted=False cert=False
[clean-BPC  3298.85s] node 223 cg=3 phase=phase2 obj=233.041422 artificial=0.0 cols=4581
[clean-BPC  3301.10s] node 223 cg=3 phase=phase2 kind=heuristic best_rc=0.031705 found=0 added=0 exhausted=False cert=False
[clean-BPC  3305.23s] node 223 cg=3 phase=phase2 kind=heuristic_boost best_rc=0.031705 found=0 added=0 exhausted=True cert=True
[clean-BPC  3306.02s] branch node 223: left=RF(19,20)=separate right=RF(19,20)=same
[clean-BPC  3306.02s] node 224 d=18 lb=233.037534 open=116
[clean-BPC  3306.05s] node 224 cg=1 phase=phase1 obj=0.0 artificial=0.0 cols=4581
[clean-BPC  3306.08s] node 224 cg=2 phase=phase2 obj=237.526368 artificial=0.0 cols=4581
[clean-BPC  3308.04s] node 224 cg=2 phase=phase2 kind=heuristic best_rc=-1.476077 found=24 added=24 exhausted=False cert=False
[clean-BPC  3308.07s] node 224 cg=3 phase=phase2 obj=237.081494 artificial=0.0 cols=4605
[clean-BPC  3310.01s] node 224 cg=3 phase=phase2 kind=heuristic best_rc=0.0 found=0 added=0 exhausted=False cert=False
[clean-BPC  3313.01s] node 224 cg=3 phase=phase2 kind=heuristic_boost best_rc=0.0 found=0 added=0 exhausted=True cert=True
[clean-BPC  3314.12s] cut_added family=schedule_nogood_core node=224 added=2 source_vehicle=1 route_count=3 signatures=[[6, 17, 18, 13, 7], [1, 3, 4, 15, 20], [2, 12, 16]]
[clean-BPC  3314.12s] node 99 d=8 lb=233.038737 open=116
[clean-BPC  3314.25s] node 99 cg=1 phase=phase1 obj=0.0 artificial=0.0 cols=4605
[clean-BPC  3314.39s] node 99 cg=2 phase=phase2 obj=233.295514 artificial=0.0 cols=4605
[clean-BPC  3316.98s] node 99 cg=2 phase=phase2 kind=heuristic best_rc=-0.487684 found=6 added=6 exhausted=False cert=False
[clean-BPC  3317.14s] node 99 cg=3 phase=phase2 obj=233.295514 artificial=0.0 cols=4611
[clean-BPC  3319.70s] node 99 cg=3 phase=phase2 kind=heuristic best_rc=0.0 found=0 added=0 exhausted=False cert=False
[clean-BPC  3329.49s] node 99 cg=3 phase=phase2 kind=heuristic_boost best_rc=0.0 found=0 added=0 exhausted=True cert=True
[clean-BPC  3332.19s] branch node 99: left=RF(11,17)=separate right=RF(11,17)=same
[clean-BPC  3332.19s] node 100 d=8 lb=233.038737 open=117
[clean-BPC  3332.31s] node 100 cg=1 phase=phase1 obj=0.0 artificial=0.0 cols=4611
[clean-BPC  3332.42s] node 100 cg=2 phase=phase2 obj=235.990193 artificial=0.0 cols=4611
[clean-BPC  3334.79s] node 100 cg=2 phase=phase2 kind=heuristic best_rc=-0.813265 found=22 added=22 exhausted=False cert=False
[clean-BPC  3334.92s] node 100 cg=3 phase=phase2 obj=235.720404 artificial=0.0 cols=4633
[clean-BPC  3337.33s] node 100 cg=3 phase=phase2 kind=heuristic best_rc=0.0 found=0 added=0 exhausted=False cert=False
[clean-BPC  3342.48s] node 100 cg=3 phase=phase2 kind=heuristic_boost best_rc=0.0 found=0 added=0 exhausted=True cert=True
[clean-BPC  3344.59s] branch node 100: left=RF(9,12)=separate right=RF(9,12)=same
[clean-BPC  3344.59s] node 191 d=14 lb=233.039519 open=118
[clean-BPC  3344.62s] node 191 cg=1 phase=phase1 obj=0.0 artificial=0.0 cols=4633
[clean-BPC  3344.66s] node 191 cg=2 phase=phase2 obj=233.04094 artificial=0.0 cols=4633
[clean-BPC  3347.07s] node 191 cg=2 phase=phase2 kind=heuristic best_rc=0.0 found=0 added=0 exhausted=False cert=False
[clean-BPC  3352.52s] node 191 cg=2 phase=phase2 kind=heuristic_boost best_rc=-0.0 found=0 added=0 exhausted=True cert=True
[clean-BPC  3353.20s] branch node 191: left=RF(2,19)=separate right=RF(2,19)=same
[clean-BPC  3353.20s] node 192 d=14 lb=233.039519 open=119
[clean-BPC  3353.23s] node 192 cg=1 phase=phase1 obj=0.0 artificial=0.0 cols=4633
[clean-BPC  3353.27s] node 192 cg=2 phase=phase2 obj=235.806087 artificial=0.0 cols=4633
[clean-BPC  3355.40s] node 192 cg=2 phase=phase2 kind=heuristic best_rc=0.0 found=0 added=0 exhausted=False cert=False
[clean-BPC  3359.47s] node 192 cg=2 phase=phase2 kind=heuristic_boost best_rc=-0.10113 found=2 added=2 exhausted=True cert=True
[clean-BPC  3359.50s] node 192 cg=3 phase=phase2 obj=235.806087 artificial=0.0 cols=4635
[clean-BPC  3361.66s] node 192 cg=3 phase=phase2 kind=heuristic best_rc=0.0 found=0 added=0 exhausted=False cert=False
[clean-BPC  3365.78s] node 192 cg=3 phase=phase2 kind=heuristic_boost best_rc=0.0 found=0 added=0 exhausted=True cert=True
[clean-BPC  3366.34s] branch node 192: left=RF(4,9)=separate right=RF(4,9)=same
[clean-BPC  3366.34s] node 237 d=15 lb=233.04094 open=120
[clean-BPC  3366.38s] node 237 cg=1 phase=phase1 obj=0.0 artificial=0.0 cols=4635
[clean-BPC  3366.41s] node 237 cg=2 phase=phase2 obj=233.050565 artificial=0.0 cols=4635
[clean-BPC  3368.81s] node 237 cg=2 phase=phase2 kind=heuristic best_rc=0.0 found=0 added=0 exhausted=False cert=False
[clean-BPC  3374.23s] node 237 cg=2 phase=phase2 kind=heuristic_boost best_rc=0.0 found=0 added=0 exhausted=True cert=True
[clean-BPC  3374.89s] branch node 237: left=RF(1,2)=separate right=RF(1,2)=same
[clean-BPC  3374.89s] node 238 d=15 lb=233.04094 open=121
[clean-BPC  3374.92s] node 238 cg=1 phase=phase1 obj=0.0 artificial=0.0 cols=4635
[clean-BPC  3374.94s] node 238 cg=2 phase=phase2 obj=235.290451 artificial=0.0 cols=4635
[clean-BPC  3377.11s] node 238 cg=2 phase=phase2 kind=heuristic best_rc=0.0 found=0 added=0 exhausted=False cert=False
[clean-BPC  3381.01s] node 238 cg=2 phase=phase2 kind=heuristic_boost best_rc=-0.123466 found=2 added=2 exhausted=True cert=True
[clean-BPC  3381.04s] node 238 cg=3 phase=phase2 obj=235.290451 artificial=0.0 cols=4637
[clean-BPC  3383.17s] node 238 cg=3 phase=phase2 kind=heuristic best_rc=-0.0 found=0 added=0 exhausted=False cert=False
[clean-BPC  3387.23s] node 238 cg=3 phase=phase2 kind=heuristic_boost best_rc=-0.0 found=0 added=0 exhausted=True cert=True
[clean-BPC  3387.78s] branch node 238: left=RF(10,16)=separate right=RF(10,16)=same
[clean-BPC  3387.78s] node 231 d=19 lb=233.041422 open=122
[clean-BPC  3387.82s] node 231 cg=1 phase=phase1 obj=0.0 artificial=0.0 cols=4637
[clean-BPC  3387.86s] node 231 cg=2 phase=phase2 obj=233.043562 artificial=0.0 cols=4637
[clean-BPC  3390.07s] node 231 cg=2 phase=phase2 kind=heuristic best_rc=0.031705 found=0 added=0 exhausted=False cert=False
[clean-BPC  3394.12s] node 231 cg=2 phase=phase2 kind=heuristic_boost best_rc=-0.012046496 found=2 added=2 exhausted=True cert=True
[clean-BPC  3394.16s] node 231 cg=3 phase=phase2 obj=233.043562 artificial=0.0 cols=4639
[clean-BPC  3396.42s] node 231 cg=3 phase=phase2 kind=heuristic best_rc=0.031705 found=0 added=0 exhausted=False cert=False
[clean-BPC  3400.48s] node 231 cg=3 phase=phase2 kind=heuristic_boost best_rc=0.031705 found=0 added=0 exhausted=True cert=True
[clean-BPC  3401.26s] branch node 231: left=RF(10,16)=separate right=RF(10,16)=same
[clean-BPC  3401.26s] node 232 d=19 lb=233.041422 open=123
[clean-BPC  3401.29s] node 232 cg=1 phase=phase1 obj=0.0 artificial=0.0 cols=4639
[clean-BPC  3401.33s] node 232 cg=2 phase=phase2 obj=236.825587 artificial=0.0 cols=4639
[clean-BPC  3403.48s] node 232 cg=2 phase=phase2 kind=heuristic best_rc=-0.142072 found=2 added=2 exhausted=False cert=False
[clean-BPC  3403.52s] node 232 cg=3 phase=phase2 obj=236.825587 artificial=0.0 cols=4641
[clean-BPC  3405.69s] node 232 cg=3 phase=phase2 kind=heuristic best_rc=0.120256 found=0 added=0 exhausted=False cert=False
[clean-BPC  3409.67s] node 232 cg=3 phase=phase2 kind=heuristic_boost best_rc=0.120256 found=0 added=0 exhausted=True cert=True
[clean-BPC  3410.92s] cut_added family=schedule_nogood_core node=232 added=2 source_vehicle=1 route_count=4 signatures=[[4, 15, 20, 19, 9], [8, 10, 14], [1, 3, 2], [5, 11, 12, 16]]
[clean-BPC  3410.92s] node 245 d=20 lb=233.043562 open=123
[clean-BPC  3410.95s] node 245 cg=1 phase=phase1 obj=0.0 artificial=0.0 cols=4641
[clean-BPC  3410.99s] node 245 cg=2 phase=phase2 obj=233.054773 artificial=0.0 cols=4641
[clean-BPC  3413.20s] node 245 cg=2 phase=phase2 kind=heuristic best_rc=0.0 found=0 added=0 exhausted=False cert=False
[clean-BPC  3417.05s] node 245 cg=2 phase=phase2 kind=heuristic_boost best_rc=0.0 found=0 added=0 exhausted=True cert=True
[clean-BPC  3417.85s] branch node 245: left=arc(3,2)=off right=arc(3,2)=on
[clean-BPC  3417.85s] node 246 d=20 lb=233.043562 open=124
[clean-BPC  3417.88s] node 246 cg=1 phase=phase1 obj=0.0 artificial=0.0 cols=4641
[clean-BPC  3417.91s] node 246 cg=2 phase=phase2 obj=236.31996 artificial=0.0 cols=4641
[clean-BPC  3420.05s] node 246 cg=2 phase=phase2 kind=heuristic best_rc=-0.6720245 found=19 added=19 exhausted=False cert=False
[clean-BPC  3420.08s] node 246 cg=3 phase=phase2 obj=236.286912 artificial=0.0 cols=4660
[clean-BPC  3422.25s] node 246 cg=3 phase=phase2 kind=heuristic best_rc=-0.26113975 found=3 added=3 exhausted=False cert=False
[clean-BPC  3422.28s] node 246 cg=4 phase=phase2 obj=236.286912 artificial=0.0 cols=4663
[clean-BPC  3424.44s] node 246 cg=4 phase=phase2 kind=heuristic best_rc=0.031705 found=0 added=0 exhausted=False cert=False
[clean-BPC  3428.32s] node 246 cg=4 phase=phase2 kind=heuristic_boost best_rc=0.031705 found=0 added=0 exhausted=True cert=True
[clean-BPC  3428.96s] branch node 246: left=RF(7,8)=separate right=RF(7,8)=same
[clean-BPC  3428.96s] node 193 d=16 lb=233.04669 open=125
[clean-BPC  3429.00s] node 193 cg=1 phase=phase1 obj=0.0 artificial=0.0 cols=4663
[clean-BPC  3429.05s] node 193 cg=2 phase=phase2 obj=233.05768 artificial=0.0 cols=4663
[clean-BPC  3431.11s] node 193 cg=2 phase=phase2 kind=heuristic best_rc=-0.131144034 found=1 added=1 exhausted=False cert=False
[clean-BPC  3431.14s] node 193 cg=3 phase=phase2 obj=233.05768 artificial=0.0 cols=4664
[clean-BPC  3433.25s] node 193 cg=3 phase=phase2 kind=heuristic best_rc=-0.0 found=0 added=0 exhausted=False cert=False
[clean-BPC  3436.91s] node 193 cg=3 phase=phase2 kind=heuristic_boost best_rc=-0.0 found=0 added=0 exhausted=True cert=True
[clean-BPC  3437.63s] branch node 193: left=RF(10,16)=separate right=RF(10,16)=same
[clean-BPC  3437.63s] node 194 d=16 lb=233.04669 open=126
[clean-BPC  3437.66s] node 194 cg=1 phase=phase1 obj=0.0 artificial=0.0 cols=4664
[clean-BPC  3437.69s] node 194 cg=2 phase=phase2 obj=236.413152 artificial=0.0 cols=4664
[clean-BPC  3439.78s] node 194 cg=2 phase=phase2 kind=heuristic best_rc=0.120256 found=0 added=0 exhausted=False cert=False
[clean-BPC  3443.92s] node 194 cg=2 phase=phase2 kind=heuristic_boost best_rc=0.120256 found=0 added=0 exhausted=True cert=True
[clean-BPC  3444.53s] branch node 194: left=RF(10,16)=separate right=RF(10,16)=same
[clean-BPC  3444.53s] node 241 d=16 lb=233.050565 open=127
[clean-BPC  3444.57s] node 241 cg=1 phase=phase1 obj=0.0 artificial=0.0 cols=4664
[clean-BPC  3444.60s] node 241 cg=2 phase=phase2 obj=233.062236 artificial=0.0 cols=4664
[clean-BPC  3446.92s] node 241 cg=2 phase=phase2 kind=heuristic best_rc=-0.0169162 found=1 added=1 exhausted=False cert=False
[clean-BPC  3446.95s] node 241 cg=3 phase=phase2 obj=233.062236 artificial=0.0 cols=4665
[clean-BPC  3449.28s] node 241 cg=3 phase=phase2 kind=heuristic best_rc=-0.0 found=0 added=0 exhausted=False cert=False
[clean-BPC  3455.55s] node 241 cg=3 phase=phase2 kind=heuristic_boost best_rc=-0.0 found=0 added=0 exhausted=True cert=True
[clean-BPC  3456.17s] branch node 241: left=RF(11,16)=separate right=RF(11,16)=same
[clean-BPC  3456.17s] node 242 d=16 lb=233.050565 open=128
[clean-BPC  3456.20s] node 242 cg=1 phase=phase1 obj=0.0 artificial=0.0 cols=4665
[clean-BPC  3456.23s] node 242 cg=2 phase=phase2 obj=235.676595 artificial=0.0 cols=4665
[clean-BPC  3458.68s] node 242 cg=2 phase=phase2 kind=heuristic best_rc=-8.6076375 found=454 added=454 exhausted=False cert=False
[clean-BPC  3458.76s] node 242 cg=3 phase=phase2 obj=235.676595 artificial=0.0 cols=5119
[clean-BPC  3460.83s] node 242 cg=3 phase=phase2 kind=heuristic best_rc=-0.355644 found=6 added=6 exhausted=False cert=False
[clean-BPC  3460.89s] node 242 cg=4 phase=phase2 obj=235.676595 artificial=0.0 cols=5125
[clean-BPC  3463.00s] node 242 cg=4 phase=phase2 kind=heuristic best_rc=0.0 found=0 added=0 exhausted=False cert=False
[clean-BPC  3466.84s] node 242 cg=4 phase=phase2 kind=heuristic_boost best_rc=-0.737455 found=9 added=9 exhausted=True cert=True
[clean-BPC  3466.90s] node 242 cg=5 phase=phase2 obj=235.676595 artificial=0.0 cols=5134
[clean-BPC  3469.24s] node 242 cg=5 phase=phase2 kind=heuristic best_rc=0.0 found=0 added=0 exhausted=False cert=False
[clean-BPC  3474.56s] node 242 cg=5 phase=phase2 kind=heuristic_boost best_rc=-1.212255667 found=12 added=12 exhausted=True cert=True
[clean-BPC  3474.62s] node 242 cg=6 phase=phase2 obj=235.676595 artificial=0.0 cols=5146
[clean-BPC  3476.71s] node 242 cg=6 phase=phase2 kind=heuristic best_rc=0.0 found=0 added=0 exhausted=False cert=False
[clean-BPC  3480.57s] node 242 cg=6 phase=phase2 kind=heuristic_boost best_rc=-0.811828 found=2 added=2 exhausted=True cert=True
[clean-BPC  3480.63s] node 242 cg=7 phase=phase2 obj=235.676595 artificial=0.0 cols=5148
[clean-BPC  3482.72s] node 242 cg=7 phase=phase2 kind=heuristic best_rc=0.0 found=0 added=0 exhausted=False cert=False
[clean-BPC  3486.54s] node 242 cg=7 phase=phase2 kind=heuristic_boost best_rc=0.0 found=0 added=0 exhausted=True cert=True
[clean-BPC  3487.54s] branch node 242: left=RF(10,16)=separate right=RF(10,16)=same
[clean-BPC  3487.54s] node 247 d=21 lb=233.054773 open=129
[clean-BPC  3487.60s] node 247 cg=1 phase=phase1 obj=0.0 artificial=0.0 cols=5148
[clean-BPC  3487.66s] node 247 cg=2 phase=phase2 obj=233.054773 artificial=0.0 cols=5148
[clean-BPC  3489.89s] node 247 cg=2 phase=phase2 kind=heuristic best_rc=0.031705 found=0 added=0 exhausted=False cert=False
[clean-BPC  3493.71s] node 247 cg=2 phase=phase2 kind=heuristic_boost best_rc=0.031705 found=0 added=0 exhausted=True cert=True
[clean-BPC  3494.79s] branch node 247: left=RF(1,20)=separate right=RF(1,20)=same
[clean-BPC  3494.79s] node 248 d=21 lb=233.054773 open=130
[clean-BPC  3494.85s] node 248 cg=1 phase=phase1 obj=0.0 artificial=0.0 cols=5148
[clean-BPC  3494.93s] node 248 cg=2 phase=phase2 obj=238.183192 artificial=0.0 cols=5148
[clean-BPC  3497.11s] node 248 cg=2 phase=phase2 kind=heuristic best_rc=-0.324079 found=1 added=1 exhausted=False cert=False
[clean-BPC  3497.17s] node 248 cg=3 phase=phase2 obj=237.859113 artificial=0.0 cols=5149
[clean-BPC  3499.48s] node 248 cg=3 phase=phase2 kind=heuristic best_rc=-0.0 found=0 added=0 exhausted=False cert=False
[clean-BPC  3503.96s] node 248 cg=3 phase=phase2 kind=heuristic_boost best_rc=-0.0 found=0 added=0 exhausted=True cert=True
[clean-BPC  3505.41s] cut_added family=schedule_nogood_core node=248 added=2 source_vehicle=1 route_count=4 signatures=[[6, 17, 18, 13, 7], [8, 10, 14], [1, 3, 2], [4, 15, 20, 12, 16]]
[clean-BPC  3505.41s] node 259 d=22 lb=233.054773 open=130
[clean-BPC  3505.49s] node 259 cg=1 phase=phase1 obj=0.0 artificial=0.0 cols=5149
[clean-BPC  3505.54s] node 259 cg=2 phase=phase2 obj=233.070338 artificial=0.0 cols=5149
[clean-BPC  3507.76s] node 259 cg=2 phase=phase2 kind=heuristic best_rc=-0.4694975 found=4 added=4 exhausted=False cert=False
[clean-BPC  3507.81s] node 259 cg=3 phase=phase2 obj=233.06813 artificial=0.0 cols=5153
[clean-BPC  3510.03s] node 259 cg=3 phase=phase2 kind=heuristic best_rc=0.499942727 found=0 added=0 exhausted=False cert=False
[clean-BPC  3513.81s] node 259 cg=3 phase=phase2 kind=heuristic_boost best_rc=0.407363818 found=0 added=0 exhausted=True cert=True
[clean-BPC  3514.88s] branch node 259: left=RF(3,6)=separate right=RF(3,6)=same
[clean-BPC  3514.88s] node 260 d=22 lb=233.054773 open=131
[clean-BPC  3514.92s] node 260 cg=1 phase=phase1 obj=0.0 artificial=0.0 cols=5153
[clean-BPC  3514.96s] node 260 cg=2 phase=phase2 obj=237.34804 artificial=0.0 cols=5153
[clean-BPC  3517.12s] node 260 cg=2 phase=phase2 kind=heuristic best_rc=-0.204377 found=8 added=8 exhausted=False cert=False
[clean-BPC  3517.17s] node 260 cg=3 phase=phase2 obj=237.346964 artificial=0.0 cols=5161
[clean-BPC  3519.36s] node 260 cg=3 phase=phase2 kind=heuristic best_rc=0.023745 found=0 added=0 exhausted=False cert=False
[clean-BPC  3522.72s] node 260 cg=3 phase=phase2 kind=heuristic_boost best_rc=0.023745 found=0 added=0 exhausted=True cert=True
[clean-BPC  3523.50s] branch node 260: left=RF(5,19)=separate right=RF(5,19)=same
[clean-BPC  3523.50s] node 251 d=17 lb=233.05768 open=132
[clean-BPC  3523.57s] node 251 cg=1 phase=phase1 obj=0.0 artificial=0.0 cols=5161
[clean-BPC  3523.63s] node 251 cg=2 phase=phase2 obj=233.061356 artificial=0.0 cols=5161
[clean-BPC  3525.67s] node 251 cg=2 phase=phase2 kind=heuristic best_rc=-0.0 found=0 added=0 exhausted=False cert=False
[clean-BPC  3529.14s] node 251 cg=2 phase=phase2 kind=heuristic_boost best_rc=-0.0 found=0 added=0 exhausted=True cert=True
[clean-BPC  3530.36s] branch node 251: left=RF(11,16)=separate right=RF(11,16)=same
[clean-BPC  3530.36s] node 252 d=17 lb=233.05768 open=133
[clean-BPC  3530.40s] node 252 cg=1 phase=phase1 obj=0.0 artificial=0.0 cols=5161
[clean-BPC  3530.45s] node 252 cg=2 phase=phase2 obj=239.245476 artificial=0.0 cols=5161
[clean-BPC  3532.41s] node 252 cg=2 phase=phase2 kind=heuristic best_rc=-1.640574 found=23 added=23 exhausted=False cert=False
[clean-BPC  3532.46s] node 252 cg=3 phase=phase2 obj=238.769993 artificial=0.0 cols=5184
[clean-BPC  3534.42s] node 252 cg=3 phase=phase2 kind=heuristic best_rc=0.0 found=0 added=0 exhausted=False cert=False
[clean-BPC  3537.57s] node 252 cg=3 phase=phase2 kind=heuristic_boost best_rc=0.0 found=0 added=0 exhausted=True cert=True
[clean-BPC  3538.46s] cut_added family=schedule_nogood_core node=252 added=2 source_vehicle=1 route_count=4 signatures=[[8, 14, 3, 1], [2, 20, 15, 4], [7, 13, 18, 17, 12], [6, 16, 10]]
[clean-BPC  3538.46s] node 229 d=19 lb=233.058482 open=133
[clean-BPC  3538.52s] node 229 cg=1 phase=phase1 obj=0.0 artificial=0.0 cols=5184
[clean-BPC  3538.58s] node 229 cg=2 phase=phase2 obj=233.059222 artificial=0.0 cols=5184
[clean-BPC  3540.66s] node 229 cg=2 phase=phase2 kind=heuristic best_rc=-0.669101439 found=1 added=1 exhausted=False cert=False
[clean-BPC  3540.73s] node 229 cg=3 phase=phase2 obj=233.059222 artificial=0.0 cols=5185
[clean-BPC  3542.80s] node 229 cg=3 phase=phase2 kind=heuristic best_rc=0.0 found=0 added=0 exhausted=False cert=False
[clean-BPC  3546.17s] node 229 cg=3 phase=phase2 kind=heuristic_boost best_rc=0.0 found=0 added=0 exhausted=True cert=True
[clean-BPC  3547.20s] branch node 229: left=RF(15,19)=separate right=RF(15,19)=same
[clean-BPC  3547.20s] node 230 d=19 lb=233.058482 open=134
[clean-BPC  3547.26s] node 230 cg=1 phase=phase1 obj=0.0 artificial=0.0 cols=5185
[clean-BPC  3547.33s] node 230 cg=2 phase=phase2 obj=237.92716 artificial=0.0 cols=5185
[clean-BPC  3549.38s] node 230 cg=2 phase=phase2 kind=heuristic best_rc=-0.51268 found=6 added=6 exhausted=False cert=False
[clean-BPC  3549.44s] node 230 cg=3 phase=phase2 obj=237.803608 artificial=0.0 cols=5191
[clean-BPC  3551.45s] node 230 cg=3 phase=phase2 kind=heuristic best_rc=-0.249960333 found=5 added=5 exhausted=False cert=False
[clean-BPC  3551.51s] node 230 cg=4 phase=phase2 obj=237.803608 artificial=0.0 cols=5196
[clean-BPC  3553.56s] node 230 cg=4 phase=phase2 kind=heuristic best_rc=0.394992 found=0 added=0 exhausted=False cert=False
[clean-BPC  3556.65s] node 230 cg=4 phase=phase2 kind=heuristic_boost best_rc=0.0 found=0 added=0 exhausted=True cert=True
[clean-BPC  3557.77s] branch node 230: left=arc(9,7)=off right=arc(9,7)=on
[clean-BPC  3557.77s] node 267 d=20 lb=233.059222 open=135
[clean-BPC  3557.83s] node 267 cg=1 phase=phase1 obj=0.0 artificial=0.0 cols=5196
[clean-BPC  3557.91s] node 267 cg=2 phase=phase2 obj=233.06813 artificial=0.0 cols=5196
[clean-BPC  3559.94s] node 267 cg=2 phase=phase2 kind=heuristic best_rc=-0.0 found=0 added=0 exhausted=False cert=False
[clean-BPC  3562.75s] node 267 cg=2 phase=phase2 kind=heuristic_boost best_rc=-0.0 found=0 added=0 exhausted=True cert=True
[clean-BPC  3563.85s] branch node 267: left=RF(3,6)=separate right=RF(3,6)=same
[clean-BPC  3563.85s] node 268 d=20 lb=233.059222 open=136
[clean-BPC  3563.91s] node 268 cg=1 phase=phase1 obj=0.0 artificial=0.0 cols=5196
[clean-BPC  3563.95s] node 268 cg=2 phase=phase2 obj=235.051365 artificial=0.0 cols=5196
[clean-BPC  3565.91s] node 268 cg=2 phase=phase2 kind=heuristic best_rc=0.952431 found=0 added=0 exhausted=False cert=False
[clean-BPC  3568.89s] node 268 cg=2 phase=phase2 kind=heuristic_boost best_rc=0.952431 found=0 added=0 exhausted=True cert=True
[clean-BPC  3570.26s] cut_added family=schedule_nogood_core node=268 added=2 source_vehicle=1 route_count=4 signatures=[[4, 15, 20, 19, 9], [2, 11, 5], [6, 8, 10, 14], [7, 3, 1]]
[clean-BPC  3570.26s] node 265 d=18 lb=233.061356 open=136
[clean-BPC  3570.32s] node 265 cg=1 phase=phase1 obj=0.0 artificial=0.0 cols=5196
[clean-BPC  3570.37s] node 265 cg=2 phase=phase2 obj=233.064861 artificial=0.0 cols=5196
[clean-BPC  3572.38s] node 265 cg=2 phase=phase2 kind=heuristic best_rc=0.0 found=0 added=0 exhausted=False cert=False
[clean-BPC  3575.74s] node 265 cg=2 phase=phase2 kind=heuristic_boost best_rc=0.0 found=0 added=0 exhausted=True cert=True
[clean-BPC  3576.74s] branch node 265: left=RF(4,11)=separate right=RF(4,11)=same
[clean-BPC  3576.74s] node 266 d=18 lb=233.061356 open=137
[clean-BPC  3576.79s] node 266 cg=1 phase=phase1 obj=0.0 artificial=0.0 cols=5196
[clean-BPC  3576.84s] node 266 cg=2 phase=phase2 obj=236.966163 artificial=0.0 cols=5196
[clean-BPC  3578.82s] node 266 cg=2 phase=phase2 kind=heuristic best_rc=-0.667678 found=8 added=8 exhausted=False cert=False
[clean-BPC  3578.87s] node 266 cg=3 phase=phase2 obj=236.743604 artificial=0.0 cols=5204
[clean-BPC  3580.85s] node 266 cg=3 phase=phase2 kind=heuristic best_rc=0.120256 found=0 added=0 exhausted=False cert=False
[clean-BPC  3584.00s] node 266 cg=3 phase=phase2 kind=heuristic_boost best_rc=0.120256 found=0 added=0 exhausted=True cert=True
[clean-BPC  3584.92s] branch node 266: left=RF(2,19)=separate right=RF(2,19)=same
[clean-BPC  3584.92s] node 255 d=17 lb=233.062236 open=138
[clean-BPC  3584.97s] node 255 cg=1 phase=phase1 obj=0.0 artificial=0.0 cols=5204
[clean-BPC  3585.03s] node 255 cg=2 phase=phase2 obj=233.070338 artificial=0.0 cols=5204
[clean-BPC  3587.32s] node 255 cg=2 phase=phase2 kind=heuristic best_rc=-0.514382333 found=6 added=6 exhausted=False cert=False
[clean-BPC  3587.38s] node 255 cg=3 phase=phase2 obj=233.070338 artificial=0.0 cols=5210
[clean-BPC  3589.71s] node 255 cg=3 phase=phase2 kind=heuristic best_rc=0.072761 found=0 added=0 exhausted=False cert=False
[clean-BPC  3595.84s] node 255 cg=3 phase=phase2 kind=heuristic_boost best_rc=0.0 found=0 added=0 exhausted=True cert=True
[clean-BPC  3597.09s] branch node 255: left=arc(14,10)=off right=arc(14,10)=on
[clean-BPC  3597.09s] node 256 d=17 lb=233.062236 open=139
[clean-BPC  3597.14s] node 256 cg=1 phase=phase1 obj=0.0 artificial=0.0 cols=5210
[clean-BPC  3597.18s] node 256 cg=2 phase=phase2 obj=235.420968 artificial=0.0 cols=5210
[clean-BPC  3599.26s] node 256 cg=2 phase=phase2 kind=heuristic best_rc=-0.408324 found=1 added=1 exhausted=False cert=False
[clean-BPC  3599.32s] node 256 cg=3 phase=phase2 obj=235.420968 artificial=0.0 cols=5211
[clean-BPC  3601.37s] node 256 cg=3 phase=phase2 kind=heuristic best_rc=0.0 found=0 added=0 exhausted=False cert=False
[clean-BPC  3605.12s] node 256 cg=3 phase=phase2 kind=heuristic_boost best_rc=0.0 found=0 added=0 exhausted=True cert=True
[clean-BPC  3605.12s] fathom node 256: reason=time_limit_after_node_certificate bound=235.420968
[clean-BPC  3605.12s] finish status=TIME_LIMIT primal=333.007621 dual=None gap=None cuts=116 diag_dual=233.064861 diag_gap=0.300122 crossing=8 crossing_upgraded=0 pair=16 clique=0 route_pack=3 nogood=94 sched_cap=0
bench_20_03: status=TIME_LIMIT, primal=333.007621, dual=None, gap=None, diag_dual=233.064861, diag_gap=0.300122, time=3605.122634s, nodes=191, rmp=557, pricing=619, routes=5211, cuts=116, crossing=8, crossing_upgraded=0, rci=8, kpath=0, pair=16, clique=0, route_pack=3, nogood=94, sched_cap=0, rim_calls=13, rim_feasible=1, rim_rejected=187, rim_pair=15, rim_ng=352, rim_sched_cap=0, cuts_purged=5, branch_test_time=201.693165s
clean BPC CSV 已写入：/home/kai/work/gnn_bb/branchpricecut/results/benchmark/20260519_212238_bpc_clean_routepack_diag_20_01_03/summary.csv
